page_no|page_text|gloss_thing
2a| Присꙑланиѥ антиоха чрьнориꙁ͗цѧ лаврꙑ ст҃ааго оц҃ѧ савꙑ• къ ѥвстаѳю игѹменѹ монастирѧ ат͗талины града анькурꙑ галатиискыꙗ Понеже наѱа ми честьнꙑи от҃че евьстаѳе мъногѫ скръбь прѣтрьпѣвати: мѣсто ѡтъ мѣста: и странѫ отъ странꙑ прѣходѧщи: боꙗꙁниѭ о͗дрьжѧщѧꙗ халдѣискꙑꙗ виꙗли: алчѫ же: и жаждѧ искѹсѫ приꙗти• не хлѣба ни водꙑ• нъ по реченѹмѹ слꙑшати слово•|
2b| г҃не ꙁане не мощи вамъ тѧжести кънижънꙑꙗ носити: ни же въ мѣстѣхъ въ нихъже приходите• обрѣтати ѹдобьнѣ въꙁискаѥмъихъ: повелѣлъ же ѥси моѥмѹ ѹмалениѭ въ кратъцѣ ѡтъ вьсѣхъ посълати ти бж҃ьствьнъихъ кънигъ: ветъхꙑихъ и новꙑихъ: ꙗко да ни тѧготѣ вамъ бꙑти ношениꙗ: ни пакꙑ беꙁъ остатъка|
2c| бꙑти чесого⸱ потѧꙁаѭщиихъ на польꙁѫ и сп҃сениѥ д҃ши: Послѹшавъ спѣшънѣ вашего повелѣниꙗ: абиѥ съставъ вьсѧ въꙁискаѥмꙑꙗ вами отъ с҃тꙑихъ кънигъ и на с҃псениѥ главꙑ: съвъкѹпленꙑ⸱ и раꙁлѫченꙑ отъ себе: ꙗко ни сънитиꙗ ни съмѣса пострадати чътѹщѫѹмѹ: сьꙗ посълахъ вашемѹ б҃олюбиѭ: ꙗже приѥмлѧ: б҃ѹ ѹбо подобьноѥ славословиѥ и благодариѥ въсъли:|
2d| съврьшаѭщѫѹмѹ силѹ своѭ въ немощи: насъ же приꙗтьнꙑми твоими молитвами въсплащаи: ꙗко да по б҃жиѭ ѹгодиѭ: прочеѥ лѣто живота нашего съконьчѧѥмъ⸱ аще ли чъто ꙗкоже недостижъно ѡбрѧщеши: то милованиѥ въꙁдаи: и грѹбости: и потъщаниѭ повелѣниꙗ: а понеже и се присъла драгꙑи оч҃е: ꙗко да напишемъ ти: ꙗже о с҃тꙑихъ о҃цихъ нашеꙗ лаврꙑ: аще истиньна сѹть:|
3a| ꙗже рѣсте слꙑшати отъ мъногъ: и добрѣ житии же и о ѹбьѥнъихъ: невѣрьна сѹща: и слѹха прѣходѧщѧ: нѹждъно непьщевахъ прѣжде въ малѣ ꙁнаменати вамъ ꙗже о нихъ: ти тако ѹчинити б҃жъствьнꙑихъ кънигъ главꙑ: И о добродѣтельнѣмъ же ихъ житиї: не настоꙗщааго ѥсть врѣмене: ни моѥго ꙗꙁꙑка съповѣдаати: се же тъчиѭ рекѹ: ꙗко по истинѣ чловѣци бѣша|
3b| б҃жии: аще подобаѥть члв҃кꙑ ꙗ ꙁъвати а не анг҃лꙑ: постомь же и беꙁмлъвьѥмь: и трѹдꙑ отъ ѹности ꙁа благочьстиѥ състарѣвъше сѧ: стари: с҃толѣпьни: сѣди власꙑ: и раꙁѹмомь: блаꙁи: съмѣрени: мѹдри: кротъци: цѣломѫдрьни: истин͗ни: непорочъни: правьдиви: богочъстиви: огрѣбаѭще сѧ отъ вьсеꙗ ꙁълꙑ вещи: бескѫдьни: вьсѣхъ благъ исплънени же б҃жиꙗ любъве: ови ихъ прѣшъдъше съто лѣтъ⸱|
3c| въ беꙁмлъвии живъше: ѡтъ н҃ тъ и ѯ҃ тъ лѣтъ: и не исходѧще отинѹдь иꙁ лаврꙑ: ови же ни въ цръкъвь иꙁлаꙁѧще: ни града же видѣвъше: отънелѣ ѹединѣша: дѣтельми вьсѣми ѹкрасовани: ꙁемьнии анг҃ли: и небесьниї чл҃вци: тѣмь и такѫ коньчинѹ опростиша: и почъсть побѣдꙑ приꙗша: нашъдъшемъ бо иꙁмаилитомъ: нашеи лаврѣ: прѣжде единоꙗ недѣлѧ прѣꙗтиꙗ ст҃ааго|
3d| града: и вьсѧ црькъвьнꙑꙗ свѧщенꙑꙗ съсѹдꙑ раꙁграбльшемъ: мъноꙁи оц҃и абиѥ отъбѣгоша• осташа же крѣпъции раби хв҃и въ лаврѣ: не хотѧще оставити мѣста: варвари же имавъше ꙗ: и по мъногꙑ дьни мѹчивъше: непьщѫѭще⸱ имѣниꙗ обрѣсти: ѹ нихъже ничъсоже вѣка сего не бѧаше: коньчънѣѥ мꙑсли своѥꙗ отъпадъше: неистовьни бꙑвъше вьсѧ на ѹдꙑ растесаша:|
4a| блажении же веселѹѭще сѧ свѣтьломь лицемь благодарьнѣ д҃ша своꙗ г҃ѹ отъдаша: ꙗко иꙁдавна желаниѥ имѫще раꙁдрѣшити сѧ и съ х҃мь бꙑти: поврьженомъ же тѣлесемъ ихъ на мъногꙑ дьни непогребеномъ⸱ приидохомъ мꙑ отъ аравиꙗ: и о҃ць же никомидъ ѹꙁьрѣвъ мильнаѩ та видѣниꙗ о҃ць: прѣнемогъ въ малѣ рещи вьꙁѧтъ бꙑсть мрьтвъ: модестъ же прѣподобьнꙑи пристѹпль|
4b| вьсѧ тѣлеса с҃тꙑихъ събьравъ омꙑ: мъного же приплакавъ и охапавъ ст҃ꙑꙗ и трьпѣливꙑꙗ ихъ мощи: положи въ ложихъ оч҃ихъ: сътворь же надъ ними обꙑчъноѥ правило: прирече имъ исаиино слово г҃лѫщеѥ: мѫжи правьдиви въꙁемлють сѧ: и никътоже не раꙁѹмѣѥть: отъ лицѧ неправьдꙑ вьꙁѧтъ сѧ правьдьникъ: бѫдеть въ мирѣ погребениѥ ѥго: и д҃ша|
4c| правьдьнꙑихъ въ рѫцѣ б҃жиї и не прикоснеть сѧ ихъ мѫка: они же ѹсть въ мирѣ: и ѹпъваниѥ ихъ бесъмрьтиꙗ исплънь: малꙑ покаꙁани: вельми благодѣтиѭ свьтѧть сѧ⸱ ꙗко б҃ъ искѹси ꙗ: и обрѣте ꙗ достоинꙑ себѣ: и ꙗко вьсеплодьнꙑꙗ жрътвꙑ приꙗтъ ꙗ: и въ врѣмѧ посѣщениꙗ ихъ въсьꙗѭть: и си о ст҃ꙑихъ оц҃ихъ нашихъ рекъ: молѧаше вьсѧ нꙑ не оставити мѣста|
4d| того: нъ трьпѣти добльнѣ въ напастьхъ: помьнѧще г҃а г҃лѫща: ꙗко тѣсна сѹть врата и ѹꙁъкъ пѫть въводѧи въ жиꙁнь: И апостола⸱ ꙗко мъногами скръбьми подобаѥть намъ вънити въ цеср҃ство: небесъ: слѹшавъше же ѹчениꙗ ѥго: прѣбꙑхомъ въ лаврѣ ꙗко на дъва мѣсѧцѧ: и пакꙑ слѹхѹ варварьскѹ бꙑвъшѫ: ѹбоꙗвъше сѧ събѣгохомъ въ манастꙑрь блиꙁъ ст҃ааго града|
5a| ꙗко отъ стадиї :к҃: нарицѧѥмꙑи оц҃ѧ анастаса: никогоже тъгда имѹща: и сътворьше дъвѣ лѣтѣ въ немь: пакꙑ молими бꙑхомъ реченꙑимь прѣподобьнꙑимь модестомь въꙁвратити сѧ и жити въ мѣстѣ нашемь: послѹшавъше же благааго съвѣта ѥго: ови абиѥ въꙁидихомъ и въселихомъ сѧ въ лаврѹ: ови же и маломь поꙁдѣѥ страхꙑ ближънюѭщиїхъ насъ срацинъ: етери же и въ|
5b| томь манастꙑри осташа: кѹпьно съ иустиномь: прѣподобьнꙑимь ихъ игѹменомь: остригъшемъ сѧ въ лаврѣ: и мънога лѣта въ неи сътворьшемъ: и въ мъногахъ дѣтельхъ просиꙗвъшемъ: ꙗко и проꙁвютерьскꙑимь саномь ѥмѹ почътенѹ бꙑти: иже б҃очъстивꙑи июстинъ: мъногѹ дрѹжинѫ въ томь манастꙑри х҃воѭ благодѣтиѭ събьра:дрьжа правило неиꙁмѣн͗нѣ лаврьскоѥ:|
5c| и прочеѥ ѹстроѥниѥ: и никъже не имать обрѣсти въ вьсеи палестинии: или въ иномь обьщении: такого д҃ховьна ѹстроѥниꙗ: цвьтеть же и растеть колижъдо: и стрьблѧ по исаакѹ велии бꙑваѥть: ꙗко отъ сего радовати сѧ намъ поѹчаѭщемъ сѧ добрѣ: ꙁане въ вьсеи странѣ сьꙗѥть свѣтиломъ тъчъно: сѣмѧ прѣподобьнааго оц҃ѧ нашего савꙑ: мꙑ же съмѣрении б҃жиѥѭ|
5d| благодѣтиѭ: и тъщаниѥмь прѣждереченааго прѣподобьнааго модеста: въ беꙁмлъвии сѣдимъ: паче прѣждъниїхъ лѣтъ хвалѧще и славѧще б҃а: ѹмрьщвѧѭщааго и животворѧща и творѧща чѹдеса велиꙗ единого: ѹмилосрьди бо сѧ на насъ благость ѥго: и на спѣхъ великъ приведе мѣсто наше: елико противѹ врѣменемъ: прѣжде работавъшиихъ ѥмѹ: ради|
6a| присно въ немь ст҃ꙑихъ рабъ ѥго: дарова же намъ от҃цѧ и пастѹха благость ѥго: достоина промꙑсла своѥго: ѳомѹ прѣподобьнааго: хꙑтра сѫща и вьсѣми дѣтельми ѹкрашена: живъшааго ѡтъ дѣтьска беꙁмлъвьномь житиѥмь и постомь: кротъкааго и братолюбьцѧ и милостивьнаго: съмѣренааго срьдьцемъ: о молитвѣ и о правилѣ теплааго: тѣмьже и б҃ъ въ игѹменьство ѥго въ пространьство|
6b| приведе ѹченикꙑ ѥго: Число же иꙁбиѥнꙑихъ оц҃ь ѥсть именъ: м҃д: бꙑваѥть же памѧть ихъ: мѣсѧцѧ маиѧ: въ е҃⸱ благодѣтиѭ же х҃воѭ и спѣхомь прѣждереченааго прѣподобьнааго оц҃ѧ нашего модеста: живѹть и въ прочиїхъ моностꙑрихъ пѹстꙑньнъихъ: Се ѹже чьстьнꙑи от҃че еѵстаѳе: въ кратъцѣ ꙗже о с҃тꙑихъ оц҃ихъ нашихъ и + лаврѣ: въꙁвѣстихъ вашемѹ|+ о
6c| б҃олюбью: и ина же благовѣщениꙗ радость творѧща вашеи дш҃и и вьсемѹ крьстиꙗнѹ слꙑшащѹѹмѹ ꙗ: благовѣщаѭ вамъ: прѣждереченꙑи бо прѣподобьнꙑи модестъ: не тъчиѭ пѹстꙑньнꙑꙗ строить моностꙑрѧ: нъ и градꙑ вьсѧ живѹщаꙗ окръстъ: б҃ѹ поспѣваѭщѹ ѥмѹ о вьсемь: сь бо ꙗкоже ѥ истина: новꙑи нашъ веселеиль: ли ꙁоровавель:|
6d| исплънь сѧ дх҃а с҃та: въꙁдвиже и пожъженꙑꙗ чьстьнꙑꙗ црькъви съпаса нашего х҃а: ст҃оѥ же и краниѥ: и ст҃оѥ ѥго въстааниѥ: и храмъ чъстьнааго кръста: и матере црькъвь сиона: и ст҃оѥ ѥго въꙁитиѥ: и прочѧꙗ чьстьнꙑꙗ храмꙑ: ꙗко ѡтъ сего благꙑ надеждѧ имѣти намъ и о бѹдѹщиихъ: паче же отъ кромѣшъниихъ странъ приходѧщиимъ на покланѧниѥ ст҃ꙑихъ|
7a| мѣстъ: и вьсѣмъ славити б҃а: ꙗко томѹ подобаѥть слава въ вѣкꙑ вѣкъ амин͗ ∞ тогожде анътиѡха прологъ: ,,,,,,, Рече въ пѣсньхъ соломонъ: шесть десѧтъ ѥсть цесариць: и осмь десѧтъ женимъ: и дѣвиць ихъже нѣсть числа: мꙑ ѹбо по нашемѹ достижениѭ ⸱ ѯ҃: цср҃иць: челеснꙑꙗ гл҃емъ бꙑти кънигꙑ: сирѣчъ шесть десѧтꙑꙗ ꙁавѣщанꙑꙗ: ветъхааго же и новааго ꙁавѣта:|
7b| осмьдесѧтъ же женимъ: неприлагаѥмꙑꙗ: гл҃емꙑꙗ потаѥнꙑ: женимꙑ же именѹѭ ꙁане беꙁ дрьꙁновениꙗ и любодѣицѧ сѹть: дѣвицѧ же: реченꙑꙗ новꙑꙗ повѣсти црькъвьнꙑихъ ѹчитель: ꙁа чистотѹ словесе ихъ: дѣвицѧ бо: чистꙑ именѹѭть сѧ: рече бо: да поищѹть цесарю дѣвицѧ дѣвоѭ: и обрѣтоша суманитѣнꙑию да съгрѣѥть|
7c| и: сирѣчь небесьнꙑꙗ раꙁѹмꙑ: и пѣваꙗ речеть: съгрѣ сѧ срьдьце моѥ въ мънѣ: и въ поѹчении моѥмь раꙁгорить сѧ огнь: суманитѣнꙑни же небеснаꙗ съкаꙁаѥть сѧ: и пьшеницѧ ѭнотамъ: и вино благовонюꙗ дѣвꙑ: бескврьньнии бо ѡтъ одъждениꙗ небесьнааго хлѣба кръмѧть сѧ: прѣбꙑваѭщааго въ жиꙁнь вѣчънѹѭ: и питиѥ ихъ отъ кратꙑри истиньнꙑꙗ лоꙁꙑ: и бескврьньнꙑихъ|
7d| речениꙗ чиста: и словеса правьдьникъ прѣчиста по кънигамъ: бещисльнꙑ же гл҃ѫть сѧ: ꙁа мъножъство и беꙁмѣриѥ словесе ѹчительства ихъ: отъ постава ѹбо :ѯ҃: цср҃иць сихъ: мало ижиць иꙁѧхъ: и сътворихъ прѣпоꙗсаниѥ: на съгрѣниѥ съ вѣроѭ почитаѭщиимъ: ꙗкоже ѹбо поставъ мъногочѧстьнъ сꙑи: въ единѹчѧстьнѹ риꙁѹ съврьшаѥть сѧ: тако|
8a| и вьсѧ проречениꙗ б҃одъхновенꙑихъ кънигъ: въ съмотрениꙗ владꙑчьнѧаго риꙁѹ сънидоша сѧ: ѭже приꙗтъ отъ свѧтꙑꙗ славьнꙑꙗ бц҃ѧ и приснод҃вꙑ мариꙗ: тьлѣньно ѹбо: ꙁа подобьнострастиѥ наше: сътворивъ же нетьлѣн͗нѹ: да нꙑ тьлеѭ дрьжимꙑꙗ свободивъ: прѣведеть въ нетьлѣниѥ: и ѹмьръша оживль: пакꙑ облѣчеть бесъмрьтиѥмь:|
8b| Прѣпоꙗсаниѥ же гл҃ѭ: не оно июдеискоѥ: иеремиѥмь съкръвеноѥ: и истьлѣвъше въ евъфратѣ рѣцѣ: нъ новꙑꙗ благодѣти еже г҃ь намъ покаꙁа прѣпоꙗсавъ сѧ и отьръ ногꙑ своихъ ѹченикъ: да скврьнꙑ ветъхааго кваса очистѣвъше бѹдѹть ново въмѣшениѥ: и бѫдѹть ногꙑ ихъ красьнꙑ: ꙗко благовѣстѹѭщемъ миръ: и настѹпаѭть на ꙁмиꙗ и на вьсу|
8c| силѹ вражиѭ: сего прѣпоꙗсаниꙗ добротою х҃ъ своѭ црькъвь облѣче: покрꙑваꙗ наша порокꙑ: и бꙑвъшѹѭ намъ отъ адамлѧ прѣстѹплениꙗ наготѹ: по реченѹѹмѹ: растрьꙁа врѣтище моѥ и прѣпоꙗса мѧ веселиѥмь: симь одѣваѥмъ сѧ отъ божъствьнꙑихъ кънигъ: испꙑтаѭще бо ꙗ обрѣтаѥмъ вѣчънѹѭ жиꙁнь г҃а нашего|
8d| ис҃ѹ х҃а истиньнааго б҃а нашего: нъ ꙁоветь нꙑ ѹже врѣмѧ: ѹчиновати реченꙑꙗ главꙑ: въ славѹ и хвалѹ оц҃ѧ и с҃на и с҃тааго д҃ха: въ вѣкꙑ вѣкомъ аминь⸱ Тогожде антиѡха⸱ къ томѹжде евъстаѳю⸱ главꙑ раꙁличнꙑ :р҃л: и млт҃ва исповѣданиѭ ⸱а҃⸱ ѡ вѣрѣ ⁘ ⸱ ⸱ ⸱ ⸱в҃⸱ ѡ ѹпъвании ⁘ ⸱ ⸱ ⸱ ⸱г҃⸱ ѡ ꙗдении ⁘ ⸱ ⸱ ⸱ ⸱д҃⸱ ѡ обѣдании ⁘ ⸱ ⸱ ⸱ ⸱е҃⸱ ѡ пьꙗньствѣ ⁘ ⸱ ⸱ ⸱ ⸱ꙅ҃⸱ ѡ въꙁдрьжании ⁘ ⸱ ⸱ ⸱|
9a| да съгрѣѥти и: саманитѣнꙑнѧ: нъ не поꙁна ѥꙗ црⷭь: сирѣчъ не истьли ѹпъваниꙗ своѥго небесьнааго: Виждъ чъто ти гл҃еть ѱаниѥ⸱ аще бѹдете дъва: то тепло има бѹдеть: Вѣрѣ аще имать ѹпъваниѥ: имать своѥ дѣло: и тепла ѥсть: имѹщѹмѫ ѭ: ꙗкоже рече блаженꙑи петръ въспоꙗсавъше чрѣсла мꙑсли вашеꙗ:|
9b| трѣꙁвѧще сѧ коньчинѣ ѹпъваите на приносимѹѭ вамъ благодѣть: ꙗвлениѥмь і҃у хв҃омь: ꙗко чѧда послѹшаниꙗ: И сираховичъ: къто ѹпъва на г҃а и небрѣженъ бꙑсть: или къто прѣбꙑ въ страсѣ ѥго и прѣꙁьрѣ и: Пѣснивьць же: блаженъ мѹжъ ѥмѹже есть имѧ гн҃е ѹпъваниѥ ѥго: и да въꙁдрадѹѭть сѧ вьси|
9c| ѹпъваѭщии на тѧ: и потомь на нь ѹпъва срд҃це моѥ и поможе ми: и въцвьте плъть моꙗ: и отъ своѥго поможениꙗ: и инꙑ наставлѧаше гл҃ѧ ѹпъваите на нь вьсь съборъ людии: иꙁлѣите прѣдъ нимь ср҃дьцѧ ваша ꙗко б҃ъ помощъникъ нашъ: и ѹпъваи на г҃а и твори благостꙑню и отъкрꙑи къ г҃ѹ пѹть свои и оупъваи|
9d| на нь: И исаиꙗ: ѹпъвахъ на имѧ твоѥ и на памѧть твоѭ похоть наша: и п҇ⷦа павьлъ: ѹпъваниѥмь бо съпасени бꙑхомъ: и ѹпъваниѥ же видимо нѣсть ѹпъваниѥ: ѥже бо видить къто: чъто и ѹпъваѥть: аще ли ѥгоже не видимъ: трьпѣниѥмь чаѥмъ: И п҇ⷦа: Крѣпъко ѹтѣшениѥ имамъ прибѣгъшеи ꙗти сѧ ꙁа прѣдълежѧщеѥ ѹпъваниѥ:|
10a| ѥже ꙗко ставило имамъ твръдо же и иꙁвѣстьно: И наводить: ꙗко ѹпъваниѥмь длъжънѹѥть орѧи орати: и врьхꙑи на ѹпъваниѥ приимати: И въ еван͗гелии ѥже отъ лѹкꙑ о семуонѣ рече: бѧаше ѥмѹ провѣщано дх҃омь ст҃ꙑимь не видѣти съмрьти: донъдеже видиши кръста гн҃ѧ: и не ѹмрьтви ѹпъваниꙗ:|
10b| нъ бѧше чѧꙗ желаѥмааго иꙁбава: и сп҃са мирьна: и приимꙑ и радъ на рѹкѹ гл҃ааше: пѹсти мѧ владꙑко приити къ тебѣ це҇ⷭру моѥмѹ: въсприꙗхъ бо ѹпъваниѥ моѥ: томѹ слава въ вѣкꙑ вѣкомъ: АМИН|
10c| •г҃• ⁘ Ꙍ ꙖДЕНИИ⁘ О ꙗдении рече притъчъникъ: аще сѧдеши вечерѧти на трапеꙁѣ сильнꙑихъ: раꙁѹмьнѣ раꙁѹмѣваи прѣдъполагаѥмаꙗ ти: и въꙁдрьжи рѹкѹ си: вѣдꙑи ꙗко тебе ради си приготоваѥть: аще ли несꙑтьнѣи ѥси не похощи сластьмъ ѥго: И дрѹгꙑи рече: на трапеꙁѣ ли велицѣ сѣлъ ѥси:|
10d| не раꙁдвигни грьтани своѥго на неи: и не рьци мъногоѥ на неи: помѧни ꙗко ꙁъло ѥсть око лѹкаво: ꙗможе аще въꙁьриши: не простьри рѹкꙑ си: и не гнети + съ нимь въ солилѣ: раꙁѫмѣи еже ѥсть искрьнѧаго ѡтъ себе: и о вьсѣхъ вещахъ раꙁмꙑшлѧи: ꙗждь ꙗко и чл҃вѣкъ прѣдълежѧщаꙗ ти ++: а не дрѧꙁгъни да не въꙁненавидѣнъ бѹдеши: прѣстани прьвоѥ на|+ сѧ     ++ а не жиї
11a| каꙁаниꙗ ради: и не ꙗждъ лихо сꙑти да не прѣтъкнеши сѧ: и аще посрѣдѣ мъногъ сѣдиши: пьрьвѣѥ ихъ не простираи рѹкꙑ своѥꙗ: ꙗко довьльно чл҃кѹ накаꙁанѹ малоѥ: моси же: вънемли себѣ самъ г҃лѧ: еда ꙗдъи насꙑщъ сѧ⸱ ꙁабѹдеши г҃а б҃а своѥго: Такожде и апостолъ аще ꙗсте: аще ли пиѥтѥ: аще ли чъто творите: вьсе въ славѹ|
11b| бж҃иѭ творите: а не въ сѹмьнѣниꙗ раꙁмꙑшлении: овъ бо вѣрѹѥть ꙗсти вьсе: а иꙁнемагаꙗи ꙁелиѥ да ꙗсть: и наводить: ꙗдꙑи неꙗдѹщааго да не ѹкарѧѥть: и неꙗдꙑи ꙗдѹщааго да не осѹждаѥть: тꙑ бо къто ѥси осѹждаꙗ тѹждего раба: своѥмѹ г҃ѹ стоить⸱ или падаѥть: И па҇ⷦ: ꙗдꙑи г҃ѹ ꙗсть: и хвалить б҃а: и неꙗдꙑи г҃ѹ не ꙗсть⸱|
11c| и хвалить б҃а: И пакꙑ: не брашъна ради раꙁарѧи дѣло бж҃иѥ: И наводить: вьсе ѹбо чисто: нъ ꙁъло прѣтꙑниѥмь ꙗсти: И блаженъ не осѹждаꙗи себе о немьже покѹшаѥть сѧ: а сѹмьнѧи сѧ: аще ꙗсть осѹждѧѥть сѧ: ꙁане не отъ вѣрꙑ: обаче брашъно насъ не поставить прѣдъ бо҃мь: ибо аще ꙗмъ иꙁбꙑтъкѹѥмъ:|
11d| ни аще не ꙗмъ: лишимъ сѧ: И притъчъникъ: не прѣлъсти себе сꙑтостиѭ чрѣва: дш҃а бо въ сꙑтости сѹщи: медѫ рѹгаѥть сѧ: дш҃и же скѹдьнѣ и горькоѥ сладъко бꙑваѥть: Апостолъ же: очищаꙗ брашъна рече: ꙗже б҃ъ сътвори на сънѣданиѥ съ похвалениѥмь: вѣрьнꙑимъ: и поꙁнавъшиимъ истинѹ: ꙗко вьсе съꙁьданиѥ божиѥ|
12a| ѥ добро: и ничътоже отъметьно съ благодариѥмь ꙗдомо: свѧщаѥть бо сѧ словомь бж҃иѥмь: и молитвоѭ: и вьсе чисто чистꙑимъ: и на ꙗдениѥ дрѹгъ дрѹга жидѣте: рече же и ꙁаконъ: ꙗдъ и насꙑщъ сѧ благословестви г҃а б҃а своѥго: И дв҃дъ благодарѧ дасть веселиѥ въ срьдьце моѥ: отъ плода пьше ницѧ|
12b| и вина и масла: И па҇ⷦ: ꙗко насꙑти д҃шѧ тъщѧ: и дш҃ѧ ал͗чѹща наплъни благъ: Благꙑи же г҃ь хотѧи намъ съмѣреномъ бꙑти рече: ѥгда въꙁъванъ бѹдеши на пиръ: не сѧди на прѣдьниїмь мѣстѣ: еда чъстьнѣи тебе бѹдеть ꙁъванꙑ имъ: и шъдъ ꙁъвавꙑи тѧ и оного: речеть ти даждъ семѹ мѣсто: и тъгда|
12c| начънеши съ стѹдомь послѣдьнеѥ мѣсто дрьжѧти: нъ ѥгда ꙁъванъ бѹдеши: шъдъ сѧди на послѣдьниїмь мѣстѣ: да егда придеть ꙁъвавꙑи тѧ: речеть ти: дрѹже: посѧди вꙑше: тъгда бѹдеть ти слава прѣдъ вьсѣми сѣдѧщиими съ тобоѭ: ꙗко вьсь вꙑсѧи сѧ обниꙁѣѥть: и ниꙁѧи сѧ въꙁвꙑсить сѧ:|
12d| и се же на раꙁѫмъ и польꙁѹ довьлѣло бꙑ: добро же ѥ припомѧнѫти и їовлеѥ: рече бо: аще ли и хлѣбъ свои единъ ꙗхъ: а сиротѣ не подахъ: ꙗко отъ ѹности моѥꙗ кръмлѧахъ ꙗко отьць: И па҇ⷦ: г҃ь: ѥгда твориши обѣдъ: или вечерю: не ꙁови дрѹгъ твоихъ: ни сѹсѣдъ богатъ: еда коли и ти тѧ такожде въꙁовѹть: и бѹдеть ти въꙁдатва:|
13a| нъ егда твориши пиръ: ꙁови + ѹбогꙑꙗ: маломощи: хромꙑ: слѣпꙑ: и блаженъ бѹдеши ꙗко не имѹть въꙁдати ти: въꙁдасть же ти сѧ въ въстаниѥ правьдьнꙑихъ: томѹ г҃ѹ нашемѹ іс҃у х҃ѫ слава въ вѣкꙑ АМИН|+ нищаѧ
13b| д҃ ⁘ Ꙍ ꙌБѢДАНИИ Вьсѣмъ ѹбо ѥсть еже нѹди сѧ и въꙁдрьжати ѭтробѹ: паче же хотѧщиимъ б҃ѹ работати: добро бо ѥсть вьсе въ мѣрѹ лагоню: а еже невъꙁдрьжънѣ ꙗсти: подобьно ѥсть кораблю обрѣмененѹ: тѣло бо пища трѣбѹѥть а не сласти: малотрѣбиꙗ а не прѣсꙑтьꙗ: довъла• а не мъногоꙗдиꙗ: овꙑ бо и дш҃и и тѣлѹ польꙁѹ творѧща: съдравиѥ|
13c| и крѣпость и добронравиѥ раждаѭть: овꙑ же: обоѥ поврѣждаѭть: не тъчиѭ съдравиѥ тьлѧ: нъ и недѫгъ пакостьнꙑи раждѧѭть: ѹкаꙁаниѥ же ꙗвѣ мало трѣбованиѥ приѥмлющиїхъ: подвижъникъ: волѧщиихъ мѧкъкоѥ и жировьноѥ житиѥ: и раꙁѹмьнѣиша: и цѣломѹдрьнѣишѧ и съдравѣиша сѹща: не тъкъможе се: нъ и|
13d| хѹдить страсти⸱ сдрьжаи чрѣво: побѣждаѥмꙑи бо брашънꙑ: растить + похоти: ꙗкоже бо дръва великъ въꙁдвижѹ пламꙑ: тако множъство брашънъ мꙑсли ꙁълꙑꙗ: мъногобрашъниѥ: грьтань ѹбо веселить: кръмить же чрьвь неѹмѹченъ и неѹсꙑпѫщъ: ꙗкоже бо ѡпѫстѣвъшиꙗ ꙁемлꙗ⸱ трьниѥ раждаѥть: тако и ѹмъ вельꙗдааго:|+ сласти:
14a| ꙁ­ѧбить мꙑсли нелѣпꙑꙗ: чл҃вкъ ласкръдивъ: ничътоже ино: нъ тъчиѭ чрѣвѫ повиньнъ бꙑваѥть: и памѧти ст҃ꙑихъ чътеть: а въꙁдрьживꙑи: житиѥмь ихъ подобить сѧ: обьѣстивꙑи: ничимьже инѣмь хвалить сѧ: нъ широкꙑимь и пространꙑимь чрѣвомь: храмомь чьстьнꙑхъ ѥмѫ мотꙑлъ и вълагалищемь: нъ и дх҃ъ|
14b| живꙑи въ ласкръдѣмь чловѣцѣ скръбить: и не трьпѧ смрьдѣниꙗ оходить отъ него: ꙗкоже бо дꙑмъ прогонить бъчелꙑ: тако и обьѣстивꙑи благодѣть ст҃ааго д҃ха: лѹче ѹбо ѥсть мимотещи сладости чрѣвьнꙑꙗ: и простоѭ пищеѭ: трѣбованиѥ съврьшити тѣлесьноѥ: да не ѹподобимъ сѧ на пѹстꙑни чрѣвѹ работавъшимъ|
14c| людьмъ: сѣдоша бо рече людиѥ ꙗсти и пити: и въсташа игратъ• Ѥгда бо беꙁ мѣрꙑ начѧшѧ ꙗсти и пити: ꙁаповѣдь бж҃иѭ ꙁабꙑша: и на идолобѣсиѥ ѹринѹша сѧ: Добрѣ ѹбо наслѣдьнико ихъ пишеть апс҃тлъ павлъ: ихъ же б҃ъ чрѣво: и слава въ стѹдѣ ихъ: мꙑслѧщеи ꙁемльнаꙗ: и па҇ⷦ: брашъна чрѣвѫ: а чрѣво|
14d| брашъномъ: б҃ъ же и се и си: да ѹпраꙁнить: и па҇ⷦ: аще брашъна ради скръбить братъ твои: ѹже не по любъви ходиши: не брашъномь своимь того погѹблѧи: ꙁа негоже х҃ъ ѹмрѣ: И наводить: таковии бо г҃ѹ нашемѹ не работаѭть: нъ своѥмѫ чрѣвѹ: и брославиѥмь и благословиѥмь: прѣльщаѭть ср҃цѧ беꙁълобивꙑихъ:|
15a| И пакꙑ: мѹдрость плътьнаꙗ съмрьть: а мѫдрость дх҃вьнаꙗ жиꙁнь и миръ: добро бо ѥсть благодѣтиѭ ѹтврьждати срьдьце а не брашънꙑ: И па҇ⷦ: нѣсть бо цр҃со неб҃сноѥ: брашъно и питиѥ: нъ правьда и радость: и миръ о д҃сѣ с҃тѣ: а не пища и жъраниѥ: ꙗкоже ѥ речено: ѥже сънищеть сѧ въ прѣстѹплениѥ пища чрьвьмъ: ѹпитѣниѥ бо ничътоже ино ѥсть:|
15b| нъ ꙗдь гадомъ: Ꙗкоже и иꙗковъ поносѧ чрѣвѹ рабомъ: ѱааше г҃лѧ: веселисте сѧ на ꙁемли и насладисте сѧ: ѹпитѣсте ср҃дцѧ ваша ꙗко въ дьнь ꙁаколениꙗ: и г҃ь же беꙁвѣрьнꙑимь июдеомъ рече: аминь глаголю вамъ: ищете мене не ꙗко видѣсте ꙁнамениѥ: нъ ꙗко ꙗсте ѡтъ хлѣбъ и насꙑтисте сѧ: и приносить: не дѣлаите брашъна|
15c| гꙑблющааго: нъ прѣбꙑваѭщеѥ въ жиꙁнь вѣчънѹѭ: ѥже с҃нъ члв҃ѣчь дасть вамъ: томѹ слава: въ вѣкꙑ вѣкомъ АМИН е҃ ⁘ Ꙍ ПЬꙖНЬСтВѢ ⁘ Пиꙗньство: паче лихоꙗдиꙗ тѧжъчѣѥ ѥсть: и ꙁѣло отъречено ѥсть: с҃тꙑими кънигами:|
15d| ибо неподобьно ѥсть симь величати сѧ: ꙗкоже етери сѹѥмѫдрии: ѹпиваниѥмь хвалѧть сѧ: виньноѥ бо лихопитиѥ: ничъсоже иного подаваѥть: нъ истѹплениѥ ѹма и нищетѹ: и тѣло немощъно и слабо съдѣваѥть: добро ѹбо и приꙗтьно ѥсть: немощи ради плътьнꙑꙗ: мало вина пивати: ꙗкоже бо ꙁемлꙗ съгода напаꙗѥма:|
16a| чисто въсѣаноѥ въ ню сѣмѧ: съ прибꙑткомь въꙁдращаѥть: многами же тѹчѧми ѹмлачѧѥма: трьниѥ растить и бꙑлиѥ тъчиѭ: тако и ꙁемлѧ срьдьчънаꙗ: аще по малѹ вино пиѥмъ: чиста ѥстьствьнаꙗ ѥꙗ въꙁдаваѥть сѣмена: аще ли раꙁмокла многꙑими питии бѹдеть: то трьниѥ истиноѭ родить: вьсѧ|
16b| своꙗ ꙁълꙑꙗ мꙑсли: не тъчиѭ же се: нъ и творить ѹпиваѭщааго сѧ: отъ беꙁѹмьнꙑхъ порѹганиѭ: отъ мѹдрꙑхъ же плаканиѭ: Ноѥ бо рече: б҃жиѥ ѱаниѥ: мѫжъ правьдьнъ пи вино: и ѹпи сѧ: и лежааше нагъ: и не ꙗко пиꙗничивъ бѣ правьдьникъ: нъ не обꙑклъ виньнааго питиꙗ: и отъ беꙁѹмьнаго же хама посмиꙗнъ бꙑсть: отъ мѹдрѫѭ же сн҃овѹ покръвенъ:|
16c| Бѣжимъ ѹбо братиѥ: пьꙗньствьнааго бѣса: да не порѹгани имь бѫдемъ: нъ паче трѣꙁвлениѥмъ сѧ ѹтврьдимъ: да бѫдеть цѣлъ ѹтрьнии члв҃къ съ владꙑчънимь: Ꙗкоже и притъчъникъ ꙁаповѣдаѥть г҃лѧ: не бѫди винопиицѧ: вьсѧ бо пиꙗницѧ обнищаѥть: И па҇ⷦ: комѹ лютѣ и комѫ млъва: комѹ сѹди: и комѫ скарѣдиꙗ|
16d| и пьрѧ: комѫ съкрѹшениꙗ въ тъще: комѹ сини очи: не прѣбꙑваѭщиимъ ли въ винѣ: не наꙁираѭщиимъ ли къде пирове бꙑваѭть: И прирече: не ѹпиваите сѧ виномь: нъ бесѣдѹите члв҃комъ правьдьномъ: и инъ рече: въ винѣ не мѹжаи сѧ: многꙑ бо погѹби вино: И па҇ⷦ: иже ѥсть слащъ въ съньмищихъ винѹ: въ своихъ тврьдьхъ|
17a| оставить досаждениѥ: И па҇ⷦ: не бѹди винопиицѧ: не польꙁѹѥть бо беꙁѹмьнѹмѹ пища: И па҇ⷦ: неистовьно и дадительно пиꙗньство: вьсь же примѣшаꙗи сѧ сихъ: не бѹдеть мѫдръ: И про҇ⷦ ѡсие: о древльниїхъ людехъ: вина и пиꙗньства пожидеть ср҃це людии моихъ: Исаиа же окаꙗѩ• въ винѣ прѣбꙑваѭщаꙗ гл҃ааше: лютѣ квасъ гонѧщиимъ:|
17b| жидѹщиимъ вечера: вино бо ꙗ съжъжеть: И па҇ⷦ: прѣльщени сѫть: И иоиль такожде въпиѥть: истрѣꙁвѣите ѹпиваѭщии сѧ отъ вина ихъ: плачите и рꙑдаите сѧ вьси: пиѭщии вино въ пиꙗньство: плакати сѧ и рꙑдати повелѣно ѥсть винопитиꙗ любителемъ: въ истинѹ бо лихотьнꙑихъ чл҃къ ѥсть пиꙗньство: и обльщенꙑихъ Ꙗкоже и їѡвъ на етерꙑ молѧ сѧ рече|
17c| да ꙁаблѹдѧть: ꙗко пиꙗнꙑи: и хотѧщии чистѣ пожити сего ошаваѭть сѧ: и по правѹмѹ пѫти беꙁблаꙁньнѣ ходѧть: Слꙑшаще ап҃ла гл҃ѫща: не ѹпиваите сѧ виномь: въ немьже ѥсть не сп҃сениѥ: И па҇ⷦ: пиꙗница цср҃ства бж҃иꙗ не наслѣдѧть: И питаѭщиꙗ сѧ въдовицѧ жива ѹмрѣ: И прирече: сего ради не бѹдѣте беꙁѹмьни: нъ раꙁѹмѣите|
17d| чъто ѥсть волѧ бж҃иꙗ: вьси бо стѹдовьнии врѣди: отъ пиꙗньства въꙁницѧѭть: Ꙗкоже и дв҃дъ рече: нощъ просвѣщениѥ въ пищи моѥи: сирѣчъ• нощъ бѣ о мънѣ окаанѣмь: и не раꙁѹмѣахъ: пищѫ• нощъ именѹꙗ: ибо мракъ и тьма ѥсть винопитиѥ: ѹпиваѭщии бо сѧ⸱ нощиѭ ѹпиваѭть сѧ по ап҃лѹ: написаниѥ бо ѥже о лотовѹ дъщерѹ:|
18a| волеѭ прѣминѹ: г҃ь же прииꙁвѣщаꙗ прѣждереченаꙗ: вьсѣмъ ꙁаповѣдаѥть г҃лѧ: блюдѣте сѧ еда отѧгъчѧѭть ср҃ца ваша обѣданиѥмь: И пиꙗньствомь: и печѧльми житиисками: томѹ слава въ вѣкꙑ вѣкомъ АМИН Ꙅ҃ О ВЪꙀДРЬЖАНИИ ⁘|
18b| Въꙁдрьжаниѥ вьсѣмъ ѹбо потрѣбьно ѥсть: паче же хотѧщиимъ б҃ѹ ѹгодити: въꙁдрьжаниѥ же рѣхомъ: не отъ брашънъ тъчиѭ: нъ обьдрьжъноѥ: сирѣчъ: ошааниѥ вьсѣхъ отъреченꙑихъ: подобаѥть же въꙁдрьжащѹмѫ сѧ: вьсего въꙁдрьжати сѧ по ап҃лѹ: ꙗкоже бо чловѣкѹ ѡтъꙗтъ котерꙑи любо ѹдъ: вьсь чл҃вчь|
18c| ѹже обраꙁъ беꙁ лѣпотꙑ сътворить: такоже и їже и о единои дѣтели небрегъ: вьсу въꙁдрьжаниꙗ просмрадить лѣпотѹ: трѣбѣ ѹбо ѥсть: не тъчиѭ тѣлесьнꙑихъ добродѣтелиї болѣꙁньно любити: нъ и ѭтрьнѧаго чловѣка чистити могѹщиихъ: въꙁдрьжаниꙗ бо дѣло ѥсть: еже кромѣ бꙑти вьсеꙗ скотьнꙑꙗ сласти: и ничъсоже чрѣсъ|
18d| волю ꙁаповѣдиї бж҃ии творити: въꙁдрьжаниѥ ѥсть: ѹꙁда въстѧꙁаѭщи: на брашъно: и на имѣниѥ: и + славѹ: пожелѣньнааго ѹстрьмлениꙗ: нѣсть бо чъсо благꙑихъ сътѧжѧти бес трьпѣниꙗ: и родительнааго вьꙁдрьжаниꙗ: въ трьпѣнии бо вашемь сьтꙗжите дш҃а вашꙗ: хотѧи бо исправити вьꙁдръжание: часто млт҃вꙋ да творите: беспрѣстани бо мл҃твѹ дѣите рече: мл҃тва|+ на
19a| и вьꙁдрьжание праꙁнить ѹма: ѿ мирьскꙑихь сластии: и ѿ всѧкого дѣланиꙗ вьслаплꙗеть: пльть и крьвь рече: ап҃ль пльтьскыꙗ страсти: и ниꙁьвлачашта ѹма вь хотѣние свое ꙁане рече пльть и крьвь: црс҃твиꙗ бж҃иꙗ не имать наслѣдовати: си пльть: пишта есть чрьв͗мь: вьнегда приближать сꙗ на мꙗ• ꙁьлобꙋѫштеи• сьнѣсти пльтии моихь• иже ѹбо вьꙁдрьжанием͗|
19b| истаить пльть своѫ• гладомь ꙁаморить бѣсꙑ: и немоштьнѣишаꙗ на своѫ брань сьдѣваеть• трѣбѣ ѹбо есть ꙗкоже речено: всѣми чѹвьствии вьꙁдрьжати сꙗ ꙁьрѣниемь• слѹхомь• обонꙗниемь• ꙗꙁыкомь же и• чрѣвомь: и косениемь: стѹпаниемь• нелѣпомь• и прочиими: подобаеть бо вьꙁдрьжьникѹ: всѧкоꙗ стѹдовьныꙗ сласти: и желаниꙗ вышьшѹ быти• вьꙁдрьжание|
19c| бо рачителе ꙗвѣ тѣломь сьдрави сѹт: а ѹмомь цѣли дш҃а веселꙗште: радостиѫ ꙗже кь б҃ѹ: ѹма ѿ ꙁемьныхь: ѿстѹпльшꙗ• а вышьниихь желаѫшта• вьсꙗкого сластохотѣниꙗ• тѹждї сѹште: прокое ненавистьници• страстемь: а бг҃олюбьци обрѣтаѫть сꙗ: млт҃ва же ихь чиста къ гв҃и и сь анг҃лы славꙗть б҃а: рекошꙗ же и книгы: вь слѣдь похотии своихь не ходи• и ѿ желаемыихь|
19d| си вьꙁбранꙗи• и не весели сꙗ м͗ноꙁѣ брашьнѣ: и не прѣсыштаи сꙗ вь вьсꙗкои пишти• и не раꙁливаи сꙗ• на раꙁличьна брашьна• вь мноꙁѣ бо брашънѣ недѹгь бѹдеть: вьнимаꙗи же приложить животѣ: блаженыи же д҃дь покаꙁаꙗ сьврьшеное вьꙁдрьжание рече: присвꙗнѹхь ꙗко сѣно• исьше и ср҃дце мое ꙗко ꙁьбыхь сьнѣсти хлѣба моего: ѿ гласа вьꙁдыханиꙗ моего: прильпе пльть моꙗ кости моеи:|
20a| и пакы ꙁане попель ꙗко хлѣбь ꙗхь: питие мое сь плачем͗ растварꙗхь: павьль же рече: ѹмрьтвите ѹды вашꙗ ꙁем͗ныꙗ• и пакы очистимь себе братиꙗ ѿ в͗сꙗкоꙗ скврьны пльти• и дх҃а• сьдѣваѫште ст҃ынѫ вь страсѣ бж҃ии: да бѹдемь цр҃кꙑ б҃а жива• и петрь подадите вь вѣрѣ вашеи добрѹ дѣтель• а въ дѣтели раꙁѹмь• а вь раꙁѹмѣ• вьꙁдрьжание• и трьпѣние• трѣбѣ ѹбо есть• присно трѣꙁвити сꙗ и бьдѣти• и вышьниихь|
20b| искати и мѹдровати• по ꙁаповѣди г҃ни гл҃ѫшти• да бѹдѹть чрѣсла ваша прѣпоꙗсана• и свѣтильници горѹште и вы подобьни члк҇ⷪмь• чаѫштемь г҃а своего• когда вьꙁвратить сꙗ ѿ бракь• да пришьдьшѹ и тлькновьшѹ: абие ѿврьꙁѹть сꙗ емѹ• и приводить• блажени раби ти ꙗже г҃ь пришьдь обрѧштеть тако творꙗшта: амин гл҃ѫ вамь• ꙗко прѣпоꙗшеть сꙗ• и посадить ꙗ• и минѫвь послѹжить им|
20c| томѹ слава вь вѣкы вѣкомь АМИН ꙁ҃ О ПОСТѢ Чрьнориꙁьць хотꙗ чистомь постомь: себе б҃ꙁѣ присвоити• сѹштее истовое поштение: дльжьнь есть• иꙁволити• а не пораблꙗти сꙗ страстемь• и велїе беꙁмьвие дѣати выинѫ и таковыи ан҃гломь ретить• и сь правьдьникы ликѹеть• свобаждаемь бо ꙁемьныихъ|
20d| на небесьскаꙗ тьштит сѧ• сьде дрꙗселѹꙗ• онамо свѣтьлить сꙗ сьде нѹдꙗ себе• тамо почиваеть• подобьнь бо есть постьникь фѹниковѹ цвѣтѹ: гл҃емꙋмѹ алаѳиѫ: ꙗко вьнѣѫдѹ ѹбо есть дрꙗхлоблѣштьн• ѫтрьюдѣже снѣжань• и многоплодьн͗• такожде и постьникь• вьнѣѫдѹ сѣтѹеть• а ѫтрьѭдѹ свѣтьль сы кь б҃ѹ: дрьꙁновениемь бесѣдѹеть• ел͗ми бо рече• вьнѣшьнии нашь чл҃кь растьлѣваеть: тольми|
21a| ѫтрьни понавлꙗеть сꙗ: дьнь аче д҃нь• пость ѹбо есть• еже не тьчьѫ поꙁдѣ ꙗдати• нь еже мало ꙗсти• и не еже черес͗ д͗нь ꙗсти• се поштение есть• нь еже нераꙁличьна брашьна ꙗсти• поштение бо истинно есть• трꙗпеꙁа единѣмь брашьномь ѹстроена• пость же беꙁѹмьнъ есть• иже ѹставьнааго врѣмене жидеть вь годь• еже ꙗстии и• беꙁ вьстꙗгноваениꙗ• кь трꙗпеꙁѣ влѣчеть• и сь пльтиѫ ѹма|
21b| кь сласти прѣдьлежаштии вꙗжꙗ• нуждьно есть и се блюсти• вь вьꙁдрьжани брашьннѣем͗ да не вь скарѣдие ихь кого придеть• кьто кьгда• се бо и проклꙗто есть• и бѣсовьско ѿнѫдь• не ꙗко ꙁьло бо• ѿемлемь сꙗ ихь• да не бѹдеть• нь да сластьныихь крьмь себе ѿврьгьше• полꙗштꙗꙗ ѹды пльти вь мѣрѹ• ѹдрѹчаемь• да аште же сьдравь есть• мѹчить сꙗ• лѣпотьнѣ егдаже и немоштьнѹеть крьмить|
21c| сꙗ мѣрьнѣ не подобаеть бо ослаблꙗти тѣла подвиꙁаѫштиимь сꙗ: нь елико довьлѣти на подвигь мошти: прьвое ꙁаконь ꙁаповѣдаеть гл҃ꙗ• иже аште помолить сꙗ молитвою и сикеры да очистить сꙗ• и елико сътварꙗеть сꙗ ѿ лоꙁиꙗ: да не сьнѣсть всꙗ дьни мл҃твы своеѧ• ꙗко с҃ть бѹдеть г҃ѫ: и даниль рече: аꙁь бѣхь плача сꙗ три седморица д҃нь: хлѣба желаниа не ꙗхъ• и вино не вьниде вь ѹста моꙗ: маꙁнѫ не помаꙁахь|
21d| сꙗ• тѣмьже тако сꙗ истаивь неꙗденьимь• и отьнѫдь не желаꙗ ꙗдомыхь: бы҇ⷭ мѹжь желании дх҃овьныихь: и сьподоби сꙗ: таинь потаеныихь видьць быти• и сьбесѣдьникь анг҃лѹ гаврилѹ: такожде и ꙗдь трии отрокь• ѿ сѣмѧнь ꙁемьныихь бѣаше: и вьꙁдрьжание ихь: и любы ꙗже кь б҃ѹ огнь пештьныи на росѹ прѣложи: и моси: четырьми десꙗты дн҃ьми: поста ꙁако приꙗть: такоже и илиꙗ толицѣми дн҃ьми поста• самовидьць славы|
22a| г҃нꙗ бы҇ⷭ: и анна• самоилѧ постомь и молитвоѫ• приꙗтъ и ап҃ль трѹды• и бьдѣнии• и посты тѣло порабоштааше Рече же и прⷪкь иоиль ос҃тите поштение: проповѣдите слѹжение• и вьꙁьпиите: ѹвы мнѣ ѹвы мнѣ: ꙗко блиꙁь дьнь гн҃ь• и по малѣ• нынꙗ гл҃еть г҃ь б҃ь нашь: обратите сꙗ кь мнѣ вьсѣмь срдцемь вашимь: поштениемь и рыданиемь• и паче вьпиемь• и растрьгнѣте срд҃ца вашꙗ: и обратите сꙗ кь г҃ѹ б҃ѹ вашемѹ|
22b| ꙗко милостивь• и штедрь есть: трьпѣливь• и мномилостивь: и каꙗ сꙗ о ꙁьлобахь вашихь: и пакы дв҃дь⸱ аꙁь же вьнегда они огавие творꙗахѹ ми: облачаахь сꙗ вь врѣтиште: и сьмѣрꙗахь постомь д҃шѹ моѫ: и колѣнѣ мои иꙁнеможете постомь: и пльть моꙗ иꙁмѣни сꙗ олѣѧ ради: поштение бо истин͗но есть: не тьчьѫ еже истаити себе самомѹ: нь и еликоже есть ꙗди• ѫже есть хотѣль ꙗсти: дати вьдовици• и сиротѣ|
22c| да вьꙁьмь и насышть сꙗ молить сѧ ꙁа нь: и приꙗта бѫдеть жрьтва его б҃мь: ꙗкоже рече исаиꙗ: постꙗ сꙗ раꙁдраблꙗи алчьныимь хлѣбь свои: благыи же нашь вл҃ка: хотꙗ дѣломь ны накаꙁати• прьвь• самь пости сꙗ• и о бѣсьнѣмь рече: сь род• ничимьже можеть иꙁити: тькьмо мл҃твоѫ и постомь• и приводить• егда постиши сꙗ: не бѹди ꙗко лицемѣри: и блажени ал͗чѹште нынꙗ: ꙗко ти насытꙗть|
22d| сꙗ о х҃ѣ емѹже слава вь вѣкы вѣком: АМИН и҃ ⁘ Ꙍ СРЕБРОЛЮБИИ ⁘ Сребролюбиꙗ недѹгь• ꙁѣло лютъ и гѹбительнь есть• немоштьно ѹбо жити бг҃оѹгодно: сѹштѹмѹ сластолюбивѹ и сребролѫбивѹ: си бо ꙗꙁꙗ егда стѹденѫ и невѣрьнѹ обрꙗть д҃шѹ: блг҃ны етерь воложить вь нѫ вины• написаваеть|
23a| бо вь ѹмѣ чрьнориꙁьцѹ• старость дльгѹ: и немошть тѣлѹ: и ꙗкоже море не напльнѧеть сꙗ приемлꙗ множьство рѣкь: тако желание сребролюбиꙗ: не испльнꙗеть сꙗ трѣбовании: хотꙗи ѹбо ѿсѣшти сребролюбиꙗ врѣдь: корень да исѣчеть• сѫштѹ бо корени и присѣкаемамь вѣтвьмь: пакы ѿрастѹть: сребролюбивь црьньць: дѣлаеть прилѣжьно• а небрегы имѣниꙗ: млт҃вахь прилежить и чьтениихъ:|
23b| Сребролюбивии сьбираѫть вьлагаѫште на ꙁемле: а несьтꙗживы: на небеси• гл҃ѫть же кьнигы: проклꙗть творꙗи идоль и полагаꙗ вь кровѣ• такожде и имѣꙗи сребролюбиꙗ страсть: овь кланꙗеть сꙗ кѹмирѹ непольꙁьнѹ• овьжде• подобие носить• привидѣние богатьства• И ꙗкоже бываеть• чрѣвѹ работаѫштиимь б҃ь чрѣв семѹ ꙁлато такожде: сь бѣсь• чрьвь вь костьхь чл҃кѹ бываеть: поꙗдаꙗ|
23c| его печалъѫ и бесьньемь• и ст҃ыими книгами въ истинѹ отьречено есть• симь врѣдомь• ѧкоже речено: невѣрьнии• и ненадеждьии недѹгѹѫть: паче же любосластьнии: и идолослѹжителе• ѹже бо на б҃а ѹпьваниꙗ не имѹть• нь на капишта цр҃ска• иже правааго пѹти сьстѹпьше• вь брѣгы и пропасти погыбѣльныꙗ: вьводꙗть сꙗ ѩкоже рече• ѱание: любꙗи ꙁлато• не оправьдить сꙗ: и пакы• сребролюць•|
23d| ничьтоже беꙁаконнѣе: сь бо и своѫ дш҃ѹ продаждьнѹ творить• и мноꙁи дани бышꙗ вь падение ꙁлата ради• + не тьчьѫ лика анг҃льска испаде: нь и прѣдатель влд҃чнь бы҇ⷭ: и ѹдавивь сꙗ погыбе: ибо вы-истинѫ гнѹсь и скарѣдие прокажениꙗ есть сребролюбие• ꙗкоже ꙗвлено бы҇ⷭ гиеꙁемь• нь не прѣбытьно есть хотꙗштѹмѹ• неестьствьно• бо нь волительно• и можеть вь скорѣ чисть быти таковыи: вьпиꙗ кь|+ і їѭда
24a| іс҃ѹ г҃и аште хоштѥши можеши мꙗ очистити• а нерачаштѥмѹ дрѣвѹ прѣтыканиꙗ есть: жьрѹштиимь емѹ ї вьсь беꙁѹмьныи вьпадеть сꙗ вь не: блажень ѹбо чл҃кь• иже обрѣте сꙗ непорочьнь• и вьслѣдь ꙁлата не иде по книгамь: иꙗковь бо прѣтꙗ сребролюбьцемь рече• ꙁлато ваше и сребро иꙁдрьжавѣ: и рьжда еѫ на послѹшьство вамь бѹдеть• и сьнѣсть пльти вашꙗ ѧко огнь: И пакы•|
24b| воле нынѣ богатии плачите сꙗ ꙁадрежѹште: о страстехь вашихь грꙗдꙋштиихь на вы• Приискрьнꙗа же симь• амбакѹмь проⷦ поносꙗ: сребролюбьцемь рече• лютѣ множажѹштѹ себе не сѹштиихь его: лихоемѧи лихоимание ꙁьло домѹ своемѹ: добрѣ же рече ꙗже не сѹть его: ибо вьсѣмь богатьство: Ꙗкоже и дв҃дь симь гл҃ааше• се чл҃кь иже не положи б҃а помоштьника себе• нь ѹпьва на множьство богатьства|
24c| своего• и въꙁможѥ сѫетоѫ своеѫ• иовь• аште сьбереть грѣшьникъ ꙗко ꙁемлѫ серебро• равьно же калѹ ꙁлато: вьсе правьдьници сьнабьдꙗть• и дрьꙁаꙗ непорочьныимь своимь житиемь• гл҃ааше• аште обѣштахь ꙁлато крѣпость моѫ ашта ли вьꙁвеселихь сꙗ многѹ богатьствѹ ми бывьшѹ: лꙋче ѹбо + правьдьникꙋ паче богатьства грѣшьниихь многа: послѹхѹеть же и павьль: ꙗко корень вьсѣмь ꙁьломь|+ мало
24d| есть• сребролюбие• есть бо• и несьпострадьнь: и беꙁмилостивьнь• любꙗи сребро• сп҃сь же нашь г҃ь• вѣды страсть сребролюбиѧ дш҃и гѹбительнѫ сѫштѹ: достоино и исцѣление приносить гл҃ꙗ: не сьтꙗжите мѣди: ни сребра• ни ꙁлата вь поꙗсѣхь ваших: и приводить• аминь гл҃ѫ вамь: ꙗко богать• бѣдьнѣ вьнидеть вь црⷭьствие небесьное: ꙗко беꙁбьдь льгькѹ сѹштѹ: и ѹдобь на нб҃о вьꙁлѣтаѫштѹ: томѹ|
25a| слава вь вѣкы вѣком АМИН Ѳ҃ Ꙍ МЬꙀДОиманиї ⁘ Мьꙁдоимьць• ти лихоимьць• ти сребролюбьць: ти лишвьникь• едина колесница есть четверичьна• имѫште грьдостьнааго воꙁатаꙗ и старѣиша• иже б҃мь ѹбо ниꙁьврьжень быⷭ: сьганꙗеть всꙗ• послѣдуѫштаꙗ емѹ вь своѫ погыбѣль•|
25b| Не подобьно есть ꙋбо• добрѣ сьмыслꙗштиимь отъ вражьдьника водимомь быти• да не сь нимь вь ꙗмѹ мѫчениꙗ вѣчьнааго вьвалꙗть сꙗ: нь паче ли домь вь жиꙁнь наставити сꙗ гл҃ѫштемь• имѹште же пиштꙗ и одѣниꙗ• сими довьлимь сѧ• хотꙗштеи бо богатити сꙗ вьпадаѫть вь напасти• и вь сѣти неприꙗꙁнины• боꙗи сѧ ѹбо ꙁаповѣди апл҃скыꙗ: паче же самого г҃а глѫ҃шта: не сьтꙗжите ꙁлата|
25c| ни сребра: ни же пьцѣте сꙗ чьто ꙗсте• или чьто пиете: то таковааго ѹстителꙗ ниꙁьлагаеть б҃ь• и своима ногама сьпираеть: Добрѣ же и притьчьникь• поѹчаеть мьꙁдоимьца г҃лѧ: не отимаи ѹбогѹ ништь бо есть• и пакы• любꙗи сребро• не насытить сꙗ сребра: ꙁане ништии вѣсть ходити прѣмо жиꙁни: и еже да не бѹдеть рѹка тво прострьта на вьꙁꙗтие• а на вьꙁдание сьгьбена: тожде же и апл҇ⷭь•|
25d| бл҃жнѣе есть даꙗти неже вьꙁимати: Ꙁаконь же рече• не оправьди нечьстивааго мьꙁды ради: и мьꙁды не вьꙁьми: мьꙁда бо ослѣплꙗеть очи• видꙗштиимь: и самꙋиль же ꙁаповѣдь дрьжѧ ꙁакон͗нѹѫ• г҃лааше людемь: еда оть рѹкы чьеꙗ вьꙁѧхь иꙁбавѫ• или обѹвь: се послѹхь г҃ь: про҇ⷦ же амось: скрьбꙗ о людехь гл҃ааше• мьꙁдѹ иꙁбьранѹ приꙗсте ѿ ништиихь: И исаꙗ пособѹꙗ рече• кнꙗꙁи любꙗштеи мьꙁдѹ: гонꙗште вьꙁдаание:|
26a| и ѹкарѧꙗ ѧ рече: горе оправьдаѫштиимь нечьстиваго мьꙁды ради: и правьдьное правьдьника вьꙁемлюштиимь: И инь дарове и мъꙁды: ослѣплꙗѫть очи мѫдрыихь• И пакы: гѹбить сѧ мьꙁдоимьць• а не любꙗи мьꙁды имати живь будеть: и пакы: приемлꙗи мьꙁдѹ вь нꙗдра бес правьды: не направлꙗеть сꙗ на пѫти• иꙁволенѣе ѹбо имꙗ добро• нежели богатьство: Дв҃дь + бѹ молꙗ сꙗ гл҃ааше: не|+ же
26b| погѹби сь нечьстивыими дш҃а моеꙗ: и сь мѹжи крьвии живота моего: ихьже вь рѹкахь беꙁакониꙗ: десница ихь испль сꙗ мьꙁды: нечьстивы беꙁаконьникы• и мѫжа крьвы: нарицаꙗ мъꙁдоимьцꙗ: и паⷦ• беꙁꙋмьнь и несьмысльнь• погыбнете• и оставита тѹждиимь богатьство еѫ: Равьно еже решти• беꙁѹмьне• сеи ношти д҃шѹ твоѫ иꙁьмѹть ис тебе• а ꙗже ѹготова комѹ бѹдеть• беꙁѹмьлꙗ|
26c| именѹѧ• надѣѫштѧѧ сѧ на богатьство: ꙁа беꙁвѣстие пльтьнааго житиꙗ: И паⷦ дв҃дь• приклони ср҃це мое вь сьвѣдѣниꙗ твоꙗ: а не вь лихоимание: Иѡвь же покаꙁаꙗ чистотѫ своѫ г҃леть• аште же и рѫкам моима прикоснѫхь сѧ мьꙁдѣ: И г҃ь сп҃съ нашь повѣдаетъ гл҃ѧ• блюдѣте и храните сѧ: отъ вьсего лихоиманиꙗ: ꙗко не отъ иꙁбꙑтъка комѹ животъ его естъ: ѿ имѣньи емѹ:|
26d| правьдьнъи вѣроѫ живъ бѫдетъ: о х҃ѣ ис҃ѣ г҃и б҃ꙁѣ нашемь емꙋже слава вь вѣкы вѣком АМИН і҃ ⁘ Ꙍ СКОУПОСТИ ⁘ Скѫпость• отъ малод҃шиꙗ проꙁѧбаетъ• паче же отъ невѣриꙗ• и неѹпъваниꙗ: аште бо о видимъихь• ꙗже даетъ намъ• блага вьсегда обильно благостиѫ своеѫ б҃ь• не емемь|
27a| вѣрꙑ емѹ: нъ сѫмьнимъ сꙗ• како о невидимꙑихъ и вѣчьнꙑихъ• и прѣбꙑтьнꙑихъ блаꙁѣхъ• ѧже самъ обѣшта намъ подати: вѣрѹимъ емѹ: ихьже ни око видѣло ни ѹхо слꙑшало• и на ср҃це чл҃кѹ не въшьло: вꙑ-истинѫ ѹбо поносими есмъ бж҃ьствънꙑимъ: ѱаниемь• ꙗко мѫжа хѹдод҃шъна къто прѣтръпитъ: Въꙁвѣрѹимь ѹбо б҃ѹ о трѣбовании тѣлесьнѣемь: да ѧвѣ бѹдемъ и о|
27b| дх҃внѣемь вѣрѹѫште емѹ: тѣмьже томѹ вьꙁдадимъ о вьсемъ: ꙗко тъ печеть сꙗ о насъ: И вѣсть ихьже трѣбѹемь: прѣжде прошениꙗ нашего: Б҃ъ бо въсѣмь штедротивь есть: Ꙗкоже и прмд҃рсть рече: иже ходить прѣпрость: ходить надѣѧ сꙗ⸱ И паⷦ• вѣрънꙋмѹ все лѣпо есть богатьство: невѣрънѹ же• не достоить• и пѣнꙗꙁь• и блг҇ⷭние гн҃е: на главѣ правьдьничи: и дш҃а блгⷭвима: вьсѣмь штедра: и сѣꙗи правъдѹ: приеметъ|
27c| мъꙁдѫ вѣрънѫ: не ѹморить бо гладомь г҃ь дш҃а правъдънꙑ: надѣꙗи бо сꙗ на богатьство свое: тъ падеть: и имѣние тъштьно събираемо съ беꙁакониемь: тъштетъно бꙑваетъ: • • • • • • • • • ••• а събираѧи себѣ съ благодариемь: раꙁбогатѣетъ: Гл҃етъ же моси: аште бѫдетъ вь тебѣ скѫдьнъ отъ братиꙗ твоеꙗ: не съжъми рѫкꙑ своеѧ отъ него: Нъ даждь емѹ еликаже|
27d| трѣбѹеть• И пѣвьць: се очи гн҃и на боꙗштиихъ сꙗ его иꙁбавити отъ съмръти дш҃а ихъ: и прѣкръмити ꙗ въ гладъ: богатии бо обништашꙗ: и въꙁъалкаашѧ: а вьꙁискаѫштеи г҃а: не лишѧтъ сꙗ вьсего добра: и не видѣхъ правьдьника оставена: ни сѣмене его просꙗштѧ хлѣба: И дрѹгꙑи• милѹѧ ништѧ облаженъ• и дш҃и своеи благотворить мѹжь милостивъ: такожде и апл҇ⷪь• сѣꙗи штꙗдѧи: штꙗдѧ и пожьнетъ: къжъдо ꙗко|
28a| же иꙁволение имать срд҃цмъ• обаче не оть скрьби• ни ѿ нѫжда: тиха бо дателѧ любитъ б҃ъ• дш҃елюбивьи же• и благъи г҃ъ• вьꙁьрите рече на пьтицѧ нб҃сънꙑѧ: ꙗко не сѣѫтъ ни жьнѭтъ• ни събираѫтъ въ житъницѧ: и оц҃ь вашь нб҃снъи кръмитъ ѧ: не вы ли паче лѹчьши есте ихъ: И пририче• не пьцѣте сѧ ѹбо гл҃ѫште• чьто ꙗмь• или чьто пиемъ• или въ чьто облѣчемъ сꙗ• вѣстъ бо оц҃ь вашь нб҃снꙑи•|
28b| ꙗко трѣбѫете сихъ вьсѣхь: иштѣте же прѣжде цр҃ства бж҃иꙗ и правъдꙑ его: и си вьсѣ приложатъ сꙗ вамъ: о х҃ѣ ис҃ѣ г҃и б҃ꙁѣ нашемь емѹже слава вь вѣкы вѣком АМИН а҃і ⁘ Ꙍ ВЪ ꙀАИМЪ ⁘ ⁘ ДАѬЩИИХЪ ⁘ Ѥже вь ꙁаимъ дати•|
28c| подобьно естъ паче же единовѣръньимъ: и сьнаслѣдьникомъ братомь: ꙗкоже и ꙁаконъ повелѣваетъ• рече бо• братѹ си даси въ ꙁаимъ• сирѣчь подьꙁакон͗нѹмꙋ⸱ тѹждемѹ же не даи въ ꙁаимъ: сирѣчъ• беꙁаконнѹмѹ: се ѹбо ꙁаконъ: Пособѹетъ же и притьчъникь гл҃ѧ: творꙗи милостꙑнѫ дастъ въ ꙁаимъ ближънѫмѹ своемѹ: И помагаѧи рѹкоѫ: блюдеть ꙁаповѣди:|
28d| И па҇ⷦ: даждь ꙁаимъ ближьнѫмѹ вь врѣмꙗ потребꙑ его: и не ошаи сꙗ благотворити ѹбогѹ: егда иматъ рѹка твоꙗ помагати: не ръци отьшьдъ въꙁврати сꙗ: и ѹтрѣ ти дамъ• Симъ приискрьнѣ и пѣснивьцъ прихвалѧеть гл҃ѧ: благъ мѹжъ милѹѧ и даѧ: И па҇ⷦ• въсъ дьнь милѹетъ и ꙁаеметь правьдънъи: и сѣмꙗ его въ блг҃ние бѹдеть: И па҇ⷦ• ꙁаеметь грѣшьнъи:|
29a| + не вьꙁвратитъ: Правьдъньи же милѹетъ и даеть: Трѣбѣ же е вѣдѣти мꙑслъ бж҃ьствънааго ѱаниѩ: ꙗкоже въ ꙁаимь дати въ помилованиꙗ мѣсто: искрънꙗаго повелѣно естъ• ꙗкоже е҇ⷭ ѱано• ꙁаповѣди дѣлꙗ подъими ѹбога: погѹби сребро брата ради: И па҇ⷦ: коль красьна милостъ въ врѣмꙗ скръби: съпоможеши ли сьтѣлесьникѹ своемѹ: имаши и варꙗѫштꙗ тѧ вь вьскрьсении|+ и
29b| сьпоможениѫ послѹха: а не вьꙁдꙑхаѫшта на тꙗ: непольꙁьно бо се: не бѹдѣмъ ѹбо ꙁлата дѣльма и брашьна нечадьни: ихъже ръжа и тьлѧ на послꙋшьство намъ бѫдеть: Слышꙗште павла гл҃ѫшта: подаваꙗи• штедротоѫ• и милꙋꙗи тихостиѫ: и въ трѣбованиѧ ст҃ъихъ причаштаѫште сѧ: И дрѹгыижде• да ѹчѧтъ же сꙗ и наши• добръихъ дѣлѣхъ прилежати:|
29c| въ нѹждьнаа трѣбованиꙗ• да не бѹдѹть бесплодьнї• рече же и проⷦ ꙁахариꙗ• сѫдомь правьдьномь сѫдите• и милость и щедротꙑ творите• къжьдо братѹ своѥмѹ• иоаннъ же• иже аще имать житиѥ мира сего• и видїть брата своѥго трѣбѹѭща• и ꙁатворить ютробѹ свою ѿ него• како любꙑ бж҃иꙗ прѣбꙑваѥть въ немь: симъ подобьна• сп҃сениꙗ нашего промꙑсльникъ г҃ь•|
29d| повелѣваѥть гл҃ѧ• вьсемѹ просѧщюмѹ ѹ тебе даи• и хотѧщѧаго ꙁаꙗти ѹ тебе не ѿврати• о х҃ѣ іс҃ѣ г҃и бꙁ҃ѣ нашемь• ѥмѹже слава въ вѣкꙑ вѣком АМИН ⁘ Ꙍ ЛИХВАХЪ Мира сего⸱ чл҃ци не бѹ + которꙑ остали сѧ• аще не съ прилогомь въсприимѹть вещии• ѥгда паче прѣжде длъга|+ тѧжь
30a| въ лихвꙑ приѥмлють• ꙗко бꙑти ихъ правьдѣ начало обидѣ велицѣ• и сего ради лихвѹющеи• нечисти и жестоци• именѹѥми сѹть• мрьꙁъци бо сѹть прѣдъ гм҃ь и чл҃кꙑ• и ѿнѫдъ хрьстьꙗномъ ѿрѥчено ѥсть примꙑшлениѥ• лишвьноѥ• Ꙗкоже рече проⷦ• о неправьдьнѣ градѣ• не оскѹдѣ ѿ пѹти ѥго лихва и льсть• О правьдьнѣмь же• серебра своѥго не дасть въ лихвѹ•|
30b| И паⷦ ѿ лихвꙑ• и о неправьдꙑ иꙁбавить дш҃ѧ ихъ• Притъчьникъ же• мъножаи б҃атьство своѥ съ лихвами и прибꙑтъкꙑ• милѹѭщюмѹ нищѧꙗ събираѥть ѥ• И инъ• лихва на лихвѹ• и льсть на льсть• вѣмь аꙁъ ѥтерꙑ ꙗко ꙁа приобрѣтениѥ лихвꙑ съ д҃шеѭ и истинѹ погѹбиша• Ꙁаконъ же повелѣваѥть гл҃ѧ• братѹ си не иꙁлихвꙋи серебра• или брашьна• или вьсеꙗ пища•|
30c| И пакꙑ сребра своѥго не даси въ лихвѹ и въ прибꙑтъкъ• не даждь брашьнъ своихъ⸱ Еклисиастъ же о богатѧщиихъ сѧ лихвами• или неправьдами• сице гл҃еть• ѥсть неправьда люта ѭже видѣхъ подъ слъньцьмь• богатьство хранимо ѹ себе въ ꙁълобѹ ѥго• и погꙑбнеть богатьство то въ млъвѣ ꙁълѣ• а вьси дн҃иѥ ѥго въ тьмѣ и плачи• и въ ꙗрости мъноꙁѣ и недѹꙁѣ• и трѹдъ ѥго въ вѣтръ• И аплⷪ҇ъ• такоже поѹчаꙗ|
30d| тимоѳѣ• гл҃ааше• богатꙑимъ въ нꙑнѧшьнии вѣкъ ꙁапрѣщѧи не вꙑсокомѹдровати• ни ѹпъвати на богатьство беꙁвѣстиꙗ: нъ на б҃а даѭщааго намъ вьсѧ обило: въ наслаждениѥ благодати: богатити сѧ дѣлꙑ добрꙑ: благоподативомъ бꙑти: обьщъникомъ: съкрꙑваѭщемъ себе основаниѥ добро въ бѹдѹщеѥ: + имѫть сѧ ꙁа вѣчънѹѭ жиꙁнь: повинѹѭще сѧ ѹ братиѥ: божъствьнѹмѹ ѱаниѭ:|+ да
31a| отъстѫпимъ лютааго лихоиманиꙗ: и мрьꙁъкааго сего ѹмꙑшлѧꙗ лишвьнааго: лихва бо льсти припрѧжена ѥсть: И паче порьвьнѹимъ добрѹѹмѹ рьвьниѭ блаженааго ꙁак͗хѣа гл҃ѫще съ нимь: се полъ имѣниꙗ г҃и: нищиимъ дамь: и аще ѥсмь кого чимь обидѣлъ: въꙁвращѹ четверицеѭ: да и мꙑ ѹслꙑшимъ отъ добрѣ вѣдѹщааго таинꙑꙗ наша владꙑкꙑ и сп҃са: дьньсь|
31b| сп҃сениѥ домѹ семѹ бꙑсть: о хс҃ѣ исѹсѣ г҃и бꙁ҃ѣ нашемъ: ѥмѹже слава въ вѣкꙑ вѣкомъ: АМИН г҃і ⁘ Ꙍ ЛИХОЇМ ⷶ҇НИИ ⁘ Рече г҃ь: никъже можеть• дъвѣма господинома работати: ли бо о единомь неродить• а дрѹгааго дрьжить сѧ: ли единого въꙁненавидить:|
31c| + дрѹгааго въꙁлюбить: не можете б҃ѹ работати и мамонѣ: свобождъше сѧ отъ грѣха• поработисте сѧ правьдѣ: и не можете б҃ѹ работати и мамонѣ: ѥже съкаꙁаѥть сѧ богатьство: ꙗкоже гл҃еть: богатьство аще течеть: не прилагаите срьдьцѧ: лютѣ бо грѣшъникѹ находѧщѫ на дъва пѹти: понеже аще бѹдеть по ꙁаконѹ: чѧсть прокажена: и чѧсть чиста:|+ а
31d| то вьсе нечисто ѥсть: лихоимьць же сꙑтости не имать мъногаго имѣниꙗ: егда бо м͗ного сътѧжить: пакꙑ иномѹ въсхощеть: и ѥгда и то ѹсвоить: пакꙑ дрѹгꙑихъ желаѥть: и николиже не прѣстаѥть отъ сѹѥтьнааго сего хотѣниꙗ: и не вѣсть ꙗко елико аще по мꙑшлениѭ: еже имать чловѣкъ о вещи пристрастиꙗ: то бж҃ии остѹплѥнии причѧщаѥть сѧ: и таковьи:|
32a| не чаеть коньца житиѫ: ни съвѣсть ꙗко пришьльць есть вь семь житьи: и ꙗже имать ꙗко не того сѫтъ: тѣмь тъ сь беꙁаконьнъими чьтеть сѧ: обьштьникъ бо есть богатѹмѹ ономѹ: емѹже ѹгобьꙁи сꙗ нива: и добрѣ гл҃ѫть о таковꙑихъ кънигꙑ: ꙗкоже адъ и погꙑбѣль не насꙑштаеть сѧ: тако и очи чл҃вчи несꙑтѣ: Хотѧ же бл҃жнъи ап҃лъ исцѣлити таковꙑ недѫгъ:|
32b| лихоиманиꙗ: присꙑлаетъ г҃лѧ• воле нꙑнѣ богатии плачите сѧ ꙁадрѣжѫште о страстехъ вашихъ грѧдѹштиихъ на вꙑ• богатьство ваше иꙁгни: и риꙁы вашꙗ мольми иꙁѣденꙑ бꙑшѧ: Дв҃дь же о таковыихъ гл҃етъ• иде ѹбо обраꙁомь ходитъ члв҃къ• обаче въсѹе мѹтить сѧ• съкрꙑваеть и не вѣсть комѹ събираеть ꙗ: Присно бо сънискаѫштеи• вьсѹе трѹдѧть сꙗ: И инѣмь дѣлаѫште обрѣтаѫть|
32c| сѧ: хотѧште бо богатити сѧ• въпадаѫтъ сѧ въ напасти• и сѣти неприꙗꙁнинꙑ: и похоти многꙑ несъмꙑслънꙑ: и врѣждаѫшта: ꙗже погрѫжаѫть чл҃вкꙑ: вь вьсетьлѣние: и погꙑбѣль• по ап҃лѹ и пакꙑ• ꙁапрѣштаетъ бѣгати лихоиманиꙗ: еже естъ идолослѹжение: егоже ради грѧдетъ гнѣвъ бж҃ии: на с҃нꙑ противънꙑꙗ: добро ѹбо есть• своѧ похоти вьꙁненавидѣвъше: беꙁѹмьнꙑѧ|
32d| хвалꙑ: ꙗже отъ богатъства: еже есть въꙁненавидѣти своѫ дш҃ѫ: и отърешти сѧ вьсего: славꙑ ради ев҇ⷢльꙗ бж҃ьꙗ: вьꙁемѧи бо мꙑсль своѫ отъ вьсего лихоиманиѧ: можетъ видѣти къꙁни неприꙗꙁнинꙑ: егда бо иꙁидетъ ѹмъ отъ тѣснъихъ печальи: то видитъ + по рѧдѹ вьсѣ пронꙑреньꙗ• врагъ• рече же притъчьникъ• не польꙁюѫтъ ничесоже съкровишта беꙁаконнꙑимъ: правъда же|+ по числѹ
33a| иꙁбавлꙗетъ отъ съмръти: и иꙁволенѣе имѧ добро нежели богатьство много: паче же сребра и ꙁлата• благодѣть блага• съдръжаи же пьшеницѹ: оставить ѫ ꙗꙁꙑкомъ: и цѣнѧи скѫпѣ жито⸱ проклѧтъ людьми: бл҃ние же на главѣ подаѫштааго• и надѣѧ сѧ богатьствѣ: падетъ• а ꙁастѫпаѧи правъдьникꙑ• тъ въсиꙗетъ• Г҃ъ рече о хотѧштиимъ своѧ житъницѧ раꙁорити: и болъша|
33b| съꙁъдати• беꙁѹмъне: въ сиѫ ношть ан҃гли дш҃ѫ твоѫ истѧжѫтъ• а ꙗже ѹготова• комѹ бѹдѹтъ• тако вьсь сьбираꙗи себѣ• а не въ б҃а богатѣѧ: о х҃ѣ ис҃ѣ + б҃ꙁѣ нашемъ емѹже слава въ вѣкꙑ вѣком АМИН ⁘ О МЛЪВЕНЬИ• ⁘ ⁘ СИРѢЧЪ О ЛИХОТРОУДЬИ ⁘|+ ги
33c| і҃д О млъвеньи ꙗвѣ ѹчитъ нꙑ еклисиастъ сице• дахъ ср҃це сво иꙁискати и посмотрити прѣмѹдростиѫ: о въсѣхъ бывъшиихъ подъ слн҃цемь• ꙗко млъвение люто дастъ б҃ъ сн҃омъ чл҃чемъ мльвити въ немъ• и по малѣ• и приꙁьрѣхъ аꙁъ на въсѣ творениꙗ моꙗ• ꙗже сьтвористе рѹцѣ мои• и на + тъштание имьже тъштахъ сꙗ творити• а се въсе сѹета• И па҇ⷦ: прѣдъ лицемъ чл҃кѹ далъ мѫдростъ|+ ѹсилъе
33d| и раꙁѹмъ и радостъ• а съгрѣшаѫштѹмѹ далъ млъвение и еже далъ• въ попѹсти мѣсто раꙁѹмѣти• самовластию чл҃чю приложити и събърати• ꙗко и се сѹетъе• въсе бꙑстъ отъ пръсти вьсе въ пръстъ въсели сѧ: И наводитъ• добро плъностъ гръсти покоꙗ• неже плъность дъвоѫ гръстию трѹда• и приводитъ• вь нихъже дахъ ср҃дце мое поꙁнати грѣхъ мои•|
34a| и видѣти млъвение сътвореное на ꙁемли• ꙗко и вь дьне и въ ношти• сънъ очи го нѣсте видѧшти• и вьсе житие нечьстива вь печали• начѧло бо ꙁълѹ млъвение бж҃ьствьнѹмѹ ѱаниѫ• ꙗвьньнѣ покаꙁавъшю намъ млъвение житие сѫште нечьстивꙑ и грѣшънꙑ чѧди• въси ѹбо длъжьни есмъ сего отъбѣгнѫти• иꙁѧштьнѣе же мꙑ отърекъшеи сѧ мира• и анг҃лское житие + вьсприимъше: беꙁвештьно бо беꙁмлъвие•|+ иꙁволше
34b| вештьнааго личьꙗ чьстьнѣе е• Паче же и ап҃лѹ гл҃ѭштю• никътоже воинъ бываѧ обѧꙁаетъ сѧ кѹпꙗми житиисками• да воеводѣ годѣ бѹдетъ• И паⷦ• да тихо и беꙁмлъвьно житие живемъ вь вьсемъ благовѣри-и правьдѣ• Семѹжде же и многолюбьꙁнꙑи г҃ъ нашъ марѳоѫ иꙁѹчаеть нꙑ гл҃ѧ къ неи• марѳо марѳо печеши сѧ и мльвиши о мьноꙁѣ: единоже|
34c| естъ на потрѣбѹ• мариꙗ бо благѫѭ часть иꙁбъра: Такожде же и притъчеѫ сѣѫштааго• вьнегда гл҃етъ: ово паде въ трьнии• и въꙁдрасте тръние• и подави е: И съкаꙁаѧ приноситъ• сь естъ слꙑшѧи слово и печаль вѣка сего• и прѣльстъ богатьства подаваетъ слово: и бес плода бꙑваетъ• а сѣѧное на добрѣ ꙁемли сии же сѫтъ слꙑшаштеи слово ср҃цемъ добромъ• Сирѣчъ беꙁмлъвиемъ|
34d| и тихостиѫ• и плодь творѧтъ• вь л҃ и ѯ҃ и вь р҃ о х҃ѣ іс҃ѣ г҃и бꙁ҃ѣ нашемъ• емѹже слава въ вѣ вѣкомь АМИН і҃е О ТОМ ЕЖЕ НЕ ЛЮБИТИ МИРА СЕГО Мѫжи• иже х҃вꙑ ради любьве• оставивъше родителѧ• и чѧда• и братиѫ• и вьсѣ вѣка сего|
35a| ѹметꙑ мьньвъше: + да х҃а приобрѧштемъ• не моꙁѣмъ сьде искати славꙑ• ни плъти промꙑсла съдѣимъ• ни врѣменнъихъ• и тьлѣѫштиихъ вьꙁлюбимъ• ни погребѣмъ вь ꙁемли таланта• не вьꙁиштѣмъ сьде отьчьства• нъ бѫдѹштааго вьꙁиштѣмъ• вьꙁьримъ же на ненавидѧштиихъ мира сего• а б҃а любѧштиихъ• и ѹꙁьримъ вьсѫ мꙑсль ихъ• прѣсельшѹ сѧ• на о|+ да х҃ѹ годѣ бѫдемь
35b| на вѣчьнаа жилишта: Иже и ходиша въ овъчахъ и коꙁьѧхъ кожахъ• лишени⸱ скръбѧште• да и желаемааго миротворьца насладѧтъ сѧ• Тѣмъже и мꙑ вьꙁираѫште• на дивьныꙗ тꙑ мѫжѧ: слѣдомъ ихъ послѣдѹимъ• ни на чьтоже ино вьꙁираѫште• ни на славѫ чл҃чѫ• ни на ино етеро отънѫдь еже естъ вѣка сего• да въꙁможемъ доити съ ними• ѹготованъихъ|
35c| любѧштиимъ б҃а• Бѣжимъ ѹбо любленици• мира и сѫштиихъ вь мирѣ• миръ бо вьсь вь ꙁьлѣ лежитъ• ꙗкоже бж҃ствьное отърече слово• дш҃а бо аште мирънъихъ не останетъ сѧ печальи• то ни б҃а вьꙁлюбитъ истиннѣ• ни диꙗвола вьꙁненавидитъ достоинѣ• покрꙑвало бо единоѭ иматъ печально• аште ѹбо въ обꙑчаи придетъ• небрѣговати мирънъихъ добръ: можемъ|
35d| и ꙁемьнѫѭ дш҃ѧ похотъ• съ словесъноѫ еꙗ• съвъкѹпити любьвьѭ• обьштениѫ ст҃го дх҃а се строꙗштѹ намъ• аште ѹбо въ страсѣ живемъ• и градъ нашь далече естъ отъ града сего• и вѣмъ градъ нашъ вь немьже хоштемъ жити• чьто вь стѹждемъ готоваемъ села и ꙁъданиꙗ• и жилишта сѹетьна• и оплъчениꙗ многа• Си бо гатоваꙗи въ тѹждемъ градѣ• ꙗвѣ естъ ꙗко не чаетъ въꙁвратити сѧ въ|
36a| свои• сирѣчъ въ вꙑшьнии іл҃мъ• мꙑсль бо си• беꙁѹмьнъихъ и дъвод҃шънꙑихъ и окаанꙑихъ чл҃къ естъ• не раꙁѹмѣѫть бо ꙗко си въсѣ тѹжда сѫтъ• и подъ властиѫ иного сѹтъ• сирѣчь кънѧꙁѧ вѣка сего• Тѣмьже длъжъни есмъ ꙗко въ тѹждемь живѫште• ничесоже больша готовати себѣ• раꙁвѣ самодовьлиѧ• и добрꙑ дѣтѣли• любѧштеи бо своего г҃а• и имѫштеи присно въ своихъ ср҃цихъ• въ ꙁаповѣдехъ|
36b| его ходѧтъ• и ꙁаповѣдемъ его вѣрѹѫть• и чаѫть• добро ѹбо естъ• вь имѣнии мѣсто и сътѧжании• сѫштиихъ дьньсъ нашихъ• а ѹтрѣ тѹждихъ• ѹтѣшати дш҃ѧ скръбънꙑѧ• ꙗкоже къто можетъ• въдовицъ и сиротъ посѣштати• а не прѣврѣждати имъ• такожде и въ манастꙑрихъ добрѣ растраꙗти своꙗ• богатьство еже отъ б҃а приꙗтъ• на семь свѣтѣ• тѣмъ раꙁдаꙗти•|
36c| на се бо и подасть ꙗ намъ благъи нашъ вл҃ка• да въ слѹжъбѹ сиѫ• иждивѫтъ сѧ• да вь тѣхъ мѣсто приимемъ• богатьство нетьлѣнно• ꙁѣло ѹбо лѹч-естъ тацѣхъ селъ• и имѣнии кѹповати• ꙗже и прѣбꙑтьна сѫтъ• и варѣѫтъ нꙑ въ старѣемъ градѣ нашемъ• егда придемъ въ нь• не пьцѣмъ сѧ ѹбо вьꙁлюбении• ꙗкоже речено быстъ• врѣменнъими|
36d| да вѣчънаꙗ полѹчимъ• мимотьцѣмъ мира сего• да миротворъца доидемъ• оставимъ не нашаа• да нашаꙗ приимемъ• обраꙁъ бо мира сего мимоходитъ• ꙗко сънъ• да ꙗште и трѣбѫемъ мира сего• бѹдемъ ꙗко нетрѣбѹѫште: Ꙗкоже и блаженꙑ• иоанъ ꙁаповѣдаетъ гл҃ѧ• Не любите мира сего• ни ꙗже сѹтъ вь мирѣ семь• аште кто любить мирь сь нѣстъ любьве оч҃а вь немъ•|
37a| ꙗко вьсе еже вь свѣтѣ семь• похоть пльтьнаꙗ• и похоть очьнаѧ• гръдꙑни житиискаꙗ• ꙗже не сѫтъ ѿ оц҃а• нъ отъ мира се естъ• и миръ сь мимоходить и похоть его• а творѧи волю бж҃иѫ прѣбываетъ въ вѣкь• рече + и иꙗковъ• иже аште иꙁволитъ дрѹгъ свѣтѹ семѹ быти• врагъ бж҃ьи бываетъ• Павлъ же• съвлъкъше сꙗ ветьхааго чл҃ка• съ дѣаниїми его• и облъкъше сѧ вь новааго•|+ же
37b| обнавꙗѫштааго сѧ• И приноситъ• ничесоже бо не вьнесохомъ въ миръ сь• ꙗвѣ же ꙗко ни иꙁнести чесо въꙁможемь• имѹште же пиштѧ и одѣниꙗ• сими довьльни бѹдѣмъ• Сихъ жде и соломонъ• проситъ гл҃ѧ• богатъства и ништетꙑ не даждь ми• съчетаи же ми подобьнаꙗ• и самодовъльна• И пакꙑ• павлъ велѧ намъ вꙑсоче вьꙁити• и съ нб҃снъими гражданꙑ ѹстроити|
37c| сѧ: ѹчить гл҃ѧ• аште ѹбо въскръснѹсте съ хм҃ъ• то вꙑшьньихъ иштѣте• идеже есть х҃ь о деснѫѭ оц҃а сѣдѧ• вꙑшьнѧа мѫдрѹите а не ꙁемьнаꙗ• ѹмрѣсте бо съ х҃мъ• и животъ вашь съкръвенъ естъ о х҃ѣ• хотѧ + нꙑ добрꙑимъ иꙁмѣнениемъ иꙁмѣнити• И приводитъ• не съобраꙁѫите сѧ вѣкѹ семѹ• нъ прѣобраꙁѹите сѧ въ обновление ѹма|+ же
37d| вашего• Благъи же нашъ г҃ь• ѹтвръждаꙗ слово своихъ ѹченикъ• рече• каѧ ѹбо польꙁѣ чл҃кѹ• аште вьсь миръ приобрѧштетъ• а дш҃ѫ своѫ отъштетить• ли чьто дасть иꙁмѣнѫ ꙁа дш҃ѫ своѫ б҃ѹ• емѹже слава вь вѣкы вѣкомъ• АМИН ꙅ҃і ⁘ О ДРЪꙀОСТИ ⁘ Подобьна естъ дрьꙁостъ ꙁноѫ велию• егоже не тръпѧште палениⱑ•|
38a| бѣгаѫтъ чл҃ци ѿ него• и подъ сѣнь прибѣгаѫть• покоꙗ ради• еже есть беꙁдръꙁновение и говѣние• оходѧтъ лютааго дꙑма дръꙁновениѧ• и прѣходꙗтъ къ кѹрениѫ благоѹханьнаго кадила• еже естъ беꙁмлъвие• бѣжатъ смрада лѹкогрꙑꙁьца• и приближаѫтъ сѧ муроносьци• и сладорѣчивѣ• иꙁдригаѫштиимъ слово благо• и истачаѫштиимъ словеса гн҃ѧ прѣчиста•|
38b| ничьтоже бо тако просмраждаетъ добрꙑꙗ дѣтели чл҃кѹ• ꙗкоже скрѣневание и играние• и праꙁдьнословесие• и пакꙑ• ничьтоже тако обетъшавьшаꙗ дш҃ѧ понѧвлѧетъ• ꙗкоже страхъ бж҃іи: и доброе вънимание• и еже поѹчати сѧ бес прѣстана словесемъ гн҃емь• и м҃лтвоѫ присно сѧ въорѹжати• и бьдростьнааго прибꙑтька слѣдовати: + стъ• ꙗкоже естъ ѱано вь еклисиастѣ•|+ дръꙁость бо мрьꙁька е
38c| ꙗко мрьꙁость г҃ю• ѹтвръждаꙗи око• и ненакаꙁании невьꙁдръживи ѧꙁыкомь• и аште обранѣеши беꙁѹмьнааго посрѣдѣ сьньмишта срамѣꙗ и не отъимеши беꙁѹмиѧ его• И па҇ⷦ• мѫдрость чл҃кѹ просвѣштаетъ лице его• бестѹдьнꙑи же лицемъ своимь вьꙁненавидѣнь бѹдетъ• И вь притъчахъ• рѣдъко въноси своѫ ногѹ къ дрѹгѹ своемѹ:|
38d| еда когда насꙑштъ сѧ тебе вьꙁненавидитъ тѧ• отъврати отъ себе поносъна словеса• И паⷦ: иже аште благоствѹеть дрѹга велиемь гласомь• и кльнѫштаго ничимьже естъ раꙁно• И паⷦ• иже хранитъ ѹста своꙗ и ѧꙁ҃кь• съблѫдеть отъ печали дш҃ѫ своѫ• подвигнѣмъ сѧ ѹбо въꙁлюблении вьсеѫ силоѫ• не дати мѣста обладати нами• врѣдѹ ꙁьлꙑѧ дрьꙁости• лютъ бо естъ ꙁѣло• и родительнъ|
39a| вьсѣхъ страстьи• и раꙁгѹбꙗѧ вьсѧ плодꙑ и добрꙑ дѣтѣли чл҃кѹ• въꙁненавидѣно же естъ и отъ б҃а• Тѣмъже и оꙁана дръꙁнѹвъша прострѣти рѹкѹ• + и прѣпроводити кивотъ бж҃ьи• абье ꙗко скврънава и нечиста ѹмрътви• еже бо дръꙁовати и въꙁносити сѧ негодьно б҃ѹ и чл҃кмъ естъ• И се ꙗвѣ съвѣдꙑ д҃дъ гл҃ааше• благо мнѣ• ꙗко съмѣрилъ мѧ еси• да наѹчѫ сѧ оправьданиемь|+ ковчегъ
39b| твоимь• и пригвоꙁди страсѣ твоемъ плътъ моѫ• отъ сѹдъбъ бо твоихъ ѹбоꙗхъ сѧ• И павълъ же рече• да ми сѧ ражънъ плъти• да не прѣвъꙁношѹ сѧ• И инъ• къто сѧ похвалитъ ч҃то имѣти ср҃це• или къто дръꙁнетъ прѣдъ нимь• Тѣмьже и г҃ъ дръꙁнѫвъшѫ петрѹ• и рекъшѫ• милостивꙑи г҃и• не иматъ тебѣ бꙑти се• ꙁапрѣти рекъ• иди ꙁа мноѫ сотоно: Вьпрошень же по|
39c| въскръсении г҃мь петре любиши ли мѧ сь вьсѣмъ говѣниемь отъвѣшта• еи г҃и тꙑ вѣси ꙗко любю тѧ: емѹже слава въ вѣкꙑ вѣкомъ АМИН ꙁ҃і ⁘ О ТОМЪ ЕЖЕ ⁘ ⁘ ХРАНИТИ СѦ ⁘ ⁘ ОТЪ ЖЕНЪ• ⁘ Еже хранити сѧ отъ женъ ꙁѣло подобьно и чиновъно хотѧщиимъ|
39d| непорочьномъ и чистомь житиемь жити• нестроино бо естъ ѿбѣгъшиимъ единоѫ мира приближати сѧ женѣ• или любити бесѣдꙑ женьскꙑ• етери бо виноѫ милованию милованиѧ благочьстъно мьнѧтъ съчетавати сѧ съ женами• дръꙁостънѣ едини се дѣѫште• иже и ѹдобь оклеветаеми• и блаꙁномь многомь виновьни бꙑваетъ• и ѧвѣ тако ꙁълообраꙁѧште не ръдѧтъ сѧ• чътоже створѧтъ|
40a| неꙗвенꙑмъ ломъ• аште о ѧвѣ сѫштиихъ тако хвалѧште сѧ• како ли обличаеми прѣстанѫтъ• иже обличаѫштꙗѧ потѧꙁаѫште• како ли бжс҃твьнъихъ проречении ѹбоꙗтъ сѧ• иже басни непьштѹѫште• како ли сѫда въꙁбоꙗтъ сѧ иже ни сѹштааго дѣлꙑ повѣдаѭште• како ли х҃ѹ вѣрѹ имѫтъ• не хотѧштеи ꙁаповѣдии его дръжати: нъ своими волꙗми ходѧште• еже не подобаетъ бг҃очъстивъимъ|
40b| хръстьꙗномъ• Добро ѹбо естъ о себѣ отъити отъ нихъ• се бо естъ годѣ б҃ѹ и чл҃комъ• женьскꙑи бо въꙁоръ• стрѣла естъ ꙗдовити• ѹꙗꙁви лице• и ꙗдъ въложи• и елико мѹдитъ• толико гноꙗ творитъ• хранѧи же сѧ• не въпадетъ сѧ въ нѫ• и не ѹꙗꙁвитъ сѧ стрѣлами еꙗ• ꙗкоже бо свѣштъное свьтѣние• кръмитъ масло• тако и похотънъи огнъ раꙁгнѣштаетъ женъска бесѣда•|
40c| и ꙗкоже искра мѹдивъши• вь плѣвахъ вьꙁеметь пламꙑ• тако памѧтъ женꙑ прѣбꙑваѫшти въжиꙁаетъ похоть• и ꙗкоже огнеметъное камение еже на въсточьнѣи горѣ мѫжьскъ поль и женъскъ донели далече естъ отъ себе: никакоже огнъ не жъжетъ• аште ли приближить сѧ мѫжъство• женъствѣ• въꙁгоритъ сѧ огнъ и пожъжетъ въсе• Тако и словесъное мѫжеженъство•|
40d| Бѣжимъ ѹбо отъ нихъ любеници• ꙗко сѣти сѹтъ + бесѣдꙑ ихъ• и ѹлавѧѫтъ дш҃а нашѧ• ѹслꙑшимъ ѹбо чьто о нихъ• бж҃ствъное ѱание гл҃етъ• Пръвое притъчьникъ рече• отъ женꙑ начатькъ грѣха• и тоѫ ѹмираемъ вьси• И наводитъ• не даждъ водѣ исхода• ни женѣ ++ лѹкавѣ дръꙁновениѧ на тѧ• и не ѹпадаи сѧ на добротѹ женъскѫ• и женѣ не похошти•|+ отрова     ++ ꙁьлѣ
41a| И па҇ⷦ• очи твои правѣ да ꙁърите• ꙁане прѣдь очима бж҃ьꙗма сѫтъ пѫтие мѫжѫ• права течениѧ створи твоима ногама• не ѹклони сѧ ни на десно ни на шѫе• въꙁврати ногѫ твоѫ отъ пѫти ꙁъла• И паⷦ• сн҃е• да ти не одолѣетъ доброта и помꙑслъ• ни ѹловенъ бѫди своима очима• ни съвъсхꙑти сѧ своима вѣкома• Ꙗко жена мѫжь чьстьнъ дш҃а ѹлавѧетъ• прѣльститъ|
41b| бо чл҃ка многоѫ бесѣдоѫ• осилꙑ же ѹстьньнъими поведе и• онъ же послѣдова еи въꙁдрътъ• ꙗко волъ на ꙁаколение ведетъ сѧ• и ꙗко пьсъ на ѫꙁꙑ• не вѣ ꙗко о дш҃и течетъ• да не ѹклонитъ сѧ ѹбо въ пѫти еѧ ср҃це твое• многꙑ бо ѹꙗꙁвьши ниꙁъведе• и бечисльни сѫть ꙗже ѹбила естъ• пѫтие бо адови пѫтие еѧ• ниꙁъводѧште въ съкровишта съмрьтъна• Се ѹбо|
41c| соломонъ• како же егуптѣнꙑни• не въꙁорѹ ли иосифю въсхотѣ плътьноѫ любьвьѫ• сѫштааго + чиста• и томѹ не рачивъшѹ съвръшити хотѣниѧ еѧ• въ скръви и нѫжда лъжиими рѣчьми благочьстивааго вьведе до съмръти• Видиши ли ++ примѣшение плътьное егуптѣнꙑнѧ• коликѫ съдѣла правьдивѹмѹ скръбь• сего ради ѹбо вьсѣми обраꙁꙑ польꙁа естъ намъ|+ славна чс҃тна пригвоꙁди     ++ прѣбꙑваніе
41d| хранити сѧ отъ нихъ• не имѹть бо польꙁѧ бесѣдꙑ ихъ хотѧштиимъ въ истинѫ чрѣсла прѣпоѧсати• Не слꙑшѧ ли о самѱонѣ наꙁарѣинѣ• съ нимьже дх҃ъ гн҃ь хождааше• и таковааго ст҃ьца жена погѹби + лѹкавьноѫ пльтиѫ• и неподобьноѫ похотьѫ• тѣмьже бьхъма не велимо нъ естъ съ женоѫ посѣдѣти или имѣти бесѣды отънѫдь• Такожде и о дв҃дѣ не накаꙁа ли сѧ• егоже и обрѣте б҃ъ мѫ|+ ꙁълобьноѫ
42a| жа по ср҃дцѹ своемѹ• како въꙁорѹ женꙑ гл҃ѫ же виръсавеинѹ въсхотѣвъ• въ колико ꙁьло въпаде• видѣ бо ѫ ст҃ъи по истинѣ + мꙑѫштѫ сѧ: въ въхотѣнии ꙁрака еѧ бꙑвъ• колико ꙁъло прѣвеликъи тъ мѫжь сьдѣла и съгрѣши б҃ѹ• не тъчьѫ въ прѣлюбодѣание въпадъ• нъ и мѫжа еѧ ѹбити повелѣвъ• Видиши ли коликѫ вешть съвръшевалъ похоти ради помаꙁанникъ гн҃ъ дв҃дъ: Накажѣмъ сѧ ѹбо не|+ кѫпѫщѫ сѧ
42b| похотѣвати• Аште бо толици мѫжи женами + падошѧ• како мꙑ немоштьнии съ своимь паданиемъ мимоходѧште иꙁбѣгнемъ• Такодже и амнонъ• сестрꙑ ради своеѧ ѳамарꙑ и ѹбиенъ бꙑстъ ꙁьлѣ• такожде и соломонъ имѣѧ прѣмѫдростъ и мѫдрьство и литие ср҃дца• и богатьство бо и славѫ великѫ паче вьсѣхъ чл҃кь• и тъ женами погꙑбе• и остѫпьникъ бꙑстъ отъ г҃а женꙑ ради• Старьца ꙗже на сѹсанѫ сѫдии• примѣшение|+ ѹаꙁвишꙗ
42c| и съглѧдование добротꙑ тѹждеѧ• въ пичинѫ похотьнѫю въпадъша• въстасте на блаженѹѫ сѹсанѫ• Се ѹбо о похотѣнии• обличаеть же іс҃ь сираховъ лѫвьство ихъ• рече бо• вьсе лѹкаство• а не лѹкавъство женъско• волю жити съ льмь• и ꙁмиемь• нежели жити• съ женоѫ лѹкавоѫ• И паⷦ• мала е вьсѣ ꙁълоба противѫ ꙁьлобѣ женьстѣ• И притъчьникъ• далече створи отъ неѧ свои пѫть•|
42d| не приближи сѧ къ двьръмъ домѹ еѧ• да не насꙑтѧт сѧ ини добротꙑ твоеѧ• и раскаеши сѧ послѣдь: Добро ѹбо слѹшати гл҃ѫштааго• не ожены сѧ печетъ сѧ гн҃иими• како ѹгодитъ г҃ю• оженьи бо и сѧ печетъ сѧ мирьнъими како ѹдитъ женѣ• и раꙁдѣленъ естъ• И чл҃колюбивъи г҃ъ вѣдꙑ врѣдъ дш҃етьливъ• отърече сице• вьсь вьꙁираꙗи на женѫ кь похотѣниѫ еи• ѹже любꙑ сътворилъ естъ|
43a| съ неѫ въ ср҃ци своемъ• Тѣмьже ѹбо братие си вьсѧ винꙑ пагѹбьнꙑѧ слꙑшавъшѧꙗ женами• прилежъно молимъ сѧ иꙁбꙑти ихъ• помоштиѫ прѣмилостивааго б҃а нашего• емѹ слава вь вѣкꙑ вѣкомъ АМИН О ТОМЬ юЖЕ НЕ ПРИМѢШАти сꙗ пꙩѫщаХ|
43b| иі И еже не примѣшати сѧ поѫштахъ• непольꙁьно намь естъ• врѣждаемомъ намъ бесѣдами ихъ• рекомꙑихъ чрънориꙁьцъ• подобие бо видѣниꙗ женьскааго• начьнетъ мѫтити срце члкѹ• и отътръꙁати ѹма отъ беꙁмлъвьѧ• и въ слѣдъ и вести проче и въ мл҃твѣ ꙁѣѫшта и ѹпраꙁнована отъ славословесиꙗ бж҃ьꙗ• и праꙁньнѹѫшта о печьнꙑихъ• обꙑчаи бо бесѣдꙑ ихъ подобьно|
43c| естъ вь срци чръньчи• ꙗко и чръвь вь дрѣвѣ и молеве вь риꙁѣ бꙑвати• аште ѹбо хоштеши цѣломѫдровати• бѣгаи бесѣдъ ихъ• и не даждъ имъ дръꙁновениѧ бесѣдовати съ тобоѫ• + въ начатьцѣ бо говѣние имѫтъ и тако лицемѣрѹѫтъ• послѣжде же вьсе дръꙁнѹтъ• ++ пръвое вѣштаѫтъ кротъцѣ• и глѧдаѫтъ долѹ• часто слъꙁѧтъ• обраꙁѹѫтъ сѧ чъстънѣ• +++ и горьцѣ въꙁдꙑшѹтъ• въпрашаѫтъ|+ испръва бо     ++ пръваа бесѣда•     +++ свѣтѣ чстѣ
43d| о чистотѣ• и сластънѣ слѹшаѫтъ• вътороѫ бесѣдоѫ• + и малꙑ въсклонишѧ сѧ горѣ• третиее• тꙑ осклабилъ сѧ• а она грохотомъ вьсмиꙗла сѧ• потомь и словеса въꙁглаголютъ• мьнѧшта срамовънъи врѣдъ• се же тебѣ бꙑваѫтъ ѹдꙑ облъштаѫштаꙗ въ съмрътъ• ѹне ѹбо приближити сѧ огни горѧщи• Нежели женѣ юнѣ• юнъ сꙑ самъ• огни бо сѧ прикосъ• и въꙁболѣвъ отъскочиши скоро• женъскъими|+ вьтораа бесѣда
44a| же гл҃ꙑ ослабѣвъ• бѣдънѣ отидеши• Добро ѹбо естъ и благоѹгодъно бѹ и члкомъ• отърицати сѧ и не примѣшати сѧ ихъ• да не обѧꙁавьше сѧ сѣтъми ихъ• въꙁбѣдънѹемъ гонести• ꙗкоже и въпадъшаꙗ мѫхꙑ въ поставъ паѫчъ• Паче же мꙑ иже своихь отърекъше сѧ• и б҃ѹ сѧ порѹчивъше• не трѣбѣ имамъ сѹетънꙑѧ ихъ• и дш҃еврѣдъливꙑ бесѣдꙑ• да не бѹдетъ гньси въ дш҃и нашеи•|
44b| грѣхолюбивъи бо бѣсъ много + пронꙑрѹетъ на нꙑ• наѹштаетъ бо ꙗ моли сѧ съ въꙁдꙑханиемъ и слъꙁами• часто присѣштати ихь и промꙑшлꙗ ти мъꙁдꙑ дѣльма еже отъ г҃а слѹшаѫште же ихъ• въꙁъмемъ въꙁмъꙁдие• не ѹдъ ицѣлимꙑ врѣдъ въ дши• и мꙑсли стѹдовънꙑ• къ томѹ ср҃це мѫтимо• мѫчитъ сꙗ ѧко мѫчителꙑ• тжоуштемъ е сѣмо и сѣмо• Сѹетье бо естъ намъ ꙗкоже прѣжде рѣхомь• оставлъше|+ лѫкѹетъ
44c| родителѣ• и братиѫ• имѣти бесѣдꙑ• въ дш҃ънѫѭ погꙑбѣлъ• вьсемь бо неподобьно естъ чл҃кѹ сп҃сти сѧ хотѧштѹ• съ женами ѣсти или пити• или строити женꙑ• или бъшиѫ имѣти сь ними раꙁѹмъ• Такожде же и чрънориꙁицамъ• неподобьно естъ съкѹпити сѧ сь мѹжи• Да никътоже блаꙁнить сѧ насъ ради• нъ да бѹдемь въсѣмъ бес прѣтꙑканиѧ• вѣдѹште бо рече страхъ|
44d| гн҃ъ• чл҃кы прѣпираемъ• б҃ѹ же ꙗвѧемь сѧ• Въꙁбоимъ сѧ ѹбо ꙗкоже речено съблажнѣти етерꙑ• Слꙑшѧште г҃а гл҃ѫшта• ꙗко ѹне е да бꙑ камень на вꙑи его жръновьнъи повѣшенъ• и вьвръженъ въ море• неже да съблаꙁнитъ единого малꙑихъ сихъ• трѣбѣ ѹбо естъ ꙗко отъ лица ꙁмиина и грѣха велика бѣгати отъ нихъ• ꙁане съмрьтоносъно естъ хотѧштиимъ подвиꙁати сѧ• не тъчъѫ же + бесѣдꙑ ихъ|+ примѣшениѧ
45a| нꙑ и помꙑшлениꙗ• ѹчитъ же нꙑ семѹ и притъчъникъ гл҃ѧ• не даждъ твоего богатства женѣ• и твоего ѹма и житиꙗ въ послѣдосъвѣтие• И їнъ• пѣваѫштии не примѣшаи сѧ еда како ѹвѧꙁнеши вь начинаниихъ еѧ• Мьнѫ же и исаиѫ о нихъ гл҃ѫшта• ꙁанеже въꙁвꙑсишѧ сѧ дъште сионѧ• и идошꙗ вꙑсокоѫ вꙑеѫ• и помиꙁаниемъ очиѫ• и прочаа• и приводить• и гъ отъкрꙑетъ|
45b| обраꙁъ ихъ въ дн҃ь онъ• еже сѧ събꙑ• ꙗкоже непьштѹѫ вь нꙑнѣшьньи приходъ халдѣискъи• Гл҃етъ же инъжде• дѣвицѧ не съглѧдоваи• да не съблаꙁниши сѧ въ ꙁапрѣштенъихъ еѧ• И паⷦ• вино и женꙑ отъвратѧтъ очи раꙁѹмивъихъ• И еклисиастъ• горьчѣе паче съмръти бесѣда женьска• ꙗже естъ ловение и неводъ ср҃це еѧ• ѫꙁꙑ вь рѹкѹ еѧ• благꙑи прѣдъ лицемъ бж҃иемъ иꙁѧтъ бѹдетъ иꙁ неѧ|
45c| и съгрѣшаꙗи ѹвѧꙁнетъ въ неи• и наноситъ• весели сѧ юното иꙁъ ѫности своеѧ и ходи въ пѫтехъ бес порока• а не въ видѣнии очиѫ си• и ѹвѣждъ въ вьсѣхъ пѫтехъ• ꙗко приведетъ тѧ г҃ь на сѫдъ: Такожде и ап҃лъ• вьсѣмъ бо намъ ꙗвити сѧ подобаетъ прѣдъ сѫдиїштемь хв҃омъ• да прииметъ къжьдо ꙗкоже тѣломь сьдѣла• аште ли благо аште ли ꙁьло: Мꙑ ѹбо мьнѧштеи сѧ вѣдѣти кънигꙑ и не хранѧште:|
45d| лише имамъ осѫждени бꙑти паче не вѣдѹштиихъ• по словеси гн҃ю• ꙗко тъ рабъ вѣдꙑи волю г҃а своего• и не сътворь по воли его• бьенъ бѹдетъ много• лишьша просѧтъ ѹ него• се же естъ на страшънѣмь сѹдиишти• вьсѣмъ• паче же емѹже е чьто порѹчилъ влка• да потъштимъ сѧ ѹбо братие• прилежьно молити сѧ дѣлаѫште даръ о х҃ѣ и сп҃сѣ нашемь бꙁ҃ѣ емѹже слава въ вѣкы вѣкомь|
46a| АМИН і҃ѳ ⁘ О ЛЮБОДѢАНЪИ Врѣдъ любодѣаниꙗ многочастънъ• и ѿ бесѣдꙑ женьскꙑ въстаетъ• ѹдобь бо вълагаѫтъ въ ср҃це чл҃че лъстивънꙑ бесѣдꙑ оплаꙁивъихъ женъ• лютѹѫ прѣлъстъ• не тъчъѫ же сѥ• нъ и сѫгѹбь бываетъ любодѣаннъи бѣсъ• въ дш҃и и вь тѣлѣ съставѧемъ• и сего ради сѹгѹбѹ на нь брань въꙁдвигнѹти длъжънѫемъ•|
46b| не довъльно бо сть едино тѣлесъно и поштение• да сътѧжитъ къто• съвръшѥно цѣломѫдрие и чистотѫ• аште и ср҃чнааго не бѫдетъ сътьрениꙗ• и млт҃вꙑ прилежъны къ бѹ• и кънижьнааго часта поѹчениꙗ• и трѹда• и рѹчьнааго дѣла: ꙗже могѹтъ бечинънаꙗ дш҃а стръмлеꙗ + съкѫтати• прѣжде же въсего польꙁѹетъ• ++ съмѣрение дш҃ѧ• беꙁ негоже ни любодѣаниѫ ни инѣмъ +++ врѣдомъ можетъ|+ вьстꙗꙁати     ++ нижение покорение ѹмілѥние     +++ грѣхомь
46c| кто прѣдолѣти• подобаетъ же и ср҃дце въсѣмъ хранениемъ блюсти отъ скврънъихъ мꙑслеи• ис того бо исходѧтъ гн҃ю гласѹ помꙑшлениꙗ ꙁъла• аште ѹбо естъ намъ по ап҃лѹ ꙁаконьнѣ страдати и вѣньцъ приꙗти одолѣвъши нечистѹмѹ дх҃ѹ любодѣаниꙗ• Не нашеи силѣ• или постѣ + надѣимъ сѧ• нъ владꙑчи помошти: ++ не почиваетъ бо чл҃къ боремъ дх҃омъ симъ• доньдеже|+ пъваимъ     ++ не прѣстаетъ
46d| въ истинѹ вѣрѹ иметь ꙗко не своимь тьштаниемь и трѹдъмь• нъ бж҃иемь кровомъ и поштьѫ гонѣꙁаетъ недѹга сего• добро ѹбо естъ на отъгънание противъника и чистотѹ тѣла• прѣжде съпаниѧ на ложи• молити сѧ мл҃твоѫ сеѭ: Даждь намъ вл҃ко въ съпании покои тѣлѹ• и съхрани нꙑ отъ мрачънꙑѧ тъмꙑ и грѣховьнꙑꙗ• иꙁбави нꙑ отъ вьсеꙗ скврънꙑ|
47a| плъти и д҃ха• даждь намъ стꙑнѫ творити въ страсѣ твоемъ• и иꙁбави нꙑ отъ въсего тъмьна и ноштъна + сластолюбиꙗ• ѹстави стрьмениꙗ страстьи• ѹгаси тѣлесъное раждъжение• плътънаꙗ ++ въстаниꙗ ѹпраꙁни• тѣлесънꙑꙗ страсти и мѫдрование пльтьное ѹсъпи• даждь намъ ложе покоино• бьдѧштеѫ мꙑслиѫ и трѣꙁвомъ ѹмомъ• да не прѣꙗти бѹдемъ тѧжъкомъ сьномъ•|+ сластострастиѧ     ++ мꙑсли
47b| нъ въꙁдвигни нꙑ на ноштьнаꙗ и ѹтрънѧꙗ слѹжениѧ твоѧ• и вьсеноштьное намъ славословесье твое дарѹи• пѣти вельлѣпьное имѧ твое• оц҃а и сн҃а и ст҃го дх҃а вь вѣкꙑ аминъ: Добро же естъ ꙗкоже е прѣжеречено• сѣтьи и ѹдъ женъскъ отъбѣгати• и лѹчити сѧ отъ нихъ• Прѣмѹдрыи бо соломонь се искѹсомь прѣимъ• вьсѣмъ ꙁаповѣдаетъ гл҃ѧ• не вьнеми ꙁьлѣ женѣ:|
47c| медь бо каплетъ отъ ѹстенъ женꙑ любодѣицѧ• ꙗже вь врѣмѧ наслаждаетъ гръта твои• послѣдъ же ѹбо горъчѣе ꙁлъчи обрѧштеши• не направи ѹбо твоего ока къ неи• И па҇ⷦ• не вънимаи ꙁълѣ женѣ• беꙁѹмиꙗ бо ноꙁѣ ниꙁъводѧтъ прилѣпѧѫштеи сѧ еи съ съмрътиѫ въ адъ• далече створи ѿ неѧ твои пѫть• И паⷦ• не сърѣтаи женꙑ съничавꙑ• еда како въпадеши вь сѣти еѧ: И наводитъ• вьвѧжетъ|
47d| ли кто огнъ въ нѧдра• риꙁь же своихъ не съжьжетъ• или настѹпить къто на ѹглъ огнънꙑ• ногѹ же своеѫ не съжьжетъ• такожде не иꙁвинетъ сѧ въсь прикасаꙗи сѧ еи: И ꙁаконъ рече• иже аште прѣлюбꙑ сътворитъ съ женоѫ искрънѧаго своего съмрътьѫ да ѹмьретъ: И дв҃дь• не бѹдѣте ꙗко конъ и мьскь имьже нѣстъ раꙁѹма• И проⷦ• ѡсие• тѹжа о людехъ гла҇ⷶше• дх҃омъ любодѣаниꙗ ꙁабѹдеши•|
48a| и людие не раꙁѹмѣѫштеи съплѣтаахѫ сѧ съ любодѣицеѫ: И паⷦ• любꙑ дѣѫште• въꙁлюбодѣаше• въꙁлюбишѧ бечьстие• И паⷦ• дх҃ь любодѣани естъ въ нихъ• г҃а же не поꙁнашѧ• Ап҃лъ присꙑлаетъ гл҃ѧ• бѣгаите любодѣаниѧ• вьсъ бо грѣхъ иже аште створитъ чл҃къ• кромѣ тѣлесе естъ• а творѧи любꙑ• вь свое тѣло съгрѣшаетъ• И приноситъ• не вѣсте ли ꙗко тѣлеса ваша цр҃кы сѫштааго въ вась ст҃ааго дх҃а естъ•|
48b| иже имате отъ б҃а• и нѣсте себѣ• кѹпени бо есте цѣноѫ• ибо въ истовъихъ вѣръницѣхъ имѫштиихъ дх҃ъ бж҃ьи• ничьто плътьно можетъ бꙑти• еже естъ любодѣание• нечистота• и прочее• тѣлоскврънъници бо• цр҃са бж҃иꙗ не наслѣдꙗтъ• юже бо таковаꙗ дѣѫштеи ѹмрѣшꙗ• Притъчъникъ же рече• отъврати очи твои отъ женꙑ красънꙑ• вь добротѣ бо женьстѣ мноꙁи ꙁаблѹдишѧ• и не|
48c| бесѣдѹи съ неѫ въ винѣ• еда како ѹклонитъ сѧ дш҃а твоꙗ на нѭ• и д҃хъ твои попльꙁнетъ сѧ въ пагѹбѫ• Инъ же любодѣание жены• въ глѹмении• очиѫ• ѹвѣждь ꙗко посредѣ сѣтии прѣходиши: И па҇ⷦ павлъ• не вѣсте ли ꙗко тѣлеса вашꙗ ѹдове х҃ви сѫтъ• Да ли ѹбо ѹдꙑ хв҃ꙑ сътворимъ ѹдꙑ любодѣицѧ• или не вѣсте ꙗко прилѣпꙗѧи сѧ любодѣици• едино|
48d| тѣло стъ И па҇ⷦ• не вѣсте ли ꙗко цр҃кꙑ бж҃ьѧ есте• и дх҃ъ бж҃ии живетъ въ васъ• И прѣштенънѣе наводитъ• аште къто оскврънитъ цр҃кьвъ бж҃иѫ• оскврънитъ сего б҃ъ• цркꙑ бо бж҃иꙗ ст҃а естъ еже есте вꙑ• И па҇ⷦ: любодѣание же и нечистота• ни да именѹетъ сѧ въ васъ• се бо естъ волꙗ бжиѧ• стъба ваша• хранити сѧ вамь отъ любодѣаниꙗ• вѣдѣти комѹжьдо васъ свои си съсѫдъ•|
49a| сътꙗжавати въ ст҃ꙑни и чъсти• И па҇ⷦ• и ст҃ꙑнѫ телесе• беꙁ неꙗже никтоже не ѹꙁъритъ г҃а• г҃ь же• гл҃ѫ вамъ• иже аште отъпѹститъ женѫ своѫ не при любодѣании и поиметъ инѹ• прѣлюбꙑ творитъ• и женѧи сѧ пѹштеницеѫ• прѣлюбꙑ творитъ• Тѣмъже братие подвигнѣмъ сѧ прилежъно молити сѧ иꙁбавити нꙑ вьсѣхъ сихъ сѣтии и вл҃цѣ г҃ѹ б҃ѹ нашемѹ же слава въ|
49b| вѣкꙑ вѣкомъ АМИН к҃ ⁘ О ЦѢЛОМОУДРЬИ ⁘ Цѣломѹдрие• чьстъно и похвалъно и благодръꙁновъно отъ б҃а и чл҃кь естъ• и кромѣ ꙁависти естъ: Аще ли и нѣции враꙁи обꙑкли сѫтъ оклеветавати хотѧштѧꙗ тѣмъ б҃ꙁѣ приприснити сѧ• то истина ꙗвѣ покаꙁаетъ сѧ ꙗкоже при иосифѣ и блаженѣи сѹсанѣ|
49c| ꙗже при даниїлѣ• та бо иꙁволи паче врѣменьнѹѫ съмрьть• нежели цѣломѹдрънааго лишити сѧ вѣньца• И сѫдъ бжьи• сирѣчь даниилъ• тако бо съкаꙁаеть сѧ• сѫдии клеветъна осѫди• и цѣломѹдрънѹѫ же свободьнѫ ѹкаꙁа• и отъ съмрьти иꙁбави• тако иосифъ оклеветаваемъ егуптѣнꙑнеѫ• и въ тъмъници ꙁатворенъ• не по мноꙁѣ строити егуптъ ключи сѧ• и побѣда цѣломѫдриꙗ|
49d|еѫ• не тъчьѭ тъгдашъниимъ вѣста бꙑ҇ⷭ• нъ и вьсѣмъ потомь родомъ• ꙗкоже бл҃ственое наѱание въ ст҃ꙑихъ кънигахъ въѱа сѧ и сарефѳиискаꙗ въдовица• цѣломѫдриемъ и страннолюбиемь• чта сѫшти• и достоина• съподоби сꙗ великааго илиѫ приꙗти• и сн҃ъ еꙗ имь ожитъ• Такожде и великꙑи григоръ• неокесариискъи еп҃пъ• еллиньска рода сꙑ• отъ юностьна въꙁдраста прилежъно съблюдъ|
50a| цѣломѹдрие: Достоинъ бꙑстъ ѿ мт҃ре гн҃ѧ• и еваглиста иоанна• навꙑкнѫти вѣровънѫѭ таинѫ• и чюдотворъцъ великъ бъти• цѣломѹдриꙗ бо рачителе• не тъчью въ семъ житии похвалѹ имѫтъ• нъ и вѣньць сп҃сениꙗ и риꙁѹ• веселиꙗ• приимѫтъ• Сии въсиꙗѫтъ вь цр҃сѣ очи• аште и по истинѣ и прочѧꙗ добрꙑнѧ имѫтъ• Пристраꙗѫштꙗѧ сѧ цѣломѫдрии• тѹ имъ ѧвитъ сѧ жиꙁнъ и длъгота|
50b| дъньи• тихаа и беꙁмѫтънаа• вь неиже отъбѣже болѣꙁнъ и печалъ и въꙁдꙑхание• Съвръшенъи цѣломѹдръць вьсѫдѫ хранитъ сѧ• Слꙑшахъ бо о етерѣ цр҃и вьнѣшьньихъ• ꙗко ефешанꙑнѫ• иериѫ видѣвъ• Иꙁлиха добрѹ ꙗвьшѫ сѧ• и въꙁврати сꙗ• боꙗ сѧ еда чрѣсъ волю донѹдитъ сѧ• и створитъ нѣчъто ꙁъло• И куръ же перъсинъ• ни видѣти же фанѹꙗ приꙗтъ• дивънѹ етерѹ и бестъчънѹ добротѭ имѫщѫ сьвѣдѣтелю емѹ аще ѹбо и вещи вьнѣѫдѹ• и бе-с҃псьнааго прр҃чниѧ|
50c| съвѣдѣтелѫѫтъ сѧ: колъми паче мꙑ хв҃и ѹченици• Нѹждъно ѹбо въстꙗꙁати сꙗ• и дръжати• не тъчьѫ гл҃аниꙗ• нъ и видѣниꙗ• чѧстое бо видѣние• пѫтъ естъ на дѣание наводѧ• аште ли и на дѣло не иꙁидетъ• прѣлюбодѣа сътворитъ въпадъшааго• къто толъма естъ дръꙁъ• иже тѹжда чѧсто видаꙗ добротꙑ гл҃етъ• ничимъже отънѫдь врѣждаѧ сѧ• аште ли се бѣдьно•|
50d| подобаеть бѣгати чѧстꙑихъ женъскъ рѣчьи• аште ли нѫжда бѫдетъ• то охлаштати очи• Непорочьнꙑ и цѣломѫдръи• иовъ своимь дрѹгомъ бесѣдѹꙗ рече• Аште же и послѣдова ср҃це мое женꙑ мѫжа дрѹгааго• или ꙁасѣдьникь бꙑхъ при двьръхъ еѧ• годѣ бѹди ѹбо и моꙗ иномѹ ꙗростъ бо гнѣва неѹдръжьнъ• еже оскврънити женѹ мѹжьскѫ• огнъ бо естъ горѧ на вьсе дрьꙁо:|
51a| емъже наидетъ ис корене погѹбитъ• И бл҃жнꙑи павлъ присꙑлаꙗ накаꙁаетъ• молю вꙑ ѹбо братие штедротами бж҃иꙗми• прѣдъставити тѣлеса ваша жрътвѫ живѫ ст҃ю ѹгодънѹ б҃ѹ• рече же и къ тимоѳю• старъцемъ трѣꙁвъникомъ бꙑти• чт҃омъ цѣломѫдрьномъ• старицамъ же такожде ст҃олѣпамъ• доброѹчителънамъ• да наѹчатъ ѹнꙑꙗ• мѫжелюбицѧ бꙑти• чадолюбицѧ• цѣломѹдрънꙑ•|
51b| чистꙑ: И па҇ⷦ• да отъвръгъше сꙗ бечьстъѧ и мирънъихъ похотьи цѣломѹдрънѣ и правъдънѣ• и благочъстьнѣ поживемъ въ нꙑнѣшьньимъ вѣцѣ• И тимоѳеѹ• въдовица чъти истовꙑꙗ въдовицѧ• И наводитъ• А истаа въдовица• и ѹединенаа• ѹпъва на г҃а• и прѣбꙑваетъ въ млт҃вхъ и вь моленьихъ дн҃ъ и ноштъ• ꙗкоже и прѣподобънаа• анна дъшти фанѹилѣ• живъши|
51c| съ мѫжемъ цѣломѹдрьно лѣтъ и҃ отъ дѣвъства своего• ꙗкоже еван҃глие съкаꙁаетъ• и та въдовоѫ сѫшти до осмидесꙗтъ и четꙑръ лѣтъ• ꙗже не остѹпааше отъ цр҃кве постомъ и млт҃вами слѹжашти б҃ѹ• и пророчьства съподобьши сѧ• та томъ часѣ пристѫпъши исповѣдааше сѧ г҃ю• и гл҃ааше въсѣмъ чаѫштиимъ иꙁбавениꙗ въ иел҃мѣ• о г҃и и б҃ꙁѣ и сп҃сѣ нашемъ|
51d| і҃у хѣ• емѹже слава и дръжава• съ о҃цемъ и ст҃ъимъ д҃хомъ• въ вѣкы вѣком: АМИН к҃а ⁘ Ꙍ ДѢВЬСТВѢ ⁘ Дѣвъство искрь ѹбо естъ цѣломѹдриꙗ• вꙑсочѣе же и того и прочиихъ добрꙑнь сꙑ• анъгл҃мъ равъно естъ• и бꙁ҃ѣ приближаетъ сѧ чистотꙑ ради• велико ѹбо по истинѣ + сътѧжание дѣвъства• и ан҃гско и нб҃сьно•|+ имѣ
52a| + ꙁнамение же• ꙗко не скорѣ въ бж҃ствьнꙑихъ ѱаниихъ обрѣтаемъ сеѫ ѧвьшѧ сѧ добрънеѫ прѣжде ꙁакона• и въ ꙁаконѣ же• не можетъ никътоже решти кого: тъчиѫ ꙁемьнааго ан҃гла• и нб҃сьнааго чл҃ка имѫште илиѫ теꙁвитѣнина и ѹченика его елисѣа• и иеремиѫ• и инꙑ етерꙑ благочисльнꙑ вь пр҃рцѣхъ• И великааго вь рожденъихъ женами вꙑшьша• ветъхааго и новааго ꙁавѣта ходатаꙗ сь истиннъ|+ чюдо
52b| вѣньць• тѣломь и дх҃омь• иже ꙁа цѣломѹдрие и сⷱтотѹ житиꙗ• не тъчьѫ дрѫгъ женишьнарече сѧ• Нъ и самого г҃а съподоби сѧ кръстити• и раꙁвѣ тѣхъ• никътоже не ѹкажеть прѣжде ꙁакона и въ ꙁаконѣ кого дѣвьствомь б҃ѹ ѹгождъша• отъ еллинъ же и самѣхъ рекомъихъ философъ• не тьчиѫ ꙗко николиже ꙗви сѧ ихъ дѣвъство• нъ ни вѣрѹѫть же кого отъ чл҃кь тѣломь облежима на не въꙁьрѣти|
52c| и по правъдѣ• како бо вѣрѹ имѹтъ о дѣвьствѣ иже стѹдовьнꙑꙗ сласти бг҃ы сътворьше• и ꙗко свиниѧ живъше вь вьсемь любодѣании• Жидове же до дьньсьнѧаго• дѣвъства ѹбо ни любѧтъ ни дѣѫть• въ насъ же хръстъꙗнꙑихъ• видѧште цвътомо по вьсеи вьселенѣи• + и бꙑваемо по вьсемѹ• въꙁдрастѹ таѫть по реченѹмѹ• грѣшъникъ ѹꙁъритъ и раꙁгнѣваетъ сѧ|+ и дѣемо
52d| ꙁѫбꙑ своими поскръгъштетъ и растаетъ• отънели бо г҃ь нашъ і҃у х҃ь сн҃ъ бж҃ьи: благоволи• и-ст҃ꙑѧ пр҃чстꙑꙗ бц҃ѧ приснод҃вꙑ мариꙗ мирѹ ꙗвити сѧ и дасть намъ областъ на диꙗвола• ѹдобь съвръшаеть сѧ въсемѹ хотѧщѹмѹ таковааго дѣвъства дѣтѣль• нъ ꙗко ѹбо велие исправение• и вѧштьшѧ въ обѣштꙗниихъ лежаштаѧ блага любѧштиимъ б҃а• въсѣмъ ꙗвѣ• невьꙁможъно|
53a| же беꙁ любьве бж҃ьꙗ сьмѣреномѫдриꙗ комѹ доити на вꙑсотѫ таковааго добродѣаниꙗ: Ꙗкоже съвѣдѣтелюетъ сама прѣпѣтаѧ и прѣнепорочънаа и прѣславънаꙗ бц҃а поѫшти• Величитъ дш҃а моꙗ г҃а• и въꙁдрадова сѧ дх҃ъ мои о бꙁ҃ѣ сп҃сѣ моемъ• бж҃ьѫ любвь ꙗвѧѫшти• И абие• ꙗко приꙁърѣ на съмѣрение рабꙑ своеѧ• И па҇ⷦ ниꙁъложи сильнꙑѧ отъ прѣстолъ• и въꙁнесе съмѣренꙑꙗ•|
53b| и прочее• и къ гаврилѹ прѣжде: се раба гн҃ѧ бѹди мнѣ по гл҃ѹ твоемѹ: ꙗвѣ ѹбо сими ѹкаꙁано бꙑстъ• ꙗко отъ съвръшена съмѣрениѧ и любъвьѫ ꙗже къ б҃ѹ: дѣвъствънѫѭ непорочьнѹѫ риꙁѹ себѣ благодѣтънаꙗ истъка• Нь ѧкоже ѹбо велика дѣтѣлъ дѣвъствънаꙗ ѹкаꙁано б҇ⷭꙑ• Подобаетъ же съвлачаштѹмѹ сѧ на стоꙗние се• Нѣстъ бо емѹ бранъ кь кръви и плъти тъчиѫ• нъ и къ невидимꙑимъ|
53c| силамь• ѹнота ѹбо• сирѣчь скопивъи сѧ самъ цр҃са ради• И дѣвица• аште + по вьсемѹ такови бѹдѹть• ꙗкоже истиньнии подобъници Хв҃и• то не могѫт сѧ сп҃ти• Еже бо нарицати сѧ дѣвоѫ• и дѣтѣльи не имѣти• Въꙁдреклънъихъ и приснъихъ и четѧштиихъ сѧ дѣвъствѣ• ѹродънѫ таковѫю дѣвицѫ рече г҃ъ• бесвѣтъна бо сѫшти и беꙁмаслъна• вънѣ цр҃са нб҇ⷭнааго ꙁатворить сѧ женишѧ|+ не
53d| радости лишьши сѧ• и съ ненавидѧштиимы жениха причьтетъ сѧ• мьнитъ бо сⱑ сѫшти чьто беꙁдѣльнаꙗ ничътоже сѫштии ѹмомъ лъститъ сꙗ сама• дѣло же свое да искѫшаетъ къждо• и сѧ самъ да поꙁнаваетъ• ꙁане вѣра естъ сѹетьна• дѣвьство и въꙁдръжание исповѣдаѫште• а силꙑ его отъвръгъше сѧ• истинное бо скопение и истовое дѣвъство о х҃ѣ• с҃то естъ тѣломь и дх҃мъ• беꙁмлъвьнѣ и неостѫпънѣ|
54a| г҃ю слѹжашти о дс҃ѣ бж҃ии• и присно пекѹшти сѧ како ѹгодитъ емѹ• и дх҃мь естъ къ г҃ю• ꙗкоже естъ ѱано• с҃ти бѹдѣте ꙁане аꙁъ стъ есмъ гл҃етъ г҃ъ• не тъчиѫ бо именемъ простомь ст҃ъи ст҃ъ естъ• нъ вьсѣмъ ст҃ъ естъ• тѣломъ и дх҃мъ• Аште сѧ ѹбо еси отърекла• плътънъихъ сластьи• вьнеми подвигъ истинънааго дѣвьства• аште сѧ еси скопити самъ въсхотѣлъ вѣчьнааго црства ради• то прилежънѣ|
54b| дръжи сꙗ постънааго подвига• и вьнеми прилогꙑ тѹждааго ꙗко и кръмьчи влънꙑ минѹꙗ• бѹди направꙗемъ благодѣтъѫ• не състѫпи съ правааго пѫти• подвигни сѧ бес пътърѧ и вьсѣмъ ср҃цемь работати б҃ѹ и томѹ годити ч҃томь тѣломь и дхомь• да постигнеши добродѣтельнааго житиѧ славѹ• подвигни сѧ ꙁаконьнѣ пострадати• да вѣньць егоже вьжделѣ вьсприимеше:|
54c| и вѣнъчанъ ꙗвиши сѧ въ въишънимь иел҃мѣ• егоже ради и отърече сѧ плътьнꙑѧ похоти• въꙁложи даръ чистотꙑ своеѧ на б҃а• ꙁане не ꙁатвори тебе въ рѹкѹ хотѣниѧ плъти и кръве• и съѹпражнѣѫштиихъ + сѧ съ нъма тьлетворивъихъ и неч҃тꙑихъ чл҃къ• нъ ѹтвръди своеѫ десницеѫ• Велико ѹбо естъ въ чистотѣ прѣбꙑвати въ чьсть плъти гн҃ꙗ въ бесхвалении• аште бо похвалить сѧ погыбе•|+ воль
54d| подобаеть же и прочаꙗ дѣтѣли ꙗкоже е речено + въꙁдрочьнꙑ имѣти дѣвъство• ꙁане дѣвъство• вꙑше вьсѣхъ есть• дѣвиче бо ложесно роди б҃а слова• и отъ сего поꙁнаи славѹ дѣвьства• обрѹчаѫштеи бо сѧ б҃ѹ• подобити х҃ѹ бꙑваѫть• рече павлъ ап҃лъ• подобити ми бꙑваите ꙗкоже аꙁь х҃ѹ: въ таковꙑихъ бо ++ мѫдрости плътънꙑ нѣстъ• трѣбѣ ѹбо есть вьсѣмь хранениемь• блюсти свое ср҃це:|+ ключимы     ++ мысли похоти
55a| и никакоже примѣшѧти сѧ дѣвици съ ѫнотоѫ отънѫдь• аште и обрѧштѹтъ сѧ старицѧ ст҃олѣпьнꙑ• + и трѣбѣ бѫдетъ присѣщение• то обивъшѧ свои рѹцѣ своими риꙁами• Такожде же и мѫжи съ стꙑдѣниемь правѣ ꙁърѧште цѣломѫдрънѣ же и лѣпѣ о г҃и• своꙗ десницѧ прикръвенꙑ имѫште своеѫ риꙁоѫ да отълѹчаѫть сѧ• прѣжде же вьсего• подобаетъ дѣвици• ++ масломь благотворениѧ ѹкрасити|+ нѫжда     ++ милостꙑнѧ
55b| своѫ свѣштѹ• да сѧ не лишить радости женишѧ и веселиꙗ по притъчи г҃ни• ꙗко мѫдрꙑꙗ въꙁѧшꙗ масло въ съсѫдѣхъ своихъ• и вьнидошꙗ съ прѣдрагъимъ женихомъ• и ꙁатворишѧ сѧ двъри• и насладишѧ сѧ радости женишѧ вѣчьнѣ• томѹ слава вь вѣкꙑ вѣкомь АМИН|
55c| к҃в ⁘ О ꙌПЛАꙀОВ ҇ⷶНИИ ⁘ Рече ꙁаконъ• аште бѹдете дъва ꙁасъвѣдѣтелевана• + себѣ• и не погѹбитъ его• естъ вьꙁвратитъ и• естъ егда въ пирѣ искачетъ• тъштеславие мꙑслъ г҃лати ++ велѧ беꙁ врѣмене• ꙁасъвѣдѣтелюѫтъ ти благꙑꙗ мꙑсли погѹбити любоблѧдивѫѭ мꙑслъ• аште ѹбо не погѫши еѧ мльчаниемъ• нь попѹстиши еи иꙁити• тъгда ѹже въꙁдаси длъгъ• или грѣхѫ великѹ силъмь|+ емѹ     ++ хотѧщи
55d| прѣданъ бѹдеши• варьливꙑи бо въ словесе• или вь вештехъ• иматъ и мрⷣ҇стъ• сластьнѣ же и ꙁаконѹ ѹчити хоштетъ• иштетъ бо присно побѣдовати и слово свое твръдити• таковꙑи же крѣпъкь беꙁѹмълъ• Слꙑшитъ бо отъ притьчьника• иже сѧ надѣе дръꙁѣ ср҃ци то беꙁѹмьнъ естъ• прм҃дрии же потаⱑѫтъ чѫвъство• и ѹста дръꙁааго приближаѫтъ сѧ ськрѫшении• штѧдꙗи же ѹстънѣ раꙁѹньмъ|
56a| бѹдетъ• И па҇ⷦ• иже хранитъ ѹста своꙗ съблюдетъ д҃шѹ своѫ• а варъливъи ѹстънама ѹстрашитъ сѧ• И па҇ⷦ• иже отъвѣштꙗваетъ слово прѣжде не слꙑшавъ• стѫдъ емѹ бꙑваетъ• и поношение• И потомъ• аште видиши мѫжа напрасна въ словесехъ• раꙁѹмѣваи ꙗко ѹпъвание иматъ паче его• беꙁѹмънъи• и дръꙁъи въ словесехъ ненавидимъ бѹдетъ• Иꙗковъ же иже|
56b| словомъ не съгрѣшаетъ• и сь съвръшенъ мѫжъ• сильнъ охластити и въсе тѣло: И паⷦ да боѹдетъ въсѧкъ чл҃къ скоръ слѹшати• а мѹдънъ гл҃ати• И наводитъ• аште ли къто мьнитъ сѧ вѣрънъ сꙑ не вьхластаваꙗ ѧꙁ҃ка своего• сего сѹетъна вѣра• И па҇ⷦ не мноꙁи ѹчителе бѫдѣте• братие моѧ вѣдѹште ꙗко больи грѣхъ приимѥмъ• много бо съгрѣшаемъ вьси• И павлъ да отъ насъ наѹчите сⱑ|
56c| не паче ѱаньихь мѹдрованти: да не единъ на дрѹга дъмете сѧ• И еже любꙑ не оплаꙁѹетъ• не гръдитъ сѧ• не ꙁълообраꙁѹетъ• И наноситъ• мънѫ бо ꙗко б҃ъ нꙑ апⷧ҇ы послѣдънѧꙗ ѧви ꙗко насъмрътъникꙑ• Иже мꙑ ѹроди х҃а ради• лѹче ѹбо естъ млъчати и бꙑти• или гл҃юштѫ не бꙑти• добро естъ ѹчити• Аште гл҃ѧи творитъ• аште ѹбо ѹчителъ ꙗкоже рече и бꙑстъ•|
56d| и ꙗкоже млъча створилъ• достоина оц҃ѫ сѫтъ• имѣꙗ слово і҃у х҃во• по истинѣ можетъ и млъчаниꙗ его слѹшати• да бѹдетъ съвръшенъ• да еже гл҃етъ творитъ• и имиже млъчитъ ꙁнаемъ е• ничьтоже бо не ѹтаитъ сѧ г҃а• нъ и таинꙑ нашѧ блиꙁъ его сѹтъ• Въꙁбоимъ сѧ ѹбо сѹда ѹчителъ• ли бо естъ гл҃ѫштиихъ и не творѧштиихъ сѫждение• лъжеименънѭ ѹчаштемъ вѣдъ и настѫпаѫштемъ спꙑти•|
57a| и дъмѹштемъ сѧ отъ ѹма плътъна• слѣпомъ• слѣпꙑ наставѧѫштемъ• и обоимъ въ ѧмѫ въпадаѫштемъ• отъ исхода бо словесе его поꙁнанъ бѹдетъ мѹжъ• О нихъже и ап҃лъ рече• си сѫтъ неѹдръжаште сѧ• некротъци• неблаголюбьци• прѣдателе• напрасни• вьꙁносъливи• сластолюбьци паче• неже благолюбъци• И беꙁочивꙑи июда• искариотѣнинъ гл҃ааше:|
57b| чесо ради муро се не продано бꙑстъ на т҃⸱хъ пѣнѧꙁь и дано ништиимъ• Се же рече• не ꙗко о ништиихъ печааше сѧ• нь ꙗко татъ бѣ• паче же врагъ сꙑ• неподобьнаа гл҃ааше подобаѫштаа воли его• Длъготръпѣливъи же г҃ь вьсе тръпѧ гл҃ааше• не дѣите еꙗ да вь дьнь погребениꙗ моего съблютъ е• томѹ слава въ вѣкꙑ вѣкомъ АМИН|
57c| к҃г О ГНѢВѢ Вельми хоштетъ нѹдити сѧ чл҃къ да ѹдръжитъ страстъ гнѣвънѹѫ• и съкѫтаетъ ꙗростъ дш҃ѫвънѫѭ длъготръпиемь• кротостьѫ• мл҃твоѫ• и съмѣрениемь• и вь въсѣхъ имѣти себе невьмѣнима• ꙁѣло бо порѣетъ бѣсъ сь гнѣвънъи• чл҃ка по многомъ обраꙁомъ• паче же хотѧштааго подвиꙁати сѧ• да ꙗже си съберетъ плодꙑ съ многомъ трѹдомъ• или постомъ• или бьдѣниемъ• или мл҃тми• и пѣнии• или слѹжъбами•|
57d| по единомѹ расточить е• паче же аште ѹꙁьритъ кого и маломъ ослабѧштꙗ отъ мл҃твꙑ• нападаетъ въсеꙁьлъи бѣсъ сь чл҃цѣ и ѧже бѹдетъ събъралъ многꙑ лѣтꙑ• д҃хь бо гнѣвънъи въ нашемъ ср҃ци сѣдѧ• очи раꙁѹмьнѣи тьмьнъими мѧтежи ослѣпить• да ѹже ни расѹждениꙗ польꙁьнъихъ можемъ сътѧжати• ни дх҃овъна раꙁѹма обрѣсти постиꙁаниꙗ• ни съвѣта блага ѹдръжати съвръшениѧ:|
58a| ни сѫштаꙗ жиꙁни бꙑти причастъници• ни видѣниꙗ бж҃иꙗ свѣта• приꙗти въ нашь ѹмъ бѹдетъ• ни мѹдрости приобъштени• нъ ни сп҃сънꙑихъ расмотрениꙗ съвѣтъ сътѧжати въꙁможемъ• ни правьдьнъихъ кръмовании• трѣꙁвъномъ ср҃цемъ приꙗти можемъ• Не подобаетъ ѹбо никакоѧже винꙑ ради съ гнѣвомъ двиꙁати сѧ на тождевѣрънꙑꙗ• нъ тъчиѫ на своꙗ страсти• И|
58b| на ꙁълꙑꙗ мꙑсли• ꙗже тъштатъ сѧ съвратити нꙑ съ истиньнааго пѫти• Сего бо ради и притъчьникъ ꙁаповѣдаетъ г҃лѧ• отъими раꙁгнѣвание отъ себе• ꙁане ѫность и беꙁѹмие сѹета• и помѧни съꙁъдавъшѧаго тѧ• вь дьнъ ѹности твоеꙗ• И пакꙑ• гнѣвъ погѹбѧетъ и мѹдрꙑѧ• слово же жестоко въꙁдвижетъ гнѣвꙑ• и гнѣвъ оц҃ѫ с҃нъ беꙁѹмьнъ• гнѣвь же мѹжа ѹкротитъ слѹга мѹдръ•|
58c| И па҇ⷦ: тꙗжъко камень и жестоносънꙩ пѣсъкъ• гнѣвь же беꙁѹмънааго• тѧжии обоего• И паⷦ не отъвѣштаваи беꙁѫмьнѹ по беꙁѹмиѫ его• да не подобънь емѹ бѹдеши• нъ отъвѣштаи беꙁѹмьнѹ по беꙁѹмиѫ его• да не мънитъ сѧ мѹдръ о себѣ• И паⷦ• беꙁѹмъ въ пръвъи дънъ исповѣдаеть гнѣвъ• а мѫдръи потаꙗетъ• и страшъно слово• съмѹштаетъ ср҃це мѫжю и ꙗкоже вода движетъ сѧ отъ|
58d| нѹжда вѣтрънꙑ• такоже гнѣвъливъи съмѫщѧетъ сѧ отъ мꙑсльи гнѣвънъихъ• члкъ гнѣвьливъ• вепрь дивии• видѣ етерꙑ• и ꙁѫбꙑ покръжъта• И иꙗковъ же ѹчитъ нꙑ: гл҃ѧ• бѹди въсъ чл҃къ скоръ послѹшати• а мѹдънь гл҃ати• мѫдънь въ гнѣвъ• гнѣвь бо мѹжѹ• правьдꙑ бж҃иѧ не съдѣваетъ• И па҇ⷦ• отъкѫдѹ брани• ї отъкѫдѹ свари въ васъ• не отъсѫдѣ ли• отъ сластьи вашихъ• И павлъ• не себе мьштаѫште|
59a| вьꙁлюбении• нъ дадите мѣсто гнѣвѹ• И паⷦ въсѧ• горестъ• и гнѣвъ• и ꙗростъ• и кличь и хѹла• да въꙁъметъ сꙗ отъ васъ• съ въсеѫ ꙁьлобоѫ Такожде и дв҃дь• прѣстани отъ гнѣва• и остави ꙗростъ• и гнѣваите + а не съгрѣшаите• Строителъ же дш҃ь нашихъ г҃ъ• отъвѣшта гл҃ѧ• ꙗко вьсь гнѣваꙗи сѧ на брать свои спꙑти• повинънъ естъ сѹдѹ• иже ли речеть ѹроде• повиннъ есть родѹ огньнѹмѹ• его|+ сѧ
59b| же иꙁбꙑти нꙑ въси молимъ сѧ милостивѹмѹ вл҃цѣ б҃ѹ нашемѹ и сп҃сѹ і҃у х҃ѹ емѹже слава вь вѣкꙑ вѣкомь АМИН к҃д ⁘ О ꙖРОСТИ ⁘ И ꙗрости• егдаже наидеть тебе напасть и прѣкословесье• или раꙁдражение на кого двигнѹти ꙗрость• помѧни мл҃твѹ• и сѫдъ еѧ• и абие бесчинное|
59c| въ тебѣ движение ѹмлъкнетъ• ꙗростъ бо паче инѣхъ врѣдовъ съмѹштати обыкла ѥсть и сьгрѣжѧти дш҃ѫ ꙗрость же• и гнѣвъ оба сьꙗ единоꙗ матере иꙁдрода естъ ꙁовомꙑꙗ беꙁмѹдрие• Рече бо• вьсѫ ꙗростъ своѫ иꙁносить беꙁѹмьль• и беꙁѹмьнъ вь прьвъи дънь исповѣдаетъ гнѣвъ• хотѧи ѹбо отълѹчити + отъ вражьдьницѧ рождъшѧѧ ꙗ• да дрьжитъ сѧ тръпѣниемъ многомъ• и кротъкомъ ср҃цемь и молениемъ|+ сѧ
59d| къ б҃ѹ• ї ѿвръжениемъ себе самого• и въ скорѣ свободитъ сѧ отъ неѧ• и бѫдетъ сн҃ъ прѣмѫдрости• б҃обоивъ• и б҃олюбивъ• начало бо прѣмѫдрости страхъ гн҃ь• и любѧштеи г҃а ненавидите ꙁъла• Отъ страха бо на любъвъ иꙁидетъ бж҃иѫ• и рковьникъ• отъстави ꙗростъ своѫ отъ ср҃дца своего• и мимоведи ꙁълобѹ отъ плъти своеꙗ• И + притъчахъ• кротъкод҃шьнъ мѫжъ ср҃цѫ врачь• чрьвь же костемъ ср҃це чювъно• И паⷦ отъвѣтъ|+ вь
60a| подъпадаꙗ• отъвраштаетъ ꙗростъ• а напраснод҃шьнъи• тврьдитъ бе-съвѣта• И пакꙑ• мѫжъ мѹдръ много тръпитъ• и длъгод҃шьнь мѹжъ• великъ въ мѫдрости• а малод҃шь¬нъи крѣпъ беꙁѹмьль• и мѹжъ ѧръливъ• неблагообраꙁьнь• И паⷦ вьсѫ ꙗрость своѭ иꙁносить беꙁѫмьнъи• прѣмѫдръи же хранитъ сѧ по чѧсти• И пакы не тьщи сѧ о д҃сѣ своѥмь ꙗрити сѧ• ꙁане ꙗрость на лонѣ беꙁѫмьньихъ почиваѥть•|
60b| И паⷦ⸱ чл҃вкь ꙗрь раждиꙁаѥтъ сварь• не въꙁможеть бо мѫжь ꙗрь оправьдити сѧ• И па҇ⷦ⸱ мѫжь грьшьнъ вьꙁмѧтетъ дрѹгꙑ• и посрѣⷣ мирънѹѫштиихъ въвръжетъ съвадѹ• и наводитъ• не бꙑваи дрѹгь мѫжѫ гнѣвьливѹ• дрѹꙁѣ же ср҃дитѣ не причасти сѧ• еда къгда навъчеши пѫти его• И д҃дъ о таковъихъ рече• ꙗрость ихъ по обраꙁѹ ꙁмиинѹ• ꙗко аспидꙑ глѹхꙑ и ꙁатꙑкаѫшта ѹши еꙗ• Ꙗкоже бо ехидьнина иштадиꙗ проꙗдаѫтъ|
60c| рождъшѫѭ матере• тако и мꙑсли ꙗрааго• Молитва ꙗрааго• ꙗко и кадило мръꙁъко• и пѣние его• гласъ скарѧдъ• Ꙗкоже львъ въ ловѣ движетъ строфингꙑ часто• тако гнѣвъливъи въ хꙑꙁѣ мꙑсли гнѣвънꙑѧ• и ꙗкоже великъ вѣтръ• не двигнетъ стлъпа твръда• тако и д҃ша беꙁгнѣвънꙑ не съвъсхꙑтитъ ꙗростъ• И ап҃лъ ѹча рече• отъложите вꙑ въсѥ гнѣвъ• ꙗростъ ꙁълобѫ• хѹление•|
60d| срамословесье отъ ѹстъ вашихъ• И наноситъ• вь миръ бо приꙁъва нꙑ б҃ъ• ꙗри бо вь врагꙑ х҃вꙑ мѣнѧтъ сѧ• Ꙗкоже и вꙑ-иномъ рече сѧ• начашѧ ꙗрити сѧ кнѧꙁи• и иродъ видѣвъ ꙗко порѹганъ бꙑстъ влъхвꙑ• въꙁъꙗривъ сѧ ꙁѣло• и посълавъ иꙁби въсѧ отрокꙑ сѫштѧꙗ вь виѳлеѵмѣ: и вь вьсѣ прѣдѣлѣхъ еѧ• ꙁа ꙁавидимааго и мьногоцѣнънааго бисъра• г҃а и б҃а нашего і҃у х҃а емѫже слава въ вѣкꙑ вѣкомъ:|
61a| АМИН к҃е ⁘ О ПЕЧАЛИ ⁘ Еже беꙁ года скръбѣти• отъ ꙁавїстивааго бѣса естъ• да бꙑ бо како отътръглъ ѹмъ отъ прѣдълежаниѧ млт҃вьнааго• и бесплодьна створь чл҃ка• того дѣльма припѹштаеть емь беꙁгодьнѫѫ скръбь• не подобаеть ѹбо приимати еѧ• и тѫжити беꙁгодьнѣ• и съвръшати радость вражиѫ нъ паче истрѣꙁвѣти|
61b| отъ прилога• лютааго печали бѣса• егда бо люкавънъи съ бѣсъ• обьметъ дш҃ѹ• и вьсѫ ѭ омрачитъ• ни мл҃твь съвръшати съ спѣхомъ ослабитъ• ни ст҃ъихъ чьтеньи вь польꙁѣ прѣтръпѣвати• ни кротъкѫ и благостънѹ съ братиеѫ оставлѧетъ бꙑти• нъ и къ самомѹ житиѫ обѣштаниѫ ненавистъ творитъ• и вьсѧ просто сп҃сънꙑꙗ съвѣтꙑ дш҃а печаль съмѫштьши• ꙗко беꙁѫмьнѹ|
61c| сиѫ и ѹꙗꙁвѣнѫ съдѣваетъ• въꙁбранѧѫшти вьсеѧ благꙑ бесѣдꙑ• и ни отъ приснъихъ же дрѹгъ попѹстѧшти приꙗти словесе съвѣтъна• и ни миръна отъвѣта оставѧшти симъ отъдати• нъ обьмъши вьсѫ д҃шѫ• горести и скарѣдьꙗ ѫ наплънитъ• и нѫдитъ ѫ бѣгати чл҃къ• ꙗко виновьнꙑ еи матеꙁа бꙑваѫштѧ• и не оставѧетъ бо еи раꙁѹмѣти ꙗко не иꙁвьнѹ• нъ ѫтръ иматъ недѹгъ лежѧштъ•|
61d| тъгда же ѧвитъ сѧ• егда напасти нашьдъшѧѧ бавениемъ на ꙗвениѥ ѫ иꙁведѫтъ• Скръбъ ѹбо естъ ѹнꙑнье дш҃и• ѹста же львова• поглъштаѭшта• ѹдобъ скръбѧштааго• скръбъ естъ чрьвъ ср҃ца• и поꙗдаеть рождъшѫѭ м҃ре• не вѣстъ медвена вькѹшениꙗ скръбъливъи чръньць• ꙗко раждьженъ ꙁѣло• скръбьливъ чръньцъ• не двигнетъ ѹма на видѣние• ни м҇ⷧтвꙑ ч҃тꙑ вьсълетъ коли б҃ѹ• ѹдръжавъи|
62a| страсти• ѹдръжалъ есть скръби• ѹдолѣваемъи же сластьми• не иꙁбѣгнеть ѹꙁъ еѧ• оскръбѧꙗи сѧ часто• и творꙗи сѧ бе-страсти• подобьнъ естъ болѧштѫ и сьдравие лицемѣрѹѫштю• Ꙗкоже бо болѧи ꙗвѧетъ сѧ блѣдостиѫ• тако и страстьнꙑи обличаетъ сѧ отъ скръби• любѧи миръ сь скрьбьнъ бѫдетъ вельми• небрѣгъи же ꙗже вь немь• радѹетъ сѧ въинѫ и ꙗкоже раꙁварѧние чѧсто гѹбитъ олово•|
62b| тако скръбь мирънаꙗ хѹдить + ѹмъ• и ꙗкоже грънꙑль• очиштаетъ неискѫсно сребро• тако и печалъ ꙗже на бж҃ьѭ• ср҃це грѣшьно• Добро ѹбо ꙁѣло и польꙁьно дш҃и• еже крѣпъко трьпѣти вь скрьби• или отъ чл҃кь или отъ бѣсъ наводимꙑѧ• и вѣдѣти иꙁвѣсто• ꙗкоже дльжьни есмъ потрѹжениемъ• подобаетъ ѹбо м҇ⷧтвоѫ и тръпѣниемъ• противити сѧ бѣсѹ семѹ• Хотѧи бо беꙁ молитвꙑ и бес тръпѣниѧ напасти побѣдити|+ раꙁмꙑсла
62c| не отъринетъ ихь• нъ паче обѧжетъ сѧ ими• тѣмьже и мꙑ тръпѣниемъ съ дв҃домь поемь• въскѫѭ прискръбьна еси дш҃е моꙗ и въскѫѭ съмѫштаеши мꙗ• ѹпъваи на б҃а ꙗко исповѣмъ сѧ емѹ• сп҃сение лицѹ моемѹ б҃ъ мои: Неѹдобъ бо естъ бе-скръби мимоити кажемѹмѹ напастъми• нъ потомь многꙑ радости исплънѧѫтъ сѧ таковии• паче же аште мл҃твоѫ и тръпѣниемь въорѹжатъ|
62d| сѧ• и слъꙁами сладъками• и раꙁѹмѣнии бж҃ии• елико съдѣлаша болѣꙁнь и скръбь въ ср҃цихъ вашихъ• вь скръбехъ бо страждѹштиимъ вѣнъци• Аште ли да ослабѣетъ мꙑслъ отъ млт҃вꙑ• абие начънетъ печаль поꙗдати ср҃дце чл҃кѹ ꙗкоже е речено: Ꙗкоже молеве риꙁѫ и чръвъ дрѣво• тако скрьбь въ костехъ его бꙑвъши• и обрѧштетъ сѧ чл҃къ дрѧселъ• омрачениемъ мꙑсльнꙑимъ: Сего ради и кънигꙑ|
63a| ѹчатъ глѫшта печалъ далече отърини отъ себе• мъногꙑ бо ѹбила печалъ• и нѣстъ польꙁѣ въ неи• и отъ печали бꙑваетъ съмрътъ• и печаль ср҃чьнаа сълѧчетъ крѣпостъ• и не даждъ в печаль ср҃ца своего• нъ стави ѫ• помѧни послѣдънѧ еꙗ: Въꙁьми ѹбо отъ себе печаль съѫ• и не оскръбꙗи д҃ха с҃тааго живѫштааго въ тебѣ• еда когда помолитъ сѧ б҃ѹ и остѫпитъ отъ тебе• д҃хъ бо бж҃ьи данꙑи вь|
63b| тѣло се• печали не тръпитъ ни тѫжениꙗ• облѣци сѧ ѹбо въ тихостъ имѫштѹѫ въгда благодѣтъ отъ б҃а• и наслаждаи сѧ вь неи• тихъи бо мѫжь благаа дѣлаетъ• и небрѣжетъ печали• а печаливъи мѫжь• вьсегда лѹкавънѹетъ• пръвое же лѹкавънѹетъ• ꙗко печалитъ д҃ха с҃тааго данааго чл҃кѹ тиха• въторое же ѹже беꙁаконие творитъ• не исповѣѧ сѧ г҃ѹ• печаливааго бо мѫжа моленье• не иматъ силꙑ вьꙁити|
63c| на олтарь бж҃ьи• сѣдить бо печаль въ ср҃ци его• съмѣшена же сѫшти печалъ• съ мл҃твоѫ• не дастъ мл҃твѣ вьꙁити чс҃тѣ къ б҃ѹ• . . . . . . . . . тоꙗже сладости не иматъ• тако и печалъ съмѣшена съ дх҃омъ с҃тъимъ• тогожде молениꙗ не иматъ• Добро ѹбо естъ отъврѣшти отъ себе печалъ• и облѣшти сѧ въ вьсѫ тихостъ• сеꙗ ѹбо печали• въсѣмь тъштаниемъ кромѣ бѹдѣмъ•|
63d| ꙗко + мирънаа естъ• А на бж҃ьѫ сѫштиѫ печаль ꙗкоже рече ап҃лъ• покаание въ сп҃сение нераскаанно съдѣваетъ• а сего мира печаль съмрьть съдѣваетъ• И притъчьникъ• бл҃гние г҃не на главѣ правъдьнааго• се обогаштаетъ• и не приложитъ ++ емѹ печаль въ ср҃ци• И паⷦ ср҃це веселѧ съдравие творитъ• Мѫжѹ же скръбьливѹ ꙁасъшѹтъ кости• и павлъ• не велимъ бо вамъ• не не вѣдѣти братие о скръби нашеи|+ на     ++ сѧ
64a| бꙑвъшии намъ въ асии• ꙗко по прѣмногѹ отѧготѣхомъ паче силꙑ• ꙗко не надѣꙗти сѧ намъ• и животѣ• нъ ѹтѣшаꙗи съмѣренꙑꙗ• ѹтѣши нꙑ б҃ъ• И мꙑ ѹбо съ дв҃домь рьцѣмъ• помилѹи мѧ г҃и ꙗко скръблѭ• съмѧте + отъ ꙗрости око мое• ꙗко оꙁълобенъ бꙑхъ• и съмѣрихъ сѧ до ꙁѣла• рикаахъ отъ въꙁдꙑханиꙗ ср҃ца моего• и въскръбѣхъ печалиѫ моеѫ и съмѹтихъ сꙗ• отъ гласа вражиꙗ|+ сѧ
64b| и отъ сътѹжаниѧ грѣшънича• нъ сп҃си мꙗ б҃е• ꙗко вънидошѧ водꙑ до д҃ша моеꙗ• ѹглъбохъ въ тимении глюбинꙑ и нѣстъ постоꙗниꙗ• и не отъврати лица твоего отъ отрока твоего• ꙗко скръбѫ ꙗдро ѹслꙑши мꙗ• тꙑ бо мое еси прибѣжиште отъ скръби одръжаштѧꙗ мѧ• да вънидитъ прѣдъ тꙗ мл҃тва моꙗ• приклони ѹхо твое къ молениѫ моемѹ• и егда ослабено ти бѫдетъ отъ скръби• Хвалꙗ г҃ли• г҃ъ съ нб҃се приꙁьрѣ|
64c| ѹслꙑшати въꙁдꙑхание окованъихъ• раꙁдрѣшити с҃нꙑ ѹмрьштвенъихъ• и чьто въꙁдамъ г҃ю въсѣхъ ради ꙗже вьꙁдастъ мнѣ ꙗко отъ печали приꙁъвахъ г҃а и ѹслꙑша мѧ въ пространьство: И г҃ъ ѹченикомъ своимъ гл҃ааше• ꙗко въсплачете сꙗ и въꙁдрꙑдаете вꙑ• а вьсь миръ въꙁдрадѹетъ сꙗ• и притъчьно о раждаѫштии• ꙗко печалъ иматъ• и приричетъ• тако и вꙑ• нꙑнѣ ѹбо печальни бѹдете• пакꙑ же ѹꙁърѫ|
64d| вꙑ• и въꙁдрадѹетъ сѧ ср҃дце ваше• и радости вашеꙗ• никътоже не въꙁъметъ отъ васъ• томѹ слава ѹтѣшаѫштѹмѹ печалънꙑꙗ• вь вѣкꙑ вѣкомъ: АМИН к҃ꙅ ⁘ Ꙍ ОУНꙐНИИ ⁘ Лютъи сь и ѹнꙑньнъи бѣсъ• и съпоспѣшьникъ и сѫпрѫжьникъ естъ д҃хѹ печали• и ꙁѣло тѧжькъ• ижѥ|
65a| въ шестꙑи чѧсъ нападаѥть чрънориꙁьци• тѫгѫ ѥмѹ творѧ• и ненависть имѣти• на мѣстѣ• паче же и на живѫштиихъ съ нимь братѣхъ и на вьсѥмь дѣлѣ• и на бж҃ьствьнъихъ кънигахъ скарѣдиѥ• и ꙁѣание часто твритъ• къ симъ и алчь мъногъ подаетъ• и сѣмо и онамо обраштаѫшта сѧ• жьдѫшта года ꙗстиꙗаго• и въꙁъмъ кънигꙑ почьтетъ мало• и пакꙑ положитъ ꙗ• и|
65b| начънеть тръти очи• и оконьци вьꙁирати• и пакꙑ мало прочитати• и потомь чисти тетради и начатъкъ искати главъ кънижьнъихъ• коньчьнѣе же съгънѫвъ кънигꙑ съпитъ• мало же съна приимъ• пакꙑ въстанетъ• ѹже въсе творитъ• хотѧ погѹбити часꙑ• къгда ѹслꙑшить• клепание обѣда• слꙑшавъ же• благобьдрьнъ бѫдеть• обрѣтаетъ бо сѧ и на слѹжъбѫ бꙑстрꙑ• и ꙁаповѣдь помꙑшлѧетъ свое иꙁвѣстование• Прочее жѥ|
65c| бѣсъ сь ѹнꙑниѧ въложитъ вь нь• и мꙑсли прѣселениꙗ• и ꙗко аште да не прѣидетъ на мѣста дрѹгаꙗ• вьсе лѣто и трѹдъ• и сѹетьнъ бѫдетъ• потомъ поѹститъ и• ꙗко ницѣмьже инѣмь обраꙁомь въꙁможетъ недѹга сего ѹцѣлити• аште не часто исходитъ и дохаждаеть братиѧ польꙁѧ ради• или присѣштениꙗ болѧштиихъ дѣльма• ї обрѧштетъ сѧ ꙗко съхль пѹстꙑнънаꙗ• мало помльчитъ• и па҇ⷦ вѣтромь женома естъ• и ꙗкоже садъ|
65d| великъ отъемемъ• тако и чрьньць ходѧи не принесетъ• плода дѣтельна• и ꙗкоже облакъ беꙁводънъ вѣтромъ женетъ сꙗ тако и чръньць не имꙑ тръпѣниꙗ дх҃мъ ѹнꙑниꙗ• и егдаже не можетъ его иꙁгьнати ис клѣти• начьнетъ имъ вь неи врътѣти въ врѣмѧ мл҃твьное• се рекꙑ неподобънѣ лежитъ• иномѹ трѣбѣ е съде бꙑти ꙗко да ѹмъ емѹ праꙁдьнъ• и бесплодьнъ сътворитъ отъ славословесиѧ бж҃ьѧ• се же вьсе праꙁнь и|
66a| ма дш҃а моꙗ• отъ ѹнꙑньꙗ• нъ тꙑ г҃и ѹтвръди мꙗ словѥсꙑ своимъ: Аштѥ тако помолимь сꙗ съ чистомь ср҃цемь бѥꙁьлобивѫмѹ г҃ю• слꙑшимъ отъ нѥго• ꙗко въсъ просѧи прииметь• и іштѧи обрѣтаѥтъ• и тлъкѹштѹмѫ отъвръꙁѥть сꙗ• и ꙗко вѣра твоꙗ с҃пе тѧ иди мирьноѭ мꙑсльѭ о г҃и б҃ꙁѣ своемъ ѥмѹжѥ слава вь вѣкꙑ вѣкомь АМИН|
66b| к҃ꙁ ⁘ О НЕНАЧААНИИ⁘ Нѥначааниꙗ врѣдъ• люштъи прѣдьниихъ ѥго ѥстъ ꙁѣло и тꙗжъчѣи• въноситъ бо чл҃ка• въ беꙁвѣриѥ• и беꙁъѹпъваниѥ• и прочѥѥ отъдана себе поставитъ лѹкавьнꙑимъ бѣсомъ• и бꙑваѥтъ имъ брашьно и порадованиѥ• ꙗкожѥ бо и вѣрьнъи• и благонадѥждънъ• брашъно х҃во ѥстъ моѥ бо + брашъно ѥстъ• да творѭ волю о҃ца моѥго• волѧ же о҃ца ѥго ѥстъ• ѥжѥ сп҃сти въсꙗ чл҃кꙑ тако и ꙁавидьника• чл҃коѹбиицѧ|+ рече
66c|диꙗлꙗ волѧ ѥстъ• ѥжѥ + нѥчааниѥ принести• и погѹбити чл҃ка• нъ мꙑ ѹбо облъкъшѥ сѧ въ х҃а• и сътѣлѥсъни ѥмѹ сѫште• и слꙑшаштѥ отъ нѥго• Ꙗко не придохъ приꙁъвати правьдъникъ• нъ грѣшьникꙑ на покааниѥ• подвигнѣмъ сꙗ покааниѥмъ ѹмолити беꙁълобивааго г҃а• Да нѥ ѹслꙑшимъ отъ иѥремиꙗ• еда падаꙗи сꙗ не въстанѥтъ• или отъвраштаѧи сꙗ не въꙁвратитъ•|+ вь
66d| И пакꙑ ѥда ритини + нѣстъ въ галадѣ• или врача нѣстъ тѹ: ꙗко ѿвратишꙗ сѧ людиѥ си: въꙁвраштѥниѥмъ бѥстѹдь имѫштѥ ѹбо мꙑ братие б҃а помоштьника при вьсемъ• томъ прильпимъ• и не отъстѹпимъ отъ нѥго• Приближитѥ бо сѧ мнѣ речѥ• и приближѫ сꙗ васъ• томѹ бо печалъ ѥстъ о насъ• ꙗко своѥѫ кръвьѭ искѫпивьшѫ нꙑ• Вѥлиꙗ ѹбо дш҃ѧ и добѧ своиство ѥстъ• ѥжѥ нѥ отъчаати сꙗ въ кацѣхъ|+ подобьно есть бѣломѹ тъмьѧнѹ
67a| любо напастехъ• понѥжѥ искѹшѥниѥ ѥстъ житье сѥ чл҃кѹ• нъ мꙑ не отъстѹпимъ отъ г҃а• доньдѥжѥ повелитъ отити отъ насъ искѹсьникомъ• и оживитъ нꙑ ꙁа тръпѣньѥ и твръдоѥ бестрастиѥ• горе бо ѹбо съгрѣшаниѧ ѥстъ• ѥжѥ отъчаати сꙗ• Июда прѣдатель малод҃шьнь бѣ• и нѥискѹсънь брани• сего ради отъчаавъшѫ сꙗ емѹ припадъ врагъ ѹдавѥниꙗ• силомь обложи и• Петръ жѥ|
67b| твръдꙑи камень• вь вѥльи грѣхь вьпадъ• ꙗко искѫсънь брани• нѥ отъчаа сѧ сътѫжь си• нь принѥсе горькꙑ слъꙁꙑ отъ ср҃ца горѧштꙗ• и видѣвъ ратъникъ сиꙗ• ꙗко огнемь жегомъ вь лице• отъбѣже далечѥ лютѣ ꙗко плача сꙗ• нѥ моꙁѣмъ ѹбо отъчаати сѥбѥ вьꙁлюбении• нъ паче ѹкрѣпꙗѥми и ꙁаштиштаѥми свѣтомъ вѣрънъимь• отъвѣштаимъ• съ мьногомъ дрьꙁновѥниемь•|
67c| Нѥприꙗꙁни• чьто тебѣ и намъ ѹтѹждене отъ б҃а• и бѣгѹни нб҃снъи и рабе ꙁълыи нѥ имаши власти на насъ• х҃ъ с҃нъ бж҃ъи• нами же и вьсѣми и въсѣми обладаетъ• томѹ съгрѣшихомъ• томѹ и отъвѣштаемь• а тꙑ бѣжи отъ насъ гѹбителю• мꙑ бо ѹтвръждениѥ имѹште чъстънꙑи ѥго кр҃стъ• настѫпаемъ на твоѫ ꙁмиинѫѭ главѫ• тако ѹбо мꙑ противимъ сꙗ присно ратъникѹ|
67d| дръꙁостъно• а не въдадимъ сѥбе вь нечааниѥ• Аштѥ бо бѣсовѥ моливъшѥ г҃а• да не посълани бѫдѫтъ въ бѥꙁдънѫ ѹлѹчишѧ прошениѥ• кольми пачѥ ѹслꙑшанъ бѫдетъ въ х҃а облькъи сѧ• молѧ сѧ свободѫ ѹлѹчити раꙁѹмънꙑꙗ съмръти• Нѥ отъчаимъ ѹбо себѥ• нъ станѣмъ твръди на исповѣданиѥ: и ръцѣмъ съ ѹмилѥниѥмъ• Вл҃ко г҃и нб҃се и ꙁемлѧ ц҃рѫ вѣкъ• благоволи отврѣсти мьнѣ двьри покааниѧ•|
68a| тѣмьже молю вꙑ• ѹтвръдите вь нь любъвь• да нѥ обидими бѹдемъ отъ непръꙗꙁни• не не• раꙁѹмѣваемь бо помꙑшлѥнии его• и мꙑ ѹбо постраждаѥмъ съ павломъ гл҃ѫштѥ• о вьсемь скръбѧште• а не сътѹжаѫште си• нѥчаѥми• нъ не отъчаѥми• + ниꙁълагаеми• нъ не погꙑбаѫштѥ• вьсегда мрътвость г҃а іс҃а вь тѣлѣ носѧштѥ• да и животъ• іс҃овь ꙗвить сѧ въ мрътвънѣи плъти нашеи• и б҃ъ вьсѥꙗ ѹтѣхꙑ• ѹтѣшаꙗ|+ гоними нь не оставлѧеми
68b| нꙑ о вьсеи скръби нашѥи• въꙁмошти намъ ѹтѣшити• сѫштаꙗ въ вьсѥи печали ѹтѣшѥньѥмь• имьже ѹтѣшаѥмь сꙗ отъ б҃а• ꙁане ꙗко иꙁбꙑваѫть страданиꙗ х҃ва въ насъ• тако и х҃мь иꙁбꙑваеть ѹтѣшениѥ наше• аште ли же скръбимъ• о вашемь ѹтѣшеньи и сп҃сении• дѣѫштиимь сѧ въ трьпѣньи тѣмижде страстьми• имиже и мꙑ стражемь• и ѹпьвание нашѥ иꙁвѣстно• Не моꙁѥмь|
68c| ѹбо приимати въꙁлюбѥнии• ꙁълааго съвѣта сего бѣса• отъчааньꙗ• никакоже да не обрѧштѥть въ нꙑ въхода• си бо ѥсть съвръшенаа радость неприꙗꙁнина• Нъ паче въспрѧнѣмъ ꙗко и блѫдьнꙑи с҃нъ• и въꙁвратимъ сѧ къ милосръдѹмѹ оц҃ѹ• съ страхомь и радостьѫ• и рьцѣмъ оч҃е съгрѣшихомъ на н҃бо и прѣдъ тобоѫ• приими мѧ ꙗко ѥдиного наимьникъ твоихъ•|
68d| и въвѥди мѧ въ одринѹ твоѭ ꙁаблѫждьшеѥ овьчѧ• да не вънѣ обрѣть мѧ влъкъ гѹбительнъи• сънѣсть мѧ• ꙁнаѫ бо тѧ вл҃ко пастѫха добрааго• и пристана трѹждаѫштиимъ сѧ• ѹпьваньѥ• отъѹпъвавьшиимъ• врача отъчаавъшиимъ сѧ• Обѧжи вл҃ко ꙗꙁвꙑ моꙗ• масломь• и виномь• имиже ꙗꙁвьнъ бꙑхъ отъ раꙁбоиникъ• Самь бо рече• г҃и не трѣбѹѫть съдравии врача• нь болѧштии•|
69a| Аштьѥ тако помолиши сꙗ• въꙁдвигнеть тѧ ꙗко и ослабенааго• и речеть ти• виждь ѹже съдравь бꙑсть• къ томѫ не съгрѣшаи• самь бо г҃ь притьчьнѣ рѥче о въдовици и о сѫдьи нѥправьдьнѣѥмь• а б҃ъ не сътворить ли мьштѥниꙗ иꙁбьранꙑихъ своихъ• въпиѫштиихъ къ нѥмѹ дьнъ и ношть• и длъготръпить• ѥи г҃лѫ вамъ• ꙗко сътворить мьсть ихъ вь скорѣ• томѹ слава б҃ѹ нашемѹ мьштаѫштѹмѹ|
69b| своихь рабь вь вѣкꙑ вѣкомь АМИН к҃и ⁘ О РЪПЪТАНИИ РЕК ҇ⷲ ⁘ ⁘ О ПОГОУГЪНАНИИ ⁘ Ѥжѥ ръпътати• любо и съ подобьномь отъвѣтомь• любо жѥ и бѥꙁ винꙑ• то нечистꙑихъ ѥсть правоѥ бо житиѥ и приꙗтьно б҃мъ• бѥꙁдрьпьтивъихъ и благодаривꙑихъ ѥсть• беꙁдръпътънъи• ꙗко и вода чс҃та|
69c| а ръпътивъи• грѣꙁъна и въꙁмѹштена• неръпъштѧи• благодарънъ• а ръпъштѧи• неблагодарънъ• нѥръпъштаи любьꙁнь• а ръпъштѧи мръꙁькъ• беꙁдръпътивъи беꙁъ ѹкора• а ръпътивъи коримъ• и бестѹдънъ• и б҃омрьꙁькъ обрѣтаѥтъ сѧ• Врѣдь бо сь• отъ беꙁѫмиꙗ• и бѥстрашьꙗ бж҃ьꙗ раждаѥтъ сѧ• ꙗкожѥ чл҃ка чл҃комь хоштѥть сп҃сти г҃ъ• тако чл҃ка чл҃комъ тъштить сѧ сотона погѹбити• Нѥ трѣбѣ ѹбо ѥсть|
69d| прилипати ꙁълоꙗдрѣ и не хранѧштиимь ꙗꙁ҃ка да не съ нимь къто въ мѫкѫ идеть• добро ѹбо ѥсть бѣгати нѥнакаꙁанꙑихъ ꙗꙁ҃комь• и сваросъвѣтьникъ и мѧтѹштиихъ ѫтрьниими• и кромѣшьниими двиꙁании• аште ли то обрѧштѥть сѧ съчастьникъ и объштъникъ грѣшьнꙑимъ и нѥвъꙁблагодѣтьнꙑимъ июдеомъ• Ижѥ ръпьтаахѫ на б҃а ꙗкожѥ ѥ ѱано• и бѣша людиѥ ръпьштѫште на мосѣа• и рѥче моси•|
70a| нѥ на нꙑ ѥсть ръпьтаниѥ вашѥ нь на б҃а• И па҇ⷦ• чьто оклеветаваѥте мѧ и чьто искѹшаѥте г҃а• рѥче и исаиꙗ лютѣ гл҃ѫштиимь горъкѹѥмѹ сладько• и сладъкѹмѹ горько• И наводить• ръпъштѫштеи навꙑкнѣтѥ послѹшати• И дв҃дъ такожде о нихъ гл҃ѥть• нѥ вѣровашѧ словеси ѥго• и поръпъташѧ въ селѣхъ своихъ• И па҇ⷦ• ихъжѥ ѹста гл҃аша сѫѥтѹ• и дѥсница ихъ десница нѥправьдꙑ• Гл҃ѥть жѥ и иѭда иꙗковлъ братъ• сии сѫть|
70b| ръпътиви•чѧстъ порочъна по своихь похотьхъ хотѧште• и ѹста ихъ гл҃ѭть прѣгръда• мꙑ ѹбо останѣмь сѧ рьпьтати• И ѹслꙑшимъ павла• филиписиомъ пишѫшта• вьсѥ творитѥ бѥꙁ-д-ръпътаниꙗ и помꙑшлении• да бѫдѥтѥ ꙁълъ непорочьни и цѣли• чада б҃жьꙗ бѥс порока• въ истинѫ ѹбо дрѣво животьно исцѣлѥниѥ ꙗꙁ҃кѹ• съблюдаѧи жѥ и• напльнитъ сѧ д҃ха по ѱанию• И притъчьникъ ꙁаповѣдаеть гл҃ѧ• съблюдѣте рьпътаниѥ|
70c| нѥпольꙁьное• и отъ обаждѥниѧ ѹдръжитѥ ꙗꙁ҃къ• И па҇ⷦ• нѥ рьци чьто бꙑ҇ⷭ: ꙗко дньѥ прѣждънии бѣшѧ пачѥ сихъ• ꙗко нѥ мюдростьѫ въпросилъ ѥси о сѥмь• Отъроди жѥ ръпьтивꙑихъ кънижъници и фарисѥи къ ѹчѥникомъ гн҃ѥмъ• по обꙑчаѫ оц҃ъ своихъ ръпътаахѹ гл҃ѫште• почъто съ грѣшъникꙑ и мꙑникъ ꙗстѥ и пиетѥ• имѫще жѥ оч҃ѥ прѣданиѥ ꙗко ꙁъли наслѣдьници стѹдънааго наслѣдиꙗ• И на сп҃са|
70d| нашѥго ръпътаахѫ• ꙁанѥ рѥчѥ• аꙁъ ѥсмъ хлѣбъ съ нб҃сѥ съшъдъ• Г҃ъ жѥ кь нимъ• нѥ ръпъштѣтѥ мѥждѹ собоѫ• никьтожѥ не можѥтъ прити къ мьнѣ• Аштѥ нѥ оц҃ъ посълавъи мѧ привлѣчеть и• ръпътаахѫ жѥ и прьвии дѣлателѥ на домовьнааго вл҃кѹ пришдьиихъ дѣльма въ единьи на дѥсѧтѥ часъ• Ꙗко сии ѥдинъ часъ дѣлашꙗ• и равънꙑꙗ намъ сътворилъ ѥси• понесъшиимъ тѧкотѹ и ꙁнои дн҃ѥвънꙑи• и слꙑшѧшꙗ отъ нѥго•|
71a| дрѹжѥ• нѥ обиждѹ тѥбѥ• нѥ по пѣнѧꙁѫ ли съвѣшта съ мьноѭ• въꙁъми своѥ си и їди• хоштѫ жѥ и сѥмѹ послѣдьнѫмѹ дати ꙗко и тѥбѣ• или нѣстъ ми лѣть створити ѥже хоштѫ въ своихъ си• и покаꙁаꙗ ꙁависть ихъ и ꙁьлобѫ• И приводить• аште око твоѥ люкаво ѥсть• ꙗко аꙁъ благъ ѥсмь• томѹ благѹмѹ б҃ѹ нашѥмѹ слава вь вѣкꙑ вѣкомъ: АМИН|
71b| к҃ѳ ⁘ О ꙌКЛЕВЕТАНИИ ⁘ Оклѥвѥтаниѥ и ръпътаниѥ• ближьи дрѹгъ дрѹгѹ ѥстъ• обоѥ жѥ вѣтви бѥꙁдраꙁѹмиꙗ• ръпътивъи бо сѧ• тъчъѫ гѹбитъ• а клеветьникъ сѧ и слꙑшаштѧꙗ• хоштѥть бо оклевѥтаниѥмъ потрѧсти и їнѣмъ• и своѥго бѥꙁѫмьꙗ съобъштьникꙑ сътворити• сѹгѹбь длъгъ грѣха сѥбѣ събираꙗ• и ꙁа сѧ и ꙁа слѹшаѫштаꙗ ѥго повиньнь бꙑваꙗ• аште бо и ѹслꙑшимъ словеса ꙁьла:|
71c| сѥбе похѹлимь а не гл҃авъшааго• противѫ бо иꙁволѥньѫ нашемѹ и приносителе словѹ• не подобаѥтъ бо о находѧштиихъ на нꙑ скръбехъ• Инѣхъ оклеветавати и хѹлити• да не отъпадѥмъ правъдьнааго сѫда лѣпотꙑ• нъ паче сѧ сами ѹкоримъ• сѥ бо благоѹгодьно ѥстъ б҃ѹ• добро жѥ ѥстъ никогожѥ нѥ ог҃лати• ни сластънѣ слѹшати оклѥветаваѫшта• аште ли• то и слꙑшѧи повиннъ ѥстъ грѣхѹ|
71d| клѥвѥтаѫштааго аште вѣрѫ ѥмѥтъ клевѥтанию• вѣровавъи бо• имѣти начьнѥтъ на брата своѥго сь ѹбо• повиньнь ѥстъ грѣхѹ клѥветаѫштааго: Не подобаѥтъ на въсего брата г҃лати чѥсо или мꙑсльѭ обадити и• ѥже ѥстъ клѥта• аште и истина естъ г҃лемоѥ• нъ паче ѹвраштати сѧ отъ оклеветаваѫштааго• Коль лѹкавьна естъ клевѥта• неѹстроимоѥ бѣсованиѥ• николижѥ не ѹмирѧ сѧ•|
72a| нъ въсегда въ которахъ• и вь сварѣхь живꙑ• Добро ѹбо отъврѣшти ѥсть ꙁьлꙑи квасъ иꙁветъшавъшии и обръꙁгъшь ръпътаниꙗ и оклѥвѥтаниꙗ• и прѣходити на новоѥ вьмѣшѥниѥ послѹшаниꙗ и благодарьꙗ• Не лѣпо бо ѥстъ намъ подобити сѧ въ пѫстꙑни бꙑвъшиимъ ръпътивомъ• и въꙁг҃ливомъ людѥмъ• нъ пачѥ ꙗко чада сѫшта благодати• Подобимъ сѧ живъшиимь въ благодати|
72b| с҃тꙑимъ• благослѹшиви• и благодатьни бꙑваѫштѥ• ѱано бо ѥсть о ѡнѣхъ• и гл҃ашѧ на б҃а и рѣшѧ• ѥда вьꙁможетъ б҃ъ ѹготовати трапеꙁѫ вь пѫстꙑни• и въ дрѹꙁѣѥмъ• и въꙁг҃ласте ааронъ• и мариамъ на мосѣа• и рѣсте• еда мосѣѹ г҃ла ѥдиномѹ б҃ъ• и раꙁгнѣва сѧ г҃ъ на нѣ• сѥ мариамъ прокажѥнъ бꙑстъ• г҃летъ же и притъчьникъ• нѥ люби оклеветавати да не отъпадеши• сѣтъ бо крѣпька мѫжѫ свои ѹстънѣ•|
72c| А клевѥтивъи ѹстънама• остръпьтаꙗ ꙁапьнѥтъ сѧ• И паⷦ• слава мѫжѫ отъвраштати сѧ хѹлꙑ• А беꙁѹмънъи таковъими обѧꙁаѥтъ сѧ И паⷦ• мѫжъ клѥветивъ вь мѧтѥжъ свара• А ижѥ хран итъ ѹста своꙗ и ꙗꙁ҃къ• съблюдетъ отъ пѥчали д҃шѫ своѭ• и любѧи животъ поштѧдитъ ѹста своꙗ• И па҇ⷦ• ѥжѥ видѣстѥ очи твои г҃ли• и нѥ припадаи въ сваръ• да нѥ раскаѥши сꙗ напослѣдъкъ• И иѡвъ|
72d| дрѹгомъ своимъ гл҃ѥтѥ на мѧ• не стꙑдѧштѥ сѧ налѥжитѥ мънѣ• Пѣснивъцъ жѥ оклѥвѥтаваѫштааго искрънѧаго своѥго сѥго иꙁгонѧахѹ• И па҇ⷦ• ѹста твоꙗ ѹмножишѧ ꙁълобѫ• и ꙗꙁ҃къ твои съплѣтаашѥ льштѥниѧ• сѣдѧ на брата своѥго клѥтаашѥ• и на с҃на мт҃ре своѥѧ полагаашѥ съблаꙁнъ• ꙁанѥ въꙁлюби ꙁьлобѫ пачѥ благостꙑнѧ• нѥправъдѹ жѥ гл҃ти правъдѹ• въꙁлюби всѧ г҃лꙑ потопънꙑꙗ• и ꙗꙁꙑкъ льстивъ•|
73a| и гл҃ѧи нѥправъдънаа нѥ испрѧвꙗаше прѣдъ очима моима• ибо сѣдошѧ кънѧꙁи и на мѧ г҃лаахѫ• Иꙗковъ же ѹчитъ гл҃ѧ• нѥ оклѥветаитѥ себе братиѥ• оклевѥтаꙗи бо брата• и осѫждаѧ брата своѥго• оклевѥтаѥтъ ꙁаконъ• и осѫждаѥтъ ꙁаконъ• И петръ• отъвръгъше ѹбо въсѫ ꙁълобѫ и вьсѫ льстъ и лицемѣриѥ и ꙁавидꙑ и въсѧ клѥветꙑ• въꙁненавидимъ ѹбо любии гнъсънꙑи съ врѣдъ клевѥтаниꙗ• да не ѹподобимъ|
73b| сꙗ клеветивъимъ иѫдѥомъ глѫштѥмъ• съ не нѥ иꙁгонитъ бѣсовъ• тъчьѫ о вѥельꙁѣволѣ кънⱑꙁи бѣсъ• Длъготръпѣливъи жѥ г҃ъ речѥ• аштѥ аꙁъ о веелъꙁѣволѣ иꙁгонѫ бѣсꙑ• сн҃ове ваши цѣмъ иꙁгонꙗтъ• аштѥ ли дх҃омъ бжьѥмъ иꙁгонѧтъ бѣсꙑ• ѹбо постижѥ на вꙑ цр҃со бж҃иѥ• ѥжѥ бѫди полѹчити въсѣмъ намъ о х҃ѣ ꙁовѫштиимъ нꙑ вь не ѥмѹже слава вь вѣкꙑ вѣкомъ|
73c| АМИН л҃ ⁘ О ШЪПЪТАНИИ ⁘ Пакꙑ шьпътъникъ• и клевѥтьнїкъ• объштъника ѥстѥ срамовьнѹмѹ ѥѫ дѣланиѭ• ибо ѥдино ѥсть обоѫ дѣаниѥ• вь пѫть погꙑбѣльнъи водѧ• мръꙁъка по истинѣ• отъ б҃а и чл҃къ• гньсь бо• клѥвѥтьнаꙗ• и съпътьнаꙗ живѫшти съ нима• скврънъно и нѥчисто житиѥ ѥѫ сътварѧѥть• нѥ прѣбꙑваѥмъ ѹбо въ ѿрѥчѥнѣемь|
73d| семь и нѥправѥдьнѣмъ житьи• да нѥ обрѧштемъ сѧ враꙁи къ ѥдиноплѥмѥниѫ• Ꙁаповѣдаѥть и ꙁаконъ• нѥ приѥми слѹха сѹѥтьна• нѥ сѧди съ нѥправъдивомь бꙑти съвѣдѣтель нѥправьдьнъ• въсъ г҃лъ ꙁьль• мръꙁостъ г҃ю ѥстъ• И прѣмѫдростънъ и жѥ соломонъ рече• шьпътьника и дьвоꙗꙁꙑчьника достоити клѧти• многꙑ бо погѫбиль мирънѹѫшта• И па҇ⷦ• ꙗꙁ҃къ обоитивъ многꙑ|
74a| подвижалъ• и слѹшаꙗи ѥго• не обрѧштеть покоꙗ• И па҇ⷦ• ꙗꙁва ѧꙁꙑча съкрѹшаетъ кости• съмръть бо люта съмрътъ ѥго• Про҇ⷦ жѥ амбакѹмъ• мѫжи миръници твои положишѧ сѣть подь тоѫ• И иѥремиꙗ речѥ• стрѣла ꙗꙁвⱑшти ꙗꙁ҃къ ихъ• льстиви г҃ли ихъ• Дв҃дъ жѥ ѹставити ꙗ хотѧ вражьдованиꙗ сѥго• ꙁапрѣштаѥтъ гл҃ѧ• покои ꙗꙁ҃къ свои отъ ꙁьла• и ѹстънѣ свои нѥ гл҃ати льсти• вѣдꙑ жѥ ихъ жѥстотѫ вольнѫѭ•|
74b| приводитъ• гроба отъвръста грътань ихъ• ꙗꙁ҃кꙑ своими льштаахѫ• сѫди имъ б҃ѥ• ꙁанѥ ꙗдъ аспидьнъ подь ѹстънами ихъ• на мꙗ бо шъпътаахѫ вьси враꙁи мои• на мѧ помꙑшлѧахѫ ꙁълаа м͗нѣ• слово ꙁаконопрѣстѫпьно въꙁложиша на мѧ• нъ да облѣкѫтъ соблꙑгаѫштеи мѧ въ срамъ• и одѥждѫтъ сѧ ꙗко одѥждѥѫ стѹдомь своимъ• и молитъ сѧ г҃лѧ• г҃и иꙁбави дш҃ѫ моѫ отъ ѹстънъ нѥправъдьнъ и отъ ꙗꙁ҃ка льстива|
74c| нъ и мѧ самого отъ таинъ моихъ очисти мѧ• и отъ тѫждиихъ поштꙗди раба своѥго да нѥпорочънъ бѫдѫ• И притъчъникъ ꙁаповѣдаѥтъ г҃лѧ• нѥ прослови шьпьтъникъ• мѫжъ бо скрѣнивъ• въпадѥтъ въ ꙁъло• И паⷦ• съмрьть и животъ въ рѫцѣ ꙗꙁꙑчи• дръжаштѥи жѥ и сънѣдѧтъ плодꙑ его• и иꙗковъ аштѥ кьто мънитъ сѧ въ васъ вѣрънъ сꙑ• нѥ въхлаштаꙗ ѧꙁꙑка своѥго• нъ лъстѧ ср҃це своѥ•|
74d| сѥго сѫѥтъна вѣра• и приводитъ• сѥ коликъ огнъ коликѹ грамадѹ съжиꙁаѥтъ• и ꙗꙁ҃къ огнь лѣпота неправъдѣ ꙗꙁ҃къ ѹтварѧѥтъ сѧ въ ѹдѣхъ нашихъ скврънѧи въсѥ тѣло нашѥ и палꙗ коло родъства нашѥго• и ꙗвѣ ꙗко тѣло живота нашѥго• житиѥ чл҃че коло ѥстъ обраштаꙗ сѧ• и опалѧѥмо отъ гѥѥннꙑ• Бѣжимъ ѹбо братиѥ шьпътаниꙗ да не лишить насъ породꙑ• И прѣпроводитъ нꙑ въ геѥннѫ огньнѫѫ•|
75a| Пошьпътавьши бо ꙁмии• иꙁгъна ѥв͗гѫ ис породꙑ• ꙗкоже ѥтѥръ прѣмѫдръ рѥчѥ• Бл҃жнъ ижѥ ꙗꙁ҃комъ нѥ поплъꙁѥ сꙗ• И па҇ⷦ• блажѥнъ ижѥ сꙗ ѹкрꙑ отъ лица ꙗꙁꙑча• и поплъꙁѥньѥ отъ тьлъ лѹчѥ• нѥже отъ ꙗꙁ҃ка• И павлъ• ѥда како въ васъ ръвъньꙗ• ꙁавидꙑ• ꙗрости• рети• клѥвѥтꙑ• шьпъти• гръдꙑнѧ• и прочаа• г҃ъ жѥ рѥчѥ• добръи чл҃кь отъ добрааго съкровишта ср҃ца своѥго иꙁноситъ доброѥ•|
75b| и ꙁьлъи чл҃къ• отъ ꙁьлааго съкровишта ср҃ца своѥго• иꙁлагаѥтъ ꙁьлаꙗ• отъ иꙁбꙑтъка бо ср҃ца• гл҃ѫтъ ѹста• б҃ѹ жѥ нашѥмѹ бесъмрътънꙋмѹ слава вь вѣкꙑ вѣкомь АМИН л҃а ⁘ О ТОМЬ ѤЖЕ ⁘ ⁘ НЕ ꙀАꙀИРАТИ ⁘ Еже ꙁаꙁарати бѥꙁ врѣменѥ и нѥиспꙑтьнѣ• ѿречѥно|
75c| естъ бж҃ьствънъимь ѱаньѥмъ• раꙁвѣ аште кьто на исправѥние съгрѣшьшааго любьве ради хоштеть тацѣмъ ꙁаꙁоромь ꙁаꙁьрѣти• боꙗ сѧ паче ꙁаповѣди г҃нѧ г҃лѫштаꙗ• не осѫждаите да не осѫдите сѧ• своꙗ прѣгрѣшениꙗ видить• а искрьнѧаго прѣꙁьрить• врѣдовьно бо ѥсть чл҃кѹ оставити своꙗ дльгꙑ• и вънимати тѹжда грѣхꙑ• еже бо инѣхъ ꙁаꙁирати• ꙗвѣ ѥстъ• ꙗко самъ себе непорочьна|
75d| покаꙁаѥть• Тѣмъ отъ таковааго б҃ъ скоро отъвраштаѥть сѧ• аште ли и скръбь наидеть тебе искрънааго ради• приими ѫ ꙗко и своѫ а нѥ тѹждѫ• аште ли вьспротивиши сѧ скръбънъимъ наносомъ• и инѣхъ ꙁаꙁираѥши• нѥ вѣси ꙗко велѣниѫ бж҃ьѫ противиши сѧ• аштѥ ли• ꙗвѣ ꙗко трьпиши г҃а• И о сѥмъ ѹчитъ нꙑ притьчьникъ г҃лѧ• пръвѣе даже не испꙑтаѥши не ꙁаꙁьри• нъ раꙁѹмѣи пръвѣе• ти тъгда ꙁапрѣштаи•|
76a| пръвоѥ дажѥ не слꙑшиши нѥ отъвѣштаваи• и вь средѫ словѥсъ• не вьлагаи слова• ꙁане съмрътъ и животъ въ рюцѣ ꙗꙁꙑка• и въ ѹⷪши бѥꙁѹмънааго ничесожѥ не г҃ли• ѥда къгда подражати начънеть• раꙁѹмьнаа твоѧ словеса• И дрѹгъи прѣмѫдрь рече• ср҃цѥ раꙁѹмивааго прииметъ ꙁаповѣди• отъкръвенъи же ѹстънама остръпьтаѧ ꙁапънѥтъ сѧ• Гл҃еть жѥ и црькъвьникъ въ вьсѧ словѥса ꙗже съвѣштаѫтъ нечьстивиї•|
76b| не положи ср҃ца своѥго• и вь съкровиштихъ ложа своѥго• Не клъни богата ꙗко пьтица нб҃снаꙗ отънетъ гласъ• Павлъ жѥ присълаетъ г҃лѧ• братиѥ• приѥмлѫштѥ дрѹгъ дрѹга и подаѫште себѣ аште къто кь комѹ иматъ порокъ• ꙗкожѥ и х҃ъ подасть намъ тако и мꙑ• надъ вьсѣми же сими любьвь ꙗже ѥсть съвѫꙁъ съвръшѥниѫ• бѫдѣмъ ѹбо слѹшаѫштѥ павла ѹчашта нꙑ• Да не ѹслꙑшимъ|
76c| отъ иѫдꙑ брата иꙗвлѧ• ꙗко и сѫть ръпътиви• порочиви• по похотемъ своимъ ходѧште• и ѹста ихъ г҃лють прѣгръда• дивѧштѥ сѧ лицѥмь въ польꙁѧ мѣсто• ѥжѥ бо ꙁаꙁирати• никомѹжѥ не строить сѧ тъчьѫ ѥдинѣмъ фарисѣомъ• ꙗко оправьдаѫштѥмъ сѧ самѣмъ имь• Тѣмьжѥ и ѥгда ѹченици г҃ни въꙁаалкашѧ• и начашѧ въстръгати класꙑ и ꙗсти• Фарисѣи рѣша г҃ю• се ѹчѥници твои творꙗтъ• ѥгожѥ|
76d| нѥ достоить творити въ сѫботꙑ• осѫждѥнии нѥпорочънꙑꙗ порицаахѫ• нѥꙁълобивꙑи жѥ г҃ъ къ нимъ• нѣстѥ ли чъли чьто створи дв҃дъ• ѥгда въꙁалка и сѫштѥи съ нимъ• како вънидѥ въ домъ бж҃ьи• и хлѣбꙑ прѣдъложѥниꙗ сънѣстъ• ихъжѥ нѥдостоино бѣашѥ ꙗсти• тъчьѫ иѥрѣомъ• и кажѧ ꙗ нѥ ꙁаꙁирати бѥꙁ ѫма• неповиньнъихъ• приложъ рѥче• аштѥ ли бꙑстѥ вѣдѣли чьто ѥ милости хоштѫ а нѥ жрътвѣ: то нѥ|
77a| бꙑстѥ осѫждали непорочънꙑихъ• Г҃ъ бо ѥстъ с҃нъ чловѣчь сѹботѣ• ѥмѹже слава нꙑнѣ и присно и вь вѣкꙑ вѣкомь: АМИН л҃в ⁘ О ПРѢКОСЛОВеСИИ ⁘ Прѣкословѥсьѥ• и бестѹдиѥ• игомь ꙁьло ꙁатѧꙁаеть сꙗ• прѣкословьць бо равънъ ѥстъ моштиѫ прѣꙁоривѫмѹ• хоштеть бо присно• одолѣвати истинѣ•|
77b| и чѧсто кратить сѧ борѧ старѣи бꙑти• Ꙗко и въ ꙁаконѣ• ѱано ѥстъ• ꙗко въспротивишѧ сѧ мосеѹ корь и даѳанъ и авиронъ и раꙁгнѣва сѧ г҃ъ на нѧ• и отъвръꙁе сѧ ꙁемлѧ подь ними и пожрѣтъ ꙗ и домꙑ ихъ• иштѫштѥи бо власти о своѥи силѣ беꙁ б҃а• и противѧштѥи сѧ отъ б҃а сѫштии власти• тацѣмъ каꙁнемъ повиньни сѫтъ• Пишѥть жѥ и павлъ о ѥтерѣхъ прѣкословъцихъ сице• ꙗкожѥ ианни• иамбри|
77c| противиста сⱑ мосѥѫ• тако и съи противѧтъ сѧ истинѣ• чр҃ци растълѣвъшѥ ѹмомь• неискѹшѥни о вѣрѣ• такождѥ въ дѣаниихъ ап҃льстѣхъ• ѥлума вльхвъ• противѧашѥ сѧ павлѹ и варнавѣ• ишта антупата• раꙁвратити отъ вѣрꙑ• и абьѥ осльпе• И паⷦ присꙑлаꙗ ап҃лъ тимоѳю речѥ• алеѯандръ кѹꙁньць• много ꙁьло ми створи• да въꙁдастъ ѥмѹ г҃ъ• ѥгоже и тꙑ храни сѧ• ꙁѣло бо противить сѧ нашимъ|
77d| словѥсемъ• и съ приꙗ достоиноѥ прѣкословесию въꙁдааниѥ• И про҇ⷦ• михѣи• рꙑдаꙗ жѥстости людъскꙑ гл҃еть• ꙗꙁ҃кь ихъ въꙁнѥсе сѧ въ ѹстѣхъ ихъ• охъ мнѣ д҃ше ꙗко погꙑбѥ говѣинъ отъ ꙁемлѧ• И инъ• прѣкословѥсиꙗ въꙁдвижѥтъ вьсъ ꙁьль• Г҃ъ же + беꙁмилостивьна сълѥть на нъ• И па҇ⷦ• мѫдростъ чл҃кѹ• просвѣштаѥтъ лице ѥго• и бестѹдьньи лицемъ въꙁненавидѣнъ бѹдѥтъ• и вѣштаꙗи неправедьнаꙗ•|+ ан҃гла
78a| никътожѥ не ѹтаитъ сѧ• ꙁълъи бо себѥ• комѹ добръ бѹдѥть• такождѥ сомонъ ꙁълъи съ досаждѥниѥмь творить ꙁълаꙗ• а раꙁѹмивии сѥбѣ• прѣмѫдри сѫтъ• Въꙁбоимъ сѧ ѹбо братиѥ божьствънааго ѱаниѧ• и прѣстанѣмъ бꙑти бѥстѹдьни• и прѣкословъци• да не речеть и о насъ• лѣковахомъ вавѹлониѫ и нѥ исцѣлѣ• и ѹслꙑшимъ + исаиѫ г҃лѫща• ащѥ хощѥте и послѹшаѥте мѥнѥ• благаа ꙁѥмлѧ сънѣстѥ• мꙑ ѹбо съмѣрѥномѫдриѥмь•|+ паче
78b| и млъчаниѥмъ сѧ ѹтвръдимъ• и послѣдѹѫще ст҃го ѱаниꙗ• повинѣмъ сѧ клирѹ ѹставлющѫ прѣкослословие• Велико ѥстъ орѫжьѥ д҃ши• на бж҃ьѫ подвиꙁаниѥ ѥжѥ къ б҃ѹ гл҃ати много• а къ чл҃комъ мало• нощь и дьнь• на послѣдьньи дьнь вьꙁирати• А не ѹподобимь сѧ иѥрѣомъ жидовьскомъ• ижѥ навꙑкли бѣахѫ присно противити сѧ б҃ѹ• пристѹпиша бо рече архииѥрѣи къ ис҃ѹ гл҃ѫще• коѥѫ властиѫ си твориши• или къто ти|
78c| ѥ далъ властъ сиѫ• Длъготръпѣливꙑи жѥ г҃ъ• кротъцѣ отъшта имъ г҃лѧ• въпрошѫ вꙑ аꙁъ• ѥдиного слова• ѥжѥ аштѥ рѥчетѥ ми• аꙁъ рѥкѹ вамъ• коѥѭ властиѫ сѥ творѭ• ѥмѹжѥ вьси молимъ сѧ• да иꙁбавитъ нꙑ въсѥго прѣкословесиꙗ нѥпольꙁънааго х҃ъ сп҃съ нашъ ѥмѫжѥ слава вь вѣкꙑ вѣкомь АМИН|
78d| л҃г ⁘ О ПРАꙀДЬНОСЛОВЕСИИ ⁘ Праꙁдънословесьѥ• отъ праꙁдънодѣаниꙗ раждаѥть сѧ• и нѥчааниꙗ бѫдѹштиихъ• аштѥ бо мѫкꙑ боꙗли сѧ бꙑхомъ• и цр҃ства желали• нѥ бꙑмъ праꙁдънословѥсили николижѥ• паче жѥ ꙗкожѥ г҃нѧ ѥстъ ꙁаповѣдъ• слово въꙁдати намъ въ врѣмꙗ сѫдъноѥ• + праꙁдънѣ г҃лѣ• ѥликожѥ польꙁѧ д҃ши не приноситъ• праꙁдъни г҃ли сѫть• потрѣбьно ѹбо ѥстъ нюждеѫ въꙁдражати сѧ•|+ о
79a| не дати мѣста праꙁдънословесию• побѣждаѥмъи бо ѹдобѣ малъими• и великъими по нѫжди порабѥнъ бѹдѥть• а нѥродѧи о тѣхъ• и вѥликꙑими о г҃и противитъ сѧ• подобаѥть ѹбо вьсѣмь хранѥниѥмь блюсти своѥ ср҃це и ѹста• и иꙁвѣстьнѣ бѥсѣдовати ꙗко съвръшеномъ• Пачѥ жѥ намъ мьнимъимъ каꙁати и наставꙗти мирьнꙑꙗ• Да нѥ ѹслꙑшимъ• ѹчаи дрѹга• сѥбѥ ли нѥ ѹчиши• бѥсъвѣтиꙗ бо ꙁнамѥньѥ|
79b| естъ• ѥжѥ присно гл҃ати• Ꙗкожѥ и + притьчахъ ѱано ѥстъ• сн҃ѥ нѥ рьвьнѫи мѹжѥмъ ꙁъломъ• нижѥ вьждѥлѣи бꙑти съ ними: И приводить г҃лѧ• ѹста отъкръвѥна творѧть нѥстроѥниꙗ: и бѥꙁѹмьнъи множить словѥса• И па҇ⷦ• множаи слово мръꙁъкъ бѹдѥть• иꙁ мъногь бо словѥсъ нѥ ѹбѣжиши грѣха• штѧдѧ жѥ ѹстънѣ• раꙁѹмьнь бѹдѥть• И пакꙑ• при дрѹꙁѣ и враꙁѣ• нѥ повѣдаи житии тѹждихъ• и аштѥ нѣстъ ти грѣха:|+ въ
79c| нѥ отъкрꙑваи• Гл҃ѥть жѥ и иовъ дрѹгомъ своимъ бѫди жѥ вамъ онѣмѣти• и бѫдѥть вамъ мѫдростъ• И дрѹгꙑи• блажѥнъ мѹжъ• ижѥ не въспоплъꙁе сꙗ ѹстꙑ своими• И па҇ⷦ• въꙁдръжаи ꙗꙁ҃къ• бѥ-свара поживетъ• и не любѧи бесѣдꙑ• оскѫждаѥтъ ꙁълобѹ• Гл҃еть жѥ и оклисиасть• словеса ѹстъ прѣмѫдра благодѣть• и ѹстънꙑ бѥꙁѹмънаго потопѧтъ и• начѧтькъ бо ѹстъ ѥго бѥꙁѹмие• и бѥꙁѫмьнꙑи множить словѥса• И приричѥ• любѧи животъ•|
79d| поштѧдитъ ѹста своꙗ• Такождѥ и ап҃лъ• вьсѥ слово гнило• иꙁ ѹсть вашихъ• да нѥ исходить• нъ ѥжѥ благо на съꙁъданиѥ• да дастъ благодѣть слꙑшаштиимъ• Имѫштѥ ѹбо въꙁлюбѥнии толико съвѣдѣтельство• въсѣмь тъштаниѥмь отъстѹпимъ• бѥспольꙁьнааго• пачѥ жѥ• дш҃ѥврѣдьнааго праꙁдьнословѥсиꙗ• Помꙑшлѧѫште въинѹ ꙗкожѥ ѥ речѥно• страшьноѥ прѣштѥниѥ г҃а гл҃ѫштꙗ• аминъ гл҃ѫ вамъ• ꙗко въсъ л҇ⷢъ праꙁдьнъ ижѥ съвѣштаѫть|
80a| члци• въꙁдадѧть слово о немъ вь дьнь сѫдьнꙑи б҃ѹ• ѥмѹжѥ слава вь вѣкꙑ вѣкомъ: АМИН л҃д ⁘ Ꙍ ЛИХОДѢАНИИ РЕК ҇ⷲ ⁘ О ꙌПꙐТОВАНИИ Ѥжѥ многовѣштавати и опꙑтовати тѹждаꙗ• нѥстроино ѥстъ чл҃кѹ хотѧштѹ ѹгодити б҃ѹ• хотѧи бо бѥскврънномь житиѥмь пожити на сѥмь житии:|
80b| самоправънъ хоштѥть бꙑти• сирѣчь себѥ вънимати• и беꙁмлъвъѥмь приближати сѧ б҃ꙁѣ• бѥсплавьноѫ мꙑслъѫ и беꙁъопꙑтъномь ѹмомь• простоѫ мꙑсльѫ• тако бо наидѥть на нь обилѣ благодѣтъ ст҃аго д҃ха ѱано же естъ и вь притьчахъ• глѫбьшъ сѥбе не ишти• и крѣпьшь себѥ не пꙑтаи• ꙗжѥ ти сѫтъ повелѣна• та раꙁѹмѣваи• не трѣбѣ бо ти есть таинꙑхъ глѧдати очима• И па҇ⷦ• мльꙁи млѣко и бѫдеть масло• аштѥ ли|
80c| тѣшти ноꙁдри• иꙁидѥть крьвь• аще ли иꙁнесеши словѥса• иꙁидѫть сѫди и свари• И па҇ⷦ• въ иꙁбꙑтъцѣхъ дѣлъ твоихъ нѥ распꙑтаваи• многꙑ бо прѣльстило мьнѣниѥ ихъ• вѣдѣньꙗ же бѥ-чѧсти сꙑ• нѥ вѣстѹи• ꙁѣницѫ бо нѥ имꙑ• лихъ ѥстъ свѣта• Гл҃ѥть жѥ и петръ• сѥ прѣждѥ раꙁѹмѣѫштѥ• ꙗко придѹть вь послѣдьнѧꙗ дьни въ рѹгание• рѹгателе по своихъ похотѥхъ ходѧште и г҃лѫштѥ• къдѥ естъ|
80d| обѣштаниѥ пришьствиꙗ ѥго• И приносить• тѣмьжѥ вьꙁлюбѥнии потьштимъ сѧ бескврънни и нѥпорочьни емѹ обрѣсти сѧ• и г҃нѥ дльготръпие сп҃сѥниѥ мьнитѥ• Такождѥ жѥ и павль присꙑлаꙗ речѥ: сѫть бо мноꙁи нѥпокориви сѫѥсловьници• и ѹмольстъци• ꙗжѥ подобаѥть вьꙁдражати• ижѥ вьсѧ домꙑ опѹштаѫть• ѹчаште ихьжѥ не подобаеть• И инъде• ибо ѥгда бѣахомъ въ васъ• се ꙁапрѣштаахомь• ащѥ кто нѥ хощѥть|
81a| дѣлати• да и нѥ ꙗстъ• слꙑшимъ бо ѥтерꙑ + васъ бѥ чинѹ ходѧштѧ• ничесожѥ не дѣлаѫштѧ• нъ ꙁълоѥ дѣлаѫщѧ• И лицѥмѣрии жѥ иѫдѥѫ• пристѫпишѧ къ ис҃ѹ гл҃ѫште• чьто ти сꙗ мьнить• достоить ли дати кинъсъ• кесарю• или ни• дамъ ли или нѥ дамь• Г҃ъ ++ посрамꙗѧ ихъ опꙑтьливоѥ лицѥмѣриѥ• речѥ къ нимъ• чьто мѧ искѹшаѥте наничьници• покажитѥ ми цѧтѫ киньсънѫѭ• они жѥ принѥсошꙗ ѥмѹ пѣнѧꙁъ• и гл҃а|+ вь     ++ же
81b| имъ• чьи ѥстъ обраꙁъ и наѱаниѥ• гл҃ашѧ ѥмѹ• кѥсарѥвъ речѥ жѥ имъ• ѿдадитѥ ѹбо кесароваа кесарѹ• а бж҃ьꙗ б҃ѹ• и отидошѧ посрамѥни• и опꙑтьливааго бо чл҃ка стѹдъ покрꙑѥтъ• б҃ѹ + нашѥмѹ благѹмѹ слава• въ вѣкꙑ вѣкомъ: А М И Н ⁘ Ꙍ НЕРАЖДЕНИИ ⁘ ⁘ СИРѢЧЬ О НЕБРѢЖЕНИИ ⁘|+ же
81c| л҃е Ѥжѥ небрѣговати вьсѥꙗ вешти• ꙁьло и грѣховьно ѥстъ• паче жѥ б҃ѹ приносимꙑихъ• не моꙁѣмъ ѹбо въдати сѧ лѣности• и нѥбрѣжѥниѫ• да нѥ въпадѥмъ клѧтвѣ• И иѥремии гл҃ѫштѫ• проклѧть чл҃къ• творꙗи дѣла г҃нѧ лѣностънѣ• въсе бо въ чинъ свои имѣти ѥстъ лѣпо• Ꙗкожѥ и павлъ ѹчить нꙑ гл҃ꙗ• вьсѥ благообраꙁьнѣ и по чинѹ да бꙑваеть• Понѥжѥ чьто ꙁъло творѧашѥ иоꙁиꙗ• кадѧ б҃ѹ• чьто ли саѹлъ жьрѧ•|
81d| нъ отъвръжена ѥѫ жрътва бꙑстъ• Вънимати комѹжъдо твръдо сѥбѣ потрѣбьно ѥстъ• а нѥ вꙑшѥ мѣръ своихъ помꙑшлѧти чѥсо• или дѣати• да нѥ ѹслꙑшити отъ амбакѹма• прѣвеличавꙑи жѥ• и нѥродивꙑи жѥ мѫжъ• и гръдъ ничесожѥ не имать коньчати• И инъждѥ• живѫ аꙁъ гл҃еть г҃ъ• ꙗко нъ славѧштѧꙗ мѧ прославлѫ• и ѹничъжаѧи мѧ бѥ чьсти бѹдеть• и притъчъникъ• нѥбрѣгъи вещи• небрѣгомъ|
82a| бѫдѥть ѥѫ• а боꙗи сѧ ꙁаповѣди• сь съдравѹеть• И малахиꙗ жѥ рѥчѥ• сн҃ь славить оц҃а• и рабъ г҃дина своѥго боитъ сѧ• и ꙗштѥ оц҃ь ѥсмъ аꙁъ къде ѥстъ слава моꙗ• аштѥ ли г҃ъ ѥсмъ• къдѥ ѥстъ страхъ мои• Такождѥ и дв҃дъ• рѥче ꙁаконопрѣстѫпьникъ съгрѣшаꙗ въ сѥбѥ• нѣсть страха бж҃ьꙗ прѣдъ очима его• Пѥтръ жѥ рѥчѥ• ꙗко врѣмѧ начати сѫдъ отъ храма бж҃ьꙗ• то аштѥ отъ васъ прѣжде• кака коньчина противꙗштиимъ|
82b| сѧ: ¬и¬ аштѥ праведьникъ ѥдъва сп҃саѥть сѧ• нечьстивъ и грѣшьнъ къде ꙗвить сѧ• И павлъ коринѳиѥмъ• сего ради въ васъ мноꙁи нѥмоштъни• и нѥдѹжъливи съпѧть мъноꙁи• аште бо бꙑхомъ сѧ расѫждали• то не бꙑхомъ осѫждѥни бꙑли• сѫдими жѥ отъ г҃а кажѥмъ сѧ• да не съ мирьмь осѫдимъ сѧ• И па҇ⷦ• д҃нь г҃нъ ꙗко тать въ ношти тако придѥть• ѥгда бо рѥкѹть миръ и ѹтвръждѥниѥ• тъгдаже вънеꙁаапѫ нападеть|
82c| ихъ гѹбителъ• рече + и инъ• не ръци штѥдрота ѥго многа ѥстъ множъство грѣхъ моихъ оцѣстить• милость бо и гнѣвъ ѹ него• И па҇ⷦ• не жиди обратити сѧ къ г҃ѫ и не ѿлагаи дьнѥ ѿ дьнѥ: по множьствѹ бо милости ѥго• тако и много и обличѥньѥ ѥго• мѫжѫ по дѣломъ ѥго сѫдить• И иеꙁѥкиль• ѥгда въꙁвратить сѧ праведьникъ отъ правьдꙑ своѥѧ• и сътворить неправьдѹ• вьсꙗ правьдꙑ ѥго погꙑбнѫть|+ же
82d| въ грѣсѣ своѥмь ѹмьреть• комѫжьдо по пѫти ѥго въ немьже обрѧштѫ и• сѫждѫ ѥмѹ гл҃еть г҃ъ• Павлъ жѥ• тѣмьже ѹбо да не съпимъ• нъ да бъдимъ• трѣꙁвимъ сѧ• съпѧштеи бо ноштьѫ съпѧть• и ѹпиваѫштеи сѧ нощьѫ ѹпиваѫть сѧ• И приводить• ꙗко чада свѣтѹ ходите• искѹпаѫште врѣмѧ ꙗко дьни ꙁъли сѫть• рѥче же и г҃ъ• бъдите ꙗко не вѣсте въ къи дънъ г҃ъ придеть• се же вѣдитѥ ꙗко аште бꙑ вѣдѣлъ г҃нъ|
83a| храма въ кѫю стражѹ тать придѥть• бъдѣлъ ѹбо бꙑ• и не бꙑ оставилъ подърꙑти храма своѥго• сего ради и вꙑ бѫдѣте готови• ꙗко въ ньже часъ не вѣсте с҃нъ чл҃чъ придеть• ѥмѫже слава въ кꙑ вѣкомъ АМИН л҃ѕ ⁘ Ꙍ ЛѢНОСТИ ⁘ Лѣностъ• припрѧжена ѥстъ ꙁьлобѣ• рабѥ бо рече ꙁълꙑи и лѣнивꙑи• г҃ю|
83b| ѹбо крѣпость подаваѫштѹ• и мꙑ блгоспѣшиѥ покажѣмъ• и отъвръꙁѣмъ отъ насъ въсѫ лѣностъ• и дѣлателѥ бѫдѣмъ• истиннааго винограда• и хранителе ꙁаповѣдьи г҃нъ• ꙗко сн҃и присни• а не ꙗко раби лѣниви• ли ꙗкоже дѣлателе наꙗти• мьнѧштѥ сънисканьѥ сѫштѥ• благовѣриѥ• работаѫште своимъ чрѣвесемъ• и благꙑими словесꙑ прѣльштаѫште ср҃ца неꙁьлобивъихъ• Не бѹдѣмъ ꙗкоже павлъ речѥ• лъжѥап҇ⷭли•|
83c| сребролюбьци• дѣлателе льстиви• прѣобраꙁѹѫште сѧ• въ слѹжителѧ свѣта• тьма сѫште• нъ достоинѣ ꙁъваньꙗ и исповѣданиꙗ нашего поживѣмъ• подобънѣ и правьдьнѣ и благочьстьнѣ живѫштѥ• помꙑшлѧѫште добраа• не тъчьѫ прѣдь г҃мъ• нъ и прѣдь чл҃кꙑ се бо ѥ правъдьно• да славимъ бѫдѥть б҃ъ о вьсѣхъ• отъвръꙁѣмъ ѹбо ѿ нась лѣнованиѥ• и ꙗко раби вѣръни• пожидѣмъ дьне пришьствьꙗ г҃а нашего•|
83d| въ ньжѥ нб҃са съвьѫть сѧ• и ꙁемлѧ искꙑпить отъ вѣка ѹсъпъшаѧ• горꙑ и вьсѧ сѫша ѹжаснеть сѧ ѿ лица его• ѥгда придеть сѫди на облѣцѣхъ• тъгда вьсѧ трепетъ прииметь и нб҃сънꙑꙗ силꙑ подвижать сѧ• тѣмьжѥ вельиѥ естъ ꙁѣло оплъчениѥ ѥго• ꙁане крѣпъка дѣла словесъ ѥго• въ съконьчаниѥ въ вихъръ пѫть его• и ѡблакъ прахъ ногѹ его• прѣтѧ морю и исѹшаѧ ѥ• придеть бо г҃ъ съ ꙗростьѫ своеѥѫ• ꙗко огнъ• и ꙗко бѹрѧ + орѫжиѥ ѥго:|+ колѥсница ѥго
84a| и огнь прѣдъпоидетъ прѣдъ нимь• и сѫштеи въ гробѣхъ• ѹслꙑшать страшънꙑи гласъ ѥго• и иꙁидѹть нѥлѣнивии• въ благꙑихъ дѣлѣхъ• въ жиꙁнъ вѣчънѹѫ• а лѣнивии и ꙁълии• въ мѫкѫ вѣчънѫѭ• и ѹꙁърѧтъ страшъноѥ сѫдиштѥ х҃во• идежѥ прѣстоли прѣстоꙗть на сѫдъ• и рѣкоѫ тѥкꙑ огнь прѣдъ нимь• и кънигꙑ раꙁгьбѥнꙑ• идѥже дѣла отъкрꙑѫть сѧ Тѣмьжѥ поминаѭште дьнь тъ• нѥ|
84b| бѹдѣмъ лѣниви• ни нѥтрѥбиви• въ прѣдълежѧштаа намъ• нижѥ настоꙗштаа ꙗко в¬ѣчь¬наа вьнемꙗмъ• Оучить жѥ нꙑ и притъчъникъ г҃лѧ• аште нелѣнъ бѫдеши придѥть ꙗко источъникъ жѧтва твоꙗ• а ништета ти ꙗко и ꙁълъ мѫжь отидеть• И па҇ⷦ• дѣлаꙗи своѫ ꙁемлѫ насꙑтить сѧ хлѣба• множѧи же праꙁдьньство• насꙑтитъ сѧ ништетꙑ• И пакꙑ• въ лѣностехъ съмѣрить сѧ надежда• и въ праꙁнехъ|
84c| рѫкѹ капѥть храмъ• И па҇ⷦ• ништета мѫжа съмѣрѧѥть• рѫкꙑ же въстанивъихъ обогаштаѫть• И па҇ⷦ• бѫди къ мравии ѡ лѣностиве• и бѫди тоѧ мд҃рѣи• она бо тѧжаниѭ нѥ сѫштѫ ѥи• ни• нѹдѧштааго имѫшти• готовить въ жатвѫ пиштѭ• И па҇ⷦ• иди къ бъчѥлѣ• и ѹвѣждъ ꙗко тѧжатель ѥсть• тѧжаниѥ жѥ ꙗко прѣчисто творитъ• ѥꙗжѥ ѹсильꙗ• ц҃ри и простии• къ съдравиѫ прилагаѫть•|
84d| И па҇ⷦ: доколѣ лѣностиве вьꙁлежиши• къгдажѥ отъ съна въстанеши• мало сьпиши• мало же обѥмеши рѫкама прьси• потомь наидѥть тѥбѣ ѹбожьѥ и ништета• ꙗко благъ теча• Иеремиѧ же рече• ѹсънѫхомъ въ стѹдѣ нашемь• и покрꙑ нꙑ бечьстиѥ нашѥ• горе• намъ ꙗко страдаваѥмъ• Гл҃ѥть жѥ и инъ• камени проканѹ тъчьнъ ѥстъ лѣнивъи• и вьсь поꙁвиждеть на нъчъстъѥ ѥго•|
85a| И па҇ⷦ• поносимъ лѣнивꙑи не стꙑдить сѧ: лаиномъ бо жидъкомъ тъчьнъ ѥстъ лѣнивъи: Отъвръꙁѣмъ ѹбо братие вьсеѫ силоѭ лѣностъ и праꙁдьньѥ• да нѥ црс҃тва нб҃снааго лишить нꙑ въ геѥннѫ жѥ огнънѫѭ въвѥдѥть• Послѹшаимь ап҃ла съвѣтѫѭшта• тъштаниѥмь нелѣниви• дх҃мь горѧште• г҃ю работаште• И дв҃доваа поѭште• бл҃гнъ г҃ь наѹчаѧ рѹцѣ мои на оплъчѥниѥ• пръстꙑ моꙗ на брань• Оубоимъ сѧ притьча|
85b| съкрꙑвъшааго талантъ въ ꙁемли• да не ѹслꙑшимъ отъ сп҃са• рабѥ лѣнивъи лѹкавъи• и въꙁьмѣте отъ нѥго талантъ• и нѥтрѣбааго раба въвръꙁѣте въ тьмѹ кромѣшънѫю• тѫ бѫдеть плачъ и скръжъть ꙁѹбъи• нъ паче потьштимъ сѧ ѹслꙑшати• добръи рабе• блажѥ и вѣрънѥ• надъ маломь бо вѣрънъ• надъ многомь тꙗ ѹстроѫ• въниди въ радостъ г҃а своѥго• ѥмѫжѥ слава въ вѣкꙑ вѣкомъ•|
85c| л҃ꙁ ⁘ О ТО ҇ⷨ ѤЖЕ НЕ ТИЩАТИ СѦ СЪ СЇЛН ҇ⷪМ⁘ Ст҃ꙑимь ѱаниѥмь кажеми ѥсмъ• ꙗко не подобьно нъ ѥстъ съ могѫштьмъ тиштати сѧ• не довъльни бо ѥсмъ тъчънити сѧ съ бѥтьчьнъимъ• ꙗкоже бо бестъчьнꙑꙗ рꙑбꙑ лаѫштѥꙗ брашьнѹ себѣ хѹждьшѧꙗ творѧть рꙑбꙑ• тако и сильнии ѹдобиꙁнѫ имѫть обидѣти немоштьнꙑꙗ• имѫть жѥ и лютостъ и беꙁмилованиѥ• и раꙁграбꙗѫть ѹбогꙑѧ|
85d| ловитвѫ ꙗ непьщѫѫть• не вѣдѧть бо житиѫ бѥꙁвѣстиѧ• аште бо бѫ вѣдѣли• то не бꙑша недостатъка ѹбогꙑихъ прикладали на своꙗ иꙁбꙑваньꙗ• подвиꙁаѫштѫ сѧ ꙗко отъврѣшти ꙁаповѣдъ ап҃лѫ гл҃ѫшта• Вашъ иꙁбꙑтъкъ вь лишѥние ништиихъ• Добрѣ ѹбо бж҃ьствъноѥ ѱаниѥ велить намъ• хранити сѧ отъ таковꙑихь рече бо• не прилагаи сѧ ѹбогъ сꙑ богатѣѥмь• богатꙑи бо обидѹ сътвори• и самъ припрѣти•|
86a| ништьи обидѣнъ бꙑвъ• и самъ примоли сѧ• коѥ бо рѥче причастьѥ гръньцю съ котъломь• тъ прираꙁить сѧ• и съкрѫшить сѧ• рече же и притъчьникъ• нѥ простираи сѧ ништъ сꙑ съ богатомь• и не ꙗждъ хлѣба своего съ нимь• иꙁблюеть бо и• и оскврънить словеса твоѧ добраꙗ• И про҇ⷦ• амосъ речѥ о нихъ• бьꙗи въ главꙑ ѹбогꙑихъ• и пѫть съмѣренꙑихъ ѹклонишѧ• вино отъ клеветꙑ пьѧахѫ: Добръи жѥ ѹчитель|
86b| ап҃ль коринѳиомъ пишѧ гл҃аашѥ• почьто не паче обидими есте• почьто не паче обидими бꙑваѥте: нъ вꙑ обїдитѥ и лишаѥтѥ и сѥ братиѫ• И приводить• въс¬ь¬мь срамъ вамъ естъ• ꙗко тѧжѧ имате съ собоѫ• или не вѣсте ꙗко обидьливии: црс҃тва бж҃ьꙗ не наслѣдѧть• И г҃ъ же о кънижъницѣхъ и фарисеихъ рече• съвѧꙁаѫть брѣмена тѧжъка• и неѹдобь носима• и въскладаѫть на рама чл҃чѣ• а пръстомь своимь не хотѧть двигнѫти ихъ•|
86c| Нъ ижѥ ѹбо братие прилѣжьно молимъ сѧ вьсѣхъ обидьливъихъ иꙁбавити нꙑ вл҃цѣ б҃ѹ нашѥмѹ ѥмѫже слава вь вѣкꙑ вѣкомъ АМИН л҃и ⁘О ПРѢСЛОУШ ҇ⷶНИИ⁘ Ꙗкожѥ послѹшаниѥ жиꙁнъ: тако и прѣслѹшаньѥ съмръть сътварѧеть• и послѹшаеть ми словеси: Пръвъи рѹкоѫ бж҃ьеѫ ꙁъданъи чл҃къ•|
86d| аште бо бꙑ не ослѹшалъ ꙁаповѣди народотворъчꙗ• не бꙑ ѹбо лишилъ сѧ породꙑ и дрѣва жиꙁнънааго• иꙁдриновенъ жѥ иꙁ-д-раꙗ бꙑвъ• съмрътиѫ осѫди сѧ самъ• и ижѥ отъ него вѣчьноѫ• слꙑшавъ ꙁемлѧ ѥси• и въ ꙁемлю поидеши• И иꙁъ ѥѫпта же ишедьшеи: ихъже ѹди падошѧ въ пѹстꙑни• и не послѹшашѧ гласа г҃нꙗ и въ ꙁаконѣ его не рачиша ходити• ꙁапрѣти бо имъ б҃ъ• и одъжди имъ маньнѹ ꙗсти:|
87a| а не оставлꙗти на ѹтрѣи: и прѣслѹшавъшемъ и оставьшѥмъ до ѹдра: въскꙑпѣ чръвьми и въсмръдѣ сѧ• ѥжѥ на бечестие и ѹкориꙁнѹ бꙑ҇ⷭ прѣслѹшавъшиимъ• ꙗко ослѹшаниемъ и самои маннѣ• чръвемъ и смрадѹ бꙑвъши винѣ• ꙗвлѧѥтъ бо сѧ прѣжде того• ничесоже такого бꙑвъша• ꙁане паче пишти анг҃лсцѣ сѫшти: Ꙗкожѥ рече• хлѣбъ анг҃скъи ꙗстъ чловѣкъ• И сн҃а ил҃ева офни и финеес• не послѹшастѥ|
87b| гласа оц҃а своѥго• и сего ради г҃ъ• самъ ѹбо и сн҃ꙑ и҃ілевꙑ погѹби орѹжиѥмь• А ковьчегъ въ рѹкꙑ тѹждеплемѥньникъ прѣдасть• ꙗкоже и при насъ бꙑ҇ⷭ люди ѹбо халдѣи иꙁбиша орѹжиѥмь• посрѣдѣ иіл҃ма и не бѣаше погрѣба ѫштааго• А кр҃ть вь асѹриѧ отъсѥли• такожде и саѹлъ• прѣобидѣвъ ꙁаповѣдь бж҃ьѭ• осѹѥтѣ• и цр҃ства испаде• и горъкѹ съмръть приꙗтъ• И много плачѧ о немъ про҇ⷦ самоиль•|
87c| и б҃а молѧ• ничесоже ѥмѹ ѹспѣ• нъ послѣждѥ слꙑша отъ про҇ⷦ: Добро ѥстъ слѹшаниѥ паче жрътвꙑ• и послѹшаниѥ паче тѹка овьнѧ• Се ѹбо въ бж҃ствънѣмь ѱании• А непослѹшъливъ ѹченикъ• ꙗко и дрѣво раꙁвраштѥно• и не исправить сѧ обличаемъ часто• и несъгласьнъ братъ• ꙗко шѫма дꙑханиѥ вѣтръно• бесъгласиѥмь врѣждаѥмъ• объштааго гласа• ꙗкожѥ трѹтъ трѹдъ бъчелинъ ꙗстъ•|
87d| тако и нѥтрѥбивъи братъ• прокѹждаѥть дрѹжинꙑ благовольно дѣаниѥ: и ꙗкожѥ страшивъ воинъ рѫкꙑ боръцъ ослабѧѥтъ• тако и чрънъцъ лѣнивъ• братиѧ спѣшъѥ слабитъ• Въꙁбоимъ сѧ ѹбо братиѥ: толиковꙑихъ притъчъ и бѣжимъ гѹбѥниꙗ прѣслѹшънааго• да не съ проварьшиими осѫждени бѫдемъ• каꙗ бо льꙁѧ ѥстъ• тѣло дѣвьствьно съблюдъши• а дш҃ѫ прѣслѹшаниꙗ бѣсомъ опрѣлюбодѣати• или како вѣньчаѥтъ|
88a| сѧ• иже ласкръдиѫ и вьсеи похоти въстѧгнѫвъ• вѥличаниѫ же и славолюбиѫ не одолѣвъ• Гл҃еть жѥ и притъчъникъ• сн҃ъ хꙑтръ послѹшъливъ оц҃ю• сн҃ъ же ослѹшъливъ• въ погꙑбѣль бѫдеть• И па҇ⷦ• понежѥ ꙁъвахъ и не послѹшасте• нъ отъметьнꙑ творѧасте моꙗ съвѣтꙑ• тѣмьже ѹбо и аꙁъ вашеи погꙑбѣли посмѣѫ сѧ• бѫдетъ бо ѥгда поꙁовете мѧ• аꙁъ же не въспослѹшаѫ• въꙁиштѫть бо мене ꙁълии и не обрѧштѫть•|
88b| ꙁане страха г҃нѧ не иꙁволиша• тѣмьжѥ ѹбо сънѣдѧть своѥго пѫти плодꙑ• И па҇ⷦ• не нечьстѹи много• и не бѹди жестокъ• да не ѹмьреши въ беꙁгодиѥ своѥ• И па҇ⷦ ѹкланѧи ѹхо своѥ не слꙑшати ꙁаконъ• и тъ мл҃твѹ своѫ омраꙁить• И инъ• оставѧꙗи хранити каꙁание мт҃ръне• поѹчить сѧ гл҃омъ ꙁъломъ• И па҇ⷦ• сѣѧи ꙁълоѥ• пожънеть ꙁълоѥ• некаꙁанѣѥмь же ѹтъкнеть сѧ съмръть• Гл҃еть же и иеремиѧ• обратите сѧ кь мьнѣ|
88c| гл҃еть г҃ъ• и нѥ бѣ слѹшаѫштааго• И ап҃лъ аштѥ ли къто нѥ послѹшаѥть васъ• посъланиѥмь сего ꙁнаменаитѥ• и не примѣшаитѥ сꙗ ѥмь да сѧ срамить• И къ титѹ речѥ• сѫть бо мноꙁи нѥпокориви• сѹѥсловьцї и ѹмольстьци ꙗжѥ подобаѥть въꙁдръжати• И къ ѥврѣомъ• лишѥ жѥ подобаѥть вънимати намъ ѥда когда отъпадѥмъ• останѣмъ ѹбо любии съмрътьнꙑꙗ сѥ ослѹхꙑ• и послѹшъливи бѹдѣмъ|
88d| при вьсѥмь дх҃овьнꙑ ихъ оц҃ъ нашихъ• Да ѹслꙑшимъ отъ г҃а• слѹшаꙗи васъ• мѥнѥ слѹшаѥть• а приемлѧи вꙑ• мѧ приѥмлеть• а мѧ приѥмѧи• приѥмлеть посълавъшааго мѧ• емѹже слава въ вѣкꙑ вѣкомь АМИН л҃ѳ ⁘ + Ꙍ КЛЕВЕТАНИИ ⁘ Лютъ естъ и клеветьнъ врѣдъ• паче же диꙗволъ• по реченѹмѹ о немь въ ѱалъмѣхъ•|+ ѡ послѹшаѫщиіхъ клеветꙑ
89a| съмѣрить клеветьника• враꙁи бо сѫште и б҃ѹмръꙁъци клеветьници• съобъштъници и съприснъници• и сънаслѣдъници бꙑваѫть• продавьшиимь и распьнъшиимь истинѫ• ѥже есть г҃а нашего і҃су х҃а• аꙁъ бо есмь рече истина и животъ• Повѥлѣваѥть ѹбо и ꙁаконъ гл҃ѧ• не бѹди послѹхъ на вьсѫ неправьдѹ и съгрѣшениѥ• Аште ѥ съгрѣшилъ• прѣдъ ѹстꙑ рече дъвою или трии послѹсѣхъ да станеть вьсь гл҃ъ• Саѹлъ же прѣстѹпивъ|
89b| ꙁаповѣдь сиѭ• три съта жьръць г҃нъ ѹби• послѹшьствомь• единого клеветьника доика сурина• И па҇ⷦ• да не оклеветаеть къжъдо васъ искрънѧаго своего• и притъчъникъ• оклеветаваꙗи ѹбогааго• раꙁдражаеть сътворъшааго И приводить• слава мѫжѫ отъвраштати сѧ клеветꙑ• вьсъ же беꙁѹмънъ• тѣми обѧжеть сѧ• Дв҃дъ же• мнѣ же ѹбо миръно гл҃аахѹ и на гнѣвъ льсти помꙑшлѧахѫ• и молить сѧ гонеꙁнѹти отъ клеветꙑ|
89c| чл҃чѧ• и обѣштаваѥть сѧ хранити ꙁаповѣди ѥго• И па҇ⷦ покрꙑи мѧ отъ съньма ꙁълобивꙑихъ• ижѥ иꙁостриша ꙗко орѹжиѥ ꙗꙁ҃кꙑ своѧ• И приводить блаженъ мѹжъ ѥмѹже не въмѣнитъ г҃ъ грѣха• нижѥ ѥсть вь ѹстѣхь ѥго льсти• И инъ• оклеветаꙗи ѹбога• много творить себѣ ꙁъло• И притьчьникъ рече• мѫжъствьнъи вь нечьстии• оклеветаваеть ништаꙗ• И па҇ⷦ львъ алча• и влъкъ жѧждѧ• ижѥ обидить|
89d| ништаѧ• сьи ꙗꙁ҃къ ѹбогъ• и цр҃ъ скѫдьнъ ѹрокꙑ• великъ клеветъникъ• иꙁдрꙑваꙗи ꙗмѹ искрънюмѹ• въпадеть сѧ въ нѫ• И еклисиастъ• обратихъ сѧ аꙁъ и видѣхъ вьсѧ клеветꙑ бꙑваѫштаꙗ подъ сл҃нцемь• и се слъꙁꙑ оклеветаѥмꙑихъ• и нѣсть ихъ ѹтѣшаѫштааго• И па҇ⷦ• клеветание въꙁмѫштаеть мѫдрааго• и погѹбѧеть ср҃це благородивааго• г҃ъ же сп҃сеть сн҃ꙑ ѹбогꙑхъ и съмѣрить клеветьника: Оутвръдимъ|
90a| сѧ ѹбо сами братие: отъ въсѥꙁълꙑꙗ клетꙑ• боꙗште сѧ горъкꙑѧ мѫкꙑ дѣѫштиихъ ѫ• Отврънъ же павьловоѥ съ павьломь въспоимъ• оклеветаѥми благословимъ• гоними ѹдръжимъ сѧ• хѹлими молимъ сѧ• ꙗко отрѥби бꙑхомъ вьсѣмъ попьраниѥ• Не бѫдѣмъ осѫждени съ врагꙑ хв҃ꙑ иѫдеи• ижѥ пришъдъше къ пилатѹ на г҃а гл҃аахѹ• сего обрѣтохомъ раꙁвращающа ꙗꙁ҃кꙑ• и бранѧща|
90b| кесарѹ даꙗти дани• и гл҃ѫшта себе маꙁаньна цр҃ѧ сѫшта• тъ же въсѥ ꙗко агнѧ неꙁълобиво тръпѧше: емѹже слава въ вѣкꙑ вѣкомь: АМИН м҃ ⁘ Ꙍ ТАТЬБѢ ⁘ Сь ꙁьлокъꙁнивꙑи татьбънъи бѣсъ• пръвое ѹбо отъ малъихъ вештьи начънеть• и постѫпѧ• на велика и тлъстаꙗ съходить• коежъдо|
90c| бо бꙑваемꙑихъ• отъ мала начънеть• и по части питаемо• приеметъ въꙁдрастѥниѥ• ꙗко сѣть ѥстъ многоплетѥна ꙁълобьнаꙗ къꙁнь• обѧꙁавъи сѧ хѹдѣ• аште облѣнить сѧ• то обьдръжънѣ ꙁатѧжеть сѧ• хѹда бо малаꙗ речеть• ничътоже сѫть нѣсть грѣхъ• таче ѹже обꙑчаѫ дръжаштѫ• Ꙗко гангрена жиръ обрѧштеть• обꙑчаи бо рече• вътороѥ естьство• и многомь трѹдомь|
90d| къто свободить сѧ• погосподовань имь• аште беꙁъ ослабꙑ и бе-стѹда пристѹпить къ вл҃цѣ х҃ѹ• мл҃твоѫ и постомь и милостꙑнеѫ• къ іс҃у гл҃ѧ• свободи мѧ вл҃ко• ꙗко и сьпропьненааго ти раꙁбоиника• и левьгиѫ и ꙁакъхеа мꙑтоимьца• подобаеть же и слъꙁꙑ принести ѥмѹ• ꙗко слъꙁꙑ• приемлемꙑ имь сѫтъ• и видѧ б҃ъ покаание его• подасть ѥмѹ добрѹ мꙑслъ• да не начънеть хотѣти тѹждиихъ•|
91a| Хотѧи ѹбо ꙗкоже рѣхомъ• бѥꙁаконьнааго сего дѣланиꙗ свободѹ ѹлѹчити ѹдомъ• бѥꙁъимѣниѥмь и малоѣдѥниѥмъ и млт҃воѫ• и грѧдѹштиихъ чааниемь ѹдобь свободить сѧ• хранѧи ѹбо ꙁаконъ• хранимъ ѥсть ꙁаконодавьцѥмь хм҃ь• Не лѣнимъ сѧ ѹбо въꙁлюбениї• въ скорѣ иꙁбавити сѧ таковааго стѹда• естъ бо врѣдъ сь• бѣдьногонеꙁьнь• имьже радостьнѣ ꙗвлѧеть сѧ татьбꙑ хотѣти|
91b| тѹждиимъ• и мьнѧ сѧ ѹлавлѧти не своꙗа• Припрѧжена жѥ ѥсть татьбѣ и лъжа и клевевѥта• рѥче бо ꙁаконъ• не ѹкради не сълъжи ни оклеветаи искрънѧаго своѥго• Ахарь же прѣстѫпьникъ ꙁаконѹ и ꙁаповѣди бꙑвъ• ѹкрадѥ отъ наложениꙗ ѱелиѫ и ꙗꙁ҃къ ꙁлатъ• и дидрагъма• дъвѣ сътѣ• и грѣхъ ѥго дѣльма• людиѥ гꙑбнѣахѫ• аште не бꙑ ѹгодьникъ іс҃ъ въꙁъпилъ къ г҃ю•|
91c| и ть ꙗви и емѹ• и рече іс҃ъ чъто ꙗко погѹби нꙑ• потрѣби тѧ г҃ъ• и въсприꙗ равьномѣриѥ татьбѣ ꙁаконопрѣстѹпениꙗ• камениемь бо побишѧ и вьси людиѥ съ вьсѣми своими его и ѹмрѣшѧ• И пр҃ркъ ꙁахариꙗ о таковꙑихъ рече• и вънидеть клѧтва въ домъ татинъ• и въ домъ ретьничь• и витаеть посрѣдѣ домѹ его• имать же тать• и клѧтие съпомагаѫште•|
91d| тѣмьже вьсѧ татьба проклѧта• Притьчьникъ же• на пѫти нечьстивꙑихъ не наиди• ѹклони сѧ отъ нихъ и кромѣ иди• нечьстие бо естъ• еже тѹждаꙗ своꙗ творити• И приводить: аште бо бꙑша ходили стьꙁѧми благꙑими• обрѣли бꙑшѧ пѫть правьдꙑ• И павлъ ѹча рече• не дадите мѣста неприꙗꙁни• крадꙑи• къ томѹ да не крадеть• паче жѥ да трѹждаеть сѧ дѣлаꙗ рѹкама|
92a| своима благое• да имать подаѧти неимѹштюмѹ• И па҇ⷦ• поꙁна г҃ъ сѫщаꙗ его• и да отъстѹпитъ + неправьдꙑ вьсь именѹѧ имѧ гн҃е• И приносить• аште ѹбо къто оцѣстить сѧ отъ сихъ• бѫдеть съсѫдъ въ чьсть сш҃тенъ• И присꙑлаеть къ титѹ• рабомъ своимъ г҃мъ покарѧти сѧ• о вьсемь ѹгодьникомъ бꙑти• не прѣког҃лѫште• не крадѹште• нъ вьсѫ вѣрѫ ꙗвлѧѫште благѫ• аште бо отъ своего ѹкрадъшаꙗ•|+ ѿ
92b| такѹ съмрътъ приꙗста• ананиꙗ и сапфира• ꙗже въ дѣаниихъ мѣнѫ• кольми пачѥ иже отъ тѹждиихъ• татьба бо• обраꙁъ ѥстъ отъстѹпити отъ истинꙑ• паче жѥ виновьно• вл҃дча прѣданиꙗ• ѱано бо естъ вꙑ-иоанньсцѣмь евангельи• г҃ла же ѥдинъ ѹченикъ его• иѫда симонъ• искариотѣнинъ• чесо ради муро сѥ не продано бꙑ҇ⷭ на тръхъ сътѣхъ пѣнѧꙁъ и дано ништиимъ• се же рече• не ꙗко о ништиихъ|
92c| печааше сѧ• нъ ꙗко тать бѣ• и ковьчежьць имꙑ• и въмѣтаемаа ношааше• Г҃ъ же длъготръпънѣ вьсѥ тръпѣаше емѹже слава въ вѣкꙑ вѣкомь АМИН м҃а ⁘ Ꙍ ЛЪЖИ ⁘ Лъжа• бъхъма отъречена есть кръстьꙗномъ• ꙗкоже бо истинословьць• рабъ ѥсть истиннѹмѹ словѹ•|
92d| тако и лъжѥсловьць• лъжѥсловесивѹмѹ• паче же оц҃ю лъжи• имьже бо къто одолѣваемъ есть• томѹ и работьнъ е• боле бо инѣхъ страстьи чюемъ ꙗко грѣхъ есть• а лъжа отъ воньства• никътожѥ ꙗко люто и гѹбительно ѥсть• Ꙁѣло же ст҃ꙑими кънигами отъречено ѥсть• ꙗко люште вьсѣхъ врѣдовъ• Ꙗкоже бо ѹста нелъживааго: сш҃таѫть сѧ отъ истинꙑ• Аꙁъ бо ѥсмь истина рече г҃ъ• тако|
93a| оскврънѧеть сѧ лъжꙗ и отъ о҃ца своѥго диꙗвола• лъжа бо отъ неприꙗꙁни естъ• ꙗкоже г҃ъ ꙗвѣ ѹчить• любѧи ѹбо истинѫ• ꙗвѣ ѧко г҃а любить• Пръвоѥ ꙁаконъ повелѣваѥть• нѥ лъжѥсъвѣдѣтелюи на искрънѧаго своего съвѣдѣтельства лъжа• отъ вьсѥго г҃ла неправьдьна отъстѹпи• И прѣмѹдрость• ѹста облꙑгаѭшта погѹбѧть д҃шѹ: И па҇ⷦ• не ори лъжѧ на брата своѥго• и не въсхотѣи лъгати вьсеꙗ|
93b| лъжа• воиньство бо ѥѧ не на благо• И па҇ⷦ: раждиꙁаеть лъжѹ съвѣдѣтель неправьдьнъ• и насꙑлаѥть сѫдꙑ посрѣдѣ братиꙗ: Исаиꙗ же о приснолъживꙑихъ людехъ сице рече• ѹкориꙁноѫ ѹстенноѫ: и ꙗꙁ҃комь дрѹгꙑимь• И па҇ⷦ• и положихомъ лъжѫ ѹпъвание нашѥ• и лъжеѫ покрꙑѥмъ сѧ• И иеремиꙗ• ꙗко лъжа а не вѣра прѣможе на ꙁемли• Дв҃дъ же• с҃нове тѹжди сълъгаша ми• сн҃ове тѹжди обетьшашѧ• и охръмѫ|
93c| отъ стъꙁъ своихъ• кромѣ бо сѫште истинꙑ• храмѹть съвраштъше сѧ• правааго пѫти• сирѣчъ отъ г҃а• аꙁъ бо ѥсмь пѫть и истина и животъ рече г҃ъ• и враꙁи Гн҃и сълъгашѧ емѹ• и сего ради въꙁненавидѣ всѧ творѧштаꙗ беꙁаконие• . . . . . . . . . . . . • и погѹбѧѥть всѧ гл҃ѫштѧꙗ лъжѫ• ꙗко сълъга неправьда себѣ• ѹстьнꙑ бо льстивꙑ въ ср҃ци г҃люшта лъжѫ• Прм҃дрꙑи же соломонъ• дъвоѥго прошѹ|
93d| рече къ б҃ѹ ѹ тебе• не отъими отъ мене благодѣти прѣжде ѹмрътиꙗ ми• сѹетьно слово и лъже• далече мене сътвори• мръꙁость бо г҃ю ѹстьнꙑ лъживꙑ• творѧи же вѣрꙑ• приѧтъ имь• А иже ѹтвръждаеть сѧ на лъжахъ• сп҃сеть вѣтрꙑ• лъживъ бо ꙗꙁ҃къ• ненавидить истинꙑ• И па҇ⷦ• не бѹди лъжъ послѹхъ на свои гражданинъ• сирѣчъ на свои ѥдиновѣрьникъ• ни шири сѧ своима ѹстьнама• И инъ|
94a| порокъ ꙁълъ чл҃кѹ лъжа• вѣрьнъ же послѹхъ не льжеть• И па҇ⷦ• неꙁълобивъи вѣрѹеть вьсемѹ словеси• вьседѣи же приходить въ покаание• И па҇ⷦ• не ключите сѧ ѹстьнѣ беꙁѹмью вѣрънѣ• ни правьдьникѹ ѹстьнѣ лъживѣ• И приводить• ѹне есть тать• неже лъжаи въинѭ• Ап҃лъ же павлъ• не лъжите дрѹгъ дрѹгѹ• нъ отъложъше лъжѫ гл҃ѣте же истинѫ къжъдо къ искрьнюмѹ своемѹ• и въ дѣаниихъ петръ• ананиꙗ почъто рече наплъни|
94b| сотона ср҃це твое сълъгати д҃хѹ ст҃ѹмѹ и ѹтаити отъ цѣнꙑ села• И приводить• не сълъга чл҃кмъ нъ б҃ѹ• И иꙗковъ• ꙁане ꙁавистъ горъкѹ иматѥ въ ср҃дцихъ вашихъ• ни хвалите сѧ и не лъжите на истинѹ• Г҃ъ же о антихръстѣ егда гл҃еть рече лъжѫ• отъ своихъ г҃леть• ꙁане лъжъ есть ꙗкоже + оц҃ь его• слꙑшавъше ѹбо въꙁлюбении• ꙁълъи порокъ диѧволѧ лъжѧ• вьсѣмь тьштаниемь бѣжимъ отъ него• и притьцѣмъ къ истинѣ• ѥже есть х҃ъ истиньнꙑи ++|+ и     ++ ѥси тꙑ г҃и
94c| намъ б҃ъ емѹже слава въ вѣкꙑ вѣкомъ АМИН м҃в ⁘ Ꙍ ТЪЩЕСЛАВИИ ⁘ ⁘ РЕКЪШЕ Ꙍ ВЕЛИЧАНИИ ,,, — ,,, — Тъштеславьнъи ꙗвѧѥть• ꙗко прилежить б҃омръꙁъцѣи славѣ• въ сластъ бо ловить похваленьи чл҃чи• и тѣми сꙑтить сѧ паче множъства брашьннааго• таковꙑи• и ꙗко чл҃коѹгодьникъ|
94d| осѫждѥнъ бѹдеть• имьжѥ любить славѫ чл҃чѫ пачѥ славꙑ бж҃ьѧ• По благовѣстьникѹ иоаннѹ• нъ ꙗкожѥ ꙁа скрьби благаа чл҃комъ ѹготовашѧ сѧ• тако и ꙁълаа ꙁа тъштеславиѥ сласть• корень бо срамьнꙑꙗ похоти• чл҃вча хвала есть• не и егда слꙑшимъ нъ и ѥгда приѥмлемъ сластьнѣ• величаниѥ бо и сласть• вина ѥсть вьсеи ꙁьли• Врѣдъ сь тьштеславиꙗ• ꙁѣло многоꙁрачънъ есть а не тьнъкъ• и не въ скорѣ• ні самѣмъ напастьнѹѥмꙑимъ|
95a| постиꙁаѥмъ• при инѣхъ бо врѣдѣхъ• прилоꙁі ꙗвѣ лѹчаѫть сѧ• и д҃ша ѹдобь поꙁнаваѥть сѫштѫю къ нимъ брань• и мольбоѫ въꙁдражаѥть ѫ• а тъштеславьнаꙗ ꙁъль• ꙗко сѫшти раꙁличьна• жестопобѣдьна бꙑваѥть• въ вьсе бо начинаниѥ пристаѥть• въ обраꙁѣ жѥ и ꙁрацѣ• и въ хождении и гласѣ• и въ словѣ• и млъчании• и въ дѣлѣ• и въ бъдѣнии• и въ пощении• и въ мольбѣ• и въ чьтеньи• и въ|
95b| беꙁмлъвьи• и въ длъготръпьи• сими вьсѣми• начънеть бж҃ьꙗаго чл҃ка състрѣлѧти• егда бо не въꙁможѥть многоцѣннꙑ одѣньи• и къ тъштеславиѫ прѣльстити• хѹдꙑими начьнѥть окѹшати и ѥгоже нѥ въꙁможе чьстиѫ въꙁѧти• сего трьпѣниѥмь бечьстиꙗ въ беꙁѹмие вьꙁеметь• и егожѥ не можѥ ѹвѣштати хꙑтрости словесъ величати сѧ: сего млъчаниемь ꙗко млъчалива рекѹште|
95c| обльштаѥть• и ѥгоже + многꙑими брашьнꙑ ослабити• сего поштениемь къ хвалѣ раслабить• и просто вьсе начинание винѹ даеть брани лѹкавѹмѹ семѹ бѣсѹ• Прочее же обрѧштеть сѧ величавъи чръньць• ꙗко дѣлатель беꙁ мъꙁдꙑ• трѹдꙑ бо подаꙗ и мьꙁдꙑ не въꙁѧ• величание бо• погѫблѧеть мьꙁдꙑ добрꙑихъ дѣтѣльи• И ꙗкоже каменно връжение не доидеть нб҃се• тако и мл҃тва чл҃коѹгодьнича не въꙁидетъ|+ не може
95d| къ б҃ѹ• мѫдръи мѫжъ таить съкровиште и добродѣтѣльнѫѭ болѣꙁнь• раꙁѹмичьнъ чръньцъ• бъчелѣ подобить сѧ• иꙁвьнѹ носѧ цвѣтꙑ• а вънѹтрь сътꙑ дѣлаꙗ• не продаждь словесъ своихъ славѣ члв҃чи• ни бѹдѹштаꙗ славꙑ прѣдаждъ хѹдꙑꙗ дѣлѧ похвалꙑ• слава бо чл҃ча въ пръсть въселить сѧ• и слѹтие ѥꙗ ѹгасаѥть• добродѣтельнаꙗ же слава прѣбꙑваѥть въ вѣкъ• Мꙑ ѹбо любимици не дадимъ мѣста ꙗко врѣдѹ семѹ обладати|
96a| нами• боꙗште сѧ гл҃ѫштааго• б҃ъ расꙑпа кости чл҃коѹгодьникъ• Послѣдѹѫште же паче ап҃лскѹ словѹ• ръцѣмъ чистиноѫ• нꙑнѣ бо чл҃кꙑ прѣпираю• или б҃а• или иштѫ чл҃комъ ѹгаждати• аще бо и ѥдиначе бꙑмь бꙑлъ• И па҇ⷦ• тако гл҃емъ• не ꙗко чл҃комъ ѹгаждаѫште• нъ б҃ѹ искѹшаѫштѹмѹ ср҃ца наша• ни бо къгда рече• въ словеси ласканиꙗ бꙑхомъ къ вамъ ꙗкоже вѣсте• ни винѣ лихоиманиꙗ• б҃ъ съвѣдѣтель• ни|
96b| иштѫште отъ чл҃къ славꙑ• не съставѧꙗи бо себе• самъ тъ есть искѹшенъ нъ ѥгоже б҃ъ съставилъ• Ꙗкоже рече блаженаꙗ анна самоилѧ мати• да не хвалить сѧ мѹдрꙑи мѫдростиѫ своѥѫ• и сильнꙑи силою своѥѫ и богатꙑ и богатьствомь своимь• нъ ѥже раꙁѹмѣвати и творити сѫдъ и правьдѹ• Цр҃ъ же еꙁекиа славꙑ чл҃ча ловѧ и обрадованиемь дръжимъ• покаꙁа халъдѣемъ богатьство своѥ• И посъла г҃ъ|
96c| исаиѫ гл҃ѧ къ немѹ: сѥ дьньѥ придѹть• и въꙁѧто бѫдеть вьсе ѥже видѣшѧ• въ вавулонъ• ꙗкоже и при насъ бꙑсть нꙑнѣ• ѹтлъстѣхомъ бо и отъвръгохомъ сѧ• и прѣдасть г҃ъ крѣпость нашѫ• чъстьнꙑи свои кръстъ халдѣѥмъ• и ст҃аа нашѧ опѹстѣшѧ• Добрѣ ѹбо притъчьникъ гл҃еть• лѹче мѫжь въ бечьстии + работаꙗ• неже иже чъсть себѣ• облагаѥть• и нѥ имꙑ хлѣба• И па҇ⷦ• да хвалить сѧ искрънии а не твоꙗ|+ себѣ
96d| ѹста• тѹждъ а не твои ѹстьнѣ• Пѣснивъцъ жѥ• б҃ъ расꙑпа кости чл҃коѹгодьникъ• постꙑдѣшѧ сѧ ꙗко б҃ъ ѹничъжи ꙗ• И ап҃лъ• чъто бо имаши ѥгоже нѣси приꙗлъ• аште ли и приꙗлъ ѥси• чъто сѧ хвалиши ꙗко не приимъ• И критѣнемъ• не прѣдъ очима работаѫште ꙗко чл҃коѹгодъници• нъ ѥже аште творите• отъ дш҃а творите ꙗко г҃ю а не чл҃кѹ работаѫште• лютъ ѹбо ѥсть ꙗкоже рече сѧ тъштеславьнъ врѣдъ• и вь вьсѧ|
97a| добродѣаниꙗ• ꙗже творить чл҃къ вълагаѥт ѥꙗ• и тъштить прокѹдити плодꙑ чрънориꙁъчѧ• и гореѥ• ꙗко о-нѣхъ врѣдѣхъ• любодѣании рекѹ• и гнѣвѣ• скръбимъ ѹбо и плачемъ• и молимъ сѧ проштени бꙑти• а при тъштеславии• ни болимъ ни печальнѹѥмъ• ни б҃а молимъ свободъ бꙑти отъ него• Въꙁненавидимъ ѹбо братиѥ• съвръшеноѫ ненавистиѭ тьштеславънъи врѣдъ•|
97b| да не погѹбимъ трѹдъ своихъ• хв҃ааго бо работаниꙗ• и вѣръ ꙗже къ б҃ѹ оставѧѥть чл҃ка ꙗкоже рече г҃ъ• како можете вѣровати въ мѧ славѫ отъ чл҃къ приѥмлюште• и славꙑ ꙗже отъ ѥдинааго б҃а не иштете: ѥмѹ слава въ вѣкꙑ вѣкомъ АМИН м҃г ⁘ О ПРѢꙀЬРѢНИИ ⁘ Прѣꙁорьнаꙗ ѧꙁѧ• горьши есть вьсѣхъ|
97c| ѧꙁь• и б҃мъ нѥнавидима ꙁѣло• и не спѣшъно вьсѣмъ чл҃комъ• Нъ самомѹ тъчиѫ ѥдиномѹ врагѹ диꙗволѹ: противѫ ꙁълобѣ ѥго: съпадъшюмѹ съ н҃бсѥ: прѣꙁориѧ дѣлъма: Похваливьи сꙗ и гл҃ѧ: и поставлѫ прѣстолъ свои на ꙁвѣꙁдахъ нб҃съныихь: обрѣте сꙗ мѣста нѥ имꙑ покоина: нь ꙗко плѣньникь вьсѫдѹ обличаемъ ѥсть: Сь грьдостьнꙑи бѣсь: лющьи вьсѣхь страстии сꙑ: ꙁѣло сѹщѧꙗ вь спѣсѣ|
97d| бореть• и начинаеть раꙁарѧти• И ꙗкоже ѧꙁѧ гѹбительна и тьлѥтворъна: нѥ ѥдиного ѹда тѣлесьна: нь вьсѥ растьлить• и инꙑ же страсти отъ части омрачаѫть дш҃ѹ• или съмѹштають ѫ• а прѣꙁорьливъи врѣдъ• вьсѫ помрачить• и въ велико падение ниꙁъведеть• дш҃ѧ бо прѣꙁоривааго• на вꙑсотѫ великѹ въсходить• И отътѹдѹ сѧ въ глѫбинѫ въмештеть• ꙗкоже бо тѧгота ниꙁълагае вѣѭ|
98a| плодовитѫ• тако величаниѥ д҃шѫ добро + плодъ иꙁгнилъ не трѣбѣ дѣлателю• тако дѣтѣль величавааго• не потрѣбьна б҃ѹ• Не даждъ величаниѫ своеꙗ дш҃ѧ• и не ѹвидиши привидѣнии страшънъ• дш҃а бо прѣꙁоривааго оставлѧѥма есть б҃мь• и бꙑваеть обрадование бѣсомъ• величавъ чл҃къ• дрѣво бесплодьно и бескоренно• и не сътрьпить николиже прилога вѣтрьна• и ꙗкоже гворьци просѣдаѫште погꙑбаѫть• тако величавааго|+ дѣтельнѫю ниꙁъмететь• ї ѧкоже
98b| памѧ҇ⷮ• по съмръти погꙑбнеть• И ꙗкоже мл҃тва съмѣренааго ѹмалѧеть б҃а• Тако раꙁдраждаеть б҃а мольба гръдааго• И елико величаниѥмь прѣꙁьрѧть братиѫ• Диꙗволѹ ретѧть сѧ• не ѥстьственаа бо есть гръдꙑни• нъ подобиѥ прѣꙁоривааго бѣса• ꙗкоже съвѣдѣтелюѫть кънигꙑ• рекошѧ бо• не съꙁьдана бꙑсть чл҃комъ гръдъни• И па҇ⷦ• прѣстолъ кънѧꙁь• гръдъихъ раꙁори г҃ъ• начало бо прѣꙁорьꙗ чл҃кѹ отъстѫпити отъ г҃а• ꙗко|
98c| начатъкъ грѣха гръдꙑни и дрьжаи ѫ• источить мрьꙁость• и раꙁорить сѧ + коньца• И въ ꙁаконѣ ѱано есть• и рече г҃ъ• дш҃а ꙗже створи рѹкоѭ гръдость• истьреть сѧ отъ людьи• И въ исаии• и погѹблѫ вьсѧ гръдꙑѧ• и пѣснопѣвьць• сего ради ѹдръжа ꙗ гръдꙑни• ꙗко одѣша сѧ неправьдоѭ и нечьстиѫ своѥѫ• и сконьчаша сѧ погꙑбошѧ ꙁа неꙁакониѥ своѥ• и гръдꙑни ненавидѧштиихъ тѧ въꙁиде|+ до
98d| въинѫ• тѣмьже вьсѣмь тъштаниѥмь хотѧть ст҃илишта твоꙗ раꙁорити• и ст҃аа твоѧ опѹстити• Нъ въꙁдвигни рѹцѣ твои на гръдꙑнѧ ихъ до коньца• ꙗко да постꙑдѧть сѧ гръдии• ꙁане бес правьдꙑ беꙁаконьновашѧ• на мѧ• Присно бо гръдии• ꙗкоже и вь пѹстꙑни оц҃и ихъ беꙁаконноваахѹ до ꙁѣла• рабъ же твои дв҃дъ отъ ꙁакона твоего не ѹклони сѧ• ни гръдомь окомь и несꙑтомь ср҃дце|
99a| мь съ ними не ꙗдѣаше• ни отънѫдъ живѧаше посрѣдѣ домѹ ѥго мꙑсль творѧшти гръдꙑнѫ• И притьчьникъ• страхъ г҃нъ ненавидить ꙁълобꙑ• досаждениꙗ же и гръдꙑн + пѫтьи ꙁълъ• и приричеть• ельма велии еси• тольма съмѣраи сѧ• и обрѧшти блг҃дть прѣдъ г҃мъ: и не въꙁвꙑшаи себе да сѧ не падеши• ꙁане мръꙁость прѣдъ г҃мъ и чл҃кꙑ въсъ гръдъ• И иꙗковъ• гръдꙑимъ г҃ъ противить сѧ• съмѣренꙑимъ|+ и
99b| же даѥть благодѣть• и наносить• съмѣрите сѧ ѹбо подъ крѣпькоѫ рѹкоѫ бж҃ьѥѫ• да вꙑ въꙁнесеть• ѹбоимъ сѧ ѹбо братие• и вьсѣмь хранениемь блюдѣмъ свое ср҃це• отъ съмрьтоносьнааго д҃ха гръдости• ѥгда бо ѹдобꙗеть окаанѣи дш҃и• ꙗкоже ѥтеръ лютъ мѹчитель вельи градъ и вꙑсокъ• прѣимъ вьсѫ ѭ раꙁорить• и раскопаеть• и се же мильнѣѥ• ꙗко проклѧтꙑи сь бѣсъ• съвръшенꙑꙗ|
99c| ꙗкоже рѣхомъ паче• и на въисотѹ добрꙑихъ дѣтѣльи дошъдьшаꙗ начьнеть раꙁарѧти• и ни къ покааниѫ же имъ ослабꙗѥть въꙁвратити сѧ• како бо сѧ покаѫть• вьсего диꙗвола приѥмлѫште и вьсѫ гръдость• и б҃опротивьни сѧ творѧште• Мꙑ же съмѣреноѫ мѫдростиѫ• отъраꙁимъ гръдостьнъи бѣсъ• подвигнѣмъ сѧ• Приг҃лѫште себе ап҃льскоѥ• ѥгда добрѹ дѣтѣль кѫѭ исправимъ• не аꙁъ же• нъ блг҃дть бж҃ьꙗ•|
99d| ѥже съ мъноѫ• И па҇ⷦ• ни хотѧштѫмѹ ни текѹштѫмѹ• нъ милѹѫштѫмѹ б҃ѹ• И г҃мъ реченое• беꙁ мене не можете творити ничесоже• тако бо въꙁможемъ пакꙑ ѹслꙑшати самого г҃а гл҃ѫшта• видѣхъ сотонѫ ꙗко млъниѫ съ нб҃се съпадъшѫ• се дахъ вамъ власть настѹпати на ꙁмиꙗ и скорпиꙗ• и на вьсѫ силѹ вражиѫ• ѥмѹже благодаривѹмѹ б҃ѹ• подобаеть слава въ вѣкꙑ вѣкомъ|
100a| АМИН м҃д ⁘ Ꙍ ВꙐСОКОМѪДРЕНИИ ⁘ Вꙑсокомѫдръи• дрѹгъ ѹбо ѥсть прѣꙁоривааго• прѣмѣнилъ же сѧ ѥсть къ величавѹмѹ• единого бо дрѣва вѣтви ѥстѥ• а плодъ прѣмѣненъ• Овъ мьнѣти съмѣренъ• овъ же вꙑсоковѣтвьнъ• и овъ пистаконьнь• овъ же орѣходѹпьнъ• обаче не на потрѣбѫ• ненавидѧштеи дш҃ъ нашихъ бѣсове•|
100b| вълагають етеромъ• ꙗко ѥтеро величаниѥ намъ даровати таче• къ немѹ намъ раслабѣти поѹштаѭть• аште ѹбо ослабѣвьше величаниѥмь дамь мѣсто вꙑсокомѹдриѫ• не ѹсилѹѫть къ томѹ враꙁи наши плѣнити нꙑ• не бѹдѣмъ ѹбо славоради и вꙑсокомѫдрьни• да не тъчъѫ на хръбьтѣ: нъ и на лици нашемь кѹѭть грѣшънии• и бѹдемъ то обрадованиѥ имъ въ врѣмѧ молитвьноѥ• иꙁвлачими|
100c| и прѣльштаѥми мꙑсльми скⷬбъннами• Ꙗкоже и притьчьникъ ѹчить нꙑ• не вꙑсокомѫдрѹи рече• и не бѫди правьдьнъ ꙁѣло• и не мѹдрѹи лихо• ѥда къгда ѹклониши сѧ• и вꙑсокъ творѧи домъ свои• иштеть съкрѹшѥниѧ• а остръпътаꙗи сѧ навꙑкнѫти• въпадеть сѧ въ ꙁълаꙗ• И па҇ⷦ• нечисть прѣдъ г҃мъ вьсь вꙑсокос҃рдꙑи• И пакꙑ не гръди сѧ прѣ ц҃ремь• и на мѣстѣхъ сильныихъ не стаи• лѹче|
100d| бо тебѣ да ти рекѫть въꙁиди къ мнѣ• нежели срамѣрити сѧ прѣдъ сильнъими• И инъ• не хвалите сѧ и не г҃лѣте вꙑсокꙑихъ въ гръдꙑни• ни да иꙁидеть вельрѣчиѥ иꙁ ѹсть вашихъ• И павлъ тимоѳю рече• богатꙑимъ въ нꙑнѣшьньи вѣкъ ꙁапрѣштаи не вꙑсокомѫдровати• ни ѹпъвати на богатьство гꙑблюштеѥ• нъ на б҃а даѫштааго намъ вьсѧ обильно• И дрѹгꙑижде братиѥ• не вꙑсокомѫдрѫюште•|
101a| нъ съмѣренъимь съпрѧмлꙗѫште сѧ• И римлꙗнемъ• речеши же ми• отъломиша сѧ вѣтви да аꙁъ присцѣплю сѧ• добрѣ невѣриѥмь отъломишѧ сѧ• тꙑ же вѣроѫ стоиши• не вꙑсокомѫдрѹи нъ бои сѧ• аште бо б҃ъ родительнꙑихъ вѣтвии не поштѧдѣ• ѥда како и тебе не поштѧдить• мꙑ ѹбо дв҃дваꙗ дѣании чистꙑ• съ дв҃домь въспоимъ• г҃и не въꙁнесе сѧ ср҃це моѥ ни въꙁвѣсте сѧ очи мои ни ходихъ въ великꙑихъ ни|
101b| въ дивьнъихъ паче мене• нъ съмѣрѧахъ сѧ ꙗко отъдоѥное материѫ своеѫ• Такожде и съ тръми отрокꙑ• ꙗко вл҃ко ѹмалихомъ сѧ паче вьсѣхъ ꙗꙁꙑкъ• и есмъ съмѣрени по вьсеи ꙁемли дьньсъ грѣхъ ради нашихъ• къто бо рече похвалить сѧ чс҃то имѣти ср҃це• или къто дръꙁнеть решти чистъ ѥсмъ отъ грѣха• аште бо беꙁакониѧ наꙁириши г҃и• г҃и къто постоить• ꙗко отъ тебе оцѣштение есть• сиѫ ѹбо чистомь ср҃цмь|
101c| въспѣваѭште п҇ⷭѣ• слꙑшимъ отъ него• ꙗко съмѣрѧꙗи сѧ въꙁнесеть сѧ• а вꙑсокомѹдрънии обниꙁѧть сѧ• ꙗко и фарисѣи отъ сп҃са г҃лющѫ имъ• вꙑ есте оправьдаѫштеи сѧ сами• прѣдъ чадиѫ• б҃ъ же вѣсть ср҃ца вашѧ• ꙗко ѥже въ чл҃цѣхъ вꙑсоко• мръꙁость прѣдъ б҃мь ѥсть• г҃ла же и ѹченикомъ своимъ аминъ г҃лѫ вамъ• аштѥ не обратите сѧ и бѫдете ꙗко и дѣти• то не вънидете въ цр҃ство нб҃сноѥ• и приносить• иже|
101d| бо съмѣрить сѧ ꙗко отроча• тъ ѥсть болии въ цр҃ствѣ нб҃сьнѣѥмь• славѧ прѣс҃тѫю троицѫ оц҃а и с҃на и ст҃го д҃ха въ вѣкꙑ вѣкомъ АМИН м҃е ⁘ О ТОМЬ ѤЖЕ НЕ ⁘ ⁘ вельмѹдровати ѡ себѣ : И ѥже великомѫдровати о себѣ• кѹдимо и отърочъно обрѣтаемъ• б҃жъствънꙑимь ѱаниемь• и таковꙑи: въ беꙁѹмльихъ|
102a| четимъ ѥсть• паче же въ ѫродѣхъ рече бо• ѫродъ о себѣ мѫдръ• не дрьжимъ ѹбо въꙁлюбении сѹетьнааго сего мѫдриꙗ• Нъ паче съдръжимъ ѹчениꙗ д҃хоносьнꙑихъ мѫжь• ѥже ѥсть съмѣреномѫдриѥ• и ходимъ въ слѣдъ ихъ• и не въꙁносимъ сѧ въ ср҃ци нашемь отънюдъ ни о чемьже• или дѣломь подобьномь• или раштинѥниѥмь• или строѥниѥмь вештии• или словомь мѫдромь• или о раꙁѹмѣхъ кънижънꙑихъ• еда|
102b| къгда б҃а раꙁгнѣваѥмъ и д҃хомь хѹлениꙗ въпадемъ въ ѹмѣ• добро жѥ паче вꙑкнѫти• аште и къто ꙁѣло мѫдръ лѫчить сѧ• строѥниѥ бо бж҃ье польꙁьнѣѥ есть нашѥго съмꙑшлениꙗ• добро же ѥсть вьсе дѣаньнѣ г҃лати• мѫдрѧи бо сѧ беꙁ дѣла и гл҃ѧ слово• отъ неправьдꙑ богатѣѥть• и трѹди ѥго въ домꙑ тѹжда вънидѹть по книгамъ• Пръвоѥ притъчъникъ ѹчить нꙑ г҃лѧ• бѫди ѹпьваꙗ вьсѣмь ср҃цемь своимь на г҃а•|
102c| а о своѥи прѣмѫдрости не величаи сѧ• и не бѫди мрⷣъ + себѣ• бои же сѧ г҃а и ѹклони сѧ отъ вьсего ꙁъла• и не хвали сѧ на ѹтрьнѧа• не вѣси бо чьто приживетъ ++ находѧи: И па҇ⷦ• аште прѣмѫдръ бѫдеши себѣ• прѣмѫⷬ ⷬдꙸ еⷠшⷪиꙷ и їскръниимъ• аште ли ꙁълъ бѫдеши• ѥдинъ почръпеши ꙁълаꙗ• И па҇ⷦ• видѣхъ мѫжа непьштевавъша мѫдра себе бꙑти• ѹпъвание же ѹбо имѣ паче +++ беꙁѹмьнꙑи• •И па҇ⷦ• мѫдръ о себѣ мѹжь богать•|+ о     ++ настаѧи     +++ ѥго
102d| ѹбогь же раꙁѹмьливъ ꙁаꙁьрить емь• И пакꙑ• иꙁдродъ ꙁълъ• праведьна себе сѫдить• исхода же своего не истрѣбилъ• отъродъ ꙁълъ• вꙑсоцѣ очи имать• вѣждама же своима въꙁносить сѧ• Пишѥть же и иꙗковъ• нꙑнѣ же хвалите сѧ• въ гръдꙑнѧхъ вашихъ• вьсѧ хвала така неприꙗꙁнина ѥстъ• такожде и павлъ• не бѫдѣте мѫдри о себѣ• + и прѣдъ собоѫ ѹмѣтелемъ• Пѣснивьць же• г҃ъ съвѣсть помꙑшлениꙗ|+ И їсаи: лютѣ раꙁѹмивъимъ о себѣ
103a| чл҇ⷡчѧ ꙗко сѫть сѫѥтьна. и г҃ь раꙁарѧѥть съвѣтъ ꙗꙁꙑкъ. и отъмѣтаѥть мꙑсли людьи. и съвѣтъ к͗нѧꙁь. коринъѳиѥмъ же павлъ. и аꙁъ пришьдъ къ вамъ рече братиѥ. придохъ не по прѣодрьжимѹ словеси. или прѣмѹдрости. въꙁвѣщаꙗ вамъ таинѹ хв҃ѹ• не сѹдихъ бо чесо вѣдѣти въ васъ. тъчьѭ і҃у х҃а. и сего распѧта. и аꙁъ въ немощи и страсѣ и трепетѣ мноꙁѣ бꙑхъ къ вам͗.|
103b| И приводить• не въ наѹченъихъ чл҃чѧ прѣмѹдрости словесехъ. нъ въ наѹченꙑихъ д҃ха ст҃аго. дх҃внъихъ дх҃вьнаа прѣкладаѭще. дш҃евьнъ же чл҃къ не приѥметь ꙗже отъ бж҃ь¬ѩ¬ д҃ха. ѭродьство бо ѥмѹ ѥсть и не можеть раꙁѹмѣти. ꙗко дх҃внѣ въстѧꙁаѥть сѧ. а дх҃внъи въстѧꙁаѥть ѹбо вьсѧ. а тъ ни отъ ѥдиного же въстѧꙁаѥть сѧ. и пакꙑ. надеждѹ же такѹ|
103c| имамъ къ б҃ѹ. не ꙗко отъ себе. нь довълъ нашь отъ б҃а. иже и ѹдовьли нꙑ слѹжителѧ новѹ ꙁавѣтѹ• не писмени нъ дх҃ѹ. писмѧ бо ѹмрьщвѧѥть. а дх҃ъ живить. и пакꙑ. аꙁъ себе не ѹнепьщѹѭ постигнѹти. ѥдино же ꙁадьнѧа ѹбо ꙁабꙑваꙗ• а на прѣдьнѧа простираꙗ сѧ• Подобимъ сѧ ѹбо братиѥ съмѣрениѭ ап҇ⷧю. и отъврьꙁѣмъ ѥже великомѹдровати о своѥи|
103d| мѹдрости и раꙁѹмѣ. Боꙗще сѧ паче притъчѧ г҃нѧ ѩже о вельхвальнѣемь. фарисѣи и о мꙑтоимьци. рече бо. ставъ фарисѣи въ себѣ сице молѧаше сѧ• б҃е хвалѹ тебѣ въꙁдаѭ• ꙗко нѣсмь ꙗко и прочии чл҃ци. хꙑщьници. неправьдиви. или ꙗко и сь мꙑтоимьць. А мꙑтоимьць биꙗаше прьси своꙗ г҃лѧ• бж҃е мл҃ствъ бѫди мнѣ грѣшьникѹ. Гл҃ю вамъ. ꙗко съниде сь оправьданъ въ домъ свої. неже онъ. ꙗко всь въꙁносѧи сѧ съмѣрѧеть|
104a| сѧ• + въꙁнесеть сѧ о х҃ѣ іс҃ѣ г҃и бꙁ҃ѣ нашемь• ѥмѹже слава въ вѣкꙑ вѣкомь: АМИН м҃ꙅ ⁘ О ТОМЬ ѤЖЕ НЕ ⁘ ⁘ ОУКАРѦТИ ⁘ Не лѣпо есть ѹничьжати никогоже• ни хѹлити• ни въꙁносити сѧ ни на когожѥ• ꙗко или грѫбъ ѥсть• или ꙁълъ видомь• или лѣнивъ• или грѣшънъ• или ненаѹченъ•|+ ї съмѣрѧѧи сѧ:
104b| или при коѥи любо вешти• ꙗже бо мꙑ ѹничъжаѥмъ• сьѧ б҃ъ иꙁбираеть• и ѧже мꙑ ѹхѹждаѥмъ• сиꙗ б҃ъ въ рѧдъ въводить• Обаче аште еси приꙗлъ даръ дх҃вьнъ• и слово прѣмѫдрости• ли раꙁѹма• ли ѹчителъства• ли пророчъства• ли слѹжениꙗ• бл҃гнъ б҃ъ вьсебогатъи• б҃ъ даꙗи въсѣмъ чл҃комъ• и не поносѧ• тꙑ же не въꙁноси сѧ на искрънѧаго• а не прѣбѫдеть ти благодѣть• гнѫшаѥть бо сѧ таковꙑихъ•|
104c| даръ ли имаши отъ г҃а• послѹжи дх҃вьнꙑимъ вѣдѹштиимъ• ꙗко ꙗже г҃леши г҃нѧ сѫть• на съꙁъдание д҃ховьнѫмѹ братьствѹ• вьсѣмь съмѣреномѫдриѥмь и кротостиѭ• еже есть добро и польꙁьно чл҃кмъ• ѱано же ѥсть + въ притъчахъ• не похвали мѫжа добротоѫ ѥго и не бѫди ти мръꙁъкъ видѣниемь своимь• Мала ++ въ пътицахъ бьчела: и начатъкъ сладости плодъ ѥѧ• И па҇ⷦ• мноꙁи мѫчителе|+ и     ++ ѥ
104d| сѣдошѧ на тьлѧхъ• неꙁаапѣѥмъи же ѹвѧꙁе сѧ вѣньцемь• и въ прьвѣѥмь отъ цр҃ствии о сн҃охъ иосеовѣхъ• рече г҃ъ къ самоилю не ꙁьри на лице ѥмѹ• ни на величьство тѣла его ꙗко отъринѫхъ и• ꙁане не ꙗкоже ꙁьрить б҃ъ• ꙁьрить чл҃къ• чл҃къ бо ꙁьрить въ лице• а б҃ъ въ ср҃це• И приведе иесѥи• ꙁ҃ с҃новъ своихъ силънъихъ• и ниѥдиногоже иꙁбьра отъ нихъ г҃ь• нъ тъчьѭ отрочишта дв҃да|
105a| не чьтомааго отъ чл҃къ• отъ б҃а же чътена• кротъкааго и съмѣренааго• ѥмѹже и съвѣдѣтелева потомь б҃ъ г҃лѧ• обрѣтохъ дв҃да иесеова + ср҃цѫ моѥмѹ• И въ четврътъихъ црс҃твиихъ• рече исаиꙗ пророкъ• къ еꙁекии• тако г҃леть г҃ъ• ѹничъжила дѣвица дъшти сионѧ• на тѧ главоѭ покꙑва• И приводить• нѥ въниде въ градъ съ• и иꙁиде ан҃глъ гн҃ъ• и иꙁби отъ плъка асуриискаго|+ мꙋжа по
105b| •р҃• и п҃ и е҃ ть тꙑсѫштъ• дв҃дъ же• и аꙁъ бꙑхъ поношениѫ имъ• видѣшѧ мѧ покꙑвашѧ главами своими• и ꙗко чѫдѹ бꙑхъ многомъ• и тꙑ помоштън икъ мои крѣпъкъ• И иовъ• нꙑнѣ же гѫсли есмъ имъ и мѧ повѣсть имѫть• и понеже повѣсть имѣахѫ и• б҃ъ въꙁнесе и велъми паче• Притьчъникъ же• богатьство приложить дрѹгꙑ многꙑ• а ништьи• и отъ сѫштааго|
105c| раꙁлючаеть сѧ• Си потакъливъихъ• и чрѣвѹ работаѫштиихъ• сѫть иже на врѣменнаꙗ въꙁираѫть тъчъѭ• и мѫдрость ништааго ѹничъжена ѥсть• и словеса ѥго не сѫть слѹшаема• а си• раꙁгръдѣвъшиихъ сѫть• И въ ев҃агльи• пришьдъ рече іу҃съ въ отьчьство свое• ѹчааше въ сѫботꙑ• на съньмиштиихъ• И гл҃аахѹ• отъкѹдѹ семѹ си• и чъто прѣмѫдрость|
105d| данаꙗ ѥмѹ• и силꙑ таковꙑ рѹкама ѥго бꙑваѫть• не сь ли ѥсть тектоништьи с҃нъ мариинъ• и брать же иꙗковѹ и иосии• и блажнѧахѹ сѧ о немь• неꙁълобивъи + г҃ъ вьсе тръпѧаше• нашего ради сп҃сениꙗ• ѥмѹже слава въ вѣкꙑ вѣкомъ АМИН ⁘ О НЕПОСМИꙖНИ ⁘|+ же
106a| м҃ꙁ ⁘ СИРѢЧЬ О НЕПОРѪГАНЬИ: ⁘ Ѥже посмиꙗти сѧ и ѹкарѧти. въпрѧжь ѹбо ѥсть едїна. прѣмѣнена же. орѫщи беꙁмѣстьнаꙗ. и жьнѫщи плодꙑ плѣвельнꙑ + иждьжениѥ огню. се же намъ бꙑваѥть имьже не въꙁираѥмъ на своꙗ грѣхꙑ. ни їмамъ въ ѹмѣ страшьнааго дьне сѫдьнааго. въ ньже наꙁи ꙗвлени станемъ прѣдъ сѫдиѥѭ. къжьдо ꙁа сѧ отъвѣщаваꙗ. и длъгомъ искѹпѹꙗ сѧ.|+ на
106b| не тъчьѭ дѣловънъимъ нъ и словесьнъимъ. и мꙑсльнъимъ. и движьнъимъ. аще бо бꙑмь симь пекли сѧ. то не бꙑмь хвалили сѧ. и въꙁносили на ѹньшѧꙗ насъ. не трѣбѣ же ѥсть братиѥ моꙗ хрьстиꙗномъ намъ сѫщемъ тако жити. ꙗко и не имѹщиимъ ѹпъваниꙗ въстаниѭ. нъ паче имѣимъ покааниѥ наплънено сльꙁъ. да нꙑ иꙁбавить горька мѹчениꙗ. бл҃жни бо плачѫщеи нꙑнѣ ꙗко|
106c| ти ѹтѣшѧть сѧ. плачѧ же и сѧ своихъ ꙁълъ. не посмѣѥть же сѧ ни порѫгаеть сѧ иномѹ. Слꙑшить бо притъчьника гл҃ющѧ. не посмѣи сѧ чл҃кѹ. сѫщѫ въ горести д҃шѧ ѥго. и рѫгаꙗи сѧ ѹбогѹмѹ. раꙁдражаѥть створьшааго и. и пакꙑ. Око рѫгаѭщеѥ сѧ оц҃ю. и корѧщеѥ старость матерьнѭ. да иꙁврьтѧть ѥ врани. иꙁъ обочиѭ. къ стръпътивъимъ бо стръпътьнꙑ пѫти посꙑлаѥть б҃ъ. и пакы. подражаѥть граждани скѫдьноѹмьнꙑи:|
106d| мѫжь же мѹдръ беꙁмъвьѥ дѣѥть. И иꙗковъ же ѹчѧ гл҃ааше. кто прм҃дръ и вѣдивъ въ васъ. да ꙗвить отъ добра житиꙗ дѣла своꙗ въ кротости мѫдростьнѣ• И павлъ рече. срамота же. или ѭродословиѥ. или смиꙗниѥ ꙗже не подобаѫть. да ни именѫѭть сѧ въ васъ. польꙁьнѣѥ ѹбо ѥсть паче порѹганѹ бꙑвати. неже порѹговати. правьдьнии бо порѹгаѥми бꙑваѭть. прѣдаѭть бо|
107a| сѧ въ рѹкꙑ нечьстивъихъ по иовѹ• И пѣснивьць же рече• о мнѣ глѹмꙗахѹ сѧ сѣдѧштеи въ вратѣхъ• и о мнѣ поꙗхѹ пиѫштеи вино• и поношениꙗ поносѧштиихъ тебѣ нападѹ на мⱑ• Въꙁбоимь сѧ ѹбо прѣштѥниꙗ г҃нѧ гл҃ѫшта• горе смѣѫштиимъ сѧ нꙑнѧ• ꙗко въсплачете и въꙁдрꙑдаете• и отъстѹпимъ посмиꙗвати сⱑ комѹ• отъ бестрашиꙗ бо бꙑваеть смиꙗние• да нѥ ѹслꙑшимъ|
107b| и мꙑ отъ г҃а• лицемѣре• иꙁьми прьвѣе брьвьно иꙁ очесе твоѥго• И па҇ⷦ• ꙁълъи чл҃къ отъ ꙁълааго съкровища ср҃ца своего иꙁносить ꙁълое• отъ иꙁбꙑтъка бо ср҃чнааго гл҃ѫть ѹста• тѣмьже братие• Прилежъно вьси молимъ сѧ благовольнѹмѹ б҃ѹ вьсегда ѹкланѧти нꙑ штедротамъ его отъ непольꙁьнꙑихъ• и иꙁносить благаа присно о х҃ѣ сп҃сѣ д҃шь нашихъ емѹже слава въ вѣкꙑ вѣкомъ:|
107c| АМИН м҃и ⁘ О ТОМЬ ѤЖЕ НЕ ⁘ ⁘ ОСѪЖДАТИ ⁘ Ѥже осѫждати горе вьсего ѥсть• ꙗже бо мꙑ мьнимъ осѫждати• они ѹбо тѧготꙑ обльгъчаѫть• мꙑ же въ нихъ мѣсто тѧготꙑ подъѥмлемъ• и обрѣтаемъ сѧ сами себе осѫждаѫште• вьсѣмь ѹбо тъштаниемь въꙁлюбении• бѣжимъ не осѫждати никогоже• поношение бо намъ ѥсть велие• неисцѣльно|
107d| болѧштемъ• и неѹдълѣчьбьнꙑ гноꙗ имѫштемъ• и подъ длъгъмь сѫштемъ намъ тьмами длъгъ• тѹждиихъ грѣхъ пꙑтати• и наꙁирати• нѣсть бо добро осѫждати блѹдьника• аште прочеѥ цѣломѫдръ бѫдеть• добро же бѣжати дѣаниꙗ• не ѹкорѧшти съдѣавьшааго• рекъи бо не ѹбии• рече и не осѹди• аште ли осѫждаѥши• съ тѣмь осѫждаеши сѧ• имьже + осѫждаеши• не намъ бо есть сѫдити• или осѫждати• нъ единомѹ|+ и
108a| великѹмѹ сѫдии• съвѣдѹштѹмѹ ср҃ца нашѧ• и таинаꙗ вьсего ѥстьства• къто + похвалить сѧ чисто имѣти ср҃це• или къто дрьꙁнеть решти• ч҃тъ есмь отъ грѣхъ• Не моꙁѣмъ ѹбо беꙁочънѣ• и беꙁостѹдьнѣ осѫждати съгрѣшаѫштиихъ• аште и въ сама послѣдьнѧꙗ ꙁълобꙑ доидѫть• аште и пѹсти бѫдѹть добрꙑѧ дѣтѣли• и отътѧгнѫть сѧ длъжѣѥ• и вьсе по видимѹмѹ просмрадѧть естьствьноѥ|+ бо
108b| доброе ѹстроение: ѥсть бо таковꙑмь нѣкъгда• въꙁбъдъши къ б҃ѹ въꙁьрѣти• и тольми бꙑти блиꙁъ ногѹ г҃нѹ• ѥльма далече бѣшѧ: ѥсть же въспоплъꙁаѧи сѧ словомь• и не отъ д҃ша• къто же есть иже не съгрѣшилъ ꙗꙁ҃кмь своимь• мꙑ ѹбо• ꙗже нꙑ сѫть повелѣна• та помꙑшлѧимъ• сирѣчь плакати сѧ и рꙑдати подобаеть своихъ прѣгрѣшении• и молити сѧ б҃ѹ да очистить нꙑ отъ гнильства нашего• и съпострадати•|
108c| и съпоболѣти• съ ѥдинородьникꙑ• и ѥдинотѣлесьникꙑ• и ѥдинохрьстьникꙑ• тѣми бо благогодить сѧ б҃ъ• Припосълаеть же и ап҃лъ г҃лѧ• тꙑ чъто сѫдиши братѹ своѥмѹ• или тꙑ чьто ѹничьжаѥши брата своѥго• вьси бо прѣдъстанемъ на сѫдишти хв҃ѣ• Тѣмьже ѹбо къжъдо насъ• ꙁа сѧ слово дасть б҃ѹ• да къ томѹ ѹже дрѹгъ дрѹга не осѫждаимъ• нъ сѫдите паче• ѥже не полагати прѣтꙑканиꙗ братѹ ли съблаꙁна•|
108d| И наносить• тѣмьже беꙁъотъвѣтьнъ ѥси о чл҃че вьсь сѫдѧи• имьже бо сѫдомь осѫждаѥши дрѹга• сѧ осѫждаѥши• тажде бо дѣѥши сѫдѧи• вѣмь бо ꙗко сѫдъ бж҃ьи ѥсть по истинѣ• на творѧштаꙗ таковаа• И па҇ⷦ• вѣмь рекъшааго• Мьнѣ мьсть• аꙁъ въꙁдамь гл҃еть г҃ъ• и ꙗко сѫдить г҃ъ людьмъ своимъ• Такожде и иꙗковъ сижде приг҃леть• ѥдинъ ѥсть ꙁаконодавьць и сѫди• могꙑ сп҃сти и погѫбити• а тꙑ къто еси осѫждаѧи дрѹга|
109a| И па҇ⷦ• павлъ• тꙑ къто ѥси осѹждаꙗи тѹждааго раба• своѥмѹ г҃ю стоить ли падаеть• станеть же• сильнь бо ѥсть б҃ъ• поставити и• И г҃ъ• не сѫдите да не сѫдѧть вамъ• и не осѫждаите• да не осѫдѧть васъ• сѥ глаголюштюмѹ б҃ѹ слава въ вѣкꙑ вѣкомъ АМИН ⁘ Ꙍ ТОМЬ ѤЖЕ НЕ ⁘|
109b| м҃ѳ ⁘ СЪБЛАЖНѦТИ ⁘ Вьсѣмь хранениѥмь блюдѣмъ сѧ братие• не дати винꙑ съблаꙁнѹ и прѣтꙑканиѭ никомѹже• да гонеꙁнемъ окааниꙗ пр҃рчска и ап҃лска• и самого вл҃кꙑ нашего и чл҃колюбьца х҃а• Прьвоѥ ѹбо про҇ⷦ амбакѹмъ лютѣ рече напаꙗѫштюмѹ искрънаго своего прѣтъчениемь грѣꙁьномь• И ѥклисиастъ• иꙁдрꙑваꙗ и ꙗмѹ искрьнюмѹ своемѹ• въпадеть сѧ въ нѫ• и валѧи камень|
109c| на сѧ валить• и орѧштааго оплотъ хопитъ и ꙁмиꙗ• И притъчьникъ• отъими отъ себѥ стръпътива ѹста• и обидьливꙑ ѹстьнꙑ далече себе створи• ꙗко прѣдъ очима бж҃ьима сѫть пѫтие мѫжю• Ап҇ⷪлъ же евреомъ• Ꙁемѧ бо рече пивъшиѧ съходѧштааго на нѫ мъногашьдꙑ дъжда• и раждаѭшти бꙑль благѫ• онѣмъ• ихъже ради дѣлаѥма ѥсть• приѥметь бл҃гние ѿ б҃а• иꙁносѧшти же трьниѥ и влъчьцъ• неключима•|
109d| и клѧтвꙑ блиꙁъ• сеи же коньчина пожьжение• се о вѣрьнѣѥмь съблаꙁнѣ гл҃ааше имъ• ꙗко приимъшемъ ѹбо сѣмѧ словесе• трьновьнꙑими же мꙑсльми съдавꙗѫште слово• и не творѧште плода• римѧнемъ же рече• молю же вꙑ братие блюсти сѧ творѧштиихъ распьрѧ съблаꙁнꙑ паче ѹчениꙗ ѥмѹже вꙑ наѹчисте сѧ• и ѹклоните сѧ отъ нихъ• таковии бо г҃ю нашемѹ і҃у х҃ѹ не работаѫть• нъ своѥмѹ чрѣвѹ• и благъими|
110a| словесꙑ и бл҃гниѥмь• лъстѧть ср҃ца неꙁълобивъихъ• И па҇ⷦ• блюдѣте сѧ• ѥда како власть вашѧ си• прѣтꙑкание бѫдеть нѥмоштьнꙑимъ• аште бо рече видить тѧ къто имѫштааго раꙁѹмъ въ трѣбишти въꙁлежашта• не съвѣсть ли ѥмѹ немоштьнѫ сюштю• съꙁиждеть сѧ ꙗсти идоложрътвънаа• И приводить• погꙑбнеть бо немоштьнѹꙗи брать въ твоемь раꙁѹмѣ• ѥгожѥ ради х҃ъ ѹмрѣ• такожде ихъ тепѫштѥ|
110b| съвѣсть• въ х҃а съгрѣшаѥте• И па҇ⷦ• въскѫѭ бо свобода моꙗ сѫдить сѧ отъ иноꙗ съвѣсти• аште аꙁъ благодѣти причащаѫ сѧ• почьто хѹлѹ приемѭ о немьже аꙁъ похвалѧѭ• Г҃ъ же отъвѣшта г҃лѧ• иже аште съблажнѧѥть единого малꙑихъ сихъ• ѹне ѥмѹ бꙑ да обѣсѧть жръновь осъльскꙑи о вꙑи его• и потопѧть и въ пѫчинѣ морьсцѣ• нежели+ съблаꙁнить ѥдиного малꙑихъ сихъ• И приносить• блюдѣте|+ да
110c| сѧ не нерадите о единомь малꙑихъ сихъ• г҃лѫ бо вамъ• ꙗко аньгели ихъ на нб҃сехъ• вꙑинѫ видѧть лице оц҃а моѥго• И вътороѥ горе мирѹ отъ блаꙁновъ• неволѧ бо ѥсть прити блаꙁномъ• обачѥ лютѣ чл҃кѹ томѹ имьже блаꙁнъ приходить• и егоже да бꙑ нꙑ вьсѧ иꙁбавилъ благꙑи нашъ б҃ъ емѹжѥ слава въ вѣкꙑ вѣкꙩмъ|
110d| АМИН н҃ ⁘ Ꙍ ТОМЬ ѤЖЕ НЕ ⁘ ⁘ ХОУЛИТИ ⁘ Хѹлѧи искрънѧаго при коѥмь любо прѣгрѣшении• тѣмижде сѣтьми обѧжеть сѧ• ѥже бо сѣеть чл҃къ• то же и пожьнеть• оставить бо сѧ отъ б҃а ꙁа беꙁмилование и величаниѥ• и въ тъжде грѣхъ въпадеть• аште не покааниемь ѹмолить б҃а исповѣдаꙗ грѣхъ свои• а хѹленꙑ•|
111a| аште бе-съмѧтениꙗ и похвальнѣ прииметь поношение помꙑсливъ себе повинна сѫшта похѹлениѭ• ꙁа съмѣрение ѥго б҃ъ покрꙑваѥтъ и• да къ томѹ тѣмижде не бѹдеть побѣждаемъ грѣхꙑ• поношениѥ бо чл҃кѹ скръбь ѹбо подаеть ср҃цю чистотѣ же бꙑваѥть вива тръпѧшѹмѹ• и елико аште къто ꙁа истинѹ хв҃ѫ прииметь срамъ множьнѣе отъ множъства прославленъ бѫдеть• и ѹслꙑшить отъ челеснааго|
111b| врача• дш҃ь нашихъ• ѭже съдравъ бꙑ҇ⷭ• къ томѹ не съгрѣшаи• Гл҃еть же и нѣкꙑи прѣмѹдръ• не хѹли чл҃ка обраштаѫшта сѧ отъ хрѣхъ• нъ паче промꙑшлѧи добраꙗ прѣдъ г҃мь и чл҃кꙑ• блюдѣмъ ѹбо въꙁлюбѥнии ср҃це + ꙋтвръждено• не смотрити тѹждиихъ грѣхъ ни поносити• Да не ѹслꙑшимъ отъ дв҃да• сн҃ове чл҃чи ꙁѫби ихъ орѹжиꙗ и стрѣлꙑ• и ꙗꙁꙑкъ ихъ мечь остръ• Ибо и иѡвли дрѹꙁи•|+ своѥ
111c| поносѧште ѥмѹ г҃лаахѹ• къде ѥсть домъ кънѧжъи• И па҇ⷦ: дѣи ли аште тꙑ ѹмьреши• пѹсто бѫде подънб҃сие• Елифаꙁъ же• не ꙁълоба ли твоꙗ есть многа бештислъни же сѫть грѣси твои• ѹтвръждааше же братиѫ своѭ беꙁ ѫма• облъчениѥ же нагꙑихъ ѿѧ• ни водꙑ жадаѫштиихъ напои• нъ алчънꙑѧ лиши хлѣба• въдовица жѥ отъпѹсти тъштꙗ• сиротꙑ же оꙁлоби• тѣмьже ѹбо обидошѧ тѧ сѣти•|
111d| Сѥ же лъжѫще поношаахѹ ѥмѹ• не ненависти же ради• нъ ꙁане съмѣрилъ сѧ бѣаше гл҃ꙑ• Единъ бо родъ бѣахѹ• елифаꙁъ бо братъ оц҃а ѥго прьвъи• Обаче правьдивъи трьпѣаше добльнѣ• цѣи въ такои ꙗꙁвѣ сꙑ• и поносимъ• молѧаше ꙁа нѧ б҃а• и аште не бꙑ молилъ ꙁа нѧ иовъ• погѹбилъ бꙑ ѧ б҃ъ• И се ѹбо о иовѣ• а и чл҃къ обꙑча сѧ словесꙑ поносьливꙑ• въ вьсѧ д҃ни своꙗ не накажеть + по книгамъ• мꙑ же хръстьꙗни пѫтьмь|+ сѧ
112a| с҃тꙑихъ ходѧште рьцѣмъ• ꙗко аште бꙑ врагъ поносилъ ми• прѣтрьпѣлъ ѹбо бꙑмь• и аще бꙑ ненавидѧи мене на мѧ вельрѣчевалъ• ѹкрꙑлъ сѧ бꙑмь + отъ него• и еже въсъ дьнь поношѧахѫ ми враꙁи мои• и хвалѧштеи мѧ мъноѫ кльнѧахѹ сѧ• аꙁъ же ꙗко и глѹхъ не слꙑшахъ• рече же и блаженъи петръ• аште поносѧть вамъ и о имени х҃вѣ• блажѥни ꙗко славꙑ и силꙑ• и бж҃ьи д҃хъ на васъ почиваеть• И ап҃лъ|+ ѹбо
112b| павлъ• вь се бо трѹждаѥмъ сѧ и поношение приемемъ• ꙗко ѹпъвахомъ• на б҃а жива• иже ѥсть сп҃съ вьсѣмъ чл҃кмъ• паче же вѣрьнꙑихъ• и г҃а на крьстѣ мимоходѧштеи хѹлѧахѹ кьѫште главами• такожде и архиереи съ кънижъникꙑ рѫгаѫште сѧ гл҃аахѹ• инꙑ ѹбо сп҃слъ есть• а ли себе не можеть сп҃сти• Такожде же и раꙁбоиника распѧтаꙗ съ нимь поношѧаста емѹ• Длъготрьпѣливꙑи же г҃ъ• сѫпротивь•|
112c| молѧаше ꙁа нѧ оц҃а и глааше оч҃е• остави їмъ грѣхъ не вѣдѧть бо чьто творѧть• и прѣжде того дрьꙁꙑ творѧ ѹченикꙑ гл҃ааше• блажени есте• ѥгда хѹлѧть вꙑ и отъженѹть вꙑ и рекѹть вьсе ꙁъло слово на вꙑ лъжѫште мене ради• радѹите сѧ и веселите ꙗко мьꙁда ваша мънога есть на нб҃сѣхъ• о х҃ѣ і҃сѣ сп҃сѣ нашѥмь емѹже слава въ вѣкꙑ вѣкомъ|
112d| АМИН н҃а ⁘ О ТОМЬ ѤЖЕ НЕ ⁘ ⁘ ВЪꙀДАꙖТИ ⁘ ⁘ ꙀЪЛА ꙀА ꙀЪ ⷧ҇ ⷶ ⁘ Прьвѣе ѹбо• о не понашати• нъ поношение приимати мало гл҃авъше• Нꙑнѣ о не въꙁдаꙗти ꙁъла• слово прѣнесѣмъ• аште ѹбо хоштемъ сънаслѣдьни х҃ѹ бꙑти• то подражателе бѫдѣмъ хв҃омъ любеникомъ• Подобимъ сѧ кротости д҃довѣ|
113a| да и мꙑ ѹслꙑшимъ отъ б҃а• Обрѣтохъ мѫжа противѫ ср҃цѫ моѥмѹ• обрѣтохъ бо рече прѣблагꙑи• и благолюбьць• мѫжа по ср҃цѹ моемѹ• иже сътворить вьсѧ волѧ моꙗ• О непамѧтивѣѥмь ꙁълѹ д҃дѣ• и о враꙁѣхъ блаꙁѣѥмь• и мꙑ ѹбо не сътворимъ ничесоже на мьщение брата обидѣвъшааго нꙑ• да не + стръпътьно намъ бѫдеть въ врѣмѧ мл҃твꙑ• ꙁаконъ повелѣваѥть приѧати подъижьникѹ|+ все
113b| вражью• И иовъ ꙗко дрьжа сѧ беꙁълобиꙗ бм҃ь послѹшъствованъ бꙑ• И иосифъ крамольнѣи братьи не отъмьсти• И авель• просто и бе-сѫмьнѣниꙗ идѣаше съ братоѹбиицемь• и вьсѧ въсповѣдаеть б҃гословие въ беꙁълобии живъшаꙗ с҃тꙑ• рече же етеръ• иже въꙁдаеть ꙁъло въꙁ доброѥ• не подвижать сѧ ꙁълаꙗ иꙁ домѹ ѥго• И па҇ⷦ• врьгъи камень на вꙑсотѹ• на главѫ своѫ мештеть• и копаꙗи ꙗмѹ дрѹгѹ• въпадеть въ нѫ•|
113c| и полѧцаꙗї сѣть• ѹвѧꙁнеть въ неи• и творѧи ꙁъло• въвалить сѧ въ не• Иеремиꙗ же приповѣдаꙗ б҃ѹ на ил҃ѧ г҃леть• аште въꙁдаемо есть ꙁъло въꙁ доброе• помѧни ꙗкоже гл҃ахъ ꙁа нѧ добро• тако правьдивꙑи ноштъ и дънъ ꙁа нѧ б҃а молѧаше• тѣмъже ѥдиноѫ и дъвашъдꙑ слꙑша отъ б҃а• ꙗко не моли ꙁа нѧ• ꙁане не послѹшаѫ тѥбе• ти же отъмьстишѧ емѹ въвръгъше въ тимѣние ꙗмьное• такꙑ бо сѫ присно жидовьскꙑꙗ|
113d| доблетꙑ• И иосифъ же не тъчьѫ не въꙁмьсти братиии своѥи• нъ• и плака сѧ на вꙑи отъ любьви мъногꙑ• И гл҃ааше• не боите сѧ аꙁъ прѣкръмлю вꙑ• видимъ чъто и дв҃дъ приповѣдаѥть б҃ѹ• г҃и б҃е мои рече• аште сътворихъ се• аште есть неправьда въ рѹкѹ моѥѫ• аште въꙁдахъ въꙁдаѭштиимъ ми ꙁъло• отъпадѣмъ ѹбо отъ врагъ моихъ тъштъ• Петръ же поѹчаꙗ гл҃еть• не въꙁдаюште ꙁъла ꙁа ꙁъло• ни клеветꙑ ꙁа клеветѫ•|
114a| въспѧть же бл҃сѹѫште• ꙗко на се ꙁъвани бꙑсте• ꙗко + бл҃гние наслѣдѹѥте• И павьлъ• блюдѣте рече еда къто комѹ ꙁъло ꙁа ꙁъло въꙁдасть• нъ вьсегда доброе гоните• въ себѣ и къ вьсѣмъ• И па҇ⷦ• не бꙑваи побѣжденъ отъ ꙁъла• нъ побѣждаи благꙑимь ꙁълоѥ• Г҃ъ же• любите врагꙑ вашѧ• добро творите ненавидѧштиимъ васъ• иже тѧ ѹдарить въ деснѫѭ ланитѹ• обрати емѹ и дрѹгѫѭ• и хотѧштѹмѹ|+ да
114b| сѫдъ приꙗти съ тобоѭ и риꙁѹ твоѫ въꙁѧти• отъпѫсти емѹ и срачицю• и аште къто поиметь тѧ по силѣ попьриште едино• иди съ нимъ г҃ и бѫдѣте штедри• и съвръшени ꙗкоже и оц҃ъ вашъ нб҃сънъи• ѥмѹже слава въ вѣкꙑ вѣкомъ АМИН ⁘ О ТОМЬ ѤЖЕ НЕ ⁘ ⁘ ПОМИНАТИ ⁘ ⁘ ꙀЪЛОБꙐ ⁘|
114c| н҃в Ꙍ не въꙁдаꙗти ꙁъла ꙁа ꙁъло• слово коньчавъше прѣидѣмъ• и въ опомьнѣньи ꙁълѹ• не тьчъѭ бо братие• не длъжи ѥсмъ помьнѣти ꙁълобꙑ на единорожденикꙑ• и единоплътьникꙑ• нъ опакꙑ хръстиꙗньскꙑ творѧште• и ꙁълꙑꙗ благꙑ творѧште• и простираѫштѥ на нѧ многѫ благость• и ¬п¬окаꙁаѫште себе дѣлꙑ истиньнꙑ ѹченикꙑ х҃вꙑ ꙗко ть благъ есть на ꙁълꙑꙗ и невъꙁблагодѣтьнꙑꙗ•|
114d| Такоже и мꙑ длъжьни есмъ при вьсемь по силѣ нашеи подобити сѧ х҃ѹ нашемѹ• аштѥ ѹбо желаемъ блаженьꙗ его• то не тъчьѫ дѣаньнѹмѹ гнѣвѹ въꙁбранити длъжьни ѥсмъ• нъ и ѹмьнѹмѹ• не толико бо польꙁѹеть ѥже ѵодръжати ѹста въ врѣмѧ гнѣвѹ• и не иꙁносити словесъ бѣсовьнꙑихъ• еликоже чистити ср҃це отъ памѧти ꙁълѹ• и не иꙁносити въ ѹмѣ на брата ꙁъломꙑсльи•|
115a| корение бо грѣховьноѥ посѣшти повелѣваѥть еванг҃льское ѹчение• корени бо отъсѣченѹ гнѣвьнѹ отъ ср҃ца• ни ненависть• ни ꙁависть + дѣло иꙁведеть сѧ• ꙗкоже бо помрачить слъньце подьтекъ облакъ• тако ѹма мꙑсль памѧтьника ꙁълѹ• Въ вражъдивааго бо д҃ши• лисѧта вьселѧть сѧ• и въ въꙁмѫштенѣ ср҃ци• ꙁвѣрие ѹгнѣꙁдѧть сѧ• и ꙗкоже мѫжь чьстьнъ храминꙑ ꙁлꙑ бѣгаеть• та|+ на
115b| та и б҃ъ ꙁълобива ср҃ца• и ꙗкоже дꙑмъ мѫчить очи• тако ꙁълобивааго ѹмъ• въ врѣмѧ мольбьное• Оуслꙑшимъ же чьто ꙁаповѣдаѥть намъ собоѭ и рабꙑ своими г҃ъ• Тѣмьже ѹбо ꙁасъвѣдѣтелюеть намъ про҇ⷦ ꙁахари гл҃ѧ• къжъдо ꙁълобꙑ + не помꙑшлѧите въ ср҃цихъ вашихъ• И инъ• иже дръжить гнѣвъ• ꙁаконопрѣстѹпъникъ есть• И па҇ⷦ• таѧи вражъдѹ съставлѧеть льсть• въ вьсемь же обидѣнии|+ искрьнѧго своѥго
115c| не дръжи гнѣва на икрънѧаго своѥго• нъ аште алъчеть врагъ твои кръми и• аштѥ ли жаждеть напоꙗи и• И па҇ⷦ• остави обидѣние искрьнюмѹ своѥмѹ• и тьгда помольшѹ + сѧ грѣси твои раꙁорѧть сѧ• И приводить• чл҃къ на чл҃ка съхранить гнѣвъ• и отъ б҃а иштеть исцѣлениꙗ• самъ плъть сꙑ• хранить грѣводрьжание• то къто оцѣстить грѣхꙑ его• И приносить• помѧни послѣдьнѧꙗ• и прѣстани вражьдѹѧ•|+ ти
115d| И па҇ⷦ• остани сѧ отъ гнѣва и ѹмалиши грѣхꙑ• И притъчьникъ• страхъ гн҃ь ненавидить ꙁьлобꙑ• досаждениꙗ же и прѣꙁорьꙗ и пѫтии ꙁълꙑихъ• И па҇ⷦ• не ръци да мьштѹ врагѹ• нъ пожиди г҃а да ти поможеть• въ пѫтехъ бо правьдьнѣхъ животъ• пѫтие же вражъдѹѫштиихъ съмръть• И иꙗковъ• отъвръгъше ѹбо вьсѫ скврънѫ• и иꙁбꙑтъкъ ꙁълобꙑ• въ кротости приимѣте истое слово• могѫштее сп҃сти|
116a| дш҃а вашѧ• Павлъ же• не дѣти бꙑваите ѹмꙑ• нъ ꙁълобоѭ младенѹите• бѣжимъ ѹбо братие гѹбительнааго врѣда гнѣводрьжаниꙗ• да не отътѹждить насъ къ б҃ѹ дрьꙁновениꙗ• не дрьꙁнеть бо никътоже болѧ сеѭ ꙗꙁеѭ гнѣводръжиꙗ• стати прѣдъ бм҃ъ въ чистѣ молитвѣ• Бранимо бо емѹ есть гм҃ь гл҃ѫштемь• аште приносиши даръ свои къ олтарю• и тѹ помѧнеши ꙗко имать нѣчьто братъ твои на тѧ•|
116b| остави тѹ даръ свои прѣдъ олтаръмь• и шъдь прѣжде съмири сѧ съ братомь твоимь• и тъгда пришъдъ принеси даръ твои б҃ѹ• емѹже слава въ вѣкꙑ вѣкомъ АМИН н҃г ⁘ О ТОМЬ ѤЖЕ НЕ ⁘ ⁘ ВРАЖЬД ҇ⷪВАТИ ⁘ Ѥже вражьдовати• тождеплеменникомъ и тождевѣрьникомъ• неподобьно|
116c| и неключимо боꙗштиимъ сѧ б҃а• и обѣштавъшиимъ б҃очьстие• б҃ъ бо вражъдꙑ не ѹꙁаконилъ чл҃комъ• раꙁвѣ тъчьѫ на ꙁмиѫ• сирѣчь на прѣльстивъшааго еѫ испръва• и иꙁведъша иꙁ-д-раꙗ чл҃ка• чл҃коѹбиица диꙗвола• такожде же повелѣно нꙑ есть• мадинѣанемъ сирѣчь• нечистъимъ д҃хомь• любодѣанииѧ скврьнениꙗ• сѣѫштиимъ ꙁълꙑꙗ и сквръннꙑꙗ мꙑсли въ ср҃ца• симъ подобаеть въсеѫ|
116d| силоѫ вражъдовати• и отъвраштати сѧ + не врагꙑ нꙑ створѧть б҃ѹ• отъ любьꙁнꙑꙗ бесѣдꙑ ꙗже къ нимъ• По реченѹмѹ не ненавидѧштаꙗ ли тѧ г҃и въꙁненавидѣхъ• и о враꙁѣхъ твоихъ истаахъ• съврьшеноѫ ненавистью ненавидѣхъ ихъ• враꙁи бꙑшѧ мънѣ• На чл҃ка же не достоить вражъдꙑ имѣти• паче же о тъштетѣ тѣлесьнѣ• или о клеветѣ• ли о досаждении• ли елико въ вѣцѣ семь бꙑваеть|+ да
117a| не подобаеть ꙁа та вражъдꙑ имѣти на тождеплеменьника• нъ паче и хвалити• ꙁане ходатаи намъ бꙑваѭть сп҃сениꙗ• ꙁълоба бо бж҃ьꙗ ѹбо съвъкѹпениꙗ отъꙗтъ• и чл҃кꙑ дрѹга отъ дрѹга раꙁлѹчи• сеѧ ѹбо прѣжде вьсего подобаеть бѣгати• и гонити добрѹ дѣтель• ꙗже къ б҃ѹ приводить• и дрѹга съ дрѹгомь съкѹпѧеть• добрꙑ же дѣтѣли• и любомѫдрьꙗ ѹставъ• ѥже съ раꙁѹмомь прѣпростьѥ съглашаеть|
117b| же словесе нашемь• И про҇ⷦ исаиꙗ• рече бо• не бѫди съ мъножѣишими въ ꙁълобѣ• о нечистꙑихъ мꙑслехъ гл҃ѧ• И наводить• иꙁмꙑите сѧ и чисти бѫдѣте• отъимѣте ꙁълобꙑ отъ дш҃ъ вашихъ• навꙑкнѣте добро творити• И притъчъникъ рече• не вражьдѹи на чл҃ка въсѫе• да не нѣчъто на тѧ съдѣеть ꙁъло• И па҇ⷦ• + а бестѹдьнъи съ досаждениемь съдѣваеть ꙁълаꙗ• и грѣхолюбьць радѹеть сѧ сваромь• И па҇ⷦ• мѫжъ прѣвративъ|+ страхъ г҃нъ ненавидитъ ꙁълобꙑ
117c| ꙗꙁъкомь• въпадеть въ ꙁъло• дв҃дъ же въпиꙗ къ б҃ѹ рече да не порадѹѫть ми сѧ вражъдѹѫштеи мънѣ бес правьдꙑ• и ненавидѧштеи мене тѹне• нъ да постꙑдѧть сѧ и посрамѧѫть сѧ иштѹштеи дш҃ѧ моѥꙗ• и въꙁвратиши ꙁълаа врагомъ моимъ• и истиноѫ твоѥѫ• сирѣчь хм҃ь потрѣби ꙗ и г҃ъ мнѣ помоштьникъ• и аꙁъ въꙁьрѫ на врагꙑ моꙗ• о бꙁ҃ѣ сътворимъ силѹ• и тъ ѹничьжить|
117d| врагꙑ нашѧ• си же о раꙁѹмьнꙑихъ враꙁѣхъ молѧаше сѧ• а не о чл҃цѣхъ• и съвѣдѣтель ѱание ѥже о немь• Саѹлѹ бо иштѹштѫ• дш҃а его• и гонѧштѫ и• съ трьми тꙑштами мѫжь• и прѣданѹ бꙑвъшѹ въ рѹцѣ его ѥдиноѫ и дъвашьдꙑ• и сѫштиимъ съ нимь гл҃юштемъ• се дн҃ь гн҃ь въ ньже г҃ъ прѣдасть врага твоего въ рѫцѣ твои• онъ отъвѣштавааше• живъ г҃ъ• не наведѹ рѹкꙑ моеѧ на помаꙁаника гн҃ѧ• и не тъчию|
118a| се• нꙑ и плакааше сѧ ѹмьръша ѥго• ѹморь повѣдавъшааго ѥмѹ ѹбиение ѥго• такожде и пакꙑ• рꙑдааше и о съмръти• авесаломꙑ искѫштааго ѹбити и• ꙗвѣ ѹбо сими ѹкаꙁано бꙑ҇ⷭ• ꙗко не на чл҃кꙑ емѹ бѣ вражьда• нъ на бѣсꙑ• и мꙑ вьсе на б҃а въꙁложъше• да сп҃сеть нꙑ отъ врагъ нашихъ раꙁѹмьнꙑихъ• и чювьнꙑихъ• Паче же аште и ѹслꙑшимъ• иꙗкова гл҃ѫшта• не въꙁдꙑхаите братиѥ моѧ на сѧ да не осѫждени бѫдете•|
118b| И самого г҃а гл҃ѫшта• вамъ же гл҃ѫ слꙑшаштиимъ• любите врагꙑ вашѧ• добро творите ненавидѧштиимъ васъ• молите ꙁа творѧштаꙗ вамъ пакость• и гонѧштаꙗ вꙑ• о х҃ѣ і҃сѣ г҃и нашемь• емѹже слава въ вѣкꙑ вѣкомъ АМИН н҃д ⁘ О ТОМЬ ѤЖЕ НЕ ⁘ ⁘ ꙀАВИДѢТИ ⁘ И ꙁависть лютъ врѣдъ• диꙗволь•|
118c| и неѹдобь исцѣлимъ есть• отъ того бо начьнъ сѧ абье прѣскочи на братоѹбица каина• и по рѧдѹ• въ господоѹбиица июдеꙗ доиде• люто ѹбо ꙗкоже рѣхомъ• и коньць лютѹ ꙁависть• ꙁавидѧи бо ѹбо печальнъ ѥсть и таеть• и ѧкоже чръвь въ древѣ и плѣснь въ риꙁѣ• тако ср҃це и лице просмраждаѥть• въпадъшѹмѹ въ рѹцѣ ѥѧ ꙁавида• а ꙁавидимъи• напрѣждь спѣеть г҃мь покрꙑваемъ• Ꙗко иосифъ•|
118d| елико бо ꙁавидѧахѹ емѹ братиѧ его• толико б҃ъ вꙑшааше и• доньже приведе и на црс҃тво• Такожде и саѹлъ• ꙁависти дѣлѧ гонѧаше дв҃да ꙗже е ѱано• иꙁидошѧ поѫштѧꙗ плѧшѫштѧꙗ ликѹѫштѧꙗ и гл҃аахѹ• иꙁби саѹлъ тꙑсѫштами своими• и дв҃дъ тьмами своими• Абие въкорени сѧ ꙁавида въ ср҃ци саѹли• и рече• дв҃дѹ ли дашѧ тьмꙑ• а мнѣ тꙑсѫштѧ• то же домъ савистивааго саѹла оскѫдѣвааше• и хѹдѣаше|
119a| А домъ ꙁавидимааго дв҃да растѧаше и крѣплѧаше• и тъ пѣвааше• положишѧ на мѧ ꙁъло въꙁ добро• и ненависть ꙁа въꙁлюбение моѥ• И пакꙑ• прокльнѹть ти а тꙑ бл҇ⷭвиши• аꙁъ же не прѣдълагаахъ прѣдъ очима моима• вешти ꙁаконопрѣстѹпьнꙑ• И про҇ⷦ• амбакѹмъ• чисто око не ꙁьрѣти ꙁъла• и приꙁирати на трѹдꙑ болѣꙁни• Ап҃лъ же обличаѧ ꙁавистьнꙑѧ ѹчетелѧ• пишеть филиписиемъ• ови же ꙁа|
119b| ꙁависть и рьвение х҃а проповѣдаѫть• непьштѹѫ печаль въꙁдвиꙁати ѫꙁамъ моимъ• И поѹчаѧ приводить• бꙑвате же дрѹгъ дрѹгѹ блаꙁи• млс҃рди• даѫште себѣ• ꙗкоже и х҃ъ дарова намъ• бѹдѣте ѹбо подобьни б҃ѹ ꙗко чада въꙁлюбенаѧ• и ходите въ любьви• дш҃ѧ бо ѹбо чс҃тꙑ своиство ѥсть• слово бе-ꙁависти• рьвьние бе-ꙁълобꙑ• любꙑ же непрѣстаньна гн҃ѧ славꙑ• Нѣсть ѹбо лѣпо|
119c| г҃нимь ѹченикомъ• ꙁавистиѫ дрьжати сѧ• или плиштевати• егда паче ѹꙁьримъ братиѫ етерѹ хѹждьшѫ на власть прѣспѣвъшѫ• слꙑшимъ бо г҃а гл҃ѫща• даждь семѹ мѣсто ꙗко да посѧдеть вꙑше• нъ паче дивимъ сѧ правьдьнѹмѹ промꙑсльникѹ• мѫдрѣ• и неиꙁдрочьнѣ сѫждьшю• ономѹ ѹбо хѹдѹмѹ• достоиновати• и прьвовати и обладати• намъ же послѣдьновати• Бѣжимъ ѹбо въꙁлюбении•|
119d| ꙁависти• рода неприꙗꙁнина да не съ каиномь сѫждѥни бѫдемъ• иже стенѧ и трѧсꙑ сꙑ• коньча житие• ни пакꙑ же съ ꙁълꙑими июдеи• иже ꙁа ꙁависть г҃нь чѹдесъ прѣдаша и на съмръть• Ꙗкоже съвѣдѣтелюѫть еваг҃лие• събьраномъ бо имъ рече• рече имъ пилатъ• кого хоштете отъпѫштѹ вамъ• вараавѫ ли• или і҃са нарицаемааго х҃а• вѣдѧаше бо ꙗко ꙁависти ради прѣдашѧ и • беꙁьлобивꙑи же г҃ъ ꙗко агнѧ неꙁьлобиво|
120a| вьсе трьпѧаше• емѹже слава въ вѣкꙑ вѣкомъ АМИН н҃е ⁘ Ꙍ ТО ҇ⷨ ѤЖЕ ҇ⷩе РЬВЬНОВАТИ ⁘ Чл҃къ рьвьнивъ• не тъчьѫ съ своими не съмирѧеть сѧ• нъ и съ тѹждими• хотѧ бо рьвьнивѫю своѫ мꙑсль иꙁвѣстовати• присно въ ꙁълобꙑ наченеть• и въинѫ гнѣваеть сѧ|
120b| и инꙑ мѧтеть• Таковъи мръꙁъкъ отъ вьсѣхъ обрѣтаѥть сѧ• паче же и окаанъ• ѱано бо ѥсть въ бꙑтии• ꙗко поꙗ исаавъ отъ иноплеменникъ женѣ• и бѣасте те ревьнѹѫшти исаакѹ и ревецѣ• рече же ревека къ исаакѹ• въꙁнегодовахъ житие моѥ• дъштерѹ ради сн҃овъ хеттеовъ• се ѧвлѧѭштю словѹ• Ꙗко еже рьвьновати• беꙁбожьнъимъ ключить сѧ• а не вѣрьнꙑимъ и говѣинꙑимъ• сѫштеи бо по истинѣ|
120c| говѣини• и хв҃и ѹченици• своѥмѹ вл҃цѣ и ѹчителю подобѧть сѧ• не прѣречеть бо рече• ни въꙁъпиеть• ни ѹслꙑшить никътоже гласа его• и тации не покѹшаѫть сѧ никакоꙗже вешти рьвьниемь и пьрѣниемь раꙁдрѹшати• нъ трьпѣниемь и мл҃твоѫ и послѹшаниѥмь• и единомꙑсльномь ѹпъваниемь• рече бо г҃ъ• придохъ не да творѫ волю моѫ• нъ посълавъшааго мѧ оц҃а• И|
120d| притъчьникъ же о рьвьнивꙑихъ рече• Не свари сѧ съ чл҃комъ ꙗꙁꙑчьномь• ни накладаи на огнь его дръвъ• и не отъвѣштаваи беꙁѹмьнѹмѹ• по беꙁѹмиѫ да не подобьнъ емѹ бѹдеши• нъ отъвѣштаи беꙁѹмнѫ по беꙁѹмиѫ его• да не ѧвѧеть сѧ мѫдръ о себѣ• И инъ• рьвьние натъштъно въжагаеть огнь• и сваръ напраснъ проливаеть кръвь• И па҇ⷦ• аште въꙁдъмеши искрѹ• въꙁгорить сѧ•|
121a| и аште въсплюеши на нѭ ѹгаснеть• И обое иꙁ ѹстъ исходить• Гл҃еть же и иꙗковъ• идеже бо ꙁавида и рьвьние• и вьсѧ ꙁъла вещь• Павлъ же рече• овѣмъ же иꙁ-д-ръвьниꙗ• и противлѧѫштиимъ же сѧ ѹбо истинѣ• повинѹѫщемъ же + неправьдѣ• гнѣвъ и ѧрость скрьбь и тѹга на вьсеи дш҃и чл҃ка творѧщааго ꙁълое• и въ инѣхъ• ꙗкоже ианни• и амбри противиста сѧ мосеѹ• тако и си противѧть сѧ истинѣ• Присꙑлаеть|+ сѧ
121b| же и титѹ гл҃ѧ• бѹѧа же сътѧꙁаниꙗ и родомъ причьтениꙗ• и сварꙑ ꙁаконьнꙑѧ острѹꙗи• сѫть бо непольꙁьни и сѫетьни• Мꙑ ѹбо въꙁлюбении ꙗко послѹшаниꙗ сѫште чада• не подобимъ сѧ сѹетьнꙑимъ• рьвьникомъ и пьрьникомъ• навꙑкъше отъ бж҃ъствьнааго ѱаниꙗ врѣдъ рьвьниꙗ• еда когда осѫждени бѫдемъ съ ꙁаконопрѣстѹпьнꙑими иѫдеи• иже присно противлѧахѫ|
121c| сѧ истинѣ• и гл҃аахѫ вл҃цѣ• Тꙑ о себѣ съвѣдѣтелюѥши• И па҇ⷦ• тꙑ къто еси къ нимъже отъвѣштавааше г҃ь• начатъкъ ꙗко и гл҃ѭ вамъ• аминъ гл҃ѭ вамъ• аште не вѣрѹете ꙗко аꙁъ есмь• ѹмьрете вь грѣсѣхъ вашихъ• тѣмьже братие любаа отъвръꙁѣмъ волѭ рьвьниꙗ ꙁъловѣрьнъихъ июдеи• ти вѣрѹимъ животѹ нашемѹ б҃ѹ• емѹже слава въ вѣкꙑ вѣкомъ|
121d| АМИН н҃ꙅ ⁘ О ТОМЬ ѤЖЕ НЕ⁘ ⁘ НАВИДѢТИ ⁘ Паⷭно есть ꙗко любѧи б҃а любить брата своего• а ненавидѧи брата своего чл҃коѹбииць рече сѧ• ѹбиваеть бо и обраꙁомь• ненавистьномь въ ѹмѣ• егоже и кръвь не орѹжьемь иꙁлитѹ видѧть чл҃вци• нъ мꙑсльѭ ненавистьноѭ ѹбиена• б҃ъ видить• иже не тьчьѫ ꙁа дѣаниѧ•|
122a| нъ и ꙁа мꙑсли и волениꙗ комѹждо• или вѣньца• или мѹкꙑ въꙁдаеть• ꙗкоже самъ пр҇ⷦомь рече• аꙁъ придѹ събьратъ дѣлъ и словесъ• и помꙑшлении ихъ• нъ и ꙁълоба въ мꙑслехъ поминаѥма• дрьꙁостить ср҃ца• погѹбѧема же ѹдръжаниѥмь и пѣваниѥмь• съкрѹшаѥть ѥ• нѥправъдьно ѹбо ѥсть имѣти ненависти• на ѥдиноплеменьника и единовѣрьника• и сънаслѣдьника цр҃са нб҃съ• Въꙁнѥнавидимъ жѥ ненавидѧштааго|
122b| насъ диꙗвола и дѣла ѥго• обьштааго вьсѣхъ чл҃къ врага• Пачѥ же вѣрьнꙑихъ• никътоже бо вѣрѹ обѣштаваꙗ съгрѣшаѥть• ни любъве имꙑ ненавидить• ꙗвѣ бо дрѣво отъ плода бꙑваѥть• обѣштаваꙗи сѧ ѹбо хв҃ъ бꙑти• ꙗже дѣѥть тѣми ꙗвить сѧ• ꙁане вьсь иже ненавидить брата ништа• сь и дрѹжьбꙑ далече бѹдеть мѫжь же мѹдръ обрѧштѥть ѭ Иоаннъ жѥ гл҃ѧи речѥ въ свѣтѣ бꙑти• и брата своѥго|
122c| нѥнавидѧ въ тьмѣ ѥсть доселѣ• аште къто речеть люблю б҃а• и брата своѥго ненавидить• лъжь ѥсть• нѥ любѧи брата своѥго• ѥгоже видѣ + како можетъ любити• Гл҃еть же и ꙁаконъ• не въꙁненавиди брата своѥго въ помꙑслѣ своемь• обличениѥмь обличиши ї• и не приимеши своѥго грѣха• и не вражьдѹи людинѹ своѥмѹ• Такожде и павлъ• раꙁѹмѣваимъ дрѹгъ дрѹга въ пооштрение любьви• и добръ дѣлъ•|+ б҃а• ѥгоже не видѣ
122d| и бꙑваите дрѹгъ дрѹгѹ блаꙁи• милосрьди• даѫште себѣ• ꙗкоже и х҃ъ дарова намъ И приносить• аште ꙗꙁꙑкꙑ гл҃ю чл҃чи• и анг҃лскꙑ• любъве же не имамь• бꙑхъ ъꙗко мѣдь ꙁвьнѧшти• или кумбалъ ꙁвѧцаꙗ: Мꙑ ѹбо въ х҃а облъкъше сѧ• длъжьни есмъ• не тъчъѫ не ненавидѣти никогоже• нъ и любити• не тъкъмо братиѫ и дрѹгꙑ• нъ и ненавидѧштѧꙗ нꙑ• и вражъдѹѫштѧꙗ• аште бо и чъто на нꙑ гл҃ѭть• или дѣѫть|
123a| въсѥ благодарьнѣ приимѣмъ ꙁа бѫдѫштеѥ въꙁдааниѥ• обꙑкли бо сѫть присно иже отъ мира• кромѣ сѹштаꙗ мира гонити и оскръблѧти и оклеветавати• Въꙁгл҃аша бо рече на мѧ ꙗꙁ҃кмь льстивомь и словесꙑ ненавистьнꙑ обидѹ мѧ и брашѧ сѧ съ мъноѭ• Ꙗкоже + г҃ъ своимъ ѹченикомъ рече• аште отъ мира бꙑстѥ бꙑли• миръ своѥ любилъ бꙑ• а ꙗкоже отъ мира нѣсте• нъ аꙁъ иꙁбьрахъ вꙑ отъ мира• сѥго ради ненавидить васъ миръ• И аште|+ и
123b| миръ васъ ненавидить• вѣдите ꙗко мене прѣждѥ васъ въꙁненавидѣ• И приносить• блажени ѥстѥ• ѥгда въꙁненавидѧть вꙑ чл҃ци и раꙁлѹчать• и похѹлѧть• и пронесѹть имѧ ваше ꙗко ꙁъло сн҃а чл҃ча ради• радѹите сѧ и веселитѥ ꙗко мьꙁда вашѧ многа ѥсть на нб҃сехъ• И па҇ⷦ• любите врагꙑ вашѧ• добро творите ненавидѧштиимъ васъ• и молите ꙁа творѧштꙗꙗ вамъ напасти и иꙁгонѧштѧ вꙑ• да бѹде сн҃ове оц҃а вашѥго и|
123c| же ѥсть на нб҃сехъ• емѹже слава въ вѣкꙑ вѣкомъ АМИН н҃ꙁ ⁘ О ТО ҇ⷨ ѤЖЕ ⷩ҇е ОБРА⁘ ⁘ ДОВАТИ СѦ ⁘ Ѥжѥ порадовати сѧ какомѹ любо чл҃кѹ въ скрьби• или въ тъштетѣ• или въ падѥнии• чл҃ка оплаꙁива ѥсть и бѹꙗ• Пачѥ жѥ обьштьника распьнъшиихъ г҃а• ти бо гл҃аахѹ• ѹа• раꙁарѧꙗ цр҃къвь• и|
123d| трьми дьньми съꙁидѧꙗ ѭ сп҃си сѧ самъ• ѥже ѥсть неправьдьно• аште бо прѣтъкнѥть сѧ нога не порадѹѥть сѧ рѹка• пачѥ жѥ ѹбо и лѣкѹѥть• или масломь• или пластꙑремъ ꙁане ѥдино тѣло ѥсмъ• не подобаѥть ѹбо посмиꙗти сѧ и порадовати своѥмѹ ѹдѹ• нъ съ ними поболѣти• и съпострадати по словеси ап҃лю• нѥ тъчьѫ же порадовати сѧ• нъ ни отънѫдъ сластьнѣ слꙑшати грѫстости чл҃ча• послѹшаѭштѥи бо•|
124a| тако тацѣхъ гл҃ъ• своѥго велѣниꙗ плодꙑ обѥмѭть• и не непьштѹи вьсеꙗ скрьби ꙁа грѣхꙑ находѧштѧꙗ на чл҃кꙑ• сѫть бо етери ѹгаждаѭще б҃ѹ и напастѹеми• Нѥчьстивии бо и беꙁаконьнии иꙁгънани бѫдѹть• Ꙗкоже и притъчьникомь кажеми ѥсмъ речѥ бо• аште падеть врагъ твои не обрадѹи сѧ ѥмѹ• въ съблажнении же ѥго не въꙁноси сѧ• ѥда ѹꙁьрить г҃ъ• и негодѣ ѥмѹ бѫдеть• и се ѹбо о враꙁѣхъ• и радѹꙗи сѧ гꙑблѭштѹмѹ|
124b| не иꙁвинеть сѧ• И па҇ⷦ• лютѣ весѥлѧштиимъ сѧ о ꙁълꙑихъ• и радѹѫштемъ сѧ о съвращении ꙁълѣ• И па҇ⷦ• сѣтиѫ ѹвѧꙁнѹть веселѧштеи сѧ о падении благочьстьнъихъ• и болѣꙁнь погѹбить ꙗ прѣжде съмрьти ихъ• и помѧнѣте дьни тьмъ ꙗко мноꙁи бѹдѹть• Непорочьнъи же иовъ• аште ли обрадовахъ сѧ о падении врагъ моихъ• и рече ср҃це моѥ благо же• И блаженꙑи же павлъ присꙑлаꙗ римѧнемъ|
124c| гл҃ааше• аште жѥ ли етери отъломишѧ + отъ вѣтвии• тꙑ же сверѣпомаслиннъ сꙑ присцѣпи сѧ• и причастьникъ корени и сласти бꙑ҇ⷭ маслинꙑ• не хвали сѧ на вѣтви• аште хвалиши сѧ• не тꙑ корень носиши• нъ корень тѧ• речеши ѹбо отъломиша сѧ вѣтви да аꙁъ присцѣпѭ сѧ• добрѣ невѣриѥмь отъломиша сѧ тꙑ жѥ вѣроѭ стоиши• не вꙑсокомѹдрѹи• нъ бои сѧ• аште бо б҃ъ ѥстьствьнъихъ вѣтвии не|+ сѧ
124d| поштѧдѣ• ѥда и тебе нѥ поштѧдить• И приносить• любꙑ нѥ радѹѥть сѧ о нѥправьдѣ• радѹѥть же истинѣ• не приѥмлѣмъ ѹбо въꙁлюблении вадѧштѧаго нꙑ врага• порадовати сѧ искрънѧаго ꙁъломь• Чъто бо рече иовъ вꙑ нападете мънѣ бѥꙁ милости• ꙗко да видѣвъшѥ моѫ ꙗꙁвѫ въꙁбоите сѧ• Мꙑ же молимъ сѧ съ дв҃домь гл҃ѫште б҃ѹ• не отъврьꙁи мене въ врѣмѧ старости• ѥгда иꙁнемагаеть крѣпость моꙗ не остави мене• ꙗко рѣшѧ враꙁи мои мънѣ• и стрѣгѫщѥи|
125a| д҃ша моеꙗ съвѣшташѧ въкѹпѣ• гл҃ѭште б҃ъ оставилъ и ѥсть• поженѣте и имѣте и ꙗко нѣсть иꙁбавьника ѥмѹ• нъ тꙑ б҃е мои не ѹдали сѧ отъ мене• да не порадѹѭть ми сѧ вражьдѹѫштеи мнѣ бес правьдꙑ• нъ твоѥѭ силоѭ да въꙁвратѧть сѧ абие стꙑдѧште сѧ гл҃ѭште благо жѥ благо жѥ• Ѥже посмиꙗнѹ ѹбо бꙑти и порадованѹ• нашѥ ѥсть•|
125b| а ѥже порадовати сѧ и порѹгати кънижьникъ• и началасш҃тникъ ѥсть• рѫгаахѫ бо сѧ рече начальници с҃штникъ съ кънижьникꙑ дрѹгъ къ дрѹгѹ гл҃ѭште• инꙑ сп҃сѥ• а ли себе не можеть сп҃сти х҃ъ цр҃ь иꙁ҃левъ• да сълѣꙁеть нꙑнѣ съ кр҃та да видимъ и вѣрѹ имемъ ѥмѹ• длъготрьпѣливꙑи же г҃ъ трьпѧаше беꙁѹмиѥ ихъ ꙗко чл҃колюбьць• томѹ слава вь вѣкꙑ вѣкомъ|
125c| АМИН н҃и ⁘ О ТО ⷨ҇ ѤЖЕ РАДОВАТИ ⁘ СѦ СЪ РАДѪЩИ ꙵ҇МИ ⷭ҇ ⷽ ⁘ Велика добродѣтель ѥсть• и б҃оѹгодьна• ѥже радовати сѧ съ добрѣ живѫштиими• и въ ꙁаповѣдехъ бж҃ьꙗхъ спѣѭштиими• аште и отъ ѥтеръ ихъ ничьтоже въмѣни сѧ• а ѥжѥ по истинѣ радовати сѧ съ нимї• то сами слѣди личьнии ꙗвѣ покаꙁаѭть• радованиѥ бо ср҃чноѥ|
125d| ꙗвлѧѥтѥ очи по ѱанѹмѹ• ср҃цю весѥлѧштѹ сѧ лице цвьтеть• се же съврьшенꙑꙗ любъвѥ есть ѥже радовати сѧ о спѣании їскрьнѧаго• мноꙁи бо въ ѥдиномь спѣании сѫште и имѹште• дрѹгъ къ дрѹгѹ любъвь• аште сѧ лѹчить единомѹ отъ нихъ голѣмьша доити спѣха• да дрѹгъи въ ꙁавистьнъи ровъ ниꙁъпаде• а радѹꙗі сѧ въ истинѫ съ исправѧюштиимь|
126a| и прилежьнѹ молитвѹ въинѫ ꙁа нь приносить б҃ѹ• ꙗкоже и блаженꙑи павлъ радѹꙗ сѧ етеромъ гл҃ааше• ꙗко намъ самѣмъ хвалити сѧ въ цр҃къвахъ бж҃ьꙗхъ• о трьпѣнии вашѥмь и вѣрѣ• въ вьсѣхъ гонѥниихъ вашихъ ꙗже приѥмлете покаꙁаниѥ праведьнааго сѫда его• на съподобение црс҃тва бж҃ьꙗ• Такоже и филиписиемъ нъ аште жьренъ бꙑваѭ рече жрьтвѣ|
126b| и слѹжьбѣ вѣрꙑ вашеꙗ радъ ѥсмь и радѹѭ сѧ всѣмъ вамъ• такоже же радѹите сѧ и ради бѹдѣте мнѣ• ꙗкоже бо рече ѹдове пекѹть сѧ дрѹгъ о дрѹꙁѣ• и аште радѹѥть сѧ ѥдинъ ѹдъ радѹѫть сѧ съ нимь вьси ѹди• Аште ли страждѥть ѥдинъ ѹдъ• то съ нимь страждѹть вьси ѹди• Тако и мꙑ радовати сѧ съ радѹѭштиими• и плакати сѧ съ плачѹштими сѧ длъжъни|
126c| есмь и чьстьѭ дрѹгъ дрѹга вѧштьшѧ себе творѧштѥ• И коринѳѣнемъ рече• не ина бо пишѥмъ вамъ• нъ ꙗже чьтете и раꙁѹмѣваѥтѥ• ѹпъваѫ же ꙗко и до коньца раꙁѹмѣѥте• ꙗко и раꙁѹмѣсте нꙑ отъ части• ꙗко похваление вамъ ѥсмъ ꙗкожѥ и вꙑ намъ• въ дьнь г҃а нашего і҃у х҃а• и симь ѹпъваниѥмь хотѣхъ къ вамъ прити да въторѹѫ радость имѣѥтѥ•|
126d| надѣавъше сѧ вьсѣхъ васъ• ꙗко моꙗ радость въ вьсѣхъ васъ ѥсть• ѱано же ѥсть и въ лѹчинѣ евн҃гльи егдаже исплъниша сѧ дьние родити ѥлисавеѳи и роди сн҃ъ• слꙑшашѧ окр҃стъ живѹштеи рождѥниѥ еꙗ• и радоваахѹ сѧ съ неѭ• се бо ѥсть ꙁаконьнꙑꙗ любъве дѣаниѥ• ѥже обьште творити любимꙑихъ• И сь самъ иоанъ рожденъи гл҃ааше ѹченикомъ своимъ|
127a| дрѹгъ женишь стоꙗ и послѹшаꙗ ѥго• радостиѫ радѹѥть сѧ ꙁа гласъ женишъ• Ономѹ подобаѥть расти• А мне хѹдѣти• иже бо имать съврьшенѹ любъвь• то себе мьньша творить• а искрьнѧаго больша себе• по гл҃ѹ х҃а сп҃са и б҃а нашего• ѥмѹже слава въ вѣкꙑ вѣкомъ АМИН|
127b| н҃ѳ ⁘ О ТОМЬ ѤЖЕ НЕ ⁘ ⁘ ОСКРЪБЛѦТИ ⁘ ⁘ НИКОГОЖЕ ⁘ Аште любѧи брата своѥго б҃а любить• а не любѧи брата своѥго ни б҃а любить по ап҃лѹ иоаннѹ ꙗвѣ ѥсть ꙗко и оскрьблѧꙗ брата своѥго• б҃а оскрьблѧѥть• не оскрьбѧите бо рече дх҃а ст҃ааго имьже ꙁнаменасте сѧ• и ѥже мѧ оскрьбишѧ гл҃еть г҃ъ• и па҇ⷦ• понеже сътвористе ѥдиномѹ сихъ малꙑихъ•|
127c| мнѣ сътвористе• ельма не сътвористе симъ• ни мнѣ сътвористе• ѹкаꙁа сѧ ѹбо прѣждереченꙑими• ꙗко иже братѹ своемѹ слѹжить б҃ѹ ѹслѹжить• вѣдѹште братиѥ ꙗко симь б҃ѹ ѹгодимъ• ѥгда не оскрьблѧемъ ни о чемьже искрьнѧаго• вьселичь подвигнѣмъ сѧ не дати непьштеваниꙗ• ни винꙑ печальнѹ бꙑти на нꙑ• подобьнѣ• или неподобьнѣ•|
127d| да не неприꙗта бѫдеть мл҃тва наша ꙗко овьча порочьно• единомѹ бо рече молѧштѹ сѧ а дрѹгꙋмѹ проклинаѭштю• коѥго гласъ ѹслꙑшить вл҃ка• ꙗкоже въ прѣмѫдрости ꙗвлено ѥсть• И па҇ⷦ• ѥдинъ съꙁидаꙗ а дрѹгꙑи раꙁарѧꙗ• чъто ѹспѣѥта паче• нъ трѹдъ• мꙑѧи съ отъ мрьтвьца• и пакꙑ• касаѧ сѧ ѥмь• каꙗ льꙁѧ бъи ѥмѹ отъ банѧ• Такожде постѧи сѧ чл҃къ•|
128a| отъ грѣхъ своихъ• и пакꙑ ходѧи тожде творѧ• мольбѫ ѥго къто ѹслꙑшить• и чъто ѹспѣлъ съмѣрениѥмь своимь• и приводить• не кѹи на своѥго дрѹга ꙁъла• пришьльца сѫшта и надѣѫшта сѧ на тѧ• иꙁ ѹстъ бо беꙁѫмьнꙑихъ жъꙁлъ досаждениꙗ• ходѧи же правѣ боить сѧ г҃а• а стръпъштаи пѫтьми ѹкоренъ бѹдеть• и пр҃къ михеа• въꙁдꙑхаꙗ на иїл҃ѧ гл҃ааше• къжъдо искрьнѧаго своѥго|
128b| ѹтѣшаѥть• на ꙁъло рѹкꙑ своꙗ готоваѭште• ап҃лъ же• аште бо братъ твои скрьбить рече• южѥ не по любъви ходиши• гл҃еть же и г҃ъ• всѧкъ гнѣваꙗи сѧ на брата своего спꙑти• повиньнъ ѥсть сѫдѹ• иже ли речеть братѹ своѥмѹ рак͗ка• повиньнъ ѥсть събориштѹ• а ижѥ реть ѹроде• повиньнъ ѥсть геоннѣ огньнѣи• и приводить• аште ѹбо приносиши даръ твои къ олтарю• ти|
128c| тѹ помѧнеши ꙗко имать нѣчьто братъ твои на тѧ• остави тѹ даръ твои прѣдъ олътаремь• иди прѣжде съмири сѧ съ братомь твоимь• и тъгда прїнесеши даръ твои• томѹ слава чл҃колюбьцѹ бу҇ⷪ• нꙑнѣ и присно• и въ вѣкꙑ вѣкомъ АМИН ⁘ О ТОМЬ ѤЖЕ ВЪНИМАТИ СЕ҇БѢ ⁘|
128d| ѯ҃ Ѥжѥ вънимати себѣ въ всѣхъ• велика + ѥсть и съпасъна• и б҃ви ѹгодьна• ѥсть же и бꙑтиискаꙗ ꙁаповѣдь• таковꙑ иꙁбѣгнеть ѹдобь• всѧкого грѣха• всѧкѹ жѥ добрость и ꙁаповѣдь бж҃ьѭ съ ++ грѣхꙑ прѣꙁьрить• и своими печѥть сѧ• ѥдиномꙑсльна ѹма къ б҃ѹ имѣꙗ• Таковꙑи съпрѧштеть сѧ• отъ вьсѣхъ ꙁемльнꙑихъ вештьи• и прѣнесѥнъ бꙑваеть къ нб҃сьнꙑимъ|+ вещь     ++ дѣваѥть• таковꙑи инѣхъ мъногꙑѩ
129a| вѣчьнꙑимъ• тръжъствѹ подобьно ѥсть вьсе сълѹчьѥ• вѣдꙑи кѹплѫ дѣати• приобрѧштеть много• а не вѣдꙑи тъштетꙑ приѥмлѥть• великꙑ ѹбо и б҃голюбивꙑ д҃шѧ ѥсть• ѥже вънимати присно тврьдѣ себѣ• таковꙑи бо• нꙑнѣшьнѧго беспольꙁьна помꙑшлѧꙗ• о бѹдѹштиихъ невъꙁможѥнъ• почиваꙗ желаѧ• правꙑимь пѫтемь стѫпаѥть• и въ бестрѹдьное|
129b| пристаниште х҃во доходить• подобаѥть ѹбо вънимати + польꙁьнаа• дъва бо есте ан҃гла съ чл҃комь• ѥдинъ правьдьнꙑи и единъ ꙁълобьнꙑи• и праведьнꙑи ѹбо анг҃лъ• срамѧживъ и кротъкъ• и млъчаливъ ѥсть• ѥгда ѹбо сь на ср҃це чл҃кѹ въꙁидеть• абие гл҃еть съ нимь о правьдѣ• и чистотѣ• и чьсти• и самодовъльи• о всѧкомь дѣлѣ праведьнѣ о всѧкои дѣтели славьнѣ|+ лѹчьша
129c| егда ѹбо си всѧ на ср҃це чл҃кѹ въꙁидѹть• то ꙗвѣ ѥсть• ꙗко ан҃гелъ праведьнъи съ нимъ ѥсть• анг҃лъ бо лѹкавьнаго дѣла• прѣже вьсего• напраснивъ ѥсть• и гнѣвьливъ• и беꙁѫменъ• и дѣла ѥго ꙁъла• раꙁвраштаѭшта рабꙑ бж҃ьꙗ• ѥгда ѹбо сь на ср҃це чл҃кѹ въꙁїдеть• подобаѥть поꙁнати и отъ дѣлъ ѥго• ѥгда бо + острогнѣвьимь къ комꙋ пристѹпить•|+ напрасньствомь
129d| или горестьѭ• ꙗвѣ таковъи въ чл҃цѣ ѥсть• потомь похоть дѣаньи многъ• и многоцѣнье брашънъ многъ• и пиꙗньство• и пировъ• и раꙁличьнъ пишть• и похоть женъ• и лихоиманьи• и прѣꙁоривьство• и гръдꙑни• и ѥлико симъ ѥсть приїскрьно• и подобно• нъ и ꙁълаа помꙑшлѥниꙗ• всѧ того сѫть• вънемлѣмъ ѹбо себѣ сами испꙑтьнѣ• анг҃ла ꙁълаго ѿчетимъ|
130a| сѧ• анг҃ла же праведьнаго въ слѣдъ ходим͗• ꙗкоже и ꙁаконъ повелѣваеть гл҃ѧ• вьнимаи себе• и съхрани дш҃ѹ своѭ ꙁѣло• не ꙁабѫди г҃а б҃а твоего• и да не остѹпѧть словеса ѥго отъ ср҃ца твоѥго• вьсѧ дьни живота твоѥго• нъ вьꙁлюбиши г҃а б҃а своего• иꙁ вьсеꙗ крѣпости твоѥꙗ• иꙁведъшааго по пешти желѣꙁнꙑꙗ• иꙁ-д-работꙑ ѥгѵптьскꙑ• сирѣчь миродрьца тьмꙑ•|
130b| ѥгуп͗тъ бо тьма съкаꙁаѥть сѧ• вънемли себѣ• еда ꙗдъ и насꙑщь сѧ ꙁабѫдеши г҃а б҃а своего• и отъврьжеши сѧ ꙗко иногда въꙁлюблении людиѥ• нꙑнѣ же бг҃омръꙁъци• и въложиши гл҃ꙑ моꙗ въ ср҃це своѥ• и бѫдѹть недвижими прѣдъ очима твоима• вънемли себѣ• не оставлѧи леуитина всѧ дьни живота своѥго• рекъше нꙑнѣшьниихъ слѹжитель гн҃ь• чистители бо и|
130c| слѹжители• порѫчьници твої сѫть• ти бо въꙁемлѭть грѣхꙑ людьскꙑ• вънемли себѣ еда къгда бѫдеть гл҃ъ таинъ• беꙁаконенье въ ср҃ци твоемь• сирѣчь• не опꙑтьливꙑ помꙑшлѥнии• нъ прѣпрость ходи живота своѥго дьни• ꙗкоже иеремиемь вѣстьствѹѥть б҃ъ гл҃ѧ• се дахъ прѣдъ лицемь вашимь пѫть живота и съмрьти• сирѣчь работѹ и свободѹ•|
130d| бꙑвъшеи бо иногда тьма• нꙑнѧ же свѣтъ о г҃и• блюдѣте сѧ сами испꙑтьнѣ• еда къгда отъпадете• ꙗдъшѫмѹ бо ꙁелень• ооскоминѣѭ ꙁѫби• кожъдо грѣхомъ своимь ѹмьре• и еклисиастъ рече• влъчець и сѣть на пѫтехъ стръпътьнѣхъ• хранѧи же дш҃ѫ своѫ ѹбѣжитъ оⷮ нихъ• и па҇ⷦ• всѧцѣмь хранениемь блюсти свое ср҃це отъ тѣхъ бо исходишта жиꙁни• и па҇ⷦ• ѹготови въ|
131a| исходъ дѣла своꙗ• ї приготови сѧ на село• и ходи въ сѣлдъ мене• и въꙁиждеши храмъ свои• прѣстѹпленьимь адамлемь раꙁоренъи• ап҃лъ же павлъ• блюдѣте сѧ рече како ходїте• не ꙗко немѫдри• нъ ꙗко прѣмѫдри• искѹплѧѫште врѣмѧ• ꙗко дьниѥ ꙁъли сѫть• и въ дѣаниихъ• вънимаите себѣ• и всемѹ стадѹ• и + немьже вꙑ постави дх҃ъ ст҃ъи•|+ въ
131b| пасти црк҃вь бж҃иѫ• иѡанъ• дѣти• послѣдьнѧа година ѥсть• и ꙗкоже слꙑшасте ꙗко антих҃ъ грѧдеть• и нꙑнѣ антихрьсти мноꙁи бꙑшѧ• тѣмь раꙁѹмѣваѥмъ• ꙗко послѣдьнѧа година есть• и г҃ъ• вънемлѣте себѣ отъ лъжиихъ пр҃къ• иже приходѧть къ вамъ въ одеждахь овьчахъ• вънѹтрь сѫть влъци хꙑштьници• ѿ плодъ ихъ поꙁнаите ꙗ• томѹ слава члк҃бивѹмѹ|
131c| б҃ѹ въ вѣкꙑ вѣкомъ АМИН ѯ҃а ⁘ О БЛАГОРѢЧИВЬСТВѢ ⁘ Блага словеса• отъ добраго скровишта срч҃наго исходѧть• аште бо кто не ичистить ср҃ца своего отъ ꙁълословесьꙗ• добра бесѣдовати не можеть• аште бо и мьнить сѧ гл҃ати послѹшьникомъ• неприꙗтьна|
131d| сѫть словеса его и отъметьна• не имѹшта масти благодѣти ст҃го дх҃а• хотѧи ѹбо польꙁовати комѹ словесемь• да просить ѹ б҃а слова словеси• въ отъврьстьи ѹстъ его• ꙗкоже исаиꙗ гл҃еть• г҃ъ бо рече даеть ми ꙗꙁ҃къ накаꙁаньꙗ• вѣдѣти вънегда достоить решти слово• и приричеть• послѹшаите мене• и поживеть въ благꙑихъ дш҃а вашѧ• притъчьникъ же•|
132a| сътове медвьни словеса добра• сладость же ихъ слѹхъ исцѣленье дш҃и• елико бо на сп҃нье гл҃ѫть• сладость исцѣленье творѧть дш҃и• и раꙁѹмивъи въ вещехъ обрѣтатель благомь• и ѹста въꙁлюбѧть отъвѣштаѫща словеса добра• и ѹстьнꙑ гладъкꙑ покрꙑѫть ср҃це печально• И па҇ⷦ• слово жестоко• въꙁдвижеть гнѣвъ• ꙗꙁꙑкъ же прм҃дръихъ добро ѹмѣѥть• исцѣление ꙗꙁ҃ка дрѣво|
132b| животьно• и па҇ⷦ• иꙁ ѹстъ правьдьнаго каплеть прмд҃рсто• и отъ ѹстьнъ праведьнъихъ• каплѫть благодѣти• и ѹста съмѣренъихъ ѹчать сѧ мд҃рсти• и пакꙑ• отъ плода ѹстъ• дш҃а мѫжа насꙑтить сѧ• благъ• въꙁдаание же ѹстьнѹ его въꙁдасть сѧ емѹ• и пакꙑ• ѹстьнꙑ истиньнꙑ• исправлѧѫть съвѣдѣтельство• хотѧштеи же мирьни бꙑти въꙁвеселѧть сѧ• пѣвьць|
132c| же• отъригнѫ ср҃це моѥ слово благо• и г҃ъ дасть глаголъ благовѣстьствѹѫштиим͗ силоѫ многоѭ• и г҃и ѹстьнѣ мои отъврьꙁеши• и ѹста моꙗ въꙁдѧть хвалѹ твоѫ• присꙑлаеть же и павлъ гл҃ѧ• слово ваше вьсегда въ благодѣти• да бꙑваеть• сольѫ растворено• вѣдѣти како подобаеть• ѥдиномѹ комѹ васъ отъвѣштавати• и римлѧнемъ• въꙁлюблѧѭ|
132d| бо рече видѣти вꙑ• да етеро подамь вамъ дарованье дх҃вно• ѹтврьдити сѧ вамъ• се же есть ѹтѣшити сѧ вами• обьштеѫ вѣроѫ• и пакꙑ• молѧште ѥдиного когожьдо васъ• и ѹтѣшаѫште• ходити достоино б҃ѹ• иже ѹбо чѫеть сѧ приимъ даръ ѹчительства отъ б҃а• да бесѣдѹеть съ съмѣреною мѫдростиѫ• да и їнѣхъ съꙁидаеть• да не къгда и осѫжденъ бѹдеть:|
133a| ꙗкоже съкрꙑвъ и таланта• а не приимъи дара таковаго• да млъчить и да не иꙁносить гл҃ъ праꙁденъ отъ ср҃ца своего• еда къгда ѹслꙑшить• грѣшьникомъ же рече б҃ъ• въскѹѫ тꙑ повѣдаеши оправьданиꙗ моꙗ• и въсприемлеши ꙁавѣтъ + ѹстꙑ твоими• тꙑ же въꙁненавидѣ накаꙁание мое• и въꙁврьже словеса моꙗ въспѧть• добрꙑи бо чл҃къ|+ мої
133b| рече г҃ъ• отъ благаго съкровишта ср҃ца своего• сирѣчь• благодѣти ст҃го д҃ха• иꙁносить благое• о х҃ѣ їс҃ѣ томѹ слава вь вѣкꙑ вѣкомъ АМИН ѯ҃в ⁘ О ТОМЬ ѤЖЕ НЕ ⁘ ⁘ КЛѦТИ СѦ ⁘ О неклѧтвьи ветъхꙑи ѹбо ꙁаконъ• ꙗко младиштемъ ꙁаконъ|
133c| полагаꙗ• ꙁаповѣдаѥть не беꙁ ѹма• ни на льсть искрьнюмѹ клѧти сѧ• намъ же г҃ъ нашъ и сп҃съ• ꙁаповѣдаеть нꙑ• и беꙁ врѣмене• ни въ подобно врѣмѧ клѧти сѧ• бѹди же вамъ рече• ѥже еи еи• и еже ни ни• а лихоѥ + отъ неприꙗꙁни есть• прьвъимъ рече людемъ• ꙗко жестовꙑемъ ꙁаповѣдахъ• не въ лъжѫ кльнеши сѧ• въꙁдаси же гв҃и клѧтвꙑ своꙗ•|+ сеѫ
133d| ꙗко жестосрьдомъ и непокорѧштемъ ми сѧ• вамъ же вѣровавъшиимъ въ мѧ• имьже дахъ власть чадомъ бж҃ьимъ бꙑти• порожденъимъ отъ ст҃го д҃ха• приповелѣваѫ не клѧти сѧ вьсѣмъ никоеѫже клѧтвоѫ• ни малоѫ ни великоѫ• да сѧ ꙗвить раꙁньство любодѣичишть• и приснъихъ моихъ чадъ• постꙑдимъ сѧ ѹбо въꙁлюблении• почътъшаго нꙑ тако вл҃кꙑ•|
134a| и отьца• и съ всѧцѣмь страхомь ꙗко раби приснии• съхранимъ ꙁаповѣдь ѥго ѥже отънѫдъ не клѧти сѧ• да не когда и о насъ речеть• с҃нꙑ родихъ и въꙁнесохъ• ти же отъврьгошѧ сѧ мене• и сн҃ве тѹждии сълъгаша мнѣ• не бѹдѣмъ ѹбо дрьꙁи• и неродиви• о ꙁаповѣди вл҃кꙑ нашего• гл҃емаа бо бес клѧтвꙑ ли бꙑваѫштаа• благовѣрьнѣиша сѫть чл҃кмъ и б҃ви ѹгодьна•|
134b| добрѣ же и мд҃рсть въꙁвѣщаеть• не приѹчаи клѧтвѣ ѹстъ своихъ• и именованиемь ст҃го не обꙑкни сѧ• кльнъи бо сѧ не очистѣеть отъ грѣха• и пакꙑ• мѫжь многоклѧтвьнъ наплънить сѧ беꙁаконьꙗ• и не отъстѹпить отъ него рана• нъ и бесѣда многоклѧтвьника• нѥ тъчъѫ власꙑ въсрашаеть• нъ и слѹхома сътꙋжаеть• рече же и ꙁаконъ• не|
134c| кльнѣте сѧ имемь моимь о неправьдѣ• и пр҃къ ꙁахариꙗ• клѧтвꙑ лъжьнѧ не любите• истинѹ и мира любите• гл҃еть же и осие• не кльнѣте сѧ живомь б҃мь• михеа же• и бѫдѹ рече съвѣдѣтель ꙗдръ• на кльнѹштаѧ сѧ именемь моимь• посꙑлаеть же и иꙗковъ гл҃ѧ• прѣжде всего братье моꙗ не кльнѣте сѧ ни небомь ни ꙁемлеѫ• ни иноѫ единоѫ клѧтвоѫ•|
134d| бѫди же вамъ еже еи еи• и еже ни ни• да не въ осѫжнение въпадете• такожде и г҃ъ нашь и сп҃съ• аꙁъ же гл҃ю вамъ не клѧти сѧ отънѫдъ ни небомь• ꙗко прѣстолъ есть бж҃ьи• ни ꙁемлеѫ• ꙗко подъножьѥ есть ногѹ его• ни им҃омь ꙗко градъ есть великаго цр҃ѧ• ни главоѫ своѥѭ кльни сѧ• ꙗко не можеши единого вла¬с¬а бѣла ли чрьна створити• бѫди же вамъ ѥже еи еи• и еже ни ни•|
135a| а лихое сего отъ непрьꙗꙁни есть• томѹ слава чл҃колюбивѹмѹ б҃ѹ въ вѣкꙑ вѣкомъ АМИН ѯ҃г ⁘ Ꙍ ТОМЬ ѤЖЕ ХРⷬАНИТИ ТАИНѪ ⁘ Ѥже повѣдати таинѹ• ѭтрьниихъ есть• приснꙑхъ и вѣрьнъихъ• а не вънѣшьниихъ• вамъ бо дано есть вѣдѣти рече|
135b| г҃ъ• таинꙑ црс҃твьꙗ• аште ѹбо слꙑшавъ и не съхранить• прѣдатель истинꙑ бъїсть• нѹждьно ѹбо ѥсть ꙁѣло всѧцѣмь хранениемь въꙁдрьжати сѧ• и блюсти повѣданоѥ его таиньство• да не + приснъи емѹ дрѹгъ бесъмиренъ емѹ врагъ прѣбѹдеть• ꙗко и ст҃ꙑими книгами кажеми есмь• не ꙗвлѧти таинꙑ• гл҃еть бо притъчьникъ• ꙗко|+ драгъи и любъи
135c| иже таить обидѫ• иштеть + дрѹжъбꙑ• иже ли не любить таити• раꙁлѹчаеть дрѹгꙑ и своить• и инъ• слꙑшалъ еси слово рече• да ѹмьреть съ тобоѫ• отъкрꙑваѧи бо таинѹ• гѹбить вѣрѹ• и па҇ⷦ• аште отъкрꙑѥши таинѫ дрѹга своего• не поженеши въ слѣдъ его• ꙗкоже бо пътицѹ иꙁ-д-рѹкꙑ своеѧ ѹпѹстилъ ѥси• такоже ѹпѹстилъ еси искрьнѧго и не ѹловиши его• не гони|+ любъве
135d| ѹбо его ꙗко далече отъстѹпи• и приводить• ꙗко стрѹпъ есть обѧꙁати• и клеветѣ есть съмѣренье• а отъкрꙑвъи таинѫ• погѹбилъ есть вѣрѹ• доблѧ ѹбо и мѫжьствьнꙑ и вѣрьнꙑ дш҃ѧ есть• по всѧкомѹ обраꙁѹ таити таинѫ• и не ꙁа единꙑ винꙑ или скрьби• ꙗко ѹлѹчьше ꙗвлѧти дрьꙁаемаа емѹ• мало бо въ часъ прѣтрьпѣвъ• и ѹдрьжавъ• послѣжде|
136a| обемлеши сладость радости• отъ плода ѹдрьжаньꙗ• вѣрьнъи бо рабъ• таинѫ вл҃кꙑ своего хранить• рече бо г҃ъ своимъ ѹченикомъ• вамъ бо дано есть вѣдѣти таинꙑ цр҃ствиꙗ бж҃иꙗ• инѣмъ же вънѣшьниимъ въ притъчахъ всѧ гл҃ѫть сѧ• да видѧште видѧть и не ѹꙁьрѧть• и слꙑшаште слꙑшать и не раꙁѹмѣѭть• томѹ слава милостивѹмѹ б҃ѹ• въ вѣкꙑ вѣкомъ|
136b| АМИН ѯ҃д ⁘ О ТО ҇ⷨ ѤЖЕ НЕ ПЪВАТИ БЕꙀ ГОДА ⁘ Ѥже беꙁ врѣмене пъвати цѣмь ненакаꙁанꙑ• и неискѹсьнꙑ• дш҃ѧ ѥсть своиство• мноꙁи бо отъ опасивааго пъваниꙗ имиже не бѣ льꙁѣ• послѣжде въ скрьби вельꙗ• и несътрьпьнꙑ въпадошѧ• подобаеть ѹбо все опасьно и съ сьвѣтомь творити• а не пъвати н¬ї¬цѣмьже|
136c| ꙗко ѹлѹчаште• да не послѣдь своего ꙁълосъвѣтьꙗ плодꙑ болѣꙁньнꙑ пожьнеть• въ ѹши бо беꙁѹмьнаго• добро есть ничьсоже не гл҃ати• ꙗкоже рече соломонъ• еда къгда порѹгаеть сѧ твоимъ раꙁѹмьнъимъ словесемъ• ѹчїть же и инъ мѹтръ• съ бѹемь не съвѣтоваи• не въꙁможеть бо словесе съдрьжати• и пакꙑ• вьсѧкомѹ чл҃кѹ не ꙗвлѧи ср҃ца|
136d| своего• многа бо сѫть лааниꙗ льстивааго• и па҇ⷦ• прѣдъ тѹждиимь не твори ничесоже таина: не вѣси бо чьто ти створить• и пакꙑ• чл҃къ обоитивъ• отъкрꙑваеть съвѣтꙑ въ съньмишти• вѣрьнъи же х҃мь таить вешти• и пр҃къ михеа въпьеть гл҃ѧ• хранити сѧ отъ подрѹжьꙗ• да не къгда постраждемъ• ꙗже и самѱонъ• доогавленъ бо праведьнъи|
137a| своеѫ женоѭ• повѣда еи ганание• и бꙑсть емѹꙷ въ печаль вельѭ• такожде же и въторое ѥмѹ подрѹжье• далида• лестьнъими словесꙑ прѣльстивъши• праведьника• обрадованье створи врагомъ его• и ꙁачатъ отъ обѣтованиꙗ• и сѫдивъ к҃ л҇ⷮѣ иил҃еви• и растрьгъ рѹкама ѹста львова• и чѥлюстьѭ осьлеѫ тꙑсѫштѫ иꙁбївъ мѫжь• и водѫ|
137b| и-челюсти пивъ• иже съ многоѫ крѣпостиѫ• врата гаꙁьскаа съ вереїми на рамо въꙁьмъ• и на горѹ въꙁнесъ• ꙁълоѫ женоѫ обльштенъ• вънеꙁапѫ не тъчьѫ толикѫ крѣпость погѹби• нъ и очима иꙁврьтѣнъ• рѫгѹ отрокомъ• иноплеменьникъ бꙑвъ съ ними житье раꙁдрѹши• послѣдѹꙗ ѹбо есть гн҃е речение гл҃ѫштее• не дадите ст҃аго пьсомъ|
137c| ни помештѣте бисьръ прѣдъ свиньꙗми• да не поперѫть ихъ ногами своими• и враштьше сѧ растрьгнѫть вꙑ• томѹ слава въ вѣкꙑ вѣком: АМИН ѯ҃е ⁘ Ꙍ ИСТИНѢ ⁘ Просто чьстьнꙑи оч҃е еустатие• чѫдиши сѧ тꙑ же и прочитаѫштьи• нꙑнѣшьнѫ дѣтѣль• чесо дѣльма вами|
137d| ѹбѣжденъ• и къ вамъ начало• словѹ створивъ• абье ꙗко ꙁабꙑвъ сѧ• ꙗко къ нѣкъимъ ѹченикомъ трѣбѹѫштиимъ ѹченьꙗ• бесѣдованиꙗ творїхъ• нъ ниⷦтоже не чѫди сѧ• ни беꙁѹмиꙗ поимꙑ написаи ми прѣмѣнениѫ• нъ паче да прииметь похвальнѹѫ странѫ• не ꙁабꙑлъ бо ѥсмь себѣ• нъ отъвѣтъ рекѹ• винꙑ бо нꙑнѣшьнѧаго трѹжденьꙗ• еже оглавити|
138a| въ кратьцѣ• все бж҃ьствьное ѱание• ветъхое же и новое пѹстити тебѣ• ꙁане часто• + странꙑ и градꙑ прѣмѣнѧеши• одрьжаштаꙗ ради халъдѣискꙑꙗ ꙁимꙑ• и всѫ ѹселенѫѫ отъ вашего повелѣниꙗ приꙗхъ• нъ имьже писмена б҃одъхньнаго ѹчениꙗ съвѣдѣтельства• трѣбовахѹ едїного ѹчительна словесе• ꙗкоже ꙁъдание великомь и драгомь|+ мѣста
138b| камениемь съставлѧемо• трѣбѹеть хѹда и дробьна каменьица строенью• сего ради тако створихъ• наѱание нꙑнѣшьнѧꙗ дѣтѣли• не съмѣвь къ вамъ• нъ обьшта ꙋчениꙗ створити• съвѣмь бо и свое немощьство• и съврьшенье вашего оч҃са• нꙑнѣ же егда доспѣ• ѥже о истинѣ слово• потрѣбно мьнѣхъ вамъ въꙁложити ѥ• ꙗко даръ единъ бж҃ьїи|
138c| иꙁѧштьнъ• аште сѫштьнѣ истина б҃ь есть• трѣбѣ ѹбо есть всѧкомѹ чл҃кѹ хотѧштю истинѣ• прѣжде помолити сѧ• поꙁнати истовѫю истинѫ• и решти о неи• ꙗкоже е лѣпо истиннѹмѹ любьцу• по рекъшѹмѹ• не отъими отъ ѹстъ моихъ словесе истинна до ꙁѣла• истина бо къ дѣлаѫштиимъ ѭ• въꙁвратить сѧ• ꙗкоже бо гл҃ѧи лъжѫ• оскврьнѧеть си|
138d| ср҃це и ѹста• лъжа бо врагови ключить сѧ• оц҃ь бо лъжи диꙗволъ есть• тако и гл҃ѧ истинѫ• + с҃штаеть дш҃ю и тѣло и всѧ ѹдꙑ• истина бо есть х҃ъ• накаꙁаꙗ же пр҃къ ꙁахариѧ• ослѹшивꙑꙗ люди рече къ нимъ• гл҃ѣте истинѫ• къжьдо къ искрьниимъ своимъ• и сѫдъ мирьнъ сѫдите• и їнъ• ѹстьнꙑ истиньнꙑ исправлѧѫть съвѣдѣтельство• хотѧщеи же ѹмрѣти въꙁвеселѧть|+ чістить
139a| сѧ• и пакꙑ• истинѫ сътѧжи и не отърини прѣмѫдрости и накаꙁаньꙗ• ꙁане ѹста истиньника наплънть сѧ смѣха• сирѣчь радости• дв҃дъ же• г҃и кто обитаеть въ жилиш твоемь• или къто въселить сѧ въ горѣ ст҃ѣи твоеи• и приносить• ходѧи бес порока• и дѣлаꙗи правьдѹ• и гл҃ѧ истинѫ въ ср҃ци своемь• рекъше отъ ср҃ца своего• начало бо словесъ твоихъ истина•|
139b| ї въ вѣкꙑ всѧ сѫдьбꙑ правьдꙑ твоеꙗ• ибо дѣла рѹкѹ твоеѫ истина и сѫдъ• и милость и истина прѣдъидете прѣдъ лицемь твоимь• сего ради налѧцѣи спѣи црс҃твѹи• истинꙑ ради и кротости и правьдꙑ• въ ѹстѣхъ бо врагъ твоихъ нѣсть истинꙑ• ꙗко ср҃це ихъ сѫетьно есть• и гробъ отврьстъ грътань ихъ• и ꙗꙁꙑкꙑ своими льстѧть• сего ради сѫди имъ|
139c| бж҃е рече же и истинънꙑи иовъ• аште ли и сълъгахъ гл҃ꙑ ст҃аго б҃а моего• и притъчьникъ• лѹчьи есть ништь• ходѧи въ истинѣ• богата лъжива• творити бо правьдѹ и истинѫ гл҃ати• иꙁволено есть + б҃а паче• неже жрьтвьнаа кръвь• и па҇ⷦ• отврьꙁаꙗ рече отъ ѹстьнъ права• ꙗко истинѣ поѹчить сѧ грътань мои• мрьꙁъкꙑ же прѣдъ мноѫ|+ ѿ
139d| ѹстьнꙑ лъживꙑ• ап҃лъ же отъложьше лъжѫ гл҃ѣте истинѹ къ искрьниимъ своимъ• ꙗко есмь дрѹгъ дрѹгѹ ѹди• и въ любъве нелицемѣрьнѣ въ словеси истиньнѣ• и иоанъ• вѣмь рече ꙗко сн҃ъ бж҃ьи приде• и дасть намъ съмꙑслъ• да раꙁѹмѣемъ истиньнаго б҃а• и бѫдемъ о истиннѣмь сн҃ѣ его і҃у х҃ѣ• сь есть истиньнъ и б҃ъ и жиꙁнь вѣчьнаа• гл҃ѧи бо истинѫ о бꙁ҃ѣ|
140a| живеть• подобаеть ѹбо всѧкои истинѣ иꙁ ѹстъ чл҃чъ исходити• да дх҃ъ егоже б҃ъ въсели в плъть сьѫ• истиненъ обрѧштеть сѧ отъ всѣхъ чл҃къ• и тако прославить сѧ г҃ь въ чл҃цѣ• ꙗко г҃ь истиненъ есть въ всемь гл҃ѣ• и ничесоже ѹ него лъжъна• да лъжѫштеи отъмѣтаѫть сѧ г҃а• и бꙑваѫть лишаѭште сѧ г҃а• не отъдаѭште емѹ порѹчение еже прѣѧ сѧ• прѣꙗ сѧ бо дх҃а нелъжъна•|
140b| сего аште лъжъна отъдадѧть• оскврьнишѧ г҃не порѹчение• и бꙑшѧ лихованици• хранѧштеи бо истинѫ• могꙋть себѣ жиꙁнь сънабъдѣти• хранꙗть бо сѧ истиноѫ• въ истинѹ ѹбо и по чинѹ• драгъи оч҃е еустатие• вамъ въꙁложихомъ• еже о истинѣ слово• присно бо въ х҃а облъченъ тѣмь живеши• и движиши сѧ и еси• ꙗко истиненъ чл҃къ• и истиньнъи рачитель любьꙁненъ•|
140c| нꙑнѣ бо дрьꙁати ми повелѣваеть• се о тебѣ иꙁвѣштати• рекъи ѳомѣ• аꙁъ есмь пѫть и їстина и жиꙁнь• и никтоже не прїдеть къ оц҃ѫ• + аште не мноѫ• ꙗко томѹ подобаеть слава съ отьцемь и с҃тꙑмь дх҃омь нꙑнѧ и присно и въ вѣкꙑ вѣком АМИН ⁘ Ꙍ ТОМЬ ѤЖЕ ⁘|+ тъчьѫ мноѭ
140d| ѯ҃г ⁘ ꙌБЛИЧАТИ ⁘ Ѥже на бж҃ьѭ обличати искрьнѧго• годѣ есть бв҃и и любо• ꙁнаменье бо есть братолюбьꙗ• и милостивьнꙑ волѧ• тъчьѭ простомь ср҃цемь и чистоѫ съвѣстьѭ• въ страсѣ бж҃ьи• съ всѧцѣмь мл҃дьемь обличати• мꙑсльѭ да обратимъ съгрѣшаѫштааго• се творити подобаеть• трѣбѣ же е и расмотрити• + идеже подобаеть обличати• а мѫжа сильна• нѣ лѣпо облїчатї|+ къде
141a| о величании• нъ паче нанесенье бѫдѹштааго нечьстьꙗ ѹкаꙁати• обраꙁомь бо симь• таковии сластьнѣ обличаѭть сѧ• такожде прѣстаюштааго и каѫшта сѧ• нѣсть добро обличати• ꙗви емѹ прьвѣе твоꙗ съгрѣшениꙗ• и не жалить си обличаемъ• въ притъчахъ ѱано есть• ꙗко лѹче сѫть обличеньꙗ отъкрꙑваема• неже любꙑ таима• достовѣрьнѣише бо стрѹпи|
141b| дрѹга• неже вольна лобꙑꙁаньꙗ врага• и лѹче мѫжь обличаꙗ мѫжа неправьдьна• и жестовꙑꙗ• вънеꙁаапѫ бо полѧштѹ нѣсть исцѣлениꙗ• и па҇ⷦ• обличаꙗи чл҃кѹ пѫть его• хвалꙑ имѣти имать• паче ласкаѭштаго ꙗꙁꙑкомь• и пакꙑ• не обличаи ꙁълꙑихъ• да не въꙁненавидѧть тебе• обличаи мѫдра и вьꙁлюби тѧ• беꙁѹмьна же• и приложить ненавидѣти тѧ• и па҇ⷦ• намиꙁаꙗи|
141c| окомь съ лестьѭ• събираеть мѫжемъ печали• а обличаꙗи не обинѹꙗ сѧ съмѣрѧѥть• и пакꙑ• обличи дрѹга еда къгда нѣ створилъ• да не приложить• се вьсе и ꙁаконъ рече• обличи искрьнѧго еда къгда не створилъ• да не приложить• и пакꙑ• коль добро есть обличати• или и + ꙗрити сѧ таи• и приводить• въ пирѣ вина не обличаи искрьнѧго•|+ гнѣвати сѧ
141d| и не ѹкори его въ радости его• И па҇ⷦ• аште обличиши мѫжа мѫдра• раꙁѹмѣѥть чѫвьство• ср҃це бо чювьствьно оскрьблѧеть дш҃ѫ его• обличаѭштии же добрѣише ꙗвѧть сѧ на нѧ• и павлъ тимотеови рече• съгрѣшаѫштаꙗ• прѣдъ вьсѣми обличаи• да прочии страхъ имѹть• и пакꙑ• обличаи ꙁапрѣти• ѹмоли• и хотѧи нꙑ сп҃сти• г҃ъ и сп҃съ нашь• повелѣваеть намъ|
142a| гл҃ѧ• аште съгрѣши тобѣ братъ твои• иди обличи и межѫ собоѫ и тѣмь единѣмь• аште тебе послѹшаѥть• приобрѣлъ еси брата твоего• аште ли тебе не послѹшаеть• поими съ собоѫ еште ѥдиного ли три• да + ѹстѣхъ дъвоѭ ли трьи съвѣдѣтель станеть всѧкъ гл҃ъ• аште же не послѹшаеть ихъ• рьци црк҃ве• аште же или црькъве не послѹшаеть• да бѹдеть|+ въ
142b| ти ꙗко ꙗꙁꙑчьникъ и мꙑтьникъ• томѹ слава длъготрьпѣливѹмѹ б҃ѹ въ вѣкꙑ вѣкомъ АМИН ѯ҃ꙁ ⁘ Ꙍ ТОМЬ ѤЖЕ ꙌБЛИЧАѤМѪ БЬІВАТИ⁘ Члв҃къ аште есть съмѣреномѫдренъ• имать себе + хѹда• съ радостьѭ и благодш҃ьемь• приносимаꙗ емѹ|+ съмѣрена
142c| обличаниꙗ• и епитимиѫ приемлеть• блаженъ ѹбо есть чрьньць• иже всѣмь попьранье сѧ имать• мьньша себе помꙑшлѧꙗ• радѹеть сѧ паче о хѹжденьи и небрѣженьи• неже о чьсти и благославьи• тѣмьже и б҃мь сш҃таеть сѧ• ꙗкоже съвѣдѣтельствѹеть исаиꙗ• с҃тите ѹмалѧѭштааго дш҃ѫ своѭ• а ненавидѧи обличеньи беꙁѹмьнь есть•|
142d| нъ и вьлежить стр҃ти• а любѧи вѣсто ꙗко бе-страстьи• добро ѹбо приимати ѹкарѧѫштаꙗ нꙑ• неже хвалѧштⱑꙗ нꙑ• иже ничимьже раꙁньствѹѫть• кльнѹщаго по ѱаньѭ• и па҇ⷦ• исаиꙗ• ѹслꙑшите гл҃ъ г҃нь• трепештѹштеи словеси его• рьцѣте братьꙗ наша ненавидѧщиимъ васъ• и мръꙁѹѭштиимъ• рече же и притъчьникъ• скрѹшаеть прѣштенье ср҃це мѫдраго•|
143a| беꙁѹмьль же биемъ не чѹеть• и пакꙑ иже отърѣѥть каꙁанье ненавидить себѣ• хранѧи же обличеньꙗ сътѧжить мѫдрость• и па҇ⷦ• приемлѧи каꙁаньѥ въ благъихъ бѫдеть• хранѧи же обличеньꙗ ѹмѫдрить сѧ• и слѹшаꙗи обличеньи живота• средѣ прѣмѫдръихъ въдворить сѧ• и па҇ⷦ• съблюдаꙗи обличениꙗ• любить своѭ дш҃ѹ• а ненавидѧщіи обличеньи• съконьчаѫть|
143b| сѧ срамьнѣ• и пакꙑ ништетѹ и бечьстье отъемлеть накаꙁанье: хранѧи же обличеньꙗ славенъ бѫдеть• и па҇ⷦ• ꙗꙁвꙑ обличеньꙗ даѭть мѫдрость• отрокъ же блюдѧ• посрамлѧеть родителѧ своꙗ• и па҇ⷦ• любѧи накаꙁанье любить чювьство• а ненавидѧи обличеньи беꙁѹменъ есть• дв҃дъ же г҃и не ꙗростьѭ твоеѭ обличи мене• ни гнѣвомь твоимь|
143c| покажи мене• не ꙗко обличеньꙗ отърицааше сѧ• нъ гнѣвьнааго накаꙁаниꙗ• приносить бо• покажеть мѧ правьдьникъ милостьѭ и обличить мѧ• велико ѹбо ѥсть въꙁлюблении и дивьно обличаемъи• или ѹкарѧемъи цѣмь• и трьпѧ• ꙗкоже чьстьнаа и великаа она хананѣа• ꙗже слꙑшавъши отъ г҃а• ꙗко нѣсть добро въꙁѧти хлѣба чадомъ• и поврѣшти|
143d| ѱомъ• не негодова• нъ паче съмѣрѧѭшти сѧ рече• еи г҃и• ибо и ѱѧта ꙗдѧть отъ крѹпиць паѫштиихъ съ трѧпеꙁꙑ господь своихъ• тѣмьже и почѫди сѧ съмѣрениѫ и вѣрѣ ѥꙗ г҃ъ рекъ• ѡ жено• велика есть вѣра твоꙗ• бѭди тебе ꙗкоже хоштеши• томѹ слава въ вѣкꙑ вѣкомъ АМИН|
144a| ѯ҃и ⁘ О ТОМЬ ѤЖЕ ⁘ ⁘ стꙑдѣти сѧ⁘ Добро ѥсть въꙁлюблении• ѥже на бж҃ьѭ стꙑдѣнье• рекъше говѣнье некръчьмьствѹѥмоѥ• бескврьнноѥ беспорочьное• прѣмирьноѥ бꙁ҃ѣ• се ѹбо ѹдрьжимъ• да дрьꙁостьни бѫдемъ въ пришьствье гн҃е• приближи же сѧ и при двьрьхъ ѥсть• тожде на б҃жьѭ стꙑдѣнье есть• ѥже не съмѣти вьсѣмь въꙁирати горѣ• и дрьꙁовати прѣдъ б҃мь|
144b| ꙁа множьство ꙁълъ• ѥже себѣ сами съвѣмъ• и ѥгдаже бечьстье едино отъ чл҃къ постраждемъ• абье сѫштаꙗ отъ б҃а славꙑ• нанесенье помꙑслимъ• и благодарьнѣ трьпѣние приимѣмъ• о польꙁи бо намъ наводить б҃ъ• и о бечьстьи бес печали• и беꙁмѫтьни бѫдѣмъ• вельми ѹбо длъжьнѫѥмъ стꙑдѣти сѧ беꙁлобивааго г҃а• паче же въ настоꙗште врѣмѧ по реченѹмѹ• ї нꙑнѣ|
144c| нѣсть намъ отъврѣсти ѹстъ• стѹдѹ и поношениѫ бꙑша рабомъ твоимъ чътѹштиимъ тѧ• гв҃и бо б҃ѹ нашемѹ правьда• намъ и кнѧꙁьмъ нашимъ• и цр҃емъ нашимъ• ꙗко съгрѣшихомъ о вьсемь• и ꙁаповѣдьи твоихъ не послѹшахомъ• ꙗкоже рече иеремиꙗ прорицаѧ• нꙑнѣ намъ приключьшаа сѧ• постꙑдѣхомъ сѧ• ꙗкоже слꙑшахомъ поношение|
144d| наше покрꙑ бечьстье лица наша• ꙗко вънидоша инородьци въ ст҃аа наша въ домъ г҃нь• рече же дв҃дъ• тꙑ вѣси поношенье мое и стѹдъ мои и срамотѹ моѫ• ꙗко вьсь дьнь срамъ мои прѣдъ мъноѭ есть• и стѹдъ лица моего покрꙑ мѧ• сь есть добръи и на бж҃ьѭ стѹдъ• иже въ покаанье и дрьꙁновенье ведеть чл҃ка• есть же и врѣдовьнъ по гл҃ѫштиимъ книгамъ• есть|
145a| стѹдъ слава и радость• мноꙁи бо стꙑдⱑште сѧ етеръ въпадаѫть въ сѣти непрьꙗꙁнинꙑ• и приносить• покрꙑваꙗи нечьстье свое• не поспѣеть сѧ въ благо• повѣдаꙗи же и обличаꙗ въꙁлюбленъ бѫдеть• и па҇ⷦ• правьдьникъ себѣ клеветьникъ въ прьвословесьи• и еже ѥлико ѹбо лѣтъ неꙁълобивии дрьжать сѧ по правьдѹ• не постꙑдѧть сѧ• еже бо раꙁѹмѣвати ꙁаконъ•|
145b| раꙁмꙑшленьꙗ есть блага• и приводить• блаженъ иже ѹстрашаеть сѧ вьсего ꙁа говѣнье• иже готоваи въ исходъ дѣла своꙗ• и не стꙑди сѧ исповѣдати грѣхъ своихъ• расмотреньꙗ ѹбо трѣбѫеть чл҃къ• да вѣсть къде ѹбо длъжънъ есть стꙑдѣти сѧ• о сп҃сении д҃ша своеꙗ• къде же и отъврѣшти и ꙗко на грѣхъ ноштъ• есть бо иже стѹда ради обѣштаваеть сѧ своемѹ дрѹгови:|
145c| и сътвори и врага тѹне• мꙑ ѹбо въꙁлюблении на бж҃ьѭ и стѹдъ дрьжимъ• подобѧште сѧ мꙑтоимьцѫ• стꙑдѧштаго сѧ въꙁьрѣти на небо• нъ бьѭшта своꙗ прьси и гл҃юшта• б҃же милостивъ бѫди мънѣ грѣшьникѹ• да и оставление грѣховьное ѹлѹчимъ• о х҃ѣ ис҃ѣ г҃и нашемь• емѹже слава въ вѣкꙑ вѣкомъ|
145d| АМИН ѯ҃ѳ ⁘ Ꙍ СЪМѢРЕНѢМОУДРИИ ⁘ Съмѣреномѫдрье вꙑсокопарива• и аероходива сътварѧеть чл҃ка• елико бо себе кто ниꙁить• толико паче вꙑсить и б҃ъ• ꙗкоже и бж҃ьи събесѣдьникъ моси съмѣрѧꙗ сѧ• не отъврьже съвѣта тьсти своего иотора• цѣ и по толицѣхъ б҃оꙗвлениихъ• нъ ѥлико рече ѥмѹ|
146a| створи• тѣмьже и б҃ъ прѣвъꙁнесе и• паче же вьсѣхъ сѫщиихъ на ꙁемли• такожде же и гедеонъ отъвѣштаваше• съмѣрениемь ефремови г҃лѧ• чъто створихъ нꙑнѣ ꙗкоже вꙑ створисте• не лѹчии ли пабирокъ ефлемль• неже обьманье авиеꙁере• въ рѹцѣ ваши прѣдалъ есть г҃ь кнѧꙁѧ мадиамьскꙑ и что въꙁмогохъ створити• ꙗкоже въї створисте•|
146b| цѣ и томѹ дарова б҃ъ трьми сътꙑ мѹжь• нъ праведьникъ съмѣрениемь ѹстави ꙗрость ихъ• и прѣжде того къ анг҃лѹ гл҃аше• + кто есмь аꙁъ• или домъ оц҃а моего• тꙑсѫшти моꙗ ++ съмѣренѣиши въ манасии• гл҃еть же и единъ мѫдръ• ельма великъ еси• тольма съмѣрѧи сѧ• и прѣдъ бм҃ь обрѧштеши благодѣть• ꙁане всѧ дѣла съмѣренаго ꙗвлѧѭть сѧ прѣдъ бм҃ь•|+ чъто     ++ хѹжьдши
146c| ꙗко ѹста съмѣренъихъ поѹчаѭть сѧ прѣмѫдрости• раꙁѫмъ же благъ даеть благодѣть• пѣснопои же рече аꙁъ ѥсмь чрьвь а не чк҇ⷧъ• поношенье чл҃комъ и ѹничьженьѥ людьмъ• и пакꙑ• ꙗко и чѫдѫ бꙑхъ многꙑимъ• и тꙑ помоштьникъ мои крѣпъкъ• съмѣренъи и дѣло имꙑ дхв҃но• чътꙑ ст҃ꙑꙗ книгꙑ• вьсе на сѧ раꙁѹмѣваѥть• а не на иного• аште хоштемъ|
146d| истиннѹмѹ ѹгодити бв҃и• и блаженѹѫ любовьѭ любими бꙑти• нага ѹма нашего прѣдъпоставимъ• ничесоже влачашта настоꙗштаго вѣка• ни кацѣхъ же хꙑтростьи или мѫдростьи• или правословесьꙗ• ѹврачаеть бо сѧ бн҃ое• отъ приходѧштиихъ къ немѹ съ риꙁоѭ коварьствьноѫ• аште бо бг҃очьстивъ и съмѣренъ есть кто• и не|
147a| прѣвъꙁносѧ сѧ сѫетьноѭ гръдостиѭ• ни дрьꙁьствѹꙗ• нъ съкрѹшенъ срьдьцемь• и непьштюꙗ себе неключима раба сѫшта• тъгда приꙁираеть• и въселить сѧ блг҃дть бж҃ьꙗ• истовааго же съмѣреньꙗ ꙁнаньство• не ѥже самомѹ себе покꙑдати ѹкориꙁноѭ• нъ ѥже отъ инѣхъ коримѹ добле трьпѣти• и никтоже съмѣрѧꙗ сѧ + правьдьнословѹѥть•|+ въпрѣкъ гл҃еть
147b| ꙗкоже ѹбо плодъ многъ ниꙁълѧцаеть вѣтви древѹ• тако добрꙑ дѣтѣли множьство• ниꙁить мꙑсль мѫжю• и ꙗкоже + соха подъдрьжить вѣѭ плодьнѹ• тако страхъ бж҃ьи добродѣтѣльна• блаженꙑи же павьлъ присꙑлаеть гл҃ѧ• ѡ окаанъи аꙁъ чл҃къ• кто мѧ иꙁбавить отъ тѣла съмрьти сеꙗ• и пакꙑ• ꙗко отрѣби мирови бꙑхомъ•|+ коль
147c| вьсѣмъ попьранье• си же гл҃аньꙗ• съмѣреньѭ сѫть + притъча• и пакꙑ вѣсте бо благодѣть бж҃ьѭ• ꙗко васъ ради обништа богатъ сꙑ• да вꙑ оного ништетоѭ обогатѣѥте• и приводить• молю ѹбо вꙑ аꙁъ ѹжьникъ о г҃и• достоино ходити ꙁъваньꙗ• имьже ꙁъвани бꙑсте• съ всѧкоѭ съмѣреноѭ мѹдростьѭ и кротостьѭ• трьпѣньимь отъраждаѭште|+ обраꙁъ
147d| дрѹгъ дрѹгѹ любъвью• и приносить• ѥже послѣже вьсѣхъ ꙗко їꙁврагови ꙗви сѧ и мнѣ• аꙁъ бо есмь мьньи ап҃лъ• хотѧи ѹбо сътѧжати• бг҃одарьнѹѭ сьѭ• съмѣреномѫдрьꙗ дѣтель• и иꙁбѣгнѹти ꙗкоже прѣжде рече сѧ• пѹстошьнаго и бг҃омрьꙁънаго дроченьꙗ прѣꙁорьнаго• ничесоже да не оставить съконьчаѭштиихъ на исправление еꙗ• нъ да бѹдеть|
148a| емѹ + обраꙁъ и риꙁа и стѫпанье• и сѣдало• и пища• и ложе• и слово• и движеньѥ• и гл҃анье• и къ искрьнѫмѹ бесѣда• все къ съмѣреньѭ ѹстроѥно• прѣжде же всего• ни о чимьже да вѣрѹть себѣ• нъ да повинѹеть сѧ искрьнѫмѹ и работаеть емѹ• поминаꙗ г҃а• не прѣꙁьрѣвъшааго ѹмꙑти ногꙑ своимъ ѹченикомъ• и рекъша• обраꙁъ бо дахъ вамъ съмѣреномѫдрьꙗ• да ꙗкоже|+ и
148b| аꙁъ створихъ вамъ• и вꙑ творите дрѹгъ дрѹгѹ• аште се вѣсте• блажени есте аште творите ѥ• томѹ слава въ вѣкꙑ вѣкомъ АМИН о҃ ⁘ Ꙍ ТО ҇ⷨ ѤЖЕ ѾДАꙖТИИСКРЬНЮМОУ ⁘ Ѥже отъдаꙗти искрьнѫмѹ отъ ср҃ца• гн҃ѧ ꙁаповѣдь|
148c| есть• и сп҃сна всѣмъ чл҃комъ• ꙁаповѣдь бо ѥго жиꙁнь вѣчьнаꙗ есть• аште ѹбо простимъ• проштени бѹдемъ• аште ли ни• то ꙁапечатьлѣваемъ своꙗ грѣхꙑ• кто ѹбо прѣмѫдръ хотѧи ѹлѹчити + оставленье• бештисльнꙑихъ своихъ прѣгрѣшении• не съ радостью оставить искрьнѫмѹ своемѹ малꙑихъ грѣхъ• не тъчьѭ же г҃ъ се ꙁаповѣдаеть|+ прощенье
148d| намъ творити• нъ и дѣломь намъ покаꙁаеть• како ѭ подобаеть + съврьшати• на кр҃стѣ бо сꙑ• молѧаше ꙁа беꙁаконьновавъшаꙗ въ нь• своего оц҃а г҃лѧ• о҃че ++ остави имъ• не вѣдѧть бо чъто творѧть• се благосрьдъи• и отъвѣштавае ꙁа нѧ г҃лѧ• не бо вѣдѧть чьто творѧть• и прѣжде того ѹченикомъ негодѹѫштемъ• на етерꙑ самарѣнꙑ не приимъши ихъ• и просѧште|+ творити     ++ прости ѧ
149a| бг҃опѹстомь огнемь погѹбити ꙗ• ꙁапрѣти имъ гл҃ѧ• не вѣсте коего д҃ха есте• сирѣчь• кротъкааго и благааго• томѹжде же и пр҃къ иꙁѹчаеть нꙑ• рече бо ꙁахариꙗ сѫдъ правьдьнъ сѫдите• и милость и штедротѫ творите• къжъдо къ искрьнюмѹ своемѹ• и павьлъ же рече бꙑваите же дрѹгъ дрѹгѹ• блаꙁи мл҃ди• подобьни б҃ѹ• ꙗко чада въꙁлюбленаꙗ даѭште себѣ•|
149b| ꙗкоже и х҃ъ дарова намъ• пр҃къ же авьдие• имьже обраꙁомь створи• бѫдеть ти• въꙁдаанье твое въꙁдасть сѧ на главѫ твоѭ• длъжьни есмъ• страдати дрѹгъ съ дрѹгомь• и праштати дрѹгъ дрѹга• ꙗко ѥдино тѣло есмъ• и дрѹгъ дрѹгѹ ѹди• и тождѥ длъжьни есмъ въ себѣ + пешти сѧ• боꙗште сⱑ и самого г҃нѧ страшьнаго отъреченьꙗ• и отъ ср҃ца праштаимъ дрѹгъ|+ мꙑслити
149c| дрѹга• рече бо• ꙗко тако створїть вамъ оц҃ъ мои нб҃снꙑи• аште не отъпѹштаѥте къжъдо братѹ своемѹ отъ ср҃ць вашихъ прѣгрѣшеньꙗ ихъ• рабе бо рече лѹкавъи• вьсь длъгъ онъ отъпѹстихъ ти• ꙁане ѹмоли мѧ• не подобаше ли и тебѣ миловати клеврѣта своего• ꙗкоже и аꙁъ тѧ помиловахъ• и раꙁгнѣвавъ сѧ прѣдасть и мѫчителемъ• донде въꙁдасть|
149d| все длъжъное моѥ• и петрѹ въпросивъшѹ• колишьдꙑ оставлю братѹ своѥмѹ аште съгрѣшить мнѣ• до седмишъдꙑ ли• отъвѣшта емѹ г҃ь• не г҃лю тебѣ седмишьди• нь седмидесѧти седмишьди• сего ради приводить• отъдадите и отъдасть сѧ вамъ• и аште съгрѣшить тебѣ братъ твои• ꙁапрѣти емѹ• и аште покаеть сѧ• то прости и• и аште седмикратꙑ дн҃ьмь обрать|
150a| сѧ къ тебѣ г҃лѧ каѭ сѧ• отъдаждь емѹ г҃а ради• томѹ бо слава благоср҃дмѹ и чл҃колюбивѹмѹ б҃ѹ• въ вѣкꙑ вѣкомъ АМИН о҃а ⁘ О ТОМЬ ѤЖЕ МОЛИТВѪ ДѢАТИ ⁘ ⁘ дрѹгъ ꙁа дрѹ⁘ ⁘ га и ꙁа врагꙑ ⁘ Додро въꙁлюблении• еже всѣми + ꙁаповѣдьми хв҃ами• ꙁанеже дрѹга дрѹгꙑ|+ ходити:
150b| сѧ дрьжить• ꙗко ѭжьмь ꙁлатомь• вѣрьнꙑ бо всѧ ꙁаповѣди ѥго• ѹтврьжденꙑ въ вѣкꙑ вѣка• подобаеть ѹбо истиннѣ хотѧштѫмѹ ѹченикѹ бꙑти х҃вѹ• и раꙁгараѭштѫмѹ сѧ огнемь любъве его• ниѥдиноꙗже мимоити ꙁаповѣди его• аште и мала едина или тѧжька мьнить ти сѧ бꙑти• самъ бо рече• аште любите мѧ ꙁаповѣди моꙗ съблюдете• и пакꙑ• аминь г҃лю вамъ•|
150c| аште не иꙁбѹдеть вашѧ правьда паче фарисеї• то не вънидете въ црс҃тво нб҃сное• вьчера вамь въꙁлюблении• ѡ отъдании искрьнѫмѹ бесѣдовахомъ• дьньсь не тъчьѭ оставлѧти нъ и молити ꙁа нѧ вамъ въспоминаемъ• рекъше молимъ• имьже обое вл҃ка нашь и сп҃съ ꙁаповѣдаеть• никтоже ѹбо тѧжькъ да мнить ꙁаповѣдии его иго бо мое рече|
150d| маꙁано• и брѣмѧ мое льгъко ѥсть• ап҃лъ• любѧштиимъ б҃а• всѧ поспѣѭть сѧ въ благо• ꙗкоже и въ с҃тꙑхъ книгахъ обрѣтаемъ• всѧ свⱑтьцѧ дѣломь съконьчавъша ꙁаповѣдь сьѭ• паче же и всѧ• рече бо пр҃къ самѹиль къ людемъ• не бѫди мнѣ отъстѹпити отъ г҃а• нъ въпити ꙁа вꙑ молѧштѹ сѧ• и пакꙑ• мнѣ не бѹди съгрѣшати г҃ви• еже не прѣстати молѧштѹ сѧ ꙁа вꙑ•|
151a| како же и отъринѫшѧ ти• и ѹничьжиша просивъшеи ц҃рѧ• всѣмъ вѣсто есть и ꙗвѣ• ї иеремиꙗ пр҃къ• толь много пострадавъ и отъ нихъ всегда молѧаше сѧ ꙁа нѧ• и ꙗвѣ отъ негоже къ немѹ б҃ъ гл҃ааше• + тꙑ не моли сѧ о нихъ• ꙗко не послѹшаѫ тебе• такоже и моси гл҃ааше къ б҃ѹ• аште оставиши имъ грѣхъ• остави• аште ли ни• то и мѧ остави отъ книгъ твоїхъ•|+ и
151b| не тъчьѭ же иже въ ветъсѣмь ꙁавѣтѣ се творѧахѹ• нъ и въ новѣмь• блаженъи бо иѧковъ братъ г҃нь• ан҃глскомь житьемь живъ на ꙁемли• слꙑшааше сѧ отъ вьсѣхъ правьдивъи• рекъше• ѡвлиꙗ• еже есть одрьжанье людьско• праꙁдьникѹ ѹбо сѫштѹ пасхꙑ• и многамъ тьмамъ сьшедъшамъ сѧ въ цр҃квь жидовьскѭ• въꙁведъше и на крило цр҃квьное рѣша|
151c| молимъ тѧ правьдьниче решти людемъ• да сѧ бꙑшѧ не прѣльштали въ слѣдъ рекомааго іс҃а• тебе бо вси вѣрѹ емлемъ• онъ же отъвѣштавъ рече• чьто мѧ въпрашаѥте о сн҃ѣ чл҃чи• и тъ сѣдїтъ о деснѹѭ б҃а на вꙑсотахъ• ꙁаконопрѣстѫпьници же архиерѣи и фарисѣи кликнѫшѧ• ѡ ѡ ꙁълѣ створихомъ• таково съвѣдѣтельство на сѧ сами• о іс҃ѣ прѣведъше•|
151d| мноꙁи же отъ людьи слꙑшавъше его вѣровашѧ• а прочии вꙁлѣꙁъше• съврьгѹ и съ вꙑше долѹ• ѡнъ же падъ на колѣнѹ• не абье ѹмрѣ• нъ ꙁа нѧ молѧше сѧ• и приближь сѧ единъ сн҃въ рихавовъ• слꙑша и• и гл҃а имъ• что дѣлаете• правьдьникъ ꙁа нꙑ молить сѧ• тъгда текъ единъ гнафеи• ѹдари и въ лобъ дрѣвомь на немьже риꙁꙑ иꙁвиваѫть• и ѹмрътви и• такоже и|
152a| блаженꙑи стефанъ• стоꙗ посредѣ ꙁаконопрѣстѹпьникъ въꙁъпи гл҃ѧ• се вижю небеса отъврьста• и с҃на чл҃ча стоꙗшта о деснѹѫ б҃а• похꙑштьше же ї• иꙁведоша и вънъ иꙁ града• и камениимь побиваахѹ• молѧшта сѧ и гл҃юшта• г҃и не постави имъ грѣха сего• се ѹбо видимъ ст҃ꙑꙗ• ꙗко и до съмрьти молѧахю сѧ ꙁа врагꙑ своѧ• молѧи бо сѧ ꙁа обидѧштаꙗ чл҃кꙑ• кльнеть ѹбо бѣсꙑ•|
152b| самъ же цс҃тва нб҃снаго бѹдеть наслѣдьникъ• повелѣваеть же и ап҃лъ• ꙁа всѧ чл҃кꙑ мл҃твѹ дѣѧти• а еже ꙁа всѧ мѣнить• ꙗко не тъчъѭ ꙁа дрѹгꙑ• нъ и ꙁа врагꙑ подобаеть молити сѧ• то длъжьни есмъ и мꙑ• не тъчъѫ ꙁа дрѹгꙑ нъ и ꙁа врагꙑ молити сѧ• ꙗкоже и самъ г҃ъ• дѣломь намъ покаꙁа• на кр҃стѣ ѹбо ꙁа распинаѭштаꙗ молѧ своего оц҃а• прѣжде же крьста на таинѣи вечери•|
152c| ꙁа всѧ дрѹгꙑ и ѹченикꙑ• вꙑ бо дрѹꙁи мои есте рече• и ѹже не гл҃ю васъ рабъ• молѧаше же сѧ г҃лѧ• оч҃е ст҃ꙑи• съблюди ꙗ въ имѧ твоѥ ѧже дасть мнѣ• и пакꙑ• не молю да въꙁьмеши ꙗ отъ мира• нъ да съблюдеши ⱑ отъ неприꙗꙁни• с҃ти ꙗ истиноѫ твоеѭ• слово твое истина есть• томѹ слава• въ вѣкꙑ вѣкомъ АМИН|
152d| ѯ҃в ⁘ Ꙍ ТО ⷨ҇ ѤЖЕ НЕ ИСКАТИ СВОИХЪ ⁘ си Ꙗкоже длъжъни есмъ отъ ꙁаповѣди бж҃ьꙗ отъдаꙗти• и молити дрѹгъ ꙁа дрѹга• тако длъжъни есмъ и не искати своихъ си• нъ единотѣлесьнъихъ братъ• да не подамь имъ врѣда винꙑ• гл҃еть бо б҃ъ мѹсии• ѹрѣши обѹтѣль ногѹ твоеѭ• еже есть ѹрѣжи правьдьство• плътьскѹѭ мѫдрость|
153a| своѥꙗ волѧ• мѣсто бо на немьже тꙑ стоиши• ꙁемлѧ с҃та есть• ѭже и наслѣдѧть кротъции• и мꙑ ѹбо отъсѣцѣмъ хотѣньꙗ нашѧ плътьскаа• а бж҃ьее ѹдрьжимъ• да не поимьни бѫдемъ отъ него• иеремиемь гл҃юштемь• мене оставишѧ источьника водꙑ живꙑ• и ходишѧ хотѣниї своими ꙁълъими• вънемлѣмъ ѹбо тврьдѣ• еда къгда напоимъ браⷮ҇ѭ своѫ острѹениемь мѫтномь•|
153b| кацѣмь любо блаꙁномь• аште бо брашъна ради рече братъ твои скрьбить• или съблажнѧеть сѧ• ѭже не по любъви ходиши: не брашъномь своимь того погѹблѧи• ꙁа негоже х҃с ѹмрѣ• такоже съгрѣшаѭще въ братиѭ: и бьѭще ихъ съвѣсть немощънѹѭщѹ: въ х҃а съгрѣшаѥте: тѣмьже аще брашъно съблажнѧѥть брата моѥго: рьцѣмъ и мꙑ говѣиниї: не ꙗмъ|
153c| мѧсъ въ вѣкъ• да брата своего не съблажнѧю• се же гл҃еть• рекъше творить бг҃олюбивъи и кротьколюбивꙑи• и дрѹголюбивꙑи по всемѹ бес прѣтꙑканьѧ себѣ блюдꙑ• да имь никтоже съблажнь сѧ не ѹмьреть• ѹсѣцѣмъ ѹбо братье волѧ своеѧ искрьнюмѹ своемѹ• да не бѫдемъ виновьни съблаꙁнѹ и раꙁвраштеньѭ• слꙑшаштиимъ и видѧштиимъ|
153d| житье наше• блаженъ бо иже ѹстрашаеть сѧ всего ꙁа говѣнье• пишеть бо и блаженꙑи павлъ• никтоже да иштеть своихъ си• нъ дрѹжьнѧаго• бес прѣтꙑканьꙗ бꙑваите рече• и иѭдеѡмъ• и їелиномъ• и цр҃къви бж҃ии• ꙗкоже и аꙁъ вьсегда вьсѣмъ ѹгаждаѫ• не иштѫ своеѧ польꙁѧ• нъ многꙑихъ да сп҃сѫть сѧ• и пакꙑ• любъ да не иштеть своихъ си• не|
154a| раꙁдражаеть сѧ• все трьпить• все прѣстрадаеть• и приносить• длъжъни есмъ мꙑ сильниї• немошти немоштьнъихъ носити• и не себѣ ѹгаждати• ибо х҃ъ не себѣ ѹгоди• и па҇ⷦ• кто иꙁнемагаеть• и + иꙁнемагаѫ• кто съблажнѧеть сѧ• и аꙁъ не раждиꙁаѫ сѧ• и г҃ь рече• мое брашьно есть• да творѫ волю посълавъшааго мѧ оц҃а• и съконьчаѭ его дѣло• волѧ же оц҃а моего есть• сп҃сти|+ не
154b| всѧкого чл҃ка• и пакꙑ• сънидохъ с нб҃се• не да творѭ волю моѭ• нъ посълавъшааго мѧ оц҃а• томѹ слава въ вѣкꙑ вѣкомъ АМИН ѯ҃г ⁘ Ꙍ ТОМЬ ѤЖЕ НЕ ⁘ ⁘ ВЪСХОТѢТИ ⁘ Писано есть• елико дх҃омь бж҃ьемь водѧть сѧ• сии сѫть сн҃ве бж҃ии• аште ѹбо|
154c| сн҃ве бж҃ьи въꙁлюбѧть дъщери чл҃чѧ• сирѣчь славꙑ чл҃чѧ• то отъ тѣхъ родѧть сѧ юже штѫдове• отъ вѣка именитии• рекъше отъ таковꙑꙗ славꙑ• раждаеть сѧ прѣꙁоривьство• въꙁношенье• дъменье• величанье• вꙑсотъ• гръдость• отъ вѣка бо прѣꙁоривьство• и вси врѣди сѫть• и гл҃еть б҃ъ• не прѣбѹдеть дх҃ъ мои въ чл҃цѣхъ сихъ въ вѣкꙑ• ꙁане сѫть|
154d| плътѣни• ꙁълъихъ похотьи плъни• ꙗкоже и павлъ + порокѹꙗ галатꙑ гл҃еть• дх҃мь начънъше• нꙑнѣ плъ ++ ти си отъ похотии мирьскꙑихъ• ꙗко всѧ похоть воѭеть на дх҃ъ• сластолюбивое бо ср҃це• +++ стража• и веригꙑ д҃ши въ врѣмѧ исхода бѫдеть• а тврьдолюбивое дврьрь есть отврьста• похотьнꙑи бо врѣдъ• ꙁѧбль праꙁдьниꙗ есть• праꙁнь бо отъраждаеть похоть|+ кꙋдѧ     ++ тиѭ коньчаваѥте• добро ѹбо ѥсть ѥже въꙁбранѧ     +++ тьмьница ї ѫꙁꙑ:
155a| и лѣность• паче же и беꙁѹпъваньство• аште бо бꙑхомъ вѣдѣли ꙗко пришьльци есмъ на ꙁемли• и имѣли бꙑхомъ нꙑнѣшьнѧа тьльна• и мимотекѹшта нꙑ потокѹ тъчно• то не бꙑхомъ похотѣвали не нашихъ• малолѣтьнъихъ• нъ желали бꙑхомъ• сѫштиихъ по истинѣ нашихъ• прѣбꙑваѫштиихъ въ вѣкъ• сирѣчь еже съ х҃мь бꙑти• и наслаждати сѧ|
155b| сладости его и цр҃ства• таковѫѭ любовь имѫштеи• настоѧштааго вѣка всѧ богатьство рекѫ и славѫ• и сильство• и добротѫ тѣлесьнѫѭ• ꙗко ѹметꙑ мнѧть• и не можеть ничимьже прѣльстити ихъ кнѧꙁь вѣка сего• и оставити отъ дх҃вьнꙑ любъве• ꙗкоже и соломонъ рече• въжделаите прѣмѫдрости• да въ вѣкъ цр҃ьствѹете• въꙁиштѣте прѣмѫдрости• и исправите въ вѣдѣньи|
155c| раꙁѹмъ• и елико дрѹгое таково ѱано ѥсть• срамьнꙑихъ бо всѣхъ и тѹждиихъ отърицаеть не похотѣвати• ꙗкоже и въ малѣ некъде• по мноꙁѣ раꙁньствьи• междѭ добромь и ꙁъломь ѹкаꙁаꙗ рече• въꙁьми отъ себе самого всѧкѫ похоть ꙁълѹ• облѣци же сѧ въ желанье благо и чьстьно• облачаѧ бо сѧ въ похоть сьѭ• въꙁненавидиши ꙁълѹю похоть• и обѹꙁдаеши ꙗкоже хощи•|
155d| сверѣпа бо есть похоть ꙁълаа• и бѣдьнѣ ѹкротѣеть• страшьнѣиши бо есть• и ꙁѣло своимь сверѣпьемь погѹбить чл҃кꙑ• вънегда гл҃ати• сверѣпа есть похоть ꙁълаа• + ꙁнаменаеть ꙗко сама въꙁникъши• ꙗко дивьꙗ бꙑль ненадѣланѣ нивѣ• или ꙗко сверѣпо животъ• само о себѣ пасꙑ сѧ• бе-словесьна ѹмѣньꙗ• ктоже и какова есть• нъ тъчъѭ ꙁълаꙗ нъ и благаа похоть•|+ мѣнѧеть ꙗвлѧеть сѧ
156a| въ порѧдьи словомь иꙁвѣстѣ иꙁложить сѧ• да ꙗвѣ ꙗко ѹващьше сѧ всѧкоꙗ ꙁълꙑ похоти• поживемъ доброѫ и чьстьноѫ похотьѭ• тѣмьже дрѣво вѣдѣти раꙁѹмно добро• и ꙁълѹ приꙗтьно есть• еже чл҃кѹ приꙗтивѫ бꙑти• раꙁѹма добрѹ и ꙁълѹ• раꙁньство же ꙗвлѧеть• не да кто въкѹпѣ ꙁълоѥ съ добрꙑмь творити• нъ да творѧ доброе ѹклонить сѧ отъ ꙁълаго•|
156b| по г҃люштѹмѹ• ѹклони сѧ отъ ꙁъла и твори добро• прьвое ꙁаконъ повелѣваеть г҃лѧ• не похошти елико искрьнѧго твоего есть• ахавъ же прѣстѫпль ꙁаповѣдь сьѭ• похотѣ виноградѹ• навоттеѡвѹ• и правьдьника же ѹбо ѹби• себе же и домови своемѹ нанесе съмръть погꙑбѣль вѣчьнѹѭ• похотѣша же и людье похотѣниѫ въ пѹстꙑни• тѹ |
падоша156c| ѹди ихъ• гл҃еть же и притъчьникъ• вьсь нетѧжа въ похотехъ есть• рѫцѣ же въстанивъихъ въ прилежании• и пакꙑ• глѹмленье похоти пралагаеть ѹма неꙁълобивьна• и пакꙑ• нечьстивъи вьсь дьнь желаѥть желании ꙁълъ• а праведьнꙑи милѹеть и штедрѹеть благочьстьнѣ• и приводить да ти не ѹдолѣеть добротꙑ похоть• ни бѫди|
156d| ѹловленъ твоима вѣждама• непорочьнъи же иѡвъ• попьравъ врѣдъ похотьнъи гл҃еть• аште же и въ слѣдъ ока моего иде ср҃це мое• си ми дрѧселаа да сълѹчать сѧ• рече же и ап҃лъ петръ• въꙁлюблении• молю ꙗко пришьльцѧ• и страньнꙑ• ошаати сѧ плътьскрꙑихъ похотии ꙗже воюѭть на д҃шѭ• и павлъ• ѹмрьтвите ѹдъ вашѧ сѫштаꙗ на ꙁемли• любодѣаниѥ:|
157a| нечистотѫ• сласть• похоть ꙁьлю• не приꙁъва бо насъ б҃ъ на нечистотѫ нъ на свѧтьбѫ• да + цр҃юеть ѹбо грѣхъ въ мрьтвьнѣмь тѣлѣ нашемь• послѹшати похотии его• нъ облѣцѣмъ сѧ гм҃ь ис҃у х҃смь• и плъти ѹгодьꙗ не творите въ похоти• и па҇ⷦ• въ нихъже рече• вьси мъи жихомъ• иногда въ похотьхъ ср҃ць нашихъ• творѧштеи волѧ плъти• и помꙑшленьи своихъ• хотѧи ѹбо|+ не
157b| иꙁбѣгнѫти• тьлетворивꙑꙗ сеꙗ похоти• въводѧштаꙗ чл҃ка въ дьно адово• страха г҃нѧ да сътѧжить• страхъ бо г҃нь чистъ прѣбꙑваꙗи въ вѣкъ вѣка• и пакꙑ• пригвоꙁди страсѣ твоемь пльть моѭ• помꙑшлѧꙗ бо присно ѹмрьтвье• и огнь вѣчьнꙑи• и чръвь неѹсꙑпаѫштьи• и тьмѹ вѣчьнѹѫ• и плача и скрьжъта ꙁѹбьнаго• и стѹда оного бѫдѹштааго на страшьнѣмь|
157c| сѫдишти хв҃ѣ• прѣдъ ан҃глꙑ и чл҃кꙑ• раꙁдрѹшить гладость сластьнѫѭ• вьсѫ же похоть своѫ на б҃а прѣложить• + имѣмъ ѹбо въꙁлюблении• тѣлесьнъихъ и дх҃внъихъ трѹдъ• и похоть отъ насъ отидеть• похоти бо лѣниваго ѹбиваѭть• нерачита бо рѹцѣ его творити ничьсоже• д҃шелюбивъи же г҃ъ рече• аште око твоѥ десное• съблажнѧеть сѧ• иꙁьми ++ и іꙁврьꙁи|+ сѧжамъ емлѣмъ сѧ     ++ е
157d| отъ себе• ѹне бо ти е• да погꙑбнеть единъ ѹдъ твоихъ• а не все тѣло твое въврьжено бѫдеть въ геоньнѫ• еꙗже иꙁбавити нꙑ мл҃дѹмѹ б҃ѹ нашемѹ• томѹ слава въ вѣкꙑ вѣкомъ АМИН о҃д О ПРАВОСѪДЬСТВѢ : ∞ Хотѧштеи правьдьнѣ сѫдити• прьвоѥ ѹбо да просѧть|
158a| ѹ б҃а прѣмѹдрости и раꙁѹма по соломонѹ• се прьво и едино прошенье моливъша сѧ дати емѹ• и не тъчьѭ приимъша даръ• нъ и похвалена б҃мь• ꙗко добра прошьша• потомь же и вина да отърекѹть сѧ• рѣшѧ бо бж҃ьꙗ кънигꙑ отвръꙁаи своꙗ ѹста словесемъ б҃жьѥмъ• и сѫди всѧ правѣ• и пакꙑ сильнии гнѣвьливи сѫть• вина да не пьѭть да не ꙁабѫдѹть мѫдрости• и правь сѫдити•|
158b| не въꙁмогѫть• немоштьнъимъ• и егда кто раꙁдрѣшити хоштеть вешть съплетенѹ• да поиштеть о неи прьвое чьто б҃ви годѣ есть• и обрѧштеть раꙁдрѣшенье еѧ польꙁьно• прьвꙑи ꙁаконъ повелѣваеть г҃лѧ• не створите неправьдꙑ вь сѫдѣ• и не приложиши съ множьствомь ѹклонити сѫда• и ѹбога не помилѹеши вь сѫдѣ• и не раꙁвратиши сѫда ѹбогаго• да не ꙁьриши на лице ништаго• не подиви|
158c| сѧ лицѫ сильнаго• правьдоѭ сѫдиши искрьнѫмѹ си• и сѫдьꙗ твоꙗ• сѫдъ правьденъ сѫдѧть• и да не поꙁнаѭть лица• и мьꙁдꙑ да не въꙁьмѹть• мьꙁда бо• иꙁемлеть словеса праведникъ• и иеремиꙗ• створите г҃лѧ сѫдьбѫ и правьдѹ• и иꙁемлѣте расхꙑштенаго• иꙁ-д-рѹкꙑ обидѧштаго• инъ же• и иже праведьна сѫдѧть неправедьнаго• мрьꙁъка отъ г҃а|
158d| оба• а иштѧи г҃а• обрѧштеть съ правьдоѫ• и пакꙑ• ср҃це мѫжѫ• да мꙑслить праведьнаа• да отъ б҃а исправѧть сѧ стопꙑ его• и притъчьникъ• ѹмѣеть праведьникъ сѫдити ѹбогꙑимъ• а нечьстивъи не раꙁѹмѣеть раꙁѹма• и пакꙑ• мѫжь мѫдръ• исправлѧꙗ ходить• и начатъкъ пѫти• благѹ творити правьдьное• и иѡвъ• въ правьдѹ рече одѣваахъ сѧ• облѣкохъ|
159a| же сѧ въ сѫдъ• равьно риꙁѣ• и па҇ⷦ• ѹклони сѧ нога моꙗ отъ пѫти• аште же и ѹꙁълихъ сѹдъ слѹгꙑ моего• и си ѹбо о правосѫдьствѣ• добро же помѧнѹти и ап҃лское слово гл҃штее• съмѣеть ли кто отъ васъ вешть имꙑ съ дрѹгомь• сѫдъ приꙗти отъ неправедьнъихъ• а не отъ ст҃ꙑхъ• и прирече• се ѹбо отънѫдь срамъ вамъ есть• ꙗко тѧжѫ имате съ собоѭ• почъто|
159b| ѹбо не паче обидими есте• почъто ѹбо не паче лишими бꙑваете• нъ вꙑ обидите и лишаете• и се братьѭ• или не вѣсте• ꙗко неправедьнии црс҃тва бж҃ьꙗ не наслѣдѧть• никтоже да не мнить• единѣмъ тъчъѭ обьштиимъ вештемъ сѫштиимъ• ключати сѧ о правьдьнѣмь сѫдѣ ꙁаконѹ• и въꙁнакъ лежѧ да храплеть бес плечали• вьсѣмъ бо равьно животворѧштъи|
159c| д҃хъ• повелѣваеть ꙁаповѣдь сьѫ• рече бо дв҃дъ• дх҃омь накажѣте сѧ вьси сѫдѧштии ꙁемли• работаите г҃ю съ страхомь• и радѹите сѧ емѹ съ трепетомь• всѧкъ чл҃къ приимѣте накаꙁанье• еда къгда раꙁгнѣваеть сѧ г҃ъ• и погꙑбнеть отъ пѫти праведнаго• и пакꙑ• блажени хранѧштеи сѫдъ• и творѧштеи правьдѹ въ всѧко врѣмѧ• и аште въ|
159d| истинѹ ѹбо правьдѹ гл҃ете• право сѫдите сн҃ове чл҃чи• аште въ истинѹ ѹбо а не въ лъжѫ• ни по лицемѣрьѭ• чесомѹ ѹбо есть мнѣ рече• не приимьшѹ сѫдиискꙑꙗ власти повелѣнье се• аꙁъ ти рекѹ• б҃ъ съꙁьдавъи чл҃ка• самовластьна и створи• приимъна прилогъ добрꙑнѧ• и ꙁълобꙑ• насажденье многа чѫвьствьꙗ• ꙗко въ малѣ етерѣ мѣстѣлици• слѹжителъ|
160a| чинъ съврьшаѫшта• посаждаеть въ нихъ ꙗко цр҃ѧ блага и праведьна• влчнѧго ѹма• сѫдима ѹбо есть тобоѭ• добръ и ꙁълъ• сирѣчь цѣломѹдрье• и нечистота• ласкрьдье• и поштенье• ꙗрость• и кротость• величаньѥ• и съмѣреньѥ• и отънѫдь всѧка добра дѣтель• тѧжѫ имать съ ꙁълобоѫ• аште ѹбо ѹмъ осѫдить ꙁълобѹ• а оправьдить добрѹ дѣтель• то правѣ|
160b| сѫдилъ есть• и съхранилъ сѫдъ и правьдѹ• аште ли отъ многа питьꙗ ꙁабѫдеть сѧ• то падеть отъ правьдꙑ ꙗко ихоꙁиꙗ• и боленъ бѫдеть ꙗꙁеѫ съмрьтьноѭ• сирѣчь погѹбить расмотренье• и дасть побѣждаѭшт¬ии съсѫдъ ꙁълобѣ• и ѹмьреть вѣчьноѫ съмрьтиѫ• симь же съвѣдѣтельствѹе и г҃ь г҃лѧ• чъто же и сами о себѣ не сѫдите правьдꙑ• ѥгда бо грѧдеши|
160c| съ сѫпьремь своимь на пѫти• даждь дѣланье иꙁбꙑти отъ него• да не привлѣчеть тебѣ къ сѫдии• и сѫди тѧ прѣдасть практорѹ• и практоръ въсадить тѧ въ темницѫ• аминъ г҃лѫ тебѣ• не иꙁидеши отътѹдѹ• дон͗деже въꙁдаси послѣдьнии кодрантъ• томѹ слава единомѹ чл҃клцѫ и праведнѭ сѫдии• въ вѣкꙑ вѣкомъ|
160d| АМИН о҃е ⁘ Ꙍ ПРАВЬДЬНѢ ⁘ ⁘ МѢРЕНИИ: ⁘ Всѧ праведьнаа б҃ви• люба сѫть и благогодьна• ꙗкоже бо праведьнъ и сѫдъ• тако и правьдьное мѣренье любить б҃ъ• правьденъ бо сꙑ• промꙑшлѧеть праведникѹ• въ истинѫ же и правьномѣреньѭ• неподобно есть• и в͗сѧкоꙗ неправьдꙑ• пѹште|
161a| сѹгѹбѣ мѣрѣ имѣти• малѹ и великѫ• тѣмьже и пр҃къ амосъ• негодѹꙗ ослѹшивъихъ лютѣ рече• желаѭштѹмѹ дьни г҃нѧ• и тъ есть тьма• сътворити малѹ мѣрѹ и мѣрило неправедно• тажде и михеа• аште оправьдѧть сѧ г҃лѧ• въ мѣрилѣ беꙁаконнѣ• и въ врѣтишти ставила лестьна• си ѱал͗мопѣвьць• лъжїви бо рече сн҃ве чл҃чи• въ мѣрилѣхъ не оправьдити• и покаꙁаꙗ|
161b| ѧко лихоимьства есть недѹгъ• и приносить• ти отъ сѫетꙑ въкѹпѣ не ѹпъваите на неправьдѹ• и на въсхꙑштеньѥ не желаите• богатьство аште мимотѣкаеть• не прилагаите ср҃ца• и ꙁаконъ повелѣваеть г҃лѧ• въ мѣрахъ и въ ставилѣхъ• и въ мѣрилѣхъ праведьнаа да бѫдѹть вамъ• и пакꙑ• не прилагаи рече прѣдѣлъ ꙗже положишѧ оц҃и твои• пр҃къ же софониꙗ• сѫдъ дѣлаите•|
161c| и правъдꙑ иштѣте• да покръвени бѫдете въ дьнь гнѣва г҃нѧ• такожде же иѥꙁекиль• сѫдъ и правьдѹ створите г҃лѧ• мѣрило праведно• и мѣрила праведна• и хуниѯъ• праведьно да бѫдеть вамъ• притъчьникъ же• мѣрила лестьна мрьꙁость прѣдъ г҃мь• мѣрило же праведьно приꙗто имь• и пакꙑ• ставило велико и мало• и мѣрꙑ сѫгѹбꙑ• нечисто ѥсть прѣдъ г҃мь и обоѥ• и творѧи|
161d| та• въ животѣ своемь съблаꙁнить сѧ• обаче мнима сѫть си• многъими ничесомѹже достоина сѫшта• нъ ничъсоже спꙑти нашѫть• б҃годъхновенꙑꙗ книгꙑ бесѣдѹѫть• все же на сп҃сенье наше• и жиꙁнь вѣчьнѫѭ• прѣс҃тꙑ ѹꙁаконилъ есть д҃хъ• хранимъ сѧ ѹбо въꙁлюблении• страсти лихоимьства• въторꙑꙗ идололатриꙗ• семѹ бо кажеми ѥсмъ равьномѣрениимь• ꙗкоже и г҃ь нашь і҃у х҃ъ|
162a| въ евангельи повелѣваѥть г҃лѧ• даите и дасть сѧ вамъ• мѣрѹ добрѹ натъканѫ дадѧть на лоно ваше• тоѭ мѣроѭ еѫже мѣрите• въꙁмѣрить сѧ вамъ томѹ слава въ вѣкꙑ вѣкомъ АМИН о҃ꙅ ⁘ Ꙍ ПОКААНИИ ⁘ Коль сладъко есть браⷮ҇е моꙗ покаанье• ничьтоже ино нъ корень животѹ• паче же ꙗко и сладькъї|
162b| нашь• неꙁълобивъи единъ благъ• щедръи чл҃ць• д҃шелюбьць• нищелюбьць• строитель сп҃ньѭ нашемѹ• присно жадаеть покааньꙗ нашего• веселить бо сѧ о сльꙁахъ каѭщиихъ сѧ• радѹеть сѧ о исповѣдании нашемь• веселить сѧ о съмѣренѣмь и скрѹшенѣмь ср҃ци• и съ многомь трьпѣньѥмь пожидаѥть обращениꙗ нашего• и не прѣстаеть до послѣдьнѧго въꙁдꙑханьꙗ|
162c| нашего• молѧ и бѣдѧ ѥдиного къгождо насъ• отъ многъихъ ꙁълъ• и непрьꙗꙁнинъ дѣлъ къ немѹ обращати сѧ• ꙗкоже въпьеть пр҃комь г҃лѧ• по сихъ всѣхъ къ мнѣ въꙁвратите сѧ• и ѥще далече сѫштемъ намъ притечеть и обьметь и облобꙑꙁаѥть• опещренѫѭ и гнꙋсивѫѭ и скврьнивѫѭ нашѫ вꙑѭ• и не поносить о прьвъихъ нашихъ грѣсѣхъ• нъ обѣштаваѥть грѧдѹщаа|
162d| и благаа и вѣчьнаа• и ꙗко прѣблагъи• не тъⷦмо отъдаѥть прѣгрѣшениꙗ нашѧ• нъ и обрѫченьѥ жиꙁни подаеть• благодѣть ст҃го и животворѧштаго д҃ха• и прьвоѥ одѣньѥ неистьлѣньꙗ• ѥже приꙗхомъ въ с҃тоѥ крьштеньѥ• и съвлѣкохомъ сѧ грѣхъ• абье свободьно намъ покаѭштемъ сѧ• и всѣмь ср҃цмь обраштаѭштемъ сѧ къ немѹ• подасть намъ• и праꙁдьнѹеть•|
163a| и приꙁꙑваѥ дрѹгꙑ своꙗ ст҃ꙑꙗ силꙑ• покаꙁаꙗ имъ драгмѫ ѭже обрѣте• сирѣчъ обраꙁъ цр҇ⷭкꙑи• и на рамѣ носѧ блѹдѧщѹѭ овьцѫ• въꙁнесе къ своемѹ оц҃ѫ• идеже веселѧщемъ сѧ жилище всѣмъ• и д҃шѹ своѫ полагаеть ꙁа погꙑбъшаꙗ• и множицеѫ и спꙑти раꙁдраждаѭщемъ намъ прѣстраждеть• и многотрьпить• имѫште ѹбо братье• такого мл҃да и блага влⷣкѹ•|
163b| да не лѣнимъ сѧ обраштати сѧ скоро къ немѹ• ниже въложимъ сѧ въ нечаанье• ꙁа многꙑꙗ и бечисльнꙑꙗ нашѧ грѣхꙑ• та бо есть радость съврьшена дьꙗволѹ• тъ есть грѣхъ иже къ сьмрьти• да пристѹпимъ къ покааньѫ• и то молить сѧ ꙁа нꙑ къ б҃ѹ• да въпиемъ и мꙑ съ пророкомь иеремиемь• ꙗко грѣси наши противиша сѧ намъ• ꙗко многа беꙁаконьꙗ нашѧ прѣдъ|
163c| тобоѫ г҃и• створи съ нами имени твоего ради• и тꙑ въ насъ г҃и• и имѧ твое нарицаеть сѧ въ насъ• и съ михеѥмь• гнѣвъ г҃нь прѣтръплѫ• ꙗко съгрѣшихъ ѥмѹ• и съ дв҃дмь• беꙁаконьѥ моѥ поꙁнахъ• и грѣха моего не покрꙑхъ• нъ исповѣмь на мѧ беꙁаконенье мое г҃ви• и тъ отъдасть нечьсть ср҃ца моѥго• тꙑ бо рече г҃и• рьци тꙑ прѣжде беꙁаконениꙗ своꙗ да оправьдиши сѧ• въ|
163d| пѫчинѣ мл҇ⷭдⷬьꙗ твоѥго• приношѫ ти отъ ѹстъ• и ѹстенъ нечистъ• помѧни г҃и ꙗко имѧ твое ст҃оѥ нарицаѥть сѧ на мнѣ грѣшьницѣ• ꙗко искѹпи мѧ чьстьноѫ кръвьѭ своѥѭ• ꙗко ꙁнамена мѧ обрѹченьѥмь ст҃го твоѥго + въꙁведи мѧ лежаштѧ ꙗко левьгитѫ и мꙑтарѧ• и оживи мѧ ѹмрьштвена многꙑими грѣхꙑ• ꙗко с҃на въдовица• вѣдѣ бо благъи• ꙗко|+ д҃ха•
164a| тебе ѥдиномѹ съгрѣшихъ• и ꙁълоѥ прѣдъ тобоѭ створихъ• тꙑ рече вл҇ⷪк• рьци тꙑ прѣжде беꙁаконениꙗ своꙗ да оправьдиши сѧ• исаиꙗ же скрьбѧ о жестосрьдьнꙑихъ• и непокааннъихъ гл҃еть• ѥда не можеть г҃ь сп҃сти• нъ ꙁа грѣхꙑ нашѧ отъврати лице своѥ отъ насъ• ꙗко никтоже не гл҃еть правъдꙑ• ниже ѥсть сѫда истинна• и дрѹгꙑи рече• съгрѣшилъ еси• не приложи к томѹ• и рече• ꙗко отъ лица|
164b| ꙁмиина• бѣжи отъ грѣха• прѣмѹдръ бо ѹбоꙗвъ сѧ ѹклонить сѧ отъ ꙁъла• рече же и иѡвъ• аште и съгрѣшихъ волеѭ• не съкрꙑхъ грѣха своѥго• не посрамихъ бо сѧ млъвꙑ многꙑ въ градѣ• не исповѣдати сѧ прѣдъ ними беꙁаконении моихъ• и въ дѣаниихъ петръ народѹ покаите сѧ ѹбо• и обратите сѧ• да оцѣстите сѧ отъ грѣхъ• ꙗко да придѹть врѣмена отъдꙑханиꙗ:|
164c| и мꙑ братье ꙗкоже прѣжде рѣхомъ• иꙁ вьсего сц҇ⷬа покаимъ сѧ отъ ꙁълъ• ꙗже створихомъ• въꙁвраштаѭште сѧ къ б҃ѹ и гл҃ште• съгрѣшимъ оцѣсти• беꙁаконьновахомъ ослаби• прѣтъкнѹхомъ сѧ попрѣмѣни• ꙗко и блюдьницѹ очисти• и ꙗко мꙑтника оправьди• да придеть на мѧ милость твоꙗ• да въсканеть на мѧ чл҃бье твое• и не ослаби ми|
164d| проданѫ бꙑти грѣхꙑ моими• ни ѹсънѫти и ѹмрѣти горькѫѭ + грѣховьноѭ съмрьтьѭ• нъ искѫпи мѧ отъ настоꙗштааго вѣка ꙁъла• даждь ми врѣмѧ покааньѭ• мѣсто вѣштаньѭ• ꙗко нѣсть мира въ костехъ моихъ• отъ лица грѣхъ ++ ꙗко беꙁаконьꙗ моꙗ прѣвъꙁидѹ главѹ моѭ• и ꙗко брѣмѧ тѧжько отѧготѣшѧ на мнѣ• аште беꙁаконениꙗ моꙗ наꙁь-|+ и     ++ моихъ
165a| послѹшаньѥ ѹбо ѥсть• нераскааньно покореньѥ• да бꙑ к͗то повелѣноѥ бе-скрьби створилъ• послѹшаниѥ ѥсть• съврьшено повинованиѥ• своѥꙗ волѧ лишено• и ѥдиного наставлѧѭштааго• мааниѥмь бе-съмѫштениꙗ на дѣаниѥ движемо• въ всѣхъ въводьнъихъ дѣтѣлехъ• прьво поꙁнано бꙑсть сѫште добро• и величаниѥ же отъмештеть• а съмѣренѫ|
165b| мѹдрость раждаѥть• начало бо бꙑваѥть + ꙗже къ б҃ѹ• тѣмьже и г҃ь ꙗко прѣжде рѣхомъ• смотрениѥ словесемь• до распѧтьꙗ и съмрьти послѹшѧ слово ѥго оц҃а• да въ послѹшании живъшаꙗ• въ вѣчьнѹѭ жиꙁнь въведеть• кто не ѹблажить таковаго• паче же кто не порьвьнѹеть таковѹмѹ житьѭ• ѥже бо отъсѣшти своѭ волю• кръви иꙁлитьѥ ѥсть•|+ любьви
165c| и въ жрьтвѹ въмѣнѧѥть сѧ члокови• и мѫдра и съврьшена мѫжа• ѥсть исправлениѥ• и ꙗвѣ ѹчить нꙑ исаиꙗ г҃лѧ• аште не створиши волѧ своѥꙗ въ дьнь ст҃ъи• и не въꙁдвигнеши ногꙑ твоѥꙗ на дѣло• ни въꙁг҃лешї словеси въ гнѣвѣ• и бѫдеши надѣꙗ сѧ г҃и• и сънѣси благаа ꙁемльнаа• рече же и соломонъ• с҃нъ бꙑхъ оц҃ѹ послѹшьливъ• прѣдъ лицемь мтр҃немь|
165d| любимъ• ꙗко ѹчаасте мѧ г҃люшта• да ѹтврьждаѥть сѧ слово наѭ въ ср҃ци твоѥмь• инъ• иже хранить ꙁаповѣдь• съблюдаѥть своѭ д҃шѹ• а небрѣгъи своихъ пѫтьи ѹмьреть• и пакꙑ• блаженъ мѹжъ иже ѹстрашаѥть сѧ всего ꙁа говѣньѥ• хранѧи бо ꙁаповѣди не поꙁнаѥть всего ꙁъла• петръ же присꙑлаѥть г҃лѧ• повинѣте сѧ ѹбо всѧкомѹ съꙁьданьѭ г҃а ради• и раби|
166a| повинѹѭште сѧ о всемь съ боꙗꙁньѭ г҃мъ• не тъчьѫ благъимъ и смотрьливъимъ• нъ и ꙁълъимъ• такожде и павлъ рече• чада послѹшаите родитель• и раби послѹшаите плътьскъихъ г҃ии своихъ• не прѣдъ очима работаѭште ꙗко чл҃коѹгодьници• нъ страхомь бж҃ьѥмь ї инъжде• сегоⷪ ради ѱахъ вамъ• да раꙁѹмѣѭ искѹшениѥ ваше• аште въ все послѹшьливи ѥсте• и иже|
166b| не послѹшаѥть насъ• ѥпистолиѭ таковаго ꙁнаменаите• и не примѣшаите сѧ ѥмь• и пакꙑ• ваше бо послѹшаниѥ въ всѧ доиде• и о г҃и• ибо и сн҃ъ сꙑ• навꙑче отъ нихъже пострада послѹшаѭштиимъ ѥго• вина сп҃сеньꙗ вѣчна• и г҃ь рече• сънидохъ съ нб҃се• не да творѫ волю моѭ• нъ волю посълавъшааго мѧ оц҃а• и пакꙑ• иже вꙑ приѥмлеть• мѧ приѥмлеть• а иже мѧ приѥмлеть• приѥмлеть|
166c| посълавъшааго мѧ• и пакꙑ• слѹшаꙗи васъ мене слѹшаѥть• томѹ слава въ вѣкꙑ вѣкомъ АМИН п҃ ⁘ Ꙍ СЪВЪКОУПѢ ⁘ ⁘ СИРѢЧЬ О ѤДИНОМꙐСЛИИ ⁘ Благоприꙗтьно бв҃и• ѥже о совъкѹплении цр҃къвьнѣмь пешти сѧ• ѥгоже ничьтоже|
166d| добрѣѥ въ чл҃цѣхъ• и ѥже всѣхъ прѣтрьпѣти• ꙗкоже и насъ х҃ъ• и всѧ приимати любовьѭ• и недостоить подобьнꙑ винꙑ ради• да не рекѹть и въ семь ꙁѣло несъмꙑсльнъи• отътрьꙁати сѧ самѣмъ тѣла црк҃вьнаго• и особь бꙑти• нъ въкѹпѣ единоѭ млт҃воѫ• ѥдинѣмь молениѥмь• ѥдинѣмь ѹмомь• ѥдинѣмь ѹпъваниимь• въ любъви|
167a| въ радости непорочьнѣи• ѥже ѥсть и҃у х҃ъ• ѥгоже ничътоже не радостьнѣѥ• вси ѹбо длъжъни ѥсмь сътешти сѧ• и многꙑ тѣлесꙑ• ѥдинѣмь хотѣниимь• ꙗко ѥдино тѣло сѫште• ꙗкоже бо рои бьчелъ• дѣлаѥть сътꙑ• тако съставъ братьꙗ цр҃ство бж҃ьѥ• и ꙗкожде трѹба ѹбѹждаѥть спѣхъ борьць• тако ѹченикъ тъштаниꙗ• ѹчениѥ|
167b| ѹченнꙑ дѣтѣли• отълѹчаѧи бо сѧ• подобенъ ѥсть пътици• отълетѣвъши своѥго гнѣꙁда• и на мѣсто отъ мѣсто прѣпарѧѭшти• ꙗже ѹдобь ѹловима ѥсть• всѧкомѹ имельникѹ и ловьцѫ• вьсѫдѹ сѣти• и прѫжали ѥмѹ полѧкли сѫть• раꙁѹмѣѥми имельници• и ловьци• нъ и въсхꙑтьници врани исклюѫть ѥмѹ очи• по всемѹ ѹбо благоклѫчимо|
167c| ѥсть• съгласъѥ братьства съвъкѹпленьимь• паче же идеже съврьшенаа любꙑ• ѹкоренѣла бѫдеть• ꙗкоже обрѣтаѥмъ ѥлисѣа съ илїѥѭ• слꙑшавъ ѥдиноѫ и дъвашьдꙑ сѣди сьде• онъ съ клѧтвоѭ отъвѣштавааше• живъ г҃ъ и жива дш҃а твоѧ аште оставлѫ тѧ• такожде и рѹть моавитѣнꙑнї• + тьшти своѥи• се да творить ми г҃ь• и се да приложить гл҃ѫшти•|+ свекръви
167d| ꙗко съмрьть да раꙁньствить междѫ мноѭ и тобоѭ• въ истинѫ ѹбо вооꙁъ бл҃си ѭ г҃лѧ• да истѧжеть + дѣлааньѥ твоѥ• и да бѫть мьꙁда твоꙗ исплънь отъ г҃а• и иного рода сѫшти посаже ꙁа вооꙁа• и роди дѣда д҃вдва• гл҃еть же и само тъ дв҃дъ• се нꙑнѣ что добро ли что красно• нъ ѥже жити братии въкѹпѣ• ї бр҇ⷮа отъ брата• ++ помагаѥть• ꙗко градъ тврьдъ и вꙑсокъ• и ѹньша|+ г҃ь     ++ ꙁастѫпаеть
168a| дъва паче ѥдиного• имаже ѥсть мьꙁда ѥѭ• ꙗко аште падеть сѧ• ѥдинъ въꙁдвигнеть причастьника своѥго• а лютѣ ѥдиномѹмѹ• аште падеть• и не бѫдеть вътораго въꙁдвигнѫти ѥго• и аште ѹкрѣплѧѥть• ѥдинъ• дъва станеть противѫ ѥмѹ• и врьвь трьпраменнаа не скоро отъръѥть сѧ• и въ дѣанихъ ап҃лсцѣхъ пишеть• ꙗко вси вѣровавъшеи бѧахѫ|
168b| въкѫпѣ и имѧахѫ все обьште• и по малѣ• народѹ же вѣровавъшюмѹ бѧаше ср҃це и д҃ша ѥдина• и ниѥдинъ что отъ имѣньꙗ своѥго г҃лааше своѥ• нъ бѧахѹ всѧ обьшта• блаженъ ѹбо ѥсть мнихъ• иже всѣхъ сп҃сниꙗ и спѣаниꙗ• ꙗко своѥго съ всѧкоѫ радостьѭ сластьнѣ ꙁьрѧ• мнихъ ѥсть иже ѥдиного себе съ всѣми непьштѫѥть• ꙗко самъ себе въ комьждо|
168c| мьнѧ ꙁьрѣти• ап҃лъ же рече• ꙗкоже въ ѥдиномь тѣлѣ• ѹдꙑ многꙑ имамъ• а ѹдове вси не тожде имѫть дѣаниꙗ• тако и мноꙁїи ѥдино тѣло ѥсмъ о х҃ѣ• и по ѥдиномѹ дрѹгъ къ дрѹгѹ ѹди• и пририче• нъ б҃ъ раствори тѣло лишѧштѹмѹ сѧ• лишьшѹ давъ часть• да не бѫдеть распьрѧ въ тѣлеси• тожде въ себѣ да пекѹть сѧ|
168d| ѹди• сего ради длъжьни ѥсмъ дрѹгъ дрѹгѹ тѧготꙑ носити и бꙑти вси ѥдиномѫдрьни• ѥдинодш҃ьни• добросрьди• съмѣрени• все творѧште въ любъви• да и тако б҃а къ себѣ приближимъ• и приꙗта бѫдеть мл҃тва нашѧ• гл҃еть бо г҃ь• аминъ г҃лю вамъ• ꙗко аще дъва отъ васъ съвѣштаѥте на ꙁемли• о всѧкои вешти• ѥꙗже аште просите• бѫдеть има|
169a| отъ оц҃а моѥго нб҃снааго• идеже бо бѫдѹть събьрани дъва ли три въ моѥ имѧ• тѹ ѥсмь посредѣ ихъ• томѹ слава въ вѣкꙑ вѣкомъ АМИН п҃а ⁘ О МꙐСЛЬХЪ ⁘ Рѣшѧ книгꙑ• ꙁакона на помощь далъ ѥсть• помошть ꙗвѣ• ꙗко ѥстьствѹ чл҃чьскѹмѹ• на тѧжѧниѥ добрꙑихъ|
169b| дѣтѣлии• ꙗко тѧжареви отрѣбити садъ желѣꙁомь• отъ плъти ѹбо отъметати• ѥгда огавлѧѭть ѥстьствьнꙑꙗ къ сласти и похоти• отъ д҃ша же такожде съмѹштаѭштаꙗ ѭ• немоштьнꙑꙗ помꙑслꙑ• ли плътьскаа мꙑслѧштѧ• ли врѣменнаа и ꙁемльнаа приклоньшѧ• и отъ ѥстьства• тако ѹстрьмлѧѭштемъ сѧ• и отъ въꙁѹштеньꙗ|
169c| же ꙁълъ чл҃къ• потаплѧѭштии ѥстьство• ꙗкоже окѹсъ вѣсть• и сего ради даѥмѹ мнѣ ꙁаконѹ• да не ꙗко лѣнѧштѹ сѧ тѧжѧрю• олѧдѣѥть садъ• подобьна не приносѧ плода• гл҃еть же и ап҃лъ• хоштѫ да мѹжи мл҃твѹ творѧть на вьсѧкомь мѣстѣ• въꙁдѣѭште прп҇ⷣбнѣ рюцѣ• беꙁ гнѣва и помꙑшлении• и пакꙑ• помꙑшлениꙗ раꙁдрѹшаѭште• и вьсѧкѹ|
169d| вꙑсотѫ• въꙁемлюштѫѭ на раꙁѹмъ бж҃иї• мꙑсль ѹбо ѥсть ап҃лѣ• да бꙑхомъ чисти бꙑли отъ помꙑшлении нечистꙑихъ• паче же ѥгда б҃ви въ мл҃твѣ прѣстоимъ• не строить бо сѧ смрадъ съ вонеѭ• ни ꙁъла вонѣ съ муромь• ходѧи бо въ слѣдъ помꙑшлении ослѣпѣѥть ими• идеже бо обраꙁи помꙑшлении• тѹ съприложениѥ бѫдеть• достоить ѹбо прьвааго прилога присно|
170a| отърѣати• и потрѣблѧти грѣшьнꙑꙗ помꙑслꙑ отъ ꙁемлѧ• ѥже ѥсть ср҃це наше по словеси г҃ню• и донелѣже сѫть млади сн҇ⷪве вавулони• сирѣчь ꙁълии помꙑсли• то раꙁдражати ꙗ• и скѹсити о камень• ѥже ѥсть х҃ъ• паче же• три челеснꙑꙗ сѫштѧꙗ на нꙑ• мꙑсли диꙗволѧ• имиже и бореть сѧ съ нами• ꙁавидивъи бѣсъ• и поѹчаѥть нꙑ• лакомьꙗ рекѹ•|
170b| и сребролюбьꙗ• и тъштеславьꙗ• имиже и самого г҃а нашего и сп҃са• ѥгда коньча вьсѧ искѹсꙑ• нача искѹшѧти• тѣмьжде и побѣжденъ отъпаде• обраꙁѹ на все г҃ь бꙑвъ• сирѣчь• поштении и молитвами сего беꙁдѣльна поставлѧти• лаꙗ бо льстивꙑи львъ въ оградѣ своѥи• и лѧчеть намъ сѣти и ловитвꙑ• мꙑсльи нечистъ и нечьстивъ• трѣбѣ|
170c| ѹбо ѥсть многоꙁрачьнꙑꙗ мꙑсли ꙗкоже рѣхомъ• въ скорѣ ꙁатварѧти благочьстьномь• прѣкословиимь и мл҃твоѭ• паче же оскврьнѧѭшта• да не ѡскврьнѧть с҃таго мѣста• и чл҃ка бж҃ьꙗ нечиста створѧть• съ вьцѣмь ѹбо страхомь• длъжьни ѥсмъ слѹжьбꙑ съврьшати б҃ви• да не къгда обрѧштемъ сѧ ѹстьнами къ б҃ѹ бесѣдѹѭште• а ср҃цемь и плѣн͗ници•|
170d| въ валонѣ нечистаа дѣѭште• и слꙑшимъ людъѥ сии ѹстьнами мѧ чьтѫть• а ср҃це ихъ далече ѥсть отъ мене• подвигъ ѹбо трѣбѣ ѥсть въꙁлюблениї и трѣꙁвеньѥ много• да строѥнъ бѫдеть ѹмъ• ср҃цемь и ѹстьнами• въ пѣньи• да не раꙁгнѣваѥмъ г҃а• въ ѹслѹженьꙗ мѣсто въ молитвѣ• съмѣшаѫште съ кадиломь скварѹ ꙁълѹ•|
171a| и обрѧштеть сѧ жрътва мл҃твꙑ нашеꙗ• порочна ꙗко и каинова• ꙁѣло бо гнѫшаѥть сѧ б҃ъ нечистъихъ мꙑсльи• паче же раждаѭштааго ꙗ ср҃ца• ꙗкоже ѧвлѧѥть и ꙁаконъ: рече бо• да не ореши тельцемь и осьломь• сирѣчь• чистомь и нечистомь съмꙑсломь да не принесеши молитвꙑ• ни приведи на жрьтвѫ овьчате порочьна и кръна• или кѫса• или слѣпа• или крастава•|
171b| да ѥлико плода несъврьшена• не прииметь отъ рѹкꙑ твоѥꙗ• кольми паче молитвѫ мѫтьнѫ неродимѫ• съвѣсть бо таинаа наша• ꙗкоже съвѣдѣтельствѹѥ давꙑдъ г҃лѧ• г҃ь съвѣсть помꙑшлениꙗ чл҃ска• ꙗко сѫть сѫѥтьна• и много тъштаниѥ творѧаше• свободь бꙑти отъ нихъ г҃лѧ• на ѹтрьꙗ иꙁбиваахъ всѧ грѣшьнꙑꙗ ꙁемли• истрѣбити иꙁ|
171c| града г҃нѧ всѧ творѧштаꙗ беꙁаконьѥ• не дано бо ѥсть нечистѹ въ домъ г҃нь вънити• ꙗкоже рече ꙁаконъ• домъ же ѥсмъ мꙑ• и ил҃имъ въ насъ ѥсть• грѣшьници же ꙁемлѧ• ꙁемлѧплъꙁьни и ꙁмьѥвьскꙑꙗ мꙑсли сѫть• гнѣꙁдѧштеи сѧ въ ср҃ци• подобнѣ ѹбо молить сѧ г҃лѧ• ѹстрои д҃шѫ моѭ отъ ꙁълобꙑ ихъ• и раждени ꙗꙁꙑкꙑ хотѧштаꙗ бранемъ• и съпаси|
171d| мѧ отъ брьньꙗ да не ѹгльбнѫ• ꙗко тꙑ ѥси трьпѣньѥ моѥ г҃и• тѣмьже г҃ь къ немѹ• въ скрьби рече приꙁъва мѧ и иꙁбавихъ тѧ• ѹслꙑшахъ тѧ въ таинѣ бѹрьнѣ• мꙑ ѹбо браⷮе длъжъни ѥсмъ• въꙁдвиженама рѹкама• и прострьтомь ѹмомь• молити чл҃колюбьца посълати намъ помошть• да побѣдимъ врагꙑ нашѧ• ꙗко моси амалика• люто бо и гѹбительно ѥсть•|
172a| ѥже повиновати сѧ• таи нечистꙑимъ мꙑслемъ• отъ помꙑшленїи бо• и на дѣаниѥ кто ниꙁъвлачимъ бꙑваѥть• и по малѹ тѹждь бꙑваѥть отъ б҃а ѥгда пристаꙗ ихъ• ꙗко сътворивъ грѣха осѫждень ѥсть• въ ꙁълокъꙁньнѹѭ бо д҃шѫ не вънидеть прѣмѫдрость• ни въселить сѧ въ тѣлѣ подлъжънѣ грѣхѹ• и ꙁълꙑꙗ бо мꙑсли раꙁлѹчаѭть отъ б҃а• с҃тꙑи|
172b| бо д҃хъ прм҃дсти• бѣжить отъ льсти• и отъстѹпить отъ мꙑсльи нераꙁѹмьнъ по книгамъ• рече же и г҃ь• отъ ср҃цра исходѧть помꙑшлениꙗ ꙁъла• ѹбьиства• прѣлюбодѣаньꙗ• любодѣаньѧ татьбꙑ• лъжипослѹшьства• власвимиꙗ• си имать ꙁълꙑи чл҃къ• въ скровиштихъ ср҃ца своѥго• мꙑ же приврьꙁѣмъ себе• прѣдъ благость бжь҃ѭ• молѧште сѧ ѥмѹ на|
172c| всѧкъ часъ• да очистить ср҃ца нашѧ• ꙗко принести ѥмѹ дарꙑ• въ мꙑсльнꙑи и҃мъ• и ѹслꙑшати отъ него• благꙑи чл҃къ• отъ благаго съкровища ср҃ца своѥго• иꙁносить благаа проꙁѧбениꙗ б҃ви• томѹ слава въ вѣкꙑ вѣкомъ АМИН ⁘ Ꙍ КАꙀАНИИ ⁘|
172d| п҃в Добро ѥсть каꙁаньѥ по всѧкои винѣ• паче же ѥже на бж҃ьѭ• отъ ѹна бо въꙁдроста мѫдримааго и накаꙁаѥмааго каꙁаньѥмь• и ѹчениѥмь гн҃емь• до старости и до матерьстване оставить б҃ъ• нѣсть бо + обидьливъ б҃ъ• ꙁабꙑти каꙁаниꙗ и трѹда трьпѧштиихъ имени ѥго ради• каꙁаньѥ бо ѥже на бж҃ьѭ• напослѣдокъ дрьꙁостьно бѫдеть|+ неправьдьнъ
173a| въ мноꙁѣ ослабѣ• аште и добраа отъ насъ• многашьдꙑ отъѥмлеть г҃ь• ꙗкоже богатьство иовово• г҃ъ бо далъ и г҃ь отъꙗтъ• всѧко къде и ꙁълаа ꙗже намъ наведе вѣчьнъи• иꙁ-д-рѹкꙑ нашеꙗ иꙁьметь• добро бо и ꙁълоѥ рече отъ г҃а• и наведъи на вꙑ ꙁълоѥ• тъ наветь вамъ вѣчьноѥ весельѥ• тѣмьже длъжьни ѥсмъ въ всемь каꙁании благодарьнѣ|
173b| приимати• не приѥмлѧи бо ꙁа истинѹ болѣꙁньи волеѭ• то невольнъими лютѣѥ покаꙁаѥть сѧ• а творѧи волю бж҃ьѭ противѹ силѣ• малꙑми болѣꙁньми великъихъ иꙁбѣгнеть• рече же и притъчьникъ• боꙗи сѧ г҃а• пожидеть каꙁаньꙗ• и пакꙑ• иже штѧдить свои жъꙁлъ• ненавить с҃на своѥго• а любѧи прилежьно покаꙁаѥть•|
173c| и пакꙑ• накаꙁаи с҃на своѥго тако бо благонадежденъ бѫдеть• слꙑши с҃не и приими словеса моꙗ• и ѹмножать сѧ лѣта живота твоѥго• ими сѧ по моѥ каꙁаниѥ• не отъпѫсти сѧ• с҃нъ бо оставлѧꙗ каꙁаньѥ хранить оч҃е• хранѧи же обличеньꙗ• опасивѣи бѹдеть• и пакꙑ• даждь въ накаꙁаньѥ ср҃це твоѥ• а кости своꙗ ѹготоваи словесемъ|
173d| чювьства• и па҇ⷦ• не отърѣи младеньца отъ накаꙁаньꙗ• ꙗко аште биеши жъꙁломь не ѹмьреть• д҃шѫ же ѥго сп҃сиши• и пакꙑ• накаꙁаи с҃на своѥго и покоить тѧ• и дасть лѣпотѫ дш҃и твоѥи• и пакꙑ добрѣѥ слꙑшати попрѣштеньѭ мѫдра• паче мѫжа слꙑшаштѧ пѣснь беꙁѹменъ• и приводить• ѹслꙑшите накаꙁаньѥ оч҃е• и вънемлѣте раꙁѹмѣвати помꙑшленьѥ•|
174a| даръ благъ дарѹѭ вамъ моѥго ꙁакона не оставлѧите• раꙁѹмѣите• неꙁълобивїи вседѣиство• а ненакаꙁании въложите ср҃це• приимѣте нак҇ⷶꙁаньѥ а не сребро• и раꙁѹмъ паче ꙁлата искѹшена• и пр҃кмь софониѥмь рече• боите сѧ мене и прїимѣте накаꙁаниѥ• и не имате потрѣбити сѧ работати г҃ви• подъ игомь ѥдинѣмь• и михеи рече• паси люди своꙗ жъꙁломь•|
174b| ап҃лъ же присꙑлаꙗ ѥвреомъ гл҃ааше• с҃не не прѣнемагаи покаꙁаниѥмь гн҃емь• ни ослабѣи отъ него обличаѥмъ• ѥгоже бо любить г҃ь покаꙁаѥть• бьѥть же всего с҃на ѥгоже приѥмлеть• которъи ѹбо с҃нъ ѥгоже не покаꙁаѥть оц҃ь• аште ли бес покаꙁаньꙗ ѥсте• ѹбо любодѣичишти а не сн҃ве ѥсте• и корунтиомъ• аште + аꙁъ оскръбрѧю вꙑ• то къто веселѧи мѧ• аште не оскръблѧѥмъи|+ бо
174c| отъ мене• и приносить• всѧко же каꙁаньѥ• въ настоꙗштеѥ врѣмѧ• не мнить радости бꙑти нъ печали• послѣдь же плодъ мирьнъ• наѹченьими• тѣмь въꙁдаѥть правьдꙑ• д҃дъ• блаженъ чл҃къ г҃лѧ ѥгоже тꙑ накажеши г҃и• и отъ ꙁакона твоѥго наѹчиши и• и кажа накаꙁа мѧ г҃ь• съмрьти не прѣдасть мене• и пакꙑ• покажеть мѧ правьдьникъ|
174d| милостьѭ и обличить мѧ• и накаꙁаньѥ + исправи мѧ въ коньць• и накаꙁаниѥ твоѥ само мѧ наѹчить• и їѡвъ• ѹбо не напастьство ѥсть житьѥ чл҃че на ꙁемли• и ꙗко наимника оидиньна жиꙁнь ѥго• аште бо напастьство ѥсть житьѥ чл҃кѹ на ꙁемли• то како ѥсть въ напастьствѣ сѫшти беꙁ напасти бꙑти• речено бо отъ сп҃са• бъдите молите сѧ да не вънидете въ напасть•|+ твое
175a| вѣстить ѥже не сътѹжати си напастьѭ• и ѹдолѣнѹ бꙑти• ѥже бо прѣдолѣти• и блажено и славьно ѥсть• гл҃еть же и г҃ь пакꙑ• кто отъ васъ рабъ имѣꙗ орѫшть или пасѫштъ• иже пришъдъшѫ съ села• рече абьѥ• минѹвъ вьꙁлѧꙁи• нъ не речеть ли ѥмѹ• ѹготоваи чьто вечерѧѫ• и прѣпоꙗсавъ сѧ слѹжи ми• дон͗деже ꙗмь и пьѭ• и потомь ꙗси и пиѥши тꙑ• и приводить•|
175b| ѥда хвалѹ имать рабѹ томѹ• ꙗко створи повелѣнаа• не мьнѫ• тако и вꙑ ѥгда створите повелѣнаа вамъ всѧ• г҃лѣте• ꙗко неклѭчими раби ѥсмъ• ѥже длъжьни бѣхомъ створити створихомъ• томѹ слава въ вѣкꙑ вѣкомъ АМИН п҃г ⁘ О СЪВѢТѢ ⁘ Ѥже съвѣтовати о всѧкои вешти•|
175c| добро и б҃оѹгодьно ѥсть• никтоже бо не трѣбѹꙗи съвѣтьника• тъчъѭ ѥдинъ б҃ъ• съꙁдавъи прѣмѫдрость• всѧкъ же чл҃къ• трѣбѹѥть съвѣта добра паче• нежели на аѥра дꙑхати• ꙗкоже бжст҃внꙑимь ѱаниѥмь кажеми ѥм҇ⷭъ• рече бо• сь съвѣтомь все твори• съ сьвѣтомь вина пиваи• дх҃вноѥ ꙗвѣ• ꙗко вино веселѧште ср҃це• таковъи николиже не погрѣшаѥть• нъ бес плечали|
175d| прѣходить все житьѥ своѥ• ненависть бо величаниꙗ• и съмѣрениꙗ ꙁнамениѥ ѥсть• ѥже трѣбовати сьвѣта• паче же въ искѹсѣ сѫштиихъ старьць• ꙗвѣ же ѥ ꙗко съмѣренъимъ даѥть б҃ъ благодѣть• прѣꙁоривъимъ же противить сѧ• ꙗкоже рече и товиꙗ с҃нѹ своѥмѹ• съвѣта отъ всего мѫдра въꙁишти• и не неродѹи о своѥмь съвѣтѣ потрѣбнѣ• приѥмлѧи бо съвѣтъ добръ• на пѫти|
176a| ꙁаповѣдии г҃нь ходить• мѹжь же бесъвѣтенъ• самъ себѣ ратенъ• ꙗкоже ровоамъ соломоништь• оставивъ ѹбо добръи съвѣтъ старечьскръи• и ѹдрьжавъ отрочъскꙑи съвѣтъ + въскръмленꙑихъ съ нимь• обрѣте сѧ иꙁгѹблѧꙗ цѣсарьство дъвоѭ на десѧте• скѹп͗трѹ иил҃вѹ• добрѣ ѹбо окаѥть таковꙑꙗ исаиꙗ• лютѣ бо рече съвѣштаваѭштимъ не г҃а ради• творѧштиимъ въ таинѣ•|+ въꙁдрастъшїихъ
176b| и бѹдѹть въ тьмѣ дѣла їхъ• съвѣтъ бо ꙁълъихъ беꙁакон͗наа съвѣщаваѥть• а благочьстивии раꙁѹмно съвѣщашѧ• и инъ прѣмѫдръ гл҃аше• отъ ꙁъла съвѣтьника храни д҃шѹ своѭ• самъ бо себѣ съвѣштаваѥть и станеть прѣмо видѣти събѹдѹштеѥ сѧ• и пакꙑ• не съвѣштаваи съ подъꙁираѭштиимь тѧ• + и отъ искѹштиихъ тебе съкръи съвѣтъ:|+ ѿ рьвьнѹѫщиїхъ
176c| въ лѣпотѹ ѹбо и рѧдьнѣ• ꙗкоже прѣжде рече сѧ длъжънѹѥмъ о всемь• д҃ховьна съвѣта• искѹсьнꙑихъ старець приимати• бѣгати же плътьскꙑїхъ и ненакаꙁанꙑихъ съвѣта• да не въ ѹтврьжденьꙗ мѣсто• фуникова жъꙁла тръстѧнъ хлѫдъ приимемъ• иже рѫкѫ чл҃кѹ ѹꙗꙁвить• и ѧда ѥстьствьнааго вълагаѥть• или въ овьчате мѣсто влъкѹ|
176d| въпадаѥмъ• ходѧи бо съ прѣмѫдръими прѣмѫдръ + бѫдеть• а ходѧи съ беꙁѹмьнꙑми• поꙁнанъ бѫдеть• чювьство бо отъ мѫдръихъ ѹдобь• соломонъ же• иже льстїть рече правꙑꙗ на пѫть ꙁълъ• въ растьлѣнии самъ въпадеть• и пакꙑ• с҃не• да не постигнеть тебе съвѣтъ ꙁълъ• оставлѧи ѹченьѥ ѹности• имьже бо нѣсть кръмильства• падаѭть ꙗко и листвьѥ•|+ ѥсть
177a| сп҃ньѥ же ѥсть въ мноꙁѣ съвѣтѣ ꙗкоже бо градъ бе-стѣнъ• тако мѫжъ бе-съвѣта творѧи• съ б҃мь же и бесѣдѹꙗи моси• не отъврьже съвѣта иовтурова• нъ и ѥлико рече ѥмѹ• благоволѧ все створи• и не въꙁдвиже ѥго толика слава бж҃ьꙗ и чл҃чьска• и їмѣꙗи х҃а въ себѣ гл҃ѫшта• павьлъ ап҃лъ рече къ галатомъ• въꙁидохъ въ иїѥрѹсалимъ• и въꙁложихъ имъ ѥван͗гелиѥ ѥже|
177b| проповѣдаѭ• ѥдинѣмъ же мьнѧштиимъ ѥда како въ тъште рекѫ отъ чл҃ка• нъ ꙗвлениимь и҃у х҃а• не прѣꙁьрѣ съвѣтовати съ ѹченикꙑ ѥго• не вѣровааше бо самъ себѣ• боꙗ сѧ ѥда въ тъште течеть• или теклъ ѥсть• мꙑ же не вѣдѹштеи коѥ ѥ десница• коѥ ли шѹица• вельми паче длъжьни ѥсмъ все съ съвѣдьѭ дх҃внъихъ нашихъ оц҃ь• дѣати•|
177c| боꙗште сѧ притъча ап҃лѧ• ѥда къгда порѹгани бѫдемъ• лѹкавьнъими бѣсꙑ• ꙗкоже бо хотѧть• прѣобраꙁѹѭть вешти• паче же и лѹкꙑхъ не съвѣдѧть• аште надѣѭть сѧ лѹкомъ своимъ и мꙑшьцеѭ• съмѣрениимь бо наидеть на вꙑ благодѣть ст҃ааго д҃ха• ꙗкоже и г҃ь наѹчи нꙑ г҃лѧ• ѥгда приведѫть вꙑ на съборишта• и власти• и влд҃чства• не|
177d| пьцѣте сѧ како или чьто отъвѣштаѥте• с҃тъи бо д҃хъ наѹчить вꙑ въ тъ часъ• ꙗкоже подобаѥть решти• томѹ слава въ вѣкꙑ вѣкомъ АМИН п҃д ⁘ О СЪНЬИХЪ ⁘ Понеже ѥтери вѣровавъше соньѥмъ• съвратиша сѧ съ правааго пѫти• сего ради въспоминаѥмъ|
178a| вамъ любии• ꙗко не подобаѥть намъ прѣпрость имати• аѥроходьнъимъ• и многообраꙁьнъимъ съномъ• си бо ничьтоже ино сѫть• нъ мꙑсли блѹдѧшти• подобиꙗ и привидѣниꙗ и рѫганиꙗ лѹкавъихъ бѣсъ• на прѣльштениѥ наше• и послѣдованьѥ льстемъ ихъ• прочеѥ же да и на сласть ниꙁъвлѣкѫть чл҃ка• ꙗкоже гл҃еть ап҃лъ иѭда їꙗковль• ѡ ѥдинѣхъ таковѣхъ•|
178b| рече бо• такожде ѹбо и си соньꙗ видѧште• плъть ѹбо скврьнѧть• іс҃а же отъметаѭть• славы же хѹлѧть• ѥклисиастъ же• приходить бо гл҃ѧ съньѥ• множьствомь напастии• и гласъ беꙁѹмьнаго• множьствомь словесъ• и приричеть• не даждь ѹстомъ своими съгрѣшити• и плъти твоѥи• да не раꙁгнѣваѥть сѧ б҃ъ на гласъ твои• и растьлить тварь рѹкѹ твоѥѭ• ꙗко|
178c| въ множьствѣ съньи и сѹѥтъ• и словесъ многъ• и сираховичь рече• ꙗко съньꙗ въперѧть беꙁѫмьнъꙗ• ꙗкоже ѥмлѧи ꙁа стѣнь• и гонѧи вѣтрꙑ такожде ѥмлѧи вѣрѹ сониѥмъ• отъ лъжа бо та истина• и па҇ⷦ• вражениꙗ и кобеньꙗ и соньꙗ• сѹѥта сѫть• многꙑ бо прѣльстишѧ съньѧ• и отъпадошѧ надѣѭште сѧ• аште ѹбо ꙗвить сѧ комѹ• подвиꙁаѭштиимъ сѧ•|
178d| или свѣтъ• или обраꙁъ ѥдинъ огнеꙁраченъ• никакоже такоже да не приѥмнеть• таковааго видѣниꙗ• прѣльсть бо ѥсть• ꙗвѣ отъ ꙁълокъꙁньꙗ вражьꙗ• семѹ же и ꙗвѣ ап҃лъ ѹчить нꙑ• въ ан҃гла свѣтьла прѣобраꙁѹѭштааго сѧ гл҃ѧ• добро ѹбо ѥсть прѣже съна на ложи• на съхранениѥ дш҃и• и прогънаньѥ льсти• помолити сѧ молитвоѭ сеѭ:|
179a| Вьседрьжителю слово оч҃е• самосъврьшенъи ї҃у х҃е• ѧдрааго твоѥго млс҃рдьꙗ їсѹ• добрꙑи пастѹше своихъ овьць• не прѣдаждь мене крамолѣ ꙁмиинѣ• ни желаньѭ сотонинѹ остави мене• ꙗко сѣмѧ тьлѧ въ немъ ѥсть• тꙑ ѹбо г҃и цр҃ю пр҃стꙑи б҃же• покланѧѥмъи и҃у х҃е• съпѧштѧ мѧ съхрани бесъмрьтьнъимь свѣтомь• и д҃хомь твоимь ст҃ꙑимь• имьже с҃ти|
179b| своꙗ ѹченикꙑ• иꙁбавлѧꙗ отъ крамолꙑ ꙁмиинꙑꙗ• даждь же ми недостоинѹмѹ радость сп҃сениꙗ твоѥго• на ложи моѥмь• и просвѣти ми ѹмъ• свѣтомь раꙁѹмьꙗ еван͗гелиꙗ твоѥго• д҃шѹ моѭ любъвьѭ крс҃та твоѥго• ср҃це моѥ чистотоѭ словеси твоѥго• тѣло моѥ твоѥѭ страстьѭ бестрастьноѭ• мꙑсли моꙗ твоимь миромь съхрани|
179c| и въꙁдвигни мѧ благоложьно• на твоѥ славословесьѥ• ꙗко покланѧѥмъ ѥси и прославлѧѥмъ• съ оц҃емь и ст҃ъимь дх҃омь въ вѣкꙑ аминъ• Сѫть же + и ина съньꙗ• ꙗкоже гл҃еть и иѡвъ• въ ѥдино бо въꙁгаголеть г҃ь• а въ вътороѥ съньѥмь• ꙗко се ѥгда нападеть страхъ въ ношти• мꙑ же въꙁлюблении• не длъжъни ѥсмъ вѣровати• или пристаати сониихъ• аште|+ ѹбо
179d| и отъ бж҃ьꙗ ꙗвлениꙗ посълано бѫдеть намъ видѣниѥ• да не въ свѣта мѣсто дꙑма приимемъ• да не въ семь раꙁгнѣваѥмъ г҃а• нъ паче да и прииметь нꙑ• съ страхомь хранѧштаꙗ• порѹченоѥ намъ имь скровиште• имѣхъ же многꙑ повѣсти• пришедъшѧꙗ въ мѧ• ветъхꙑ и новꙑ при насъ бꙑвъшѧ• о прѣльштенъиихъ съньи• и лютѣ ако отъпадъшь•|
180a| въ бж҃ствьно писмѧ• на ѹтврьжденьѥ чътѹщиимъ• нъ да не отъпадемъ прѣдълежаштаꙗ намъ• мꙑсли• ѥдинѹ тъчьѭ главѹ прѣдъложь• ѹставлю слово• бꙑсть ѥдинъ мнихъ• въ горѣ синаисцѣи• иже толико въꙁдрьжаньѥ покаꙁавъ• и въ хꙑжди ꙁатворь сѧ ꙁа лѣта многа• послѣжде же диꙗвольскъими ꙗвлении• и сънꙑ порѫганъ• въ июдеиство въпаде и обрѣꙁаньѥ|
180b| плътьско• множицеѭ бо покаꙁавъ ѥмѹ диꙗволъ• истинна соньꙗ• и тѣми обльстивъ омраченаго ѥмѫ ѹма• покаꙁаѥть ѥмѹ послѣжде лика мч҃нкъ и ап҃лъ• и всѣхъ крс҃тьꙗнъ темна и всѧкаго стѹда исплънена• сѫпротивь же мосѣа и пр҃кꙑ• и бг҃омрьꙁъкаго плъка жидовьска• свѣтьломь ꙁракомь оꙁарѧѥма• въ радости и тихости сѫшта• си|
180c| видѣвъ окаанъи• абьѥ оставль ст҃ѫѭ горѹ• приде въ палестинѫ• въ неарѫ и ливѫадѫ• въ жилища жидовьска• и повѣдавъ имъ ꙗвльшааго сѧ ѥмѹ диꙗвольска дѣаниꙗ обрѣꙁа сѧ и июдѣствова• и женѫ поꙗ• и абьѥ ꙗвѣ по июѭдеихъ• на крьстьꙗнꙑ догмати искаше• сего и аꙁъ видѣхъ• и мноꙁи отъ мнихъ• ибо не имать трии лѣть• ꙁълоѭ съмрьтьѭ дш҃ѹ|
180d| отъврь• съгнивъ отъ лѣтъ• и бꙑвъ чрьвьмъ ꙗдь• тако иꙁдъше• сего видѣвъше аꙁъ же и ѥдиноговѣинии чрьньци м͗ного плакахомъ сѧ• бѣ бо мильно видѣньѥ• мѫжь вьсь осѣдѣвъ въ постѣхъ и трѹдѣхъ състарѣвъ сѧ• съ женами играꙗ• и мѧса скрьнавъихъ жидовьскъ въкѹшѧꙗ• нечистꙑ г҃лꙑ вѣштаꙗ• х҃а хѹлѧ и ст҃го д҃ха не чьтꙑ• ѥгоже беꙁакон͗нии жидове|
181a| въторааго авраама ꙁъваахѹ• въ истинѫ ѹбо гл҃ааше г҃ь• бъдите ꙗко не вѣсте въ кꙑи часъ тать придеть• и пририче• се же вѣдите• ꙗко аште бꙑ вѣдѣлъ г҃инъ храма въ къи часъ тать придеть• бъдѣлъ ѹбо бꙑ• и не бꙑ оставилъ подърꙑти храминꙑ своѥꙗ• томѹ х҃ѹ подобаѥть слава• въ вѣкꙑ вѣкомъ АМИН|
181b| п҃е О МАЛОД҃ШЬИ И ДЪВОДОУШЬИ• РЕКЪШЕ О ТЪЩИВЬСТВѢ• И ДЪВОМꙐСЛЬИ: ∞ Не дадимъ + мѣста браⷮѥ дѹхови малод҃шьꙗ обладати нами• да не ꙁаꙁорьни бѫдемъ гл҃ѫштиимь ѱаниѥмь• мѫжа хѹдод҃шьна кто прѣтрьпить• нъ вьсѫ печаль нашѫ въꙁврьꙁѣмъ на б҃а• ꙗко томѹ ѥсть печаль о насъ• въꙁьмѣмъ ѹбо отъ себѣ дъвод҃шьѥ и малод҃шьѥ• и никакоже|+ въмѣшениꙗ
181c| дъвод҃шьѥмь просити чесо ѹ б҃а• гл҃юште въ себѣ• ꙗко како могѫ просити ѹ г҃а• и приꙗти съгрѣшивъ толико ѥмѹ• нъ иꙁ вьсего ср҃ца своѥго обрати сѧ къ г҃ѹ• и проси ѹ него бе-сѫмьнѣниꙗ• и ѹвѣси многоѥ млс҃рдьѥ ѥго• ꙗко не имать тебе оставити• нъ прошеньѥ д҃ша твоѥꙗ иꙁвѣстить• нѣсть бо б҃ъ ꙗко члв҃ци вражъдѫ помьнѧште• и мл҃дъ бꙑваѥть твари своѥи•|
181d| тꙑ ѹбо очисти си ср҃це отъ сѫмьнѣньꙗ• и проси ѹ него• и приимеши прошеньѥ своѥ• аште ли въсѫмниши сѧ• то не приимеши сѫмнѧштеи сѧ въ б҃а• сии сѫть дъводѹшивии• и ничьсоже въ семь ѹлѹчаѭть• прошении своихъ• а съврьшении сѫште вѣроѭ• всего просѧть надѣѭште сѧ на г҃а и приѥмлѭть• ꙁане бе-сѫмнѣньꙗ просѧть• аще ли и поꙁдѣѥ приимеши•|
182a| не дъводѹшьствѹи• ꙗко скоро не приꙗ прошеньꙗ д҃ша твоеꙗ• всѧко бо + ꙁа напасть ѥдинѫ• или прѣгрѣшеньѥ ѥгоже тꙑ не вѣси• поꙁдьнѣѥ приѥмли• тꙑ ѹбо не прѣстаи просѧ прошеньꙗ д҃шѧ своѥꙗ + приимеши ѥ• аще ли сътѫжиши си постѧ• себѣ самого виньнѫи• а не дѣѭщааго ти• дъвод҃шьѥ бо дъшти ѥсть непрьꙗꙁнина• и ꙁѣло лѹкавьнѹѥть на рабꙑ бж҃ьꙗ• тꙑ ѹбо|+ ꙁа искѹсъ     ++ ї
182b| облѣци сѧ въ вѣрѫ крѣпъкѹ• станѣмъ ѹбо тврьди• ꙗко наколо бьѥми• велика + ст҃рпца ѥсть• бьѥмѹ и одолѣти• паче же б҃а ради вьсе прѣтрьпимъ• да и тъ насъ потрьпить• тъштьни бѫдѣмъ• врѣмена расмотримъ• прѣлѣтьнаго чаѭште беꙁлѣтьнаго• невидимаго• насъ же ради видима• неосѧгаамаго• насъ же ради осѧꙁана• бестрастьнаго• насъ же ради ++ страстьна•|+ мч҃ка     ++ мѫчена
182c| длъготрьпьимь• все насъ ради пострадавъшаго• г҃лють же и книгꙑ• боꙗштеи сѧ г҃а• пожидѣте милости ѥго• и не ѹклоните сѧ да не падете• и приводить• къто вѣрова г҃ѫ и постꙑдѣ сѧ• или кто приꙁъвавъ и и + прѣꙁьрѣ и• или кто прѣбꙑсть въ страсѣ ѥго и небрѣгомъ бꙑсть• не малод҃шьствѹи въ мл҃твѣ своѥи• не бѫди подобьнъ въ ѥгуп͗тѣ бꙑвъшиимъ людемъ•|+ нарече и
182d| иже отъ малод҃шьꙗ не похотѣахѫ послѹшати мосѣа• слꙑши ис҃а наѹгина г҃лѭшта• храните ꙁѣло дш҃ѫ вашѫ• любите г҃а б҃а вашего• и тъ побореть по васъ• ѱаного бо ѥсть и въ сѫдьꙗхъ• не раꙁгнѣваимъ г҃а• да не въꙁидеть мадиамъ съ скотꙑ своими• + и прокѹдить плодъ нашъ• и обништаѥмъ ꙁѣло• слꙑшимъ же исаиѭ г҃люшта• ѹтѣшите малод҃шьнꙑꙗ|+ ї погѹбить
183a| мꙑсльѭ• г҃ь бо малод҃шьнъимъ даѥть + ѹвѣштаньѥ• и животъ сътьренъимъ ср҃цемь• и мꙑ ѹбо ѹмиленьѥмь съ д҃вдомь проповѣдаѥмъ б҃ви г҃люште• въскръбѣхъ и ++ малод҃шъствова д҃хъ мои• и с҃рце моѥ съмѧте сѧ остави мѧ крѣпость моꙗ• погꙑбе бѣство отъ мене и нѣсть въꙁискаꙗи дѹша моѥꙗ• нъ не остави мене г҃и б҃е мои• не отъстѹпи отъ мене• ранꙑ же твоꙗ|+ ѹтѣшеньѥ     ++ ослабѣ въстѫжи
183b| отъими отъ мене• ꙗко отъ крѣпости рѹкꙑ твоѥꙗ аꙁъ исконьчахъ сѧ• и се ѹдалѣхъ сѧ бѣгаꙗ• и ѹдворихъ сѧ въ пѹстꙑни• чаꙗ тебѣ живѧштѧаго б҃а• отъ малод҃шьꙗ и бѹрѧ• прильпе ꙁемли д҃ша моꙗ• нъ живи мѧ по словеси твоѥмѹ• вѣмь бо тѧ благꙑи г҃и• ꙗко ѥгда ѹнꙑ ср҃це моѥ• на камени въꙁнесеши мѧ• и даси силѹ и дрьжавѫ любѧштиимъ тѧ|
183c| въньмѣмъ чъто и павелъ намъ повелѣваѥть• облѣцѣте сѧ ѹбо въ всѧ орѫжьꙗ бж҃ьꙗ• да въꙁможете стати противѫ къꙁнемъ непрьꙗꙁнинамъ• рече же и сильнъимъ• ѹтѣшаите тъштивꙑѧ• ѹтврьждаите немоштьнꙑꙗ• трьпите къ всѣмъ• симь ѹ бодъхньнъимь словесемъ присно поѹчаимъ сѧ• ꙗко длъжьни сѫште бꙑти ѹчителе лѣта|
183d| ради• и пакꙑ• пакꙑ трѣбѹѥть ѹчащааго васъ• и бꙑсте трѣбѹѭште млѣка а не тврьдꙑ пишта• добро ѹбо ѥсть молити сѧ• не прити къ намъ напасти• пришъдъши же приимѣмъ ѭ ꙗко своѭ а не тѹждѹ• съ трьпѣньѥмь и благодарьѥмь• а ꙗкоже и въ страсти сꙑ вѣрова вьсѣмь ср҃цемь• и съмѣренѣ приѥмлеть благодѣть бестрастьꙗ• имаши|
184a| съвѣдѣтельствѹѭште ѱаньѥ• дьньсь бо съ мноѭ ѥси въ раи• и вѣра твоꙗ с҃пе тѧ• иди въ миръ бестрастьꙗ• и ѥлико таковообраꙁьна• и въ сѣтвѹ ꙁамѧчеть гроꙁдъ• да не пристѹпѧть ѹбо враꙁи спѣаниꙗ нашего• раꙁличьнъими напастьми• дѫши пакость дѣѭште: отъ печальи бо вѣньци плетѹть сѧ• и въ немошти сила съврьшаѥть сѧ х҃ва• нъ паче|
184b| дрьꙁоѭ мꙑсльѭ• станѣмъ на мл҃твѣ молѧште вл҃кѫ своѥго• и г҃люште• г҃и ѥдинъ благъ и чк҃бць• ѥдинъ кротокъ и смотрьливъ• ѥдинъи їстиненъ и правьдивъ• ѥдинъи штедръ и милостивъ• оч҃е г҃а нашего і҃у х҃а• при пънъсцѣмь пилатѣ распѧтаго• и въ третии дьнь въставъша• и въшедъша въ славѫ своѭ и твоѭ• да придеть сила велииства твоѥго• на мѧ раба твоѥго• и да|
184c| ѹкрѣпить мѧ г҃и благовѣстьѥ ѹчениꙗ твоѥго• ѥи вл҃ко просвѣти ми + ѹтробѫ и всѧ ѹдꙑ твоѥѭ волею• и очисти мѧ отъ всеꙗ ꙁълобꙑ и грѣха• и съблюди мѧ бескрьньнꙑ и бес порока• отъ всего дѣиства сѫпостатова• дарѹи ми по благости твоѥи твоꙗ раꙁѹмѣвати• твоꙗ мꙑслити• въ твоихъ пожити• твоѥго страха боꙗти сѧ• до послѣдьнѧго дьне и часа и въꙁдꙑханьꙗ•|+ ср҃це
184d| приꙁꙑваѭ тѧ і҃у х҃е грѣшьнꙑи аꙁъ• ꙗко да непосъкажемѣи твоѥи милости• съблюдеши ми д҃шѫ и тѣло и д҃хъ• отъ всѧкоꙗ сѣти непрьꙗꙁнинꙑ• ѥи оч҃е с҃тъи• покрꙑи мѧ твоимь м҃лдьѥмь раба твоѥго• и не остави мене• да не рекѹть враꙁи мои ꙗко поглътихомъ и ꙗко тꙑ ѥси ꙁаштититель мои г҃и• и о тебѣ пѣньѥ моѥ въинѹ• въ вѣкꙑ аминъ• Тако ѹбо пристѫпимъ|
185a| къ благѹмѹ вл҃цѣ• и не хѹдод҃шьствѹѥмъ ни о чемьже• нъ подвигнѣмъ сѧ мѫжъскꙑ• поминаюште наѱаноѥ• рече же и притъчѭ имъ• како подобаѥть молити сѧ• и не сътѫжати си• и приносить• а б҃ъ не сътворить ли мьсти иꙁбьранъихъ своихъ• въпьѭштиихъ къ немѫ ношть и день• и длъготрьпить• ѥи г҃лѭ вамъ• ꙗко створить въ скорѣ мьсть|
185b| ихъ• томѹ слава въ вѣкꙑ вѣкомъ АМИН п҃ꙅ ⁘ О ТРОУДѢ ⁘ Сѫштеи на б҃жьѭ трѹди• с҃псаѭть чл҃ка• и дрьꙁновеньѥ ѥмѹ подаѥть къ б҃ѹ• г҃леть бо• виждь съмѣреньѥ моѥ и трѹдъ мои• и отъпѹсти вьсѧ грѣхꙑ моꙗ• ꙗко ѹтрѹдихъ сѧ въпьꙗи иꙁмлъче грътань мои• и очи|
185c| мои ищеꙁете ѹпъваѭштѫ мї на г҃а б҃а моѥго• дадимъ ѹбо въꙁлюблении тѣло наше въ трѹдъ съ д҃шеѭ• въ постъ и бъдѣньѥ• и пѣньꙗ и молитвꙑ непрѣстаннꙑ• и дѣло рѹчьноѥ• да въсприимемъ мьꙁдѹ• ѥгда дасть въꙁлюбленꙑимъ своимъ сънъ• ѥже ѥсть покои• кѹѭ мьꙁдѹ• ѥже ѥсть наслѣдьникомъ намъ бꙑти• с҃нмъ б҃жьѥмъ• се бо ѥсть|
185d| мьꙁда плода чрѣвьнаго• сирѣчь• + въꙁдрьжаньꙗ• обрѧштѫть бо сѧ таковии ꙗко а҃пли• паче же прилежаштеи неимѣньствѣ• ꙗко стрѣлꙑ бо въ рѹцѣ сильнаго• тако с҃нве отътрѧсъшиихъ себе вештьства вѣка сего• иже и блажими сѫть• ꙗко и добрѹ похоть съврьшаѭште• и не постꙑдѧть сѧ ѥгда г҃лють врагомъ своимъ въ вратѣхъ• сирѣчь въ врѣмѧ отъ тѣлесьнааго їсхода•|+ пощениѧ
186a| ѥгда придѹть + лѹкавии бѣси• хотѧште обьꙗти д҃шѫ• отъ мѹдрости ѹбо съвѣдꙑ• не ѹтрѹдиши сѧ до съмрьти с҃псти своѭ д҃шѫ• не тъчьѭ же д҃шѫ сп҃саѭть сѫштеи на б҃жьѭ трѹди• нъ и тѣло съдраво и беꙁ недѫга сътварѧѭть• подаваѥть бо крѣпость б҃ъ• ++ по прѣдъложеньѭ чл҃кѹ• а праꙁнь ꙁълобѣ иꙁѹчаѥть трьновѣ• въ рѹкѹ бо +++ недѣлѧ трьниѥ ничеть• и пѫтьѥ нетѧжь настьлани|+ ꙁълии     ++ по воли по началѹ     +++ нетѧжѧ
186b| трьньꙗ• таковии сѫть иже ничьсоже не дѣлаѭть• нъ ꙁъло дѣлаѭть• и клеветаѫште и блѧдѫще• бестрашьѥмь бж҃ьѥмь• къ семѫ же и дрьꙁи сѫть• словесехъ неключимѣхъ• виноѫ рекѹште ѹченьꙗ• не раꙁѹмѣѭште ни ꙗже г҃лють ни о нихъже съвѣштаѭть• ꙗже и ѱалмопѣвьць проричеть г҃лѧ• въ трѹдѣхъ чл҃чихъ не сѫть• и съ ч҃лкꙑ не|
186c| приимѹть ранъ• съгрѣшаѫштеи бо• и не покаѭште сѧ• нї ранꙑ приѥмлюште• рекъше кажеми сьде съ ч҃лкꙑ• тамо съ бѣсъми бес коньца мѫчими сѫть• сего ради мꙑ ѱаниѥмь кажеми ѥсмъ• любити трѹда• ꙗко на все + строить сѧ намъ• г҃леть бо не въꙁненавиди ++ болѣꙁньна дѣланьꙗ• съмѣри ꙁѣло д҃шѫ своѭ• и въ всѣхъ дѣлѣхъ своихъ|+ помагаеть     ++ трѹдна
186d| бѫди бꙑстръ• и недѫжьство не сьрѧштеть тебѣ въ похотехъ бо ѥсть всѣ нетѧжа• пѫтьѥ же бръꙁꙑихъ гладъци• д҃вдъ же• се трѹдъ ѥсть прѣдъ мноѭ• донъдеже вънидѫ въ свѣтило б҃жъѥ• нъ и сего ради трѹждаѭ сѧ да живъ бѫдѫ до ньца• тꙑ бо рече в҃лко• аꙁъ ѥсмь г҃ь б҃ъ твои иꙁведъи тѧ отъ ꙁемлѧ ѥгуптьскꙑ• иꙁ домѹ работꙑ брьньꙗ и плинта• скврьн͗нꙑхъ врѣдъ•|
187a| добро же ѥсть + подобити сѧ а҃плѹ• рече бо самъ• бра҇ⷮе• помните трѹдꙑ вашѧ• и подвиꙁаниꙗ• ношть и день дѣлаѭште• да не отѧготимъ ѥтера отъ васъ• сами бо вѣсте ꙗко тѹне хлѣба не ꙗхомъ• и къ корунтиомъ• исъчьтъ ꙁа благочьтьѥ подвигꙑ своꙗ• приложи въ трѹдѣхъ и пакꙑ• лише ихъ трѹдихъ сѧ• не аꙁъ же• нъ благодѣть|+ рьвьновати
187b| бж҃ьꙗ ꙗже съ мноѭ• подобаѥть же и намъ творити ѹбо трѹдꙑ• съ съмѣреньѥмь же и расѫжденьѥмь• сирѣчь въпрошеньѥмь д҃ховьнꙑхъ о҃ць• тако бо не въпадемъ сѧ въ льсть• и рѫгъ бѣсовьскъ• присно бо роꙁгнѣваѭть• нечистии д҃хове на тѧ• ихъже не можеть съконьчати• и послѣжде порѹгаѥть сѧ ѥмѹ• г҃лати же + и мѫдровати|+ мꙑслити
187c| по аплу҇ⷪ• ѥгда что исправить• не аꙁъ же нъ благодѣть б҃жьꙗ сѫштиѧ съ мноѭ• не тъчьѭ же а҃плъ на все обраꙁъ намъ бꙑсть• нъ и самъ г҃ь і҃у х҃ъ собоѭ покаꙁа нꙑ всемѹ беꙁгрѣшънъ бо сꙑ и б҃ъ сꙑ• и не трѣбѹꙗ тѣлесьнꙑихъ трѹдъ• все приꙗ створити и наѹчити нꙑ• пости бо сѧ м҃ дьнъ• и трѹди сѧ отъ пѫтьнаго хожденьꙗ• и не|
187d| имѣаше къде главꙑ подъскꙑтити: и обништьствоваше въ мл҃твахъ бж҃ьѧхъ• томѹ слава въ вѣкꙑ вѣкомъ АМИН п҃ꙁ ⁘ О ТЪШТАНИИ ⁘ Ѥже на бж҃ьѭ тъштаниѥ• въ всѧко врѣмѧ и вешти добро ѥсть• ѥже и въ чл҃цѣ праваа ꙁаповѣдь ѥсть•|
188a| иꙁ-д-работъ въ свободѹ приводѧштиꙗ• людемъ иꙁ егупта съ тъштаньѥмь повелѣно бꙑсть иꙁити• и на благѫѭ ꙁемлю доити• отъ тьмьнꙑꙗ роботꙑ• на свободнꙑи свѣтъ• и пасхѫ съ тъштаньѥмь• повелѣно имъ бꙑ҇ⷭ ꙗсти• и павьлъ присълаѥть тимотѣови гл҃ѧ• потъшти сѧ себе искѫшена поставити прѣдъ бм҃ь• дѣлателѧ непостꙑдна• и приводить• всѧкъ|
188b| бо подвижаи сѧ в͗сего въꙁдрьжит сѧ• и инъ• аште видіши раꙁѫмива• и кто прѣмѫдръ• томь прилѣпи сѧ• всѧкѹ повѣсть бж҃ьствьнѫ въсхошти слꙑшати• и притъча раꙁѹма да не ѹбѣжить тебе• и пакꙑ• въ ꙁаповѣдьхъ гн҃ѧхъ ѹчи сѧ присно• съблюди ср҃це своѥ• и не отъстѫпаи отъ повѣстьи старьчь• ꙗко + отъ тѣхъ навꙑкнеши раꙁѹмѹ• съ раꙁѹмнꙑими|+ отъ нихъ
188c| бѫди раꙁмꙑшленьѥ твоѥ• и всѧ повѣсти твоꙗ въ ꙁаконѣ вꙑшьнѧаго• мѫжи праведьни да бѫдѹть вечерѧѭште съ тобоѭ• се ѹбо всѣмъ ѥсть ключимѹ• иꙁаштьнѣ же сѫштиимъ отъ житиискъихъ вештии раꙁлѹченомъ• иже + иꙁволиша приметати сѧ въ домѹ бж҃ьи• паче же ꙗже г҃ь себѣ приведе• аште ѹбо ѹнꙑньимь облѣнимъ сѧ• въꙁдрѣшѧть|+ иꙁбьрашѧ
188d| сѧ и прѣжде отъдаа намъ• ꙗкоже бо ꙁлато раждиꙁаѥмо ослаблѧѥть• то жестость створить• тако и + тъштивъи• аште облѣнѧѥть ѥдинъ часъ• ѹстꙑждеть отъ благодѣти• абьѥ нападѫть имь мѫхꙑ грѣховьнꙑꙗ• и просмрадѧть благовоньства дх҃овьнаго дѣланьꙗ ѥго• хотѧи ѹбо врага немоштьна сътворити• грѣха да обрѣжеть• и обнажѣвъ крилѹ ꙗко п͗тица рѹгѹ бѫдеть|+ бꙑстръи
189a| лѹкавии бо бѣси обꙑчаи имѹть паче въсего живота• на тъщивꙑꙗ чрьньца• и беспищьноѥ волѧщѧ житьѥ• острити орѹжьѥ напастьи• и неистовьнѣѥ паче на говѣинѣишѧꙗ• и тъщьнѣишаꙗ воѥвати• порѣѭща ꙗ браньми несъстрьп͗нꙑ• да бѫ како въꙁмогли ѹставити ꙗ отъ мольбꙑ• подобаѥть ѹбо беꙁлѣн͗ноѥ и теплоѥ• тъщьнѹмѹ покаꙁати на дѣло молитвьноѥ•|
189b| да анг҃ли ѹбо веселѧще сѧ прѣбѹдѹть• а бѣсове раними отъбѣгнѫть• сего ради ѹбо длъжънъ ѥсть тъщаи сѧ вьсегда горѣти дх҃омь• ꙗкоже бо раждиꙁаѥмоѥ желѣꙁо все отъ своѥго ѥстьства• на огньноѥ прѣлагаѥть сѧ• и бѹдеть все ꙗко огнь• тако и иже бв҃и слѹгꙋѥть• длъжънъ ѥсть отъврѣщи жиискꙑꙗ чрънотꙑ• и примѣсити сѧ бж҃ствьнѣмь огни•|
189c| ѥгоже г҃ь приде въврѣщи въ ꙁемлѫ и бꙑти вьсь огнемь• да и сѹпостатомъ неꙗтно бѫдеть• рече же и ап҃лъ• тъщаньѥмь не лѣностиви• дх҃омь горѫще• подобаѥть ѹбо порѹчивъшѹмѹ сѧ г҃ю• съ чистоѭ мꙑсльѭ и дѣаньи добрꙑ• пѣти съ давꙑдомь и гл҃ати• ѥдиного просихъ ѹ г҃а того въꙁищѹ• да живѫ въ домѹ г҃ни всѧ дьни живота моѥго• да ꙁьрѫ красотꙑ гн҃ѧ• и ѥже• аꙁъ|
189d| же ꙗко маслина плодовита въ домѹ бж҃ии• и ѥже• г҃и въꙁлѫбихъ благолѣпьѥ домѹ твоѥго• и мѣсто вьселенꙑꙗ славꙑ твоѥꙗ• ꙗко въꙁлѫблена сила твоꙗ г҃и г҃и силъ• желаѥть и исконьчаваѥть сѧ д҃ша моꙗ въ дворꙑ твоꙗ г҃и• блаженъ бо ѥгоже иꙁбьра и приꙗтъ• въселить сѧ въ дворѣхъ твоихъ• и блаженаа мариꙗ лаꙁарѧ сестра• при ногѹ сѣдѣше гн҃ю претрьпѣваѭщи•|
190a| съ любовьѭ многоѭ• и въ сласть слѹшаѭщи ѥго• и самъ же г҃ь ѹчить нꙑ гл҃ѧ• подвиꙁаите сѧ вънити тѣснꙑими вратꙑ• ꙗко мноꙁи гл҃ѫть вамъ• въꙁищѫть вънити и не въꙁмогѫть• томѹ слава въ вѣкꙑ вѣкомъ АМИН п҃и ⁘ О СЛОУЖЕНИИ⁘ Слѹжитель длъжьнъ|
190b| ѥсть прилежьнѣ слѹжити• вѣдꙑ ꙗко бж҃ьѥ дѣло ѥсть• и не лѣновати ни о чимьже• или ꙁа печаль• или ꙁа раꙁдраженьѥ• или ꙁа рьвеньѥ ѥдиноꙗ браⷮꙗ• прѣпѹщати и ѹнꙑвати• все бо манастꙑрьскоѥ + бв҃и ос҃щно ѥсть• ꙗко томѹ приносимо• и велицѣ подълежить бѣдѣ лѣностьнѣ слѹжаи• ꙗко б҃а прѣобидѧ• ѥльма сътвористе рече• ѥдиномѹ сихъ мнѣ створисте•|+ ѿданоѥ•
190c| аще бо прилежьнѣ• аще ли лѣностьнѣ кто слѹжить• на б҃а въсходить слѹженьѥ ѥго• въ истинѫ ѹбо гл҃аше иѥремиꙗ• о лѣнѧщихъ сѧ• проклѧтъ чл҃къ• творѧи дѣло г҃не лѣностьнѣ• нерадивꙑи бо мѹжь величавъ и прѣꙁоривъ ѥсть• мꙑ же кромѣ клѧтвꙑ сѹще• блгс҃лвлньѧ же вънѹтрь• ꙗкоже слѹжителе х҃ви• всѣмь прилежаньѥмь и тъщаньѥмь• слѹженьѥ своѥ|
190d| иꙁвѣстѹимъ• да бл҃ньѥ наслѣдѹѥмъ• ꙗко ѹченици бл҃наго• рекъшаго• идеже ѥсмь аꙁъ тѹ и слѹжитель мои бѹдеть• ѹслꙑшимъ что и ап҃лъ гл҃еть• се нꙑнѣ рече врѣмѧ благоприꙗтьно• се нꙑнѣ дн҃ь сп҃сньꙗ• ниѥдиного ничимьже даѭще прѣтꙑканьꙗ• да непорочьно бѹдеть слѹженьѥ• нъ о всемь съставлѧѭще сѧ ꙗко бж҃ьꙗ слѹгꙑ• въ трьпѣнии мноꙁѣ• въ|
191a| скрьбьхъ въ бѣдахъ• въ тѹгахъ въ трѹдѣхъ• въ ꙁабъдѣньихъ• въ длъготрьпѣньи• въ любъве нелицемѣрьнѣ• въ словеси истиньнѣ• и пакꙑ• ꙗко раби х҃ви волю творѧще ѥго отъ дш҃ѧ• съ любовьѭ слѹжаще ꙗко г҃ю а не чл҃вкомъ• и па҇ⷦ • братиѥ тврьди бꙑваите непостѹпьни• иꙁбꙑтъчьствѹѭще въ дѣлѣ г҃ни вьсегда• вѣдѹще ꙗко ѹсильѥ ваше не бѹдеть тъще о г҃и• и къ тимотеѹ•|
191b| трѣꙁви сѧ въ вьсѣхъ• дѣло сътвори ѥван҃глиста• слѹженьѥ своѥ иꙁвѣсти• рече же и о себѣ• нꙑнѣ же грѧдѫ въ молитвахъ слѹжѧ ст҃ꙑимъ• нъ поспѣшьствѹите ми въ млт҃вахъ• да слѹжъба моꙗ приꙗта ст҃ꙑими да бѫдеть• + и раꙁѹмѣимъ сами браⷮѥ• ап҃ли и стлъпи цр҃квьнии съ кацѣмь подвигомь и любовьѭ• слѹжахѫ сѹщиимъ въ иі҃мѣ• нищиим͗ рече же и инѣмъ•|+ посмотримъ
191c| не обидьливъ бо б҃ъ ꙁабꙑти дѣла вашего и любъве• ѭже ꙗвисте въ имѧ ѥго• послѹжъше ст҃ꙑимъ• и слѹжаще• и приводить• аще къто гл҃еть ꙗко словеса бж҃ьꙗ• аще кто слѹжить ꙗко отъ силꙑ ѭже даѥть б҃ъ• гм҃ь нашимь і҃у хм҃ь• г҃ь же• аще кто мнѣ слѹжить• почьтеть и оц҃ь мои• и пакꙑ• аꙁъ же ѥсмь посредѣ васъ• ꙗко слѹжаи• ибо сн҃ъ чл҃вчь• не приде да послѹжать ѥмѹ•|
191d| нъ да послѹжить• и дати дш҃ѫ своѭ иꙁбавлениѥ ꙁа многꙑ• томѹ слава въ вѣкꙑ вѣкомъ АМИН п҃ѳ⁘ О НЕСЪТѦЖАНИИ⁘ Неимѣньство цѣломѹдрьѥ житьѥ мнихѹ ѹкаꙁаѥть• беꙁъ имѣньꙗ сꙑ чрьньць• орьлъ ѥсть вꙑсоче парѧ• беꙁобьдѧи чрьньць• малъихъ ѥсть• да въ наслажденьи многꙑхъ|
192a| бѹдеть• не сънискаꙗи съвѣсть• ꙗко пришьльць ѥсть на ꙁемли• ничьсоже бо наносѧ• врѣменьнаго вѣка• ꙗвѣ ѥсть ꙗко нетьлѣѭщиихъ желаѥть• беꙁдомьнꙑи• подобитъ илии и иоаннѹ обрѣтаѥть сѧ• и гл҃ѫщиимъ• се оставихомъ всѧ и въ слѣдъ тебе идохомъ• что ѹбо бѹдеть намъ• и слꙑшашѧ отъ сп҃са• ꙗко въї оставльшеи всѧ и въ слѣдъ мене шьдъше• множаѥ въ сто приимете въ вѣцѣ семь•|
192b| а въ бѹдѹщемь жиꙁнь вѣчьнѫѭ• нищии б҃а ради на ꙁемли ѹбо ходѧть• а житьѥ на небесѣхъ имѹть• беꙁъимѣньства бо ради ан҃глмъ ретьствѹѭть• правьдьникомъ съликъствѹѭть• отъвращаꙗ бо сѧ ꙁемьнъихъ• нб҃снꙑихъ доꙁьрить• видиши ли колико раꙁньство• ѥже оставити малолѣтьнаа• и вънѹтрь бꙑти вѣчьнъихъ благъ• оставити тьлѣѭща• и въ наслажденьи|
192c| бꙑти ѹготованъихъ• любѧщиимъ б҃а• ихъже око не видѣло• ни ѹхо слꙑшало• ни на ср҃дце чл҃кѹ не въшьло• ненавидѧи бо мира сего и мамонꙑ• добро ꙗвѣ ꙗко миротворьца любить• мьньшиихъ бо небрѣгъ• лѹчьшиихъ желаѥть• велиꙗ ѹбо дш҃а• и б҃олюбивꙑ ѥсть• ꙁнаменьѥ беꙁиꙁмѣньство• таковꙑи наслѣдьникъ бж҃ии• сънаслѣдьникъ|
192d| же х҃въ бꙑваѥть• хотѧи ѹбо сътѧжати многоцѣньнаго бисьра• то настоꙗщаа благаа съ радостьѭ всѧ раꙁдаѥть• да село сѫщеѥ сътѧжить• въ немьже обрѧщеть богатьство съкръвено животьноѥ• ѥгда бо кто раꙁдаѥть житиискоѥ богатьство• тъгда обрѧщеть мѣсто• въ немьже благодѣть бж҃ьꙗ съкръвена ѥсть• ꙁѣло бо польꙁьно ѥсть намъ• ѥгда поꙁнавъшѥмъ|
193a| намъ пѫть бл҃гочьстьꙗ• абьѥ всѧ сѹщаꙗ ѹ насъ имѣньꙗ распродати• по ꙁаповѣди гн҃и• а не виноѭ хотѣти въинѫ• ꙁаповѣди тварѧти• послѹшаѭще сп҃снаго повелѣньꙗ• прьвоѥ бо бѹдеть намъ отъ сего• доброѥ беспечальѥ• и отътѹдѣ бескрамольнаа нищета• г҃леть бо ап҃лъ• нѣсть намъ брань къ кръви и плъти• се о страстовьнꙑхъ ꙁаконѣхъ съкаꙁаѥть•|
193b| ꙗкоже бо они не тъчьѭ съвлъкъше сѧ• начало подвиꙁаньꙗ съвлѣщи сѧ• нъ и постригъше власꙑ• помаꙁавъше сѧ масломь• да не въꙁдращеньѥмь власъ• въдадѧть сѧ на побѣжденьѥ• нъ и въспоплъꙁнѹти сѧ приготоваѭть сѫпостатѹ рѹкама• тако и мꙑ аще вѣньчити бꙑти желаѥмъ• съвлъкъше сѧ ветъхаго чл҃ка съ дѣаньи ѥго• и вънѣщьнѧа остригъше•|
193c| и на милостꙑнѧ + раꙁгѹбивъше• наꙁи всѧкоꙗ печали и беꙁ-д-риꙁꙑ• на стадии добрꙑꙗ дѣтѣли въꙁидѣмъ• рече же и къ ѥврѣѡмъ• съ ѭꙁьникꙑ пострадасте• и расхꙑщеньѥ имѣнии вашихъ• съ радостьѭ приꙗсте• вѣдѹще имѣти себѣ добрѣѥ имѣньѥ• на небесѣхъ и прѣбꙑваѭще• ѱаломьникъ же• богатьство аще мимотѣкаѥть не прилагаите ср҃дць• добрѣ|+ раꙁдавъшѥ
193d| же рече аще мимотѣкаѥть• потокѹ бо точно мимоходѧть нꙑ всѧ мира сего• дьньсь сего• а ѹтрѣ дрѹгаго бꙑваѭща• мꙑ ѹбо дв҃дскаа съ дв҃домь въспѣваимъ• ѥже хожахъ въ пространьствѣ• ꙗко ꙁаповѣдьи твоихъ въꙁискахъ• и въꙁлюбихъ ꙁаповѣди твоꙗ паче ꙁлата и тѹмпаꙁиꙗ• и нищь и ѹбогъ въсхвалѧть тѧ г҃и• г҃ь же богатѹмѹ• аще хощеши съврьшенъ бꙑти•|
194a| иди продажди си имѣньꙗ• и раꙁдаи нищимъ• и имѣти имаши съкровища на н҃бсехъ• и грѧди въ слѣдъ мене въꙁьмъ крс҃тъ• томѹ слава въ вѣкꙑ вѣкомъ АМИН ҁ҃ ⁘ О ПЛАЧИ ⁘ Плаканьѥ съпричастьно ѥсть беꙁꙑмѣньствѹ• и всѣмъ намъ съчьтно ѥсть и|
194b| польꙁьно• не тъчьѭ бо дѣлаѥть дѣтѣли• нъ и хранить• и по прѣстѹпленьи ѥже отъсѫдѣ• виновьнѣ радости вѣчнѣи до коньца дрьжащиимъ ѥ бꙑваѥть• и ѹтѣшеньꙗ ходатаино по словеси г҃нѫ• ꙁа то ѹбо прѣжде всего молимъ б҃а• да ѥ дасть намъ нераꙁлѹчно• все врѣмѧ живота нашего• рачителе бо планиꙗ имѹще ѥ прилежьно• и въ мл҃твѣ прѣбꙑваѭть• и таковии|
194c| облачаѭть сѧ• въ орѹжьꙗ свѣта• и ѹслꙑшаваѭть• твоꙗ же одежда тепла• а враꙁи ихъ ꙗко и въ сѹгѹбицѫ въ срамъ облѣкѹть сѧ• и прѣмѣненьꙗ плача сѫть• ꙗкоже ѥ речено нб҃снаа радость• и пища несъкажема• и слава неиꙁг҃лема• и веселиѥ непрѣстанъно• семѹ бо отъ ѥклисиаста кажеми ѥсмъ г҃лѫщиимь• добро ити|
194d| въ д҃нь плача• нежели ити въ домъ пира• и па҇ⷦ• ср҃дце мѹдрꙑихъ въ домѹ плача• ср҃дце же беꙁѹмьнꙑхъ въ домѹ веселиꙗ• и сираховичь рече• не лиши сѧ отъ плацѫщиихъ• и съ рꙑдаѭщими рꙑдаи• гл҃еть же и пр҃къ амосъ• се дьньѥ грѧдѹть г҃леть г҃ь• и посълѫ на ꙁемлѭ• не глада хлѣбьна• ни жажда водьнꙑ• нъ гладъ не ѹслꙑшить словесе|
195a| гн҃ѧ• и въсплачеть ꙁемлѧ и сѫщаа на неи• нꙑнѣ же събꙑсть сꙗ прч҃ство въ врѣмена нашѧ• вси ѹбо ѹклонихомъ сѧ въкѹпѣ непотрѣбни бꙑхомъ• рече же исаиꙗ• сего ради рѣхъ• оставите мѧ горьцѣ плакати сѧ• скрѹшенꙑ рода моѥго• не моꙁѣте ѹтѣшати мене• и їѥремиꙗ• кто дасть главѣ моѥи водѹ• и очима моима источьникъ сльꙁъ•|
195b| да плачѫ дн҃ь и нощь• г҃лаше же и людемъ• да источать очеса вашѧ сльꙁꙑ дн҃ь и нощь• нъ въ насъ нѣсть раꙁѹмѣѭщаго• прѣжде бо ѱанаа• на насъ сотъкнѫша сѧ• даниилъ же• и дахъ лице своѥ къ г҃ѹ б҃ѹ моѥмѹ• въ постѣ и въ врѣтищи• и дв҃дъ ꙗко плача и сѣтѹꙗ тако съмѣрихъ сѧ• и пострадахъ и сълѧкохъ сѧ до коньца• вьсь дн҃ь сѣтѹꙗ хождахъ•|
195c| ꙗко лѧдвьꙗ моꙗ наплъниша сѧ порѹгании• и иѡвъ• стрѣлꙑ искѹситель ѥго на мънѣ• и ѹтроба моꙗ ѿ плача съгорѣ• на вѣждѫ же моѥѭ стѣнь съмрьти• вънемлѣмъ ѹбо и мꙑ любии• и раꙁѹмѣимъ житиꙗ ст҃хъ мѹжь• како лѣта своꙗ проводиша въ плачи и врѣтищи и въпли• и бꙑша оꙁлоблени бж҃ии• си же наѱана бꙑша• да нꙑ въ ꙁависть|
195d| желаньꙗ плачевьнаго приведѹть• да бꙑша бꙑли намъ сльꙁꙑ хлѣбъ д҃нь и нощь• и да бимъ на всѧкѫ нощь• постелю + своѭ сльꙁами ѹмакали• и очистили сѧ скврьнꙑ• ѥѭже облежими ѥсмъ• ꙗко да достоини бѹдемъ облѣщи сѧ въ риꙁѹ брачнѹѭ• не облачаи бо сѧ въ нѫ вънъ иꙁгънанъ бѹдеть• їмѹще ѹбо такого блага вл҇ⷣкѫ и неꙁълобива•|+ нашѹ
196a| молимъ сѧ ѥмѹ въꙁдꙑханьѥм͗ и сльꙁами• да свѣтьлоодежьни обрѧщемъ сѧ въ пришьствьи ѥго• любить бо съпасеньѥ наше• сего бо ради и повелѣваѥть отънѧти• скврьньнꙑꙗ риꙁꙑ• исꙋсꙋ иѡседековѹ• и облѣщи сѧ въ подиръ• гл҃еть бо ѥмѹ• се отъꙗхъ беꙁаконеньꙗ твоꙗ• и намъ• блажени плачѫщии сѧ ꙗко ти ѹтѣшать сѧ• бл҃жени плачѫщеи сѧ нꙑнѧ• ꙗко ти|
196b| въсмѣѭть сѧ• томѹ слава б҃ѹ нашемѹ въ вѣкꙑ вѣкомъ АМИН ҁ҃а ⁘О ТОМЬ ѤЖЕ ВРѢМѦ⁘ ⁘ѤСТЬ В͗СѦЦѢИ ВЕЩИ⁘ Врѣмѧ ѹбо всѧкои вещи ѥсть• раꙁвѣ мл҃твꙑ• мл҃тва бо всег҇ⷣа врѣмѧ имать блгв҃лѫ бо рече г҃а на всѧко врѣмѧ• въинѹ хвала ѥго въ ѹстѣхъ моихъ•|
196c| и непрѣстаѭще молите: ї о всемь бл҃годарите• о инѣхъ бо вещьхъ ꙗко подобаѥть врѣмене смотрити• и года ꙁьрѣти• семѹ отъ ѥклисиаста кажеми ѥсмъ• рече бо• всѣмъ лѣто и врѣмѧ всѧкои вещи• врѣмѧ млъчати• и врѣмѧ вѣщати• и аще ѥсть раꙁѫмъ въ тебѣ• отъвѣщаи братови• аще ли ни• рѹкѹ наложи на ѹста своꙗ• аще ли ѥсть врѣмѧ гл҃ати• добро ѥсть рещи слово въ врѣмѧ• рече|
196d| бо: слово ваше да бѫдеть всегда сольѭ растворено• вѣдѣти како подобаѥть ѥдиномѹ комѹжьдо отъвѣщавати• всѧко бо слово трѹдьно• и приложеи раꙁѹма• приложилъ болѣꙁнь• дрьꙁъи же ѹстьнама въпадеть въ ꙁъло• ꙁа ненакаꙁаньѥ бо ꙗꙁ҃ка находѧть гнѣви• а неꙁлобивъи блюдеть ꙗꙁ҃къ• ꙗко любѧ д҃шѹ своѭ• ласкаѭщеи бо• прѣльщаѭть ср҇ⷣца неꙁълобивъихъ•|
197a| и блажѧщеи льстѧть врѣмѧ плакати• ꙁа оꙁлобите дш҃ѧ вашѧ• и врѣмѧ• смьꙗти сѧ• и се къ семѹ ꙁапраꙁдьнѹите ми праꙁдьникъ: ѥже бо смиꙗти сѧ радованиѥ ѥсть• врѣмѧ рати• се бо о брани гл҃еть• ѥгда диꙗволъ съньметь сѧ съ чл҃кмь• наченѧ и раꙁличнами напастьми• и врѣмѧ мирѹ• ѥгда по искѹшении ѥго придеть благодѣть• радость|
197b| творѧщи дш҃и• врѣмѧ сѹда• вѣсть ср҃це прѣмѹдра• и се ѥгда свободить сѧ• отъ льсти и страсти• радѹѭщи сѧ дш҃а гл҃еть• сѹди ми бж҃е оть сѫпьрѧ моѥго• ꙗко вьсѧкои вещи ѥсть врѣмѧ и сѹдъ• и ѹсьрѧща ѥдина• ѹсьрѧщеть всѧ ꙗ• и се о съмрьти чл҃чи гл҃еть• ꙁа беꙁвѣстьѥ житьꙗ• приводить бо• ꙗко + не ѹвѣсть чл҃къ врѣмени своѥго• ꙗко рꙑбꙑ ловимꙑꙗ|+ не раꙁѹмѣеть
197c| мрѣжеѭ• и пакꙑ• видѣхъ всѧко + врьтѣниѥ• ѥже дасть б҃ъ сн҃омъ чл҃чемъ• врьтѣти сѧ въ немь• а ѥже дасть въ попѹсти мѣсто раꙁѹмѣвати• добро ѹбо и благоприꙗтьно ѥсть творити реченоѥ• да бѫдѹть бо рече вь все врѣмѧ риꙁꙑ твоꙗ бѣлꙑ• и масло на главѣ твоѥи да не оскѫдѣѥть• сирѣчь дѣаниꙗ дш҃ѧ и тѣла твоѥго• въинѹ да бѹдѹть|+ тъщаниѥ
197d| чиста и бес порока• вьсеѭ силоѭ масломь благостынѧ• ѹбогъими въꙁливаи на главѫ своѭ х҃а• тъ бо ѥсть наша глава гл҃ѧ• мнѣ створисте• ѥлико малѣи брати моѥи сътвористе• и исаиїмь• въ врѣмѧ приꙗтьно послѹшахъ тебе• и въ дн҃ь сп҃сениꙗ помогохъ ти• ѥгдаже приде приꙗтьно врѣмѧ• и въ дьнь сп҃сен иꙗ нашего благодѣть• тъгда|
198a| апл҇ⷪъ ꙗвѣ творѧ врѣмѧ гл҃еть• се нꙑнѣ врѣмѧ приꙗтьно• се нꙑнѧ дн҃ь сп҃сениꙗ• ниѥдиного ни о чимьже даѭще прѣтꙑканиꙗ• да непорочно бѹдеть слѹжениѥ• нъ вьсе . . . благообраꙁьнѣ• и по чинѫ да бꙑваѥть• тѣмьже и г҃ь се покаꙁаꙗ• поѥмлеть отъ книжникъ и фарисеи• почто не постѧть сѧ ѹченици ѥго• въꙁдраꙁи ꙗ гл҃ѧ• ѥда могѹть сн҃ове брачнии•|
198b| до негоже врѣмене женихъ ѥсть съ ними• постити сѧ• придѹть же дьньѥ• ѥгда отъиметь сѧ отъ нихъ женихъ• и тъгда постѧть сѧ въ тꙑ дьни• томѹ слава бесъмрьтьнѹмѹ х҃ѹ нашемѹ іс҃у х҃ѹ• въ вѣкꙑ вѣкомъ АМИН ҁ҃в ⁘ Ꙍ СЪПОСТРАДАнии ⁘|
198c| Ѥже пострадати дрѹгъ съ дрѹгомь• и съпоболѣвати• + сътищати же и сътрѹждати сѧ• ѹгод͗но ѥсть бв҃и• ибо длъжьни ѥсмъ се творити ꙗко раби и ближикꙑ• и слѹжителе бж҃ьѭ словѹ• да ѹгодимъ ѥмѹже воини бꙑхомъ• отъ негоже и оброкꙑ приимемъ• дш҃ѫ молитвѹ имать съпострадавъи• источника бо такого имѣꙗ• всѧ источить добраа• аще имѣниѥ|+ помагати же
198d| имать• + то даѥть• аще въ бѣдахъ видить кого• въсплачеть• аще ++ обидимѣ прилѹчить сѧ рѹкѹ подасть• и ни о чесомьже оставить• прилѹчаѭщиихъ сѧ ѥмь• подвиꙁаимъ сѧ ѹбо да вѣра нашѧ и любꙑ и трьпѣньѥ• ꙗко шлѣмъ• и ꙗко копиѥ• и все орѹжиѥ намъ да бѫдеть• длъготрьпѧще въ себѣ• и въ кротости живѹще• ꙗко и г҃ь нашь• ѹбога сльꙁѧща не прѣꙁьримъ• да не прѣꙁьримꙑ|+ прѣвьлагатъ     ++ напастьствѹѥмѣ
199a| млт҃вꙑ нашеꙗ сльꙁꙑ бѫдѹть• и аще даръ ѥдинъ имѹще• не въꙁносимъ сѧ нъ постраждѣмъ съ неимѹщиїми• и прѣбѫдеть нъ дааньѥ до коньца• гл҃еть ѹбо + съпострадивꙑи иѡвъ• аꙁъ же о всѧкомь немощьнѣ плакахъ• въꙁдъхнѹхъ же видѣвъ мѹжа въ бѣдахъ• аще ли и прѣꙁьрѣхъ нага и не облѣкохъ• двьри же моꙗ всемѹ пришьдъшѫ ѿврьстꙑ бѣшѧ• такожде|+ милостивъи
199b| же и товиꙗ• милостꙑнѧ рече многꙑ творѧхъ• и ѥгда видѣхъ мрьтвьцѧ поврьженъ• съпрѧтахъ и погрѣбахъ ꙗ• пророкъ же иосиѥ рече• поженѣмъ поꙁнати б҃а• ꙁане милости хощемъ а не жрьтвѣ• и поꙁнаниѭ бж҃ью• неже всесъжагаѥмꙑхъ• и михеи• аще въꙁвѣсти ти сѧ чл҃че что добро• или чесо ищеть г҃ь отъ тебе• не творити сѹдъ•|
199c| и любити милость• имать же и въ прм҇ⷣсти• иꙁбавлѧи ведомꙑꙗ на съмрьть• и їскѹпѹи ѹбиваѥмꙑꙗ не щѧди• и їꙗковъ же• аще братъ или сестра нага бѫдета• и лишена дневнꙑꙗ пищѧ• речеть же има кто отъ васъ• идѣта съ миромь грѣита сѧ и насꙑщаита сѧ• не дасть же има трѣбованиꙗ тѣлесе• каꙗ ѥсть|
199d| льꙁа• ѹчить же и павьлъ гл҃ѧ• облѣцѣте сѧ ѹбо ꙗко иꙁбьрани б҃ѹ• ст҃и и вьꙁлюблении въ ѹтробѹ щедротъ• благость• съмѣреномѹдрьство• кротость• трьпѣньѥ• приѥмлѫще дрѹгъ дрѹга• рече и о себѣ• истинѫ гл҃ю не лъжѫ• ꙗко скрьбь ми ѥсть велиꙗ• и непрѣстаѭщи болѣꙁ͗нь ср҃цю моѥмѹ• молѧхъ бо сѧ самъ анаѳема бꙑти• отъ х҃а по бра҇ⷮи моѥи|
200a| и ѭжикамъ ми по плъти• и ꙗко аще стражеть ѥдинъ ѹдъ• съ нимь страждѫ в͗си ѹди• и петръ• коньчина же в͗си ѥдиномꙑсльци• отъдатьливи• братолюбиви• мл҃ди• покориви• не въꙁдаѭще ꙁъла ꙁа ꙁъло• ни клеветꙑ ꙁа клеветѹ• въспѧть же бл҃сѹꙗ рече• ꙗко на се ꙁъвани бꙑсте• да бл҃ньѥ наслѣдѹѥте• младꙑи же г҃ь• хотѧ сн҃ꙑ нꙑ ꙗвити своѥго|
200b| оц҃а рече• бѫдѣте щедри ꙗко оц҃ь нашь небесьнъ и щедръ ѥсть• томѹ слава въ вѣкꙑ вѣкомъ АМИН ҁ҃г ⁘ О ТОМЬ ѤЖЕ НЕ НА⁘ ⁘ ЛИЦѦ ꙀЬРѢТИ ⁘ Лицеꙁьрьство• блиꙁъ ѥсть чл҃коѹгодьꙗ обоѥ же порочьно• и отъречено ст҃ъими книгами|
200c| обрѣтаѥмъ• присно бо на лице ꙁьрѧщеи• словеса ласкава• и блаженьства лъжьна• въвл҃ч сѧ сѹщиимъ• приносѧть дръва и сѣно• вещь ѹдобь тьльнѹ въꙁгнѣщаѭще ѥстьствьнъ-ихъ огнь• о нихъже рече пр҇ⷪкъ• блажѧщеи вꙑ льстѧть вꙑ• дивѧщеи сѧ лицемъ въ польꙁѧ мѣсто• богатꙑи бо приложить дрѹгꙑ многꙑ• а нищии ї отъ сѫщаго|
200d| дрѹга раꙁлѹчить сѧ• и мѫдрость ѹбогаго ѹкорена• не подобаѥть ѹбо тако намъ творити• нъ длъжьнѹѥмъ вси• ѥдиновѣрьѥ бж҃ьѥ приимъше• стꙑдѣти сѧ дрѹгъ дрѹга• а не по плъти ꙁьрѣти искрьнѧго• нъ о х҃ѣ дрѹгъ дрѹга любити въинѫ• и ничесоже да не бѫдеть въ васъ• ѥже въꙁможеть вꙑ раꙁлѹчити отъ любъве х҃вꙑ• нъ въспѧть|
201a| по пѣснопѣвьцѫ• иꙁимати ѹбога и нищѧ• иꙁ-д-рѹкꙑ хрѣшьнича иꙁбавите и• б҃ъ бо расꙑпа кости чл҃коѹгодьникъ• постꙑдѣша сѧ ꙗко б҃ъ ѹничьжи ꙗ• нисть бо добро стꙑдѣти сѧ лица по книгамъ вь сѫдѣ• и приими на дш҃ѹ своѭ• ни срамлѧи сѧ въ паденьѥ своѥ• рече же и правьдьнъи иѡвъ• нꙑнѣ въꙁьрѣвъ на лице ваше не сълъжѫ• и иꙗковъ• бра҇ⷮѥ•|
201b| не на лица ꙁьрѧще• имѣите вѣрꙑ г҃а нашего і҃у х҃а• аще бо въꙁидеть въ съборище ваше• мѹжь ꙁлатъ прьстень носѧ• въ риꙁѣ свѣтьлѣ• вънидеть же и нищь въ скврьньнѣ риꙁѣ• и въꙁьрите на носѧщаго риꙁѹ свѣт͗лѹѭ• и речете ѥмѹ• тꙑ сѧди сьде добрѣ• а нищѹмѹ• тꙑ остани тамо• не расмотристе въ себѣ• и бꙑсте сѫдиꙗ помꙑшлениѥмь ꙁъломь• и приводить•|
201c| аще ѹбо ꙁаконъ коньчаваѥте црс҃къ• по книгамъ• въꙁлюбиши искрьнѧго своѥго ꙗко и самъ сѧ• добрѣ творите• аще ли лица ꙁьрите• грѣхъ дѣлаѥте• обличаѥми отъ ꙁакона• ꙗко прѣстѫпници• такожде и притъчьникъ• чюдити сѧ лицю нечьстиваго не добро• ни прп҃дно• ѹкланѧти правьдꙑ на сѫдѣ• и инъ• срамлѧти сѧ лица на сѫдѣ не добро• рекъи|
201d| нечьстивѹ правьдьнъ ѥсть• проклѧтъ бѹдеть людьми• и въꙁненавидѣнъ въ ꙗꙁꙑцѣ• а обличаѭщеи ѹньше ꙗвѧть сѧ• на нѧ же лица ꙁьрѣньѥ отъ б҃а• и пакꙑ• отъ мнѧщиихъ сѧ бꙑти что• ꙗциже иногда бѣшѧ• ничтоже мене раꙁньствѫѥть• лица б҃ъ не обинѹѥть сѧ• б҃ъ же къ самѹилеви• о сꙑньхъ иѡсѣовѣхъ• не въꙁираи|
202a| рече на лице и на вельиство ѥго• ꙗко чл҃къ въ лице глѧдаѥть• а б҃ъ ср҃це видить• тъжде г҃ь• слꙑшавъ отъ ѥдиного• се м҃ти твоꙗ и братьꙗ твоꙗ• вънѣ стоꙗть• ищѫще тебе• отъвѣща ѥмѹ• кто ѥсть мт҃и моꙗ• и кто сѫть братьꙗ моꙗ• и простьръ рѹкѹ своѭ на ѹченикꙑ своꙗ рече• се мт҃и и браⷮꙗ моꙗ• иже бо аще творить|
202b| волю оц҃а моѥго нбс҃наго• тъ мнѣ брат и сестра и м҃ти ѥсть• се гл҃ѫщѫмѹ б҃ѹ нашемꙋ славава въ вѣк вѣм АМИН ҁ҃д ⁘ О ТОМЬ Ѥ ҇ⷤе ЖИТИ⁘ ⁘ СЪ МАЛ ҇ⷪМЬ Д҇ⷪБРО ⁘ Добро ѥсть въꙁлѫблении• жити съ маломь ѹгодьно бв҃и неже съ многомь•|
202c| небрѣщи ꙁаповѣдьи гн҃ь• идеже бо страхъ бж҃ьи• тѹ и любꙑ• и ѥдиномꙑсльство братьи• а идеже бестрашьѥ• тѹ рьвеньѥ и ꙁависть• идеже говѣньѥ бж҃ьѥ и любꙑ искрьнѧго• тѹ б҃ъ живеть посредѣ ихъ• а идеже ꙁавида и непокореньѥ• тѹ сѹпостатьнъи + хвалить сѧ• добро ѥсть дрьжати прѣпрость и беꙁълобьѥ•|+ величаѥть сѧ
202d| и бꙑти ꙗко младѣнищемъ не вѣдѹщиімъ ꙁлобꙑ гѹбѧщаꙗ жиꙁнь чл҃чѫ• а не бꙑти вражьдивомъ• ни чрѣсъꙁакон͗номъ + ꙁлобоѭ• нъ отъложити ꙁълобꙑ и лѹкавьства чрѣсъꙁакон͗наа• и бꙑти ѥдиномѹ дх҃ѫ• а расколꙑ отъврѣщи• ꙗко да г҃ь мира веселить вьсѣхъ• да и дх҃ъ ++ цѣлъ бѫдеть• ꙗкоже и приꙗ чл҃къ• аще бо бѣльникѫ•|+ лѹкавьства     ++ съдравъ
203a| дасть риꙁѹ новѫ цѣлѹ• и хоштеть ѭ въꙁѧти• бѣльникъ же раꙁдьравъ риꙁѫ въдасть• ѹбо въꙁьметь ли ѭ• не сварить ли ѥго и ѹкорить гл҃ѧ ѥмѹ риꙁѹ + цѣлѹ ти ѹбо далъ ѥсмь• поч͗то ѭ ѥси раꙁдьралъ• и створилъ непотрѣб͗нѫ• аще ѹбо такоо риꙁѣ жалить си кто• и сварить• ꙗко не въсприꙗти цѣлꙑ риꙁꙑ• ч͗то мнимъмъ ++ пострадати|+ тврьдѹ     ++ приꙗти
203b| ѡтъ г҃а дхв҃наго• приимъше цѣла• и сего оскврьнивъше• и непотрѣбна створьше• не въ чистотѣ поживъше• и ни на ѥдинѹ же потрѣбѫ можеть бꙑти г҃ѹ своѥмѹ• иже бо помаꙁаньѥ дх҃вно отъ насъ растьли• ѥже бо рьвеньѥмь и ꙁавистьѭ• и всѣмь беꙁаконньѥмь жити• ꙗвѣ ꙗко гнѣвъ и съмрьть отъ г҃а|
203c| сами на сѧ нан҇ⷪсимъ• добрѣ ѹбо ѥсть съ маломь добро жити• неже съ мн҇ⷪгомь непотрѣб͗номь• ꙗкоже бж҃ьстаа ѱаньꙗ прѣдаша намъ• рече бо притъчьникъ• не похощи множьствѹ неклѫчимѹ• аще нѣсть страха гн҃ѧ съ ними• ѹне бо ѥдинъ праведникъ• неже тꙑсѹщи грѣшьникъ• въ съборищи бо грѣшьникъ|
203d| въꙁгорить сѧ огнь• и аще бѫдеть жестовꙑи• дивьно се• аще беꙁ винъ бѹдеть• милость бо и гнѣвъ отъ него• и инъ не люби множьства неключимъ• аще ѹмножаѭть• не весели сѧ о нихъ• ни вѣрѹи житѹ ихъ• въꙁдꙑхати бо имаши съ прачемь беꙁгодьномь• лѹче бо праведьникъ ѥдинъ творѧ волю|
204a| гн҃ѫ• неже тьма ꙁакопрѣстѫпьникъ• и ѹне ѹмрѣти бе-чада• неже имѣти чада + невѣрьна• отъ ѥдиного бо раꙁѹмива ѹселить сѧ градъ• ап҃лъ же• и ++ раꙁѹмѣ г҃ь сѫщаꙗ ѥго• и да отъстѹпить отъ неправъдꙑ• вьсь именѫꙗи имѧ гн҃е• и приносить• въ велицѣ же домѹ не сѫть тъчьѭ съсѫди серебрьнии и ꙁлати• нъ и дрѣвѧн͗ни и чрѣпиньни•|+ нечьстива     ++ поꙁна
204b| и ѡви же въ чьсть• ови же не въ чьсть• ѥлико ѹбо ѥсть насъ дрѣвѧнъ и ꙁъдѧнъ• бѹдѣмъ ѹбо съсѫди благопотрѣбни вл҃цѣ• на всѧко дѣло благо ѹготовани• да не ѹслꙑшимъ вл҃кꙑ• идѣте отъ мене проклѧтии• аминъ гл҃ѫ вамъ не вѣдѣ васъ• подобно бо г҃ь рече ѥсть црс҃тво нбс҃ноѥ• неводѹ въврьженѹ въ море• и отъ|
204c| вьсего рода събьравъшю• ѥгоже ѥгда наплъни сѧ• иꙁвлъкъше на краи• иꙁбьраша добрꙑꙗ въ съсѫдꙑ• а ꙁълꙑꙗ иꙁврьгоша вънъ• и приносить• тако бѹдеть въ съконьчаньѥ• иꙁидѹть ан͗гели• и отълѹчать ꙁълꙑꙗ отъ срѣдꙑ праведнꙑхъ• и въврьгѹть ѭ въ пешть огнемь горѫштѫѭ• тѹ бѫдеть плачь и скрьжьтъ ꙁѹб͗нъи|
204d| м͑ноꙁи бо ꙁъвани• рѣдъци же иꙁбьрани• широка бо врата и пространъ пѫть въводѧи въ погꙑбѣль• и мноꙁи сѫть въходѧштиї имь• о малъихъ же говѣиницѣхъ и о добръихъ рече• коль ѹꙁъка врата и тѣснъ пѫть• въводѧи въ житьѥ• и мало ѥсть въходѧштиихъ имь• и пакꙑ• не бои сѧ малоѥ стадо• ꙗко благоиꙁволи|
205a| оц҃ь вашь• дати вамъ цр҃ьствьѥ• си благаа обѣщавъшѹмѹ нам͗• б҃ѹ нашемѹ слава в͗ вѣкꙑ вѣком АМИН ҁ҃е ⁘ Ꙍ ТОМЬ ѤЖЕ ⁘ ⁘ НЕ СМЬꙖТИ СѦ ⁘ Ѥже смьꙗти сѧ отънѫдь крьстьꙗномъ• нѣсть повелѣно•|
205b| паче же мнихомъ• распьнъшихъ сѧ мирови• иже бо хощеть рече по мнѣ ити• да отъврьжеть сѧ себе• и да въꙁьметь крс҃ть свои• и въ слѣдъ мене грѧдеть• то како достоить распѧтѹмѹ сладъкъими гвоꙁдьи крс҃тьнъими• раꙁливати сѧ и смьꙗти• не на глѫмлениѥ бо ꙁъвани ѥсмъ• и на смѣхъ• да горе наслѣдѹѥмъ|
205c| ꙗкоже и погании• нъ да плачемъ въ ѹтѣшеньи ѭтрь бѹдемъ• и дш҃и бо вьсь подвигъ нашь бѫдеть• о неиже многа бѣда• и мѹка вѣчна• нѣсть бо въ адѣ исповѣданиꙗ• нѣ сльꙁꙑ ни въꙁдꙑханьꙗ• ѹмолѧщиихъ сѫдьѭ• нѣсть приложеньꙗ рокѹ тѹ• ни покааньꙗ• нѣсть въꙁвращеньꙗ• по отъсъдешьниимь|
205d| исходѣ• нъ по отъшьствии ѥже отъсѹдѹ• всѧ горька и люта ѹсърѧштѫть• погꙋбльшаꙗ врѣмѧ поканьѭ• сьрѧщеть бо ꙗ страшноѥ и сра¬г¬оѥ то ѹсърѣтениѥ своихъ грѣхъ• всѧкого мѹченьꙗ горьчаѥ• и съвѣсть бьѭщѫ ꙗ ѭтрьѭдѹ• часто вѣщати мильнꙑꙗ|
206a| гл҃ꙑ онꙑ• ѹвꙑ мнѣ ꙗко ѹвидѣхъ аꙁъ дн҃ь сь• ꙗможе бо аще въꙁведеть кто• то тѹ ѹꙁьрить• анг҃лꙑ беꙁмилостивнꙑ• срагъ имѫтѧ обраꙁъ• въ тъ бо часъ бѣдовьнꙑи въꙁдъхнѹть горко• ѥгда бесъмрьтьнѣи вѣчнѣи прѣдадѧть сѧ тьмѣ вънѣщьнии• и плачѫ и скрьжьтѹ ꙁѹбъ• и чрьви бесконьчьнѹ•|
206b| и дьнꙋ адовѹ• и гроꙁѣ и геоньнѣ лютѣи• си ѹбо подобаѥть съглѧдавати мѹченьꙗ• ꙗже жидѹть грѣшьнъихъ• и не раꙁливати сѧ въ смѣсѣ• и глѹмленьихъ• нъ паче въꙁирати въинѹ на благодѣть бж҃ьѭ• ꙗкоже и блаженъи дв҃дъ• въꙁираꙗ на благодѣть ѥго гл҃аше• ꙗко очи рабъ въ рѹкѹ|
206c| г҃ьи своихъ• тако очи наши къ г҃ѹ б҃ѹ нашемѹ• и пакꙑ• ни въꙁвѣсте сѧ очи мои• тако и мꙑ длъжьни ѥсмъ трѣꙁви бꙑти присно• и въꙁирати• да не ѹмьремъ отъ ꙗдовитꙑхъ ꙁмии• сирѣчь отъ грѣхъ нашихъ• сѹщеи подъ благодѣтьѭ• присно на ѹмѣ имѹть своꙗ прѣгрѣшеньꙗ• дивѧще сѧ благости|
206d| бж҃ии и гл҃ще въ себѣ• отъ колика ꙁъла иꙁбавилъ нꙑ ѥсть б҃ь• и что мꙑ недостоинии имамъ въꙁдати ѥмѹ• а не въ смѣсѣ и глѹмленьи• пронѹромь пришьльства нашего дьни• всѧцѣмь ѹбо храненьѥмь блюдѣмъ сѧ• въꙁлюблении• не пасти отъ врага въ сѣти смѣха• м͗ноꙁи бо сѫть раждаѥми + беꙁмѣстьни|
207a| и непрьꙗꙁни врѣдове• беꙁѹмьнъихъ бо ѥсть смѣхъ• паче же на кровѣ имѹштиихъ несъмꙑслъ• сего ради ѹбо не трѣбѣ ѥсть беꙁѹм͗нѹмѹ пища• да не въꙁдвигнеть сѧ ꙗкоже иꙁ егупта ишъдъшеи людьѥ• они бо ѥгда иꙁбъиша ѥгѵп͗тѣнъ• и видѣша глѫбинѫ гробꙑ имъ бꙑвъшѧ• тъгда на|+ имь
207b| идолослѹженьѥ съвратиша сѧ• прошъдъше бо море• и ничьсоже бѣдовьна пострадавьше• пришъдъше на ꙁемлѫ истопиша сѧ• ѥгда горкꙑꙗ работꙑ и плача свободь бꙑшѧ тъгда отъврьгоша сѧ• добрѣ ѹбо притъчьникъ рече• смѣхъ нераꙁѹмнъихъ въ питѣньи грѣхъ• и пакꙑ• беꙁѫмьнъ|
207c| въ смѣсѣ вьꙁносить гласъ• мѹжь же коварьнъ• ѥдъва тихо осклабить сѧ• и пакꙑ• иже ласкръдъ бѫдеть иꙁ дѣтьска• то рабъ бѫдеть• послѣдь же острастить сѧ о себѣ• и приричеть• ꙗкоже гласъ трьнъꙗ• подъ котьломь• тако смѣхъ беꙁѹмнꙑхъ• мꙑ ѹбо рьцѣмъ съ иѡвомь• аще же и бѣхъ съ смѣшникꙑ•|
207d| си мнѣ сѣтоваа да бѫдѫть и съ иѥремиѥмь• г҃и не посѣдѣхъ съ сонмомь играѭштихъ• нъ говѣхъ отъ лица рѹкꙑ твоѥꙗ• ѥдинъ сѣдѧахъ• ꙗко горести исплънѣхъ• иꙗковъ же не тъчьѭ смьꙗньꙗ отъмещеть• нъ и плакати прилежьнѣ и рꙑдати повелѣваѥть• постраждѣте бо рече и сльꙁите• и смѣхъ вашь|
208a| въ плачь да обрѣтаѥть сѧ• и радость въ ѹмиленьѥ• въ смѣсѣ беꙁѹмьнъи творить ꙁъло• а мѫдрость раждаѥть мѹжьство мѫдрьство• бѫдѣмъ ѹбо браⷮѥ мѫдри• ненавидѧще беꙁѹм͗наго смѣха• да не прѣдасть насъ вѣчьнѣи мѫцѣ• по отъреченьѭ гн҃ѫ гл҃щѫмѹ• горе смѣѭщиимъ сѧ нꙑнѣ• ꙗко ти въꙁдрꙑдаѭть|
208b| и въсплачѫть сѧ• нъ да паче похвалени бѫдемъ• слꙑшаште отъ сп҃са• блажени плачѫщеи сѧ ꙗко ти ѹтѣшать сѧ• томѹ сп҃сѹ нашемѹ слава въ вѣкꙑ вѣком АМИН ҁ҃ѕ ⁘ Ꙍ ТОМЬ ѤЖЕ ⁘ ⁘ ЛЮБИТИ ИСКРЬНѦГО⁘ Любѧ искрьнѧго•|
208c| далече ѥсть отъ вьсѧкого грѣха• всѧ бо книгꙑ ветъхꙑꙗ же и новꙑꙗ• се нам͑ повѣѭть• ѥже любити искрьнѧго ꙗко себе• въторѹѭ бо любьвь ꙗже къ б҃ѹ• г҃ь ꙁаповѣдь ѹкаꙁа отъ ꙁакона сѫщѹ• тѣмьже се ꙗвѣ съвѣдꙑ• иѡнафанъ сн҃ъ саѹль• въꙁлюби дв҃да вьсѣмь ср҃цемь• паче любленꙑꙗ|
208d| женꙑ• ѹне бо мала часть съ страхомь гн҃емь• неже съкровища вельꙗ беꙁ болѣꙁни• и ѹне ѹчрѣждениѥ ꙁельѥмь• къ любъве и благодѣти• неже тельць съ вражьдоѭ по книгамъ• и па҇ⷦ• лѹче мало приꙗтиѥ съ правьдоѭ• ли многа жита съ неправьдоѭ• лѹче хлѣбъ съ сластьѭ въ мирѣ• неже домъ|
209a| исплънь благъ съ сваромь• рече же иѡан͗нъ• браⷮѥ любимъ дрѹгъ дрѹга ꙗко б҃ъ любꙑ ѥсть• и прѣбꙑваѧи въ любъви• въ бꙁ҃ѣ бꙑваѥть• и б҃ъ въ немь прѣбꙑваѥть• и па҇ⷦ• любѧи брата своѥго въ свѣтѣ живеть• и съблаꙁна нѣсть въ немь• и петръ• коньчина же обѣщаньꙗ ѥсть любꙑ• отъ чиста|
209b| ср҇ⷣца и съвѣсти благꙑ• и пакꙑ• подадите въ трьпѣньи благочьстьѥ• братолюбьѥ• а въ братолюбьи любъвь• и по малѣ• прѣжде же вьсего любъвь имѣите въ себѣ присно• ꙁане любꙑ покрꙑваѥть множьство грѣхъ• такожде и павлъ• въ любъви кореновани и основани• да въꙁможете постигнѫти съ всѣми ст҃ꙑими•|
209c| и пакꙑ• бꙑваите же дрѹгъ дрѹгѹ• блаꙁи мл҃ди• подобни б҃ѹ• ꙗко чада въꙁлюблена• и ходите въ любъве• и да раꙁѹмѣѥмъ дрѹга въ пооштеньѥ любъве• и добръ дѣлъ• и надъ вьсѣми сими любъве ѥже ѥсть съвѫꙁъ съврьшеньѭ• г҃ь же да ѹмножить• и да иꙁбꙑтъчьствѹѥть любовьѭ дрѹгъ къ дрѹгѹ•|
209d| и къ всѣмъ• рече же и інѣмъ• о братолюбьи же• сами вꙑ бм҃ь ѹчени ѥсте• любити дрѹгъ дрѹга• и мꙑ ѹбо браⷮѥ въꙁлюбимъ ѥдиновѣрьникꙑ нашѧ• съврьшеноѭ любовьѭ• ꙗкоже истѧꙁаѥть нꙑ ꙁаконъ бж҃ьи• полагаѭще ꙁа нѧ дш҃а нашѧ• аще врѣмѧ ꙁаречеть• больша бо любьве• никтоже|
210a| не имать рече г҃ь• да кто дш҃ѹ своѭ положить ꙁа дрѹгꙑ своꙗ• и ꙁаповѣдь новѹ даѭ вамъ• да любите дрѹгъ дрѹга• и отъ того раꙁѹмѣѭть вьси ꙗко мои ѥсте ѹченици• а любъвь имате в себѣ о м͗нѣ• ѥмѹже слава в вѣкꙑ вѣкомъ АМИН|
210b| ҁ҃ꙁ ⁘ Ꙍ СТРАНЬНОЛЮБИИ ⁘ Добро ѥсть страньнолюбьѥ и б҃ѹ годѣ• паче же къ своимъ вѣроѭ• стран͗нолюбьꙗ бо ради дрѹгъ бж҃ьи аврамъ нарече сѧ• и лотъ бж҃ьꙗ огнѧ ѹгонеꙁе• и раавъ блѫдница ꙁа страннолюбьѥ съ всѣмь домом͗ своимь сп҃е сѧ• и отъ всѣхъ ст҃ꙑхъ страньнолюбьѥ|
210c| хвалимо ѥсть• прьвоѥ притъчьникъ гл҃еть• бл҃ньѥ г҃не на главѣ правьдьничи• се обогащаѥть• и не приложить сѧ ѥмѹ печаль въ ср҃ци• и стран͗нолюбивъи иѡвъ• къ прочиимъ дѣтѣлемъ• и страннолюбьѥ имѧше• аꙁъ бо рече бѣхъ оц҃ь немоштьнъимъ• иꙁбавихъ бо нищѧ|
210d| иꙁ-д-рѹкꙑ сильна• и пакꙑ• бл҃ньѥ гꙑблющѧго на мѧ приде• ѹста же въдовича бл҃сишѧ мѧ• око бѣхъ слѣпьцемъ• нога же хромьцемъ• и двьри моꙗ отврьстꙑ бѧхѹ всемѹ приходѧщѹмѹ• и исаиꙗ же• бесхрамьникꙑ въводите въ домъ свои• аще видиши нага• то одѣваи• и отъ ближниихъ своїхъ|
211a| не прѣꙁьри• тъгда въꙁъпьѥши и б҃ъ ѹслꙑшить тѧ• иначе гл҃щю ти• речеть• се придохъ• и пакꙑ• аще отъимеши отъ себе гл҃ъ ръпътенъ• и даси хлѣбъ твои алъчющѫмѹ отъ дш҃а твоѥꙗ• и дш҃ѫ съмѣренѫ наплъниши• тъгда въсьꙗѥть въ тьмѣ свѣтъ твои• и бѹдеть б҃ъ твои въинѹ|
211b| съ тобоѭ• исплъниши сѧ ꙗкоже желаѥть дш҃а твоꙗ• и павлъ• братолюбьѥ да прѣбъваѥть• стран͗нолюбьꙗ не ꙁабꙑваите• тѣмь бо не раꙁѹмѣша ѥтерии приимъше ан҃глꙑ• и пакꙑ• благодѣаньꙗ же и обьщеньꙗ не ꙁабꙑваите• тацѣми бо жрътвами ѹгаждати б҃ѹ• рече же и инѣмъ• страннолюбиви дрѹгъ дрѹгѹ|
211c| беꙁ-д-ръпътаньꙗ• аще бо страхъ прилежить• ꙗкоже аще кто имать благоприꙗтьнъ• нъ ꙗкоже не имать• не да инѣмъ бо ослаба бꙑла• вамъ же печаль• нъ иꙁ-д-рьвеньꙗ въ нꙑнѣщьнеѥ врѣмѧ• и къ титѹ• ꙁина ꙁакон͗ ника• и аполоса тъщьно посъли• да ничьсоже има скѫдьно бѫдеть• да|
211d| ѹчать же сѧ и наши добръихъ дѣлѣхъ прилежати• въ нꙋждьна трѣбованьꙗ• да не бѹдѹть бесплодьни• и пакꙑ• цѣлѹѥть вꙑ гаии странноприимець мои• и всеи цр҇ⷦви• сирѣчь стран͑ноприимьць в͗сѣхъ• а г҃ь же приꙁꙑва съ милостивъими стран͗ноприимьца• речеть к͗ нимъ•|
212a| придѣте бл҃нии оц҃а моѥго• наслѣдѹите ѹготованоѥ вамъ црст҃во• страннъ бо бѣхъ и въведосте мѧ• въꙁаалъкахъ сѧ и дасте ми ꙗсти• въждадахъ и напоисте мѧ• нагъ бѣхъ и одѣсте мѧ• тѣмьже вънидѣте въ радость г҃а своѥго• и веселите сѧ въ неи• славѧще прѣст҃ѫѭ троицѫ• оц҃а и сн҃а и ст҃го дх҃а нꙑнѧ и присно|
212b| АМИН ҁ҃и ⁘ Ꙍ НИЩЕЛЮБИИ⁘ Нищелюбьѥ и страннолюбьѥ• дъвѣ вѣтви ѥсте• масти маслин͗нꙑꙗ• ѥꙗже плодъ ѹмащаѥть всѧ• отъ неꙗже помаꙁаѥть си г҃ь главѫ и ноꙁѣ• и въꙁдаѥть помаꙁаѭщѹмѹ црс҃тво нб҃сноѥ• истъи бо нищелюбьць|
212c| слѹшаѥть глщ҃аго• милостꙑнѧ и вѣрꙑ да не оставлѧѭть тебе• привѧжи же ꙗ своѥи вꙑи• и обрѧщеши благодѣть• и помꙑшлѧи добраа прѣдъ б҃мь и чл҃кꙑ• и пѫтьѥ праведьникъ• тъчьносвѣтѹ съꙗѭть• прѣдьидѹть и просвѣщаѭть• дон͗деже исправить дьнь• ꙁаповѣдаѥть же и|
212d| ꙁаконъ гл҃ѧ• отврьꙁаꙗ отврьꙁе рѹцѣ свои ѹбогѹмѹ• да не въꙁъпьѥть на тѧ къ г҃ѹ• и притъчьникъ• жита нищаго не лиши• и дш҃ѧ ал͗ченъ не оскрьби• и не мимовлѣци дааньꙗ трѣбѫщааго• раба скрьбѧщѧ не отърѣи• и не отъврати лица твоѥго отъ нищѧ• и пакꙑ• дш҃и своѥи бл҃готворить мѫжь мл҃стивъ•|
213a| гѹбитель же своѥ тѣло немилостивъи• и пр҃ркъ осие• сѣите гл҃ѧ въ правьдѹ• и милость и сѫдъ храните• и приближаите сѧ къ б҃ѹ своемѹ въинѫ• и данилъ науходоносорѹ• съвѣтъ мои рече• да бѫдеть ти годѣ цр҃ѫ• грѣхꙑ твоꙗ милостꙑнѧми оцѣсти• и неправьдꙑ твоꙗ щедротами нищиихъ• и дв҃дъ расточи и дасть нищиимъ• правьда его прѣбꙑваеть въ вѣкꙑ|
213b| вѣка• и любить милостꙑнѧ и сѫдъ г҃ь• блаженъ ѹбо раꙁѹмѣваꙗ на нища и ѹбога• ꙗко въ дьнь лютъ иꙁбавить и г҃ь• иѡвъ же сѧтъ• аще ли оставихъ немощьна• иꙁити иꙁ двьрии моих• ꙗдромь тъщем• и инъ• приклони ѹхо твое нищѫ• иже бо даеть нищю• то не оскѹдѣеть• и пакꙑ• в͗се елико имать рѫка твоꙗ творити• елика же есть сила ти творити• дш҃и бо своеи бл҃готворить|
213c| мѹжь милостивъ• и бл҃ние г҃не на главѣ дающаго• и иꙁбава мѹжѫ свое богатьство• и милостꙑнѧми и вѣрами очищаѭть сѧ грѣси• и милѹꙗи нища• въ ꙁаїмъ даеть б҃ѹ• по дааниѭ же его въꙁдасть сѧ емѹ• добро ѹбо есть ѿ своего трѹда• ꙗкоже г҃ь подаеть• вьсѣмъ лишаемъимъ подаати• пространое ничьсоже не сѫмнѧще сѧ• комѹ ли дамь комѹ ли не дамь• слѹжьба бо си|
213d| прѣпрость съврьшьши сѧ• славна есть ѹ б҃а• и їже тако просто слѹжить ѹбогѹ• живъ бѫдеть• велие ѹбо чл҃къ• и драго мѹжь милостивъ• и пав͗лъ• се же сѣꙗи щѧдѧ• щѧдѧ и пожьнеть• и сѣꙗи о бл҃нии• бл҃нии пожьнеть• и наводить• македониꙗ бо и ахаиꙗ• бл҃говолишѧ обьщение етеро сътворити• къ нищиимъ ст҃ꙑимъ иже въ им҃ѣ• г҃ь же• продадите имѣниꙗ вашѧ• и дадите млс҃тнѫ•|
214a| сътворите себѣ вълагалища не ветъшаѭща• скровище неоскѫдѣемо на нб҃схъ• идеже бо есть скровище ваше• тѹ бѫдеть и ср҃це ваше• не вънемлѣте милостꙑнѧ вашеꙗ• не творите прѣдъ ч҃лкꙑ• да види бѫдете ими• нъ въ таинѣ• да въꙁдасть вꙑ ꙗвѣ на нб҃схъ вашь о҃ць• емѹже слава въ вѣкꙑ вѣкомъ АМИН|
214b| ҁ҃ѳ ⁘О ПОСѢЩЕНИИ⁘ И посѣщение единосѣн͗но• и единожительно есть страньнолюбьѭ• и нищелюбиѭ• ѭже бо есть трипрамен͗но тврьдо• паче же свѣтильникъ• трьсвѣтьнъ• осьꙗваꙗ любѧщаꙗ искрьнѧꙗ• и болѣꙁнолюбьцѧ• и наставлѧꙗ въ жиꙁнь вѣчьнѫѭ• страненъ бо бѣхъ рече и въведосте мѧ• въꙁаалъкахъ• и накръмисте мѧ• болѣхъ и присѣтисте мене• присѣщѧꙗи бо болѧщиихъ•|
214c| ли тьмничник͗• е то обнищавъшааго насъ ради б҃а посѣщаеть• ꙗкоже самъ съвѣдѣтелюеть• акоже добро есть посѣщати сиротъ и въдовиць въ скръби ихъ• и многачадьнъ нищь паче же паче приснъихъ вѣрѣ в͗сѣмъ ꙗвѣ• и бес прѣкословесиꙗ есть• ꙗкоже и с добро и польꙁьно х҃вѣ братии• еже бѣснѹѭщихъ посѣщати• и мл҃твѫ творити надъ ними• мл҃твѫ б҃оѹгоднѫ вѣрьнѣ•|
214d| а не отъ сложениꙗ м͗ногъ словесъ• ли вꙑченьꙗ ꙁаклинаньи• къ покаꙁаньѭ чл҃коѹгодьꙗ• да сѧ ꙗвимъ благословлени и памѧтиви• подобно сопѣлемъ гл҃ашаѭще• къ дѣемъимъ блѫденьꙗ и лихословесьꙗ• а не вѣроѭ и истиноѭ• ꙗкоже наѹчи г҃ь• сь бо родъ рече молитвоѭ въинноѭ• и вѣроѭ съ постомь исходить• трѣꙁвьнѣ ѹбо болѧщаго посѣщаимъ• ꙗко ѭже|
215a| въ д҃сѣ съмѣньꙗ• добро ѹбо потрѹдти сѧ съ болѧщеѭ братиеѭ ꙗкоже е речено• бъдѣньи и пощеньи• млт҃вми непрѣстаннами• речено бо е г҃мь бѣсꙑ иꙁгоните• и съ инѣми исцѣленьи• тѹне приꙗсте• тѹне же дадите• в͗се же бл҃гообраꙁьнѣ• и по чинѫ• ꙗкоже подобаеть члк҃мъ боꙗщемъ сѧ б҃а• створимъ къ ѹмилениѭ и ѹтѣшениѭ болѧщїихъ• ли страждѫщиихъ братъ|
215b| нашихъ• нъ да не обрѧщемъ сѧ ꙗко дрѹ иѡвови• припоносѧщеи ли блаꙁнъ• ли грѣхъ браⷮи нашеи• или въ ср҃цихъ нашихъ таи осѫждаѭще сѧ• ли отъ въꙁдрьжаньꙗ гл҃ще слово стрѣчаще ихъ• и съгрѣшимъ б҃ѹ невѣдѣниѥмь• псано же есть и въ притъчахъ• иже ꙁатꙑкаеть ѹши свои не слꙑшати немощьнаго• и тъ приꙁоветь г҃а• и не ѹслꙑшить его• ꙗко сѧтъ иовъ• не|
215c| привидѣшѧ мене ближикꙑ моꙗ• раба своего ꙁъвахъ и не послѹша мене• ѹста же моꙗ• молѧхѹ женѫ моѭ• иноплемен͗никъ же бѣхъ отъ нихъ• храмина бо всемѹ мрьтвѹ ꙁемлѧ• инъ же мѫдрець рече• не лѣни сѧ присѣщати болеи• иꙗковъ же• вѣра чиста и нескврьн͗на• отъ б҃а и оц҃а си есть• присѣщати сиротъ и въдовиць въ скръбьхъ ихъ• бескврьньна себе блюсти отъ|
215d| вьсего мира• и павлъ• пом͗ните ѭжьникꙑ ꙗко съ ними съвѧꙁани• оꙁълобленꙑꙗ ꙗко и сами сѫще въ тѣлѣ• и приричеть• тѣмьже дон͗деже врѣмѧ имамъ• паче же къ приснъимъ вѣрѣ• и филиписиомъ рече• ꙗко въ начало евнг҃лиꙗ• ниединаже ми р͗кꙑ обьщева сѧ• въ слово дааниѭ и приꙗтьѭ• тъчьѭ вꙑ едини• ꙗко и въ тесалоникъ• и ѥдиноѭ и двоицеѭ|
216a| посъласте ми трѣбование• приемлѧ в͗сѧ и їꙁбꙑтъкѹꙗ• исплънихъ приимъ отъ афродита• ꙗже отъ васъ вонеѭ благоѹханиꙗ• жрътвѫ приꙗтьнѫ ѹгодьнѫ б҃ѹ• чесомѹ ли сими есмь• не тъчьѭ присѣщати трѣбѹѭщиих͗• да г҃ь съ инѣми приимъ и нꙑ речеть• придѣте бл҃нии о҃ца моего• наслѣдѹите ѹготованое вамъ цр҃ство• отъ съложениꙗ вьсего мира• болѣхъ и присѣтисте мене•|
216b| въ тьмници бѣхъ• и придете къ мнѣ• тѣмьже вънидѣте въ радость г҃а вашего• емѹже слава о҃цѫ и с҃нѹ и ст҃мѹ д҃хѹ нꙑнѧ и присно и въ вѣкꙑ вѣком АМИН р҃ ⁘О НЕ НАДѢАТИ СѦ⁘ ⁘ЧЛОВѢЦѢХЪ⁘ Не подобаеть ѹбо надѣꙗти сѧ• о коеи любо вещи чл҃вцѣ• проклѧто бо есть•|
216c| нъ присно пекѹщимъ сѧ нами г҃и• ꙗко томѹ раждение есть о насъ• и ст҃ꙑими бо книгами отъречено есть• еже имѣти ѹпъвание на чл҃ка• нъ и подъ клѧтвоѭ поставиша таковааго иеремиемь• проклѧтъ бо рече чл҃къ• иже ѹпъвание имать на чл҃ка• и ѹкрѣпить плъть мꙑшьца своеꙗ• и бл҃нъ чл҃къ иже надѣеть сѧ г҃и• и бѫдеть г҃ь ѹпъвание емѹ• прр҃къ же осие•|
216d| растьлѣньѭ твоемѹ иꙁ҃лю к͗то поможеть• к͗де цр҃ь твои• и да сп҃сеть тѧ• такожде и дв҃дъ• не надѣите сѧ к͗нѧꙁихъ сн҃хъ чл҃чскхъ• въ нихъже нѣсть спс҃ниꙗ• добро есть ѹпъвати г҃мь• неже ѹпъвати чл҃кмь• и добро надѣати сѧ г҃и• нежели наати сѧ к͗нѧꙁи• и наносить• даждь намъ помощь отъ печали• иде сѫе сп҃сение чл҃че• аще бо г҃ь не съхранить града• въсѹе бъдѣ стрѣгꙑи• исаиꙗ|
217a| же о новъихъ людехъ рече• и къ томѹ не бѫдѹть надѣѭще сѧ на сѧ• нъ на створьшаго ꙗ• о дрѣвльниїхъ же• лютѣ съходѧщиимъ въ егуптѣ• на помощь иже кони пъваѭть и орѹжьи• аще бѣахѹ надѣѭще на ст҃аго иил҃ева• и ап҃лъ къ корюнтѣмъ• немощьнаа всего мира• иꙁбьра б҃ъ г҃лѧ• да посрамить крѣпъкаа• ꙗко да не похвалить сѧ всѧка плъть прѣдъ нимь• и приричеть• и аꙁъ|
217b| въ немощи и страсѣ и трепетѣ мноꙁѣ бꙑхъ къ вамъ• и слово мое и проповѣдь моꙗ• не по прѣмѹдрости чл҃ча• словомь• нъ въ притъчи д҃ха и силꙑ• да вѣра вашѧ не бѫдеть въ прѣмѹдрости чл҃чи• нъ въ силѣ бж҃ии• отъврьꙁѣмъ ѹбо любии отъ насъ маловѣрие• иꙁ негоже раждаеть сѧ• еже имѣти на чл҃ка ѹпъвание• и творѧ подъ клѧтвоѭ повиньна его• нъ съврьшенѣ ѹпъваимъ на рекъшаго•|
217c| не пьцѣте сѧ что ꙗсте или чъто пиете• или въ чьто облѣчете сѧ• вѣсть бо о҃ць ваши ихъже трѣбѫете• ищѣмъ же по словеси его прѣжде цр҃са бж҃ьꙗ и правьдꙑ его• да съ ꙁемльнꙑми и нб҃снаа наслѣдѹемъ• подобимъ и мꙑ сѧ влъхвомъ• иже не тъчьѭ не ѹбоꙗшѧ сѧ ирода• нъ и порѹгаша сѧ емѹ• инѣмь пѫтемь ошьдъше на ꙁемлю своѭ• и вѣрѣ кръвоточивꙑꙗ• ꙗже прѣꙁьрѣвъши врача• съ ꙁади|
217d| прикоснѫ сѧ въскрилъи риꙁꙑ гн҃ѧ• и абие исцѣлѣ• и мꙑ на г҃а имѹще ѹпъвание• славимъ и въ вѣкꙑ вѣкомъ аминъ аминъ АМИН р҃а ⁘Ꙍ ѤЖЕ НЕ НАДѢАТИ СѦ СВОѤИ КРѢпости : Ꙗкоже ѹкаꙁа слово• ꙗко неподобно есть ѹпъвати на чл҃ка• и проклѧто тако припрѣщаеть• надѣѭщѹмѹ сѧ на крѣпость|
218a| своѭ• прьвꙑи бо моси ꙁапрѣщаеть гл҃ѧ• вънимаи себѣ• не рьци въ ср҃дци своемь• крѣпость моꙗ и дрьжава крѣпости моеꙗ створи силѹ• и помѧнеши г҃а б҃а своего• ꙗко тъ дасть ти крѣпость• такожде же и пр҇ⷦъ амосъ рече• храборъ не сп҃сеть дш҃а своеꙗ• и бꙑстръ ногама своима не ѹгонеꙁнеть• и пр҃чца самѹилѧ м҃ти ан͗на гл҃аше• не хвали сѧ сильнꙑи силоѭ своеѭ• ꙗко не крѣпостьѭ|
218b| сильнъи мѫжь• лѹкъ бо сильникъ иꙁнеможе• и немощьнѹѭщеи прѣпоꙗсаша сѧ силоѭ• и въ притъчахъ конь готовимъ есть на брань• отъ г҃а же помощь• и пѣснивець• не въ силѣ косцѣ въсхощеть• ни въ лꙑстехъ мѫжьсцѣхъ благоволить• не сп҃сеть сѧ цр҃ь многоѭ силоѭ• исполинъ не сп҃сеть сѧ множьствомь крѣпости своеꙗ• нъ и лъжь конъ въ сп҃сение• множьствомь|
218c| же силꙑ его не сп҃сеть сѧ• ни аꙁъ же ѹпъваѭ на лѹкъ свои• не сп҃сеть бо мене орѹжие мое• нъ тꙑ г҃и сп҃сеши мѧ отъ сътѹжаѭщиихъ ми• и посрами ненавидѧꙗ мѧ• ꙗко тꙑ еси един͗: иꙁбавлѧꙗи нища иꙁ-д-рѹкꙑ крѣпльшиихъ его• и нища и ѹбога отъ расхꙑщаѭщиихъ и• тобоѭ бо живемъ и движемъ сѧ и есмъ• и крѣпость нашѧ и съдравие отъ тебе есть• и власъ отъ|
218d| главꙑ вашеꙗ не падеть на ꙁемли• бес тебе ꙁиждьника и оц҃а нашего• семѹ ѹбо навꙑкъше отъ ст҃ꙑихъ книгъ• не съмѣимь всемь надѣꙗти сѧ• или вельмѹдровати о силѣ• или о крѣпости дѣла вашего• да не клѧтвꙑ ѹтврьждаѭщаго плъть мꙑшьца своеꙗ на сѧ наведемъ• мноꙁи бо сѫть хвалѧще сѧ и гл҃ѫще• рѹцѣ мои кръмите и мѧ и їнꙑ• имꙑ рѫцѣ|
219a| свои могѹ жити• съи сѫть истиноѭ сѹемꙑсли• и сѹесловиви• ꙁабꙑваѭщеи створьшаго ꙗ б҃а• даѭщаго съдравие и кръмлѫ всѧкои плъти• и надѣѭще сѧ на силѹ своѭ• прѣꙁорьемь бо недѹгѹеть• отъстѫплъи самъ отъ б҃а• и своеи силѣ написаваꙗ исправлениꙗ• ꙗкоже бо въстѫпльи на паѹчинѫ• ниꙁъпадъ сънидеть долѹ• тако съпадаеть дрьꙁаꙗи своеѭ силоѭ• ни ли понѣ|
219b| иѡва слꙑшаще гл҃ѫща• аще же и рѫкѹ моѭ на ѹстѣхъ лобъꙁахъ• и се мнѣ ѹбо велико беꙁакон͗нье въмѣни сѧ• ꙗко сълъгахъ прѣдъ г҃мь вꙑшьниимь такожде же ѥклисиꙗстъ• рече бо онъ• обратихъ сѧ и видѣхъ ꙗко не лъгъкꙑмъ течение• ни сильнꙑмъ борение• ни мѹдрѫмѹ хлѣбъ• ни раꙁѹмивꙑмъ богатьство• ни вѣдѹщиимъ благодѣть•|
219c| и приводить• блага прѣмѫдрость паче съсѫда брани• и съгрѣшаꙗ единъ погѫбить бл҃гостꙑнѫ многѫ• и г҃ь своимъ ѹченикомъ рече• бѫдѣте въ мнѣ и аꙁъ въ васъ• ꙗкоже роꙁла не можеть плода створити о себе• аще не бѫдеть на лоꙁѣ• тако и вꙑ аще въ м͗нѣ не прѣбѹдете• аꙁъ есмь лоꙁа а вꙑ рождье• иже бѫдеть въ м͗нѣ и аꙁъ въ немь• тъ створить плодъ многъ•|
219d| ꙗко беꙁ мене не можете творити ничесоже• вꙑ-истинѫ то бо есть свѣтъ и жить чл҃ча• и в͗сѧ тѣмь бꙑшѧ• и беж него не бꙑсть ничьсоже• томѹже имьже вьсѧ бꙑшѧ б҃у же нашемѹ слава въ вѣк АМИН р҃в ⁘Ꙍ ОТЪРИЦАНИИ⁘ ⁘БЕꙀГОДЬНЪИХЪ⁘ бесѣдъ|
220a| Добро ꙁѣло• и вельми польꙁьно• еже отърицати сѧ беꙁгодьнъихъ бесѣдъ• и ѹкланѧти сѧ миромѹдрьнꙑхъ• беꙁ великъихъ нѫжда• ина бо любьи кромѣщьниихъ мира• ина сѫщиихъ въ мирѣ• ꙗкоже бо несъгласенъ есть съходъ волѹи• и бꙑволъ• и ꙗрьм͗ничь• и онагрь• тако и чрьнориꙁьць• и мирьнъихъ чрьнориꙁьць• не владеть бо собоѭ самѣмь• поработилъ бо сѧ есть|
220b| створьшѫмѹ и воина• ꙗко подъклонилъ есть вꙑѭ своѭ подъ иго иꙁбьравъшаго и• и чрѣсти беꙁ вьꙁврата сѫщѧ въ ѭдолѣхъ съмѣреномѹдрьꙗ• м͗ножащи бж҃ствьнѫѭ пьшеницѫ• браꙁдꙑ напаꙗемꙑꙗ отъ одъжденьꙗ снснаго• и жеводатива д҃ха• егоже каплѧми веселить сѧ• въсъꙗѭщиꙗ бж҃ьꙗ раꙁѹмꙑ чл҃ча д҃ша• любѧи бо беꙁмлъвье• и беꙁблаꙁьномь ѹмомь хотѧ приближити|
220c| сѧ б҃ꙁѣ• не хоще вьсемь бесѣдовати ни съ цѣмьже ѿнѫдь• съврьшенъихъ же мѣра си есть• ѹмрьтвивъшихъ сѧ мирѹ• прильпъшиихъ же любъве бж҃ии• аще ли и потрѣба бѫдеть бесѣдованьꙗ• то съ оц҃и дхв҃нꙑ и съ подвижьникꙑ• или съ браⷮеѭ трѣбѹѭща польꙁѧ• длъженъ есть бесѣдовати• таковаа бо бесѣда• въ б҃ословье въмѣнѧеть сѧ• и в͗сѧко или ѹспѣеть• или ѹспѣхъ приїметь•|
220d| рече же и ѱание• мѫжа обрѣтъ мѫдра• ѹтрьнѫи к͗ немѹ• и иже прм҃дръ• томь прильпли• прилипаꙗ мѫдръихъ мѫдръ бѫдеть• а мирьнъихъ бесѣда непольꙁьна намъ есть• гл҃ѫть бо ꙗже сѫть вѣка сего• и абие ослаблѧѭть ѹмъ• и ѹпраꙁнить сѧ отъ дх҃внаго дѣланиꙗ• и раслаблѣеть къ постьнѹ можениѭ• прочее же и ꙗденье самопрѣмен͗но• къжьдо бо|
221a| отъ своего дѣланиꙗ плодъ покаꙁаеть• сего ради рѣхъ ꙗко беспричастьно• и раꙁгласьно есть житие чрьньче• и мирьное• нѫжда ѹбо есть ꙁа дш҃евьнѫѭ пакость ѹдобь отъсѣкати бесѣдꙑ ихъ• по ошьстьи бо ихъ въстѫжить ѹмъ• ꙁа праведьное ѹпражненье• и жилища прѣмѣненье• сего ради подвижьници пѫстꙑнѫ гонѧхѫ• да сихъ кромѣ бꙑвъше• бес пакости съ бм҃ь|
221b| бесѣдѹѭть• ꙗкоже бо дв҃ца любима хранима е вънѣщьниими• ꙗко иꙁидеть не вьсѣмъ годѣ есть• тако и чрьньць• егда бѫдеть кромѣ града и беꙁ людии• чьстьнъ есть• и б҃ѹ и ан҃гломъ• паче же и чл҃комъ• аще ли сънидеть отъ вꙑсокаго житьꙗ и видѣньꙗ• и обѧжеть сѧ житиисками кѫплѧми• и бесѣдами• неключимъ б҃ѹ• и чл҃кꙑ небрѣгомъ бѫдеть• лѹче ѹбо есть• ѡ себѣ отити|
221c| мирьнꙑхъ• и хранити сѧ въ хꙑꙁинѣ• и гонести ꙗко срьнѣ отъ тенетъ• и ꙗко п͗тици отъ сѣти• тенета бо и сѣти сѫть хотѧщиимъ сп҃сти сѧ• мирьнꙑхъ бесѣдꙑ• и длъгословесьꙗ• ѹпражнѧѭще ѹма + бж҃ъꙗ словословесьꙗ• и ꙗкоже рече притъчьникъ• прѣльсти же и многоѭ бесѣдоѭ• словесꙑ же ѹстьньнꙑми• въ блѹдъ ꙁаведе и• аще ѹбо о спѣсѣ дш҃ьнѣмъ приближаѭть сѧ насъ• маломь|+ ѿ
221d| словесꙑ• сольѭ бж҃иеѭ растворенꙑ• створимъ къ нимъ бесѣдꙑ• и отъпѹстимъ• паче бо съꙁиждѫть дх҃вьнꙑмь малословесьемь• аще ли гл҃еть кто• почьто паулъ прострѣ слово до полѹнощи• прьвое ѹбо ꙁане хотѧаше отити• потомь же ꙗко новоѹци бѣахѹ• начало бо бѣаше проповѣданьꙗ• обаче павлъ плънъ бѧаше дх҃а бж҃ьꙗ• и дх҃ъ гл҃ааше имъ• ꙁнаменье же имощиимъ ст҃ааго дх҃а•|
222a| прьвое ѹбо кротокъ есть• и беꙁмлъвьнъ есть и съмѣренъ• и далече отъ всеꙗ похоти сѹетьнꙑ вѣка сего• и самъ сѧ хѹждьша створить всѣхъ чл҃къ• и ни егдаже хощеть дх҃оносивъи гл҃ати• гл҃еть дх҃ъ• нъ тъгда гл҃еть• егда повелить емѹ б҃ъ гл҃ати• егда ѹбо ции придѹть ѹспѣха ради• имѫть вѣрѹ бж҃иꙗ д҃ха• прьвѣе да бѫдеть млт҃ва къ б҃ѹ о всѣхъ• и тъгда бж҃ии д҃хъ наплънить|
222b| чл҃ка• и наплъненъ гл҃еть ꙗкоже г҃ь хощеть• и хощеть же да сп҃сеть вьсего чл҃ка добро ѹбо есть словесꙑ ѹспѣвати въпрашѧѭщиимъ• добрѣе же добродѣтѣльѭ и мл҃твоѭ поспѣвати имъ• подобаеть же хотѧщиимъ сътѧжати• множьство добръ дѣаньи• ни славѣ похотѣти• ни съ мноꙁѣми бесѣдовати ꙗкоже рече сѧ• ни исходъ части даати• ни ѹкарѧти никогоже•|
222c| аще корими ѹкорениꙗ сѫть достоини• ни многа гл҃ати• аще и в͗се добро можеть гл҃ати• м͗ногословесие бо беꙁ вѣрꙑ раꙁносѧ ѹм͗• не тъчьѭ о дх҃овьнѣмь дѣлѣ праꙁдьна и стварѧеть• нъ и ѹнꙑньꙗ прѣдасть и бѣсѫ• ꙗкоже бо двьри бан͗нꙑꙗ часто отврьꙁаемꙑ• ѭтрьнѫѭ теплотѫ иꙁдрѣѭть вънъ• тако и дш҃а егда м͗ного хощеть бесѣдовати• аще и в͗сегда добро|
222d| гл҃еть• то своѭ памѧть гласьнъими вратꙑ раꙁгѹблѧеть• по в͗семѹ бо добро есть млъчанье• скровища бо ц҃ства исплънѧть ꙁлата• и ѹми истовъихъ чрьньць• богата наплънѧть сѧ раꙁѫма• аще ли и нѫждьно есть ѹчити• то къ исправлениѭ дш҃и да бѫдеть• трѣбѫемъ же въ ѹченье• беꙁавидьꙗ• чистотꙑ• словесе съдрава• беꙁаꙁорьна• да нами прославить сѧ б҃ъ всѣхъ•|
223a| орѹжьꙗ бо нашѧ не плътѧна• нъ сильна б҃ѹ къ раꙁдрѹшеньѭ тврьдьмъ• помъїшленьꙗ раꙁдрѹшаѭще• да беꙁмѹтьноѭ дш҃еѭ• и кротъкомь срⷣцемь• ꙗко благовон͗но кадило• м҃лтва нашѧ приꙗтьна бѫдеть• испꙑтаѭщиимь ср҃ца и ѹтробꙑ бм҃ь• рече же и г҃ь своимъ ѹченикомъ• вꙑ нѣсте отъ мира сего• нъ аꙁъ иꙁбьрахъ вꙑ отъ мира• ѹже не много гл҃ѫ съ вами• грѧдеть бо сего мира|
223b| к͗нѧꙁь• егоже иꙁбꙑти молимъ сѧ• вл҃цѣ х҃ѹ бу҇ⷪ нашемѹ емѹже слава въ вѣкꙑ АМИН р҃г ⁘О БЕꙀМЛЪВЬИ⁘ Беꙁмлъвье ѹспѣеть ꙁълобꙑ ѹпражнь сѧ• аще ли и четыриꙗ дѣтѣли въ мл҃твѣ прииметь помощь• сирѣчь длъготрьпье• и съмѣреномѹдрье•|
223c| бъдѣнье же и въꙁдрьжанье къ бестрастьѭ• нич͗тоже своихъ прѣкрашение сѫщи• нъ м҃ти помꙑшленьи прм҃дръ• ꙁанеже и благъи д҃хъ• бѣгаеть м͗ногословесьꙗ• ꙗко мѧтежа в͗сего и приꙁрака кромѣ сѧ• бесплищье ѹбо ꙗко добръ сꙑ• м҃ти всѣхъ добръ дѣаньи есть• раждаеть бо ꙗ ко б҃ѹ непрѣстан͗номь• и беꙁмлъвьномь приповѣданьемь• любѧи бесплище• чрьньць любимъ|
223d| есть б҃мь• имьже и тъ любѧ б҃а• съ тѣмь единѣмь хощеть бесѣдовати• чистоѭ млт҃воѭ• и на ꙁемли живꙑ нб҃снаа видаеть• вьсь бо ѹмъ его печеть сѧ како ѹгодить б҃ѹ• и бꙑти цр҃кꙑ ст҃аго емѹ д҃ха• таковъи присно подъкланѧеть вꙑѭ своѭ• подъ льгъкое и маꙁаное иго хв҃о• и в͗сѧ видимаа прѣꙁьрѧ• невидимъихъ желаеть• паче же самого невидимаго ꙗко видѧ трьпить• таковии|
224a| ан҃гломъ присно житьимь сьретьни сѫть• всегда пѹстꙑнѧ гонѧще• да многомь беспечальимь и беꙁмлъвьимь• бꙁ҃ѣ причащаѭще сѧ• своего ѹма ꙁрьцало бескврьнно съдѣлаѭть• по великѹмѹ илии• прт҇ⷣчи кр҃стлю гн҃ѫ иѡаннѫ• блажени тации• и на ꙁемли и на нб҃схъ• иже всѧ ѹметꙑ непьщѫѭть• да х҃а приобрѧщѫть• да обрѧщѫть сѧ кротъкъимь и беꙁмлъв͗нꙑмь дх҃омь ходѧще• паче же в͗сего доидохомъ врѣмене•|
224b| ꙗкоже пр҇ⷪкъ амосъ о наставъшиимь врѣмене прѣжде ѹча нꙑ рече• въ врѣмѧ оно раꙁѹмѣваꙗи помлъчить• ꙗко врѣмѧ ꙁъло есть• и исаꙗ• ненавидѧи неправьдꙑ• рѫцѣ отътрасаꙗ ѿ мьꙁдꙑ• съмѣжаи очи да не видите неправьдꙑ• сь веселить сѧ въ пещерѣ вꙑсоцѣ• хлѣбъ емѹ дасть сѧ• и вода его вѣрьна• ц҃рѧ съ славоѭ ѹꙁьрите• и очи ваши ѹꙁьрите ꙁемлѫ иꙁдалече• дш҃а вашѧ поѹчить сѧ|
224c| страхѹ• и отъ лица гн҃ѧ рече• на кого приꙁьрѭ• нъ на кротъкаго и млъчалива• и трепещѫщаго моихъ словесъ• и иеремиꙗ• к͗то дасть мнѣ• гл҃ѧ въ пѫстꙑни подъбои послѣдьнии• оставлю люди сьꙗ• и пакꙑ• не сѣдохъ съ съборищемь играѭщиихъ• нъ говѣхъ отъ лица рѫкꙑ твоеꙗ• ѹединенъ сѣдѣхъ• ꙁане горести исплънѣхъ• и дв҃дъ• ѹдалихъ сѧ бѣгаꙗ• и въдворихъ сѧ въ пѫстꙑни• и|
224d| положихъ ѹстомъ моимъ хранило• егда въстанеть грѣшьникъ на мѧ• онѣмѣхъ и съмѣрихъ сѧ и ѹмлъчахъ отъ благъ• и пакꙑ• онѣмѣхъ и не отъврьꙁохъ ѹстъ своихъ ꙗко тꙑ сътвори• и г҃ь въселѧеть иномꙑсльнꙑꙗ въ домъ• мѫжь бо мѹдръ беꙁмлъвье дѣеть• и чл҃къ прм҃дръ млъчить до врѣмене• и вѣдꙑи въкѫпѣ млъча по книгамъ• и ѥклисиꙗстъ• аще дх҃ъ обладаѭщаго въꙁидеть на тѧ•|
225a| мѣста си не остави• и їѡанъ въ пѫстꙑнѧхъ живѧаше• до дьне ꙗвленьꙗ его къ иі҃лю• г҃ь же на в͗се обраꙁъ намъ бꙑваꙗ бѧаше оходѧ въ пѫстꙑнѫ• и мл҃твѫ дѣꙗ• и ѹченикомъ своимъ гл҃аше• придѣте вꙑ въ пѹсто мѣсто• и почьите мало• тѣмьже братье любаа• хранимъ беꙁмльвье и любимъ е• о х҃ѣ іс҃ѣ г҃и нашемь емѹже слава въ вѣкꙑ вѣком|
225b| АМИН р҃д ⁘ О БЪДѢНЬИ ⁘ Бъдѣнье велико орѫжье• и добро намъ отъ б҃а дарова сѧ на диꙗвола• и воꙗ тьмьнꙑꙗ лѹкавьства д҃хꙑ• се же свѣтить сѧ и подъпираеть• малотрѣбьемь• и трѣꙁвомь мѫдрованиемь• б҃ꙁѣ приближаеть сѧ• лихоꙗденье бо и сꙑтости ѭтробꙑ противите сѧ емѹ• и страшивъи слабоѹмъ съдѣваета•|
225c| и ѹдобь побѣждаема въ прилоꙁѣхъ нечистꙑихъ страстьи• молимъ сѧ ѹбо да не бѫдеть бѣство наше въ сѹботѹ• сирѣчь въ страсти и въ покои сѫщемъ• аще воини + есмъ• пѫтьмь истинꙑ трѹда длъжъни есмъ ходити• и мѫжьскꙑ стоꙗти на сѫпостата нашего• аще бо въ бъдѣньи трѣꙁвьнѣ бъдимъ• то въꙁможемъ лющьшьми ѹꙗꙁвити• дѣтѣли бо ꙗже на бж҃ьѭ•|+ х҃ви
225d| сирѣчь бъдѣнье и млтⷡ҇а и пѣние• и съмѣреномѫдрье• лѹци и стрѣлꙑ и сѣти• и ранꙑ• бꙑваѭть врагѹ• тъчьѭ да не въꙁнесемъ сѧ въ млт҃вѣ нашеи• иꙁливаѭще сльꙁꙑ• не отъ насъ бо сльꙁꙑ• нъ отъ подаѭщаꙗ благодѣти• добро есть прижати тъчно сѫпрѹгѹ• трѣꙁвеньи• малоꙗдьи• помагаѭщѫ бъдѣньѭ• паче же мꙑ на се истое ѹвоивъше сѧ• воеводѣ годѣ бѫдемъ•|
226a| множицеѭ бо г҃ь• о семь ꙁаповѣда намъ• бъдите и молите сѧ• ꙗко иꙁбѣгнѫти намъ къꙁнии вражии• съ трѣꙁвьньемь ѹбо и спѣаньемь сего съврьшимъ въ ѹмиленьи• да не ѹвѧꙁнемъ въ чесомь отъ врага• и ꙁавистиваго дьꙗвола• сѫи бо въ истинѫ воинъ• ограждаеть сѧ вьсѣмь д҃хвьнъимь орѹжьимь• и мꙑ ѹбо облѣцѣмъ сѧ въ брънѧ вѣрѫ хв҃ѫ• и въ шлѣмъ крьстъ|
226b| его• щитъ же и копье въ любовь его• и мечь д҃ха• еже сѫть словеса• и станѣмъ на сѫпостата ꙗко добри воини• бъдѣньимь и постомь и млт҃вми• ꙗкоже и въ притъчахъ ѱано есть• не даждь съна своима очима• ни въꙁдрѣмли вѣждама своима• да сп҃сеши сѧ ꙗко срьна отъ тенета• и ꙗко пти ис клепцѧ• рече же и дв҃дъ• аще дамь сънъ очима моима• и вѣждама моима дрѣманьꙗ• донъдеже|
226c| обрѧщѫ мѣсто г҃ю• и пакꙑ• ꙁабъдѣхъ и бꙑхъ ꙗко птица особѧщи сѧ на ꙁъданьи• блиꙁъ бо г҃ь скрѹшенъихъ срд҃цемь• и съмѣренꙑꙗ дх҃мь сп҃сеть• и пакꙑ• полѹнощи въстахъ исповѣдати сѧ тебѣ о сѫдьбахъ правьдꙑ твоеꙗ• и пакꙑ• бж҃е бж҃е мои къ тебѣ ѹтрьнюѭ въждада тебе дш҃а моꙗ• и варисте очи мои къ ѹтрѹ поѹчити сѧ словесемъ твоимъ• причастьникомъ|
226d| своимъ г҃лаше• въ нощи въꙁдеждѣте рѫкꙑ вашѧ въ ст҃аа и благословите г҃а• и апостолъ• въ молитвѣ прѣтрьпаите• бъдѧ въ неи съ благодариемь• и пакꙑ• молѧще сѧ на всѧ врѣмена д҃хмь• и вь само се бъдѣще вьсѣмь трьпѣньемь и м҃лтвоѭ• и о себѣ• въ трѹдѣхъ• въ ꙁабъдѣньихъ• въ пощениихъ• и инъде• и о лѣтѣхъ и врѣменѣхъ братье• не трѣбѫете псати вамъ•|
227a| сами бо иꙁвѣстьно вѣсте ꙗко дьнь г҃нь• ꙗко тать въ нощи тако придеть• егдаже гл҃ють миръ и ѹтврьжденье• тъгда вънеꙁаапѫ нападеть ихъ всегѹбитель• ꙗкоже и болѣꙁни имѫщаꙗ въ чрѣвѣ не ѹбѣжать• и пакꙑ• тѣмь ѹбо да не съпимъ ꙗко и прочии• нъ да бъдимъ и трѣꙁвимъ сѧ• и г҃ь• бъдите ꙗко не вѣсте въ кꙑи часъ г҃ь вашь придеть• оно же вѣдите• ꙗко аще бꙑ вѣдѣлъ господинъ въ|
227b| кѫѭ стражѫ тать придеть• то бъдѣлъ бꙑ• и не бꙑ оставилъ подърꙑти храминꙑ своеꙗ• и пакꙑ• бъдите и молите сѧ да не вънидете въ напасть• и пакꙑ• бл҃жнъ рабъ тъ егоже пришьдъ г҃ь свои• ѡбрѧщеть тако творѧща• бъдите ꙗко не вѣсте дьне ни ча въ ньже с҃нъ чл҃чь придеть• емѹже слава въ вѣкꙑ АМИН|
227c| р҃е ⁘ Ꙍ ПѢНЬИ ⁘ Пѣние дѣло есть бесплътьнъихъ силъ• слѹжащихъ и прѣстоꙗщиихъ въинѫ б҃ѹ• по реченѹмѹ• хвалите г҃а вьси ан҃гли его• и в͗сѧ силꙑ его• и пакꙑ• блг҃те г҃а вьси англи его сильнии крѣпостьѭ творѧще слово его• б҃лте г҃а в͗сѧ силъ его и слѹгꙑ его творѧще волю его• ключить же сѧ в͗сѣмъ чл҃комъ• в͗се бо дꙑхание хвалить г҃а• по иꙁѧщьѭ чрьньцемь• анъгельское въсприимъшимъ житье•|
227d| бл҃женъ ѹбо иже поѹчить сѧ въ ꙁаконѣ г҃ни дьнь и нощь• и боꙗщеи сѧ г҃а въсхвалите и• в͗се сѣмѧ иꙗковле прославите и• пѣние ѹбо жрьтва есть воиньства• и жрьтва хвалениꙗ• но жрътва хвалꙑ прославить мѧ• и пожьри б҃ѹ жрътвѫ хвалѹ• длъжьнъ есть чрьнориꙁьць въинѫ и бес прѣстани жрьти г҃ю• ѹꙁаконена емѹ славословесьꙗ• бл҃щѫ бо г҃а на в͗сѧ врѣмена• въинѫ хвала его въ ѹстѣхъ|
228a| моихъ• ѹслꙑшимъ дв҃да повелѣваѭща намъ• поите б҃ѹ нашемѹ поите• поите ц҃рѫ нашемѹ поите• поите раꙁѹм͗нѣ• поите б҃ѹ въ гѫслехъ и въ гласѣ ѱалмьсцѣ• нъ добрѣ поите емѹ въсклицаньемь• въꙁдрадѹете бо сѧ ѹстьнѣ мои егда въспоѭ тебе• дш҃а моꙗ ѭже иꙁбави• и пакꙑ• поите г҃ю пр҃пбнии его• и работаите г҃ѹ съ страхомь• и радѹите сѧ емѹ съ трепетомь• хваление его въ црв҇ⷦхъ|
228b| прпдобнꙑхъ его• и сн҃ве сиони въꙁдрадѹѭть сѧ о ц҃ри своемь• аꙁъ же въспоѭ и поѭ славѣ твоеи• ꙗко съгрѣ сѧ ср҃дце мое въ мнѣ• и въ поѹченьи моемь рагарать сѧ огнь• и сладъка грътани моемѹ слове твоꙗ паче меда ѹстомъ моимъ• тако бл҃щѫ тѧ въ животѣ моемь• и о имени твоемь въꙁдежѫ рѫцѣ мои• ꙁане ꙗко тѹка и масти исплъни сѧ дш҃а моꙗ• и ѹстьнѣ радости въсхвалѧть|
228c| ѹста моꙗ• потокомь бо пища твоеꙗ напоиши поѭщаꙗ ти• нъ каа потрѣба в͗сѧ о пѣньи давꙑда прѣдълагати съвѣдетельства• ꙗже в͗си видѧть• или о благодѣти• и весельи бꙑваѭщиимъ въ ср҃ци• съ ѹмиленьимь трѣꙁвомъ поѭщаго непьщевати• и се бо съвѣдѧть искѹшевавъшеи• егда къгда и блѧдивъ сѫжденъ бѫдѫ• добро ѹбо есть въ врѣмѧ памѧти бж҃ьꙗ• ѹмножити|
228d| моление• да егда ꙁабѫдемъ• помѧнеть нꙑ г҃ь• и крѣпъцѣ станѣмъ въꙁлюблении на пѣнии• и помолимъ сѧ непрѣстан͗нѣ отъвращаѭще• мꙑсльнъꙗ и печальнꙑꙗ придрѹгꙑ• обꙑчаи бо имѹть бѣсове• егда видѧть кого спѣшнѣ поѭща• или молитвѫ дѣѭща• тъгда вълагаѭть помꙑшленьꙗ нѣкꙑхъ вещии• нѹждьнъихъ движѫще ѹмъ на искание ихъ•|
229a| и да раꙁливъ сѧ ѹмъ къ исканьѭ ихъ погѫби и сласть пѣньꙗ• почто иꙁ ѹстъ младнѹѭщиихъ ꙁълобоѭ• вѣрьнъихъ х҃ъ съврьшаеть хвалѹ• не да ли пѣньемь раꙁорить врага и мьстьника мѫчаща вельми• врага ѹбо добръихъ дѣаньи• мъстьника же ꙁълобъ дьꙗвола• тѣмьже и мꙑ прѣпростьемь хвалѧще г҃а• скрѹшаемъ же и раꙁдрѹшаемъ лѹкавьства вражьꙗ• бѫди ѹбо пѣнье часто•|
229b| б҃ъ бо именѹемъ прогонить бѣсꙑ• иже потрѣбно есть въспомѧнѫти вамъ• егоже никтоже не съвѣсть• ꙗко пѣнье наше правило гл҃еть сѧ• ꙗкоже бо дѣлатель• аще не дасть їсплънь и добро правила своего• то въ тьмьницѫ въврьженъ бѫдеть• и обѣщаемъ и биемъ• донъже искѹпи сѧ вьсемѹ длъгѫ своемѹ• тако и чрьнориꙁьць• егда облѣнить сѧ о правилѣ своемь•|
229c| абъе оставленъ бѫдеть благодѣтьѭ• и прѣдасть сѧ врагомъ своимъ• и падеть подъ ногами ихъ• и нанесѫть сѧ на нь скръби многꙑ ꙗко въпити емѹ• г҃и ч͗то ѹм͗ножишѧ сѧ сътѫжаѭщеи ми• и гл҃ѫть дш҃и моеи• нѣсть спс҃нъꙗ емѹ бм҃ь его• нъ ꙗдро ѹслꙑши мѧ г҃и• ꙗко исконьча сѧ дх҃ъ мои• и не отъврати лица твоего отъ мене• да не ѹподоблѫ сѧ ниꙁъходѧщиимъ|
229d| въ ровъ• ꙗко исплъни сѧ ꙁълъ дш҃а моꙗ и животъ мои адѣ приближи сѧ• се множицеѭ въꙁъпиеть къ г҃ѹ• егда въскръбить лѣнѧи сѧ• беꙁ останъка правило свое отъдати б҃ѹ• и отъ попѫщеньꙗ скръб͗нꙑми покаꙁаеть• не вѣсть же аще и слꙑшить• въ скръби приꙁъва мѧ и иꙁбавихъ тѧ• нъ еда речеть не вѣмь тебѣ• отъстѹпи отъ мене дѣлателю беꙁаконньꙗ•|
230a| ꙗко не послѹша гласа моего• ни вънѧтъ мѧ• аще бо бꙑ послѹшалъ мене• ни о чемьже ѹбо врагꙑ твоꙗ съмѣрилъ бꙑмь• и на сътѫжаѭщаꙗ тебе въꙁложилъ бꙑмь рѫкѫ моѭ• сего ради отъпѫстихъ тѧ по начинаньемъ срд҃ца твоего• мꙑ же ѹслꙑшимъ паче павла г҃лѫща• слово бж҃ье да въселѧеть сѧ въ вꙑ• обильнѣ в͗сеи прм҃дсти ѹчаще• и накаꙁаѭще сѧ ѱалъмꙑ и пѣньи и пѣсньми|
230b| дх҃овьнꙑми• и пакꙑ• къжьдо васъ ѱалъмъ имать• ꙗвленье имать• все же къ съꙁданьѭ да бꙑваеть• тѣмьже ѹбо въꙁносимъ жрътвѫ хваленьꙗ въинѫ б҃ѹ• сирѣчь плодъ ѹстьнъ исповѣдаѭщь сѧ имени его• прѣдъставите дѣлеса вашѧ• жрьтвѹ с҃тѫ ѹгодьно б҃ѹ• словесьно слѹженье ваше• рече же и иꙗковъ• печалѹеть ли к͗то да мл҃твѫ дѣеть• доброд҃шѫеть ли кто да поеть•|
230c| нъ еже рѣхомъ ꙗко по длъгѫ истѧꙁаеми есмъ пѣньꙗ• ꙗко канона длъжнѹема• тако длъжьни есмъ бес порока его• и бескврьн͗на приносити• сирѣчь беꙁ гнѣва и помꙑшленьꙗ вражьдꙑ• нѣсть бо красьна пѣ҇ⷭ въ ѹстѣхъ грѣшьника• аще бо имаши ч͗то на брата своего• и не простиши его• не бѫдеть приꙗто никъгдаже моление твое• и пѣнье твое• и милостꙑни твоꙗ•|
230d| и прочаа ꙗже мниши творѧ добра• ѹслꙑшиши отъ сп҃са• иди прьвѣ съмири сѧ съ братомь твоимь• и тъгда пришьдъ приноси даръ свои• бѫди въ пѣньи своемь беꙁълобенъ• и кротокъ ꙗко отроци ѥвреисции• иже сърѣтоша г҃а съ вѣтвьми и съ цвѣтьци• и варимъ гл҃ще осан͗на въ вꙑшьниихъ бл҃нъ грѧдꙑи въ имѧ г҃не емѹже слава въ вѣкꙑ вѣком|
231a| АМИН р҃ꙅ ⁘ О МОЛИТВѢ ⁘ Ѥже прилежати непрѣстаннѣи молитвѣ• потрѣбьно и польꙁьно намъ есть• просимъ ѹбо ѹ б҃а и о҃ца г҃а нашего і҃с х҃а• дати намъ раꙁѹмъ дх҃овьнъ• ꙗко трѣꙁвовати• и бъдѣти• просити ѹ него воли его бꙑти въ насъ• сего бо самъ б҃ъ и сп҃съ нашь• о҃чь свѣтъ сꙑ истин͗нъи• иже просвѣщаеть вьсего чл҃ка въ в͗сь миръ прїходѧща•|
231b| повелѣ намъ просити• егда ѹбо приꙁꙑваемъ• ст҃ѫѭ и единосѫщьнѹѭ троицѫ• прѣчистами мл҃бми• беꙁмѫтьномь же ѹмомь• и къ бж҃иѭмѹ присъвъкѹплениѭ ключениемь• тъгда и мꙑ сами придемъ• и въсприемлемъ вседѣтельнꙑꙗ дарꙑ• о неи ѹтвьжденꙑꙗ• млт҃ва вꙑшьши есть всѣхъ добрꙑнь• чиста сѫщи и б҃ꙁѣ|
231c| приближаѭщи + мольба бо есть кротость и беꙁгнѣвьꙗ проꙁѧблъ• м҃лтва есть радость• и благодарьꙗ прѣдълогъ• цѣленье же печали• и грѫщеньѭ• трѣбѣ ѹбо есть поставити ѹмъ въ врѣмѧ млт҃вьное• глѹха и нѣма• и можеть мольбꙑ обѣщати• млт҃ва бо бесѣда есть ѹмъ къ б҃ѹ• такого ѹбо трѣбѹеть ѹмъ ѹстроеньꙗ• да въꙁможете бесѣдовати къ б҃ѹ• ниединомѹ|+ сѧ
231d| же ꙁапинаѭще страньнꙑхъ помꙑслъ• съ плачемь и дх҃омь сѫщиꙗ мольба• пищѧ ѹмѹ есть• ꙗкоже хлѣбъ тѣлѹ• блж҃нъ ѹбо есть ѹмъ• иже въ врѣмѧ молитвьное• бе-съмѧтеньꙗ къ б҃ѹ бесѣдѹеть• таковъи ѹбо ꙗко п͗тищь ор͗лъ• на вꙑсотѹ въꙁемлеть сѧ• и всь иꙁмѣненъ бж҃ьеѭ иꙁмѣноѭ свѣтовидьнъ бꙑваеть• и егда на мл҃твѣ стоимъ• не молимъ сѧ нашеи воли бꙑти:|
232a| ꙗкоже и ѹченьемь• да бѫдеть волѧ твоꙗ о мнѣ и о в͗сеи вещи• нъ тако просимъ ѹ него• ꙗко того да бѫдеть волѧ• хощеть бо благѹмѹ и польꙁьнѹмѹ д҃ши• мꙑ же не в͗сѧко сего просимъ• и се же ѹкарѧѭще сѧ• и съ м͗ногꙑмъ плачемь• ꙗко како нечисти сѫще• съмѣемъ г҃ю саваѡтѹ прѣдъстоꙗти• хотѧи ѹбо чистѣ помолити сѧ• прьвѣе ꙁа поспѣшье сльꙁъ да помолить сѧ• да плачемь ѹкротить•|
232b| сверѣпѹѭ д҃шѫ и ѹлѹчить чистое моленье• прилеж͗наа бо и частаа млт҃ва• бесѣдованьимь же къ б҃ѹ• отъ мирьнꙑхъ ѹбо мꙑсльи въсхащаеть ѹмъ• б҃ѹ же и прѣдъставлѧеть• приближениемь еже къ б҃ѹ• говѣньꙗ же и тихости наплънѧеть• бе-съмѣрена же мѫдрьꙗ• нѣсть б҃лгоприꙗтьнѣ бꙑти мл҃твѣ• приꙁьрѣ бо на съмѣренъихъ мл҃твѹ• и не ѹничьжи|
232c| моленьꙗ ихъ• тѣмьже ѹбо хотѧи свое ср҃дце очистити• памѧтиѭ гн҃еѭ• въинѫ да раждиꙁаеть• се тъчьѭ поѹченье непрѣстанно дѣло имѣꙗ• не овогда молити сѧ• овогда же ни• хотѧщиимъ своѭ гнилость отъложити• нъ присно мл҃твѣ прилежати• въ съблюденье ѹма• аще и нѣк͗де въ млт҃вьнъи храмъ събираемъ сѧ• ꙗкоже бо и хотѧи ѹчистити|
232d| ꙁлато• аще и въ малѣ ослабить огню въ грънꙑли• то жестотѹ пакꙑ чистимѣи вещи створить• тако иже ово ли помѣнѧи б҃а• ово ли же ни• и еже мьнить сѧ сътѧжавъ мл҃твѫ• се пакꙑ раꙁгѫблѧеть слабостьѭ• и ꙗкоже + осѧжема творить желѣꙁа• огньное съвъкѫпленье• тако и частꙑꙗ мольбꙑ• крѣпъча и приготоваѭть ѹмъ• на вражьѭ брань• и ꙗкоже|+ не
233a| желѣꙁо раждиꙁаемо прѣобраꙁѹеть сѧ на огньнꙑи блѣскъ• тако и ѹмъ освѣщаеть сѧ отъ ꙁарѧ благодѣтьна огнѧ• егоже приде с҃псъ въꙁвѣщь на ꙁемлѫ• и сего ради хотѧи нꙑ спс҃ти г҃ь• часто намъ о немь бесѣдѫеть• и обраꙁъ намъ бꙑваꙗ обнищаваше въ мл҃твѣ бж҃ии• покаꙁа намъ иꙁѧщьнѫ польꙁѫ• и много къ б҃ѹ ближение• прилежьноѭ молитвоѭ• трѣбѣ|
233b| ѹбо есть прьвѣе просити• приꙗти даръ молитвꙑ• ꙗкоже речено• отъ даѭщаго м҃лтвѫ молѧщѫмѹ сѧ• что бо помолимъ сѧ ꙗкоже подобаеть• не вѣмъ• нъ самъ д҃хъ рече проповѣдаеть о насъ• и приимъше створимъ повелѣное намъ ꙁаконодавьцемь б҃мь• рече бо моси• аще обѣщаеши обѣтъ г҃ѫ б҃ѫ своемѹ• да не ꙁамѫдиши въꙁдати и• ꙗко въꙁишта|
233c| въꙁищеть его отъ тебе г҃ь б҃ъ твои• и бѫдеть ти грѣхъ• исподѧща ѹстьнама своима съхрани• и пакꙑ• чл҃къ иже обѣщаеть сѧ г҃ю и ѹречеть ѹрокъ• да не оскврьнить г҃ла своего• в͗се ѹбо елико иꙁидеть иꙁ ѹстъ твоихъ створи• ꙗкоже иефтае• г҃ла бо дъщери своеи• аꙁъ отврѣсъ ѹста своꙗ ѡ тебе и не могѫ въꙁвратити• и съврьши жрътвѫ своѭ къ г҃и• и дрѹгъи• не ꙁавлъви сѧ въꙁдати|
233d| мл҃твꙑ въ врѣмѧ• и не жиди до съмрьти оправьдати сѧ• прѣжде даже не помолиши сѧ• ѹготовиши сѧ• и не бѫди ꙗко и чл҃къ искѹшаꙗ г҃а• помѧни гнѣвъ въ дьнь съконьчаньꙗ си и подвигни сѧ на молитвѫ• ꙁане молитвъ-исправлѧѭщиихъ приꙗтꙑ г҃мь• и мл҃твꙑ правьдьнъи послѹшаеть г҃ь• и д҃вдъ• обѣщаите сѧ и въꙁдадите г҃ю б҃ѹ нашемѹ• и пакꙑ• пожьри б҃ѹ жрътвѫ хвалѹ• и въꙁдаждь|
234a| вꙑшьнѫмѹ обѣтꙑ твоꙗ• и аꙁъ въꙁдамь обѣтꙑ своꙗ г҃ю прѣдъ вьсѣми людьми его• рече же и павлъ• тъщаньемь не лѣностиви• дх҃омь горѫще• г҃ѫ работаѭще• въ мл҃твахъ прѣтрьпаѭще• и пакꙑ• в͗сеѭ мл҃твоѭ и молениемь молѧще сѧ• въ в͗сѧ врѣмена д҃хмь• и в͗се исто бъдѧще въ в͗семь трьпѣньи• м҃лтвѣ• и пакꙑ• хощѫ ѹбо да молитвѫ творѧть мѫжи на в͗сѣхъ мѣстѣхъ• въꙁдѣѭще|
234b| прпⷣбнꙑ рѫкꙑ беꙁ гнѣва и помꙑшленьи• и въ дѣаньихъ• ꙗко бѣахѫ трьпѧще въ ѹченьи ап҃лсцѣ и въ обьщеньи• и въ прѣломленьи хлѣба и въ мл҃твахъ• и пакꙑ• мꙑ же въ мл҃твѣ и въ слѹжьбѣ слова да прѣбꙑваем͗• и прм҃дсть• ꙗкоже обѣща рече молитвѫ г҃ѫ• не ѹкъсни въꙁдати еꙗ• ꙁане елико обѣща въꙁдаси• добрѣе не обѣщати• нежели обѣщати и не въꙁдати:|
234c| ненавидѧи же неправьдꙑ иѡвъ• неправьдьна г҃ла ничьсоже бѣ въ рѫкѹ моеѭ• молитва же моꙗ чиста• и петръ• + истрѣꙁвите сѧ на мл҃твѫ• и противите сѧ диꙗволѹ• г҃ь же• сего ради г҃лѫ вамъ• все елико аще молѧще сѧ просите• вѣрѫите ꙗко приемлете• и бѹдеть вамъ и сѫщѫмѹ на мѣстѣ етерѣ молѧщѫ сѧ• ꙗко прѣста• рече етеръ отъ ѹченикъ его• г҃и наѹчи|+ очистите сѧ ѹбо
234d| нꙑ молити сѧ• и рече• егда молите сѧ гл҃те• оч҃е нашь иже еси на небесехъ• да ст҃ить сѧ имѧ твое• и прочаа• и потомь просите и дасть сѧ вамъ• ищѣте и обрѧщете• тлъцѣте и отъврьꙁеть сѧ вамъ• и приричеть• аще ѹбо вꙑ ꙁъли сѫще ѹмѣете дааньꙗ блага даати чадомъ вашимъ• кольми паче о҃ць нб҃се дасть д҃хъ ст҃ъи просѧщиимъ его• и велѧ нꙑ м͗ноголюбьнъи г҃ь•|
235a| таинꙑмь дѣланьемь• мл҃твѫ б҃ѹ приносити• гл҃еть• егда молиши сѧ въниди въ храмъ твои• и ꙁатворь двьри своꙗ• помоли сѧ г҃ю своемѹ въ таинѣ• и о҃ць твои видѧ тѧ въ таинѣ• въꙁдасть тебѣ ꙗвѣ• томѹ милосрьдѹмѹ о҃цѫ нашемѹ слава въ вѣк вѣком АМИН р҃ꙁ ⁘ Ꙍ ОУМИЛЕН ҇ꙵИ ⁘|
235b| ОУмиленье раждаеть плачь и сльꙁꙑ• трѹдомь же приходить• аще многомь непопеченьемь• и въспоминаньемь• страшнаго сѫда• и въꙁдааньемь еже съгрѣшихомъ• словомь и дѣломь и мꙑсльѭ• и стѫда оного на страшнѣмь сѫдищи• прѣдъ ан҃глы и чл҃кꙑ всѣми• и нб҃снъими силами• и егда наꙁи и одрьти в͗си станемъ• егда къжьдо насъ прѣдъстанеть ꙁа сѧ|
235c| отъвѣщаваꙗ• егда никтоже никомѹже не помагаеть• егда ꙗвѧть сѧ нашѧ• ихъже никтоже насъ не вѣсть• нъ тъчьѭ съвѣсть нашѧ• паче же м͗ножаишихъ• ни ср҃дце съвѣсть• нъ тъчьѭ испꙑтаꙗ и ср҃дца и истеса б҃ъ• егда огнь прѣдьидеть• и попалить ок҃рстъ врагꙑ его• егда осѫждаѭть сѧ ови въ тьмѫ вънѣшьнѫѭ• ѹготованѫѭ диꙗволѹ и ан҃глмъ его• ови|
235d| въ огнь вѣчнъи• дрѫꙁии посълани бѫдѫть въ неѹсꙑпаѭщии чрьвъ• и ини гроꙁѣ прѣдадѧть сѧ• и что подобаеть в͗сѧ по тьнъкѹ повѣдати• и ѹнꙑнье творити послѹшателемъ• си ѹбо подобнаа помꙑшлѧѭще любии• придѣмъ + ѹмиление• и прѣстанѣмъ отъ ꙁълꙑхъ нашихъ дѣаньи• и плачимъ сѧ дьнь и нощь прѣдь г҃мь створьшимь нꙑ• идеже бо сльꙁꙑ• тѹ моленье|+ въ
236a| бж҃ье• блѹдьница ꙁа сльꙁꙑ теплꙑꙗ единого часа• м͗ногъ длъговъ оставленье приꙗ• сльꙁꙑ бо м҃лтвѹ прѣдъ г҃мь поставлѧѭть• и бл҃гоприꙗтьнѹ творѧть• петръ ꙁа единъ часъ горько сльжь• не тъчьѭ прощенъ бꙑсть• грѣхѹ отъврьженьꙗ• нъ и ключа цр҃ства приꙗтъ• еꙁекии ц҃рѫ ꙁа малꙑꙗ сльꙁꙑ• е҃іте лѣтъ житъи приложи сѧ• каплѧ сльꙁьнꙑꙗ ꙗко медъ сѫть сладѹѭща въ|
236b| ср҃ци• и кадило благоприꙗт͗но отъ б҃а• трѣбѣ ѹбо прѣжде в͗сего прошеньꙗ• исправленьꙗ просити сльꙁами• ꙁѣло бо радѹеть сѧ вл҃ка нашь приемлѧ мл҃твѹ сльꙁьнѫ• съмѣреномь ср҃цемь• никакоже величащемъ сѧ• ꙗко надъ многъими сѫщемъ намъ• да не паче раꙁгнѣваемъ давъшѧ благодѣть• мноꙁи бо сльꙁѧще ꙁа грѣхꙑ• ꙁабꙑвъше дарование сльꙁъ• неистови бꙑвъше|
236c| ѹстранишѧ сѧ• аще ли к͗то съврьшьно ѹмиленье имать• то чюеть сѧ отъ хлѣба живот͗наго пищѫ приемлѧ• лѹчьшѧго страха• пищѫ желаньꙗ нб҃снго• и въꙁдꙑханье и ѹтѣшение• и ѹмиленье пиваньꙗ• и раꙁѫма глѫбочаишѧ• ї бж҃ьи етеръ таинъ• ѹмиление сльꙁов͗нꙑ етерꙑ и тихꙑ мꙑсли• ср҃це приготоваеть носити• ѹдѹже по истинѣ вѣдѣти есть сѣмена• млт҃вьнаа•|
236d| съ сльꙁами въ ꙁемли срч҃нѣи сѣема• ѹпъваньꙗ ради жатвьнꙑꙗ радости• еже съ ѹмиленьемь и млт҃воѭ поѹченье раждаеть бж҃ье• и страхъ въ насъ• рече бо ꙁаконъ• сѣдѧ дома и ходѧ пѫтьмь и лѣжа и въстаꙗ• бѫди неподвижимъ• и прѣдъ очима твоима да навꙑкнеши боꙗти сѧ г҃а б҃а твоего• гл҃еть же и иѡвъ• доиде ми моление къ г҃ю• прѣмо же емѹ каплете ми очи• и анна|
237a| тѫжааше въ силомѣ и плакааше• и помоли сѧ къ г҃ю гл҃щи• аще приꙁьрѧ приꙁьриши на съмѣрение мое• и даси ми сѣмѧ мѫжа• и послѹша еꙗ г҃ь• и дасть еи прр҃ка самѹилѧ• и дрѹгаа + акимлѧа• плачѫщи сѧ и просѧщи• въ садѹ своемь о чадѣ• приꙗтъ ст҃ѫѭ дѣвѫ мариѭ• рождьшѫѭ по плъти г҃а б҃а и сп҃са нашего і҃у х҃а• и давꙑдъ• ѹслꙑши мл҃твѫ моѭ• и моление мое вънѫши•|+ анна
237b| сльꙁъ моихъ не прѣмлъчи• и ѹслꙑшанъ бꙑвъ рече• милостивъ г҃ь и правьдьнъ• ꙗко съмѣрихъ сѧ и сп҃се мѧ• и иꙁѧ д҃шѫ моѭ отъ съмрьти• и очи мои отъ сльꙁъ• и ноꙁѣ мои отъ въспоплъꙁениꙗ• сѣѭщеи бо сльꙁами въ радость пожьнѫть• тѣмьже ѹгождѫ прѣдъ г҃мь въ странѣ живѫщиихъ• и еже ходѧще хождахѫ и плакахѫ сѧ• мьнѫ ꙗко о нашемь плѣнении гл҃еть• прѣжде бо наѱанаа|
237c| въ насъ сотъкнѫшѧ сѧ• да и мꙑ ѹбо длъжьни есмъ• и ꙁа сѧ и ꙁа онꙑ горько плакати сѧ• прьвое еже ꙁа жьженье ст҃аго града ием҃а• и ꙁа прѣнесение ст҃аго крс҃та х҃а б҃а нашего въ перьсидѹ• и ꙁа погꙑбъшаꙗ въ толикꙑхъ бранехъ• ꙗко сътѣлесьни намъ сѫть и единовѣрьни• ꙗкоже и пр҃ркъ иоиль въпиеть• рꙑдаите гл҃ѧ чистителе• слѹжащеи олтарю• ꙗко пострада вьсѧ ꙁемлѧ•|
237d| плачите ст҃теле слѹжѧщеи г҃ю и рьцѣте• пощѧди г҃и люди своꙗ• и не даждь достоꙗниꙗ своего въ поношение обладати имь ꙗꙁ҃комъ• да не рекѹть къде есть б҃ъ ихъ• въ насъ есть еже ѹмолити неꙁълобиваго г҃а• ꙗкоже и пр҃къ софониꙗ ѹчить г҃лѧ• прѣдъложилъ ти е огнь и водѹ• на неже хощеши прострьреши си рѫкѹ• прѣдъ чл҃комь бо животъ и съмрьть• и еже аще иꙁволить|
238a| дасть сѧ емѹ• съгрѣшаѭщаго въ дш҃ѫ своѭ• кто оправьдить• аще не теплꙑ сльꙁꙑ съ ѹмиленьимь• жадаеть бо присно сп҃сениꙗ нашего благꙑ и м҃лсрдъи владꙑка• ꙗко послѹхѹеть ап҃лъ г҃лѧ• иже всѧ чл҃кꙑ хощеть сп҃сти• и въ раꙁѹмъ истиньнъи прити• ѱано же есть и въ еванъгельи еже ѿ лѹ҇ⷦ• и се жена въ градѣ• ꙗже бѣ грѣш͗ница• и ѹвѣдѣвъши ꙗко въꙁлежить г҃ь въ храминѣ фарисеѡвѣ•|
238b| принесъши алавастръ мура• и ставъши ꙁади при ногѫ его• плачющи начатъ мочити ноꙁѣ его сльꙁами и власꙑ главꙑ своеꙗ отирати• и облобꙑꙁаше ноꙁѣ его и маꙁаше муромь• и слꙑша отъ сп҃са• оставлѧѭть ти сѧ грѣси• томѹ сп҃сѹ нашемѹ слава• оставлѧѭщѹмѹ грѣхꙑ чловѣчѧ• сьде и въ бѫдѹщии вѣкъ АМИН|
238c| р҃и О ЧЬСТИ РОДИтель :  Ѥже чисти родивъшѧꙗ нꙑ• и въꙁдааниемь въꙁдати длъжьни есмъ• отъ естьствьнаго послѣдованьꙗ• и отъ бж҃ьꙗго ѹꙁаконеньꙗ• прьвое ѹбо ꙁане чѫвьствьнъии сь свѣтъ тѣми ѹꙁьрѣхомъ• потомь же и раꙁѹм͗нъи• сирѣчь еже въ г҃а нашего і҇ⷭу х҃а• кр҃щениемь раꙁѹмѣние• и ꙁа естествьнѫѭ ихъ любъве|
238d| и трѹдъ• егоже прѣтрьпѣваꙗ о въскръмлении ихъ• и печаль ѭже имѫть д҃нь и нощь ихъ ради• еда ч͗то невольемь ѹтък͗неть сѧ ихъ• и дѣлаѭще и трѹждаѭще сѧ• ѡ одежди и кръмѣ их͑• и сънискати имъ о ѹмрьтвьи• каꙗ ѹбо достоинаа въꙁдааниꙗ ꙁа си в͗сѧ• въꙁдати можемъ имъ• тѣм͗же ѹбо в͗сегда потъщимъ сѧ• ꙗже на чьсть и на слѹженье• и покои имъ съдѣвати•|
239a| паче же въ старость ихъ• да въ видѣньи чадъ своихъ породѧть сѧ• ꙗко и иꙗковъ ѹꙁьрѣвъ иѡсифа• бѫдѣмъ рьтници понѣ птицамъ рекомъимъ епопси• они бо егда видѧть родителѧ ихъ състарѣвъшѧ сѧ• и осльпъшѧ• то оскѫбѫть крилѣ родителемъ• и оближѫть очи их͗• и грѣѭть подъ своими крилꙑ гнѣꙁдо сътворьше• и ѭни бѫдѹть• родителе ихъ• гл҃ще родителемъ|
239b| своимъ• ꙗко и вꙑ дрѣвле створисте намъ• и трѹдисте сѧ дѣлаѭще и кръмѧще• и мꙑ такожде вамъ створихомъ• тако и мꙑ словесьни сѫще• не ꙁѣло ли паче въꙁлюбимъ родителѧ своꙗ• да не въꙁдъхнѹть ѹбо на нꙑ• непольꙁьно бо намъ се паче и врѣдовьно• и въ истинѫ• обрѣтаемъ бо сѧ о҃цедосадителе• и мт҃редосадителе• въ ꙁаконѣ ѱано есть• чьти оц҃а своего и мтр҃ь своѭ•|
239c| да благо тебѣ бѫдеть• и бѫдеши длъголѣтьнъ на ꙁемли• и ꙁълословесѧ оц҃а и мт҃рь• съмрьтью да ѹмьреть• такожде и исаиꙗ гл҃ѧи оц҃ю ч͗то родиши• и м҃ти ч͗то болиши• раꙁѹмѣѭ аꙁъ ꙗко жестокъ еси• и жила желѣꙁна вꙑꙗ твоꙗ• инъ же• чьтꙑи оц҃а• въꙁдрадѹеть сѧ о чадѣхъ• и въ дн҃ь млт҃вꙑ своеꙗ послѹшанъ бѫдеть• и пакы• млт҃ва оч҃а• ѹтврьждаеть домꙑ|
239d| чадъ• клѧтва же мтр҃нѧ искоренѧеть до основаниꙗ• и павлъ• чада послѹшаите родитель вашихъ о г҃и• се есть рече правьдьно• чьти о҃ца своего и мт҃рь своѭ• еже есть ꙁаповѣдь прьваꙗ въ обѣтованиихъ• и пакꙑ• чада да ѹчать сѧ• прѣжде свои домъ бл҃говѣрьимь строити• и чьсти въꙁдати родителемъ: се бо ѥсть добро и приꙗтьно прѣдъ б҃мь: и притъчьникь:|
240a| с҃нъ коварьнъ послѹшьливъ о҃цѫ• с҃нъ ослѹшьливъ• погꙑбѣли бѫдеть• и пакꙑ• ꙁълословѧи о҃ца и м҃трь• ѹгашаеть свѣтильникъ свои• и пакꙑ иже нѫдить о҃ца ли мт҃рь• и м͗нить сѧ не съгрѣшѧꙗ• сь причастьникъ есть морю нечьстивѫ• то же и г҃ь къ фарисѣѡмъ• поч͗то вꙑ прѣстѫпаете ꙁаповѣдь бж҃ьѭ• ꙁа прѣдаание ваше• б҃ъ бо ꙁаповѣда г҃лѧ• чьти о҃ца своего и мт҃рь своѭ• и ꙁълословесѹꙗї|
240b| о҃ца ли мт҃рь съмрьтьѭ да ѹмьреть• вꙑ же гл҃ете иже колижьдо речеть о҃цѫ или мтр҃и и коварьнъ• еже есть даръ• иже колижьдо отъ мене• и польꙁевалъ сѧ еси• не поч͗теть о҃ца своего ни мт҃ре• нъ си ѹбо довъльна прѣдъставити• ꙗко длъжьни есмъ• в͗сѫ чьсть отъдаꙗти родителемъ нашимъ• подобаеть же и сего не невѣдѣти• ꙗко не тъчьѭ плътьнꙑхъ родитель• сихъ истѧꙁаеми|
240c| есмъ• нъ и дхв҃нꙑмъ нашимъ оц҃емъ• длъжьни есмъ большѫ чьсть• и слѹжьбѫ творити• да блг҃ние бж҃ье ихъ ради наслѣдѹемъ• не хѹжде бо и ти трѹждаѭть сѧ насъ ради• паче и ꙁѣло большьми• понеже ѹбо они плътьнѣ и• сьи же дхв҃нѣ ны раждаѭть• симъ же в͗сѣмъ не тъчьѭ словом͗ нъ и дѣломь г҃ь нашь иꙁѫчаеть нꙑ• бѣ бо рече повинѫꙗ сѧ|
240d| мт҃ри и о҃цѫ его• и на крс҃тѣ къ ѹченикѹ• се м҃ти твоꙗ• и къ мт҃ри се с҃нъ твои• емѹже слава въ вѣкы АМИН р҃ѳ ⁘ О ТОМЬ ѤЖЕ ГОВѢТИ СТАРЦЕМЪ ⁘ И еже говѣти старьцемъ• ꙁѣло годѣ есть б҃ѹ• и члвк҃мъ похвально• и еже длъжнѫемѹѭ чьсть въꙁдаати|
241a| старьцемъ• такожде б҃ѹ ѹбо благоприꙗт͗но• намь же ꙁѣло потрѣбно и польꙁ͗но• аще бо и мы толикоже лѣтъ поживемъ• то тожде ѹбо въꙁдаание имѣти въч͗немъ• аще ли беꙁгодномь въꙁдрастемъ• отидемъ отъсѫдѹ• то имамъ г҃а нашего мьꙁдовъꙁдателѧ• и тъ ѹбо имьже мьꙁдоподатель есть• любо вь старости любо въ ѭности• рече бо• имьже обраꙁомь|
241b| сътвориши бѫдеть ти• прьвꙑи ѹбо моси ꙁаповѣдаеть гл҃ѧ• отъ лица сѣда въстани• и почьти лице старьче• иѡвъ же• въ м͗ноꙁѣ лѣтѣ мѫдрость• а въ м͗ноꙁѣ житии хѫдожьство• и инъ• вѣньць старьцемъ многое искѫшение• и похвала имъ страхъ г҃нь• и павлъ тимотѹ• стар͗цѫ не створи пакости• нъ ѹтѣшаи ꙗко о҃ца• нъ вьсѧко речеши ми• подобаеть|
241c| старцемъ трѣꙁвьниимъ бꙑти чистомъ• съдравѫѭщиимъ вѣроѭ и любъвьѭ по ап҃лѹ• старость бо чьстьна есть не многолѣтьна• ни числомь лѣтъ съчьтет͗ сѧ• сѣдины же сѫть мѫдрость чл҃комъ• и лѣто старости• житье бескврьн͗но по книгамъ• сего не намъ есть сѫдити• нъ искѹшаѭщѫмѹ ср҃ца нашѧ б҃ѹ• намъ же есть въꙁдаати|
241d| длъгꙑ• емѹже страхъ• емѹже чьсть• не тъчьѭ бл҃гꙑмъ• и смотрьливъимъ• нъ и ꙁълꙑимъ• и братолюбиемь въ себѣ любьꙁни• чьстьѭ дрѹгъ дрѹга вѧщьшѧ творѧ• ѱано бо есть• с҃не аще мѹдръ бѫдеши• себѣ бѫдеши мѫдръ• и искрьниимъ• аще ли ꙁълъ бѫдеши• единъ почрьпеши ꙁълаа• такожде и петръ• юнии покорите сѧ старьцемъ• вси же себѣ повинѹѭще сѧ съмѣрение|
242a| сътѧжите• ꙁане б҃ъ гръдъимъ противить сѧ• съмѣренымъ + даеть благодѣть• съмѣрите сѧ подъ крѣпъкоѭ рѫкоѭ бж҃ьеѭ• да вꙑ въꙁнесеть въ врѣмѧ• лѣпо ѹбо есть намъ крьстьꙗнꙑмъ• в͗сѣмъ въꙁдаꙗти длъгꙑ• семѹ бо отъ самого г҃а и б҃а сп҃са нашего іс҃у х҃а кажеми есмъ• ꙁа неиꙁдреченьное къ намъ сънитье его• не достоинова бо прити къ иѡанну҇ⷪ|+ же
242b| кр҃ститъ сѧ отъ него• онъ же бранѧше емѹ г҃лѧ• аꙁъ трѣѭ отъ тебе кр҃стити сѧ• а ли тꙑ грѧдеши к͗ м͗нѣ• вл҃ка же рабѹ• остани нꙑнѧ• тако бо есть лѣпо намъ съврьшити в͗сѫ правьдѹ• томѹ съврьшителю всемѹ добрѹ слава въ вѣкꙑ вѣком АМИН р҃ї ⁘ О ДЛЪГОТРЬПѢНИИ ⁘|
242c| ⁘ И СКОРОгнѣвии ⁘ Вс͗ѧ ѹбо добрꙑꙗ дѣтѣли хвальнꙑ• и благоприꙗт͗нꙑ• а трьпѣливъи и беꙁгнѣвьливъи• сь прѣмѫдръ и раꙁѹмивъ• неоплаꙁивъ и кротокъ• таковꙑи всѫдѹ ѹкрашенъ есть• и отъ своего длъготрьпьꙗ• ꙁьдание искрьниимъ бꙑваеть• и обрѣтаеть сѧ чадо длъготрьпѣливаго• носѧщаго присно съгрѣшениꙗ|
242d| нашѧ• бѫдѣте бо рече съврьшени ꙗко и о҃ць вашь нбс҃нꙑи• ꙗкоже бо источьникъ тихъ вьсѣмъ приходѧщиимъ• сладъко питье даваеть• тако трьпѣливъи мѫжь• трьпѣливаго лице и обꙑчаи присно съпрѧтано• и очи его тихо глѧдаета• трьпѣвъ мѫжь м͗ногъ въ мѫдрости• а напраснодш҃нъи крѣпокъ беꙁѫмьль• трьпѣливъи тихъ• беꙁмѹтьнъ•|
243a| носьливъ присно обрѣтаеть сѧ• своихъ в͗сегда смотрѧ• а не искрьнѧго прѣгрѣшеньи и пекꙑ сѧ како ѹгодити б҃ѹ• аще ли к͗то трьпѣли бѫдеть• то д҃хъ ст҃ъи въселить сѧ въ нь• чистъ не омрачаемъ• отъ иного ꙁъла дх҃а• нъ въ пространѣ живꙑ радѹеть сѧ съсѫдомь въ немьже живеть• и послѹжить г҃ю тихостьѭ многоѭ• аще кое острогнѣвъе|
243b| наидеть• абье д҃хъ ст҃ъи въстѫжитъ• не имъ мѣста чиста• и ищеть отъстѫпити• ꙁане не имать мѣста слѹжити г҃ю• ꙗкоже хощеть• въ трьпѣливѣмь б҃ъ живеть• а въ напраснѣмь диꙗволъ• обѣма же дх҃ома въкѹпѣ живѫщема нестроино есть• и ꙁъло чл҃кѹ въ немьже живете оба д҃ха• аще бо въꙁьмъ пелꙑна мало въ съсѫдъ медвьнъ|
243c| вълѣеши• то не вьсь ли медъ прокѹдѣеть• и толико меда отъ мала пелꙑна погꙑбнеть• погѫбить бо сладость и горькъ бѫдеть• и не имать хвалꙑ отъ вл҃дкꙑ своего• ꙁане огорьчаеть• видиши ли ꙗко трьпѣлье• сладъко есть паче меда• и благопотрѣб͗но г҃ю• а напрасное горько и непотрѣб͗но есть• аще ѹбо съвъкѫпить напрасние и длъготрьпие• то оскврьнѧеть|
243d| длъгод҃шье• и не бѫдеть потрѣб͗но б҃ѹ моление его• острогнѣвье бо ꙁъло сꙑ раꙁвращаеть рабꙑ бж҃ьꙗ тождедѣаньꙗ• егда бо видить чл҃кꙑ строинꙑ сѫща• вътъкнеть сѧ въ ср҃дце чл҃кѹ• и ни отъ чесоже гнѣваеть сѧ житиискъихъ ради вещии• или о брашьнѣхъ• или малословье етеро въпаде сѫетьно• или о дааньи и о въꙁѧтьи• или о таковъихъ вещехъ• си бо всѧ ѭродьна сѫть•|
244a| и тъщетьна рабомъ бж҃ьемъ• а трьпѣние велико есть и крѣпъко• имѣꙗи силѹ многѫ и обильнѹ• и веселѧ сѧ и бес печали сꙑ славить б҃а• нич͗соже в͗ себѣ имꙑ горька• кротъко и млъчаливо• се ѹбо длъготрьпье живеть• съ имѫщиими• вѣрѹ в͗сѫ цѣлѹ• а напрасние беꙁѹм͗но есть• таче отъ беꙁѹмьꙗ есть горесть• отъ ꙗрости же горесть и гнѣвъ• отъ гнѣва вражьда•|
244b| с҃тъи ѹбо д҃хъ• ꙗко мѧкокъ сꙑ• и не имꙑ обꙑчаꙗ съ жестокъими и ꙁълъимь д҃хмь• отидеть отъ чловѣка таковаго• и ищеть въселить сѧ съ трьпѣливъимь• и бѫдеть чл҃къ тъщь д҃ха праведьнаго• и в͗сь осльпаеть отъ съмꙑсла благаго• рече же и соломонъ• лѹче мѹжь трьпѣливъ• крѣпъка• и ꙗкоже искѹшаеть сѧ ꙁлато и срѣбро въ пещи• тако иꙁбьранаа|
244c| ср҃ца искѹшаеть б҃ъ по книгамъ• и пакꙑ• кротъкодш҃ьнъ мѫжь погашаеть сѫдъ• и пакꙑ иже щедить слово• испѹстити жестоко раꙁѹмивъ• и пакꙑ чадо• аще пристѫпиши работати г҃ю• ѹготови дш҃ѫ своѭ въ напасть• ѹправи ср҃це свое и сътрьпи• в͗се же аще наведеть + на тѧ приими даръ• и въ иꙁмѣненꙑхъ• мѣрениꙗ твоего длъготрьпи•|+ сѧ
244d| вѣрѹи емѹ и подъимѹть тѧ• и мꙑ ѹбо братье длъготрьпиимъ поимъ съ двд҃омь• искѹси мѧ и ѹвѣждь ср҃це мое• испꙑтаи мѧ и поꙁнаи стьꙁѧ моꙗ• и ѹвѣждь аще пѫть беꙁаконеньꙗ въ м͗нѣ есть• и настави мѧ на пѫть вѣчьнъи• ꙗко аꙁъ въ неꙁълобьи моемь ходихъ• иꙁбави мѧ г҃и и помилѹи мѧ• и мѧ же ꙁа неꙁлобѫ моѭ приꙗтъ• и ѹтврьди мѧ|
245a| прѣдъ собоѭ въ вѣкъ• гл҃еть же и соломонъ• трьпѣливъ мѫжь мѫдръ• и несъмꙑсльнѫ въпрошьшѫ прмдр҃сти• прм҇ⷣсть емѹ въмѣнить сѧ• сѣтована же и глѹха к͗то себе сътворь• непьщѫеть прѣмѫдръ бꙑти• и пакꙑ• милостивъ мѫжь длъготрьпить• и иꙗковъ• потрьпите братье• до пришиствьꙗ г҃нѧ• се дѣлатель жидеть• драгаго плода ꙁемлѧ трьпѧ о немь• дон͗деже|
245b| прииметь дъждь ранъ и поꙁдьнъ• потрьпите и вꙑ притъчѧ приимѣте• ꙁълострастьꙗ и трьпѣньꙗ пр҃кꙑ• и въ еванъгелии п͗сано есть• видѣвъша же рече ѹченика• иꙗковъ и їѡанъ ꙗко не приꙗшѧ ихъ самарѧне• рѣста г҃ю• хощеши ли да речевѣ огнѫ съ нб҃се и погѹби ꙗ• ꙗкоже и илиꙗ створи• обращь же сѧ іс҃ъ• ꙁапрѣти има и рече• не вѣста коего д҃ха еста• с҃нъ|
245c| бо чл҇ⷡчь нѣсть пришьлъ д҃шь чл҃чь погѹби нъ спс҃тъ• емѹже слава въ вѣкꙑ вѣкомъ АМИН рі҃а ⁘ Ꙍ ИГОУМЕНѢхъ:  Рѣшѧ книгꙑ• ꙗже начатъ іс҃ъ творити же и ѹчити• прьвѣе сътвори ти тако наѹчи• такожде и самъ ꙁаповѣдаеть г҃лѧ• иже створить и|
245d| наѹчить• съ великъ наречеть сѧ въ црс҃твьи небесьнѣмъ• приемлѧи отъ г҃а дѹшѧ• многа подвига трѣбѹеть• о обладаемꙑхъ ꙗко вѣдꙑ иде ꙁа нѧ• подъиметь бѣдѹ и отъвѣтъ• не хѹжде своего• емѹже бо и дашѧ• многа лишьша въспросѧть отъ него• длъжьнъ ѹбо есть пастꙑрь в͗сь ѹмомь и окомь бꙑти• да ни едино порѹченъихъ емѹ питѣньи не приꙗто|
246a| бѫдеть ꙁа лѣность• или лишаиво отъ помꙑшленьи• или краставо съложениемь ихъ• или хромо неподобномь стѹпаниемь• или кръно ослѹшаниемь• или слѣпо ꙁъломь въꙁорокомь• ꙗкоже ѹбо рѣхъ• вѣдꙑ ꙗко слово ꙁа нѧ прииметь• вельми длъжьнъ есть бъдѣти о стадѣ своемь• ꙗко хꙑтръ врачь• подобно есть комѹжьдо ихъ прилежьно творити•|
246b| вѣгодъи ѹбо игѹменъ• не оставить ꙗꙁвьнѹ быти ѹченикѹ• ꙗꙁвьна же бꙑвъша исцѣлить скоро• тꙑ ѹбо игѹменъ въорѫжи прохраньливъими словесꙑ своꙗ ѹченикꙑ• и въбрьни• обѣщаниемь бѫдѹщиихъ благъ• огради щитомь вѣрꙑ истин͗нꙑ• и съврьши ѹпъваниемь еже въ х҃а• обножи ноꙁѣ еван͗гельскъими ѹченьи• и прѣпоꙗши|
246c| чрѣсла цѣломѫдрьꙗ словесꙑ• даждь мечь въ рѫкѫ на страсти• ꙗрость острѫ• и противи сѧ плъкѹ страстьи• и сластьи• не двигни гнѣва на съгрѣшьша ѹченика• нѣсть бо подобьно ѹꙗꙁвити• прѣжде иꙁлѣченьꙗ дрѹжьнѧ• нъ бе-ꙁълобꙑ исправлѧи таиное• ибо и врачь лѣкѹеть• ѹврѣдь не недогодѹеть же неволеѭ въ ꙗꙁѫ въпадъшаго•|
246d| ꙗкоже ѹбо врачь рѣжа беꙁ гнѣва се творить• тако и ѹчитель обличаꙗ• не примѣшаꙗ къ обличениѭ гнѣва• ни пакꙑ ꙁа прѣкословесѧщѧꙗ прѣмлъча подобнаго• да не единого врѣдь на многꙑꙗ въꙁидеть• ни подобаеть длъготрьпѣти• ни искати своеꙗ польꙁѧ• нъ м͗ногъихъ да спс҃ть сѧ• ни пакꙑ приимати въ повинованьи твоемь сѫщаго|
247a| гл҃щѧ• даждь ми власть етеро врѣмѧ къ добрѣ дѣтѣли• сьѭ или сьѭ вещь искѹсити• ти тако искѹсити• еже бо тако гл҃еть ꙗвѣ• ꙗко своѭ съврьшаеть волѹ• и обѣтьи повинованиꙗ ѿмещеть• трѣбѣ же и сего чаꙗти въ трьпѣньи• питѣꙗи бо спѣш͗нѣ• повиновавъшѧꙗ сѧ словесемъ бж҃ьемъ• да ѹготовить плещи свои на ранꙑ мꙑсльнꙑꙗ• и в͗сѧ напасти да подъиметь|
247b| добле• бꙑваеть бо ꙗко ѹчитель• въ бечьстье въпадаеть сѧ• мꙑ бо рече бе-чьсти• и пакости приемлемъ• стрѣкателъмь• вꙑ же крѣп͗ци и славьни бꙑсте• подобаеть ѹбо бж҃ьѭ чл҃кѹ на в͗се дѣло благо и слово• приготовленѫ бꙑти и ѹкрашенѫ• и бл҃гообраꙁьнѣ• и по чинѫ в͗се творити• на обраꙁъ своихъ мьньшинъ• игѹменъ отъ дѣловьнаго начальꙗ• наричеть|
247c| сѧ игѹменъ• имѧ бо просто не въводить въ црс҃тво небс҃ное• ни слово беꙁдѣльно• польꙁѹеть слꙑшащѫмѹ• нъ дѣание сильно• истин͗на пастѹха• ѹчителѧ ѹкаꙁѹеть• створьи бо единѫ отъ ꙁаповѣдь и наѹчивъ• сь великъ наречеть сѧ въ црс҃твии нбс҃нѣмь• и раꙁарѧꙗи беꙁдѣльимь ꙁаповѣдь• и ѹчѧ беспод͗нъимь словесемь• малъ наречеть|
247d| сѧ• паче же и напа бѣгѹнива приеметь сѫдъ• влъкѹ расхꙑщаѭщѫ стадо его и распѫждаѭщѹ• трѣбѣ ѹбо емѹ есть въ в͗семь благорасѫдивѫ бꙑти• и повелѣвати же кротъцѣ не нѹждьнѣ• нъ вольнѣ• ослѹшаемъ же длъготрьпѣти и отъраждати• да не ѹслꙑшить отъ дв҃да• съꙁидаꙗи трѹдъ на повелѣние• и отъ соломона• ѭтробꙑ нечьстивъихъ|
248a| беꙁ милости• нъ паче да слꙑшитъ• смотрьнѣ раꙁѹмѣваи д҃ше стада своего• и пристави ср҇ⷣце свое своихъ стадѣхъ• и ѹпасеть правьдникъ д҃шѫ скотъ своихъ• подобаеть же пакꙑ не прѣмлъчавати грѣхованꙑ ихъ• с҃не бо рече чл҃чь• блюстелѧ дахъ тѧ домѹ иі҃левѹ• аще ѹбо видить стражь орѫжье грѧдѹще• и въстрѹбить• ти слꙑшавъи не съхранить сѧ•|
248b| то кровъ его на главѣ его• и блюстель аще видить орѹжие• кровъ его иꙁ-д-рѹкы стражевꙑ иꙁищѫ ꙋвѣдѣвъше бо игѹмени• прилежѧщѫѭ вамъ о ѹченицѣхъ бѣдѹ• бъдромь ѹм͗номь окомь• прѣсѣщѧѭще стада словесьнаго г҃нѧ• бѫдѣте по иꙗковѹ• съгараѭще ꙁноемь дьньѭ и ледомь нощьѭ• и да отъстѹпить сонъ отъ очьѭ вашеѭ• да не ꙁвѣремь|
248c| истравлено бѫдеть• ниединоже отъ овьчатъ• блюдѣте сѧ да не ѹслꙑшите се аꙁъ на пастѹхъ• и въꙁищѹ овьць своихъ отъ рѹкъ ихъ• не иꙁискашѧ бо пастѫси овьць моихъ• и пасошѧ сѧ сами• а овьць моихъ не пасѧ• и иеремиемь• о пастѹси• погѹблѧѭщеи и растачаѭщеи овьца паствинꙑ моеꙗ• се аꙁъ мьщаѭ васъ• и на ꙁълаа начинаньꙗ|
248d| вашѧ• мѹжа ѹбо съврьшена говѣина• и подвижьника есть слѹжение• ꙗко да бꙑ видѣлъ хѹдожьнаа области братьеѭ• по гл҃ющиимъ к͗нигамъ• игѹмена ли тѧ поставишѧ• не въꙁноси сѧ• попьци сѧ и тако сѧди• и в͗сѫ потрѣбѫ своѭ створь въꙁлѧꙁи• рече же и гедеонъ тремъ сътомъ борющиимъ сѧ съ нимь• отъ мене ѹꙁьрите• и тако створите• такожде|
249a| и авимелехъ• въꙁьмъ брѣмѧ дръвъ• и въꙁложь на рамѣ свои рече сѫщиимъ съ нимь людемъ• ꙗкоже видиши мѧ творѧща• творите и вꙑ• и ѡ ѡсифѣ пѣсньникъ• постави и г҃а домѹ своемѹ• и к͗нѧꙁѧ в͗семѹ сътѧжаниѭ своемѹ• да наѹчить к͗нѧꙁѧ его ꙗко самъ сѧ• и старьца его ѹмѫдрить• и павлъ• накаꙁаѭще в͗сего чл҃ка• и ѹчаще вь в͗сѫ мѫдрость•|
249b| да ѹстроимъ в͗сего чл҃ка• съврьшена о х҃ѣ с҃ѣ• въ ньже и трѹждаѭще сѧ и подвиꙁаѭще сѧ• и тимотѹ• вънимаи чьтеньѭ ѹченьѭ ѹтѣшеньѭ• прилежи ихъ• и ефесиемъ• пом͗ните рече• ꙗко три лѣта не почихъ д҃нь и нощь• съ сльꙁами ѹча единого когож͗до васъ• и пакы сребрѹ ли ꙁлатѹ ли риꙁамъ• ниединомѹже въсхотѣхъ сами вѣсте• ꙗко трѣбованиѭ|
249c| моемѹ• и сѫщиимъ съ м͗ноѭ послѹжисте рѫцѣ си• в͗сѧ съкаꙁахъ вамъ• ꙗко тако трѹждаѭще сѧ• подобаеть подъимати немощьнꙑꙗ• такожде и їгѹменъ обраꙁъ да бꙑваеть• ставъ всеѭ правьдоѭ• и житиимь ст҃ꙑимь прп҃дбнѣ• и правьд͗нѣ живꙑ• съблюдаꙗ елико сѫть пр҃чста• елико говѣина• еже добродѣанье и еже похвала• еже благославьно|
249d| польꙁѫ исправление• да бꙑваеть отъ него мьщати емѹ• мѣста в͗сѣмь прилежаниемь дх҃ов͗нꙑмь пещи сѧ совъкѹплениемь ѹдобьнꙑмь• егоже нич͗тоже добрѣе• в͗сѧ носити ꙗкоже и того г҃ь• в͗сѧ приимати любовьѭ• млт҃вѹ дѣати о в͗сѣхъ непрѣстанно• просити раꙁѹма дх҃вна на расмотрение в͗семѹ польꙁьнѹмѹ• бъдѣти и пещи сѧ о|
250a| в͗сѣхъ• и недѹгꙑ носити• ꙗкоже съврьшьнъ страдальць• идеже бо большь трѹдъ• м͗нога приобрѧщѧ• добрꙑ ѹченикы аще любить• хвалꙑ емѹ нѣсть• нъ паче непокоривѣишѧ кротостиѭ покарѧти нꙑ в͗сь врѣдъ• тѣмьжде пластꙑрьмь лѣкѹеть сѧ• раꙁдраженьꙗ всѣхъ ꙗко ꙁмьи• и кротъкꙑꙗ ꙗко голѹби• да ꙗвѣ сѫщаꙗ емѹ въ лице•|
250b| а невидимаа да просить ꙗвити емѹ• да ничесоже лихъ бѫдеть• нъ въ в͗сеи бл҇ⷣти да иꙁобилѹеть• врѣмѧ бо истѧꙁаеть и• ꙗко кръмьчи противѫ вѣтромъ• и бѹрѧмъ д҃холѹкавьнъихъ стоꙗти крѣпъцѣ• и наставити трѹждаѭщаꙗ сѧ• въ пристанище волѧ бж҃ьꙗ• гл҃еть же и г҃ь• иже хощеть въ васъ больи бꙑти• бѫди всѣмъ рабъ• и в͗сѣм͗ слѹж͗никъ|
250c| и болии въ васъ ꙗко мьнии• и старѣиї ꙗко слѹжа• и ꙗко рече сѧ• обраꙁъ да бѹдеть о в͗семь сѫщиимъ подобни съмѣреномѫдрьꙗ• ꙗкоже и г҃ь г҃лѧ• с҃нъ не приде да слѹжать емѹ• нъ да послѹжить• и дасть д҃шѫ своѭ иꙁбавление ꙁа многꙑ• и пакы• вꙑ же не нарицаите сѧ настав͗ници• единъ бо есть навставьникъ вашь х҃ъ• емѹже слава въ вѣкꙑ вѣком|
250d| АМИН рі҃в ⁘Ꙍ ОТЪРИЦѦНЬИ⁘ Отърицаꙗи сѧ• длъжьнъ есть помꙑшленьимь прѣстѹпити• отъ видимꙑхъ невидимꙑхъ въꙁирати• видимаа бо врѣмен͗на сѫть• а невидимаа вѣчна• сего бо ради именѹеть сѧ отъреченье• ꙗко ꙁемльнꙑхъ отърицаѭще сѧ• нб҃снѹмѹ обѣщаваемъ сѧ• и сьдещьнее|
251a| очс҃тво оставлѧѫще• ищемъ иїм҃а• миромꙑсльнꙑхъ отъходѧще• дх҃вьныхъ съпрѧмлѧемъ сѧ• аще хощемъ сътѧжати добрꙑꙗ дѣтѣли• то имѣимъ въꙁдрьжанье• трьпѣние• съмѣрение• надъ вьсѣми же сими• частѹѭ мл҃твѹ• и ѹдобь съврьшимъ• на неже чьстимъ сѧ• ꙗкоже бо хотѧ съꙁьдати хроминѫ• в͗се вещьство прѣжде ѹготовить на съконьчанье•|
251b| и їже свои храмъ• сирѣчь съꙁьдание храминꙑ• начьнъ обитѣли троицѧ• аꙁъ бо рече и оц҃ь мои придевѣ• и прѣбꙑвание въ немь створивѣ• и д҃хъ живеть въ васъ къ съврьшениѭ• добродѣтѣльнѹ бꙑти житьѭ• рѧдов͗ное есть въꙁдрьжѧние• и трьпѣнье и мѣреномѫдрье• и млт҃ва• неиꙁдреченнѫ бо и непрѣстаннѫ правьдѹ• трѹди и подвиꙁи раждаѭть• и ничьтоже|
251c| трѹди противѹ великотѣ• благославьꙗ добродѣаниемь раждаемаго• ꙗкоже и г҃ь въꙁвѣщаеть• ꙗко скръбь їмѣти имате въ мирѣ семь• ꙗвѣ бо ꙗко подвигъ и страстьи трꙑꙁнь есть нꙑнѣщьнее житье• а почестьи грѧдѹще• въꙁлюбимъ ѹбо г҃а цѣломѫдрьнѣ• да подасть намъ ꙗже обѣща благаа любѧщимъ и• ихъже око не видѣ и ѹхо не слꙑша•|
251d| и на ср҃це чл҃че не въꙁиде• подвигнѣмъ сѧ ѹдолѣти плъти• и мꙑсли еꙗ дх҃омь бж҃иемь• одолѣимъ сотонѣ ꙁмьѭ• ѹкрѣплѧѭщиимь нꙑ дх҃мь• въꙁьмѣмъ крс҃тъ• идѣмъ въ слѣдъ побѣдотворьца ис҃а• подвигнѣмъ сѧ тещи правѣ и надежьнѣ• да постигнемъ• въꙁдаждѫ вꙑшьнѧго ꙁъваньꙗ о х҃ѣ• вьсь бо текꙑ иꙁвѣстьнѣ а не неиꙁвѣстьнѣ• постигнеть почьсть отъреченьꙗ:|
252a| и чистотꙑ многотрѹдьное• и м͗ногомьꙁдьное богатьство• пишеть же петръ• ꙗко новорождени младеньци г҃лѧ• словесьное беꙁльстьное млѣко въꙁлюбите• да о немь въꙁдрастете• ꙗже въꙁдращаеть и просвѣщаеть чл҃ка• добрꙑми дѣлꙑ• и павьлъ• облѣцѣте сѧ въ в͗сѧ орѹжьꙗ бж҃ьꙗ• да въꙁможете стати противѫ къꙁнемъ непрьꙗꙁниномъ• ꙗко нѣсть наша брань къ кръви и плъти• нъ къ властемъ|
252b| къ влчс҃твомъ• къ миродрьжителемъ тьмꙑ• къ дх҃овьнꙑмъ ꙁълобꙑ• и пакꙑ• надъ вьсѣми приимъше щитъ вѣрѫ• въ немьже въꙁможете в͗сѧ стрѣлꙑ ꙁълаго раждьженꙑꙗ ѹгасити• молѧще сѧ въ всѧ врѣмена• и в͗се само бъдѧще• и въ в͗семь трьпѣньи• и мл҃твѣ• тако бо подвиꙁаѭще сѧ• въꙁможете въ истинѹ в себѣ обраꙁити обраꙁъ хв҃ъ всѣмъ житьимь• привѣтомь• словомь•|
252c| дѣломь• трьпѣньемь• мѹжьстомь• мѹдростьѭ• цѣломѫдрьемь• правьдоѭ• длъгодѹшьемь• беꙁълобьемь• бл҃гочьстьемь• прп҇ⷣбиемь• въꙁдрьжаниимь• вѣроѭ• ѹпъваньемь• любовьѭ съврьшеноѭ къ б҃ѹ• сѫщии бо истиньни подвижьници• в͗сего въꙁдрьжѧть сѧ• всеѭ добродѣтельѭ• и ꙁаповѣдьѭ бж҃ьеѭ живѫть• ꙗкоже реже ап҃лъ• мꙑ живи въ съмрьть|
252d| прѣдаемъ сѧ х҃а ради• да и животъ ис҃въ ꙗвить сѧ въ мрьтвьнѣи плъти нашеи• вѣмъ бо ꙗко ꙁемльнаꙗ наша храмина тѣлесьнаа раꙁорит͗ сѧ• съꙁьдание отъ б҃а имамъ• храминѹ нерѹкотворенѹ на нб҃сехъ• ибо о семь въꙁдꙑхаемъ въ жилище наше нб҃сное• облѣщи сѧ желаѭще• аще ли облъкъше сѧ• наꙁи обрѧщемъ сѧ• чрьнориꙁьць не имать власти ни о чесомьже• ни волѧ своеꙗ:|
253a| не живѫ бо рече юже аꙁъ• живеть же въ м͗нѣ х҃ъ• и пакꙑ• не оженеи сѧ• печеть сѧ гс҃кꙑми како ѹгодити г҃ѹ• и съврьшити дѣло его• ꙗко да прославить сѧ вѣч͗нѣ• плътьнии бо дхв҃нꙑхъ дѣати не могѹть• ни дх҃внии плътнꙑхъ• подобаеть ѹбо хотѧщѫмѹ• ан͗глс҃кꙑмь пожити житиемь сътѧжати мѫдрость ꙁмиинѭ• и кротость голѹбинѭ• да раꙁѹмѣваеть в͗се что|
253b| е волѧ бж҃ьꙗ• добраа и ѹгоднаа• и съврьшенаа• да прославить сѧ б҃ъ въ в͗сѣхъ• бг҃очьстивъимь нашимь чиномь• и чистꙑмь житиемь• да ꙁьрѧщеи насъ поꙁнаѭть• ꙗко племѧ с҃то и бл҃но есмъ с҃на б҃а жива• въ в͗семь словеси• стꙑдьливи кротостьѭ• житьемь• въниманиемь• тѣм͗же ни о чьсомьже подобить сѧ мирьнꙑмъ• ни по единомѹже обраꙁѹ•|
253c| нъ бг҃очьтивъимъ бг҃очьтьꙗ нашего ѹчителем͗• всѣмь ѹмѣниимь• мѫдростьѭ и прав͗доѭ• в͗се ѹбо тврьдьѭ храни своѭ свѣщѫ• чистостьнѫѭ• ꙗкоже и хв҃и дрѹꙁи• порьвьнѹи ихъ житиѭ• бѫди ꙗко иѡанъ хв҃ъ пр҇ⷣча• чистъи гн҃ь вѣстьникъ• и иѡанъ напрьсокъ г҃нь• егоже и люблѧше ис҃ъ ꙗко чиста• павлъ варнава• тимотъ• иже течение чистотꙑ• и подвигъ|
253d| бескврьньнѣ съврьшишѧ• ꙗко истин͗нии подоб͗ници хв҃и• нъ и їлиїно• и иѥлисѣово• и инѣхъ житье• обрѧщеши таково• чисто и непороч͗но• аще же симъ хощеши подобити сѧ• сильнѣ подобити сѧ стр҃пцемъ• ихъже въꙁираѭще• исхода подобите сѧ• житьѭ и вѣрѣ• и еже подобити ми бꙑваите• ꙗкоже и аꙁъ х҃ѹ• ꙗко хв҃и подобителе сильнѣ подобѧть сѧ так҇ⷪвиї•|
254a| и блажени сѫть• рече же и г҃ь къ ѥтерѹ• ходи въ слѣдъ мене• онъ же гл҃а емѹ• г҃и повели ми дрѣвле шьдъше погрети оц҃а моего• рече же г҃ь• остави мрьтвꙑꙗ погрети своꙗ мрьтвьцѧ• рече же и дрѹгѹмѹ• ходи по м͗нѣ• онъ же рече• г҃и повели ми ити и ѿрещи сѧ иже сѫть въ домѹ моемь• онъ же рече емѹ• ник͗тоже въꙁложь рѫкꙑ своеꙗ на рало• и ꙁьрѧ въспѧть• ѹправленъ есть въ|
254b| црс҃тво нб҃сное• и приводить• иже грѧдеть въ слѣдъ мене• и не въꙁненавидить оц҃а своего• и мт҃ре и женꙑ и дѣтии• и сестръ• еще же и д҃шѧ своеꙗ• не можеть мои бꙑти ѹченикъ• и иже хощеть по м͗нѣ ити да ѿврьжеть сѧ себе• и въꙁьметь кр҃стъ свои• и грѧдеть по м͗нѣ• да идеже есмь аꙁъ• тѹ и слѹжѧи м͗нѣ да бѫде• славѧ мѧ съ оц҃емь и животворѧщиїмь и ст҃ꙑмъ д҃хмь• въ бесконьчьнꙑꙗ вѣкꙑ вьсѧ|
254c| АМИН рі҃г ⁘О ПОВИНОВАНЬИ⁘ Хотѧи въ повинованьи бꙑти• да съвлѣчеть сѧ своихъ воль• и да облѣчеть сѧ въ сп҃снꙑꙗ сп҃са нашего• и да въꙁьметь крс҃тъ свои по словеси его• и ходить въ слѣдъ его• хотѧи въ покореньи бꙑти• да оставить мрьтвꙑꙗ своꙗ волѧ мрьтвымъ• и їметь сѧ живꙑхъ съ живꙑми•|
254d| мꙑслѧи въ покореньи бꙑти да ѹмрьтвить сѧ• отъ врѣменьнꙑꙗ жиꙁни• и да дрьжить• еже небрѣгомѫ бꙑти• да сѫщаꙗ вѣчнꙑꙗ жиꙁни вънѹтрь бѫдеть волѧ• и пѫтьмь ꙁаповѣдьи г҃нь тещи• и въ пространьство ити• и свѣтьлъ бꙑти• да бѹдеть ꙗко и бѣлимаа риꙁа• ꙗкоже бо и ѡна бѣльчьеѭ пьхома и гладима ѹбѣлѣеть•|
255a| и ꙗко снѣжьна бѹдеть• такоже иже въ повиновании сꙑ• отъ м͗ногъ досаждаемъ• ѹкарѧемъ• съмѣрѧемъ ѹчистѣеть• и бѫдеть ꙗко и раждиꙁаемо сребро бльщѧ• желаꙗи въ съврьшеное покорение• прѣдъспѣти• в͗се да оставить непольꙁьное• и їметь сѧ въ польꙁѫ въносѧщиихъ• бѫдеть истиненъ хв҃ъ ѹченикъ• да речеть съ петромь• се мꙑ оставихомъ в͗сѧ и въ слѣдъ|
255b| тебе идохомъ• ч͗то ѹбо бѫдеть намъ• оставимъ братие волѧ нашѧ• ꙁемлеплъꙁ͗нꙑꙗ• и ꙁаповѣди сп҃са нашего съхранимъ вꙑсоколетьнѫѭ• ꙗже въꙁведеть нꙑ въ вꙑшьни и҃їмъ• гл҃еть бо г҃ь слѹшаꙗи васъ мене слѹшѧеть• а слѹшаѧи мене• слѹшаеть посълавъшаго мѧ• подобаеть ѹбо ѹчимꙑмъ ꙗко оц҃а любити сѫщѧꙗ ѹчителѧ• и ꙗко властелъ|
255c| боꙗти сѧ• а не любъве дѣлѧ небрѣщи• или повелѣвати дрѹгѹ• ѱано же е и въ мѹдрости• чьтꙑи оц҃а оцѣстить грѣхꙑ• и боꙗи сѧ г҃а• почьтеть оц҃а своего• и ꙗко вл҃цѣ поработаеть емѹ• и пакꙑ• чьти оц҃а своего и наидеть ти бл҃нье отъ него• и пакꙑ• всѣмь ср҃цемь своимь прослави оц҃а своего• и павлъ• повинѹите сѧ гл҃ѧ игѹменомъ вашимъ и покарѧите•|
255d| ти бо бъдѧть о дш҃ахъ вашихъ ꙗко слово въꙁдати хотѧще• да съ радостьѭ се творѧть• а не въꙁдꙑхаѭще• непольꙁьно бо вамъ се• и пакꙑ• в͗сеѭ дш҃еѭ владꙑкамъ прѣвладѫщамъ повинѹите сѧ• нѣсть бо влч҃ство аще не отъ б҃а ѹчинена сѫть• тѣмьже противѧщеи сѧ влчс҃твомъ• бж҃ьѭ повелѣньѭ противѧть сѧ• и противлѧꙗи же сѧ себѣ грѣхъ приемлеть• и пакꙑ•|
256a| ꙗко раби хв҃и• творѧще волю бж҃ьѭ• отъ дш҃ѧ съ любовьѭ работаѭще ꙗко г҃ѹ• а не чл҃комъ• вѣдѫще• ꙗко отъ г҃а приимете въꙁдаание ваше• и къ титѹ• въспоминаꙗи властемъ и владꙑкамъ• повиновати сѧ• покарѧти сѧ• на все дѣло благо готовомъ бꙑти• а не въпрѣкꙑ гл҃ати• и петръ• повинѣте сѧ в͗сеи чл҃чи власти г҃а ради• ꙗко тако есть волѧ бж҃ьꙗ• добротворѧщи• охлащати|
256b| беꙁѹмьнꙑхъ чл҃къ невѣждьство• г҃ь же• сънидохъ съ нб҃се• не да творю волю моѭ• нъ волю посълавъшаго мѧ оц҃а• емѹже слава въ вѣкы вѣкомъ АМИН рі҃д ⁘О ТОМЬ ѤЖЕ ХРАНИТИ Ꙁ ҇ⷶП ҇ⷪВѢДИ ⁘ Ѥже храни ꙁаповѣди• въ жиꙁньное мѣсто водить чл҃ка•|
256c| а еже прѣстѫпати• съмрьт͗но есть• и семѹ испꙑтнѣ отъ бж҃ьи книгъ наѹчаеми есмъ• аще бо испрьва не бꙑхомъ прѣстѫпали въ ра ꙁаповѣди• то не бꙑхомъ слꙑшали• ꙁемлѧ еси и въ ꙁемлю идеши• не бꙑ толико лѣтъ всь миръ мѹчительмь дрьжанъ бꙑлъ• никтоже бо небрьгъ ꙁаповѣди бж҃ьꙗ• правѣ пожилъ есть• саѹлъ ослѹшавъ• ꙁаповѣди бж҃ьꙗ•|
256d| въ печальхъ поживъ лѣта своꙗ• коньч͗нѣе цр҃ства испаде• сн҃а илиѡва• ѡфони• и финиесъ• не послѹшавъша гласа оц҃а своего• кивотъ бж҃ьи въ рѫкꙑ иноплеменьникомъ прѣдасть• сама же мильнѫ съмрьть приꙗста съ людьми• сего ради въпьеть иеꙁекиемь• отъврьꙁѣте отъ васъ в͗сѧ нечьстьꙗ вашѧ• и творите ꙁаповѣди моꙗ• и поч͗то иꙁмираеши доме иил҃въ гл҃еть г҃ь:|
257a| и въꙁвратите сѧ отъ пѫти вашего• и въскѫѭ ѹмираеши домѹ їил҃въ• и ꙁаконъ• не искѹшаи г҃а б҃а твоего• и пакꙑ• мѫжи ст҃и бѫдѣте ми• въ повелѣниихъ моихъ ходите• и ꙁаповѣди моꙗ съхраните• и вънидѹ въ вꙑ• и бѫдѹ вамъ б҃ъ• и вꙑ бѫдете ми люди гл҃еть г҃ь• и мꙑ ѹбо аще творимъ волю его• и ходимъ въ ꙁаповѣди его• и любимъ ꙗже и тъ любить• цр҃кꙑ емѹ бѫдемъ• имѣꙗи|
257b| бо на немь любовъ• и на искриниимь своимь• далече есть отъ в͗сего грѣха• и въꙁлюбленъ бм҃ь• аще ли да неродѹемъ• то вѣсть каꙁновати прѣстѹпаѭщаꙗ нꙑ• ст҃хъ его ꙁаповѣдьи• не моꙁѣмъ ѹбо оскръбити на нꙑ благаго нашего б҃а• мл҃даго• милостиваго• с҃таго• чистаго• непорочьнаго• беꙁвѣстьнаго• беꙁгнѣвьнаго• иже есть надъ вьсѣмь• гл҃емꙑмь и раꙁѹмѣваемꙑмь•|
257c| именованꙑмь• и вꙑсочѣи б҃ъ і҃у х҃ъ• да радѹеть сѧ съ нами добрѣ намъ живѫщемъ• да веселить сѧ чистѣ живѫщемъ намъ• и добрѣ въꙁдрьжѧщемъ сѧ• и цѣломѫдрѹѭщемъ намъ• аще бо нач͗немъ тепло ꙁаповѣди бж҃ьꙗ съдѣвати• то всѧ нашѧ к томѹ чѫвитвꙑ чѫвьствомь просвѣтѧщи благодѣть наша• ꙗко|
257d| попалѧѭщи помꙑшленьꙗ• сладѧщи же наше ср҃це• мирьномь етеромь• люблениимь славномь• дхв҃на етера• не еще по плъти помꙑшлѧти насъ приготоваеть• ѱано же есть и въ притъчахъ• сн҃е• не отъпади• съблюди же• мои съвѣтъ и помꙑшлениѥ• да поживеть дш҃ѧ твоꙗ• да ходиши надѣавъ сѧ въ мирѣ• по всѣмъ пѫтемъ твоимъ• г҃ь бо бѫдеть|
258a| на всѣхъ пѹтехъ твоихъ• и пакꙑ• съхранѧи ꙁаповѣди• ниже прѣꙁьри гл҃аньꙗ ѹстъ моихъ• ниже ѹклони сѧ отъ гл҃ъ ѹстъ моихъ• ниже остави еꙗ• и їметь сѧ по тѧ• и пакꙑ• сн҃е• къ моимъ глаголомъ прилагаи твое ѹхо• и храни ꙗ въ твоемь срд҃ци• животъ бо сѫть обрѣтаѭщимъ ꙗ• и в͗сеи плъти исцѣление• и въ еклисиастѣ хранѧи ꙁаповѣди• не поꙁнаеть гл҃а ꙁъла• хранѧи|
258b| ꙁаповѣдь• тъ съдравѫеть• и приричеть• бл҃жнъ мѫжь иже послѹшаеть мене• и чл҃къ иже пѫти моꙗ хранить• и павлъ тимотѹ ꙁапрѣщаѭ ти прѣдъ гм҃ь• съблюсти ꙁаповѣдь бескврьннѫ• неꙁаꙁорьнѫ• и корꙋнтѣньмъ• хвалю же вꙑ ꙗко всегда мѧ помните• ꙗкоже прѣдахъ вамъ прѣданиꙗ дрьжите• семѹ же кажеми есмъ• всѣми бж҃ьствьнꙑми ѱаньи• ꙗко не тъчьѫ|
258c| длъжьни есмъ ꙁаповѣди бж҃ьꙗ хранити бес прѣстѫплениꙗ• нъ и оц҃ь нашихъ и ѹчитель и игѹменъ• съ всѣмь говѣньемь• неврѣдимы съблюдати• рече же и г҃ь• вꙑ дрѹꙁи мои есте• аще ꙗже аꙁъ ꙁаповѣдаѭ вамъ створите• и пакꙑ• аще ꙁаповѣди моꙗ съблюдете• прѣбѹте въ любъви моеи• ꙗкоже аꙁъ ꙁаповѣди о҃ца моего съблюдохъ• и прѣбꙑваѭ въ любъви его• емѹже слава нꙑнѧ и присно•|
258d| рі҃е ⁘О КРОТОСТИ⁘ Кротость ѹслѹжаеть бж҃ствѹ• ибо моси ꙁане бѧаше кротокъ паче в͗сѣхъ• слѹга бж҃ии нарече сѧ• и бг҃овидьꙗ паче в͗сѣхъ пр҃къ съподоби сѧ• не тако бо ꙗко слѹга мои моси• ѹстꙑ къ ѹстомъ въꙁг҃лѭ емѹ• нъ и егда къ немѹ арѡнѹ• бестѹжда етерꙑ• архиеросѹни и етнаархии• въсташѧ одолѹѭще• обладааше ѹбо в͗сѣмь любочьстьимь•|
259a| и любовластиемь• и ѹстѫпаше бм҃ь сѫжденѹмѹ• людьское прѣдъставитие• а понежеи пакꙑ събьрашѧ сѧ на нь• и прьвꙑхъ поношаѭще прѣщаахѹ• и мала не имѧхѹ его• нарицѧше ѹбо кротъкꙑ благаго на сп҃сение• самъ же б҃а ꙁа нѧ милостива творѧше аще оставлѧеши имъ грѣхꙑ то остави• аще ли ни• то мѧ оцѣсти ис кънигъ ꙗже наѱа• и кротъкꙑ дв҃дъ• въставъшѹ на|
259b| нь сн҃ѹ его• створьшѫ ꙗвѣ омраꙁѫ въ женахъ его• и ищѹщѫ ѹбити и• по истинѣ кротъкъи и правьдивъи и беꙁлобивъи• по немь плакаше сѧ• такожде и семеѭ• кльнѫщю и камениемь метаѭщѫ его• не раꙁгнѣва сѧ на нь• нъ рече отрокомъ своимъ• распꙑхавъшемъ сѧ и имъ ѹбити и• не дѣите его клѧти дв҃да• лѣпѣ ѹбо гл҃аше• помѧни г҃и|
259c| дв҃да и в͗сѫ кротость его• довольльнѣ ѹбо• притъчи див͗нѹѭ сеѭ мѹжѫ мѹдрость• хотѧщиимъ подобити сѧ кротости еѭ и беꙁълобиѭ• да съ нима ѹслꙑшѧть отъ г҃а• блж҃ни кротъции ꙗко ти наслѣдѧть кротъкꙑхъ ꙁемлю• кротость бо ꙗже на бж҃ьѭ• дѣло есть бг҃оѹгод͗но• въупостасьно• на кого бо рече приꙁьрю• нъ на съмѣренаго• и кротъкаго и|
259d| млъчалива• и трепещѫща моихъ словесъ• красьно ѹбо видѣние• тихо сꙑ море• нъ нѣсть красьнѣе мирьнаго ѹстроеньꙗ• тихѹ бо сѫщѫ морю• въслѣплють долъфини• мир͗номь же ѹстроениемь• иꙁничѫть гл҃и бл҃голѣпи• рече же и їꙗковъ• отъврьгъше в͗сѫ ꙁълобѫ и скврьнѹ• кротостьѭ ср҃ца• приимѣте истовое слово могѫщее спс҃ти дш҃ѧ|
260a| вашѧ• пѣснивьць же дв҃дъ• въсприемлѧ кротъкꙑꙗ г҃ь• съмѣрѧꙗ же грѣшьникы до ꙁемлѧ• и наставить кротъкꙑꙗ на сѫдъ• наѹчить кротъкꙑꙗ пѫтьмъ своимъ• и їнъ• люди кротъкꙑꙗ сп҃сеть г҃ь• очи же вꙑсокꙑхъ съмѣрить• благꙑи же нашь г҃ь• въꙁьмѣте иго мое на сѧ• и навꙑкнѣте отъ мене ꙗко кротъкъ есмь и съмѣренъ срц҃мь• и обрѧщете покои дш҃амъ вашим͗•|
260b| иго бо мое маꙁано• и брѣмѧ мое льгъко есть• се гл҃ющѫмѹ милостивѫмѹ б҃ѹ нашемѹ слава въ вѣкꙑ вѣком АМИН рі҃ꙅ ⁘О ТОМЬ ѤЖЕ ꙌБИДИМОУ БЬІТИ⁘ ⁘ А НЕ ОБИДѢТИ ⁘ О томь еже обидѣти ветъхъи ꙁаконъ повелѣваеть• а о томь еже обидимѫ|
260c| бꙑвати• и благодарити• новъи приповелѣваеть• паче же ꙁакон͗нъи съврьшитель на съврьшение• и сыновьство ведꙑ чл҃ка• бѫдѣте бо рече милостиви ꙗко и оц҃ь вашь нбс҃нъи милостивъ есть• подобаеть ѹбо хотѧщѹмѫ свѣтлоѭ ѹвѧсти сѧ побѣдоѭ• не тъчьѭ коримѹ и обидимѹ трьпѣти добльнѣ• нъ и боле подаꙗти обидѧщѫмѹ ихъже хощеть|
260d| въꙁѧти• и ѹставꙑ ꙁълꙑꙗ похоти• оного обилиемь своего• прѣити любочьстьꙗ• хотѧи ѹбо ѹченикъ бꙑти х҃въ• то ѹчениꙗ ѹчителева дѣаниемь да покажеть• иже оклеветаваемъ рече не въсклеветаваше• стражда не прѣщааше• аще ли• то слꙑшати имать• что ми гл҃ете г҃и г҃и• а не творите ꙗже г҃лю• истиннъи ѹченикъ волить•|
261a| обидимъ бꙑти а не обидѣти• и съмѣрениемь одолѣти обидѧщиимъ и• и противѹ гнѣвомъ ихъ кротъкъ бꙑти• противѹ вельрѣчьѭ ихъ съмѣреномѫдренъ• противѫ сверѣпьѭ тихъ• а не подобити сѧ имъ ничимьже• нъ кротостьѭ ꙗко подобитель г҃нь• тъщѧ сѧ обидѣнъ бꙑти• нежели обидѣти кого• добро ѹбо есть ꙗкоже рече сѧ• нѹждеѭ трьпѣти хотѧщиихъ|
261b| нꙑ обидѣти• и молити сѧ о нихъ• да покааньи еже въꙁдааниїмь• имиже отъ нихъ въꙁбранишѧ си• отрѣшать сѧ грѣха• лихоиманьꙗ• се бо хотѣние бж҃ье есть• да лихоимьцѧ самого приобрѧщемъ• а не лиховъꙁѧтаго• иꙁбѣгаеть бо отъ грѣхъ обидимъ чл҃къ• нъ и подобно скръби обрѧщеть подъꙗтие• причѧщии сѧ раꙁѹмѣ ст҃ѣ и сладости бж҃ьꙗ въкѹсивъ•|
261c| ни тѧꙁати сѧ хощеть тъгда• ни тѧжѧ двиꙁати отънѫдь съ цѣмь• аще и само то отемлють ѥмѹ• въ неже сѧ есть облъклъ• аще ли то каꙗ раꙁность трепета бж҃ьꙗ• и вѣка се сего чл҃къ• ꙁаконъ бо повелѣваеть• не обиди искрьнѧго своего• и да не облѧжеть мьꙁда наим͗нича ѹ тебѣ• ни ꙁла рьци глѹхѹ• и прѣдъ слѣпомь не положи съблаꙁна• и притъч͗никъ•|
261d| не нѹди ѹбогаго нищь бо есть• ни же ѹкори немощьна въ вратѣхъ• г҃ь бо сѹдить емѹ сѹдомь• и си ѹбо ветъхъи• ꙗкоже несъврьшеномь младенищемь гл҃аше• а хв҃ъ ꙁаконъ съврьшенъ сꙑ• съврьшенъимь тврьдѣмь браш͗нѣ• причащаѭщиимъ сѧ ꙁаповѣдаеть• рече бо г҃ь• молите сѧ ꙁа гонѧщѧꙗ вꙑ• и обидѧщаꙗ вꙑ• сьѭ ꙁаповѣдь абие съврьшаста•|
262a| истиньна ѹченика хв҃а• стефанъ и иꙗковъ• овъ камениемь биваемъ• овъ же съ брѣга сърѣваемъ• молꙗста ꙁа ѹбиваѭщѧѩ ꙗ• рѣшѧ и ѡ иꙗковѣ братѣ иѡан͗ни• ꙗко видѣвъ и ведома на съмрьть клеветьникꙑ его• раскаавъ сѧ• припаде емѹ гл҃ѧ• прости мѧ• онъ же пожьдавъ мало рече• миръ тебѣ• и облобꙑꙁа и• онъ же абие гласомь великомь крьстьꙗнъ|
262b| сѧ нарече• и съпричьтъ сѧ оклеветанѣмь имь съ нимь почьсти вꙑшнѧго раꙁѹма доиде• рече же и петръ• каꙗ хвала• аще и съгрѣшаѭще и мѫчими трьпите• нъ аще добро творѧще и стражѹще трьпите• се благодѣть отъ б҃а• да о немь оклеветаваѭть вꙑ ꙗко ꙁълодѣꙗ• постꙑдѧть сѧ хѹлѧщеи чистое о х҃ѣ житье ваше• и приводить•|
262c| вѣсть г҃ь отъ напасти• благочьстивꙑꙗ иꙁбавлѧти• неправьдьникꙑ же въ дн҃ь сѫдьнъи блюсти• и дв҃дъ творѧщѧ сѫдъ обидимъимъ• даѭщаго пищѹ ал͗чѫщиимъ• сего ради и аꙁъ неправьдѹ въꙁненавидѣхъ и мрьꙁѣ ми• ꙁаконъ же твои въꙁлюбихъ• имьже вл҃ко твоꙗ ꙁаповѣдь есть обидимѹ бꙑти• въꙁдаꙗхѹ ми|
262d| ꙁълаа въꙁ добраа• аꙁъ же молитвѹ дѣахъ• б҃е мои иꙁбави мѧ иꙁ-д-рѹкꙑ ꙁаконопрѣстѹп͗наго• и обидѧщаго• павлъ же• почто не паче обидими есте• нъ вꙑ обидите и лишаете• и се братьѭ• или не вѣсте ꙗко обидьливии црс҃тва бж҃ьꙗ не наслѣдѧть• и въ инѣхъ• братье• въспоминаите прьвꙑꙗ дьни• въ нѧже просвѣщьше сѧ• многꙑ страсти прѣтрьпѣсте|
263a| мѹкъ• се ѹбо поношении и печальми поꙁорѹ бꙑвъше• гл҃еть же и г҃ь• аще к͗то поиметь тѧ по силѣ попьрище едино• иди съ нимь дъвѣ• и хотѧщѫмѹ сѫдъ приꙗти съ тобоѭ• и риꙁѫ твоѭ въꙁѧти• отъпѹсти емѹ и срачицѫ• бьѭщѫмѹ тѧ въ деснѫѭ ланитѹ• подаи дрѹгѹѭ• блажени бо бѫдете егда въꙁненавидѧть вꙑ чл҃ци• и раꙁлѹчать|
263b| с҃на ради чл҃ча• радѹите сѧ и веселите• ꙗко мьꙁда ваша многа есть на нбс҃хъ• о х҃ѣ и҃сѣ емѹже слава съ о҃цемь и ст҃мь дѹхомь• нꙑнѧ и прїсно АМИН рі҃ꙁ ⁘О БЛ҃ГОДАРИИ⁘ ⁘РЕКЪШЕ О ПОхвалении:  Ѥже в͗семь о благодарьи• длъж͗ници|
263c| есмъ по ап҃лѹ• любо ѹтѣшаеми• любо оскръбаѧеми• промꙑсльникъ бо д҃шь нашихъ• г҃ь скръбии ѹньшинѣ нашеи• наводить ꙗко хꙑтръ врачь и трьпъкаа жежениꙗ противѹ ꙗꙁи приносить• да цѣлъ бѫдеть чл҃къ• и ꙗко чадолюбивъ оц҃ь• егда ѹꙁьрить бещинѹѭща своего сн҃а• то кажеть• егдаже видить прѣнемагаѭща• то тѣшить и• тако|
263d| творить намъ• и бл҃гꙑи нашь вл҃ка и оц҃ь• всѣ на ѹньшинѫ нашѫ приносить• ли ѹтѣшение• или каꙁание• ꙗко чадолюбьць• мꙑ ѹбо въ скръбьхъ паче длъжьни есмъ благодарити• ꙗко присни• а не ꙗко неприснии сн҃ве• аще г҃ь вл҃ка по сѹщьѭ• и вл҃ка по смотреньѭ• ꙗко и не сѫща створи• и ѹмьръша грѣхомь• своеѭ кръвьѭ искѹпилъ• мꙑ неключими|
264a| раби• кое благодарие можемъ емѹ въꙁдати• а аще въ добръдьньихъ тъчьѭ дарѹемъ• то тъч͗ни обрѧщемъ сѧ• неблагодаривъимъ иѭдеѡмъ• иже егда ѹбо ꙗдѧхѹ въ пѹстыни чѫдотворѧщѫ г҃ѫ гл҃ахѹ• се есть истиноѭ• пр҃къ и хотѧахѫ въсхꙑтити и створити цр҃ѧ• егдаже гл҃аше имъ• дѣлаите не брашьно гꙑблющее• нъ прѣбꙑваѭщее въ|
264b| жиꙁнь вѣчьнѫѭ• гл҃ахѹ• кое ꙁнамение даеши намъ• ѹбо ключить сѧ намъ• еже исповѣсть сѧ тебѣ• егда ѹблажиши и• и таковꙑи не ѹꙁьрить свѣта• не ѹподобимъ сѧ ѹбо беꙁблагодѣтнꙑмъ• нъ ꙗко ѹченици благодѣтьꙗ обраꙁьемь благодарьемь бѫдѣмъ• да и ти въꙁмогѹть ꙁьрѧще свѣта благодарьꙗ нашего• отъстѫпити отъ|
264c| дрьжаща ꙗ тьмꙑ нераꙁѹмиꙗ• еже бо о всемь благодарити• обьдрьжана ꙁаповѣдь есть• любо добродѹшѹеть к͗то• любо печалѹеть• любо скръбить• любо радѹеть сѧ• длъжънъ есть бл҃годарити• ꙗкоже бѣ великꙑи иѡвъ• погѹбивъ бо в͗се свое• еще же же и десѧти птищь гнѣꙁдо чадъ• посѫтомъ имъ• оборенꙑмъ въ пирѣ• хвалѹ въꙁдавъ гл҃аше• г҃ь дасть г҃ь отѧтъ•|
264d| ꙗко г҃ю годѣ бꙑсть тако и бꙑсть• бѫди имѧ гн҃е бл҃гно• и не тъчьѭ се• нъ и на съметищи сѣдѧ• въ гнои чрьви и слꙑша отъ сѫжити• рьци слово къ г҃ю и ѹмьри• прѣставъ же ѭ гл҃а• ꙗко едина отъ беꙁѹмьнꙑхъ женъ гл҃ѧ• аще добро иꙁ-д-рѹкꙑ гн҃ѧ приꙗховѣ• то ꙁълаго не трьпивѣ ли• тако съкаꙁаеть сѧ истиньнꙑи благодарьць• иже въ великахъ напастехъ хвалословесѹꙗ г҃а•|
265a| поꙁнание же беспохвальнаго• + еже пороковати въ скръбьхъ• и еже поръпътати• и еже симъ подоб͗но е• трьпѣливꙑи же и пространꙑи въ скръбъхъ дв҃дъ• видѣвъ ꙗко ѹмрѣ отрочищь• въставъ съ ꙁемлѧ и поклони сѧ г҃ю• и инъ гл҃аше• кто есмь аꙁъ г҃и мои г҃и ꙗко въꙁлюбилъ мѧ еси до сихъ• и пакꙑ поꙗ гл҃аше• в͗сѧ кости моꙗ рекѫть г҃и г҃и к͗то подобьнъ тебѣ•|+ еже тѫжити
265b| иꙁбавлѧꙗ нища• иꙁ-д-рѹкы крѣпльшихъ его• и пакꙑ• ꙗже створи м͗нѣ величьꙗ бж҃е к͗то подобенъ тебѣ• ꙗко дрьжалъ еси рѫкѹ деснѹѭ моѭ• и съвѣтомь твоимь наставилъ мѧ еси• и съ славоѭ твоеѭ приꙗтъ мѧ• сего ради въꙁнесѫ тѧ цр҃ѫ мои бж҃е мои• и бл҃щѫ имѧ твое въ вѣкꙑ• и исповѣмь сѧ тебѣ ꙗко ѹслꙑшѧ мѧ• и бꙑсть|
265c| м͗нѣ въ спс҃ниѥ• отъ в͗сѣхъ печалии иꙁбавилъ мѧ еси• помѧнѫхъ тѧ г҃и вл҃ко• и въꙁвеселихъ сѧ• и бл҃нъ еси бж҃е• иже не остави млт҃вꙑ моеꙗ• и милости своеꙗ отъ мене• рече исаиꙗ• блс҃щѫ тѧ г҃и ꙁане раꙁгнѣва сѧ на мѧ и помилова мѧ• и ꙁахариꙗ• аще что благо• то того• павьлъ же• в͗се ѥже аще творите рече словомь или дѣломь в͗се въ имѧ г҃а іс҃а• благодарѧще|
265d| б҃а и оц҃а имъ• и пакꙑ• кое благодарие можеть отъдати отъ васъ• и мꙑ ѹбо не прѣстаѭще благодаримъ б҃а и оц҃а• ꙗко не пощѧдѣ единород͗наго сн҃а своего• нъ по насъ в͗сѣхъ прѣдасть и• похвалимъ г҃а б҃а нашего і҃у х҃а• ꙁане своеѭ кръвьѭ искѹпи нꙑ• бꙑвъ ꙁа нꙑ клѧтва• да кѫѭ хвалѹ или кое благодарье• можеть отъдати ѥмѹ ꙁа в͗сѧ бл҃гаа•|
266a| ꙗже обило подасть намъ ѹбогъимъ• благодарѹимъ ст҃го дх҃а• гл҃авъшаго ꙁакономь и пр҃кꙑ• и новꙑмь ꙁавѣтомь• просвѣщаѭщаго мꙑсли нашѧ• омраченꙑхъ раꙁѹмѣние• и дѣлание своихъ ꙁаповѣдьи• отврьꙁаѭть ѹста наша• на исповѣдание• и благодарье своеꙗ ꙁаповѣди• рече же и евн҃глстъ• въ оно врѣмѧ отъвѣщавъ їс҃ъ рече исповѣдаю|
266b| ти сѧ о҃че• г҃и небеси и ꙁемлѧ• ꙗко ѹтаилъ еси отъ прм҃дръ и раꙁѹмьнъ• и отъкрꙑлъ еси младеньцемъ• еи оч҃е• ꙗко тако бꙑсть благоволение прѣдъ тобоѭ• ѥмѹже слава нынѧ и присно АМИН рі҃и ⁘О ВЕСЕЛИИ ѤЖЕ⁘ О БОꙀѢ :  Присносѹщее|
266c| веселие къ б҃ѫ съврьшенꙋѫ любовь• въсътѧжавъшиихъ есть• елико насꙑщьше сѧ ст҃го дх҃а• о немь веселѧть сѧ• иже о апл҃ѣхъ и пр҃цѣхъ• и мчн҃цѣхъ• и съврьшении подвижьници• иже гонениꙗ скръби и мѹкꙑ веселие мьнѧхѹ• и в͗се ѹметꙑ мирьное• да х҃а приобрѧщѹть• огнь• ꙁвѣрье• мечь• гладъ стѹдьнь• и прочее|
266d|в͗се• веселѧще ꙗ бж҃ьꙗ любъве ради• ꙗкоже и исаиꙗ гл҃еть• бѫдѹть рече• иꙁбавлени иꙁбьрани г҃мь• веселие вѣчьное надъ главоѭ ихъ• в͗сь ꙁьрѧи ихъ поꙁнаеть ꙗ• ꙗко сьи сѫть сѣмѧ бл҃но бм҃ь• и въꙁвеселѧть сѧ о г҃и• и пакꙑ• се работаѭщии ми ꙗсти имѫть и пити• и въꙁвеселѧть сѧ и въꙁдрадѹють сѧ веселиемь• и софониꙗ• наведеть|
267a| на тѧ веселие• и наѹмъ• праꙁдьнѹи г҃лѧ иѭдо праꙁдьникꙑ своꙗ• отъдаждь г҃ю обѣтꙑ твоꙗ• ꙗко въꙁиде дꙑмъ на лице твое• ї х҃ъ апл҃мъ гл҃ѧ приимѣте дх҃ъ с҃тыи• и дв҃дъ• въꙁвеселю сѧ и въꙁдрадѹѭ сѧ о тебѣ• сь бо дьнь иже сътвори г҃ь• въꙁдрадѹимъ сѧ и въꙁвеселимъ сѧ въ нь• ꙗвѣ ꙗко хв҃а въскрьсениꙗ• и въꙁвесели дш҃ѫ раба твоего• ꙗко|
267b| къ тебѣ г҃и въꙁѧхъ дш҃ѫ моѭ• и дш҃а моꙗ въꙁдрадѹеть сѧ о г҃и• насладить сѧ о спс҃нии его• ибо въꙁвесели сѧ ср҃це мое и въꙁдрадова сѧ ꙗꙁꙑкъ мои• ꙗко наплъниши мѧ веселиꙗ съ лицемь твоими• и наплънь сѧ такого веселиꙗ• любовъѭ ꙗже къ б҃ѹ• веселие бо правьд͗нъихъ сѫщьꙗ на б҃ъ любꙑ есть• ѭже и инꙑ обидить• прѣдѣте гл҃ѧ въꙁдрадѹимъ сѧ г҃ю•|
267c| и работаите г҃ю веселиимь• и насладите сѧ г҃а• сирѣчь насꙑтите сѧ сладости его• ꙗждь бо медъ сн҃е рече• благъ бо сътъ• да насладить сѧ грътань твои• и дасть ти прошенье ср҃ца твоего• гл҃еть бо г҃ь ѹченикомъ своимъ• аще любите мѧ• и ꙁаповѣди моꙗ съблюдѣте• емѹже аще хощете просите ѹ оц҃а моего• и дасть вамъ въ имѧ мое• и пакꙑ дв҃дъ• да въꙁвеселить сѧ срьдьце|
267d| въꙁискаѭщиимъ г҃а• и въꙁвеселить сѧ ии҃ль о створьшимь и• и сн҃ве сиѡни въꙁдрадѫѭть о цр҃и своемь• ѹ тебѣ бо жилище веселѧщиимъ сѧ в͗сѣмъ• и инъ• работаѭщиимъ бо м͗нѣ наречеть сѧ имꙗ ново• еже бл҃сѧть сѧ на ꙁемли• и веселие и радость обрѧщеть на неи• елико бо работаѭть емѹ страхомь• и радѹѭть сѧ емѹ трепетомь• си сѫть сн҃ве б҃а жива•|
268a| рече же и прит͗чьникъ• къ веселиѭ• не примѣшаеть сѧ печаль• отъ лика бо правьд͗нъихъ отъбѣже болѣꙁнь и печаль и въꙁдꙑханье• въ дьнь благостꙑнѧ живи въ блаꙁѣ• и пакꙑ• ꙁьрѧщии очи добра веселите ср҃це• ср҃цю же веселѧщю сѧ лице сꙑрѣеть• аще бо рече око твое просто есть• в͗се тѣло твое свѣтьло бѫдеть• вѣсть же блага влажить кости• ꙗкоже|
268b| павлѧ дш҃а гл҃ющиꙗ• радѹѭ сѧ и радъ есмь съ всѣми вами• и ср҃це веселѹꙗ сѧ съдравъ творить• и павлъ радѹите сѧ о г҃и• пакꙑ рекѹ радѹите сѧ• имать же и въ евн҃глии• веселити же сѧ и радовати подобаеть рече оц҃ь• ꙗко с҃нъ мои сь мрьтвъ бѣ и оживе• и погыблъ и обрѣте сѧ• семѹ мл҃дѹмѹ о ••• нашемѹ слава нꙑнꙗ и присно|
268c| АМИН рі҃ѳ ⁘Ꙍ ТОМЬ ѤЖЕ НЕ⁘ ⁘ пешти сѧ:  Житиискъихъ вещьи печаль невѣрьна• и хѹдодш҃ьна чл҃ка есть• ѭже бо въ пекѹщаго сѧ нами б҃а не ѹпъваемъ• нъ в͗сѧ сами о себѣ печемъ сѧ• аще бо видимꙑхъ ꙗже подаваеть намъ благъи благаа• не вѣрѹемъ емѹ• то о невидимꙑхъ ꙗже обѣща• како въꙁвѣрѹемъ|
268d| емѹ• не подобаеть же тако намъ дрьжати• нъ паче црст҃ва ищѣмъ• и си в͗сѧ приложѧть сѧ намъ по словеси его• ѹспѣш͗нѣе бо есть намъ небрѣщи не нашихъ• и любити нашаа• нетьлѣние и бесъмрьтье гл҃ѫ• егда бо нетьлѣн͗ни• и бесъмрьтьни бѫдемъ• видимаго б҃а ꙗвлениꙗ• прч҃тꙑ видѣнии наплънѧеми• ꙗвлен͗нꙑми нꙑ ꙁарѧми обьꙁарѧѭще•|
269a| ꙗкоже ѹченикꙑ въ ѡно бжс҃твьное прѣображениѥ• раꙁѫм͗нѣмь же ѥго свѣта датии• бестрастьномь и беꙁвещьствьномь ѹмомь причащѧѭще сѧ• и вꙑше ѹма съвъкѹплени• прѣсвѣт͗лами лѹчами• неꙁнаемъи блаженъи прикладъ въ бжс҃твьнѣиши подобꙑ наден͗нꙑхъ ѹмъ• равьни бо анг҃лмъ ꙗкоже бж҃ье слово рече бѫдемъ• и сн҃ве бж҃ии• въскрьсениꙗ сѫще сн҃ве• добрѣ|
269b| ѹбо съборьникъ съкаꙁаеть рекꙑ• сладъкъ сънъ рабѹ• аще мало и м͗ного ꙗсть• и приводить• есть недѹжье ѥже видѣхъ подъ слъньцемь• богатьство хранимо сѫще ѹ него на ꙁълобѹ его• и погыбнеть богатьство то въ млъвѣ ꙁълѣ• а и вси дьньи его въ тьмѣ и плачи и гнѣвѣ м͗ноꙁѣ• и ѹсилиѥ его и подвигъ въ вѣтръ• ꙗкоже бо приде нагъ• тако и отиде• м͗ногашьдꙑ же не дасть|
269c| ѥмѹ б҃ъ ꙗсти отъ него• нъ страньнъ ꙗстъ отъ него• ꙁанеже ѹбогъи вѣсть ходити прѣмо жиꙁни• и инъ• не пьци сѧ ѹтрьнимь• не вѣси бо что родить настаꙗи• и пакꙑ• ни же хвали сѧ на ѹтрьнѧа• не вѣси бо что тѧ сьрѧщеть• мимоидеть бо житье наше ꙗко слѣдъ облака• стѣнѧ бо пѫть врѣмѧ наше• и нѣсть прѣблажнениꙗ кон͗цю чл҃ча• дв҃дъ же• въꙁврьꙁи на г҃а|
269d| печаль своѭ и тъ тѧ прѣкръми• не видѣхъ правьд͗ника оставлена• ни племени его просѧща хлѣба• не постꙑдѧть сѧ въ годъ ꙁълъ• нъ въ д҃ни гладнꙑ насꙑтѧть сѧ• домъ бо его бл҃сѹꙗ бл҃щѹ• и нищѧꙗ его насꙑщѹ хлѣба• и петръ• в͗сѫ печаль вашѫ въꙁврьꙁѣте на нь ꙗко томѹ печаль есть о насъ• такожде и павлъ• г҃ь гл҃ѧ блиꙁъ• ничимьже пьцѣте сѧ• нъ вьсьжде мл҃твоѭ|
270a| и молениемь• съ благꙑмь прошениꙗ вашѧ• дъ съкаꙁаѭть сѧ къ б҃ѹ• и пакы• можеть же б҃ъ вьсѫ благодѣть иꙁобиловати въ васъ• да о вьсемъ всегда вьсь довълъ имѹще• иꙁбꙑтъкѹѥте въ всѧ дѣла благаа• и г҃ь• не пьцѣте сѧ дш҃еѭ вашѥѭ что ꙗсте или чьто пиете• и тѣломь вашимъ въ что облѣчете сѧ• вѣсть бо оц҃ь вашь нб҃сьнъи ꙗко трѣбѫете сихъ всѣхъ•|
270b| ищѣте прѣжде црст҃ва бж҃ьꙗ• и си в͗сѧ приложѧть сѧ вамъ• о х҃ѣ іс҃ѣ г҃и нашемь ѥмѹже слава нꙑнѧ и присно АМИН р҃к ⁘О НАЧАТЪЦѢХ⁘ О начатъцѣхъ всѣми обраꙁꙑ длъжьни есмъ• отъ своихъ трѹдъ и отъ крѣпости• ѭже самъ подасть• и отъ нихъже|
270c| самъ промꙑшлѧꙗ• печеть сѧ нами по книгамъ• чьти бо рече г҃а• отъ своихъ прав͗денъ трѹдъ• и начатъкꙑ даи емѹ отъ твоихъ правьдьнъ плодъ• да исплънѧѭть сѧ житьницѧ твоꙗ м͗ножьствомь п͗шеницѧ• и ꙁаконъ• не ꙗви сѧ гл҃ѧ тъщь прѣдъ мноѭ• начатъкъ житъ твоихъ• вънесеши прѣдъ г҃а б҃а твоего• и не противи сѧ емѹ• имѧ бо твое есть на немь• начатъка|
270d| гѹменьна и точила не лишиши его• дарꙑ начатъка принесѣте ꙗ къ г҃ю• и принесе жрътвѫ прьвородьнꙑхъ твоихъ• и помолить сѧ иѥрѣи о грѣсѣхъ твоихъ и оставѧть ти сѧ• и па҇ⷦ• принесошѧ рече кнѧꙁи дарꙑ своꙗ прѧмо олътарю• гл҃еть же иеꙁекиль• в͗си людие дадѧть начѧтъкъ старѣишинѣ• сего ради и товиꙗ гл҃аше• начатъкꙑ житъ моихъ|
271a| даꙗти чистительмъ въ ол͗тарь• и инъ• не ꙗви сѧ гл҃ѧ прѣдъ гм҃ь тъщь• си бо в͗сѧ ꙁаповѣди ради даждь вꙑшнѫмѹ по дааниѭ его• и седьмерицеѭ въꙁдаждь• благомь окомь прослави б҃а• и не ѹмали начатъкъ рѫкѹ твоеѭ• въ в͗семь даании ѹтѣшаи лице твое• и веселиемь ос҃ти десѧтинѫ• ꙁане приношение правьдьнаго мастить ѡл͗тарь• ꙁаповѣдохранитель же дв҃дъ• вънидѹ сѧтъ въ домъ|
271b| твои съ в͗сесъжагаемꙑми• въꙁдамь тебѣ обѣтꙑ моꙗ• ѩже иꙁдрѣсте ѹстьнѣ мои• в͗сесъжѧгаемꙑꙗ мождѧнꙑꙗ въꙁнесѫ тебѣ съ кадиломь овьнꙑ• въꙁнесѫ тебѣ волꙑ съ коꙁьлꙑ• принесѣте г҃ю сн҃ви бж҃ии• принесѣте г҃ю с҃нꙑ овьнѧ• въꙁьмѣте жрьтвꙑ и въходите въ дворꙑ его• и обѣщаите сѧ и въꙁдадите г҃ю б҃ѹ нашемѹ• и пакы• в͗си сѫщии окрс҃тъ его принесѫть дарꙑ• сирѣчь приближаѭщии сѧ емь•|
271c| и ап҃лъ рече• бꙑти ми слѹжителю і҃у х҃вѹ• въ ꙗꙁꙑцѣхъ ѥванг҃лиѭ бж҃иѭ• да бѫдеть приношение еже отъ ꙗꙁꙑкъ благоприꙗтно• и свщ҃но дх҃мь• в͗си ѹбо чл҃ци• ꙗже рѣхомъ длъжьни есмъ начатъкꙑ и десѧтинꙑ приносити г҃ю б҃ѹ• и никтоже да не прѣдълагаеть ѹбожьства• не обрѧщеть бо сѧ ѹбожаи• принесъшѧѩ д͗вѣ леп͗тѣ въдовицѧ• и болеѥ в͗сѣхъ приꙗтъ и• иꙁдрѧд͗нѣе|
271d| же в͗сѣхъ чрьнориꙁьци• потрѣбни сѫть приносити б҃ѹ начатъкꙑ и десѧтинꙑ• не тъчьѭ видимꙑꙗ сьꙗ• сирѣчь отъ нихъже сами и инѣми строими сѫть• и отъ дѣла рѫчнаго• нъ и дх҃вьнꙑꙗ жрьтвꙑ• имъже и паче радѹеть сѧ б҃ъ• в͗сесъжьꙁи сѧ самъ б҃ѹ вьсь• на трѣбищи исповѣданиꙗ сльꙁъ• еже сѫть волове съ коꙁьлꙑ• чистоѭ молитвоѭ• ѥже есть кадило• при принеси емѹ грѫди:|
272a| мꙑшление хотѣньꙗ• и обѣ истесѣ цѣломѫдрье• главѫ съ ногама• водительнъ ѹмъ съ дѣаньи• въ жиꙁнь водѧщьи пѫть в͗сѫ мꙑсль• в͗се дѣание и движение• и видѣние въꙁложи б҃ѹ• дх҃омь сътьренꙑмь и съмѣреномь• аще тако пожьреши сѧ вьсь б҃ѹ• то очистѣеши сѧ отъ прокаꙁꙑ• нечистꙑхъ врѣдовъ• бѫдеши же ол͗тарь и цр҃кꙑ ст҃аго дх҃а• и ѹслꙑшиши отъ х҃а• иди покажи сѧ иѥрѣѹ•|
272b| и принеси даръ иже повелѣ тебѣ дх҃внѹмѹ• жидовинѹ моси въ съвѣдѣтельство• ѥже ѹлѹчи ѹсꙑнение оч҃е• ѥмѹже слава въ вѣкы вѣком АМИН рк҃а ⁘Ꙍ ОЦѢЩЕНИИ РЕКЪШЕ О МОЛЕНИИ⁘ Подобаеть чистителю прьвѣе о себѣ помолити б҃а• ти потомь о людихъ• по|
272c| ꙁаповѣди г҃ни гл҃ющии• очисти вънѹтрьнеѥ стьклѧницѧ• ти тъгда вънѣщьнеѥ• како бо можеть к͗то млт҃вѹ творити о людьхъ• аще не прѣжде себѣ ради• се бо и ꙁакон͗но есть• ꙗкоже рече моси къ арѡнѹ братѹ своемѹ• принеси въ всесъжгаемое свое• и помоли сѧ о себѣ самомь• и о домѹ своемь• и створиши даръ о людехъ своихъ• и помолиши|
272d| сѧ о нихъ• вѣсто же ꙗко самъ сѧ очистивъ и домащьнѧꙗ• тъгда ѭже въꙁдвигъ арѡнъ блщ҃аше люди• иѥꙁекиль же• о иерѣихъ рече сице• вина да не пиѭть в͗си иерѣи вънегда въходѧть въ дворъ ѭтрьнии• и апл҃ъ• ꙗкоже архиерѣи рече прѣжде о своихъ грѣсѣхъ• потомь и о людьскꙑхъ• ꙁаконъ поставлѧеть архиерѣꙗ имѹщѧ немощь• и пакꙑ• в͗сь бо +|+ ар
273a| архиерѣи отъ чл҇ⷦъ приемлемъ ꙁа члк҃ꙑ поставлѧеть сѧ• ѩже къ б҃ѹ да приносить дарꙑ и жрьтвꙑ о грѣсѣхъ• скръбѣти могꙑ о невѣждьнꙑхъ• и болѧщиихъ• понеже и тъ облежить немощьѭ• и ꙁа сьѭ длъжьнъ есть• ꙗкоже о людьхъ• тако себѣ ради приносити о грѣсѣхъ• подобаеть же ꙗкоже рече сѧ ꙁовомѹмѹ б҃мь• на приношение даровъ и жрътвъ о людьхъ• прѣжде|
273b| своѭ д҃шѹ и тѣло очистити• отъ в͗сего ветъхаго чл҃ка• ти тако съмѣти о-нѣхъ мольбꙑ приносити б҃ѹ• и да подобить сѧ великѹмѹ архиерѣѹ ꙁахарии оц҃ѫ прд҃тчинѹ• бѣ бо рече правьдивъ• ходѧ въ в͗сѣхъ ꙁаповѣдьхъ и оправьданиихъ гн҃ихъ бес порока• бꙑсть же слѹжащѫ емѹ въниде покадитъ въ црк҃въ• и бѣ в͗се множьство|
273c| людии чаꙗ его вънѣ• въ врѣмѧ кадил͗ноѥ• ꙗви сѧ емѹ анг҃лъ г҃нь стоꙗ о деснѫѭ ол͗тарѧ• и рече не бои сѧ ꙁахарие ꙁане ѹслꙑшана бꙑсть млт҃ва твоꙗ• и жена твоꙗ елисаветь• родить тебѣ сн҃а• и наречеши имѧ емѹ иѡанъ• и бѹдеть ти радость и веселие• бѹдеть бо вельи прѣдъ гм҃ь бм҃ь• емѫже слава въ вѣкꙑ АМИН|
273d|рк҃в ⁘О НАЧАЛѢ С҃ЩНИѦ⁘ Есть ѹбо начало свщ҃ньꙗ• обьꙗтно по прѣданѹмѹ словеси• в͗сѣхъ еꙗ сщ҃нꙑхъ вещьи чинъ• имꙑ в͗сѣхъ вꙑшьи• ѥже о бꙁ҃ѣ искрь тврьдѣ стоꙗти• и прьвъимь отъ него бг҃оꙗвлении сиꙗти• подобаеть бо ар͗хииѥрѣѹ• бл҃нѹ же и ст҃ѹ мѹжѫ бꙑти• и в͗сего с҃щн͗на хѫдожьства• и раꙁѹма исплъненѹ• ꙗкоже павьлъ тимотѹ присꙑлаеть•|
274a| подобаѥть ѥп҃пѹ бес порока бꙑти• трѣꙁвьникѹ• цѣломѫдрьнѹ• говѣинѹ• страньнолюбьцю• ѹчительнѹ• не пиꙗничивѹ• не бивьливѹ нъ смотрьливѹ• не тѧжеб͗никѹ• не сребролюб͗цю• такожде и титѹ• подобаеть бо сѧтъ еп҃пѹ• бес порока бꙑти• ѩко бж҃ьѭ домѹ ꙁакон͗никѹ• стран͗нолюб͗цю• бл҃голюб͗цю• не себѣ год͗никѹ• не гнѣвьливѹ• не мъшелоискателю•|
274b| цѣломѹдрьнѹ• правдивѹ прѣподобнѹ• въꙁдрьжнѹ• ꙁастѹпаѭща вѣрное слово ѹчениꙗ• да сильнъ бѹдеть• и ѹтѣшати ѹчениѥмь съдравꙑмь• и въпрѣкꙑ гл҃щаꙗ обличити• ѥфесиѡмъ же• вънемлѣте себѣ гл҃ѧ• и в͗семѹ стадѹ• въ немьже д҃хъ ст҃ꙑи постави еп҃пꙑ пасти црк҃вь х҃вѹ• ѭже посѹди своеѭ кръвьѭ• а ꙁанеже жѧтва многа• а дѣлатель мало•|
274c| вѣсте ꙗко врѣмена наша гладъ ѥсть слꙑшѧти слово гн҃е• тѣмьже молимъ сѧ г҃ю жѧтвꙑ• да иꙁведеть дѣлателѧ на жѧтвѹ его• нъ дѣлателѧ такы• правѧщѧ слово истинꙑ• непостыднꙑ• непорочнꙑ• дѣлателѧ вѣрьнꙑꙗ• дѣлаѭщаꙗ не брашьно гꙑблющеѥ• нъ прѣбꙑваѭщеѥ въ жиꙁнь вѣчьнѫѭ• дѣлателѧ такꙑ ꙗко ап҃лꙑ• и подобнꙑмъ имъже гл҃а сѧ• не дѣло ли моѥ вꙑ|
274d| ѥсте о г҃и• поспѣшьникꙑ гн҃ѧ въ еван҃глиѥ• дѣлаѭща сп҃ниѥ чл҃комъ• не хощеть бо б҃ъ съмрьти грѣш͗наго• нъ обращениѭ и животѫ ѥго• тѣмьже и къ еꙁекиѭ гл҃аше• сн҃е чл҃чь• блюстелѧ дахъ тѧ домѹ ил҃ева• и слꙑши отъ мене слово• и ꙁапрѣтиши имъ• вънегда гл҃ати имъ беꙁаконнѹмѹ да ѹмьреши• и не повѣси ѥмѹ крьве ѥго отъ рѫкꙑ твоеꙗ въꙁищѫть• аще ли ꙁасъвѣдѣтелюѥши|
275a| ѥмѹ• и не обратить сѧ отъ беꙁаконениꙗ своего• то въ грѣсѣ своемь ѹмьреть• а тꙑ д҃шѹ своѭ иꙁбавиши• и ѥгда обратить сѧ правьдьникъ отъ правьдꙑ своѥꙗ• ти сътворить прѣгрѣшение• самъ въ грѣсѣ своѥмь ѹмьреть• ни помѧнѹть сѧ правьдꙑ ѥго ѩже сътвори• и кровъ ѥго отъ рѫкꙑ твоѥ-истѧжѫ•ꙁане не въꙁвѣсти ѥмѹ• и тꙑ аще ꙁаповѣси|
275b| правьдникѹ не съгрѣшити• животомь живъ бѫдеши• и тꙑ д҃шѹ своѭ иꙁбавиши• и приричеть• живѫ аꙁъ гл҃еть г҃ь• ꙗко не хощѫ съмрьти грѣшьничѧ• нъ обращениѭ и животѹ ѥго• что же рече г҃ь петрѹ• ѥлико аще съвѧжеши на ꙁемли• бѫдеть съвѧꙁано и на нб҃схъ• ꙁьри г҃ла сего силꙑ• рече ѥлико аще съвѧжеши на ꙁемли• бѫдеть съвѧꙁано на нб҃схъ• да и творѧ беꙁ обьщениꙗ|
275c| ли въꙁбранѧꙗ• ли иꙁмѣтаꙗ• наꙁорьнѫ имаши вещь• ꙗко съчисльна наричѧ• ꙗко прѣдъ послѹхомь сѫщиимь на нб҃сехъ се творѧ• и въꙁбранѧемъи• ли иꙁметамъи трепещеть• вънъ иꙁгонимъ небесьнаго црс҃тва• блюди сѧ рече ч͗то дѣѥши ѡ ст҃телю• ѥже долѣ съвѧжеши горѣ слово о томь въꙁдати чаи си• нѣсть неповин͗на ѭꙁа• аще бес правьдꙑ съвѧжеши• ꙗвити|
275d| бо сѧ хощеши вл҇ⷣцѣ ангс҃кѹмѹ• не ꙗростьѭ ни гнѣвомь ѭꙁꙑ наводи• ни ꙗко себе мьщѧꙗ• нъ ꙗко добрꙑ дѣтѣли мьстѧ• мьстить бо бес правьдꙑ съвѧꙁанаго б҃ъ• аще о ѭꙁѣ неродить• пасꙑи ѹбо цѣломѹдрьнѣ стадо х҃во• ѹста бж҃ьꙗ нареченъ есть рече бо• аще иꙁведеши чьстьно отъ недостоина• ꙗко ѹста моꙗ бѫдеши• си истин͗наго пастѹха сѫть• да д҃шѹ своѭ положить|
276a| ꙁа обладомꙑꙗ имъ• аще ли небрѣжеть• то мьсть прииметь наим͗никъ влъка бѣжавъ• и ѹслꙑшить отъ прьваго пастырѧ• ѥже не въꙁискашѧ пастꙑри овьць моихъ• отъ рѫкъ ихъ• таковъ что обрѣтаемъ въ иринѣи• рече бо + б҃гословьци иѡаннѣ• ꙗко видѣвъ етера ѭношѫ красьна• наѹчивъ и и крьстивъ• рече граднѹмѹ ѥпискѹпѫ• сего ти прѣпорѫчаѭ•|+ о
276b| и отиде• ѥп҃пъ же м͗ного промꙑшлениѥ творѧ отрокѹ• приведе и въ векъи спѣхъ• послѣдь же по малѹ слабѣꙗ• ѹклони сѧ съ правьднаго пѫти• ꙗко бꙑти ѥмѹ и старѣишѹ раꙁбоиникомъ• пришьдъ же теѡлогъ• ѹ ѥп҃па тѧꙁаше порѹчениꙗ• онъ же мьнѧ имѣниꙗ ѥтера истѧꙁаѥма• не ѹмꙗаше что отъвѣщати• ничтоже въꙁьмъ отъ него• тъгда ꙗвѣ гл҃а емѹ• ѭношѫ ѥгоже ти|
276c| порѫчихъ въдаждь• онъ плеснѹвъ рѫкама рече• онъ ѹмрьлъ ѥсть• и повѣда ѥмѹ ꙗже о немь• ап҃лъ же съ велиѥмь въꙁдъхновениѥмь ѹдарь сѧ по главѣ рече• добра ли тѧ хранителѧ братьнѧ дш҃ѧ оставихъ• и абиѥ иꙁиде искатъ его• ѹꙁьрѣвъ же иѡана начѧ бѣжѧти• сь же въпиꙗше• пожиди мене чадо оц҃а своѥго• помилѹи сѣдины моꙗ• и пришьдъ паде прѣдъ|
276d| нимь• имꙑ десницѫ кръвавѫ• ѥванг҃листъ же облогꙑꙁаше рѫкѫ ѥго гл҃ѧ• м͗нѣ грѣхъ твои бѫди чѧдо• отъ м͗нѣ да въꙁищеть б҃ъ дш҃ѧ твоѥꙗ• и въꙁвращь сѧ пакꙑ бꙑсть съсѫдъ иꙁбьранъ• се ѹбо ѥсть въ истинѹ• еже положити д҃шѹ ꙁа овьцѧ• въꙁдрадѹѥть сѧ о немь и въꙁвеселить сѧ о овьцѧхъ• въꙁдрадѹѥть же сѧ аще в͗сѧ обрѧщеть съдравꙑ• а не отъпадъшѧ•|
277a| аще ли отъпалꙑ бѫдѹть• то лютѣ пастꙑремъ бѹдеть• аще ли и пастꙑри обрѧщѫть сѧ отъпадъше• ч͗то рекѹть владарю стада• ꙗко отъ овьць отъпадошѧ• невѣр͗ни бѫдѫть• невѣрьна бо вещь ѥсть пастꙑрю• отъ овьць страсть приꙗти какѫ• паче же мѹчени бѫдѹть ꙁа лъжѧ ихъ• вѣдѹще ѹбо ꙗко ꙁѣло подобаеть имъ• въꙁдати слово ꙗко игѹменомъ црькъви• и прьвонастольникомъ•|
277b| да ѹтврьдить сѧ съ стадомь ихъ• да ѹгодни б҃ѹ ꙗвѧть сѧ• въ чл҃цѣ бо бж҃ьи нѣсть мѹдрованиѧ плътьна• нъ в͗си плоди д҃ха сп҃сении• въ нихъже живеть б҃ъ и ходить• имиже сьꙗѭть ꙗко свѣтила въ мирѣ• ꙗко въ истинѹ и хвала и слава цр҃кви сѫще• ст҃ительство бо чинъ ѥсть ст҃ъ и хѹдожьство• блюдениѥ ѹбо ѥсть иѥрархиꙗ ѹподоблениѥ къ б҃ѹ• противѹ постигѹ• и съвъкѹплениѥ•|
277c| того имꙑ в͗сего сщ҃на хѹдожьства же и дѣаниꙗ наставьника• и к͗то божьствьнаго благолѣпиꙗ неѹклоньнѣ ꙁьрѧ• ꙗко сильнъ же и своꙗ подоб͗никꙑ• и обраꙁѹꙗ подобьꙗ бж҃ьꙗ• сътварѧꙗ противѫ силѣ• ꙁрьцѧла чиста и бескврьн͗на• приꙗтива свѣтлоначѧл͗нꙑꙗ• и бг҃оначѧльнꙑꙗ лѹчѧ• сиꙗ же пакꙑ неꙁавид͗нѣ въ прочѧꙗ въсъꙗѭща• по бг҃оначал͗нꙑмъ обꙑчаѥмъ•|
277d| не подобно ѥсть сщ҃нꙑхъ трѣбъ• сирѣчь• сщ҃енѣ творимꙑхъ дѣати что отънѫдъ• чрѣсъ приснаа ращиненьꙗ• тѣмьже сщ҃еноѥ начѧлиѥ гл҃ѧ• и чистительно отънѫдь ꙗвлѧѥть ѹкрашениѥ• обраꙁа бо начѧльнꙑꙗ красотꙑ• въ чинохъ и хѹдожьствѣхъ свѣтлѣхъ• своѥго сиꙗниꙗ ст҃ителюѭще таинꙑ• и къ своѥмѹ начѧлѹ ꙗкоже подобаѥть въꙁводѧще• ѥсть бо сщ҃ноначѧльꙗ|
278a| съврьшениѥ• ѥже по своѥмѹ числѹ• на б҃гоподобиѥ иꙁвѣсти сѧ• и божьѭ поспѣшьникѹ бꙑти• и покаꙁати бж҃ствьно дѣаниѥ въ себѣ ꙗвлѧѥмо• и просвѣщѧти сѧ• и просвѣщѧти• и очищати сѧ• и очищѧти• и съконьчавати бж҃ствьнаа• и съврьшѧти• да в͗сь ꙁьрѧи васъ• поꙁнаѥть ꙗко сѣмѧ бл҃но ѥсте гм҃ь• въ истинѫ сѣмѧ чьстьно цр҃ско сщ҃ниѥ ꙗꙁꙑкъ ст҃ь• людиѥ въ насънабъдѣниѥ бж҃ьѥ• наслѣдьници|
278b| нет͗лѣѭщь и невѧдѹщь обѣщанъи• ихъже око не видѣ• ни ѹхо слꙑша• и на ср҃це чл҃кѹ не въꙁиде• ꙗже ѹготова б҃ъ любѧщиимъ и• и хранѧщиимъ ꙁаповѣди ѥго• рече же и петръ• пасѣте стадо ѥже въ васъ бж҃ьѥ• присѣщѧѭще не нѫждеѭ• нъ волеѭ бж҃ьѥѭ• ни мьꙁдоѭ• нъ спѣхомь• ни ѹстоꙗще рѧдѹ• нъ обраꙁи бꙑваѭще стадѹ• и ꙗвльшѹмѹ сѧ прьвѹмѹ пастꙑрю:|
278c| приимете неѹвѧдѹщии вѣньць• г҃ь же рече• пастꙑрь добръи д҃шѹ своѭ ꙁа овьцѧ полагаѥть• а наимникъ и не сꙑи пастꙑрь• видить влъка грѧдѹщѧ• и оставлѧѥть овьцѧ и бѣгаѥть• и влъкъ расхꙑтить ꙗ и распѹдить• а наимникъ бѣжить• ꙗко наимникъ ѥсть• и неродить ѡ овьцѧхъ• и приводить• сего ради мѧ оц҃ь любить• ꙗко аꙁъ полагаѭ д҃шѹ моѭ ꙁа овьцѧ•|
278d| семѹ чловѣколюбивѫмѹ б҃ѹ нашемѹ слава въ вѣкꙑ вѣкомъ АМИН рк҃г ⁘Ꙍ РАЩИНЕНИИ⁘ ⁘КЛИРОСЬСЬСЦѢМ͗⁘ Послѣдно ѥсть чистителемъ• подражѧтелемъ бꙑти начѧльнаго чистителѧ своѥго• ꙗкоже иѡанъ• начѧльнаго чистителѧ|
279a| х҃а на в͗сего благоѥ• млс҃рдьѥ• ѥдиномꙑсльѥ• смотрьливоѥ• съмѣреномд҃рное• братолюбноѥ• нищелюбноѥ• съпострадьноѥ на в͗сꙗ• ѥже милостивѹ бꙑти• и привъꙁвращаѭщѧ ꙁаблюждьшѧꙗ присѣщаѭщѧ• немощьныхъ• не лѣнѧщѧ сѧ• и въдовицѧхъ и сиротахъ и нищиихъ• добраа помꙑшлѧѭщѧ• прѣдъ бм҃ь и чл҃кы• огрѣбаѭще сѧ в͗сего гнѣва• лицеꙁорьꙗ• сѫда неправьд͗на• сребролюбьꙗ•|
279b| не въ скорѣ вѣрꙑ ѥмлющи никакоже• нъ отъсѣчьнꙑ вь сѫдѣ• вѣдѹще ꙗко длъжьници ѥсмъ грѣхомъ• аще ѹбо молимъ сѧ г҃ю да оставить намъ• то длъжьни ѥсмъ и мꙑ оставлѧти• прѣдъ гн҃ѧма бо + бж҃иꙗма ѥсмъ очима• такожде и диꙗци сѫть бꙑти• непороч͗нии прѣдъ правьдоѭ ѥго• ꙗко бж҃ии и хв҃и слѹжителе• а не чл҃чи• прилежнѣ да послѹжѧть• да ѹбѣгнѫть|+ и
279c| клѧтьꙗ пр҃ча• а не ꙁа лѣность повинни бѫдѹть• ни дрьꙁовати ни о чимьже• ꙗко благочьстьꙗ ради рекъше• нъ все благообраꙁнѣ и по чинѹ бѭди• по ап҃лѹ ꙁане что недостоинѣ творѧаше• оꙁиꙗ покаждаꙗ б҃ѹ• что же саѹлъ жърѧ• что же мѫчителе и бѣсове бг҃ословѧще истин͗нѣ г҃а• нъ отъметьнъихъ бг҃ословьѥ• къжьдо же въ чинѣ своѥмь бѹди слѹжьбнѣмь• рече же и ꙁаконъ• ѥдинъ|
279d| чиститель ст҃аа ст҃хъ• вънидеть ѥдиноѭ лѣта• и се же въ в͗сеи чистотѣ стлс҃тва• чистителе же да съпрѧтаваѭть ст҃аа• а леуитии• да не прикасаѭть сѧ с҃тꙑхъ• да не ѹмьрѹть• раꙁгнѣва сѧ ꙗростьѭ г҃ь о дрьꙁновении ѡꙁиинѣ• и мариꙗ опѣготивѣ• ꙁаконодавьцѫ ꙁаконъ положити начьнъши• и на скеуиньи• с҃ны насльпаше бѣсьнѹꙗи• и не посъла ихъ• и ти чаахѹ и не гл҃аахѹ|
280a| къ себѣ• и нечьстивъи ꙁакалаꙗи ми ѭньць• ꙗко ѹбиваꙗи пьса• и просто рещи• не приѥмлеть чрѣсъ чинъ ихъ• в͗сесъврьшенаа бж҃ьꙗ правьда• гл҃ѫщиимъ же ѥмѹ именемь твоимь• силꙑ многꙑ створихомъ• не вѣдѣ васъ отъвѣщаѥть• идѣте отъ мене в͗си дѣлателе беꙁаконениꙗ• тѣмьже не подобно ѥсть ст҃аа словеса рѣшꙗ ни праведно• аще не по чинѹ гонить• блюсти же сѧ комѹжьдо себе трѣбѣ ѥсть• а|
280b| не вꙑсочаишиихъ• и глѹбьшиихъ помꙑшлѧти• раꙁмꙑшлѧти же тъчьѭ• ѩже по чинѹ ѥмѹ повелѣна сѫть• аще не обадьливи ни дъвословиви• ни сребролюбиви• нъ въꙁдрьжьливи• о в͗сѣхъ мл҃ди• прилеживи• ходѧще по истинѣ гн҃и• иже бꙑсть слѹжитель в͗сѣмъ• ѥмѹже аще всегодимъ въ нꙑнѣшьниимь вѣцѣ• въсприимемъ въ бѫдѹщии• ꙗкоже обѣщѧ намъ• въꙁдвигнѹти нꙑ иꙁ мрьтвъихъ•|
280c| и ꙗко аще поживемъ достоиинѣ• то црс҃твѹѥмъ съ нимъ• тъ бо самъ рече• аще к͗то м͗нѣ слѹжить• въ слѣдъ мене да ходить• и идеже ѥсмь аꙁъ• тѹ и слѹжитель мои бѫдеть• аще кто мнѣ слѹжить• почтеть и оц҃ь мои• томѹ слава въ вѣкꙑ вѣком АМИН рк҃д ⁘О ТОМЬ ѤЖЕ СТꙐДѢТИ⁘|
280d| ⁘ СѦ СЩ҃НХЪ⁘ Бг҃оносивъи игнатъ посꙑлаѥть гл҃ѧ• ѥп҃па послѹшаите• да и б҃ъ васъ ꙁадѹшьѥ• аꙁъ повинѹѭщиимъ сѧ ѥп҃пѹ• попомъ же и диꙗкомъ• съ ними ми чѧсть бѫди имѣти о б҃ꙁѣ• и пакꙑ• послѹхъ ми ѥсть• ѥгоже ради съвѧꙁанъ ѥсмь• ꙗко отъ плъти чл҃чѧ не раꙁѹмѣхъ• дх҃ъ же повѣда ми гл҃ѧ сице• кромѣ ѥп҃па ничесоже не творите• не подобаеть беꙁъ ѥп҃па ничесоже|
281a| дѣати намъ• идеже бо аще бѹде ѥп҃пъ• тѹ множьство бѹди• ꙗкоже идеже именова сѧ х҃ъ іс҃ъ• тѹ събьранаа• цр҃кы събираѥть сѧ• не ꙗможе хотѧть идѹть• пасома стада• нъ ѧможе пастѹси ꙗ клонѧть• а остаѭща кромѣ стада• расхꙑщаѭть ꙁвѣрьѥ• и пищѫ себѣ творѧть блюдѧщеѥ• не подобаѥть ѹбо беꙁъ еп҃па ни крьщѧти• ни любъве творити• нъ ѥже аще онъ искѹсить• то то б҃ѹ годѣ ѥсть•|
281b| иже ѥп҃па чьтеть• то отъ б҃а чьстьнъ ѥсть• иже таи ѥп҃па ч͗то творить• то диꙗволѹ слѹжить• нѹждьно же ѥсть повиновати сѧ и проꙁвутерьствѹ• ꙗко ап҃ломъ і҃у х҃а ѹпъваниꙗ нашего• о немьже живѹще въ немь обрѧщемъ сѧ• подобаѥть же и диꙗком͗• ꙗко слѹжителе сѹще таинъ і҃у х҃въ• по всемѹ обраꙁѹ всѣмь годити• не брашьномь бо и питиѥмь сѫть слѹгꙑ• нь цр҃кви бж҃ьꙗ работьници•|
281c| лѣпо ѹбо ѥсть имъ хранити сѧ грѣховъ• ꙗко огнѧ• такожде и вси да срамлѧѭть сѧ• диꙗкъ ꙗко і҃у х҃а• а еп҃па ꙗко и оц҃ѧ• поповъ же ꙗко и събора бж҃ьꙗ• и ꙗко ѭꙁы апл҃скꙑ• бес ихъ бо цр҃кꙑ не наречеть сѧ• съгласѫѥть же словеси и ꙁаконъ г҃лѧ• съхраните ꙁѣло по в͗семѹ• ѥлико аще речеть ти чиститель твориши• не ѹклони сѧ отъ гл҃а• на десно ли на шѹѥ• и чл҃къ иже аще творить прѣꙁорьѥ• не послѹшати чистителѧ•|
281d| да ѹмьреть чл҃къ тъ• пр҃къ же малахиꙗ• ѹстьнѣ чистителевѣ рече да храните раꙁѹмъ и ꙁаконъ• иꙁищѫть иꙁ ѫстъ ѥго• ꙁане анг҃лъ г҃а вседрьжителѧ ѥсть• въ мирѣ исправлѧꙗ ходи съ м͗ноѭ• и мъногꙑ въꙁврати отъ неправьдꙑ• и инъ• всеѭ д҃шеѭ си готоваи г҃ю• и чистителемъ ѥго диви сѧ в͗сеѭ силоѭ своѥѭ• люби створьшьго тѧ• и слѹгъ ѥго не остави• бои сѧ г҃а и слави чистителѧ• и пакꙑ ꙁаконъ•|
282a| чистителе ст҃и бѫдѫть б҃ѹ ихъ• жрьтвꙑ бо г҃ю б҃ѹ своѥмѹ принесѹть• и да бѹдѹть ст҃и• и пакꙑ• чиститель ст҃ъ ѥсть г҃ю б҃ѹ своѥмѹ• дарꙑ бо г҃ѹ б҃ѹ нашемѹ сь приносить• ст҃ъ да бѫдеть тебе• и рече г҃ь арѡнѹ гл҃ѧ• и послѹжить леуитинъ сѣни съвѣдѣньꙗ• и ти приимѹть грѣхꙑ людьскы• и приношеньꙗ даръ леуитомъ• ꙗко мьꙁда си ваша ѥсть ꙁа слѹжьбꙑ вашѧ• и исаиꙗ же рече• вꙑ же чистителе гн҃и|
282b| наречете сѧ• слѹгꙑ бж҃ьꙗ слѹгꙑ• и иѥремиꙗ• въꙁвеличѫ и ѹпоѭ дш҃ѫ чистительскѹ• такожде и дв҃дъ• чистители твои гл҃ѧ• облѣкѫть сѧ въ правьдѹ• и прп҃дбнии твои въꙁдрадѹѭт͗ сѧ• павьлъ же• вьсь бо начѧлочиститель рече• на приношениѥ даровъ и жрьтвъ поставлѧѥмъ ѥсть• иже обраꙁомь и стѣньмь• слѹжѧть на нб҃схъ• нꙑнѣ же раꙁличнѣ ѹлѹчи слѹжениѥ• ѥлико и лѹчьша ꙁавѣта•|
282c| и приводить гл҃ѧ• молимъ же вꙑ бра҇ⷮѥ вѣдѣти трѹждаѭщаꙗ сѧ въ васъ• и приставьникꙑ вашѧ о г҃и• и накаꙁаѭщѧꙗ вꙑ• и имѣите ꙗ прѣиꙁлиха• въ любовъ ꙁа дѣло ихъ• мирѹите же въ себѣ• и пакꙑ• попове сѫгѹбѣ чьсти да бꙑваѭть• паче же трѹждаѭщеи сѧ въ словеси и ѹчении• лѣпо ѹбо ѥсть• въꙁлюблении и любо б҃ѹ• стꙑдѣти сѧ чиститель ѥго• ꙗже ѹбо б҃ъ оприсни и|
282d| прослави• то нѹжда ѥсть чл҃кмъ длъгꙑ въꙁдаꙗти• ибо не о себѣ к͗то приѥмлеть чьсть• нъ нарицаѥмꙑмь бм҃ь• не достоить ѹбо николиже чистителю противити сѧ• противѧщии бо сѧ себѣ сѹдъ приѥмлють• кнѧꙁю бо людии своихъ не речеши ꙁъла• г҃ь же• и великꙑи ар͗хиѥрѣи рече• приѥмлѧи вꙑ мѧ приѥмлеть• а приѥмлѧи мѧ приѥмлеть посълавъшѧго мѧ• а приѥмлѧи пророка въ имѧ пр҃че|
283a| мьꙁдѹ пр҃чѫ приѥмлеть• и приѥмлѧи правед͗ника въ имѧ правьдьниче• мьꙁдѹ правьдьничѫ приѥмлеть о х҃ѣ ѥмѹже слава въ вкы вѣком АМИН рк҃е ⁘О ЧААНИИ БОУдѹщиихъ ⁘ Чаꙗи бѹдѹщиихъ благъ• сьдещьнѧа отърѣѥть• желаниѥмь бѫдѹщиихъ• в͗сѧ житиискаа ꙗко стѣнѧ и паѹчинѹ|
283b| ѹминѹѥть• ꙁа щѧдимѹѭ надеждѫ и радость• тѹ бо тъщить сѧ бꙑти• идеже сътѧжаниꙗ имѣньѥ• рекъше желаниѥ порабощено имать• имъже ѹбо желаньно ѥсть• на нб҃схъ сътѧжаниѥ• тѣлесьнаго иꙁитиꙗ желаѭть• чаѭще ѹбо щѧдимꙑхъ намъ благъ• и иꙁдѧдьнъ сѫщь всеѭ волеѭ• желаниимь многомь въꙁлюбимъ ꙗ• прѣꙁьрѧще непрѣбѹдьнаа• и радѹѭще|
283c| сѧ ꙁа вѣчнаа• и прѣбꙑтьнаа благаа• ихъже не можеть ѹмъ чл҃чь постигнѫти• в͗сѣмь ѹбо хранениѥмь блюдѣмъ ср҃це жьдѹще домѹ влд҃кꙑ х҃а б҃а нашего• обнищавъшаго насъ ради• и ꙁа наше сп҃сениѥ• немощьнꙑꙗ страсти на сѧ въсприима• да нꙑ богатьства ѥго причѧстьникꙑ створить• и бѫдѫщѧꙗ неиꙁдекомꙑ славꙑ насладимъ сѧ• ѥгоже любѧще не почьимъ• и любими имь• вънидемъ въ прѣбꙑть ѹготованѫѭ|
283d| оц҃мь• и ѹꙁьримъ свѣтъ въ свѣтѣ ѥго• страшьнъ дн҃ь пришьствьꙗ ѥго• великъ и просвѣщенъ ꙁѣло• тѣмьже имѹще обѣщаньꙗ си радѹимъ сѧ• радость неиꙁг҃лемоѭ и слав͗ноѭ• очищаѭще присно дш҃ѧ• ѥда кто корень горести вꙑспрь проꙁѧбаꙗ пакости творить• и оскврьнѧть сѧ мноꙁи• да въ чистѣмь и въ свѣт͗лѣмь просвѣтѣ бꙑвъше• ни имѹще скврьнꙑ• ни враскꙑ тѹ ѹꙁьрить• несоꙁьданоѥ• и блаженоѥ|
284a| ѥстьство оно• идеже оц҃ь и сн҃ъ и с҃тыи дх҃ъ• ꙗко и павьлъ римлѧнемъ присꙑлаѥть гл҃ѧ• молю + ѹбо бра҇ⷮѥ• щредротами бж҃ьꙗми прѣдъставите тѣлеса вашѧ• жрьтвѹ живѹ ст҃ѹ ѹгодьнѫ б҃ѹ• словесьноѥ слѹжениѥ ваше• и не съобраꙁѹите сѧ вѣкѹ семѹ• нъ прѣобраꙁѹите сѧ въ обновлениѥ ѹма вашего• искѹшаѭще что ѥ волѧ бж҃ьꙗ• благаа ѹгодьна• и съврьшена• и пакꙑ• намъ|+ вы
284b| бо отъкръї б҃ъ дх҃мь ст҃ъимь• дх҃ъ бо в͗сего чаѥть• и глѹбинꙑ бж҃ьꙗ• кто бо вѣсть отъ чл҃къ ꙗже въ чл҃цѣ• тъчьѭ дх҃ъ чл҃чь сꙑи въ немь• такоже и бж҃ии• ник͗тоже не раꙁѹмѣ• тъчьѭ дх҃ъ бж҃ии• и приричеть• мꙑ же не дх҃мь сего мира приꙗхомъ• нъ дх҃ъ иже отъ б҃а• да видимъ дарованаа намь б҃мь• и пакꙑ• аще ѹбо слѹжениѥ осѫждениѥ слава• паче же ꙁѣло• и бꙑваѥть|
284c| слѹжениѥ• правьдꙑ славѣ• ибо не прославить сѧ прославленоѥ въ чѧсти сеи• прѣспѣѭщаꙗ ради славѣ• аще бо прѣстаѭщеѥ славоѭ• паче же цѣло прѣбꙑваѭщеѥ въ славѣ• и инъ• правед͗нꙑхъ д҃шѧ въ рѫцѣ бж҃ьи• и не прикоснеть сѧ ихъ мѹка• они же сѫть въ мирѣ• и ѹпъваниѥ ихъ бесъмрьтьꙗ плъно• малꙑ покаꙁани• веми бл҃годѣтѧть сѧ• ꙗко|
284d| б҃ъ искѹси ꙗ• и обрѣте ꙗ достоинꙑ себѣ• и ꙗко в͗сеплодьнꙑ жрьтвꙑ приꙗтъ ꙗ• и въ врѣмѧ посѣщениꙗ ихъ въсьꙗѭть• и дв҃дъ• вечеръ ѹдворить сѧ плачь• и ꙁаѹтра радость• и постави на пространѣ ноꙁѣ мои• и пакы ап҃лъ• аще ѹбо въскрьснѫсте съ х҃мь• вꙑш͗ниихъ ищѣте• идеже х҃ъ ѥсть• о деснѹѭ оц҃а сѣдѧ• вꙑш͗нѧа мѹдрѹите а не ꙁемльнаа• и пакꙑ:|
285a| нꙑнѣ же свобождьше сѧ отъ грѣха• порабощьше сѧ б҃ѹ• имате плодъ вашь въ ст҃ꙑнѫ• а коньчинѫ въ жиꙁнь вѣч͗нѫѭ• о х҃ѣ ис҃ѣ г҃и нашемь• г҃ь же• бѫдѫ чрѣсла вашѧ прѣпоꙗсана рече• и свѣтил͗ници горѫще• и вꙑ подоб͗ни чл҃комъ чаѭщемъ г҃а своѥго къгда въꙁвратить сѧ отъ бракъ• да пришьдъшѫ и тлъкнѫвъшѫ• абиѥ отврьꙁѹтъ ѥмѹ• и приводитъ• блажени раби ти• ꙗже|
285b| г҃ь пришьдъ обрѧщеть бъдѧщѧ• аминъ гл҃ю вамъ• ꙗко прѣпоꙗшеть сѧ и посадить ꙗ• и минѫвъ послѹжить имъ• томѫ слава въ вѣкꙑ вѣкомъ АМИН р҃кꙅ ⁘О ꙀЪВАНИИ БОжии :  Г҃ю б҃ѹ ꙁовѹщѫ нꙑ ꙁакономь же и пр҃кꙑ• и ап҃лꙑ и ѥван͗гелистꙑ• паче же|
285c| и молѧщю• не подобаѥть намъ ꙁа лѣность и слабость небрѣщи ꙁаповѣдии ѥго• и лѣнити сѧ о своѥмь сп҃ньи• да не опождениѥмь ꙁатворить сѧ намъ желаѥмоѥ женишьство• и много тлъкъше• беꙁ ѹспѣха прѣбѫдемъ• въꙁдꙑхаѭще бес польꙁѧ• нъ паче братиѥ тьщаниꙗ сѧꙁѣмъ• да постигнемъ врьховьньи градъ• паче же старъи градъ нашь• вꙑшьнии|
285d| ѥм҃ъ иже ѥсть мт҃и в͗сѣхъ насъ живѫщиихъ• странѫ въ неиже свѣтъ обьꙁарѧѥть• неѹгасаꙗи свѣтильникъ• неѹсꙑпаꙗѥ ѡко• вѣчнꙑхъ благъ давьць• аще ѹбо въꙁлюбении съ страхомь и любовь ѭ и дрьꙁновениѥмь пристѫпимъ• къ благѹмѹ нашемѹ вл҃цѣ• то ѹꙁьримъ все ѥстьство• ан҃глъ же и архан҃глъ• и силъ• и властии• и отъ вѣка съблюденаа• неиꙁдрекома бл҃гаа|
286a| любѧщиимъ и• ѥлико бо рачите бышѧ вꙑшьнѧго иѥрѫсалима• абиѥ съсати имѫть ѿ съсьцю ѹтѣшениꙗ ѥꙗ• и отъ потока пищьнаго напоꙗть сѧ• томь ѹбо прильпаимъ• рекъшиимь• приближѫ сѧ васъ• послѹшаимъ ꙁаконодавьцѧ гл҃ющаго• аще слѹшаѥте гласа моѥго• бѫдете ми людиѥ иꙁѧщьни• црс҃ко сщ҃ниѥ• ꙗꙁꙑкъ ст҃ъ• и ст҃ите сѧ• и бѫдѣте ми ст҃и• ꙁане аꙁъ ст҃ъ ѥсмь|
286b| г҃ь б҃ъ вашь• и вꙑ иꙁбьрахъ себѣ люди иꙁдрѧдьнꙑ• паче всѣхъ ꙗꙁꙑкꙑ• прѣмѹдрость же рече• пристѫпите къ мнѣ желаѭщии мнѣ• и отъ житъ моихъ насꙑтите сѧ• памѧтьѥ бо моѥ паче меда сладько• и ꙗдѹщеи мѧ ѥще въꙁлачѫть• и пиѭщии мѧ• пакꙑ въжѧждѫть• послѹшаѧи мене не постꙑдить сѧ• и пакꙑ• придѣте и ꙗдите мои хлѣбъ• и пиите вино ѥже чрьпахъ|
286c| вамъ• оставите беꙁѹмиѥ да живи бѫдете• ищѣте въ вѣдѣнии раꙁѫма• и дв҃дъ пристѹпите къ немѹ и просвѣтите сѧ• и лица ваша не постꙑдѧт сѧ• и ап҃лъ• аще ѹбо въстасте съ хм҃ь• то вꙑшиниихъ ищѣте идеже х҃ъ ѥсть• о деснѹѭ б҃а сѣдѧ• и приводить• тѣмьже ѹбо нѣсте стран͗ни и пришьльци• нъ сѫграждане с҃тꙑмъ• и приснии б҃ѹ• да при +|+ стѹпаѥмъ ѹбо съ дрьꙁновениѥмь къ прѣстолѹ блгд҃ти да при
286d| имемъ милость и благодѣть• обрѧщемъ въ благврѣменнѫѭ помощь• чл҃колюбивъи же сп҃съ и г҃ь нашь приꙁываѥть нꙑ гл҃ѧ• придѣте къ м͗нѣ вси трѹждаѭщии сѧ и обрѣменении• и аꙁъ покоѭ вꙑ• въꙁьмѣте иго моѥ на себе• и навꙑкнѣте отъ мене• ꙗко кротъкъ ѥсмь и съмѣрень ср҃цемь• и обрѧщете покои дш҃ѧмь вашимъ• иго бо моѥ помаꙁано• и брѣмѧ моѥ|
287a| льгъко ѥсть• и ѥже• грѧдѣта въ слѣдъ мене• и сътворю вꙑ ловьца члк҃омъ бꙑти• се гл҇ⷳюмѹ х҃ѹ чл҃колюбивѹмѹ сп҃сѹ д҃шь нашихъ слава въ вѣкꙑ вѣком АМИН рк҃ꙁ ⁘О СТРАСѢ БЖ҃ИИ⁘ Имѣꙗи страхъ божии• въ истинѫ ѹдобь придеть въ съврьшенѫѭ|
287b| любъвь ѥго• и бѫдеть ѹченикъ и дрѹгъ х҃въ• вꙑ бо рече въꙁлюбите мѧ• и таковꙑ чистость сътѧжаваѥть чистꙑимь страхомь бж҃иимь• и по истинѣ отъ страха гн҃ѧ• отърекы сѧ• ѥже растите сѧ множите сѧ• и отърече сѧ ѥже бꙑти чл҃къ чѧстьѭ сеѭ• мирьнꙑхъ же печальи и льстьи• и сластьи• и пировъ• и пиꙗньствъ• и грѣꙁъ вавулоньскꙑхъ• и всего житиискаго|
287c| отъврьже сѧ• и отърече сѧ всего мира• и мирьнꙑхъ мрѣжь• и съплетень и сѣтьи• и на ꙁемли ходѧ• житьѥ на нб҃схъ въꙁлюби имѣти• ѹньшиихъ бо желаꙗ• мира отъврьже сѧ• да поживеть житиѥмь бж҃ствьномь• нбс҃нꙑхъ анг҃льскомь въ вѣрѣ чистѣ• и непорочьнѣ и с҃тѣ• о дс҃ѣ бж҃ии• б҃ѹ слѹжѧ в͗седрьжителю• црс҃тва ради нб҃снаго• ꙁа не|
287d| и отърече сѧ• плътьнꙑꙗ похоти• въꙁбои бо сѧ рече г҃а• и храни ꙁаповѣдь ѥго• хранѧи ѹбо ꙁаповѣди бж҃ьꙗ• бѫдеши сильнъ въ в͗семь дѣании• и дѣание твоѥ бес приклада бѫдеть• боꙗ бо сѧ г҃а все добро твориши• сь ѥсть страхъ• имьже ти сѧ подобаѥть боꙗти• и сп҃сеши сѧ• а диꙗвола не бои сѧ• бои бо сѧ г҃а и ѹдоблѧѥши диꙗволѹ• ꙁане силꙑ нѣсть въ немь•|
288a| а въ немьже силꙑ нѣсть• то ни страха въ немь• вьсъ бо иже силѹ имать• то и страхъ имать• а не имꙑи силꙑ• всѣми небрѣгомъ ѥсть• бои же сѧ дѣлъ неприꙗꙁнинъ• ꙗко ꙁъла сѫть• бои же сѧ г҃а• и не ѹбоиши сѧ дѣлъ неприꙗꙁнинъ• и не створиши ихъ• нъ бѣжиши отъ нихъ• сѹгѹба же ѥсть страха• аще ѹбо хощеши ꙁьлоѥ створити• ѹбои сѧ г҃а и не створиши ѥго• тѣмьже|
288b| страхъ г҃нь• крѣпъкъ и славьнъ• и иже аще въꙁбоꙗть сѧ ѥго• и ꙁьрѧть ꙁаповѣдьи ѥго• живи бѫдѹть б҃ѹ• ꙁане и всѧ тварь ѥго боить сѧ• а ꙁаповѣдии ѥго не хранить• боꙗщиихъ сѧ ѹбо ѥго• и хранѧщиихъ ꙁаповѣди ѥго• тѣхъ ѥсть отъ б҃а• страхъ бж҃ьи нѹдить нꙑ брати сѧ съ ꙁольѭ• намъ же борющемъ сѧ• благодѣть гн҃ѧ ѹбиѥть ꙗ• не въꙁможеть же никтоже въ страхъ бж҃ии прити• аще|
288c| не вьсѣхъ• житиискъихъ печьльи кромѣ бѫдеть• ꙗкоже рече сѧ• ѥгда бо бес плищѧ и бес печали бѫдеть ѹмъ• тъгда имь прильплеть и страхъ бж҃ьи• водѧ и въ многѫ любовь благости• страхъ г҃нь рече прѣчистъ прѣбꙑваꙗ въ вѣкъ вѣка• страхъ г҃нь родитель мѫдрости• боꙗи сѧ ѥдинаго• не ѹстрашить сѧ многꙑхъ• паче же того• ѥдинаго ради• мноꙁи въꙁбоꙗть|
288d| сѧ• аще бо рече въꙁбоите сѧ г҃а б҃а вашего• и ѹслꙑшите гласъ ѥго• не станеть противѹ никтоже лицемъ вашимъ• нъ страхъ вашь и трепетъ бѫдеть на в͗сѣхъ ꙗꙁꙑцѣхъ• и пакъ приповелѣваѥть гл҃ѧ• г҃а б҃а своѥго ѹбои сѧ• и къ томѹ прильпнеши• и пакы кто дасть такомѹ бꙑти ср҃цѫ людьскѹ• ꙗко боꙗти сѧ в͗сѣхъ ꙁаповѣдьи моихъ• да блаꙁѣ имъ бꙑ• се ѹбо ꙁаконъ|
289a| рече• и прк҇ⷪъ михеа• ꙗко въсиꙗѥть вамъ боꙗщиимъ сѧ г҃а• слъце правьдꙑ• и иꙁидете и въꙁиграѥте сѧ ꙗко телѧта ѹрѣшена отъ ѭꙁъ• притъчьникъ же• начало прм҃сти страхъ г҃нь• въ животъ мѹжѫ• страхъ г҃нь въꙁвеселить срд҃це• и дасть веселиѥ и радость• страхъ г҃нь дааниѥ отъ г҃а• боꙗщѫмѹ сѧ г҃а благо бѫдеть да послѣдъкъ• и въ дьни коньчаниꙗ ѥго благословленъ|
289b| бѫдеть• м͗ножьство прѣмѫдрости боꙗти сѧ г҃а• и ѹпоить сѧ отъ плодъ своихъ• и пакꙑ• въжделѣвъ прѣмѫдрости• съблюди ꙁаповѣдь• и г҃ь подасть ти ѭ• боꙗщии сѧ г҃а• ничьсоже въсѫмнѧть сѧ• ꙗко ѹпъваниѥ ихъ• и давꙑдъ ѹста правьдьничѧ поѹчѧть сѧ пр҃мсти• и ꙗꙁꙑкъ ѥго въꙁг҃леть сѫдъ• ꙗко по вꙑсотѣ нб҃снѣи отъ ꙁемлѧ• ѹтврьдилъ|
289c| ѥсть г҃ь милость своѭ на боꙗщиихъ сѧ ѥго• и волю боꙗщиїхъ сѧ ѥго створить• мл҃твѹ ихъ ѹслꙑшить и сп҃сеть ꙗ• и дрьжава г҃ь боꙗщиихъ сѧ ѥго• и ꙁавѣтъ ѥго ꙗвить имъ• се очи гн҃и на боꙗщиихъ сѧ ѥго• и о себѣ• да въꙁвеселить сѧ ср҃це моѥ боꙗти сѧ имени твоѥго• и благыи д҃хъ• причѧстьникъ ѥсмь всѣмъ боꙗщиимъ сѧ тебе• и хранѧщиимъ ꙁаповѣди твоꙗ• иꙗковъ|
289d| же• а вꙑшнѧа прѣмѫдрость• прьвоѥ ѹбо чс҃та ѥсть• потомь же мирьна• смотрьлива• покорива• плъна милостꙑнѧ• и плодъ благъ• бе-сѫмнѣниꙗ• беꙁ лицемѣриꙗ• плодъ же правьдꙑ въ мирѣ сѣѥть сѧ• творѧщиимъ миръ• и петръ• въ всѣхъ ꙗꙁꙑцѣхъ боꙗщии сѧ г҃а• и творѧща правьдѹ• приꙗтъ имь ѥсть• г҃ь же не ѹбоите сѧ ѹбиваѭщиихъ тѣло• а д҃шѧ не могѹщь|
290a| ѹбити• боите же + паче имѹштааго власть по ѹбъѥньи д҃шѧ и тѣло погѹбити въ геѡн͗нѣ еи гл҃ю вамъ• того ѹбоите сѧ ѥмѹже слава въ вѣкы вѣком АМИН рк҃и ⁘О ЛЮБЪВИ ꙖЖЕ⁘ ⁘ къ богѹ :  Да иꙁидеть слово отъ страха бж҃ьꙗ• на съврьшенѫ любовъ ѥго• любъви же мѣнѫ тврьдѹѭ не|+ сѧ
290b| прѣсѣкаѥмѹѭ• м͗ногами напастьми и мѫками• б҃ꙁѣ приближаѭщѹѭ• и чада б҃жьꙗ съврьшаѭщѫ• люблениѥ бо гн҃е и боꙗꙁнь• паче всего прѣспѣѥть въ просвѣщениѥ• и очи г҃ни на любѧщиихъ• иже чѫвьствьѥмъ ср҃чнꙑмь любить• тъ ѥсть поꙁнанъ имь• сътѧжавꙑи съврьшенѫѭ на б҃а любовь• аще и въ семь житии ѥсть• то ꙗко нѣсть• стран͗на бо себе непьщюѥть видимꙑхъ•|
290c| трьпѧ невидимаго• в͗сь бо иꙁмѣнилъ сѧ ѥсть• въ любовъ бж҃иѭ• ꙗко истѫпль отъ своѥꙗ любъви• любовьѭ бж҃ьѥѭ• аще бо иꙁѹмихомъ сѧ рече то б҃ѹ• аще ли цѣломѫдрѹѥмъ то вамъ• иже сѧ самъ любить б҃а не можеть любити• а иже себѣ не можеть• ꙁа прѣспѣѭщеѥ богатьство любъве бж҃ьꙗ• то тъ б҃а любить• прьвоѥ ꙁаконъ вѣщаѥть г҃лѧ• аꙁъ г҃ь• творѧи милость|
290d| любѧщиимъ мѧ• и хранѧщиимъ повелѣниꙗ моꙗ• и инъ• сѣмѧ ѹтврьждениꙗ боꙗщии сѧ г҃а• и чьстьно саждениѥ любѧщеи ї• и милость чл҃кѹ на искрьниимь своимь• милость же гн҃ѧ на всеи плъти• въꙁносѧ и просвѣщѧꙗ очи• гл҃еть же и прм҃сть• аꙁъ любѧщѧꙗ мѧ люблю• искѹщеи же мене• обрѧщѫть раꙁѹмъ• богатьство слава моꙗ ѥсть• сѹлѣѥ мѧ плодити паче ꙁлата и камени драга:|
291a| и дв҃дъ отъ теплꙑꙗ къ б҃ѹ любъве• въинѹ въпиꙗше• б҃е б҃же мои къ тебѣ ѹтрьнѫѭ• въждада тебе д҃шѧ моꙗ• коль м͗ножицеѭ тебѣ плъть моꙗ• въ ꙁемли пѹстѣ и непрѣходьнѣ и беꙁводьнѣ• и пакꙑ въꙁлюблю тѧ г҃и крѣпости моꙗ• г҃ь ѹтврьждениѥ моѥ и прибѣжище моѥ и иꙁбавитель мои• и г҃и прѣдъ тобоѭ в͗се желаниѥ моѥ• и въꙁдꙑханиѥ моѥ отъ тебе не ѹтаи сѧ• и пакꙑ въждада дш҃ѧ моꙗ къ б҃ѹ|
291b| крѣп͗кѹмѹ и живѹмѹ• къгда придѹ и ꙗвлю сѧ лицѫ бж҃ью• въꙁлюби д҃ша ꙗ въжделѣти сѫдьбъ твоихъ на в͗сѧ врѣмена• ꙗко сладъка грътани моѥмѹ словеса твоꙗ паче меда ѹстомъ моимъ• ꙗждь бо рече медъ сн҃е• благо бо сътъ• да насладить сѧ грътань твои• тако бо любьство и мдр҃сть бѫдеть твоѥи дш҃и• и иѡанъ• въꙁлюблении б҃ъ любꙑ ѥсть• и иже прѣбꙑваеть въ любъви• въ|
291c| бꙁ҃ѣ прѣбꙑваѥть• и б҃ъ въ немь• и приносить• не ꙗко мꙑ въꙁлюбихомъ и• нъ ꙗко самъ въꙁлюби нꙑ• и посъла сн҃а своѥго• оцѣщениѥ о грѣсѣхъ нашихъ• и павьлъ• нъ о семь в͗семь• прѣпобѣждаѥмъ ꙁа въꙁлюбльшаго нꙑ б҃а• и наводить• ꙗко любѧщиимъ б҃а• всѧ поспѣѭть сѧ въ благо• сѫщиимъ по проꙁьрѣниѭ ꙁъваномъ• и пакꙑ• к͗то нꙑ оставить отъ любъве бж҃ьꙗ• скръбь ли• или тѹга•|
291d| гонениѥ ли• или гладъ• или мечь• и приносить• прѣпираѭще бо сѧ• ꙗко ни съмрьть• ни животъ• ни анг҃ли• ни начала• ни власти• ни настоꙗщаꙗ• ни грѧдѹщаа• ни ѥтера тварь ина• не въꙁможеть насъ раꙁлючити отъ любъве бж҃ьꙗ• ꙗже о х҃ѣ ис҃ѣ г҃и нашемь• г҃ъ же имѣꙗи ꙁаповѣди моꙗ и съблюдаꙗ ꙗ• тъ ѥсть любѧи мѧ• и въꙁлюбленъ бѫдеть оц҃емь моимъ• и аꙁъ въꙁлюблю и• и ꙗвлю сѧ ѥмѹ самъ•|
292a| видиши ли ꙗко любꙑ ꙗже къ б҃ѹ ꙗвлениѥ ѥго• и приꙗтьѥ подаѥть• иже чистѣ любить б҃а• то странна себѣ имать• и пришьльца въ житьи семь• и таковъи доброѭ иꙁмѣноѭ иꙁмѣнѧѥть сѧ• и ѥже ст҃оѥ х҃во имꙗ• въ глѹбинѣ ср҃цѧ своѥго помнѧть бес прѣстани• то ти и свѣтъ нѣколи видѣти могѹть• тѣснѹѭ бо печальѭ отъ помꙑшлениꙗ дрьжимо• всѫ скврьнѫ дш҃нѫѭ въ чювьствѣ попалѧꙗ м͗ноꙁѣ• б҃ъ|
292b| нашь огнъ попалѧꙗ ѥсть рече• тѣмьже на любовь м͗ногѫ дш҃ѫ своѥꙗ славꙑ приꙁꙑваѥть г҃ь• ничтоже тако распалѧѥть• и движить ср҃це на любовь бж҃ьѭ• ѩкоже б҃ословьѥ• рождениѥ бо се сꙑ благодѣти ѥго• прьвꙑꙗ ѹбо• и дарꙑ ш҃ди дарѹѥть любѧщиимъ б҃а• сльꙁꙑ ꙗко и медъ сладѹꙗ въ ср҃ци ѥго въсѣѭть сѧ• д҃ша бо съ ѹмомь въинѫ ѥго ꙁьрить любовьѭ• д҃ша любо съ любовьѭ|
292c| бж҃иѥ веселѧщи сѧ• въ врѣмѧ тѣлесьнаго исхода• не ѹстрашить сѧ кнѧꙁь въꙁдѹха сего• ни властии тьмьнъихъ• нъ отъ любъве бж҃ьꙗ радѹщи сѧ• летить съ ан͗гелꙑ мирьнꙑми• ꙗко отъ странꙑ своѥꙗ• желаниѥ бо рече имать въꙁвратити сѧ и со хм҃ь бꙑти• имѫщи бо дш҃а любовь съврьшениѥ ꙁаконѹ• въ пришьствьѥ гн҃е въсхꙑтить сѧ• въ облацѣх͗ въ сърѣтениѥ|
292d| ѥго• мала не ѹтаи сѧ• насъ любꙑ• сѫщѧꙗ въ пѣсньхъ• невѣстꙑ црькъве женихѹ х҃ѹ• ѡле тъщетьѥ• рече бо да лобъжеть мѧ• отъ лобъꙁаньи ѹстъ ѥго• ꙗко блага съсьцѧ твоꙗ• паче вина• и вонѣ муръ твоихъ паче всѣхъ арѡматъ• муро иꙁлиꙗно имѧ твоѥ• сего ради ѭнꙑꙗ въꙁлюбишѧ тѧ• и ведошѧ сѧ въ слѣдъ тебе• на вонѫ муръ твоихъ потечемъ• въꙁдрадѹѥмъ сѧ и въꙁвеселимъ сѧ ѡ тебѣ•|
293a| правость въꙁлюби тѧ• и пакꙑ• въꙁвѣсти ми ѥгоже любить дѫша моꙗ• къде пасеши• къде лѣжеши въ полѹдьне• се бо ѥси добръ• ибо красьнъ• подъ сѣнь твоѭ въжделѣхъ и сѣдохъ• плодъ бо твои сладъкъ въ грътани моимь• и бѣдѧще инꙑ рече• ꙁаклѧхъ вꙑ дъщери иѥм҃скы• аще въꙁдвигнете и въставите любленъ дон͗деже въсхощеть• и пакꙑ• покажи ми лице своѥ•|
293b| и ѹслꙑшанъ сьтвори м͗нѣ гласъ свои• ꙗко гласъ твои сладъкъ• и лице твоѥ красьно• тако бѣ моси въпиꙗ• ꙗви ми лице твоѥ• да раꙁѹмнѣ виждѹ тѧ• и пакꙑ• искахъ ѥго въꙁлюби д҃ша моꙗ и ꙗхъ сѧ по нь• и не оставихъ ѥго• ꙗко водена ѥсмь• любовьѭ аꙁъ• ꙁане крѣпъка ꙗко съмрьть любꙑ вода многа не можеть ѹгасити любъве• тако бѣ петрови|
293c| д҃ша г҃лющи• г҃и камо идеши къ комѹ идемъ• к͗ немѹже г҃ь тришьдꙑ• петре любиши ли мѧ• онъ же• ѥи г҃и тꙑ вѣси ꙗко люблю тѧ• пакꙑ же г҃ь къ своимъ ѹченикомъ рече• аще кто любить мѧ• то слово моѥ съблюдеть• и о҃ць мои въꙁлюбить и• и к͗ немѹ придевѣ• и прѣбꙑть ѹ него створивѣ въ славѣ ѥго• ѥмѹже слава въ вѣкꙑ вѣком АМИН|
293d| рк҃г ⁘Ꙍ ОУСꙐНЕНИИ⁘ Слава благости твоѥи вл҃ко чк҇ⷧлбче• нищелюбче• дш҃елюбче• благолюбче• не поминаи вражъдꙑ г҃и• ѥже прѣстѹпльшѧꙗ ꙁаповѣди твоꙗ въ раи• и ѹмрьщвенꙑ грѣхомь• своѥѭ волеѭ нашеѭ• не тъчьѭ свободивъ• нъ и своꙗ чада нарекъ• иже и доселѣ не хранѧще ꙁаповѣдьи твоихъ• живемъ• ꙗко на насъ събꙑти сѧ•|
294a| ꙗко с҃ны родихъ и въꙁнѣсъ• ти же отъврьгошѧ сѧ мене• кто въꙁможеть съповѣдѣти пѫчинѫ благосрьдьꙗ твоѥго• длъготрьпе и благодѣтелю д҃шь нашихъ• б҃е в͗седрьжителю• и г҃и милостьи• реклъ бо ѥси пр҃комь иѡсиимь• нарекѫ не люди моꙗ люди моꙗ• и не въꙁлюбленѫѭ моѭ въꙁлюбленѫ• и бѫдеть на мѣстѣ идеже рече сѧ• не людиѥ мои вꙑ• тѹ нарекѹть сѧ сн҃ве•|
294b| б҃а жива• и иѡанъ• въꙁлюблении• нꙑнѣ чада бж҃ьꙗ ѥсмъ• и не ѭ сѧ ꙗви что бѫдемъ• ꙗко ѹꙁьримъ ꙗкоже ѥсть• и павьлъ• мꙑ же вси отъкръвеномь лицемь• славѫ гн҃ѫ видѧще• въ тъжде обраꙁъ прообраꙁѹѥмъ сѧ• отъ славы въ славѫ ꙗже ѿ гн҃ѧ дх҃а• и пакꙑ• любовьѭ прѣжде нарекъ нꙑ въсꙑнениѥ и҃у хм҃ь в͗ него• бꙑваите подобни б҃ѹ• ꙗко чада въꙁлюблена• и ходите въ любъви|
294c| ꙗкоже х҃ъ въꙁлюби вꙑ• и пакꙑ• не тъчьѭ же• нъ и сами начатъкъ дх҃а имѫще мꙑ• и сами въ себѣ въꙁдꙑхаѥмъ• въсꙑнениꙗ чаѭще иꙁбавлениꙗ тѣлѹ нашемѹ• и пакꙑ• ꙗкоже ѥсте сн҃ве• посъла б҃ъ сн҃а своѥго въ ср҃ца нашѧ въпиꙗ• ав͗ва о҃ць• тѣмьже нѣси рабъ нъ с҃нъ• аще же с҃нъ и наслѣдьникъ бж҃ии хм҃ь• и пакꙑ• ѥлико бо д҃хомь бж҃ьѥмь водѧть сѧ•|
294d| сии сн҃ве бж҃ьи сѫть• не приꙗхомъ бо д҃ха работѣ пакꙑ въ боꙗꙁнь• нъ приꙗхомъ дх҃ъ въсꙑнениꙗ• о немьже въпьѥмъ ав͗ва о҃ць• и самъ д҃хъ съпослѹхѹѥть д҃хѹ нашемѹ• ꙗко ѥсмъ чада бж҃ьꙗ• аще ли чада и наслѣдьници• наслѣдьници же б҃ѹ• сънаслѣдьници же х҃ѹ• аще же хв҃и сънадлѣдьници• сн҃ве вꙑшьнѧго нарекѹть сѧ• ѥгда ѹꙁьрѧть ц҃рѧ б҃а съ славоѭ:|
295a| тѹ отврьꙁѹть сѧ врата црс҃тва• и вънидѹть въ ложьницѧ оч҃ѧ• и покажеть сѫщѧꙗ• отъ вѣка ст҃ꙑꙗ своꙗ• и ꙗвить сѧ имъ слъньце правьдьноѥ• и иꙁидѹть• и въꙁиграѭть• ꙗко телѧта пѹщена отъ ѹꙁъ• и прѣобраꙁить тѣло съмѣрениꙗ нашего• съобраꙁьно тѣлѹ славꙑ своѥꙗ• тѹ поновить сѧ ꙗко ѡрьлѧ ѹность ихъ• и ѹꙁьрѧть ꙁемлю обѣщѧниѧ• и на колѣнѹ ѹтѣшить|
295b| сѧ• ꙗкоже кого мт҃и ѹтѣшить• тако въсьꙗѥть г҃ь правьдѹ и радость: прѣдъ вьсѣми любѧщиими чистомь ср҃цемь• и мꙑ ѹбо въꙁлюблении постꙑдимъ сѧ почьтъшаго нꙑ тако• и на толикѹ вꙑсотѹ въꙁведъша• и работаимъ ѥмѹ съ страхомь• ꙗко вл҃цѣ по ѥстьствѹ• и радѹимъ сѧ ѥмѹ съ трепетомь ꙗко оц҃ю по благодѣти• ѥда къгда|
295c| раꙁгнѣваѥть сѧ г҃ь• и отъпадемъ такого сн҃овьства• а отъпадаꙗи ѥго• подобьнъ бѫдеть июдѣ прѣдателю• сн҃ъ погꙑбѣли• и геѡнѣ и диꙗволѹ• нъ не бѹди намъ отъстѹпити сп҃са и б҃а нашего• далъ бо ѥсть намъ власть настѹпати на ꙁмиꙗ и скор͗пиꙗ• и на в͗сѫ силѹ вражьѭ• ѥлико бо приꙗхомъ и• да намъ власть чадомъ бж҃ьѥмъ бꙑти• рекъ• вꙑ же не нарицѧите|
295d| сѧ беꙁ оц҃а на ꙁемли• ѥдинъ бо ѥсть о҃ць вашь иже ѥсть на нб҃сх• ѥмѹже слава въ вѣкы вѣкомъ АМИН л҃ ⁘ Ꙍ ЦРС҃ТВѢ НБ҃СМЬ⁘ ⁘ И О МЛ҃ТВѢ РЕКЪше ѡ исповѣдании ⁘ Прѣждереченыꙗ ꙁаповѣди бж҃ьꙗ съблюдъше• на цр҃ство въꙁвратимъ сѧ• о немьже и подвигъ м͗ногъ•|
296a| и несъвѣдьнъ покои• аще бо хотѧи врѣменьнѹ цр҃ствѹ• м͗нога мѫжьства покаꙁаѥть• въ бранехъ и бѣдахъ• и бъдѣньихъ и печальхъ и болѣꙁньхъ• и ничтоже непьщѹѥть• всѧ прилѹчаѭщѧꙗ сѧ ѥмѹ скръби• надеждеѭ съновидимаго ѥмѹ цр҃ста• и се врѣменьнѹ и непостоинѹ сѹщю• бꙑваѥть же и ꙗко и потомь• ѥгда в͗сѧ болѣꙁни съконьчаваѥть• и м͗нить|
296b| ѭ имѣти надѣамаа• неꙁаꙗпѣѥмъ иже въ него мѣсто ѹвѧꙁе сѧ вѣньцемь• кацѣхъ подвигъ трѣбѹѥть• и тъщаниꙗ и спѣха• и бъдѣниꙗ и печали• и бѣдъ и скръбьи• и напастьи• таинъ же и ꙗвленьи и ранъ• и съмрьтии• хотѧи съ д҃хмь бес приꙗтьꙗ црс҃твовати• сего ради прѣжьнии мѹжи же и женꙑ и дѣти• до съмрьти подвиꙁашѧ сѧ• да|
296c| црс҃тво нб҃сноѥ ѹлѹчить• нѹждьно бо ѥсть црс҃тво нбс҃ноѥ• и иже о вьсемь нѹдѧть сѧ сами• то ти похꙑтаѭть ѥ• иже бо по истинѣ скопилъ сѧ ѥсть самъ црс҃тва ради нбс҃наго• или дѣвьствовалъ• то всѣмъ длъжень ѥсть• достоина себѣ ꙗвити црст҃ва• не словесемь бо ни обраꙁомь• ни именьмь ни родомь ни ꙁракомь• ни крѣпостьѭ ни лѣтомь• цр҃ство нб҃сноѥ приемлеть|
296d| сѧ• нъ силоѭ вѣрꙑ ꙗвлѧѭщѧꙗ дѣла вѣрьна• покаꙁаѥмѹ бо вѣрѹ• въꙁвѣстить правьдьникъ дѣльнѣ• ч͗то же ѥ въ дѣлѣ• ꙗже дѣтѣльномь дѣаниѥмь• ꙁаповѣдьи хв҃ъ• ошаати же сѧ сѫпротивьнꙑхъ• сирѣчь пльтьнаго• рекъше диꙗволѧ мѫдрованьꙗ• ѥже ѥсть любодѣаниѥ• нечистота• идолослѹжениѥ• прокажениꙗ• вражьдꙑ• рьвениꙗ ꙁавидꙑ•|
297a| ꙗрости• раꙁдражениꙗ• клеветꙑ• распьрѧ• ненависти• ѹбииства• пиꙗньства• игры• скрѣнѧ• ѭродословьѥ• смѣхъ• беꙁѹмьѥ• корениꙗ• шьпътꙑ• горесть• гнѣвъ• хѹлꙑ• блѧдениꙗ• ꙁълобꙑ• м͗ногословесьꙗ ꙁъла• плетословъꙗ• лихословъꙗ• ѹсильꙗ• несъмѣрениꙗ• сѫжитиꙗ• приꙁꙑваниꙗ• ѭрождѧ• дрьлѣниꙗ• дрочениѥ• родомь• въꙁоромь• страноѭ• богатьствомь• мѫжьствомь• плътьномь•|
297b| словомь• рьвениѥ съ побѣдолюбиѥмь• ненависть• памѧти• ꙁълобꙑ• напрасньѥ• вражьда• льсть• въꙁдааниѥ• лихоꙗдиѥ• несꙑтость• лихоимьѥ• ѥже ѥсть идолослѹжениѥ• сребролюбьѥ• корень в͗семѹ ꙁълѹ• красолюбьѥ• тъщеславьѥ• любосластьѥ• самолюбиѥ• шѧтаниѥ• величаниѥ• ѥже ꙁоветь сѧ гꙑбѣль• прѣꙁорьѥ ѥмѹже б҃ъ противить сѧ• сии же симъ подобна• иже|
297c| имать в себѣ плътѧнъ ѥсть• и сн҃ъ сѫпостащь• рожденоѥ бо отъ плъти плъть ѥсть• и отъ ꙁемлѧ сꙑ ꙁемльнаа гл҃еть• ꙁемльнаа дѣла мѫдрѹѥть• мѫдрость бо пльнаа• вражьда на б҃а ѥсть• ꙁаконѹ бо бж҃ьѭ не повинѹѥть сѧ• не можеть бо• и въ таковѣмь не живеть дх҃ъ бж҃ьи• не имать бо прѣбꙑти рече дх҃ъ мои• въ чл҃цѣхъ сихъ въ вѣкъ• ꙁане сѫть плъти• иже не имать дх҃а|
297d| с҃та• то тъ нѣсть того• иже бо дх҃ъ бж҃ии имать• дс҃ѣ бж҃ьи пристаѥть• и д҃хмъ бж҃ьимь• дѣаньꙗ тѣлесьнаа ѹмрьтвѣѥть• живеть бо б҃ѹ• въꙁдрьжѧ и рабощѧꙗ плъть• да сѧ въселить въ нь• с҃тъи дх҃ъ мирьнъи• и хранимъ имь створить плодъ вѣрꙑ добродѣаниꙗ• прѣмѹдости• чистотꙑ• въꙁдрьжаньꙗ• любъве• бл҃гости• трьпѣньѥ• ѹпъваниꙗ• ѥдиномꙑсльꙗ• цѣломѫдрьꙗ•|
298a| хваленьꙗ• с҃тьбꙑ• си и симъ подобнаа• въводѧть вь цр҃ьство нб҃сноѥ• а прѣждереченꙑꙗ в͗сеꙗ плът͗нꙑꙗ мѫдрости• црс҃твѣ нб҃снѣмь не приближаѭть сѧ• нъ даже коньца не доидеть• прѣдълежѧщеѥ о црс҃твѣ нбс҃нмь слово• нѹждьно ми ꙗвлѧѥть сѧ• повѣстьно створи тебѣ честьнъи оч҃е ѥвъстатиѥ• въшедъшеѥ ми нꙑнѣ раꙁѹмѣние• такожде и се•|
298b| потрѣб͗но же м͗ноѭ словесьѥ ѥже о црс҃твѣ• паче же инѣхъ в͗сѣхъ• ꙗкоже непьщѫѥть сѧ• ѹспѣшьно и польꙁьно• ꙁанеже беꙁаконениꙗ нашѧ ѹмножишѧ сѧ• и прѣвъꙁидошѧ главꙑ нашѧ• и не накаꙁахомъ сѧ хал͗дѣискоѭ раноѭ• ни ѹмѧ жестокꙑꙗ нашеѧ вꙑꙗ• ꙗромъ ихъ• нъ ѥще паче о ꙁьлехъ мѹжаѥмъ сѧ• сего ради отъ послаблениꙗ бж҃ьꙗ:|
298c| принесе намъ сотона ꙗꙁвѫ• могѫщѫѭ и ѭтробѫ костии и моꙁговъ досѧщи• слꙑшахомъ бо ѥтера пришьдъша + въстокъ• прѣдътечѧ антихрьстова• хотѧща стола антиохиискаго обьꙗти• атанасѣ же наричема• паче же съмрьть бесъмрьтиѥ аполинаревꙑ• и еутиховъ• и севъиринии• и иꙗковлѧ• догматꙑ• проповѣдаѭща• се слꙑшаниѥ не хѹдѣ въꙁмѫти|+ на
298d| ст҃аго града• православьꙗ жителѧ• и сѫщаꙗ о немь манастꙑрѧ• а имьже ꙗкоже наѱасте ми• многꙑ странꙑ и мѣста и остовꙑ по нѹжди• прѣходите и полѹчаѥте сѧ• многамъ ѥресемъ въ раꙁличнꙑхъ мѣстѣхъ бꙑвати• да нѣкако отъ невѣдѣниꙗ• въ нѣкѹѭ ихъ въпадете• наꙁнаменахомъ бо в͗сѧ ѥреси• отъ хв҃а пришьствьꙗ до нꙑнѣ• да|
299a| и вꙑ ꙗко отъ ꙁмиꙗ храните сѧ отъ нихъ• и иже съ вами• а како мѹдрѹѥть кажда ѥресь• нѣсть нынѣ врѣмене гл҃ати• се же ти бѫди ꙁнамениѥ къ ѹтврьждениѭ прѣкрасьно• и иꙁвѣсто• в͗сѧ ѥресь въ имѧ чл҃че именѹѥма• ꙗкоже арианѣне• несториꙗнѣне• сеѹиринѣне• и ини такожде• диꙗволѧ сѫть ѥреси• католичьскаа бо цр҃кꙑ нѣсть наречена именемь чл҃чемь•|
299b| нъ в͗си въ имѧ г҃а нашего і҃у х҃а• крьстьꙗни именѹѥмъ сѧ• нѣсть бо дрѹгаго имене• подъ нб҃семь дана въ чловѣцѣхъ• имьже нꙑ сѧ ѥсть сп҃сти• тъчьѭ ѥдинъ г҃ь і҃у х҃ъ• въ славѹ б҃а о҃ца• съ ст҃ꙑимь дѫхомь въ вѣкꙑ вѣкомъ амінь О вѣрѣ рекъше о ѥдиносѫщьи оц҃а и сн҃а и с҃тго дх҃а• въ началѣ книжьнѣ довольнѣ|
299c| иꙁложихомъ• нꙑнѣ же ꙁа двигъшѫѭ сѧ ѥресь• дрьꙁновениимь исповѣдаѥмъ• и приповѣдаѥмъ г҃а нашего і҃у х҃а• ѥдиночадаго сн҃а и слова оч҃а• свѣтъ отъ свѣта• б҃а истин͗на отъ б҃а истин͗на• въплъщьша же сѧ и въчл҃чьша отъ ст҃аго д҃ха• и и ст҃ꙑꙗ славьнꙑꙗ приснодѣвꙑ мариꙗ• б҃а съврьшена• тогожде и чл҃ка съврьшена• ѥдиного и тъчьѭ|
299d| с҃на• и прѣжде въплъщениꙗ• и по въплъщеньи• ѥдиносѫщьна оц҃ю по бж҃ствѹ• и ѥдиносѹщьна по чл҃чствѹ• по всемѹ подоб͗на намъ раꙁвѣ грѣха• прѣжде же вѣкъ иꙁ оц҃а рождена по бж҃ствѹ• на послѣд͗нии же д҃нь тогожде насъ ради• и ꙁа наше сп҃сениѥ• иꙁ с҃тꙑꙗ бц҃ѧ• и приснодв҃ꙑ мариꙗ• ѥдиного и тъчьѭ с҃на въ дъвоѭ ѥстьствѹ• бе-сълитьꙗ беꙁ иꙁврата• беꙁ-д-раꙁдѣла|
300a| ꙁнаѥма• дъвѣ бо ѥстьствѣ сънидосте сѧ къ себѣ• по съвъкѹплениѭ нерастѹп͗нѹ• нераꙁлѹчнѹ• нераꙁмѣсьнѹ• неиꙁвратнѹ• плъть бо ѥсть а не бж҃ство• аще + бꙑсть бж҃ьꙗ плъть• такожде и слово• б҃ъ ѥсть а не плъть• аще и своѭ створилъ плъть строительнѣ• дъвѣ ѹбо естьствѣ гл҃емъ• ѥдиногоже х҃а и сн҃а и г҃а бж҃ьꙗго слова въчловѣчьша сѧ• и въплъщьшѧ• имꙑ|+ и
300b| же раꙁлич͗нѣ къ истиньнѹмѹ ѥдинению• съшьдъши сѧ ѥстьствѣ• ѥдинъ же иꙁ обоѥго х҃ъ и с҃нъ• не ꙗко ѥстьствьнѹмѹ раꙁньствѹ погѹбленѹ• съвъкѹплениѥмь• съврьшевавъ• ѥѭже подобаѥть паче намъ• ѥдинаго г҃а і҃у х҃а и сн҃а• бж҃ства и члчс҃тва• ꙁа неиꙁдрекомоѥ и недораꙁѹмѣѥмоѥ• къ ѥдинениѭ сънитиѥ• тако и мꙑ рекъше|
300c| събьрана цр҃кꙑ вѣрѹѥмъ• ꙗкоже и великаа свѣтила• и ѹчителе истинꙑ• атанасъ• василь• григоръ• и иѡанъ• и курилъ алексан͗дриꙗ• великаго града• и не мѹдрѹѭщиихъ сице• отъметаѥмъ• и проклинаѥмъ• съ подъѱанꙑми ѥресьми• въꙁникъшиими• и по пришьствьи гн҃и• въ раꙁличнаа имена• ихъже имена сѫть си• а҃ симониани:—|
300d| в҃ менан͗дриани:— г҃ сатор͗ниани:— д҃ василдиани:— е҃ николати:— ꙅ҃ гностици:— ꙁ҃ карпократаани:— и҃ кирунтиани:— ѳ҃ наꙁорѣи:— ї҃ аивионѣи:— а҃і ѹален͑тини:— в҃і секѹн͑диани:— г҃і птолемеи:— д҃і маркосьи:— е҃і коловатьи:— ꙅ҃і ираклен͗ти:— ꙁ҃і ѡфити:— и҃і каиани:— ѳ҃і ситиани:— к҃ ар͗хонтики:— а҃к кердониани:— в҃к маркиѡнисти:— г҃к лѹкианисти:— д҃к апеллиани:—|
301a| к҃е сеѹириани:— к҃ꙅ татиани:— к҃ꙁ егкратики:— к҃и кафрѹагастонъ и монтанистонъ• и аскодрѹгитонъ:— к҃ѳ пепѹꙁиани и прискиллиани иже кекинтилоани• ихъже прѣмѣшаѭть сѧ• ар͗тотѹрити:— л҃ тессарастъ и декатити:— л҃а алоги:— л҃в адамиани:— л҃г самѱеи и кекелисии:— л҃д теѡдотиани:— л҃е мелхисѣдикиани:— л҃ꙅ вардисиани:— л҃ꙁ нотиаани:— л҃и ѹалисии:—|
301b| л҃ѳ катари съ мананато:— м҃ ангелици:— м҃а апостолици иже и апотакти:— м҃в савеллиани:— м҃г оригени иже и асхопии:~— м҃д оригениани иже и адамнати:— м҃е павла самѹсатеа:— м҃ꙅ манихеи:— м҃ꙁ иѥракити:— м҃и мелитиани:— м҃ѳ ариани иже и ариоманити:— н҃ авдиани:— н҃а фотиани:— н҃в маркелиани:— н҃г имиарии:— н҃д пнеуматомахи:— н҃е аѥриани:— н҃ꙅ аѥтеани иже и аномими и внемиани сев͗ноꙁиани:—|
301c| н҃ꙁ димирити иже и аполинаритеи:— н҃и антидикомариамити иже въ имѧ тоꙗжде мариꙗ коллурида творѧще: н҇ⷴ месалиани иже и ѥухити:— До сьде ст҃ъи ѥпифанъ иꙁложи• потомь бꙑшѧ ѥѡагрь и дидѹмосъ ѡр͗ге• нб҃снаа мѫдрѹѭще• прѣждебꙑтьѥ и ѹстроѥниѥ• ѳеѡдоръ момѱомскъи• и диѡдоръ и нестории• ѥдиномѫдрьѥ• дъва с҃на гл҃ѫть• сихъ пристаѥть|
301d| марисъ персисскъи• и гл҃емаа иава ѥпистоли• по сихъ ѥв͗тѹхъ• приꙁрачьѥ и мнѣниѥ и съгрѣжениѥ мѫдрѹꙗ• ѥмѹже мѫдрѹѥ• диоскоръ• теѡдосъ• гаианъ• тимотеи• еллурьскъи• петръ• иже распѧтьѥ на трист҃оѥ примꙑшль• петръ гѫгнивъи• сеуиръ беꙁглавнъи• сотирихъ кесариꙗ• кападѹкиискꙑꙗ• филокъсенꙑ ѥрапольскъи• амфилохъ писидиискꙑи• иꙗковъ суринъ• и иѭлиꙗнъ•|
302a| и иже ихъ таковъжде:— Се ти посълахъ честьнъи о҃че евстате• кажѧ ꙗко кааждо ѥресь въ имѧ ѥтера чл҃ка именѹѥма• отъстѹплениѥ отъ х҃а• ѹчить• не рабѧть бо нарицѧти сѧ крьстиꙗни• нъ несориани• и сеѹриани• и иꙗковити• или инѣмь именемь прѣждеѱанꙑхъ• нъ иꙁбредѣмъ ѭже иꙁ бѹрна влънениꙗ• и нечистъихъ д҃хъ• глѹбинꙑ и ѥресии•|
302b| въ тихоѥ пристанище црс҃тва нбс҃наго• и въсприимѣмъ слово дꙑханиѥ ст҃ааго дх҃а• идеже оставихомъ• гл҃ахомъ бо• ꙗко многа подвига и трѹда трѣбѹѥмъ• да доидемъ црс҃тва нбс҃наго• не о врѣмен͗нѣмь бо• и прѣставлѧѥмѣмь намъ ѥсть слово• нъ о вѣчнѣмь житии подвигъ• и црс҃твѣ непрѣмѣннѣ• не рече бо данилъ• видѣхъ и рогъ тъ• творѧше брань с҃тыми•|
302c| и въꙁможе противѹ имъ• дон͗деже приде ветъхъи дьньми• и сѫдъ да с҃тꙑмъ вꙑшнѧго• и врѣмѧ приспѣ• и црс҃тво ѹдрьжашѧ ст҃ии• и црс҃тво и власть и величьство• ц҃рь подъ всѣмь нб҃омь• дано бꙑсть ст҃ꙑмь вꙑшнѧго• и иѡанъ• се ѥсть обѣщаниѥ ѥже обѣща намъ жиꙁнь вѣчьнѹѭ• и павлъ• наше бо житьѥ на нб҃схъ ѥсть• отънѫдѹже и сп҃са жидемъ• г҃а нашего|
302d| и҃у х҃а• иже прѣобраꙁить тѣло съмѣрениꙗ нашего• сьобраꙁно тѣло славꙑ ѥго• и пакꙑ• иже иꙁбави нꙑ• отъ власти тьмнꙑꙗ• и прѣстави въ црс҃тво• сн҃а любъве ѥго• тѣмьже црс҃тво недвижимо приѥмлюще• имамь благодѣть• ѥѭже ѹслѹжимъ ѹгодно б҃ѹ• вѣмь бо ꙗко аще ꙁемльнаа нашѧ храмина тѣлесьнаа раꙁорить сѧ• съꙁданиѥ отъ б҃а имамъ•|
303a| храминѫ нерѫкотоворенѹ вѣчнѹ на нб҃схъ• и петръ• тако богатнѣ подасть сѧ намъ• въходъ въ вѣчьноѥ црс҃тво г҃а нашего и҃у х҃а• г҃ь же нашь и сп҃съ• цр҃ство нб҃сноѥ рече нѹдить сѧ• и нѹждьници въсхꙑщаѭть ѥ• и цр҃ьство н҃бсноѥ въ васъ ѥсть• и пакꙑ• блажени нищии дх҃омь• и иꙁгьнании правьдꙑ ради• ꙗко тѣхъ ѥсть цр҃ство нб҃сноѥ• и придѣте бл҃гнии оц҃а моѥго•|
303b| наслѣдѹите ѹготованоѥ вамъ црс҃тво• посълеть бо сн҃ъ чл҃чь анг҃лꙑ своꙗ• и събереть отъ црс҃тва своѥго всѧ съблаꙁнꙑ• и творѧщѧꙗ беꙁаконньѥ• и въврьжеть ꙗ въ пещь огньнѫ• тъгда праведьнии• просвьтѧть сѧ ꙗко сл҃нце въ црс҃твѣ оц҃ѧ ихъ• ꙗко того ѥсть црс҃тво и слава оц҃ѧ и сн҃а и ст҃го дх҃а всегда нꙑнѧ и присно и в͗ вѣ҇ⷦ|
303c| АМИН ⁘ МОЛИТВА ⁘ ⁘ Ꙍ ИСПОВѢДАНИИ ⁘ Г҃и вседрьжителю великъи• хранꙗи ꙁавѣтъ твои• и милость своѭ любѧщиимъ тѧ• и хранꙗщиимъ ꙁаповѣди твоꙗ• и милости твоꙗ ѩко отъ вѣка сѫть• и не ꙁабѫди ꙁавѣта твоѥго|
303d| г҃лѧ• аще ꙁаповѣдьи моихъ не съхраните• посѣщѫ жьꙁломь беꙁаконьнии вашихъ• и ранами неправьдъ вашихъ• милости же моѥѧ не раꙁорѫ отъ васъ• и исходѧщиихъ ѹстьнама моима не отъврьгѫ сѧ• да ѹвѣрѧть сѧ словеса твоꙗ вл҃ко благъи• и въꙁьми грѣхꙑ нашѧ щедръи и длъготрьпѣливъи• ꙗко тебѣ г҃ю б҃ѹ нашемѹ прав͗да• намъ же стѹдъ лице покрꙑ• ꙗко|
304a| и дьньсь• ꙁане съгрѣшихомъ прѣдъ тобоѭ г҃и• и не послѹшахомъ гласа твоѥго• ходити ꙁаподьми твоими• ѩже дасть прѣдъ лицемь нашимь• нъ отъврьгохомъ сѧ тебе г҃и бж҃е• и прильпошѧ на насъ ꙁълаа великаа си• то ни тако обратихомъ сѧ съхранити повелѣньи твоихъ• нъ волимъ къждо мꙑсльѭ ср҃ца нашего сътворити ꙁълоѥ• прѣдъ очима|
304b| твоима г҃и• и се ѹже ст҃аа наша пѹста бꙑшѧ• и градъ огньмь пожьженъ• и людиѥ плѣнени• и бꙑхомъ въ поношениѥ и въ рѫгъ окръстьниимъ насъ• и бꙑхомъ исподи а не врьхѹ• ꙁане съгрѣшихомъ тебѣ г҃ю б҃ѹ• не послѹшаѭще гласа твоѥго• сего ради отъринѫ нꙑ• и раꙁори нꙑ• и сътрѧсе ꙁемлю и съмѧте нъ ꙗко длъготрьпѣливъ• и многомл҃ствъ•|
304c| исцѣли съкрѹшениѧ ѥꙗ• ꙗко подвижа сѧ ꙁѣло• людиѥ твои видѣшѧ жестока• идеже имѧ твоѥ новоѥ нарече сѧ на нихъ• събꙑшѧ бо сѧ словеса пр҃къ твоихъ на насъ• ꙗко придѹ ꙗꙁꙑци въ достоꙗниѥ твоѥ• и оскврьнишѧ црк҃вь ст҃ѹѭ твоѭ• въ неиже строѥниꙗ иночѧдаго твоѥго сн҃а• съврьшева сѧ таина• и въжьже сѧ огнемь|
304d| свѣтилище твоѥ• и положишѧ иим҃а въ овощьноѥ стражище• и трѹпьѥ рабъ твоихъ• посрѣдѣ и окрьсть иим҃а• и погрѣбаѭща не бѣ• и крѣпость нашѫ и добротѹ• и сп҃сениѥ наше крс҃тъ х҃а твоѥго прѣдасть сѫпостатомъ• и бꙑхомъ поношениѥ сѫсѣдомъ и дальниимъ• подражаниѥ же и порѫганиѥ в͗сѣмъ ꙗꙁꙑкомъ:|
305a| ꙗко отъврати нꙑ въспѧть при враꙁѣхъ нашихъ• и ненавидѧщѧꙗ нꙑ раꙁграблѧхѹ себѣ• дасть бо нꙑ ꙗко овьцѧ сънѣди• и въ ꙗꙁꙑцѣхъ расѣꙗлъ нꙑ ѥси• ї отъдасть люди своꙗ бе-цѣнꙑ• и не бѣ множьства въ въсклицѧниихъ нашихъ• прѣдасть бо нꙑ въ рѫцѣ врагъ• беꙁакон͗нъ: цр҃ю люкавнѹ паче в͗сеꙗ ꙁемлѧ• и в͗сѣми ранами сими не болѣхомъ•|
305b| ꙁанеже прилежно вълежить мꙑсль нашѧ• на ꙁъло отъ ѭности нашеꙗ• иꙁлиха отърѣѥмъ мѫжаѥмъ сѧ• истиноѭ правденъ ѥси г҃и о всѣхъ ꙗже сътвори намъ• вѣмъ бо ꙗко грѣси наши противѫ сташѧ намъ• ꙁане многа беꙁаконениꙗ нашѧ ꙁѣло прѣдъ тобоѭ г҃и• нъ милованиѥ твоѥ да доидеть на нꙑ ꙗко тꙑ въ насъ г҃и• и имѧ твоѥ ст҃оѥ нарече сѧ на насъ:|
305c| ѹстави ѹбо гнѣвъ ꙗрости своѥꙗ• и не посрами насъ до коньцꙗ• не помѧни нашихъ беꙁаконении• давьнꙑхъ• нꙑнѣшьниихъ• ни недостоинъ сѫди створи щедротъ• нъ помѧни ꙗко драгоѭ кръвьѭ искѹпилъ нꙑ ѥси• съгрѣшихомъ оцѣсти г҃и• беꙁаконьновахомъ совъмѣсти вл҃ко• раꙁгнѣвахомъ ѹтоли сѧ ст҃е• и просвѣти г҃и лице твоѥ• на сѫщиихъ въ плѣнѣ рабъ твоїхъ•|
305d| и ꙗже отъ тебе помощъ посъли сильне• и иꙁьми люди твоꙗ отъ всеꙗ страсти• и іꙁбави отъ в͗сего беꙁаконениꙗ• иꙁ-д-рѹкꙑ ꙁаконопрѣстѫпнꙑхъ• и раꙁори вл҃ко в͗сѧ бѣдꙑ ꙁа мл҃дьѥ твоѥ• а не до коньцѧ прѣдаждь достоꙗниꙗ своѥго• въ погꙑбѣль беꙁаненьи ради нашихъ• нъ ѩдро да пробавѧть нꙑ• милости твоꙗ г҃и б҃же нашь• ꙗко милости твоꙗ отъ вѣка на тврьди твоѥи• и тꙑ|
306a| прибѣжище в͗сѣмъ намъ бꙑсть• спс҃ниѥ ѹпъваѭщиимъ на тѧ• бѫди намъ г҃и стлъпъ крѣпости• отъ лицꙗ врагъ нашихъ• и не ослаби погꙑбнѫти въ рѫкахъ ненавидѧщиихъ тебе• дш҃амъ исповѣдаѭщиихъ ти сѧ• не приими вл҃ко бечьствованиѭ твоѥмѹ• отъ ꙗꙁꙑка бестѹд͗на• нъ приклони г҃и ѹхо твоѥ и ѹслꙑши• и приꙁьри с нб҃се ст҃аго твоѥго• на просмраждениѥ|
306b| наше• и града твоѥго їи҃ма• на немьже нарече сѧ имꙗ твоѥ на немь• и на црк҃вь твоѭ ѭже съꙁьда гл҃ѧ• врата адова не ѹдоблѧѭ еи• ѹслꙑши г҃и молитвѹ рабъ твоихъ• и молениꙗ нашѧ вънѹши• и просвѣти лице твоѥ на с҃тьбѫ твоѭ• ꙗко не на правдꙑ нашѧ ѹпъваѭще приносимъ ти молениѥ• присно бо раꙁдражаѥмъ тѧ• нъ на щедротꙑ твоꙗ|
306c| многꙑꙗ• г҃и ѹслꙑши• г҃и въньми• пощѧди люди своꙗ вл҃ко• и не даждь достоꙗниꙗ своѥго въ поношениѥ• области имъ ꙗꙁꙑкомъ• ꙗко да не рекѫть къде ѥсть б҃ъ ихъ• ни же ꙁа беꙁаконениꙗ наша хѹлимо бѫди имѧ твоѥ• въ ꙗꙁꙑцѣхъ не вѣдѫщихъ тебе• тебѣ бо г҃ю б҃ѹ нашемѹ правда• намъ же стѹдъ лиць до нꙑнѣ• ꙗко до сихъ не постꙑдѣхомъ сѧ• имьже|
306d| жестовꙑи ѥсмь• аще прѣмѣнить муринъ кожѫ• то и мꙑ ꙁълѹѭ волю нашѫ• ꙗко всѧ ꙁълаа си придошѧ на нꙑ• и не посрамихомъ сѧ покаати сѧ• нъ и прижихомъ грѣхъи на грѣхꙑ нашѧ• ни помолихомъ сѧ лицѫ твоѥмѹ г҃и• отъстѹпити раꙁмꙑшлении• срьдьцѧ нашего ꙁълаго• и побъдѣ г҃и о ꙁълехъ нашихъ• и наведе на нꙑ жъꙁлъ ꙗрости твоѥꙗ• ꙗко прав͗денъ ѥси г҃и при|
307a| в͗семь• ꙁане не послѹшꙗхомъ гласа твоѥго• ходити въ ꙁаповѣдьхъ твоихъ• нъ нꙑнѣ г҃и б҃же нашь• ꙗкоже иꙁбави нꙑ льсти идольскꙑꙗ ꙁнамении• и чѫдесеи• и створи себѣ имѧ до нꙑнѣ• прѣстани г҃и ꙗко оста насъ мало на ꙁемли• и бꙑхомъ ꙗко нечисти вси мꙑ• ꙗкоже бо прьсть ѹсѣдѧщѧꙗ прав͗да наша• и отъпадохомъ ꙗко листвьѥ• беꙁаконении|
307b| ради нашихъ• нѣсть бо приꙁꙑваѭщаго имени твоѥго• и правьдьнѣ отъврати лице своѥ отъ насъ• и прѣдасть нꙑ ꙁа грѣхꙑ наш• и нꙑнѣ г҃и оц҃ь нашихъ• тꙑ ѥси• мꙑ же брьньѥ дѣла рѫкѹ твоѥѭ в͗си• ни гнѣваи сѧ на нꙑ ꙁѣло• и не помѧни въ врѣмѧ грѣхъ нашихъ• нъ приꙁьри г҃и ꙗко людьѥ твои вси мꙑ ѥсмъ• градъ ст҃аго твоѥго бꙑ҇ⷭ|
307c| пѹстъ• и слава сиѡнѧ• бꙑсть огнемь пожьжена• и в͗сѧ славьнаа наша съпадошѧ• и о всѣхъ сихъ• въсхотѣ г҃и и обниꙁи нꙑ ꙁѣло• ꙁане не ходихомъ пѹтемь благомь• нъ въ слѣдъ грѣхъ нашихъ• нъ пощѧди г҃и люди своꙗ• и достоꙗниѥ своѥ• и иꙁьми нꙑ иꙁ-д-рѫкꙑ врагъ нашихъ• имени твоѥго ради: да раꙁѫмѣѥть в͗сѧ тварь• ꙗко тꙑ ѥси г҃ь б҃ъ нашъ• сильнъ въ брани•|
307d| и щедротꙑ твоꙗ въ родъ и родъ прѣбꙑваѥтъ на людьхъ неочаалѣхъ• нъ что помолимъ сѧ мꙑ грѣшьнии• ѡ вл҃ко члк҃лбьче• ꙗкоже подобаѥть не вѣмъ• ѹтѣшника же имѹще ꙁаконꙑ къ твоѥи благости• прѣчистоѥ твоѥ слово ѥже ꙁа ѭтробѹ милости твоѥꙗ посъла• въ ꙁавѣтъ своѥго съꙁьданиꙗ• въплъщьше сѧ и распѧтоѥ• то оцѣщь наше рѫкоѱаниѥ:|
308a| оцѣщениѥ намъ бꙑсть грѣхъ нашихъ• и дх҃ъ же твои прс҃тъи• и тъ приповѣдаѥть о насъ• не рабьскы• нъ бг҃олѣпьно• и члк҃лбнѣ милѹи своѥ творениѥ• помѧни ѡ вл҃ко толикѹѭ своѭ о насъ благостꙑнѫ• и распѧтиѥ иночадаго сн҃а твоѥго• и съпѹсти намъ щедротꙑ твоꙗ• и благодѣть и даръ ст҃го твоѥго д҃ха• да бл҃гꙑмь ѥго пришьствиѥмь наставить нꙑ• ѹгодьнаа|
308b| тебѣ даати• и ѹлѹчити вѣчнѹѭ жиꙁнь• мꙑ же недостоинии вл҃ко• пъваѭще просимъ• рекъшѧго ради прч҃таго сн҃а• и слова твоѥго оч҃а• г҃а нашего і҃у х҃а• просите и дасть сѧ вамъ• ищѣте и обрѧщете• тръцѣте и отъврьꙁѫть сѧ вамъ• всь бо просѧи приѥмлеть• и ищѧи обрѧщеть• и тлъкѹщѹмѹ отвръꙁѹть сѧ• и пакꙑ• аще ѹбо вꙑ ꙁъли сѫще• ѹмѣѥте|
308c| дааниꙗ благаа даати чадомъ вашимъ• кольми паче оц҃ь вашь нбс҃нꙑи• дасть дх҃ъ ст҃ъ просѧщиимъ ѹ него• ꙗко тебѣ подобаѥть всѧка слава чьсть и покланѧниѥ оц҃ѫ и сн҃ѹ и ст҃мѹ д҃хѹ нынѧ и присно и въ вѣкы вѣкомъ АМИН ⁘ АНЪТИꙌХА ⁘|
308d| ⁘ ѤДИНАКА ЛАВРꙐ ОЦ҃Ь САВꙐ•⁘ ⁘ къ ѥвстатѹ игѹменѹ манастꙑрѧ атталинꙑ• града анкурꙑ галатиискꙑꙗ•⁘ ⁘ гла ҇ⷡ р҃л• и молитва⁘ ⁘ исповѣданиѭ ⁘ Длъгъ вашь коньчавъ честьнъи оч҃е ѥвстате• пандекта бг҃одъхновенаго ѱаниꙗ• пѹстихъ вашемѹ бг҃олюбьѭ• съставивъ въ р҃л главъ• ѥгоже приѥмлѧ непрѣстаньнѣ моли сѧ• къ чл҃колюбивѹмѹ б҃ѹ ꙁа моѥ окааниѥ:|
309a| да обрѧщѫ милость• въ пришьствьѥ благаго и чл҃колюбиваго б҃а: ,,— Сь ан͗тиохъ родомь галатинъ бѣ• отъ вси рекомъꙗ медосагꙑ• сѫщѧ въ странахъ тогожде града анкурꙑ• ꙗко ѿ ꙁнамении двоѭ десѧтѹ• желаниѥ же имꙑ мнишьскаго жиꙗ• отърече сѧ въ прѣждереченѣмь манастꙑри• нарицѧѥмѣмь ат͗талилини• и по малѣ лѣтъ• пакꙑ въниде ѥмѹ любꙑ поклонити сѧ• ст҃ꙑмъ хв҃омъ|
309b| мѣстомъ• и жити въ прилежѧщии пѹстꙑни• и пришъдъ въсели сѧ въ лаврѣ оц҃ѧ савꙑ• раꙁлежѧщии на полѹдие ст҃аго града ииѥрѹсалима• ꙗко стадии п҃• и прѣбꙑсть в͗ немь о х҃ѣ вьсе лѣто живота своѥго•|
