torot_word|deep_cleaned
Присꙑланиѥ|прісъіланіе
антиоха|антіоха
чрьнориꙁ͗цѧ|чрьнорізцѧ
лаврꙑ|лавръі
ст҃ааго|ст҃ааго
оц҃ѧ|оц҃ѧ
савꙑ•|савъі
къ|къ
ѥвстаѳю|евстаѳю
игѹменѹ|ігоуменоу
монастирѧ|монастірѧ
ат͗талины|атталінъі
града|града
анькурꙑ|анькуръі
галатиискыꙗ|галатііскъіꙗ
Понеже|понеже
наѱа|напса
ми|мі
честьнꙑи|честьнъіі
от҃че|от҃че
евьстаѳе|евьстаѳе
мъногѫ|мъногѫ
скръбь|скръбь
прѣтрьпѣвати:|прѣтрьпѣваті
мѣсто|мѣсто
ѡтъ|отъ
мѣста:|мѣста
и|і
странѫ|странѫ
отъ|отъ
странꙑ|странъі
прѣходѧщи:|прѣходѧщі
боꙗꙁниѭ|боꙗзніѭ
о͗дрьжѧщѧꙗ|одрьжѧщѧꙗ
халдѣискꙑꙗ|халдѣіскъіꙗ
виꙗли:|віꙗлі
алчѫ|алчѫ
же:|же
и|і
жаждѧ|жаждѧ
искѹсѫ|іскоусѫ
приꙗти•|пріꙗті
не|не
хлѣба|хлѣба
ни|ні
водꙑ•|водъі
нъ|нъ
по|по
реченѹмѹ|реченоумоу
слꙑшати|слъішаті
слово•|слово
г҃не|г҃не
ꙁане|зане
не|не
мощи|мощі
вамъ|вамъ
тѧжести|тѧжесті
кънижънꙑꙗ|къніжънъіꙗ
носити:|носіті
ни|ні
же|же
въ|въ
мѣстѣхъ|мѣстѣхъ
въ|въ
нихъже|ніхъже
приходите•|пріходіте
обрѣтати|обрѣтаті
ѹдобьнѣ|оудобьнѣ
въꙁискаѥмъихъ:|възіскаемъіхъ
повелѣлъ|повелѣлъ
же|же
ѥси|есі
моѥмѹ|моемоу
ѹмалениѭ|оумаленіѭ
въ|въ
кратъцѣ|кратъцѣ
ѡтъ|отъ
вьсѣхъ|вьсѣхъ
посълати|посълаті
ти|ті
бж҃ьствьнъихъ|бж҃ьствьнъіхъ
кънигъ:|кънігъ
ветъхꙑихъ|ветъхъііхъ
и|і
новꙑихъ:|новъііхъ
ꙗко|ꙗко
да|да
ни|ні
тѧготѣ|тѧготѣ
вамъ|вамъ
бꙑти|бъіті
ношениꙗ:|ношеніꙗ
ни|ні
пакꙑ|пакъі
беꙁъ|безъ
остатъка|остатъка
бꙑти|бъіті
чесого⸱|чесого
потѧꙁаѭщиихъ|потѧзаѭщііхъ
на|на
польꙁѫ|пользѫ
и|і
сп҃сениѥ|сп҃сеніе
д҃ши:|д҃ші
Послѹшавъ|послоушавъ
спѣшънѣ|спѣшънѣ
вашего|вашего
повелѣниꙗ:|повелѣніꙗ
абиѥ|абіе
съставъ|съставъ
вьсѧ|вьсѧ
въꙁискаѥмꙑꙗ|възіскаемъіꙗ
вами|вамі
отъ|отъ
с҃тꙑихъ|с҃тъііхъ
кънигъ|кънігъ
и|і
на|на
с҃псениѥ|с҃псеніе
главꙑ:|главъі
съвъкѹпленꙑ⸱|съвъкоупленъі
и|і
раꙁлѫченꙑ|разлѫченъі
отъ|отъ
себе:|себе
ꙗко|ꙗко
ни|ні
сънитиꙗ|сънітіꙗ
ни|ні
съмѣса|съмѣса
пострадати|пострадаті
чътѹщѫѹмѹ:|чътоущѫоумоу
сьꙗ|сьꙗ
посълахъ|посълахъ
вашемѹ|вашемоу
б҃олюбиѭ:|б҃олюбіѭ
ꙗже|ꙗже
приѥмлѧ:|пріемлѧ
б҃ѹ|б҃оу
ѹбо|оубо
подобьноѥ|подобьное
славословиѥ|славословіе
и|і
благодариѥ|благодаріе
въсъли:|въсълі
съврьшаѭщѫѹмѹ|съврьшаѭщѫоумоу
силѹ|сілоу
своѭ|своѭ
въ|въ
немощи:|немощі
насъ|насъ
же|же
приꙗтьнꙑми|пріꙗтьнъімі
твоими|твоімі
молитвами|молітвамі
въсплащаи:|въсплащаі
ꙗко|ꙗко
да|да
по|по
б҃жиѭ|б҃жіѭ
ѹгодиѭ:|оугодіѭ
прочеѥ|прочее
лѣто|лѣто
живота|жівота
нашего|нашего
съконьчѧѥмъ⸱|съконьчѧемъ
аще|аще
ли|лі
чъто|чъто
ꙗкоже|ꙗкоже
недостижъно|недостіжъно
ѡбрѧщеши:|обрѧщеші
то|то
милованиѥ|мілованіе
въꙁдаи:|въздаі
и|і
грѹбости:|гроубості
и|і
потъщаниѭ|потъщаніѭ
повелѣниꙗ:|повелѣніꙗ
а|а
понеже|понеже
и|і
се|се
присъла|прісъла
драгꙑи|драгъіі
оч҃е:|оч҃е
ꙗко|ꙗко
да|да
напишемъ|напішемъ
ти:|ті
ꙗже|ꙗже
о|о
с҃тꙑихъ|с҃тъііхъ
о҃цихъ|о҃ціхъ
нашеꙗ|нашеꙗ
лаврꙑ:|лавръі
аще|аще
истиньна|істіньна
сѹть:|соуть
ꙗже|ꙗже
рѣсте|рѣсте
слꙑшати|слъішаті
отъ|отъ
мъногъ:|мъногъ
и|і
добрѣ|добрѣ
житии|жітіі
же|же
и|і
о|о
ѹбьѥнъихъ:|оубьенъіхъ
невѣрьна|невѣрьна
сѹща:|соуща
и|і
слѹха|слоуха
прѣходѧщѧ:|прѣходѧщѧ
нѹждъно|ноуждъно
непьщевахъ|непьщевахъ
прѣжде|прѣжде
въ|въ
малѣ|малѣ
ꙁнаменати|знаменаті
вамъ|вамъ
ꙗже|ꙗже
о|о
нихъ:|ніхъ
ти|ті
тако|тако
ѹчинити|оучініті
б҃жъствьнꙑихъ|б҃жъствьнъііхъ
кънигъ|кънігъ
главꙑ:|главъі
И|і
о|о
добродѣтельнѣмъ|добродѣтельнѣмъ
же|же
ихъ|іхъ
житиї:|жітіі
не|не
настоꙗщааго|настоꙗщааго
ѥсть|есть
врѣмене:|врѣмене
ни|ні
моѥго|моего
ꙗꙁꙑка|ꙗзъіка
съповѣдаати:|съповѣдааті
се|се
же|же
тъчиѭ|тъчіѭ
рекѹ:|рекоу
ꙗко|ꙗко
по|по
истинѣ|істінѣ
чловѣци|чловѣці
бѣша|бѣша
б҃жии:|б҃жіі
аще|аще
подобаѥть|подобаеть
члв҃кꙑ|члв҃къі
ꙗ|ꙗ
ꙁъвати|зъваті
а|а
не|не
анг҃лꙑ:|анг҃лъі
постомь|постомь
же|же
и|і
беꙁмлъвьѥмь:|безмлъвьемь
и|і
трѹдꙑ|троудъі
отъ|отъ
ѹности|оуності
ꙁа|за
благочьстиѥ|благочьстіе
състарѣвъше|състарѣвъше
сѧ:|сѧ
стари:|старі
с҃толѣпьни:|с҃толѣпьні
сѣди|сѣді
власꙑ:|власъі
и|і
раꙁѹмомь:|разоумомь
блаꙁи:|блазі
съмѣрени:|съмѣрені
мѹдри:|моудрі
кротъци:|кротъці
цѣломѫдрьни:|цѣломѫдрьні
истин͗ни:|істінні
непорочъни:|непорочъні
правьдиви:|правьдіві
богочъстиви:|богочъстіві
огрѣбаѭще|огрѣбаѭще
сѧ|сѧ
отъ|отъ
вьсеꙗ|вьсеꙗ
ꙁълꙑ|зълъі
вещи:|вещі
бескѫдьни:|бескѫдьні
вьсѣхъ|вьсѣхъ
благъ|благъ
исплънени|ісплънені
же|же
б҃жиꙗ|б҃жіꙗ
любъве:|любъве
ови|ові
ихъ|іхъ
прѣшъдъше|прѣшъдъше
съто|съто
лѣтъ⸱|лѣтъ
въ|въ
беꙁмлъвии|безмлъвіі
живъше:|жівъше
ѡтъ|отъ
н҃|н҃
тъ|тъ
и|і
ѯ҃|ѯ҃
тъ|тъ
лѣтъ:|лѣтъ
и|і
не|не
исходѧще|ісходѧще
отинѹдь|отіноудь
иꙁ|із
лаврꙑ:|лавръі
ови|ові
же|же
ни|ні
въ|въ
цръкъвь|цръкъвь
иꙁлаꙁѧще:|ізлазѧще
ни|ні
града|града
же|же
видѣвъше:|відѣвъше
отънелѣ|отънелѣ
ѹединѣша:|оуедінѣша
дѣтельми|дѣтельмі
вьсѣми|вьсѣмі
ѹкрасовани:|оукрасовані
ꙁемьнии|земьніі
анг҃ли:|анг҃лі
и|і
небесьниї|небесьніі
чл҃вци:|чл҃вці
тѣмь|тѣмь
и|і
такѫ|такѫ
коньчинѹ|коньчіноу
опростиша:|опростіша
и|і
почъсть|почъсть
побѣдꙑ|побѣдъі
приꙗша:|пріꙗша
нашъдъшемъ|нашъдъшемъ
бо|бо
иꙁмаилитомъ:|ізмаілітомъ
нашеи|нашеі
лаврѣ:|лаврѣ
прѣжде|прѣжде
единоꙗ|едіноꙗ
недѣлѧ|недѣлѧ
прѣꙗтиꙗ|прѣꙗтіꙗ
ст҃ааго|ст҃ааго
града:|града
и|і
вьсѧ|вьсѧ
црькъвьнꙑꙗ|црькъвьнъіꙗ
свѧщенꙑꙗ|свѧщенъіꙗ
съсѹдꙑ|съсоудъі
раꙁграбльшемъ:|разграбльшемъ
мъноꙁи|мънозі
оц҃и|оц҃і
абиѥ|абіе
отъбѣгоша•|отъбѣгоша
осташа|осташа
же|же
крѣпъции|крѣпъціі
раби|рабі
хв҃и|хв҃і
въ|въ
лаврѣ:|лаврѣ
не|не
хотѧще|хотѧще
оставити|оставіті
мѣста:|мѣста
варвари|варварі
же|же
имавъше|імавъше
ꙗ:|ꙗ
и|і
по|по
мъногꙑ|мъногъі
дьни|дьні
мѹчивъше:|моучівъше
непьщѫѭще⸱|непьщѫѭще
имѣниꙗ|імѣніꙗ
обрѣсти:|обрѣсті
ѹ|оу
нихъже|ніхъже
ничъсоже|нічъсоже
вѣка|вѣка
сего|сего
не|не
бѧаше:|бѧаше
коньчънѣѥ|коньчънѣе
мꙑсли|мъіслі
своѥꙗ|своеꙗ
отъпадъше:|отъпадъше
неистовьни|неістовьні
бꙑвъше|бъівъше
вьсѧ|вьсѧ
на|на
ѹдꙑ|оудъі
растесаша:|растесаша
блажении|блаженіі
же|же
веселѹѭще|веселоуѭще
сѧ|сѧ
свѣтьломь|свѣтьломь
лицемь|ліцемь
благодарьнѣ|благодарьнѣ
д҃ша|д҃ша
своꙗ|своꙗ
г҃ѹ|г҃оу
отъдаша:|отъдаша
ꙗко|ꙗко
иꙁдавна|іздавна
желаниѥ|желаніе
имѫще|імѫще
раꙁдрѣшити|раздрѣшіті
сѧ|сѧ
и|і
съ|съ
х҃мь|х҃мь
бꙑти:|бъіті
поврьженомъ|поврьженомъ
же|же
тѣлесемъ|тѣлесемъ
ихъ|іхъ
на|на
мъногꙑ|мъногъі
дьни|дьні
непогребеномъ⸱|непогребеномъ
приидохомъ|пріідохомъ
мꙑ|мъі
отъ|отъ
аравиꙗ:|аравіꙗ
и|і
о҃ць|о҃ць
же|же
никомидъ|нікомідъ
ѹꙁьрѣвъ|оузьрѣвъ
мильнаѩ|мільнаѧ
та|та
видѣниꙗ|відѣніꙗ
о҃ць:|о҃ць
прѣнемогъ|прѣнемогъ
въ|въ
малѣ|малѣ
рещи|рещі
вьꙁѧтъ|вьзѧтъ
бꙑсть|бъість
мрьтвъ:|мрьтвъ
модестъ|модестъ
же|же
прѣподобьнꙑи|прѣподобьнъіі
пристѹпль|прістоупль
вьсѧ|вьсѧ
тѣлеса|тѣлеса
с҃тꙑихъ|с҃тъііхъ
събьравъ|събьравъ
омꙑ:|омъі
мъного|мъного
же|же
приплакавъ|пріплакавъ
и|і
охапавъ|охапавъ
ст҃ꙑꙗ|ст҃ъіꙗ
и|і
трьпѣливꙑꙗ|трьпѣлівъіꙗ
ихъ|іхъ
мощи:|мощі
положи|положі
въ|въ
ложихъ|ложіхъ
оч҃ихъ:|оч҃іхъ
сътворь|сътворь
же|же
надъ|надъ
ними|німі
обꙑчъноѥ|объічъное
правило:|правіло
прирече|прірече
имъ|імъ
исаиино|ісаііно
слово|слово
г҃лѫщеѥ:|г҃лѫщее
мѫжи|мѫжі
правьдиви|правьдіві
въꙁемлють|въземлють
сѧ:|сѧ
и|і
никътоже|нікътоже
не|не
раꙁѹмѣѥть:|разоумѣеть
отъ|отъ
лицѧ|ліцѧ
неправьдꙑ|неправьдъі
вьꙁѧтъ|вьзѧтъ
сѧ|сѧ
правьдьникъ:|правьдьнікъ
бѫдеть|бѫдеть
въ|въ
мирѣ|мірѣ
погребениѥ|погребеніе
ѥго:|его
и|і
д҃ша|д҃ша
правьдьнꙑихъ|правьдьнъііхъ
въ|въ
рѫцѣ|рѫцѣ
б҃жиї|б҃жіі
и|і
не|не
прикоснеть|прікоснеть
сѧ|сѧ
ихъ|іхъ
мѫка:|мѫка
они|оні
же|же
ѹсть|оусть
въ|въ
мирѣ:|мірѣ
и|і
ѹпъваниѥ|оупъваніе
ихъ|іхъ
бесъмрьтиꙗ|бесъмрьтіꙗ
исплънь:|ісплънь
малꙑ|малъі
покаꙁани:|показані
вельми|вельмі
благодѣтиѭ|благодѣтіѭ
свьтѧть|свьтѧть
сѧ⸱|сѧ
ꙗко|ꙗко
б҃ъ|б҃ъ
искѹси|іскоусі
ꙗ:|ꙗ
и|і
обрѣте|обрѣте
ꙗ|ꙗ
достоинꙑ|достоінъі
себѣ:|себѣ
и|і
ꙗко|ꙗко
вьсеплодьнꙑꙗ|вьсеплодьнъіꙗ
жрътвꙑ|жрътвъі
приꙗтъ|пріꙗтъ
ꙗ:|ꙗ
и|і
въ|въ
врѣмѧ|врѣмѧ
посѣщениꙗ|посѣщеніꙗ
ихъ|іхъ
въсьꙗѭть:|въсьꙗѭть
и|і
си|сі
о|о
ст҃ꙑихъ|ст҃ъііхъ
оц҃ихъ|оц҃іхъ
нашихъ|нашіхъ
рекъ:|рекъ
молѧаше|молѧаше
вьсѧ|вьсѧ
нꙑ|нъі
не|не
оставити|оставіті
мѣста|мѣста
того:|того
нъ|нъ
трьпѣти|трьпѣті
добльнѣ|добльнѣ
въ|въ
напастьхъ:|напастьхъ
помьнѧще|помьнѧще
г҃а|г҃а
г҃лѫща:|г҃лѫща
ꙗко|ꙗко
тѣсна|тѣсна
сѹть|соуть
врата|врата
и|і
ѹꙁъкъ|оузъкъ
пѫть|пѫть
въводѧи|въводѧі
въ|въ
жиꙁнь:|жізнь
И|і
апостола⸱|апостола
ꙗко|ꙗко
мъногами|мъногамі
скръбьми|скръбьмі
подобаѥть|подобаеть
намъ|намъ
вънити|въніті
въ|въ
цеср҃ство:|цеср҃ство
небесъ:|небесъ
слѹшавъше|слоушавъше
же|же
ѹчениꙗ|оученіꙗ
ѥго:|его
прѣбꙑхомъ|прѣбъіхомъ
въ|въ
лаврѣ|лаврѣ
ꙗко|ꙗко
на|на
дъва|дъва
мѣсѧцѧ:|мѣсѧцѧ
и|і
пакꙑ|пакъі
слѹхѹ|слоухоу
варварьскѹ|варварьскоу
бꙑвъшѫ:|бъівъшѫ
ѹбоꙗвъше|оубоꙗвъше
сѧ|сѧ
събѣгохомъ|събѣгохомъ
въ|въ
манастꙑрь|манастъірь
блиꙁъ|блізъ
ст҃ааго|ст҃ааго
града|града
ꙗко|ꙗко
отъ|отъ
стадиї|стадіі
:к҃:|к҃
нарицѧѥмꙑи|наріцѧемъіі
оц҃ѧ|оц҃ѧ
анастаса:|анастаса
никогоже|нікогоже
тъгда|тъгда
имѹща:|імоуща
и|і
сътворьше|сътворьше
дъвѣ|дъвѣ
лѣтѣ|лѣтѣ
въ|въ
немь:|немь
пакꙑ|пакъі
молими|молімі
бꙑхомъ|бъіхомъ
реченꙑимь|реченъіімь
прѣподобьнꙑимь|прѣподобьнъіімь
модестомь|модестомь
въꙁвратити|възвратіті
сѧ|сѧ
и|і
жити|жіті
въ|въ
мѣстѣ|мѣстѣ
нашемь:|нашемь
послѹшавъше|послоушавъше
же|же
благааго|благааго
съвѣта|съвѣта
ѥго:|его
ови|ові
абиѥ|абіе
въꙁидихомъ|възідіхомъ
и|і
въселихомъ|въселіхомъ
сѧ|сѧ
въ|въ
лаврѹ:|лавроу
ови|ові
же|же
и|і
маломь|маломь
поꙁдѣѥ|поздѣе
страхꙑ|страхъі
ближънюѭщиїхъ|бліжънюѭщііхъ
насъ|насъ
срацинъ:|срацінъ
етери|етері
же|же
и|і
въ|въ
томь|томь
манастꙑри|манастъірі
осташа:|осташа
кѹпьно|коупьно
съ|съ
иустиномь:|іустіномь
прѣподобьнꙑимь|прѣподобьнъіімь
ихъ|іхъ
игѹменомь:|ігоуменомь
остригъшемъ|острігъшемъ
сѧ|сѧ
въ|въ
лаврѣ:|лаврѣ
и|і
мънога|мънога
лѣта|лѣта
въ|въ
неи|неі
сътворьшемъ:|сътворьшемъ
и|і
въ|въ
мъногахъ|мъногахъ
дѣтельхъ|дѣтельхъ
просиꙗвъшемъ:|просіꙗвъшемъ
ꙗко|ꙗко
и|і
проꙁвютерьскꙑимь|прозвютерьскъіімь
саномь|саномь
ѥмѹ|емоу
почътенѹ|почътеноу
бꙑти:|бъіті
иже|іже
б҃очъстивꙑи|б҃очъстівъіі
июстинъ:|іюстінъ
мъногѹ|мъногоу
дрѹжинѫ|дроужінѫ
въ|въ
томь|томь
манастꙑри|манастъірі
х҃воѭ|х҃воѭ
благодѣтиѭ|благодѣтіѭ
събьра:дрьжа|събьрадрьжа
правило|правіло
неиꙁмѣн͗нѣ|неізмѣннѣ
лаврьскоѥ:|лаврьское
и|і
прочеѥ|прочее
ѹстроѥниѥ:|оустроеніе
и|і
никъже|нікъже
не|не
имать|імать
обрѣсти|обрѣсті
въ|въ
вьсеи|вьсеі
палестинии:|палестініі
или|ілі
въ|въ
иномь|іномь
обьщении:|обьщеніі
такого|такого
д҃ховьна|д҃ховьна
ѹстроѥниꙗ:|оустроеніꙗ
цвьтеть|цвьтеть
же|же
и|і
растеть|растеть
колижъдо:|коліжъдо
и|і
стрьблѧ|стрьблѧ
по|по
исаакѹ|ісаакоу
велии|веліі
бꙑваѥть:|бъіваеть
ꙗко|ꙗко
отъ|отъ
сего|сего
радовати|радоваті
сѧ|сѧ
намъ|намъ
поѹчаѭщемъ|пооучаѭщемъ
сѧ|сѧ
добрѣ:|добрѣ
ꙁане|зане
въ|въ
вьсеи|вьсеі
странѣ|странѣ
сьꙗѥть|сьꙗеть
свѣтиломъ|свѣтіломъ
тъчъно:|тъчъно
сѣмѧ|сѣмѧ
прѣподобьнааго|прѣподобьнааго
оц҃ѧ|оц҃ѧ
нашего|нашего
савꙑ:|савъі
мꙑ|мъі
же|же
съмѣрении|съмѣреніі
б҃жиѥѭ|б҃жіеѭ
благодѣтиѭ:|благодѣтіѭ
и|і
тъщаниѥмь|тъщаніемь
прѣждереченааго|прѣждереченааго
прѣподобьнааго|прѣподобьнааго
модеста:|модеста
въ|въ
беꙁмлъвии|безмлъвіі
сѣдимъ:|сѣдімъ
паче|паче
прѣждъниїхъ|прѣждънііхъ
лѣтъ|лѣтъ
хвалѧще|хвалѧще
и|і
славѧще|славѧще
б҃а:|б҃а
ѹмрьщвѧѭщааго|оумрьщвѧѭщааго
и|і
животворѧща|жівотворѧща
и|і
творѧща|творѧща
чѹдеса|чоудеса
велиꙗ|веліꙗ
единого:|едіного
ѹмилосрьди|оумілосрьді
бо|бо
сѧ|сѧ
на|на
насъ|насъ
благость|благость
ѥго:|его
и|і
на|на
спѣхъ|спѣхъ
великъ|велікъ
приведе|пріведе
мѣсто|мѣсто
наше:|наше
елико|еліко
противѹ|протівоу
врѣменемъ:|врѣменемъ
прѣжде|прѣжде
работавъшиихъ|работавъшііхъ
ѥмѹ:|емоу
ради|раді
присно|прісно
въ|въ
немь|немь
ст҃ꙑихъ|ст҃ъііхъ
рабъ|рабъ
ѥго:|его
дарова|дарова
же|же
намъ|намъ
от҃цѧ|от҃цѧ
и|і
пастѹха|пастоуха
благость|благость
ѥго:|его
достоина|достоіна
промꙑсла|промъісла
своѥго:|своего
ѳомѹ|ѳомоу
прѣподобьнааго:|прѣподобьнааго
хꙑтра|хъітра
сѫща|сѫща
и|і
вьсѣми|вьсѣмі
дѣтельми|дѣтельмі
ѹкрашена:|оукрашена
живъшааго|жівъшааго
ѡтъ|отъ
дѣтьска|дѣтьска
беꙁмлъвьномь|безмлъвьномь
житиѥмь|жітіемь
и|і
постомь:|постомь
кротъкааго|кротъкааго
и|і
братолюбьцѧ|братолюбьцѧ
и|і
милостивьнаго:|мілостівьнаго
съмѣренааго|съмѣренааго
срьдьцемъ:|срьдьцемъ
о|о
молитвѣ|молітвѣ
и|і
о|о
правилѣ|правілѣ
теплааго:|теплааго
тѣмьже|тѣмьже
и|і
б҃ъ|б҃ъ
въ|въ
игѹменьство|ігоуменьство
ѥго|его
въ|въ
пространьство|пространьство
приведе|пріведе
ѹченикꙑ|оученікъі
ѥго:|его
Число|чісло
же|же
иꙁбиѥнꙑихъ|ізбіенъііхъ
оц҃ь|оц҃ь
ѥсть|есть
именъ:|іменъ
м҃д:|м҃д
бꙑваѥть|бъіваеть
же|же
памѧть|памѧть
ихъ:|іхъ
мѣсѧцѧ|мѣсѧцѧ
маиѧ:|маіѧ
въ|въ
е҃⸱|е҃
благодѣтиѭ|благодѣтіѭ
же|же
х҃воѭ|х҃воѭ
и|і
спѣхомь|спѣхомь
прѣждереченааго|прѣждереченааго
прѣподобьнааго|прѣподобьнааго
оц҃ѧ|оц҃ѧ
нашего|нашего
модеста:|модеста
живѹть|жівоуть
и|і
въ|въ
прочиїхъ|прочііхъ
моностꙑрихъ|моностъіріхъ
пѹстꙑньнъихъ:|поустъіньнъіхъ
Се|се
ѹже|оуже
чьстьнꙑи|чьстьнъіі
от҃че|от҃че
еѵстаѳе:|еустаѳе
въ|въ
кратъцѣ|кратъцѣ
ꙗже|ꙗже
о|о
с҃тꙑихъ|с҃тъііхъ
оц҃ихъ|оц҃іхъ
нашихъ|нашіхъ
и|і
лаврѣ:|лаврѣ
въꙁвѣстихъ|възвѣстіхъ
вашемѹ|вашемоу
б҃олюбью:|б҃олюбью
и|і
ина|іна
же|же
благовѣщениꙗ|благовѣщеніꙗ
радость|радость
творѧща|творѧща
вашеи|вашеі
дш҃и|дш҃і
и|і
вьсемѹ|вьсемоу
крьстиꙗнѹ|крьстіꙗноу
слꙑшащѹѹмѹ|слъішащоуоумоу
ꙗ:|ꙗ
благовѣщаѭ|благовѣщаѭ
вамъ:|вамъ
прѣждереченꙑи|прѣждереченъіі
бо|бо
прѣподобьнꙑи|прѣподобьнъіі
модестъ:|модестъ
не|не
тъчиѭ|тъчіѭ
пѹстꙑньнꙑꙗ|поустъіньнъіꙗ
строить|строіть
моностꙑрѧ:|моностъірѧ
нъ|нъ
и|і
градꙑ|градъі
вьсѧ|вьсѧ
живѹщаꙗ|жівоущаꙗ
окръстъ:|окръстъ
б҃ѹ|б҃оу
поспѣваѭщѹ|поспѣваѭщоу
ѥмѹ|емоу
о|о
вьсемь:|вьсемь
сь|сь
бо|бо
ꙗкоже|ꙗкоже
ѥ|е
истина:|істіна
новꙑи|новъіі
нашъ|нашъ
веселеиль:|веселеіль
ли|лі
ꙁоровавель:|зоровавель
исплънь|ісплънь
сѧ|сѧ
дх҃а|дх҃а
с҃та:|с҃та
въꙁдвиже|въздвіже
и|і
пожъженꙑꙗ|пожъженъіꙗ
чьстьнꙑꙗ|чьстьнъіꙗ
црькъви|црькъві
съпаса|съпаса
нашего|нашего
х҃а:|х҃а
ст҃оѥ|ст҃ое
же|же
и|і
краниѥ:|краніе
и|і
ст҃оѥ|ст҃ое
ѥго|его
въстааниѥ:|въстааніе
и|і
храмъ|храмъ
чъстьнааго|чъстьнааго
кръста:|кръста
и|і
матере|матере
црькъвь|црькъвь
сиона:|сіона
и|і
ст҃оѥ|ст҃ое
ѥго|его
въꙁитиѥ:|възітіе
и|і
прочѧꙗ|прочѧꙗ
чьстьнꙑꙗ|чьстьнъіꙗ
храмꙑ:|храмъі
ꙗко|ꙗко
ѡтъ|отъ
сего|сего
благꙑ|благъі
надеждѧ|надеждѧ
имѣти|імѣті
намъ|намъ
и|і
о|о
бѹдѹщиихъ:|боудоущііхъ
паче|паче
же|же
отъ|отъ
кромѣшъниихъ|кромѣшънііхъ
странъ|странъ
приходѧщиимъ|пріходѧщіімъ
на|на
покланѧниѥ|покланѧніе
ст҃ꙑихъ|ст҃ъііхъ
мѣстъ:|мѣстъ
и|і
вьсѣмъ|вьсѣмъ
славити|славіті
б҃а:|б҃а
ꙗко|ꙗко
томѹ|томоу
подобаѥть|подобаеть
слава|слава
въ|въ
вѣкꙑ|вѣкъі
вѣкъ|вѣкъ
амин͗|амін
тогожде|тогожде
анътиѡха|анътіоха
прологъ:|прологъ
Рече|рече
въ|въ
пѣсньхъ|пѣсньхъ
соломонъ:|соломонъ
шесть|шесть
десѧтъ|десѧтъ
ѥсть|есть
цесариць:|цесаріць
и|і
осмь|осмь
десѧтъ|десѧтъ
женимъ:|женімъ
и|і
дѣвиць|дѣвіць
ихъже|іхъже
нѣсть|нѣсть
числа:|чісла
мꙑ|мъі
ѹбо|оубо
по|по
нашемѹ|нашемоу
достижениѭ|достіженіѭ
ѯ҃:|ѯ҃
цср҃иць:|цср҃іць
челеснꙑꙗ|челеснъіꙗ
гл҃емъ|гл҃емъ
бꙑти|бъіті
кънигꙑ:|кънігъі
сирѣчъ|сірѣчъ
шесть|шесть
десѧтꙑꙗ|десѧтъіꙗ
ꙁавѣщанꙑꙗ:|завѣщанъіꙗ
ветъхааго|ветъхааго
же|же
и|і
новааго|новааго
ꙁавѣта:|завѣта
осмьдесѧтъ|осмьдесѧтъ
же|же
женимъ:|женімъ
неприлагаѥмꙑꙗ:|непрілагаемъіꙗ
гл҃емꙑꙗ|гл҃емъіꙗ
потаѥнꙑ:|потаенъі
женимꙑ|женімъі
же|же
именѹѭ|іменоуѭ
ꙁане|зане
беꙁ|без
дрьꙁновениꙗ|дрьзновеніꙗ
и|і
любодѣицѧ|любодѣіцѧ
сѹть:|соуть
дѣвицѧ|дѣвіцѧ
же:|же
реченꙑꙗ|реченъіꙗ
новꙑꙗ|новъіꙗ
повѣсти|повѣсті
црькъвьнꙑихъ|црькъвьнъііхъ
ѹчитель:|оучітель
ꙁа|за
чистотѹ|чістотоу
словесе|словесе
ихъ:|іхъ
дѣвицѧ|дѣвіцѧ
бо:|бо
чистꙑ|чістъі
именѹѭть|іменоуѭть
сѧ:|сѧ
рече|рече
бо:|бо
да|да
поищѹть|поіщоуть
цесарю|цесарю
дѣвицѧ|дѣвіцѧ
дѣвоѭ:|дѣвоѭ
и|і
обрѣтоша|обрѣтоша
суманитѣнꙑию|суманітѣнъіію
да|да
съгрѣѥть|съгрѣеть
и:|і
сирѣчь|сірѣчь
небесьнꙑꙗ|небесьнъіꙗ
раꙁѹмꙑ:|разоумъі
и|і
пѣваꙗ|пѣваꙗ
речеть:|речеть
съгрѣ|съгрѣ
сѧ|сѧ
срьдьце|срьдьце
моѥ|мое
въ|въ
мънѣ:|мънѣ
и|і
въ|въ
поѹчении|пооученіі
моѥмь|моемь
раꙁгорить|разгоріть
сѧ|сѧ
огнь:|огнь
суманитѣнꙑни|суманітѣнъіні
же|же
небеснаꙗ|небеснаꙗ
съкаꙁаѥть|съказаеть
сѧ:|сѧ
и|і
пьшеницѧ|пьшеніцѧ
ѭнотамъ:|ѭнотамъ
и|і
вино|віно
благовонюꙗ|благовонюꙗ
дѣвꙑ:|дѣвъі
бескврьньнии|бескврьньніі
бо|бо
ѡтъ|отъ
одъждениꙗ|одъжденіꙗ
небесьнааго|небесьнааго
хлѣба|хлѣба
кръмѧть|кръмѧть
сѧ:|сѧ
прѣбꙑваѭщааго|прѣбъіваѭщааго
въ|въ
жиꙁнь|жізнь
вѣчънѹѭ:|вѣчъноуѭ
и|і
питиѥ|пітіе
ихъ|іхъ
отъ|отъ
кратꙑри|кратъірі
истиньнꙑꙗ|істіньнъіꙗ
лоꙁꙑ:|лозъі
и|і
бескврьньнꙑихъ|бескврьньнъііхъ
речениꙗ|реченіꙗ
чиста:|чіста
и|і
словеса|словеса
правьдьникъ|правьдьнікъ
прѣчиста|прѣчіста
по|по
кънигамъ:|кънігамъ
бещисльнꙑ|бещісльнъі
же|же
гл҃ѫть|гл҃ѫть
сѧ:|сѧ
ꙁа|за
мъножъство|мъножъство
и|і
беꙁмѣриѥ|безмѣріе
словесе|словесе
ѹчительства|оучітельства
ихъ:|іхъ
отъ|отъ
постава|постава
ѹбо|оубо
:ѯ҃:|ѯ҃
цср҃иць|цср҃іць
сихъ:|сіхъ
мало|мало
ижиць|іжіць
иꙁѧхъ:|ізѧхъ
и|і
сътворихъ|сътворіхъ
прѣпоꙗсаниѥ:|прѣпоꙗсаніе
на|на
съгрѣниѥ|съгрѣніе
съ|съ
вѣроѭ|вѣроѭ
почитаѭщиимъ:|почітаѭщіімъ
ꙗкоже|ꙗкоже
ѹбо|оубо
поставъ|поставъ
мъногочѧстьнъ|мъногочѧстьнъ
сꙑи:|съіі
въ|въ
единѹчѧстьнѹ|едіноучѧстьноу
риꙁѹ|різоу
съврьшаѥть|съврьшаеть
сѧ:|сѧ
тако|тако
и|і
вьсѧ|вьсѧ
проречениꙗ|прореченіꙗ
б҃одъхновенꙑихъ|б҃одъхновенъііхъ
кънигъ:|кънігъ
въ|въ
съмотрениꙗ|съмотреніꙗ
владꙑчьнѧаго|владъічьнѧаго
риꙁѹ|різоу
сънидоша|сънідоша
сѧ:|сѧ
ѭже|ѭже
приꙗтъ|пріꙗтъ
отъ|отъ
свѧтꙑꙗ|свѧтъіꙗ
славьнꙑꙗ|славьнъіꙗ
бц҃ѧ|бц҃ѧ
и|і
приснод҃вꙑ|пріснод҃въі
мариꙗ:|маріꙗ
тьлѣньно|тьлѣньно
ѹбо:|оубо
ꙁа|за
подобьнострастиѥ|подобьнострастіе
наше:|наше
сътворивъ|сътворівъ
же|же
нетьлѣн͗нѹ:|нетьлѣнноу
да|да
нꙑ|нъі
тьлеѭ|тьлеѭ
дрьжимꙑꙗ|дрьжімъіꙗ
свободивъ:|свободівъ
прѣведеть|прѣведеть
въ|въ
нетьлѣниѥ:|нетьлѣніе
и|і
ѹмьръша|оумьръша
оживль:|ожівль
пакꙑ|пакъі
облѣчеть|облѣчеть
бесъмрьтиѥмь:|бесъмрьтіемь
Прѣпоꙗсаниѥ|прѣпоꙗсаніе
же|же
гл҃ѭ:|гл҃ѭ
не|не
оно|оно
июдеискоѥ:|іюдеіское
иеремиѥмь|іереміемь
съкръвеноѥ:|съкръвеное
и|і
истьлѣвъше|істьлѣвъше
въ|въ
евъфратѣ|евъфратѣ
рѣцѣ:|рѣцѣ
нъ|нъ
новꙑꙗ|новъіꙗ
благодѣти|благодѣті
еже|еже
г҃ь|г҃ь
намъ|намъ
покаꙁа|показа
прѣпоꙗсавъ|прѣпоꙗсавъ
сѧ|сѧ
и|і
отьръ|отьръ
ногꙑ|ногъі
своихъ|своіхъ
ѹченикъ:|оученікъ
да|да
скврьнꙑ|скврьнъі
ветъхааго|ветъхааго
кваса|кваса
очистѣвъше|очістѣвъше
бѹдѹть|боудоуть
ново|ново
въмѣшениѥ:|въмѣшеніе
и|і
бѫдѹть|бѫдоуть
ногꙑ|ногъі
ихъ|іхъ
красьнꙑ:|красьнъі
ꙗко|ꙗко
благовѣстѹѭщемъ|благовѣстоуѭщемъ
миръ:|міръ
и|і
настѹпаѭть|настоупаѭть
на|на
ꙁмиꙗ|зміꙗ
и|і
на|на
вьсу|вьсу
силѹ|сілоу
вражиѭ:|вражіѭ
сего|сего
прѣпоꙗсаниꙗ|прѣпоꙗсаніꙗ
добротою|добротою
х҃ъ|х҃ъ
своѭ|своѭ
црькъвь|црькъвь
облѣче:|облѣче
покрꙑваꙗ|покръіваꙗ
наша|наша
порокꙑ:|порокъі
и|і
бꙑвъшѹѭ|бъівъшоуѭ
намъ|намъ
отъ|отъ
адамлѧ|адамлѧ
прѣстѹплениꙗ|прѣстоупленіꙗ
наготѹ:|наготоу
по|по
реченѹѹмѹ:|реченоуоумоу
растрьꙁа|растрьза
врѣтище|врѣтіще
моѥ|мое
и|і
прѣпоꙗса|прѣпоꙗса
мѧ|мѧ
веселиѥмь:|веселіемь
симь|сімь
одѣваѥмъ|одѣваемъ
сѧ|сѧ
отъ|отъ
божъствьнꙑихъ|божъствьнъііхъ
кънигъ:|кънігъ
испꙑтаѭще|іспъітаѭще
бо|бо
ꙗ|ꙗ
обрѣтаѥмъ|обрѣтаемъ
вѣчънѹѭ|вѣчъноуѭ
жиꙁнь|жізнь
г҃а|г҃а
нашего|нашего
ис҃ѹ|іс҃оу
х҃а|х҃а
истиньнааго|істіньнааго
б҃а|б҃а
нашего:|нашего
нъ|нъ
ꙁоветь|зоветь
нꙑ|нъі
ѹже|оуже
врѣмѧ:|врѣмѧ
ѹчиновати|оучіноваті
реченꙑꙗ|реченъіꙗ
главꙑ:|главъі
въ|въ
славѹ|славоу
и|і
хвалѹ|хвалоу
оц҃ѧ|оц҃ѧ
и|і
с҃на|с҃на
и|і
с҃тааго|с҃тааго
д҃ха:|д҃ха
въ|въ
вѣкꙑ|вѣкъі
вѣкомъ|вѣкомъ
аминь⸱|амінь
Тогожде|тогожде
антиѡха⸱|антіоха
къ|къ
томѹжде|томоужде
евъстаѳю⸱|евъстаѳю
главꙑ|главъі
раꙁличнꙑ|разлічнъі
:р҃л:|р҃л
и|і
млт҃ва|млт҃ва
исповѣданиѭ|ісповѣданіѭ
⸱а҃⸱|а҃
ѡ|о
вѣрѣ|вѣрѣ
⸱в҃⸱|в҃
ѡ|о
ѹпъвании|оупъваніі
⸱г҃⸱|г҃
ѡ|о
ꙗдении|ꙗденіі
⸱д҃⸱|д҃
ѡ|о
обѣдании|обѣданіі
⸱е҃⸱|е҃
ѡ|о
пьꙗньствѣ|пьꙗньствѣ
⸱ꙅ҃⸱|з҃
ѡ|о
въꙁдрьжании|въздрьжаніі
да|да
съгрѣѥти|съгрѣеті
и:|і
саманитѣнꙑнѧ:|саманітѣнъінѧ
нъ|нъ
не|не
поꙁна|позна
ѥꙗ|еꙗ
црⷭь:|црсь
сирѣчъ|сірѣчъ
не|не
истьли|істьлі
ѹпъваниꙗ|оупъваніꙗ
своѥго|своего
небесьнааго:|небесьнааго
Виждъ|віждъ
чъто|чъто
ти|ті
гл҃еть|гл҃еть
ѱаниѥ⸱|псаніе
аще|аще
бѹдете|боудете
дъва:|дъва
то|то
тепло|тепло
има|іма
бѹдеть:|боудеть
Вѣрѣ|вѣрѣ
аще|аще
имать|імать
ѹпъваниѥ:|оупъваніе
имать|імать
своѥ|свое
дѣло:|дѣло
и|і
тепла|тепла
ѥсть:|есть
имѹщѹмѫ|імоущоумѫ
ѭ:|ѭ
ꙗкоже|ꙗкоже
рече|рече
блаженꙑи|блаженъіі
петръ|петръ
въспоꙗсавъше|въспоꙗсавъше
чрѣсла|чрѣсла
мꙑсли|мъіслі
вашеꙗ:|вашеꙗ
трѣꙁвѧще|трѣзвѧще
сѧ|сѧ
коньчинѣ|коньчінѣ
ѹпъваите|оупъваіте
на|на
приносимѹѭ|пріносімоуѭ
вамъ|вамъ
благодѣть:|благодѣть
ꙗвлениѥмь|ꙗвленіемь
і҃у|і҃у
хв҃омь:|хв҃омь
ꙗко|ꙗко
чѧда|чѧда
послѹшаниꙗ:|послоушаніꙗ
И|і
сираховичъ:|сіраховічъ
къто|къто
ѹпъва|оупъва
на|на
г҃а|г҃а
и|і
небрѣженъ|небрѣженъ
бꙑсть:|бъість
или|ілі
къто|къто
прѣбꙑ|прѣбъі
въ|въ
страсѣ|страсѣ
ѥго|его
и|і
прѣꙁьрѣ|прѣзьрѣ
и:|і
Пѣснивьць|пѣснівьць
же:|же
блаженъ|блаженъ
мѹжъ|моужъ
ѥмѹже|емоуже
есть|есть
имѧ|імѧ
гн҃е|гн҃е
ѹпъваниѥ|оупъваніе
ѥго:|его
и|і
да|да
въꙁдрадѹѭть|въздрадоуѭть
сѧ|сѧ
вьси|вьсі
ѹпъваѭщии|оупъваѭщіі
на|на
тѧ:|тѧ
и|і
потомь|потомь
на|на
нь|нь
ѹпъва|оупъва
срд҃це|срд҃це
моѥ|мое
и|і
поможе|поможе
ми:|мі
и|і
въцвьте|въцвьте
плъть|плъть
моꙗ:|моꙗ
и|і
отъ|отъ
своѥго|своего
поможениꙗ:|поможеніꙗ
и|і
инꙑ|інъі
наставлѧаше|наставлѧаше
гл҃ѧ|гл҃ѧ
ѹпъваите|оупъваіте
на|на
нь|нь
вьсь|вьсь
съборъ|съборъ
людии:|людіі
иꙁлѣите|ізлѣіте
прѣдъ|прѣдъ
нимь|німь
ср҃дьцѧ|ср҃дьцѧ
ваша|ваша
ꙗко|ꙗко
б҃ъ|б҃ъ
помощъникъ|помощънікъ
нашъ:|нашъ
и|і
ѹпъваи|оупъваі
на|на
г҃а|г҃а
и|і
твори|творі
благостꙑню|благостъіню
и|і
отъкрꙑи|отъкръіі
къ|къ
г҃ѹ|г҃оу
пѹть|поуть
свои|своі
и|і
оупъваи|оупъваі
на|на
нь:|нь
И|і
исаиꙗ:|ісаіꙗ
ѹпъвахъ|оупъвахъ
на|на
имѧ|імѧ
твоѥ|твое
и|і
на|на
памѧть|памѧть
твоѭ|твоѭ
похоть|похоть
наша:|наша
и|і
п҇ⷦа|пка
павьлъ:|павьлъ
ѹпъваниѥмь|оупъваніемь
бо|бо
съпасени|съпасені
бꙑхомъ:|бъіхомъ
и|і
ѹпъваниѥ|оупъваніе
же|же
видимо|відімо
нѣсть|нѣсть
ѹпъваниѥ:|оупъваніе
ѥже|еже
бо|бо
видить|відіть
къто:|къто
чъто|чъто
и|і
ѹпъваѥть:|оупъваеть
аще|аще
ли|лі
ѥгоже|егоже
не|не
видимъ:|відімъ
трьпѣниѥмь|трьпѣніемь
чаѥмъ:|чаемъ
И|і
п҇ⷦа:|пка
Крѣпъко|крѣпъко
ѹтѣшениѥ|оутѣшеніе
имамъ|імамъ
прибѣгъшеи|прібѣгъшеі
ꙗти|ꙗті
сѧ|сѧ
ꙁа|за
прѣдълежѧщеѥ|прѣдълежѧщее
ѹпъваниѥ:|оупъваніе
ѥже|еже
ꙗко|ꙗко
ставило|ставіло
имамъ|імамъ
твръдо|твръдо
же|же
и|і
иꙁвѣстьно:|ізвѣстьно
И|і
наводить:|наводіть
ꙗко|ꙗко
ѹпъваниѥмь|оупъваніемь
длъжънѹѥть|длъжъноуеть
орѧи|орѧі
орати:|ораті
и|і
врьхꙑи|врьхъіі
на|на
ѹпъваниѥ|оупъваніе
приимати:|прііматі
И|і
въ|въ
еван͗гелии|евангеліі
ѥже|еже
отъ|отъ
лѹкꙑ|лоукъі
о|о
семуонѣ|семуонѣ
рече:|рече
бѧаше|бѧаше
ѥмѹ|емоу
провѣщано|провѣщано
дх҃омь|дх҃омь
ст҃ꙑимь|ст҃ъіімь
не|не
видѣти|відѣті
съмрьти:|съмрьті
донъдеже|донъдеже
видиши|відіші
кръста|кръста
гн҃ѧ:|гн҃ѧ
и|і
не|не
ѹмрьтви|оумрьтві
ѹпъваниꙗ:|оупъваніꙗ
нъ|нъ
бѧше|бѧше
чѧꙗ|чѧꙗ
желаѥмааго|желаемааго
иꙁбава:|ізбава
и|і
сп҃са|сп҃са
мирьна:|мірьна
и|і
приимꙑ|пріімъі
и|і
радъ|радъ
на|на
рѹкѹ|роукоу
гл҃ааше:|гл҃ааше
пѹсти|поусті
мѧ|мѧ
владꙑко|владъіко
приити|прііті
къ|къ
тебѣ|тебѣ
це҇ⷭру|цесру
моѥмѹ:|моемоу
въсприꙗхъ|въспріꙗхъ
бо|бо
ѹпъваниѥ|оупъваніе
моѥ:|мое
томѹ|томоу
слава|слава
въ|въ
вѣкꙑ|вѣкъі
вѣкомъ:|вѣкомъ
АМИН|амін
•г҃•|г҃
Ꙍ|о
ꙖДЕНИИ⁘|ꙗденіі
О|о
ꙗдении|ꙗденіі
рече|рече
притъчъникъ:|прітъчънікъ
аще|аще
сѧдеши|сѧдеші
вечерѧти|вечерѧті
на|на
трапеꙁѣ|трапезѣ
сильнꙑихъ:|сільнъііхъ
раꙁѹмьнѣ|разоумьнѣ
раꙁѹмѣваи|разоумѣваі
прѣдъполагаѥмаꙗ|прѣдъполагаемаꙗ
ти:|ті
и|і
въꙁдрьжи|въздрьжі
рѹкѹ|роукоу
си:|сі
вѣдꙑи|вѣдъіі
ꙗко|ꙗко
тебе|тебе
ради|раді
си|сі
приготоваѥть:|пріготоваеть
аще|аще
ли|лі
несꙑтьнѣи|несъітьнѣі
ѥси|есі
не|не
похощи|похощі
сластьмъ|сластьмъ
ѥго:|его
И|і
дрѹгꙑи|дроугъіі
рече:|рече
на|на
трапеꙁѣ|трапезѣ
ли|лі
велицѣ|веліцѣ
сѣлъ|сѣлъ
ѥси:|есі
не|не
раꙁдвигни|раздвігні
грьтани|грьтані
своѥго|своего
на|на
неи:|неі
и|і
не|не
рьци|рьці
мъногоѥ|мъногое
на|на
неи:|неі
помѧни|помѧні
ꙗко|ꙗко
ꙁъло|зъло
ѥсть|есть
око|око
лѹкаво:|лоукаво
ꙗможе|ꙗможе
аще|аще
въꙁьриши:|възьріші
не|не
простьри|простьрі
рѹкꙑ|роукъі
си:|сі
и|і
не|не
гнети|гнеті
съ|съ
нимь|німь
въ|въ
солилѣ:|солілѣ
раꙁѫмѣи|разѫмѣі
еже|еже
ѥсть|есть
искрьнѧаго|іскрьнѧаго
ѡтъ|отъ
себе:|себе
и|і
о|о
вьсѣхъ|вьсѣхъ
вещахъ|вещахъ
раꙁмꙑшлѧи:|размъішлѧі
ꙗждь|ꙗждь
ꙗко|ꙗко
и|і
чл҃вѣкъ|чл҃вѣкъ
прѣдълежѧщаꙗ|прѣдълежѧщаꙗ
ти|ті
а|а
не|не
дрѧꙁгъни|дрѧзгъні
да|да
не|не
въꙁненавидѣнъ|възненавідѣнъ
бѹдеши:|боудеші
прѣстани|прѣстані
прьвоѥ|прьвое
на|на
каꙁаниꙗ|казаніꙗ
ради:|раді
и|і
не|не
ꙗждъ|ꙗждъ
лихо|ліхо
сꙑти|съіті
да|да
не|не
прѣтъкнеши|прѣтъкнеші
сѧ:|сѧ
и|і
аще|аще
посрѣдѣ|посрѣдѣ
мъногъ|мъногъ
сѣдиши:|сѣдіші
пьрьвѣѥ|пьрьвѣе
ихъ|іхъ
не|не
простираи|простіраі
рѹкꙑ|роукъі
своѥꙗ:|своеꙗ
ꙗко|ꙗко
довьльно|довьльно
чл҃кѹ|чл҃коу
накаꙁанѹ|наказаноу
малоѥ:|малое
моси|мосі
же:|же
вънемли|вънемлі
себѣ|себѣ
самъ|самъ
г҃лѧ:|г҃лѧ
еда|еда
ꙗдъи|ꙗдъі
насꙑщъ|насъіщъ
сѧ⸱|сѧ
ꙁабѹдеши|забоудеші
г҃а|г҃а
б҃а|б҃а
своѥго:|своего
Такожде|такожде
и|і
апостолъ|апостолъ
аще|аще
ꙗсте:|ꙗсте
аще|аще
ли|лі
пиѥтѥ:|піете
аще|аще
ли|лі
чъто|чъто
творите:|творіте
вьсе|вьсе
въ|въ
славѹ|славоу
бж҃иѭ|бж҃іѭ
творите:|творіте
а|а
не|не
въ|въ
сѹмьнѣниꙗ|соумьнѣніꙗ
раꙁмꙑшлении:|размъішленіі
овъ|овъ
бо|бо
вѣрѹѥть|вѣроуеть
ꙗсти|ꙗсті
вьсе:|вьсе
а|а
иꙁнемагаꙗи|ізнемагаꙗі
ꙁелиѥ|зеліе
да|да
ꙗсть:|ꙗсть
и|і
наводить:|наводіть
ꙗдꙑи|ꙗдъіі
неꙗдѹщааго|неꙗдоущааго
да|да
не|не
ѹкарѧѥть:|оукарѧеть
и|і
неꙗдꙑи|неꙗдъіі
ꙗдѹщааго|ꙗдоущааго
да|да
не|не
осѹждаѥть:|осоуждаеть
тꙑ|тъі
бо|бо
къто|къто
ѥси|есі
осѹждаꙗ|осоуждаꙗ
тѹждего|тоуждего
раба:|раба
своѥмѹ|своемоу
г҃ѹ|г҃оу
стоить⸱|стоіть
или|ілі
падаѥть:|падаеть
И|і
па҇ⷦ:|пак
ꙗдꙑи|ꙗдъіі
г҃ѹ|г҃оу
ꙗсть:|ꙗсть
и|і
хвалить|хваліть
б҃а:|б҃а
и|і
неꙗдꙑи|неꙗдъіі
г҃ѹ|г҃оу
не|не
ꙗсть⸱|ꙗсть
и|і
хвалить|хваліть
б҃а:|б҃а
И|і
пакꙑ:|пакъі
не|не
брашъна|брашъна
ради|раді
раꙁарѧи|разарѧі
дѣло|дѣло
бж҃иѥ:|бж҃іе
И|і
наводить:|наводіть
вьсе|вьсе
ѹбо|оубо
чисто:|чісто
нъ|нъ
ꙁъло|зъло
прѣтꙑниѥмь|прѣтъініемь
ꙗсти:|ꙗсті
И|і
блаженъ|блаженъ
не|не
осѹждаꙗи|осоуждаꙗі
себе|себе
о|о
немьже|немьже
покѹшаѥть|покоушаеть
сѧ:|сѧ
а|а
сѹмьнѧи|соумьнѧі
сѧ:|сѧ
аще|аще
ꙗсть|ꙗсть
осѹждѧѥть|осоуждѧеть
сѧ:|сѧ
ꙁане|зане
не|не
отъ|отъ
вѣрꙑ:|вѣръі
обаче|обаче
брашъно|брашъно
насъ|насъ
не|не
поставить|поставіть
прѣдъ|прѣдъ
бо҃мь:|бо҃мь
ибо|ібо
аще|аще
ꙗмъ|ꙗмъ
иꙁбꙑтъкѹѥмъ:|ізбъітъкоуемъ
ни|ні
аще|аще
не|не
ꙗмъ:|ꙗмъ
лишимъ|лішімъ
сѧ:|сѧ
И|і
притъчъникъ:|прітъчънікъ
не|не
прѣлъсти|прѣлъсті
себе|себе
сꙑтостиѭ|съітостіѭ
чрѣва:|чрѣва
дш҃а|дш҃а
бо|бо
въ|въ
сꙑтости|съітості
сѹщи:|соущі
медѫ|медѫ
рѹгаѥть|роугаеть
сѧ:|сѧ
дш҃и|дш҃і
же|же
скѹдьнѣ|скоудьнѣ
и|і
горькоѥ|горькое
сладъко|сладъко
бꙑваѥть:|бъіваеть
Апостолъ|апостолъ
же:|же
очищаꙗ|очіщаꙗ
брашъна|брашъна
рече:|рече
ꙗже|ꙗже
б҃ъ|б҃ъ
сътвори|сътворі
на|на
сънѣданиѥ|сънѣданіе
съ|съ
похвалениѥмь:|похваленіемь
вѣрьнꙑимъ:|вѣрьнъіімъ
и|і
поꙁнавъшиимъ|познавъшіімъ
истинѹ:|істіноу
ꙗко|ꙗко
вьсе|вьсе
съꙁьданиѥ|съзьданіе
божиѥ|божіе
ѥ|е
добро:|добро
и|і
ничътоже|нічътоже
отъметьно|отъметьно
съ|съ
благодариѥмь|благодаріемь
ꙗдомо:|ꙗдомо
свѧщаѥть|свѧщаеть
бо|бо
сѧ|сѧ
словомь|словомь
бж҃иѥмь:|бж҃іемь
и|і
молитвоѭ:|молітвоѭ
и|і
вьсе|вьсе
чисто|чісто
чистꙑимъ:|чістъіімъ
и|і
на|на
ꙗдениѥ|ꙗденіе
дрѹгъ|дроугъ
дрѹга|дроуга
жидѣте:|жідѣте
рече|рече
же|же
и|і
ꙁаконъ:|законъ
ꙗдъ|ꙗдъ
и|і
насꙑщъ|насъіщъ
сѧ|сѧ
благословестви|благословестві
г҃а|г҃а
б҃а|б҃а
своѥго:|своего
И|і
дв҃дъ|дв҃дъ
благодарѧ|благодарѧ
дасть|дасть
веселиѥ|веселіе
въ|въ
срьдьце|срьдьце
моѥ:|мое
отъ|отъ
плода|плода
пьше|пьше
ницѧ|ніцѧ
и|і
вина|віна
и|і
масла:|масла
И|і
па҇ⷦ:|пак
ꙗко|ꙗко
насꙑти|насъіті
д҃шѧ|д҃шѧ
тъщѧ:|тъщѧ
и|і
дш҃ѧ|дш҃ѧ
ал͗чѹща|алчоуща
наплъни|наплъні
благъ:|благъ
Благꙑи|благъіі
же|же
г҃ь|г҃ь
хотѧи|хотѧі
намъ|намъ
съмѣреномъ|съмѣреномъ
бꙑти|бъіті
рече:|рече
ѥгда|егда
въꙁъванъ|възъванъ
бѹдеши|боудеші
на|на
пиръ:|піръ
не|не
сѧди|сѧді
на|на
прѣдьниїмь|прѣдьніімь
мѣстѣ:|мѣстѣ
еда|еда
чъстьнѣи|чъстьнѣі
тебе|тебе
бѹдеть|боудеть
ꙁъванꙑ|зъванъі
имъ:|імъ
и|і
шъдъ|шъдъ
ꙁъвавꙑи|зъвавъіі
тѧ|тѧ
и|і
оного:|оного
речеть|речеть
ти|ті
даждъ|даждъ
семѹ|семоу
мѣсто:|мѣсто
и|і
тъгда|тъгда
начънеши|начънеші
съ|съ
стѹдомь|стоудомь
послѣдьнеѥ|послѣдьнее
мѣсто|мѣсто
дрьжѧти:|дрьжѧті
нъ|нъ
ѥгда|егда
ꙁъванъ|зъванъ
бѹдеши:|боудеші
шъдъ|шъдъ
сѧди|сѧді
на|на
послѣдьниїмь|послѣдьніімь
мѣстѣ:|мѣстѣ
да|да
егда|егда
придеть|прідеть
ꙁъвавꙑи|зъвавъіі
тѧ:|тѧ
речеть|речеть
ти:|ті
дрѹже:|дроуже
посѧди|посѧді
вꙑше:|въіше
тъгда|тъгда
бѹдеть|боудеть
ти|ті
слава|слава
прѣдъ|прѣдъ
вьсѣми|вьсѣмі
сѣдѧщиими|сѣдѧщіімі
съ|съ
тобоѭ:|тобоѭ
ꙗко|ꙗко
вьсь|вьсь
вꙑсѧи|въісѧі
сѧ|сѧ
обниꙁѣѥть:|обнізѣеть
и|і
ниꙁѧи|нізѧі
сѧ|сѧ
въꙁвꙑсить|възвъісіть
сѧ:|сѧ
и|і
се|се
же|же
на|на
раꙁѫмъ|разѫмъ
и|і
польꙁѹ|пользоу
довьлѣло|довьлѣло
бꙑ:|бъі
добро|добро
же|же
ѥ|е
припомѧнѫти|пріпомѧнѫті
и|і
їовлеѥ:|іовлее
рече|рече
бо:|бо
аще|аще
ли|лі
и|і
хлѣбъ|хлѣбъ
свои|своі
единъ|едінъ
ꙗхъ:|ꙗхъ
а|а
сиротѣ|сіротѣ
не|не
подахъ:|подахъ
ꙗко|ꙗко
отъ|отъ
ѹности|оуності
моѥꙗ|моеꙗ
кръмлѧахъ|кръмлѧахъ
ꙗко|ꙗко
отьць:|отьць
И|і
па҇ⷦ:|пак
г҃ь:|г҃ь
ѥгда|егда
твориши|творіші
обѣдъ:|обѣдъ
или|ілі
вечерю:|вечерю
не|не
ꙁови|зові
дрѹгъ|дроугъ
твоихъ:|твоіхъ
ни|ні
сѹсѣдъ|соусѣдъ
богатъ:|богатъ
еда|еда
коли|колі
и|і
ти|ті
тѧ|тѧ
такожде|такожде
въꙁовѹть:|възовоуть
и|і
бѹдеть|боудеть
ти|ті
въꙁдатва:|въздатва
нъ|нъ
егда|егда
твориши|творіші
пиръ:|піръ
ꙁови|зові
ѹбогꙑꙗ:|оубогъіꙗ
маломощи:|маломощі
хромꙑ:|хромъі
слѣпꙑ:|слѣпъі
и|і
блаженъ|блаженъ
бѹдеши|боудеші
ꙗко|ꙗко
не|не
имѹть|імоуть
въꙁдати|въздаті
ти:|ті
въꙁдасть|въздасть
же|же
ти|ті
сѧ|сѧ
въ|въ
въстаниѥ|въстаніе
правьдьнꙑихъ:|правьдьнъііхъ
томѹ|томоу
г҃ѹ|г҃оу
нашемѹ|нашемоу
іс҃у|іс҃у
х҃ѫ|х҃ѫ
слава|слава
въ|въ
вѣкꙑ|вѣкъі
АМИН|амін
д҃|д҃
Ꙍ|о
ꙌБѢДАНИИ|обѣданіі
Вьсѣмъ|вьсѣмъ
ѹбо|оубо
ѥсть|есть
еже|еже
нѹди|ноуді
сѧ|сѧ
и|і
въꙁдрьжати|въздрьжаті
ѭтробѹ:|ѭтробоу
паче|паче
же|же
хотѧщиимъ|хотѧщіімъ
б҃ѹ|б҃оу
работати:|работаті
добро|добро
бо|бо
ѥсть|есть
вьсе|вьсе
въ|въ
мѣрѹ|мѣроу
лагоню:|лагоню
а|а
еже|еже
невъꙁдрьжънѣ|невъздрьжънѣ
ꙗсти:|ꙗсті
подобьно|подобьно
ѥсть|есть
кораблю|кораблю
обрѣмененѹ:|обрѣмененоу
тѣло|тѣло
бо|бо
пища|піща
трѣбѹѥть|трѣбоуеть
а|а
не|не
сласти:|сласті
малотрѣбиꙗ|малотрѣбіꙗ
а|а
не|не
прѣсꙑтьꙗ:|прѣсъітьꙗ
довъла•|довъла
а|а
не|не
мъногоꙗдиꙗ:|мъногоꙗдіꙗ
овꙑ|овъі
бо|бо
и|і
дш҃и|дш҃і
и|і
тѣлѹ|тѣлоу
польꙁѹ|пользоу
творѧща:|творѧща
съдравиѥ|съдравіе
и|і
крѣпость|крѣпость
и|і
добронравиѥ|добронравіе
раждаѭть:|раждаѭть
овꙑ|овъі
же:|же
обоѥ|обое
поврѣждаѭть:|поврѣждаѭть
не|не
тъчиѭ|тъчіѭ
съдравиѥ|съдравіе
тьлѧ:|тьлѧ
нъ|нъ
и|і
недѫгъ|недѫгъ
пакостьнꙑи|пакостьнъіі
раждѧѭть:|раждѧѭть
ѹкаꙁаниѥ|оуказаніе
же|же
ꙗвѣ|ꙗвѣ
мало|мало
трѣбованиѥ|трѣбованіе
приѥмлющиїхъ:|пріемлющііхъ
подвижъникъ:|подвіжънікъ
волѧщиихъ|волѧщііхъ
мѧкъкоѥ|мѧкъкое
и|і
жировьноѥ|жіровьное
житиѥ:|жітіе
и|і
раꙁѹмьнѣиша:|разоумьнѣіша
и|і
цѣломѹдрьнѣишѧ|цѣломоудрьнѣішѧ
и|і
съдравѣиша|съдравѣіша
сѹща:|соуща
не|не
тъкъможе|тъкъможе
се:|се
нъ|нъ
и|і
хѹдить|хоудіть
страсти⸱|страсті
сдрьжаи|сдрьжаі
чрѣво:|чрѣво
побѣждаѥмꙑи|побѣждаемъіі
бо|бо
брашънꙑ:|брашънъі
растить|растіть
похоти:|похоті
ꙗкоже|ꙗкоже
бо|бо
дръва|дръва
великъ|велікъ
въꙁдвижѹ|въздвіжоу
пламꙑ:|пламъі
тако|тако
множъство|множъство
брашънъ|брашънъ
мꙑсли|мъіслі
ꙁълꙑꙗ:|зълъіꙗ
мъногобрашъниѥ:|мъногобрашъніе
грьтань|грьтань
ѹбо|оубо
веселить:|веселіть
кръмить|кръміть
же|же
чрьвь|чрьвь
неѹмѹченъ|неоумоученъ
и|і
неѹсꙑпѫщъ:|неоусъіпѫщъ
ꙗкоже|ꙗкоже
бо|бо
ѡпѫстѣвъшиꙗ|опѫстѣвъшіꙗ
ꙁемлꙗ⸱|землꙗ
трьниѥ|трьніе
раждаѥть:|раждаеть
тако|тако
и|і
ѹмъ|оумъ
вельꙗдааго:|вельꙗдааго
ꙁ­ѧбить|зѧбіть
мꙑсли|мъіслі
нелѣпꙑꙗ:|нелѣпъіꙗ
чл҃вкъ|чл҃вкъ
ласкръдивъ:|ласкръдівъ
ничътоже|нічътоже
ино:|іно
нъ|нъ
тъчиѭ|тъчіѭ
чрѣвѫ|чрѣвѫ
повиньнъ|повіньнъ
бꙑваѥть:|бъіваеть
и|і
памѧти|памѧті
ст҃ꙑихъ|ст҃ъііхъ
чътеть:|чътеть
а|а
въꙁдрьживꙑи:|въздрьжівъіі
житиѥмь|жітіемь
ихъ|іхъ
подобить|подобіть
сѧ:|сѧ
обьѣстивꙑи:|обьѣстівъіі
ничимьже|нічімьже
инѣмь|інѣмь
хвалить|хваліть
сѧ:|сѧ
нъ|нъ
широкꙑимь|шірокъіімь
и|і
пространꙑимь|пространъіімь
чрѣвомь:|чрѣвомь
храмомь|храмомь
чьстьнꙑхъ|чьстьнъіхъ
ѥмѫ|емѫ
мотꙑлъ|мотъілъ
и|і
вълагалищемь:|вълагаліщемь
нъ|нъ
и|і
дх҃ъ|дх҃ъ
живꙑи|жівъіі
въ|въ
ласкръдѣмь|ласкръдѣмь
чловѣцѣ|чловѣцѣ
скръбить:|скръбіть
и|і
не|не
трьпѧ|трьпѧ
смрьдѣниꙗ|смрьдѣніꙗ
оходить|оходіть
отъ|отъ
него:|него
ꙗкоже|ꙗкоже
бо|бо
дꙑмъ|дъімъ
прогонить|прогоніть
бъчелꙑ:|бъчелъі
тако|тако
и|і
обьѣстивꙑи|обьѣстівъіі
благодѣть|благодѣть
ст҃ааго|ст҃ааго
д҃ха:|д҃ха
лѹче|лоуче
ѹбо|оубо
ѥсть|есть
мимотещи|мімотещі
сладости|сладості
чрѣвьнꙑꙗ:|чрѣвьнъіꙗ
и|і
простоѭ|простоѭ
пищеѭ:|піщеѭ
трѣбованиѥ|трѣбованіе
съврьшити|съврьшіті
тѣлесьноѥ:|тѣлесьное
да|да
не|не
ѹподобимъ|оуподобімъ
сѧ|сѧ
на|на
пѹстꙑни|поустъіні
чрѣвѹ|чрѣвоу
работавъшимъ|работавъшімъ
людьмъ:|людьмъ
сѣдоша|сѣдоша
бо|бо
рече|рече
людиѥ|людіе
ꙗсти|ꙗсті
и|і
пити:|піті
и|і
въсташа|въсташа
игратъ•|ігратъ
Ѥгда|егда
бо|бо
беꙁ|без
мѣрꙑ|мѣръі
начѧшѧ|начѧшѧ
ꙗсти|ꙗсті
и|і
пити:|піті
ꙁаповѣдь|заповѣдь
бж҃иѭ|бж҃іѭ
ꙁабꙑша:|забъіша
и|і
на|на
идолобѣсиѥ|ідолобѣсіе
ѹринѹша|оуріноуша
сѧ:|сѧ
Добрѣ|добрѣ
ѹбо|оубо
наслѣдьнико|наслѣдьніко
ихъ|іхъ
пишеть|пішеть
апс҃тлъ|апс҃тлъ
павлъ:|павлъ
ихъ|іхъ
же|же
б҃ъ|б҃ъ
чрѣво:|чрѣво
и|і
слава|слава
въ|въ
стѹдѣ|стоудѣ
ихъ:|іхъ
мꙑслѧщеи|мъіслѧщеі
ꙁемльнаꙗ:|земльнаꙗ
и|і
па҇ⷦ:|пак
брашъна|брашъна
чрѣвѫ:|чрѣвѫ
а|а
чрѣво|чрѣво
брашъномъ:|брашъномъ
б҃ъ|б҃ъ
же|же
и|і
се|се
и|і
си:|сі
да|да
ѹпраꙁнить:|оупразніть
и|і
па҇ⷦ:|пак
аще|аще
брашъна|брашъна
ради|раді
скръбить|скръбіть
братъ|братъ
твои:|твоі
ѹже|оуже
не|не
по|по
любъви|любъві
ходиши:|ходіші
не|не
брашъномь|брашъномь
своимь|своімь
того|того
погѹблѧи:|погоублѧі
ꙁа|за
негоже|негоже
х҃ъ|х҃ъ
ѹмрѣ:|оумрѣ
И|і
наводить:|наводіть
таковии|таковіі
бо|бо
г҃ѹ|г҃оу
нашемѹ|нашемоу
не|не
работаѭть:|работаѭть
нъ|нъ
своѥмѫ|своемѫ
чрѣвѹ:|чрѣвоу
и|і
брославиѥмь|брославіемь
и|і
благословиѥмь:|благословіемь
прѣльщаѭть|прѣльщаѭть
ср҃цѧ|ср҃цѧ
беꙁълобивꙑихъ:|безълобівъііхъ
И|і
пакꙑ:|пакъі
мѹдрость|моудрость
плътьнаꙗ|плътьнаꙗ
съмрьть:|съмрьть
а|а
мѫдрость|мѫдрость
дх҃вьнаꙗ|дх҃вьнаꙗ
жиꙁнь|жізнь
и|і
миръ:|міръ
добро|добро
бо|бо
ѥсть|есть
благодѣтиѭ|благодѣтіѭ
ѹтврьждати|оутврьждаті
срьдьце|срьдьце
а|а
не|не
брашънꙑ:|брашънъі
И|і
па҇ⷦ:|пак
нѣсть|нѣсть
бо|бо
цр҃со|цр҃со
неб҃сноѥ:|неб҃сное
брашъно|брашъно
и|і
питиѥ:|пітіе
нъ|нъ
правьда|правьда
и|і
радость:|радость
и|і
миръ|міръ
о|о
д҃сѣ|д҃сѣ
с҃тѣ:|с҃тѣ
а|а
не|не
пища|піща
и|і
жъраниѥ:|жъраніе
ꙗкоже|ꙗкоже
ѥ|е
речено:|речено
ѥже|еже
сънищеть|съніщеть
сѧ|сѧ
въ|въ
прѣстѹплениѥ|прѣстоупленіе
пища|піща
чрьвьмъ:|чрьвьмъ
ѹпитѣниѥ|оупітѣніе
бо|бо
ничътоже|нічътоже
ино|іно
ѥсть:|есть
нъ|нъ
ꙗдь|ꙗдь
гадомъ:|гадомъ
Ꙗкоже|ꙗкоже
и|і
иꙗковъ|іꙗковъ
поносѧ|поносѧ
чрѣвѹ|чрѣвоу
рабомъ:|рабомъ
ѱааше|псааше
г҃лѧ:|г҃лѧ
веселисте|веселісте
сѧ|сѧ
на|на
ꙁемли|землі
и|і
насладисте|насладісте
сѧ:|сѧ
ѹпитѣсте|оупітѣсте
ср҃дцѧ|ср҃дцѧ
ваша|ваша
ꙗко|ꙗко
въ|въ
дьнь|дьнь
ꙁаколениꙗ:|заколеніꙗ
и|і
г҃ь|г҃ь
же|же
беꙁвѣрьнꙑимь|безвѣрьнъіімь
июдеомъ|іюдеомъ
рече:|рече
аминь|амінь
глаголю|глаголю
вамъ:|вамъ
ищете|іщете
мене|мене
не|не
ꙗко|ꙗко
видѣсте|відѣсте
ꙁнамениѥ:|знаменіе
нъ|нъ
ꙗко|ꙗко
ꙗсте|ꙗсте
ѡтъ|отъ
хлѣбъ|хлѣбъ
и|і
насꙑтисте|насъітісте
сѧ:|сѧ
и|і
приносить:|пріносіть
не|не
дѣлаите|дѣлаіте
брашъна|брашъна
гꙑблющааго:|гъіблющааго
нъ|нъ
прѣбꙑваѭщеѥ|прѣбъіваѭщее
въ|въ
жиꙁнь|жізнь
вѣчънѹѭ:|вѣчъноуѭ
ѥже|еже
с҃нъ|с҃нъ
члв҃ѣчь|члв҃ѣчь
дасть|дасть
вамъ:|вамъ
томѹ|томоу
слава:|слава
въ|въ
вѣкꙑ|вѣкъі
вѣкомъ|вѣкомъ
АМИН|амін
е҃|е҃
Ꙍ|о
ПЬꙖНЬСтВѢ|пьꙗньствѣ
Пиꙗньство:|піꙗньство
паче|паче
лихоꙗдиꙗ|ліхоꙗдіꙗ
тѧжъчѣѥ|тѧжъчѣе
ѥсть:|есть
и|і
ꙁѣло|зѣло
отъречено|отъречено
ѥсть:|есть
с҃тꙑими|с҃тъіімі
кънигами:|кънігамі
ибо|ібо
неподобьно|неподобьно
ѥсть|есть
симь|сімь
величати|велічаті
сѧ:|сѧ
ꙗкоже|ꙗкоже
етери|етері
сѹѥмѫдрии:|соуемѫдріі
ѹпиваниѥмь|оупіваніемь
хвалѧть|хвалѧть
сѧ:|сѧ
виньноѥ|віньное
бо|бо
лихопитиѥ:|ліхопітіе
ничъсоже|нічъсоже
иного|іного
подаваѥть:|подаваеть
нъ|нъ
истѹплениѥ|істоупленіе
ѹма|оума
и|і
нищетѹ:|ніщетоу
и|і
тѣло|тѣло
немощъно|немощъно
и|і
слабо|слабо
съдѣваѥть:|съдѣваеть
добро|добро
ѹбо|оубо
и|і
приꙗтьно|пріꙗтьно
ѥсть:|есть
немощи|немощі
ради|раді
плътьнꙑꙗ:|плътьнъіꙗ
мало|мало
вина|віна
пивати:|піваті
ꙗкоже|ꙗкоже
бо|бо
ꙁемлꙗ|землꙗ
съгода|съгода
напаꙗѥма:|напаꙗема
чисто|чісто
въсѣаноѥ|въсѣаное
въ|въ
ню|ню
сѣмѧ:|сѣмѧ
съ|съ
прибꙑткомь|прібъіткомь
въꙁдращаѥть:|въздращаеть
многами|многамі
же|же
тѹчѧми|тоучѧмі
ѹмлачѧѥма:|оумлачѧема
трьниѥ|трьніе
растить|растіть
и|і
бꙑлиѥ|бъіліе
тъчиѭ:|тъчіѭ
тако|тако
и|і
ꙁемлѧ|землѧ
срьдьчънаꙗ:|срьдьчънаꙗ
аще|аще
по|по
малѹ|малоу
вино|віно
пиѥмъ:|піемъ
чиста|чіста
ѥстьствьнаꙗ|естьствьнаꙗ
ѥꙗ|еꙗ
въꙁдаваѥть|въздаваеть
сѣмена:|сѣмена
аще|аще
ли|лі
раꙁмокла|размокла
многꙑими|многъіімі
питии|пітіі
бѹдеть:|боудеть
то|то
трьниѥ|трьніе
истиноѭ|істіноѭ
родить:|родіть
вьсѧ|вьсѧ
своꙗ|своꙗ
ꙁълꙑꙗ|зълъіꙗ
мꙑсли:|мъіслі
не|не
тъчиѭ|тъчіѭ
же|же
се:|се
нъ|нъ
и|і
творить|творіть
ѹпиваѭщааго|оупіваѭщааго
сѧ:|сѧ
отъ|отъ
беꙁѹмьнꙑхъ|безоумьнъіхъ
порѹганиѭ:|пороуганіѭ
отъ|отъ
мѹдрꙑхъ|моудръіхъ
же|же
плаканиѭ:|плаканіѭ
Ноѥ|ное
бо|бо
рече:|рече
б҃жиѥ|б҃жіе
ѱаниѥ:|псаніе
мѫжъ|мѫжъ
правьдьнъ|правьдьнъ
пи|пі
вино:|віно
и|і
ѹпи|оупі
сѧ:|сѧ
и|і
лежааше|лежааше
нагъ:|нагъ
и|і
не|не
ꙗко|ꙗко
пиꙗничивъ|піꙗнічівъ
бѣ|бѣ
правьдьникъ:|правьдьнікъ
нъ|нъ
не|не
обꙑклъ|объіклъ
виньнааго|віньнааго
питиꙗ:|пітіꙗ
и|і
отъ|отъ
беꙁѹмьнаго|безоумьнаго
же|же
хама|хама
посмиꙗнъ|посміꙗнъ
бꙑсть:|бъість
отъ|отъ
мѹдрѫѭ|моудрѫѭ
же|же
сн҃овѹ|сн҃овоу
покръвенъ:|покръвенъ
Бѣжимъ|бѣжімъ
ѹбо|оубо
братиѥ:|братіе
пьꙗньствьнааго|пьꙗньствьнааго
бѣса:|бѣса
да|да
не|не
порѹгани|пороугані
имь|імь
бѫдемъ:|бѫдемъ
нъ|нъ
паче|паче
трѣꙁвлениѥмъ|трѣзвленіемъ
сѧ|сѧ
ѹтврьдимъ:|оутврьдімъ
да|да
бѫдеть|бѫдеть
цѣлъ|цѣлъ
ѹтрьнии|оутрьніі
члв҃къ|члв҃къ
съ|съ
владꙑчънимь:|владъічънімь
Ꙗкоже|ꙗкоже
и|і
притъчъникъ|прітъчънікъ
ꙁаповѣдаѥть|заповѣдаеть
г҃лѧ:|г҃лѧ
не|не
бѫди|бѫді
винопиицѧ:|вінопііцѧ
вьсѧ|вьсѧ
бо|бо
пиꙗницѧ|піꙗніцѧ
обнищаѥть:|обніщаеть
И|і
па҇ⷦ:|пак
комѹ|комоу
лютѣ|лютѣ
и|і
комѫ|комѫ
млъва:|млъва
комѹ|комоу
сѹди:|соуді
и|і
комѫ|комѫ
скарѣдиꙗ|скарѣдіꙗ
и|і
пьрѧ:|пьрѧ
комѫ|комѫ
съкрѹшениꙗ|съкроушеніꙗ
въ|въ
тъще:|тъще
комѹ|комоу
сини|сіні
очи:|очі
не|не
прѣбꙑваѭщиимъ|прѣбъіваѭщіімъ
ли|лі
въ|въ
винѣ:|вінѣ
не|не
наꙁираѭщиимъ|назіраѭщіімъ
ли|лі
къде|къде
пирове|пірове
бꙑваѭть:|бъіваѭть
И|і
прирече:|прірече
не|не
ѹпиваите|оупіваіте
сѧ|сѧ
виномь:|віномь
нъ|нъ
бесѣдѹите|бесѣдоуіте
члв҃комъ|члв҃комъ
правьдьномъ:|правьдьномъ
и|і
инъ|інъ
рече:|рече
въ|въ
винѣ|вінѣ
не|не
мѹжаи|моужаі
сѧ:|сѧ
многꙑ|многъі
бо|бо
погѹби|погоубі
вино:|віно
И|і
па҇ⷦ:|пак
иже|іже
ѥсть|есть
слащъ|слащъ
въ|въ
съньмищихъ|съньміщіхъ
винѹ:|віноу
въ|въ
своихъ|своіхъ
тврьдьхъ|тврьдьхъ
оставить|оставіть
досаждениѥ:|досажденіе
И|і
па҇ⷦ:|пак
не|не
бѹди|боуді
винопиицѧ:|вінопііцѧ
не|не
польꙁѹѥть|пользоуеть
бо|бо
беꙁѹмьнѹмѹ|безоумьноумоу
пища:|піща
И|і
па҇ⷦ:|пак
неистовьно|неістовьно
и|і
дадительно|дадітельно
пиꙗньство:|піꙗньство
вьсь|вьсь
же|же
примѣшаꙗи|прімѣшаꙗі
сѧ|сѧ
сихъ:|сіхъ
не|не
бѹдеть|боудеть
мѫдръ:|мѫдръ
И|і
про҇ⷦ|прок
ѡсие:|осіе
о|о
древльниїхъ|древльнііхъ
людехъ:|людехъ
вина|віна
и|і
пиꙗньства|піꙗньства
пожидеть|пожідеть
ср҃це|ср҃це
людии|людіі
моихъ:|моіхъ
Исаиа|ісаіа
же|же
окаꙗѩ•|окаꙗѧ
въ|въ
винѣ|вінѣ
прѣбꙑваѭщаꙗ|прѣбъіваѭщаꙗ
гл҃ааше:|гл҃ааше
лютѣ|лютѣ
квасъ|квасъ
гонѧщиимъ:|гонѧщіімъ
жидѹщиимъ|жідоущіімъ
вечера:|вечера
вино|віно
бо|бо
ꙗ|ꙗ
съжъжеть:|съжъжеть
И|і
па҇ⷦ:|пак
прѣльщени|прѣльщені
сѫть:|сѫть
И|і
иоиль|іоіль
такожде|такожде
въпиѥть:|въпіеть
истрѣꙁвѣите|істрѣзвѣіте
ѹпиваѭщии|оупіваѭщіі
сѧ|сѧ
отъ|отъ
вина|віна
ихъ:|іхъ
плачите|плачіте
и|і
рꙑдаите|ръідаіте
сѧ|сѧ
вьси:|вьсі
пиѭщии|піѭщіі
вино|віно
въ|въ
пиꙗньство:|піꙗньство
плакати|плакаті
сѧ|сѧ
и|і
рꙑдати|ръідаті
повелѣно|повелѣно
ѥсть|есть
винопитиꙗ|вінопітіꙗ
любителемъ:|любітелемъ
въ|въ
истинѹ|істіноу
бо|бо
лихотьнꙑихъ|ліхотьнъііхъ
чл҃къ|чл҃къ
ѥсть|есть
пиꙗньство:|піꙗньство
и|і
обльщенꙑихъ|обльщенъііхъ
Ꙗкоже|ꙗкоже
и|і
їѡвъ|іовъ
на|на
етерꙑ|етеръі
молѧ|молѧ
сѧ|сѧ
рече|рече
да|да
ꙁаблѹдѧть:|заблоудѧть
ꙗко|ꙗко
пиꙗнꙑи:|піꙗнъіі
и|і
хотѧщии|хотѧщіі
чистѣ|чістѣ
пожити|пожіті
сего|сего
ошаваѭть|ошаваѭть
сѧ:|сѧ
и|і
по|по
правѹмѹ|правоумоу
пѫти|пѫті
беꙁблаꙁньнѣ|безблазньнѣ
ходѧть:|ходѧть
Слꙑшаще|слъішаще
ап҃ла|ап҃ла
гл҃ѫща:|гл҃ѫща
не|не
ѹпиваите|оупіваіте
сѧ|сѧ
виномь:|віномь
въ|въ
немьже|немьже
ѥсть|есть
не|не
сп҃сениѥ:|сп҃сеніе
И|і
па҇ⷦ:|пак
пиꙗница|піꙗніца
цср҃ства|цср҃ства
бж҃иꙗ|бж҃іꙗ
не|не
наслѣдѧть:|наслѣдѧть
И|і
питаѭщиꙗ|пітаѭщіꙗ
сѧ|сѧ
въдовицѧ|въдовіцѧ
жива|жіва
ѹмрѣ:|оумрѣ
И|і
прирече:|прірече
сего|сего
ради|раді
не|не
бѹдѣте|боудѣте
беꙁѹмьни:|безоумьні
нъ|нъ
раꙁѹмѣите|разоумѣіте
чъто|чъто
ѥсть|есть
волѧ|волѧ
бж҃иꙗ:|бж҃іꙗ
вьси|вьсі
бо|бо
стѹдовьнии|стоудовьніі
врѣди:|врѣді
отъ|отъ
пиꙗньства|піꙗньства
въꙁницѧѭть:|възніцѧѭть
Ꙗкоже|ꙗкоже
и|і
дв҃дъ|дв҃дъ
рече:|рече
нощъ|нощъ
просвѣщениѥ|просвѣщеніе
въ|въ
пищи|піщі
моѥи:|моеі
сирѣчъ•|сірѣчъ
нощъ|нощъ
бѣ|бѣ
о|о
мънѣ|мънѣ
окаанѣмь:|окаанѣмь
и|і
не|не
раꙁѹмѣахъ:|разоумѣахъ
пищѫ•|піщѫ
нощъ|нощъ
именѹꙗ:|іменоуꙗ
ибо|ібо
мракъ|мракъ
и|і
тьма|тьма
ѥсть|есть
винопитиѥ:|вінопітіе
ѹпиваѭщии|оупіваѭщіі
бо|бо
сѧ⸱|сѧ
нощиѭ|нощіѭ
ѹпиваѭть|оупіваѭть
сѧ|сѧ
по|по
ап҃лѹ:|ап҃лоу
написаниѥ|напісаніе
бо|бо
ѥже|еже
о|о
лотовѹ|лотовоу
дъщерѹ:|дъщероу
волеѭ|волеѭ
прѣминѹ:|прѣміноу
г҃ь|г҃ь
же|же
прииꙁвѣщаꙗ|пріізвѣщаꙗ
прѣждереченаꙗ:|прѣждереченаꙗ
вьсѣмъ|вьсѣмъ
ꙁаповѣдаѥть|заповѣдаеть
г҃лѧ:|г҃лѧ
блюдѣте|блюдѣте
сѧ|сѧ
еда|еда
отѧгъчѧѭть|отѧгъчѧѭть
ср҃ца|ср҃ца
ваша|ваша
обѣданиѥмь:|обѣданіемь
И|і
пиꙗньствомь:|піꙗньствомь
и|і
печѧльми|печѧльмі
житиисками:|жітііскамі
томѹ|томоу
слава|слава
въ|въ
вѣкꙑ|вѣкъі
вѣкомъ|вѣкомъ
АМИН|амін
Ꙅ҃|з҃
О|о
ВЪꙀДРЬЖАНИИ|въздрьжаніі
Въꙁдрьжаниѥ|въздрьжаніе
вьсѣмъ|вьсѣмъ
ѹбо|оубо
потрѣбьно|потрѣбьно
ѥсть:|есть
паче|паче
же|же
хотѧщиимъ|хотѧщіімъ
б҃ѹ|б҃оу
ѹгодити:|оугодіті
въꙁдрьжаниѥ|въздрьжаніе
же|же
рѣхомъ:|рѣхомъ
не|не
отъ|отъ
брашънъ|брашънъ
тъчиѭ:|тъчіѭ
нъ|нъ
обьдрьжъноѥ:|обьдрьжъное
сирѣчъ:|сірѣчъ
ошааниѥ|ошааніе
вьсѣхъ|вьсѣхъ
отъреченꙑихъ:|отъреченъііхъ
подобаѥть|подобаеть
же|же
въꙁдрьжащѹмѫ|въздрьжащоумѫ
сѧ:|сѧ
вьсего|вьсего
въꙁдрьжати|въздрьжаті
сѧ|сѧ
по|по
ап҃лѹ:|ап҃лоу
ꙗкоже|ꙗкоже
бо|бо
чловѣкѹ|чловѣкоу
ѡтъꙗтъ|отъꙗтъ
котерꙑи|котеръіі
любо|любо
ѹдъ:|оудъ
вьсь|вьсь
чл҃вчь|чл҃вчь
ѹже|оуже
обраꙁъ|образъ
беꙁ|без
лѣпотꙑ|лѣпотъі
сътворить:|сътворіть
такоже|такоже
и|і
їже|іже
и|і
о|о
единои|едіноі
дѣтели|дѣтелі
небрегъ:|небрегъ
вьсу|вьсу
въꙁдрьжаниꙗ|въздрьжаніꙗ
просмрадить|просмрадіть
лѣпотѹ:|лѣпотоу
трѣбѣ|трѣбѣ
ѹбо|оубо
ѥсть:|есть
не|не
тъчиѭ|тъчіѭ
тѣлесьнꙑихъ|тѣлесьнъііхъ
добродѣтелиї|добродѣтеліі
болѣꙁньно|болѣзньно
любити:|любіті
нъ|нъ
и|і
ѭтрьнѧаго|ѭтрьнѧаго
чловѣка|чловѣка
чистити|чістіті
могѹщиихъ:|могоущііхъ
въꙁдрьжаниꙗ|въздрьжаніꙗ
бо|бо
дѣло|дѣло
ѥсть:|есть
еже|еже
кромѣ|кромѣ
бꙑти|бъіті
вьсеꙗ|вьсеꙗ
скотьнꙑꙗ|скотьнъіꙗ
сласти:|сласті
и|і
ничъсоже|нічъсоже
чрѣсъ|чрѣсъ
волю|волю
ꙁаповѣдиї|заповѣдіі
бж҃ии|бж҃іі
творити:|творіті
въꙁдрьжаниѥ|въздрьжаніе
ѥсть:|есть
ѹꙁда|оузда
въстѧꙁаѭщи:|въстѧзаѭщі
на|на
брашъно:|брашъно
и|і
на|на
имѣниѥ:|імѣніе
и|і
славѹ:|славоу
пожелѣньнааго|пожелѣньнааго
ѹстрьмлениꙗ:|оустрьмленіꙗ
нѣсть|нѣсть
бо|бо
чъсо|чъсо
благꙑихъ|благъііхъ
сътѧжѧти|сътѧжѧті
бес|бес
трьпѣниꙗ:|трьпѣніꙗ
и|і
родительнааго|родітельнааго
вьꙁдрьжаниꙗ:|вьздрьжаніꙗ
въ|въ
трьпѣнии|трьпѣніі
бо|бо
вашемь|вашемь
сьтꙗжите|сьтꙗжіте
дш҃а|дш҃а
вашꙗ:|ваша
хотѧи|хотѧі
бо|бо
исправити|ісправіті
вьꙁдръжание:|вьздръжаніе
часто|часто
млт҃вꙋ|млт҃воу
да|да
творите:|творіте
беспрѣстани|беспрѣстані
бо|бо
мл҃твѹ|мл҃твоу
дѣите|дѣіте
рече:|рече
мл҃тва|мл҃тва
и|і
вьꙁдрьжание|вьздрьжаніе
праꙁнить|празніть
ѹма:|оума
ѿ|от
мирьскꙑихь|мірьскъііхь
сластии:|сластіі
и|і
ѿ|от
всѧкого|всѧкого
дѣланиꙗ|дѣланіꙗ
вьслаплꙗеть:|вьслаплꙗеть
пльть|пльть
и|і
крьвь|крьвь
рече:|рече
ап҃ль|ап҃ль
пльтьскыꙗ|пльтьскъіꙗ
страсти:|страсті
и|і
ниꙁьвлачашта|нізьвлачаща
ѹма|оума
вь|вь
хотѣние|хотѣніе
свое|свое
ꙁане|зане
рече|рече
пльть|пльть
и|і
крьвь:|крьвь
црс҃твиꙗ|црс҃твіꙗ
бж҃иꙗ|бж҃іꙗ
не|не
имать|імать
наслѣдовати:|наслѣдоваті
си|сі
пльть:|пльть
пишта|піща
есть|есть
чрьв͗мь:|чрьвмь
вьнегда|вьнегда
приближать|прібліжать
сꙗ|сꙗ
на|на
мꙗ•|мꙗ
ꙁьлобꙋѫштеи•|зьлобоуѫщеі
сьнѣсти|сьнѣсті
пльтии|пльтіі
моихь•|моіхь
иже|іже
ѹбо|оубо
вьꙁдрьжанием͗|вьздрьжаніем
истаить|істаіть
пльть|пльть
своѫ•|своѫ
гладомь|гладомь
ꙁаморить|заморіть
бѣсꙑ:|бѣсъі
и|і
немоштьнѣишаꙗ|немощьнѣішаꙗ
на|на
своѫ|своѫ
брань|брань
сьдѣваеть•|сьдѣваеть
трѣбѣ|трѣбѣ
ѹбо|оубо
есть|есть
ꙗкоже|ꙗкоже
речено:|речено
всѣми|всѣмі
чѹвьствии|чоувьствіі
вьꙁдрьжати|вьздрьжаті
сꙗ|сꙗ
ꙁьрѣниемь•|зьрѣніемь
слѹхомь•|слоухомь
обонꙗниемь•|обонꙗніемь
ꙗꙁыкомь|ꙗзъікомь
же|же
и•|і
чрѣвомь:|чрѣвомь
и|і
косениемь:|косеніемь
стѹпаниемь•|стоупаніемь
нелѣпомь•|нелѣпомь
и|і
прочиими:|прочіімі
подобаеть|подобаеть
бо|бо
вьꙁдрьжьникѹ:|вьздрьжьнікоу
всѧкоꙗ|всѧкоꙗ
стѹдовьныꙗ|стоудовьнъіꙗ
сласти:|сласті
и|і
желаниꙗ|желаніꙗ
вышьшѹ|въішьшоу
быти•|бъіті
вьꙁдрьжание|вьздрьжаніе
бо|бо
рачителе|рачітеле
ꙗвѣ|ꙗвѣ
тѣломь|тѣломь
сьдрави|сьдраві
сѹт:|соут
а|а
ѹмомь|оумомь
цѣли|цѣлі
дш҃а|дш҃а
веселꙗште:|веселꙗще
радостиѫ|радостіѫ
ꙗже|ꙗже
кь|кь
б҃ѹ:|б҃оу
ѹма|оума
ѿ|от
ꙁемьныхь:|земьнъіхь
ѿстѹпльшꙗ•|отстоупльша
а|а
вышьниихь|въішьнііхь
желаѫшта•|желаѫща
вьсꙗкого|вьсꙗкого
сластохотѣниꙗ•|сластохотѣніꙗ
тѹждї|тоужді
сѹште:|соуще
прокое|прокое
ненавистьници•|ненавістьніці
страстемь:|страстемь
а|а
бг҃олюбьци|бг҃олюбьці
обрѣтаѫть|обрѣтаѫть
сꙗ:|сꙗ
млт҃ва|млт҃ва
же|же
ихь|іхь
чиста|чіста
къ|къ
гв҃и|гв҃і
и|і
сь|сь
анг҃лы|анг҃лъі
славꙗть|славꙗть
б҃а:|б҃а
рекошꙗ|рекоша
же|же
и|і
книгы:|кнігъі
вь|вь
слѣдь|слѣдь
похотии|похотіі
своихь|своіхь
не|не
ходи•|ході
и|і
ѿ|от
желаемыихь|желаемъііхь
си|сі
вьꙁбранꙗи•|вьзбранꙗі
и|і
не|не
весели|веселі
сꙗ|сꙗ
м͗ноꙁѣ|мнозѣ
брашьнѣ:|брашьнѣ
и|і
не|не
прѣсыштаи|прѣсъіщаі
сꙗ|сꙗ
вь|вь
вьсꙗкои|вьсꙗкоі
пишти•|піщі
и|і
не|не
раꙁливаи|разліваі
сꙗ•|сꙗ
на|на
раꙁличьна|разлічьна
брашьна•|брашьна
вь|вь
мноꙁѣ|мнозѣ
бо|бо
брашънѣ|брашънѣ
недѹгь|недоугь
бѹдеть:|боудеть
вьнимаꙗи|вьнімаꙗі
же|же
приложить|пріложіть
животѣ:|жівотѣ
блаженыи|блаженъіі
же|же
д҃дь|д҃дь
покаꙁаꙗ|показаꙗ
сьврьшеное|сьврьшеное
вьꙁдрьжание|вьздрьжаніе
рече:|рече
присвꙗнѹхь|прісвꙗноухь
ꙗко|ꙗко
сѣно•|сѣно
исьше|ісьше
и|і
ср҃дце|ср҃дце
мое|мое
ꙗко|ꙗко
ꙁьбыхь|зьбъіхь
сьнѣсти|сьнѣсті
хлѣба|хлѣба
моего:|моего
ѿ|от
гласа|гласа
вьꙁдыханиꙗ|вьздъіханіꙗ
моего:|моего
прильпе|прільпе
пльть|пльть
моꙗ|моꙗ
кости|кості
моеи:|моеі
и|і
пакы|пакъі
ꙁане|зане
попель|попель
ꙗко|ꙗко
хлѣбь|хлѣбь
ꙗхь:|ꙗхь
питие|пітіе
мое|мое
сь|сь
плачем͗|плачем
растварꙗхь:|растварꙗхь
павьль|павьль
же|же
рече:|рече
ѹмрьтвите|оумрьтвіте
ѹды|оудъі
вашꙗ|ваша
ꙁем͗ныꙗ•|земнъіꙗ
и|і
пакы|пакъі
очистимь|очістімь
себе|себе
братиꙗ|братіꙗ
ѿ|от
в͗сꙗкоꙗ|всꙗкоꙗ
скврьны|скврьнъі
пльти•|пльті
и|і
дх҃а•|дх҃а
сьдѣваѫште|сьдѣваѫще
ст҃ынѫ|ст҃ъінѫ
вь|вь
страсѣ|страсѣ
бж҃ии:|бж҃іі
да|да
бѹдемь|боудемь
цр҃кꙑ|цр҃къі
б҃а|б҃а
жива•|жіва
и|і
петрь|петрь
подадите|подадіте
вь|вь
вѣрѣ|вѣрѣ
вашеи|вашеі
добрѹ|доброу
дѣтель•|дѣтель
а|а
въ|въ
дѣтели|дѣтелі
раꙁѹмь•|разоумь
а|а
вь|вь
раꙁѹмѣ•|разоумѣ
вьꙁдрьжание•|вьздрьжаніе
и|і
трьпѣние•|трьпѣніе
трѣбѣ|трѣбѣ
ѹбо|оубо
есть•|есть
присно|прісно
трѣꙁвити|трѣзвіті
сꙗ|сꙗ
и|і
бьдѣти•|бьдѣті
и|і
вышьниихь|въішьнііхь
искати|іскаті
и|і
мѹдровати•|моудроваті
по|по
ꙁаповѣди|заповѣді
г҃ни|г҃ні
гл҃ѫшти•|гл҃ѫщі
да|да
бѹдѹть|боудоуть
чрѣсла|чрѣсла
ваша|ваша
прѣпоꙗсана•|прѣпоꙗсана
и|і
свѣтильници|свѣтільніці
горѹште|гороуще
и|і
вы|въі
подобьни|подобьні
члк҇ⷪмь•|члкомь
чаѫштемь|чаѫщемь
г҃а|г҃а
своего•|своего
когда|когда
вьꙁвратить|вьзвратіть
сꙗ|сꙗ
ѿ|от
бракь•|бракь
да|да
пришьдьшѹ|прішьдьшоу
и|і
тлькновьшѹ:|тлькновьшоу
абие|абіе
ѿврьꙁѹть|отврьзоуть
сꙗ|сꙗ
емѹ•|емоу
и|і
приводить•|пріводіть
блажени|блажені
раби|рабі
ти|ті
ꙗже|ꙗже
г҃ь|г҃ь
пришьдь|прішьдь
обрѧштеть|обрѧщеть
тако|тако
творꙗшта:|творꙗща
амин|амін
гл҃ѫ|гл҃ѫ
вамь•|вамь
ꙗко|ꙗко
прѣпоꙗшеть|прѣпоꙗшеть
сꙗ•|сꙗ
и|і
посадить|посадіть
ꙗ•|ꙗ
и|і
минѫвь|мінѫвь
послѹжить|послоужіть
им|ім
томѹ|томоу
слава|слава
вь|вь
вѣкы|вѣкъі
вѣкомь|вѣкомь
АМИН|амін
ꙁ҃|з҃
О|о
ПОСТѢ|постѣ
Чрьнориꙁьць|чрьнорізьць
хотꙗ|хотꙗ
чистомь|чістомь
постомь:|постомь
себе|себе
б҃ꙁѣ|б҃зѣ
присвоити•|прісвоіті
сѹштее|соущее
истовое|істовое
поштение:|пощеніе
дльжьнь|дльжьнь
есть•|есть
иꙁволити•|ізволіті
а|а
не|не
пораблꙗти|пораблꙗті
сꙗ|сꙗ
страстемь•|страстемь
и|і
велїе|веліе
беꙁмьвие|безмьвіе
дѣати|дѣаті
выинѫ|въіінѫ
и|і
таковыи|таковъіі
ан҃гломь|ан҃гломь
ретить•|ретіть
и|і
сь|сь
правьдьникы|правьдьнікъі
ликѹеть•|лікоуеть
свобаждаемь|свобаждаемь
бо|бо
ꙁемьныихъ|земьнъііхъ
на|на
небесьскаꙗ|небесьскаꙗ
тьштит|тьщіт
сѧ•|сѧ
сьде|сьде
дрꙗселѹꙗ•|дрꙗселоуꙗ
онамо|онамо
свѣтьлить|свѣтьліть
сꙗ|сꙗ
сьде|сьде
нѹдꙗ|ноудꙗ
себе•|себе
тамо|тамо
почиваеть•|почіваеть
подобьнь|подобьнь
бо|бо
есть|есть
постьникь|постьнікь
фѹниковѹ|фоуніковоу
цвѣтѹ:|цвѣтоу
гл҃емꙋмѹ|гл҃емоумоу
алаѳиѫ:|алаѳіѫ
ꙗко|ꙗко
вьнѣѫдѹ|вьнѣѫдоу
ѹбо|оубо
есть|есть
дрꙗхлоблѣштьн•|дрꙗхлоблѣщьн
ѫтрьюдѣже|ѫтрьюдѣже
снѣжань•|снѣжань
и|і
многоплодьн͗•|многоплодьн
такожде|такожде
и|і
постьникь•|постьнікь
вьнѣѫдѹ|вьнѣѫдоу
сѣтѹеть•|сѣтоуеть
а|а
ѫтрьѭдѹ|ѫтрьѭдоу
свѣтьль|свѣтьль
сы|съі
кь|кь
б҃ѹ:|б҃оу
дрьꙁновениемь|дрьзновеніемь
бесѣдѹеть•|бесѣдоуеть
ел͗ми|елмі
бо|бо
рече•|рече
вьнѣшьнии|вьнѣшьніі
нашь|нашь
чл҃кь|чл҃кь
растьлѣваеть:|растьлѣваеть
тольми|тольмі
ѫтрьни|ѫтрьні
понавлꙗеть|понавлꙗеть
сꙗ:|сꙗ
дьнь|дьнь
аче|аче
д҃нь•|д҃нь
пость|пость
ѹбо|оубо
есть•|есть
еже|еже
не|не
тьчьѫ|тьчьѫ
поꙁдѣ|поздѣ
ꙗдати•|ꙗдаті
нь|нь
еже|еже
мало|мало
ꙗсти•|ꙗсті
и|і
не|не
еже|еже
черес͗|черес
д͗нь|днь
ꙗсти•|ꙗсті
се|се
поштение|пощеніе
есть•|есть
нь|нь
еже|еже
нераꙁличьна|неразлічьна
брашьна|брашьна
ꙗсти•|ꙗсті
поштение|пощеніе
бо|бо
истинно|істінно
есть•|есть
трꙗпеꙁа|трꙗпеза
единѣмь|едінѣмь
брашьномь|брашьномь
ѹстроена•|оустроена
пость|пость
же|же
беꙁѹмьнъ|безоумьнъ
есть•|есть
иже|іже
ѹставьнааго|оуставьнааго
врѣмене|врѣмене
жидеть|жідеть
вь|вь
годь•|годь
еже|еже
ꙗстии|ꙗстіі
и•|і
беꙁ|без
вьстꙗгноваениꙗ•|вьстꙗгноваеніꙗ
кь|кь
трꙗпеꙁѣ|трꙗпезѣ
влѣчеть•|влѣчеть
и|і
сь|сь
пльтиѫ|пльтіѫ
ѹма|оума
кь|кь
сласти|сласті
прѣдьлежаштии|прѣдьлежащіі
вꙗжꙗ•|вꙗжа
нуждьно|нуждьно
есть|есть
и|і
се|се
блюсти•|блюсті
вь|вь
вьꙁдрьжани|вьздрьжані
брашьннѣем͗|брашьннѣем
да|да
не|не
вь|вь
скарѣдие|скарѣдіе
ихь|іхь
кого|кого
придеть•|прідеть
кьто|кьто
кьгда•|кьгда
се|се
бо|бо
и|і
проклꙗто|проклꙗто
есть•|есть
и|і
бѣсовьско|бѣсовьско
ѿнѫдь•|отнѫдь
не|не
ꙗко|ꙗко
ꙁьло|зьло
бо•|бо
ѿемлемь|отемлемь
сꙗ|сꙗ
ихь•|іхь
да|да
не|не
бѹдеть•|боудеть
нь|нь
да|да
сластьныихь|сластьнъііхь
крьмь|крьмь
себе|себе
ѿврьгьше•|отврьгьше
полꙗштꙗꙗ|полꙗщаꙗ
ѹды|оудъі
пльти|пльті
вь|вь
мѣрѹ•|мѣроу
ѹдрѹчаемь•|оудроучаемь
да|да
аште|аще
же|же
сьдравь|сьдравь
есть•|есть
мѹчить|моучіть
сꙗ•|сꙗ
лѣпотьнѣ|лѣпотьнѣ
егдаже|егдаже
и|і
немоштьнѹеть|немощьноуеть
крьмить|крьміть
сꙗ|сꙗ
мѣрьнѣ|мѣрьнѣ
не|не
подобаеть|подобаеть
бо|бо
ослаблꙗти|ослаблꙗті
тѣла|тѣла
подвиꙁаѫштиимь|подвізаѫщіімь
сꙗ:|сꙗ
нь|нь
елико|еліко
довьлѣти|довьлѣті
на|на
подвигь|подвігь
мошти:|мощі
прьвое|прьвое
ꙁаконь|законь
ꙁаповѣдаеть|заповѣдаеть
гл҃ꙗ•|гл҃ꙗ
иже|іже
аште|аще
помолить|помоліть
сꙗ|сꙗ
молитвою|молітвою
и|і
сикеры|сікеръі
да|да
очистить|очістіть
сꙗ•|сꙗ
и|і
елико|еліко
сътварꙗеть|сътварꙗеть
сꙗ|сꙗ
ѿ|от
лоꙁиꙗ:|лозіꙗ
да|да
не|не
сьнѣсть|сьнѣсть
всꙗ|всꙗ
дьни|дьні
мл҃твы|мл҃твъі
своеѧ•|своеѧ
ꙗко|ꙗко
с҃ть|с҃ть
бѹдеть|боудеть
г҃ѫ:|г҃ѫ
и|і
даниль|даніль
рече:|рече
аꙁь|азь
бѣхь|бѣхь
плача|плача
сꙗ|сꙗ
три|трі
седморица|седморіца
д҃нь:|д҃нь
хлѣба|хлѣба
желаниа|желаніа
не|не
ꙗхъ•|ꙗхъ
и|і
вино|віно
не|не
вьниде|вьніде
вь|вь
ѹста|оуста
моꙗ:|моꙗ
маꙁнѫ|мазнѫ
не|не
помаꙁахь|помазахь
сꙗ•|сꙗ
тѣмьже|тѣмьже
тако|тако
сꙗ|сꙗ
истаивь|істаівь
неꙗденьимь•|неꙗденьімь
и|і
отьнѫдь|отьнѫдь
не|не
желаꙗ|желаꙗ
ꙗдомыхь:|ꙗдомъіхь
бы҇ⷭ|бъіс
мѹжь|моужь
желании|желаніі
дх҃овьныихь:|дх҃овьнъііхь
и|і
сьподоби|сьподобі
сꙗ:|сꙗ
таинь|таінь
потаеныихь|потаенъііхь
видьць|відьць
быти•|бъіті
и|і
сьбесѣдьникь|сьбесѣдьнікь
анг҃лѹ|анг҃лоу
гаврилѹ:|гаврілоу
такожде|такожде
и|і
ꙗдь|ꙗдь
трии|тріі
отрокь•|отрокь
ѿ|от
сѣмѧнь|сѣмѧнь
ꙁемьныихь|земьнъііхь
бѣаше:|бѣаше
и|і
вьꙁдрьжание|вьздрьжаніе
ихь:|іхь
и|і
любы|любъі
ꙗже|ꙗже
кь|кь
б҃ѹ|б҃оу
огнь|огнь
пештьныи|пещьнъіі
на|на
росѹ|росоу
прѣложи:|прѣложі
и|і
моси:|мосі
четырьми|четъірьмі
десꙗты|десꙗтъі
дн҃ьми:|дн҃ьмі
поста|поста
ꙁако|зако
приꙗть:|пріꙗть
такоже|такоже
и|і
илиꙗ|іліꙗ
толицѣми|толіцѣмі
дн҃ьми|дн҃ьмі
поста•|поста
самовидьць|самовідьць
славы|славъі
г҃нꙗ|г҃нꙗ
бы҇ⷭ:|бъіс
и|і
анна•|анна
самоилѧ|самоілѧ
постомь|постомь
и|і
молитвоѫ•|молітвоѫ
приꙗтъ|пріꙗтъ
и|і
ап҃ль|ап҃ль
трѹды•|троудъі
и|і
бьдѣнии•|бьдѣніі
и|і
посты|постъі
тѣло|тѣло
порабоштааше|порабощааше
Рече|рече
же|же
и|і
прⷪкь|прокь
иоиль|іоіль
ос҃тите|ос҃тіте
поштение:|пощеніе
проповѣдите|проповѣдіте
слѹжение•|слоуженіе
и|і
вьꙁьпиите:|вьзьпііте
ѹвы|оувъі
мнѣ|мнѣ
ѹвы|оувъі
мнѣ:|мнѣ
ꙗко|ꙗко
блиꙁь|блізь
дьнь|дьнь
гн҃ь•|гн҃ь
и|і
по|по
малѣ•|малѣ
нынꙗ|нъінꙗ
гл҃еть|гл҃еть
г҃ь|г҃ь
б҃ь|б҃ь
нашь:|нашь
обратите|обратіте
сꙗ|сꙗ
кь|кь
мнѣ|мнѣ
вьсѣмь|вьсѣмь
срдцемь|срдцемь
вашимь:|вашімь
поштениемь|пощеніемь
и|і
рыданиемь•|ръіданіемь
и|і
паче|паче
вьпиемь•|вьпіемь
и|і
растрьгнѣте|растрьгнѣте
срд҃ца|срд҃ца
вашꙗ:|ваша
и|і
обратите|обратіте
сꙗ|сꙗ
кь|кь
г҃ѹ|г҃оу
б҃ѹ|б҃оу
вашемѹ|вашемоу
ꙗко|ꙗко
милостивь•|мілостівь
и|і
штедрь|щедрь
есть:|есть
трьпѣливь•|трьпѣлівь
и|і
мномилостивь:|мномілостівь
и|і
каꙗ|каꙗ
сꙗ|сꙗ
о|о
ꙁьлобахь|зьлобахь
вашихь:|вашіхь
и|і
пакы|пакъі
дв҃дь⸱|дв҃дь
аꙁь|азь
же|же
вьнегда|вьнегда
они|оні
огавие|огавіе
творꙗахѹ|творꙗахоу
ми:|мі
облачаахь|облачаахь
сꙗ|сꙗ
вь|вь
врѣтиште:|врѣтіще
и|і
сьмѣрꙗахь|сьмѣрꙗахь
постомь|постомь
д҃шѹ|д҃шоу
моѫ:|моѫ
и|і
колѣнѣ|колѣнѣ
мои|моі
иꙁнеможете|ізнеможете
постомь:|постомь
и|і
пльть|пльть
моꙗ|моꙗ
иꙁмѣни|ізмѣні
сꙗ|сꙗ
олѣѧ|олѣѧ
ради:|раді
поштение|пощеніе
бо|бо
истин͗но|істінно
есть:|есть
не|не
тьчьѫ|тьчьѫ
еже|еже
истаити|істаіті
себе|себе
самомѹ:|самомоу
нь|нь
и|і
еликоже|елікоже
есть|есть
ꙗди•|ꙗді
ѫже|ѫже
есть|есть
хотѣль|хотѣль
ꙗсти:|ꙗсті
дати|даті
вьдовици•|вьдовіці
и|і
сиротѣ|сіротѣ
да|да
вьꙁьмь|вьзьмь
и|і
насышть|насъіщь
сꙗ|сꙗ
молить|моліть
сѧ|сѧ
ꙁа|за
нь:|нь
и|і
приꙗта|пріꙗта
бѫдеть|бѫдеть
жрьтва|жрьтва
его|его
б҃мь:|б҃мь
ꙗкоже|ꙗкоже
рече|рече
исаиꙗ:|ісаіꙗ
постꙗ|постꙗ
сꙗ|сꙗ
раꙁдраблꙗи|раздраблꙗі
алчьныимь|алчьнъіімь
хлѣбь|хлѣбь
свои:|своі
благыи|благъіі
же|же
нашь|нашь
вл҃ка:|вл҃ка
хотꙗ|хотꙗ
дѣломь|дѣломь
ны|нъі
накаꙁати•|наказаті
прьвь•|прьвь
самь|самь
пости|пості
сꙗ•|сꙗ
и|і
о|о
бѣсьнѣмь|бѣсьнѣмь
рече:|рече
сь|сь
род•|род
ничимьже|нічімьже
можеть|можеть
иꙁити:|ізіті
тькьмо|тькьмо
мл҃твоѫ|мл҃твоѫ
и|і
постомь•|постомь
и|і
приводить•|пріводіть
егда|егда
постиши|постіші
сꙗ:|сꙗ
не|не
бѹди|боуді
ꙗко|ꙗко
лицемѣри:|ліцемѣрі
и|і
блажени|блажені
ал͗чѹште|алчоуще
нынꙗ:|нъінꙗ
ꙗко|ꙗко
ти|ті
насытꙗть|насъітꙗть
сꙗ|сꙗ
о|о
х҃ѣ|х҃ѣ
емѹже|емоуже
слава|слава
вь|вь
вѣкы|вѣкъі
вѣком:|вѣком
АМИН|амін
и҃|і҃
Ꙍ|о
СРЕБРОЛЮБИИ|сребролюбіі
Сребролюбиꙗ|сребролюбіꙗ
недѹгь•|недоугь
ꙁѣло|зѣло
лютъ|лютъ
и|і
гѹбительнь|гоубітельнь
есть•|есть
немоштьно|немощьно
ѹбо|оубо
жити|жіті
бг҃оѹгодно:|бг҃ооугодно
сѹштѹмѹ|соущоумоу
сластолюбивѹ|сластолюбівоу
и|і
сребролѫбивѹ:|сребролѫбівоу
си|сі
бо|бо
ꙗꙁꙗ|ꙗзꙗ
егда|егда
стѹденѫ|стоуденѫ
и|і
невѣрьнѹ|невѣрьноу
обрꙗть|обрꙗть
д҃шѹ:|д҃шоу
блг҃ны|блг҃нъі
етерь|етерь
воложить|воложіть
вь|вь
нѫ|нѫ
вины•|вінъі
написаваеть|напісаваеть
бо|бо
вь|вь
ѹмѣ|оумѣ
чрьнориꙁьцѹ•|чрьнорізьцоу
старость|старость
дльгѹ:|дльгоу
и|і
немошть|немощь
тѣлѹ:|тѣлоу
и|і
ꙗкоже|ꙗкоже
море|море
не|не
напльнѧеть|напльнѧеть
сꙗ|сꙗ
приемлꙗ|пріемлꙗ
множьство|множьство
рѣкь:|рѣкь
тако|тако
желание|желаніе
сребролюбиꙗ:|сребролюбіꙗ
не|не
испльнꙗеть|іспльнꙗеть
сꙗ|сꙗ
трѣбовании:|трѣбованіі
хотꙗи|хотꙗі
ѹбо|оубо
ѿсѣшти|отсѣщі
сребролюбиꙗ|сребролюбіꙗ
врѣдь:|врѣдь
корень|корень
да|да
исѣчеть•|ісѣчеть
сѫштѹ|сѫщоу
бо|бо
корени|корені
и|і
присѣкаемамь|прісѣкаемамь
вѣтвьмь:|вѣтвьмь
пакы|пакъі
ѿрастѹть:|отрастоуть
сребролюбивь|сребролюбівь
црьньць:|црьньць
дѣлаеть|дѣлаеть
прилѣжьно•|прілѣжьно
а|а
небрегы|небрегъі
имѣниꙗ:|імѣніꙗ
млт҃вахь|млт҃вахь
прилежить|прілежіть
и|і
чьтениихъ:|чьтенііхъ
Сребролюбивии|сребролюбівіі
сьбираѫть|сьбіраѫть
вьлагаѫште|вьлагаѫще
на|на
ꙁемле:|земле
а|а
несьтꙗживы:|несьтꙗжівъі
на|на
небеси•|небесі
гл҃ѫть|гл҃ѫть
же|же
кьнигы:|кьнігъі
проклꙗть|проклꙗть
творꙗи|творꙗі
идоль|ідоль
и|і
полагаꙗ|полагаꙗ
вь|вь
кровѣ•|кровѣ
такожде|такожде
и|і
имѣꙗи|імѣꙗі
сребролюбиꙗ|сребролюбіꙗ
страсть:|страсть
овь|овь
кланꙗеть|кланꙗеть
сꙗ|сꙗ
кѹмирѹ|коуміроу
непольꙁьнѹ•|непользьноу
овьжде•|овьжде
подобие|подобіе
носить•|носіть
привидѣние|прівідѣніе
богатьства•|богатьства
И|і
ꙗкоже|ꙗкоже
бываеть•|бъіваеть
чрѣвѹ|чрѣвоу
работаѫштиимь|работаѫщіімь
б҃ь|б҃ь
чрѣв|чрѣв
семѹ|семоу
ꙁлато|злато
такожде:|такожде
сь|сь
бѣсь•|бѣсь
чрьвь|чрьвь
вь|вь
костьхь|костьхь
чл҃кѹ|чл҃коу
бываеть:|бъіваеть
поꙗдаꙗ|поꙗдаꙗ
его|его
печалъѫ|печалъѫ
и|і
бесьньемь•|бесьньемь
и|і
ст҃ыими|ст҃ъіімі
книгами|кнігамі
въ|въ
истинѹ|істіноу
отьречено|отьречено
есть•|есть
симь|сімь
врѣдомь•|врѣдомь
ѧкоже|ѧкоже
речено:|речено
невѣрьнии•|невѣрьніі
и|і
ненадеждьии|ненадеждьіі
недѹгѹѫть:|недоугоуѫть
паче|паче
же|же
любосластьнии:|любосластьніі
и|і
идолослѹжителе•|ідолослоужітеле
ѹже|оуже
бо|бо
на|на
б҃а|б҃а
ѹпьваниꙗ|оупьваніꙗ
не|не
имѹть•|імоуть
нь|нь
на|на
капишта|капіща
цр҃ска•|цр҃ска
иже|іже
правааго|правааго
пѹти|поуті
сьстѹпьше•|сьстоупьше
вь|вь
брѣгы|брѣгъі
и|і
пропасти|пропасті
погыбѣльныꙗ:|погъібѣльнъіꙗ
вьводꙗть|вьводꙗть
сꙗ|сꙗ
ѩкоже|ѧкоже
рече•|рече
ѱание:|псаніе
любꙗи|любꙗі
ꙁлато•|злато
не|не
оправьдить|оправьдіть
сꙗ:|сꙗ
и|і
пакы•|пакъі
сребролюць•|сребролюць
ничьтоже|нічьтоже
беꙁаконнѣе:|безаконнѣе
сь|сь
бо|бо
и|і
своѫ|своѫ
дш҃ѹ|дш҃оу
продаждьнѹ|продаждьноу
творить•|творіть
и|і
мноꙁи|мнозі
дани|дані
бышꙗ|бъіша
вь|вь
падение|паденіе
ꙁлата|злата
ради•|раді
не|не
тьчьѫ|тьчьѫ
лика|ліка
анг҃льска|анг҃льска
испаде:|іспаде
нь|нь
и|і
прѣдатель|прѣдатель
влд҃чнь|влд҃чнь
бы҇ⷭ:|бъіс
и|і
ѹдавивь|оудавівь
сꙗ|сꙗ
погыбе:|погъібе
ибо|ібо
вы-истинѫ|въіістінѫ
гнѹсь|гноусь
и|і
скарѣдие|скарѣдіе
прокажениꙗ|прокаженіꙗ
есть|есть
сребролюбие•|сребролюбіе
ꙗкоже|ꙗкоже
ꙗвлено|ꙗвлено
бы҇ⷭ|бъіс
гиеꙁемь•|гіеземь
нь|нь
не|не
прѣбытьно|прѣбъітьно
есть|есть
хотꙗштѹмѹ•|хотꙗщоумоу
неестьствьно•|неестьствьно
бо|бо
нь|нь
волительно•|волітельно
и|і
можеть|можеть
вь|вь
скорѣ|скорѣ
чисть|чість
быти|бъіті
таковыи:|таковъіі
вьпиꙗ|вьпіꙗ
кь|кь
іс҃ѹ|іс҃оу
г҃и|г҃і
аште|аще
хоштѥши|хощеші
можеши|можеші
мꙗ|мꙗ
очистити•|очістіті
а|а
нерачаштѥмѹ|нерачащемоу
дрѣвѹ|дрѣвоу
прѣтыканиꙗ|прѣтъіканіꙗ
есть:|есть
жьрѹштиимь|жьроущіімь
емѹ|емоу
ї|і
вьсь|вьсь
беꙁѹмьныи|безоумьнъіі
вьпадеть|вьпадеть
сꙗ|сꙗ
вь|вь
не:|не
блажень|блажень
ѹбо|оубо
чл҃кь•|чл҃кь
иже|іже
обрѣте|обрѣте
сꙗ|сꙗ
непорочьнь•|непорочьнь
и|і
вьслѣдь|вьслѣдь
ꙁлата|злата
не|не
иде|іде
по|по
книгамь:|кнігамь
иꙗковь|іꙗковь
бо|бо
прѣтꙗ|прѣтꙗ
сребролюбьцемь|сребролюбьцемь
рече•|рече
ꙁлато|злато
ваше|ваше
и|і
сребро|сребро
иꙁдрьжавѣ:|іздрьжавѣ
и|і
рьжда|рьжда
еѫ|еѫ
на|на
послѹшьство|послоушьство
вамь|вамь
бѹдеть•|боудеть
и|і
сьнѣсть|сьнѣсть
пльти|пльті
вашꙗ|ваша
ѧко|ѧко
огнь:|огнь
И|і
пакы•|пакъі
воле|воле
нынѣ|нъінѣ
богатии|богатіі
плачите|плачіте
сꙗ|сꙗ
ꙁадрежѹште:|задрежоуще
о|о
страстехь|страстехь
вашихь|вашіхь
грꙗдꙋштиихь|грꙗдоущііхь
на|на
вы•|въі
Приискрьнꙗа|прііскрьнꙗа
же|же
симь•|сімь
амбакѹмь|амбакоумь
проⷦ|прок
поносꙗ:|поносꙗ
сребролюбьцемь|сребролюбьцемь
рече•|рече
лютѣ|лютѣ
множажѹштѹ|множажоущоу
себе|себе
не|не
сѹштиихь|соущііхь
его:|его
лихоемѧи|ліхоемѧі
лихоимание|ліхоіманіе
ꙁьло|зьло
домѹ|домоу
своемѹ:|своемоу
добрѣ|добрѣ
же|же
рече|рече
ꙗже|ꙗже
не|не
сѹть|соуть
его:|его
ибо|ібо
вьсѣмь|вьсѣмь
богатьство:|богатьство
Ꙗкоже|ꙗкоже
и|і
дв҃дь|дв҃дь
симь|сімь
гл҃ааше•|гл҃ааше
се|се
чл҃кь|чл҃кь
иже|іже
не|не
положи|положі
б҃а|б҃а
помоштьника|помощьніка
себе•|себе
нь|нь
ѹпьва|оупьва
на|на
множьство|множьство
богатьства|богатьства
своего•|своего
и|і
въꙁможѥ|възможе
сѫетоѫ|сѫетоѫ
своеѫ•|своеѫ
иовь•|іовь
аште|аще
сьбереть|сьбереть
грѣшьникъ|грѣшьнікъ
ꙗко|ꙗко
ꙁемлѫ|землѫ
серебро•|серебро
равьно|равьно
же|же
калѹ|калоу
ꙁлато:|злато
вьсе|вьсе
правьдьници|правьдьніці
сьнабьдꙗть•|сьнабьдꙗть
и|і
дрьꙁаꙗ|дрьзаꙗ
непорочьныимь|непорочьнъіімь
своимь|своімь
житиемь•|жітіемь
гл҃ааше•|гл҃ааше
аште|аще
обѣштахь|обѣщахь
ꙁлато|злато
крѣпость|крѣпость
моѫ|моѫ
ашта|аща
ли|лі
вьꙁвеселихь|вьзвеселіхь
сꙗ|сꙗ
многѹ|многоу
богатьствѹ|богатьствоу
ми|мі
бывьшѹ:|бъівьшоу
лꙋче|лоуче
ѹбо|оубо
правьдьникꙋ|правьдьнікоу
паче|паче
богатьства|богатьства
грѣшьниихь|грѣшьнііхь
многа:|многа
послѹхѹеть|послоухоуеть
же|же
и|і
павьль:|павьль
ꙗко|ꙗко
корень|корень
вьсѣмь|вьсѣмь
ꙁьломь|зьломь
есть•|есть
сребролюбие•|сребролюбіе
есть|есть
бо•|бо
и|і
несьпострадьнь:|несьпострадьнь
и|і
беꙁмилостивьнь•|безмілостівьнь
любꙗи|любꙗі
сребро•|сребро
сп҃сь|сп҃сь
же|же
нашь|нашь
г҃ь•|г҃ь
вѣды|вѣдъі
страсть|страсть
сребролюбиѧ|сребролюбіѧ
дш҃и|дш҃і
гѹбительнѫ|гоубітельнѫ
сѫштѹ:|сѫщоу
достоино|достоіно
и|і
исцѣление|ісцѣленіе
приносить|пріносіть
гл҃ꙗ:|гл҃ꙗ
не|не
сьтꙗжите|сьтꙗжіте
мѣди:|мѣді
ни|ні
сребра•|сребра
ни|ні
ꙁлата|злата
вь|вь
поꙗсѣхь|поꙗсѣхь
ваших:|вашіх
и|і
приводить•|пріводіть
аминь|амінь
гл҃ѫ|гл҃ѫ
вамь:|вамь
ꙗко|ꙗко
богать•|богать
бѣдьнѣ|бѣдьнѣ
вьнидеть|вьнідеть
вь|вь
црⷭьствие|црсьствіе
небесьное:|небесьное
ꙗко|ꙗко
беꙁбьдь|безбьдь
льгькѹ|льгькоу
сѹштѹ:|соущоу
и|і
ѹдобь|оудобь
на|на
нб҃о|нб҃о
вьꙁлѣтаѫштѹ:|вьзлѣтаѫщоу
томѹ|томоу
слава|слава
вь|вь
вѣкы|вѣкъі
вѣком|вѣком
АМИН|амін
Ѳ҃|ѳ҃
Ꙍ|о
МЬꙀДОиманиї|мьздоіманіі
Мьꙁдоимьць•|мьздоімьць
ти|ті
лихоимьць•|ліхоімьць
ти|ті
сребролюбьць:|сребролюбьць
ти|ті
лишвьникь•|лішвьнікь
едина|едіна
колесница|колесніца
есть|есть
четверичьна•|четверічьна
имѫште|імѫще
грьдостьнааго|грьдостьнааго
воꙁатаꙗ|возатаꙗ
и|і
старѣиша•|старѣіша
иже|іже
б҃мь|б҃мь
ѹбо|оубо
ниꙁьврьжень|нізьврьжень
быⷭ:|бъіс
сьганꙗеть|сьганꙗеть
всꙗ•|всꙗ
послѣдуѫштаꙗ|послѣдуѫщаꙗ
емѹ|емоу
вь|вь
своѫ|своѫ
погыбѣль•|погъібѣль
Не|не
подобьно|подобьно
есть|есть
ꙋбо•|оубо
добрѣ|добрѣ
сьмыслꙗштиимь|сьмъіслꙗщіімь
отъ|отъ
вражьдьника|вражьдьніка
водимомь|водімомь
быти•|бъіті
да|да
не|не
сь|сь
нимь|німь
вь|вь
ꙗмѹ|ꙗмоу
мѫчениꙗ|мѫченіꙗ
вѣчьнааго|вѣчьнааго
вьвалꙗть|вьвалꙗть
сꙗ:|сꙗ
нь|нь
паче|паче
ли|лі
домь|домь
вь|вь
жиꙁнь|жізнь
наставити|наставіті
сꙗ|сꙗ
гл҃ѫштемь•|гл҃ѫщемь
имѹште|імоуще
же|же
пиштꙗ|піща
и|і
одѣниꙗ•|одѣніꙗ
сими|сімі
довьлимь|довьлімь
сѧ•|сѧ
хотꙗштеи|хотꙗщеі
бо|бо
богатити|богатіті
сꙗ|сꙗ
вьпадаѫть|вьпадаѫть
вь|вь
напасти•|напасті
и|і
вь|вь
сѣти|сѣті
неприꙗꙁнины•|непріꙗзнінъі
боꙗи|боꙗі
сѧ|сѧ
ѹбо|оубо
ꙁаповѣди|заповѣді
апл҃скыꙗ:|апл҃скъіꙗ
паче|паче
же|же
самого|самого
г҃а|г҃а
глѫ҃шта:|глѫ҃ща
не|не
сьтꙗжите|сьтꙗжіте
ꙁлата|злата
ни|ні
сребра:|сребра
ни|ні
же|же
пьцѣте|пьцѣте
сꙗ|сꙗ
чьто|чьто
ꙗсте•|ꙗсте
или|ілі
чьто|чьто
пиете:|піете
то|то
таковааго|таковааго
ѹстителꙗ|оустітелꙗ
ниꙁьлагаеть|нізьлагаеть
б҃ь•|б҃ь
и|і
своима|своіма
ногама|ногама
сьпираеть:|сьпіраеть
Добрѣ|добрѣ
же|же
и|і
притьчьникь•|прітьчьнікь
поѹчаеть|пооучаеть
мьꙁдоимьца|мьздоімьца
г҃лѧ:|г҃лѧ
не|не
отимаи|отімаі
ѹбогѹ|оубогоу
ништь|ніщь
бо|бо
есть•|есть
и|і
пакы•|пакъі
любꙗи|любꙗі
сребро•|сребро
не|не
насытить|насъітіть
сꙗ|сꙗ
сребра:|сребра
ꙁане|зане
ништии|ніщіі
вѣсть|вѣсть
ходити|ходіті
прѣмо|прѣмо
жиꙁни:|жізні
и|і
еже|еже
да|да
не|не
бѹдеть|боудеть
рѹка|роука
тво|тво
прострьта|прострьта
на|на
вьꙁꙗтие•|вьзꙗтіе
а|а
на|на
вьꙁдание|вьзданіе
сьгьбена:|сьгьбена
тожде|тожде
же|же
и|і
апл҇ⷭь•|аплсь
бл҃жнѣе|бл҃жнѣе
есть|есть
даꙗти|даꙗті
неже|неже
вьꙁимати:|вьзіматі
Ꙁаконь|законь
же|же
рече•|рече
не|не
оправьди|оправьді
нечьстивааго|нечьстівааго
мьꙁды|мьздъі
ради:|раді
и|і
мьꙁды|мьздъі
не|не
вьꙁьми:|вьзьмі
мьꙁда|мьзда
бо|бо
ослѣплꙗеть|ослѣплꙗеть
очи•|очі
видꙗштиимь:|відꙗщіімь
и|і
самꙋиль|самоуіль
же|же
ꙁаповѣдь|заповѣдь
дрьжѧ|дрьжѧ
ꙁакон͗нѹѫ•|законноуѫ
г҃лааше|г҃лааше
людемь:|людемь
еда|еда
оть|оть
рѹкы|роукъі
чьеꙗ|чьеꙗ
вьꙁѧхь|вьзѧхь
иꙁбавѫ•|ізбавѫ
или|ілі
обѹвь:|обоувь
се|се
послѹхь|послоухь
г҃ь:|г҃ь
про҇ⷦ|прок
же|же
амось:|амось
скрьбꙗ|скрьбꙗ
о|о
людехь|людехь
гл҃ааше•|гл҃ааше
мьꙁдѹ|мьздоу
иꙁбьранѹ|ізбьраноу
приꙗсте|пріꙗсте
ѿ|от
ништиихь:|ніщііхь
И|і
исаꙗ|ісаꙗ
пособѹꙗ|пособоуꙗ
рече•|рече
кнꙗꙁи|кнꙗзі
любꙗштеи|любꙗщеі
мьꙁдѹ:|мьздоу
гонꙗште|гонꙗще
вьꙁдаание:|вьздааніе
и|і
ѹкарѧꙗ|оукарѧꙗ
ѧ|ѧ
рече:|рече
горе|горе
оправьдаѫштиимь|оправьдаѫщіімь
нечьстиваго|нечьстіваго
мьꙁды|мьздъі
ради:|раді
и|і
правьдьное|правьдьное
правьдьника|правьдьніка
вьꙁемлюштиимь:|вьземлющіімь
И|і
инь|інь
дарове|дарове
и|і
мъꙁды:|мъздъі
ослѣплꙗѫть|ослѣплꙗѫть
очи|очі
мѫдрыихь•|мѫдръііхь
И|і
пакы:|пакъі
гѹбить|гоубіть
сѧ|сѧ
мьꙁдоимьць•|мьздоімьць
а|а
не|не
любꙗи|любꙗі
мьꙁды|мьздъі
имати|іматі
живь|жівь
будеть:|будеть
и|і
пакы:|пакъі
приемлꙗи|пріемлꙗі
мьꙁдѹ|мьздоу
вь|вь
нꙗдра|нꙗдра
бес|бес
правьды:|правьдъі
не|не
направлꙗеть|направлꙗеть
сꙗ|сꙗ
на|на
пѫти•|пѫті
иꙁволенѣе|ізволенѣе
ѹбо|оубо
имꙗ|імꙗ
добро•|добро
нежели|нежелі
богатьство:|богатьство
Дв҃дь|дв҃дь
бѹ|боу
молꙗ|молꙗ
сꙗ|сꙗ
гл҃ааше:|гл҃ааше
не|не
погѹби|погоубі
сь|сь
нечьстивыими|нечьстівъіімі
дш҃а|дш҃а
моеꙗ:|моеꙗ
и|і
сь|сь
мѹжи|моужі
крьвии|крьвіі
живота|жівота
моего:|моего
ихьже|іхьже
вь|вь
рѹкахь|роукахь
беꙁакониꙗ:|безаконіꙗ
десница|десніца
ихь|іхь
испль|іспль
сꙗ|сꙗ
мьꙁды:|мьздъі
нечьстивы|нечьстівъі
беꙁаконьникы•|безаконьнікъі
и|і
мѫжа|мѫжа
крьвы:|крьвъі
нарицаꙗ|наріцаꙗ
мъꙁдоимьцꙗ:|мъздоімьца
и|і
паⷦ•|пак
беꙁꙋмьнь|безоумьнь
и|і
несьмысльнь•|несьмъісльнь
погыбнете•|погъібнете
и|і
оставита|оставіта
тѹждиимь|тоуждіімь
богатьство|богатьство
еѫ:|еѫ
Равьно|равьно
еже|еже
решти•|рещі
беꙁѹмьне•|безоумьне
сеи|сеі
ношти|нощі
д҃шѹ|д҃шоу
твоѫ|твоѫ
иꙁьмѹть|ізьмоуть
ис|іс
тебе•|тебе
а|а
ꙗже|ꙗже
ѹготова|оуготова
комѹ|комоу
бѹдеть•|боудеть
беꙁѹмьлꙗ|безоумьлꙗ
именѹѧ•|іменоуѧ
надѣѫштѧѧ|надѣѫщѧѧ
сѧ|сѧ
на|на
богатьство:|богатьство
ꙁа|за
беꙁвѣстие|безвѣстіе
пльтьнааго|пльтьнааго
житиꙗ:|жітіꙗ
И|і
паⷦ|пак
дв҃дь•|дв҃дь
приклони|пріклоні
ср҃це|ср҃це
мое|мое
вь|вь
сьвѣдѣниꙗ|сьвѣдѣніꙗ
твоꙗ:|твоꙗ
а|а
не|не
вь|вь
лихоимание:|ліхоіманіе
Иѡвь|іовь
же|же
покаꙁаꙗ|показаꙗ
чистотѫ|чістотѫ
своѫ|своѫ
г҃леть•|г҃леть
аште|аще
же|же
и|і
рѫкам|рѫкам
моима|моіма
прикоснѫхь|прікоснѫхь
сѧ|сѧ
мьꙁдѣ:|мьздѣ
И|і
г҃ь|г҃ь
сп҃съ|сп҃съ
нашь|нашь
повѣдаетъ|повѣдаетъ
гл҃ѧ•|гл҃ѧ
блюдѣте|блюдѣте
и|і
храните|храніте
сѧ:|сѧ
отъ|отъ
вьсего|вьсего
лихоиманиꙗ:|ліхоіманіꙗ
ꙗко|ꙗко
не|не
отъ|отъ
иꙁбꙑтъка|ізбъітъка
комѹ|комоу
животъ|жівотъ
его|его
естъ:|естъ
ѿ|от
имѣньи|імѣньі
емѹ:|емоу
правьдьнъи|правьдьнъі
вѣроѫ|вѣроѫ
живъ|жівъ
бѫдетъ:|бѫдетъ
о|о
х҃ѣ|х҃ѣ
ис҃ѣ|іс҃ѣ
г҃и|г҃і
б҃ꙁѣ|б҃зѣ
нашемь|нашемь
емꙋже|емоуже
слава|слава
вь|вь
вѣкы|вѣкъі
вѣком|вѣком
АМИН|амін
і҃|і҃
Ꙍ|о
СКОУПОСТИ|скоупості
Скѫпость•|скѫпость
отъ|отъ
малод҃шиꙗ|малод҃шіꙗ
проꙁѧбаетъ•|прозѧбаетъ
паче|паче
же|же
отъ|отъ
невѣриꙗ•|невѣріꙗ
и|і
неѹпъваниꙗ:|неоупъваніꙗ
аште|аще
бо|бо
о|о
видимъихь•|відімъіхь
ꙗже|ꙗже
даетъ|даетъ
намъ•|намъ
блага|блага
вьсегда|вьсегда
обильно|обільно
благостиѫ|благостіѫ
своеѫ|своеѫ
б҃ь•|б҃ь
не|не
емемь|емемь
вѣрꙑ|вѣръі
емѹ:|емоу
нъ|нъ
сѫмьнимъ|сѫмьнімъ
сꙗ•|сꙗ
како|како
о|о
невидимꙑихъ|невідімъііхъ
и|і
вѣчьнꙑихъ•|вѣчьнъііхъ
и|і
прѣбꙑтьнꙑихъ|прѣбъітьнъііхъ
блаꙁѣхъ•|блазѣхъ
ѧже|ѧже
самъ|самъ
обѣшта|обѣща
намъ|намъ
подати:|податі
вѣрѹимъ|вѣроуімъ
емѹ:|емоу
ихьже|іхьже
ни|ні
око|око
видѣло|відѣло
ни|ні
ѹхо|оухо
слꙑшало•|слъішало
и|і
на|на
ср҃це|ср҃це
чл҃кѹ|чл҃коу
не|не
въшьло:|въшьло
вꙑ-истинѫ|въіістінѫ
ѹбо|оубо
поносими|поносімі
есмъ|есмъ
бж҃ьствънꙑимъ:|бж҃ьствънъіімъ
ѱаниемь•|псаніемь
ꙗко|ꙗко
мѫжа|мѫжа
хѹдод҃шъна|хоудод҃шъна
къто|къто
прѣтръпитъ:|прѣтръпітъ
Въꙁвѣрѹимь|възвѣроуімь
ѹбо|оубо
б҃ѹ|б҃оу
о|о
трѣбовании|трѣбованіі
тѣлесьнѣемь:|тѣлесьнѣемь
да|да
ѧвѣ|ѧвѣ
бѹдемъ|боудемъ
и|і
о|о
дх҃внѣемь|дх҃внѣемь
вѣрѹѫште|вѣроуѫще
емѹ:|емоу
тѣмьже|тѣмьже
томѹ|томоу
вьꙁдадимъ|вьздадімъ
о|о
вьсемъ:|вьсемъ
ꙗко|ꙗко
тъ|тъ
печеть|печеть
сꙗ|сꙗ
о|о
насъ:|насъ
И|і
вѣсть|вѣсть
ихьже|іхьже
трѣбѹемь:|трѣбоуемь
прѣжде|прѣжде
прошениꙗ|прошеніꙗ
нашего:|нашего
Б҃ъ|б҃ъ
бо|бо
въсѣмь|въсѣмь
штедротивь|щедротівь
есть:|есть
Ꙗкоже|ꙗкоже
и|і
прмд҃рсть|прмд҃рсть
рече:|рече
иже|іже
ходить|ходіть
прѣпрость:|прѣпрость
ходить|ходіть
надѣѧ|надѣѧ
сꙗ⸱|сꙗ
И|і
паⷦ•|пак
вѣрънꙋмѹ|вѣръноумоу
все|все
лѣпо|лѣпо
есть|есть
богатьство:|богатьство
невѣрънѹ|невѣръноу
же•|же
не|не
достоить•|достоіть
и|і
пѣнꙗꙁь•|пѣнꙗзь
и|і
блг҇ⷭние|блгсніе
гн҃е:|гн҃е
на|на
главѣ|главѣ
правьдьничи:|правьдьнічі
и|і
дш҃а|дш҃а
блгⷭвима:|блгсвіма
вьсѣмь|вьсѣмь
штедра:|щедра
и|і
сѣꙗи|сѣꙗі
правъдѹ:|правъдоу
приеметъ|пріеметъ
мъꙁдѫ|мъздѫ
вѣрънѫ:|вѣрънѫ
не|не
ѹморить|оуморіть
бо|бо
гладомь|гладомь
г҃ь|г҃ь
дш҃а|дш҃а
правъдънꙑ:|правъдънъі
надѣꙗи|надѣꙗі
бо|бо
сꙗ|сꙗ
на|на
богатьство|богатьство
свое:|свое
тъ|тъ
падеть:|падеть
и|і
имѣние|імѣніе
тъштьно|тъщьно
събираемо|събіраемо
съ|съ
беꙁакониемь:|безаконіемь
тъштетъно|тъщетъно
бꙑваетъ:|бъіваетъ
а|а
събираѧи|събіраѧі
себѣ|себѣ
съ|съ
благодариемь:|благодаріемь
раꙁбогатѣетъ:|разбогатѣетъ
Гл҃етъ|гл҃етъ
же|же
моси:|мосі
аште|аще
бѫдетъ|бѫдетъ
вь|вь
тебѣ|тебѣ
скѫдьнъ|скѫдьнъ
отъ|отъ
братиꙗ|братіꙗ
твоеꙗ:|твоеꙗ
не|не
съжъми|съжъмі
рѫкꙑ|рѫкъі
своеѧ|своеѧ
отъ|отъ
него:|него
Нъ|нъ
даждь|даждь
емѹ|емоу
еликаже|елікаже
трѣбѹеть•|трѣбоуеть
И|і
пѣвьць:|пѣвьць
се|се
очи|очі
гн҃и|гн҃і
на|на
боꙗштиихъ|боꙗщііхъ
сꙗ|сꙗ
его|его
иꙁбавити|ізбавіті
отъ|отъ
съмръти|съмръті
дш҃а|дш҃а
ихъ:|іхъ
и|і
прѣкръмити|прѣкръміті
ꙗ|ꙗ
въ|въ
гладъ:|гладъ
богатии|богатіі
бо|бо
обништашꙗ:|обніщаша
и|і
въꙁъалкаашѧ:|възъалкаашѧ
а|а
вьꙁискаѫштеи|вьзіскаѫщеі
г҃а:|г҃а
не|не
лишѧтъ|лішѧтъ
сꙗ|сꙗ
вьсего|вьсего
добра:|добра
и|і
не|не
видѣхъ|відѣхъ
правьдьника|правьдьніка
оставена:|оставена
ни|ні
сѣмене|сѣмене
его|его
просꙗштѧ|просꙗщѧ
хлѣба:|хлѣба
И|і
дрѹгꙑи•|дроугъіі
милѹѧ|мілоуѧ
ништѧ|ніщѧ
облаженъ•|облаженъ
и|і
дш҃и|дш҃і
своеи|своеі
благотворить|благотворіть
мѹжь|моужь
милостивъ:|мілостівъ
такожде|такожде
и|і
апл҇ⷪь•|аплоь
сѣꙗи|сѣꙗі
штꙗдѧи:|щадѧі
штꙗдѧ|щадѧ
и|і
пожьнетъ:|пожьнетъ
къжъдо|къжъдо
ꙗко|ꙗко
же|же
иꙁволение|ізволеніе
имать|імать
срд҃цмъ•|срд҃цмъ
обаче|обаче
не|не
оть|оть
скрьби•|скрьбі
ни|ні
ѿ|от
нѫжда:|нѫжда
тиха|тіха
бо|бо
дателѧ|дателѧ
любитъ|любітъ
б҃ъ•|б҃ъ
дш҃елюбивьи|дш҃елюбівьі
же•|же
и|і
благъи|благъі
г҃ъ•|г҃ъ
вьꙁьрите|вьзьріте
рече|рече
на|на
пьтицѧ|пьтіцѧ
нб҃сънꙑѧ:|нб҃сънъіѧ
ꙗко|ꙗко
не|не
сѣѫтъ|сѣѫтъ
ни|ні
жьнѭтъ•|жьнѭтъ
ни|ні
събираѫтъ|събіраѫтъ
въ|въ
житъницѧ:|жітъніцѧ
и|і
оц҃ь|оц҃ь
вашь|вашь
нб҃снъи|нб҃снъі
кръмитъ|кръмітъ
ѧ:|ѧ
не|не
вы|въі
ли|лі
паче|паче
лѹчьши|лоучьші
есте|есте
ихъ:|іхъ
И|і
пририче•|пріріче
не|не
пьцѣте|пьцѣте
сѧ|сѧ
ѹбо|оубо
гл҃ѫште•|гл҃ѫще
чьто|чьто
ꙗмь•|ꙗмь
или|ілі
чьто|чьто
пиемъ•|піемъ
или|ілі
въ|въ
чьто|чьто
облѣчемъ|облѣчемъ
сꙗ•|сꙗ
вѣстъ|вѣстъ
бо|бо
оц҃ь|оц҃ь
вашь|вашь
нб҃снꙑи•|нб҃снъіі
ꙗко|ꙗко
трѣбѫете|трѣбѫете
сихъ|сіхъ
вьсѣхь:|вьсѣхь
иштѣте|іщѣте
же|же
прѣжде|прѣжде
цр҃ства|цр҃ства
бж҃иꙗ|бж҃іꙗ
и|і
правъдꙑ|правъдъі
его:|его
и|і
си|сі
вьсѣ|вьсѣ
приложатъ|пріложатъ
сꙗ|сꙗ
вамъ:|вамъ
о|о
х҃ѣ|х҃ѣ
ис҃ѣ|іс҃ѣ
г҃и|г҃і
б҃ꙁѣ|б҃зѣ
нашемь|нашемь
емѹже|емоуже
слава|слава
вь|вь
вѣкы|вѣкъі
вѣком|вѣком
АМИН|амін
а҃і|а҃і
Ꙍ|о
ВЪ|въ
ꙀАИМЪ|заімъ
ДАѬЩИИХЪ|даѭщііхъ
Ѥже|еже
вь|вь
ꙁаимъ|заімъ
дати•|даті
подобьно|подобьно
естъ|естъ
паче|паче
же|же
единовѣръньимъ:|едіновѣръньімъ
и|і
сьнаслѣдьникомъ|сьнаслѣдьнікомъ
братомь:|братомь
ꙗкоже|ꙗкоже
и|і
ꙁаконъ|законъ
повелѣваетъ•|повелѣваетъ
рече|рече
бо•|бо
братѹ|братоу
си|сі
даси|дасі
въ|въ
ꙁаимъ•|заімъ
сирѣчь|сірѣчь
подьꙁакон͗нѹмꙋ⸱|подьзаконноумоу
тѹждемѹ|тоуждемоу
же|же
не|не
даи|даі
въ|въ
ꙁаимъ:|заімъ
сирѣчъ•|сірѣчъ
беꙁаконнѹмѹ:|безаконноумоу
се|се
ѹбо|оубо
ꙁаконъ:|законъ
Пособѹетъ|пособоуетъ
же|же
и|і
притьчъникь|прітьчънікь
гл҃ѧ:|гл҃ѧ
творꙗи|творꙗі
милостꙑнѫ|мілостъінѫ
дастъ|дастъ
въ|въ
ꙁаимъ|заімъ
ближънѫмѹ|бліжънѫмоу
своемѹ:|своемоу
И|і
помагаѧи|помагаѧі
рѹкоѫ:|роукоѫ
блюдеть|блюдеть
ꙁаповѣди:|заповѣді
И|і
па҇ⷦ:|пак
даждь|даждь
ꙁаимъ|заімъ
ближьнѫмѹ|бліжьнѫмоу
вь|вь
врѣмꙗ|врѣмꙗ
потребꙑ|потребъі
его:|его
и|і
не|не
ошаи|ошаі
сꙗ|сꙗ
благотворити|благотворіті
ѹбогѹ:|оубогоу
егда|егда
иматъ|іматъ
рѹка|роука
твоꙗ|твоꙗ
помагати:|помагаті
не|не
ръци|ръці
отьшьдъ|отьшьдъ
въꙁврати|възвраті
сꙗ:|сꙗ
и|і
ѹтрѣ|оутрѣ
ти|ті
дамъ•|дамъ
Симъ|сімъ
приискрьнѣ|прііскрьнѣ
и|і
пѣснивьцъ|пѣснівьцъ
прихвалѧеть|пріхвалѧеть
гл҃ѧ:|гл҃ѧ
благъ|благъ
мѹжъ|моужъ
милѹѧ|мілоуѧ
и|і
даѧ:|даѧ
И|і
па҇ⷦ•|пак
въсъ|въсъ
дьнь|дьнь
милѹетъ|мілоуетъ
и|і
ꙁаеметь|заеметь
правьдънъи:|правьдънъі
и|і
сѣмꙗ|сѣмꙗ
его|его
въ|въ
блг҃ние|блг҃ніе
бѹдеть:|боудеть
И|і
па҇ⷦ•|пак
ꙁаеметь|заеметь
грѣшьнъи:|грѣшьнъі
не|не
вьꙁвратитъ:|вьзвратітъ
Правьдъньи|правьдъньі
же|же
милѹетъ|мілоуетъ
и|і
даеть:|даеть
Трѣбѣ|трѣбѣ
же|же
е|е
вѣдѣти|вѣдѣті
мꙑслъ|мъіслъ
бж҃ьствънааго|бж҃ьствънааго
ѱаниѩ:|псаніѧ
ꙗкоже|ꙗкоже
въ|въ
ꙁаимь|заімь
дати|даті
въ|въ
помилованиꙗ|помілованіꙗ
мѣсто:|мѣсто
искрънꙗаго|іскрънꙗаго
повелѣно|повелѣно
естъ•|естъ
ꙗкоже|ꙗкоже
е҇ⷭ|ес
ѱано•|псано
ꙁаповѣди|заповѣді
дѣлꙗ|дѣлꙗ
подъими|подъімі
ѹбога:|оубога
погѹби|погоубі
сребро|сребро
брата|брата
ради:|раді
И|і
па҇ⷦ:|пак
коль|коль
красьна|красьна
милостъ|мілостъ
въ|въ
врѣмꙗ|врѣмꙗ
скръби:|скръбі
съпоможеши|съпоможеші
ли|лі
сьтѣлесьникѹ|сьтѣлесьнікоу
своемѹ:|своемоу
имаши|імаші
и|і
варꙗѫштꙗ|варꙗѫща
тѧ|тѧ
вь|вь
вьскрьсении|вьскрьсеніі
сьпоможениѫ|сьпоможеніѫ
послѹха:|послоуха
а|а
не|не
вьꙁдꙑхаѫшта|вьздъіхаѫща
на|на
тꙗ:|тꙗ
непольꙁьно|непользьно
бо|бо
се:|се
не|не
бѹдѣмъ|боудѣмъ
ѹбо|оубо
ꙁлата|злата
дѣльма|дѣльма
и|і
брашьна|брашьна
нечадьни:|нечадьні
ихъже|іхъже
ръжа|ръжа
и|і
тьлѧ|тьлѧ
на|на
послꙋшьство|послоушьство
намъ|намъ
бѫдеть:|бѫдеть
Слышꙗште|слъішаще
павла|павла
гл҃ѫшта:|гл҃ѫща
подаваꙗи•|подаваꙗі
штедротоѫ•|щедротоѫ
и|і
милꙋꙗи|мілоуꙗі
тихостиѫ:|тіхостіѫ
и|і
въ|въ
трѣбованиѧ|трѣбованіѧ
ст҃ъихъ|ст҃ъіхъ
причаштаѫште|прічащаѫще
сѧ:|сѧ
И|і
дрѹгыижде•|дроугъііжде
да|да
ѹчѧтъ|оучѧтъ
же|же
сꙗ|сꙗ
и|і
наши•|наші
добръихъ|добръіхъ
дѣлѣхъ|дѣлѣхъ
прилежати:|прілежаті
въ|въ
нѹждьнаа|ноуждьнаа
трѣбованиꙗ•|трѣбованіꙗ
да|да
не|не
бѹдѹть|боудоуть
бесплодьнї•|бесплодьні
рече|рече
же|же
и|і
проⷦ|прок
ꙁахариꙗ•|захаріꙗ
сѫдомь|сѫдомь
правьдьномь|правьдьномь
сѫдите•|сѫдіте
и|і
милость|мілость
и|і
щедротꙑ|щедротъі
творите•|творіте
къжьдо|къжьдо
братѹ|братоу
своѥмѹ•|своемоу
иоаннъ|іоаннъ
же•|же
иже|іже
аще|аще
имать|імать
житиѥ|жітіе
мира|міра
сего•|сего
и|і
видїть|відіть
брата|брата
своѥго|своего
трѣбѹѭща•|трѣбоуѭща
и|і
ꙁатворить|затворіть
ютробѹ|ютробоу
свою|свою
ѿ|от
него•|него
како|како
любꙑ|любъі
бж҃иꙗ|бж҃іꙗ
прѣбꙑваѥть|прѣбъіваеть
въ|въ
немь:|немь
симъ|сімъ
подобьна•|подобьна
сп҃сениꙗ|сп҃сеніꙗ
нашего|нашего
промꙑсльникъ|промъісльнікъ
г҃ь•|г҃ь
повелѣваѥть|повелѣваеть
гл҃ѧ•|гл҃ѧ
вьсемѹ|вьсемоу
просѧщюмѹ|просѧщоумоу
ѹ|оу
тебе|тебе
даи•|даі
и|і
хотѧщѧаго|хотѧщѧаго
ꙁаꙗти|заꙗті
ѹ|оу
тебе|тебе
не|не
ѿврати•|отвраті
о|о
х҃ѣ|х҃ѣ
іс҃ѣ|іс҃ѣ
г҃и|г҃і
бꙁ҃ѣ|бз҃ѣ
нашемь•|нашемь
ѥмѹже|емоуже
слава|слава
въ|въ
вѣкꙑ|вѣкъі
вѣком|вѣком
АМИН|амін
Ꙍ|о
ЛИХВАХЪ|ліхвахъ
Мира|міра
сего⸱|сего
чл҃ци|чл҃ці
не|не
бѹ|боу
которꙑ|которъі
остали|осталі
сѧ•|сѧ
аще|аще
не|не
съ|съ
прилогомь|прілогомь
въсприимѹть|въспріімоуть
вещии•|вещіі
ѥгда|егда
паче|паче
прѣжде|прѣжде
длъга|длъга
въ|въ
лихвꙑ|ліхвъі
приѥмлють•|пріемлють
ꙗко|ꙗко
бꙑти|бъіті
ихъ|іхъ
правьдѣ|правьдѣ
начало|начало
обидѣ|обідѣ
велицѣ•|веліцѣ
и|і
сего|сего
ради|раді
лихвѹющеи•|ліхвоующеі
нечисти|нечісті
и|і
жестоци•|жестоці
именѹѥми|іменоуемі
сѹть•|соуть
мрьꙁъци|мрьзъці
бо|бо
сѹть|соуть
прѣдъ|прѣдъ
гм҃ь|гм҃ь
и|і
чл҃кꙑ•|чл҃къі
и|і
ѿнѫдъ|отнѫдъ
хрьстьꙗномъ|хрьстьꙗномъ
ѿрѥчено|отречено
ѥсть|есть
примꙑшлениѥ•|прімъішленіе
лишвьноѥ•|лішвьное
Ꙗкоже|ꙗкоже
рече|рече
проⷦ•|прок
о|о
неправьдьнѣ|неправьдьнѣ
градѣ•|градѣ
не|не
оскѹдѣ|оскоудѣ
ѿ|от
пѹти|поуті
ѥго|его
лихва|ліхва
и|і
льсть•|льсть
О|о
правьдьнѣмь|правьдьнѣмь
же•|же
серебра|серебра
своѥго|своего
не|не
дасть|дасть
въ|въ
лихвѹ•|ліхвоу
И|і
паⷦ|пак
ѿ|от
лихвꙑ•|ліхвъі
и|і
о|о
неправьдꙑ|неправьдъі
иꙁбавить|ізбавіть
дш҃ѧ|дш҃ѧ
ихъ•|іхъ
Притъчьникъ|прітъчьнікъ
же•|же
мъножаи|мъножаі
б҃атьство|б҃атьство
своѥ|свое
съ|съ
лихвами|ліхвамі
и|і
прибꙑтъкꙑ•|прібъітъкъі
милѹѭщюмѹ|мілоуѭщоумоу
нищѧꙗ|ніщѧꙗ
събираѥть|събіраеть
ѥ•|е
И|і
инъ•|інъ
лихва|ліхва
на|на
лихвѹ•|ліхвоу
и|і
льсть|льсть
на|на
льсть•|льсть
вѣмь|вѣмь
аꙁъ|азъ
ѥтерꙑ|етеръі
ꙗко|ꙗко
ꙁа|за
приобрѣтениѥ|пріобрѣтеніе
лихвꙑ|ліхвъі
съ|съ
д҃шеѭ|д҃шеѭ
и|і
истинѹ|істіноу
погѹбиша•|погоубіша
Ꙁаконъ|законъ
же|же
повелѣваѥть|повелѣваеть
гл҃ѧ•|гл҃ѧ
братѹ|братоу
си|сі
не|не
иꙁлихвꙋи|ізліхвоуі
серебра•|серебра
или|ілі
брашьна•|брашьна
или|ілі
вьсеꙗ|вьсеꙗ
пища•|піща
И|і
пакꙑ|пакъі
сребра|сребра
своѥго|своего
не|не
даси|дасі
въ|въ
лихвѹ|ліхвоу
и|і
въ|въ
прибꙑтъкъ•|прібъітъкъ
не|не
даждь|даждь
брашьнъ|брашьнъ
своихъ⸱|своіхъ
Еклисиастъ|еклісіастъ
же|же
о|о
богатѧщиихъ|богатѧщііхъ
сѧ|сѧ
лихвами•|ліхвамі
или|ілі
неправьдами•|неправьдамі
сице|сіце
гл҃еть•|гл҃еть
ѥсть|есть
неправьда|неправьда
люта|люта
ѭже|ѭже
видѣхъ|відѣхъ
подъ|подъ
слъньцьмь•|слъньцьмь
богатьство|богатьство
хранимо|хранімо
ѹ|оу
себе|себе
въ|въ
ꙁълобѹ|зълобоу
ѥго•|его
и|і
погꙑбнеть|погъібнеть
богатьство|богатьство
то|то
въ|въ
млъвѣ|млъвѣ
ꙁълѣ•|зълѣ
а|а
вьси|вьсі
дн҃иѥ|дн҃іе
ѥго|его
въ|въ
тьмѣ|тьмѣ
и|і
плачи•|плачі
и|і
въ|въ
ꙗрости|ꙗрості
мъноꙁѣ|мънозѣ
и|і
недѹꙁѣ•|недоузѣ
и|і
трѹдъ|троудъ
ѥго|его
въ|въ
вѣтръ•|вѣтръ
И|і
аплⷪ҇ъ•|аплоъ
такоже|такоже
поѹчаꙗ|пооучаꙗ
тимоѳѣ•|тімоѳѣ
гл҃ааше•|гл҃ааше
богатꙑимъ|богатъіімъ
въ|въ
нꙑнѧшьнии|нъінѧшьніі
вѣкъ|вѣкъ
ꙁапрѣщѧи|запрѣщѧі
не|не
вꙑсокомѹдровати•|въісокомоудроваті
ни|ні
ѹпъвати|оупъваті
на|на
богатьство|богатьство
беꙁвѣстиꙗ:|безвѣстіꙗ
нъ|нъ
на|на
б҃а|б҃а
даѭщааго|даѭщааго
намъ|намъ
вьсѧ|вьсѧ
обило:|обіло
въ|въ
наслаждениѥ|наслажденіе
благодати:|благодаті
богатити|богатіті
сѧ|сѧ
дѣлꙑ|дѣлъі
добрꙑ:|добръі
благоподативомъ|благоподатівомъ
бꙑти:|бъіті
обьщъникомъ:|обьщънікомъ
съкрꙑваѭщемъ|съкръіваѭщемъ
себе|себе
основаниѥ|основаніе
добро|добро
въ|въ
бѹдѹщеѥ:|боудоущее
имѫть|імѫть
сѧ|сѧ
ꙁа|за
вѣчънѹѭ|вѣчъноуѭ
жиꙁнь:|жізнь
повинѹѭще|повіноуѭще
сѧ|сѧ
ѹ|оу
братиѥ:|братіе
божъствьнѹмѹ|божъствьноумоу
ѱаниѭ:|псаніѭ
отъстѫпимъ|отъстѫпімъ
лютааго|лютааго
лихоиманиꙗ:|ліхоіманіꙗ
и|і
мрьꙁъкааго|мрьзъкааго
сего|сего
ѹмꙑшлѧꙗ|оумъішлѧꙗ
лишвьнааго:|лішвьнааго
лихва|ліхва
бо|бо
льсти|льсті
припрѧжена|пріпрѧжена
ѥсть:|есть
И|і
паче|паче
порьвьнѹимъ|порьвьноуімъ
добрѹѹмѹ|доброуоумоу
рьвьниѭ|рьвьніѭ
блаженааго|блаженааго
ꙁак͗хѣа|закхѣа
гл҃ѫще|гл҃ѫще
съ|съ
нимь:|німь
се|се
полъ|полъ
имѣниꙗ|імѣніꙗ
г҃и:|г҃і
нищиимъ|ніщіімъ
дамь:|дамь
и|і
аще|аще
ѥсмь|есмь
кого|кого
чимь|чімь
обидѣлъ:|обідѣлъ
въꙁвращѹ|възвращоу
четверицеѭ:|четверіцеѭ
да|да
и|і
мꙑ|мъі
ѹслꙑшимъ|оуслъішімъ
отъ|отъ
добрѣ|добрѣ
вѣдѹщааго|вѣдоущааго
таинꙑꙗ|таінъіꙗ
наша|наша
владꙑкꙑ|владъікъі
и|і
сп҃са:|сп҃са
дьньсь|дьньсь
сп҃сениѥ|сп҃сеніе
домѹ|домоу
семѹ|семоу
бꙑсть:|бъість
о|о
хс҃ѣ|хс҃ѣ
исѹсѣ|ісоусѣ
г҃и|г҃і
бꙁ҃ѣ|бз҃ѣ
нашемъ:|нашемъ
ѥмѹже|емоуже
слава|слава
въ|въ
вѣкꙑ|вѣкъі
вѣкомъ:|вѣкомъ
АМИН|амін
г҃і|г҃і
Ꙍ|о
ЛИХОЇМ|ліхоім
ⷶ҇НИИ|аніі
Рече|рече
г҃ь:|г҃ь
никъже|нікъже
можеть•|можеть
дъвѣма|дъвѣма
господинома|господінома
работати:|работаті
ли|лі
бо|бо
о|о
единомь|едіномь
неродить•|неродіть
а|а
дрѹгааго|дроугааго
дрьжить|дрьжіть
сѧ:|сѧ
ли|лі
единого|едіного
въꙁненавидить:|възненавідіть
дрѹгааго|дроугааго
въꙁлюбить:|възлюбіть
не|не
можете|можете
б҃ѹ|б҃оу
работати|работаті
и|і
мамонѣ:|мамонѣ
свобождъше|свобождъше
сѧ|сѧ
отъ|отъ
грѣха•|грѣха
поработисте|поработісте
сѧ|сѧ
правьдѣ:|правьдѣ
и|і
не|не
можете|можете
б҃ѹ|б҃оу
работати|работаті
и|і
мамонѣ:|мамонѣ
ѥже|еже
съкаꙁаѥть|съказаеть
сѧ|сѧ
богатьство:|богатьство
ꙗкоже|ꙗкоже
гл҃еть:|гл҃еть
богатьство|богатьство
аще|аще
течеть:|течеть
не|не
прилагаите|прілагаіте
срьдьцѧ:|срьдьцѧ
лютѣ|лютѣ
бо|бо
грѣшъникѹ|грѣшънікоу
находѧщѫ|находѧщѫ
на|на
дъва|дъва
пѹти:|поуті
понеже|понеже
аще|аще
бѹдеть|боудеть
по|по
ꙁаконѹ:|законоу
чѧсть|чѧсть
прокажена:|прокажена
и|і
чѧсть|чѧсть
чиста:|чіста
то|то
вьсе|вьсе
нечисто|нечісто
ѥсть:|есть
лихоимьць|ліхоімьць
же|же
сꙑтости|съітості
не|не
имать|імать
мъногаго|мъногаго
имѣниꙗ:|імѣніꙗ
егда|егда
бо|бо
м͗ного|много
сътѧжить:|сътѧжіть
пакꙑ|пакъі
иномѹ|іномоу
въсхощеть:|въсхощеть
и|і
ѥгда|егда
и|і
то|то
ѹсвоить:|оусвоіть
пакꙑ|пакъі
дрѹгꙑихъ|дроугъііхъ
желаѥть:|желаеть
и|і
николиже|ніколіже
не|не
прѣстаѥть|прѣстаеть
отъ|отъ
сѹѥтьнааго|соуетьнааго
сего|сего
хотѣниꙗ:|хотѣніꙗ
и|і
не|не
вѣсть|вѣсть
ꙗко|ꙗко
елико|еліко
аще|аще
по|по
мꙑшлениѭ:|мъішленіѭ
еже|еже
имать|імать
чловѣкъ|чловѣкъ
о|о
вещи|вещі
пристрастиꙗ:|прістрастіꙗ
то|то
бж҃ии|бж҃іі
остѹплѥнии|остоупленіі
причѧщаѥть|прічѧщаеть
сѧ:|сѧ
и|і
таковьи:|таковьі
не|не
чаеть|чаеть
коньца|коньца
житиѫ:|жітіѫ
ни|ні
съвѣсть|съвѣсть
ꙗко|ꙗко
пришьльць|прішьльць
есть|есть
вь|вь
семь|семь
житьи:|жітьі
и|і
ꙗже|ꙗже
имать|імать
ꙗко|ꙗко
не|не
того|того
сѫтъ:|сѫтъ
тѣмь|тѣмь
тъ|тъ
сь|сь
беꙁаконьнъими|безаконьнъімі
чьтеть|чьтеть
сѧ:|сѧ
обьштьникъ|обьщьнікъ
бо|бо
есть|есть
богатѹмѹ|богатоумоу
ономѹ:|ономоу
емѹже|емоуже
ѹгобьꙁи|оугобьзі
сꙗ|сꙗ
нива:|ніва
и|і
добрѣ|добрѣ
гл҃ѫть|гл҃ѫть
о|о
таковꙑихъ|таковъііхъ
кънигꙑ:|кънігъі
ꙗкоже|ꙗкоже
адъ|адъ
и|і
погꙑбѣль|погъібѣль
не|не
насꙑштаеть|насъіщаеть
сѧ:|сѧ
тако|тако
и|і
очи|очі
чл҃вчи|чл҃вчі
несꙑтѣ:|несъітѣ
Хотѧ|хотѧ
же|же
бл҃жнъи|бл҃жнъі
ап҃лъ|ап҃лъ
исцѣлити|ісцѣліті
таковꙑ|таковъі
недѫгъ:|недѫгъ
лихоиманиꙗ:|ліхоіманіꙗ
присꙑлаетъ|прісъілаетъ
г҃лѧ•|г҃лѧ
воле|воле
нꙑнѣ|нъінѣ
богатии|богатіі
плачите|плачіте
сѧ|сѧ
ꙁадрѣжѫште|задрѣжѫще
о|о
страстехъ|страстехъ
вашихъ|вашіхъ
грѧдѹштиихъ|грѧдоущііхъ
на|на
вꙑ•|въі
богатьство|богатьство
ваше|ваше
иꙁгни:|ізгні
и|і
риꙁы|різъі
вашꙗ|ваша
мольми|мольмі
иꙁѣденꙑ|ізѣденъі
бꙑшѧ:|бъішѧ
Дв҃дь|дв҃дь
же|же
о|о
таковыихъ|таковъііхъ
гл҃етъ•|гл҃етъ
иде|іде
ѹбо|оубо
обраꙁомь|образомь
ходитъ|ходітъ
члв҃къ•|члв҃къ
обаче|обаче
въсѹе|въсоуе
мѹтить|моутіть
сѧ•|сѧ
съкрꙑваеть|съкръіваеть
и|і
не|не
вѣсть|вѣсть
комѹ|комоу
събираеть|събіраеть
ꙗ:|ꙗ
Присно|прісно
бо|бо
сънискаѫштеи•|съніскаѫщеі
вьсѹе|вьсоуе
трѹдѧть|троудѧть
сꙗ:|сꙗ
И|і
инѣмь|інѣмь
дѣлаѫште|дѣлаѫще
обрѣтаѫть|обрѣтаѫть
сѧ:|сѧ
хотѧште|хотѧще
бо|бо
богатити|богатіті
сѧ•|сѧ
въпадаѫтъ|въпадаѫтъ
сѧ|сѧ
въ|въ
напасти•|напасті
и|і
сѣти|сѣті
неприꙗꙁнинꙑ:|непріꙗзнінъі
и|і
похоти|похоті
многꙑ|многъі
несъмꙑслънꙑ:|несъмъіслънъі
и|і
врѣждаѫшта:|врѣждаѫща
ꙗже|ꙗже
погрѫжаѫть|погрѫжаѫть
чл҃вкꙑ:|чл҃вкъі
вь|вь
вьсетьлѣние:|вьсетьлѣніе
и|і
погꙑбѣль•|погъібѣль
по|по
ап҃лѹ|ап҃лоу
и|і
пакꙑ•|пакъі
ꙁапрѣштаетъ|запрѣщаетъ
бѣгати|бѣгаті
лихоиманиꙗ:|ліхоіманіꙗ
еже|еже
естъ|естъ
идолослѹжение:|ідолослоуженіе
егоже|егоже
ради|раді
грѧдетъ|грѧдетъ
гнѣвъ|гнѣвъ
бж҃ии:|бж҃іі
на|на
с҃нꙑ|с҃нъі
противънꙑꙗ:|протівънъіꙗ
добро|добро
ѹбо|оубо
есть•|есть
своѧ|своѧ
похоти|похоті
вьꙁненавидѣвъше:|вьзненавідѣвъше
беꙁѹмьнꙑѧ|безоумьнъіѧ
хвалꙑ:|хвалъі
ꙗже|ꙗже
отъ|отъ
богатъства:|богатъства
еже|еже
есть|есть
въꙁненавидѣти|възненавідѣті
своѫ|своѫ
дш҃ѫ:|дш҃ѫ
и|і
отърешти|отърещі
сѧ|сѧ
вьсего:|вьсего
славꙑ|славъі
ради|раді
ев҇ⷢльꙗ|евгльꙗ
бж҃ьꙗ:|бж҃ьꙗ
вьꙁемѧи|вьземѧі
бо|бо
мꙑсль|мъісль
своѫ|своѫ
отъ|отъ
вьсего|вьсего
лихоиманиѧ:|ліхоіманіѧ
можетъ|можетъ
видѣти|відѣті
къꙁни|къзні
неприꙗꙁнинꙑ:|непріꙗзнінъі
егда|егда
бо|бо
иꙁидетъ|ізідетъ
ѹмъ|оумъ
отъ|отъ
тѣснъихъ|тѣснъіхъ
печальи:|печальі
то|то
видитъ|відітъ
по|по
рѧдѹ|рѧдоу
вьсѣ|вьсѣ
пронꙑреньꙗ•|пронъіреньꙗ
врагъ•|врагъ
рече|рече
же|же
притъчьникъ•|прітъчьнікъ
не|не
польꙁюѫтъ|пользюѫтъ
ничесоже|нічесоже
съкровишта|съкровіща
беꙁаконнꙑимъ:|безаконнъіімъ
правъда|правъда
же|же
иꙁбавлꙗетъ|ізбавлꙗетъ
отъ|отъ
съмръти:|съмръті
и|і
иꙁволенѣе|ізволенѣе
имѧ|імѧ
добро|добро
нежели|нежелі
богатьство|богатьство
много:|много
паче|паче
же|же
сребра|сребра
и|і
ꙁлата•|злата
благодѣть|благодѣть
блага•|блага
съдръжаи|съдръжаі
же|же
пьшеницѹ:|пьшеніцоу
оставить|оставіть
ѫ|ѫ
ꙗꙁꙑкомъ:|ꙗзъікомъ
и|і
цѣнѧи|цѣнѧі
скѫпѣ|скѫпѣ
жито⸱|жіто
проклѧтъ|проклѧтъ
людьми:|людьмі
бл҃ние|бл҃ніе
же|же
на|на
главѣ|главѣ
подаѫштааго•|подаѫщааго
и|і
надѣѧ|надѣѧ
сѧ|сѧ
богатьствѣ:|богатьствѣ
падетъ•|падетъ
а|а
ꙁастѫпаѧи|застѫпаѧі
правъдьникꙑ•|правъдьнікъі
тъ|тъ
въсиꙗетъ•|въсіꙗетъ
Г҃ъ|г҃ъ
рече|рече
о|о
хотѧштиимъ|хотѧщіімъ
своѧ|своѧ
житъницѧ|жітъніцѧ
раꙁорити:|разоріті
и|і
болъша|болъша
съꙁъдати•|съзъдаті
беꙁѹмъне:|безоумъне
въ|въ
сиѫ|сіѫ
ношть|нощь
ан҃гли|ан҃глі
дш҃ѫ|дш҃ѫ
твоѫ|твоѫ
истѧжѫтъ•|істѧжѫтъ
а|а
ꙗже|ꙗже
ѹготова•|оуготова
комѹ|комоу
бѹдѹтъ•|боудоутъ
тако|тако
вьсь|вьсь
сьбираꙗи|сьбіраꙗі
себѣ•|себѣ
а|а
не|не
въ|въ
б҃а|б҃а
богатѣѧ:|богатѣѧ
о|о
х҃ѣ|х҃ѣ
ис҃ѣ|іс҃ѣ
б҃ꙁѣ|б҃зѣ
нашемъ|нашемъ
емѹже|емоуже
слава|слава
въ|въ
вѣкꙑ|вѣкъі
вѣком|вѣком
АМИН|амін
О|о
МЛЪВЕНЬИ•|млъвеньі
СИРѢЧЪ|сірѣчъ
О|о
ЛИХОТРОУДЬИ|ліхотроудьі
і҃д|і҃д
О|о
млъвеньи|млъвеньі
ꙗвѣ|ꙗвѣ
ѹчитъ|оучітъ
нꙑ|нъі
еклисиастъ|еклісіастъ
сице•|сіце
дахъ|дахъ
ср҃це|ср҃це
сво|сво
иꙁискати|ізіскаті
и|і
посмотрити|посмотріті
прѣмѹдростиѫ:|прѣмоудростіѫ
о|о
въсѣхъ|въсѣхъ
бывъшиихъ|бъівъшііхъ
подъ|подъ
слн҃цемь•|слн҃цемь
ꙗко|ꙗко
млъвение|млъвеніе
люто|люто
дастъ|дастъ
б҃ъ|б҃ъ
сн҃омъ|сн҃омъ
чл҃чемъ|чл҃чемъ
мльвити|мльвіті
въ|въ
немъ•|немъ
и|і
по|по
малѣ•|малѣ
и|і
приꙁьрѣхъ|прізьрѣхъ
аꙁъ|азъ
на|на
въсѣ|въсѣ
творениꙗ|твореніꙗ
моꙗ•|моꙗ
ꙗже|ꙗже
сьтвористе|сьтворісте
рѹцѣ|роуцѣ
мои•|моі
и|і
на|на
тъштание|тъщаніе
имьже|імьже
тъштахъ|тъщахъ
сꙗ|сꙗ
творити•|творіті
а|а
се|се
въсе|въсе
сѹета•|соуета
И|і
па҇ⷦ:|пак
прѣдъ|прѣдъ
лицемъ|ліцемъ
чл҃кѹ|чл҃коу
далъ|далъ
мѫдростъ|мѫдростъ
и|і
раꙁѹмъ|разоумъ
и|і
радостъ•|радостъ
а|а
съгрѣшаѫштѹмѹ|съгрѣшаѫщоумоу
далъ|далъ
млъвение|млъвеніе
и|і
еже|еже
далъ•|далъ
въ|въ
попѹсти|попоусті
мѣсто|мѣсто
раꙁѹмѣти•|разоумѣті
самовластию|самовластію
чл҃чю|чл҃чоу
приложити|пріложіті
и|і
събърати•|събъраті
ꙗко|ꙗко
и|і
се|се
сѹетъе•|соуетъе
въсе|въсе
бꙑстъ|бъістъ
отъ|отъ
пръсти|пръсті
вьсе|вьсе
въ|въ
пръстъ|пръстъ
въсели|въселі
сѧ:|сѧ
И|і
наводитъ•|наводітъ
добро|добро
плъностъ|плъностъ
гръсти|гръсті
покоꙗ•|покоꙗ
неже|неже
плъность|плъность
дъвоѫ|дъвоѫ
гръстию|гръстію
трѹда•|троуда
и|і
приводитъ•|пріводітъ
вь|вь
нихъже|ніхъже
дахъ|дахъ
ср҃дце|ср҃дце
мое|мое
поꙁнати|познаті
грѣхъ|грѣхъ
мои•|моі
и|і
видѣти|відѣті
млъвение|млъвеніе
сътвореное|сътвореное
на|на
ꙁемли•|землі
ꙗко|ꙗко
и|і
вь|вь
дьне|дьне
и|і
въ|въ
ношти•|нощі
сънъ|сънъ
очи|очі
го|го
нѣсте|нѣсте
видѧшти•|відѧщі
и|і
вьсе|вьсе
житие|жітіе
нечьстива|нечьстіва
вь|вь
печали•|печалі
начѧло|начѧло
бо|бо
ꙁълѹ|зълоу
млъвение|млъвеніе
бж҃ьствьнѹмѹ|бж҃ьствьноумоу
ѱаниѫ•|псаніѫ
ꙗвьньнѣ|ꙗвьньнѣ
покаꙁавъшю|показавъшоу
намъ|намъ
млъвение|млъвеніе
житие|жітіе
сѫште|сѫще
нечьстивꙑ|нечьстівъі
и|і
грѣшънꙑ|грѣшънъі
чѧди•|чѧді
въси|въсі
ѹбо|оубо
длъжьни|длъжьні
есмъ|есмъ
сего|сего
отъбѣгнѫти•|отъбѣгнѫті
иꙁѧштьнѣе|ізѧщьнѣе
же|же
мꙑ|мъі
отърекъшеи|отърекъшеі
сѧ|сѧ
мира•|міра
и|і
анг҃лское|анг҃лское
житие|жітіе
вьсприимъше:|вьспріімъше
беꙁвештьно|безвещьно
бо|бо
беꙁмлъвие•|безмлъвіе
вештьнааго|вещьнааго
личьꙗ|лічьꙗ
чьстьнѣе|чьстьнѣе
е•|е
Паче|паче
же|же
и|і
ап҃лѹ|ап҃лоу
гл҃ѭштю•|гл҃ѭщоу
никътоже|нікътоже
воинъ|воінъ
бываѧ|бъіваѧ
обѧꙁаетъ|обѧзаетъ
сѧ|сѧ
кѹпꙗми|коупꙗмі
житиисками•|жітііскамі
да|да
воеводѣ|воеводѣ
годѣ|годѣ
бѹдетъ•|боудетъ
И|і
паⷦ•|пак
да|да
тихо|тіхо
и|і
беꙁмлъвьно|безмлъвьно
житие|жітіе
живемъ|жівемъ
вь|вь
вьсемъ|вьсемъ
благовѣри-и|благовѣріі
правьдѣ•|правьдѣ
Семѹжде|семоужде
же|же
и|і
многолюбьꙁнꙑи|многолюбьзнъіі
г҃ъ|г҃ъ
нашъ|нашъ
марѳоѫ|марѳоѫ
иꙁѹчаеть|ізоучаеть
нꙑ|нъі
гл҃ѧ|гл҃ѧ
къ|къ
неи•|неі
марѳо|марѳо
марѳо|марѳо
печеши|печеші
сѧ|сѧ
и|і
мльвиши|мльвіші
о|о
мьноꙁѣ:|мьнозѣ
единоже|едіноже
естъ|естъ
на|на
потрѣбѹ•|потрѣбоу
мариꙗ|маріꙗ
бо|бо
благѫѭ|благѫѭ
часть|часть
иꙁбъра:|ізбъра
Такожде|такожде
же|же
и|і
притъчеѫ|прітъчеѫ
сѣѫштааго•|сѣѫщааго
вьнегда|вьнегда
гл҃етъ:|гл҃етъ
ово|ово
паде|паде
въ|въ
трьнии•|трьніі
и|і
въꙁдрасте|въздрасте
тръние•|тръніе
и|і
подави|подаві
е:|е
И|і
съкаꙁаѧ|съказаѧ
приноситъ•|пріносітъ
сь|сь
естъ|естъ
слꙑшѧи|слъішѧі
слово|слово
и|і
печаль|печаль
вѣка|вѣка
сего•|сего
и|і
прѣльстъ|прѣльстъ
богатьства|богатьства
подаваетъ|подаваетъ
слово:|слово
и|і
бес|бес
плода|плода
бꙑваетъ•|бъіваетъ
а|а
сѣѧное|сѣѧное
на|на
добрѣ|добрѣ
ꙁемли|землі
сии|сіі
же|же
сѫтъ|сѫтъ
слꙑшаштеи|слъішащеі
слово|слово
ср҃цемъ|ср҃цемъ
добромъ•|добромъ
Сирѣчъ|сірѣчъ
беꙁмлъвиемъ|безмлъвіемъ
и|і
тихостиѫ•|тіхостіѫ
и|і
плодь|плодь
творѧтъ•|творѧтъ
вь|вь
л҃|л҃
и|і
ѯ҃|ѯ҃
и|і
вь|вь
р҃|р҃
о|о
х҃ѣ|х҃ѣ
іс҃ѣ|іс҃ѣ
г҃и|г҃і
бꙁ҃ѣ|бз҃ѣ
нашемъ•|нашемъ
емѹже|емоуже
слава|слава
въ|въ
вѣ|вѣ
вѣкомь|вѣкомь
АМИН|амін
і҃е|і҃е
О|о
ТОМ|том
ЕЖЕ|еже
НЕ|не
ЛЮБИТИ|любіті
МИРА|міра
СЕГО|сего
Мѫжи•|мѫжі
иже|іже
х҃вꙑ|х҃въі
ради|раді
любьве•|любьве
оставивъше|оставівъше
родителѧ•|родітелѧ
и|і
чѧда•|чѧда
и|і
братиѫ•|братіѫ
и|і
вьсѣ|вьсѣ
вѣка|вѣка
сего|сего
ѹметꙑ|оуметъі
мьньвъше:|мьньвъше
да|да
х҃а|х҃а
приобрѧштемъ•|пріобрѧщемъ
не|не
моꙁѣмъ|мозѣмъ
сьде|сьде
искати|іскаті
славꙑ•|славъі
ни|ні
плъти|плъті
промꙑсла|промъісла
съдѣимъ•|съдѣімъ
ни|ні
врѣменнъихъ•|врѣменнъіхъ
и|і
тьлѣѫштиихъ|тьлѣѫщііхъ
вьꙁлюбимъ•|вьзлюбімъ
ни|ні
погребѣмъ|погребѣмъ
вь|вь
ꙁемли|землі
таланта•|таланта
не|не
вьꙁиштѣмъ|вьзіщѣмъ
сьде|сьде
отьчьства•|отьчьства
нъ|нъ
бѫдѹштааго|бѫдоущааго
вьꙁиштѣмъ•|вьзіщѣмъ
вьꙁьримъ|вьзьрімъ
же|же
на|на
ненавидѧштиихъ|ненавідѧщііхъ
мира|міра
сего•|сего
а|а
б҃а|б҃а
любѧштиихъ•|любѧщііхъ
и|і
ѹꙁьримъ|оузьрімъ
вьсѫ|вьсѫ
мꙑсль|мъісль
ихъ•|іхъ
прѣсельшѹ|прѣсельшоу
сѧ•|сѧ
на|на
о|о
на|на
вѣчьнаа|вѣчьнаа
жилишта:|жіліща
Иже|іже
и|і
ходиша|ходіша
въ|въ
овъчахъ|овъчахъ
и|і
коꙁьѧхъ|козьѧхъ
кожахъ•|кожахъ
лишени⸱|лішені
скръбѧште•|скръбѧще
да|да
и|і
желаемааго|желаемааго
миротворьца|міротворьца
насладѧтъ|насладѧтъ
сѧ•|сѧ
Тѣмъже|тѣмъже
и|і
мꙑ|мъі
вьꙁираѫште•|вьзіраѫще
на|на
дивьныꙗ|дівьнъіꙗ
тꙑ|тъі
мѫжѧ:|мѫжѧ
слѣдомъ|слѣдомъ
ихъ|іхъ
послѣдѹимъ•|послѣдоуімъ
ни|ні
на|на
чьтоже|чьтоже
ино|іно
вьꙁираѫште•|вьзіраѫще
ни|ні
на|на
славѫ|славѫ
чл҃чѫ•|чл҃чѫ
ни|ні
на|на
ино|іно
етеро|етеро
отънѫдь|отънѫдь
еже|еже
естъ|естъ
вѣка|вѣка
сего•|сего
да|да
въꙁможемъ|възможемъ
доити|доіті
съ|съ
ними•|німі
ѹготованъихъ|оуготованъіхъ
любѧштиимъ|любѧщіімъ
б҃а•|б҃а
Бѣжимъ|бѣжімъ
ѹбо|оубо
любленици•|любленіці
мира|міра
и|і
сѫштиихъ|сѫщііхъ
вь|вь
мирѣ•|мірѣ
миръ|міръ
бо|бо
вьсь|вьсь
вь|вь
ꙁьлѣ|зьлѣ
лежитъ•|лежітъ
ꙗкоже|ꙗкоже
бж҃ствьное|бж҃ствьное
отърече|отърече
слово•|слово
дш҃а|дш҃а
бо|бо
аште|аще
мирънъихъ|мірънъіхъ
не|не
останетъ|останетъ
сѧ|сѧ
печальи•|печальі
то|то
ни|ні
б҃а|б҃а
вьꙁлюбитъ|вьзлюбітъ
истиннѣ•|істіннѣ
ни|ні
диꙗвола|діꙗвола
вьꙁненавидитъ|вьзненавідітъ
достоинѣ•|достоінѣ
покрꙑвало|покръівало
бо|бо
единоѭ|едіноѭ
иматъ|іматъ
печально•|печально
аште|аще
ѹбо|оубо
въ|въ
обꙑчаи|объічаі
придетъ•|прідетъ
небрѣговати|небрѣговаті
мирънъихъ|мірънъіхъ
добръ:|добръ
можемъ|можемъ
и|і
ꙁемьнѫѭ|земьнѫѭ
дш҃ѧ|дш҃ѧ
похотъ•|похотъ
съ|съ
словесъноѫ|словесъноѫ
еꙗ•|еꙗ
съвъкѹпити|съвъкоупіті
любьвьѭ•|любьвьѭ
обьштениѫ|обьщеніѫ
ст҃го|ст҃го
дх҃а|дх҃а
се|се
строꙗштѹ|строꙗщоу
намъ•|намъ
аште|аще
ѹбо|оубо
въ|въ
страсѣ|страсѣ
живемъ•|жівемъ
и|і
градъ|градъ
нашь|нашь
далече|далече
естъ|естъ
отъ|отъ
града|града
сего•|сего
и|і
вѣмъ|вѣмъ
градъ|градъ
нашъ|нашъ
вь|вь
немьже|немьже
хоштемъ|хощемъ
жити•|жіті
чьто|чьто
вь|вь
стѹждемъ|стоуждемъ
готоваемъ|готоваемъ
села|села
и|і
ꙁъданиꙗ•|зъданіꙗ
и|і
жилишта|жіліща
сѹетьна•|соуетьна
и|і
оплъчениꙗ|оплъченіꙗ
многа•|многа
Си|сі
бо|бо
гатоваꙗи|гатоваꙗі
въ|въ
тѹждемъ|тоуждемъ
градѣ•|градѣ
ꙗвѣ|ꙗвѣ
естъ|естъ
ꙗко|ꙗко
не|не
чаетъ|чаетъ
въꙁвратити|възвратіті
сѧ|сѧ
въ|въ
свои•|своі
сирѣчъ|сірѣчъ
въ|въ
вꙑшьнии|въішьніі
іл҃мъ•|іл҃мъ
мꙑсль|мъісль
бо|бо
си•|сі
беꙁѹмьнъихъ|безоумьнъіхъ
и|і
дъвод҃шънꙑихъ|дъвод҃шънъііхъ
и|і
окаанꙑихъ|окаанъііхъ
чл҃къ|чл҃къ
естъ•|естъ
не|не
раꙁѹмѣѫть|разоумѣѫть
бо|бо
ꙗко|ꙗко
си|сі
въсѣ|въсѣ
тѹжда|тоужда
сѫтъ•|сѫтъ
и|і
подъ|подъ
властиѫ|властіѫ
иного|іного
сѹтъ•|соутъ
сирѣчь|сірѣчь
кънѧꙁѧ|кънѧзѧ
вѣка|вѣка
сего•|сего
Тѣмьже|тѣмьже
длъжъни|длъжъні
есмъ|есмъ
ꙗко|ꙗко
въ|въ
тѹждемь|тоуждемь
живѫште•|жівѫще
ничесоже|нічесоже
больша|больша
готовати|готоваті
себѣ•|себѣ
раꙁвѣ|развѣ
самодовьлиѧ•|самодовьліѧ
и|і
добрꙑ|добръі
дѣтѣли•|дѣтѣлі
любѧштеи|любѧщеі
бо|бо
своего|своего
г҃а•|г҃а
и|і
имѫштеи|імѫщеі
присно|прісно
въ|въ
своихъ|своіхъ
ср҃цихъ•|ср҃ціхъ
въ|въ
ꙁаповѣдехъ|заповѣдехъ
его|его
ходѧтъ•|ходѧтъ
и|і
ꙁаповѣдемъ|заповѣдемъ
его|его
вѣрѹѫть•|вѣроуѫть
и|і
чаѫть•|чаѫть
добро|добро
ѹбо|оубо
естъ•|естъ
вь|вь
имѣнии|імѣніі
мѣсто|мѣсто
и|і
сътѧжании•|сътѧжаніі
сѫштиихъ|сѫщііхъ
дьньсъ|дьньсъ
нашихъ•|нашіхъ
а|а
ѹтрѣ|оутрѣ
тѹждихъ•|тоуждіхъ
ѹтѣшати|оутѣшаті
дш҃ѧ|дш҃ѧ
скръбънꙑѧ•|скръбънъіѧ
ꙗкоже|ꙗкоже
къто|къто
можетъ•|можетъ
въдовицъ|въдовіцъ
и|і
сиротъ|сіротъ
посѣштати•|посѣщаті
а|а
не|не
прѣврѣждати|прѣврѣждаті
имъ•|імъ
такожде|такожде
и|і
въ|въ
манастꙑрихъ|манастъіріхъ
добрѣ|добрѣ
растраꙗти|растраꙗті
своꙗ•|своꙗ
богатьство|богатьство
еже|еже
отъ|отъ
б҃а|б҃а
приꙗтъ•|пріꙗтъ
на|на
семь|семь
свѣтѣ•|свѣтѣ
тѣмъ|тѣмъ
раꙁдаꙗти•|раздаꙗті
на|на
се|се
бо|бо
и|і
подасть|подасть
ꙗ|ꙗ
намъ|намъ
благъи|благъі
нашъ|нашъ
вл҃ка•|вл҃ка
да|да
въ|въ
слѹжъбѹ|слоужъбоу
сиѫ•|сіѫ
иждивѫтъ|іждівѫтъ
сѧ•|сѧ
да|да
вь|вь
тѣхъ|тѣхъ
мѣсто|мѣсто
приимемъ•|пріімемъ
богатьство|богатьство
нетьлѣнно•|нетьлѣнно
ꙁѣло|зѣло
ѹбо|оубо
лѹч-естъ|лоучестъ
тацѣхъ|тацѣхъ
селъ•|селъ
и|і
имѣнии|імѣніі
кѹповати•|коуповаті
ꙗже|ꙗже
и|і
прѣбꙑтьна|прѣбъітьна
сѫтъ•|сѫтъ
и|і
варѣѫтъ|варѣѫтъ
нꙑ|нъі
въ|въ
старѣемъ|старѣемъ
градѣ|градѣ
нашемъ•|нашемъ
егда|егда
придемъ|прідемъ
въ|въ
нь•|нь
не|не
пьцѣмъ|пьцѣмъ
сѧ|сѧ
ѹбо|оубо
вьꙁлюбении•|вьзлюбеніі
ꙗкоже|ꙗкоже
речено|речено
быстъ•|бъістъ
врѣменнъими|врѣменнъімі
да|да
вѣчънаꙗ|вѣчънаꙗ
полѹчимъ•|полоучімъ
мимотьцѣмъ|мімотьцѣмъ
мира|міра
сего•|сего
да|да
миротворъца|міротворъца
доидемъ•|доідемъ
оставимъ|оставімъ
не|не
нашаа•|нашаа
да|да
нашаꙗ|нашаꙗ
приимемъ•|пріімемъ
обраꙁъ|образъ
бо|бо
мира|міра
сего|сего
мимоходитъ•|мімоходітъ
ꙗко|ꙗко
сънъ•|сънъ
да|да
ꙗште|ꙗще
и|і
трѣбѫемъ|трѣбѫемъ
мира|міра
сего•|сего
бѹдемъ|боудемъ
ꙗко|ꙗко
нетрѣбѹѫште:|нетрѣбоуѫще
Ꙗкоже|ꙗкоже
и|і
блаженꙑ•|блаженъі
иоанъ|іоанъ
ꙁаповѣдаетъ|заповѣдаетъ
гл҃ѧ•|гл҃ѧ
Не|не
любите|любіте
мира|міра
сего•|сего
ни|ні
ꙗже|ꙗже
сѹтъ|соутъ
вь|вь
мирѣ|мірѣ
семь•|семь
аште|аще
кто|кто
любить|любіть
мирь|мірь
сь|сь
нѣстъ|нѣстъ
любьве|любьве
оч҃а|оч҃а
вь|вь
немъ•|немъ
ꙗко|ꙗко
вьсе|вьсе
еже|еже
вь|вь
свѣтѣ|свѣтѣ
семь•|семь
похоть|похоть
пльтьнаꙗ•|пльтьнаꙗ
и|і
похоть|похоть
очьнаѧ•|очьнаѧ
гръдꙑни|гръдъіні
житиискаꙗ•|жітііскаꙗ
ꙗже|ꙗже
не|не
сѫтъ|сѫтъ
ѿ|от
оц҃а•|оц҃а
нъ|нъ
отъ|отъ
мира|міра
се|се
естъ•|естъ
и|і
миръ|міръ
сь|сь
мимоходить|мімоходіть
и|і
похоть|похоть
его•|его
а|а
творѧи|творѧі
волю|волю
бж҃иѫ|бж҃іѫ
прѣбываетъ|прѣбъіваетъ
въ|въ
вѣкь•|вѣкь
рече|рече
и|і
иꙗковъ•|іꙗковъ
иже|іже
аште|аще
иꙁволитъ|ізволітъ
дрѹгъ|дроугъ
свѣтѹ|свѣтоу
семѹ|семоу
быти•|бъіті
врагъ|врагъ
бж҃ьи|бж҃ьі
бываетъ•|бъіваетъ
Павлъ|павлъ
же•|же
съвлъкъше|съвлъкъше
сꙗ|сꙗ
ветьхааго|ветьхааго
чл҃ка•|чл҃ка
съ|съ
дѣаниїми|дѣаніімі
его•|его
и|і
облъкъше|облъкъше
сѧ|сѧ
вь|вь
новааго•|новааго
обнавꙗѫштааго|обнавꙗѫщааго
сѧ•|сѧ
И|і
приноситъ•|пріносітъ
ничесоже|нічесоже
бо|бо
не|не
вьнесохомъ|вьнесохомъ
въ|въ
миръ|міръ
сь•|сь
ꙗвѣ|ꙗвѣ
же|же
ꙗко|ꙗко
ни|ні
иꙁнести|ізнесті
чесо|чесо
въꙁможемь•|възможемь
имѹште|імоуще
же|же
пиштѧ|піщѧ
и|і
одѣниꙗ•|одѣніꙗ
сими|сімі
довьльни|довьльні
бѹдѣмъ•|боудѣмъ
Сихъ|сіхъ
жде|жде
и|і
соломонъ•|соломонъ
проситъ|просітъ
гл҃ѧ•|гл҃ѧ
богатъства|богатъства
и|і
ништетꙑ|ніщетъі
не|не
даждь|даждь
ми•|мі
съчетаи|съчетаі
же|же
ми|мі
подобьнаꙗ•|подобьнаꙗ
и|і
самодовъльна•|самодовъльна
И|і
пакꙑ•|пакъі
павлъ|павлъ
велѧ|велѧ
намъ|намъ
вꙑсоче|въісоче
вьꙁити•|вьзіті
и|і
съ|съ
нб҃снъими|нб҃снъімі
гражданꙑ|гражданъі
ѹстроити|оустроіті
сѧ:|сѧ
ѹчить|оучіть
гл҃ѧ•|гл҃ѧ
аште|аще
ѹбо|оубо
въскръснѹсте|въскръсноусте
съ|съ
хм҃ъ•|хм҃ъ
то|то
вꙑшьньихъ|въішьньіхъ
иштѣте•|іщѣте
идеже|ідеже
есть|есть
х҃ь|х҃ь
о|о
деснѫѭ|деснѫѭ
оц҃а|оц҃а
сѣдѧ•|сѣдѧ
вꙑшьнѧа|въішьнѧа
мѫдрѹите|мѫдроуіте
а|а
не|не
ꙁемьнаꙗ•|земьнаꙗ
ѹмрѣсте|оумрѣсте
бо|бо
съ|съ
х҃мъ•|х҃мъ
и|і
животъ|жівотъ
вашь|вашь
съкръвенъ|съкръвенъ
естъ|естъ
о|о
х҃ѣ•|х҃ѣ
хотѧ|хотѧ
нꙑ|нъі
добрꙑимъ|добръіімъ
иꙁмѣнениемъ|ізмѣненіемъ
иꙁмѣнити•|ізмѣніті
И|і
приводитъ•|пріводітъ
не|не
съобраꙁѫите|съобразѫіте
сѧ|сѧ
вѣкѹ|вѣкоу
семѹ•|семоу
нъ|нъ
прѣобраꙁѹите|прѣобразоуіте
сѧ|сѧ
въ|въ
обновление|обновленіе
ѹма|оума
вашего•|вашего
Благъи|благъі
же|же
нашъ|нашъ
г҃ь•|г҃ь
ѹтвръждаꙗ|оутвръждаꙗ
слово|слово
своихъ|своіхъ
ѹченикъ•|оученікъ
рече•|рече
каѧ|каѧ
ѹбо|оубо
польꙁѣ|пользѣ
чл҃кѹ•|чл҃коу
аште|аще
вьсь|вьсь
миръ|міръ
приобрѧштетъ•|пріобрѧщетъ
а|а
дш҃ѫ|дш҃ѫ
своѫ|своѫ
отъштетить•|отъщетіть
ли|лі
чьто|чьто
дасть|дасть
иꙁмѣнѫ|ізмѣнѫ
ꙁа|за
дш҃ѫ|дш҃ѫ
своѫ|своѫ
б҃ѹ•|б҃оу
емѹже|емоуже
слава|слава
вь|вь
вѣкы|вѣкъі
вѣкомъ•|вѣкомъ
АМИН|амін
ꙅ҃і|з҃і
О|о
ДРЪꙀОСТИ|дръзості
Подобьна|подобьна
естъ|естъ
дрьꙁостъ|дрьзостъ
ꙁноѫ|зноѫ
велию•|велію
егоже|егоже
не|не
тръпѧште|тръпѧще
палениⱑ•|паленіѧ
бѣгаѫтъ|бѣгаѫтъ
чл҃ци|чл҃ці
ѿ|от
него•|него
и|і
подъ|подъ
сѣнь|сѣнь
прибѣгаѫть•|прібѣгаѫть
покоꙗ|покоꙗ
ради•|раді
еже|еже
есть|есть
беꙁдръꙁновение|бездръзновеніе
и|і
говѣние•|говѣніе
оходѧтъ|оходѧтъ
лютааго|лютааго
дꙑма|дъіма
дръꙁновениѧ•|дръзновеніѧ
и|і
прѣходꙗтъ|прѣходꙗтъ
къ|къ
кѹрениѫ|коуреніѫ
благоѹханьнаго|благооуханьнаго
кадила•|каділа
еже|еже
естъ|естъ
беꙁмлъвие•|безмлъвіе
бѣжатъ|бѣжатъ
смрада|смрада
лѹкогрꙑꙁьца•|лоукогръізьца
и|і
приближаѫтъ|прібліжаѫтъ
сѧ|сѧ
муроносьци•|муроносьці
и|і
сладорѣчивѣ•|сладорѣчівѣ
иꙁдригаѫштиимъ|іздрігаѫщіімъ
слово|слово
благо•|благо
и|і
истачаѫштиимъ|істачаѫщіімъ
словеса|словеса
гн҃ѧ|гн҃ѧ
прѣчиста•|прѣчіста
ничьтоже|нічьтоже
бо|бо
тако|тако
просмраждаетъ|просмраждаетъ
добрꙑꙗ|добръіꙗ
дѣтели|дѣтелі
чл҃кѹ•|чл҃коу
ꙗкоже|ꙗкоже
скрѣневание|скрѣневаніе
и|і
играние•|іграніе
и|і
праꙁдьнословесие•|праздьнословесіе
и|і
пакꙑ•|пакъі
ничьтоже|нічьтоже
тако|тако
обетъшавьшаꙗ|обетъшавьшаꙗ
дш҃ѧ|дш҃ѧ
понѧвлѧетъ•|понѧвлѧетъ
ꙗкоже|ꙗкоже
страхъ|страхъ
бж҃іи:|бж҃іі
и|і
доброе|доброе
вънимание•|въніманіе
и|і
еже|еже
поѹчати|пооучаті
сѧ|сѧ
бес|бес
прѣстана|прѣстана
словесемъ|словесемъ
гн҃емь•|гн҃емь
и|і
м҃лтвоѫ|м҃лтвоѫ
присно|прісно
сѧ|сѧ
въорѹжати•|въороужаті
и|і
бьдростьнааго|бьдростьнааго
прибꙑтька|прібъітька
слѣдовати:|слѣдоваті
стъ•|стъ
ꙗкоже|ꙗкоже
естъ|естъ
ѱано|псано
вь|вь
еклисиастѣ•|еклісіастѣ
ꙗко|ꙗко
мрьꙁость|мрьзость
г҃ю•|г҃ю
ѹтвръждаꙗи|оутвръждаꙗі
око•|око
и|і
ненакаꙁании|ненаказаніі
невьꙁдръживи|невьздръжіві
ѧꙁыкомь•|ѧзъікомь
и|і
аште|аще
обранѣеши|обранѣеші
беꙁѹмьнааго|безоумьнааго
посрѣдѣ|посрѣдѣ
сьньмишта|сьньміща
срамѣꙗ|срамѣꙗ
и|і
не|не
отъимеши|отъімеші
беꙁѹмиѧ|безоуміѧ
его•|его
И|і
па҇ⷦ•|пак
мѫдрость|мѫдрость
чл҃кѹ|чл҃коу
просвѣштаетъ|просвѣщаетъ
лице|ліце
его•|его
бестѹдьнꙑи|бестоудьнъіі
же|же
лицемъ|ліцемъ
своимь|своімь
вьꙁненавидѣнь|вьзненавідѣнь
бѹдетъ•|боудетъ
И|і
вь|вь
притъчахъ•|прітъчахъ
рѣдъко|рѣдъко
въноси|въносі
своѫ|своѫ
ногѹ|ногоу
къ|къ
дрѹгѹ|дроугоу
своемѹ:|своемоу
еда|еда
когда|когда
насꙑштъ|насъіщъ
сѧ|сѧ
тебе|тебе
вьꙁненавидитъ|вьзненавідітъ
тѧ•|тѧ
отъврати|отъвраті
отъ|отъ
себе|себе
поносъна|поносъна
словеса•|словеса
И|і
паⷦ:|пак
иже|іже
аште|аще
благоствѹеть|благоствоуеть
дрѹга|дроуга
велиемь|веліемь
гласомь•|гласомь
и|і
кльнѫштаго|кльнѫщаго
ничимьже|нічімьже
естъ|естъ
раꙁно•|разно
И|і
паⷦ•|пак
иже|іже
хранитъ|хранітъ
ѹста|оуста
своꙗ|своꙗ
и|і
ѧꙁ҃кь•|ѧз҃кь
съблѫдеть|съблѫдеть
отъ|отъ
печали|печалі
дш҃ѫ|дш҃ѫ
своѫ•|своѫ
подвигнѣмъ|подвігнѣмъ
сѧ|сѧ
ѹбо|оубо
въꙁлюблении|възлюбленіі
вьсеѫ|вьсеѫ
силоѫ•|сілоѫ
не|не
дати|даті
мѣста|мѣста
обладати|обладаті
нами•|намі
врѣдѹ|врѣдоу
ꙁьлꙑѧ|зьлъіѧ
дрьꙁости•|дрьзості
лютъ|лютъ
бо|бо
естъ|естъ
ꙁѣло•|зѣло
и|і
родительнъ|родітельнъ
вьсѣхъ|вьсѣхъ
страстьи•|страстьі
и|і
раꙁгѹбꙗѧ|разгоубꙗѧ
вьсѧ|вьсѧ
плодꙑ|плодъі
и|і
добрꙑ|добръі
дѣтѣли|дѣтѣлі
чл҃кѹ•|чл҃коу
въꙁненавидѣно|възненавідѣно
же|же
естъ|естъ
и|і
отъ|отъ
б҃а•|б҃а
Тѣмъже|тѣмъже
и|і
оꙁана|озана
дръꙁнѹвъша|дръзноувъша
прострѣти|прострѣті
рѹкѹ•|роукоу
и|і
прѣпроводити|прѣпроводіті
кивотъ|ківотъ
бж҃ьи•|бж҃ьі
абье|абье
ꙗко|ꙗко
скврънава|скврънава
и|і
нечиста|нечіста
ѹмрътви•|оумрътві
еже|еже
бо|бо
дръꙁовати|дръзоваті
и|і
въꙁносити|възносіті
сѧ|сѧ
негодьно|негодьно
б҃ѹ|б҃оу
и|і
чл҃кмъ|чл҃кмъ
естъ•|естъ
И|і
се|се
ꙗвѣ|ꙗвѣ
съвѣдꙑ|съвѣдъі
д҃дъ|д҃дъ
гл҃ааше•|гл҃ааше
благо|благо
мнѣ•|мнѣ
ꙗко|ꙗко
съмѣрилъ|съмѣрілъ
мѧ|мѧ
еси•|есі
да|да
наѹчѫ|наоучѫ
сѧ|сѧ
оправьданиемь|оправьданіемь
твоимь•|твоімь
и|і
пригвоꙁди|прігвозді
страсѣ|страсѣ
твоемъ|твоемъ
плътъ|плътъ
моѫ•|моѫ
отъ|отъ
сѹдъбъ|соудъбъ
бо|бо
твоихъ|твоіхъ
ѹбоꙗхъ|оубоꙗхъ
сѧ•|сѧ
И|і
павълъ|павълъ
же|же
рече•|рече
да|да
ми|мі
сѧ|сѧ
ражънъ|ражънъ
плъти•|плъті
да|да
не|не
прѣвъꙁношѹ|прѣвъзношоу
сѧ•|сѧ
И|і
инъ•|інъ
къто|къто
сѧ|сѧ
похвалитъ|похвалітъ
ч҃то|ч҃то
имѣти|імѣті
ср҃це•|ср҃це
или|ілі
къто|къто
дръꙁнетъ|дръзнетъ
прѣдъ|прѣдъ
нимь•|німь
Тѣмьже|тѣмьже
и|і
г҃ъ|г҃ъ
дръꙁнѫвъшѫ|дръзнѫвъшѫ
петрѹ•|петроу
и|і
рекъшѫ•|рекъшѫ
милостивꙑи|мілостівъіі
г҃и•|г҃і
не|не
иматъ|іматъ
тебѣ|тебѣ
бꙑти|бъіті
се•|се
ꙁапрѣти|запрѣті
рекъ•|рекъ
иди|іді
ꙁа|за
мноѫ|мноѫ
сотоно:|сотоно
Вьпрошень|вьпрошень
же|же
по|по
въскръсении|въскръсеніі
г҃мь|г҃мь
петре|петре
любиши|любіші
ли|лі
мѧ|мѧ
сь|сь
вьсѣмъ|вьсѣмъ
говѣниемь|говѣніемь
отъвѣшта•|отъвѣща
еи|еі
г҃и|г҃і
тꙑ|тъі
вѣси|вѣсі
ꙗко|ꙗко
любю|любю
тѧ:|тѧ
емѹже|емоуже
слава|слава
въ|въ
вѣкꙑ|вѣкъі
вѣкомъ|вѣкомъ
АМИН|амін
ꙁ҃і|з҃і
О|о
ТОМЪ|томъ
ЕЖЕ|еже
ХРАНИТИ|храніті
СѦ|сѧ
ОТЪ|отъ
ЖЕНЪ•|женъ
Еже|еже
хранити|храніті
сѧ|сѧ
отъ|отъ
женъ|женъ
ꙁѣло|зѣло
подобьно|подобьно
и|і
чиновъно|чіновъно
хотѧщиимъ|хотѧщіімъ
непорочьномъ|непорочьномъ
и|і
чистомь|чістомь
житиемь|жітіемь
жити•|жіті
нестроино|нестроіно
бо|бо
естъ|естъ
ѿбѣгъшиимъ|отбѣгъшіімъ
единоѫ|едіноѫ
мира|міра
приближати|прібліжаті
сѧ|сѧ
женѣ•|женѣ
или|ілі
любити|любіті
бесѣдꙑ|бесѣдъі
женьскꙑ•|женьскъі
етери|етері
бо|бо
виноѫ|віноѫ
милованию|мілованію
милованиѧ|мілованіѧ
благочьстъно|благочьстъно
мьнѧтъ|мьнѧтъ
съчетавати|съчетаваті
сѧ|сѧ
съ|съ
женами•|женамі
дръꙁостънѣ|дръзостънѣ
едини|едіні
се|се
дѣѫште•|дѣѫще
иже|іже
и|і
ѹдобь|оудобь
оклеветаеми•|оклеветаемі
и|і
блаꙁномь|блазномь
многомь|многомь
виновьни|віновьні
бꙑваетъ•|бъіваетъ
и|і
ѧвѣ|ѧвѣ
тако|тако
ꙁълообраꙁѧште|зълообразѧще
не|не
ръдѧтъ|ръдѧтъ
сѧ•|сѧ
чътоже|чътоже
створѧтъ|створѧтъ
неꙗвенꙑмъ|неꙗвенъімъ
ломъ•|ломъ
аште|аще
о|о
ѧвѣ|ѧвѣ
сѫштиихъ|сѫщііхъ
тако|тако
хвалѧште|хвалѧще
сѧ•|сѧ
како|како
ли|лі
обличаеми|облічаемі
прѣстанѫтъ•|прѣстанѫтъ
иже|іже
обличаѫштꙗѧ|облічаѫщаѧ
потѧꙁаѫште•|потѧзаѫще
како|како
ли|лі
бжс҃твьнъихъ|бжс҃твьнъіхъ
проречении|прореченіі
ѹбоꙗтъ|оубоꙗтъ
сѧ•|сѧ
иже|іже
басни|басні
непьштѹѫште•|непьщоуѫще
како|како
ли|лі
сѫда|сѫда
въꙁбоꙗтъ|възбоꙗтъ
сѧ|сѧ
иже|іже
ни|ні
сѹштааго|соущааго
дѣлꙑ|дѣлъі
повѣдаѭште•|повѣдаѭще
како|како
ли|лі
х҃ѹ|х҃оу
вѣрѹ|вѣроу
имѫтъ•|імѫтъ
не|не
хотѧштеи|хотѧщеі
ꙁаповѣдии|заповѣдіі
его|его
дръжати:|дръжаті
нъ|нъ
своими|своімі
волꙗми|волꙗмі
ходѧште•|ходѧще
еже|еже
не|не
подобаетъ|подобаетъ
бг҃очъстивъимъ|бг҃очъстівъімъ
хръстьꙗномъ•|хръстьꙗномъ
Добро|добро
ѹбо|оубо
естъ|естъ
о|о
себѣ|себѣ
отъити|отъіті
отъ|отъ
нихъ•|ніхъ
се|се
бо|бо
естъ|естъ
годѣ|годѣ
б҃ѹ|б҃оу
и|і
чл҃комъ•|чл҃комъ
женьскꙑи|женьскъіі
бо|бо
въꙁоръ•|възоръ
стрѣла|стрѣла
естъ|естъ
ꙗдовити•|ꙗдовіті
ѹꙗꙁви|оуꙗзві
лице•|ліце
и|і
ꙗдъ|ꙗдъ
въложи•|въложі
и|і
елико|еліко
мѹдитъ•|моудітъ
толико|толіко
гноꙗ|гноꙗ
творитъ•|творітъ
хранѧи|хранѧі
же|же
сѧ•|сѧ
не|не
въпадетъ|въпадетъ
сѧ|сѧ
въ|въ
нѫ•|нѫ
и|і
не|не
ѹꙗꙁвитъ|оуꙗзвітъ
сѧ|сѧ
стрѣлами|стрѣламі
еꙗ•|еꙗ
ꙗкоже|ꙗкоже
бо|бо
свѣштъное|свѣщъное
свьтѣние•|свьтѣніе
кръмитъ|кръмітъ
масло•|масло
тако|тако
и|і
похотънъи|похотънъі
огнъ|огнъ
раꙁгнѣштаетъ|разгнѣщаетъ
женъска|женъска
бесѣда•|бесѣда
и|і
ꙗкоже|ꙗкоже
искра|іскра
мѹдивъши•|моудівъші
вь|вь
плѣвахъ|плѣвахъ
вьꙁеметь|вьземеть
пламꙑ•|пламъі
тако|тако
памѧтъ|памѧтъ
женꙑ|женъі
прѣбꙑваѫшти|прѣбъіваѫщі
въжиꙁаетъ|въжізаетъ
похоть•|похоть
и|і
ꙗкоже|ꙗкоже
огнеметъное|огнеметъное
камение|каменіе
еже|еже
на|на
въсточьнѣи|въсточьнѣі
горѣ|горѣ
мѫжьскъ|мѫжьскъ
поль|поль
и|і
женъскъ|женъскъ
донели|донелі
далече|далече
естъ|естъ
отъ|отъ
себе:|себе
никакоже|нікакоже
огнъ|огнъ
не|не
жъжетъ•|жъжетъ
аште|аще
ли|лі
приближить|прібліжіть
сѧ|сѧ
мѫжъство•|мѫжъство
женъствѣ•|женъствѣ
въꙁгоритъ|възгорітъ
сѧ|сѧ
огнъ|огнъ
и|і
пожъжетъ|пожъжетъ
въсе•|въсе
Тако|тако
и|і
словесъное|словесъное
мѫжеженъство•|мѫжеженъство
Бѣжимъ|бѣжімъ
ѹбо|оубо
отъ|отъ
нихъ|ніхъ
любеници•|любеніці
ꙗко|ꙗко
сѣти|сѣті
сѹтъ|соутъ
бесѣдꙑ|бесѣдъі
ихъ•|іхъ
и|і
ѹлавѧѫтъ|оулавѧѫтъ
дш҃а|дш҃а
нашѧ•|нашѧ
ѹслꙑшимъ|оуслъішімъ
ѹбо|оубо
чьто|чьто
о|о
нихъ•|ніхъ
бж҃ствъное|бж҃ствъное
ѱание|псаніе
гл҃етъ•|гл҃етъ
Пръвое|пръвое
притъчьникъ|прітъчьнікъ
рече•|рече
отъ|отъ
женꙑ|женъі
начатькъ|начатькъ
грѣха•|грѣха
и|і
тоѫ|тоѫ
ѹмираемъ|оуміраемъ
вьси•|вьсі
И|і
наводитъ•|наводітъ
не|не
даждъ|даждъ
водѣ|водѣ
исхода•|ісхода
ни|ні
женѣ|женѣ
лѹкавѣ|лоукавѣ
дръꙁновениѧ|дръзновеніѧ
на|на
тѧ•|тѧ
и|і
не|не
ѹпадаи|оупадаі
сѧ|сѧ
на|на
добротѹ|добротоу
женъскѫ•|женъскѫ
и|і
женѣ|женѣ
не|не
похошти•|похощі
И|і
па҇ⷦ•|пак
очи|очі
твои|твоі
правѣ|правѣ
да|да
ꙁърите•|зъріте
ꙁане|зане
прѣдь|прѣдь
очима|очіма
бж҃ьꙗма|бж҃ьꙗма
сѫтъ|сѫтъ
пѫтие|пѫтіе
мѫжѫ•|мѫжѫ
права|права
течениѧ|теченіѧ
створи|створі
твоима|твоіма
ногама•|ногама
не|не
ѹклони|оуклоні
сѧ|сѧ
ни|ні
на|на
десно|десно
ни|ні
на|на
шѫе•|шѫе
въꙁврати|възвраті
ногѫ|ногѫ
твоѫ|твоѫ
отъ|отъ
пѫти|пѫті
ꙁъла•|зъла
И|і
паⷦ•|пак
сн҃е•|сн҃е
да|да
ти|ті
не|не
одолѣетъ|одолѣетъ
доброта|доброта
и|і
помꙑслъ•|помъіслъ
ни|ні
ѹловенъ|оуловенъ
бѫди|бѫді
своима|своіма
очима•|очіма
ни|ні
съвъсхꙑти|съвъсхъіті
сѧ|сѧ
своима|своіма
вѣкома•|вѣкома
Ꙗко|ꙗко
жена|жена
мѫжь|мѫжь
чьстьнъ|чьстьнъ
дш҃а|дш҃а
ѹлавѧетъ•|оулавѧетъ
прѣльститъ|прѣльстітъ
бо|бо
чл҃ка|чл҃ка
многоѫ|многоѫ
бесѣдоѫ•|бесѣдоѫ
осилꙑ|осілъі
же|же
ѹстьньнъими|оустьньнъімі
поведе|поведе
и•|і
онъ|онъ
же|же
послѣдова|послѣдова
еи|еі
въꙁдрътъ•|въздрътъ
ꙗко|ꙗко
волъ|волъ
на|на
ꙁаколение|заколеніе
ведетъ|ведетъ
сѧ•|сѧ
и|і
ꙗко|ꙗко
пьсъ|пьсъ
на|на
ѫꙁꙑ•|ѫзъі
не|не
вѣ|вѣ
ꙗко|ꙗко
о|о
дш҃и|дш҃і
течетъ•|течетъ
да|да
не|не
ѹклонитъ|оуклонітъ
сѧ|сѧ
ѹбо|оубо
въ|въ
пѫти|пѫті
еѧ|еѧ
ср҃це|ср҃це
твое•|твое
многꙑ|многъі
бо|бо
ѹꙗꙁвьши|оуꙗзвьші
ниꙁъведе•|нізъведе
и|і
бечисльни|бечісльні
сѫть|сѫть
ꙗже|ꙗже
ѹбила|оубіла
естъ•|естъ
пѫтие|пѫтіе
бо|бо
адови|адові
пѫтие|пѫтіе
еѧ•|еѧ
ниꙁъводѧште|нізъводѧще
въ|въ
съкровишта|съкровіща
съмрьтъна•|съмрьтъна
Се|се
ѹбо|оубо
соломонъ•|соломонъ
како|како
же|же
егуптѣнꙑни•|егуптѣнъіні
не|не
въꙁорѹ|възороу
ли|лі
иосифю|іосіфю
въсхотѣ|въсхотѣ
плътьноѫ|плътьноѫ
любьвьѫ•|любьвьѫ
сѫштааго|сѫщааго
чиста•|чіста
и|і
томѹ|томоу
не|не
рачивъшѹ|рачівъшоу
съвръшити|съвръшіті
хотѣниѧ|хотѣніѧ
еѧ•|еѧ
въ|въ
скръви|скръві
и|і
нѫжда|нѫжда
лъжиими|лъжіімі
рѣчьми|рѣчьмі
благочьстивааго|благочьстівааго
вьведе|вьведе
до|до
съмръти•|съмръті
Видиши|відіші
ли|лі
примѣшение|прімѣшеніе
плътьное|плътьное
егуптѣнꙑнѧ•|егуптѣнъінѧ
коликѫ|колікѫ
съдѣла|съдѣла
правьдивѹмѹ|правьдівоумоу
скръбь•|скръбь
сего|сего
ради|раді
ѹбо|оубо
вьсѣми|вьсѣмі
обраꙁꙑ|образъі
польꙁа|польза
естъ|естъ
намъ|намъ
хранити|храніті
сѧ|сѧ
отъ|отъ
нихъ•|ніхъ
не|не
имѹть|імоуть
бо|бо
польꙁѧ|пользѧ
бесѣдꙑ|бесѣдъі
ихъ|іхъ
хотѧштиимъ|хотѧщіімъ
въ|въ
истинѫ|істінѫ
чрѣсла|чрѣсла
прѣпоѧсати•|прѣпоѧсаті
Не|не
слꙑшѧ|слъішѧ
ли|лі
о|о
самѱонѣ|сампсонѣ
наꙁарѣинѣ•|назарѣінѣ
съ|съ
нимьже|німьже
дх҃ъ|дх҃ъ
гн҃ь|гн҃ь
хождааше•|хождааше
и|і
таковааго|таковааго
ст҃ьца|ст҃ьца
жена|жена
погѹби|погоубі
лѹкавьноѫ|лоукавьноѫ
пльтиѫ•|пльтіѫ
и|і
неподобьноѫ|неподобьноѫ
похотьѫ•|похотьѫ
тѣмьже|тѣмьже
бьхъма|бьхъма
не|не
велимо|велімо
нъ|нъ
естъ|естъ
съ|съ
женоѫ|женоѫ
посѣдѣти|посѣдѣті
или|ілі
имѣти|імѣті
бесѣды|бесѣдъі
отънѫдь•|отънѫдь
Такожде|такожде
и|і
о|о
дв҃дѣ|дв҃дѣ
не|не
накаꙁа|наказа
ли|лі
сѧ•|сѧ
егоже|егоже
и|і
обрѣте|обрѣте
б҃ъ|б҃ъ
мѫ|мѫ
жа|жа
по|по
ср҃дцѹ|ср҃дцоу
своемѹ•|своемоу
како|како
въꙁорѹ|възороу
женꙑ|женъі
гл҃ѫ|гл҃ѫ
же|же
виръсавеинѹ|віръсавеіноу
въсхотѣвъ•|въсхотѣвъ
въ|въ
колико|коліко
ꙁьло|зьло
въпаде•|въпаде
видѣ|відѣ
бо|бо
ѫ|ѫ
ст҃ъи|ст҃ъі
по|по
истинѣ|істінѣ
мꙑѫштѫ|мъіѫщѫ
сѧ:|сѧ
въ|въ
въхотѣнии|въхотѣніі
ꙁрака|зрака
еѧ|еѧ
бꙑвъ•|бъівъ
колико|коліко
ꙁъло|зъло
прѣвеликъи|прѣвелікъі
тъ|тъ
мѫжь|мѫжь
сьдѣла|сьдѣла
и|і
съгрѣши|съгрѣші
б҃ѹ•|б҃оу
не|не
тъчьѫ|тъчьѫ
въ|въ
прѣлюбодѣание|прѣлюбодѣаніе
въпадъ•|въпадъ
нъ|нъ
и|і
мѫжа|мѫжа
еѧ|еѧ
ѹбити|оубіті
повелѣвъ•|повелѣвъ
Видиши|відіші
ли|лі
коликѫ|колікѫ
вешть|вещь
съвръшевалъ|съвръшевалъ
похоти|похоті
ради|раді
помаꙁанникъ|помазаннікъ
гн҃ъ|гн҃ъ
дв҃дъ:|дв҃дъ
Накажѣмъ|накажѣмъ
сѧ|сѧ
ѹбо|оубо
не|не
похотѣвати•|похотѣваті
Аште|аще
бо|бо
толици|толіці
мѫжи|мѫжі
женами|женамі
падошѧ•|падошѧ
како|како
мꙑ|мъі
немоштьнии|немощьніі
съ|съ
своимь|своімь
паданиемъ|паданіемъ
мимоходѧште|мімоходѧще
иꙁбѣгнемъ•|ізбѣгнемъ
Такодже|такодже
и|і
амнонъ•|амнонъ
сестрꙑ|сестръі
ради|раді
своеѧ|своеѧ
ѳамарꙑ|ѳамаръі
и|і
ѹбиенъ|оубіенъ
бꙑстъ|бъістъ
ꙁьлѣ•|зьлѣ
такожде|такожде
и|і
соломонъ|соломонъ
имѣѧ|імѣѧ
прѣмѫдростъ|прѣмѫдростъ
и|і
мѫдрьство|мѫдрьство
и|і
литие|літіе
ср҃дца•|ср҃дца
и|і
богатьство|богатьство
бо|бо
и|і
славѫ|славѫ
великѫ|велікѫ
паче|паче
вьсѣхъ|вьсѣхъ
чл҃кь•|чл҃кь
и|і
тъ|тъ
женами|женамі
погꙑбе•|погъібе
и|і
остѫпьникъ|остѫпьнікъ
бꙑстъ|бъістъ
отъ|отъ
г҃а|г҃а
женꙑ|женъі
ради•|раді
Старьца|старьца
ꙗже|ꙗже
на|на
сѹсанѫ|соусанѫ
сѫдии•|сѫдіі
примѣшение|прімѣшеніе
и|і
съглѧдование|съглѧдованіе
добротꙑ|добротъі
тѹждеѧ•|тоуждеѧ
въ|въ
пичинѫ|пічінѫ
похотьнѫю|похотьнѫю
въпадъша•|въпадъша
въстасте|въстасте
на|на
блаженѹѫ|блаженоуѫ
сѹсанѫ•|соусанѫ
Се|се
ѹбо|оубо
о|о
похотѣнии•|похотѣніі
обличаеть|облічаеть
же|же
іс҃ь|іс҃ь
сираховъ|сіраховъ
лѫвьство|лѫвьство
ихъ•|іхъ
рече|рече
бо•|бо
вьсе|вьсе
лѹкаство•|лоукаство
а|а
не|не
лѹкавъство|лоукавъство
женъско•|женъско
волю|волю
жити|жіті
съ|съ
льмь•|льмь
и|і
ꙁмиемь•|зміемь
нежели|нежелі
жити•|жіті
съ|съ
женоѫ|женоѫ
лѹкавоѫ•|лоукавоѫ
И|і
паⷦ•|пак
мала|мала
е|е
вьсѣ|вьсѣ
ꙁълоба|зълоба
противѫ|протівѫ
ꙁьлобѣ|зьлобѣ
женьстѣ•|женьстѣ
И|і
притъчьникъ•|прітъчьнікъ
далече|далече
створи|створі
отъ|отъ
неѧ|неѧ
свои|своі
пѫть•|пѫть
не|не
приближи|прібліжі
сѧ|сѧ
къ|къ
двьръмъ|двьръмъ
домѹ|домоу
еѧ•|еѧ
да|да
не|не
насꙑтѧт|насъітѧт
сѧ|сѧ
ини|іні
добротꙑ|добротъі
твоеѧ•|твоеѧ
и|і
раскаеши|раскаеші
сѧ|сѧ
послѣдь:|послѣдь
Добро|добро
ѹбо|оубо
слѹшати|слоушаті
гл҃ѫштааго•|гл҃ѫщааго
не|не
ожены|оженъі
сѧ|сѧ
печетъ|печетъ
сѧ|сѧ
гн҃иими•|гн҃іімі
како|како
ѹгодитъ|оугодітъ
г҃ю•|г҃ю
оженьи|оженьі
бо|бо
и|і
сѧ|сѧ
печетъ|печетъ
сѧ|сѧ
мирьнъими|мірьнъімі
како|како
ѹдитъ|оудітъ
женѣ•|женѣ
и|і
раꙁдѣленъ|раздѣленъ
естъ•|естъ
И|і
чл҃колюбивъи|чл҃колюбівъі
г҃ъ|г҃ъ
вѣдꙑ|вѣдъі
врѣдъ|врѣдъ
дш҃етьливъ•|дш҃етьлівъ
отърече|отърече
сице•|сіце
вьсь|вьсь
вьꙁираꙗи|вьзіраꙗі
на|на
женѫ|женѫ
кь|кь
похотѣниѫ|похотѣніѫ
еи•|еі
ѹже|оуже
любꙑ|любъі
сътворилъ|сътворілъ
естъ|естъ
съ|съ
неѫ|неѫ
въ|въ
ср҃ци|ср҃ці
своемъ•|своемъ
Тѣмьже|тѣмьже
ѹбо|оубо
братие|братіе
си|сі
вьсѧ|вьсѧ
винꙑ|вінъі
пагѹбьнꙑѧ|пагоубьнъіѧ
слꙑшавъшѧꙗ|слъішавъшѧꙗ
женами•|женамі
прилежъно|прілежъно
молимъ|молімъ
сѧ|сѧ
иꙁбꙑти|ізбъіті
ихъ•|іхъ
помоштиѫ|помощіѫ
прѣмилостивааго|прѣмілостівааго
б҃а|б҃а
нашего•|нашего
емѹ|емоу
слава|слава
вь|вь
вѣкꙑ|вѣкъі
вѣкомъ|вѣкомъ
АМИН|амін
О|о
ТОМЬ|томь
юЖЕ|юже
НЕ|не
ПРИМѢШАти|прімѣшаті
сꙗ|сꙗ
пꙩѫщаХ|поѫщах
иі|іі
И|і
еже|еже
не|не
примѣшати|прімѣшаті
сѧ|сѧ
поѫштахъ•|поѫщахъ
непольꙁьно|непользьно
намь|намь
естъ•|естъ
врѣждаемомъ|врѣждаемомъ
намъ|намъ
бесѣдами|бесѣдамі
ихъ•|іхъ
рекомꙑихъ|рекомъііхъ
чрънориꙁьцъ•|чрънорізьцъ
подобие|подобіе
бо|бо
видѣниꙗ|відѣніꙗ
женьскааго•|женьскааго
начьнетъ|начьнетъ
мѫтити|мѫтіті
срце|срце
члкѹ•|члкоу
и|і
отътръꙁати|отътръзаті
ѹма|оума
отъ|отъ
беꙁмлъвьѧ•|безмлъвьѧ
и|і
въ|въ
слѣдъ|слѣдъ
и|і
вести|весті
проче|проче
и|і
въ|въ
мл҃твѣ|мл҃твѣ
ꙁѣѫшта|зѣѫща
и|і
ѹпраꙁнована|оупразнована
отъ|отъ
славословесиꙗ|славословесіꙗ
бж҃ьꙗ•|бж҃ьꙗ
и|і
праꙁньнѹѫшта|празньноуѫща
о|о
печьнꙑихъ•|печьнъііхъ
обꙑчаи|объічаі
бо|бо
бесѣдꙑ|бесѣдъі
ихъ|іхъ
подобьно|подобьно
естъ|естъ
вь|вь
срци|срці
чръньчи•|чръньчі
ꙗко|ꙗко
и|і
чръвь|чръвь
вь|вь
дрѣвѣ|дрѣвѣ
и|і
молеве|молеве
вь|вь
риꙁѣ|різѣ
бꙑвати•|бъіваті
аште|аще
ѹбо|оубо
хоштеши|хощеші
цѣломѫдровати•|цѣломѫдроваті
бѣгаи|бѣгаі
бесѣдъ|бесѣдъ
ихъ•|іхъ
и|і
не|не
даждъ|даждъ
имъ|імъ
дръꙁновениѧ|дръзновеніѧ
бесѣдовати|бесѣдоваті
съ|съ
тобоѫ•|тобоѫ
въ|въ
начатьцѣ|начатьцѣ
бо|бо
говѣние|говѣніе
имѫтъ|імѫтъ
и|і
тако|тако
лицемѣрѹѫтъ•|ліцемѣроуѫтъ
послѣжде|послѣжде
же|же
вьсе|вьсе
дръꙁнѹтъ•|дръзноутъ
пръвое|пръвое
вѣштаѫтъ|вѣщаѫтъ
кротъцѣ•|кротъцѣ
и|і
глѧдаѫтъ|глѧдаѫтъ
долѹ•|долоу
часто|часто
слъꙁѧтъ•|слъзѧтъ
обраꙁѹѫтъ|образоуѫтъ
сѧ|сѧ
чъстънѣ•|чъстънѣ
и|і
горьцѣ|горьцѣ
въꙁдꙑшѹтъ•|въздъішоутъ
въпрашаѫтъ|въпрашаѫтъ
о|о
чистотѣ•|чістотѣ
и|і
сластънѣ|сластънѣ
слѹшаѫтъ•|слоушаѫтъ
вътороѫ|вътороѫ
бесѣдоѫ•|бесѣдоѫ
и|і
малꙑ|малъі
въсклонишѧ|въсклонішѧ
сѧ|сѧ
горѣ•|горѣ
третиее•|третіее
тꙑ|тъі
осклабилъ|осклабілъ
сѧ•|сѧ
а|а
она|она
грохотомъ|грохотомъ
вьсмиꙗла|вьсміꙗла
сѧ•|сѧ
потомь|потомь
и|і
словеса|словеса
въꙁглаголютъ•|възглаголютъ
мьнѧшта|мьнѧща
срамовънъи|срамовънъі
врѣдъ•|врѣдъ
се|се
же|же
тебѣ|тебѣ
бꙑваѫтъ|бъіваѫтъ
ѹдꙑ|оудъі
облъштаѫштаꙗ|облъщаѫщаꙗ
въ|въ
съмрътъ•|съмрътъ
ѹне|оуне
ѹбо|оубо
приближити|прібліжіті
сѧ|сѧ
огни|огні
горѧщи•|горѧщі
Нежели|нежелі
женѣ|женѣ
юнѣ•|юнѣ
юнъ|юнъ
сꙑ|съі
самъ•|самъ
огни|огні
бо|бо
сѧ|сѧ
прикосъ•|прікосъ
и|і
въꙁболѣвъ|възболѣвъ
отъскочиши|отъскочіші
скоро•|скоро
женъскъими|женъскъімі
же|же
гл҃ꙑ|гл҃ъі
ослабѣвъ•|ослабѣвъ
бѣдънѣ|бѣдънѣ
отидеши•|отідеші
Добро|добро
ѹбо|оубо
естъ|естъ
и|і
благоѹгодъно|благооугодъно
бѹ|боу
и|і
члкомъ•|члкомъ
отърицати|отъріцаті
сѧ|сѧ
и|і
не|не
примѣшати|прімѣшаті
сѧ|сѧ
ихъ•|іхъ
да|да
не|не
обѧꙁавьше|обѧзавьше
сѧ|сѧ
сѣтъми|сѣтъмі
ихъ•|іхъ
въꙁбѣдънѹемъ|възбѣдъноуемъ
гонести•|гонесті
ꙗкоже|ꙗкоже
и|і
въпадъшаꙗ|въпадъшаꙗ
мѫхꙑ|мѫхъі
въ|въ
поставъ|поставъ
паѫчъ•|паѫчъ
Паче|паче
же|же
мꙑ|мъі
иже|іже
своихь|своіхь
отърекъше|отърекъше
сѧ•|сѧ
и|і
б҃ѹ|б҃оу
сѧ|сѧ
порѹчивъше•|пороучівъше
не|не
трѣбѣ|трѣбѣ
имамъ|імамъ
сѹетънꙑѧ|соуетънъіѧ
ихъ•|іхъ
и|і
дш҃еврѣдъливꙑ|дш҃еврѣдълівъі
бесѣдꙑ•|бесѣдъі
да|да
не|не
бѹдетъ|боудетъ
гньси|гньсі
въ|въ
дш҃и|дш҃і
нашеи•|нашеі
грѣхолюбивъи|грѣхолюбівъі
бо|бо
бѣсъ|бѣсъ
много|много
пронꙑрѹетъ|пронъіроуетъ
на|на
нꙑ•|нъі
наѹштаетъ|наоущаетъ
бо|бо
ꙗ|ꙗ
моли|молі
сѧ|сѧ
съ|съ
въꙁдꙑханиемъ|въздъіханіемъ
и|і
слъꙁами•|слъзамі
часто|часто
присѣштати|прісѣщаті
ихь|іхь
и|і
промꙑшлꙗ|промъішлꙗ
ти|ті
мъꙁдꙑ|мъздъі
дѣльма|дѣльма
еже|еже
отъ|отъ
г҃а|г҃а
слѹшаѫште|слоушаѫще
же|же
ихъ•|іхъ
въꙁъмемъ|възъмемъ
въꙁмъꙁдие•|възмъздіе
не|не
ѹдъ|оудъ
ицѣлимꙑ|іцѣлімъі
врѣдъ|врѣдъ
въ|въ
дши•|дші
и|і
мꙑсли|мъіслі
стѹдовънꙑ•|стоудовънъі
къ|къ
томѹ|томоу
ср҃це|ср҃це
мѫтимо•|мѫтімо
мѫчитъ|мѫчітъ
сꙗ|сꙗ
ѧко|ѧко
мѫчителꙑ•|мѫчітелъі
тжоуштемъ|тжоущемъ
е|е
сѣмо|сѣмо
и|і
сѣмо•|сѣмо
Сѹетье|соуетье
бо|бо
естъ|естъ
намъ|намъ
ꙗкоже|ꙗкоже
прѣжде|прѣжде
рѣхомь•|рѣхомь
оставлъше|оставлъше
родителѣ•|родітелѣ
и|і
братиѫ•|братіѫ
имѣти|імѣті
бесѣдꙑ•|бесѣдъі
въ|въ
дш҃ънѫѭ|дш҃ънѫѭ
погꙑбѣлъ•|погъібѣлъ
вьсемь|вьсемь
бо|бо
неподобьно|неподобьно
естъ|естъ
чл҃кѹ|чл҃коу
сп҃сти|сп҃сті
сѧ|сѧ
хотѧштѹ•|хотѧщоу
съ|съ
женами|женамі
ѣсти|ѣсті
или|ілі
пити•|піті
или|ілі
строити|строіті
женꙑ•|женъі
или|ілі
бъшиѫ|бъшіѫ
имѣти|імѣті
сь|сь
ними|німі
раꙁѹмъ•|разоумъ
Такожде|такожде
же|же
и|і
чрънориꙁицамъ•|чрънорізіцамъ
неподобьно|неподобьно
естъ|естъ
съкѹпити|съкоупіті
сѧ|сѧ
сь|сь
мѹжи•|моужі
Да|да
никътоже|нікътоже
блаꙁнить|блазніть
сѧ|сѧ
насъ|насъ
ради•|раді
нъ|нъ
да|да
бѹдемь|боудемь
въсѣмъ|въсѣмъ
бес|бес
прѣтꙑканиѧ•|прѣтъіканіѧ
вѣдѹште|вѣдоуще
бо|бо
рече|рече
страхъ|страхъ
гн҃ъ•|гн҃ъ
чл҃кы|чл҃къі
прѣпираемъ•|прѣпіраемъ
б҃ѹ|б҃оу
же|же
ꙗвѧемь|ꙗвѧемь
сѧ•|сѧ
Въꙁбоимъ|възбоімъ
сѧ|сѧ
ѹбо|оубо
ꙗкоже|ꙗкоже
речено|речено
съблажнѣти|съблажнѣті
етерꙑ•|етеръі
Слꙑшѧште|слъішѧще
г҃а|г҃а
гл҃ѫшта•|гл҃ѫща
ꙗко|ꙗко
ѹне|оуне
е|е
да|да
бꙑ|бъі
камень|камень
на|на
вꙑи|въіі
его|его
жръновьнъи|жръновьнъі
повѣшенъ•|повѣшенъ
и|і
вьвръженъ|вьвръженъ
въ|въ
море•|море
неже|неже
да|да
съблаꙁнитъ|съблазнітъ
единого|едіного
малꙑихъ|малъііхъ
сихъ•|сіхъ
трѣбѣ|трѣбѣ
ѹбо|оубо
естъ|естъ
ꙗко|ꙗко
отъ|отъ
лица|ліца
ꙁмиина|змііна
и|і
грѣха|грѣха
велика|веліка
бѣгати|бѣгаті
отъ|отъ
нихъ•|ніхъ
ꙁане|зане
съмрьтоносъно|съмрьтоносъно
естъ|естъ
хотѧштиимъ|хотѧщіімъ
подвиꙁати|подвізаті
сѧ•|сѧ
не|не
тъчъѫ|тъчъѫ
же|же
бесѣдꙑ|бесѣдъі
ихъ|іхъ
нꙑ|нъі
и|і
помꙑшлениꙗ•|помъішленіꙗ
ѹчитъ|оучітъ
же|же
нꙑ|нъі
семѹ|семоу
и|і
притъчъникъ|прітъчънікъ
гл҃ѧ•|гл҃ѧ
не|не
даждъ|даждъ
твоего|твоего
богатства|богатства
женѣ•|женѣ
и|і
твоего|твоего
ѹма|оума
и|і
житиꙗ|жітіꙗ
въ|въ
послѣдосъвѣтие•|послѣдосъвѣтіе
И|і
їнъ•|інъ
пѣваѫштии|пѣваѫщіі
не|не
примѣшаи|прімѣшаі
сѧ|сѧ
еда|еда
како|како
ѹвѧꙁнеши|оувѧзнеші
вь|вь
начинаниихъ|начінанііхъ
еѧ•|еѧ
Мьнѫ|мьнѫ
же|же
и|і
исаиѫ|ісаіѫ
о|о
нихъ|ніхъ
гл҃ѫшта•|гл҃ѫща
ꙁанеже|занеже
въꙁвꙑсишѧ|възвъісішѧ
сѧ|сѧ
дъште|дъще
сионѧ•|сіонѧ
и|і
идошꙗ|ідоша
вꙑсокоѫ|въісокоѫ
вꙑеѫ•|въіеѫ
и|і
помиꙁаниемъ|помізаніемъ
очиѫ•|очіѫ
и|і
прочаа•|прочаа
и|і
приводить•|пріводіть
и|і
гъ|гъ
отъкрꙑетъ|отъкръіетъ
обраꙁъ|образъ
ихъ|іхъ
въ|въ
дн҃ь|дн҃ь
онъ•|онъ
еже|еже
сѧ|сѧ
събꙑ•|събъі
ꙗкоже|ꙗкоже
непьштѹѫ|непьщоуѫ
вь|вь
нꙑнѣшьньи|нъінѣшьньі
приходъ|пріходъ
халдѣискъи•|халдѣіскъі
Гл҃етъ|гл҃етъ
же|же
инъжде•|інъжде
дѣвицѧ|дѣвіцѧ
не|не
съглѧдоваи•|съглѧдоваі
да|да
не|не
съблаꙁниши|съблазніші
сѧ|сѧ
въ|въ
ꙁапрѣштенъихъ|запрѣщенъіхъ
еѧ•|еѧ
И|і
паⷦ•|пак
вино|віно
и|і
женꙑ|женъі
отъвратѧтъ|отъвратѧтъ
очи|очі
раꙁѹмивъихъ•|разоумівъіхъ
И|і
еклисиастъ•|еклісіастъ
горьчѣе|горьчѣе
паче|паче
съмръти|съмръті
бесѣда|бесѣда
женьска•|женьска
ꙗже|ꙗже
естъ|естъ
ловение|ловеніе
и|і
неводъ|неводъ
ср҃це|ср҃це
еѧ•|еѧ
ѫꙁꙑ|ѫзъі
вь|вь
рѹкѹ|роукоу
еѧ•|еѧ
благꙑи|благъіі
прѣдъ|прѣдъ
лицемъ|ліцемъ
бж҃иемъ|бж҃іемъ
иꙁѧтъ|ізѧтъ
бѹдетъ|боудетъ
иꙁ|із
неѧ|неѧ
и|і
съгрѣшаꙗи|съгрѣшаꙗі
ѹвѧꙁнетъ|оувѧзнетъ
въ|въ
неи•|неі
и|і
наноситъ•|наносітъ
весели|веселі
сѧ|сѧ
юното|юното
иꙁъ|ізъ
ѫности|ѫності
своеѧ|своеѧ
и|і
ходи|ході
въ|въ
пѫтехъ|пѫтехъ
бес|бес
порока•|порока
а|а
не|не
въ|въ
видѣнии|відѣніі
очиѫ|очіѫ
си•|сі
и|і
ѹвѣждъ|оувѣждъ
въ|въ
вьсѣхъ|вьсѣхъ
пѫтехъ•|пѫтехъ
ꙗко|ꙗко
приведетъ|пріведетъ
тѧ|тѧ
г҃ь|г҃ь
на|на
сѫдъ:|сѫдъ
Такожде|такожде
и|і
ап҃лъ•|ап҃лъ
вьсѣмъ|вьсѣмъ
бо|бо
намъ|намъ
ꙗвити|ꙗвіті
сѧ|сѧ
подобаетъ|подобаетъ
прѣдъ|прѣдъ
сѫдиїштемь|сѫдііщемь
хв҃омъ•|хв҃омъ
да|да
прииметъ|прііметъ
къжьдо|къжьдо
ꙗкоже|ꙗкоже
тѣломь|тѣломь
сьдѣла•|сьдѣла
аште|аще
ли|лі
благо|благо
аште|аще
ли|лі
ꙁьло:|зьло
Мꙑ|мъі
ѹбо|оубо
мьнѧштеи|мьнѧщеі
сѧ|сѧ
вѣдѣти|вѣдѣті
кънигꙑ|кънігъі
и|і
не|не
хранѧште:|хранѧще
лише|ліше
имамъ|імамъ
осѫждени|осѫждені
бꙑти|бъіті
паче|паче
не|не
вѣдѹштиихъ•|вѣдоущііхъ
по|по
словеси|словесі
гн҃ю•|гн҃ю
ꙗко|ꙗко
тъ|тъ
рабъ|рабъ
вѣдꙑи|вѣдъіі
волю|волю
г҃а|г҃а
своего•|своего
и|і
не|не
сътворь|сътворь
по|по
воли|волі
его•|его
бьенъ|бьенъ
бѹдетъ|боудетъ
много•|много
лишьша|лішьша
просѧтъ|просѧтъ
ѹ|оу
него•|него
се|се
же|же
естъ|естъ
на|на
страшънѣмь|страшънѣмь
сѹдиишти•|соудііщі
вьсѣмъ•|вьсѣмъ
паче|паче
же|же
емѹже|емоуже
е|е
чьто|чьто
порѹчилъ|пороучілъ
влка•|влка
да|да
потъштимъ|потъщімъ
сѧ|сѧ
ѹбо|оубо
братие•|братіе
прилежьно|прілежьно
молити|моліті
сѧ|сѧ
дѣлаѫште|дѣлаѫще
даръ|даръ
о|о
х҃ѣ|х҃ѣ
и|і
сп҃сѣ|сп҃сѣ
нашемь|нашемь
бꙁ҃ѣ|бз҃ѣ
емѹже|емоуже
слава|слава
въ|въ
вѣкы|вѣкъі
вѣкомь|вѣкомь
АМИН|амін
і҃ѳ|і҃ѳ
О|о
ЛЮБОДѢАНЪИ|любодѣанъі
Врѣдъ|врѣдъ
любодѣаниꙗ|любодѣаніꙗ
многочастънъ•|многочастънъ
и|і
ѿ|от
бесѣдꙑ|бесѣдъі
женьскꙑ|женьскъі
въстаетъ•|въстаетъ
ѹдобь|оудобь
бо|бо
вълагаѫтъ|вълагаѫтъ
въ|въ
ср҃це|ср҃це
чл҃че|чл҃че
лъстивънꙑ|лъстівънъі
бесѣдꙑ|бесѣдъі
оплаꙁивъихъ|оплазівъіхъ
женъ•|женъ
лютѹѫ|лютоуѫ
прѣлъстъ•|прѣлъстъ
не|не
тъчъѫ|тъчъѫ
же|же
сѥ•|се
нъ|нъ
и|і
сѫгѹбь|сѫгоубь
бываетъ|бъіваетъ
любодѣаннъи|любодѣаннъі
бѣсъ•|бѣсъ
въ|въ
дш҃и|дш҃і
и|і
вь|вь
тѣлѣ|тѣлѣ
съставѧемъ•|съставѧемъ
и|і
сего|сего
ради|раді
сѹгѹбѹ|соугоубоу
на|на
нь|нь
брань|брань
въꙁдвигнѹти|въздвігноуті
длъжънѫемъ•|длъжънѫемъ
не|не
довъльно|довъльно
бо|бо
сть|сть
едино|едіно
тѣлесъно|тѣлесъно
и|і
поштение•|пощеніе
да|да
сътѧжитъ|сътѧжітъ
къто•|къто
съвръшѥно|съвръшено
цѣломѫдрие|цѣломѫдріе
и|і
чистотѫ•|чістотѫ
аште|аще
и|і
ср҃чнааго|ср҃чнааго
не|не
бѫдетъ|бѫдетъ
сътьрениꙗ•|сътьреніꙗ
и|і
млт҃вꙑ|млт҃въі
прилежъны|прілежънъі
къ|къ
бѹ•|боу
и|і
кънижьнааго|къніжьнааго
часта|часта
поѹчениꙗ•|пооученіꙗ
и|і
трѹда•|троуда
и|і
рѹчьнааго|роучьнааго
дѣла:|дѣла
ꙗже|ꙗже
могѹтъ|могоутъ
бечинънаꙗ|бечінънаꙗ
дш҃а|дш҃а
стръмлеꙗ|стръмлеꙗ
съкѫтати•|съкѫтаті
прѣжде|прѣжде
же|же
въсего|въсего
польꙁѹетъ•|пользоуетъ
съмѣрение|съмѣреніе
дш҃ѧ•|дш҃ѧ
беꙁ|без
негоже|негоже
ни|ні
любодѣаниѫ|любодѣаніѫ
ни|ні
инѣмъ|інѣмъ
врѣдомъ|врѣдомъ
можетъ|можетъ
кто|кто
прѣдолѣти•|прѣдолѣті
подобаетъ|подобаетъ
же|же
и|і
ср҃дце|ср҃дце
въсѣмъ|въсѣмъ
хранениемъ|храненіемъ
блюсти|блюсті
отъ|отъ
скврънъихъ|скврънъіхъ
мꙑслеи•|мъіслеі
ис|іс
того|того
бо|бо
исходѧтъ|ісходѧтъ
гн҃ю|гн҃ю
гласѹ|гласоу
помꙑшлениꙗ|помъішленіꙗ
ꙁъла•|зъла
аште|аще
ѹбо|оубо
естъ|естъ
намъ|намъ
по|по
ап҃лѹ|ап҃лоу
ꙁаконьнѣ|законьнѣ
страдати|страдаті
и|і
вѣньцъ|вѣньцъ
приꙗти|пріꙗті
одолѣвъши|одолѣвъші
нечистѹмѹ|нечістоумоу
дх҃ѹ|дх҃оу
любодѣаниꙗ•|любодѣаніꙗ
Не|не
нашеи|нашеі
силѣ•|сілѣ
или|ілі
постѣ|постѣ
надѣимъ|надѣімъ
сѧ•|сѧ
нъ|нъ
владꙑчи|владъічі
помошти:|помощі
не|не
почиваетъ|почіваетъ
бо|бо
чл҃къ|чл҃къ
боремъ|боремъ
дх҃омъ|дх҃омъ
симъ•|сімъ
доньдеже|доньдеже
въ|въ
истинѹ|істіноу
вѣрѹ|вѣроу
иметь|іметь
ꙗко|ꙗко
не|не
своимь|своімь
тьштаниемь|тьщаніемь
и|і
трѹдъмь•|троудъмь
нъ|нъ
бж҃иемь|бж҃іемь
кровомъ|кровомъ
и|і
поштьѫ|пощьѫ
гонѣꙁаетъ|гонѣзаетъ
недѹга|недоуга
сего•|сего
добро|добро
ѹбо|оубо
естъ|естъ
на|на
отъгънание|отъгънаніе
противъника|протівъніка
и|і
чистотѹ|чістотоу
тѣла•|тѣла
прѣжде|прѣжде
съпаниѧ|съпаніѧ
на|на
ложи•|ложі
молити|моліті
сѧ|сѧ
мл҃твоѫ|мл҃твоѫ
сеѭ:|сеѭ
Даждь|даждь
намъ|намъ
вл҃ко|вл҃ко
въ|въ
съпании|съпаніі
покои|покоі
тѣлѹ•|тѣлоу
и|і
съхрани|съхрані
нꙑ|нъі
отъ|отъ
мрачънꙑѧ|мрачънъіѧ
тъмꙑ|тъмъі
и|і
грѣховьнꙑꙗ•|грѣховьнъіꙗ
иꙁбави|ізбаві
нꙑ|нъі
отъ|отъ
вьсеꙗ|вьсеꙗ
скврънꙑ|скврънъі
плъти|плъті
и|і
д҃ха•|д҃ха
даждь|даждь
намъ|намъ
стꙑнѫ|стъінѫ
творити|творіті
въ|въ
страсѣ|страсѣ
твоемъ•|твоемъ
и|і
иꙁбави|ізбаві
нꙑ|нъі
отъ|отъ
въсего|въсего
тъмьна|тъмьна
и|і
ноштъна|нощъна
сластолюбиꙗ•|сластолюбіꙗ
ѹстави|оуставі
стрьмениꙗ|стрьменіꙗ
страстьи•|страстьі
ѹгаси|оугасі
тѣлесъное|тѣлесъное
раждъжение•|раждъженіе
плътънаꙗ|плътънаꙗ
въстаниꙗ|въстаніꙗ
ѹпраꙁни•|оупразні
тѣлесънꙑꙗ|тѣлесънъіꙗ
страсти|страсті
и|і
мѫдрование|мѫдрованіе
пльтьное|пльтьное
ѹсъпи•|оусъпі
даждь|даждь
намъ|намъ
ложе|ложе
покоино•|покоіно
бьдѧштеѫ|бьдѧщеѫ
мꙑслиѫ|мъісліѫ
и|і
трѣꙁвомъ|трѣзвомъ
ѹмомъ•|оумомъ
да|да
не|не
прѣꙗти|прѣꙗті
бѹдемъ|боудемъ
тѧжъкомъ|тѧжъкомъ
сьномъ•|сьномъ
нъ|нъ
въꙁдвигни|въздвігні
нꙑ|нъі
на|на
ноштьнаꙗ|нощьнаꙗ
и|і
ѹтрънѧꙗ|оутрънѧꙗ
слѹжениѧ|слоуженіѧ
твоѧ•|твоѧ
и|і
вьсеноштьное|вьсенощьное
намъ|намъ
славословесье|славословесье
твое|твое
дарѹи•|дароуі
пѣти|пѣті
вельлѣпьное|вельлѣпьное
имѧ|імѧ
твое•|твое
оц҃а|оц҃а
и|і
сн҃а|сн҃а
и|і
ст҃го|ст҃го
дх҃а|дх҃а
вь|вь
вѣкꙑ|вѣкъі
аминъ:|амінъ
Добро|добро
же|же
естъ|естъ
ꙗкоже|ꙗкоже
е|е
прѣжеречено•|прѣжеречено
сѣтьи|сѣтьі
и|і
ѹдъ|оудъ
женъскъ|женъскъ
отъбѣгати•|отъбѣгаті
и|і
лѹчити|лоучіті
сѧ|сѧ
отъ|отъ
нихъ•|ніхъ
Прѣмѹдрыи|прѣмоудръіі
бо|бо
соломонь|соломонь
се|се
искѹсомь|іскоусомь
прѣимъ•|прѣімъ
вьсѣмъ|вьсѣмъ
ꙁаповѣдаетъ|заповѣдаетъ
гл҃ѧ•|гл҃ѧ
не|не
вьнеми|вьнемі
ꙁьлѣ|зьлѣ
женѣ:|женѣ
медь|медь
бо|бо
каплетъ|каплетъ
отъ|отъ
ѹстенъ|оустенъ
женꙑ|женъі
любодѣицѧ•|любодѣіцѧ
ꙗже|ꙗже
вь|вь
врѣмѧ|врѣмѧ
наслаждаетъ|наслаждаетъ
гръта|гръта
твои•|твоі
послѣдъ|послѣдъ
же|же
ѹбо|оубо
горъчѣе|горъчѣе
ꙁлъчи|злъчі
обрѧштеши•|обрѧщеші
не|не
направи|направі
ѹбо|оубо
твоего|твоего
ока|ока
къ|къ
неи•|неі
И|і
па҇ⷦ•|пак
не|не
вънимаи|вънімаі
ꙁълѣ|зълѣ
женѣ•|женѣ
беꙁѹмиꙗ|безоуміꙗ
бо|бо
ноꙁѣ|нозѣ
ниꙁъводѧтъ|нізъводѧтъ
прилѣпѧѫштеи|прілѣпѧѫщеі
сѧ|сѧ
еи|еі
съ|съ
съмрътиѫ|съмрътіѫ
въ|въ
адъ•|адъ
далече|далече
створи|створі
ѿ|от
неѧ|неѧ
твои|твоі
пѫть•|пѫть
И|і
паⷦ•|пак
не|не
сърѣтаи|сърѣтаі
женꙑ|женъі
съничавꙑ•|сънічавъі
еда|еда
како|како
въпадеши|въпадеші
вь|вь
сѣти|сѣті
еѧ:|еѧ
И|і
наводитъ•|наводітъ
вьвѧжетъ|вьвѧжетъ
ли|лі
кто|кто
огнъ|огнъ
въ|въ
нѧдра•|нѧдра
риꙁь|різь
же|же
своихъ|своіхъ
не|не
съжьжетъ•|съжьжетъ
или|ілі
настѹпить|настоупіть
къто|къто
на|на
ѹглъ|оуглъ
огнънꙑ•|огнънъі
ногѹ|ногоу
же|же
своеѫ|своеѫ
не|не
съжьжетъ•|съжьжетъ
такожде|такожде
не|не
иꙁвинетъ|ізвінетъ
сѧ|сѧ
въсь|въсь
прикасаꙗи|прікасаꙗі
сѧ|сѧ
еи:|еі
И|і
ꙁаконъ|законъ
рече•|рече
иже|іже
аште|аще
прѣлюбꙑ|прѣлюбъі
сътворитъ|сътворітъ
съ|съ
женоѫ|женоѫ
искрънѧаго|іскрънѧаго
своего|своего
съмрътьѫ|съмрътьѫ
да|да
ѹмьретъ:|оумьретъ
И|і
дв҃дь•|дв҃дь
не|не
бѹдѣте|боудѣте
ꙗко|ꙗко
конъ|конъ
и|і
мьскь|мьскь
имьже|імьже
нѣстъ|нѣстъ
раꙁѹма•|разоума
И|і
проⷦ•|прок
ѡсие•|осіе
тѹжа|тоужа
о|о
людехъ|людехъ
гла҇ⷶше•|глааше
дх҃омъ|дх҃омъ
любодѣаниꙗ|любодѣаніꙗ
ꙁабѹдеши•|забоудеші
и|і
людие|людіе
не|не
раꙁѹмѣѫштеи|разоумѣѫщеі
съплѣтаахѫ|съплѣтаахѫ
сѧ|сѧ
съ|съ
любодѣицеѫ:|любодѣіцеѫ
И|і
паⷦ•|пак
любꙑ|любъі
дѣѫште•|дѣѫще
въꙁлюбодѣаше•|възлюбодѣаше
въꙁлюбишѧ|възлюбішѧ
бечьстие•|бечьстіе
И|і
паⷦ•|пак
дх҃ь|дх҃ь
любодѣани|любодѣані
естъ|естъ
въ|въ
нихъ•|ніхъ
г҃а|г҃а
же|же
не|не
поꙁнашѧ•|познашѧ
Ап҃лъ|ап҃лъ
присꙑлаетъ|прісъілаетъ
гл҃ѧ•|гл҃ѧ
бѣгаите|бѣгаіте
любодѣаниѧ•|любодѣаніѧ
вьсъ|вьсъ
бо|бо
грѣхъ|грѣхъ
иже|іже
аште|аще
створитъ|створітъ
чл҃къ•|чл҃къ
кромѣ|кромѣ
тѣлесе|тѣлесе
естъ•|естъ
а|а
творѧи|творѧі
любꙑ•|любъі
вь|вь
свое|свое
тѣло|тѣло
съгрѣшаетъ•|съгрѣшаетъ
И|і
приноситъ•|пріносітъ
не|не
вѣсте|вѣсте
ли|лі
ꙗко|ꙗко
тѣлеса|тѣлеса
ваша|ваша
цр҃кы|цр҃къі
сѫштааго|сѫщааго
въ|въ
вась|вась
ст҃ааго|ст҃ааго
дх҃а|дх҃а
естъ•|естъ
иже|іже
имате|імате
отъ|отъ
б҃а•|б҃а
и|і
нѣсте|нѣсте
себѣ•|себѣ
кѹпени|коупені
бо|бо
есте|есте
цѣноѫ•|цѣноѫ
ибо|ібо
въ|въ
истовъихъ|істовъіхъ
вѣръницѣхъ|вѣръніцѣхъ
имѫштиихъ|імѫщііхъ
дх҃ъ|дх҃ъ
бж҃ьи•|бж҃ьі
ничьто|нічьто
плътьно|плътьно
можетъ|можетъ
бꙑти•|бъіті
еже|еже
естъ|естъ
любодѣание•|любодѣаніе
нечистота•|нечістота
и|і
прочее•|прочее
тѣлоскврънъници|тѣлоскврънъніці
бо•|бо
цр҃са|цр҃са
бж҃иꙗ|бж҃іꙗ
не|не
наслѣдꙗтъ•|наслѣдꙗтъ
юже|юже
бо|бо
таковаꙗ|таковаꙗ
дѣѫштеи|дѣѫщеі
ѹмрѣшꙗ•|оумрѣша
Притъчъникъ|прітъчънікъ
же|же
рече•|рече
отъврати|отъвраті
очи|очі
твои|твоі
отъ|отъ
женꙑ|женъі
красънꙑ•|красънъі
вь|вь
добротѣ|добротѣ
бо|бо
женьстѣ|женьстѣ
мноꙁи|мнозі
ꙁаблѹдишѧ•|заблоудішѧ
и|і
не|не
бесѣдѹи|бесѣдоуі
съ|съ
неѫ|неѫ
въ|въ
винѣ•|вінѣ
еда|еда
како|како
ѹклонитъ|оуклонітъ
сѧ|сѧ
дш҃а|дш҃а
твоꙗ|твоꙗ
на|на
нѭ•|нѭ
и|і
д҃хъ|д҃хъ
твои|твоі
попльꙁнетъ|попльзнетъ
сѧ|сѧ
въ|въ
пагѹбѫ•|пагоубѫ
Инъ|інъ
же|же
любодѣание|любодѣаніе
жены•|женъі
въ|въ
глѹмении•|глоуменіі
очиѫ•|очіѫ
ѹвѣждь|оувѣждь
ꙗко|ꙗко
посредѣ|посредѣ
сѣтии|сѣтіі
прѣходиши:|прѣходіші
И|і
па҇ⷦ|пак
павлъ•|павлъ
не|не
вѣсте|вѣсте
ли|лі
ꙗко|ꙗко
тѣлеса|тѣлеса
вашꙗ|ваша
ѹдове|оудове
х҃ви|х҃ві
сѫтъ•|сѫтъ
Да|да
ли|лі
ѹбо|оубо
ѹдꙑ|оудъі
хв҃ꙑ|хв҃ъі
сътворимъ|сътворімъ
ѹдꙑ|оудъі
любодѣицѧ•|любодѣіцѧ
или|ілі
не|не
вѣсте|вѣсте
ꙗко|ꙗко
прилѣпꙗѧи|прілѣпꙗѧі
сѧ|сѧ
любодѣици•|любодѣіці
едино|едіно
тѣло|тѣло
стъ|стъ
И|і
па҇ⷦ•|пак
не|не
вѣсте|вѣсте
ли|лі
ꙗко|ꙗко
цр҃кꙑ|цр҃къі
бж҃ьѧ|бж҃ьѧ
есте•|есте
и|і
дх҃ъ|дх҃ъ
бж҃ии|бж҃іі
живетъ|жіветъ
въ|въ
васъ•|васъ
И|і
прѣштенънѣе|прѣщенънѣе
наводитъ•|наводітъ
аште|аще
къто|къто
оскврънитъ|оскврънітъ
цр҃кьвъ|цр҃кьвъ
бж҃иѫ•|бж҃іѫ
оскврънитъ|оскврънітъ
сего|сего
б҃ъ•|б҃ъ
цркꙑ|цркъі
бо|бо
бж҃иꙗ|бж҃іꙗ
ст҃а|ст҃а
естъ|естъ
еже|еже
есте|есте
вꙑ•|въі
И|і
па҇ⷦ:|пак
любодѣание|любодѣаніе
же|же
и|і
нечистота•|нечістота
ни|ні
да|да
именѹетъ|іменоуетъ
сѧ|сѧ
въ|въ
васъ•|васъ
се|се
бо|бо
естъ|естъ
волꙗ|волꙗ
бжиѧ•|бжіѧ
стъба|стъба
ваша•|ваша
хранити|храніті
сѧ|сѧ
вамь|вамь
отъ|отъ
любодѣаниꙗ•|любодѣаніꙗ
вѣдѣти|вѣдѣті
комѹжьдо|комоужьдо
васъ|васъ
свои|своі
си|сі
съсѫдъ•|съсѫдъ
сътꙗжавати|сътꙗжаваті
въ|въ
ст҃ꙑни|ст҃ъіні
и|і
чъсти•|чъсті
И|і
па҇ⷦ•|пак
и|і
ст҃ꙑнѫ|ст҃ъінѫ
телесе•|телесе
беꙁ|без
неꙗже|неꙗже
никтоже|ніктоже
не|не
ѹꙁъритъ|оузърітъ
г҃а•|г҃а
г҃ь|г҃ь
же•|же
гл҃ѫ|гл҃ѫ
вамъ•|вамъ
иже|іже
аште|аще
отъпѹститъ|отъпоустітъ
женѫ|женѫ
своѫ|своѫ
не|не
при|прі
любодѣании|любодѣаніі
и|і
поиметъ|поіметъ
инѹ•|іноу
прѣлюбꙑ|прѣлюбъі
творитъ•|творітъ
и|і
женѧи|женѧі
сѧ|сѧ
пѹштеницеѫ•|поущеніцеѫ
прѣлюбꙑ|прѣлюбъі
творитъ•|творітъ
Тѣмъже|тѣмъже
братие|братіе
подвигнѣмъ|подвігнѣмъ
сѧ|сѧ
прилежъно|прілежъно
молити|моліті
сѧ|сѧ
иꙁбавити|ізбавіті
нꙑ|нъі
вьсѣхъ|вьсѣхъ
сихъ|сіхъ
сѣтии|сѣтіі
и|і
вл҃цѣ|вл҃цѣ
г҃ѹ|г҃оу
б҃ѹ|б҃оу
нашемѹ|нашемоу
же|же
слава|слава
въ|въ
вѣкꙑ|вѣкъі
вѣкомъ|вѣкомъ
АМИН|амін
к҃|к҃
О|о
ЦѢЛОМОУДРЬИ|цѣломоудрьі
Цѣломѹдрие•|цѣломоудріе
чьстъно|чьстъно
и|і
похвалъно|похвалъно
и|і
благодръꙁновъно|благодръзновъно
отъ|отъ
б҃а|б҃а
и|і
чл҃кь|чл҃кь
естъ•|естъ
и|і
кромѣ|кромѣ
ꙁависти|завісті
естъ:|естъ
Аще|аще
ли|лі
и|і
нѣции|нѣціі
враꙁи|вразі
обꙑкли|объіклі
сѫтъ|сѫтъ
оклеветавати|оклеветаваті
хотѧштѧꙗ|хотѧщѧꙗ
тѣмъ|тѣмъ
б҃ꙁѣ|б҃зѣ
приприснити|пріпрісніті
сѧ•|сѧ
то|то
истина|істіна
ꙗвѣ|ꙗвѣ
покаꙁаетъ|показаетъ
сѧ|сѧ
ꙗкоже|ꙗкоже
при|прі
иосифѣ|іосіфѣ
и|і
блаженѣи|блаженѣі
сѹсанѣ|соусанѣ
ꙗже|ꙗже
при|прі
даниїлѣ•|даніілѣ
та|та
бо|бо
иꙁволи|ізволі
паче|паче
врѣменьнѹѫ|врѣменьноуѫ
съмрьть•|съмрьть
нежели|нежелі
цѣломѹдрънааго|цѣломоудрънааго
лишити|лішіті
сѧ|сѧ
вѣньца•|вѣньца
И|і
сѫдъ|сѫдъ
бжьи•|бжьі
сирѣчь|сірѣчь
даниилъ•|даніілъ
тако|тако
бо|бо
съкаꙁаеть|съказаеть
сѧ•|сѧ
сѫдии|сѫдіі
клеветъна|клеветъна
осѫди•|осѫді
и|і
цѣломѹдрънѹѫ|цѣломоудръноуѫ
же|же
свободьнѫ|свободьнѫ
ѹкаꙁа•|оуказа
и|і
отъ|отъ
съмрьти|съмрьті
иꙁбави•|ізбаві
тако|тако
иосифъ|іосіфъ
оклеветаваемъ|оклеветаваемъ
егуптѣнꙑнеѫ•|егуптѣнъінеѫ
и|і
въ|въ
тъмъници|тъмъніці
ꙁатворенъ•|затворенъ
не|не
по|по
мноꙁѣ|мнозѣ
строити|строіті
егуптъ|егуптъ
ключи|ключі
сѧ•|сѧ
и|і
побѣда|побѣда
цѣломѫдриꙗ|цѣломѫдріꙗ
еѫ•|еѫ
не|не
тъчьѭ|тъчьѭ
тъгдашъниимъ|тъгдашъніімъ
вѣста|вѣста
бꙑ҇ⷭ•|бъіс
нъ|нъ
и|і
вьсѣмъ|вьсѣмъ
потомь|потомь
родомъ•|родомъ
ꙗкоже|ꙗкоже
бл҃ственое|бл҃ственое
наѱание|напсаніе
въ|въ
ст҃ꙑихъ|ст҃ъііхъ
кънигахъ|кънігахъ
въѱа|въпса
сѧ|сѧ
и|і
сарефѳиискаꙗ|сарефѳііскаꙗ
въдовица•|въдовіца
цѣломѫдриемъ|цѣломѫдріемъ
и|і
страннолюбиемь•|страннолюбіемь
чта|чта
сѫшти•|сѫщі
и|і
достоина•|достоіна
съподоби|съподобі
сꙗ|сꙗ
великааго|велікааго
илиѫ|іліѫ
приꙗти•|пріꙗті
и|і
сн҃ъ|сн҃ъ
еꙗ|еꙗ
имь|імь
ожитъ•|ожітъ
Такожде|такожде
и|і
великꙑи|велікъіі
григоръ•|грігоръ
неокесариискъи|неокесарііскъі
еп҃пъ•|еп҃пъ
еллиньска|елліньска
рода|рода
сꙑ•|съі
отъ|отъ
юностьна|юностьна
въꙁдраста|въздраста
прилежъно|прілежъно
съблюдъ|съблюдъ
цѣломѹдрие:|цѣломоудріе
Достоинъ|достоінъ
бꙑстъ|бъістъ
ѿ|от
мт҃ре|мт҃ре
гн҃ѧ•|гн҃ѧ
и|і
еваглиста|евагліста
иоанна•|іоанна
навꙑкнѫти|навъікнѫті
вѣровънѫѭ|вѣровънѫѭ
таинѫ•|таінѫ
и|і
чюдотворъцъ|чоудотворъцъ
великъ|велікъ
бъти•|бъті
цѣломѹдриꙗ|цѣломоудріꙗ
бо|бо
рачителе•|рачітеле
не|не
тъчью|тъчью
въ|въ
семъ|семъ
житии|жітіі
похвалѹ|похвалоу
имѫтъ•|імѫтъ
нъ|нъ
и|і
вѣньць|вѣньць
сп҃сениꙗ|сп҃сеніꙗ
и|і
риꙁѹ•|різоу
веселиꙗ•|веселіꙗ
приимѫтъ•|пріімѫтъ
Сии|сіі
въсиꙗѫтъ|въсіꙗѫтъ
вь|вь
цр҃сѣ|цр҃сѣ
очи•|очі
аште|аще
и|і
по|по
истинѣ|істінѣ
и|і
прочѧꙗ|прочѧꙗ
добрꙑнѧ|добръінѧ
имѫтъ•|імѫтъ
Пристраꙗѫштꙗѧ|прістраꙗѫщаѧ
сѧ|сѧ
цѣломѫдрии•|цѣломѫдріі
тѹ|тоу
имъ|імъ
ѧвитъ|ѧвітъ
сѧ|сѧ
жиꙁнъ|жізнъ
и|і
длъгота|длъгота
дъньи•|дъньі
тихаа|тіхаа
и|і
беꙁмѫтънаа•|безмѫтънаа
вь|вь
неиже|неіже
отъбѣже|отъбѣже
болѣꙁнъ|болѣзнъ
и|і
печалъ|печалъ
и|і
въꙁдꙑхание•|въздъіханіе
Съвръшенъи|съвръшенъі
цѣломѹдръць|цѣломоудръць
вьсѫдѫ|вьсѫдѫ
хранитъ|хранітъ
сѧ•|сѧ
Слꙑшахъ|слъішахъ
бо|бо
о|о
етерѣ|етерѣ
цр҃и|цр҃і
вьнѣшьньихъ•|вьнѣшьньіхъ
ꙗко|ꙗко
ефешанꙑнѫ•|ефешанъінѫ
иериѫ|іеріѫ
видѣвъ•|відѣвъ
Иꙁлиха|ізліха
добрѹ|доброу
ꙗвьшѫ|ꙗвьшѫ
сѧ•|сѧ
и|і
въꙁврати|възвраті
сꙗ•|сꙗ
боꙗ|боꙗ
сѧ|сѧ
еда|еда
чрѣсъ|чрѣсъ
волю|волю
донѹдитъ|доноудітъ
сѧ•|сѧ
и|і
створитъ|створітъ
нѣчъто|нѣчъто
ꙁъло•|зъло
И|і
куръ|куръ
же|же
перъсинъ•|перъсінъ
ни|ні
видѣти|відѣті
же|же
фанѹꙗ|фаноуꙗ
приꙗтъ•|пріꙗтъ
дивънѹ|дівъноу
етерѹ|етероу
и|і
бестъчънѹ|бестъчъноу
добротѭ|добротѭ
имѫщѫ|імѫщѫ
сьвѣдѣтелю|сьвѣдѣтелю
емѹ|емоу
аще|аще
ѹбо|оубо
и|і
вещи|вещі
вьнѣѫдѹ•|вьнѣѫдоу
и|і
бе-с҃псьнааго|бес҃псьнааго
прр҃чниѧ|прр҃чніѧ
съвѣдѣтелѫѫтъ|съвѣдѣтелѫѫтъ
сѧ:|сѧ
колъми|колъмі
паче|паче
мꙑ|мъі
хв҃и|хв҃і
ѹченици•|оученіці
Нѹждъно|ноуждъно
ѹбо|оубо
въстꙗꙁати|въстꙗзаті
сꙗ•|сꙗ
и|і
дръжати•|дръжаті
не|не
тъчьѫ|тъчьѫ
гл҃аниꙗ•|гл҃аніꙗ
нъ|нъ
и|і
видѣниꙗ•|відѣніꙗ
чѧстое|чѧстое
бо|бо
видѣние•|відѣніе
пѫтъ|пѫтъ
естъ|естъ
на|на
дѣание|дѣаніе
наводѧ•|наводѧ
аште|аще
ли|лі
и|і
на|на
дѣло|дѣло
не|не
иꙁидетъ•|ізідетъ
прѣлюбодѣа|прѣлюбодѣа
сътворитъ|сътворітъ
въпадъшааго•|въпадъшааго
къто|къто
толъма|толъма
естъ|естъ
дръꙁъ•|дръзъ
иже|іже
тѹжда|тоужда
чѧсто|чѧсто
видаꙗ|відаꙗ
добротꙑ|добротъі
гл҃етъ•|гл҃етъ
ничимъже|нічімъже
отънѫдь|отънѫдь
врѣждаѧ|врѣждаѧ
сѧ•|сѧ
аште|аще
ли|лі
се|се
бѣдьно•|бѣдьно
подобаеть|подобаеть
бѣгати|бѣгаті
чѧстꙑихъ|чѧстъііхъ
женъскъ|женъскъ
рѣчьи•|рѣчьі
аште|аще
ли|лі
нѫжда|нѫжда
бѫдетъ•|бѫдетъ
то|то
охлаштати|охлащаті
очи•|очі
Непорочьнꙑ|непорочьнъі
и|і
цѣломѫдръи•|цѣломѫдръі
иовъ|іовъ
своимь|своімь
дрѹгомъ|дроугомъ
бесѣдѹꙗ|бесѣдоуꙗ
рече•|рече
Аште|аще
же|же
и|і
послѣдова|послѣдова
ср҃це|ср҃це
мое|мое
женꙑ|женъі
мѫжа|мѫжа
дрѹгааго•|дроугааго
или|ілі
ꙁасѣдьникь|засѣдьнікь
бꙑхъ|бъіхъ
при|прі
двьръхъ|двьръхъ
еѧ•|еѧ
годѣ|годѣ
бѹди|боуді
ѹбо|оубо
и|і
моꙗ|моꙗ
иномѹ|іномоу
ꙗростъ|ꙗростъ
бо|бо
гнѣва|гнѣва
неѹдръжьнъ•|неоудръжьнъ
еже|еже
оскврънити|осквръніті
женѹ|женоу
мѹжьскѫ•|моужьскѫ
огнъ|огнъ
бо|бо
естъ|естъ
горѧ|горѧ
на|на
вьсе|вьсе
дрьꙁо:|дрьзо
емъже|емъже
наидетъ|наідетъ
ис|іс
корене|корене
погѹбитъ•|погоубітъ
И|і
бл҃жнꙑи|бл҃жнъіі
павлъ|павлъ
присꙑлаꙗ|прісъілаꙗ
накаꙁаетъ•|наказаетъ
молю|молю
вꙑ|въі
ѹбо|оубо
братие|братіе
штедротами|щедротамі
бж҃иꙗми•|бж҃іꙗмі
прѣдъставити|прѣдъставіті
тѣлеса|тѣлеса
ваша|ваша
жрътвѫ|жрътвѫ
живѫ|жівѫ
ст҃ю|ст҃ю
ѹгодънѹ|оугодъноу
б҃ѹ•|б҃оу
рече|рече
же|же
и|і
къ|къ
тимоѳю•|тімоѳю
старъцемъ|старъцемъ
трѣꙁвъникомъ|трѣзвънікомъ
бꙑти•|бъіті
чт҃омъ|чт҃омъ
цѣломѫдрьномъ•|цѣломѫдрьномъ
старицамъ|старіцамъ
же|же
такожде|такожде
ст҃олѣпамъ•|ст҃олѣпамъ
доброѹчителънамъ•|доброоучітелънамъ
да|да
наѹчатъ|наоучатъ
ѹнꙑꙗ•|оунъіꙗ
мѫжелюбицѧ|мѫжелюбіцѧ
бꙑти•|бъіті
чадолюбицѧ•|чадолюбіцѧ
цѣломѹдрънꙑ•|цѣломоудрънъі
чистꙑ:|чістъі
И|і
па҇ⷦ•|пак
да|да
отъвръгъше|отъвръгъше
сꙗ|сꙗ
бечьстъѧ|бечьстъѧ
и|і
мирънъихъ|мірънъіхъ
похотьи|похотьі
цѣломѹдрънѣ|цѣломоудрънѣ
и|і
правъдънѣ•|правъдънѣ
и|і
благочъстьнѣ|благочъстьнѣ
поживемъ|пожівемъ
въ|въ
нꙑнѣшьньимъ|нъінѣшьньімъ
вѣцѣ•|вѣцѣ
И|і
тимоѳеѹ•|тімоѳеоу
въдовица|въдовіца
чъти|чъті
истовꙑꙗ|істовъіꙗ
въдовицѧ•|въдовіцѧ
И|і
наводитъ•|наводітъ
А|а
истаа|істаа
въдовица•|въдовіца
и|і
ѹединенаа•|оуедіненаа
ѹпъва|оупъва
на|на
г҃а•|г҃а
и|і
прѣбꙑваетъ|прѣбъіваетъ
въ|въ
млт҃вхъ|млт҃вхъ
и|і
вь|вь
моленьихъ|моленьіхъ
дн҃ъ|дн҃ъ
и|і
ноштъ•|нощъ
ꙗкоже|ꙗкоже
и|і
прѣподобънаа•|прѣподобънаа
анна|анна
дъшти|дъщі
фанѹилѣ•|фаноуілѣ
живъши|жівъші
съ|съ
мѫжемъ|мѫжемъ
цѣломѹдрьно|цѣломоудрьно
лѣтъ|лѣтъ
и҃|і҃
отъ|отъ
дѣвъства|дѣвъства
своего•|своего
ꙗкоже|ꙗкоже
еван҃глие|еван҃гліе
съкаꙁаетъ•|съказаетъ
и|і
та|та
въдовоѫ|въдовоѫ
сѫшти|сѫщі
до|до
осмидесꙗтъ|осмідесꙗтъ
и|і
четꙑръ|четъіръ
лѣтъ•|лѣтъ
ꙗже|ꙗже
не|не
остѹпааше|остоупааше
отъ|отъ
цр҃кве|цр҃кве
постомъ|постомъ
и|і
млт҃вами|млт҃вамі
слѹжашти|слоужащі
б҃ѹ•|б҃оу
и|і
пророчьства|пророчьства
съподобьши|съподобьші
сѧ•|сѧ
та|та
томъ|томъ
часѣ|часѣ
пристѫпъши|прістѫпъші
исповѣдааше|ісповѣдааше
сѧ|сѧ
г҃ю•|г҃ю
и|і
гл҃ааше|гл҃ааше
въсѣмъ|въсѣмъ
чаѫштиимъ|чаѫщіімъ
иꙁбавениꙗ|ізбавеніꙗ
въ|въ
иел҃мѣ•|іел҃мѣ
о|о
г҃и|г҃і
и|і
б҃ꙁѣ|б҃зѣ
и|і
сп҃сѣ|сп҃сѣ
нашемъ|нашемъ
і҃у|і҃у
хѣ•|хѣ
емѹже|емоуже
слава|слава
и|і
дръжава•|дръжава
съ|съ
о҃цемъ|о҃цемъ
и|і
ст҃ъимъ|ст҃ъімъ
д҃хомъ•|д҃хомъ
въ|въ
вѣкы|вѣкъі
вѣком:|вѣком
АМИН|амін
к҃а|к҃а
Ꙍ|о
ДѢВЬСТВѢ|дѣвьствѣ
Дѣвъство|дѣвъство
искрь|іскрь
ѹбо|оубо
естъ|естъ
цѣломѹдриꙗ•|цѣломоудріꙗ
вꙑсочѣе|въісочѣе
же|же
и|і
того|того
и|і
прочиихъ|прочііхъ
добрꙑнь|добръінь
сꙑ•|съі
анъгл҃мъ|анъгл҃мъ
равъно|равъно
естъ•|естъ
и|і
бꙁ҃ѣ|бз҃ѣ
приближаетъ|прібліжаетъ
сѧ|сѧ
чистотꙑ|чістотъі
ради•|раді
велико|веліко
ѹбо|оубо
по|по
истинѣ|істінѣ
сътѧжание|сътѧжаніе
дѣвъства•|дѣвъства
и|і
ан҃гско|ан҃гско
и|і
нб҃сьно•|нб҃сьно
ꙁнамение|знаменіе
же•|же
ꙗко|ꙗко
не|не
скорѣ|скорѣ
въ|въ
бж҃ствьнꙑихъ|бж҃ствьнъііхъ
ѱаниихъ|псанііхъ
обрѣтаемъ|обрѣтаемъ
сеѫ|сеѫ
ѧвьшѧ|ѧвьшѧ
сѧ|сѧ
добрънеѫ|добрънеѫ
прѣжде|прѣжде
ꙁакона•|закона
и|і
въ|въ
ꙁаконѣ|законѣ
же•|же
не|не
можетъ|можетъ
никътоже|нікътоже
решти|рещі
кого:|кого
тъчиѫ|тъчіѫ
ꙁемьнааго|земьнааго
ан҃гла•|ан҃гла
и|і
нб҃сьнааго|нб҃сьнааго
чл҃ка|чл҃ка
имѫште|імѫще
илиѫ|іліѫ
теꙁвитѣнина|тезвітѣніна
и|і
ѹченика|оученіка
его|его
елисѣа•|елісѣа
и|і
иеремиѫ•|іереміѫ
и|і
инꙑ|інъі
етерꙑ|етеръі
благочисльнꙑ|благочісльнъі
вь|вь
пр҃рцѣхъ•|пр҃рцѣхъ
И|і
великааго|велікааго
вь|вь
рожденъихъ|рожденъіхъ
женами|женамі
вꙑшьша•|въішьша
ветъхааго|ветъхааго
и|і
новааго|новааго
ꙁавѣта|завѣта
ходатаꙗ|ходатаꙗ
сь|сь
истиннъ|істіннъ
вѣньць•|вѣньць
тѣломь|тѣломь
и|і
дх҃омь•|дх҃омь
иже|іже
ꙁа|за
цѣломѹдрие|цѣломоудріе
и|і
сⷱтотѹ|счтотоу
житиꙗ•|жітіꙗ
не|не
тъчьѫ|тъчьѫ
дрѫгъ|дрѫгъ
женишьнарече|женішьнарече
сѧ•|сѧ
Нъ|нъ
и|і
самого|самого
г҃а|г҃а
съподоби|съподобі
сѧ|сѧ
кръстити•|кръстіті
и|і
раꙁвѣ|развѣ
тѣхъ•|тѣхъ
никътоже|нікътоже
не|не
ѹкажеть|оукажеть
прѣжде|прѣжде
ꙁакона|закона
и|і
въ|въ
ꙁаконѣ|законѣ
кого|кого
дѣвьствомь|дѣвьствомь
б҃ѹ|б҃оу
ѹгождъша•|оугождъша
отъ|отъ
еллинъ|еллінъ
же|же
и|і
самѣхъ|самѣхъ
рекомъихъ|рекомъіхъ
философъ•|філософъ
не|не
тьчиѫ|тьчіѫ
ꙗко|ꙗко
николиже|ніколіже
ꙗви|ꙗві
сѧ|сѧ
ихъ|іхъ
дѣвъство•|дѣвъство
нъ|нъ
ни|ні
вѣрѹѫть|вѣроуѫть
же|же
кого|кого
отъ|отъ
чл҃кь|чл҃кь
тѣломь|тѣломь
облежима|облежіма
на|на
не|не
въꙁьрѣти|възьрѣті
и|і
по|по
правъдѣ•|правъдѣ
како|како
бо|бо
вѣрѹ|вѣроу
имѹтъ|імоутъ
о|о
дѣвьствѣ|дѣвьствѣ
иже|іже
стѹдовьнꙑꙗ|стоудовьнъіꙗ
сласти|сласті
бг҃ы|бг҃ъі
сътворьше•|сътворьше
и|і
ꙗко|ꙗко
свиниѧ|свініѧ
живъше|жівъше
вь|вь
вьсемь|вьсемь
любодѣании•|любодѣаніі
Жидове|жідове
же|же
до|до
дьньсьнѧаго•|дьньсьнѧаго
дѣвъства|дѣвъства
ѹбо|оубо
ни|ні
любѧтъ|любѧтъ
ни|ні
дѣѫть•|дѣѫть
въ|въ
насъ|насъ
же|же
хръстъꙗнꙑихъ•|хръстъꙗнъііхъ
видѧште|відѧще
цвътомо|цвътомо
по|по
вьсеи|вьсеі
вьселенѣи•|вьселенѣі
и|і
бꙑваемо|бъіваемо
по|по
вьсемѹ•|вьсемоу
въꙁдрастѹ|въздрастоу
таѫть|таѫть
по|по
реченѹмѹ•|реченоумоу
грѣшъникъ|грѣшънікъ
ѹꙁъритъ|оузърітъ
и|і
раꙁгнѣваетъ|разгнѣваетъ
сѧ|сѧ
ꙁѫбꙑ|зѫбъі
своими|своімі
поскръгъштетъ|поскръгъщетъ
и|і
растаетъ•|растаетъ
отънели|отънелі
бо|бо
г҃ь|г҃ь
нашъ|нашъ
і҃у|і҃у
х҃ь|х҃ь
сн҃ъ|сн҃ъ
бж҃ьи:|бж҃ьі
благоволи•|благоволі
и-ст҃ꙑѧ|іст҃ъіѧ
пр҃чстꙑꙗ|пр҃чстъіꙗ
бц҃ѧ|бц҃ѧ
приснод҃вꙑ|пріснод҃въі
мариꙗ|маріꙗ
мирѹ|міроу
ꙗвити|ꙗвіті
сѧ|сѧ
и|і
дасть|дасть
намъ|намъ
областъ|областъ
на|на
диꙗвола•|діꙗвола
ѹдобь|оудобь
съвръшаеть|съвръшаеть
сѧ|сѧ
въсемѹ|въсемоу
хотѧщѹмѹ|хотѧщоумоу
таковааго|таковааго
дѣвъства|дѣвъства
дѣтѣль•|дѣтѣль
нъ|нъ
ꙗко|ꙗко
ѹбо|оубо
велие|веліе
исправение•|ісправеніе
и|і
вѧштьшѧ|вѧщьшѧ
въ|въ
обѣштꙗниихъ|обѣщанііхъ
лежаштаѧ|лежащаѧ
блага|блага
любѧштиимъ|любѧщіімъ
б҃а•|б҃а
въсѣмъ|въсѣмъ
ꙗвѣ•|ꙗвѣ
невьꙁможъно|невьзможъно
же|же
беꙁ|без
любьве|любьве
бж҃ьꙗ|бж҃ьꙗ
сьмѣреномѫдриꙗ|сьмѣреномѫдріꙗ
комѹ|комоу
доити|доіті
на|на
вꙑсотѫ|въісотѫ
таковааго|таковааго
добродѣаниꙗ:|добродѣаніꙗ
Ꙗкоже|ꙗкоже
съвѣдѣтелюетъ|съвѣдѣтелюетъ
сама|сама
прѣпѣтаѧ|прѣпѣтаѧ
и|і
прѣнепорочънаа|прѣнепорочънаа
и|і
прѣславънаꙗ|прѣславънаꙗ
бц҃а|бц҃а
поѫшти•|поѫщі
Величитъ|велічітъ
дш҃а|дш҃а
моꙗ|моꙗ
г҃а•|г҃а
и|і
въꙁдрадова|въздрадова
сѧ|сѧ
дх҃ъ|дх҃ъ
мои|моі
о|о
бꙁ҃ѣ|бз҃ѣ
сп҃сѣ|сп҃сѣ
моемъ•|моемъ
бж҃ьѫ|бж҃ьѫ
любвь|любвь
ꙗвѧѫшти•|ꙗвѧѫщі
И|і
абие•|абіе
ꙗко|ꙗко
приꙁърѣ|прізърѣ
на|на
съмѣрение|съмѣреніе
рабꙑ|рабъі
своеѧ•|своеѧ
И|і
па҇ⷦ|пак
ниꙁъложи|нізъложі
сильнꙑѧ|сільнъіѧ
отъ|отъ
прѣстолъ•|прѣстолъ
и|і
въꙁнесе|възнесе
съмѣренꙑꙗ•|съмѣренъіꙗ
и|і
прочее•|прочее
и|і
къ|къ
гаврилѹ|гаврілоу
прѣжде:|прѣжде
се|се
раба|раба
гн҃ѧ|гн҃ѧ
бѹди|боуді
мнѣ|мнѣ
по|по
гл҃ѹ|гл҃оу
твоемѹ:|твоемоу
ꙗвѣ|ꙗвѣ
ѹбо|оубо
сими|сімі
ѹкаꙁано|оуказано
бꙑстъ•|бъістъ
ꙗко|ꙗко
отъ|отъ
съвръшена|съвръшена
съмѣрениѧ|съмѣреніѧ
и|і
любъвьѫ|любъвьѫ
ꙗже|ꙗже
къ|къ
б҃ѹ:|б҃оу
дѣвъствънѫѭ|дѣвъствънѫѭ
непорочьнѹѫ|непорочьноуѫ
риꙁѹ|різоу
себѣ|себѣ
благодѣтънаꙗ|благодѣтънаꙗ
истъка•|істъка
Нь|нь
ѧкоже|ѧкоже
ѹбо|оубо
велика|веліка
дѣтѣлъ|дѣтѣлъ
дѣвъствънаꙗ|дѣвъствънаꙗ
ѹкаꙁано|оуказано
б҇ⷭꙑ•|бсъі
Подобаетъ|подобаетъ
же|же
съвлачаштѹмѹ|съвлачащоумоу
сѧ|сѧ
на|на
стоꙗние|стоꙗніе
се•|се
Нѣстъ|нѣстъ
бо|бо
емѹ|емоу
бранъ|бранъ
кь|кь
кръви|кръві
и|і
плъти|плъті
тъчиѫ•|тъчіѫ
нъ|нъ
и|і
къ|къ
невидимꙑимъ|невідімъіімъ
силамь•|сіламь
ѹнота|оунота
ѹбо•|оубо
сирѣчь|сірѣчь
скопивъи|скопівъі
сѧ|сѧ
самъ|самъ
цр҃са|цр҃са
ради•|раді
И|і
дѣвица•|дѣвіца
аште|аще
по|по
вьсемѹ|вьсемоу
такови|такові
бѹдѹть•|боудоуть
ꙗкоже|ꙗкоже
истиньнии|істіньніі
подобъници|подобъніці
Хв҃и•|хв҃і
то|то
не|не
могѫт|могѫт
сѧ|сѧ
сп҃ти•|сп҃ті
Еже|еже
бо|бо
нарицати|наріцаті
сѧ|сѧ
дѣвоѫ•|дѣвоѫ
и|і
дѣтѣльи|дѣтѣльі
не|не
имѣти•|імѣті
Въꙁдреклънъихъ|въздреклънъіхъ
и|і
приснъихъ|пріснъіхъ
и|і
четѧштиихъ|четѧщііхъ
сѧ|сѧ
дѣвъствѣ•|дѣвъствѣ
ѹродънѫ|оуродънѫ
таковѫю|таковѫю
дѣвицѫ|дѣвіцѫ
рече|рече
г҃ъ•|г҃ъ
бесвѣтъна|бесвѣтъна
бо|бо
сѫшти|сѫщі
и|і
беꙁмаслъна•|безмаслъна
вънѣ|вънѣ
цр҃са|цр҃са
нб҇ⷭнааго|нбснааго
ꙁатворить|затворіть
сѧ|сѧ
женишѧ|женішѧ
радости|радості
лишьши|лішьші
сѧ•|сѧ
и|і
съ|съ
ненавидѧштиимы|ненавідѧщіімъі
жениха|женіха
причьтетъ|прічьтетъ
сѧ•|сѧ
мьнитъ|мьнітъ
бо|бо
сⱑ|сѧ
сѫшти|сѫщі
чьто|чьто
беꙁдѣльнаꙗ|бездѣльнаꙗ
ничътоже|нічътоже
сѫштии|сѫщіі
ѹмомъ|оумомъ
лъститъ|лъстітъ
сꙗ|сꙗ
сама•|сама
дѣло|дѣло
же|же
свое|свое
да|да
искѫшаетъ|іскѫшаетъ
къждо•|къждо
и|і
сѧ|сѧ
самъ|самъ
да|да
поꙁнаваетъ•|познаваетъ
ꙁане|зане
вѣра|вѣра
естъ|естъ
сѹетьна•|соуетьна
дѣвьство|дѣвьство
и|і
въꙁдръжание|въздръжаніе
исповѣдаѫште•|ісповѣдаѫще
а|а
силꙑ|сілъі
его|его
отъвръгъше|отъвръгъше
сѧ•|сѧ
истинное|істінное
бо|бо
скопение|скопеніе
и|і
истовое|істовое
дѣвъство|дѣвъство
о|о
х҃ѣ•|х҃ѣ
с҃то|с҃то
естъ|естъ
тѣломь|тѣломь
и|і
дх҃мъ•|дх҃мъ
беꙁмлъвьнѣ|безмлъвьнѣ
и|і
неостѫпънѣ|неостѫпънѣ
г҃ю|г҃ю
слѹжашти|слоужащі
о|о
дс҃ѣ|дс҃ѣ
бж҃ии•|бж҃іі
и|і
присно|прісно
пекѹшти|пекоущі
сѧ|сѧ
како|како
ѹгодитъ|оугодітъ
емѹ•|емоу
и|і
дх҃мь|дх҃мь
естъ|естъ
къ|къ
г҃ю•|г҃ю
ꙗкоже|ꙗкоже
естъ|естъ
ѱано•|псано
с҃ти|с҃ті
бѹдѣте|боудѣте
ꙁане|зане
аꙁъ|азъ
стъ|стъ
есмъ|есмъ
гл҃етъ|гл҃етъ
г҃ъ•|г҃ъ
не|не
тъчиѫ|тъчіѫ
бо|бо
именемъ|іменемъ
простомь|простомь
ст҃ъи|ст҃ъі
ст҃ъ|ст҃ъ
естъ•|естъ
нъ|нъ
вьсѣмъ|вьсѣмъ
ст҃ъ|ст҃ъ
естъ•|естъ
тѣломъ|тѣломъ
и|і
дх҃мъ•|дх҃мъ
Аште|аще
сѧ|сѧ
ѹбо|оубо
еси|есі
отърекла•|отърекла
плътънъихъ|плътънъіхъ
сластьи•|сластьі
вьнеми|вьнемі
подвигъ|подвігъ
истинънааго|істінънааго
дѣвьства•|дѣвьства
аште|аще
сѧ|сѧ
еси|есі
скопити|скопіті
самъ|самъ
въсхотѣлъ|въсхотѣлъ
вѣчьнааго|вѣчьнааго
црства|црства
ради•|раді
то|то
прилежънѣ|прілежънѣ
дръжи|дръжі
сꙗ|сꙗ
постънааго|постънааго
подвига•|подвіга
и|і
вьнеми|вьнемі
прилогꙑ|прілогъі
тѹждааго|тоуждааго
ꙗко|ꙗко
и|і
кръмьчи|кръмьчі
влънꙑ|влънъі
минѹꙗ•|міноуꙗ
бѹди|боуді
направꙗемъ|направꙗемъ
благодѣтъѫ•|благодѣтъѫ
не|не
състѫпи|състѫпі
съ|съ
правааго|правааго
пѫти•|пѫті
подвигни|подвігні
сѧ|сѧ
бес|бес
пътърѧ|пътърѧ
и|і
вьсѣмъ|вьсѣмъ
ср҃цемь|ср҃цемь
работати|работаті
б҃ѹ|б҃оу
и|і
томѹ|томоу
годити|годіті
ч҃томь|ч҃томь
тѣломь|тѣломь
и|і
дхомь•|дхомь
да|да
постигнеши|постігнеші
добродѣтельнааго|добродѣтельнааго
житиѧ|жітіѧ
славѹ•|славоу
подвигни|подвігні
сѧ|сѧ
ꙁаконьнѣ|законьнѣ
пострадати•|пострадаті
да|да
вѣньць|вѣньць
егоже|егоже
вьжделѣ|вьжделѣ
вьсприимеше:|вьспріімеше
и|і
вѣнъчанъ|вѣнъчанъ
ꙗвиши|ꙗвіші
сѧ|сѧ
въ|въ
въишънимь|въішънімь
иел҃мѣ•|іел҃мѣ
егоже|егоже
ради|раді
и|і
отърече|отърече
сѧ|сѧ
плътьнꙑѧ|плътьнъіѧ
похоти•|похоті
въꙁложи|възложі
даръ|даръ
чистотꙑ|чістотъі
своеѧ|своеѧ
на|на
б҃а•|б҃а
ꙁане|зане
не|не
ꙁатвори|затворі
тебе|тебе
въ|въ
рѹкѹ|роукоу
хотѣниѧ|хотѣніѧ
плъти|плъті
и|і
кръве•|кръве
и|і
съѹпражнѣѫштиихъ|съоупражнѣѫщііхъ
сѧ|сѧ
съ|съ
нъма|нъма
тьлетворивъихъ|тьлетворівъіхъ
и|і
неч҃тꙑихъ|неч҃тъііхъ
чл҃къ•|чл҃къ
нъ|нъ
ѹтвръди|оутвръді
своеѫ|своеѫ
десницеѫ•|десніцеѫ
Велико|веліко
ѹбо|оубо
естъ|естъ
въ|въ
чистотѣ|чістотѣ
прѣбꙑвати|прѣбъіваті
въ|въ
чьсть|чьсть
плъти|плъті
гн҃ꙗ|гн҃ꙗ
въ|въ
бесхвалении•|бесхваленіі
аште|аще
бо|бо
похвалить|похваліть
сѧ|сѧ
погыбе•|погъібе
подобаеть|подобаеть
же|же
и|і
прочаꙗ|прочаꙗ
дѣтѣли|дѣтѣлі
ꙗкоже|ꙗкоже
е|е
речено|речено
въꙁдрочьнꙑ|въздрочьнъі
имѣти|імѣті
дѣвъство•|дѣвъство
ꙁане|зане
дѣвъство•|дѣвъство
вꙑше|въіше
вьсѣхъ|вьсѣхъ
есть•|есть
дѣвиче|дѣвіче
бо|бо
ложесно|ложесно
роди|роді
б҃а|б҃а
слова•|слова
и|і
отъ|отъ
сего|сего
поꙁнаи|познаі
славѹ|славоу
дѣвьства•|дѣвьства
обрѹчаѫштеи|оброучаѫщеі
бо|бо
сѧ|сѧ
б҃ѹ•|б҃оу
подобити|подобіті
х҃ѹ|х҃оу
бꙑваѫть•|бъіваѫть
рече|рече
павлъ|павлъ
ап҃лъ•|ап҃лъ
подобити|подобіті
ми|мі
бꙑваите|бъіваіте
ꙗкоже|ꙗкоже
аꙁь|азь
х҃ѹ:|х҃оу
въ|въ
таковꙑихъ|таковъііхъ
бо|бо
мѫдрости|мѫдрості
плътънꙑ|плътънъі
нѣстъ•|нѣстъ
трѣбѣ|трѣбѣ
ѹбо|оубо
есть|есть
вьсѣмь|вьсѣмь
хранениемь•|храненіемь
блюсти|блюсті
свое|свое
ср҃це:|ср҃це
и|і
никакоже|нікакоже
примѣшѧти|прімѣшѧті
сѧ|сѧ
дѣвици|дѣвіці
съ|съ
ѫнотоѫ|ѫнотоѫ
отънѫдь•|отънѫдь
аште|аще
и|і
обрѧштѹтъ|обрѧщоутъ
сѧ|сѧ
старицѧ|старіцѧ
ст҃олѣпьнꙑ•|ст҃олѣпьнъі
и|і
трѣбѣ|трѣбѣ
бѫдетъ|бѫдетъ
присѣщение•|прісѣщеніе
то|то
обивъшѧ|обівъшѧ
свои|своі
рѹцѣ|роуцѣ
своими|своімі
риꙁами•|різамі
Такожде|такожде
же|же
и|і
мѫжи|мѫжі
съ|съ
стꙑдѣниемь|стъідѣніемь
правѣ|правѣ
ꙁърѧште|зърѧще
цѣломѫдрънѣ|цѣломѫдрънѣ
же|же
и|і
лѣпѣ|лѣпѣ
о|о
г҃и•|г҃і
своꙗ|своꙗ
десницѧ|десніцѧ
прикръвенꙑ|прікръвенъі
имѫште|імѫще
своеѫ|своеѫ
риꙁоѫ|різоѫ
да|да
отълѹчаѫть|отълоучаѫть
сѧ•|сѧ
прѣжде|прѣжде
же|же
вьсего•|вьсего
подобаетъ|подобаетъ
дѣвици•|дѣвіці
масломь|масломь
благотворениѧ|благотвореніѧ
ѹкрасити|оукрасіті
своѫ|своѫ
свѣштѹ•|свѣщоу
да|да
сѧ|сѧ
не|не
лишить|лішіть
радости|радості
женишѧ|женішѧ
и|і
веселиꙗ|веселіꙗ
по|по
притъчи|прітъчі
г҃ни•|г҃ні
ꙗко|ꙗко
мѫдрꙑꙗ|мѫдръіꙗ
въꙁѧшꙗ|възѧша
масло|масло
въ|въ
съсѫдѣхъ|съсѫдѣхъ
своихъ•|своіхъ
и|і
вьнидошꙗ|вьнідоша
съ|съ
прѣдрагъимъ|прѣдрагъімъ
женихомъ•|женіхомъ
и|і
ꙁатворишѧ|затворішѧ
сѧ|сѧ
двъри•|двърі
и|і
насладишѧ|насладішѧ
сѧ|сѧ
радости|радості
женишѧ|женішѧ
вѣчьнѣ•|вѣчьнѣ
томѹ|томоу
слава|слава
вь|вь
вѣкꙑ|вѣкъі
вѣкомь|вѣкомь
АМИН|амін
к҃в|к҃в
О|о
ꙌПЛАꙀОВ|оплазов
҇ⷶНИИ|аніі
Рече|рече
ꙁаконъ•|законъ
аште|аще
бѹдете|боудете
дъва|дъва
ꙁасъвѣдѣтелевана•|засъвѣдѣтелевана
себѣ•|себѣ
и|і
не|не
погѹбитъ|погоубітъ
его•|его
естъ|естъ
вьꙁвратитъ|вьзвратітъ
и•|і
естъ|естъ
егда|егда
въ|въ
пирѣ|пірѣ
искачетъ•|іскачетъ
тъштеславие|тъщеславіе
мꙑслъ|мъіслъ
г҃лати|г҃латі
велѧ|велѧ
беꙁ|без
врѣмене•|врѣмене
ꙁасъвѣдѣтелюѫтъ|засъвѣдѣтелюѫтъ
ти|ті
благꙑꙗ|благъіꙗ
мꙑсли|мъіслі
погѹбити|погоубіті
любоблѧдивѫѭ|любоблѧдівѫѭ
мꙑслъ•|мъіслъ
аште|аще
ѹбо|оубо
не|не
погѫши|погѫші
еѧ|еѧ
мльчаниемъ•|мльчаніемъ
нь|нь
попѹстиши|попоустіші
еи|еі
иꙁити•|ізіті
тъгда|тъгда
ѹже|оуже
въꙁдаси|въздасі
длъгъ•|длъгъ
или|ілі
грѣхѫ|грѣхѫ
великѹ|велікоу
силъмь|сілъмь
прѣданъ|прѣданъ
бѹдеши•|боудеші
варьливꙑи|варьлівъіі
бо|бо
въ|въ
словесе•|словесе
или|ілі
вь|вь
вештехъ•|вещехъ
иматъ|іматъ
и|і
мрⷣ҇стъ•|мрдстъ
сластьнѣ|сластьнѣ
же|же
и|і
ꙁаконѹ|законоу
ѹчити|оучіті
хоштетъ•|хощетъ
иштетъ|іщетъ
бо|бо
присно|прісно
побѣдовати|побѣдоваті
и|і
слово|слово
свое|свое
твръдити•|твръдіті
таковꙑи|таковъіі
же|же
крѣпъкь|крѣпъкь
беꙁѹмълъ•|безоумълъ
Слꙑшитъ|слъішітъ
бо|бо
отъ|отъ
притьчьника•|прітьчьніка
иже|іже
сѧ|сѧ
надѣе|надѣе
дръꙁѣ|дръзѣ
ср҃ци|ср҃ці
то|то
беꙁѹмьнъ|безоумьнъ
естъ•|естъ
прм҃дрии|прм҃дріі
же|же
потаⱑѫтъ|потаѧѫтъ
чѫвъство•|чѫвъство
и|і
ѹста|оуста
дръꙁааго|дръзааго
приближаѫтъ|прібліжаѫтъ
сѧ|сѧ
ськрѫшении•|ськрѫшеніі
штѧдꙗи|щѧдꙗі
же|же
ѹстънѣ|оустънѣ
раꙁѹньмъ|разоуньмъ
бѹдетъ•|боудетъ
И|і
па҇ⷦ•|пак
иже|іже
хранитъ|хранітъ
ѹста|оуста
своꙗ|своꙗ
съблюдетъ|съблюдетъ
д҃шѹ|д҃шоу
своѫ•|своѫ
а|а
варъливъи|варълівъі
ѹстънама|оустънама
ѹстрашитъ|оустрашітъ
сѧ•|сѧ
И|і
па҇ⷦ•|пак
иже|іже
отъвѣштꙗваетъ|отъвѣщаваетъ
слово|слово
прѣжде|прѣжде
не|не
слꙑшавъ•|слъішавъ
стѫдъ|стѫдъ
емѹ|емоу
бꙑваетъ•|бъіваетъ
и|і
поношение•|поношеніе
И|і
потомъ•|потомъ
аште|аще
видиши|відіші
мѫжа|мѫжа
напрасна|напрасна
въ|въ
словесехъ•|словесехъ
раꙁѹмѣваи|разоумѣваі
ꙗко|ꙗко
ѹпъвание|оупъваніе
иматъ|іматъ
паче|паче
его•|его
беꙁѹмънъи•|безоумънъі
и|і
дръꙁъи|дръзъі
въ|въ
словесехъ|словесехъ
ненавидимъ|ненавідімъ
бѹдетъ•|боудетъ
Иꙗковъ|іꙗковъ
же|же
иже|іже
словомъ|словомъ
не|не
съгрѣшаетъ•|съгрѣшаетъ
и|і
сь|сь
съвръшенъ|съвръшенъ
мѫжъ•|мѫжъ
сильнъ|сільнъ
охластити|охластіті
и|і
въсе|въсе
тѣло:|тѣло
И|і
паⷦ|пак
да|да
боѹдетъ|бооудетъ
въсѧкъ|въсѧкъ
чл҃къ|чл҃къ
скоръ|скоръ
слѹшати•|слоушаті
а|а
мѹдънъ|моудънъ
гл҃ати•|гл҃аті
И|і
наводитъ•|наводітъ
аште|аще
ли|лі
къто|къто
мьнитъ|мьнітъ
сѧ|сѧ
вѣрънъ|вѣрънъ
сꙑ|съі
не|не
вьхластаваꙗ|вьхластаваꙗ
ѧꙁ҃ка|ѧз҃ка
своего•|своего
сего|сего
сѹетъна|соуетъна
вѣра•|вѣра
И|і
па҇ⷦ|пак
не|не
мноꙁи|мнозі
ѹчителе|оучітеле
бѫдѣте•|бѫдѣте
братие|братіе
моѧ|моѧ
вѣдѹште|вѣдоуще
ꙗко|ꙗко
больи|больі
грѣхъ|грѣхъ
приимѥмъ•|пріімемъ
много|много
бо|бо
съгрѣшаемъ|съгрѣшаемъ
вьси•|вьсі
И|і
павлъ|павлъ
да|да
отъ|отъ
насъ|насъ
наѹчите|наоучіте
сⱑ|сѧ
не|не
паче|паче
ѱаньихь|псаньіхь
мѹдрованти:|моудрованті
да|да
не|не
единъ|едінъ
на|на
дрѹга|дроуга
дъмете|дъмете
сѧ•|сѧ
И|і
еже|еже
любꙑ|любъі
не|не
оплаꙁѹетъ•|оплазоуетъ
не|не
гръдитъ|гръдітъ
сѧ•|сѧ
не|не
ꙁълообраꙁѹетъ•|зълообразоуетъ
И|і
наноситъ•|наносітъ
мънѫ|мънѫ
бо|бо
ꙗко|ꙗко
б҃ъ|б҃ъ
нꙑ|нъі
апⷧ҇ы|аплъі
послѣдънѧꙗ|послѣдънѧꙗ
ѧви|ѧві
ꙗко|ꙗко
насъмрътъникꙑ•|насъмрътънікъі
Иже|іже
мꙑ|мъі
ѹроди|оуроді
х҃а|х҃а
ради•|раді
лѹче|лоуче
ѹбо|оубо
естъ|естъ
млъчати|млъчаті
и|і
бꙑти•|бъіті
или|ілі
гл҃юштѫ|гл҃ющѫ
не|не
бꙑти•|бъіті
добро|добро
естъ|естъ
ѹчити•|оучіті
Аште|аще
гл҃ѧи|гл҃ѧі
творитъ•|творітъ
аште|аще
ѹбо|оубо
ѹчителъ|оучітелъ
ꙗкоже|ꙗкоже
рече|рече
и|і
бꙑстъ•|бъістъ
и|і
ꙗкоже|ꙗкоже
млъча|млъча
створилъ•|створілъ
достоина|достоіна
оц҃ѫ|оц҃ѫ
сѫтъ•|сѫтъ
имѣꙗ|імѣꙗ
слово|слово
і҃у|і҃у
х҃во•|х҃во
по|по
истинѣ|істінѣ
можетъ|можетъ
и|і
млъчаниꙗ|млъчаніꙗ
его|его
слѹшати•|слоушаті
да|да
бѹдетъ|боудетъ
съвръшенъ•|съвръшенъ
да|да
еже|еже
гл҃етъ|гл҃етъ
творитъ•|творітъ
и|і
имиже|іміже
млъчитъ|млъчітъ
ꙁнаемъ|знаемъ
е•|е
ничьтоже|нічьтоже
бо|бо
не|не
ѹтаитъ|оутаітъ
сѧ|сѧ
г҃а•|г҃а
нъ|нъ
и|і
таинꙑ|таінъі
нашѧ|нашѧ
блиꙁъ|блізъ
его|его
сѹтъ•|соутъ
Въꙁбоимъ|възбоімъ
сѧ|сѧ
ѹбо|оубо
сѹда|соуда
ѹчителъ•|оучітелъ
ли|лі
бо|бо
естъ|естъ
гл҃ѫштиихъ|гл҃ѫщііхъ
и|і
не|не
творѧштиихъ|творѧщііхъ
сѫждение•|сѫжденіе
лъжеименънѭ|лъжеіменънѭ
ѹчаштемъ|оучащемъ
вѣдъ|вѣдъ
и|і
настѫпаѫштемъ|настѫпаѫщемъ
спꙑти•|спъіті
и|і
дъмѹштемъ|дъмоущемъ
сѧ|сѧ
отъ|отъ
ѹма|оума
плътъна•|плътъна
слѣпомъ•|слѣпомъ
слѣпꙑ|слѣпъі
наставѧѫштемъ•|наставѧѫщемъ
и|і
обоимъ|обоімъ
въ|въ
ѧмѫ|ѧмѫ
въпадаѫштемъ•|въпадаѫщемъ
отъ|отъ
исхода|ісхода
бо|бо
словесе|словесе
его|его
поꙁнанъ|познанъ
бѹдетъ|боудетъ
мѹжъ•|моужъ
О|о
нихъже|ніхъже
и|і
ап҃лъ|ап҃лъ
рече•|рече
си|сі
сѫтъ|сѫтъ
неѹдръжаште|неоудръжаще
сѧ•|сѧ
некротъци•|некротъці
неблаголюбьци•|неблаголюбьці
прѣдателе•|прѣдателе
напрасни•|напрасні
вьꙁносъливи•|вьзносъліві
сластолюбьци|сластолюбьці
паче•|паче
неже|неже
благолюбъци•|благолюбъці
И|і
беꙁочивꙑи|безочівъіі
июда•|іюда
искариотѣнинъ|іскаріотѣнінъ
гл҃ааше:|гл҃ааше
чесо|чесо
ради|раді
муро|муро
се|се
не|не
продано|продано
бꙑстъ|бъістъ
на|на
т҃⸱хъ|т҃хъ
пѣнѧꙁь|пѣнѧзь
и|і
дано|дано
ништиимъ•|ніщіімъ
Се|се
же|же
рече•|рече
не|не
ꙗко|ꙗко
о|о
ништиихъ|ніщііхъ
печааше|печааше
сѧ•|сѧ
нь|нь
ꙗко|ꙗко
татъ|татъ
бѣ•|бѣ
паче|паче
же|же
врагъ|врагъ
сꙑ•|съі
неподобьнаа|неподобьнаа
гл҃ааше|гл҃ааше
подобаѫштаа|подобаѫщаа
воли|волі
его•|его
Длъготръпѣливъи|длъготръпѣлівъі
же|же
г҃ь|г҃ь
вьсе|вьсе
тръпѧ|тръпѧ
гл҃ааше•|гл҃ааше
не|не
дѣите|дѣіте
еꙗ|еꙗ
да|да
вь|вь
дьнь|дьнь
погребениꙗ|погребеніꙗ
моего|моего
съблютъ|съблютъ
е•|е
томѹ|томоу
слава|слава
въ|въ
вѣкꙑ|вѣкъі
вѣкомъ|вѣкомъ
АМИН|амін
к҃г|к҃г
О|о
ГНѢВѢ|гнѣвѣ
Вельми|вельмі
хоштетъ|хощетъ
нѹдити|ноудіті
сѧ|сѧ
чл҃къ|чл҃къ
да|да
ѹдръжитъ|оудръжітъ
страстъ|страстъ
гнѣвънѹѫ•|гнѣвъноуѫ
и|і
съкѫтаетъ|съкѫтаетъ
ꙗростъ|ꙗростъ
дш҃ѫвънѫѭ|дш҃ѫвънѫѭ
длъготръпиемь•|длъготръпіемь
кротостьѫ•|кротостьѫ
мл҃твоѫ•|мл҃твоѫ
и|і
съмѣрениемь•|съмѣреніемь
и|і
вь|вь
въсѣхъ|въсѣхъ
имѣти|імѣті
себе|себе
невьмѣнима•|невьмѣніма
ꙁѣло|зѣло
бо|бо
порѣетъ|порѣетъ
бѣсъ|бѣсъ
сь|сь
гнѣвънъи•|гнѣвънъі
чл҃ка|чл҃ка
по|по
многомъ|многомъ
обраꙁомъ•|образомъ
паче|паче
же|же
хотѧштааго|хотѧщааго
подвиꙁати|подвізаті
сѧ•|сѧ
да|да
ꙗже|ꙗже
си|сі
съберетъ|съберетъ
плодꙑ|плодъі
съ|съ
многомъ|многомъ
трѹдомъ•|троудомъ
или|ілі
постомъ•|постомъ
или|ілі
бьдѣниемъ•|бьдѣніемъ
или|ілі
мл҃тми•|мл҃тмі
и|і
пѣнии•|пѣніі
или|ілі
слѹжъбами•|слоужъбамі
по|по
единомѹ|едіномоу
расточить|расточіть
е•|е
паче|паче
же|же
аште|аще
ѹꙁьритъ|оузьрітъ
кого|кого
и|і
маломъ|маломъ
ослабѧштꙗ|ослабѧща
отъ|отъ
мл҃твꙑ•|мл҃твъі
нападаетъ|нападаетъ
въсеꙁьлъи|въсезьлъі
бѣсъ|бѣсъ
сь|сь
чл҃цѣ|чл҃цѣ
и|і
ѧже|ѧже
бѹдетъ|боудетъ
събъралъ|събъралъ
многꙑ|многъі
лѣтꙑ•|лѣтъі
д҃хь|д҃хь
бо|бо
гнѣвънъи|гнѣвънъі
въ|въ
нашемъ|нашемъ
ср҃ци|ср҃ці
сѣдѧ•|сѣдѧ
очи|очі
раꙁѹмьнѣи|разоумьнѣі
тьмьнъими|тьмьнъімі
мѧтежи|мѧтежі
ослѣпить•|ослѣпіть
да|да
ѹже|оуже
ни|ні
расѹждениꙗ|расоужденіꙗ
польꙁьнъихъ|пользьнъіхъ
можемъ|можемъ
сътѧжати•|сътѧжаті
ни|ні
дх҃овъна|дх҃овъна
раꙁѹма|разоума
обрѣсти|обрѣсті
постиꙁаниꙗ•|постізаніꙗ
ни|ні
съвѣта|съвѣта
блага|блага
ѹдръжати|оудръжаті
съвръшениѧ:|съвръшеніѧ
ни|ні
сѫштаꙗ|сѫщаꙗ
жиꙁни|жізні
бꙑти|бъіті
причастъници•|прічастъніці
ни|ні
видѣниꙗ|відѣніꙗ
бж҃иꙗ|бж҃іꙗ
свѣта•|свѣта
приꙗти|пріꙗті
въ|въ
нашь|нашь
ѹмъ|оумъ
бѹдетъ•|боудетъ
ни|ні
мѹдрости|моудрості
приобъштени•|пріобъщені
нъ|нъ
ни|ні
сп҃сънꙑихъ|сп҃сънъііхъ
расмотрениꙗ|расмотреніꙗ
съвѣтъ|съвѣтъ
сътѧжати|сътѧжаті
въꙁможемъ•|възможемъ
ни|ні
правьдьнъихъ|правьдьнъіхъ
кръмовании•|кръмованіі
трѣꙁвъномъ|трѣзвъномъ
ср҃цемъ|ср҃цемъ
приꙗти|пріꙗті
можемъ•|можемъ
Не|не
подобаетъ|подобаетъ
ѹбо|оубо
никакоѧже|нікакоѧже
винꙑ|вінъі
ради|раді
съ|съ
гнѣвомъ|гнѣвомъ
двиꙁати|двізаті
сѧ|сѧ
на|на
тождевѣрънꙑꙗ•|тождевѣрънъіꙗ
нъ|нъ
тъчиѫ|тъчіѫ
на|на
своꙗ|своꙗ
страсти•|страсті
И|і
на|на
ꙁълꙑꙗ|зълъіꙗ
мꙑсли•|мъіслі
ꙗже|ꙗже
тъштатъ|тъщатъ
сѧ|сѧ
съвратити|съвратіті
нꙑ|нъі
съ|съ
истиньнааго|істіньнааго
пѫти•|пѫті
Сего|сего
бо|бо
ради|раді
и|і
притъчьникъ|прітъчьнікъ
ꙁаповѣдаетъ|заповѣдаетъ
г҃лѧ•|г҃лѧ
отъими|отъімі
раꙁгнѣвание|разгнѣваніе
отъ|отъ
себе•|себе
ꙁане|зане
ѫность|ѫность
и|і
беꙁѹмие|безоуміе
сѹета•|соуета
и|і
помѧни|помѧні
съꙁъдавъшѧаго|съзъдавъшѧаго
тѧ•|тѧ
вь|вь
дьнъ|дьнъ
ѹности|оуності
твоеꙗ•|твоеꙗ
И|і
пакꙑ•|пакъі
гнѣвъ|гнѣвъ
погѹбѧетъ|погоубѧетъ
и|і
мѹдрꙑѧ•|моудръіѧ
слово|слово
же|же
жестоко|жестоко
въꙁдвижетъ|въздвіжетъ
гнѣвꙑ•|гнѣвъі
и|і
гнѣвъ|гнѣвъ
оц҃ѫ|оц҃ѫ
с҃нъ|с҃нъ
беꙁѹмьнъ•|безоумьнъ
гнѣвь|гнѣвь
же|же
мѹжа|моужа
ѹкротитъ|оукротітъ
слѹга|слоуга
мѹдръ•|моудръ
И|і
па҇ⷦ:|пак
тꙗжъко|тꙗжъко
камень|камень
и|і
жестоносънꙩ|жестоносъно
пѣсъкъ•|пѣсъкъ
гнѣвь|гнѣвь
же|же
беꙁѹмънааго•|безоумънааго
тѧжии|тѧжіі
обоего•|обоего
И|і
паⷦ|пак
не|не
отъвѣштаваи|отъвѣщаваі
беꙁѫмьнѹ|безѫмьноу
по|по
беꙁѹмиѫ|безоуміѫ
его•|его
да|да
не|не
подобънь|подобънь
емѹ|емоу
бѹдеши•|боудеші
нъ|нъ
отъвѣштаи|отъвѣщаі
беꙁѹмьнѹ|безоумьноу
по|по
беꙁѹмиѫ|безоуміѫ
его•|его
да|да
не|не
мънитъ|мънітъ
сѧ|сѧ
мѹдръ|моудръ
о|о
себѣ•|себѣ
И|і
паⷦ•|пак
беꙁѹмъ|безоумъ
въ|въ
пръвъи|пръвъі
дънъ|дънъ
исповѣдаеть|ісповѣдаеть
гнѣвъ•|гнѣвъ
а|а
мѫдръи|мѫдръі
потаꙗетъ•|потаꙗетъ
и|і
страшъно|страшъно
слово•|слово
съмѹштаетъ|съмоущаетъ
ср҃це|ср҃це
мѫжю|мѫжоу
и|і
ꙗкоже|ꙗкоже
вода|вода
движетъ|двіжетъ
сѧ|сѧ
отъ|отъ
нѹжда|ноужда
вѣтрънꙑ•|вѣтрънъі
такоже|такоже
гнѣвъливъи|гнѣвълівъі
съмѫщѧетъ|съмѫщѧетъ
сѧ|сѧ
отъ|отъ
мꙑсльи|мъісльі
гнѣвънъихъ•|гнѣвънъіхъ
члкъ|члкъ
гнѣвьливъ•|гнѣвьлівъ
вепрь|вепрь
дивии•|дівіі
видѣ|відѣ
етерꙑ•|етеръі
и|і
ꙁѫбꙑ|зѫбъі
покръжъта•|покръжъта
И|і
иꙗковъ|іꙗковъ
же|же
ѹчитъ|оучітъ
нꙑ:|нъі
гл҃ѧ•|гл҃ѧ
бѹди|боуді
въсъ|въсъ
чл҃къ|чл҃къ
скоръ|скоръ
послѹшати•|послоушаті
а|а
мѹдънь|моудънь
гл҃ати•|гл҃аті
мѫдънь|мѫдънь
въ|въ
гнѣвъ•|гнѣвъ
гнѣвь|гнѣвь
бо|бо
мѹжѹ•|моужоу
правьдꙑ|правьдъі
бж҃иѧ|бж҃іѧ
не|не
съдѣваетъ•|съдѣваетъ
И|і
па҇ⷦ•|пак
отъкѫдѹ|отъкѫдоу
брани•|брані
ї|і
отъкѫдѹ|отъкѫдоу
свари|сварі
въ|въ
васъ•|васъ
не|не
отъсѫдѣ|отъсѫдѣ
ли•|лі
отъ|отъ
сластьи|сластьі
вашихъ•|вашіхъ
И|і
павлъ•|павлъ
не|не
себе|себе
мьштаѫште|мьщаѫще
вьꙁлюбении•|вьзлюбеніі
нъ|нъ
дадите|дадіте
мѣсто|мѣсто
гнѣвѹ•|гнѣвоу
И|і
паⷦ|пак
въсѧ•|въсѧ
горестъ•|горестъ
и|і
гнѣвъ•|гнѣвъ
и|і
ꙗростъ•|ꙗростъ
и|і
кличь|клічь
и|і
хѹла•|хоула
да|да
въꙁъметъ|възъметъ
сꙗ|сꙗ
отъ|отъ
васъ•|васъ
съ|съ
въсеѫ|въсеѫ
ꙁьлобоѫ|зьлобоѫ
Такожде|такожде
и|і
дв҃дь•|дв҃дь
прѣстани|прѣстані
отъ|отъ
гнѣва•|гнѣва
и|і
остави|оставі
ꙗростъ•|ꙗростъ
и|і
гнѣваите|гнѣваіте
а|а
не|не
съгрѣшаите•|съгрѣшаіте
Строителъ|строітелъ
же|же
дш҃ь|дш҃ь
нашихъ|нашіхъ
г҃ъ•|г҃ъ
отъвѣшта|отъвѣща
гл҃ѧ•|гл҃ѧ
ꙗко|ꙗко
вьсь|вьсь
гнѣваꙗи|гнѣваꙗі
сѧ|сѧ
на|на
брать|брать
свои|своі
спꙑти•|спъіті
повинънъ|повінънъ
естъ|естъ
сѹдѹ•|соудоу
иже|іже
ли|лі
речеть|речеть
ѹроде•|оуроде
повиннъ|повіннъ
есть|есть
родѹ|родоу
огньнѹмѹ•|огньноумоу
его|его
же|же
иꙁбꙑти|ізбъіті
нꙑ|нъі
въси|въсі
молимъ|молімъ
сѧ|сѧ
милостивѹмѹ|мілостівоумоу
вл҃цѣ|вл҃цѣ
б҃ѹ|б҃оу
нашемѹ|нашемоу
и|і
сп҃сѹ|сп҃соу
і҃у|і҃у
х҃ѹ|х҃оу
емѹже|емоуже
слава|слава
вь|вь
вѣкꙑ|вѣкъі
вѣкомь|вѣкомь
АМИН|амін
к҃д|к҃д
О|о
ꙖРОСТИ|ꙗрості
И|і
ꙗрости•|ꙗрості
егдаже|егдаже
наидеть|наідеть
тебе|тебе
напасть|напасть
и|і
прѣкословесье•|прѣкословесье
или|ілі
раꙁдражение|раздраженіе
на|на
кого|кого
двигнѹти|двігноуті
ꙗрость•|ꙗрость
помѧни|помѧні
мл҃твѹ•|мл҃твоу
и|і
сѫдъ|сѫдъ
еѧ•|еѧ
и|і
абие|абіе
бесчинное|бесчінное
въ|въ
тебѣ|тебѣ
движение|двіженіе
ѹмлъкнетъ•|оумлъкнетъ
ꙗростъ|ꙗростъ
бо|бо
паче|паче
инѣхъ|інѣхъ
врѣдовъ|врѣдовъ
съмѹштати|съмоущаті
обыкла|объікла
ѥсть|есть
и|і
сьгрѣжѧти|сьгрѣжѧті
дш҃ѫ|дш҃ѫ
ꙗрость|ꙗрость
же•|же
и|і
гнѣвъ|гнѣвъ
оба|оба
сьꙗ|сьꙗ
единоꙗ|едіноꙗ
матере|матере
иꙁдрода|іздрода
естъ|естъ
ꙁовомꙑꙗ|зовомъіꙗ
беꙁмѹдрие•|безмоудріе
Рече|рече
бо•|бо
вьсѫ|вьсѫ
ꙗростъ|ꙗростъ
своѫ|своѫ
иꙁносить|ізносіть
беꙁѹмьль•|безоумьль
и|і
беꙁѹмьнъ|безоумьнъ
вь|вь
прьвъи|прьвъі
дънь|дънь
исповѣдаетъ|ісповѣдаетъ
гнѣвъ•|гнѣвъ
хотѧи|хотѧі
ѹбо|оубо
отълѹчити|отълоучіті
отъ|отъ
вражьдьницѧ|вражьдьніцѧ
рождъшѧѧ|рождъшѧѧ
ꙗ•|ꙗ
да|да
дрьжитъ|дрьжітъ
сѧ|сѧ
тръпѣниемъ|тръпѣніемъ
многомъ•|многомъ
и|і
кротъкомъ|кротъкомъ
ср҃цемь|ср҃цемь
и|і
молениемъ|моленіемъ
къ|къ
б҃ѹ•|б҃оу
ї|і
ѿвръжениемъ|отвръженіемъ
себе|себе
самого•|самого
и|і
въ|въ
скорѣ|скорѣ
свободитъ|свободітъ
сѧ|сѧ
отъ|отъ
неѧ•|неѧ
и|і
бѫдетъ|бѫдетъ
сн҃ъ|сн҃ъ
прѣмѫдрости•|прѣмѫдрості
б҃обоивъ•|б҃обоівъ
и|і
б҃олюбивъ•|б҃олюбівъ
начало|начало
бо|бо
прѣмѫдрости|прѣмѫдрості
страхъ|страхъ
гн҃ь•|гн҃ь
и|і
любѧштеи|любѧщеі
г҃а|г҃а
ненавидите|ненавідіте
ꙁъла•|зъла
Отъ|отъ
страха|страха
бо|бо
на|на
любъвъ|любъвъ
иꙁидетъ|ізідетъ
бж҃иѫ•|бж҃іѫ
и|і
рковьникъ•|рковьнікъ
отъстави|отъставі
ꙗростъ|ꙗростъ
своѫ|своѫ
отъ|отъ
ср҃дца|ср҃дца
своего•|своего
и|і
мимоведи|мімоведі
ꙁълобѹ|зълобоу
отъ|отъ
плъти|плъті
своеꙗ•|своеꙗ
И|і
притъчахъ•|прітъчахъ
кротъкод҃шьнъ|кротъкод҃шьнъ
мѫжъ|мѫжъ
ср҃цѫ|ср҃цѫ
врачь•|врачь
чрьвь|чрьвь
же|же
костемъ|костемъ
ср҃це|ср҃це
чювъно•|чоувъно
И|і
паⷦ|пак
отъвѣтъ|отъвѣтъ
подъпадаꙗ•|подъпадаꙗ
отъвраштаетъ|отъвращаетъ
ꙗростъ•|ꙗростъ
а|а
напраснод҃шьнъи•|напраснод҃шьнъі
тврьдитъ|тврьдітъ
бе-съвѣта•|бесъвѣта
И|і
пакꙑ•|пакъі
мѫжъ|мѫжъ
мѹдръ|моудръ
много|много
тръпитъ•|тръпітъ
и|і
длъгод҃шьнь|длъгод҃шьнь
мѹжъ•|моужъ
великъ|велікъ
въ|въ
мѫдрости•|мѫдрості
а|а
малод҃шь¬нъи|малод҃шьнъі
крѣпъ|крѣпъ
беꙁѹмьль•|безоумьль
и|і
мѹжъ|моужъ
ѧръливъ•|ѧрълівъ
неблагообраꙁьнь•|неблагообразьнь
И|і
паⷦ|пак
вьсѫ|вьсѫ
ꙗрость|ꙗрость
своѭ|своѭ
иꙁносить|ізносіть
беꙁѫмьнъи•|безѫмьнъі
прѣмѫдръи|прѣмѫдръі
же|же
хранитъ|хранітъ
сѧ|сѧ
по|по
чѧсти•|чѧсті
И|і
пакы|пакъі
не|не
тьщи|тьщі
сѧ|сѧ
о|о
д҃сѣ|д҃сѣ
своѥмь|своемь
ꙗрити|ꙗріті
сѧ•|сѧ
ꙁане|зане
ꙗрость|ꙗрость
на|на
лонѣ|лонѣ
беꙁѫмьньихъ|безѫмьньіхъ
почиваѥть•|почіваеть
И|і
паⷦ⸱|пак
чл҃вкь|чл҃вкь
ꙗрь|ꙗрь
раждиꙁаѥтъ|раждізаетъ
сварь•|сварь
не|не
въꙁможеть|възможеть
бо|бо
мѫжь|мѫжь
ꙗрь|ꙗрь
оправьдити|оправьдіті
сѧ•|сѧ
И|і
па҇ⷦ⸱|пак
мѫжь|мѫжь
грьшьнъ|грьшьнъ
вьꙁмѧтетъ|вьзмѧтетъ
дрѹгꙑ•|дроугъі
и|і
посрѣⷣ|посрѣд
мирънѹѫштиихъ|міръноуѫщііхъ
въвръжетъ|въвръжетъ
съвадѹ•|съвадоу
и|і
наводитъ•|наводітъ
не|не
бꙑваи|бъіваі
дрѹгь|дроугь
мѫжѫ|мѫжѫ
гнѣвьливѹ•|гнѣвьлівоу
дрѹꙁѣ|дроузѣ
же|же
ср҃дитѣ|ср҃дітѣ
не|не
причасти|прічасті
сѧ•|сѧ
еда|еда
къгда|къгда
навъчеши|навъчеші
пѫти|пѫті
его•|его
И|і
д҃дъ|д҃дъ
о|о
таковъихъ|таковъіхъ
рече•|рече
ꙗрость|ꙗрость
ихъ|іхъ
по|по
обраꙁѹ|образоу
ꙁмиинѹ•|змііноу
ꙗко|ꙗко
аспидꙑ|аспідъі
глѹхꙑ|глоухъі
и|і
ꙁатꙑкаѫшта|затъікаѫща
ѹши|оуші
еꙗ•|еꙗ
Ꙗкоже|ꙗкоже
бо|бо
ехидьнина|ехідьніна
иштадиꙗ|іщадіꙗ
проꙗдаѫтъ|проꙗдаѫтъ
рождъшѫѭ|рождъшѫѭ
матере•|матере
тако|тако
и|і
мꙑсли|мъіслі
ꙗрааго•|ꙗрааго
Молитва|молітва
ꙗрааго•|ꙗрааго
ꙗко|ꙗко
и|і
кадило|каділо
мръꙁъко•|мръзъко
и|і
пѣние|пѣніе
его•|его
гласъ|гласъ
скарѧдъ•|скарѧдъ
Ꙗкоже|ꙗкоже
львъ|львъ
въ|въ
ловѣ|ловѣ
движетъ|двіжетъ
строфингꙑ|строфінгъі
часто•|часто
тако|тако
гнѣвъливъи|гнѣвълівъі
въ|въ
хꙑꙁѣ|хъізѣ
мꙑсли|мъіслі
гнѣвънꙑѧ•|гнѣвънъіѧ
и|і
ꙗкоже|ꙗкоже
великъ|велікъ
вѣтръ•|вѣтръ
не|не
двигнетъ|двігнетъ
стлъпа|стлъпа
твръда•|твръда
тако|тако
и|і
д҃ша|д҃ша
беꙁгнѣвънꙑ|безгнѣвънъі
не|не
съвъсхꙑтитъ|съвъсхъітітъ
ꙗростъ•|ꙗростъ
И|і
ап҃лъ|ап҃лъ
ѹча|оуча
рече•|рече
отъложите|отъложіте
вꙑ|въі
въсѥ|въсе
гнѣвъ•|гнѣвъ
ꙗростъ|ꙗростъ
ꙁълобѫ•|зълобѫ
хѹление•|хоуленіе
срамословесье|срамословесье
отъ|отъ
ѹстъ|оустъ
вашихъ•|вашіхъ
И|і
наноситъ•|наносітъ
вь|вь
миръ|міръ
бо|бо
приꙁъва|прізъва
нꙑ|нъі
б҃ъ•|б҃ъ
ꙗри|ꙗрі
бо|бо
вь|вь
врагꙑ|врагъі
х҃вꙑ|х҃въі
мѣнѧтъ|мѣнѧтъ
сѧ•|сѧ
Ꙗкоже|ꙗкоже
и|і
вꙑ-иномъ|въііномъ
рече|рече
сѧ•|сѧ
начашѧ|начашѧ
ꙗрити|ꙗріті
сѧ|сѧ
кнѧꙁи•|кнѧзі
и|і
иродъ|іродъ
видѣвъ|відѣвъ
ꙗко|ꙗко
порѹганъ|пороуганъ
бꙑстъ|бъістъ
влъхвꙑ•|влъхвъі
въꙁъꙗривъ|възъꙗрівъ
сѧ|сѧ
ꙁѣло•|зѣло
и|і
посълавъ|посълавъ
иꙁби|ізбі
въсѧ|въсѧ
отрокꙑ|отрокъі
сѫштѧꙗ|сѫщѧꙗ
вь|вь
виѳлеѵмѣ:|віѳлеумѣ
и|і
вь|вь
вьсѣ|вьсѣ
прѣдѣлѣхъ|прѣдѣлѣхъ
еѧ•|еѧ
ꙁа|за
ꙁавидимааго|завідімааго
и|і
мьногоцѣнънааго|мьногоцѣнънааго
бисъра•|бісъра
г҃а|г҃а
и|і
б҃а|б҃а
нашего|нашего
і҃у|і҃у
х҃а|х҃а
емѫже|емѫже
слава|слава
въ|въ
вѣкꙑ|вѣкъі
вѣкомъ:|вѣкомъ
АМИН|амін
к҃е|к҃е
О|о
ПЕЧАЛИ|печалі
Еже|еже
беꙁ|без
года|года
скръбѣти•|скръбѣті
отъ|отъ
ꙁавїстивааго|завістівааго
бѣса|бѣса
естъ•|естъ
да|да
бꙑ|бъі
бо|бо
како|како
отътръглъ|отътръглъ
ѹмъ|оумъ
отъ|отъ
прѣдълежаниѧ|прѣдълежаніѧ
млт҃вьнааго•|млт҃вьнааго
и|і
бесплодьна|бесплодьна
створь|створь
чл҃ка•|чл҃ка
того|того
дѣльма|дѣльма
припѹштаеть|пріпоущаеть
емь|емь
беꙁгодьнѫѫ|безгодьнѫѫ
скръбь•|скръбь
не|не
подобаеть|подобаеть
ѹбо|оубо
приимати|прііматі
еѧ•|еѧ
и|і
тѫжити|тѫжіті
беꙁгодьнѣ•|безгодьнѣ
и|і
съвръшати|съвръшаті
радость|радость
вражиѫ|вражіѫ
нъ|нъ
паче|паче
истрѣꙁвѣти|істрѣзвѣті
отъ|отъ
прилога•|прілога
лютааго|лютааго
печали|печалі
бѣса•|бѣса
егда|егда
бо|бо
люкавънъи|люкавънъі
съ|съ
бѣсъ•|бѣсъ
обьметъ|обьметъ
дш҃ѹ•|дш҃оу
и|і
вьсѫ|вьсѫ
ѭ|ѭ
омрачитъ•|омрачітъ
ни|ні
мл҃твь|мл҃твь
съвръшати|съвръшаті
съ|съ
спѣхомъ|спѣхомъ
ослабитъ•|ослабітъ
ни|ні
ст҃ъихъ|ст҃ъіхъ
чьтеньи|чьтеньі
вь|вь
польꙁѣ|пользѣ
прѣтръпѣвати•|прѣтръпѣваті
ни|ні
кротъкѫ|кротъкѫ
и|і
благостънѹ|благостъноу
съ|съ
братиеѫ|братіеѫ
оставлѧетъ|оставлѧетъ
бꙑти•|бъіті
нъ|нъ
и|і
къ|къ
самомѹ|самомоу
житиѫ|жітіѫ
обѣштаниѫ|обѣщаніѫ
ненавистъ|ненавістъ
творитъ•|творітъ
и|і
вьсѧ|вьсѧ
просто|просто
сп҃сънꙑꙗ|сп҃сънъіꙗ
съвѣтꙑ|съвѣтъі
дш҃а|дш҃а
печаль|печаль
съмѫштьши•|съмѫщьші
ꙗко|ꙗко
беꙁѫмьнѹ|безѫмьноу
сиѫ|сіѫ
и|і
ѹꙗꙁвѣнѫ|оуꙗзвѣнѫ
съдѣваетъ•|съдѣваетъ
въꙁбранѧѫшти|възбранѧѫщі
вьсеѧ|вьсеѧ
благꙑ|благъі
бесѣдꙑ•|бесѣдъі
и|і
ни|ні
отъ|отъ
приснъихъ|пріснъіхъ
же|же
дрѹгъ|дроугъ
попѹстѧшти|попоустѧщі
приꙗти|пріꙗті
словесе|словесе
съвѣтъна•|съвѣтъна
и|і
ни|ні
миръна|міръна
отъвѣта|отъвѣта
оставѧшти|оставѧщі
симъ|сімъ
отъдати•|отъдаті
нъ|нъ
обьмъши|обьмъші
вьсѫ|вьсѫ
д҃шѫ•|д҃шѫ
горести|горесті
и|і
скарѣдьꙗ|скарѣдьꙗ
ѫ|ѫ
наплънитъ•|наплънітъ
и|і
нѫдитъ|нѫдітъ
ѫ|ѫ
бѣгати|бѣгаті
чл҃къ•|чл҃къ
ꙗко|ꙗко
виновьнꙑ|віновьнъі
еи|еі
матеꙁа|матеза
бꙑваѫштѧ•|бъіваѫщѧ
и|і
не|не
оставѧетъ|оставѧетъ
бо|бо
еи|еі
раꙁѹмѣти|разоумѣті
ꙗко|ꙗко
не|не
иꙁвьнѹ•|ізвьноу
нъ|нъ
ѫтръ|ѫтръ
иматъ|іматъ
недѹгъ|недоугъ
лежѧштъ•|лежѧщъ
тъгда|тъгда
же|же
ѧвитъ|ѧвітъ
сѧ•|сѧ
егда|егда
напасти|напасті
нашьдъшѧѧ|нашьдъшѧѧ
бавениемъ|бавеніемъ
на|на
ꙗвениѥ|ꙗвеніе
ѫ|ѫ
иꙁведѫтъ•|ізведѫтъ
Скръбъ|скръбъ
ѹбо|оубо
естъ|естъ
ѹнꙑнье|оунъінье
дш҃и•|дш҃і
ѹста|оуста
же|же
львова•|львова
поглъштаѭшта•|поглъщаѭща
ѹдобъ|оудобъ
скръбѧштааго•|скръбѧщааго
скръбъ|скръбъ
естъ|естъ
чрьвъ|чрьвъ
ср҃ца•|ср҃ца
и|і
поꙗдаеть|поꙗдаеть
рождъшѫѭ|рождъшѫѭ
м҃ре•|м҃ре
не|не
вѣстъ|вѣстъ
медвена|медвена
вькѹшениꙗ|вькоушеніꙗ
скръбъливъи|скръбълівъі
чръньць•|чръньць
ꙗко|ꙗко
раждьженъ|раждьженъ
ꙁѣло•|зѣло
скръбьливъ|скръбьлівъ
чръньцъ•|чръньцъ
не|не
двигнетъ|двігнетъ
ѹма|оума
на|на
видѣние•|відѣніе
ни|ні
м҇ⷧтвꙑ|млтвъі
ч҃тꙑ|ч҃тъі
вьсълетъ|вьсълетъ
коли|колі
б҃ѹ•|б҃оу
ѹдръжавъи|оудръжавъі
страсти•|страсті
ѹдръжалъ|оудръжалъ
есть|есть
скръби•|скръбі
ѹдолѣваемъи|оудолѣваемъі
же|же
сластьми•|сластьмі
не|не
иꙁбѣгнеть|ізбѣгнеть
ѹꙁъ|оузъ
еѧ•|еѧ
оскръбѧꙗи|оскръбѧꙗі
сѧ|сѧ
часто•|часто
и|і
творꙗи|творꙗі
сѧ|сѧ
бе-страсти•|бестрасті
подобьнъ|подобьнъ
естъ|естъ
болѧштѫ|болѧщѫ
и|і
сьдравие|сьдравіе
лицемѣрѹѫштю•|ліцемѣроуѫщоу
Ꙗкоже|ꙗкоже
бо|бо
болѧи|болѧі
ꙗвѧетъ|ꙗвѧетъ
сѧ|сѧ
блѣдостиѫ•|блѣдостіѫ
тако|тако
и|і
страстьнꙑи|страстьнъіі
обличаетъ|облічаетъ
сѧ|сѧ
отъ|отъ
скръби•|скръбі
любѧи|любѧі
миръ|міръ
сь|сь
скрьбьнъ|скрьбьнъ
бѫдетъ|бѫдетъ
вельми•|вельмі
небрѣгъи|небрѣгъі
же|же
ꙗже|ꙗже
вь|вь
немь•|немь
радѹетъ|радоуетъ
сѧ|сѧ
въинѫ|въінѫ
и|і
ꙗкоже|ꙗкоже
раꙁварѧние|разварѧніе
чѧсто|чѧсто
гѹбитъ|гоубітъ
олово•|олово
тако|тако
скръбь|скръбь
мирънаꙗ|мірънаꙗ
хѹдить|хоудіть
ѹмъ•|оумъ
и|і
ꙗкоже|ꙗкоже
грънꙑль•|грънъіль
очиштаетъ|очіщаетъ
неискѫсно|неіскѫсно
сребро•|сребро
тако|тако
и|і
печалъ|печалъ
ꙗже|ꙗже
на|на
бж҃ьѭ•|бж҃ьѭ
ср҃це|ср҃це
грѣшьно•|грѣшьно
Добро|добро
ѹбо|оубо
ꙁѣло|зѣло
и|і
польꙁьно|пользьно
дш҃и•|дш҃і
еже|еже
крѣпъко|крѣпъко
трьпѣти|трьпѣті
вь|вь
скрьби•|скрьбі
или|ілі
отъ|отъ
чл҃кь|чл҃кь
или|ілі
отъ|отъ
бѣсъ|бѣсъ
наводимꙑѧ•|наводімъіѧ
и|і
вѣдѣти|вѣдѣті
иꙁвѣсто•|ізвѣсто
ꙗкоже|ꙗкоже
дльжьни|дльжьні
есмъ|есмъ
потрѹжениемъ•|потроуженіемъ
подобаетъ|подобаетъ
ѹбо|оубо
м҇ⷧтвоѫ|млтвоѫ
и|і
тръпѣниемъ•|тръпѣніемъ
противити|протівіті
сѧ|сѧ
бѣсѹ|бѣсоу
семѹ•|семоу
Хотѧи|хотѧі
бо|бо
беꙁ|без
молитвꙑ|молітвъі
и|і
бес|бес
тръпѣниѧ|тръпѣніѧ
напасти|напасті
побѣдити|побѣдіті
не|не
отъринетъ|отърінетъ
ихь•|іхь
нъ|нъ
паче|паче
обѧжетъ|обѧжетъ
сѧ|сѧ
ими•|імі
тѣмьже|тѣмьже
и|і
мꙑ|мъі
тръпѣниемъ|тръпѣніемъ
съ|съ
дв҃домь|дв҃домь
поемь•|поемь
въскѫѭ|въскѫѭ
прискръбьна|пріскръбьна
еси|есі
дш҃е|дш҃е
моꙗ|моꙗ
и|і
въскѫѭ|въскѫѭ
съмѫштаеши|съмѫщаеші
мꙗ•|мꙗ
ѹпъваи|оупъваі
на|на
б҃а|б҃а
ꙗко|ꙗко
исповѣмъ|ісповѣмъ
сѧ|сѧ
емѹ•|емоу
сп҃сение|сп҃сеніе
лицѹ|ліцоу
моемѹ|моемоу
б҃ъ|б҃ъ
мои:|моі
Неѹдобъ|неоудобъ
бо|бо
естъ|естъ
бе-скръби|бескръбі
мимоити|мімоіті
кажемѹмѹ|кажемоумоу
напастъми•|напастъмі
нъ|нъ
потомь|потомь
многꙑ|многъі
радости|радості
исплънѧѫтъ|ісплънѧѫтъ
сѧ|сѧ
таковии•|таковіі
паче|паче
же|же
аште|аще
мл҃твоѫ|мл҃твоѫ
и|і
тръпѣниемь|тръпѣніемь
въорѹжатъ|въороужатъ
сѧ•|сѧ
и|і
слъꙁами|слъзамі
сладъками•|сладъкамі
и|і
раꙁѹмѣнии|разоумѣніі
бж҃ии•|бж҃іі
елико|еліко
съдѣлаша|съдѣлаша
болѣꙁнь|болѣзнь
и|і
скръбь|скръбь
въ|въ
ср҃цихъ|ср҃ціхъ
вашихъ•|вашіхъ
вь|вь
скръбехъ|скръбехъ
бо|бо
страждѹштиимъ|страждоущіімъ
вѣнъци•|вѣнъці
Аште|аще
ли|лі
да|да
ослабѣетъ|ослабѣетъ
мꙑслъ|мъіслъ
отъ|отъ
млт҃вꙑ•|млт҃въі
абие|абіе
начънетъ|начънетъ
печаль|печаль
поꙗдати|поꙗдаті
ср҃дце|ср҃дце
чл҃кѹ|чл҃коу
ꙗкоже|ꙗкоже
е|е
речено:|речено
Ꙗкоже|ꙗкоже
молеве|молеве
риꙁѫ|різѫ
и|і
чръвъ|чръвъ
дрѣво•|дрѣво
тако|тако
скрьбь|скрьбь
въ|въ
костехъ|костехъ
его|его
бꙑвъши•|бъівъші
и|і
обрѧштетъ|обрѧщетъ
сѧ|сѧ
чл҃къ|чл҃къ
дрѧселъ•|дрѧселъ
омрачениемъ|омраченіемъ
мꙑсльнꙑимъ:|мъісльнъіімъ
Сего|сего
ради|раді
и|і
кънигꙑ|кънігъі
ѹчатъ|оучатъ
глѫшта|глѫща
печалъ|печалъ
далече|далече
отърини|отъріні
отъ|отъ
себе•|себе
мъногꙑ|мъногъі
бо|бо
ѹбила|оубіла
печалъ•|печалъ
и|і
нѣстъ|нѣстъ
польꙁѣ|пользѣ
въ|въ
неи•|неі
и|і
отъ|отъ
печали|печалі
бꙑваетъ|бъіваетъ
съмрътъ•|съмрътъ
и|і
печаль|печаль
ср҃чьнаа|ср҃чьнаа
сълѧчетъ|сълѧчетъ
крѣпостъ•|крѣпостъ
и|і
не|не
даждъ|даждъ
в|в
печаль|печаль
ср҃ца|ср҃ца
своего•|своего
нъ|нъ
стави|ставі
ѫ•|ѫ
помѧни|помѧні
послѣдънѧ|послѣдънѧ
еꙗ:|еꙗ
Въꙁьми|възьмі
ѹбо|оубо
отъ|отъ
себе|себе
печаль|печаль
съѫ•|съѫ
и|і
не|не
оскръбꙗи|оскръбꙗі
д҃ха|д҃ха
с҃тааго|с҃тааго
живѫштааго|жівѫщааго
въ|въ
тебѣ•|тебѣ
еда|еда
когда|когда
помолитъ|помолітъ
сѧ|сѧ
б҃ѹ|б҃оу
и|і
остѫпитъ|остѫпітъ
отъ|отъ
тебе•|тебе
д҃хъ|д҃хъ
бо|бо
бж҃ьи|бж҃ьі
данꙑи|данъіі
вь|вь
тѣло|тѣло
се•|се
печали|печалі
не|не
тръпитъ|тръпітъ
ни|ні
тѫжениꙗ•|тѫженіꙗ
облѣци|облѣці
сѧ|сѧ
ѹбо|оубо
въ|въ
тихостъ|тіхостъ
имѫштѹѫ|імѫщоуѫ
въгда|въгда
благодѣтъ|благодѣтъ
отъ|отъ
б҃а•|б҃а
и|і
наслаждаи|наслаждаі
сѧ|сѧ
вь|вь
неи•|неі
тихъи|тіхъі
бо|бо
мѫжь|мѫжь
благаа|благаа
дѣлаетъ•|дѣлаетъ
и|і
небрѣжетъ|небрѣжетъ
печали•|печалі
а|а
печаливъи|печалівъі
мѫжь•|мѫжь
вьсегда|вьсегда
лѹкавънѹетъ•|лоукавъноуетъ
пръвое|пръвое
же|же
лѹкавънѹетъ•|лоукавъноуетъ
ꙗко|ꙗко
печалитъ|печалітъ
д҃ха|д҃ха
с҃тааго|с҃тааго
данааго|данааго
чл҃кѹ|чл҃коу
тиха•|тіха
въторое|въторое
же|же
ѹже|оуже
беꙁаконие|безаконіе
творитъ•|творітъ
не|не
исповѣѧ|ісповѣѧ
сѧ|сѧ
г҃ѹ•|г҃оу
печаливааго|печалівааго
бо|бо
мѫжа|мѫжа
моленье•|моленье
не|не
иматъ|іматъ
силꙑ|сілъі
вьꙁити|вьзіті
на|на
олтарь|олтарь
бж҃ьи•|бж҃ьі
сѣдить|сѣдіть
бо|бо
печаль|печаль
въ|въ
ср҃ци|ср҃ці
его•|его
съмѣшена|съмѣшена
же|же
сѫшти|сѫщі
печалъ•|печалъ
съ|съ
мл҃твоѫ•|мл҃твоѫ
не|не
дастъ|дастъ
мл҃твѣ|мл҃твѣ
вьꙁити|вьзіті
чс҃тѣ|чс҃тѣ
къ|къ
б҃ѹ•|б҃оу
тоꙗже|тоꙗже
сладости|сладості
не|не
иматъ•|іматъ
тако|тако
и|і
печалъ|печалъ
съмѣшена|съмѣшена
съ|съ
дх҃омъ|дх҃омъ
с҃тъимъ•|с҃тъімъ
тогожде|тогожде
молениꙗ|моленіꙗ
не|не
иматъ•|іматъ
Добро|добро
ѹбо|оубо
естъ|естъ
отъврѣшти|отъврѣщі
отъ|отъ
себе|себе
печалъ•|печалъ
и|і
облѣшти|облѣщі
сѧ|сѧ
въ|въ
вьсѫ|вьсѫ
тихостъ•|тіхостъ
сеꙗ|сеꙗ
ѹбо|оубо
печали•|печалі
въсѣмь|въсѣмь
тъштаниемъ|тъщаніемъ
кромѣ|кромѣ
бѹдѣмъ•|боудѣмъ
ꙗко|ꙗко
мирънаа|мірънаа
естъ•|естъ
А|а
на|на
бж҃ьѫ|бж҃ьѫ
сѫштиѫ|сѫщіѫ
печаль|печаль
ꙗкоже|ꙗкоже
рече|рече
ап҃лъ•|ап҃лъ
покаание|покааніе
въ|въ
сп҃сение|сп҃сеніе
нераскаанно|нераскаанно
съдѣваетъ•|съдѣваетъ
а|а
сего|сего
мира|міра
печаль|печаль
съмрьть|съмрьть
съдѣваетъ•|съдѣваетъ
И|і
притъчьникъ•|прітъчьнікъ
бл҃гние|бл҃гніе
г҃не|г҃не
на|на
главѣ|главѣ
правъдьнааго•|правъдьнааго
се|се
обогаштаетъ•|обогащаетъ
и|і
не|не
приложитъ|пріложітъ
емѹ|емоу
печаль|печаль
въ|въ
ср҃ци•|ср҃ці
И|і
паⷦ|пак
ср҃це|ср҃це
веселѧ|веселѧ
съдравие|съдравіе
творитъ•|творітъ
Мѫжѹ|мѫжоу
же|же
скръбьливѹ|скръбьлівоу
ꙁасъшѹтъ|засъшоутъ
кости•|кості
и|і
павлъ•|павлъ
не|не
велимъ|велімъ
бо|бо
вамъ•|вамъ
не|не
не|не
вѣдѣти|вѣдѣті
братие|братіе
о|о
скръби|скръбі
нашеи|нашеі
бꙑвъшии|бъівъшіі
намъ|намъ
въ|въ
асии•|асіі
ꙗко|ꙗко
по|по
прѣмногѹ|прѣмногоу
отѧготѣхомъ|отѧготѣхомъ
паче|паче
силꙑ•|сілъі
ꙗко|ꙗко
не|не
надѣꙗти|надѣꙗті
сѧ|сѧ
намъ•|намъ
и|і
животѣ•|жівотѣ
нъ|нъ
ѹтѣшаꙗи|оутѣшаꙗі
съмѣренꙑꙗ•|съмѣренъіꙗ
ѹтѣши|оутѣші
нꙑ|нъі
б҃ъ•|б҃ъ
И|і
мꙑ|мъі
ѹбо|оубо
съ|съ
дв҃домь|дв҃домь
рьцѣмъ•|рьцѣмъ
помилѹи|помілоуі
мѧ|мѧ
г҃и|г҃і
ꙗко|ꙗко
скръблѭ•|скръблѭ
съмѧте|съмѧте
отъ|отъ
ꙗрости|ꙗрості
око|око
мое•|мое
ꙗко|ꙗко
оꙁълобенъ|озълобенъ
бꙑхъ•|бъіхъ
и|і
съмѣрихъ|съмѣріхъ
сѧ|сѧ
до|до
ꙁѣла•|зѣла
рикаахъ|рікаахъ
отъ|отъ
въꙁдꙑханиꙗ|въздъіханіꙗ
ср҃ца|ср҃ца
моего•|моего
и|і
въскръбѣхъ|въскръбѣхъ
печалиѫ|печаліѫ
моеѫ|моеѫ
и|і
съмѹтихъ|съмоутіхъ
сꙗ•|сꙗ
отъ|отъ
гласа|гласа
вражиꙗ|вражіꙗ
и|і
отъ|отъ
сътѹжаниѧ|сътоужаніѧ
грѣшънича•|грѣшъніча
нъ|нъ
сп҃си|сп҃сі
мꙗ|мꙗ
б҃е•|б҃е
ꙗко|ꙗко
вънидошѧ|вънідошѧ
водꙑ|водъі
до|до
д҃ша|д҃ша
моеꙗ•|моеꙗ
ѹглъбохъ|оуглъбохъ
въ|въ
тимении|тіменіі
глюбинꙑ|глюбінъі
и|і
нѣстъ|нѣстъ
постоꙗниꙗ•|постоꙗніꙗ
и|і
не|не
отъврати|отъвраті
лица|ліца
твоего|твоего
отъ|отъ
отрока|отрока
твоего•|твоего
ꙗко|ꙗко
скръбѫ|скръбѫ
ꙗдро|ꙗдро
ѹслꙑши|оуслъіші
мꙗ•|мꙗ
тꙑ|тъі
бо|бо
мое|мое
еси|есі
прибѣжиште|прібѣжіще
отъ|отъ
скръби|скръбі
одръжаштѧꙗ|одръжащѧꙗ
мѧ•|мѧ
да|да
вънидитъ|вънідітъ
прѣдъ|прѣдъ
тꙗ|тꙗ
мл҃тва|мл҃тва
моꙗ•|моꙗ
приклони|пріклоні
ѹхо|оухо
твое|твое
къ|къ
молениѫ|моленіѫ
моемѹ•|моемоу
и|і
егда|егда
ослабено|ослабено
ти|ті
бѫдетъ|бѫдетъ
отъ|отъ
скръби•|скръбі
Хвалꙗ|хвалꙗ
г҃ли•|г҃лі
г҃ъ|г҃ъ
съ|съ
нб҃се|нб҃се
приꙁьрѣ|прізьрѣ
ѹслꙑшати|оуслъішаті
въꙁдꙑхание|въздъіханіе
окованъихъ•|окованъіхъ
раꙁдрѣшити|раздрѣшіті
с҃нꙑ|с҃нъі
ѹмрьштвенъихъ•|оумрьщвенъіхъ
и|і
чьто|чьто
въꙁдамъ|въздамъ
г҃ю|г҃ю
въсѣхъ|въсѣхъ
ради|раді
ꙗже|ꙗже
вьꙁдастъ|вьздастъ
мнѣ|мнѣ
ꙗко|ꙗко
отъ|отъ
печали|печалі
приꙁъвахъ|прізъвахъ
г҃а|г҃а
и|і
ѹслꙑша|оуслъіша
мѧ|мѧ
въ|въ
пространьство:|пространьство
И|і
г҃ъ|г҃ъ
ѹченикомъ|оученікомъ
своимъ|своімъ
гл҃ааше•|гл҃ааше
ꙗко|ꙗко
въсплачете|въсплачете
сꙗ|сꙗ
и|і
въꙁдрꙑдаете|въздръідаете
вꙑ•|въі
а|а
вьсь|вьсь
миръ|міръ
въꙁдрадѹетъ|въздрадоуетъ
сꙗ•|сꙗ
и|і
притъчьно|прітъчьно
о|о
раждаѫштии•|раждаѫщіі
ꙗко|ꙗко
печалъ|печалъ
иматъ•|іматъ
и|і
приричетъ•|прірічетъ
тако|тако
и|і
вꙑ•|въі
нꙑнѣ|нъінѣ
ѹбо|оубо
печальни|печальні
бѹдете•|боудете
пакꙑ|пакъі
же|же
ѹꙁърѫ|оузърѫ
вꙑ•|въі
и|і
въꙁдрадѹетъ|въздрадоуетъ
сѧ|сѧ
ср҃дце|ср҃дце
ваше•|ваше
и|і
радости|радості
вашеꙗ•|вашеꙗ
никътоже|нікътоже
не|не
въꙁъметъ|възъметъ
отъ|отъ
васъ•|васъ
томѹ|томоу
слава|слава
ѹтѣшаѫштѹмѹ|оутѣшаѫщоумоу
печалънꙑꙗ•|печалънъіꙗ
вь|вь
вѣкꙑ|вѣкъі
вѣкомъ:|вѣкомъ
АМИН|амін
к҃ꙅ|к҃з
Ꙍ|о
ОУНꙐНИИ|оунъініі
Лютъи|лютъі
сь|сь
и|і
ѹнꙑньнъи|оунъіньнъі
бѣсъ•|бѣсъ
и|і
съпоспѣшьникъ|съпоспѣшьнікъ
и|і
сѫпрѫжьникъ|сѫпрѫжьнікъ
естъ|естъ
д҃хѹ|д҃хоу
печали•|печалі
и|і
ꙁѣло|зѣло
тѧжькъ•|тѧжькъ
ижѥ|іже
въ|въ
шестꙑи|шестъіі
чѧсъ|чѧсъ
нападаѥть|нападаеть
чрънориꙁьци•|чрънорізьці
тѫгѫ|тѫгѫ
ѥмѹ|емоу
творѧ•|творѧ
и|і
ненависть|ненавість
имѣти•|імѣті
на|на
мѣстѣ•|мѣстѣ
паче|паче
же|же
и|і
на|на
живѫштиихъ|жівѫщііхъ
съ|съ
нимь|німь
братѣхъ|братѣхъ
и|і
на|на
вьсѥмь|вьсемь
дѣлѣ•|дѣлѣ
и|і
на|на
бж҃ьствьнъихъ|бж҃ьствьнъіхъ
кънигахъ|кънігахъ
скарѣдиѥ•|скарѣдіе
и|і
ꙁѣание|зѣаніе
часто|часто
твритъ•|тврітъ
къ|къ
симъ|сімъ
и|і
алчь|алчь
мъногъ|мъногъ
подаетъ•|подаетъ
и|і
сѣмо|сѣмо
и|і
онамо|онамо
обраштаѫшта|обращаѫща
сѧ•|сѧ
жьдѫшта|жьдѫща
года|года
ꙗстиꙗаго•|ꙗстіꙗаго
и|і
въꙁъмъ|възъмъ
кънигꙑ|кънігъі
почьтетъ|почьтетъ
мало•|мало
и|і
пакꙑ|пакъі
положитъ|положітъ
ꙗ•|ꙗ
и|і
начънеть|начънеть
тръти|тръті
очи•|очі
и|і
оконьци|оконьці
вьꙁирати•|вьзіраті
и|і
пакꙑ|пакъі
мало|мало
прочитати•|прочітаті
и|і
потомь|потомь
чисти|чісті
тетради|тетраді
и|і
начатъкъ|начатъкъ
искати|іскаті
главъ|главъ
кънижьнъихъ•|къніжьнъіхъ
коньчьнѣе|коньчьнѣе
же|же
съгънѫвъ|съгънѫвъ
кънигꙑ|кънігъі
съпитъ•|съпітъ
мало|мало
же|же
съна|съна
приимъ•|пріімъ
пакꙑ|пакъі
въстанетъ•|въстанетъ
ѹже|оуже
въсе|въсе
творитъ•|творітъ
хотѧ|хотѧ
погѹбити|погоубіті
часꙑ•|часъі
къгда|къгда
ѹслꙑшить•|оуслъішіть
клепание|клепаніе
обѣда•|обѣда
слꙑшавъ|слъішавъ
же•|же
благобьдрьнъ|благобьдрьнъ
бѫдеть•|бѫдеть
обрѣтаетъ|обрѣтаетъ
бо|бо
сѧ|сѧ
и|і
на|на
слѹжъбѫ|слоужъбѫ
бꙑстрꙑ•|бъістръі
и|і
ꙁаповѣдь|заповѣдь
помꙑшлѧетъ|помъішлѧетъ
свое|свое
иꙁвѣстование•|ізвѣстованіе
Прочее|прочее
жѥ|же
бѣсъ|бѣсъ
сь|сь
ѹнꙑниѧ|оунъініѧ
въложитъ|въложітъ
вь|вь
нь•|нь
и|і
мꙑсли|мъіслі
прѣселениꙗ•|прѣселеніꙗ
и|і
ꙗко|ꙗко
аште|аще
да|да
не|не
прѣидетъ|прѣідетъ
на|на
мѣста|мѣста
дрѹгаꙗ•|дроугаꙗ
вьсе|вьсе
лѣто|лѣто
и|і
трѹдъ•|троудъ
и|і
сѹетьнъ|соуетьнъ
бѫдетъ•|бѫдетъ
потомъ|потомъ
поѹститъ|пооустітъ
и•|і
ꙗко|ꙗко
ницѣмьже|ніцѣмьже
инѣмь|інѣмь
обраꙁомь|образомь
въꙁможетъ|възможетъ
недѹга|недоуга
сего|сего
ѹцѣлити•|оуцѣліті
аште|аще
не|не
часто|часто
исходитъ|ісходітъ
и|і
дохаждаеть|дохаждаеть
братиѧ|братіѧ
польꙁѧ|пользѧ
ради•|раді
или|ілі
присѣштениꙗ|прісѣщеніꙗ
болѧштиихъ|болѧщііхъ
дѣльма•|дѣльма
ї|і
обрѧштетъ|обрѧщетъ
сѧ|сѧ
ꙗко|ꙗко
съхль|съхль
пѹстꙑнънаꙗ•|поустъінънаꙗ
мало|мало
помльчитъ•|помльчітъ
и|і
па҇ⷦ|пак
вѣтромь|вѣтромь
женома|женома
естъ•|естъ
и|і
ꙗкоже|ꙗкоже
садъ|садъ
великъ|велікъ
отъемемъ•|отъемемъ
тако|тако
и|і
чрьньць|чрьньць
ходѧи|ходѧі
не|не
принесетъ•|прінесетъ
плода|плода
дѣтельна•|дѣтельна
и|і
ꙗкоже|ꙗкоже
облакъ|облакъ
беꙁводънъ|безводънъ
вѣтромъ|вѣтромъ
женетъ|женетъ
сꙗ|сꙗ
тако|тако
и|і
чръньць|чръньць
не|не
имꙑ|імъі
тръпѣниꙗ|тръпѣніꙗ
дх҃мъ|дх҃мъ
ѹнꙑниꙗ•|оунъініꙗ
и|і
егдаже|егдаже
не|не
можетъ|можетъ
его|его
иꙁгьнати|ізгьнаті
ис|іс
клѣти•|клѣті
начьнетъ|начьнетъ
имъ|імъ
вь|вь
неи|неі
врътѣти|врътѣті
въ|въ
врѣмѧ|врѣмѧ
мл҃твьное•|мл҃твьное
се|се
рекꙑ|рекъі
неподобънѣ|неподобънѣ
лежитъ•|лежітъ
иномѹ|іномоу
трѣбѣ|трѣбѣ
е|е
съде|съде
бꙑти|бъіті
ꙗко|ꙗко
да|да
ѹмъ|оумъ
емѹ|емоу
праꙁдьнъ•|праздьнъ
и|і
бесплодьнъ|бесплодьнъ
сътворитъ|сътворітъ
отъ|отъ
славословесиѧ|славословесіѧ
бж҃ьѧ•|бж҃ьѧ
се|се
же|же
вьсе|вьсе
праꙁнь|празнь
и|і
ма|ма
дш҃а|дш҃а
моꙗ•|моꙗ
отъ|отъ
ѹнꙑньꙗ•|оунъіньꙗ
нъ|нъ
тꙑ|тъі
г҃и|г҃і
ѹтвръди|оутвръді
мꙗ|мꙗ
словѥсꙑ|словесъі
своимъ:|своімъ
Аштѥ|аще
тако|тако
помолимь|помолімь
сꙗ|сꙗ
съ|съ
чистомь|чістомь
ср҃цемь|ср҃цемь
бѥꙁьлобивѫмѹ|безьлобівѫмоу
г҃ю•|г҃ю
слꙑшимъ|слъішімъ
отъ|отъ
нѥго•|него
ꙗко|ꙗко
въсъ|въсъ
просѧи|просѧі
прииметь•|прііметь
и|і
іштѧи|іщѧі
обрѣтаѥтъ•|обрѣтаетъ
и|і
тлъкѹштѹмѫ|тлъкоущоумѫ
отъвръꙁѥть|отъвръзеть
сꙗ•|сꙗ
и|і
ꙗко|ꙗко
вѣра|вѣра
твоꙗ|твоꙗ
с҃пе|с҃пе
тѧ|тѧ
иди|іді
мирьноѭ|мірьноѭ
мꙑсльѭ|мъісльѭ
о|о
г҃и|г҃і
б҃ꙁѣ|б҃зѣ
своемъ|своемъ
ѥмѹжѥ|емоуже
слава|слава
вь|вь
вѣкꙑ|вѣкъі
вѣкомь|вѣкомь
АМИН|амін
к҃ꙁ|к҃з
О|о
НЕНАЧААНИИ⁘|неначааніі
Нѥначааниꙗ|неначааніꙗ
врѣдъ•|врѣдъ
люштъи|лющъі
прѣдьниихъ|прѣдьнііхъ
ѥго|его
ѥстъ|естъ
ꙁѣло|зѣло
и|і
тꙗжъчѣи•|тꙗжъчѣі
въноситъ|въносітъ
бо|бо
чл҃ка•|чл҃ка
въ|въ
беꙁвѣриѥ•|безвѣріе
и|і
беꙁъѹпъваниѥ•|безъоупъваніе
и|і
прочѥѥ|прочее
отъдана|отъдана
себе|себе
поставитъ|поставітъ
лѹкавьнꙑимъ|лоукавьнъіімъ
бѣсомъ•|бѣсомъ
и|і
бꙑваѥтъ|бъіваетъ
имъ|імъ
брашьно|брашьно
и|і
порадованиѥ•|порадованіе
ꙗкожѥ|ꙗкоже
бо|бо
и|і
вѣрьнъи•|вѣрьнъі
и|і
благонадѥждънъ•|благонадеждънъ
брашъно|брашъно
х҃во|х҃во
ѥстъ|естъ
моѥ|мое
бо|бо
брашъно|брашъно
ѥстъ•|естъ
да|да
творѭ|творѭ
волю|волю
о҃ца|о҃ца
моѥго•|моего
волѧ|волѧ
же|же
о҃ца|о҃ца
ѥго|его
ѥстъ•|естъ
ѥжѥ|еже
сп҃сти|сп҃сті
въсꙗ|въсꙗ
чл҃кꙑ|чл҃къі
тако|тако
и|і
ꙁавидьника•|завідьніка
чл҃коѹбиицѧ|чл҃кооубііцѧ
диꙗлꙗ|діꙗлꙗ
волѧ|волѧ
ѥстъ•|естъ
ѥжѥ|еже
нѥчааниѥ|нечааніе
принести•|прінесті
и|і
погѹбити|погоубіті
чл҃ка•|чл҃ка
нъ|нъ
мꙑ|мъі
ѹбо|оубо
облъкъшѥ|облъкъше
сѧ|сѧ
въ|въ
х҃а•|х҃а
и|і
сътѣлѥсъни|сътѣлесъні
ѥмѹ|емоу
сѫште•|сѫще
и|і
слꙑшаштѥ|слъішаще
отъ|отъ
нѥго•|него
Ꙗко|ꙗко
не|не
придохъ|прідохъ
приꙁъвати|прізъваті
правьдъникъ•|правьдънікъ
нъ|нъ
грѣшьникꙑ|грѣшьнікъі
на|на
покааниѥ•|покааніе
подвигнѣмъ|подвігнѣмъ
сꙗ|сꙗ
покааниѥмъ|покааніемъ
ѹмолити|оумоліті
беꙁълобивааго|безълобівааго
г҃а•|г҃а
Да|да
нѥ|не
ѹслꙑшимъ|оуслъішімъ
отъ|отъ
иѥремиꙗ•|іереміꙗ
еда|еда
падаꙗи|падаꙗі
сꙗ|сꙗ
не|не
въстанѥтъ•|въстанетъ
или|ілі
отъвраштаѧи|отъвращаѧі
сꙗ|сꙗ
не|не
въꙁвратитъ•|възвратітъ
И|і
пакꙑ|пакъі
ѥда|еда
ритини|рітіні
нѣстъ|нѣстъ
въ|въ
галадѣ•|галадѣ
или|ілі
врача|врача
нѣстъ|нѣстъ
тѹ:|тоу
ꙗко|ꙗко
ѿвратишꙗ|отвратіша
сѧ|сѧ
людиѥ|людіе
си:|сі
въꙁвраштѥниѥмъ|възвращеніемъ
бѥстѹдь|бестоудь
имѫштѥ|імѫще
ѹбо|оубо
мꙑ|мъі
братие|братіе
б҃а|б҃а
помоштьника|помощьніка
при|прі
вьсемъ•|вьсемъ
томъ|томъ
прильпимъ•|прільпімъ
и|і
не|не
отъстѹпимъ|отъстоупімъ
отъ|отъ
нѥго•|него
Приближитѥ|прібліжіте
бо|бо
сѧ|сѧ
мнѣ|мнѣ
речѥ•|рече
и|і
приближѫ|прібліжѫ
сꙗ|сꙗ
васъ•|васъ
томѹ|томоу
бо|бо
печалъ|печалъ
ѥстъ|естъ
о|о
насъ•|насъ
ꙗко|ꙗко
своѥѫ|своеѫ
кръвьѭ|кръвьѭ
искѫпивьшѫ|іскѫпівьшѫ
нꙑ•|нъі
Вѥлиꙗ|веліꙗ
ѹбо|оубо
дш҃ѧ|дш҃ѧ
и|і
добѧ|добѧ
своиство|своіство
ѥстъ•|естъ
ѥжѥ|еже
нѥ|не
отъчаати|отъчааті
сꙗ|сꙗ
въ|въ
кацѣхъ|кацѣхъ
любо|любо
напастехъ•|напастехъ
понѥжѥ|понеже
искѹшѥниѥ|іскоушеніе
ѥстъ|естъ
житье|жітье
сѥ|се
чл҃кѹ•|чл҃коу
нъ|нъ
мꙑ|мъі
не|не
отъстѹпимъ|отъстоупімъ
отъ|отъ
г҃а•|г҃а
доньдѥжѥ|доньдеже
повелитъ|повелітъ
отити|отіті
отъ|отъ
насъ|насъ
искѹсьникомъ•|іскоусьнікомъ
и|і
оживитъ|ожівітъ
нꙑ|нъі
ꙁа|за
тръпѣньѥ|тръпѣнье
и|і
твръдоѥ|твръдое
бестрастиѥ•|бестрастіе
горе|горе
бо|бо
ѹбо|оубо
съгрѣшаниѧ|съгрѣшаніѧ
ѥстъ•|естъ
ѥжѥ|еже
отъчаати|отъчааті
сꙗ•|сꙗ
Июда|іюда
прѣдатель|прѣдатель
малод҃шьнь|малод҃шьнь
бѣ•|бѣ
и|і
нѥискѹсънь|неіскоусънь
брани•|брані
сего|сего
ради|раді
отъчаавъшѫ|отъчаавъшѫ
сꙗ|сꙗ
емѹ|емоу
припадъ|пріпадъ
врагъ|врагъ
ѹдавѥниꙗ•|оудавеніꙗ
силомь|сіломь
обложи|обложі
и•|і
Петръ|петръ
жѥ|же
твръдꙑи|твръдъіі
камень•|камень
вь|вь
вѥльи|вельі
грѣхь|грѣхь
вьпадъ•|вьпадъ
ꙗко|ꙗко
искѫсънь|іскѫсънь
брани•|брані
нѥ|не
отъчаа|отъчаа
сѧ|сѧ
сътѫжь|сътѫжь
си•|сі
нь|нь
принѥсе|прінесе
горькꙑ|горькъі
слъꙁꙑ|слъзъі
отъ|отъ
ср҃ца|ср҃ца
горѧштꙗ•|горѧща
и|і
видѣвъ|відѣвъ
ратъникъ|ратънікъ
сиꙗ•|сіꙗ
ꙗко|ꙗко
огнемь|огнемь
жегомъ|жегомъ
вь|вь
лице•|ліце
отъбѣже|отъбѣже
далечѥ|далече
лютѣ|лютѣ
ꙗко|ꙗко
плача|плача
сꙗ•|сꙗ
нѥ|не
моꙁѣмъ|мозѣмъ
ѹбо|оубо
отъчаати|отъчааті
сѥбѥ|себе
вьꙁлюбении•|вьзлюбеніі
нъ|нъ
паче|паче
ѹкрѣпꙗѥми|оукрѣпꙗемі
и|і
ꙁаштиштаѥми|защіщаемі
свѣтомъ|свѣтомъ
вѣрънъимь•|вѣрънъімь
отъвѣштаимъ•|отъвѣщаімъ
съ|съ
мьногомъ|мьногомъ
дрьꙁновѥниемь•|дрьзновеніемь
Нѥприꙗꙁни•|непріꙗзні
чьто|чьто
тебѣ|тебѣ
и|і
намъ|намъ
ѹтѹждене|оутоуждене
отъ|отъ
б҃а•|б҃а
и|і
бѣгѹни|бѣгоуні
нб҃снъи|нб҃снъі
и|і
рабе|рабе
ꙁълыи|зълъіі
нѥ|не
имаши|імаші
власти|власті
на|на
насъ•|насъ
х҃ъ|х҃ъ
с҃нъ|с҃нъ
бж҃ъи•|бж҃ъі
нами|намі
же|же
и|і
вьсѣми|вьсѣмі
и|і
въсѣми|въсѣмі
обладаетъ•|обладаетъ
томѹ|томоу
съгрѣшихомъ•|съгрѣшіхомъ
томѹ|томоу
и|і
отъвѣштаемь•|отъвѣщаемь
а|а
тꙑ|тъі
бѣжи|бѣжі
отъ|отъ
насъ|насъ
гѹбителю•|гоубітелю
мꙑ|мъі
бо|бо
ѹтвръждениѥ|оутвръжденіе
имѹште|імоуще
чъстънꙑи|чъстънъіі
ѥго|его
кр҃стъ•|кр҃стъ
настѫпаемъ|настѫпаемъ
на|на
твоѫ|твоѫ
ꙁмиинѫѭ|зміінѫѭ
главѫ•|главѫ
тако|тако
ѹбо|оубо
мꙑ|мъі
противимъ|протівімъ
сꙗ|сꙗ
присно|прісно
ратъникѹ|ратънікоу
дръꙁостъно•|дръзостъно
а|а
не|не
въдадимъ|въдадімъ
сѥбе|себе
вь|вь
нечааниѥ•|нечааніе
Аштѥ|аще
бо|бо
бѣсовѥ|бѣсове
моливъшѥ|молівъше
г҃а•|г҃а
да|да
не|не
посълани|посълані
бѫдѫтъ|бѫдѫтъ
въ|въ
бѥꙁдънѫ|бездънѫ
ѹлѹчишѧ|оулоучішѧ
прошениѥ•|прошеніе
кольми|кольмі
пачѥ|паче
ѹслꙑшанъ|оуслъішанъ
бѫдетъ|бѫдетъ
въ|въ
х҃а|х҃а
облькъи|облькъі
сѧ•|сѧ
молѧ|молѧ
сѧ|сѧ
свободѫ|свободѫ
ѹлѹчити|оулоучіті
раꙁѹмънꙑꙗ|разоумънъіꙗ
съмръти•|съмръті
Нѥ|не
отъчаимъ|отъчаімъ
ѹбо|оубо
себѥ•|себе
нъ|нъ
станѣмъ|станѣмъ
твръди|твръді
на|на
исповѣданиѥ:|ісповѣданіе
и|і
ръцѣмъ|ръцѣмъ
съ|съ
ѹмилѥниѥмъ•|оуміленіемъ
Вл҃ко|вл҃ко
г҃и|г҃і
нб҃се|нб҃се
и|і
ꙁемлѧ|землѧ
ц҃рѫ|ц҃рѫ
вѣкъ•|вѣкъ
благоволи|благоволі
отврѣсти|отврѣсті
мьнѣ|мьнѣ
двьри|двьрі
покааниѧ•|покааніѧ
тѣмьже|тѣмьже
молю|молю
вꙑ•|въі
ѹтвръдите|оутвръдіте
вь|вь
нь|нь
любъвь•|любъвь
да|да
нѥ|не
обидими|обідімі
бѹдемъ|боудемъ
отъ|отъ
непръꙗꙁни•|непръꙗзні
не|не
не•|не
раꙁѹмѣваемь|разоумѣваемь
бо|бо
помꙑшлѥнии|помъішленіі
его•|его
и|і
мꙑ|мъі
ѹбо|оубо
постраждаѥмъ|постраждаемъ
съ|съ
павломъ|павломъ
гл҃ѫштѥ•|гл҃ѫще
о|о
вьсемь|вьсемь
скръбѧште•|скръбѧще
а|а
не|не
сътѹжаѫште|сътоужаѫще
си•|сі
нѥчаѥми•|нечаемі
нъ|нъ
не|не
отъчаѥми•|отъчаемі
ниꙁълагаеми•|нізълагаемі
нъ|нъ
не|не
погꙑбаѫштѥ•|погъібаѫще
вьсегда|вьсегда
мрътвость|мрътвость
г҃а|г҃а
іс҃а|іс҃а
вь|вь
тѣлѣ|тѣлѣ
носѧштѥ•|носѧще
да|да
и|і
животъ•|жівотъ
іс҃овь|іс҃овь
ꙗвить|ꙗвіть
сѧ|сѧ
въ|въ
мрътвънѣи|мрътвънѣі
плъти|плъті
нашеи•|нашеі
и|і
б҃ъ|б҃ъ
вьсѥꙗ|вьсеꙗ
ѹтѣхꙑ•|оутѣхъі
ѹтѣшаꙗ|оутѣшаꙗ
нꙑ|нъі
о|о
вьсеи|вьсеі
скръби|скръбі
нашѥи•|нашеі
въꙁмошти|възмощі
намъ|намъ
ѹтѣшити•|оутѣшіті
сѫштаꙗ|сѫщаꙗ
въ|въ
вьсѥи|вьсеі
печали|печалі
ѹтѣшѥньѥмь•|оутѣшеньемь
имьже|імьже
ѹтѣшаѥмь|оутѣшаемь
сꙗ|сꙗ
отъ|отъ
б҃а•|б҃а
ꙁане|зане
ꙗко|ꙗко
иꙁбꙑваѫть|ізбъіваѫть
страданиꙗ|страданіꙗ
х҃ва|х҃ва
въ|въ
насъ•|насъ
тако|тако
и|і
х҃мь|х҃мь
иꙁбꙑваеть|ізбъіваеть
ѹтѣшениѥ|оутѣшеніе
наше•|наше
аште|аще
ли|лі
же|же
скръбимъ•|скръбімъ
о|о
вашемь|вашемь
ѹтѣшеньи|оутѣшеньі
и|і
сп҃сении•|сп҃сеніі
дѣѫштиимь|дѣѫщіімь
сѧ|сѧ
въ|въ
трьпѣньи|трьпѣньі
тѣмижде|тѣміжде
страстьми•|страстьмі
имиже|іміже
и|і
мꙑ|мъі
стражемь•|стражемь
и|і
ѹпьвание|оупьваніе
нашѥ|наше
иꙁвѣстно•|ізвѣстно
Не|не
моꙁѥмь|моземь
ѹбо|оубо
приимати|прііматі
въꙁлюбѥнии•|възлюбеніі
ꙁълааго|зълааго
съвѣта|съвѣта
сего|сего
бѣса•|бѣса
отъчааньꙗ•|отъчааньꙗ
никакоже|нікакоже
да|да
не|не
обрѧштѥть|обрѧщеть
въ|въ
нꙑ|нъі
въхода•|въхода
си|сі
бо|бо
ѥсть|есть
съвръшенаа|съвръшенаа
радость|радость
неприꙗꙁнина•|непріꙗзніна
Нъ|нъ
паче|паче
въспрѧнѣмъ|въспрѧнѣмъ
ꙗко|ꙗко
и|і
блѫдьнꙑи|блѫдьнъіі
с҃нъ•|с҃нъ
и|і
въꙁвратимъ|възвратімъ
сѧ|сѧ
къ|къ
милосръдѹмѹ|мілосръдоумоу
оц҃ѹ•|оц҃оу
съ|съ
страхомь|страхомь
и|і
радостьѫ•|радостьѫ
и|і
рьцѣмъ|рьцѣмъ
оч҃е|оч҃е
съгрѣшихомъ|съгрѣшіхомъ
на|на
н҃бо|н҃бо
и|і
прѣдъ|прѣдъ
тобоѫ•|тобоѫ
приими|пріімі
мѧ|мѧ
ꙗко|ꙗко
ѥдиного|едіного
наимьникъ|наімьнікъ
твоихъ•|твоіхъ
и|і
въвѥди|въведі
мѧ|мѧ
въ|въ
одринѹ|одріноу
твоѭ|твоѭ
ꙁаблѫждьшеѥ|заблѫждьшее
овьчѧ•|овьчѧ
да|да
не|не
вънѣ|вънѣ
обрѣть|обрѣть
мѧ|мѧ
влъкъ|влъкъ
гѹбительнъи•|гоубітельнъі
сънѣсть|сънѣсть
мѧ•|мѧ
ꙁнаѫ|знаѫ
бо|бо
тѧ|тѧ
вл҃ко|вл҃ко
пастѫха|пастѫха
добрааго•|добрааго
и|і
пристана|прістана
трѹждаѫштиимъ|троуждаѫщіімъ
сѧ•|сѧ
ѹпьваньѥ•|оупьванье
отъѹпъвавьшиимъ•|отъоупъвавьшіімъ
врача|врача
отъчаавъшиимъ|отъчаавъшіімъ
сѧ•|сѧ
Обѧжи|обѧжі
вл҃ко|вл҃ко
ꙗꙁвꙑ|ꙗзвъі
моꙗ•|моꙗ
масломь•|масломь
и|і
виномь•|віномь
имиже|іміже
ꙗꙁвьнъ|ꙗзвьнъ
бꙑхъ|бъіхъ
отъ|отъ
раꙁбоиникъ•|разбоінікъ
Самь|самь
бо|бо
рече•|рече
г҃и|г҃і
не|не
трѣбѹѫть|трѣбоуѫть
съдравии|съдравіі
врача•|врача
нь|нь
болѧштии•|болѧщіі
Аштьѥ|ащье
тако|тако
помолиши|помоліші
сꙗ•|сꙗ
въꙁдвигнеть|въздвігнеть
тѧ|тѧ
ꙗко|ꙗко
и|і
ослабенааго•|ослабенааго
и|і
речеть|речеть
ти•|ті
виждь|віждь
ѹже|оуже
съдравь|съдравь
бꙑсть•|бъість
къ|къ
томѫ|томѫ
не|не
съгрѣшаи•|съгрѣшаі
самь|самь
бо|бо
г҃ь|г҃ь
притьчьнѣ|прітьчьнѣ
рѥче|рече
о|о
въдовици|въдовіці
и|і
о|о
сѫдьи|сѫдьі
нѥправьдьнѣѥмь•|неправьдьнѣемь
а|а
б҃ъ|б҃ъ
не|не
сътворить|сътворіть
ли|лі
мьштѥниꙗ|мьщеніꙗ
иꙁбьранꙑихъ|ізбьранъііхъ
своихъ•|своіхъ
въпиѫштиихъ|въпіѫщііхъ
къ|къ
нѥмѹ|немоу
дьнъ|дьнъ
и|і
ношть•|нощь
и|і
длъготръпить•|длъготръпіть
ѥи|еі
г҃лѫ|г҃лѫ
вамъ•|вамъ
ꙗко|ꙗко
сътворить|сътворіть
мьсть|мьсть
ихъ|іхъ
вь|вь
скорѣ•|скорѣ
томѹ|томоу
слава|слава
б҃ѹ|б҃оу
нашемѹ|нашемоу
мьштаѫштѹмѹ|мьщаѫщоумоу
своихь|своіхь
рабь|рабь
вь|вь
вѣкꙑ|вѣкъі
вѣкомь|вѣкомь
АМИН|амін
к҃и|к҃і
О|о
РЪПЪТАНИИ|ръпътаніі
РЕК|рек
҇ⷲ|ш
О|о
ПОГОУГЪНАНИИ|погоугънаніі
Ѥжѥ|еже
ръпътати•|ръпътаті
любо|любо
и|і
съ|съ
подобьномь|подобьномь
отъвѣтомь•|отъвѣтомь
любо|любо
жѥ|же
и|і
бѥꙁ|без
винꙑ•|вінъі
то|то
нечистꙑихъ|нечістъііхъ
ѥсть|есть
правоѥ|правое
бо|бо
житиѥ|жітіе
и|і
приꙗтьно|пріꙗтьно
б҃мъ•|б҃мъ
бѥꙁдрьпьтивъихъ|бездрьпьтівъіхъ
и|і
благодаривꙑихъ|благодарівъііхъ
ѥсть•|есть
беꙁдръпътънъи•|бездръпътънъі
ꙗко|ꙗко
и|і
вода|вода
чс҃та|чс҃та
а|а
ръпътивъи•|ръпътівъі
грѣꙁъна|грѣзъна
и|і
въꙁмѹштена•|възмоущена
неръпъштѧи•|неръпъщѧі
благодарънъ•|благодарънъ
а|а
ръпъштѧи•|ръпъщѧі
неблагодарънъ•|неблагодарънъ
нѥръпъштаи|неръпъщаі
любьꙁнь•|любьзнь
а|а
ръпъштѧи|ръпъщѧі
мръꙁькъ•|мръзькъ
беꙁдръпътивъи|бездръпътівъі
беꙁъ|безъ
ѹкора•|оукора
а|а
ръпътивъи|ръпътівъі
коримъ•|корімъ
и|і
бестѹдънъ•|бестоудънъ
и|і
б҃омрьꙁькъ|б҃омрьзькъ
обрѣтаѥтъ|обрѣтаетъ
сѧ•|сѧ
Врѣдь|врѣдь
бо|бо
сь•|сь
отъ|отъ
беꙁѫмиꙗ•|безѫміꙗ
и|і
бѥстрашьꙗ|бестрашьꙗ
бж҃ьꙗ|бж҃ьꙗ
раждаѥтъ|раждаетъ
сѧ•|сѧ
ꙗкожѥ|ꙗкоже
чл҃ка|чл҃ка
чл҃комь|чл҃комь
хоштѥть|хощеть
сп҃сти|сп҃сті
г҃ъ•|г҃ъ
тако|тако
чл҃ка|чл҃ка
чл҃комъ|чл҃комъ
тъштить|тъщіть
сѧ|сѧ
сотона|сотона
погѹбити•|погоубіті
Нѥ|не
трѣбѣ|трѣбѣ
ѹбо|оубо
ѥсть|есть
прилипати|пріліпаті
ꙁълоꙗдрѣ|зълоꙗдрѣ
и|і
не|не
хранѧштиимь|хранѧщіімь
ꙗꙁ҃ка|ꙗз҃ка
да|да
не|не
съ|съ
нимь|німь
къто|къто
въ|въ
мѫкѫ|мѫкѫ
идеть•|ідеть
добро|добро
ѹбо|оубо
ѥсть|есть
бѣгати|бѣгаті
нѥнакаꙁанꙑихъ|ненаказанъііхъ
ꙗꙁ҃комь•|ꙗз҃комь
и|і
сваросъвѣтьникъ|сваросъвѣтьнікъ
и|і
мѧтѹштиихъ|мѧтоущііхъ
ѫтрьниими•|ѫтрьніімі
и|і
кромѣшьниими|кромѣшьніімі
двиꙁании•|двізаніі
аште|аще
ли|лі
то|то
обрѧштѥть|обрѧщеть
сѧ|сѧ
съчастьникъ|съчастьнікъ
и|і
объштъникъ|объщънікъ
грѣшьнꙑимъ|грѣшьнъіімъ
и|і
нѥвъꙁблагодѣтьнꙑимъ|невъзблагодѣтьнъіімъ
июдеомъ•|іюдеомъ
Ижѥ|іже
ръпьтаахѫ|ръпьтаахѫ
на|на
б҃а|б҃а
ꙗкожѥ|ꙗкоже
ѥ|е
ѱано•|псано
и|і
бѣша|бѣша
людиѥ|людіе
ръпьштѫште|ръпьщѫще
на|на
мосѣа•|мосѣа
и|і
рѥче|рече
моси•|мосі
нѥ|не
на|на
нꙑ|нъі
ѥсть|есть
ръпьтаниѥ|ръпьтаніе
вашѥ|ваше
нь|нь
на|на
б҃а•|б҃а
И|і
па҇ⷦ•|пак
чьто|чьто
оклеветаваѥте|оклеветаваете
мѧ|мѧ
и|і
чьто|чьто
искѹшаѥте|іскоушаете
г҃а•|г҃а
рѥче|рече
и|і
исаиꙗ|ісаіꙗ
лютѣ|лютѣ
гл҃ѫштиимь|гл҃ѫщіімь
горъкѹѥмѹ|горъкоуемоу
сладько•|сладько
и|і
сладъкѹмѹ|сладъкоумоу
горько•|горько
И|і
наводить•|наводіть
ръпъштѫштеи|ръпъщѫщеі
навꙑкнѣтѥ|навъікнѣте
послѹшати•|послоушаті
И|і
дв҃дъ|дв҃дъ
такожде|такожде
о|о
нихъ|ніхъ
гл҃ѥть•|гл҃еть
нѥ|не
вѣровашѧ|вѣровашѧ
словеси|словесі
ѥго•|его
и|і
поръпъташѧ|поръпъташѧ
въ|въ
селѣхъ|селѣхъ
своихъ•|своіхъ
И|і
па҇ⷦ•|пак
ихъжѥ|іхъже
ѹста|оуста
гл҃аша|гл҃аша
сѫѥтѹ•|сѫетоу
и|і
дѥсница|десніца
ихъ|іхъ
десница|десніца
нѥправьдꙑ•|неправьдъі
Гл҃ѥть|гл҃еть
жѥ|же
и|і
иѭда|іѭда
иꙗковлъ|іꙗковлъ
братъ•|братъ
сии|сіі
сѫть|сѫть
ръпътиви•чѧстъ|ръпътівічѧстъ
порочъна|порочъна
по|по
своихь|своіхь
похотьхъ|похотьхъ
хотѧште•|хотѧще
и|і
ѹста|оуста
ихъ|іхъ
гл҃ѭть|гл҃ѭть
прѣгръда•|прѣгръда
мꙑ|мъі
ѹбо|оубо
останѣмь|останѣмь
сѧ|сѧ
рьпьтати•|рьпьтаті
И|і
ѹслꙑшимъ|оуслъішімъ
павла•|павла
филиписиомъ|філіпісіомъ
пишѫшта•|пішѫща
вьсѥ|вьсе
творитѥ|творіте
бѥꙁ-д-ръпътаниꙗ|бездръпътаніꙗ
и|і
помꙑшлении•|помъішленіі
да|да
бѫдѥтѥ|бѫдете
ꙁълъ|зълъ
непорочьни|непорочьні
и|і
цѣли•|цѣлі
чада|чада
б҃жьꙗ|б҃жьꙗ
бѥс|бес
порока•|порока
въ|въ
истинѫ|істінѫ
ѹбо|оубо
дрѣво|дрѣво
животьно|жівотьно
исцѣлѥниѥ|ісцѣленіе
ꙗꙁ҃кѹ•|ꙗз҃коу
съблюдаѧи|съблюдаѧі
жѥ|же
и•|і
напльнитъ|напльнітъ
сѧ|сѧ
д҃ха|д҃ха
по|по
ѱанию•|псанію
И|і
притъчьникъ|прітъчьнікъ
ꙁаповѣдаеть|заповѣдаеть
гл҃ѧ•|гл҃ѧ
съблюдѣте|съблюдѣте
рьпътаниѥ|рьпътаніе
нѥпольꙁьное•|непользьное
и|і
отъ|отъ
обаждѥниѧ|обажденіѧ
ѹдръжитѥ|оудръжіте
ꙗꙁ҃къ•|ꙗз҃къ
И|і
па҇ⷦ•|пак
нѥ|не
рьци|рьці
чьто|чьто
бꙑ҇ⷭ:|бъіс
ꙗко|ꙗко
дньѥ|днье
прѣждънии|прѣждъніі
бѣшѧ|бѣшѧ
пачѥ|паче
сихъ•|сіхъ
ꙗко|ꙗко
нѥ|не
мюдростьѫ|мюдростьѫ
въпросилъ|въпросілъ
ѥси|есі
о|о
сѥмь•|семь
Отъроди|отъроді
жѥ|же
ръпьтивꙑихъ|ръпьтівъііхъ
кънижъници|къніжъніці
и|і
фарисѥи|фарісеі
къ|къ
ѹчѥникомъ|оученікомъ
гн҃ѥмъ•|гн҃емъ
по|по
обꙑчаѫ|объічаѫ
оц҃ъ|оц҃ъ
своихъ|своіхъ
ръпътаахѹ|ръпътаахоу
гл҃ѫште•|гл҃ѫще
почъто|почъто
съ|съ
грѣшъникꙑ|грѣшънікъі
и|і
мꙑникъ|мъінікъ
ꙗстѥ|ꙗсте
и|і
пиетѥ•|піете
имѫще|імѫще
жѥ|же
оч҃ѥ|оч҃е
прѣданиѥ|прѣданіе
ꙗко|ꙗко
ꙁъли|зълі
наслѣдьници|наслѣдьніці
стѹдънааго|стоудънааго
наслѣдиꙗ•|наслѣдіꙗ
И|і
на|на
сп҃са|сп҃са
нашѥго|нашего
ръпътаахѫ•|ръпътаахѫ
ꙁанѥ|зане
рѥчѥ•|рече
аꙁъ|азъ
ѥсмъ|есмъ
хлѣбъ|хлѣбъ
съ|съ
нб҃сѥ|нб҃се
съшъдъ•|съшъдъ
Г҃ъ|г҃ъ
жѥ|же
кь|кь
нимъ•|німъ
нѥ|не
ръпъштѣтѥ|ръпъщѣте
мѥждѹ|междоу
собоѫ•|собоѫ
никьтожѥ|нікьтоже
не|не
можѥтъ|можетъ
прити|пріті
къ|къ
мьнѣ•|мьнѣ
Аштѥ|аще
нѥ|не
оц҃ъ|оц҃ъ
посълавъи|посълавъі
мѧ|мѧ
привлѣчеть|прівлѣчеть
и•|і
ръпътаахѫ|ръпътаахѫ
жѥ|же
и|і
прьвии|прьвіі
дѣлателѥ|дѣлателе
на|на
домовьнааго|домовьнааго
вл҃кѹ|вл҃коу
пришдьиихъ|прішдьііхъ
дѣльма|дѣльма
въ|въ
единьи|едіньі
на|на
дѥсѧтѥ|десѧте
часъ•|часъ
Ꙗко|ꙗко
сии|сіі
ѥдинъ|едінъ
часъ|часъ
дѣлашꙗ•|дѣлаша
и|і
равънꙑꙗ|равънъіꙗ
намъ|намъ
сътворилъ|сътворілъ
ѥси•|есі
понесъшиимъ|понесъшіімъ
тѧкотѹ|тѧкотоу
и|і
ꙁнои|зноі
дн҃ѥвънꙑи•|дн҃евънъіі
и|і
слꙑшѧшꙗ|слъішѧша
отъ|отъ
нѥго•|него
дрѹжѥ•|дроуже
нѥ|не
обиждѹ|обіждоу
тѥбѥ•|тебе
нѥ|не
по|по
пѣнѧꙁѫ|пѣнѧзѫ
ли|лі
съвѣшта|съвѣща
съ|съ
мьноѭ•|мьноѭ
въꙁъми|възъмі
своѥ|свое
си|сі
и|і
їди•|іді
хоштѫ|хощѫ
жѥ|же
и|і
сѥмѹ|семоу
послѣдьнѫмѹ|послѣдьнѫмоу
дати|даті
ꙗко|ꙗко
и|і
тѥбѣ•|тебѣ
или|ілі
нѣстъ|нѣстъ
ми|мі
лѣть|лѣть
створити|створіті
ѥже|еже
хоштѫ|хощѫ
въ|въ
своихъ|своіхъ
си•|сі
и|і
покаꙁаꙗ|показаꙗ
ꙁависть|завість
ихъ|іхъ
и|і
ꙁьлобѫ•|зьлобѫ
И|і
приводить•|пріводіть
аште|аще
око|око
твоѥ|твое
люкаво|люкаво
ѥсть•|есть
ꙗко|ꙗко
аꙁъ|азъ
благъ|благъ
ѥсмь•|есмь
томѹ|томоу
благѹмѹ|благоумоу
б҃ѹ|б҃оу
нашѥмѹ|нашемоу
слава|слава
вь|вь
вѣкꙑ|вѣкъі
вѣкомъ:|вѣкомъ
АМИН|амін
к҃ѳ|к҃ѳ
О|о
ꙌКЛЕВЕТАНИИ|оклеветаніі
Оклѥвѥтаниѥ|оклеветаніе
и|і
ръпътаниѥ•|ръпътаніе
ближьи|бліжьі
дрѹгъ|дроугъ
дрѹгѹ|дроугоу
ѥстъ•|естъ
обоѥ|обое
жѥ|же
вѣтви|вѣтві
бѥꙁдраꙁѹмиꙗ•|бездразоуміꙗ
ръпътивъи|ръпътівъі
бо|бо
сѧ•|сѧ
тъчъѫ|тъчъѫ
гѹбитъ•|гоубітъ
а|а
клеветьникъ|клеветьнікъ
сѧ|сѧ
и|і
слꙑшаштѧꙗ•|слъішащѧꙗ
хоштѥть|хощеть
бо|бо
оклевѥтаниѥмъ|оклеветаніемъ
потрѧсти|потрѧсті
и|і
їнѣмъ•|інѣмъ
и|і
своѥго|своего
бѥꙁѫмьꙗ|безѫмьꙗ
съобъштьникꙑ|съобъщьнікъі
сътворити•|сътворіті
сѹгѹбь|соугоубь
длъгъ|длъгъ
грѣха|грѣха
сѥбѣ|себѣ
събираꙗ•|събіраꙗ
и|і
ꙁа|за
сѧ|сѧ
и|і
ꙁа|за
слѹшаѫштаꙗ|слоушаѫщаꙗ
ѥго|его
повиньнь|повіньнь
бꙑваꙗ•|бъіваꙗ
аште|аще
бо|бо
и|і
ѹслꙑшимъ|оуслъішімъ
словеса|словеса
ꙁьла:|зьла
сѥбе|себе
похѹлимь|похоулімь
а|а
не|не
гл҃авъшааго•|гл҃авъшааго
противѫ|протівѫ
бо|бо
иꙁволѥньѫ|ізволеньѫ
нашемѹ|нашемоу
и|і
приносителе|пріносітеле
словѹ•|словоу
не|не
подобаѥтъ|подобаетъ
бо|бо
о|о
находѧштиихъ|находѧщііхъ
на|на
нꙑ|нъі
скръбехъ•|скръбехъ
Инѣхъ|інѣхъ
оклеветавати|оклеветаваті
и|і
хѹлити•|хоуліті
да|да
не|не
отъпадѥмъ|отъпадемъ
правъдьнааго|правъдьнааго
сѫда|сѫда
лѣпотꙑ•|лѣпотъі
нъ|нъ
паче|паче
сѧ|сѧ
сами|самі
ѹкоримъ•|оукорімъ
сѥ|се
бо|бо
благоѹгодьно|благооугодьно
ѥстъ|естъ
б҃ѹ•|б҃оу
добро|добро
жѥ|же
ѥстъ|естъ
никогожѥ|нікогоже
нѥ|не
ог҃лати•|ог҃латі
ни|ні
сластънѣ|сластънѣ
слѹшати|слоушаті
оклѥветаваѫшта•|оклеветаваѫща
аште|аще
ли•|лі
то|то
и|і
слꙑшѧи|слъішѧі
повиннъ|повіннъ
ѥстъ|естъ
грѣхѹ|грѣхоу
клѥвѥтаѫштааго|клеветаѫщааго
аште|аще
вѣрѫ|вѣрѫ
ѥмѥтъ|еметъ
клевѥтанию•|клеветанію
вѣровавъи|вѣровавъі
бо•|бо
имѣти|імѣті
начьнѥтъ|начьнетъ
на|на
брата|брата
своѥго|своего
сь|сь
ѹбо•|оубо
повиньнь|повіньнь
ѥстъ|естъ
грѣхѹ|грѣхоу
клѥветаѫштааго:|клеветаѫщааго
Не|не
подобаѥтъ|подобаетъ
на|на
въсего|въсего
брата|брата
г҃лати|г҃латі
чѥсо|чесо
или|ілі
мꙑсльѭ|мъісльѭ
обадити|обадіті
и•|і
ѥже|еже
ѥстъ|естъ
клѥта•|клета
аште|аще
и|і
истина|істіна
естъ|естъ
г҃лемоѥ•|г҃лемое
нъ|нъ
паче|паче
ѹвраштати|оувращаті
сѧ|сѧ
отъ|отъ
оклеветаваѫштааго•|оклеветаваѫщааго
Коль|коль
лѹкавьна|лоукавьна
естъ|естъ
клевѥта•|клевета
неѹстроимоѥ|неоустроімое
бѣсованиѥ•|бѣсованіе
николижѥ|ніколіже
не|не
ѹмирѧ|оумірѧ
сѧ•|сѧ
нъ|нъ
въсегда|въсегда
въ|въ
которахъ•|которахъ
и|і
вь|вь
сварѣхь|сварѣхь
живꙑ•|жівъі
Добро|добро
ѹбо|оубо
отъврѣшти|отъврѣщі
ѥсть|есть
ꙁьлꙑи|зьлъіі
квасъ|квасъ
иꙁветъшавъшии|ізветъшавъшіі
и|і
обръꙁгъшь|обръзгъшь
ръпътаниꙗ|ръпътаніꙗ
и|і
оклѥвѥтаниꙗ•|оклеветаніꙗ
и|і
прѣходити|прѣходіті
на|на
новоѥ|новое
вьмѣшѥниѥ|вьмѣшеніе
послѹшаниꙗ|послоушаніꙗ
и|і
благодарьꙗ•|благодарьꙗ
Не|не
лѣпо|лѣпо
бо|бо
ѥстъ|естъ
намъ|намъ
подобити|подобіті
сѧ|сѧ
въ|въ
пѫстꙑни|пѫстъіні
бꙑвъшиимъ|бъівъшіімъ
ръпътивомъ•|ръпътівомъ
и|і
въꙁг҃ливомъ|възг҃лівомъ
людѥмъ•|людемъ
нъ|нъ
пачѥ|паче
ꙗко|ꙗко
чада|чада
сѫшта|сѫща
благодати•|благодаті
Подобимъ|подобімъ
сѧ|сѧ
живъшиимь|жівъшіімь
въ|въ
благодати|благодаті
с҃тꙑимъ•|с҃тъіімъ
благослѹшиви•|благослоушіві
и|і
благодатьни|благодатьні
бꙑваѫштѥ•|бъіваѫще
ѱано|псано
бо|бо
ѥсть|есть
о|о
ѡнѣхъ•|онѣхъ
и|і
гл҃ашѧ|гл҃ашѧ
на|на
б҃а|б҃а
и|і
рѣшѧ•|рѣшѧ
ѥда|еда
вьꙁможетъ|вьзможетъ
б҃ъ|б҃ъ
ѹготовати|оуготоваті
трапеꙁѫ|трапезѫ
вь|вь
пѫстꙑни•|пѫстъіні
и|і
въ|въ
дрѹꙁѣѥмъ•|дроузѣемъ
и|і
въꙁг҃ласте|възг҃ласте
ааронъ•|ааронъ
и|і
мариамъ|маріамъ
на|на
мосѣа•|мосѣа
и|і
рѣсте•|рѣсте
еда|еда
мосѣѹ|мосѣоу
г҃ла|г҃ла
ѥдиномѹ|едіномоу
б҃ъ•|б҃ъ
и|і
раꙁгнѣва|разгнѣва
сѧ|сѧ
г҃ъ|г҃ъ
на|на
нѣ•|нѣ
сѥ|се
мариамъ|маріамъ
прокажѥнъ|прокаженъ
бꙑстъ•|бъістъ
г҃летъ|г҃летъ
же|же
и|і
притъчьникъ•|прітъчьнікъ
нѥ|не
люби|любі
оклеветавати|оклеветаваті
да|да
не|не
отъпадеши•|отъпадеші
сѣтъ|сѣтъ
бо|бо
крѣпька|крѣпька
мѫжѫ|мѫжѫ
свои|своі
ѹстънѣ•|оустънѣ
А|а
клевѥтивъи|клеветівъі
ѹстънама•|оустънама
остръпьтаꙗ|остръпьтаꙗ
ꙁапьнѥтъ|запьнетъ
сѧ•|сѧ
И|і
паⷦ•|пак
слава|слава
мѫжѫ|мѫжѫ
отъвраштати|отъвращаті
сѧ|сѧ
хѹлꙑ•|хоулъі
А|а
беꙁѹмънъи|безоумънъі
таковъими|таковъімі
обѧꙁаѥтъ|обѧзаетъ
сѧ|сѧ
И|і
паⷦ•|пак
мѫжъ|мѫжъ
клѥветивъ|клеветівъ
вь|вь
мѧтѥжъ|мѧтежъ
свара•|свара
А|а
ижѥ|іже
хран|хран
итъ|ітъ
ѹста|оуста
своꙗ|своꙗ
и|і
ꙗꙁ҃къ•|ꙗз҃къ
съблюдетъ|съблюдетъ
отъ|отъ
пѥчали|печалі
д҃шѫ|д҃шѫ
своѭ•|своѭ
и|і
любѧи|любѧі
животъ|жівотъ
поштѧдитъ|пощѧдітъ
ѹста|оуста
своꙗ•|своꙗ
И|і
па҇ⷦ•|пак
ѥжѥ|еже
видѣстѥ|відѣсте
очи|очі
твои|твоі
г҃ли•|г҃лі
и|і
нѥ|не
припадаи|пріпадаі
въ|въ
сваръ•|сваръ
да|да
нѥ|не
раскаѥши|раскаеші
сꙗ|сꙗ
напослѣдъкъ•|напослѣдъкъ
И|і
иѡвъ|іовъ
дрѹгомъ|дроугомъ
своимъ|своімъ
гл҃ѥтѥ|гл҃ете
на|на
мѧ•|мѧ
не|не
стꙑдѧштѥ|стъідѧще
сѧ|сѧ
налѥжитѥ|належіте
мънѣ•|мънѣ
Пѣснивъцъ|пѣснівъцъ
жѥ|же
оклѥвѥтаваѫштааго|оклеветаваѫщааго
искрънѧаго|іскрънѧаго
своѥго|своего
сѥго|сего
иꙁгонѧахѹ•|ізгонѧахоу
И|і
па҇ⷦ•|пак
ѹста|оуста
твоꙗ|твоꙗ
ѹмножишѧ|оумножішѧ
ꙁълобѫ•|зълобѫ
и|і
ꙗꙁ҃къ|ꙗз҃къ
твои|твоі
съплѣтаашѥ|съплѣтааше
льштѥниѧ•|льщеніѧ
сѣдѧ|сѣдѧ
на|на
брата|брата
своѥго|своего
клѥтаашѥ•|клетааше
и|і
на|на
с҃на|с҃на
мт҃ре|мт҃ре
своѥѧ|своеѧ
полагаашѥ|полагааше
съблаꙁнъ•|съблазнъ
ꙁанѥ|зане
въꙁлюби|възлюбі
ꙁьлобѫ|зьлобѫ
пачѥ|паче
благостꙑнѧ•|благостъінѧ
нѥправъдѹ|неправъдоу
жѥ|же
гл҃ти|гл҃ті
правъдѹ•|правъдоу
въꙁлюби|възлюбі
всѧ|всѧ
г҃лꙑ|г҃лъі
потопънꙑꙗ•|потопънъіꙗ
и|і
ꙗꙁꙑкъ|ꙗзъікъ
льстивъ•|льстівъ
и|і
гл҃ѧи|гл҃ѧі
нѥправъдънаа|неправъдънаа
нѥ|не
испрѧвꙗаше|іспрѧвꙗаше
прѣдъ|прѣдъ
очима|очіма
моима•|моіма
ибо|ібо
сѣдошѧ|сѣдошѧ
кънѧꙁи|кънѧзі
и|і
на|на
мѧ|мѧ
г҃лаахѫ•|г҃лаахѫ
Иꙗковъ|іꙗковъ
же|же
ѹчитъ|оучітъ
гл҃ѧ•|гл҃ѧ
нѥ|не
оклѥветаитѥ|оклеветаіте
себе|себе
братиѥ•|братіе
оклевѥтаꙗи|оклеветаꙗі
бо|бо
брата•|брата
и|і
осѫждаѧ|осѫждаѧ
брата|брата
своѥго•|своего
оклевѥтаѥтъ|оклеветаетъ
ꙁаконъ•|законъ
и|і
осѫждаѥтъ|осѫждаетъ
ꙁаконъ•|законъ
И|і
петръ•|петръ
отъвръгъше|отъвръгъше
ѹбо|оубо
въсѫ|въсѫ
ꙁълобѫ|зълобѫ
и|і
вьсѫ|вьсѫ
льстъ|льстъ
и|і
лицемѣриѥ|ліцемѣріе
и|і
ꙁавидꙑ|завідъі
и|і
въсѧ|въсѧ
клѥветꙑ•|клеветъі
въꙁненавидимъ|възненавідімъ
ѹбо|оубо
любии|любіі
гнъсънꙑи|гнъсънъіі
съ|съ
врѣдъ|врѣдъ
клевѥтаниꙗ•|клеветаніꙗ
да|да
не|не
ѹподобимъ|оуподобімъ
сꙗ|сꙗ
клеветивъимъ|клеветівъімъ
иѫдѥомъ|іѫдеомъ
глѫштѥмъ•|глѫщемъ
съ|съ
не|не
нѥ|не
иꙁгонитъ|ізгонітъ
бѣсовъ•|бѣсовъ
тъчьѫ|тъчьѫ
о|о
вѥельꙁѣволѣ|веельзѣволѣ
кънⱑꙁи|кънѧзі
бѣсъ•|бѣсъ
Длъготръпѣливъи|длъготръпѣлівъі
жѥ|же
г҃ъ|г҃ъ
речѥ•|рече
аштѥ|аще
аꙁъ|азъ
о|о
веелъꙁѣволѣ|веелъзѣволѣ
иꙁгонѫ|ізгонѫ
бѣсꙑ•|бѣсъі
сн҃ове|сн҃ове
ваши|ваші
цѣмъ|цѣмъ
иꙁгонꙗтъ•|ізгонꙗтъ
аштѥ|аще
ли|лі
дх҃омъ|дх҃омъ
бжьѥмъ|бжьемъ
иꙁгонѧтъ|ізгонѧтъ
бѣсꙑ•|бѣсъі
ѹбо|оубо
постижѥ|постіже
на|на
вꙑ|въі
цр҃со|цр҃со
бж҃иѥ•|бж҃іе
ѥжѥ|еже
бѫди|бѫді
полѹчити|полоучіті
въсѣмъ|въсѣмъ
намъ|намъ
о|о
х҃ѣ|х҃ѣ
ꙁовѫштиимъ|зовѫщіімъ
нꙑ|нъі
вь|вь
не|не
ѥмѹже|емоуже
слава|слава
вь|вь
вѣкꙑ|вѣкъі
вѣкомъ|вѣкомъ
АМИН|амін
л҃|л҃
О|о
ШЪПЪТАНИИ|шъпътаніі
Пакꙑ|пакъі
шьпътъникъ•|шьпътънікъ
и|і
клевѥтьнїкъ•|клеветьнікъ
объштъника|объщъніка
ѥстѥ|есте
срамовьнѹмѹ|срамовьноумоу
ѥѫ|еѫ
дѣланиѭ•|дѣланіѭ
ибо|ібо
ѥдино|едіно
ѥсть|есть
обоѫ|обоѫ
дѣаниѥ•|дѣаніе
вь|вь
пѫть|пѫть
погꙑбѣльнъи|погъібѣльнъі
водѧ•|водѧ
мръꙁъка|мръзъка
по|по
истинѣ•|істінѣ
отъ|отъ
б҃а|б҃а
и|і
чл҃къ•|чл҃къ
гньсь|гньсь
бо•|бо
клѥвѥтьнаꙗ•|клеветьнаꙗ
и|і
съпътьнаꙗ|съпътьнаꙗ
живѫшти|жівѫщі
съ|съ
нима•|німа
скврънъно|скврънъно
и|і
нѥчисто|нечісто
житиѥ|жітіе
ѥѫ|еѫ
сътварѧѥть•|сътварѧеть
нѥ|не
прѣбꙑваѥмъ|прѣбъіваемъ
ѹбо|оубо
въ|въ
ѿрѥчѥнѣемь|отреченѣемь
семь|семь
и|і
нѥправѥдьнѣмъ|неправедьнѣмъ
житьи•|жітьі
да|да
нѥ|не
обрѧштемъ|обрѧщемъ
сѧ|сѧ
враꙁи|вразі
къ|къ
ѥдиноплѥмѥниѫ•|едіноплеменіѫ
Ꙁаповѣдаѥть|заповѣдаеть
и|і
ꙁаконъ•|законъ
нѥ|не
приѥми|пріемі
слѹха|слоуха
сѹѥтьна•|соуетьна
нѥ|не
сѧди|сѧді
съ|съ
нѥправъдивомь|неправъдівомь
бꙑти|бъіті
съвѣдѣтель|съвѣдѣтель
нѥправьдьнъ•|неправьдьнъ
въсъ|въсъ
г҃лъ|г҃лъ
ꙁьль•|зьль
мръꙁостъ|мръзостъ
г҃ю|г҃ю
ѥстъ•|естъ
И|і
прѣмѫдростънъ|прѣмѫдростънъ
и|і
жѥ|же
соломонъ|соломонъ
рече•|рече
шьпътьника|шьпътьніка
и|і
дьвоꙗꙁꙑчьника|дьвоꙗзъічьніка
достоити|достоіті
клѧти•|клѧті
многꙑ|многъі
бо|бо
погѫбиль|погѫбіль
мирънѹѫшта•|міръноуѫща
И|і
па҇ⷦ•|пак
ꙗꙁ҃къ|ꙗз҃къ
обоитивъ|обоітівъ
многꙑ|многъі
подвижалъ•|подвіжалъ
и|і
слѹшаꙗи|слоушаꙗі
ѥго•|его
не|не
обрѧштеть|обрѧщеть
покоꙗ•|покоꙗ
И|і
па҇ⷦ•|пак
ꙗꙁва|ꙗзва
ѧꙁꙑча|ѧзъіча
съкрѹшаетъ|съкроушаетъ
кости•|кості
съмръть|съмръть
бо|бо
люта|люта
съмрътъ|съмрътъ
ѥго•|его
Про҇ⷦ|прок
жѥ|же
амбакѹмъ•|амбакоумъ
мѫжи|мѫжі
миръници|міръніці
твои|твоі
положишѧ|положішѧ
сѣть|сѣть
подь|подь
тоѫ•|тоѫ
И|і
иѥремиꙗ|іереміꙗ
речѥ•|рече
стрѣла|стрѣла
ꙗꙁвⱑшти|ꙗзвѧщі
ꙗꙁ҃къ|ꙗз҃къ
ихъ•|іхъ
льстиви|льстіві
г҃ли|г҃лі
ихъ•|іхъ
Дв҃дъ|дв҃дъ
жѥ|же
ѹставити|оуставіті
ꙗ|ꙗ
хотѧ|хотѧ
вражьдованиꙗ|вражьдованіꙗ
сѥго•|сего
ꙁапрѣштаѥтъ|запрѣщаетъ
гл҃ѧ•|гл҃ѧ
покои|покоі
ꙗꙁ҃къ|ꙗз҃къ
свои|своі
отъ|отъ
ꙁьла•|зьла
и|і
ѹстънѣ|оустънѣ
свои|своі
нѥ|не
гл҃ати|гл҃аті
льсти•|льсті
вѣдꙑ|вѣдъі
жѥ|же
ихъ|іхъ
жѥстотѫ|жестотѫ
вольнѫѭ•|вольнѫѭ
приводитъ•|пріводітъ
гроба|гроба
отъвръста|отъвръста
грътань|грътань
ихъ•|іхъ
ꙗꙁ҃кꙑ|ꙗз҃къі
своими|своімі
льштаахѫ•|льщаахѫ
сѫди|сѫді
имъ|імъ
б҃ѥ•|б҃е
ꙁанѥ|зане
ꙗдъ|ꙗдъ
аспидьнъ|аспідьнъ
подь|подь
ѹстънами|оустънамі
ихъ•|іхъ
на|на
мꙗ|мꙗ
бо|бо
шъпътаахѫ|шъпътаахѫ
вьси|вьсі
враꙁи|вразі
мои•|моі
на|на
мѧ|мѧ
помꙑшлѧахѫ|помъішлѧахѫ
ꙁълаа|зълаа
м͗нѣ•|мнѣ
слово|слово
ꙁаконопрѣстѫпьно|законопрѣстѫпьно
въꙁложиша|възложіша
на|на
мѧ•|мѧ
нъ|нъ
да|да
облѣкѫтъ|облѣкѫтъ
соблꙑгаѫштеи|соблъігаѫщеі
мѧ|мѧ
въ|въ
срамъ•|срамъ
и|і
одѥждѫтъ|одеждѫтъ
сѧ|сѧ
ꙗко|ꙗко
одѥждѥѫ|одеждеѫ
стѹдомь|стоудомь
своимъ•|своімъ
и|і
молитъ|молітъ
сѧ|сѧ
г҃лѧ•|г҃лѧ
г҃и|г҃і
иꙁбави|ізбаві
дш҃ѫ|дш҃ѫ
моѫ|моѫ
отъ|отъ
ѹстънъ|оустънъ
нѥправъдьнъ|неправъдьнъ
и|і
отъ|отъ
ꙗꙁ҃ка|ꙗз҃ка
льстива|льстіва
нъ|нъ
и|і
мѧ|мѧ
самого|самого
отъ|отъ
таинъ|таінъ
моихъ|моіхъ
очисти|очісті
мѧ•|мѧ
и|і
отъ|отъ
тѫждиихъ|тѫждііхъ
поштꙗди|пощаді
раба|раба
своѥго|своего
да|да
нѥпорочънъ|непорочънъ
бѫдѫ•|бѫдѫ
И|і
притъчъникъ|прітъчънікъ
ꙁаповѣдаѥтъ|заповѣдаетъ
г҃лѧ•|г҃лѧ
нѥ|не
прослови|прослові
шьпьтъникъ•|шьпьтънікъ
мѫжъ|мѫжъ
бо|бо
скрѣнивъ•|скрѣнівъ
въпадѥтъ|въпадетъ
въ|въ
ꙁъло•|зъло
И|і
паⷦ•|пак
съмрьть|съмрьть
и|і
животъ|жівотъ
въ|въ
рѫцѣ|рѫцѣ
ꙗꙁꙑчи•|ꙗзъічі
дръжаштѥи|дръжащеі
жѥ|же
и|і
сънѣдѧтъ|сънѣдѧтъ
плодꙑ|плодъі
его•|его
и|і
иꙗковъ|іꙗковъ
аштѥ|аще
кьто|кьто
мънитъ|мънітъ
сѧ|сѧ
въ|въ
васъ|васъ
вѣрънъ|вѣрънъ
сꙑ•|съі
нѥ|не
въхлаштаꙗ|въхлащаꙗ
ѧꙁꙑка|ѧзъіка
своѥго•|своего
нъ|нъ
лъстѧ|лъстѧ
ср҃це|ср҃це
своѥ•|свое
сѥго|сего
сѫѥтъна|сѫетъна
вѣра•|вѣра
и|і
приводитъ•|пріводітъ
сѥ|се
коликъ|колікъ
огнъ|огнъ
коликѹ|колікоу
грамадѹ|грамадоу
съжиꙁаѥтъ•|съжізаетъ
и|і
ꙗꙁ҃къ|ꙗз҃къ
огнь|огнь
лѣпота|лѣпота
неправъдѣ|неправъдѣ
ꙗꙁ҃къ|ꙗз҃къ
ѹтварѧѥтъ|оутварѧетъ
сѧ|сѧ
въ|въ
ѹдѣхъ|оудѣхъ
нашихъ|нашіхъ
скврънѧи|скврънѧі
въсѥ|въсе
тѣло|тѣло
нашѥ|наше
и|і
палꙗ|палꙗ
коло|коло
родъства|родъства
нашѥго•|нашего
и|і
ꙗвѣ|ꙗвѣ
ꙗко|ꙗко
тѣло|тѣло
живота|жівота
нашѥго•|нашего
житиѥ|жітіе
чл҃че|чл҃че
коло|коло
ѥстъ|естъ
обраштаꙗ|обращаꙗ
сѧ•|сѧ
и|і
опалѧѥмо|опалѧемо
отъ|отъ
гѥѥннꙑ•|гееннъі
Бѣжимъ|бѣжімъ
ѹбо|оубо
братиѥ|братіе
шьпътаниꙗ|шьпътаніꙗ
да|да
не|не
лишить|лішіть
насъ|насъ
породꙑ•|породъі
И|і
прѣпроводитъ|прѣпроводітъ
нꙑ|нъі
въ|въ
геѥннѫ|гееннѫ
огньнѫѫ•|огньнѫѫ
Пошьпътавьши|пошьпътавьші
бо|бо
ꙁмии•|зміі
иꙁгъна|ізгъна
ѥв͗гѫ|евгѫ
ис|іс
породꙑ•|породъі
ꙗкоже|ꙗкоже
ѥтѥръ|етеръ
прѣмѫдръ|прѣмѫдръ
рѥчѥ•|рече
Бл҃жнъ|бл҃жнъ
ижѥ|іже
ꙗꙁ҃комъ|ꙗз҃комъ
нѥ|не
поплъꙁѥ|поплъзе
сꙗ•|сꙗ
И|і
па҇ⷦ•|пак
блажѥнъ|блаженъ
ижѥ|іже
сꙗ|сꙗ
ѹкрꙑ|оукръі
отъ|отъ
лица|ліца
ꙗꙁꙑча•|ꙗзъіча
и|і
поплъꙁѥньѥ|поплъзенье
отъ|отъ
тьлъ|тьлъ
лѹчѥ•|лоуче
нѥже|неже
отъ|отъ
ꙗꙁ҃ка•|ꙗз҃ка
И|і
павлъ•|павлъ
ѥда|еда
како|како
въ|въ
васъ|васъ
ръвъньꙗ•|ръвъньꙗ
ꙁавидꙑ•|завідъі
ꙗрости•|ꙗрості
рети•|реті
клѥвѥтꙑ•|клеветъі
шьпъти•|шьпъті
гръдꙑнѧ•|гръдъінѧ
и|і
прочаа•|прочаа
г҃ъ|г҃ъ
жѥ|же
рѥчѥ•|рече
добръи|добръі
чл҃кь|чл҃кь
отъ|отъ
добрааго|добрааго
съкровишта|съкровіща
ср҃ца|ср҃ца
своѥго|своего
иꙁноситъ|ізносітъ
доброѥ•|доброе
и|і
ꙁьлъи|зьлъі
чл҃къ•|чл҃къ
отъ|отъ
ꙁьлааго|зьлааго
съкровишта|съкровіща
ср҃ца|ср҃ца
своѥго•|своего
иꙁлагаѥтъ|ізлагаетъ
ꙁьлаꙗ•|зьлаꙗ
отъ|отъ
иꙁбꙑтъка|ізбъітъка
бо|бо
ср҃ца•|ср҃ца
гл҃ѫтъ|гл҃ѫтъ
ѹста•|оуста
б҃ѹ|б҃оу
жѥ|же
нашѥмѹ|нашемоу
бесъмрътънꙋмѹ|бесъмрътъноумоу
слава|слава
вь|вь
вѣкꙑ|вѣкъі
вѣкомь|вѣкомь
АМИН|амін
л҃а|л҃а
О|о
ТОМЬ|томь
ѤЖЕ|еже
НЕ|не
ꙀАꙀИРАТИ|зазіраті
Еже|еже
ꙁаꙁарати|зазараті
бѥꙁ|без
врѣменѥ|врѣмене
и|і
нѥиспꙑтьнѣ•|неіспъітьнѣ
ѿречѥно|отречено
естъ|естъ
бж҃ьствънъимь|бж҃ьствънъімь
ѱаньѥмъ•|псаньемъ
раꙁвѣ|развѣ
аште|аще
кьто|кьто
на|на
исправѥние|ісправеніе
съгрѣшьшааго|съгрѣшьшааго
любьве|любьве
ради|раді
хоштеть|хощеть
тацѣмъ|тацѣмъ
ꙁаꙁоромь|зазоромь
ꙁаꙁьрѣти•|зазьрѣті
боꙗ|боꙗ
сѧ|сѧ
паче|паче
ꙁаповѣди|заповѣді
г҃нѧ|г҃нѧ
г҃лѫштаꙗ•|г҃лѫщаꙗ
не|не
осѫждаите|осѫждаіте
да|да
не|не
осѫдите|осѫдіте
сѧ•|сѧ
своꙗ|своꙗ
прѣгрѣшениꙗ|прѣгрѣшеніꙗ
видить•|відіть
а|а
искрьнѧаго|іскрьнѧаго
прѣꙁьрить•|прѣзьріть
врѣдовьно|врѣдовьно
бо|бо
ѥсть|есть
чл҃кѹ|чл҃коу
оставити|оставіті
своꙗ|своꙗ
дльгꙑ•|дльгъі
и|і
вънимати|въніматі
тѹжда|тоужда
грѣхꙑ•|грѣхъі
еже|еже
бо|бо
инѣхъ|інѣхъ
ꙁаꙁирати•|зазіраті
ꙗвѣ|ꙗвѣ
ѥстъ•|естъ
ꙗко|ꙗко
самъ|самъ
себе|себе
непорочьна|непорочьна
покаꙁаѥть•|показаеть
Тѣмъ|тѣмъ
отъ|отъ
таковааго|таковааго
б҃ъ|б҃ъ
скоро|скоро
отъвраштаѥть|отъвращаеть
сѧ•|сѧ
аште|аще
ли|лі
и|і
скръбь|скръбь
наидеть|наідеть
тебе|тебе
искрънааго|іскрънааго
ради•|раді
приими|пріімі
ѫ|ѫ
ꙗко|ꙗко
и|і
своѫ|своѫ
а|а
нѥ|не
тѹждѫ•|тоуждѫ
аште|аще
ли|лі
вьспротивиши|вьспротівіші
сѧ|сѧ
скръбънъимъ|скръбънъімъ
наносомъ•|наносомъ
и|і
инѣхъ|інѣхъ
ꙁаꙁираѥши•|зазіраеші
нѥ|не
вѣси|вѣсі
ꙗко|ꙗко
велѣниѫ|велѣніѫ
бж҃ьѫ|бж҃ьѫ
противиши|протівіші
сѧ•|сѧ
аштѥ|аще
ли•|лі
ꙗвѣ|ꙗвѣ
ꙗко|ꙗко
трьпиши|трьпіші
г҃а•|г҃а
И|і
о|о
сѥмъ|семъ
ѹчитъ|оучітъ
нꙑ|нъі
притьчьникъ|прітьчьнікъ
г҃лѧ•|г҃лѧ
пръвѣе|пръвѣе
даже|даже
не|не
испꙑтаѥши|іспъітаеші
не|не
ꙁаꙁьри•|зазьрі
нъ|нъ
раꙁѹмѣи|разоумѣі
пръвѣе•|пръвѣе
ти|ті
тъгда|тъгда
ꙁапрѣштаи•|запрѣщаі
пръвоѥ|пръвое
дажѥ|даже
не|не
слꙑшиши|слъішіші
нѥ|не
отъвѣштаваи•|отъвѣщаваі
и|і
вь|вь
средѫ|средѫ
словѥсъ•|словесъ
не|не
вьлагаи|вьлагаі
слова•|слова
ꙁане|зане
съмрътъ|съмрътъ
и|і
животъ|жівотъ
въ|въ
рюцѣ|рюцѣ
ꙗꙁꙑка•|ꙗзъіка
и|і
въ|въ
ѹⷪши|оуоші
бѥꙁѹмънааго|безоумънааго
ничесожѥ|нічесоже
не|не
г҃ли•|г҃лі
ѥда|еда
къгда|къгда
подражати|подражаті
начънеть•|начънеть
раꙁѹмьнаа|разоумьнаа
твоѧ|твоѧ
словеса•|словеса
И|і
дрѹгъи|дроугъі
прѣмѫдрь|прѣмѫдрь
рече•|рече
ср҃цѥ|ср҃це
раꙁѹмивааго|разоумівааго
прииметъ|прііметъ
ꙁаповѣди•|заповѣді
отъкръвенъи|отъкръвенъі
же|же
ѹстънама|оустънама
остръпьтаѧ|остръпьтаѧ
ꙁапънѥтъ|запънетъ
сѧ•|сѧ
Гл҃еть|гл҃еть
жѥ|же
и|і
црькъвьникъ|црькъвьнікъ
въ|въ
вьсѧ|вьсѧ
словѥса|словеса
ꙗже|ꙗже
съвѣштаѫтъ|съвѣщаѫтъ
нечьстивиї•|нечьстівіі
не|не
положи|положі
ср҃ца|ср҃ца
своѥго•|своего
и|і
вь|вь
съкровиштихъ|съкровіщіхъ
ложа|ложа
своѥго•|своего
Не|не
клъни|клъні
богата|богата
ꙗко|ꙗко
пьтица|пьтіца
нб҃снаꙗ|нб҃снаꙗ
отънетъ|отънетъ
гласъ•|гласъ
Павлъ|павлъ
жѥ|же
присълаетъ|прісълаетъ
г҃лѧ•|г҃лѧ
братиѥ•|братіе
приѥмлѫштѥ|пріемлѫще
дрѹгъ|дроугъ
дрѹга|дроуга
и|і
подаѫште|подаѫще
себѣ|себѣ
аште|аще
къто|къто
кь|кь
комѹ|комоу
иматъ|іматъ
порокъ•|порокъ
ꙗкожѥ|ꙗкоже
и|і
х҃ъ|х҃ъ
подасть|подасть
намъ|намъ
тако|тако
и|і
мꙑ•|мъі
надъ|надъ
вьсѣми|вьсѣмі
же|же
сими|сімі
любьвь|любьвь
ꙗже|ꙗже
ѥсть|есть
съвѫꙁъ|съвѫзъ
съвръшѥниѫ•|съвръшеніѫ
бѫдѣмъ|бѫдѣмъ
ѹбо|оубо
слѹшаѫштѥ|слоушаѫще
павла|павла
ѹчашта|оучаща
нꙑ•|нъі
Да|да
не|не
ѹслꙑшимъ|оуслъішімъ
отъ|отъ
иѫдꙑ|іѫдъі
брата|брата
иꙗвлѧ•|іꙗвлѧ
ꙗко|ꙗко
и|і
сѫть|сѫть
ръпътиви•|ръпътіві
порочиви•|порочіві
по|по
похотемъ|похотемъ
своимъ|своімъ
ходѧште•|ходѧще
и|і
ѹста|оуста
ихъ|іхъ
г҃лють|г҃лють
прѣгръда•|прѣгръда
дивѧштѥ|дівѧще
сѧ|сѧ
лицѥмь|ліцемь
въ|въ
польꙁѧ|пользѧ
мѣсто•|мѣсто
ѥжѥ|еже
бо|бо
ꙁаꙁирати•|зазіраті
никомѹжѥ|нікомоуже
не|не
строить|строіть
сѧ|сѧ
тъчьѫ|тъчьѫ
ѥдинѣмъ|едінѣмъ
фарисѣомъ•|фарісѣомъ
ꙗко|ꙗко
оправьдаѫштѥмъ|оправьдаѫщемъ
сѧ|сѧ
самѣмъ|самѣмъ
имь•|імь
Тѣмьжѥ|тѣмьже
и|і
ѥгда|егда
ѹченици|оученіці
г҃ни|г҃ні
въꙁаалкашѧ•|възаалкашѧ
и|і
начашѧ|начашѧ
въстръгати|въстръгаті
класꙑ|класъі
и|і
ꙗсти•|ꙗсті
Фарисѣи|фарісѣі
рѣша|рѣша
г҃ю•|г҃ю
се|се
ѹчѥници|оученіці
твои|твоі
творꙗтъ•|творꙗтъ
ѥгожѥ|егоже
нѥ|не
достоить|достоіть
творити|творіті
въ|въ
сѫботꙑ•|сѫботъі
осѫждѥнии|осѫжденіі
нѥпорочънꙑꙗ|непорочънъіꙗ
порицаахѫ•|поріцаахѫ
нѥꙁълобивꙑи|незълобівъіі
жѥ|же
г҃ъ|г҃ъ
къ|къ
нимъ•|німъ
нѣстѥ|нѣсте
ли|лі
чъли|чълі
чьто|чьто
створи|створі
дв҃дъ•|дв҃дъ
ѥгда|егда
въꙁалка|възалка
и|і
сѫштѥи|сѫщеі
съ|съ
нимъ•|німъ
како|како
вънидѥ|въніде
въ|въ
домъ|домъ
бж҃ьи•|бж҃ьі
и|і
хлѣбꙑ|хлѣбъі
прѣдъложѥниꙗ|прѣдъложеніꙗ
сънѣстъ•|сънѣстъ
ихъжѥ|іхъже
нѥдостоино|недостоіно
бѣашѥ|бѣаше
ꙗсти•|ꙗсті
тъчьѫ|тъчьѫ
иѥрѣомъ•|іерѣомъ
и|і
кажѧ|кажѧ
ꙗ|ꙗ
нѥ|не
ꙁаꙁирати|зазіраті
бѥꙁ|без
ѫма•|ѫма
неповиньнъихъ•|неповіньнъіхъ
приложъ|пріложъ
рѥче•|рече
аштѥ|аще
ли|лі
бꙑстѥ|бъісте
вѣдѣли|вѣдѣлі
чьто|чьто
ѥ|е
милости|мілості
хоштѫ|хощѫ
а|а
нѥ|не
жрътвѣ:|жрътвѣ
то|то
нѥ|не
бꙑстѥ|бъісте
осѫждали|осѫждалі
непорочънꙑихъ•|непорочънъііхъ
Г҃ъ|г҃ъ
бо|бо
ѥстъ|естъ
с҃нъ|с҃нъ
чловѣчь|чловѣчь
сѹботѣ•|соуботѣ
ѥмѹже|емоуже
слава|слава
нꙑнѣ|нъінѣ
и|і
присно|прісно
и|і
вь|вь
вѣкꙑ|вѣкъі
вѣкомь:|вѣкомь
АМИН|амін
л҃в|л҃в
О|о
ПРѢКОСЛОВеСИИ|прѣкословесіі
Прѣкословѥсьѥ•|прѣкословесье
и|і
бестѹдиѥ•|бестоудіе
игомь|ігомь
ꙁьло|зьло
ꙁатѧꙁаеть|затѧзаеть
сꙗ•|сꙗ
прѣкословьць|прѣкословьць
бо|бо
равънъ|равънъ
ѥстъ|естъ
моштиѫ|мощіѫ
прѣꙁоривѫмѹ•|прѣзорівѫмоу
хоштеть|хощеть
бо|бо
присно•|прісно
одолѣвати|одолѣваті
истинѣ•|істінѣ
и|і
чѧсто|чѧсто
кратить|кратіть
сѧ|сѧ
борѧ|борѧ
старѣи|старѣі
бꙑти•|бъіті
Ꙗко|ꙗко
и|і
въ|въ
ꙁаконѣ•|законѣ
ѱано|псано
ѥстъ•|естъ
ꙗко|ꙗко
въспротивишѧ|въспротівішѧ
сѧ|сѧ
мосеѹ|мосеоу
корь|корь
и|і
даѳанъ|даѳанъ
и|і
авиронъ|авіронъ
и|і
раꙁгнѣва|разгнѣва
сѧ|сѧ
г҃ъ|г҃ъ
на|на
нѧ•|нѧ
и|і
отъвръꙁе|отъвръзе
сѧ|сѧ
ꙁемлѧ|землѧ
подь|подь
ними|німі
и|і
пожрѣтъ|пожрѣтъ
ꙗ|ꙗ
и|і
домꙑ|домъі
ихъ•|іхъ
иштѫштѥи|іщѫщеі
бо|бо
власти|власті
о|о
своѥи|своеі
силѣ|сілѣ
беꙁ|без
б҃а•|б҃а
и|і
противѧштѥи|протівѧщеі
сѧ|сѧ
отъ|отъ
б҃а|б҃а
сѫштии|сѫщіі
власти•|власті
тацѣмъ|тацѣмъ
каꙁнемъ|казнемъ
повиньни|повіньні
сѫтъ•|сѫтъ
Пишѥть|пішеть
жѥ|же
и|і
павлъ|павлъ
о|о
ѥтерѣхъ|етерѣхъ
прѣкословъцихъ|прѣкословъціхъ
сице•|сіце
ꙗкожѥ|ꙗкоже
ианни•|іанні
иамбри|іамбрі
противиста|протівіста
сⱑ|сѧ
мосѥѫ•|мосеѫ
тако|тако
и|і
съи|съі
противѧтъ|протівѧтъ
сѧ|сѧ
истинѣ•|істінѣ
чр҃ци|чр҃ці
растълѣвъшѥ|растълѣвъше
ѹмомь•|оумомь
неискѹшѥни|неіскоушені
о|о
вѣрѣ•|вѣрѣ
такождѥ|такожде
въ|въ
дѣаниихъ|дѣанііхъ
ап҃льстѣхъ•|ап҃льстѣхъ
ѥлума|елума
вльхвъ•|вльхвъ
противѧашѥ|протівѧаше
сѧ|сѧ
павлѹ|павлоу
и|і
варнавѣ•|варнавѣ
ишта|іща
антупата•|антупата
раꙁвратити|развратіті
отъ|отъ
вѣрꙑ•|вѣръі
и|і
абьѥ|абье
осльпе•|осльпе
И|і
паⷦ|пак
присꙑлаꙗ|прісъілаꙗ
ап҃лъ|ап҃лъ
тимоѳю|тімоѳю
речѥ•|рече
алеѯандръ|алеѯандръ
кѹꙁньць•|коузньць
много|много
ꙁьло|зьло
ми|мі
створи•|створі
да|да
въꙁдастъ|въздастъ
ѥмѹ|емоу
г҃ъ•|г҃ъ
ѥгоже|егоже
и|і
тꙑ|тъі
храни|храні
сѧ•|сѧ
ꙁѣло|зѣло
бо|бо
противить|протівіть
сѧ|сѧ
нашимъ|нашімъ
словѥсемъ•|словесемъ
и|і
съ|съ
приꙗ|пріꙗ
достоиноѥ|достоіное
прѣкословесию|прѣкословесію
въꙁдааниѥ•|въздааніе
И|і
про҇ⷦ•|прок
михѣи•|міхѣі
рꙑдаꙗ|ръідаꙗ
жѥстости|жестості
людъскꙑ|людъскъі
гл҃еть•|гл҃еть
ꙗꙁ҃кь|ꙗз҃кь
ихъ|іхъ
въꙁнѥсе|възнесе
сѧ|сѧ
въ|въ
ѹстѣхъ|оустѣхъ
ихъ•|іхъ
охъ|охъ
мнѣ|мнѣ
д҃ше|д҃ше
ꙗко|ꙗко
погꙑбѥ|погъібе
говѣинъ|говѣінъ
отъ|отъ
ꙁемлѧ•|землѧ
И|і
инъ•|інъ
прѣкословѥсиꙗ|прѣкословесіꙗ
въꙁдвижѥтъ|въздвіжетъ
вьсъ|вьсъ
ꙁьль•|зьль
Г҃ъ|г҃ъ
же|же
беꙁмилостивьна|безмілостівьна
сълѥть|сълеть
на|на
нъ•|нъ
И|і
па҇ⷦ•|пак
мѫдростъ|мѫдростъ
чл҃кѹ•|чл҃коу
просвѣштаѥтъ|просвѣщаетъ
лице|ліце
ѥго•|его
и|і
бестѹдьньи|бестоудьньі
лицемъ|ліцемъ
въꙁненавидѣнъ|възненавідѣнъ
бѹдѥтъ•|боудетъ
и|і
вѣштаꙗи|вѣщаꙗі
неправедьнаꙗ•|неправедьнаꙗ
никътожѥ|нікътоже
не|не
ѹтаитъ|оутаітъ
сѧ•|сѧ
ꙁълъи|зълъі
бо|бо
себѥ•|себе
комѹ|комоу
добръ|добръ
бѹдѥть•|боудеть
такождѥ|такожде
сомонъ|сомонъ
ꙁълъи|зълъі
съ|съ
досаждѥниѥмь|досажденіемь
творить|творіть
ꙁълаꙗ•|зълаꙗ
а|а
раꙁѹмивии|разоумівіі
сѥбѣ•|себѣ
прѣмѫдри|прѣмѫдрі
сѫтъ•|сѫтъ
Въꙁбоимъ|възбоімъ
сѧ|сѧ
ѹбо|оубо
братиѥ|братіе
божьствънааго|божьствънааго
ѱаниѧ•|псаніѧ
и|і
прѣстанѣмъ|прѣстанѣмъ
бꙑти|бъіті
бѥстѹдьни•|бестоудьні
и|і
прѣкословъци•|прѣкословъці
да|да
не|не
речеть|речеть
и|і
о|о
насъ•|насъ
лѣковахомъ|лѣковахомъ
вавѹлониѫ|вавоулоніѫ
и|і
нѥ|не
исцѣлѣ•|ісцѣлѣ
и|і
ѹслꙑшимъ|оуслъішімъ
исаиѫ|ісаіѫ
г҃лѫща•|г҃лѫща
ащѥ|аще
хощѥте|хощете
и|і
послѹшаѥте|послоушаете
мѥнѥ•|мене
благаа|благаа
ꙁѥмлѧ|землѧ
сънѣстѥ•|сънѣсте
мꙑ|мъі
ѹбо|оубо
съмѣрѥномѫдриѥмь•|съмѣреномѫдріемь
и|і
млъчаниѥмъ|млъчаніемъ
сѧ|сѧ
ѹтвръдимъ•|оутвръдімъ
и|і
послѣдѹѫще|послѣдоуѫще
ст҃го|ст҃го
ѱаниꙗ•|псаніꙗ
повинѣмъ|повінѣмъ
сѧ|сѧ
клирѹ|кліроу
ѹставлющѫ|оуставлющѫ
прѣкослословие•|прѣкослословіе
Велико|веліко
ѥстъ|естъ
орѫжьѥ|орѫжье
д҃ши•|д҃ші
на|на
бж҃ьѫ|бж҃ьѫ
подвиꙁаниѥ|подвізаніе
ѥжѥ|еже
къ|къ
б҃ѹ|б҃оу
гл҃ати|гл҃аті
много•|много
а|а
къ|къ
чл҃комъ|чл҃комъ
мало•|мало
нощь|нощь
и|і
дьнь•|дьнь
на|на
послѣдьньи|послѣдьньі
дьнь|дьнь
вьꙁирати•|вьзіраті
А|а
не|не
ѹподобимь|оуподобімь
сѧ|сѧ
иѥрѣомъ|іерѣомъ
жидовьскомъ•|жідовьскомъ
ижѥ|іже
навꙑкли|навъіклі
бѣахѫ|бѣахѫ
присно|прісно
противити|протівіті
сѧ|сѧ
б҃ѹ•|б҃оу
пристѹпиша|прістоупіша
бо|бо
рече|рече
архииѥрѣи|архііерѣі
къ|къ
ис҃ѹ|іс҃оу
гл҃ѫще•|гл҃ѫще
коѥѫ|коеѫ
властиѫ|властіѫ
си|сі
твориши•|творіші
или|ілі
къто|къто
ти|ті
ѥ|е
далъ|далъ
властъ|властъ
сиѫ•|сіѫ
Длъготръпѣливꙑи|длъготръпѣлівъіі
жѥ|же
г҃ъ•|г҃ъ
кротъцѣ|кротъцѣ
отъшта|отъща
имъ|імъ
г҃лѧ•|г҃лѧ
въпрошѫ|въпрошѫ
вꙑ|въі
аꙁъ•|азъ
ѥдиного|едіного
слова•|слова
ѥжѥ|еже
аштѥ|аще
рѥчетѥ|речете
ми•|мі
аꙁъ|азъ
рѥкѹ|рекоу
вамъ•|вамъ
коѥѭ|коеѭ
властиѫ|властіѫ
сѥ|се
творѭ•|творѭ
ѥмѹжѥ|емоуже
вьси|вьсі
молимъ|молімъ
сѧ•|сѧ
да|да
иꙁбавитъ|ізбавітъ
нꙑ|нъі
въсѥго|въсего
прѣкословесиꙗ|прѣкословесіꙗ
нѥпольꙁънааго|непользънааго
х҃ъ|х҃ъ
сп҃съ|сп҃съ
нашъ|нашъ
ѥмѫжѥ|емѫже
слава|слава
вь|вь
вѣкꙑ|вѣкъі
вѣкомь|вѣкомь
АМИН|амін
л҃г|л҃г
О|о
ПРАꙀДЬНОСЛОВЕСИИ|праздьнословесіі
Праꙁдънословесьѥ•|праздънословесье
отъ|отъ
праꙁдънодѣаниꙗ|праздънодѣаніꙗ
раждаѥть|раждаеть
сѧ•|сѧ
и|і
нѥчааниꙗ|нечааніꙗ
бѫдѹштиихъ•|бѫдоущііхъ
аштѥ|аще
бо|бо
мѫкꙑ|мѫкъі
боꙗли|боꙗлі
сѧ|сѧ
бꙑхомъ•|бъіхомъ
и|і
цр҃ства|цр҃ства
желали•|желалі
нѥ|не
бꙑмъ|бъімъ
праꙁдънословѥсили|праздънословесілі
николижѥ•|ніколіже
паче|паче
жѥ|же
ꙗкожѥ|ꙗкоже
г҃нѧ|г҃нѧ
ѥстъ|естъ
ꙁаповѣдъ•|заповѣдъ
слово|слово
въꙁдати|въздаті
намъ|намъ
въ|въ
врѣмꙗ|врѣмꙗ
сѫдъноѥ•|сѫдъное
праꙁдънѣ|праздънѣ
г҃лѣ•|г҃лѣ
ѥликожѥ|елікоже
польꙁѧ|пользѧ
д҃ши|д҃ші
не|не
приноситъ•|пріносітъ
праꙁдъни|праздъні
г҃ли|г҃лі
сѫть•|сѫть
потрѣбьно|потрѣбьно
ѹбо|оубо
ѥстъ|естъ
нюждеѫ|нюждеѫ
въꙁдражати|въздражаті
сѧ•|сѧ
не|не
дати|даті
мѣста|мѣста
праꙁдънословесию•|праздънословесію
побѣждаѥмъи|побѣждаемъі
бо|бо
ѹдобѣ|оудобѣ
малъими•|малъімі
и|і
великъими|велікъімі
по|по
нѫжди|нѫжді
порабѥнъ|порабенъ
бѹдѥть•|боудеть
а|а
нѥродѧи|неродѧі
о|о
тѣхъ•|тѣхъ
и|і
вѥликꙑими|велікъіімі
о|о
г҃и|г҃і
противитъ|протівітъ
сѧ•|сѧ
подобаѥть|подобаеть
ѹбо|оубо
вьсѣмь|вьсѣмь
хранѥниѥмь|храненіемь
блюсти|блюсті
своѥ|свое
ср҃це|ср҃це
и|і
ѹста•|оуста
и|і
иꙁвѣстьнѣ|ізвѣстьнѣ
бѥсѣдовати|бесѣдоваті
ꙗко|ꙗко
съвръшеномъ•|съвръшеномъ
Пачѥ|паче
жѥ|же
намъ|намъ
мьнимъимъ|мьнімъімъ
каꙁати|казаті
и|і
наставꙗти|наставꙗті
мирьнꙑꙗ•|мірьнъіꙗ
Да|да
нѥ|не
ѹслꙑшимъ•|оуслъішімъ
ѹчаи|оучаі
дрѹга•|дроуга
сѥбѥ|себе
ли|лі
нѥ|не
ѹчиши•|оучіші
бѥсъвѣтиꙗ|бесъвѣтіꙗ
бо|бо
ꙁнамѥньѥ|знаменье
естъ•|естъ
ѥжѥ|еже
присно|прісно
гл҃ати•|гл҃аті
Ꙗкожѥ|ꙗкоже
и|і
притьчахъ|прітьчахъ
ѱано|псано
ѥстъ•|естъ
сн҃ѥ|сн҃е
нѥ|не
рьвьнѫи|рьвьнѫі
мѹжѥмъ|моужемъ
ꙁъломъ•|зъломъ
нижѥ|ніже
вьждѥлѣи|вьжделѣі
бꙑти|бъіті
съ|съ
ними:|німі
И|і
приводить|пріводіть
г҃лѧ•|г҃лѧ
ѹста|оуста
отъкръвѥна|отъкръвена
творѧть|творѧть
нѥстроѥниꙗ:|нестроеніꙗ
и|і
бѥꙁѹмьнъи|безоумьнъі
множить|множіть
словѥса•|словеса
И|і
па҇ⷦ•|пак
множаи|множаі
слово|слово
мръꙁъкъ|мръзъкъ
бѹдѥть•|боудеть
иꙁ|із
мъногь|мъногь
бо|бо
словѥсъ|словесъ
нѥ|не
ѹбѣжиши|оубѣжіші
грѣха•|грѣха
штѧдѧ|щѧдѧ
жѥ|же
ѹстънѣ•|оустънѣ
раꙁѹмьнь|разоумьнь
бѹдѥть•|боудеть
И|і
пакꙑ•|пакъі
при|прі
дрѹꙁѣ|дроузѣ
и|і
враꙁѣ•|вразѣ
нѥ|не
повѣдаи|повѣдаі
житии|жітіі
тѹждихъ•|тоуждіхъ
и|і
аштѥ|аще
нѣстъ|нѣстъ
ти|ті
грѣха:|грѣха
нѥ|не
отъкрꙑваи•|отъкръіваі
Гл҃ѥть|гл҃еть
жѥ|же
и|і
иовъ|іовъ
дрѹгомъ|дроугомъ
своимъ|своімъ
бѫди|бѫді
жѥ|же
вамъ|вамъ
онѣмѣти•|онѣмѣті
и|і
бѫдѥть|бѫдеть
вамъ|вамъ
мѫдростъ•|мѫдростъ
И|і
дрѹгꙑи•|дроугъіі
блажѥнъ|блаженъ
мѹжъ•|моужъ
ижѥ|іже
не|не
въспоплъꙁе|въспоплъзе
сꙗ|сꙗ
ѹстꙑ|оустъі
своими•|своімі
И|і
па҇ⷦ•|пак
въꙁдръжаи|въздръжаі
ꙗꙁ҃къ•|ꙗз҃къ
бѥ-свара|бесвара
поживетъ•|пожіветъ
и|і
не|не
любѧи|любѧі
бесѣдꙑ•|бесѣдъі
оскѫждаѥтъ|оскѫждаетъ
ꙁълобѹ•|зълобоу
Гл҃еть|гл҃еть
жѥ|же
и|і
оклисиасть•|оклісіасть
словеса|словеса
ѹстъ|оустъ
прѣмѫдра|прѣмѫдра
благодѣть•|благодѣть
и|і
ѹстънꙑ|оустънъі
бѥꙁѹмънаго|безоумънаго
потопѧтъ|потопѧтъ
и•|і
начѧтькъ|начѧтькъ
бо|бо
ѹстъ|оустъ
ѥго|его
бѥꙁѹмие•|безоуміе
и|і
бѥꙁѫмьнꙑи|безѫмьнъіі
множить|множіть
словѥса•|словеса
И|і
приричѥ•|пріріче
любѧи|любѧі
животъ•|жівотъ
поштѧдитъ|пощѧдітъ
ѹста|оуста
своꙗ•|своꙗ
Такождѥ|такожде
и|і
ап҃лъ•|ап҃лъ
вьсѥ|вьсе
слово|слово
гнило•|гніло
иꙁ|із
ѹсть|оусть
вашихъ•|вашіхъ
да|да
нѥ|не
исходить•|ісходіть
нъ|нъ
ѥжѥ|еже
благо|благо
на|на
съꙁъданиѥ•|съзъданіе
да|да
дастъ|дастъ
благодѣть|благодѣть
слꙑшаштиимъ•|слъішащіімъ
Имѫштѥ|імѫще
ѹбо|оубо
въꙁлюбѥнии|възлюбеніі
толико|толіко
съвѣдѣтельство•|съвѣдѣтельство
въсѣмь|въсѣмь
тъштаниѥмь|тъщаніемь
отъстѹпимъ•|отъстоупімъ
бѥспольꙁьнааго•|беспользьнааго
пачѥ|паче
жѥ•|же
дш҃ѥврѣдьнааго|дш҃еврѣдьнааго
праꙁдьнословѥсиꙗ•|праздьнословесіꙗ
Помꙑшлѧѫште|помъішлѧѫще
въинѹ|въіноу
ꙗкожѥ|ꙗкоже
ѥ|е
речѥно•|речено
страшьноѥ|страшьное
прѣштѥниѥ|прѣщеніе
г҃а|г҃а
гл҃ѫштꙗ•|гл҃ѫща
аминъ|амінъ
гл҃ѫ|гл҃ѫ
вамъ•|вамъ
ꙗко|ꙗко
въсъ|въсъ
л҇ⷢъ|лгъ
праꙁдьнъ|праздьнъ
ижѥ|іже
съвѣштаѫть|съвѣщаѫть
члци•|члці
въꙁдадѧть|въздадѧть
слово|слово
о|о
немъ|немъ
вь|вь
дьнь|дьнь
сѫдьнꙑи|сѫдьнъіі
б҃ѹ•|б҃оу
ѥмѹжѥ|емоуже
слава|слава
вь|вь
вѣкꙑ|вѣкъі
вѣкомъ:|вѣкомъ
АМИН|амін
л҃д|л҃д
Ꙍ|о
ЛИХОДѢАНИИ|ліходѣаніі
РЕК|рек
҇ⷲ|ш
О|о
ꙌПꙐТОВАНИИ|опъітованіі
Ѥжѥ|еже
многовѣштавати|многовѣщаваті
и|і
опꙑтовати|опъітоваті
тѹждаꙗ•|тоуждаꙗ
нѥстроино|нестроіно
ѥстъ|естъ
чл҃кѹ|чл҃коу
хотѧштѹ|хотѧщоу
ѹгодити|оугодіті
б҃ѹ•|б҃оу
хотѧи|хотѧі
бо|бо
бѥскврънномь|бескврънномь
житиѥмь|жітіемь
пожити|пожіті
на|на
сѥмь|семь
житии:|жітіі
самоправънъ|самоправънъ
хоштѥть|хощеть
бꙑти•|бъіті
сирѣчь|сірѣчь
себѥ|себе
вънимати•|въніматі
и|і
беꙁмлъвъѥмь|безмлъвъемь
приближати|прібліжаті
сѧ|сѧ
б҃ꙁѣ•|б҃зѣ
бѥсплавьноѫ|бесплавьноѫ
мꙑслъѫ|мъіслъѫ
и|і
беꙁъопꙑтъномь|безъопъітъномь
ѹмомь•|оумомь
простоѫ|простоѫ
мꙑсльѫ•|мъісльѫ
тако|тако
бо|бо
наидѥть|наідеть
на|на
нь|нь
обилѣ|обілѣ
благодѣтъ|благодѣтъ
ст҃аго|ст҃аго
д҃ха|д҃ха
ѱано|псано
же|же
естъ|естъ
и|і
вь|вь
притьчахъ•|прітьчахъ
глѫбьшъ|глѫбьшъ
сѥбе|себе
не|не
ишти•|іщі
и|і
крѣпьшь|крѣпьшь
себѥ|себе
не|не
пꙑтаи•|пъітаі
ꙗжѥ|ꙗже
ти|ті
сѫтъ|сѫтъ
повелѣна•|повелѣна
та|та
раꙁѹмѣваи•|разоумѣваі
не|не
трѣбѣ|трѣбѣ
бо|бо
ти|ті
есть|есть
таинꙑхъ|таінъіхъ
глѧдати|глѧдаті
очима•|очіма
И|і
па҇ⷦ•|пак
мльꙁи|мльзі
млѣко|млѣко
и|і
бѫдеть|бѫдеть
масло•|масло
аштѥ|аще
ли|лі
тѣшти|тѣщі
ноꙁдри•|ноздрі
иꙁидѥть|ізідеть
крьвь•|крьвь
аще|аще
ли|лі
иꙁнесеши|ізнесеші
словѥса•|словеса
иꙁидѫть|ізідѫть
сѫди|сѫді
и|і
свари•|сварі
И|і
па҇ⷦ•|пак
въ|въ
иꙁбꙑтъцѣхъ|ізбъітъцѣхъ
дѣлъ|дѣлъ
твоихъ|твоіхъ
нѥ|не
распꙑтаваи•|распъітаваі
многꙑ|многъі
бо|бо
прѣльстило|прѣльстіло
мьнѣниѥ|мьнѣніе
ихъ•|іхъ
вѣдѣньꙗ|вѣдѣньꙗ
же|же
бѥ-чѧсти|бечѧсті
сꙑ•|съі
нѥ|не
вѣстѹи•|вѣстоуі
ꙁѣницѫ|зѣніцѫ
бо|бо
нѥ|не
имꙑ•|імъі
лихъ|ліхъ
ѥстъ|естъ
свѣта•|свѣта
Гл҃ѥть|гл҃еть
жѥ|же
и|і
петръ•|петръ
сѥ|се
прѣждѥ|прѣжде
раꙁѹмѣѫштѥ•|разоумѣѫще
ꙗко|ꙗко
придѹть|прідоуть
вь|вь
послѣдьнѧꙗ|послѣдьнѧꙗ
дьни|дьні
въ|въ
рѹгание•|роуганіе
рѹгателе|роугателе
по|по
своихъ|своіхъ
похотѥхъ|похотехъ
ходѧште|ходѧще
и|і
г҃лѫштѥ•|г҃лѫще
къдѥ|къде
естъ|естъ
обѣштаниѥ|обѣщаніе
пришьствиꙗ|прішьствіꙗ
ѥго•|его
И|і
приносить•|пріносіть
тѣмьжѥ|тѣмьже
вьꙁлюбѥнии|вьзлюбеніі
потьштимъ|потьщімъ
сѧ|сѧ
бескврънни|бескврънні
и|і
нѥпорочьни|непорочьні
емѹ|емоу
обрѣсти|обрѣсті
сѧ•|сѧ
и|і
г҃нѥ|г҃не
дльготръпие|дльготръпіе
сп҃сѥниѥ|сп҃сеніе
мьнитѥ•|мьніте
Такождѥ|такожде
жѥ|же
и|і
павль|павль
присꙑлаꙗ|прісъілаꙗ
речѥ:|рече
сѫть|сѫть
бо|бо
мноꙁи|мнозі
нѥпокориви|непокоріві
сѫѥсловьници•|сѫесловьніці
и|і
ѹмольстъци•|оумольстъці
ꙗжѥ|ꙗже
подобаѥть|подобаеть
вьꙁдражати•|вьздражаті
ижѥ|іже
вьсѧ|вьсѧ
домꙑ|домъі
опѹштаѫть•|опоущаѫть
ѹчаште|оучаще
ихьжѥ|іхьже
не|не
подобаеть•|подобаеть
И|і
инъде•|інъде
ибо|ібо
ѥгда|егда
бѣахомъ|бѣахомъ
въ|въ
васъ•|васъ
се|се
ꙁапрѣштаахомь•|запрѣщаахомь
ащѥ|аще
кто|кто
нѥ|не
хощѥть|хощеть
дѣлати•|дѣлаті
да|да
и|і
нѥ|не
ꙗстъ•|ꙗстъ
слꙑшимъ|слъішімъ
бо|бо
ѥтерꙑ|етеръі
васъ|васъ
бѥ|бе
чинѹ|чіноу
ходѧштѧ•|ходѧщѧ
ничесожѥ|нічесоже
не|не
дѣлаѫштѧ•|дѣлаѫщѧ
нъ|нъ
ꙁълоѥ|зълое
дѣлаѫщѧ•|дѣлаѫщѧ
И|і
лицѥмѣрии|ліцемѣріі
жѥ|же
иѫдѥѫ•|іѫдеѫ
пристѫпишѧ|прістѫпішѧ
къ|къ
ис҃ѹ|іс҃оу
гл҃ѫште•|гл҃ѫще
чьто|чьто
ти|ті
сꙗ|сꙗ
мьнить•|мьніть
достоить|достоіть
ли|лі
дати|даті
кинъсъ•|кінъсъ
кесарю•|кесарю
или|ілі
ни•|ні
дамъ|дамъ
ли|лі
или|ілі
нѥ|не
дамь•|дамь
Г҃ъ|г҃ъ
посрамꙗѧ|посрамꙗѧ
ихъ|іхъ
опꙑтьливоѥ|опъітьлівое
лицѥмѣриѥ•|ліцемѣріе
речѥ|рече
къ|къ
нимъ•|німъ
чьто|чьто
мѧ|мѧ
искѹшаѥте|іскоушаете
наничьници•|нанічьніці
покажитѥ|покажіте
ми|мі
цѧтѫ|цѧтѫ
киньсънѫѭ•|кіньсънѫѭ
они|оні
жѥ|же
принѥсошꙗ|прінесоша
ѥмѹ|емоу
пѣнѧꙁъ•|пѣнѧзъ
и|і
гл҃а|гл҃а
имъ•|імъ
чьи|чьі
ѥстъ|естъ
обраꙁъ|образъ
и|і
наѱаниѥ•|напсаніе
гл҃ашѧ|гл҃ашѧ
ѥмѹ•|емоу
кѥсарѥвъ|кесаревъ
речѥ|рече
жѥ|же
имъ•|імъ
ѿдадитѥ|отдадіте
ѹбо|оубо
кесароваа|кесароваа
кесарѹ•|кесароу
а|а
бж҃ьꙗ|бж҃ьꙗ
б҃ѹ•|б҃оу
и|і
отидошѧ|отідошѧ
посрамѥни•|посрамені
и|і
опꙑтьливааго|опъітьлівааго
бо|бо
чл҃ка|чл҃ка
стѹдъ|стоудъ
покрꙑѥтъ•|покръіетъ
б҃ѹ|б҃оу
нашѥмѹ|нашемоу
благѹмѹ|благоумоу
слава•|слава
въ|въ
вѣкꙑ|вѣкъі
вѣкомъ:|вѣкомъ
А|а
М|м
И|і
Н|н
Ꙍ|о
НЕРАЖДЕНИИ|неражденіі
СИРѢЧЬ|сірѣчь
О|о
НЕБРѢЖЕНИИ|небрѣженіі
л҃е|л҃е
Ѥжѥ|еже
небрѣговати|небрѣговаті
вьсѥꙗ|вьсеꙗ
вешти•|вещі
ꙁьло|зьло
и|і
грѣховьно|грѣховьно
ѥстъ•|естъ
паче|паче
жѥ|же
б҃ѹ|б҃оу
приносимꙑихъ•|пріносімъііхъ
не|не
моꙁѣмъ|мозѣмъ
ѹбо|оубо
въдати|въдаті
сѧ|сѧ
лѣности•|лѣності
и|і
нѥбрѣжѥниѫ•|небрѣженіѫ
да|да
нѥ|не
въпадѥмъ|въпадемъ
клѧтвѣ•|клѧтвѣ
И|і
иѥремии|іереміі
гл҃ѫштѫ•|гл҃ѫщѫ
проклѧть|проклѧть
чл҃къ•|чл҃къ
творꙗи|творꙗі
дѣла|дѣла
г҃нѧ|г҃нѧ
лѣностънѣ•|лѣностънѣ
въсе|въсе
бо|бо
въ|въ
чинъ|чінъ
свои|своі
имѣти|імѣті
ѥстъ|естъ
лѣпо•|лѣпо
Ꙗкожѥ|ꙗкоже
и|і
павлъ|павлъ
ѹчить|оучіть
нꙑ|нъі
гл҃ꙗ•|гл҃ꙗ
вьсѥ|вьсе
благообраꙁьнѣ|благообразьнѣ
и|і
по|по
чинѹ|чіноу
да|да
бꙑваеть•|бъіваеть
Понѥжѥ|понеже
чьто|чьто
ꙁъло|зъло
творѧашѥ|творѧаше
иоꙁиꙗ•|іозіꙗ
кадѧ|кадѧ
б҃ѹ•|б҃оу
чьто|чьто
ли|лі
саѹлъ|саоулъ
жьрѧ•|жьрѧ
нъ|нъ
отъвръжена|отъвръжена
ѥѫ|еѫ
жрътва|жрътва
бꙑстъ•|бъістъ
Вънимати|въніматі
комѹжъдо|комоужъдо
твръдо|твръдо
сѥбѣ|себѣ
потрѣбьно|потрѣбьно
ѥстъ•|естъ
а|а
нѥ|не
вꙑшѥ|въіше
мѣръ|мѣръ
своихъ|своіхъ
помꙑшлѧти|помъішлѧті
чѥсо•|чесо
или|ілі
дѣати•|дѣаті
да|да
нѥ|не
ѹслꙑшити|оуслъішіті
отъ|отъ
амбакѹма•|амбакоума
прѣвеличавꙑи|прѣвелічавъіі
жѥ•|же
и|і
нѥродивꙑи|неродівъіі
жѥ|же
мѫжъ•|мѫжъ
и|і
гръдъ|гръдъ
ничесожѥ|нічесоже
не|не
имать|імать
коньчати•|коньчаті
И|і
инъждѥ•|інъжде
живѫ|жівѫ
аꙁъ|азъ
гл҃еть|гл҃еть
г҃ъ•|г҃ъ
ꙗко|ꙗко
нъ|нъ
славѧштѧꙗ|славѧщѧꙗ
мѧ|мѧ
прославлѫ•|прославлѫ
и|і
ѹничъжаѧи|оунічъжаѧі
мѧ|мѧ
бѥ|бе
чьсти|чьсті
бѹдеть•|боудеть
и|і
притъчъникъ•|прітъчънікъ
нѥбрѣгъи|небрѣгъі
вещи•|вещі
небрѣгомъ|небрѣгомъ
бѫдѥть|бѫдеть
ѥѫ•|еѫ
а|а
боꙗи|боꙗі
сѧ|сѧ
ꙁаповѣди•|заповѣді
сь|сь
съдравѹеть•|съдравоуеть
И|і
малахиꙗ|малахіꙗ
жѥ|же
рѥчѥ•|рече
сн҃ь|сн҃ь
славить|славіть
оц҃а•|оц҃а
и|і
рабъ|рабъ
г҃дина|г҃діна
своѥго|своего
боитъ|боітъ
сѧ•|сѧ
и|і
ꙗштѥ|ꙗще
оц҃ь|оц҃ь
ѥсмъ|есмъ
аꙁъ|азъ
къде|къде
ѥстъ|естъ
слава|слава
моꙗ•|моꙗ
аштѥ|аще
ли|лі
г҃ъ|г҃ъ
ѥсмъ•|есмъ
къдѥ|къде
ѥстъ|естъ
страхъ|страхъ
мои•|моі
Такождѥ|такожде
и|і
дв҃дъ•|дв҃дъ
рѥче|рече
ꙁаконопрѣстѫпьникъ|законопрѣстѫпьнікъ
съгрѣшаꙗ|съгрѣшаꙗ
въ|въ
сѥбѥ•|себе
нѣсть|нѣсть
страха|страха
бж҃ьꙗ|бж҃ьꙗ
прѣдъ|прѣдъ
очима|очіма
его•|его
Пѥтръ|петръ
жѥ|же
рѥчѥ•|рече
ꙗко|ꙗко
врѣмѧ|врѣмѧ
начати|начаті
сѫдъ|сѫдъ
отъ|отъ
храма|храма
бж҃ьꙗ•|бж҃ьꙗ
то|то
аштѥ|аще
отъ|отъ
васъ|васъ
прѣжде•|прѣжде
кака|кака
коньчина|коньчіна
противꙗштиимъ|протівꙗщіімъ
сѧ:|сѧ
¬и¬|і
аштѥ|аще
праведьникъ|праведьнікъ
ѥдъва|едъва
сп҃саѥть|сп҃саеть
сѧ•|сѧ
нечьстивъ|нечьстівъ
и|і
грѣшьнъ|грѣшьнъ
къде|къде
ꙗвить|ꙗвіть
сѧ•|сѧ
И|і
павлъ|павлъ
коринѳиѥмъ•|корінѳіемъ
сего|сего
ради|раді
въ|въ
васъ|васъ
мноꙁи|мнозі
нѥмоштъни•|немощъні
и|і
нѥдѹжъливи|недоужъліві
съпѧть|съпѧть
мъноꙁи•|мънозі
аште|аще
бо|бо
бꙑхомъ|бъіхомъ
сѧ|сѧ
расѫждали•|расѫждалі
то|то
не|не
бꙑхомъ|бъіхомъ
осѫждѥни|осѫждені
бꙑли•|бъілі
сѫдими|сѫдімі
жѥ|же
отъ|отъ
г҃а|г҃а
кажѥмъ|кажемъ
сѧ•|сѧ
да|да
не|не
съ|съ
мирьмь|мірьмь
осѫдимъ|осѫдімъ
сѧ•|сѧ
И|і
па҇ⷦ•|пак
д҃нь|д҃нь
г҃нъ|г҃нъ
ꙗко|ꙗко
тать|тать
въ|въ
ношти|нощі
тако|тако
придѥть•|прідеть
ѥгда|егда
бо|бо
рѥкѹть|рекоуть
миръ|міръ
и|і
ѹтвръждѥниѥ•|оутвръжденіе
тъгдаже|тъгдаже
вънеꙁаапѫ|вънезаапѫ
нападеть|нападеть
ихъ|іхъ
гѹбителъ•|гоубітелъ
рече|рече
и|і
инъ•|інъ
не|не
ръци|ръці
штѥдрота|щедрота
ѥго|его
многа|многа
ѥстъ|естъ
множъство|множъство
грѣхъ|грѣхъ
моихъ|моіхъ
оцѣстить•|оцѣстіть
милость|мілость
бо|бо
и|і
гнѣвъ|гнѣвъ
ѹ|оу
него•|него
И|і
па҇ⷦ•|пак
не|не
жиди|жіді
обратити|обратіті
сѧ|сѧ
къ|къ
г҃ѫ|г҃ѫ
и|і
не|не
ѿлагаи|отлагаі
дьнѥ|дьне
ѿ|от
дьнѥ:|дьне
по|по
множьствѹ|множьствоу
бо|бо
милости|мілості
ѥго•|его
тако|тако
и|і
много|много
и|і
обличѥньѥ|обліченье
ѥго•|его
мѫжѫ|мѫжѫ
по|по
дѣломъ|дѣломъ
ѥго|его
сѫдить•|сѫдіть
И|і
иеꙁѥкиль•|іезекіль
ѥгда|егда
въꙁвратить|възвратіть
сѧ|сѧ
праведьникъ|праведьнікъ
отъ|отъ
правьдꙑ|правьдъі
своѥѧ•|своеѧ
и|і
сътворить|сътворіть
неправьдѹ•|неправьдоу
вьсꙗ|вьсꙗ
правьдꙑ|правьдъі
ѥго|его
погꙑбнѫть|погъібнѫть
въ|въ
грѣсѣ|грѣсѣ
своѥмь|своемь
ѹмьреть•|оумьреть
комѫжьдо|комѫжьдо
по|по
пѫти|пѫті
ѥго|его
въ|въ
немьже|немьже
обрѧштѫ|обрѧщѫ
и•|і
сѫждѫ|сѫждѫ
ѥмѹ|емоу
гл҃еть|гл҃еть
г҃ъ•|г҃ъ
Павлъ|павлъ
жѥ•|же
тѣмьже|тѣмьже
ѹбо|оубо
да|да
не|не
съпимъ•|съпімъ
нъ|нъ
да|да
бъдимъ•|бъдімъ
трѣꙁвимъ|трѣзвімъ
сѧ•|сѧ
съпѧштеи|съпѧщеі
бо|бо
ноштьѫ|нощьѫ
съпѧть•|съпѧть
и|і
ѹпиваѫштеи|оупіваѫщеі
сѧ|сѧ
нощьѫ|нощьѫ
ѹпиваѫть|оупіваѫть
сѧ•|сѧ
И|і
приводить•|пріводіть
ꙗко|ꙗко
чада|чада
свѣтѹ|свѣтоу
ходите•|ходіте
искѹпаѫште|іскоупаѫще
врѣмѧ|врѣмѧ
ꙗко|ꙗко
дьни|дьні
ꙁъли|зълі
сѫть•|сѫть
рѥче|рече
же|же
и|і
г҃ъ•|г҃ъ
бъдите|бъдіте
ꙗко|ꙗко
не|не
вѣсте|вѣсте
въ|въ
къи|къі
дънъ|дънъ
г҃ъ|г҃ъ
придеть•|прідеть
се|се
же|же
вѣдитѥ|вѣдіте
ꙗко|ꙗко
аште|аще
бꙑ|бъі
вѣдѣлъ|вѣдѣлъ
г҃нъ|г҃нъ
храма|храма
въ|въ
кѫю|кѫю
стражѹ|стражоу
тать|тать
придѥть•|прідеть
бъдѣлъ|бъдѣлъ
ѹбо|оубо
бꙑ•|бъі
и|і
не|не
бꙑ|бъі
оставилъ|оставілъ
подърꙑти|подъръіті
храма|храма
своѥго•|своего
сего|сего
ради|раді
и|і
вꙑ|въі
бѫдѣте|бѫдѣте
готови•|готові
ꙗко|ꙗко
въ|въ
ньже|ньже
часъ|часъ
не|не
вѣсте|вѣсте
с҃нъ|с҃нъ
чл҃чъ|чл҃чъ
придеть•|прідеть
ѥмѫже|емѫже
слава|слава
въ|въ
кꙑ|къі
вѣкомъ|вѣкомъ
АМИН|амін
л҃ѕ|л҃з
Ꙍ|о
ЛѢНОСТИ|лѣності
Лѣностъ•|лѣностъ
припрѧжена|пріпрѧжена
ѥстъ|естъ
ꙁьлобѣ•|зьлобѣ
рабѥ|рабе
бо|бо
рече|рече
ꙁълꙑи|зълъіі
и|і
лѣнивꙑи•|лѣнівъіі
г҃ю|г҃ю
ѹбо|оубо
крѣпость|крѣпость
подаваѫштѹ•|подаваѫщоу
и|і
мꙑ|мъі
блгоспѣшиѥ|блгоспѣшіе
покажѣмъ•|покажѣмъ
и|і
отъвръꙁѣмъ|отъвръзѣмъ
отъ|отъ
насъ|насъ
въсѫ|въсѫ
лѣностъ•|лѣностъ
и|і
дѣлателѥ|дѣлателе
бѫдѣмъ•|бѫдѣмъ
истиннааго|істіннааго
винограда•|вінограда
и|і
хранителе|хранітеле
ꙁаповѣдьи|заповѣдьі
г҃нъ•|г҃нъ
ꙗко|ꙗко
сн҃и|сн҃і
присни•|прісні
а|а
не|не
ꙗко|ꙗко
раби|рабі
лѣниви•|лѣніві
ли|лі
ꙗкоже|ꙗкоже
дѣлателе|дѣлателе
наꙗти•|наꙗті
мьнѧштѥ|мьнѧще
сънисканьѥ|сънісканье
сѫштѥ•|сѫще
благовѣриѥ•|благовѣріе
работаѫште|работаѫще
своимъ|своімъ
чрѣвесемъ•|чрѣвесемъ
и|і
благꙑими|благъіімі
словесꙑ|словесъі
прѣльштаѫште|прѣльщаѫще
ср҃ца|ср҃ца
неꙁьлобивъихъ•|незьлобівъіхъ
Не|не
бѹдѣмъ|боудѣмъ
ꙗкоже|ꙗкоже
павлъ|павлъ
речѥ•|рече
лъжѥап҇ⷭли•|лъжеапслі
сребролюбьци•|сребролюбьці
дѣлателе|дѣлателе
льстиви•|льстіві
прѣобраꙁѹѫште|прѣобразоуѫще
сѧ•|сѧ
въ|въ
слѹжителѧ|слоужітелѧ
свѣта•|свѣта
тьма|тьма
сѫште•|сѫще
нъ|нъ
достоинѣ|достоінѣ
ꙁъваньꙗ|зъваньꙗ
и|і
исповѣданиꙗ|ісповѣданіꙗ
нашего|нашего
поживѣмъ•|пожівѣмъ
подобънѣ|подобънѣ
и|і
правьдьнѣ|правьдьнѣ
и|і
благочьстьнѣ|благочьстьнѣ
живѫштѥ•|жівѫще
помꙑшлѧѫште|помъішлѧѫще
добраа•|добраа
не|не
тъчьѫ|тъчьѫ
прѣдь|прѣдь
г҃мъ•|г҃мъ
нъ|нъ
и|і
прѣдь|прѣдь
чл҃кꙑ|чл҃къі
се|се
бо|бо
ѥ|е
правъдьно•|правъдьно
да|да
славимъ|славімъ
бѫдѥть|бѫдеть
б҃ъ|б҃ъ
о|о
вьсѣхъ•|вьсѣхъ
отъвръꙁѣмъ|отъвръзѣмъ
ѹбо|оубо
ѿ|от
нась|нась
лѣнованиѥ•|лѣнованіе
и|і
ꙗко|ꙗко
раби|рабі
вѣръни•|вѣръні
пожидѣмъ|пожідѣмъ
дьне|дьне
пришьствьꙗ|прішьствьꙗ
г҃а|г҃а
нашего•|нашего
въ|въ
ньжѥ|ньже
нб҃са|нб҃са
съвьѫть|съвьѫть
сѧ•|сѧ
и|і
ꙁемлѧ|землѧ
искꙑпить|іскъіпіть
отъ|отъ
вѣка|вѣка
ѹсъпъшаѧ•|оусъпъшаѧ
горꙑ|горъі
и|і
вьсѧ|вьсѧ
сѫша|сѫша
ѹжаснеть|оужаснеть
сѧ|сѧ
ѿ|от
лица|ліца
его•|его
ѥгда|егда
придеть|прідеть
сѫди|сѫді
на|на
облѣцѣхъ•|облѣцѣхъ
тъгда|тъгда
вьсѧ|вьсѧ
трепетъ|трепетъ
прииметь|прііметь
и|і
нб҃сънꙑꙗ|нб҃сънъіꙗ
силꙑ|сілъі
подвижать|подвіжать
сѧ•|сѧ
тѣмьжѥ|тѣмьже
вельиѥ|вельіе
естъ|естъ
ꙁѣло|зѣло
оплъчениѥ|оплъченіе
ѥго•|его
ꙁане|зане
крѣпъка|крѣпъка
дѣла|дѣла
словесъ|словесъ
ѥго•|его
въ|въ
съконьчаниѥ|съконьчаніе
въ|въ
вихъръ|віхъръ
пѫть|пѫть
его•|его
и|і
ѡблакъ|облакъ
прахъ|прахъ
ногѹ|ногоу
его•|его
прѣтѧ|прѣтѧ
морю|морю
и|і
исѹшаѧ|ісоушаѧ
ѥ•|е
придеть|прідеть
бо|бо
г҃ъ|г҃ъ
съ|съ
ꙗростьѫ|ꙗростьѫ
своеѥѫ•|своееѫ
ꙗко|ꙗко
огнъ•|огнъ
и|і
ꙗко|ꙗко
бѹрѧ|боурѧ
орѫжиѥ|орѫжіе
ѥго:|его
и|і
огнь|огнь
прѣдъпоидетъ|прѣдъпоідетъ
прѣдъ|прѣдъ
нимь•|німь
и|і
сѫштеи|сѫщеі
въ|въ
гробѣхъ•|гробѣхъ
ѹслꙑшать|оуслъішать
страшънꙑи|страшънъіі
гласъ|гласъ
ѥго•|его
и|і
иꙁидѹть|ізідоуть
нѥлѣнивии•|нелѣнівіі
въ|въ
благꙑихъ|благъііхъ
дѣлѣхъ•|дѣлѣхъ
въ|въ
жиꙁнъ|жізнъ
вѣчънѹѫ•|вѣчъноуѫ
а|а
лѣнивии|лѣнівіі
и|і
ꙁълии•|зъліі
въ|въ
мѫкѫ|мѫкѫ
вѣчънѫѭ•|вѣчънѫѭ
и|і
ѹꙁърѧтъ|оузърѧтъ
страшъноѥ|страшъное
сѫдиштѥ|сѫдіще
х҃во•|х҃во
идежѥ|ідеже
прѣстоли|прѣстолі
прѣстоꙗть|прѣстоꙗть
на|на
сѫдъ•|сѫдъ
и|і
рѣкоѫ|рѣкоѫ
тѥкꙑ|текъі
огнь|огнь
прѣдъ|прѣдъ
нимь•|німь
и|і
кънигꙑ|кънігъі
раꙁгьбѥнꙑ•|разгьбенъі
идѥже|ідеже
дѣла|дѣла
отъкрꙑѫть|отъкръіѫть
сѧ|сѧ
Тѣмьжѥ|тѣмьже
поминаѭште|помінаѭще
дьнь|дьнь
тъ•|тъ
нѥ|не
бѹдѣмъ|боудѣмъ
лѣниви•|лѣніві
ни|ні
нѥтрѥбиви•|нетребіві
въ|въ
прѣдълежѧштаа|прѣдълежѧщаа
намъ•|намъ
нижѥ|ніже
настоꙗштаа|настоꙗщаа
ꙗко|ꙗко
в¬ѣчь¬наа|вѣчьнаа
вьнемꙗмъ•|вьнемꙗмъ
Оучить|оучіть
жѥ|же
нꙑ|нъі
и|і
притъчъникъ|прітъчънікъ
г҃лѧ•|г҃лѧ
аште|аще
нелѣнъ|нелѣнъ
бѫдеши|бѫдеші
придѥть|прідеть
ꙗко|ꙗко
источъникъ|істочънікъ
жѧтва|жѧтва
твоꙗ•|твоꙗ
а|а
ништета|ніщета
ти|ті
ꙗко|ꙗко
и|і
ꙁълъ|зълъ
мѫжь|мѫжь
отидеть•|отідеть
И|і
па҇ⷦ•|пак
дѣлаꙗи|дѣлаꙗі
своѫ|своѫ
ꙁемлѫ|землѫ
насꙑтить|насъітіть
сѧ|сѧ
хлѣба•|хлѣба
множѧи|множѧі
же|же
праꙁдьньство•|праздьньство
насꙑтитъ|насъітітъ
сѧ|сѧ
ништетꙑ•|ніщетъі
И|і
пакꙑ•|пакъі
въ|въ
лѣностехъ|лѣностехъ
съмѣрить|съмѣріть
сѧ|сѧ
надежда•|надежда
и|і
въ|въ
праꙁнехъ|празнехъ
рѫкѹ|рѫкоу
капѥть|капеть
храмъ•|храмъ
И|і
па҇ⷦ•|пак
ништета|ніщета
мѫжа|мѫжа
съмѣрѧѥть•|съмѣрѧеть
рѫкꙑ|рѫкъі
же|же
въстанивъихъ|въстанівъіхъ
обогаштаѫть•|обогащаѫть
И|і
па҇ⷦ•|пак
бѫди|бѫді
къ|къ
мравии|мравіі
ѡ|о
лѣностиве•|лѣностіве
и|і
бѫди|бѫді
тоѧ|тоѧ
мд҃рѣи•|мд҃рѣі
она|она
бо|бо
тѧжаниѭ|тѧжаніѭ
нѥ|не
сѫштѫ|сѫщѫ
ѥи•|еі
ни•|ні
нѹдѧштааго|ноудѧщааго
имѫшти•|імѫщі
готовить|готовіть
въ|въ
жатвѫ|жатвѫ
пиштѭ•|піщѫ
И|і
па҇ⷦ•|пак
иди|іді
къ|къ
бъчѥлѣ•|бъчелѣ
и|і
ѹвѣждъ|оувѣждъ
ꙗко|ꙗко
тѧжатель|тѧжатель
ѥсть•|есть
тѧжаниѥ|тѧжаніе
жѥ|же
ꙗко|ꙗко
прѣчисто|прѣчісто
творитъ•|творітъ
ѥꙗжѥ|еꙗже
ѹсильꙗ•|оусільꙗ
ц҃ри|ц҃рі
и|і
простии•|простіі
къ|къ
съдравиѫ|съдравіѫ
прилагаѫть•|прілагаѫть
И|і
па҇ⷦ:|пак
доколѣ|доколѣ
лѣностиве|лѣностіве
вьꙁлежиши•|вьзлежіші
къгдажѥ|къгдаже
отъ|отъ
съна|съна
въстанеши•|въстанеші
мало|мало
сьпиши•|сьпіші
мало|мало
же|же
обѥмеши|обемеші
рѫкама|рѫкама
прьси•|прьсі
потомь|потомь
наидѥть|наідеть
тѥбѣ|тебѣ
ѹбожьѥ|оубожье
и|і
ништета•|ніщета
ꙗко|ꙗко
благъ|благъ
теча•|теча
Иеремиѧ|іереміѧ
же|же
рече•|рече
ѹсънѫхомъ|оусънѫхомъ
въ|въ
стѹдѣ|стоудѣ
нашемь•|нашемь
и|і
покрꙑ|покръі
нꙑ|нъі
бечьстиѥ|бечьстіе
нашѥ•|наше
горе•|горе
намъ|намъ
ꙗко|ꙗко
страдаваѥмъ•|страдаваемъ
Гл҃ѥть|гл҃еть
жѥ|же
и|і
инъ•|інъ
камени|камені
проканѹ|проканоу
тъчьнъ|тъчьнъ
ѥстъ|естъ
лѣнивъи•|лѣнівъі
и|і
вьсь|вьсь
поꙁвиждеть|позвіждеть
на|на
нъчъстъѥ|нъчъстъе
ѥго•|его
И|і
па҇ⷦ•|пак
поносимъ|поносімъ
лѣнивꙑи|лѣнівъіі
не|не
стꙑдить|стъідіть
сѧ:|сѧ
лаиномъ|лаіномъ
бо|бо
жидъкомъ|жідъкомъ
тъчьнъ|тъчьнъ
ѥстъ|естъ
лѣнивъи:|лѣнівъі
Отъвръꙁѣмъ|отъвръзѣмъ
ѹбо|оубо
братие|братіе
вьсеѫ|вьсеѫ
силоѭ|сілоѭ
лѣностъ|лѣностъ
и|і
праꙁдьньѥ•|праздьнье
да|да
нѥ|не
црс҃тва|црс҃тва
нб҃снааго|нб҃снааго
лишить|лішіть
нꙑ|нъі
въ|въ
геѥннѫ|гееннѫ
жѥ|же
огнънѫѭ|огнънѫѭ
въвѥдѥть•|въведеть
Послѹшаимь|послоушаімь
ап҃ла|ап҃ла
съвѣтѫѭшта•|съвѣтѫѭща
тъштаниѥмь|тъщаніемь
нелѣниви•|нелѣніві
дх҃мь|дх҃мь
горѧште•|горѧще
г҃ю|г҃ю
работаште•|работаще
И|і
дв҃доваа|дв҃доваа
поѭште•|поѭще
бл҃гнъ|бл҃гнъ
г҃ь|г҃ь
наѹчаѧ|наоучаѧ
рѹцѣ|роуцѣ
мои|моі
на|на
оплъчѥниѥ•|оплъченіе
пръстꙑ|пръстъі
моꙗ|моꙗ
на|на
брань•|брань
Оубоимъ|оубоімъ
сѧ|сѧ
притьча|прітьча
съкрꙑвъшааго|съкръівъшааго
талантъ|талантъ
въ|въ
ꙁемли•|землі
да|да
не|не
ѹслꙑшимъ|оуслъішімъ
отъ|отъ
сп҃са•|сп҃са
рабѥ|рабе
лѣнивъи|лѣнівъі
лѹкавъи•|лоукавъі
и|і
въꙁьмѣте|възьмѣте
отъ|отъ
нѥго|него
талантъ•|талантъ
и|і
нѥтрѣбааго|нетрѣбааго
раба|раба
въвръꙁѣте|въвръзѣте
въ|въ
тьмѹ|тьмоу
кромѣшънѫю•|кромѣшънѫю
тѫ|тѫ
бѫдеть|бѫдеть
плачъ|плачъ
и|і
скръжъть|скръжъть
ꙁѹбъи•|зоубъі
нъ|нъ
паче|паче
потьштимъ|потьщімъ
сѧ|сѧ
ѹслꙑшати•|оуслъішаті
добръи|добръі
рабе•|рабе
блажѥ|блаже
и|і
вѣрънѥ•|вѣръне
надъ|надъ
маломь|маломь
бо|бо
вѣрънъ•|вѣрънъ
надъ|надъ
многомь|многомь
тꙗ|тꙗ
ѹстроѫ•|оустроѫ
въниди|въніді
въ|въ
радостъ|радостъ
г҃а|г҃а
своѥго•|своего
ѥмѫжѥ|емѫже
слава|слава
въ|въ
вѣкꙑ|вѣкъі
вѣкомъ•|вѣкомъ
л҃ꙁ|л҃з
О|о
ТО|то
҇ⷨ|м
ѤЖЕ|еже
НЕ|не
ТИЩАТИ|тіщаті
СѦ|сѧ
СЪ|съ
СЇЛН|сілн
҇ⷪМ⁘|ом
Ст҃ꙑимь|ст҃ъіімь
ѱаниѥмь|псаніемь
кажеми|кажемі
ѥсмъ•|есмъ
ꙗко|ꙗко
не|не
подобьно|подобьно
нъ|нъ
ѥстъ|естъ
съ|съ
могѫштьмъ|могѫщьмъ
тиштати|тіщаті
сѧ•|сѧ
не|не
довъльни|довъльні
бо|бо
ѥсмъ|есмъ
тъчънити|тъчъніті
сѧ|сѧ
съ|съ
бѥтьчьнъимъ•|бетьчьнъімъ
ꙗкоже|ꙗкоже
бо|бо
бестъчьнꙑꙗ|бестъчьнъіꙗ
рꙑбꙑ|ръібъі
лаѫштѥꙗ|лаѫщеꙗ
брашьнѹ|брашьноу
себѣ|себѣ
хѹждьшѧꙗ|хоуждьшѧꙗ
творѧть|творѧть
рꙑбꙑ•|ръібъі
тако|тако
и|і
сильнии|сільніі
ѹдобиꙁнѫ|оудобізнѫ
имѫть|імѫть
обидѣти|обідѣті
немоштьнꙑꙗ•|немощьнъіꙗ
имѫть|імѫть
жѥ|же
и|і
лютостъ|лютостъ
и|і
беꙁмилованиѥ•|безмілованіе
и|і
раꙁграбꙗѫть|разграбꙗѫть
ѹбогꙑѧ|оубогъіѧ
ловитвѫ|ловітвѫ
ꙗ|ꙗ
непьщѫѫть•|непьщѫѫть
не|не
вѣдѧть|вѣдѧть
бо|бо
житиѫ|жітіѫ
бѥꙁвѣстиѧ•|безвѣстіѧ
аште|аще
бо|бо
бѫ|бѫ
вѣдѣли•|вѣдѣлі
то|то
не|не
бꙑша|бъіша
недостатъка|недостатъка
ѹбогꙑихъ|оубогъііхъ
прикладали|прікладалі
на|на
своꙗ|своꙗ
иꙁбꙑваньꙗ•|ізбъіваньꙗ
подвиꙁаѫштѫ|подвізаѫщѫ
сѧ|сѧ
ꙗко|ꙗко
отъврѣшти|отъврѣщі
ꙁаповѣдъ|заповѣдъ
ап҃лѫ|ап҃лѫ
гл҃ѫшта•|гл҃ѫща
Вашъ|вашъ
иꙁбꙑтъкъ|ізбъітъкъ
вь|вь
лишѥние|лішеніе
ништиихъ•|ніщііхъ
Добрѣ|добрѣ
ѹбо|оубо
бж҃ьствъноѥ|бж҃ьствъное
ѱаниѥ|псаніе
велить|веліть
намъ•|намъ
хранити|храніті
сѧ|сѧ
отъ|отъ
таковꙑихь|таковъііхь
рече|рече
бо•|бо
не|не
прилагаи|прілагаі
сѧ|сѧ
ѹбогъ|оубогъ
сꙑ|съі
богатѣѥмь•|богатѣемь
богатꙑи|богатъіі
бо|бо
обидѹ|обідоу
сътвори•|сътворі
и|і
самъ|самъ
припрѣти•|пріпрѣті
ништьи|ніщьі
обидѣнъ|обідѣнъ
бꙑвъ•|бъівъ
и|і
самъ|самъ
примоли|прімолі
сѧ•|сѧ
коѥ|кое
бо|бо
рѥче|рече
причастьѥ|прічастье
гръньцю|гръньцоу
съ|съ
котъломь•|котъломь
тъ|тъ
прираꙁить|пріразіть
сѧ•|сѧ
и|і
съкрѫшить|съкрѫшіть
сѧ•|сѧ
рече|рече
же|же
и|і
притъчьникъ•|прітъчьнікъ
нѥ|не
простираи|простіраі
сѧ|сѧ
ништъ|ніщъ
сꙑ|съі
съ|съ
богатомь•|богатомь
и|і
не|не
ꙗждъ|ꙗждъ
хлѣба|хлѣба
своего|своего
съ|съ
нимь•|німь
иꙁблюеть|ізблюеть
бо|бо
и•|і
и|і
оскврънить|осквръніть
словеса|словеса
твоѧ|твоѧ
добраꙗ•|добраꙗ
И|і
про҇ⷦ•|прок
амосъ|амосъ
речѥ|рече
о|о
нихъ•|ніхъ
бьꙗи|бьꙗі
въ|въ
главꙑ|главъі
ѹбогꙑихъ•|оубогъііхъ
и|і
пѫть|пѫть
съмѣренꙑихъ|съмѣренъііхъ
ѹклонишѧ•|оуклонішѧ
вино|віно
отъ|отъ
клеветꙑ|клеветъі
пьѧахѫ:|пьѧахѫ
Добръи|добръі
жѥ|же
ѹчитель|оучітель
ап҃ль|ап҃ль
коринѳиомъ|корінѳіомъ
пишѧ|пішѧ
гл҃аашѥ•|гл҃ааше
почьто|почьто
не|не
паче|паче
обидими|обідімі
есте•|есте
почьто|почьто
не|не
паче|паче
обидими|обідімі
бꙑваѥте:|бъіваете
нъ|нъ
вꙑ|въі
обїдитѥ|обідіте
и|і
лишаѥтѥ|лішаете
и|і
сѥ|се
братиѫ•|братіѫ
И|і
приводить•|пріводіть
въс¬ь¬мь|въсьмь
срамъ|срамъ
вамъ|вамъ
естъ•|естъ
ꙗко|ꙗко
тѧжѧ|тѧжѧ
имате|імате
съ|съ
собоѫ•|собоѫ
или|ілі
не|не
вѣсте|вѣсте
ꙗко|ꙗко
обидьливии:|обідьлівіі
црс҃тва|црс҃тва
бж҃ьꙗ|бж҃ьꙗ
не|не
наслѣдѧть•|наслѣдѧть
И|і
г҃ъ|г҃ъ
же|же
о|о
кънижъницѣхъ|къніжъніцѣхъ
и|і
фарисеихъ|фарісеіхъ
рече•|рече
съвѧꙁаѫть|съвѧзаѫть
брѣмена|брѣмена
тѧжъка•|тѧжъка
и|і
неѹдобь|неоудобь
носима•|носіма
и|і
въскладаѫть|въскладаѫть
на|на
рама|рама
чл҃чѣ•|чл҃чѣ
а|а
пръстомь|пръстомь
своимь|своімь
не|не
хотѧть|хотѧть
двигнѫти|двігнѫті
ихъ•|іхъ
Нъ|нъ
ижѥ|іже
ѹбо|оубо
братие|братіе
прилѣжьно|прілѣжьно
молимъ|молімъ
сѧ|сѧ
вьсѣхъ|вьсѣхъ
обидьливъихъ|обідьлівъіхъ
иꙁбавити|ізбавіті
нꙑ|нъі
вл҃цѣ|вл҃цѣ
б҃ѹ|б҃оу
нашѥмѹ|нашемоу
ѥмѫже|емѫже
слава|слава
вь|вь
вѣкꙑ|вѣкъі
вѣкомъ|вѣкомъ
АМИН|амін
л҃и|л҃і
⁘О|о
ПРѢСЛОУШ|прѣслоуш
҇ⷶНИИ⁘|аніі
Ꙗкожѥ|ꙗкоже
послѹшаниѥ|послоушаніе
жиꙁнъ:|жізнъ
тако|тако
и|і
прѣслѹшаньѥ|прѣслоушанье
съмръть|съмръть
сътварѧеть•|сътварѧеть
и|і
послѹшаеть|послоушаеть
ми|мі
словеси:|словесі
Пръвъи|пръвъі
рѹкоѫ|роукоѫ
бж҃ьеѫ|бж҃ьеѫ
ꙁъданъи|зъданъі
чл҃къ•|чл҃къ
аште|аще
бо|бо
бꙑ|бъі
не|не
ослѹшалъ|ослоушалъ
ꙁаповѣди|заповѣді
народотворъчꙗ•|народотворъча
не|не
бꙑ|бъі
ѹбо|оубо
лишилъ|лішілъ
сѧ|сѧ
породꙑ|породъі
и|і
дрѣва|дрѣва
жиꙁнънааго•|жізнънааго
иꙁдриновенъ|іздріновенъ
жѥ|же
иꙁ-д-раꙗ|іздраꙗ
бꙑвъ•|бъівъ
съмрътиѫ|съмрътіѫ
осѫди|осѫді
сѧ|сѧ
самъ•|самъ
и|і
ижѥ|іже
отъ|отъ
него|него
вѣчьноѫ•|вѣчьноѫ
слꙑшавъ|слъішавъ
ꙁемлѧ|землѧ
ѥси•|есі
и|і
въ|въ
ꙁемлю|землю
поидеши•|поідеші
И|і
иꙁъ|ізъ
ѥѫпта|еѫпта
же|же
ишедьшеи:|ішедьшеі
ихъже|іхъже
ѹди|оуді
падошѧ|падошѧ
въ|въ
пѹстꙑни•|поустъіні
и|і
не|не
послѹшашѧ|послоушашѧ
гласа|гласа
г҃нꙗ|г҃нꙗ
и|і
въ|въ
ꙁаконѣ|законѣ
его|его
не|не
рачиша|рачіша
ходити•|ходіті
ꙁапрѣти|запрѣті
бо|бо
имъ|імъ
б҃ъ•|б҃ъ
и|і
одъжди|одъжді
имъ|імъ
маньнѹ|маньноу
ꙗсти:|ꙗсті
а|а
не|не
оставлꙗти|оставлꙗті
на|на
ѹтрѣи:|оутрѣі
и|і
прѣслѹшавъшемъ|прѣслоушавъшемъ
и|і
оставьшѥмъ|оставьшемъ
до|до
ѹдра:|оудра
въскꙑпѣ|въскъіпѣ
чръвьми|чръвьмі
и|і
въсмръдѣ|въсмръдѣ
сѧ•|сѧ
ѥжѥ|еже
на|на
бечестие|бечестіе
и|і
ѹкориꙁнѹ|оукорізноу
бꙑ҇ⷭ|бъіс
прѣслѹшавъшиимъ•|прѣслоушавъшіімъ
ꙗко|ꙗко
ослѹшаниемъ|ослоушаніемъ
и|і
самои|самоі
маннѣ•|маннѣ
чръвемъ|чръвемъ
и|і
смрадѹ|смрадоу
бꙑвъши|бъівъші
винѣ•|вінѣ
ꙗвлѧѥтъ|ꙗвлѧетъ
бо|бо
сѧ|сѧ
прѣжде|прѣжде
того•|того
ничесоже|нічесоже
такого|такого
бꙑвъша•|бъівъша
ꙁане|зане
паче|паче
пишти|піщі
анг҃лсцѣ|анг҃лсцѣ
сѫшти:|сѫщі
Ꙗкожѥ|ꙗкоже
рече•|рече
хлѣбъ|хлѣбъ
анг҃скъи|анг҃скъі
ꙗстъ|ꙗстъ
чловѣкъ•|чловѣкъ
И|і
сн҃а|сн҃а
ил҃ева|іл҃ева
офни|офні
и|і
финеес•|фінеес
не|не
послѹшастѥ|послоушасте
гласа|гласа
оц҃а|оц҃а
своѥго•|своего
и|і
сего|сего
ради|раді
г҃ъ•|г҃ъ
самъ|самъ
ѹбо|оубо
и|і
сн҃ꙑ|сн҃ъі
и҃ілевꙑ|і҃ілевъі
погѹби|погоубі
орѹжиѥмь•|ороужіемь
А|а
ковьчегъ|ковьчегъ
въ|въ
рѹкꙑ|роукъі
тѹждеплемѥньникъ|тоуждеплеменьнікъ
прѣдасть•|прѣдасть
ꙗкоже|ꙗкоже
и|і
при|прі
насъ|насъ
бꙑ҇ⷭ|бъіс
люди|люді
ѹбо|оубо
халдѣи|халдѣі
иꙁбиша|ізбіша
орѹжиѥмь•|ороужіемь
посрѣдѣ|посрѣдѣ
иіл҃ма|ііл҃ма
и|і
не|не
бѣаше|бѣаше
погрѣба|погрѣба
ѫштааго•|ѫщааго
А|а
кр҃ть|кр҃ть
вь|вь
асѹриѧ|асоуріѧ
отъсѥли•|отъселі
такожде|такожде
и|і
саѹлъ•|саоулъ
прѣобидѣвъ|прѣобідѣвъ
ꙁаповѣдь|заповѣдь
бж҃ьѭ•|бж҃ьѭ
осѹѥтѣ•|осоуетѣ
и|і
цр҃ства|цр҃ства
испаде•|іспаде
и|і
горъкѹ|горъкоу
съмръть|съмръть
приꙗтъ•|пріꙗтъ
И|і
много|много
плачѧ|плачѧ
о|о
немъ|немъ
про҇ⷦ|прок
самоиль•|самоіль
и|і
б҃а|б҃а
молѧ•|молѧ
ничесоже|нічесоже
ѥмѹ|емоу
ѹспѣ•|оуспѣ
нъ|нъ
послѣждѥ|послѣжде
слꙑша|слъіша
отъ|отъ
про҇ⷦ:|прок
Добро|добро
ѥстъ|естъ
слѹшаниѥ|слоушаніе
паче|паче
жрътвꙑ•|жрътвъі
и|і
послѹшаниѥ|послоушаніе
паче|паче
тѹка|тоука
овьнѧ•|овьнѧ
Се|се
ѹбо|оубо
въ|въ
бж҃ствънѣмь|бж҃ствънѣмь
ѱании•|псаніі
А|а
непослѹшъливъ|непослоушълівъ
ѹченикъ•|оученікъ
ꙗко|ꙗко
и|і
дрѣво|дрѣво
раꙁвраштѥно•|развращено
и|і
не|не
исправить|ісправіть
сѧ|сѧ
обличаемъ|облічаемъ
часто•|часто
и|і
несъгласьнъ|несъгласьнъ
братъ•|братъ
ꙗко|ꙗко
шѫма|шѫма
дꙑханиѥ|дъіханіе
вѣтръно•|вѣтръно
бесъгласиѥмь|бесъгласіемь
врѣждаѥмъ•|врѣждаемъ
объштааго|объщааго
гласа•|гласа
ꙗкожѥ|ꙗкоже
трѹтъ|троутъ
трѹдъ|троудъ
бъчелинъ|бъчелінъ
ꙗстъ•|ꙗстъ
тако|тако
и|і
нѥтрѥбивъи|нетребівъі
братъ•|братъ
прокѹждаѥть|прокоуждаеть
дрѹжинꙑ|дроужінъі
благовольно|благовольно
дѣаниѥ:|дѣаніе
и|і
ꙗкожѥ|ꙗкоже
страшивъ|страшівъ
воинъ|воінъ
рѫкꙑ|рѫкъі
боръцъ|боръцъ
ослабѧѥтъ•|ослабѧетъ
тако|тако
и|і
чрънъцъ|чрънъцъ
лѣнивъ•|лѣнівъ
братиѧ|братіѧ
спѣшъѥ|спѣшъе
слабитъ•|слабітъ
Въꙁбоимъ|възбоімъ
сѧ|сѧ
ѹбо|оубо
братиѥ:|братіе
толиковꙑихъ|толіковъііхъ
притъчъ|прітъчъ
и|і
бѣжимъ|бѣжімъ
гѹбѥниꙗ|гоубеніꙗ
прѣслѹшънааго•|прѣслоушънааго
да|да
не|не
съ|съ
проварьшиими|проварьшіімі
осѫждени|осѫждені
бѫдемъ•|бѫдемъ
каꙗ|каꙗ
бо|бо
льꙁѧ|льзѧ
ѥстъ•|естъ
тѣло|тѣло
дѣвьствьно|дѣвьствьно
съблюдъши•|съблюдъші
а|а
дш҃ѫ|дш҃ѫ
прѣслѹшаниꙗ|прѣслоушаніꙗ
бѣсомъ|бѣсомъ
опрѣлюбодѣати•|опрѣлюбодѣаті
или|ілі
како|како
вѣньчаѥтъ|вѣньчаетъ
сѧ•|сѧ
иже|іже
ласкръдиѫ|ласкръдіѫ
и|і
вьсеи|вьсеі
похоти|похоті
въстѧгнѫвъ•|въстѧгнѫвъ
вѥличаниѫ|велічаніѫ
же|же
и|і
славолюбиѫ|славолюбіѫ
не|не
одолѣвъ•|одолѣвъ
Гл҃еть|гл҃еть
жѥ|же
и|і
притъчъникъ•|прітъчънікъ
сн҃ъ|сн҃ъ
хꙑтръ|хъітръ
послѹшъливъ|послоушълівъ
оц҃ю•|оц҃ю
сн҃ъ|сн҃ъ
же|же
ослѹшъливъ•|ослоушълівъ
въ|въ
погꙑбѣль|погъібѣль
бѫдеть•|бѫдеть
И|і
па҇ⷦ•|пак
понежѥ|понеже
ꙁъвахъ|зъвахъ
и|і
не|не
послѹшасте•|послоушасте
нъ|нъ
отъметьнꙑ|отъметьнъі
творѧасте|творѧасте
моꙗ|моꙗ
съвѣтꙑ•|съвѣтъі
тѣмьже|тѣмьже
ѹбо|оубо
и|і
аꙁъ|азъ
вашеи|вашеі
погꙑбѣли|погъібѣлі
посмѣѫ|посмѣѫ
сѧ•|сѧ
бѫдетъ|бѫдетъ
бо|бо
ѥгда|егда
поꙁовете|позовете
мѧ•|мѧ
аꙁъ|азъ
же|же
не|не
въспослѹшаѫ•|въспослоушаѫ
въꙁиштѫть|възіщѫть
бо|бо
мене|мене
ꙁълии|зъліі
и|і
не|не
обрѧштѫть•|обрѧщѫть
ꙁане|зане
страха|страха
г҃нѧ|г҃нѧ
не|не
иꙁволиша•|ізволіша
тѣмьжѥ|тѣмьже
ѹбо|оубо
сънѣдѧть|сънѣдѧть
своѥго|своего
пѫти|пѫті
плодꙑ•|плодъі
И|і
па҇ⷦ•|пак
не|не
нечьстѹи|нечьстоуі
много•|много
и|і
не|не
бѹди|боуді
жестокъ•|жестокъ
да|да
не|не
ѹмьреши|оумьреші
въ|въ
беꙁгодиѥ|безгодіе
своѥ•|свое
И|і
па҇ⷦ|пак
ѹкланѧи|оукланѧі
ѹхо|оухо
своѥ|свое
не|не
слꙑшати|слъішаті
ꙁаконъ•|законъ
и|і
тъ|тъ
мл҃твѹ|мл҃твоу
своѫ|своѫ
омраꙁить•|омразіть
И|і
инъ•|інъ
оставѧꙗи|оставѧꙗі
хранити|храніті
каꙁание|казаніе
мт҃ръне•|мт҃ръне
поѹчить|пооучіть
сѧ|сѧ
гл҃омъ|гл҃омъ
ꙁъломъ•|зъломъ
И|і
па҇ⷦ•|пак
сѣѧи|сѣѧі
ꙁълоѥ•|зълое
пожънеть|пожънеть
ꙁълоѥ•|зълое
некаꙁанѣѥмь|неказанѣемь
же|же
ѹтъкнеть|оутъкнеть
сѧ|сѧ
съмръть•|съмръть
Гл҃еть|гл҃еть
же|же
и|і
иеремиѧ•|іереміѧ
обратите|обратіте
сѧ|сѧ
кь|кь
мьнѣ|мьнѣ
гл҃еть|гл҃еть
г҃ъ•|г҃ъ
и|і
нѥ|не
бѣ|бѣ
слѹшаѫштааго•|слоушаѫщааго
И|і
ап҃лъ|ап҃лъ
аштѥ|аще
ли|лі
къто|къто
нѥ|не
послѹшаѥть|послоушаеть
васъ•|васъ
посъланиѥмь|посъланіемь
сего|сего
ꙁнаменаитѥ•|знаменаіте
и|і
не|не
примѣшаитѥ|прімѣшаіте
сꙗ|сꙗ
ѥмь|емь
да|да
сѧ|сѧ
срамить•|сраміть
И|і
къ|къ
титѹ|тітоу
речѥ•|рече
сѫть|сѫть
бо|бо
мноꙁи|мнозі
нѥпокориви•|непокоріві
сѹѥсловьцї|соуесловьці
и|і
ѹмольстьци|оумольстьці
ꙗжѥ|ꙗже
подобаѥть|подобаеть
въꙁдръжати•|въздръжаті
И|і
къ|къ
ѥврѣомъ•|еврѣомъ
лишѥ|ліше
жѥ|же
подобаѥть|подобаеть
вънимати|въніматі
намъ|намъ
ѥда|еда
когда|когда
отъпадѥмъ•|отъпадемъ
останѣмъ|останѣмъ
ѹбо|оубо
любии|любіі
съмрътьнꙑꙗ|съмрътьнъіꙗ
сѥ|се
ослѹхꙑ•|ослоухъі
и|і
послѹшъливи|послоушъліві
бѹдѣмъ|боудѣмъ
при|прі
вьсѥмь|вьсемь
дх҃овьнꙑ|дх҃овьнъі
ихъ|іхъ
оц҃ъ|оц҃ъ
нашихъ•|нашіхъ
Да|да
ѹслꙑшимъ|оуслъішімъ
отъ|отъ
г҃а•|г҃а
слѹшаꙗи|слоушаꙗі
васъ•|васъ
мѥнѥ|мене
слѹшаѥть•|слоушаеть
а|а
приемлѧи|пріемлѧі
вꙑ•|въі
мѧ|мѧ
приѥмлеть•|пріемлеть
а|а
мѧ|мѧ
приѥмѧи•|пріемѧі
приѥмлеть|пріемлеть
посълавъшааго|посълавъшааго
мѧ•|мѧ
емѹже|емоуже
слава|слава
въ|въ
вѣкꙑ|вѣкъі
вѣкомь|вѣкомь
АМИН|амін
л҃ѳ|л҃ѳ
Ꙍ|о
КЛЕВЕТАНИИ|клеветаніі
Лютъ|лютъ
естъ|естъ
и|і
клеветьнъ|клеветьнъ
врѣдъ•|врѣдъ
паче|паче
же|же
диꙗволъ•|діꙗволъ
по|по
реченѹмѹ|реченоумоу
о|о
немь|немь
въ|въ
ѱалъмѣхъ•|псалъмѣхъ
съмѣрить|съмѣріть
клеветьника•|клеветьніка
враꙁи|вразі
бо|бо
сѫште|сѫще
и|і
б҃ѹмръꙁъци|б҃оумръзъці
клеветьници•|клеветьніці
съобъштъници|съобъщъніці
и|і
съприснъници•|съпріснъніці
и|і
сънаслѣдъници|сънаслѣдъніці
бꙑваѫть•|бъіваѫть
продавьшиимь|продавьшіімь
и|і
распьнъшиимь|распьнъшіімь
истинѫ•|істінѫ
ѥже|еже
есть|есть
г҃а|г҃а
нашего|нашего
і҃су|і҃су
х҃а•|х҃а
аꙁъ|азъ
бо|бо
есмь|есмь
рече|рече
истина|істіна
и|і
животъ•|жівотъ
Повѥлѣваѥть|повелѣваеть
ѹбо|оубо
и|і
ꙁаконъ|законъ
гл҃ѧ•|гл҃ѧ
не|не
бѹди|боуді
послѹхъ|послоухъ
на|на
вьсѫ|вьсѫ
неправьдѹ|неправьдоу
и|і
съгрѣшениѥ•|съгрѣшеніе
Аште|аще
ѥ|е
съгрѣшилъ•|съгрѣшілъ
прѣдъ|прѣдъ
ѹстꙑ|оустъі
рече|рече
дъвою|дъвою
или|ілі
трии|тріі
послѹсѣхъ|послоусѣхъ
да|да
станеть|станеть
вьсь|вьсь
гл҃ъ•|гл҃ъ
Саѹлъ|саоулъ
же|же
прѣстѹпивъ|прѣстоупівъ
ꙁаповѣдь|заповѣдь
сиѭ•|сіѭ
три|трі
съта|съта
жьръць|жьръць
г҃нъ|г҃нъ
ѹби•|оубі
послѹшьствомь•|послоушьствомь
единого|едіного
клеветьника|клеветьніка
доика|доіка
сурина•|суріна
И|і
па҇ⷦ•|пак
да|да
не|не
оклеветаеть|оклеветаеть
къжъдо|къжъдо
васъ|васъ
искрънѧаго|іскрънѧаго
своего•|своего
и|і
притъчъникъ•|прітъчънікъ
оклеветаваꙗи|оклеветаваꙗі
ѹбогааго•|оубогааго
раꙁдражаеть|раздражаеть
сътворъшааго|сътворъшааго
И|і
приводить•|пріводіть
слава|слава
мѫжѫ|мѫжѫ
отъвраштати|отъвращаті
сѧ|сѧ
клеветꙑ•|клеветъі
вьсъ|вьсъ
же|же
беꙁѹмънъ•|безоумънъ
тѣми|тѣмі
обѧжеть|обѧжеть
сѧ•|сѧ
Дв҃дъ|дв҃дъ
же•|же
мнѣ|мнѣ
же|же
ѹбо|оубо
миръно|міръно
гл҃аахѹ|гл҃аахоу
и|і
на|на
гнѣвъ|гнѣвъ
льсти|льсті
помꙑшлѧахѫ•|помъішлѧахѫ
и|і
молить|моліть
сѧ|сѧ
гонеꙁнѹти|гонезноуті
отъ|отъ
клеветꙑ|клеветъі
чл҃чѧ•|чл҃чѧ
и|і
обѣштаваѥть|обѣщаваеть
сѧ|сѧ
хранити|храніті
ꙁаповѣди|заповѣді
ѥго•|его
И|і
па҇ⷦ|пак
покрꙑи|покръіі
мѧ|мѧ
отъ|отъ
съньма|съньма
ꙁълобивꙑихъ•|зълобівъііхъ
ижѥ|іже
иꙁостриша|ізостріша
ꙗко|ꙗко
орѹжиѥ|ороужіе
ꙗꙁ҃кꙑ|ꙗз҃къі
своѧ•|своѧ
И|і
приводить|пріводіть
блаженъ|блаженъ
мѹжъ|моужъ
ѥмѹже|емоуже
не|не
въмѣнитъ|въмѣнітъ
г҃ъ|г҃ъ
грѣха•|грѣха
нижѥ|ніже
ѥсть|есть
вь|вь
ѹстѣхь|оустѣхь
ѥго|его
льсти•|льсті
И|і
инъ•|інъ
оклеветаꙗи|оклеветаꙗі
ѹбога•|оубога
много|много
творить|творіть
себѣ|себѣ
ꙁъло•|зъло
И|і
притьчьникъ|прітьчьнікъ
рече•|рече
мѫжъствьнъи|мѫжъствьнъі
вь|вь
нечьстии•|нечьстіі
оклеветаваеть|оклеветаваеть
ништаꙗ•|ніщаꙗ
И|і
па҇ⷦ|пак
львъ|львъ
алча•|алча
и|і
влъкъ|влъкъ
жѧждѧ•|жѧждѧ
ижѥ|іже
обидить|обідіть
ништаѧ•|ніщаѧ
сьи|сьі
ꙗꙁ҃къ|ꙗз҃къ
ѹбогъ•|оубогъ
и|і
цр҃ъ|цр҃ъ
скѫдьнъ|скѫдьнъ
ѹрокꙑ•|оурокъі
великъ|велікъ
клеветъникъ•|клеветънікъ
иꙁдрꙑваꙗи|іздръіваꙗі
ꙗмѹ|ꙗмоу
искрънюмѹ•|іскрънюмоу
въпадеть|въпадеть
сѧ|сѧ
въ|въ
нѫ•|нѫ
И|і
еклисиастъ•|еклісіастъ
обратихъ|обратіхъ
сѧ|сѧ
аꙁъ|азъ
и|і
видѣхъ|відѣхъ
вьсѧ|вьсѧ
клеветꙑ|клеветъі
бꙑваѫштаꙗ|бъіваѫщаꙗ
подъ|подъ
сл҃нцемь•|сл҃нцемь
и|і
се|се
слъꙁꙑ|слъзъі
оклеветаѥмꙑихъ•|оклеветаемъііхъ
и|і
нѣсть|нѣсть
ихъ|іхъ
ѹтѣшаѫштааго•|оутѣшаѫщааго
И|і
па҇ⷦ•|пак
клеветание|клеветаніе
въꙁмѫштаеть|възмѫщаеть
мѫдрааго•|мѫдрааго
и|і
погѹбѧеть|погоубѧеть
ср҃це|ср҃це
благородивааго•|благородівааго
г҃ъ|г҃ъ
же|же
сп҃сеть|сп҃сеть
сн҃ꙑ|сн҃ъі
ѹбогꙑхъ|оубогъіхъ
и|і
съмѣрить|съмѣріть
клеветьника:|клеветьніка
Оутвръдимъ|оутвръдімъ
сѧ|сѧ
ѹбо|оубо
сами|самі
братие:|братіе
отъ|отъ
въсѥꙁълꙑꙗ|въсезълъіꙗ
клетꙑ•|клетъі
боꙗште|боꙗще
сѧ|сѧ
горъкꙑѧ|горъкъіѧ
мѫкꙑ|мѫкъі
дѣѫштиихъ|дѣѫщііхъ
ѫ•|ѫ
Отврънъ|отврънъ
же|же
павьловоѥ|павьловое
съ|съ
павьломь|павьломь
въспоимъ•|въспоімъ
оклеветаѥми|оклеветаемі
благословимъ•|благословімъ
гоними|гонімі
ѹдръжимъ|оудръжімъ
сѧ•|сѧ
хѹлими|хоулімі
молимъ|молімъ
сѧ•|сѧ
ꙗко|ꙗко
отрѥби|отребі
бꙑхомъ|бъіхомъ
вьсѣмъ|вьсѣмъ
попьраниѥ•|попьраніе
Не|не
бѫдѣмъ|бѫдѣмъ
осѫждени|осѫждені
съ|съ
врагꙑ|врагъі
хв҃ꙑ|хв҃ъі
иѫдеи•|іѫдеі
ижѥ|іже
пришъдъше|прішъдъше
къ|къ
пилатѹ|пілатоу
на|на
г҃а|г҃а
гл҃аахѹ•|гл҃аахоу
сего|сего
обрѣтохомъ|обрѣтохомъ
раꙁвращающа|развращающа
ꙗꙁ҃кꙑ•|ꙗз҃къі
и|і
бранѧща|бранѧща
кесарѹ|кесароу
даꙗти|даꙗті
дани•|дані
и|і
гл҃ѫшта|гл҃ѫща
себе|себе
маꙁаньна|мазаньна
цр҃ѧ|цр҃ѧ
сѫшта•|сѫща
тъ|тъ
же|же
въсѥ|въсе
ꙗко|ꙗко
агнѧ|агнѧ
неꙁълобиво|незълобіво
тръпѧше:|тръпѧше
емѹже|емоуже
слава|слава
въ|въ
вѣкꙑ|вѣкъі
вѣкомь:|вѣкомь
АМИН|амін
м҃|м҃
Ꙍ|о
ТАТЬБѢ|татьбѣ
Сь|сь
ꙁьлокъꙁнивꙑи|зьлокъзнівъіі
татьбънъи|татьбънъі
бѣсъ•|бѣсъ
пръвое|пръвое
ѹбо|оубо
отъ|отъ
малъихъ|малъіхъ
вештьи|вещьі
начънеть•|начънеть
и|і
постѫпѧ•|постѫпѧ
на|на
велика|веліка
и|і
тлъстаꙗ|тлъстаꙗ
съходить•|съходіть
коежъдо|коежъдо
бо|бо
бꙑваемꙑихъ•|бъіваемъііхъ
отъ|отъ
мала|мала
начънеть•|начънеть
и|і
по|по
части|часті
питаемо•|пітаемо
приеметъ|пріеметъ
въꙁдрастѥниѥ•|въздрастеніе
ꙗко|ꙗко
сѣть|сѣть
ѥстъ|естъ
многоплетѥна|многоплетена
ꙁълобьнаꙗ|зълобьнаꙗ
къꙁнь•|къзнь
обѧꙁавъи|обѧзавъі
сѧ|сѧ
хѹдѣ•|хоудѣ
аште|аще
облѣнить|облѣніть
сѧ•|сѧ
то|то
обьдръжънѣ|обьдръжънѣ
ꙁатѧжеть|затѧжеть
сѧ•|сѧ
хѹда|хоуда
бо|бо
малаꙗ|малаꙗ
речеть•|речеть
ничътоже|нічътоже
сѫть|сѫть
нѣсть|нѣсть
грѣхъ•|грѣхъ
таче|таче
ѹже|оуже
обꙑчаѫ|объічаѫ
дръжаштѫ•|дръжащѫ
Ꙗко|ꙗко
гангрена|гангрена
жиръ|жіръ
обрѧштеть•|обрѧщеть
обꙑчаи|объічаі
бо|бо
рече•|рече
вътороѥ|въторое
естьство•|естьство
и|і
многомь|многомь
трѹдомь|троудомь
къто|къто
свободить|свободіть
сѧ•|сѧ
погосподовань|погосподовань
имь•|імь
аште|аще
беꙁъ|безъ
ослабꙑ|ослабъі
и|і
бе-стѹда|бестоуда
пристѹпить|прістоупіть
къ|къ
вл҃цѣ|вл҃цѣ
х҃ѹ•|х҃оу
мл҃твоѫ|мл҃твоѫ
и|і
постомь|постомь
и|і
милостꙑнеѫ•|мілостъінеѫ
къ|къ
іс҃у|іс҃у
гл҃ѧ•|гл҃ѧ
свободи|свободі
мѧ|мѧ
вл҃ко•|вл҃ко
ꙗко|ꙗко
и|і
сьпропьненааго|сьпропьненааго
ти|ті
раꙁбоиника•|разбоініка
и|і
левьгиѫ|левьгіѫ
и|і
ꙁакъхеа|закъхеа
мꙑтоимьца•|мъітоімьца
подобаеть|подобаеть
же|же
и|і
слъꙁꙑ|слъзъі
принести|прінесті
ѥмѹ•|емоу
ꙗко|ꙗко
слъꙁꙑ•|слъзъі
приемлемꙑ|пріемлемъі
имь|імь
сѫтъ•|сѫтъ
и|і
видѧ|відѧ
б҃ъ|б҃ъ
покаание|покааніе
его•|его
подасть|подасть
ѥмѹ|емоу
добрѹ|доброу
мꙑслъ•|мъіслъ
да|да
не|не
начънеть|начънеть
хотѣти|хотѣті
тѹждиихъ•|тоуждііхъ
Хотѧи|хотѧі
ѹбо|оубо
ꙗкоже|ꙗкоже
рѣхомъ•|рѣхомъ
бѥꙁаконьнааго|безаконьнааго
сего|сего
дѣланиꙗ|дѣланіꙗ
свободѹ|свободоу
ѹлѹчити|оулоучіті
ѹдомъ•|оудомъ
бѥꙁъимѣниѥмь|безъімѣніемь
и|і
малоѣдѥниѥмъ|малоѣденіемъ
и|і
млт҃воѫ•|млт҃воѫ
и|і
грѧдѹштиихъ|грѧдоущііхъ
чааниемь|чааніемь
ѹдобь|оудобь
свободить|свободіть
сѧ•|сѧ
хранѧи|хранѧі
ѹбо|оубо
ꙁаконъ•|законъ
хранимъ|хранімъ
ѥсть|есть
ꙁаконодавьцѥмь|законодавьцемь
хм҃ь•|хм҃ь
Не|не
лѣнимъ|лѣнімъ
сѧ|сѧ
ѹбо|оубо
въꙁлюбениї•|възлюбеніі
въ|въ
скорѣ|скорѣ
иꙁбавити|ізбавіті
сѧ|сѧ
таковааго|таковааго
стѹда•|стоуда
естъ|естъ
бо|бо
врѣдъ|врѣдъ
сь•|сь
бѣдьногонеꙁьнь•|бѣдьногонезьнь
имьже|імьже
радостьнѣ|радостьнѣ
ꙗвлѧеть|ꙗвлѧеть
сѧ|сѧ
татьбꙑ|татьбъі
хотѣти|хотѣті
тѹждиимъ•|тоуждіімъ
и|і
мьнѧ|мьнѧ
сѧ|сѧ
ѹлавлѧти|оулавлѧті
не|не
своꙗа•|своꙗа
Припрѧжена|пріпрѧжена
жѥ|же
ѥсть|есть
татьбѣ|татьбѣ
и|і
лъжа|лъжа
и|і
клевевѥта•|клевевета
рѥче|рече
бо|бо
ꙁаконъ•|законъ
не|не
ѹкради|оукраді
не|не
сълъжи|сълъжі
ни|ні
оклеветаи|оклеветаі
искрънѧаго|іскрънѧаго
своѥго•|своего
Ахарь|ахарь
же|же
прѣстѫпьникъ|прѣстѫпьнікъ
ꙁаконѹ|законоу
и|і
ꙁаповѣди|заповѣді
бꙑвъ•|бъівъ
ѹкрадѥ|оукраде
отъ|отъ
наложениꙗ|наложеніꙗ
ѱелиѫ|пселіѫ
и|і
ꙗꙁ҃къ|ꙗз҃къ
ꙁлатъ•|златъ
и|і
дидрагъма•|дідрагъма
дъвѣ|дъвѣ
сътѣ•|сътѣ
и|і
грѣхъ|грѣхъ
ѥго|его
дѣльма•|дѣльма
людиѥ|людіе
гꙑбнѣахѫ•|гъібнѣахѫ
аште|аще
не|не
бꙑ|бъі
ѹгодьникъ|оугодьнікъ
іс҃ъ|іс҃ъ
въꙁъпилъ|възъпілъ
къ|къ
г҃ю•|г҃ю
и|і
ть|ть
ꙗви|ꙗві
и|і
емѹ•|емоу
и|і
рече|рече
іс҃ъ|іс҃ъ
чъто|чъто
ꙗко|ꙗко
погѹби|погоубі
нꙑ•|нъі
потрѣби|потрѣбі
тѧ|тѧ
г҃ъ•|г҃ъ
и|і
въсприꙗ|въспріꙗ
равьномѣриѥ|равьномѣріе
татьбѣ|татьбѣ
ꙁаконопрѣстѹпениꙗ•|законопрѣстоупеніꙗ
камениемь|каменіемь
бо|бо
побишѧ|побішѧ
и|і
вьси|вьсі
людиѥ|людіе
съ|съ
вьсѣми|вьсѣмі
своими|своімі
его|его
и|і
ѹмрѣшѧ•|оумрѣшѧ
И|і
пр҃ркъ|пр҃ркъ
ꙁахариꙗ|захаріꙗ
о|о
таковꙑихъ|таковъііхъ
рече•|рече
и|і
вънидеть|вънідеть
клѧтва|клѧтва
въ|въ
домъ|домъ
татинъ•|татінъ
и|і
въ|въ
домъ|домъ
ретьничь•|ретьнічь
и|і
витаеть|вітаеть
посрѣдѣ|посрѣдѣ
домѹ|домоу
его•|его
имать|імать
же|же
тать•|тать
и|і
клѧтие|клѧтіе
съпомагаѫште•|съпомагаѫще
тѣмьже|тѣмьже
вьсѧ|вьсѧ
татьба|татьба
проклѧта•|проклѧта
Притьчьникъ|прітьчьнікъ
же•|же
на|на
пѫти|пѫті
нечьстивꙑихъ|нечьстівъііхъ
не|не
наиди•|наіді
ѹклони|оуклоні
сѧ|сѧ
отъ|отъ
нихъ|ніхъ
и|і
кромѣ|кромѣ
иди•|іді
нечьстие|нечьстіе
бо|бо
естъ•|естъ
еже|еже
тѹждаꙗ|тоуждаꙗ
своꙗ|своꙗ
творити•|творіті
И|і
приводить:|пріводіть
аште|аще
бо|бо
бꙑша|бъіша
ходили|ходілі
стьꙁѧми|стьзѧмі
благꙑими•|благъіімі
обрѣли|обрѣлі
бꙑшѧ|бъішѧ
пѫть|пѫть
правьдꙑ•|правьдъі
И|і
павлъ|павлъ
ѹча|оуча
рече•|рече
не|не
дадите|дадіте
мѣста|мѣста
неприꙗꙁни•|непріꙗзні
крадꙑи•|крадъіі
къ|къ
томѹ|томоу
да|да
не|не
крадеть•|крадеть
паче|паче
жѥ|же
да|да
трѹждаеть|троуждаеть
сѧ|сѧ
дѣлаꙗ|дѣлаꙗ
рѹкама|роукама
своима|своіма
благое•|благое
да|да
имать|імать
подаѧти|подаѧті
неимѹштюмѹ•|неімоущоумоу
И|і
па҇ⷦ•|пак
поꙁна|позна
г҃ъ|г҃ъ
сѫщаꙗ|сѫщаꙗ
его•|его
и|і
да|да
отъстѹпитъ|отъстоупітъ
неправьдꙑ|неправьдъі
вьсь|вьсь
именѹѧ|іменоуѧ
имѧ|імѧ
гн҃е•|гн҃е
И|і
приносить•|пріносіть
аште|аще
ѹбо|оубо
къто|къто
оцѣстить|оцѣстіть
сѧ|сѧ
отъ|отъ
сихъ•|сіхъ
бѫдеть|бѫдеть
съсѫдъ|съсѫдъ
въ|въ
чьсть|чьсть
сш҃тенъ•|сш҃тенъ
И|і
присꙑлаеть|прісъілаеть
къ|къ
титѹ•|тітоу
рабомъ|рабомъ
своимъ|своімъ
г҃мъ|г҃мъ
покарѧти|покарѧті
сѧ•|сѧ
о|о
вьсемь|вьсемь
ѹгодьникомъ|оугодьнікомъ
бꙑти•|бъіті
не|не
прѣког҃лѫште•|прѣког҃лѫще
не|не
крадѹште•|крадоуще
нъ|нъ
вьсѫ|вьсѫ
вѣрѫ|вѣрѫ
ꙗвлѧѫште|ꙗвлѧѫще
благѫ•|благѫ
аште|аще
бо|бо
отъ|отъ
своего|своего
ѹкрадъшаꙗ•|оукрадъшаꙗ
такѹ|такоу
съмрътъ|съмрътъ
приꙗста•|пріꙗста
ананиꙗ|ананіꙗ
и|і
сапфира•|сапфіра
ꙗже|ꙗже
въ|въ
дѣаниихъ|дѣанііхъ
мѣнѫ•|мѣнѫ
кольми|кольмі
пачѥ|паче
иже|іже
отъ|отъ
тѹждиихъ•|тоуждііхъ
татьба|татьба
бо•|бо
обраꙁъ|образъ
ѥстъ|естъ
отъстѹпити|отъстоупіті
отъ|отъ
истинꙑ•|істінъі
паче|паче
жѥ|же
виновьно•|віновьно
вл҃дча|вл҃дча
прѣданиꙗ•|прѣданіꙗ
ѱано|псано
бо|бо
естъ|естъ
вꙑ-иоанньсцѣмь|въііоанньсцѣмь
евангельи•|евангельі
г҃ла|г҃ла
же|же
ѥдинъ|едінъ
ѹченикъ|оученікъ
его•|его
иѫда|іѫда
симонъ•|сімонъ
искариотѣнинъ•|іскаріотѣнінъ
чесо|чесо
ради|раді
муро|муро
сѥ|се
не|не
продано|продано
бꙑ҇ⷭ|бъіс
на|на
тръхъ|тръхъ
сътѣхъ|сътѣхъ
пѣнѧꙁъ|пѣнѧзъ
и|і
дано|дано
ништиимъ•|ніщіімъ
се|се
же|же
рече•|рече
не|не
ꙗко|ꙗко
о|о
ништиихъ|ніщііхъ
печааше|печааше
сѧ•|сѧ
нъ|нъ
ꙗко|ꙗко
тать|тать
бѣ•|бѣ
и|і
ковьчежьць|ковьчежьць
имꙑ•|імъі
и|і
въмѣтаемаа|въмѣтаемаа
ношааше•|ношааше
Г҃ъ|г҃ъ
же|же
длъготръпънѣ|длъготръпънѣ
вьсѥ|вьсе
тръпѣаше|тръпѣаше
емѹже|емоуже
слава|слава
въ|въ
вѣкꙑ|вѣкъі
вѣкомь|вѣкомь
АМИН|амін
м҃а|м҃а
Ꙍ|о
ЛЪЖИ|лъжі
Лъжа•|лъжа
бъхъма|бъхъма
отъречена|отъречена
есть|есть
кръстьꙗномъ•|кръстьꙗномъ
ꙗкоже|ꙗкоже
бо|бо
истинословьць•|істінословьць
рабъ|рабъ
ѥсть|есть
истиннѹмѹ|істінноумоу
словѹ•|словоу
тако|тако
и|і
лъжѥсловьць•|лъжесловьць
лъжѥсловесивѹмѹ•|лъжесловесівоумоу
паче|паче
же|же
оц҃ю|оц҃ю
лъжи•|лъжі
имьже|імьже
бо|бо
къто|къто
одолѣваемъ|одолѣваемъ
есть•|есть
томѹ|томоу
и|і
работьнъ|работьнъ
е•|е
боле|боле
бо|бо
инѣхъ|інѣхъ
страстьи|страстьі
чюемъ|чоуемъ
ꙗко|ꙗко
грѣхъ|грѣхъ
есть•|есть
а|а
лъжа|лъжа
отъ|отъ
воньства•|воньства
никътожѥ|нікътоже
ꙗко|ꙗко
люто|люто
и|і
гѹбительно|гоубітельно
ѥсть•|есть
Ꙁѣло|зѣло
же|же
ст҃ꙑими|ст҃ъіімі
кънигами|кънігамі
отъречено|отъречено
ѥсть•|есть
ꙗко|ꙗко
люште|люще
вьсѣхъ|вьсѣхъ
врѣдовъ•|врѣдовъ
Ꙗкоже|ꙗкоже
бо|бо
ѹста|оуста
нелъживааго:|нелъжівааго
сш҃таѫть|сш҃таѫть
сѧ|сѧ
отъ|отъ
истинꙑ•|істінъі
Аꙁъ|азъ
бо|бо
ѥсмь|есмь
истина|істіна
рече|рече
г҃ъ•|г҃ъ
тако|тако
оскврънѧеть|оскврънѧеть
сѧ|сѧ
лъжꙗ|лъжа
и|і
отъ|отъ
о҃ца|о҃ца
своѥго|своего
диꙗвола•|діꙗвола
лъжа|лъжа
бо|бо
отъ|отъ
неприꙗꙁни|непріꙗзні
естъ•|естъ
ꙗкоже|ꙗкоже
г҃ъ|г҃ъ
ꙗвѣ|ꙗвѣ
ѹчить•|оучіть
любѧи|любѧі
ѹбо|оубо
истинѫ•|істінѫ
ꙗвѣ|ꙗвѣ
ѧко|ѧко
г҃а|г҃а
любить•|любіть
Пръвоѥ|пръвое
ꙁаконъ|законъ
повелѣваѥть•|повелѣваеть
нѥ|не
лъжѥсъвѣдѣтелюи|лъжесъвѣдѣтелюі
на|на
искрънѧаго|іскрънѧаго
своего|своего
съвѣдѣтельства|съвѣдѣтельства
лъжа•|лъжа
отъ|отъ
вьсѥго|вьсего
г҃ла|г҃ла
неправьдьна|неправьдьна
отъстѹпи•|отъстоупі
И|і
прѣмѹдрость•|прѣмоудрость
ѹста|оуста
облꙑгаѭшта|облъігаѭща
погѹбѧть|погоубѧть
д҃шѹ:|д҃шоу
И|і
па҇ⷦ•|пак
не|не
ори|орі
лъжѧ|лъжѧ
на|на
брата|брата
своѥго•|своего
и|і
не|не
въсхотѣи|въсхотѣі
лъгати|лъгаті
вьсеꙗ|вьсеꙗ
лъжа•|лъжа
воиньство|воіньство
бо|бо
ѥѧ|еѧ
не|не
на|на
благо•|благо
И|і
па҇ⷦ:|пак
раждиꙁаеть|раждізаеть
лъжѹ|лъжоу
съвѣдѣтель|съвѣдѣтель
неправьдьнъ•|неправьдьнъ
и|і
насꙑлаѥть|насъілаеть
сѫдꙑ|сѫдъі
посрѣдѣ|посрѣдѣ
братиꙗ:|братіꙗ
Исаиꙗ|ісаіꙗ
же|же
о|о
приснолъживꙑихъ|пріснолъжівъііхъ
людехъ|людехъ
сице|сіце
рече•|рече
ѹкориꙁноѫ|оукорізноѫ
ѹстенноѫ:|оустенноѫ
и|і
ꙗꙁ҃комь|ꙗз҃комь
дрѹгꙑимь•|дроугъіімь
И|і
па҇ⷦ•|пак
и|і
положихомъ|положіхомъ
лъжѫ|лъжѫ
ѹпъвание|оупъваніе
нашѥ•|наше
и|і
лъжеѫ|лъжеѫ
покрꙑѥмъ|покръіемъ
сѧ•|сѧ
И|і
иеремиꙗ•|іереміꙗ
ꙗко|ꙗко
лъжа|лъжа
а|а
не|не
вѣра|вѣра
прѣможе|прѣможе
на|на
ꙁемли•|землі
Дв҃дъ|дв҃дъ
же•|же
с҃нове|с҃нове
тѹжди|тоужді
сълъгаша|сълъгаша
ми•|мі
сн҃ове|сн҃ове
тѹжди|тоужді
обетьшашѧ•|обетьшашѧ
и|і
охръмѫ|охръмѫ
отъ|отъ
стъꙁъ|стъзъ
своихъ•|своіхъ
кромѣ|кромѣ
бо|бо
сѫште|сѫще
истинꙑ•|істінъі
храмѹть|храмоуть
съвраштъше|съвращъше
сѧ•|сѧ
правааго|правааго
пѫти•|пѫті
сирѣчъ|сірѣчъ
отъ|отъ
г҃а•|г҃а
аꙁъ|азъ
бо|бо
ѥсмь|есмь
пѫть|пѫть
и|і
истина|істіна
и|і
животъ|жівотъ
рече|рече
г҃ъ•|г҃ъ
и|і
враꙁи|вразі
Гн҃и|гн҃і
сълъгашѧ|сълъгашѧ
емѹ•|емоу
и|і
сего|сего
ради|раді
въꙁненавидѣ|възненавідѣ
всѧ|всѧ
творѧштаꙗ|творѧщаꙗ
беꙁаконие•|безаконіе
и|і
погѹбѧѥть|погоубѧеть
всѧ|всѧ
гл҃ѫштѧꙗ|гл҃ѫщѧꙗ
лъжѫ•|лъжѫ
ꙗко|ꙗко
сълъга|сълъга
неправьда|неправьда
себѣ•|себѣ
ѹстьнꙑ|оустьнъі
бо|бо
льстивꙑ|льстівъі
въ|въ
ср҃ци|ср҃ці
г҃люшта|г҃люща
лъжѫ•|лъжѫ
Прм҃дрꙑи|прм҃дръіі
же|же
соломонъ•|соломонъ
дъвоѥго|дъвоего
прошѹ|прошоу
рече|рече
къ|къ
б҃ѹ|б҃оу
ѹ|оу
тебе•|тебе
не|не
отъими|отъімі
отъ|отъ
мене|мене
благодѣти|благодѣті
прѣжде|прѣжде
ѹмрътиꙗ|оумрътіꙗ
ми•|мі
сѹетьно|соуетьно
слово|слово
и|і
лъже•|лъже
далече|далече
мене|мене
сътвори•|сътворі
мръꙁость|мръзость
бо|бо
г҃ю|г҃ю
ѹстьнꙑ|оустьнъі
лъживꙑ•|лъжівъі
творѧи|творѧі
же|же
вѣрꙑ•|вѣръі
приѧтъ|пріѧтъ
имь•|імь
А|а
иже|іже
ѹтвръждаеть|оутвръждаеть
сѧ|сѧ
на|на
лъжахъ•|лъжахъ
сп҃сеть|сп҃сеть
вѣтрꙑ•|вѣтръі
лъживъ|лъжівъ
бо|бо
ꙗꙁ҃къ•|ꙗз҃къ
ненавидить|ненавідіть
истинꙑ•|істінъі
И|і
па҇ⷦ•|пак
не|не
бѹди|боуді
лъжъ|лъжъ
послѹхъ|послоухъ
на|на
свои|своі
гражданинъ•|гражданінъ
сирѣчъ|сірѣчъ
на|на
свои|своі
ѥдиновѣрьникъ•|едіновѣрьнікъ
ни|ні
шири|шірі
сѧ|сѧ
своима|своіма
ѹстьнама•|оустьнама
И|і
инъ|інъ
порокъ|порокъ
ꙁълъ|зълъ
чл҃кѹ|чл҃коу
лъжа•|лъжа
вѣрьнъ|вѣрьнъ
же|же
послѹхъ|послоухъ
не|не
льжеть•|льжеть
И|і
па҇ⷦ•|пак
неꙁълобивъи|незълобівъі
вѣрѹеть|вѣроуеть
вьсемѹ|вьсемоу
словеси•|словесі
вьседѣи|вьседѣі
же|же
приходить|пріходіть
въ|въ
покаание•|покааніе
И|і
па҇ⷦ•|пак
не|не
ключите|ключіте
сѧ|сѧ
ѹстьнѣ|оустьнѣ
беꙁѹмью|безоумью
вѣрънѣ•|вѣрънѣ
ни|ні
правьдьникѹ|правьдьнікоу
ѹстьнѣ|оустьнѣ
лъживѣ•|лъжівѣ
И|і
приводить•|пріводіть
ѹне|оуне
есть|есть
тать•|тать
неже|неже
лъжаи|лъжаі
въинѭ•|въінѭ
Ап҃лъ|ап҃лъ
же|же
павлъ•|павлъ
не|не
лъжите|лъжіте
дрѹгъ|дроугъ
дрѹгѹ•|дроугоу
нъ|нъ
отъложъше|отъложъше
лъжѫ|лъжѫ
гл҃ѣте|гл҃ѣте
же|же
истинѫ|істінѫ
къжъдо|къжъдо
къ|къ
искрьнюмѹ|іскрьнюмоу
своемѹ•|своемоу
и|і
въ|въ
дѣаниихъ|дѣанііхъ
петръ•|петръ
ананиꙗ|ананіꙗ
почъто|почъто
рече|рече
наплъни|наплъні
сотона|сотона
ср҃це|ср҃це
твое|твое
сълъгати|сълъгаті
д҃хѹ|д҃хоу
ст҃ѹмѹ|ст҃оумоу
и|і
ѹтаити|оутаіті
отъ|отъ
цѣнꙑ|цѣнъі
села•|села
И|і
приводить•|пріводіть
не|не
сълъга|сълъга
чл҃кмъ|чл҃кмъ
нъ|нъ
б҃ѹ•|б҃оу
И|і
иꙗковъ•|іꙗковъ
ꙁане|зане
ꙁавистъ|завістъ
горъкѹ|горъкоу
иматѥ|імате
въ|въ
ср҃дцихъ|ср҃дціхъ
вашихъ•|вашіхъ
ни|ні
хвалите|хваліте
сѧ|сѧ
и|і
не|не
лъжите|лъжіте
на|на
истинѹ•|істіноу
Г҃ъ|г҃ъ
же|же
о|о
антихръстѣ|антіхръстѣ
егда|егда
гл҃еть|гл҃еть
рече|рече
лъжѫ•|лъжѫ
отъ|отъ
своихъ|своіхъ
г҃леть•|г҃леть
ꙁане|зане
лъжъ|лъжъ
есть|есть
ꙗкоже|ꙗкоже
оц҃ь|оц҃ь
его•|его
слꙑшавъше|слъішавъше
ѹбо|оубо
въꙁлюбении•|възлюбеніі
ꙁълъи|зълъі
порокъ|порокъ
диѧволѧ|діѧволѧ
лъжѧ•|лъжѧ
вьсѣмь|вьсѣмь
тьштаниемь|тьщаніемь
бѣжимъ|бѣжімъ
отъ|отъ
него•|него
и|і
притьцѣмъ|прітьцѣмъ
къ|къ
истинѣ•|істінѣ
ѥже|еже
есть|есть
х҃ъ|х҃ъ
истиньнꙑи|істіньнъіі
намъ|намъ
б҃ъ|б҃ъ
емѹже|емоуже
слава|слава
въ|въ
вѣкꙑ|вѣкъі
вѣкомъ|вѣкомъ
АМИН|амін
м҃в|м҃в
Ꙍ|о
ТЪЩЕСЛАВИИ|тъщеславіі
РЕКЪШЕ|рекъше
Ꙍ|о
ВЕЛИЧАНИИ|велічаніі
Тъштеславьнъи|тъщеславьнъі
ꙗвѧѥть•|ꙗвѧеть
ꙗко|ꙗко
прилежить|прілежіть
б҃омръꙁъцѣи|б҃омръзъцѣі
славѣ•|славѣ
въ|въ
сластъ|сластъ
бо|бо
ловить|ловіть
похваленьи|похваленьі
чл҃чи•|чл҃чі
и|і
тѣми|тѣмі
сꙑтить|съітіть
сѧ|сѧ
паче|паче
множъства|множъства
брашьннааго•|брашьннааго
таковꙑи•|таковъіі
и|і
ꙗко|ꙗко
чл҃коѹгодьникъ|чл҃кооугодьнікъ
осѫждѥнъ|осѫжденъ
бѹдеть•|боудеть
имьжѥ|імьже
любить|любіть
славѫ|славѫ
чл҃чѫ|чл҃чѫ
пачѥ|паче
славꙑ|славъі
бж҃ьѧ•|бж҃ьѧ
По|по
благовѣстьникѹ|благовѣстьнікоу
иоаннѹ•|іоанноу
нъ|нъ
ꙗкожѥ|ꙗкоже
ꙁа|за
скрьби|скрьбі
благаа|благаа
чл҃комъ|чл҃комъ
ѹготовашѧ|оуготовашѧ
сѧ•|сѧ
тако|тако
и|і
ꙁълаа|зълаа
ꙁа|за
тъштеславиѥ|тъщеславіе
сласть•|сласть
корень|корень
бо|бо
срамьнꙑꙗ|срамьнъіꙗ
похоти•|похоті
чл҃вча|чл҃вча
хвала|хвала
есть•|есть
не|не
и|і
егда|егда
слꙑшимъ|слъішімъ
нъ|нъ
и|і
ѥгда|егда
приѥмлемъ|пріемлемъ
сластьнѣ•|сластьнѣ
величаниѥ|велічаніе
бо|бо
и|і
сласть•|сласть
вина|віна
ѥсть|есть
вьсеи|вьсеі
ꙁьли•|зьлі
Врѣдъ|врѣдъ
сь|сь
тьштеславиꙗ•|тьщеславіꙗ
ꙁѣло|зѣло
многоꙁрачънъ|многозрачънъ
есть|есть
а|а
не|не
тьнъкъ•|тьнъкъ
и|і
не|не
въ|въ
скорѣ•|скорѣ
ні|ні
самѣмъ|самѣмъ
напастьнѹѥмꙑимъ|напастьноуемъіімъ
постиꙁаѥмъ•|постізаемъ
при|прі
инѣхъ|інѣхъ
бо|бо
врѣдѣхъ•|врѣдѣхъ
прилоꙁі|прілозі
ꙗвѣ|ꙗвѣ
лѹчаѫть|лоучаѫть
сѧ•|сѧ
и|і
д҃ша|д҃ша
ѹдобь|оудобь
поꙁнаваѥть|познаваеть
сѫштѫю|сѫщѫю
къ|къ
нимъ|німъ
брань•|брань
и|і
мольбоѫ|мольбоѫ
въꙁдражаѥть|въздражаеть
ѫ•|ѫ
а|а
тъштеславьнаꙗ|тъщеславьнаꙗ
ꙁъль•|зъль
ꙗко|ꙗко
сѫшти|сѫщі
раꙁличьна•|разлічьна
жестопобѣдьна|жестопобѣдьна
бꙑваѥть•|бъіваеть
въ|въ
вьсе|вьсе
бо|бо
начинаниѥ|начінаніе
пристаѥть•|прістаеть
въ|въ
обраꙁѣ|образѣ
жѥ|же
и|і
ꙁрацѣ•|зрацѣ
и|і
въ|въ
хождении|хожденіі
и|і
гласѣ•|гласѣ
и|і
въ|въ
словѣ•|словѣ
и|і
млъчании•|млъчаніі
и|і
въ|въ
дѣлѣ•|дѣлѣ
и|і
въ|въ
бъдѣнии•|бъдѣніі
и|і
въ|въ
пощении•|пощеніі
и|і
въ|въ
мольбѣ•|мольбѣ
и|і
въ|въ
чьтеньи•|чьтеньі
и|і
въ|въ
беꙁмлъвьи•|безмлъвьі
и|і
въ|въ
длъготръпьи•|длъготръпьі
сими|сімі
вьсѣми•|вьсѣмі
начънеть|начънеть
бж҃ьꙗаго|бж҃ьꙗаго
чл҃ка|чл҃ка
състрѣлѧти•|състрѣлѧті
егда|егда
бо|бо
не|не
въꙁможѥть|възможеть
многоцѣннꙑ|многоцѣннъі
одѣньи•|одѣньі
и|і
къ|къ
тъштеславиѫ|тъщеславіѫ
прѣльстити•|прѣльстіті
хѹдꙑими|хоудъіімі
начьнѥть|начьнеть
окѹшати|окоушаті
и|і
ѥгоже|егоже
нѥ|не
въꙁможе|възможе
чьстиѫ|чьстіѫ
въꙁѧти•|възѧті
сего|сего
трьпѣниѥмь|трьпѣніемь
бечьстиꙗ|бечьстіꙗ
въ|въ
беꙁѹмие|безоуміе
вьꙁеметь•|вьземеть
и|і
егожѥ|егоже
не|не
можѥ|може
ѹвѣштати|оувѣщаті
хꙑтрости|хъітрості
словесъ|словесъ
величати|велічаті
сѧ:|сѧ
сего|сего
млъчаниемь|млъчаніемь
ꙗко|ꙗко
млъчалива|млъчаліва
рекѹште|рекоуще
обльштаѥть•|обльщаеть
и|і
ѥгоже|егоже
многꙑими|многъіімі
брашьнꙑ|брашьнъі
ослабити•|ослабіті
сего|сего
поштениемь|пощеніемь
къ|къ
хвалѣ|хвалѣ
раслабить•|раслабіть
и|і
просто|просто
вьсе|вьсе
начинание|начінаніе
винѹ|віноу
даеть|даеть
брани|брані
лѹкавѹмѹ|лоукавоумоу
семѹ|семоу
бѣсѹ•|бѣсоу
Прочее|прочее
же|же
обрѧштеть|обрѧщеть
сѧ|сѧ
величавъи|велічавъі
чръньць•|чръньць
ꙗко|ꙗко
дѣлатель|дѣлатель
беꙁ|без
мъꙁдꙑ•|мъздъі
трѹдꙑ|троудъі
бо|бо
подаꙗ|подаꙗ
и|і
мьꙁдꙑ|мьздъі
не|не
въꙁѧ•|възѧ
величание|велічаніе
бо•|бо
погѫблѧеть|погѫблѧеть
мьꙁдꙑ|мьздъі
добрꙑихъ|добръііхъ
дѣтѣльи•|дѣтѣльі
И|і
ꙗкоже|ꙗкоже
каменно|каменно
връжение|връженіе
не|не
доидеть|доідеть
нб҃се•|нб҃се
тако|тако
и|і
мл҃тва|мл҃тва
чл҃коѹгодьнича|чл҃кооугодьніча
не|не
въꙁидетъ|възідетъ
къ|къ
б҃ѹ•|б҃оу
мѫдръи|мѫдръі
мѫжъ|мѫжъ
таить|таіть
съкровиште|съкровіще
и|і
добродѣтѣльнѫѭ|добродѣтѣльнѫѭ
болѣꙁнь•|болѣзнь
раꙁѹмичьнъ|разоумічьнъ
чръньцъ•|чръньцъ
бъчелѣ|бъчелѣ
подобить|подобіть
сѧ•|сѧ
иꙁвьнѹ|ізвьноу
носѧ|носѧ
цвѣтꙑ•|цвѣтъі
а|а
вънѹтрь|въноутрь
сътꙑ|сътъі
дѣлаꙗ•|дѣлаꙗ
не|не
продаждь|продаждь
словесъ|словесъ
своихъ|своіхъ
славѣ|славѣ
члв҃чи•|члв҃чі
ни|ні
бѹдѹштаꙗ|боудоущаꙗ
славꙑ|славъі
прѣдаждъ|прѣдаждъ
хѹдꙑꙗ|хоудъіꙗ
дѣлѧ|дѣлѧ
похвалꙑ•|похвалъі
слава|слава
бо|бо
чл҃ча|чл҃ча
въ|въ
пръсть|пръсть
въселить|въселіть
сѧ•|сѧ
и|і
слѹтие|слоутіе
ѥꙗ|еꙗ
ѹгасаѥть•|оугасаеть
добродѣтельнаꙗ|добродѣтельнаꙗ
же|же
слава|слава
прѣбꙑваѥть|прѣбъіваеть
въ|въ
вѣкъ•|вѣкъ
Мꙑ|мъі
ѹбо|оубо
любимици|любіміці
не|не
дадимъ|дадімъ
мѣста|мѣста
ꙗко|ꙗко
врѣдѹ|врѣдоу
семѹ|семоу
обладати|обладаті
нами•|намі
боꙗште|боꙗще
сѧ|сѧ
гл҃ѫштааго•|гл҃ѫщааго
б҃ъ|б҃ъ
расꙑпа|расъіпа
кости|кості
чл҃коѹгодьникъ•|чл҃кооугодьнікъ
Послѣдѹѫште|послѣдоуѫще
же|же
паче|паче
ап҃лскѹ|ап҃лскоу
словѹ•|словоу
ръцѣмъ|ръцѣмъ
чистиноѫ•|чістіноѫ
нꙑнѣ|нъінѣ
бо|бо
чл҃кꙑ|чл҃къі
прѣпираю•|прѣпіраю
или|ілі
б҃а•|б҃а
или|ілі
иштѫ|іщѫ
чл҃комъ|чл҃комъ
ѹгаждати•|оугаждаті
аще|аще
бо|бо
и|і
ѥдиначе|едіначе
бꙑмь|бъімь
бꙑлъ•|бъілъ
И|і
па҇ⷦ•|пак
тако|тако
гл҃емъ•|гл҃емъ
не|не
ꙗко|ꙗко
чл҃комъ|чл҃комъ
ѹгаждаѫште•|оугаждаѫще
нъ|нъ
б҃ѹ|б҃оу
искѹшаѫштѹмѹ|іскоушаѫщоумоу
ср҃ца|ср҃ца
наша•|наша
ни|ні
бо|бо
къгда|къгда
рече•|рече
въ|въ
словеси|словесі
ласканиꙗ|ласканіꙗ
бꙑхомъ|бъіхомъ
къ|къ
вамъ|вамъ
ꙗкоже|ꙗкоже
вѣсте•|вѣсте
ни|ні
винѣ|вінѣ
лихоиманиꙗ•|ліхоіманіꙗ
б҃ъ|б҃ъ
съвѣдѣтель•|съвѣдѣтель
ни|ні
иштѫште|іщѫще
отъ|отъ
чл҃къ|чл҃къ
славꙑ•|славъі
не|не
съставѧꙗи|съставѧꙗі
бо|бо
себе•|себе
самъ|самъ
тъ|тъ
есть|есть
искѹшенъ|іскоушенъ
нъ|нъ
ѥгоже|егоже
б҃ъ|б҃ъ
съставилъ•|съставілъ
Ꙗкоже|ꙗкоже
рече|рече
блаженаꙗ|блаженаꙗ
анна|анна
самоилѧ|самоілѧ
мати•|маті
да|да
не|не
хвалить|хваліть
сѧ|сѧ
мѹдрꙑи|моудръіі
мѫдростиѫ|мѫдростіѫ
своѥѫ•|своеѫ
и|і
сильнꙑи|сільнъіі
силою|сілою
своѥѫ|своеѫ
и|і
богатꙑ|богатъі
и|і
богатьствомь|богатьствомь
своимь•|своімь
нъ|нъ
ѥже|еже
раꙁѹмѣвати|разоумѣваті
и|і
творити|творіті
сѫдъ|сѫдъ
и|і
правьдѹ•|правьдоу
Цр҃ъ|цр҃ъ
же|же
еꙁекиа|езекіа
славꙑ|славъі
чл҃ча|чл҃ча
ловѧ|ловѧ
и|і
обрадованиемь|обрадованіемь
дръжимъ•|дръжімъ
покаꙁа|показа
халъдѣемъ|халъдѣемъ
богатьство|богатьство
своѥ•|свое
И|і
посъла|посъла
г҃ъ|г҃ъ
исаиѫ|ісаіѫ
гл҃ѧ|гл҃ѧ
къ|къ
немѹ:|немоу
сѥ|се
дьньѥ|дьнье
придѹть•|прідоуть
и|і
въꙁѧто|възѧто
бѫдеть|бѫдеть
вьсе|вьсе
ѥже|еже
видѣшѧ•|відѣшѧ
въ|въ
вавулонъ•|вавулонъ
ꙗкоже|ꙗкоже
и|і
при|прі
насъ|насъ
бꙑсть|бъість
нꙑнѣ•|нъінѣ
ѹтлъстѣхомъ|оутлъстѣхомъ
бо|бо
и|і
отъвръгохомъ|отъвръгохомъ
сѧ•|сѧ
и|і
прѣдасть|прѣдасть
г҃ъ|г҃ъ
крѣпость|крѣпость
нашѫ•|нашѫ
чъстьнꙑи|чъстьнъіі
свои|своі
кръстъ|кръстъ
халдѣѥмъ•|халдѣемъ
и|і
ст҃аа|ст҃аа
нашѧ|нашѧ
опѹстѣшѧ•|опоустѣшѧ
Добрѣ|добрѣ
ѹбо|оубо
притъчьникъ|прітъчьнікъ
гл҃еть•|гл҃еть
лѹче|лоуче
мѫжь|мѫжь
въ|въ
бечьстии|бечьстіі
работаꙗ•|работаꙗ
неже|неже
иже|іже
чъсть|чъсть
себѣ•|себѣ
облагаѥть•|облагаеть
и|і
нѥ|не
имꙑ|імъі
хлѣба•|хлѣба
И|і
па҇ⷦ•|пак
да|да
хвалить|хваліть
сѧ|сѧ
искрънии|іскръніі
а|а
не|не
твоꙗ|твоꙗ
ѹста•|оуста
тѹждъ|тоуждъ
а|а
не|не
твои|твоі
ѹстьнѣ•|оустьнѣ
Пѣснивъцъ|пѣснівъцъ
жѥ•|же
б҃ъ|б҃ъ
расꙑпа|расъіпа
кости|кості
чл҃коѹгодьникъ•|чл҃кооугодьнікъ
постꙑдѣшѧ|постъідѣшѧ
сѧ|сѧ
ꙗко|ꙗко
б҃ъ|б҃ъ
ѹничъжи|оунічъжі
ꙗ•|ꙗ
И|і
ап҃лъ•|ап҃лъ
чъто|чъто
бо|бо
имаши|імаші
ѥгоже|егоже
нѣси|нѣсі
приꙗлъ•|пріꙗлъ
аште|аще
ли|лі
и|і
приꙗлъ|пріꙗлъ
ѥси•|есі
чъто|чъто
сѧ|сѧ
хвалиши|хваліші
ꙗко|ꙗко
не|не
приимъ•|пріімъ
И|і
критѣнемъ•|крітѣнемъ
не|не
прѣдъ|прѣдъ
очима|очіма
работаѫште|работаѫще
ꙗко|ꙗко
чл҃коѹгодъници•|чл҃кооугодъніці
нъ|нъ
ѥже|еже
аште|аще
творите•|творіте
отъ|отъ
дш҃а|дш҃а
творите|творіте
ꙗко|ꙗко
г҃ю|г҃ю
а|а
не|не
чл҃кѹ|чл҃коу
работаѫште•|работаѫще
лютъ|лютъ
ѹбо|оубо
ѥсть|есть
ꙗкоже|ꙗкоже
рече|рече
сѧ|сѧ
тъштеславьнъ|тъщеславьнъ
врѣдъ•|врѣдъ
и|і
вь|вь
вьсѧ|вьсѧ
добродѣаниꙗ•|добродѣаніꙗ
ꙗже|ꙗже
творить|творіть
чл҃къ|чл҃къ
вълагаѥт|вълагает
ѥꙗ•|еꙗ
и|і
тъштить|тъщіть
прокѹдити|прокоудіті
плодꙑ|плодъі
чрънориꙁъчѧ•|чрънорізъчѧ
и|і
гореѥ•|горее
ꙗко|ꙗко
о-нѣхъ|онѣхъ
врѣдѣхъ•|врѣдѣхъ
любодѣании|любодѣаніі
рекѹ•|рекоу
и|і
гнѣвѣ•|гнѣвѣ
скръбимъ|скръбімъ
ѹбо|оубо
и|і
плачемъ•|плачемъ
и|і
молимъ|молімъ
сѧ|сѧ
проштени|прощені
бꙑти•|бъіті
а|а
при|прі
тъштеславии•|тъщеславіі
ни|ні
болимъ|болімъ
ни|ні
печальнѹѥмъ•|печальноуемъ
ни|ні
б҃а|б҃а
молимъ|молімъ
свободъ|свободъ
бꙑти|бъіті
отъ|отъ
него•|него
Въꙁненавидимъ|възненавідімъ
ѹбо|оубо
братиѥ•|братіе
съвръшеноѫ|съвръшеноѫ
ненавистиѭ|ненавістіѭ
тьштеславънъи|тьщеславънъі
врѣдъ•|врѣдъ
да|да
не|не
погѹбимъ|погоубімъ
трѹдъ|троудъ
своихъ•|своіхъ
хв҃ааго|хв҃ааго
бо|бо
работаниꙗ•|работаніꙗ
и|і
вѣръ|вѣръ
ꙗже|ꙗже
къ|къ
б҃ѹ|б҃оу
оставѧѥть|оставѧеть
чл҃ка|чл҃ка
ꙗкоже|ꙗкоже
рече|рече
г҃ъ•|г҃ъ
како|како
можете|можете
вѣровати|вѣроваті
въ|въ
мѧ|мѧ
славѫ|славѫ
отъ|отъ
чл҃къ|чл҃къ
приѥмлюште•|пріемлюще
и|і
славꙑ|славъі
ꙗже|ꙗже
отъ|отъ
ѥдинааго|едінааго
б҃а|б҃а
не|не
иштете:|іщете
ѥмѹ|емоу
слава|слава
въ|въ
вѣкꙑ|вѣкъі
вѣкомъ|вѣкомъ
АМИН|амін
м҃г|м҃г
О|о
ПРѢꙀЬРѢНИИ|прѣзьрѣніі
Прѣꙁорьнаꙗ|прѣзорьнаꙗ
ѧꙁѧ•|ѧзѧ
горьши|горьші
есть|есть
вьсѣхъ|вьсѣхъ
ѧꙁь•|ѧзь
и|і
б҃мъ|б҃мъ
нѥнавидима|ненавідіма
ꙁѣло•|зѣло
и|і
не|не
спѣшъно|спѣшъно
вьсѣмъ|вьсѣмъ
чл҃комъ•|чл҃комъ
Нъ|нъ
самомѹ|самомоу
тъчиѫ|тъчіѫ
ѥдиномѹ|едіномоу
врагѹ|врагоу
диꙗволѹ:|діꙗволоу
противѫ|протівѫ
ꙁълобѣ|зълобѣ
ѥго:|его
съпадъшюмѹ|съпадъшоумоу
съ|съ
н҃бсѥ:|н҃бсе
прѣꙁориѧ|прѣзоріѧ
дѣлъма:|дѣлъма
Похваливьи|похвалівьі
сꙗ|сꙗ
и|і
гл҃ѧ:|гл҃ѧ
и|і
поставлѫ|поставлѫ
прѣстолъ|прѣстолъ
свои|своі
на|на
ꙁвѣꙁдахъ|звѣздахъ
нб҃съныихь:|нб҃сънъііхь
обрѣте|обрѣте
сꙗ|сꙗ
мѣста|мѣста
нѥ|не
имꙑ|імъі
покоина:|покоіна
нь|нь
ꙗко|ꙗко
плѣньникь|плѣньнікь
вьсѫдѹ|вьсѫдоу
обличаемъ|облічаемъ
ѥсть:|есть
Сь|сь
грьдостьнꙑи|грьдостьнъіі
бѣсь:|бѣсь
лющьи|лющьі
вьсѣхь|вьсѣхь
страстии|страстіі
сꙑ:|съі
ꙁѣло|зѣло
сѹщѧꙗ|соущѧꙗ
вь|вь
спѣсѣ|спѣсѣ
бореть•|бореть
и|і
начинаеть|начінаеть
раꙁарѧти•|разарѧті
И|і
ꙗкоже|ꙗкоже
ѧꙁѧ|ѧзѧ
гѹбительна|гоубітельна
и|і
тьлѥтворъна:|тьлетворъна
нѥ|не
ѥдиного|едіного
ѹда|оуда
тѣлесьна:|тѣлесьна
нь|нь
вьсѥ|вьсе
растьлить•|растьліть
и|і
инꙑ|інъі
же|же
страсти|страсті
отъ|отъ
части|часті
омрачаѫть|омрачаѫть
дш҃ѹ•|дш҃оу
или|ілі
съмѹштають|съмоущають
ѫ•|ѫ
а|а
прѣꙁорьливъи|прѣзорьлівъі
врѣдъ•|врѣдъ
вьсѫ|вьсѫ
помрачить•|помрачіть
и|і
въ|въ
велико|веліко
падение|паденіе
ниꙁъведеть•|нізъведеть
дш҃ѧ|дш҃ѧ
бо|бо
прѣꙁоривааго•|прѣзорівааго
на|на
вꙑсотѫ|въісотѫ
великѹ|велікоу
въсходить•|въсходіть
И|і
отътѹдѹ|отътоудоу
сѧ|сѧ
въ|въ
глѫбинѫ|глѫбінѫ
въмештеть•|въмещеть
ꙗкоже|ꙗкоже
бо|бо
тѧгота|тѧгота
ниꙁълагае|нізълагае
вѣѭ|вѣѭ
плодовитѫ•|плодовітѫ
тако|тако
величаниѥ|велічаніе
д҃шѫ|д҃шѫ
добро|добро
плодъ|плодъ
иꙁгнилъ|ізгнілъ
не|не
трѣбѣ|трѣбѣ
дѣлателю•|дѣлателю
тако|тако
дѣтѣль|дѣтѣль
величавааго•|велічавааго
не|не
потрѣбьна|потрѣбьна
б҃ѹ•|б҃оу
Не|не
даждъ|даждъ
величаниѫ|велічаніѫ
своеꙗ|своеꙗ
дш҃ѧ•|дш҃ѧ
и|і
не|не
ѹвидиши|оувідіші
привидѣнии|прівідѣніі
страшънъ•|страшънъ
дш҃а|дш҃а
бо|бо
прѣꙁоривааго|прѣзорівааго
оставлѧѥма|оставлѧема
есть|есть
б҃мь•|б҃мь
и|і
бꙑваеть|бъіваеть
обрадование|обрадованіе
бѣсомъ•|бѣсомъ
величавъ|велічавъ
чл҃къ•|чл҃къ
дрѣво|дрѣво
бесплодьно|бесплодьно
и|і
бескоренно•|бескоренно
и|і
не|не
сътрьпить|сътрьпіть
николиже|ніколіже
прилога|прілога
вѣтрьна•|вѣтрьна
и|і
ꙗкоже|ꙗкоже
гворьци|гворьці
просѣдаѫште|просѣдаѫще
погꙑбаѫть•|погъібаѫть
тако|тако
величавааго|велічавааго
памѧ҇ⷮ•|памѧт
по|по
съмръти|съмръті
погꙑбнеть•|погъібнеть
И|і
ꙗкоже|ꙗкоже
мл҃тва|мл҃тва
съмѣренааго|съмѣренааго
ѹмалѧеть|оумалѧеть
б҃а•|б҃а
Тако|тако
раꙁдраждаеть|раздраждаеть
б҃а|б҃а
мольба|мольба
гръдааго•|гръдааго
И|і
елико|еліко
величаниѥмь|велічаніемь
прѣꙁьрѧть|прѣзьрѧть
братиѫ•|братіѫ
Диꙗволѹ|діꙗволоу
ретѧть|ретѧть
сѧ•|сѧ
не|не
ѥстьственаа|естьственаа
бо|бо
есть|есть
гръдꙑни•|гръдъіні
нъ|нъ
подобиѥ|подобіе
прѣꙁоривааго|прѣзорівааго
бѣса•|бѣса
ꙗкоже|ꙗкоже
съвѣдѣтелюѫть|съвѣдѣтелюѫть
кънигꙑ•|кънігъі
рекошѧ|рекошѧ
бо•|бо
не|не
съꙁьдана|съзьдана
бꙑсть|бъість
чл҃комъ|чл҃комъ
гръдъни•|гръдъні
И|і
па҇ⷦ•|пак
прѣстолъ|прѣстолъ
кънѧꙁь•|кънѧзь
гръдъихъ|гръдъіхъ
раꙁори|разорі
г҃ъ•|г҃ъ
начало|начало
бо|бо
прѣꙁорьꙗ|прѣзорьꙗ
чл҃кѹ|чл҃коу
отъстѫпити|отъстѫпіті
отъ|отъ
г҃а•|г҃а
ꙗко|ꙗко
начатъкъ|начатъкъ
грѣха|грѣха
гръдꙑни|гръдъіні
и|і
дрьжаи|дрьжаі
ѫ•|ѫ
источить|істочіть
мрьꙁость•|мрьзость
и|і
раꙁорить|разоріть
сѧ|сѧ
коньца•|коньца
И|і
въ|въ
ꙁаконѣ|законѣ
ѱано|псано
есть•|есть
и|і
рече|рече
г҃ъ•|г҃ъ
дш҃а|дш҃а
ꙗже|ꙗже
створи|створі
рѹкоѭ|роукоѭ
гръдость•|гръдость
истьреть|істьреть
сѧ|сѧ
отъ|отъ
людьи•|людьі
И|і
въ|въ
исаии•|ісаіі
и|і
погѹблѫ|погоублѫ
вьсѧ|вьсѧ
гръдꙑѧ•|гръдъіѧ
и|і
пѣснопѣвьць•|пѣснопѣвьць
сего|сего
ради|раді
ѹдръжа|оудръжа
ꙗ|ꙗ
гръдꙑни•|гръдъіні
ꙗко|ꙗко
одѣша|одѣша
сѧ|сѧ
неправьдоѭ|неправьдоѭ
и|і
нечьстиѫ|нечьстіѫ
своѥѫ•|своеѫ
и|і
сконьчаша|сконьчаша
сѧ|сѧ
погꙑбошѧ|погъібошѧ
ꙁа|за
неꙁакониѥ|незаконіе
своѥ•|свое
и|і
гръдꙑни|гръдъіні
ненавидѧштиихъ|ненавідѧщііхъ
тѧ|тѧ
въꙁиде|възіде
въинѫ•|въінѫ
тѣмьже|тѣмьже
вьсѣмь|вьсѣмь
тъштаниѥмь|тъщаніемь
хотѧть|хотѧть
ст҃илишта|ст҃іліща
твоꙗ|твоꙗ
раꙁорити•|разоріті
и|і
ст҃аа|ст҃аа
твоѧ|твоѧ
опѹстити•|опоустіті
Нъ|нъ
въꙁдвигни|въздвігні
рѹцѣ|роуцѣ
твои|твоі
на|на
гръдꙑнѧ|гръдъінѧ
ихъ|іхъ
до|до
коньца•|коньца
ꙗко|ꙗко
да|да
постꙑдѧть|постъідѧть
сѧ|сѧ
гръдии•|гръдіі
ꙁане|зане
бес|бес
правьдꙑ|правьдъі
беꙁаконьновашѧ•|безаконьновашѧ
на|на
мѧ•|мѧ
Присно|прісно
бо|бо
гръдии•|гръдіі
ꙗкоже|ꙗкоже
и|і
вь|вь
пѹстꙑни|поустъіні
оц҃и|оц҃і
ихъ|іхъ
беꙁаконноваахѹ|безаконноваахоу
до|до
ꙁѣла•|зѣла
рабъ|рабъ
же|же
твои|твоі
дв҃дъ|дв҃дъ
отъ|отъ
ꙁакона|закона
твоего|твоего
не|не
ѹклони|оуклоні
сѧ•|сѧ
ни|ні
гръдомь|гръдомь
окомь|окомь
и|і
несꙑтомь|несъітомь
ср҃дце|ср҃дце
мь|мь
съ|съ
ними|німі
не|не
ꙗдѣаше•|ꙗдѣаше
ни|ні
отънѫдъ|отънѫдъ
живѧаше|жівѧаше
посрѣдѣ|посрѣдѣ
домѹ|домоу
ѥго|его
мꙑсль|мъісль
творѧшти|творѧщі
гръдꙑнѫ•|гръдъінѫ
И|і
притьчьникъ•|прітьчьнікъ
страхъ|страхъ
г҃нъ|г҃нъ
ненавидить|ненавідіть
ꙁълобꙑ•|зълобъі
досаждениꙗ|досажденіꙗ
же|же
и|і
гръдꙑн|гръдъін
пѫтьи|пѫтьі
ꙁълъ•|зълъ
и|і
приричеть•|прірічеть
ельма|ельма
велии|веліі
еси•|есі
тольма|тольма
съмѣраи|съмѣраі
сѧ•|сѧ
и|і
обрѧшти|обрѧщі
блг҃дть|блг҃дть
прѣдъ|прѣдъ
г҃мъ:|г҃мъ
и|і
не|не
въꙁвꙑшаи|възвъішаі
себе|себе
да|да
сѧ|сѧ
не|не
падеши•|падеші
ꙁане|зане
мръꙁость|мръзость
прѣдъ|прѣдъ
г҃мъ|г҃мъ
и|і
чл҃кꙑ|чл҃къі
въсъ|въсъ
гръдъ•|гръдъ
И|і
иꙗковъ•|іꙗковъ
гръдꙑимъ|гръдъіімъ
г҃ъ|г҃ъ
противить|протівіть
сѧ•|сѧ
съмѣренꙑимъ|съмѣренъіімъ
же|же
даѥть|даеть
благодѣть•|благодѣть
и|і
наносить•|наносіть
съмѣрите|съмѣріте
сѧ|сѧ
ѹбо|оубо
подъ|подъ
крѣпькоѫ|крѣпькоѫ
рѹкоѫ|роукоѫ
бж҃ьѥѫ•|бж҃ьеѫ
да|да
вꙑ|въі
въꙁнесеть•|възнесеть
ѹбоимъ|оубоімъ
сѧ|сѧ
ѹбо|оубо
братие•|братіе
и|і
вьсѣмь|вьсѣмь
хранениемь|храненіемь
блюдѣмъ|блюдѣмъ
свое|свое
ср҃це•|ср҃це
отъ|отъ
съмрьтоносьнааго|съмрьтоносьнааго
д҃ха|д҃ха
гръдости•|гръдості
ѥгда|егда
бо|бо
ѹдобꙗеть|оудобꙗеть
окаанѣи|окаанѣі
дш҃и•|дш҃і
ꙗкоже|ꙗкоже
ѥтеръ|етеръ
лютъ|лютъ
мѹчитель|моучітель
вельи|вельі
градъ|градъ
и|і
вꙑсокъ•|въісокъ
прѣимъ|прѣімъ
вьсѫ|вьсѫ
ѭ|ѭ
раꙁорить•|разоріть
и|і
раскопаеть•|раскопаеть
и|і
се|се
же|же
мильнѣѥ•|мільнѣе
ꙗко|ꙗко
проклѧтꙑи|проклѧтъіі
сь|сь
бѣсъ•|бѣсъ
съвръшенꙑꙗ|съвръшенъіꙗ
ꙗкоже|ꙗкоже
рѣхомъ|рѣхомъ
паче•|паче
и|і
на|на
въисотѹ|въісотоу
добрꙑихъ|добръііхъ
дѣтѣльи|дѣтѣльі
дошъдьшаꙗ|дошъдьшаꙗ
начьнеть|начьнеть
раꙁарѧти•|разарѧті
и|і
ни|ні
къ|къ
покааниѫ|покааніѫ
же|же
имъ|імъ
ослабꙗѥть|ослабꙗеть
въꙁвратити|възвратіті
сѧ•|сѧ
како|како
бо|бо
сѧ|сѧ
покаѫть•|покаѫть
вьсего|вьсего
диꙗвола|діꙗвола
приѥмлѫште|пріемлѫще
и|і
вьсѫ|вьсѫ
гръдость•|гръдость
и|і
б҃опротивьни|б҃опротівьні
сѧ|сѧ
творѧште•|творѧще
Мꙑ|мъі
же|же
съмѣреноѫ|съмѣреноѫ
мѫдростиѫ•|мѫдростіѫ
отъраꙁимъ|отъразімъ
гръдостьнъи|гръдостьнъі
бѣсъ•|бѣсъ
подвигнѣмъ|подвігнѣмъ
сѧ•|сѧ
Приг҃лѫште|пріг҃лѫще
себе|себе
ап҃льскоѥ•|ап҃льское
ѥгда|егда
добрѹ|доброу
дѣтѣль|дѣтѣль
кѫѭ|кѫѭ
исправимъ•|ісправімъ
не|не
аꙁъ|азъ
же•|же
нъ|нъ
блг҃дть|блг҃дть
бж҃ьꙗ•|бж҃ьꙗ
ѥже|еже
съ|съ
мъноѫ•|мъноѫ
И|і
па҇ⷦ•|пак
ни|ні
хотѧштѫмѹ|хотѧщѫмоу
ни|ні
текѹштѫмѹ•|текоущѫмоу
нъ|нъ
милѹѫштѫмѹ|мілоуѫщѫмоу
б҃ѹ•|б҃оу
И|і
г҃мъ|г҃мъ
реченое•|реченое
беꙁ|без
мене|мене
не|не
можете|можете
творити|творіті
ничесоже•|нічесоже
тако|тако
бо|бо
въꙁможемъ|възможемъ
пакꙑ|пакъі
ѹслꙑшати|оуслъішаті
самого|самого
г҃а|г҃а
гл҃ѫшта•|гл҃ѫща
видѣхъ|відѣхъ
сотонѫ|сотонѫ
ꙗко|ꙗко
млъниѫ|млъніѫ
съ|съ
нб҃се|нб҃се
съпадъшѫ•|съпадъшѫ
се|се
дахъ|дахъ
вамъ|вамъ
власть|власть
настѹпати|настоупаті
на|на
ꙁмиꙗ|зміꙗ
и|і
скорпиꙗ•|скорпіꙗ
и|і
на|на
вьсѫ|вьсѫ
силѹ|сілоу
вражиѫ•|вражіѫ
ѥмѹже|емоуже
благодаривѹмѹ|благодарівоумоу
б҃ѹ•|б҃оу
подобаеть|подобаеть
слава|слава
въ|въ
вѣкꙑ|вѣкъі
вѣкомъ|вѣкомъ
АМИН|амін
м҃д|м҃д
Ꙍ|о
ВꙐСОКОМѪДРЕНИИ|въісокомѫдреніі
Вꙑсокомѫдръи•|въісокомѫдръі
дрѹгъ|дроугъ
ѹбо|оубо
ѥсть|есть
прѣꙁоривааго•|прѣзорівааго
прѣмѣнилъ|прѣмѣнілъ
же|же
сѧ|сѧ
ѥсть|есть
къ|къ
величавѹмѹ•|велічавоумоу
единого|едіного
бо|бо
дрѣва|дрѣва
вѣтви|вѣтві
ѥстѥ•|есте
а|а
плодъ|плодъ
прѣмѣненъ•|прѣмѣненъ
Овъ|овъ
мьнѣти|мьнѣті
съмѣренъ•|съмѣренъ
овъ|овъ
же|же
вꙑсоковѣтвьнъ•|въісоковѣтвьнъ
и|і
овъ|овъ
пистаконьнь•|пістаконьнь
овъ|овъ
же|же
орѣходѹпьнъ•|орѣходоупьнъ
обаче|обаче
не|не
на|на
потрѣбѫ•|потрѣбѫ
ненавидѧштеи|ненавідѧщеі
дш҃ъ|дш҃ъ
нашихъ|нашіхъ
бѣсове•|бѣсове
вълагають|вълагають
етеромъ•|етеромъ
ꙗко|ꙗко
ѥтеро|етеро
величаниѥ|велічаніе
намъ|намъ
даровати|дароваті
таче•|таче
къ|къ
немѹ|немоу
намъ|намъ
раслабѣти|раслабѣті
поѹштаѭть•|пооущаѭть
аште|аще
ѹбо|оубо
ослабѣвьше|ослабѣвьше
величаниѥмь|велічаніемь
дамь|дамь
мѣсто|мѣсто
вꙑсокомѹдриѫ•|въісокомоудріѫ
не|не
ѹсилѹѫть|оусілоуѫть
къ|къ
томѹ|томоу
враꙁи|вразі
наши|наші
плѣнити|плѣніті
нꙑ•|нъі
не|не
бѹдѣмъ|боудѣмъ
ѹбо|оубо
славоради|славораді
и|і
вꙑсокомѫдрьни•|въісокомѫдрьні
да|да
не|не
тъчъѫ|тъчъѫ
на|на
хръбьтѣ:|хръбьтѣ
нъ|нъ
и|і
на|на
лици|ліці
нашемь|нашемь
кѹѭть|коуѭть
грѣшънии•|грѣшъніі
и|і
бѹдемъ|боудемъ
то|то
обрадованиѥ|обрадованіе
имъ|імъ
въ|въ
врѣмѧ|врѣмѧ
молитвьноѥ•|молітвьное
иꙁвлачими|ізвлачімі
и|і
прѣльштаѥми|прѣльщаемі
мꙑсльми|мъісльмі
скⷬбъннами•|скрбъннамі
Ꙗкоже|ꙗкоже
и|і
притьчьникъ|прітьчьнікъ
ѹчить|оучіть
нꙑ•|нъі
не|не
вꙑсокомѫдрѹи|въісокомѫдроуі
рече•|рече
и|і
не|не
бѫди|бѫді
правьдьнъ|правьдьнъ
ꙁѣло•|зѣло
и|і
не|не
мѹдрѹи|моудроуі
лихо•|ліхо
ѥда|еда
къгда|къгда
ѹклониши|оуклоніші
сѧ•|сѧ
и|і
вꙑсокъ|въісокъ
творѧи|творѧі
домъ|домъ
свои•|своі
иштеть|іщеть
съкрѹшѥниѧ•|съкроушеніѧ
а|а
остръпътаꙗи|остръпътаꙗі
сѧ|сѧ
навꙑкнѫти•|навъікнѫті
въпадеть|въпадеть
сѧ|сѧ
въ|въ
ꙁълаꙗ•|зълаꙗ
И|і
па҇ⷦ•|пак
нечисть|нечість
прѣдъ|прѣдъ
г҃мъ|г҃мъ
вьсь|вьсь
вꙑсокос҃рдꙑи•|въісокос҃рдъіі
И|і
пакꙑ|пакъі
не|не
гръди|гръді
сѧ|сѧ
прѣ|прѣ
ц҃ремь•|ц҃ремь
и|і
на|на
мѣстѣхъ|мѣстѣхъ
сильныихъ|сільнъііхъ
не|не
стаи•|стаі
лѹче|лоуче
бо|бо
тебѣ|тебѣ
да|да
ти|ті
рекѫть|рекѫть
въꙁиди|възіді
къ|къ
мнѣ•|мнѣ
нежели|нежелі
срамѣрити|срамѣріті
сѧ|сѧ
прѣдъ|прѣдъ
сильнъими•|сільнъімі
И|і
инъ•|інъ
не|не
хвалите|хваліте
сѧ|сѧ
и|і
не|не
г҃лѣте|г҃лѣте
вꙑсокꙑихъ|въісокъііхъ
въ|въ
гръдꙑни•|гръдъіні
ни|ні
да|да
иꙁидеть|ізідеть
вельрѣчиѥ|вельрѣчіе
иꙁ|із
ѹсть|оусть
вашихъ•|вашіхъ
И|і
павлъ|павлъ
тимоѳю|тімоѳю
рече•|рече
богатꙑимъ|богатъіімъ
въ|въ
нꙑнѣшьньи|нъінѣшьньі
вѣкъ|вѣкъ
ꙁапрѣштаи|запрѣщаі
не|не
вꙑсокомѫдровати•|въісокомѫдроваті
ни|ні
ѹпъвати|оупъваті
на|на
богатьство|богатьство
гꙑблюштеѥ•|гъіблющее
нъ|нъ
на|на
б҃а|б҃а
даѫштааго|даѫщааго
намъ|намъ
вьсѧ|вьсѧ
обильно•|обільно
И|і
дрѹгꙑижде|дроугъііжде
братиѥ•|братіе
не|не
вꙑсокомѫдрѫюште•|въісокомѫдрѫюще
нъ|нъ
съмѣренъимь|съмѣренъімь
съпрѧмлꙗѫште|съпрѧмлꙗѫще
сѧ•|сѧ
И|і
римлꙗнемъ•|рімлꙗнемъ
речеши|речеші
же|же
ми•|мі
отъломиша|отъломіша
сѧ|сѧ
вѣтви|вѣтві
да|да
аꙁъ|азъ
присцѣплю|прісцѣплю
сѧ•|сѧ
добрѣ|добрѣ
невѣриѥмь|невѣріемь
отъломишѧ|отъломішѧ
сѧ•|сѧ
тꙑ|тъі
же|же
вѣроѫ|вѣроѫ
стоиши•|стоіші
не|не
вꙑсокомѫдрѹи|въісокомѫдроуі
нъ|нъ
бои|боі
сѧ•|сѧ
аште|аще
бо|бо
б҃ъ|б҃ъ
родительнꙑихъ|родітельнъііхъ
вѣтвии|вѣтвіі
не|не
поштѧдѣ•|пощѧдѣ
ѥда|еда
како|како
и|і
тебе|тебе
не|не
поштѧдить•|пощѧдіть
мꙑ|мъі
ѹбо|оубо
дв҃дваꙗ|дв҃дваꙗ
дѣании|дѣаніі
чистꙑ•|чістъі
съ|съ
дв҃домь|дв҃домь
въспоимъ•|въспоімъ
г҃и|г҃і
не|не
въꙁнесе|възнесе
сѧ|сѧ
ср҃це|ср҃це
моѥ|мое
ни|ні
въꙁвѣсте|възвѣсте
сѧ|сѧ
очи|очі
мои|моі
ни|ні
ходихъ|ходіхъ
въ|въ
великꙑихъ|велікъііхъ
ни|ні
въ|въ
дивьнъихъ|дівьнъіхъ
паче|паче
мене•|мене
нъ|нъ
съмѣрѧахъ|съмѣрѧахъ
сѧ|сѧ
ꙗко|ꙗко
отъдоѥное|отъдоеное
материѫ|матеріѫ
своеѫ•|своеѫ
Такожде|такожде
и|і
съ|съ
тръми|тръмі
отрокꙑ•|отрокъі
ꙗко|ꙗко
вл҃ко|вл҃ко
ѹмалихомъ|оумаліхомъ
сѧ|сѧ
паче|паче
вьсѣхъ|вьсѣхъ
ꙗꙁꙑкъ•|ꙗзъікъ
и|і
есмъ|есмъ
съмѣрени|съмѣрені
по|по
вьсеи|вьсеі
ꙁемли|землі
дьньсъ|дьньсъ
грѣхъ|грѣхъ
ради|раді
нашихъ•|нашіхъ
къто|къто
бо|бо
рече|рече
похвалить|похваліть
сѧ|сѧ
чс҃то|чс҃то
имѣти|імѣті
ср҃це•|ср҃це
или|ілі
къто|къто
дръꙁнеть|дръзнеть
решти|рещі
чистъ|чістъ
ѥсмъ|есмъ
отъ|отъ
грѣха•|грѣха
аште|аще
бо|бо
беꙁакониѧ|безаконіѧ
наꙁириши|назіріші
г҃и•|г҃і
г҃и|г҃і
къто|къто
постоить•|постоіть
ꙗко|ꙗко
отъ|отъ
тебе|тебе
оцѣштение|оцѣщеніе
есть•|есть
сиѫ|сіѫ
ѹбо|оубо
чистомь|чістомь
ср҃цмь|ср҃цмь
въспѣваѭште|въспѣваѭще
п҇ⷭѣ•|псѣ
слꙑшимъ|слъішімъ
отъ|отъ
него•|него
ꙗко|ꙗко
съмѣрѧꙗи|съмѣрѧꙗі
сѧ|сѧ
въꙁнесеть|възнесеть
сѧ•|сѧ
а|а
вꙑсокомѹдрънии|въісокомоудръніі
обниꙁѧть|обнізѧть
сѧ•|сѧ
ꙗко|ꙗко
и|і
фарисѣи|фарісѣі
отъ|отъ
сп҃са|сп҃са
г҃лющѫ|г҃лющѫ
имъ•|імъ
вꙑ|въі
есте|есте
оправьдаѫштеи|оправьдаѫщеі
сѧ|сѧ
сами•|самі
прѣдъ|прѣдъ
чадиѫ•|чадіѫ
б҃ъ|б҃ъ
же|же
вѣсть|вѣсть
ср҃ца|ср҃ца
вашѧ•|вашѧ
ꙗко|ꙗко
ѥже|еже
въ|въ
чл҃цѣхъ|чл҃цѣхъ
вꙑсоко•|въісоко
мръꙁость|мръзость
прѣдъ|прѣдъ
б҃мь|б҃мь
ѥсть•|есть
г҃ла|г҃ла
же|же
и|і
ѹченикомъ|оученікомъ
своимъ|своімъ
аминъ|амінъ
г҃лѫ|г҃лѫ
вамъ•|вамъ
аштѥ|аще
не|не
обратите|обратіте
сѧ|сѧ
и|і
бѫдете|бѫдете
ꙗко|ꙗко
и|і
дѣти•|дѣті
то|то
не|не
вънидете|вънідете
въ|въ
цр҃ство|цр҃ство
нб҃сноѥ•|нб҃сное
и|і
приносить•|пріносіть
иже|іже
бо|бо
съмѣрить|съмѣріть
сѧ|сѧ
ꙗко|ꙗко
отроча•|отроча
тъ|тъ
ѥсть|есть
болии|боліі
въ|въ
цр҃ствѣ|цр҃ствѣ
нб҃сьнѣѥмь•|нб҃сьнѣемь
славѧ|славѧ
прѣс҃тѫю|прѣс҃тѫю
троицѫ|троіцѫ
оц҃а|оц҃а
и|і
с҃на|с҃на
и|і
ст҃го|ст҃го
д҃ха|д҃ха
въ|въ
вѣкꙑ|вѣкъі
вѣкомъ|вѣкомъ
АМИН|амін
м҃е|м҃е
О|о
ТОМЬ|томь
ѤЖЕ|еже
НЕ|не
вельмѹдровати|вельмоудроваті
ѡ|о
себѣ|себѣ
И|і
ѥже|еже
великомѫдровати|велікомѫдроваті
о|о
себѣ•|себѣ
кѹдимо|коудімо
и|і
отърочъно|отърочъно
обрѣтаемъ•|обрѣтаемъ
б҃жъствънꙑимь|б҃жъствънъіімь
ѱаниемь•|псаніемь
и|і
таковꙑи:|таковъіі
въ|въ
беꙁѹмльихъ|безоумльіхъ
четимъ|четімъ
ѥсть•|есть
паче|паче
же|же
въ|въ
ѫродѣхъ|ѫродѣхъ
рече|рече
бо•|бо
ѫродъ|ѫродъ
о|о
себѣ|себѣ
мѫдръ•|мѫдръ
не|не
дрьжимъ|дрьжімъ
ѹбо|оубо
въꙁлюбении|възлюбеніі
сѹетьнааго|соуетьнааго
сего|сего
мѫдриꙗ•|мѫдріꙗ
Нъ|нъ
паче|паче
съдръжимъ|съдръжімъ
ѹчениꙗ|оученіꙗ
д҃хоносьнꙑихъ|д҃хоносьнъііхъ
мѫжь•|мѫжь
ѥже|еже
ѥсть|есть
съмѣреномѫдриѥ•|съмѣреномѫдріе
и|і
ходимъ|ходімъ
въ|въ
слѣдъ|слѣдъ
ихъ•|іхъ
и|і
не|не
въꙁносимъ|възносімъ
сѧ|сѧ
въ|въ
ср҃ци|ср҃ці
нашемь|нашемь
отънюдъ|отънюдъ
ни|ні
о|о
чемьже•|чемьже
или|ілі
дѣломь|дѣломь
подобьномь•|подобьномь
или|ілі
раштинѥниѥмь•|ращіненіемь
или|ілі
строѥниѥмь|строеніемь
вештии•|вещіі
или|ілі
словомь|словомь
мѫдромь•|мѫдромь
или|ілі
о|о
раꙁѹмѣхъ|разоумѣхъ
кънижънꙑихъ•|къніжънъііхъ
еда|еда
къгда|къгда
б҃а|б҃а
раꙁгнѣваѥмъ|разгнѣваемъ
и|і
д҃хомь|д҃хомь
хѹлениꙗ|хоуленіꙗ
въпадемъ|въпадемъ
въ|въ
ѹмѣ•|оумѣ
добро|добро
жѥ|же
паче|паче
вꙑкнѫти•|въікнѫті
аште|аще
и|і
къто|къто
ꙁѣло|зѣло
мѫдръ|мѫдръ
лѫчить|лѫчіть
сѧ•|сѧ
строѥниѥ|строеніе
бо|бо
бж҃ье|бж҃ье
польꙁьнѣѥ|пользьнѣе
есть|есть
нашѥго|нашего
съмꙑшлениꙗ•|съмъішленіꙗ
добро|добро
же|же
ѥсть|есть
вьсе|вьсе
дѣаньнѣ|дѣаньнѣ
г҃лати•|г҃латі
мѫдрѧи|мѫдрѧі
бо|бо
сѧ|сѧ
беꙁ|без
дѣла|дѣла
и|і
гл҃ѧ|гл҃ѧ
слово•|слово
отъ|отъ
неправьдꙑ|неправьдъі
богатѣѥть•|богатѣеть
и|і
трѹди|троуді
ѥго|его
въ|въ
домꙑ|домъі
тѹжда|тоужда
вънидѹть|вънідоуть
по|по
книгамъ•|кнігамъ
Пръвоѥ|пръвое
притъчъникъ|прітъчънікъ
ѹчить|оучіть
нꙑ|нъі
г҃лѧ•|г҃лѧ
бѫди|бѫді
ѹпьваꙗ|оупьваꙗ
вьсѣмь|вьсѣмь
ср҃цемь|ср҃цемь
своимь|своімь
на|на
г҃а•|г҃а
а|а
о|о
своѥи|своеі
прѣмѫдрости|прѣмѫдрості
не|не
величаи|велічаі
сѧ•|сѧ
и|і
не|не
бѫди|бѫді
мрⷣъ|мрдъ
себѣ•|себѣ
бои|боі
же|же
сѧ|сѧ
г҃а|г҃а
и|і
ѹклони|оуклоні
сѧ|сѧ
отъ|отъ
вьсего|вьсего
ꙁъла•|зъла
и|і
не|не
хвали|хвалі
сѧ|сѧ
на|на
ѹтрьнѧа•|оутрьнѧа
не|не
вѣси|вѣсі
бо|бо
чьто|чьто
приживетъ|пріжіветъ
находѧи:|находѧі
И|і
па҇ⷦ•|пак
аште|аще
прѣмѫдръ|прѣмѫдръ
бѫдеши|бѫдеші
себѣ•|себѣ
прѣмѫⷬ|прѣмѫр
ⷬдꙸ|рдъ
еⷠшⷪиꙷ|ебшоіу
и|і
їскръниимъ•|іскръніімъ
аште|аще
ли|лі
ꙁълъ|зълъ
бѫдеши•|бѫдеші
ѥдинъ|едінъ
почръпеши|почръпеші
ꙁълаꙗ•|зълаꙗ
И|і
па҇ⷦ•|пак
видѣхъ|відѣхъ
мѫжа|мѫжа
непьштевавъша|непьщевавъша
мѫдра|мѫдра
себе|себе
бꙑти•|бъіті
ѹпъвание|оупъваніе
же|же
ѹбо|оубо
имѣ|імѣ
паче|паче
беꙁѹмьнꙑи•|безоумьнъіі
•И|і
па҇ⷦ•|пак
мѫдръ|мѫдръ
о|о
себѣ|себѣ
мѹжь|моужь
богать•|богать
ѹбогь|оубогь
же|же
раꙁѹмьливъ|разоумьлівъ
ꙁаꙁьрить|зазьріть
емь•|емь
И|і
пакꙑ•|пакъі
иꙁдродъ|іздродъ
ꙁълъ•|зълъ
праведьна|праведьна
себе|себе
сѫдить•|сѫдіть
исхода|ісхода
же|же
своего|своего
не|не
истрѣбилъ•|істрѣбілъ
отъродъ|отъродъ
ꙁълъ•|зълъ
вꙑсоцѣ|въісоцѣ
очи|очі
имать•|імать
вѣждама|вѣждама
же|же
своима|своіма
въꙁносить|възносіть
сѧ•|сѧ
Пишѥть|пішеть
же|же
и|і
иꙗковъ•|іꙗковъ
нꙑнѣ|нъінѣ
же|же
хвалите|хваліте
сѧ•|сѧ
въ|въ
гръдꙑнѧхъ|гръдъінѧхъ
вашихъ•|вашіхъ
вьсѧ|вьсѧ
хвала|хвала
така|така
неприꙗꙁнина|непріꙗзніна
ѥстъ•|естъ
такожде|такожде
и|і
павлъ•|павлъ
не|не
бѫдѣте|бѫдѣте
мѫдри|мѫдрі
о|о
себѣ•|себѣ
и|і
прѣдъ|прѣдъ
собоѫ|собоѫ
ѹмѣтелемъ•|оумѣтелемъ
Пѣснивьць|пѣснівьць
же•|же
г҃ъ|г҃ъ
съвѣсть|съвѣсть
помꙑшлениꙗ|помъішленіꙗ
чл҇ⷡчѧ|члвчѧ
ꙗко|ꙗко
сѫть|сѫть
сѫѥтьна.|сѫетьна
и|і
г҃ь|г҃ь
раꙁарѧѥть|разарѧеть
съвѣтъ|съвѣтъ
ꙗꙁꙑкъ.|ꙗзъікъ
и|і
отъмѣтаѥть|отъмѣтаеть
мꙑсли|мъіслі
людьи.|людьі
и|і
съвѣтъ|съвѣтъ
к͗нѧꙁь.|кнѧзь
коринъѳиѥмъ|корінъѳіемъ
же|же
павлъ.|павлъ
и|і
аꙁъ|азъ
пришьдъ|прішьдъ
къ|къ
вамъ|вамъ
рече|рече
братиѥ.|братіе
придохъ|прідохъ
не|не
по|по
прѣодрьжимѹ|прѣодрьжімоу
словеси.|словесі
или|ілі
прѣмѹдрости.|прѣмоудрості
въꙁвѣщаꙗ|възвѣщаꙗ
вамъ|вамъ
таинѹ|таіноу
хв҃ѹ•|хв҃оу
не|не
сѹдихъ|соудіхъ
бо|бо
чесо|чесо
вѣдѣти|вѣдѣті
въ|въ
васъ.|васъ
тъчьѭ|тъчьѭ
і҃у|і҃у
х҃а.|х҃а
и|і
сего|сего
распѧта.|распѧта
и|і
аꙁъ|азъ
въ|въ
немощи|немощі
и|і
страсѣ|страсѣ
и|і
трепетѣ|трепетѣ
мноꙁѣ|мнозѣ
бꙑхъ|бъіхъ
къ|къ
вам͗.|вам
И|і
приводить•|пріводіть
не|не
въ|въ
наѹченъихъ|наоученъіхъ
чл҃чѧ|чл҃чѧ
прѣмѹдрости|прѣмоудрості
словесехъ.|словесехъ
нъ|нъ
въ|въ
наѹченꙑихъ|наоученъііхъ
д҃ха|д҃ха
ст҃аго.|ст҃аго
дх҃внъихъ|дх҃внъіхъ
дх҃вьнаа|дх҃вьнаа
прѣкладаѭще.|прѣкладаѭще
дш҃евьнъ|дш҃евьнъ
же|же
чл҃къ|чл҃къ
не|не
приѥметь|пріеметь
ꙗже|ꙗже
отъ|отъ
бж҃ь¬ѩ¬|бж҃ьѧ
д҃ха.|д҃ха
ѭродьство|ѭродьство
бо|бо
ѥмѹ|емоу
ѥсть|есть
и|і
не|не
можеть|можеть
раꙁѹмѣти.|разоумѣті
ꙗко|ꙗко
дх҃внѣ|дх҃внѣ
въстѧꙁаѥть|въстѧзаеть
сѧ.|сѧ
а|а
дх҃внъи|дх҃внъі
въстѧꙁаѥть|въстѧзаеть
ѹбо|оубо
вьсѧ.|вьсѧ
а|а
тъ|тъ
ни|ні
отъ|отъ
ѥдиного|едіного
же|же
въстѧꙁаѥть|въстѧзаеть
сѧ.|сѧ
и|і
пакꙑ.|пакъі
надеждѹ|надеждоу
же|же
такѹ|такоу
имамъ|імамъ
къ|къ
б҃ѹ.|б҃оу
не|не
ꙗко|ꙗко
отъ|отъ
себе.|себе
нь|нь
довълъ|довълъ
нашь|нашь
отъ|отъ
б҃а.|б҃а
иже|іже
и|і
ѹдовьли|оудовьлі
нꙑ|нъі
слѹжителѧ|слоужітелѧ
новѹ|новоу
ꙁавѣтѹ•|завѣтоу
не|не
писмени|пісмені
нъ|нъ
дх҃ѹ.|дх҃оу
писмѧ|пісмѧ
бо|бо
ѹмрьщвѧѥть.|оумрьщвѧеть
а|а
дх҃ъ|дх҃ъ
живить.|жівіть
и|і
пакꙑ.|пакъі
аꙁъ|азъ
себе|себе
не|не
ѹнепьщѹѭ|оунепьщоуѭ
постигнѹти.|постігноуті
ѥдино|едіно
же|же
ꙁадьнѧа|задьнѧа
ѹбо|оубо
ꙁабꙑваꙗ•|забъіваꙗ
а|а
на|на
прѣдьнѧа|прѣдьнѧа
простираꙗ|простіраꙗ
сѧ•|сѧ
Подобимъ|подобімъ
сѧ|сѧ
ѹбо|оубо
братиѥ|братіе
съмѣрениѭ|съмѣреніѭ
ап҇ⷧю.|аплю
и|і
отъврьꙁѣмъ|отъврьзѣмъ
ѥже|еже
великомѹдровати|велікомоудроваті
о|о
своѥи|своеі
мѹдрости|моудрості
и|і
раꙁѹмѣ.|разоумѣ
Боꙗще|боꙗще
сѧ|сѧ
паче|паче
притъчѧ|прітъчѧ
г҃нѧ|г҃нѧ
ѩже|ѧже
о|о
вельхвальнѣемь.|вельхвальнѣемь
фарисѣи|фарісѣі
и|і
о|о
мꙑтоимьци.|мъітоімьці
рече|рече
бо.|бо
ставъ|ставъ
фарисѣи|фарісѣі
въ|въ
себѣ|себѣ
сице|сіце
молѧаше|молѧаше
сѧ•|сѧ
б҃е|б҃е
хвалѹ|хвалоу
тебѣ|тебѣ
въꙁдаѭ•|въздаѭ
ꙗко|ꙗко
нѣсмь|нѣсмь
ꙗко|ꙗко
и|і
прочии|прочіі
чл҃ци.|чл҃ці
хꙑщьници.|хъіщьніці
неправьдиви.|неправьдіві
или|ілі
ꙗко|ꙗко
и|і
сь|сь
мꙑтоимьць.|мъітоімьць
А|а
мꙑтоимьць|мъітоімьць
биꙗаше|біꙗаше
прьси|прьсі
своꙗ|своꙗ
г҃лѧ•|г҃лѧ
бж҃е|бж҃е
мл҃ствъ|мл҃ствъ
бѫди|бѫді
мнѣ|мнѣ
грѣшьникѹ.|грѣшьнікоу
Гл҃ю|гл҃ю
вамъ.|вамъ
ꙗко|ꙗко
съниде|съніде
сь|сь
оправьданъ|оправьданъ
въ|въ
домъ|домъ
свої.|своі
неже|неже
онъ.|онъ
ꙗко|ꙗко
всь|всь
въꙁносѧи|възносѧі
сѧ|сѧ
съмѣрѧеть|съмѣрѧеть
сѧ•|сѧ
въꙁнесеть|възнесеть
сѧ|сѧ
о|о
х҃ѣ|х҃ѣ
іс҃ѣ|іс҃ѣ
г҃и|г҃і
бꙁ҃ѣ|бз҃ѣ
нашемь•|нашемь
ѥмѹже|емоуже
слава|слава
въ|въ
вѣкꙑ|вѣкъі
вѣкомь:|вѣкомь
АМИН|амін
м҃ꙅ|м҃з
О|о
ТОМЬ|томь
ѤЖЕ|еже
НЕ|не
ОУКАРѦТИ|оукарѧті
Не|не
лѣпо|лѣпо
есть|есть
ѹничьжати|оунічьжаті
никогоже•|нікогоже
ни|ні
хѹлити•|хоуліті
ни|ні
въꙁносити|възносіті
сѧ|сѧ
ни|ні
на|на
когожѥ•|когоже
ꙗко|ꙗко
или|ілі
грѫбъ|грѫбъ
ѥсть•|есть
или|ілі
ꙁълъ|зълъ
видомь•|відомь
или|ілі
лѣнивъ•|лѣнівъ
или|ілі
грѣшънъ•|грѣшънъ
или|ілі
ненаѹченъ•|ненаоученъ
или|ілі
при|прі
коѥи|коеі
любо|любо
вешти•|вещі
ꙗже|ꙗже
бо|бо
мꙑ|мъі
ѹничъжаѥмъ•|оунічъжаемъ
сьѧ|сьѧ
б҃ъ|б҃ъ
иꙁбираеть•|ізбіраеть
и|і
ѧже|ѧже
мꙑ|мъі
ѹхѹждаѥмъ•|оухоуждаемъ
сиꙗ|сіꙗ
б҃ъ|б҃ъ
въ|въ
рѧдъ|рѧдъ
въводить•|въводіть
Обаче|обаче
аште|аще
еси|есі
приꙗлъ|пріꙗлъ
даръ|даръ
дх҃вьнъ•|дх҃вьнъ
и|і
слово|слово
прѣмѫдрости•|прѣмѫдрості
ли|лі
раꙁѹма•|разоума
ли|лі
ѹчителъства•|оучітелъства
ли|лі
пророчъства•|пророчъства
ли|лі
слѹжениꙗ•|слоуженіꙗ
бл҃гнъ|бл҃гнъ
б҃ъ|б҃ъ
вьсебогатъи•|вьсебогатъі
б҃ъ|б҃ъ
даꙗи|даꙗі
въсѣмъ|въсѣмъ
чл҃комъ•|чл҃комъ
и|і
не|не
поносѧ•|поносѧ
тꙑ|тъі
же|же
не|не
въꙁноси|възносі
сѧ|сѧ
на|на
искрънѧаго•|іскрънѧаго
а|а
не|не
прѣбѫдеть|прѣбѫдеть
ти|ті
благодѣть•|благодѣть
гнѫшаѥть|гнѫшаеть
бо|бо
сѧ|сѧ
таковꙑихъ•|таковъііхъ
даръ|даръ
ли|лі
имаши|імаші
отъ|отъ
г҃а•|г҃а
послѹжи|послоужі
дх҃вьнꙑимъ|дх҃вьнъіімъ
вѣдѹштиимъ•|вѣдоущіімъ
ꙗко|ꙗко
ꙗже|ꙗже
г҃леши|г҃леші
г҃нѧ|г҃нѧ
сѫть•|сѫть
на|на
съꙁъдание|съзъданіе
д҃ховьнѫмѹ|д҃ховьнѫмоу
братьствѹ•|братьствоу
вьсѣмь|вьсѣмь
съмѣреномѫдриѥмь|съмѣреномѫдріемь
и|і
кротостиѭ•|кротостіѭ
еже|еже
есть|есть
добро|добро
и|і
польꙁьно|пользьно
чл҃кмъ•|чл҃кмъ
ѱано|псано
же|же
ѥсть|есть
въ|въ
притъчахъ•|прітъчахъ
не|не
похвали|похвалі
мѫжа|мѫжа
добротоѫ|добротоѫ
ѥго|его
и|і
не|не
бѫди|бѫді
ти|ті
мръꙁъкъ|мръзъкъ
видѣниемь|відѣніемь
своимь•|своімь
Мала|мала
въ|въ
пътицахъ|пътіцахъ
бьчела:|бьчела
и|і
начатъкъ|начатъкъ
сладости|сладості
плодъ|плодъ
ѥѧ•|еѧ
И|і
па҇ⷦ•|пак
мноꙁи|мнозі
мѫчителе|мѫчітеле
сѣдошѧ|сѣдошѧ
на|на
тьлѧхъ•|тьлѧхъ
неꙁаапѣѥмъи|незаапѣемъі
же|же
ѹвѧꙁе|оувѧзе
сѧ|сѧ
вѣньцемь•|вѣньцемь
и|і
въ|въ
прьвѣѥмь|прьвѣемь
отъ|отъ
цр҃ствии|цр҃ствіі
о|о
сн҃охъ|сн҃охъ
иосеовѣхъ•|іосеовѣхъ
рече|рече
г҃ъ|г҃ъ
къ|къ
самоилю|самоілю
не|не
ꙁьри|зьрі
на|на
лице|ліце
ѥмѹ•|емоу
ни|ні
на|на
величьство|велічьство
тѣла|тѣла
его|его
ꙗко|ꙗко
отъринѫхъ|отърінѫхъ
и•|і
ꙁане|зане
не|не
ꙗкоже|ꙗкоже
ꙁьрить|зьріть
б҃ъ•|б҃ъ
ꙁьрить|зьріть
чл҃къ•|чл҃къ
чл҃къ|чл҃къ
бо|бо
ꙁьрить|зьріть
въ|въ
лице•|ліце
а|а
б҃ъ|б҃ъ
въ|въ
ср҃це•|ср҃це
И|і
приведе|пріведе
иесѥи•|іесеі
ꙁ҃|з҃
с҃новъ|с҃новъ
своихъ|своіхъ
силънъихъ•|сілънъіхъ
и|і
ниѥдиногоже|ніедіногоже
иꙁбьра|ізбьра
отъ|отъ
нихъ|ніхъ
г҃ь•|г҃ь
нъ|нъ
тъчьѭ|тъчьѭ
отрочишта|отрочіща
дв҃да|дв҃да
не|не
чьтомааго|чьтомааго
отъ|отъ
чл҃къ•|чл҃къ
отъ|отъ
б҃а|б҃а
же|же
чътена•|чътена
кротъкааго|кротъкааго
и|і
съмѣренааго•|съмѣренааго
ѥмѹже|емоуже
и|і
съвѣдѣтелева|съвѣдѣтелева
потомь|потомь
б҃ъ|б҃ъ
г҃лѧ•|г҃лѧ
обрѣтохъ|обрѣтохъ
дв҃да|дв҃да
иесеова|іесеова
ср҃цѫ|ср҃цѫ
моѥмѹ•|моемоу
И|і
въ|въ
четврътъихъ|четврътъіхъ
црс҃твиихъ•|црс҃твііхъ
рече|рече
исаиꙗ|ісаіꙗ
пророкъ•|пророкъ
къ|къ
еꙁекии•|езекіі
тако|тако
г҃леть|г҃леть
г҃ъ•|г҃ъ
ѹничъжила|оунічъжіла
дѣвица|дѣвіца
дъшти|дъщі
сионѧ•|сіонѧ
на|на
тѧ|тѧ
главоѭ|главоѭ
покꙑва•|покъіва
И|і
приводить•|пріводіть
нѥ|не
въниде|въніде
въ|въ
градъ|градъ
съ•|съ
и|і
иꙁиде|ізіде
ан҃глъ|ан҃глъ
гн҃ъ•|гн҃ъ
и|і
иꙁби|ізбі
отъ|отъ
плъка|плъка
асуриискаго|асурііскаго
•р҃•|р҃
и|і
п҃|п҃
и|і
е҃|е҃
ть|ть
тꙑсѫштъ•|тъісѫщъ
дв҃дъ|дв҃дъ
же•|же
и|і
аꙁъ|азъ
бꙑхъ|бъіхъ
поношениѫ|поношеніѫ
имъ•|імъ
видѣшѧ|відѣшѧ
мѧ|мѧ
покꙑвашѧ|покъівашѧ
главами|главамі
своими•|своімі
и|і
ꙗко|ꙗко
чѫдѹ|чѫдоу
бꙑхъ|бъіхъ
многомъ•|многомъ
и|і
тꙑ|тъі
помоштън|помощън
икъ|ікъ
мои|моі
крѣпъкъ•|крѣпъкъ
И|і
иовъ•|іовъ
нꙑнѣ|нъінѣ
же|же
гѫсли|гѫслі
есмъ|есмъ
имъ|імъ
и|і
мѧ|мѧ
повѣсть|повѣсть
имѫть•|імѫть
и|і
понеже|понеже
повѣсть|повѣсть
имѣахѫ|імѣахѫ
и•|і
б҃ъ|б҃ъ
въꙁнесе|възнесе
и|і
велъми|велъмі
паче•|паче
Притьчъникъ|прітьчънікъ
же•|же
богатьство|богатьство
приложить|пріложіть
дрѹгꙑ|дроугъі
многꙑ•|многъі
а|а
ништьи•|ніщьі
и|і
отъ|отъ
сѫштааго|сѫщааго
раꙁлючаеть|разлючаеть
сѧ•|сѧ
Си|сі
потакъливъихъ•|потакълівъіхъ
и|і
чрѣвѹ|чрѣвоу
работаѫштиихъ•|работаѫщііхъ
сѫть|сѫть
иже|іже
на|на
врѣменнаꙗ|врѣменнаꙗ
въꙁираѫть|възіраѫть
тъчъѭ•|тъчъѭ
и|і
мѫдрость|мѫдрость
ништааго|ніщааго
ѹничъжена|оунічъжена
ѥсть•|есть
и|і
словеса|словеса
ѥго|его
не|не
сѫть|сѫть
слѹшаема•|слоушаема
а|а
си•|сі
раꙁгръдѣвъшиихъ|разгръдѣвъшііхъ
сѫть•|сѫть
И|і
въ|въ
ев҃агльи•|ев҃агльі
пришьдъ|прішьдъ
рече|рече
іу҃съ|іу҃съ
въ|въ
отьчьство|отьчьство
свое•|свое
ѹчааше|оучааше
въ|въ
сѫботꙑ•|сѫботъі
на|на
съньмиштиихъ•|съньміщііхъ
И|і
гл҃аахѹ•|гл҃аахоу
отъкѹдѹ|отъкоудоу
семѹ|семоу
си•|сі
и|і
чъто|чъто
прѣмѫдрость|прѣмѫдрость
данаꙗ|данаꙗ
ѥмѹ•|емоу
и|і
силꙑ|сілъі
таковꙑ|таковъі
рѹкама|роукама
ѥго|его
бꙑваѫть•|бъіваѫть
не|не
сь|сь
ли|лі
ѥсть|есть
тектоништьи|тектоніщьі
с҃нъ|с҃нъ
мариинъ•|маріінъ
и|і
брать|брать
же|же
иꙗковѹ|іꙗковоу
и|і
иосии•|іосіі
и|і
блажнѧахѹ|блажнѧахоу
сѧ|сѧ
о|о
немь•|немь
неꙁълобивъи|незълобівъі
г҃ъ|г҃ъ
вьсе|вьсе
тръпѧаше•|тръпѧаше
нашего|нашего
ради|раді
сп҃сениꙗ•|сп҃сеніꙗ
ѥмѹже|емоуже
слава|слава
въ|въ
вѣкꙑ|вѣкъі
вѣкомъ|вѣкомъ
АМИН|амін
О|о
НЕПОСМИꙖНИ|непосміꙗні
м҃ꙁ|м҃з
СИРѢЧЬ|сірѣчь
О|о
НЕПОРѪГАНЬИ:|непорѫганьі
Ѥже|еже
посмиꙗти|посміꙗті
сѧ|сѧ
и|і
ѹкарѧти.|оукарѧті
въпрѧжь|въпрѧжь
ѹбо|оубо
ѥсть|есть
едїна.|едіна
прѣмѣнена|прѣмѣнена
же.|же
орѫщи|орѫщі
беꙁмѣстьнаꙗ.|безмѣстьнаꙗ
и|і
жьнѫщи|жьнѫщі
плодꙑ|плодъі
плѣвельнꙑ|плѣвельнъі
иждьжениѥ|іждьженіе
огню.|огню
се|се
же|же
намъ|намъ
бꙑваѥть|бъіваеть
имьже|імьже
не|не
въꙁираѥмъ|възіраемъ
на|на
своꙗ|своꙗ
грѣхꙑ.|грѣхъі
ни|ні
їмамъ|імамъ
въ|въ
ѹмѣ|оумѣ
страшьнааго|страшьнааго
дьне|дьне
сѫдьнааго.|сѫдьнааго
въ|въ
ньже|ньже
наꙁи|назі
ꙗвлени|ꙗвлені
станемъ|станемъ
прѣдъ|прѣдъ
сѫдиѥѭ.|сѫдіеѭ
къжьдо|къжьдо
ꙁа|за
сѧ|сѧ
отъвѣщаваꙗ.|отъвѣщаваꙗ
и|і
длъгомъ|длъгомъ
искѹпѹꙗ|іскоупоуꙗ
сѧ.|сѧ
не|не
тъчьѭ|тъчьѭ
дѣловънъимъ|дѣловънъімъ
нъ|нъ
и|і
словесьнъимъ.|словесьнъімъ
и|і
мꙑсльнъимъ.|мъісльнъімъ
и|і
движьнъимъ.|двіжьнъімъ
аще|аще
бо|бо
бꙑмь|бъімь
симь|сімь
пекли|пеклі
сѧ.|сѧ
то|то
не|не
бꙑмь|бъімь
хвалили|хвалілі
сѧ.|сѧ
и|і
въꙁносили|възносілі
на|на
ѹньшѧꙗ|оуньшѧꙗ
насъ.|насъ
не|не
трѣбѣ|трѣбѣ
же|же
ѥсть|есть
братиѥ|братіе
моꙗ|моꙗ
хрьстиꙗномъ|хрьстіꙗномъ
намъ|намъ
сѫщемъ|сѫщемъ
тако|тако
жити.|жіті
ꙗко|ꙗко
и|і
не|не
имѹщиимъ|імоущіімъ
ѹпъваниꙗ|оупъваніꙗ
въстаниѭ.|въстаніѭ
нъ|нъ
паче|паче
имѣимъ|імѣімъ
покааниѥ|покааніе
наплънено|наплънено
сльꙁъ.|сльзъ
да|да
нꙑ|нъі
иꙁбавить|ізбавіть
горька|горька
мѹчениꙗ.|моученіꙗ
бл҃жни|бл҃жні
бо|бо
плачѫщеи|плачѫщеі
нꙑнѣ|нъінѣ
ꙗко|ꙗко
ти|ті
ѹтѣшѧть|оутѣшѧть
сѧ.|сѧ
плачѧ|плачѧ
же|же
и|і
сѧ|сѧ
своихъ|своіхъ
ꙁълъ.|зълъ
не|не
посмѣѥть|посмѣеть
же|же
сѧ|сѧ
ни|ні
порѫгаеть|порѫгаеть
сѧ|сѧ
иномѹ.|іномоу
Слꙑшить|слъішіть
бо|бо
притъчьника|прітъчьніка
гл҃ющѧ.|гл҃ющѧ
не|не
посмѣи|посмѣі
сѧ|сѧ
чл҃кѹ.|чл҃коу
сѫщѫ|сѫщѫ
въ|въ
горести|горесті
д҃шѧ|д҃шѧ
ѥго.|его
и|і
рѫгаꙗи|рѫгаꙗі
сѧ|сѧ
ѹбогѹмѹ.|оубогоумоу
раꙁдражаѥть|раздражаеть
створьшааго|створьшааго
и.|і
и|і
пакꙑ.|пакъі
Око|око
рѫгаѭщеѥ|рѫгаѭщее
сѧ|сѧ
оц҃ю.|оц҃ю
и|і
корѧщеѥ|корѧщее
старость|старость
матерьнѭ.|матерьнѭ
да|да
иꙁврьтѧть|ізврьтѧть
ѥ|е
врани.|врані
иꙁъ|ізъ
обочиѭ.|обочіѭ
къ|къ
стръпътивъимъ|стръпътівъімъ
бо|бо
стръпътьнꙑ|стръпътьнъі
пѫти|пѫті
посꙑлаѥть|посъілаеть
б҃ъ.|б҃ъ
и|і
пакы.|пакъі
подражаѥть|подражаеть
граждани|граждані
скѫдьноѹмьнꙑи:|скѫдьнооумьнъіі
мѫжь|мѫжь
же|же
мѹдръ|моудръ
беꙁмъвьѥ|безмъвье
дѣѥть.|дѣеть
И|і
иꙗковъ|іꙗковъ
же|же
ѹчѧ|оучѧ
гл҃ааше.|гл҃ааше
кто|кто
прм҃дръ|прм҃дръ
и|і
вѣдивъ|вѣдівъ
въ|въ
васъ.|васъ
да|да
ꙗвить|ꙗвіть
отъ|отъ
добра|добра
житиꙗ|жітіꙗ
дѣла|дѣла
своꙗ|своꙗ
въ|въ
кротости|кротості
мѫдростьнѣ•|мѫдростьнѣ
И|і
павлъ|павлъ
рече.|рече
срамота|срамота
же.|же
или|ілі
ѭродословиѥ.|ѭродословіе
или|ілі
смиꙗниѥ|сміꙗніе
ꙗже|ꙗже
не|не
подобаѫть.|подобаѫть
да|да
ни|ні
именѫѭть|іменѫѭть
сѧ|сѧ
въ|въ
васъ.|васъ
польꙁьнѣѥ|пользьнѣе
ѹбо|оубо
ѥсть|есть
паче|паче
порѹганѹ|пороуганоу
бꙑвати.|бъіваті
неже|неже
порѹговати.|пороуговаті
правьдьнии|правьдьніі
бо|бо
порѹгаѥми|пороугаемі
бꙑваѭть.|бъіваѭть
прѣдаѭть|прѣдаѭть
бо|бо
сѧ|сѧ
въ|въ
рѹкꙑ|роукъі
нечьстивъихъ|нечьстівъіхъ
по|по
иовѹ•|іовоу
И|і
пѣснивьць|пѣснівьць
же|же
рече•|рече
о|о
мнѣ|мнѣ
глѹмꙗахѹ|глоумꙗахоу
сѧ|сѧ
сѣдѧштеи|сѣдѧщеі
въ|въ
вратѣхъ•|вратѣхъ
и|і
о|о
мнѣ|мнѣ
поꙗхѹ|поꙗхоу
пиѫштеи|піѫщеі
вино•|віно
и|і
поношениꙗ|поношеніꙗ
поносѧштиихъ|поносѧщііхъ
тебѣ|тебѣ
нападѹ|нападоу
на|на
мⱑ•|мѧ
Въꙁбоимь|възбоімь
сѧ|сѧ
ѹбо|оубо
прѣштѥниꙗ|прѣщеніꙗ
г҃нѧ|г҃нѧ
гл҃ѫшта•|гл҃ѫща
горе|горе
смѣѫштиимъ|смѣѫщіімъ
сѧ|сѧ
нꙑнѧ•|нъінѧ
ꙗко|ꙗко
въсплачете|въсплачете
и|і
въꙁдрꙑдаете•|въздръідаете
и|і
отъстѹпимъ|отъстоупімъ
посмиꙗвати|посміꙗваті
сⱑ|сѧ
комѹ•|комоу
отъ|отъ
бестрашиꙗ|бестрашіꙗ
бо|бо
бꙑваеть|бъіваеть
смиꙗние•|сміꙗніе
да|да
нѥ|не
ѹслꙑшимъ|оуслъішімъ
и|і
мꙑ|мъі
отъ|отъ
г҃а•|г҃а
лицемѣре•|ліцемѣре
иꙁьми|ізьмі
прьвѣе|прьвѣе
брьвьно|брьвьно
иꙁ|із
очесе|очесе
твоѥго•|твоего
И|і
па҇ⷦ•|пак
ꙁълъи|зълъі
чл҃къ|чл҃къ
отъ|отъ
ꙁълааго|зълааго
съкровища|съкровіща
ср҃ца|ср҃ца
своего|своего
иꙁносить|ізносіть
ꙁълое•|зълое
отъ|отъ
иꙁбꙑтъка|ізбъітъка
бо|бо
ср҃чнааго|ср҃чнааго
гл҃ѫть|гл҃ѫть
ѹста•|оуста
тѣмьже|тѣмьже
братие•|братіе
Прилежъно|прілежъно
вьси|вьсі
молимъ|молімъ
сѧ|сѧ
благовольнѹмѹ|благовольноумоу
б҃ѹ|б҃оу
вьсегда|вьсегда
ѹкланѧти|оукланѧті
нꙑ|нъі
штедротамъ|щедротамъ
его|его
отъ|отъ
непольꙁьнꙑихъ•|непользьнъііхъ
и|і
иꙁносить|ізносіть
благаа|благаа
присно|прісно
о|о
х҃ѣ|х҃ѣ
сп҃сѣ|сп҃сѣ
д҃шь|д҃шь
нашихъ|нашіхъ
емѹже|емоуже
слава|слава
въ|въ
вѣкꙑ|вѣкъі
вѣкомъ:|вѣкомъ
АМИН|амін
м҃и|м҃і
О|о
ТОМЬ|томь
ѤЖЕ|еже
НЕ|не
ОСѪЖДАТИ|осѫждаті
Ѥже|еже
осѫждати|осѫждаті
горе|горе
вьсего|вьсего
ѥсть•|есть
ꙗже|ꙗже
бо|бо
мꙑ|мъі
мьнимъ|мьнімъ
осѫждати•|осѫждаті
они|оні
ѹбо|оубо
тѧготꙑ|тѧготъі
обльгъчаѫть•|обльгъчаѫть
мꙑ|мъі
же|же
въ|въ
нихъ|ніхъ
мѣсто|мѣсто
тѧготꙑ|тѧготъі
подъѥмлемъ•|подъемлемъ
и|і
обрѣтаемъ|обрѣтаемъ
сѧ|сѧ
сами|самі
себе|себе
осѫждаѫште•|осѫждаѫще
вьсѣмь|вьсѣмь
ѹбо|оубо
тъштаниемь|тъщаніемь
въꙁлюбении•|възлюбеніі
бѣжимъ|бѣжімъ
не|не
осѫждати|осѫждаті
никогоже•|нікогоже
поношение|поношеніе
бо|бо
намъ|намъ
ѥсть|есть
велие•|веліе
неисцѣльно|неісцѣльно
болѧштемъ•|болѧщемъ
и|і
неѹдълѣчьбьнꙑ|неоудълѣчьбьнъі
гноꙗ|гноꙗ
имѫштемъ•|імѫщемъ
и|і
подъ|подъ
длъгъмь|длъгъмь
сѫштемъ|сѫщемъ
намъ|намъ
тьмами|тьмамі
длъгъ•|длъгъ
тѹждиихъ|тоуждііхъ
грѣхъ|грѣхъ
пꙑтати•|пъітаті
и|і
наꙁирати•|назіраті
нѣсть|нѣсть
бо|бо
добро|добро
осѫждати|осѫждаті
блѹдьника•|блоудьніка
аште|аще
прочеѥ|прочее
цѣломѫдръ|цѣломѫдръ
бѫдеть•|бѫдеть
добро|добро
же|же
бѣжати|бѣжаті
дѣаниꙗ•|дѣаніꙗ
не|не
ѹкорѧшти|оукорѧщі
съдѣавьшааго•|съдѣавьшааго
рекъи|рекъі
бо|бо
не|не
ѹбии•|оубіі
рече|рече
и|і
не|не
осѹди•|осоуді
аште|аще
ли|лі
осѫждаѥши•|осѫждаеші
съ|съ
тѣмь|тѣмь
осѫждаеши|осѫждаеші
сѧ•|сѧ
имьже|імьже
осѫждаеши•|осѫждаеші
не|не
намъ|намъ
бо|бо
есть|есть
сѫдити•|сѫдіті
или|ілі
осѫждати•|осѫждаті
нъ|нъ
единомѹ|едіномоу
великѹмѹ|велікоумоу
сѫдии•|сѫдіі
съвѣдѹштѹмѹ|съвѣдоущоумоу
ср҃ца|ср҃ца
нашѧ•|нашѧ
и|і
таинаꙗ|таінаꙗ
вьсего|вьсего
ѥстьства•|естьства
къто|къто
похвалить|похваліть
сѧ|сѧ
чисто|чісто
имѣти|імѣті
ср҃це•|ср҃це
или|ілі
къто|къто
дрьꙁнеть|дрьзнеть
решти•|рещі
ч҃тъ|ч҃тъ
есмь|есмь
отъ|отъ
грѣхъ•|грѣхъ
Не|не
моꙁѣмъ|мозѣмъ
ѹбо|оубо
беꙁочънѣ•|безочънѣ
и|і
беꙁостѹдьнѣ|безостоудьнѣ
осѫждати|осѫждаті
съгрѣшаѫштиихъ•|съгрѣшаѫщііхъ
аште|аще
и|і
въ|въ
сама|сама
послѣдьнѧꙗ|послѣдьнѧꙗ
ꙁълобꙑ|зълобъі
доидѫть•|доідѫть
аште|аще
и|і
пѹсти|поусті
бѫдѹть|бѫдоуть
добрꙑѧ|добръіѧ
дѣтѣли•|дѣтѣлі
и|і
отътѧгнѫть|отътѧгнѫть
сѧ|сѧ
длъжѣѥ•|длъжѣе
и|і
вьсе|вьсе
по|по
видимѹмѹ|відімоумоу
просмрадѧть|просмрадѧть
естьствьноѥ|естьствьное
доброе|доброе
ѹстроение:|оустроеніе
ѥсть|есть
бо|бо
таковꙑмь|таковъімь
нѣкъгда•|нѣкъгда
въꙁбъдъши|възбъдъші
къ|къ
б҃ѹ|б҃оу
въꙁьрѣти•|възьрѣті
и|і
тольми|тольмі
бꙑти|бъіті
блиꙁъ|блізъ
ногѹ|ногоу
г҃нѹ•|г҃ноу
ѥльма|ельма
далече|далече
бѣшѧ:|бѣшѧ
ѥсть|есть
же|же
въспоплъꙁаѧи|въспоплъзаѧі
сѧ|сѧ
словомь•|словомь
и|і
не|не
отъ|отъ
д҃ша•|д҃ша
къто|къто
же|же
есть|есть
иже|іже
не|не
съгрѣшилъ|съгрѣшілъ
ꙗꙁ҃кмь|ꙗз҃кмь
своимь•|своімь
мꙑ|мъі
ѹбо•|оубо
ꙗже|ꙗже
нꙑ|нъі
сѫть|сѫть
повелѣна•|повелѣна
та|та
помꙑшлѧимъ•|помъішлѧімъ
сирѣчь|сірѣчь
плакати|плакаті
сѧ|сѧ
и|і
рꙑдати|ръідаті
подобаеть|подобаеть
своихъ|своіхъ
прѣгрѣшении•|прѣгрѣшеніі
и|і
молити|моліті
сѧ|сѧ
б҃ѹ|б҃оу
да|да
очистить|очістіть
нꙑ|нъі
отъ|отъ
гнильства|гнільства
нашего•|нашего
и|і
съпострадати•|съпострадаті
и|і
съпоболѣти•|съпоболѣті
съ|съ
ѥдинородьникꙑ•|едінородьнікъі
и|і
ѥдинотѣлесьникꙑ•|едінотѣлесьнікъі
и|і
ѥдинохрьстьникꙑ•|едінохрьстьнікъі
тѣми|тѣмі
бо|бо
благогодить|благогодіть
сѧ|сѧ
б҃ъ•|б҃ъ
Припосълаеть|пріпосълаеть
же|же
и|і
ап҃лъ|ап҃лъ
г҃лѧ•|г҃лѧ
тꙑ|тъі
чъто|чъто
сѫдиши|сѫдіші
братѹ|братоу
своѥмѹ•|своемоу
или|ілі
тꙑ|тъі
чьто|чьто
ѹничьжаѥши|оунічьжаеші
брата|брата
своѥго•|своего
вьси|вьсі
бо|бо
прѣдъстанемъ|прѣдъстанемъ
на|на
сѫдишти|сѫдіщі
хв҃ѣ•|хв҃ѣ
Тѣмьже|тѣмьже
ѹбо|оубо
къжъдо|къжъдо
насъ•|насъ
ꙁа|за
сѧ|сѧ
слово|слово
дасть|дасть
б҃ѹ•|б҃оу
да|да
къ|къ
томѹ|томоу
ѹже|оуже
дрѹгъ|дроугъ
дрѹга|дроуга
не|не
осѫждаимъ•|осѫждаімъ
нъ|нъ
сѫдите|сѫдіте
паче•|паче
ѥже|еже
не|не
полагати|полагаті
прѣтꙑканиꙗ|прѣтъіканіꙗ
братѹ|братоу
ли|лі
съблаꙁна•|съблазна
И|і
наносить•|наносіть
тѣмьже|тѣмьже
беꙁъотъвѣтьнъ|безъотъвѣтьнъ
ѥси|есі
о|о
чл҃че|чл҃че
вьсь|вьсь
сѫдѧи•|сѫдѧі
имьже|імьже
бо|бо
сѫдомь|сѫдомь
осѫждаѥши|осѫждаеші
дрѹга•|дроуга
сѧ|сѧ
осѫждаѥши•|осѫждаеші
тажде|тажде
бо|бо
дѣѥши|дѣеші
сѫдѧи•|сѫдѧі
вѣмь|вѣмь
бо|бо
ꙗко|ꙗко
сѫдъ|сѫдъ
бж҃ьи|бж҃ьі
ѥсть|есть
по|по
истинѣ•|істінѣ
на|на
творѧштаꙗ|творѧщаꙗ
таковаа•|таковаа
И|і
па҇ⷦ•|пак
вѣмь|вѣмь
рекъшааго•|рекъшааго
Мьнѣ|мьнѣ
мьсть•|мьсть
аꙁъ|азъ
въꙁдамь|въздамь
гл҃еть|гл҃еть
г҃ъ•|г҃ъ
и|і
ꙗко|ꙗко
сѫдить|сѫдіть
г҃ъ|г҃ъ
людьмъ|людьмъ
своимъ•|своімъ
Такожде|такожде
и|і
иꙗковъ|іꙗковъ
сижде|сіжде
приг҃леть•|пріг҃леть
ѥдинъ|едінъ
ѥсть|есть
ꙁаконодавьць|законодавьць
и|і
сѫди•|сѫді
могꙑ|могъі
сп҃сти|сп҃сті
и|і
погѫбити•|погѫбіті
а|а
тꙑ|тъі
къто|къто
еси|есі
осѫждаѧи|осѫждаѧі
дрѹга|дроуга
И|і
па҇ⷦ•|пак
павлъ•|павлъ
тꙑ|тъі
къто|къто
ѥси|есі
осѹждаꙗи|осоуждаꙗі
тѹждааго|тоуждааго
раба•|раба
своѥмѹ|своемоу
г҃ю|г҃ю
стоить|стоіть
ли|лі
падаеть•|падаеть
станеть|станеть
же•|же
сильнь|сільнь
бо|бо
ѥсть|есть
б҃ъ•|б҃ъ
поставити|поставіті
и•|і
И|і
г҃ъ•|г҃ъ
не|не
сѫдите|сѫдіте
да|да
не|не
сѫдѧть|сѫдѧть
вамъ•|вамъ
и|і
не|не
осѫждаите•|осѫждаіте
да|да
не|не
осѫдѧть|осѫдѧть
васъ•|васъ
сѥ|се
глаголюштюмѹ|глаголющоумоу
б҃ѹ|б҃оу
слава|слава
въ|въ
вѣкꙑ|вѣкъі
вѣкомъ|вѣкомъ
АМИН|амін
Ꙍ|о
ТОМЬ|томь
ѤЖЕ|еже
НЕ|не
м҃ѳ|м҃ѳ
СЪБЛАЖНѦТИ|съблажнѧті
Вьсѣмь|вьсѣмь
хранениѥмь|храненіемь
блюдѣмъ|блюдѣмъ
сѧ|сѧ
братие•|братіе
не|не
дати|даті
винꙑ|вінъі
съблаꙁнѹ|съблазноу
и|і
прѣтꙑканиѭ|прѣтъіканіѭ
никомѹже•|нікомоуже
да|да
гонеꙁнемъ|гонезнемъ
окааниꙗ|окааніꙗ
пр҃рчска|пр҃рчска
и|і
ап҃лска•|ап҃лска
и|і
самого|самого
вл҃кꙑ|вл҃къі
нашего|нашего
и|і
чл҃колюбьца|чл҃колюбьца
х҃а•|х҃а
Прьвоѥ|прьвое
ѹбо|оубо
про҇ⷦ|прок
амбакѹмъ|амбакоумъ
лютѣ|лютѣ
рече|рече
напаꙗѫштюмѹ|напаꙗѫщоумоу
искрънаго|іскрънаго
своего|своего
прѣтъчениемь|прѣтъченіемь
грѣꙁьномь•|грѣзьномь
И|і
ѥклисиастъ•|еклісіастъ
иꙁдрꙑваꙗ|іздръіваꙗ
и|і
ꙗмѹ|ꙗмоу
искрьнюмѹ|іскрьнюмоу
своемѹ•|своемоу
въпадеть|въпадеть
сѧ|сѧ
въ|въ
нѫ•|нѫ
и|і
валѧи|валѧі
камень|камень
на|на
сѧ|сѧ
валить•|валіть
и|і
орѧштааго|орѧщааго
оплотъ|оплотъ
хопитъ|хопітъ
и|і
ꙁмиꙗ•|зміꙗ
И|і
притъчьникъ•|прітъчьнікъ
отъими|отъімі
отъ|отъ
себѥ|себе
стръпътива|стръпътіва
ѹста•|оуста
и|і
обидьливꙑ|обідьлівъі
ѹстьнꙑ|оустьнъі
далече|далече
себе|себе
створи•|створі
ꙗко|ꙗко
прѣдъ|прѣдъ
очима|очіма
бж҃ьима|бж҃ьіма
сѫть|сѫть
пѫтие|пѫтіе
мѫжю•|мѫжоу
Ап҇ⷪлъ|аполъ
же|же
евреомъ•|евреомъ
Ꙁемѧ|земѧ
бо|бо
рече|рече
пивъшиѧ|півъшіѧ
съходѧштааго|съходѧщааго
на|на
нѫ|нѫ
мъногашьдꙑ|мъногашьдъі
дъжда•|дъжда
и|і
раждаѭшти|раждаѭщі
бꙑль|бъіль
благѫ•|благѫ
онѣмъ•|онѣмъ
ихъже|іхъже
ради|раді
дѣлаѥма|дѣлаема
ѥсть•|есть
приѥметь|пріеметь
бл҃гние|бл҃гніе
ѿ|от
б҃а•|б҃а
иꙁносѧшти|ізносѧщі
же|же
трьниѥ|трьніе
и|і
влъчьцъ•|влъчьцъ
неключима•|неключіма
и|і
клѧтвꙑ|клѧтвъі
блиꙁъ•|блізъ
сеи|сеі
же|же
коньчина|коньчіна
пожьжение•|пожьженіе
се|се
о|о
вѣрьнѣѥмь|вѣрьнѣемь
съблаꙁнѣ|съблазнѣ
гл҃ааше|гл҃ааше
имъ•|імъ
ꙗко|ꙗко
приимъшемъ|пріімъшемъ
ѹбо|оубо
сѣмѧ|сѣмѧ
словесе•|словесе
трьновьнꙑими|трьновьнъіімі
же|же
мꙑсльми|мъісльмі
съдавꙗѫште|съдавꙗѫще
слово•|слово
и|і
не|не
творѧште|творѧще
плода•|плода
римѧнемъ|рімѧнемъ
же|же
рече•|рече
молю|молю
же|же
вꙑ|въі
братие|братіе
блюсти|блюсті
сѧ|сѧ
творѧштиихъ|творѧщііхъ
распьрѧ|распьрѧ
съблаꙁнꙑ|съблазнъі
паче|паче
ѹчениꙗ|оученіꙗ
ѥмѹже|емоуже
вꙑ|въі
наѹчисте|наоучісте
сѧ•|сѧ
и|і
ѹклоните|оуклоніте
сѧ|сѧ
отъ|отъ
нихъ•|ніхъ
таковии|таковіі
бо|бо
г҃ю|г҃ю
нашемѹ|нашемоу
і҃у|і҃у
х҃ѹ|х҃оу
не|не
работаѫть•|работаѫть
нъ|нъ
своѥмѹ|своемоу
чрѣвѹ•|чрѣвоу
и|і
благъими|благъімі
словесꙑ|словесъі
и|і
бл҃гниѥмь•|бл҃гніемь
лъстѧть|лъстѧть
ср҃ца|ср҃ца
неꙁълобивъихъ•|незълобівъіхъ
И|і
па҇ⷦ•|пак
блюдѣте|блюдѣте
сѧ•|сѧ
ѥда|еда
како|како
власть|власть
вашѧ|вашѧ
си•|сі
прѣтꙑкание|прѣтъіканіе
бѫдеть|бѫдеть
нѥмоштьнꙑимъ•|немощьнъіімъ
аште|аще
бо|бо
рече|рече
видить|відіть
тѧ|тѧ
къто|къто
имѫштааго|імѫщааго
раꙁѹмъ|разоумъ
въ|въ
трѣбишти|трѣбіщі
въꙁлежашта•|възлежаща
не|не
съвѣсть|съвѣсть
ли|лі
ѥмѹ|емоу
немоштьнѫ|немощьнѫ
сюштю•|сющоу
съꙁиждеть|съзіждеть
сѧ|сѧ
ꙗсти|ꙗсті
идоложрътвънаа•|ідоложрътвънаа
И|і
приводить•|пріводіть
погꙑбнеть|погъібнеть
бо|бо
немоштьнѹꙗи|немощьноуꙗі
брать|брать
въ|въ
твоемь|твоемь
раꙁѹмѣ•|разоумѣ
ѥгожѥ|егоже
ради|раді
х҃ъ|х҃ъ
ѹмрѣ•|оумрѣ
такожде|такожде
ихъ|іхъ
тепѫштѥ|тепѫще
съвѣсть•|съвѣсть
въ|въ
х҃а|х҃а
съгрѣшаѥте•|съгрѣшаете
И|і
па҇ⷦ•|пак
въскѫѭ|въскѫѭ
бо|бо
свобода|свобода
моꙗ|моꙗ
сѫдить|сѫдіть
сѧ|сѧ
отъ|отъ
иноꙗ|іноꙗ
съвѣсти•|съвѣсті
аште|аще
аꙁъ|азъ
благодѣти|благодѣті
причащаѫ|прічащаѫ
сѧ•|сѧ
почьто|почьто
хѹлѹ|хоулоу
приемѭ|пріемѭ
о|о
немьже|немьже
аꙁъ|азъ
похвалѧѭ•|похвалѧѭ
Г҃ъ|г҃ъ
же|же
отъвѣшта|отъвѣща
г҃лѧ•|г҃лѧ
иже|іже
аште|аще
съблажнѧѥть|съблажнѧеть
единого|едіного
малꙑихъ|малъііхъ
сихъ•|сіхъ
ѹне|оуне
ѥмѹ|емоу
бꙑ|бъі
да|да
обѣсѧть|обѣсѧть
жръновь|жръновь
осъльскꙑи|осъльскъіі
о|о
вꙑи|въіі
его•|его
и|і
потопѧть|потопѧть
и|і
въ|въ
пѫчинѣ|пѫчінѣ
морьсцѣ•|морьсцѣ
нежели+|нежелі
съблаꙁнить|съблазніть
ѥдиного|едіного
малꙑихъ|малъііхъ
сихъ•|сіхъ
И|і
приносить•|пріносіть
блюдѣте|блюдѣте
сѧ|сѧ
не|не
нерадите|нерадіте
о|о
единомь|едіномь
малꙑихъ|малъііхъ
сихъ•|сіхъ
г҃лѫ|г҃лѫ
бо|бо
вамъ•|вамъ
ꙗко|ꙗко
аньгели|аньгелі
ихъ|іхъ
на|на
нб҃сехъ•|нб҃сехъ
вꙑинѫ|въіінѫ
видѧть|відѧть
лице|ліце
оц҃а|оц҃а
моѥго•|моего
И|і
вътороѥ|въторое
горе|горе
мирѹ|міроу
отъ|отъ
блаꙁновъ•|блазновъ
неволѧ|неволѧ
бо|бо
ѥсть|есть
прити|пріті
блаꙁномъ•|блазномъ
обачѥ|обаче
лютѣ|лютѣ
чл҃кѹ|чл҃коу
томѹ|томоу
имьже|імьже
блаꙁнъ|блазнъ
приходить•|пріходіть
и|і
егоже|егоже
да|да
бꙑ|бъі
нꙑ|нъі
вьсѧ|вьсѧ
иꙁбавилъ|ізбавілъ
благꙑи|благъіі
нашъ|нашъ
б҃ъ|б҃ъ
емѹжѥ|емоуже
слава|слава
въ|въ
вѣкꙑ|вѣкъі
вѣкꙩмъ|вѣкомъ
АМИН|амін
н҃|н҃
Ꙍ|о
ТОМЬ|томь
ѤЖЕ|еже
НЕ|не
ХОУЛИТИ|хоуліті
Хѹлѧи|хоулѧі
искрънѧаго|іскрънѧаго
при|прі
коѥмь|коемь
любо|любо
прѣгрѣшении•|прѣгрѣшеніі
тѣмижде|тѣміжде
сѣтьми|сѣтьмі
обѧжеть|обѧжеть
сѧ•|сѧ
ѥже|еже
бо|бо
сѣеть|сѣеть
чл҃къ•|чл҃къ
то|то
же|же
и|і
пожьнеть•|пожьнеть
оставить|оставіть
бо|бо
сѧ|сѧ
отъ|отъ
б҃а|б҃а
ꙁа|за
беꙁмилование|безмілованіе
и|і
величаниѥ•|велічаніе
и|і
въ|въ
тъжде|тъжде
грѣхъ|грѣхъ
въпадеть•|въпадеть
аште|аще
не|не
покааниемь|покааніемь
ѹмолить|оумоліть
б҃а|б҃а
исповѣдаꙗ|ісповѣдаꙗ
грѣхъ|грѣхъ
свои•|своі
а|а
хѹленꙑ•|хоуленъі
аште|аще
бе-съмѧтениꙗ|бесъмѧтеніꙗ
и|і
похвальнѣ|похвальнѣ
прииметь|прііметь
поношение|поношеніе
помꙑсливъ|помъіслівъ
себе|себе
повинна|повінна
сѫшта|сѫща
похѹлениѭ•|похоуленіѭ
ꙁа|за
съмѣрение|съмѣреніе
ѥго|его
б҃ъ|б҃ъ
покрꙑваѥтъ|покръіваетъ
и•|і
да|да
къ|къ
томѹ|томоу
тѣмижде|тѣміжде
не|не
бѹдеть|боудеть
побѣждаемъ|побѣждаемъ
грѣхꙑ•|грѣхъі
поношениѥ|поношеніе
бо|бо
чл҃кѹ|чл҃коу
скръбь|скръбь
ѹбо|оубо
подаеть|подаеть
ср҃цю|ср҃цоу
чистотѣ|чістотѣ
же|же
бꙑваѥть|бъіваеть
вива|віва
тръпѧшѹмѹ•|тръпѧшоумоу
и|і
елико|еліко
аште|аще
къто|къто
ꙁа|за
истинѹ|істіноу
хв҃ѫ|хв҃ѫ
прииметь|прііметь
срамъ|срамъ
множьнѣе|множьнѣе
отъ|отъ
множъства|множъства
прославленъ|прославленъ
бѫдеть•|бѫдеть
и|і
ѹслꙑшить|оуслъішіть
отъ|отъ
челеснааго|челеснааго
врача•|врача
дш҃ь|дш҃ь
нашихъ•|нашіхъ
ѭже|ѭже
съдравъ|съдравъ
бꙑ҇ⷭ•|бъіс
къ|къ
томѹ|томоу
не|не
съгрѣшаи•|съгрѣшаі
Гл҃еть|гл҃еть
же|же
и|і
нѣкꙑи|нѣкъіі
прѣмѹдръ•|прѣмоудръ
не|не
хѹли|хоулі
чл҃ка|чл҃ка
обраштаѫшта|обращаѫща
сѧ|сѧ
отъ|отъ
хрѣхъ•|хрѣхъ
нъ|нъ
паче|паче
промꙑшлѧи|промъішлѧі
добраꙗ|добраꙗ
прѣдъ|прѣдъ
г҃мь|г҃мь
и|і
чл҃кꙑ•|чл҃къі
блюдѣмъ|блюдѣмъ
ѹбо|оубо
въꙁлюбѥнии|възлюбеніі
ср҃це|ср҃це
ꙋтвръждено•|оутвръждено
не|не
смотрити|смотріті
тѹждиихъ|тоуждііхъ
грѣхъ|грѣхъ
ни|ні
поносити•|поносіті
Да|да
не|не
ѹслꙑшимъ|оуслъішімъ
отъ|отъ
дв҃да•|дв҃да
сн҃ове|сн҃ове
чл҃чи|чл҃чі
ꙁѫби|зѫбі
ихъ|іхъ
орѹжиꙗ|ороужіꙗ
и|і
стрѣлꙑ•|стрѣлъі
и|і
ꙗꙁꙑкъ|ꙗзъікъ
ихъ|іхъ
мечь|мечь
остръ•|остръ
Ибо|ібо
и|і
иѡвли|іовлі
дрѹꙁи•|дроузі
поносѧште|поносѧще
ѥмѹ|емоу
г҃лаахѹ•|г҃лаахоу
къде|къде
ѥсть|есть
домъ|домъ
кънѧжъи•|кънѧжъі
И|і
па҇ⷦ:|пак
дѣи|дѣі
ли|лі
аште|аще
тꙑ|тъі
ѹмьреши•|оумьреші
пѹсто|поусто
бѫде|бѫде
подънб҃сие•|подънб҃сіе
Елифаꙁъ|еліфазъ
же•|же
не|не
ꙁълоба|зълоба
ли|лі
твоꙗ|твоꙗ
есть|есть
многа|многа
бештислъни|бещіслъні
же|же
сѫть|сѫть
грѣси|грѣсі
твои•|твоі
ѹтвръждааше|оутвръждааше
же|же
братиѫ|братіѫ
своѭ|своѭ
беꙁ|без
ѫма•|ѫма
облъчениѥ|облъченіе
же|же
нагꙑихъ|нагъііхъ
ѿѧ•|отѧ
ни|ні
водꙑ|водъі
жадаѫштиихъ|жадаѫщііхъ
напои•|напоі
нъ|нъ
алчънꙑѧ|алчънъіѧ
лиши|ліші
хлѣба•|хлѣба
въдовица|въдовіца
жѥ|же
отъпѹсти|отъпоусті
тъштꙗ•|тъща
сиротꙑ|сіротъі
же|же
оꙁлоби•|озлобі
тѣмьже|тѣмьже
ѹбо|оубо
обидошѧ|обідошѧ
тѧ|тѧ
сѣти•|сѣті
Сѥ|се
же|же
лъжѫще|лъжѫще
поношаахѹ|поношаахоу
ѥмѹ•|емоу
не|не
ненависти|ненавісті
же|же
ради•|раді
нъ|нъ
ꙁане|зане
съмѣрилъ|съмѣрілъ
сѧ|сѧ
бѣаше|бѣаше
гл҃ꙑ•|гл҃ъі
Единъ|едінъ
бо|бо
родъ|родъ
бѣахѹ•|бѣахоу
елифаꙁъ|еліфазъ
бо|бо
братъ|братъ
оц҃а|оц҃а
ѥго|его
прьвъи•|прьвъі
Обаче|обаче
правьдивъи|правьдівъі
трьпѣаше|трьпѣаше
добльнѣ•|добльнѣ
цѣи|цѣі
въ|въ
такои|такоі
ꙗꙁвѣ|ꙗзвѣ
сꙑ•|съі
и|і
поносимъ•|поносімъ
молѧаше|молѧаше
ꙁа|за
нѧ|нѧ
б҃а•|б҃а
и|і
аште|аще
не|не
бꙑ|бъі
молилъ|молілъ
ꙁа|за
нѧ|нѧ
иовъ•|іовъ
погѹбилъ|погоубілъ
бꙑ|бъі
ѧ|ѧ
б҃ъ•|б҃ъ
И|і
се|се
ѹбо|оубо
о|о
иовѣ•|іовѣ
а|а
и|і
чл҃къ|чл҃къ
обꙑча|объіча
сѧ|сѧ
словесꙑ|словесъі
поносьливꙑ•|поносьлівъі
въ|въ
вьсѧ|вьсѧ
д҃ни|д҃ні
своꙗ|своꙗ
не|не
накажеть|накажеть
по|по
книгамъ•|кнігамъ
мꙑ|мъі
же|же
хръстьꙗни|хръстьꙗні
пѫтьмь|пѫтьмь
с҃тꙑихъ|с҃тъііхъ
ходѧште|ходѧще
рьцѣмъ•|рьцѣмъ
ꙗко|ꙗко
аште|аще
бꙑ|бъі
врагъ|врагъ
поносилъ|поносілъ
ми•|мі
прѣтрьпѣлъ|прѣтрьпѣлъ
ѹбо|оубо
бꙑмь•|бъімь
и|і
аще|аще
бꙑ|бъі
ненавидѧи|ненавідѧі
мене|мене
на|на
мѧ|мѧ
вельрѣчевалъ•|вельрѣчевалъ
ѹкрꙑлъ|оукръілъ
сѧ|сѧ
бꙑмь|бъімь
отъ|отъ
него•|него
и|і
еже|еже
въсъ|въсъ
дьнь|дьнь
поношѧахѫ|поношѧахѫ
ми|мі
враꙁи|вразі
мои•|моі
и|і
хвалѧштеи|хвалѧщеі
мѧ|мѧ
мъноѫ|мъноѫ
кльнѧахѹ|кльнѧахоу
сѧ•|сѧ
аꙁъ|азъ
же|же
ꙗко|ꙗко
и|і
глѹхъ|глоухъ
не|не
слꙑшахъ•|слъішахъ
рече|рече
же|же
и|і
блаженъи|блаженъі
петръ•|петръ
аште|аще
поносѧть|поносѧть
вамъ|вамъ
и|і
о|о
имени|імені
х҃вѣ•|х҃вѣ
блажѥни|блажені
ꙗко|ꙗко
славꙑ|славъі
и|і
силꙑ•|сілъі
и|і
бж҃ьи|бж҃ьі
д҃хъ|д҃хъ
на|на
васъ|васъ
почиваеть•|почіваеть
И|і
ап҃лъ|ап҃лъ
павлъ•|павлъ
вь|вь
се|се
бо|бо
трѹждаѥмъ|троуждаемъ
сѧ|сѧ
и|і
поношение|поношеніе
приемемъ•|пріемемъ
ꙗко|ꙗко
ѹпъвахомъ•|оупъвахомъ
на|на
б҃а|б҃а
жива•|жіва
иже|іже
ѥсть|есть
сп҃съ|сп҃съ
вьсѣмъ|вьсѣмъ
чл҃кмъ•|чл҃кмъ
паче|паче
же|же
вѣрьнꙑихъ•|вѣрьнъііхъ
и|і
г҃а|г҃а
на|на
крьстѣ|крьстѣ
мимоходѧштеи|мімоходѧщеі
хѹлѧахѹ|хоулѧахоу
кьѫште|кьѫще
главами•|главамі
такожде|такожде
и|і
архиереи|архіереі
съ|съ
кънижъникꙑ|къніжънікъі
рѫгаѫште|рѫгаѫще
сѧ|сѧ
гл҃аахѹ•|гл҃аахоу
инꙑ|інъі
ѹбо|оубо
сп҃слъ|сп҃слъ
есть•|есть
а|а
ли|лі
себе|себе
не|не
можеть|можеть
сп҃сти•|сп҃сті
Такожде|такожде
же|же
и|і
раꙁбоиника|разбоініка
распѧтаꙗ|распѧтаꙗ
съ|съ
нимь|німь
поношѧаста|поношѧаста
емѹ•|емоу
Длъготрьпѣливꙑи|длъготрьпѣлівъіі
же|же
г҃ъ•|г҃ъ
сѫпротивь•|сѫпротівь
молѧаше|молѧаше
ꙁа|за
нѧ|нѧ
оц҃а|оц҃а
и|і
глааше|глааше
оч҃е•|оч҃е
остави|оставі
їмъ|імъ
грѣхъ|грѣхъ
не|не
вѣдѧть|вѣдѧть
бо|бо
чьто|чьто
творѧть•|творѧть
и|і
прѣжде|прѣжде
того|того
дрьꙁꙑ|дрьзъі
творѧ|творѧ
ѹченикꙑ|оученікъі
гл҃ааше•|гл҃ааше
блажени|блажені
есте•|есте
ѥгда|егда
хѹлѧть|хоулѧть
вꙑ|въі
и|і
отъженѹть|отъженоуть
вꙑ|въі
и|і
рекѹть|рекоуть
вьсе|вьсе
ꙁъло|зъло
слово|слово
на|на
вꙑ|въі
лъжѫште|лъжѫще
мене|мене
ради•|раді
радѹите|радоуіте
сѧ|сѧ
и|і
веселите|веселіте
ꙗко|ꙗко
мьꙁда|мьзда
ваша|ваша
мънога|мънога
есть|есть
на|на
нб҃сѣхъ•|нб҃сѣхъ
о|о
х҃ѣ|х҃ѣ
і҃сѣ|і҃сѣ
сп҃сѣ|сп҃сѣ
нашѥмь|нашемь
емѹже|емоуже
слава|слава
въ|въ
вѣкꙑ|вѣкъі
вѣкомъ|вѣкомъ
АМИН|амін
н҃а|н҃а
О|о
ТОМЬ|томь
ѤЖЕ|еже
НЕ|не
ВЪꙀДАꙖТИ|въздаꙗті
ꙀЪЛА|зъла
ꙀА|за
ꙀЪ|зъ
ⷧ҇|л
ⷶ|а
Прьвѣе|прьвѣе
ѹбо•|оубо
о|о
не|не
понашати•|понашаті
нъ|нъ
поношение|поношеніе
приимати|прііматі
мало|мало
гл҃авъше•|гл҃авъше
Нꙑнѣ|нъінѣ
о|о
не|не
въꙁдаꙗти|въздаꙗті
ꙁъла•|зъла
слово|слово
прѣнесѣмъ•|прѣнесѣмъ
аште|аще
ѹбо|оубо
хоштемъ|хощемъ
сънаслѣдьни|сънаслѣдьні
х҃ѹ|х҃оу
бꙑти•|бъіті
то|то
подражателе|подражателе
бѫдѣмъ|бѫдѣмъ
хв҃омъ|хв҃омъ
любеникомъ•|любенікомъ
Подобимъ|подобімъ
сѧ|сѧ
кротости|кротості
д҃довѣ|д҃довѣ
да|да
и|і
мꙑ|мъі
ѹслꙑшимъ|оуслъішімъ
отъ|отъ
б҃а•|б҃а
Обрѣтохъ|обрѣтохъ
мѫжа|мѫжа
противѫ|протівѫ
ср҃цѫ|ср҃цѫ
моѥмѹ•|моемоу
обрѣтохъ|обрѣтохъ
бо|бо
рече|рече
прѣблагꙑи•|прѣблагъіі
и|і
благолюбьць•|благолюбьць
мѫжа|мѫжа
по|по
ср҃цѹ|ср҃цоу
моемѹ•|моемоу
иже|іже
сътворить|сътворіть
вьсѧ|вьсѧ
волѧ|волѧ
моꙗ•|моꙗ
О|о
непамѧтивѣѥмь|непамѧтівѣемь
ꙁълѹ|зълоу
д҃дѣ•|д҃дѣ
и|і
о|о
враꙁѣхъ|вразѣхъ
блаꙁѣѥмь•|блазѣемь
и|і
мꙑ|мъі
ѹбо|оубо
не|не
сътворимъ|сътворімъ
ничесоже|нічесоже
на|на
мьщение|мьщеніе
брата|брата
обидѣвъшааго|обідѣвъшааго
нꙑ•|нъі
да|да
не|не
стръпътьно|стръпътьно
намъ|намъ
бѫдеть|бѫдеть
въ|въ
врѣмѧ|врѣмѧ
мл҃твꙑ•|мл҃твъі
ꙁаконъ|законъ
повелѣваѥть|повелѣваеть
приѧати|пріѧаті
подъижьникѹ|подъіжьнікоу
вражью•|вражью
И|і
иовъ|іовъ
ꙗко|ꙗко
дрьжа|дрьжа
сѧ|сѧ
беꙁълобиꙗ|безълобіꙗ
бм҃ь|бм҃ь
послѹшъствованъ|послоушъствованъ
бꙑ•|бъі
И|і
иосифъ|іосіфъ
крамольнѣи|крамольнѣі
братьи|братьі
не|не
отъмьсти•|отъмьсті
И|і
авель•|авель
просто|просто
и|і
бе-сѫмьнѣниꙗ|бесѫмьнѣніꙗ
идѣаше|ідѣаше
съ|съ
братоѹбиицемь•|братооубііцемь
и|і
вьсѧ|вьсѧ
въсповѣдаеть|въсповѣдаеть
б҃гословие|б҃гословіе
въ|въ
беꙁълобии|безълобіі
живъшаꙗ|жівъшаꙗ
с҃тꙑ•|с҃тъі
рече|рече
же|же
етеръ•|етеръ
иже|іже
въꙁдаеть|въздаеть
ꙁъло|зъло
въꙁ|въз
доброѥ•|доброе
не|не
подвижать|подвіжать
сѧ|сѧ
ꙁълаꙗ|зълаꙗ
иꙁ|із
домѹ|домоу
ѥго•|его
И|і
па҇ⷦ•|пак
врьгъи|врьгъі
камень|камень
на|на
вꙑсотѹ•|въісотоу
на|на
главѫ|главѫ
своѫ|своѫ
мештеть•|мещеть
и|і
копаꙗи|копаꙗі
ꙗмѹ|ꙗмоу
дрѹгѹ•|дроугоу
въпадеть|въпадеть
въ|въ
нѫ•|нѫ
и|і
полѧцаꙗї|полѧцаꙗі
сѣть•|сѣть
ѹвѧꙁнеть|оувѧзнеть
въ|въ
неи•|неі
и|і
творѧи|творѧі
ꙁъло•|зъло
въвалить|въваліть
сѧ|сѧ
въ|въ
не•|не
Иеремиꙗ|іереміꙗ
же|же
приповѣдаꙗ|пріповѣдаꙗ
б҃ѹ|б҃оу
на|на
ил҃ѧ|іл҃ѧ
г҃леть•|г҃леть
аште|аще
въꙁдаемо|въздаемо
есть|есть
ꙁъло|зъло
въꙁ|въз
доброе•|доброе
помѧни|помѧні
ꙗкоже|ꙗкоже
гл҃ахъ|гл҃ахъ
ꙁа|за
нѧ|нѧ
добро•|добро
тако|тако
правьдивꙑи|правьдівъіі
ноштъ|нощъ
и|і
дънъ|дънъ
ꙁа|за
нѧ|нѧ
б҃а|б҃а
молѧаше•|молѧаше
тѣмъже|тѣмъже
ѥдиноѫ|едіноѫ
и|і
дъвашъдꙑ|дъвашъдъі
слꙑша|слъіша
отъ|отъ
б҃а•|б҃а
ꙗко|ꙗко
не|не
моли|молі
ꙁа|за
нѧ•|нѧ
ꙁане|зане
не|не
послѹшаѫ|послоушаѫ
тѥбе•|тебе
ти|ті
же|же
отъмьстишѧ|отъмьстішѧ
емѹ|емоу
въвръгъше|въвръгъше
въ|въ
тимѣние|тімѣніе
ꙗмьное•|ꙗмьное
такꙑ|такъі
бо|бо
сѫ|сѫ
присно|прісно
жидовьскꙑꙗ|жідовьскъіꙗ
доблетꙑ•|доблетъі
И|і
иосифъ|іосіфъ
же|же
не|не
тъчьѫ|тъчьѫ
не|не
въꙁмьсти|възмьсті
братиии|братііі
своѥи•|своеі
нъ•|нъ
и|і
плака|плака
сѧ|сѧ
на|на
вꙑи|въіі
отъ|отъ
любьви|любьві
мъногꙑ•|мъногъі
И|і
гл҃ааше•|гл҃ааше
не|не
боите|боіте
сѧ|сѧ
аꙁъ|азъ
прѣкръмлю|прѣкръмлю
вꙑ•|въі
видимъ|відімъ
чъто|чъто
и|і
дв҃дъ|дв҃дъ
приповѣдаѥть|пріповѣдаеть
б҃ѹ•|б҃оу
г҃и|г҃і
б҃е|б҃е
мои|моі
рече•|рече
аште|аще
сътворихъ|сътворіхъ
се•|се
аште|аще
есть|есть
неправьда|неправьда
въ|въ
рѹкѹ|роукоу
моѥѫ•|моеѫ
аште|аще
въꙁдахъ|въздахъ
въꙁдаѭштиимъ|въздаѭщіімъ
ми|мі
ꙁъло•|зъло
отъпадѣмъ|отъпадѣмъ
ѹбо|оубо
отъ|отъ
врагъ|врагъ
моихъ|моіхъ
тъштъ•|тъщъ
Петръ|петръ
же|же
поѹчаꙗ|пооучаꙗ
гл҃еть•|гл҃еть
не|не
въꙁдаюште|въздающе
ꙁъла|зъла
ꙁа|за
ꙁъло•|зъло
ни|ні
клеветꙑ|клеветъі
ꙁа|за
клеветѫ•|клеветѫ
въспѧть|въспѧть
же|же
бл҃сѹѫште•|бл҃соуѫще
ꙗко|ꙗко
на|на
се|се
ꙁъвани|зъвані
бꙑсте•|бъісте
ꙗко|ꙗко
бл҃гние|бл҃гніе
наслѣдѹѥте•|наслѣдоуете
И|і
павьлъ•|павьлъ
блюдѣте|блюдѣте
рече|рече
еда|еда
къто|къто
комѹ|комоу
ꙁъло|зъло
ꙁа|за
ꙁъло|зъло
въꙁдасть•|въздасть
нъ|нъ
вьсегда|вьсегда
доброе|доброе
гоните•|гоніте
въ|въ
себѣ|себѣ
и|і
къ|къ
вьсѣмъ•|вьсѣмъ
И|і
па҇ⷦ•|пак
не|не
бꙑваи|бъіваі
побѣжденъ|побѣжденъ
отъ|отъ
ꙁъла•|зъла
нъ|нъ
побѣждаи|побѣждаі
благꙑимь|благъіімь
ꙁълоѥ•|зълое
Г҃ъ|г҃ъ
же•|же
любите|любіте
врагꙑ|врагъі
вашѧ•|вашѧ
добро|добро
творите|творіте
ненавидѧштиимъ|ненавідѧщіімъ
васъ•|васъ
иже|іже
тѧ|тѧ
ѹдарить|оударіть
въ|въ
деснѫѭ|деснѫѭ
ланитѹ•|ланітоу
обрати|обраті
емѹ|емоу
и|і
дрѹгѫѭ•|дроугѫѭ
и|і
хотѧштѹмѹ|хотѧщоумоу
сѫдъ|сѫдъ
приꙗти|пріꙗті
съ|съ
тобоѭ|тобоѭ
и|і
риꙁѹ|різоу
твоѫ|твоѫ
въꙁѧти•|възѧті
отъпѫсти|отъпѫсті
емѹ|емоу
и|і
срачицю•|срачіцоу
и|і
аште|аще
къто|къто
поиметь|поіметь
тѧ|тѧ
по|по
силѣ|сілѣ
попьриште|попьріще
едино•|едіно
иди|іді
съ|съ
нимъ|німъ
г҃|г҃
и|і
бѫдѣте|бѫдѣте
штедри•|щедрі
и|і
съвръшени|съвръшені
ꙗкоже|ꙗкоже
и|і
оц҃ъ|оц҃ъ
вашъ|вашъ
нб҃сънъи•|нб҃сънъі
ѥмѹже|емоуже
слава|слава
въ|въ
вѣкꙑ|вѣкъі
вѣкомъ|вѣкомъ
АМИН|амін
О|о
ТОМЬ|томь
ѤЖЕ|еже
НЕ|не
ПОМИНАТИ|помінаті
ꙀЪЛОБꙐ|зълобъі
н҃в|н҃в
Ꙍ|о
не|не
въꙁдаꙗти|въздаꙗті
ꙁъла|зъла
ꙁа|за
ꙁъло•|зъло
слово|слово
коньчавъше|коньчавъше
прѣидѣмъ•|прѣідѣмъ
и|і
въ|въ
опомьнѣньи|опомьнѣньі
ꙁълѹ•|зълоу
не|не
тьчъѭ|тьчъѭ
бо|бо
братие•|братіе
не|не
длъжи|длъжі
ѥсмъ|есмъ
помьнѣти|помьнѣті
ꙁълобꙑ|зълобъі
на|на
единорожденикꙑ•|едінорожденікъі
и|і
единоплътьникꙑ•|едіноплътьнікъі
нъ|нъ
опакꙑ|опакъі
хръстиꙗньскꙑ|хръстіꙗньскъі
творѧште•|творѧще
и|і
ꙁълꙑꙗ|зълъіꙗ
благꙑ|благъі
творѧште•|творѧще
и|і
простираѫштѥ|простіраѫще
на|на
нѧ|нѧ
многѫ|многѫ
благость•|благость
и|і
¬п¬окаꙁаѫште|показаѫще
себе|себе
дѣлꙑ|дѣлъі
истиньнꙑ|істіньнъі
ѹченикꙑ|оученікъі
х҃вꙑ|х҃въі
ꙗко|ꙗко
ть|ть
благъ|благъ
есть|есть
на|на
ꙁълꙑꙗ|зълъіꙗ
и|і
невъꙁблагодѣтьнꙑꙗ•|невъзблагодѣтьнъіꙗ
Такоже|такоже
и|і
мꙑ|мъі
длъжьни|длъжьні
есмъ|есмъ
при|прі
вьсемь|вьсемь
по|по
силѣ|сілѣ
нашеи|нашеі
подобити|подобіті
сѧ|сѧ
х҃ѹ|х҃оу
нашемѹ•|нашемоу
аштѥ|аще
ѹбо|оубо
желаемъ|желаемъ
блаженьꙗ|блаженьꙗ
его•|его
то|то
не|не
тъчьѫ|тъчьѫ
дѣаньнѹмѹ|дѣаньноумоу
гнѣвѹ|гнѣвоу
въꙁбранити|възбраніті
длъжьни|длъжьні
ѥсмъ•|есмъ
нъ|нъ
и|і
ѹмьнѹмѹ•|оумьноумоу
не|не
толико|толіко
бо|бо
польꙁѹеть|пользоуеть
ѥже|еже
ѵодръжати|уодръжаті
ѹста|оуста
въ|въ
врѣмѧ|врѣмѧ
гнѣвѹ•|гнѣвоу
и|і
не|не
иꙁносити|ізносіті
словесъ|словесъ
бѣсовьнꙑихъ•|бѣсовьнъііхъ
еликоже|елікоже
чистити|чістіті
ср҃це|ср҃це
отъ|отъ
памѧти|памѧті
ꙁълѹ•|зълоу
и|і
не|не
иꙁносити|ізносіті
въ|въ
ѹмѣ|оумѣ
на|на
брата|брата
ꙁъломꙑсльи•|зъломъісльі
корение|кореніе
бо|бо
грѣховьноѥ|грѣховьное
посѣшти|посѣщі
повелѣваѥть|повелѣваеть
еванг҃льское|еванг҃льское
ѹчение•|оученіе
корени|корені
бо|бо
отъсѣченѹ|отъсѣченоу
гнѣвьнѹ|гнѣвьноу
отъ|отъ
ср҃ца•|ср҃ца
ни|ні
ненависть•|ненавість
ни|ні
ꙁависть|завість
дѣло|дѣло
иꙁведеть|ізведеть
сѧ•|сѧ
ꙗкоже|ꙗкоже
бо|бо
помрачить|помрачіть
слъньце|слъньце
подьтекъ|подьтекъ
облакъ•|облакъ
тако|тако
ѹма|оума
мꙑсль|мъісль
памѧтьника|памѧтьніка
ꙁълѹ•|зълоу
Въ|въ
вражъдивааго|вражъдівааго
бо|бо
д҃ши•|д҃ші
лисѧта|лісѧта
вьселѧть|вьселѧть
сѧ•|сѧ
и|і
въ|въ
въꙁмѫштенѣ|възмѫщенѣ
ср҃ци•|ср҃ці
ꙁвѣрие|звѣріе
ѹгнѣꙁдѧть|оугнѣздѧть
сѧ•|сѧ
и|і
ꙗкоже|ꙗкоже
мѫжь|мѫжь
чьстьнъ|чьстьнъ
храминꙑ|храмінъі
ꙁлꙑ|злъі
бѣгаеть•|бѣгаеть
та|та
та|та
и|і
б҃ъ|б҃ъ
ꙁълобива|зълобіва
ср҃ца•|ср҃ца
и|і
ꙗкоже|ꙗкоже
дꙑмъ|дъімъ
мѫчить|мѫчіть
очи•|очі
тако|тако
ꙁълобивааго|зълобівааго
ѹмъ•|оумъ
въ|въ
врѣмѧ|врѣмѧ
мольбьное•|мольбьное
Оуслꙑшимъ|оуслъішімъ
же|же
чьто|чьто
ꙁаповѣдаѥть|заповѣдаеть
намъ|намъ
собоѭ|собоѭ
и|і
рабꙑ|рабъі
своими|своімі
г҃ъ•|г҃ъ
Тѣмьже|тѣмьже
ѹбо|оубо
ꙁасъвѣдѣтелюеть|засъвѣдѣтелюеть
намъ|намъ
про҇ⷦ|прок
ꙁахари|захарі
гл҃ѧ•|гл҃ѧ
къжъдо|къжъдо
ꙁълобꙑ|зълобъі
не|не
помꙑшлѧите|помъішлѧіте
въ|въ
ср҃цихъ|ср҃ціхъ
вашихъ•|вашіхъ
И|і
инъ•|інъ
иже|іже
дръжить|дръжіть
гнѣвъ•|гнѣвъ
ꙁаконопрѣстѹпъникъ|законопрѣстоупънікъ
есть•|есть
И|і
па҇ⷦ•|пак
таѧи|таѧі
вражъдѹ|вражъдоу
съставлѧеть|съставлѧеть
льсть•|льсть
въ|въ
вьсемь|вьсемь
же|же
обидѣнии|обідѣніі
не|не
дръжи|дръжі
гнѣва|гнѣва
на|на
икрънѧаго|ікрънѧаго
своѥго•|своего
нъ|нъ
аште|аще
алъчеть|алъчеть
врагъ|врагъ
твои|твоі
кръми|кръмі
и•|і
аштѥ|аще
ли|лі
жаждеть|жаждеть
напоꙗи|напоꙗі
и•|і
И|і
па҇ⷦ•|пак
остави|оставі
обидѣние|обідѣніе
искрьнюмѹ|іскрьнюмоу
своѥмѹ•|своемоу
и|і
тьгда|тьгда
помольшѹ|помольшоу
сѧ|сѧ
грѣси|грѣсі
твои|твоі
раꙁорѧть|разорѧть
сѧ•|сѧ
И|і
приводить•|пріводіть
чл҃къ|чл҃къ
на|на
чл҃ка|чл҃ка
съхранить|съхраніть
гнѣвъ•|гнѣвъ
и|і
отъ|отъ
б҃а|б҃а
иштеть|іщеть
исцѣлениꙗ•|ісцѣленіꙗ
самъ|самъ
плъть|плъть
сꙑ•|съі
хранить|храніть
грѣводрьжание•|грѣводрьжаніе
то|то
къто|къто
оцѣстить|оцѣстіть
грѣхꙑ|грѣхъі
его•|его
И|і
приносить•|пріносіть
помѧни|помѧні
послѣдьнѧꙗ•|послѣдьнѧꙗ
и|і
прѣстани|прѣстані
вражьдѹѧ•|вражьдоуѧ
И|і
па҇ⷦ•|пак
остани|остані
сѧ|сѧ
отъ|отъ
гнѣва|гнѣва
и|і
ѹмалиши|оумаліші
грѣхꙑ•|грѣхъі
И|і
притъчьникъ•|прітъчьнікъ
страхъ|страхъ
гн҃ь|гн҃ь
ненавидить|ненавідіть
ꙁьлобꙑ•|зьлобъі
досаждениꙗ|досажденіꙗ
же|же
и|і
прѣꙁорьꙗ|прѣзорьꙗ
и|і
пѫтии|пѫтіі
ꙁълꙑихъ•|зълъііхъ
И|і
па҇ⷦ•|пак
не|не
ръци|ръці
да|да
мьштѹ|мьщоу
врагѹ•|врагоу
нъ|нъ
пожиди|пожіді
г҃а|г҃а
да|да
ти|ті
поможеть•|поможеть
въ|въ
пѫтехъ|пѫтехъ
бо|бо
правьдьнѣхъ|правьдьнѣхъ
животъ•|жівотъ
пѫтие|пѫтіе
же|же
вражъдѹѫштиихъ|вражъдоуѫщііхъ
съмръть•|съмръть
И|і
иꙗковъ•|іꙗковъ
отъвръгъше|отъвръгъше
ѹбо|оубо
вьсѫ|вьсѫ
скврънѫ•|скврънѫ
и|і
иꙁбꙑтъкъ|ізбъітъкъ
ꙁълобꙑ•|зълобъі
въ|въ
кротости|кротості
приимѣте|пріімѣте
истое|істое
слово•|слово
могѫштее|могѫщее
сп҃сти|сп҃сті
дш҃а|дш҃а
вашѧ•|вашѧ
Павлъ|павлъ
же•|же
не|не
дѣти|дѣті
бꙑваите|бъіваіте
ѹмꙑ•|оумъі
нъ|нъ
ꙁълобоѭ|зълобоѭ
младенѹите•|младеноуіте
бѣжимъ|бѣжімъ
ѹбо|оубо
братие|братіе
гѹбительнааго|гоубітельнааго
врѣда|врѣда
гнѣводрьжаниꙗ•|гнѣводрьжаніꙗ
да|да
не|не
отътѹждить|отътоуждіть
насъ|насъ
къ|къ
б҃ѹ|б҃оу
дрьꙁновениꙗ•|дрьзновеніꙗ
не|не
дрьꙁнеть|дрьзнеть
бо|бо
никътоже|нікътоже
болѧ|болѧ
сеѭ|сеѭ
ꙗꙁеѭ|ꙗзеѭ
гнѣводръжиꙗ•|гнѣводръжіꙗ
стати|статі
прѣдъ|прѣдъ
бм҃ъ|бм҃ъ
въ|въ
чистѣ|чістѣ
молитвѣ•|молітвѣ
Бранимо|бранімо
бо|бо
емѹ|емоу
есть|есть
гм҃ь|гм҃ь
гл҃ѫштемь•|гл҃ѫщемь
аште|аще
приносиши|пріносіші
даръ|даръ
свои|своі
къ|къ
олтарю•|олтарю
и|і
тѹ|тоу
помѧнеши|помѧнеші
ꙗко|ꙗко
имать|імать
нѣчьто|нѣчьто
братъ|братъ
твои|твоі
на|на
тѧ•|тѧ
остави|оставі
тѹ|тоу
даръ|даръ
свои|своі
прѣдъ|прѣдъ
олтаръмь•|олтаръмь
и|і
шъдь|шъдь
прѣжде|прѣжде
съмири|съмірі
сѧ|сѧ
съ|съ
братомь|братомь
твоимь•|твоімь
и|і
тъгда|тъгда
пришъдъ|прішъдъ
принеси|прінесі
даръ|даръ
твои|твоі
б҃ѹ•|б҃оу
емѹже|емоуже
слава|слава
въ|въ
вѣкꙑ|вѣкъі
вѣкомъ|вѣкомъ
АМИН|амін
н҃г|н҃г
О|о
ТОМЬ|томь
ѤЖЕ|еже
НЕ|не
ВРАЖЬД|вражьд
҇ⷪВАТИ|оваті
Ѥже|еже
вражьдовати•|вражьдоваті
тождеплеменникомъ|тождеплеменнікомъ
и|і
тождевѣрьникомъ•|тождевѣрьнікомъ
неподобьно|неподобьно
и|і
неключимо|неключімо
боꙗштиимъ|боꙗщіімъ
сѧ|сѧ
б҃а•|б҃а
и|і
обѣштавъшиимъ|обѣщавъшіімъ
б҃очьстие•|б҃очьстіе
б҃ъ|б҃ъ
бо|бо
вражъдꙑ|вражъдъі
не|не
ѹꙁаконилъ|оузаконілъ
чл҃комъ•|чл҃комъ
раꙁвѣ|развѣ
тъчьѫ|тъчьѫ
на|на
ꙁмиѫ•|зміѫ
сирѣчь|сірѣчь
на|на
прѣльстивъшааго|прѣльстівъшааго
еѫ|еѫ
испръва•|іспръва
и|і
иꙁведъша|ізведъша
иꙁ-д-раꙗ|іздраꙗ
чл҃ка•|чл҃ка
чл҃коѹбиица|чл҃кооубііца
диꙗвола•|діꙗвола
такожде|такожде
же|же
повелѣно|повелѣно
нꙑ|нъі
есть•|есть
мадинѣанемъ|мадінѣанемъ
сирѣчь•|сірѣчь
нечистъимъ|нечістъімъ
д҃хомь•|д҃хомь
любодѣанииѧ|любодѣанііѧ
скврьнениꙗ•|скврьненіꙗ
сѣѫштиимъ|сѣѫщіімъ
ꙁълꙑꙗ|зълъіꙗ
и|і
сквръннꙑꙗ|сквръннъіꙗ
мꙑсли|мъіслі
въ|въ
ср҃ца•|ср҃ца
симъ|сімъ
подобаеть|подобаеть
въсеѫ|въсеѫ
силоѫ|сілоѫ
вражъдовати•|вражъдоваті
и|і
отъвраштати|отъвращаті
сѧ|сѧ
не|не
врагꙑ|врагъі
нꙑ|нъі
створѧть|створѧть
б҃ѹ•|б҃оу
отъ|отъ
любьꙁнꙑꙗ|любьзнъіꙗ
бесѣдꙑ|бесѣдъі
ꙗже|ꙗже
къ|къ
нимъ•|німъ
По|по
реченѹмѹ|реченоумоу
не|не
ненавидѧштаꙗ|ненавідѧщаꙗ
ли|лі
тѧ|тѧ
г҃и|г҃і
въꙁненавидѣхъ•|възненавідѣхъ
и|і
о|о
враꙁѣхъ|вразѣхъ
твоихъ|твоіхъ
истаахъ•|істаахъ
съврьшеноѫ|съврьшеноѫ
ненавистью|ненавістью
ненавидѣхъ|ненавідѣхъ
ихъ•|іхъ
враꙁи|вразі
бꙑшѧ|бъішѧ
мънѣ•|мънѣ
На|на
чл҃ка|чл҃ка
же|же
не|не
достоить|достоіть
вражъдꙑ|вражъдъі
имѣти•|імѣті
паче|паче
же|же
о|о
тъштетѣ|тъщетѣ
тѣлесьнѣ•|тѣлесьнѣ
или|ілі
о|о
клеветѣ•|клеветѣ
ли|лі
о|о
досаждении•|досажденіі
ли|лі
елико|еліко
въ|въ
вѣцѣ|вѣцѣ
семь|семь
бꙑваеть|бъіваеть
не|не
подобаеть|подобаеть
ꙁа|за
та|та
вражъдꙑ|вражъдъі
имѣти|імѣті
на|на
тождеплеменьника•|тождеплеменьніка
нъ|нъ
паче|паче
и|і
хвалити•|хваліті
ꙁане|зане
ходатаи|ходатаі
намъ|намъ
бꙑваѭть|бъіваѭть
сп҃сениꙗ•|сп҃сеніꙗ
ꙁълоба|зълоба
бо|бо
бж҃ьꙗ|бж҃ьꙗ
ѹбо|оубо
съвъкѹпениꙗ|съвъкоупеніꙗ
отъꙗтъ•|отъꙗтъ
и|і
чл҃кꙑ|чл҃къі
дрѹга|дроуга
отъ|отъ
дрѹга|дроуга
раꙁлѹчи•|разлоучі
сеѧ|сеѧ
ѹбо|оубо
прѣжде|прѣжде
вьсего|вьсего
подобаеть|подобаеть
бѣгати•|бѣгаті
и|і
гонити|гоніті
добрѹ|доброу
дѣтель•|дѣтель
ꙗже|ꙗже
къ|къ
б҃ѹ|б҃оу
приводить•|пріводіть
и|і
дрѹга|дроуга
съ|съ
дрѹгомь|дроугомь
съкѹпѧеть•|съкоупѧеть
добрꙑ|добръі
же|же
дѣтѣли•|дѣтѣлі
и|і
любомѫдрьꙗ|любомѫдрьꙗ
ѹставъ•|оуставъ
ѥже|еже
съ|съ
раꙁѹмомь|разоумомь
прѣпростьѥ|прѣпростье
съглашаеть|съглашаеть
же|же
словесе|словесе
нашемь•|нашемь
И|і
про҇ⷦ|прок
исаиꙗ•|ісаіꙗ
рече|рече
бо•|бо
не|не
бѫди|бѫді
съ|съ
мъножѣишими|мъножѣішімі
въ|въ
ꙁълобѣ•|зълобѣ
о|о
нечистꙑихъ|нечістъііхъ
мꙑслехъ|мъіслехъ
гл҃ѧ•|гл҃ѧ
И|і
наводить•|наводіть
иꙁмꙑите|ізмъііте
сѧ|сѧ
и|і
чисти|чісті
бѫдѣте•|бѫдѣте
отъимѣте|отъімѣте
ꙁълобꙑ|зълобъі
отъ|отъ
дш҃ъ|дш҃ъ
вашихъ•|вашіхъ
навꙑкнѣте|навъікнѣте
добро|добро
творити•|творіті
И|і
притъчъникъ|прітъчънікъ
рече•|рече
не|не
вражьдѹи|вражьдоуі
на|на
чл҃ка|чл҃ка
въсѫе•|въсѫе
да|да
не|не
нѣчъто|нѣчъто
на|на
тѧ|тѧ
съдѣеть|съдѣеть
ꙁъло•|зъло
И|і
па҇ⷦ•|пак
а|а
бестѹдьнъи|бестоудьнъі
съ|съ
досаждениемь|досажденіемь
съдѣваеть|съдѣваеть
ꙁълаꙗ•|зълаꙗ
и|і
грѣхолюбьць|грѣхолюбьць
радѹеть|радоуеть
сѧ|сѧ
сваромь•|сваромь
И|і
па҇ⷦ•|пак
мѫжъ|мѫжъ
прѣвративъ|прѣвратівъ
ꙗꙁъкомь•|ꙗзъкомь
въпадеть|въпадеть
въ|въ
ꙁъло•|зъло
дв҃дъ|дв҃дъ
же|же
въпиꙗ|въпіꙗ
къ|къ
б҃ѹ|б҃оу
рече|рече
да|да
не|не
порадѹѫть|порадоуѫть
ми|мі
сѧ|сѧ
вражъдѹѫштеи|вражъдоуѫщеі
мънѣ|мънѣ
бес|бес
правьдꙑ•|правьдъі
и|і
ненавидѧштеи|ненавідѧщеі
мене|мене
тѹне•|тоуне
нъ|нъ
да|да
постꙑдѧть|постъідѧть
сѧ|сѧ
и|і
посрамѧѫть|посрамѧѫть
сѧ|сѧ
иштѹштеи|іщоущеі
дш҃ѧ|дш҃ѧ
моѥꙗ•|моеꙗ
и|і
въꙁвратиши|възвратіші
ꙁълаа|зълаа
врагомъ|врагомъ
моимъ•|моімъ
и|і
истиноѫ|істіноѫ
твоѥѫ•|твоеѫ
сирѣчь|сірѣчь
хм҃ь|хм҃ь
потрѣби|потрѣбі
ꙗ|ꙗ
и|і
г҃ъ|г҃ъ
мнѣ|мнѣ
помоштьникъ•|помощьнікъ
и|і
аꙁъ|азъ
въꙁьрѫ|възьрѫ
на|на
врагꙑ|врагъі
моꙗ•|моꙗ
о|о
бꙁ҃ѣ|бз҃ѣ
сътворимъ|сътворімъ
силѹ•|сілоу
и|і
тъ|тъ
ѹничьжить|оунічьжіть
врагꙑ|врагъі
нашѧ•|нашѧ
си|сі
же|же
о|о
раꙁѹмьнꙑихъ|разоумьнъііхъ
враꙁѣхъ|вразѣхъ
молѧаше|молѧаше
сѧ•|сѧ
а|а
не|не
о|о
чл҃цѣхъ•|чл҃цѣхъ
и|і
съвѣдѣтель|съвѣдѣтель
ѱание|псаніе
ѥже|еже
о|о
немь•|немь
Саѹлѹ|саоулоу
бо|бо
иштѹштѫ•|іщоущѫ
дш҃а|дш҃а
его•|его
и|і
гонѧштѫ|гонѧщѫ
и•|і
съ|съ
трьми|трьмі
тꙑштами|тъіщамі
мѫжь•|мѫжь
и|і
прѣданѹ|прѣданоу
бꙑвъшѹ|бъівъшоу
въ|въ
рѹцѣ|роуцѣ
его|его
ѥдиноѫ|едіноѫ
и|і
дъвашьдꙑ•|дъвашьдъі
и|і
сѫштиимъ|сѫщіімъ
съ|съ
нимь|німь
гл҃юштемъ•|гл҃ющемъ
се|се
дн҃ь|дн҃ь
гн҃ь|гн҃ь
въ|въ
ньже|ньже
г҃ъ|г҃ъ
прѣдасть|прѣдасть
врага|врага
твоего|твоего
въ|въ
рѫцѣ|рѫцѣ
твои•|твоі
онъ|онъ
отъвѣштавааше•|отъвѣщавааше
живъ|жівъ
г҃ъ•|г҃ъ
не|не
наведѹ|наведоу
рѹкꙑ|роукъі
моеѧ|моеѧ
на|на
помаꙁаника|помазаніка
гн҃ѧ•|гн҃ѧ
и|і
не|не
тъчию|тъчію
се•|се
нꙑ|нъі
и|і
плакааше|плакааше
сѧ|сѧ
ѹмьръша|оумьръша
ѥго•|его
ѹморь|оуморь
повѣдавъшааго|повѣдавъшааго
ѥмѹ|емоу
ѹбиение|оубіеніе
ѥго•|его
такожде|такожде
и|і
пакꙑ•|пакъі
рꙑдааше|ръідааше
и|і
о|о
съмръти•|съмръті
авесаломꙑ|авесаломъі
искѫштааго|іскѫщааго
ѹбити|оубіті
и•|і
ꙗвѣ|ꙗвѣ
ѹбо|оубо
сими|сімі
ѹкаꙁано|оуказано
бꙑ҇ⷭ•|бъіс
ꙗко|ꙗко
не|не
на|на
чл҃кꙑ|чл҃къі
емѹ|емоу
бѣ|бѣ
вражьда•|вражьда
нъ|нъ
на|на
бѣсꙑ•|бѣсъі
и|і
мꙑ|мъі
вьсе|вьсе
на|на
б҃а|б҃а
въꙁложъше•|възложъше
да|да
сп҃сеть|сп҃сеть
нꙑ|нъі
отъ|отъ
врагъ|врагъ
нашихъ|нашіхъ
раꙁѹмьнꙑихъ•|разоумьнъііхъ
и|і
чювьнꙑихъ•|чоувьнъііхъ
Паче|паче
же|же
аште|аще
и|і
ѹслꙑшимъ•|оуслъішімъ
иꙗкова|іꙗкова
гл҃ѫшта•|гл҃ѫща
не|не
въꙁдꙑхаите|въздъіхаіте
братиѥ|братіе
моѧ|моѧ
на|на
сѧ|сѧ
да|да
не|не
осѫждени|осѫждені
бѫдете•|бѫдете
И|і
самого|самого
г҃а|г҃а
гл҃ѫшта•|гл҃ѫща
вамъ|вамъ
же|же
гл҃ѫ|гл҃ѫ
слꙑшаштиимъ•|слъішащіімъ
любите|любіте
врагꙑ|врагъі
вашѧ•|вашѧ
добро|добро
творите|творіте
ненавидѧштиимъ|ненавідѧщіімъ
васъ•|васъ
молите|моліте
ꙁа|за
творѧштаꙗ|творѧщаꙗ
вамъ|вамъ
пакость•|пакость
и|і
гонѧштаꙗ|гонѧщаꙗ
вꙑ•|въі
о|о
х҃ѣ|х҃ѣ
і҃сѣ|і҃сѣ
г҃и|г҃і
нашемь•|нашемь
емѹже|емоуже
слава|слава
въ|въ
вѣкꙑ|вѣкъі
вѣкомъ|вѣкомъ
АМИН|амін
н҃д|н҃д
О|о
ТОМЬ|томь
ѤЖЕ|еже
НЕ|не
ꙀАВИДѢТИ|завідѣті
И|і
ꙁависть|завість
лютъ|лютъ
врѣдъ•|врѣдъ
диꙗволь•|діꙗволь
и|і
неѹдобь|неоудобь
исцѣлимъ|ісцѣлімъ
есть•|есть
отъ|отъ
того|того
бо|бо
начьнъ|начьнъ
сѧ|сѧ
абье|абье
прѣскочи|прѣскочі
на|на
братоѹбица|братооубіца
каина•|каіна
и|і
по|по
рѧдѹ•|рѧдоу
въ|въ
господоѹбиица|господооубііца
июдеꙗ|іюдеꙗ
доиде•|доіде
люто|люто
ѹбо|оубо
ꙗкоже|ꙗкоже
рѣхомъ•|рѣхомъ
и|і
коньць|коньць
лютѹ|лютоу
ꙁависть•|завість
ꙁавидѧи|завідѧі
бо|бо
ѹбо|оубо
печальнъ|печальнъ
ѥсть|есть
и|і
таеть•|таеть
и|і
ѧкоже|ѧкоже
чръвь|чръвь
въ|въ
древѣ|древѣ
и|і
плѣснь|плѣснь
въ|въ
риꙁѣ•|різѣ
тако|тако
ср҃це|ср҃це
и|і
лице|ліце
просмраждаѥть•|просмраждаеть
въпадъшѹмѹ|въпадъшоумоу
въ|въ
рѹцѣ|роуцѣ
ѥѧ|еѧ
ꙁавида•|завіда
а|а
ꙁавидимъи•|завідімъі
напрѣждь|напрѣждь
спѣеть|спѣеть
г҃мь|г҃мь
покрꙑваемъ•|покръіваемъ
Ꙗко|ꙗко
иосифъ•|іосіфъ
елико|еліко
бо|бо
ꙁавидѧахѹ|завідѧахоу
емѹ|емоу
братиѧ|братіѧ
его•|его
толико|толіко
б҃ъ|б҃ъ
вꙑшааше|въішааше
и•|і
доньже|доньже
приведе|пріведе
и|і
на|на
црс҃тво•|црс҃тво
Такожде|такожде
и|і
саѹлъ•|саоулъ
ꙁависти|завісті
дѣлѧ|дѣлѧ
гонѧаше|гонѧаше
дв҃да|дв҃да
ꙗже|ꙗже
е|е
ѱано•|псано
иꙁидошѧ|ізідошѧ
поѫштѧꙗ|поѫщѧꙗ
плѧшѫштѧꙗ|плѧшѫщѧꙗ
ликѹѫштѧꙗ|лікоуѫщѧꙗ
и|і
гл҃аахѹ•|гл҃аахоу
иꙁби|ізбі
саѹлъ|саоулъ
тꙑсѫштами|тъісѫщамі
своими•|своімі
и|і
дв҃дъ|дв҃дъ
тьмами|тьмамі
своими•|своімі
Абие|абіе
въкорени|въкорені
сѧ|сѧ
ꙁавида|завіда
въ|въ
ср҃ци|ср҃ці
саѹли•|саоулі
и|і
рече•|рече
дв҃дѹ|дв҃доу
ли|лі
дашѧ|дашѧ
тьмꙑ•|тьмъі
а|а
мнѣ|мнѣ
тꙑсѫштѧ•|тъісѫщѧ
то|то
же|же
домъ|домъ
савистивааго|савістівааго
саѹла|саоула
оскѫдѣвааше•|оскѫдѣвааше
и|і
хѹдѣаше|хоудѣаше
А|а
домъ|домъ
ꙁавидимааго|завідімааго
дв҃да|дв҃да
растѧаше|растѧаше
и|і
крѣплѧаше•|крѣплѧаше
и|і
тъ|тъ
пѣвааше•|пѣвааше
положишѧ|положішѧ
на|на
мѧ|мѧ
ꙁъло|зъло
въꙁ|въз
добро•|добро
и|і
ненависть|ненавість
ꙁа|за
въꙁлюбение|възлюбеніе
моѥ•|мое
И|і
пакꙑ•|пакъі
прокльнѹть|прокльноуть
ти|ті
а|а
тꙑ|тъі
бл҇ⷭвиши•|блсвіші
аꙁъ|азъ
же|же
не|не
прѣдълагаахъ|прѣдълагаахъ
прѣдъ|прѣдъ
очима|очіма
моима•|моіма
вешти|вещі
ꙁаконопрѣстѹпьнꙑ•|законопрѣстоупьнъі
И|і
про҇ⷦ•|прок
амбакѹмъ•|амбакоумъ
чисто|чісто
око|око
не|не
ꙁьрѣти|зьрѣті
ꙁъла•|зъла
и|і
приꙁирати|прізіраті
на|на
трѹдꙑ|троудъі
болѣꙁни•|болѣзні
Ап҃лъ|ап҃лъ
же|же
обличаѧ|облічаѧ
ꙁавистьнꙑѧ|завістьнъіѧ
ѹчетелѧ•|оучетелѧ
пишеть|пішеть
филиписиемъ•|філіпісіемъ
ови|ові
же|же
ꙁа|за
ꙁависть|завість
и|і
рьвение|рьвеніе
х҃а|х҃а
проповѣдаѫть•|проповѣдаѫть
непьштѹѫ|непьщоуѫ
печаль|печаль
въꙁдвиꙁати|въздвізаті
ѫꙁамъ|ѫзамъ
моимъ•|моімъ
И|і
поѹчаѧ|пооучаѧ
приводить•|пріводіть
бꙑвате|бъівате
же|же
дрѹгъ|дроугъ
дрѹгѹ|дроугоу
блаꙁи•|блазі
млс҃рди•|млс҃рді
даѫште|даѫще
себѣ•|себѣ
ꙗкоже|ꙗкоже
и|і
х҃ъ|х҃ъ
дарова|дарова
намъ•|намъ
бѹдѣте|боудѣте
ѹбо|оубо
подобьни|подобьні
б҃ѹ|б҃оу
ꙗко|ꙗко
чада|чада
въꙁлюбенаѧ•|възлюбенаѧ
и|і
ходите|ходіте
въ|въ
любьви•|любьві
дш҃ѧ|дш҃ѧ
бо|бо
ѹбо|оубо
чс҃тꙑ|чс҃тъі
своиство|своіство
ѥсть•|есть
слово|слово
бе-ꙁависти•|безавісті
рьвьние|рьвьніе
бе-ꙁълобꙑ•|безълобъі
любꙑ|любъі
же|же
непрѣстаньна|непрѣстаньна
гн҃ѧ|гн҃ѧ
славꙑ•|славъі
Нѣсть|нѣсть
ѹбо|оубо
лѣпо|лѣпо
г҃нимь|г҃німь
ѹченикомъ•|оученікомъ
ꙁавистиѫ|завістіѫ
дрьжати|дрьжаті
сѧ•|сѧ
или|ілі
плиштевати•|пліщеваті
егда|егда
паче|паче
ѹꙁьримъ|оузьрімъ
братиѫ|братіѫ
етерѹ|етероу
хѹждьшѫ|хоуждьшѫ
на|на
власть|власть
прѣспѣвъшѫ•|прѣспѣвъшѫ
слꙑшимъ|слъішімъ
бо|бо
г҃а|г҃а
гл҃ѫща•|гл҃ѫща
даждь|даждь
семѹ|семоу
мѣсто|мѣсто
ꙗко|ꙗко
да|да
посѧдеть|посѧдеть
вꙑше•|въіше
нъ|нъ
паче|паче
дивимъ|дівімъ
сѧ|сѧ
правьдьнѹмѹ|правьдьноумоу
промꙑсльникѹ•|промъісльнікоу
мѫдрѣ•|мѫдрѣ
и|і
неиꙁдрочьнѣ|неіздрочьнѣ
сѫждьшю•|сѫждьшоу
ономѹ|ономоу
ѹбо|оубо
хѹдѹмѹ•|хоудоумоу
достоиновати•|достоіноваті
и|і
прьвовати|прьвоваті
и|і
обладати•|обладаті
намъ|намъ
же|же
послѣдьновати•|послѣдьноваті
Бѣжимъ|бѣжімъ
ѹбо|оубо
въꙁлюбении•|възлюбеніі
ꙁависти•|завісті
рода|рода
неприꙗꙁнина|непріꙗзніна
да|да
не|не
съ|съ
каиномь|каіномь
сѫждѥни|сѫждені
бѫдемъ•|бѫдемъ
иже|іже
стенѧ|стенѧ
и|і
трѧсꙑ|трѧсъі
сꙑ•|съі
коньча|коньча
житие•|жітіе
ни|ні
пакꙑ|пакъі
же|же
съ|съ
ꙁълꙑими|зълъіімі
июдеи•|іюдеі
иже|іже
ꙁа|за
ꙁависть|завість
г҃нь|г҃нь
чѹдесъ|чоудесъ
прѣдаша|прѣдаша
и|і
на|на
съмръть•|съмръть
Ꙗкоже|ꙗкоже
съвѣдѣтелюѫть|съвѣдѣтелюѫть
еваг҃лие•|еваг҃ліе
събьраномъ|събьраномъ
бо|бо
имъ|імъ
рече•|рече
рече|рече
имъ|імъ
пилатъ•|пілатъ
кого|кого
хоштете|хощете
отъпѫштѹ|отъпѫщоу
вамъ•|вамъ
вараавѫ|вараавѫ
ли•|лі
или|ілі
і҃са|і҃са
нарицаемааго|наріцаемааго
х҃а•|х҃а
вѣдѧаше|вѣдѧаше
бо|бо
ꙗко|ꙗко
ꙁависти|завісті
ради|раді
прѣдашѧ|прѣдашѧ
и|і
беꙁьлобивꙑи|безьлобівъіі
же|же
г҃ъ|г҃ъ
ꙗко|ꙗко
агнѧ|агнѧ
неꙁьлобиво|незьлобіво
вьсе|вьсе
трьпѧаше•|трьпѧаше
емѹже|емоуже
слава|слава
въ|въ
вѣкꙑ|вѣкъі
вѣкомъ|вѣкомъ
АМИН|амін
н҃е|н҃е
Ꙍ|о
ТО|то
҇ⷨ|м
ѤЖЕ|еже
҇ⷩе|не
РЬВЬНОВАТИ|рьвьноваті
Чл҃къ|чл҃къ
рьвьнивъ•|рьвьнівъ
не|не
тъчьѫ|тъчьѫ
съ|съ
своими|своімі
не|не
съмирѧеть|съмірѧеть
сѧ•|сѧ
нъ|нъ
и|і
съ|съ
тѹждими•|тоуждімі
хотѧ|хотѧ
бо|бо
рьвьнивѫю|рьвьнівѫю
своѫ|своѫ
мꙑсль|мъісль
иꙁвѣстовати•|ізвѣстоваті
присно|прісно
въ|въ
ꙁълобꙑ|зълобъі
наченеть•|наченеть
и|і
въинѫ|въінѫ
гнѣваеть|гнѣваеть
сѧ|сѧ
и|і
инꙑ|інъі
мѧтеть•|мѧтеть
Таковъи|таковъі
мръꙁъкъ|мръзъкъ
отъ|отъ
вьсѣхъ|вьсѣхъ
обрѣтаѥть|обрѣтаеть
сѧ•|сѧ
паче|паче
же|же
и|і
окаанъ•|окаанъ
ѱано|псано
бо|бо
ѥсть|есть
въ|въ
бꙑтии•|бъітіі
ꙗко|ꙗко
поꙗ|поꙗ
исаавъ|ісаавъ
отъ|отъ
иноплеменникъ|іноплеменнікъ
женѣ•|женѣ
и|і
бѣасте|бѣасте
те|те
ревьнѹѫшти|ревьноуѫщі
исаакѹ|ісаакоу
и|і
ревецѣ•|ревецѣ
рече|рече
же|же
ревека|ревека
къ|къ
исаакѹ•|ісаакоу
въꙁнегодовахъ|възнегодовахъ
житие|жітіе
моѥ•|мое
дъштерѹ|дъщероу
ради|раді
сн҃овъ|сн҃овъ
хеттеовъ•|хеттеовъ
се|се
ѧвлѧѭштю|ѧвлѧѭщоу
словѹ•|словоу
Ꙗко|ꙗко
еже|еже
рьвьновати•|рьвьноваті
беꙁбожьнъимъ|безбожьнъімъ
ключить|ключіть
сѧ•|сѧ
а|а
не|не
вѣрьнꙑимъ|вѣрьнъіімъ
и|і
говѣинꙑимъ•|говѣінъіімъ
сѫштеи|сѫщеі
бо|бо
по|по
истинѣ|істінѣ
говѣини•|говѣіні
и|і
хв҃и|хв҃і
ѹченици•|оученіці
своѥмѹ|своемоу
вл҃цѣ|вл҃цѣ
и|і
ѹчителю|оучітелю
подобѧть|подобѧть
сѧ•|сѧ
не|не
прѣречеть|прѣречеть
бо|бо
рече•|рече
ни|ні
въꙁъпиеть•|възъпіеть
ни|ні
ѹслꙑшить|оуслъішіть
никътоже|нікътоже
гласа|гласа
его•|его
и|і
тации|таціі
не|не
покѹшаѫть|покоушаѫть
сѧ|сѧ
никакоꙗже|нікакоꙗже
вешти|вещі
рьвьниемь|рьвьніемь
и|і
пьрѣниемь|пьрѣніемь
раꙁдрѹшати•|раздроушаті
нъ|нъ
трьпѣниемь|трьпѣніемь
и|і
мл҃твоѫ|мл҃твоѫ
и|і
послѹшаниѥмь•|послоушаніемь
и|і
единомꙑсльномь|едіномъісльномь
ѹпъваниемь•|оупъваніемь
рече|рече
бо|бо
г҃ъ•|г҃ъ
придохъ|прідохъ
не|не
да|да
творѫ|творѫ
волю|волю
моѫ•|моѫ
нъ|нъ
посълавъшааго|посълавъшааго
мѧ|мѧ
оц҃а•|оц҃а
И|і
притъчьникъ|прітъчьнікъ
же|же
о|о
рьвьнивꙑихъ|рьвьнівъііхъ
рече•|рече
Не|не
свари|сварі
сѧ|сѧ
съ|съ
чл҃комъ|чл҃комъ
ꙗꙁꙑчьномь•|ꙗзъічьномь
ни|ні
накладаи|накладаі
на|на
огнь|огнь
его|его
дръвъ•|дръвъ
и|і
не|не
отъвѣштаваи|отъвѣщаваі
беꙁѹмьнѹмѹ•|безоумьноумоу
по|по
беꙁѹмиѫ|безоуміѫ
да|да
не|не
подобьнъ|подобьнъ
емѹ|емоу
бѹдеши•|боудеші
нъ|нъ
отъвѣштаи|отъвѣщаі
беꙁѹмнѫ|безоумнѫ
по|по
беꙁѹмиѫ|безоуміѫ
его•|его
да|да
не|не
ѧвѧеть|ѧвѧеть
сѧ|сѧ
мѫдръ|мѫдръ
о|о
себѣ•|себѣ
И|і
инъ•|інъ
рьвьние|рьвьніе
натъштъно|натъщъно
въжагаеть|въжагаеть
огнь•|огнь
и|і
сваръ|сваръ
напраснъ|напраснъ
проливаеть|проліваеть
кръвь•|кръвь
И|і
па҇ⷦ•|пак
аште|аще
въꙁдъмеши|въздъмеші
искрѹ•|іскроу
въꙁгорить|възгоріть
сѧ•|сѧ
и|і
аште|аще
въсплюеши|въсплюеші
на|на
нѭ|нѭ
ѹгаснеть•|оугаснеть
И|і
обое|обое
иꙁ|із
ѹстъ|оустъ
исходить•|ісходіть
Гл҃еть|гл҃еть
же|же
и|і
иꙗковъ•|іꙗковъ
идеже|ідеже
бо|бо
ꙁавида|завіда
и|і
рьвьние•|рьвьніе
и|і
вьсѧ|вьсѧ
ꙁъла|зъла
вещь•|вещь
Павлъ|павлъ
же|же
рече•|рече
овѣмъ|овѣмъ
же|же
иꙁ-д-ръвьниꙗ•|іздръвьніꙗ
и|і
противлѧѫштиимъ|протівлѧѫщіімъ
же|же
сѧ|сѧ
ѹбо|оубо
истинѣ•|істінѣ
повинѹѫщемъ|повіноуѫщемъ
же|же
неправьдѣ•|неправьдѣ
гнѣвъ|гнѣвъ
и|і
ѧрость|ѧрость
скрьбь|скрьбь
и|і
тѹга|тоуга
на|на
вьсеи|вьсеі
дш҃и|дш҃і
чл҃ка|чл҃ка
творѧщааго|творѧщааго
ꙁълое•|зълое
и|і
въ|въ
инѣхъ•|інѣхъ
ꙗкоже|ꙗкоже
ианни•|іанні
и|і
амбри|амбрі
противиста|протівіста
сѧ|сѧ
мосеѹ•|мосеоу
тако|тако
и|і
си|сі
противѧть|протівѧть
сѧ|сѧ
истинѣ•|істінѣ
Присꙑлаеть|прісъілаеть
же|же
и|і
титѹ|тітоу
гл҃ѧ•|гл҃ѧ
бѹѧа|боуѧа
же|же
сътѧꙁаниꙗ|сътѧзаніꙗ
и|і
родомъ|родомъ
причьтениꙗ•|прічьтеніꙗ
и|і
сварꙑ|сваръі
ꙁаконьнꙑѧ|законьнъіѧ
острѹꙗи•|остроуꙗі
сѫть|сѫть
бо|бо
непольꙁьни|непользьні
и|і
сѫетьни•|сѫетьні
Мꙑ|мъі
ѹбо|оубо
въꙁлюбении|възлюбеніі
ꙗко|ꙗко
послѹшаниꙗ|послоушаніꙗ
сѫште|сѫще
чада•|чада
не|не
подобимъ|подобімъ
сѧ|сѧ
сѹетьнꙑимъ•|соуетьнъіімъ
рьвьникомъ|рьвьнікомъ
и|і
пьрьникомъ•|пьрьнікомъ
навꙑкъше|навъікъше
отъ|отъ
бж҃ъствьнааго|бж҃ъствьнааго
ѱаниꙗ|псаніꙗ
врѣдъ|врѣдъ
рьвьниꙗ•|рьвьніꙗ
еда|еда
когда|когда
осѫждени|осѫждені
бѫдемъ|бѫдемъ
съ|съ
ꙁаконопрѣстѹпьнꙑими|законопрѣстоупьнъіімі
иѫдеи•|іѫдеі
иже|іже
присно|прісно
противлѧахѫ|протівлѧахѫ
сѧ|сѧ
истинѣ•|істінѣ
и|і
гл҃аахѫ|гл҃аахѫ
вл҃цѣ•|вл҃цѣ
Тꙑ|тъі
о|о
себѣ|себѣ
съвѣдѣтелюѥши•|съвѣдѣтелюеші
И|і
па҇ⷦ•|пак
тꙑ|тъі
къто|къто
еси|есі
къ|къ
нимъже|німъже
отъвѣштавааше|отъвѣщавааше
г҃ь•|г҃ь
начатъкъ|начатъкъ
ꙗко|ꙗко
и|і
гл҃ѭ|гл҃ѭ
вамъ•|вамъ
аминъ|амінъ
гл҃ѭ|гл҃ѭ
вамъ•|вамъ
аште|аще
не|не
вѣрѹете|вѣроуете
ꙗко|ꙗко
аꙁъ|азъ
есмь•|есмь
ѹмьрете|оумьрете
вь|вь
грѣсѣхъ|грѣсѣхъ
вашихъ•|вашіхъ
тѣмьже|тѣмьже
братие|братіе
любаа|любаа
отъвръꙁѣмъ|отъвръзѣмъ
волѭ|волѭ
рьвьниꙗ|рьвьніꙗ
ꙁъловѣрьнъихъ|зъловѣрьнъіхъ
июдеи•|іюдеі
ти|ті
вѣрѹимъ|вѣроуімъ
животѹ|жівотоу
нашемѹ|нашемоу
б҃ѹ•|б҃оу
емѹже|емоуже
слава|слава
въ|въ
вѣкꙑ|вѣкъі
вѣкомъ|вѣкомъ
АМИН|амін
н҃ꙅ|н҃з
О|о
ТОМЬ|томь
ѤЖЕ|еже
НЕ⁘|не
НАВИДѢТИ|навідѣті
Паⷭно|пасно
есть|есть
ꙗко|ꙗко
любѧи|любѧі
б҃а|б҃а
любить|любіть
брата|брата
своего•|своего
а|а
ненавидѧи|ненавідѧі
брата|брата
своего|своего
чл҃коѹбииць|чл҃кооубііць
рече|рече
сѧ•|сѧ
ѹбиваеть|оубіваеть
бо|бо
и|і
обраꙁомь•|образомь
ненавистьномь|ненавістьномь
въ|въ
ѹмѣ•|оумѣ
егоже|егоже
и|і
кръвь|кръвь
не|не
орѹжьемь|ороужьемь
иꙁлитѹ|ізлітоу
видѧть|відѧть
чл҃вци•|чл҃вці
нъ|нъ
мꙑсльѭ|мъісльѭ
ненавистьноѭ|ненавістьноѭ
ѹбиена•|оубіена
б҃ъ|б҃ъ
видить•|відіть
иже|іже
не|не
тьчьѫ|тьчьѫ
ꙁа|за
дѣаниѧ•|дѣаніѧ
нъ|нъ
и|і
ꙁа|за
мꙑсли|мъіслі
и|і
волениꙗ|воленіꙗ
комѹждо•|комоуждо
или|ілі
вѣньца•|вѣньца
или|ілі
мѹкꙑ|моукъі
въꙁдаеть•|въздаеть
ꙗкоже|ꙗкоже
самъ|самъ
пр҇ⷦомь|пркомь
рече•|рече
аꙁъ|азъ
придѹ|прідоу
събьратъ|събьратъ
дѣлъ|дѣлъ
и|і
словесъ•|словесъ
и|і
помꙑшлении|помъішленіі
ихъ•|іхъ
нъ|нъ
и|і
ꙁълоба|зълоба
въ|въ
мꙑслехъ|мъіслехъ
поминаѥма•|помінаема
дрьꙁостить|дрьзостіть
ср҃ца•|ср҃ца
погѹбѧема|погоубѧема
же|же
ѹдръжаниѥмь|оудръжаніемь
и|і
пѣваниѥмь•|пѣваніемь
съкрѹшаѥть|съкроушаеть
ѥ•|е
нѥправъдьно|неправъдьно
ѹбо|оубо
ѥсть|есть
имѣти|імѣті
ненависти•|ненавісті
на|на
ѥдиноплеменьника|едіноплеменьніка
и|і
единовѣрьника•|едіновѣрьніка
и|і
сънаслѣдьника|сънаслѣдьніка
цр҃са|цр҃са
нб҃съ•|нб҃съ
Въꙁнѥнавидимъ|възненавідімъ
жѥ|же
ненавидѧштааго|ненавідѧщааго
насъ|насъ
диꙗвола|діꙗвола
и|і
дѣла|дѣла
ѥго•|его
обьштааго|обьщааго
вьсѣхъ|вьсѣхъ
чл҃къ|чл҃къ
врага•|врага
Пачѥ|паче
же|же
вѣрьнꙑихъ•|вѣрьнъііхъ
никътоже|нікътоже
бо|бо
вѣрѹ|вѣроу
обѣштаваꙗ|обѣщаваꙗ
съгрѣшаѥть•|съгрѣшаеть
ни|ні
любъве|любъве
имꙑ|імъі
ненавидить•|ненавідіть
ꙗвѣ|ꙗвѣ
бо|бо
дрѣво|дрѣво
отъ|отъ
плода|плода
бꙑваѥть•|бъіваеть
обѣштаваꙗи|обѣщаваꙗі
сѧ|сѧ
ѹбо|оубо
хв҃ъ|хв҃ъ
бꙑти•|бъіті
ꙗже|ꙗже
дѣѥть|дѣеть
тѣми|тѣмі
ꙗвить|ꙗвіть
сѧ•|сѧ
ꙁане|зане
вьсь|вьсь
иже|іже
ненавидить|ненавідіть
брата|брата
ништа•|ніща
сь|сь
и|і
дрѹжьбꙑ|дроужьбъі
далече|далече
бѹдеть|боудеть
мѫжь|мѫжь
же|же
мѹдръ|моудръ
обрѧштѥть|обрѧщеть
ѭ|ѭ
Иоаннъ|іоаннъ
жѥ|же
гл҃ѧи|гл҃ѧі
речѥ|рече
въ|въ
свѣтѣ|свѣтѣ
бꙑти•|бъіті
и|і
брата|брата
своѥго|своего
нѥнавидѧ|ненавідѧ
въ|въ
тьмѣ|тьмѣ
ѥсть|есть
доселѣ•|доселѣ
аште|аще
къто|къто
речеть|речеть
люблю|люблю
б҃а•|б҃а
и|і
брата|брата
своѥго|своего
ненавидить•|ненавідіть
лъжь|лъжь
ѥсть•|есть
нѥ|не
любѧи|любѧі
брата|брата
своѥго•|своего
ѥгоже|егоже
видѣ|відѣ
како|како
можетъ|можетъ
любити•|любіті
Гл҃еть|гл҃еть
же|же
и|і
ꙁаконъ•|законъ
не|не
въꙁненавиди|възненавіді
брата|брата
своѥго|своего
въ|въ
помꙑслѣ|помъіслѣ
своемь•|своемь
обличениѥмь|обліченіемь
обличиши|облічіші
ї•|і
и|і
не|не
приимеши|пріімеші
своѥго|своего
грѣха•|грѣха
и|і
не|не
вражьдѹи|вражьдоуі
людинѹ|людіноу
своѥмѹ•|своемоу
Такожде|такожде
и|і
павлъ•|павлъ
раꙁѹмѣваимъ|разоумѣваімъ
дрѹгъ|дроугъ
дрѹга|дроуга
въ|въ
пооштрение|поощреніе
любьви•|любьві
и|і
добръ|добръ
дѣлъ•|дѣлъ
и|і
бꙑваите|бъіваіте
дрѹгъ|дроугъ
дрѹгѹ|дроугоу
блаꙁи•|блазі
милосрьди•|мілосрьді
даѫште|даѫще
себѣ•|себѣ
ꙗкоже|ꙗкоже
и|і
х҃ъ|х҃ъ
дарова|дарова
намъ|намъ
И|і
приносить•|пріносіть
аште|аще
ꙗꙁꙑкꙑ|ꙗзъікъі
гл҃ю|гл҃ю
чл҃чи•|чл҃чі
и|і
анг҃лскꙑ•|анг҃лскъі
любъве|любъве
же|же
не|не
имамь•|імамь
бꙑхъ|бъіхъ
ъꙗко|ъꙗко
мѣдь|мѣдь
ꙁвьнѧшти•|звьнѧщі
или|ілі
кумбалъ|кумбалъ
ꙁвѧцаꙗ:|звѧцаꙗ
Мꙑ|мъі
ѹбо|оубо
въ|въ
х҃а|х҃а
облъкъше|облъкъше
сѧ•|сѧ
длъжьни|длъжьні
есмъ•|есмъ
не|не
тъчъѫ|тъчъѫ
не|не
ненавидѣти|ненавідѣті
никогоже•|нікогоже
нъ|нъ
и|і
любити•|любіті
не|не
тъкъмо|тъкъмо
братиѫ|братіѫ
и|і
дрѹгꙑ•|дроугъі
нъ|нъ
и|і
ненавидѧштѧꙗ|ненавідѧщѧꙗ
нꙑ•|нъі
и|і
вражъдѹѫштѧꙗ•|вражъдоуѫщѧꙗ
аште|аще
бо|бо
и|і
чъто|чъто
на|на
нꙑ|нъі
гл҃ѭть•|гл҃ѭть
или|ілі
дѣѫть|дѣѫть
въсѥ|въсе
благодарьнѣ|благодарьнѣ
приимѣмъ|пріімѣмъ
ꙁа|за
бѫдѫштеѥ|бѫдѫщее
въꙁдааниѥ•|въздааніе
обꙑкли|объіклі
бо|бо
сѫть|сѫть
присно|прісно
иже|іже
отъ|отъ
мира•|міра
кромѣ|кромѣ
сѹштаꙗ|соущаꙗ
мира|міра
гонити|гоніті
и|і
оскръблѧти|оскръблѧті
и|і
оклеветавати•|оклеветаваті
Въꙁгл҃аша|възгл҃аша
бо|бо
рече|рече
на|на
мѧ|мѧ
ꙗꙁ҃кмь|ꙗз҃кмь
льстивомь|льстівомь
и|і
словесꙑ|словесъі
ненавистьнꙑ|ненавістьнъі
обидѹ|обідоу
мѧ|мѧ
и|і
брашѧ|брашѧ
сѧ|сѧ
съ|съ
мъноѭ•|мъноѭ
Ꙗкоже|ꙗкоже
г҃ъ|г҃ъ
своимъ|своімъ
ѹченикомъ|оученікомъ
рече•|рече
аште|аще
отъ|отъ
мира|міра
бꙑстѥ|бъісте
бꙑли•|бъілі
миръ|міръ
своѥ|свое
любилъ|любілъ
бꙑ•|бъі
а|а
ꙗкоже|ꙗкоже
отъ|отъ
мира|міра
нѣсте•|нѣсте
нъ|нъ
аꙁъ|азъ
иꙁбьрахъ|ізбьрахъ
вꙑ|въі
отъ|отъ
мира•|міра
сѥго|сего
ради|раді
ненавидить|ненавідіть
васъ|васъ
миръ•|міръ
И|і
аште|аще
миръ|міръ
васъ|васъ
ненавидить•|ненавідіть
вѣдите|вѣдіте
ꙗко|ꙗко
мене|мене
прѣждѥ|прѣжде
васъ|васъ
въꙁненавидѣ•|възненавідѣ
И|і
приносить•|пріносіть
блажени|блажені
ѥстѥ•|есте
ѥгда|егда
въꙁненавидѧть|възненавідѧть
вꙑ|въі
чл҃ци|чл҃ці
и|і
раꙁлѹчать•|разлоучать
и|і
похѹлѧть•|похоулѧть
и|і
пронесѹть|пронесоуть
имѧ|імѧ
ваше|ваше
ꙗко|ꙗко
ꙁъло|зъло
сн҃а|сн҃а
чл҃ча|чл҃ча
ради•|раді
радѹите|радоуіте
сѧ|сѧ
и|і
веселитѥ|веселіте
ꙗко|ꙗко
мьꙁда|мьзда
вашѧ|вашѧ
многа|многа
ѥсть|есть
на|на
нб҃сехъ•|нб҃сехъ
И|і
па҇ⷦ•|пак
любите|любіте
врагꙑ|врагъі
вашѧ•|вашѧ
добро|добро
творите|творіте
ненавидѧштиимъ|ненавідѧщіімъ
васъ•|васъ
и|і
молите|моліте
ꙁа|за
творѧштꙗꙗ|творѧщаꙗ
вамъ|вамъ
напасти|напасті
и|і
иꙁгонѧштѧ|ізгонѧщѧ
вꙑ•|въі
да|да
бѹде|боуде
сн҃ове|сн҃ове
оц҃а|оц҃а
вашѥго|вашего
и|і
же|же
ѥсть|есть
на|на
нб҃сехъ•|нб҃сехъ
емѹже|емоуже
слава|слава
въ|въ
вѣкꙑ|вѣкъі
вѣкомъ|вѣкомъ
АМИН|амін
н҃ꙁ|н҃з
О|о
ТО|то
҇ⷨ|м
ѤЖЕ|еже
ⷩ҇е|не
ОБРА⁘|обра
ДОВАТИ|доваті
СѦ|сѧ
Ѥжѥ|еже
порадовати|порадоваті
сѧ|сѧ
какомѹ|какомоу
любо|любо
чл҃кѹ|чл҃коу
въ|въ
скрьби•|скрьбі
или|ілі
въ|въ
тъштетѣ•|тъщетѣ
или|ілі
въ|въ
падѥнии•|паденіі
чл҃ка|чл҃ка
оплаꙁива|оплазіва
ѥсть|есть
и|і
бѹꙗ•|боуꙗ
Пачѥ|паче
жѥ|же
обьштьника|обьщьніка
распьнъшиихъ|распьнъшііхъ
г҃а•|г҃а
ти|ті
бо|бо
гл҃аахѹ•|гл҃аахоу
ѹа•|оуа
раꙁарѧꙗ|разарѧꙗ
цр҃къвь•|цр҃къвь
и|і
трьми|трьмі
дьньми|дьньмі
съꙁидѧꙗ|съзідѧꙗ
ѭ|ѭ
сп҃си|сп҃сі
сѧ|сѧ
самъ•|самъ
ѥже|еже
ѥсть|есть
неправьдьно•|неправьдьно
аште|аще
бо|бо
прѣтъкнѥть|прѣтъкнеть
сѧ|сѧ
нога|нога
не|не
порадѹѥть|порадоуеть
сѧ|сѧ
рѹка•|роука
пачѥ|паче
жѥ|же
ѹбо|оубо
и|і
лѣкѹѥть•|лѣкоуеть
или|ілі
масломь•|масломь
или|ілі
пластꙑремъ|пластъіремъ
ꙁане|зане
ѥдино|едіно
тѣло|тѣло
ѥсмъ•|есмъ
не|не
подобаѥть|подобаеть
ѹбо|оубо
посмиꙗти|посміꙗті
сѧ|сѧ
и|і
порадовати|порадоваті
своѥмѹ|своемоу
ѹдѹ•|оудоу
нъ|нъ
съ|съ
ними|німі
поболѣти•|поболѣті
и|і
съпострадати|съпострадаті
по|по
словеси|словесі
ап҃лю•|ап҃лю
нѥ|не
тъчьѫ|тъчьѫ
же|же
порадовати|порадоваті
сѧ•|сѧ
нъ|нъ
ни|ні
отънѫдъ|отънѫдъ
сластьнѣ|сластьнѣ
слꙑшати|слъішаті
грѫстости|грѫстості
чл҃ча•|чл҃ча
послѹшаѭштѥи|послоушаѭщеі
бо•|бо
тако|тако
тацѣхъ|тацѣхъ
гл҃ъ•|гл҃ъ
своѥго|своего
велѣниꙗ|велѣніꙗ
плодꙑ|плодъі
обѥмѭть•|обемѭть
и|і
не|не
непьштѹи|непьщоуі
вьсеꙗ|вьсеꙗ
скрьби|скрьбі
ꙁа|за
грѣхꙑ|грѣхъі
находѧштѧꙗ|находѧщѧꙗ
на|на
чл҃кꙑ•|чл҃къі
сѫть|сѫть
бо|бо
етери|етері
ѹгаждаѭще|оугаждаѭще
б҃ѹ|б҃оу
и|і
напастѹеми•|напастоуемі
Нѥчьстивии|нечьстівіі
бо|бо
и|і
беꙁаконьнии|безаконьніі
иꙁгънани|ізгънані
бѫдѹть•|бѫдоуть
Ꙗкоже|ꙗкоже
и|і
притъчьникомь|прітъчьнікомь
кажеми|кажемі
ѥсмъ|есмъ
речѥ|рече
бо•|бо
аште|аще
падеть|падеть
врагъ|врагъ
твои|твоі
не|не
обрадѹи|обрадоуі
сѧ|сѧ
ѥмѹ•|емоу
въ|въ
съблажнении|съблажненіі
же|же
ѥго|его
не|не
въꙁноси|възносі
сѧ•|сѧ
ѥда|еда
ѹꙁьрить|оузьріть
г҃ъ•|г҃ъ
и|і
негодѣ|негодѣ
ѥмѹ|емоу
бѫдеть•|бѫдеть
и|і
се|се
ѹбо|оубо
о|о
враꙁѣхъ•|вразѣхъ
и|і
радѹꙗи|радоуꙗі
сѧ|сѧ
гꙑблѭштѹмѹ|гъіблѭщоумоу
не|не
иꙁвинеть|ізвінеть
сѧ•|сѧ
И|і
па҇ⷦ•|пак
лютѣ|лютѣ
весѥлѧштиимъ|веселѧщіімъ
сѧ|сѧ
о|о
ꙁълꙑихъ•|зълъііхъ
и|і
радѹѫштемъ|радоуѫщемъ
сѧ|сѧ
о|о
съвращении|съвращеніі
ꙁълѣ•|зълѣ
И|і
па҇ⷦ•|пак
сѣтиѫ|сѣтіѫ
ѹвѧꙁнѹть|оувѧзноуть
веселѧштеи|веселѧщеі
сѧ|сѧ
о|о
падении|паденіі
благочьстьнъихъ•|благочьстьнъіхъ
и|і
болѣꙁнь|болѣзнь
погѹбить|погоубіть
ꙗ|ꙗ
прѣжде|прѣжде
съмрьти|съмрьті
ихъ•|іхъ
и|і
помѧнѣте|помѧнѣте
дьни|дьні
тьмъ|тьмъ
ꙗко|ꙗко
мноꙁи|мнозі
бѹдѹть•|боудоуть
Непорочьнъи|непорочьнъі
же|же
иовъ•|іовъ
аште|аще
ли|лі
обрадовахъ|обрадовахъ
сѧ|сѧ
о|о
падении|паденіі
врагъ|врагъ
моихъ•|моіхъ
и|і
рече|рече
ср҃це|ср҃це
моѥ|мое
благо|благо
же•|же
И|і
блаженꙑи|блаженъіі
же|же
павлъ|павлъ
присꙑлаꙗ|прісъілаꙗ
римѧнемъ|рімѧнемъ
гл҃ааше•|гл҃ааше
аште|аще
жѥ|же
ли|лі
етери|етері
отъломишѧ|отъломішѧ
отъ|отъ
вѣтвии•|вѣтвіі
тꙑ|тъі
же|же
сверѣпомаслиннъ|сверѣпомасліннъ
сꙑ|съі
присцѣпи|прісцѣпі
сѧ•|сѧ
и|і
причастьникъ|прічастьнікъ
корени|корені
и|і
сласти|сласті
бꙑ҇ⷭ|бъіс
маслинꙑ•|маслінъі
не|не
хвали|хвалі
сѧ|сѧ
на|на
вѣтви•|вѣтві
аште|аще
хвалиши|хваліші
сѧ•|сѧ
не|не
тꙑ|тъі
корень|корень
носиши•|носіші
нъ|нъ
корень|корень
тѧ•|тѧ
речеши|речеші
ѹбо|оубо
отъломиша|отъломіша
сѧ|сѧ
вѣтви|вѣтві
да|да
аꙁъ|азъ
присцѣпѭ|прісцѣпѭ
сѧ•|сѧ
добрѣ|добрѣ
невѣриѥмь|невѣріемь
отъломиша|отъломіша
сѧ|сѧ
тꙑ|тъі
жѥ|же
вѣроѭ|вѣроѭ
стоиши•|стоіші
не|не
вꙑсокомѹдрѹи•|въісокомоудроуі
нъ|нъ
бои|боі
сѧ•|сѧ
аште|аще
бо|бо
б҃ъ|б҃ъ
ѥстьствьнъихъ|естьствьнъіхъ
вѣтвии|вѣтвіі
не|не
поштѧдѣ•|пощѧдѣ
ѥда|еда
и|і
тебе|тебе
нѥ|не
поштѧдить•|пощѧдіть
И|і
приносить•|пріносіть
любꙑ|любъі
нѥ|не
радѹѥть|радоуеть
сѧ|сѧ
о|о
нѥправьдѣ•|неправьдѣ
радѹѥть|радоуеть
же|же
истинѣ•|істінѣ
не|не
приѥмлѣмъ|пріемлѣмъ
ѹбо|оубо
въꙁлюблении|възлюбленіі
вадѧштѧаго|вадѧщѧаго
нꙑ|нъі
врага•|врага
порадовати|порадоваті
сѧ|сѧ
искрънѧаго|іскрънѧаго
ꙁъломь•|зъломь
Чъто|чъто
бо|бо
рече|рече
иовъ|іовъ
вꙑ|въі
нападете|нападете
мънѣ|мънѣ
бѥꙁ|без
милости•|мілості
ꙗко|ꙗко
да|да
видѣвъшѥ|відѣвъше
моѫ|моѫ
ꙗꙁвѫ|ꙗзвѫ
въꙁбоите|възбоіте
сѧ•|сѧ
Мꙑ|мъі
же|же
молимъ|молімъ
сѧ|сѧ
съ|съ
дв҃домь|дв҃домь
гл҃ѫште|гл҃ѫще
б҃ѹ•|б҃оу
не|не
отъврьꙁи|отъврьзі
мене|мене
въ|въ
врѣмѧ|врѣмѧ
старости•|старості
ѥгда|егда
иꙁнемагаеть|ізнемагаеть
крѣпость|крѣпость
моꙗ|моꙗ
не|не
остави|оставі
мене•|мене
ꙗко|ꙗко
рѣшѧ|рѣшѧ
враꙁи|вразі
мои|моі
мънѣ•|мънѣ
и|і
стрѣгѫщѥи|стрѣгѫщеі
д҃ша|д҃ша
моеꙗ|моеꙗ
съвѣшташѧ|съвѣщашѧ
въкѹпѣ•|въкоупѣ
гл҃ѭште|гл҃ѭще
б҃ъ|б҃ъ
оставилъ|оставілъ
и|і
ѥсть•|есть
поженѣте|поженѣте
и|і
имѣте|імѣте
и|і
ꙗко|ꙗко
нѣсть|нѣсть
иꙁбавьника|ізбавьніка
ѥмѹ•|емоу
нъ|нъ
тꙑ|тъі
б҃е|б҃е
мои|моі
не|не
ѹдали|оудалі
сѧ|сѧ
отъ|отъ
мене•|мене
да|да
не|не
порадѹѭть|порадоуѭть
ми|мі
сѧ|сѧ
вражьдѹѫштеи|вражьдоуѫщеі
мнѣ|мнѣ
бес|бес
правьдꙑ•|правьдъі
нъ|нъ
твоѥѭ|твоеѭ
силоѭ|сілоѭ
да|да
въꙁвратѧть|възвратѧть
сѧ|сѧ
абие|абіе
стꙑдѧште|стъідѧще
сѧ|сѧ
гл҃ѭште|гл҃ѭще
благо|благо
жѥ|же
благо|благо
жѥ•|же
Ѥже|еже
посмиꙗнѹ|посміꙗноу
ѹбо|оубо
бꙑти|бъіті
и|і
порадованѹ•|порадованоу
нашѥ|наше
ѥсть•|есть
а|а
ѥже|еже
порадовати|порадоваті
сѧ|сѧ
и|і
порѹгати|пороугаті
кънижьникъ•|къніжьнікъ
и|і
началасш҃тникъ|началасш҃тнікъ
ѥсть•|есть
рѫгаахѫ|рѫгаахѫ
бо|бо
сѧ|сѧ
рече|рече
начальници|начальніці
с҃штникъ|с҃щнікъ
съ|съ
кънижьникꙑ|къніжьнікъі
дрѹгъ|дроугъ
къ|къ
дрѹгѹ|дроугоу
гл҃ѭште•|гл҃ѭще
инꙑ|інъі
сп҃сѥ•|сп҃се
а|а
ли|лі
себе|себе
не|не
можеть|можеть
сп҃сти|сп҃сті
х҃ъ|х҃ъ
цр҃ь|цр҃ь
иꙁ҃левъ•|із҃левъ
да|да
сълѣꙁеть|сълѣзеть
нꙑнѣ|нъінѣ
съ|съ
кр҃та|кр҃та
да|да
видимъ|відімъ
и|і
вѣрѹ|вѣроу
имемъ|імемъ
ѥмѹ•|емоу
длъготрьпѣливꙑи|длъготрьпѣлівъіі
же|же
г҃ъ|г҃ъ
трьпѧаше|трьпѧаше
беꙁѹмиѥ|безоуміе
ихъ|іхъ
ꙗко|ꙗко
чл҃колюбьць•|чл҃колюбьць
томѹ|томоу
слава|слава
вь|вь
вѣкꙑ|вѣкъі
вѣкомъ|вѣкомъ
АМИН|амін
н҃и|н҃і
О|о
ТО|то
ⷨ҇|м
ѤЖЕ|еже
РАДОВАТИ|радоваті
СѦ|сѧ
СЪ|съ
РАДѪЩИ|радѫщі
ꙵ҇МИ|мі
ⷭ҇|с
ⷽ|ѧ
Велика|веліка
добродѣтель|добродѣтель
ѥсть•|есть
и|і
б҃оѹгодьна•|б҃ооугодьна
ѥже|еже
радовати|радоваті
сѧ|сѧ
съ|съ
добрѣ|добрѣ
живѫштиими•|жівѫщіімі
и|і
въ|въ
ꙁаповѣдехъ|заповѣдехъ
бж҃ьꙗхъ|бж҃ьꙗхъ
спѣѭштиими•|спѣѭщіімі
аште|аще
и|і
отъ|отъ
ѥтеръ|етеръ
ихъ|іхъ
ничьтоже|нічьтоже
въмѣни|въмѣні
сѧ•|сѧ
а|а
ѥжѥ|еже
по|по
истинѣ|істінѣ
радовати|радоваті
сѧ|сѧ
съ|съ
нимї•|німі
то|то
сами|самі
слѣди|слѣді
личьнии|лічьніі
ꙗвѣ|ꙗвѣ
покаꙁаѭть•|показаѭть
радованиѥ|радованіе
бо|бо
ср҃чноѥ|ср҃чное
ꙗвлѧѥтѥ|ꙗвлѧете
очи|очі
по|по
ѱанѹмѹ•|псаноумоу
ср҃цю|ср҃цоу
весѥлѧштѹ|веселѧщоу
сѧ|сѧ
лице|ліце
цвьтеть•|цвьтеть
се|се
же|же
съврьшенꙑꙗ|съврьшенъіꙗ
любъвѥ|любъве
есть|есть
ѥже|еже
радовати|радоваті
сѧ|сѧ
о|о
спѣании|спѣаніі
їскрьнѧаго•|іскрьнѧаго
мноꙁи|мнозі
бо|бо
въ|въ
ѥдиномь|едіномь
спѣании|спѣаніі
сѫште|сѫще
и|і
имѹште•|імоуще
дрѹгъ|дроугъ
къ|къ
дрѹгѹ|дроугоу
любъвь•|любъвь
аште|аще
сѧ|сѧ
лѹчить|лоучіть
единомѹ|едіномоу
отъ|отъ
нихъ|ніхъ
голѣмьша|голѣмьша
доити|доіті
спѣха•|спѣха
да|да
дрѹгъи|дроугъі
въ|въ
ꙁавистьнъи|завістьнъі
ровъ|ровъ
ниꙁъпаде•|нізъпаде
а|а
радѹꙗі|радоуꙗі
сѧ|сѧ
въ|въ
истинѫ|істінѫ
съ|съ
исправѧюштиимь|ісправѧющіімь
и|і
прилежьнѹ|прілежьноу
молитвѹ|молітвоу
въинѫ|въінѫ
ꙁа|за
нь|нь
приносить|пріносіть
б҃ѹ•|б҃оу
ꙗкоже|ꙗкоже
и|і
блаженꙑи|блаженъіі
павлъ|павлъ
радѹꙗ|радоуꙗ
сѧ|сѧ
етеромъ|етеромъ
гл҃ааше•|гл҃ааше
ꙗко|ꙗко
намъ|намъ
самѣмъ|самѣмъ
хвалити|хваліті
сѧ|сѧ
въ|въ
цр҃къвахъ|цр҃къвахъ
бж҃ьꙗхъ•|бж҃ьꙗхъ
о|о
трьпѣнии|трьпѣніі
вашѥмь|вашемь
и|і
вѣрѣ•|вѣрѣ
въ|въ
вьсѣхъ|вьсѣхъ
гонѥниихъ|гоненііхъ
вашихъ|вашіхъ
ꙗже|ꙗже
приѥмлете|пріемлете
покаꙁаниѥ|показаніе
праведьнааго|праведьнааго
сѫда|сѫда
его•|его
на|на
съподобение|съподобеніе
црс҃тва|црс҃тва
бж҃ьꙗ•|бж҃ьꙗ
Такоже|такоже
и|і
филиписиемъ|філіпісіемъ
нъ|нъ
аште|аще
жьренъ|жьренъ
бꙑваѭ|бъіваѭ
рече|рече
жрьтвѣ|жрьтвѣ
и|і
слѹжьбѣ|слоужьбѣ
вѣрꙑ|вѣръі
вашеꙗ|вашеꙗ
радъ|радъ
ѥсмь|есмь
и|і
радѹѭ|радоуѭ
сѧ|сѧ
всѣмъ|всѣмъ
вамъ•|вамъ
такоже|такоже
же|же
радѹите|радоуіте
сѧ|сѧ
и|і
ради|раді
бѹдѣте|боудѣте
мнѣ•|мнѣ
ꙗкоже|ꙗкоже
бо|бо
рече|рече
ѹдове|оудове
пекѹть|пекоуть
сѧ|сѧ
дрѹгъ|дроугъ
о|о
дрѹꙁѣ•|дроузѣ
и|і
аште|аще
радѹѥть|радоуеть
сѧ|сѧ
ѥдинъ|едінъ
ѹдъ|оудъ
радѹѫть|радоуѫть
сѧ|сѧ
съ|съ
нимь|німь
вьси|вьсі
ѹди•|оуді
Аште|аще
ли|лі
страждѥть|страждеть
ѥдинъ|едінъ
ѹдъ•|оудъ
то|то
съ|съ
нимь|німь
страждѹть|страждоуть
вьси|вьсі
ѹди•|оуді
Тако|тако
и|і
мꙑ|мъі
радовати|радоваті
сѧ|сѧ
съ|съ
радѹѭштиими•|радоуѭщіімі
и|і
плакати|плакаті
сѧ|сѧ
съ|съ
плачѹштими|плачоущімі
сѧ|сѧ
длъжъни|длъжъні
есмь|есмь
и|і
чьстьѭ|чьстьѭ
дрѹгъ|дроугъ
дрѹга|дроуга
вѧштьшѧ|вѧщьшѧ
себе|себе
творѧштѥ•|творѧще
И|і
коринѳѣнемъ|корінѳѣнемъ
рече•|рече
не|не
ина|іна
бо|бо
пишѥмъ|пішемъ
вамъ•|вамъ
нъ|нъ
ꙗже|ꙗже
чьтете|чьтете
и|і
раꙁѹмѣваѥтѥ•|разоумѣваете
ѹпъваѫ|оупъваѫ
же|же
ꙗко|ꙗко
и|і
до|до
коньца|коньца
раꙁѹмѣѥте•|разоумѣете
ꙗко|ꙗко
и|і
раꙁѹмѣсте|разоумѣсте
нꙑ|нъі
отъ|отъ
части•|часті
ꙗко|ꙗко
похваление|похваленіе
вамъ|вамъ
ѥсмъ|есмъ
ꙗкожѥ|ꙗкоже
и|і
вꙑ|въі
намъ•|намъ
въ|въ
дьнь|дьнь
г҃а|г҃а
нашего|нашего
і҃у|і҃у
х҃а•|х҃а
и|і
симь|сімь
ѹпъваниѥмь|оупъваніемь
хотѣхъ|хотѣхъ
къ|къ
вамъ|вамъ
прити|пріті
да|да
въторѹѫ|вътороуѫ
радость|радость
имѣѥтѥ•|імѣете
надѣавъше|надѣавъше
сѧ|сѧ
вьсѣхъ|вьсѣхъ
васъ•|васъ
ꙗко|ꙗко
моꙗ|моꙗ
радость|радость
въ|въ
вьсѣхъ|вьсѣхъ
васъ|васъ
ѥсть•|есть
ѱано|псано
же|же
ѥсть|есть
и|і
въ|въ
лѹчинѣ|лоучінѣ
евн҃гльи|евн҃гльі
егдаже|егдаже
исплъниша|ісплъніша
сѧ|сѧ
дьние|дьніе
родити|родіті
ѥлисавеѳи|елісавеѳі
и|і
роди|роді
сн҃ъ•|сн҃ъ
слꙑшашѧ|слъішашѧ
окр҃стъ|окр҃стъ
живѹштеи|жівоущеі
рождѥниѥ|рожденіе
еꙗ•|еꙗ
и|і
радоваахѹ|радоваахоу
сѧ|сѧ
съ|съ
неѭ•|неѭ
се|се
бо|бо
ѥсть|есть
ꙁаконьнꙑꙗ|законьнъіꙗ
любъве|любъве
дѣаниѥ•|дѣаніе
ѥже|еже
обьште|обьще
творити|творіті
любимꙑихъ•|любімъііхъ
И|і
сь|сь
самъ|самъ
иоанъ|іоанъ
рожденъи|рожденъі
гл҃ааше|гл҃ааше
ѹченикомъ|оученікомъ
своимъ|своімъ
дрѹгъ|дроугъ
женишь|женішь
стоꙗ|стоꙗ
и|і
послѹшаꙗ|послоушаꙗ
ѥго•|его
радостиѫ|радостіѫ
радѹѥть|радоуеть
сѧ|сѧ
ꙁа|за
гласъ|гласъ
женишъ•|женішъ
Ономѹ|ономоу
подобаѥть|подобаеть
расти•|расті
А|а
мне|мне
хѹдѣти•|хоудѣті
иже|іже
бо|бо
имать|імать
съврьшенѹ|съврьшеноу
любъвь•|любъвь
то|то
себе|себе
мьньша|мьньша
творить•|творіть
а|а
искрьнѧаго|іскрьнѧаго
больша|больша
себе•|себе
по|по
гл҃ѹ|гл҃оу
х҃а|х҃а
сп҃са|сп҃са
и|і
б҃а|б҃а
нашего•|нашего
ѥмѹже|емоуже
слава|слава
въ|въ
вѣкꙑ|вѣкъі
вѣкомъ|вѣкомъ
АМИН|амін
н҃ѳ|н҃ѳ
О|о
ТОМЬ|томь
ѤЖЕ|еже
НЕ|не
ОСКРЪБЛѦТИ|оскръблѧті
НИКОГОЖЕ|нікогоже
Аште|аще
любѧи|любѧі
брата|брата
своѥго|своего
б҃а|б҃а
любить•|любіть
а|а
не|не
любѧи|любѧі
брата|брата
своѥго|своего
ни|ні
б҃а|б҃а
любить|любіть
по|по
ап҃лѹ|ап҃лоу
иоаннѹ|іоанноу
ꙗвѣ|ꙗвѣ
ѥсть|есть
ꙗко|ꙗко
и|і
оскрьблѧꙗ|оскрьблѧꙗ
брата|брата
своѥго•|своего
б҃а|б҃а
оскрьблѧѥть•|оскрьблѧеть
не|не
оскрьбѧите|оскрьбѧіте
бо|бо
рече|рече
дх҃а|дх҃а
ст҃ааго|ст҃ааго
имьже|імьже
ꙁнаменасте|знаменасте
сѧ•|сѧ
и|і
ѥже|еже
мѧ|мѧ
оскрьбишѧ|оскрьбішѧ
гл҃еть|гл҃еть
г҃ъ•|г҃ъ
и|і
па҇ⷦ•|пак
понеже|понеже
сътвористе|сътворісте
ѥдиномѹ|едіномоу
сихъ|сіхъ
малꙑихъ•|малъііхъ
мнѣ|мнѣ
сътвористе•|сътворісте
ельма|ельма
не|не
сътвористе|сътворісте
симъ•|сімъ
ни|ні
мнѣ|мнѣ
сътвористе•|сътворісте
ѹкаꙁа|оуказа
сѧ|сѧ
ѹбо|оубо
прѣждереченꙑими•|прѣждереченъіімі
ꙗко|ꙗко
иже|іже
братѹ|братоу
своемѹ|своемоу
слѹжить|слоужіть
б҃ѹ|б҃оу
ѹслѹжить•|оуслоужіть
вѣдѹште|вѣдоуще
братиѥ|братіе
ꙗко|ꙗко
симь|сімь
б҃ѹ|б҃оу
ѹгодимъ•|оугодімъ
ѥгда|егда
не|не
оскрьблѧемъ|оскрьблѧемъ
ни|ні
о|о
чемьже|чемьже
искрьнѧаго•|іскрьнѧаго
вьселичь|вьселічь
подвигнѣмъ|подвігнѣмъ
сѧ|сѧ
не|не
дати|даті
непьштеваниꙗ•|непьщеваніꙗ
ни|ні
винꙑ|вінъі
печальнѹ|печальноу
бꙑти|бъіті
на|на
нꙑ•|нъі
подобьнѣ•|подобьнѣ
или|ілі
неподобьнѣ•|неподобьнѣ
да|да
не|не
неприꙗта|непріꙗта
бѫдеть|бѫдеть
мл҃тва|мл҃тва
наша|наша
ꙗко|ꙗко
овьча|овьча
порочьно•|порочьно
единомѹ|едіномоу
бо|бо
рече|рече
молѧштѹ|молѧщоу
сѧ|сѧ
а|а
дрѹгꙋмѹ|дроугоумоу
проклинаѭштю•|проклінаѭщоу
коѥго|коего
гласъ|гласъ
ѹслꙑшить|оуслъішіть
вл҃ка•|вл҃ка
ꙗкоже|ꙗкоже
въ|въ
прѣмѫдрости|прѣмѫдрості
ꙗвлено|ꙗвлено
ѥсть•|есть
И|і
па҇ⷦ•|пак
ѥдинъ|едінъ
съꙁидаꙗ|съзідаꙗ
а|а
дрѹгꙑи|дроугъіі
раꙁарѧꙗ•|разарѧꙗ
чъто|чъто
ѹспѣѥта|оуспѣета
паче•|паче
нъ|нъ
трѹдъ•|троудъ
мꙑѧи|мъіѧі
съ|съ
отъ|отъ
мрьтвьца•|мрьтвьца
и|і
пакꙑ•|пакъі
касаѧ|касаѧ
сѧ|сѧ
ѥмь•|емь
каꙗ|каꙗ
льꙁѧ|льзѧ
бъи|бъі
ѥмѹ|емоу
отъ|отъ
банѧ•|банѧ
Такожде|такожде
постѧи|постѧі
сѧ|сѧ
чл҃къ•|чл҃къ
отъ|отъ
грѣхъ|грѣхъ
своихъ•|своіхъ
и|і
пакꙑ|пакъі
ходѧи|ходѧі
тожде|тожде
творѧ•|творѧ
мольбѫ|мольбѫ
ѥго|его
къто|къто
ѹслꙑшить•|оуслъішіть
и|і
чъто|чъто
ѹспѣлъ|оуспѣлъ
съмѣрениѥмь|съмѣреніемь
своимь•|своімь
и|і
приводить•|пріводіть
не|не
кѹи|коуі
на|на
своѥго|своего
дрѹга|дроуга
ꙁъла•|зъла
пришьльца|прішьльца
сѫшта|сѫща
и|і
надѣѫшта|надѣѫща
сѧ|сѧ
на|на
тѧ•|тѧ
иꙁ|із
ѹстъ|оустъ
бо|бо
беꙁѫмьнꙑихъ|безѫмьнъііхъ
жъꙁлъ|жъзлъ
досаждениꙗ•|досажденіꙗ
ходѧи|ходѧі
же|же
правѣ|правѣ
боить|боіть
сѧ|сѧ
г҃а•|г҃а
а|а
стръпъштаи|стръпъщаі
пѫтьми|пѫтьмі
ѹкоренъ|оукоренъ
бѹдеть•|боудеть
и|і
пр҃къ|пр҃къ
михеа•|міхеа
въꙁдꙑхаꙗ|въздъіхаꙗ
на|на
иїл҃ѧ|ііл҃ѧ
гл҃ааше•|гл҃ааше
къжъдо|къжъдо
искрьнѧаго|іскрьнѧаго
своѥго|своего
ѹтѣшаѥть•|оутѣшаеть
на|на
ꙁъло|зъло
рѹкꙑ|роукъі
своꙗ|своꙗ
готоваѭште•|готоваѭще
ап҃лъ|ап҃лъ
же•|же
аште|аще
бо|бо
братъ|братъ
твои|твоі
скрьбить|скрьбіть
рече•|рече
южѥ|юже
не|не
по|по
любъви|любъві
ходиши•|ходіші
гл҃еть|гл҃еть
же|же
и|і
г҃ъ•|г҃ъ
всѧкъ|всѧкъ
гнѣваꙗи|гнѣваꙗі
сѧ|сѧ
на|на
брата|брата
своего|своего
спꙑти•|спъіті
повиньнъ|повіньнъ
ѥсть|есть
сѫдѹ•|сѫдоу
иже|іже
ли|лі
речеть|речеть
братѹ|братоу
своѥмѹ|своемоу
рак͗ка•|ракка
повиньнъ|повіньнъ
ѥсть|есть
събориштѹ•|съборіщоу
а|а
ижѥ|іже
реть|реть
ѹроде•|оуроде
повиньнъ|повіньнъ
ѥсть|есть
геоннѣ|геоннѣ
огньнѣи•|огньнѣі
и|і
приводить•|пріводіть
аште|аще
ѹбо|оубо
приносиши|пріносіші
даръ|даръ
твои|твоі
къ|къ
олтарю•|олтарю
ти|ті
тѹ|тоу
помѧнеши|помѧнеші
ꙗко|ꙗко
имать|імать
нѣчьто|нѣчьто
братъ|братъ
твои|твоі
на|на
тѧ•|тѧ
остави|оставі
тѹ|тоу
даръ|даръ
твои|твоі
прѣдъ|прѣдъ
олътаремь•|олътаремь
иди|іді
прѣжде|прѣжде
съмири|съмірі
сѧ|сѧ
съ|съ
братомь|братомь
твоимь•|твоімь
и|і
тъгда|тъгда
прїнесеши|прінесеші
даръ|даръ
твои•|твоі
томѹ|томоу
слава|слава
чл҃колюбьцѹ|чл҃колюбьцоу
бу҇ⷪ•|буо
нꙑнѣ|нъінѣ
и|і
присно•|прісно
и|і
въ|въ
вѣкꙑ|вѣкъі
вѣкомъ|вѣкомъ
АМИН|амін
О|о
ТОМЬ|томь
ѤЖЕ|еже
ВЪНИМАТИ|въніматі
СЕ҇БѢ|себѣ
ѯ҃|ѯ҃
Ѥжѥ|еже
вънимати|въніматі
себѣ|себѣ
въ|въ
всѣхъ•|всѣхъ
велика|веліка
ѥсть|есть
и|і
съпасъна•|съпасъна
и|і
б҃ви|б҃ві
ѹгодьна•|оугодьна
ѥсть|есть
же|же
и|і
бꙑтиискаꙗ|бъітііскаꙗ
ꙁаповѣдь•|заповѣдь
таковꙑ|таковъі
иꙁбѣгнеть|ізбѣгнеть
ѹдобь•|оудобь
всѧкого|всѧкого
грѣха•|грѣха
всѧкѹ|всѧкоу
жѥ|же
добрость|добрость
и|і
ꙁаповѣдь|заповѣдь
бж҃ьѭ|бж҃ьѭ
съ|съ
грѣхꙑ|грѣхъі
прѣꙁьрить•|прѣзьріть
и|і
своими|своімі
печѥть|печеть
сѧ•|сѧ
ѥдиномꙑсльна|едіномъісльна
ѹма|оума
къ|къ
б҃ѹ|б҃оу
имѣꙗ•|імѣꙗ
Таковꙑи|таковъіі
съпрѧштеть|съпрѧщеть
сѧ•|сѧ
отъ|отъ
вьсѣхъ|вьсѣхъ
ꙁемльнꙑихъ|земльнъііхъ
вештьи•|вещьі
и|і
прѣнесѥнъ|прѣнесенъ
бꙑваеть|бъіваеть
къ|къ
нб҃сьнꙑимъ|нб҃сьнъіімъ
вѣчьнꙑимъ•|вѣчьнъіімъ
тръжъствѹ|тръжъствоу
подобьно|подобьно
ѥсть|есть
вьсе|вьсе
сълѹчьѥ•|сълоучье
вѣдꙑи|вѣдъіі
кѹплѫ|коуплѫ
дѣати•|дѣаті
приобрѧштеть|пріобрѧщеть
много•|много
а|а
не|не
вѣдꙑи|вѣдъіі
тъштетꙑ|тъщетъі
приѥмлѥть•|пріемлеть
великꙑ|велікъі
ѹбо|оубо
и|і
б҃голюбивꙑ|б҃голюбівъі
д҃шѧ|д҃шѧ
ѥсть•|есть
ѥже|еже
вънимати|въніматі
присно|прісно
тврьдѣ|тврьдѣ
себѣ•|себѣ
таковꙑи|таковъіі
бо•|бо
нꙑнѣшьнѧго|нъінѣшьнѧго
беспольꙁьна|беспользьна
помꙑшлѧꙗ•|помъішлѧꙗ
о|о
бѹдѹштиихъ|боудоущііхъ
невъꙁможѥнъ•|невъзможенъ
почиваꙗ|почіваꙗ
желаѧ•|желаѧ
правꙑимь|правъіімь
пѫтемь|пѫтемь
стѫпаѥть•|стѫпаеть
и|і
въ|въ
бестрѹдьное|бестроудьное
пристаниште|прістаніще
х҃во|х҃во
доходить•|доходіть
подобаѥть|подобаеть
ѹбо|оубо
вънимати|въніматі
польꙁьнаа•|пользьнаа
дъва|дъва
бо|бо
есте|есте
ан҃гла|ан҃гла
съ|съ
чл҃комь•|чл҃комь
ѥдинъ|едінъ
правьдьнꙑи|правьдьнъіі
и|і
единъ|едінъ
ꙁълобьнꙑи•|зълобьнъіі
и|і
праведьнꙑи|праведьнъіі
ѹбо|оубо
анг҃лъ•|анг҃лъ
срамѧживъ|срамѧжівъ
и|і
кротъкъ•|кротъкъ
и|і
млъчаливъ|млъчалівъ
ѥсть•|есть
ѥгда|егда
ѹбо|оубо
сь|сь
на|на
ср҃це|ср҃це
чл҃кѹ|чл҃коу
въꙁидеть•|възідеть
абие|абіе
гл҃еть|гл҃еть
съ|съ
нимь|німь
о|о
правьдѣ•|правьдѣ
и|і
чистотѣ•|чістотѣ
и|і
чьсти•|чьсті
и|і
самодовъльи•|самодовъльі
о|о
всѧкомь|всѧкомь
дѣлѣ|дѣлѣ
праведьнѣ|праведьнѣ
о|о
всѧкои|всѧкоі
дѣтели|дѣтелі
славьнѣ|славьнѣ
егда|егда
ѹбо|оубо
си|сі
всѧ|всѧ
на|на
ср҃це|ср҃це
чл҃кѹ|чл҃коу
въꙁидѹть•|възідоуть
то|то
ꙗвѣ|ꙗвѣ
ѥсть•|есть
ꙗко|ꙗко
ан҃гелъ|ан҃гелъ
праведьнъи|праведьнъі
съ|съ
нимъ|німъ
ѥсть•|есть
анг҃лъ|анг҃лъ
бо|бо
лѹкавьнаго|лоукавьнаго
дѣла•|дѣла
прѣже|прѣже
вьсего•|вьсего
напраснивъ|напраснівъ
ѥсть•|есть
и|і
гнѣвьливъ•|гнѣвьлівъ
и|і
беꙁѫменъ•|безѫменъ
и|і
дѣла|дѣла
ѥго|его
ꙁъла•|зъла
раꙁвраштаѭшта|развращаѭща
рабꙑ|рабъі
бж҃ьꙗ•|бж҃ьꙗ
ѥгда|егда
ѹбо|оубо
сь|сь
на|на
ср҃це|ср҃це
чл҃кѹ|чл҃коу
въꙁїдеть•|възідеть
подобаѥть|подобаеть
поꙁнати|познаті
и|і
отъ|отъ
дѣлъ|дѣлъ
ѥго•|его
ѥгда|егда
бо|бо
острогнѣвьимь|острогнѣвьімь
къ|къ
комꙋ|комоу
пристѹпить•|прістоупіть
или|ілі
горестьѭ•|горестьѭ
ꙗвѣ|ꙗвѣ
таковъи|таковъі
въ|въ
чл҃цѣ|чл҃цѣ
ѥсть•|есть
потомь|потомь
похоть|похоть
дѣаньи|дѣаньі
многъ•|многъ
и|і
многоцѣнье|многоцѣнье
брашънъ|брашънъ
многъ•|многъ
и|і
пиꙗньство•|піꙗньство
и|і
пировъ•|піровъ
и|і
раꙁличьнъ|разлічьнъ
пишть•|піщь
и|і
похоть|похоть
женъ•|женъ
и|і
лихоиманьи•|ліхоіманьі
и|і
прѣꙁоривьство•|прѣзорівьство
и|і
гръдꙑни•|гръдъіні
и|і
ѥлико|еліко
симъ|сімъ
ѥсть|есть
приїскрьно•|прііскрьно
и|і
подобно•|подобно
нъ|нъ
и|і
ꙁълаа|зълаа
помꙑшлѥниꙗ•|помъішленіꙗ
всѧ|всѧ
того|того
сѫть•|сѫть
вънемлѣмъ|вънемлѣмъ
ѹбо|оубо
себѣ|себѣ
сами|самі
испꙑтьнѣ•|іспъітьнѣ
анг҃ла|анг҃ла
ꙁълаго|зълаго
ѿчетимъ|отчетімъ
сѧ•|сѧ
анг҃ла|анг҃ла
же|же
праведьнаго|праведьнаго
въ|въ
слѣдъ|слѣдъ
ходим͗•|ходім
ꙗкоже|ꙗкоже
и|і
ꙁаконъ|законъ
повелѣваеть|повелѣваеть
гл҃ѧ•|гл҃ѧ
вьнимаи|вьнімаі
себе•|себе
и|і
съхрани|съхрані
дш҃ѹ|дш҃оу
своѭ|своѭ
ꙁѣло•|зѣло
не|не
ꙁабѫди|забѫді
г҃а|г҃а
б҃а|б҃а
твоего•|твоего
и|і
да|да
не|не
остѹпѧть|остоупѧть
словеса|словеса
ѥго|его
отъ|отъ
ср҃ца|ср҃ца
твоѥго•|твоего
вьсѧ|вьсѧ
дьни|дьні
живота|жівота
твоѥго•|твоего
нъ|нъ
вьꙁлюбиши|вьзлюбіші
г҃а|г҃а
б҃а|б҃а
своего•|своего
иꙁ|із
вьсеꙗ|вьсеꙗ
крѣпости|крѣпості
твоѥꙗ•|твоеꙗ
иꙁведъшааго|ізведъшааго
по|по
пешти|пещі
желѣꙁнꙑꙗ•|желѣзнъіꙗ
иꙁ-д-работꙑ|іздработъі
ѥгѵптьскꙑ•|егуптьскъі
сирѣчь|сірѣчь
миродрьца|міродрьца
тьмꙑ•|тьмъі
ѥгуп͗тъ|егуптъ
бо|бо
тьма|тьма
съкаꙁаѥть|съказаеть
сѧ•|сѧ
вънемли|вънемлі
себѣ•|себѣ
еда|еда
ꙗдъ|ꙗдъ
и|і
насꙑщь|насъіщь
сѧ|сѧ
ꙁабѫдеши|забѫдеші
г҃а|г҃а
б҃а|б҃а
своего•|своего
и|і
отъврьжеши|отъврьжеші
сѧ|сѧ
ꙗко|ꙗко
иногда|іногда
въꙁлюблении|възлюбленіі
людиѥ•|людіе
нꙑнѣ|нъінѣ
же|же
бг҃омръꙁъци•|бг҃омръзъці
и|і
въложиши|въложіші
гл҃ꙑ|гл҃ъі
моꙗ|моꙗ
въ|въ
ср҃це|ср҃це
своѥ•|свое
и|і
бѫдѹть|бѫдоуть
недвижими|недвіжімі
прѣдъ|прѣдъ
очима|очіма
твоима•|твоіма
вънемли|вънемлі
себѣ•|себѣ
не|не
оставлѧи|оставлѧі
леуитина|леуітіна
всѧ|всѧ
дьни|дьні
живота|жівота
своѥго•|своего
рекъше|рекъше
нꙑнѣшьниихъ|нъінѣшьнііхъ
слѹжитель|слоужітель
гн҃ь•|гн҃ь
чистители|чістітелі
бо|бо
и|і
слѹжители•|слоужітелі
порѫчьници|порѫчьніці
твої|твоі
сѫть•|сѫть
ти|ті
бо|бо
въꙁемлѭть|въземлѭть
грѣхꙑ|грѣхъі
людьскꙑ•|людьскъі
вънемли|вънемлі
себѣ|себѣ
еда|еда
къгда|къгда
бѫдеть|бѫдеть
гл҃ъ|гл҃ъ
таинъ•|таінъ
беꙁаконенье|безаконенье
въ|въ
ср҃ци|ср҃ці
твоемь•|твоемь
сирѣчь•|сірѣчь
не|не
опꙑтьливꙑ|опъітьлівъі
помꙑшлѥнии•|помъішленіі
нъ|нъ
прѣпрость|прѣпрость
ходи|ході
живота|жівота
своѥго|своего
дьни•|дьні
ꙗкоже|ꙗкоже
иеремиемь|іереміемь
вѣстьствѹѥть|вѣстьствоуеть
б҃ъ|б҃ъ
гл҃ѧ•|гл҃ѧ
се|се
дахъ|дахъ
прѣдъ|прѣдъ
лицемь|ліцемь
вашимь|вашімь
пѫть|пѫть
живота|жівота
и|і
съмрьти•|съмрьті
сирѣчь|сірѣчь
работѹ|работоу
и|і
свободѹ•|свободоу
бꙑвъшеи|бъівъшеі
бо|бо
иногда|іногда
тьма•|тьма
нꙑнѧ|нъінѧ
же|же
свѣтъ|свѣтъ
о|о
г҃и•|г҃і
блюдѣте|блюдѣте
сѧ|сѧ
сами|самі
испꙑтьнѣ•|іспъітьнѣ
еда|еда
къгда|къгда
отъпадете•|отъпадете
ꙗдъшѫмѹ|ꙗдъшѫмоу
бо|бо
ꙁелень•|зелень
ооскоминѣѭ|ооскомінѣѭ
ꙁѫби•|зѫбі
кожъдо|кожъдо
грѣхомъ|грѣхомъ
своимь|своімь
ѹмьре•|оумьре
и|і
еклисиастъ|еклісіастъ
рече•|рече
влъчець|влъчець
и|і
сѣть|сѣть
на|на
пѫтехъ|пѫтехъ
стръпътьнѣхъ•|стръпътьнѣхъ
хранѧи|хранѧі
же|же
дш҃ѫ|дш҃ѫ
своѫ|своѫ
ѹбѣжитъ|оубѣжітъ
оⷮ|от
нихъ•|ніхъ
и|і
па҇ⷦ•|пак
всѧцѣмь|всѧцѣмь
хранениемь|храненіемь
блюсти|блюсті
свое|свое
ср҃це|ср҃це
отъ|отъ
тѣхъ|тѣхъ
бо|бо
исходишта|ісходіща
жиꙁни•|жізні
и|і
па҇ⷦ•|пак
ѹготови|оуготові
въ|въ
исходъ|ісходъ
дѣла|дѣла
своꙗ•|своꙗ
ї|і
приготови|пріготові
сѧ|сѧ
на|на
село•|село
и|і
ходи|ході
въ|въ
сѣлдъ|сѣлдъ
мене•|мене
и|і
въꙁиждеши|възіждеші
храмъ|храмъ
свои•|своі
прѣстѹпленьимь|прѣстоупленьімь
адамлемь|адамлемь
раꙁоренъи•|разоренъі
ап҃лъ|ап҃лъ
же|же
павлъ•|павлъ
блюдѣте|блюдѣте
сѧ|сѧ
рече|рече
како|како
ходїте•|ходіте
не|не
ꙗко|ꙗко
немѫдри•|немѫдрі
нъ|нъ
ꙗко|ꙗко
прѣмѫдри•|прѣмѫдрі
искѹплѧѫште|іскоуплѧѫще
врѣмѧ•|врѣмѧ
ꙗко|ꙗко
дьниѥ|дьніе
ꙁъли|зълі
сѫть•|сѫть
и|і
въ|въ
дѣаниихъ•|дѣанііхъ
вънимаите|вънімаіте
себѣ•|себѣ
и|і
всемѹ|всемоу
стадѹ•|стадоу
и|і
немьже|немьже
вꙑ|въі
постави|поставі
дх҃ъ|дх҃ъ
ст҃ъи•|ст҃ъі
пасти|пасті
црк҃вь|црк҃вь
бж҃иѫ•|бж҃іѫ
иѡанъ•|іоанъ
дѣти•|дѣті
послѣдьнѧа|послѣдьнѧа
година|годіна
ѥсть•|есть
и|і
ꙗкоже|ꙗкоже
слꙑшасте|слъішасте
ꙗко|ꙗко
антих҃ъ|антіх҃ъ
грѧдеть•|грѧдеть
и|і
нꙑнѣ|нъінѣ
антихрьсти|антіхрьсті
мноꙁи|мнозі
бꙑшѧ•|бъішѧ
тѣмь|тѣмь
раꙁѹмѣваѥмъ•|разоумѣваемъ
ꙗко|ꙗко
послѣдьнѧа|послѣдьнѧа
година|годіна
есть•|есть
и|і
г҃ъ•|г҃ъ
вънемлѣте|вънемлѣте
себѣ|себѣ
отъ|отъ
лъжиихъ|лъжііхъ
пр҃къ•|пр҃къ
иже|іже
приходѧть|пріходѧть
къ|къ
вамъ|вамъ
въ|въ
одеждахь|одеждахь
овьчахъ•|овьчахъ
вънѹтрь|въноутрь
сѫть|сѫть
влъци|влъці
хꙑштьници•|хъіщьніці
ѿ|от
плодъ|плодъ
ихъ|іхъ
поꙁнаите|познаіте
ꙗ•|ꙗ
томѹ|томоу
слава|слава
члк҃бивѹмѹ|члк҃бівоумоу
б҃ѹ|б҃оу
въ|въ
вѣкꙑ|вѣкъі
вѣкомъ|вѣкомъ
АМИН|амін
ѯ҃а|ѯ҃а
О|о
БЛАГОРѢЧИВЬСТВѢ|благорѣчівьствѣ
Блага|блага
словеса•|словеса
отъ|отъ
добраго|добраго
скровишта|скровіща
срч҃наго|срч҃наго
исходѧть•|ісходѧть
аште|аще
бо|бо
кто|кто
не|не
ичистить|ічістіть
ср҃ца|ср҃ца
своего|своего
отъ|отъ
ꙁълословесьꙗ•|зълословесьꙗ
добра|добра
бесѣдовати|бесѣдоваті
не|не
можеть•|можеть
аште|аще
бо|бо
и|і
мьнить|мьніть
сѧ|сѧ
гл҃ати|гл҃аті
послѹшьникомъ•|послоушьнікомъ
неприꙗтьна|непріꙗтьна
сѫть|сѫть
словеса|словеса
его|его
и|і
отъметьна•|отъметьна
не|не
имѹшта|імоуща
масти|масті
благодѣти|благодѣті
ст҃го|ст҃го
дх҃а•|дх҃а
хотѧи|хотѧі
ѹбо|оубо
польꙁовати|пользоваті
комѹ|комоу
словесемь•|словесемь
да|да
просить|просіть
ѹ|оу
б҃а|б҃а
слова|слова
словеси•|словесі
въ|въ
отъврьстьи|отъврьстьі
ѹстъ|оустъ
его•|его
ꙗкоже|ꙗкоже
исаиꙗ|ісаіꙗ
гл҃еть•|гл҃еть
г҃ъ|г҃ъ
бо|бо
рече|рече
даеть|даеть
ми|мі
ꙗꙁ҃къ|ꙗз҃къ
накаꙁаньꙗ•|наказаньꙗ
вѣдѣти|вѣдѣті
вънегда|вънегда
достоить|достоіть
решти|рещі
слово•|слово
и|і
приричеть•|прірічеть
послѹшаите|послоушаіте
мене•|мене
и|і
поживеть|пожіветь
въ|въ
благꙑихъ|благъііхъ
дш҃а|дш҃а
вашѧ•|вашѧ
притъчьникъ|прітъчьнікъ
же•|же
сътове|сътове
медвьни|медвьні
словеса|словеса
добра•|добра
сладость|сладость
же|же
ихъ|іхъ
слѹхъ|слоухъ
исцѣленье|ісцѣленье
дш҃и•|дш҃і
елико|еліко
бо|бо
на|на
сп҃нье|сп҃нье
гл҃ѫть•|гл҃ѫть
сладость|сладость
исцѣленье|ісцѣленье
творѧть|творѧть
дш҃и•|дш҃і
и|і
раꙁѹмивъи|разоумівъі
въ|въ
вещехъ|вещехъ
обрѣтатель|обрѣтатель
благомь•|благомь
и|і
ѹста|оуста
въꙁлюбѧть|възлюбѧть
отъвѣштаѫща|отъвѣщаѫща
словеса|словеса
добра•|добра
и|і
ѹстьнꙑ|оустьнъі
гладъкꙑ|гладъкъі
покрꙑѫть|покръіѫть
ср҃це|ср҃це
печально•|печально
И|і
па҇ⷦ•|пак
слово|слово
жестоко•|жестоко
въꙁдвижеть|въздвіжеть
гнѣвъ•|гнѣвъ
ꙗꙁꙑкъ|ꙗзъікъ
же|же
прм҃дръихъ|прм҃дръіхъ
добро|добро
ѹмѣѥть•|оумѣеть
исцѣление|ісцѣленіе
ꙗꙁ҃ка|ꙗз҃ка
дрѣво|дрѣво
животьно•|жівотьно
и|і
па҇ⷦ•|пак
иꙁ|із
ѹстъ|оустъ
правьдьнаго|правьдьнаго
каплеть|каплеть
прмд҃рсто•|прмд҃рсто
и|і
отъ|отъ
ѹстьнъ|оустьнъ
праведьнъихъ•|праведьнъіхъ
каплѫть|каплѫть
благодѣти•|благодѣті
и|і
ѹста|оуста
съмѣренъихъ|съмѣренъіхъ
ѹчать|оучать
сѧ|сѧ
мд҃рсти•|мд҃рсті
и|і
пакꙑ•|пакъі
отъ|отъ
плода|плода
ѹстъ•|оустъ
дш҃а|дш҃а
мѫжа|мѫжа
насꙑтить|насъітіть
сѧ•|сѧ
благъ•|благъ
въꙁдаание|въздааніе
же|же
ѹстьнѹ|оустьноу
его|его
въꙁдасть|въздасть
сѧ|сѧ
емѹ•|емоу
и|і
пакꙑ•|пакъі
ѹстьнꙑ|оустьнъі
истиньнꙑ•|істіньнъі
исправлѧѫть|ісправлѧѫть
съвѣдѣтельство•|съвѣдѣтельство
хотѧштеи|хотѧщеі
же|же
мирьни|мірьні
бꙑти|бъіті
въꙁвеселѧть|възвеселѧть
сѧ•|сѧ
пѣвьць|пѣвьць
же•|же
отъригнѫ|отърігнѫ
ср҃це|ср҃це
моѥ|мое
слово|слово
благо•|благо
и|і
г҃ъ|г҃ъ
дасть|дасть
глаголъ|глаголъ
благовѣстьствѹѫштиим͗|благовѣстьствоуѫщіім
силоѫ|сілоѫ
многоѭ•|многоѭ
и|і
г҃и|г҃і
ѹстьнѣ|оустьнѣ
мои|моі
отъврьꙁеши•|отъврьзеші
и|і
ѹста|оуста
моꙗ|моꙗ
въꙁдѧть|въздѧть
хвалѹ|хвалоу
твоѫ•|твоѫ
присꙑлаеть|прісъілаеть
же|же
и|і
павлъ|павлъ
гл҃ѧ•|гл҃ѧ
слово|слово
ваше|ваше
вьсегда|вьсегда
въ|въ
благодѣти•|благодѣті
да|да
бꙑваеть•|бъіваеть
сольѫ|сольѫ
растворено•|растворено
вѣдѣти|вѣдѣті
како|како
подобаеть•|подобаеть
ѥдиномѹ|едіномоу
комѹ|комоу
васъ|васъ
отъвѣштавати•|отъвѣщаваті
и|і
римлѧнемъ•|рімлѧнемъ
въꙁлюблѧѭ|възлюблѧѭ
бо|бо
рече|рече
видѣти|відѣті
вꙑ•|въі
да|да
етеро|етеро
подамь|подамь
вамъ|вамъ
дарованье|дарованье
дх҃вно•|дх҃вно
ѹтврьдити|оутврьдіті
сѧ|сѧ
вамъ•|вамъ
се|се
же|же
есть|есть
ѹтѣшити|оутѣшіті
сѧ|сѧ
вами•|вамі
обьштеѫ|обьщеѫ
вѣроѫ•|вѣроѫ
и|і
пакꙑ•|пакъі
молѧште|молѧще
ѥдиного|едіного
когожьдо|когожьдо
васъ•|васъ
и|і
ѹтѣшаѫште•|оутѣшаѫще
ходити|ходіті
достоино|достоіно
б҃ѹ•|б҃оу
иже|іже
ѹбо|оубо
чѫеть|чѫеть
сѧ|сѧ
приимъ|пріімъ
даръ|даръ
ѹчительства|оучітельства
отъ|отъ
б҃а•|б҃а
да|да
бесѣдѹеть|бесѣдоуеть
съ|съ
съмѣреною|съмѣреною
мѫдростиѫ•|мѫдростіѫ
да|да
и|і
їнѣхъ|інѣхъ
съꙁидаеть•|съзідаеть
да|да
не|не
къгда|къгда
и|і
осѫжденъ|осѫжденъ
бѹдеть:|боудеть
ꙗкоже|ꙗкоже
съкрꙑвъ|съкръівъ
и|і
таланта•|таланта
а|а
не|не
приимъи|пріімъі
дара|дара
таковаго•|таковаго
да|да
млъчить|млъчіть
и|і
да|да
не|не
иꙁносить|ізносіть
гл҃ъ|гл҃ъ
праꙁденъ|празденъ
отъ|отъ
ср҃ца|ср҃ца
своего•|своего
еда|еда
къгда|къгда
ѹслꙑшить•|оуслъішіть
грѣшьникомъ|грѣшьнікомъ
же|же
рече|рече
б҃ъ•|б҃ъ
въскѹѫ|въскоуѫ
тꙑ|тъі
повѣдаеши|повѣдаеші
оправьданиꙗ|оправьданіꙗ
моꙗ•|моꙗ
и|і
въсприемлеши|въспріемлеші
ꙁавѣтъ|завѣтъ
ѹстꙑ|оустъі
твоими•|твоімі
тꙑ|тъі
же|же
въꙁненавидѣ|възненавідѣ
накаꙁание|наказаніе
мое•|мое
и|і
въꙁврьже|възврьже
словеса|словеса
моꙗ|моꙗ
въспѧть•|въспѧть
добрꙑи|добръіі
бо|бо
чл҃къ|чл҃къ
рече|рече
г҃ъ•|г҃ъ
отъ|отъ
благаго|благаго
съкровишта|съкровіща
ср҃ца|ср҃ца
своего•|своего
сирѣчь•|сірѣчь
благодѣти|благодѣті
ст҃го|ст҃го
д҃ха•|д҃ха
иꙁносить|ізносіть
благое•|благое
о|о
х҃ѣ|х҃ѣ
їс҃ѣ|іс҃ѣ
томѹ|томоу
слава|слава
вь|вь
вѣкꙑ|вѣкъі
вѣкомъ|вѣкомъ
АМИН|амін
ѯ҃в|ѯ҃в
О|о
ТОМЬ|томь
ѤЖЕ|еже
НЕ|не
КЛѦТИ|клѧті
СѦ|сѧ
О|о
неклѧтвьи|неклѧтвьі
ветъхꙑи|ветъхъіі
ѹбо|оубо
ꙁаконъ•|законъ
ꙗко|ꙗко
младиштемъ|младіщемъ
ꙁаконъ|законъ
полагаꙗ•|полагаꙗ
ꙁаповѣдаѥть|заповѣдаеть
не|не
беꙁ|без
ѹма•|оума
ни|ні
на|на
льсть|льсть
искрьнюмѹ|іскрьнюмоу
клѧти|клѧті
сѧ•|сѧ
намъ|намъ
же|же
г҃ъ|г҃ъ
нашъ|нашъ
и|і
сп҃съ•|сп҃съ
ꙁаповѣдаеть|заповѣдаеть
нꙑ•|нъі
и|і
беꙁ|без
врѣмене•|врѣмене
ни|ні
въ|въ
подобно|подобно
врѣмѧ|врѣмѧ
клѧти|клѧті
сѧ•|сѧ
бѹди|боуді
же|же
вамъ|вамъ
рече•|рече
ѥже|еже
еи|еі
еи•|еі
и|і
еже|еже
ни|ні
ни•|ні
а|а
лихоѥ|ліхое
отъ|отъ
неприꙗꙁни|непріꙗзні
есть•|есть
прьвъимъ|прьвъімъ
рече|рече
людемъ•|людемъ
ꙗко|ꙗко
жестовꙑемъ|жестовъіемъ
ꙁаповѣдахъ•|заповѣдахъ
не|не
въ|въ
лъжѫ|лъжѫ
кльнеши|кльнеші
сѧ•|сѧ
въꙁдаси|въздасі
же|же
гв҃и|гв҃і
клѧтвꙑ|клѧтвъі
своꙗ•|своꙗ
ꙗко|ꙗко
жестосрьдомъ|жестосрьдомъ
и|і
непокорѧштемъ|непокорѧщемъ
ми|мі
сѧ•|сѧ
вамъ|вамъ
же|же
вѣровавъшиимъ|вѣровавъшіімъ
въ|въ
мѧ•|мѧ
имьже|імьже
дахъ|дахъ
власть|власть
чадомъ|чадомъ
бж҃ьимъ|бж҃ьімъ
бꙑти•|бъіті
порожденъимъ|порожденъімъ
отъ|отъ
ст҃го|ст҃го
д҃ха•|д҃ха
приповелѣваѫ|пріповелѣваѫ
не|не
клѧти|клѧті
сѧ|сѧ
вьсѣмъ|вьсѣмъ
никоеѫже|нікоеѫже
клѧтвоѫ•|клѧтвоѫ
ни|ні
малоѫ|малоѫ
ни|ні
великоѫ•|велікоѫ
да|да
сѧ|сѧ
ꙗвить|ꙗвіть
раꙁньство|разньство
любодѣичишть•|любодѣічіщь
и|і
приснъихъ|пріснъіхъ
моихъ|моіхъ
чадъ•|чадъ
постꙑдимъ|постъідімъ
сѧ|сѧ
ѹбо|оубо
въꙁлюблении•|възлюбленіі
почътъшаго|почътъшаго
нꙑ|нъі
тако|тако
вл҃кꙑ•|вл҃къі
и|і
отьца•|отьца
и|і
съ|съ
всѧцѣмь|всѧцѣмь
страхомь|страхомь
ꙗко|ꙗко
раби|рабі
приснии•|прісніі
съхранимъ|съхранімъ
ꙁаповѣдь|заповѣдь
ѥго|его
ѥже|еже
отънѫдъ|отънѫдъ
не|не
клѧти|клѧті
сѧ•|сѧ
да|да
не|не
когда|когда
и|і
о|о
насъ|насъ
речеть•|речеть
с҃нꙑ|с҃нъі
родихъ|родіхъ
и|і
въꙁнесохъ•|възнесохъ
ти|ті
же|же
отъврьгошѧ|отъврьгошѧ
сѧ|сѧ
мене•|мене
и|і
сн҃ве|сн҃ве
тѹждии|тоуждіі
сълъгаша|сълъгаша
мнѣ•|мнѣ
не|не
бѹдѣмъ|боудѣмъ
ѹбо|оубо
дрьꙁи•|дрьзі
и|і
неродиви•|неродіві
о|о
ꙁаповѣди|заповѣді
вл҃кꙑ|вл҃къі
нашего•|нашего
гл҃емаа|гл҃емаа
бо|бо
бес|бес
клѧтвꙑ|клѧтвъі
ли|лі
бꙑваѫштаа•|бъіваѫщаа
благовѣрьнѣиша|благовѣрьнѣіша
сѫть|сѫть
чл҃кмъ|чл҃кмъ
и|і
б҃ви|б҃ві
ѹгодьна•|оугодьна
добрѣ|добрѣ
же|же
и|і
мд҃рсть|мд҃рсть
въꙁвѣщаеть•|възвѣщаеть
не|не
приѹчаи|пріоучаі
клѧтвѣ|клѧтвѣ
ѹстъ|оустъ
своихъ•|своіхъ
и|і
именованиемь|іменованіемь
ст҃го|ст҃го
не|не
обꙑкни|объікні
сѧ•|сѧ
кльнъи|кльнъі
бо|бо
сѧ|сѧ
не|не
очистѣеть|очістѣеть
отъ|отъ
грѣха•|грѣха
и|і
пакꙑ•|пакъі
мѫжь|мѫжь
многоклѧтвьнъ|многоклѧтвьнъ
наплънить|наплъніть
сѧ|сѧ
беꙁаконьꙗ•|безаконьꙗ
и|і
не|не
отъстѹпить|отъстоупіть
отъ|отъ
него|него
рана•|рана
нъ|нъ
и|і
бесѣда|бесѣда
многоклѧтвьника•|многоклѧтвьніка
нѥ|не
тъчъѫ|тъчъѫ
власꙑ|власъі
въсрашаеть•|въсрашаеть
нъ|нъ
и|і
слѹхома|слоухома
сътꙋжаеть•|сътоужаеть
рече|рече
же|же
и|і
ꙁаконъ•|законъ
не|не
кльнѣте|кльнѣте
сѧ|сѧ
имемь|імемь
моимь|моімь
о|о
неправьдѣ•|неправьдѣ
и|і
пр҃къ|пр҃къ
ꙁахариꙗ•|захаріꙗ
клѧтвꙑ|клѧтвъі
лъжьнѧ|лъжьнѧ
не|не
любите•|любіте
истинѹ|істіноу
и|і
мира|міра
любите•|любіте
гл҃еть|гл҃еть
же|же
и|і
осие•|осіе
не|не
кльнѣте|кльнѣте
сѧ|сѧ
живомь|жівомь
б҃мь•|б҃мь
михеа|міхеа
же•|же
и|і
бѫдѹ|бѫдоу
рече|рече
съвѣдѣтель|съвѣдѣтель
ꙗдръ•|ꙗдръ
на|на
кльнѹштаѧ|кльноущаѧ
сѧ|сѧ
именемь|іменемь
моимь•|моімь
посꙑлаеть|посъілаеть
же|же
и|і
иꙗковъ|іꙗковъ
гл҃ѧ•|гл҃ѧ
прѣжде|прѣжде
всего|всего
братье|братье
моꙗ|моꙗ
не|не
кльнѣте|кльнѣте
сѧ|сѧ
ни|ні
небомь|небомь
ни|ні
ꙁемлеѫ•|землеѫ
ни|ні
иноѫ|іноѫ
единоѫ|едіноѫ
клѧтвоѫ•|клѧтвоѫ
бѫди|бѫді
же|же
вамъ|вамъ
еже|еже
еи|еі
еи•|еі
и|і
еже|еже
ни|ні
ни•|ні
да|да
не|не
въ|въ
осѫжнение|осѫжненіе
въпадете•|въпадете
такожде|такожде
и|і
г҃ъ|г҃ъ
нашь|нашь
и|і
сп҃съ•|сп҃съ
аꙁъ|азъ
же|же
гл҃ю|гл҃ю
вамъ|вамъ
не|не
клѧти|клѧті
сѧ|сѧ
отънѫдъ|отънѫдъ
ни|ні
небомь•|небомь
ꙗко|ꙗко
прѣстолъ|прѣстолъ
есть|есть
бж҃ьи•|бж҃ьі
ни|ні
ꙁемлеѫ•|землеѫ
ꙗко|ꙗко
подъножьѥ|подъножье
есть|есть
ногѹ|ногоу
его•|его
ни|ні
им҃омь|ім҃омь
ꙗко|ꙗко
градъ|градъ
есть|есть
великаго|велікаго
цр҃ѧ•|цр҃ѧ
ни|ні
главоѫ|главоѫ
своѥѭ|своеѭ
кльни|кльні
сѧ•|сѧ
ꙗко|ꙗко
не|не
можеши|можеші
единого|едіного
вла¬с¬а|власа
бѣла|бѣла
ли|лі
чрьна|чрьна
створити•|створіті
бѫди|бѫді
же|же
вамъ|вамъ
ѥже|еже
еи|еі
еи•|еі
и|і
еже|еже
ни|ні
ни•|ні
а|а
лихое|ліхое
сего|сего
отъ|отъ
непрьꙗꙁни|непрьꙗзні
есть•|есть
томѹ|томоу
слава|слава
чл҃колюбивѹмѹ|чл҃колюбівоумоу
б҃ѹ|б҃оу
въ|въ
вѣкꙑ|вѣкъі
вѣкомъ|вѣкомъ
АМИН|амін
ѯ҃г|ѯ҃г
Ꙍ|о
ТОМЬ|томь
ѤЖЕ|еже
ХРⷬАНИТИ|хрраніті
ТАИНѪ|таінѫ
Ѥже|еже
повѣдати|повѣдаті
таинѹ•|таіноу
ѭтрьниихъ|ѭтрьнііхъ
есть•|есть
приснꙑхъ|пріснъіхъ
и|і
вѣрьнъихъ•|вѣрьнъіхъ
а|а
не|не
вънѣшьниихъ•|вънѣшьнііхъ
вамъ|вамъ
бо|бо
дано|дано
есть|есть
вѣдѣти|вѣдѣті
рече|рече
г҃ъ•|г҃ъ
таинꙑ|таінъі
црс҃твьꙗ•|црс҃твьꙗ
аште|аще
ѹбо|оубо
слꙑшавъ|слъішавъ
и|і
не|не
съхранить•|съхраніть
прѣдатель|прѣдатель
истинꙑ|істінъі
бъїсть•|бъість
нѹждьно|ноуждьно
ѹбо|оубо
ѥсть|есть
ꙁѣло|зѣло
всѧцѣмь|всѧцѣмь
хранениемь|храненіемь
въꙁдрьжати|въздрьжаті
сѧ•|сѧ
и|і
блюсти|блюсті
повѣданоѥ|повѣданое
его|его
таиньство•|таіньство
да|да
не|не
приснъи|пріснъі
емѹ|емоу
дрѹгъ|дроугъ
бесъмиренъ|бесъміренъ
емѹ|емоу
врагъ|врагъ
прѣбѹдеть•|прѣбоудеть
ꙗко|ꙗко
и|і
ст҃ꙑими|ст҃ъіімі
книгами|кнігамі
кажеми|кажемі
есмь•|есмь
не|не
ꙗвлѧти|ꙗвлѧті
таинꙑ•|таінъі
гл҃еть|гл҃еть
бо|бо
притъчьникъ•|прітъчьнікъ
ꙗко|ꙗко
иже|іже
таить|таіть
обидѫ•|обідѫ
иштеть|іщеть
дрѹжъбꙑ•|дроужъбъі
иже|іже
ли|лі
не|не
любить|любіть
таити•|таіті
раꙁлѹчаеть|разлоучаеть
дрѹгꙑ|дроугъі
и|і
своить•|своіть
и|і
инъ•|інъ
слꙑшалъ|слъішалъ
еси|есі
слово|слово
рече•|рече
да|да
ѹмьреть|оумьреть
съ|съ
тобоѫ•|тобоѫ
отъкрꙑваѧи|отъкръіваѧі
бо|бо
таинѹ•|таіноу
гѹбить|гоубіть
вѣрѹ•|вѣроу
и|і
па҇ⷦ•|пак
аште|аще
отъкрꙑѥши|отъкръіеші
таинѫ|таінѫ
дрѹга|дроуга
своего•|своего
не|не
поженеши|поженеші
въ|въ
слѣдъ|слѣдъ
его•|его
ꙗкоже|ꙗкоже
бо|бо
пътицѹ|пътіцоу
иꙁ-д-рѹкꙑ|іздроукъі
своеѧ|своеѧ
ѹпѹстилъ|оупоустілъ
ѥси•|есі
такоже|такоже
ѹпѹстилъ|оупоустілъ
еси|есі
искрьнѧго|іскрьнѧго
и|і
не|не
ѹловиши|оуловіші
его•|его
не|не
гони|гоні
ѹбо|оубо
его|его
ꙗко|ꙗко
далече|далече
отъстѹпи•|отъстоупі
и|і
приводить•|пріводіть
ꙗко|ꙗко
стрѹпъ|строупъ
есть|есть
обѧꙁати•|обѧзаті
и|і
клеветѣ|клеветѣ
есть|есть
съмѣренье•|съмѣренье
а|а
отъкрꙑвъи|отъкръівъі
таинѫ•|таінѫ
погѹбилъ|погоубілъ
есть|есть
вѣрѹ•|вѣроу
доблѧ|доблѧ
ѹбо|оубо
и|і
мѫжьствьнꙑ|мѫжьствьнъі
и|і
вѣрьнꙑ|вѣрьнъі
дш҃ѧ|дш҃ѧ
есть•|есть
по|по
всѧкомѹ|всѧкомоу
обраꙁѹ|образоу
таити|таіті
таинѫ•|таінѫ
и|і
не|не
ꙁа|за
единꙑ|едінъі
винꙑ|вінъі
или|ілі
скрьби•|скрьбі
ꙗко|ꙗко
ѹлѹчьше|оулоучьше
ꙗвлѧти|ꙗвлѧті
дрьꙁаемаа|дрьзаемаа
емѹ•|емоу
мало|мало
бо|бо
въ|въ
часъ|часъ
прѣтрьпѣвъ•|прѣтрьпѣвъ
и|і
ѹдрьжавъ•|оудрьжавъ
послѣжде|послѣжде
обемлеши|обемлеші
сладость|сладость
радости•|радості
отъ|отъ
плода|плода
ѹдрьжаньꙗ•|оудрьжаньꙗ
вѣрьнъи|вѣрьнъі
бо|бо
рабъ•|рабъ
таинѫ|таінѫ
вл҃кꙑ|вл҃къі
своего|своего
хранить•|храніть
рече|рече
бо|бо
г҃ъ|г҃ъ
своимъ|своімъ
ѹченикомъ•|оученікомъ
вамъ|вамъ
бо|бо
дано|дано
есть|есть
вѣдѣти|вѣдѣті
таинꙑ|таінъі
цр҃ствиꙗ|цр҃ствіꙗ
бж҃иꙗ•|бж҃іꙗ
инѣмъ|інѣмъ
же|же
вънѣшьниимъ|вънѣшьніімъ
въ|въ
притъчахъ|прітъчахъ
всѧ|всѧ
гл҃ѫть|гл҃ѫть
сѧ•|сѧ
да|да
видѧште|відѧще
видѧть|відѧть
и|і
не|не
ѹꙁьрѧть•|оузьрѧть
и|і
слꙑшаште|слъішаще
слꙑшать|слъішать
и|і
не|не
раꙁѹмѣѭть•|разоумѣѭть
томѹ|томоу
слава|слава
милостивѹмѹ|мілостівоумоу
б҃ѹ•|б҃оу
въ|въ
вѣкꙑ|вѣкъі
вѣкомъ|вѣкомъ
АМИН|амін
ѯ҃д|ѯ҃д
О|о
ТО|то
҇ⷨ|м
ѤЖЕ|еже
НЕ|не
ПЪВАТИ|пъваті
БЕꙀ|без
ГОДА|года
Ѥже|еже
беꙁ|без
врѣмене|врѣмене
пъвати|пъваті
цѣмь|цѣмь
ненакаꙁанꙑ•|ненаказанъі
и|і
неискѹсьнꙑ•|неіскоусьнъі
дш҃ѧ|дш҃ѧ
ѥсть|есть
своиство•|своіство
мноꙁи|мнозі
бо|бо
отъ|отъ
опасивааго|опасівааго
пъваниꙗ|пъваніꙗ
имиже|іміже
не|не
бѣ|бѣ
льꙁѣ•|льзѣ
послѣжде|послѣжде
въ|въ
скрьби|скрьбі
вельꙗ•|вельꙗ
и|і
несътрьпьнꙑ|несътрьпьнъі
въпадошѧ•|въпадошѧ
подобаеть|подобаеть
ѹбо|оубо
все|все
опасьно|опасьно
и|і
съ|съ
сьвѣтомь|сьвѣтомь
творити•|творіті
а|а
не|не
пъвати|пъваті
н¬ї¬цѣмьже|ніцѣмьже
ꙗко|ꙗко
ѹлѹчаште•|оулоучаще
да|да
не|не
послѣдь|послѣдь
своего|своего
ꙁълосъвѣтьꙗ|зълосъвѣтьꙗ
плодꙑ|плодъі
болѣꙁньнꙑ|болѣзньнъі
пожьнеть•|пожьнеть
въ|въ
ѹши|оуші
бо|бо
беꙁѹмьнаго•|безоумьнаго
добро|добро
есть|есть
ничьсоже|нічьсоже
не|не
гл҃ати•|гл҃аті
ꙗкоже|ꙗкоже
рече|рече
соломонъ•|соломонъ
еда|еда
къгда|къгда
порѹгаеть|пороугаеть
сѧ|сѧ
твоимъ|твоімъ
раꙁѹмьнъимъ|разоумьнъімъ
словесемъ•|словесемъ
ѹчїть|оучіть
же|же
и|і
инъ|інъ
мѹтръ•|моутръ
съ|съ
бѹемь|боуемь
не|не
съвѣтоваи•|съвѣтоваі
не|не
въꙁможеть|възможеть
бо|бо
словесе|словесе
съдрьжати•|съдрьжаті
и|і
пакꙑ•|пакъі
вьсѧкомѹ|вьсѧкомоу
чл҃кѹ|чл҃коу
не|не
ꙗвлѧи|ꙗвлѧі
ср҃ца|ср҃ца
своего•|своего
многа|многа
бо|бо
сѫть|сѫть
лааниꙗ|лааніꙗ
льстивааго•|льстівааго
и|і
па҇ⷦ•|пак
прѣдъ|прѣдъ
тѹждиимь|тоуждіімь
не|не
твори|творі
ничесоже|нічесоже
таина:|таіна
не|не
вѣси|вѣсі
бо|бо
чьто|чьто
ти|ті
створить•|створіть
и|і
пакꙑ•|пакъі
чл҃къ|чл҃къ
обоитивъ•|обоітівъ
отъкрꙑваеть|отъкръіваеть
съвѣтꙑ|съвѣтъі
въ|въ
съньмишти•|съньміщі
вѣрьнъи|вѣрьнъі
же|же
х҃мь|х҃мь
таить|таіть
вешти•|вещі
и|і
пр҃къ|пр҃къ
михеа|міхеа
въпьеть|въпьеть
гл҃ѧ•|гл҃ѧ
хранити|храніті
сѧ|сѧ
отъ|отъ
подрѹжьꙗ•|подроужьꙗ
да|да
не|не
къгда|къгда
постраждемъ•|постраждемъ
ꙗже|ꙗже
и|і
самѱонъ•|сампсонъ
доогавленъ|доогавленъ
бо|бо
праведьнъи|праведьнъі
своеѫ|своеѫ
женоѭ•|женоѭ
повѣда|повѣда
еи|еі
ганание•|гананіе
и|і
бꙑсть|бъість
емѹꙷ|емоуу
въ|въ
печаль|печаль
вельѭ•|вельѭ
такожде|такожде
же|же
и|і
въторое|въторое
ѥмѹ|емоу
подрѹжье•|подроужье
далида•|даліда
лестьнъими|лестьнъімі
словесꙑ|словесъі
прѣльстивъши•|прѣльстівъші
праведьника•|праведьніка
обрадованье|обрадованье
створи|створі
врагомъ|врагомъ
его•|его
и|і
ꙁачатъ|зачатъ
отъ|отъ
обѣтованиꙗ•|обѣтованіꙗ
и|і
сѫдивъ|сѫдівъ
к҃|к҃
л҇ⷮѣ|лтѣ
иил҃еви•|ііл҃еві
и|і
растрьгъ|растрьгъ
рѹкама|роукама
ѹста|оуста
львова•|львова
и|і
чѥлюстьѭ|челюстьѭ
осьлеѫ|осьлеѫ
тꙑсѫштѫ|тъісѫщѫ
иꙁбївъ|ізбівъ
мѫжь•|мѫжь
и|і
водѫ|водѫ
и-челюсти|ічелюсті
пивъ•|півъ
иже|іже
съ|съ
многоѫ|многоѫ
крѣпостиѫ•|крѣпостіѫ
врата|врата
гаꙁьскаа|газьскаа
съ|съ
вереїми|вереімі
на|на
рамо|рамо
въꙁьмъ•|възьмъ
и|і
на|на
горѹ|гороу
въꙁнесъ•|възнесъ
ꙁълоѫ|зълоѫ
женоѫ|женоѫ
обльштенъ•|обльщенъ
вънеꙁапѫ|вънезапѫ
не|не
тъчьѫ|тъчьѫ
толикѫ|толікѫ
крѣпость|крѣпость
погѹби•|погоубі
нъ|нъ
и|і
очима|очіма
иꙁврьтѣнъ•|ізврьтѣнъ
рѫгѹ|рѫгоу
отрокомъ•|отрокомъ
иноплеменьникъ|іноплеменьнікъ
бꙑвъ|бъівъ
съ|съ
ними|німі
житье|жітье
раꙁдрѹши•|раздроуші
послѣдѹꙗ|послѣдоуꙗ
ѹбо|оубо
есть|есть
гн҃е|гн҃е
речение|реченіе
гл҃ѫштее•|гл҃ѫщее
не|не
дадите|дадіте
ст҃аго|ст҃аго
пьсомъ|пьсомъ
ни|ні
помештѣте|помещѣте
бисьръ|бісьръ
прѣдъ|прѣдъ
свиньꙗми•|свіньꙗмі
да|да
не|не
поперѫть|поперѫть
ихъ|іхъ
ногами|ногамі
своими•|своімі
и|і
враштьше|вращьше
сѧ|сѧ
растрьгнѫть|растрьгнѫть
вꙑ•|въі
томѹ|томоу
слава|слава
въ|въ
вѣкꙑ|вѣкъі
вѣком:|вѣком
АМИН|амін
ѯ҃е|ѯ҃е
Ꙍ|о
ИСТИНѢ|істінѣ
Просто|просто
чьстьнꙑи|чьстьнъіі
оч҃е|оч҃е
еустатие•|еустатіе
чѫдиши|чѫдіші
сѧ|сѧ
тꙑ|тъі
же|же
и|і
прочитаѫштьи•|прочітаѫщьі
нꙑнѣшьнѫ|нъінѣшьнѫ
дѣтѣль•|дѣтѣль
чесо|чесо
дѣльма|дѣльма
вами|вамі
ѹбѣжденъ•|оубѣжденъ
и|і
къ|къ
вамъ|вамъ
начало•|начало
словѹ|словоу
створивъ•|створівъ
абье|абье
ꙗко|ꙗко
ꙁабꙑвъ|забъівъ
сѧ•|сѧ
ꙗко|ꙗко
къ|къ
нѣкъимъ|нѣкъімъ
ѹченикомъ|оученікомъ
трѣбѹѫштиимъ|трѣбоуѫщіімъ
ѹченьꙗ•|оученьꙗ
бесѣдованиꙗ|бесѣдованіꙗ
творїхъ•|творіхъ
нъ|нъ
ниⷦтоже|ніктоже
не|не
чѫди|чѫді
сѧ•|сѧ
ни|ні
беꙁѹмиꙗ|безоуміꙗ
поимꙑ|поімъі
написаи|напісаі
ми|мі
прѣмѣнениѫ•|прѣмѣненіѫ
нъ|нъ
паче|паче
да|да
прииметь|прііметь
похвальнѹѫ|похвальноуѫ
странѫ•|странѫ
не|не
ꙁабꙑлъ|забъілъ
бо|бо
ѥсмь|есмь
себѣ•|себѣ
нъ|нъ
отъвѣтъ|отъвѣтъ
рекѹ•|рекоу
винꙑ|вінъі
бо|бо
нꙑнѣшьнѧаго|нъінѣшьнѧаго
трѹжденьꙗ•|троужденьꙗ
еже|еже
оглавити|оглавіті
въ|въ
кратьцѣ•|кратьцѣ
все|все
бж҃ьствьное|бж҃ьствьное
ѱание•|псаніе
ветъхое|ветъхое
же|же
и|і
новое|новое
пѹстити|поустіті
тебѣ•|тебѣ
ꙁане|зане
часто•|часто
странꙑ|странъі
и|і
градꙑ|градъі
прѣмѣнѧеши•|прѣмѣнѧеші
одрьжаштаꙗ|одрьжащаꙗ
ради|раді
халъдѣискꙑꙗ|халъдѣіскъіꙗ
ꙁимꙑ•|зімъі
и|і
всѫ|всѫ
ѹселенѫѫ|оуселенѫѫ
отъ|отъ
вашего|вашего
повелѣниꙗ|повелѣніꙗ
приꙗхъ•|пріꙗхъ
нъ|нъ
имьже|імьже
писмена|пісмена
б҃одъхньнаго|б҃одъхньнаго
ѹчениꙗ|оученіꙗ
съвѣдѣтельства•|съвѣдѣтельства
трѣбовахѹ|трѣбовахоу
едїного|едіного
ѹчительна|оучітельна
словесе•|словесе
ꙗкоже|ꙗкоже
ꙁъдание|зъданіе
великомь|велікомь
и|і
драгомь|драгомь
камениемь|каменіемь
съставлѧемо•|съставлѧемо
трѣбѹеть|трѣбоуеть
хѹда|хоуда
и|і
дробьна|дробьна
каменьица|каменьіца
строенью•|строенью
сего|сего
ради|раді
тако|тако
створихъ•|створіхъ
наѱание|напсаніе
нꙑнѣшьнѧꙗ|нъінѣшьнѧꙗ
дѣтѣли•|дѣтѣлі
не|не
съмѣвь|съмѣвь
къ|къ
вамъ•|вамъ
нъ|нъ
обьшта|обьща
ꙋчениꙗ|оученіꙗ
створити•|створіті
съвѣмь|съвѣмь
бо|бо
и|і
свое|свое
немощьство•|немощьство
и|і
съврьшенье|съврьшенье
вашего|вашего
оч҃са•|оч҃са
нꙑнѣ|нъінѣ
же|же
егда|егда
доспѣ•|доспѣ
ѥже|еже
о|о
истинѣ|істінѣ
слово•|слово
потрѣбно|потрѣбно
мьнѣхъ|мьнѣхъ
вамъ|вамъ
въꙁложити|възложіті
ѥ•|е
ꙗко|ꙗко
даръ|даръ
единъ|едінъ
бж҃ьїи|бж҃ьіі
иꙁѧштьнъ•|ізѧщьнъ
аште|аще
сѫштьнѣ|сѫщьнѣ
истина|істіна
б҃ь|б҃ь
есть•|есть
трѣбѣ|трѣбѣ
ѹбо|оубо
есть|есть
всѧкомѹ|всѧкомоу
чл҃кѹ|чл҃коу
хотѧштю|хотѧщоу
истинѣ•|істінѣ
прѣжде|прѣжде
помолити|помоліті
сѧ•|сѧ
поꙁнати|познаті
истовѫю|істовѫю
истинѫ•|істінѫ
и|і
решти|рещі
о|о
неи•|неі
ꙗкоже|ꙗкоже
е|е
лѣпо|лѣпо
истиннѹмѹ|істінноумоу
любьцу•|любьцу
по|по
рекъшѹмѹ•|рекъшоумоу
не|не
отъими|отъімі
отъ|отъ
ѹстъ|оустъ
моихъ|моіхъ
словесе|словесе
истинна|істінна
до|до
ꙁѣла•|зѣла
истина|істіна
бо|бо
къ|къ
дѣлаѫштиимъ|дѣлаѫщіімъ
ѭ•|ѭ
въꙁвратить|възвратіть
сѧ•|сѧ
ꙗкоже|ꙗкоже
бо|бо
гл҃ѧи|гл҃ѧі
лъжѫ•|лъжѫ
оскврьнѧеть|оскврьнѧеть
си|сі
ср҃це|ср҃це
и|і
ѹста•|оуста
лъжа|лъжа
бо|бо
врагови|врагові
ключить|ключіть
сѧ•|сѧ
оц҃ь|оц҃ь
бо|бо
лъжи|лъжі
диꙗволъ|діꙗволъ
есть•|есть
тако|тако
и|і
гл҃ѧ|гл҃ѧ
истинѫ•|істінѫ
с҃штаеть|с҃щаеть
дш҃ю|дш҃ю
и|і
тѣло|тѣло
и|і
всѧ|всѧ
ѹдꙑ•|оудъі
истина|істіна
бо|бо
есть|есть
х҃ъ•|х҃ъ
накаꙁаꙗ|наказаꙗ
же|же
пр҃къ|пр҃къ
ꙁахариѧ•|захаріѧ
ослѹшивꙑꙗ|ослоушівъіꙗ
люди|люді
рече|рече
къ|къ
нимъ•|німъ
гл҃ѣте|гл҃ѣте
истинѫ•|істінѫ
къжьдо|къжьдо
къ|къ
искрьниимъ|іскрьніімъ
своимъ•|своімъ
и|і
сѫдъ|сѫдъ
мирьнъ|мірьнъ
сѫдите•|сѫдіте
и|і
їнъ•|інъ
ѹстьнꙑ|оустьнъі
истиньнꙑ|істіньнъі
исправлѧѫть|ісправлѧѫть
съвѣдѣтельство•|съвѣдѣтельство
хотѧщеи|хотѧщеі
же|же
ѹмрѣти|оумрѣті
въꙁвеселѧть|възвеселѧть
сѧ•|сѧ
и|і
пакꙑ•|пакъі
истинѫ|істінѫ
сътѧжи|сътѧжі
и|і
не|не
отърини|отъріні
прѣмѫдрости|прѣмѫдрості
и|і
накаꙁаньꙗ•|наказаньꙗ
ꙁане|зане
ѹста|оуста
истиньника|істіньніка
наплънть|наплънть
сѧ|сѧ
смѣха•|смѣха
сирѣчь|сірѣчь
радости•|радості
дв҃дъ|дв҃дъ
же•|же
г҃и|г҃і
кто|кто
обитаеть|обітаеть
въ|въ
жилиш|жіліш
твоемь•|твоемь
или|ілі
къто|къто
въселить|въселіть
сѧ|сѧ
въ|въ
горѣ|горѣ
ст҃ѣи|ст҃ѣі
твоеи•|твоеі
и|і
приносить•|пріносіть
ходѧи|ходѧі
бес|бес
порока•|порока
и|і
дѣлаꙗи|дѣлаꙗі
правьдѹ•|правьдоу
и|і
гл҃ѧ|гл҃ѧ
истинѫ|істінѫ
въ|въ
ср҃ци|ср҃ці
своемь•|своемь
рекъше|рекъше
отъ|отъ
ср҃ца|ср҃ца
своего•|своего
начало|начало
бо|бо
словесъ|словесъ
твоихъ|твоіхъ
истина•|істіна
ї|і
въ|въ
вѣкꙑ|вѣкъі
всѧ|всѧ
сѫдьбꙑ|сѫдьбъі
правьдꙑ|правьдъі
твоеꙗ•|твоеꙗ
ибо|ібо
дѣла|дѣла
рѹкѹ|роукоу
твоеѫ|твоеѫ
истина|істіна
и|і
сѫдъ•|сѫдъ
и|і
милость|мілость
и|і
истина|істіна
прѣдъидете|прѣдъідете
прѣдъ|прѣдъ
лицемь|ліцемь
твоимь•|твоімь
сего|сего
ради|раді
налѧцѣи|налѧцѣі
спѣи|спѣі
црс҃твѹи•|црс҃твоуі
истинꙑ|істінъі
ради|раді
и|і
кротости|кротості
и|і
правьдꙑ•|правьдъі
въ|въ
ѹстѣхъ|оустѣхъ
бо|бо
врагъ|врагъ
твоихъ|твоіхъ
нѣсть|нѣсть
истинꙑ•|істінъі
ꙗко|ꙗко
ср҃це|ср҃це
ихъ|іхъ
сѫетьно|сѫетьно
есть•|есть
и|і
гробъ|гробъ
отврьстъ|отврьстъ
грътань|грътань
ихъ•|іхъ
и|і
ꙗꙁꙑкꙑ|ꙗзъікъі
своими|своімі
льстѧть•|льстѧть
сего|сего
ради|раді
сѫди|сѫді
имъ|імъ
бж҃е|бж҃е
рече|рече
же|же
и|і
истинънꙑи|істінънъіі
иовъ•|іовъ
аште|аще
ли|лі
и|і
сълъгахъ|сълъгахъ
гл҃ꙑ|гл҃ъі
ст҃аго|ст҃аго
б҃а|б҃а
моего•|моего
и|і
притъчьникъ•|прітъчьнікъ
лѹчьи|лоучьі
есть|есть
ништь•|ніщь
ходѧи|ходѧі
въ|въ
истинѣ•|істінѣ
богата|богата
лъжива•|лъжіва
творити|творіті
бо|бо
правьдѹ|правьдоу
и|і
истинѫ|істінѫ
гл҃ати•|гл҃аті
иꙁволено|ізволено
есть|есть
б҃а|б҃а
паче•|паче
неже|неже
жрьтвьнаа|жрьтвьнаа
кръвь•|кръвь
и|і
па҇ⷦ•|пак
отврьꙁаꙗ|отврьзаꙗ
рече|рече
отъ|отъ
ѹстьнъ|оустьнъ
права•|права
ꙗко|ꙗко
истинѣ|істінѣ
поѹчить|пооучіть
сѧ|сѧ
грътань|грътань
мои•|моі
мрьꙁъкꙑ|мрьзъкъі
же|же
прѣдъ|прѣдъ
мноѫ|мноѫ
ѹстьнꙑ|оустьнъі
лъживꙑ•|лъжівъі
ап҃лъ|ап҃лъ
же|же
отъложьше|отъложьше
лъжѫ|лъжѫ
гл҃ѣте|гл҃ѣте
истинѹ|істіноу
къ|къ
искрьниимъ|іскрьніімъ
своимъ•|своімъ
ꙗко|ꙗко
есмь|есмь
дрѹгъ|дроугъ
дрѹгѹ|дроугоу
ѹди•|оуді
и|і
въ|въ
любъве|любъве
нелицемѣрьнѣ|неліцемѣрьнѣ
въ|въ
словеси|словесі
истиньнѣ•|істіньнѣ
и|і
иоанъ•|іоанъ
вѣмь|вѣмь
рече|рече
ꙗко|ꙗко
сн҃ъ|сн҃ъ
бж҃ьи|бж҃ьі
приде•|пріде
и|і
дасть|дасть
намъ|намъ
съмꙑслъ•|съмъіслъ
да|да
раꙁѹмѣемъ|разоумѣемъ
истиньнаго|істіньнаго
б҃а•|б҃а
и|і
бѫдемъ|бѫдемъ
о|о
истиннѣмь|істіннѣмь
сн҃ѣ|сн҃ѣ
его|его
і҃у|і҃у
х҃ѣ•|х҃ѣ
сь|сь
есть|есть
истиньнъ|істіньнъ
и|і
б҃ъ|б҃ъ
и|і
жиꙁнь|жізнь
вѣчьнаа•|вѣчьнаа
гл҃ѧи|гл҃ѧі
бо|бо
истинѫ|істінѫ
о|о
бꙁ҃ѣ|бз҃ѣ
живеть•|жіветь
подобаеть|подобаеть
ѹбо|оубо
всѧкои|всѧкоі
истинѣ|істінѣ
иꙁ|із
ѹстъ|оустъ
чл҃чъ|чл҃чъ
исходити•|ісходіті
да|да
дх҃ъ|дх҃ъ
егоже|егоже
б҃ъ|б҃ъ
въсели|въселі
в|в
плъть|плъть
сьѫ•|сьѫ
истиненъ|істіненъ
обрѧштеть|обрѧщеть
сѧ|сѧ
отъ|отъ
всѣхъ|всѣхъ
чл҃къ•|чл҃къ
и|і
тако|тако
прославить|прославіть
сѧ|сѧ
г҃ь|г҃ь
въ|въ
чл҃цѣ•|чл҃цѣ
ꙗко|ꙗко
г҃ь|г҃ь
истиненъ|істіненъ
есть|есть
въ|въ
всемь|всемь
гл҃ѣ•|гл҃ѣ
и|і
ничесоже|нічесоже
ѹ|оу
него|него
лъжъна•|лъжъна
да|да
лъжѫштеи|лъжѫщеі
отъмѣтаѫть|отъмѣтаѫть
сѧ|сѧ
г҃а•|г҃а
и|і
бꙑваѫть|бъіваѫть
лишаѭште|лішаѭще
сѧ|сѧ
г҃а•|г҃а
не|не
отъдаѭште|отъдаѭще
емѹ|емоу
порѹчение|пороученіе
еже|еже
прѣѧ|прѣѧ
сѧ•|сѧ
прѣꙗ|прѣꙗ
сѧ|сѧ
бо|бо
дх҃а|дх҃а
нелъжъна•|нелъжъна
сего|сего
аште|аще
лъжъна|лъжъна
отъдадѧть•|отъдадѧть
оскврьнишѧ|оскврьнішѧ
г҃не|г҃не
порѹчение•|пороученіе
и|і
бꙑшѧ|бъішѧ
лихованици•|ліхованіці
хранѧштеи|хранѧщеі
бо|бо
истинѫ•|істінѫ
могꙋть|могоуть
себѣ|себѣ
жиꙁнь|жізнь
сънабъдѣти•|сънабъдѣті
хранꙗть|хранꙗть
бо|бо
сѧ|сѧ
истиноѫ•|істіноѫ
въ|въ
истинѹ|істіноу
ѹбо|оубо
и|і
по|по
чинѹ•|чіноу
драгъи|драгъі
оч҃е|оч҃е
еустатие•|еустатіе
вамъ|вамъ
въꙁложихомъ•|възложіхомъ
еже|еже
о|о
истинѣ|істінѣ
слово•|слово
присно|прісно
бо|бо
въ|въ
х҃а|х҃а
облъченъ|облъченъ
тѣмь|тѣмь
живеши•|жівеші
и|і
движиши|двіжіші
сѧ|сѧ
и|і
еси•|есі
ꙗко|ꙗко
истиненъ|істіненъ
чл҃къ•|чл҃къ
и|і
истиньнъи|істіньнъі
рачитель|рачітель
любьꙁненъ•|любьзненъ
нꙑнѣ|нъінѣ
бо|бо
дрьꙁати|дрьзаті
ми|мі
повелѣваеть•|повелѣваеть
се|се
о|о
тебѣ|тебѣ
иꙁвѣштати•|ізвѣщаті
рекъи|рекъі
ѳомѣ•|ѳомѣ
аꙁъ|азъ
есмь|есмь
пѫть|пѫть
и|і
їстина|істіна
и|і
жиꙁнь•|жізнь
и|і
никтоже|ніктоже
не|не
прїдеть|прідеть
къ|къ
оц҃ѫ•|оц҃ѫ
аште|аще
не|не
мноѫ•|мноѫ
ꙗко|ꙗко
томѹ|томоу
подобаеть|подобаеть
слава|слава
съ|съ
отьцемь|отьцемь
и|і
с҃тꙑмь|с҃тъімь
дх҃омь|дх҃омь
нꙑнѧ|нъінѧ
и|і
присно|прісно
и|і
въ|въ
вѣкꙑ|вѣкъі
вѣком|вѣком
АМИН|амін
Ꙍ|о
ТОМЬ|томь
ѤЖЕ|еже
ѯ҃г|ѯ҃г
ꙌБЛИЧАТИ|облічаті
Ѥже|еже
на|на
бж҃ьѭ|бж҃ьѭ
обличати|облічаті
искрьнѧго•|іскрьнѧго
годѣ|годѣ
есть|есть
бв҃и|бв҃і
и|і
любо•|любо
ꙁнаменье|знаменье
бо|бо
есть|есть
братолюбьꙗ•|братолюбьꙗ
и|і
милостивьнꙑ|мілостівьнъі
волѧ•|волѧ
тъчьѭ|тъчьѭ
простомь|простомь
ср҃цемь|ср҃цемь
и|і
чистоѫ|чістоѫ
съвѣстьѭ•|съвѣстьѭ
въ|въ
страсѣ|страсѣ
бж҃ьи•|бж҃ьі
съ|съ
всѧцѣмь|всѧцѣмь
мл҃дьемь|мл҃дьемь
обличати•|облічаті
мꙑсльѭ|мъісльѭ
да|да
обратимъ|обратімъ
съгрѣшаѫштааго•|съгрѣшаѫщааго
се|се
творити|творіті
подобаеть•|подобаеть
трѣбѣ|трѣбѣ
же|же
е|е
и|і
расмотрити•|расмотріті
идеже|ідеже
подобаеть|подобаеть
обличати•|облічаті
а|а
мѫжа|мѫжа
сильна•|сільна
нѣ|нѣ
лѣпо|лѣпо
облїчатї|облічаті
о|о
величании•|велічаніі
нъ|нъ
паче|паче
нанесенье|нанесенье
бѫдѹштааго|бѫдоущааго
нечьстьꙗ|нечьстьꙗ
ѹкаꙁати•|оуказаті
обраꙁомь|образомь
бо|бо
симь•|сімь
таковии|таковіі
сластьнѣ|сластьнѣ
обличаѭть|облічаѭть
сѧ•|сѧ
такожде|такожде
прѣстаюштааго|прѣстающааго
и|і
каѫшта|каѫща
сѧ•|сѧ
нѣсть|нѣсть
добро|добро
обличати•|облічаті
ꙗви|ꙗві
емѹ|емоу
прьвѣе|прьвѣе
твоꙗ|твоꙗ
съгрѣшениꙗ•|съгрѣшеніꙗ
и|і
не|не
жалить|жаліть
си|сі
обличаемъ•|облічаемъ
въ|въ
притъчахъ|прітъчахъ
ѱано|псано
есть•|есть
ꙗко|ꙗко
лѹче|лоуче
сѫть|сѫть
обличеньꙗ|обліченьꙗ
отъкрꙑваема•|отъкръіваема
неже|неже
любꙑ|любъі
таима•|таіма
достовѣрьнѣише|достовѣрьнѣіше
бо|бо
стрѹпи|строупі
дрѹга•|дроуга
неже|неже
вольна|вольна
лобꙑꙁаньꙗ|лобъізаньꙗ
врага•|врага
и|і
лѹче|лоуче
мѫжь|мѫжь
обличаꙗ|облічаꙗ
мѫжа|мѫжа
неправьдьна•|неправьдьна
и|і
жестовꙑꙗ•|жестовъіꙗ
вънеꙁаапѫ|вънезаапѫ
бо|бо
полѧштѹ|полѧщоу
нѣсть|нѣсть
исцѣлениꙗ•|ісцѣленіꙗ
и|і
па҇ⷦ•|пак
обличаꙗи|облічаꙗі
чл҃кѹ|чл҃коу
пѫть|пѫть
его•|его
хвалꙑ|хвалъі
имѣти|імѣті
имать•|імать
паче|паче
ласкаѭштаго|ласкаѭщаго
ꙗꙁꙑкомь•|ꙗзъікомь
и|і
пакꙑ•|пакъі
не|не
обличаи|облічаі
ꙁълꙑихъ•|зълъііхъ
да|да
не|не
въꙁненавидѧть|възненавідѧть
тебе•|тебе
обличаи|облічаі
мѫдра|мѫдра
и|і
вьꙁлюби|вьзлюбі
тѧ•|тѧ
беꙁѹмьна|безоумьна
же•|же
и|і
приложить|пріложіть
ненавидѣти|ненавідѣті
тѧ•|тѧ
и|і
па҇ⷦ•|пак
намиꙁаꙗи|намізаꙗі
окомь|окомь
съ|съ
лестьѭ•|лестьѭ
събираеть|събіраеть
мѫжемъ|мѫжемъ
печали•|печалі
а|а
обличаꙗи|облічаꙗі
не|не
обинѹꙗ|обіноуꙗ
сѧ|сѧ
съмѣрѧѥть•|съмѣрѧеть
и|і
пакꙑ•|пакъі
обличи|облічі
дрѹга|дроуга
еда|еда
къгда|къгда
нѣ|нѣ
створилъ•|створілъ
да|да
не|не
приложить•|пріложіть
се|се
вьсе|вьсе
и|і
ꙁаконъ|законъ
рече•|рече
обличи|облічі
искрьнѧго|іскрьнѧго
еда|еда
къгда|къгда
не|не
створилъ•|створілъ
да|да
не|не
приложить•|пріложіть
и|і
пакꙑ•|пакъі
коль|коль
добро|добро
есть|есть
обличати•|облічаті
или|ілі
и|і
ꙗрити|ꙗріті
сѧ|сѧ
таи•|таі
и|і
приводить•|пріводіть
въ|въ
пирѣ|пірѣ
вина|віна
не|не
обличаи|облічаі
искрьнѧго•|іскрьнѧго
и|і
не|не
ѹкори|оукорі
его|его
въ|въ
радости|радості
его•|его
И|і
па҇ⷦ•|пак
аште|аще
обличиши|облічіші
мѫжа|мѫжа
мѫдра•|мѫдра
раꙁѹмѣѥть|разоумѣеть
чѫвьство•|чѫвьство
ср҃це|ср҃це
бо|бо
чювьствьно|чоувьствьно
оскрьблѧеть|оскрьблѧеть
дш҃ѫ|дш҃ѫ
его•|его
обличаѭштии|облічаѭщіі
же|же
добрѣише|добрѣіше
ꙗвѧть|ꙗвѧть
сѧ|сѧ
на|на
нѧ•|нѧ
и|і
павлъ|павлъ
тимотеови|тімотеові
рече•|рече
съгрѣшаѫштаꙗ•|съгрѣшаѫщаꙗ
прѣдъ|прѣдъ
вьсѣми|вьсѣмі
обличаи•|облічаі
да|да
прочии|прочіі
страхъ|страхъ
имѹть•|імоуть
и|і
пакꙑ•|пакъі
обличаи|облічаі
ꙁапрѣти•|запрѣті
ѹмоли•|оумолі
и|і
хотѧи|хотѧі
нꙑ|нъі
сп҃сти•|сп҃сті
г҃ъ|г҃ъ
и|і
сп҃съ|сп҃съ
нашь•|нашь
повелѣваеть|повелѣваеть
намъ|намъ
гл҃ѧ•|гл҃ѧ
аште|аще
съгрѣши|съгрѣші
тобѣ|тобѣ
братъ|братъ
твои•|твоі
иди|іді
обличи|облічі
и|і
межѫ|межѫ
собоѫ|собоѫ
и|і
тѣмь|тѣмь
единѣмь•|едінѣмь
аште|аще
тебе|тебе
послѹшаѥть•|послоушаеть
приобрѣлъ|пріобрѣлъ
еси|есі
брата|брата
твоего•|твоего
аште|аще
ли|лі
тебе|тебе
не|не
послѹшаеть•|послоушаеть
поими|поімі
съ|съ
собоѫ|собоѫ
еште|еще
ѥдиного|едіного
ли|лі
три•|трі
да|да
ѹстѣхъ|оустѣхъ
дъвоѭ|дъвоѭ
ли|лі
трьи|трьі
съвѣдѣтель|съвѣдѣтель
станеть|станеть
всѧкъ|всѧкъ
гл҃ъ•|гл҃ъ
аште|аще
же|же
не|не
послѹшаеть|послоушаеть
ихъ•|іхъ
рьци|рьці
црк҃ве•|црк҃ве
аште|аще
же|же
или|ілі
црькъве|црькъве
не|не
послѹшаеть•|послоушаеть
да|да
бѹдеть|боудеть
ти|ті
ꙗко|ꙗко
ꙗꙁꙑчьникъ|ꙗзъічьнікъ
и|і
мꙑтьникъ•|мъітьнікъ
томѹ|томоу
слава|слава
длъготрьпѣливѹмѹ|длъготрьпѣлівоумоу
б҃ѹ|б҃оу
въ|въ
вѣкꙑ|вѣкъі
вѣкомъ|вѣкомъ
АМИН|амін
ѯ҃ꙁ|ѯ҃з
Ꙍ|о
ТОМЬ|томь
ѤЖЕ|еже
ꙌБЛИЧАѤМѪ|облічаемѫ
БЬІВАТИ⁘|бьіваті
Члв҃къ|члв҃къ
аште|аще
есть|есть
съмѣреномѫдренъ•|съмѣреномѫдренъ
имать|імать
себе|себе
хѹда•|хоуда
съ|съ
радостьѭ|радостьѭ
и|і
благодш҃ьемь•|благодш҃ьемь
приносимаꙗ|пріносімаꙗ
емѹ|емоу
обличаниꙗ•|облічаніꙗ
и|і
епитимиѫ|епітіміѫ
приемлеть•|пріемлеть
блаженъ|блаженъ
ѹбо|оубо
есть|есть
чрьньць•|чрьньць
иже|іже
всѣмь|всѣмь
попьранье|попьранье
сѧ|сѧ
имать•|імать
мьньша|мьньша
себе|себе
помꙑшлѧꙗ•|помъішлѧꙗ
радѹеть|радоуеть
сѧ|сѧ
паче|паче
о|о
хѹжденьи|хоужденьі
и|і
небрѣженьи•|небрѣженьі
неже|неже
о|о
чьсти|чьсті
и|і
благославьи•|благославьі
тѣмьже|тѣмьже
и|і
б҃мь|б҃мь
сш҃таеть|сш҃таеть
сѧ•|сѧ
ꙗкоже|ꙗкоже
съвѣдѣтельствѹеть|съвѣдѣтельствоуеть
исаиꙗ•|ісаіꙗ
с҃тите|с҃тіте
ѹмалѧѭштааго|оумалѧѭщааго
дш҃ѫ|дш҃ѫ
своѭ•|своѭ
а|а
ненавидѧи|ненавідѧі
обличеньи|обліченьі
беꙁѹмьнь|безоумьнь
есть•|есть
нъ|нъ
и|і
вьлежить|вьлежіть
стр҃ти•|стр҃ті
а|а
любѧи|любѧі
вѣсто|вѣсто
ꙗко|ꙗко
бе-страстьи•|бестрастьі
добро|добро
ѹбо|оубо
приимати|прііматі
ѹкарѧѫштаꙗ|оукарѧѫщаꙗ
нꙑ•|нъі
неже|неже
хвалѧштⱑꙗ|хвалѧщѧꙗ
нꙑ•|нъі
иже|іже
ничимьже|нічімьже
раꙁньствѹѫть•|разньствоуѫть
кльнѹщаго|кльноущаго
по|по
ѱаньѭ•|псаньѭ
и|і
па҇ⷦ•|пак
исаиꙗ•|ісаіꙗ
ѹслꙑшите|оуслъішіте
гл҃ъ|гл҃ъ
г҃нь•|г҃нь
трепештѹштеи|трепещоущеі
словеси|словесі
его•|его
рьцѣте|рьцѣте
братьꙗ|братьꙗ
наша|наша
ненавидѧщиимъ|ненавідѧщіімъ
васъ•|васъ
и|і
мръꙁѹѭштиимъ•|мръзоуѭщіімъ
рече|рече
же|же
и|і
притъчьникъ•|прітъчьнікъ
скрѹшаеть|скроушаеть
прѣштенье|прѣщенье
ср҃це|ср҃це
мѫдраго•|мѫдраго
беꙁѹмьль|безоумьль
же|же
биемъ|біемъ
не|не
чѹеть•|чоуеть
и|і
пакꙑ|пакъі
иже|іже
отърѣѥть|отърѣеть
каꙁанье|казанье
ненавидить|ненавідіть
себѣ•|себѣ
хранѧи|хранѧі
же|же
обличеньꙗ|обліченьꙗ
сътѧжить|сътѧжіть
мѫдрость•|мѫдрость
и|і
па҇ⷦ•|пак
приемлѧи|пріемлѧі
каꙁаньѥ|казанье
въ|въ
благъихъ|благъіхъ
бѫдеть•|бѫдеть
хранѧи|хранѧі
же|же
обличеньꙗ|обліченьꙗ
ѹмѫдрить|оумѫдріть
сѧ•|сѧ
и|і
слѹшаꙗи|слоушаꙗі
обличеньи|обліченьі
живота•|жівота
средѣ|средѣ
прѣмѫдръихъ|прѣмѫдръіхъ
въдворить|въдворіть
сѧ•|сѧ
и|і
па҇ⷦ•|пак
съблюдаꙗи|съблюдаꙗі
обличениꙗ•|обліченіꙗ
любить|любіть
своѭ|своѭ
дш҃ѹ•|дш҃оу
а|а
ненавидѧщіи|ненавідѧщіі
обличеньи•|обліченьі
съконьчаѫть|съконьчаѫть
сѧ|сѧ
срамьнѣ•|срамьнѣ
и|і
пакꙑ|пакъі
ништетѹ|ніщетоу
и|і
бечьстье|бечьстье
отъемлеть|отъемлеть
накаꙁанье:|наказанье
хранѧи|хранѧі
же|же
обличеньꙗ|обліченьꙗ
славенъ|славенъ
бѫдеть•|бѫдеть
и|і
па҇ⷦ•|пак
ꙗꙁвꙑ|ꙗзвъі
обличеньꙗ|обліченьꙗ
даѭть|даѭть
мѫдрость•|мѫдрость
отрокъ|отрокъ
же|же
блюдѧ•|блюдѧ
посрамлѧеть|посрамлѧеть
родителѧ|родітелѧ
своꙗ•|своꙗ
и|і
па҇ⷦ•|пак
любѧи|любѧі
накаꙁанье|наказанье
любить|любіть
чювьство•|чоувьство
а|а
ненавидѧи|ненавідѧі
обличеньи|обліченьі
беꙁѹменъ|безоуменъ
есть•|есть
дв҃дъ|дв҃дъ
же|же
г҃и|г҃і
не|не
ꙗростьѭ|ꙗростьѭ
твоеѭ|твоеѭ
обличи|облічі
мене•|мене
ни|ні
гнѣвомь|гнѣвомь
твоимь|твоімь
покажи|покажі
мене•|мене
не|не
ꙗко|ꙗко
обличеньꙗ|обліченьꙗ
отърицааше|отъріцааше
сѧ•|сѧ
нъ|нъ
гнѣвьнааго|гнѣвьнааго
накаꙁаниꙗ•|наказаніꙗ
приносить|пріносіть
бо•|бо
покажеть|покажеть
мѧ|мѧ
правьдьникъ|правьдьнікъ
милостьѭ|мілостьѭ
и|і
обличить|облічіть
мѧ•|мѧ
велико|веліко
ѹбо|оубо
ѥсть|есть
въꙁлюблении|възлюбленіі
и|і
дивьно|дівьно
обличаемъи•|облічаемъі
или|ілі
ѹкарѧемъи|оукарѧемъі
цѣмь•|цѣмь
и|і
трьпѧ•|трьпѧ
ꙗкоже|ꙗкоже
чьстьнаа|чьстьнаа
и|і
великаа|велікаа
она|она
хананѣа•|хананѣа
ꙗже|ꙗже
слꙑшавъши|слъішавъші
отъ|отъ
г҃а•|г҃а
ꙗко|ꙗко
нѣсть|нѣсть
добро|добро
въꙁѧти|възѧті
хлѣба|хлѣба
чадомъ•|чадомъ
и|і
поврѣшти|поврѣщі
ѱомъ•|псомъ
не|не
негодова•|негодова
нъ|нъ
паче|паче
съмѣрѧѭшти|съмѣрѧѭщі
сѧ|сѧ
рече•|рече
еи|еі
г҃и•|г҃і
ибо|ібо
и|і
ѱѧта|псѧта
ꙗдѧть|ꙗдѧть
отъ|отъ
крѹпиць|кроупіць
паѫштиихъ|паѫщііхъ
съ|съ
трѧпеꙁꙑ|трѧпезъі
господь|господь
своихъ•|своіхъ
тѣмьже|тѣмьже
и|і
почѫди|почѫді
сѧ|сѧ
съмѣрениѫ|съмѣреніѫ
и|і
вѣрѣ|вѣрѣ
ѥꙗ|еꙗ
г҃ъ|г҃ъ
рекъ•|рекъ
ѡ|о
жено•|жено
велика|веліка
есть|есть
вѣра|вѣра
твоꙗ•|твоꙗ
бѭди|бѭді
тебе|тебе
ꙗкоже|ꙗкоже
хоштеши•|хощеші
томѹ|томоу
слава|слава
въ|въ
вѣкꙑ|вѣкъі
вѣкомъ|вѣкомъ
АМИН|амін
ѯ҃и|ѯ҃і
О|о
ТОМЬ|томь
ѤЖЕ|еже
стꙑдѣти|стъідѣті
сѧ⁘|сѧ
Добро|добро
ѥсть|есть
въꙁлюблении•|възлюбленіі
ѥже|еже
на|на
бж҃ьѭ|бж҃ьѭ
стꙑдѣнье•|стъідѣнье
рекъше|рекъше
говѣнье|говѣнье
некръчьмьствѹѥмоѥ•|некръчьмьствоуемое
бескврьнноѥ|бескврьнное
беспорочьное•|беспорочьное
прѣмирьноѥ|прѣмірьное
бꙁ҃ѣ•|бз҃ѣ
се|се
ѹбо|оубо
ѹдрьжимъ•|оудрьжімъ
да|да
дрьꙁостьни|дрьзостьні
бѫдемъ|бѫдемъ
въ|въ
пришьствье|прішьствье
гн҃е•|гн҃е
приближи|прібліжі
же|же
сѧ|сѧ
и|і
при|прі
двьрьхъ|двьрьхъ
ѥсть•|есть
тожде|тожде
на|на
б҃жьѭ|б҃жьѭ
стꙑдѣнье|стъідѣнье
есть•|есть
ѥже|еже
не|не
съмѣти|съмѣті
вьсѣмь|вьсѣмь
въꙁирати|възіраті
горѣ•|горѣ
и|і
дрьꙁовати|дрьзоваті
прѣдъ|прѣдъ
б҃мь|б҃мь
ꙁа|за
множьство|множьство
ꙁълъ•|зълъ
ѥже|еже
себѣ|себѣ
сами|самі
съвѣмъ•|съвѣмъ
и|і
ѥгдаже|егдаже
бечьстье|бечьстье
едино|едіно
отъ|отъ
чл҃къ|чл҃къ
постраждемъ•|постраждемъ
абье|абье
сѫштаꙗ|сѫщаꙗ
отъ|отъ
б҃а|б҃а
славꙑ•|славъі
нанесенье|нанесенье
помꙑслимъ•|помъіслімъ
и|і
благодарьнѣ|благодарьнѣ
трьпѣние|трьпѣніе
приимѣмъ•|пріімѣмъ
о|о
польꙁи|пользі
бо|бо
намъ|намъ
наводить|наводіть
б҃ъ•|б҃ъ
и|і
о|о
бечьстьи|бечьстьі
бес|бес
печали•|печалі
и|і
беꙁмѫтьни|безмѫтьні
бѫдѣмъ•|бѫдѣмъ
вельми|вельмі
ѹбо|оубо
длъжьнѫѥмъ|длъжьнѫемъ
стꙑдѣти|стъідѣті
сѧ|сѧ
беꙁлобивааго|безлобівааго
г҃а•|г҃а
паче|паче
же|же
въ|въ
настоꙗште|настоꙗще
врѣмѧ|врѣмѧ
по|по
реченѹмѹ•|реченоумоу
ї|і
нꙑнѣ|нъінѣ
нѣсть|нѣсть
намъ|намъ
отъврѣсти|отъврѣсті
ѹстъ•|оустъ
стѹдѹ|стоудоу
и|і
поношениѫ|поношеніѫ
бꙑша|бъіша
рабомъ|рабомъ
твоимъ|твоімъ
чътѹштиимъ|чътоущіімъ
тѧ•|тѧ
гв҃и|гв҃і
бо|бо
б҃ѹ|б҃оу
нашемѹ|нашемоу
правьда•|правьда
намъ|намъ
и|і
кнѧꙁьмъ|кнѧзьмъ
нашимъ•|нашімъ
и|і
цр҃емъ|цр҃емъ
нашимъ•|нашімъ
ꙗко|ꙗко
съгрѣшихомъ|съгрѣшіхомъ
о|о
вьсемь•|вьсемь
и|і
ꙁаповѣдьи|заповѣдьі
твоихъ|твоіхъ
не|не
послѹшахомъ•|послоушахомъ
ꙗкоже|ꙗкоже
рече|рече
иеремиꙗ|іереміꙗ
прорицаѧ•|проріцаѧ
нꙑнѣ|нъінѣ
намъ|намъ
приключьшаа|пріключьшаа
сѧ•|сѧ
постꙑдѣхомъ|постъідѣхомъ
сѧ•|сѧ
ꙗкоже|ꙗкоже
слꙑшахомъ|слъішахомъ
поношение|поношеніе
наше|наше
покрꙑ|покръі
бечьстье|бечьстье
лица|ліца
наша•|наша
ꙗко|ꙗко
вънидоша|вънідоша
инородьци|інородьці
въ|въ
ст҃аа|ст҃аа
наша|наша
въ|въ
домъ|домъ
г҃нь•|г҃нь
рече|рече
же|же
дв҃дъ•|дв҃дъ
тꙑ|тъі
вѣси|вѣсі
поношенье|поношенье
мое|мое
и|і
стѹдъ|стоудъ
мои|моі
и|і
срамотѹ|срамотоу
моѫ•|моѫ
ꙗко|ꙗко
вьсь|вьсь
дьнь|дьнь
срамъ|срамъ
мои|моі
прѣдъ|прѣдъ
мъноѭ|мъноѭ
есть•|есть
и|і
стѹдъ|стоудъ
лица|ліца
моего|моего
покрꙑ|покръі
мѧ•|мѧ
сь|сь
есть|есть
добръи|добръі
и|і
на|на
бж҃ьѭ|бж҃ьѭ
стѹдъ•|стоудъ
иже|іже
въ|въ
покаанье|покаанье
и|і
дрьꙁновенье|дрьзновенье
ведеть|ведеть
чл҃ка•|чл҃ка
есть|есть
же|же
и|і
врѣдовьнъ|врѣдовьнъ
по|по
гл҃ѫштиимъ|гл҃ѫщіімъ
книгамъ•|кнігамъ
есть|есть
стѹдъ|стоудъ
слава|слава
и|і
радость•|радость
мноꙁи|мнозі
бо|бо
стꙑдⱑште|стъідѧще
сѧ|сѧ
етеръ|етеръ
въпадаѫть|въпадаѫть
въ|въ
сѣти|сѣті
непрьꙗꙁнинꙑ•|непрьꙗзнінъі
и|і
приносить•|пріносіть
покрꙑваꙗи|покръіваꙗі
нечьстье|нечьстье
свое•|свое
не|не
поспѣеть|поспѣеть
сѧ|сѧ
въ|въ
благо•|благо
повѣдаꙗи|повѣдаꙗі
же|же
и|і
обличаꙗ|облічаꙗ
въꙁлюбленъ|възлюбленъ
бѫдеть•|бѫдеть
и|і
па҇ⷦ•|пак
правьдьникъ|правьдьнікъ
себѣ|себѣ
клеветьникъ|клеветьнікъ
въ|въ
прьвословесьи•|прьвословесьі
и|і
еже|еже
ѥлико|еліко
ѹбо|оубо
лѣтъ|лѣтъ
неꙁълобивии|незълобівіі
дрьжать|дрьжать
сѧ|сѧ
по|по
правьдѹ•|правьдоу
не|не
постꙑдѧть|постъідѧть
сѧ•|сѧ
еже|еже
бо|бо
раꙁѹмѣвати|разоумѣваті
ꙁаконъ•|законъ
раꙁмꙑшленьꙗ|размъішленьꙗ
есть|есть
блага•|блага
и|і
приводить•|пріводіть
блаженъ|блаженъ
иже|іже
ѹстрашаеть|оустрашаеть
сѧ|сѧ
вьсего|вьсего
ꙁа|за
говѣнье•|говѣнье
иже|іже
готоваи|готоваі
въ|въ
исходъ|ісходъ
дѣла|дѣла
своꙗ•|своꙗ
и|і
не|не
стꙑди|стъіді
сѧ|сѧ
исповѣдати|ісповѣдаті
грѣхъ|грѣхъ
своихъ•|своіхъ
расмотреньꙗ|расмотреньꙗ
ѹбо|оубо
трѣбѫеть|трѣбѫеть
чл҃къ•|чл҃къ
да|да
вѣсть|вѣсть
къде|къде
ѹбо|оубо
длъжънъ|длъжънъ
есть|есть
стꙑдѣти|стъідѣті
сѧ•|сѧ
о|о
сп҃сении|сп҃сеніі
д҃ша|д҃ша
своеꙗ•|своеꙗ
къде|къде
же|же
и|і
отъврѣшти|отъврѣщі
и|і
ꙗко|ꙗко
на|на
грѣхъ|грѣхъ
ноштъ•|нощъ
есть|есть
бо|бо
иже|іже
стѹда|стоуда
ради|раді
обѣштаваеть|обѣщаваеть
сѧ|сѧ
своемѹ|своемоу
дрѹгови:|дроугові
и|і
сътвори|сътворі
и|і
врага|врага
тѹне•|тоуне
мꙑ|мъі
ѹбо|оубо
въꙁлюблении|възлюбленіі
на|на
бж҃ьѭ|бж҃ьѭ
и|і
стѹдъ|стоудъ
дрьжимъ•|дрьжімъ
подобѧште|подобѧще
сѧ|сѧ
мꙑтоимьцѫ•|мъітоімьцѫ
стꙑдѧштаго|стъідѧщаго
сѧ|сѧ
въꙁьрѣти|възьрѣті
на|на
небо•|небо
нъ|нъ
бьѭшта|бьѭща
своꙗ|своꙗ
прьси|прьсі
и|і
гл҃юшта•|гл҃юща
б҃же|б҃же
милостивъ|мілостівъ
бѫди|бѫді
мънѣ|мънѣ
грѣшьникѹ•|грѣшьнікоу
да|да
и|і
оставление|оставленіе
грѣховьное|грѣховьное
ѹлѹчимъ•|оулоучімъ
о|о
х҃ѣ|х҃ѣ
ис҃ѣ|іс҃ѣ
г҃и|г҃і
нашемь•|нашемь
емѹже|емоуже
слава|слава
въ|въ
вѣкꙑ|вѣкъі
вѣкомъ|вѣкомъ
АМИН|амін
ѯ҃ѳ|ѯ҃ѳ
Ꙍ|о
СЪМѢРЕНѢМОУДРИИ|съмѣренѣмоудріі
Съмѣреномѫдрье|съмѣреномѫдрье
вꙑсокопарива•|въісокопаріва
и|і
аероходива|аероходіва
сътварѧеть|сътварѧеть
чл҃ка•|чл҃ка
елико|еліко
бо|бо
себе|себе
кто|кто
ниꙁить•|нізіть
толико|толіко
паче|паче
вꙑсить|въісіть
и|і
б҃ъ•|б҃ъ
ꙗкоже|ꙗкоже
и|і
бж҃ьи|бж҃ьі
събесѣдьникъ|събесѣдьнікъ
моси|мосі
съмѣрѧꙗ|съмѣрѧꙗ
сѧ•|сѧ
не|не
отъврьже|отъврьже
съвѣта|съвѣта
тьсти|тьсті
своего|своего
иотора•|іотора
цѣ|цѣ
и|і
по|по
толицѣхъ|толіцѣхъ
б҃оꙗвлениихъ•|б҃оꙗвленііхъ
нъ|нъ
ѥлико|еліко
рече|рече
ѥмѹ|емоу
створи•|створі
тѣмьже|тѣмьже
и|і
б҃ъ|б҃ъ
прѣвъꙁнесе|прѣвъзнесе
и•|і
паче|паче
же|же
вьсѣхъ|вьсѣхъ
сѫщиихъ|сѫщііхъ
на|на
ꙁемли•|землі
такожде|такожде
же|же
и|і
гедеонъ|гедеонъ
отъвѣштаваше•|отъвѣщаваше
съмѣрениемь|съмѣреніемь
ефремови|ефремові
г҃лѧ•|г҃лѧ
чъто|чъто
створихъ|створіхъ
нꙑнѣ|нъінѣ
ꙗкоже|ꙗкоже
вꙑ|въі
створисте•|створісте
не|не
лѹчии|лоучіі
ли|лі
пабирокъ|пабірокъ
ефлемль•|ефлемль
неже|неже
обьманье|обьманье
авиеꙁере•|авіезере
въ|въ
рѹцѣ|роуцѣ
ваши|ваші
прѣдалъ|прѣдалъ
есть|есть
г҃ь|г҃ь
кнѧꙁѧ|кнѧзѧ
мадиамьскꙑ|мадіамьскъі
и|і
что|что
въꙁмогохъ|възмогохъ
створити•|створіті
ꙗкоже|ꙗкоже
въї|въі
створисте•|створісте
цѣ|цѣ
и|і
томѹ|томоу
дарова|дарова
б҃ъ|б҃ъ
трьми|трьмі
сътꙑ|сътъі
мѹжь•|моужь
нъ|нъ
праведьникъ|праведьнікъ
съмѣрениемь|съмѣреніемь
ѹстави|оуставі
ꙗрость|ꙗрость
ихъ•|іхъ
и|і
прѣжде|прѣжде
того|того
къ|къ
анг҃лѹ|анг҃лоу
гл҃аше•|гл҃аше
кто|кто
есмь|есмь
аꙁъ•|азъ
или|ілі
домъ|домъ
оц҃а|оц҃а
моего•|моего
тꙑсѫшти|тъісѫщі
моꙗ|моꙗ
съмѣренѣиши|съмѣренѣіші
въ|въ
манасии•|манасіі
гл҃еть|гл҃еть
же|же
и|і
единъ|едінъ
мѫдръ•|мѫдръ
ельма|ельма
великъ|велікъ
еси•|есі
тольма|тольма
съмѣрѧи|съмѣрѧі
сѧ•|сѧ
и|і
прѣдъ|прѣдъ
бм҃ь|бм҃ь
обрѧштеши|обрѧщеші
благодѣть•|благодѣть
ꙁане|зане
всѧ|всѧ
дѣла|дѣла
съмѣренаго|съмѣренаго
ꙗвлѧѭть|ꙗвлѧѭть
сѧ|сѧ
прѣдъ|прѣдъ
бм҃ь•|бм҃ь
ꙗко|ꙗко
ѹста|оуста
съмѣренъихъ|съмѣренъіхъ
поѹчаѭть|пооучаѭть
сѧ|сѧ
прѣмѫдрости•|прѣмѫдрості
раꙁѫмъ|разѫмъ
же|же
благъ|благъ
даеть|даеть
благодѣть•|благодѣть
пѣснопои|пѣснопоі
же|же
рече|рече
аꙁъ|азъ
ѥсмь|есмь
чрьвь|чрьвь
а|а
не|не
чк҇ⷧъ•|чклъ
поношенье|поношенье
чл҃комъ|чл҃комъ
и|і
ѹничьженьѥ|оунічьженье
людьмъ•|людьмъ
и|і
пакꙑ•|пакъі
ꙗко|ꙗко
и|і
чѫдѫ|чѫдѫ
бꙑхъ|бъіхъ
многꙑимъ•|многъіімъ
и|і
тꙑ|тъі
помоштьникъ|помощьнікъ
мои|моі
крѣпъкъ•|крѣпъкъ
съмѣренъи|съмѣренъі
и|і
дѣло|дѣло
имꙑ|імъі
дхв҃но•|дхв҃но
чътꙑ|чътъі
ст҃ꙑꙗ|ст҃ъіꙗ
книгꙑ•|кнігъі
вьсе|вьсе
на|на
сѧ|сѧ
раꙁѹмѣваѥть•|разоумѣваеть
а|а
не|не
на|на
иного•|іного
аште|аще
хоштемъ|хощемъ
истиннѹмѹ|істінноумоу
ѹгодити|оугодіті
бв҃и•|бв҃і
и|і
блаженѹѫ|блаженоуѫ
любовьѭ|любовьѭ
любими|любімі
бꙑти•|бъіті
нага|нага
ѹма|оума
нашего|нашего
прѣдъпоставимъ•|прѣдъпоставімъ
ничесоже|нічесоже
влачашта|влачаща
настоꙗштаго|настоꙗщаго
вѣка•|вѣка
ни|ні
кацѣхъ|кацѣхъ
же|же
хꙑтростьи|хъітростьі
или|ілі
мѫдростьи•|мѫдростьі
или|ілі
правословесьꙗ•|правословесьꙗ
ѹврачаеть|оуврачаеть
бо|бо
сѧ|сѧ
бн҃ое•|бн҃ое
отъ|отъ
приходѧштиихъ|пріходѧщііхъ
къ|къ
немѹ|немоу
съ|съ
риꙁоѭ|різоѭ
коварьствьноѫ•|коварьствьноѫ
аште|аще
бо|бо
бг҃очьстивъ|бг҃очьстівъ
и|і
съмѣренъ|съмѣренъ
есть|есть
кто•|кто
и|і
не|не
прѣвъꙁносѧ|прѣвъзносѧ
сѧ|сѧ
сѫетьноѭ|сѫетьноѭ
гръдостиѭ•|гръдостіѭ
ни|ні
дрьꙁьствѹꙗ•|дрьзьствоуꙗ
нъ|нъ
съкрѹшенъ|съкроушенъ
срьдьцемь•|срьдьцемь
и|і
непьштюꙗ|непьщоуꙗ
себе|себе
неключима|неключіма
раба|раба
сѫшта•|сѫща
тъгда|тъгда
приꙁираеть•|прізіраеть
и|і
въселить|въселіть
сѧ|сѧ
блг҃дть|блг҃дть
бж҃ьꙗ•|бж҃ьꙗ
истовааго|істовааго
же|же
съмѣреньꙗ|съмѣреньꙗ
ꙁнаньство•|знаньство
не|не
ѥже|еже
самомѹ|самомоу
себе|себе
покꙑдати|покъідаті
ѹкориꙁноѭ•|оукорізноѭ
нъ|нъ
ѥже|еже
отъ|отъ
инѣхъ|інѣхъ
коримѹ|корімоу
добле|добле
трьпѣти•|трьпѣті
и|і
никтоже|ніктоже
съмѣрѧꙗ|съмѣрѧꙗ
сѧ|сѧ
правьдьнословѹѥть•|правьдьнословоуеть
ꙗкоже|ꙗкоже
ѹбо|оубо
плодъ|плодъ
многъ|многъ
ниꙁълѧцаеть|нізълѧцаеть
вѣтви|вѣтві
древѹ•|древоу
тако|тако
добрꙑ|добръі
дѣтѣли|дѣтѣлі
множьство•|множьство
ниꙁить|нізіть
мꙑсль|мъісль
мѫжю•|мѫжоу
и|і
ꙗкоже|ꙗкоже
соха|соха
подъдрьжить|подъдрьжіть
вѣѭ|вѣѭ
плодьнѹ•|плодьноу
тако|тако
страхъ|страхъ
бж҃ьи|бж҃ьі
добродѣтѣльна•|добродѣтѣльна
блаженꙑи|блаженъіі
же|же
павьлъ|павьлъ
присꙑлаеть|прісъілаеть
гл҃ѧ•|гл҃ѧ
ѡ|о
окаанъи|окаанъі
аꙁъ|азъ
чл҃къ•|чл҃къ
кто|кто
мѧ|мѧ
иꙁбавить|ізбавіть
отъ|отъ
тѣла|тѣла
съмрьти|съмрьті
сеꙗ•|сеꙗ
и|і
пакꙑ•|пакъі
ꙗко|ꙗко
отрѣби|отрѣбі
мирови|мірові
бꙑхомъ•|бъіхомъ
вьсѣмъ|вьсѣмъ
попьранье•|попьранье
си|сі
же|же
гл҃аньꙗ•|гл҃аньꙗ
съмѣреньѭ|съмѣреньѭ
сѫть|сѫть
притъча•|прітъча
и|і
пакꙑ|пакъі
вѣсте|вѣсте
бо|бо
благодѣть|благодѣть
бж҃ьѭ•|бж҃ьѭ
ꙗко|ꙗко
васъ|васъ
ради|раді
обништа|обніща
богатъ|богатъ
сꙑ•|съі
да|да
вꙑ|въі
оного|оного
ништетоѭ|ніщетоѭ
обогатѣѥте•|обогатѣете
и|і
приводить•|пріводіть
молю|молю
ѹбо|оубо
вꙑ|въі
аꙁъ|азъ
ѹжьникъ|оужьнікъ
о|о
г҃и•|г҃і
достоино|достоіно
ходити|ходіті
ꙁъваньꙗ•|зъваньꙗ
имьже|імьже
ꙁъвани|зъвані
бꙑсте•|бъісте
съ|съ
всѧкоѭ|всѧкоѭ
съмѣреноѭ|съмѣреноѭ
мѹдростьѭ|моудростьѭ
и|і
кротостьѭ•|кротостьѭ
трьпѣньимь|трьпѣньімь
отъраждаѭште|отъраждаѭще
дрѹгъ|дроугъ
дрѹгѹ|дроугоу
любъвью•|любъвью
и|і
приносить•|пріносіть
ѥже|еже
послѣже|послѣже
вьсѣхъ|вьсѣхъ
ꙗко|ꙗко
їꙁврагови|ізврагові
ꙗви|ꙗві
сѧ|сѧ
и|і
мнѣ•|мнѣ
аꙁъ|азъ
бо|бо
есмь|есмь
мьньи|мьньі
ап҃лъ•|ап҃лъ
хотѧи|хотѧі
ѹбо|оубо
сътѧжати•|сътѧжаті
бг҃одарьнѹѭ|бг҃одарьноуѭ
сьѭ•|сьѭ
съмѣреномѫдрьꙗ|съмѣреномѫдрьꙗ
дѣтель•|дѣтель
и|і
иꙁбѣгнѹти|ізбѣгноуті
ꙗкоже|ꙗкоже
прѣжде|прѣжде
рече|рече
сѧ•|сѧ
пѹстошьнаго|поустошьнаго
и|і
бг҃омрьꙁънаго|бг҃омрьзънаго
дроченьꙗ|дроченьꙗ
прѣꙁорьнаго•|прѣзорьнаго
ничесоже|нічесоже
да|да
не|не
оставить|оставіть
съконьчаѭштиихъ|съконьчаѭщііхъ
на|на
исправление|ісправленіе
еꙗ•|еꙗ
нъ|нъ
да|да
бѹдеть|боудеть
емѹ|емоу
обраꙁъ|образъ
и|і
риꙁа|різа
и|і
стѫпанье•|стѫпанье
и|і
сѣдало•|сѣдало
и|і
пища•|піща
и|і
ложе•|ложе
и|і
слово•|слово
и|і
движеньѥ•|двіженье
и|і
гл҃анье•|гл҃анье
и|і
къ|къ
искрьнѫмѹ|іскрьнѫмоу
бесѣда•|бесѣда
все|все
къ|къ
съмѣреньѭ|съмѣреньѭ
ѹстроѥно•|оустроено
прѣжде|прѣжде
же|же
всего•|всего
ни|ні
о|о
чимьже|чімьже
да|да
вѣрѹть|вѣроуть
себѣ•|себѣ
нъ|нъ
да|да
повинѹеть|повіноуеть
сѧ|сѧ
искрьнѫмѹ|іскрьнѫмоу
и|і
работаеть|работаеть
емѹ•|емоу
поминаꙗ|помінаꙗ
г҃а•|г҃а
не|не
прѣꙁьрѣвъшааго|прѣзьрѣвъшааго
ѹмꙑти|оумъіті
ногꙑ|ногъі
своимъ|своімъ
ѹченикомъ•|оученікомъ
и|і
рекъша•|рекъша
обраꙁъ|образъ
бо|бо
дахъ|дахъ
вамъ|вамъ
съмѣреномѫдрьꙗ•|съмѣреномѫдрьꙗ
да|да
ꙗкоже|ꙗкоже
аꙁъ|азъ
створихъ|створіхъ
вамъ•|вамъ
и|і
вꙑ|въі
творите|творіте
дрѹгъ|дроугъ
дрѹгѹ•|дроугоу
аште|аще
се|се
вѣсте•|вѣсте
блажени|блажені
есте|есте
аште|аще
творите|творіте
ѥ•|е
томѹ|томоу
слава|слава
въ|въ
вѣкꙑ|вѣкъі
вѣкомъ|вѣкомъ
АМИН|амін
о҃|о҃
Ꙍ|о
ТО|то
҇ⷨ|м
ѤЖЕ|еже
ѾДАꙖТИИСКРЬНЮМОУ|отдаꙗтііскрьнюмоу
Ѥже|еже
отъдаꙗти|отъдаꙗті
искрьнѫмѹ|іскрьнѫмоу
отъ|отъ
ср҃ца•|ср҃ца
гн҃ѧ|гн҃ѧ
ꙁаповѣдь|заповѣдь
есть•|есть
и|і
сп҃сна|сп҃сна
всѣмъ|всѣмъ
чл҃комъ•|чл҃комъ
ꙁаповѣдь|заповѣдь
бо|бо
ѥго|его
жиꙁнь|жізнь
вѣчьнаꙗ|вѣчьнаꙗ
есть•|есть
аште|аще
ѹбо|оубо
простимъ•|простімъ
проштени|прощені
бѹдемъ•|боудемъ
аште|аще
ли|лі
ни•|ні
то|то
ꙁапечатьлѣваемъ|запечатьлѣваемъ
своꙗ|своꙗ
грѣхꙑ•|грѣхъі
кто|кто
ѹбо|оубо
прѣмѫдръ|прѣмѫдръ
хотѧи|хотѧі
ѹлѹчити|оулоучіті
оставленье•|оставленье
бештисльнꙑихъ|бещісльнъііхъ
своихъ|своіхъ
прѣгрѣшении•|прѣгрѣшеніі
не|не
съ|съ
радостью|радостью
оставить|оставіть
искрьнѫмѹ|іскрьнѫмоу
своемѹ|своемоу
малꙑихъ|малъііхъ
грѣхъ•|грѣхъ
не|не
тъчьѭ|тъчьѭ
же|же
г҃ъ|г҃ъ
се|се
ꙁаповѣдаеть|заповѣдаеть
намъ|намъ
творити•|творіті
нъ|нъ
и|і
дѣломь|дѣломь
намъ|намъ
покаꙁаеть•|показаеть
како|како
ѭ|ѭ
подобаеть|подобаеть
съврьшати•|съврьшаті
на|на
кр҃стѣ|кр҃стѣ
бо|бо
сꙑ•|съі
молѧаше|молѧаше
ꙁа|за
беꙁаконьновавъшаꙗ|безаконьновавъшаꙗ
въ|въ
нь•|нь
своего|своего
оц҃а|оц҃а
г҃лѧ•|г҃лѧ
о҃че|о҃че
остави|оставі
имъ•|імъ
не|не
вѣдѧть|вѣдѧть
бо|бо
чъто|чъто
творѧть•|творѧть
се|се
благосрьдъи•|благосрьдъі
и|і
отъвѣштавае|отъвѣщавае
ꙁа|за
нѧ|нѧ
г҃лѧ•|г҃лѧ
не|не
бо|бо
вѣдѧть|вѣдѧть
чьто|чьто
творѧть•|творѧть
и|і
прѣжде|прѣжде
того|того
ѹченикомъ|оученікомъ
негодѹѫштемъ•|негодоуѫщемъ
на|на
етерꙑ|етеръі
самарѣнꙑ|самарѣнъі
не|не
приимъши|пріімъші
ихъ•|іхъ
и|і
просѧште|просѧще
бг҃опѹстомь|бг҃опоустомь
огнемь|огнемь
погѹбити|погоубіті
ꙗ•|ꙗ
ꙁапрѣти|запрѣті
имъ|імъ
гл҃ѧ•|гл҃ѧ
не|не
вѣсте|вѣсте
коего|коего
д҃ха|д҃ха
есте•|есте
сирѣчь•|сірѣчь
кротъкааго|кротъкааго
и|і
благааго•|благааго
томѹжде|томоужде
же|же
и|і
пр҃къ|пр҃къ
иꙁѹчаеть|ізоучаеть
нꙑ•|нъі
рече|рече
бо|бо
ꙁахариꙗ|захаріꙗ
сѫдъ|сѫдъ
правьдьнъ|правьдьнъ
сѫдите•|сѫдіте
и|і
милость|мілость
и|і
штедротѫ|щедротѫ
творите•|творіте
къжъдо|къжъдо
къ|къ
искрьнюмѹ|іскрьнюмоу
своемѹ•|своемоу
и|і
павьлъ|павьлъ
же|же
рече|рече
бꙑваите|бъіваіте
же|же
дрѹгъ|дроугъ
дрѹгѹ•|дроугоу
блаꙁи|блазі
мл҃ди•|мл҃ді
подобьни|подобьні
б҃ѹ•|б҃оу
ꙗко|ꙗко
чада|чада
въꙁлюбленаꙗ|възлюбленаꙗ
даѭште|даѭще
себѣ•|себѣ
ꙗкоже|ꙗкоже
и|і
х҃ъ|х҃ъ
дарова|дарова
намъ•|намъ
пр҃къ|пр҃къ
же|же
авьдие•|авьдіе
имьже|імьже
обраꙁомь|образомь
створи•|створі
бѫдеть|бѫдеть
ти•|ті
въꙁдаанье|въздаанье
твое|твое
въꙁдасть|въздасть
сѧ|сѧ
на|на
главѫ|главѫ
твоѭ•|твоѭ
длъжьни|длъжьні
есмъ•|есмъ
страдати|страдаті
дрѹгъ|дроугъ
съ|съ
дрѹгомь•|дроугомь
и|і
праштати|пращаті
дрѹгъ|дроугъ
дрѹга•|дроуга
ꙗко|ꙗко
ѥдино|едіно
тѣло|тѣло
есмъ•|есмъ
и|і
дрѹгъ|дроугъ
дрѹгѹ|дроугоу
ѹди•|оуді
и|і
тождѥ|тожде
длъжьни|длъжьні
есмъ|есмъ
въ|въ
себѣ|себѣ
пешти|пещі
сѧ•|сѧ
боꙗште|боꙗще
сⱑ|сѧ
и|і
самого|самого
г҃нѧ|г҃нѧ
страшьнаго|страшьнаго
отъреченьꙗ•|отъреченьꙗ
и|і
отъ|отъ
ср҃ца|ср҃ца
праштаимъ|пращаімъ
дрѹгъ|дроугъ
дрѹга•|дроуга
рече|рече
бо•|бо
ꙗко|ꙗко
тако|тако
створїть|створіть
вамъ|вамъ
оц҃ъ|оц҃ъ
мои|моі
нб҃снꙑи•|нб҃снъіі
аште|аще
не|не
отъпѹштаѥте|отъпоущаете
къжъдо|къжъдо
братѹ|братоу
своемѹ|своемоу
отъ|отъ
ср҃ць|ср҃ць
вашихъ|вашіхъ
прѣгрѣшеньꙗ|прѣгрѣшеньꙗ
ихъ•|іхъ
рабе|рабе
бо|бо
рече|рече
лѹкавъи•|лоукавъі
вьсь|вьсь
длъгъ|длъгъ
онъ|онъ
отъпѹстихъ|отъпоустіхъ
ти•|ті
ꙁане|зане
ѹмоли|оумолі
мѧ•|мѧ
не|не
подобаше|подобаше
ли|лі
и|і
тебѣ|тебѣ
миловати|міловаті
клеврѣта|клеврѣта
своего•|своего
ꙗкоже|ꙗкоже
и|і
аꙁъ|азъ
тѧ|тѧ
помиловахъ•|поміловахъ
и|і
раꙁгнѣвавъ|разгнѣвавъ
сѧ|сѧ
прѣдасть|прѣдасть
и|і
мѫчителемъ•|мѫчітелемъ
донде|донде
въꙁдасть|въздасть
все|все
длъжъное|длъжъное
моѥ•|мое
и|і
петрѹ|петроу
въпросивъшѹ•|въпросівъшоу
колишьдꙑ|колішьдъі
оставлю|оставлю
братѹ|братоу
своѥмѹ|своемоу
аште|аще
съгрѣшить|съгрѣшіть
мнѣ•|мнѣ
до|до
седмишъдꙑ|седмішъдъі
ли•|лі
отъвѣшта|отъвѣща
емѹ|емоу
г҃ь•|г҃ь
не|не
г҃лю|г҃лю
тебѣ|тебѣ
седмишьди•|седмішьді
нь|нь
седмидесѧти|седмідесѧті
седмишьди•|седмішьді
сего|сего
ради|раді
приводить•|пріводіть
отъдадите|отъдадіте
и|і
отъдасть|отъдасть
сѧ|сѧ
вамъ•|вамъ
и|і
аште|аще
съгрѣшить|съгрѣшіть
тебѣ|тебѣ
братъ|братъ
твои•|твоі
ꙁапрѣти|запрѣті
емѹ•|емоу
и|і
аште|аще
покаеть|покаеть
сѧ•|сѧ
то|то
прости|прості
и•|і
и|і
аште|аще
седмикратꙑ|седмікратъі
дн҃ьмь|дн҃ьмь
обрать|обрать
сѧ|сѧ
къ|къ
тебѣ|тебѣ
г҃лѧ|г҃лѧ
каѭ|каѭ
сѧ•|сѧ
отъдаждь|отъдаждь
емѹ|емоу
г҃а|г҃а
ради•|раді
томѹ|томоу
бо|бо
слава|слава
благоср҃дмѹ|благоср҃дмоу
и|і
чл҃колюбивѹмѹ|чл҃колюбівоумоу
б҃ѹ•|б҃оу
въ|въ
вѣкꙑ|вѣкъі
вѣкомъ|вѣкомъ
АМИН|амін
о҃а|о҃а
О|о
ТОМЬ|томь
ѤЖЕ|еже
МОЛИТВѪ|молітвѫ
ДѢАТИ|дѣаті
дрѹгъ|дроугъ
ꙁа|за
дрѹ⁘|дроу
га|га
и|і
ꙁа|за
врагꙑ|врагъі
Додро|додро
въꙁлюблении•|възлюбленіі
еже|еже
всѣми|всѣмі
ꙁаповѣдьми|заповѣдьмі
хв҃ами•|хв҃амі
ꙁанеже|занеже
дрѹга|дроуга
дрѹгꙑ|дроугъі
сѧ|сѧ
дрьжить•|дрьжіть
ꙗко|ꙗко
ѭжьмь|ѭжьмь
ꙁлатомь•|златомь
вѣрьнꙑ|вѣрьнъі
бо|бо
всѧ|всѧ
ꙁаповѣди|заповѣді
ѥго•|его
ѹтврьжденꙑ|оутврьжденъі
въ|въ
вѣкꙑ|вѣкъі
вѣка•|вѣка
подобаеть|подобаеть
ѹбо|оубо
истиннѣ|істіннѣ
хотѧштѫмѹ|хотѧщѫмоу
ѹченикѹ|оученікоу
бꙑти|бъіті
х҃вѹ•|х҃воу
и|і
раꙁгараѭштѫмѹ|разгараѭщѫмоу
сѧ|сѧ
огнемь|огнемь
любъве|любъве
его•|его
ниѥдиноꙗже|ніедіноꙗже
мимоити|мімоіті
ꙁаповѣди|заповѣді
его•|его
аште|аще
и|і
мала|мала
едина|едіна
или|ілі
тѧжька|тѧжька
мьнить|мьніть
ти|ті
сѧ|сѧ
бꙑти•|бъіті
самъ|самъ
бо|бо
рече•|рече
аште|аще
любите|любіте
мѧ|мѧ
ꙁаповѣди|заповѣді
моꙗ|моꙗ
съблюдете•|съблюдете
и|і
пакꙑ•|пакъі
аминь|амінь
г҃лю|г҃лю
вамъ•|вамъ
аште|аще
не|не
иꙁбѹдеть|ізбоудеть
вашѧ|вашѧ
правьда|правьда
паче|паче
фарисеї•|фарісеі
то|то
не|не
вънидете|вънідете
въ|въ
црс҃тво|црс҃тво
нб҃сное•|нб҃сное
вьчера|вьчера
вамь|вамь
въꙁлюблении•|възлюбленіі
ѡ|о
отъдании|отъданіі
искрьнѫмѹ|іскрьнѫмоу
бесѣдовахомъ•|бесѣдовахомъ
дьньсь|дьньсь
не|не
тъчьѭ|тъчьѭ
оставлѧти|оставлѧті
нъ|нъ
и|і
молити|моліті
ꙁа|за
нѧ|нѧ
вамъ|вамъ
въспоминаемъ•|въспомінаемъ
рекъше|рекъше
молимъ•|молімъ
имьже|імьже
обое|обое
вл҃ка|вл҃ка
нашь|нашь
и|і
сп҃съ|сп҃съ
ꙁаповѣдаеть•|заповѣдаеть
никтоже|ніктоже
ѹбо|оубо
тѧжькъ|тѧжькъ
да|да
мнить|мніть
ꙁаповѣдии|заповѣдіі
его|его
иго|іго
бо|бо
мое|мое
рече|рече
маꙁано•|мазано
и|і
брѣмѧ|брѣмѧ
мое|мое
льгъко|льгъко
ѥсть•|есть
ап҃лъ•|ап҃лъ
любѧштиимъ|любѧщіімъ
б҃а•|б҃а
всѧ|всѧ
поспѣѭть|поспѣѭть
сѧ|сѧ
въ|въ
благо•|благо
ꙗкоже|ꙗкоже
и|і
въ|въ
с҃тꙑхъ|с҃тъіхъ
книгахъ|кнігахъ
обрѣтаемъ•|обрѣтаемъ
всѧ|всѧ
свⱑтьцѧ|свѧтьцѧ
дѣломь|дѣломь
съконьчавъша|съконьчавъша
ꙁаповѣдь|заповѣдь
сьѭ•|сьѭ
паче|паче
же|же
и|і
всѧ•|всѧ
рече|рече
бо|бо
пр҃къ|пр҃къ
самѹиль|самоуіль
къ|къ
людемъ•|людемъ
не|не
бѫди|бѫді
мнѣ|мнѣ
отъстѹпити|отъстоупіті
отъ|отъ
г҃а•|г҃а
нъ|нъ
въпити|въпіті
ꙁа|за
вꙑ|въі
молѧштѹ|молѧщоу
сѧ•|сѧ
и|і
пакꙑ•|пакъі
мнѣ|мнѣ
не|не
бѹди|боуді
съгрѣшати|съгрѣшаті
г҃ви•|г҃ві
еже|еже
не|не
прѣстати|прѣстаті
молѧштѹ|молѧщоу
сѧ|сѧ
ꙁа|за
вꙑ•|въі
како|како
же|же
и|і
отъринѫшѧ|отърінѫшѧ
ти•|ті
и|і
ѹничьжиша|оунічьжіша
просивъшеи|просівъшеі
ц҃рѧ•|ц҃рѧ
всѣмъ|всѣмъ
вѣсто|вѣсто
есть|есть
и|і
ꙗвѣ•|ꙗвѣ
ї|і
иеремиꙗ|іереміꙗ
пр҃къ•|пр҃къ
толь|толь
много|много
пострадавъ|пострадавъ
и|і
отъ|отъ
нихъ|ніхъ
всегда|всегда
молѧаше|молѧаше
сѧ|сѧ
ꙁа|за
нѧ•|нѧ
и|і
ꙗвѣ|ꙗвѣ
отъ|отъ
негоже|негоже
къ|къ
немѹ|немоу
б҃ъ|б҃ъ
гл҃ааше•|гл҃ааше
тꙑ|тъі
не|не
моли|молі
сѧ|сѧ
о|о
нихъ•|ніхъ
ꙗко|ꙗко
не|не
послѹшаѫ|послоушаѫ
тебе•|тебе
такоже|такоже
и|і
моси|мосі
гл҃ааше|гл҃ааше
къ|къ
б҃ѹ•|б҃оу
аште|аще
оставиши|оставіші
имъ|імъ
грѣхъ•|грѣхъ
остави•|оставі
аште|аще
ли|лі
ни•|ні
то|то
и|і
мѧ|мѧ
остави|оставі
отъ|отъ
книгъ|кнігъ
твоїхъ•|твоіхъ
не|не
тъчьѭ|тъчьѭ
же|же
иже|іже
въ|въ
ветъсѣмь|ветъсѣмь
ꙁавѣтѣ|завѣтѣ
се|се
творѧахѹ•|творѧахоу
нъ|нъ
и|і
въ|въ
новѣмь•|новѣмь
блаженъи|блаженъі
бо|бо
иѧковъ|іѧковъ
братъ|братъ
г҃нь•|г҃нь
ан҃глскомь|ан҃глскомь
житьемь|жітьемь
живъ|жівъ
на|на
ꙁемли•|землі
слꙑшааше|слъішааше
сѧ|сѧ
отъ|отъ
вьсѣхъ|вьсѣхъ
правьдивъи•|правьдівъі
рекъше•|рекъше
ѡвлиꙗ•|овліꙗ
еже|еже
есть|есть
одрьжанье|одрьжанье
людьско•|людьско
праꙁдьникѹ|праздьнікоу
ѹбо|оубо
сѫштѹ|сѫщоу
пасхꙑ•|пасхъі
и|і
многамъ|многамъ
тьмамъ|тьмамъ
сьшедъшамъ|сьшедъшамъ
сѧ|сѧ
въ|въ
цр҃квь|цр҃квь
жидовьскѭ•|жідовьскѭ
въꙁведъше|възведъше
и|і
на|на
крило|кріло
цр҃квьное|цр҃квьное
рѣша|рѣша
молимъ|молімъ
тѧ|тѧ
правьдьниче|правьдьніче
решти|рещі
людемъ•|людемъ
да|да
сѧ|сѧ
бꙑшѧ|бъішѧ
не|не
прѣльштали|прѣльщалі
въ|въ
слѣдъ|слѣдъ
рекомааго|рекомааго
іс҃а•|іс҃а
тебе|тебе
бо|бо
вси|всі
вѣрѹ|вѣроу
емлемъ•|емлемъ
онъ|онъ
же|же
отъвѣштавъ|отъвѣщавъ
рече•|рече
чьто|чьто
мѧ|мѧ
въпрашаѥте|въпрашаете
о|о
сн҃ѣ|сн҃ѣ
чл҃чи•|чл҃чі
и|і
тъ|тъ
сѣдїтъ|сѣдітъ
о|о
деснѹѭ|десноуѭ
б҃а|б҃а
на|на
вꙑсотахъ•|въісотахъ
ꙁаконопрѣстѫпьници|законопрѣстѫпьніці
же|же
архиерѣи|архіерѣі
и|і
фарисѣи|фарісѣі
кликнѫшѧ•|клікнѫшѧ
ѡ|о
ѡ|о
ꙁълѣ|зълѣ
створихомъ•|створіхомъ
таково|таково
съвѣдѣтельство|съвѣдѣтельство
на|на
сѧ|сѧ
сами•|самі
о|о
іс҃ѣ|іс҃ѣ
прѣведъше•|прѣведъше
мноꙁи|мнозі
же|же
отъ|отъ
людьи|людьі
слꙑшавъше|слъішавъше
его|его
вѣровашѧ•|вѣровашѧ
а|а
прочии|прочіі
вꙁлѣꙁъше•|взлѣзъше
съврьгѹ|съврьгоу
и|і
съ|съ
вꙑше|въіше
долѹ•|долоу
ѡнъ|онъ
же|же
падъ|падъ
на|на
колѣнѹ•|колѣноу
не|не
абье|абье
ѹмрѣ•|оумрѣ
нъ|нъ
ꙁа|за
нѧ|нѧ
молѧше|молѧше
сѧ•|сѧ
и|і
приближь|прібліжь
сѧ|сѧ
единъ|едінъ
сн҃въ|сн҃въ
рихавовъ•|ріхавовъ
слꙑша|слъіша
и•|і
и|і
гл҃а|гл҃а
имъ•|імъ
что|что
дѣлаете•|дѣлаете
правьдьникъ|правьдьнікъ
ꙁа|за
нꙑ|нъі
молить|моліть
сѧ•|сѧ
тъгда|тъгда
текъ|текъ
единъ|едінъ
гнафеи•|гнафеі
ѹдари|оударі
и|і
въ|въ
лобъ|лобъ
дрѣвомь|дрѣвомь
на|на
немьже|немьже
риꙁꙑ|різъі
иꙁвиваѫть•|ізвіваѫть
и|і
ѹмрътви|оумрътві
и•|і
такоже|такоже
и|і
блаженꙑи|блаженъіі
стефанъ•|стефанъ
стоꙗ|стоꙗ
посредѣ|посредѣ
ꙁаконопрѣстѹпьникъ|законопрѣстоупьнікъ
въꙁъпи|възъпі
гл҃ѧ•|гл҃ѧ
се|се
вижю|віжоу
небеса|небеса
отъврьста•|отъврьста
и|і
с҃на|с҃на
чл҃ча|чл҃ча
стоꙗшта|стоꙗща
о|о
деснѹѫ|десноуѫ
б҃а•|б҃а
похꙑштьше|похъіщьше
же|же
ї•|і
иꙁведоша|ізведоша
и|і
вънъ|вънъ
иꙁ|із
града•|града
и|і
камениимь|каменіімь
побиваахѹ•|побіваахоу
молѧшта|молѧща
сѧ|сѧ
и|і
гл҃юшта•|гл҃юща
г҃и|г҃і
не|не
постави|поставі
имъ|імъ
грѣха|грѣха
сего•|сего
се|се
ѹбо|оубо
видимъ|відімъ
ст҃ꙑꙗ•|ст҃ъіꙗ
ꙗко|ꙗко
и|і
до|до
съмрьти|съмрьті
молѧахю|молѧахю
сѧ|сѧ
ꙁа|за
врагꙑ|врагъі
своѧ•|своѧ
молѧи|молѧі
бо|бо
сѧ|сѧ
ꙁа|за
обидѧштаꙗ|обідѧщаꙗ
чл҃кꙑ•|чл҃къі
кльнеть|кльнеть
ѹбо|оубо
бѣсꙑ•|бѣсъі
самъ|самъ
же|же
цс҃тва|цс҃тва
нб҃снаго|нб҃снаго
бѹдеть|боудеть
наслѣдьникъ•|наслѣдьнікъ
повелѣваеть|повелѣваеть
же|же
и|і
ап҃лъ•|ап҃лъ
ꙁа|за
всѧ|всѧ
чл҃кꙑ|чл҃къі
мл҃твѹ|мл҃твоу
дѣѧти•|дѣѧті
а|а
еже|еже
ꙁа|за
всѧ|всѧ
мѣнить•|мѣніть
ꙗко|ꙗко
не|не
тъчъѭ|тъчъѭ
ꙁа|за
дрѹгꙑ•|дроугъі
нъ|нъ
и|і
ꙁа|за
врагꙑ|врагъі
подобаеть|подобаеть
молити|моліті
сѧ•|сѧ
то|то
длъжьни|длъжьні
есмъ|есмъ
и|і
мꙑ•|мъі
не|не
тъчъѫ|тъчъѫ
ꙁа|за
дрѹгꙑ|дроугъі
нъ|нъ
и|і
ꙁа|за
врагꙑ|врагъі
молити|моліті
сѧ•|сѧ
ꙗкоже|ꙗкоже
и|і
самъ|самъ
г҃ъ•|г҃ъ
дѣломь|дѣломь
намъ|намъ
покаꙁа•|показа
на|на
кр҃стѣ|кр҃стѣ
ѹбо|оубо
ꙁа|за
распинаѭштаꙗ|распінаѭщаꙗ
молѧ|молѧ
своего|своего
оц҃а•|оц҃а
прѣжде|прѣжде
же|же
крьста|крьста
на|на
таинѣи|таінѣі
вечери•|вечері
ꙁа|за
всѧ|всѧ
дрѹгꙑ|дроугъі
и|і
ѹченикꙑ•|оученікъі
вꙑ|въі
бо|бо
дрѹꙁи|дроузі
мои|моі
есте|есте
рече•|рече
и|і
ѹже|оуже
не|не
гл҃ю|гл҃ю
васъ|васъ
рабъ•|рабъ
молѧаше|молѧаше
же|же
сѧ|сѧ
г҃лѧ•|г҃лѧ
оч҃е|оч҃е
ст҃ꙑи•|ст҃ъіі
съблюди|съблюді
ꙗ|ꙗ
въ|въ
имѧ|імѧ
твоѥ|твое
ѧже|ѧже
дасть|дасть
мнѣ•|мнѣ
и|і
пакꙑ•|пакъі
не|не
молю|молю
да|да
въꙁьмеши|възьмеші
ꙗ|ꙗ
отъ|отъ
мира•|міра
нъ|нъ
да|да
съблюдеши|съблюдеші
ⱑ|ѧ
отъ|отъ
неприꙗꙁни•|непріꙗзні
с҃ти|с҃ті
ꙗ|ꙗ
истиноѫ|істіноѫ
твоеѭ•|твоеѭ
слово|слово
твое|твое
истина|істіна
есть•|есть
томѹ|томоу
слава•|слава
въ|въ
вѣкꙑ|вѣкъі
вѣкомъ|вѣкомъ
АМИН|амін
ѯ҃в|ѯ҃в
Ꙍ|о
ТО|то
ⷨ҇|м
ѤЖЕ|еже
НЕ|не
ИСКАТИ|іскаті
СВОИХЪ|своіхъ
си|сі
Ꙗкоже|ꙗкоже
длъжъни|длъжъні
есмъ|есмъ
отъ|отъ
ꙁаповѣди|заповѣді
бж҃ьꙗ|бж҃ьꙗ
отъдаꙗти•|отъдаꙗті
и|і
молити|моліті
дрѹгъ|дроугъ
ꙁа|за
дрѹга•|дроуга
тако|тако
длъжъни|длъжъні
есмъ|есмъ
и|і
не|не
искати|іскаті
своихъ|своіхъ
си•|сі
нъ|нъ
единотѣлесьнъихъ|едінотѣлесьнъіхъ
братъ•|братъ
да|да
не|не
подамь|подамь
имъ|імъ
врѣда|врѣда
винꙑ•|вінъі
гл҃еть|гл҃еть
бо|бо
б҃ъ|б҃ъ
мѹсии•|моусіі
ѹрѣши|оурѣші
обѹтѣль|обоутѣль
ногѹ|ногоу
твоеѭ•|твоеѭ
еже|еже
есть|есть
ѹрѣжи|оурѣжі
правьдьство•|правьдьство
плътьскѹѭ|плътьскоуѭ
мѫдрость|мѫдрость
своѥꙗ|своеꙗ
волѧ•|волѧ
мѣсто|мѣсто
бо|бо
на|на
немьже|немьже
тꙑ|тъі
стоиши•|стоіші
ꙁемлѧ|землѧ
с҃та|с҃та
есть•|есть
ѭже|ѭже
и|і
наслѣдѧть|наслѣдѧть
кротъции•|кротъціі
и|і
мꙑ|мъі
ѹбо|оубо
отъсѣцѣмъ|отъсѣцѣмъ
хотѣньꙗ|хотѣньꙗ
нашѧ|нашѧ
плътьскаа•|плътьскаа
а|а
бж҃ьее|бж҃ьее
ѹдрьжимъ•|оудрьжімъ
да|да
не|не
поимьни|поімьні
бѫдемъ|бѫдемъ
отъ|отъ
него•|него
иеремиемь|іереміемь
гл҃юштемь•|гл҃ющемь
мене|мене
оставишѧ|оставішѧ
источьника|істочьніка
водꙑ|водъі
живꙑ•|жівъі
и|і
ходишѧ|ходішѧ
хотѣниї|хотѣніі
своими|своімі
ꙁълъими•|зълъімі
вънемлѣмъ|вънемлѣмъ
ѹбо|оубо
тврьдѣ•|тврьдѣ
еда|еда
къгда|къгда
напоимъ|напоімъ
браⷮ҇ѭ|братѭ
своѫ|своѫ
острѹениемь|остроуеніемь
мѫтномь•|мѫтномь
кацѣмь|кацѣмь
любо|любо
блаꙁномь•|блазномь
аште|аще
бо|бо
брашъна|брашъна
ради|раді
рече|рече
братъ|братъ
твои|твоі
скрьбить•|скрьбіть
или|ілі
съблажнѧеть|съблажнѧеть
сѧ•|сѧ
ѭже|ѭже
не|не
по|по
любъви|любъві
ходиши:|ходіші
не|не
брашъномь|брашъномь
своимь|своімь
того|того
погѹблѧи•|погоублѧі
ꙁа|за
негоже|негоже
х҃с|х҃с
ѹмрѣ•|оумрѣ
такоже|такоже
съгрѣшаѭще|съгрѣшаѭще
въ|въ
братиѭ:|братіѭ
и|і
бьѭще|бьѭще
ихъ|іхъ
съвѣсть|съвѣсть
немощънѹѭщѹ:|немощъноуѭщоу
въ|въ
х҃а|х҃а
съгрѣшаѥте:|съгрѣшаете
тѣмьже|тѣмьже
аще|аще
брашъно|брашъно
съблажнѧѥть|съблажнѧеть
брата|брата
моѥго:|моего
рьцѣмъ|рьцѣмъ
и|і
мꙑ|мъі
говѣиниї:|говѣініі
не|не
ꙗмъ|ꙗмъ
мѧсъ|мѧсъ
въ|въ
вѣкъ•|вѣкъ
да|да
брата|брата
своего|своего
не|не
съблажнѧю•|съблажнѧю
се|се
же|же
гл҃еть•|гл҃еть
рекъше|рекъше
творить|творіть
бг҃олюбивъи|бг҃олюбівъі
и|і
кротьколюбивꙑи•|кротьколюбівъіі
и|і
дрѹголюбивꙑи|дроуголюбівъіі
по|по
всемѹ|всемоу
бес|бес
прѣтꙑканьѧ|прѣтъіканьѧ
себѣ|себѣ
блюдꙑ•|блюдъі
да|да
имь|імь
никтоже|ніктоже
съблажнь|съблажнь
сѧ|сѧ
не|не
ѹмьреть•|оумьреть
ѹсѣцѣмъ|оусѣцѣмъ
ѹбо|оубо
братье|братье
волѧ|волѧ
своеѧ|своеѧ
искрьнюмѹ|іскрьнюмоу
своемѹ•|своемоу
да|да
не|не
бѫдемъ|бѫдемъ
виновьни|віновьні
съблаꙁнѹ|съблазноу
и|і
раꙁвраштеньѭ•|развращеньѭ
слꙑшаштиимъ|слъішащіімъ
и|і
видѧштиимъ|відѧщіімъ
житье|жітье
наше•|наше
блаженъ|блаженъ
бо|бо
иже|іже
ѹстрашаеть|оустрашаеть
сѧ|сѧ
всего|всего
ꙁа|за
говѣнье•|говѣнье
пишеть|пішеть
бо|бо
и|і
блаженꙑи|блаженъіі
павлъ•|павлъ
никтоже|ніктоже
да|да
иштеть|іщеть
своихъ|своіхъ
си•|сі
нъ|нъ
дрѹжьнѧаго•|дроужьнѧаго
бес|бес
прѣтꙑканьꙗ|прѣтъіканьꙗ
бꙑваите|бъіваіте
рече•|рече
и|і
иѭдеѡмъ•|іѭдеомъ
и|і
їелиномъ•|іеліномъ
и|і
цр҃къви|цр҃къві
бж҃ии•|бж҃іі
ꙗкоже|ꙗкоже
и|і
аꙁъ|азъ
вьсегда|вьсегда
вьсѣмъ|вьсѣмъ
ѹгаждаѫ•|оугаждаѫ
не|не
иштѫ|іщѫ
своеѧ|своеѧ
польꙁѧ•|пользѧ
нъ|нъ
многꙑихъ|многъііхъ
да|да
сп҃сѫть|сп҃сѫть
сѧ•|сѧ
и|і
пакꙑ•|пакъі
любъ|любъ
да|да
не|не
иштеть|іщеть
своихъ|своіхъ
си•|сі
не|не
раꙁдражаеть|раздражаеть
сѧ•|сѧ
все|все
трьпить•|трьпіть
все|все
прѣстрадаеть•|прѣстрадаеть
и|і
приносить•|пріносіть
длъжъни|длъжъні
есмъ|есмъ
мꙑ|мъі
сильниї•|сільніі
немошти|немощі
немоштьнъихъ|немощьнъіхъ
носити•|носіті
и|і
не|не
себѣ|себѣ
ѹгаждати•|оугаждаті
ибо|ібо
х҃ъ|х҃ъ
не|не
себѣ|себѣ
ѹгоди•|оугоді
и|і
па҇ⷦ•|пак
кто|кто
иꙁнемагаеть•|ізнемагаеть
и|і
иꙁнемагаѫ•|ізнемагаѫ
кто|кто
съблажнѧеть|съблажнѧеть
сѧ•|сѧ
и|і
аꙁъ|азъ
не|не
раждиꙁаѫ|раждізаѫ
сѧ•|сѧ
и|і
г҃ь|г҃ь
рече•|рече
мое|мое
брашьно|брашьно
есть•|есть
да|да
творѫ|творѫ
волю|волю
посълавъшааго|посълавъшааго
мѧ|мѧ
оц҃а•|оц҃а
и|і
съконьчаѭ|съконьчаѭ
его|его
дѣло•|дѣло
волѧ|волѧ
же|же
оц҃а|оц҃а
моего|моего
есть•|есть
сп҃сти|сп҃сті
всѧкого|всѧкого
чл҃ка•|чл҃ка
и|і
пакꙑ•|пакъі
сънидохъ|сънідохъ
с|с
нб҃се•|нб҃се
не|не
да|да
творѭ|творѭ
волю|волю
моѭ•|моѭ
нъ|нъ
посълавъшааго|посълавъшааго
мѧ|мѧ
оц҃а•|оц҃а
томѹ|томоу
слава|слава
въ|въ
вѣкꙑ|вѣкъі
вѣкомъ|вѣкомъ
АМИН|амін
ѯ҃г|ѯ҃г
Ꙍ|о
ТОМЬ|томь
ѤЖЕ|еже
НЕ|не
ВЪСХОТѢТИ|въсхотѣті
Писано|пісано
есть•|есть
елико|еліко
дх҃омь|дх҃омь
бж҃ьемь|бж҃ьемь
водѧть|водѧть
сѧ•|сѧ
сии|сіі
сѫть|сѫть
сн҃ве|сн҃ве
бж҃ии•|бж҃іі
аште|аще
ѹбо|оубо
сн҃ве|сн҃ве
бж҃ьи|бж҃ьі
въꙁлюбѧть|възлюбѧть
дъщери|дъщері
чл҃чѧ•|чл҃чѧ
сирѣчь|сірѣчь
славꙑ|славъі
чл҃чѧ•|чл҃чѧ
то|то
отъ|отъ
тѣхъ|тѣхъ
родѧть|родѧть
сѧ|сѧ
юже|юже
штѫдове•|щѫдове
отъ|отъ
вѣка|вѣка
именитии•|іменітіі
рекъше|рекъше
отъ|отъ
таковꙑꙗ|таковъіꙗ
славꙑ•|славъі
раждаеть|раждаеть
сѧ|сѧ
прѣꙁоривьство•|прѣзорівьство
въꙁношенье•|възношенье
дъменье•|дъменье
величанье•|велічанье
вꙑсотъ•|въісотъ
гръдость•|гръдость
отъ|отъ
вѣка|вѣка
бо|бо
прѣꙁоривьство•|прѣзорівьство
и|і
вси|всі
врѣди|врѣді
сѫть•|сѫть
и|і
гл҃еть|гл҃еть
б҃ъ•|б҃ъ
не|не
прѣбѹдеть|прѣбоудеть
дх҃ъ|дх҃ъ
мои|моі
въ|въ
чл҃цѣхъ|чл҃цѣхъ
сихъ|сіхъ
въ|въ
вѣкꙑ•|вѣкъі
ꙁане|зане
сѫть|сѫть
плътѣни•|плътѣні
ꙁълъихъ|зълъіхъ
похотьи|похотьі
плъни•|плъні
ꙗкоже|ꙗкоже
и|і
павлъ|павлъ
порокѹꙗ|порокоуꙗ
галатꙑ|галатъі
гл҃еть•|гл҃еть
дх҃мь|дх҃мь
начънъше•|начънъше
нꙑнѣ|нъінѣ
плъ|плъ
ти|ті
си|сі
отъ|отъ
похотии|похотіі
мирьскꙑихъ•|мірьскъііхъ
ꙗко|ꙗко
всѧ|всѧ
похоть|похоть
воѭеть|воѭеть
на|на
дх҃ъ•|дх҃ъ
сластолюбивое|сластолюбівое
бо|бо
ср҃це•|ср҃це
стража•|стража
и|і
веригꙑ|верігъі
д҃ши|д҃ші
въ|въ
врѣмѧ|врѣмѧ
исхода|ісхода
бѫдеть•|бѫдеть
а|а
тврьдолюбивое|тврьдолюбівое
дврьрь|дврьрь
есть|есть
отврьста•|отврьста
похотьнꙑи|похотьнъіі
бо|бо
врѣдъ•|врѣдъ
ꙁѧбль|зѧбль
праꙁдьниꙗ|праздьніꙗ
есть•|есть
праꙁнь|празнь
бо|бо
отъраждаеть|отъраждаеть
похоть|похоть
и|і
лѣность•|лѣность
паче|паче
же|же
и|і
беꙁѹпъваньство•|безоупъваньство
аште|аще
бо|бо
бꙑхомъ|бъіхомъ
вѣдѣли|вѣдѣлі
ꙗко|ꙗко
пришьльци|прішьльці
есмъ|есмъ
на|на
ꙁемли•|землі
и|і
имѣли|імѣлі
бꙑхомъ|бъіхомъ
нꙑнѣшьнѧа|нъінѣшьнѧа
тьльна•|тьльна
и|і
мимотекѹшта|мімотекоуща
нꙑ|нъі
потокѹ|потокоу
тъчно•|тъчно
то|то
не|не
бꙑхомъ|бъіхомъ
похотѣвали|похотѣвалі
не|не
нашихъ•|нашіхъ
малолѣтьнъихъ•|малолѣтьнъіхъ
нъ|нъ
желали|желалі
бꙑхомъ•|бъіхомъ
сѫштиихъ|сѫщііхъ
по|по
истинѣ|істінѣ
нашихъ•|нашіхъ
прѣбꙑваѫштиихъ|прѣбъіваѫщііхъ
въ|въ
вѣкъ•|вѣкъ
сирѣчь|сірѣчь
еже|еже
съ|съ
х҃мь|х҃мь
бꙑти•|бъіті
и|і
наслаждати|наслаждаті
сѧ|сѧ
сладости|сладості
его|его
и|і
цр҃ства•|цр҃ства
таковѫѭ|таковѫѭ
любовь|любовь
имѫштеи•|імѫщеі
настоѧштааго|настоѧщааго
вѣка|вѣка
всѧ|всѧ
богатьство|богатьство
рекѫ|рекѫ
и|і
славѫ•|славѫ
и|і
сильство•|сільство
и|і
добротѫ|добротѫ
тѣлесьнѫѭ•|тѣлесьнѫѭ
ꙗко|ꙗко
ѹметꙑ|оуметъі
мнѧть•|мнѧть
и|і
не|не
можеть|можеть
ничимьже|нічімьже
прѣльстити|прѣльстіті
ихъ|іхъ
кнѧꙁь|кнѧзь
вѣка|вѣка
сего•|сего
и|і
оставити|оставіті
отъ|отъ
дх҃вьнꙑ|дх҃вьнъі
любъве•|любъве
ꙗкоже|ꙗкоже
и|і
соломонъ|соломонъ
рече•|рече
въжделаите|въжделаіте
прѣмѫдрости•|прѣмѫдрості
да|да
въ|въ
вѣкъ|вѣкъ
цр҃ьствѹете•|цр҃ьствоуете
въꙁиштѣте|възіщѣте
прѣмѫдрости•|прѣмѫдрості
и|і
исправите|ісправіте
въ|въ
вѣдѣньи|вѣдѣньі
раꙁѹмъ•|разоумъ
и|і
елико|еліко
дрѹгое|дроугое
таково|таково
ѱано|псано
ѥсть•|есть
срамьнꙑихъ|срамьнъііхъ
бо|бо
всѣхъ|всѣхъ
и|і
тѹждиихъ|тоуждііхъ
отърицаеть|отъріцаеть
не|не
похотѣвати•|похотѣваті
ꙗкоже|ꙗкоже
и|і
въ|въ
малѣ|малѣ
некъде•|некъде
по|по
мноꙁѣ|мнозѣ
раꙁньствьи•|разньствьі
междѭ|междѫ
добромь|добромь
и|і
ꙁъломь|зъломь
ѹкаꙁаꙗ|оуказаꙗ
рече•|рече
въꙁьми|възьмі
отъ|отъ
себе|себе
самого|самого
всѧкѫ|всѧкѫ
похоть|похоть
ꙁълѹ•|зълоу
облѣци|облѣці
же|же
сѧ|сѧ
въ|въ
желанье|желанье
благо|благо
и|і
чьстьно•|чьстьно
облачаѧ|облачаѧ
бо|бо
сѧ|сѧ
въ|въ
похоть|похоть
сьѭ•|сьѭ
въꙁненавидиши|възненавідіші
ꙁълѹю|зълоую
похоть•|похоть
и|і
обѹꙁдаеши|обоуздаеші
ꙗкоже|ꙗкоже
хощи•|хощі
сверѣпа|сверѣпа
бо|бо
есть|есть
похоть|похоть
ꙁълаа•|зълаа
и|і
бѣдьнѣ|бѣдьнѣ
ѹкротѣеть•|оукротѣеть
страшьнѣиши|страшьнѣіші
бо|бо
есть•|есть
и|і
ꙁѣло|зѣло
своимь|своімь
сверѣпьемь|сверѣпьемь
погѹбить|погоубіть
чл҃кꙑ•|чл҃къі
вънегда|вънегда
гл҃ати•|гл҃аті
сверѣпа|сверѣпа
есть|есть
похоть|похоть
ꙁълаа•|зълаа
ꙁнаменаеть|знаменаеть
ꙗко|ꙗко
сама|сама
въꙁникъши•|възнікъші
ꙗко|ꙗко
дивьꙗ|дівьꙗ
бꙑль|бъіль
ненадѣланѣ|ненадѣланѣ
нивѣ•|нівѣ
или|ілі
ꙗко|ꙗко
сверѣпо|сверѣпо
животъ•|жівотъ
само|само
о|о
себѣ|себѣ
пасꙑ|пасъі
сѧ•|сѧ
бе-словесьна|бесловесьна
ѹмѣньꙗ•|оумѣньꙗ
ктоже|ктоже
и|і
какова|какова
есть•|есть
нъ|нъ
тъчъѭ|тъчъѭ
ꙁълаꙗ|зълаꙗ
нъ|нъ
и|і
благаа|благаа
похоть•|похоть
въ|въ
порѧдьи|порѧдьі
словомь|словомь
иꙁвѣстѣ|ізвѣстѣ
иꙁложить|ізложіть
сѧ•|сѧ
да|да
ꙗвѣ|ꙗвѣ
ꙗко|ꙗко
ѹващьше|оуващьше
сѧ|сѧ
всѧкоꙗ|всѧкоꙗ
ꙁълꙑ|зълъі
похоти•|похоті
поживемъ|пожівемъ
доброѫ|доброѫ
и|і
чьстьноѫ|чьстьноѫ
похотьѭ•|похотьѭ
тѣмьже|тѣмьже
дрѣво|дрѣво
вѣдѣти|вѣдѣті
раꙁѹмно|разоумно
добро•|добро
и|і
ꙁълѹ|зълоу
приꙗтьно|пріꙗтьно
есть•|есть
еже|еже
чл҃кѹ|чл҃коу
приꙗтивѫ|пріꙗтівѫ
бꙑти•|бъіті
раꙁѹма|разоума
добрѹ|доброу
и|і
ꙁълѹ•|зълоу
раꙁньство|разньство
же|же
ꙗвлѧеть•|ꙗвлѧеть
не|не
да|да
кто|кто
въкѹпѣ|въкоупѣ
ꙁълоѥ|зълое
съ|съ
добрꙑмь|добръімь
творити•|творіті
нъ|нъ
да|да
творѧ|творѧ
доброе|доброе
ѹклонить|оуклоніть
сѧ|сѧ
отъ|отъ
ꙁълаго•|зълаго
по|по
г҃люштѹмѹ•|г҃лющоумоу
ѹклони|оуклоні
сѧ|сѧ
отъ|отъ
ꙁъла|зъла
и|і
твори|творі
добро•|добро
прьвое|прьвое
ꙁаконъ|законъ
повелѣваеть|повелѣваеть
г҃лѧ•|г҃лѧ
не|не
похошти|похощі
елико|еліко
искрьнѧго|іскрьнѧго
твоего|твоего
есть•|есть
ахавъ|ахавъ
же|же
прѣстѫпль|прѣстѫпль
ꙁаповѣдь|заповѣдь
сьѭ•|сьѭ
похотѣ|похотѣ
виноградѹ•|віноградоу
навоттеѡвѹ•|навоттеовоу
и|і
правьдьника|правьдьніка
же|же
ѹбо|оубо
ѹби•|оубі
себе|себе
же|же
и|і
домови|домові
своемѹ|своемоу
нанесе|нанесе
съмръть|съмръть
погꙑбѣль|погъібѣль
вѣчьнѹѭ•|вѣчьноуѭ
похотѣша|похотѣша
же|же
и|і
людье|людье
похотѣниѫ|похотѣніѫ
въ|въ
пѹстꙑни•|поустъіні
тѹ|тоу
ѹди|оуді
ихъ•|іхъ
гл҃еть|гл҃еть
же|же
и|і
притъчьникъ•|прітъчьнікъ
вьсь|вьсь
нетѧжа|нетѧжа
въ|въ
похотехъ|похотехъ
есть•|есть
рѫцѣ|рѫцѣ
же|же
въстанивъихъ|въстанівъіхъ
въ|въ
прилежании•|прілежаніі
и|і
пакꙑ•|пакъі
глѹмленье|глоумленье
похоти|похоті
пралагаеть|пралагаеть
ѹма|оума
неꙁълобивьна•|незълобівьна
и|і
пакꙑ•|пакъі
нечьстивъи|нечьстівъі
вьсь|вьсь
дьнь|дьнь
желаѥть|желаеть
желании|желаніі
ꙁълъ•|зълъ
а|а
праведьнꙑи|праведьнъіі
милѹеть|мілоуеть
и|і
штедрѹеть|щедроуеть
благочьстьнѣ•|благочьстьнѣ
и|і
приводить|пріводіть
да|да
ти|ті
не|не
ѹдолѣеть|оудолѣеть
добротꙑ|добротъі
похоть•|похоть
ни|ні
бѫди|бѫді
ѹловленъ|оуловленъ
твоима|твоіма
вѣждама•|вѣждама
непорочьнъи|непорочьнъі
же|же
иѡвъ•|іовъ
попьравъ|попьравъ
врѣдъ|врѣдъ
похотьнъи|похотьнъі
гл҃еть•|гл҃еть
аште|аще
же|же
и|і
въ|въ
слѣдъ|слѣдъ
ока|ока
моего|моего
иде|іде
ср҃це|ср҃це
мое•|мое
си|сі
ми|мі
дрѧселаа|дрѧселаа
да|да
сълѹчать|сълоучать
сѧ•|сѧ
рече|рече
же|же
и|і
ап҃лъ|ап҃лъ
петръ•|петръ
въꙁлюблении•|възлюбленіі
молю|молю
ꙗко|ꙗко
пришьльцѧ•|прішьльцѧ
и|і
страньнꙑ•|страньнъі
ошаати|ошааті
сѧ|сѧ
плътьскрꙑихъ|плътьскръііхъ
похотии|похотіі
ꙗже|ꙗже
воюѭть|воюѭть
на|на
д҃шѭ•|д҃шѫ
и|і
павлъ•|павлъ
ѹмрьтвите|оумрьтвіте
ѹдъ|оудъ
вашѧ|вашѧ
сѫштаꙗ|сѫщаꙗ
на|на
ꙁемли•|землі
любодѣаниѥ:|любодѣаніе
нечистотѫ•|нечістотѫ
сласть•|сласть
похоть|похоть
ꙁьлю•|зьлю
не|не
приꙁъва|прізъва
бо|бо
насъ|насъ
б҃ъ|б҃ъ
на|на
нечистотѫ|нечістотѫ
нъ|нъ
на|на
свѧтьбѫ•|свѧтьбѫ
да|да
цр҃юеть|цр҃юеть
ѹбо|оубо
грѣхъ|грѣхъ
въ|въ
мрьтвьнѣмь|мрьтвьнѣмь
тѣлѣ|тѣлѣ
нашемь•|нашемь
послѹшати|послоушаті
похотии|похотіі
его•|его
нъ|нъ
облѣцѣмъ|облѣцѣмъ
сѧ|сѧ
гм҃ь|гм҃ь
ис҃у|іс҃у
х҃смь•|х҃смь
и|і
плъти|плъті
ѹгодьꙗ|оугодьꙗ
не|не
творите|творіте
въ|въ
похоти•|похоті
и|і
па҇ⷦ•|пак
въ|въ
нихъже|ніхъже
рече•|рече
вьси|вьсі
мъи|мъі
жихомъ•|жіхомъ
иногда|іногда
въ|въ
похотьхъ|похотьхъ
ср҃ць|ср҃ць
нашихъ•|нашіхъ
творѧштеи|творѧщеі
волѧ|волѧ
плъти•|плъті
и|і
помꙑшленьи|помъішленьі
своихъ•|своіхъ
хотѧи|хотѧі
ѹбо|оубо
иꙁбѣгнѫти•|ізбѣгнѫті
тьлетворивꙑꙗ|тьлетворівъіꙗ
сеꙗ|сеꙗ
похоти•|похоті
въводѧштаꙗ|въводѧщаꙗ
чл҃ка|чл҃ка
въ|въ
дьно|дьно
адово•|адово
страха|страха
г҃нѧ|г҃нѧ
да|да
сътѧжить•|сътѧжіть
страхъ|страхъ
бо|бо
г҃нь|г҃нь
чистъ|чістъ
прѣбꙑваꙗи|прѣбъіваꙗі
въ|въ
вѣкъ|вѣкъ
вѣка•|вѣка
и|і
пакꙑ•|пакъі
пригвоꙁди|прігвозді
страсѣ|страсѣ
твоемь|твоемь
пльть|пльть
моѭ•|моѭ
помꙑшлѧꙗ|помъішлѧꙗ
бо|бо
присно|прісно
ѹмрьтвье•|оумрьтвье
и|і
огнь|огнь
вѣчьнꙑи•|вѣчьнъіі
и|і
чръвь|чръвь
неѹсꙑпаѫштьи•|неоусъіпаѫщьі
и|і
тьмѹ|тьмоу
вѣчьнѹѫ•|вѣчьноуѫ
и|і
плача|плача
и|і
скрьжъта|скрьжъта
ꙁѹбьнаго•|зоубьнаго
и|і
стѹда|стоуда
оного|оного
бѫдѹштааго|бѫдоущааго
на|на
страшьнѣмь|страшьнѣмь
сѫдишти|сѫдіщі
хв҃ѣ•|хв҃ѣ
прѣдъ|прѣдъ
ан҃глꙑ|ан҃глъі
и|і
чл҃кꙑ•|чл҃къі
раꙁдрѹшить|раздроушіть
гладость|гладость
сластьнѫѭ•|сластьнѫѭ
вьсѫ|вьсѫ
же|же
похоть|похоть
своѫ|своѫ
на|на
б҃а|б҃а
прѣложить•|прѣложіть
имѣмъ|імѣмъ
ѹбо|оубо
въꙁлюблении•|възлюбленіі
тѣлесьнъихъ|тѣлесьнъіхъ
и|і
дх҃внъихъ|дх҃внъіхъ
трѹдъ•|троудъ
и|і
похоть|похоть
отъ|отъ
насъ|насъ
отидеть•|отідеть
похоти|похоті
бо|бо
лѣниваго|лѣніваго
ѹбиваѭть•|оубіваѭть
нерачита|нерачіта
бо|бо
рѹцѣ|роуцѣ
его|его
творити|творіті
ничьсоже•|нічьсоже
д҃шелюбивъи|д҃шелюбівъі
же|же
г҃ъ|г҃ъ
рече•|рече
аште|аще
око|око
твоѥ|твое
десное•|десное
съблажнѧеть|съблажнѧеть
сѧ•|сѧ
иꙁьми|ізьмі
и|і
іꙁврьꙁи|ізврьзі
отъ|отъ
себе•|себе
ѹне|оуне
бо|бо
ти|ті
е•|е
да|да
погꙑбнеть|погъібнеть
единъ|едінъ
ѹдъ|оудъ
твоихъ•|твоіхъ
а|а
не|не
все|все
тѣло|тѣло
твое|твое
въврьжено|въврьжено
бѫдеть|бѫдеть
въ|въ
геоньнѫ•|геоньнѫ
еꙗже|еꙗже
иꙁбавити|ізбавіті
нꙑ|нъі
мл҃дѹмѹ|мл҃доумоу
б҃ѹ|б҃оу
нашемѹ•|нашемоу
томѹ|томоу
слава|слава
въ|въ
вѣкꙑ|вѣкъі
вѣкомъ|вѣкомъ
АМИН|амін
о҃д|о҃д
О|о
ПРАВОСѪДЬСТВѢ|правосѫдьствѣ
Хотѧштеи|хотѧщеі
правьдьнѣ|правьдьнѣ
сѫдити•|сѫдіті
прьвоѥ|прьвое
ѹбо|оубо
да|да
просѧть|просѧть
ѹ|оу
б҃а|б҃а
прѣмѹдрости|прѣмоудрості
и|і
раꙁѹма|разоума
по|по
соломонѹ•|соломоноу
се|се
прьво|прьво
и|і
едино|едіно
прошенье|прошенье
моливъша|молівъша
сѧ|сѧ
дати|даті
емѹ•|емоу
и|і
не|не
тъчьѭ|тъчьѭ
приимъша|пріімъша
даръ•|даръ
нъ|нъ
и|і
похвалена|похвалена
б҃мь•|б҃мь
ꙗко|ꙗко
добра|добра
прошьша•|прошьша
потомь|потомь
же|же
и|і
вина|віна
да|да
отърекѹть|отърекоуть
сѧ•|сѧ
рѣшѧ|рѣшѧ
бо|бо
бж҃ьꙗ|бж҃ьꙗ
кънигꙑ|кънігъі
отвръꙁаи|отвръзаі
своꙗ|своꙗ
ѹста|оуста
словесемъ|словесемъ
б҃жьѥмъ•|б҃жьемъ
и|і
сѫди|сѫді
всѧ|всѧ
правѣ•|правѣ
и|і
пакꙑ|пакъі
сильнии|сільніі
гнѣвьливи|гнѣвьліві
сѫть•|сѫть
вина|віна
да|да
не|не
пьѭть|пьѭть
да|да
не|не
ꙁабѫдѹть|забѫдоуть
мѫдрости•|мѫдрості
и|і
правь|правь
сѫдити•|сѫдіті
не|не
въꙁмогѫть•|възмогѫть
немоштьнъимъ•|немощьнъімъ
и|і
егда|егда
кто|кто
раꙁдрѣшити|раздрѣшіті
хоштеть|хощеть
вешть|вещь
съплетенѹ•|съплетеноу
да|да
поиштеть|поіщеть
о|о
неи|неі
прьвое|прьвое
чьто|чьто
б҃ви|б҃ві
годѣ|годѣ
есть•|есть
и|і
обрѧштеть|обрѧщеть
раꙁдрѣшенье|раздрѣшенье
еѧ|еѧ
польꙁьно•|пользьно
прьвꙑи|прьвъіі
ꙁаконъ|законъ
повелѣваеть|повелѣваеть
г҃лѧ•|г҃лѧ
не|не
створите|створіте
неправьдꙑ|неправьдъі
вь|вь
сѫдѣ•|сѫдѣ
и|і
не|не
приложиши|пріложіші
съ|съ
множьствомь|множьствомь
ѹклонити|оуклоніті
сѫда•|сѫда
и|і
ѹбога|оубога
не|не
помилѹеши|помілоуеші
вь|вь
сѫдѣ•|сѫдѣ
и|і
не|не
раꙁвратиши|развратіші
сѫда|сѫда
ѹбогаго•|оубогаго
да|да
не|не
ꙁьриши|зьріші
на|на
лице|ліце
ништаго•|ніщаго
не|не
подиви|подіві
сѧ|сѧ
лицѫ|ліцѫ
сильнаго•|сільнаго
правьдоѭ|правьдоѭ
сѫдиши|сѫдіші
искрьнѫмѹ|іскрьнѫмоу
си•|сі
и|і
сѫдьꙗ|сѫдьꙗ
твоꙗ•|твоꙗ
сѫдъ|сѫдъ
правьденъ|правьденъ
сѫдѧть•|сѫдѧть
и|і
да|да
не|не
поꙁнаѭть|познаѭть
лица•|ліца
и|і
мьꙁдꙑ|мьздъі
да|да
не|не
въꙁьмѹть•|възьмоуть
мьꙁда|мьзда
бо•|бо
иꙁемлеть|іземлеть
словеса|словеса
праведникъ•|праведнікъ
и|і
иеремиꙗ•|іереміꙗ
створите|створіте
г҃лѧ|г҃лѧ
сѫдьбѫ|сѫдьбѫ
и|і
правьдѹ•|правьдоу
и|і
иꙁемлѣте|іземлѣте
расхꙑштенаго•|расхъіщенаго
иꙁ-д-рѹкꙑ|іздроукъі
обидѧштаго•|обідѧщаго
инъ|інъ
же•|же
и|і
иже|іже
праведьна|праведьна
сѫдѧть|сѫдѧть
неправедьнаго•|неправедьнаго
мрьꙁъка|мрьзъка
отъ|отъ
г҃а|г҃а
оба•|оба
а|а
иштѧи|іщѧі
г҃а•|г҃а
обрѧштеть|обрѧщеть
съ|съ
правьдоѫ•|правьдоѫ
и|і
пакꙑ•|пакъі
ср҃це|ср҃це
мѫжѫ•|мѫжѫ
да|да
мꙑслить|мъісліть
праведьнаа•|праведьнаа
да|да
отъ|отъ
б҃а|б҃а
исправѧть|ісправѧть
сѧ|сѧ
стопꙑ|стопъі
его•|его
и|і
притъчьникъ•|прітъчьнікъ
ѹмѣеть|оумѣеть
праведьникъ|праведьнікъ
сѫдити|сѫдіті
ѹбогꙑимъ•|оубогъіімъ
а|а
нечьстивъи|нечьстівъі
не|не
раꙁѹмѣеть|разоумѣеть
раꙁѹма•|разоума
и|і
пакꙑ•|пакъі
мѫжь|мѫжь
мѫдръ•|мѫдръ
исправлѧꙗ|ісправлѧꙗ
ходить•|ходіть
и|і
начатъкъ|начатъкъ
пѫти•|пѫті
благѹ|благоу
творити|творіті
правьдьное•|правьдьное
и|і
иѡвъ•|іовъ
въ|въ
правьдѹ|правьдоу
рече|рече
одѣваахъ|одѣваахъ
сѧ•|сѧ
облѣкохъ|облѣкохъ
же|же
сѧ|сѧ
въ|въ
сѫдъ•|сѫдъ
равьно|равьно
риꙁѣ•|різѣ
и|і
па҇ⷦ•|пак
ѹклони|оуклоні
сѧ|сѧ
нога|нога
моꙗ|моꙗ
отъ|отъ
пѫти•|пѫті
аште|аще
же|же
и|і
ѹꙁълихъ|оузъліхъ
сѹдъ|соудъ
слѹгꙑ|слоугъі
моего•|моего
и|і
си|сі
ѹбо|оубо
о|о
правосѫдьствѣ•|правосѫдьствѣ
добро|добро
же|же
помѧнѹти|помѧноуті
и|і
ап҃лское|ап҃лское
слово|слово
гл҃штее•|гл҃щее
съмѣеть|съмѣеть
ли|лі
кто|кто
отъ|отъ
васъ|васъ
вешть|вещь
имꙑ|імъі
съ|съ
дрѹгомь•|дроугомь
сѫдъ|сѫдъ
приꙗти|пріꙗті
отъ|отъ
неправедьнъихъ•|неправедьнъіхъ
а|а
не|не
отъ|отъ
ст҃ꙑхъ•|ст҃ъіхъ
и|і
прирече•|прірече
се|се
ѹбо|оубо
отънѫдь|отънѫдь
срамъ|срамъ
вамъ|вамъ
есть•|есть
ꙗко|ꙗко
тѧжѫ|тѧжѫ
имате|імате
съ|съ
собоѭ•|собоѭ
почъто|почъто
ѹбо|оубо
не|не
паче|паче
обидими|обідімі
есте•|есте
почъто|почъто
ѹбо|оубо
не|не
паче|паче
лишими|лішімі
бꙑваете•|бъіваете
нъ|нъ
вꙑ|въі
обидите|обідіте
и|і
лишаете•|лішаете
и|і
се|се
братьѭ•|братьѭ
или|ілі
не|не
вѣсте•|вѣсте
ꙗко|ꙗко
неправедьнии|неправедьніі
црс҃тва|црс҃тва
бж҃ьꙗ|бж҃ьꙗ
не|не
наслѣдѧть•|наслѣдѧть
никтоже|ніктоже
да|да
не|не
мнить•|мніть
единѣмъ|едінѣмъ
тъчъѭ|тъчъѭ
обьштиимъ|обьщіімъ
вештемъ|вещемъ
сѫштиимъ•|сѫщіімъ
ключати|ключаті
сѧ|сѧ
о|о
правьдьнѣмь|правьдьнѣмь
сѫдѣ|сѫдѣ
ꙁаконѹ•|законоу
и|і
въꙁнакъ|възнакъ
лежѧ|лежѧ
да|да
храплеть|храплеть
бес|бес
плечали•|плечалі
вьсѣмъ|вьсѣмъ
бо|бо
равьно|равьно
животворѧштъи|жівотворѧщъі
д҃хъ•|д҃хъ
повелѣваеть|повелѣваеть
ꙁаповѣдь|заповѣдь
сьѫ•|сьѫ
рече|рече
бо|бо
дв҃дъ•|дв҃дъ
дх҃омь|дх҃омь
накажѣте|накажѣте
сѧ|сѧ
вьси|вьсі
сѫдѧштии|сѫдѧщіі
ꙁемли•|землі
работаите|работаіте
г҃ю|г҃ю
съ|съ
страхомь•|страхомь
и|і
радѹите|радоуіте
сѧ|сѧ
емѹ|емоу
съ|съ
трепетомь•|трепетомь
всѧкъ|всѧкъ
чл҃къ|чл҃къ
приимѣте|пріімѣте
накаꙁанье•|наказанье
еда|еда
къгда|къгда
раꙁгнѣваеть|разгнѣваеть
сѧ|сѧ
г҃ъ•|г҃ъ
и|і
погꙑбнеть|погъібнеть
отъ|отъ
пѫти|пѫті
праведнаго•|праведнаго
и|і
пакꙑ•|пакъі
блажени|блажені
хранѧштеи|хранѧщеі
сѫдъ•|сѫдъ
и|і
творѧштеи|творѧщеі
правьдѹ|правьдоу
въ|въ
всѧко|всѧко
врѣмѧ•|врѣмѧ
и|і
аште|аще
въ|въ
истинѹ|істіноу
ѹбо|оубо
правьдѹ|правьдоу
гл҃ете•|гл҃ете
право|право
сѫдите|сѫдіте
сн҃ове|сн҃ове
чл҃чи•|чл҃чі
аште|аще
въ|въ
истинѹ|істіноу
ѹбо|оубо
а|а
не|не
въ|въ
лъжѫ•|лъжѫ
ни|ні
по|по
лицемѣрьѭ•|ліцемѣрьѭ
чесомѹ|чесомоу
ѹбо|оубо
есть|есть
мнѣ|мнѣ
рече•|рече
не|не
приимьшѹ|пріімьшоу
сѫдиискꙑꙗ|сѫдііскъіꙗ
власти|власті
повелѣнье|повелѣнье
се•|се
аꙁъ|азъ
ти|ті
рекѹ•|рекоу
б҃ъ|б҃ъ
съꙁьдавъи|съзьдавъі
чл҃ка•|чл҃ка
самовластьна|самовластьна
и|і
створи•|створі
приимъна|пріімъна
прилогъ|прілогъ
добрꙑнѧ•|добръінѧ
и|і
ꙁълобꙑ•|зълобъі
насажденье|насажденье
многа|многа
чѫвьствьꙗ•|чѫвьствьꙗ
ꙗко|ꙗко
въ|въ
малѣ|малѣ
етерѣ|етерѣ
мѣстѣлици•|мѣстѣліці
слѹжителъ|слоужітелъ
чинъ|чінъ
съврьшаѫшта•|съврьшаѫща
посаждаеть|посаждаеть
въ|въ
нихъ|ніхъ
ꙗко|ꙗко
цр҃ѧ|цр҃ѧ
блага|блага
и|і
праведьна•|праведьна
влчнѧго|влчнѧго
ѹма•|оума
сѫдима|сѫдіма
ѹбо|оубо
есть|есть
тобоѭ•|тобоѭ
добръ|добръ
и|і
ꙁълъ•|зълъ
сирѣчь|сірѣчь
цѣломѹдрье•|цѣломоудрье
и|і
нечистота•|нечістота
ласкрьдье•|ласкрьдье
и|і
поштенье•|пощенье
ꙗрость•|ꙗрость
и|і
кротость•|кротость
величаньѥ•|велічанье
и|і
съмѣреньѥ•|съмѣренье
и|і
отънѫдь|отънѫдь
всѧка|всѧка
добра|добра
дѣтель•|дѣтель
тѧжѫ|тѧжѫ
имать|імать
съ|съ
ꙁълобоѫ•|зълобоѫ
аште|аще
ѹбо|оубо
ѹмъ|оумъ
осѫдить|осѫдіть
ꙁълобѹ•|зълобоу
а|а
оправьдить|оправьдіть
добрѹ|доброу
дѣтель•|дѣтель
то|то
правѣ|правѣ
сѫдилъ|сѫділъ
есть•|есть
и|і
съхранилъ|съхранілъ
сѫдъ|сѫдъ
и|і
правьдѹ•|правьдоу
аште|аще
ли|лі
отъ|отъ
многа|многа
питьꙗ|пітьꙗ
ꙁабѫдеть|забѫдеть
сѧ•|сѧ
то|то
падеть|падеть
отъ|отъ
правьдꙑ|правьдъі
ꙗко|ꙗко
ихоꙁиꙗ•|іхозіꙗ
и|і
боленъ|боленъ
бѫдеть|бѫдеть
ꙗꙁеѫ|ꙗзеѫ
съмрьтьноѭ•|съмрьтьноѭ
сирѣчь|сірѣчь
погѹбить|погоубіть
расмотренье•|расмотренье
и|і
дасть|дасть
побѣждаѭшт¬ии|побѣждаѭщіі
съсѫдъ|съсѫдъ
ꙁълобѣ•|зълобѣ
и|і
ѹмьреть|оумьреть
вѣчьноѫ|вѣчьноѫ
съмрьтиѫ•|съмрьтіѫ
симь|сімь
же|же
съвѣдѣтельствѹе|съвѣдѣтельствоуе
и|і
г҃ь|г҃ь
г҃лѧ•|г҃лѧ
чъто|чъто
же|же
и|і
сами|самі
о|о
себѣ|себѣ
не|не
сѫдите|сѫдіте
правьдꙑ•|правьдъі
ѥгда|егда
бо|бо
грѧдеши|грѧдеші
съ|съ
сѫпьремь|сѫпьремь
своимь|своімь
на|на
пѫти•|пѫті
даждь|даждь
дѣланье|дѣланье
иꙁбꙑти|ізбъіті
отъ|отъ
него•|него
да|да
не|не
привлѣчеть|прівлѣчеть
тебѣ|тебѣ
къ|къ
сѫдии•|сѫдіі
и|і
сѫди|сѫді
тѧ|тѧ
прѣдасть|прѣдасть
практорѹ•|практороу
и|і
практоръ|практоръ
въсадить|въсадіть
тѧ|тѧ
въ|въ
темницѫ•|темніцѫ
аминъ|амінъ
г҃лѫ|г҃лѫ
тебѣ•|тебѣ
не|не
иꙁидеши|ізідеші
отътѹдѹ•|отътоудоу
дон͗деже|дондеже
въꙁдаси|въздасі
послѣдьнии|послѣдьніі
кодрантъ•|кодрантъ
томѹ|томоу
слава|слава
единомѹ|едіномоу
чл҃клцѫ|чл҃клцѫ
и|і
праведнѭ|праведнѭ
сѫдии•|сѫдіі
въ|въ
вѣкꙑ|вѣкъі
вѣкомъ|вѣкомъ
АМИН|амін
о҃е|о҃е
Ꙍ|о
ПРАВЬДЬНѢ|правьдьнѣ
МѢРЕНИИ:|мѣреніі
Всѧ|всѧ
праведьнаа|праведьнаа
б҃ви•|б҃ві
люба|люба
сѫть|сѫть
и|і
благогодьна•|благогодьна
ꙗкоже|ꙗкоже
бо|бо
праведьнъ|праведьнъ
и|і
сѫдъ•|сѫдъ
тако|тако
и|і
правьдьное|правьдьное
мѣренье|мѣренье
любить|любіть
б҃ъ•|б҃ъ
правьденъ|правьденъ
бо|бо
сꙑ•|съі
промꙑшлѧеть|промъішлѧеть
праведникѹ•|праведнікоу
въ|въ
истинѫ|істінѫ
же|же
и|і
правьномѣреньѭ•|правьномѣреньѭ
неподобно|неподобно
есть•|есть
и|і
в͗сѧкоꙗ|всѧкоꙗ
неправьдꙑ•|неправьдъі
пѹште|поуще
сѹгѹбѣ|соугоубѣ
мѣрѣ|мѣрѣ
имѣти•|імѣті
малѹ|малоу
и|і
великѫ•|велікѫ
тѣмьже|тѣмьже
и|і
пр҃къ|пр҃къ
амосъ•|амосъ
негодѹꙗ|негодоуꙗ
ослѹшивъихъ|ослоушівъіхъ
лютѣ|лютѣ
рече•|рече
желаѭштѹмѹ|желаѭщоумоу
дьни|дьні
г҃нѧ•|г҃нѧ
и|і
тъ|тъ
есть|есть
тьма•|тьма
сътворити|сътворіті
малѹ|малоу
мѣрѹ|мѣроу
и|і
мѣрило|мѣріло
неправедно•|неправедно
тажде|тажде
и|і
михеа•|міхеа
аште|аще
оправьдѧть|оправьдѧть
сѧ|сѧ
г҃лѧ•|г҃лѧ
въ|въ
мѣрилѣ|мѣрілѣ
беꙁаконнѣ•|безаконнѣ
и|і
въ|въ
врѣтишти|врѣтіщі
ставила|ставіла
лестьна•|лестьна
си|сі
ѱал͗мопѣвьць•|псалмопѣвьць
лъжїви|лъжіві
бо|бо
рече|рече
сн҃ве|сн҃ве
чл҃чи•|чл҃чі
въ|въ
мѣрилѣхъ|мѣрілѣхъ
не|не
оправьдити•|оправьдіті
и|і
покаꙁаꙗ|показаꙗ
ѧко|ѧко
лихоимьства|ліхоімьства
есть|есть
недѹгъ•|недоугъ
и|і
приносить•|пріносіть
ти|ті
отъ|отъ
сѫетꙑ|сѫетъі
въкѹпѣ|въкоупѣ
не|не
ѹпъваите|оупъваіте
на|на
неправьдѹ•|неправьдоу
и|і
на|на
въсхꙑштеньѥ|въсхъіщенье
не|не
желаите•|желаіте
богатьство|богатьство
аште|аще
мимотѣкаеть•|мімотѣкаеть
не|не
прилагаите|прілагаіте
ср҃ца•|ср҃ца
и|і
ꙁаконъ|законъ
повелѣваеть|повелѣваеть
г҃лѧ•|г҃лѧ
въ|въ
мѣрахъ|мѣрахъ
и|і
въ|въ
ставилѣхъ•|ставілѣхъ
и|і
въ|въ
мѣрилѣхъ|мѣрілѣхъ
праведьнаа|праведьнаа
да|да
бѫдѹть|бѫдоуть
вамъ•|вамъ
и|і
пакꙑ•|пакъі
не|не
прилагаи|прілагаі
рече|рече
прѣдѣлъ|прѣдѣлъ
ꙗже|ꙗже
положишѧ|положішѧ
оц҃и|оц҃і
твои•|твоі
пр҃къ|пр҃къ
же|же
софониꙗ•|софоніꙗ
сѫдъ|сѫдъ
дѣлаите•|дѣлаіте
и|і
правъдꙑ|правъдъі
иштѣте•|іщѣте
да|да
покръвени|покръвені
бѫдете|бѫдете
въ|въ
дьнь|дьнь
гнѣва|гнѣва
г҃нѧ•|г҃нѧ
такожде|такожде
же|же
иѥꙁекиль•|іезекіль
сѫдъ|сѫдъ
и|і
правьдѹ|правьдоу
створите|створіте
г҃лѧ•|г҃лѧ
мѣрило|мѣріло
праведно•|праведно
и|і
мѣрила|мѣріла
праведна•|праведна
и|і
хуниѯъ•|хуніѯъ
праведьно|праведьно
да|да
бѫдеть|бѫдеть
вамъ•|вамъ
притъчьникъ|прітъчьнікъ
же•|же
мѣрила|мѣріла
лестьна|лестьна
мрьꙁость|мрьзость
прѣдъ|прѣдъ
г҃мь•|г҃мь
мѣрило|мѣріло
же|же
праведьно|праведьно
приꙗто|пріꙗто
имь•|імь
и|і
пакꙑ•|пакъі
ставило|ставіло
велико|веліко
и|і
мало•|мало
и|і
мѣрꙑ|мѣръі
сѫгѹбꙑ•|сѫгоубъі
нечисто|нечісто
ѥсть|есть
прѣдъ|прѣдъ
г҃мь|г҃мь
и|і
обоѥ•|обое
и|і
творѧи|творѧі
та•|та
въ|въ
животѣ|жівотѣ
своемь|своемь
съблаꙁнить|съблазніть
сѧ•|сѧ
обаче|обаче
мнима|мніма
сѫть|сѫть
си•|сі
многъими|многъімі
ничесомѹже|нічесомоуже
достоина|достоіна
сѫшта•|сѫща
нъ|нъ
ничъсоже|нічъсоже
спꙑти|спъіті
нашѫть•|нашѫть
б҃годъхновенꙑꙗ|б҃годъхновенъіꙗ
книгꙑ|кнігъі
бесѣдѹѫть•|бесѣдоуѫть
все|все
же|же
на|на
сп҃сенье|сп҃сенье
наше•|наше
и|і
жиꙁнь|жізнь
вѣчьнѫѭ•|вѣчьнѫѭ
прѣс҃тꙑ|прѣс҃тъі
ѹꙁаконилъ|оузаконілъ
есть|есть
д҃хъ•|д҃хъ
хранимъ|хранімъ
сѧ|сѧ
ѹбо|оубо
въꙁлюблении•|възлюбленіі
страсти|страсті
лихоимьства•|ліхоімьства
въторꙑꙗ|въторъіꙗ
идололатриꙗ•|ідололатріꙗ
семѹ|семоу
бо|бо
кажеми|кажемі
ѥсмъ|есмъ
равьномѣрениимь•|равьномѣреніімь
ꙗкоже|ꙗкоже
и|і
г҃ь|г҃ь
нашь|нашь
і҃у|і҃у
х҃ъ|х҃ъ
въ|въ
евангельи|евангельі
повелѣваѥть|повелѣваеть
г҃лѧ•|г҃лѧ
даите|даіте
и|і
дасть|дасть
сѧ|сѧ
вамъ•|вамъ
мѣрѹ|мѣроу
добрѹ|доброу
натъканѫ|натъканѫ
дадѧть|дадѧть
на|на
лоно|лоно
ваше•|ваше
тоѭ|тоѭ
мѣроѭ|мѣроѭ
еѫже|еѫже
мѣрите•|мѣріте
въꙁмѣрить|възмѣріть
сѧ|сѧ
вамъ|вамъ
томѹ|томоу
слава|слава
въ|въ
вѣкꙑ|вѣкъі
вѣкомъ|вѣкомъ
АМИН|амін
о҃ꙅ|о҃з
Ꙍ|о
ПОКААНИИ|покааніі
Коль|коль
сладъко|сладъко
есть|есть
браⷮ҇е|брате
моꙗ|моꙗ
покаанье•|покаанье
ничьтоже|нічьтоже
ино|іно
нъ|нъ
корень|корень
животѹ•|жівотоу
паче|паче
же|же
ꙗко|ꙗко
и|і
сладькъї|сладькъі
нашь•|нашь
неꙁълобивъи|незълобівъі
единъ|едінъ
благъ•|благъ
щедръи|щедръі
чл҃ць•|чл҃ць
д҃шелюбьць•|д҃шелюбьць
нищелюбьць•|ніщелюбьць
строитель|строітель
сп҃ньѭ|сп҃ньѭ
нашемѹ•|нашемоу
присно|прісно
жадаеть|жадаеть
покааньꙗ|покааньꙗ
нашего•|нашего
веселить|веселіть
бо|бо
сѧ|сѧ
о|о
сльꙁахъ|сльзахъ
каѭщиихъ|каѭщііхъ
сѧ•|сѧ
радѹеть|радоуеть
сѧ|сѧ
о|о
исповѣдании|ісповѣданіі
нашемь•|нашемь
веселить|веселіть
сѧ|сѧ
о|о
съмѣренѣмь|съмѣренѣмь
и|і
скрѹшенѣмь|скроушенѣмь
ср҃ци•|ср҃ці
и|і
съ|съ
многомь|многомь
трьпѣньѥмь|трьпѣньемь
пожидаѥть|пожідаеть
обращениꙗ|обращеніꙗ
нашего•|нашего
и|і
не|не
прѣстаеть|прѣстаеть
до|до
послѣдьнѧго|послѣдьнѧго
въꙁдꙑханьꙗ|въздъіханьꙗ
нашего•|нашего
молѧ|молѧ
и|і
бѣдѧ|бѣдѧ
ѥдиного|едіного
къгождо|къгождо
насъ•|насъ
отъ|отъ
многъихъ|многъіхъ
ꙁълъ•|зълъ
и|і
непрьꙗꙁнинъ|непрьꙗзнінъ
дѣлъ|дѣлъ
къ|къ
немѹ|немоу
обращати|обращаті
сѧ•|сѧ
ꙗкоже|ꙗкоже
въпьеть|въпьеть
пр҃комь|пр҃комь
г҃лѧ•|г҃лѧ
по|по
сихъ|сіхъ
всѣхъ|всѣхъ
къ|къ
мнѣ|мнѣ
въꙁвратите|възвратіте
сѧ•|сѧ
и|і
ѥще|еще
далече|далече
сѫштемъ|сѫщемъ
намъ|намъ
притечеть|прітечеть
и|і
обьметь|обьметь
и|і
облобꙑꙁаѥть•|облобъізаеть
опещренѫѭ|опещренѫѭ
и|і
гнꙋсивѫѭ|гноусівѫѭ
и|і
скврьнивѫѭ|скврьнівѫѭ
нашѫ|нашѫ
вꙑѭ•|въіѭ
и|і
не|не
поносить|поносіть
о|о
прьвъихъ|прьвъіхъ
нашихъ|нашіхъ
грѣсѣхъ•|грѣсѣхъ
нъ|нъ
обѣштаваѥть|обѣщаваеть
грѧдѹщаа|грѧдоущаа
и|і
благаа|благаа
и|і
вѣчьнаа•|вѣчьнаа
и|і
ꙗко|ꙗко
прѣблагъи•|прѣблагъі
не|не
тъⷦмо|тъкмо
отъдаѥть|отъдаеть
прѣгрѣшениꙗ|прѣгрѣшеніꙗ
нашѧ•|нашѧ
нъ|нъ
и|і
обрѫченьѥ|обрѫченье
жиꙁни|жізні
подаеть•|подаеть
благодѣть|благодѣть
ст҃го|ст҃го
и|і
животворѧштаго|жівотворѧщаго
д҃ха•|д҃ха
и|і
прьвоѥ|прьвое
одѣньѥ|одѣнье
неистьлѣньꙗ•|неістьлѣньꙗ
ѥже|еже
приꙗхомъ|пріꙗхомъ
въ|въ
с҃тоѥ|с҃тое
крьштеньѥ•|крьщенье
и|і
съвлѣкохомъ|съвлѣкохомъ
сѧ|сѧ
грѣхъ•|грѣхъ
абье|абье
свободьно|свободьно
намъ|намъ
покаѭштемъ|покаѭщемъ
сѧ•|сѧ
и|і
всѣмь|всѣмь
ср҃цмь|ср҃цмь
обраштаѭштемъ|обращаѭщемъ
сѧ|сѧ
къ|къ
немѹ•|немоу
подасть|подасть
намъ•|намъ
и|і
праꙁдьнѹеть•|праздьноуеть
и|і
приꙁꙑваѥ|прізъівае
дрѹгꙑ|дроугъі
своꙗ|своꙗ
ст҃ꙑꙗ|ст҃ъіꙗ
силꙑ•|сілъі
покаꙁаꙗ|показаꙗ
имъ|імъ
драгмѫ|драгмѫ
ѭже|ѭже
обрѣте•|обрѣте
сирѣчъ|сірѣчъ
обраꙁъ|образъ
цр҇ⷭкꙑи•|црскъіі
и|і
на|на
рамѣ|рамѣ
носѧ|носѧ
блѹдѧщѹѭ|блоудѧщоуѭ
овьцѫ•|овьцѫ
въꙁнесе|възнесе
къ|къ
своемѹ|своемоу
оц҃ѫ•|оц҃ѫ
идеже|ідеже
веселѧщемъ|веселѧщемъ
сѧ|сѧ
жилище|жіліще
всѣмъ•|всѣмъ
и|і
д҃шѹ|д҃шоу
своѫ|своѫ
полагаеть|полагаеть
ꙁа|за
погꙑбъшаꙗ•|погъібъшаꙗ
и|і
множицеѫ|множіцеѫ
и|і
спꙑти|спъіті
раꙁдраждаѭщемъ|раздраждаѭщемъ
намъ|намъ
прѣстраждеть•|прѣстраждеть
и|і
многотрьпить•|многотрьпіть
имѫште|імѫще
ѹбо|оубо
братье•|братье
такого|такого
мл҃да|мл҃да
и|і
блага|блага
влⷣкѹ•|влдкоу
да|да
не|не
лѣнимъ|лѣнімъ
сѧ|сѧ
обраштати|обращаті
сѧ|сѧ
скоро|скоро
къ|къ
немѹ•|немоу
ниже|ніже
въложимъ|въложімъ
сѧ|сѧ
въ|въ
нечаанье•|нечаанье
ꙁа|за
многꙑꙗ|многъіꙗ
и|і
бечисльнꙑꙗ|бечісльнъіꙗ
нашѧ|нашѧ
грѣхꙑ•|грѣхъі
та|та
бо|бо
есть|есть
радость|радость
съврьшена|съврьшена
дьꙗволѹ•|дьꙗволоу
тъ|тъ
есть|есть
грѣхъ|грѣхъ
иже|іже
къ|къ
сьмрьти•|сьмрьті
да|да
пристѹпимъ|прістоупімъ
къ|къ
покааньѫ•|покааньѫ
и|і
то|то
молить|моліть
сѧ|сѧ
ꙁа|за
нꙑ|нъі
къ|къ
б҃ѹ•|б҃оу
да|да
въпиемъ|въпіемъ
и|і
мꙑ|мъі
съ|съ
пророкомь|пророкомь
иеремиемь•|іереміемь
ꙗко|ꙗко
грѣси|грѣсі
наши|наші
противиша|протівіша
сѧ|сѧ
намъ•|намъ
ꙗко|ꙗко
многа|многа
беꙁаконьꙗ|безаконьꙗ
нашѧ|нашѧ
прѣдъ|прѣдъ
тобоѫ|тобоѫ
г҃и•|г҃і
створи|створі
съ|съ
нами|намі
имени|імені
твоего|твоего
ради•|раді
и|і
тꙑ|тъі
въ|въ
насъ|насъ
г҃и•|г҃і
и|і
имѧ|імѧ
твое|твое
нарицаеть|наріцаеть
сѧ|сѧ
въ|въ
насъ•|насъ
и|і
съ|съ
михеѥмь•|міхеемь
гнѣвъ|гнѣвъ
г҃нь|г҃нь
прѣтръплѫ•|прѣтръплѫ
ꙗко|ꙗко
съгрѣшихъ|съгрѣшіхъ
ѥмѹ•|емоу
и|і
съ|съ
дв҃дмь•|дв҃дмь
беꙁаконьѥ|безаконье
моѥ|мое
поꙁнахъ•|познахъ
и|і
грѣха|грѣха
моего|моего
не|не
покрꙑхъ•|покръіхъ
нъ|нъ
исповѣмь|ісповѣмь
на|на
мѧ|мѧ
беꙁаконенье|безаконенье
мое|мое
г҃ви•|г҃ві
и|і
тъ|тъ
отъдасть|отъдасть
нечьсть|нечьсть
ср҃ца|ср҃ца
моѥго•|моего
тꙑ|тъі
бо|бо
рече|рече
г҃и•|г҃і
рьци|рьці
тꙑ|тъі
прѣжде|прѣжде
беꙁаконениꙗ|безаконеніꙗ
своꙗ|своꙗ
да|да
оправьдиши|оправьдіші
сѧ•|сѧ
въ|въ
пѫчинѣ|пѫчінѣ
мл҇ⷭдⷬьꙗ|млсдрьꙗ
твоѥго•|твоего
приношѫ|пріношѫ
ти|ті
отъ|отъ
ѹстъ•|оустъ
и|і
ѹстенъ|оустенъ
нечистъ•|нечістъ
помѧни|помѧні
г҃и|г҃і
ꙗко|ꙗко
имѧ|імѧ
твое|твое
ст҃оѥ|ст҃ое
нарицаѥть|наріцаеть
сѧ|сѧ
на|на
мнѣ|мнѣ
грѣшьницѣ•|грѣшьніцѣ
ꙗко|ꙗко
искѹпи|іскоупі
мѧ|мѧ
чьстьноѫ|чьстьноѫ
кръвьѭ|кръвьѭ
своѥѭ•|своеѭ
ꙗко|ꙗко
ꙁнамена|знамена
мѧ|мѧ
обрѹченьѥмь|оброученьемь
ст҃го|ст҃го
твоѥго|твоего
въꙁведи|възведі
мѧ|мѧ
лежаштѧ|лежащѧ
ꙗко|ꙗко
левьгитѫ|левьгітѫ
и|і
мꙑтарѧ•|мъітарѧ
и|і
оживи|ожіві
мѧ|мѧ
ѹмрьштвена|оумрьщвена
многꙑими|многъіімі
грѣхꙑ•|грѣхъі
ꙗко|ꙗко
с҃на|с҃на
въдовица•|въдовіца
вѣдѣ|вѣдѣ
бо|бо
благъи•|благъі
ꙗко|ꙗко
тебе|тебе
ѥдиномѹ|едіномоу
съгрѣшихъ•|съгрѣшіхъ
и|і
ꙁълоѥ|зълое
прѣдъ|прѣдъ
тобоѭ|тобоѭ
створихъ•|створіхъ
тꙑ|тъі
рече|рече
вл҇ⷪк•|влок
рьци|рьці
тꙑ|тъі
прѣжде|прѣжде
беꙁаконениꙗ|безаконеніꙗ
своꙗ|своꙗ
да|да
оправьдиши|оправьдіші
сѧ•|сѧ
исаиꙗ|ісаіꙗ
же|же
скрьбѧ|скрьбѧ
о|о
жестосрьдьнꙑихъ•|жестосрьдьнъііхъ
и|і
непокааннъихъ|непокааннъіхъ
гл҃еть•|гл҃еть
ѥда|еда
не|не
можеть|можеть
г҃ь|г҃ь
сп҃сти•|сп҃сті
нъ|нъ
ꙁа|за
грѣхꙑ|грѣхъі
нашѧ|нашѧ
отъврати|отъвраті
лице|ліце
своѥ|свое
отъ|отъ
насъ•|насъ
ꙗко|ꙗко
никтоже|ніктоже
не|не
гл҃еть|гл҃еть
правъдꙑ•|правъдъі
ниже|ніже
ѥсть|есть
сѫда|сѫда
истинна•|істінна
и|і
дрѹгꙑи|дроугъіі
рече•|рече
съгрѣшилъ|съгрѣшілъ
еси•|есі
не|не
приложи|пріложі
к|к
томѹ•|томоу
и|і
рече•|рече
ꙗко|ꙗко
отъ|отъ
лица|ліца
ꙁмиина•|змііна
бѣжи|бѣжі
отъ|отъ
грѣха•|грѣха
прѣмѹдръ|прѣмоудръ
бо|бо
ѹбоꙗвъ|оубоꙗвъ
сѧ|сѧ
ѹклонить|оуклоніть
сѧ|сѧ
отъ|отъ
ꙁъла•|зъла
рече|рече
же|же
и|і
иѡвъ•|іовъ
аште|аще
и|і
съгрѣшихъ|съгрѣшіхъ
волеѭ•|волеѭ
не|не
съкрꙑхъ|съкръіхъ
грѣха|грѣха
своѥго•|своего
не|не
посрамихъ|посраміхъ
бо|бо
сѧ|сѧ
млъвꙑ|млъвъі
многꙑ|многъі
въ|въ
градѣ•|градѣ
не|не
исповѣдати|ісповѣдаті
сѧ|сѧ
прѣдъ|прѣдъ
ними|німі
беꙁаконении|безаконеніі
моихъ•|моіхъ
и|і
въ|въ
дѣаниихъ|дѣанііхъ
петръ|петръ
народѹ|народоу
покаите|покаіте
сѧ|сѧ
ѹбо•|оубо
и|і
обратите|обратіте
сѧ•|сѧ
да|да
оцѣстите|оцѣстіте
сѧ|сѧ
отъ|отъ
грѣхъ•|грѣхъ
ꙗко|ꙗко
да|да
придѹть|прідоуть
врѣмена|врѣмена
отъдꙑханиꙗ:|отъдъіханіꙗ
и|і
мꙑ|мъі
братье|братье
ꙗкоже|ꙗкоже
прѣжде|прѣжде
рѣхомъ•|рѣхомъ
иꙁ|із
вьсего|вьсего
сц҇ⷬа|сцра
покаимъ|покаімъ
сѧ|сѧ
отъ|отъ
ꙁълъ•|зълъ
ꙗже|ꙗже
створихомъ•|створіхомъ
въꙁвраштаѭште|възвращаѭще
сѧ|сѧ
къ|къ
б҃ѹ|б҃оу
и|і
гл҃ште•|гл҃ще
съгрѣшимъ|съгрѣшімъ
оцѣсти•|оцѣсті
беꙁаконьновахомъ|безаконьновахомъ
ослаби•|ослабі
прѣтъкнѹхомъ|прѣтъкноухомъ
сѧ|сѧ
попрѣмѣни•|попрѣмѣні
ꙗко|ꙗко
и|і
блюдьницѹ|блюдьніцоу
очисти•|очісті
и|і
ꙗко|ꙗко
мꙑтника|мъітніка
оправьди•|оправьді
да|да
придеть|прідеть
на|на
мѧ|мѧ
милость|мілость
твоꙗ•|твоꙗ
да|да
въсканеть|въсканеть
на|на
мѧ|мѧ
чл҃бье|чл҃бье
твое•|твое
и|і
не|не
ослаби|ослабі
ми|мі
проданѫ|проданѫ
бꙑти|бъіті
грѣхꙑ|грѣхъі
моими•|моімі
ни|ні
ѹсънѫти|оусънѫті
и|і
ѹмрѣти|оумрѣті
горькѫѭ|горькѫѭ
грѣховьноѭ|грѣховьноѭ
съмрьтьѭ•|съмрьтьѭ
нъ|нъ
искѫпи|іскѫпі
мѧ|мѧ
отъ|отъ
настоꙗштааго|настоꙗщааго
вѣка|вѣка
ꙁъла•|зъла
даждь|даждь
ми|мі
врѣмѧ|врѣмѧ
покааньѭ•|покааньѭ
мѣсто|мѣсто
вѣштаньѭ•|вѣщаньѭ
ꙗко|ꙗко
нѣсть|нѣсть
мира|міра
въ|въ
костехъ|костехъ
моихъ•|моіхъ
отъ|отъ
лица|ліца
грѣхъ|грѣхъ
ꙗко|ꙗко
беꙁаконьꙗ|безаконьꙗ
моꙗ|моꙗ
прѣвъꙁидѹ|прѣвъзідоу
главѹ|главоу
моѭ•|моѭ
и|і
ꙗко|ꙗко
брѣмѧ|брѣмѧ
тѧжько|тѧжько
отѧготѣшѧ|отѧготѣшѧ
на|на
мнѣ•|мнѣ
аште|аще
беꙁаконениꙗ|безаконеніꙗ
моꙗ|моꙗ
наꙁь-|назь
послѹшаньѥ|послоушанье
ѹбо|оубо
ѥсть•|есть
нераскааньно|нераскааньно
покореньѥ•|покоренье
да|да
бꙑ|бъі
к͗то|кто
повелѣноѥ|повелѣное
бе-скрьби|бескрьбі
створилъ•|створілъ
послѹшаниѥ|послоушаніе
ѥсть•|есть
съврьшено|съврьшено
повинованиѥ•|повінованіе
своѥꙗ|своеꙗ
волѧ|волѧ
лишено•|лішено
и|і
ѥдиного|едіного
наставлѧѭштааго•|наставлѧѭщааго
мааниѥмь|мааніемь
бе-съмѫштениꙗ|бесъмѫщеніꙗ
на|на
дѣаниѥ|дѣаніе
движемо•|двіжемо
въ|въ
всѣхъ|всѣхъ
въводьнъихъ|въводьнъіхъ
дѣтѣлехъ•|дѣтѣлехъ
прьво|прьво
поꙁнано|познано
бꙑсть|бъість
сѫште|сѫще
добро•|добро
и|і
величаниѥ|велічаніе
же|же
отъмештеть•|отъмещеть
а|а
съмѣренѫ|съмѣренѫ
мѹдрость|моудрость
раждаѥть•|раждаеть
начало|начало
бо|бо
бꙑваѥть|бъіваеть
ꙗже|ꙗже
къ|къ
б҃ѹ•|б҃оу
тѣмьже|тѣмьже
и|і
г҃ь|г҃ь
ꙗко|ꙗко
прѣжде|прѣжде
рѣхомъ•|рѣхомъ
смотрениѥ|смотреніе
словесемь•|словесемь
до|до
распѧтьꙗ|распѧтьꙗ
и|і
съмрьти|съмрьті
послѹшѧ|послоушѧ
слово|слово
ѥго|его
оц҃а•|оц҃а
да|да
въ|въ
послѹшании|послоушаніі
живъшаꙗ•|жівъшаꙗ
въ|въ
вѣчьнѹѭ|вѣчьноуѭ
жиꙁнь|жізнь
въведеть•|въведеть
кто|кто
не|не
ѹблажить|оублажіть
таковаго•|таковаго
паче|паче
же|же
кто|кто
не|не
порьвьнѹеть|порьвьноуеть
таковѹмѹ|таковоумоу
житьѭ•|жітьѭ
ѥже|еже
бо|бо
отъсѣшти|отъсѣщі
своѭ|своѭ
волю•|волю
кръви|кръві
иꙁлитьѥ|ізлітье
ѥсть•|есть
и|і
въ|въ
жрьтвѹ|жрьтвоу
въмѣнѧѥть|въмѣнѧеть
сѧ|сѧ
члокови•|члокові
и|і
мѫдра|мѫдра
и|і
съврьшена|съврьшена
мѫжа•|мѫжа
ѥсть|есть
исправлениѥ•|ісправленіе
и|і
ꙗвѣ|ꙗвѣ
ѹчить|оучіть
нꙑ|нъі
исаиꙗ|ісаіꙗ
г҃лѧ•|г҃лѧ
аште|аще
не|не
створиши|створіші
волѧ|волѧ
своѥꙗ|своеꙗ
въ|въ
дьнь|дьнь
ст҃ъи•|ст҃ъі
и|і
не|не
въꙁдвигнеши|въздвігнеші
ногꙑ|ногъі
твоѥꙗ|твоеꙗ
на|на
дѣло•|дѣло
ни|ні
въꙁг҃лешї|възг҃леші
словеси|словесі
въ|въ
гнѣвѣ•|гнѣвѣ
и|і
бѫдеши|бѫдеші
надѣꙗ|надѣꙗ
сѧ|сѧ
г҃и•|г҃і
и|і
сънѣси|сънѣсі
благаа|благаа
ꙁемльнаа•|земльнаа
рече|рече
же|же
и|і
соломонъ•|соломонъ
с҃нъ|с҃нъ
бꙑхъ|бъіхъ
оц҃ѹ|оц҃оу
послѹшьливъ•|послоушьлівъ
прѣдъ|прѣдъ
лицемь|ліцемь
мтр҃немь|мтр҃немь
любимъ•|любімъ
ꙗко|ꙗко
ѹчаасте|оучаасте
мѧ|мѧ
г҃люшта•|г҃люща
да|да
ѹтврьждаѥть|оутврьждаеть
сѧ|сѧ
слово|слово
наѭ|наѭ
въ|въ
ср҃ци|ср҃ці
твоѥмь•|твоемь
инъ•|інъ
иже|іже
хранить|храніть
ꙁаповѣдь•|заповѣдь
съблюдаѥть|съблюдаеть
своѭ|своѭ
д҃шѹ•|д҃шоу
а|а
небрѣгъи|небрѣгъі
своихъ|своіхъ
пѫтьи|пѫтьі
ѹмьреть•|оумьреть
и|і
пакꙑ•|пакъі
блаженъ|блаженъ
мѹжъ|моужъ
иже|іже
ѹстрашаѥть|оустрашаеть
сѧ|сѧ
всего|всего
ꙁа|за
говѣньѥ•|говѣнье
хранѧи|хранѧі
бо|бо
ꙁаповѣди|заповѣді
не|не
поꙁнаѥть|познаеть
всего|всего
ꙁъла•|зъла
петръ|петръ
же|же
присꙑлаѥть|прісъілаеть
г҃лѧ•|г҃лѧ
повинѣте|повінѣте
сѧ|сѧ
ѹбо|оубо
всѧкомѹ|всѧкомоу
съꙁьданьѭ|съзьданьѭ
г҃а|г҃а
ради•|раді
и|і
раби|рабі
повинѹѭште|повіноуѭще
сѧ|сѧ
о|о
всемь|всемь
съ|съ
боꙗꙁньѭ|боꙗзньѭ
г҃мъ•|г҃мъ
не|не
тъчьѫ|тъчьѫ
благъимъ|благъімъ
и|і
смотрьливъимъ•|смотрьлівъімъ
нъ|нъ
и|і
ꙁълъимъ•|зълъімъ
такожде|такожде
и|і
павлъ|павлъ
рече•|рече
чада|чада
послѹшаите|послоушаіте
родитель•|родітель
и|і
раби|рабі
послѹшаите|послоушаіте
плътьскъихъ|плътьскъіхъ
г҃ии|г҃іі
своихъ•|своіхъ
не|не
прѣдъ|прѣдъ
очима|очіма
работаѭште|работаѭще
ꙗко|ꙗко
чл҃коѹгодьници•|чл҃кооугодьніці
нъ|нъ
страхомь|страхомь
бж҃ьѥмь|бж҃ьемь
ї|і
инъжде•|інъжде
сегоⷪ|сегоо
ради|раді
ѱахъ|псахъ
вамъ•|вамъ
да|да
раꙁѹмѣѭ|разоумѣѭ
искѹшениѥ|іскоушеніе
ваше•|ваше
аште|аще
въ|въ
все|все
послѹшьливи|послоушьліві
ѥсте•|есте
и|і
иже|іже
не|не
послѹшаѥть|послоушаеть
насъ•|насъ
ѥпистолиѭ|епістоліѭ
таковаго|таковаго
ꙁнаменаите•|знаменаіте
и|і
не|не
примѣшаите|прімѣшаіте
сѧ|сѧ
ѥмь•|емь
и|і
пакꙑ•|пакъі
ваше|ваше
бо|бо
послѹшаниѥ|послоушаніе
въ|въ
всѧ|всѧ
доиде•|доіде
и|і
о|о
г҃и•|г҃і
ибо|ібо
и|і
сн҃ъ|сн҃ъ
сꙑ•|съі
навꙑче|навъіче
отъ|отъ
нихъже|ніхъже
пострада|пострада
послѹшаѭштиимъ|послоушаѭщіімъ
ѥго•|его
вина|віна
сп҃сеньꙗ|сп҃сеньꙗ
вѣчна•|вѣчна
и|і
г҃ь|г҃ь
рече•|рече
сънидохъ|сънідохъ
съ|съ
нб҃се•|нб҃се
не|не
да|да
творѫ|творѫ
волю|волю
моѭ•|моѭ
нъ|нъ
волю|волю
посълавъшааго|посълавъшааго
мѧ|мѧ
оц҃а•|оц҃а
и|і
пакꙑ•|пакъі
иже|іже
вꙑ|въі
приѥмлеть•|пріемлеть
мѧ|мѧ
приѥмлеть•|пріемлеть
а|а
иже|іже
мѧ|мѧ
приѥмлеть•|пріемлеть
приѥмлеть|пріемлеть
посълавъшааго|посълавъшааго
мѧ•|мѧ
и|і
пакꙑ•|пакъі
слѹшаꙗи|слоушаꙗі
васъ|васъ
мене|мене
слѹшаѥть•|слоушаеть
томѹ|томоу
слава|слава
въ|въ
вѣкꙑ|вѣкъі
вѣкомъ|вѣкомъ
АМИН|амін
п҃|п҃
Ꙍ|о
СЪВЪКОУПѢ|съвъкоупѣ
СИРѢЧЬ|сірѣчь
О|о
ѤДИНОМꙐСЛИИ|едіномъісліі
Благоприꙗтьно|благопріꙗтьно
бв҃и•|бв҃і
ѥже|еже
о|о
совъкѹплении|совъкоупленіі
цр҃къвьнѣмь|цр҃къвьнѣмь
пешти|пещі
сѧ•|сѧ
ѥгоже|егоже
ничьтоже|нічьтоже
добрѣѥ|добрѣе
въ|въ
чл҃цѣхъ•|чл҃цѣхъ
и|і
ѥже|еже
всѣхъ|всѣхъ
прѣтрьпѣти•|прѣтрьпѣті
ꙗкоже|ꙗкоже
и|і
насъ|насъ
х҃ъ•|х҃ъ
и|і
всѧ|всѧ
приимати|прііматі
любовьѭ•|любовьѭ
и|і
недостоить|недостоіть
подобьнꙑ|подобьнъі
винꙑ|вінъі
ради•|раді
да|да
не|не
рекѹть|рекоуть
и|і
въ|въ
семь|семь
ꙁѣло|зѣло
несъмꙑсльнъи•|несъмъісльнъі
отътрьꙁати|отътрьзаті
сѧ|сѧ
самѣмъ|самѣмъ
тѣла|тѣла
црк҃вьнаго•|црк҃вьнаго
и|і
особь|особь
бꙑти•|бъіті
нъ|нъ
въкѹпѣ|въкоупѣ
единоѭ|едіноѭ
млт҃воѫ•|млт҃воѫ
ѥдинѣмь|едінѣмь
молениѥмь•|моленіемь
ѥдинѣмь|едінѣмь
ѹмомь•|оумомь
ѥдинѣмь|едінѣмь
ѹпъваниимь•|оупъваніімь
въ|въ
любъви|любъві
въ|въ
радости|радості
непорочьнѣи•|непорочьнѣі
ѥже|еже
ѥсть|есть
и҃у|і҃у
х҃ъ•|х҃ъ
ѥгоже|егоже
ничътоже|нічътоже
не|не
радостьнѣѥ•|радостьнѣе
вси|всі
ѹбо|оубо
длъжъни|длъжъні
ѥсмь|есмь
сътешти|сътещі
сѧ•|сѧ
и|і
многꙑ|многъі
тѣлесꙑ•|тѣлесъі
ѥдинѣмь|едінѣмь
хотѣниимь•|хотѣніімь
ꙗко|ꙗко
ѥдино|едіно
тѣло|тѣло
сѫште•|сѫще
ꙗкоже|ꙗкоже
бо|бо
рои|роі
бьчелъ•|бьчелъ
дѣлаѥть|дѣлаеть
сътꙑ•|сътъі
тако|тако
съставъ|съставъ
братьꙗ|братьꙗ
цр҃ство|цр҃ство
бж҃ьѥ•|бж҃ье
и|і
ꙗкожде|ꙗкожде
трѹба|троуба
ѹбѹждаѥть|оубоуждаеть
спѣхъ|спѣхъ
борьць•|борьць
тако|тако
ѹченикъ|оученікъ
тъштаниꙗ•|тъщаніꙗ
ѹчениѥ|оученіе
ѹченнꙑ|оученнъі
дѣтѣли•|дѣтѣлі
отълѹчаѧи|отълоучаѧі
бо|бо
сѧ•|сѧ
подобенъ|подобенъ
ѥсть|есть
пътици•|пътіці
отълетѣвъши|отълетѣвъші
своѥго|своего
гнѣꙁда•|гнѣзда
и|і
на|на
мѣсто|мѣсто
отъ|отъ
мѣсто|мѣсто
прѣпарѧѭшти•|прѣпарѧѭщі
ꙗже|ꙗже
ѹдобь|оудобь
ѹловима|оуловіма
ѥсть•|есть
всѧкомѹ|всѧкомоу
имельникѹ|імельнікоу
и|і
ловьцѫ•|ловьцѫ
вьсѫдѹ|вьсѫдоу
сѣти•|сѣті
и|і
прѫжали|прѫжалі
ѥмѹ|емоу
полѧкли|полѧклі
сѫть•|сѫть
раꙁѹмѣѥми|разоумѣемі
имельници•|імельніці
и|і
ловьци•|ловьці
нъ|нъ
и|і
въсхꙑтьници|въсхъітьніці
врани|врані
исклюѫть|ісклюѫть
ѥмѹ|емоу
очи•|очі
по|по
всемѹ|всемоу
ѹбо|оубо
благоклѫчимо|благоклѫчімо
ѥсть•|есть
съгласъѥ|съгласъе
братьства|братьства
съвъкѹпленьимь•|съвъкоупленьімь
паче|паче
же|же
идеже|ідеже
съврьшенаа|съврьшенаа
любꙑ•|любъі
ѹкоренѣла|оукоренѣла
бѫдеть•|бѫдеть
ꙗкоже|ꙗкоже
обрѣтаѥмъ|обрѣтаемъ
ѥлисѣа|елісѣа
съ|съ
илїѥѭ•|іліеѭ
слꙑшавъ|слъішавъ
ѥдиноѫ|едіноѫ
и|і
дъвашьдꙑ|дъвашьдъі
сѣди|сѣді
сьде•|сьде
онъ|онъ
съ|съ
клѧтвоѭ|клѧтвоѭ
отъвѣштавааше•|отъвѣщавааше
живъ|жівъ
г҃ъ|г҃ъ
и|і
жива|жіва
дш҃а|дш҃а
твоѧ|твоѧ
аште|аще
оставлѫ|оставлѫ
тѧ•|тѧ
такожде|такожде
и|і
рѹть|роуть
моавитѣнꙑнї•|моавітѣнъіні
тьшти|тьщі
своѥи•|своеі
се|се
да|да
творить|творіть
ми|мі
г҃ь•|г҃ь
и|і
се|се
да|да
приложить|пріложіть
гл҃ѫшти•|гл҃ѫщі
ꙗко|ꙗко
съмрьть|съмрьть
да|да
раꙁньствить|разньствіть
междѫ|междѫ
мноѭ|мноѭ
и|і
тобоѭ•|тобоѭ
въ|въ
истинѫ|істінѫ
ѹбо|оубо
вооꙁъ|воозъ
бл҃си|бл҃сі
ѭ|ѭ
г҃лѧ•|г҃лѧ
да|да
истѧжеть|істѧжеть
дѣлааньѥ|дѣлаанье
твоѥ•|твое
и|і
да|да
бѫть|бѫть
мьꙁда|мьзда
твоꙗ|твоꙗ
исплънь|ісплънь
отъ|отъ
г҃а•|г҃а
и|і
иного|іного
рода|рода
сѫшти|сѫщі
посаже|посаже
ꙁа|за
вооꙁа•|вооза
и|і
роди|роді
дѣда|дѣда
д҃вдва•|д҃вдва
гл҃еть|гл҃еть
же|же
и|і
само|само
тъ|тъ
дв҃дъ•|дв҃дъ
се|се
нꙑнѣ|нъінѣ
что|что
добро|добро
ли|лі
что|что
красно•|красно
нъ|нъ
ѥже|еже
жити|жіті
братии|братіі
въкѹпѣ•|въкоупѣ
ї|і
бр҇ⷮа|брта
отъ|отъ
брата•|брата
помагаѥть•|помагаеть
ꙗко|ꙗко
градъ|градъ
тврьдъ|тврьдъ
и|і
вꙑсокъ•|въісокъ
и|і
ѹньша|оуньша
дъва|дъва
паче|паче
ѥдиного•|едіного
имаже|імаже
ѥсть|есть
мьꙁда|мьзда
ѥѭ•|еѭ
ꙗко|ꙗко
аште|аще
падеть|падеть
сѧ•|сѧ
ѥдинъ|едінъ
въꙁдвигнеть|въздвігнеть
причастьника|прічастьніка
своѥго•|своего
а|а
лютѣ|лютѣ
ѥдиномѹмѹ•|едіномоумоу
аште|аще
падеть•|падеть
и|і
не|не
бѫдеть|бѫдеть
вътораго|вътораго
въꙁдвигнѫти|въздвігнѫті
ѥго•|его
и|і
аште|аще
ѹкрѣплѧѥть•|оукрѣплѧеть
ѥдинъ•|едінъ
дъва|дъва
станеть|станеть
противѫ|протівѫ
ѥмѹ•|емоу
и|і
врьвь|врьвь
трьпраменнаа|трьпраменнаа
не|не
скоро|скоро
отъръѥть|отъръеть
сѧ•|сѧ
и|і
въ|въ
дѣанихъ|дѣаніхъ
ап҃лсцѣхъ|ап҃лсцѣхъ
пишеть•|пішеть
ꙗко|ꙗко
вси|всі
вѣровавъшеи|вѣровавъшеі
бѧахѫ|бѧахѫ
въкѫпѣ|въкѫпѣ
и|і
имѧахѫ|імѧахѫ
все|все
обьште•|обьще
и|і
по|по
малѣ•|малѣ
народѹ|народоу
же|же
вѣровавъшюмѹ|вѣровавъшоумоу
бѧаше|бѧаше
ср҃це|ср҃це
и|і
д҃ша|д҃ша
ѥдина•|едіна
и|і
ниѥдинъ|ніедінъ
что|что
отъ|отъ
имѣньꙗ|імѣньꙗ
своѥго|своего
г҃лааше|г҃лааше
своѥ•|свое
нъ|нъ
бѧахѹ|бѧахоу
всѧ|всѧ
обьшта•|обьща
блаженъ|блаженъ
ѹбо|оубо
ѥсть|есть
мнихъ•|мніхъ
иже|іже
всѣхъ|всѣхъ
сп҃сниꙗ|сп҃сніꙗ
и|і
спѣаниꙗ•|спѣаніꙗ
ꙗко|ꙗко
своѥго|своего
съ|съ
всѧкоѫ|всѧкоѫ
радостьѭ|радостьѭ
сластьнѣ|сластьнѣ
ꙁьрѧ•|зьрѧ
мнихъ|мніхъ
ѥсть|есть
иже|іже
ѥдиного|едіного
себе|себе
съ|съ
всѣми|всѣмі
непьштѫѥть•|непьщѫеть
ꙗко|ꙗко
самъ|самъ
себе|себе
въ|въ
комьждо|комьждо
мьнѧ|мьнѧ
ꙁьрѣти•|зьрѣті
ап҃лъ|ап҃лъ
же|же
рече•|рече
ꙗкоже|ꙗкоже
въ|въ
ѥдиномь|едіномь
тѣлѣ•|тѣлѣ
ѹдꙑ|оудъі
многꙑ|многъі
имамъ•|імамъ
а|а
ѹдове|оудове
вси|всі
не|не
тожде|тожде
имѫть|імѫть
дѣаниꙗ•|дѣаніꙗ
тако|тако
и|і
мноꙁїи|мнозіі
ѥдино|едіно
тѣло|тѣло
ѥсмъ|есмъ
о|о
х҃ѣ•|х҃ѣ
и|і
по|по
ѥдиномѹ|едіномоу
дрѹгъ|дроугъ
къ|къ
дрѹгѹ|дроугоу
ѹди•|оуді
и|і
пририче•|пріріче
нъ|нъ
б҃ъ|б҃ъ
раствори|растворі
тѣло|тѣло
лишѧштѹмѹ|лішѧщоумоу
сѧ•|сѧ
лишьшѹ|лішьшоу
давъ|давъ
часть•|часть
да|да
не|не
бѫдеть|бѫдеть
распьрѧ|распьрѧ
въ|въ
тѣлеси•|тѣлесі
тожде|тожде
въ|въ
себѣ|себѣ
да|да
пекѹть|пекоуть
сѧ|сѧ
ѹди•|оуді
сего|сего
ради|раді
длъжьни|длъжьні
ѥсмъ|есмъ
дрѹгъ|дроугъ
дрѹгѹ|дроугоу
тѧготꙑ|тѧготъі
носити|носіті
и|і
бꙑти|бъіті
вси|всі
ѥдиномѫдрьни•|едіномѫдрьні
ѥдинодш҃ьни•|едінодш҃ьні
добросрьди•|добросрьді
съмѣрени•|съмѣрені
все|все
творѧште|творѧще
въ|въ
любъви•|любъві
да|да
и|і
тако|тако
б҃а|б҃а
къ|къ
себѣ|себѣ
приближимъ•|прібліжімъ
и|і
приꙗта|пріꙗта
бѫдеть|бѫдеть
мл҃тва|мл҃тва
нашѧ•|нашѧ
гл҃еть|гл҃еть
бо|бо
г҃ь•|г҃ь
аминъ|амінъ
г҃лю|г҃лю
вамъ•|вамъ
ꙗко|ꙗко
аще|аще
дъва|дъва
отъ|отъ
васъ|васъ
съвѣштаѥте|съвѣщаете
на|на
ꙁемли•|землі
о|о
всѧкои|всѧкоі
вешти•|вещі
ѥꙗже|еꙗже
аште|аще
просите•|просіте
бѫдеть|бѫдеть
има|іма
отъ|отъ
оц҃а|оц҃а
моѥго|моего
нб҃снааго•|нб҃снааго
идеже|ідеже
бо|бо
бѫдѹть|бѫдоуть
събьрани|събьрані
дъва|дъва
ли|лі
три|трі
въ|въ
моѥ|мое
имѧ•|імѧ
тѹ|тоу
ѥсмь|есмь
посредѣ|посредѣ
ихъ•|іхъ
томѹ|томоу
слава|слава
въ|въ
вѣкꙑ|вѣкъі
вѣкомъ|вѣкомъ
АМИН|амін
п҃а|п҃а
О|о
МꙐСЛЬХЪ|мъісльхъ
Рѣшѧ|рѣшѧ
книгꙑ•|кнігъі
ꙁакона|закона
на|на
помощь|помощь
далъ|далъ
ѥсть•|есть
помошть|помощь
ꙗвѣ•|ꙗвѣ
ꙗко|ꙗко
ѥстьствѹ|естьствоу
чл҃чьскѹмѹ•|чл҃чьскоумоу
на|на
тѧжѧниѥ|тѧжѧніе
добрꙑихъ|добръііхъ
дѣтѣлии•|дѣтѣліі
ꙗко|ꙗко
тѧжареви|тѧжареві
отрѣбити|отрѣбіті
садъ|садъ
желѣꙁомь•|желѣзомь
отъ|отъ
плъти|плъті
ѹбо|оубо
отъметати•|отъметаті
ѥгда|егда
огавлѧѭть|огавлѧѭть
ѥстьствьнꙑꙗ|естьствьнъіꙗ
къ|къ
сласти|сласті
и|і
похоти•|похоті
отъ|отъ
д҃ша|д҃ша
же|же
такожде|такожде
съмѹштаѭштаꙗ|съмоущаѭщаꙗ
ѭ•|ѭ
немоштьнꙑꙗ|немощьнъіꙗ
помꙑслꙑ•|помъіслъі
ли|лі
плътьскаа|плътьскаа
мꙑслѧштѧ•|мъіслѧщѧ
ли|лі
врѣменнаа|врѣменнаа
и|і
ꙁемльнаа|земльнаа
приклоньшѧ•|пріклоньшѧ
и|і
отъ|отъ
ѥстьства•|естьства
тако|тако
ѹстрьмлѧѭштемъ|оустрьмлѧѭщемъ
сѧ•|сѧ
и|і
отъ|отъ
въꙁѹштеньꙗ|възоущеньꙗ
же|же
ꙁълъ|зълъ
чл҃къ•|чл҃къ
потаплѧѭштии|потаплѧѭщіі
ѥстьство•|естьство
ꙗкоже|ꙗкоже
окѹсъ|окоусъ
вѣсть•|вѣсть
и|і
сего|сего
ради|раді
даѥмѹ|даемоу
мнѣ|мнѣ
ꙁаконѹ•|законоу
да|да
не|не
ꙗко|ꙗко
лѣнѧштѹ|лѣнѧщоу
сѧ|сѧ
тѧжѧрю•|тѧжѧрю
олѧдѣѥть|олѧдѣеть
садъ•|садъ
подобьна|подобьна
не|не
приносѧ|пріносѧ
плода•|плода
гл҃еть|гл҃еть
же|же
и|і
ап҃лъ•|ап҃лъ
хоштѫ|хощѫ
да|да
мѹжи|моужі
мл҃твѹ|мл҃твоу
творѧть|творѧть
на|на
вьсѧкомь|вьсѧкомь
мѣстѣ•|мѣстѣ
въꙁдѣѭште|въздѣѭще
прп҇ⷣбнѣ|прпдбнѣ
рюцѣ•|рюцѣ
беꙁ|без
гнѣва|гнѣва
и|і
помꙑшлении•|помъішленіі
и|і
пакꙑ•|пакъі
помꙑшлениꙗ|помъішленіꙗ
раꙁдрѹшаѭште•|раздроушаѭще
и|і
вьсѧкѹ|вьсѧкоу
вꙑсотѫ•|въісотѫ
въꙁемлюштѫѭ|въземлющѫѭ
на|на
раꙁѹмъ|разоумъ
бж҃иї•|бж҃іі
мꙑсль|мъісль
ѹбо|оубо
ѥсть|есть
ап҃лѣ•|ап҃лѣ
да|да
бꙑхомъ|бъіхомъ
чисти|чісті
бꙑли|бъілі
отъ|отъ
помꙑшлении|помъішленіі
нечистꙑихъ•|нечістъііхъ
паче|паче
же|же
ѥгда|егда
б҃ви|б҃ві
въ|въ
мл҃твѣ|мл҃твѣ
прѣстоимъ•|прѣстоімъ
не|не
строить|строіть
бо|бо
сѧ|сѧ
смрадъ|смрадъ
съ|съ
вонеѭ•|вонеѭ
ни|ні
ꙁъла|зъла
вонѣ|вонѣ
съ|съ
муромь•|муромь
ходѧи|ходѧі
бо|бо
въ|въ
слѣдъ|слѣдъ
помꙑшлении|помъішленіі
ослѣпѣѥть|ослѣпѣеть
ими•|імі
идеже|ідеже
бо|бо
обраꙁи|образі
помꙑшлении•|помъішленіі
тѹ|тоу
съприложениѥ|съпріложеніе
бѫдеть•|бѫдеть
достоить|достоіть
ѹбо|оубо
прьвааго|прьвааго
прилога|прілога
присно|прісно
отърѣати•|отърѣаті
и|і
потрѣблѧти|потрѣблѧті
грѣшьнꙑꙗ|грѣшьнъіꙗ
помꙑслꙑ|помъіслъі
отъ|отъ
ꙁемлѧ•|землѧ
ѥже|еже
ѥсть|есть
ср҃це|ср҃це
наше|наше
по|по
словеси|словесі
г҃ню•|г҃ню
и|і
донелѣже|донелѣже
сѫть|сѫть
млади|младі
сн҇ⷪве|снове
вавулони•|вавулоні
сирѣчь|сірѣчь
ꙁълии|зъліі
помꙑсли•|помъіслі
то|то
раꙁдражати|раздражаті
ꙗ•|ꙗ
и|і
скѹсити|скоусіті
о|о
камень•|камень
ѥже|еже
ѥсть|есть
х҃ъ•|х҃ъ
паче|паче
же•|же
три|трі
челеснꙑꙗ|челеснъіꙗ
сѫштѧꙗ|сѫщѧꙗ
на|на
нꙑ•|нъі
мꙑсли|мъіслі
диꙗволѧ•|діꙗволѧ
имиже|іміже
и|і
бореть|бореть
сѧ|сѧ
съ|съ
нами•|намі
ꙁавидивъи|завідівъі
бѣсъ•|бѣсъ
и|і
поѹчаѥть|пооучаеть
нꙑ•|нъі
лакомьꙗ|лакомьꙗ
рекѹ•|рекоу
и|і
сребролюбьꙗ•|сребролюбьꙗ
и|і
тъштеславьꙗ•|тъщеславьꙗ
имиже|іміже
и|і
самого|самого
г҃а|г҃а
нашего|нашего
и|і
сп҃са•|сп҃са
ѥгда|егда
коньча|коньча
вьсѧ|вьсѧ
искѹсꙑ•|іскоусъі
нача|нача
искѹшѧти•|іскоушѧті
тѣмьжде|тѣмьжде
и|і
побѣжденъ|побѣжденъ
отъпаде•|отъпаде
обраꙁѹ|образоу
на|на
все|все
г҃ь|г҃ь
бꙑвъ•|бъівъ
сирѣчь•|сірѣчь
поштении|пощеніі
и|і
молитвами|молітвамі
сего|сего
беꙁдѣльна|бездѣльна
поставлѧти•|поставлѧті
лаꙗ|лаꙗ
бо|бо
льстивꙑи|льстівъіі
львъ|львъ
въ|въ
оградѣ|оградѣ
своѥи•|своеі
и|і
лѧчеть|лѧчеть
намъ|намъ
сѣти|сѣті
и|і
ловитвꙑ•|ловітвъі
мꙑсльи|мъісльі
нечистъ|нечістъ
и|і
нечьстивъ•|нечьстівъ
трѣбѣ|трѣбѣ
ѹбо|оубо
ѥсть|есть
многоꙁрачьнꙑꙗ|многозрачьнъіꙗ
мꙑсли|мъіслі
ꙗкоже|ꙗкоже
рѣхомъ•|рѣхомъ
въ|въ
скорѣ|скорѣ
ꙁатварѧти|затварѧті
благочьстьномь•|благочьстьномь
прѣкословиимь|прѣкословіімь
и|і
мл҃твоѭ•|мл҃твоѭ
паче|паче
же|же
оскврьнѧѭшта•|оскврьнѧѭща
да|да
не|не
ѡскврьнѧть|оскврьнѧть
с҃таго|с҃таго
мѣста•|мѣста
и|і
чл҃ка|чл҃ка
бж҃ьꙗ|бж҃ьꙗ
нечиста|нечіста
створѧть•|створѧть
съ|съ
вьцѣмь|вьцѣмь
ѹбо|оубо
страхомь•|страхомь
длъжьни|длъжьні
ѥсмъ|есмъ
слѹжьбꙑ|слоужьбъі
съврьшати|съврьшаті
б҃ви•|б҃ві
да|да
не|не
къгда|къгда
обрѧштемъ|обрѧщемъ
сѧ|сѧ
ѹстьнами|оустьнамі
къ|къ
б҃ѹ|б҃оу
бесѣдѹѭште•|бесѣдоуѭще
а|а
ср҃цемь|ср҃цемь
и|і
плѣн͗ници•|плѣнніці
въ|въ
валонѣ|валонѣ
нечистаа|нечістаа
дѣѭште•|дѣѭще
и|і
слꙑшимъ|слъішімъ
людъѥ|людъе
сии|сіі
ѹстьнами|оустьнамі
мѧ|мѧ
чьтѫть•|чьтѫть
а|а
ср҃це|ср҃це
ихъ|іхъ
далече|далече
ѥсть|есть
отъ|отъ
мене•|мене
подвигъ|подвігъ
ѹбо|оубо
трѣбѣ|трѣбѣ
ѥсть|есть
въꙁлюблениї|възлюбленіі
и|і
трѣꙁвеньѥ|трѣзвенье
много•|много
да|да
строѥнъ|строенъ
бѫдеть|бѫдеть
ѹмъ•|оумъ
ср҃цемь|ср҃цемь
и|і
ѹстьнами•|оустьнамі
въ|въ
пѣньи•|пѣньі
да|да
не|не
раꙁгнѣваѥмъ|разгнѣваемъ
г҃а•|г҃а
въ|въ
ѹслѹженьꙗ|оуслоуженьꙗ
мѣсто|мѣсто
въ|въ
молитвѣ•|молітвѣ
съмѣшаѫште|съмѣшаѫще
съ|съ
кадиломь|каділомь
скварѹ|сквароу
ꙁълѹ•|зълоу
и|і
обрѧштеть|обрѧщеть
сѧ|сѧ
жрътва|жрътва
мл҃твꙑ|мл҃твъі
нашеꙗ•|нашеꙗ
порочна|порочна
ꙗко|ꙗко
и|і
каинова•|каінова
ꙁѣло|зѣло
бо|бо
гнѫшаѥть|гнѫшаеть
сѧ|сѧ
б҃ъ|б҃ъ
нечистъихъ|нечістъіхъ
мꙑсльи•|мъісльі
паче|паче
же|же
раждаѭштааго|раждаѭщааго
ꙗ|ꙗ
ср҃ца•|ср҃ца
ꙗкоже|ꙗкоже
ѧвлѧѥть|ѧвлѧеть
и|і
ꙁаконъ:|законъ
рече|рече
бо•|бо
да|да
не|не
ореши|ореші
тельцемь|тельцемь
и|і
осьломь•|осьломь
сирѣчь•|сірѣчь
чистомь|чістомь
и|і
нечистомь|нечістомь
съмꙑсломь|съмъісломь
да|да
не|не
принесеши|прінесеші
молитвꙑ•|молітвъі
ни|ні
приведи|пріведі
на|на
жрьтвѫ|жрьтвѫ
овьчате|овьчате
порочьна|порочьна
и|і
кръна•|кръна
или|ілі
кѫса•|кѫса
или|ілі
слѣпа•|слѣпа
или|ілі
крастава•|крастава
да|да
ѥлико|еліко
плода|плода
несъврьшена•|несъврьшена
не|не
прииметь|прііметь
отъ|отъ
рѹкꙑ|роукъі
твоѥꙗ•|твоеꙗ
кольми|кольмі
паче|паче
молитвѫ|молітвѫ
мѫтьнѫ|мѫтьнѫ
неродимѫ•|неродімѫ
съвѣсть|съвѣсть
бо|бо
таинаа|таінаа
наша•|наша
ꙗкоже|ꙗкоже
съвѣдѣтельствѹѥ|съвѣдѣтельствоуе
давꙑдъ|давъідъ
г҃лѧ•|г҃лѧ
г҃ь|г҃ь
съвѣсть|съвѣсть
помꙑшлениꙗ|помъішленіꙗ
чл҃ска•|чл҃ска
ꙗко|ꙗко
сѫть|сѫть
сѫѥтьна•|сѫетьна
и|і
много|много
тъштаниѥ|тъщаніе
творѧаше•|творѧаше
свободь|свободь
бꙑти|бъіті
отъ|отъ
нихъ|ніхъ
г҃лѧ•|г҃лѧ
на|на
ѹтрьꙗ|оутрьꙗ
иꙁбиваахъ|ізбіваахъ
всѧ|всѧ
грѣшьнꙑꙗ|грѣшьнъіꙗ
ꙁемли•|землі
истрѣбити|істрѣбіті
иꙁ|із
града|града
г҃нѧ|г҃нѧ
всѧ|всѧ
творѧштаꙗ|творѧщаꙗ
беꙁаконьѥ•|безаконье
не|не
дано|дано
бо|бо
ѥсть|есть
нечистѹ|нечістоу
въ|въ
домъ|домъ
г҃нь|г҃нь
вънити•|въніті
ꙗкоже|ꙗкоже
рече|рече
ꙁаконъ•|законъ
домъ|домъ
же|же
ѥсмъ|есмъ
мꙑ•|мъі
и|і
ил҃имъ|іл҃імъ
въ|въ
насъ|насъ
ѥсть•|есть
грѣшьници|грѣшьніці
же|же
ꙁемлѧ•|землѧ
ꙁемлѧплъꙁьни|землѧплъзьні
и|і
ꙁмьѥвьскꙑꙗ|змьевьскъіꙗ
мꙑсли|мъіслі
сѫть•|сѫть
гнѣꙁдѧштеи|гнѣздѧщеі
сѧ|сѧ
въ|въ
ср҃ци•|ср҃ці
подобнѣ|подобнѣ
ѹбо|оубо
молить|моліть
сѧ|сѧ
г҃лѧ•|г҃лѧ
ѹстрои|оустроі
д҃шѫ|д҃шѫ
моѭ|моѭ
отъ|отъ
ꙁълобꙑ|зълобъі
ихъ•|іхъ
и|і
раждени|раждені
ꙗꙁꙑкꙑ|ꙗзъікъі
хотѧштаꙗ|хотѧщаꙗ
бранемъ•|бранемъ
и|і
съпаси|съпасі
мѧ|мѧ
отъ|отъ
брьньꙗ|брьньꙗ
да|да
не|не
ѹгльбнѫ•|оугльбнѫ
ꙗко|ꙗко
тꙑ|тъі
ѥси|есі
трьпѣньѥ|трьпѣнье
моѥ|мое
г҃и•|г҃і
тѣмьже|тѣмьже
г҃ь|г҃ь
къ|къ
немѹ•|немоу
въ|въ
скрьби|скрьбі
рече|рече
приꙁъва|прізъва
мѧ|мѧ
и|і
иꙁбавихъ|ізбавіхъ
тѧ•|тѧ
ѹслꙑшахъ|оуслъішахъ
тѧ|тѧ
въ|въ
таинѣ|таінѣ
бѹрьнѣ•|боурьнѣ
мꙑ|мъі
ѹбо|оубо
браⷮе|брате
длъжъни|длъжъні
ѥсмъ•|есмъ
въꙁдвиженама|въздвіженама
рѹкама•|роукама
и|і
прострьтомь|прострьтомь
ѹмомь•|оумомь
молити|моліті
чл҃колюбьца|чл҃колюбьца
посълати|посълаті
намъ|намъ
помошть•|помощь
да|да
побѣдимъ|побѣдімъ
врагꙑ|врагъі
нашѧ•|нашѧ
ꙗко|ꙗко
моси|мосі
амалика•|амаліка
люто|люто
бо|бо
и|і
гѹбительно|гоубітельно
ѥсть•|есть
ѥже|еже
повиновати|повіноваті
сѧ•|сѧ
таи|таі
нечистꙑимъ|нечістъіімъ
мꙑслемъ•|мъіслемъ
отъ|отъ
помꙑшленїи|помъішленіі
бо•|бо
и|і
на|на
дѣаниѥ|дѣаніе
кто|кто
ниꙁъвлачимъ|нізъвлачімъ
бꙑваѥть•|бъіваеть
и|і
по|по
малѹ|малоу
тѹждь|тоуждь
бꙑваѥть|бъіваеть
отъ|отъ
б҃а|б҃а
ѥгда|егда
пристаꙗ|прістаꙗ
ихъ•|іхъ
ꙗко|ꙗко
сътворивъ|сътворівъ
грѣха|грѣха
осѫждень|осѫждень
ѥсть•|есть
въ|въ
ꙁълокъꙁньнѹѭ|зълокъзньноуѭ
бо|бо
д҃шѫ|д҃шѫ
не|не
вънидеть|вънідеть
прѣмѫдрость•|прѣмѫдрость
ни|ні
въселить|въселіть
сѧ|сѧ
въ|въ
тѣлѣ|тѣлѣ
подлъжънѣ|подлъжънѣ
грѣхѹ•|грѣхоу
и|і
ꙁълꙑꙗ|зълъіꙗ
бо|бо
мꙑсли|мъіслі
раꙁлѹчаѭть|разлоучаѭть
отъ|отъ
б҃а•|б҃а
с҃тꙑи|с҃тъіі
бо|бо
д҃хъ|д҃хъ
прм҃дсти•|прм҃дсті
бѣжить|бѣжіть
отъ|отъ
льсти•|льсті
и|і
отъстѹпить|отъстоупіть
отъ|отъ
мꙑсльи|мъісльі
нераꙁѹмьнъ|неразоумьнъ
по|по
книгамъ•|кнігамъ
рече|рече
же|же
и|і
г҃ь•|г҃ь
отъ|отъ
ср҃цра|ср҃цра
исходѧть|ісходѧть
помꙑшлениꙗ|помъішленіꙗ
ꙁъла•|зъла
ѹбьиства•|оубьіства
прѣлюбодѣаньꙗ•|прѣлюбодѣаньꙗ
любодѣаньѧ|любодѣаньѧ
татьбꙑ•|татьбъі
лъжипослѹшьства•|лъжіпослоушьства
власвимиꙗ•|власвіміꙗ
си|сі
имать|імать
ꙁълꙑи|зълъіі
чл҃къ•|чл҃къ
въ|въ
скровиштихъ|скровіщіхъ
ср҃ца|ср҃ца
своѥго•|своего
мꙑ|мъі
же|же
приврьꙁѣмъ|пріврьзѣмъ
себе•|себе
прѣдъ|прѣдъ
благость|благость
бжь҃ѭ•|бжь҃ѭ
молѧште|молѧще
сѧ|сѧ
ѥмѹ|емоу
на|на
всѧкъ|всѧкъ
часъ•|часъ
да|да
очистить|очістіть
ср҃ца|ср҃ца
нашѧ•|нашѧ
ꙗко|ꙗко
принести|прінесті
ѥмѹ|емоу
дарꙑ•|даръі
въ|въ
мꙑсльнꙑи|мъісльнъіі
и҃мъ•|і҃мъ
и|і
ѹслꙑшати|оуслъішаті
отъ|отъ
него•|него
благꙑи|благъіі
чл҃къ•|чл҃къ
отъ|отъ
благаго|благаго
съкровища|съкровіща
ср҃ца|ср҃ца
своѥго•|своего
иꙁносить|ізносіть
благаа|благаа
проꙁѧбениꙗ|прозѧбеніꙗ
б҃ви•|б҃ві
томѹ|томоу
слава|слава
въ|въ
вѣкꙑ|вѣкъі
вѣкомъ|вѣкомъ
АМИН|амін
Ꙍ|о
КАꙀАНИИ|казаніі
п҃в|п҃в
Добро|добро
ѥсть|есть
каꙁаньѥ|казанье
по|по
всѧкои|всѧкоі
винѣ•|вінѣ
паче|паче
же|же
ѥже|еже
на|на
бж҃ьѭ•|бж҃ьѭ
отъ|отъ
ѹна|оуна
бо|бо
въꙁдроста|въздроста
мѫдримааго|мѫдрімааго
и|і
накаꙁаѥмааго|наказаемааго
каꙁаньѥмь•|казаньемь
и|і
ѹчениѥмь|оученіемь
гн҃емь•|гн҃емь
до|до
старости|старості
и|і
до|до
матерьстване|матерьстване
оставить|оставіть
б҃ъ•|б҃ъ
нѣсть|нѣсть
бо|бо
обидьливъ|обідьлівъ
б҃ъ•|б҃ъ
ꙁабꙑти|забъіті
каꙁаниꙗ|казаніꙗ
и|і
трѹда|троуда
трьпѧштиихъ|трьпѧщііхъ
имени|імені
ѥго|его
ради•|раді
каꙁаньѥ|казанье
бо|бо
ѥже|еже
на|на
бж҃ьѭ•|бж҃ьѭ
напослѣдокъ|напослѣдокъ
дрьꙁостьно|дрьзостьно
бѫдеть|бѫдеть
въ|въ
мноꙁѣ|мнозѣ
ослабѣ•|ослабѣ
аште|аще
и|і
добраа|добраа
отъ|отъ
насъ•|насъ
многашьдꙑ|многашьдъі
отъѥмлеть|отъемлеть
г҃ь•|г҃ь
ꙗкоже|ꙗкоже
богатьство|богатьство
иовово•|іовово
г҃ъ|г҃ъ
бо|бо
далъ|далъ
и|і
г҃ь|г҃ь
отъꙗтъ•|отъꙗтъ
всѧко|всѧко
къде|къде
и|і
ꙁълаа|зълаа
ꙗже|ꙗже
намъ|намъ
наведе|наведе
вѣчьнъи•|вѣчьнъі
иꙁ-д-рѹкꙑ|іздроукъі
нашеꙗ|нашеꙗ
иꙁьметь•|ізьметь
добро|добро
бо|бо
и|і
ꙁълоѥ|зълое
рече|рече
отъ|отъ
г҃а•|г҃а
и|і
наведъи|наведъі
на|на
вꙑ|въі
ꙁълоѥ•|зълое
тъ|тъ
наветь|наветь
вамъ|вамъ
вѣчьноѥ|вѣчьное
весельѥ•|веселье
тѣмьже|тѣмьже
длъжьни|длъжьні
ѥсмъ|есмъ
въ|въ
всемь|всемь
каꙁании|казаніі
благодарьнѣ|благодарьнѣ
приимати•|прііматі
не|не
приѥмлѧи|пріемлѧі
бо|бо
ꙁа|за
истинѹ|істіноу
болѣꙁньи|болѣзньі
волеѭ•|волеѭ
то|то
невольнъими|невольнъімі
лютѣѥ|лютѣе
покаꙁаѥть|показаеть
сѧ•|сѧ
а|а
творѧи|творѧі
волю|волю
бж҃ьѭ|бж҃ьѭ
противѹ|протівоу
силѣ•|сілѣ
малꙑми|малъімі
болѣꙁньми|болѣзньмі
великъихъ|велікъіхъ
иꙁбѣгнеть•|ізбѣгнеть
рече|рече
же|же
и|і
притъчьникъ•|прітъчьнікъ
боꙗи|боꙗі
сѧ|сѧ
г҃а•|г҃а
пожидеть|пожідеть
каꙁаньꙗ•|казаньꙗ
и|і
пакꙑ•|пакъі
иже|іже
штѧдить|щѧдіть
свои|своі
жъꙁлъ•|жъзлъ
ненавить|ненавіть
с҃на|с҃на
своѥго•|своего
а|а
любѧи|любѧі
прилежьно|прілежьно
покаꙁаѥть•|показаеть
и|і
пакꙑ•|пакъі
накаꙁаи|наказаі
с҃на|с҃на
своѥго|своего
тако|тако
бо|бо
благонадежденъ|благонадежденъ
бѫдеть•|бѫдеть
слꙑши|слъіші
с҃не|с҃не
и|і
приими|пріімі
словеса|словеса
моꙗ•|моꙗ
и|і
ѹмножать|оумножать
сѧ|сѧ
лѣта|лѣта
живота|жівота
твоѥго•|твоего
ими|імі
сѧ|сѧ
по|по
моѥ|мое
каꙁаниѥ•|казаніе
не|не
отъпѫсти|отъпѫсті
сѧ•|сѧ
с҃нъ|с҃нъ
бо|бо
оставлѧꙗ|оставлѧꙗ
каꙁаньѥ|казанье
хранить|храніть
оч҃е•|оч҃е
хранѧи|хранѧі
же|же
обличеньꙗ•|обліченьꙗ
опасивѣи|опасівѣі
бѹдеть•|боудеть
и|і
пакꙑ•|пакъі
даждь|даждь
въ|въ
накаꙁаньѥ|наказанье
ср҃це|ср҃це
твоѥ•|твое
а|а
кости|кості
своꙗ|своꙗ
ѹготоваи|оуготоваі
словесемъ|словесемъ
чювьства•|чоувьства
и|і
па҇ⷦ•|пак
не|не
отърѣи|отърѣі
младеньца|младеньца
отъ|отъ
накаꙁаньꙗ•|наказаньꙗ
ꙗко|ꙗко
аште|аще
биеши|біеші
жъꙁломь|жъзломь
не|не
ѹмьреть•|оумьреть
д҃шѫ|д҃шѫ
же|же
ѥго|его
сп҃сиши•|сп҃сіші
и|і
пакꙑ•|пакъі
накаꙁаи|наказаі
с҃на|с҃на
своѥго|своего
и|і
покоить|покоіть
тѧ•|тѧ
и|і
дасть|дасть
лѣпотѫ|лѣпотѫ
дш҃и|дш҃і
твоѥи•|твоеі
и|і
пакꙑ|пакъі
добрѣѥ|добрѣе
слꙑшати|слъішаті
попрѣштеньѭ|попрѣщеньѭ
мѫдра•|мѫдра
паче|паче
мѫжа|мѫжа
слꙑшаштѧ|слъішащѧ
пѣснь|пѣснь
беꙁѹменъ•|безоуменъ
и|і
приводить•|пріводіть
ѹслꙑшите|оуслъішіте
накаꙁаньѥ|наказанье
оч҃е•|оч҃е
и|і
вънемлѣте|вънемлѣте
раꙁѹмѣвати|разоумѣваті
помꙑшленьѥ•|помъішленье
даръ|даръ
благъ|благъ
дарѹѭ|дароуѭ
вамъ|вамъ
моѥго|моего
ꙁакона|закона
не|не
оставлѧите•|оставлѧіте
раꙁѹмѣите•|разоумѣіте
неꙁълобивїи|незълобівіі
вседѣиство•|вседѣіство
а|а
ненакаꙁании|ненаказаніі
въложите|въложіте
ср҃це•|ср҃це
приимѣте|пріімѣте
нак҇ⷶꙁаньѥ|наказанье
а|а
не|не
сребро•|сребро
и|і
раꙁѹмъ|разоумъ
паче|паче
ꙁлата|злата
искѹшена•|іскоушена
и|і
пр҃кмь|пр҃кмь
софониѥмь|софоніемь
рече•|рече
боите|боіте
сѧ|сѧ
мене|мене
и|і
прїимѣте|пріімѣте
накаꙁаниѥ•|наказаніе
и|і
не|не
имате|імате
потрѣбити|потрѣбіті
сѧ|сѧ
работати|работаті
г҃ви•|г҃ві
подъ|подъ
игомь|ігомь
ѥдинѣмь•|едінѣмь
и|і
михеи|міхеі
рече•|рече
паси|пасі
люди|люді
своꙗ|своꙗ
жъꙁломь•|жъзломь
ап҃лъ|ап҃лъ
же|же
присꙑлаꙗ|прісъілаꙗ
ѥвреомъ|евреомъ
гл҃ааше•|гл҃ааше
с҃не|с҃не
не|не
прѣнемагаи|прѣнемагаі
покаꙁаниѥмь|показаніемь
гн҃емь•|гн҃емь
ни|ні
ослабѣи|ослабѣі
отъ|отъ
него|него
обличаѥмъ•|облічаемъ
ѥгоже|егоже
бо|бо
любить|любіть
г҃ь|г҃ь
покаꙁаѥть•|показаеть
бьѥть|бьеть
же|же
всего|всего
с҃на|с҃на
ѥгоже|егоже
приѥмлеть•|пріемлеть
которъи|которъі
ѹбо|оубо
с҃нъ|с҃нъ
ѥгоже|егоже
не|не
покаꙁаѥть|показаеть
оц҃ь•|оц҃ь
аште|аще
ли|лі
бес|бес
покаꙁаньꙗ|показаньꙗ
ѥсте•|есте
ѹбо|оубо
любодѣичишти|любодѣічіщі
а|а
не|не
сн҃ве|сн҃ве
ѥсте•|есте
и|і
корунтиомъ•|корунтіомъ
аште|аще
аꙁъ|азъ
оскръбрѧю|оскръбрѧю
вꙑ•|въі
то|то
къто|къто
веселѧи|веселѧі
мѧ•|мѧ
аште|аще
не|не
оскръблѧѥмъи|оскръблѧемъі
отъ|отъ
мене•|мене
и|і
приносить•|пріносіть
всѧко|всѧко
же|же
каꙁаньѥ•|казанье
въ|въ
настоꙗштеѥ|настоꙗщее
врѣмѧ•|врѣмѧ
не|не
мнить|мніть
радости|радості
бꙑти|бъіті
нъ|нъ
печали•|печалі
послѣдь|послѣдь
же|же
плодъ|плодъ
мирьнъ•|мірьнъ
наѹченьими•|наоученьімі
тѣмь|тѣмь
въꙁдаѥть|въздаеть
правьдꙑ•|правьдъі
д҃дъ•|д҃дъ
блаженъ|блаженъ
чл҃къ|чл҃къ
г҃лѧ|г҃лѧ
ѥгоже|егоже
тꙑ|тъі
накажеши|накажеші
г҃и•|г҃і
и|і
отъ|отъ
ꙁакона|закона
твоѥго|твоего
наѹчиши|наоучіші
и•|і
и|і
кажа|кажа
накаꙁа|наказа
мѧ|мѧ
г҃ь•|г҃ь
съмрьти|съмрьті
не|не
прѣдасть|прѣдасть
мене•|мене
и|і
пакꙑ•|пакъі
покажеть|покажеть
мѧ|мѧ
правьдьникъ|правьдьнікъ
милостьѭ|мілостьѭ
и|і
обличить|облічіть
мѧ•|мѧ
и|і
накаꙁаньѥ|наказанье
исправи|ісправі
мѧ|мѧ
въ|въ
коньць•|коньць
и|і
накаꙁаниѥ|наказаніе
твоѥ|твое
само|само
мѧ|мѧ
наѹчить•|наоучіть
и|і
їѡвъ•|іовъ
ѹбо|оубо
не|не
напастьство|напастьство
ѥсть|есть
житьѥ|жітье
чл҃че|чл҃че
на|на
ꙁемли•|землі
и|і
ꙗко|ꙗко
наимника|наімніка
оидиньна|оідіньна
жиꙁнь|жізнь
ѥго•|его
аште|аще
бо|бо
напастьство|напастьство
ѥсть|есть
житьѥ|жітье
чл҃кѹ|чл҃коу
на|на
ꙁемли•|землі
то|то
како|како
ѥсть|есть
въ|въ
напастьствѣ|напастьствѣ
сѫшти|сѫщі
беꙁ|без
напасти|напасті
бꙑти•|бъіті
речено|речено
бо|бо
отъ|отъ
сп҃са•|сп҃са
бъдите|бъдіте
молите|моліте
сѧ|сѧ
да|да
не|не
вънидете|вънідете
въ|въ
напасть•|напасть
вѣстить|вѣстіть
ѥже|еже
не|не
сътѹжати|сътоужаті
си|сі
напастьѭ•|напастьѭ
и|і
ѹдолѣнѹ|оудолѣноу
бꙑти•|бъіті
ѥже|еже
бо|бо
прѣдолѣти•|прѣдолѣті
и|і
блажено|блажено
и|і
славьно|славьно
ѥсть•|есть
гл҃еть|гл҃еть
же|же
и|і
г҃ь|г҃ь
пакꙑ•|пакъі
кто|кто
отъ|отъ
васъ|васъ
рабъ|рабъ
имѣꙗ|імѣꙗ
орѫшть|орѫщь
или|ілі
пасѫштъ•|пасѫщъ
иже|іже
пришъдъшѫ|прішъдъшѫ
съ|съ
села•|села
рече|рече
абьѥ•|абье
минѹвъ|міноувъ
вьꙁлѧꙁи•|вьзлѧзі
нъ|нъ
не|не
речеть|речеть
ли|лі
ѥмѹ•|емоу
ѹготоваи|оуготоваі
чьто|чьто
вечерѧѫ•|вечерѧѫ
и|і
прѣпоꙗсавъ|прѣпоꙗсавъ
сѧ|сѧ
слѹжи|слоужі
ми•|мі
дон͗деже|дондеже
ꙗмь|ꙗмь
и|і
пьѭ•|пьѭ
и|і
потомь|потомь
ꙗси|ꙗсі
и|і
пиѥши|піеші
тꙑ•|тъі
и|і
приводить•|пріводіть
ѥда|еда
хвалѹ|хвалоу
имать|імать
рабѹ|рабоу
томѹ•|томоу
ꙗко|ꙗко
створи|створі
повелѣнаа•|повелѣнаа
не|не
мьнѫ•|мьнѫ
тако|тако
и|і
вꙑ|въі
ѥгда|егда
створите|створіте
повелѣнаа|повелѣнаа
вамъ|вамъ
всѧ•|всѧ
г҃лѣте•|г҃лѣте
ꙗко|ꙗко
неклѭчими|неклѭчімі
раби|рабі
ѥсмъ•|есмъ
ѥже|еже
длъжьни|длъжьні
бѣхомъ|бѣхомъ
створити|створіті
створихомъ•|створіхомъ
томѹ|томоу
слава|слава
въ|въ
вѣкꙑ|вѣкъі
вѣкомъ|вѣкомъ
АМИН|амін
п҃г|п҃г
О|о
СЪВѢТѢ|съвѣтѣ
Ѥже|еже
съвѣтовати|съвѣтоваті
о|о
всѧкои|всѧкоі
вешти•|вещі
добро|добро
и|і
б҃оѹгодьно|б҃ооугодьно
ѥсть•|есть
никтоже|ніктоже
бо|бо
не|не
трѣбѹꙗи|трѣбоуꙗі
съвѣтьника•|съвѣтьніка
тъчъѭ|тъчъѭ
ѥдинъ|едінъ
б҃ъ•|б҃ъ
съꙁдавъи|създавъі
прѣмѫдрость•|прѣмѫдрость
всѧкъ|всѧкъ
же|же
чл҃къ•|чл҃къ
трѣбѹѥть|трѣбоуеть
съвѣта|съвѣта
добра|добра
паче•|паче
нежели|нежелі
на|на
аѥра|аера
дꙑхати•|дъіхаті
ꙗкоже|ꙗкоже
бжст҃внꙑимь|бжст҃внъіімь
ѱаниѥмь|псаніемь
кажеми|кажемі
ѥм҇ⷭъ•|емсъ
рече|рече
бо•|бо
сь|сь
съвѣтомь|съвѣтомь
все|все
твори•|творі
съ|съ
сьвѣтомь|сьвѣтомь
вина|віна
пиваи•|піваі
дх҃вноѥ|дх҃вное
ꙗвѣ•|ꙗвѣ
ꙗко|ꙗко
вино|віно
веселѧште|веселѧще
ср҃це•|ср҃це
таковъи|таковъі
николиже|ніколіже
не|не
погрѣшаѥть•|погрѣшаеть
нъ|нъ
бес|бес
плечали|плечалі
прѣходить|прѣходіть
все|все
житьѥ|жітье
своѥ•|свое
ненависть|ненавість
бо|бо
величаниꙗ•|велічаніꙗ
и|і
съмѣрениꙗ|съмѣреніꙗ
ꙁнамениѥ|знаменіе
ѥсть•|есть
ѥже|еже
трѣбовати|трѣбоваті
сьвѣта•|сьвѣта
паче|паче
же|же
въ|въ
искѹсѣ|іскоусѣ
сѫштиихъ|сѫщііхъ
старьць•|старьць
ꙗвѣ|ꙗвѣ
же|же
ѥ|е
ꙗко|ꙗко
съмѣренъимъ|съмѣренъімъ
даѥть|даеть
б҃ъ|б҃ъ
благодѣть•|благодѣть
прѣꙁоривъимъ|прѣзорівъімъ
же|же
противить|протівіть
сѧ•|сѧ
ꙗкоже|ꙗкоже
рече|рече
и|і
товиꙗ|товіꙗ
с҃нѹ|с҃ноу
своѥмѹ•|своемоу
съвѣта|съвѣта
отъ|отъ
всего|всего
мѫдра|мѫдра
въꙁишти•|възіщі
и|і
не|не
неродѹи|неродоуі
о|о
своѥмь|своемь
съвѣтѣ|съвѣтѣ
потрѣбнѣ•|потрѣбнѣ
приѥмлѧи|пріемлѧі
бо|бо
съвѣтъ|съвѣтъ
добръ•|добръ
на|на
пѫти|пѫті
ꙁаповѣдии|заповѣдіі
г҃нь|г҃нь
ходить•|ходіть
мѹжь|моужь
же|же
бесъвѣтенъ•|бесъвѣтенъ
самъ|самъ
себѣ|себѣ
ратенъ•|ратенъ
ꙗкоже|ꙗкоже
ровоамъ|ровоамъ
соломоништь•|соломоніщь
оставивъ|оставівъ
ѹбо|оубо
добръи|добръі
съвѣтъ|съвѣтъ
старечьскръи•|старечьскръі
и|і
ѹдрьжавъ|оудрьжавъ
отрочъскꙑи|отрочъскъіі
съвѣтъ|съвѣтъ
въскръмленꙑихъ|въскръмленъііхъ
съ|съ
нимь•|німь
обрѣте|обрѣте
сѧ|сѧ
иꙁгѹблѧꙗ|ізгоублѧꙗ
цѣсарьство|цѣсарьство
дъвоѭ|дъвоѭ
на|на
десѧте•|десѧте
скѹп͗трѹ|скоуптроу
иил҃вѹ•|ііл҃воу
добрѣ|добрѣ
ѹбо|оубо
окаѥть|окаеть
таковꙑꙗ|таковъіꙗ
исаиꙗ•|ісаіꙗ
лютѣ|лютѣ
бо|бо
рече|рече
съвѣштаваѭштимъ|съвѣщаваѭщімъ
не|не
г҃а|г҃а
ради•|раді
творѧштиимъ|творѧщіімъ
въ|въ
таинѣ•|таінѣ
и|і
бѹдѹть|боудоуть
въ|въ
тьмѣ|тьмѣ
дѣла|дѣла
їхъ•|іхъ
съвѣтъ|съвѣтъ
бо|бо
ꙁълъихъ|зълъіхъ
беꙁакон͗наа|безаконнаа
съвѣщаваѥть•|съвѣщаваеть
а|а
благочьстивии|благочьстівіі
раꙁѹмно|разоумно
съвѣщашѧ•|съвѣщашѧ
и|і
инъ|інъ
прѣмѫдръ|прѣмѫдръ
гл҃аше•|гл҃аше
отъ|отъ
ꙁъла|зъла
съвѣтьника|съвѣтьніка
храни|храні
д҃шѹ|д҃шоу
своѭ•|своѭ
самъ|самъ
бо|бо
себѣ|себѣ
съвѣштаваѥть|съвѣщаваеть
и|і
станеть|станеть
прѣмо|прѣмо
видѣти|відѣті
събѹдѹштеѥ|събоудоущее
сѧ•|сѧ
и|і
пакꙑ•|пакъі
не|не
съвѣштаваи|съвѣщаваі
съ|съ
подъꙁираѭштиимь|подъзіраѭщіімь
тѧ•|тѧ
и|і
отъ|отъ
искѹштиихъ|іскоущііхъ
тебе|тебе
съкръи|съкръі
съвѣтъ:|съвѣтъ
въ|въ
лѣпотѹ|лѣпотоу
ѹбо|оубо
и|і
рѧдьнѣ•|рѧдьнѣ
ꙗкоже|ꙗкоже
прѣжде|прѣжде
рече|рече
сѧ|сѧ
длъжънѹѥмъ|длъжъноуемъ
о|о
всемь•|всемь
д҃ховьна|д҃ховьна
съвѣта•|съвѣта
искѹсьнꙑихъ|іскоусьнъііхъ
старець|старець
приимати•|прііматі
бѣгати|бѣгаті
же|же
плътьскꙑїхъ|плътьскъііхъ
и|і
ненакаꙁанꙑихъ|ненаказанъііхъ
съвѣта•|съвѣта
да|да
не|не
въ|въ
ѹтврьжденьꙗ|оутврьжденьꙗ
мѣсто•|мѣсто
фуникова|фунікова
жъꙁла|жъзла
тръстѧнъ|тръстѧнъ
хлѫдъ|хлѫдъ
приимемъ•|пріімемъ
иже|іже
рѫкѫ|рѫкѫ
чл҃кѹ|чл҃коу
ѹꙗꙁвить•|оуꙗзвіть
и|і
ѧда|ѧда
ѥстьствьнааго|естьствьнааго
вълагаѥть•|вълагаеть
или|ілі
въ|въ
овьчате|овьчате
мѣсто|мѣсто
влъкѹ|влъкоу
въпадаѥмъ•|въпадаемъ
ходѧи|ходѧі
бо|бо
съ|съ
прѣмѫдръими|прѣмѫдръімі
прѣмѫдръ|прѣмѫдръ
бѫдеть•|бѫдеть
а|а
ходѧи|ходѧі
съ|съ
беꙁѹмьнꙑми•|безоумьнъімі
поꙁнанъ|познанъ
бѫдеть•|бѫдеть
чювьство|чоувьство
бо|бо
отъ|отъ
мѫдръихъ|мѫдръіхъ
ѹдобь•|оудобь
соломонъ|соломонъ
же•|же
иже|іже
льстїть|льстіть
рече|рече
правꙑꙗ|правъіꙗ
на|на
пѫть|пѫть
ꙁълъ•|зълъ
въ|въ
растьлѣнии|растьлѣніі
самъ|самъ
въпадеть•|въпадеть
и|і
пакꙑ•|пакъі
с҃не•|с҃не
да|да
не|не
постигнеть|постігнеть
тебе|тебе
съвѣтъ|съвѣтъ
ꙁълъ•|зълъ
оставлѧи|оставлѧі
ѹченьѥ|оученье
ѹности•|оуності
имьже|імьже
бо|бо
нѣсть|нѣсть
кръмильства•|кръмільства
падаѭть|падаѭть
ꙗко|ꙗко
и|і
листвьѥ•|ліствье
сп҃ньѥ|сп҃нье
же|же
ѥсть|есть
въ|въ
мноꙁѣ|мнозѣ
съвѣтѣ|съвѣтѣ
ꙗкоже|ꙗкоже
бо|бо
градъ|градъ
бе-стѣнъ•|бестѣнъ
тако|тако
мѫжъ|мѫжъ
бе-съвѣта|бесъвѣта
творѧи•|творѧі
съ|съ
б҃мь|б҃мь
же|же
и|і
бесѣдѹꙗи|бесѣдоуꙗі
моси•|мосі
не|не
отъврьже|отъврьже
съвѣта|съвѣта
иовтурова•|іовтурова
нъ|нъ
и|і
ѥлико|еліко
рече|рече
ѥмѹ•|емоу
благоволѧ|благоволѧ
все|все
створи•|створі
и|і
не|не
въꙁдвиже|въздвіже
ѥго|его
толика|толіка
слава|слава
бж҃ьꙗ|бж҃ьꙗ
и|і
чл҃чьска•|чл҃чьска
и|і
їмѣꙗи|імѣꙗі
х҃а|х҃а
въ|въ
себѣ|себѣ
гл҃ѫшта•|гл҃ѫща
павьлъ|павьлъ
ап҃лъ|ап҃лъ
рече|рече
къ|къ
галатомъ•|галатомъ
въꙁидохъ|възідохъ
въ|въ
иїѥрѹсалимъ•|ііероусалімъ
и|і
въꙁложихъ|възложіхъ
имъ|імъ
ѥван͗гелиѥ|евангеліе
ѥже|еже
проповѣдаѭ•|проповѣдаѭ
ѥдинѣмъ|едінѣмъ
же|же
мьнѧштиимъ|мьнѧщіімъ
ѥда|еда
како|како
въ|въ
тъште|тъще
рекѫ|рекѫ
отъ|отъ
чл҃ка•|чл҃ка
нъ|нъ
ꙗвлениимь|ꙗвленіімь
и҃у|і҃у
х҃а•|х҃а
не|не
прѣꙁьрѣ|прѣзьрѣ
съвѣтовати|съвѣтоваті
съ|съ
ѹченикꙑ|оученікъі
ѥго•|его
не|не
вѣровааше|вѣровааше
бо|бо
самъ|самъ
себѣ•|себѣ
боꙗ|боꙗ
сѧ|сѧ
ѥда|еда
въ|въ
тъште|тъще
течеть•|течеть
или|ілі
теклъ|теклъ
ѥсть•|есть
мꙑ|мъі
же|же
не|не
вѣдѹштеи|вѣдоущеі
коѥ|кое
ѥ|е
десница•|десніца
коѥ|кое
ли|лі
шѹица•|шоуіца
вельми|вельмі
паче|паче
длъжьни|длъжьні
ѥсмъ|есмъ
все|все
съ|съ
съвѣдьѭ|съвѣдьѭ
дх҃внъихъ|дх҃внъіхъ
нашихъ|нашіхъ
оц҃ь•|оц҃ь
дѣати•|дѣаті
боꙗште|боꙗще
сѧ|сѧ
притъча|прітъча
ап҃лѧ•|ап҃лѧ
ѥда|еда
къгда|къгда
порѹгани|пороугані
бѫдемъ•|бѫдемъ
лѹкавьнъими|лоукавьнъімі
бѣсꙑ•|бѣсъі
ꙗкоже|ꙗкоже
бо|бо
хотѧть•|хотѧть
прѣобраꙁѹѭть|прѣобразоуѭть
вешти•|вещі
паче|паче
же|же
и|і
лѹкꙑхъ|лоукъіхъ
не|не
съвѣдѧть•|съвѣдѧть
аште|аще
надѣѭть|надѣѭть
сѧ|сѧ
лѹкомъ|лоукомъ
своимъ|своімъ
и|і
мꙑшьцеѭ•|мъішьцеѭ
съмѣрениимь|съмѣреніімь
бо|бо
наидеть|наідеть
на|на
вꙑ|въі
благодѣть|благодѣть
ст҃ааго|ст҃ааго
д҃ха•|д҃ха
ꙗкоже|ꙗкоже
и|і
г҃ь|г҃ь
наѹчи|наоучі
нꙑ|нъі
г҃лѧ•|г҃лѧ
ѥгда|егда
приведѫть|пріведѫть
вꙑ|въі
на|на
съборишта•|съборіща
и|і
власти•|власті
и|і
влд҃чства•|влд҃чства
не|не
пьцѣте|пьцѣте
сѧ|сѧ
како|како
или|ілі
чьто|чьто
отъвѣштаѥте•|отъвѣщаете
с҃тъи|с҃тъі
бо|бо
д҃хъ|д҃хъ
наѹчить|наоучіть
вꙑ|въі
въ|въ
тъ|тъ
часъ•|часъ
ꙗкоже|ꙗкоже
подобаѥть|подобаеть
решти•|рещі
томѹ|томоу
слава|слава
въ|въ
вѣкꙑ|вѣкъі
вѣкомъ|вѣкомъ
АМИН|амін
п҃д|п҃д
О|о
СЪНЬИХЪ|съньіхъ
Понеже|понеже
ѥтери|етері
вѣровавъше|вѣровавъше
соньѥмъ•|соньемъ
съвратиша|съвратіша
сѧ|сѧ
съ|съ
правааго|правааго
пѫти•|пѫті
сего|сего
ради|раді
въспоминаѥмъ|въспомінаемъ
вамъ|вамъ
любии•|любіі
ꙗко|ꙗко
не|не
подобаѥть|подобаеть
намъ|намъ
прѣпрость|прѣпрость
имати•|іматі
аѥроходьнъимъ•|аероходьнъімъ
и|і
многообраꙁьнъимъ|многообразьнъімъ
съномъ•|съномъ
си|сі
бо|бо
ничьтоже|нічьтоже
ино|іно
сѫть•|сѫть
нъ|нъ
мꙑсли|мъіслі
блѹдѧшти•|блоудѧщі
подобиꙗ|подобіꙗ
и|і
привидѣниꙗ|прівідѣніꙗ
и|і
рѫганиꙗ|рѫганіꙗ
лѹкавъихъ|лоукавъіхъ
бѣсъ•|бѣсъ
на|на
прѣльштениѥ|прѣльщеніе
наше•|наше
и|і
послѣдованьѥ|послѣдованье
льстемъ|льстемъ
ихъ•|іхъ
прочеѥ|прочее
же|же
да|да
и|і
на|на
сласть|сласть
ниꙁъвлѣкѫть|нізъвлѣкѫть
чл҃ка•|чл҃ка
ꙗкоже|ꙗкоже
гл҃еть|гл҃еть
ап҃лъ|ап҃лъ
иѭда|іѭда
їꙗковль•|іꙗковль
ѡ|о
ѥдинѣхъ|едінѣхъ
таковѣхъ•|таковѣхъ
рече|рече
бо•|бо
такожде|такожде
ѹбо|оубо
и|і
си|сі
соньꙗ|соньꙗ
видѧште•|відѧще
плъть|плъть
ѹбо|оубо
скврьнѧть•|скврьнѧть
іс҃а|іс҃а
же|же
отъметаѭть•|отъметаѭть
славы|славъі
же|же
хѹлѧть•|хоулѧть
ѥклисиастъ|еклісіастъ
же•|же
приходить|пріходіть
бо|бо
гл҃ѧ|гл҃ѧ
съньѥ•|сънье
множьствомь|множьствомь
напастии•|напастіі
и|і
гласъ|гласъ
беꙁѹмьнаго•|безоумьнаго
множьствомь|множьствомь
словесъ•|словесъ
и|і
приричеть•|прірічеть
не|не
даждь|даждь
ѹстомъ|оустомъ
своими|своімі
съгрѣшити•|съгрѣшіті
и|і
плъти|плъті
твоѥи•|твоеі
да|да
не|не
раꙁгнѣваѥть|разгнѣваеть
сѧ|сѧ
б҃ъ|б҃ъ
на|на
гласъ|гласъ
твои•|твоі
и|і
растьлить|растьліть
тварь|тварь
рѹкѹ|роукоу
твоѥѭ•|твоеѭ
ꙗко|ꙗко
въ|въ
множьствѣ|множьствѣ
съньи|съньі
и|і
сѹѥтъ•|соуетъ
и|і
словесъ|словесъ
многъ•|многъ
и|і
сираховичь|сіраховічь
рече•|рече
ꙗко|ꙗко
съньꙗ|съньꙗ
въперѧть|въперѧть
беꙁѫмьнъꙗ•|безѫмьнъꙗ
ꙗкоже|ꙗкоже
ѥмлѧи|емлѧі
ꙁа|за
стѣнь•|стѣнь
и|і
гонѧи|гонѧі
вѣтрꙑ|вѣтръі
такожде|такожде
ѥмлѧи|емлѧі
вѣрѹ|вѣроу
сониѥмъ•|соніемъ
отъ|отъ
лъжа|лъжа
бо|бо
та|та
истина•|істіна
и|і
па҇ⷦ•|пак
вражениꙗ|враженіꙗ
и|і
кобеньꙗ|кобеньꙗ
и|і
соньꙗ•|соньꙗ
сѹѥта|соуета
сѫть•|сѫть
многꙑ|многъі
бо|бо
прѣльстишѧ|прѣльстішѧ
съньѧ•|съньѧ
и|і
отъпадошѧ|отъпадошѧ
надѣѭште|надѣѭще
сѧ•|сѧ
аште|аще
ѹбо|оубо
ꙗвить|ꙗвіть
сѧ|сѧ
комѹ•|комоу
подвиꙁаѭштиимъ|подвізаѭщіімъ
сѧ•|сѧ
или|ілі
свѣтъ•|свѣтъ
или|ілі
обраꙁъ|образъ
ѥдинъ|едінъ
огнеꙁраченъ•|огнезраченъ
никакоже|нікакоже
такоже|такоже
да|да
не|не
приѥмнеть•|пріемнеть
таковааго|таковааго
видѣниꙗ•|відѣніꙗ
прѣльсть|прѣльсть
бо|бо
ѥсть•|есть
ꙗвѣ|ꙗвѣ
отъ|отъ
ꙁълокъꙁньꙗ|зълокъзньꙗ
вражьꙗ•|вражьꙗ
семѹ|семоу
же|же
и|і
ꙗвѣ|ꙗвѣ
ап҃лъ|ап҃лъ
ѹчить|оучіть
нꙑ•|нъі
въ|въ
ан҃гла|ан҃гла
свѣтьла|свѣтьла
прѣобраꙁѹѭштааго|прѣобразоуѭщааго
сѧ|сѧ
гл҃ѧ•|гл҃ѧ
добро|добро
ѹбо|оубо
ѥсть|есть
прѣже|прѣже
съна|съна
на|на
ложи•|ложі
на|на
съхранениѥ|съхраненіе
дш҃и•|дш҃і
и|і
прогънаньѥ|прогънанье
льсти•|льсті
помолити|помоліті
сѧ|сѧ
молитвоѭ|молітвоѭ
сеѭ:|сеѭ
Вьседрьжителю|вьседрьжітелю
слово|слово
оч҃е•|оч҃е
самосъврьшенъи|самосъврьшенъі
ї҃у|і҃у
х҃е•|х҃е
ѧдрааго|ѧдрааго
твоѥго|твоего
млс҃рдьꙗ|млс҃рдьꙗ
їсѹ•|ісоу
добрꙑи|добръіі
пастѹше|пастоуше
своихъ|своіхъ
овьць•|овьць
не|не
прѣдаждь|прѣдаждь
мене|мене
крамолѣ|крамолѣ
ꙁмиинѣ•|зміінѣ
ни|ні
желаньѭ|желаньѭ
сотонинѹ|сотоніноу
остави|оставі
мене•|мене
ꙗко|ꙗко
сѣмѧ|сѣмѧ
тьлѧ|тьлѧ
въ|въ
немъ|немъ
ѥсть•|есть
тꙑ|тъі
ѹбо|оубо
г҃и|г҃і
цр҃ю|цр҃ю
пр҃стꙑи|пр҃стъіі
б҃же•|б҃же
покланѧѥмъи|покланѧемъі
и҃у|і҃у
х҃е•|х҃е
съпѧштѧ|съпѧщѧ
мѧ|мѧ
съхрани|съхрані
бесъмрьтьнъимь|бесъмрьтьнъімь
свѣтомь•|свѣтомь
и|і
д҃хомь|д҃хомь
твоимь|твоімь
ст҃ꙑимь•|ст҃ъіімь
имьже|імьже
с҃ти|с҃ті
своꙗ|своꙗ
ѹченикꙑ•|оученікъі
иꙁбавлѧꙗ|ізбавлѧꙗ
отъ|отъ
крамолꙑ|крамолъі
ꙁмиинꙑꙗ•|зміінъіꙗ
даждь|даждь
же|же
ми|мі
недостоинѹмѹ|недостоіноумоу
радость|радость
сп҃сениꙗ|сп҃сеніꙗ
твоѥго•|твоего
на|на
ложи|ложі
моѥмь•|моемь
и|і
просвѣти|просвѣті
ми|мі
ѹмъ•|оумъ
свѣтомь|свѣтомь
раꙁѹмьꙗ|разоумьꙗ
еван͗гелиꙗ|евангеліꙗ
твоѥго•|твоего
д҃шѹ|д҃шоу
моѭ|моѭ
любъвьѭ|любъвьѭ
крс҃та|крс҃та
твоѥго•|твоего
ср҃це|ср҃це
моѥ|мое
чистотоѭ|чістотоѭ
словеси|словесі
твоѥго•|твоего
тѣло|тѣло
моѥ|мое
твоѥѭ|твоеѭ
страстьѭ|страстьѭ
бестрастьноѭ•|бестрастьноѭ
мꙑсли|мъіслі
моꙗ|моꙗ
твоимь|твоімь
миромь|міромь
съхрани|съхрані
и|і
въꙁдвигни|въздвігні
мѧ|мѧ
благоложьно•|благоложьно
на|на
твоѥ|твое
славословесьѥ•|славословесье
ꙗко|ꙗко
покланѧѥмъ|покланѧемъ
ѥси|есі
и|і
прославлѧѥмъ•|прославлѧемъ
съ|съ
оц҃емь|оц҃емь
и|і
ст҃ъимь|ст҃ъімь
дх҃омь|дх҃омь
въ|въ
вѣкꙑ|вѣкъі
аминъ•|амінъ
Сѫть|сѫть
же|же
и|і
ина|іна
съньꙗ•|съньꙗ
ꙗкоже|ꙗкоже
гл҃еть|гл҃еть
и|і
иѡвъ•|іовъ
въ|въ
ѥдино|едіно
бо|бо
въꙁгаголеть|възгаголеть
г҃ь•|г҃ь
а|а
въ|въ
вътороѥ|въторое
съньѥмь•|съньемь
ꙗко|ꙗко
се|се
ѥгда|егда
нападеть|нападеть
страхъ|страхъ
въ|въ
ношти•|нощі
мꙑ|мъі
же|же
въꙁлюблении•|възлюбленіі
не|не
длъжъни|длъжъні
ѥсмъ|есмъ
вѣровати•|вѣроваті
или|ілі
пристаати|прістааті
сониихъ•|сонііхъ
аште|аще
и|і
отъ|отъ
бж҃ьꙗ|бж҃ьꙗ
ꙗвлениꙗ|ꙗвленіꙗ
посълано|посълано
бѫдеть|бѫдеть
намъ|намъ
видѣниѥ•|відѣніе
да|да
не|не
въ|въ
свѣта|свѣта
мѣсто|мѣсто
дꙑма|дъіма
приимемъ•|пріімемъ
да|да
не|не
въ|въ
семь|семь
раꙁгнѣваѥмъ|разгнѣваемъ
г҃а•|г҃а
нъ|нъ
паче|паче
да|да
и|і
прииметь|прііметь
нꙑ•|нъі
съ|съ
страхомь|страхомь
хранѧштаꙗ•|хранѧщаꙗ
порѹченоѥ|пороученое
намъ|намъ
имь|імь
скровиште•|скровіще
имѣхъ|імѣхъ
же|же
многꙑ|многъі
повѣсти•|повѣсті
пришедъшѧꙗ|прішедъшѧꙗ
въ|въ
мѧ•|мѧ
ветъхꙑ|ветъхъі
и|і
новꙑ|новъі
при|прі
насъ|насъ
бꙑвъшѧ•|бъівъшѧ
о|о
прѣльштенъиихъ|прѣльщенъііхъ
съньи•|съньі
и|і
лютѣ|лютѣ
ако|ако
отъпадъшь•|отъпадъшь
въ|въ
бж҃ствьно|бж҃ствьно
писмѧ•|пісмѧ
на|на
ѹтврьжденьѥ|оутврьжденье
чътѹщиимъ•|чътоущіімъ
нъ|нъ
да|да
не|не
отъпадемъ|отъпадемъ
прѣдълежаштаꙗ|прѣдълежащаꙗ
намъ•|намъ
мꙑсли•|мъіслі
ѥдинѹ|едіноу
тъчьѭ|тъчьѭ
главѹ|главоу
прѣдъложь•|прѣдъложь
ѹставлю|оуставлю
слово•|слово
бꙑсть|бъість
ѥдинъ|едінъ
мнихъ•|мніхъ
въ|въ
горѣ|горѣ
синаисцѣи•|сінаісцѣі
иже|іже
толико|толіко
въꙁдрьжаньѥ|въздрьжанье
покаꙁавъ•|показавъ
и|і
въ|въ
хꙑжди|хъіжді
ꙁатворь|затворь
сѧ|сѧ
ꙁа|за
лѣта|лѣта
многа•|многа
послѣжде|послѣжде
же|же
диꙗвольскъими|діꙗвольскъімі
ꙗвлении•|ꙗвленіі
и|і
сънꙑ|сънъі
порѫганъ•|порѫганъ
въ|въ
июдеиство|іюдеіство
въпаде|въпаде
и|і
обрѣꙁаньѥ|обрѣзанье
плътьско•|плътьско
множицеѭ|множіцеѭ
бо|бо
покаꙁавъ|показавъ
ѥмѹ|емоу
диꙗволъ•|діꙗволъ
истинна|істінна
соньꙗ•|соньꙗ
и|і
тѣми|тѣмі
обльстивъ|обльстівъ
омраченаго|омраченаго
ѥмѫ|емѫ
ѹма•|оума
покаꙁаѥть|показаеть
ѥмѹ|емоу
послѣжде|послѣжде
лика|ліка
мч҃нкъ|мч҃нкъ
и|і
ап҃лъ•|ап҃лъ
и|і
всѣхъ|всѣхъ
крс҃тьꙗнъ|крс҃тьꙗнъ
темна|темна
и|і
всѧкаго|всѧкаго
стѹда|стоуда
исплънена•|ісплънена
сѫпротивь|сѫпротівь
же|же
мосѣа|мосѣа
и|і
пр҃кꙑ•|пр҃къі
и|і
бг҃омрьꙁъкаго|бг҃омрьзъкаго
плъка|плъка
жидовьска•|жідовьска
свѣтьломь|свѣтьломь
ꙁракомь|зракомь
оꙁарѧѥма•|озарѧема
въ|въ
радости|радості
и|і
тихости|тіхості
сѫшта•|сѫща
си|сі
видѣвъ|відѣвъ
окаанъи•|окаанъі
абьѥ|абье
оставль|оставль
ст҃ѫѭ|ст҃ѫѭ
горѹ•|гороу
приде|пріде
въ|въ
палестинѫ•|палестінѫ
въ|въ
неарѫ|неарѫ
и|і
ливѫадѫ•|лівѫадѫ
въ|въ
жилища|жіліща
жидовьска•|жідовьска
и|і
повѣдавъ|повѣдавъ
имъ|імъ
ꙗвльшааго|ꙗвльшааго
сѧ|сѧ
ѥмѹ|емоу
диꙗвольска|діꙗвольска
дѣаниꙗ|дѣаніꙗ
обрѣꙁа|обрѣза
сѧ|сѧ
и|і
июдѣствова•|іюдѣствова
и|і
женѫ|женѫ
поꙗ•|поꙗ
и|і
абьѥ|абье
ꙗвѣ|ꙗвѣ
по|по
июѭдеихъ•|іюѭдеіхъ
на|на
крьстьꙗнꙑ|крьстьꙗнъі
догмати|догматі
искаше•|іскаше
сего|сего
и|і
аꙁъ|азъ
видѣхъ•|відѣхъ
и|і
мноꙁи|мнозі
отъ|отъ
мнихъ•|мніхъ
ибо|ібо
не|не
имать|імать
трии|тріі
лѣть•|лѣть
ꙁълоѭ|зълоѭ
съмрьтьѭ|съмрьтьѭ
дш҃ѹ|дш҃оу
отъврь•|отъврь
съгнивъ|съгнівъ
отъ|отъ
лѣтъ•|лѣтъ
и|і
бꙑвъ|бъівъ
чрьвьмъ|чрьвьмъ
ꙗдь•|ꙗдь
тако|тако
иꙁдъше•|іздъше
сего|сего
видѣвъше|відѣвъше
аꙁъ|азъ
же|же
и|і
ѥдиноговѣинии|едіноговѣініі
чрьньци|чрьньці
м͗ного|много
плакахомъ|плакахомъ
сѧ•|сѧ
бѣ|бѣ
бо|бо
мильно|мільно
видѣньѥ•|відѣнье
мѫжь|мѫжь
вьсь|вьсь
осѣдѣвъ|осѣдѣвъ
въ|въ
постѣхъ|постѣхъ
и|і
трѹдѣхъ|троудѣхъ
състарѣвъ|състарѣвъ
сѧ•|сѧ
съ|съ
женами|женамі
играꙗ•|іграꙗ
и|і
мѧса|мѧса
скрьнавъихъ|скрьнавъіхъ
жидовьскъ|жідовьскъ
въкѹшѧꙗ•|въкоушѧꙗ
нечистꙑ|нечістъі
г҃лꙑ|г҃лъі
вѣштаꙗ•|вѣщаꙗ
х҃а|х҃а
хѹлѧ|хоулѧ
и|і
ст҃го|ст҃го
д҃ха|д҃ха
не|не
чьтꙑ•|чьтъі
ѥгоже|егоже
беꙁакон͗нии|безаконніі
жидове|жідове
въторааго|въторааго
авраама|авраама
ꙁъваахѹ•|зъваахоу
въ|въ
истинѫ|істінѫ
ѹбо|оубо
гл҃ааше|гл҃ааше
г҃ь•|г҃ь
бъдите|бъдіте
ꙗко|ꙗко
не|не
вѣсте|вѣсте
въ|въ
кꙑи|къіі
часъ|часъ
тать|тать
придеть•|прідеть
и|і
пририче•|пріріче
се|се
же|же
вѣдите•|вѣдіте
ꙗко|ꙗко
аште|аще
бꙑ|бъі
вѣдѣлъ|вѣдѣлъ
г҃инъ|г҃інъ
храма|храма
въ|въ
къи|къі
часъ|часъ
тать|тать
придеть•|прідеть
бъдѣлъ|бъдѣлъ
ѹбо|оубо
бꙑ•|бъі
и|і
не|не
бꙑ|бъі
оставилъ|оставілъ
подърꙑти|подъръіті
храминꙑ|храмінъі
своѥꙗ•|своеꙗ
томѹ|томоу
х҃ѹ|х҃оу
подобаѥть|подобаеть
слава•|слава
въ|въ
вѣкꙑ|вѣкъі
вѣкомъ|вѣкомъ
АМИН|амін
п҃е|п҃е
О|о
МАЛОД҃ШЬИ|малод҃шьі
И|і
ДЪВОДОУШЬИ•|дъводоушьі
РЕКЪШЕ|рекъше
О|о
ТЪЩИВЬСТВѢ•|тъщівьствѣ
И|і
ДЪВОМꙐСЛЬИ:|дъвомъісльі
Не|не
дадимъ|дадімъ
мѣста|мѣста
браⷮѥ|брате
дѹхови|доухові
малод҃шьꙗ|малод҃шьꙗ
обладати|обладаті
нами•|намі
да|да
не|не
ꙁаꙁорьни|зазорьні
бѫдемъ|бѫдемъ
гл҃ѫштиимь|гл҃ѫщіімь
ѱаниѥмь•|псаніемь
мѫжа|мѫжа
хѹдод҃шьна|хоудод҃шьна
кто|кто
прѣтрьпить•|прѣтрьпіть
нъ|нъ
вьсѫ|вьсѫ
печаль|печаль
нашѫ|нашѫ
въꙁврьꙁѣмъ|възврьзѣмъ
на|на
б҃а•|б҃а
ꙗко|ꙗко
томѹ|томоу
ѥсть|есть
печаль|печаль
о|о
насъ•|насъ
въꙁьмѣмъ|възьмѣмъ
ѹбо|оубо
отъ|отъ
себѣ|себѣ
дъвод҃шьѥ|дъвод҃шье
и|і
малод҃шьѥ•|малод҃шье
и|і
никакоже|нікакоже
дъвод҃шьѥмь|дъвод҃шьемь
просити|просіті
чесо|чесо
ѹ|оу
б҃а•|б҃а
гл҃юште|гл҃юще
въ|въ
себѣ•|себѣ
ꙗко|ꙗко
како|како
могѫ|могѫ
просити|просіті
ѹ|оу
г҃а•|г҃а
и|і
приꙗти|пріꙗті
съгрѣшивъ|съгрѣшівъ
толико|толіко
ѥмѹ•|емоу
нъ|нъ
иꙁ|із
вьсего|вьсего
ср҃ца|ср҃ца
своѥго|своего
обрати|обраті
сѧ|сѧ
къ|къ
г҃ѹ•|г҃оу
и|і
проси|просі
ѹ|оу
него|него
бе-сѫмьнѣниꙗ•|бесѫмьнѣніꙗ
и|і
ѹвѣси|оувѣсі
многоѥ|многое
млс҃рдьѥ|млс҃рдье
ѥго•|его
ꙗко|ꙗко
не|не
имать|імать
тебе|тебе
оставити•|оставіті
нъ|нъ
прошеньѥ|прошенье
д҃ша|д҃ша
твоѥꙗ|твоеꙗ
иꙁвѣстить•|ізвѣстіть
нѣсть|нѣсть
бо|бо
б҃ъ|б҃ъ
ꙗко|ꙗко
члв҃ци|члв҃ці
вражъдѫ|вражъдѫ
помьнѧште•|помьнѧще
и|і
мл҃дъ|мл҃дъ
бꙑваѥть|бъіваеть
твари|тварі
своѥи•|своеі
тꙑ|тъі
ѹбо|оубо
очисти|очісті
си|сі
ср҃це|ср҃це
отъ|отъ
сѫмьнѣньꙗ•|сѫмьнѣньꙗ
и|і
проси|просі
ѹ|оу
него•|него
и|і
приимеши|пріімеші
прошеньѥ|прошенье
своѥ•|свое
аште|аще
ли|лі
въсѫмниши|въсѫмніші
сѧ•|сѧ
то|то
не|не
приимеши|пріімеші
сѫмнѧштеи|сѫмнѧщеі
сѧ|сѧ
въ|въ
б҃а•|б҃а
сии|сіі
сѫть|сѫть
дъводѹшивии•|дъводоушівіі
и|і
ничьсоже|нічьсоже
въ|въ
семь|семь
ѹлѹчаѭть•|оулоучаѭть
прошении|прошеніі
своихъ•|своіхъ
а|а
съврьшении|съврьшеніі
сѫште|сѫще
вѣроѭ•|вѣроѭ
всего|всего
просѧть|просѧть
надѣѭште|надѣѭще
сѧ|сѧ
на|на
г҃а|г҃а
и|і
приѥмлѭть•|пріемлѭть
ꙁане|зане
бе-сѫмнѣньꙗ|бесѫмнѣньꙗ
просѧть•|просѧть
аще|аще
ли|лі
и|і
поꙁдѣѥ|поздѣе
приимеши•|пріімеші
не|не
дъводѹшьствѹи•|дъводоушьствоуі
ꙗко|ꙗко
скоро|скоро
не|не
приꙗ|пріꙗ
прошеньꙗ|прошеньꙗ
д҃ша|д҃ша
твоеꙗ•|твоеꙗ
всѧко|всѧко
бо|бо
ꙁа|за
напасть|напасть
ѥдинѫ•|едінѫ
или|ілі
прѣгрѣшеньѥ|прѣгрѣшенье
ѥгоже|егоже
тꙑ|тъі
не|не
вѣси•|вѣсі
поꙁдьнѣѥ|поздьнѣе
приѥмли•|пріемлі
тꙑ|тъі
ѹбо|оубо
не|не
прѣстаи|прѣстаі
просѧ|просѧ
прошеньꙗ|прошеньꙗ
д҃шѧ|д҃шѧ
своѥꙗ|своеꙗ
приимеши|пріімеші
ѥ•|е
аще|аще
ли|лі
сътѫжиши|сътѫжіші
си|сі
постѧ•|постѧ
себѣ|себѣ
самого|самого
виньнѫи•|віньнѫі
а|а
не|не
дѣѭщааго|дѣѭщааго
ти•|ті
дъвод҃шьѥ|дъвод҃шье
бо|бо
дъшти|дъщі
ѥсть|есть
непрьꙗꙁнина•|непрьꙗзніна
и|і
ꙁѣло|зѣло
лѹкавьнѹѥть|лоукавьноуеть
на|на
рабꙑ|рабъі
бж҃ьꙗ•|бж҃ьꙗ
тꙑ|тъі
ѹбо|оубо
облѣци|облѣці
сѧ|сѧ
въ|въ
вѣрѫ|вѣрѫ
крѣпъкѹ•|крѣпъкоу
станѣмъ|станѣмъ
ѹбо|оубо
тврьди•|тврьді
ꙗко|ꙗко
наколо|наколо
бьѥми•|бьемі
велика|веліка
ст҃рпца|ст҃рпца
ѥсть•|есть
бьѥмѹ|бьемоу
и|і
одолѣти•|одолѣті
паче|паче
же|же
б҃а|б҃а
ради|раді
вьсе|вьсе
прѣтрьпимъ•|прѣтрьпімъ
да|да
и|і
тъ|тъ
насъ|насъ
потрьпить•|потрьпіть
тъштьни|тъщьні
бѫдѣмъ•|бѫдѣмъ
врѣмена|врѣмена
расмотримъ•|расмотрімъ
прѣлѣтьнаго|прѣлѣтьнаго
чаѭште|чаѭще
беꙁлѣтьнаго•|безлѣтьнаго
невидимаго•|невідімаго
насъ|насъ
же|же
ради|раді
видима•|відіма
неосѧгаамаго•|неосѧгаамаго
насъ|насъ
же|же
ради|раді
осѧꙁана•|осѧзана
бестрастьнаго•|бестрастьнаго
насъ|насъ
же|же
ради|раді
страстьна•|страстьна
длъготрьпьимь•|длъготрьпьімь
все|все
насъ|насъ
ради|раді
пострадавъшаго•|пострадавъшаго
г҃лють|г҃лють
же|же
и|і
книгꙑ•|кнігъі
боꙗштеи|боꙗщеі
сѧ|сѧ
г҃а•|г҃а
пожидѣте|пожідѣте
милости|мілості
ѥго•|его
и|і
не|не
ѹклоните|оуклоніте
сѧ|сѧ
да|да
не|не
падете•|падете
и|і
приводить•|пріводіть
къто|къто
вѣрова|вѣрова
г҃ѫ|г҃ѫ
и|і
постꙑдѣ|постъідѣ
сѧ•|сѧ
или|ілі
кто|кто
приꙁъвавъ|прізъвавъ
и|і
и|і
прѣꙁьрѣ|прѣзьрѣ
и•|і
или|ілі
кто|кто
прѣбꙑсть|прѣбъість
въ|въ
страсѣ|страсѣ
ѥго|его
и|і
небрѣгомъ|небрѣгомъ
бꙑсть•|бъість
не|не
малод҃шьствѹи|малод҃шьствоуі
въ|въ
мл҃твѣ|мл҃твѣ
своѥи•|своеі
не|не
бѫди|бѫді
подобьнъ|подобьнъ
въ|въ
ѥгуп͗тѣ|егуптѣ
бꙑвъшиимъ|бъівъшіімъ
людемъ•|людемъ
иже|іже
отъ|отъ
малод҃шьꙗ|малод҃шьꙗ
не|не
похотѣахѫ|похотѣахѫ
послѹшати|послоушаті
мосѣа•|мосѣа
слꙑши|слъіші
ис҃а|іс҃а
наѹгина|наоугіна
г҃лѭшта•|г҃лѭща
храните|храніте
ꙁѣло|зѣло
дш҃ѫ|дш҃ѫ
вашѫ•|вашѫ
любите|любіте
г҃а|г҃а
б҃а|б҃а
вашего•|вашего
и|і
тъ|тъ
побореть|побореть
по|по
васъ•|васъ
ѱаного|псаного
бо|бо
ѥсть|есть
и|і
въ|въ
сѫдьꙗхъ•|сѫдьꙗхъ
не|не
раꙁгнѣваимъ|разгнѣваімъ
г҃а•|г҃а
да|да
не|не
въꙁидеть|възідеть
мадиамъ|мадіамъ
съ|съ
скотꙑ|скотъі
своими•|своімі
и|і
прокѹдить|прокоудіть
плодъ|плодъ
нашъ•|нашъ
и|і
обништаѥмъ|обніщаемъ
ꙁѣло•|зѣло
слꙑшимъ|слъішімъ
же|же
исаиѭ|ісаіѭ
г҃люшта•|г҃люща
ѹтѣшите|оутѣшіте
малод҃шьнꙑꙗ|малод҃шьнъіꙗ
мꙑсльѭ•|мъісльѭ
г҃ь|г҃ь
бо|бо
малод҃шьнъимъ|малод҃шьнъімъ
даѥть|даеть
ѹвѣштаньѥ•|оувѣщанье
и|і
животъ|жівотъ
сътьренъимъ|сътьренъімъ
ср҃цемь•|ср҃цемь
и|і
мꙑ|мъі
ѹбо|оубо
ѹмиленьѥмь|оуміленьемь
съ|съ
д҃вдомь|д҃вдомь
проповѣдаѥмъ|проповѣдаемъ
б҃ви|б҃ві
г҃люште•|г҃люще
въскръбѣхъ|въскръбѣхъ
и|і
малод҃шъствова|малод҃шъствова
д҃хъ|д҃хъ
мои•|моі
и|і
с҃рце|с҃рце
моѥ|мое
съмѧте|съмѧте
сѧ|сѧ
остави|оставі
мѧ|мѧ
крѣпость|крѣпость
моꙗ•|моꙗ
погꙑбе|погъібе
бѣство|бѣство
отъ|отъ
мене|мене
и|і
нѣсть|нѣсть
въꙁискаꙗи|възіскаꙗі
дѹша|доуша
моѥꙗ•|моеꙗ
нъ|нъ
не|не
остави|оставі
мене|мене
г҃и|г҃і
б҃е|б҃е
мои•|моі
не|не
отъстѹпи|отъстоупі
отъ|отъ
мене•|мене
ранꙑ|ранъі
же|же
твоꙗ|твоꙗ
отъими|отъімі
отъ|отъ
мене•|мене
ꙗко|ꙗко
отъ|отъ
крѣпости|крѣпості
рѹкꙑ|роукъі
твоѥꙗ|твоеꙗ
аꙁъ|азъ
исконьчахъ|ісконьчахъ
сѧ•|сѧ
и|і
се|се
ѹдалѣхъ|оудалѣхъ
сѧ|сѧ
бѣгаꙗ•|бѣгаꙗ
и|і
ѹдворихъ|оудворіхъ
сѧ|сѧ
въ|въ
пѹстꙑни•|поустъіні
чаꙗ|чаꙗ
тебѣ|тебѣ
живѧштѧаго|жівѧщѧаго
б҃а•|б҃а
отъ|отъ
малод҃шьꙗ|малод҃шьꙗ
и|і
бѹрѧ•|боурѧ
прильпе|прільпе
ꙁемли|землі
д҃ша|д҃ша
моꙗ•|моꙗ
нъ|нъ
живи|жіві
мѧ|мѧ
по|по
словеси|словесі
твоѥмѹ•|твоемоу
вѣмь|вѣмь
бо|бо
тѧ|тѧ
благꙑи|благъіі
г҃и•|г҃і
ꙗко|ꙗко
ѥгда|егда
ѹнꙑ|оунъі
ср҃це|ср҃це
моѥ•|мое
на|на
камени|камені
въꙁнесеши|възнесеші
мѧ•|мѧ
и|і
даси|дасі
силѹ|сілоу
и|і
дрьжавѫ|дрьжавѫ
любѧштиимъ|любѧщіімъ
тѧ|тѧ
въньмѣмъ|въньмѣмъ
чъто|чъто
и|і
павелъ|павелъ
намъ|намъ
повелѣваѥть•|повелѣваеть
облѣцѣте|облѣцѣте
сѧ|сѧ
ѹбо|оубо
въ|въ
всѧ|всѧ
орѫжьꙗ|орѫжьꙗ
бж҃ьꙗ•|бж҃ьꙗ
да|да
въꙁможете|възможете
стати|статі
противѫ|протівѫ
къꙁнемъ|къзнемъ
непрьꙗꙁнинамъ•|непрьꙗзнінамъ
рече|рече
же|же
и|і
сильнъимъ•|сільнъімъ
ѹтѣшаите|оутѣшаіте
тъштивꙑѧ•|тъщівъіѧ
ѹтврьждаите|оутврьждаіте
немоштьнꙑꙗ•|немощьнъіꙗ
трьпите|трьпіте
къ|къ
всѣмъ•|всѣмъ
симь|сімь
ѹ|оу
бодъхньнъимь|бодъхньнъімь
словесемъ|словесемъ
присно|прісно
поѹчаимъ|пооучаімъ
сѧ•|сѧ
ꙗко|ꙗко
длъжьни|длъжьні
сѫште|сѫще
бꙑти|бъіті
ѹчителе|оучітеле
лѣта|лѣта
ради•|раді
и|і
пакꙑ•|пакъі
пакꙑ|пакъі
трѣбѹѥть|трѣбоуеть
ѹчащааго|оучащааго
васъ•|васъ
и|і
бꙑсте|бъісте
трѣбѹѭште|трѣбоуѭще
млѣка|млѣка
а|а
не|не
тврьдꙑ|тврьдъі
пишта•|піща
добро|добро
ѹбо|оубо
ѥсть|есть
молити|моліті
сѧ•|сѧ
не|не
прити|пріті
къ|къ
намъ|намъ
напасти•|напасті
пришъдъши|прішъдъші
же|же
приимѣмъ|пріімѣмъ
ѭ|ѭ
ꙗко|ꙗко
своѭ|своѭ
а|а
не|не
тѹждѹ•|тоуждоу
съ|съ
трьпѣньѥмь|трьпѣньемь
и|і
благодарьѥмь•|благодарьемь
а|а
ꙗкоже|ꙗкоже
и|і
въ|въ
страсти|страсті
сꙑ|съі
вѣрова|вѣрова
вьсѣмь|вьсѣмь
ср҃цемь•|ср҃цемь
и|і
съмѣренѣ|съмѣренѣ
приѥмлеть|пріемлеть
благодѣть|благодѣть
бестрастьꙗ•|бестрастьꙗ
имаши|імаші
съвѣдѣтельствѹѭште|съвѣдѣтельствоуѭще
ѱаньѥ•|псанье
дьньсь|дьньсь
бо|бо
съ|съ
мноѭ|мноѭ
ѥси|есі
въ|въ
раи•|раі
и|і
вѣра|вѣра
твоꙗ|твоꙗ
с҃пе|с҃пе
тѧ•|тѧ
иди|іді
въ|въ
миръ|міръ
бестрастьꙗ•|бестрастьꙗ
и|і
ѥлико|еліко
таковообраꙁьна•|таковообразьна
и|і
въ|въ
сѣтвѹ|сѣтвоу
ꙁамѧчеть|замѧчеть
гроꙁдъ•|гроздъ
да|да
не|не
пристѹпѧть|прістоупѧть
ѹбо|оубо
враꙁи|вразі
спѣаниꙗ|спѣаніꙗ
нашего•|нашего
раꙁличьнъими|разлічьнъімі
напастьми•|напастьмі
дѫши|дѫші
пакость|пакость
дѣѭште:|дѣѭще
отъ|отъ
печальи|печальі
бо|бо
вѣньци|вѣньці
плетѹть|плетоуть
сѧ•|сѧ
и|і
въ|въ
немошти|немощі
сила|сіла
съврьшаѥть|съврьшаеть
сѧ|сѧ
х҃ва•|х҃ва
нъ|нъ
паче|паче
дрьꙁоѭ|дрьзоѭ
мꙑсльѭ•|мъісльѭ
станѣмъ|станѣмъ
на|на
мл҃твѣ|мл҃твѣ
молѧште|молѧще
вл҃кѫ|вл҃кѫ
своѥго•|своего
и|і
г҃люште•|г҃люще
г҃и|г҃і
ѥдинъ|едінъ
благъ|благъ
и|і
чк҃бць•|чк҃бць
ѥдинъ|едінъ
кротокъ|кротокъ
и|і
смотрьливъ•|смотрьлівъ
ѥдинъи|едінъі
їстиненъ|істіненъ
и|і
правьдивъ•|правьдівъ
ѥдинъи|едінъі
штедръ|щедръ
и|і
милостивъ•|мілостівъ
оч҃е|оч҃е
г҃а|г҃а
нашего|нашего
і҃у|і҃у
х҃а•|х҃а
при|прі
пънъсцѣмь|пънъсцѣмь
пилатѣ|пілатѣ
распѧтаго•|распѧтаго
и|і
въ|въ
третии|третіі
дьнь|дьнь
въставъша•|въставъша
и|і
въшедъша|въшедъша
въ|въ
славѫ|славѫ
своѭ|своѭ
и|і
твоѭ•|твоѭ
да|да
придеть|прідеть
сила|сіла
велииства|велііства
твоѥго•|твоего
на|на
мѧ|мѧ
раба|раба
твоѥго•|твоего
и|і
да|да
ѹкрѣпить|оукрѣпіть
мѧ|мѧ
г҃и|г҃і
благовѣстьѥ|благовѣстье
ѹчениꙗ|оученіꙗ
твоѥго•|твоего
ѥи|еі
вл҃ко|вл҃ко
просвѣти|просвѣті
ми|мі
ѹтробѫ|оутробѫ
и|і
всѧ|всѧ
ѹдꙑ|оудъі
твоѥѭ|твоеѭ
волею•|волею
и|і
очисти|очісті
мѧ|мѧ
отъ|отъ
всеꙗ|всеꙗ
ꙁълобꙑ|зълобъі
и|і
грѣха•|грѣха
и|і
съблюди|съблюді
мѧ|мѧ
бескрьньнꙑ|бескрьньнъі
и|і
бес|бес
порока•|порока
отъ|отъ
всего|всего
дѣиства|дѣіства
сѫпостатова•|сѫпостатова
дарѹи|дароуі
ми|мі
по|по
благости|благості
твоѥи|твоеі
твоꙗ|твоꙗ
раꙁѹмѣвати•|разоумѣваті
твоꙗ|твоꙗ
мꙑслити•|мъісліті
въ|въ
твоихъ|твоіхъ
пожити•|пожіті
твоѥго|твоего
страха|страха
боꙗти|боꙗті
сѧ•|сѧ
до|до
послѣдьнѧго|послѣдьнѧго
дьне|дьне
и|і
часа|часа
и|і
въꙁдꙑханьꙗ•|въздъіханьꙗ
приꙁꙑваѭ|прізъіваѭ
тѧ|тѧ
і҃у|і҃у
х҃е|х҃е
грѣшьнꙑи|грѣшьнъіі
аꙁъ•|азъ
ꙗко|ꙗко
да|да
непосъкажемѣи|непосъкажемѣі
твоѥи|твоеі
милости•|мілості
съблюдеши|съблюдеші
ми|мі
д҃шѫ|д҃шѫ
и|і
тѣло|тѣло
и|і
д҃хъ•|д҃хъ
отъ|отъ
всѧкоꙗ|всѧкоꙗ
сѣти|сѣті
непрьꙗꙁнинꙑ•|непрьꙗзнінъі
ѥи|еі
оч҃е|оч҃е
с҃тъи•|с҃тъі
покрꙑи|покръіі
мѧ|мѧ
твоимь|твоімь
м҃лдьѥмь|м҃лдьемь
раба|раба
твоѥго•|твоего
и|і
не|не
остави|оставі
мене•|мене
да|да
не|не
рекѹть|рекоуть
враꙁи|вразі
мои|моі
ꙗко|ꙗко
поглътихомъ|поглътіхомъ
и|і
ꙗко|ꙗко
тꙑ|тъі
ѥси|есі
ꙁаштититель|защітітель
мои|моі
г҃и•|г҃і
и|і
о|о
тебѣ|тебѣ
пѣньѥ|пѣнье
моѥ|мое
въинѹ•|въіноу
въ|въ
вѣкꙑ|вѣкъі
аминъ•|амінъ
Тако|тако
ѹбо|оубо
пристѫпимъ|прістѫпімъ
къ|къ
благѹмѹ|благоумоу
вл҃цѣ•|вл҃цѣ
и|і
не|не
хѹдод҃шьствѹѥмъ|хоудод҃шьствоуемъ
ни|ні
о|о
чемьже•|чемьже
нъ|нъ
подвигнѣмъ|подвігнѣмъ
сѧ|сѧ
мѫжъскꙑ•|мѫжъскъі
поминаюште|помінающе
наѱаноѥ•|напсаное
рече|рече
же|же
и|і
притъчѭ|прітъчѫ
имъ•|імъ
како|како
подобаѥть|подобаеть
молити|моліті
сѧ•|сѧ
и|і
не|не
сътѫжати|сътѫжаті
си•|сі
и|і
приносить•|пріносіть
а|а
б҃ъ|б҃ъ
не|не
сътворить|сътворіть
ли|лі
мьсти|мьсті
иꙁбьранъихъ|ізбьранъіхъ
своихъ•|своіхъ
въпьѭштиихъ|въпьѭщііхъ
къ|къ
немѫ|немѫ
ношть|нощь
и|і
день•|день
и|і
длъготрьпить•|длъготрьпіть
ѥи|еі
г҃лѭ|г҃лѭ
вамъ•|вамъ
ꙗко|ꙗко
створить|створіть
въ|въ
скорѣ|скорѣ
мьсть|мьсть
ихъ•|іхъ
томѹ|томоу
слава|слава
въ|въ
вѣкꙑ|вѣкъі
вѣкомъ|вѣкомъ
АМИН|амін
п҃ꙅ|п҃з
О|о
ТРОУДѢ|троудѣ
Сѫштеи|сѫщеі
на|на
б҃жьѭ|б҃жьѭ
трѹди•|троуді
с҃псаѭть|с҃псаѭть
чл҃ка•|чл҃ка
и|і
дрьꙁновеньѥ|дрьзновенье
ѥмѹ|емоу
подаѥть|подаеть
къ|къ
б҃ѹ•|б҃оу
г҃леть|г҃леть
бо•|бо
виждь|віждь
съмѣреньѥ|съмѣренье
моѥ|мое
и|і
трѹдъ|троудъ
мои•|моі
и|і
отъпѹсти|отъпоусті
вьсѧ|вьсѧ
грѣхꙑ|грѣхъі
моꙗ•|моꙗ
ꙗко|ꙗко
ѹтрѹдихъ|оутроудіхъ
сѧ|сѧ
въпьꙗи|въпьꙗі
иꙁмлъче|ізмлъче
грътань|грътань
мои•|моі
и|і
очи|очі
мои|моі
ищеꙁете|іщезете
ѹпъваѭштѫ|оупъваѭщѫ
мї|мі
на|на
г҃а|г҃а
б҃а|б҃а
моѥго•|моего
дадимъ|дадімъ
ѹбо|оубо
въꙁлюблении|възлюбленіі
тѣло|тѣло
наше|наше
въ|въ
трѹдъ|троудъ
съ|съ
д҃шеѭ•|д҃шеѭ
въ|въ
постъ|постъ
и|і
бъдѣньѥ•|бъдѣнье
и|і
пѣньꙗ|пѣньꙗ
и|і
молитвꙑ|молітвъі
непрѣстаннꙑ•|непрѣстаннъі
и|і
дѣло|дѣло
рѹчьноѥ•|роучьное
да|да
въсприимемъ|въспріімемъ
мьꙁдѹ•|мьздоу
ѥгда|егда
дасть|дасть
въꙁлюбленꙑимъ|възлюбленъіімъ
своимъ|своімъ
сънъ•|сънъ
ѥже|еже
ѥсть|есть
покои•|покоі
кѹѭ|коуѭ
мьꙁдѹ•|мьздоу
ѥже|еже
ѥсть|есть
наслѣдьникомъ|наслѣдьнікомъ
намъ|намъ
бꙑти•|бъіті
с҃нмъ|с҃нмъ
б҃жьѥмъ•|б҃жьемъ
се|се
бо|бо
ѥсть|есть
мьꙁда|мьзда
плода|плода
чрѣвьнаго•|чрѣвьнаго
сирѣчь•|сірѣчь
въꙁдрьжаньꙗ•|въздрьжаньꙗ
обрѧштѫть|обрѧщѫть
бо|бо
сѧ|сѧ
таковии|таковіі
ꙗко|ꙗко
а҃пли•|а҃плі
паче|паче
же|же
прилежаштеи|прілежащеі
неимѣньствѣ•|неімѣньствѣ
ꙗко|ꙗко
стрѣлꙑ|стрѣлъі
бо|бо
въ|въ
рѹцѣ|роуцѣ
сильнаго•|сільнаго
тако|тако
с҃нве|с҃нве
отътрѧсъшиихъ|отътрѧсъшііхъ
себе|себе
вештьства|вещьства
вѣка|вѣка
сего•|сего
иже|іже
и|і
блажими|блажімі
сѫть•|сѫть
ꙗко|ꙗко
и|і
добрѹ|доброу
похоть|похоть
съврьшаѭште•|съврьшаѭще
и|і
не|не
постꙑдѧть|постъідѧть
сѧ|сѧ
ѥгда|егда
г҃лють|г҃лють
врагомъ|врагомъ
своимъ|своімъ
въ|въ
вратѣхъ•|вратѣхъ
сирѣчь|сірѣчь
въ|въ
врѣмѧ|врѣмѧ
отъ|отъ
тѣлесьнааго|тѣлесьнааго
їсхода•|ісхода
ѥгда|егда
придѹть|прідоуть
лѹкавии|лоукавіі
бѣси•|бѣсі
хотѧште|хотѧще
обьꙗти|обьꙗті
д҃шѫ•|д҃шѫ
отъ|отъ
мѹдрости|моудрості
ѹбо|оубо
съвѣдꙑ•|съвѣдъі
не|не
ѹтрѹдиши|оутроудіші
сѧ|сѧ
до|до
съмрьти|съмрьті
с҃псти|с҃псті
своѭ|своѭ
д҃шѫ•|д҃шѫ
не|не
тъчьѭ|тъчьѭ
же|же
д҃шѫ|д҃шѫ
сп҃саѭть|сп҃саѭть
сѫштеи|сѫщеі
на|на
б҃жьѭ|б҃жьѭ
трѹди•|троуді
нъ|нъ
и|і
тѣло|тѣло
съдраво|съдраво
и|і
беꙁ|без
недѫга|недѫга
сътварѧѭть•|сътварѧѭть
подаваѥть|подаваеть
бо|бо
крѣпость|крѣпость
б҃ъ•|б҃ъ
по|по
прѣдъложеньѭ|прѣдъложеньѭ
чл҃кѹ•|чл҃коу
а|а
праꙁнь|празнь
ꙁълобѣ|зълобѣ
иꙁѹчаѥть|ізоучаеть
трьновѣ•|трьновѣ
въ|въ
рѹкѹ|роукоу
бо|бо
недѣлѧ|недѣлѧ
трьниѥ|трьніе
ничеть•|нічеть
и|і
пѫтьѥ|пѫтье
нетѧжь|нетѧжь
настьлани|настьлані
трьньꙗ•|трьньꙗ
таковии|таковіі
сѫть|сѫть
иже|іже
ничьсоже|нічьсоже
не|не
дѣлаѭть•|дѣлаѭть
нъ|нъ
ꙁъло|зъло
дѣлаѭть•|дѣлаѭть
и|і
клеветаѫште|клеветаѫще
и|і
блѧдѫще•|блѧдѫще
бестрашьѥмь|бестрашьемь
бж҃ьѥмь•|бж҃ьемь
къ|къ
семѫ|семѫ
же|же
и|і
дрьꙁи|дрьзі
сѫть•|сѫть
словесехъ|словесехъ
неключимѣхъ•|неключімѣхъ
виноѫ|віноѫ
рекѹште|рекоуще
ѹченьꙗ•|оученьꙗ
не|не
раꙁѹмѣѭште|разоумѣѭще
ни|ні
ꙗже|ꙗже
г҃лють|г҃лють
ни|ні
о|о
нихъже|ніхъже
съвѣштаѭть•|съвѣщаѭть
ꙗже|ꙗже
и|і
ѱалмопѣвьць|псалмопѣвьць
проричеть|прорічеть
г҃лѧ•|г҃лѧ
въ|въ
трѹдѣхъ|троудѣхъ
чл҃чихъ|чл҃чіхъ
не|не
сѫть•|сѫть
и|і
съ|съ
ч҃лкꙑ|ч҃лкъі
не|не
приимѹть|пріімоуть
ранъ•|ранъ
съгрѣшаѫштеи|съгрѣшаѫщеі
бо•|бо
и|і
не|не
покаѭште|покаѭще
сѧ•|сѧ
нї|ні
ранꙑ|ранъі
приѥмлюште•|пріемлюще
рекъше|рекъше
кажеми|кажемі
сьде|сьде
съ|съ
ч҃лкꙑ•|ч҃лкъі
тамо|тамо
съ|съ
бѣсъми|бѣсъмі
бес|бес
коньца|коньца
мѫчими|мѫчімі
сѫть•|сѫть
сего|сего
ради|раді
мꙑ|мъі
ѱаниѥмь|псаніемь
кажеми|кажемі
ѥсмъ•|есмъ
любити|любіті
трѹда•|троуда
ꙗко|ꙗко
на|на
все|все
строить|строіть
сѧ|сѧ
намъ•|намъ
г҃леть|г҃леть
бо|бо
не|не
въꙁненавиди|възненавіді
болѣꙁньна|болѣзньна
дѣланьꙗ•|дѣланьꙗ
съмѣри|съмѣрі
ꙁѣло|зѣло
д҃шѫ|д҃шѫ
своѭ•|своѭ
и|і
въ|въ
всѣхъ|всѣхъ
дѣлѣхъ|дѣлѣхъ
своихъ|своіхъ
бѫди|бѫді
бꙑстръ•|бъістръ
и|і
недѫжьство|недѫжьство
не|не
сьрѧштеть|сьрѧщеть
тебѣ|тебѣ
въ|въ
похотехъ|похотехъ
бо|бо
ѥсть|есть
всѣ|всѣ
нетѧжа•|нетѧжа
пѫтьѥ|пѫтье
же|же
бръꙁꙑихъ|бръзъііхъ
гладъци•|гладъці
д҃вдъ|д҃вдъ
же•|же
се|се
трѹдъ|троудъ
ѥсть|есть
прѣдъ|прѣдъ
мноѭ•|мноѭ
донъдеже|донъдеже
вънидѫ|вънідѫ
въ|въ
свѣтило|свѣтіло
б҃жъѥ•|б҃жъе
нъ|нъ
и|і
сего|сего
ради|раді
трѹждаѭ|троуждаѭ
сѧ|сѧ
да|да
живъ|жівъ
бѫдѫ|бѫдѫ
до|до
ньца•|ньца
тꙑ|тъі
бо|бо
рече|рече
в҃лко•|в҃лко
аꙁъ|азъ
ѥсмь|есмь
г҃ь|г҃ь
б҃ъ|б҃ъ
твои|твоі
иꙁведъи|ізведъі
тѧ|тѧ
отъ|отъ
ꙁемлѧ|землѧ
ѥгуптьскꙑ•|егуптьскъі
иꙁ|із
домѹ|домоу
работꙑ|работъі
брьньꙗ|брьньꙗ
и|і
плинта•|плінта
скврьн͗нꙑхъ|скврьннъіхъ
врѣдъ•|врѣдъ
добро|добро
же|же
ѥсть|есть
подобити|подобіті
сѧ|сѧ
а҃плѹ•|а҃плоу
рече|рече
бо|бо
самъ•|самъ
бра҇ⷮе•|брате
помните|помніте
трѹдꙑ|троудъі
вашѧ•|вашѧ
и|і
подвиꙁаниꙗ•|подвізаніꙗ
ношть|нощь
и|і
день|день
дѣлаѭште•|дѣлаѭще
да|да
не|не
отѧготимъ|отѧготімъ
ѥтера|етера
отъ|отъ
васъ•|васъ
сами|самі
бо|бо
вѣсте|вѣсте
ꙗко|ꙗко
тѹне|тоуне
хлѣба|хлѣба
не|не
ꙗхомъ•|ꙗхомъ
и|і
къ|къ
корунтиомъ•|корунтіомъ
исъчьтъ|ісъчьтъ
ꙁа|за
благочьтьѥ|благочьтье
подвигꙑ|подвігъі
своꙗ•|своꙗ
приложи|пріложі
въ|въ
трѹдѣхъ|троудѣхъ
и|і
пакꙑ•|пакъі
лише|ліше
ихъ|іхъ
трѹдихъ|троудіхъ
сѧ•|сѧ
не|не
аꙁъ|азъ
же•|же
нъ|нъ
благодѣть|благодѣть
бж҃ьꙗ|бж҃ьꙗ
ꙗже|ꙗже
съ|съ
мноѭ•|мноѭ
подобаѥть|подобаеть
же|же
и|і
намъ|намъ
творити|творіті
ѹбо|оубо
трѹдꙑ•|троудъі
съ|съ
съмѣреньѥмь|съмѣреньемь
же|же
и|і
расѫжденьѥмь•|расѫжденьемь
сирѣчь|сірѣчь
въпрошеньѥмь|въпрошеньемь
д҃ховьнꙑхъ|д҃ховьнъіхъ
о҃ць•|о҃ць
тако|тако
бо|бо
не|не
въпадемъ|въпадемъ
сѧ|сѧ
въ|въ
льсть•|льсть
и|і
рѫгъ|рѫгъ
бѣсовьскъ•|бѣсовьскъ
присно|прісно
бо|бо
роꙁгнѣваѭть•|розгнѣваѭть
нечистии|нечістіі
д҃хове|д҃хове
на|на
тѧ•|тѧ
ихъже|іхъже
не|не
можеть|можеть
съконьчати•|съконьчаті
и|і
послѣжде|послѣжде
порѹгаѥть|пороугаеть
сѧ|сѧ
ѥмѹ•|емоу
г҃лати|г҃латі
же|же
и|і
мѫдровати|мѫдроваті
по|по
аплу҇ⷪ•|аплуо
ѥгда|егда
что|что
исправить•|ісправіть
не|не
аꙁъ|азъ
же|же
нъ|нъ
благодѣть|благодѣть
б҃жьꙗ|б҃жьꙗ
сѫштиѧ|сѫщіѧ
съ|съ
мноѭ•|мноѭ
не|не
тъчьѭ|тъчьѭ
же|же
а҃плъ|а҃плъ
на|на
все|все
обраꙁъ|образъ
намъ|намъ
бꙑсть•|бъість
нъ|нъ
и|і
самъ|самъ
г҃ь|г҃ь
і҃у|і҃у
х҃ъ|х҃ъ
собоѭ|собоѭ
покаꙁа|показа
нꙑ|нъі
всемѹ|всемоу
беꙁгрѣшънъ|безгрѣшънъ
бо|бо
сꙑ|съі
и|і
б҃ъ|б҃ъ
сꙑ•|съі
и|і
не|не
трѣбѹꙗ|трѣбоуꙗ
тѣлесьнꙑихъ|тѣлесьнъііхъ
трѹдъ•|троудъ
все|все
приꙗ|пріꙗ
створити|створіті
и|і
наѹчити|наоучіті
нꙑ•|нъі
пости|пості
бо|бо
сѧ|сѧ
м҃|м҃
дьнъ•|дьнъ
и|і
трѹди|троуді
сѧ|сѧ
отъ|отъ
пѫтьнаго|пѫтьнаго
хожденьꙗ•|хожденьꙗ
и|і
не|не
имѣаше|імѣаше
къде|къде
главꙑ|главъі
подъскꙑтити:|подъскъітіті
и|і
обништьствоваше|обніщьствоваше
въ|въ
мл҃твахъ|мл҃твахъ
бж҃ьѧхъ•|бж҃ьѧхъ
томѹ|томоу
слава|слава
въ|въ
вѣкꙑ|вѣкъі
вѣкомъ|вѣкомъ
АМИН|амін
п҃ꙁ|п҃з
О|о
ТЪШТАНИИ|тъщаніі
Ѥже|еже
на|на
бж҃ьѭ|бж҃ьѭ
тъштаниѥ•|тъщаніе
въ|въ
всѧко|всѧко
врѣмѧ|врѣмѧ
и|і
вешти|вещі
добро|добро
ѥсть•|есть
ѥже|еже
и|і
въ|въ
чл҃цѣ|чл҃цѣ
праваа|праваа
ꙁаповѣдь|заповѣдь
ѥсть•|есть
иꙁ-д-работъ|іздработъ
въ|въ
свободѹ|свободоу
приводѧштиꙗ•|пріводѧщіꙗ
людемъ|людемъ
иꙁ|із
егупта|егупта
съ|съ
тъштаньѥмь|тъщаньемь
повелѣно|повелѣно
бꙑсть|бъість
иꙁити•|ізіті
и|і
на|на
благѫѭ|благѫѭ
ꙁемлю|землю
доити•|доіті
отъ|отъ
тьмьнꙑꙗ|тьмьнъіꙗ
роботꙑ•|роботъі
на|на
свободнꙑи|свободнъіі
свѣтъ•|свѣтъ
и|і
пасхѫ|пасхѫ
съ|съ
тъштаньѥмь•|тъщаньемь
повелѣно|повелѣно
имъ|імъ
бꙑ҇ⷭ|бъіс
ꙗсти•|ꙗсті
и|і
павьлъ|павьлъ
присълаѥть|прісълаеть
тимотѣови|тімотѣові
гл҃ѧ•|гл҃ѧ
потъшти|потъщі
сѧ|сѧ
себе|себе
искѫшена|іскѫшена
поставити|поставіті
прѣдъ|прѣдъ
бм҃ь•|бм҃ь
дѣлателѧ|дѣлателѧ
непостꙑдна•|непостъідна
и|і
приводить•|пріводіть
всѧкъ|всѧкъ
бо|бо
подвижаи|подвіжаі
сѧ|сѧ
в͗сего|всего
въꙁдрьжит|въздрьжіт
сѧ•|сѧ
и|і
инъ•|інъ
аште|аще
видіши|відіші
раꙁѫмива•|разѫміва
и|і
кто|кто
прѣмѫдръ•|прѣмѫдръ
томь|томь
прилѣпи|прілѣпі
сѧ•|сѧ
всѧкѹ|всѧкоу
повѣсть|повѣсть
бж҃ьствьнѫ|бж҃ьствьнѫ
въсхошти|въсхощі
слꙑшати•|слъішаті
и|і
притъча|прітъча
раꙁѹма|разоума
да|да
не|не
ѹбѣжить|оубѣжіть
тебе•|тебе
и|і
пакꙑ•|пакъі
въ|въ
ꙁаповѣдьхъ|заповѣдьхъ
гн҃ѧхъ|гн҃ѧхъ
ѹчи|оучі
сѧ|сѧ
присно•|прісно
съблюди|съблюді
ср҃це|ср҃це
своѥ•|свое
и|і
не|не
отъстѫпаи|отъстѫпаі
отъ|отъ
повѣстьи|повѣстьі
старьчь•|старьчь
ꙗко|ꙗко
отъ|отъ
тѣхъ|тѣхъ
навꙑкнеши|навъікнеші
раꙁѹмѹ•|разоумоу
съ|съ
раꙁѹмнꙑими|разоумнъіімі
бѫди|бѫді
раꙁмꙑшленьѥ|размъішленье
твоѥ•|твое
и|і
всѧ|всѧ
повѣсти|повѣсті
твоꙗ|твоꙗ
въ|въ
ꙁаконѣ|законѣ
вꙑшьнѧаго•|въішьнѧаго
мѫжи|мѫжі
праведьни|праведьні
да|да
бѫдѹть|бѫдоуть
вечерѧѭште|вечерѧѭще
съ|съ
тобоѭ•|тобоѭ
се|се
ѹбо|оубо
всѣмъ|всѣмъ
ѥсть|есть
ключимѹ•|ключімоу
иꙁаштьнѣ|ізащьнѣ
же|же
сѫштиимъ|сѫщіімъ
отъ|отъ
житиискъихъ|жітііскъіхъ
вештии|вещіі
раꙁлѹченомъ•|разлоученомъ
иже|іже
иꙁволиша|ізволіша
приметати|пріметаті
сѧ|сѧ
въ|въ
домѹ|домоу
бж҃ьи•|бж҃ьі
паче|паче
же|же
ꙗже|ꙗже
г҃ь|г҃ь
себѣ|себѣ
приведе•|пріведе
аште|аще
ѹбо|оубо
ѹнꙑньимь|оунъіньімь
облѣнимъ|облѣнімъ
сѧ•|сѧ
въꙁдрѣшѧть|въздрѣшѧть
сѧ|сѧ
и|і
прѣжде|прѣжде
отъдаа|отъдаа
намъ•|намъ
ꙗкоже|ꙗкоже
бо|бо
ꙁлато|злато
раждиꙁаѥмо|раждізаемо
ослаблѧѥть•|ослаблѧеть
то|то
жестость|жестость
створить•|створіть
тако|тако
и|і
тъштивъи•|тъщівъі
аште|аще
облѣнѧѥть|облѣнѧеть
ѥдинъ|едінъ
часъ•|часъ
ѹстꙑждеть|оустъіждеть
отъ|отъ
благодѣти•|благодѣті
абьѥ|абье
нападѫть|нападѫть
имь|імь
мѫхꙑ|мѫхъі
грѣховьнꙑꙗ•|грѣховьнъіꙗ
и|і
просмрадѧть|просмрадѧть
благовоньства|благовоньства
дх҃овьнаго|дх҃овьнаго
дѣланьꙗ|дѣланьꙗ
ѥго•|его
хотѧи|хотѧі
ѹбо|оубо
врага|врага
немоштьна|немощьна
сътворити•|сътворіті
грѣха|грѣха
да|да
обрѣжеть•|обрѣжеть
и|і
обнажѣвъ|обнажѣвъ
крилѹ|крілоу
ꙗко|ꙗко
п͗тица|птіца
рѹгѹ|роугоу
бѫдеть|бѫдеть
лѹкавии|лоукавіі
бо|бо
бѣси|бѣсі
обꙑчаи|объічаі
имѹть|імоуть
паче|паче
въсего|въсего
живота•|жівота
на|на
тъщивꙑꙗ|тъщівъіꙗ
чрьньца•|чрьньца
и|і
беспищьноѥ|беспіщьное
волѧщѧ|волѧщѧ
житьѥ•|жітье
острити|остріті
орѹжьѥ|ороужье
напастьи•|напастьі
и|і
неистовьнѣѥ|неістовьнѣе
паче|паче
на|на
говѣинѣишѧꙗ•|говѣінѣішѧꙗ
и|і
тъщьнѣишаꙗ|тъщьнѣішаꙗ
воѥвати•|воеваті
порѣѭща|порѣѭща
ꙗ|ꙗ
браньми|браньмі
несъстрьп͗нꙑ•|несъстрьпнъі
да|да
бѫ|бѫ
како|како
въꙁмогли|възмоглі
ѹставити|оуставіті
ꙗ|ꙗ
отъ|отъ
мольбꙑ•|мольбъі
подобаѥть|подобаеть
ѹбо|оубо
беꙁлѣн͗ноѥ|безлѣнное
и|і
теплоѥ•|теплое
тъщьнѹмѹ|тъщьноумоу
покаꙁати|показаті
на|на
дѣло|дѣло
молитвьноѥ•|молітвьное
да|да
анг҃ли|анг҃лі
ѹбо|оубо
веселѧще|веселѧще
сѧ|сѧ
прѣбѹдѹть•|прѣбоудоуть
а|а
бѣсове|бѣсове
раними|ранімі
отъбѣгнѫть•|отъбѣгнѫть
сего|сего
ради|раді
ѹбо|оубо
длъжънъ|длъжънъ
ѥсть|есть
тъщаи|тъщаі
сѧ|сѧ
вьсегда|вьсегда
горѣти|горѣті
дх҃омь•|дх҃омь
ꙗкоже|ꙗкоже
бо|бо
раждиꙁаѥмоѥ|раждізаемое
желѣꙁо|желѣзо
все|все
отъ|отъ
своѥго|своего
ѥстьства•|естьства
на|на
огньноѥ|огньное
прѣлагаѥть|прѣлагаеть
сѧ•|сѧ
и|і
бѹдеть|боудеть
все|все
ꙗко|ꙗко
огнь•|огнь
тако|тако
и|і
иже|іже
бв҃и|бв҃і
слѹгꙋѥть•|слоугоуеть
длъжънъ|длъжънъ
ѥсть|есть
отъврѣщи|отъврѣщі
жиискꙑꙗ|жііскъіꙗ
чрънотꙑ•|чрънотъі
и|і
примѣсити|прімѣсіті
сѧ|сѧ
бж҃ствьнѣмь|бж҃ствьнѣмь
огни•|огні
ѥгоже|егоже
г҃ь|г҃ь
приде|пріде
въврѣщи|въврѣщі
въ|въ
ꙁемлѫ|землѫ
и|і
бꙑти|бъіті
вьсь|вьсь
огнемь•|огнемь
да|да
и|і
сѹпостатомъ|соупостатомъ
неꙗтно|неꙗтно
бѫдеть•|бѫдеть
рече|рече
же|же
и|і
ап҃лъ•|ап҃лъ
тъщаньѥмь|тъщаньемь
не|не
лѣностиви•|лѣностіві
дх҃омь|дх҃омь
горѫще•|горѫще
подобаѥть|подобаеть
ѹбо|оубо
порѹчивъшѹмѹ|пороучівъшоумоу
сѧ|сѧ
г҃ю•|г҃ю
съ|съ
чистоѭ|чістоѭ
мꙑсльѭ|мъісльѭ
и|і
дѣаньи|дѣаньі
добрꙑ•|добръі
пѣти|пѣті
съ|съ
давꙑдомь|давъідомь
и|і
гл҃ати•|гл҃аті
ѥдиного|едіного
просихъ|просіхъ
ѹ|оу
г҃а|г҃а
того|того
въꙁищѹ•|възіщоу
да|да
живѫ|жівѫ
въ|въ
домѹ|домоу
г҃ни|г҃ні
всѧ|всѧ
дьни|дьні
живота|жівота
моѥго•|моего
да|да
ꙁьрѫ|зьрѫ
красотꙑ|красотъі
гн҃ѧ•|гн҃ѧ
и|і
ѥже•|еже
аꙁъ|азъ
же|же
ꙗко|ꙗко
маслина|масліна
плодовита|плодовіта
въ|въ
домѹ|домоу
бж҃ии•|бж҃іі
и|і
ѥже•|еже
г҃и|г҃і
въꙁлѫбихъ|възлѫбіхъ
благолѣпьѥ|благолѣпье
домѹ|домоу
твоѥго•|твоего
и|і
мѣсто|мѣсто
вьселенꙑꙗ|вьселенъіꙗ
славꙑ|славъі
твоѥꙗ•|твоеꙗ
ꙗко|ꙗко
въꙁлѫблена|възлѫблена
сила|сіла
твоꙗ|твоꙗ
г҃и|г҃і
г҃и|г҃і
силъ•|сілъ
желаѥть|желаеть
и|і
исконьчаваѥть|ісконьчаваеть
сѧ|сѧ
д҃ша|д҃ша
моꙗ|моꙗ
въ|въ
дворꙑ|дворъі
твоꙗ|твоꙗ
г҃и•|г҃і
блаженъ|блаженъ
бо|бо
ѥгоже|егоже
иꙁбьра|ізбьра
и|і
приꙗтъ•|пріꙗтъ
въселить|въселіть
сѧ|сѧ
въ|въ
дворѣхъ|дворѣхъ
твоихъ•|твоіхъ
и|і
блаженаа|блаженаа
мариꙗ|маріꙗ
лаꙁарѧ|лазарѧ
сестра•|сестра
при|прі
ногѹ|ногоу
сѣдѣше|сѣдѣше
гн҃ю|гн҃ю
претрьпѣваѭщи•|претрьпѣваѭщі
съ|съ
любовьѭ|любовьѭ
многоѭ•|многоѭ
и|і
въ|въ
сласть|сласть
слѹшаѭщи|слоушаѭщі
ѥго•|его
и|і
самъ|самъ
же|же
г҃ь|г҃ь
ѹчить|оучіть
нꙑ|нъі
гл҃ѧ•|гл҃ѧ
подвиꙁаите|подвізаіте
сѧ|сѧ
вънити|въніті
тѣснꙑими|тѣснъіімі
вратꙑ•|вратъі
ꙗко|ꙗко
мноꙁи|мнозі
гл҃ѫть|гл҃ѫть
вамъ•|вамъ
въꙁищѫть|възіщѫть
вънити|въніті
и|і
не|не
въꙁмогѫть•|възмогѫть
томѹ|томоу
слава|слава
въ|въ
вѣкꙑ|вѣкъі
вѣкомъ|вѣкомъ
АМИН|амін
п҃и|п҃і
О|о
СЛОУЖЕНИИ⁘|слоуженіі
Слѹжитель|слоужітель
длъжьнъ|длъжьнъ
ѥсть|есть
прилежьнѣ|прілежьнѣ
слѹжити•|слоужіті
вѣдꙑ|вѣдъі
ꙗко|ꙗко
бж҃ьѥ|бж҃ье
дѣло|дѣло
ѥсть•|есть
и|і
не|не
лѣновати|лѣноваті
ни|ні
о|о
чимьже•|чімьже
или|ілі
ꙁа|за
печаль•|печаль
или|ілі
ꙁа|за
раꙁдраженьѥ•|раздраженье
или|ілі
ꙁа|за
рьвеньѥ|рьвенье
ѥдиноꙗ|едіноꙗ
браⷮꙗ•|братꙗ
прѣпѹщати|прѣпоущаті
и|і
ѹнꙑвати•|оунъіваті
все|все
бо|бо
манастꙑрьскоѥ|манастъірьское
бв҃и|бв҃і
ос҃щно|ос҃щно
ѥсть•|есть
ꙗко|ꙗко
томѹ|томоу
приносимо•|пріносімо
и|і
велицѣ|веліцѣ
подълежить|подълежіть
бѣдѣ|бѣдѣ
лѣностьнѣ|лѣностьнѣ
слѹжаи•|слоужаі
ꙗко|ꙗко
б҃а|б҃а
прѣобидѧ•|прѣобідѧ
ѥльма|ельма
сътвористе|сътворісте
рече•|рече
ѥдиномѹ|едіномоу
сихъ|сіхъ
мнѣ|мнѣ
створисте•|створісте
аще|аще
бо|бо
прилежьнѣ•|прілежьнѣ
аще|аще
ли|лі
лѣностьнѣ|лѣностьнѣ
кто|кто
слѹжить•|слоужіть
на|на
б҃а|б҃а
въсходить|въсходіть
слѹженьѥ|слоуженье
ѥго•|его
въ|въ
истинѫ|істінѫ
ѹбо|оубо
гл҃аше|гл҃аше
иѥремиꙗ•|іереміꙗ
о|о
лѣнѧщихъ|лѣнѧщіхъ
сѧ•|сѧ
проклѧтъ|проклѧтъ
чл҃къ•|чл҃къ
творѧи|творѧі
дѣло|дѣло
г҃не|г҃не
лѣностьнѣ•|лѣностьнѣ
нерадивꙑи|нерадівъіі
бо|бо
мѹжь|моужь
величавъ|велічавъ
и|і
прѣꙁоривъ|прѣзорівъ
ѥсть•|есть
мꙑ|мъі
же|же
кромѣ|кромѣ
клѧтвꙑ|клѧтвъі
сѹще•|соуще
блгс҃лвлньѧ|блгс҃лвлньѧ
же|же
вънѹтрь•|въноутрь
ꙗкоже|ꙗкоже
слѹжителе|слоужітеле
х҃ви•|х҃ві
всѣмь|всѣмь
прилежаньѥмь|прілежаньемь
и|і
тъщаньѥмь•|тъщаньемь
слѹженьѥ|слоуженье
своѥ|свое
иꙁвѣстѹимъ•|ізвѣстоуімъ
да|да
бл҃ньѥ|бл҃нье
наслѣдѹѥмъ•|наслѣдоуемъ
ꙗко|ꙗко
ѹченици|оученіці
бл҃наго•|бл҃наго
рекъшаго•|рекъшаго
идеже|ідеже
ѥсмь|есмь
аꙁъ|азъ
тѹ|тоу
и|і
слѹжитель|слоужітель
мои|моі
бѹдеть•|боудеть
ѹслꙑшимъ|оуслъішімъ
что|что
и|і
ап҃лъ|ап҃лъ
гл҃еть•|гл҃еть
се|се
нꙑнѣ|нъінѣ
рече|рече
врѣмѧ|врѣмѧ
благоприꙗтьно•|благопріꙗтьно
се|се
нꙑнѣ|нъінѣ
дн҃ь|дн҃ь
сп҃сньꙗ•|сп҃сньꙗ
ниѥдиного|ніедіного
ничимьже|нічімьже
даѭще|даѭще
прѣтꙑканьꙗ•|прѣтъіканьꙗ
да|да
непорочьно|непорочьно
бѹдеть|боудеть
слѹженьѥ•|слоуженье
нъ|нъ
о|о
всемь|всемь
съставлѧѭще|съставлѧѭще
сѧ|сѧ
ꙗко|ꙗко
бж҃ьꙗ|бж҃ьꙗ
слѹгꙑ•|слоугъі
въ|въ
трьпѣнии|трьпѣніі
мноꙁѣ•|мнозѣ
въ|въ
скрьбьхъ|скрьбьхъ
въ|въ
бѣдахъ•|бѣдахъ
въ|въ
тѹгахъ|тоугахъ
въ|въ
трѹдѣхъ•|троудѣхъ
въ|въ
ꙁабъдѣньихъ•|забъдѣньіхъ
въ|въ
длъготрьпѣньи•|длъготрьпѣньі
въ|въ
любъве|любъве
нелицемѣрьнѣ•|неліцемѣрьнѣ
въ|въ
словеси|словесі
истиньнѣ•|істіньнѣ
и|і
пакꙑ•|пакъі
ꙗко|ꙗко
раби|рабі
х҃ви|х҃ві
волю|волю
творѧще|творѧще
ѥго|его
отъ|отъ
дш҃ѧ•|дш҃ѧ
съ|съ
любовьѭ|любовьѭ
слѹжаще|слоужаще
ꙗко|ꙗко
г҃ю|г҃ю
а|а
не|не
чл҃вкомъ•|чл҃вкомъ
и|і
па҇ⷦ|пак
братиѥ|братіе
тврьди|тврьді
бꙑваите|бъіваіте
непостѹпьни•|непостоупьні
иꙁбꙑтъчьствѹѭще|ізбъітъчьствоуѭще
въ|въ
дѣлѣ|дѣлѣ
г҃ни|г҃ні
вьсегда•|вьсегда
вѣдѹще|вѣдоуще
ꙗко|ꙗко
ѹсильѥ|оусілье
ваше|ваше
не|не
бѹдеть|боудеть
тъще|тъще
о|о
г҃и•|г҃і
и|і
къ|къ
тимотеѹ•|тімотеоу
трѣꙁви|трѣзві
сѧ|сѧ
въ|въ
вьсѣхъ•|вьсѣхъ
дѣло|дѣло
сътвори|сътворі
ѥван҃глиста•|еван҃гліста
слѹженьѥ|слоуженье
своѥ|свое
иꙁвѣсти•|ізвѣсті
рече|рече
же|же
и|і
о|о
себѣ•|себѣ
нꙑнѣ|нъінѣ
же|же
грѧдѫ|грѧдѫ
въ|въ
молитвахъ|молітвахъ
слѹжѧ|слоужѧ
ст҃ꙑимъ•|ст҃ъіімъ
нъ|нъ
поспѣшьствѹите|поспѣшьствоуіте
ми|мі
въ|въ
млт҃вахъ•|млт҃вахъ
да|да
слѹжъба|слоужъба
моꙗ|моꙗ
приꙗта|пріꙗта
ст҃ꙑими|ст҃ъіімі
да|да
бѫдеть•|бѫдеть
и|і
раꙁѹмѣимъ|разоумѣімъ
сами|самі
браⷮѥ•|брате
ап҃ли|ап҃лі
и|і
стлъпи|стлъпі
цр҃квьнии|цр҃квьніі
съ|съ
кацѣмь|кацѣмь
подвигомь|подвігомь
и|і
любовьѭ•|любовьѭ
слѹжахѫ|слоужахѫ
сѹщиимъ|соущіімъ
въ|въ
иі҃мѣ•|іі҃мѣ
нищиим͗|ніщіім
рече|рече
же|же
и|і
инѣмъ•|інѣмъ
не|не
обидьливъ|обідьлівъ
бо|бо
б҃ъ|б҃ъ
ꙁабꙑти|забъіті
дѣла|дѣла
вашего|вашего
и|і
любъве•|любъве
ѭже|ѭже
ꙗвисте|ꙗвісте
въ|въ
имѧ|імѧ
ѥго•|его
послѹжъше|послоужъше
ст҃ꙑимъ•|ст҃ъіімъ
и|і
слѹжаще•|слоужаще
и|і
приводить•|пріводіть
аще|аще
къто|къто
гл҃еть|гл҃еть
ꙗко|ꙗко
словеса|словеса
бж҃ьꙗ•|бж҃ьꙗ
аще|аще
кто|кто
слѹжить|слоужіть
ꙗко|ꙗко
отъ|отъ
силꙑ|сілъі
ѭже|ѭже
даѥть|даеть
б҃ъ•|б҃ъ
гм҃ь|гм҃ь
нашимь|нашімь
і҃у|і҃у
хм҃ь•|хм҃ь
г҃ь|г҃ь
же•|же
аще|аще
кто|кто
мнѣ|мнѣ
слѹжить•|слоужіть
почьтеть|почьтеть
и|і
оц҃ь|оц҃ь
мои•|моі
и|і
пакꙑ•|пакъі
аꙁъ|азъ
же|же
ѥсмь|есмь
посредѣ|посредѣ
васъ•|васъ
ꙗко|ꙗко
слѹжаи•|слоужаі
ибо|ібо
сн҃ъ|сн҃ъ
чл҃вчь•|чл҃вчь
не|не
приде|пріде
да|да
послѹжать|послоужать
ѥмѹ•|емоу
нъ|нъ
да|да
послѹжить•|послоужіть
и|і
дати|даті
дш҃ѫ|дш҃ѫ
своѭ|своѭ
иꙁбавлениѥ|ізбавленіе
ꙁа|за
многꙑ•|многъі
томѹ|томоу
слава|слава
въ|въ
вѣкꙑ|вѣкъі
вѣкомъ|вѣкомъ
АМИН|амін
п҃ѳ⁘|п҃ѳ
О|о
НЕСЪТѦЖАНИИ⁘|несътѧжаніі
Неимѣньство|неімѣньство
цѣломѹдрьѥ|цѣломоудрье
житьѥ|жітье
мнихѹ|мніхоу
ѹкаꙁаѥть•|оуказаеть
беꙁъ|безъ
имѣньꙗ|імѣньꙗ
сꙑ|съі
чрьньць•|чрьньць
орьлъ|орьлъ
ѥсть|есть
вꙑсоче|въісоче
парѧ•|парѧ
беꙁобьдѧи|безобьдѧі
чрьньць•|чрьньць
малъихъ|малъіхъ
ѥсть•|есть
да|да
въ|въ
наслажденьи|наслажденьі
многꙑхъ|многъіхъ
бѹдеть•|боудеть
не|не
сънискаꙗи|съніскаꙗі
съвѣсть•|съвѣсть
ꙗко|ꙗко
пришьльць|прішьльць
ѥсть|есть
на|на
ꙁемли•|землі
ничьсоже|нічьсоже
бо|бо
наносѧ•|наносѧ
врѣменьнаго|врѣменьнаго
вѣка•|вѣка
ꙗвѣ|ꙗвѣ
ѥсть|есть
ꙗко|ꙗко
нетьлѣѭщиихъ|нетьлѣѭщііхъ
желаѥть•|желаеть
беꙁдомьнꙑи•|бездомьнъіі
подобитъ|подобітъ
илии|іліі
и|і
иоаннѹ|іоанноу
обрѣтаѥть|обрѣтаеть
сѧ•|сѧ
и|і
гл҃ѫщиимъ•|гл҃ѫщіімъ
се|се
оставихомъ|оставіхомъ
всѧ|всѧ
и|і
въ|въ
слѣдъ|слѣдъ
тебе|тебе
идохомъ•|ідохомъ
что|что
ѹбо|оубо
бѹдеть|боудеть
намъ•|намъ
и|і
слꙑшашѧ|слъішашѧ
отъ|отъ
сп҃са•|сп҃са
ꙗко|ꙗко
въї|въі
оставльшеи|оставльшеі
всѧ|всѧ
и|і
въ|въ
слѣдъ|слѣдъ
мене|мене
шьдъше•|шьдъше
множаѥ|множае
въ|въ
сто|сто
приимете|пріімете
въ|въ
вѣцѣ|вѣцѣ
семь•|семь
а|а
въ|въ
бѹдѹщемь|боудоущемь
жиꙁнь|жізнь
вѣчьнѫѭ•|вѣчьнѫѭ
нищии|ніщіі
б҃а|б҃а
ради|раді
на|на
ꙁемли|землі
ѹбо|оубо
ходѧть•|ходѧть
а|а
житьѥ|жітье
на|на
небесѣхъ|небесѣхъ
имѹть•|імоуть
беꙁъимѣньства|безъімѣньства
бо|бо
ради|раді
ан҃глмъ|ан҃глмъ
ретьствѹѭть•|ретьствоуѭть
правьдьникомъ|правьдьнікомъ
съликъствѹѭть•|сълікъствоуѭть
отъвращаꙗ|отъвращаꙗ
бо|бо
сѧ|сѧ
ꙁемьнъихъ•|земьнъіхъ
нб҃снꙑихъ|нб҃снъііхъ
доꙁьрить•|дозьріть
видиши|відіші
ли|лі
колико|коліко
раꙁньство•|разньство
ѥже|еже
оставити|оставіті
малолѣтьнаа•|малолѣтьнаа
и|і
вънѹтрь|въноутрь
бꙑти|бъіті
вѣчьнъихъ|вѣчьнъіхъ
благъ•|благъ
оставити|оставіті
тьлѣѭща•|тьлѣѭща
и|і
въ|въ
наслажденьи|наслажденьі
бꙑти|бъіті
ѹготованъихъ•|оуготованъіхъ
любѧщиимъ|любѧщіімъ
б҃а•|б҃а
ихъже|іхъже
око|око
не|не
видѣло•|відѣло
ни|ні
ѹхо|оухо
слꙑшало•|слъішало
ни|ні
на|на
ср҃дце|ср҃дце
чл҃кѹ|чл҃коу
не|не
въшьло•|въшьло
ненавидѧи|ненавідѧі
бо|бо
мира|міра
сего|сего
и|і
мамонꙑ•|мамонъі
добро|добро
ꙗвѣ|ꙗвѣ
ꙗко|ꙗко
миротворьца|міротворьца
любить•|любіть
мьньшиихъ|мьньшііхъ
бо|бо
небрѣгъ•|небрѣгъ
лѹчьшиихъ|лоучьшііхъ
желаѥть•|желаеть
велиꙗ|веліꙗ
ѹбо|оубо
дш҃а•|дш҃а
и|і
б҃олюбивꙑ|б҃олюбівъі
ѥсть•|есть
ꙁнаменьѥ|знаменье
беꙁиꙁмѣньство•|безізмѣньство
таковꙑи|таковъіі
наслѣдьникъ|наслѣдьнікъ
бж҃ии•|бж҃іі
сънаслѣдьникъ|сънаслѣдьнікъ
же|же
х҃въ|х҃въ
бꙑваѥть•|бъіваеть
хотѧи|хотѧі
ѹбо|оубо
сътѧжати|сътѧжаті
многоцѣньнаго|многоцѣньнаго
бисьра•|бісьра
то|то
настоꙗщаа|настоꙗщаа
благаа|благаа
съ|съ
радостьѭ|радостьѭ
всѧ|всѧ
раꙁдаѥть•|раздаеть
да|да
село|село
сѫщеѥ|сѫщее
сътѧжить•|сътѧжіть
въ|въ
немьже|немьже
обрѧщеть|обрѧщеть
богатьство|богатьство
съкръвено|съкръвено
животьноѥ•|жівотьное
ѥгда|егда
бо|бо
кто|кто
раꙁдаѥть|раздаеть
житиискоѥ|жітііское
богатьство•|богатьство
тъгда|тъгда
обрѧщеть|обрѧщеть
мѣсто•|мѣсто
въ|въ
немьже|немьже
благодѣть|благодѣть
бж҃ьꙗ|бж҃ьꙗ
съкръвена|съкръвена
ѥсть•|есть
ꙁѣло|зѣло
бо|бо
польꙁьно|пользьно
ѥсть|есть
намъ•|намъ
ѥгда|егда
поꙁнавъшѥмъ|познавъшемъ
намъ|намъ
пѫть|пѫть
бл҃гочьстьꙗ•|бл҃гочьстьꙗ
абьѥ|абье
всѧ|всѧ
сѹщаꙗ|соущаꙗ
ѹ|оу
насъ|насъ
имѣньꙗ|імѣньꙗ
распродати•|распродаті
по|по
ꙁаповѣди|заповѣді
гн҃и•|гн҃і
а|а
не|не
виноѭ|віноѭ
хотѣти|хотѣті
въинѫ•|въінѫ
ꙁаповѣди|заповѣді
тварѧти•|тварѧті
послѹшаѭще|послоушаѭще
сп҃снаго|сп҃снаго
повелѣньꙗ•|повелѣньꙗ
прьвоѥ|прьвое
бо|бо
бѹдеть|боудеть
намъ|намъ
отъ|отъ
сего•|сего
доброѥ|доброе
беспечальѥ•|беспечалье
и|і
отътѹдѣ|отътоудѣ
бескрамольнаа|бескрамольнаа
нищета•|ніщета
г҃леть|г҃леть
бо|бо
ап҃лъ•|ап҃лъ
нѣсть|нѣсть
намъ|намъ
брань|брань
къ|къ
кръви|кръві
и|і
плъти•|плъті
се|се
о|о
страстовьнꙑхъ|страстовьнъіхъ
ꙁаконѣхъ|законѣхъ
съкаꙁаѥть•|съказаеть
ꙗкоже|ꙗкоже
бо|бо
они|оні
не|не
тъчьѭ|тъчьѭ
съвлъкъше|съвлъкъше
сѧ•|сѧ
начало|начало
подвиꙁаньꙗ|подвізаньꙗ
съвлѣщи|съвлѣщі
сѧ•|сѧ
нъ|нъ
и|і
постригъше|пострігъше
власꙑ•|власъі
помаꙁавъше|помазавъше
сѧ|сѧ
масломь•|масломь
да|да
не|не
въꙁдращеньѥмь|въздращеньемь
власъ•|власъ
въдадѧть|въдадѧть
сѧ|сѧ
на|на
побѣжденьѥ•|побѣжденье
нъ|нъ
и|і
въспоплъꙁнѹти|въспоплъзноуті
сѧ|сѧ
приготоваѭть|пріготоваѭть
сѫпостатѹ|сѫпостатоу
рѹкама•|роукама
тако|тако
и|і
мꙑ|мъі
аще|аще
вѣньчити|вѣньчіті
бꙑти|бъіті
желаѥмъ•|желаемъ
съвлъкъше|съвлъкъше
сѧ|сѧ
ветъхаго|ветъхаго
чл҃ка|чл҃ка
съ|съ
дѣаньи|дѣаньі
ѥго•|его
и|і
вънѣщьнѧа|вънѣщьнѧа
остригъше•|острігъше
и|і
на|на
милостꙑнѧ|мілостъінѧ
раꙁгѹбивъше•|разгоубівъше
наꙁи|назі
всѧкоꙗ|всѧкоꙗ
печали|печалі
и|і
беꙁ-д-риꙁꙑ•|бездрізъі
на|на
стадии|стадіі
добрꙑꙗ|добръіꙗ
дѣтѣли|дѣтѣлі
въꙁидѣмъ•|възідѣмъ
рече|рече
же|же
и|і
къ|къ
ѥврѣѡмъ•|еврѣомъ
съ|съ
ѭꙁьникꙑ|ѭзьнікъі
пострадасте•|пострадасте
и|і
расхꙑщеньѥ|расхъіщенье
имѣнии|імѣніі
вашихъ•|вашіхъ
съ|съ
радостьѭ|радостьѭ
приꙗсте•|пріꙗсте
вѣдѹще|вѣдоуще
имѣти|імѣті
себѣ|себѣ
добрѣѥ|добрѣе
имѣньѥ•|імѣнье
на|на
небесѣхъ|небесѣхъ
и|і
прѣбꙑваѭще•|прѣбъіваѭще
ѱаломьникъ|псаломьнікъ
же•|же
богатьство|богатьство
аще|аще
мимотѣкаѥть|мімотѣкаеть
не|не
прилагаите|прілагаіте
ср҃дць•|ср҃дць
добрѣ|добрѣ
же|же
рече|рече
аще|аще
мимотѣкаѥть•|мімотѣкаеть
потокѹ|потокоу
бо|бо
точно|точно
мимоходѧть|мімоходѧть
нꙑ|нъі
всѧ|всѧ
мира|міра
сего•|сего
дьньсь|дьньсь
сего•|сего
а|а
ѹтрѣ|оутрѣ
дрѹгаго|дроугаго
бꙑваѭща•|бъіваѭща
мꙑ|мъі
ѹбо|оубо
дв҃дскаа|дв҃дскаа
съ|съ
дв҃домь|дв҃домь
въспѣваимъ•|въспѣваімъ
ѥже|еже
хожахъ|хожахъ
въ|въ
пространьствѣ•|пространьствѣ
ꙗко|ꙗко
ꙁаповѣдьи|заповѣдьі
твоихъ|твоіхъ
въꙁискахъ•|възіскахъ
и|і
въꙁлюбихъ|възлюбіхъ
ꙁаповѣди|заповѣді
твоꙗ|твоꙗ
паче|паче
ꙁлата|злата
и|і
тѹмпаꙁиꙗ•|тоумпазіꙗ
и|і
нищь|ніщь
и|і
ѹбогъ|оубогъ
въсхвалѧть|въсхвалѧть
тѧ|тѧ
г҃и•|г҃і
г҃ь|г҃ь
же|же
богатѹмѹ•|богатоумоу
аще|аще
хощеши|хощеші
съврьшенъ|съврьшенъ
бꙑти•|бъіті
иди|іді
продажди|продажді
си|сі
имѣньꙗ•|імѣньꙗ
и|і
раꙁдаи|раздаі
нищимъ•|ніщімъ
и|і
имѣти|імѣті
имаши|імаші
съкровища|съкровіща
на|на
н҃бсехъ•|н҃бсехъ
и|і
грѧди|грѧді
въ|въ
слѣдъ|слѣдъ
мене|мене
въꙁьмъ|възьмъ
крс҃тъ•|крс҃тъ
томѹ|томоу
слава|слава
въ|въ
вѣкꙑ|вѣкъі
вѣкомъ|вѣкомъ
АМИН|амін
ҁ҃|ҁ҃
О|о
ПЛАЧИ|плачі
Плаканьѥ|плаканье
съпричастьно|съпрічастьно
ѥсть|есть
беꙁꙑмѣньствѹ•|безъімѣньствоу
и|і
всѣмъ|всѣмъ
намъ|намъ
съчьтно|съчьтно
ѥсть|есть
и|і
польꙁьно•|пользьно
не|не
тъчьѭ|тъчьѭ
бо|бо
дѣлаѥть|дѣлаеть
дѣтѣли•|дѣтѣлі
нъ|нъ
и|і
хранить•|храніть
и|і
по|по
прѣстѹпленьи|прѣстоупленьі
ѥже|еже
отъсѫдѣ•|отъсѫдѣ
виновьнѣ|віновьнѣ
радости|радості
вѣчнѣи|вѣчнѣі
до|до
коньца|коньца
дрьжащиимъ|дрьжащіімъ
ѥ|е
бꙑваѥть•|бъіваеть
и|і
ѹтѣшеньꙗ|оутѣшеньꙗ
ходатаино|ходатаіно
по|по
словеси|словесі
г҃нѫ•|г҃нѫ
ꙁа|за
то|то
ѹбо|оубо
прѣжде|прѣжде
всего|всего
молимъ|молімъ
б҃а•|б҃а
да|да
ѥ|е
дасть|дасть
намъ|намъ
нераꙁлѹчно•|неразлоучно
все|все
врѣмѧ|врѣмѧ
живота|жівота
нашего•|нашего
рачителе|рачітеле
бо|бо
планиꙗ|планіꙗ
имѹще|імоуще
ѥ|е
прилежьно•|прілежьно
и|і
въ|въ
мл҃твѣ|мл҃твѣ
прѣбꙑваѭть•|прѣбъіваѭть
и|і
таковии|таковіі
облачаѭть|облачаѭть
сѧ•|сѧ
въ|въ
орѹжьꙗ|ороужьꙗ
свѣта•|свѣта
и|і
ѹслꙑшаваѭть•|оуслъішаваѭть
твоꙗ|твоꙗ
же|же
одежда|одежда
тепла•|тепла
а|а
враꙁи|вразі
ихъ|іхъ
ꙗко|ꙗко
и|і
въ|въ
сѹгѹбицѫ|соугоубіцѫ
въ|въ
срамъ|срамъ
облѣкѹть|облѣкоуть
сѧ•|сѧ
и|і
прѣмѣненьꙗ|прѣмѣненьꙗ
плача|плача
сѫть•|сѫть
ꙗкоже|ꙗкоже
ѥ|е
речено|речено
нб҃снаа|нб҃снаа
радость•|радость
и|і
пища|піща
несъкажема•|несъкажема
и|і
слава|слава
неиꙁг҃лема•|неізг҃лема
и|і
веселиѥ|веселіе
непрѣстанъно•|непрѣстанъно
семѹ|семоу
бо|бо
отъ|отъ
ѥклисиаста|еклісіаста
кажеми|кажемі
ѥсмъ|есмъ
г҃лѫщиимь•|г҃лѫщіімь
добро|добро
ити|іті
въ|въ
д҃нь|д҃нь
плача•|плача
нежели|нежелі
ити|іті
въ|въ
домъ|домъ
пира•|піра
и|і
па҇ⷦ•|пак
ср҃дце|ср҃дце
мѹдрꙑихъ|моудръііхъ
въ|въ
домѹ|домоу
плача•|плача
ср҃дце|ср҃дце
же|же
беꙁѹмьнꙑхъ|безоумьнъіхъ
въ|въ
домѹ|домоу
веселиꙗ•|веселіꙗ
и|і
сираховичь|сіраховічь
рече•|рече
не|не
лиши|ліші
сѧ|сѧ
отъ|отъ
плацѫщиихъ•|плацѫщііхъ
и|і
съ|съ
рꙑдаѭщими|ръідаѭщімі
рꙑдаи•|ръідаі
гл҃еть|гл҃еть
же|же
и|і
пр҃къ|пр҃къ
амосъ•|амосъ
се|се
дьньѥ|дьнье
грѧдѹть|грѧдоуть
г҃леть|г҃леть
г҃ь•|г҃ь
и|і
посълѫ|посълѫ
на|на
ꙁемлѭ•|землѭ
не|не
глада|глада
хлѣбьна•|хлѣбьна
ни|ні
жажда|жажда
водьнꙑ•|водьнъі
нъ|нъ
гладъ|гладъ
не|не
ѹслꙑшить|оуслъішіть
словесе|словесе
гн҃ѧ•|гн҃ѧ
и|і
въсплачеть|въсплачеть
ꙁемлѧ|землѧ
и|і
сѫщаа|сѫщаа
на|на
неи•|неі
нꙑнѣ|нъінѣ
же|же
събꙑсть|събъість
сꙗ|сꙗ
прч҃ство|прч҃ство
въ|въ
врѣмена|врѣмена
нашѧ•|нашѧ
вси|всі
ѹбо|оубо
ѹклонихомъ|оуклоніхомъ
сѧ|сѧ
въкѹпѣ|въкоупѣ
непотрѣбни|непотрѣбні
бꙑхомъ•|бъіхомъ
рече|рече
же|же
исаиꙗ•|ісаіꙗ
сего|сего
ради|раді
рѣхъ•|рѣхъ
оставите|оставіте
мѧ|мѧ
горьцѣ|горьцѣ
плакати|плакаті
сѧ•|сѧ
скрѹшенꙑ|скроушенъі
рода|рода
моѥго•|моего
не|не
моꙁѣте|мозѣте
ѹтѣшати|оутѣшаті
мене•|мене
и|і
їѥремиꙗ•|іереміꙗ
кто|кто
дасть|дасть
главѣ|главѣ
моѥи|моеі
водѹ•|водоу
и|і
очима|очіма
моима|моіма
источьникъ|істочьнікъ
сльꙁъ•|сльзъ
да|да
плачѫ|плачѫ
дн҃ь|дн҃ь
и|і
нощь•|нощь
г҃лаше|г҃лаше
же|же
и|і
людемъ•|людемъ
да|да
источать|істочать
очеса|очеса
вашѧ|вашѧ
сльꙁꙑ|сльзъі
дн҃ь|дн҃ь
и|і
нощь•|нощь
нъ|нъ
въ|въ
насъ|насъ
нѣсть|нѣсть
раꙁѹмѣѭщаго•|разоумѣѭщаго
прѣжде|прѣжде
бо|бо
ѱанаа•|псанаа
на|на
насъ|насъ
сотъкнѫша|сотъкнѫша
сѧ•|сѧ
даниилъ|даніілъ
же•|же
и|і
дахъ|дахъ
лице|ліце
своѥ|свое
къ|къ
г҃ѹ|г҃оу
б҃ѹ|б҃оу
моѥмѹ•|моемоу
въ|въ
постѣ|постѣ
и|і
въ|въ
врѣтищи•|врѣтіщі
и|і
дв҃дъ|дв҃дъ
ꙗко|ꙗко
плача|плача
и|і
сѣтѹꙗ|сѣтоуꙗ
тако|тако
съмѣрихъ|съмѣріхъ
сѧ•|сѧ
и|і
пострадахъ|пострадахъ
и|і
сълѧкохъ|сълѧкохъ
сѧ|сѧ
до|до
коньца•|коньца
вьсь|вьсь
дн҃ь|дн҃ь
сѣтѹꙗ|сѣтоуꙗ
хождахъ•|хождахъ
ꙗко|ꙗко
лѧдвьꙗ|лѧдвьꙗ
моꙗ|моꙗ
наплъниша|наплъніша
сѧ|сѧ
порѹгании•|пороуганіі
и|і
иѡвъ•|іовъ
стрѣлꙑ|стрѣлъі
искѹситель|іскоусітель
ѥго|его
на|на
мънѣ•|мънѣ
и|і
ѹтроба|оутроба
моꙗ|моꙗ
ѿ|от
плача|плача
съгорѣ•|съгорѣ
на|на
вѣждѫ|вѣждѫ
же|же
моѥѭ|моеѭ
стѣнь|стѣнь
съмрьти•|съмрьті
вънемлѣмъ|вънемлѣмъ
ѹбо|оубо
и|і
мꙑ|мъі
любии•|любіі
и|і
раꙁѹмѣимъ|разоумѣімъ
житиꙗ|жітіꙗ
ст҃хъ|ст҃хъ
мѹжь•|моужь
како|како
лѣта|лѣта
своꙗ|своꙗ
проводиша|проводіша
въ|въ
плачи|плачі
и|і
врѣтищи|врѣтіщі
и|і
въпли•|въплі
и|і
бꙑша|бъіша
оꙁлоблени|озлоблені
бж҃ии•|бж҃іі
си|сі
же|же
наѱана|напсана
бꙑша•|бъіша
да|да
нꙑ|нъі
въ|въ
ꙁависть|завість
желаньꙗ|желаньꙗ
плачевьнаго|плачевьнаго
приведѹть•|пріведоуть
да|да
бꙑша|бъіша
бꙑли|бъілі
намъ|намъ
сльꙁꙑ|сльзъі
хлѣбъ|хлѣбъ
д҃нь|д҃нь
и|і
нощь•|нощь
и|і
да|да
бимъ|бімъ
на|на
всѧкѫ|всѧкѫ
нощь•|нощь
постелю|постелю
своѭ|своѭ
сльꙁами|сльзамі
ѹмакали•|оумакалі
и|і
очистили|очістілі
сѧ|сѧ
скврьнꙑ•|скврьнъі
ѥѭже|еѭже
облежими|облежімі
ѥсмъ•|есмъ
ꙗко|ꙗко
да|да
достоини|достоіні
бѹдемъ|боудемъ
облѣщи|облѣщі
сѧ|сѧ
въ|въ
риꙁѹ|різоу
брачнѹѭ•|брачноуѭ
не|не
облачаи|облачаі
бо|бо
сѧ|сѧ
въ|въ
нѫ|нѫ
вънъ|вънъ
иꙁгънанъ|ізгънанъ
бѹдеть•|боудеть
їмѹще|імоуще
ѹбо|оубо
такого|такого
блага|блага
вл҇ⷣкѫ|влдкѫ
и|і
неꙁълобива•|незълобіва
молимъ|молімъ
сѧ|сѧ
ѥмѹ|емоу
въꙁдꙑханьѥм͗|въздъіханьем
и|і
сльꙁами•|сльзамі
да|да
свѣтьлоодежьни|свѣтьлоодежьні
обрѧщемъ|обрѧщемъ
сѧ|сѧ
въ|въ
пришьствьи|прішьствьі
ѥго•|его
любить|любіть
бо|бо
съпасеньѥ|съпасенье
наше•|наше
сего|сего
бо|бо
ради|раді
и|і
повелѣваѥть|повелѣваеть
отънѧти•|отънѧті
скврьньнꙑꙗ|скврьньнъіꙗ
риꙁꙑ•|різъі
исꙋсꙋ|ісоусоу
иѡседековѹ•|іоседековоу
и|і
облѣщи|облѣщі
сѧ|сѧ
въ|въ
подиръ•|подіръ
гл҃еть|гл҃еть
бо|бо
ѥмѹ•|емоу
се|се
отъꙗхъ|отъꙗхъ
беꙁаконеньꙗ|безаконеньꙗ
твоꙗ•|твоꙗ
и|і
намъ•|намъ
блажени|блажені
плачѫщии|плачѫщіі
сѧ|сѧ
ꙗко|ꙗко
ти|ті
ѹтѣшать|оутѣшать
сѧ•|сѧ
бл҃жени|бл҃жені
плачѫщеи|плачѫщеі
сѧ|сѧ
нꙑнѧ•|нъінѧ
ꙗко|ꙗко
ти|ті
въсмѣѭть|въсмѣѭть
сѧ•|сѧ
томѹ|томоу
слава|слава
б҃ѹ|б҃оу
нашемѹ|нашемоу
въ|въ
вѣкꙑ|вѣкъі
вѣкомъ|вѣкомъ
АМИН|амін
ҁ҃а|ҁ҃а
⁘О|о
ТОМЬ|томь
ѤЖЕ|еже
ВРѢМѦ⁘|врѣмѧ
⁘ѤСТЬ|есть
В͗СѦЦѢИ|всѧцѣі
ВЕЩИ⁘|вещі
Врѣмѧ|врѣмѧ
ѹбо|оубо
всѧкои|всѧкоі
вещи|вещі
ѥсть•|есть
раꙁвѣ|развѣ
мл҃твꙑ•|мл҃твъі
мл҃тва|мл҃тва
бо|бо
всег҇ⷣа|всегда
врѣмѧ|врѣмѧ
имать|імать
блгв҃лѫ|блгв҃лѫ
бо|бо
рече|рече
г҃а|г҃а
на|на
всѧко|всѧко
врѣмѧ•|врѣмѧ
въинѹ|въіноу
хвала|хвала
ѥго|его
въ|въ
ѹстѣхъ|оустѣхъ
моихъ•|моіхъ
и|і
непрѣстаѭще|непрѣстаѭще
молите:|моліте
ї|і
о|о
всемь|всемь
бл҃годарите•|бл҃годаріте
о|о
инѣхъ|інѣхъ
бо|бо
вещьхъ|вещьхъ
ꙗко|ꙗко
подобаѥть|подобаеть
врѣмене|врѣмене
смотрити•|смотріті
и|і
года|года
ꙁьрѣти•|зьрѣті
семѹ|семоу
отъ|отъ
ѥклисиаста|еклісіаста
кажеми|кажемі
ѥсмъ•|есмъ
рече|рече
бо•|бо
всѣмъ|всѣмъ
лѣто|лѣто
и|і
врѣмѧ|врѣмѧ
всѧкои|всѧкоі
вещи•|вещі
врѣмѧ|врѣмѧ
млъчати•|млъчаті
и|і
врѣмѧ|врѣмѧ
вѣщати•|вѣщаті
и|і
аще|аще
ѥсть|есть
раꙁѫмъ|разѫмъ
въ|въ
тебѣ•|тебѣ
отъвѣщаи|отъвѣщаі
братови•|братові
аще|аще
ли|лі
ни•|ні
рѹкѹ|роукоу
наложи|наложі
на|на
ѹста|оуста
своꙗ•|своꙗ
аще|аще
ли|лі
ѥсть|есть
врѣмѧ|врѣмѧ
гл҃ати•|гл҃аті
добро|добро
ѥсть|есть
рещи|рещі
слово|слово
въ|въ
врѣмѧ•|врѣмѧ
рече|рече
бо:|бо
слово|слово
ваше|ваше
да|да
бѫдеть|бѫдеть
всегда|всегда
сольѭ|сольѭ
растворено•|растворено
вѣдѣти|вѣдѣті
како|како
подобаѥть|подобаеть
ѥдиномѹ|едіномоу
комѹжьдо|комоужьдо
отъвѣщавати•|отъвѣщаваті
всѧко|всѧко
бо|бо
слово|слово
трѹдьно•|троудьно
и|і
приложеи|пріложеі
раꙁѹма•|разоума
приложилъ|пріложілъ
болѣꙁнь•|болѣзнь
дрьꙁъи|дрьзъі
же|же
ѹстьнама|оустьнама
въпадеть|въпадеть
въ|въ
ꙁъло•|зъло
ꙁа|за
ненакаꙁаньѥ|ненаказанье
бо|бо
ꙗꙁ҃ка|ꙗз҃ка
находѧть|находѧть
гнѣви•|гнѣві
а|а
неꙁлобивъи|незлобівъі
блюдеть|блюдеть
ꙗꙁ҃къ•|ꙗз҃къ
ꙗко|ꙗко
любѧ|любѧ
д҃шѹ|д҃шоу
своѭ•|своѭ
ласкаѭщеи|ласкаѭщеі
бо•|бо
прѣльщаѭть|прѣльщаѭть
ср҇ⷣца|срдца
неꙁълобивъихъ•|незълобівъіхъ
и|і
блажѧщеи|блажѧщеі
льстѧть|льстѧть
врѣмѧ|врѣмѧ
плакати•|плакаті
ꙁа|за
оꙁлобите|озлобіте
дш҃ѧ|дш҃ѧ
вашѧ•|вашѧ
и|і
врѣмѧ•|врѣмѧ
смьꙗти|смьꙗті
сѧ•|сѧ
и|і
се|се
къ|къ
семѹ|семоу
ꙁапраꙁдьнѹите|запраздьноуіте
ми|мі
праꙁдьникъ:|праздьнікъ
ѥже|еже
бо|бо
смиꙗти|сміꙗті
сѧ|сѧ
радованиѥ|радованіе
ѥсть•|есть
врѣмѧ|врѣмѧ
рати•|раті
се|се
бо|бо
о|о
брани|брані
гл҃еть•|гл҃еть
ѥгда|егда
диꙗволъ|діꙗволъ
съньметь|съньметь
сѧ|сѧ
съ|съ
чл҃кмь•|чл҃кмь
наченѧ|наченѧ
и|і
раꙁличнами|разлічнамі
напастьми•|напастьмі
и|і
врѣмѧ|врѣмѧ
мирѹ•|міроу
ѥгда|егда
по|по
искѹшении|іскоушеніі
ѥго|его
придеть|прідеть
благодѣть•|благодѣть
радость|радость
творѧщи|творѧщі
дш҃и•|дш҃і
врѣмѧ|врѣмѧ
сѹда•|соуда
вѣсть|вѣсть
ср҃це|ср҃це
прѣмѹдра•|прѣмоудра
и|і
се|се
ѥгда|егда
свободить|свободіть
сѧ•|сѧ
отъ|отъ
льсти|льсті
и|і
страсти•|страсті
радѹѭщи|радоуѭщі
сѧ|сѧ
дш҃а|дш҃а
гл҃еть•|гл҃еть
сѹди|соуді
ми|мі
бж҃е|бж҃е
оть|оть
сѫпьрѧ|сѫпьрѧ
моѥго•|моего
ꙗко|ꙗко
вьсѧкои|вьсѧкоі
вещи|вещі
ѥсть|есть
врѣмѧ|врѣмѧ
и|і
сѹдъ•|соудъ
и|і
ѹсьрѧща|оусьрѧща
ѥдина•|едіна
ѹсьрѧщеть|оусьрѧщеть
всѧ|всѧ
ꙗ•|ꙗ
и|і
се|се
о|о
съмрьти|съмрьті
чл҃чи|чл҃чі
гл҃еть•|гл҃еть
ꙁа|за
беꙁвѣстьѥ|безвѣстье
житьꙗ•|жітьꙗ
приводить|пріводіть
бо•|бо
ꙗко|ꙗко
не|не
ѹвѣсть|оувѣсть
чл҃къ|чл҃къ
врѣмени|врѣмені
своѥго•|своего
ꙗко|ꙗко
рꙑбꙑ|ръібъі
ловимꙑꙗ|ловімъіꙗ
мрѣжеѭ•|мрѣжеѭ
и|і
пакꙑ•|пакъі
видѣхъ|відѣхъ
всѧко|всѧко
врьтѣниѥ•|врьтѣніе
ѥже|еже
дасть|дасть
б҃ъ|б҃ъ
сн҃омъ|сн҃омъ
чл҃чемъ•|чл҃чемъ
врьтѣти|врьтѣті
сѧ|сѧ
въ|въ
немь•|немь
а|а
ѥже|еже
дасть|дасть
въ|въ
попѹсти|попоусті
мѣсто|мѣсто
раꙁѹмѣвати•|разоумѣваті
добро|добро
ѹбо|оубо
и|і
благоприꙗтьно|благопріꙗтьно
ѥсть|есть
творити|творіті
реченоѥ•|реченое
да|да
бѫдѹть|бѫдоуть
бо|бо
рече|рече
вь|вь
все|все
врѣмѧ|врѣмѧ
риꙁꙑ|різъі
твоꙗ|твоꙗ
бѣлꙑ•|бѣлъі
и|і
масло|масло
на|на
главѣ|главѣ
твоѥи|твоеі
да|да
не|не
оскѫдѣѥть•|оскѫдѣеть
сирѣчь|сірѣчь
дѣаниꙗ|дѣаніꙗ
дш҃ѧ|дш҃ѧ
и|і
тѣла|тѣла
твоѥго•|твоего
въинѹ|въіноу
да|да
бѹдѹть|боудоуть
чиста|чіста
и|і
бес|бес
порока•|порока
вьсеѭ|вьсеѭ
силоѭ|сілоѭ
масломь|масломь
благостынѧ•|благостъінѧ
ѹбогъими|оубогъімі
въꙁливаи|възліваі
на|на
главѫ|главѫ
своѭ|своѭ
х҃а•|х҃а
тъ|тъ
бо|бо
ѥсть|есть
наша|наша
глава|глава
гл҃ѧ•|гл҃ѧ
мнѣ|мнѣ
створисте•|створісте
ѥлико|еліко
малѣи|малѣі
брати|браті
моѥи|моеі
сътвористе•|сътворісте
и|і
исаиїмь•|ісаіімь
въ|въ
врѣмѧ|врѣмѧ
приꙗтьно|пріꙗтьно
послѹшахъ|послоушахъ
тебе•|тебе
и|і
въ|въ
дн҃ь|дн҃ь
сп҃сениꙗ|сп҃сеніꙗ
помогохъ|помогохъ
ти•|ті
ѥгдаже|егдаже
приде|пріде
приꙗтьно|пріꙗтьно
врѣмѧ•|врѣмѧ
и|і
въ|въ
дьнь|дьнь
сп҃сен|сп҃сен
иꙗ|іꙗ
нашего|нашего
благодѣть•|благодѣть
тъгда|тъгда
апл҇ⷪъ|аплоъ
ꙗвѣ|ꙗвѣ
творѧ|творѧ
врѣмѧ|врѣмѧ
гл҃еть•|гл҃еть
се|се
нꙑнѣ|нъінѣ
врѣмѧ|врѣмѧ
приꙗтьно•|пріꙗтьно
се|се
нꙑнѧ|нъінѧ
дн҃ь|дн҃ь
сп҃сениꙗ•|сп҃сеніꙗ
ниѥдиного|ніедіного
ни|ні
о|о
чимьже|чімьже
даѭще|даѭще
прѣтꙑканиꙗ•|прѣтъіканіꙗ
да|да
непорочно|непорочно
бѹдеть|боудеть
слѹжениѥ•|слоуженіе
нъ|нъ
вьсе|вьсе
благообраꙁьнѣ•|благообразьнѣ
и|і
по|по
чинѫ|чінѫ
да|да
бꙑваѥть•|бъіваеть
тѣмьже|тѣмьже
и|і
г҃ь|г҃ь
се|се
покаꙁаꙗ•|показаꙗ
поѥмлеть|поемлеть
отъ|отъ
книжникъ|кніжнікъ
и|і
фарисеи•|фарісеі
почто|почто
не|не
постѧть|постѧть
сѧ|сѧ
ѹченици|оученіці
ѥго•|его
въꙁдраꙁи|въздразі
ꙗ|ꙗ
гл҃ѧ•|гл҃ѧ
ѥда|еда
могѹть|могоуть
сн҃ове|сн҃ове
брачнии•|брачніі
до|до
негоже|негоже
врѣмене|врѣмене
женихъ|женіхъ
ѥсть|есть
съ|съ
ними•|німі
постити|постіті
сѧ•|сѧ
придѹть|прідоуть
же|же
дьньѥ•|дьнье
ѥгда|егда
отъиметь|отъіметь
сѧ|сѧ
отъ|отъ
нихъ|ніхъ
женихъ•|женіхъ
и|і
тъгда|тъгда
постѧть|постѧть
сѧ|сѧ
въ|въ
тꙑ|тъі
дьни•|дьні
томѹ|томоу
слава|слава
бесъмрьтьнѹмѹ|бесъмрьтьноумоу
х҃ѹ|х҃оу
нашемѹ|нашемоу
іс҃у|іс҃у
х҃ѹ•|х҃оу
въ|въ
вѣкꙑ|вѣкъі
вѣкомъ|вѣкомъ
АМИН|амін
ҁ҃в|ҁ҃в
Ꙍ|о
СЪПОСТРАДАнии|съпостраданіі
Ѥже|еже
пострадати|пострадаті
дрѹгъ|дроугъ
съ|съ
дрѹгомь•|дроугомь
и|і
съпоболѣвати•|съпоболѣваті
сътищати|сътіщаті
же|же
и|і
сътрѹждати|сътроуждаті
сѧ•|сѧ
ѹгод͗но|оугодно
ѥсть|есть
бв҃и•|бв҃і
ибо|ібо
длъжьни|длъжьні
ѥсмъ|есмъ
се|се
творити|творіті
ꙗко|ꙗко
раби|рабі
и|і
ближикꙑ•|бліжікъі
и|і
слѹжителе|слоужітеле
бж҃ьѭ|бж҃ьѭ
словѹ•|словоу
да|да
ѹгодимъ|оугодімъ
ѥмѹже|емоуже
воини|воіні
бꙑхомъ•|бъіхомъ
отъ|отъ
негоже|негоже
и|і
оброкꙑ|оброкъі
приимемъ•|пріімемъ
дш҃ѫ|дш҃ѫ
молитвѹ|молітвоу
имать|імать
съпострадавъи•|съпострадавъі
источника|істочніка
бо|бо
такого|такого
имѣꙗ•|імѣꙗ
всѧ|всѧ
источить|істочіть
добраа•|добраа
аще|аще
имѣниѥ|імѣніе
имать•|імать
то|то
даѥть•|даеть
аще|аще
въ|въ
бѣдахъ|бѣдахъ
видить|відіть
кого•|кого
въсплачеть•|въсплачеть
аще|аще
обидимѣ|обідімѣ
прилѹчить|прілоучіть
сѧ|сѧ
рѹкѹ|роукоу
подасть•|подасть
и|і
ни|ні
о|о
чесомьже|чесомьже
оставить•|оставіть
прилѹчаѭщиихъ|прілоучаѭщііхъ
сѧ|сѧ
ѥмь•|емь
подвиꙁаимъ|подвізаімъ
сѧ|сѧ
ѹбо|оубо
да|да
вѣра|вѣра
нашѧ|нашѧ
и|і
любꙑ|любъі
и|і
трьпѣньѥ•|трьпѣнье
ꙗко|ꙗко
шлѣмъ•|шлѣмъ
и|і
ꙗко|ꙗко
копиѥ•|копіе
и|і
все|все
орѹжиѥ|ороужіе
намъ|намъ
да|да
бѫдеть•|бѫдеть
длъготрьпѧще|длъготрьпѧще
въ|въ
себѣ•|себѣ
и|і
въ|въ
кротости|кротості
живѹще•|жівоуще
ꙗко|ꙗко
и|і
г҃ь|г҃ь
нашь•|нашь
ѹбога|оубога
сльꙁѧща|сльзѧща
не|не
прѣꙁьримъ•|прѣзьрімъ
да|да
не|не
прѣꙁьримꙑ|прѣзьрімъі
млт҃вꙑ|млт҃въі
нашеꙗ|нашеꙗ
сльꙁꙑ|сльзъі
бѫдѹть•|бѫдоуть
и|і
аще|аще
даръ|даръ
ѥдинъ|едінъ
имѹще•|імоуще
не|не
въꙁносимъ|възносімъ
сѧ|сѧ
нъ|нъ
постраждѣмъ|постраждѣмъ
съ|съ
неимѹщиїми•|неімоущіімі
и|і
прѣбѫдеть|прѣбѫдеть
нъ|нъ
дааньѥ|даанье
до|до
коньца•|коньца
гл҃еть|гл҃еть
ѹбо|оубо
съпострадивꙑи|съпострадівъіі
иѡвъ•|іовъ
аꙁъ|азъ
же|же
о|о
всѧкомь|всѧкомь
немощьнѣ|немощьнѣ
плакахъ•|плакахъ
въꙁдъхнѹхъ|въздъхноухъ
же|же
видѣвъ|відѣвъ
мѹжа|моужа
въ|въ
бѣдахъ•|бѣдахъ
аще|аще
ли|лі
и|і
прѣꙁьрѣхъ|прѣзьрѣхъ
нага|нага
и|і
не|не
облѣкохъ•|облѣкохъ
двьри|двьрі
же|же
моꙗ|моꙗ
всемѹ|всемоу
пришьдъшѫ|прішьдъшѫ
ѿврьстꙑ|отврьстъі
бѣшѧ•|бѣшѧ
такожде|такожде
же|же
и|і
товиꙗ•|товіꙗ
милостꙑнѧ|мілостъінѧ
рече|рече
многꙑ|многъі
творѧхъ•|творѧхъ
и|і
ѥгда|егда
видѣхъ|відѣхъ
мрьтвьцѧ|мрьтвьцѧ
поврьженъ•|поврьженъ
съпрѧтахъ|съпрѧтахъ
и|і
погрѣбахъ|погрѣбахъ
ꙗ•|ꙗ
пророкъ|пророкъ
же|же
иосиѥ|іосіе
рече•|рече
поженѣмъ|поженѣмъ
поꙁнати|познаті
б҃а•|б҃а
ꙁане|зане
милости|мілості
хощемъ|хощемъ
а|а
не|не
жрьтвѣ•|жрьтвѣ
и|і
поꙁнаниѭ|познаніѭ
бж҃ью•|бж҃ью
неже|неже
всесъжагаѥмꙑхъ•|всесъжагаемъіхъ
и|і
михеи•|міхеі
аще|аще
въꙁвѣсти|възвѣсті
ти|ті
сѧ|сѧ
чл҃че|чл҃че
что|что
добро•|добро
или|ілі
чесо|чесо
ищеть|іщеть
г҃ь|г҃ь
отъ|отъ
тебе•|тебе
не|не
творити|творіті
сѹдъ•|соудъ
и|і
любити|любіті
милость•|мілость
имать|імать
же|же
и|і
въ|въ
прм҇ⷣсти•|прмдсті
иꙁбавлѧи|ізбавлѧі
ведомꙑꙗ|ведомъіꙗ
на|на
съмрьть•|съмрьть
и|і
їскѹпѹи|іскоупоуі
ѹбиваѥмꙑꙗ|оубіваемъіꙗ
не|не
щѧди•|щѧді
и|і
їꙗковъ|іꙗковъ
же•|же
аще|аще
братъ|братъ
или|ілі
сестра|сестра
нага|нага
бѫдета•|бѫдета
и|і
лишена|лішена
дневнꙑꙗ|дневнъіꙗ
пищѧ•|піщѧ
речеть|речеть
же|же
има|іма
кто|кто
отъ|отъ
васъ•|васъ
идѣта|ідѣта
съ|съ
миромь|міромь
грѣита|грѣіта
сѧ|сѧ
и|і
насꙑщаита|насъіщаіта
сѧ•|сѧ
не|не
дасть|дасть
же|же
има|іма
трѣбованиꙗ|трѣбованіꙗ
тѣлесе•|тѣлесе
каꙗ|каꙗ
ѥсть|есть
льꙁа•|льза
ѹчить|оучіть
же|же
и|і
павьлъ|павьлъ
гл҃ѧ•|гл҃ѧ
облѣцѣте|облѣцѣте
сѧ|сѧ
ѹбо|оубо
ꙗко|ꙗко
иꙁбьрани|ізбьрані
б҃ѹ•|б҃оу
ст҃и|ст҃і
и|і
вьꙁлюблении|вьзлюбленіі
въ|въ
ѹтробѹ|оутробоу
щедротъ•|щедротъ
благость•|благость
съмѣреномѹдрьство•|съмѣреномоудрьство
кротость•|кротость
трьпѣньѥ•|трьпѣнье
приѥмлѫще|пріемлѫще
дрѹгъ|дроугъ
дрѹга•|дроуга
рече|рече
и|і
о|о
себѣ•|себѣ
истинѫ|істінѫ
гл҃ю|гл҃ю
не|не
лъжѫ•|лъжѫ
ꙗко|ꙗко
скрьбь|скрьбь
ми|мі
ѥсть|есть
велиꙗ•|веліꙗ
и|і
непрѣстаѭщи|непрѣстаѭщі
болѣꙁ͗нь|болѣзнь
ср҃цю|ср҃цоу
моѥмѹ•|моемоу
молѧхъ|молѧхъ
бо|бо
сѧ|сѧ
самъ|самъ
анаѳема|анаѳема
бꙑти•|бъіті
отъ|отъ
х҃а|х҃а
по|по
бра҇ⷮи|браті
моѥи|моеі
и|і
ѭжикамъ|ѭжікамъ
ми|мі
по|по
плъти•|плъті
и|і
ꙗко|ꙗко
аще|аще
стражеть|стражеть
ѥдинъ|едінъ
ѹдъ•|оудъ
съ|съ
нимь|німь
страждѫ|страждѫ
в͗си|всі
ѹди•|оуді
и|і
петръ•|петръ
коньчина|коньчіна
же|же
в͗си|всі
ѥдиномꙑсльци•|едіномъісльці
отъдатьливи•|отъдатьліві
братолюбиви•|братолюбіві
мл҃ди•|мл҃ді
покориви•|покоріві
не|не
въꙁдаѭще|въздаѭще
ꙁъла|зъла
ꙁа|за
ꙁъло•|зъло
ни|ні
клеветꙑ|клеветъі
ꙁа|за
клеветѹ•|клеветоу
въспѧть|въспѧть
же|же
бл҃сѹꙗ|бл҃соуꙗ
рече•|рече
ꙗко|ꙗко
на|на
се|се
ꙁъвани|зъвані
бꙑсте•|бъісте
да|да
бл҃ньѥ|бл҃нье
наслѣдѹѥте•|наслѣдоуете
младꙑи|младъіі
же|же
г҃ь•|г҃ь
хотѧ|хотѧ
сн҃ꙑ|сн҃ъі
нꙑ|нъі
ꙗвити|ꙗвіті
своѥго|своего
оц҃а|оц҃а
рече•|рече
бѫдѣте|бѫдѣте
щедри|щедрі
ꙗко|ꙗко
оц҃ь|оц҃ь
нашь|нашь
небесьнъ|небесьнъ
и|і
щедръ|щедръ
ѥсть•|есть
томѹ|томоу
слава|слава
въ|въ
вѣкꙑ|вѣкъі
вѣкомъ|вѣкомъ
АМИН|амін
ҁ҃г|ҁ҃г
О|о
ТОМЬ|томь
ѤЖЕ|еже
НЕ|не
НА⁘|на
ЛИЦѦ|ліцѧ
ꙀЬРѢТИ|зьрѣті
Лицеꙁьрьство•|ліцезьрьство
блиꙁъ|блізъ
ѥсть|есть
чл҃коѹгодьꙗ|чл҃кооугодьꙗ
обоѥ|обое
же|же
порочьно•|порочьно
и|і
отъречено|отъречено
ст҃ъими|ст҃ъімі
книгами|кнігамі
обрѣтаѥмъ•|обрѣтаемъ
присно|прісно
бо|бо
на|на
лице|ліце
ꙁьрѧщеи•|зьрѧщеі
словеса|словеса
ласкава•|ласкава
и|і
блаженьства|блаженьства
лъжьна•|лъжьна
въвл҃ч|въвл҃ч
сѧ|сѧ
сѹщиимъ•|соущіімъ
приносѧть|пріносѧть
дръва|дръва
и|і
сѣно•|сѣно
вещь|вещь
ѹдобь|оудобь
тьльнѹ|тьльноу
въꙁгнѣщаѭще|възгнѣщаѭще
ѥстьствьнъ-ихъ|естьствьнъіхъ
огнь•|огнь
о|о
нихъже|ніхъже
рече|рече
пр҇ⷪкъ•|прокъ
блажѧщеи|блажѧщеі
вꙑ|въі
льстѧть|льстѧть
вꙑ•|въі
дивѧщеи|дівѧщеі
сѧ|сѧ
лицемъ|ліцемъ
въ|въ
польꙁѧ|пользѧ
мѣсто•|мѣсто
богатꙑи|богатъіі
бо|бо
приложить|пріложіть
дрѹгꙑ|дроугъі
многꙑ•|многъі
а|а
нищии|ніщіі
ї|і
отъ|отъ
сѫщаго|сѫщаго
дрѹга|дроуга
раꙁлѹчить|разлоучіть
сѧ•|сѧ
и|і
мѫдрость|мѫдрость
ѹбогаго|оубогаго
ѹкорена•|оукорена
не|не
подобаѥть|подобаеть
ѹбо|оубо
тако|тако
намъ|намъ
творити•|творіті
нъ|нъ
длъжьнѹѥмъ|длъжьноуемъ
вси•|всі
ѥдиновѣрьѥ|едіновѣрье
бж҃ьѥ|бж҃ье
приимъше•|пріімъше
стꙑдѣти|стъідѣті
сѧ|сѧ
дрѹгъ|дроугъ
дрѹга•|дроуга
а|а
не|не
по|по
плъти|плъті
ꙁьрѣти|зьрѣті
искрьнѧго•|іскрьнѧго
нъ|нъ
о|о
х҃ѣ|х҃ѣ
дрѹгъ|дроугъ
дрѹга|дроуга
любити|любіті
въинѫ•|въінѫ
и|і
ничесоже|нічесоже
да|да
не|не
бѫдеть|бѫдеть
въ|въ
васъ•|васъ
ѥже|еже
въꙁможеть|възможеть
вꙑ|въі
раꙁлѹчити|разлоучіті
отъ|отъ
любъве|любъве
х҃вꙑ•|х҃въі
нъ|нъ
въспѧть|въспѧть
по|по
пѣснопѣвьцѫ•|пѣснопѣвьцѫ
иꙁимати|ізіматі
ѹбога|оубога
и|і
нищѧ•|ніщѧ
иꙁ-д-рѹкꙑ|іздроукъі
хрѣшьнича|хрѣшьніча
иꙁбавите|ізбавіте
и•|і
б҃ъ|б҃ъ
бо|бо
расꙑпа|расъіпа
кости|кості
чл҃коѹгодьникъ•|чл҃кооугодьнікъ
постꙑдѣша|постъідѣша
сѧ|сѧ
ꙗко|ꙗко
б҃ъ|б҃ъ
ѹничьжи|оунічьжі
ꙗ•|ꙗ
нисть|ність
бо|бо
добро|добро
стꙑдѣти|стъідѣті
сѧ|сѧ
лица|ліца
по|по
книгамъ|кнігамъ
вь|вь
сѫдѣ•|сѫдѣ
и|і
приими|пріімі
на|на
дш҃ѹ|дш҃оу
своѭ•|своѭ
ни|ні
срамлѧи|срамлѧі
сѧ|сѧ
въ|въ
паденьѥ|паденье
своѥ•|свое
рече|рече
же|же
и|і
правьдьнъи|правьдьнъі
иѡвъ•|іовъ
нꙑнѣ|нъінѣ
въꙁьрѣвъ|възьрѣвъ
на|на
лице|ліце
ваше|ваше
не|не
сълъжѫ•|сълъжѫ
и|і
иꙗковъ•|іꙗковъ
бра҇ⷮѥ•|брате
не|не
на|на
лица|ліца
ꙁьрѧще•|зьрѧще
имѣите|імѣіте
вѣрꙑ|вѣръі
г҃а|г҃а
нашего|нашего
і҃у|і҃у
х҃а•|х҃а
аще|аще
бо|бо
въꙁидеть|възідеть
въ|въ
съборище|съборіще
ваше•|ваше
мѹжь|моужь
ꙁлатъ|златъ
прьстень|прьстень
носѧ•|носѧ
въ|въ
риꙁѣ|різѣ
свѣтьлѣ•|свѣтьлѣ
вънидеть|вънідеть
же|же
и|і
нищь|ніщь
въ|въ
скврьньнѣ|скврьньнѣ
риꙁѣ•|різѣ
и|і
въꙁьрите|възьріте
на|на
носѧщаго|носѧщаго
риꙁѹ|різоу
свѣт͗лѹѭ•|свѣтлоуѭ
и|і
речете|речете
ѥмѹ•|емоу
тꙑ|тъі
сѧди|сѧді
сьде|сьде
добрѣ•|добрѣ
а|а
нищѹмѹ•|ніщоумоу
тꙑ|тъі
остани|остані
тамо•|тамо
не|не
расмотристе|расмотрісте
въ|въ
себѣ•|себѣ
и|і
бꙑсте|бъісте
сѫдиꙗ|сѫдіꙗ
помꙑшлениѥмь|помъішленіемь
ꙁъломь•|зъломь
и|і
приводить•|пріводіть
аще|аще
ѹбо|оубо
ꙁаконъ|законъ
коньчаваѥте|коньчаваете
црс҃къ•|црс҃къ
по|по
книгамъ•|кнігамъ
въꙁлюбиши|възлюбіші
искрьнѧго|іскрьнѧго
своѥго|своего
ꙗко|ꙗко
и|і
самъ|самъ
сѧ•|сѧ
добрѣ|добрѣ
творите•|творіте
аще|аще
ли|лі
лица|ліца
ꙁьрите•|зьріте
грѣхъ|грѣхъ
дѣлаѥте•|дѣлаете
обличаѥми|облічаемі
отъ|отъ
ꙁакона•|закона
ꙗко|ꙗко
прѣстѫпници•|прѣстѫпніці
такожде|такожде
и|і
притъчьникъ•|прітъчьнікъ
чюдити|чоудіті
сѧ|сѧ
лицю|ліцоу
нечьстиваго|нечьстіваго
не|не
добро•|добро
ни|ні
прп҃дно•|прп҃дно
ѹкланѧти|оукланѧті
правьдꙑ|правьдъі
на|на
сѫдѣ•|сѫдѣ
и|і
инъ•|інъ
срамлѧти|срамлѧті
сѧ|сѧ
лица|ліца
на|на
сѫдѣ|сѫдѣ
не|не
добро•|добро
рекъи|рекъі
нечьстивѹ|нечьстівоу
правьдьнъ|правьдьнъ
ѥсть•|есть
проклѧтъ|проклѧтъ
бѹдеть|боудеть
людьми•|людьмі
и|і
въꙁненавидѣнъ|възненавідѣнъ
въ|въ
ꙗꙁꙑцѣ•|ꙗзъіцѣ
а|а
обличаѭщеи|облічаѭщеі
ѹньше|оуньше
ꙗвѧть|ꙗвѧть
сѧ•|сѧ
на|на
нѧ|нѧ
же|же
лица|ліца
ꙁьрѣньѥ|зьрѣнье
отъ|отъ
б҃а•|б҃а
и|і
пакꙑ•|пакъі
отъ|отъ
мнѧщиихъ|мнѧщііхъ
сѧ|сѧ
бꙑти|бъіті
что•|что
ꙗциже|ꙗціже
иногда|іногда
бѣшѧ•|бѣшѧ
ничтоже|нічтоже
мене|мене
раꙁньствѫѥть•|разньствѫеть
лица|ліца
б҃ъ|б҃ъ
не|не
обинѹѥть|обіноуеть
сѧ•|сѧ
б҃ъ|б҃ъ
же|же
къ|къ
самѹилеви•|самоуілеві
о|о
сꙑньхъ|съіньхъ
иѡсѣовѣхъ•|іосѣовѣхъ
не|не
въꙁираи|възіраі
рече|рече
на|на
лице|ліце
и|і
на|на
вельиство|вельіство
ѥго•|его
ꙗко|ꙗко
чл҃къ|чл҃къ
въ|въ
лице|ліце
глѧдаѥть•|глѧдаеть
а|а
б҃ъ|б҃ъ
ср҃це|ср҃це
видить•|відіть
тъжде|тъжде
г҃ь•|г҃ь
слꙑшавъ|слъішавъ
отъ|отъ
ѥдиного•|едіного
се|се
м҃ти|м҃ті
твоꙗ|твоꙗ
и|і
братьꙗ|братьꙗ
твоꙗ•|твоꙗ
вънѣ|вънѣ
стоꙗть•|стоꙗть
ищѫще|іщѫще
тебе•|тебе
отъвѣща|отъвѣща
ѥмѹ•|емоу
кто|кто
ѥсть|есть
мт҃и|мт҃і
моꙗ•|моꙗ
и|і
кто|кто
сѫть|сѫть
братьꙗ|братьꙗ
моꙗ•|моꙗ
и|і
простьръ|простьръ
рѹкѹ|роукоу
своѭ|своѭ
на|на
ѹченикꙑ|оученікъі
своꙗ|своꙗ
рече•|рече
се|се
мт҃и|мт҃і
и|і
браⷮꙗ|братꙗ
моꙗ•|моꙗ
иже|іже
бо|бо
аще|аще
творить|творіть
волю|волю
оц҃а|оц҃а
моѥго|моего
нбс҃наго•|нбс҃наго
тъ|тъ
мнѣ|мнѣ
брат|брат
и|і
сестра|сестра
и|і
м҃ти|м҃ті
ѥсть•|есть
се|се
гл҃ѫщѫмѹ|гл҃ѫщѫмоу
б҃ѹ|б҃оу
нашемꙋ|нашемоу
славава|славава
въ|въ
вѣк|вѣк
вѣм|вѣм
АМИН|амін
ҁ҃д|ҁ҃д
О|о
ТОМЬ|томь
Ѥ|е
҇ⷤе|же
ЖИТИ⁘|жіті
СЪ|съ
МАЛ|мал
҇ⷪМЬ|омь
Д҇ⷪБРО|добро
Добро|добро
ѥсть|есть
въꙁлѫблении•|възлѫбленіі
жити|жіті
съ|съ
маломь|маломь
ѹгодьно|оугодьно
бв҃и|бв҃і
неже|неже
съ|съ
многомь•|многомь
небрѣщи|небрѣщі
ꙁаповѣдьи|заповѣдьі
гн҃ь•|гн҃ь
идеже|ідеже
бо|бо
страхъ|страхъ
бж҃ьи•|бж҃ьі
тѹ|тоу
и|і
любꙑ•|любъі
и|і
ѥдиномꙑсльство|едіномъісльство
братьи•|братьі
а|а
идеже|ідеже
бестрашьѥ•|бестрашье
тѹ|тоу
рьвеньѥ|рьвенье
и|і
ꙁависть•|завість
идеже|ідеже
говѣньѥ|говѣнье
бж҃ьѥ|бж҃ье
и|і
любꙑ|любъі
искрьнѧго•|іскрьнѧго
тѹ|тоу
б҃ъ|б҃ъ
живеть|жіветь
посредѣ|посредѣ
ихъ•|іхъ
а|а
идеже|ідеже
ꙁавида|завіда
и|і
непокореньѥ•|непокоренье
тѹ|тоу
сѹпостатьнъи|соупостатьнъі
хвалить|хваліть
сѧ•|сѧ
добро|добро
ѥсть|есть
дрьжати|дрьжаті
прѣпрость|прѣпрость
и|і
беꙁълобьѥ•|безълобье
и|і
бꙑти|бъіті
ꙗко|ꙗко
младѣнищемъ|младѣніщемъ
не|не
вѣдѹщиімъ|вѣдоущіімъ
ꙁлобꙑ|злобъі
гѹбѧщаꙗ|гоубѧщаꙗ
жиꙁнь|жізнь
чл҃чѫ•|чл҃чѫ
а|а
не|не
бꙑти|бъіті
вражьдивомъ•|вражьдівомъ
ни|ні
чрѣсъꙁакон͗номъ|чрѣсъзаконномъ
ꙁлобоѭ•|злобоѭ
нъ|нъ
отъложити|отъложіті
ꙁълобꙑ|зълобъі
и|і
лѹкавьства|лоукавьства
чрѣсъꙁакон͗наа•|чрѣсъзаконнаа
и|і
бꙑти|бъіті
ѥдиномѹ|едіномоу
дх҃ѫ•|дх҃ѫ
а|а
расколꙑ|расколъі
отъврѣщи•|отъврѣщі
ꙗко|ꙗко
да|да
г҃ь|г҃ь
мира|міра
веселить|веселіть
вьсѣхъ•|вьсѣхъ
да|да
и|і
дх҃ъ|дх҃ъ
цѣлъ|цѣлъ
бѫдеть•|бѫдеть
ꙗкоже|ꙗкоже
и|і
приꙗ|пріꙗ
чл҃къ•|чл҃къ
аще|аще
бо|бо
бѣльникѫ•|бѣльнікѫ
дасть|дасть
риꙁѹ|різоу
новѫ|новѫ
цѣлѹ•|цѣлоу
и|і
хоштеть|хощеть
ѭ|ѭ
въꙁѧти•|възѧті
бѣльникъ|бѣльнікъ
же|же
раꙁдьравъ|раздьравъ
риꙁѫ|різѫ
въдасть•|въдасть
ѹбо|оубо
въꙁьметь|възьметь
ли|лі
ѭ•|ѭ
не|не
сварить|сваріть
ли|лі
ѥго|его
и|і
ѹкорить|оукоріть
гл҃ѧ|гл҃ѧ
ѥмѹ|емоу
риꙁѹ|різоу
цѣлѹ|цѣлоу
ти|ті
ѹбо|оубо
далъ|далъ
ѥсмь•|есмь
поч͗то|почто
ѭ|ѭ
ѥси|есі
раꙁдьралъ•|раздьралъ
и|і
створилъ|створілъ
непотрѣб͗нѫ•|непотрѣбнѫ
аще|аще
ѹбо|оубо
такоо|такоо
риꙁѣ|різѣ
жалить|жаліть
си|сі
кто•|кто
и|і
сварить•|сваріть
ꙗко|ꙗко
не|не
въсприꙗти|въспріꙗті
цѣлꙑ|цѣлъі
риꙁꙑ•|різъі
ч͗то|что
мнимъмъ|мнімъмъ
пострадати|пострадаті
ѡтъ|отъ
г҃а|г҃а
дхв҃наго•|дхв҃наго
приимъше|пріімъше
цѣла•|цѣла
и|і
сего|сего
оскврьнивъше•|оскврьнівъше
и|і
непотрѣбна|непотрѣбна
створьше•|створьше
не|не
въ|въ
чистотѣ|чістотѣ
поживъше•|пожівъше
и|і
ни|ні
на|на
ѥдинѹ|едіноу
же|же
потрѣбѫ|потрѣбѫ
можеть|можеть
бꙑти|бъіті
г҃ѹ|г҃оу
своѥмѹ•|своемоу
иже|іже
бо|бо
помаꙁаньѥ|помазанье
дх҃вно|дх҃вно
отъ|отъ
насъ|насъ
растьли•|растьлі
ѥже|еже
бо|бо
рьвеньѥмь|рьвеньемь
и|і
ꙁавистьѭ•|завістьѭ
и|і
всѣмь|всѣмь
беꙁаконньѥмь|безаконньемь
жити•|жіті
ꙗвѣ|ꙗвѣ
ꙗко|ꙗко
гнѣвъ|гнѣвъ
и|і
съмрьть|съмрьть
отъ|отъ
г҃а|г҃а
сами|самі
на|на
сѧ|сѧ
нан҇ⷪсимъ•|наносімъ
добрѣ|добрѣ
ѹбо|оубо
ѥсть|есть
съ|съ
маломь|маломь
добро|добро
жити•|жіті
неже|неже
съ|съ
мн҇ⷪгомь|многомь
непотрѣб͗номь•|непотрѣбномь
ꙗкоже|ꙗкоже
бж҃ьстаа|бж҃ьстаа
ѱаньꙗ|псаньꙗ
прѣдаша|прѣдаша
намъ•|намъ
рече|рече
бо|бо
притъчьникъ•|прітъчьнікъ
не|не
похощи|похощі
множьствѹ|множьствоу
неклѫчимѹ•|неклѫчімоу
аще|аще
нѣсть|нѣсть
страха|страха
гн҃ѧ|гн҃ѧ
съ|съ
ними•|німі
ѹне|оуне
бо|бо
ѥдинъ|едінъ
праведникъ•|праведнікъ
неже|неже
тꙑсѹщи|тъісоущі
грѣшьникъ•|грѣшьнікъ
въ|въ
съборищи|съборіщі
бо|бо
грѣшьникъ|грѣшьнікъ
въꙁгорить|възгоріть
сѧ|сѧ
огнь•|огнь
и|і
аще|аще
бѫдеть|бѫдеть
жестовꙑи•|жестовъіі
дивьно|дівьно
се•|се
аще|аще
беꙁ|без
винъ|вінъ
бѹдеть•|боудеть
милость|мілость
бо|бо
и|і
гнѣвъ|гнѣвъ
отъ|отъ
него•|него
и|і
инъ|інъ
не|не
люби|любі
множьства|множьства
неключимъ•|неключімъ
аще|аще
ѹмножаѭть•|оумножаѭть
не|не
весели|веселі
сѧ|сѧ
о|о
нихъ•|ніхъ
ни|ні
вѣрѹи|вѣроуі
житѹ|жітоу
ихъ•|іхъ
въꙁдꙑхати|въздъіхаті
бо|бо
имаши|імаші
съ|съ
прачемь|прачемь
беꙁгодьномь•|безгодьномь
лѹче|лоуче
бо|бо
праведьникъ|праведьнікъ
ѥдинъ|едінъ
творѧ|творѧ
волю|волю
гн҃ѫ•|гн҃ѫ
неже|неже
тьма|тьма
ꙁакопрѣстѫпьникъ•|закопрѣстѫпьнікъ
и|і
ѹне|оуне
ѹмрѣти|оумрѣті
бе-чада•|бечада
неже|неже
имѣти|імѣті
чада|чада
невѣрьна•|невѣрьна
отъ|отъ
ѥдиного|едіного
бо|бо
раꙁѹмива|разоуміва
ѹселить|оуселіть
сѧ|сѧ
градъ•|градъ
ап҃лъ|ап҃лъ
же•|же
и|і
раꙁѹмѣ|разоумѣ
г҃ь|г҃ь
сѫщаꙗ|сѫщаꙗ
ѥго•|его
и|і
да|да
отъстѹпить|отъстоупіть
отъ|отъ
неправъдꙑ•|неправъдъі
вьсь|вьсь
именѫꙗи|іменѫꙗі
имѧ|імѧ
гн҃е•|гн҃е
и|і
приносить•|пріносіть
въ|въ
велицѣ|веліцѣ
же|же
домѹ|домоу
не|не
сѫть|сѫть
тъчьѭ|тъчьѭ
съсѫди|съсѫді
серебрьнии|серебрьніі
и|і
ꙁлати•|златі
нъ|нъ
и|і
дрѣвѧн͗ни|дрѣвѧнні
и|і
чрѣпиньни•|чрѣпіньні
и|і
ѡви|ові
же|же
въ|въ
чьсть•|чьсть
ови|ові
же|же
не|не
въ|въ
чьсть•|чьсть
ѥлико|еліко
ѹбо|оубо
ѥсть|есть
насъ|насъ
дрѣвѧнъ|дрѣвѧнъ
и|і
ꙁъдѧнъ•|зъдѧнъ
бѹдѣмъ|боудѣмъ
ѹбо|оубо
съсѫди|съсѫді
благопотрѣбни|благопотрѣбні
вл҃цѣ•|вл҃цѣ
на|на
всѧко|всѧко
дѣло|дѣло
благо|благо
ѹготовани•|оуготовані
да|да
не|не
ѹслꙑшимъ|оуслъішімъ
вл҃кꙑ•|вл҃къі
идѣте|ідѣте
отъ|отъ
мене|мене
проклѧтии•|проклѧтіі
аминъ|амінъ
гл҃ѫ|гл҃ѫ
вамъ|вамъ
не|не
вѣдѣ|вѣдѣ
васъ•|васъ
подобно|подобно
бо|бо
г҃ь|г҃ь
рече|рече
ѥсть|есть
црс҃тво|црс҃тво
нбс҃ноѥ•|нбс҃ное
неводѹ|неводоу
въврьженѹ|въврьженоу
въ|въ
море•|море
и|і
отъ|отъ
вьсего|вьсего
рода|рода
събьравъшю•|събьравъшоу
ѥгоже|егоже
ѥгда|егда
наплъни|наплъні
сѧ•|сѧ
иꙁвлъкъше|ізвлъкъше
на|на
краи•|краі
иꙁбьраша|ізбьраша
добрꙑꙗ|добръіꙗ
въ|въ
съсѫдꙑ•|съсѫдъі
а|а
ꙁълꙑꙗ|зълъіꙗ
иꙁврьгоша|ізврьгоша
вънъ•|вънъ
и|і
приносить•|пріносіть
тако|тако
бѹдеть|боудеть
въ|въ
съконьчаньѥ•|съконьчанье
иꙁидѹть|ізідоуть
ан͗гели•|ангелі
и|і
отълѹчать|отълоучать
ꙁълꙑꙗ|зълъіꙗ
отъ|отъ
срѣдꙑ|срѣдъі
праведнꙑхъ•|праведнъіхъ
и|і
въврьгѹть|въврьгоуть
ѭ|ѭ
въ|въ
пешть|пещь
огнемь|огнемь
горѫштѫѭ•|горѫщѫѭ
тѹ|тоу
бѫдеть|бѫдеть
плачь|плачь
и|і
скрьжьтъ|скрьжьтъ
ꙁѹб͗нъи|зоубнъі
м͑ноꙁи|мнозі
бо|бо
ꙁъвани•|зъвані
рѣдъци|рѣдъці
же|же
иꙁбьрани•|ізбьрані
широка|шірока
бо|бо
врата|врата
и|і
пространъ|пространъ
пѫть|пѫть
въводѧи|въводѧі
въ|въ
погꙑбѣль•|погъібѣль
и|і
мноꙁи|мнозі
сѫть|сѫть
въходѧштиї|въходѧщіі
имь•|імь
о|о
малъихъ|малъіхъ
же|же
говѣиницѣхъ|говѣініцѣхъ
и|і
о|о
добръихъ|добръіхъ
рече•|рече
коль|коль
ѹꙁъка|оузъка
врата|врата
и|і
тѣснъ|тѣснъ
пѫть•|пѫть
въводѧи|въводѧі
въ|въ
житьѥ•|жітье
и|і
мало|мало
ѥсть|есть
въходѧштиихъ|въходѧщііхъ
имь•|імь
и|і
пакꙑ•|пакъі
не|не
бои|боі
сѧ|сѧ
малоѥ|малое
стадо•|стадо
ꙗко|ꙗко
благоиꙁволи|благоізволі
оц҃ь|оц҃ь
вашь•|вашь
дати|даті
вамъ|вамъ
цр҃ьствьѥ•|цр҃ьствье
си|сі
благаа|благаа
обѣщавъшѹмѹ|обѣщавъшоумоу
нам͗•|нам
б҃ѹ|б҃оу
нашемѹ|нашемоу
слава|слава
в͗|в
вѣкꙑ|вѣкъі
вѣком|вѣком
АМИН|амін
ҁ҃е|ҁ҃е
Ꙍ|о
ТОМЬ|томь
ѤЖЕ|еже
НЕ|не
СМЬꙖТИ|смьꙗті
СѦ|сѧ
Ѥже|еже
смьꙗти|смьꙗті
сѧ|сѧ
отънѫдь|отънѫдь
крьстьꙗномъ•|крьстьꙗномъ
нѣсть|нѣсть
повелѣно•|повелѣно
паче|паче
же|же
мнихомъ•|мніхомъ
распьнъшихъ|распьнъшіхъ
сѧ|сѧ
мирови•|мірові
иже|іже
бо|бо
хощеть|хощеть
рече|рече
по|по
мнѣ|мнѣ
ити•|іті
да|да
отъврьжеть|отъврьжеть
сѧ|сѧ
себе•|себе
и|і
да|да
въꙁьметь|възьметь
крс҃ть|крс҃ть
свои•|своі
и|і
въ|въ
слѣдъ|слѣдъ
мене|мене
грѧдеть•|грѧдеть
то|то
како|како
достоить|достоіть
распѧтѹмѹ|распѧтоумоу
сладъкъими|сладъкъімі
гвоꙁдьи|гвоздьі
крс҃тьнъими•|крс҃тьнъімі
раꙁливати|разліваті
сѧ|сѧ
и|і
смьꙗти•|смьꙗті
не|не
на|на
глѫмлениѥ|глѫмленіе
бо|бо
ꙁъвани|зъвані
ѥсмъ•|есмъ
и|і
на|на
смѣхъ•|смѣхъ
да|да
горе|горе
наслѣдѹѥмъ|наслѣдоуемъ
ꙗкоже|ꙗкоже
и|і
погании•|поганіі
нъ|нъ
да|да
плачемъ|плачемъ
въ|въ
ѹтѣшеньи|оутѣшеньі
ѭтрь|ѭтрь
бѹдемъ•|боудемъ
и|і
дш҃и|дш҃і
бо|бо
вьсь|вьсь
подвигъ|подвігъ
нашь|нашь
бѫдеть•|бѫдеть
о|о
неиже|неіже
многа|многа
бѣда•|бѣда
и|і
мѹка|моука
вѣчна•|вѣчна
нѣсть|нѣсть
бо|бо
въ|въ
адѣ|адѣ
исповѣданиꙗ•|ісповѣданіꙗ
нѣ|нѣ
сльꙁꙑ|сльзъі
ни|ні
въꙁдꙑханьꙗ•|въздъіханьꙗ
ѹмолѧщиихъ|оумолѧщііхъ
сѫдьѭ•|сѫдьѭ
нѣсть|нѣсть
приложеньꙗ|пріложеньꙗ
рокѹ|рокоу
тѹ•|тоу
ни|ні
покааньꙗ•|покааньꙗ
нѣсть|нѣсть
въꙁвращеньꙗ•|възвращеньꙗ
по|по
отъсъдешьниимь|отъсъдешьніімь
исходѣ•|ісходѣ
нъ|нъ
по|по
отъшьствии|отъшьствіі
ѥже|еже
отъсѹдѹ•|отъсоудоу
всѧ|всѧ
горька|горька
и|і
люта|люта
ѹсърѧштѫть•|оусърѧщѫть
погꙋбльшаꙗ|погоубльшаꙗ
врѣмѧ|врѣмѧ
поканьѭ•|поканьѭ
сьрѧщеть|сьрѧщеть
бо|бо
ꙗ|ꙗ
страшноѥ|страшное
и|і
сра¬г¬оѥ|срагое
то|то
ѹсърѣтениѥ|оусърѣтеніе
своихъ|своіхъ
грѣхъ•|грѣхъ
всѧкого|всѧкого
мѹченьꙗ|моученьꙗ
горьчаѥ•|горьчае
и|і
съвѣсть|съвѣсть
бьѭщѫ|бьѭщѫ
ꙗ|ꙗ
ѭтрьѭдѹ•|ѭтрьѭдоу
часто|часто
вѣщати|вѣщаті
мильнꙑꙗ|мільнъіꙗ
гл҃ꙑ|гл҃ъі
онꙑ•|онъі
ѹвꙑ|оувъі
мнѣ|мнѣ
ꙗко|ꙗко
ѹвидѣхъ|оувідѣхъ
аꙁъ|азъ
дн҃ь|дн҃ь
сь•|сь
ꙗможе|ꙗможе
бо|бо
аще|аще
въꙁведеть|възведеть
кто•|кто
то|то
тѹ|тоу
ѹꙁьрить•|оузьріть
анг҃лꙑ|анг҃лъі
беꙁмилостивнꙑ•|безмілостівнъі
срагъ|срагъ
имѫтѧ|імѫтѧ
обраꙁъ•|образъ
въ|въ
тъ|тъ
бо|бо
часъ|часъ
бѣдовьнꙑи|бѣдовьнъіі
въꙁдъхнѹть|въздъхноуть
горко•|горко
ѥгда|егда
бесъмрьтьнѣи|бесъмрьтьнѣі
вѣчнѣи|вѣчнѣі
прѣдадѧть|прѣдадѧть
сѧ|сѧ
тьмѣ|тьмѣ
вънѣщьнии•|вънѣщьніі
и|і
плачѫ|плачѫ
и|і
скрьжьтѹ|скрьжьтоу
ꙁѹбъ•|зоубъ
и|і
чрьви|чрьві
бесконьчьнѹ•|бесконьчьноу
и|і
дьнꙋ|дьноу
адовѹ•|адовоу
и|і
гроꙁѣ|грозѣ
и|і
геоньнѣ|геоньнѣ
лютѣи•|лютѣі
си|сі
ѹбо|оубо
подобаѥть|подобаеть
съглѧдавати|съглѧдаваті
мѹченьꙗ•|моученьꙗ
ꙗже|ꙗже
жидѹть|жідоуть
грѣшьнъихъ•|грѣшьнъіхъ
и|і
не|не
раꙁливати|разліваті
сѧ|сѧ
въ|въ
смѣсѣ•|смѣсѣ
и|і
глѹмленьихъ•|глоумленьіхъ
нъ|нъ
паче|паче
въꙁирати|възіраті
въинѹ|въіноу
на|на
благодѣть|благодѣть
бж҃ьѭ•|бж҃ьѭ
ꙗкоже|ꙗкоже
и|і
блаженъи|блаженъі
дв҃дъ•|дв҃дъ
въꙁираꙗ|възіраꙗ
на|на
благодѣть|благодѣть
ѥго|его
гл҃аше•|гл҃аше
ꙗко|ꙗко
очи|очі
рабъ|рабъ
въ|въ
рѹкѹ|роукоу
г҃ьи|г҃ьі
своихъ•|своіхъ
тако|тако
очи|очі
наши|наші
къ|къ
г҃ѹ|г҃оу
б҃ѹ|б҃оу
нашемѹ•|нашемоу
и|і
пакꙑ•|пакъі
ни|ні
въꙁвѣсте|възвѣсте
сѧ|сѧ
очи|очі
мои•|моі
тако|тако
и|і
мꙑ|мъі
длъжьни|длъжьні
ѥсмъ|есмъ
трѣꙁви|трѣзві
бꙑти|бъіті
присно•|прісно
и|і
въꙁирати•|възіраті
да|да
не|не
ѹмьремъ|оумьремъ
отъ|отъ
ꙗдовитꙑхъ|ꙗдовітъіхъ
ꙁмии•|зміі
сирѣчь|сірѣчь
отъ|отъ
грѣхъ|грѣхъ
нашихъ•|нашіхъ
сѹщеи|соущеі
подъ|подъ
благодѣтьѭ•|благодѣтьѭ
присно|прісно
на|на
ѹмѣ|оумѣ
имѹть|імоуть
своꙗ|своꙗ
прѣгрѣшеньꙗ•|прѣгрѣшеньꙗ
дивѧще|дівѧще
сѧ|сѧ
благости|благості
бж҃ии|бж҃іі
и|і
гл҃ще|гл҃ще
въ|въ
себѣ•|себѣ
отъ|отъ
колика|коліка
ꙁъла|зъла
иꙁбавилъ|ізбавілъ
нꙑ|нъі
ѥсть|есть
б҃ь•|б҃ь
и|і
что|что
мꙑ|мъі
недостоинии|недостоініі
имамъ|імамъ
въꙁдати|въздаті
ѥмѹ•|емоу
а|а
не|не
въ|въ
смѣсѣ|смѣсѣ
и|і
глѹмленьи•|глоумленьі
пронѹромь|проноуромь
пришьльства|прішьльства
нашего|нашего
дьни•|дьні
всѧцѣмь|всѧцѣмь
ѹбо|оубо
храненьѥмь|храненьемь
блюдѣмъ|блюдѣмъ
сѧ•|сѧ
въꙁлюблении•|възлюбленіі
не|не
пасти|пасті
отъ|отъ
врага|врага
въ|въ
сѣти|сѣті
смѣха•|смѣха
м͗ноꙁи|мнозі
бо|бо
сѫть|сѫть
раждаѥми|раждаемі
беꙁмѣстьни|безмѣстьні
и|і
непрьꙗꙁни|непрьꙗзні
врѣдове•|врѣдове
беꙁѹмьнъихъ|безоумьнъіхъ
бо|бо
ѥсть|есть
смѣхъ•|смѣхъ
паче|паче
же|же
на|на
кровѣ|кровѣ
имѹштиихъ|імоущііхъ
несъмꙑслъ•|несъмъіслъ
сего|сего
ради|раді
ѹбо|оубо
не|не
трѣбѣ|трѣбѣ
ѥсть|есть
беꙁѹм͗нѹмѹ|безоумноумоу
пища•|піща
да|да
не|не
въꙁдвигнеть|въздвігнеть
сѧ|сѧ
ꙗкоже|ꙗкоже
иꙁ|із
егупта|егупта
ишъдъшеи|ішъдъшеі
людьѥ•|людье
они|оні
бо|бо
ѥгда|егда
иꙁбъиша|ізбъіша
ѥгѵп͗тѣнъ•|егуптѣнъ
и|і
видѣша|відѣша
глѫбинѫ|глѫбінѫ
гробꙑ|гробъі
имъ|імъ
бꙑвъшѧ•|бъівъшѧ
тъгда|тъгда
на|на
идолослѹженьѥ|ідолослоуженье
съвратиша|съвратіша
сѧ•|сѧ
прошъдъше|прошъдъше
бо|бо
море•|море
и|і
ничьсоже|нічьсоже
бѣдовьна|бѣдовьна
пострадавьше•|пострадавьше
пришъдъше|прішъдъше
на|на
ꙁемлѫ|землѫ
истопиша|істопіша
сѧ•|сѧ
ѥгда|егда
горкꙑꙗ|горкъіꙗ
работꙑ|работъі
и|і
плача|плача
свободь|свободь
бꙑшѧ|бъішѧ
тъгда|тъгда
отъврьгоша|отъврьгоша
сѧ•|сѧ
добрѣ|добрѣ
ѹбо|оубо
притъчьникъ|прітъчьнікъ
рече•|рече
смѣхъ|смѣхъ
нераꙁѹмнъихъ|неразоумнъіхъ
въ|въ
питѣньи|пітѣньі
грѣхъ•|грѣхъ
и|і
пакꙑ•|пакъі
беꙁѫмьнъ|безѫмьнъ
въ|въ
смѣсѣ|смѣсѣ
вьꙁносить|вьзносіть
гласъ•|гласъ
мѹжь|моужь
же|же
коварьнъ•|коварьнъ
ѥдъва|едъва
тихо|тіхо
осклабить|осклабіть
сѧ•|сѧ
и|і
пакꙑ•|пакъі
иже|іже
ласкръдъ|ласкръдъ
бѫдеть|бѫдеть
иꙁ|із
дѣтьска•|дѣтьска
то|то
рабъ|рабъ
бѫдеть•|бѫдеть
послѣдь|послѣдь
же|же
острастить|острастіть
сѧ|сѧ
о|о
себѣ•|себѣ
и|і
приричеть•|прірічеть
ꙗкоже|ꙗкоже
гласъ|гласъ
трьнъꙗ•|трьнъꙗ
подъ|подъ
котьломь•|котьломь
тако|тако
смѣхъ|смѣхъ
беꙁѹмнꙑхъ•|безоумнъіхъ
мꙑ|мъі
ѹбо|оубо
рьцѣмъ|рьцѣмъ
съ|съ
иѡвомь•|іовомь
аще|аще
же|же
и|і
бѣхъ|бѣхъ
съ|съ
смѣшникꙑ•|смѣшнікъі
си|сі
мнѣ|мнѣ
сѣтоваа|сѣтоваа
да|да
бѫдѫть|бѫдѫть
и|і
съ|съ
иѥремиѥмь•|іереміемь
г҃и|г҃і
не|не
посѣдѣхъ|посѣдѣхъ
съ|съ
сонмомь|сонмомь
играѭштихъ•|іграѭщіхъ
нъ|нъ
говѣхъ|говѣхъ
отъ|отъ
лица|ліца
рѹкꙑ|роукъі
твоѥꙗ•|твоеꙗ
ѥдинъ|едінъ
сѣдѧахъ•|сѣдѧахъ
ꙗко|ꙗко
горести|горесті
исплънѣхъ•|ісплънѣхъ
иꙗковъ|іꙗковъ
же|же
не|не
тъчьѭ|тъчьѭ
смьꙗньꙗ|смьꙗньꙗ
отъмещеть•|отъмещеть
нъ|нъ
и|і
плакати|плакаті
прилежьнѣ|прілежьнѣ
и|і
рꙑдати|ръідаті
повелѣваѥть•|повелѣваеть
постраждѣте|постраждѣте
бо|бо
рече|рече
и|і
сльꙁите•|сльзіте
и|і
смѣхъ|смѣхъ
вашь|вашь
въ|въ
плачь|плачь
да|да
обрѣтаѥть|обрѣтаеть
сѧ•|сѧ
и|і
радость|радость
въ|въ
ѹмиленьѥ•|оуміленье
въ|въ
смѣсѣ|смѣсѣ
беꙁѹмьнъи|безоумьнъі
творить|творіть
ꙁъло•|зъло
а|а
мѫдрость|мѫдрость
раждаѥть|раждаеть
мѹжьство|моужьство
мѫдрьство•|мѫдрьство
бѫдѣмъ|бѫдѣмъ
ѹбо|оубо
браⷮѥ|брате
мѫдри•|мѫдрі
ненавидѧще|ненавідѧще
беꙁѹм͗наго|безоумнаго
смѣха•|смѣха
да|да
не|не
прѣдасть|прѣдасть
насъ|насъ
вѣчьнѣи|вѣчьнѣі
мѫцѣ•|мѫцѣ
по|по
отъреченьѭ|отъреченьѭ
гн҃ѫ|гн҃ѫ
гл҃щѫмѹ•|гл҃щѫмоу
горе|горе
смѣѭщиимъ|смѣѭщіімъ
сѧ|сѧ
нꙑнѣ•|нъінѣ
ꙗко|ꙗко
ти|ті
въꙁдрꙑдаѭть|въздръідаѭть
и|і
въсплачѫть|въсплачѫть
сѧ•|сѧ
нъ|нъ
да|да
паче|паче
похвалени|похвалені
бѫдемъ•|бѫдемъ
слꙑшаште|слъішаще
отъ|отъ
сп҃са•|сп҃са
блажени|блажені
плачѫщеи|плачѫщеі
сѧ|сѧ
ꙗко|ꙗко
ти|ті
ѹтѣшать|оутѣшать
сѧ•|сѧ
томѹ|томоу
сп҃сѹ|сп҃соу
нашемѹ|нашемоу
слава|слава
въ|въ
вѣкꙑ|вѣкъі
вѣком|вѣком
АМИН|амін
ҁ҃ѕ|ҁ҃з
Ꙍ|о
ТОМЬ|томь
ѤЖЕ|еже
ЛЮБИТИ|любіті
ИСКРЬНѦГО⁘|іскрьнѧго
Любѧ|любѧ
искрьнѧго•|іскрьнѧго
далече|далече
ѥсть|есть
отъ|отъ
вьсѧкого|вьсѧкого
грѣха•|грѣха
всѧ|всѧ
бо|бо
книгꙑ|кнігъі
ветъхꙑꙗ|ветъхъіꙗ
же|же
и|і
новꙑꙗ•|новъіꙗ
се|се
нам͑|нам
повѣѭть•|повѣѭть
ѥже|еже
любити|любіті
искрьнѧго|іскрьнѧго
ꙗко|ꙗко
себе•|себе
въторѹѭ|вътороуѭ
бо|бо
любьвь|любьвь
ꙗже|ꙗже
къ|къ
б҃ѹ•|б҃оу
г҃ь|г҃ь
ꙁаповѣдь|заповѣдь
ѹкаꙁа|оуказа
отъ|отъ
ꙁакона|закона
сѫщѹ•|сѫщоу
тѣмьже|тѣмьже
се|се
ꙗвѣ|ꙗвѣ
съвѣдꙑ•|съвѣдъі
иѡнафанъ|іонафанъ
сн҃ъ|сн҃ъ
саѹль•|саоуль
въꙁлюби|възлюбі
дв҃да|дв҃да
вьсѣмь|вьсѣмь
ср҃цемь•|ср҃цемь
паче|паче
любленꙑꙗ|любленъіꙗ
женꙑ•|женъі
ѹне|оуне
бо|бо
мала|мала
часть|часть
съ|съ
страхомь|страхомь
гн҃емь•|гн҃емь
неже|неже
съкровища|съкровіща
вельꙗ|вельꙗ
беꙁ|без
болѣꙁни•|болѣзні
и|і
ѹне|оуне
ѹчрѣждениѥ|оучрѣжденіе
ꙁельѥмь•|зельемь
къ|къ
любъве|любъве
и|і
благодѣти•|благодѣті
неже|неже
тельць|тельць
съ|съ
вражьдоѭ|вражьдоѭ
по|по
книгамъ•|кнігамъ
и|і
па҇ⷦ•|пак
лѹче|лоуче
мало|мало
приꙗтиѥ|пріꙗтіе
съ|съ
правьдоѭ•|правьдоѭ
ли|лі
многа|многа
жита|жіта
съ|съ
неправьдоѭ•|неправьдоѭ
лѹче|лоуче
хлѣбъ|хлѣбъ
съ|съ
сластьѭ|сластьѭ
въ|въ
мирѣ•|мірѣ
неже|неже
домъ|домъ
исплънь|ісплънь
благъ|благъ
съ|съ
сваромь•|сваромь
рече|рече
же|же
иѡан͗нъ•|іоаннъ
браⷮѥ|брате
любимъ|любімъ
дрѹгъ|дроугъ
дрѹга|дроуга
ꙗко|ꙗко
б҃ъ|б҃ъ
любꙑ|любъі
ѥсть•|есть
и|і
прѣбꙑваѧи|прѣбъіваѧі
въ|въ
любъви•|любъві
въ|въ
бꙁ҃ѣ|бз҃ѣ
бꙑваѥть•|бъіваеть
и|і
б҃ъ|б҃ъ
въ|въ
немь|немь
прѣбꙑваѥть•|прѣбъіваеть
и|і
па҇ⷦ•|пак
любѧи|любѧі
брата|брата
своѥго|своего
въ|въ
свѣтѣ|свѣтѣ
живеть•|жіветь
и|і
съблаꙁна|съблазна
нѣсть|нѣсть
въ|въ
немь•|немь
и|і
петръ•|петръ
коньчина|коньчіна
же|же
обѣщаньꙗ|обѣщаньꙗ
ѥсть|есть
любꙑ•|любъі
отъ|отъ
чиста|чіста
ср҇ⷣца|срдца
и|і
съвѣсти|съвѣсті
благꙑ•|благъі
и|і
пакꙑ•|пакъі
подадите|подадіте
въ|въ
трьпѣньи|трьпѣньі
благочьстьѥ•|благочьстье
братолюбьѥ•|братолюбье
а|а
въ|въ
братолюбьи|братолюбьі
любъвь•|любъвь
и|і
по|по
малѣ•|малѣ
прѣжде|прѣжде
же|же
вьсего|вьсего
любъвь|любъвь
имѣите|імѣіте
въ|въ
себѣ|себѣ
присно•|прісно
ꙁане|зане
любꙑ|любъі
покрꙑваѥть|покръіваеть
множьство|множьство
грѣхъ•|грѣхъ
такожде|такожде
и|і
павлъ•|павлъ
въ|въ
любъви|любъві
кореновани|кореновані
и|і
основани•|основані
да|да
въꙁможете|възможете
постигнѫти|постігнѫті
съ|съ
всѣми|всѣмі
ст҃ꙑими•|ст҃ъіімі
и|і
пакꙑ•|пакъі
бꙑваите|бъіваіте
же|же
дрѹгъ|дроугъ
дрѹгѹ•|дроугоу
блаꙁи|блазі
мл҃ди•|мл҃ді
подобни|подобні
б҃ѹ•|б҃оу
ꙗко|ꙗко
чада|чада
въꙁлюблена•|възлюблена
и|і
ходите|ходіте
въ|въ
любъве•|любъве
и|і
да|да
раꙁѹмѣѥмъ|разоумѣемъ
дрѹга|дроуга
въ|въ
пооштеньѥ|поощенье
любъве•|любъве
и|і
добръ|добръ
дѣлъ•|дѣлъ
и|і
надъ|надъ
вьсѣми|вьсѣмі
сими|сімі
любъве|любъве
ѥже|еже
ѥсть|есть
съвѫꙁъ|съвѫзъ
съврьшеньѭ•|съврьшеньѭ
г҃ь|г҃ь
же|же
да|да
ѹмножить•|оумножіть
и|і
да|да
иꙁбꙑтъчьствѹѥть|ізбъітъчьствоуеть
любовьѭ|любовьѭ
дрѹгъ|дроугъ
къ|къ
дрѹгѹ•|дроугоу
и|і
къ|къ
всѣмъ•|всѣмъ
рече|рече
же|же
и|і
інѣмъ•|інѣмъ
о|о
братолюбьи|братолюбьі
же•|же
сами|самі
вꙑ|въі
бм҃ь|бм҃ь
ѹчени|оучені
ѥсте•|есте
любити|любіті
дрѹгъ|дроугъ
дрѹга•|дроуга
и|і
мꙑ|мъі
ѹбо|оубо
браⷮѥ|брате
въꙁлюбимъ|възлюбімъ
ѥдиновѣрьникꙑ|едіновѣрьнікъі
нашѧ•|нашѧ
съврьшеноѭ|съврьшеноѭ
любовьѭ•|любовьѭ
ꙗкоже|ꙗкоже
истѧꙁаѥть|істѧзаеть
нꙑ|нъі
ꙁаконъ|законъ
бж҃ьи•|бж҃ьі
полагаѭще|полагаѭще
ꙁа|за
нѧ|нѧ
дш҃а|дш҃а
нашѧ•|нашѧ
аще|аще
врѣмѧ|врѣмѧ
ꙁаречеть•|заречеть
больша|больша
бо|бо
любьве•|любьве
никтоже|ніктоже
не|не
имать|імать
рече|рече
г҃ь•|г҃ь
да|да
кто|кто
дш҃ѹ|дш҃оу
своѭ|своѭ
положить|положіть
ꙁа|за
дрѹгꙑ|дроугъі
своꙗ•|своꙗ
и|і
ꙁаповѣдь|заповѣдь
новѹ|новоу
даѭ|даѭ
вамъ•|вамъ
да|да
любите|любіте
дрѹгъ|дроугъ
дрѹга•|дроуга
и|і
отъ|отъ
того|того
раꙁѹмѣѭть|разоумѣѭть
вьси|вьсі
ꙗко|ꙗко
мои|моі
ѥсте|есте
ѹченици•|оученіці
а|а
любъвь|любъвь
имате|імате
в|в
себѣ|себѣ
о|о
м͗нѣ•|мнѣ
ѥмѹже|емоуже
слава|слава
в|в
вѣкꙑ|вѣкъі
вѣкомъ|вѣкомъ
АМИН|амін
ҁ҃ꙁ|ҁ҃з
Ꙍ|о
СТРАНЬНОЛЮБИИ|страньнолюбіі
Добро|добро
ѥсть|есть
страньнолюбьѥ|страньнолюбье
и|і
б҃ѹ|б҃оу
годѣ•|годѣ
паче|паче
же|же
къ|къ
своимъ|своімъ
вѣроѭ•|вѣроѭ
стран͗нолюбьꙗ|страннолюбьꙗ
бо|бо
ради|раді
дрѹгъ|дроугъ
бж҃ьи|бж҃ьі
аврамъ|аврамъ
нарече|нарече
сѧ•|сѧ
и|і
лотъ|лотъ
бж҃ьꙗ|бж҃ьꙗ
огнѧ|огнѧ
ѹгонеꙁе•|оугонезе
и|і
раавъ|раавъ
блѫдница|блѫдніца
ꙁа|за
страннолюбьѥ|страннолюбье
съ|съ
всѣмь|всѣмь
домом͗|домом
своимь|своімь
сп҃е|сп҃е
сѧ•|сѧ
и|і
отъ|отъ
всѣхъ|всѣхъ
ст҃ꙑхъ|ст҃ъіхъ
страньнолюбьѥ|страньнолюбье
хвалимо|хвалімо
ѥсть•|есть
прьвоѥ|прьвое
притъчьникъ|прітъчьнікъ
гл҃еть•|гл҃еть
бл҃ньѥ|бл҃нье
г҃не|г҃не
на|на
главѣ|главѣ
правьдьничи•|правьдьнічі
се|се
обогащаѥть•|обогащаеть
и|і
не|не
приложить|пріложіть
сѧ|сѧ
ѥмѹ|емоу
печаль|печаль
въ|въ
ср҃ци•|ср҃ці
и|і
стран͗нолюбивъи|страннолюбівъі
иѡвъ•|іовъ
къ|къ
прочиимъ|прочіімъ
дѣтѣлемъ•|дѣтѣлемъ
и|і
страннолюбьѥ|страннолюбье
имѧше•|імѧше
аꙁъ|азъ
бо|бо
рече|рече
бѣхъ|бѣхъ
оц҃ь|оц҃ь
немоштьнъимъ•|немощьнъімъ
иꙁбавихъ|ізбавіхъ
бо|бо
нищѧ|ніщѧ
иꙁ-д-рѹкꙑ|іздроукъі
сильна•|сільна
и|і
пакꙑ•|пакъі
бл҃ньѥ|бл҃нье
гꙑблющѧго|гъіблющѧго
на|на
мѧ|мѧ
приде•|пріде
ѹста|оуста
же|же
въдовича|въдовіча
бл҃сишѧ|бл҃сішѧ
мѧ•|мѧ
око|око
бѣхъ|бѣхъ
слѣпьцемъ•|слѣпьцемъ
нога|нога
же|же
хромьцемъ•|хромьцемъ
и|і
двьри|двьрі
моꙗ|моꙗ
отврьстꙑ|отврьстъі
бѧхѹ|бѧхоу
всемѹ|всемоу
приходѧщѹмѹ•|пріходѧщоумоу
и|і
исаиꙗ|ісаіꙗ
же•|же
бесхрамьникꙑ|бесхрамьнікъі
въводите|въводіте
въ|въ
домъ|домъ
свои•|своі
аще|аще
видиши|відіші
нага•|нага
то|то
одѣваи•|одѣваі
и|і
отъ|отъ
ближниихъ|бліжнііхъ
своїхъ|своіхъ
не|не
прѣꙁьри•|прѣзьрі
тъгда|тъгда
въꙁъпьѥши|възъпьеші
и|і
б҃ъ|б҃ъ
ѹслꙑшить|оуслъішіть
тѧ•|тѧ
иначе|іначе
гл҃щю|гл҃щоу
ти•|ті
речеть•|речеть
се|се
придохъ•|прідохъ
и|і
пакꙑ•|пакъі
аще|аще
отъимеши|отъімеші
отъ|отъ
себе|себе
гл҃ъ|гл҃ъ
ръпътенъ•|ръпътенъ
и|і
даси|дасі
хлѣбъ|хлѣбъ
твои|твоі
алъчющѫмѹ|алъчоущѫмоу
отъ|отъ
дш҃а|дш҃а
твоѥꙗ•|твоеꙗ
и|і
дш҃ѫ|дш҃ѫ
съмѣренѫ|съмѣренѫ
наплъниши•|наплъніші
тъгда|тъгда
въсьꙗѥть|въсьꙗеть
въ|въ
тьмѣ|тьмѣ
свѣтъ|свѣтъ
твои•|твоі
и|і
бѹдеть|боудеть
б҃ъ|б҃ъ
твои|твоі
въинѹ|въіноу
съ|съ
тобоѭ•|тобоѭ
исплъниши|ісплъніші
сѧ|сѧ
ꙗкоже|ꙗкоже
желаѥть|желаеть
дш҃а|дш҃а
твоꙗ•|твоꙗ
и|і
павлъ•|павлъ
братолюбьѥ|братолюбье
да|да
прѣбъваѥть•|прѣбъваеть
стран͗нолюбьꙗ|страннолюбьꙗ
не|не
ꙁабꙑваите•|забъіваіте
тѣмь|тѣмь
бо|бо
не|не
раꙁѹмѣша|разоумѣша
ѥтерии|етеріі
приимъше|пріімъше
ан҃глꙑ•|ан҃глъі
и|і
пакꙑ•|пакъі
благодѣаньꙗ|благодѣаньꙗ
же|же
и|і
обьщеньꙗ|обьщеньꙗ
не|не
ꙁабꙑваите•|забъіваіте
тацѣми|тацѣмі
бо|бо
жрътвами|жрътвамі
ѹгаждати|оугаждаті
б҃ѹ•|б҃оу
рече|рече
же|же
и|і
инѣмъ•|інѣмъ
страннолюбиви|страннолюбіві
дрѹгъ|дроугъ
дрѹгѹ|дроугоу
беꙁ-д-ръпътаньꙗ•|бездръпътаньꙗ
аще|аще
бо|бо
страхъ|страхъ
прилежить•|прілежіть
ꙗкоже|ꙗкоже
аще|аще
кто|кто
имать|імать
благоприꙗтьнъ•|благопріꙗтьнъ
нъ|нъ
ꙗкоже|ꙗкоже
не|не
имать•|імать
не|не
да|да
инѣмъ|інѣмъ
бо|бо
ослаба|ослаба
бꙑла•|бъіла
вамъ|вамъ
же|же
печаль•|печаль
нъ|нъ
иꙁ-д-рьвеньꙗ|іздрьвеньꙗ
въ|въ
нꙑнѣщьнеѥ|нъінѣщьнее
врѣмѧ•|врѣмѧ
и|і
къ|къ
титѹ•|тітоу
ꙁина|зіна
ꙁакон͗|закон
ника•|ніка
и|і
аполоса|аполоса
тъщьно|тъщьно
посъли•|посълі
да|да
ничьсоже|нічьсоже
има|іма
скѫдьно|скѫдьно
бѫдеть•|бѫдеть
да|да
ѹчать|оучать
же|же
сѧ|сѧ
и|і
наши|наші
добръихъ|добръіхъ
дѣлѣхъ|дѣлѣхъ
прилежати•|прілежаті
въ|въ
нꙋждьна|ноуждьна
трѣбованьꙗ•|трѣбованьꙗ
да|да
не|не
бѹдѹть|боудоуть
бесплодьни•|бесплодьні
и|і
пакꙑ•|пакъі
цѣлѹѥть|цѣлоуеть
вꙑ|въі
гаии|гаіі
странноприимець|страннопріімець
мои•|моі
и|і
всеи|всеі
цр҇ⷦви•|цркві
сирѣчь|сірѣчь
стран͑ноприимьць|страннопріімьць
в͗сѣхъ•|всѣхъ
а|а
г҃ь|г҃ь
же|же
приꙁꙑва|прізъіва
съ|съ
милостивъими|мілостівъімі
стран͗ноприимьца•|страннопріімьца
речеть|речеть
к͗|к
нимъ•|німъ
придѣте|прідѣте
бл҃нии|бл҃ніі
оц҃а|оц҃а
моѥго•|моего
наслѣдѹите|наслѣдоуіте
ѹготованоѥ|оуготованое
вамъ|вамъ
црст҃во•|црст҃во
страннъ|страннъ
бо|бо
бѣхъ|бѣхъ
и|і
въведосте|въведосте
мѧ•|мѧ
въꙁаалъкахъ|възаалъкахъ
сѧ|сѧ
и|і
дасте|дасте
ми|мі
ꙗсти•|ꙗсті
въждадахъ|въждадахъ
и|і
напоисте|напоісте
мѧ•|мѧ
нагъ|нагъ
бѣхъ|бѣхъ
и|і
одѣсте|одѣсте
мѧ•|мѧ
тѣмьже|тѣмьже
вънидѣте|вънідѣте
въ|въ
радость|радость
г҃а|г҃а
своѥго•|своего
и|і
веселите|веселіте
сѧ|сѧ
въ|въ
неи•|неі
славѧще|славѧще
прѣст҃ѫѭ|прѣст҃ѫѭ
троицѫ•|троіцѫ
оц҃а|оц҃а
и|і
сн҃а|сн҃а
и|і
ст҃го|ст҃го
дх҃а|дх҃а
нꙑнѧ|нъінѧ
и|і
присно|прісно
АМИН|амін
ҁ҃и|ҁ҃і
Ꙍ|о
НИЩЕЛЮБИИ⁘|ніщелюбіі
Нищелюбьѥ|ніщелюбье
и|і
страннолюбьѥ•|страннолюбье
дъвѣ|дъвѣ
вѣтви|вѣтві
ѥсте•|есте
масти|масті
маслин͗нꙑꙗ•|масліннъіꙗ
ѥꙗже|еꙗже
плодъ|плодъ
ѹмащаѥть|оумащаеть
всѧ•|всѧ
отъ|отъ
неꙗже|неꙗже
помаꙁаѥть|помазаеть
си|сі
г҃ь|г҃ь
главѫ|главѫ
и|і
ноꙁѣ•|нозѣ
и|і
въꙁдаѥть|въздаеть
помаꙁаѭщѹмѹ|помазаѭщоумоу
црс҃тво|црс҃тво
нб҃сноѥ•|нб҃сное
истъи|істъі
бо|бо
нищелюбьць|ніщелюбьць
слѹшаѥть|слоушаеть
глщ҃аго•|глщ҃аго
милостꙑнѧ|мілостъінѧ
и|і
вѣрꙑ|вѣръі
да|да
не|не
оставлѧѭть|оставлѧѭть
тебе•|тебе
привѧжи|прівѧжі
же|же
ꙗ|ꙗ
своѥи|своеі
вꙑи•|въіі
и|і
обрѧщеши|обрѧщеші
благодѣть•|благодѣть
и|і
помꙑшлѧи|помъішлѧі
добраа|добраа
прѣдъ|прѣдъ
б҃мь|б҃мь
и|і
чл҃кꙑ•|чл҃къі
и|і
пѫтьѥ|пѫтье
праведьникъ•|праведьнікъ
тъчьносвѣтѹ|тъчьносвѣтоу
съꙗѭть•|съꙗѭть
прѣдьидѹть|прѣдьідоуть
и|і
просвѣщаѭть•|просвѣщаѭть
дон͗деже|дондеже
исправить|ісправіть
дьнь•|дьнь
ꙁаповѣдаѥть|заповѣдаеть
же|же
и|і
ꙁаконъ|законъ
гл҃ѧ•|гл҃ѧ
отврьꙁаꙗ|отврьзаꙗ
отврьꙁе|отврьзе
рѹцѣ|роуцѣ
свои|своі
ѹбогѹмѹ•|оубогоумоу
да|да
не|не
въꙁъпьѥть|възъпьеть
на|на
тѧ|тѧ
къ|къ
г҃ѹ•|г҃оу
и|і
притъчьникъ•|прітъчьнікъ
жита|жіта
нищаго|ніщаго
не|не
лиши•|ліші
и|і
дш҃ѧ|дш҃ѧ
ал͗ченъ|алченъ
не|не
оскрьби•|оскрьбі
и|і
не|не
мимовлѣци|мімовлѣці
дааньꙗ|дааньꙗ
трѣбѫщааго•|трѣбѫщааго
раба|раба
скрьбѧщѧ|скрьбѧщѧ
не|не
отърѣи•|отърѣі
и|і
не|не
отъврати|отъвраті
лица|ліца
твоѥго|твоего
отъ|отъ
нищѧ•|ніщѧ
и|і
пакꙑ•|пакъі
дш҃и|дш҃і
своѥи|своеі
бл҃готворить|бл҃готворіть
мѫжь|мѫжь
мл҃стивъ•|мл҃стівъ
гѹбитель|гоубітель
же|же
своѥ|свое
тѣло|тѣло
немилостивъи•|немілостівъі
и|і
пр҃ркъ|пр҃ркъ
осие•|осіе
сѣите|сѣіте
гл҃ѧ|гл҃ѧ
въ|въ
правьдѹ•|правьдоу
и|і
милость|мілость
и|і
сѫдъ|сѫдъ
храните•|храніте
и|і
приближаите|прібліжаіте
сѧ|сѧ
къ|къ
б҃ѹ|б҃оу
своемѹ|своемоу
въинѫ•|въінѫ
и|і
данилъ|данілъ
науходоносорѹ•|науходоносороу
съвѣтъ|съвѣтъ
мои|моі
рече•|рече
да|да
бѫдеть|бѫдеть
ти|ті
годѣ|годѣ
цр҃ѫ•|цр҃ѫ
грѣхꙑ|грѣхъі
твоꙗ|твоꙗ
милостꙑнѧми|мілостъінѧмі
оцѣсти•|оцѣсті
и|і
неправьдꙑ|неправьдъі
твоꙗ|твоꙗ
щедротами|щедротамі
нищиихъ•|ніщііхъ
и|і
дв҃дъ|дв҃дъ
расточи|расточі
и|і
дасть|дасть
нищиимъ•|ніщіімъ
правьда|правьда
его|его
прѣбꙑваеть|прѣбъіваеть
въ|въ
вѣкꙑ|вѣкъі
вѣка•|вѣка
и|і
любить|любіть
милостꙑнѧ|мілостъінѧ
и|і
сѫдъ|сѫдъ
г҃ь•|г҃ь
блаженъ|блаженъ
ѹбо|оубо
раꙁѹмѣваꙗ|разоумѣваꙗ
на|на
нища|ніща
и|і
ѹбога•|оубога
ꙗко|ꙗко
въ|въ
дьнь|дьнь
лютъ|лютъ
иꙁбавить|ізбавіть
и|і
г҃ь•|г҃ь
иѡвъ|іовъ
же|же
сѧтъ•|сѧтъ
аще|аще
ли|лі
оставихъ|оставіхъ
немощьна•|немощьна
иꙁити|ізіті
иꙁ|із
двьрии|двьріі
моих•|моіх
ꙗдромь|ꙗдромь
тъщем•|тъщем
и|і
инъ•|інъ
приклони|пріклоні
ѹхо|оухо
твое|твое
нищѫ•|ніщѫ
иже|іже
бо|бо
даеть|даеть
нищю•|ніщоу
то|то
не|не
оскѹдѣеть•|оскоудѣеть
и|і
пакꙑ•|пакъі
в͗се|все
елико|еліко
имать|імать
рѫка|рѫка
твоꙗ|твоꙗ
творити•|творіті
елика|еліка
же|же
есть|есть
сила|сіла
ти|ті
творити•|творіті
дш҃и|дш҃і
бо|бо
своеи|своеі
бл҃готворить|бл҃готворіть
мѹжь|моужь
милостивъ•|мілостівъ
и|і
бл҃ние|бл҃ніе
г҃не|г҃не
на|на
главѣ|главѣ
дающаго•|дающаго
и|і
иꙁбава|ізбава
мѹжѫ|моужѫ
свое|свое
богатьство•|богатьство
и|і
милостꙑнѧми|мілостъінѧмі
и|і
вѣрами|вѣрамі
очищаѭть|очіщаѭть
сѧ|сѧ
грѣси•|грѣсі
и|і
милѹꙗи|мілоуꙗі
нища•|ніща
въ|въ
ꙁаїмъ|заімъ
даеть|даеть
б҃ѹ•|б҃оу
по|по
дааниѭ|дааніѭ
же|же
его|его
въꙁдасть|въздасть
сѧ|сѧ
емѹ•|емоу
добро|добро
ѹбо|оубо
есть|есть
ѿ|от
своего|своего
трѹда•|троуда
ꙗкоже|ꙗкоже
г҃ь|г҃ь
подаеть•|подаеть
вьсѣмъ|вьсѣмъ
лишаемъимъ|лішаемъімъ
подаати•|подааті
пространое|пространое
ничьсоже|нічьсоже
не|не
сѫмнѧще|сѫмнѧще
сѧ•|сѧ
комѹ|комоу
ли|лі
дамь|дамь
комѹ|комоу
ли|лі
не|не
дамь•|дамь
слѹжьба|слоужьба
бо|бо
си|сі
прѣпрость|прѣпрость
съврьшьши|съврьшьші
сѧ•|сѧ
славна|славна
есть|есть
ѹ|оу
б҃а•|б҃а
и|і
їже|іже
тако|тако
просто|просто
слѹжить|слоужіть
ѹбогѹ•|оубогоу
живъ|жівъ
бѫдеть•|бѫдеть
велие|веліе
ѹбо|оубо
чл҃къ•|чл҃къ
и|і
драго|драго
мѹжь|моужь
милостивъ•|мілостівъ
и|і
пав͗лъ•|павлъ
се|се
же|же
сѣꙗи|сѣꙗі
щѧдѧ•|щѧдѧ
щѧдѧ|щѧдѧ
и|і
пожьнеть•|пожьнеть
и|і
сѣꙗи|сѣꙗі
о|о
бл҃нии•|бл҃ніі
бл҃нии|бл҃ніі
пожьнеть•|пожьнеть
и|і
наводить•|наводіть
македониꙗ|македоніꙗ
бо|бо
и|і
ахаиꙗ•|ахаіꙗ
бл҃говолишѧ|бл҃говолішѧ
обьщение|обьщеніе
етеро|етеро
сътворити•|сътворіті
къ|къ
нищиимъ|ніщіімъ
ст҃ꙑимъ|ст҃ъіімъ
иже|іже
въ|въ
им҃ѣ•|ім҃ѣ
г҃ь|г҃ь
же•|же
продадите|продадіте
имѣниꙗ|імѣніꙗ
вашѧ•|вашѧ
и|і
дадите|дадіте
млс҃тнѫ•|млс҃тнѫ
сътворите|сътворіте
себѣ|себѣ
вълагалища|вълагаліща
не|не
ветъшаѭща•|ветъшаѭща
скровище|скровіще
неоскѫдѣемо|неоскѫдѣемо
на|на
нб҃схъ•|нб҃схъ
идеже|ідеже
бо|бо
есть|есть
скровище|скровіще
ваше•|ваше
тѹ|тоу
бѫдеть|бѫдеть
и|і
ср҃це|ср҃це
ваше•|ваше
не|не
вънемлѣте|вънемлѣте
милостꙑнѧ|мілостъінѧ
вашеꙗ•|вашеꙗ
не|не
творите|творіте
прѣдъ|прѣдъ
ч҃лкꙑ•|ч҃лкъі
да|да
види|віді
бѫдете|бѫдете
ими•|імі
нъ|нъ
въ|въ
таинѣ•|таінѣ
да|да
въꙁдасть|въздасть
вꙑ|въі
ꙗвѣ|ꙗвѣ
на|на
нб҃схъ|нб҃схъ
вашь|вашь
о҃ць•|о҃ць
емѹже|емоуже
слава|слава
въ|въ
вѣкꙑ|вѣкъі
вѣкомъ|вѣкомъ
АМИН|амін
ҁ҃ѳ|ҁ҃ѳ
⁘О|о
ПОСѢЩЕНИИ⁘|посѣщеніі
И|і
посѣщение|посѣщеніе
единосѣн͗но•|едіносѣнно
и|і
единожительно|едіножітельно
есть|есть
страньнолюбьѭ•|страньнолюбьѭ
и|і
нищелюбиѭ•|ніщелюбіѭ
ѭже|ѭже
бо|бо
есть|есть
трипрамен͗но|тріпраменно
тврьдо•|тврьдо
паче|паче
же|же
свѣтильникъ•|свѣтільнікъ
трьсвѣтьнъ•|трьсвѣтьнъ
осьꙗваꙗ|осьꙗваꙗ
любѧщаꙗ|любѧщаꙗ
искрьнѧꙗ•|іскрьнѧꙗ
и|і
болѣꙁнолюбьцѧ•|болѣзнолюбьцѧ
и|і
наставлѧꙗ|наставлѧꙗ
въ|въ
жиꙁнь|жізнь
вѣчьнѫѭ•|вѣчьнѫѭ
страненъ|страненъ
бо|бо
бѣхъ|бѣхъ
рече|рече
и|і
въведосте|въведосте
мѧ•|мѧ
въꙁаалъкахъ•|възаалъкахъ
и|і
накръмисте|накръмісте
мѧ•|мѧ
болѣхъ|болѣхъ
и|і
присѣтисте|прісѣтісте
мене•|мене
присѣщѧꙗи|прісѣщѧꙗі
бо|бо
болѧщиихъ•|болѧщііхъ
ли|лі
тьмничник͗•|тьмнічнік
е|е
то|то
обнищавъшааго|обніщавъшааго
насъ|насъ
ради|раді
б҃а|б҃а
посѣщаеть•|посѣщаеть
ꙗкоже|ꙗкоже
самъ|самъ
съвѣдѣтелюеть•|съвѣдѣтелюеть
акоже|акоже
добро|добро
есть|есть
посѣщати|посѣщаті
сиротъ|сіротъ
и|і
въдовиць|въдовіць
въ|въ
скръби|скръбі
ихъ•|іхъ
и|і
многачадьнъ|многачадьнъ
нищь|ніщь
паче|паче
же|же
паче|паче
приснъихъ|пріснъіхъ
вѣрѣ|вѣрѣ
в͗сѣмъ|всѣмъ
ꙗвѣ•|ꙗвѣ
и|і
бес|бес
прѣкословесиꙗ|прѣкословесіꙗ
есть•|есть
ꙗкоже|ꙗкоже
и|і
с|с
добро|добро
и|і
польꙁьно|пользьно
х҃вѣ|х҃вѣ
братии•|братіі
еже|еже
бѣснѹѭщихъ|бѣсноуѭщіхъ
посѣщати•|посѣщаті
и|і
мл҃твѫ|мл҃твѫ
творити|творіті
надъ|надъ
ними•|німі
мл҃твѫ|мл҃твѫ
б҃оѹгоднѫ|б҃ооугоднѫ
вѣрьнѣ•|вѣрьнѣ
а|а
не|не
отъ|отъ
сложениꙗ|сложеніꙗ
м͗ногъ|многъ
словесъ•|словесъ
ли|лі
вꙑченьꙗ|въіченьꙗ
ꙁаклинаньи•|заклінаньі
къ|къ
покаꙁаньѭ|показаньѭ
чл҃коѹгодьꙗ•|чл҃кооугодьꙗ
да|да
сѧ|сѧ
ꙗвимъ|ꙗвімъ
благословлени|благословлені
и|і
памѧтиви•|памѧтіві
подобно|подобно
сопѣлемъ|сопѣлемъ
гл҃ашаѭще•|гл҃ашаѭще
къ|къ
дѣемъимъ|дѣемъімъ
блѫденьꙗ|блѫденьꙗ
и|і
лихословесьꙗ•|ліхословесьꙗ
а|а
не|не
вѣроѭ|вѣроѭ
и|і
истиноѭ•|істіноѭ
ꙗкоже|ꙗкоже
наѹчи|наоучі
г҃ь•|г҃ь
сь|сь
бо|бо
родъ|родъ
рече|рече
молитвоѭ|молітвоѭ
въинноѭ•|въінноѭ
и|і
вѣроѭ|вѣроѭ
съ|съ
постомь|постомь
исходить•|ісходіть
трѣꙁвьнѣ|трѣзвьнѣ
ѹбо|оубо
болѧщаго|болѧщаго
посѣщаимъ•|посѣщаімъ
ꙗко|ꙗко
ѭже|ѭже
въ|въ
д҃сѣ|д҃сѣ
съмѣньꙗ•|съмѣньꙗ
добро|добро
ѹбо|оубо
потрѹдти|потроудті
сѧ|сѧ
съ|съ
болѧщеѭ|болѧщеѭ
братиеѭ|братіеѭ
ꙗкоже|ꙗкоже
е|е
речено•|речено
бъдѣньи|бъдѣньі
и|і
пощеньи•|пощеньі
млт҃вми|млт҃вмі
непрѣстаннами•|непрѣстаннамі
речено|речено
бо|бо
е|е
г҃мь|г҃мь
бѣсꙑ|бѣсъі
иꙁгоните•|ізгоніте
и|і
съ|съ
инѣми|інѣмі
исцѣленьи•|ісцѣленьі
тѹне|тоуне
приꙗсте•|пріꙗсте
тѹне|тоуне
же|же
дадите•|дадіте
в͗се|все
же|же
бл҃гообраꙁьнѣ•|бл҃гообразьнѣ
и|і
по|по
чинѫ•|чінѫ
ꙗкоже|ꙗкоже
подобаеть|подобаеть
члк҃мъ|члк҃мъ
боꙗщемъ|боꙗщемъ
сѧ|сѧ
б҃а•|б҃а
створимъ|створімъ
къ|къ
ѹмилениѭ|оуміленіѭ
и|і
ѹтѣшениѭ|оутѣшеніѭ
болѧщїихъ•|болѧщііхъ
ли|лі
страждѫщиихъ|страждѫщііхъ
братъ|братъ
нашихъ•|нашіхъ
нъ|нъ
да|да
не|не
обрѧщемъ|обрѧщемъ
сѧ|сѧ
ꙗко|ꙗко
дрѹ|дроу
иѡвови•|іовові
припоносѧщеи|пріпоносѧщеі
ли|лі
блаꙁнъ•|блазнъ
ли|лі
грѣхъ|грѣхъ
браⷮи|браті
нашеи•|нашеі
или|ілі
въ|въ
ср҃цихъ|ср҃ціхъ
нашихъ|нашіхъ
таи|таі
осѫждаѭще|осѫждаѭще
сѧ•|сѧ
ли|лі
отъ|отъ
въꙁдрьжаньꙗ|въздрьжаньꙗ
гл҃ще|гл҃ще
слово|слово
стрѣчаще|стрѣчаще
ихъ•|іхъ
и|і
съгрѣшимъ|съгрѣшімъ
б҃ѹ|б҃оу
невѣдѣниѥмь•|невѣдѣніемь
псано|псано
же|же
есть|есть
и|і
въ|въ
притъчахъ•|прітъчахъ
иже|іже
ꙁатꙑкаеть|затъікаеть
ѹши|оуші
свои|своі
не|не
слꙑшати|слъішаті
немощьнаго•|немощьнаго
и|і
тъ|тъ
приꙁоветь|прізоветь
г҃а•|г҃а
и|і
не|не
ѹслꙑшить|оуслъішіть
его•|его
ꙗко|ꙗко
сѧтъ|сѧтъ
иовъ•|іовъ
не|не
привидѣшѧ|прівідѣшѧ
мене|мене
ближикꙑ|бліжікъі
моꙗ•|моꙗ
раба|раба
своего|своего
ꙁъвахъ|зъвахъ
и|і
не|не
послѹша|послоуша
мене•|мене
ѹста|оуста
же|же
моꙗ•|моꙗ
молѧхѹ|молѧхоу
женѫ|женѫ
моѭ•|моѭ
иноплемен͗никъ|іноплеменнікъ
же|же
бѣхъ|бѣхъ
отъ|отъ
нихъ•|ніхъ
храмина|храміна
бо|бо
всемѹ|всемоу
мрьтвѹ|мрьтвоу
ꙁемлѧ•|землѧ
инъ|інъ
же|же
мѫдрець|мѫдрець
рече•|рече
не|не
лѣни|лѣні
сѧ|сѧ
присѣщати|прісѣщаті
болеи•|болеі
иꙗковъ|іꙗковъ
же•|же
вѣра|вѣра
чиста|чіста
и|і
нескврьн͗на•|нескврьнна
отъ|отъ
б҃а|б҃а
и|і
оц҃а|оц҃а
си|сі
есть•|есть
присѣщати|прісѣщаті
сиротъ|сіротъ
и|і
въдовиць|въдовіць
въ|въ
скръбьхъ|скръбьхъ
ихъ•|іхъ
бескврьньна|бескврьньна
себе|себе
блюсти|блюсті
отъ|отъ
вьсего|вьсего
мира•|міра
и|і
павлъ•|павлъ
пом͗ните|помніте
ѭжьникꙑ|ѭжьнікъі
ꙗко|ꙗко
съ|съ
ними|німі
съвѧꙁани•|съвѧзані
оꙁълобленꙑꙗ|озълобленъіꙗ
ꙗко|ꙗко
и|і
сами|самі
сѫще|сѫще
въ|въ
тѣлѣ•|тѣлѣ
и|і
приричеть•|прірічеть
тѣмьже|тѣмьже
дон͗деже|дондеже
врѣмѧ|врѣмѧ
имамъ•|імамъ
паче|паче
же|же
къ|къ
приснъимъ|пріснъімъ
вѣрѣ•|вѣрѣ
и|і
филиписиомъ|філіпісіомъ
рече•|рече
ꙗко|ꙗко
въ|въ
начало|начало
евнг҃лиꙗ•|евнг҃ліꙗ
ниединаже|ніедінаже
ми|мі
р͗кꙑ|ркъі
обьщева|обьщева
сѧ•|сѧ
въ|въ
слово|слово
дааниѭ|дааніѭ
и|і
приꙗтьѭ•|пріꙗтьѭ
тъчьѭ|тъчьѭ
вꙑ|въі
едини•|едіні
ꙗко|ꙗко
и|і
въ|въ
тесалоникъ•|тесалонікъ
и|і
ѥдиноѭ|едіноѭ
и|і
двоицеѭ|двоіцеѭ
посъласте|посъласте
ми|мі
трѣбование•|трѣбованіе
приемлѧ|пріемлѧ
в͗сѧ|всѧ
и|і
їꙁбꙑтъкѹꙗ•|ізбъітъкоуꙗ
исплънихъ|ісплъніхъ
приимъ|пріімъ
отъ|отъ
афродита•|афродіта
ꙗже|ꙗже
отъ|отъ
васъ|васъ
вонеѭ|вонеѭ
благоѹханиꙗ•|благооуханіꙗ
жрътвѫ|жрътвѫ
приꙗтьнѫ|пріꙗтьнѫ
ѹгодьнѫ|оугодьнѫ
б҃ѹ•|б҃оу
чесомѹ|чесомоу
ли|лі
сими|сімі
есмь•|есмь
не|не
тъчьѭ|тъчьѭ
присѣщати|прісѣщаті
трѣбѹѭщиих͗•|трѣбоуѭщііх
да|да
г҃ь|г҃ь
съ|съ
инѣми|інѣмі
приимъ|пріімъ
и|і
нꙑ|нъі
речеть•|речеть
придѣте|прідѣте
бл҃нии|бл҃ніі
о҃ца|о҃ца
моего•|моего
наслѣдѹите|наслѣдоуіте
ѹготованое|оуготованое
вамъ|вамъ
цр҃ство•|цр҃ство
отъ|отъ
съложениꙗ|съложеніꙗ
вьсего|вьсего
мира•|міра
болѣхъ|болѣхъ
и|і
присѣтисте|прісѣтісте
мене•|мене
въ|въ
тьмници|тьмніці
бѣхъ•|бѣхъ
и|і
придете|прідете
къ|къ
мнѣ•|мнѣ
тѣмьже|тѣмьже
вънидѣте|вънідѣте
въ|въ
радость|радость
г҃а|г҃а
вашего•|вашего
емѹже|емоуже
слава|слава
о҃цѫ|о҃цѫ
и|і
с҃нѹ|с҃ноу
и|і
ст҃мѹ|ст҃моу
д҃хѹ|д҃хоу
нꙑнѧ|нъінѧ
и|і
присно|прісно
и|і
въ|въ
вѣкꙑ|вѣкъі
вѣком|вѣком
АМИН|амін
р҃|р҃
⁘О|о
НЕ|не
НАДѢАТИ|надѣаті
СѦ⁘|сѧ
⁘ЧЛОВѢЦѢХЪ⁘|чловѣцѣхъ
Не|не
подобаеть|подобаеть
ѹбо|оубо
надѣꙗти|надѣꙗті
сѧ•|сѧ
о|о
коеи|коеі
любо|любо
вещи|вещі
чл҃вцѣ•|чл҃вцѣ
проклѧто|проклѧто
бо|бо
есть•|есть
нъ|нъ
присно|прісно
пекѹщимъ|пекоущімъ
сѧ|сѧ
нами|намі
г҃и•|г҃і
ꙗко|ꙗко
томѹ|томоу
раждение|ражденіе
есть|есть
о|о
насъ•|насъ
и|і
ст҃ꙑими|ст҃ъіімі
бо|бо
книгами|кнігамі
отъречено|отъречено
есть•|есть
еже|еже
имѣти|імѣті
ѹпъвание|оупъваніе
на|на
чл҃ка•|чл҃ка
нъ|нъ
и|і
подъ|подъ
клѧтвоѭ|клѧтвоѭ
поставиша|поставіша
таковааго|таковааго
иеремиемь•|іереміемь
проклѧтъ|проклѧтъ
бо|бо
рече|рече
чл҃къ•|чл҃къ
иже|іже
ѹпъвание|оупъваніе
имать|імать
на|на
чл҃ка•|чл҃ка
и|і
ѹкрѣпить|оукрѣпіть
плъть|плъть
мꙑшьца|мъішьца
своеꙗ•|своеꙗ
и|і
бл҃нъ|бл҃нъ
чл҃къ|чл҃къ
иже|іже
надѣеть|надѣеть
сѧ|сѧ
г҃и•|г҃і
и|і
бѫдеть|бѫдеть
г҃ь|г҃ь
ѹпъвание|оупъваніе
емѹ•|емоу
прр҃къ|прр҃къ
же|же
осие•|осіе
растьлѣньѭ|растьлѣньѭ
твоемѹ|твоемоу
иꙁ҃лю|із҃лю
к͗то|кто
поможеть•|поможеть
к͗де|кде
цр҃ь|цр҃ь
твои•|твоі
и|і
да|да
сп҃сеть|сп҃сеть
тѧ•|тѧ
такожде|такожде
и|і
дв҃дъ•|дв҃дъ
не|не
надѣите|надѣіте
сѧ|сѧ
к͗нѧꙁихъ|кнѧзіхъ
сн҃хъ|сн҃хъ
чл҃чскхъ•|чл҃чскхъ
въ|въ
нихъже|ніхъже
нѣсть|нѣсть
спс҃ниꙗ•|спс҃ніꙗ
добро|добро
есть|есть
ѹпъвати|оупъваті
г҃мь•|г҃мь
неже|неже
ѹпъвати|оупъваті
чл҃кмь•|чл҃кмь
и|і
добро|добро
надѣати|надѣаті
сѧ|сѧ
г҃и•|г҃і
нежели|нежелі
наати|нааті
сѧ|сѧ
к͗нѧꙁи•|кнѧзі
и|і
наносить•|наносіть
даждь|даждь
намъ|намъ
помощь|помощь
отъ|отъ
печали•|печалі
иде|іде
сѫе|сѫе
сп҃сение|сп҃сеніе
чл҃че•|чл҃че
аще|аще
бо|бо
г҃ь|г҃ь
не|не
съхранить|съхраніть
града•|града
въсѹе|въсоуе
бъдѣ|бъдѣ
стрѣгꙑи•|стрѣгъіі
исаиꙗ|ісаіꙗ
же|же
о|о
новъихъ|новъіхъ
людехъ|людехъ
рече•|рече
и|і
къ|къ
томѹ|томоу
не|не
бѫдѹть|бѫдоуть
надѣѭще|надѣѭще
сѧ|сѧ
на|на
сѧ•|сѧ
нъ|нъ
на|на
створьшаго|створьшаго
ꙗ•|ꙗ
о|о
дрѣвльниїхъ|дрѣвльнііхъ
же•|же
лютѣ|лютѣ
съходѧщиимъ|съходѧщіімъ
въ|въ
егуптѣ•|егуптѣ
на|на
помощь|помощь
иже|іже
кони|коні
пъваѭть|пъваѭть
и|і
орѹжьи•|ороужьі
аще|аще
бѣахѹ|бѣахоу
надѣѭще|надѣѭще
на|на
ст҃аго|ст҃аго
иил҃ева•|ііл҃ева
и|і
ап҃лъ|ап҃лъ
къ|къ
корюнтѣмъ•|корюнтѣмъ
немощьнаа|немощьнаа
всего|всего
мира•|міра
иꙁбьра|ізбьра
б҃ъ|б҃ъ
г҃лѧ•|г҃лѧ
да|да
посрамить|посраміть
крѣпъкаа•|крѣпъкаа
ꙗко|ꙗко
да|да
не|не
похвалить|похваліть
сѧ|сѧ
всѧка|всѧка
плъть|плъть
прѣдъ|прѣдъ
нимь•|німь
и|і
приричеть•|прірічеть
и|і
аꙁъ|азъ
въ|въ
немощи|немощі
и|і
страсѣ|страсѣ
и|і
трепетѣ|трепетѣ
мноꙁѣ|мнозѣ
бꙑхъ|бъіхъ
къ|къ
вамъ•|вамъ
и|і
слово|слово
мое|мое
и|і
проповѣдь|проповѣдь
моꙗ•|моꙗ
не|не
по|по
прѣмѹдрости|прѣмоудрості
чл҃ча•|чл҃ча
словомь•|словомь
нъ|нъ
въ|въ
притъчи|прітъчі
д҃ха|д҃ха
и|і
силꙑ•|сілъі
да|да
вѣра|вѣра
вашѧ|вашѧ
не|не
бѫдеть|бѫдеть
въ|въ
прѣмѹдрости|прѣмоудрості
чл҃чи•|чл҃чі
нъ|нъ
въ|въ
силѣ|сілѣ
бж҃ии•|бж҃іі
отъврьꙁѣмъ|отъврьзѣмъ
ѹбо|оубо
любии|любіі
отъ|отъ
насъ|насъ
маловѣрие•|маловѣріе
иꙁ|із
негоже|негоже
раждаеть|раждаеть
сѧ•|сѧ
еже|еже
имѣти|імѣті
на|на
чл҃ка|чл҃ка
ѹпъвание•|оупъваніе
и|і
творѧ|творѧ
подъ|подъ
клѧтвоѭ|клѧтвоѭ
повиньна|повіньна
его•|его
нъ|нъ
съврьшенѣ|съврьшенѣ
ѹпъваимъ|оупъваімъ
на|на
рекъшаго•|рекъшаго
не|не
пьцѣте|пьцѣте
сѧ|сѧ
что|что
ꙗсте|ꙗсте
или|ілі
чъто|чъто
пиете•|піете
или|ілі
въ|въ
чьто|чьто
облѣчете|облѣчете
сѧ•|сѧ
вѣсть|вѣсть
бо|бо
о҃ць|о҃ць
ваши|ваші
ихъже|іхъже
трѣбѫете•|трѣбѫете
ищѣмъ|іщѣмъ
же|же
по|по
словеси|словесі
его|его
прѣжде|прѣжде
цр҃са|цр҃са
бж҃ьꙗ|бж҃ьꙗ
и|і
правьдꙑ|правьдъі
его•|его
да|да
съ|съ
ꙁемльнꙑми|земльнъімі
и|і
нб҃снаа|нб҃снаа
наслѣдѹемъ•|наслѣдоуемъ
подобимъ|подобімъ
и|і
мꙑ|мъі
сѧ|сѧ
влъхвомъ•|влъхвомъ
иже|іже
не|не
тъчьѭ|тъчьѭ
не|не
ѹбоꙗшѧ|оубоꙗшѧ
сѧ|сѧ
ирода•|ірода
нъ|нъ
и|і
порѹгаша|пороугаша
сѧ|сѧ
емѹ•|емоу
инѣмь|інѣмь
пѫтемь|пѫтемь
ошьдъше|ошьдъше
на|на
ꙁемлю|землю
своѭ•|своѭ
и|і
вѣрѣ|вѣрѣ
кръвоточивꙑꙗ•|кръвоточівъіꙗ
ꙗже|ꙗже
прѣꙁьрѣвъши|прѣзьрѣвъші
врача•|врача
съ|съ
ꙁади|заді
прикоснѫ|прікоснѫ
сѧ|сѧ
въскрилъи|въскрілъі
риꙁꙑ|різъі
гн҃ѧ•|гн҃ѧ
и|і
абие|абіе
исцѣлѣ•|ісцѣлѣ
и|і
мꙑ|мъі
на|на
г҃а|г҃а
имѹще|імоуще
ѹпъвание•|оупъваніе
славимъ|славімъ
и|і
въ|въ
вѣкꙑ|вѣкъі
вѣкомъ|вѣкомъ
аминъ|амінъ
аминъ|амінъ
АМИН|амін
р҃а|р҃а
⁘Ꙍ|о
ѤЖЕ|еже
НЕ|не
НАДѢАТИ|надѣаті
СѦ|сѧ
СВОѤИ|своеі
КРѢпости|крѣпості
Ꙗкоже|ꙗкоже
ѹкаꙁа|оуказа
слово•|слово
ꙗко|ꙗко
неподобно|неподобно
есть|есть
ѹпъвати|оупъваті
на|на
чл҃ка•|чл҃ка
и|і
проклѧто|проклѧто
тако|тако
припрѣщаеть•|пріпрѣщаеть
надѣѭщѹмѹ|надѣѭщоумоу
сѧ|сѧ
на|на
крѣпость|крѣпость
своѭ•|своѭ
прьвꙑи|прьвъіі
бо|бо
моси|мосі
ꙁапрѣщаеть|запрѣщаеть
гл҃ѧ•|гл҃ѧ
вънимаи|вънімаі
себѣ•|себѣ
не|не
рьци|рьці
въ|въ
ср҃дци|ср҃дці
своемь•|своемь
крѣпость|крѣпость
моꙗ|моꙗ
и|і
дрьжава|дрьжава
крѣпости|крѣпості
моеꙗ|моеꙗ
створи|створі
силѹ•|сілоу
и|і
помѧнеши|помѧнеші
г҃а|г҃а
б҃а|б҃а
своего•|своего
ꙗко|ꙗко
тъ|тъ
дасть|дасть
ти|ті
крѣпость•|крѣпость
такожде|такожде
же|же
и|і
пр҇ⷦъ|пркъ
амосъ|амосъ
рече•|рече
храборъ|храборъ
не|не
сп҃сеть|сп҃сеть
дш҃а|дш҃а
своеꙗ•|своеꙗ
и|і
бꙑстръ|бъістръ
ногама|ногама
своима|своіма
не|не
ѹгонеꙁнеть•|оугонезнеть
и|і
пр҃чца|пр҃чца
самѹилѧ|самоуілѧ
м҃ти|м҃ті
ан͗на|анна
гл҃аше•|гл҃аше
не|не
хвали|хвалі
сѧ|сѧ
сильнꙑи|сільнъіі
силоѭ|сілоѭ
своеѭ•|своеѭ
ꙗко|ꙗко
не|не
крѣпостьѭ|крѣпостьѭ
сильнъи|сільнъі
мѫжь•|мѫжь
лѹкъ|лоукъ
бо|бо
сильникъ|сільнікъ
иꙁнеможе•|ізнеможе
и|і
немощьнѹѭщеи|немощьноуѭщеі
прѣпоꙗсаша|прѣпоꙗсаша
сѧ|сѧ
силоѭ•|сілоѭ
и|і
въ|въ
притъчахъ|прітъчахъ
конь|конь
готовимъ|готовімъ
есть|есть
на|на
брань•|брань
отъ|отъ
г҃а|г҃а
же|же
помощь•|помощь
и|і
пѣснивець•|пѣснівець
не|не
въ|въ
силѣ|сілѣ
косцѣ|косцѣ
въсхощеть•|въсхощеть
ни|ні
въ|въ
лꙑстехъ|лъістехъ
мѫжьсцѣхъ|мѫжьсцѣхъ
благоволить•|благоволіть
не|не
сп҃сеть|сп҃сеть
сѧ|сѧ
цр҃ь|цр҃ь
многоѭ|многоѭ
силоѭ•|сілоѭ
исполинъ|ісполінъ
не|не
сп҃сеть|сп҃сеть
сѧ|сѧ
множьствомь|множьствомь
крѣпости|крѣпості
своеꙗ•|своеꙗ
нъ|нъ
и|і
лъжь|лъжь
конъ|конъ
въ|въ
сп҃сение•|сп҃сеніе
множьствомь|множьствомь
же|же
силꙑ|сілъі
его|его
не|не
сп҃сеть|сп҃сеть
сѧ•|сѧ
ни|ні
аꙁъ|азъ
же|же
ѹпъваѭ|оупъваѭ
на|на
лѹкъ|лоукъ
свои•|своі
не|не
сп҃сеть|сп҃сеть
бо|бо
мене|мене
орѹжие|ороужіе
мое•|мое
нъ|нъ
тꙑ|тъі
г҃и|г҃і
сп҃сеши|сп҃сеші
мѧ|мѧ
отъ|отъ
сътѹжаѭщиихъ|сътоужаѭщііхъ
ми•|мі
и|і
посрами|посрамі
ненавидѧꙗ|ненавідѧꙗ
мѧ•|мѧ
ꙗко|ꙗко
тꙑ|тъі
еси|есі
един͗:|едін
иꙁбавлѧꙗи|ізбавлѧꙗі
нища|ніща
иꙁ-д-рѹкꙑ|іздроукъі
крѣпльшиихъ|крѣпльшііхъ
его•|его
и|і
нища|ніща
и|і
ѹбога|оубога
отъ|отъ
расхꙑщаѭщиихъ|расхъіщаѭщііхъ
и•|і
тобоѭ|тобоѭ
бо|бо
живемъ|жівемъ
и|і
движемъ|двіжемъ
сѧ|сѧ
и|і
есмъ•|есмъ
и|і
крѣпость|крѣпость
нашѧ|нашѧ
и|і
съдравие|съдравіе
отъ|отъ
тебе|тебе
есть•|есть
и|і
власъ|власъ
отъ|отъ
главꙑ|главъі
вашеꙗ|вашеꙗ
не|не
падеть|падеть
на|на
ꙁемли•|землі
бес|бес
тебе|тебе
ꙁиждьника|зіждьніка
и|і
оц҃а|оц҃а
нашего•|нашего
семѹ|семоу
ѹбо|оубо
навꙑкъше|навъікъше
отъ|отъ
ст҃ꙑихъ|ст҃ъііхъ
книгъ•|кнігъ
не|не
съмѣимь|съмѣімь
всемь|всемь
надѣꙗти|надѣꙗті
сѧ•|сѧ
или|ілі
вельмѹдровати|вельмоудроваті
о|о
силѣ•|сілѣ
или|ілі
о|о
крѣпости|крѣпості
дѣла|дѣла
вашего•|вашего
да|да
не|не
клѧтвꙑ|клѧтвъі
ѹтврьждаѭщаго|оутврьждаѭщаго
плъть|плъть
мꙑшьца|мъішьца
своеꙗ|своеꙗ
на|на
сѧ|сѧ
наведемъ•|наведемъ
мноꙁи|мнозі
бо|бо
сѫть|сѫть
хвалѧще|хвалѧще
сѧ|сѧ
и|і
гл҃ѫще•|гл҃ѫще
рѹцѣ|роуцѣ
мои|моі
кръмите|кръміте
и|і
мѧ|мѧ
и|і
їнꙑ•|інъі
имꙑ|імъі
рѫцѣ|рѫцѣ
свои|своі
могѹ|могоу
жити•|жіті
съи|съі
сѫть|сѫть
истиноѭ|істіноѭ
сѹемꙑсли•|соуемъіслі
и|і
сѹесловиви•|соуесловіві
ꙁабꙑваѭщеи|забъіваѭщеі
створьшаго|створьшаго
ꙗ|ꙗ
б҃а•|б҃а
даѭщаго|даѭщаго
съдравие|съдравіе
и|і
кръмлѫ|кръмлѫ
всѧкои|всѧкоі
плъти•|плъті
и|і
надѣѭще|надѣѭще
сѧ|сѧ
на|на
силѹ|сілоу
своѭ•|своѭ
прѣꙁорьемь|прѣзорьемь
бо|бо
недѹгѹеть•|недоугоуеть
отъстѫплъи|отъстѫплъі
самъ|самъ
отъ|отъ
б҃а•|б҃а
и|і
своеи|своеі
силѣ|сілѣ
написаваꙗ|напісаваꙗ
исправлениꙗ•|ісправленіꙗ
ꙗкоже|ꙗкоже
бо|бо
въстѫпльи|въстѫпльі
на|на
паѹчинѫ•|паоучінѫ
ниꙁъпадъ|нізъпадъ
сънидеть|сънідеть
долѹ•|долоу
тако|тако
съпадаеть|съпадаеть
дрьꙁаꙗи|дрьзаꙗі
своеѭ|своеѭ
силоѭ•|сілоѭ
ни|ні
ли|лі
понѣ|понѣ
иѡва|іова
слꙑшаще|слъішаще
гл҃ѫща•|гл҃ѫща
аще|аще
же|же
и|і
рѫкѹ|рѫкоу
моѭ|моѭ
на|на
ѹстѣхъ|оустѣхъ
лобъꙁахъ•|лобъзахъ
и|і
се|се
мнѣ|мнѣ
ѹбо|оубо
велико|веліко
беꙁакон͗нье|безаконнье
въмѣни|въмѣні
сѧ•|сѧ
ꙗко|ꙗко
сълъгахъ|сълъгахъ
прѣдъ|прѣдъ
г҃мь|г҃мь
вꙑшьниимь|въішьніімь
такожде|такожде
же|же
ѥклисиꙗстъ•|еклісіꙗстъ
рече|рече
бо|бо
онъ•|онъ
обратихъ|обратіхъ
сѧ|сѧ
и|і
видѣхъ|відѣхъ
ꙗко|ꙗко
не|не
лъгъкꙑмъ|лъгъкъімъ
течение•|теченіе
ни|ні
сильнꙑмъ|сільнъімъ
борение•|бореніе
ни|ні
мѹдрѫмѹ|моудрѫмоу
хлѣбъ•|хлѣбъ
ни|ні
раꙁѹмивꙑмъ|разоумівъімъ
богатьство•|богатьство
ни|ні
вѣдѹщиимъ|вѣдоущіімъ
благодѣть•|благодѣть
и|і
приводить•|пріводіть
блага|блага
прѣмѫдрость|прѣмѫдрость
паче|паче
съсѫда|съсѫда
брани•|брані
и|і
съгрѣшаꙗ|съгрѣшаꙗ
единъ|едінъ
погѫбить|погѫбіть
бл҃гостꙑнѫ|бл҃гостъінѫ
многѫ•|многѫ
и|і
г҃ь|г҃ь
своимъ|своімъ
ѹченикомъ|оученікомъ
рече•|рече
бѫдѣте|бѫдѣте
въ|въ
мнѣ|мнѣ
и|і
аꙁъ|азъ
въ|въ
васъ•|васъ
ꙗкоже|ꙗкоже
роꙁла|розла
не|не
можеть|можеть
плода|плода
створити|створіті
о|о
себе•|себе
аще|аще
не|не
бѫдеть|бѫдеть
на|на
лоꙁѣ•|лозѣ
тако|тако
и|і
вꙑ|въі
аще|аще
въ|въ
м͗нѣ|мнѣ
не|не
прѣбѹдете•|прѣбоудете
аꙁъ|азъ
есмь|есмь
лоꙁа|лоза
а|а
вꙑ|въі
рождье•|рождье
иже|іже
бѫдеть|бѫдеть
въ|въ
м͗нѣ|мнѣ
и|і
аꙁъ|азъ
въ|въ
немь•|немь
тъ|тъ
створить|створіть
плодъ|плодъ
многъ•|многъ
ꙗко|ꙗко
беꙁ|без
мене|мене
не|не
можете|можете
творити|творіті
ничесоже•|нічесоже
вꙑ-истинѫ|въіістінѫ
то|то
бо|бо
есть|есть
свѣтъ|свѣтъ
и|і
жить|жіть
чл҃ча•|чл҃ча
и|і
в͗сѧ|всѧ
тѣмь|тѣмь
бꙑшѧ•|бъішѧ
и|і
беж|беж
него|него
не|не
бꙑсть|бъість
ничьсоже•|нічьсоже
томѹже|томоуже
имьже|імьже
вьсѧ|вьсѧ
бꙑшѧ|бъішѧ
б҃у|б҃у
же|же
нашемѹ|нашемоу
слава|слава
въ|въ
вѣк|вѣк
АМИН|амін
р҃в|р҃в
⁘Ꙍ|о
ОТЪРИЦАНИИ⁘|отъріцаніі
⁘БЕꙀГОДЬНЪИХЪ⁘|безгодьнъіхъ
бесѣдъ|бесѣдъ
Добро|добро
ꙁѣло•|зѣло
и|і
вельми|вельмі
польꙁьно•|пользьно
еже|еже
отърицати|отъріцаті
сѧ|сѧ
беꙁгодьнъихъ|безгодьнъіхъ
бесѣдъ•|бесѣдъ
и|і
ѹкланѧти|оукланѧті
сѧ|сѧ
миромѹдрьнꙑхъ•|міромоудрьнъіхъ
беꙁ|без
великъихъ|велікъіхъ
нѫжда•|нѫжда
ина|іна
бо|бо
любьи|любьі
кромѣщьниихъ|кромѣщьнііхъ
мира•|міра
ина|іна
сѫщиихъ|сѫщііхъ
въ|въ
мирѣ•|мірѣ
ꙗкоже|ꙗкоже
бо|бо
несъгласенъ|несъгласенъ
есть|есть
съходъ|съходъ
волѹи•|волоуі
и|і
бꙑволъ•|бъіволъ
и|і
ꙗрьм͗ничь•|ꙗрьмнічь
и|і
онагрь•|онагрь
тако|тако
и|і
чрьнориꙁьць•|чрьнорізьць
и|і
мирьнъихъ|мірьнъіхъ
чрьнориꙁьць•|чрьнорізьць
не|не
владеть|владеть
бо|бо
собоѭ|собоѭ
самѣмь•|самѣмь
поработилъ|поработілъ
бо|бо
сѧ|сѧ
есть|есть
створьшѫмѹ|створьшѫмоу
и|і
воина•|воіна
ꙗко|ꙗко
подъклонилъ|подъклонілъ
есть|есть
вꙑѭ|въіѭ
своѭ|своѭ
подъ|подъ
иго|іго
иꙁбьравъшаго|ізбьравъшаго
и•|і
и|і
чрѣсти|чрѣсті
беꙁ|без
вьꙁврата|вьзврата
сѫщѧ|сѫщѧ
въ|въ
ѭдолѣхъ|ѭдолѣхъ
съмѣреномѹдрьꙗ•|съмѣреномоудрьꙗ
м͗ножащи|множащі
бж҃ствьнѫѭ|бж҃ствьнѫѭ
пьшеницѫ•|пьшеніцѫ
браꙁдꙑ|браздъі
напаꙗемꙑꙗ|напаꙗемъіꙗ
отъ|отъ
одъжденьꙗ|одъжденьꙗ
снснаго•|снснаго
и|і
жеводатива|жеводатіва
д҃ха•|д҃ха
егоже|егоже
каплѧми|каплѧмі
веселить|веселіть
сѧ•|сѧ
въсъꙗѭщиꙗ|въсъꙗѭщіꙗ
бж҃ьꙗ|бж҃ьꙗ
раꙁѹмꙑ|разоумъі
чл҃ча|чл҃ча
д҃ша•|д҃ша
любѧи|любѧі
бо|бо
беꙁмлъвье•|безмлъвье
и|і
беꙁблаꙁьномь|безблазьномь
ѹмомь|оумомь
хотѧ|хотѧ
приближити|прібліжіті
сѧ|сѧ
б҃ꙁѣ•|б҃зѣ
не|не
хоще|хоще
вьсемь|вьсемь
бесѣдовати|бесѣдоваті
ни|ні
съ|съ
цѣмьже|цѣмьже
ѿнѫдь•|отнѫдь
съврьшенъихъ|съврьшенъіхъ
же|же
мѣра|мѣра
си|сі
есть•|есть
ѹмрьтвивъшихъ|оумрьтвівъшіхъ
сѧ|сѧ
мирѹ•|міроу
прильпъшиихъ|прільпъшііхъ
же|же
любъве|любъве
бж҃ии•|бж҃іі
аще|аще
ли|лі
и|і
потрѣба|потрѣба
бѫдеть|бѫдеть
бесѣдованьꙗ•|бесѣдованьꙗ
то|то
съ|съ
оц҃и|оц҃і
дхв҃нꙑ|дхв҃нъі
и|і
съ|съ
подвижьникꙑ•|подвіжьнікъі
или|ілі
съ|съ
браⷮеѭ|братеѭ
трѣбѹѭща|трѣбоуѭща
польꙁѧ•|пользѧ
длъженъ|длъженъ
есть|есть
бесѣдовати•|бесѣдоваті
таковаа|таковаа
бо|бо
бесѣда•|бесѣда
въ|въ
б҃ословье|б҃ословье
въмѣнѧеть|въмѣнѧеть
сѧ•|сѧ
и|і
в͗сѧко|всѧко
или|ілі
ѹспѣеть•|оуспѣеть
или|ілі
ѹспѣхъ|оуспѣхъ
приїметь•|прііметь
рече|рече
же|же
и|і
ѱание•|псаніе
мѫжа|мѫжа
обрѣтъ|обрѣтъ
мѫдра•|мѫдра
ѹтрьнѫи|оутрьнѫі
к͗|к
немѹ•|немоу
и|і
иже|іже
прм҃дръ•|прм҃дръ
томь|томь
прильпли•|прільплі
прилипаꙗ|пріліпаꙗ
мѫдръихъ|мѫдръіхъ
мѫдръ|мѫдръ
бѫдеть•|бѫдеть
а|а
мирьнъихъ|мірьнъіхъ
бесѣда|бесѣда
непольꙁьна|непользьна
намъ|намъ
есть•|есть
гл҃ѫть|гл҃ѫть
бо|бо
ꙗже|ꙗже
сѫть|сѫть
вѣка|вѣка
сего•|сего
и|і
абие|абіе
ослаблѧѭть|ослаблѧѭть
ѹмъ•|оумъ
и|і
ѹпраꙁнить|оупразніть
сѧ|сѧ
отъ|отъ
дх҃внаго|дх҃внаго
дѣланиꙗ•|дѣланіꙗ
и|і
раслаблѣеть|раслаблѣеть
къ|къ
постьнѹ|постьноу
можениѭ•|моженіѭ
прочее|прочее
же|же
и|і
ꙗденье|ꙗденье
самопрѣмен͗но•|самопрѣменно
къжьдо|къжьдо
бо|бо
отъ|отъ
своего|своего
дѣланиꙗ|дѣланіꙗ
плодъ|плодъ
покаꙁаеть•|показаеть
сего|сего
ради|раді
рѣхъ|рѣхъ
ꙗко|ꙗко
беспричастьно•|беспрічастьно
и|і
раꙁгласьно|разгласьно
есть|есть
житие|жітіе
чрьньче•|чрьньче
и|і
мирьное•|мірьное
нѫжда|нѫжда
ѹбо|оубо
есть|есть
ꙁа|за
дш҃евьнѫѭ|дш҃евьнѫѭ
пакость|пакость
ѹдобь|оудобь
отъсѣкати|отъсѣкаті
бесѣдꙑ|бесѣдъі
ихъ•|іхъ
по|по
ошьстьи|ошьстьі
бо|бо
ихъ|іхъ
въстѫжить|въстѫжіть
ѹмъ•|оумъ
ꙁа|за
праведьное|праведьное
ѹпражненье•|оупражненье
и|і
жилища|жіліща
прѣмѣненье•|прѣмѣненье
сего|сего
ради|раді
подвижьници|подвіжьніці
пѫстꙑнѫ|пѫстъінѫ
гонѧхѫ•|гонѧхѫ
да|да
сихъ|сіхъ
кромѣ|кромѣ
бꙑвъше•|бъівъше
бес|бес
пакости|пакості
съ|съ
бм҃ь|бм҃ь
бесѣдѹѭть•|бесѣдоуѭть
ꙗкоже|ꙗкоже
бо|бо
дв҃ца|дв҃ца
любима|любіма
хранима|храніма
е|е
вънѣщьниими•|вънѣщьніімі
ꙗко|ꙗко
иꙁидеть|ізідеть
не|не
вьсѣмъ|вьсѣмъ
годѣ|годѣ
есть•|есть
тако|тако
и|і
чрьньць•|чрьньць
егда|егда
бѫдеть|бѫдеть
кромѣ|кромѣ
града|града
и|і
беꙁ|без
людии•|людіі
чьстьнъ|чьстьнъ
есть•|есть
и|і
б҃ѹ|б҃оу
и|і
ан҃гломъ•|ан҃гломъ
паче|паче
же|же
и|і
чл҃комъ•|чл҃комъ
аще|аще
ли|лі
сънидеть|сънідеть
отъ|отъ
вꙑсокаго|въісокаго
житьꙗ|жітьꙗ
и|і
видѣньꙗ•|відѣньꙗ
и|і
обѧжеть|обѧжеть
сѧ|сѧ
житиисками|жітііскамі
кѫплѧми•|кѫплѧмі
и|і
бесѣдами•|бесѣдамі
неключимъ|неключімъ
б҃ѹ•|б҃оу
и|і
чл҃кꙑ|чл҃къі
небрѣгомъ|небрѣгомъ
бѫдеть•|бѫдеть
лѹче|лоуче
ѹбо|оубо
есть•|есть
ѡ|о
себѣ|себѣ
отити|отіті
мирьнꙑхъ•|мірьнъіхъ
и|і
хранити|храніті
сѧ|сѧ
въ|въ
хꙑꙁинѣ•|хъізінѣ
и|і
гонести|гонесті
ꙗко|ꙗко
срьнѣ|срьнѣ
отъ|отъ
тенетъ•|тенетъ
и|і
ꙗко|ꙗко
п͗тици|птіці
отъ|отъ
сѣти•|сѣті
тенета|тенета
бо|бо
и|і
сѣти|сѣті
сѫть|сѫть
хотѧщиимъ|хотѧщіімъ
сп҃сти|сп҃сті
сѧ•|сѧ
мирьнꙑхъ|мірьнъіхъ
бесѣдꙑ•|бесѣдъі
и|і
длъгословесьꙗ•|длъгословесьꙗ
ѹпражнѧѭще|оупражнѧѭще
ѹма|оума
бж҃ъꙗ|бж҃ъꙗ
словословесьꙗ•|словословесьꙗ
и|і
ꙗкоже|ꙗкоже
рече|рече
притъчьникъ•|прітъчьнікъ
прѣльсти|прѣльсті
же|же
и|і
многоѭ|многоѭ
бесѣдоѭ•|бесѣдоѭ
словесꙑ|словесъі
же|же
ѹстьньнꙑми•|оустьньнъімі
въ|въ
блѹдъ|блоудъ
ꙁаведе|заведе
и•|і
аще|аще
ѹбо|оубо
о|о
спѣсѣ|спѣсѣ
дш҃ьнѣмъ|дш҃ьнѣмъ
приближаѭть|прібліжаѭть
сѧ|сѧ
насъ•|насъ
маломь|маломь
словесꙑ•|словесъі
сольѭ|сольѭ
бж҃иеѭ|бж҃іеѭ
растворенꙑ•|растворенъі
створимъ|створімъ
къ|къ
нимъ|німъ
бесѣдꙑ•|бесѣдъі
и|і
отъпѹстимъ•|отъпоустімъ
паче|паче
бо|бо
съꙁиждѫть|съзіждѫть
дх҃вьнꙑмь|дх҃вьнъімь
малословесьемь•|малословесьемь
аще|аще
ли|лі
гл҃еть|гл҃еть
кто•|кто
почьто|почьто
паулъ|паулъ
прострѣ|прострѣ
слово|слово
до|до
полѹнощи•|полоунощі
прьвое|прьвое
ѹбо|оубо
ꙁане|зане
хотѧаше|хотѧаше
отити•|отіті
потомь|потомь
же|же
ꙗко|ꙗко
новоѹци|новооуці
бѣахѹ•|бѣахоу
начало|начало
бо|бо
бѣаше|бѣаше
проповѣданьꙗ•|проповѣданьꙗ
обаче|обаче
павлъ|павлъ
плънъ|плънъ
бѧаше|бѧаше
дх҃а|дх҃а
бж҃ьꙗ•|бж҃ьꙗ
и|і
дх҃ъ|дх҃ъ
гл҃ааше|гл҃ааше
имъ•|імъ
ꙁнаменье|знаменье
же|же
имощиимъ|імощіімъ
ст҃ааго|ст҃ааго
дх҃а•|дх҃а
прьвое|прьвое
ѹбо|оубо
кротокъ|кротокъ
есть•|есть
и|і
беꙁмлъвьнъ|безмлъвьнъ
есть|есть
и|і
съмѣренъ•|съмѣренъ
и|і
далече|далече
отъ|отъ
всеꙗ|всеꙗ
похоти|похоті
сѹетьнꙑ|соуетьнъі
вѣка|вѣка
сего•|сего
и|і
самъ|самъ
сѧ|сѧ
хѹждьша|хоуждьша
створить|створіть
всѣхъ|всѣхъ
чл҃къ•|чл҃къ
и|і
ни|ні
егдаже|егдаже
хощеть|хощеть
дх҃оносивъи|дх҃оносівъі
гл҃ати•|гл҃аті
гл҃еть|гл҃еть
дх҃ъ•|дх҃ъ
нъ|нъ
тъгда|тъгда
гл҃еть•|гл҃еть
егда|егда
повелить|повеліть
емѹ|емоу
б҃ъ|б҃ъ
гл҃ати•|гл҃аті
егда|егда
ѹбо|оубо
ции|ціі
придѹть|прідоуть
ѹспѣха|оуспѣха
ради•|раді
имѫть|імѫть
вѣрѹ|вѣроу
бж҃иꙗ|бж҃іꙗ
д҃ха•|д҃ха
прьвѣе|прьвѣе
да|да
бѫдеть|бѫдеть
млт҃ва|млт҃ва
къ|къ
б҃ѹ|б҃оу
о|о
всѣхъ•|всѣхъ
и|і
тъгда|тъгда
бж҃ии|бж҃іі
д҃хъ|д҃хъ
наплънить|наплъніть
чл҃ка•|чл҃ка
и|і
наплъненъ|наплъненъ
гл҃еть|гл҃еть
ꙗкоже|ꙗкоже
г҃ь|г҃ь
хощеть•|хощеть
и|і
хощеть|хощеть
же|же
да|да
сп҃сеть|сп҃сеть
вьсего|вьсего
чл҃ка|чл҃ка
добро|добро
ѹбо|оубо
есть|есть
словесꙑ|словесъі
ѹспѣвати|оуспѣваті
въпрашѧѭщиимъ•|въпрашѧѭщіімъ
добрѣе|добрѣе
же|же
добродѣтѣльѭ|добродѣтѣльѭ
и|і
мл҃твоѭ|мл҃твоѭ
поспѣвати|поспѣваті
имъ•|імъ
подобаеть|подобаеть
же|же
хотѧщиимъ|хотѧщіімъ
сътѧжати•|сътѧжаті
множьство|множьство
добръ|добръ
дѣаньи•|дѣаньі
ни|ні
славѣ|славѣ
похотѣти•|похотѣті
ни|ні
съ|съ
мноꙁѣми|мнозѣмі
бесѣдовати|бесѣдоваті
ꙗкоже|ꙗкоже
рече|рече
сѧ•|сѧ
ни|ні
исходъ|ісходъ
части|часті
даати•|дааті
ни|ні
ѹкарѧти|оукарѧті
никогоже•|нікогоже
аще|аще
корими|корімі
ѹкорениꙗ|оукореніꙗ
сѫть|сѫть
достоини•|достоіні
ни|ні
многа|многа
гл҃ати•|гл҃аті
аще|аще
и|і
в͗се|все
добро|добро
можеть|можеть
гл҃ати•|гл҃аті
м͗ногословесие|многословесіе
бо|бо
беꙁ|без
вѣрꙑ|вѣръі
раꙁносѧ|разносѧ
ѹм͗•|оум
не|не
тъчьѭ|тъчьѭ
о|о
дх҃овьнѣмь|дх҃овьнѣмь
дѣлѣ|дѣлѣ
праꙁдьна|праздьна
и|і
стварѧеть•|стварѧеть
нъ|нъ
и|і
ѹнꙑньꙗ|оунъіньꙗ
прѣдасть|прѣдасть
и|і
бѣсѫ•|бѣсѫ
ꙗкоже|ꙗкоже
бо|бо
двьри|двьрі
бан͗нꙑꙗ|баннъіꙗ
часто|часто
отврьꙁаемꙑ•|отврьзаемъі
ѭтрьнѫѭ|ѭтрьнѫѭ
теплотѫ|теплотѫ
иꙁдрѣѭть|іздрѣѭть
вънъ•|вънъ
тако|тако
и|і
дш҃а|дш҃а
егда|егда
м͗ного|много
хощеть|хощеть
бесѣдовати•|бесѣдоваті
аще|аще
и|і
в͗сегда|всегда
добро|добро
гл҃еть•|гл҃еть
то|то
своѭ|своѭ
памѧть|памѧть
гласьнъими|гласьнъімі
вратꙑ|вратъі
раꙁгѹблѧеть•|разгоублѧеть
по|по
в͗семѹ|всемоу
бо|бо
добро|добро
есть|есть
млъчанье•|млъчанье
скровища|скровіща
бо|бо
ц҃ства|ц҃ства
исплънѧть|ісплънѧть
ꙁлата•|злата
и|і
ѹми|оумі
истовъихъ|істовъіхъ
чрьньць•|чрьньць
богата|богата
наплънѧть|наплънѧть
сѧ|сѧ
раꙁѫма•|разѫма
аще|аще
ли|лі
и|і
нѫждьно|нѫждьно
есть|есть
ѹчити•|оучіті
то|то
къ|къ
исправлениѭ|ісправленіѭ
дш҃и|дш҃і
да|да
бѫдеть•|бѫдеть
трѣбѫемъ|трѣбѫемъ
же|же
въ|въ
ѹченье•|оученье
беꙁавидьꙗ•|безавідьꙗ
чистотꙑ•|чістотъі
словесе|словесе
съдрава•|съдрава
беꙁаꙁорьна•|безазорьна
да|да
нами|намі
прославить|прославіть
сѧ|сѧ
б҃ъ|б҃ъ
всѣхъ•|всѣхъ
орѹжьꙗ|ороужьꙗ
бо|бо
нашѧ|нашѧ
не|не
плътѧна•|плътѧна
нъ|нъ
сильна|сільна
б҃ѹ|б҃оу
къ|къ
раꙁдрѹшеньѭ|раздроушеньѭ
тврьдьмъ•|тврьдьмъ
помъїшленьꙗ|помъішленьꙗ
раꙁдрѹшаѭще•|раздроушаѭще
да|да
беꙁмѹтьноѭ|безмоутьноѭ
дш҃еѭ•|дш҃еѭ
и|і
кротъкомь|кротъкомь
срⷣцемь•|срдцемь
ꙗко|ꙗко
благовон͗но|благовонно
кадило•|каділо
м҃лтва|м҃лтва
нашѧ|нашѧ
приꙗтьна|пріꙗтьна
бѫдеть•|бѫдеть
испꙑтаѭщиимь|іспъітаѭщіімь
ср҃ца|ср҃ца
и|і
ѹтробꙑ|оутробъі
бм҃ь•|бм҃ь
рече|рече
же|же
и|і
г҃ь|г҃ь
своимъ|своімъ
ѹченикомъ•|оученікомъ
вꙑ|въі
нѣсте|нѣсте
отъ|отъ
мира|міра
сего•|сего
нъ|нъ
аꙁъ|азъ
иꙁбьрахъ|ізбьрахъ
вꙑ|въі
отъ|отъ
мира•|міра
ѹже|оуже
не|не
много|много
гл҃ѫ|гл҃ѫ
съ|съ
вами•|вамі
грѧдеть|грѧдеть
бо|бо
сего|сего
мира|міра
к͗нѧꙁь•|кнѧзь
егоже|егоже
иꙁбꙑти|ізбъіті
молимъ|молімъ
сѧ•|сѧ
вл҃цѣ|вл҃цѣ
х҃ѹ|х҃оу
бу҇ⷪ|буо
нашемѹ|нашемоу
емѹже|емоуже
слава|слава
въ|въ
вѣкꙑ|вѣкъі
АМИН|амін
р҃г|р҃г
⁘О|о
БЕꙀМЛЪВЬИ⁘|безмлъвьі
Беꙁмлъвье|безмлъвье
ѹспѣеть|оуспѣеть
ꙁълобꙑ|зълобъі
ѹпражнь|оупражнь
сѧ•|сѧ
аще|аще
ли|лі
и|і
четыриꙗ|четъіріꙗ
дѣтѣли|дѣтѣлі
въ|въ
мл҃твѣ|мл҃твѣ
прииметь|прііметь
помощь•|помощь
сирѣчь|сірѣчь
длъготрьпье•|длъготрьпье
и|і
съмѣреномѹдрье•|съмѣреномоудрье
бъдѣнье|бъдѣнье
же|же
и|і
въꙁдрьжанье|въздрьжанье
къ|къ
бестрастьѭ•|бестрастьѭ
нич͗тоже|нічтоже
своихъ|своіхъ
прѣкрашение|прѣкрашеніе
сѫщи•|сѫщі
нъ|нъ
м҃ти|м҃ті
помꙑшленьи|помъішленьі
прм҃дръ•|прм҃дръ
ꙁанеже|занеже
и|і
благъи|благъі
д҃хъ•|д҃хъ
бѣгаеть|бѣгаеть
м͗ногословесьꙗ•|многословесьꙗ
ꙗко|ꙗко
мѧтежа|мѧтежа
в͗сего|всего
и|і
приꙁрака|прізрака
кромѣ|кромѣ
сѧ•|сѧ
бесплищье|беспліщье
ѹбо|оубо
ꙗко|ꙗко
добръ|добръ
сꙑ•|съі
м҃ти|м҃ті
всѣхъ|всѣхъ
добръ|добръ
дѣаньи|дѣаньі
есть•|есть
раждаеть|раждаеть
бо|бо
ꙗ|ꙗ
ко|ко
б҃ѹ|б҃оу
непрѣстан͗номь•|непрѣстанномь
и|і
беꙁмлъвьномь|безмлъвьномь
приповѣданьемь•|пріповѣданьемь
любѧи|любѧі
бесплище•|беспліще
чрьньць|чрьньць
любимъ|любімъ
есть|есть
б҃мь•|б҃мь
имьже|імьже
и|і
тъ|тъ
любѧ|любѧ
б҃а•|б҃а
съ|съ
тѣмь|тѣмь
единѣмь|едінѣмь
хощеть|хощеть
бесѣдовати•|бесѣдоваті
чистоѭ|чістоѭ
млт҃воѭ•|млт҃воѭ
и|і
на|на
ꙁемли|землі
живꙑ|жівъі
нб҃снаа|нб҃снаа
видаеть•|відаеть
вьсь|вьсь
бо|бо
ѹмъ|оумъ
его|его
печеть|печеть
сѧ|сѧ
како|како
ѹгодить|оугодіть
б҃ѹ•|б҃оу
и|і
бꙑти|бъіті
цр҃кꙑ|цр҃къі
ст҃аго|ст҃аго
емѹ|емоу
д҃ха•|д҃ха
таковъи|таковъі
присно|прісно
подъкланѧеть|подъкланѧеть
вꙑѭ|въіѭ
своѭ•|своѭ
подъ|подъ
льгъкое|льгъкое
и|і
маꙁаное|мазаное
иго|іго
хв҃о•|хв҃о
и|і
в͗сѧ|всѧ
видимаа|відімаа
прѣꙁьрѧ•|прѣзьрѧ
невидимъихъ|невідімъіхъ
желаеть•|желаеть
паче|паче
же|же
самого|самого
невидимаго|невідімаго
ꙗко|ꙗко
видѧ|відѧ
трьпить•|трьпіть
таковии|таковіі
ан҃гломъ|ан҃гломъ
присно|прісно
житьимь|жітьімь
сьретьни|сьретьні
сѫть•|сѫть
всегда|всегда
пѹстꙑнѧ|поустъінѧ
гонѧще•|гонѧще
да|да
многомь|многомь
беспечальимь|беспечальімь
и|і
беꙁмлъвьимь•|безмлъвьімь
бꙁ҃ѣ|бз҃ѣ
причащаѭще|прічащаѭще
сѧ•|сѧ
своего|своего
ѹма|оума
ꙁрьцало|зрьцало
бескврьнно|бескврьнно
съдѣлаѭть•|съдѣлаѭть
по|по
великѹмѹ|велікоумоу
илии•|іліі
прт҇ⷣчи|пртдчі
кр҃стлю|кр҃стлю
гн҃ѫ|гн҃ѫ
иѡаннѫ•|іоаннѫ
блажени|блажені
тации•|таціі
и|і
на|на
ꙁемли|землі
и|і
на|на
нб҃схъ•|нб҃схъ
иже|іже
всѧ|всѧ
ѹметꙑ|оуметъі
непьщѫѭть•|непьщѫѭть
да|да
х҃а|х҃а
приобрѧщѫть•|пріобрѧщѫть
да|да
обрѧщѫть|обрѧщѫть
сѧ|сѧ
кротъкъимь|кротъкъімь
и|і
беꙁмлъв͗нꙑмь|безмлъвнъімь
дх҃омь|дх҃омь
ходѧще•|ходѧще
паче|паче
же|же
в͗сего|всего
доидохомъ|доідохомъ
врѣмене•|врѣмене
ꙗкоже|ꙗкоже
пр҇ⷪкъ|прокъ
амосъ|амосъ
о|о
наставъшиимь|наставъшіімь
врѣмене|врѣмене
прѣжде|прѣжде
ѹча|оуча
нꙑ|нъі
рече•|рече
въ|въ
врѣмѧ|врѣмѧ
оно|оно
раꙁѹмѣваꙗи|разоумѣваꙗі
помлъчить•|помлъчіть
ꙗко|ꙗко
врѣмѧ|врѣмѧ
ꙁъло|зъло
есть•|есть
и|і
исаꙗ•|ісаꙗ
ненавидѧи|ненавідѧі
неправьдꙑ•|неправьдъі
рѫцѣ|рѫцѣ
отътрасаꙗ|отътрасаꙗ
ѿ|от
мьꙁдꙑ•|мьздъі
съмѣжаи|съмѣжаі
очи|очі
да|да
не|не
видите|відіте
неправьдꙑ•|неправьдъі
сь|сь
веселить|веселіть
сѧ|сѧ
въ|въ
пещерѣ|пещерѣ
вꙑсоцѣ•|въісоцѣ
хлѣбъ|хлѣбъ
емѹ|емоу
дасть|дасть
сѧ•|сѧ
и|і
вода|вода
его|его
вѣрьна•|вѣрьна
ц҃рѧ|ц҃рѧ
съ|съ
славоѭ|славоѭ
ѹꙁьрите•|оузьріте
и|і
очи|очі
ваши|ваші
ѹꙁьрите|оузьріте
ꙁемлѫ|землѫ
иꙁдалече•|іздалече
дш҃а|дш҃а
вашѧ|вашѧ
поѹчить|пооучіть
сѧ|сѧ
страхѹ•|страхоу
и|і
отъ|отъ
лица|ліца
гн҃ѧ|гн҃ѧ
рече•|рече
на|на
кого|кого
приꙁьрѭ•|прізьрѭ
нъ|нъ
на|на
кротъкаго|кротъкаго
и|і
млъчалива•|млъчаліва
и|і
трепещѫщаго|трепещѫщаго
моихъ|моіхъ
словесъ•|словесъ
и|і
иеремиꙗ•|іереміꙗ
к͗то|кто
дасть|дасть
мнѣ•|мнѣ
гл҃ѧ|гл҃ѧ
въ|въ
пѫстꙑни|пѫстъіні
подъбои|подъбоі
послѣдьнии•|послѣдьніі
оставлю|оставлю
люди|люді
сьꙗ•|сьꙗ
и|і
пакꙑ•|пакъі
не|не
сѣдохъ|сѣдохъ
съ|съ
съборищемь|съборіщемь
играѭщиихъ•|іграѭщііхъ
нъ|нъ
говѣхъ|говѣхъ
отъ|отъ
лица|ліца
рѫкꙑ|рѫкъі
твоеꙗ•|твоеꙗ
ѹединенъ|оуедіненъ
сѣдѣхъ•|сѣдѣхъ
ꙁане|зане
горести|горесті
исплънѣхъ•|ісплънѣхъ
и|і
дв҃дъ•|дв҃дъ
ѹдалихъ|оудаліхъ
сѧ|сѧ
бѣгаꙗ•|бѣгаꙗ
и|і
въдворихъ|въдворіхъ
сѧ|сѧ
въ|въ
пѫстꙑни•|пѫстъіні
и|і
положихъ|положіхъ
ѹстомъ|оустомъ
моимъ|моімъ
хранило•|храніло
егда|егда
въстанеть|въстанеть
грѣшьникъ|грѣшьнікъ
на|на
мѧ•|мѧ
онѣмѣхъ|онѣмѣхъ
и|і
съмѣрихъ|съмѣріхъ
сѧ|сѧ
и|і
ѹмлъчахъ|оумлъчахъ
отъ|отъ
благъ•|благъ
и|і
пакꙑ•|пакъі
онѣмѣхъ|онѣмѣхъ
и|і
не|не
отъврьꙁохъ|отъврьзохъ
ѹстъ|оустъ
своихъ|своіхъ
ꙗко|ꙗко
тꙑ|тъі
сътвори•|сътворі
и|і
г҃ь|г҃ь
въселѧеть|въселѧеть
иномꙑсльнꙑꙗ|іномъісльнъіꙗ
въ|въ
домъ•|домъ
мѫжь|мѫжь
бо|бо
мѹдръ|моудръ
беꙁмлъвье|безмлъвье
дѣеть•|дѣеть
и|і
чл҃къ|чл҃къ
прм҃дръ|прм҃дръ
млъчить|млъчіть
до|до
врѣмене•|врѣмене
и|і
вѣдꙑи|вѣдъіі
въкѫпѣ|въкѫпѣ
млъча|млъча
по|по
книгамъ•|кнігамъ
и|і
ѥклисиꙗстъ•|еклісіꙗстъ
аще|аще
дх҃ъ|дх҃ъ
обладаѭщаго|обладаѭщаго
въꙁидеть|възідеть
на|на
тѧ•|тѧ
мѣста|мѣста
си|сі
не|не
остави•|оставі
и|і
їѡанъ|іоанъ
въ|въ
пѫстꙑнѧхъ|пѫстъінѧхъ
живѧаше•|жівѧаше
до|до
дьне|дьне
ꙗвленьꙗ|ꙗвленьꙗ
его|его
къ|къ
иі҃лю•|іі҃лю
г҃ь|г҃ь
же|же
на|на
в͗се|все
обраꙁъ|образъ
намъ|намъ
бꙑваꙗ|бъіваꙗ
бѧаше|бѧаше
оходѧ|оходѧ
въ|въ
пѫстꙑнѫ•|пѫстъінѫ
и|і
мл҃твѫ|мл҃твѫ
дѣꙗ•|дѣꙗ
и|і
ѹченикомъ|оученікомъ
своимъ|своімъ
гл҃аше•|гл҃аше
придѣте|прідѣте
вꙑ|въі
въ|въ
пѹсто|поусто
мѣсто•|мѣсто
и|і
почьите|почьіте
мало•|мало
тѣмьже|тѣмьже
братье|братье
любаа•|любаа
хранимъ|хранімъ
беꙁмльвье|безмльвье
и|і
любимъ|любімъ
е•|е
о|о
х҃ѣ|х҃ѣ
іс҃ѣ|іс҃ѣ
г҃и|г҃і
нашемь|нашемь
емѹже|емоуже
слава|слава
въ|въ
вѣкꙑ|вѣкъі
вѣком|вѣком
АМИН|амін
р҃д|р҃д
О|о
БЪДѢНЬИ|бъдѣньі
Бъдѣнье|бъдѣнье
велико|веліко
орѫжье•|орѫжье
и|і
добро|добро
намъ|намъ
отъ|отъ
б҃а|б҃а
дарова|дарова
сѧ|сѧ
на|на
диꙗвола•|діꙗвола
и|і
воꙗ|воꙗ
тьмьнꙑꙗ|тьмьнъіꙗ
лѹкавьства|лоукавьства
д҃хꙑ•|д҃хъі
се|се
же|же
свѣтить|свѣтіть
сѧ|сѧ
и|і
подъпираеть•|подъпіраеть
малотрѣбьемь•|малотрѣбьемь
и|і
трѣꙁвомь|трѣзвомь
мѫдрованиемь•|мѫдрованіемь
б҃ꙁѣ|б҃зѣ
приближаеть|прібліжаеть
сѧ•|сѧ
лихоꙗденье|ліхоꙗденье
бо|бо
и|і
сꙑтости|съітості
ѭтробꙑ|ѭтробъі
противите|протівіте
сѧ|сѧ
емѹ•|емоу
и|і
страшивъи|страшівъі
слабоѹмъ|слабооумъ
съдѣваета•|съдѣваета
и|і
ѹдобь|оудобь
побѣждаема|побѣждаема
въ|въ
прилоꙁѣхъ|прілозѣхъ
нечистꙑихъ|нечістъііхъ
страстьи•|страстьі
молимъ|молімъ
сѧ|сѧ
ѹбо|оубо
да|да
не|не
бѫдеть|бѫдеть
бѣство|бѣство
наше|наше
въ|въ
сѹботѹ•|соуботоу
сирѣчь|сірѣчь
въ|въ
страсти|страсті
и|і
въ|въ
покои|покоі
сѫщемъ•|сѫщемъ
аще|аще
воини|воіні
есмъ•|есмъ
пѫтьмь|пѫтьмь
истинꙑ|істінъі
трѹда|троуда
длъжъни|длъжъні
есмъ|есмъ
ходити•|ходіті
и|і
мѫжьскꙑ|мѫжьскъі
стоꙗти|стоꙗті
на|на
сѫпостата|сѫпостата
нашего•|нашего
аще|аще
бо|бо
въ|въ
бъдѣньи|бъдѣньі
трѣꙁвьнѣ|трѣзвьнѣ
бъдимъ•|бъдімъ
то|то
въꙁможемъ|възможемъ
лющьшьми|лющьшьмі
ѹꙗꙁвити•|оуꙗзвіті
дѣтѣли|дѣтѣлі
бо|бо
ꙗже|ꙗже
на|на
бж҃ьѭ•|бж҃ьѭ
сирѣчь|сірѣчь
бъдѣнье|бъдѣнье
и|і
млтⷡ҇а|млтва
и|і
пѣние•|пѣніе
и|і
съмѣреномѫдрье•|съмѣреномѫдрье
лѹци|лоуці
и|і
стрѣлꙑ|стрѣлъі
и|і
сѣти•|сѣті
и|і
ранꙑ•|ранъі
бꙑваѭть|бъіваѭть
врагѹ•|врагоу
тъчьѭ|тъчьѭ
да|да
не|не
въꙁнесемъ|възнесемъ
сѧ|сѧ
въ|въ
млт҃вѣ|млт҃вѣ
нашеи•|нашеі
иꙁливаѭще|ізліваѭще
сльꙁꙑ•|сльзъі
не|не
отъ|отъ
насъ|насъ
бо|бо
сльꙁꙑ•|сльзъі
нъ|нъ
отъ|отъ
подаѭщаꙗ|подаѭщаꙗ
благодѣти•|благодѣті
добро|добро
есть|есть
прижати|пріжаті
тъчно|тъчно
сѫпрѹгѹ•|сѫпроугоу
трѣꙁвеньи•|трѣзвеньі
малоꙗдьи•|малоꙗдьі
помагаѭщѫ|помагаѭщѫ
бъдѣньѭ•|бъдѣньѭ
паче|паче
же|же
мꙑ|мъі
на|на
се|се
истое|істое
ѹвоивъше|оувоівъше
сѧ•|сѧ
воеводѣ|воеводѣ
годѣ|годѣ
бѫдемъ•|бѫдемъ
множицеѭ|множіцеѭ
бо|бо
г҃ь•|г҃ь
о|о
семь|семь
ꙁаповѣда|заповѣда
намъ•|намъ
бъдите|бъдіте
и|і
молите|моліте
сѧ•|сѧ
ꙗко|ꙗко
иꙁбѣгнѫти|ізбѣгнѫті
намъ|намъ
къꙁнии|къзніі
вражии•|вражіі
съ|съ
трѣꙁвьньемь|трѣзвьньемь
ѹбо|оубо
и|і
спѣаньемь|спѣаньемь
сего|сего
съврьшимъ|съврьшімъ
въ|въ
ѹмиленьи•|оуміленьі
да|да
не|не
ѹвѧꙁнемъ|оувѧзнемъ
въ|въ
чесомь|чесомь
отъ|отъ
врага•|врага
и|і
ꙁавистиваго|завістіваго
дьꙗвола•|дьꙗвола
сѫи|сѫі
бо|бо
въ|въ
истинѫ|істінѫ
воинъ•|воінъ
ограждаеть|ограждаеть
сѧ|сѧ
вьсѣмь|вьсѣмь
д҃хвьнъимь|д҃хвьнъімь
орѹжьимь•|ороужьімь
и|і
мꙑ|мъі
ѹбо|оубо
облѣцѣмъ|облѣцѣмъ
сѧ|сѧ
въ|въ
брънѧ|брънѧ
вѣрѫ|вѣрѫ
хв҃ѫ•|хв҃ѫ
и|і
въ|въ
шлѣмъ|шлѣмъ
крьстъ|крьстъ
его•|его
щитъ|щітъ
же|же
и|і
копье|копье
въ|въ
любовь|любовь
его•|его
и|і
мечь|мечь
д҃ха•|д҃ха
еже|еже
сѫть|сѫть
словеса•|словеса
и|і
станѣмъ|станѣмъ
на|на
сѫпостата|сѫпостата
ꙗко|ꙗко
добри|добрі
воини•|воіні
бъдѣньимь|бъдѣньімь
и|і
постомь|постомь
и|і
млт҃вми•|млт҃вмі
ꙗкоже|ꙗкоже
и|і
въ|въ
притъчахъ|прітъчахъ
ѱано|псано
есть•|есть
не|не
даждь|даждь
съна|съна
своима|своіма
очима•|очіма
ни|ні
въꙁдрѣмли|въздрѣмлі
вѣждама|вѣждама
своима•|своіма
да|да
сп҃сеши|сп҃сеші
сѧ|сѧ
ꙗко|ꙗко
срьна|срьна
отъ|отъ
тенета•|тенета
и|і
ꙗко|ꙗко
пти|пті
ис|іс
клепцѧ•|клепцѧ
рече|рече
же|же
и|і
дв҃дъ•|дв҃дъ
аще|аще
дамь|дамь
сънъ|сънъ
очима|очіма
моима•|моіма
и|і
вѣждама|вѣждама
моима|моіма
дрѣманьꙗ•|дрѣманьꙗ
донъдеже|донъдеже
обрѧщѫ|обрѧщѫ
мѣсто|мѣсто
г҃ю•|г҃ю
и|і
пакꙑ•|пакъі
ꙁабъдѣхъ|забъдѣхъ
и|і
бꙑхъ|бъіхъ
ꙗко|ꙗко
птица|птіца
особѧщи|особѧщі
сѧ|сѧ
на|на
ꙁъданьи•|зъданьі
блиꙁъ|блізъ
бо|бо
г҃ь|г҃ь
скрѹшенъихъ|скроушенъіхъ
срд҃цемь•|срд҃цемь
и|і
съмѣренꙑꙗ|съмѣренъіꙗ
дх҃мь|дх҃мь
сп҃сеть•|сп҃сеть
и|і
пакꙑ•|пакъі
полѹнощи|полоунощі
въстахъ|въстахъ
исповѣдати|ісповѣдаті
сѧ|сѧ
тебѣ|тебѣ
о|о
сѫдьбахъ|сѫдьбахъ
правьдꙑ|правьдъі
твоеꙗ•|твоеꙗ
и|і
пакꙑ•|пакъі
бж҃е|бж҃е
бж҃е|бж҃е
мои|моі
къ|къ
тебѣ|тебѣ
ѹтрьнюѭ|оутрьнюѭ
въждада|въждада
тебе|тебе
дш҃а|дш҃а
моꙗ•|моꙗ
и|і
варисте|варісте
очи|очі
мои|моі
къ|къ
ѹтрѹ|оутроу
поѹчити|пооучіті
сѧ|сѧ
словесемъ|словесемъ
твоимъ•|твоімъ
причастьникомъ|прічастьнікомъ
своимъ|своімъ
г҃лаше•|г҃лаше
въ|въ
нощи|нощі
въꙁдеждѣте|въздеждѣте
рѫкꙑ|рѫкъі
вашѧ|вашѧ
въ|въ
ст҃аа|ст҃аа
и|і
благословите|благословіте
г҃а•|г҃а
и|і
апостолъ•|апостолъ
въ|въ
молитвѣ|молітвѣ
прѣтрьпаите•|прѣтрьпаіте
бъдѧ|бъдѧ
въ|въ
неи|неі
съ|съ
благодариемь•|благодаріемь
и|і
пакꙑ•|пакъі
молѧще|молѧще
сѧ|сѧ
на|на
всѧ|всѧ
врѣмена|врѣмена
д҃хмь•|д҃хмь
и|і
вь|вь
само|само
се|се
бъдѣще|бъдѣще
вьсѣмь|вьсѣмь
трьпѣньемь|трьпѣньемь
и|і
м҃лтвоѭ•|м҃лтвоѭ
и|і
о|о
себѣ•|себѣ
въ|въ
трѹдѣхъ•|троудѣхъ
въ|въ
ꙁабъдѣньихъ•|забъдѣньіхъ
въ|въ
пощениихъ•|пощенііхъ
и|і
инъде•|інъде
и|і
о|о
лѣтѣхъ|лѣтѣхъ
и|і
врѣменѣхъ|врѣменѣхъ
братье•|братье
не|не
трѣбѫете|трѣбѫете
псати|псаті
вамъ•|вамъ
сами|самі
бо|бо
иꙁвѣстьно|ізвѣстьно
вѣсте|вѣсте
ꙗко|ꙗко
дьнь|дьнь
г҃нь•|г҃нь
ꙗко|ꙗко
тать|тать
въ|въ
нощи|нощі
тако|тако
придеть•|прідеть
егдаже|егдаже
гл҃ють|гл҃ють
миръ|міръ
и|і
ѹтврьжденье•|оутврьжденье
тъгда|тъгда
вънеꙁаапѫ|вънезаапѫ
нападеть|нападеть
ихъ|іхъ
всегѹбитель•|всегоубітель
ꙗкоже|ꙗкоже
и|і
болѣꙁни|болѣзні
имѫщаꙗ|імѫщаꙗ
въ|въ
чрѣвѣ|чрѣвѣ
не|не
ѹбѣжать•|оубѣжать
и|і
пакꙑ•|пакъі
тѣмь|тѣмь
ѹбо|оубо
да|да
не|не
съпимъ|съпімъ
ꙗко|ꙗко
и|і
прочии•|прочіі
нъ|нъ
да|да
бъдимъ|бъдімъ
и|і
трѣꙁвимъ|трѣзвімъ
сѧ•|сѧ
и|і
г҃ь•|г҃ь
бъдите|бъдіте
ꙗко|ꙗко
не|не
вѣсте|вѣсте
въ|въ
кꙑи|къіі
часъ|часъ
г҃ь|г҃ь
вашь|вашь
придеть•|прідеть
оно|оно
же|же
вѣдите•|вѣдіте
ꙗко|ꙗко
аще|аще
бꙑ|бъі
вѣдѣлъ|вѣдѣлъ
господинъ|господінъ
въ|въ
кѫѭ|кѫѭ
стражѫ|стражѫ
тать|тать
придеть•|прідеть
то|то
бъдѣлъ|бъдѣлъ
бꙑ•|бъі
и|і
не|не
бꙑ|бъі
оставилъ|оставілъ
подърꙑти|подъръіті
храминꙑ|храмінъі
своеꙗ•|своеꙗ
и|і
пакꙑ•|пакъі
бъдите|бъдіте
и|і
молите|моліте
сѧ|сѧ
да|да
не|не
вънидете|вънідете
въ|въ
напасть•|напасть
и|і
пакꙑ•|пакъі
бл҃жнъ|бл҃жнъ
рабъ|рабъ
тъ|тъ
егоже|егоже
пришьдъ|прішьдъ
г҃ь|г҃ь
свои•|своі
ѡбрѧщеть|обрѧщеть
тако|тако
творѧща•|творѧща
бъдите|бъдіте
ꙗко|ꙗко
не|не
вѣсте|вѣсте
дьне|дьне
ни|ні
ча|ча
въ|въ
ньже|ньже
с҃нъ|с҃нъ
чл҃чь|чл҃чь
придеть•|прідеть
емѹже|емоуже
слава|слава
въ|въ
вѣкꙑ|вѣкъі
АМИН|амін
р҃е|р҃е
Ꙍ|о
ПѢНЬИ|пѣньі
Пѣние|пѣніе
дѣло|дѣло
есть|есть
бесплътьнъихъ|бесплътьнъіхъ
силъ•|сілъ
слѹжащихъ|слоужащіхъ
и|і
прѣстоꙗщиихъ|прѣстоꙗщііхъ
въинѫ|въінѫ
б҃ѹ•|б҃оу
по|по
реченѹмѹ•|реченоумоу
хвалите|хваліте
г҃а|г҃а
вьси|вьсі
ан҃гли|ан҃глі
его•|его
и|і
в͗сѧ|всѧ
силꙑ|сілъі
его•|его
и|і
пакꙑ•|пакъі
блг҃те|блг҃те
г҃а|г҃а
вьси|вьсі
англи|англі
его|его
сильнии|сільніі
крѣпостьѭ|крѣпостьѭ
творѧще|творѧще
слово|слово
его•|его
б҃лте|б҃лте
г҃а|г҃а
в͗сѧ|всѧ
силъ|сілъ
его|его
и|і
слѹгꙑ|слоугъі
его|его
творѧще|творѧще
волю|волю
его•|его
ключить|ключіть
же|же
сѧ|сѧ
в͗сѣмъ|всѣмъ
чл҃комъ•|чл҃комъ
в͗се|все
бо|бо
дꙑхание|дъіханіе
хвалить|хваліть
г҃а•|г҃а
по|по
иꙁѧщьѭ|ізѧщьѭ
чрьньцемь•|чрьньцемь
анъгельское|анъгельское
въсприимъшимъ|въспріімъшімъ
житье•|жітье
бл҃женъ|бл҃женъ
ѹбо|оубо
иже|іже
поѹчить|пооучіть
сѧ|сѧ
въ|въ
ꙁаконѣ|законѣ
г҃ни|г҃ні
дьнь|дьнь
и|і
нощь•|нощь
и|і
боꙗщеи|боꙗщеі
сѧ|сѧ
г҃а|г҃а
въсхвалите|въсхваліте
и•|і
в͗се|все
сѣмѧ|сѣмѧ
иꙗковле|іꙗковле
прославите|прославіте
и•|і
пѣние|пѣніе
ѹбо|оубо
жрьтва|жрьтва
есть|есть
воиньства•|воіньства
и|і
жрьтва|жрьтва
хвалениꙗ•|хваленіꙗ
но|но
жрътва|жрътва
хвалꙑ|хвалъі
прославить|прославіть
мѧ•|мѧ
и|і
пожьри|пожьрі
б҃ѹ|б҃оу
жрътвѫ|жрътвѫ
хвалѹ•|хвалоу
длъжьнъ|длъжьнъ
есть|есть
чрьнориꙁьць|чрьнорізьць
въинѫ|въінѫ
и|і
бес|бес
прѣстани|прѣстані
жрьти|жрьті
г҃ю•|г҃ю
ѹꙁаконена|оузаконена
емѹ|емоу
славословесьꙗ•|славословесьꙗ
бл҃щѫ|бл҃щѫ
бо|бо
г҃а|г҃а
на|на
в͗сѧ|всѧ
врѣмена•|врѣмена
въинѫ|въінѫ
хвала|хвала
его|его
въ|въ
ѹстѣхъ|оустѣхъ
моихъ•|моіхъ
ѹслꙑшимъ|оуслъішімъ
дв҃да|дв҃да
повелѣваѭща|повелѣваѭща
намъ•|намъ
поите|поіте
б҃ѹ|б҃оу
нашемѹ|нашемоу
поите•|поіте
поите|поіте
ц҃рѫ|ц҃рѫ
нашемѹ|нашемоу
поите•|поіте
поите|поіте
раꙁѹм͗нѣ•|разоумнѣ
поите|поіте
б҃ѹ|б҃оу
въ|въ
гѫслехъ|гѫслехъ
и|і
въ|въ
гласѣ|гласѣ
ѱалмьсцѣ•|псалмьсцѣ
нъ|нъ
добрѣ|добрѣ
поите|поіте
емѹ|емоу
въсклицаньемь•|въскліцаньемь
въꙁдрадѹете|въздрадоуете
бо|бо
сѧ|сѧ
ѹстьнѣ|оустьнѣ
мои|моі
егда|егда
въспоѭ|въспоѭ
тебе•|тебе
дш҃а|дш҃а
моꙗ|моꙗ
ѭже|ѭже
иꙁбави•|ізбаві
и|і
пакꙑ•|пакъі
поите|поіте
г҃ю|г҃ю
пр҃пбнии|пр҃пбніі
его•|его
и|і
работаите|работаіте
г҃ѹ|г҃оу
съ|съ
страхомь•|страхомь
и|і
радѹите|радоуіте
сѧ|сѧ
емѹ|емоу
съ|съ
трепетомь•|трепетомь
хваление|хваленіе
его|его
въ|въ
црв҇ⷦхъ|црвкхъ
прпдобнꙑхъ|прпдобнъіхъ
его•|его
и|і
сн҃ве|сн҃ве
сиони|сіоні
въꙁдрадѹѭть|въздрадоуѭть
сѧ|сѧ
о|о
ц҃ри|ц҃рі
своемь•|своемь
аꙁъ|азъ
же|же
въспоѭ|въспоѭ
и|і
поѭ|поѭ
славѣ|славѣ
твоеи•|твоеі
ꙗко|ꙗко
съгрѣ|съгрѣ
сѧ|сѧ
ср҃дце|ср҃дце
мое|мое
въ|въ
мнѣ•|мнѣ
и|і
въ|въ
поѹченьи|пооученьі
моемь|моемь
рагарать|рагарать
сѧ|сѧ
огнь•|огнь
и|і
сладъка|сладъка
грътани|грътані
моемѹ|моемоу
слове|слове
твоꙗ|твоꙗ
паче|паче
меда|меда
ѹстомъ|оустомъ
моимъ•|моімъ
тако|тако
бл҃щѫ|бл҃щѫ
тѧ|тѧ
въ|въ
животѣ|жівотѣ
моемь•|моемь
и|і
о|о
имени|імені
твоемь|твоемь
въꙁдежѫ|въздежѫ
рѫцѣ|рѫцѣ
мои•|моі
ꙁане|зане
ꙗко|ꙗко
тѹка|тоука
и|і
масти|масті
исплъни|ісплъні
сѧ|сѧ
дш҃а|дш҃а
моꙗ•|моꙗ
и|і
ѹстьнѣ|оустьнѣ
радости|радості
въсхвалѧть|въсхвалѧть
ѹста|оуста
моꙗ•|моꙗ
потокомь|потокомь
бо|бо
пища|піща
твоеꙗ|твоеꙗ
напоиши|напоіші
поѭщаꙗ|поѭщаꙗ
ти•|ті
нъ|нъ
каа|каа
потрѣба|потрѣба
в͗сѧ|всѧ
о|о
пѣньи|пѣньі
давꙑда|давъіда
прѣдълагати|прѣдълагаті
съвѣдетельства•|съвѣдетельства
ꙗже|ꙗже
в͗си|всі
видѧть•|відѧть
или|ілі
о|о
благодѣти•|благодѣті
и|і
весельи|весельі
бꙑваѭщиимъ|бъіваѭщіімъ
въ|въ
ср҃ци•|ср҃ці
съ|съ
ѹмиленьимь|оуміленьімь
трѣꙁвомъ|трѣзвомъ
поѭщаго|поѭщаго
непьщевати•|непьщеваті
и|і
се|се
бо|бо
съвѣдѧть|съвѣдѧть
искѹшевавъшеи•|іскоушевавъшеі
егда|егда
къгда|къгда
и|і
блѧдивъ|блѧдівъ
сѫжденъ|сѫжденъ
бѫдѫ•|бѫдѫ
добро|добро
ѹбо|оубо
есть|есть
въ|въ
врѣмѧ|врѣмѧ
памѧти|памѧті
бж҃ьꙗ•|бж҃ьꙗ
ѹмножити|оумножіті
моление•|моленіе
да|да
егда|егда
ꙁабѫдемъ•|забѫдемъ
помѧнеть|помѧнеть
нꙑ|нъі
г҃ь•|г҃ь
и|і
крѣпъцѣ|крѣпъцѣ
станѣмъ|станѣмъ
въꙁлюблении|възлюбленіі
на|на
пѣнии•|пѣніі
и|і
помолимъ|помолімъ
сѧ|сѧ
непрѣстан͗нѣ|непрѣстаннѣ
отъвращаѭще•|отъвращаѭще
мꙑсльнъꙗ|мъісльнъꙗ
и|і
печальнꙑꙗ|печальнъіꙗ
придрѹгꙑ•|прідроугъі
обꙑчаи|объічаі
бо|бо
имѹть|імоуть
бѣсове•|бѣсове
егда|егда
видѧть|відѧть
кого|кого
спѣшнѣ|спѣшнѣ
поѭща•|поѭща
или|ілі
молитвѫ|молітвѫ
дѣѭща•|дѣѭща
тъгда|тъгда
вълагаѭть|вълагаѭть
помꙑшленьꙗ|помъішленьꙗ
нѣкꙑхъ|нѣкъіхъ
вещии•|вещіі
нѹждьнъихъ|ноуждьнъіхъ
движѫще|двіжѫще
ѹмъ|оумъ
на|на
искание|ісканіе
ихъ•|іхъ
и|і
да|да
раꙁливъ|разлівъ
сѧ|сѧ
ѹмъ|оумъ
къ|къ
исканьѭ|ісканьѭ
ихъ|іхъ
погѫби|погѫбі
и|і
сласть|сласть
пѣньꙗ•|пѣньꙗ
почто|почто
иꙁ|із
ѹстъ|оустъ
младнѹѭщиихъ|младноуѭщііхъ
ꙁълобоѭ•|зълобоѭ
вѣрьнъихъ|вѣрьнъіхъ
х҃ъ|х҃ъ
съврьшаеть|съврьшаеть
хвалѹ•|хвалоу
не|не
да|да
ли|лі
пѣньемь|пѣньемь
раꙁорить|разоріть
врага|врага
и|і
мьстьника|мьстьніка
мѫчаща|мѫчаща
вельми•|вельмі
врага|врага
ѹбо|оубо
добръихъ|добръіхъ
дѣаньи•|дѣаньі
мъстьника|мъстьніка
же|же
ꙁълобъ|зълобъ
дьꙗвола•|дьꙗвола
тѣмьже|тѣмьже
и|і
мꙑ|мъі
прѣпростьемь|прѣпростьемь
хвалѧще|хвалѧще
г҃а•|г҃а
скрѹшаемъ|скроушаемъ
же|же
и|і
раꙁдрѹшаемъ|раздроушаемъ
лѹкавьства|лоукавьства
вражьꙗ•|вражьꙗ
бѫди|бѫді
ѹбо|оубо
пѣнье|пѣнье
часто•|часто
б҃ъ|б҃ъ
бо|бо
именѹемъ|іменоуемъ
прогонить|прогоніть
бѣсꙑ•|бѣсъі
иже|іже
потрѣбно|потрѣбно
есть|есть
въспомѧнѫти|въспомѧнѫті
вамъ•|вамъ
егоже|егоже
никтоже|ніктоже
не|не
съвѣсть•|съвѣсть
ꙗко|ꙗко
пѣнье|пѣнье
наше|наше
правило|правіло
гл҃еть|гл҃еть
сѧ•|сѧ
ꙗкоже|ꙗкоже
бо|бо
дѣлатель•|дѣлатель
аще|аще
не|не
дасть|дасть
їсплънь|ісплънь
и|і
добро|добро
правила|правіла
своего•|своего
то|то
въ|въ
тьмьницѫ|тьмьніцѫ
въврьженъ|въврьженъ
бѫдеть•|бѫдеть
и|і
обѣщаемъ|обѣщаемъ
и|і
биемъ•|біемъ
донъже|донъже
искѹпи|іскоупі
сѧ|сѧ
вьсемѹ|вьсемоу
длъгѫ|длъгѫ
своемѹ•|своемоу
тако|тако
и|і
чрьнориꙁьць•|чрьнорізьць
егда|егда
облѣнить|облѣніть
сѧ|сѧ
о|о
правилѣ|правілѣ
своемь•|своемь
абъе|абъе
оставленъ|оставленъ
бѫдеть|бѫдеть
благодѣтьѭ•|благодѣтьѭ
и|і
прѣдасть|прѣдасть
сѧ|сѧ
врагомъ|врагомъ
своимъ•|своімъ
и|і
падеть|падеть
подъ|подъ
ногами|ногамі
ихъ•|іхъ
и|і
нанесѫть|нанесѫть
сѧ|сѧ
на|на
нь|нь
скръби|скръбі
многꙑ|многъі
ꙗко|ꙗко
въпити|въпіті
емѹ•|емоу
г҃и|г҃і
ч͗то|что
ѹм͗ножишѧ|оумножішѧ
сѧ|сѧ
сътѫжаѭщеи|сътѫжаѭщеі
ми•|мі
и|і
гл҃ѫть|гл҃ѫть
дш҃и|дш҃і
моеи•|моеі
нѣсть|нѣсть
спс҃нъꙗ|спс҃нъꙗ
емѹ|емоу
бм҃ь|бм҃ь
его•|его
нъ|нъ
ꙗдро|ꙗдро
ѹслꙑши|оуслъіші
мѧ|мѧ
г҃и•|г҃і
ꙗко|ꙗко
исконьча|ісконьча
сѧ|сѧ
дх҃ъ|дх҃ъ
мои•|моі
и|і
не|не
отъврати|отъвраті
лица|ліца
твоего|твоего
отъ|отъ
мене•|мене
да|да
не|не
ѹподоблѫ|оуподоблѫ
сѧ|сѧ
ниꙁъходѧщиимъ|нізъходѧщіімъ
въ|въ
ровъ•|ровъ
ꙗко|ꙗко
исплъни|ісплъні
сѧ|сѧ
ꙁълъ|зълъ
дш҃а|дш҃а
моꙗ|моꙗ
и|і
животъ|жівотъ
мои|моі
адѣ|адѣ
приближи|прібліжі
сѧ•|сѧ
се|се
множицеѭ|множіцеѭ
въꙁъпиеть|възъпіеть
къ|къ
г҃ѹ•|г҃оу
егда|егда
въскръбить|въскръбіть
лѣнѧи|лѣнѧі
сѧ•|сѧ
беꙁ|без
останъка|останъка
правило|правіло
свое|свое
отъдати|отъдаті
б҃ѹ•|б҃оу
и|і
отъ|отъ
попѫщеньꙗ|попѫщеньꙗ
скръб͗нꙑми|скръбнъімі
покаꙁаеть•|показаеть
не|не
вѣсть|вѣсть
же|же
аще|аще
и|і
слꙑшить•|слъішіть
въ|въ
скръби|скръбі
приꙁъва|прізъва
мѧ|мѧ
и|і
иꙁбавихъ|ізбавіхъ
тѧ•|тѧ
нъ|нъ
еда|еда
речеть|речеть
не|не
вѣмь|вѣмь
тебѣ•|тебѣ
отъстѹпи|отъстоупі
отъ|отъ
мене|мене
дѣлателю|дѣлателю
беꙁаконньꙗ•|безаконньꙗ
ꙗко|ꙗко
не|не
послѹша|послоуша
гласа|гласа
моего•|моего
ни|ні
вънѧтъ|вънѧтъ
мѧ•|мѧ
аще|аще
бо|бо
бꙑ|бъі
послѹшалъ|послоушалъ
мене•|мене
ни|ні
о|о
чемьже|чемьже
ѹбо|оубо
врагꙑ|врагъі
твоꙗ|твоꙗ
съмѣрилъ|съмѣрілъ
бꙑмь•|бъімь
и|і
на|на
сътѫжаѭщаꙗ|сътѫжаѭщаꙗ
тебе|тебе
въꙁложилъ|възложілъ
бꙑмь|бъімь
рѫкѫ|рѫкѫ
моѭ•|моѭ
сего|сего
ради|раді
отъпѫстихъ|отъпѫстіхъ
тѧ|тѧ
по|по
начинаньемъ|начінаньемъ
срд҃ца|срд҃ца
твоего•|твоего
мꙑ|мъі
же|же
ѹслꙑшимъ|оуслъішімъ
паче|паче
павла|павла
г҃лѫща•|г҃лѫща
слово|слово
бж҃ье|бж҃ье
да|да
въселѧеть|въселѧеть
сѧ|сѧ
въ|въ
вꙑ•|въі
обильнѣ|обільнѣ
в͗сеи|всеі
прм҃дсти|прм҃дсті
ѹчаще•|оучаще
и|і
накаꙁаѭще|наказаѭще
сѧ|сѧ
ѱалъмꙑ|псалъмъі
и|і
пѣньи|пѣньі
и|і
пѣсньми|пѣсньмі
дх҃овьнꙑми•|дх҃овьнъімі
и|і
пакꙑ•|пакъі
къжьдо|къжьдо
васъ|васъ
ѱалъмъ|псалъмъ
имать•|імать
ꙗвленье|ꙗвленье
имать•|імать
все|все
же|же
къ|къ
съꙁданьѭ|създаньѭ
да|да
бꙑваеть•|бъіваеть
тѣмьже|тѣмьже
ѹбо|оубо
въꙁносимъ|възносімъ
жрътвѫ|жрътвѫ
хваленьꙗ|хваленьꙗ
въинѫ|въінѫ
б҃ѹ•|б҃оу
сирѣчь|сірѣчь
плодъ|плодъ
ѹстьнъ|оустьнъ
исповѣдаѭщь|ісповѣдаѭщь
сѧ|сѧ
имени|імені
его•|его
прѣдъставите|прѣдъставіте
дѣлеса|дѣлеса
вашѧ•|вашѧ
жрьтвѹ|жрьтвоу
с҃тѫ|с҃тѫ
ѹгодьно|оугодьно
б҃ѹ•|б҃оу
словесьно|словесьно
слѹженье|слоуженье
ваше•|ваше
рече|рече
же|же
и|і
иꙗковъ•|іꙗковъ
печалѹеть|печалоуеть
ли|лі
к͗то|кто
да|да
мл҃твѫ|мл҃твѫ
дѣеть•|дѣеть
доброд҃шѫеть|доброд҃шѫеть
ли|лі
кто|кто
да|да
поеть•|поеть
нъ|нъ
еже|еже
рѣхомъ|рѣхомъ
ꙗко|ꙗко
по|по
длъгѫ|длъгѫ
истѧꙁаеми|істѧзаемі
есмъ|есмъ
пѣньꙗ•|пѣньꙗ
ꙗко|ꙗко
канона|канона
длъжнѹема•|длъжноуема
тако|тако
длъжьни|длъжьні
есмъ|есмъ
бес|бес
порока|порока
его•|его
и|і
бескврьн͗на|бескврьнна
приносити•|пріносіті
сирѣчь|сірѣчь
беꙁ|без
гнѣва|гнѣва
и|і
помꙑшленьꙗ|помъішленьꙗ
вражьдꙑ•|вражьдъі
нѣсть|нѣсть
бо|бо
красьна|красьна
пѣ҇ⷭ|пѣс
въ|въ
ѹстѣхъ|оустѣхъ
грѣшьника•|грѣшьніка
аще|аще
бо|бо
имаши|імаші
ч͗то|что
на|на
брата|брата
своего•|своего
и|і
не|не
простиши|простіші
его•|его
не|не
бѫдеть|бѫдеть
приꙗто|пріꙗто
никъгдаже|нікъгдаже
моление|моленіе
твое•|твое
и|і
пѣнье|пѣнье
твое•|твое
и|і
милостꙑни|мілостъіні
твоꙗ•|твоꙗ
и|і
прочаа|прочаа
ꙗже|ꙗже
мниши|мніші
творѧ|творѧ
добра•|добра
ѹслꙑшиши|оуслъішіші
отъ|отъ
сп҃са•|сп҃са
иди|іді
прьвѣ|прьвѣ
съмири|съмірі
сѧ|сѧ
съ|съ
братомь|братомь
твоимь•|твоімь
и|і
тъгда|тъгда
пришьдъ|прішьдъ
приноси|пріносі
даръ|даръ
свои•|своі
бѫди|бѫді
въ|въ
пѣньи|пѣньі
своемь|своемь
беꙁълобенъ•|безълобенъ
и|і
кротокъ|кротокъ
ꙗко|ꙗко
отроци|отроці
ѥвреисции•|евреісціі
иже|іже
сърѣтоша|сърѣтоша
г҃а|г҃а
съ|съ
вѣтвьми|вѣтвьмі
и|і
съ|съ
цвѣтьци•|цвѣтьці
и|і
варимъ|варімъ
гл҃ще|гл҃ще
осан͗на|осанна
въ|въ
вꙑшьниихъ|въішьнііхъ
бл҃нъ|бл҃нъ
грѧдꙑи|грѧдъіі
въ|въ
имѧ|імѧ
г҃не|г҃не
емѹже|емоуже
слава|слава
въ|въ
вѣкꙑ|вѣкъі
вѣком|вѣком
АМИН|амін
р҃ꙅ|р҃з
О|о
МОЛИТВѢ|молітвѣ
Ѥже|еже
прилежати|прілежаті
непрѣстаннѣи|непрѣстаннѣі
молитвѣ•|молітвѣ
потрѣбьно|потрѣбьно
и|і
польꙁьно|пользьно
намъ|намъ
есть•|есть
просимъ|просімъ
ѹбо|оубо
ѹ|оу
б҃а|б҃а
и|і
о҃ца|о҃ца
г҃а|г҃а
нашего|нашего
і҃с|і҃с
х҃а•|х҃а
дати|даті
намъ|намъ
раꙁѹмъ|разоумъ
дх҃овьнъ•|дх҃овьнъ
ꙗко|ꙗко
трѣꙁвовати•|трѣзвоваті
и|і
бъдѣти•|бъдѣті
просити|просіті
ѹ|оу
него|него
воли|волі
его|его
бꙑти|бъіті
въ|въ
насъ•|насъ
сего|сего
бо|бо
самъ|самъ
б҃ъ|б҃ъ
и|і
сп҃съ|сп҃съ
нашь•|нашь
о҃чь|о҃чь
свѣтъ|свѣтъ
сꙑ|съі
истин͗нъи•|істіннъі
иже|іже
просвѣщаеть|просвѣщаеть
вьсего|вьсего
чл҃ка|чл҃ка
въ|въ
в͗сь|всь
миръ|міръ
прїходѧща•|пріходѧща
повелѣ|повелѣ
намъ|намъ
просити•|просіті
егда|егда
ѹбо|оубо
приꙁꙑваемъ•|прізъіваемъ
ст҃ѫѭ|ст҃ѫѭ
и|і
единосѫщьнѹѭ|едіносѫщьноуѭ
троицѫ•|троіцѫ
прѣчистами|прѣчістамі
мл҃бми•|мл҃бмі
беꙁмѫтьномь|безмѫтьномь
же|же
ѹмомь•|оумомь
и|і
къ|къ
бж҃иѭмѹ|бж҃іѭмоу
присъвъкѹплениѭ|прісъвъкоупленіѭ
ключениемь•|ключеніемь
тъгда|тъгда
и|і
мꙑ|мъі
сами|самі
придемъ•|прідемъ
и|і
въсприемлемъ|въспріемлемъ
вседѣтельнꙑꙗ|вседѣтельнъіꙗ
дарꙑ•|даръі
о|о
неи|неі
ѹтвьжденꙑꙗ•|оутвьжденъіꙗ
млт҃ва|млт҃ва
вꙑшьши|въішьші
есть|есть
всѣхъ|всѣхъ
добрꙑнь•|добръінь
чиста|чіста
сѫщи|сѫщі
и|і
б҃ꙁѣ|б҃зѣ
приближаѭщи|прібліжаѭщі
мольба|мольба
бо|бо
есть|есть
кротость|кротость
и|і
беꙁгнѣвьꙗ|безгнѣвьꙗ
проꙁѧблъ•|прозѧблъ
м҃лтва|м҃лтва
есть|есть
радость•|радость
и|і
благодарьꙗ|благодарьꙗ
прѣдълогъ•|прѣдълогъ
цѣленье|цѣленье
же|же
печали•|печалі
и|і
грѫщеньѭ•|грѫщеньѭ
трѣбѣ|трѣбѣ
ѹбо|оубо
есть|есть
поставити|поставіті
ѹмъ|оумъ
въ|въ
врѣмѧ|врѣмѧ
млт҃вьное•|млт҃вьное
глѹха|глоуха
и|і
нѣма•|нѣма
и|і
можеть|можеть
мольбꙑ|мольбъі
обѣщати•|обѣщаті
млт҃ва|млт҃ва
бо|бо
бесѣда|бесѣда
есть|есть
ѹмъ|оумъ
къ|къ
б҃ѹ•|б҃оу
такого|такого
ѹбо|оубо
трѣбѹеть|трѣбоуеть
ѹмъ|оумъ
ѹстроеньꙗ•|оустроеньꙗ
да|да
въꙁможете|възможете
бесѣдовати|бесѣдоваті
къ|къ
б҃ѹ•|б҃оу
ниединомѹ|ніедіномоу
же|же
ꙁапинаѭще|запінаѭще
страньнꙑхъ|страньнъіхъ
помꙑслъ•|помъіслъ
съ|съ
плачемь|плачемь
и|і
дх҃омь|дх҃омь
сѫщиꙗ|сѫщіꙗ
мольба•|мольба
пищѧ|піщѧ
ѹмѹ|оумоу
есть•|есть
ꙗкоже|ꙗкоже
хлѣбъ|хлѣбъ
тѣлѹ•|тѣлоу
блж҃нъ|блж҃нъ
ѹбо|оубо
есть|есть
ѹмъ•|оумъ
иже|іже
въ|въ
врѣмѧ|врѣмѧ
молитвьное•|молітвьное
бе-съмѧтеньꙗ|бесъмѧтеньꙗ
къ|къ
б҃ѹ|б҃оу
бесѣдѹеть•|бесѣдоуеть
таковъи|таковъі
ѹбо|оубо
ꙗко|ꙗко
п͗тищь|птіщь
ор͗лъ•|орлъ
на|на
вꙑсотѹ|въісотоу
въꙁемлеть|въземлеть
сѧ•|сѧ
и|і
всь|всь
иꙁмѣненъ|ізмѣненъ
бж҃ьеѭ|бж҃ьеѭ
иꙁмѣноѭ|ізмѣноѭ
свѣтовидьнъ|свѣтовідьнъ
бꙑваеть•|бъіваеть
и|і
егда|егда
на|на
мл҃твѣ|мл҃твѣ
стоимъ•|стоімъ
не|не
молимъ|молімъ
сѧ|сѧ
нашеи|нашеі
воли|волі
бꙑти:|бъіті
ꙗкоже|ꙗкоже
и|і
ѹченьемь•|оученьемь
да|да
бѫдеть|бѫдеть
волѧ|волѧ
твоꙗ|твоꙗ
о|о
мнѣ|мнѣ
и|і
о|о
в͗сеи|всеі
вещи•|вещі
нъ|нъ
тако|тако
просимъ|просімъ
ѹ|оу
него•|него
ꙗко|ꙗко
того|того
да|да
бѫдеть|бѫдеть
волѧ•|волѧ
хощеть|хощеть
бо|бо
благѹмѹ|благоумоу
и|і
польꙁьнѹмѹ|пользьноумоу
д҃ши•|д҃ші
мꙑ|мъі
же|же
не|не
в͗сѧко|всѧко
сего|сего
просимъ•|просімъ
и|і
се|се
же|же
ѹкарѧѭще|оукарѧѭще
сѧ•|сѧ
и|і
съ|съ
м͗ногꙑмъ|многъімъ
плачемь•|плачемь
ꙗко|ꙗко
како|како
нечисти|нечісті
сѫще•|сѫще
съмѣемъ|съмѣемъ
г҃ю|г҃ю
саваѡтѹ|саваотоу
прѣдъстоꙗти•|прѣдъстоꙗті
хотѧи|хотѧі
ѹбо|оубо
чистѣ|чістѣ
помолити|помоліті
сѧ•|сѧ
прьвѣе|прьвѣе
ꙁа|за
поспѣшье|поспѣшье
сльꙁъ|сльзъ
да|да
помолить|помоліть
сѧ•|сѧ
да|да
плачемь|плачемь
ѹкротить•|оукротіть
сверѣпѹѭ|сверѣпоуѭ
д҃шѫ|д҃шѫ
и|і
ѹлѹчить|оулоучіть
чистое|чістое
моленье•|моленье
прилеж͗наа|прілежнаа
бо|бо
и|і
частаа|частаа
млт҃ва•|млт҃ва
бесѣдованьимь|бесѣдованьімь
же|же
къ|къ
б҃ѹ•|б҃оу
отъ|отъ
мирьнꙑхъ|мірьнъіхъ
ѹбо|оубо
мꙑсльи|мъісльі
въсхащаеть|въсхащаеть
ѹмъ•|оумъ
б҃ѹ|б҃оу
же|же
и|і
прѣдъставлѧеть•|прѣдъставлѧеть
приближениемь|прібліженіемь
еже|еже
къ|къ
б҃ѹ•|б҃оу
говѣньꙗ|говѣньꙗ
же|же
и|і
тихости|тіхості
наплънѧеть•|наплънѧеть
бе-съмѣрена|бесъмѣрена
же|же
мѫдрьꙗ•|мѫдрьꙗ
нѣсть|нѣсть
б҃лгоприꙗтьнѣ|б҃лгопріꙗтьнѣ
бꙑти|бъіті
мл҃твѣ•|мл҃твѣ
приꙁьрѣ|прізьрѣ
бо|бо
на|на
съмѣренъихъ|съмѣренъіхъ
мл҃твѹ•|мл҃твоу
и|і
не|не
ѹничьжи|оунічьжі
моленьꙗ|моленьꙗ
ихъ•|іхъ
тѣмьже|тѣмьже
ѹбо|оубо
хотѧи|хотѧі
свое|свое
ср҃дце|ср҃дце
очистити•|очістіті
памѧтиѭ|памѧтіѭ
гн҃еѭ•|гн҃еѭ
въинѫ|въінѫ
да|да
раждиꙁаеть•|раждізаеть
се|се
тъчьѭ|тъчьѭ
поѹченье|пооученье
непрѣстанно|непрѣстанно
дѣло|дѣло
имѣꙗ•|імѣꙗ
не|не
овогда|овогда
молити|моліті
сѧ•|сѧ
овогда|овогда
же|же
ни•|ні
хотѧщиимъ|хотѧщіімъ
своѭ|своѭ
гнилость|гнілость
отъложити•|отъложіті
нъ|нъ
присно|прісно
мл҃твѣ|мл҃твѣ
прилежати•|прілежаті
въ|въ
съблюденье|съблюденье
ѹма•|оума
аще|аще
и|і
нѣк͗де|нѣкде
въ|въ
млт҃вьнъи|млт҃вьнъі
храмъ|храмъ
събираемъ|събіраемъ
сѧ•|сѧ
ꙗкоже|ꙗкоже
бо|бо
и|і
хотѧи|хотѧі
ѹчистити|оучістіті
ꙁлато•|злато
аще|аще
и|і
въ|въ
малѣ|малѣ
ослабить|ослабіть
огню|огню
въ|въ
грънꙑли•|грънъілі
то|то
жестотѹ|жестотоу
пакꙑ|пакъі
чистимѣи|чістімѣі
вещи|вещі
створить•|створіть
тако|тако
иже|іже
ово|ово
ли|лі
помѣнѧи|помѣнѧі
б҃а•|б҃а
ово|ово
ли|лі
же|же
ни•|ні
и|і
еже|еже
мьнить|мьніть
сѧ|сѧ
сътѧжавъ|сътѧжавъ
мл҃твѫ•|мл҃твѫ
се|се
пакꙑ|пакъі
раꙁгѫблѧеть|разгѫблѧеть
слабостьѭ•|слабостьѭ
и|і
ꙗкоже|ꙗкоже
осѧжема|осѧжема
творить|творіть
желѣꙁа•|желѣза
огньное|огньное
съвъкѫпленье•|съвъкѫпленье
тако|тако
и|і
частꙑꙗ|частъіꙗ
мольбꙑ•|мольбъі
крѣпъча|крѣпъча
и|і
приготоваѭть|пріготоваѭть
ѹмъ•|оумъ
на|на
вражьѭ|вражьѭ
брань•|брань
и|і
ꙗкоже|ꙗкоже
желѣꙁо|желѣзо
раждиꙁаемо|раждізаемо
прѣобраꙁѹеть|прѣобразоуеть
сѧ|сѧ
на|на
огньнꙑи|огньнъіі
блѣскъ•|блѣскъ
тако|тако
и|і
ѹмъ|оумъ
освѣщаеть|освѣщаеть
сѧ|сѧ
отъ|отъ
ꙁарѧ|зарѧ
благодѣтьна|благодѣтьна
огнѧ•|огнѧ
егоже|егоже
приде|пріде
с҃псъ|с҃псъ
въꙁвѣщь|възвѣщь
на|на
ꙁемлѫ•|землѫ
и|і
сего|сего
ради|раді
хотѧи|хотѧі
нꙑ|нъі
спс҃ти|спс҃ті
г҃ь•|г҃ь
часто|часто
намъ|намъ
о|о
немь|немь
бесѣдѫеть•|бесѣдѫеть
и|і
обраꙁъ|образъ
намъ|намъ
бꙑваꙗ|бъіваꙗ
обнищаваше|обніщаваше
въ|въ
мл҃твѣ|мл҃твѣ
бж҃ии•|бж҃іі
покаꙁа|показа
намъ|намъ
иꙁѧщьнѫ|ізѧщьнѫ
польꙁѫ•|пользѫ
и|і
много|много
къ|къ
б҃ѹ|б҃оу
ближение•|бліженіе
прилежьноѭ|прілежьноѭ
молитвоѭ•|молітвоѭ
трѣбѣ|трѣбѣ
ѹбо|оубо
есть|есть
прьвѣе|прьвѣе
просити•|просіті
приꙗти|пріꙗті
даръ|даръ
молитвꙑ•|молітвъі
ꙗкоже|ꙗкоже
речено•|речено
отъ|отъ
даѭщаго|даѭщаго
м҃лтвѫ|м҃лтвѫ
молѧщѫмѹ|молѧщѫмоу
сѧ•|сѧ
что|что
бо|бо
помолимъ|помолімъ
сѧ|сѧ
ꙗкоже|ꙗкоже
подобаеть•|подобаеть
не|не
вѣмъ•|вѣмъ
нъ|нъ
самъ|самъ
д҃хъ|д҃хъ
рече|рече
проповѣдаеть|проповѣдаеть
о|о
насъ•|насъ
и|і
приимъше|пріімъше
створимъ|створімъ
повелѣное|повелѣное
намъ|намъ
ꙁаконодавьцемь|законодавьцемь
б҃мь•|б҃мь
рече|рече
бо|бо
моси•|мосі
аще|аще
обѣщаеши|обѣщаеші
обѣтъ|обѣтъ
г҃ѫ|г҃ѫ
б҃ѫ|б҃ѫ
своемѹ•|своемоу
да|да
не|не
ꙁамѫдиши|замѫдіші
въꙁдати|въздаті
и•|і
ꙗко|ꙗко
въꙁишта|възіща
въꙁищеть|възіщеть
его|его
отъ|отъ
тебе|тебе
г҃ь|г҃ь
б҃ъ|б҃ъ
твои•|твоі
и|і
бѫдеть|бѫдеть
ти|ті
грѣхъ•|грѣхъ
исподѧща|ісподѧща
ѹстьнама|оустьнама
своима|своіма
съхрани•|съхрані
и|і
пакꙑ•|пакъі
чл҃къ|чл҃къ
иже|іже
обѣщаеть|обѣщаеть
сѧ|сѧ
г҃ю|г҃ю
и|і
ѹречеть|оуречеть
ѹрокъ•|оурокъ
да|да
не|не
оскврьнить|оскврьніть
г҃ла|г҃ла
своего•|своего
в͗се|все
ѹбо|оубо
елико|еліко
иꙁидеть|ізідеть
иꙁ|із
ѹстъ|оустъ
твоихъ|твоіхъ
створи•|створі
ꙗкоже|ꙗкоже
иефтае•|іефтае
г҃ла|г҃ла
бо|бо
дъщери|дъщері
своеи•|своеі
аꙁъ|азъ
отврѣсъ|отврѣсъ
ѹста|оуста
своꙗ|своꙗ
ѡ|о
тебе|тебе
и|і
не|не
могѫ|могѫ
въꙁвратити•|възвратіті
и|і
съврьши|съврьші
жрътвѫ|жрътвѫ
своѭ|своѭ
къ|къ
г҃и•|г҃і
и|і
дрѹгъи•|дроугъі
не|не
ꙁавлъви|завлъві
сѧ|сѧ
въꙁдати|въздаті
мл҃твꙑ|мл҃твъі
въ|въ
врѣмѧ•|врѣмѧ
и|і
не|не
жиди|жіді
до|до
съмрьти|съмрьті
оправьдати|оправьдаті
сѧ•|сѧ
прѣжде|прѣжде
даже|даже
не|не
помолиши|помоліші
сѧ•|сѧ
ѹготовиши|оуготовіші
сѧ•|сѧ
и|і
не|не
бѫди|бѫді
ꙗко|ꙗко
и|і
чл҃къ|чл҃къ
искѹшаꙗ|іскоушаꙗ
г҃а•|г҃а
помѧни|помѧні
гнѣвъ|гнѣвъ
въ|въ
дьнь|дьнь
съконьчаньꙗ|съконьчаньꙗ
си|сі
и|і
подвигни|подвігні
сѧ|сѧ
на|на
молитвѫ•|молітвѫ
ꙁане|зане
молитвъ-исправлѧѭщиихъ|молітвъісправлѧѭщііхъ
приꙗтꙑ|пріꙗтъі
г҃мь•|г҃мь
и|і
мл҃твꙑ|мл҃твъі
правьдьнъи|правьдьнъі
послѹшаеть|послоушаеть
г҃ь•|г҃ь
и|і
д҃вдъ•|д҃вдъ
обѣщаите|обѣщаіте
сѧ|сѧ
и|і
въꙁдадите|въздадіте
г҃ю|г҃ю
б҃ѹ|б҃оу
нашемѹ•|нашемоу
и|і
пакꙑ•|пакъі
пожьри|пожьрі
б҃ѹ|б҃оу
жрътвѫ|жрътвѫ
хвалѹ•|хвалоу
и|і
въꙁдаждь|въздаждь
вꙑшьнѫмѹ|въішьнѫмоу
обѣтꙑ|обѣтъі
твоꙗ•|твоꙗ
и|і
аꙁъ|азъ
въꙁдамь|въздамь
обѣтꙑ|обѣтъі
своꙗ|своꙗ
г҃ю|г҃ю
прѣдъ|прѣдъ
вьсѣми|вьсѣмі
людьми|людьмі
его•|его
рече|рече
же|же
и|і
павлъ•|павлъ
тъщаньемь|тъщаньемь
не|не
лѣностиви•|лѣностіві
дх҃омь|дх҃омь
горѫще•|горѫще
г҃ѫ|г҃ѫ
работаѭще•|работаѭще
въ|въ
мл҃твахъ|мл҃твахъ
прѣтрьпаѭще•|прѣтрьпаѭще
и|і
пакꙑ•|пакъі
в͗сеѭ|всеѭ
мл҃твоѭ|мл҃твоѭ
и|і
молениемь|моленіемь
молѧще|молѧще
сѧ•|сѧ
въ|въ
в͗сѧ|всѧ
врѣмена|врѣмена
д҃хмь•|д҃хмь
и|і
в͗се|все
исто|істо
бъдѧще|бъдѧще
въ|въ
в͗семь|всемь
трьпѣньи•|трьпѣньі
м҃лтвѣ•|м҃лтвѣ
и|і
пакꙑ•|пакъі
хощѫ|хощѫ
ѹбо|оубо
да|да
молитвѫ|молітвѫ
творѧть|творѧть
мѫжи|мѫжі
на|на
в͗сѣхъ|всѣхъ
мѣстѣхъ•|мѣстѣхъ
въꙁдѣѭще|въздѣѭще
прпⷣбнꙑ|прпдбнъі
рѫкꙑ|рѫкъі
беꙁ|без
гнѣва|гнѣва
и|і
помꙑшленьи•|помъішленьі
и|і
въ|въ
дѣаньихъ•|дѣаньіхъ
ꙗко|ꙗко
бѣахѫ|бѣахѫ
трьпѧще|трьпѧще
въ|въ
ѹченьи|оученьі
ап҃лсцѣ|ап҃лсцѣ
и|і
въ|въ
обьщеньи•|обьщеньі
и|і
въ|въ
прѣломленьи|прѣломленьі
хлѣба|хлѣба
и|і
въ|въ
мл҃твахъ•|мл҃твахъ
и|і
пакꙑ•|пакъі
мꙑ|мъі
же|же
въ|въ
мл҃твѣ|мл҃твѣ
и|і
въ|въ
слѹжьбѣ|слоужьбѣ
слова|слова
да|да
прѣбꙑваем͗•|прѣбъіваем
и|і
прм҃дсть•|прм҃дсть
ꙗкоже|ꙗкоже
обѣща|обѣща
рече|рече
молитвѫ|молітвѫ
г҃ѫ•|г҃ѫ
не|не
ѹкъсни|оукъсні
въꙁдати|въздаті
еꙗ•|еꙗ
ꙁане|зане
елико|еліко
обѣща|обѣща
въꙁдаси•|въздасі
добрѣе|добрѣе
не|не
обѣщати•|обѣщаті
нежели|нежелі
обѣщати|обѣщаті
и|і
не|не
въꙁдати:|въздаті
ненавидѧи|ненавідѧі
же|же
неправьдꙑ|неправьдъі
иѡвъ•|іовъ
неправьдьна|неправьдьна
г҃ла|г҃ла
ничьсоже|нічьсоже
бѣ|бѣ
въ|въ
рѫкѹ|рѫкоу
моеѭ•|моеѭ
молитва|молітва
же|же
моꙗ|моꙗ
чиста•|чіста
и|і
петръ•|петръ
истрѣꙁвите|істрѣзвіте
сѧ|сѧ
на|на
мл҃твѫ•|мл҃твѫ
и|і
противите|протівіте
сѧ|сѧ
диꙗволѹ•|діꙗволоу
г҃ь|г҃ь
же•|же
сего|сего
ради|раді
г҃лѫ|г҃лѫ
вамъ•|вамъ
все|все
елико|еліко
аще|аще
молѧще|молѧще
сѧ|сѧ
просите•|просіте
вѣрѫите|вѣрѫіте
ꙗко|ꙗко
приемлете•|пріемлете
и|і
бѹдеть|боудеть
вамъ|вамъ
и|і
сѫщѫмѹ|сѫщѫмоу
на|на
мѣстѣ|мѣстѣ
етерѣ|етерѣ
молѧщѫ|молѧщѫ
сѧ•|сѧ
ꙗко|ꙗко
прѣста•|прѣста
рече|рече
етеръ|етеръ
отъ|отъ
ѹченикъ|оученікъ
его•|его
г҃и|г҃і
наѹчи|наоучі
нꙑ|нъі
молити|моліті
сѧ•|сѧ
и|і
рече•|рече
егда|егда
молите|моліте
сѧ|сѧ
гл҃те•|гл҃те
оч҃е|оч҃е
нашь|нашь
иже|іже
еси|есі
на|на
небесехъ•|небесехъ
да|да
ст҃ить|ст҃іть
сѧ|сѧ
имѧ|імѧ
твое•|твое
и|і
прочаа•|прочаа
и|і
потомь|потомь
просите|просіте
и|і
дасть|дасть
сѧ|сѧ
вамъ•|вамъ
ищѣте|іщѣте
и|і
обрѧщете•|обрѧщете
тлъцѣте|тлъцѣте
и|і
отъврьꙁеть|отъврьзеть
сѧ|сѧ
вамъ•|вамъ
и|і
приричеть•|прірічеть
аще|аще
ѹбо|оубо
вꙑ|въі
ꙁъли|зълі
сѫще|сѫще
ѹмѣете|оумѣете
дааньꙗ|дааньꙗ
блага|блага
даати|дааті
чадомъ|чадомъ
вашимъ•|вашімъ
кольми|кольмі
паче|паче
о҃ць|о҃ць
нб҃се|нб҃се
дасть|дасть
д҃хъ|д҃хъ
ст҃ъи|ст҃ъі
просѧщиимъ|просѧщіімъ
его•|его
и|і
велѧ|велѧ
нꙑ|нъі
м͗ноголюбьнъи|многолюбьнъі
г҃ь•|г҃ь
таинꙑмь|таінъімь
дѣланьемь•|дѣланьемь
мл҃твѫ|мл҃твѫ
б҃ѹ|б҃оу
приносити•|пріносіті
гл҃еть•|гл҃еть
егда|егда
молиши|моліші
сѧ|сѧ
въниди|въніді
въ|въ
храмъ|храмъ
твои•|твоі
и|і
ꙁатворь|затворь
двьри|двьрі
своꙗ•|своꙗ
помоли|помолі
сѧ|сѧ
г҃ю|г҃ю
своемѹ|своемоу
въ|въ
таинѣ•|таінѣ
и|і
о҃ць|о҃ць
твои|твоі
видѧ|відѧ
тѧ|тѧ
въ|въ
таинѣ•|таінѣ
въꙁдасть|въздасть
тебѣ|тебѣ
ꙗвѣ•|ꙗвѣ
томѹ|томоу
милосрьдѹмѹ|мілосрьдоумоу
о҃цѫ|о҃цѫ
нашемѹ|нашемоу
слава|слава
въ|въ
вѣк|вѣк
вѣком|вѣком
АМИН|амін
р҃ꙁ|р҃з
Ꙍ|о
ОУМИЛЕН|оумілен
҇ꙵИ|і
ОУмиленье|оуміленье
раждаеть|раждаеть
плачь|плачь
и|і
сльꙁꙑ•|сльзъі
трѹдомь|троудомь
же|же
приходить•|пріходіть
аще|аще
многомь|многомь
непопеченьемь•|непопеченьемь
и|і
въспоминаньемь•|въспомінаньемь
страшнаго|страшнаго
сѫда•|сѫда
и|і
въꙁдааньемь|въздааньемь
еже|еже
съгрѣшихомъ•|съгрѣшіхомъ
словомь|словомь
и|і
дѣломь|дѣломь
и|і
мꙑсльѭ•|мъісльѭ
и|і
стѫда|стѫда
оного|оного
на|на
страшнѣмь|страшнѣмь
сѫдищи•|сѫдіщі
прѣдъ|прѣдъ
ан҃глы|ан҃глъі
и|і
чл҃кꙑ|чл҃къі
всѣми•|всѣмі
и|і
нб҃снъими|нб҃снъімі
силами•|сіламі
и|і
егда|егда
наꙁи|назі
и|і
одрьти|одрьті
в͗си|всі
станемъ•|станемъ
егда|егда
къжьдо|къжьдо
насъ|насъ
прѣдъстанеть|прѣдъстанеть
ꙁа|за
сѧ|сѧ
отъвѣщаваꙗ•|отъвѣщаваꙗ
егда|егда
никтоже|ніктоже
никомѹже|нікомоуже
не|не
помагаеть•|помагаеть
егда|егда
ꙗвѧть|ꙗвѧть
сѧ|сѧ
нашѧ•|нашѧ
ихъже|іхъже
никтоже|ніктоже
насъ|насъ
не|не
вѣсть•|вѣсть
нъ|нъ
тъчьѭ|тъчьѭ
съвѣсть|съвѣсть
нашѧ•|нашѧ
паче|паче
же|же
м͗ножаишихъ•|множаішіхъ
ни|ні
ср҃дце|ср҃дце
съвѣсть•|съвѣсть
нъ|нъ
тъчьѭ|тъчьѭ
испꙑтаꙗ|іспъітаꙗ
и|і
ср҃дца|ср҃дца
и|і
истеса|істеса
б҃ъ•|б҃ъ
егда|егда
огнь|огнь
прѣдьидеть•|прѣдьідеть
и|і
попалить|попаліть
ок҃рстъ|ок҃рстъ
врагꙑ|врагъі
его•|его
егда|егда
осѫждаѭть|осѫждаѭть
сѧ|сѧ
ови|ові
въ|въ
тьмѫ|тьмѫ
вънѣшьнѫѭ•|вънѣшьнѫѭ
ѹготованѫѭ|оуготованѫѭ
диꙗволѹ|діꙗволоу
и|і
ан҃глмъ|ан҃глмъ
его•|его
ови|ові
въ|въ
огнь|огнь
вѣчнъи•|вѣчнъі
дрѫꙁии|дрѫзіі
посълани|посълані
бѫдѫть|бѫдѫть
въ|въ
неѹсꙑпаѭщии|неоусъіпаѭщіі
чрьвъ•|чрьвъ
и|і
ини|іні
гроꙁѣ|грозѣ
прѣдадѧть|прѣдадѧть
сѧ•|сѧ
и|і
что|что
подобаеть|подобаеть
в͗сѧ|всѧ
по|по
тьнъкѹ|тьнъкоу
повѣдати•|повѣдаті
и|і
ѹнꙑнье|оунъінье
творити|творіті
послѹшателемъ•|послоушателемъ
си|сі
ѹбо|оубо
подобнаа|подобнаа
помꙑшлѧѭще|помъішлѧѭще
любии•|любіі
придѣмъ|прідѣмъ
ѹмиление•|оуміленіе
и|і
прѣстанѣмъ|прѣстанѣмъ
отъ|отъ
ꙁълꙑхъ|зълъіхъ
нашихъ|нашіхъ
дѣаньи•|дѣаньі
и|і
плачимъ|плачімъ
сѧ|сѧ
дьнь|дьнь
и|і
нощь|нощь
прѣдь|прѣдь
г҃мь|г҃мь
створьшимь|створьшімь
нꙑ•|нъі
идеже|ідеже
бо|бо
сльꙁꙑ•|сльзъі
тѹ|тоу
моленье|моленье
бж҃ье•|бж҃ье
блѹдьница|блоудьніца
ꙁа|за
сльꙁꙑ|сльзъі
теплꙑꙗ|теплъіꙗ
единого|едіного
часа•|часа
м͗ногъ|многъ
длъговъ|длъговъ
оставленье|оставленье
приꙗ•|пріꙗ
сльꙁꙑ|сльзъі
бо|бо
м҃лтвѹ|м҃лтвоу
прѣдъ|прѣдъ
г҃мь|г҃мь
поставлѧѭть•|поставлѧѭть
и|і
бл҃гоприꙗтьнѹ|бл҃гопріꙗтьноу
творѧть•|творѧть
петръ|петръ
ꙁа|за
единъ|едінъ
часъ|часъ
горько|горько
сльжь•|сльжь
не|не
тъчьѭ|тъчьѭ
прощенъ|прощенъ
бꙑсть•|бъість
грѣхѹ|грѣхоу
отъврьженьꙗ•|отъврьженьꙗ
нъ|нъ
и|і
ключа|ключа
цр҃ства|цр҃ства
приꙗтъ•|пріꙗтъ
еꙁекии|езекіі
ц҃рѫ|ц҃рѫ
ꙁа|за
малꙑꙗ|малъіꙗ
сльꙁꙑ•|сльзъі
е҃іте|е҃іте
лѣтъ|лѣтъ
житъи|жітъі
приложи|пріложі
сѧ•|сѧ
каплѧ|каплѧ
сльꙁьнꙑꙗ|сльзьнъіꙗ
ꙗко|ꙗко
медъ|медъ
сѫть|сѫть
сладѹѭща|сладоуѭща
въ|въ
ср҃ци•|ср҃ці
и|і
кадило|каділо
благоприꙗт͗но|благопріꙗтно
отъ|отъ
б҃а•|б҃а
трѣбѣ|трѣбѣ
ѹбо|оубо
прѣжде|прѣжде
в͗сего|всего
прошеньꙗ•|прошеньꙗ
исправленьꙗ|ісправленьꙗ
просити|просіті
сльꙁами•|сльзамі
ꙁѣло|зѣло
бо|бо
радѹеть|радоуеть
сѧ|сѧ
вл҃ка|вл҃ка
нашь|нашь
приемлѧ|пріемлѧ
мл҃твѹ|мл҃твоу
сльꙁьнѫ•|сльзьнѫ
съмѣреномь|съмѣреномь
ср҃цемь•|ср҃цемь
никакоже|нікакоже
величащемъ|велічащемъ
сѧ•|сѧ
ꙗко|ꙗко
надъ|надъ
многъими|многъімі
сѫщемъ|сѫщемъ
намъ•|намъ
да|да
не|не
паче|паче
раꙁгнѣваемъ|разгнѣваемъ
давъшѧ|давъшѧ
благодѣть•|благодѣть
мноꙁи|мнозі
бо|бо
сльꙁѧще|сльзѧще
ꙁа|за
грѣхꙑ•|грѣхъі
ꙁабꙑвъше|забъівъше
дарование|дарованіе
сльꙁъ•|сльзъ
неистови|неістові
бꙑвъше|бъівъше
ѹстранишѧ|оустранішѧ
сѧ•|сѧ
аще|аще
ли|лі
к͗то|кто
съврьшьно|съврьшьно
ѹмиленье|оуміленье
имать•|імать
то|то
чюеть|чоуеть
сѧ|сѧ
отъ|отъ
хлѣба|хлѣба
живот͗наго|жівотнаго
пищѫ|піщѫ
приемлѧ•|пріемлѧ
лѹчьшѧго|лоучьшѧго
страха•|страха
пищѫ|піщѫ
желаньꙗ|желаньꙗ
нб҃снго•|нб҃снго
и|і
въꙁдꙑханье|въздъіханье
и|і
ѹтѣшение•|оутѣшеніе
и|і
ѹмиленье|оуміленье
пиваньꙗ•|піваньꙗ
и|і
раꙁѫма|разѫма
глѫбочаишѧ•|глѫбочаішѧ
ї|і
бж҃ьи|бж҃ьі
етеръ|етеръ
таинъ•|таінъ
ѹмиление|оуміленіе
сльꙁов͗нꙑ|сльзовнъі
етерꙑ|етеръі
и|і
тихꙑ|тіхъі
мꙑсли•|мъіслі
ср҃це|ср҃це
приготоваеть|пріготоваеть
носити•|носіті
ѹдѹже|оудоуже
по|по
истинѣ|істінѣ
вѣдѣти|вѣдѣті
есть|есть
сѣмена•|сѣмена
млт҃вьнаа•|млт҃вьнаа
съ|съ
сльꙁами|сльзамі
въ|въ
ꙁемли|землі
срч҃нѣи|срч҃нѣі
сѣема•|сѣема
ѹпъваньꙗ|оупъваньꙗ
ради|раді
жатвьнꙑꙗ|жатвьнъіꙗ
радости•|радості
еже|еже
съ|съ
ѹмиленьемь|оуміленьемь
и|і
млт҃воѭ|млт҃воѭ
поѹченье|пооученье
раждаеть|раждаеть
бж҃ье•|бж҃ье
и|і
страхъ|страхъ
въ|въ
насъ•|насъ
рече|рече
бо|бо
ꙁаконъ•|законъ
сѣдѧ|сѣдѧ
дома|дома
и|і
ходѧ|ходѧ
пѫтьмь|пѫтьмь
и|і
лѣжа|лѣжа
и|і
въстаꙗ•|въстаꙗ
бѫди|бѫді
неподвижимъ•|неподвіжімъ
и|і
прѣдъ|прѣдъ
очима|очіма
твоима|твоіма
да|да
навꙑкнеши|навъікнеші
боꙗти|боꙗті
сѧ|сѧ
г҃а|г҃а
б҃а|б҃а
твоего•|твоего
гл҃еть|гл҃еть
же|же
и|і
иѡвъ•|іовъ
доиде|доіде
ми|мі
моление|моленіе
къ|къ
г҃ю•|г҃ю
прѣмо|прѣмо
же|же
емѹ|емоу
каплете|каплете
ми|мі
очи•|очі
и|і
анна|анна
тѫжааше|тѫжааше
въ|въ
силомѣ|сіломѣ
и|і
плакааше•|плакааше
и|і
помоли|помолі
сѧ|сѧ
къ|къ
г҃ю|г҃ю
гл҃щи•|гл҃щі
аще|аще
приꙁьрѧ|прізьрѧ
приꙁьриши|прізьріші
на|на
съмѣрение|съмѣреніе
мое•|мое
и|і
даси|дасі
ми|мі
сѣмѧ|сѣмѧ
мѫжа•|мѫжа
и|і
послѹша|послоуша
еꙗ|еꙗ
г҃ь•|г҃ь
и|і
дасть|дасть
еи|еі
прр҃ка|прр҃ка
самѹилѧ•|самоуілѧ
и|і
дрѹгаа|дроугаа
акимлѧа•|акімлѧа
плачѫщи|плачѫщі
сѧ|сѧ
и|і
просѧщи•|просѧщі
въ|въ
садѹ|садоу
своемь|своемь
о|о
чадѣ•|чадѣ
приꙗтъ|пріꙗтъ
ст҃ѫѭ|ст҃ѫѭ
дѣвѫ|дѣвѫ
мариѭ•|маріѭ
рождьшѫѭ|рождьшѫѭ
по|по
плъти|плъті
г҃а|г҃а
б҃а|б҃а
и|і
сп҃са|сп҃са
нашего|нашего
і҃у|і҃у
х҃а•|х҃а
и|і
давꙑдъ•|давъідъ
ѹслꙑши|оуслъіші
мл҃твѫ|мл҃твѫ
моѭ•|моѭ
и|і
моление|моленіе
мое|мое
вънѫши•|вънѫші
сльꙁъ|сльзъ
моихъ|моіхъ
не|не
прѣмлъчи•|прѣмлъчі
и|і
ѹслꙑшанъ|оуслъішанъ
бꙑвъ|бъівъ
рече•|рече
милостивъ|мілостівъ
г҃ь|г҃ь
и|і
правьдьнъ•|правьдьнъ
ꙗко|ꙗко
съмѣрихъ|съмѣріхъ
сѧ|сѧ
и|і
сп҃се|сп҃се
мѧ•|мѧ
и|і
иꙁѧ|ізѧ
д҃шѫ|д҃шѫ
моѭ|моѭ
отъ|отъ
съмрьти•|съмрьті
и|і
очи|очі
мои|моі
отъ|отъ
сльꙁъ•|сльзъ
и|і
ноꙁѣ|нозѣ
мои|моі
отъ|отъ
въспоплъꙁениꙗ•|въспоплъзеніꙗ
сѣѭщеи|сѣѭщеі
бо|бо
сльꙁами|сльзамі
въ|въ
радость|радость
пожьнѫть•|пожьнѫть
тѣмьже|тѣмьже
ѹгождѫ|оугождѫ
прѣдъ|прѣдъ
г҃мь|г҃мь
въ|въ
странѣ|странѣ
живѫщиихъ•|жівѫщііхъ
и|і
еже|еже
ходѧще|ходѧще
хождахѫ|хождахѫ
и|і
плакахѫ|плакахѫ
сѧ•|сѧ
мьнѫ|мьнѫ
ꙗко|ꙗко
о|о
нашемь|нашемь
плѣнении|плѣненіі
гл҃еть•|гл҃еть
прѣжде|прѣжде
бо|бо
наѱанаа|напсанаа
въ|въ
насъ|насъ
сотъкнѫшѧ|сотъкнѫшѧ
сѧ•|сѧ
да|да
и|і
мꙑ|мъі
ѹбо|оубо
длъжьни|длъжьні
есмъ•|есмъ
и|і
ꙁа|за
сѧ|сѧ
и|і
ꙁа|за
онꙑ|онъі
горько|горько
плакати|плакаті
сѧ•|сѧ
прьвое|прьвое
еже|еже
ꙁа|за
жьженье|жьженье
ст҃аго|ст҃аго
града|града
ием҃а•|іем҃а
и|і
ꙁа|за
прѣнесение|прѣнесеніе
ст҃аго|ст҃аго
крс҃та|крс҃та
х҃а|х҃а
б҃а|б҃а
нашего|нашего
въ|въ
перьсидѹ•|перьсідоу
и|і
ꙁа|за
погꙑбъшаꙗ|погъібъшаꙗ
въ|въ
толикꙑхъ|толікъіхъ
бранехъ•|бранехъ
ꙗко|ꙗко
сътѣлесьни|сътѣлесьні
намъ|намъ
сѫть|сѫть
и|і
единовѣрьни•|едіновѣрьні
ꙗкоже|ꙗкоже
и|і
пр҃ркъ|пр҃ркъ
иоиль|іоіль
въпиеть•|въпіеть
рꙑдаите|ръідаіте
гл҃ѧ|гл҃ѧ
чистителе•|чістітеле
слѹжащеи|слоужащеі
олтарю•|олтарю
ꙗко|ꙗко
пострада|пострада
вьсѧ|вьсѧ
ꙁемлѧ•|землѧ
плачите|плачіте
ст҃теле|ст҃теле
слѹжѧщеи|слоужѧщеі
г҃ю|г҃ю
и|і
рьцѣте•|рьцѣте
пощѧди|пощѧді
г҃и|г҃і
люди|люді
своꙗ•|своꙗ
и|і
не|не
даждь|даждь
достоꙗниꙗ|достоꙗніꙗ
своего|своего
въ|въ
поношение|поношеніе
обладати|обладаті
имь|імь
ꙗꙁ҃комъ•|ꙗз҃комъ
да|да
не|не
рекѹть|рекоуть
къде|къде
есть|есть
б҃ъ|б҃ъ
ихъ•|іхъ
въ|въ
насъ|насъ
есть|есть
еже|еже
ѹмолити|оумоліті
неꙁълобиваго|незълобіваго
г҃а•|г҃а
ꙗкоже|ꙗкоже
и|і
пр҃къ|пр҃къ
софониꙗ|софоніꙗ
ѹчить|оучіть
г҃лѧ•|г҃лѧ
прѣдъложилъ|прѣдъложілъ
ти|ті
е|е
огнь|огнь
и|і
водѹ•|водоу
на|на
неже|неже
хощеши|хощеші
прострьреши|прострьреші
си|сі
рѫкѹ•|рѫкоу
прѣдъ|прѣдъ
чл҃комь|чл҃комь
бо|бо
животъ|жівотъ
и|і
съмрьть•|съмрьть
и|і
еже|еже
аще|аще
иꙁволить|ізволіть
дасть|дасть
сѧ|сѧ
емѹ•|емоу
съгрѣшаѭщаго|съгрѣшаѭщаго
въ|въ
дш҃ѫ|дш҃ѫ
своѭ•|своѭ
кто|кто
оправьдить•|оправьдіть
аще|аще
не|не
теплꙑ|теплъі
сльꙁꙑ|сльзъі
съ|съ
ѹмиленьимь•|оуміленьімь
жадаеть|жадаеть
бо|бо
присно|прісно
сп҃сениꙗ|сп҃сеніꙗ
нашего|нашего
благꙑ|благъі
и|і
м҃лсрдъи|м҃лсрдъі
владꙑка•|владъіка
ꙗко|ꙗко
послѹхѹеть|послоухоуеть
ап҃лъ|ап҃лъ
г҃лѧ•|г҃лѧ
иже|іже
всѧ|всѧ
чл҃кꙑ|чл҃къі
хощеть|хощеть
сп҃сти•|сп҃сті
и|і
въ|въ
раꙁѹмъ|разоумъ
истиньнъи|істіньнъі
прити•|пріті
ѱано|псано
же|же
есть|есть
и|і
въ|въ
еванъгельи|еванъгельі
еже|еже
ѿ|от
лѹ҇ⷦ•|лоук
и|і
се|се
жена|жена
въ|въ
градѣ•|градѣ
ꙗже|ꙗже
бѣ|бѣ
грѣш͗ница•|грѣшніца
и|і
ѹвѣдѣвъши|оувѣдѣвъші
ꙗко|ꙗко
въꙁлежить|възлежіть
г҃ь|г҃ь
въ|въ
храминѣ|храмінѣ
фарисеѡвѣ•|фарісеовѣ
принесъши|прінесъші
алавастръ|алавастръ
мура•|мура
и|і
ставъши|ставъші
ꙁади|заді
при|прі
ногѫ|ногѫ
его•|его
плачющи|плачоущі
начатъ|начатъ
мочити|мочіті
ноꙁѣ|нозѣ
его|его
сльꙁами|сльзамі
и|і
власꙑ|власъі
главꙑ|главъі
своеꙗ|своеꙗ
отирати•|отіраті
и|і
облобꙑꙁаше|облобъізаше
ноꙁѣ|нозѣ
его|его
и|і
маꙁаше|мазаше
муромь•|муромь
и|і
слꙑша|слъіша
отъ|отъ
сп҃са•|сп҃са
оставлѧѭть|оставлѧѭть
ти|ті
сѧ|сѧ
грѣси•|грѣсі
томѹ|томоу
сп҃сѹ|сп҃соу
нашемѹ|нашемоу
слава•|слава
оставлѧѭщѹмѹ|оставлѧѭщоумоу
грѣхꙑ|грѣхъі
чловѣчѧ•|чловѣчѧ
сьде|сьде
и|і
въ|въ
бѫдѹщии|бѫдоущіі
вѣкъ|вѣкъ
АМИН|амін
р҃и|р҃і
О|о
ЧЬСТИ|чьсті
РОДИтель|родітель
Ѥже|еже
чисти|чісті
родивъшѧꙗ|родівъшѧꙗ
нꙑ•|нъі
и|і
въꙁдааниемь|въздааніемь
въꙁдати|въздаті
длъжьни|длъжьні
есмъ•|есмъ
отъ|отъ
естьствьнаго|естьствьнаго
послѣдованьꙗ•|послѣдованьꙗ
и|і
отъ|отъ
бж҃ьꙗго|бж҃ьꙗго
ѹꙁаконеньꙗ•|оузаконеньꙗ
прьвое|прьвое
ѹбо|оубо
ꙁане|зане
чѫвьствьнъии|чѫвьствьнъіі
сь|сь
свѣтъ|свѣтъ
тѣми|тѣмі
ѹꙁьрѣхомъ•|оузьрѣхомъ
потомь|потомь
же|же
и|і
раꙁѹм͗нъи•|разоумнъі
сирѣчь|сірѣчь
еже|еже
въ|въ
г҃а|г҃а
нашего|нашего
і҇ⷭу|ісу
х҃а•|х҃а
кр҃щениемь|кр҃щеніемь
раꙁѹмѣние•|разоумѣніе
и|і
ꙁа|за
естествьнѫѭ|естествьнѫѭ
ихъ|іхъ
любъве|любъве
и|і
трѹдъ•|троудъ
егоже|егоже
прѣтрьпѣваꙗ|прѣтрьпѣваꙗ
о|о
въскръмлении|въскръмленіі
ихъ•|іхъ
и|і
печаль|печаль
ѭже|ѭже
имѫть|імѫть
д҃нь|д҃нь
и|і
нощь|нощь
ихъ|іхъ
ради•|раді
еда|еда
ч͗то|что
невольемь|невольемь
ѹтък͗неть|оутъкнеть
сѧ|сѧ
ихъ•|іхъ
и|і
дѣлаѭще|дѣлаѭще
и|і
трѹждаѭще|троуждаѭще
сѧ•|сѧ
ѡ|о
одежди|одежді
и|і
кръмѣ|кръмѣ
их͑•|іх
и|і
сънискати|съніскаті
имъ|імъ
о|о
ѹмрьтвьи•|оумрьтвьі
каꙗ|каꙗ
ѹбо|оубо
достоинаа|достоінаа
въꙁдааниꙗ|въздааніꙗ
ꙁа|за
си|сі
в͗сѧ•|всѧ
въꙁдати|въздаті
можемъ|можемъ
имъ•|імъ
тѣм͗же|тѣмже
ѹбо|оубо
в͗сегда|всегда
потъщимъ|потъщімъ
сѧ•|сѧ
ꙗже|ꙗже
на|на
чьсть|чьсть
и|і
на|на
слѹженье•|слоуженье
и|і
покои|покоі
имъ|імъ
съдѣвати•|съдѣваті
паче|паче
же|же
въ|въ
старость|старость
ихъ•|іхъ
да|да
въ|въ
видѣньи|відѣньі
чадъ|чадъ
своихъ|своіхъ
породѧть|породѧть
сѧ•|сѧ
ꙗко|ꙗко
и|і
иꙗковъ|іꙗковъ
ѹꙁьрѣвъ|оузьрѣвъ
иѡсифа•|іосіфа
бѫдѣмъ|бѫдѣмъ
рьтници|рьтніці
понѣ|понѣ
птицамъ|птіцамъ
рекомъимъ|рекомъімъ
епопси•|епопсі
они|оні
бо|бо
егда|егда
видѧть|відѧть
родителѧ|родітелѧ
ихъ|іхъ
състарѣвъшѧ|състарѣвъшѧ
сѧ•|сѧ
и|і
осльпъшѧ•|осльпъшѧ
то|то
оскѫбѫть|оскѫбѫть
крилѣ|крілѣ
родителемъ•|родітелемъ
и|і
оближѫть|обліжѫть
очи|очі
их͗•|іх
и|і
грѣѭть|грѣѭть
подъ|подъ
своими|своімі
крилꙑ|крілъі
гнѣꙁдо|гнѣздо
сътворьше•|сътворьше
и|і
ѭни|ѭні
бѫдѹть•|бѫдоуть
родителе|родітеле
ихъ•|іхъ
гл҃ще|гл҃ще
родителемъ|родітелемъ
своимъ•|своімъ
ꙗко|ꙗко
и|і
вꙑ|въі
дрѣвле|дрѣвле
створисте|створісте
намъ•|намъ
и|і
трѹдисте|троудісте
сѧ|сѧ
дѣлаѭще|дѣлаѭще
и|і
кръмѧще•|кръмѧще
и|і
мꙑ|мъі
такожде|такожде
вамъ|вамъ
створихомъ•|створіхомъ
тако|тако
и|і
мꙑ|мъі
словесьни|словесьні
сѫще•|сѫще
не|не
ꙁѣло|зѣло
ли|лі
паче|паче
въꙁлюбимъ|възлюбімъ
родителѧ|родітелѧ
своꙗ•|своꙗ
да|да
не|не
въꙁдъхнѹть|въздъхноуть
ѹбо|оубо
на|на
нꙑ•|нъі
непольꙁьно|непользьно
бо|бо
намъ|намъ
се|се
паче|паче
и|і
врѣдовьно•|врѣдовьно
и|і
въ|въ
истинѫ•|істінѫ
обрѣтаемъ|обрѣтаемъ
бо|бо
сѧ|сѧ
о҃цедосадителе•|о҃цедосадітеле
и|і
мт҃редосадителе•|мт҃редосадітеле
въ|въ
ꙁаконѣ|законѣ
ѱано|псано
есть•|есть
чьти|чьті
оц҃а|оц҃а
своего|своего
и|і
мтр҃ь|мтр҃ь
своѭ•|своѭ
да|да
благо|благо
тебѣ|тебѣ
бѫдеть•|бѫдеть
и|і
бѫдеши|бѫдеші
длъголѣтьнъ|длъголѣтьнъ
на|на
ꙁемли•|землі
и|і
ꙁълословесѧ|зълословесѧ
оц҃а|оц҃а
и|і
мт҃рь•|мт҃рь
съмрьтью|съмрьтью
да|да
ѹмьреть•|оумьреть
такожде|такожде
и|і
исаиꙗ|ісаіꙗ
гл҃ѧи|гл҃ѧі
оц҃ю|оц҃ю
ч͗то|что
родиши•|родіші
и|і
м҃ти|м҃ті
ч͗то|что
болиши•|боліші
раꙁѹмѣѭ|разоумѣѭ
аꙁъ|азъ
ꙗко|ꙗко
жестокъ|жестокъ
еси•|есі
и|і
жила|жіла
желѣꙁна|желѣзна
вꙑꙗ|въіꙗ
твоꙗ•|твоꙗ
инъ|інъ
же•|же
чьтꙑи|чьтъіі
оц҃а•|оц҃а
въꙁдрадѹеть|въздрадоуеть
сѧ|сѧ
о|о
чадѣхъ•|чадѣхъ
и|і
въ|въ
дн҃ь|дн҃ь
млт҃вꙑ|млт҃въі
своеꙗ|своеꙗ
послѹшанъ|послоушанъ
бѫдеть•|бѫдеть
и|і
пакы•|пакъі
млт҃ва|млт҃ва
оч҃а•|оч҃а
ѹтврьждаеть|оутврьждаеть
домꙑ|домъі
чадъ•|чадъ
клѧтва|клѧтва
же|же
мтр҃нѧ|мтр҃нѧ
искоренѧеть|іскоренѧеть
до|до
основаниꙗ•|основаніꙗ
и|і
павлъ•|павлъ
чада|чада
послѹшаите|послоушаіте
родитель|родітель
вашихъ|вашіхъ
о|о
г҃и•|г҃і
се|се
есть|есть
рече|рече
правьдьно•|правьдьно
чьти|чьті
о҃ца|о҃ца
своего|своего
и|і
мт҃рь|мт҃рь
своѭ•|своѭ
еже|еже
есть|есть
ꙁаповѣдь|заповѣдь
прьваꙗ|прьваꙗ
въ|въ
обѣтованиихъ•|обѣтованііхъ
и|і
пакꙑ•|пакъі
чада|чада
да|да
ѹчать|оучать
сѧ•|сѧ
прѣжде|прѣжде
свои|своі
домъ|домъ
бл҃говѣрьимь|бл҃говѣрьімь
строити•|строіті
и|і
чьсти|чьсті
въꙁдати|въздаті
родителемъ:|родітелемъ
се|се
бо|бо
ѥсть|есть
добро|добро
и|і
приꙗтьно|пріꙗтьно
прѣдъ|прѣдъ
б҃мь:|б҃мь
и|і
притъчьникь:|прітъчьнікь
с҃нъ|с҃нъ
коварьнъ|коварьнъ
послѹшьливъ|послоушьлівъ
о҃цѫ•|о҃цѫ
с҃нъ|с҃нъ
ослѹшьливъ•|ослоушьлівъ
погꙑбѣли|погъібѣлі
бѫдеть•|бѫдеть
и|і
пакꙑ•|пакъі
ꙁълословѧи|зълословѧі
о҃ца|о҃ца
и|і
м҃трь•|м҃трь
ѹгашаеть|оугашаеть
свѣтильникъ|свѣтільнікъ
свои•|своі
и|і
пакꙑ|пакъі
иже|іже
нѫдить|нѫдіть
о҃ца|о҃ца
ли|лі
мт҃рь•|мт҃рь
и|і
м͗нить|мніть
сѧ|сѧ
не|не
съгрѣшѧꙗ•|съгрѣшѧꙗ
сь|сь
причастьникъ|прічастьнікъ
есть|есть
морю|морю
нечьстивѫ•|нечьстівѫ
то|то
же|же
и|і
г҃ь|г҃ь
къ|къ
фарисѣѡмъ•|фарісѣомъ
поч͗то|почто
вꙑ|въі
прѣстѫпаете|прѣстѫпаете
ꙁаповѣдь|заповѣдь
бж҃ьѭ•|бж҃ьѭ
ꙁа|за
прѣдаание|прѣдааніе
ваше•|ваше
б҃ъ|б҃ъ
бо|бо
ꙁаповѣда|заповѣда
г҃лѧ•|г҃лѧ
чьти|чьті
о҃ца|о҃ца
своего|своего
и|і
мт҃рь|мт҃рь
своѭ•|своѭ
и|і
ꙁълословесѹꙗї|зълословесоуꙗі
о҃ца|о҃ца
ли|лі
мт҃рь|мт҃рь
съмрьтьѭ|съмрьтьѭ
да|да
ѹмьреть•|оумьреть
вꙑ|въі
же|же
гл҃ете|гл҃ете
иже|іже
колижьдо|коліжьдо
речеть|речеть
о҃цѫ|о҃цѫ
или|ілі
мтр҃и|мтр҃і
и|і
коварьнъ•|коварьнъ
еже|еже
есть|есть
даръ•|даръ
иже|іже
колижьдо|коліжьдо
отъ|отъ
мене•|мене
и|і
польꙁевалъ|пользевалъ
сѧ|сѧ
еси•|есі
не|не
поч͗теть|почтеть
о҃ца|о҃ца
своего|своего
ни|ні
мт҃ре•|мт҃ре
нъ|нъ
си|сі
ѹбо|оубо
довъльна|довъльна
прѣдъставити•|прѣдъставіті
ꙗко|ꙗко
длъжьни|длъжьні
есмъ•|есмъ
в͗сѫ|всѫ
чьсть|чьсть
отъдаꙗти|отъдаꙗті
родителемъ|родітелемъ
нашимъ•|нашімъ
подобаеть|подобаеть
же|же
и|і
сего|сего
не|не
невѣдѣти•|невѣдѣті
ꙗко|ꙗко
не|не
тъчьѭ|тъчьѭ
плътьнꙑхъ|плътьнъіхъ
родитель•|родітель
сихъ|сіхъ
истѧꙁаеми|істѧзаемі
есмъ•|есмъ
нъ|нъ
и|і
дхв҃нꙑмъ|дхв҃нъімъ
нашимъ|нашімъ
оц҃емъ•|оц҃емъ
длъжьни|длъжьні
есмъ|есмъ
большѫ|большѫ
чьсть•|чьсть
и|і
слѹжьбѫ|слоужьбѫ
творити•|творіті
да|да
блг҃ние|блг҃ніе
бж҃ье|бж҃ье
ихъ|іхъ
ради|раді
наслѣдѹемъ•|наслѣдоуемъ
не|не
хѹжде|хоужде
бо|бо
и|і
ти|ті
трѹждаѭть|троуждаѭть
сѧ|сѧ
насъ|насъ
ради•|раді
паче|паче
и|і
ꙁѣло|зѣло
большьми•|большьмі
понеже|понеже
ѹбо|оубо
они|оні
плътьнѣ|плътьнѣ
и•|і
сьи|сьі
же|же
дхв҃нѣ|дхв҃нѣ
ны|нъі
раждаѭть•|раждаѭть
симъ|сімъ
же|же
в͗сѣмъ|всѣмъ
не|не
тъчьѭ|тъчьѭ
словом͗|словом
нъ|нъ
и|і
дѣломь|дѣломь
г҃ь|г҃ь
нашь|нашь
иꙁѫчаеть|ізѫчаеть
нꙑ•|нъі
бѣ|бѣ
бо|бо
рече|рече
повинѫꙗ|повінѫꙗ
сѧ|сѧ
мт҃ри|мт҃рі
и|і
о҃цѫ|о҃цѫ
его•|его
и|і
на|на
крс҃тѣ|крс҃тѣ
къ|къ
ѹченикѹ•|оученікоу
се|се
м҃ти|м҃ті
твоꙗ•|твоꙗ
и|і
къ|къ
мт҃ри|мт҃рі
се|се
с҃нъ|с҃нъ
твои•|твоі
емѹже|емоуже
слава|слава
въ|въ
вѣкы|вѣкъі
АМИН|амін
р҃ѳ|р҃ѳ
О|о
ТОМЬ|томь
ѤЖЕ|еже
ГОВѢТИ|говѣті
СТАРЦЕМЪ|старцемъ
И|і
еже|еже
говѣти|говѣті
старьцемъ•|старьцемъ
ꙁѣло|зѣло
годѣ|годѣ
есть|есть
б҃ѹ•|б҃оу
и|і
члвк҃мъ|члвк҃мъ
похвально•|похвально
и|і
еже|еже
длъжнѫемѹѭ|длъжнѫемоуѭ
чьсть|чьсть
въꙁдаати|въздааті
старьцемъ•|старьцемъ
такожде|такожде
б҃ѹ|б҃оу
ѹбо|оубо
благоприꙗт͗но•|благопріꙗтно
намь|намь
же|же
ꙁѣло|зѣло
потрѣбно|потрѣбно
и|і
польꙁ͗но•|пользно
аще|аще
бо|бо
и|і
мы|мъі
толикоже|толікоже
лѣтъ|лѣтъ
поживемъ•|пожівемъ
то|то
тожде|тожде
ѹбо|оубо
въꙁдаание|въздааніе
имѣти|імѣті
въч͗немъ•|въчнемъ
аще|аще
ли|лі
беꙁгодномь|безгодномь
въꙁдрастемъ•|въздрастемъ
отидемъ|отідемъ
отъсѫдѹ•|отъсѫдоу
то|то
имамъ|імамъ
г҃а|г҃а
нашего|нашего
мьꙁдовъꙁдателѧ•|мьздовъздателѧ
и|і
тъ|тъ
ѹбо|оубо
имьже|імьже
мьꙁдоподатель|мьздоподатель
есть•|есть
любо|любо
вь|вь
старости|старості
любо|любо
въ|въ
ѭности•|ѭності
рече|рече
бо•|бо
имьже|імьже
обраꙁомь|образомь
сътвориши|сътворіші
бѫдеть|бѫдеть
ти•|ті
прьвꙑи|прьвъіі
ѹбо|оубо
моси|мосі
ꙁаповѣдаеть|заповѣдаеть
гл҃ѧ•|гл҃ѧ
отъ|отъ
лица|ліца
сѣда|сѣда
въстани•|въстані
и|і
почьти|почьті
лице|ліце
старьче•|старьче
иѡвъ|іовъ
же•|же
въ|въ
м͗ноꙁѣ|мнозѣ
лѣтѣ|лѣтѣ
мѫдрость•|мѫдрость
а|а
въ|въ
м͗ноꙁѣ|мнозѣ
житии|жітіі
хѫдожьство•|хѫдожьство
и|і
инъ•|інъ
вѣньць|вѣньць
старьцемъ|старьцемъ
многое|многое
искѫшение•|іскѫшеніе
и|і
похвала|похвала
имъ|імъ
страхъ|страхъ
г҃нь•|г҃нь
и|і
павлъ|павлъ
тимотѹ•|тімотоу
стар͗цѫ|старцѫ
не|не
створи|створі
пакости•|пакості
нъ|нъ
ѹтѣшаи|оутѣшаі
ꙗко|ꙗко
о҃ца•|о҃ца
нъ|нъ
вьсѧко|вьсѧко
речеши|речеші
ми•|мі
подобаеть|подобаеть
старцемъ|старцемъ
трѣꙁвьниимъ|трѣзвьніімъ
бꙑти|бъіті
чистомъ•|чістомъ
съдравѫѭщиимъ|съдравѫѭщіімъ
вѣроѭ|вѣроѭ
и|і
любъвьѭ|любъвьѭ
по|по
ап҃лѹ•|ап҃лоу
старость|старость
бо|бо
чьстьна|чьстьна
есть|есть
не|не
многолѣтьна•|многолѣтьна
ни|ні
числомь|чісломь
лѣтъ|лѣтъ
съчьтет͗|съчьтет
сѧ•|сѧ
сѣдины|сѣдінъі
же|же
сѫть|сѫть
мѫдрость|мѫдрость
чл҃комъ•|чл҃комъ
и|і
лѣто|лѣто
старости•|старості
житье|жітье
бескврьн͗но|бескврьнно
по|по
книгамъ•|кнігамъ
сего|сего
не|не
намъ|намъ
есть|есть
сѫдити•|сѫдіті
нъ|нъ
искѹшаѭщѫмѹ|іскоушаѭщѫмоу
ср҃ца|ср҃ца
нашѧ|нашѧ
б҃ѹ•|б҃оу
намъ|намъ
же|же
есть|есть
въꙁдаати|въздааті
длъгꙑ•|длъгъі
емѹже|емоуже
страхъ•|страхъ
емѹже|емоуже
чьсть•|чьсть
не|не
тъчьѭ|тъчьѭ
бл҃гꙑмъ•|бл҃гъімъ
и|і
смотрьливъимъ•|смотрьлівъімъ
нъ|нъ
и|і
ꙁълꙑимъ•|зълъіімъ
и|і
братолюбиемь|братолюбіемь
въ|въ
себѣ|себѣ
любьꙁни•|любьзні
чьстьѭ|чьстьѭ
дрѹгъ|дроугъ
дрѹга|дроуга
вѧщьшѧ|вѧщьшѧ
творѧ•|творѧ
ѱано|псано
бо|бо
есть•|есть
с҃не|с҃не
аще|аще
мѹдръ|моудръ
бѫдеши•|бѫдеші
себѣ|себѣ
бѫдеши|бѫдеші
мѫдръ•|мѫдръ
и|і
искрьниимъ•|іскрьніімъ
аще|аще
ли|лі
ꙁълъ|зълъ
бѫдеши•|бѫдеші
единъ|едінъ
почрьпеши|почрьпеші
ꙁълаа•|зълаа
такожде|такожде
и|і
петръ•|петръ
юнии|юніі
покорите|покоріте
сѧ|сѧ
старьцемъ•|старьцемъ
вси|всі
же|же
себѣ|себѣ
повинѹѭще|повіноуѭще
сѧ|сѧ
съмѣрение|съмѣреніе
сътѧжите•|сътѧжіте
ꙁане|зане
б҃ъ|б҃ъ
гръдъимъ|гръдъімъ
противить|протівіть
сѧ•|сѧ
съмѣренымъ|съмѣренъімъ
даеть|даеть
благодѣть•|благодѣть
съмѣрите|съмѣріте
сѧ|сѧ
подъ|подъ
крѣпъкоѭ|крѣпъкоѭ
рѫкоѭ|рѫкоѭ
бж҃ьеѭ•|бж҃ьеѭ
да|да
вꙑ|въі
въꙁнесеть|възнесеть
въ|въ
врѣмѧ•|врѣмѧ
лѣпо|лѣпо
ѹбо|оубо
есть|есть
намъ|намъ
крьстьꙗнꙑмъ•|крьстьꙗнъімъ
в͗сѣмъ|всѣмъ
въꙁдаꙗти|въздаꙗті
длъгꙑ•|длъгъі
семѹ|семоу
бо|бо
отъ|отъ
самого|самого
г҃а|г҃а
и|і
б҃а|б҃а
сп҃са|сп҃са
нашего|нашего
іс҃у|іс҃у
х҃а|х҃а
кажеми|кажемі
есмъ•|есмъ
ꙁа|за
неиꙁдреченьное|неіздреченьное
къ|къ
намъ|намъ
сънитье|сънітье
его•|его
не|не
достоинова|достоінова
бо|бо
прити|пріті
къ|къ
иѡанну҇ⷪ|іоаннуо
кр҃ститъ|кр҃стітъ
сѧ|сѧ
отъ|отъ
него•|него
онъ|онъ
же|же
бранѧше|бранѧше
емѹ|емоу
г҃лѧ•|г҃лѧ
аꙁъ|азъ
трѣѭ|трѣѭ
отъ|отъ
тебе|тебе
кр҃стити|кр҃стіті
сѧ•|сѧ
а|а
ли|лі
тꙑ|тъі
грѧдеши|грѧдеші
к͗|к
м͗нѣ•|мнѣ
вл҃ка|вл҃ка
же|же
рабѹ•|рабоу
остани|остані
нꙑнѧ•|нъінѧ
тако|тако
бо|бо
есть|есть
лѣпо|лѣпо
намъ|намъ
съврьшити|съврьшіті
в͗сѫ|всѫ
правьдѹ•|правьдоу
томѹ|томоу
съврьшителю|съврьшітелю
всемѹ|всемоу
добрѹ|доброу
слава|слава
въ|въ
вѣкꙑ|вѣкъі
вѣком|вѣком
АМИН|амін
р҃ї|р҃і
О|о
ДЛЪГОТРЬПѢНИИ|длъготрьпѣніі
И|і
СКОРОгнѣвии|скорогнѣвіі
Вс͗ѧ|всѧ
ѹбо|оубо
добрꙑꙗ|добръіꙗ
дѣтѣли|дѣтѣлі
хвальнꙑ•|хвальнъі
и|і
благоприꙗт͗нꙑ•|благопріꙗтнъі
а|а
трьпѣливъи|трьпѣлівъі
и|і
беꙁгнѣвьливъи•|безгнѣвьлівъі
сь|сь
прѣмѫдръ|прѣмѫдръ
и|і
раꙁѹмивъ•|разоумівъ
неоплаꙁивъ|неоплазівъ
и|і
кротокъ•|кротокъ
таковꙑи|таковъіі
всѫдѹ|всѫдоу
ѹкрашенъ|оукрашенъ
есть•|есть
и|і
отъ|отъ
своего|своего
длъготрьпьꙗ•|длъготрьпьꙗ
ꙁьдание|зьданіе
искрьниимъ|іскрьніімъ
бꙑваеть•|бъіваеть
и|і
обрѣтаеть|обрѣтаеть
сѧ|сѧ
чадо|чадо
длъготрьпѣливаго•|длъготрьпѣліваго
носѧщаго|носѧщаго
присно|прісно
съгрѣшениꙗ|съгрѣшеніꙗ
нашѧ•|нашѧ
бѫдѣте|бѫдѣте
бо|бо
рече|рече
съврьшени|съврьшені
ꙗко|ꙗко
и|і
о҃ць|о҃ць
вашь|вашь
нбс҃нꙑи•|нбс҃нъіі
ꙗкоже|ꙗкоже
бо|бо
источьникъ|істочьнікъ
тихъ|тіхъ
вьсѣмъ|вьсѣмъ
приходѧщиимъ•|пріходѧщіімъ
сладъко|сладъко
питье|пітье
даваеть•|даваеть
тако|тако
трьпѣливъи|трьпѣлівъі
мѫжь•|мѫжь
трьпѣливаго|трьпѣліваго
лице|ліце
и|і
обꙑчаи|объічаі
присно|прісно
съпрѧтано•|съпрѧтано
и|і
очи|очі
его|его
тихо|тіхо
глѧдаета•|глѧдаета
трьпѣвъ|трьпѣвъ
мѫжь|мѫжь
м͗ногъ|многъ
въ|въ
мѫдрости•|мѫдрості
а|а
напраснодш҃нъи|напраснодш҃нъі
крѣпокъ|крѣпокъ
беꙁѫмьль•|безѫмьль
трьпѣливъи|трьпѣлівъі
тихъ•|тіхъ
беꙁмѹтьнъ•|безмоутьнъ
носьливъ|носьлівъ
присно|прісно
обрѣтаеть|обрѣтаеть
сѧ•|сѧ
своихъ|своіхъ
в͗сегда|всегда
смотрѧ•|смотрѧ
а|а
не|не
искрьнѧго|іскрьнѧго
прѣгрѣшеньи|прѣгрѣшеньі
и|і
пекꙑ|пекъі
сѧ|сѧ
како|како
ѹгодити|оугодіті
б҃ѹ•|б҃оу
аще|аще
ли|лі
к͗то|кто
трьпѣли|трьпѣлі
бѫдеть•|бѫдеть
то|то
д҃хъ|д҃хъ
ст҃ъи|ст҃ъі
въселить|въселіть
сѧ|сѧ
въ|въ
нь•|нь
чистъ|чістъ
не|не
омрачаемъ•|омрачаемъ
отъ|отъ
иного|іного
ꙁъла|зъла
дх҃а•|дх҃а
нъ|нъ
въ|въ
пространѣ|пространѣ
живꙑ|жівъі
радѹеть|радоуеть
сѧ|сѧ
съсѫдомь|съсѫдомь
въ|въ
немьже|немьже
живеть•|жіветь
и|і
послѹжить|послоужіть
г҃ю|г҃ю
тихостьѭ|тіхостьѭ
многоѭ•|многоѭ
аще|аще
кое|кое
острогнѣвъе|острогнѣвъе
наидеть•|наідеть
абье|абье
д҃хъ|д҃хъ
ст҃ъи|ст҃ъі
въстѫжитъ•|въстѫжітъ
не|не
имъ|імъ
мѣста|мѣста
чиста•|чіста
и|і
ищеть|іщеть
отъстѫпити•|отъстѫпіті
ꙁане|зане
не|не
имать|імать
мѣста|мѣста
слѹжити|слоужіті
г҃ю•|г҃ю
ꙗкоже|ꙗкоже
хощеть•|хощеть
въ|въ
трьпѣливѣмь|трьпѣлівѣмь
б҃ъ|б҃ъ
живеть•|жіветь
а|а
въ|въ
напраснѣмь|напраснѣмь
диꙗволъ•|діꙗволъ
обѣма|обѣма
же|же
дх҃ома|дх҃ома
въкѹпѣ|въкоупѣ
живѫщема|жівѫщема
нестроино|нестроіно
есть•|есть
и|і
ꙁъло|зъло
чл҃кѹ|чл҃коу
въ|въ
немьже|немьже
живете|жівете
оба|оба
д҃ха•|д҃ха
аще|аще
бо|бо
въꙁьмъ|възьмъ
пелꙑна|пелъіна
мало|мало
въ|въ
съсѫдъ|съсѫдъ
медвьнъ|медвьнъ
вълѣеши•|вълѣеші
то|то
не|не
вьсь|вьсь
ли|лі
медъ|медъ
прокѹдѣеть•|прокоудѣеть
и|і
толико|толіко
меда|меда
отъ|отъ
мала|мала
пелꙑна|пелъіна
погꙑбнеть•|погъібнеть
погѫбить|погѫбіть
бо|бо
сладость|сладость
и|і
горькъ|горькъ
бѫдеть•|бѫдеть
и|і
не|не
имать|імать
хвалꙑ|хвалъі
отъ|отъ
вл҃дкꙑ|вл҃дкъі
своего•|своего
ꙁане|зане
огорьчаеть•|огорьчаеть
видиши|відіші
ли|лі
ꙗко|ꙗко
трьпѣлье•|трьпѣлье
сладъко|сладъко
есть|есть
паче|паче
меда•|меда
и|і
благопотрѣб͗но|благопотрѣбно
г҃ю•|г҃ю
а|а
напрасное|напрасное
горько|горько
и|і
непотрѣб͗но|непотрѣбно
есть•|есть
аще|аще
ѹбо|оубо
съвъкѫпить|съвъкѫпіть
напрасние|напрасніе
и|і
длъготрьпие•|длъготрьпіе
то|то
оскврьнѧеть|оскврьнѧеть
длъгод҃шье•|длъгод҃шье
и|і
не|не
бѫдеть|бѫдеть
потрѣб͗но|потрѣбно
б҃ѹ|б҃оу
моление|моленіе
его•|его
острогнѣвье|острогнѣвье
бо|бо
ꙁъло|зъло
сꙑ|съі
раꙁвращаеть|развращаеть
рабꙑ|рабъі
бж҃ьꙗ|бж҃ьꙗ
тождедѣаньꙗ•|тождедѣаньꙗ
егда|егда
бо|бо
видить|відіть
чл҃кꙑ|чл҃къі
строинꙑ|строінъі
сѫща•|сѫща
вътъкнеть|вътъкнеть
сѧ|сѧ
въ|въ
ср҃дце|ср҃дце
чл҃кѹ•|чл҃коу
и|і
ни|ні
отъ|отъ
чесоже|чесоже
гнѣваеть|гнѣваеть
сѧ|сѧ
житиискъихъ|жітііскъіхъ
ради|раді
вещии•|вещіі
или|ілі
о|о
брашьнѣхъ•|брашьнѣхъ
или|ілі
малословье|малословье
етеро|етеро
въпаде|въпаде
сѫетьно•|сѫетьно
или|ілі
о|о
дааньи|дааньі
и|і
о|о
въꙁѧтьи•|възѧтьі
или|ілі
о|о
таковъихъ|таковъіхъ
вещехъ•|вещехъ
си|сі
бо|бо
всѧ|всѧ
ѭродьна|ѭродьна
сѫть•|сѫть
и|і
тъщетьна|тъщетьна
рабомъ|рабомъ
бж҃ьемъ•|бж҃ьемъ
а|а
трьпѣние|трьпѣніе
велико|веліко
есть|есть
и|і
крѣпъко•|крѣпъко
имѣꙗи|імѣꙗі
силѹ|сілоу
многѫ|многѫ
и|і
обильнѹ•|обільноу
и|і
веселѧ|веселѧ
сѧ|сѧ
и|і
бес|бес
печали|печалі
сꙑ|съі
славить|славіть
б҃а•|б҃а
нич͗соже|нічсоже
в͗|в
себѣ|себѣ
имꙑ|імъі
горька•|горька
кротъко|кротъко
и|і
млъчаливо•|млъчаліво
се|се
ѹбо|оубо
длъготрьпье|длъготрьпье
живеть•|жіветь
съ|съ
имѫщиими•|імѫщіімі
вѣрѹ|вѣроу
в͗сѫ|всѫ
цѣлѹ•|цѣлоу
а|а
напрасние|напрасніе
беꙁѹм͗но|безоумно
есть•|есть
таче|таче
отъ|отъ
беꙁѹмьꙗ|безоумьꙗ
есть|есть
горесть•|горесть
отъ|отъ
ꙗрости|ꙗрості
же|же
горесть|горесть
и|і
гнѣвъ•|гнѣвъ
отъ|отъ
гнѣва|гнѣва
вражьда•|вражьда
с҃тъи|с҃тъі
ѹбо|оубо
д҃хъ•|д҃хъ
ꙗко|ꙗко
мѧкокъ|мѧкокъ
сꙑ•|съі
и|і
не|не
имꙑ|імъі
обꙑчаꙗ|объічаꙗ
съ|съ
жестокъими|жестокъімі
и|і
ꙁълъимь|зълъімь
д҃хмь•|д҃хмь
отидеть|отідеть
отъ|отъ
чловѣка|чловѣка
таковаго•|таковаго
и|і
ищеть|іщеть
въселить|въселіть
сѧ|сѧ
съ|съ
трьпѣливъимь•|трьпѣлівъімь
и|і
бѫдеть|бѫдеть
чл҃къ|чл҃къ
тъщь|тъщь
д҃ха|д҃ха
праведьнаго•|праведьнаго
и|і
в͗сь|всь
осльпаеть|осльпаеть
отъ|отъ
съмꙑсла|съмъісла
благаго•|благаго
рече|рече
же|же
и|і
соломонъ•|соломонъ
лѹче|лоуче
мѹжь|моужь
трьпѣливъ•|трьпѣлівъ
крѣпъка•|крѣпъка
и|і
ꙗкоже|ꙗкоже
искѹшаеть|іскоушаеть
сѧ|сѧ
ꙁлато|злато
и|і
срѣбро|срѣбро
въ|въ
пещи•|пещі
тако|тако
иꙁбьранаа|ізбьранаа
ср҃ца|ср҃ца
искѹшаеть|іскоушаеть
б҃ъ|б҃ъ
по|по
книгамъ•|кнігамъ
и|і
пакꙑ•|пакъі
кротъкодш҃ьнъ|кротъкодш҃ьнъ
мѫжь|мѫжь
погашаеть|погашаеть
сѫдъ•|сѫдъ
и|і
пакꙑ|пакъі
иже|іже
щедить|щедіть
слово•|слово
испѹстити|іспоустіті
жестоко|жестоко
раꙁѹмивъ•|разоумівъ
и|і
пакꙑ|пакъі
чадо•|чадо
аще|аще
пристѫпиши|прістѫпіші
работати|работаті
г҃ю•|г҃ю
ѹготови|оуготові
дш҃ѫ|дш҃ѫ
своѭ|своѭ
въ|въ
напасть•|напасть
ѹправи|оуправі
ср҃це|ср҃це
свое|свое
и|і
сътрьпи•|сътрьпі
в͗се|все
же|же
аще|аще
наведеть|наведеть
на|на
тѧ|тѧ
приими|пріімі
даръ•|даръ
и|і
въ|въ
иꙁмѣненꙑхъ•|ізмѣненъіхъ
мѣрениꙗ|мѣреніꙗ
твоего|твоего
длъготрьпи•|длъготрьпі
вѣрѹи|вѣроуі
емѹ|емоу
и|і
подъимѹть|подъімоуть
тѧ•|тѧ
и|і
мꙑ|мъі
ѹбо|оубо
братье|братье
длъготрьпиимъ|длъготрьпіімъ
поимъ|поімъ
съ|съ
двд҃омь•|двд҃омь
искѹси|іскоусі
мѧ|мѧ
и|і
ѹвѣждь|оувѣждь
ср҃це|ср҃це
мое•|мое
испꙑтаи|іспъітаі
мѧ|мѧ
и|і
поꙁнаи|познаі
стьꙁѧ|стьзѧ
моꙗ•|моꙗ
и|і
ѹвѣждь|оувѣждь
аще|аще
пѫть|пѫть
беꙁаконеньꙗ|безаконеньꙗ
въ|въ
м͗нѣ|мнѣ
есть•|есть
и|і
настави|наставі
мѧ|мѧ
на|на
пѫть|пѫть
вѣчьнъи•|вѣчьнъі
ꙗко|ꙗко
аꙁъ|азъ
въ|въ
неꙁълобьи|незълобьі
моемь|моемь
ходихъ•|ходіхъ
иꙁбави|ізбаві
мѧ|мѧ
г҃и|г҃і
и|і
помилѹи|помілоуі
мѧ•|мѧ
и|і
мѧ|мѧ
же|же
ꙁа|за
неꙁлобѫ|незлобѫ
моѭ|моѭ
приꙗтъ•|пріꙗтъ
и|і
ѹтврьди|оутврьді
мѧ|мѧ
прѣдъ|прѣдъ
собоѭ|собоѭ
въ|въ
вѣкъ•|вѣкъ
гл҃еть|гл҃еть
же|же
и|і
соломонъ•|соломонъ
трьпѣливъ|трьпѣлівъ
мѫжь|мѫжь
мѫдръ•|мѫдръ
и|і
несъмꙑсльнѫ|несъмъісльнѫ
въпрошьшѫ|въпрошьшѫ
прмдр҃сти•|прмдр҃сті
прм҇ⷣсть|прмдсть
емѹ|емоу
въмѣнить|въмѣніть
сѧ•|сѧ
сѣтована|сѣтована
же|же
и|і
глѹха|глоуха
к͗то|кто
себе|себе
сътворь•|сътворь
непьщѫеть|непьщѫеть
прѣмѫдръ|прѣмѫдръ
бꙑти•|бъіті
и|і
пакꙑ•|пакъі
милостивъ|мілостівъ
мѫжь|мѫжь
длъготрьпить•|длъготрьпіть
и|і
иꙗковъ•|іꙗковъ
потрьпите|потрьпіте
братье•|братье
до|до
пришиствьꙗ|прішіствьꙗ
г҃нѧ•|г҃нѧ
се|се
дѣлатель|дѣлатель
жидеть•|жідеть
драгаго|драгаго
плода|плода
ꙁемлѧ|землѧ
трьпѧ|трьпѧ
о|о
немь•|немь
дон͗деже|дондеже
прииметь|прііметь
дъждь|дъждь
ранъ|ранъ
и|і
поꙁдьнъ•|поздьнъ
потрьпите|потрьпіте
и|і
вꙑ|въі
притъчѧ|прітъчѧ
приимѣте•|пріімѣте
ꙁълострастьꙗ|зълострастьꙗ
и|і
трьпѣньꙗ|трьпѣньꙗ
пр҃кꙑ•|пр҃къі
и|і
въ|въ
еванъгелии|еванъгеліі
п͗сано|псано
есть•|есть
видѣвъша|відѣвъша
же|же
рече|рече
ѹченика•|оученіка
иꙗковъ|іꙗковъ
и|і
їѡанъ|іоанъ
ꙗко|ꙗко
не|не
приꙗшѧ|пріꙗшѧ
ихъ|іхъ
самарѧне•|самарѧне
рѣста|рѣста
г҃ю•|г҃ю
хощеши|хощеші
ли|лі
да|да
речевѣ|речевѣ
огнѫ|огнѫ
съ|съ
нб҃се|нб҃се
и|і
погѹби|погоубі
ꙗ•|ꙗ
ꙗкоже|ꙗкоже
и|і
илиꙗ|іліꙗ
створи•|створі
обращь|обращь
же|же
сѧ|сѧ
іс҃ъ•|іс҃ъ
ꙁапрѣти|запрѣті
има|іма
и|і
рече•|рече
не|не
вѣста|вѣста
коего|коего
д҃ха|д҃ха
еста•|еста
с҃нъ|с҃нъ
бо|бо
чл҇ⷡчь|члвчь
нѣсть|нѣсть
пришьлъ|прішьлъ
д҃шь|д҃шь
чл҃чь|чл҃чь
погѹби|погоубі
нъ|нъ
спс҃тъ•|спс҃тъ
емѹже|емоуже
слава|слава
въ|въ
вѣкꙑ|вѣкъі
вѣкомъ|вѣкомъ
АМИН|амін
рі҃а|рі҃а
Ꙍ|о
ИГОУМЕНѢхъ:|ігоуменѣхъ
Рѣшѧ|рѣшѧ
книгꙑ•|кнігъі
ꙗже|ꙗже
начатъ|начатъ
іс҃ъ|іс҃ъ
творити|творіті
же|же
и|і
ѹчити•|оучіті
прьвѣе|прьвѣе
сътвори|сътворі
ти|ті
тако|тако
наѹчи•|наоучі
такожде|такожде
и|і
самъ|самъ
ꙁаповѣдаеть|заповѣдаеть
г҃лѧ•|г҃лѧ
иже|іже
створить|створіть
и|і
наѹчить•|наоучіть
съ|съ
великъ|велікъ
наречеть|наречеть
сѧ|сѧ
въ|въ
црс҃твьи|црс҃твьі
небесьнѣмъ•|небесьнѣмъ
приемлѧи|пріемлѧі
отъ|отъ
г҃а|г҃а
дѹшѧ•|доушѧ
многа|многа
подвига|подвіга
трѣбѹеть•|трѣбоуеть
о|о
обладаемꙑхъ|обладаемъіхъ
ꙗко|ꙗко
вѣдꙑ|вѣдъі
иде|іде
ꙁа|за
нѧ•|нѧ
подъиметь|подъіметь
бѣдѹ|бѣдоу
и|і
отъвѣтъ•|отъвѣтъ
не|не
хѹжде|хоужде
своего•|своего
емѹже|емоуже
бо|бо
и|і
дашѧ•|дашѧ
многа|многа
лишьша|лішьша
въспросѧть|въспросѧть
отъ|отъ
него•|него
длъжьнъ|длъжьнъ
ѹбо|оубо
есть|есть
пастꙑрь|пастъірь
в͗сь|всь
ѹмомь|оумомь
и|і
окомь|окомь
бꙑти•|бъіті
да|да
ни|ні
едино|едіно
порѹченъихъ|пороученъіхъ
емѹ|емоу
питѣньи|пітѣньі
не|не
приꙗто|пріꙗто
бѫдеть|бѫдеть
ꙁа|за
лѣность•|лѣность
или|ілі
лишаиво|лішаіво
отъ|отъ
помꙑшленьи•|помъішленьі
или|ілі
краставо|краставо
съложениемь|съложеніемь
ихъ•|іхъ
или|ілі
хромо|хромо
неподобномь|неподобномь
стѹпаниемь•|стоупаніемь
или|ілі
кръно|кръно
ослѹшаниемь•|ослоушаніемь
или|ілі
слѣпо|слѣпо
ꙁъломь|зъломь
въꙁорокомь•|възорокомь
ꙗкоже|ꙗкоже
ѹбо|оубо
рѣхъ•|рѣхъ
вѣдꙑ|вѣдъі
ꙗко|ꙗко
слово|слово
ꙁа|за
нѧ|нѧ
прииметь•|прііметь
вельми|вельмі
длъжьнъ|длъжьнъ
есть|есть
бъдѣти|бъдѣті
о|о
стадѣ|стадѣ
своемь•|своемь
ꙗко|ꙗко
хꙑтръ|хъітръ
врачь•|врачь
подобно|подобно
есть|есть
комѹжьдо|комоужьдо
ихъ|іхъ
прилежьно|прілежьно
творити•|творіті
вѣгодъи|вѣгодъі
ѹбо|оубо
игѹменъ•|ігоуменъ
не|не
оставить|оставіть
ꙗꙁвьнѹ|ꙗзвьноу
быти|бъіті
ѹченикѹ•|оученікоу
ꙗꙁвьна|ꙗзвьна
же|же
бꙑвъша|бъівъша
исцѣлить|ісцѣліть
скоро•|скоро
тꙑ|тъі
ѹбо|оубо
игѹменъ|ігоуменъ
въорѫжи|въорѫжі
прохраньливъими|прохраньлівъімі
словесꙑ|словесъі
своꙗ|своꙗ
ѹченикꙑ•|оученікъі
и|і
въбрьни•|въбрьні
обѣщаниемь|обѣщаніемь
бѫдѹщиихъ|бѫдоущііхъ
благъ•|благъ
огради|ограді
щитомь|щітомь
вѣрꙑ|вѣръі
истин͗нꙑ•|істіннъі
и|і
съврьши|съврьші
ѹпъваниемь|оупъваніемь
еже|еже
въ|въ
х҃а•|х҃а
обножи|обножі
ноꙁѣ|нозѣ
еван͗гельскъими|евангельскъімі
ѹченьи•|оученьі
и|і
прѣпоꙗши|прѣпоꙗші
чрѣсла|чрѣсла
цѣломѫдрьꙗ|цѣломѫдрьꙗ
словесꙑ•|словесъі
даждь|даждь
мечь|мечь
въ|въ
рѫкѫ|рѫкѫ
на|на
страсти•|страсті
ꙗрость|ꙗрость
острѫ•|острѫ
и|і
противи|протіві
сѧ|сѧ
плъкѹ|плъкоу
страстьи•|страстьі
и|і
сластьи•|сластьі
не|не
двигни|двігні
гнѣва|гнѣва
на|на
съгрѣшьша|съгрѣшьша
ѹченика•|оученіка
нѣсть|нѣсть
бо|бо
подобьно|подобьно
ѹꙗꙁвити•|оуꙗзвіті
прѣжде|прѣжде
иꙁлѣченьꙗ|ізлѣченьꙗ
дрѹжьнѧ•|дроужьнѧ
нъ|нъ
бе-ꙁълобꙑ|безълобъі
исправлѧи|ісправлѧі
таиное•|таіное
ибо|ібо
и|і
врачь|врачь
лѣкѹеть•|лѣкоуеть
ѹврѣдь|оуврѣдь
не|не
недогодѹеть|недогодоуеть
же|же
неволеѭ|неволеѭ
въ|въ
ꙗꙁѫ|ꙗзѫ
въпадъшаго•|въпадъшаго
ꙗкоже|ꙗкоже
ѹбо|оубо
врачь|врачь
рѣжа|рѣжа
беꙁ|без
гнѣва|гнѣва
се|се
творить•|творіть
тако|тако
и|і
ѹчитель|оучітель
обличаꙗ•|облічаꙗ
не|не
примѣшаꙗ|прімѣшаꙗ
къ|къ
обличениѭ|обліченіѭ
гнѣва•|гнѣва
ни|ні
пакꙑ|пакъі
ꙁа|за
прѣкословесѧщѧꙗ|прѣкословесѧщѧꙗ
прѣмлъча|прѣмлъча
подобнаго•|подобнаго
да|да
не|не
единого|едіного
врѣдь|врѣдь
на|на
многꙑꙗ|многъіꙗ
въꙁидеть•|възідеть
ни|ні
подобаеть|подобаеть
длъготрьпѣти•|длъготрьпѣті
ни|ні
искати|іскаті
своеꙗ|своеꙗ
польꙁѧ•|пользѧ
нъ|нъ
м͗ногъихъ|многъіхъ
да|да
спс҃ть|спс҃ть
сѧ•|сѧ
ни|ні
пакꙑ|пакъі
приимати|прііматі
въ|въ
повинованьи|повінованьі
твоемь|твоемь
сѫщаго|сѫщаго
гл҃щѧ•|гл҃щѧ
даждь|даждь
ми|мі
власть|власть
етеро|етеро
врѣмѧ|врѣмѧ
къ|къ
добрѣ|добрѣ
дѣтѣли•|дѣтѣлі
сьѭ|сьѭ
или|ілі
сьѭ|сьѭ
вещь|вещь
искѹсити•|іскоусіті
ти|ті
тако|тако
искѹсити•|іскоусіті
еже|еже
бо|бо
тако|тако
гл҃еть|гл҃еть
ꙗвѣ•|ꙗвѣ
ꙗко|ꙗко
своѭ|своѭ
съврьшаеть|съврьшаеть
волѹ•|волоу
и|і
обѣтьи|обѣтьі
повинованиꙗ|повінованіꙗ
ѿмещеть•|отмещеть
трѣбѣ|трѣбѣ
же|же
и|і
сего|сего
чаꙗти|чаꙗті
въ|въ
трьпѣньи•|трьпѣньі
питѣꙗи|пітѣꙗі
бо|бо
спѣш͗нѣ•|спѣшнѣ
повиновавъшѧꙗ|повіновавъшѧꙗ
сѧ|сѧ
словесемъ|словесемъ
бж҃ьемъ•|бж҃ьемъ
да|да
ѹготовить|оуготовіть
плещи|плещі
свои|своі
на|на
ранꙑ|ранъі
мꙑсльнꙑꙗ•|мъісльнъіꙗ
и|і
в͗сѧ|всѧ
напасти|напасті
да|да
подъиметь|подъіметь
добле•|добле
бꙑваеть|бъіваеть
бо|бо
ꙗко|ꙗко
ѹчитель•|оучітель
въ|въ
бечьстье|бечьстье
въпадаеть|въпадаеть
сѧ•|сѧ
мꙑ|мъі
бо|бо
рече|рече
бе-чьсти•|бечьсті
и|і
пакости|пакості
приемлемъ•|пріемлемъ
стрѣкателъмь•|стрѣкателъмь
вꙑ|въі
же|же
крѣп͗ци|крѣпці
и|і
славьни|славьні
бꙑсте•|бъісте
подобаеть|подобаеть
ѹбо|оубо
бж҃ьѭ|бж҃ьѭ
чл҃кѹ|чл҃коу
на|на
в͗се|все
дѣло|дѣло
благо|благо
и|і
слово•|слово
приготовленѫ|пріготовленѫ
бꙑти|бъіті
и|і
ѹкрашенѫ•|оукрашенѫ
и|і
бл҃гообраꙁьнѣ•|бл҃гообразьнѣ
и|і
по|по
чинѫ|чінѫ
в͗се|все
творити•|творіті
на|на
обраꙁъ|образъ
своихъ|своіхъ
мьньшинъ•|мьньшінъ
игѹменъ|ігоуменъ
отъ|отъ
дѣловьнаго|дѣловьнаго
начальꙗ•|начальꙗ
наричеть|нарічеть
сѧ|сѧ
игѹменъ•|ігоуменъ
имѧ|імѧ
бо|бо
просто|просто
не|не
въводить|въводіть
въ|въ
црс҃тво|црс҃тво
небс҃ное•|небс҃ное
ни|ні
слово|слово
беꙁдѣльно•|бездѣльно
польꙁѹеть|пользоуеть
слꙑшащѫмѹ•|слъішащѫмоу
нъ|нъ
дѣание|дѣаніе
сильно•|сільно
истин͗на|істінна
пастѹха•|пастоуха
ѹчителѧ|оучітелѧ
ѹкаꙁѹеть•|оуказоуеть
створьи|створьі
бо|бо
единѫ|едінѫ
отъ|отъ
ꙁаповѣдь|заповѣдь
и|і
наѹчивъ•|наоучівъ
сь|сь
великъ|велікъ
наречеть|наречеть
сѧ|сѧ
въ|въ
црс҃твии|црс҃твіі
нбс҃нѣмь•|нбс҃нѣмь
и|і
раꙁарѧꙗи|разарѧꙗі
беꙁдѣльимь|бездѣльімь
ꙁаповѣдь•|заповѣдь
и|і
ѹчѧ|оучѧ
беспод͗нъимь|бесподнъімь
словесемь•|словесемь
малъ|малъ
наречеть|наречеть
сѧ•|сѧ
паче|паче
же|же
и|і
напа|напа
бѣгѹнива|бѣгоуніва
приеметь|пріеметь
сѫдъ•|сѫдъ
влъкѹ|влъкоу
расхꙑщаѭщѫ|расхъіщаѭщѫ
стадо|стадо
его|его
и|і
распѫждаѭщѹ•|распѫждаѭщоу
трѣбѣ|трѣбѣ
ѹбо|оубо
емѹ|емоу
есть|есть
въ|въ
в͗семь|всемь
благорасѫдивѫ|благорасѫдівѫ
бꙑти•|бъіті
и|і
повелѣвати|повелѣваті
же|же
кротъцѣ|кротъцѣ
не|не
нѹждьнѣ•|ноуждьнѣ
нъ|нъ
вольнѣ•|вольнѣ
ослѹшаемъ|ослоушаемъ
же|же
длъготрьпѣти|длъготрьпѣті
и|і
отъраждати•|отъраждаті
да|да
не|не
ѹслꙑшить|оуслъішіть
отъ|отъ
дв҃да•|дв҃да
съꙁидаꙗи|съзідаꙗі
трѹдъ|троудъ
на|на
повелѣние•|повелѣніе
и|і
отъ|отъ
соломона•|соломона
ѭтробꙑ|ѭтробъі
нечьстивъихъ|нечьстівъіхъ
беꙁ|без
милости•|мілості
нъ|нъ
паче|паче
да|да
слꙑшитъ•|слъішітъ
смотрьнѣ|смотрьнѣ
раꙁѹмѣваи|разоумѣваі
д҃ше|д҃ше
стада|стада
своего•|своего
и|і
пристави|пріставі
ср҇ⷣце|срдце
свое|свое
своихъ|своіхъ
стадѣхъ•|стадѣхъ
и|і
ѹпасеть|оупасеть
правьдникъ|правьднікъ
д҃шѫ|д҃шѫ
скотъ|скотъ
своихъ•|своіхъ
подобаеть|подобаеть
же|же
пакꙑ|пакъі
не|не
прѣмлъчавати|прѣмлъчаваті
грѣхованꙑ|грѣхованъі
ихъ•|іхъ
с҃не|с҃не
бо|бо
рече|рече
чл҃чь•|чл҃чь
блюстелѧ|блюстелѧ
дахъ|дахъ
тѧ|тѧ
домѹ|домоу
иі҃левѹ•|іі҃левоу
аще|аще
ѹбо|оубо
видить|відіть
стражь|стражь
орѫжье|орѫжье
грѧдѹще•|грѧдоуще
и|і
въстрѹбить•|въстроубіть
ти|ті
слꙑшавъи|слъішавъі
не|не
съхранить|съхраніть
сѧ•|сѧ
то|то
кровъ|кровъ
его|его
на|на
главѣ|главѣ
его•|его
и|і
блюстель|блюстель
аще|аще
видить|відіть
орѹжие•|ороужіе
кровъ|кровъ
его|его
иꙁ-д-рѹкы|іздроукъі
стражевꙑ|стражевъі
иꙁищѫ|ізіщѫ
ꙋвѣдѣвъше|оувѣдѣвъше
бо|бо
игѹмени•|ігоумені
прилежѧщѫѭ|прілежѧщѫѭ
вамъ|вамъ
о|о
ѹченицѣхъ|оученіцѣхъ
бѣдѹ•|бѣдоу
бъдромь|бъдромь
ѹм͗номь|оумномь
окомь•|окомь
прѣсѣщѧѭще|прѣсѣщѧѭще
стада|стада
словесьнаго|словесьнаго
г҃нѧ•|г҃нѧ
бѫдѣте|бѫдѣте
по|по
иꙗковѹ•|іꙗковоу
съгараѭще|съгараѭще
ꙁноемь|зноемь
дьньѭ|дьньѭ
и|і
ледомь|ледомь
нощьѭ•|нощьѭ
и|і
да|да
отъстѹпить|отъстоупіть
сонъ|сонъ
отъ|отъ
очьѭ|очьѭ
вашеѭ•|вашеѭ
да|да
не|не
ꙁвѣремь|звѣремь
истравлено|істравлено
бѫдеть•|бѫдеть
ниединоже|ніедіноже
отъ|отъ
овьчатъ•|овьчатъ
блюдѣте|блюдѣте
сѧ|сѧ
да|да
не|не
ѹслꙑшите|оуслъішіте
се|се
аꙁъ|азъ
на|на
пастѹхъ•|пастоухъ
и|і
въꙁищѹ|възіщоу
овьць|овьць
своихъ|своіхъ
отъ|отъ
рѹкъ|роукъ
ихъ•|іхъ
не|не
иꙁискашѧ|ізіскашѧ
бо|бо
пастѫси|пастѫсі
овьць|овьць
моихъ•|моіхъ
и|і
пасошѧ|пасошѧ
сѧ|сѧ
сами•|самі
а|а
овьць|овьць
моихъ|моіхъ
не|не
пасѧ•|пасѧ
и|і
иеремиемь•|іереміемь
о|о
пастѹси•|пастоусі
погѹблѧѭщеи|погоублѧѭщеі
и|і
растачаѭщеи|растачаѭщеі
овьца|овьца
паствинꙑ|паствінъі
моеꙗ•|моеꙗ
се|се
аꙁъ|азъ
мьщаѭ|мьщаѭ
васъ•|васъ
и|і
на|на
ꙁълаа|зълаа
начинаньꙗ|начінаньꙗ
вашѧ•|вашѧ
мѹжа|моужа
ѹбо|оубо
съврьшена|съврьшена
говѣина•|говѣіна
и|і
подвижьника|подвіжьніка
есть|есть
слѹжение•|слоуженіе
ꙗко|ꙗко
да|да
бꙑ|бъі
видѣлъ|відѣлъ
хѹдожьнаа|хоудожьнаа
области|області
братьеѭ•|братьеѭ
по|по
гл҃ющиимъ|гл҃ющіімъ
к͗нигамъ•|кнігамъ
игѹмена|ігоумена
ли|лі
тѧ|тѧ
поставишѧ•|поставішѧ
не|не
въꙁноси|възносі
сѧ•|сѧ
попьци|попьці
сѧ|сѧ
и|і
тако|тако
сѧди•|сѧді
и|і
в͗сѫ|всѫ
потрѣбѫ|потрѣбѫ
своѭ|своѭ
створь|створь
въꙁлѧꙁи•|възлѧзі
рече|рече
же|же
и|і
гедеонъ|гедеонъ
тремъ|тремъ
сътомъ|сътомъ
борющиимъ|борющіімъ
сѧ|сѧ
съ|съ
нимь•|німь
отъ|отъ
мене|мене
ѹꙁьрите•|оузьріте
и|і
тако|тако
створите•|створіте
такожде|такожде
и|і
авимелехъ•|авімелехъ
въꙁьмъ|възьмъ
брѣмѧ|брѣмѧ
дръвъ•|дръвъ
и|і
въꙁложь|възложь
на|на
рамѣ|рамѣ
свои|своі
рече|рече
сѫщиимъ|сѫщіімъ
съ|съ
нимь|німь
людемъ•|людемъ
ꙗкоже|ꙗкоже
видиши|відіші
мѧ|мѧ
творѧща•|творѧща
творите|творіте
и|і
вꙑ•|въі
и|і
ѡ|о
ѡсифѣ|осіфѣ
пѣсньникъ•|пѣсньнікъ
постави|поставі
и|і
г҃а|г҃а
домѹ|домоу
своемѹ•|своемоу
и|і
к͗нѧꙁѧ|кнѧзѧ
в͗семѹ|всемоу
сътѧжаниѭ|сътѧжаніѭ
своемѹ•|своемоу
да|да
наѹчить|наоучіть
к͗нѧꙁѧ|кнѧзѧ
его|его
ꙗко|ꙗко
самъ|самъ
сѧ•|сѧ
и|і
старьца|старьца
его|его
ѹмѫдрить•|оумѫдріть
и|і
павлъ•|павлъ
накаꙁаѭще|наказаѭще
в͗сего|всего
чл҃ка•|чл҃ка
и|і
ѹчаще|оучаще
вь|вь
в͗сѫ|всѫ
мѫдрость•|мѫдрость
да|да
ѹстроимъ|оустроімъ
в͗сего|всего
чл҃ка•|чл҃ка
съврьшена|съврьшена
о|о
х҃ѣ|х҃ѣ
с҃ѣ•|с҃ѣ
въ|въ
ньже|ньже
и|і
трѹждаѭще|троуждаѭще
сѧ|сѧ
и|і
подвиꙁаѭще|подвізаѭще
сѧ•|сѧ
и|і
тимотѹ•|тімотоу
вънимаи|вънімаі
чьтеньѭ|чьтеньѭ
ѹченьѭ|оученьѭ
ѹтѣшеньѭ•|оутѣшеньѭ
прилежи|прілежі
ихъ•|іхъ
и|і
ефесиемъ•|ефесіемъ
пом͗ните|помніте
рече•|рече
ꙗко|ꙗко
три|трі
лѣта|лѣта
не|не
почихъ|почіхъ
д҃нь|д҃нь
и|і
нощь•|нощь
съ|съ
сльꙁами|сльзамі
ѹча|оуча
единого|едіного
когож͗до|когождо
васъ•|васъ
и|і
пакы|пакъі
сребрѹ|среброу
ли|лі
ꙁлатѹ|златоу
ли|лі
риꙁамъ•|різамъ
ниединомѹже|ніедіномоуже
въсхотѣхъ|въсхотѣхъ
сами|самі
вѣсте•|вѣсте
ꙗко|ꙗко
трѣбованиѭ|трѣбованіѭ
моемѹ•|моемоу
и|і
сѫщиимъ|сѫщіімъ
съ|съ
м͗ноѭ|мноѭ
послѹжисте|послоужісте
рѫцѣ|рѫцѣ
си•|сі
в͗сѧ|всѧ
съкаꙁахъ|съказахъ
вамъ•|вамъ
ꙗко|ꙗко
тако|тако
трѹждаѭще|троуждаѭще
сѧ•|сѧ
подобаеть|подобаеть
подъимати|подъіматі
немощьнꙑꙗ•|немощьнъіꙗ
такожде|такожде
и|і
їгѹменъ|ігоуменъ
обраꙁъ|образъ
да|да
бꙑваеть•|бъіваеть
ставъ|ставъ
всеѭ|всеѭ
правьдоѭ•|правьдоѭ
и|і
житиимь|жітіімь
ст҃ꙑимь|ст҃ъіімь
прп҃дбнѣ•|прп҃дбнѣ
и|і
правьд͗нѣ|правьднѣ
живꙑ•|жівъі
съблюдаꙗ|съблюдаꙗ
елико|еліко
сѫть|сѫть
пр҃чста•|пр҃чста
елико|еліко
говѣина•|говѣіна
еже|еже
добродѣанье|добродѣанье
и|і
еже|еже
похвала•|похвала
еже|еже
благославьно|благославьно
польꙁѫ|пользѫ
исправление•|ісправленіе
да|да
бꙑваеть|бъіваеть
отъ|отъ
него|него
мьщати|мьщаті
емѹ•|емоу
мѣста|мѣста
в͗сѣмь|всѣмь
прилежаниемь|прілежаніемь
дх҃ов͗нꙑмь|дх҃овнъімь
пещи|пещі
сѧ|сѧ
совъкѹплениемь|совъкоупленіемь
ѹдобьнꙑмь•|оудобьнъімь
егоже|егоже
нич͗тоже|нічтоже
добрѣе•|добрѣе
в͗сѧ|всѧ
носити|носіті
ꙗкоже|ꙗкоже
и|і
того|того
г҃ь•|г҃ь
в͗сѧ|всѧ
приимати|прііматі
любовьѭ•|любовьѭ
млт҃вѹ|млт҃воу
дѣати|дѣаті
о|о
в͗сѣхъ|всѣхъ
непрѣстанно•|непрѣстанно
просити|просіті
раꙁѹма|разоума
дх҃вна|дх҃вна
на|на
расмотрение|расмотреніе
в͗семѹ|всемоу
польꙁьнѹмѹ•|пользьноумоу
бъдѣти|бъдѣті
и|і
пещи|пещі
сѧ|сѧ
о|о
в͗сѣхъ•|всѣхъ
и|і
недѹгꙑ|недоугъі
носити•|носіті
ꙗкоже|ꙗкоже
съврьшьнъ|съврьшьнъ
страдальць•|страдальць
идеже|ідеже
бо|бо
большь|большь
трѹдъ•|троудъ
м͗нога|многа
приобрѧщѧ•|пріобрѧщѧ
добрꙑ|добръі
ѹченикы|оученікъі
аще|аще
любить•|любіть
хвалꙑ|хвалъі
емѹ|емоу
нѣсть•|нѣсть
нъ|нъ
паче|паче
непокоривѣишѧ|непокорівѣішѧ
кротостиѭ|кротостіѭ
покарѧти|покарѧті
нꙑ|нъі
в͗сь|всь
врѣдъ•|врѣдъ
тѣмьжде|тѣмьжде
пластꙑрьмь|пластъірьмь
лѣкѹеть|лѣкоуеть
сѧ•|сѧ
раꙁдраженьꙗ|раздраженьꙗ
всѣхъ|всѣхъ
ꙗко|ꙗко
ꙁмьи•|змьі
и|і
кротъкꙑꙗ|кротъкъіꙗ
ꙗко|ꙗко
голѹби•|голоубі
да|да
ꙗвѣ|ꙗвѣ
сѫщаꙗ|сѫщаꙗ
емѹ|емоу
въ|въ
лице•|ліце
а|а
невидимаа|невідімаа
да|да
просить|просіть
ꙗвити|ꙗвіті
емѹ•|емоу
да|да
ничесоже|нічесоже
лихъ|ліхъ
бѫдеть•|бѫдеть
нъ|нъ
въ|въ
в͗сеи|всеі
бл҇ⷣти|блдті
да|да
иꙁобилѹеть•|ізобілоуеть
врѣмѧ|врѣмѧ
бо|бо
истѧꙁаеть|істѧзаеть
и•|і
ꙗко|ꙗко
кръмьчи|кръмьчі
противѫ|протівѫ
вѣтромъ•|вѣтромъ
и|і
бѹрѧмъ|боурѧмъ
д҃холѹкавьнъихъ|д҃холоукавьнъіхъ
стоꙗти|стоꙗті
крѣпъцѣ•|крѣпъцѣ
и|і
наставити|наставіті
трѹждаѭщаꙗ|троуждаѭщаꙗ
сѧ•|сѧ
въ|въ
пристанище|прістаніще
волѧ|волѧ
бж҃ьꙗ•|бж҃ьꙗ
гл҃еть|гл҃еть
же|же
и|і
г҃ь•|г҃ь
иже|іже
хощеть|хощеть
въ|въ
васъ|васъ
больи|больі
бꙑти•|бъіті
бѫди|бѫді
всѣмъ|всѣмъ
рабъ•|рабъ
и|і
в͗сѣм͗|всѣм
слѹж͗никъ|слоужнікъ
и|і
болии|боліі
въ|въ
васъ|васъ
ꙗко|ꙗко
мьнии•|мьніі
и|і
старѣиї|старѣіі
ꙗко|ꙗко
слѹжа•|слоужа
и|і
ꙗко|ꙗко
рече|рече
сѧ•|сѧ
обраꙁъ|образъ
да|да
бѹдеть|боудеть
о|о
в͗семь|всемь
сѫщиимъ|сѫщіімъ
подобни|подобні
съмѣреномѫдрьꙗ•|съмѣреномѫдрьꙗ
ꙗкоже|ꙗкоже
и|і
г҃ь|г҃ь
г҃лѧ•|г҃лѧ
с҃нъ|с҃нъ
не|не
приде|пріде
да|да
слѹжать|слоужать
емѹ•|емоу
нъ|нъ
да|да
послѹжить•|послоужіть
и|і
дасть|дасть
д҃шѫ|д҃шѫ
своѭ|своѭ
иꙁбавление|ізбавленіе
ꙁа|за
многꙑ•|многъі
и|і
пакы•|пакъі
вꙑ|въі
же|же
не|не
нарицаите|наріцаіте
сѧ|сѧ
настав͗ници•|наставніці
единъ|едінъ
бо|бо
есть|есть
навставьникъ|навставьнікъ
вашь|вашь
х҃ъ•|х҃ъ
емѹже|емоуже
слава|слава
въ|въ
вѣкꙑ|вѣкъі
вѣком|вѣком
АМИН|амін
рі҃в|рі҃в
⁘Ꙍ|о
ОТЪРИЦѦНЬИ⁘|отъріцѧньі
Отърицаꙗи|отъріцаꙗі
сѧ•|сѧ
длъжьнъ|длъжьнъ
есть|есть
помꙑшленьимь|помъішленьімь
прѣстѹпити•|прѣстоупіті
отъ|отъ
видимꙑхъ|відімъіхъ
невидимꙑхъ|невідімъіхъ
въꙁирати•|възіраті
видимаа|відімаа
бо|бо
врѣмен͗на|врѣменна
сѫть•|сѫть
а|а
невидимаа|невідімаа
вѣчна•|вѣчна
сего|сего
бо|бо
ради|раді
именѹеть|іменоуеть
сѧ|сѧ
отъреченье•|отъреченье
ꙗко|ꙗко
ꙁемльнꙑхъ|земльнъіхъ
отърицаѭще|отъріцаѭще
сѧ•|сѧ
нб҃снѹмѹ|нб҃сноумоу
обѣщаваемъ|обѣщаваемъ
сѧ•|сѧ
и|і
сьдещьнее|сьдещьнее
очс҃тво|очс҃тво
оставлѧѫще•|оставлѧѫще
ищемъ|іщемъ
иїм҃а•|іім҃а
миромꙑсльнꙑхъ|міромъісльнъіхъ
отъходѧще•|отъходѧще
дх҃вьныхъ|дх҃вьнъіхъ
съпрѧмлѧемъ|съпрѧмлѧемъ
сѧ•|сѧ
аще|аще
хощемъ|хощемъ
сътѧжати|сътѧжаті
добрꙑꙗ|добръіꙗ
дѣтѣли•|дѣтѣлі
то|то
имѣимъ|імѣімъ
въꙁдрьжанье•|въздрьжанье
трьпѣние•|трьпѣніе
съмѣрение•|съмѣреніе
надъ|надъ
вьсѣми|вьсѣмі
же|же
сими•|сімі
частѹѭ|частоуѭ
мл҃твѹ•|мл҃твоу
и|і
ѹдобь|оудобь
съврьшимъ•|съврьшімъ
на|на
неже|неже
чьстимъ|чьстімъ
сѧ•|сѧ
ꙗкоже|ꙗкоже
бо|бо
хотѧ|хотѧ
съꙁьдати|съзьдаті
хроминѫ•|хромінѫ
в͗се|все
вещьство|вещьство
прѣжде|прѣжде
ѹготовить|оуготовіть
на|на
съконьчанье•|съконьчанье
и|і
їже|іже
свои|своі
храмъ•|храмъ
сирѣчь|сірѣчь
съꙁьдание|съзьданіе
храминꙑ•|храмінъі
начьнъ|начьнъ
обитѣли|обітѣлі
троицѧ•|троіцѧ
аꙁъ|азъ
бо|бо
рече|рече
и|і
оц҃ь|оц҃ь
мои|моі
придевѣ•|прідевѣ
и|і
прѣбꙑвание|прѣбъіваніе
въ|въ
немь|немь
створивѣ•|створівѣ
и|і
д҃хъ|д҃хъ
живеть|жіветь
въ|въ
васъ|васъ
къ|къ
съврьшениѭ•|съврьшеніѭ
добродѣтѣльнѹ|добродѣтѣльноу
бꙑти|бъіті
житьѭ•|жітьѭ
рѧдов͗ное|рѧдовное
есть|есть
въꙁдрьжѧние•|въздрьжѧніе
и|і
трьпѣнье|трьпѣнье
и|і
мѣреномѫдрье•|мѣреномѫдрье
и|і
млт҃ва•|млт҃ва
неиꙁдреченнѫ|неіздреченнѫ
бо|бо
и|і
непрѣстаннѫ|непрѣстаннѫ
правьдѹ•|правьдоу
трѹди|троуді
и|і
подвиꙁи|подвізі
раждаѭть•|раждаѭть
и|і
ничьтоже|нічьтоже
трѹди|троуді
противѹ|протівоу
великотѣ•|велікотѣ
благославьꙗ|благославьꙗ
добродѣаниемь|добродѣаніемь
раждаемаго•|раждаемаго
ꙗкоже|ꙗкоже
и|і
г҃ь|г҃ь
въꙁвѣщаеть•|възвѣщаеть
ꙗко|ꙗко
скръбь|скръбь
їмѣти|імѣті
имате|імате
въ|въ
мирѣ|мірѣ
семь•|семь
ꙗвѣ|ꙗвѣ
бо|бо
ꙗко|ꙗко
подвигъ|подвігъ
и|і
страстьи|страстьі
трꙑꙁнь|тръізнь
есть|есть
нꙑнѣщьнее|нъінѣщьнее
житье•|жітье
а|а
почестьи|почестьі
грѧдѹще•|грѧдоуще
въꙁлюбимъ|възлюбімъ
ѹбо|оубо
г҃а|г҃а
цѣломѫдрьнѣ•|цѣломѫдрьнѣ
да|да
подасть|подасть
намъ|намъ
ꙗже|ꙗже
обѣща|обѣща
благаа|благаа
любѧщимъ|любѧщімъ
и•|і
ихъже|іхъже
око|око
не|не
видѣ|відѣ
и|і
ѹхо|оухо
не|не
слꙑша•|слъіша
и|і
на|на
ср҃це|ср҃це
чл҃че|чл҃че
не|не
въꙁиде•|възіде
подвигнѣмъ|подвігнѣмъ
сѧ|сѧ
ѹдолѣти|оудолѣті
плъти•|плъті
и|і
мꙑсли|мъіслі
еꙗ|еꙗ
дх҃омь|дх҃омь
бж҃иемь•|бж҃іемь
одолѣимъ|одолѣімъ
сотонѣ|сотонѣ
ꙁмьѭ•|змьѭ
ѹкрѣплѧѭщиимь|оукрѣплѧѭщіімь
нꙑ|нъі
дх҃мь•|дх҃мь
въꙁьмѣмъ|възьмѣмъ
крс҃тъ•|крс҃тъ
идѣмъ|ідѣмъ
въ|въ
слѣдъ|слѣдъ
побѣдотворьца|побѣдотворьца
ис҃а•|іс҃а
подвигнѣмъ|подвігнѣмъ
сѧ|сѧ
тещи|тещі
правѣ|правѣ
и|і
надежьнѣ•|надежьнѣ
да|да
постигнемъ•|постігнемъ
въꙁдаждѫ|въздаждѫ
вꙑшьнѧго|въішьнѧго
ꙁъваньꙗ|зъваньꙗ
о|о
х҃ѣ•|х҃ѣ
вьсь|вьсь
бо|бо
текꙑ|текъі
иꙁвѣстьнѣ|ізвѣстьнѣ
а|а
не|не
неиꙁвѣстьнѣ•|неізвѣстьнѣ
постигнеть|постігнеть
почьсть|почьсть
отъреченьꙗ:|отъреченьꙗ
и|і
чистотꙑ|чістотъі
многотрѹдьное•|многотроудьное
и|і
м͗ногомьꙁдьное|многомьздьное
богатьство•|богатьство
пишеть|пішеть
же|же
петръ•|петръ
ꙗко|ꙗко
новорождени|новорождені
младеньци|младеньці
г҃лѧ•|г҃лѧ
словесьное|словесьное
беꙁльстьное|безльстьное
млѣко|млѣко
въꙁлюбите•|възлюбіте
да|да
о|о
немь|немь
въꙁдрастете•|въздрастете
ꙗже|ꙗже
въꙁдращаеть|въздращаеть
и|і
просвѣщаеть|просвѣщаеть
чл҃ка•|чл҃ка
добрꙑми|добръімі
дѣлꙑ•|дѣлъі
и|і
павьлъ•|павьлъ
облѣцѣте|облѣцѣте
сѧ|сѧ
въ|въ
в͗сѧ|всѧ
орѹжьꙗ|ороужьꙗ
бж҃ьꙗ•|бж҃ьꙗ
да|да
въꙁможете|възможете
стати|статі
противѫ|протівѫ
къꙁнемъ|къзнемъ
непрьꙗꙁниномъ•|непрьꙗзніномъ
ꙗко|ꙗко
нѣсть|нѣсть
наша|наша
брань|брань
къ|къ
кръви|кръві
и|і
плъти•|плъті
нъ|нъ
къ|къ
властемъ|властемъ
къ|къ
влчс҃твомъ•|влчс҃твомъ
къ|къ
миродрьжителемъ|міродрьжітелемъ
тьмꙑ•|тьмъі
къ|къ
дх҃овьнꙑмъ|дх҃овьнъімъ
ꙁълобꙑ•|зълобъі
и|і
пакꙑ•|пакъі
надъ|надъ
вьсѣми|вьсѣмі
приимъше|пріімъше
щитъ|щітъ
вѣрѫ•|вѣрѫ
въ|въ
немьже|немьже
въꙁможете|възможете
в͗сѧ|всѧ
стрѣлꙑ|стрѣлъі
ꙁълаго|зълаго
раждьженꙑꙗ|раждьженъіꙗ
ѹгасити•|оугасіті
молѧще|молѧще
сѧ|сѧ
въ|въ
всѧ|всѧ
врѣмена•|врѣмена
и|і
в͗се|все
само|само
бъдѧще•|бъдѧще
и|і
въ|въ
в͗семь|всемь
трьпѣньи•|трьпѣньі
и|і
мл҃твѣ•|мл҃твѣ
тако|тако
бо|бо
подвиꙁаѭще|подвізаѭще
сѧ•|сѧ
въꙁможете|възможете
въ|въ
истинѹ|істіноу
в|в
себѣ|себѣ
обраꙁити|образіті
обраꙁъ|образъ
хв҃ъ|хв҃ъ
всѣмъ|всѣмъ
житьимь•|жітьімь
привѣтомь•|прівѣтомь
словомь•|словомь
дѣломь•|дѣломь
трьпѣньемь•|трьпѣньемь
мѹжьстомь•|моужьстомь
мѹдростьѭ•|моудростьѭ
цѣломѫдрьемь•|цѣломѫдрьемь
правьдоѭ•|правьдоѭ
длъгодѹшьемь•|длъгодоушьемь
беꙁълобьемь•|безълобьемь
бл҃гочьстьемь•|бл҃гочьстьемь
прп҇ⷣбиемь•|прпдбіемь
въꙁдрьжаниимь•|въздрьжаніімь
вѣроѭ•|вѣроѭ
ѹпъваньемь•|оупъваньемь
любовьѭ|любовьѭ
съврьшеноѭ|съврьшеноѭ
къ|къ
б҃ѹ•|б҃оу
сѫщии|сѫщіі
бо|бо
истиньни|істіньні
подвижьници•|подвіжьніці
в͗сего|всего
въꙁдрьжѧть|въздрьжѧть
сѧ•|сѧ
всеѭ|всеѭ
добродѣтельѭ•|добродѣтельѭ
и|і
ꙁаповѣдьѭ|заповѣдьѭ
бж҃ьеѭ|бж҃ьеѭ
живѫть•|жівѫть
ꙗкоже|ꙗкоже
реже|реже
ап҃лъ•|ап҃лъ
мꙑ|мъі
живи|жіві
въ|въ
съмрьть|съмрьть
прѣдаемъ|прѣдаемъ
сѧ|сѧ
х҃а|х҃а
ради•|раді
да|да
и|і
животъ|жівотъ
ис҃въ|іс҃въ
ꙗвить|ꙗвіть
сѧ|сѧ
въ|въ
мрьтвьнѣи|мрьтвьнѣі
плъти|плъті
нашеи•|нашеі
вѣмъ|вѣмъ
бо|бо
ꙗко|ꙗко
ꙁемльнаꙗ|земльнаꙗ
наша|наша
храмина|храміна
тѣлесьнаа|тѣлесьнаа
раꙁорит͗|разоріт
сѧ•|сѧ
съꙁьдание|съзьданіе
отъ|отъ
б҃а|б҃а
имамъ•|імамъ
храминѹ|храміноу
нерѹкотворенѹ|нероукотвореноу
на|на
нб҃сехъ•|нб҃сехъ
ибо|ібо
о|о
семь|семь
въꙁдꙑхаемъ|въздъіхаемъ
въ|въ
жилище|жіліще
наше|наше
нб҃сное•|нб҃сное
облѣщи|облѣщі
сѧ|сѧ
желаѭще•|желаѭще
аще|аще
ли|лі
облъкъше|облъкъше
сѧ•|сѧ
наꙁи|назі
обрѧщемъ|обрѧщемъ
сѧ•|сѧ
чрьнориꙁьць|чрьнорізьць
не|не
имать|імать
власти|власті
ни|ні
о|о
чесомьже•|чесомьже
ни|ні
волѧ|волѧ
своеꙗ:|своеꙗ
не|не
живѫ|жівѫ
бо|бо
рече|рече
юже|юже
аꙁъ•|азъ
живеть|жіветь
же|же
въ|въ
м͗нѣ|мнѣ
х҃ъ•|х҃ъ
и|і
пакꙑ•|пакъі
не|не
оженеи|оженеі
сѧ•|сѧ
печеть|печеть
сѧ|сѧ
гс҃кꙑми|гс҃къімі
како|како
ѹгодити|оугодіті
г҃ѹ•|г҃оу
и|і
съврьшити|съврьшіті
дѣло|дѣло
его•|его
ꙗко|ꙗко
да|да
прославить|прославіть
сѧ|сѧ
вѣч͗нѣ•|вѣчнѣ
плътьнии|плътьніі
бо|бо
дхв҃нꙑхъ|дхв҃нъіхъ
дѣати|дѣаті
не|не
могѹть•|могоуть
ни|ні
дх҃внии|дх҃вніі
плътнꙑхъ•|плътнъіхъ
подобаеть|подобаеть
ѹбо|оубо
хотѧщѫмѹ•|хотѧщѫмоу
ан͗глс҃кꙑмь|англс҃къімь
пожити|пожіті
житиемь|жітіемь
сътѧжати|сътѧжаті
мѫдрость|мѫдрость
ꙁмиинѭ•|зміінѭ
и|і
кротость|кротость
голѹбинѭ•|голоубінѭ
да|да
раꙁѹмѣваеть|разоумѣваеть
в͗се|все
что|что
е|е
волѧ|волѧ
бж҃ьꙗ•|бж҃ьꙗ
добраа|добраа
и|і
ѹгоднаа•|оугоднаа
и|і
съврьшенаа•|съврьшенаа
да|да
прославить|прославіть
сѧ|сѧ
б҃ъ|б҃ъ
въ|въ
в͗сѣхъ•|всѣхъ
бг҃очьстивъимь|бг҃очьстівъімь
нашимь|нашімь
чиномь•|чіномь
и|і
чистꙑмь|чістъімь
житиемь•|жітіемь
да|да
ꙁьрѧщеи|зьрѧщеі
насъ|насъ
поꙁнаѭть•|познаѭть
ꙗко|ꙗко
племѧ|племѧ
с҃то|с҃то
и|і
бл҃но|бл҃но
есмъ|есмъ
с҃на|с҃на
б҃а|б҃а
жива•|жіва
въ|въ
в͗семь|всемь
словеси•|словесі
стꙑдьливи|стъідьліві
кротостьѭ•|кротостьѭ
житьемь•|жітьемь
въниманиемь•|въніманіемь
тѣм͗же|тѣмже
ни|ні
о|о
чьсомьже|чьсомьже
подобить|подобіть
сѧ|сѧ
мирьнꙑмъ•|мірьнъімъ
ни|ні
по|по
единомѹже|едіномоуже
обраꙁѹ•|образоу
нъ|нъ
бг҃очьтивъимъ|бг҃очьтівъімъ
бг҃очьтьꙗ|бг҃очьтьꙗ
нашего|нашего
ѹчителем͗•|оучітелем
всѣмь|всѣмь
ѹмѣниимь•|оумѣніімь
мѫдростьѭ|мѫдростьѭ
и|і
прав͗доѭ•|правдоѭ
в͗се|все
ѹбо|оубо
тврьдьѭ|тврьдьѭ
храни|храні
своѭ|своѭ
свѣщѫ•|свѣщѫ
чистостьнѫѭ•|чістостьнѫѭ
ꙗкоже|ꙗкоже
и|і
хв҃и|хв҃і
дрѹꙁи•|дроузі
порьвьнѹи|порьвьноуі
ихъ|іхъ
житиѭ•|жітіѭ
бѫди|бѫді
ꙗко|ꙗко
иѡанъ|іоанъ
хв҃ъ|хв҃ъ
пр҇ⷣча•|прдча
чистъи|чістъі
гн҃ь|гн҃ь
вѣстьникъ•|вѣстьнікъ
и|і
иѡанъ|іоанъ
напрьсокъ|напрьсокъ
г҃нь•|г҃нь
егоже|егоже
и|і
люблѧше|люблѧше
ис҃ъ|іс҃ъ
ꙗко|ꙗко
чиста•|чіста
павлъ|павлъ
варнава•|варнава
тимотъ•|тімотъ
иже|іже
течение|теченіе
чистотꙑ•|чістотъі
и|і
подвигъ|подвігъ
бескврьньнѣ|бескврьньнѣ
съврьшишѧ•|съврьшішѧ
ꙗко|ꙗко
истин͗нии|істінніі
подоб͗ници|подобніці
хв҃и•|хв҃і
нъ|нъ
и|і
їлиїно•|ілііно
и|і
иѥлисѣово•|іелісѣово
и|і
инѣхъ|інѣхъ
житье•|жітье
обрѧщеши|обрѧщеші
таково•|таково
чисто|чісто
и|і
непороч͗но•|непорочно
аще|аще
же|же
симъ|сімъ
хощеши|хощеші
подобити|подобіті
сѧ•|сѧ
сильнѣ|сільнѣ
подобити|подобіті
сѧ|сѧ
стр҃пцемъ•|стр҃пцемъ
ихъже|іхъже
въꙁираѭще•|възіраѭще
исхода|ісхода
подобите|подобіте
сѧ•|сѧ
житьѭ|жітьѭ
и|і
вѣрѣ•|вѣрѣ
и|і
еже|еже
подобити|подобіті
ми|мі
бꙑваите•|бъіваіте
ꙗкоже|ꙗкоже
и|і
аꙁъ|азъ
х҃ѹ•|х҃оу
ꙗко|ꙗко
хв҃и|хв҃і
подобителе|подобітеле
сильнѣ|сільнѣ
подобѧть|подобѧть
сѧ|сѧ
так҇ⷪвиї•|таковіі
и|і
блажени|блажені
сѫть•|сѫть
рече|рече
же|же
и|і
г҃ь|г҃ь
къ|къ
ѥтерѹ•|етероу
ходи|ході
въ|въ
слѣдъ|слѣдъ
мене•|мене
онъ|онъ
же|же
гл҃а|гл҃а
емѹ•|емоу
г҃и|г҃і
повели|повелі
ми|мі
дрѣвле|дрѣвле
шьдъше|шьдъше
погрети|погреті
оц҃а|оц҃а
моего•|моего
рече|рече
же|же
г҃ь•|г҃ь
остави|оставі
мрьтвꙑꙗ|мрьтвъіꙗ
погрети|погреті
своꙗ|своꙗ
мрьтвьцѧ•|мрьтвьцѧ
рече|рече
же|же
и|і
дрѹгѹмѹ•|дроугоумоу
ходи|ході
по|по
м͗нѣ•|мнѣ
онъ|онъ
же|же
рече•|рече
г҃и|г҃і
повели|повелі
ми|мі
ити|іті
и|і
ѿрещи|отрещі
сѧ|сѧ
иже|іже
сѫть|сѫть
въ|въ
домѹ|домоу
моемь•|моемь
онъ|онъ
же|же
рече|рече
емѹ•|емоу
ник͗тоже|ніктоже
въꙁложь|възложь
рѫкꙑ|рѫкъі
своеꙗ|своеꙗ
на|на
рало•|рало
и|і
ꙁьрѧ|зьрѧ
въспѧть•|въспѧть
ѹправленъ|оуправленъ
есть|есть
въ|въ
црс҃тво|црс҃тво
нб҃сное•|нб҃сное
и|і
приводить•|пріводіть
иже|іже
грѧдеть|грѧдеть
въ|въ
слѣдъ|слѣдъ
мене•|мене
и|і
не|не
въꙁненавидить|възненавідіть
оц҃а|оц҃а
своего•|своего
и|і
мт҃ре|мт҃ре
и|і
женꙑ|женъі
и|і
дѣтии•|дѣтіі
и|і
сестръ•|сестръ
еще|еще
же|же
и|і
д҃шѧ|д҃шѧ
своеꙗ•|своеꙗ
не|не
можеть|можеть
мои|моі
бꙑти|бъіті
ѹченикъ•|оученікъ
и|і
иже|іже
хощеть|хощеть
по|по
м͗нѣ|мнѣ
ити|іті
да|да
ѿврьжеть|отврьжеть
сѧ|сѧ
себе•|себе
и|і
въꙁьметь|възьметь
кр҃стъ|кр҃стъ
свои•|своі
и|і
грѧдеть|грѧдеть
по|по
м͗нѣ•|мнѣ
да|да
идеже|ідеже
есмь|есмь
аꙁъ•|азъ
тѹ|тоу
и|і
слѹжѧи|слоужѧі
м͗нѣ|мнѣ
да|да
бѫде•|бѫде
славѧ|славѧ
мѧ|мѧ
съ|съ
оц҃емь|оц҃емь
и|і
животворѧщиїмь|жівотворѧщіімь
и|і
ст҃ꙑмъ|ст҃ъімъ
д҃хмь•|д҃хмь
въ|въ
бесконьчьнꙑꙗ|бесконьчьнъіꙗ
вѣкꙑ|вѣкъі
вьсѧ|вьсѧ
АМИН|амін
рі҃г|рі҃г
⁘О|о
ПОВИНОВАНЬИ⁘|повінованьі
Хотѧи|хотѧі
въ|въ
повинованьи|повінованьі
бꙑти•|бъіті
да|да
съвлѣчеть|съвлѣчеть
сѧ|сѧ
своихъ|своіхъ
воль•|воль
и|і
да|да
облѣчеть|облѣчеть
сѧ|сѧ
въ|въ
сп҃снꙑꙗ|сп҃снъіꙗ
сп҃са|сп҃са
нашего•|нашего
и|і
да|да
въꙁьметь|възьметь
крс҃тъ|крс҃тъ
свои|своі
по|по
словеси|словесі
его•|его
и|і
ходить|ходіть
въ|въ
слѣдъ|слѣдъ
его•|его
хотѧи|хотѧі
въ|въ
покореньи|покореньі
бꙑти•|бъіті
да|да
оставить|оставіть
мрьтвꙑꙗ|мрьтвъіꙗ
своꙗ|своꙗ
волѧ|волѧ
мрьтвымъ•|мрьтвъімъ
и|і
їметь|іметь
сѧ|сѧ
живꙑхъ|жівъіхъ
съ|съ
живꙑми•|жівъімі
мꙑслѧи|мъіслѧі
въ|въ
покореньи|покореньі
бꙑти|бъіті
да|да
ѹмрьтвить|оумрьтвіть
сѧ•|сѧ
отъ|отъ
врѣменьнꙑꙗ|врѣменьнъіꙗ
жиꙁни•|жізні
и|і
да|да
дрьжить•|дрьжіть
еже|еже
небрѣгомѫ|небрѣгомѫ
бꙑти•|бъіті
да|да
сѫщаꙗ|сѫщаꙗ
вѣчнꙑꙗ|вѣчнъіꙗ
жиꙁни|жізні
вънѹтрь|въноутрь
бѫдеть|бѫдеть
волѧ•|волѧ
и|і
пѫтьмь|пѫтьмь
ꙁаповѣдьи|заповѣдьі
г҃нь|г҃нь
тещи•|тещі
и|і
въ|въ
пространьство|пространьство
ити•|іті
и|і
свѣтьлъ|свѣтьлъ
бꙑти•|бъіті
да|да
бѹдеть|боудеть
ꙗко|ꙗко
и|і
бѣлимаа|бѣлімаа
риꙁа•|різа
ꙗкоже|ꙗкоже
бо|бо
и|і
ѡна|она
бѣльчьеѭ|бѣльчьеѭ
пьхома|пьхома
и|і
гладима|гладіма
ѹбѣлѣеть•|оубѣлѣеть
и|і
ꙗко|ꙗко
снѣжьна|снѣжьна
бѹдеть•|боудеть
такоже|такоже
иже|іже
въ|въ
повиновании|повінованіі
сꙑ•|съі
отъ|отъ
м͗ногъ|многъ
досаждаемъ•|досаждаемъ
ѹкарѧемъ•|оукарѧемъ
съмѣрѧемъ|съмѣрѧемъ
ѹчистѣеть•|оучістѣеть
и|і
бѫдеть|бѫдеть
ꙗко|ꙗко
и|і
раждиꙁаемо|раждізаемо
сребро|сребро
бльщѧ•|бльщѧ
желаꙗи|желаꙗі
въ|въ
съврьшеное|съврьшеное
покорение•|покореніе
прѣдъспѣти•|прѣдъспѣті
в͗се|все
да|да
оставить|оставіть
непольꙁьное•|непользьное
и|і
їметь|іметь
сѧ|сѧ
въ|въ
польꙁѫ|пользѫ
въносѧщиихъ•|въносѧщііхъ
бѫдеть|бѫдеть
истиненъ|істіненъ
хв҃ъ|хв҃ъ
ѹченикъ•|оученікъ
да|да
речеть|речеть
съ|съ
петромь•|петромь
се|се
мꙑ|мъі
оставихомъ|оставіхомъ
в͗сѧ|всѧ
и|і
въ|въ
слѣдъ|слѣдъ
тебе|тебе
идохомъ•|ідохомъ
ч͗то|что
ѹбо|оубо
бѫдеть|бѫдеть
намъ•|намъ
оставимъ|оставімъ
братие|братіе
волѧ|волѧ
нашѧ•|нашѧ
ꙁемлеплъꙁ͗нꙑꙗ•|землеплъзнъіꙗ
и|і
ꙁаповѣди|заповѣді
сп҃са|сп҃са
нашего|нашего
съхранимъ|съхранімъ
вꙑсоколетьнѫѭ•|въісоколетьнѫѭ
ꙗже|ꙗже
въꙁведеть|възведеть
нꙑ|нъі
въ|въ
вꙑшьни|въішьні
и҃їмъ•|і҃імъ
гл҃еть|гл҃еть
бо|бо
г҃ь|г҃ь
слѹшаꙗи|слоушаꙗі
васъ|васъ
мене|мене
слѹшѧеть•|слоушѧеть
а|а
слѹшаѧи|слоушаѧі
мене•|мене
слѹшаеть|слоушаеть
посълавъшаго|посълавъшаго
мѧ•|мѧ
подобаеть|подобаеть
ѹбо|оубо
ѹчимꙑмъ|оучімъімъ
ꙗко|ꙗко
оц҃а|оц҃а
любити|любіті
сѫщѧꙗ|сѫщѧꙗ
ѹчителѧ•|оучітелѧ
и|і
ꙗко|ꙗко
властелъ|властелъ
боꙗти|боꙗті
сѧ•|сѧ
а|а
не|не
любъве|любъве
дѣлѧ|дѣлѧ
небрѣщи•|небрѣщі
или|ілі
повелѣвати|повелѣваті
дрѹгѹ•|дроугоу
ѱано|псано
же|же
е|е
и|і
въ|въ
мѹдрости•|моудрості
чьтꙑи|чьтъіі
оц҃а|оц҃а
оцѣстить|оцѣстіть
грѣхꙑ•|грѣхъі
и|і
боꙗи|боꙗі
сѧ|сѧ
г҃а•|г҃а
почьтеть|почьтеть
оц҃а|оц҃а
своего•|своего
и|і
ꙗко|ꙗко
вл҃цѣ|вл҃цѣ
поработаеть|поработаеть
емѹ•|емоу
и|і
пакꙑ•|пакъі
чьти|чьті
оц҃а|оц҃а
своего|своего
и|і
наидеть|наідеть
ти|ті
бл҃нье|бл҃нье
отъ|отъ
него•|него
и|і
пакꙑ•|пакъі
всѣмь|всѣмь
ср҃цемь|ср҃цемь
своимь|своімь
прослави|прославі
оц҃а|оц҃а
своего•|своего
и|і
павлъ•|павлъ
повинѹите|повіноуіте
сѧ|сѧ
гл҃ѧ|гл҃ѧ
игѹменомъ|ігоуменомъ
вашимъ|вашімъ
и|і
покарѧите•|покарѧіте
ти|ті
бо|бо
бъдѧть|бъдѧть
о|о
дш҃ахъ|дш҃ахъ
вашихъ|вашіхъ
ꙗко|ꙗко
слово|слово
въꙁдати|въздаті
хотѧще•|хотѧще
да|да
съ|съ
радостьѭ|радостьѭ
се|се
творѧть•|творѧть
а|а
не|не
въꙁдꙑхаѭще•|въздъіхаѭще
непольꙁьно|непользьно
бо|бо
вамъ|вамъ
се•|се
и|і
пакꙑ•|пакъі
в͗сеѭ|всеѭ
дш҃еѭ|дш҃еѭ
владꙑкамъ|владъікамъ
прѣвладѫщамъ|прѣвладѫщамъ
повинѹите|повіноуіте
сѧ•|сѧ
нѣсть|нѣсть
бо|бо
влч҃ство|влч҃ство
аще|аще
не|не
отъ|отъ
б҃а|б҃а
ѹчинена|оучінена
сѫть•|сѫть
тѣмьже|тѣмьже
противѧщеи|протівѧщеі
сѧ|сѧ
влчс҃твомъ•|влчс҃твомъ
бж҃ьѭ|бж҃ьѭ
повелѣньѭ|повелѣньѭ
противѧть|протівѧть
сѧ•|сѧ
и|і
противлѧꙗи|протівлѧꙗі
же|же
сѧ|сѧ
себѣ|себѣ
грѣхъ|грѣхъ
приемлеть•|пріемлеть
и|і
пакꙑ•|пакъі
ꙗко|ꙗко
раби|рабі
хв҃и•|хв҃і
творѧще|творѧще
волю|волю
бж҃ьѭ•|бж҃ьѭ
отъ|отъ
дш҃ѧ|дш҃ѧ
съ|съ
любовьѭ|любовьѭ
работаѭще|работаѭще
ꙗко|ꙗко
г҃ѹ•|г҃оу
а|а
не|не
чл҃комъ•|чл҃комъ
вѣдѫще•|вѣдѫще
ꙗко|ꙗко
отъ|отъ
г҃а|г҃а
приимете|пріімете
въꙁдаание|въздааніе
ваше•|ваше
и|і
къ|къ
титѹ•|тітоу
въспоминаꙗи|въспомінаꙗі
властемъ|властемъ
и|і
владꙑкамъ•|владъікамъ
повиновати|повіноваті
сѧ•|сѧ
покарѧти|покарѧті
сѧ•|сѧ
на|на
все|все
дѣло|дѣло
благо|благо
готовомъ|готовомъ
бꙑти•|бъіті
а|а
не|не
въпрѣкꙑ|въпрѣкъі
гл҃ати•|гл҃аті
и|і
петръ•|петръ
повинѣте|повінѣте
сѧ|сѧ
в͗сеи|всеі
чл҃чи|чл҃чі
власти|власті
г҃а|г҃а
ради•|раді
ꙗко|ꙗко
тако|тако
есть|есть
волѧ|волѧ
бж҃ьꙗ•|бж҃ьꙗ
добротворѧщи•|добротворѧщі
охлащати|охлащаті
беꙁѹмьнꙑхъ|безоумьнъіхъ
чл҃къ|чл҃къ
невѣждьство•|невѣждьство
г҃ь|г҃ь
же•|же
сънидохъ|сънідохъ
съ|съ
нб҃се•|нб҃се
не|не
да|да
творю|творю
волю|волю
моѭ•|моѭ
нъ|нъ
волю|волю
посълавъшаго|посълавъшаго
мѧ|мѧ
оц҃а•|оц҃а
емѹже|емоуже
слава|слава
въ|въ
вѣкы|вѣкъі
вѣкомъ|вѣкомъ
АМИН|амін
рі҃д|рі҃д
⁘О|о
ТОМЬ|томь
ѤЖЕ|еже
ХРАНИТИ|храніті
Ꙁ|з
҇ⷶП|ап
҇ⷪВѢДИ|овѣді
Ѥже|еже
храни|храні
ꙁаповѣди•|заповѣді
въ|въ
жиꙁньное|жізньное
мѣсто|мѣсто
водить|водіть
чл҃ка•|чл҃ка
а|а
еже|еже
прѣстѫпати•|прѣстѫпаті
съмрьт͗но|съмрьтно
есть•|есть
и|і
семѹ|семоу
испꙑтнѣ|іспъітнѣ
отъ|отъ
бж҃ьи|бж҃ьі
книгъ|кнігъ
наѹчаеми|наоучаемі
есмъ•|есмъ
аще|аще
бо|бо
испрьва|іспрьва
не|не
бꙑхомъ|бъіхомъ
прѣстѫпали|прѣстѫпалі
въ|въ
ра|ра
ꙁаповѣди•|заповѣді
то|то
не|не
бꙑхомъ|бъіхомъ
слꙑшали•|слъішалі
ꙁемлѧ|землѧ
еси|есі
и|і
въ|въ
ꙁемлю|землю
идеши•|ідеші
не|не
бꙑ|бъі
толико|толіко
лѣтъ|лѣтъ
всь|всь
миръ|міръ
мѹчительмь|моучітельмь
дрьжанъ|дрьжанъ
бꙑлъ•|бъілъ
никтоже|ніктоже
бо|бо
небрьгъ|небрьгъ
ꙁаповѣди|заповѣді
бж҃ьꙗ•|бж҃ьꙗ
правѣ|правѣ
пожилъ|пожілъ
есть•|есть
саѹлъ|саоулъ
ослѹшавъ•|ослоушавъ
ꙁаповѣди|заповѣді
бж҃ьꙗ•|бж҃ьꙗ
въ|въ
печальхъ|печальхъ
поживъ|пожівъ
лѣта|лѣта
своꙗ•|своꙗ
коньч͗нѣе|коньчнѣе
цр҃ства|цр҃ства
испаде•|іспаде
сн҃а|сн҃а
илиѡва•|іліова
ѡфони•|офоні
и|і
финиесъ•|фініесъ
не|не
послѹшавъша|послоушавъша
гласа|гласа
оц҃а|оц҃а
своего•|своего
кивотъ|ківотъ
бж҃ьи|бж҃ьі
въ|въ
рѫкꙑ|рѫкъі
иноплеменьникомъ|іноплеменьнікомъ
прѣдасть•|прѣдасть
сама|сама
же|же
мильнѫ|мільнѫ
съмрьть|съмрьть
приꙗста|пріꙗста
съ|съ
людьми•|людьмі
сего|сего
ради|раді
въпьеть|въпьеть
иеꙁекиемь•|іезекіемь
отъврьꙁѣте|отъврьзѣте
отъ|отъ
васъ|васъ
в͗сѧ|всѧ
нечьстьꙗ|нечьстьꙗ
вашѧ•|вашѧ
и|і
творите|творіте
ꙁаповѣди|заповѣді
моꙗ•|моꙗ
и|і
поч͗то|почто
иꙁмираеши|ізміраеші
доме|доме
иил҃въ|ііл҃въ
гл҃еть|гл҃еть
г҃ь:|г҃ь
и|і
въꙁвратите|възвратіте
сѧ|сѧ
отъ|отъ
пѫти|пѫті
вашего•|вашего
и|і
въскѫѭ|въскѫѭ
ѹмираеши|оуміраеші
домѹ|домоу
їил҃въ•|ііл҃въ
и|і
ꙁаконъ•|законъ
не|не
искѹшаи|іскоушаі
г҃а|г҃а
б҃а|б҃а
твоего•|твоего
и|і
пакꙑ•|пакъі
мѫжи|мѫжі
ст҃и|ст҃і
бѫдѣте|бѫдѣте
ми•|мі
въ|въ
повелѣниихъ|повелѣнііхъ
моихъ|моіхъ
ходите•|ходіте
и|і
ꙁаповѣди|заповѣді
моꙗ|моꙗ
съхраните•|съхраніте
и|і
вънидѹ|вънідоу
въ|въ
вꙑ•|въі
и|і
бѫдѹ|бѫдоу
вамъ|вамъ
б҃ъ•|б҃ъ
и|і
вꙑ|въі
бѫдете|бѫдете
ми|мі
люди|люді
гл҃еть|гл҃еть
г҃ь•|г҃ь
и|і
мꙑ|мъі
ѹбо|оубо
аще|аще
творимъ|творімъ
волю|волю
его•|его
и|і
ходимъ|ходімъ
въ|въ
ꙁаповѣди|заповѣді
его•|его
и|і
любимъ|любімъ
ꙗже|ꙗже
и|і
тъ|тъ
любить•|любіть
цр҃кꙑ|цр҃къі
емѹ|емоу
бѫдемъ•|бѫдемъ
имѣꙗи|імѣꙗі
бо|бо
на|на
немь|немь
любовъ•|любовъ
и|і
на|на
искриниимь|іскрініімь
своимь•|своімь
далече|далече
есть|есть
отъ|отъ
в͗сего|всего
грѣха•|грѣха
и|і
въꙁлюбленъ|възлюбленъ
бм҃ь•|бм҃ь
аще|аще
ли|лі
да|да
неродѹемъ•|неродоуемъ
то|то
вѣсть|вѣсть
каꙁновати|казноваті
прѣстѹпаѭщаꙗ|прѣстоупаѭщаꙗ
нꙑ•|нъі
ст҃хъ|ст҃хъ
его|его
ꙁаповѣдьи•|заповѣдьі
не|не
моꙁѣмъ|мозѣмъ
ѹбо|оубо
оскръбити|оскръбіті
на|на
нꙑ|нъі
благаго|благаго
нашего|нашего
б҃а•|б҃а
мл҃даго•|мл҃даго
милостиваго•|мілостіваго
с҃таго•|с҃таго
чистаго•|чістаго
непорочьнаго•|непорочьнаго
беꙁвѣстьнаго•|безвѣстьнаго
беꙁгнѣвьнаго•|безгнѣвьнаго
иже|іже
есть|есть
надъ|надъ
вьсѣмь•|вьсѣмь
гл҃емꙑмь|гл҃емъімь
и|і
раꙁѹмѣваемꙑмь•|разоумѣваемъімь
именованꙑмь•|іменованъімь
и|і
вꙑсочѣи|въісочѣі
б҃ъ|б҃ъ
і҃у|і҃у
х҃ъ•|х҃ъ
да|да
радѹеть|радоуеть
сѧ|сѧ
съ|съ
нами|намі
добрѣ|добрѣ
намъ|намъ
живѫщемъ•|жівѫщемъ
да|да
веселить|веселіть
сѧ|сѧ
чистѣ|чістѣ
живѫщемъ|жівѫщемъ
намъ•|намъ
и|і
добрѣ|добрѣ
въꙁдрьжѧщемъ|въздрьжѧщемъ
сѧ•|сѧ
и|і
цѣломѫдрѹѭщемъ|цѣломѫдроуѭщемъ
намъ•|намъ
аще|аще
бо|бо
нач͗немъ|начнемъ
тепло|тепло
ꙁаповѣди|заповѣді
бж҃ьꙗ|бж҃ьꙗ
съдѣвати•|съдѣваті
то|то
всѧ|всѧ
нашѧ|нашѧ
к|к
томѹ|томоу
чѫвитвꙑ|чѫвітвъі
чѫвьствомь|чѫвьствомь
просвѣтѧщи|просвѣтѧщі
благодѣть|благодѣть
наша•|наша
ꙗко|ꙗко
попалѧѭщи|попалѧѭщі
помꙑшленьꙗ•|помъішленьꙗ
сладѧщи|сладѧщі
же|же
наше|наше
ср҃це•|ср҃це
мирьномь|мірьномь
етеромь•|етеромь
люблениимь|любленіімь
славномь•|славномь
дхв҃на|дхв҃на
етера•|етера
не|не
еще|еще
по|по
плъти|плъті
помꙑшлѧти|помъішлѧті
насъ|насъ
приготоваеть•|пріготоваеть
ѱано|псано
же|же
есть|есть
и|і
въ|въ
притъчахъ•|прітъчахъ
сн҃е•|сн҃е
не|не
отъпади•|отъпаді
съблюди|съблюді
же•|же
мои|моі
съвѣтъ|съвѣтъ
и|і
помꙑшлениѥ•|помъішленіе
да|да
поживеть|пожіветь
дш҃ѧ|дш҃ѧ
твоꙗ•|твоꙗ
да|да
ходиши|ходіші
надѣавъ|надѣавъ
сѧ|сѧ
въ|въ
мирѣ•|мірѣ
по|по
всѣмъ|всѣмъ
пѫтемъ|пѫтемъ
твоимъ•|твоімъ
г҃ь|г҃ь
бо|бо
бѫдеть|бѫдеть
на|на
всѣхъ|всѣхъ
пѹтехъ|поутехъ
твоихъ•|твоіхъ
и|і
пакꙑ•|пакъі
съхранѧи|съхранѧі
ꙁаповѣди•|заповѣді
ниже|ніже
прѣꙁьри|прѣзьрі
гл҃аньꙗ|гл҃аньꙗ
ѹстъ|оустъ
моихъ•|моіхъ
ниже|ніже
ѹклони|оуклоні
сѧ|сѧ
отъ|отъ
гл҃ъ|гл҃ъ
ѹстъ|оустъ
моихъ•|моіхъ
ниже|ніже
остави|оставі
еꙗ•|еꙗ
и|і
їметь|іметь
сѧ|сѧ
по|по
тѧ•|тѧ
и|і
пакꙑ•|пакъі
сн҃е•|сн҃е
къ|къ
моимъ|моімъ
глаголомъ|глаголомъ
прилагаи|прілагаі
твое|твое
ѹхо•|оухо
и|і
храни|храні
ꙗ|ꙗ
въ|въ
твоемь|твоемь
срд҃ци•|срд҃ці
животъ|жівотъ
бо|бо
сѫть|сѫть
обрѣтаѭщимъ|обрѣтаѭщімъ
ꙗ•|ꙗ
и|і
в͗сеи|всеі
плъти|плъті
исцѣление•|ісцѣленіе
и|і
въ|въ
еклисиастѣ|еклісіастѣ
хранѧи|хранѧі
ꙁаповѣди•|заповѣді
не|не
поꙁнаеть|познаеть
гл҃а|гл҃а
ꙁъла•|зъла
хранѧи|хранѧі
ꙁаповѣдь•|заповѣдь
тъ|тъ
съдравѫеть•|съдравѫеть
и|і
приричеть•|прірічеть
бл҃жнъ|бл҃жнъ
мѫжь|мѫжь
иже|іже
послѹшаеть|послоушаеть
мене•|мене
и|і
чл҃къ|чл҃къ
иже|іже
пѫти|пѫті
моꙗ|моꙗ
хранить•|храніть
и|і
павлъ|павлъ
тимотѹ|тімотоу
ꙁапрѣщаѭ|запрѣщаѭ
ти|ті
прѣдъ|прѣдъ
гм҃ь•|гм҃ь
съблюсти|съблюсті
ꙁаповѣдь|заповѣдь
бескврьннѫ•|бескврьннѫ
неꙁаꙁорьнѫ•|незазорьнѫ
и|і
корꙋнтѣньмъ•|короунтѣньмъ
хвалю|хвалю
же|же
вꙑ|въі
ꙗко|ꙗко
всегда|всегда
мѧ|мѧ
помните•|помніте
ꙗкоже|ꙗкоже
прѣдахъ|прѣдахъ
вамъ|вамъ
прѣданиꙗ|прѣданіꙗ
дрьжите•|дрьжіте
семѹ|семоу
же|же
кажеми|кажемі
есмъ•|есмъ
всѣми|всѣмі
бж҃ьствьнꙑми|бж҃ьствьнъімі
ѱаньи•|псаньі
ꙗко|ꙗко
не|не
тъчьѫ|тъчьѫ
длъжьни|длъжьні
есмъ|есмъ
ꙁаповѣди|заповѣді
бж҃ьꙗ|бж҃ьꙗ
хранити|храніті
бес|бес
прѣстѫплениꙗ•|прѣстѫпленіꙗ
нъ|нъ
и|і
оц҃ь|оц҃ь
нашихъ|нашіхъ
и|і
ѹчитель|оучітель
и|і
игѹменъ•|ігоуменъ
съ|съ
всѣмь|всѣмь
говѣньемь•|говѣньемь
неврѣдимы|неврѣдімъі
съблюдати•|съблюдаті
рече|рече
же|же
и|і
г҃ь•|г҃ь
вꙑ|въі
дрѹꙁи|дроузі
мои|моі
есте•|есте
аще|аще
ꙗже|ꙗже
аꙁъ|азъ
ꙁаповѣдаѭ|заповѣдаѭ
вамъ|вамъ
створите•|створіте
и|і
пакꙑ•|пакъі
аще|аще
ꙁаповѣди|заповѣді
моꙗ|моꙗ
съблюдете•|съблюдете
прѣбѹте|прѣбоуте
въ|въ
любъви|любъві
моеи•|моеі
ꙗкоже|ꙗкоже
аꙁъ|азъ
ꙁаповѣди|заповѣді
о҃ца|о҃ца
моего|моего
съблюдохъ•|съблюдохъ
и|і
прѣбꙑваѭ|прѣбъіваѭ
въ|въ
любъви|любъві
его•|его
емѹже|емоуже
слава|слава
нꙑнѧ|нъінѧ
и|і
присно•|прісно
рі҃е|рі҃е
⁘О|о
КРОТОСТИ⁘|кротості
Кротость|кротость
ѹслѹжаеть|оуслоужаеть
бж҃ствѹ•|бж҃ствоу
ибо|ібо
моси|мосі
ꙁане|зане
бѧаше|бѧаше
кротокъ|кротокъ
паче|паче
в͗сѣхъ•|всѣхъ
слѹга|слоуга
бж҃ии|бж҃іі
нарече|нарече
сѧ•|сѧ
и|і
бг҃овидьꙗ|бг҃овідьꙗ
паче|паче
в͗сѣхъ|всѣхъ
пр҃къ|пр҃къ
съподоби|съподобі
сѧ•|сѧ
не|не
тако|тако
бо|бо
ꙗко|ꙗко
слѹга|слоуга
мои|моі
моси•|мосі
ѹстꙑ|оустъі
къ|къ
ѹстомъ|оустомъ
въꙁг҃лѭ|възг҃лѭ
емѹ•|емоу
нъ|нъ
и|і
егда|егда
къ|къ
немѹ|немоу
арѡнѹ•|ароноу
бестѹжда|бестоужда
етерꙑ•|етеръі
архиеросѹни|архіеросоуні
и|і
етнаархии•|етнаархіі
въсташѧ|въсташѧ
одолѹѭще•|одолоуѭще
обладааше|обладааше
ѹбо|оубо
в͗сѣмь|всѣмь
любочьстьимь•|любочьстьімь
и|і
любовластиемь•|любовластіемь
и|і
ѹстѫпаше|оустѫпаше
бм҃ь|бм҃ь
сѫжденѹмѹ•|сѫжденоумоу
людьское|людьское
прѣдъставитие•|прѣдъставітіе
а|а
понежеи|понежеі
пакꙑ|пакъі
събьрашѧ|събьрашѧ
сѧ|сѧ
на|на
нь•|нь
и|і
прьвꙑхъ|прьвъіхъ
поношаѭще|поношаѭще
прѣщаахѹ•|прѣщаахоу
и|і
мала|мала
не|не
имѧхѹ|імѧхоу
его•|его
нарицѧше|наріцѧше
ѹбо|оубо
кротъкꙑ|кротъкъі
благаго|благаго
на|на
сп҃сение•|сп҃сеніе
самъ|самъ
же|же
б҃а|б҃а
ꙁа|за
нѧ|нѧ
милостива|мілостіва
творѧше|творѧше
аще|аще
оставлѧеши|оставлѧеші
имъ|імъ
грѣхꙑ|грѣхъі
то|то
остави•|оставі
аще|аще
ли|лі
ни•|ні
то|то
мѧ|мѧ
оцѣсти|оцѣсті
ис|іс
кънигъ|кънігъ
ꙗже|ꙗже
наѱа•|напса
и|і
кротъкꙑ|кротъкъі
дв҃дъ•|дв҃дъ
въставъшѹ|въставъшоу
на|на
нь|нь
сн҃ѹ|сн҃оу
его•|его
створьшѫ|створьшѫ
ꙗвѣ|ꙗвѣ
омраꙁѫ|омразѫ
въ|въ
женахъ|женахъ
его•|его
и|і
ищѹщѫ|іщоущѫ
ѹбити|оубіті
и•|і
по|по
истинѣ|істінѣ
кротъкъи|кротъкъі
и|і
правьдивъи|правьдівъі
и|і
беꙁлобивъи•|безлобівъі
по|по
немь|немь
плакаше|плакаше
сѧ•|сѧ
такожде|такожде
и|і
семеѭ•|семеѭ
кльнѫщю|кльнѫщоу
и|і
камениемь|каменіемь
метаѭщѫ|метаѭщѫ
его•|его
не|не
раꙁгнѣва|разгнѣва
сѧ|сѧ
на|на
нь•|нь
нъ|нъ
рече|рече
отрокомъ|отрокомъ
своимъ•|своімъ
распꙑхавъшемъ|распъіхавъшемъ
сѧ|сѧ
и|і
имъ|імъ
ѹбити|оубіті
и•|і
не|не
дѣите|дѣіте
его|его
клѧти|клѧті
дв҃да•|дв҃да
лѣпѣ|лѣпѣ
ѹбо|оубо
гл҃аше•|гл҃аше
помѧни|помѧні
г҃и|г҃і
дв҃да|дв҃да
и|і
в͗сѫ|всѫ
кротость|кротость
его•|его
довольльнѣ|довольльнѣ
ѹбо•|оубо
притъчи|прітъчі
див͗нѹѭ|дівноуѭ
сеѭ|сеѭ
мѹжѫ|моужѫ
мѹдрость•|моудрость
хотѧщиимъ|хотѧщіімъ
подобити|подобіті
сѧ|сѧ
кротости|кротості
еѭ|еѭ
и|і
беꙁълобиѭ•|безълобіѭ
да|да
съ|съ
нима|німа
ѹслꙑшѧть|оуслъішѧть
отъ|отъ
г҃а•|г҃а
блж҃ни|блж҃ні
кротъции|кротъціі
ꙗко|ꙗко
ти|ті
наслѣдѧть|наслѣдѧть
кротъкꙑхъ|кротъкъіхъ
ꙁемлю•|землю
кротость|кротость
бо|бо
ꙗже|ꙗже
на|на
бж҃ьѭ•|бж҃ьѭ
дѣло|дѣло
есть|есть
бг҃оѹгод͗но•|бг҃ооугодно
въупостасьно•|въупостасьно
на|на
кого|кого
бо|бо
рече|рече
приꙁьрю•|прізьрю
нъ|нъ
на|на
съмѣренаго•|съмѣренаго
и|і
кротъкаго|кротъкаго
и|і
млъчалива•|млъчаліва
и|і
трепещѫща|трепещѫща
моихъ|моіхъ
словесъ•|словесъ
красьно|красьно
ѹбо|оубо
видѣние•|відѣніе
тихо|тіхо
сꙑ|съі
море•|море
нъ|нъ
нѣсть|нѣсть
красьнѣе|красьнѣе
мирьнаго|мірьнаго
ѹстроеньꙗ•|оустроеньꙗ
тихѹ|тіхоу
бо|бо
сѫщѫ|сѫщѫ
морю•|морю
въслѣплють|въслѣплють
долъфини•|долъфіні
мир͗номь|мірномь
же|же
ѹстроениемь•|оустроеніемь
иꙁничѫть|ізнічѫть
гл҃и|гл҃і
бл҃голѣпи•|бл҃голѣпі
рече|рече
же|же
и|і
їꙗковъ•|іꙗковъ
отъврьгъше|отъврьгъше
в͗сѫ|всѫ
ꙁълобѫ|зълобѫ
и|і
скврьнѹ•|скврьноу
кротостьѭ|кротостьѭ
ср҃ца•|ср҃ца
приимѣте|пріімѣте
истовое|істовое
слово|слово
могѫщее|могѫщее
спс҃ти|спс҃ті
дш҃ѧ|дш҃ѧ
вашѧ•|вашѧ
пѣснивьць|пѣснівьць
же|же
дв҃дъ•|дв҃дъ
въсприемлѧ|въспріемлѧ
кротъкꙑꙗ|кротъкъіꙗ
г҃ь•|г҃ь
съмѣрѧꙗ|съмѣрѧꙗ
же|же
грѣшьникы|грѣшьнікъі
до|до
ꙁемлѧ•|землѧ
и|і
наставить|наставіть
кротъкꙑꙗ|кротъкъіꙗ
на|на
сѫдъ•|сѫдъ
наѹчить|наоучіть
кротъкꙑꙗ|кротъкъіꙗ
пѫтьмъ|пѫтьмъ
своимъ•|своімъ
и|і
їнъ•|інъ
люди|люді
кротъкꙑꙗ|кротъкъіꙗ
сп҃сеть|сп҃сеть
г҃ь•|г҃ь
очи|очі
же|же
вꙑсокꙑхъ|въісокъіхъ
съмѣрить•|съмѣріть
благꙑи|благъіі
же|же
нашь|нашь
г҃ь•|г҃ь
въꙁьмѣте|възьмѣте
иго|іго
мое|мое
на|на
сѧ•|сѧ
и|і
навꙑкнѣте|навъікнѣте
отъ|отъ
мене|мене
ꙗко|ꙗко
кротъкъ|кротъкъ
есмь|есмь
и|і
съмѣренъ|съмѣренъ
срц҃мь•|срц҃мь
и|і
обрѧщете|обрѧщете
покои|покоі
дш҃амъ|дш҃амъ
вашим͗•|вашім
иго|іго
бо|бо
мое|мое
маꙁано•|мазано
и|і
брѣмѧ|брѣмѧ
мое|мое
льгъко|льгъко
есть•|есть
се|се
гл҃ющѫмѹ|гл҃ющѫмоу
милостивѫмѹ|мілостівѫмоу
б҃ѹ|б҃оу
нашемѹ|нашемоу
слава|слава
въ|въ
вѣкꙑ|вѣкъі
вѣком|вѣком
АМИН|амін
рі҃ꙅ|рі҃з
⁘О|о
ТОМЬ|томь
ѤЖЕ|еже
ꙌБИДИМОУ|обідімоу
БЬІТИ⁘|бьіті
А|а
НЕ|не
ОБИДѢТИ|обідѣті
О|о
томь|томь
еже|еже
обидѣти|обідѣті
ветъхъи|ветъхъі
ꙁаконъ|законъ
повелѣваеть•|повелѣваеть
а|а
о|о
томь|томь
еже|еже
обидимѫ|обідімѫ
бꙑвати•|бъіваті
и|і
благодарити•|благодаріті
новъи|новъі
приповелѣваеть•|пріповелѣваеть
паче|паче
же|же
ꙁакон͗нъи|законнъі
съврьшитель|съврьшітель
на|на
съврьшение•|съврьшеніе
и|і
сыновьство|съіновьство
ведꙑ|ведъі
чл҃ка•|чл҃ка
бѫдѣте|бѫдѣте
бо|бо
рече|рече
милостиви|мілостіві
ꙗко|ꙗко
и|і
оц҃ь|оц҃ь
вашь|вашь
нбс҃нъи|нбс҃нъі
милостивъ|мілостівъ
есть•|есть
подобаеть|подобаеть
ѹбо|оубо
хотѧщѹмѫ|хотѧщоумѫ
свѣтлоѭ|свѣтлоѭ
ѹвѧсти|оувѧсті
сѧ|сѧ
побѣдоѭ•|побѣдоѭ
не|не
тъчьѭ|тъчьѭ
коримѹ|корімоу
и|і
обидимѹ|обідімоу
трьпѣти|трьпѣті
добльнѣ•|добльнѣ
нъ|нъ
и|і
боле|боле
подаꙗти|подаꙗті
обидѧщѫмѹ|обідѧщѫмоу
ихъже|іхъже
хощеть|хощеть
въꙁѧти•|възѧті
и|і
ѹставꙑ|оуставъі
ꙁълꙑꙗ|зълъіꙗ
похоти•|похоті
оного|оного
обилиемь|обіліемь
своего•|своего
прѣити|прѣіті
любочьстьꙗ•|любочьстьꙗ
хотѧи|хотѧі
ѹбо|оубо
ѹченикъ|оученікъ
бꙑти|бъіті
х҃въ•|х҃въ
то|то
ѹчениꙗ|оученіꙗ
ѹчителева|оучітелева
дѣаниемь|дѣаніемь
да|да
покажеть•|покажеть
иже|іже
оклеветаваемъ|оклеветаваемъ
рече|рече
не|не
въсклеветаваше•|въсклеветаваше
стражда|стражда
не|не
прѣщааше•|прѣщааше
аще|аще
ли•|лі
то|то
слꙑшати|слъішаті
имать•|імать
что|что
ми|мі
гл҃ете|гл҃ете
г҃и|г҃і
г҃и•|г҃і
а|а
не|не
творите|творіте
ꙗже|ꙗже
г҃лю•|г҃лю
истиннъи|істіннъі
ѹченикъ|оученікъ
волить•|воліть
обидимъ|обідімъ
бꙑти|бъіті
а|а
не|не
обидѣти•|обідѣті
и|і
съмѣрениемь|съмѣреніемь
одолѣти|одолѣті
обидѧщиимъ|обідѧщіімъ
и•|і
и|і
противѹ|протівоу
гнѣвомъ|гнѣвомъ
ихъ|іхъ
кротъкъ|кротъкъ
бꙑти•|бъіті
противѹ|протівоу
вельрѣчьѭ|вельрѣчьѭ
ихъ|іхъ
съмѣреномѫдренъ•|съмѣреномѫдренъ
противѫ|протівѫ
сверѣпьѭ|сверѣпьѭ
тихъ•|тіхъ
а|а
не|не
подобити|подобіті
сѧ|сѧ
имъ|імъ
ничимьже•|нічімьже
нъ|нъ
кротостьѭ|кротостьѭ
ꙗко|ꙗко
подобитель|подобітель
г҃нь•|г҃нь
тъщѧ|тъщѧ
сѧ|сѧ
обидѣнъ|обідѣнъ
бꙑти•|бъіті
нежели|нежелі
обидѣти|обідѣті
кого•|кого
добро|добро
ѹбо|оубо
есть|есть
ꙗкоже|ꙗкоже
рече|рече
сѧ•|сѧ
нѹждеѭ|ноуждеѭ
трьпѣти|трьпѣті
хотѧщиихъ|хотѧщііхъ
нꙑ|нъі
обидѣти•|обідѣті
и|і
молити|моліті
сѧ|сѧ
о|о
нихъ•|ніхъ
да|да
покааньи|покааньі
еже|еже
въꙁдааниїмь•|въздааніімь
имиже|іміже
отъ|отъ
нихъ|ніхъ
въꙁбранишѧ|възбранішѧ
си•|сі
отрѣшать|отрѣшать
сѧ|сѧ
грѣха•|грѣха
лихоиманьꙗ•|ліхоіманьꙗ
се|се
бо|бо
хотѣние|хотѣніе
бж҃ье|бж҃ье
есть•|есть
да|да
лихоимьцѧ|ліхоімьцѧ
самого|самого
приобрѧщемъ•|пріобрѧщемъ
а|а
не|не
лиховъꙁѧтаго•|ліховъзѧтаго
иꙁбѣгаеть|ізбѣгаеть
бо|бо
отъ|отъ
грѣхъ|грѣхъ
обидимъ|обідімъ
чл҃къ•|чл҃къ
нъ|нъ
и|і
подобно|подобно
скръби|скръбі
обрѧщеть|обрѧщеть
подъꙗтие•|подъꙗтіе
причѧщии|прічѧщіі
сѧ|сѧ
раꙁѹмѣ|разоумѣ
ст҃ѣ|ст҃ѣ
и|і
сладости|сладості
бж҃ьꙗ|бж҃ьꙗ
въкѹсивъ•|въкоусівъ
ни|ні
тѧꙁати|тѧзаті
сѧ|сѧ
хощеть|хощеть
тъгда•|тъгда
ни|ні
тѧжѧ|тѧжѧ
двиꙁати|двізаті
отънѫдь|отънѫдь
съ|съ
цѣмь•|цѣмь
аще|аще
и|і
само|само
то|то
отемлють|отемлють
ѥмѹ•|емоу
въ|въ
неже|неже
сѧ|сѧ
есть|есть
облъклъ•|облъклъ
аще|аще
ли|лі
то|то
каꙗ|каꙗ
раꙁность|разность
трепета|трепета
бж҃ьꙗ•|бж҃ьꙗ
и|і
вѣка|вѣка
се|се
сего|сего
чл҃къ•|чл҃къ
ꙁаконъ|законъ
бо|бо
повелѣваеть•|повелѣваеть
не|не
обиди|обіді
искрьнѧго|іскрьнѧго
своего•|своего
и|і
да|да
не|не
облѧжеть|облѧжеть
мьꙁда|мьзда
наим͗нича|наімніча
ѹ|оу
тебѣ•|тебѣ
ни|ні
ꙁла|зла
рьци|рьці
глѹхѹ•|глоухоу
и|і
прѣдъ|прѣдъ
слѣпомь|слѣпомь
не|не
положи|положі
съблаꙁна•|съблазна
и|і
притъч͗никъ•|прітъчнікъ
не|не
нѹди|ноуді
ѹбогаго|оубогаго
нищь|ніщь
бо|бо
есть•|есть
ни|ні
же|же
ѹкори|оукорі
немощьна|немощьна
въ|въ
вратѣхъ•|вратѣхъ
г҃ь|г҃ь
бо|бо
сѹдить|соудіть
емѹ|емоу
сѹдомь•|соудомь
и|і
си|сі
ѹбо|оубо
ветъхъи•|ветъхъі
ꙗкоже|ꙗкоже
несъврьшеномь|несъврьшеномь
младенищемь|младеніщемь
гл҃аше•|гл҃аше
а|а
хв҃ъ|хв҃ъ
ꙁаконъ|законъ
съврьшенъ|съврьшенъ
сꙑ•|съі
съврьшенъимь|съврьшенъімь
тврьдѣмь|тврьдѣмь
браш͗нѣ•|брашнѣ
причащаѭщиимъ|прічащаѭщіімъ
сѧ|сѧ
ꙁаповѣдаеть•|заповѣдаеть
рече|рече
бо|бо
г҃ь•|г҃ь
молите|моліте
сѧ|сѧ
ꙁа|за
гонѧщѧꙗ|гонѧщѧꙗ
вꙑ•|въі
и|і
обидѧщаꙗ|обідѧщаꙗ
вꙑ•|въі
сьѭ|сьѭ
ꙁаповѣдь|заповѣдь
абие|абіе
съврьшаста•|съврьшаста
истиньна|істіньна
ѹченика|оученіка
хв҃а•|хв҃а
стефанъ|стефанъ
и|і
иꙗковъ•|іꙗковъ
овъ|овъ
камениемь|каменіемь
биваемъ•|біваемъ
овъ|овъ
же|же
съ|съ
брѣга|брѣга
сърѣваемъ•|сърѣваемъ
молꙗста|молꙗста
ꙁа|за
ѹбиваѭщѧѩ|оубіваѭщѧѧ
ꙗ•|ꙗ
рѣшѧ|рѣшѧ
и|і
ѡ|о
иꙗковѣ|іꙗковѣ
братѣ|братѣ
иѡан͗ни•|іоанні
ꙗко|ꙗко
видѣвъ|відѣвъ
и|і
ведома|ведома
на|на
съмрьть|съмрьть
клеветьникꙑ|клеветьнікъі
его•|его
раскаавъ|раскаавъ
сѧ•|сѧ
припаде|пріпаде
емѹ|емоу
гл҃ѧ•|гл҃ѧ
прости|прості
мѧ•|мѧ
онъ|онъ
же|же
пожьдавъ|пожьдавъ
мало|мало
рече•|рече
миръ|міръ
тебѣ•|тебѣ
и|і
облобꙑꙁа|облобъіза
и•|і
онъ|онъ
же|же
абие|абіе
гласомь|гласомь
великомь|велікомь
крьстьꙗнъ|крьстьꙗнъ
сѧ|сѧ
нарече•|нарече
и|і
съпричьтъ|съпрічьтъ
сѧ|сѧ
оклеветанѣмь|оклеветанѣмь
имь|імь
съ|съ
нимь|німь
почьсти|почьсті
вꙑшнѧго|въішнѧго
раꙁѹма|разоума
доиде•|доіде
рече|рече
же|же
и|і
петръ•|петръ
каꙗ|каꙗ
хвала•|хвала
аще|аще
и|і
съгрѣшаѭще|съгрѣшаѭще
и|і
мѫчими|мѫчімі
трьпите•|трьпіте
нъ|нъ
аще|аще
добро|добро
творѧще|творѧще
и|і
стражѹще|стражоуще
трьпите•|трьпіте
се|се
благодѣть|благодѣть
отъ|отъ
б҃а•|б҃а
да|да
о|о
немь|немь
оклеветаваѭть|оклеветаваѭть
вꙑ|въі
ꙗко|ꙗко
ꙁълодѣꙗ•|зълодѣꙗ
постꙑдѧть|постъідѧть
сѧ|сѧ
хѹлѧщеи|хоулѧщеі
чистое|чістое
о|о
х҃ѣ|х҃ѣ
житье|жітье
ваше•|ваше
и|і
приводить•|пріводіть
вѣсть|вѣсть
г҃ь|г҃ь
отъ|отъ
напасти•|напасті
благочьстивꙑꙗ|благочьстівъіꙗ
иꙁбавлѧти•|ізбавлѧті
неправьдьникꙑ|неправьдьнікъі
же|же
въ|въ
дн҃ь|дн҃ь
сѫдьнъи|сѫдьнъі
блюсти•|блюсті
и|і
дв҃дъ|дв҃дъ
творѧщѧ|творѧщѧ
сѫдъ|сѫдъ
обидимъимъ•|обідімъімъ
даѭщаго|даѭщаго
пищѹ|піщоу
ал͗чѫщиимъ•|алчѫщіімъ
сего|сего
ради|раді
и|і
аꙁъ|азъ
неправьдѹ|неправьдоу
въꙁненавидѣхъ|възненавідѣхъ
и|і
мрьꙁѣ|мрьзѣ
ми•|мі
ꙁаконъ|законъ
же|же
твои|твоі
въꙁлюбихъ•|възлюбіхъ
имьже|імьже
вл҃ко|вл҃ко
твоꙗ|твоꙗ
ꙁаповѣдь|заповѣдь
есть|есть
обидимѹ|обідімоу
бꙑти•|бъіті
въꙁдаꙗхѹ|въздаꙗхоу
ми|мі
ꙁълаа|зълаа
въꙁ|въз
добраа•|добраа
аꙁъ|азъ
же|же
молитвѹ|молітвоу
дѣахъ•|дѣахъ
б҃е|б҃е
мои|моі
иꙁбави|ізбаві
мѧ|мѧ
иꙁ-д-рѹкꙑ|іздроукъі
ꙁаконопрѣстѹп͗наго•|законопрѣстоупнаго
и|і
обидѧщаго•|обідѧщаго
павлъ|павлъ
же•|же
почто|почто
не|не
паче|паче
обидими|обідімі
есте•|есте
нъ|нъ
вꙑ|въі
обидите|обідіте
и|і
лишаете•|лішаете
и|і
се|се
братьѭ•|братьѭ
или|ілі
не|не
вѣсте|вѣсте
ꙗко|ꙗко
обидьливии|обідьлівіі
црс҃тва|црс҃тва
бж҃ьꙗ|бж҃ьꙗ
не|не
наслѣдѧть•|наслѣдѧть
и|і
въ|въ
инѣхъ•|інѣхъ
братье•|братье
въспоминаите|въспомінаіте
прьвꙑꙗ|прьвъіꙗ
дьни•|дьні
въ|въ
нѧже|нѧже
просвѣщьше|просвѣщьше
сѧ•|сѧ
многꙑ|многъі
страсти|страсті
прѣтрьпѣсте|прѣтрьпѣсте
мѹкъ•|моукъ
се|се
ѹбо|оубо
поношении|поношеніі
и|і
печальми|печальмі
поꙁорѹ|позороу
бꙑвъше•|бъівъше
гл҃еть|гл҃еть
же|же
и|і
г҃ь•|г҃ь
аще|аще
к͗то|кто
поиметь|поіметь
тѧ|тѧ
по|по
силѣ|сілѣ
попьрище|попьріще
едино•|едіно
иди|іді
съ|съ
нимь|німь
дъвѣ•|дъвѣ
и|і
хотѧщѫмѹ|хотѧщѫмоу
сѫдъ|сѫдъ
приꙗти|пріꙗті
съ|съ
тобоѭ•|тобоѭ
и|і
риꙁѫ|різѫ
твоѭ|твоѭ
въꙁѧти•|възѧті
отъпѹсти|отъпоусті
емѹ|емоу
и|і
срачицѫ•|срачіцѫ
бьѭщѫмѹ|бьѭщѫмоу
тѧ|тѧ
въ|въ
деснѫѭ|деснѫѭ
ланитѹ•|ланітоу
подаи|подаі
дрѹгѹѭ•|дроугоуѭ
блажени|блажені
бо|бо
бѫдете|бѫдете
егда|егда
въꙁненавидѧть|възненавідѧть
вꙑ|въі
чл҃ци•|чл҃ці
и|і
раꙁлѹчать|разлоучать
с҃на|с҃на
ради|раді
чл҃ча•|чл҃ча
радѹите|радоуіте
сѧ|сѧ
и|і
веселите•|веселіте
ꙗко|ꙗко
мьꙁда|мьзда
ваша|ваша
многа|многа
есть|есть
на|на
нбс҃хъ•|нбс҃хъ
о|о
х҃ѣ|х҃ѣ
и҃сѣ|і҃сѣ
емѹже|емоуже
слава|слава
съ|съ
о҃цемь|о҃цемь
и|і
ст҃мь|ст҃мь
дѹхомь•|доухомь
нꙑнѧ|нъінѧ
и|і
прїсно|прісно
АМИН|амін
рі҃ꙁ|рі҃з
⁘О|о
БЛ҃ГОДАРИИ⁘|бл҃годаріі
⁘РЕКЪШЕ|рекъше
О|о
ПОхвалении:|похваленіі
Ѥже|еже
в͗семь|всемь
о|о
благодарьи•|благодарьі
длъж͗ници|длъжніці
есмъ|есмъ
по|по
ап҃лѹ•|ап҃лоу
любо|любо
ѹтѣшаеми•|оутѣшаемі
любо|любо
оскръбаѧеми•|оскръбаѧемі
промꙑсльникъ|промъісльнікъ
бо|бо
д҃шь|д҃шь
нашихъ•|нашіхъ
г҃ь|г҃ь
скръбии|скръбіі
ѹньшинѣ|оуньшінѣ
нашеи•|нашеі
наводить|наводіть
ꙗко|ꙗко
хꙑтръ|хъітръ
врачь|врачь
и|і
трьпъкаа|трьпъкаа
жежениꙗ|жеженіꙗ
противѹ|протівоу
ꙗꙁи|ꙗзі
приносить•|пріносіть
да|да
цѣлъ|цѣлъ
бѫдеть|бѫдеть
чл҃къ•|чл҃къ
и|і
ꙗко|ꙗко
чадолюбивъ|чадолюбівъ
оц҃ь•|оц҃ь
егда|егда
ѹꙁьрить|оузьріть
бещинѹѭща|бещіноуѭща
своего|своего
сн҃а•|сн҃а
то|то
кажеть•|кажеть
егдаже|егдаже
видить|відіть
прѣнемагаѭща•|прѣнемагаѭща
то|то
тѣшить|тѣшіть
и•|і
тако|тако
творить|творіть
намъ•|намъ
и|і
бл҃гꙑи|бл҃гъіі
нашь|нашь
вл҃ка|вл҃ка
и|і
оц҃ь•|оц҃ь
всѣ|всѣ
на|на
ѹньшинѫ|оуньшінѫ
нашѫ|нашѫ
приносить•|пріносіть
ли|лі
ѹтѣшение•|оутѣшеніе
или|ілі
каꙁание•|казаніе
ꙗко|ꙗко
чадолюбьць•|чадолюбьць
мꙑ|мъі
ѹбо|оубо
въ|въ
скръбьхъ|скръбьхъ
паче|паче
длъжьни|длъжьні
есмъ|есмъ
благодарити•|благодаріті
ꙗко|ꙗко
присни•|прісні
а|а
не|не
ꙗко|ꙗко
неприснии|непрісніі
сн҃ве•|сн҃ве
аще|аще
г҃ь|г҃ь
вл҃ка|вл҃ка
по|по
сѹщьѭ•|соущьѭ
и|і
вл҃ка|вл҃ка
по|по
смотреньѭ•|смотреньѭ
ꙗко|ꙗко
и|і
не|не
сѫща|сѫща
створи•|створі
и|і
ѹмьръша|оумьръша
грѣхомь•|грѣхомь
своеѭ|своеѭ
кръвьѭ|кръвьѭ
искѹпилъ•|іскоупілъ
мꙑ|мъі
неключими|неключімі
раби•|рабі
кое|кое
благодарие|благодаріе
можемъ|можемъ
емѹ|емоу
въꙁдати•|въздаті
а|а
аще|аще
въ|въ
добръдьньихъ|добръдьньіхъ
тъчьѭ|тъчьѭ
дарѹемъ•|дароуемъ
то|то
тъч͗ни|тъчні
обрѧщемъ|обрѧщемъ
сѧ•|сѧ
неблагодаривъимъ|неблагодарівъімъ
иѭдеѡмъ•|іѭдеомъ
иже|іже
егда|егда
ѹбо|оубо
ꙗдѧхѹ|ꙗдѧхоу
въ|въ
пѹстыни|поустъіні
чѫдотворѧщѫ|чѫдотворѧщѫ
г҃ѫ|г҃ѫ
гл҃ахѹ•|гл҃ахоу
се|се
есть|есть
истиноѭ•|істіноѭ
пр҃къ|пр҃къ
и|і
хотѧахѫ|хотѧахѫ
въсхꙑтити|въсхъітіті
и|і
створити|створіті
цр҃ѧ•|цр҃ѧ
егдаже|егдаже
гл҃аше|гл҃аше
имъ•|імъ
дѣлаите|дѣлаіте
не|не
брашьно|брашьно
гꙑблющее•|гъіблющее
нъ|нъ
прѣбꙑваѭщее|прѣбъіваѭщее
въ|въ
жиꙁнь|жізнь
вѣчьнѫѭ•|вѣчьнѫѭ
гл҃ахѹ•|гл҃ахоу
кое|кое
ꙁнамение|знаменіе
даеши|даеші
намъ•|намъ
ѹбо|оубо
ключить|ключіть
сѧ|сѧ
намъ•|намъ
еже|еже
исповѣсть|ісповѣсть
сѧ|сѧ
тебѣ•|тебѣ
егда|егда
ѹблажиши|оублажіші
и•|і
и|і
таковꙑи|таковъіі
не|не
ѹꙁьрить|оузьріть
свѣта•|свѣта
не|не
ѹподобимъ|оуподобімъ
сѧ|сѧ
ѹбо|оубо
беꙁблагодѣтнꙑмъ•|безблагодѣтнъімъ
нъ|нъ
ꙗко|ꙗко
ѹченици|оученіці
благодѣтьꙗ|благодѣтьꙗ
обраꙁьемь|образьемь
благодарьемь|благодарьемь
бѫдѣмъ•|бѫдѣмъ
да|да
и|і
ти|ті
въꙁмогѹть|възмогоуть
ꙁьрѧще|зьрѧще
свѣта|свѣта
благодарьꙗ|благодарьꙗ
нашего•|нашего
отъстѫпити|отъстѫпіті
отъ|отъ
дрьжаща|дрьжаща
ꙗ|ꙗ
тьмꙑ|тьмъі
нераꙁѹмиꙗ•|неразоуміꙗ
еже|еже
бо|бо
о|о
всемь|всемь
благодарити•|благодаріті
обьдрьжана|обьдрьжана
ꙁаповѣдь|заповѣдь
есть•|есть
любо|любо
добродѹшѹеть|добродоушоуеть
к͗то•|кто
любо|любо
печалѹеть•|печалоуеть
любо|любо
скръбить•|скръбіть
любо|любо
радѹеть|радоуеть
сѧ•|сѧ
длъжънъ|длъжънъ
есть|есть
бл҃годарити•|бл҃годаріті
ꙗкоже|ꙗкоже
бѣ|бѣ
великꙑи|велікъіі
иѡвъ•|іовъ
погѹбивъ|погоубівъ
бо|бо
в͗се|все
свое•|свое
еще|еще
же|же
же|же
и|і
десѧти|десѧті
птищь|птіщь
гнѣꙁдо|гнѣздо
чадъ•|чадъ
посѫтомъ|посѫтомъ
имъ•|імъ
оборенꙑмъ|оборенъімъ
въ|въ
пирѣ•|пірѣ
хвалѹ|хвалоу
въꙁдавъ|въздавъ
гл҃аше•|гл҃аше
г҃ь|г҃ь
дасть|дасть
г҃ь|г҃ь
отѧтъ•|отѧтъ
ꙗко|ꙗко
г҃ю|г҃ю
годѣ|годѣ
бꙑсть|бъість
тако|тако
и|і
бꙑсть•|бъість
бѫди|бѫді
имѧ|імѧ
гн҃е|гн҃е
бл҃гно•|бл҃гно
и|і
не|не
тъчьѭ|тъчьѭ
се•|се
нъ|нъ
и|і
на|на
съметищи|съметіщі
сѣдѧ•|сѣдѧ
въ|въ
гнои|гноі
чрьви|чрьві
и|і
слꙑша|слъіша
отъ|отъ
сѫжити•|сѫжіті
рьци|рьці
слово|слово
къ|къ
г҃ю|г҃ю
и|і
ѹмьри•|оумьрі
прѣставъ|прѣставъ
же|же
ѭ|ѭ
гл҃а•|гл҃а
ꙗко|ꙗко
едина|едіна
отъ|отъ
беꙁѹмьнꙑхъ|безоумьнъіхъ
женъ|женъ
гл҃ѧ•|гл҃ѧ
аще|аще
добро|добро
иꙁ-д-рѹкꙑ|іздроукъі
гн҃ѧ|гн҃ѧ
приꙗховѣ•|пріꙗховѣ
то|то
ꙁълаго|зълаго
не|не
трьпивѣ|трьпівѣ
ли•|лі
тако|тако
съкаꙁаеть|съказаеть
сѧ|сѧ
истиньнꙑи|істіньнъіі
благодарьць•|благодарьць
иже|іже
въ|въ
великахъ|велікахъ
напастехъ|напастехъ
хвалословесѹꙗ|хвалословесоуꙗ
г҃а•|г҃а
поꙁнание|познаніе
же|же
беспохвальнаго•|беспохвальнаго
еже|еже
пороковати|пороковаті
въ|въ
скръбьхъ•|скръбьхъ
и|і
еже|еже
поръпътати•|поръпътаті
и|і
еже|еже
симъ|сімъ
подоб͗но|подобно
е•|е
трьпѣливꙑи|трьпѣлівъіі
же|же
и|і
пространꙑи|пространъіі
въ|въ
скръбъхъ|скръбъхъ
дв҃дъ•|дв҃дъ
видѣвъ|відѣвъ
ꙗко|ꙗко
ѹмрѣ|оумрѣ
отрочищь•|отрочіщь
въставъ|въставъ
съ|съ
ꙁемлѧ|землѧ
и|і
поклони|поклоні
сѧ|сѧ
г҃ю•|г҃ю
и|і
инъ|інъ
гл҃аше•|гл҃аше
кто|кто
есмь|есмь
аꙁъ|азъ
г҃и|г҃і
мои|моі
г҃и|г҃і
ꙗко|ꙗко
въꙁлюбилъ|възлюбілъ
мѧ|мѧ
еси|есі
до|до
сихъ•|сіхъ
и|і
пакꙑ|пакъі
поꙗ|поꙗ
гл҃аше•|гл҃аше
в͗сѧ|всѧ
кости|кості
моꙗ|моꙗ
рекѫть|рекѫть
г҃и|г҃і
г҃и|г҃і
к͗то|кто
подобьнъ|подобьнъ
тебѣ•|тебѣ
иꙁбавлѧꙗ|ізбавлѧꙗ
нища•|ніща
иꙁ-д-рѹкы|іздроукъі
крѣпльшихъ|крѣпльшіхъ
его•|его
и|і
пакꙑ•|пакъі
ꙗже|ꙗже
створи|створі
м͗нѣ|мнѣ
величьꙗ|велічьꙗ
бж҃е|бж҃е
к͗то|кто
подобенъ|подобенъ
тебѣ•|тебѣ
ꙗко|ꙗко
дрьжалъ|дрьжалъ
еси|есі
рѫкѹ|рѫкоу
деснѹѭ|десноуѭ
моѭ•|моѭ
и|і
съвѣтомь|съвѣтомь
твоимь|твоімь
наставилъ|наставілъ
мѧ|мѧ
еси•|есі
и|і
съ|съ
славоѭ|славоѭ
твоеѭ|твоеѭ
приꙗтъ|пріꙗтъ
мѧ•|мѧ
сего|сего
ради|раді
въꙁнесѫ|възнесѫ
тѧ|тѧ
цр҃ѫ|цр҃ѫ
мои|моі
бж҃е|бж҃е
мои•|моі
и|і
бл҃щѫ|бл҃щѫ
имѧ|імѧ
твое|твое
въ|въ
вѣкꙑ•|вѣкъі
и|і
исповѣмь|ісповѣмь
сѧ|сѧ
тебѣ|тебѣ
ꙗко|ꙗко
ѹслꙑшѧ|оуслъішѧ
мѧ•|мѧ
и|і
бꙑсть|бъість
м͗нѣ|мнѣ
въ|въ
спс҃ниѥ•|спс҃ніе
отъ|отъ
в͗сѣхъ|всѣхъ
печалии|печаліі
иꙁбавилъ|ізбавілъ
мѧ|мѧ
еси•|есі
помѧнѫхъ|помѧнѫхъ
тѧ|тѧ
г҃и|г҃і
вл҃ко•|вл҃ко
и|і
въꙁвеселихъ|възвеселіхъ
сѧ•|сѧ
и|і
бл҃нъ|бл҃нъ
еси|есі
бж҃е•|бж҃е
иже|іже
не|не
остави|оставі
млт҃вꙑ|млт҃въі
моеꙗ•|моеꙗ
и|і
милости|мілості
своеꙗ|своеꙗ
отъ|отъ
мене•|мене
рече|рече
исаиꙗ•|ісаіꙗ
блс҃щѫ|блс҃щѫ
тѧ|тѧ
г҃и|г҃і
ꙁане|зане
раꙁгнѣва|разгнѣва
сѧ|сѧ
на|на
мѧ|мѧ
и|і
помилова|помілова
мѧ•|мѧ
и|і
ꙁахариꙗ•|захаріꙗ
аще|аще
что|что
благо•|благо
то|то
того•|того
павьлъ|павьлъ
же•|же
в͗се|все
ѥже|еже
аще|аще
творите|творіте
рече|рече
словомь|словомь
или|ілі
дѣломь|дѣломь
в͗се|все
въ|въ
имѧ|імѧ
г҃а|г҃а
іс҃а•|іс҃а
благодарѧще|благодарѧще
б҃а|б҃а
и|і
оц҃а|оц҃а
имъ•|імъ
и|і
пакꙑ•|пакъі
кое|кое
благодарие|благодаріе
можеть|можеть
отъдати|отъдаті
отъ|отъ
васъ•|васъ
и|і
мꙑ|мъі
ѹбо|оубо
не|не
прѣстаѭще|прѣстаѭще
благодаримъ|благодарімъ
б҃а|б҃а
и|і
оц҃а•|оц҃а
ꙗко|ꙗко
не|не
пощѧдѣ|пощѧдѣ
единород͗наго|едінороднаго
сн҃а|сн҃а
своего•|своего
нъ|нъ
по|по
насъ|насъ
в͗сѣхъ|всѣхъ
прѣдасть|прѣдасть
и•|і
похвалимъ|похвалімъ
г҃а|г҃а
б҃а|б҃а
нашего|нашего
і҃у|і҃у
х҃а•|х҃а
ꙁане|зане
своеѭ|своеѭ
кръвьѭ|кръвьѭ
искѹпи|іскоупі
нꙑ•|нъі
бꙑвъ|бъівъ
ꙁа|за
нꙑ|нъі
клѧтва•|клѧтва
да|да
кѫѭ|кѫѭ
хвалѹ|хвалоу
или|ілі
кое|кое
благодарье•|благодарье
можеть|можеть
отъдати|отъдаті
ѥмѹ|емоу
ꙁа|за
в͗сѧ|всѧ
бл҃гаа•|бл҃гаа
ꙗже|ꙗже
обило|обіло
подасть|подасть
намъ|намъ
ѹбогъимъ•|оубогъімъ
благодарѹимъ|благодароуімъ
ст҃го|ст҃го
дх҃а•|дх҃а
гл҃авъшаго|гл҃авъшаго
ꙁакономь|закономь
и|і
пр҃кꙑ•|пр҃къі
и|і
новꙑмь|новъімь
ꙁавѣтомь•|завѣтомь
просвѣщаѭщаго|просвѣщаѭщаго
мꙑсли|мъіслі
нашѧ•|нашѧ
омраченꙑхъ|омраченъіхъ
раꙁѹмѣние•|разоумѣніе
и|і
дѣлание|дѣланіе
своихъ|своіхъ
ꙁаповѣдьи•|заповѣдьі
отврьꙁаѭть|отврьзаѭть
ѹста|оуста
наша•|наша
на|на
исповѣдание•|ісповѣданіе
и|і
благодарье|благодарье
своеꙗ|своеꙗ
ꙁаповѣди•|заповѣді
рече|рече
же|же
и|і
евн҃глстъ•|евн҃глстъ
въ|въ
оно|оно
врѣмѧ|врѣмѧ
отъвѣщавъ|отъвѣщавъ
їс҃ъ|іс҃ъ
рече|рече
исповѣдаю|ісповѣдаю
ти|ті
сѧ|сѧ
о҃че•|о҃че
г҃и|г҃і
небеси|небесі
и|і
ꙁемлѧ•|землѧ
ꙗко|ꙗко
ѹтаилъ|оутаілъ
еси|есі
отъ|отъ
прм҃дръ|прм҃дръ
и|і
раꙁѹмьнъ•|разоумьнъ
и|і
отъкрꙑлъ|отъкръілъ
еси|есі
младеньцемъ•|младеньцемъ
еи|еі
оч҃е•|оч҃е
ꙗко|ꙗко
тако|тако
бꙑсть|бъість
благоволение|благоволеніе
прѣдъ|прѣдъ
тобоѭ•|тобоѭ
ѥмѹже|емоуже
слава|слава
нынѧ|нъінѧ
и|і
присно|прісно
АМИН|амін
рі҃и|рі҃і
⁘О|о
ВЕСЕЛИИ|веселіі
ѤЖЕ⁘|еже
О|о
БОꙀѢ|бозѣ
Присносѹщее|прісносоущее
веселие|веселіе
къ|къ
б҃ѫ|б҃ѫ
съврьшенꙋѫ|съврьшеноуѫ
любовь•|любовь
въсътѧжавъшиихъ|въсътѧжавъшііхъ
есть•|есть
елико|еліко
насꙑщьше|насъіщьше
сѧ|сѧ
ст҃го|ст҃го
дх҃а•|дх҃а
о|о
немь|немь
веселѧть|веселѧть
сѧ•|сѧ
иже|іже
о|о
апл҃ѣхъ|апл҃ѣхъ
и|і
пр҃цѣхъ•|пр҃цѣхъ
и|і
мчн҃цѣхъ•|мчн҃цѣхъ
и|і
съврьшении|съврьшеніі
подвижьници•|подвіжьніці
иже|іже
гонениꙗ|гоненіꙗ
скръби|скръбі
и|і
мѹкꙑ|моукъі
веселие|веселіе
мьнѧхѹ•|мьнѧхоу
и|і
в͗се|все
ѹметꙑ|оуметъі
мирьное•|мірьное
да|да
х҃а|х҃а
приобрѧщѹть•|пріобрѧщоуть
огнь•|огнь
ꙁвѣрье•|звѣрье
мечь•|мечь
гладъ|гладъ
стѹдьнь•|стоудьнь
и|і
прочее|прочее
в͗се•|все
веселѧще|веселѧще
ꙗ|ꙗ
бж҃ьꙗ|бж҃ьꙗ
любъве|любъве
ради•|раді
ꙗкоже|ꙗкоже
и|і
исаиꙗ|ісаіꙗ
гл҃еть•|гл҃еть
бѫдѹть|бѫдоуть
рече•|рече
иꙁбавлени|ізбавлені
иꙁбьрани|ізбьрані
г҃мь•|г҃мь
веселие|веселіе
вѣчьное|вѣчьное
надъ|надъ
главоѭ|главоѭ
ихъ•|іхъ
в͗сь|всь
ꙁьрѧи|зьрѧі
ихъ|іхъ
поꙁнаеть|познаеть
ꙗ•|ꙗ
ꙗко|ꙗко
сьи|сьі
сѫть|сѫть
сѣмѧ|сѣмѧ
бл҃но|бл҃но
бм҃ь•|бм҃ь
и|і
въꙁвеселѧть|възвеселѧть
сѧ|сѧ
о|о
г҃и•|г҃і
и|і
пакꙑ•|пакъі
се|се
работаѭщии|работаѭщіі
ми|мі
ꙗсти|ꙗсті
имѫть|імѫть
и|і
пити•|піті
и|і
въꙁвеселѧть|възвеселѧть
сѧ|сѧ
и|і
въꙁдрадѹють|въздрадоують
сѧ|сѧ
веселиемь•|веселіемь
и|і
софониꙗ•|софоніꙗ
наведеть|наведеть
на|на
тѧ|тѧ
веселие•|веселіе
и|і
наѹмъ•|наоумъ
праꙁдьнѹи|праздьноуі
г҃лѧ|г҃лѧ
иѭдо|іѭдо
праꙁдьникꙑ|праздьнікъі
своꙗ•|своꙗ
отъдаждь|отъдаждь
г҃ю|г҃ю
обѣтꙑ|обѣтъі
твоꙗ•|твоꙗ
ꙗко|ꙗко
въꙁиде|възіде
дꙑмъ|дъімъ
на|на
лице|ліце
твое•|твое
ї|і
х҃ъ|х҃ъ
апл҃мъ|апл҃мъ
гл҃ѧ|гл҃ѧ
приимѣте|пріімѣте
дх҃ъ|дх҃ъ
с҃тыи•|с҃тъіі
и|і
дв҃дъ•|дв҃дъ
въꙁвеселю|възвеселю
сѧ|сѧ
и|і
въꙁдрадѹѭ|въздрадоуѭ
сѧ|сѧ
о|о
тебѣ•|тебѣ
сь|сь
бо|бо
дьнь|дьнь
иже|іже
сътвори|сътворі
г҃ь•|г҃ь
въꙁдрадѹимъ|въздрадоуімъ
сѧ|сѧ
и|і
въꙁвеселимъ|възвеселімъ
сѧ|сѧ
въ|въ
нь•|нь
ꙗвѣ|ꙗвѣ
ꙗко|ꙗко
хв҃а|хв҃а
въскрьсениꙗ•|въскрьсеніꙗ
и|і
въꙁвесели|възвеселі
дш҃ѫ|дш҃ѫ
раба|раба
твоего•|твоего
ꙗко|ꙗко
къ|къ
тебѣ|тебѣ
г҃и|г҃і
въꙁѧхъ|възѧхъ
дш҃ѫ|дш҃ѫ
моѭ•|моѭ
и|і
дш҃а|дш҃а
моꙗ|моꙗ
въꙁдрадѹеть|въздрадоуеть
сѧ|сѧ
о|о
г҃и•|г҃і
насладить|насладіть
сѧ|сѧ
о|о
спс҃нии|спс҃ніі
его•|его
ибо|ібо
въꙁвесели|възвеселі
сѧ|сѧ
ср҃це|ср҃це
мое|мое
и|і
въꙁдрадова|въздрадова
сѧ|сѧ
ꙗꙁꙑкъ|ꙗзъікъ
мои•|моі
ꙗко|ꙗко
наплъниши|наплъніші
мѧ|мѧ
веселиꙗ|веселіꙗ
съ|съ
лицемь|ліцемь
твоими•|твоімі
и|і
наплънь|наплънь
сѧ|сѧ
такого|такого
веселиꙗ•|веселіꙗ
любовъѭ|любовъѭ
ꙗже|ꙗже
къ|къ
б҃ѹ•|б҃оу
веселие|веселіе
бо|бо
правьд͗нъихъ|правьднъіхъ
сѫщьꙗ|сѫщьꙗ
на|на
б҃ъ|б҃ъ
любꙑ|любъі
есть•|есть
ѭже|ѭже
и|і
инꙑ|інъі
обидить•|обідіть
прѣдѣте|прѣдѣте
гл҃ѧ|гл҃ѧ
въꙁдрадѹимъ|въздрадоуімъ
сѧ|сѧ
г҃ю•|г҃ю
и|і
работаите|работаіте
г҃ю|г҃ю
веселиимь•|веселіімь
и|і
насладите|насладіте
сѧ|сѧ
г҃а•|г҃а
сирѣчь|сірѣчь
насꙑтите|насъітіте
сѧ|сѧ
сладости|сладості
его•|его
ꙗждь|ꙗждь
бо|бо
медъ|медъ
сн҃е|сн҃е
рече•|рече
благъ|благъ
бо|бо
сътъ•|сътъ
да|да
насладить|насладіть
сѧ|сѧ
грътань|грътань
твои•|твоі
и|і
дасть|дасть
ти|ті
прошенье|прошенье
ср҃ца|ср҃ца
твоего•|твоего
гл҃еть|гл҃еть
бо|бо
г҃ь|г҃ь
ѹченикомъ|оученікомъ
своимъ•|своімъ
аще|аще
любите|любіте
мѧ•|мѧ
и|і
ꙁаповѣди|заповѣді
моꙗ|моꙗ
съблюдѣте•|съблюдѣте
емѹже|емоуже
аще|аще
хощете|хощете
просите|просіте
ѹ|оу
оц҃а|оц҃а
моего•|моего
и|і
дасть|дасть
вамъ|вамъ
въ|въ
имѧ|імѧ
мое•|мое
и|і
пакꙑ|пакъі
дв҃дъ•|дв҃дъ
да|да
въꙁвеселить|възвеселіть
сѧ|сѧ
срьдьце|срьдьце
въꙁискаѭщиимъ|възіскаѭщіімъ
г҃а•|г҃а
и|і
въꙁвеселить|възвеселіть
сѧ|сѧ
ии҃ль|іі҃ль
о|о
створьшимь|створьшімь
и•|і
и|і
сн҃ве|сн҃ве
сиѡни|сіоні
въꙁдрадѫѭть|въздрадѫѭть
о|о
цр҃и|цр҃і
своемь•|своемь
ѹ|оу
тебѣ|тебѣ
бо|бо
жилище|жіліще
веселѧщиимъ|веселѧщіімъ
сѧ|сѧ
в͗сѣмъ•|всѣмъ
и|і
инъ•|інъ
работаѭщиимъ|работаѭщіімъ
бо|бо
м͗нѣ|мнѣ
наречеть|наречеть
сѧ|сѧ
имꙗ|імꙗ
ново•|ново
еже|еже
бл҃сѧть|бл҃сѧть
сѧ|сѧ
на|на
ꙁемли•|землі
и|і
веселие|веселіе
и|і
радость|радость
обрѧщеть|обрѧщеть
на|на
неи•|неі
елико|еліко
бо|бо
работаѭть|работаѭть
емѹ|емоу
страхомь•|страхомь
и|і
радѹѭть|радоуѭть
сѧ|сѧ
емѹ|емоу
трепетомь•|трепетомь
си|сі
сѫть|сѫть
сн҃ве|сн҃ве
б҃а|б҃а
жива•|жіва
рече|рече
же|же
и|і
прит͗чьникъ•|прітчьнікъ
къ|къ
веселиѭ•|веселіѭ
не|не
примѣшаеть|прімѣшаеть
сѧ|сѧ
печаль•|печаль
отъ|отъ
лика|ліка
бо|бо
правьд͗нъихъ|правьднъіхъ
отъбѣже|отъбѣже
болѣꙁнь|болѣзнь
и|і
печаль|печаль
и|і
въꙁдꙑханье•|въздъіханье
въ|въ
дьнь|дьнь
благостꙑнѧ|благостъінѧ
живи|жіві
въ|въ
блаꙁѣ•|блазѣ
и|і
пакꙑ•|пакъі
ꙁьрѧщии|зьрѧщіі
очи|очі
добра|добра
веселите|веселіте
ср҃це•|ср҃це
ср҃цю|ср҃цоу
же|же
веселѧщю|веселѧщоу
сѧ|сѧ
лице|ліце
сꙑрѣеть•|съірѣеть
аще|аще
бо|бо
рече|рече
око|око
твое|твое
просто|просто
есть•|есть
в͗се|все
тѣло|тѣло
твое|твое
свѣтьло|свѣтьло
бѫдеть•|бѫдеть
вѣсть|вѣсть
же|же
блага|блага
влажить|влажіть
кости•|кості
ꙗкоже|ꙗкоже
павлѧ|павлѧ
дш҃а|дш҃а
гл҃ющиꙗ•|гл҃ющіꙗ
радѹѭ|радоуѭ
сѧ|сѧ
и|і
радъ|радъ
есмь|есмь
съ|съ
всѣми|всѣмі
вами•|вамі
и|і
ср҃це|ср҃це
веселѹꙗ|веселоуꙗ
сѧ|сѧ
съдравъ|съдравъ
творить•|творіть
и|і
павлъ|павлъ
радѹите|радоуіте
сѧ|сѧ
о|о
г҃и•|г҃і
пакꙑ|пакъі
рекѹ|рекоу
радѹите|радоуіте
сѧ•|сѧ
имать|імать
же|же
и|і
въ|въ
евн҃глии•|евн҃гліі
веселити|веселіті
же|же
сѧ|сѧ
и|і
радовати|радоваті
подобаеть|подобаеть
рече|рече
оц҃ь•|оц҃ь
ꙗко|ꙗко
с҃нъ|с҃нъ
мои|моі
сь|сь
мрьтвъ|мрьтвъ
бѣ|бѣ
и|і
оживе•|ожіве
и|і
погыблъ|погъіблъ
и|і
обрѣте|обрѣте
сѧ•|сѧ
семѹ|семоу
мл҃дѹмѹ|мл҃доумоу
о|о
нашемѹ|нашемоу
слава|слава
нꙑнꙗ|нъінꙗ
и|і
присно|прісно
АМИН|амін
рі҃ѳ|рі҃ѳ
⁘Ꙍ|о
ТОМЬ|томь
ѤЖЕ|еже
НЕ⁘|не
пешти|пещі
сѧ:|сѧ
Житиискъихъ|жітііскъіхъ
вещьи|вещьі
печаль|печаль
невѣрьна•|невѣрьна
и|і
хѹдодш҃ьна|хоудодш҃ьна
чл҃ка|чл҃ка
есть•|есть
ѭже|ѭже
бо|бо
въ|въ
пекѹщаго|пекоущаго
сѧ|сѧ
нами|намі
б҃а|б҃а
не|не
ѹпъваемъ•|оупъваемъ
нъ|нъ
в͗сѧ|всѧ
сами|самі
о|о
себѣ|себѣ
печемъ|печемъ
сѧ•|сѧ
аще|аще
бо|бо
видимꙑхъ|відімъіхъ
ꙗже|ꙗже
подаваеть|подаваеть
намъ|намъ
благъи|благъі
благаа•|благаа
не|не
вѣрѹемъ|вѣроуемъ
емѹ•|емоу
то|то
о|о
невидимꙑхъ|невідімъіхъ
ꙗже|ꙗже
обѣща•|обѣща
како|како
въꙁвѣрѹемъ|възвѣроуемъ
емѹ•|емоу
не|не
подобаеть|подобаеть
же|же
тако|тако
намъ|намъ
дрьжати•|дрьжаті
нъ|нъ
паче|паче
црст҃ва|црст҃ва
ищѣмъ•|іщѣмъ
и|і
си|сі
в͗сѧ|всѧ
приложѧть|пріложѧть
сѧ|сѧ
намъ|намъ
по|по
словеси|словесі
его•|его
ѹспѣш͗нѣе|оуспѣшнѣе
бо|бо
есть|есть
намъ|намъ
небрѣщи|небрѣщі
не|не
нашихъ•|нашіхъ
и|і
любити|любіті
нашаа•|нашаа
нетьлѣние|нетьлѣніе
и|і
бесъмрьтье|бесъмрьтье
гл҃ѫ•|гл҃ѫ
егда|егда
бо|бо
нетьлѣн͗ни•|нетьлѣнні
и|і
бесъмрьтьни|бесъмрьтьні
бѫдемъ•|бѫдемъ
видимаго|відімаго
б҃а|б҃а
ꙗвлениꙗ•|ꙗвленіꙗ
прч҃тꙑ|прч҃тъі
видѣнии|відѣніі
наплънѧеми•|наплънѧемі
ꙗвлен͗нꙑми|ꙗвленнъімі
нꙑ|нъі
ꙁарѧми|зарѧмі
обьꙁарѧѭще•|обьзарѧѭще
ꙗкоже|ꙗкоже
ѹченикꙑ|оученікъі
въ|въ
ѡно|оно
бжс҃твьное|бжс҃твьное
прѣображениѥ•|прѣображеніе
раꙁѫм͗нѣмь|разѫмнѣмь
же|же
ѥго|его
свѣта|свѣта
датии•|датіі
бестрастьномь|бестрастьномь
и|і
беꙁвещьствьномь|безвещьствьномь
ѹмомь|оумомь
причащѧѭще|прічащѧѭще
сѧ•|сѧ
и|і
вꙑше|въіше
ѹма|оума
съвъкѹплени•|съвъкоуплені
прѣсвѣт͗лами|прѣсвѣтламі
лѹчами•|лоучамі
неꙁнаемъи|незнаемъі
блаженъи|блаженъі
прикладъ|прікладъ
въ|въ
бжс҃твьнѣиши|бжс҃твьнѣіші
подобꙑ|подобъі
наден͗нꙑхъ|наденнъіхъ
ѹмъ•|оумъ
равьни|равьні
бо|бо
анг҃лмъ|анг҃лмъ
ꙗкоже|ꙗкоже
бж҃ье|бж҃ье
слово|слово
рече|рече
бѫдемъ•|бѫдемъ
и|і
сн҃ве|сн҃ве
бж҃ии•|бж҃іі
въскрьсениꙗ|въскрьсеніꙗ
сѫще|сѫще
сн҃ве•|сн҃ве
добрѣ|добрѣ
ѹбо|оубо
съборьникъ|съборьнікъ
съкаꙁаеть|съказаеть
рекꙑ•|рекъі
сладъкъ|сладъкъ
сънъ|сънъ
рабѹ•|рабоу
аще|аще
мало|мало
и|і
м͗ного|много
ꙗсть•|ꙗсть
и|і
приводить•|пріводіть
есть|есть
недѹжье|недоужье
ѥже|еже
видѣхъ|відѣхъ
подъ|подъ
слъньцемь•|слъньцемь
богатьство|богатьство
хранимо|хранімо
сѫще|сѫще
ѹ|оу
него|него
на|на
ꙁълобѹ|зълобоу
его•|его
и|і
погыбнеть|погъібнеть
богатьство|богатьство
то|то
въ|въ
млъвѣ|млъвѣ
ꙁълѣ•|зълѣ
а|а
и|і
вси|всі
дьньи|дьньі
его|его
въ|въ
тьмѣ|тьмѣ
и|і
плачи|плачі
и|і
гнѣвѣ|гнѣвѣ
м͗ноꙁѣ•|мнозѣ
и|і
ѹсилиѥ|оусіліе
его|его
и|і
подвигъ|подвігъ
въ|въ
вѣтръ•|вѣтръ
ꙗкоже|ꙗкоже
бо|бо
приде|пріде
нагъ•|нагъ
тако|тако
и|і
отиде•|отіде
м͗ногашьдꙑ|многашьдъі
же|же
не|не
дасть|дасть
ѥмѹ|емоу
б҃ъ|б҃ъ
ꙗсти|ꙗсті
отъ|отъ
него•|него
нъ|нъ
страньнъ|страньнъ
ꙗстъ|ꙗстъ
отъ|отъ
него•|него
ꙁанеже|занеже
ѹбогъи|оубогъі
вѣсть|вѣсть
ходити|ходіті
прѣмо|прѣмо
жиꙁни•|жізні
и|і
инъ•|інъ
не|не
пьци|пьці
сѧ|сѧ
ѹтрьнимь•|оутрьнімь
не|не
вѣси|вѣсі
бо|бо
что|что
родить|родіть
настаꙗи•|настаꙗі
и|і
пакꙑ•|пакъі
ни|ні
же|же
хвали|хвалі
сѧ|сѧ
на|на
ѹтрьнѧа•|оутрьнѧа
не|не
вѣси|вѣсі
бо|бо
что|что
тѧ|тѧ
сьрѧщеть•|сьрѧщеть
мимоидеть|мімоідеть
бо|бо
житье|жітье
наше|наше
ꙗко|ꙗко
слѣдъ|слѣдъ
облака•|облака
стѣнѧ|стѣнѧ
бо|бо
пѫть|пѫть
врѣмѧ|врѣмѧ
наше•|наше
и|і
нѣсть|нѣсть
прѣблажнениꙗ|прѣблажненіꙗ
кон͗цю|концоу
чл҃ча•|чл҃ча
дв҃дъ|дв҃дъ
же•|же
въꙁврьꙁи|възврьзі
на|на
г҃а|г҃а
печаль|печаль
своѭ|своѭ
и|і
тъ|тъ
тѧ|тѧ
прѣкръми•|прѣкръмі
не|не
видѣхъ|відѣхъ
правьд͗ника|правьдніка
оставлена•|оставлена
ни|ні
племени|племені
его|его
просѧща|просѧща
хлѣба•|хлѣба
не|не
постꙑдѧть|постъідѧть
сѧ|сѧ
въ|въ
годъ|годъ
ꙁълъ•|зълъ
нъ|нъ
въ|въ
д҃ни|д҃ні
гладнꙑ|гладнъі
насꙑтѧть|насъітѧть
сѧ•|сѧ
домъ|домъ
бо|бо
его|его
бл҃сѹꙗ|бл҃соуꙗ
бл҃щѹ•|бл҃щоу
и|і
нищѧꙗ|ніщѧꙗ
его|его
насꙑщѹ|насъіщоу
хлѣба•|хлѣба
и|і
петръ•|петръ
в͗сѫ|всѫ
печаль|печаль
вашѫ|вашѫ
въꙁврьꙁѣте|възврьзѣте
на|на
нь|нь
ꙗко|ꙗко
томѹ|томоу
печаль|печаль
есть|есть
о|о
насъ•|насъ
такожде|такожде
и|і
павлъ•|павлъ
г҃ь|г҃ь
гл҃ѧ|гл҃ѧ
блиꙁъ•|блізъ
ничимьже|нічімьже
пьцѣте|пьцѣте
сѧ•|сѧ
нъ|нъ
вьсьжде|вьсьжде
мл҃твоѭ|мл҃твоѭ
и|і
молениемь•|моленіемь
съ|съ
благꙑмь|благъімь
прошениꙗ|прошеніꙗ
вашѧ•|вашѧ
дъ|дъ
съкаꙁаѭть|съказаѭть
сѧ|сѧ
къ|къ
б҃ѹ•|б҃оу
и|і
пакы•|пакъі
можеть|можеть
же|же
б҃ъ|б҃ъ
вьсѫ|вьсѫ
благодѣть|благодѣть
иꙁобиловати|ізобіловаті
въ|въ
васъ•|васъ
да|да
о|о
вьсемъ|вьсемъ
всегда|всегда
вьсь|вьсь
довълъ|довълъ
имѹще•|імоуще
иꙁбꙑтъкѹѥте|ізбъітъкоуете
въ|въ
всѧ|всѧ
дѣла|дѣла
благаа•|благаа
и|і
г҃ь•|г҃ь
не|не
пьцѣте|пьцѣте
сѧ|сѧ
дш҃еѭ|дш҃еѭ
вашѥѭ|вашеѭ
что|что
ꙗсте|ꙗсте
или|ілі
чьто|чьто
пиете•|піете
и|і
тѣломь|тѣломь
вашимъ|вашімъ
въ|въ
что|что
облѣчете|облѣчете
сѧ•|сѧ
вѣсть|вѣсть
бо|бо
оц҃ь|оц҃ь
вашь|вашь
нб҃сьнъи|нб҃сьнъі
ꙗко|ꙗко
трѣбѫете|трѣбѫете
сихъ|сіхъ
всѣхъ•|всѣхъ
ищѣте|іщѣте
прѣжде|прѣжде
црст҃ва|црст҃ва
бж҃ьꙗ•|бж҃ьꙗ
и|і
си|сі
в͗сѧ|всѧ
приложѧть|пріложѧть
сѧ|сѧ
вамъ•|вамъ
о|о
х҃ѣ|х҃ѣ
іс҃ѣ|іс҃ѣ
г҃и|г҃і
нашемь|нашемь
ѥмѹже|емоуже
слава|слава
нꙑнѧ|нъінѧ
и|і
присно|прісно
АМИН|амін
р҃к|р҃к
⁘О|о
НАЧАТЪЦѢХ⁘|начатъцѣх
О|о
начатъцѣхъ|начатъцѣхъ
всѣми|всѣмі
обраꙁꙑ|образъі
длъжьни|длъжьні
есмъ•|есмъ
отъ|отъ
своихъ|своіхъ
трѹдъ|троудъ
и|і
отъ|отъ
крѣпости•|крѣпості
ѭже|ѭже
самъ|самъ
подасть•|подасть
и|і
отъ|отъ
нихъже|ніхъже
самъ|самъ
промꙑшлѧꙗ•|промъішлѧꙗ
печеть|печеть
сѧ|сѧ
нами|намі
по|по
книгамъ•|кнігамъ
чьти|чьті
бо|бо
рече|рече
г҃а•|г҃а
отъ|отъ
своихъ|своіхъ
прав͗денъ|правденъ
трѹдъ•|троудъ
и|і
начатъкꙑ|начатъкъі
даи|даі
емѹ|емоу
отъ|отъ
твоихъ|твоіхъ
правьдьнъ|правьдьнъ
плодъ•|плодъ
да|да
исплънѧѭть|ісплънѧѭть
сѧ|сѧ
житьницѧ|жітьніцѧ
твоꙗ|твоꙗ
м͗ножьствомь|множьствомь
п͗шеницѧ•|пшеніцѧ
и|і
ꙁаконъ•|законъ
не|не
ꙗви|ꙗві
сѧ|сѧ
гл҃ѧ|гл҃ѧ
тъщь|тъщь
прѣдъ|прѣдъ
мноѭ•|мноѭ
начатъкъ|начатъкъ
житъ|жітъ
твоихъ•|твоіхъ
вънесеши|вънесеші
прѣдъ|прѣдъ
г҃а|г҃а
б҃а|б҃а
твоего•|твоего
и|і
не|не
противи|протіві
сѧ|сѧ
емѹ•|емоу
имѧ|імѧ
бо|бо
твое|твое
есть|есть
на|на
немь•|немь
начатъка|начатъка
гѹменьна|гоуменьна
и|і
точила|точіла
не|не
лишиши|лішіші
его•|его
дарꙑ|даръі
начатъка|начатъка
принесѣте|прінесѣте
ꙗ|ꙗ
къ|къ
г҃ю•|г҃ю
и|і
принесе|прінесе
жрътвѫ|жрътвѫ
прьвородьнꙑхъ|прьвородьнъіхъ
твоихъ•|твоіхъ
и|і
помолить|помоліть
сѧ|сѧ
иѥрѣи|іерѣі
о|о
грѣсѣхъ|грѣсѣхъ
твоихъ|твоіхъ
и|і
оставѧть|оставѧть
ти|ті
сѧ•|сѧ
и|і
па҇ⷦ•|пак
принесошѧ|прінесошѧ
рече|рече
кнѧꙁи|кнѧзі
дарꙑ|даръі
своꙗ|своꙗ
прѧмо|прѧмо
олътарю•|олътарю
гл҃еть|гл҃еть
же|же
иеꙁекиль•|іезекіль
в͗си|всі
людие|людіе
дадѧть|дадѧть
начѧтъкъ|начѧтъкъ
старѣишинѣ•|старѣішінѣ
сего|сего
ради|раді
и|і
товиꙗ|товіꙗ
гл҃аше•|гл҃аше
начатъкꙑ|начатъкъі
житъ|жітъ
моихъ|моіхъ
даꙗти|даꙗті
чистительмъ|чістітельмъ
въ|въ
ол͗тарь•|олтарь
и|і
инъ•|інъ
не|не
ꙗви|ꙗві
сѧ|сѧ
гл҃ѧ|гл҃ѧ
прѣдъ|прѣдъ
гм҃ь|гм҃ь
тъщь•|тъщь
си|сі
бо|бо
в͗сѧ|всѧ
ꙁаповѣди|заповѣді
ради|раді
даждь|даждь
вꙑшнѫмѹ|въішнѫмоу
по|по
дааниѭ|дааніѭ
его•|его
и|і
седьмерицеѭ|седьмеріцеѭ
въꙁдаждь•|въздаждь
благомь|благомь
окомь|окомь
прослави|прославі
б҃а•|б҃а
и|і
не|не
ѹмали|оумалі
начатъкъ|начатъкъ
рѫкѹ|рѫкоу
твоеѭ•|твоеѭ
въ|въ
в͗семь|всемь
даании|дааніі
ѹтѣшаи|оутѣшаі
лице|ліце
твое•|твое
и|і
веселиемь|веселіемь
ос҃ти|ос҃ті
десѧтинѫ•|десѧтінѫ
ꙁане|зане
приношение|пріношеніе
правьдьнаго|правьдьнаго
мастить|мастіть
ѡл͗тарь•|олтарь
ꙁаповѣдохранитель|заповѣдохранітель
же|же
дв҃дъ•|дв҃дъ
вънидѹ|вънідоу
сѧтъ|сѧтъ
въ|въ
домъ|домъ
твои|твоі
съ|съ
в͗сесъжагаемꙑми•|всесъжагаемъімі
въꙁдамь|въздамь
тебѣ|тебѣ
обѣтꙑ|обѣтъі
моꙗ•|моꙗ
ѩже|ѧже
иꙁдрѣсте|іздрѣсте
ѹстьнѣ|оустьнѣ
мои•|моі
в͗сесъжѧгаемꙑꙗ|всесъжѧгаемъіꙗ
мождѧнꙑꙗ|мождѧнъіꙗ
въꙁнесѫ|възнесѫ
тебѣ|тебѣ
съ|съ
кадиломь|каділомь
овьнꙑ•|овьнъі
въꙁнесѫ|възнесѫ
тебѣ|тебѣ
волꙑ|волъі
съ|съ
коꙁьлꙑ•|козьлъі
принесѣте|прінесѣте
г҃ю|г҃ю
сн҃ви|сн҃ві
бж҃ии•|бж҃іі
принесѣте|прінесѣте
г҃ю|г҃ю
с҃нꙑ|с҃нъі
овьнѧ•|овьнѧ
въꙁьмѣте|възьмѣте
жрьтвꙑ|жрьтвъі
и|і
въходите|въходіте
въ|въ
дворꙑ|дворъі
его•|его
и|і
обѣщаите|обѣщаіте
сѧ|сѧ
и|і
въꙁдадите|въздадіте
г҃ю|г҃ю
б҃ѹ|б҃оу
нашемѹ•|нашемоу
и|і
пакы•|пакъі
в͗си|всі
сѫщии|сѫщіі
окрс҃тъ|окрс҃тъ
его|его
принесѫть|прінесѫть
дарꙑ•|даръі
сирѣчь|сірѣчь
приближаѭщии|прібліжаѭщіі
сѧ|сѧ
емь•|емь
и|і
ап҃лъ|ап҃лъ
рече•|рече
бꙑти|бъіті
ми|мі
слѹжителю|слоужітелю
і҃у|і҃у
х҃вѹ•|х҃воу
въ|въ
ꙗꙁꙑцѣхъ|ꙗзъіцѣхъ
ѥванг҃лиѭ|еванг҃ліѭ
бж҃иѭ•|бж҃іѭ
да|да
бѫдеть|бѫдеть
приношение|пріношеніе
еже|еже
отъ|отъ
ꙗꙁꙑкъ|ꙗзъікъ
благоприꙗтно•|благопріꙗтно
и|і
свщ҃но|свщ҃но
дх҃мь•|дх҃мь
в͗си|всі
ѹбо|оубо
чл҃ци•|чл҃ці
ꙗже|ꙗже
рѣхомъ|рѣхомъ
длъжьни|длъжьні
есмъ|есмъ
начатъкꙑ|начатъкъі
и|і
десѧтинꙑ|десѧтінъі
приносити|пріносіті
г҃ю|г҃ю
б҃ѹ•|б҃оу
и|і
никтоже|ніктоже
да|да
не|не
прѣдълагаеть|прѣдълагаеть
ѹбожьства•|оубожьства
не|не
обрѧщеть|обрѧщеть
бо|бо
сѧ|сѧ
ѹбожаи•|оубожаі
принесъшѧѩ|прінесъшѧѧ
д͗вѣ|двѣ
леп͗тѣ|лептѣ
въдовицѧ•|въдовіцѧ
и|і
болеѥ|более
в͗сѣхъ|всѣхъ
приꙗтъ|пріꙗтъ
и•|і
иꙁдрѧд͗нѣе|іздрѧднѣе
же|же
в͗сѣхъ|всѣхъ
чрьнориꙁьци•|чрьнорізьці
потрѣбни|потрѣбні
сѫть|сѫть
приносити|пріносіті
б҃ѹ|б҃оу
начатъкꙑ|начатъкъі
и|і
десѧтинꙑ•|десѧтінъі
не|не
тъчьѭ|тъчьѭ
видимꙑꙗ|відімъіꙗ
сьꙗ•|сьꙗ
сирѣчь|сірѣчь
отъ|отъ
нихъже|ніхъже
сами|самі
и|і
инѣми|інѣмі
строими|строімі
сѫть•|сѫть
и|і
отъ|отъ
дѣла|дѣла
рѫчнаго•|рѫчнаго
нъ|нъ
и|і
дх҃вьнꙑꙗ|дх҃вьнъіꙗ
жрьтвꙑ•|жрьтвъі
имъже|імъже
и|і
паче|паче
радѹеть|радоуеть
сѧ|сѧ
б҃ъ•|б҃ъ
в͗сесъжьꙁи|всесъжьзі
сѧ|сѧ
самъ|самъ
б҃ѹ|б҃оу
вьсь•|вьсь
на|на
трѣбищи|трѣбіщі
исповѣданиꙗ|ісповѣданіꙗ
сльꙁъ•|сльзъ
еже|еже
сѫть|сѫть
волове|волове
съ|съ
коꙁьлꙑ•|козьлъі
чистоѭ|чістоѭ
молитвоѭ•|молітвоѭ
ѥже|еже
есть|есть
кадило•|каділо
при|прі
принеси|прінесі
емѹ|емоу
грѫди:|грѫді
мꙑшление|мъішленіе
хотѣньꙗ•|хотѣньꙗ
и|і
обѣ|обѣ
истесѣ|істесѣ
цѣломѫдрье•|цѣломѫдрье
главѫ|главѫ
съ|съ
ногама•|ногама
водительнъ|водітельнъ
ѹмъ|оумъ
съ|съ
дѣаньи•|дѣаньі
въ|въ
жиꙁнь|жізнь
водѧщьи|водѧщьі
пѫть|пѫть
в͗сѫ|всѫ
мꙑсль•|мъісль
в͗се|все
дѣание|дѣаніе
и|і
движение•|двіженіе
и|і
видѣние|відѣніе
въꙁложи|възложі
б҃ѹ•|б҃оу
дх҃омь|дх҃омь
сътьренꙑмь|сътьренъімь
и|і
съмѣреномь•|съмѣреномь
аще|аще
тако|тако
пожьреши|пожьреші
сѧ|сѧ
вьсь|вьсь
б҃ѹ•|б҃оу
то|то
очистѣеши|очістѣеші
сѧ|сѧ
отъ|отъ
прокаꙁꙑ•|проказъі
нечистꙑхъ|нечістъіхъ
врѣдовъ•|врѣдовъ
бѫдеши|бѫдеші
же|же
ол͗тарь|олтарь
и|і
цр҃кꙑ|цр҃къі
ст҃аго|ст҃аго
дх҃а•|дх҃а
и|і
ѹслꙑшиши|оуслъішіші
отъ|отъ
х҃а•|х҃а
иди|іді
покажи|покажі
сѧ|сѧ
иѥрѣѹ•|іерѣоу
и|і
принеси|прінесі
даръ|даръ
иже|іже
повелѣ|повелѣ
тебѣ|тебѣ
дх҃внѹмѹ•|дх҃вноумоу
жидовинѹ|жідовіноу
моси|мосі
въ|въ
съвѣдѣтельство•|съвѣдѣтельство
ѥже|еже
ѹлѹчи|оулоучі
ѹсꙑнение|оусъіненіе
оч҃е•|оч҃е
ѥмѹже|емоуже
слава|слава
въ|въ
вѣкы|вѣкъі
вѣком|вѣком
АМИН|амін
рк҃а|рк҃а
⁘Ꙍ|о
ОЦѢЩЕНИИ|оцѣщеніі
РЕКЪШЕ|рекъше
О|о
МОЛЕНИИ⁘|моленіі
Подобаеть|подобаеть
чистителю|чістітелю
прьвѣе|прьвѣе
о|о
себѣ|себѣ
помолити|помоліті
б҃а•|б҃а
ти|ті
потомь|потомь
о|о
людихъ•|людіхъ
по|по
ꙁаповѣди|заповѣді
г҃ни|г҃ні
гл҃ющии•|гл҃ющіі
очисти|очісті
вънѹтрьнеѥ|въноутрьнее
стьклѧницѧ•|стьклѧніцѧ
ти|ті
тъгда|тъгда
вънѣщьнеѥ•|вънѣщьнее
како|како
бо|бо
можеть|можеть
к͗то|кто
млт҃вѹ|млт҃воу
творити|творіті
о|о
людьхъ•|людьхъ
аще|аще
не|не
прѣжде|прѣжде
себѣ|себѣ
ради•|раді
се|се
бо|бо
и|і
ꙁакон͗но|законно
есть•|есть
ꙗкоже|ꙗкоже
рече|рече
моси|мосі
къ|къ
арѡнѹ|ароноу
братѹ|братоу
своемѹ•|своемоу
принеси|прінесі
въ|въ
всесъжгаемое|всесъжгаемое
свое•|свое
и|і
помоли|помолі
сѧ|сѧ
о|о
себѣ|себѣ
самомь•|самомь
и|і
о|о
домѹ|домоу
своемь•|своемь
и|і
створиши|створіші
даръ|даръ
о|о
людехъ|людехъ
своихъ•|своіхъ
и|і
помолиши|помоліші
сѧ|сѧ
о|о
нихъ•|ніхъ
вѣсто|вѣсто
же|же
ꙗко|ꙗко
самъ|самъ
сѧ|сѧ
очистивъ|очістівъ
и|і
домащьнѧꙗ•|домащьнѧꙗ
тъгда|тъгда
ѭже|ѭже
въꙁдвигъ|въздвігъ
арѡнъ|аронъ
блщ҃аше|блщ҃аше
люди•|люді
иѥꙁекиль|іезекіль
же•|же
о|о
иерѣихъ|іерѣіхъ
рече|рече
сице•|сіце
вина|віна
да|да
не|не
пиѭть|піѭть
в͗си|всі
иерѣи|іерѣі
вънегда|вънегда
въходѧть|въходѧть
въ|въ
дворъ|дворъ
ѭтрьнии•|ѭтрьніі
и|і
апл҃ъ•|апл҃ъ
ꙗкоже|ꙗкоже
архиерѣи|архіерѣі
рече|рече
прѣжде|прѣжде
о|о
своихъ|своіхъ
грѣсѣхъ•|грѣсѣхъ
потомь|потомь
и|і
о|о
людьскꙑхъ•|людьскъіхъ
ꙁаконъ|законъ
поставлѧеть|поставлѧеть
архиерѣꙗ|архіерѣꙗ
имѹщѧ|імоущѧ
немощь•|немощь
и|і
пакꙑ•|пакъі
в͗сь|всь
бо|бо
архиерѣи|архіерѣі
отъ|отъ
чл҇ⷦъ|члкъ
приемлемъ|пріемлемъ
ꙁа|за
члк҃ꙑ|члк҃ъі
поставлѧеть|поставлѧеть
сѧ•|сѧ
ѩже|ѧже
къ|къ
б҃ѹ|б҃оу
да|да
приносить|пріносіть
дарꙑ|даръі
и|і
жрьтвꙑ|жрьтвъі
о|о
грѣсѣхъ•|грѣсѣхъ
скръбѣти|скръбѣті
могꙑ|могъі
о|о
невѣждьнꙑхъ•|невѣждьнъіхъ
и|і
болѧщиихъ•|болѧщііхъ
понеже|понеже
и|і
тъ|тъ
облежить|облежіть
немощьѭ•|немощьѭ
и|і
ꙁа|за
сьѭ|сьѭ
длъжьнъ|длъжьнъ
есть•|есть
ꙗкоже|ꙗкоже
о|о
людьхъ•|людьхъ
тако|тако
себѣ|себѣ
ради|раді
приносити|пріносіті
о|о
грѣсѣхъ•|грѣсѣхъ
подобаеть|подобаеть
же|же
ꙗкоже|ꙗкоже
рече|рече
сѧ|сѧ
ꙁовомѹмѹ|зовомоумоу
б҃мь•|б҃мь
на|на
приношение|пріношеніе
даровъ|даровъ
и|і
жрътвъ|жрътвъ
о|о
людьхъ•|людьхъ
прѣжде|прѣжде
своѭ|своѭ
д҃шѹ|д҃шоу
и|і
тѣло|тѣло
очистити•|очістіті
отъ|отъ
в͗сего|всего
ветъхаго|ветъхаго
чл҃ка•|чл҃ка
ти|ті
тако|тако
съмѣти|съмѣті
о-нѣхъ|онѣхъ
мольбꙑ|мольбъі
приносити|пріносіті
б҃ѹ•|б҃оу
и|і
да|да
подобить|подобіть
сѧ|сѧ
великѹмѹ|велікоумоу
архиерѣѹ|архіерѣоу
ꙁахарии|захаріі
оц҃ѫ|оц҃ѫ
прд҃тчинѹ•|прд҃тчіноу
бѣ|бѣ
бо|бо
рече|рече
правьдивъ•|правьдівъ
ходѧ|ходѧ
въ|въ
в͗сѣхъ|всѣхъ
ꙁаповѣдьхъ|заповѣдьхъ
и|і
оправьданиихъ|оправьданііхъ
гн҃ихъ|гн҃іхъ
бес|бес
порока•|порока
бꙑсть|бъість
же|же
слѹжащѫ|слоужащѫ
емѹ|емоу
въниде|въніде
покадитъ|покадітъ
въ|въ
црк҃въ•|црк҃въ
и|і
бѣ|бѣ
в͗се|все
множьство|множьство
людии|людіі
чаꙗ|чаꙗ
его|его
вънѣ•|вънѣ
въ|въ
врѣмѧ|врѣмѧ
кадил͗ноѥ•|каділное
ꙗви|ꙗві
сѧ|сѧ
емѹ|емоу
анг҃лъ|анг҃лъ
г҃нь|г҃нь
стоꙗ|стоꙗ
о|о
деснѫѭ|деснѫѭ
ол͗тарѧ•|олтарѧ
и|і
рече|рече
не|не
бои|боі
сѧ|сѧ
ꙁахарие|захаріе
ꙁане|зане
ѹслꙑшана|оуслъішана
бꙑсть|бъість
млт҃ва|млт҃ва
твоꙗ•|твоꙗ
и|і
жена|жена
твоꙗ|твоꙗ
елисаветь•|елісаветь
родить|родіть
тебѣ|тебѣ
сн҃а•|сн҃а
и|і
наречеши|наречеші
имѧ|імѧ
емѹ|емоу
иѡанъ•|іоанъ
и|і
бѹдеть|боудеть
ти|ті
радость|радость
и|і
веселие•|веселіе
бѹдеть|боудеть
бо|бо
вельи|вельі
прѣдъ|прѣдъ
гм҃ь|гм҃ь
бм҃ь•|бм҃ь
емѫже|емѫже
слава|слава
въ|въ
вѣкꙑ|вѣкъі
АМИН|амін
рк҃в|рк҃в
⁘О|о
НАЧАЛѢ|началѣ
С҃ЩНИѦ⁘|с҃щніѧ
Есть|есть
ѹбо|оубо
начало|начало
свщ҃ньꙗ•|свщ҃ньꙗ
обьꙗтно|обьꙗтно
по|по
прѣданѹмѹ|прѣданоумоу
словеси•|словесі
в͗сѣхъ|всѣхъ
еꙗ|еꙗ
сщ҃нꙑхъ|сщ҃нъіхъ
вещьи|вещьі
чинъ•|чінъ
имꙑ|імъі
в͗сѣхъ|всѣхъ
вꙑшьи•|въішьі
ѥже|еже
о|о
бꙁ҃ѣ|бз҃ѣ
искрь|іскрь
тврьдѣ|тврьдѣ
стоꙗти•|стоꙗті
и|і
прьвъимь|прьвъімь
отъ|отъ
него|него
бг҃оꙗвлении|бг҃оꙗвленіі
сиꙗти•|сіꙗті
подобаеть|подобаеть
бо|бо
ар͗хииѥрѣѹ•|архііерѣоу
бл҃нѹ|бл҃ноу
же|же
и|і
ст҃ѹ|ст҃оу
мѹжѫ|моужѫ
бꙑти•|бъіті
и|і
в͗сего|всего
с҃щн͗на|с҃щнна
хѫдожьства•|хѫдожьства
и|і
раꙁѹма|разоума
исплъненѹ•|ісплъненоу
ꙗкоже|ꙗкоже
павьлъ|павьлъ
тимотѹ|тімотоу
присꙑлаеть•|прісъілаеть
подобаѥть|подобаеть
ѥп҃пѹ|еп҃поу
бес|бес
порока|порока
бꙑти•|бъіті
трѣꙁвьникѹ•|трѣзвьнікоу
цѣломѫдрьнѹ•|цѣломѫдрьноу
говѣинѹ•|говѣіноу
страньнолюбьцю•|страньнолюбьцоу
ѹчительнѹ•|оучітельноу
не|не
пиꙗничивѹ•|піꙗнічівоу
не|не
бивьливѹ|бівьлівоу
нъ|нъ
смотрьливѹ•|смотрьлівоу
не|не
тѧжеб͗никѹ•|тѧжебнікоу
не|не
сребролюб͗цю•|сребролюбцоу
такожде|такожде
и|і
титѹ•|тітоу
подобаеть|подобаеть
бо|бо
сѧтъ|сѧтъ
еп҃пѹ•|еп҃поу
бес|бес
порока|порока
бꙑти•|бъіті
ѩко|ѧко
бж҃ьѭ|бж҃ьѭ
домѹ|домоу
ꙁакон͗никѹ•|законнікоу
стран͗нолюб͗цю•|страннолюбцоу
бл҃голюб͗цю•|бл҃голюбцоу
не|не
себѣ|себѣ
год͗никѹ•|годнікоу
не|не
гнѣвьливѹ•|гнѣвьлівоу
не|не
мъшелоискателю•|мъшелоіскателю
цѣломѹдрьнѹ•|цѣломоудрьноу
правдивѹ|правдівоу
прѣподобнѹ•|прѣподобноу
въꙁдрьжнѹ•|въздрьжноу
ꙁастѹпаѭща|застоупаѭща
вѣрное|вѣрное
слово|слово
ѹчениꙗ•|оученіꙗ
да|да
сильнъ|сільнъ
бѹдеть•|боудеть
и|і
ѹтѣшати|оутѣшаті
ѹчениѥмь|оученіемь
съдравꙑмь•|съдравъімь
и|і
въпрѣкꙑ|въпрѣкъі
гл҃щаꙗ|гл҃щаꙗ
обличити•|облічіті
ѥфесиѡмъ|ефесіомъ
же•|же
вънемлѣте|вънемлѣте
себѣ|себѣ
гл҃ѧ•|гл҃ѧ
и|і
в͗семѹ|всемоу
стадѹ•|стадоу
въ|въ
немьже|немьже
д҃хъ|д҃хъ
ст҃ꙑи|ст҃ъіі
постави|поставі
еп҃пꙑ|еп҃пъі
пасти|пасті
црк҃вь|црк҃вь
х҃вѹ•|х҃воу
ѭже|ѭже
посѹди|посоуді
своеѭ|своеѭ
кръвьѭ•|кръвьѭ
а|а
ꙁанеже|занеже
жѧтва|жѧтва
многа•|многа
а|а
дѣлатель|дѣлатель
мало•|мало
вѣсте|вѣсте
ꙗко|ꙗко
врѣмена|врѣмена
наша|наша
гладъ|гладъ
ѥсть|есть
слꙑшѧти|слъішѧті
слово|слово
гн҃е•|гн҃е
тѣмьже|тѣмьже
молимъ|молімъ
сѧ|сѧ
г҃ю|г҃ю
жѧтвꙑ•|жѧтвъі
да|да
иꙁведеть|ізведеть
дѣлателѧ|дѣлателѧ
на|на
жѧтвѹ|жѧтвоу
его•|его
нъ|нъ
дѣлателѧ|дѣлателѧ
такы•|такъі
правѧщѧ|правѧщѧ
слово|слово
истинꙑ•|істінъі
непостыднꙑ•|непостъіднъі
непорочнꙑ•|непорочнъі
дѣлателѧ|дѣлателѧ
вѣрьнꙑꙗ•|вѣрьнъіꙗ
дѣлаѭщаꙗ|дѣлаѭщаꙗ
не|не
брашьно|брашьно
гꙑблющеѥ•|гъіблющее
нъ|нъ
прѣбꙑваѭщеѥ|прѣбъіваѭщее
въ|въ
жиꙁнь|жізнь
вѣчьнѫѭ•|вѣчьнѫѭ
дѣлателѧ|дѣлателѧ
такꙑ|такъі
ꙗко|ꙗко
ап҃лꙑ•|ап҃лъі
и|і
подобнꙑмъ|подобнъімъ
имъже|імъже
гл҃а|гл҃а
сѧ•|сѧ
не|не
дѣло|дѣло
ли|лі
моѥ|мое
вꙑ|въі
ѥсте|есте
о|о
г҃и•|г҃і
поспѣшьникꙑ|поспѣшьнікъі
гн҃ѧ|гн҃ѧ
въ|въ
еван҃глиѥ•|еван҃гліе
дѣлаѭща|дѣлаѭща
сп҃ниѥ|сп҃ніе
чл҃комъ•|чл҃комъ
не|не
хощеть|хощеть
бо|бо
б҃ъ|б҃ъ
съмрьти|съмрьті
грѣш͗наго•|грѣшнаго
нъ|нъ
обращениѭ|обращеніѭ
и|і
животѫ|жівотѫ
ѥго•|его
тѣмьже|тѣмьже
и|і
къ|къ
еꙁекиѭ|езекіѭ
гл҃аше•|гл҃аше
сн҃е|сн҃е
чл҃чь•|чл҃чь
блюстелѧ|блюстелѧ
дахъ|дахъ
тѧ|тѧ
домѹ|домоу
ил҃ева•|іл҃ева
и|і
слꙑши|слъіші
отъ|отъ
мене|мене
слово•|слово
и|і
ꙁапрѣтиши|запрѣтіші
имъ•|імъ
вънегда|вънегда
гл҃ати|гл҃аті
имъ|імъ
беꙁаконнѹмѹ|безаконноумоу
да|да
ѹмьреши•|оумьреші
и|і
не|не
повѣси|повѣсі
ѥмѹ|емоу
крьве|крьве
ѥго|его
отъ|отъ
рѫкꙑ|рѫкъі
твоеꙗ|твоеꙗ
въꙁищѫть•|възіщѫть
аще|аще
ли|лі
ꙁасъвѣдѣтелюѥши|засъвѣдѣтелюеші
ѥмѹ•|емоу
и|і
не|не
обратить|обратіть
сѧ|сѧ
отъ|отъ
беꙁаконениꙗ|безаконеніꙗ
своего•|своего
то|то
въ|въ
грѣсѣ|грѣсѣ
своемь|своемь
ѹмьреть•|оумьреть
а|а
тꙑ|тъі
д҃шѹ|д҃шоу
своѭ|своѭ
иꙁбавиши•|ізбавіші
и|і
ѥгда|егда
обратить|обратіть
сѧ|сѧ
правьдьникъ|правьдьнікъ
отъ|отъ
правьдꙑ|правьдъі
своѥꙗ•|своеꙗ
ти|ті
сътворить|сътворіть
прѣгрѣшение•|прѣгрѣшеніе
самъ|самъ
въ|въ
грѣсѣ|грѣсѣ
своѥмь|своемь
ѹмьреть•|оумьреть
ни|ні
помѧнѹть|помѧноуть
сѧ|сѧ
правьдꙑ|правьдъі
ѥго|его
ѩже|ѧже
сътвори•|сътворі
и|і
кровъ|кровъ
ѥго|его
отъ|отъ
рѫкꙑ|рѫкъі
твоѥ-истѧжѫ•ꙁане|твоеістѧжѫзане
не|не
въꙁвѣсти|възвѣсті
ѥмѹ•|емоу
и|і
тꙑ|тъі
аще|аще
ꙁаповѣси|заповѣсі
правьдникѹ|правьднікоу
не|не
съгрѣшити•|съгрѣшіті
животомь|жівотомь
живъ|жівъ
бѫдеши•|бѫдеші
и|і
тꙑ|тъі
д҃шѹ|д҃шоу
своѭ|своѭ
иꙁбавиши•|ізбавіші
и|і
приричеть•|прірічеть
живѫ|жівѫ
аꙁъ|азъ
гл҃еть|гл҃еть
г҃ь•|г҃ь
ꙗко|ꙗко
не|не
хощѫ|хощѫ
съмрьти|съмрьті
грѣшьничѧ•|грѣшьнічѧ
нъ|нъ
обращениѭ|обращеніѭ
и|і
животѹ|жівотоу
ѥго•|его
что|что
же|же
рече|рече
г҃ь|г҃ь
петрѹ•|петроу
ѥлико|еліко
аще|аще
съвѧжеши|съвѧжеші
на|на
ꙁемли•|землі
бѫдеть|бѫдеть
съвѧꙁано|съвѧзано
и|і
на|на
нб҃схъ•|нб҃схъ
ꙁьри|зьрі
г҃ла|г҃ла
сего|сего
силꙑ•|сілъі
рече|рече
ѥлико|еліко
аще|аще
съвѧжеши|съвѧжеші
на|на
ꙁемли•|землі
бѫдеть|бѫдеть
съвѧꙁано|съвѧзано
на|на
нб҃схъ•|нб҃схъ
да|да
и|і
творѧ|творѧ
беꙁ|без
обьщениꙗ|обьщеніꙗ
ли|лі
въꙁбранѧꙗ•|възбранѧꙗ
ли|лі
иꙁмѣтаꙗ•|ізмѣтаꙗ
наꙁорьнѫ|назорьнѫ
имаши|імаші
вещь•|вещь
ꙗко|ꙗко
съчисльна|съчісльна
наричѧ•|нарічѧ
ꙗко|ꙗко
прѣдъ|прѣдъ
послѹхомь|послоухомь
сѫщиимь|сѫщіімь
на|на
нб҃сехъ|нб҃сехъ
се|се
творѧ•|творѧ
и|і
въꙁбранѧемъи•|възбранѧемъі
ли|лі
иꙁметамъи|ізметамъі
трепещеть•|трепещеть
вънъ|вънъ
иꙁгонимъ|ізгонімъ
небесьнаго|небесьнаго
црс҃тва•|црс҃тва
блюди|блюді
сѧ|сѧ
рече|рече
ч͗то|что
дѣѥши|дѣеші
ѡ|о
ст҃телю•|ст҃телю
ѥже|еже
долѣ|долѣ
съвѧжеши|съвѧжеші
горѣ|горѣ
слово|слово
о|о
томь|томь
въꙁдати|въздаті
чаи|чаі
си•|сі
нѣсть|нѣсть
неповин͗на|неповінна
ѭꙁа•|ѭза
аще|аще
бес|бес
правьдꙑ|правьдъі
съвѧжеши•|съвѧжеші
ꙗвити|ꙗвіті
бо|бо
сѧ|сѧ
хощеши|хощеші
вл҇ⷣцѣ|влдцѣ
ангс҃кѹмѹ•|ангс҃коумоу
не|не
ꙗростьѭ|ꙗростьѭ
ни|ні
гнѣвомь|гнѣвомь
ѭꙁꙑ|ѭзъі
наводи•|наводі
ни|ні
ꙗко|ꙗко
себе|себе
мьщѧꙗ•|мьщѧꙗ
нъ|нъ
ꙗко|ꙗко
добрꙑ|добръі
дѣтѣли|дѣтѣлі
мьстѧ•|мьстѧ
мьстить|мьстіть
бо|бо
бес|бес
правьдꙑ|правьдъі
съвѧꙁанаго|съвѧзанаго
б҃ъ•|б҃ъ
аще|аще
о|о
ѭꙁѣ|ѭзѣ
неродить•|неродіть
пасꙑи|пасъіі
ѹбо|оубо
цѣломѹдрьнѣ|цѣломоудрьнѣ
стадо|стадо
х҃во•|х҃во
ѹста|оуста
бж҃ьꙗ|бж҃ьꙗ
нареченъ|нареченъ
есть|есть
рече|рече
бо•|бо
аще|аще
иꙁведеши|ізведеші
чьстьно|чьстьно
отъ|отъ
недостоина•|недостоіна
ꙗко|ꙗко
ѹста|оуста
моꙗ|моꙗ
бѫдеши•|бѫдеші
си|сі
истин͗наго|істіннаго
пастѹха|пастоуха
сѫть•|сѫть
да|да
д҃шѹ|д҃шоу
своѭ|своѭ
положить|положіть
ꙁа|за
обладомꙑꙗ|обладомъіꙗ
имъ•|імъ
аще|аще
ли|лі
небрѣжеть•|небрѣжеть
то|то
мьсть|мьсть
прииметь|прііметь
наим͗никъ|наімнікъ
влъка|влъка
бѣжавъ•|бѣжавъ
и|і
ѹслꙑшить|оуслъішіть
отъ|отъ
прьваго|прьваго
пастырѧ•|пастъірѧ
ѥже|еже
не|не
въꙁискашѧ|възіскашѧ
пастꙑри|пастъірі
овьць|овьць
моихъ•|моіхъ
отъ|отъ
рѫкъ|рѫкъ
ихъ•|іхъ
таковъ|таковъ
что|что
обрѣтаемъ|обрѣтаемъ
въ|въ
иринѣи•|ірінѣі
рече|рече
бо|бо
б҃гословьци|б҃гословьці
иѡаннѣ•|іоаннѣ
ꙗко|ꙗко
видѣвъ|відѣвъ
етера|етера
ѭношѫ|ѭношѫ
красьна•|красьна
наѹчивъ|наоучівъ
и|і
и|і
крьстивъ•|крьстівъ
рече|рече
граднѹмѹ|градноумоу
ѥпискѹпѫ•|епіскоупѫ
сего|сего
ти|ті
прѣпорѫчаѭ•|прѣпорѫчаѭ
и|і
отиде•|отіде
ѥп҃пъ|еп҃пъ
же|же
м͗ного|много
промꙑшлениѥ|промъішленіе
творѧ|творѧ
отрокѹ•|отрокоу
приведе|пріведе
и|і
въ|въ
векъи|векъі
спѣхъ•|спѣхъ
послѣдь|послѣдь
же|же
по|по
малѹ|малоу
слабѣꙗ•|слабѣꙗ
ѹклони|оуклоні
сѧ|сѧ
съ|съ
правьднаго|правьднаго
пѫти•|пѫті
ꙗко|ꙗко
бꙑти|бъіті
ѥмѹ|емоу
и|і
старѣишѹ|старѣішоу
раꙁбоиникомъ•|разбоінікомъ
пришьдъ|прішьдъ
же|же
теѡлогъ•|теологъ
ѹ|оу
ѥп҃па|еп҃па
тѧꙁаше|тѧзаше
порѹчениꙗ•|пороученіꙗ
онъ|онъ
же|же
мьнѧ|мьнѧ
имѣниꙗ|імѣніꙗ
ѥтера|етера
истѧꙁаѥма•|істѧзаема
не|не
ѹмꙗаше|оумꙗаше
что|что
отъвѣщати•|отъвѣщаті
ничтоже|нічтоже
въꙁьмъ|възьмъ
отъ|отъ
него•|него
тъгда|тъгда
ꙗвѣ|ꙗвѣ
гл҃а|гл҃а
емѹ•|емоу
ѭношѫ|ѭношѫ
ѥгоже|егоже
ти|ті
порѫчихъ|порѫчіхъ
въдаждь•|въдаждь
онъ|онъ
плеснѹвъ|плесноувъ
рѫкама|рѫкама
рече•|рече
онъ|онъ
ѹмрьлъ|оумрьлъ
ѥсть•|есть
и|і
повѣда|повѣда
ѥмѹ|емоу
ꙗже|ꙗже
о|о
немь•|немь
ап҃лъ|ап҃лъ
же|же
съ|съ
велиѥмь|веліемь
въꙁдъхновениѥмь|въздъхновеніемь
ѹдарь|оударь
сѧ|сѧ
по|по
главѣ|главѣ
рече•|рече
добра|добра
ли|лі
тѧ|тѧ
хранителѧ|хранітелѧ
братьнѧ|братьнѧ
дш҃ѧ|дш҃ѧ
оставихъ•|оставіхъ
и|і
абиѥ|абіе
иꙁиде|ізіде
искатъ|іскатъ
его•|его
ѹꙁьрѣвъ|оузьрѣвъ
же|же
иѡана|іоана
начѧ|начѧ
бѣжѧти•|бѣжѧті
сь|сь
же|же
въпиꙗше•|въпіꙗше
пожиди|пожіді
мене|мене
чадо|чадо
оц҃а|оц҃а
своѥго•|своего
помилѹи|помілоуі
сѣдины|сѣдінъі
моꙗ•|моꙗ
и|і
пришьдъ|прішьдъ
паде|паде
прѣдъ|прѣдъ
нимь•|німь
имꙑ|імъі
десницѫ|десніцѫ
кръвавѫ•|кръвавѫ
ѥванг҃листъ|еванг҃лістъ
же|же
облогꙑꙁаше|облогъізаше
рѫкѫ|рѫкѫ
ѥго|его
гл҃ѧ•|гл҃ѧ
м͗нѣ|мнѣ
грѣхъ|грѣхъ
твои|твоі
бѫди|бѫді
чѧдо•|чѧдо
отъ|отъ
м͗нѣ|мнѣ
да|да
въꙁищеть|възіщеть
б҃ъ|б҃ъ
дш҃ѧ|дш҃ѧ
твоѥꙗ•|твоеꙗ
и|і
въꙁвращь|възвращь
сѧ|сѧ
пакꙑ|пакъі
бꙑсть|бъість
съсѫдъ|съсѫдъ
иꙁбьранъ•|ізбьранъ
се|се
ѹбо|оубо
ѥсть|есть
въ|въ
истинѹ•|істіноу
еже|еже
положити|положіті
д҃шѹ|д҃шоу
ꙁа|за
овьцѧ•|овьцѧ
въꙁдрадѹѥть|въздрадоуеть
сѧ|сѧ
о|о
немь|немь
и|і
въꙁвеселить|възвеселіть
сѧ|сѧ
о|о
овьцѧхъ•|овьцѧхъ
въꙁдрадѹѥть|въздрадоуеть
же|же
сѧ|сѧ
аще|аще
в͗сѧ|всѧ
обрѧщеть|обрѧщеть
съдравꙑ•|съдравъі
а|а
не|не
отъпадъшѧ•|отъпадъшѧ
аще|аще
ли|лі
отъпалꙑ|отъпалъі
бѫдѹть•|бѫдоуть
то|то
лютѣ|лютѣ
пастꙑремъ|пастъіремъ
бѹдеть•|боудеть
аще|аще
ли|лі
и|і
пастꙑри|пастъірі
обрѧщѫть|обрѧщѫть
сѧ|сѧ
отъпадъше•|отъпадъше
ч͗то|что
рекѹть|рекоуть
владарю|владарю
стада•|стада
ꙗко|ꙗко
отъ|отъ
овьць|овьць
отъпадошѧ•|отъпадошѧ
невѣр͗ни|невѣрні
бѫдѫть•|бѫдѫть
невѣрьна|невѣрьна
бо|бо
вещь|вещь
ѥсть|есть
пастꙑрю•|пастъірю
отъ|отъ
овьць|овьць
страсть|страсть
приꙗти|пріꙗті
какѫ•|какѫ
паче|паче
же|же
мѹчени|моучені
бѫдѹть|бѫдоуть
ꙁа|за
лъжѧ|лъжѧ
ихъ•|іхъ
вѣдѹще|вѣдоуще
ѹбо|оубо
ꙗко|ꙗко
ꙁѣло|зѣло
подобаеть|подобаеть
имъ•|імъ
въꙁдати|въздаті
слово|слово
ꙗко|ꙗко
игѹменомъ|ігоуменомъ
црькъви•|црькъві
и|і
прьвонастольникомъ•|прьвонастольнікомъ
да|да
ѹтврьдить|оутврьдіть
сѧ|сѧ
съ|съ
стадомь|стадомь
ихъ•|іхъ
да|да
ѹгодни|оугодні
б҃ѹ|б҃оу
ꙗвѧть|ꙗвѧть
сѧ•|сѧ
въ|въ
чл҃цѣ|чл҃цѣ
бо|бо
бж҃ьи|бж҃ьі
нѣсть|нѣсть
мѹдрованиѧ|моудрованіѧ
плътьна•|плътьна
нъ|нъ
в͗си|всі
плоди|плоді
д҃ха|д҃ха
сп҃сении•|сп҃сеніі
въ|въ
нихъже|ніхъже
живеть|жіветь
б҃ъ|б҃ъ
и|і
ходить•|ходіть
имиже|іміже
сьꙗѭть|сьꙗѭть
ꙗко|ꙗко
свѣтила|свѣтіла
въ|въ
мирѣ•|мірѣ
ꙗко|ꙗко
въ|въ
истинѹ|істіноу
и|і
хвала|хвала
и|і
слава|слава
цр҃кви|цр҃кві
сѫще•|сѫще
ст҃ительство|ст҃ітельство
бо|бо
чинъ|чінъ
ѥсть|есть
ст҃ъ|ст҃ъ
и|і
хѹдожьство•|хоудожьство
блюдениѥ|блюденіе
ѹбо|оубо
ѥсть|есть
иѥрархиꙗ|іерархіꙗ
ѹподоблениѥ|оуподобленіе
къ|къ
б҃ѹ•|б҃оу
противѹ|протівоу
постигѹ•|постігоу
и|і
съвъкѹплениѥ•|съвъкоупленіе
того|того
имꙑ|імъі
в͗сего|всего
сщ҃на|сщ҃на
хѹдожьства|хоудожьства
же|же
и|і
дѣаниꙗ|дѣаніꙗ
наставьника•|наставьніка
и|і
к͗то|кто
божьствьнаго|божьствьнаго
благолѣпиꙗ|благолѣпіꙗ
неѹклоньнѣ|неоуклоньнѣ
ꙁьрѧ•|зьрѧ
ꙗко|ꙗко
сильнъ|сільнъ
же|же
и|і
своꙗ|своꙗ
подоб͗никꙑ•|подобнікъі
и|і
обраꙁѹꙗ|образоуꙗ
подобьꙗ|подобьꙗ
бж҃ьꙗ•|бж҃ьꙗ
сътварѧꙗ|сътварѧꙗ
противѫ|протівѫ
силѣ•|сілѣ
ꙁрьцѧла|зрьцѧла
чиста|чіста
и|і
бескврьн͗на•|бескврьнна
приꙗтива|пріꙗтіва
свѣтлоначѧл͗нꙑꙗ•|свѣтлоначѧлнъіꙗ
и|і
бг҃оначѧльнꙑꙗ|бг҃оначѧльнъіꙗ
лѹчѧ•|лоучѧ
сиꙗ|сіꙗ
же|же
пакꙑ|пакъі
неꙁавид͗нѣ|незавіднѣ
въ|въ
прочѧꙗ|прочѧꙗ
въсъꙗѭща•|въсъꙗѭща
по|по
бг҃оначал͗нꙑмъ|бг҃оначалнъімъ
обꙑчаѥмъ•|объічаемъ
не|не
подобно|подобно
ѥсть|есть
сщ҃нꙑхъ|сщ҃нъіхъ
трѣбъ•|трѣбъ
сирѣчь•|сірѣчь
сщ҃енѣ|сщ҃енѣ
творимꙑхъ|творімъіхъ
дѣати|дѣаті
что|что
отънѫдъ•|отънѫдъ
чрѣсъ|чрѣсъ
приснаа|пріснаа
ращиненьꙗ•|ращіненьꙗ
тѣмьже|тѣмьже
сщ҃еноѥ|сщ҃еное
начѧлиѥ|начѧліе
гл҃ѧ•|гл҃ѧ
и|і
чистительно|чістітельно
отънѫдь|отънѫдь
ꙗвлѧѥть|ꙗвлѧеть
ѹкрашениѥ•|оукрашеніе
обраꙁа|образа
бо|бо
начѧльнꙑꙗ|начѧльнъіꙗ
красотꙑ•|красотъі
въ|въ
чинохъ|чінохъ
и|і
хѹдожьствѣхъ|хоудожьствѣхъ
свѣтлѣхъ•|свѣтлѣхъ
своѥго|своего
сиꙗниꙗ|сіꙗніꙗ
ст҃ителюѭще|ст҃ітелюѭще
таинꙑ•|таінъі
и|і
къ|къ
своѥмѹ|своемоу
начѧлѹ|начѧлоу
ꙗкоже|ꙗкоже
подобаѥть|подобаеть
въꙁводѧще•|възводѧще
ѥсть|есть
бо|бо
сщ҃ноначѧльꙗ|сщ҃ноначѧльꙗ
съврьшениѥ•|съврьшеніе
ѥже|еже
по|по
своѥмѹ|своемоу
числѹ•|чіслоу
на|на
б҃гоподобиѥ|б҃гоподобіе
иꙁвѣсти|ізвѣсті
сѧ•|сѧ
и|і
божьѭ|божьѭ
поспѣшьникѹ|поспѣшьнікоу
бꙑти•|бъіті
и|і
покаꙁати|показаті
бж҃ствьно|бж҃ствьно
дѣаниѥ|дѣаніе
въ|въ
себѣ|себѣ
ꙗвлѧѥмо•|ꙗвлѧемо
и|і
просвѣщѧти|просвѣщѧті
сѧ•|сѧ
и|і
просвѣщѧти•|просвѣщѧті
и|і
очищати|очіщаті
сѧ•|сѧ
и|і
очищѧти•|очіщѧті
и|і
съконьчавати|съконьчаваті
бж҃ствьнаа•|бж҃ствьнаа
и|і
съврьшѧти•|съврьшѧті
да|да
в͗сь|всь
ꙁьрѧи|зьрѧі
васъ•|васъ
поꙁнаѥть|познаеть
ꙗко|ꙗко
сѣмѧ|сѣмѧ
бл҃но|бл҃но
ѥсте|есте
гм҃ь•|гм҃ь
въ|въ
истинѫ|істінѫ
сѣмѧ|сѣмѧ
чьстьно|чьстьно
цр҃ско|цр҃ско
сщ҃ниѥ|сщ҃ніе
ꙗꙁꙑкъ|ꙗзъікъ
ст҃ь•|ст҃ь
людиѥ|людіе
въ|въ
насънабъдѣниѥ|насънабъдѣніе
бж҃ьѥ•|бж҃ье
наслѣдьници|наслѣдьніці
нет͗лѣѭщь|нетлѣѭщь
и|і
невѧдѹщь|невѧдоущь
обѣщанъи•|обѣщанъі
ихъже|іхъже
око|око
не|не
видѣ•|відѣ
ни|ні
ѹхо|оухо
слꙑша•|слъіша
и|і
на|на
ср҃це|ср҃це
чл҃кѹ|чл҃коу
не|не
въꙁиде•|възіде
ꙗже|ꙗже
ѹготова|оуготова
б҃ъ|б҃ъ
любѧщиимъ|любѧщіімъ
и•|і
и|і
хранѧщиимъ|хранѧщіімъ
ꙁаповѣди|заповѣді
ѥго•|его
рече|рече
же|же
и|і
петръ•|петръ
пасѣте|пасѣте
стадо|стадо
ѥже|еже
въ|въ
васъ|васъ
бж҃ьѥ•|бж҃ье
присѣщѧѭще|прісѣщѧѭще
не|не
нѫждеѭ•|нѫждеѭ
нъ|нъ
волеѭ|волеѭ
бж҃ьѥѭ•|бж҃ьеѭ
ни|ні
мьꙁдоѭ•|мьздоѭ
нъ|нъ
спѣхомь•|спѣхомь
ни|ні
ѹстоꙗще|оустоꙗще
рѧдѹ•|рѧдоу
нъ|нъ
обраꙁи|образі
бꙑваѭще|бъіваѭще
стадѹ•|стадоу
и|і
ꙗвльшѹмѹ|ꙗвльшоумоу
сѧ|сѧ
прьвѹмѹ|прьвоумоу
пастꙑрю:|пастъірю
приимете|пріімете
неѹвѧдѹщии|неоувѧдоущіі
вѣньць•|вѣньць
г҃ь|г҃ь
же|же
рече•|рече
пастꙑрь|пастъірь
добръи|добръі
д҃шѹ|д҃шоу
своѭ|своѭ
ꙁа|за
овьцѧ|овьцѧ
полагаѥть•|полагаеть
а|а
наимникъ|наімнікъ
и|і
не|не
сꙑи|съіі
пастꙑрь•|пастъірь
видить|відіть
влъка|влъка
грѧдѹщѧ•|грѧдоущѧ
и|і
оставлѧѥть|оставлѧеть
овьцѧ|овьцѧ
и|і
бѣгаѥть•|бѣгаеть
и|і
влъкъ|влъкъ
расхꙑтить|расхъітіть
ꙗ|ꙗ
и|і
распѹдить•|распоудіть
а|а
наимникъ|наімнікъ
бѣжить•|бѣжіть
ꙗко|ꙗко
наимникъ|наімнікъ
ѥсть•|есть
и|і
неродить|неродіть
ѡ|о
овьцѧхъ•|овьцѧхъ
и|і
приводить•|пріводіть
сего|сего
ради|раді
мѧ|мѧ
оц҃ь|оц҃ь
любить•|любіть
ꙗко|ꙗко
аꙁъ|азъ
полагаѭ|полагаѭ
д҃шѹ|д҃шоу
моѭ|моѭ
ꙁа|за
овьцѧ•|овьцѧ
семѹ|семоу
чловѣколюбивѫмѹ|чловѣколюбівѫмоу
б҃ѹ|б҃оу
нашемѹ|нашемоу
слава|слава
въ|въ
вѣкꙑ|вѣкъі
вѣкомъ|вѣкомъ
АМИН|амін
рк҃г|рк҃г
⁘Ꙍ|о
РАЩИНЕНИИ⁘|ращіненіі
⁘КЛИРОСЬСЬСЦѢМ͗⁘|кліросьсьсцѣм
Послѣдно|послѣдно
ѥсть|есть
чистителемъ•|чістітелемъ
подражѧтелемъ|подражѧтелемъ
бꙑти|бъіті
начѧльнаго|начѧльнаго
чистителѧ|чістітелѧ
своѥго•|своего
ꙗкоже|ꙗкоже
иѡанъ•|іоанъ
начѧльнаго|начѧльнаго
чистителѧ|чістітелѧ
х҃а|х҃а
на|на
в͗сего|всего
благоѥ•|благое
млс҃рдьѥ•|млс҃рдье
ѥдиномꙑсльѥ•|едіномъіслье
смотрьливоѥ•|смотрьлівое
съмѣреномд҃рное•|съмѣреномд҃рное
братолюбноѥ•|братолюбное
нищелюбноѥ•|ніщелюбное
съпострадьноѥ|съпострадьное
на|на
в͗сꙗ•|всꙗ
ѥже|еже
милостивѹ|мілостівоу
бꙑти•|бъіті
и|і
привъꙁвращаѭщѧ|прівъзвращаѭщѧ
ꙁаблюждьшѧꙗ|заблюждьшѧꙗ
присѣщаѭщѧ•|прісѣщаѭщѧ
немощьныхъ•|немощьнъіхъ
не|не
лѣнѧщѧ|лѣнѧщѧ
сѧ•|сѧ
и|і
въдовицѧхъ|въдовіцѧхъ
и|і
сиротахъ|сіротахъ
и|і
нищиихъ•|ніщііхъ
добраа|добраа
помꙑшлѧѭщѧ•|помъішлѧѭщѧ
прѣдъ|прѣдъ
бм҃ь|бм҃ь
и|і
чл҃кы•|чл҃къі
огрѣбаѭще|огрѣбаѭще
сѧ|сѧ
в͗сего|всего
гнѣва•|гнѣва
лицеꙁорьꙗ•|ліцезорьꙗ
сѫда|сѫда
неправьд͗на•|неправьдна
сребролюбьꙗ•|сребролюбьꙗ
не|не
въ|въ
скорѣ|скорѣ
вѣрꙑ|вѣръі
ѥмлющи|емлющі
никакоже•|нікакоже
нъ|нъ
отъсѣчьнꙑ|отъсѣчьнъі
вь|вь
сѫдѣ•|сѫдѣ
вѣдѹще|вѣдоуще
ꙗко|ꙗко
длъжьници|длъжьніці
ѥсмъ|есмъ
грѣхомъ•|грѣхомъ
аще|аще
ѹбо|оубо
молимъ|молімъ
сѧ|сѧ
г҃ю|г҃ю
да|да
оставить|оставіть
намъ•|намъ
то|то
длъжьни|длъжьні
ѥсмъ|есмъ
и|і
мꙑ|мъі
оставлѧти•|оставлѧті
прѣдъ|прѣдъ
гн҃ѧма|гн҃ѧма
бо|бо
бж҃иꙗма|бж҃іꙗма
ѥсмъ|есмъ
очима•|очіма
такожде|такожде
и|і
диꙗци|діꙗці
сѫть|сѫть
бꙑти•|бъіті
непороч͗нии|непорочніі
прѣдъ|прѣдъ
правьдоѭ|правьдоѭ
ѥго•|его
ꙗко|ꙗко
бж҃ии|бж҃іі
и|і
хв҃и|хв҃і
слѹжителе•|слоужітеле
а|а
не|не
чл҃чи•|чл҃чі
прилежнѣ|прілежнѣ
да|да
послѹжѧть•|послоужѧть
да|да
ѹбѣгнѫть|оубѣгнѫть
клѧтьꙗ|клѧтьꙗ
пр҃ча•|пр҃ча
а|а
не|не
ꙁа|за
лѣность|лѣность
повинни|повінні
бѫдѹть•|бѫдоуть
ни|ні
дрьꙁовати|дрьзоваті
ни|ні
о|о
чимьже•|чімьже
ꙗко|ꙗко
благочьстьꙗ|благочьстьꙗ
ради|раді
рекъше•|рекъше
нъ|нъ
все|все
благообраꙁнѣ|благообразнѣ
и|і
по|по
чинѹ|чіноу
бѭди•|бѭді
по|по
ап҃лѹ|ап҃лоу
ꙁане|зане
что|что
недостоинѣ|недостоінѣ
творѧаше•|творѧаше
оꙁиꙗ|озіꙗ
покаждаꙗ|покаждаꙗ
б҃ѹ•|б҃оу
что|что
же|же
саѹлъ|саоулъ
жърѧ•|жърѧ
что|что
же|же
мѫчителе|мѫчітеле
и|і
бѣсове|бѣсове
бг҃ословѧще|бг҃ословѧще
истин͗нѣ|істіннѣ
г҃а•|г҃а
нъ|нъ
отъметьнъихъ|отъметьнъіхъ
бг҃ословьѥ•|бг҃ословье
къжьдо|къжьдо
же|же
въ|въ
чинѣ|чінѣ
своѥмь|своемь
бѹди|боуді
слѹжьбнѣмь•|слоужьбнѣмь
рече|рече
же|же
и|і
ꙁаконъ•|законъ
ѥдинъ|едінъ
чиститель|чістітель
ст҃аа|ст҃аа
ст҃хъ•|ст҃хъ
вънидеть|вънідеть
ѥдиноѭ|едіноѭ
лѣта•|лѣта
и|і
се|се
же|же
въ|въ
в͗сеи|всеі
чистотѣ|чістотѣ
стлс҃тва•|стлс҃тва
чистителе|чістітеле
же|же
да|да
съпрѧтаваѭть|съпрѧтаваѭть
ст҃аа•|ст҃аа
а|а
леуитии•|леуітіі
да|да
не|не
прикасаѭть|прікасаѭть
сѧ|сѧ
с҃тꙑхъ•|с҃тъіхъ
да|да
не|не
ѹмьрѹть•|оумьроуть
раꙁгнѣва|разгнѣва
сѧ|сѧ
ꙗростьѭ|ꙗростьѭ
г҃ь|г҃ь
о|о
дрьꙁновении|дрьзновеніі
ѡꙁиинѣ•|озіінѣ
и|і
мариꙗ|маріꙗ
опѣготивѣ•|опѣготівѣ
ꙁаконодавьцѫ|законодавьцѫ
ꙁаконъ|законъ
положити|положіті
начьнъши•|начьнъші
и|і
на|на
скеуиньи•|скеуіньі
с҃ны|с҃нъі
насльпаше|насльпаше
бѣсьнѹꙗи•|бѣсьноуꙗі
и|і
не|не
посъла|посъла
ихъ•|іхъ
и|і
ти|ті
чаахѹ|чаахоу
и|і
не|не
гл҃аахѹ|гл҃аахоу
къ|къ
себѣ•|себѣ
и|і
нечьстивъи|нечьстівъі
ꙁакалаꙗи|закалаꙗі
ми|мі
ѭньць•|ѭньць
ꙗко|ꙗко
ѹбиваꙗи|оубіваꙗі
пьса•|пьса
и|і
просто|просто
рещи•|рещі
не|не
приѥмлеть|пріемлеть
чрѣсъ|чрѣсъ
чинъ|чінъ
ихъ•|іхъ
в͗сесъврьшенаа|всесъврьшенаа
бж҃ьꙗ|бж҃ьꙗ
правьда•|правьда
гл҃ѫщиимъ|гл҃ѫщіімъ
же|же
ѥмѹ|емоу
именемь|іменемь
твоимь•|твоімь
силꙑ|сілъі
многꙑ|многъі
створихомъ•|створіхомъ
не|не
вѣдѣ|вѣдѣ
васъ|васъ
отъвѣщаѥть•|отъвѣщаеть
идѣте|ідѣте
отъ|отъ
мене|мене
в͗си|всі
дѣлателе|дѣлателе
беꙁаконениꙗ•|безаконеніꙗ
тѣмьже|тѣмьже
не|не
подобно|подобно
ѥсть|есть
ст҃аа|ст҃аа
словеса|словеса
рѣшꙗ|рѣша
ни|ні
праведно•|праведно
аще|аще
не|не
по|по
чинѹ|чіноу
гонить•|гоніть
блюсти|блюсті
же|же
сѧ|сѧ
комѹжьдо|комоужьдо
себе|себе
трѣбѣ|трѣбѣ
ѥсть•|есть
а|а
не|не
вꙑсочаишиихъ•|въісочаішііхъ
и|і
глѹбьшиихъ|глоубьшііхъ
помꙑшлѧти•|помъішлѧті
раꙁмꙑшлѧти|размъішлѧті
же|же
тъчьѭ•|тъчьѭ
ѩже|ѧже
по|по
чинѹ|чіноу
ѥмѹ|емоу
повелѣна|повелѣна
сѫть•|сѫть
аще|аще
не|не
обадьливи|обадьліві
ни|ні
дъвословиви•|дъвословіві
ни|ні
сребролюбиви•|сребролюбіві
нъ|нъ
въꙁдрьжьливи•|въздрьжьліві
о|о
в͗сѣхъ|всѣхъ
мл҃ди•|мл҃ді
прилеживи•|прілежіві
ходѧще|ходѧще
по|по
истинѣ|істінѣ
гн҃и•|гн҃і
иже|іже
бꙑсть|бъість
слѹжитель|слоужітель
в͗сѣмъ•|всѣмъ
ѥмѹже|емоуже
аще|аще
всегодимъ|всегодімъ
въ|въ
нꙑнѣшьниимь|нъінѣшьніімь
вѣцѣ•|вѣцѣ
въсприимемъ|въспріімемъ
въ|въ
бѫдѹщии•|бѫдоущіі
ꙗкоже|ꙗкоже
обѣщѧ|обѣщѧ
намъ•|намъ
въꙁдвигнѹти|въздвігноуті
нꙑ|нъі
иꙁ|із
мрьтвъихъ•|мрьтвъіхъ
и|і
ꙗко|ꙗко
аще|аще
поживемъ|пожівемъ
достоиинѣ•|достоіінѣ
то|то
црс҃твѹѥмъ|црс҃твоуемъ
съ|съ
нимъ•|німъ
тъ|тъ
бо|бо
самъ|самъ
рече•|рече
аще|аще
к͗то|кто
м͗нѣ|мнѣ
слѹжить•|слоужіть
въ|въ
слѣдъ|слѣдъ
мене|мене
да|да
ходить•|ходіть
и|і
идеже|ідеже
ѥсмь|есмь
аꙁъ•|азъ
тѹ|тоу
и|і
слѹжитель|слоужітель
мои|моі
бѫдеть•|бѫдеть
аще|аще
кто|кто
мнѣ|мнѣ
слѹжить•|слоужіть
почтеть|почтеть
и|і
оц҃ь|оц҃ь
мои•|моі
томѹ|томоу
слава|слава
въ|въ
вѣкꙑ|вѣкъі
вѣком|вѣком
АМИН|амін
рк҃д|рк҃д
⁘О|о
ТОМЬ|томь
ѤЖЕ|еже
СТꙐДѢТИ⁘|стъідѣті
СѦ|сѧ
СЩ҃НХЪ⁘|сщ҃нхъ
Бг҃оносивъи|бг҃оносівъі
игнатъ|ігнатъ
посꙑлаѥть|посъілаеть
гл҃ѧ•|гл҃ѧ
ѥп҃па|еп҃па
послѹшаите•|послоушаіте
да|да
и|і
б҃ъ|б҃ъ
васъ|васъ
ꙁадѹшьѥ•|задоушье
аꙁъ|азъ
повинѹѭщиимъ|повіноуѭщіімъ
сѧ|сѧ
ѥп҃пѹ•|еп҃поу
попомъ|попомъ
же|же
и|і
диꙗкомъ•|діꙗкомъ
съ|съ
ними|німі
ми|мі
чѧсть|чѧсть
бѫди|бѫді
имѣти|імѣті
о|о
б҃ꙁѣ•|б҃зѣ
и|і
пакꙑ•|пакъі
послѹхъ|послоухъ
ми|мі
ѥсть•|есть
ѥгоже|егоже
ради|раді
съвѧꙁанъ|съвѧзанъ
ѥсмь•|есмь
ꙗко|ꙗко
отъ|отъ
плъти|плъті
чл҃чѧ|чл҃чѧ
не|не
раꙁѹмѣхъ•|разоумѣхъ
дх҃ъ|дх҃ъ
же|же
повѣда|повѣда
ми|мі
гл҃ѧ|гл҃ѧ
сице•|сіце
кромѣ|кромѣ
ѥп҃па|еп҃па
ничесоже|нічесоже
не|не
творите•|творіте
не|не
подобаеть|подобаеть
беꙁъ|безъ
ѥп҃па|еп҃па
ничесоже|нічесоже
дѣати|дѣаті
намъ•|намъ
идеже|ідеже
бо|бо
аще|аще
бѹде|боуде
ѥп҃пъ•|еп҃пъ
тѹ|тоу
множьство|множьство
бѹди•|боуді
ꙗкоже|ꙗкоже
идеже|ідеже
именова|іменова
сѧ|сѧ
х҃ъ|х҃ъ
іс҃ъ•|іс҃ъ
тѹ|тоу
събьранаа•|събьранаа
цр҃кы|цр҃къі
събираѥть|събіраеть
сѧ•|сѧ
не|не
ꙗможе|ꙗможе
хотѧть|хотѧть
идѹть•|ідоуть
пасома|пасома
стада•|стада
нъ|нъ
ѧможе|ѧможе
пастѹси|пастоусі
ꙗ|ꙗ
клонѧть•|клонѧть
а|а
остаѭща|остаѭща
кромѣ|кромѣ
стада•|стада
расхꙑщаѭть|расхъіщаѭть
ꙁвѣрьѥ•|звѣрье
и|і
пищѫ|піщѫ
себѣ|себѣ
творѧть|творѧть
блюдѧщеѥ•|блюдѧщее
не|не
подобаѥть|подобаеть
ѹбо|оубо
беꙁъ|безъ
еп҃па|еп҃па
ни|ні
крьщѧти•|крьщѧті
ни|ні
любъве|любъве
творити•|творіті
нъ|нъ
ѥже|еже
аще|аще
онъ|онъ
искѹсить•|іскоусіть
то|то
то|то
б҃ѹ|б҃оу
годѣ|годѣ
ѥсть•|есть
иже|іже
ѥп҃па|еп҃па
чьтеть•|чьтеть
то|то
отъ|отъ
б҃а|б҃а
чьстьнъ|чьстьнъ
ѥсть•|есть
иже|іже
таи|таі
ѥп҃па|еп҃па
ч͗то|что
творить•|творіть
то|то
диꙗволѹ|діꙗволоу
слѹжить•|слоужіть
нѹждьно|ноуждьно
же|же
ѥсть|есть
повиновати|повіноваті
сѧ|сѧ
и|і
проꙁвутерьствѹ•|прозвутерьствоу
ꙗко|ꙗко
ап҃ломъ|ап҃ломъ
і҃у|і҃у
х҃а|х҃а
ѹпъваниꙗ|оупъваніꙗ
нашего•|нашего
о|о
немьже|немьже
живѹще|жівоуще
въ|въ
немь|немь
обрѧщемъ|обрѧщемъ
сѧ•|сѧ
подобаѥть|подобаеть
же|же
и|і
диꙗком͗•|діꙗком
ꙗко|ꙗко
слѹжителе|слоужітеле
сѹще|соуще
таинъ|таінъ
і҃у|і҃у
х҃въ•|х҃въ
по|по
всемѹ|всемоу
обраꙁѹ|образоу
всѣмь|всѣмь
годити•|годіті
не|не
брашьномь|брашьномь
бо|бо
и|і
питиѥмь|пітіемь
сѫть|сѫть
слѹгꙑ•|слоугъі
нь|нь
цр҃кви|цр҃кві
бж҃ьꙗ|бж҃ьꙗ
работьници•|работьніці
лѣпо|лѣпо
ѹбо|оубо
ѥсть|есть
имъ|імъ
хранити|храніті
сѧ|сѧ
грѣховъ•|грѣховъ
ꙗко|ꙗко
огнѧ•|огнѧ
такожде|такожде
и|і
вси|всі
да|да
срамлѧѭть|срамлѧѭть
сѧ•|сѧ
диꙗкъ|діꙗкъ
ꙗко|ꙗко
і҃у|і҃у
х҃а•|х҃а
а|а
еп҃па|еп҃па
ꙗко|ꙗко
и|і
оц҃ѧ•|оц҃ѧ
поповъ|поповъ
же|же
ꙗко|ꙗко
и|і
събора|събора
бж҃ьꙗ•|бж҃ьꙗ
и|і
ꙗко|ꙗко
ѭꙁы|ѭзъі
апл҃скꙑ•|апл҃скъі
бес|бес
ихъ|іхъ
бо|бо
цр҃кꙑ|цр҃къі
не|не
наречеть|наречеть
сѧ•|сѧ
съгласѫѥть|съгласѫеть
же|же
словеси|словесі
и|і
ꙁаконъ|законъ
г҃лѧ•|г҃лѧ
съхраните|съхраніте
ꙁѣло|зѣло
по|по
в͗семѹ•|всемоу
ѥлико|еліко
аще|аще
речеть|речеть
ти|ті
чиститель|чістітель
твориши•|творіші
не|не
ѹклони|оуклоні
сѧ|сѧ
отъ|отъ
гл҃а•|гл҃а
на|на
десно|десно
ли|лі
на|на
шѹѥ•|шоуе
и|і
чл҃къ|чл҃къ
иже|іже
аще|аще
творить|творіть
прѣꙁорьѥ•|прѣзорье
не|не
послѹшати|послоушаті
чистителѧ•|чістітелѧ
да|да
ѹмьреть|оумьреть
чл҃къ|чл҃къ
тъ•|тъ
пр҃къ|пр҃къ
же|же
малахиꙗ•|малахіꙗ
ѹстьнѣ|оустьнѣ
чистителевѣ|чістітелевѣ
рече|рече
да|да
храните|храніте
раꙁѹмъ|разоумъ
и|і
ꙁаконъ•|законъ
иꙁищѫть|ізіщѫть
иꙁ|із
ѫстъ|ѫстъ
ѥго•|его
ꙁане|зане
анг҃лъ|анг҃лъ
г҃а|г҃а
вседрьжителѧ|вседрьжітелѧ
ѥсть•|есть
въ|въ
мирѣ|мірѣ
исправлѧꙗ|ісправлѧꙗ
ходи|ході
съ|съ
м͗ноѭ•|мноѭ
и|і
мъногꙑ|мъногъі
въꙁврати|възвраті
отъ|отъ
неправьдꙑ•|неправьдъі
и|і
инъ•|інъ
всеѭ|всеѭ
д҃шеѭ|д҃шеѭ
си|сі
готоваи|готоваі
г҃ю•|г҃ю
и|і
чистителемъ|чістітелемъ
ѥго|его
диви|діві
сѧ|сѧ
в͗сеѭ|всеѭ
силоѭ|сілоѭ
своѥѭ•|своеѭ
люби|любі
створьшьго|створьшьго
тѧ•|тѧ
и|і
слѹгъ|слоугъ
ѥго|его
не|не
остави•|оставі
бои|боі
сѧ|сѧ
г҃а|г҃а
и|і
слави|славі
чистителѧ•|чістітелѧ
и|і
пакꙑ|пакъі
ꙁаконъ•|законъ
чистителе|чістітеле
ст҃и|ст҃і
бѫдѫть|бѫдѫть
б҃ѹ|б҃оу
ихъ•|іхъ
жрьтвꙑ|жрьтвъі
бо|бо
г҃ю|г҃ю
б҃ѹ|б҃оу
своѥмѹ|своемоу
принесѹть•|прінесоуть
и|і
да|да
бѹдѹть|боудоуть
ст҃и•|ст҃і
и|і
пакꙑ•|пакъі
чиститель|чістітель
ст҃ъ|ст҃ъ
ѥсть|есть
г҃ю|г҃ю
б҃ѹ|б҃оу
своѥмѹ•|своемоу
дарꙑ|даръі
бо|бо
г҃ѹ|г҃оу
б҃ѹ|б҃оу
нашемѹ|нашемоу
сь|сь
приносить•|пріносіть
ст҃ъ|ст҃ъ
да|да
бѫдеть|бѫдеть
тебе•|тебе
и|і
рече|рече
г҃ь|г҃ь
арѡнѹ|ароноу
гл҃ѧ•|гл҃ѧ
и|і
послѹжить|послоужіть
леуитинъ|леуітінъ
сѣни|сѣні
съвѣдѣньꙗ•|съвѣдѣньꙗ
и|і
ти|ті
приимѹть|пріімоуть
грѣхꙑ|грѣхъі
людьскы•|людьскъі
и|і
приношеньꙗ|пріношеньꙗ
даръ|даръ
леуитомъ•|леуітомъ
ꙗко|ꙗко
мьꙁда|мьзда
си|сі
ваша|ваша
ѥсть|есть
ꙁа|за
слѹжьбꙑ|слоужьбъі
вашѧ•|вашѧ
и|і
исаиꙗ|ісаіꙗ
же|же
рече•|рече
вꙑ|въі
же|же
чистителе|чістітеле
гн҃и|гн҃і
наречете|наречете
сѧ•|сѧ
слѹгꙑ|слоугъі
бж҃ьꙗ|бж҃ьꙗ
слѹгꙑ•|слоугъі
и|і
иѥремиꙗ•|іереміꙗ
въꙁвеличѫ|възвелічѫ
и|і
ѹпоѭ|оупоѭ
дш҃ѫ|дш҃ѫ
чистительскѹ•|чістітельскоу
такожде|такожде
и|і
дв҃дъ•|дв҃дъ
чистители|чістітелі
твои|твоі
гл҃ѧ•|гл҃ѧ
облѣкѫть|облѣкѫть
сѧ|сѧ
въ|въ
правьдѹ•|правьдоу
и|і
прп҃дбнии|прп҃дбніі
твои|твоі
въꙁдрадѹѭт͗|въздрадоуѭт
сѧ•|сѧ
павьлъ|павьлъ
же•|же
вьсь|вьсь
бо|бо
начѧлочиститель|начѧлочістітель
рече•|рече
на|на
приношениѥ|пріношеніе
даровъ|даровъ
и|і
жрьтвъ|жрьтвъ
поставлѧѥмъ|поставлѧемъ
ѥсть•|есть
иже|іже
обраꙁомь|образомь
и|і
стѣньмь•|стѣньмь
слѹжѧть|слоужѧть
на|на
нб҃схъ•|нб҃схъ
нꙑнѣ|нъінѣ
же|же
раꙁличнѣ|разлічнѣ
ѹлѹчи|оулоучі
слѹжениѥ•|слоуженіе
ѥлико|еліко
и|і
лѹчьша|лоучьша
ꙁавѣта•|завѣта
и|і
приводить|пріводіть
гл҃ѧ•|гл҃ѧ
молимъ|молімъ
же|же
вꙑ|въі
бра҇ⷮѥ|брате
вѣдѣти|вѣдѣті
трѹждаѭщаꙗ|троуждаѭщаꙗ
сѧ|сѧ
въ|въ
васъ•|васъ
и|і
приставьникꙑ|пріставьнікъі
вашѧ|вашѧ
о|о
г҃и•|г҃і
и|і
накаꙁаѭщѧꙗ|наказаѭщѧꙗ
вꙑ•|въі
и|і
имѣите|імѣіте
ꙗ|ꙗ
прѣиꙁлиха•|прѣізліха
въ|въ
любовъ|любовъ
ꙁа|за
дѣло|дѣло
ихъ•|іхъ
мирѹите|міроуіте
же|же
въ|въ
себѣ•|себѣ
и|і
пакꙑ•|пакъі
попове|попове
сѫгѹбѣ|сѫгоубѣ
чьсти|чьсті
да|да
бꙑваѭть•|бъіваѭть
паче|паче
же|же
трѹждаѭщеи|троуждаѭщеі
сѧ|сѧ
въ|въ
словеси|словесі
и|і
ѹчении•|оученіі
лѣпо|лѣпо
ѹбо|оубо
ѥсть•|есть
въꙁлюблении|възлюбленіі
и|і
любо|любо
б҃ѹ•|б҃оу
стꙑдѣти|стъідѣті
сѧ|сѧ
чиститель|чістітель
ѥго•|его
ꙗже|ꙗже
ѹбо|оубо
б҃ъ|б҃ъ
оприсни|опрісні
и|і
прослави•|прославі
то|то
нѹжда|ноужда
ѥсть|есть
чл҃кмъ|чл҃кмъ
длъгꙑ|длъгъі
въꙁдаꙗти•|въздаꙗті
ибо|ібо
не|не
о|о
себѣ|себѣ
к͗то|кто
приѥмлеть|пріемлеть
чьсть•|чьсть
нъ|нъ
нарицаѥмꙑмь|наріцаемъімь
бм҃ь•|бм҃ь
не|не
достоить|достоіть
ѹбо|оубо
николиже|ніколіже
чистителю|чістітелю
противити|протівіті
сѧ•|сѧ
противѧщии|протівѧщіі
бо|бо
сѧ|сѧ
себѣ|себѣ
сѹдъ|соудъ
приѥмлють•|пріемлють
кнѧꙁю|кнѧзю
бо|бо
людии|людіі
своихъ|своіхъ
не|не
речеши|речеші
ꙁъла•|зъла
г҃ь|г҃ь
же•|же
и|і
великꙑи|велікъіі
ар͗хиѥрѣи|архіерѣі
рече•|рече
приѥмлѧи|пріемлѧі
вꙑ|въі
мѧ|мѧ
приѥмлеть•|пріемлеть
а|а
приѥмлѧи|пріемлѧі
мѧ|мѧ
приѥмлеть|пріемлеть
посълавъшѧго|посълавъшѧго
мѧ•|мѧ
а|а
приѥмлѧи|пріемлѧі
пророка|пророка
въ|въ
имѧ|імѧ
пр҃че|пр҃че
мьꙁдѹ|мьздоу
пр҃чѫ|пр҃чѫ
приѥмлеть•|пріемлеть
и|і
приѥмлѧи|пріемлѧі
правед͗ника|праведніка
въ|въ
имѧ|імѧ
правьдьниче•|правьдьніче
мьꙁдѹ|мьздоу
правьдьничѫ|правьдьнічѫ
приѥмлеть|пріемлеть
о|о
х҃ѣ|х҃ѣ
ѥмѹже|емоуже
слава|слава
въ|въ
вкы|вкъі
вѣком|вѣком
АМИН|амін
рк҃е|рк҃е
⁘О|о
ЧААНИИ|чааніі
БОУдѹщиихъ|боудоущііхъ
Чаꙗи|чаꙗі
бѹдѹщиихъ|боудоущііхъ
благъ•|благъ
сьдещьнѧа|сьдещьнѧа
отърѣѥть•|отърѣеть
желаниѥмь|желаніемь
бѫдѹщиихъ•|бѫдоущііхъ
в͗сѧ|всѧ
житиискаа|жітііскаа
ꙗко|ꙗко
стѣнѧ|стѣнѧ
и|і
паѹчинѹ|паоучіноу
ѹминѹѥть•|оуміноуеть
ꙁа|за
щѧдимѹѭ|щѧдімоуѭ
надеждѫ|надеждѫ
и|і
радость•|радость
тѹ|тоу
бо|бо
тъщить|тъщіть
сѧ|сѧ
бꙑти•|бъіті
идеже|ідеже
сътѧжаниꙗ|сътѧжаніꙗ
имѣньѥ•|імѣнье
рекъше|рекъше
желаниѥ|желаніе
порабощено|порабощено
имать•|імать
имъже|імъже
ѹбо|оубо
желаньно|желаньно
ѥсть•|есть
на|на
нб҃схъ|нб҃схъ
сътѧжаниѥ•|сътѧжаніе
тѣлесьнаго|тѣлесьнаго
иꙁитиꙗ|ізітіꙗ
желаѭть•|желаѭть
чаѭще|чаѭще
ѹбо|оубо
щѧдимꙑхъ|щѧдімъіхъ
намъ|намъ
благъ•|благъ
и|і
иꙁдѧдьнъ|іздѧдьнъ
сѫщь|сѫщь
всеѭ|всеѭ
волеѭ•|волеѭ
желаниимь|желаніімь
многомь|многомь
въꙁлюбимъ|възлюбімъ
ꙗ•|ꙗ
прѣꙁьрѧще|прѣзьрѧще
непрѣбѹдьнаа•|непрѣбоудьнаа
и|і
радѹѭще|радоуѭще
сѧ|сѧ
ꙁа|за
вѣчнаа•|вѣчнаа
и|і
прѣбꙑтьнаа|прѣбъітьнаа
благаа•|благаа
ихъже|іхъже
не|не
можеть|можеть
ѹмъ|оумъ
чл҃чь|чл҃чь
постигнѫти•|постігнѫті
в͗сѣмь|всѣмь
ѹбо|оубо
хранениѥмь|храненіемь
блюдѣмъ|блюдѣмъ
ср҃це|ср҃це
жьдѹще|жьдоуще
домѹ|домоу
влд҃кꙑ|влд҃къі
х҃а|х҃а
б҃а|б҃а
нашего•|нашего
обнищавъшаго|обніщавъшаго
насъ|насъ
ради•|раді
и|і
ꙁа|за
наше|наше
сп҃сениѥ•|сп҃сеніе
немощьнꙑꙗ|немощьнъіꙗ
страсти|страсті
на|на
сѧ|сѧ
въсприима•|въспрііма
да|да
нꙑ|нъі
богатьства|богатьства
ѥго|его
причѧстьникꙑ|прічѧстьнікъі
створить•|створіть
и|і
бѫдѫщѧꙗ|бѫдѫщѧꙗ
неиꙁдекомꙑ|неіздекомъі
славꙑ|славъі
насладимъ|насладімъ
сѧ•|сѧ
ѥгоже|егоже
любѧще|любѧще
не|не
почьимъ•|почьімъ
и|і
любими|любімі
имь•|імь
вънидемъ|вънідемъ
въ|въ
прѣбꙑть|прѣбъіть
ѹготованѫѭ|оуготованѫѭ
оц҃мь•|оц҃мь
и|і
ѹꙁьримъ|оузьрімъ
свѣтъ|свѣтъ
въ|въ
свѣтѣ|свѣтѣ
ѥго•|его
страшьнъ|страшьнъ
дн҃ь|дн҃ь
пришьствьꙗ|прішьствьꙗ
ѥго•|его
великъ|велікъ
и|і
просвѣщенъ|просвѣщенъ
ꙁѣло•|зѣло
тѣмьже|тѣмьже
имѹще|імоуще
обѣщаньꙗ|обѣщаньꙗ
си|сі
радѹимъ|радоуімъ
сѧ•|сѧ
радость|радость
неиꙁг҃лемоѭ|неізг҃лемоѭ
и|і
слав͗ноѭ•|славноѭ
очищаѭще|очіщаѭще
присно|прісно
дш҃ѧ•|дш҃ѧ
ѥда|еда
кто|кто
корень|корень
горести|горесті
вꙑспрь|въіспрь
проꙁѧбаꙗ|прозѧбаꙗ
пакости|пакості
творить•|творіть
и|і
оскврьнѧть|оскврьнѧть
сѧ|сѧ
мноꙁи•|мнозі
да|да
въ|въ
чистѣмь|чістѣмь
и|і
въ|въ
свѣт͗лѣмь|свѣтлѣмь
просвѣтѣ|просвѣтѣ
бꙑвъше•|бъівъше
ни|ні
имѹще|імоуще
скврьнꙑ•|скврьнъі
ни|ні
враскꙑ|враскъі
тѹ|тоу
ѹꙁьрить•|оузьріть
несоꙁьданоѥ•|несозьданое
и|і
блаженоѥ|блаженое
ѥстьство|естьство
оно•|оно
идеже|ідеже
оц҃ь|оц҃ь
и|і
сн҃ъ|сн҃ъ
и|і
с҃тыи|с҃тъіі
дх҃ъ•|дх҃ъ
ꙗко|ꙗко
и|і
павьлъ|павьлъ
римлѧнемъ|рімлѧнемъ
присꙑлаѥть|прісъілаеть
гл҃ѧ•|гл҃ѧ
молю|молю
ѹбо|оубо
бра҇ⷮѥ•|брате
щредротами|щредротамі
бж҃ьꙗми|бж҃ьꙗмі
прѣдъставите|прѣдъставіте
тѣлеса|тѣлеса
вашѧ•|вашѧ
жрьтвѹ|жрьтвоу
живѹ|жівоу
ст҃ѹ|ст҃оу
ѹгодьнѫ|оугодьнѫ
б҃ѹ•|б҃оу
словесьноѥ|словесьное
слѹжениѥ|слоуженіе
ваше•|ваше
и|і
не|не
съобраꙁѹите|съобразоуіте
сѧ|сѧ
вѣкѹ|вѣкоу
семѹ•|семоу
нъ|нъ
прѣобраꙁѹите|прѣобразоуіте
сѧ|сѧ
въ|въ
обновлениѥ|обновленіе
ѹма|оума
вашего•|вашего
искѹшаѭще|іскоушаѭще
что|что
ѥ|е
волѧ|волѧ
бж҃ьꙗ•|бж҃ьꙗ
благаа|благаа
ѹгодьна•|оугодьна
и|і
съврьшена•|съврьшена
и|і
пакꙑ•|пакъі
намъ|намъ
бо|бо
отъкръї|отъкръі
б҃ъ|б҃ъ
дх҃мь|дх҃мь
ст҃ъимь•|ст҃ъімь
дх҃ъ|дх҃ъ
бо|бо
в͗сего|всего
чаѥть•|чаеть
и|і
глѹбинꙑ|глоубінъі
бж҃ьꙗ•|бж҃ьꙗ
кто|кто
бо|бо
вѣсть|вѣсть
отъ|отъ
чл҃къ|чл҃къ
ꙗже|ꙗже
въ|въ
чл҃цѣ•|чл҃цѣ
тъчьѭ|тъчьѭ
дх҃ъ|дх҃ъ
чл҃чь|чл҃чь
сꙑи|съіі
въ|въ
немь•|немь
такоже|такоже
и|і
бж҃ии•|бж҃іі
ник͗тоже|ніктоже
не|не
раꙁѹмѣ•|разоумѣ
тъчьѭ|тъчьѭ
дх҃ъ|дх҃ъ
бж҃ии•|бж҃іі
и|і
приричеть•|прірічеть
мꙑ|мъі
же|же
не|не
дх҃мь|дх҃мь
сего|сего
мира|міра
приꙗхомъ•|пріꙗхомъ
нъ|нъ
дх҃ъ|дх҃ъ
иже|іже
отъ|отъ
б҃а•|б҃а
да|да
видимъ|відімъ
дарованаа|дарованаа
намь|намь
б҃мь•|б҃мь
и|і
пакꙑ•|пакъі
аще|аще
ѹбо|оубо
слѹжениѥ|слоуженіе
осѫждениѥ|осѫжденіе
слава•|слава
паче|паче
же|же
ꙁѣло•|зѣло
и|і
бꙑваѥть|бъіваеть
слѹжениѥ•|слоуженіе
правьдꙑ|правьдъі
славѣ•|славѣ
ибо|ібо
не|не
прославить|прославіть
сѧ|сѧ
прославленоѥ|прославленое
въ|въ
чѧсти|чѧсті
сеи•|сеі
прѣспѣѭщаꙗ|прѣспѣѭщаꙗ
ради|раді
славѣ•|славѣ
аще|аще
бо|бо
прѣстаѭщеѥ|прѣстаѭщее
славоѭ•|славоѭ
паче|паче
же|же
цѣло|цѣло
прѣбꙑваѭщеѥ|прѣбъіваѭщее
въ|въ
славѣ•|славѣ
и|і
инъ•|інъ
правед͗нꙑхъ|праведнъіхъ
д҃шѧ|д҃шѧ
въ|въ
рѫцѣ|рѫцѣ
бж҃ьи•|бж҃ьі
и|і
не|не
прикоснеть|прікоснеть
сѧ|сѧ
ихъ|іхъ
мѹка•|моука
они|оні
же|же
сѫть|сѫть
въ|въ
мирѣ•|мірѣ
и|і
ѹпъваниѥ|оупъваніе
ихъ|іхъ
бесъмрьтьꙗ|бесъмрьтьꙗ
плъно•|плъно
малꙑ|малъі
покаꙁани•|показані
веми|вемі
бл҃годѣтѧть|бл҃годѣтѧть
сѧ•|сѧ
ꙗко|ꙗко
б҃ъ|б҃ъ
искѹси|іскоусі
ꙗ•|ꙗ
и|і
обрѣте|обрѣте
ꙗ|ꙗ
достоинꙑ|достоінъі
себѣ•|себѣ
и|і
ꙗко|ꙗко
в͗сеплодьнꙑ|всеплодьнъі
жрьтвꙑ|жрьтвъі
приꙗтъ|пріꙗтъ
ꙗ•|ꙗ
и|і
въ|въ
врѣмѧ|врѣмѧ
посѣщениꙗ|посѣщеніꙗ
ихъ|іхъ
въсьꙗѭть•|въсьꙗѭть
и|і
дв҃дъ•|дв҃дъ
вечеръ|вечеръ
ѹдворить|оудворіть
сѧ|сѧ
плачь•|плачь
и|і
ꙁаѹтра|заоутра
радость•|радость
и|і
постави|поставі
на|на
пространѣ|пространѣ
ноꙁѣ|нозѣ
мои•|моі
и|і
пакы|пакъі
ап҃лъ•|ап҃лъ
аще|аще
ѹбо|оубо
въскрьснѫсте|въскрьснѫсте
съ|съ
х҃мь•|х҃мь
вꙑш͗ниихъ|въішнііхъ
ищѣте•|іщѣте
идеже|ідеже
х҃ъ|х҃ъ
ѥсть•|есть
о|о
деснѹѭ|десноуѭ
оц҃а|оц҃а
сѣдѧ•|сѣдѧ
вꙑш͗нѧа|въішнѧа
мѹдрѹите|моудроуіте
а|а
не|не
ꙁемльнаа•|земльнаа
и|і
пакꙑ:|пакъі
нꙑнѣ|нъінѣ
же|же
свобождьше|свобождьше
сѧ|сѧ
отъ|отъ
грѣха•|грѣха
порабощьше|порабощьше
сѧ|сѧ
б҃ѹ•|б҃оу
имате|імате
плодъ|плодъ
вашь|вашь
въ|въ
ст҃ꙑнѫ•|ст҃ъінѫ
а|а
коньчинѫ|коньчінѫ
въ|въ
жиꙁнь|жізнь
вѣч͗нѫѭ•|вѣчнѫѭ
о|о
х҃ѣ|х҃ѣ
ис҃ѣ|іс҃ѣ
г҃и|г҃і
нашемь•|нашемь
г҃ь|г҃ь
же•|же
бѫдѫ|бѫдѫ
чрѣсла|чрѣсла
вашѧ|вашѧ
прѣпоꙗсана|прѣпоꙗсана
рече•|рече
и|і
свѣтил͗ници|свѣтілніці
горѫще•|горѫще
и|і
вꙑ|въі
подоб͗ни|подобні
чл҃комъ|чл҃комъ
чаѭщемъ|чаѭщемъ
г҃а|г҃а
своѥго|своего
къгда|къгда
въꙁвратить|възвратіть
сѧ|сѧ
отъ|отъ
бракъ•|бракъ
да|да
пришьдъшѫ|прішьдъшѫ
и|і
тлъкнѫвъшѫ•|тлъкнѫвъшѫ
абиѥ|абіе
отврьꙁѹтъ|отврьзоутъ
ѥмѹ•|емоу
и|і
приводитъ•|пріводітъ
блажени|блажені
раби|рабі
ти•|ті
ꙗже|ꙗже
г҃ь|г҃ь
пришьдъ|прішьдъ
обрѧщеть|обрѧщеть
бъдѧщѧ•|бъдѧщѧ
аминъ|амінъ
гл҃ю|гл҃ю
вамъ•|вамъ
ꙗко|ꙗко
прѣпоꙗшеть|прѣпоꙗшеть
сѧ|сѧ
и|і
посадить|посадіть
ꙗ•|ꙗ
и|і
минѫвъ|мінѫвъ
послѹжить|послоужіть
имъ•|імъ
томѫ|томѫ
слава|слава
въ|въ
вѣкꙑ|вѣкъі
вѣкомъ|вѣкомъ
АМИН|амін
р҃кꙅ|р҃кз
⁘О|о
ꙀЪВАНИИ|зъваніі
БОжии|божіі
Г҃ю|г҃ю
б҃ѹ|б҃оу
ꙁовѹщѫ|зовоущѫ
нꙑ|нъі
ꙁакономь|закономь
же|же
и|і
пр҃кꙑ•|пр҃къі
и|і
ап҃лꙑ|ап҃лъі
и|і
ѥван͗гелистꙑ•|евангелістъі
паче|паче
же|же
и|і
молѧщю•|молѧщоу
не|не
подобаѥть|подобаеть
намъ|намъ
ꙁа|за
лѣность|лѣность
и|і
слабость|слабость
небрѣщи|небрѣщі
ꙁаповѣдии|заповѣдіі
ѥго•|его
и|і
лѣнити|лѣніті
сѧ|сѧ
о|о
своѥмь|своемь
сп҃ньи•|сп҃ньі
да|да
не|не
опождениѥмь|опожденіемь
ꙁатворить|затворіть
сѧ|сѧ
намъ|намъ
желаѥмоѥ|желаемое
женишьство•|женішьство
и|і
много|много
тлъкъше•|тлъкъше
беꙁ|без
ѹспѣха|оуспѣха
прѣбѫдемъ•|прѣбѫдемъ
въꙁдꙑхаѭще|въздъіхаѭще
бес|бес
польꙁѧ•|пользѧ
нъ|нъ
паче|паче
братиѥ|братіе
тьщаниꙗ|тьщаніꙗ
сѧꙁѣмъ•|сѧзѣмъ
да|да
постигнемъ|постігнемъ
врьховьньи|врьховьньі
градъ•|градъ
паче|паче
же|же
старъи|старъі
градъ|градъ
нашь•|нашь
вꙑшьнии|въішьніі
ѥм҃ъ|ем҃ъ
иже|іже
ѥсть|есть
мт҃и|мт҃і
в͗сѣхъ|всѣхъ
насъ|насъ
живѫщиихъ•|жівѫщііхъ
странѫ|странѫ
въ|въ
неиже|неіже
свѣтъ|свѣтъ
обьꙁарѧѥть•|обьзарѧеть
неѹгасаꙗи|неоугасаꙗі
свѣтильникъ•|свѣтільнікъ
неѹсꙑпаꙗѥ|неоусъіпаꙗе
ѡко•|око
вѣчнꙑхъ|вѣчнъіхъ
благъ|благъ
давьць•|давьць
аще|аще
ѹбо|оубо
въꙁлюбении|възлюбеніі
съ|съ
страхомь|страхомь
и|і
любовь|любовь
ѭ|ѭ
и|і
дрьꙁновениѥмь|дрьзновеніемь
пристѫпимъ•|прістѫпімъ
къ|къ
благѹмѹ|благоумоу
нашемѹ|нашемоу
вл҃цѣ•|вл҃цѣ
то|то
ѹꙁьримъ|оузьрімъ
все|все
ѥстьство•|естьство
ан҃глъ|ан҃глъ
же|же
и|і
архан҃глъ•|архан҃глъ
и|і
силъ•|сілъ
и|і
властии•|властіі
и|і
отъ|отъ
вѣка|вѣка
съблюденаа•|съблюденаа
неиꙁдрекома|неіздрекома
бл҃гаа|бл҃гаа
любѧщиимъ|любѧщіімъ
и•|і
ѥлико|еліко
бо|бо
рачите|рачіте
бышѧ|бъішѧ
вꙑшьнѧго|въішьнѧго
иѥрѫсалима•|іерѫсаліма
абиѥ|абіе
съсати|съсаті
имѫть|імѫть
ѿ|от
съсьцю|съсьцоу
ѹтѣшениꙗ|оутѣшеніꙗ
ѥꙗ•|еꙗ
и|і
отъ|отъ
потока|потока
пищьнаго|піщьнаго
напоꙗть|напоꙗть
сѧ•|сѧ
томь|томь
ѹбо|оубо
прильпаимъ•|прільпаімъ
рекъшиимь•|рекъшіімь
приближѫ|прібліжѫ
сѧ|сѧ
васъ•|васъ
послѹшаимъ|послоушаімъ
ꙁаконодавьцѧ|законодавьцѧ
гл҃ющаго•|гл҃ющаго
аще|аще
слѹшаѥте|слоушаете
гласа|гласа
моѥго•|моего
бѫдете|бѫдете
ми|мі
людиѥ|людіе
иꙁѧщьни•|ізѧщьні
црс҃ко|црс҃ко
сщ҃ниѥ•|сщ҃ніе
ꙗꙁꙑкъ|ꙗзъікъ
ст҃ъ•|ст҃ъ
и|і
ст҃ите|ст҃іте
сѧ•|сѧ
и|і
бѫдѣте|бѫдѣте
ми|мі
ст҃и•|ст҃і
ꙁане|зане
аꙁъ|азъ
ст҃ъ|ст҃ъ
ѥсмь|есмь
г҃ь|г҃ь
б҃ъ|б҃ъ
вашь•|вашь
и|і
вꙑ|въі
иꙁбьрахъ|ізбьрахъ
себѣ|себѣ
люди|люді
иꙁдрѧдьнꙑ•|іздрѧдьнъі
паче|паче
всѣхъ|всѣхъ
ꙗꙁꙑкꙑ•|ꙗзъікъі
прѣмѹдрость|прѣмоудрость
же|же
рече•|рече
пристѫпите|прістѫпіте
къ|къ
мнѣ|мнѣ
желаѭщии|желаѭщіі
мнѣ•|мнѣ
и|і
отъ|отъ
житъ|жітъ
моихъ|моіхъ
насꙑтите|насъітіте
сѧ•|сѧ
памѧтьѥ|памѧтье
бо|бо
моѥ|мое
паче|паче
меда|меда
сладько•|сладько
и|і
ꙗдѹщеи|ꙗдоущеі
мѧ|мѧ
ѥще|еще
въꙁлачѫть•|възлачѫть
и|і
пиѭщии|піѭщіі
мѧ•|мѧ
пакꙑ|пакъі
въжѧждѫть•|въжѧждѫть
послѹшаѧи|послоушаѧі
мене|мене
не|не
постꙑдить|постъідіть
сѧ•|сѧ
и|і
пакꙑ•|пакъі
придѣте|прідѣте
и|і
ꙗдите|ꙗдіте
мои|моі
хлѣбъ•|хлѣбъ
и|і
пиите|пііте
вино|віно
ѥже|еже
чрьпахъ|чрьпахъ
вамъ•|вамъ
оставите|оставіте
беꙁѹмиѥ|безоуміе
да|да
живи|жіві
бѫдете•|бѫдете
ищѣте|іщѣте
въ|въ
вѣдѣнии|вѣдѣніі
раꙁѫма•|разѫма
и|і
дв҃дъ|дв҃дъ
пристѹпите|прістоупіте
къ|къ
немѹ|немоу
и|і
просвѣтите|просвѣтіте
сѧ•|сѧ
и|і
лица|ліца
ваша|ваша
не|не
постꙑдѧт|постъідѧт
сѧ•|сѧ
и|і
ап҃лъ•|ап҃лъ
аще|аще
ѹбо|оубо
въстасте|въстасте
съ|съ
хм҃ь•|хм҃ь
то|то
вꙑшиниихъ|въішінііхъ
ищѣте|іщѣте
идеже|ідеже
х҃ъ|х҃ъ
ѥсть•|есть
о|о
деснѹѭ|десноуѭ
б҃а|б҃а
сѣдѧ•|сѣдѧ
и|і
приводить•|пріводіть
тѣмьже|тѣмьже
ѹбо|оубо
нѣсте|нѣсте
стран͗ни|странні
и|і
пришьльци•|прішьльці
нъ|нъ
сѫграждане|сѫграждане
с҃тꙑмъ•|с҃тъімъ
и|і
приснии|прісніі
б҃ѹ•|б҃оу
да|да
при|прі
имемъ|імемъ
милость|мілость
и|і
благодѣть•|благодѣть
обрѧщемъ|обрѧщемъ
въ|въ
благврѣменнѫѭ|благврѣменнѫѭ
помощь•|помощь
чл҃колюбивъи|чл҃колюбівъі
же|же
сп҃съ|сп҃съ
и|і
г҃ь|г҃ь
нашь|нашь
приꙁываѥть|прізъіваеть
нꙑ|нъі
гл҃ѧ•|гл҃ѧ
придѣте|прідѣте
къ|къ
м͗нѣ|мнѣ
вси|всі
трѹждаѭщии|троуждаѭщіі
сѧ|сѧ
и|і
обрѣменении•|обрѣмененіі
и|і
аꙁъ|азъ
покоѭ|покоѭ
вꙑ•|въі
въꙁьмѣте|възьмѣте
иго|іго
моѥ|мое
на|на
себе•|себе
и|і
навꙑкнѣте|навъікнѣте
отъ|отъ
мене•|мене
ꙗко|ꙗко
кротъкъ|кротъкъ
ѥсмь|есмь
и|і
съмѣрень|съмѣрень
ср҃цемь•|ср҃цемь
и|і
обрѧщете|обрѧщете
покои|покоі
дш҃ѧмь|дш҃ѧмь
вашимъ•|вашімъ
иго|іго
бо|бо
моѥ|мое
помаꙁано•|помазано
и|і
брѣмѧ|брѣмѧ
моѥ|мое
льгъко|льгъко
ѥсть•|есть
и|і
ѥже•|еже
грѧдѣта|грѧдѣта
въ|въ
слѣдъ|слѣдъ
мене•|мене
и|і
сътворю|сътворю
вꙑ|въі
ловьца|ловьца
члк҃омъ|члк҃омъ
бꙑти•|бъіті
се|се
гл҇ⷳюмѹ|глщоумоу
х҃ѹ|х҃оу
чл҃колюбивѹмѹ|чл҃колюбівоумоу
сп҃сѹ|сп҃соу
д҃шь|д҃шь
нашихъ|нашіхъ
слава|слава
въ|въ
вѣкꙑ|вѣкъі
вѣком|вѣком
АМИН|амін
рк҃ꙁ|рк҃з
⁘О|о
СТРАСѢ|страсѣ
БЖ҃ИИ⁘|бж҃іі
Имѣꙗи|імѣꙗі
страхъ|страхъ
божии•|божіі
въ|въ
истинѫ|істінѫ
ѹдобь|оудобь
придеть|прідеть
въ|въ
съврьшенѫѭ|съврьшенѫѭ
любъвь|любъвь
ѥго•|его
и|і
бѫдеть|бѫдеть
ѹченикъ|оученікъ
и|і
дрѹгъ|дроугъ
х҃въ•|х҃въ
вꙑ|въі
бо|бо
рече|рече
въꙁлюбите|възлюбіте
мѧ•|мѧ
и|і
таковꙑ|таковъі
чистость|чістость
сътѧжаваѥть|сътѧжаваеть
чистꙑимь|чістъіімь
страхомь|страхомь
бж҃иимь•|бж҃іімь
и|і
по|по
истинѣ|істінѣ
отъ|отъ
страха|страха
гн҃ѧ•|гн҃ѧ
отърекы|отърекъі
сѧ•|сѧ
ѥже|еже
растите|растіте
сѧ|сѧ
множите|множіте
сѧ•|сѧ
и|і
отърече|отърече
сѧ|сѧ
ѥже|еже
бꙑти|бъіті
чл҃къ|чл҃къ
чѧстьѭ|чѧстьѭ
сеѭ•|сеѭ
мирьнꙑхъ|мірьнъіхъ
же|же
печальи|печальі
и|і
льстьи•|льстьі
и|і
сластьи•|сластьі
и|і
пировъ•|піровъ
и|і
пиꙗньствъ•|піꙗньствъ
и|і
грѣꙁъ|грѣзъ
вавулоньскꙑхъ•|вавулоньскъіхъ
и|і
всего|всего
житиискаго|жітііскаго
отъврьже|отъврьже
сѧ•|сѧ
и|і
отърече|отърече
сѧ|сѧ
всего|всего
мира•|міра
и|і
мирьнꙑхъ|мірьнъіхъ
мрѣжь•|мрѣжь
и|і
съплетень|съплетень
и|і
сѣтьи•|сѣтьі
и|і
на|на
ꙁемли|землі
ходѧ•|ходѧ
житьѥ|жітье
на|на
нб҃схъ|нб҃схъ
въꙁлюби|възлюбі
имѣти•|імѣті
ѹньшиихъ|оуньшііхъ
бо|бо
желаꙗ•|желаꙗ
мира|міра
отъврьже|отъврьже
сѧ•|сѧ
да|да
поживеть|пожіветь
житиѥмь|жітіемь
бж҃ствьномь•|бж҃ствьномь
нбс҃нꙑхъ|нбс҃нъіхъ
анг҃льскомь|анг҃льскомь
въ|въ
вѣрѣ|вѣрѣ
чистѣ•|чістѣ
и|і
непорочьнѣ|непорочьнѣ
и|і
с҃тѣ•|с҃тѣ
о|о
дс҃ѣ|дс҃ѣ
бж҃ии•|бж҃іі
б҃ѹ|б҃оу
слѹжѧ|слоужѧ
в͗седрьжителю•|вседрьжітелю
црс҃тва|црс҃тва
ради|раді
нб҃снаго•|нб҃снаго
ꙁа|за
не|не
и|і
отърече|отърече
сѧ•|сѧ
плътьнꙑꙗ|плътьнъіꙗ
похоти•|похоті
въꙁбои|възбоі
бо|бо
сѧ|сѧ
рече|рече
г҃а•|г҃а
и|і
храни|храні
ꙁаповѣдь|заповѣдь
ѥго•|его
хранѧи|хранѧі
ѹбо|оубо
ꙁаповѣди|заповѣді
бж҃ьꙗ•|бж҃ьꙗ
бѫдеши|бѫдеші
сильнъ|сільнъ
въ|въ
в͗семь|всемь
дѣании•|дѣаніі
и|і
дѣание|дѣаніе
твоѥ|твое
бес|бес
приклада|пріклада
бѫдеть•|бѫдеть
боꙗ|боꙗ
бо|бо
сѧ|сѧ
г҃а|г҃а
все|все
добро|добро
твориши•|творіші
сь|сь
ѥсть|есть
страхъ•|страхъ
имьже|імьже
ти|ті
сѧ|сѧ
подобаѥть|подобаеть
боꙗти•|боꙗті
и|і
сп҃сеши|сп҃сеші
сѧ•|сѧ
а|а
диꙗвола|діꙗвола
не|не
бои|боі
сѧ•|сѧ
бои|боі
бо|бо
сѧ|сѧ
г҃а|г҃а
и|і
ѹдоблѧѥши|оудоблѧеші
диꙗволѹ•|діꙗволоу
ꙁане|зане
силꙑ|сілъі
нѣсть|нѣсть
въ|въ
немь•|немь
а|а
въ|въ
немьже|немьже
силꙑ|сілъі
нѣсть•|нѣсть
то|то
ни|ні
страха|страха
въ|въ
немь•|немь
вьсъ|вьсъ
бо|бо
иже|іже
силѹ|сілоу
имать•|імать
то|то
и|і
страхъ|страхъ
имать•|імать
а|а
не|не
имꙑи|імъіі
силꙑ•|сілъі
всѣми|всѣмі
небрѣгомъ|небрѣгомъ
ѥсть•|есть
бои|боі
же|же
сѧ|сѧ
дѣлъ|дѣлъ
неприꙗꙁнинъ•|непріꙗзнінъ
ꙗко|ꙗко
ꙁъла|зъла
сѫть•|сѫть
бои|боі
же|же
сѧ|сѧ
г҃а•|г҃а
и|і
не|не
ѹбоиши|оубоіші
сѧ|сѧ
дѣлъ|дѣлъ
неприꙗꙁнинъ•|непріꙗзнінъ
и|і
не|не
створиши|створіші
ихъ•|іхъ
нъ|нъ
бѣжиши|бѣжіші
отъ|отъ
нихъ•|ніхъ
сѹгѹба|соугоуба
же|же
ѥсть|есть
страха•|страха
аще|аще
ѹбо|оубо
хощеши|хощеші
ꙁьлоѥ|зьлое
створити•|створіті
ѹбои|оубоі
сѧ|сѧ
г҃а|г҃а
и|і
не|не
створиши|створіші
ѥго•|его
тѣмьже|тѣмьже
страхъ|страхъ
г҃нь•|г҃нь
крѣпъкъ|крѣпъкъ
и|і
славьнъ•|славьнъ
и|і
иже|іже
аще|аще
въꙁбоꙗть|възбоꙗть
сѧ|сѧ
ѥго•|его
и|і
ꙁьрѧть|зьрѧть
ꙁаповѣдьи|заповѣдьі
ѥго•|его
живи|жіві
бѫдѹть|бѫдоуть
б҃ѹ•|б҃оу
ꙁане|зане
и|і
всѧ|всѧ
тварь|тварь
ѥго|его
боить|боіть
сѧ•|сѧ
а|а
ꙁаповѣдии|заповѣдіі
ѥго|его
не|не
хранить•|храніть
боꙗщиихъ|боꙗщііхъ
сѧ|сѧ
ѹбо|оубо
ѥго•|его
и|і
хранѧщиихъ|хранѧщііхъ
ꙁаповѣди|заповѣді
ѥго•|его
тѣхъ|тѣхъ
ѥсть|есть
отъ|отъ
б҃а•|б҃а
страхъ|страхъ
бж҃ьи|бж҃ьі
нѹдить|ноудіть
нꙑ|нъі
брати|браті
сѧ|сѧ
съ|съ
ꙁольѭ•|зольѭ
намъ|намъ
же|же
борющемъ|борющемъ
сѧ•|сѧ
благодѣть|благодѣть
гн҃ѧ|гн҃ѧ
ѹбиѥть|оубіеть
ꙗ•|ꙗ
не|не
въꙁможеть|възможеть
же|же
никтоже|ніктоже
въ|въ
страхъ|страхъ
бж҃ии|бж҃іі
прити•|пріті
аще|аще
не|не
вьсѣхъ•|вьсѣхъ
житиискъихъ|жітііскъіхъ
печьльи|печьльі
кромѣ|кромѣ
бѫдеть•|бѫдеть
ꙗкоже|ꙗкоже
рече|рече
сѧ•|сѧ
ѥгда|егда
бо|бо
бес|бес
плищѧ|пліщѧ
и|і
бес|бес
печали|печалі
бѫдеть|бѫдеть
ѹмъ•|оумъ
тъгда|тъгда
имь|імь
прильплеть|прільплеть
и|і
страхъ|страхъ
бж҃ьи•|бж҃ьі
водѧ|водѧ
и|і
въ|въ
многѫ|многѫ
любовь|любовь
благости•|благості
страхъ|страхъ
г҃нь|г҃нь
рече|рече
прѣчистъ|прѣчістъ
прѣбꙑваꙗ|прѣбъіваꙗ
въ|въ
вѣкъ|вѣкъ
вѣка•|вѣка
страхъ|страхъ
г҃нь|г҃нь
родитель|родітель
мѫдрости•|мѫдрості
боꙗи|боꙗі
сѧ|сѧ
ѥдинаго•|едінаго
не|не
ѹстрашить|оустрашіть
сѧ|сѧ
многꙑхъ•|многъіхъ
паче|паче
же|же
того•|того
ѥдинаго|едінаго
ради•|раді
мноꙁи|мнозі
въꙁбоꙗть|възбоꙗть
сѧ•|сѧ
аще|аще
бо|бо
рече|рече
въꙁбоите|възбоіте
сѧ|сѧ
г҃а|г҃а
б҃а|б҃а
вашего•|вашего
и|і
ѹслꙑшите|оуслъішіте
гласъ|гласъ
ѥго•|его
не|не
станеть|станеть
противѹ|протівоу
никтоже|ніктоже
лицемъ|ліцемъ
вашимъ•|вашімъ
нъ|нъ
страхъ|страхъ
вашь|вашь
и|і
трепетъ|трепетъ
бѫдеть|бѫдеть
на|на
в͗сѣхъ|всѣхъ
ꙗꙁꙑцѣхъ•|ꙗзъіцѣхъ
и|і
пакъ|пакъ
приповелѣваѥть|пріповелѣваеть
гл҃ѧ•|гл҃ѧ
г҃а|г҃а
б҃а|б҃а
своѥго|своего
ѹбои|оубоі
сѧ•|сѧ
и|і
къ|къ
томѹ|томоу
прильпнеши•|прільпнеші
и|і
пакы|пакъі
кто|кто
дасть|дасть
такомѹ|такомоу
бꙑти|бъіті
ср҃цѫ|ср҃цѫ
людьскѹ•|людьскоу
ꙗко|ꙗко
боꙗти|боꙗті
сѧ|сѧ
в͗сѣхъ|всѣхъ
ꙁаповѣдьи|заповѣдьі
моихъ•|моіхъ
да|да
блаꙁѣ|блазѣ
имъ|імъ
бꙑ•|бъі
се|се
ѹбо|оубо
ꙁаконъ|законъ
рече•|рече
и|і
прк҇ⷪъ|пркоъ
михеа•|міхеа
ꙗко|ꙗко
въсиꙗѥть|въсіꙗеть
вамъ|вамъ
боꙗщиимъ|боꙗщіімъ
сѧ|сѧ
г҃а•|г҃а
слъце|слъце
правьдꙑ•|правьдъі
и|і
иꙁидете|ізідете
и|і
въꙁиграѥте|възіграете
сѧ|сѧ
ꙗко|ꙗко
телѧта|телѧта
ѹрѣшена|оурѣшена
отъ|отъ
ѭꙁъ•|ѭзъ
притъчьникъ|прітъчьнікъ
же•|же
начало|начало
прм҃сти|прм҃сті
страхъ|страхъ
г҃нь•|г҃нь
въ|въ
животъ|жівотъ
мѹжѫ•|моужѫ
страхъ|страхъ
г҃нь|г҃нь
въꙁвеселить|възвеселіть
срд҃це•|срд҃це
и|і
дасть|дасть
веселиѥ|веселіе
и|і
радость•|радость
страхъ|страхъ
г҃нь|г҃нь
дааниѥ|дааніе
отъ|отъ
г҃а•|г҃а
боꙗщѫмѹ|боꙗщѫмоу
сѧ|сѧ
г҃а|г҃а
благо|благо
бѫдеть|бѫдеть
да|да
послѣдъкъ•|послѣдъкъ
и|і
въ|въ
дьни|дьні
коньчаниꙗ|коньчаніꙗ
ѥго|его
благословленъ|благословленъ
бѫдеть•|бѫдеть
м͗ножьство|множьство
прѣмѫдрости|прѣмѫдрості
боꙗти|боꙗті
сѧ|сѧ
г҃а•|г҃а
и|і
ѹпоить|оупоіть
сѧ|сѧ
отъ|отъ
плодъ|плодъ
своихъ•|своіхъ
и|і
пакꙑ•|пакъі
въжделѣвъ|въжделѣвъ
прѣмѫдрости•|прѣмѫдрості
съблюди|съблюді
ꙁаповѣдь•|заповѣдь
и|і
г҃ь|г҃ь
подасть|подасть
ти|ті
ѭ•|ѭ
боꙗщии|боꙗщіі
сѧ|сѧ
г҃а•|г҃а
ничьсоже|нічьсоже
въсѫмнѧть|въсѫмнѧть
сѧ•|сѧ
ꙗко|ꙗко
ѹпъваниѥ|оупъваніе
ихъ•|іхъ
и|і
давꙑдъ|давъідъ
ѹста|оуста
правьдьничѧ|правьдьнічѧ
поѹчѧть|пооучѧть
сѧ|сѧ
пр҃мсти•|пр҃мсті
и|і
ꙗꙁꙑкъ|ꙗзъікъ
ѥго|его
въꙁг҃леть|възг҃леть
сѫдъ•|сѫдъ
ꙗко|ꙗко
по|по
вꙑсотѣ|въісотѣ
нб҃снѣи|нб҃снѣі
отъ|отъ
ꙁемлѧ•|землѧ
ѹтврьдилъ|оутврьділъ
ѥсть|есть
г҃ь|г҃ь
милость|мілость
своѭ|своѭ
на|на
боꙗщиихъ|боꙗщііхъ
сѧ|сѧ
ѥго•|его
и|і
волю|волю
боꙗщиїхъ|боꙗщііхъ
сѧ|сѧ
ѥго|его
створить•|створіть
мл҃твѹ|мл҃твоу
ихъ|іхъ
ѹслꙑшить|оуслъішіть
и|і
сп҃сеть|сп҃сеть
ꙗ•|ꙗ
и|і
дрьжава|дрьжава
г҃ь|г҃ь
боꙗщиихъ|боꙗщііхъ
сѧ|сѧ
ѥго•|его
и|і
ꙁавѣтъ|завѣтъ
ѥго|его
ꙗвить|ꙗвіть
имъ•|імъ
се|се
очи|очі
гн҃и|гн҃і
на|на
боꙗщиихъ|боꙗщііхъ
сѧ|сѧ
ѥго•|его
и|і
о|о
себѣ•|себѣ
да|да
въꙁвеселить|възвеселіть
сѧ|сѧ
ср҃це|ср҃це
моѥ|мое
боꙗти|боꙗті
сѧ|сѧ
имени|імені
твоѥго•|твоего
и|і
благыи|благъіі
д҃хъ•|д҃хъ
причѧстьникъ|прічѧстьнікъ
ѥсмь|есмь
всѣмъ|всѣмъ
боꙗщиимъ|боꙗщіімъ
сѧ|сѧ
тебе•|тебе
и|і
хранѧщиимъ|хранѧщіімъ
ꙁаповѣди|заповѣді
твоꙗ•|твоꙗ
иꙗковъ|іꙗковъ
же•|же
а|а
вꙑшнѧа|въішнѧа
прѣмѫдрость•|прѣмѫдрость
прьвоѥ|прьвое
ѹбо|оубо
чс҃та|чс҃та
ѥсть•|есть
потомь|потомь
же|же
мирьна•|мірьна
смотрьлива•|смотрьліва
покорива•|покоріва
плъна|плъна
милостꙑнѧ•|мілостъінѧ
и|і
плодъ|плодъ
благъ•|благъ
бе-сѫмнѣниꙗ•|бесѫмнѣніꙗ
беꙁ|без
лицемѣриꙗ•|ліцемѣріꙗ
плодъ|плодъ
же|же
правьдꙑ|правьдъі
въ|въ
мирѣ|мірѣ
сѣѥть|сѣеть
сѧ•|сѧ
творѧщиимъ|творѧщіімъ
миръ•|міръ
и|і
петръ•|петръ
въ|въ
всѣхъ|всѣхъ
ꙗꙁꙑцѣхъ|ꙗзъіцѣхъ
боꙗщии|боꙗщіі
сѧ|сѧ
г҃а•|г҃а
и|і
творѧща|творѧща
правьдѹ•|правьдоу
приꙗтъ|пріꙗтъ
имь|імь
ѥсть•|есть
г҃ь|г҃ь
же|же
не|не
ѹбоите|оубоіте
сѧ|сѧ
ѹбиваѭщиихъ|оубіваѭщііхъ
тѣло•|тѣло
а|а
д҃шѧ|д҃шѧ
не|не
могѹщь|могоущь
ѹбити•|оубіті
боите|боіте
же|же
паче|паче
имѹштааго|імоущааго
власть|власть
по|по
ѹбъѥньи|оубъеньі
д҃шѧ|д҃шѧ
и|і
тѣло|тѣло
погѹбити|погоубіті
въ|въ
геѡн͗нѣ|геоннѣ
еи|еі
гл҃ю|гл҃ю
вамъ•|вамъ
того|того
ѹбоите|оубоіте
сѧ|сѧ
ѥмѹже|емоуже
слава|слава
въ|въ
вѣкы|вѣкъі
вѣком|вѣком
АМИН|амін
рк҃и|рк҃і
⁘О|о
ЛЮБЪВИ|любъві
ꙖЖЕ⁘|ꙗже
къ|къ
богѹ|богоу
Да|да
иꙁидеть|ізідеть
слово|слово
отъ|отъ
страха|страха
бж҃ьꙗ•|бж҃ьꙗ
на|на
съврьшенѫ|съврьшенѫ
любовъ|любовъ
ѥго•|его
любъви|любъві
же|же
мѣнѫ|мѣнѫ
тврьдѹѭ|тврьдоуѭ
не|не
прѣсѣкаѥмѹѭ•|прѣсѣкаемоуѭ
м͗ногами|многамі
напастьми|напастьмі
и|і
мѫками•|мѫкамі
б҃ꙁѣ|б҃зѣ
приближаѭщѹѭ•|прібліжаѭщоуѭ
и|і
чада|чада
б҃жьꙗ|б҃жьꙗ
съврьшаѭщѫ•|съврьшаѭщѫ
люблениѥ|любленіе
бо|бо
гн҃е|гн҃е
и|і
боꙗꙁнь•|боꙗзнь
паче|паче
всего|всего
прѣспѣѥть|прѣспѣеть
въ|въ
просвѣщениѥ•|просвѣщеніе
и|і
очи|очі
г҃ни|г҃ні
на|на
любѧщиихъ•|любѧщііхъ
иже|іже
чѫвьствьѥмъ|чѫвьствьемъ
ср҃чнꙑмь|ср҃чнъімь
любить•|любіть
тъ|тъ
ѥсть|есть
поꙁнанъ|познанъ
имь•|імь
сътѧжавꙑи|сътѧжавъіі
съврьшенѫѭ|съврьшенѫѭ
на|на
б҃а|б҃а
любовь•|любовь
аще|аще
и|і
въ|въ
семь|семь
житии|жітіі
ѥсть•|есть
то|то
ꙗко|ꙗко
нѣсть•|нѣсть
стран͗на|странна
бо|бо
себе|себе
непьщюѥть|непьщоуеть
видимꙑхъ•|відімъіхъ
трьпѧ|трьпѧ
невидимаго•|невідімаго
в͗сь|всь
бо|бо
иꙁмѣнилъ|ізмѣнілъ
сѧ|сѧ
ѥсть•|есть
въ|въ
любовъ|любовъ
бж҃иѭ•|бж҃іѭ
ꙗко|ꙗко
истѫпль|істѫпль
отъ|отъ
своѥꙗ|своеꙗ
любъви•|любъві
любовьѭ|любовьѭ
бж҃ьѥѭ•|бж҃ьеѭ
аще|аще
бо|бо
иꙁѹмихомъ|ізоуміхомъ
сѧ|сѧ
рече|рече
то|то
б҃ѹ•|б҃оу
аще|аще
ли|лі
цѣломѫдрѹѥмъ|цѣломѫдроуемъ
то|то
вамъ•|вамъ
иже|іже
сѧ|сѧ
самъ|самъ
любить|любіть
б҃а|б҃а
не|не
можеть|можеть
любити•|любіті
а|а
иже|іже
себѣ|себѣ
не|не
можеть•|можеть
ꙁа|за
прѣспѣѭщеѥ|прѣспѣѭщее
богатьство|богатьство
любъве|любъве
бж҃ьꙗ•|бж҃ьꙗ
то|то
тъ|тъ
б҃а|б҃а
любить•|любіть
прьвоѥ|прьвое
ꙁаконъ|законъ
вѣщаѥть|вѣщаеть
г҃лѧ•|г҃лѧ
аꙁъ|азъ
г҃ь•|г҃ь
творѧи|творѧі
милость|мілость
любѧщиимъ|любѧщіімъ
мѧ•|мѧ
и|і
хранѧщиимъ|хранѧщіімъ
повелѣниꙗ|повелѣніꙗ
моꙗ•|моꙗ
и|і
инъ•|інъ
сѣмѧ|сѣмѧ
ѹтврьждениꙗ|оутврьжденіꙗ
боꙗщии|боꙗщіі
сѧ|сѧ
г҃а•|г҃а
и|і
чьстьно|чьстьно
саждениѥ|сажденіе
любѧщеи|любѧщеі
ї•|і
и|і
милость|мілость
чл҃кѹ|чл҃коу
на|на
искрьниимь|іскрьніімь
своимь•|своімь
милость|мілость
же|же
гн҃ѧ|гн҃ѧ
на|на
всеи|всеі
плъти•|плъті
въꙁносѧ|възносѧ
и|і
просвѣщѧꙗ|просвѣщѧꙗ
очи•|очі
гл҃еть|гл҃еть
же|же
и|і
прм҃сть•|прм҃сть
аꙁъ|азъ
любѧщѧꙗ|любѧщѧꙗ
мѧ|мѧ
люблю•|люблю
искѹщеи|іскоущеі
же|же
мене•|мене
обрѧщѫть|обрѧщѫть
раꙁѹмъ•|разоумъ
богатьство|богатьство
слава|слава
моꙗ|моꙗ
ѥсть•|есть
сѹлѣѥ|соулѣе
мѧ|мѧ
плодити|плодіті
паче|паче
ꙁлата|злата
и|і
камени|камені
драга:|драга
и|і
дв҃дъ|дв҃дъ
отъ|отъ
теплꙑꙗ|теплъіꙗ
къ|къ
б҃ѹ|б҃оу
любъве•|любъве
въинѹ|въіноу
въпиꙗше•|въпіꙗше
б҃е|б҃е
б҃же|б҃же
мои|моі
къ|къ
тебѣ|тебѣ
ѹтрьнѫѭ•|оутрьнѫѭ
въждада|въждада
тебе|тебе
д҃шѧ|д҃шѧ
моꙗ•|моꙗ
коль|коль
м͗ножицеѭ|множіцеѭ
тебѣ|тебѣ
плъть|плъть
моꙗ•|моꙗ
въ|въ
ꙁемли|землі
пѹстѣ|поустѣ
и|і
непрѣходьнѣ|непрѣходьнѣ
и|і
беꙁводьнѣ•|безводьнѣ
и|і
пакꙑ|пакъі
въꙁлюблю|възлюблю
тѧ|тѧ
г҃и|г҃і
крѣпости|крѣпості
моꙗ•|моꙗ
г҃ь|г҃ь
ѹтврьждениѥ|оутврьжденіе
моѥ|мое
и|і
прибѣжище|прібѣжіще
моѥ|мое
и|і
иꙁбавитель|ізбавітель
мои•|моі
и|і
г҃и|г҃і
прѣдъ|прѣдъ
тобоѭ|тобоѭ
в͗се|все
желаниѥ|желаніе
моѥ•|мое
и|і
въꙁдꙑханиѥ|въздъіханіе
моѥ|мое
отъ|отъ
тебе|тебе
не|не
ѹтаи|оутаі
сѧ•|сѧ
и|і
пакꙑ|пакъі
въждада|въждада
дш҃ѧ|дш҃ѧ
моꙗ|моꙗ
къ|къ
б҃ѹ|б҃оу
крѣп͗кѹмѹ|крѣпкоумоу
и|і
живѹмѹ•|жівоумоу
къгда|къгда
придѹ|прідоу
и|і
ꙗвлю|ꙗвлю
сѧ|сѧ
лицѫ|ліцѫ
бж҃ью•|бж҃ью
въꙁлюби|възлюбі
д҃ша|д҃ша
ꙗ|ꙗ
въжделѣти|въжделѣті
сѫдьбъ|сѫдьбъ
твоихъ|твоіхъ
на|на
в͗сѧ|всѧ
врѣмена•|врѣмена
ꙗко|ꙗко
сладъка|сладъка
грътани|грътані
моѥмѹ|моемоу
словеса|словеса
твоꙗ|твоꙗ
паче|паче
меда|меда
ѹстомъ|оустомъ
моимъ•|моімъ
ꙗждь|ꙗждь
бо|бо
рече|рече
медъ|медъ
сн҃е•|сн҃е
благо|благо
бо|бо
сътъ•|сътъ
да|да
насладить|насладіть
сѧ|сѧ
грътань|грътань
твои•|твоі
тако|тако
бо|бо
любьство|любьство
и|і
мдр҃сть|мдр҃сть
бѫдеть|бѫдеть
твоѥи|твоеі
дш҃и•|дш҃і
и|і
иѡанъ•|іоанъ
въꙁлюблении|възлюбленіі
б҃ъ|б҃ъ
любꙑ|любъі
ѥсть•|есть
и|і
иже|іже
прѣбꙑваеть|прѣбъіваеть
въ|въ
любъви•|любъві
въ|въ
бꙁ҃ѣ|бз҃ѣ
прѣбꙑваѥть•|прѣбъіваеть
и|і
б҃ъ|б҃ъ
въ|въ
немь•|немь
и|і
приносить•|пріносіть
не|не
ꙗко|ꙗко
мꙑ|мъі
въꙁлюбихомъ|възлюбіхомъ
и•|і
нъ|нъ
ꙗко|ꙗко
самъ|самъ
въꙁлюби|възлюбі
нꙑ•|нъі
и|і
посъла|посъла
сн҃а|сн҃а
своѥго•|своего
оцѣщениѥ|оцѣщеніе
о|о
грѣсѣхъ|грѣсѣхъ
нашихъ•|нашіхъ
и|і
павьлъ•|павьлъ
нъ|нъ
о|о
семь|семь
в͗семь•|всемь
прѣпобѣждаѥмъ|прѣпобѣждаемъ
ꙁа|за
въꙁлюбльшаго|възлюбльшаго
нꙑ|нъі
б҃а•|б҃а
и|і
наводить•|наводіть
ꙗко|ꙗко
любѧщиимъ|любѧщіімъ
б҃а•|б҃а
всѧ|всѧ
поспѣѭть|поспѣѭть
сѧ|сѧ
въ|въ
благо•|благо
сѫщиимъ|сѫщіімъ
по|по
проꙁьрѣниѭ|прозьрѣніѭ
ꙁъваномъ•|зъваномъ
и|і
пакꙑ•|пакъі
к͗то|кто
нꙑ|нъі
оставить|оставіть
отъ|отъ
любъве|любъве
бж҃ьꙗ•|бж҃ьꙗ
скръбь|скръбь
ли•|лі
или|ілі
тѹга•|тоуга
гонениѥ|гоненіе
ли•|лі
или|ілі
гладъ•|гладъ
или|ілі
мечь•|мечь
и|і
приносить•|пріносіть
прѣпираѭще|прѣпіраѭще
бо|бо
сѧ•|сѧ
ꙗко|ꙗко
ни|ні
съмрьть•|съмрьть
ни|ні
животъ•|жівотъ
ни|ні
анг҃ли•|анг҃лі
ни|ні
начала•|начала
ни|ні
власти•|власті
ни|ні
настоꙗщаꙗ•|настоꙗщаꙗ
ни|ні
грѧдѹщаа•|грѧдоущаа
ни|ні
ѥтера|етера
тварь|тварь
ина•|іна
не|не
въꙁможеть|възможеть
насъ|насъ
раꙁлючити|разлючіті
отъ|отъ
любъве|любъве
бж҃ьꙗ•|бж҃ьꙗ
ꙗже|ꙗже
о|о
х҃ѣ|х҃ѣ
ис҃ѣ|іс҃ѣ
г҃и|г҃і
нашемь•|нашемь
г҃ъ|г҃ъ
же|же
имѣꙗи|імѣꙗі
ꙁаповѣди|заповѣді
моꙗ|моꙗ
и|і
съблюдаꙗ|съблюдаꙗ
ꙗ•|ꙗ
тъ|тъ
ѥсть|есть
любѧи|любѧі
мѧ•|мѧ
и|і
въꙁлюбленъ|възлюбленъ
бѫдеть|бѫдеть
оц҃емь|оц҃емь
моимъ•|моімъ
и|і
аꙁъ|азъ
въꙁлюблю|възлюблю
и•|і
и|і
ꙗвлю|ꙗвлю
сѧ|сѧ
ѥмѹ|емоу
самъ•|самъ
видиши|відіші
ли|лі
ꙗко|ꙗко
любꙑ|любъі
ꙗже|ꙗже
къ|къ
б҃ѹ|б҃оу
ꙗвлениѥ|ꙗвленіе
ѥго•|его
и|і
приꙗтьѥ|пріꙗтье
подаѥть•|подаеть
иже|іже
чистѣ|чістѣ
любить|любіть
б҃а•|б҃а
то|то
странна|странна
себѣ|себѣ
имать•|імать
и|і
пришьльца|прішьльца
въ|въ
житьи|жітьі
семь•|семь
и|і
таковъи|таковъі
доброѭ|доброѭ
иꙁмѣноѭ|ізмѣноѭ
иꙁмѣнѧѥть|ізмѣнѧеть
сѧ•|сѧ
и|і
ѥже|еже
ст҃оѥ|ст҃ое
х҃во|х҃во
имꙗ•|імꙗ
въ|въ
глѹбинѣ|глоубінѣ
ср҃цѧ|ср҃цѧ
своѥго|своего
помнѧть|помнѧть
бес|бес
прѣстани•|прѣстані
то|то
ти|ті
и|і
свѣтъ|свѣтъ
нѣколи|нѣколі
видѣти|відѣті
могѹть•|могоуть
тѣснѹѭ|тѣсноуѭ
бо|бо
печальѭ|печальѭ
отъ|отъ
помꙑшлениꙗ|помъішленіꙗ
дрьжимо•|дрьжімо
всѫ|всѫ
скврьнѫ|скврьнѫ
дш҃нѫѭ|дш҃нѫѭ
въ|въ
чювьствѣ|чоувьствѣ
попалѧꙗ|попалѧꙗ
м͗ноꙁѣ•|мнозѣ
б҃ъ|б҃ъ
нашь|нашь
огнъ|огнъ
попалѧꙗ|попалѧꙗ
ѥсть|есть
рече•|рече
тѣмьже|тѣмьже
на|на
любовь|любовь
м͗ногѫ|многѫ
дш҃ѫ|дш҃ѫ
своѥꙗ|своеꙗ
славꙑ|славъі
приꙁꙑваѥть|прізъіваеть
г҃ь•|г҃ь
ничтоже|нічтоже
тако|тако
распалѧѥть•|распалѧеть
и|і
движить|двіжіть
ср҃це|ср҃це
на|на
любовь|любовь
бж҃ьѭ•|бж҃ьѭ
ѩкоже|ѧкоже
б҃ословьѥ•|б҃ословье
рождениѥ|рожденіе
бо|бо
се|се
сꙑ|съі
благодѣти|благодѣті
ѥго•|его
прьвꙑꙗ|прьвъіꙗ
ѹбо•|оубо
и|і
дарꙑ|даръі
ш҃ди|ш҃ді
дарѹѥть|дароуеть
любѧщиимъ|любѧщіімъ
б҃а•|б҃а
сльꙁꙑ|сльзъі
ꙗко|ꙗко
и|і
медъ|медъ
сладѹꙗ|сладоуꙗ
въ|въ
ср҃ци|ср҃ці
ѥго|его
въсѣѭть|въсѣѭть
сѧ•|сѧ
д҃ша|д҃ша
бо|бо
съ|съ
ѹмомь|оумомь
въинѫ|въінѫ
ѥго|его
ꙁьрить|зьріть
любовьѭ•|любовьѭ
д҃ша|д҃ша
любо|любо
съ|съ
любовьѭ|любовьѭ
бж҃иѥ|бж҃іе
веселѧщи|веселѧщі
сѧ•|сѧ
въ|въ
врѣмѧ|врѣмѧ
тѣлесьнаго|тѣлесьнаго
исхода•|ісхода
не|не
ѹстрашить|оустрашіть
сѧ|сѧ
кнѧꙁь|кнѧзь
въꙁдѹха|въздоуха
сего•|сего
ни|ні
властии|властіі
тьмьнъихъ•|тьмьнъіхъ
нъ|нъ
отъ|отъ
любъве|любъве
бж҃ьꙗ|бж҃ьꙗ
радѹщи|радоущі
сѧ•|сѧ
летить|летіть
съ|съ
ан͗гелꙑ|ангелъі
мирьнꙑми•|мірьнъімі
ꙗко|ꙗко
отъ|отъ
странꙑ|странъі
своѥꙗ•|своеꙗ
желаниѥ|желаніе
бо|бо
рече|рече
имать|імать
въꙁвратити|възвратіті
сѧ|сѧ
и|і
со|со
хм҃ь|хм҃ь
бꙑти•|бъіті
имѫщи|імѫщі
бо|бо
дш҃а|дш҃а
любовь|любовь
съврьшениѥ|съврьшеніе
ꙁаконѹ•|законоу
въ|въ
пришьствьѥ|прішьствье
гн҃е|гн҃е
въсхꙑтить|въсхъітіть
сѧ•|сѧ
въ|въ
облацѣх͗|облацѣх
въ|въ
сърѣтениѥ|сърѣтеніе
ѥго•|его
мала|мала
не|не
ѹтаи|оутаі
сѧ•|сѧ
насъ|насъ
любꙑ•|любъі
сѫщѧꙗ|сѫщѧꙗ
въ|въ
пѣсньхъ•|пѣсньхъ
невѣстꙑ|невѣстъі
црькъве|црькъве
женихѹ|женіхоу
х҃ѹ•|х҃оу
ѡле|оле
тъщетьѥ•|тъщетье
рече|рече
бо|бо
да|да
лобъжеть|лобъжеть
мѧ•|мѧ
отъ|отъ
лобъꙁаньи|лобъзаньі
ѹстъ|оустъ
ѥго•|его
ꙗко|ꙗко
блага|блага
съсьцѧ|съсьцѧ
твоꙗ•|твоꙗ
паче|паче
вина•|віна
и|і
вонѣ|вонѣ
муръ|муръ
твоихъ|твоіхъ
паче|паче
всѣхъ|всѣхъ
арѡматъ•|ароматъ
муро|муро
иꙁлиꙗно|ізліꙗно
имѧ|імѧ
твоѥ•|твое
сего|сего
ради|раді
ѭнꙑꙗ|ѭнъіꙗ
въꙁлюбишѧ|възлюбішѧ
тѧ•|тѧ
и|і
ведошѧ|ведошѧ
сѧ|сѧ
въ|въ
слѣдъ|слѣдъ
тебе•|тебе
на|на
вонѫ|вонѫ
муръ|муръ
твоихъ|твоіхъ
потечемъ•|потечемъ
въꙁдрадѹѥмъ|въздрадоуемъ
сѧ|сѧ
и|і
въꙁвеселимъ|възвеселімъ
сѧ|сѧ
ѡ|о
тебѣ•|тебѣ
правость|правость
въꙁлюби|възлюбі
тѧ•|тѧ
и|і
пакꙑ•|пакъі
въꙁвѣсти|възвѣсті
ми|мі
ѥгоже|егоже
любить|любіть
дѫша|дѫша
моꙗ•|моꙗ
къде|къде
пасеши•|пасеші
къде|къде
лѣжеши|лѣжеші
въ|въ
полѹдьне•|полоудьне
се|се
бо|бо
ѥси|есі
добръ•|добръ
ибо|ібо
красьнъ•|красьнъ
подъ|подъ
сѣнь|сѣнь
твоѭ|твоѭ
въжделѣхъ|въжделѣхъ
и|і
сѣдохъ•|сѣдохъ
плодъ|плодъ
бо|бо
твои|твоі
сладъкъ|сладъкъ
въ|въ
грътани|грътані
моимь•|моімь
и|і
бѣдѧще|бѣдѧще
инꙑ|інъі
рече•|рече
ꙁаклѧхъ|заклѧхъ
вꙑ|въі
дъщери|дъщері
иѥм҃скы•|іем҃скъі
аще|аще
въꙁдвигнете|въздвігнете
и|і
въставите|въставіте
любленъ|любленъ
дон͗деже|дондеже
въсхощеть•|въсхощеть
и|і
пакꙑ•|пакъі
покажи|покажі
ми|мі
лице|ліце
своѥ•|свое
и|і
ѹслꙑшанъ|оуслъішанъ
сьтвори|сьтворі
м͗нѣ|мнѣ
гласъ|гласъ
свои•|своі
ꙗко|ꙗко
гласъ|гласъ
твои|твоі
сладъкъ•|сладъкъ
и|і
лице|ліце
твоѥ|твое
красьно•|красьно
тако|тако
бѣ|бѣ
моси|мосі
въпиꙗ•|въпіꙗ
ꙗви|ꙗві
ми|мі
лице|ліце
твоѥ•|твое
да|да
раꙁѹмнѣ|разоумнѣ
виждѹ|віждоу
тѧ•|тѧ
и|і
пакꙑ•|пакъі
искахъ|іскахъ
ѥго|его
въꙁлюби|възлюбі
д҃ша|д҃ша
моꙗ|моꙗ
и|і
ꙗхъ|ꙗхъ
сѧ|сѧ
по|по
нь•|нь
и|і
не|не
оставихъ|оставіхъ
ѥго•|его
ꙗко|ꙗко
водена|водена
ѥсмь•|есмь
любовьѭ|любовьѭ
аꙁъ•|азъ
ꙁане|зане
крѣпъка|крѣпъка
ꙗко|ꙗко
съмрьть|съмрьть
любꙑ|любъі
вода|вода
многа|многа
не|не
можеть|можеть
ѹгасити|оугасіті
любъве•|любъве
тако|тако
бѣ|бѣ
петрови|петрові
д҃ша|д҃ша
г҃лющи•|г҃лющі
г҃и|г҃і
камо|камо
идеши|ідеші
къ|къ
комѹ|комоу
идемъ•|ідемъ
к͗|к
немѹже|немоуже
г҃ь|г҃ь
тришьдꙑ•|трішьдъі
петре|петре
любиши|любіші
ли|лі
мѧ•|мѧ
онъ|онъ
же•|же
ѥи|еі
г҃и|г҃і
тꙑ|тъі
вѣси|вѣсі
ꙗко|ꙗко
люблю|люблю
тѧ•|тѧ
пакꙑ|пакъі
же|же
г҃ь|г҃ь
къ|къ
своимъ|своімъ
ѹченикомъ|оученікомъ
рече•|рече
аще|аще
кто|кто
любить|любіть
мѧ•|мѧ
то|то
слово|слово
моѥ|мое
съблюдеть•|съблюдеть
и|і
о҃ць|о҃ць
мои|моі
въꙁлюбить|възлюбіть
и•|і
и|і
к͗|к
немѹ|немоу
придевѣ•|прідевѣ
и|і
прѣбꙑть|прѣбъіть
ѹ|оу
него|него
створивѣ|створівѣ
въ|въ
славѣ|славѣ
ѥго•|его
ѥмѹже|емоуже
слава|слава
въ|въ
вѣкꙑ|вѣкъі
вѣком|вѣком
АМИН|амін
рк҃г|рк҃г
⁘Ꙍ|о
ОУСꙐНЕНИИ⁘|оусъіненіі
Слава|слава
благости|благості
твоѥи|твоеі
вл҃ко|вл҃ко
чк҇ⷧлбче•|чкллбче
нищелюбче•|ніщелюбче
дш҃елюбче•|дш҃елюбче
благолюбче•|благолюбче
не|не
поминаи|помінаі
вражъдꙑ|вражъдъі
г҃и•|г҃і
ѥже|еже
прѣстѹпльшѧꙗ|прѣстоупльшѧꙗ
ꙁаповѣди|заповѣді
твоꙗ|твоꙗ
въ|въ
раи•|раі
и|і
ѹмрьщвенꙑ|оумрьщвенъі
грѣхомь•|грѣхомь
своѥѭ|своеѭ
волеѭ|волеѭ
нашеѭ•|нашеѭ
не|не
тъчьѭ|тъчьѭ
свободивъ•|свободівъ
нъ|нъ
и|і
своꙗ|своꙗ
чада|чада
нарекъ•|нарекъ
иже|іже
и|і
доселѣ|доселѣ
не|не
хранѧще|хранѧще
ꙁаповѣдьи|заповѣдьі
твоихъ•|твоіхъ
живемъ•|жівемъ
ꙗко|ꙗко
на|на
насъ|насъ
събꙑти|събъіті
сѧ•|сѧ
ꙗко|ꙗко
с҃ны|с҃нъі
родихъ|родіхъ
и|і
въꙁнѣсъ•|възнѣсъ
ти|ті
же|же
отъврьгошѧ|отъврьгошѧ
сѧ|сѧ
мене•|мене
кто|кто
въꙁможеть|възможеть
съповѣдѣти|съповѣдѣті
пѫчинѫ|пѫчінѫ
благосрьдьꙗ|благосрьдьꙗ
твоѥго•|твоего
длъготрьпе|длъготрьпе
и|і
благодѣтелю|благодѣтелю
д҃шь|д҃шь
нашихъ•|нашіхъ
б҃е|б҃е
в͗седрьжителю•|вседрьжітелю
и|і
г҃и|г҃і
милостьи•|мілостьі
реклъ|реклъ
бо|бо
ѥси|есі
пр҃комь|пр҃комь
иѡсиимь•|іосіімь
нарекѫ|нарекѫ
не|не
люди|люді
моꙗ|моꙗ
люди|люді
моꙗ•|моꙗ
и|і
не|не
въꙁлюбленѫѭ|възлюбленѫѭ
моѭ|моѭ
въꙁлюбленѫ•|възлюбленѫ
и|і
бѫдеть|бѫдеть
на|на
мѣстѣ|мѣстѣ
идеже|ідеже
рече|рече
сѧ•|сѧ
не|не
людиѥ|людіе
мои|моі
вꙑ•|въі
тѹ|тоу
нарекѹть|нарекоуть
сѧ|сѧ
сн҃ве•|сн҃ве
б҃а|б҃а
жива•|жіва
и|і
иѡанъ•|іоанъ
въꙁлюблении•|възлюбленіі
нꙑнѣ|нъінѣ
чада|чада
бж҃ьꙗ|бж҃ьꙗ
ѥсмъ•|есмъ
и|і
не|не
ѭ|ѭ
сѧ|сѧ
ꙗви|ꙗві
что|что
бѫдемъ•|бѫдемъ
ꙗко|ꙗко
ѹꙁьримъ|оузьрімъ
ꙗкоже|ꙗкоже
ѥсть•|есть
и|і
павьлъ•|павьлъ
мꙑ|мъі
же|же
вси|всі
отъкръвеномь|отъкръвеномь
лицемь•|ліцемь
славѫ|славѫ
гн҃ѫ|гн҃ѫ
видѧще•|відѧще
въ|въ
тъжде|тъжде
обраꙁъ|образъ
прообраꙁѹѥмъ|прообразоуемъ
сѧ•|сѧ
отъ|отъ
славы|славъі
въ|въ
славѫ|славѫ
ꙗже|ꙗже
ѿ|от
гн҃ѧ|гн҃ѧ
дх҃а•|дх҃а
и|і
пакꙑ•|пакъі
любовьѭ|любовьѭ
прѣжде|прѣжде
нарекъ|нарекъ
нꙑ|нъі
въсꙑнениѥ|въсъіненіе
и҃у|і҃у
хм҃ь|хм҃ь
в͗|в
него•|него
бꙑваите|бъіваіте
подобни|подобні
б҃ѹ•|б҃оу
ꙗко|ꙗко
чада|чада
въꙁлюблена•|възлюблена
и|і
ходите|ходіте
въ|въ
любъви|любъві
ꙗкоже|ꙗкоже
х҃ъ|х҃ъ
въꙁлюби|възлюбі
вꙑ•|въі
и|і
пакꙑ•|пакъі
не|не
тъчьѭ|тъчьѭ
же•|же
нъ|нъ
и|і
сами|самі
начатъкъ|начатъкъ
дх҃а|дх҃а
имѫще|імѫще
мꙑ•|мъі
и|і
сами|самі
въ|въ
себѣ|себѣ
въꙁдꙑхаѥмъ•|въздъіхаемъ
въсꙑнениꙗ|въсъіненіꙗ
чаѭще|чаѭще
иꙁбавлениꙗ|ізбавленіꙗ
тѣлѹ|тѣлоу
нашемѹ•|нашемоу
и|і
пакꙑ•|пакъі
ꙗкоже|ꙗкоже
ѥсте|есте
сн҃ве•|сн҃ве
посъла|посъла
б҃ъ|б҃ъ
сн҃а|сн҃а
своѥго|своего
въ|въ
ср҃ца|ср҃ца
нашѧ|нашѧ
въпиꙗ•|въпіꙗ
ав͗ва|авва
о҃ць•|о҃ць
тѣмьже|тѣмьже
нѣси|нѣсі
рабъ|рабъ
нъ|нъ
с҃нъ•|с҃нъ
аще|аще
же|же
с҃нъ|с҃нъ
и|і
наслѣдьникъ|наслѣдьнікъ
бж҃ии|бж҃іі
хм҃ь•|хм҃ь
и|і
пакꙑ•|пакъі
ѥлико|еліко
бо|бо
д҃хомь|д҃хомь
бж҃ьѥмь|бж҃ьемь
водѧть|водѧть
сѧ•|сѧ
сии|сіі
сн҃ве|сн҃ве
бж҃ьи|бж҃ьі
сѫть•|сѫть
не|не
приꙗхомъ|пріꙗхомъ
бо|бо
д҃ха|д҃ха
работѣ|работѣ
пакꙑ|пакъі
въ|въ
боꙗꙁнь•|боꙗзнь
нъ|нъ
приꙗхомъ|пріꙗхомъ
дх҃ъ|дх҃ъ
въсꙑнениꙗ•|въсъіненіꙗ
о|о
немьже|немьже
въпьѥмъ|въпьемъ
ав͗ва|авва
о҃ць•|о҃ць
и|і
самъ|самъ
д҃хъ|д҃хъ
съпослѹхѹѥть|съпослоухоуеть
д҃хѹ|д҃хоу
нашемѹ•|нашемоу
ꙗко|ꙗко
ѥсмъ|есмъ
чада|чада
бж҃ьꙗ•|бж҃ьꙗ
аще|аще
ли|лі
чада|чада
и|і
наслѣдьници•|наслѣдьніці
наслѣдьници|наслѣдьніці
же|же
б҃ѹ•|б҃оу
сънаслѣдьници|сънаслѣдьніці
же|же
х҃ѹ•|х҃оу
аще|аще
же|же
хв҃и|хв҃і
сънадлѣдьници•|сънадлѣдьніці
сн҃ве|сн҃ве
вꙑшьнѧго|въішьнѧго
нарекѹть|нарекоуть
сѧ•|сѧ
ѥгда|егда
ѹꙁьрѧть|оузьрѧть
ц҃рѧ|ц҃рѧ
б҃а|б҃а
съ|съ
славоѭ:|славоѭ
тѹ|тоу
отврьꙁѹть|отврьзоуть
сѧ|сѧ
врата|врата
црс҃тва•|црс҃тва
и|і
вънидѹть|вънідоуть
въ|въ
ложьницѧ|ложьніцѧ
оч҃ѧ•|оч҃ѧ
и|і
покажеть|покажеть
сѫщѧꙗ•|сѫщѧꙗ
отъ|отъ
вѣка|вѣка
ст҃ꙑꙗ|ст҃ъіꙗ
своꙗ•|своꙗ
и|і
ꙗвить|ꙗвіть
сѧ|сѧ
имъ|імъ
слъньце|слъньце
правьдьноѥ•|правьдьное
и|і
иꙁидѹть•|ізідоуть
и|і
въꙁиграѭть•|възіграѭть
ꙗко|ꙗко
телѧта|телѧта
пѹщена|поущена
отъ|отъ
ѹꙁъ•|оузъ
и|і
прѣобраꙁить|прѣобразіть
тѣло|тѣло
съмѣрениꙗ|съмѣреніꙗ
нашего•|нашего
съобраꙁьно|съобразьно
тѣлѹ|тѣлоу
славꙑ|славъі
своѥꙗ•|своеꙗ
тѹ|тоу
поновить|поновіть
сѧ|сѧ
ꙗко|ꙗко
ѡрьлѧ|орьлѧ
ѹность|оуность
ихъ•|іхъ
и|і
ѹꙁьрѧть|оузьрѧть
ꙁемлю|землю
обѣщѧниѧ•|обѣщѧніѧ
и|і
на|на
колѣнѹ|колѣноу
ѹтѣшить|оутѣшіть
сѧ•|сѧ
ꙗкоже|ꙗкоже
кого|кого
мт҃и|мт҃і
ѹтѣшить•|оутѣшіть
тако|тако
въсьꙗѥть|въсьꙗеть
г҃ь|г҃ь
правьдѹ|правьдоу
и|і
радость:|радость
прѣдъ|прѣдъ
вьсѣми|вьсѣмі
любѧщиими|любѧщіімі
чистомь|чістомь
ср҃цемь•|ср҃цемь
и|і
мꙑ|мъі
ѹбо|оубо
въꙁлюблении|възлюбленіі
постꙑдимъ|постъідімъ
сѧ|сѧ
почьтъшаго|почьтъшаго
нꙑ|нъі
тако•|тако
и|і
на|на
толикѹ|толікоу
вꙑсотѹ|въісотоу
въꙁведъша•|възведъша
и|і
работаимъ|работаімъ
ѥмѹ|емоу
съ|съ
страхомь•|страхомь
ꙗко|ꙗко
вл҃цѣ|вл҃цѣ
по|по
ѥстьствѹ•|естьствоу
и|і
радѹимъ|радоуімъ
сѧ|сѧ
ѥмѹ|емоу
съ|съ
трепетомь|трепетомь
ꙗко|ꙗко
оц҃ю|оц҃ю
по|по
благодѣти•|благодѣті
ѥда|еда
къгда|къгда
раꙁгнѣваѥть|разгнѣваеть
сѧ|сѧ
г҃ь•|г҃ь
и|і
отъпадемъ|отъпадемъ
такого|такого
сн҃овьства•|сн҃овьства
а|а
отъпадаꙗи|отъпадаꙗі
ѥго•|его
подобьнъ|подобьнъ
бѫдеть|бѫдеть
июдѣ|іюдѣ
прѣдателю•|прѣдателю
сн҃ъ|сн҃ъ
погꙑбѣли•|погъібѣлі
и|і
геѡнѣ|геонѣ
и|і
диꙗволѹ•|діꙗволоу
нъ|нъ
не|не
бѹди|боуді
намъ|намъ
отъстѹпити|отъстоупіті
сп҃са|сп҃са
и|і
б҃а|б҃а
нашего•|нашего
далъ|далъ
бо|бо
ѥсть|есть
намъ|намъ
власть|власть
настѹпати|настоупаті
на|на
ꙁмиꙗ|зміꙗ
и|і
скор͗пиꙗ•|скорпіꙗ
и|і
на|на
в͗сѫ|всѫ
силѹ|сілоу
вражьѭ•|вражьѭ
ѥлико|еліко
бо|бо
приꙗхомъ|пріꙗхомъ
и•|і
да|да
намъ|намъ
власть|власть
чадомъ|чадомъ
бж҃ьѥмъ|бж҃ьемъ
бꙑти•|бъіті
рекъ•|рекъ
вꙑ|въі
же|же
не|не
нарицѧите|наріцѧіте
сѧ|сѧ
беꙁ|без
оц҃а|оц҃а
на|на
ꙁемли•|землі
ѥдинъ|едінъ
бо|бо
ѥсть|есть
о҃ць|о҃ць
вашь|вашь
иже|іже
ѥсть|есть
на|на
нб҃сх•|нб҃сх
ѥмѹже|емоуже
слава|слава
въ|въ
вѣкы|вѣкъі
вѣкомъ|вѣкомъ
АМИН|амін
л҃|л҃
Ꙍ|о
ЦРС҃ТВѢ|црс҃твѣ
НБ҃СМЬ⁘|нб҃смь
И|і
О|о
МЛ҃ТВѢ|мл҃твѣ
РЕКЪше|рекъше
ѡ|о
исповѣдании|ісповѣданіі
Прѣждереченыꙗ|прѣждереченъіꙗ
ꙁаповѣди|заповѣді
бж҃ьꙗ|бж҃ьꙗ
съблюдъше•|съблюдъше
на|на
цр҃ство|цр҃ство
въꙁвратимъ|възвратімъ
сѧ•|сѧ
о|о
немьже|немьже
и|і
подвигъ|подвігъ
м͗ногъ•|многъ
и|і
несъвѣдьнъ|несъвѣдьнъ
покои•|покоі
аще|аще
бо|бо
хотѧи|хотѧі
врѣменьнѹ|врѣменьноу
цр҃ствѹ•|цр҃ствоу
м͗нога|многа
мѫжьства|мѫжьства
покаꙁаѥть•|показаеть
въ|въ
бранехъ|бранехъ
и|і
бѣдахъ•|бѣдахъ
и|і
бъдѣньихъ|бъдѣньіхъ
и|і
печальхъ|печальхъ
и|і
болѣꙁньхъ•|болѣзньхъ
и|і
ничтоже|нічтоже
непьщѹѥть•|непьщоуеть
всѧ|всѧ
прилѹчаѭщѧꙗ|прілоучаѭщѧꙗ
сѧ|сѧ
ѥмѹ|емоу
скръби•|скръбі
надеждеѭ|надеждеѭ
съновидимаго|съновідімаго
ѥмѹ|емоу
цр҃ста•|цр҃ста
и|і
се|се
врѣменьнѹ|врѣменьноу
и|і
непостоинѹ|непостоіноу
сѹщю•|соущоу
бꙑваѥть|бъіваеть
же|же
и|і
ꙗко|ꙗко
и|і
потомь•|потомь
ѥгда|егда
в͗сѧ|всѧ
болѣꙁни|болѣзні
съконьчаваѥть•|съконьчаваеть
и|і
м͗нить|мніть
ѭ|ѭ
имѣти|імѣті
надѣамаа•|надѣамаа
неꙁаꙗпѣѥмъ|незаꙗпѣемъ
иже|іже
въ|въ
него|него
мѣсто|мѣсто
ѹвѧꙁе|оувѧзе
сѧ|сѧ
вѣньцемь•|вѣньцемь
кацѣхъ|кацѣхъ
подвигъ|подвігъ
трѣбѹѥть•|трѣбоуеть
и|і
тъщаниꙗ|тъщаніꙗ
и|і
спѣха•|спѣха
и|і
бъдѣниꙗ|бъдѣніꙗ
и|і
печали•|печалі
и|і
бѣдъ|бѣдъ
и|і
скръбьи•|скръбьі
и|і
напастьи•|напастьі
таинъ|таінъ
же|же
и|і
ꙗвленьи|ꙗвленьі
и|і
ранъ•|ранъ
и|і
съмрьтии•|съмрьтіі
хотѧи|хотѧі
съ|съ
д҃хмь|д҃хмь
бес|бес
приꙗтьꙗ|пріꙗтьꙗ
црс҃твовати•|црс҃твоваті
сего|сего
ради|раді
прѣжьнии|прѣжьніі
мѹжи|моужі
же|же
и|і
женꙑ|женъі
и|і
дѣти•|дѣті
до|до
съмрьти|съмрьті
подвиꙁашѧ|подвізашѧ
сѧ•|сѧ
да|да
црс҃тво|црс҃тво
нб҃сноѥ|нб҃сное
ѹлѹчить•|оулоучіть
нѹждьно|ноуждьно
бо|бо
ѥсть|есть
црс҃тво|црс҃тво
нбс҃ноѥ•|нбс҃ное
и|і
иже|іже
о|о
вьсемь|вьсемь
нѹдѧть|ноудѧть
сѧ|сѧ
сами•|самі
то|то
ти|ті
похꙑтаѭть|похъітаѭть
ѥ•|е
иже|іже
бо|бо
по|по
истинѣ|істінѣ
скопилъ|скопілъ
сѧ|сѧ
ѥсть|есть
самъ|самъ
црс҃тва|црс҃тва
ради|раді
нбс҃наго•|нбс҃наго
или|ілі
дѣвьствовалъ•|дѣвьствовалъ
то|то
всѣмъ|всѣмъ
длъжень|длъжень
ѥсть•|есть
достоина|достоіна
себѣ|себѣ
ꙗвити|ꙗвіті
црст҃ва•|црст҃ва
не|не
словесемь|словесемь
бо|бо
ни|ні
обраꙁомь•|образомь
ни|ні
именьмь|іменьмь
ни|ні
родомь|родомь
ни|ні
ꙁракомь•|зракомь
ни|ні
крѣпостьѭ|крѣпостьѭ
ни|ні
лѣтомь•|лѣтомь
цр҃ство|цр҃ство
нб҃сноѥ|нб҃сное
приемлеть|пріемлеть
сѧ•|сѧ
нъ|нъ
силоѭ|сілоѭ
вѣрꙑ|вѣръі
ꙗвлѧѭщѧꙗ|ꙗвлѧѭщѧꙗ
дѣла|дѣла
вѣрьна•|вѣрьна
покаꙁаѥмѹ|показаемоу
бо|бо
вѣрѹ•|вѣроу
въꙁвѣстить|възвѣстіть
правьдьникъ|правьдьнікъ
дѣльнѣ•|дѣльнѣ
ч͗то|что
же|же
ѥ|е
въ|въ
дѣлѣ•|дѣлѣ
ꙗже|ꙗже
дѣтѣльномь|дѣтѣльномь
дѣаниѥмь•|дѣаніемь
ꙁаповѣдьи|заповѣдьі
хв҃ъ•|хв҃ъ
ошаати|ошааті
же|же
сѧ|сѧ
сѫпротивьнꙑхъ•|сѫпротівьнъіхъ
сирѣчь|сірѣчь
пльтьнаго•|пльтьнаго
рекъше|рекъше
диꙗволѧ|діꙗволѧ
мѫдрованьꙗ•|мѫдрованьꙗ
ѥже|еже
ѥсть|есть
любодѣаниѥ•|любодѣаніе
нечистота•|нечістота
идолослѹжениѥ•|ідолослоуженіе
прокажениꙗ•|прокаженіꙗ
вражьдꙑ•|вражьдъі
рьвениꙗ|рьвеніꙗ
ꙁавидꙑ•|завідъі
ꙗрости•|ꙗрості
раꙁдражениꙗ•|раздраженіꙗ
клеветꙑ•|клеветъі
распьрѧ•|распьрѧ
ненависти•|ненавісті
ѹбииства•|оубііства
пиꙗньства•|піꙗньства
игры•|ігръі
скрѣнѧ•|скрѣнѧ
ѭродословьѥ•|ѭродословье
смѣхъ•|смѣхъ
беꙁѹмьѥ•|безоумье
корениꙗ•|кореніꙗ
шьпътꙑ•|шьпътъі
горесть•|горесть
гнѣвъ•|гнѣвъ
хѹлꙑ•|хоулъі
блѧдениꙗ•|блѧденіꙗ
ꙁълобꙑ•|зълобъі
м͗ногословесьꙗ|многословесьꙗ
ꙁъла•|зъла
плетословъꙗ•|плетословъꙗ
лихословъꙗ•|ліхословъꙗ
ѹсильꙗ•|оусільꙗ
несъмѣрениꙗ•|несъмѣреніꙗ
сѫжитиꙗ•|сѫжітіꙗ
приꙁꙑваниꙗ•|прізъіваніꙗ
ѭрождѧ•|ѭрождѧ
дрьлѣниꙗ•|дрьлѣніꙗ
дрочениѥ•|дроченіе
родомь•|родомь
въꙁоромь•|възоромь
страноѭ•|страноѭ
богатьствомь•|богатьствомь
мѫжьствомь•|мѫжьствомь
плътьномь•|плътьномь
словомь•|словомь
рьвениѥ|рьвеніе
съ|съ
побѣдолюбиѥмь•|побѣдолюбіемь
ненависть•|ненавість
памѧти•|памѧті
ꙁълобꙑ•|зълобъі
напрасньѥ•|напраснье
вражьда•|вражьда
льсть•|льсть
въꙁдааниѥ•|въздааніе
лихоꙗдиѥ•|ліхоꙗдіе
несꙑтость•|несъітость
лихоимьѥ•|ліхоімье
ѥже|еже
ѥсть|есть
идолослѹжениѥ•|ідолослоуженіе
сребролюбьѥ•|сребролюбье
корень|корень
в͗семѹ|всемоу
ꙁълѹ•|зълоу
красолюбьѥ•|красолюбье
тъщеславьѥ•|тъщеславье
любосластьѥ•|любосластье
самолюбиѥ•|самолюбіе
шѧтаниѥ•|шѧтаніе
величаниѥ•|велічаніе
ѥже|еже
ꙁоветь|зоветь
сѧ|сѧ
гꙑбѣль•|гъібѣль
прѣꙁорьѥ|прѣзорье
ѥмѹже|емоуже
б҃ъ|б҃ъ
противить|протівіть
сѧ•|сѧ
сии|сіі
же|же
симъ|сімъ
подобна•|подобна
иже|іже
имать|імать
в|в
себѣ|себѣ
плътѧнъ|плътѧнъ
ѥсть•|есть
и|і
сн҃ъ|сн҃ъ
сѫпостащь•|сѫпостащь
рожденоѥ|рожденое
бо|бо
отъ|отъ
плъти|плъті
плъть|плъть
ѥсть•|есть
и|і
отъ|отъ
ꙁемлѧ|землѧ
сꙑ|съі
ꙁемльнаа|земльнаа
гл҃еть•|гл҃еть
ꙁемльнаа|земльнаа
дѣла|дѣла
мѫдрѹѥть•|мѫдроуеть
мѫдрость|мѫдрость
бо|бо
пльнаа•|пльнаа
вражьда|вражьда
на|на
б҃а|б҃а
ѥсть•|есть
ꙁаконѹ|законоу
бо|бо
бж҃ьѭ|бж҃ьѭ
не|не
повинѹѥть|повіноуеть
сѧ•|сѧ
не|не
можеть|можеть
бо•|бо
и|і
въ|въ
таковѣмь|таковѣмь
не|не
живеть|жіветь
дх҃ъ|дх҃ъ
бж҃ьи•|бж҃ьі
не|не
имать|імать
бо|бо
прѣбꙑти|прѣбъіті
рече|рече
дх҃ъ|дх҃ъ
мои•|моі
въ|въ
чл҃цѣхъ|чл҃цѣхъ
сихъ|сіхъ
въ|въ
вѣкъ•|вѣкъ
ꙁане|зане
сѫть|сѫть
плъти•|плъті
иже|іже
не|не
имать|імать
дх҃а|дх҃а
с҃та•|с҃та
то|то
тъ|тъ
нѣсть|нѣсть
того•|того
иже|іже
бо|бо
дх҃ъ|дх҃ъ
бж҃ии|бж҃іі
имать•|імать
дс҃ѣ|дс҃ѣ
бж҃ьи|бж҃ьі
пристаѥть•|прістаеть
и|і
д҃хмъ|д҃хмъ
бж҃ьимь•|бж҃ьімь
дѣаньꙗ|дѣаньꙗ
тѣлесьнаа|тѣлесьнаа
ѹмрьтвѣѥть•|оумрьтвѣеть
живеть|жіветь
бо|бо
б҃ѹ•|б҃оу
въꙁдрьжѧ|въздрьжѧ
и|і
рабощѧꙗ|рабощѧꙗ
плъть•|плъть
да|да
сѧ|сѧ
въселить|въселіть
въ|въ
нь•|нь
с҃тъи|с҃тъі
дх҃ъ|дх҃ъ
мирьнъи•|мірьнъі
и|і
хранимъ|хранімъ
имь|імь
створить|створіть
плодъ|плодъ
вѣрꙑ|вѣръі
добродѣаниꙗ•|добродѣаніꙗ
прѣмѹдости•|прѣмоудості
чистотꙑ•|чістотъі
въꙁдрьжаньꙗ•|въздрьжаньꙗ
любъве•|любъве
бл҃гости•|бл҃гості
трьпѣньѥ•|трьпѣнье
ѹпъваниꙗ•|оупъваніꙗ
ѥдиномꙑсльꙗ•|едіномъісльꙗ
цѣломѫдрьꙗ•|цѣломѫдрьꙗ
хваленьꙗ•|хваленьꙗ
с҃тьбꙑ•|с҃тьбъі
си|сі
и|і
симъ|сімъ
подобнаа•|подобнаа
въводѧть|въводѧть
вь|вь
цр҃ьство|цр҃ьство
нб҃сноѥ•|нб҃сное
а|а
прѣждереченꙑꙗ|прѣждереченъіꙗ
в͗сеꙗ|всеꙗ
плът͗нꙑꙗ|плътнъіꙗ
мѫдрости•|мѫдрості
црс҃твѣ|црс҃твѣ
нб҃снѣмь|нб҃снѣмь
не|не
приближаѭть|прібліжаѭть
сѧ•|сѧ
нъ|нъ
даже|даже
коньца|коньца
не|не
доидеть•|доідеть
прѣдълежѧщеѥ|прѣдълежѧщее
о|о
црс҃твѣ|црс҃твѣ
нбс҃нмь|нбс҃нмь
слово•|слово
нѹждьно|ноуждьно
ми|мі
ꙗвлѧѥть|ꙗвлѧеть
сѧ•|сѧ
повѣстьно|повѣстьно
створи|створі
тебѣ|тебѣ
честьнъи|честьнъі
оч҃е|оч҃е
ѥвъстатиѥ•|евъстатіе
въшедъшеѥ|въшедъшее
ми|мі
нꙑнѣ|нъінѣ
раꙁѹмѣние•|разоумѣніе
такожде|такожде
и|і
се•|се
потрѣб͗но|потрѣбно
же|же
м͗ноѭ|мноѭ
словесьѥ|словесье
ѥже|еже
о|о
црс҃твѣ•|црс҃твѣ
паче|паче
же|же
инѣхъ|інѣхъ
в͗сѣхъ•|всѣхъ
ꙗкоже|ꙗкоже
непьщѫѥть|непьщѫеть
сѧ•|сѧ
ѹспѣшьно|оуспѣшьно
и|і
польꙁьно•|пользьно
ꙁанеже|занеже
беꙁаконениꙗ|безаконеніꙗ
нашѧ|нашѧ
ѹмножишѧ|оумножішѧ
сѧ•|сѧ
и|і
прѣвъꙁидошѧ|прѣвъзідошѧ
главꙑ|главъі
нашѧ•|нашѧ
и|і
не|не
накаꙁахомъ|наказахомъ
сѧ|сѧ
хал͗дѣискоѭ|халдѣіскоѭ
раноѭ•|раноѭ
ни|ні
ѹмѧ|оумѧ
жестокꙑꙗ|жестокъіꙗ
нашеѧ|нашеѧ
вꙑꙗ•|въіꙗ
ꙗромъ|ꙗромъ
ихъ•|іхъ
нъ|нъ
ѥще|еще
паче|паче
о|о
ꙁьлехъ|зьлехъ
мѹжаѥмъ|моужаемъ
сѧ•|сѧ
сего|сего
ради|раді
отъ|отъ
послаблениꙗ|послабленіꙗ
бж҃ьꙗ:|бж҃ьꙗ
принесе|прінесе
намъ|намъ
сотона|сотона
ꙗꙁвѫ•|ꙗзвѫ
могѫщѫѭ|могѫщѫѭ
и|і
ѭтробѫ|ѭтробѫ
костии|костіі
и|і
моꙁговъ|мозговъ
досѧщи•|досѧщі
слꙑшахомъ|слъішахомъ
бо|бо
ѥтера|етера
пришьдъша|прішьдъша
въстокъ•|въстокъ
прѣдътечѧ|прѣдътечѧ
антихрьстова•|антіхрьстова
хотѧща|хотѧща
стола|стола
антиохиискаго|антіохііскаго
обьꙗти•|обьꙗті
атанасѣ|атанасѣ
же|же
наричема•|нарічема
паче|паче
же|же
съмрьть|съмрьть
бесъмрьтиѥ|бесъмрьтіе
аполинаревꙑ•|аполінаревъі
и|і
еутиховъ•|еутіховъ
и|і
севъиринии•|севъірініі
и|і
иꙗковлѧ•|іꙗковлѧ
догматꙑ•|догматъі
проповѣдаѭща•|проповѣдаѭща
се|се
слꙑшаниѥ|слъішаніе
не|не
хѹдѣ|хоудѣ
въꙁмѫти|възмѫті
ст҃аго|ст҃аго
града•|града
православьꙗ|православьꙗ
жителѧ•|жітелѧ
и|і
сѫщаꙗ|сѫщаꙗ
о|о
немь|немь
манастꙑрѧ•|манастъірѧ
а|а
имьже|імьже
ꙗкоже|ꙗкоже
наѱасте|напсасте
ми•|мі
многꙑ|многъі
странꙑ|странъі
и|і
мѣста|мѣста
и|і
остовꙑ|остовъі
по|по
нѹжди•|ноужді
прѣходите|прѣходіте
и|і
полѹчаѥте|полоучаете
сѧ•|сѧ
многамъ|многамъ
ѥресемъ|ересемъ
въ|въ
раꙁличнꙑхъ|разлічнъіхъ
мѣстѣхъ|мѣстѣхъ
бꙑвати•|бъіваті
да|да
нѣкако|нѣкако
отъ|отъ
невѣдѣниꙗ•|невѣдѣніꙗ
въ|въ
нѣкѹѭ|нѣкоуѭ
ихъ|іхъ
въпадете•|въпадете
наꙁнаменахомъ|назнаменахомъ
бо|бо
в͗сѧ|всѧ
ѥреси•|ересі
отъ|отъ
хв҃а|хв҃а
пришьствьꙗ|прішьствьꙗ
до|до
нꙑнѣ•|нъінѣ
да|да
и|і
вꙑ|въі
ꙗко|ꙗко
отъ|отъ
ꙁмиꙗ|зміꙗ
храните|храніте
сѧ|сѧ
отъ|отъ
нихъ•|ніхъ
и|і
иже|іже
съ|съ
вами•|вамі
а|а
како|како
мѹдрѹѥть|моудроуеть
кажда|кажда
ѥресь•|ересь
нѣсть|нѣсть
нынѣ|нъінѣ
врѣмене|врѣмене
гл҃ати•|гл҃аті
се|се
же|же
ти|ті
бѫди|бѫді
ꙁнамениѥ|знаменіе
къ|къ
ѹтврьждениѭ|оутврьжденіѭ
прѣкрасьно•|прѣкрасьно
и|і
иꙁвѣсто•|ізвѣсто
в͗сѧ|всѧ
ѥресь|ересь
въ|въ
имѧ|імѧ
чл҃че|чл҃че
именѹѥма•|іменоуема
ꙗкоже|ꙗкоже
арианѣне•|аріанѣне
несториꙗнѣне•|несторіꙗнѣне
сеѹиринѣне•|сеоуірінѣне
и|і
ини|іні
такожде•|такожде
диꙗволѧ|діꙗволѧ
сѫть|сѫть
ѥреси•|ересі
католичьскаа|католічьскаа
бо|бо
цр҃кꙑ|цр҃къі
нѣсть|нѣсть
наречена|наречена
именемь|іменемь
чл҃чемь•|чл҃чемь
нъ|нъ
в͗си|всі
въ|въ
имѧ|імѧ
г҃а|г҃а
нашего|нашего
і҃у|і҃у
х҃а•|х҃а
крьстьꙗни|крьстьꙗні
именѹѥмъ|іменоуемъ
сѧ•|сѧ
нѣсть|нѣсть
бо|бо
дрѹгаго|дроугаго
имене•|імене
подъ|подъ
нб҃семь|нб҃семь
дана|дана
въ|въ
чловѣцѣхъ•|чловѣцѣхъ
имьже|імьже
нꙑ|нъі
сѧ|сѧ
ѥсть|есть
сп҃сти•|сп҃сті
тъчьѭ|тъчьѭ
ѥдинъ|едінъ
г҃ь|г҃ь
і҃у|і҃у
х҃ъ•|х҃ъ
въ|въ
славѹ|славоу
б҃а|б҃а
о҃ца•|о҃ца
съ|съ
ст҃ꙑимь|ст҃ъіімь
дѫхомь|дѫхомь
въ|въ
вѣкꙑ|вѣкъі
вѣкомъ|вѣкомъ
амінь|амінь
О|о
вѣрѣ|вѣрѣ
рекъше|рекъше
о|о
ѥдиносѫщьи|едіносѫщьі
оц҃а|оц҃а
и|і
сн҃а|сн҃а
и|і
с҃тго|с҃тго
дх҃а•|дх҃а
въ|въ
началѣ|началѣ
книжьнѣ|кніжьнѣ
довольнѣ|довольнѣ
иꙁложихомъ•|ізложіхомъ
нꙑнѣ|нъінѣ
же|же
ꙁа|за
двигъшѫѭ|двігъшѫѭ
сѧ|сѧ
ѥресь•|ересь
дрьꙁновениимь|дрьзновеніімь
исповѣдаѥмъ•|ісповѣдаемъ
и|і
приповѣдаѥмъ|пріповѣдаемъ
г҃а|г҃а
нашего|нашего
і҃у|і҃у
х҃а•|х҃а
ѥдиночадаго|едіночадаго
сн҃а|сн҃а
и|і
слова|слова
оч҃а•|оч҃а
свѣтъ|свѣтъ
отъ|отъ
свѣта•|свѣта
б҃а|б҃а
истин͗на|істінна
отъ|отъ
б҃а|б҃а
истин͗на•|істінна
въплъщьша|въплъщьша
же|же
сѧ|сѧ
и|і
въчл҃чьша|въчл҃чьша
отъ|отъ
ст҃аго|ст҃аго
д҃ха•|д҃ха
и|і
и|і
ст҃ꙑꙗ|ст҃ъіꙗ
славьнꙑꙗ|славьнъіꙗ
приснодѣвꙑ|пріснодѣвъі
мариꙗ•|маріꙗ
б҃а|б҃а
съврьшена•|съврьшена
тогожде|тогожде
и|і
чл҃ка|чл҃ка
съврьшена•|съврьшена
ѥдиного|едіного
и|і
тъчьѭ|тъчьѭ
с҃на•|с҃на
и|і
прѣжде|прѣжде
въплъщениꙗ•|въплъщеніꙗ
и|і
по|по
въплъщеньи•|въплъщеньі
ѥдиносѫщьна|едіносѫщьна
оц҃ю|оц҃ю
по|по
бж҃ствѹ•|бж҃ствоу
и|і
ѥдиносѹщьна|едіносоущьна
по|по
чл҃чствѹ•|чл҃чствоу
по|по
всемѹ|всемоу
подоб͗на|подобна
намъ|намъ
раꙁвѣ|развѣ
грѣха•|грѣха
прѣжде|прѣжде
же|же
вѣкъ|вѣкъ
иꙁ|із
оц҃а|оц҃а
рождена|рождена
по|по
бж҃ствѹ•|бж҃ствоу
на|на
послѣд͗нии|послѣдніі
же|же
д҃нь|д҃нь
тогожде|тогожде
насъ|насъ
ради•|раді
и|і
ꙁа|за
наше|наше
сп҃сениѥ•|сп҃сеніе
иꙁ|із
с҃тꙑꙗ|с҃тъіꙗ
бц҃ѧ•|бц҃ѧ
и|і
приснодв҃ꙑ|пріснодв҃ъі
мариꙗ•|маріꙗ
ѥдиного|едіного
и|і
тъчьѭ|тъчьѭ
с҃на|с҃на
въ|въ
дъвоѭ|дъвоѭ
ѥстьствѹ•|естьствоу
бе-сълитьꙗ|бесълітьꙗ
беꙁ|без
иꙁврата•|ізврата
беꙁ-д-раꙁдѣла|бездраздѣла
ꙁнаѥма•|знаема
дъвѣ|дъвѣ
бо|бо
ѥстьствѣ|естьствѣ
сънидосте|сънідосте
сѧ|сѧ
къ|къ
себѣ•|себѣ
по|по
съвъкѹплениѭ|съвъкоупленіѭ
нерастѹп͗нѹ•|нерастоупноу
нераꙁлѹчнѹ•|неразлоучноу
нераꙁмѣсьнѹ•|неразмѣсьноу
неиꙁвратнѹ•|неізвратноу
плъть|плъть
бо|бо
ѥсть|есть
а|а
не|не
бж҃ство•|бж҃ство
аще|аще
бꙑсть|бъість
бж҃ьꙗ|бж҃ьꙗ
плъть•|плъть
такожде|такожде
и|і
слово•|слово
б҃ъ|б҃ъ
ѥсть|есть
а|а
не|не
плъть•|плъть
аще|аще
и|і
своѭ|своѭ
створилъ|створілъ
плъть|плъть
строительнѣ•|строітельнѣ
дъвѣ|дъвѣ
ѹбо|оубо
естьствѣ|естьствѣ
гл҃емъ•|гл҃емъ
ѥдиногоже|едіногоже
х҃а|х҃а
и|і
сн҃а|сн҃а
и|і
г҃а|г҃а
бж҃ьꙗго|бж҃ьꙗго
слова|слова
въчловѣчьша|въчловѣчьша
сѧ•|сѧ
и|і
въплъщьшѧ•|въплъщьшѧ
имꙑ|імъі
же|же
раꙁлич͗нѣ|разлічнѣ
къ|къ
истиньнѹмѹ|істіньноумоу
ѥдинению•|едіненію
съшьдъши|съшьдъші
сѧ|сѧ
ѥстьствѣ•|естьствѣ
ѥдинъ|едінъ
же|же
иꙁ|із
обоѥго|обоего
х҃ъ|х҃ъ
и|і
с҃нъ•|с҃нъ
не|не
ꙗко|ꙗко
ѥстьствьнѹмѹ|естьствьноумоу
раꙁньствѹ|разньствоу
погѹбленѹ•|погоубленоу
съвъкѹплениѥмь•|съвъкоупленіемь
съврьшевавъ•|съврьшевавъ
ѥѭже|еѭже
подобаѥть|подобаеть
паче|паче
намъ•|намъ
ѥдинаго|едінаго
г҃а|г҃а
і҃у|і҃у
х҃а|х҃а
и|і
сн҃а•|сн҃а
бж҃ства|бж҃ства
и|і
члчс҃тва•|члчс҃тва
ꙁа|за
неиꙁдрекомоѥ|неіздрекомое
и|і
недораꙁѹмѣѥмоѥ•|недоразоумѣемое
къ|къ
ѥдинениѭ|едіненіѭ
сънитиѥ•|сънітіе
тако|тако
и|і
мꙑ|мъі
рекъше|рекъше
събьрана|събьрана
цр҃кꙑ|цр҃къі
вѣрѹѥмъ•|вѣроуемъ
ꙗкоже|ꙗкоже
и|і
великаа|велікаа
свѣтила•|свѣтіла
и|і
ѹчителе|оучітеле
истинꙑ•|істінъі
атанасъ•|атанасъ
василь•|васіль
григоръ•|грігоръ
и|і
иѡанъ•|іоанъ
и|і
курилъ|курілъ
алексан͗дриꙗ•|александріꙗ
великаго|велікаго
града•|града
и|і
не|не
мѹдрѹѭщиихъ|моудроуѭщііхъ
сице•|сіце
отъметаѥмъ•|отъметаемъ
и|і
проклинаѥмъ•|проклінаемъ
съ|съ
подъѱанꙑми|подъпсанъімі
ѥресьми•|ересьмі
въꙁникъшиими•|възнікъшіімі
и|і
по|по
пришьствьи|прішьствьі
гн҃и•|гн҃і
въ|въ
раꙁличнаа|разлічнаа
имена•|імена
ихъже|іхъже
имена|імена
сѫть|сѫть
си•|сі
а҃|а҃
симониани:—|сімоніані
в҃|в҃
менан͗дриани:—|менандріані
г҃|г҃
сатор͗ниани:—|саторніані
д҃|д҃
василдиани:—|васілдіані
е҃|е҃
николати:—|ніколаті
ꙅ҃|з҃
гностици:—|гностіці
ꙁ҃|з҃
карпократаани:—|карпократаані
и҃|і҃
кирунтиани:—|кірунтіані
ѳ҃|ѳ҃
наꙁорѣи:—|назорѣі
ї҃|і҃
аивионѣи:—|аівіонѣі
а҃і|а҃і
ѹален͑тини:—|оуалентіні
в҃і|в҃і
секѹн͑диани:—|секоундіані
г҃і|г҃і
птолемеи:—|птолемеі
д҃і|д҃і
маркосьи:—|маркосьі
е҃і|е҃і
коловатьи:—|коловатьі
ꙅ҃і|з҃і
ираклен͗ти:—|іракленті
ꙁ҃і|з҃і
ѡфити:—|офіті
и҃і|і҃і
каиани:—|каіані
ѳ҃і|ѳ҃і
ситиани:—|сітіані
к҃|к҃
ар͗хонтики:—|архонтікі
а҃к|а҃к
кердониани:—|кердоніані
в҃к|в҃к
маркиѡнисти:—|маркіоністі
г҃к|г҃к
лѹкианисти:—|лоукіаністі
д҃к|д҃к
апеллиани:—|апелліані
к҃е|к҃е
сеѹириани:—|сеоуіріані
к҃ꙅ|к҃з
татиани:—|татіані
к҃ꙁ|к҃з
егкратики:—|егкратікі
к҃и|к҃і
кафрѹагастонъ|кафроуагастонъ
и|і
монтанистонъ•|монтаністонъ
и|і
аскодрѹгитонъ:—|аскодроугітонъ
к҃ѳ|к҃ѳ
пепѹꙁиани|пепоузіані
и|і
прискиллиани|пріскілліані
иже|іже
кекинтилоани•|кекінтілоані
ихъже|іхъже
прѣмѣшаѭть|прѣмѣшаѭть
сѧ•|сѧ
ар͗тотѹрити:—|артотоуріті
л҃|л҃
тессарастъ|тессарастъ
и|і
декатити:—|декатіті
л҃а|л҃а
алоги:—|алогі
л҃в|л҃в
адамиани:—|адаміані
л҃г|л҃г
самѱеи|сампсеі
и|і
кекелисии:—|кекелісіі
л҃д|л҃д
теѡдотиани:—|теодотіані
л҃е|л҃е
мелхисѣдикиани:—|мелхісѣдікіані
л҃ꙅ|л҃з
вардисиани:—|вардісіані
л҃ꙁ|л҃з
нотиаани:—|нотіаані
л҃и|л҃і
ѹалисии:—|оуалісіі
л҃ѳ|л҃ѳ
катари|катарі
съ|съ
мананато:—|мананато
м҃|м҃
ангелици:—|ангеліці
м҃а|м҃а
апостолици|апостоліці
иже|іже
и|і
апотакти:—|апотакті
м҃в|м҃в
савеллиани:—|савелліані
м҃г|м҃г
оригени|орігені
иже|іже
и|і
асхопии:~—|асхопіі
м҃д|м҃д
оригениани|орігеніані
иже|іже
и|і
адамнати:—|адамнаті
м҃е|м҃е
павла|павла
самѹсатеа:—|самоусатеа
м҃ꙅ|м҃з
манихеи:—|маніхеі
м҃ꙁ|м҃з
иѥракити:—|іеракіті
м҃и|м҃і
мелитиани:—|мелітіані
м҃ѳ|м҃ѳ
ариани|аріані
иже|іже
и|і
ариоманити:—|аріоманіті
н҃|н҃
авдиани:—|авдіані
н҃а|н҃а
фотиани:—|фотіані
н҃в|н҃в
маркелиани:—|маркеліані
н҃г|н҃г
имиарии:—|іміаріі
н҃д|н҃д
пнеуматомахи:—|пнеуматомахі
н҃е|н҃е
аѥриани:—|аеріані
н҃ꙅ|н҃з
аѥтеани|аетеані
иже|іже
и|і
аномими|аномімі
и|і
внемиани|внеміані
сев͗ноꙁиани:—|севнозіані
н҃ꙁ|н҃з
димирити|діміріті
иже|іже
и|і
аполинаритеи:—|аполінарітеі
н҃и|н҃і
антидикомариамити|антідікомаріаміті
иже|іже
въ|въ
имѧ|імѧ
тоꙗжде|тоꙗжде
мариꙗ|маріꙗ
коллурида|коллуріда
творѧще:|творѧще
н҇ⷴ|нѳ
месалиани|месаліані
иже|іже
и|і
ѥухити:—|еухіті
До|до
сьде|сьде
ст҃ъи|ст҃ъі
ѥпифанъ|епіфанъ
иꙁложи•|ізложі
потомь|потомь
бꙑшѧ|бъішѧ
ѥѡагрь|еоагрь
и|і
дидѹмосъ|дідоумосъ
ѡр͗ге•|орге
нб҃снаа|нб҃снаа
мѫдрѹѭще•|мѫдроуѭще
прѣждебꙑтьѥ|прѣждебъітье
и|і
ѹстроѥниѥ•|оустроеніе
ѳеѡдоръ|ѳеодоръ
момѱомскъи•|момпсомскъі
и|і
диѡдоръ|діодоръ
и|і
нестории•|несторіі
ѥдиномѫдрьѥ•|едіномѫдрье
дъва|дъва
с҃на|с҃на
гл҃ѫть•|гл҃ѫть
сихъ|сіхъ
пристаѥть|прістаеть
марисъ|марісъ
персисскъи•|персісскъі
и|і
гл҃емаа|гл҃емаа
иава|іава
ѥпистоли•|епістолі
по|по
сихъ|сіхъ
ѥв͗тѹхъ•|евтоухъ
приꙁрачьѥ|прізрачье
и|і
мнѣниѥ|мнѣніе
и|і
съгрѣжениѥ|съгрѣженіе
мѫдрѹꙗ•|мѫдроуꙗ
ѥмѹже|емоуже
мѫдрѹѥ•|мѫдроуе
диоскоръ•|діоскоръ
теѡдосъ•|теодосъ
гаианъ•|гаіанъ
тимотеи•|тімотеі
еллурьскъи•|еллурьскъі
петръ•|петръ
иже|іже
распѧтьѥ|распѧтье
на|на
трист҃оѥ|тріст҃ое
примꙑшль•|прімъішль
петръ|петръ
гѫгнивъи•|гѫгнівъі
сеуиръ|сеуіръ
беꙁглавнъи•|безглавнъі
сотирихъ|сотіріхъ
кесариꙗ•|кесаріꙗ
кападѹкиискꙑꙗ•|кападоукііскъіꙗ
филокъсенꙑ|філокъсенъі
ѥрапольскъи•|ерапольскъі
амфилохъ|амфілохъ
писидиискꙑи•|пісідііскъіі
иꙗковъ|іꙗковъ
суринъ•|сурінъ
и|і
иѭлиꙗнъ•|іѭліꙗнъ
и|і
иже|іже
ихъ|іхъ
таковъжде:—|таковъжде
Се|се
ти|ті
посълахъ|посълахъ
честьнъи|честьнъі
о҃че|о҃че
евстате•|евстате
кажѧ|кажѧ
ꙗко|ꙗко
кааждо|кааждо
ѥресь|ересь
въ|въ
имѧ|імѧ
ѥтера|етера
чл҃ка|чл҃ка
именѹѥма•|іменоуема
отъстѹплениѥ|отъстоупленіе
отъ|отъ
х҃а•|х҃а
ѹчить•|оучіть
не|не
рабѧть|рабѧть
бо|бо
нарицѧти|наріцѧті
сѧ|сѧ
крьстиꙗни•|крьстіꙗні
нъ|нъ
несориани•|несоріані
и|і
сеѹриани•|сеоуріані
и|і
иꙗковити•|іꙗковіті
или|ілі
инѣмь|інѣмь
именемь|іменемь
прѣждеѱанꙑхъ•|прѣждепсанъіхъ
нъ|нъ
иꙁбредѣмъ|ізбредѣмъ
ѭже|ѭже
иꙁ|із
бѹрна|боурна
влънениꙗ•|влъненіꙗ
и|і
нечистъихъ|нечістъіхъ
д҃хъ•|д҃хъ
глѹбинꙑ|глоубінъі
и|і
ѥресии•|ересіі
въ|въ
тихоѥ|тіхое
пристанище|прістаніще
црс҃тва|црс҃тва
нбс҃наго•|нбс҃наго
и|і
въсприимѣмъ|въспріімѣмъ
слово|слово
дꙑханиѥ|дъіханіе
ст҃ааго|ст҃ааго
дх҃а•|дх҃а
идеже|ідеже
оставихомъ•|оставіхомъ
гл҃ахомъ|гл҃ахомъ
бо•|бо
ꙗко|ꙗко
многа|многа
подвига|подвіга
и|і
трѹда|троуда
трѣбѹѥмъ•|трѣбоуемъ
да|да
доидемъ|доідемъ
црс҃тва|црс҃тва
нбс҃наго•|нбс҃наго
не|не
о|о
врѣмен͗нѣмь|врѣменнѣмь
бо•|бо
и|і
прѣставлѧѥмѣмь|прѣставлѧемѣмь
намъ|намъ
ѥсть|есть
слово•|слово
нъ|нъ
о|о
вѣчнѣмь|вѣчнѣмь
житии|жітіі
подвигъ•|подвігъ
и|і
црс҃твѣ|црс҃твѣ
непрѣмѣннѣ•|непрѣмѣннѣ
не|не
рече|рече
бо|бо
данилъ•|данілъ
видѣхъ|відѣхъ
и|і
рогъ|рогъ
тъ•|тъ
творѧше|творѧше
брань|брань
с҃тыми•|с҃тъімі
и|і
въꙁможе|възможе
противѹ|протівоу
имъ•|імъ
дон͗деже|дондеже
приде|пріде
ветъхъи|ветъхъі
дьньми•|дьньмі
и|і
сѫдъ|сѫдъ
да|да
с҃тꙑмъ|с҃тъімъ
вꙑшнѧго•|въішнѧго
и|і
врѣмѧ|врѣмѧ
приспѣ•|пріспѣ
и|і
црс҃тво|црс҃тво
ѹдрьжашѧ|оудрьжашѧ
ст҃ии•|ст҃іі
и|і
црс҃тво|црс҃тво
и|і
власть|власть
и|і
величьство•|велічьство
ц҃рь|ц҃рь
подъ|подъ
всѣмь|всѣмь
нб҃омь•|нб҃омь
дано|дано
бꙑсть|бъість
ст҃ꙑмь|ст҃ъімь
вꙑшнѧго•|въішнѧго
и|і
иѡанъ•|іоанъ
се|се
ѥсть|есть
обѣщаниѥ|обѣщаніе
ѥже|еже
обѣща|обѣща
намъ|намъ
жиꙁнь|жізнь
вѣчьнѹѭ•|вѣчьноуѭ
и|і
павлъ•|павлъ
наше|наше
бо|бо
житьѥ|жітье
на|на
нб҃схъ|нб҃схъ
ѥсть•|есть
отънѫдѹже|отънѫдоуже
и|і
сп҃са|сп҃са
жидемъ•|жідемъ
г҃а|г҃а
нашего|нашего
и҃у|і҃у
х҃а•|х҃а
иже|іже
прѣобраꙁить|прѣобразіть
тѣло|тѣло
съмѣрениꙗ|съмѣреніꙗ
нашего•|нашего
сьобраꙁно|сьобразно
тѣло|тѣло
славꙑ|славъі
ѥго•|его
и|і
пакꙑ•|пакъі
иже|іже
иꙁбави|ізбаві
нꙑ•|нъі
отъ|отъ
власти|власті
тьмнꙑꙗ•|тьмнъіꙗ
и|і
прѣстави|прѣставі
въ|въ
црс҃тво•|црс҃тво
сн҃а|сн҃а
любъве|любъве
ѥго•|его
тѣмьже|тѣмьже
црс҃тво|црс҃тво
недвижимо|недвіжімо
приѥмлюще•|пріемлюще
имамь|імамь
благодѣть•|благодѣть
ѥѭже|еѭже
ѹслѹжимъ|оуслоужімъ
ѹгодно|оугодно
б҃ѹ•|б҃оу
вѣмь|вѣмь
бо|бо
ꙗко|ꙗко
аще|аще
ꙁемльнаа|земльнаа
нашѧ|нашѧ
храмина|храміна
тѣлесьнаа|тѣлесьнаа
раꙁорить|разоріть
сѧ•|сѧ
съꙁданиѥ|създаніе
отъ|отъ
б҃а|б҃а
имамъ•|імамъ
храминѫ|храмінѫ
нерѫкотоворенѹ|нерѫкотовореноу
вѣчнѹ|вѣчноу
на|на
нб҃схъ•|нб҃схъ
и|і
петръ•|петръ
тако|тако
богатнѣ|богатнѣ
подасть|подасть
сѧ|сѧ
намъ•|намъ
въходъ|въходъ
въ|въ
вѣчьноѥ|вѣчьное
црс҃тво|црс҃тво
г҃а|г҃а
нашего|нашего
и҃у|і҃у
х҃а•|х҃а
г҃ь|г҃ь
же|же
нашь|нашь
и|і
сп҃съ•|сп҃съ
цр҃ство|цр҃ство
нб҃сноѥ|нб҃сное
рече|рече
нѹдить|ноудіть
сѧ•|сѧ
и|і
нѹждьници|ноуждьніці
въсхꙑщаѭть|въсхъіщаѭть
ѥ•|е
и|і
цр҃ьство|цр҃ьство
н҃бсноѥ|н҃бсное
въ|въ
васъ|васъ
ѥсть•|есть
и|і
пакꙑ•|пакъі
блажени|блажені
нищии|ніщіі
дх҃омь•|дх҃омь
и|і
иꙁгьнании|ізгьнаніі
правьдꙑ|правьдъі
ради•|раді
ꙗко|ꙗко
тѣхъ|тѣхъ
ѥсть|есть
цр҃ство|цр҃ство
нб҃сноѥ•|нб҃сное
и|і
придѣте|прідѣте
бл҃гнии|бл҃гніі
оц҃а|оц҃а
моѥго•|моего
наслѣдѹите|наслѣдоуіте
ѹготованоѥ|оуготованое
вамъ|вамъ
црс҃тво•|црс҃тво
посълеть|посълеть
бо|бо
сн҃ъ|сн҃ъ
чл҃чь|чл҃чь
анг҃лꙑ|анг҃лъі
своꙗ•|своꙗ
и|і
събереть|събереть
отъ|отъ
црс҃тва|црс҃тва
своѥго|своего
всѧ|всѧ
съблаꙁнꙑ•|съблазнъі
и|і
творѧщѧꙗ|творѧщѧꙗ
беꙁаконньѥ•|безаконнье
и|і
въврьжеть|въврьжеть
ꙗ|ꙗ
въ|въ
пещь|пещь
огньнѫ•|огньнѫ
тъгда|тъгда
праведьнии•|праведьніі
просвьтѧть|просвьтѧть
сѧ|сѧ
ꙗко|ꙗко
сл҃нце|сл҃нце
въ|въ
црс҃твѣ|црс҃твѣ
оц҃ѧ|оц҃ѧ
ихъ•|іхъ
ꙗко|ꙗко
того|того
ѥсть|есть
црс҃тво|црс҃тво
и|і
слава|слава
оц҃ѧ|оц҃ѧ
и|і
сн҃а|сн҃а
и|і
ст҃го|ст҃го
дх҃а|дх҃а
всегда|всегда
нꙑнѧ|нъінѧ
и|і
присно|прісно
и|і
в͗|в
вѣ҇ⷦ|вѣк
АМИН|амін
МОЛИТВА|молітва
Ꙍ|о
ИСПОВѢДАНИИ|ісповѣданіі
Г҃и|г҃і
вседрьжителю|вседрьжітелю
великъи•|велікъі
хранꙗи|хранꙗі
ꙁавѣтъ|завѣтъ
твои•|твоі
и|і
милость|мілость
своѭ|своѭ
любѧщиимъ|любѧщіімъ
тѧ•|тѧ
и|і
хранꙗщиимъ|хранꙗщіімъ
ꙁаповѣди|заповѣді
твоꙗ•|твоꙗ
и|і
милости|мілості
твоꙗ|твоꙗ
ѩко|ѧко
отъ|отъ
вѣка|вѣка
сѫть•|сѫть
и|і
не|не
ꙁабѫди|забѫді
ꙁавѣта|завѣта
твоѥго|твоего
г҃лѧ•|г҃лѧ
аще|аще
ꙁаповѣдьи|заповѣдьі
моихъ|моіхъ
не|не
съхраните•|съхраніте
посѣщѫ|посѣщѫ
жьꙁломь|жьзломь
беꙁаконьнии|безаконьніі
вашихъ•|вашіхъ
и|і
ранами|ранамі
неправьдъ|неправьдъ
вашихъ•|вашіхъ
милости|мілості
же|же
моѥѧ|моеѧ
не|не
раꙁорѫ|разорѫ
отъ|отъ
васъ•|васъ
и|і
исходѧщиихъ|ісходѧщііхъ
ѹстьнама|оустьнама
моима|моіма
не|не
отъврьгѫ|отъврьгѫ
сѧ•|сѧ
да|да
ѹвѣрѧть|оувѣрѧть
сѧ|сѧ
словеса|словеса
твоꙗ|твоꙗ
вл҃ко|вл҃ко
благъи•|благъі
и|і
въꙁьми|възьмі
грѣхꙑ|грѣхъі
нашѧ|нашѧ
щедръи|щедръі
и|і
длъготрьпѣливъи•|длъготрьпѣлівъі
ꙗко|ꙗко
тебѣ|тебѣ
г҃ю|г҃ю
б҃ѹ|б҃оу
нашемѹ|нашемоу
прав͗да•|правда
намъ|намъ
же|же
стѹдъ|стоудъ
лице|ліце
покрꙑ•|покръі
ꙗко|ꙗко
и|і
дьньсь•|дьньсь
ꙁане|зане
съгрѣшихомъ|съгрѣшіхомъ
прѣдъ|прѣдъ
тобоѭ|тобоѭ
г҃и•|г҃і
и|і
не|не
послѹшахомъ|послоушахомъ
гласа|гласа
твоѥго•|твоего
ходити|ходіті
ꙁаподьми|заподьмі
твоими•|твоімі
ѩже|ѧже
дасть|дасть
прѣдъ|прѣдъ
лицемь|ліцемь
нашимь•|нашімь
нъ|нъ
отъврьгохомъ|отъврьгохомъ
сѧ|сѧ
тебе|тебе
г҃и|г҃і
бж҃е•|бж҃е
и|і
прильпошѧ|прільпошѧ
на|на
насъ|насъ
ꙁълаа|зълаа
великаа|велікаа
си•|сі
то|то
ни|ні
тако|тако
обратихомъ|обратіхомъ
сѧ|сѧ
съхранити|съхраніті
повелѣньи|повелѣньі
твоихъ•|твоіхъ
нъ|нъ
волимъ|волімъ
къждо|къждо
мꙑсльѭ|мъісльѭ
ср҃ца|ср҃ца
нашего|нашего
сътворити|сътворіті
ꙁълоѥ•|зълое
прѣдъ|прѣдъ
очима|очіма
твоима|твоіма
г҃и•|г҃і
и|і
се|се
ѹже|оуже
ст҃аа|ст҃аа
наша|наша
пѹста|поуста
бꙑшѧ•|бъішѧ
и|і
градъ|градъ
огньмь|огньмь
пожьженъ•|пожьженъ
и|і
людиѥ|людіе
плѣнени•|плѣнені
и|і
бꙑхомъ|бъіхомъ
въ|въ
поношениѥ|поношеніе
и|і
въ|въ
рѫгъ|рѫгъ
окръстьниимъ|окръстьніімъ
насъ•|насъ
и|і
бꙑхомъ|бъіхомъ
исподи|ісподі
а|а
не|не
врьхѹ•|врьхоу
ꙁане|зане
съгрѣшихомъ|съгрѣшіхомъ
тебѣ|тебѣ
г҃ю|г҃ю
б҃ѹ•|б҃оу
не|не
послѹшаѭще|послоушаѭще
гласа|гласа
твоѥго•|твоего
сего|сего
ради|раді
отъринѫ|отърінѫ
нꙑ•|нъі
и|і
раꙁори|разорі
нꙑ•|нъі
и|і
сътрѧсе|сътрѧсе
ꙁемлю|землю
и|і
съмѧте|съмѧте
нъ|нъ
ꙗко|ꙗко
длъготрьпѣливъ•|длъготрьпѣлівъ
и|і
многомл҃ствъ•|многомл҃ствъ
исцѣли|ісцѣлі
съкрѹшениѧ|съкроушеніѧ
ѥꙗ•|еꙗ
ꙗко|ꙗко
подвижа|подвіжа
сѧ|сѧ
ꙁѣло•|зѣло
людиѥ|людіе
твои|твоі
видѣшѧ|відѣшѧ
жестока•|жестока
идеже|ідеже
имѧ|імѧ
твоѥ|твое
новоѥ|новое
нарече|нарече
сѧ|сѧ
на|на
нихъ•|ніхъ
събꙑшѧ|събъішѧ
бо|бо
сѧ|сѧ
словеса|словеса
пр҃къ|пр҃къ
твоихъ|твоіхъ
на|на
насъ•|насъ
ꙗко|ꙗко
придѹ|прідоу
ꙗꙁꙑци|ꙗзъіці
въ|въ
достоꙗниѥ|достоꙗніе
твоѥ•|твое
и|і
оскврьнишѧ|оскврьнішѧ
црк҃вь|црк҃вь
ст҃ѹѭ|ст҃оуѭ
твоѭ•|твоѭ
въ|въ
неиже|неіже
строѥниꙗ|строеніꙗ
иночѧдаго|іночѧдаго
твоѥго|твоего
сн҃а•|сн҃а
съврьшева|съврьшева
сѧ|сѧ
таина•|таіна
и|і
въжьже|въжьже
сѧ|сѧ
огнемь|огнемь
свѣтилище|свѣтіліще
твоѥ•|твое
и|і
положишѧ|положішѧ
иим҃а|іім҃а
въ|въ
овощьноѥ|овощьное
стражище•|стражіще
и|і
трѹпьѥ|троупье
рабъ|рабъ
твоихъ•|твоіхъ
посрѣдѣ|посрѣдѣ
и|і
окрьсть|окрьсть
иим҃а•|іім҃а
и|і
погрѣбаѭща|погрѣбаѭща
не|не
бѣ•|бѣ
и|і
крѣпость|крѣпость
нашѫ|нашѫ
и|і
добротѹ•|добротоу
и|і
сп҃сениѥ|сп҃сеніе
наше|наше
крс҃тъ|крс҃тъ
х҃а|х҃а
твоѥго|твоего
прѣдасть|прѣдасть
сѫпостатомъ•|сѫпостатомъ
и|і
бꙑхомъ|бъіхомъ
поношениѥ|поношеніе
сѫсѣдомъ|сѫсѣдомъ
и|і
дальниимъ•|дальніімъ
подражаниѥ|подражаніе
же|же
и|і
порѫганиѥ|порѫганіе
в͗сѣмъ|всѣмъ
ꙗꙁꙑкомъ:|ꙗзъікомъ
ꙗко|ꙗко
отъврати|отъвраті
нꙑ|нъі
въспѧть|въспѧть
при|прі
враꙁѣхъ|вразѣхъ
нашихъ•|нашіхъ
и|і
ненавидѧщѧꙗ|ненавідѧщѧꙗ
нꙑ|нъі
раꙁграблѧхѹ|разграблѧхоу
себѣ•|себѣ
дасть|дасть
бо|бо
нꙑ|нъі
ꙗко|ꙗко
овьцѧ|овьцѧ
сънѣди•|сънѣді
и|і
въ|въ
ꙗꙁꙑцѣхъ|ꙗзъіцѣхъ
расѣꙗлъ|расѣꙗлъ
нꙑ|нъі
ѥси•|есі
ї|і
отъдасть|отъдасть
люди|люді
своꙗ|своꙗ
бе-цѣнꙑ•|бецѣнъі
и|і
не|не
бѣ|бѣ
множьства|множьства
въ|въ
въсклицѧниихъ|въскліцѧнііхъ
нашихъ•|нашіхъ
прѣдасть|прѣдасть
бо|бо
нꙑ|нъі
въ|въ
рѫцѣ|рѫцѣ
врагъ•|врагъ
беꙁакон͗нъ:|безаконнъ
цр҃ю|цр҃ю
люкавнѹ|люкавноу
паче|паче
в͗сеꙗ|всеꙗ
ꙁемлѧ•|землѧ
и|і
в͗сѣми|всѣмі
ранами|ранамі
сими|сімі
не|не
болѣхомъ•|болѣхомъ
ꙁанеже|занеже
прилежно|прілежно
вълежить|вълежіть
мꙑсль|мъісль
нашѧ•|нашѧ
на|на
ꙁъло|зъло
отъ|отъ
ѭности|ѭності
нашеꙗ•|нашеꙗ
иꙁлиха|ізліха
отърѣѥмъ|отърѣемъ
мѫжаѥмъ|мѫжаемъ
сѧ•|сѧ
истиноѭ|істіноѭ
правденъ|правденъ
ѥси|есі
г҃и|г҃і
о|о
всѣхъ|всѣхъ
ꙗже|ꙗже
сътвори|сътворі
намъ•|намъ
вѣмъ|вѣмъ
бо|бо
ꙗко|ꙗко
грѣси|грѣсі
наши|наші
противѫ|протівѫ
сташѧ|сташѧ
намъ•|намъ
ꙁане|зане
многа|многа
беꙁаконениꙗ|безаконеніꙗ
нашѧ|нашѧ
ꙁѣло|зѣло
прѣдъ|прѣдъ
тобоѭ|тобоѭ
г҃и•|г҃і
нъ|нъ
милованиѥ|мілованіе
твоѥ|твое
да|да
доидеть|доідеть
на|на
нꙑ|нъі
ꙗко|ꙗко
тꙑ|тъі
въ|въ
насъ|насъ
г҃и•|г҃і
и|і
имѧ|імѧ
твоѥ|твое
ст҃оѥ|ст҃ое
нарече|нарече
сѧ|сѧ
на|на
насъ:|насъ
ѹстави|оуставі
ѹбо|оубо
гнѣвъ|гнѣвъ
ꙗрости|ꙗрості
своѥꙗ•|своеꙗ
и|і
не|не
посрами|посрамі
насъ|насъ
до|до
коньцꙗ•|коньца
не|не
помѧни|помѧні
нашихъ|нашіхъ
беꙁаконении•|безаконеніі
давьнꙑхъ•|давьнъіхъ
нꙑнѣшьниихъ•|нъінѣшьнііхъ
ни|ні
недостоинъ|недостоінъ
сѫди|сѫді
створи|створі
щедротъ•|щедротъ
нъ|нъ
помѧни|помѧні
ꙗко|ꙗко
драгоѭ|драгоѭ
кръвьѭ|кръвьѭ
искѹпилъ|іскоупілъ
нꙑ|нъі
ѥси•|есі
съгрѣшихомъ|съгрѣшіхомъ
оцѣсти|оцѣсті
г҃и•|г҃і
беꙁаконьновахомъ|безаконьновахомъ
совъмѣсти|совъмѣсті
вл҃ко•|вл҃ко
раꙁгнѣвахомъ|разгнѣвахомъ
ѹтоли|оутолі
сѧ|сѧ
ст҃е•|ст҃е
и|і
просвѣти|просвѣті
г҃и|г҃і
лице|ліце
твоѥ•|твое
на|на
сѫщиихъ|сѫщііхъ
въ|въ
плѣнѣ|плѣнѣ
рабъ|рабъ
твоїхъ•|твоіхъ
и|і
ꙗже|ꙗже
отъ|отъ
тебе|тебе
помощъ|помощъ
посъли|посълі
сильне•|сільне
и|і
иꙁьми|ізьмі
люди|люді
твоꙗ|твоꙗ
отъ|отъ
всеꙗ|всеꙗ
страсти•|страсті
и|і
іꙁбави|ізбаві
отъ|отъ
в͗сего|всего
беꙁаконениꙗ•|безаконеніꙗ
иꙁ-д-рѹкꙑ|іздроукъі
ꙁаконопрѣстѫпнꙑхъ•|законопрѣстѫпнъіхъ
и|і
раꙁори|разорі
вл҃ко|вл҃ко
в͗сѧ|всѧ
бѣдꙑ|бѣдъі
ꙁа|за
мл҃дьѥ|мл҃дье
твоѥ•|твое
а|а
не|не
до|до
коньцѧ|коньцѧ
прѣдаждь|прѣдаждь
достоꙗниꙗ|достоꙗніꙗ
своѥго•|своего
въ|въ
погꙑбѣль|погъібѣль
беꙁаненьи|безаненьі
ради|раді
нашихъ•|нашіхъ
нъ|нъ
ѩдро|ѧдро
да|да
пробавѧть|пробавѧть
нꙑ•|нъі
милости|мілості
твоꙗ|твоꙗ
г҃и|г҃і
б҃же|б҃же
нашь•|нашь
ꙗко|ꙗко
милости|мілості
твоꙗ|твоꙗ
отъ|отъ
вѣка|вѣка
на|на
тврьди|тврьді
твоѥи•|твоеі
и|і
тꙑ|тъі
прибѣжище|прібѣжіще
в͗сѣмъ|всѣмъ
намъ|намъ
бꙑсть•|бъість
спс҃ниѥ|спс҃ніе
ѹпъваѭщиимъ|оупъваѭщіімъ
на|на
тѧ•|тѧ
бѫди|бѫді
намъ|намъ
г҃и|г҃і
стлъпъ|стлъпъ
крѣпости•|крѣпості
отъ|отъ
лицꙗ|ліца
врагъ|врагъ
нашихъ•|нашіхъ
и|і
не|не
ослаби|ослабі
погꙑбнѫти|погъібнѫті
въ|въ
рѫкахъ|рѫкахъ
ненавидѧщиихъ|ненавідѧщііхъ
тебе•|тебе
дш҃амъ|дш҃амъ
исповѣдаѭщиихъ|ісповѣдаѭщііхъ
ти|ті
сѧ•|сѧ
не|не
приими|пріімі
вл҃ко|вл҃ко
бечьствованиѭ|бечьствованіѭ
твоѥмѹ•|твоемоу
отъ|отъ
ꙗꙁꙑка|ꙗзъіка
бестѹд͗на•|бестоудна
нъ|нъ
приклони|пріклоні
г҃и|г҃і
ѹхо|оухо
твоѥ|твое
и|і
ѹслꙑши•|оуслъіші
и|і
приꙁьри|прізьрі
с|с
нб҃се|нб҃се
ст҃аго|ст҃аго
твоѥго•|твоего
на|на
просмраждениѥ|просмражденіе
наше•|наше
и|і
града|града
твоѥго|твоего
їи҃ма•|іі҃ма
на|на
немьже|немьже
нарече|нарече
сѧ|сѧ
имꙗ|імꙗ
твоѥ|твое
на|на
немь•|немь
и|і
на|на
црк҃вь|црк҃вь
твоѭ|твоѭ
ѭже|ѭже
съꙁьда|съзьда
гл҃ѧ•|гл҃ѧ
врата|врата
адова|адова
не|не
ѹдоблѧѭ|оудоблѧѭ
еи•|еі
ѹслꙑши|оуслъіші
г҃и|г҃і
молитвѹ|молітвоу
рабъ|рабъ
твоихъ•|твоіхъ
и|і
молениꙗ|моленіꙗ
нашѧ|нашѧ
вънѹши•|въноуші
и|і
просвѣти|просвѣті
лице|ліце
твоѥ|твое
на|на
с҃тьбѫ|с҃тьбѫ
твоѭ•|твоѭ
ꙗко|ꙗко
не|не
на|на
правдꙑ|правдъі
нашѧ|нашѧ
ѹпъваѭще|оупъваѭще
приносимъ|пріносімъ
ти|ті
молениѥ•|моленіе
присно|прісно
бо|бо
раꙁдражаѥмъ|раздражаемъ
тѧ•|тѧ
нъ|нъ
на|на
щедротꙑ|щедротъі
твоꙗ|твоꙗ
многꙑꙗ•|многъіꙗ
г҃и|г҃і
ѹслꙑши•|оуслъіші
г҃и|г҃і
въньми•|въньмі
пощѧди|пощѧді
люди|люді
своꙗ|своꙗ
вл҃ко•|вл҃ко
и|і
не|не
даждь|даждь
достоꙗниꙗ|достоꙗніꙗ
своѥго|своего
въ|въ
поношениѥ•|поношеніе
области|області
имъ|імъ
ꙗꙁꙑкомъ•|ꙗзъікомъ
ꙗко|ꙗко
да|да
не|не
рекѫть|рекѫть
къде|къде
ѥсть|есть
б҃ъ|б҃ъ
ихъ•|іхъ
ни|ні
же|же
ꙁа|за
беꙁаконениꙗ|безаконеніꙗ
наша|наша
хѹлимо|хоулімо
бѫди|бѫді
имѧ|імѧ
твоѥ•|твое
въ|въ
ꙗꙁꙑцѣхъ|ꙗзъіцѣхъ
не|не
вѣдѫщихъ|вѣдѫщіхъ
тебе•|тебе
тебѣ|тебѣ
бо|бо
г҃ю|г҃ю
б҃ѹ|б҃оу
нашемѹ|нашемоу
правда•|правда
намъ|намъ
же|же
стѹдъ|стоудъ
лиць|ліць
до|до
нꙑнѣ•|нъінѣ
ꙗко|ꙗко
до|до
сихъ|сіхъ
не|не
постꙑдѣхомъ|постъідѣхомъ
сѧ•|сѧ
имьже|імьже
жестовꙑи|жестовъіі
ѥсмь•|есмь
аще|аще
прѣмѣнить|прѣмѣніть
муринъ|мурінъ
кожѫ•|кожѫ
то|то
и|і
мꙑ|мъі
ꙁълѹѭ|зълоуѭ
волю|волю
нашѫ•|нашѫ
ꙗко|ꙗко
всѧ|всѧ
ꙁълаа|зълаа
си|сі
придошѧ|прідошѧ
на|на
нꙑ•|нъі
и|і
не|не
посрамихомъ|посраміхомъ
сѧ|сѧ
покаати|покааті
сѧ•|сѧ
нъ|нъ
и|і
прижихомъ|пріжіхомъ
грѣхъи|грѣхъі
на|на
грѣхꙑ|грѣхъі
нашѧ•|нашѧ
ни|ні
помолихомъ|помоліхомъ
сѧ|сѧ
лицѫ|ліцѫ
твоѥмѹ|твоемоу
г҃и•|г҃і
отъстѹпити|отъстоупіті
раꙁмꙑшлении•|размъішленіі
срьдьцѧ|срьдьцѧ
нашего|нашего
ꙁълаго•|зълаго
и|і
побъдѣ|побъдѣ
г҃и|г҃і
о|о
ꙁълехъ|зълехъ
нашихъ•|нашіхъ
и|і
наведе|наведе
на|на
нꙑ|нъі
жъꙁлъ|жъзлъ
ꙗрости|ꙗрості
твоѥꙗ•|твоеꙗ
ꙗко|ꙗко
прав͗денъ|правденъ
ѥси|есі
г҃и|г҃і
при|прі
в͗семь•|всемь
ꙁане|зане
не|не
послѹшꙗхомъ|послоушахомъ
гласа|гласа
твоѥго•|твоего
ходити|ходіті
въ|въ
ꙁаповѣдьхъ|заповѣдьхъ
твоихъ•|твоіхъ
нъ|нъ
нꙑнѣ|нъінѣ
г҃и|г҃і
б҃же|б҃же
нашь•|нашь
ꙗкоже|ꙗкоже
иꙁбави|ізбаві
нꙑ|нъі
льсти|льсті
идольскꙑꙗ|ідольскъіꙗ
ꙁнамении•|знаменіі
и|і
чѫдесеи•|чѫдесеі
и|і
створи|створі
себѣ|себѣ
имѧ|імѧ
до|до
нꙑнѣ•|нъінѣ
прѣстани|прѣстані
г҃и|г҃і
ꙗко|ꙗко
оста|оста
насъ|насъ
мало|мало
на|на
ꙁемли•|землі
и|і
бꙑхомъ|бъіхомъ
ꙗко|ꙗко
нечисти|нечісті
вси|всі
мꙑ•|мъі
ꙗкоже|ꙗкоже
бо|бо
прьсть|прьсть
ѹсѣдѧщѧꙗ|оусѣдѧщѧꙗ
прав͗да|правда
наша•|наша
и|і
отъпадохомъ|отъпадохомъ
ꙗко|ꙗко
листвьѥ•|ліствье
беꙁаконении|безаконеніі
ради|раді
нашихъ•|нашіхъ
нѣсть|нѣсть
бо|бо
приꙁꙑваѭщаго|прізъіваѭщаго
имени|імені
твоѥго•|твоего
и|і
правьдьнѣ|правьдьнѣ
отъврати|отъвраті
лице|ліце
своѥ|свое
отъ|отъ
насъ•|насъ
и|і
прѣдасть|прѣдасть
нꙑ|нъі
ꙁа|за
грѣхꙑ|грѣхъі
наш•|наш
и|і
нꙑнѣ|нъінѣ
г҃и|г҃і
оц҃ь|оц҃ь
нашихъ•|нашіхъ
тꙑ|тъі
ѥси•|есі
мꙑ|мъі
же|же
брьньѥ|брьнье
дѣла|дѣла
рѫкѹ|рѫкоу
твоѥѭ|твоеѭ
в͗си•|всі
ни|ні
гнѣваи|гнѣваі
сѧ|сѧ
на|на
нꙑ|нъі
ꙁѣло•|зѣло
и|і
не|не
помѧни|помѧні
въ|въ
врѣмѧ|врѣмѧ
грѣхъ|грѣхъ
нашихъ•|нашіхъ
нъ|нъ
приꙁьри|прізьрі
г҃и|г҃і
ꙗко|ꙗко
людьѥ|людье
твои|твоі
вси|всі
мꙑ|мъі
ѥсмъ•|есмъ
градъ|градъ
ст҃аго|ст҃аго
твоѥго|твоего
бꙑ҇ⷭ|бъіс
пѹстъ•|поустъ
и|і
слава|слава
сиѡнѧ•|сіонѧ
бꙑсть|бъість
огнемь|огнемь
пожьжена•|пожьжена
и|і
в͗сѧ|всѧ
славьнаа|славьнаа
наша|наша
съпадошѧ•|съпадошѧ
и|і
о|о
всѣхъ|всѣхъ
сихъ•|сіхъ
въсхотѣ|въсхотѣ
г҃и|г҃і
и|і
обниꙁи|обнізі
нꙑ|нъі
ꙁѣло•|зѣло
ꙁане|зане
не|не
ходихомъ|ходіхомъ
пѹтемь|поутемь
благомь•|благомь
нъ|нъ
въ|въ
слѣдъ|слѣдъ
грѣхъ|грѣхъ
нашихъ•|нашіхъ
нъ|нъ
пощѧди|пощѧді
г҃и|г҃і
люди|люді
своꙗ•|своꙗ
и|і
достоꙗниѥ|достоꙗніе
своѥ•|свое
и|і
иꙁьми|ізьмі
нꙑ|нъі
иꙁ-д-рѫкꙑ|іздрѫкъі
врагъ|врагъ
нашихъ•|нашіхъ
имени|імені
твоѥго|твоего
ради:|раді
да|да
раꙁѫмѣѥть|разѫмѣеть
в͗сѧ|всѧ
тварь•|тварь
ꙗко|ꙗко
тꙑ|тъі
ѥси|есі
г҃ь|г҃ь
б҃ъ|б҃ъ
нашъ•|нашъ
сильнъ|сільнъ
въ|въ
брани•|брані
и|і
щедротꙑ|щедротъі
твоꙗ|твоꙗ
въ|въ
родъ|родъ
и|і
родъ|родъ
прѣбꙑваѥтъ|прѣбъіваетъ
на|на
людьхъ|людьхъ
неочаалѣхъ•|неочаалѣхъ
нъ|нъ
что|что
помолимъ|помолімъ
сѧ|сѧ
мꙑ|мъі
грѣшьнии•|грѣшьніі
ѡ|о
вл҃ко|вл҃ко
члк҃лбьче•|члк҃лбьче
ꙗкоже|ꙗкоже
подобаѥть|подобаеть
не|не
вѣмъ•|вѣмъ
ѹтѣшника|оутѣшніка
же|же
имѹще|імоуще
ꙁаконꙑ|законъі
къ|къ
твоѥи|твоеі
благости•|благості
прѣчистоѥ|прѣчістое
твоѥ|твое
слово|слово
ѥже|еже
ꙁа|за
ѭтробѹ|ѭтробоу
милости|мілості
твоѥꙗ|твоеꙗ
посъла•|посъла
въ|въ
ꙁавѣтъ|завѣтъ
своѥго|своего
съꙁьданиꙗ•|съзьданіꙗ
въплъщьше|въплъщьше
сѧ|сѧ
и|і
распѧтоѥ•|распѧтое
то|то
оцѣщь|оцѣщь
наше|наше
рѫкоѱаниѥ:|рѫкопсаніе
оцѣщениѥ|оцѣщеніе
намъ|намъ
бꙑсть|бъість
грѣхъ|грѣхъ
нашихъ•|нашіхъ
и|і
дх҃ъ|дх҃ъ
же|же
твои|твоі
прс҃тъи•|прс҃тъі
и|і
тъ|тъ
приповѣдаѥть|пріповѣдаеть
о|о
насъ•|насъ
не|не
рабьскы•|рабьскъі
нъ|нъ
бг҃олѣпьно•|бг҃олѣпьно
и|і
члк҃лбнѣ|члк҃лбнѣ
милѹи|мілоуі
своѥ|свое
творениѥ•|твореніе
помѧни|помѧні
ѡ|о
вл҃ко|вл҃ко
толикѹѭ|толікоуѭ
своѭ|своѭ
о|о
насъ|насъ
благостꙑнѫ•|благостъінѫ
и|і
распѧтиѥ|распѧтіе
иночадаго|іночадаго
сн҃а|сн҃а
твоѥго•|твоего
и|і
съпѹсти|съпоусті
намъ|намъ
щедротꙑ|щедротъі
твоꙗ•|твоꙗ
и|і
благодѣть|благодѣть
и|і
даръ|даръ
ст҃го|ст҃го
твоѥго|твоего
д҃ха•|д҃ха
да|да
бл҃гꙑмь|бл҃гъімь
ѥго|его
пришьствиѥмь|прішьствіемь
наставить|наставіть
нꙑ•|нъі
ѹгодьнаа|оугодьнаа
тебѣ|тебѣ
даати•|дааті
и|і
ѹлѹчити|оулоучіті
вѣчнѹѭ|вѣчноуѭ
жиꙁнь•|жізнь
мꙑ|мъі
же|же
недостоинии|недостоініі
вл҃ко•|вл҃ко
пъваѭще|пъваѭще
просимъ•|просімъ
рекъшѧго|рекъшѧго
ради|раді
прч҃таго|прч҃таго
сн҃а•|сн҃а
и|і
слова|слова
твоѥго|твоего
оч҃а•|оч҃а
г҃а|г҃а
нашего|нашего
і҃у|і҃у
х҃а•|х҃а
просите|просіте
и|і
дасть|дасть
сѧ|сѧ
вамъ•|вамъ
ищѣте|іщѣте
и|і
обрѧщете•|обрѧщете
тръцѣте|тръцѣте
и|і
отъврьꙁѫть|отъврьзѫть
сѧ|сѧ
вамъ•|вамъ
всь|всь
бо|бо
просѧи|просѧі
приѥмлеть•|пріемлеть
и|і
ищѧи|іщѧі
обрѧщеть•|обрѧщеть
и|і
тлъкѹщѹмѹ|тлъкоущоумоу
отвръꙁѹть|отвръзоуть
сѧ•|сѧ
и|і
пакꙑ•|пакъі
аще|аще
ѹбо|оубо
вꙑ|въі
ꙁъли|зълі
сѫще•|сѫще
ѹмѣѥте|оумѣете
дааниꙗ|дааніꙗ
благаа|благаа
даати|дааті
чадомъ|чадомъ
вашимъ•|вашімъ
кольми|кольмі
паче|паче
оц҃ь|оц҃ь
вашь|вашь
нбс҃нꙑи•|нбс҃нъіі
дасть|дасть
дх҃ъ|дх҃ъ
ст҃ъ|ст҃ъ
просѧщиимъ|просѧщіімъ
ѹ|оу
него•|него
ꙗко|ꙗко
тебѣ|тебѣ
подобаѥть|подобаеть
всѧка|всѧка
слава|слава
чьсть|чьсть
и|і
покланѧниѥ|покланѧніе
оц҃ѫ|оц҃ѫ
и|і
сн҃ѹ|сн҃оу
и|і
ст҃мѹ|ст҃моу
д҃хѹ|д҃хоу
нынѧ|нъінѧ
и|і
присно|прісно
и|і
въ|въ
вѣкы|вѣкъі
вѣкомъ|вѣкомъ
АМИН|амін
АНЪТИꙌХА|анътіоха
ѤДИНАКА|едінака
ЛАВРꙐ|лавръі
ОЦ҃Ь|оц҃ь
САВꙐ•⁘|савъі
къ|къ
ѥвстатѹ|евстатоу
игѹменѹ|ігоуменоу
манастꙑрѧ|манастъірѧ
атталинꙑ•|атталінъі
града|града
анкурꙑ|анкуръі
галатиискꙑꙗ•⁘|галатііскъіꙗ
гла|гла
҇ⷡ|в
р҃л•|р҃л
и|і
молитва⁘|молітва
исповѣданиѭ|ісповѣданіѭ
Длъгъ|длъгъ
вашь|вашь
коньчавъ|коньчавъ
честьнъи|честьнъі
оч҃е|оч҃е
ѥвстате•|евстате
пандекта|пандекта
бг҃одъхновенаго|бг҃одъхновенаго
ѱаниꙗ•|псаніꙗ
пѹстихъ|поустіхъ
вашемѹ|вашемоу
бг҃олюбьѭ•|бг҃олюбьѭ
съставивъ|съставівъ
въ|въ
р҃л|р҃л
главъ•|главъ
ѥгоже|егоже
приѥмлѧ|пріемлѧ
непрѣстаньнѣ|непрѣстаньнѣ
моли|молі
сѧ•|сѧ
къ|къ
чл҃колюбивѹмѹ|чл҃колюбівоумоу
б҃ѹ|б҃оу
ꙁа|за
моѥ|мое
окааниѥ:|окааніе
да|да
обрѧщѫ|обрѧщѫ
милость•|мілость
въ|въ
пришьствьѥ|прішьствье
благаго|благаго
и|і
чл҃колюбиваго|чл҃колюбіваго
б҃а:|б҃а
Сь|сь
ан͗тиохъ|антіохъ
родомь|родомь
галатинъ|галатінъ
бѣ•|бѣ
отъ|отъ
вси|всі
рекомъꙗ|рекомъꙗ
медосагꙑ•|медосагъі
сѫщѧ|сѫщѧ
въ|въ
странахъ|странахъ
тогожде|тогожде
града|града
анкурꙑ•|анкуръі
ꙗко|ꙗко
ѿ|от
ꙁнамении|знаменіі
двоѭ|двоѭ
десѧтѹ•|десѧтоу
желаниѥ|желаніе
же|же
имꙑ|імъі
мнишьскаго|мнішьскаго
жиꙗ•|жіꙗ
отърече|отърече
сѧ|сѧ
въ|въ
прѣждереченѣмь|прѣждереченѣмь
манастꙑри•|манастъірі
нарицѧѥмѣмь|наріцѧемѣмь
ат͗талилини•|атталіліні
и|і
по|по
малѣ|малѣ
лѣтъ•|лѣтъ
пакꙑ|пакъі
въниде|въніде
ѥмѹ|емоу
любꙑ|любъі
поклонити|поклоніті
сѧ•|сѧ
ст҃ꙑмъ|ст҃ъімъ
хв҃омъ|хв҃омъ
мѣстомъ•|мѣстомъ
и|і
жити|жіті
въ|въ
прилежѧщии|прілежѧщіі
пѹстꙑни•|поустъіні
и|і
пришъдъ|прішъдъ
въсели|въселі
сѧ|сѧ
въ|въ
лаврѣ|лаврѣ
оц҃ѧ|оц҃ѧ
савꙑ•|савъі
раꙁлежѧщии|разлежѧщіі
на|на
полѹдие|полоудіе
ст҃аго|ст҃аго
града|града
ииѥрѹсалима•|ііероусаліма
ꙗко|ꙗко
стадии|стадіі
п҃•|п҃
и|і
прѣбꙑсть|прѣбъість
в͗|в
немь|немь
о|о
х҃ѣ|х҃ѣ
вьсе|вьсе
лѣто|лѣто
живота|жівота
своѥго•|своего
