torot_word|deep_cleaned
въ|въ
тъж҇|тъж
дн҃ъ|дн҃ъ
съказаниѥ|съказаніе
и|і
страсть|страсть
и|і
похвала|похвала
ст҃ою|ст҃ою
мч҃никѹ|мч҃нікоу
бориса|боріса
и|і
глѣба|глѣба
г҃и|г҃і
блгc҇ви|блгсві
оч҃е|оч҃е
Родъ|родъ
правꙑихъ|правъііхъ
бл҃гословить|бл҃гословіть
сѧ|сѧ
рече|рече
про҇ркъ|проркъ
и|і
сѣмѧ|сѣмѧ
ихъ|іхъ
въ|въ
благословлении|благословленіі
бѹдеть|боудеть
сице|сіце
ѹбо|оубо
бꙑсть|бъість
малъмь|малъмь
преже|преже
сихъ|сіхъ
сѹщю|соущоу
самодрьжьцю|самодрьжьцоу
вьсеи|вьсеі
рѹсьскѣи|роусьскѣі
земли|землі
володимиру|володіміру
сн҃ѹ|сн҃оу
свѧтославлю|свѧтославлю
вънѹкѹ|въноукоу
же|же
игоревѹ|ігоревоу
иже|іже
и|і
ст҃ꙑимь|ст҃ъіімь
кр҃щениѥмь|кр҃щеніемь
вьсю|вьсю
просвѣти|просвѣті
сию|сію
землю|землю
рѹсьскѹ|роусьскоу
прочаѧ|прочаѧ
же|же
ѥго|его
добродѣтели|добродѣтелі
инде|інде
съкажемъ|съкажемъ
нынѣ|нъінѣ
же|же
нѣсть|нѣсть
времꙗ|времꙗ
а|а
о|о
сихъ|сіхъ
по|по
рѧду|рѧду
сице|сіце
ѥсть|есть
сь|сь
ѹбо|оубо
володимиръ|володіміръ
имѣꙗше|імѣꙗше
сн҃овъ|сн҃овъ
в҃ꙇ|в҃і
не|не
отъ|отъ
ѥдиноꙗ|едіноꙗ
женꙑ|женъі
нъ|нъ
отъ|отъ
раснъ|раснъ
матеръ|матеръ
ихъ|іхъ
въ|въ
нихъ|ніхъ
же|же
бѧше|бѧше
старѣи|старѣі
вышеславъ|въішеславъ
а|а
по|по
немь|немь
изѧславъ|ізѧславъ
г҃|г҃
ст҃опълкъ|ст҃опълкъ
иже|іже
и|і
ѹбииство|оубііство
се|се
зълоѥ|зълое
изъобрѣтъ|ізъобрѣтъ
сего|сего
мт҃и|мт҃і
преже|преже
бѣ|бѣ
чьрницею|чьрніцею
гръкꙑни|гръкъіні
сѹщи|соущі
и|і
поꙗлъ|поꙗлъ
ю|ю
бѣ|бѣ
ꙗропълкъ|ꙗропълкъ
братъ|братъ
володимирь|володімірь
и|і
ростригъ|рострігъ
ю|ю
красотꙑ|красотъі
дѣлꙗ|дѣлꙗ
лица|ліца
ѥꙗ|еꙗ
и|і
зача|зача
отъ|отъ
неꙗ|неꙗ
сего|сего
ст҃опълка|ст҃опълка
оканьнааго|оканьнааго
володимиръ|володіміръ
же|же
поганъи|поганъі
ѥще|еще
ѹбивъ|оубівъ
ꙗропълка|ꙗропълка
и|і
поꙗтъ|поꙗтъ
женѹ|женоу
ѥго|его
непраздьнѹ|непраздьноу
сѹщю|соущоу
отъ|отъ
неꙗ|неꙗ
же|же
роди|роді
сꙗ|сꙗ
сии|сіі
оканьнꙑи|оканьнъіі
ст҃опълкъ|ст҃опълкъ
и|і
бꙑсть|бъість
отъ|отъ
дъвою|дъвою
ц҃ю|ц҃ю
и|і
братѹ|братоу
сѹщю|соущоу
тѣмь|тѣмь
же|же
и|і
не|не
люблꙗаше|люблꙗаше
ѥго|его
володимиръ|володіміръ
акꙑ|акъі
не|не
отъ|отъ
себе|себе
ѥмѹ|емоу
сѹщю|соущоу
а|а
отъ|отъ
рогнѣди|рогнѣді
д҃|д҃
сн҃ꙑ|сн҃ъі
имѣꙗше|імѣꙗше
изꙗслава|ізꙗслава
и|і
мьстислава|мьстіслава
и|і
ꙗрослава|ꙗрослава
и|і
всеволода|всеволода
а|а
отъ|отъ
иноꙗ|іноꙗ
ст҃ослава|ст҃ослава
и|і
мьстислава|мьстіслава
а|а
отъ|отъ
българꙑнѣ|българъінѣ
бориса|боріса
и|і
глѣба|глѣба
и|і
посажа|посажа
всꙗ|всꙗ
по|по
роснамъ|роснамъ
землꙗмъ|землꙗмъ
въ|въ
кнꙗжении|кнꙗженіі
иже|іже
инъде|інъде
съкажемъ|съкажемъ
сихъ|сіхъ
же|же
съповѣмꙑ|съповѣмъі
ѹбо|оубо
о|о
нихъ|ніхъ
же|же
и|і
повѣсть|повѣсть
си|сі
ѥсть|есть
посади|посаді
убо|убо
сего|сего
оканьнааго|оканьнааго
Свꙗтопълка|свꙗтопълка
въ|въ
кнꙗжении|кнꙗженіі
Пиньскѣ|піньскѣ
а|а
Ꙗрослава|ꙗрослава
Новѣгородѣ|новѣгородѣ
а|а
Бориса|боріса
Ростовѣ|ростовѣ
а|а
Глѣба|глѣба
Муромѣ|муромѣ
нъ|нъ
се|се
остаану|остаану
много|много
глаголати|глаголаті
да|да
не|не
многописании|многопісаніі
въ|въ
забыть|забъіть
вълѣземъ|вълѣземъ
нъ|нъ
о|о
немьже|немьже
начахъ|начахъ
си|сі
съкажемъ|съкажемъ
убо|убо
сице|сіце
многомъ|многомъ
же|же
уже|уже
дн҃ьмъ|дн҃ьмъ
минѹвъшемъ|міноувъшемъ
и|і
ꙗко|ꙗко
съконьчаша|съконьчаша
сꙗ|сꙗ
дн҃иѥ|дн҃іе
володимирѹ|володіміроу
ѹже|оуже
минѹвъшемъ|міноувъшемъ
лѣтомъ|лѣтомъ
к҃|к҃
и҃|і҃
по|по
ст҃ѣмь|ст҃ѣмь
кр҃щении|кр҃щеніі
въпаде|въпаде
въ|въ
недѹгь|недоугь
крѣпъкъ|крѣпъкъ
въ|въ
то же|тоже
времꙗ|времꙗ
бꙗше|бꙗше
пришелъ|прішелъ
борисъ|борісъ
изд|ізд
ростова|ростова
печенегомъ|печенегомъ
же|же
о|о
онѹду|оноуду
пакы|пакъі
идущемъ|ідущемъ
ратию|ратію
на|на
рѹсь|роусь
въ|въ
велицѣ|веліцѣ
печали|печалі
бꙗаше|бꙗаше
володимиръ|володіміръ
зане|зане
не|не
можааше|можааше
изити|ізіті
противу|протіву
имъ|імъ
и|і
много|много
печалѧаше|печалѧаше
сꙗ|сꙗ
и|і
призъвавъ|прізъвавъ
бориса|боріса
ѥмуже|емуже
бѣ|бѣ
имꙗ|імꙗ
наречено|наречено
въ|въ
свѧтѣмь|свѧтѣмь
крьщении|крьщеніі
романъ|романъ
блаженааго|блаженааго
и|і
скоропослушьливааго|скоропослушьлівааго
предавъ|предавъ
воѣ|воѣ
мъногы|мъногъі
въ|въ
руцѣ|руцѣ
ѥго|его
посъла|посъла
и|і
противу|протіву
безбожьнымъ|безбожьнъімъ
печенѣгомъ|печенѣгомъ
онъ|онъ
же|же
съ|съ
радостию|радостію
въставъ|въставъ
иде|іде
рекъ|рекъ
Се|се
готовъ|готовъ
есмь|есмь
предъ|предъ
очима|очіма
твоима|твоіма
сътворити|сътворіті
елико|еліко
велить|веліть
волꙗ|волꙗ
сьрдьца|сьрдьца
твоѥго|твоего
О|о
таковыихъ|таковъііхъ
бо|бо
рече|рече
Притъчьникъ|прітъчьнікъ
Сынъ|съінъ
быхъ|бъіхъ
отьцю|отьцоу
послушьливъ|послушьлівъ
и|і
любиимъ|любіімъ
предъ|предъ
лицьмь|ліцьмь
матере|матере
своеꙗ|своеꙗ
Ошедъшю|ошедъшоу
же|же
ѥму|ему
и|і
не|не
обрѣтъшю|обрѣтъшоу
супостатъ|супостатъ
своихъ|своіхъ
възвративъшю|възвратівъшоу
сꙗ|сꙗ
въспꙗть|въспꙗть
ѥму|ему
и|і
се|се
приде|пріде
вѣстьникъ|вѣстьнікъ
къ|къ
нему|нему
повѣдаꙗ|повѣдаꙗ
ему|ему
отьчю|отьчоу
съмрьть|съмрьть
како|како
престави|преставі
сꙗ|сꙗ
отьць|отьць
его|его
Василии|васіліі
въ|въ
се|се
бо|бо
имꙗ|імꙗ
бꙗше|бꙗше
нареченъ|нареченъ
въ|въ
свѧтѣмь|свѧтѣмь
крьщении|крьщеніі
и|і
како|како
Свꙗтопълкъ|свꙗтопълкъ
потаи|потаі
сьмьрть|сьмьрть
отьца|отьца
своѥго|своего
и|і
ночь|ночь
проимавъ|проімавъ
помостъ|помостъ
на|на
Берестовѣмь|берестовѣмь
и|і
въ|въ
ковъръ|ковъръ
обьртѣвъше|обьртѣвъше
съвѣсивъше|съвѣсівъше
ужи|ужі
на|на
землю|землю
везъше|везъше
на|на
саньхъ|саньхъ
поставиша|поставіша
и|і
въ|въ
цьркви|цьркві
свꙗтыꙗ|свꙗтъіꙗ
Богородица|богородіца
и|і
ꙗко|ꙗко
услыша|услъіша
свꙗтыи|свꙗтъіі
Борисъ|борісъ
начатъ|начатъ
тѣлъмь|тѣлъмь
утьрпывати|утьрпъіваті
и|і
лице|ліце
его|его
вьсе|вьсе
сльзъ|сльзъ
испълни|іспълні
сꙗ|сꙗ
и|і
сльзами|сльзамі
разливаꙗ|разліваꙗ
сѧ|сѧ
и|і
не|не
могыи|могъіі
глаголати|глаголаті
въ|въ
сьрдьци|сьрдьці
си|сі
начать|начать
сицеваꙗ|сіцеваꙗ
вѣщати|вѣщаті
Увы|увъі
мнѣ|мнѣ
свѣте|свѣте
очию|очію
моѥю|моею
сиꙗниѥ|сіꙗніе
и|і
заре|заре
лица|ліца
моѥго|моего
бъздро|бъздро
уности|уності
моѥѣ|моеѣ
наказаниѥ|наказаніе
недоразумѣниꙗ|недоразумѣніꙗ
моѥго|моего
увы|увъі
мнѣ|мнѣ
отьче|отьче
и|і
господине|господіне
мои|моі
къ|къ
кому|кому
прибѣгну|прібѣгну
къ|къ
кому|кому
възьрю|възьрю
къде|къде
ли|лі
насыщю|насъіщоу
сꙗ|сꙗ
таковааго|таковааго
благааго|благааго
учениꙗ|ученіꙗ
и|і
назаниꙗ|назаніꙗ
разума|разума
твоѥго|твоего
увы|увъі
мнѣ|мнѣ
увы|увъі
мнѣ|мнѣ
како|како
заиде|заіде
свѣте|свѣте
мои|моі
не|не
сущу|сущу
ми|мі
ту|ту
да|да
быхъ|бъіхъ
понѣ|понѣ
самъ|самъ
чьстьное|чьстьное
твоѥ|твое
тѣло|тѣло
своима|своіма
рукама|рукама
съпрꙗтꙗлъ|съпрꙗтꙗлъ
и|і
гробу|гробу
предалъ|предалъ
нъ|нъ
то|то
ни|ні
понесохъ|понесохъ
красоты|красотъі
мужьства|мужьства
тѣла|тѣла
твоего|твоего
ни|ні
съподобленъ|съподобленъ
быхъ|бъіхъ
цѣловати|цѣловаті
добролѣпьныхъ|добролѣпьнъіхъ
твоихъ|твоіхъ
сѣдинъ|сѣдінъ
нъ|нъ
о|о
блажениче|блаженіче
помꙗни|помꙗні
мꙗ|мꙗ
въ|въ
покои|покоі
твои|твоі
сьрдьце|сьрдьце
ми|мі
горить|горіть
душа|душа
ми|мі
съмыслъ|съмъіслъ
съмущаѥть|съмущаеть
и|і
не|не
вѣмь|вѣмь
къ|къ
кому|кому
ѡбратити|обратіті
сꙗ|сꙗ
и|і
къ|къ
кому|кому
сию|сію
горькую|горькую
печаль|печаль
простерети|простереті
къ|къ
брату|брату
ли|лі
ѥгоже|егоже
быхъ|бъіхъ
имѣлъ|імѣлъ
въ|въ
отьца|отьца
мѣсто|мѣсто
нъ|нъ
тъ|тъ
мьню|мьню
о|о
суѥтии|суетіі
мирьскыихъ|мірьскъііхъ
поучаѥть|поучаеть
сꙗ|сꙗ
и|і
о|о
биѥнии|біеніі
моѥмь|моемь
помышлꙗеть|помъішлꙗеть
да|да
аще|аще
кръвь|кръвь
мою|мою
пролѣѥть|пролѣеть
и|і
на|на
убииство|убііство
моѥ|мое
потъщить|потъщіть
сꙗ|сꙗ
мученикъ|мученікъ
буду|буду
господу|господу
моѥму|моему
азъ|азъ
бо|бо
не|не
противлю|протівлю
сꙗ|сꙗ
зане|зане
пишеть|пішеть
сѧ|сѧ
г҃ь|г҃ь
гърдыимъ|гърдъіімъ
противить|протівіть
сѧ|сѧ
съмѣренымъ|съмѣренъімъ
же|же
даѥть|даеть
бл҃годать|бл҃годать
апc҇лъ|апслъ
же|же
иже|іже
рече|рече
б҃а|б҃а
люблю|люблю
а|а
брата|брата
своѥго|своего
ненавидить|ненавідіть
лъжь|лъжь
ѥсть|есть
и|і
пакы|пакъі
боꙗзни|боꙗзні
въ|въ
любъви|любъві
нѣсть|нѣсть
съвьршенаꙗ|съвьршенаꙗ
любы|любъі
вънъ|вънъ
измещеть|ізмещеть
страхъ|страхъ
тѣмь|тѣмь
же|же
что|что
реку|реку
или|ілі
чьто|чьто
сътворю|сътворю
се|се
да|да
иду|іду
къ|къ
брату|брату
моѥму|моему
и|і
рекѹ|рекоу
тꙑ|тъі
ми|мі
бѹди|боуді
оц҃ь|оц҃ь
тꙑ|тъі
ми|мі
братъ|братъ
и|і
старѣи|старѣі
чьто|чьто
ми|мі
велиши|веліші
г҃и|г҃і
мои|моі
и|і
си|сі
на|на
умѣ|умѣ
си|сі
помышлꙗѧ|помъішлꙗѧ
идꙗаше|ідꙗаше
къ|къ
брату|брату
своѥму|своему
и|і
глаголааше|глаголааше
въ|въ
сьрдьци|сьрдьці
своѥмъ|своемъ
То|то
понѣ|понѣ
узьрю|узьрю
ли|лі
си|сі
лице|ліце
братьца|братьца
моѥго|моего
мьньшааго|мьньшааго
Глѣба|глѣба
ꙗко|ꙗко
же|же
Иѡсифъ|іосіфъ
Вениꙗмина|веніꙗміна
и|і
та|та
вьсѧ|вьсѧ
полагаꙗ|полагаꙗ
въ|въ
сьрдьци|сьрдьці
си|сі
волꙗ|волꙗ
твоꙗ|твоꙗ
да|да
будеть|будеть
господи|господі
мои|моі
помышлꙗше|помъішлꙗше
же|же
въ|въ
умѣ|умѣ
своѥмь|своемь
аще|аще
поиду|поіду
въ|въ
домъ|домъ
отьца|отьца
своѥго|своего
то|то
ꙗзыци|ꙗзъіці
мнози|мнозі
превратꙗть|превратꙗть
сьрдьце|сьрдьце
моѥ|мое
ꙗко|ꙗко
прогнати|прогнаті
брата|брата
моѥго|моего
ѧкоже|ѧкоже
и|і
отьць|отьць
мои|моі
преже|преже
свѧтаго|свѧтаго
крещениꙗ|крещеніꙗ
славы|славъі
ради|раді
и|і
кнꙗжениꙗ|кнꙗженіꙗ
мира|міра
сего|сего
и|і
иже|іже
все|все
мимоходить|мімоходіть
и|і
хуже|хуже
паучины|паучінъі
то|то
камо|камо
имамъ|імамъ
приити|прііті
по|по
ѡшьствии|ошьствіі
моѥмь|моемь
ѡтсюду|отсюду
какъ|какъ
ли|лі
убо|убо
обрꙗщю|обрꙗщоу
сꙗ|сꙗ
тъгда|тъгда
кыи|къіі
ли|лі
ми|мі
будеть|будеть
ѡтвѣтъ|отвѣтъ
къде|къде
ли|лі
съкрыю|съкръію
мъножьство|мъножьство
грѣха|грѣха
моѥго|моего
чьто|чьто
бо|бо
приобрѣтоша|пріобрѣтоша
преже|преже
братиꙗ|братіꙗ
отьца|отьца
моѥго|моего
или|ілі
отьць|отьць
мои|моі
къде|къде
бо|бо
ихъ|іхъ
житиꙗ|жітіꙗ
и|і
слава|слава
мира|міра
сего|сего
и|і
багрꙗница|багрꙗніца
и|і
брꙗчины|брꙗчінъі
сребро|сребро
и|і
золото|золото
вина|віна
и|і
медове|медове
брашьна|брашьна
чьстьнаꙗ|чьстьнаꙗ
и|і
быстрии|бъістріі
кони|коні
и|і
домове|домове
красьнии|красьніі
и|і
велиции|веліціі
и|і
имѣниꙗ|імѣніꙗ
многа|многа
и|і
дани|дані
и|і
чьсти|чьсті
бещисльны|бещісльнъі
и|і
гърдѣниꙗ|гърдѣніꙗ
ꙗже|ꙗже
о|о
болꙗрѣхъ|болꙗрѣхъ
своихъ|своіхъ
уже|уже
все|все
се|се
имъ|імъ
акы|акъі
не|не
было|бъіло
николиже|ніколіже
всꙗ|всꙗ
съ|съ
нимь|німь
ищезоша|іщезоша
и|і
нѣсть|нѣсть
помощи|помощі
ни|ні
отъ|отъ
когоже|когоже
сихъ|сіхъ
ни|ні
отъ|отъ
имѣниꙗ|імѣніꙗ
ни|ні
отъ|отъ
множьства|множьства
рабъ|рабъ
ни|ні
отъ|отъ
славы|славъі
мира|міра
сего|сего
тѣмь|тѣмь
и|і
Соломонъ|соломонъ
все|все
прошьдъ|прошьдъ
вьсꙗ|вьсꙗ
видѣвъ|відѣвъ
всꙗ|всꙗ
сътꙗжавъ|сътꙗжавъ
и|і
съвъкупивъ|съвъкупівъ
рече|рече
расмотривъ|расмотрівъ
вьсе|вьсе
сѹѥта|соуета
и|і
сѹѥтиѥ|соуетіе
сѹѥтию|соуетію
буди|буді
тъкмо|тъкмо
помощь|помощь
ѡт|от
добръ|добръ
дѣлъ|дѣлъ
и|і
отъ|отъ
правовѣриꙗ|правовѣріꙗ
и|і
отъ|отъ
нелицемѣрьныꙗ|неліцемѣрьнъіꙗ
любъве|любъве
Идыи|ідъіі
же|же
путьмь|путьмь
помышлꙗаше|помъішлꙗаше
о|о
красотѣ|красотѣ
и|і
о|о
доброте|доброте
телесе|телесе
своѥго|своего
и|і
сльзами|сльзамі
разливааше|разлівааше
сꙗ|сꙗ
вьсь|вьсь
и|і
хотѧ|хотѧ
удрьжати|удрьжаті
сꙗ|сꙗ
и|і
не|не
можааше|можааше
и|і
вси|всі
зьрꙗще|зьрꙗще
ѥго|его
тако|тако
плакааше|плакааше
сꙗ|сꙗ
о|о
доброродьнѣмь|доброродьнѣмь
тѣлѣ|тѣлѣ
и|і
чьстьнѣмь|чьстьнѣмь
разумѣ|разумѣ
въздраста|въздраста
ѥго|его
и|і
къжьдо|къжьдо
въ|въ
души|душі
своѥи|своеі
стонааше|стонааше
горестию|горестію
сьрдьчьною|сьрдьчьною
и|і
вси|всі
съмущааху|съмущааху
сꙗ|сꙗ
о|о
печали|печалі
къто|къто
бо|бо
не|не
въсплачеть|въсплачеть
сѧ|сѧ
съмрьти|съмрьті
тоѣ|тоѣ
пагубьноѣ|пагубьноѣ
приводꙗ|пріводꙗ
предъ|предъ
очи|очі
сьрдьца|сьрдьца
своѥго|своего
образъ|образъ
бо|бо
бꙗаше|бꙗаше
унылъи|унъілъі
ѥго|его
възоръ|възоръ
и|і
скрушение|скрушеніе
сьрдьца|сьрдьца
ѥго|его
свѧтаго|свѧтаго
такъ|такъ
бо|бо
бѣ|бѣ
блаженыи|блаженъіі
тъ|тъ
правьдивъ|правьдівъ
и|і
щедръ|щедръ
тихъ|тіхъ
крътъкъ|крътъкъ
съмѣренъ|съмѣренъ
всѣхъ|всѣхъ
милуꙗ|мілуꙗ
и|і
вьсꙗ|вьсꙗ
набъдꙗ|набъдꙗ
помышлꙗть|помъішлꙗть
же|же
въ|въ
ср҃дци|ср҃дці
своемь|своемь
богоблаженыи|богоблаженъіі
Борисъ|борісъ
и|і
глаголааше|глаголааше
вѣдѣ|вѣдѣ
брата|брата
моѥго|моего
зълу ради|зълураді
чловѣци|чловѣці
понудꙗти|понудꙗті
и|і
на|на
ѹбииство|оубііство
моѥ|мое
и|і
погубить|погубіть
мѧ|мѧ
да|да
аще|аще
пролѣеть|пролѣеть
кръвь|кръвь
мою|мою
то|то
мученикъ|мученікъ
буду|буду
Господу|господу
моѥму|моему
а|а
духъ|духъ
мои|моі
прииметь|прііметь
владыка|владъіка
таче|таче
забывъ|забъівъ
скърбь|скърбь
съмьртьную|съмьртьную
тѣшааше|тѣшааше
сьрдьце|сьрдьце
свое|свое
словеси|словесі
божии|божіі
иже|іже
погубити|погубіті
душю|душоу
свою|свою
мене|мене
ради|раді
и|і
моихъ|моіхъ
словесъ|словесъ
обрꙗщети|обрꙗщеті
ю|ю
въ|въ
животѣ|жівотѣ
вѣчьнѣмь|вѣчьнѣмь
съхранить|съхраніть
ю|ю
и|і
поиде|поіде
радъстьнъмь|радъстьнъмь
срд҃цьмь|срд҃цьмь
не|не
презьри|презьрі
мене|мене
рекыи|рекъіі
г҃и|г҃і
премл҃стве|премл҃стве
уповающааго|уповающааго
на|на
тѧ|тѧ
нъ|нъ
сп҃си|сп҃сі
дш҃ю|дш҃ю
мою|мою
Ст҃опълкъ|ст҃опълкъ
же|же
сѣдꙗ|сѣдꙗ
Кыѥвѣ|къіевѣ
по|по
оц҃и|оц҃і
призвавъ|прізвавъ
кыꙗны|къіꙗнъі
многы|многъі
дары|даръі
имъ|імъ
давъ|давъ
ѡ҃пусти|о҃пусті
посла|посла
же|же
къ|къ
Борису|борісу
гл҃ꙗ|гл҃ꙗ
брате|брате
хочю|хочоу
съ|съ
тобою|тобою
любъвь|любъвь
имѣти|імѣті
и|і
къ|къ
отьню|отьню
ти|ті
придамь|прідамь
льстьно|льстьно
а|а
не|не
истину|істіну
гл҃ꙗ|гл҃ꙗ
пришедъ|прішедъ
Вышегороду|въішегороду
ночь|ночь
отаи|отаі
призъва|прізъва
Путьшю|путьшоу
и|і
вышегородьскыѣ|въішегородьскъіѣ
мужѣ|мужѣ
и|і
рече|рече
имъ|імъ
Повѣдите|повѣдіте
ми|мі
по|по
истинѣ|істінѣ
приꙗзньство|пріꙗзньство
имѣете|імѣете
ли|лі
къ|къ
мнѣ|мнѣ
Путьша|путьша
рече|рече
вьси|вьсі
мы|мъі
можемъ|можемъ
главы|главъі
своꙗ|своꙗ
положити|положіті
за|за
тѧ|тѧ
видѣвъ|відѣвъ
же|же
диꙗволъ|діꙗволъ
и|і
искони|ісконі
ненавидꙗи|ненавідꙗі
добра|добра
чл҃вка|чл҃вка
ꙗко|ꙗко
вьсю|вьсю
надежю|надежоу
свою|свою
на|на
г҃а|г҃а
положилъ|положілъ
есть|есть
ст҃ыи|ст҃ъіі
Борисъ|борісъ
начатъ|начатъ
подвижьнѣи|подвіжьнѣі
бываати|бъівааті
и|і
обрѣтъ|обрѣтъ
ꙗко|ꙗко
же|же
преже|преже
Каина|каіна
на|на
братоубииство|братоубііство
горꙗща|горꙗща
тако|тако
же|же
и|і
Ст҃опълка|ст҃опълка
по|по
истинѣ|істінѣ
въторааго|въторааго
Каина|каіна
улови|улові
мысль|мъісль
ѥго|его
ꙗко|ꙗко
да|да
избиѥть|ізбіеть
всꙗ|всꙗ
наслѣдьникы|наслѣдьнікъі
оц҃а|оц҃а
своѥго|своего
а|а
самъ|самъ
приимьть|пріімьть
единъ|едінъ
въсю|въсю
власть|власть
тъгда|тъгда
призъва|прізъва
къ|къ
себе|себе
оканьныи|оканьнъіі
трьклꙗтыи|трьклꙗтъіі
Свꙗтопълкъ|свꙗтопълкъ
съвѣтьникы|съвѣтьнікъі
всему|всему
злу|злу
и|і
началникы|началнікъі
всеи|всеі
неправьдѣ|неправьдѣ
и|і
отъвьрзъ|отъвьрзъ
пресквьрньнаꙗ|пресквьрньнаꙗ
уста|уста
рече|рече
испусти|іспусті
зълыи|зълъіі
гласъ|гласъ
Путьшинѣ|путьшінѣ
чади|чаді
аще|аще
убо|убо
главы|главъі
своꙗ|своꙗ
обѣщасте|обѣщасте
сꙗ|сꙗ
положити|положіті
за|за
мѧ|мѧ
шедъше|шедъше
убо|убо
братиꙗ|братіꙗ
моꙗ|моꙗ
отаи|отаі
къде|къде
обрѧщете|обрѧщете
брата|брата
моѥго|моего
Бориса|боріса
съмотрьше|съмотрьше
времѧ|времѧ
убиите|убііте
и|і
и|і
обѣщаша|обѣщаша
сꙗ|сꙗ
ѥму|ему
тако|тако
створити|створіті
О|о
таковыихъ|таковъііхъ
бо|бо
рече|рече
пророкъ|пророкъ
Скори|скорі
суть|суть
кръвь|кръвь
пролиꙗти|проліꙗті
бес|бес
правьды|правьдъі
Си|сі
бо|бо
обѣщавають|обѣщавають
сꙗ|сꙗ
кръви|кръві
и|і
събирають|събірають
себе|себе
злаꙗ|злаꙗ
Сихъ|сіхъ
путьѥ|путье
суть|суть
събирающеи|събірающеі
безаконие|безаконіе
нечистиемь|нечістіемь
свою|свою
душю|душоу
обиемлють|обіемлють
блаженыи|блаженъіі
же|же
Борисъ|борісъ
ꙗкоже|ꙗкоже
сꙗ|сꙗ
бѣ|бѣ
воротилъ|воротілъ
и|і
сталъ|сталъ
бѣ|бѣ
на|на
Льтѣ|льтѣ
шатьры|шатьръі
и|і
рѣша|рѣша
къ|къ
нему|нему
дружина|дружіна
поиди|поіді
сѧди|сѧді
Кыевѣ|къіевѣ
на|на
столѣ|столѣ
отьни|отьні
се|се
бо|бо
вси|всі
вои|воі
въ|въ
руку|руку
твоѥю|твоею
суть|суть
онъ|онъ
же|же
имъ|імъ
отъвѣщааваше|отъвѣщааваше
Не|не
буди|буді
ми|мі
възꙗти|възꙗті
рукы|рукъі
на|на
брата|брата
своѥго|своего
и|і
еще|еще
же|же
и|і
на|на
старѣиша|старѣіша
мене|мене
егоже|егоже
быхъ|бъіхъ
имѣлъ|імѣлъ
акы|акъі
отьца|отьца
си|сі
слышавъше|слъішавъше
вои|воі
разидоша|разідоша
сꙗ|сꙗ
от|от
него|него
а|а
самъ|самъ
оста|оста
тъкъмо|тъкъмо
съ|съ
отрокы|отрокъі
своими|своімі
и|і
бꙗаше|бꙗаше
въ|въ
дьнь|дьнь
суботьныи|суботьнъіі
въ|въ
тузѣ|тузѣ
и|і
печали|печалі
удручьнъмь|удручьнъмь
сьрдьцьмь|сьрдьцьмь
и|і
вълѣзъ|вълѣзъ
въ|въ
шатьръ|шатьръ
свои|своі
плакаше|плакаше
сꙗ|сꙗ
съкрушенъмь|съкрушенъмь
сьрдьцьмь|сьрдьцьмь
а|а
душею|душею
радостьною|радостьною
жалостьно|жалостьно
гласъ|гласъ
испущааше|іспущааше
Сльзъ|сльзъ
моихъ|моіхъ
не|не
презьри|презьрі
владыко|владъіко
да|да
ꙗко|ꙗко
же|же
уповаю|уповаю
на|на
тѧ|тѧ
тако|тако
да|да
с|с
твоими|твоімі
рабы|рабъі
прииму|прііму
часть|часть
и|і
жребии|жребіі
съ|съ
вьсѣми|вьсѣмі
свѧтыими|свѧтъіімі
твоими|твоімі
ꙗко|ꙗко
ты|тъі
еси|есі
богъ|богъ
милостивъ|мілостівъ
и|і
тебе|тебе
славу|славу
въсылаемъ|въсъілаемъ
въ|въ
вѣкы|вѣкъі
Аминь|амінь
помышлꙗшеть|помъішлꙗшеть
же|же
мучение|мученіе
и|і
страсть|страсть
свꙗтаго|свꙗтаго
мученика|мученіка
Никиты|нікітъі
и|і
свꙗтаго|свꙗтаго
Вꙗчеслава|вꙗчеслава
подобно|подобно
же|же
сему|сему
бывъшю|бъівъшоу
убиению|убіенію
бывъшю|бъівъшоу
и|і
како|како
свѧтѣи|свѧтѣі
Варварѣ|варварѣ
отьць|отьць
свои|своі
убоица|убоіца
бысть|бъість
и|і
помышлꙗаше|помъішлꙗаше
слово|слово
премудрааго|премудрааго
Соломона|соломона
правьдьници|правьдьніці
въ|въ
вѣкы|вѣкъі
живуть|жівуть
и|і
отъ|отъ
господа|господа
мьзда|мьзда
имъ|імъ
и|і
строение|строеніе
имъ|імъ
от|от
вышьнꙗаго|въішьнꙗаго
и|і
о|о
семь|семь
словеси|словесі
тъчию|тъчію
утѣшааше|утѣшааше
сꙗ|сꙗ
и|і
радовааше|радовааше
сꙗ|сꙗ
таче|таче
бысть|бъість
вечеръ|вечеръ
и|і
повелѣ|повелѣ
пѣти|пѣті
вечерънюю|вечерънюю
а|а
самъ|самъ
вълѣзъ|вълѣзъ
въ|въ
шатьръ|шатьръ
свои|своі
начатъ|начатъ
молитву|молітву
творити|творіті
вечернюю|вечернюю
съ|съ
сльзами|сльзамі
горькыми|горькъімі
и|і
частыимь|частъіімь
въздыханиѥмь|въздъіханіемь
и|і
стонаниѥмь|стонаніемь
многымь|многъімь
по|по
сихъ|сіхъ
леже|леже
съпати|съпаті
и|і
бꙗше|бꙗше
сънъ|сънъ
его|его
въ|въ
мънозѣ|мънозѣ
мысли|мъіслі
и|і
въ|въ
печали|печалі
крѣпъцѣ|крѣпъцѣ
и|і
тꙗжьцѣ|тꙗжьцѣ
и|і
страшьнѣ|страшьнѣ
како|како
предати|предаті
сꙗ|сꙗ
на|на
страсть|страсть
како|како
пострадати|пострадаті
и|і
течениѥ|теченіе
съконьчати|съконьчаті
и|і
вѣру|вѣру
съблюсти|съблюсті
ꙗко|ꙗко
да|да
и|і
щадимыи|щадімъіі
вѣньць|вѣньць
прииметь|прііметь
от|от
рукы|рукъі
вьседьржителевы|вьседьржітелевъі
и|і
видѣвъ|відѣвъ
възбьнувъ|възбьнувъ
рано|рано
ꙗко|ꙗко
годъ|годъ
ѥсть|есть
утрьнии|утрьніі
бѣ|бѣ
же|же
въ|въ
ст҃оую|ст҃оую
недѣлю|недѣлю
рече|рече
къ|къ
прозвутеру|прозвутеру
своѥму|своему
въставъ|въставъ
начьни|начьні
заутрьнюю|заутрьнюю
самъ|самъ
же|же
обувъ|обувъ
нозѣ|нозѣ
свои|своі
и|і
умывъ|умъівъ
лице|ліце
своѥ|свое
начатъ|начатъ
молити|моліті
сꙗ|сꙗ
къ|къ
господу|господу
богу|богу
Посълании|посъланіі
же|же
приидоша|пріідоша
отъ|отъ
Ст҃опълка|ст҃опълка
на|на
Льто|льто
ночь|ночь
и|і
подъступиша|подъступіша
близъ|блізъ
и|і
слышаша|слъішаша
гласъ|гласъ
блаженааго|блаженааго
страстотьрпьца|страстотьрпьца
поюща|поюща
псалтырь|псалтъірь
заутрьнюю|заутрьнюю
бꙗше|бꙗше
же|же
ѥму|ему
и|і
вѣсть|вѣсть
о|о
убиѥнии|убіеніі
ѥго|его
и|і
начатъ|начатъ
пѣти|пѣті
г҃и|г҃і
чьто|чьто
сѧ|сѧ
умножиша|умножіша
сътужающии|сътужающіі
мънози|мънозі
въсташа|въсташа
на|на
мѧ|мѧ
и|і
прочаꙗ|прочаꙗ
псалмы|псалмъі
до|до
коньца|коньца
и|і
начатъ|начатъ
пѣти|пѣті
псалтырь|псалтъірь
обидоша|обідоша
мꙗ|мꙗ
пси|псі
мнози|мнозі
и|і
уньци|уньці
тучьни|тучьні
одьржаша|одьржаша
мꙗ|мꙗ
и|і
пакы|пакъі
г҃и|г҃і
б҃е|б҃е
мои|моі
на|на
тѧ|тѧ
уповахъ|уповахъ
спаси|спасі
мꙗ|мꙗ
таже|таже
по|по
семь|семь
канонъ|канонъ
и|і
коньчавъшю|коньчавъшоу
ѥму|ему
утрьнюю|утрьнюю
начатъ|начатъ
молити|моліті
сꙗ|сꙗ
зьрꙗ|зьрꙗ
къ|къ
иконѣ|іконѣ
господьни|господьні
рече|рече
г҃и|г҃і
ис҃ъ|іс҃ъ
х҃е|х҃е
иже|іже
симь|сімь
образъмь|образъмь
ꙗви|ꙗві
сꙗ|сꙗ
на|на
земли|землі
изволивы|ізволівъі
волею|волею
пригвоздити|прігвоздіті
сꙗ|сꙗ
на|на
крьстѣ|крьстѣ
и|і
приимъ|пріімъ
страсть|страсть
грѣхъ|грѣхъ
ради|раді
нашихъ|нашіхъ
съподоби|съподобі
и|і
мѧ|мѧ
приꙗти|пріꙗті
страсть|страсть
и|і
ꙗко|ꙗко
услыша|услъіша
шпътъ|шпътъ
зълъ|зълъ
окрьстъ|окрьстъ
шатьра|шатьра
и|і
трьпьтьнъ|трьпьтьнъ
бывъ|бъівъ
и|і
начатъ|начатъ
сльзы|сльзъі
испущати|іспущаті
отъ|отъ
очию|очію
своею|своею
и|і
гл҃ааше|гл҃ааше
слава|слава
ти|ті
г҃и|г҃і
о|о
вьсемь|вьсемь
ꙗко|ꙗко
съподобилъ|съподобілъ
мꙗ|мꙗ
ѥси|есі
зависти|завісті
ради|раді
приꙗти|пріꙗті
сию|сію
горькую|горькую
съмьрть|съмьрть
и|і
все|все
престрадати|престрадаті
любъве|любъве
ради|раді
словесе|словесе
твоѥго|твоего
не|не
въсхотѣхомъ|въсхотѣхомъ
възискати|възіскаті
себе|себе
самъ|самъ
ничто же|нічтоже
себе|себе
изволихъ|ізволіхъ
по|по
апc҇лѹ|апслоу
любы|любъі
вьсе|вьсе
тьрпить|тьрпіть
всему|всему
вѣру|вѣру
ѥмлеть|емлеть
и|і
не|не
ищьть|іщьть
своихъ|своіхъ
си|сі
и|і
пакы|пакъі
боꙗзни|боꙗзні
въ|въ
любъви|любъві
нѣсть|нѣсть
съвьршенаꙗ|съвьршенаꙗ
бо|бо
любы|любъі
вънъ|вънъ
отъмещеть|отъмещеть
боꙗзнь|боꙗзнь
тѣмь|тѣмь
владыко|владъіко
душа|душа
моꙗ|моꙗ
въ|въ
руку|руку
твоѥю|твоею
въину|въіну
ѧко|ѧко
закона|закона
твоѥго|твоего
не|не
забыхъ|забъіхъ
ꙗко|ꙗко
господеви|господеві
годѣ|годѣ
бысть|бъість
тако|тако
буди|буді
и|і
узьрѣста|узьрѣста
попинъ|попінъ
его|его
и|і
отрокъ|отрокъ
иже|іже
служааше|служааше
ѥму|ему
и|і
видѣвъша|відѣвъша
господина|господіна
своѥго|своего
дрꙗхла|дрꙗхла
и|і
печалию|печалію
облиꙗна|обліꙗна
суща|суща
зѣло|зѣло
расплакастасꙗ|расплакастасꙗ
сꙗ|сꙗ
зѣло|зѣло
и|і
гл҃аста|гл҃аста
милыи|мілъіі
гн҃е|гн҃е
наю|наю
и|і
драгыи|драгъіі
колико|коліко
бл҃гости|бл҃гості
испълненъ|іспълненъ
бысть|бъість
ꙗко|ꙗко
не|не
въсхотѣ|въсхотѣ
противити|протівіті
сꙗ|сꙗ
҅брату҆|брату
любъве|любъве
ради|раді
хв҃ы|хв҃ъі
а|а
коликы|колікъі
воѣ|воѣ
дьржа|дьржа
въ|въ
руку|руку
своѥю|своею
и|і
си|сі
рекъша|рекъша
умилиста|уміліста
сѧ|сѧ
и|і
абиѥ|абіе
узьрѣ|узьрѣ
текущиихъ|текущііхъ
къ|къ
шатьру|шатьру
блистаниѥ|блістаніе
оружиꙗ|оружіꙗ
и|і
мечьное|мечьное
оцѣщение|оцѣщеніе
и|і
без|без
милости|мілості
прободено|прободено
бысть|бъість
чьстьное|чьстьное
и|і
многомилостивое|многомілостівое
тѣло|тѣло
свѧтаго|свѧтаго
и|і
блаженааго|блаженааго
Христова|хрістова
страстотьрпьца|страстотьрпьца
Бориса|боріса
насунуша|насунуша
копии|копіі
оканьнии|оканьніі
Путьша|путьша
Тальць|тальць
Еловичь|еловічь
Лꙗшько|лꙗшько
видѣвъ|відѣвъ
же|же
отрокъ|отрокъ
ѥго|его
вьрже|вьрже
сꙗ|сꙗ
на|на
тѣло|тѣло
блаженааго|блаженааго
рекыи|рекъіі
да|да
не|не
остану|остану
тебе|тебе
господине|господіне
мои|моі
драгыи|драгъіі
да|да
идеже|ідеже
красота|красота
тѣла|тѣла
твоѥго|твоего
увꙗдаѥть|увꙗдаеть
ту|ту
и|і
азъ|азъ
съподобленъ|съподобленъ
буду|буду
с|с
тобою|тобою
съконьчати|съконьчаті
животъ|жівотъ
свои|своі
бꙗше|бꙗше
же|же
сь|сь
родъмь|родъмь
угринъ|угрінъ
имьньмь|імьньмь
же|же
Георгии|георгіі
и|і
бѣаше|бѣаше
възложилъ|възложілъ
на|на
нь|нь
гривьну|грівьну
злату|злату
и|і
бѣ|бѣ
любимъ|любімъ
Борисъмь|борісъмь
паче|паче
мѣры|мѣръі
и|і
ту|ту
же|же
и|і
проньзоша|проньзоша
и|і
ꙗко|ꙗко
бысть|бъість
ураненъ|ураненъ
и|і
искочи|іскочі
ꙇ|і
шатьра|шатьра
въ|въ
оторопѣ|оторопѣ
и|і
нача|нача
глаголати|глаголаті
стоꙗще|стоꙗще
округъ|округъ
ѥго|его
чьто|чьто
стоите|стоіте
зьрꙗще|зьрꙗще
Приступивъше|пріступівъше
сконьчаимъ|сконьчаімъ
повелѣное|повелѣное
намъ|намъ
Си|сі
слышавъ|слъішавъ
блаженыи|блаженъіі
начатъ|начатъ
молити|моліті
сꙗ|сꙗ
и|і
милъ|мілъ
сꙗ|сꙗ
имъ|імъ
дѣꙗти|дѣꙗті
глаголꙗ|глаголꙗ
братиꙗ|братіꙗ
моꙗ|моꙗ
милаꙗ|мілаꙗ
и|і
любимаꙗ|любімаꙗ
мало|мало
ми|мі
времꙗ|времꙗ
ѡ҃даите|о҃даіте
да|да
понѣ|понѣ
помолю|помолю
сꙗ|сꙗ
богу|богу
моѥму|моему
и|і
възьрѣвъ|възьрѣвъ
на|на
небо|небо
съ|съ
сльзами|сльзамі
и|і
горѣ|горѣ
въздъхнувъ|въздъхнувъ
начатъ|начатъ
молити|моліті
сꙗ|сꙗ
сицими|сіцімі
гл҃ы|гл҃ъі
г҃и|г҃і
боже|боже
мои|моі
многомл҃стивыи|многомл҃стівъіі
и|і
мл҃стивыи|мл҃стівъіі
и|і
премл҃стиве|премл҃стіве
слава|слава
ти|ті
ꙗко|ꙗко
съподобилъ|съподобілъ
мꙗ|мꙗ
ѥси|есі
убѣжати|убѣжаті
отъ|отъ
прельсти|прельсті
житиꙗ|жітіꙗ
сего|сего
льстьнааго|льстьнааго
слава|слава
ти|ті
прещедрыи|прещедръіі
живодавьче|жіводавьче
ꙗко|ꙗко
сподоби|сподобі
мѧ|мѧ
труда|труда
ст҃ыихъ|ст҃ъііхъ
мч҃нкъ|мч҃нкъ
слава|слава
ти|ті
вл҃дко|вл҃дко
цлв҃колюбьче|цлв҃колюбьче
сподобивыи|сподобівъіі
мꙗ|мꙗ
съконьчати|съконьчаті
хотѣние|хотѣніе
ср҃дца|ср҃дца
моѥго|моего
слава|слава
ти|ті
х҃е|х҃е
мъногому|мъногому
ти|ті
мл҃срдию|мл҃срдію
иже|іже
направи|направі
на|на
правыи|правъіі
путь|путь
мирьны|мірьнъі
ногы|ногъі
ногы|ногъі
моꙗ|моꙗ
тещи|тещі
къ|къ
тебе|тебе
бесъблазна|бесъблазна
призьри|прізьрі
съ|съ
высоты|въісотъі
ст҃ынꙗ|ст҃ъінꙗ
твоѥꙗ|твоеꙗ
вижь|віжь
болѣзнь|болѣзнь
ср҃дца|ср҃дца
моѥго|моего
юже|юже
приꙗхъ|пріꙗхъ
ѡ҃|о҃
съродника|съродніка
моѥго|моего
ꙗко|ꙗко
тебе|тебе
ради|раді
умьрщвꙗемъ|умьрщвꙗемъ
ѥсмь|есмь
вь|вь
сь|сь
дн҃ь|дн҃ь
въмѣниша|въмѣніша
мꙗ|мꙗ
ѧко|ѧко
овьна|овьна
на|на
сънѣдь|сънѣдь
вѣси|вѣсі
бо|бо
г҃и|г҃і
мои|моі
ꙗко|ꙗко
не|не
противлю|протівлю
сꙗ|сꙗ
ни|ні
въпрекы|въпрекъі
гл҃ю|гл҃ю
а|а
имыи|імъіі
въ|въ
руку|руку
вьсꙗ|вьсꙗ
воꙗ|воꙗ
оц҃а|оц҃а
моѥго|моего
и|і
вьсꙗ|вьсꙗ
любимыꙗ|любімъіꙗ
оц҃емь|оц҃емь
моимь|моімь
и|і
ничьтоже|нічьтоже
умыслихъ|умъісліхъ
противу|протіву
брату|брату
моѥму|моему
онъ|онъ
же|же
селико|селіко
елико|еліко
възможе|възможе
въздвиже|въздвіже
на|на
мꙗ|мꙗ
да|да
аще|аще
бы|бъі
ми|мі
врагъ|врагъ
поносилъ|поносілъ
протьрпѣлъ|протьрпѣлъ
убо|убо
быхъ|бъіхъ
аще|аще
бы|бъі
ненавидꙗ|ненавідꙗ
мене|мене
вельречевалъ|вельречевалъ
укрылъ|укръілъ
быхъ|бъіхъ
сꙗ|сꙗ
нъ|нъ
ты|тъі
г҃и|г҃і
вижь|віжь
и|і
суди|суді
межю|межоу
мною|мною
и|і
межю|межоу
братъмь|братъмь
моимь|моімь
и|і
не|не
постави|поставі
имъ|імъ
г҃и|г҃і
грѣха|грѣха
сего|сего
нъ|нъ
приими|пріімі
въ|въ
миръ|міръ
дш҃ю|дш҃ю
мою|мою
аминь|амінь
и|і
възьрѣвъ|възьрѣвъ
къ|къ
нимъ|німъ
умиленама|уміленама
очима|очіма
и|і
спадъшемь|спадъшемь
лицьмь|ліцьмь
и|і
вьсь|вьсь
сльзами|сльзамі
облиꙗвъ|обліꙗвъ
сꙗ|сꙗ
рече|рече
братиѥ|братіе
приступивъше|пріступівъше
съконьчаите|съконьчаіте
служьбу|служьбу
вашю|вашоу
и|і
буди|буді
миръ|міръ
брату|брату
моѥму|моему
и|і
вамъ|вамъ
братиѥ|братіе
да|да
ѥлико|еліко
слышаху|слъішаху
словеса|словеса
ѥго|его
отъ|отъ
сльзъ|сльзъ
не|не
можааху|можааху
ни|ні
словесе|словесе
рещи|рещі
отъ|отъ
страха|страха
же|же
и|і
печали|печалі
горькы|горькъі
и|і
мъногыхъ|мъногъіхъ
сльзъ|сльзъ
нъ|нъ
съ|съ
въздыханиемь|въздъіханіемь
горькымь|горькъімь
жалостьно|жалостьно
глаголааху|глаголааху
и|і
плакааху|плакааху
сꙗ|сꙗ
и|і
къжьдо|къжьдо
въ|въ
души|душі
своѥи|своеі
стонааше|стонааше
увы|увъі
намъ|намъ
кънѧже|кънѧже
нашь|нашь
милыи|мілъіі
и|і
драгыи|драгъіі
и|і
блаженыи|блаженъіі
водителю|водітелю
слѣпыимъ|слѣпъіімъ
одеже|одеже
нагымъ|нагъімъ
старости|старості
жьзле|жьзле
казателю|казателю
не|не
наказанымъ|наказанъімъ
кто|кто
уже|уже
си|сі
вьсꙗ|вьсꙗ
исправить|ісправіть
како|како
не|не
въсхотѣ|въсхотѣ
славы|славъі
мира|міра
сего|сего
како|како
не|не
въсхотѣ|въсхотѣ
веселити|веселіті
сꙗ|сꙗ
съ|съ
чьстьныими|чьстьнъіімі
вельможами|вельможамі
како|како
не|не
въсхотѣ|въсхотѣ
величиꙗ|велічіꙗ
еже|еже
въ|въ
житии|жітіі
семь|семь
къто|къто
не|не
почюдить|почоудіть
сꙗ|сꙗ
великууму|велікууму
съмерению|съмеренію
къто|къто
ли|лі
не|не
съмѣрить|съмѣріть
сꙗ|сꙗ
оного|оного
съмѣрение|съмѣреніе
видꙗ|відꙗ
и|і
слыша|слъіша
и|і
абие|абіе
усъпе|усъпе
предавъ|предавъ
дш҃ю|дш҃ю
свою|свою
въ|въ
руцѣ|руцѣ
б҃а|б҃а
жива|жіва
мцc҇а|мцса
июлиꙗ|іюліꙗ
въ|въ
к҃|к҃
д҃|д҃
дн҃ь|дн҃ь
преже|преже
ѳ҃|ѳ҃
каландъ|каландъ
агуста|агуста
избиша|ізбіша
же|же
и|і
отрокы|отрокъі
многы|многъі
съ|съ
Георгиꙗ|георгіꙗ
же|же
не|не
могуще|могуще
сънꙗти|сънꙗті
гривьны|грівьнъі
и|і
отсѣкъше|отсѣкъше
главу|главу
отъвьргоша|отъвьргоша
и|і
кромѣ|кромѣ
да|да
тѣмь|тѣмь
и|і
послѣдь|послѣдь
не|не
могоша|могоша
познати|познаті
тѣла|тѣла
его|его
Блаженааго|блаженааго
же|же
Бориса|боріса
обьртѣвъше|обьртѣвъше
въ|въ
шатьръ|шатьръ
възложивъше|възложівъше
на|на
кола|кола
повезоша|повезоша
и|і
ꙗко|ꙗко
быша|бъіша
на|на
бору|бору
начатъ|начатъ
въскланꙗти|въскланꙗті
ст҃у|ст҃у
главу|главу
свою|свою
и|і
се|се
увѣдѣвъ|увѣдѣвъ
Ст҃плъкъ|ст҃плъкъ
пославъ|пославъ
два|два
варꙗга|варꙗга
и|і
прободоста|прободоста
и|і
мечьмь|мечьмь
въ|въ
ср҃дце|ср҃дце
и|і
тако|тако
съконьча|съконьча
сꙗ|сꙗ
и|і
въсприꙗтъ|въспріꙗтъ
неувѧдꙗемыи|неувѧдꙗемъіі
вѣньць|вѣньць
и|і
положиша|положіша
тѣло|тѣло
ѥго|его
принесъше|прінесъше
Вышегороду|въішегороду
у|у
цр҃кве|цр҃кве
ст҃ааго|ст҃ааго
Василиꙗ|васіліꙗ
въ|въ
земли|землі
погребоша|погребоша
и|і
не|не
до|до
сего|сего
остави|оставі
убииства|убііства
оканьныи|оканьнъіі
Ст҃опълкъ|ст҃опълкъ
нъ|нъ
и|і
на|на
большаꙗ|большаꙗ
неистовꙗ|неістовꙗ
сѧ|сѧ
начатъ|начатъ
простирати|простіраті
сꙗ|сꙗ
и|і
ꙗко|ꙗко
видѣ|відѣ
сѧ|сѧ
желаниѥ|желаніе
ср҃дце|ср҃дце
своѥго|своего
уже|уже
улучивъ|улучівъ
абие|абіе
не|не
въспомꙗну|въспомꙗну
зълааго|зълааго
своѥго|своего
убииства|убііства
и|і
многааго|многааго
убо|убо
съблажнениꙗ|съблажненіꙗ
и|і
ни|ні
малы|малъі
понѣ|понѣ
на|на
покаꙗние|покаꙗніе
преклони|преклоні
сꙗ|сꙗ
нъ|нъ
ту|ту
абиѥ|абіе
въниде|въніде
въ|въ
ср҃дце|ср҃дце
ѥго|его
сотона|сотона
и|і
начаты|начатъі
и|і
пострѣкати|пострѣкаті
вꙗщьша|вꙗщьша
и|і
горьша|горьша
съдѣꙗти|съдѣꙗті
и|і
множаиша|множаіша
убииства|убііства
гл҃лааше|гл҃лааше
бо|бо
въ|въ
дш҃и|дш҃і
своѥи|своеі
оканьнѣи|оканьнѣі
что|что
сътворю|сътворю
аще|аще
бо|бо
до|до
сьде|сьде
оставлю|оставлю
дѣло|дѣло
убииства|убііства
моѥго|моего
то|то
дъвоего|дъвоего
имамъ|імамъ
чаꙗти|чаꙗті
ꙗко|ꙗко
аще|аще
услышать|услъішать
мꙗ|мꙗ
братиꙗ|братіꙗ
моѧ|моѧ
си|сі
же|же
варивъше|варівъше
въздадꙗть|въздадꙗть
ми|мі
и|і
горьша|горьша
сихъ|сіхъ
аще|аще
ли|лі
и|і
не|не
сице|сіце
то|то
да|да
ижденуть|іжденуть
мꙗ|мꙗ
и|і
буду|буду
чюжь|чоужь
престола|престола
оц҃а|оц҃а
моѥго|моего
и|і
жалость|жалость
землѣ|землѣ
моѥꙗ|моеꙗ
сьнѣсть|сьнѣсть
мꙗ|мꙗ
и|і
поношениꙗ|поношеніꙗ
поносꙗщиихъ|поносꙗщііхъ
нападуть|нападуть
на|на
мꙗ|мꙗ
и|і
кънꙗжение|кънꙗженіе
моѥ|мое
прииметь|прііметь
инъ|інъ
и|і
въ|въ
дворѣхъ|дворѣхъ
моихъ|моіхъ
не|не
будеть|будеть
живущааго|жівущааго
зане|зане
ѥгоже|егоже
г҃ь|г҃ь
възлюби|възлюбі
а|а
азъ|азъ
погнахъ|погнахъ
и|і
къ|къ
болѣзни|болѣзні
ꙗзву|ꙗзву
приложихъ|пріложіхъ
приложю|пріложоу
къ|къ
безаконию|безаконію
убо|убо
безакниѥ|безакніе
обаче|обаче
и|і
мт҃ре|мт҃ре
моѥꙗ|моеꙗ
грѣхъ|грѣхъ
да|да
не|не
оцѣстить|оцѣстіть
сꙗ|сꙗ
и|і
съ|съ
правьдьныими|правьдьнъіімі
не|не
напишю|напішоу
сꙗ|сꙗ
нъ|нъ
да|да
потреблю|потреблю
сꙗ|сꙗ
отъ|отъ
книгъ|кнігъ
живущиихъ|жівущііхъ
ꙗкоже|ꙗкоже
и|і
бысть|бъість
ѥже|еже
послѣди|послѣді
съкажемъ|съкажемъ
нынѣ|нъінѣ
же|же
нѣсть|нѣсть
времꙗ|времꙗ
нъ|нъ
на|на
предълежащеѥ|предълежащее
възвратимъ|възвратімъ
сꙗ|сꙗ
и|і
си|сі
на|на
умъ|умъ
си|сі
положивъ|положівъ
зълыи|зълъіі
съвѣтьникъ|съвѣтьнікъ
диꙗволь|діꙗволь
посла|посла
по|по
блаженааго|блаженааго
Глѣба|глѣба
рекъ|рекъ
приди|пріді
въбързѣ|въбързѣ
оц҃ь|оц҃ь
зоветь|зоветь
тꙗ|тꙗ
и|і
не|не
съдравить|съдравіть
ти|ті
вельми|вельмі
онъ|онъ
же|же
въбързѣ|въбързѣ
въ|въ
мале|мале
дружинѣ|дружінѣ
въсѣдъ|въсѣдъ
на|на
конь|конь
поѣха|поѣха
и|і
пришедъ|прішедъ
на|на
Вългу|вългу
на|на
поле|поле
потъче|потъче
сꙗ|сꙗ
подъ|подъ
нимь|німь
конь|конь
въ|въ
ровѣ|ровѣ
и|і
наломи|наломі
ногу|ногу
малы|малъі
и|і
ꙗко|ꙗко
приде|пріде
Смолиньску|смоліньску
и|і
поиде|поіде
отъ|отъ
Смолиньска|смоліньска
ꙗко|ꙗко
зьрѣимъ|зьрѣімъ
ѥдино|едіно
ста|ста
на|на
Смꙗдинѣ|смꙗдінѣ
въ|въ
кораблици|корабліці
и|і
въ|въ
се|се
времꙗ|времꙗ
пришьла|прішьла
бꙗаше|бꙗаше
вѣсть|вѣсть
отъ|отъ
Передъславы|передъславъі
къ|къ
Ꙗрославу|ꙗрославу
ѡ|о
отьни|отьні
съмьрти|съмьрті
и|і
присла|прісла
Ꙗрославъ|ꙗрославъ
къ|къ
Глѣбу|глѣбу
река|река
не|не
ходи|ході
брате|брате
оц҃ь|оц҃ь
ти|ті
умьрлъ|умьрлъ
а|а
братъ|братъ
ти|ті
убиѥнъ|убіенъ
отъ|отъ
Ст҃опълка|ст҃опълка
и|і
си|сі
услышавъ|услъішавъ
блаженыи|блаженъіі
възъпи|възъпі
плачьмь|плачьмь
горькыимь|горькъіімь
и|і
печалию|печалію
ср҃дьчьною|ср҃дьчьною
и|і
сице|сіце
гл҃ааше|гл҃ааше
О|о
увы|увъі
мнѣ|мнѣ
гн҃е|гн҃е
мои|моі
отъ|отъ
двою|двою
плачю|плачоу
плачю|плачоу
сꙗ|сꙗ
и|і
стеню|стеню
дъвою|дъвою
сѣтованию|сѣтованію
сѣтую|сѣтую
и|і
тужю|тужоу
увы|увъі
мнѣ|мнѣ
увы|увъі
мнѣ|мнѣ
плачю|плачоу
зѣло|зѣло
по|по
оц҃и|оц҃і
паче|паче
же|же
плачю|плачоу
сꙗ|сꙗ
и|і
отъчаꙗхъ|отъчаꙗхъ
сꙗ|сꙗ
по|по
тебе|тебе
брате|брате
и|і
гн҃е|гн҃е
Борисе|борісе
како|како
прободенъ|прободенъ
ѥси|есі
како|како
без|без
милости|мілості
прочеѥ|прочее
съмрьти|съмрьті
преда|преда
сꙗ|сꙗ
како|како
не|не
отъ|отъ
врага|врага
нъ|нъ
отъ|отъ
своѥго|своего
брата|брата
пагубу|пагубу
въсприꙗлъ|въспріꙗлъ
ѥси|есі
увы|увъі
мнѣ|мнѣ
уне|уне
бы|бъі
съ|съ
тобою|тобою
умрети|умреті
ми|мі
неже|неже
уединену|уедінену
и|і
усирену|усірену
ѡ҃|о҃
тебе|тебе
въ|въ
семь|семь
житии|жітіі
пожити|пожіті
азъ|азъ
мнѣхъ|мнѣхъ
въбързѣ|въбързѣ
узьрѣти|узьрѣті
лице|ліце
твоѥ|твое
ан҃гльскоѥ|ан҃гльское
ти|ті
се|се
селика|селіка
туга|туга
състиже|състіже
мѧ|мѧ
и|і
уны|унъі
быхъ|бъіхъ
бы|бъі
ми|мі
съ|съ
тобою|тобою
умрети|умреті
гн҃е|гн҃е
мои|моі
нынѣ|нъінѣ
же|же
что|что
сътворю|сътворю
азъ|азъ
умиленыи|уміленъіі
очюженыи|очоуженъіі
отъ|отъ
твоѥꙗ|твоеꙗ
доброты|добротъі
и|і
ѡ҃|о҃
оц҃а|оц҃а
моѥго|моего
мъногааго|мъногааго
разума|разума
о|о
милыи|мілъіі
мои|моі
брате|брате
и|і
гн҃е|гн҃е
аще|аще
ѥси|есі
уполучилъ|уполучілъ
дрьзновениѥ|дрьзновеніе
у|у
г҃а|г҃а
моли|молі
о|о
моѥмь|моемь
унынии|унъініі
да|да
быхъ|бъіхъ
азъ|азъ
съподобленъ|съподобленъ
ту же|туже
страсть|страсть
въсприꙗти|въспріꙗті
и|і
съ|съ
тобою|тобою
жити|жіті
неже|неже
въ|въ
свѣтѣ|свѣтѣ
семь|семь
прельстьнѣмь|прельстьнѣмь
и|і
сице|сіце
ѥму|ему
стенющю|стенющоу
и|і
плачющю|плачоущоу
сꙗ|сꙗ
и|і
сльзами|сльзамі
землю|землю
омачающю|омачающоу
съ|съ
въздыхании|въздъіханіі
частыими|частъіімі
бога|бога
призывающю|прізъівающоу
приспѣша|пріспѣша
вънезапу|вънезапу
посълании|посъланіі
отъ|отъ
Ст҃опълка|ст҃опълка
зълыꙗ|зълъіꙗ
его|его
слугы|слугъі
нем҃лстивии|нем҃лстівіі
кръвопиицѣ|кръвопііцѣ
братоненавидьници|братоненавідьніці
люти|люті
зѣло|зѣло
сверѣпа|сверѣпа
звѣри|звѣрі
душю|душоу
изимающе|ізімающе
ст҃ыи|ст҃ъіі
же|же
поиде|поіде
въ|въ
кораблици|корабліці
и|і
сърѣтоша|сърѣтоша
и|і
устие|устіе
Смꙗдины|смꙗдінъі
и|і
ꙗко|ꙗко
узьрѣ|узьрѣ
ꙗ|ꙗ
ст҃ыи|ст҃ъіі
въздрадова|въздрадова
сꙗ|сꙗ
дш҃ею|дш҃ею
а|а
они|оні
узьрѣвъше|узьрѣвъше
и|і
омрачааху|омрачааху
сꙗ|сꙗ
и|і
гребꙗаху|гребꙗаху
сꙗ|сꙗ
к|к
нему|нему
а|а
сь|сь
цѣлованиꙗ|цѣлованіꙗ
чаꙗꙗше|чаꙗꙗше
отъ|отъ
нихъ|ніхъ
приꙗти|пріꙗті
и|і
ꙗко|ꙗко
быша|бъіша
равьно|равьно
пловуще|пловуще
начаша|начаша
скакати|скакаті
зълии|зъліі
они|оні
въ|въ
лодию|лодію
ѥго|его
обнажены|обнаженъі
меча|меча
имуще|імуще
въ|въ
рукахъ|рукахъ
своихъ|своіхъ
бльщаща|бльщаща
сꙗ|сꙗ
акы|акъі
вода|вода
и|і
абиѥ|абіе
вьсѣмъ|вьсѣмъ
весла|весла
ѡ҃|о҃
руку|руку
испадоша|іспадоша
и|і
вьси|вьсі
отъ|отъ
страха|страха
омьртвѣша|омьртвѣша
си|сі
видѣвъ|відѣвъ
блаженыи|блаженъіі
разумѣвъ|разумѣвъ
ꙗко|ꙗко
хотꙗть|хотꙗть
ѥго|его
убити|убіті
възьрѣвъ|възьрѣвъ
къ|къ
нимъ|німъ
умиленама|уміленама
очима|очіма
и|і
сльзами|сльзамі
лице|ліце
си|сі
умываꙗ|умъіваꙗ
съкрушенъмь|съкрушенъмь
ср҃дцьмь|ср҃дцьмь
съмѣренъмь|съмѣренъмь
разумъмь|разумъмь
и|і
частыимь|частъіімь
въздыханиѥмь|въздъіханіемь
вьсь|вьсь
сльзами|сльзамі
разливаꙗ|разліваꙗ
сꙗ|сꙗ
а|а
тѣлъмъ|тѣлъмъ
утьрпаꙗ|утьрпаꙗ
жалостьно|жалостьно
гласъ|гласъ
испущааше|іспущааше
не|не
дѣите|дѣіте
мене|мене
братиꙗ|братіꙗ
моꙗ|моꙗ
мїлаꙗ|мілаꙗ
и|і
драгаꙗ|драгаꙗ
не|не
дѣите|дѣіте
мене|мене
ни|ні
ничто же|нічтоже
вы|въі
зъла|зъла
сътворивъша|сътворівъша
не|не
брезѣте|брезѣте
братие|братіе
и|і
гь҃ѥ|гь҃е
не|не
брезѣте|брезѣте
кую|кую
обиду|обіду
сътворихъ|сътворіхъ
брату|брату
моѥму|моему
и|і
вамъ|вамъ
братиѥ|братіе
и|і
г҃ьѥ|г҃ье
мои|моі
аще|аще
ли|лі
каꙗ|каꙗ
обида|обіда
ведѣте|ведѣте
мꙗ|мꙗ
къ|къ
кнꙗзю|кнꙗзю
вашему|вашему
а|а
къ|къ
брату|брату
моѥму|моему
и|і
гн҃у|гн҃у
помилуите|помілуіте
уности|уності
моѥѣ|моеѣ
помилуите|помілуіте
г҃ьѥ|г҃ье
мои|моі
вы|въі
ми|мі
будѣте|будѣте
господиѥ|господіе
мои|моі
а|а
азъ|азъ
вамъ|вамъ
рабъ|рабъ
не|не
пожьнете|пожьнете
мене|мене
отъ|отъ
житиꙗ|жітіꙗ
не|не
съзьрѣла|съзьрѣла
не|не
пожьнѣте|пожьнѣте
класа|класа
не|не
у же|уже
съзьрѣвъша|съзьрѣвъша
нъ|нъ
млеко|млеко
безълобиꙗ|безълобіꙗ
носѧща|носѧща
не|не
порѣжете|порѣжете
лозы|лозъі
не|не
до|до
коньца|коньца
въздрастъша|въздрастъша
а|а
плодъ|плодъ
имуща|імуща
молю|молю
вы|въі
сꙗ|сꙗ
и|і
милъ|мілъ
вы|въі
сꙗ|сꙗ
дѣю|дѣю
убоите|убоіте
сꙗ|сꙗ
рекъшааго|рекъшааго
усты|устъі
апc҇льскы|апсльскъі
не|не
дѣти|дѣті
бываите|бъіваіте
умы|умъі
зълобиѥмь|зълобіемь
же|же
младеньствуите|младеньствуіте
а|а
умы|умъі
съвьршени|съвьршені
бываите|бъіваіте
азъ|азъ
братиѥ|братіе
и|і
зълобиемь|зълобіемь
и|і
въздрастъмь|въздрастъмь
еще|еще
младеньствую|младеньствую
се|се
нѣсть|нѣсть
убииство|убііство
нъ|нъ
сырорѣзание|съірорѣзаніе
чьто|чьто
зъло|зъло
сътворихъ|сътворіхъ
съвѣдѣтельствуите|съвѣдѣтельствуіте
ми|мі
и|і
не|не
жалю|жалю
си|сі
аще|аще
ли|лі
кръви|кръві
моѥѣ|моеѣ
насытити|насъітіті
сꙗ|сꙗ
хочете|хочете
уже|уже
въ|въ
руку|руку
вы|въі
ѥсмь|есмь
братие|братіе
и|і
брату|брату
моѥму|моему
а|а
вашему|вашему
кнꙗзю|кнꙗзю
и|і
ни|ні
понѣ|понѣ
ѥдиного|едіного
словесе|словесе
постыдѣша|постъідѣша
сꙗ|сꙗ
нъ|нъ
ꙗко|ꙗко
же|же
убо|убо
сверѣпии|сверѣпіі
звѣрие|звѣріе
тако|тако
въсхытиша|въсхъітіша
ѥго|его
онъ|онъ
же|же
видѣвъ|відѣвъ
ꙗко|ꙗко
не|не
вънемлють|вънемлють
словесъ|словесъ
ѥго|его
начатъ|начатъ
глаголати|глаголаті
сице|сіце
сп҃си|сп҃сі
сѧ|сѧ
милыи|мілъіі
мои|моі
оч҃е|оч҃е
и|і
господине|господіне
Василиѥ|васіліе
сп҃си|сп҃сі
сѧ|сѧ
мт҃и|мт҃і
и|і
госпоже|госпоже
моꙗ|моꙗ
сп҃си|сп҃сі
сѧ|сѧ
и|і
ты|тъі
брате|брате
Борисе|борісе
старѣишино|старѣішіно
уности|уності
моѥꙗ|моеꙗ
сп҃си|сп҃сі
сѧ|сѧ
и|і
ты|тъі
брате|брате
и|і
поспѣшителю|поспѣшітелю
Ꙗрославе|ꙗрославе
сп҃си|сп҃сі
сѧ|сѧ
и|і
ты|тъі
брате|брате
и|і
враже|враже
Ст҃опълче|ст҃опълче
сп҃сете|сп҃сете
сꙗ|сꙗ
и|і
вы|въі
братиѥ|братіе
и|і
дружино|дружіно
вьси|вьсі
сп҃сете|сп҃сете
сꙗ|сꙗ
уже|уже
не|не
имамъ|імамъ
васъ|васъ
видѣти|відѣті
въ|въ
житии|жітіі
семь|семь
зане|зане
разлучаѥмъ|разлучаемъ
ѥсмь|есмь
отъ|отъ
васъ|васъ
съ|съ
нужею|нужею
и|і
гл҃ааше|гл҃ааше
плача|плача
сꙗ|сꙗ
Василиѥ|васіліе
Василиѥ|васіліе
оч҃е|оч҃е
мои|моі
и|і
господине|господіне
приклони|пріклоні
ухо|ухо
твоѥ|твое
и|і
услыши|услъіші
гласъ|гласъ
мои|моі
и|і
призьри|прізьрі
и|і
вижь|віжь
приключьшаꙗ|пріключьшаꙗ
сѧ|сѧ
чаду|чаду
твоѥму|твоему
како|како
без|без
вины|вінъі
закалаѥмъ|закалаемъ
ѥсмь|есмь
увы|увъі
мнѣ|мнѣ
увы|увъі
мнѣ|мнѣ
слыши|слъіші
небо|небо
и|і
вънуши|вънуші
земле|земле
и|і
ты|тъі
Борисе|борісе
брате|брате
услыши|услъіші
гласа|гласа
моѥго|моего
оц҃а|оц҃а
моѥго|моего
Васїлиꙗ|васіліꙗ
призъвахъ|прізъвахъ
и|і
не|не
послуша|послуша
мене|мене
то|то
ни|ні
ты|тъі
не|не
хочеши|хочеші
мене|мене
послушати|послушаті
вижь|віжь
скьрбь|скьрбь
ср҃дца|ср҃дца
моѥго|моего
и|і
ꙗзву|ꙗзву
д҃ша|д҃ша
моѥꙗ|моеꙗ
вижь|віжь
течениѥ|теченіе
сльзъ|сльзъ
моихъ|моіхъ
ꙗко|ꙗко
рѣку|рѣку
и|і
никтоже|ніктоже
не|не
вънемлеть|вънемлеть
ми|мі
нъ|нъ
ты|тъі
убо|убо
помѧни|помѧні
мꙗ|мꙗ
и|і
помоли|помолі
сѧ|сѧ
о|о
мнѣ|мнѣ
къ|къ
обьщему|обьщему
вл҃дцѣ|вл҃дцѣ
ꙗко|ꙗко
имѣꙗ|імѣꙗ
дьрзновение|дьрзновеніе
и|і
престоꙗ|престоꙗ
у|у
престола|престола
ѥго|его
и|і
начатъ|начатъ
преклонь|преклонь
колѣнѣ|колѣнѣ
молити|моліті
сꙗ|сꙗ
сице|сіце
прещедрыи|прещедръіі
и|і
премилостиве|премілостіве
г҃и|г҃і
сльзъ|сльзъ
моихъ|моіхъ
не|не
премълчи|премълчі
нъ|нъ
умили|умілі
сꙗ|сꙗ
на|на
моѥ|мое
уныниѥ|унъініе
вижь|віжь
съкрушениѥ|съкрушеніе
ср҃дца|ср҃дца
моѥго|моего
се|се
бо|бо
закалаемъ|закалаемъ
ѥсмь|есмь
не|не
вѣмь|вѣмь
чьто|чьто
ради|раді
или|ілі
за|за
котерую|котерую
обиду|обіду
не|не
съвѣдѣ|съвѣдѣ
ты|тъі
вѣси|вѣсі
г҃и|г҃і
г҃и|г҃і
мои|моі
вѣмь|вѣмь
тꙗ|тꙗ
рекъша|рекъша
къ|къ
своимъ|своімъ
апостоломъ|апостоломъ
ꙗко|ꙗко
За|за
имꙗ|імꙗ
моѥ|мое
мене|мене
ради|раді
възложать|възложать
на|на
вы|въі
рукы|рукъі
и|і
предани|предані
будете|будете
родъмь|родъмь
и|і
другы|другъі
и|і
братъ|братъ
брата|брата
предасть|предасть
на|на
съмьрть|съмьрть
и|і
умьртвꙗть|умьртвꙗть
вы|въі
имене|імене
моѥго|моего
ради|раді
и|і
пакы|пакъі
въ|въ
тьрпѣнии|тьрпѣніі
вашемъ|вашемъ
сътѧжите|сътѧжіте
дш҃а|дш҃а
ваша|ваша
вижь|віжь
г҃и|г҃і
и|і
суди|суді
се|се
бо|бо
готова|готова
ѥсть|есть
душа|душа
моꙗ|моꙗ
предъ|предъ
тобою|тобою
г҃и|г҃і
и|і
тебе|тебе
славу|славу
въсылаѥмъ|въсъілаемъ
оц҃ю|оц҃ю
и|і
с҃ну|с҃ну
и|і
ст҃ууму|ст҃ууму
духу|духу
нынѣ|нъінѣ
и|і
присно|прісно
и|і
въ|въ
вѣкы|вѣкъі
вѣкомъ|вѣкомъ
аминь|амінь
Таче|таче
възьрѣвъ|възьрѣвъ
къ|къ
нимъ|німъ
умиленъмь|уміленъмь
гласъмь|гласъмь
и|і
измълкъшьмь|ізмълкъшьмь
грьтаньмь|грьтаньмь
рече|рече
то|то
уже|уже
сътворивъше|сътворівъше
приступльше|пріступльше
сътворите|сътворіте
на|на
не же|неже
посълани|посълані
ѥсте|есте
тъгда|тъгда
оканьныи|оканьнъіі
Горꙗсѣръ|горꙗсѣръ
повелѣ|повелѣ
зарѣзати|зарѣзаті
и|і
въбързѣ|въбързѣ
поваръ|поваръ
же|же
Глѣбовъ|глѣбовъ
именьмь|іменьмь
Търчинъ|търчінъ
изьмъ|ізьмъ
ножь|ножь
и|і
имъ|імъ
бл҃женааго|бл҃женааго
и|і
закла|закла
и|і
ꙗко|ꙗко
агнꙗ|агнꙗ
непорочьно|непорочьно
и|і
безлобиво|безлобіво
мцc҇а|мцса
септꙗбрꙗ|септꙗбрꙗ
въ|въ
е҃|е҃
дн҃ь|дн҃ь
въ|въ
понеделникъ|понеделнікъ
и|і
принесе|прінесе
сꙗ|сꙗ
жьртва|жьртва
чиста|чіста
господеви|господеві
и|і
бл҃говоньна|бл҃говоньна
и|і
възиде|възіде
въ|въ
нб҃сныꙗ|нб҃снъіꙗ
обители|обітелі
къ|къ
г҃у|г҃у
и|і
узьрѣ|узьрѣ
желаемааго|желаемааго
си|сі
брата|брата
и|і
въсприꙗста|въспріꙗста
вѣньца|вѣньца
нб҃сныꙗ|нб҃снъіꙗ
ѥгоже|егоже
и|і
въжелѣста|въжелѣста
и|і
въздрадоваста|въздрадоваста
сꙗ|сꙗ
радостию|радостію
великою|велікою
неиздреченьною|неіздреченьною
юже|юже
и|і
улучиста|улучіста
оканьнии|оканьніі
же|же
они|оні
ѹбоицѣ|оубоіцѣ
възвративъше|възвратівъше
сꙗ|сꙗ
к|к
посълавъшюѹмѹ|посълавъшоуоумоу
ꙗ|ꙗ
ѧкоже|ѧкоже
рече|рече
Дв҃дъ|дв҃дъ
възвратꙗть|възвратꙗть
сꙗ|сꙗ
грѣшьници|грѣшьніці
въ|въ
адъ|адъ
и|і
вьси|вьсі
забывающии|забъівающіі
б҃а|б҃а
и|і
пакы|пакъі
орѹжиѥ|ороужіе
звлекоша|звлекоша
грѣшьници|грѣшьніці
напрꙗгоша|напрꙗгоша
лукъ|лукъ
свои|своі
заклати|заклаті
правыꙗ|правъіꙗ
сьрдьцьмь|сьрдьцьмь
и|і
оружиѥ|оружіе
ихъ|іхъ
вънидеть|вънідеть
въ|въ
ср҃дца|ср҃дца
их|іх
и|і
луци|луці
ихъ|іхъ
съкрушать|съкрушать
сѧ|сѧ
ꙗко|ꙗко
грѣшьници|грѣшьніці
погыбънуть|погъібънуть
и|і
ꙗко|ꙗко
съказаша|съказаша
Ст҃опълку|ст҃опълку
ꙗко|ꙗко
сътворихомъ|сътворіхомъ
повеленоѥ|повеленое
тобою|тобою
и|і
си|сі
слышавъ|слъішавъ
възнесе|възнесе
сꙗ|сꙗ
срьдьцьмь|срьдьцьмь
и|і
събысть|събъість
сꙗ|сꙗ
реченоѥ|реченое
псалмопѣвьцемь|псалмопѣвьцемь
Дв҃дъмь|дв҃дъмь
чьто|чьто
сꙗ|сꙗ
хвалиши|хваліші
сильныи|сільнъіі
о|о
зълобѣ|зълобѣ
безаконие|безаконіе
вь|вь
сь|сь
дн҃ь|дн҃ь
неправьдѹ|неправьдоу
умысли|умъіслі
ꙗзыкъ|ꙗзъікъ
твои|твоі
възлюбилъ|възлюбілъ
ѥси|есі
зълобу|зълобу
паче|паче
бл҃гостынѣ|бл҃гостъінѣ
неправьду|неправьду
неже|неже
глаголаати|глаголааті
правьду|правьду
възлюбилъ|възлюбілъ
ѥси|есі
вьсꙗ|вьсꙗ
гл҃ы|гл҃ъі
потопьныꙗ|потопьнъіꙗ
и|і
ꙗзыкъ|ꙗзъікъ
льстьвъ|льстьвъ
сего|сего
ради|раді
раздрушить|раздрушіть
тѧ|тѧ
богъ|богъ
до|до
коньца|коньца
въстьргнеть|въстьргнеть
тѧ|тѧ
и|і
преселить|преселіть
тꙗ|тꙗ
отъ|отъ
села|села
твоѥго|твоего
и|і
корень|корень
твои|твоі
отъ|отъ
землꙗ|землꙗ
живущихъ|жівущіхъ
убиѥну|убіену
же|же
Глѣбови|глѣбові
и|і
повьржену|повьржену
на|на
пустѣ|пустѣ
мѣстѣ|мѣстѣ
межю|межоу
дъвѣма|дъвѣма
колодама|колодама
и|і
господь|господь
не|не
оставлꙗѧи|оставлꙗѧі
своихъ|своіхъ
рабъ|рабъ
ꙗкоже|ꙗкоже
рече|рече
Дв҃дъ|дв҃дъ
хранить|храніть
г҃ь|г҃ь
вьсꙗ|вьсꙗ
кости|кості
ихъ|іхъ
и|і
ни|ні
ѥдина|едіна
отъ|отъ
нихъ|ніхъ
съкрушить|съкрушіть
сꙗ|сꙗ
и|і
сему|сему
убо|убо
ст҃ууму|ст҃ууму
лежащю|лежащоу
дълго|дълго
времꙗ|времꙗ
не|не
остави|оставі
въ|въ
невѣдѣнии|невѣдѣніі
и|і
небрежении|небреженіі
отинудь|отінудь
пребыти|пребъіті
не врежену|неврежену
нъ|нъ
показа|показа
овогда|овогда
бо|бо
видѣша|відѣша
стълпъ|стълпъ
огньнъ|огньнъ
овогда|овогда
свѣщѣ|свѣщѣ
горущѣ|горущѣ
и|і
пакы|пакъі
пѣниꙗ|пѣніꙗ
анг҃льскаꙗ|анг҃льскаꙗ
слышааху|слъішааху
мимоходꙗщии|мімоходꙗщіі
же|же
путьмь|путьмь
гостиѥ|гостіе
ини|іні
же|же
ловы|ловъі
дѣюще|дѣюще
и|і
пасуще|пасуще
си|сі
же|же
видꙗще|відꙗще
и|і
слышаще|слъішаще
не|не
бысть|бъість
памꙗти|памꙗті
ни|ні
ѥдиному|едіному
же|же
о|о
възискании|възісканіі
телесе|телесе
ст҃ааго|ст҃ааго
дондеже|дондеже
Ꙗрославъ|ꙗрославъ
не|не
тьрпѧ|тьрпѧ
сего|сего
зълааго|зълааго
убииства|убііства
движе|двіже
сꙗ|сꙗ
на|на
братоубиица|братоубііца
оного|оного
оканьньнааго|оканьньнааго
Ст҃оплъка|ст҃оплъка
и|і
брани|брані
мъногы|мъногъі
съ|съ
нимь|німь
съставивъ|съставівъ
и|і
вьсегда|вьсегда
пособиѥмь|пособіемь
б҃жиѥмь|б҃жіемь
и|і
поспѣшениѥмь|поспѣшеніемь
ст҃ою|ст҃ою
побѣдивъ|побѣдівъ
ѥлико|еліко
брани|брані
състави|съставі
оканьныи|оканьнъіі
посрамленъ|посрамленъ
и|і
побѣженъ|побѣженъ
възвращааше|възвращааше
сꙗ|сꙗ
прочеѥ|прочее
же|же
сь|сь
трьклꙗтꙑи|трьклꙗтъіі
прииде|прііде
съ|съ
множьствъмь|множьствъмь
печенѣгъ|печенѣгъ
и|і
ꙗрославъ|ꙗрославъ
съвъкѹпивъ|съвъкоупівъ
воѧ|воѧ
изиде|ізіде
противѹ|протівоу
ѥмѹ|емоу
на|на
льто|льто
и|і
ста|ста
на|на
мѣстѣ|мѣстѣ
идеже|ідеже
бѣ|бѣ
ѹбиѥнъ|оубіенъ
ст҃ꙑи|ст҃ъіі
борисъ|борісъ
и|і
въздѣвъ|въздѣвъ
рѹцѣ|роуцѣ
на|на
небо|небо
и|і
рече|рече
се|се
кръвь|кръвь
брата|брата
моѥго|моего
въпиѥть|въпіеть
къ|къ
тебе|тебе
вл҃дко|вл҃дко
ꙗкоже|ꙗкоже
и|і
авелевава|авелевава
преже|преже
и|і
тꙑ|тъі
мьсти|мьсті
ѥго|его
ꙗкоже|ꙗкоже
и|і
на|на
ономь|ономь
положи|положі
стонаниѥ|стонаніе
и|і
трꙗсенїѥ|трꙗсеніе
на|на
братоѹбиици|братооубііці
каинѣ|каінѣ
еи|еі
молю|молю
тꙗ|тꙗ
г҃и|г҃і
да|да
въсприимѹть|въспріімоуть
противѹ|протівоу
томѹ|томоу
и|і
помоли|помолі
сꙗ|сꙗ
и|і
рек|рек
О|о
брата|брата
моꙗ|моꙗ
аще|аще
и|і
тѣлъмь|тѣлъмь
ошьла|ошьла
ѥста|еста
нъ|нъ
бл҃годатию|бл҃годатію
жива|жіва
ѥста|еста
и|і
госповеди|госповеді
предъстоита|предъстоіта
и|і
молитвою|молітвою
помозѣта|помозѣта
ми|мі
и|і
си|сі
рекъ|рекъ
и|і
поидоша|поідоша
противѹ|протівоу
собѣ|собѣ
и|і
покрꙑша|покръіша
поле|поле
льтьскоѥ|льтьское
множьствъмь|множьствъмь
вои|воі
и|і
състѹпиша|състоупіша
сꙗ|сꙗ
въсходꙗщю|въсходꙗщоу
сл҃нцю|сл҃нцоу
и|і
бысть|бъість
сѣча|сѣча
зла|зла
отинѹдь|отіноудь
и|і
състѹпаша|състоупаша
сꙗ|сꙗ
тришьдꙑ|трішьдъі
и|і
биша|біша
сꙗ|сꙗ
чересъ|чересъ
дн҃ь|дн҃ь
вьсь|вьсь
и|і
ѹже|оуже
къ|къ
вечерѹ|вечероу
одолѣ|одолѣ
ꙗрославъ|ꙗрославъ
а|а
сь|сь
оканьнꙑи|оканьнъіі
ст҃опълкъ|ст҃опълкъ
побѣже|побѣже
и|і
нападе|нападе
на|на
нь|нь
бѣсъ|бѣсъ
и|і
раслабѣша|раслабѣша
кости|кості
его|его
ꙗко|ꙗко
не|не
мощи|мощі
ни|ні
на|на
кони|коні
съдѣти|съдѣті
и|і
несꙗхѹть|несꙗхоуть
ѥго|его
на|на
носилѣхъ|носілѣхъ
и|і
прибѣгоша|прібѣгоша
берестию|берестію
съ|съ
нимъ|німъ
онъ|онъ
же|же
рече|рече
Побѣгнѣте|побѣгнѣте
осе|осе
женѹть|женоуть
по|по
насъ|насъ
и|і
посꙑлахѹть|посъілахоуть
противѹ|протівоу
и|і
не|не
бѣ|бѣ
ни|ні
гонꙗщааго|гонꙗщааго
ни|ні
женѹщааго|женоущааго
въ|въ
слѣдъ|слѣдъ
ѥго|его
и|і
лежа|лежа
въ|въ
немощи|немощі
въсхопивъ|въсхопівъ
сꙗ|сꙗ
глаголааше|глаголааше
побѣгнѣмꙑ|побѣгнѣмъі
ѥще|еще
женѹть|женоуть
охъ|охъ
мнѣ|мнѣ
и|і
не|не
можааше|можааше
тьрпѣти|тьрпѣті
на|на
ѥдиномь|едіномь
мѣстѣ|мѣстѣ
пробѣже|пробѣже
лꙗдьскѹ|лꙗдьскоу
землю|землю
гонимъ|гонімъ
гнѣвъмь|гнѣвъмь
бж҃иѥмь|бж҃іемь
и|і
прибѣже|прібѣже
въ|въ
пѹстꙑню|поустъіню
межю|межоу
чехꙑ|чехъі
и|і
лꙗхꙑ|лꙗхъі
и|і
тѹ|тоу
испроврьже|іспроврьже
животъ|жівотъ
свои|своі
зълѣ|зълѣ
и|і
приꙗть|пріꙗть
възмьздиѥ|възмьздіе
отъ|отъ
г҃а|г҃а
ꙗкоже|ꙗкоже
показа|показа
сꙗ|сꙗ
посъланаꙗ|посъланаꙗ
на|на
нь|нь
пагѹбьнаꙗ|пагоубьнаꙗ
рана|рана
и|і
по|по
съмьрти|съмьрті
мѹкѹ|моукоу
вѣчьнѹю|вѣчьноую
и|і
тако|тако
обою|обою
животѹ|жівотоу
лихованъ|ліхованъ
бысть|бъість
и|і
сьде|сьде
не|не
тъкъмо|тъкъмо
кнѧжениꙗ|кнѧженіꙗ
нъ|нъ
и|і
живота|жівота
гонезе|гонезе
и|і
тамо|тамо
не|не
тъкъмо|тъкъмо
цр҃ствиꙗ|цр҃ствіꙗ
нб҃снааго|нб҃снааго
и|і
ѥже|еже
съ|съ
ангелꙑ|ангелъі
житиꙗ|жітіꙗ
погрѣши|погрѣші
нъ|нъ
и|і
муцѣ|муцѣ
и|і
огню|огню
предасть|предасть
сꙗ|сꙗ
и|і
есть|есть
могꙑла|могъіла
ѥго|его
и|і
до|до
сего|сего
дн҃е|дн҃е
и|і
исходить|ісходіть
отъ|отъ
неѣ|неѣ
смрадъ|смрадъ
зълꙑи|зълъіі
на|на
показаниѥ|показаніе
чл҃вкомъ|чл҃вкомъ
да|да
аще|аще
кто|кто
си|сі
сътворить|сътворіть
слꙑша|слъіша
таковаꙗ|таковаꙗ
си|сі
же|же
прииметь|прііметь
и|і
вꙗщьша|вꙗщьша
сихъ|сіхъ
ꙗкоже|ꙗкоже
каинъ|каінъ
не|не
вѣдыи|вѣдъіі
мьсти|мьсті
приꙗти|пріꙗті
и|і
ѥдинѹ|едіноу
приꙗ|пріꙗ
а|а
ламехъ|ламехъ
зане|зане
вѣдѣвъ|вѣдѣвъ
на|на
каинѣ|каінѣ
тѣмь|тѣмь
же|же
седмьдесꙗтицею|седмьдесꙗтіцею
мьсти|мьсті
сꙗ|сꙗ
ѥмѹ|емоу
така|така
ти|ті
сѹть|соуть
отъмьстиꙗ|отъмьстіꙗ
зълыимъ|зълъіімъ
дѣлателемъ|дѣлателемъ
ꙗкоже|ꙗкоже
бо|бо
иѹлиꙗнъ|іоуліꙗнъ
ц҃срь|ц҃срь
иже|іже
мъногы|мъногъі
кръви|кръві
ст҃ыихъ|ст҃ъііхъ
мчнкъ|мчнкъ
пролиꙗвъ|проліꙗвъ
горькѹю|горькоую
и|і
нечл҃вчьнѹю|нечл҃вчьноую
съмьрть|съмьрть
приꙗ|пріꙗ
не|не
вѣдомо|вѣдомо
отъ|отъ
кого|кого
прободенъ|прободенъ
бысть|бъість
копиѥмь|копіемь
въ|въ
ср҃дце|ср҃дце
въдрѹженъ|въдроуженъ
тако|тако
и|і
сь|сь
бѣгаꙗ|бѣгаꙗ
не|не
вѣдыи|вѣдъіі
сꙗ|сꙗ
отъ|отъ
кого|кого
зълострастьнѹ|зълострастьноу
съмьрть|съмьрть
приꙗ|пріꙗ
и|і
ѡттолѣ|оттолѣ
крамола|крамола
преста|преста
въ|въ
рѹсьскѣ|роусьскѣ
земли|землі
а|а
ꙗрославъ|ꙗрославъ
преꙗ|преꙗ
вьсю|вьсю
волость|волость
рѹсьскую|роусьскую
и|і
начатъ|начатъ
въпрашати|въпрашаті
о|о
тьльсьхъ|тьльсьхъ
ст҃ою|ст҃ою
како|како
или|ілі
кде|кде
положена|положена
ѥста|еста
и|і
о|о
ст҃ѣмь|ст҃ѣмь
борисѣ|борісѣ
повѣдаша|повѣдаша
ѥмѹ|емоу
ꙗко|ꙗко
вышегородѣ|въішегородѣ
положенъ|положенъ
ѥсть|есть
а|а
о|о
ст҃ѣмь|ст҃ѣмь
глѣбѣ|глѣбѣ
не|не
вьси|вьсі
съвѣдꙗаху|съвѣдꙗаху
ꙗко|ꙗко
смолиньскѣ|смоліньскѣ
убиѥнъ|убіенъ
ѥсть|есть
и|і
тъгда|тъгда
съказаша|съказаша
ѥму|ему
ꙗже|ꙗже
слышаша|слъішаша
ѡт|от
приходꙗщиихъ|пріходꙗщііхъ
отътѹдѹ|отътоудоу
како|како
видѣша|відѣша
свѣтъ|свѣтъ
и|і
свѣщѣ|свѣщѣ
въ|въ
пѹстѣ|поустѣ
мѣстѣ|мѣстѣ
и|і
то|то
слышавъ|слъішавъ
посъла|посъла
смолиньскѹ|смоліньскоу
на|на
възисканиѥ|възісканіе
презвутеры|презвутеръі
рекыи|рекъіі
ꙗко|ꙗко
то|то
ѥсть|есть
братъ|братъ
мои|моі
и|і
обретоша|обретоша
и|і
идеже|ідеже
бѣша|бѣша
вїдѣли|відѣлі
и|і
шьдъше|шьдъше
съ|съ
крьсты|крьстъі
и|і
съ|съ
свѣщами|свѣщамі
мънозѣми|мънозѣмі
и|і
съ|съ
ка[н]дилы|канділъі
и|і
съ|съ
чьстию|чьстію
многою|многою
и|і
въложьше|въложьше
въ|въ
корабль|корабль
и|і
пришедъше|прішедъше
положиша|положіша
и|і
вышегородѣ|въішегородѣ
идеже|ідеже
лежить|лежіть
и|і
тѣло|тѣло
преблаженааго|преблаженааго
бориса|боріса
и|і
раскопавъше|раскопавъше
землю|землю
и|і
тако|тако
же|же
положиша|положіша
и|і
недоѹмѣюще|недооумѣюще
ꙗкоже|ꙗкоже
бѣ|бѣ
лепо|лепо
пречьстьнѣ|пречьстьнѣ
се|се
же|же
пречюдьно|пречоудьно
бысть|бъість
и|і
дивьно|дівьно
и|і
памѧти|памѧті
достоино|достоіно
како|како
и|і
колико|коліко
лѣтъ|лѣтъ
лежавъ|лежавъ
тѣло|тѣло
ст҃го|ст҃го
то|то
же|же
не|не
врежено|врежено
пребысть|пребъість
ни|ні
отъ|отъ
коѥгоже|коегоже
плътоꙗдьца|плътоꙗдьца
ни|ні
бѣаше|бѣаше
почьрнѣло|почьрнѣло
ꙗко же|ꙗкоже
обычаи|объічаі
имѹть|імоуть
телеса|телеса
мьртвыхъ|мьртвъіхъ
нъ|нъ
свѣтьло|свѣтьло
и|і
красьно|красьно
и|і
цѣло|цѣло
и|і
бл҃гѹ|бл҃гоу
воню|воню
имѹщю|імоущоу
тако|тако
богѹ|богоу
съхранивъшю|съхранівъшоу
своѥго|своего
своѥго|своего
страстотьрпьца|страстотьрпьца
тѣло|тѣло
и|і
не|не
вѣдꙗхѹ|вѣдꙗхоу
мнози|мнозі
тѹ|тоу
лежащю|лежащоу
ст҃ою|ст҃ою
страстотьрпьцю|страстотьрпьцоу
телесѹ|телесоу
нъ|нъ
ꙗкоже|ꙗкоже
рече|рече
г҃ь|г҃ь
не|не
можеть|можеть
градъ|градъ
ѹкрыти|оукръіті
сꙗ|сꙗ
врьхѹ|врьхоу
горы|горъі
стоꙗ|стоꙗ
ни|ні
свѣщѣ|свѣщѣ
въжьгъше|въжьгъше
спѹдъмь|споудъмь
покрывають|покръівають
нъ|нъ
на|на
свѣтилѣ|свѣтілѣ
поставлꙗють|поставлꙗють
да|да
свѣтить|свѣтіть
тьмьныꙗ|тьмьнъіꙗ
тако|тако
и|і
си|сі
с҃таꙗ|с҃таꙗ
постави|поставі
свѣтити|свѣтіті
въ|въ
мирѣ|мірѣ
премногыими|премногъіімі
чюдесы|чоудесъі
сиꙗти|сіꙗті
въ|въ
рѹсьскѣи|роусьскѣі
сторонѣ|сторонѣ
велицѣи|веліцѣі
идеже|ідеже
множьство|множьство
стражющиихъ|стражоущііхъ
съпасени|съпасені
бывають|бъівають
слѣпии|слѣпіі
прозирають|прозірають
хромии|хроміі
быстрѣѥ|бъістрѣе
сьрны|сьрнъі
рищуть|ріщуть
сълѹции|сълоуціі
простьрениѥ|простьреніе
приѥмлють|пріемлють
нъ|нъ
или|ілі
могѹ|могоу
вьсꙗ|вьсꙗ
съповѣдати|съповѣдаті
или|ілі
съказаати|съказааті
творимаꙗ|творімаꙗ
чюдесы|чоудесъі
по|по
истинѣ|істінѣ
ни|ні
вьсь|вьсь
миръ|міръ
можеть|можеть
понести|понесті
ꙗже|ꙗже
дѣють|дѣють
сꙗ|сꙗ
предивьнаꙗ|предівьнаꙗ
чюдеса|чоудеса
и|і
паче|паче
пѣсъка|пѣсъка
морьскааго|морьскааго
и|і
не|не
тѹ|тоу
ѥдинде|едінде
нъ|нъ
и|і
по|по
вьсѣмъ|вьсѣмъ
сторонамъ|сторонамъ
и|і
по|по
вьсѣмъ|вьсѣмъ
зѣмлꙗмъ|зѣмлꙗмъ
преходꙗща|преходꙗща
болѣзни|болѣзні
вьсꙗ|вьсꙗ
и|і
недѹгы|недоугъі
отъгонита|отъгоніта
сѹщиихъ|соущііхъ
въ|въ
тьмьницахъ|тьмьніцахъ
и|і
въ|въ
ѹзахъ|оузахъ
посѣщающа|посѣщающа
и|і
на|на
мѣстѣ[хъ|мѣстѣхъ
идеже|ідеже
мч҃нчьскыимь|мч҃нчьскъіімь
вѣньцьмь|вѣньцьмь
ѹвꙗзоста|оувꙗзоста
сꙗ|сꙗ
съзьданѣ|съзьданѣ
быста|бъіста
цр҃кви|цр҃кві
въ|въ
имꙗ|імꙗ
ѥю|ею
да|да
и|і
тѹ|тоу
тако|тако
же|же
многа|многа
чюдеса|чоудеса
посѣщающа|посѣщающа
съдѣваѥта|съдѣваета
тѣмь|тѣмь
же|же
ваю|ваю
како|како
похвалити|похваліті
не|не
съвѣмъ|съвѣмъ
или|ілі
чьто|чьто
рещи|рещі
недоѹмѣю|недооумѣю
и|і
не|не
възмогѹ|възмогоу
ан҃гла|ан҃гла
ли|лі
ва|ва
нарекѹ|нарекоу
имьже|імьже
въскорѣ|въскорѣ
обрѣтаета|обрѣтаета
сꙗ|сꙗ
близъ|блізъ
скърбꙗщиихъ|скърбꙗщііхъ
нъ|нъ
плътьскꙑ|плътьскъі
на|на
земли|землі
пожила|пожіла
ѥста|еста
въ|въ
чловѣчьствѣ|чловѣчьствѣ
чл҃вка|чл҃вка
ли|лі
ва|ва
именѹю|іменоую
то|то
паче|паче
всего|всего
чл҃вчьска|чл҃вчьска
ѹма|оума
преходита|преходіта
множьствъмь|множьствъмь
чюдесъ|чоудесъ
и|і
посѣщениѥмь|посѣщеніемь
немощьнꙑихъ|немощьнъііхъ
цc҇рꙗ|цсрꙗ
ли|лі
кнꙗзꙗ|кнꙗзꙗ
ли|лі
ва|ва
проглаголю|проглаголю
нъ|нъ
паче|паче
чл҃вка|чл҃вка
ѹбо|оубо
проста|проста
и|і
съмѣрена|съмѣрена
съмѣрениѥ|съмѣреніе
бо|бо
сътѧжала|сътѧжала
ѥста|еста
имьже|імьже
вꙑсокаꙗ|въісокаꙗ
мѣста|мѣста
и|і
жилища|жіліща
въселиста|въселіста
сꙗ|сꙗ
по|по
истинѣ|істінѣ
вꙑ|въі
цесарꙗ|цесарꙗ
цc҇ремъ|цсремъ
и|і
кнꙗзꙗ|кнꙗзꙗ
кънꙗземъ|кънꙗземъ
ибо|ібо
ваю|ваю
пособиѥмь|пособіемь
и|і
защїщениѥмь|защіщеніемь
кнꙗзи|кнꙗзі
наши|наші
противѹ|протівоу
въстающаꙗ|въстающаꙗ
дьржавьно|дьржавьно
побѣжають|побѣжають
и|і
ваю|ваю
помощию|помощію
хвалꙗть|хвалꙗть
сꙗ|сꙗ
вꙑ|въі
бо|бо
тѣмъ|тѣмъ
и|і
намъ|намъ
орѹжиѥ|ороужіе
землꙗ|землꙗ
рѹсьскꙑꙗ|роусьскъіꙗ
забрала|забрала
и|і
ѹтвьржениѥ|оутвьрженіе
и|і
меча|меча
обоюдѹ остра|обоюдоуостра
има|іма
же|же
дьрзость|дьрзость
поганьскѹю|поганьскоую
низълагаемъ|нізълагаемъ
и|і
диꙗволꙗ|діꙗволꙗ
шатаниꙗ|шатаніꙗ
въ|въ
земли|землі
попираемъ|попіраемъ
по|по
истинѣ|істінѣ
несѹмьньнѣ|несоумьньнѣ
рещи|рещі
възмогѹ|възмогоу
вꙑ|въі
ѹбо|оубо
нб҃сьнаꙗ|нб҃сьнаꙗ
чловѣка|чловѣка
ѥста|еста
земльнаꙗ|земльнаꙗ
анг҃ла|анг҃ла
стълпа|стълпа
и|і
ѹтвьржениѥ|оутвьрженіе
землѣ|землѣ
нашеꙗ|нашеꙗ
тѣмь|тѣмь
же|же
и|і
борета|борета
по|по
своѥмь|своемь
отьчьствѣ|отьчьствѣ
и|і
пособита|пособіта
ꙗкоже|ꙗкоже
и|і
великии|велікіі
димитрии|дімітріі
по|по
своѥмь|своемь
отьчьствѣ|отьчьствѣ
рекъ|рекъ
аще|аще
ѹбо|оубо
и|і
веселꙗщемъ|веселꙗщемъ
сꙗ|сꙗ
имъ|імъ
съ|съ
ними|німі
бѣхъ|бѣхъ
тако|тако
же|же
и|і
погꙑбающемъ|погъібающемъ
имъ|імъ
съ|съ
нимь|німь
ѹмьрѹ|оумьроу
нъ|нъ
обаче|обаче
сии|сіі
великꙑи|велікъіі
милъср҃дꙑи|мілъср҃дъіі
димитрии|дімітріі
о|о
ѥдиномь|едіномь
градѣ|градѣ
сице|сіце
извѣща|ізвѣща
а|а
вꙑ|въі
не|не
о|о
ѥдиномь|едіномь
бо|бо
градѣ|градѣ
ни|ні
о|о
дъвѹ|дъвоу
ни|ні
о|о
вьси|вьсі
попечениѥ|попеченіе
и|і
мл҃твѹ|мл҃твоу
въздаѥта|въздаета
нъ|нъ
о|о
всеи|всеі
земли|землі
рѹсьскѣи|роусьскѣі
О|о
блаженаꙗ|блаженаꙗ
ѹбо|оубо
гроба|гроба
приимъши|пріімъші
телеси|телесі
ваю|ваю
чьстьнѣи|чьстьнѣі
акы|акъі
съкровище|съкровіще
мъногоцѣньно|мъногоцѣньно
бл҃женаꙗ|бл҃женаꙗ
цр҃кꙑ|цр҃къі
въ|въ
неиже|неіже
положенѣ|положенѣ
бꙑста|бъіста
рацѣ|рацѣ
ваю|ваю
ст҃ѣи|ст҃ѣі
имѹщи|імоущі
бл҃женѣи|бл҃женѣі
телеси|телесі
ваю|ваю
о|о
христова|хрістова
ѹгодьника|оугодьніка
блаженъ|блаженъ
по|по
истинѣ|істінѣ
и|і
вꙑсокъ|въісокъ
паче|паче
всѣхъ|всѣхъ
градъ|градъ
рѹсьскꙑихъ|роусьскъііхъ
и|і
вꙑшии|въішіі
градъ|градъ
имꙑи|імъіі
въ|въ
себе|себе
таковоѥ|таковое
скровище|скровіще
ѥмѹ|емоу
же|же
не|не
тъчьнъ|тъчьнъ
ни|ні
вьсь|вьсь
миръ|міръ
по|по
истинѣ|істінѣ
вышегородъ|въішегородъ
нарече|нарече
сꙗ|сꙗ
вꙑшии|въішіі
и|і
превꙑшии|превъішіі
городъ|городъ
всѣхъ|всѣхъ
въторꙑи|въторъіі
селѹнь|селоунь
ꙗви|ꙗві
сꙗ|сꙗ
въ|въ
рѹсьскѣ|роусьскѣ
земли|землі
имꙑи|імъіі
въ|въ
себе|себе
врачьство|врачьство
безмьздьноѥ|безмьздьное
не|не
нашемѹ|нашемоу
ѥдиномѹ|едіномоу
ꙗзꙑкѹ|ꙗзъікоу
тъкъмо|тъкъмо
подано|подано
бысть|бъість
бъгъмь|бъгъмь
нъ|нъ
и|і
вьсеи|вьсеі
земли|землі
сп҃сениѥ|сп҃сеніе
отъ|отъ
всѣхъ|всѣхъ
бо|бо
странъ|странъ
тѹ|тоу
приходꙗще|пріходꙗще
тѹне|тоуне
почьреплють|почьреплють
ицѣлениѥ|іцѣленіе
ꙗкоже|ꙗкоже
и|і
въ|въ
ст҃ꙑихъ|ст҃ъііхъ
евангелиихъ|евангелііхъ
г҃ь|г҃ь
рече|рече
ст҃ꙑмъ|ст҃ъімъ
апостоломъ|апостоломъ
ꙗко|ꙗко
тѹне|тоуне
приꙗсте|пріꙗсте
тѹне|тоуне
и|і
дадите|дадіте
ѡ|о
сихъ|сіхъ
бо|бо
и|і
самъ|самъ
г҃ь|г҃ь
рече|рече
вѣрѹꙗи|вѣроуꙗі
въ|въ
мꙗ|мꙗ
дѣла|дѣла
ꙗже|ꙗже
азъ|азъ
творю|творю
и|і
тъ|тъ
сътворитъ|сътворітъ
и|і
больша|больша
тѣхъ|тѣхъ
нъ|нъ
о|о
блаженаꙗ|блаженаꙗ
страстотьрпьца|страстотьрпьца
хр҄сва|хрсва
не|не
забꙑваита|забъіваіта
отьчьства|отьчьства
идеже|ідеже
пожила|пожіла
ѥста|еста
въ|въ
тели|телі
ѥгоже|егоже
всегда|всегда
посѣтъмь|посѣтъмь
не|не
оставлꙗета|оставлꙗета
тако|тако
же|же
и|і
въ|въ
мл҃твахъ|мл҃твахъ
вьсегда|вьсегда
молита|моліта
сꙗ|сꙗ
о|о
насъ|насъ
да|да
не|не
придеть|прідеть
на|на
нꙑ|нъі
зъло|зъло
и|і
рана|рана
да|да
не|не
пристѹть|прістоуть
къ|къ
телеси|телесі
твоѥмѹ|твоемоу
и|і
рабъ|рабъ
ваю|ваю
вама|вама
бо|бо
дана|дана
бысть|бъість
бл҃годать|бл҃годать
да|да
молита|моліта
за|за
ны|нъі
вама|вама
бо|бо
далъ|далъ
ѥсть|есть
б҃ъ|б҃ъ
о|о
насъ|насъ
молꙗща|молꙗща
сꙗ|сꙗ
и|і
ходатаꙗ|ходатаꙗ
къ|къ
богѹ|богоу
за|за
нꙑ|нъі
тѣмь|тѣмь
же|же
прибѣгаемъ|прібѣгаемъ
къ|къ
вама|вама
и|і
съ|съ
сльзами|сльзамі
припадающе|пріпадающе
молимъ|молімъ
сꙗ|сꙗ
да|да
не|не
придеть|прідеть
на|на
нꙑ|нъі
нога|нога
гърдꙑнѧ|гърдъінѧ
и|і
рѹка|роука
грѣшьнича|грѣшьніча
не|не
погѹбить|погоубіть
насъ|насъ
и|і
вьсꙗка|вьсꙗка
пагѹба|пагоуба
да|да
не|не
наидеть|наідеть
на|на
ны|нъі
гладъ|гладъ
и|і
озълоблениѥ|озълобленіе
отъ|отъ
насъ|насъ
далече|далече
отъженѣта|отъженѣта
и|і
всего|всего
меча|меча
браньна|браньна
избавита|ізбавіта
насъ|насъ
и|і
ѹсобичьнꙑꙗ|оусобічьнъіꙗ
брани|брані
чюжа|чоужа
сътворита|сътворіта
и|і
вьсего|вьсего
грѣха|грѣха
и|і
нападениꙗ|нападеніꙗ
застѹпита|застоупіта
насъ|насъ
ѹповающиихъ|оуповающііхъ
къ|къ
вама|вама
и|і
къ|къ
господѹ|господоу
богѹ|богоу
мл҃твѹ|мл҃твоу
нашю|нашоу
ѹсьрдьно|оусьрдьно
прїнесѣта|прінесѣта
ꙗко|ꙗко
съгрѣшихомъ|съгрѣшіхомъ
зѣло|зѣло
и|і
безаконьновахомъ|безаконьновахомъ
премъного|премъного
и|і
бещиньствовахомъ|бещіньствовахомъ
паче|паче
мѣрꙑ|мѣръі
и|і
преизлиха|преізліха
нъ|нъ
ваю|ваю
мл҃твꙑ|мл҃твъі
надѣюще|надѣюще
сꙗ|сꙗ
къ|къ
сп҃сѹ|сп҃соу
възъпиѥмъ|възъпіемъ
гл҃юще|гл҃юще
вл҃дꙑко|вл҃дъіко
ѥдиныи|едінъіі
без|без
грѣха|грѣха
призьри|прізьрі
съ|съ
нб҃се|нб҃се
ст҃го|ст҃го
твоѥго|твоего
на|на
насъ|насъ
ѹбогыхъ|оубогъіхъ
елма же|елмаже
съгрѣшихомъ|съгрѣшіхомъ
нъ|нъ
тꙑ|тъі
оцѣсти|оцѣсті
и|і
безаконьновахомъ|безаконьновахомъ
ослаби|ослабі
претъкнѹхомъ|претъкноухомъ
сꙗ|сꙗ
по|по
пременении|премененіі
ꙗко|ꙗко
блѹдьницю|блоудьніцоу
оцѣсти|оцѣсті
нꙑ|нъі
и|і
ꙗко|ꙗко
мꙑтоимьца|мъітоімьца
оправи|оправі
да|да
придеть|прідеть
на|на
нꙑ|нъі
мл҃сть|мл҃сть
твоꙗ|твоꙗ
да|да
въсканеть|въсканеть
на|на
нꙑ|нъі
чл҃вколюбиѥ|чл҃вколюбіе
твоѥ|твое
и|і
не|не
ослаби|ослабі
нꙑ|нъі
преданомъ|преданомъ
бꙑти|бъіті
грѣхꙑ|грѣхъі
нашими|нашімі
ни|ні
ѹсънѹти|оусъноуті
ни|ні
ѹмрети|оумреті
реко|реко
съмьртию|съмьртію
нъ|нъ
искѹпи|іскоупі
нꙑ|нъі
отъ|отъ
настаꙗщааго|настаꙗщааго
зла|зла
и|і
дажь|дажь
нꙑ|нъі
времꙗ|времꙗ
покаꙗнию|покаꙗнію
ꙗко|ꙗко
многа|многа
безакониꙗ|безаконіꙗ
наша|наша
предъ|предъ
тобою|тобою
г҃и|г҃і
сътвори|сътворі
съ|съ
нами|намі
по|по
мл҃сти|мл҃сті
твоѥи|твоеі
г҃и|г҃і
ꙗко|ꙗко
имꙗ|імꙗ
твоѥ|твое
нарицаеть|наріцаеть
сѧ|сѧ
въ|въ
насъ|насъ
нъ|нъ
помилѹи|помілоуі
нꙑ|нъі
и|і
ѹщедрї|оущедрі
и|і
застѹпи|застоупі
мл҃твами|мл҃твамі
пречьстьною|пречьстьною
страстотьрпьцю|страстотьрпьцоу
твоѥю|твоею
и|і
не|не
сътвори|сътворі
насъ|насъ
въ|въ
поносъ|поносъ
нъ|нъ
милость|мілость
твою|твою
излѣи|ізлѣі
на|на
овьца|овьца
пажити|пажіті
твоѥꙗ|твоеꙗ
ѧко|ѧко
тꙑ|тъі
ѥси|есі
б҃ъ|б҃ъ
нашь|нашь
и|і
тебе|тебе
славѹ|славоу
въсꙑлаемъ|въсъілаемъ
оц҃ю|оц҃ю
и|і
сн҃ѹ|сн҃оу
и|і
ст҃ѹѹмѹ|ст҃оуоумоу
дхѹ|дхоу
нꙑнѣ|нъінѣ
и|і
присно|прісно
и|і
въ|въ
вѣкы|вѣкъі
вѣком|вѣком
аминь|амінь
о|о
борисѣ|борісѣ
какъ|какъ
бѣ|бѣ
възъръ҃м|възъръ҃м
съ|съ
ѹбо|оубо
бл҃говѣрьныи|бл҃говѣрьнъіі
борисъ|борісъ
б҃лга|б҃лга
корене|корене
сыи|съіі
послушьливъ|послушьлівъ
оц҃ю|оц҃ю
бѣ|бѣ
покарꙗꙗ|покарꙗꙗ
сѧ|сѧ
при|прі
всемь|всемь
оц҃ю|оц҃ю
тѣлъмь|тѣлъмь
бꙗше|бꙗше
красьнъ|красьнъ
высокъ|въісокъ
лицьмь|ліцьмь
крѹглъмь|кроуглъмь
плечи|плечі
велицѣ|веліцѣ
тънъкъ|тънъкъ
въ|въ
чресла|чресла
очима|очіма
добраама|добраама
веселъ|веселъ
лицьмь|ліцьмь
бо]рода|борода
мала|мала
и|і
ѹсъ|оусъ
младъ|младъ
бо|бо
бѣ|бѣ
ѥще|еще
свѣтꙗ|свѣтꙗ
сꙗ|сꙗ
цс҃рьскы|цс҃рьскъі
крѣпъкъ|крѣпъкъ
тѣлъмь|тѣлъмь
вьсꙗчьскы|вьсꙗчьскъі
ѹкрашенъ|оукрашенъ
акы|акъі
цвѣтъ|цвѣтъ
цвьтыи|цвьтъіі
въ|въ
ѹности|оуності
своѥи|своеі
в|в
ратьхъ|ратьхъ
хръбъръ|хръбъръ
въ|въ
съвѣтѣхъ|съвѣтѣхъ
мѹдръ|моудръ
и|і
разѹмьнъ|разоумьнъ
при|прі
вьсемь|вьсемь
и|і
бл҃годать|бл҃годать
бж҃иꙗ|бж҃іꙗ
цвьтꙗаше|цвьтꙗаше
на|на
немь|немь
житиѥ|жітіе
прп҃одбнааго|прп҃одбнааго
оц҃а|оц҃а
нашего|нашего
ѳеѡдосиꙗ|ѳеодосіꙗ
игѹмена|ігоумена
печерьскаго|печерьскаго
бл҃годарю|бл҃годарю
тѧ|тѧ
вл҃дко|вл҃дко
мои|моі
г҃и|г҃і
х҃е|х҃е
ꙗко|ꙗко
съподобилъ|съподобілъ
мꙗ|мꙗ
ѥси|есі
недостоинааго|недостоінааго
съповѣдателꙗ|съповѣдателꙗ
быти|бъіті
сты҃имъ|стъі҃імъ
твоимъ|твоімъ
въгодьникомъ|въгодьнікомъ
се|се
бо|бо
испьрва|іспьрва
писавъшю|пісавъшоу
ми|мі
о|о
житиѥ|жітіе
и|і
о|о
погѹблении|погоубленіі
и|і
о|о
чюдесьхъ|чоудесьхъ
ст҃ою|ст҃ою
и|і
бл҃женою|бл҃женою
страс҃трьпьцю|страс҃трьпьцоу
бориса|боріса
и|і
глѣба|глѣба
понѹдихъ|поноудіхъ
сꙗ|сꙗ
и|і
на|на
дрѹгоѥ|дроугое
исповѣданиѥ|ісповѣданіе
приити|прііті
ѥже|еже
выше|въіше
моѥꙗ|моеꙗ
силы|сілъі
ѥмѹ же|емоуже
и|і
не|не
бѣхъ|бѣхъ
достоинъ|достоінъ
грѹбъ|гроубъ
сы|съі
и|і
неразѹмичьнъ|неразоумічьнъ
къ|къ
симъ|сімъ
не|не
бѣхъ|бѣхъ
ѹченъ|оученъ
же|же
хытрости|хъітрості
нъ|нъ
въспомꙗнѹхъ|въспомꙗноухъ
г҃и|г҃і
слово|слово
твоѥ|твое
рекъшеѥ|рекъшее
аще|аще
имате|імате
вѣрѹ|вѣроу
ꙗко|ꙗко
и|і
зьрно|зьрно
горущьно|горущьно
и|і
речете|речете
горѣ|горѣ
сеи|сеі
преиди|преіді
и|і
въврьзи|въврьзі
сѧ|сѧ
въ|въ
море|море
и|і
абиѥ|абіе
послѹшаѥть|послоушаеть
васъ|васъ
си|сі
на|на
ѹмѣ|оумѣ
азъ|азъ
грѣшьныи|грѣшьнъіі
нестеръ|нестеръ
приимъ|пріімъ
и|і
оградивъ|оградівъ
сѧ|сѧ
вѣрою|вѣрою
и|і
ѹпованиѥмь|оупованіемь
ꙗко|ꙗко
вьсꙗ|вьсꙗ
възможьна|възможьна
отъ|отъ
тебе|тебе
сѹть|соуть
начатъкъ|начатъкъ
словѹ|словоу
съписаниꙗ|съпісаніꙗ
положихъ|положіхъ
ѥже|еже
о|о
житии|жітіі
прп҃дбнааго|прп҃дбнааго
оц҃а|оц҃а
нашего|нашего
ѳеѡдосиꙗ|ѳеодосіꙗ
бывъша|бъівъша
игѹмена|ігоумена
манастырꙗ|манастъірꙗ
сего|сего
ст҃ыꙗ|ст҃ъіꙗ
влд҃цѣ|влд҃цѣ
нашеꙗ|нашеꙗ
б҃цѣ|б҃цѣ
ѥгоже|егоже
и|і
дн҃ь|дн҃ь
ѹсъпениѥ|оусъпеніе
нынѣ|нъінѣ
праздьнѹюще|праздьноующе
памѧть|памѧть
творимъ|творімъ
се|се
же|же
ꙗкоже|ꙗкоже
о|о
братиѥ|братіе
въспоминающю|въспомінающоу
ми|мі
житиѥ|жітіе
прп҃҃҃дбнааго|прп҃҃҃дбнааго
не|не
сѹщю|соущоу
же|же
съписанѹ|съпісаноу
ни|ні
ѡтъ|отъ
коже|коже
печалию|печалію
по|по
вьсꙗ|вьсꙗ
дн҃и|дн҃і
съдрьжимъ|съдрьжімъ
бѣхъ|бѣхъ
и|і
хъ|хъ
сꙗ|сꙗ
да|да
съподобить|съподобіть
мꙗ|мꙗ
по|по
рꙗдѹ|рꙗдоу
съписати|съпісаті
о|о
житии|жітіі
богоносьнааго|богоносьнааго
оц҃а|оц҃а
нашего|нашего
ѳеѡдосиꙗ|ѳеодосіꙗ
да|да
и|і
по|по
насъ|насъ
сѹщеи|соущеі
чьрноризьци|чьрнорізьці
въгодника|въгодніка
ѥго|его
прославлꙗюще|прославлꙗюще
на|на
прочиꙗ|прочіꙗ
подвигы|подвігъі
ѹкрѣплꙗють|оукрѣплꙗють
сѧ|сѧ
наипаче|наіпаче
же|же
ꙗко|ꙗко
и|і
въ|въ
странѣ|странѣ
сеи|сеі
такъ|такъ
сии|сіі
мѹжь|моужь
ꙗви|ꙗві
сꙗ|сꙗ
и|і
ѹгодьникъ|оугодьнікъ
б҃ии|б҃іі
о|о
семь|семь
бо|бо
и|і
самъ|самъ
г҃ь|г҃ь
прорече|прорече
ꙗко|ꙗко
мнози|мнозі
приидѹть|пріідоуть
отъ|отъ
въстокъ|въстокъ
и|і
западъ|западъ
и|і
възлꙗгѹть|възлꙗгоуть
съ|съ
авраамъмь|авраамъмь
и|і
съ|съ
исакъмь|ісакъмь
и|і
иꙗковъмь|іꙗковъмь
въ|въ
цр҃ствии|цр҃ствіі
небесьнѣмь|небесьнѣмь
и|і
пакы|пакъі
мнози|мнозі
бѹдѹть|боудоуть
послѣдьнии|послѣдьніі
ибо|ібо
сии|сіі
послѣдьнии|послѣдьніі
вꙗщии|вꙗщіі
прьвыхъ|прьвъіхъ
оц҃ь|оц҃ь
ꙗви|ꙗві
сꙗ|сꙗ
житиѥмь|жітіемь
бо|бо
подражаꙗ|подражаꙗ
ст҃ааго|ст҃ааго
и|і
пьрвааго|пьрвааго
начальника|начальніка
чьрьньчьскѹѹмѹ|чьрьньчьскоуоумоу
ѡбразѹ|образоу
великааго|велікааго
мѣню|мѣню
антониꙗ|антоніꙗ
чьрньчьскѹѹмѹ|чьрньчьскоуоумоу
образѹ|образоу
и|і
се|се
же|же
чюдьнѣѥ|чоудьнѣе
ꙗкоже|ꙗкоже
пишеть|пішеть
въ|въ
отьчьскыихъ|отьчьскъііхъ
кънигахъ|кънігахъ
слабѹ|слабоу
быти|бъіті
послѣдьнюмѹ|послѣдьнюмоу
родѹ|родоу
сего|сего
же|же
хс҃ь|хс҃ь
въ|въ
послѣдьниимь|послѣдьніімь
родѣ|родѣ
семь|семь
такого|такого
себе|себе
съдѣльника|съдѣльніка
показа|показа
и|і
пастѹха|пастоуха
инокыимъ|інокъіімъ
бѣ|бѣ
бо|бо
из|із
молода|молода
житиѥмь|жітіемь
чистъмь|чістъмь
ѹкрашенъ|оукрашенъ
добрыими|добръіімі
дѣлесы|дѣлесъі
вѣрою|вѣрою
же|же
и|і
съмыслъмь|съмъіслъмь
паче|паче
ѥго|его
же|же
нынѣ|нъінѣ
ѡтьсюдѹ|отьсюдоу
ѹже|оуже
начьнѹ|начьноу
съповѣдати|съповѣдаті
ѥже|еже
отъ|отъ
ѹны|оунъі
вьрсты|вьрстъі
житиѥ|жітіе
бл҃женааго|бл҃женааго
ѳоѡдосиꙗ|ѳоодосіꙗ
нъ|нъ
послѹшаите|послоушаіте
братиѥ|братіе
съ|съ
вьсꙗцѣмь|вьсꙗцѣмь
прилежаниѥмь|прілежаніемь
испълнь|іспълнь
бо|бо
ѥсть|есть
пользы|пользъі
слово|слово
се|се
вьсѣмъ|вьсѣмъ
послѹшающиимъ|послоушающіімъ
молю|молю
же|же
вы|въі
о|о
възлюблении|възлюбленіі
да|да
не|не
зазьрите|зазьріте
пакы|пакъі
грѹбости|гроубості
моѥи|моеі
съдрьжимъ|съдрьжімъ
бо|бо
сыи|съіі
любъвию|любъвію
ѥже|еже
къ|къ
пр҃пбьнѹѹмѹ|пр҃пбьноуоумоу
сего|сего
ради|раді
окѹсихъ|окоусіхъ
сꙗ|сꙗ
съписати|съпісаті
вьсꙗ|вьсꙗ
си|сі
ꙗже|ꙗже
о|о
ст҃ѣмь|ст҃ѣмь
къ|къ
симъ|сімъ
же|же
и|і
блюдыи|блюдъіі
да|да
не|не
къ|къ
мнѣ|мнѣ
речено|речено
бѹдеть|боудеть
зълыи|зълъіі
рабе|рабе
лѣнивыи|лѣнівъіі
подобаше|подобаше
ти|ті
дати|даті
сребро|сребро
моѥ|мое
тържьникомъ|тържьнікомъ
и|і
азъ|азъ
пришь|прішь
быхъ|бъіхъ
съ|съ
лихвою|ліхвою
истꙗзалъ|істꙗзалъ
ѥ|е
тѣмь|тѣмь
же|же
ꙗкоже|ꙗкоже
и|і
нѣсть|нѣсть
лѣпо|лѣпо
братиѥ|братіе
таити|таіті
чюдесъ|чоудесъ
б҃жиии|б҃жііі
наипаче|наіпаче
богѹ|богоу
рекъшюѹмѹ|рекъшоуоумоу
ѹченикомъ|оученікомъ
своимъ|своімъ
ꙗко|ꙗко
ѥже|еже
г҃лю|г҃лю
вамъ|вамъ
въ|въ
тьмѣ|тьмѣ
повѣдите|повѣдіте
на|на
свѣтѣ|свѣтѣ
и|і
ѥже|еже
въ|въ
ѹши|оуші
слышасте|слъішасте
проповѣдите|проповѣдіте
въ|въ
домъхъ|домъхъ
си|сі
на|на
ѹспѣхъ|оуспѣхъ
и|і
на|на
ѹстроѥниѥ|оустроеніе
бесѣдѹющимъ|бесѣдоующімъ
съписати|съпісаті
хощю|хощоу
и|і
о|о
сихъ|сіхъ
б҃а|б҃а
славꙗще|славꙗще
мьзды|мьздъі
ѿданиѥ|отданіе
приимете|пріімете
хотꙗщю|хотꙗщоу
же|же
ми|мі
исповѣдати|ісповѣдаті
начати|начаті
преже|преже
молю|молю
сꙗ|сꙗ
г҃ви|г҃ві
гл҃ꙗ|гл҃ꙗ
сице|сіце
вл҃дко|вл҃дко
мои|моі
г҃и|г҃і
вьседрьжителю|вьседрьжітелю
бл҃гымъ|бл҃гъімъ
подателю|подателю
оч҃е|оч҃е
г҃а|г҃а
нашего|нашего
іс|іс
х҃а|х҃а
прииди|прііді
на|на
помощь|помощь
мнѣ|мнѣ
и|і
просвѣти|просвѣті
ср҃дце|ср҃дце
моѥ|мое
на|на
разѹмѣниѥ|разоумѣніе
заповѣдии|заповѣдіі
твоихъ|твоіхъ
и|і
ѿвьрзи|отвьрзі
ѹстьнѣ|оустьнѣ
мои|моі
на|на
исповѣданиѥ|ісповѣданіе
чюдесъ|чоудесъ
твоихъ|твоіхъ
и|і
на|на
похвалениѥ|похваленіе
ст҃ааго|ст҃ааго
въгодника|въгодніка
твоѥго|твоего
да|да
прославить|прославіть
сꙗ|сꙗ
имꙗ|імꙗ
твоѥ|твое
ꙗко|ꙗко
ты|тъі
ѥси|есі
помощьникъ|помощьнікъ
всѣмъ|всѣмъ
ѹповающїмъ|оуповающімъ
на|на
тꙗ|тꙗ
въ|въ
вѣкы|вѣкъі
амин|амін
градъ|градъ
ѥсть|есть
ѿстоꙗ|отстоꙗ
отъ|отъ
кыѥва|къіева
града|града
стольнааго|стольнааго
н҃|н҃
попьрищь|попьріщь
въ|въ
томь|томь
бѣста|бѣста
родителꙗ|родітелꙗ
ст҃го|ст҃го
въ|въ
вѣрѣ|вѣрѣ
крс҃тиꙗньстѣи|крс҃тіꙗньстѣі
живѹща|жівоуща
и|і
всꙗчьскыимь|всꙗчьскъіімь
благочьстиюмь|благочьстіюмь
ѹкршена|оукршена
родиста|родіста
же|же
бл҃женаго|бл҃женаго
дѣтища|дѣтіща
сего|сего
таче|таче
въ|въ
осмыи|осмъіі
дн҃ь|дн҃ь
принесоста|прінесоста
и|і
къ|къ
ст҃лю|ст҃лю
б҃жию|б҃жію
ꙗкоже|ꙗкоже
обычаи|объічаі
ѥсть|есть
крьстиꙗномъ|крьстіꙗномъ
да|да
имꙗ|імꙗ
дѣтищю|дѣтіщоу
нарекѹть|нарекоуть
прозвутеръ|прозвутеръ
же|же
видѣвъ|відѣвъ
дѣща|дѣща
и|і
ср҃дьчьныма|ср҃дьчьнъіма
очима|очіма
прозьрꙗ|прозьрꙗ
ѥже|еже
о|о
немь|немь
ꙗко|ꙗко
хощеть|хощеть
из|із
млада|млада
богѹ|богоу
дати|даті
сѧ|сѧ
ѳеѡдосиѥмь|ѳеодосіемь
того|того
нарицають|наріцають
таче|таче
же|же
ꙗко|ꙗко
и|і
минѹша|міноуша
м҃|м҃
д҃нии|д҃ніі
дѣтищю|дѣтіщоу
крьщениѥмь|крьщеніемь
того|того
ос҃тиша|ос҃тіша
отроча|отроча
же|же
ростꙗше|ростꙗше
кърмимъ|кърмімъ
родителема|родітелема
своима|своіма
и|і
бл҃гдть|бл҃гдть
б҃жиꙗ|б҃жіꙗ
съ|съ
нимь|німь
и|і
д҃хъ|д҃хъ
ст҃ыи|ст҃ъіі
из|із
млада|млада
въсели|въселі
сꙗ|сꙗ
въ|въ
нь|нь
къто|къто
исповѣсть|ісповѣсть
мл҃срдиѥ|мл҃срдіе
б҃жиѥ|б҃жіе
се|се
бо|бо
не|не
избьра|ізбьра
отъ|отъ
премѹдрыхъ|премоудръіхъ
философъ|філософъ
ни|ні
отъ|отъ
властелинъ|властелінъ
градъ|градъ
пастѹха|пастоуха
и|і
ѹчителꙗ|оучітелꙗ
инокыимъ|інокъіімъ
нъ|нъ
да|да
о|о
семь|семь
прославить|прославіть
сꙗ|сꙗ
имꙗ|імꙗ
г҃не|г҃не
ꙗко|ꙗко
грѹбъ|гроубъ
сы|съі
и|і
невѣжа|невѣжа
премѹдрѣи|премоудрѣі
философъ|філософъ
ꙗви|ꙗві
сꙗ|сꙗ
о|о
ѹтаѥниꙗ|оутаеніꙗ
таино|таіно
ꙗко|ꙗко
ѿнюдѹ|отнюдоу
же|же
не|не
бѣ|бѣ
начаꙗти|начаꙗті
сꙗ|сꙗ
ѿтѹдѹ|оттоудоу
же|же
въсиꙗ|въсіꙗ
намъ|намъ
д҃ньница|д҃ньніца
пресвѣтла|пресвѣтла
ꙗкоже|ꙗкоже
отъ|отъ
всѣхъ|всѣхъ
странъ|странъ
видѣвъше|відѣвъше
свьтѣниѥ|свьтѣніе
ѥꙗ|еꙗ
тещи|тещі
к|к
неи|неі
всꙗ|всꙗ
презрѣвъше|презрѣвъше
тоꙗ|тоꙗ
ѥдиноꙗ|едіноꙗ
свѣта|свѣта
насытити|насъітіті
сꙗ|сꙗ
о|о
б҃лгости|б҃лгості
б҃жиꙗ|б҃жіꙗ
ѥже|еже
бо|бо
испьрва|іспьрва
мѣсто|мѣсто
назнаменавъ|назнаменавъ
и|і
бл҃гословивъ|бл҃гословівъ
пажить|пажіть
створи|створі
на|на
немьже|немьже
хотꙗше|хотꙗше
паствити|паствіті
сꙗ|сꙗ
стадо|стадо
б҃ословесьныхъ|б҃ословесьнъіхъ
овьць|овьць
донъдеже|донъдеже
пастѹха|пастоуха
избьра|ізбьра
бы҃с|бъі҃с
же|же
родителема|родітелема
б҃лженаго|б҃лженаго
преселити|преселіті
сѧ|сѧ
въ|въ
инъ|інъ
градъ|градъ
кѹрьскъ|коурьскъ
нарицаѥмыи|наріцаемъіі
кнꙗзю|кнꙗзю
тако|тако
повелѣвъшю|повелѣвъшоу
паче|паче
же|же
рекѹ|рекоу
богѹ|богоу
сице|сіце
изволивъшю|ізволівъшоу
да|да
и|і
тамо|тамо
доблꙗаго|доблꙗаго
отрока|отрока
житиѥ|жітіе
просиꙗѥть|просіꙗеть
намъ|намъ
же|же
ꙗкоже|ꙗкоже
ѥсть|есть
лѣпо|лѣпо
отъ|отъ
въстока|въстока
дьньница|дьньніца
възидеть|възідеть
събирающи|събірающі
окрьстъ|окрьстъ
себе|себе
ины|інъі
многы|многъі
звѣзды|звѣздъі
ожидающи|ожідающі
сл҃нца|сл҃нца
правьдьнааго|правьдьнааго
х҃а|х҃а
б҃а|б҃а
и|і
гл҃юща|гл҃юща
се|се
азъ|азъ
вл҃дко|вл҃дко
и|і
дѣти|дѣті
ꙗже|ꙗже
въспитахъ|въспітахъ
д҃ховьнымь|д҃ховьнъімь
твоимь|твоімь
брашьнъмь|брашьнъмь
и|і
се|се
г҃и|г҃і
ѹченици|оученіці
мои|моі
се|се
бо|бо
сиꙗ|сіꙗ
ти|ті
приведохъ|пріведохъ
иже|іже
наѹчихъ|наоучіхъ
всꙗ|всꙗ
житиискаꙗ|жітііскаꙗ
презрѣти|презрѣті
и|і
тебе|тебе
ѥдиного|едіного
б҃а|б҃а
и|і
г҃а|г҃а
възлюбити|възлюбіті
се|се
о|о
вл҃ко|вл҃ко
стадо|стадо
богословесьныхъ|богословесьнъіхъ
твоихъ|твоіхъ
овьць|овьць
и|і
имъже|імъже
мꙗ|мꙗ
бѣ|бѣ
пастѹха|пастоуха
створилъ|створілъ
и|і
ѥже|еже
ѹпасохъ|оупасохъ
на|на
бъжьствьнѣи|бъжьствьнѣі
твоѥи|твоеі
пажити|пажіті
и|і
сиꙗ|сіꙗ
ти|ті
приведохъ|пріведохъ
съблюдъ|съблюдъ
чисты|чістъі
и|і
непорочьны|непорочьнъі
таче|таче
г҃ь|г҃ь
къ|къ
немѹ|немоу
рабе|рабе
бл҃гыи|бл҃гъіі
верьне|верьне
ѹмноживыи|оумножівъіі
преданы и|преданъіі
талантъ|талантъ
тѣмь|тѣмь
же|же
приими|пріімі
ѹготованыи|оуготованъіі
тебе|тебе
вѣньць|вѣньць
и|і
въниди|въніді
въ|въ
радость|радость
г҃а|г҃а
своѥго|своего
и|і
къ|къ
ѹченикомъ|оученікомъ
ѥго|его
речеть|речеть
придѣте|прідѣте
бл҃гоѥ|бл҃гое
стадо|стадо
доблꙗаго|доблꙗаго
пастѹха|пастоуха
богословесьнаꙗ|богословесьнаꙗ
овьчата|овьчата
иже|іже
мене|мене
ради|раді
алкавъше|алкавъше
и|і
трѹдивъше|троудівъше
сꙗ|сꙗ
приимѣте|пріімѣте
ѹготованоѥ|оуготованое
вамъ|вамъ
цр҃ствиѥ|цр҃ствіе
ѿ|от
съложениꙗ|съложеніꙗ
мирѹ|міроу
тѣмь|тѣмь
же|же
и|і
мы|мъі
братиѥ|братіе
потьщимъ|потьщімъ
сꙗ|сꙗ
рьвьнителе|рьвьнітеле
быти|бъіті
и|і
подражателе|подражателе
житию|жітію
преподобьнааго|преподобьнааго
ѳеѡдосиꙗ|ѳеодосіꙗ
и|і
ѹченикомъ|оученікомъ
ѥго|его
ихъже|іхъже
тъгда|тъгда
предъ|предъ
собою|собою
къ|къ
господѹ|господоу
посла|посла
да|да
тако|тако
сподобимъ|сподобімъ
сꙗ|сꙗ
слышати|слъішаті
гласъ|гласъ
он|он
ѥже|еже
отъ|отъ
вл҃дкы|вл҃дкъі
и|і
вседрьжителꙗ|вседрьжітелꙗ
речеть|речеть
сꙗ|сꙗ
придѣте|прідѣте
ѹбо|оубо
бл҃гословлении|бл҃гословленіі
оц҃а|оц҃а
моѥго|моего
приимѣте|пріімѣте
ѹготованоѥ|оуготованое
вамъ|вамъ
ц҃рствиѥ|ц҃рствіе
г҃и|г҃і
і҃съ|і҃съ
х҃е|х҃е
мои|моі
ѹслыши|оуслъіші
мл҃итвѹ|мл҃ітвоу
мою|мою
и|і
съподоби|съподобі
мꙗ|мꙗ
съходити|съходіті
въ|въ
ст҃аꙗ|ст҃аꙗ
твоꙗ|твоꙗ
мѣста|мѣста
и|і
съ|съ
радостию|радостію
поклонити|поклоніті
сѧ|сѧ
имъ|імъ
и|і
тако|тако
многашьды|многашьдъі
молꙗщю|молꙗщоу
сꙗ|сꙗ
ѥмѹ|емоу
и|і
се|се
приидоша|пріідоша
страньници|страньніці
въ|въ
градъ|градъ
тъ|тъ
иже|іже
и|і
видѣвъ|відѣвъ
ꙗ|ꙗ
б҃жьствьныи|б҃жьствьнъіі
ѹноша|оуноша
и|і
радъ|радъ
бывъ|бъівъ
текъ|текъ
поклони|поклоні
сꙗ|сꙗ
имъ|імъ
и|і
любьзно|любьзно
цѣлова|цѣлова
ꙗ|ꙗ
и|і
въпроси|въпросі
ꙗ|ꙗ
отъкѹдѹ|отъкоудоу
сѹть|соуть
и|і
камо|камо
идѹть|ідоуть
онѣмъ|онѣмъ
же|же
рекъшемъ|рекъшемъ
ꙗко|ꙗко
отъ|отъ
ст҃ыхъ|ст҃ъіхъ
мѣстъ|мѣстъ
есмъ|есмъ
и|і
аще|аще
б҃ѹ|б҃оу
велꙗщю|велꙗщоу
хощемъ|хощемъ
въспꙗть|въспꙗть
ѹже|оуже
ити|іті
с҃тыи|с҃тъіі
же|же
молꙗше|молꙗше
ꙗ|ꙗ
да|да
и|і
поимѹть|поімоуть
въ|въ
слѣдъ|слѣдъ
себе|себе
и|і
съпѹтьника|съпоутьніка
и|і
сътворꙗти|сътворꙗті
и|і
съ|съ
собою|собою
они|оні
же|же
обѣщаша|обѣщаша
сꙗ|сꙗ
поѧти|поѧті
и|і
съ|съ
собою|собою
и|і
допровадити|допровадіті
и|і
до|до
ст҃ыхъ|ст҃ъіхъ
мѣстъ|мѣстъ
таче|таче
се|се
слышавъ|слъішавъ
бл҃женыи|бл҃женъіі
ѳеѡдосии|ѳеодосіі
ѥже|еже
обѣщаша|обѣщаша
сѧ|сѧ
ѥмѹ|емоу
радъ|радъ
бывъ|бъівъ
иде|іде
въ|въ
домъ|домъ
свои|своі
и|і
ѥгда|егда
хотꙗхѹ|хотꙗхоу
страньнии|страньніі
отъити|отъіті
възвѣстиша|възвѣстіша
ѹноши|оуноші
свои|своі
ѿходъ|отходъ
онъ|онъ
же|же
въставъ|въставъ
нощию|нощію
и|і
не|не
вѣдѹщю|вѣдоущоу
никомѹ же|нікомоуже
та|та
изиде|ізіде
из|із
домѹ|домоу
своѥго|своего
не|не
имыи|імъіі
ѹ|оу
себе|себе
ничсоже|нічсоже
развѣ|развѣ
одежа|одежа
въ|въ
неиже|неіже
хожаше|хожаше
и|і
та|та
же|же
хѹда|хоуда
и|і
тако|тако
изиде|ізіде
въ|въ
слѣдъ|слѣдъ
страньныхъ|страньнъіхъ
бл҃гыи|бл҃гъіі
же|же
б҃ъ|б҃ъ
не|не
попусти|попусті
ѥмѹ|емоу
ѿити|отіті
отъ|отъ
страны|странъі
сеꙗ|сеꙗ
ѥго|его
же|же
и|і
щрева|щрева
матерьнꙗ|матерьнꙗ
и|і
пастѹха|пастоуха
быти|бъіті
въ|въ
странѣ|странѣ
сеи|сеі
б҃огласьныихъ|б҃огласьнъііхъ
овьць|овьць
назнамена|назнамена
да|да
не|не
пастѹхѹ|пастоухоу
ѹбо|оубо
ѿшьдъшю|отшьдъшоу
да|да
опѹстѣѥть|опоустѣеть
пажить|пажіть
юже|юже
б҃ъ|б҃ъ
благослови|благослові
и|і
тьрниѥ|тьрніе
и|і
вълчьць|вълчьць
въздрастеть|въздрастеть
на|на
неи|неі
и|і
стадо|стадо
разидеть|разідеть
сꙗ|сꙗ
по|по
трьхъ|трьхъ
ѹбо|оубо
д҃ньхъ|д҃ньхъ
ѹвѣдѣвъши|оувѣдѣвъші
мт҃и|мт҃і
ѥго|его
ꙗко|ꙗко
съ|съ
страньныими|страньнъіімі
ѡтъиде|отъіде
и|і
абиѥ|абіе
погъна|погъна
въ|въ
слѣдъ|слѣдъ
ѥго|его
тъкъмо|тъкъмо
ѥдиного|едіного
сн҃а|сн҃а
своѥго|своего
поимъши|поімъші
иже|іже
бѣ|бѣ
мьнии|мьніі
бл҃женааго|бл҃женааго
ѳеѡдосиꙗ|ѳеодосіꙗ
таче|таче
же|же
ꙗко|ꙗко
гънаста|гънаста
пѹть|поуть
мъногъ|мъногъ
ти|ті
тако|тако
пристигьша|прістігьша
ꙗста|ꙗста
и|і
и|і
отъ|отъ
ꙗрости|ꙗрості
же|же
и|і
гнѣва|гнѣва
мт҃и|мт҃і
ѥго|его
имъши|імъші
и|і
за|за
власы|власъі
и|і
поврьже|поврьже
и|і
на|на
земли|землі
и|і
своима|своіма
ногама|ногама
пъхашети|пъхашеті
и|і
и|і
страньныꙗ|страньнъіꙗ
же|же
много|много
коривъши|корівъші
възврати|възвраті
сꙗ|сꙗ
въ|въ
домъ|домъ
свои|своі
ꙗко|ꙗко
нѣкоѥго|нѣкоего
зълодѣꙗ|зълодѣꙗ
ведѹщи|ведоущі
съвꙗзана|съвꙗзана
тольми|тольмі
же|же
гнѣвъмь|гнѣвъмь
одрьжима|одрьжіма
ꙗко|ꙗко
и|і
въ|въ
домъ|домъ
ѥи|еі
пришьдъши|прішьдъші
бити|біті
и|і
дондеже|дондеже
изнеможе|ізнеможе
и|і
по|по
сихъ|сіхъ
же|же
възведъши|възведъші
и|і
въ|въ
храмъ|храмъ
и|і
тѹ|тоу
привѧза|прівѧза
и|і
и|і
затворьши|затворьші
и|і
тако|тако
отъиде|отъіде
бж҃ьствьныи|бж҃ьствьнъіі
же|же
ѹноша|оуноша
вьсѧ|вьсѧ
си|сі
съ|съ
радостию|радостію
приимаше|пріімаше
и|і
б҃а|б҃а
молꙗ|молꙗ
бл҃годарꙗше|бл҃годарꙗше
о|о
вьсѣхъ|вьсѣхъ
сихъ|сіхъ
таче|таче
пришедъши|прішедъші
мт҃и|мт҃і
ѥго|его
по|по
двою|двою
дн҃ию|дн҃ію
отрѣши|отрѣші
и|і
и|і
подасть|подасть
же|же
ѥмѹ|емоу
ꙗсти|ꙗсті
ѥще|еще
же|же
гнѣвъмь|гнѣвъмь
одьржима|одьржіма
сѹщи|соущі
възложи|възложі
на|на
нозѣ|нозѣ
ѥго|его
желѣза|желѣза
ти|ті
тако|тако
повелѣ|повелѣ
ѥмѹ|емоу
ходити|ходіті
блюдѹщи|блюдоущі
да|да
не|не
пакы|пакъі
отъбѣжить|отъбѣжіть
отъ|отъ
неꙗ|неꙗ
тако|тако
же|же
сътвори|сътворі
дн҃и|дн҃і
мъногы|мъногъі
ходꙗ|ходꙗ
по|по
томь|томь
же|же
пакы|пакъі
ѹмилосрьдивъши|оумілосрьдівъші
сꙗ|сꙗ
на|на
нь|нь
нача|нача
съ|съ
мольбою|мольбою
ѹвѣщавати|оувѣщаваті
и|і
да|да
не|не
отъбѣжить|отъбѣжіть
оть|оть
неꙗ|неꙗ
люблꙗше|люблꙗше
бо|бо
и|і
зѣло|зѣло
паче|паче
инѣхъ|інѣхъ
и|і
того|того
ради|раді
не|не
тьрпꙗше|тьрпꙗше
без|без
него|него
ономѹ|ономоу
же|же
обѣщавъшю|обѣщавъшоу
сꙗ|сꙗ
ѥи|еі
не|не
ѡтъити|отъіті
отъ|отъ
неꙗ|неꙗ
сънꙗ|сънꙗ
желѣза|желѣза
съ|съ
ногѹ|ногоу
ѥго|его
повелѣвъши|повелѣвъші
же|же
ѥмѹ|емоу
по|по
воли|волі
творити|творіті
ѥже|еже
хощеть|хощеть
бл҃женыи|бл҃женъіі
же|же
ѳеѡдосии|ѳеодосіі
на|на
прьвыи|прьвъіі
подвигъ|подвігъ
възврати|възвраті
сꙗ|сꙗ
и|і
хожаше|хожаше
въ|въ
цр҃къвь|цр҃къвь
б҃жию|б҃жію
по|по
всꙗ|всꙗ
дьни|дьні
ти|ті
видꙗше|відꙗше
ꙗко|ꙗко
многашьды|многашьдъі
лишаѥмѣ|лішаемѣ
сѹщи|соущі
литѹргии|літоургіі
проскѹрьнааго|проскоурьнааго
ради|раді
непечениꙗ|непеченіꙗ
жалꙗше|жалꙗше
си|сі
о|о
томь|томь
зѣло|зѣло
и|і
ѹмысли|оумъіслі
же|же
самъ|самъ
своимь|своімь
съмѣрениѥмь|съмѣреніемь
отълѹчити|отълоучіті
сѧ|сѧ
на|на
то|то
дѣло|дѣло
ѥже|еже
и|і
сътвори|сътворі
начатъ|начатъ
бо|бо
пещи|пещі
проскѹры|проскоуръі
и|і
продаꙗти|продаꙗті
и|і
ѥже|еже
аще|аще
прибѹдꙗше|прібоудꙗше
ѥмѹ|емоу
къ|къ
цѣнѣ|цѣнѣ
то|то
дадꙗше|дадꙗше
нищимъ|ніщімъ
цѣною|цѣною
же|же
пакы|пакъі
кѹпꙗше|коупꙗше
жито|жіто
и|і
своима|своіма
рѹкама|роукама
измълъ|ізмълъ
пакы|пакъі
проскѹры|проскоуръі
творѧше|творѧше
се|се
же|же
тако|тако
богѹ|богоу
изволивъшю|ізволівъшоу
да|да
проскѹры|проскоуръі
чисты|чістъі
приносѧть|пріносѧть
сꙗ|сꙗ
въ|въ
цр҃къвь|цр҃къвь
б҃жию|б҃жію
отъ|отъ
непорочьнаго|непорочьнаго
и|і
несквьрньнааго|несквьрньнааго
отрока|отрока
сице|сіце
же|же
пребысть|пребъість
двѣ|двѣ
на|на
десѧте|десѧте
лѣтѣ|лѣтѣ
или|ілі
боле|боле
творꙗ|творꙗ
вьси|вьсі
же|же
съврьстьнии|съврьстьніі
отроци|отроці
ѥго|его
рѹгающе|роугающе
сꙗ|сꙗ
ѥмѹ|емоу
ѹкарѧхѹти|оукарѧхоуті
и|і
о|о
таковѣмь|таковѣмь
дѣлѣ|дѣлѣ
и|і
тоже|тоже
врагѹ|врагоу
наѹчающю|наоучающоу
ꙗ|ꙗ
бл҃женыи|бл҃женъіі
же|же
вьсꙗ|вьсꙗ
си|сі
съ|съ
радостию|радостію
приимаше|пріімаше
съ|съ
мълчаниѥмь|мълчаніемь
и|і
съ|съ
съмѣрениѥмь|съмѣреніемь
ненавидꙗ|ненавідꙗ
же|же
испрьва|іспрьва
добра|добра
золодѣи|золодѣі
врагъ|врагъ
видꙗ|відꙗ
себе|себе
побѣжаѥма|побѣжаема
съмѣрениѥмь|съмѣреніемь
б҃ословесьнааго|б҃ословесьнааго
отрока|отрока
и|і
не|не
почиваше|почіваше
хотѧ|хотѧ
отъвратити|отъвратіті
и|і
отъ|отъ
таковаго|таковаго
дѣла|дѣла
и|і
се|се
начатъ|начатъ
мт҃рь|мт҃рь
ѥго|его
поѹщати|пооущаті
да|да
ѥмѹ|емоу
възбранить|възбраніть
ѡтъ|отъ
таковааго|таковааго
дѣла|дѣла
мт҃и|мт҃і
ѹбо|оубо
не|не
тьрпꙗщи|тьрпꙗщі
сн҃а|сн҃а
своѥго|своего
въ|въ
такои|такоі
ѹкоризнѣ|оукорізнѣ
сѹща|соуща
и|і
начатъ|начатъ
глаголати|глаголаті
съ|съ
любъвию|любъвію
к|к
немѹ|немоу
молю|молю
ти|ті
сѧ|сѧ
чадо|чадо
остани|остані
сꙗ|сꙗ
таковааго|таковааго
дѣла|дѣла
хѹлѹ|хоулоу
бо|бо
наносиши|наносіші
на|на
родъ|родъ
свои|своі
и|і
не|не
трьплю|трьплю
бо|бо
слышати|слъішаті
отъ|отъ
вьсѣхъ|вьсѣхъ
ѹкарѧѥмѹ|оукарѧемоу
ти|ті
сѹщю|соущоу
о|о
таковѣмь|таковѣмь
дѣлѣ|дѣлѣ
и|і
нѣсть|нѣсть
бо|бо
ти|ті
лѣпо|лѣпо
отрокѹ|отрокоу
сѹщю|соущоу
таковааго|таковааго
дѣла|дѣла
дѣлати|дѣлаті
таче|таче
съ|съ
съмѣрениѥмь|съмѣреніемь
б҃жьствьныи|б҃жьствьнъіі
ѹноша|оуноша
отъвѣщавааше|отъвѣщавааше
мт҃ери|мт҃ері
своѥи|своеі
глаголѧ|глаголѧ
послѹшаи|послоушаі
о|о
мт҃и|мт҃і
молю|молю
ти|ті
сѧ|сѧ
послѹшаи|послоушаі
г҃ь|г҃ь
бо|бо
іс҃ъ|іс҃ъ
х҃съ|х҃съ
самъ|самъ
поѹбожи|пооубожі
сꙗ|сꙗ
и|і
съмѣри|съмѣрі
сѧ|сѧ
намъ|намъ
ѡбразъ|образъ
даꙗ|даꙗ
да|да
и|і
мы|мъі
ѥго|его
ради|раді
съмѣримъ|съмѣрімъ
сꙗ|сꙗ
пакы|пакъі
же|же
порѹганъ|пороуганъ
бысть|бъість
и|і
ѡпльванъ|опльванъ
и|і
заѹшаѥмъ|заоушаемъ
и|і
вьсѧ|вьсѧ
претьрпѣвъ|претьрпѣвъ
нашего|нашего
ради|раді
сп҃сениꙗ|сп҃сеніꙗ
кольми|кольмі
паче|паче
лѣпо|лѣпо
ѥсть|есть
намъ|намъ
трьпѣти|трьпѣті
да|да
х҃а|х҃а
приобрꙗщемъ|пріобрꙗщемъ
а|а
ѥже|еже
о|о
дѣлѣ|дѣлѣ
моѥмь|моемь
мати|маті
моꙗ|моꙗ
то|то
послѹшаи|послоушаі
ѥгда|егда
г҃ь|г҃ь
нашь|нашь
иі҃съ|іі҃съ
х҃съ|х҃съ
на|на
вечери|вечері
възлеже|възлеже
съ|съ
ѹченикы|оученікъі
своими|своімі
тъгда|тъгда
приимъ|пріімъ
хлѣбъ|хлѣбъ
и|і
бл҃гословивъ|бл҃гословівъ
и|і
преломль|преломль
даꙗше|даꙗше
ѹченикомъ|оученікомъ
своимъ|своімъ
глаголѧ|глаголѧ
приимѣте|пріімѣте
и|і
ꙗдите|ꙗдіте
се|се
ѥсть|есть
тѣло|тѣло
моѥ|мое
ломимоѥ|ломімое
за|за
вы|въі
и|і
за|за
мъногы|мъногъі
въ|въ
оставлениѥ|оставленіе
грѣховъ|грѣховъ
да|да
аще|аще
самъ|самъ
г҃ь|г҃ь
нашь|нашь
плъть|плъть
свою|свою
нарече|нарече
то|то
кольми|кольмі
паче|паче
лѣпо|лѣпо
ѥсть|есть
мнѣ|мнѣ
радовати|радоваті
сѧ|сѧ
ꙗко|ꙗко
съдѣльника|съдѣльніка
мꙗ|мꙗ
съподоби|съподобі
г҃ь|г҃ь
плъти|плъті
своѥи|своеі
быти|бъіті
си|сі
слышавъши|слъішавъші
мт҃и|мт҃і
ѥго|его
и|і
чюдивъши|чоудівъші
сѧ|сѧ
о|о
премѹдрости|премоудрості
отрока|отрока
и|і
отътолѣ|отътолѣ
нача|нача
оставати|оставаті
сѧ|сѧ
ѥго|его
нъ|нъ
врагъ|врагъ
не|не
почиваше|почіваше
ѡстрꙗ|острꙗ
ю|ю
на|на
възбраниѥ|възбраніе
отрока|отрока
ѡ|о
таковѣмь|таковѣмь
ѥго|его
съмѣрении|съмѣреніі
по|по
лѣтѣ|лѣтѣ
же|же
ѥдиномь|едіномь
пакы|пакъі
видѣвъши|відѣвъші
ѥго|его
пекѹща|пекоуща
проскѹры|проскоуръі
и|і
ѹчьрнивъша|оучьрнівъша
сꙗ|сꙗ
ѿ|от
ожьжениꙗ|ожьженіꙗ
пещьнаго|пещьнаго
съжали|съжалі
си|сі
зѣло|зѣло
пакы|пакъі
начатъ|начатъ
ѿтолѣ|оттолѣ
бранити|браніті
ѥмѹ|емоу
овогда|овогда
ласкою|ласкою
овогда|овогда
же|же
грозою|грозою
дрѹгоици|дроугоіці
же|же
биющи|біющі
и|і
да|да
сѧ|сѧ
останеть|останеть
таковаго|таковаго
дѣла|дѣла
бж҃ствьныи|бж҃ствьнъіі
же|же
ѹноша|оуноша
въ|въ
скърби|скърбі
велицѣ|веліцѣ
бысть|бъість
о|о
томь|томь
и|і
недъѹмѣꙗ|недъоумѣꙗ
чьто|чьто
створити|створіті
тъгда|тъгда
же|же
въставъ|въставъ
нощию|нощію
ѡтаи|отаі
и|і
из|із
домѹ|домоу
своѥго|своего
и|і
иде|іде
въ|въ
инъ|інъ
градъ|градъ
не|не
далече|далече
сѹщь|соущь
ѡть|оть
него|него
и|і
обита|обіта
ѹ|оу
прозвутера|прозвутера
и|і
дѣлааше|дѣлааше
по|по
обычаю|объічаю
дѣло|дѣло
своѥ|свое
по|по
томь|томь
же|же
мт҃и|мт҃і
ѥго|его
ꙗко|ꙗко
ѥго|его
искавъши|іскавъші
въ|въ
градѣ|градѣ
своѥмь|своемь
и|і
не|не
обрете|обрете
ѥго|его
съжали|съжалі
си|сі
по|по
немь|немь
таче|таче
слышавъши|слъішавъші
по|по
дн҃ьхъ|дн҃ьхъ
мнозѣхъ|мнозѣхъ
слышавъши|слъішавъші
къде|къде
живеть|жіветь
и|і
абиѥ|абіе
ѹстрьми|оустрьмі
сꙗ|сꙗ
по|по
нь|нь
съ|съ
гнѣвъмь|гнѣвъмь
великъмь|велікъмь
и|і
пришедъши|прішедъші
въ|въ
преже реченыи|прежереченъіі
градъ|градъ
и|і
искавъши|іскавъші
ѡбрете|обрете
и|і
въ|въ
домѹ|домоу
презвутерове|презвутерове
и|і
имъши|імъші
влечаше|влечаше
и|і
въ|въ
градъ|градъ
свои|своі
биющи|біющі
и|і
въ|въ
домъ|домъ
свои|своі
приведъши|пріведъші
и|і
запрети|запреті
ѥмѹ|емоу
гл҃щи|гл҃щі
ꙗко|ꙗко
къ|къ
томѹ|томоу
не|не
имаши|імаші
ѿити|отіті
мене|мене
ѥлико|еліко
бо|бо
аще|аще
камо|камо
идеши|ідеші
азъ|азъ
шедъши|шедъші
и|і
обрѣтъши|обрѣтъші
тꙗ|тꙗ
съвꙗзана|съвꙗзана
биющи|біющі
приведѹ|пріведоу
въ|въ
сии|сіі
градъ|градъ
тъгда|тъгда
же|же
бл҃женыи|бл҃женъіі
ѳеѡдосии|ѳеодосіі
молꙗше|молꙗше
сѧ|сѧ
богѹ|богоу
по|по
всѧ|всѧ
дн҃и|дн҃і
ходꙗ|ходꙗ
въ|въ
цр҃квь|цр҃квь
б҃жию|б҃жію
бѣ|бѣ
же|же
съмѣренъ|съмѣренъ
ср҃дцьмь|ср҃дцьмь
и|і
покривъ|покрівъ
къ|къ
вьсѣмъ|вьсѣмъ
ꙗкоже|ꙗкоже
и|і
влстелинъ|влстелінъ
града|града
того|того
видѣвъ|відѣвъ
ѡтрока|отрока
въ|въ
такомь|такомь
съмерении|съмереніі
и|і
покорении|покореніі
сѹща|соуща
възлюби|възлюбі
зѣло|зѣло
и|і
повелѣ|повелѣ
же|же
ѥмѹ|емоу
да|да
пбываѥть|пбъіваеть
ѹ|оу
него|него
въ|въ
цр҃кви|цр҃кві
вдасть|вдасть
же|же
ѥмѹ|емоу
и|і
ѡдежю|одежоу
свѣтьлѹ|свѣтьлоу
да|да
ходить|ходіть
въ|въ
неи|неі
бл҃женыи|бл҃женъіі
же|же
ѳеѡдосии|ѳеодосіі
пребысть|пребъість
въ|въ
неи|неі
ходꙗ|ходꙗ
мало|мало
дн҃ии|дн҃іі
ꙗк|ꙗк
нѣкѹю|нѣкоую
тѧжесть|тѧжесть
на|на
собѣ|собѣ
носꙗ|носꙗ
тако|тако
пребываше|пребъіваше
таче|таче
съньмъ|съньмъ
ю|ю
ѿдасть|отдасть
ю|ю
нищимъ|ніщімъ
самъ|самъ
же|же
въ|въ
хѹдыꙗ|хоудъіꙗ
пърты|пъртъі
обълкъ|обълкъ
сꙗ|сꙗ
ти|ті
тако|тако
хожаше|хожаше
властелинъ|властелінъ
же|же
видѣвы|відѣвъі
и|і
тако|тако
ходꙗща|ходꙗща
и|і
пакы|пакъі
инѹ|іноу
въдасть|въдасть
одежю|одежоу
вѧщьшю|вѧщьшоу
пьрвыꙗ|пьрвъіꙗ
молꙗ|молꙗ
и|і
да|да
ходить|ходіть
въ|въ
неи|неі
онъ|онъ
же|же
съньмъ|съньмъ
и|і
тѹ|тоу
отъда|отъда
сице|сіце
же|же
многашьды|многашьдъі
сътвори|сътворі
ꙗко|ꙗко
же|же
сѹдии|соудіі
то|то
ѹвѣдѣвъшю|оувѣдѣвъшоу
большимь|большімь
начатъ|начатъ
любити|любіті
и|і
чдꙗ|чдꙗ
сꙗ|сꙗ
съмѣрению|съмѣренію
ѥго|его
по|по
сих|сіх
же|же
бж҃ствьныи|бж҃ствьнъіі
ѳеѡдосии|ѳеодосіі
шедъ|шедъ
къ|къ
ѥдиномѹ|едіномоу
ѿ|от
кѹзньць|коузньць
повелѣ|повелѣ
ѥмѹ|емоу
желѣзо|желѣзо
съчепито|съчепіто
съковати|съковаті
иже|іже
и|і
възьмъ|възьмъ
и|і
препоꙗса|препоꙗса
сѧ|сѧ
имь|імь
въ|въ
чресла|чресла
своꙗ|своꙗ
и|і
тако|тако
хожаше|хожаше
желѣзѹ|желѣзоу
же|же
ѹзъкѹ|оузъкоу
сѹщю|соущоу
и|і
грызѹщю|гръізоущоу
сꙗ|сꙗ
въ|въ
тѣло|тѣло
ѥго|его
онъ|онъ
же|же
пребываше|пребъіваше
ꙗко|ꙗко
ничсо же|нічсоже
скьрбьна|скьрбьна
ѿ|от
него|него
приѥмлꙗ|пріемлꙗ
тѣлѹ|тѣлоу
своѥмѹ|своемоу
таче|таче
ꙗко|ꙗко
ишьдъшемъ|ішьдъшемъ
дн҃ьмъ|дн҃ьмъ
мъногомъ|мъногомъ
и|і
бывъшю|бъівъшоу
д҃ни|д҃ні
праздьничьнѹ|праздьнічьноу
мати|маті
ѥго|его
начать|начать
велѣти|велѣті
ѥмѹ|емоу
облещи|облещі
сѧ|сѧ
въ|въ
ѡдежю|одежоу
свѣтьлѹ|свѣтьлоу
на|на
слѹжениѥ|слоуженіе
вьсѣмъ|вьсѣмъ
бо|бо
града|града
того|того
вельможамъ|вельможамъ
въ|въ
тъ|тъ
д҃нь|д҃нь
възлежащемъ|възлежащемъ
на|на
обѣдѣ|обѣдѣ
ѹ|оу
властелина|властеліна
и|і
повелѣно|повелѣно
бѣ|бѣ
ѹбо|оубо
бл҃женѹѹмѹ|бл҃женоуоумоу
ѳеѡдосию|ѳеодосію
предъстоꙗти|предъстоꙗті
и|і
слѹжити|слоужіті
и|і
сего|сего
ради|раді
поѹщашети|пооущашеті
и|і
мт҃и|мт҃і
ѥго|его
да|да
облечеть|облечеть
сꙗ|сꙗ
въ|въ
одежю|одежоу
чистѹ|чістоу
наипаче|наіпаче
же|же
ꙗкоже|ꙗкоже
и|і
слышала|слъішала
бѣ|бѣ
ѥже|еже
ѥсть|есть
сътворилъ|сътворілъ
ꙗкоже|ꙗкоже
ѥмѹ|емоу
облачащю|облачащоу
сꙗ|сꙗ
въ|въ
одежю|одежоу
чистѹ|чістоу
простъ|простъ
же|же
сы|съі
ѹмъмь|оумъмь
неже|неже
блюдыи|блюдъіі
сꙗ|сꙗ
ѥꙗ|еꙗ
она|она
же|же
прилѣжьно|прілѣжьно
зьрѧаше|зьрѧаше
хотꙗщи|хотꙗщі
истѣѥ|істѣе
видѣти|відѣті
и|і
се|се
бо|бо
видѣ|відѣ
на|на
срачици|срачіці
ѥго|его
кръвь|кръвь
сѹщю|соущоу
ѿ|от
въгрызениꙗ|въгръізеніꙗ
желѣза|желѣза
и|і
раждьгъши|раждьгъші
сѧ|сѧ
гнѣвъмь|гнѣвъмь
на|на
нь|нь
и|і
съ|съ
ꙗростию|ꙗростію
въставъши|въставъші
и|і
растьрзавъши|растьрзавъші
сорочицю|сорочіцоу
на|на
немь|немь
биющи|біющі
же|же
и|і
отъꙗ|отъꙗ
желѣзо|желѣзо
ѿ|от
чреслъ|чреслъ
ѥго|его
божии|божіі
же|же
отрокъ|отрокъ
ꙗко|ꙗко
ничьсоже|нічьсоже
зъла|зъла
приꙗтъ|пріꙗтъ
ѿ|от
неꙗ|неꙗ
обълкъ|обълкъ
сꙗ|сꙗ
и|і
шедъ|шедъ
слѹжаше|слоужаше
предъ|предъ
възлежащими|възлежащімі
съ|съ
вьсꙗкою|вьсꙗкою
тихостию|тіхостію
таче|таче
по|по
времени|времені
пакы|пакъі
нѣкоторѣмь|нѣкоторѣмь
слыша|слъіша
въ|въ
ст҃ѣмь|ст҃ѣмь
еуа҃глии|еуа҃гліі
г҃а|г҃а
глаголюща|глаголюща
аще|аще
кто|кто
не|не
ѡставить|оставіть
оц҃а|оц҃а
или|ілі
матере|матере
и|і
въ|въ
слѣдъ|слѣдъ
мене|мене
не|не
идеть|ідеть
то|то
нѣс҃|нѣс҃
мене|мене
достоинъ|достоінъ
и|і
пакы|пакъі
придѣте|прідѣте
къ|къ
мънѣ|мънѣ
вьси|вьсі
трѹжающеи|троужающеі
сꙗ|сꙗ
и|і
обренении|обрененіі
и|і
азъ|азъ
покою|покою
вы|въі
възьмѣте|възьмѣте
ꙗрьмъ|ꙗрьмъ
мои|моі
на|на
сꙗ|сꙗ
и|і
наѹчите|наоучіте
сꙗ|сꙗ
ѿ|от
мене|мене
ꙗко|ꙗко
крътъкъ|крътъкъ
ѥсмь|есмь
и|і
съмѣренъ|съмѣренъ
ср҃дцьмь|ср҃дцьмь
и|і
обрѧщете|обрѧщете
покои|покоі
дш҃амъ|дш҃амъ
вашимъ|вашімъ
си|сі
же|же
слышавъ|слъішавъ
богодъхновеныи|богодъхновенъіі
ѳеѡдосии|ѳеодосіі
и|і
раждьгъ|раждьгъ
сѧ|сѧ
б҃жствьною|б҃жствьною
рьвьностию|рьвьностію
и|і
любъвию|любъвію
и|і
дышаниѥмь|дъішаніемь
б҃жиѥмь|б҃жіемь
помышлꙗаше|помъішлꙗаше
како|како
или|ілі
кде|кде
пострѣщи|пострѣщі
сꙗ|сꙗ
и|і
ѹтаити|оутаіті
сꙗ|сꙗ
матере|матере
своѥꙗ|своеꙗ
по|по
сълѹчаю|сълоучаю
же|же
божию|божію
отъиде|отъіде
мт҃и|мт҃і
ѥго|его
на|на
село|село
и|і
ꙗкоже|ꙗкоже
пребыти|пребъіті
ѥи|еі
тамо|тамо
дьни|дьні
мъногы|мъногъі
бл҃женыи|бл҃женъіі
же|же
радъ|радъ
бывъ|бъівъ
помоливъ|помолівъ
сꙗ|сꙗ
богѹ|богоу
и|і
изиде|ізіде
отаи|отаі
из|із
домѹ|домоу
не|не
имыи|імъіі
ѹ|оу
себе|себе
ничьсоже|нічьсоже
развѣ|развѣ
одежа|одежа
ти|ті
мало|мало
хлѣба|хлѣба
немощи|немощі
дѣлѧ|дѣлѧ
телесьныꙗ|телесьнъіꙗ
и|і
тако|тако
ѹстрьми|оустрьмі
сꙗ|сꙗ
къ|къ
кыѥвѹ|къіевоу
городѹ|городоу
бѣ|бѣ
бо|бо
слышалъ|слъішалъ
о|о
манастырихъ|манастъіріхъ
тѹ|тоу
сѹщиихъ|соущііхъ
не|не
вѣдыи|вѣдъіі
же|же
пѹти|поуті
молꙗше|молꙗше
сꙗ|сꙗ
богѹ|богоу
да|да
бы|бъі
ѡбрѣлъ|обрѣлъ
съпѹтьникы|съпоутьнікъі
направлꙗюща|направлꙗюща
и|і
на|на
пѹть|поуть
желаниꙗ|желаніꙗ
и|і
се|се
по|по
приключаю|пріключаю
божию|божію
бѣша|бѣша
идѹще|ідоуще
пѹтьмь|поутьмь
тѣ|тѣ
кѹпьци|коупьці
на|на
возѣхъ|возѣхъ
съ|съ
бремены|бременъі
тѧжькы|тѧжькъі
ѹвѣдѣвъ|оувѣдѣвъ
же|же
ꙗ|ꙗ
б҃лженыи|б҃лженъіі
ꙗко|ꙗко
въ|въ
тъ же|тъже
градъ|градъ
идѹть|ідоуть
прослави|прославі
б҃а|б҃а
и|і
идꙗшеть|ідꙗшеть
въ|въ
слѣдъ|слѣдъ
ихъ|іхъ
издалеча|іздалеча
не|не
ꙗвлꙗꙗ|ꙗвлꙗꙗ
сѧ|сѧ
имъ|імъ
и|і
онѣмъ|онѣмъ
же|же
ставъшемъ|ставъшемъ
на|на
нощьнѣмь|нощьнѣмь
становищи|становіщі
блаженыи|блаженъіі
же|же
не|не
доида|доіда
ꙗко|ꙗко
и|і
зьрѣимо|зьрѣімо
ихъ|іхъ
тѹ|тоу
же|же
опочивааше|опочівааше
ѥдиномѹ|едіномоу
богѹ|богоу
съблюдающю|съблюдающоу
и|і
и|і
тако|тако
идыи|ідъіі
трьми|трьмі
недѣлꙗми|недѣлꙗмі
доиде|доіде
преже реченааго|прежереченааго
тъгда|тъгда
же|же
пришедъ|прішедъ
и|і
обьходи|обьході
всꙗ|всꙗ
манастырѧ|манастъірѧ
хотѧ|хотѧ
быти|бъіті
мнихъ|мніхъ
и|і
молꙗ|молꙗ
сѧ|сѧ
имъ|імъ
да|да
приꙗтъ|пріꙗтъ
ими|імі
бѹдеть|боудеть
ѡни|оні
же|же
видѣвъше|відѣвъше
отрока|отрока
простость|простость
и|і
ризами|різамі
же|же
хѹдами|хоудамі
облечена|облечена
не|не
рачиша|рачіша
того|того
приꙗти|пріꙗті
сице|сіце
же|же
богѹ|богоу
изволивъшю|ізволівъшоу
тако|тако
да|да
на|на
мѣсто|мѣсто
идеже|ідеже
бѣ|бѣ
бъгъмь|бъгъмь
ѿ|от
ѹности|оуності
позъванъ|позъванъ
на|на
то же|тоже
ведеше|ведеше
сѧ|сѧ
тъгда|тъгда
же|же
бо|бо
слышавъ|слъішавъ
о|о
бл҃женѣмь|бл҃женѣмь
антонии|антоніі
живѹщиимь|жівоущіімь
въ|въ
пещерѣ|пещерѣ
и|і
окрилатѣвъ|окрілатѣвъ
же|же
ѹмъмь|оумъмь
ѹстрьми|оустрьмі
сꙗ|сꙗ
къ|къ
пещерѣ|пещерѣ
и|і
пришьдъ|прішьдъ
къ|къ
пр҃пдбьнѹмѹ|пр҃пдбьноумоу
антонию|антонію
ѥго|его
же|же
видѣвъ|відѣвъ
и|і
падъ|падъ
поклони|поклоні
сꙗ|сꙗ
ѥмѹ|емоу
съ|съ
сльзами|сльзамі
молꙗ|молꙗ
сꙗ|сꙗ
ѥмѹ|емоу
да|да
бы|бъі
ѹ|оу
него|него
былъ|бъілъ
великыи|велікъіі
же|же
антонии|антоніі
казаше|казаше
и|і
гл҃ѧ|гл҃ѧ
чадо|чадо
видиши|відіші
ли|лі
пещерѹ|пещероу
сию|сію
скьрбьно|скьрбьно
сѹще|соуще
мѣсто|мѣсто
и|і
тѣснѣише|тѣснѣіше
паче|паче
инѣхъ|інѣхъ
мѣстъ|мѣстъ
ты|тъі
же|же
ѹнъ|оунъ
сыи|съіі
ꙗкоже|ꙗкоже
мню|мню
и|і
не|не
имаши|імаші
трьпѣти|трьпѣті
на|на
мѣстѣ|мѣстѣ
семь|семь
скърби|скърбі
се|се
же|же
не|не
тъкмо|тъкмо
искѹшаꙗ|іскоушаꙗ
и|і
глаголаше|глаголаше
нъ|нъ
и|і
прозорочьныма|прозорочьнъіма
очима|очіма
прозрꙗ|прозрꙗ
ѧко|ѧко
тъ|тъ
хотꙗше|хотꙗше
възградити|възградіті
самъ|самъ
мѣстъ|мѣстъ
то|то
и|і
манастырь|манастъірь
славьнъ|славьнъ
сътворити|сътворіті
на|на
събьраниѥ|събьраніе
множьствѹ|множьствоу
чьрньць|чьрньць
бо҃дъхновеныи|бо҃дъхновенъіі
же|же
ѳеодосии|ѳеодосіі
ѿвѣща|отвѣща
ѥмѹ|емоу
съ|съ
ѹмилениѥмь|оуміленіемь
вѣжь|вѣжь
чьстьныи|чьстьнъіі
о҃че|о҃че
ꙗко|ꙗко
проразѹмьникъ|проразоумьнікъ
всѧчьскыихъ|всѧчьскъііхъ
богъ|богъ
приведе|пріведе
мѧ|мѧ
къ|къ
ст҃ости|ст҃ості
твоѥи|твоеі
и|і
сп҃сти|сп҃сті
мꙗ|мꙗ
велꙗ|велꙗ
тѣмь|тѣмь
же|же
ѥлико|еліко
ми|мі
велиши|веліші
сътворити|сътворіті
сътворю|сътворю
тъгда|тъгда
гл҃а|гл҃а
ѥмѹ|емоу
бл҃женыи|бл҃женъіі
антонии|антоніі
блс҃нъ|блс҃нъ
б҃ъ|б҃ъ
чадо|чадо
ѹкрѣпивыи|оукрѣпівъіі
тѧ|тѧ
на|на
се|се
тьщаниѥ|тьщаніе
и|і
се|се
мѣсто|мѣсто
бѹди|боуді
въ|въ
немь|немь
ѳеѡдосии|ѳеодосіі
же|же
пакы|пакъі
пакы|пакъі
падъ|падъ
поклони|поклоні
сѧ|сѧ
ѥмѹ|емоу
таче|таче
бл҃гослови|бл҃гослові
и|і
старьць|старьць
и|і
повелѣ|повелѣ
великомѹ|велікомоу
никонѹ|ніконоу
острѣщи|острѣщі
и|і
прозвутерѹ|прозвутероу
томѹ|томоу
сѹщю|соущоу
и|і
чьрноризьцю|чьрнорізьцоу
искѹсьнѹ|іскоусьноу
иже|іже
и|і
поимъ|поімъ
блаженаго|блаженаго
ѳеѡдосиа|ѳеодосіа
и|і
по|по
обычаю|объічаю
ст҃ыихъ|ст҃ъііхъ
оц҃ь|оц҃ь
ѡстригы|острігъі
и|і
облече|облече
и|і
въ|въ
мьнишьскѹю|мьнішьскоую
одежю|одежоу
оц҃ь|оц҃ь
же|же
нашь|нашь
ѳеѡдосии|ѳеодосіі
предавъ|предавъ
сѧ|сѧ
б҃ѹ|б҃оу
и|і
пр҃пдбьнѹѹмѹ|пр҃пдбьноуоумоу
антонию|антонію
и|і
ѿтолѣ|оттолѣ
подаꙗше|подаꙗше
сѧ|сѧ
на|на
трѹды|троудъі
телесьныꙗ|телесьнъіꙗ
и|і
бъдꙗше|бъдꙗше
по|по
всꙗ|всꙗ
нощи|нощі
въ|въ
славословлении|славословленіі
б҃жии|б҃жіі
съньнѹю|съньноую
тѧгость|тѧгость
къ|къ
въздьржанию|въздьржанію
же|же
и|і
плътию|плътію
своѥю|своею
трѹжаꙗ|троужаꙗ
сѧ|сѧ
рѹкама|роукама
дѣло|дѣло
своѥ|свое
дѣлаꙗ|дѣлаꙗ
и|і
въспоминаꙗ|въспомінаꙗ
по|по
вьсꙗ|вьсꙗ
д҃ни|д҃ні
псалъмьскоѥ|псалъмьское
ѡно|оно
слово|слово
вижь|віжь
съмѣрениѥ|съмѣреніе
моѥ|мое
и|і
трѹдъ|троудъ
мои|моі
и|і
остави|оставі
вьсꙗ|вьсꙗ
грѣхы|грѣхъі
моꙗ|моꙗ
тѣмь|тѣмь
вьсь|вьсь
съ|съ
вьсѣмь|вьсѣмь
въздьржаниѥмь|въздьржаніемь
дш҃ю|дш҃ю
съмѣрѧаше|съмѣрѧаше
тѣло|тѣло
же|же
пакы|пакъі
трѹдъмь|троудъмь
и|і
подвизаниѥмь|подвізаніемь
дрѹчааше|дроучааше
ꙗко|ꙗко
дивити|дівіті
сѧ|сѧ
п҃рпбьнѹѹмѹ|п҃рпбьноуоумоу
антонию|антонію
и|і
великомѹ|велікомоу
никонѹ|ніконоу
съмѣрению|съмѣренію
ѥго|его
и|і
покорению|покоренію
и|і
толикѹ|толікоу
ѥго|его
въ|въ
ѹности|оуності
бл҃гонравьствѹ|бл҃гонравьствоу
и|і
ѹкрѣплению|оукрѣпленію
и|і
бъдрости|бъдрості
и|і
вельми|вельмі
о|о
вьсемь|вьсемь
прослависта|прославіста
б҃а|б҃а
мт҃и|мт҃і
же|же
ѥго|его
много|много
искавъши|іскавъші
въ|въ
градѣ|градѣ
своѥмь|своемь
и|і
въ|въ
окрьстьнихъ|окрьстьніхъ
градѣхъ|градѣхъ
и|і
ꙗко|ꙗко
не|не
обрете|обрете
ѥго|его
плакааше|плакааше
сꙗ|сꙗ
по|по
немь|немь
лютѣ|лютѣ
биющи|біющі
въ|въ
пьрси|пьрсі
своꙗ|своꙗ
ѧко|ѧко
и|і
по|по
мрьтвѣмь|мрьтвѣмь
и|і
заповѣдано|заповѣдано
же|же
бысть|бъість
по|по
всеи|всеі
странѣ|странѣ
тои|тоі
аще|аще
къде|къде
видѣвъше|відѣвъше
такого|такого
отрока|отрока
да|да
пришьдъше|прішьдъше
възвѣстите|възвѣстіте
мт҃ри|мт҃рі
ѥго|его
и|і
великѹ|велікоу
мьздѹ|мьздоу
приимѹть|пріімоуть
ѡ|о
възвещении|възвещеніі
ѥго|его
и|і
се|се
пришьдъше|прішьдъше
ѿ|от
кыѥва|къіева
и|і
повѣдаша|повѣдаша
ѥи|еі
ꙗко|ꙗко
преже|преже
сихъ|сіхъ
д҃|д҃
лѣт҃|лѣт҃
видѣхомы|відѣхомъі
и|і
въ|въ
нашемь|нашемь
градѣ|градѣ
ходꙗща|ходꙗща
и|і
хотꙗща|хотꙗща
острѣщи|острѣщі
сѧ|сѧ
въ|въ
ѥдиномь|едіномь
ѿ|от
манастыревъ|манастъіревъ
и|і
то|то
слышавъши|слъішавъші
она|она
и|і
не|не
ѡблѣнивъши|облѣнівъші
сѧ|сѧ
и|і
тамо|тамо
ити|іті
и|і
ни|ні
мало|мало
же|же
помьдьливъши|помьдьлівъші
ни|ні
дълготы|дълготъі
же|же
пѹти|поуті
ѹбоꙗвъши|оубоꙗвъші
сꙗ|сꙗ
въ|въ
преже реченыи|прежереченъіі
градъ|градъ
иде|іде
на|на
възисканиѥ|възісканіе
сн҃а|сн҃а
своѥго|своего
иже|іже
и|і
пришедъши|прішедъші
въ|въ
градъ|градъ
тъ|тъ
и|і
ѡбьходи|обьході
вьсѧ|вьсѧ
манастырѧ|манастъірѧ
ищющи|іщоущі
ѥго|его
послѣди|послѣді
же|же
повѣдаша|повѣдаша
ѥи|еі
ꙗко|ꙗко
въ|въ
пещерѣ|пещерѣ
ѥсть|есть
ѹ|оу
прп҃дбнааго|прп҃дбнааго
антониꙗ|антоніꙗ
ѡна|она
же|же
и|і
тамо|тамо
иде|іде
да|да
и|і
тамо|тамо
обрꙗщеть|обрꙗщеть
и|і
се|се
начатъ|начатъ
старьца|старьца
льстию|льстію
вызывати|въізъіваті
гл҃ющи|гл҃ющі
ꙗко|ꙗко
да|да
речете|речете
прп҃дбьнѹѹмѹ|прп҃дбьноуоумоу
да|да
изидеть|ізідеть
се|се
бо|бо
многъ|многъ
пѹть|поуть
гънавъши|гънавъші
приидохъ|пріідохъ
хотѧщи|хотѧщі
бесѣдовати|бесѣдоваті
къ|къ
тебе|тебе
и|і
поклонити|поклоніті
сѧ|сѧ
ст҃ыни|ст҃ъіні
твоѥи|твоеі
и|і
да|да
бл҃гословлена|бл҃гословлена
бѹдѹ|боудоу
и|і
азъ|азъ
ѿ|от
тебе|тебе
и|і
възвѣщено|възвѣщено
бысть|бъість
старьцю|старьцоу
о|о
неи|неі
и|і
се|се
изиде|ізіде
къ|къ
неи|неі
ѥго|его
же|же
видѣвъши|відѣвъші
и|і
поклони|поклоні
сꙗ|сꙗ
ѥмѹ|емоу
таче|таче
сѣдъшема|сѣдъшема
има|іма
начатъ|начатъ
жена|жена
простирати|простіраті
к|к
немѹ|немоу
бесѣдѹ|бесѣдоу
многѹ|многоу
послѣди|послѣді
же|же
обави|обаві
винѹ|віноу
ѥꙗже|еꙗже
ради|раді
прииде|прііде
и|і
гл҃аше|гл҃аше
же|же
молю|молю
ти|ті
сѧ|сѧ
ѿч҃е|отч҃е
повѣжь|повѣжь
ми|мі
аще|аще
сде|сде
ѥсть|есть
сн҃ъ|сн҃ъ
мои|моі
много|много
же|же
си|сі
жалю|жалю
ѥго|его
ради|раді
не|не
вѣдѹщи|вѣдоущі
аще|аще
ѹбо|оубо
живъ|жівъ
ѥсть|есть
старьць|старьць
же|же
сыи|съіі
простъ|простъ
ѹмъмь|оумъмь
и|і
не|не
разѹмѣвъ|разоумѣвъ
льсти|льсті
ѥꙗ|еꙗ
гл҃а|гл҃а
ѥи|еі
ꙗко|ꙗко
сде|сде
ѥсть|есть
сн҃ъ|сн҃ъ
твои|твоі
и|і
не|не
жали|жалі
си|сі
ѥго|его
ради|раді
се|се
бо|бо
живъ|жівъ
ѥсть|есть
тоже|тоже
она|она
къ|къ
немѹ|немоу
то|то
чьто|чьто
оч҃е|оч҃е
оже|оже
не|не
вижю|віжоу
ѥго|его
многъ|многъ
бо|бо
пѹть|поуть
шьствовавъши|шьствовавъші
придохъ|прідохъ
въ|въ
сии|сіі
градъ|градъ
тъкмо|тъкмо
же|же
да|да
вижю|віжоу
си|сі
сн҃а|сн҃а
своѥго|своего
ти|ті
тако|тако
възвращю|възвращоу
сꙗ|сꙗ
въ|въ
градъ|градъ
свои|своі
старьць|старьць
же|же
к|к
неи|неі
отъвѣща|отъвѣща
то|то
аще|аще
хощеши|хощеші
видѣти|відѣті
и|і
да|да
идеши|ідеші
нынѣ|нъінѣ
въ|въ
домъ|домъ
и|і
азъ|азъ
шедъ|шедъ
ѹвѣщаю|оувѣщаю
и|і
не|не
бо|бо
рачить|рачіть
видѣти|відѣті
кого|кого
ти|ті
въ|въ
ѹтрѣи|оутрѣі
дн҃ь|дн҃ь
пришедъши|прішедъші
видиши|відіші
и|і
то|то
же|же
слышавъши|слъішавъші
она|она
отъиде|отъіде
чающи|чающі
въ|въ
приидѹщии|пріідоущіі
дн҃ь|дн҃ь
видѣти|відѣті
и|і
прп҃дбьныи|прп҃дбьнъіі
же|же
антонии|антоніі
въшедъ|въшедъ
въ|въ
пещерѹ|пещероу
възвѣсти|възвѣсті
всѧ|всѧ
си|сі
бл҃женѹѹмѹ|бл҃женоуоумоу
ѳеѡдосию|ѳеодосію
иже|іже
и|і
слышавъ|слъішавъ
съжали|съжалі
си|сі
зѣло|зѣло
ꙗко|ꙗко
на|на
може|може
ѹтаити|оутаіті
сѧ|сѧ
ѥꙗ|еꙗ
въ|въ
дрѹгыи|дроугъіі
же|же
дн҃ь|дн҃ь
прииде|прііде
пакы|пакъі
жена|жена
старьць|старьць
же|же
много|много
ѹвѣщавааше|оувѣщавааше
бл҃женааго|бл҃женааго
изити|ізіті
и|і
видѣти|відѣті
мт҃ерь|мт҃ерь
свою|свою
онъ|онъ
же|же
не|не
въсхотѣ|въсхотѣ
тъгда|тъгда
же|же
старьць|старьць
ишьдъ|ішьдъ
гл҃а|гл҃а
ѥи|еі
ꙗко|ꙗко
много|много
молихы|моліхъі
и|і
да|да
изидеть|ізідеть
къ|къ
тебе|тебе
и|і
не|не
рачить|рачіть
ѡна|она
же|же
к|к
томѹ|томоу
ѹже|оуже
не|не
съ|съ
съмѣрениѥмь|съмѣреніемь
начатъ|начатъ
гл҃ати|гл҃аті
къ|къ
старьцю|старьцоу
съ|съ
гнѣвъмь|гнѣвъмь
великъмь|велікъмь
въпиꙗаше|въпіꙗаше
о|о
нѹже|ноуже
старьцѧ|старьцѧ
сего|сего
ꙗко|ꙗко
имыи|імъіі
сн҃а|сн҃а
моѥго|моего
и|і
съкрывыи|съкръівъіі
въ|въ
пещерѣ|пещерѣ
не|не
рачить|рачіть
ми|мі
ѥго|его
ꙗвити|ꙗвіті
изведи|ізведі
ми|мі
старьче|старьче
сн҃а|сн҃а
моѥго|моего
да|да
си|сі
ѥго|его
вижю|віжоу
и|і
не|не
трьплю|трьплю
бо|бо
жива|жіва
быти|бъіті
аще|аще
не|не
вижю|віжоу
ѥго|его
ꙗви|ꙗві
ми|мі
сн҃а|сн҃а
моѥго|моего
да|да
не|не
зълѣ|зълѣ
ѹмьрѹ|оумьроу
се|се
бо|бо
сама|сама
сꙗ|сꙗ
погѹблю|погоублю
предъ|предъ
двьрьми|двьрьмі
печеры|печеръі
сеꙗ|сеꙗ
аще|аще
ми|мі
не|не
покажеши|покажеші
ѥго|его
тъгда|тъгда
антонии|антоніі
въ|въ
скърби|скърбі
велицѣ|веліцѣ
бывъ|бъівъ
и|і
въшедъ|въшедъ
въ|въ
пещерѹ|пещероу
молꙗаше|молꙗаше
бл҃женааго|бл҃женааго
антонии|антоніі
да|да
изидеть|ізідеть
къ|къ
неи|неі
онъ|онъ
же|же
не|не
хотѧ|хотѧ
ослѹшати|ослоушаті
сꙗ|сꙗ
старьца|старьца
и|і
изиде|ізіде
къ|къ
неи|неі
она|она
же|же
видѣвъши|відѣвъші
сн҃а|сн҃а
своѥго|своего
въ|въ
таковѣи|таковѣі
скьрби|скьрбі
сѹща|соуща
бѣ|бѣ
бо|бо
ѹже|оуже
лице|ліце
ѥго|его
измѣнило|ізмѣніло
сѧ|сѧ
ѡтъ|отъ
многааго|многааго
ѥго|его
трѹда|троуда
и|і
въздьржаниꙗ|въздьржаніꙗ
и|і
ѡхопивъши|охопівъші
сѧ|сѧ
ѥмь|емь
плакаше|плакаше
сѧ|сѧ
горко|горко
и|і
одъва|одъва
мало|мало
ѹтѣшивъши|оутѣшівъші
сѧ|сѧ
сѣде|сѣде
и|і
начатъ|начатъ
ѹвѣщавати|оувѣщаваті
хв҃а|хв҃а
слѹгѹ|слоугоу
глаголющи|глаголющі
поиди|поіді
чадо|чадо
въ|въ
домъ|домъ
свои|своі
и|і
ѥже|еже
ти|ті
на|на
потребѹ|потребоу
и|і
на|на
сп҃сениѥ|сп҃сеніе
дш҃и|дш҃і
да|да
дѣлаѥши|дѣлаеші
въ|въ
домѹ|домоу
си|сі
по|по
воли|волі
своѥи|своеі
тъкмо|тъкмо
же|же
да|да
не|не
отълѹчаи|отълоучаі
сꙗ|сꙗ
мене|мене
и|і
ѥгда|егда
ти|ті
ѹмьрѹ|оумьроу
ты|тъі
же|же
погребеши|погребеші
тѣло|тѣло
моѥ|мое
ти|ті
тъгда|тъгда
възвратиши|възвратіші
сꙗ|сꙗ
въ|въ
пещерѹ|пещероу
сию|сію
ꙗкоже|ꙗкоже
хощеши|хощеші
не|не
трьплю|трьплю
бо|бо
жива|жіва
быти|бъіті
не|не
видꙗщи|відꙗщі
тебе|тебе
бл҃женыи|бл҃женъіі
же|же
рече|рече
къ|къ
неи|неі
то|то
аще|аще
хощеши|хощеші
видѣти|відѣті
мꙗ|мꙗ
по|по
всꙗ|всꙗ
дн҃и|дн҃і
иди|іді
въ|въ
сии|сіі
градъ|градъ
и|і
въшьдъши|въшьдъші
въ|въ
ѥдинъ|едінъ
манастырь|манастъірь
женъ|женъ
и|і
тѹ|тоу
остризи|острізі
сꙗ|сꙗ
и|і
тако|тако
приходꙗщи|пріходꙗщі
сѣмо|сѣмо
видиши|відіші
мꙗ|мꙗ
къ|къ
симъ|сімъ
же|же
и|і
сп҃сениѥ|сп҃сеніе
дш҃и|дш҃і
приимеши|пріімеші
аще|аще
ли|лі
сего|сего
не|не
твориши|творіші
то|то
истинѹ|істіноу
ти|ті
гл҃ю|гл҃ю
к|к
томѹ|томоу
лица|ліца
моѥго|моего
не|не
имаши|імаші
видѣти|відѣті
сицѣми|сіцѣмі
же|же
и|і
инѣми|інѣмі
многыими|многъіімі
наказани|наказані
пребывааше|пребъівааше
по|по
всꙗ|всꙗ
дн҃и|дн҃і
ѹвѣщаваꙗ|оувѣщаваꙗ
мт҃рь|мт҃рь
свою|свою
онъи|онъі
же|же
о|о
томь|томь
не|не
хотꙗщи|хотꙗщі
ни|ні
понѣ|понѣ
послѹшати|послоушаті
ѥго|его
и|і
ѥгда|егда
отъхожаше|отъхожаше
ѿ|от
него|него
тъгда|тъгда
бл҃женыи|бл҃женъіі
въшедъ|въшедъ
въ|въ
пещерѹ|пещероу
молꙗше|молꙗше
сѧ|сѧ
б҃ѹ|б҃оу
прилѣжно|прілѣжно
о|о
сп҃сении|сп҃сеніі
мт҃ре|мт҃ре
своѥꙗ|своеꙗ
и|і
обращении|обращеніі
ср҃дца|ср҃дца
ѥꙗ|еꙗ
на|на
послѹшаниѥ|послоушаніе
б҃ъ|б҃ъ
же|же
ѹслыша|оуслъіша
мл҃твѹ|мл҃твоу
ѹгодьника|оугодьніка
своѥго|своего
о|о
семь|семь
бо|бо
словеси|словесі
рече|рече
пр҃ркъ|пр҃ркъ
близъ|блізъ
г҃ь|г҃ь
призывающиимъ|прізъівающіімъ
въ|въ
истинѹ|істіноу
и|і
волю|волю
боꙗщимъ|боꙗщімъ
сꙗ|сꙗ
ѥго|его
творить|творіть
и|і
мл҃твѹ|мл҃твоу
ихъ|іхъ
ѹслышить|оуслъішіть
и|і
сп҃сеть|сп҃сеть
ꙗ|ꙗ
въ|въ
ѥдинъ|едінъ
бо|бо
д҃нь|д҃нь
пришьдъши|прішьдъші
мт҃и|мт҃і
ѥмѹ|емоу
гл҃а|гл҃а
се|се
чадо|чадо
велимаꙗ|велімаꙗ
вьсꙗ|вьсꙗ
тобою|тобою
сътворю|сътворю
и|і
къ|къ
томѹ|томоу
не|не
възвращю|възвращоу
сꙗ|сꙗ
въ|въ
градъ|градъ
свои|своі
нъ|нъ
ꙗко|ꙗко
б҃ѹ|б҃оу
творꙗщю|творꙗщоу
да|да
идѹ|ідоу
въ|въ
манастырь|манастъірь
женъ|женъ
и|і
тѹ|тоу
остригьши|острігьші
сꙗ|сꙗ
прочаꙗ|прочаꙗ
пребѹдѹ|пребоудоу
дн҃и|дн҃і
своꙗ|своꙗ
се|се
бо|бо
ѿ|от
твоѥго|твоего
ѹчениꙗ|оученіꙗ
разѹмѣхъ|разоумѣхъ
ꙗко|ꙗко
ничто же|нічтоже
ѥсть|есть
свѣтъ|свѣтъ
сии|сіі
маловременьныи|маловременьнъіі
си|сі
слышавъ|слъішавъ
бл҃женыи|бл҃женъіі
ѳеѡдосии|ѳеодосіі
въздрадова|въздрадова
сꙗ|сꙗ
дх҃ъмь|дх҃ъмь
и|і
въшьдъ|въшьдъ
съповѣда|съповѣда
великомѹ|велікомоу
антонию|антонію
иже|іже
и|і
ѹслышавъ|оуслъішавъ
прослави|прославі
б҃а|б҃а
обративъшааго|обратівъшааго
ср҃дце|ср҃дце
ѥꙗ|еꙗ
на|на
такавоѥ|такавое
покаꙗниѥ|покаꙗніе
и|і
шьдъ|шьдъ
къ|къ
неи|неі
и|і
много|много
поѹчивъ|пооучівъ
ю|ю
ѥже|еже
на|на
пользѹ|пользоу
и|і
на|на
сп҃сениѥ|сп҃сеніе
дш҃и|дш҃і
и|і
възвѣстивъ|възвѣстівъ
о|о
неи|неі
кнѧгыни|кнѧгъіні
пѹсти|поусті
ю|ю
въ|въ
манастырь|манастъірь
женьскыи|женьскъіі
именѹѥмъ|іменоуемъ
ст҃ааго|ст҃ааго
николы|ніколъі
и|і
тѹ|тоу
постриженѣ|постріженѣ
ѥи|еі
быти|бъіті
и|і
въ|въ
мьнишьскѹю|мьнішьскоую
одежю|одежоу
облеченѣ|облеченѣ
ѥи|еі
быти|бъіті
и|і
поживъши|пожівъші
же|же
ѥи|еі
въ|въ
добрѣ|добрѣ
исповѣдании|ісповѣданіі
лѣ҃т|лѣ҃т
многа|многа
съ|съ
миръмь|міръмь
ѹсъпе|оусъпе
се|се
же|же
житиѥ|жітіе
бл҃женааго|бл҃женааго
оц҃а|оц҃а
нашего|нашего
ѳеѡдосиꙗ|ѳеодосіꙗ
отъ|отъ
ѹны|оунъі
вьрсты|вьрстъі
до|до
сде|сде
дондеже|дондеже
прииде|прііде
въ|въ
пещерѹ|пещероу
мт҃и|мт҃і
же|же
ѥго|его
съповѣда|съповѣда
ѥдиномѹ|едіномоу
ѿ|от
братиꙗ|братіꙗ
именьмь|іменьмь
ѳеѡдорѹ|ѳеодороу
иже|іже
бѣ|бѣ
келарь|келарь
при|прі
оц҃и|оц҃і
нашемь|нашемь
ѳеодосии|ѳеодосіі
азъ|азъ
же|же
ѿ|от
него|него
всꙗ|всꙗ
си|сі
слышавъ|слъішавъ
ономѹ|ономоу
съповѣдающю|съповѣдающоу
ми|мі
и|і
въписахъ|въпісахъ
на|на
памѧть|памѧть
всѣмъ|всѣмъ
почитающимъ|почітающімъ
ꙗ|ꙗ
обаче|обаче
и|і
на|на
прочеѥ|прочее
съказаниѥ|съказаніе
отрока|отрока
исправлениꙗ|ісправленіꙗ
поидѹ|поідоу
съврьшениѥ|съврьшеніе
же|же
гл҃ъ|гл҃ъ
ми|мі
ѹкажеть|оукажеть
сꙗ|сꙗ
бл҃гоисправлꙗющю|бл҃гоісправлꙗющоу
б҃ѹ|б҃оу
и|і
словословѹ|словословоу
сии|сіі
ѹбо|оубо
оц҃ь|оц҃ь
нашь|нашь
ѳеѡдосии|ѳеодосіі
ст҃ыи|ст҃ъіі
побѣдоносьць|побѣдоносьць
показа|показа
сꙗ|сꙗ
въ|въ
пещерѣ|пещерѣ
на|на
злыꙗ|злъіꙗ
дх҃ы|дх҃ъі
по|по
острижени|остріжені
же|же
мт҃ре|мт҃ре
своѥꙗ|своеꙗ
и|і
по|по
ѿврьжении|отврьженіі
всꙗкоꙗ|всꙗкоꙗ
мирьскыꙗ|мірьскъіꙗ
печали|печалі
большими|большімі
трѹды|троудъі
паче|паче
наченъ|наченъ
подвизати|подвізаті
сѧ|сѧ
на|на
рьвениѥ|рьвеніе
бж҃иѥ|бж҃іе
и|і
бѣ|бѣ
видѣти|відѣті
свѣтила|свѣтіла
три|трі
сѹща|соуща
въ|въ
пещерѣ|пещерѣ
разгонѧща|разгонѧща
тьмѹ|тьмоу
бѣсовьскѹю|бѣсовьскоую
мл҃твою|мл҃твою
и|і
алканиѥмь|алканіемь
мѣню|мѣню
же|же
пр҃подобнааго|пр҃подобнааго
антониꙗ|антоніꙗ
и|і
блж҃нааго|блж҃нааго
ѳеѡдосиꙗ|ѳеодосіꙗ
и|і
великааго|велікааго
никона|нікона
си|сі
бѣша|бѣша
въ|въ
пещерѣ|пещерѣ
молꙗще|молꙗще
б҃а|б҃а
и|і
б҃ъ|б҃ъ
же|же
бѣ|бѣ
съ|съ
ними|німі
иде|іде
бо|бо
рече|рече
в҃|в҃
или|ілі
триѥ|тріе
съвъкѹплени|съвъкоуплені
въ|въ
имꙗ|імꙗ
моѥ|мое
тѹ|тоу
ѥсмь|есмь
посредѣ|посредѣ
ихъ|іхъ
въ|въ
то|то
же|же
времꙗ|времꙗ
иже|іже
бѣ|бѣ
прьвыи|прьвъіі
ѹ|оу
кнꙗзѧ|кнꙗзѧ
въ|въ
болꙗрѣхъ|болꙗрѣхъ
имьньмь|імьньмь
іѡ҃ан|іо҃ан
и|і
того|того
с҃нъ|с҃нъ
часто|часто
прихожаше|пріхожаше
къ|къ
прп҃дбьнымъ|прп҃дбьнъімъ
наслажаꙗ|наслажаꙗ
сѧ|сѧ
медоточьныихъ|медоточьнъііхъ
тѣхъ|тѣхъ
словесъ|словесъ
иже|іже
исхожаахѹ|ісхожаахоу
из|із
ѹстъ|оустъ
оц҃ь|оц҃ь
тѣхъ|тѣхъ
и|і
възлюби|възлюбі
же|же
ꙗ|ꙗ
зѣло|зѣло
и|і
ꙗко|ꙗко
въсхотѣти|въсхотѣті
ѥмѹ|емоу
жити|жіті
съ|съ
ними|німі
и|і
вьсꙗ|вьсꙗ
презьрѣти|презьрѣті
въ|въ
житии|жітіі
семь|семь
славѹ|славоу
и|і
ба҃тьство|ба҃тьство
ни|ні
въ|въ
что|что
же|же
положивъ|положівъ
прикоснѹ|прікосноу
бо|бо
сꙗ|сꙗ
ѥмь|емь
слово|слово
гн҃е|гн҃е
рекшеѥ|рекшее
ꙗко|ꙗко
ѹдобѣѥ|оудобѣе
ѥсть|есть
вельбѹдѹ|вельбоудоу
сквозѣ|сквозѣ
иглинѣ|іглінѣ
ѹши|оуші
проити|проіті
нежели|нежелі
ба҃тѹ|ба҃тоу
въ|въ
цр҃ствиѥ|цр҃ствіе
нб҃сноѥ|нб҃сное
вънити|въніті
тъгда|тъгда
же|же
повѣда|повѣда
ѥдиномѹ|едіномоу
антонию|антонію
мысль|мъісль
свою|свою
гл҃ꙗ|гл҃ꙗ
хотѣлъ|хотѣлъ
быхъ|бъіхъ
оч҃е|оч҃е
аще|аще
богѹ|богоу
годьно|годьно
мнихъ|мніхъ
быти|бъіті
и|і
жити|жіті
съ|съ
вами|вамі
гл҃а|гл҃а
ѥмѹ|емоу
старьць|старьць
благо|благо
хотѣниѥ|хотѣніе
твоѥ|твое
чадо|чадо
и|і
помыслъ|помъіслъ
испълненъ|іспълненъ
бл҃годати|бл҃годаті
нъ|нъ
блюди|блюді
чадо|чадо
да|да
не|не
богатьство|богатьство
и|і
слава|слава
мира|міра
сего|сего
възврати|възвраті
тѧ|тѧ
въспѧть|въспѧть
господѹ|господоу
рекъшю|рекъшоу
никто же|ніктоже
възложь|възложь
рѹкы|роукъі
своѥꙗ|своеꙗ
на|на
рало|рало
и|і
зрꙗ|зрꙗ
въспꙗть|въспꙗть
ѹправленъ|оуправленъ
ѥсть|есть
въ|въ
цр҃ствии|цр҃ствіі
нб҃снѣмь|нб҃снѣмь
тако|тако
и|і
мнихъ|мніхъ
възвращаꙗ|възвращаꙗ
сѧ|сѧ
къ|къ
мирѹ|міроу
мыслию|мъіслію
и|і
пекыи|пекъіі
сꙗ|сꙗ
о|о
мирьскыхъ|мірьскъіхъ
не|не
имать|імать
ѹправити|оуправіті
сꙗ|сꙗ
въ|въ
жизнь|жізнь
вѣчьнѹю|вѣчьноую
и|і
на|на
многа|многа
старьць|старьць
бесѣдова|бесѣдова
къ|къ
отрокѹ|отрокоу
и|і
ѡномѹ|ономоу
же|же
ср҃дце|ср҃дце
боле|боле
острꙗше|острꙗше
сꙗ|сꙗ
на|на
любъвь|любъвь
бж҃ию|бж҃ію
и|і
тъгда|тъгда
ѿиде|отіде
въ|въ
домъ|домъ
свои|своі
и|і
въ|въ
дрѹгыи|дроугъіі
же|же
дн҃ь|дн҃ь
одѣвъ|одѣвъ
сꙗ|сꙗ
въ|въ
одежю|одежоу
свѣтьлѹ|свѣтьлоу
и|і
славьнѹ|славьноу
и|і
тако|тако
въсѣдъ|въсѣдъ
на|на
ко|ко
съ|съ
нимь|німь
отъходить|отъходіть
отъ|отъ
града|града
сего|сего
въ|въ
инѹ|іноу
область|область
тъгда|тъгда
гл҃а|гл҃а
ѥмѹ|емоу
жена|жена
ѥго|его
послѹшаи|послоушаі
г҃и|г҃і
и|і
не|не
гнѣваи|гнѣваі
сꙗ|сꙗ
ѧко|ѧко
тако|тако
же|же
бысть|бъість
и|і
въ|въ
странѣ|странѣ
нашеи|нашеі
отъбѣжавъшемъ|отъбѣжавъшемъ
нѣкоѥꙗ|нѣкоеꙗ
бѣды|бѣдъі
ради|раді
чрьньцемъ|чрьньцемъ
много|много
зъла|зъла
створи|створі
сꙗ|сꙗ
въ|въ
земли|землі
тои|тоі
ихъ|іхъ
ради|раді
нъ|нъ
блюди|блюді
г҃и|г҃і
да|да
не|не
тако|тако
въ|въ
области|області
твоѥи|твоеі
бѹдеть|боудеть
то|то
же|же
слышавъ|слъішавъ
кнꙗзь|кнꙗзь
и|і
ѹбоꙗвъ|оубоꙗвъ
сꙗ|сꙗ
гнѣва|гнѣва
би҃ꙗ|бі҃ꙗ
ѿпѹсти|отпоусті
великааго|велікааго
никона|нікона
повелѣвъ|повелѣвъ
ѥмѹ|емоу
ити|іті
въ|въ
пещерѹ|пещероу
свою|свою
по|по
онѣхъ|онѣхъ
же|же
посла|посла
рекыи|рекъіі
да|да
съ|съ
мольбою|мольбою
възвратꙗть|възвратꙗть
сꙗ|сꙗ
въспꙗть|въспꙗть
иже|іже
едва|едва
по|по
три|трі
дн҃и|дн҃і
ѹвѣщани|оувѣщані
быша|бъіша
възвратити|възвратіті
сꙗ|сꙗ
въ|въ
свою|свою
пещерѹ|пещероу
ꙗко|ꙗко
се|се
нѣкотории|нѣкоторіі
храбри|храбрі
ѿ|от
брани|брані
побѣдивъше|побѣдівъше
сѹпостата|соупостата
своѥго|своего
врага|врага
и|і
бѣша|бѣша
въинѹ|въіноу
молꙗще|молꙗще
сꙗ|сꙗ
дн҃ь|дн҃ь
и|і
нощь|нощь
къ|къ
г҃ѹ|г҃оу
б҃ѹ|б҃оу
нъ|нъ
ни|ні
тако|тако
не|не
почиваше|почіваше
врагъ|врагъ
борꙗ|борꙗ
сꙗ|сꙗ
съ|съ
ними|німі
тъгда|тъгда
бо|бо
ѹвѣдѣвъ|оувѣдѣвъ
болꙗринъ|болꙗрінъ
и. ѡанъ|іоанъ
ꙗко|ꙗко
никоѥго же|нікоегоже
имъ|імъ
зъла|зъла
не|не
створи|створі
х҃олюбивыи|х҃олюбівъіі
кнꙗзь|кнꙗзь
изѧславъ|ізѧславъ
и|і
раждьгъ|раждьгъ
сꙗ|сꙗ
на|на
нꙗ|нꙗ
гнѣвъмь|гнѣвъмь
сн҃а|сн҃а
ради|раді
своѥго|своего
и|і
поимъ|поімъ
отрокы|отрокъі
многы|многъі
и|і
иде|іде
на|на
с҃тоѥ|с҃тое
стадо|стадо
иже|іже
и|і
распѹдивъ|распоудівъ
ꙗ|ꙗ
и|і
въшедъ|въшедъ
въ|въ
пещерѹ|пещероу
и|і
имъ|імъ
сн҃а|сн҃а
своѥго|своего
бж҃ствьнааго|бж҃ствьнааго
варлаама|варлаама
извлече|ізвлече
и|і
вънъ|вънъ
таче|таче
съньмъ|съньмъ
съ|съ
него|него
ст҃ѹю|ст҃оую
мантию|мантію
и|і
въврьже|въврьже
ю|ю
въ|въ
дьбрь|дьбрь
тако|тако
же|же
и|і
шлѣмъ|шлѣмъ
сп҃сениꙗ|сп҃сеніꙗ
иже|іже
бѣ|бѣ
на|на
главѣ|главѣ
ѥго|его
съньмъ|съньмъ
завьрже|завьрже
и|і
и|і
тъгда|тъгда
же|же
и|і
облече|облече
въ|въ
одежю|одежоу
славьнѹ|славьноу
и|і
свѣтьлѹ|свѣтьлоу
ꙗкоже|ꙗкоже
ѥ|е
лѣпо|лѣпо
болꙗромъ|болꙗромъ
онъ|онъ
же|же
съврьже|съврьже
ю|ю
долѹ|долоу
не|не
хотꙗ|хотꙗ
ни|ні
видѣти|відѣті
ѥꙗ|еꙗ
и|і
тако|тако
створи|створі
многашьды|многашьдъі
тоже|тоже
повелѣ|повелѣ
оц҃ь|оц҃ь
ѥго|его
съ|съ
гнѣвъмь|гнѣвъмь
съвꙗзати|съвꙗзаті
ѥмѹ|емоу
рѹцѣ|роуцѣ
и|і
одѣти|одѣті
и|і
въ|въ
преже реченѹю|прежереченоую
одежю|одежоу
ти|ті
тако|тако
ити|іті
ѥмѹ|емоу
сквозѣ|сквозѣ
градъ|градъ
въ|въ
домъ|домъ
свои|своі
онъ|онъ
же|же
иже|іже
по|по
истинѣ|істінѣ
теплыи|теплъіі
дш҃ею|дш҃ею
на|на
б҃жию|б҃жію
любъвь|любъвь
варламъ|варламъ
идыи|ідъіі
пѹтьмь|поутьмь
ѹзрѣ|оузрѣ
распалинѹ|распаліноу
калнѹ|калноу
сѹщю|соущоу
и|і
скоро|скоро
въшьдъ|въшьдъ
въ|въ
ню|ню
и|і
б҃жиѥю|б҃жіею
помощию|помощію
съврьже|съврьже
одежю|одежоу
съ|съ
себе|себе
и|і
своима|своіма
ногама|ногама
попирашеть|попірашеть
ю|ю
въ|въ
калѣ|калѣ
попираꙗ|попіраꙗ
съ|съ
тѣми|тѣмі
и|і
злыꙗ|злъіꙗ
помыслы|помъіслъі
и|і
лѹкаваго|лоукаваго
врага|врага
таче|таче
по|по
сихъ|сіхъ
пришедъшемъ|прішедъшемъ
имъ|імъ
въ|въ
домъ|домъ
повелѣ|повелѣ
оц҃ь|оц҃ь
ѥго|его
сѣсти|сѣсті
съ|съ
нимь|німь
на|на
трѣпезѣ|трѣпезѣ
ономѹ|ономоу
же|же
сѣдъшю|сѣдъшоу
и|і
ничьсо же|нічьсоже
въкѹси|въкоусі
отъ|отъ
брашьна|брашьна
нъ|нъ
пребывааше|пребъівааше
нича|ніча
и|і
долѹ|долоу
зрꙗ|зрꙗ
по|по
ѿꙗдении|отꙗденіі
же|же
отъпѹсти|отъпоусті
и|і
въ|въ
своꙗ|своꙗ
храмы|храмъі
приставивъ|пріставівъ
отрокы|отрокъі
блюсти|блюсті
да|да
не|не
отъидеть|отъідеть
повелѣ|повелѣ
же|же
и|і
женѣ|женѣ
ѥго|его
ѹтворити|оутворіті
сꙗ|сꙗ
въ|въ
ѹтварь|оутварь
всꙗкѹю|всꙗкоую
на|на
прельщениѥ|прельщеніе
отрока|отрока
и|і
слѹжити|слоужіті
предъ|предъ
нимь|німь
рабъ|рабъ
же|же
х҃въ|х҃въ
варламъ|варламъ
въшедъ|въшедъ
въ|въ
ѥдинѹ|едіноу
клѣть|клѣть
сѣдѣ|сѣдѣ
въ|въ
ѹглѣ|оуглѣ
ѥꙗ|еꙗ
жена|жена
же|же
ѥго|его
ꙗкоже|ꙗкоже
бѣ|бѣ
ѥи|еі
повелѣно|повелѣно
хожаше|хожаше
предъ|предъ
нимь|німь
и|і
молꙗшети|молꙗшеті
и|і
сѣсти|сѣсті
на|на
одрѣ|одрѣ
своѥмь|своемь
видѣвъ|відѣвъ
же|же
онъ|онъ
неистовьство|неістовьство
жены|женъі
и|і
разѹмѣвъ|разоумѣвъ
ꙗко|ꙗко
на|на
прельщениѥ|прельщеніе
ѥмѹ|емоу
ѹготова|оуготова
оц҃ь|оц҃ь
молꙗше|молꙗше
сꙗ|сꙗ
въ|въ
таинѣ|таінѣ
ср҃дца|ср҃дца
своѥго|своего
къ|къ
мл҃срдѹѹмѹ|мл҃срдоуоумоу
б҃ѹ|б҃оу
могѹщѹѹмѹ|могоущоуоумоу
сп҃сти|сп҃сті
отъ|отъ
прельсти|прельсті
тоꙗ|тоꙗ
пребысть|пребъість
же|же
на|на
мѣстѣ|мѣстѣ
томь|томь
сѣдꙗ|сѣдꙗ
три|трі
д҃ни|д҃ні
не|не
въстаꙗ|въстаꙗ
ѿ|от
него|него
ни|ні
брашьна|брашьна
же|же
въкѹшаꙗ|въкоушаꙗ
ни|ні
въ|въ
одежю|одежоу
облече|облече
сѧ|сѧ
нъ|нъ
въ|въ
ѥдинои|едіноі
свитѣ|світѣ
си|сі
пребывааше|пребъівааше
пр҃пдбьныи|пр҃пдбьнъіі
же|же
антонии|антоніі
и|і
съ|съ
сѹщиими|соущіімі
съ|съ
нимь|німь
и|і
съ|съ
блж҃ныимь|блж҃нъіімь
ѳеодосиѥмь|ѳеодосіемь
бѣша|бѣша
въ|въ
печали|печалі
мнозѣ|мнозѣ
ѥго|его
ради|раді
и|і
молꙗхѹть|молꙗхоуть
сѧ|сѧ
б҃ѹ|б҃оу
за|за
нь|нь
бъ҃|бъ҃
же|же
ѹслыша|оуслъіша
мл҃твѹ|мл҃твоу
ихъ|іхъ
възъваша|възъваша
бо|бо
рече|рече
правьдьни|правьдьні
и|і
г҃ь|г҃ь
ѹслыша|оуслъіша
ꙗ|ꙗ
и|і
ѿ|от
вьсѣхъ|вьсѣхъ
печалии|печаліі
ихъ|іхъ
избавить|ізбавіть
ꙗ|ꙗ
близь|блізь
г҃ь|г҃ь
съкрѹшеныихъ|съкроушенъііхъ
ср҃дцьмь|ср҃дцьмь
и|і
съмѣреныꙗ|съмѣренъіꙗ
дх҃ъмь|дх҃ъмь
сп҃сеть|сп҃сеть
видѣвъ|відѣвъ
ѹбо|оубо
бл҃гыи|бл҃гъіі
б҃ъ|б҃ъ
тьрпѣниѥ|тьрпѣніе
и|і
съмѣрениѥ|съмѣреніе
ѿрока|отрока
обрати|обраті
жестокоѥ|жестокое
ср҃дце|ср҃дце
оц҃а|оц҃а
ѥго|его
на|на
милость|мілость
къ|къ
сынѹ|съіноу
своѥмѹ|своемоу
тъгда|тъгда
ѹбо|оубо
възвѣстиша|възвѣстіша
ѥмѹ|емоу
отроци|отроці
гл҃юще|гл҃юще
ꙗко|ꙗко
се|се
ѹже|оуже
четвертыи|четвертъіі
дн҃ь|дн҃ь
имать|імать
не|не
въкѹшаꙗ|въкоушаꙗ
брашьна|брашьна
ни|ні
въ|въ
ѡдежю|одежоу
рачить|рачіть
облѣщи|облѣщі
сѧ|сѧ
то|то
же|же
слышавъ|слъішавъ
оц҃ь|оц҃ь
ѥго|его
съжали|съжалі
си|сі
зѣло|зѣло
ѥго|его
ради|раді
блюдыи|блюдъіі
да|да
не|не
гладъмь|гладъмь
и|і
зимою|зімою
ѹмреть|оумреть
призъвавъ|прізъвавъ
же|же
и|і
любьзно|любьзно
цѣловавъ|цѣловавъ
и|і
ѿпѹсти|отпоусті
и|і
бы|бъі
же|же
тъгда|тъгда
вещь|вещь
пречюдьна|пречоудьна
и|і
плачь|плачь
великъ|велікъ
ꙗко|ꙗко
и|і
по|по
мрьтвѣмь|мрьтвѣмь
раби|рабі
и|і
рабынꙗ|рабъінꙗ
плакахѹть|плакахоуть
сꙗ|сꙗ
гн҃а|гн҃а
своѥго|своего
и|і
ꙗко|ꙗко
отъхожааше|отъхожааше
отъ|отъ
нихъ|ніхъ
иде|іде
жена|жена
мѹжа|моужа
лишающи|лішающі
сѧ|сѧ
плакаше|плакаше
сѧ|сѧ
оц҃ь|оц҃ь
и|і
мт҃и|мт҃і
сн҃а|сн҃а
своѥго|своего
плакаста|плакаста
сѧ|сѧ
ꙗко|ꙗко
ѿлѹчаше|отлоучаше
сꙗ|сꙗ
отъ|отъ
нихъ|ніхъ
и|і
тако|тако
съ|съ
плачьмь|плачьмь
великъмь|велікъмь
проважахѹти|проважахоуті
и|і
тъгда|тъгда
хв҃ъ|хв҃ъ
воинъ|воінъ
ишедъ|ішедъ
из|із
домѹ|домоу
своѥго|своего
ꙗко|ꙗко
птица|птіца
ис|іс
прѹгла|проугла
истьргъши|істьргъші
сꙗ|сꙗ
или|ілі
ꙗко|ꙗко
сьрна|сьрна
отъ|отъ
тенета|тенета
тако|тако
скоро|скоро
текыи|текъіі
и|і
доиде|доіде
пещеры|пещеръі
оноꙗ|оноꙗ
ѥго|его
же|же
видѣвъше|відѣвъше
оц҃и|оц҃і
ти|ті
въздрадоваша|въздрадоваша
сѧ|сѧ
радостию|радостію
великою|велікою
и|і
ставъше|ставъше
прославиша|прославіша
б҃а|б҃а
ꙗко|ꙗко
ѹслыша|оуслъіша
мл҃твѹ|мл҃твоу
ихъ|іхъ
то|то
ѹже|оуже
ѿтолѣ|оттолѣ
многыимъ|многъіімъ
приходꙗщемъ|пріходꙗщемъ
въ|въ
пещерѹ|пещероу
благословлениꙗ|благословленіꙗ
ради|раді
ѥже|еже
ѿ|от
оц҃ь|оц҃ь
тѣхъ|тѣхъ
и|і
дрѹзии|дроузіі
ѿ|от
нихъ|ніхъ
бываахѹ|бъіваахоу
чрьньци|чрьньці
бж҃иѥю|бж҃іею
бл҃годатию|бл҃годатію
тъгда|тъгда
же|же
великии|велікіі
никонъ|ніконъ
и|і
дрѹгыи|дроугъіі
чьрньць|чьрньць
ст҃го|ст҃го
мины|мінъі
манастырѧ|манастъірѧ
болꙗрина|болꙗріна
тако|тако
наречемъ|наречемъ
съвѣщавъша|съвѣщавъша
сѧ|сѧ
тако|тако
отъидоста|отъідоста
хотꙗща|хотꙗща
особѣ|особѣ
сѣсти|сѣсті
и|і
пришьдъша|прішьдъша
надъ|надъ
море|море
тѹ|тоу
же|же
и|і
разлѹчиста|разлоучіста
сꙗ|сꙗ
отъ|отъ
себе|себе
ꙗкоже|ꙗкоже
се|се
апс҃ла|апс҃ла
павьлъ|павьлъ
и|і
варнава|варнава
на|на
проповѣданиѥ|проповѣданіе
хв҃о|хв҃о
ꙗкоже|ꙗкоже
пишеть|пішеть
сꙗ|сꙗ
въ|въ
дѣꙗнихъ|дѣꙗніхъ
апс҃лъ|апс҃лъ
болꙗринъ|болꙗрінъ
же|же
идыи|ідъіі
къ|къ
костꙗнтиню|костꙗнтіню
градѹ|градоу
обрете|обрете
островъ|островъ
средѣ|средѣ
морꙗ|морꙗ
и|і
тѹ|тоу
въсели|въселі
сꙗ|сꙗ
въ|въ
ньмь|ньмь
поживе|пожіве
лѣта|лѣта
мнага|мнага
трьпѧ|трьпѧ
зимѹ|зімоу
и|і
гладъ|гладъ
и|і
тако|тако
ѹспе|оуспе
съ|съ
миръмь|міръмь
се|се
же|же
и|і
донынѣ|донъінѣ
островъ|островъ
тъ|тъ
зовомъ|зовомъ
ѥсть|есть
болꙗровъ|болꙗровъ
великыи|велікъіі
же|же
никонъ|ніконъ
отъиде|отъіде
въ|въ
островъ|островъ
тьмѹтороканьскыи|тьмоутороканьскъіі
и|і
тѹ|тоу
обрѣтъ|обрѣтъ
мѣсто|мѣсто
чисто|чісто
близь|блізь
града|града
сѣде|сѣде
на|на
немь|немь
и|і
бж҃иѥю|бж҃іею
бл҃гдтию|бл҃гдтію
въздрасте|въздрасте
мѣсто|мѣсто
то|то
и|і
цр҃квь|цр҃квь
ст҃ыꙗ|ст҃ъіꙗ
бц҃а|бц҃а
възгради|възграді
на|на
немь|немь
и|і
бысть|бъість
манастырь|манастъірь
славьнъ|славьнъ
иже|іже
и|і
донынѣ|донъінѣ
ѥсть|есть
прикладъ|прікладъ
имыи|імъіі
въ|въ
сии|сіі
печерьскии|печерьскіі
манастырь|манастъірь
по|по
сихъ|сіхъ
же|же
пакы|пакъі
ефремъ|ефремъ
каженикъ|каженікъ
ѿиде|отіде
въ|въ
кѡстꙗнтинь|костꙗнтінь
градъ|градъ
и|і
тѹ|тоу
живꙗше|жівꙗше
въ|въ
ѥдиномь|едіномь
манастыри|манастъірі
послѣже|послѣже
же|же
изведенъ|ізведенъ
бысть|бъість
и|і
въ|въ
странѹ|страноу
сию|сію
и|і
поставленъ|поставленъ
бысть|бъість
митрополитъмь|мітрополітъмь
въ|въ
городѣ|городѣ
переꙗславли|переꙗславлі
се|се
же|же
ѹже|оуже
многыими|многъіімі
наказании|наказаніі
предъложениѥ|предъложеніе
словѹ|словоу
створихомъ|створіхомъ
обаче|обаче
отъселѣ|отъселѣ
на|на
предълежащеѥ|предълежащее
слово|слово
възвратимъ|възвратімъ
сꙗ|сꙗ
къде|къде
бо|бо
се|се
все|все
минѹ|міноу
и|і
по|по
ѿходѣ|отходѣ
оц҃ь|оц҃ь
тѣхъ|тѣхъ
тъгда|тъгда
же|же
бл҃женыи|бл҃женъіі
оц҃ь|оц҃ь
нашь|нашь
ѳеодосии|ѳеодосіі
поставленъ|поставленъ
бысть|бъість
презвутеръмь|презвутеръмь
повелѣниѥмь|повелѣніемь
прпд҃бьнааго|прпд҃бьнааго
антониꙗ|антоніꙗ
и|і
бѣ|бѣ
по|по
всꙗ|всꙗ
дн҃и|дн҃і
бж҃ьствьнѹю|бж҃ьствьноую
слѹжьбѹ|слоужьбоу
съвьршаꙗ|съвьршаꙗ
съ|съ
всꙗкыимь|всꙗкъіімь
съмѣрениѥмь|съмѣреніемь
бꙗше|бꙗше
бо|бо
кротъкъ|кротъкъ
нравъмь|нравъмь
и|і
тихъ|тіхъ
съмыслъмь|съмъіслъмь
и|і
простъ|простъ
ѹмъмь|оумъмь
и|і
дѹховьныꙗ|доуховьнъіꙗ
всеꙗ|всеꙗ
мѹдрости|моудрості
испълненъ|іспълненъ
любъвь|любъвь
же|же
непорочьнѹ|непорочьноу
имѣꙗ|імѣꙗ
къ|къ
всеи|всеі
братии|братіі
бѣ|бѣ
бо|бо
ѹже|оуже
съвъкѹпило|съвъкоупіло
сꙗ|сꙗ
братиꙗ|братіꙗ
ѧко|ѧко
до|до
пѧти|пѧті
на|на
десѧте|десѧте
прп҃дбьныи|прп҃дбьнъіі
же|же
антонии|антоніі
ꙗко же|ꙗкоже
бѣ|бѣ
обыклъ|объіклъ
ѥдинъ|едінъ
жити|жіті
и|і
не|не
трьпꙗ|трьпꙗ
всꙗкого|всꙗкого
мѧтежа|мѧтежа
и|і
мълвы|мълвъі
затвори|затворі
сꙗ|сꙗ
въ|въ
ѥдинои|едіноі
келии|келіі
пещеры|пещеръі
поставивъ|поставівъ
въ|въ
себе|себе
мѣсто|мѣсто
братии|братіі
бл҃женаго|бл҃женаго
варлама|варлама
сн҃а|сн҃а
болꙗрина|болꙗріна
иѡана|іоана
и|і
отътѹда|отътоуда
пакы|пакъі
пресели|преселі
сꙗ|сꙗ
на|на
инъ|інъ
хълмъ|хълмъ
антонии|антоніі
и|і
ископавъ|іскопавъ
пещерѹ|пещероу
живꙗше|жівꙗше
не|не
излазꙗ|ізлазꙗ
из|із
неꙗ|неꙗ
идеже|ідеже
и|і
донынѣ|донъінѣ
чьстьноѥ|чьстьное
тѣло|тѣло
ѥго|его
лежить|лежіть
тъгда|тъгда
же|же
бж҃ствьныи|бж҃ствьнъіі
варламъ|варламъ
постави|поставі
надъ|надъ
пещерою|пещерою
малѹ|малоу
цр҃квицю|цр҃квіцоу
въ|въ
имѧ|імѧ
ст҃ыꙗ|ст҃ъіꙗ
бц҃а|бц҃а
велꙗ|велꙗ
да|да
тѹ|тоу
братиꙗ|братіꙗ
събирають|събірають
сꙗ|сꙗ
на|на
бж҃ьствьноѥ|бж҃ьствьное
словословиѥ|словословіе
то|то
ѹже|оуже
всѣмъ|всѣмъ
ꙗвлено|ꙗвлено
бысть|бъість
мѣсто|мѣсто
то|то
бѣ|бѣ
бо|бо
мнозѣми|мнозѣмі
сѹще|соуще
преже|преже
не|не
вѣдомо|вѣдомо
а|а
ѥже|еже
испьрва|іспьрва
житиѥ|жітіе
ихъ|іхъ
въ|въ
пещерѣ|пещерѣ
и|і
ѥлико|еліко
скърби|скърбі
и|і
печали|печалі
приꙗша|пріꙗша
тѣсноты|тѣснотъі
ради|раді
мѣста|мѣста
того|того
б҃ѹ|б҃оу
ѥдиномѹ|едіномоу
съвѣдѹщю|съвѣдоущоу
а|а
ѹстомъ|оустомъ
чл҃вчьскомъ|чл҃вчьскомъ
не|не
мощьно|мощьно
исповѣдати|ісповѣдаті
къ|къ
симъ|сімъ
же|же
и|і
ꙗдь|ꙗдь
ихъ|іхъ
бѣ|бѣ
ръжанъ|ръжанъ
хлѣбъ|хлѣбъ
тъкмо|тъкмо
ти|ті
вода|вода
въ|въ
сѹботѹ|соуботоу
же|же
ти|ті
въ|въ
недѣлю|недѣлю
сочива|сочіва
въкѹшахѹть|въкоушахоуть
многашьды|многашьдъі
же|же
и|і
въ|въ
та|та
дн҃и|дн҃і
не|не
обрѣтъшю|обрѣтъшоу
сꙗ|сꙗ
сочивѹ|сочівоу
зелиѥ|зеліе
съваривъше|съварівъше
ѥдино|едіно
и|і
то|то
ꙗдꙗхѹ|ꙗдꙗхоу
ѥще|еще
же|же
и|і
рѹкама|роукама
своима|своіма
дѣлахѹть|дѣлахоуть
дѣло|дѣло
ово|ово
ли|лі
копытьца|копъітьца
плетѹще|плетоуще
и|і
клобѹкы|клобоукъі
и|і
ина|іна
рѹчьнаꙗ|роучьнаꙗ
дѣла|дѣла
строꙗще|строꙗще
и|і
тако|тако
носꙗще|носꙗще
въ|въ
градъ|градъ
продаꙗхѹ|продаꙗхоу
и|і
тѣмь|тѣмь
жито|жіто
кѹпꙗхѹ|коупꙗхоу
и|і
се|се
раздѣлꙗхѹть|раздѣлꙗхоуть
да|да
къждо|къждо
въ|въ
нощи|нощі
свою|свою
часть|часть
измелꙗшеть|ізмелꙗшеть
на|на
състроѥниѥ|състроеніе
хлѣбомъ|хлѣбомъ
таче|таче
по|по
томь|томь
начатъкъ|начатъкъ
пѣнию|пѣнію
заѹтрьнюѹмѹ|заоутрьнюоумоу
творꙗахѹ|творꙗахоу
и|і
тако|тако
пакы|пакъі
дѣлаахѹ|дѣлаахоу
рѹчьноѥ|роучьное
своѥ|свое
дѣло|дѣло
дрѹгоици|дроугоіці
же|же
въ|въ
оградѣ|оградѣ
копахѹть|копахоуть
зелиинааго|зеліінааго
ради|раді
растениꙗ|растеніꙗ
дондеже|дондеже
бѹдꙗше|боудꙗше
годъ|годъ
бж҃ствьнѹѹмѹ|бж҃ствьноуоумоу
славословию|славословію
и|і
тако|тако
вьси|вьсі
въкѹпѣ|въкоупѣ
съшедъше|съшедъше
сѧ|сѧ
въ|въ
цр҃квь|цр҃квь
пѣниꙗ|пѣніꙗ
часомъ|часомъ
творꙗахѹть|творꙗахоуть
таче|таче
ст҃ѹю|ст҃оую
слѹжьбѹ|слоужьбоу
съврьшивъше|съврьшівъше
и|і
тако|тако
въкѹсивъше|въкоусівъше
мало|мало
хлѣба|хлѣба
и|і
пакы|пакъі
дѣлѣ|дѣлѣ
сꙗ|сꙗ
своѥмь|своемь
къждо|къждо
имꙗшеть|імꙗшеть
и|і
тако|тако
по|по
всꙗ|всꙗ
дн҃и|дн҃і
трѹдꙗще|троудꙗще
сꙗ|сꙗ
пребывахѹть|пребъівахоуть
въ|въ
любъви|любъві
бж҃ии|бж҃іі
оц҃ь|оц҃ь
же|же
нашь|нашь
ѳеѡдосии|ѳеодосіі
съмѣренъмь|съмѣренъмь
съмыслъмь|съмъіслъмь
и|і
послѹшанимь|послоушанімь
вьсꙗ|вьсꙗ
преспѣвааше|преспѣвааше
трѹдъмь|троудъмь
и|і
подвизаниѥмь|подвізаніемь
и|і
дѣлъмь|дѣлъмь
телесьныимь|телесьнъіімь
бꙗше|бꙗше
бо|бо
и|і
тѣлъмь|тѣлъмь
бл҃гъ|бл҃гъ
и|і
крѣпъкъ|крѣпъкъ
и|і
съ|съ
поспѣшьствъмь|поспѣшьствъмь
всѣмъ|всѣмъ
слѹжаше|слоужаше
и|і
водѹ|водоу
носꙗ|носꙗ
и|і
дръва|дръва
из|із
лѣса|лѣса
на|на
своею|своею
плещю|плещоу
бъдꙗ|бъдꙗ
же|же
по|по
всꙗ|всꙗ
нощи|нощі
въ|въ
славословлении|славословленіі
бж҃ии|бж҃іі
и|і
братии|братіі
же|же
на|на
ѡпочители|опочітелі
сѹще|соуще
бл҃женыи|бл҃женъіі
же|же
възьмъ|възьмъ
раздѣленоѥ|раздѣленое
жито|жіто
и|і
когождо|когождо
часть|часть
измълъ|ізмълъ
и|і
поставлꙗше|поставлꙗше
на|на
своѥмь|своемь
мѣстѣ|мѣстѣ
дрѹгоици|дроугоіці
же|же
овадѹ|овадоу
сѹщѹ|соущоу
многѹ|многоу
и|і
комаромъ|комаромъ
въ|въ
нощи|нощі
излѣзъ|ізлѣзъ
надъ|надъ
пещерѹ|пещероу
и|і
обнаживъ|обнажівъ
тѣло|тѣло
своѥ|свое
до|до
поꙗса|поꙗса
сꙗдꙗше|сꙗдꙗше
прꙗдыи|прꙗдъіі
вълнѹ|вълноу
на|на
съплетениѥ|съплетеніе
копытьцемъ|копъітьцемъ
и|і
пс҃лтырь|пс҃лтъірь
же|же
дв҃довѹ|дв҃довоу
поꙗ|поꙗ
отъ|отъ
множьства|множьства
же|же
овада|овада
и|і
комара|комара
все|все
тѣло|тѣло
ѥго|его
покръвено|покръвено
бѹдꙗше|боудꙗше
и|і
ꙗдꙗхѹ|ꙗдꙗхоу
плъть|плъть
ѥго|его
о|о
немь|немь
пиюще|піюще
кръвь|кръвь
ѥго|его
оц҃ь|оц҃ь
же|же
нашь|нашь
пребываше|пребъіваше
не подвижимъ|неподвіжімъ
ни|ні
въстаꙗ|въстаꙗ
ѿ|от
мѣста|мѣста
того|того
дондеже|дондеже
годъ|годъ
бѹдꙗше|боудꙗше
ѹтрьнии|оутрьніі
и|і
тако|тако
преже|преже
всѣхъ|всѣхъ
обрѣташе|обрѣташе
сꙗ|сꙗ
въ|въ
цр҃кви|цр҃кві
и|і
ставъ|ставъ
на|на
своѥмь|своемь
мѣстѣ|мѣстѣ
непостѹпьнъ|непостоупьнъ
сы|съі
ни|ні
мꙗтыи|мꙗтъіі
сѧ|сѧ
ѹмъмь|оумъмь
бж҃ствьноѥ|бж҃ствьное
славословиѥ|славословіе
съврьшаше|съврьшаше
ти|ті
тако|тако
пакы|пакъі
и|і
црк҃ве|црк҃ве
послѣже|послѣже
всѣхъ|всѣхъ
излажааше|ізлажааше
и|і
сего|сего
ради|раді
вьси|вьсі
люблꙗхѹти|люблꙗхоуті
и|і
зѣло|зѣло
и|і
ꙗко|ꙗко
оц҃а|оц҃а
имѧхѹти|імѧхоуті
и|і
зѣло|зѣло
дивꙗще|дівꙗще
сꙗ|сꙗ
съмѣрению|съмѣренію
ѥго|его
и|і
покорению|покоренію
таче|таче
по|по
сихъ|сіхъ
бж҃ствьныи|бж҃ствьнъіі
варлаамъ|варлаамъ
игѹменъ|ігоуменъ
сы|съі
братии|братіі
въ|въ
пещерѣ|пещерѣ
изведенъ|ізведенъ
бысть|бъість
кнꙗжемь|кнꙗжемь
повелѣниѥмь|повелѣніемь
въ|въ
манастырь|манастъірь
ст҃го|ст҃го
мч҃ка|мч҃ка
димитриꙗ|дімітріꙗ
и|і
тѹ|тоу
игѹменъмь|ігоуменъмь
поставленъ|поставленъ
тъгда|тъгда
же|же
братиꙗ|братіꙗ
тѹ|тоу
сѹщаꙗ|соущаꙗ
въ|въ
пещерѣ|пещерѣ
събравъше|събравъше
сꙗ|сꙗ
изволениѥмь|ізволеніемь
всѣхъ|всѣхъ
възвѣстивъше|възвѣстівъше
прп҃дбьноѹмѹ|прп҃дбьнооумоу
антонию|антонію
бл҃женааго|бл҃женааго
оц҃а|оц҃а
нашего|нашего
ѳеѡдосиꙗ|ѳеодосіꙗ
игѹмьнъмь|ігоумьнъмь
себе|себе
нарекоша|нарекоша
ꙗко|ꙗко
и|і
чьрньчьскѹю|чьрньчьскоую
жизнь|жізнь
ѹправивъша|оуправівъша
и|і
бж҃иꙗ|бж҃іꙗ
извѣсто|ізвѣсто
заповѣди|заповѣді
из|із
лиха|ліха
вѣдѹща|вѣдоуща
оц҃ь|оц҃ь
же|же
нашь|нашь
ѳеодосии|ѳеодосіі
аще|аще
и|і
старѣишиньство|старѣішіньство
приимъ|пріімъ
не|не
измѣни|ізмѣні
съмѣрениꙗ|съмѣреніꙗ
своѥго|своего
правила|правіла
на|на
памѧти|памѧті
г҃а|г҃а
имѣꙗ|імѣꙗ
рекъша|рекъша
иже|іже
аще|аще
кто|кто
въ|въ
васъ|васъ
хощеть|хощеть
быти|бъіті
старѣи|старѣі
бѹди|боуді
всѣхъ|всѣхъ
ѹбо|оубо
мьнии|мьніі
и|і
всѣмъ|всѣмъ
слѹга|слоуга
тѣмь|тѣмь
же|же
съмѣрꙗше|съмѣрꙗше
сꙗ|сꙗ
мьнии|мьніі
всѣхъ|всѣхъ
сꙗ|сꙗ
творꙗ|творꙗ
и|і
всѣмъ|всѣмъ
слѹжа|слоужа
и|і
собою|собою
образъ|образъ
вьсѣмъ|вьсѣмъ
даꙗ|даꙗ
и|і
на|на
дѣло|дѣло
преже|преже
всѣхъ|всѣхъ
исходꙗ|ісходꙗ
и|і
въ|въ
чинѹ|чіноу
ст҃ыꙗ|ст҃ъіꙗ
литургиꙗ|літургіꙗ
и|і
ѿтолѣ|оттолѣ
цвьтꙗше|цвьтꙗше
и|і
мъножаше|мъножаше
сꙗ|сꙗ
мѣсто|мѣсто
то|то
правьдника|правьдніка
мл҃твою|мл҃твою
правьдьникъ|правьдьнікъ
бо|бо
рече|рече
ꙗко|ꙗко
и|і
фуникъсъ|фунікъсъ
процвьтеть|процвьтеть
и|і
ꙗко|ꙗко
и|і
кедръ|кедръ
иже|іже
въ|въ
ливанѣ|ліванѣ
ѹмножить|оумножіть
сѧ|сѧ
ѹмножахѹ|оумножахоу
бо|бо
сꙗ|сꙗ
ѿтолѣ|оттолѣ
братиꙗ|братіꙗ
и|і
цвьтѧше|цвьтѧше
мѣсто|мѣсто
то|то
добрыими|добръіімі
нравы|нравъі
и|і
молитвами|молітвамі
ихъ|іхъ
и|і
инѣми|інѣмі
бл҃гочьстивыими|бл҃гочьстівъіімі
нравы|нравъі
и|і
многымъ|многъімъ
отъ|отъ
вельможь|вельможь
приходити|пріходіті
къ|къ
немѹ|немоу
бл҃свлениꙗ|бл҃свленіꙗ
ради|раді
и|і
ѿ|от
имѣнии|імѣніі
своихъ|своіхъ
малѹ|малоу
нѣкакѹ|нѣкакоу
часть|часть
подающи|подающі
имъ|імъ
пр҃пдбьныи|пр҃пдбьнъіі
же|же
оц҃ь|оц҃ь
нашь|нашь
иже|іже
по|по
истинѣ|істінѣ
земльныи|земльнъіі
ан҃глъ|ан҃глъ
и|і
нб҃сныи|нб҃снъіі
чл҃вкъ|чл҃вкъ
ѳеодосии|ѳеодосіі
видꙗ|відꙗ
мѣсто|мѣсто
скьрбьно|скьрбьно
сѹще|соуще
и|і
тѣсно|тѣсно
и|і
ѥще|еще
же|же
и|і
скѹдно|скоудно
при|прі
всѣмь|всѣмь
и|і
братии|братіі
мъножащи|мъножащі
сꙗ|сꙗ
цр҃кви|цр҃кві
же|же
малѣ|малѣ
сѹщи|соущі
на|на
съвъкѹплениѥ|съвъкоупленіе
имъ|імъ
и|і
николиже|ніколіже
въпаде|въпаде
о|о
томь|томь
въ|въ
печаль|печаль
ни|ні
поскърбе|поскърбе
о|о
тмь|тмь
нъ|нъ
по|по
всꙗ|всꙗ
дн҃и|дн҃і
братию|братію
всю|всю
ѹтѣшаꙗ|оутѣшаꙗ
ѹчаше|оучаше
и|і
никакоже|нікакоже
попечи|попечі
сѧ|сѧ
о|о
плътьнѣмь|плътьнѣмь
но|но
гн҃ь|гн҃ь
гласъ|гласъ
въспоминаше|въспомінаше
имъ|імъ
гл҃ꙗ|гл҃ꙗ
не|не
пьцѣте|пьцѣте
сꙗ|сꙗ
чьто|чьто
пиѥмъ|піемъ
или|ілі
что|что
ѣмъ|ѣмъ
или|ілі
въ|въ
что|что
облечемъ|облечемъ
сѧ|сѧ
вѣсть|вѣсть
бо|бо
оц҃ь|оц҃ь
вашь|вашь
нб҃сьныи|нб҃сьнъіі
ꙗко|ꙗко
требѹѥть|требоуеть
вьсꙗ|вьсꙗ
си|сі
обаче|обаче
ищете|іщете
цс҃рьства|цс҃рьства
нб҃снаго|нб҃снаго
и|і
си|сі
вьсѧ|вьсѧ
приложать|пріложать
сꙗ|сꙗ
вамъ|вамъ
бл҃женыи|бл҃женъіі
же|же
сице|сіце
помышлꙗше|помъішлꙗше
бь҃|бь҃
же|же
все|все
на|на
потребѹ|потребоу
не скѹдьно|нескоудьно
подаваше|подаваше
ѥмѹ|емоу
тъгда|тъгда
бо|бо
сии|сіі
великии|велікіі
ѳеѡдосии|ѳеодосіі
обрѣтъ|обрѣтъ
мѣсто|мѣсто
чисто|чісто
недалече|недалече
ѿ|от
печеры|печеръі
сѹще|соуще
и|і
разѹмѣвъ|разоумѣвъ
ꙗко|ꙗко
довъльно|довъльно
ѥсть|есть
на|на
възгражениѥ|възграженіе
манастырꙗ|манастъірꙗ
и|і
разбогатѣвъ|разбогатѣвъ
блб҃датию|блб҃датію
бж҃иѥю|бж҃іею
и|і
ѡградивъ|оградівъ
сꙗ|сꙗ
вѣрою|вѣрою
и|і
ѹпованиѥмь|оупованіемь
испълнивъ|іспълнівъ
же|же
сѧ|сѧ
дх҃а|дх҃а
ст҃го|ст҃го
начатъ|начатъ
подвизати|подвізаті
сꙗ|сꙗ
въселити|въселіті
мѣсто|мѣсто
то|то
и|і
ꙗкоже|ꙗкоже
б҃ѹ|б҃оу
помагающю|помагающоу
ѥмѹ|емоу
въ|въ
мало|мало
времꙗ|времꙗ
възгради|възграді
цр҃ькъвь|цр҃ькъвь
на|на
мѣстѣ|мѣстѣ
томь|томь
въ|въ
имꙗ|імꙗ
ст҃ыꙗ|ст҃ъіꙗ
и|і
преславьныꙗ|преславьнъіꙗ
бц҃а|бц҃а
и|і
приснод҃вца|пріснод҃вца
мр҃иꙗ|мр҃іꙗ
и|і
оградивъ|оградівъ
и|і
постави|поставі
келиѣ|келіѣ
многы|многъі
и|і
тъгда|тъгда
пресели|преселі
сꙗ|сꙗ
ѿ|от
пещеры|пещеръі
съ|съ
братиѥю|братіею
на|на
мѣсто|мѣсто
то|то
въ|въ
лѣ҃т|лѣ҃т
҂ѕ҃|҂з҃
ф҃|ф҃
о҃|о҃
и|і
отътолѣ|отътолѣ
бж҃иѥю|бж҃іею
бл҃гдатию|бл҃гдатію
въздрасте|въздрасте
мѣсто|мѣсто
то|то
и|і
бысть|бъість
манастырь|манастъірь
славьнъ|славьнъ
се|се
же|же
и|і
донынѣ|донъінѣ
ѥсть|есть
печерьскыи|печерьскъіі
наричемъ|нарічемъ
иже|іже
ѿ|от
ст҃го|ст҃го
оц҃а|оц҃а
нашего|нашего
ѳеѡдосиꙗ|ѳеодосіꙗ
съставленъ|съставленъ
бысть|бъість
по|по
сихъ|сіхъ
же|же
посла|посла
ѥдиного|едіного
отъ|отъ
братиꙗ|братіꙗ
въ|въ
костѧнтинь|костѧнтінь
градъ|градъ
къ|къ
ефремѹ|ефремоу
скопьцю|скопьцоу
да|да
вьсь|вьсь
ѹставъ|оуставъ
стѹдиискааго|стоудііскааго
манастырꙗ|манастъірꙗ
испьсавъ|іспьсавъ
присълеть|прісълеть
ѥмѹ|емоу
онъ|онъ
же|же
п҃рпдобьнааго|п҃рпдобьнааго
оц҃а|оц҃а
нашего|нашего
повелѣнаꙗ|повелѣнаꙗ
тѹ|тоу
абиѥ|абіе
и|і
створи|створі
и|і
всь|всь
ѹставъ|оуставъ
манастырьскыи|манастъірьскъіі
испьсавъ|іспьсавъ
и|і
посъла|посъла
къ|къ
бл҃женомѹ|бл҃женомоу
оц҃ю|оц҃ю
нашемѹ|нашемоу
ѳеѡдосию|ѳеодосію
и|і
ѥго|его
же|же
приимъ|пріімъ
оц҃ь|оц҃ь
нашь|нашь
ѳеодосии|ѳеодосіі
повелѣ|повелѣ
почисти|почісті
предъ|предъ
братию|братію
и|і
ѿтолѣ|оттолѣ
начатъ|начатъ
въ|въ
своѥмь|своемь
манастыри|манастъірі
всꙗ|всꙗ
строити|строіті
по|по
ѹставѹ|оуставоу
манастырꙗ|манастъірꙗ
стѹдиискааго|стоудііскааго
ꙗкоже|ꙗкоже
и|і
донынѣ|донъінѣ
ѥсть|есть
ѹч҃никомъ|оуч҃нікомъ
ѥго|его
сице|сіце
съврьшаѥмъмъ|съврьшаемъмъ
вьсꙗкомѹ|вьсꙗкомоу
же|же
хотꙗщю|хотꙗщоу
быти|бъіті
чьрноризьнѹ|чьрнорізьноу
и|і
приходꙗщемѹ|пріходꙗщемоу
къ|къ
немѹ|немоу
не|не
ѿрѣвааше|отрѣвааше
ни|ні
ѹбога|оубога
ни|ні
богата|богата
нъ|нъ
всꙗ|всꙗ
приимаше|пріімаше
съ|съ
всꙗкымь|всꙗкъімь
ѹсьрдиѥмь|оусьрдіемь
бѣ|бѣ
бо|бо
и|і
самъ|самъ
въ|въ
искѹшении|іскоушеніі
томь|томь
былъ|бъілъ
ꙗкоже|ꙗкоже
и|і
выше|въіше
рече|рече
сꙗ|сꙗ
ѥгда|егда
бо|бо
приде|пріде
отъ|отъ
града|града
своѥго|своего
хотꙗ|хотꙗ
быти|бъіті
мнихъ|мніхъ
ꙗкоже|ꙗкоже
обьходꙗщю|обьходꙗщоу
томѹ|томоу
вьсꙗ|вьсꙗ
манастырꙗ|манастъірꙗ
не|не
рачахѹть|рачахоуть
бо|бо
того|того
приꙗти|пріꙗті
богѹ|богоу
тако|тако
сътворьшю|сътворьшоу
на|на
искѹшениѥ|іскоушеніе
ѥмѹ|емоу
се|се
бо|бо
си|сі
въспоминаꙗ|въспомінаꙗ
бл҃гыи|бл҃гъіі
какова|какова
скьрбь|скьрбь
бываѥть|бъіваеть
чл҃вкѹ|чл҃вкоу
тъгда|тъгда
хотꙗщюѹмѹ|хотꙗщоуоумоу
острѣщи|острѣщі
сꙗ|сꙗ
и|і
сего|сего
ради|раді
всꙗ|всꙗ
съ|съ
радостию|радостію
приходꙗщаꙗ|пріходꙗщаꙗ
приимаше|пріімаше
нъ|нъ
не|не
тѹ|тоу
абиѥ|абіе
постригаше|пострігаше
ѥго|его
нъ|нъ
повелѣваше|повелѣваше
ѥмѹ|емоу
въ|въ
своѥи|своеі
одежи|одежі
ходити|ходіті
дондеже|дондеже
извыкнꙗше|ізвъікнꙗше
всь|всь
ѹстрои|оустроі
манастырьскыи|манастъірьскъіі
таче|таче
по|по
сихъ|сіхъ
облечашети|облечашеті
и|і
въ|въ
мьнишьскѹю|мьнішьскоую
одежю|одежоу
и|і
тако|тако
пакы|пакъі
въ|въ
всѣхъ|всѣхъ
слѹжьбахъ|слоужьбахъ
искѹшашети|іскоушашеті
и|і
ти|ті
тъгда|тъгда
остригы|острігъі
и|і
оболочашети|оболочашеті
и|і
въ|въ
мантию|мантію
дондеже|дондеже
пакы|пакъі
бѹдꙗше|боудꙗше
чьрньць|чьрньць
искѹсьнъ|іскоусьнъ
житиѥмь|жітіемь
чистъмь|чістъмь
си|сі
ти|ті
тъгда|тъгда
сподобꙗшети|сподобꙗшеті
и|і
приꙗти|пріꙗті
ст҃ѹю|ст҃оую
скимѹ|скімоу
по|по
вьсꙗ|вьсꙗ
же|же
дн҃и|дн҃і
ст҃ыихъ|ст҃ъііхъ
мꙗсопѹщь|мꙗсопоущь
ст҃ыи|ст҃ъіі
оц҃ь|оц҃ь
нашь|нашь
ѳеѡдосии|ѳеодосіі
ѿхожаше|отхожаше
въ|въ
ст҃ѹю|ст҃оую
свою|свою
пещерѹ|пещероу
идеже|ідеже
и|і
чьстьноѥ|чьстьное
тѣло|тѣло
ѥго|его
положено|положено
бысть|бъість
тѹ|тоу
же|же
затворꙗше|затворꙗше
сꙗ|сꙗ
ѥдинъ|едінъ
до|до
врьбьныꙗ|врьбьнъіꙗ
недѣлꙗ|недѣлꙗ
и|і
въ|въ
пꙗтъкъ|пꙗтъкъ
тоꙗ|тоꙗ
недѣлꙗ|недѣлꙗ
въ|въ
годъ|годъ
вечерьнꙗѧ|вечерьнꙗѧ
прихожааше|пріхожааше
къ|къ
братии|братіі
и|і
ставъ|ставъ
въ|въ
двьрьхъ|двьрьхъ
цр҃къвьныихъ|цр҃къвьнъііхъ
ѹчааше|оучааше
вьсꙗ|вьсꙗ
и|і
ѹтѣшаꙗ|оутѣшаꙗ
подвига|подвіга
ради|раді
и|і
пощениꙗ|пощеніꙗ
ихъ|іхъ
себе|себе
же|же
недостоина|недостоіна
творꙗ|творꙗ
ѧкоже|ѧкоже
ни|ні
ѥдиноꙗ|едіноꙗ
недѣлѣ|недѣлѣ
понѣ|понѣ
достигнѹти|достігноуті
противѹ|протівоу
трѹдомъ|троудомъ
ихъ|іхъ
многѹ|многоу
же|же
скърбь|скърбь
и|і
мьчатаниѥ|мьчатаніе
зълии|зъліі
дѹси|доусі
творꙗхѹть|творꙗхоуть
ѥмѹ|емоу
въ|въ
пещерѣ|пещерѣ
тои|тоі
ѥще|еще
же|же
и|і
раны|ранъі
наносꙗще|наносꙗще
ѥмѹ|емоу
ꙗкоже|ꙗкоже
и|і
о|о
ст҃ѣмь|ст҃ѣмь
и|і
велицѣмь|веліцѣмь
антонии|антоніі
пишеть|пішеть
сѧ|сѧ
нъ|нъ
ꙗвивыи|ꙗвівъіі
сꙗ|сꙗ
ономѹ|ономоу
дрьзати|дрьзаті
велꙗ|велꙗ
тъ|тъ
и|і
семѹ|семоу
невидимо|невідімо
съ|съ
нб҃се|нб҃се
силѹ|сілоу
подасть|подасть
на|на
побѣдѹ|побѣдоу
ихъ|іхъ
кто|кто
бо|бо
не|не
почюдить|почоудіть
сѧ|сѧ
ѹбо|оубо
бл҃женѹѹмѹ|бл҃женоуоумоу
семѹ|семоу
ѥже|еже
въ|въ
такои|такоі
тьмьнѣ|тьмьнѣ
пещерѣ|пещерѣ
пребываꙗ|пребъіваꙗ
ѥдинъ|едінъ
мъножьства|мъножьства
пълковъ|пълковъ
невидимыхъ|невідімъіхъ
бѣсовъ|бѣсовъ
не|не
ѹбоꙗ|оубоꙗ
сѧ|сѧ
нъ|нъ
крѣпъко|крѣпъко
стоꙗ|стоꙗ
ꙗко|ꙗко
храбъръ|храбъръ
сильнъ|сільнъ
б҃а|б҃а
молꙗаше|молꙗаше
и|і
г҃а|г҃а
иіс|ііс
х҃а|х҃а
на|на
помощь|помощь
себе|себе
призывающа|прізъівающа
и|і
тако|тако
побѣди|побѣді
ꙗ|ꙗ
хв҃ою|хв҃ою
силою|сілою
ꙗко|ꙗко
къ|къ
томѹ|томоу
не|не
съмѣти|съмѣті
имъ|імъ
ни|ні
приближити|прібліжіті
сѧ|сѧ
ѥмь|емь
нъ|нъ
и|і
ѥще|еще
издалеча|іздалеча
мьчьты|мьчьтъі
творꙗщемъ|творꙗщемъ
ѥмѹ|емоу
по|по
вечерьниимь|вечерьніімь
ѹбо|оубо
пѣнии|пѣніі
сѣдъшю|сѣдъшоу
ѥмѹ|емоу
и|і
хотꙗщю|хотꙗщоу
опочинѹти|опочіноуті
не|не
бо|бо
николиже|ніколіже
на|на
ребрѣхъ|ребрѣхъ
своихъ|своіхъ
лꙗжашеть|лꙗжашеть
нъ|нъ
аще|аще
коли|колі
хотꙗщю|хотꙗщоу
ѥмѹ|емоу
опочинѹти|опочіноуті
то|то
сѣдъ|сѣдъ
на|на
столѣ|столѣ
и|і
тако|тако
мало|мало
посъпавъ|посъпавъ
въстанꙗше|въстанꙗше
пакы|пакъі
на|на
нощьноѥ|нощьное
пѣниѥ|пѣніе
и|і
поклонениѥ|поклоненіе
колѣномъ|колѣномъ
творꙗ|творꙗ
сѣдъшю|сѣдъшоу
же|же
ѥмѹ|емоу
ꙗкоже|ꙗкоже
рече|рече
сꙗ|сꙗ
и|і
се|се
слышааше|слъішааше
гласъ|гласъ
хлопота|хлопота
въ|въ
пещерѣ|пещерѣ
отъ|отъ
множьства|множьства
бѣсовъ|бѣсовъ
ꙗкоже|ꙗкоже
се|се
имъ|імъ
на|на
колесницахъ|колесніцахъ
ѣдѹщемъ|ѣдоущемъ
дрѹгыимъ|дроугъіімъ
же|же
въ|въ
бѹбъны|боубънъі
биющемъ|біющемъ
и|і
инѣмъ|інѣмъ
же|же
въ|въ
сопѣли|сопѣлі
сопѹщемъ|сопоущемъ
и|і
тако|тако
всѣмъ|всѣмъ
кличющемъ|клічоущемъ
ꙗко|ꙗко
же|же
трꙗсти|трꙗсті
сꙗ|сꙗ
пещерѣ|пещерѣ
отъ|отъ
множьства|множьства
плища|пліща
зълыихъ|зълъііхъ
дх҃овъ|дх҃овъ
ѡц҃ь|оц҃ь
же|же
нашь|нашь
ѳеѡдосии|ѳеодосіі
всꙗ|всꙗ
си|сі
слышавъ|слъішавъ
не|не
ѹбоꙗ|оубоꙗ
сꙗ|сꙗ
дх҃ъмь|дх҃ъмь
ни|ні
ѹжасе|оужасе
сꙗ|сꙗ
ср҃дцьмь|ср҃дцьмь
нъ|нъ
оградивъ|оградівъ
сꙗ|сꙗ
крьстьнымь|крьстьнъімь
орѹжиѥмь|ороужіемь
и|і
въставъ|въставъ
начатъ|начатъ
пѣти|пѣті
псалтырь|псалтъірь
дв҃двѹ|дв҃двоу
и|і
тѹ|тоу
абиѥ|абіе
многыи|многъіі
трѹсъ|троусъ
не|не
слышимъ|слъішімъ
бывааше|бъівааше
таче|таче
по|по
мл҃твѣ|мл҃твѣ
сѣдъшю|сѣдъшоу
ѥмѹ|емоу
се|се
пакы|пакъі
бещисльныихъ|бещісльнъііхъ
бѣсовъ|бѣсовъ
гла҃с|гла҃с
слышааше|слъішааше
сꙗ|сꙗ
ѧкоже|ѧкоже
и|і
преже|преже
и|і
пр҃пдбьнѹѹмѹ|пр҃пдбьноуоумоу
же|же
ѳеѡдосию|ѳеодосію
ставъшю|ставъшоу
и|і
начьнъшю|начьнъшоу
оно|оно
псалъмьскоѥ|псалъмьское
пѣниѥ|пѣніе
гла҃с|гла҃с
онъ|онъ
абиѥ|абіе
ищазааше|іщазааше
сице|сіце
же|же
по|по
многы|многъі
дн҃и|дн҃і
и|і
нощи|нощі
творѧхѹть|творѧхоуть
ѥмѹ|емоу
зълии|зъліі
дѹси|доусі
ꙗко|ꙗко
не|не
дати|даті
ѥмѹ|емоу
ни|ні
мало|мало
опочинѹти|опочіноуті
дондеже|дондеже
бл҃гтию|бл҃гтію
хр҃свою|хр҃свою
побѣди|побѣді
ꙗ|ꙗ
и|і
възꙗтъ|възꙗтъ
ѿ|от
б҃а|б҃а
власть|власть
на|на
нїхъ|ніхъ
ꙗкоже|ꙗкоже
отътолѣ|отътолѣ
не|не
съмѣти|съмѣті
имъ|імъ
ни|ні
прикоснѹти|прікосноуті
сꙗ|сꙗ
ни|ні
къ|къ
мѣстѹ|мѣстоу
томѹ|томоу
идеже|ідеже
бл҃женыи|бл҃женъіі
молитвѹ|молітвоу
творꙗше|творꙗше
се|се
бо|бо
пакы|пакъі
бысть|бъість
пакость|пакость
творꙗщемъ|творꙗщемъ
бѣсомъ|бѣсомъ
въ|въ
храмѣ|храмѣ
идеже|ідеже
хлѣбы|хлѣбъі
братиꙗ|братіꙗ
творꙗахѹ|творꙗахоу
овогда|овогда
мѹкѹ|моукоу
расыпающе|расъіпающе
овогда|овогда
же|же
положеныи|положенъіі
квасъ|квасъ
на|на
състроѥниѥ|състроеніе
хлѣбомъ|хлѣбомъ
разливаахѹ|разліваахоу
и|і
инѹ|іноу
мъногѹ|мъногоу
пакость|пакость
творꙗще|творꙗще
бѣша|бѣша
тъгда|тъгда
же|же
старѣи|старѣі
пекѹщимъ|пекоущімъ
шьдъ|шьдъ
съповѣда|съповѣда
бл҃женѹѹмѹ|бл҃женоуоумоу
ѳеѡдосию|ѳеодосію
пакости|пакості
нечистыихъ|нечістъііхъ
бѣсовъ|бѣсовъ
тоже|тоже
сь|сь
ѹповаꙗ|оуповаꙗ
ꙗко|ꙗко
възꙗтъ|възꙗтъ
власть|власть
на|на
нихъ|ніхъ
ѡтъ|отъ
б҃а|б҃а
въставъ|въставъ
вечеръ|вечеръ
и|і
иде|іде
въ|въ
храмъ|храмъ
тъ|тъ
и|і
затворивъ|затворівъ
двьри|двьрі
о|о
себе|себе
тѹ|тоу
же|же
пребысть|пребъість
въ|въ
немь|немь
до|до
ѹтрьнꙗѧ|оутрьнꙗѧ
мл҃твы|мл҃твъі
творꙗ|творꙗ
ꙗко же|ꙗкоже
отъ|отъ
того|того
часа|часа
не|не
ꙗвити|ꙗвіті
сѧ|сѧ
бѣсомъ|бѣсомъ
на|на
томь|томь
мѣстѣ|мѣстѣ
ни|ні
пакости|пакості
никоѥꙗ же|нікоеꙗже
творити|творіті
имъ|імъ
запрещениѥмь|запрещеніемь
преподобьнааго|преподобьнааго
и|і
мл҃твою|мл҃твою
имѣꙗше|імѣꙗше
же|же
обычаи|объічаі
сиць|сіць
великыи|велікъіі
оц҃ь|оц҃ь
нашь|нашь
ѳеѡдосии|ѳеодосіі
ꙗкоже|ꙗкоже
по|по
всѧ|всѧ
нощи|нощі
обиходити|обіходіті
ѥмѹ|емоу
келиѣ|келіѣ
мниховы|мніховъі
вьсѣ|вьсѣ
хотѧ|хотѧ
ѹвѣдѣти|оувѣдѣті
когоджо|когоджо
ихъ|іхъ
како|како
житиѥ|жітіе
ѥгда|егда
бо|бо
ѹслышааше|оуслъішааше
кого|кого
мл҃твѹ|мл҃твоу
творѧща|творѧща
ти|ті
тъгда|тъгда
ставъ|ставъ
прославꙗше|прославꙗше
о|о
немь|немь
б҃а|б҃а
ѥгда|егда
же|же
ли|лі
пакы|пакъі
кого|кого
слышааше|слъішааше
бесѣдѹюща|бесѣдоующа
дъва|дъва
ли|лі
или|ілі
триѥ|тріе
съшедъше|съшедъше
сꙗ|сꙗ
въкѹпѣ|въкоупѣ
то|то
же|же
тѹ|тоу
ѹдаривъ|оударівъ
своею|своею
рѹкою|роукою
въ|въ
двьри|двьрі
ти|ті
тако|тако
ѿхожааше|отхожааше
назнаменавъ|назнаменавъ
тѣмь|тѣмь
свои|своі
приходъ|пріходъ
таче|таче
въ|въ
ѹтрѣи|оутрѣі
дн҃ь|дн҃ь
призъвавъ|прізъвавъ
ꙗ|ꙗ
нъ|нъ
не|не
тѹ|тоу
абиѥ|абіе
обличааше|облічааше
ихъ|іхъ
нъ|нъ
ꙗкоже|ꙗкоже
издалеча|іздалеча
притъчами|прітъчамі
нагонꙗ|нагонꙗ
гл҃ааше|гл҃ааше
къ|къ
нимъ|німъ
хотꙗ|хотꙗ
ѹвѣдѣти|оувѣдѣті
ѥже|еже
къ|къ
богѹ|богоу
тъщаниѥ|тъщаніе
ихъ|іхъ
аще|аще
бо|бо
бѹдꙗше|боудꙗше
братъ|братъ
льгъкъмь|льгъкъмь
ср҃дцьмь|ср҃дцьмь
и|і
теплъ|теплъ
на|на
любъвь|любъвь
бж҃ию|бж҃ію
то|то
сии|сіі
въскорѣ|въскорѣ
разѹмѣвъ|разоумѣвъ
свою|свою
винѹ|віноу
падъ|падъ
поклонꙗше|поклонꙗше
сꙗ|сꙗ
прощениꙗ|прощеніꙗ
просѧ|просѧ
отъ|отъ
него|него
приꙗти|пріꙗті
аще|аще
ли|лі
бѹдꙗше|боудꙗше
пакы|пакъі
братъ|братъ
омрачениѥ|омраченіе
бѣсовьскымь|бѣсовьскъімь
ср҃дце|ср҃дце
покръвено|покръвено
имыи|імъіі
то|то
сии|сіі
станꙗше|станꙗше
мьнꙗ|мьнꙗ
ѧко|ѧко
о|о
иномь|іномь
бесѣдѹють|бесѣдоують
самъ|самъ
чистъ|чістъ
сꙗ|сꙗ
творꙗ|творꙗ
дондеже|дондеже
бл҃женыи|бл҃женъіі
обличашети|облічашеті
и|і
и|і
епитимиѥю|епітіміею
того|того
ѹтвьрдꙗше|оутвьрдꙗше
и|і
отъпѹстꙗше|отъпоустꙗше
и|і
тако|тако
вьсꙗ|вьсꙗ
прилѣжьно|прілѣжьно
ѹчааше|оучааше
молити|моліті
сꙗ|сꙗ
къ|къ
г҃ѹ|г҃оу
и|і
не|не
бесѣдовати|бесѣдоваті
ни|ні
къ|къ
комѹ|комоу
же|же
по|по
павечерьнии|павечерьніі
молитвѣ|молітвѣ
и|і
не|не
преходити|преходіті
отъ|отъ
келиѣ|келіѣ
въ|въ
келию|келію
нъ|нъ
въ|въ
своѥи|своеі
келии|келіі
б҃а|б҃а
молити|моліті
ꙗкоже|ꙗкоже
кто|кто
можеть|можеть
и|і
рѹкама|роукама
же|же
своима|своіма
дѣлати|дѣлаті
по|по
всꙗ|всꙗ
дни|дні
псалмы|псалмъі
давыдовы|давъідовъі
въ|въ
ѹстѣхъ|оустѣхъ
своихъ|своіхъ
имѹще|імоуще
и|і
сице|сіце
же|же
имъ|імъ
гл҃ааше|гл҃ааше
молю|молю
вы|въі
ѹбо|оубо
братиѥ|братіе
подвигнѣмъ|подвігнѣмъ
сꙗ|сꙗ
постъмь|постъмь
и|і
мл҃твою|мл҃твою
и|і
попьцѣмъ|попьцѣмъ
сꙗ|сꙗ
о|о
сп҃сении|сп҃сеніі
дш҃ь|дш҃ь
нашиихъ|нашііхъ
и|і
възвратимъ|възвратімъ
сѧ|сѧ
отъ|отъ
зълобъ|зълобъ
нашихъ|нашіхъ
и|і
от|от
пѹтии|поутіі
лѹкавыхъ|лоукавъіхъ
ꙗже|ꙗже
сѹть|соуть
сии|сіі
любодѣꙗниꙗ|любодѣꙗніꙗ
татьбы|татьбъі
и|і
клеветы|клеветъі
праздьнословиꙗ|праздьнословіꙗ
котеры|котеръі
пиꙗньство|піꙗньство
обиѣданиѥ|обіѣданіе
братоненавидѣниѥ|братоненавідѣніе
сихъ|сіхъ
братиѥ|братіе
ѹклонимъ|оуклонімъ
сѧ|сѧ
сихъ|сіхъ
възгнѹшаимъ|възгноушаімъ
сѧ|сѧ
не|не
осквьрнавимы|осквьрнавімъі
си|сі
дш҃а|дш҃а
своѥꙗ|своеꙗ
нъ|нъ
поидѣмъ|поідѣмъ
по|по
пѹти|поуті
гн҃ю|гн҃ю
ведѹщиимь|ведоущіімь
ны|нъі
въ|въ
породѹ|породоу
и|і
възищѣмъ|възіщѣмъ
б҃а|б҃а
рыданиѥмь|ръіданіемь
сльзами|сльзамі
пощениѥмь|пощеніемь
и|і
бъдѣниѥмь|бъдѣніемь
и|і
покорениѥмь|покореніемь
же|же
и|і
послѹшаниѥмь|послоушаніемь
да|да
тако|тако
обрꙗщемъ|обрꙗщемъ
мл҃сть|мл҃сть
отъ|отъ
него|него
ѥще|еще
же|же
възненавидимъ|възненавідімъ
мира|міра
сего|сего
всѥгда|всегда
поминающе|помінающе
о|о
семь|семь
г҃а|г҃а
рекъшааго|рекъшааго
аще|аще
кто|кто
не|не
оставить|оставіть
оц҃а|оц҃а
и|і
матере|матере
и|і
женѹ|женоу
и|і
дѣтии|дѣтіі
и|і
селъ|селъ
мене|мене
ради|раді
еуан҃глиꙗ|еуан҃гліꙗ
нѣсть|нѣсть
ми|мі
достоинъ|достоінъ
и|і
пакы|пакъі
обрѣтыи|обрѣтъіі
дш҃ю|дш҃ю
свою|свою
погѹбить|погоубіть
ю|ю
а|а
погѹбивъ|погоубівъ
ю|ю
мене|мене
ради|раді
сп҃сеть|сп҃сеть
ю|ю
тѣмь|тѣмь
же|же
и|і
мы|мъі
братиѥ|братіе
отърекъшеи|отърекъшеі
сꙗ|сꙗ
мира|міра
отъврьзѣмъ|отъврьзѣмъ
сꙗ|сꙗ
и|і
сѹщиихъ|соущііхъ
въ|въ
немь|немь
възненавидимъ|възненавідімъ
же|же
всꙗкѹ|всꙗкоу
неправьдѹ|неправьдоу
ѥже|еже
мьрзъкааго|мьрзъкааго
не|не
сътворити|сътворіті
и|і
не|не
обратимъ|обратімъ
сꙗ|сꙗ
на|на
прьвыꙗ|прьвъіꙗ
грѣхы|грѣхъі
ꙗкоже|ꙗкоже
се|се
и|і
пси|псі
на|на
своꙗ|своꙗ
бльвотины|бльвотінъі
никъто же|нікътоже
бо|бо
рече|рече
г҃ь|г҃ь
възложь|възложь
рѹкы|роукъі
своѥꙗ|своеꙗ
на|на
рало|рало
и|і
обращь|обращь
сꙗ|сꙗ
въспꙗть|въспꙗть
ѹправленъ|оуправленъ
ѥсть|есть
въ|въ
цр҃ство|цр҃ство
небесьноѥ|небесьное
како|како
же|же
мы|мъі
ѹбѣжїмъ|оубѣжімъ
мѹкы|моукъі
бесконьчьныꙗ|бесконьчьнъіꙗ
коньчавающе|коньчавающе
времꙗ|времꙗ
житиꙗ|жітіꙗ
сего|сего
въ|въ
лѣности|лѣності
а|а
не|не
имѹще|імоуще
покаꙗниꙗ|покаꙗніꙗ
лѣпо|лѣпо
бо|бо
намъ|намъ
ѥсть|есть
нарекъшемъ|нарекъшемъ
сѧ|сѧ
чьрньцемъ|чьрньцемъ
то|то
по|по
вьсꙗ|вьсꙗ
дн҃и|дн҃і
каꙗти|каꙗті
сꙗ|сꙗ
грѣхъ|грѣхъ
своихъ|своіхъ
покаꙗниѥ|покаꙗніе
бо|бо
ѥсть|есть
пѹть|поуть
приводꙗ|пріводꙗ
къ|къ
цр҃ствѹ|цр҃ствоу
покаꙗниѥ|покаꙗніе
ѥсть|есть
ключь|ключь
цесарьст҃виꙗ|цесарьст҃віꙗ
бес|бес
того|того
бо|бо
неѹдобь|неоудобь
вълѣсти|вълѣсті
никомѹ же|нікомоуже
покаꙗниѥ|покаꙗніе
ѥсть|есть
пѹть|поуть
въводꙗ|въводꙗ
въ|въ
породѹ|породоу
того|того
пѹти|поуті
братиѥ|братіе
дрьжимъ|дрьжімъ
сѧ|сѧ
на|на
томь|томь
пригвоздимъ|прігвоздімъ
плеснѣ|плеснѣ
и|і
стопы|стопъі
къ|къ
томѹ|томоу
бо|бо
пѹти|поуті
не|не
приближаѥть|прібліжаеть
сꙗ|сꙗ
змии|зміі
лѹкавыи|лоукавъіі
того|того
бо|бо
пѹти|поуті
шьствиꙗ|шьствіꙗ
сѹть|соуть
прискърбьна|пріскърбьна
а|а
послѣдь|послѣдь
радованьна|радованьна
тѣмь|тѣмь
же|же
братиѥ|братіе
подвигнѣмъ|подвігнѣмъ
сꙗ|сꙗ
преже|преже
дн҃и|дн҃і
оного|оного
да|да
полѹчимъ|полоучімъ
бл҃гаꙗ|бл҃гаꙗ
она|она
избѣгнѣмъ|ізбѣгнѣмъ
же|же
всѣхъ|всѣхъ
хотꙗщихъ|хотꙗщіхъ
быти|бъіті
на|на
неродивыихъ|неродівъііхъ
и|і
не|не
въ|въ
покаꙗнии|покаꙗніі
живѹщиихъ|жівоущііхъ
ст҃ыи|ст҃ъіі
ѹбо|оубо
си|сі
наставьникъ|наставьнікъ
сице|сіце
творꙗаше|творꙗаше
къ|къ
симъ|сімъ
и|і
ѹчааше|оучааше
вьсю|вьсю
братию|братію
ѡни|оні
же|же
ꙗко|ꙗко
землꙗ|землꙗ
жажющиꙗ|жажоущіꙗ
воды|водъі
тако|тако
приимаахѹ|пріімаахоу
словеса|словеса
ѥго|его
приносꙗще|пріносꙗще
трѹдовъ|троудовъ
своихъ|своіхъ
плоды|плодъі
къ|къ
господѹ|господоу
овъ|овъ
съто|съто
овъ|овъ
же|же
ѯ҃|ѯ҃
и|і
бѣ|бѣ
видѣти|відѣті
на|на
земли|землі
чл҃вкы|чл҃вкъі
житиѥмь|жітіемь
акы|акъі
анг҃лъмь|анг҃лъмь
тъчьны|тъчьнъі
и|і
манастырь|манастъірь
тъ|тъ
подъбьнъ|подъбьнъ
нб҃си|нб҃сі
и|і
въ|въ
немь|немь
блаж҃еныи|блаж҃енъіі
оц҃ь|оц҃ь
нашь|нашь
ѳеѡдосии|ѳеодосіі
паче|паче
сл҃нца|сл҃нца
въсиꙗвъ|въсіꙗвъ
добрыими|добръіімі
дѣлы|дѣлъі
ꙗко|ꙗко
же|же
се|се
ꙗви|ꙗві
сꙗ|сꙗ
игѹменѹ|ігоуменоу
манастырꙗ|манастъірꙗ
ст҃го|ст҃го
архистратига|архістратіга
михаила|міхаіла
софронию|софронію
же|же
именьмь|іменьмь
ѣдѹщю|ѣдоущоу
бо|бо
ѥмѹ|емоу
въ|въ
манастырь|манастъірь
свои|своі
нощи|нощі
же|же
сѹщи|соущі
тѣмь|тѣмь
же|же
и|і
се|се
видѣ|відѣ
свѣтъ|свѣтъ
надъ|надъ
манастырьмь|манастъірьмь
тъкъмо|тъкъмо
бл҃женаго|бл҃женаго
оц҃а|оц҃а
нашего|нашего
ѳеѡдосиꙗ|ѳеодосіꙗ
и|і
ꙗко же|ꙗкоже
чюдꙗ|чоудꙗ
сꙗ|сꙗ
ѥмѹ|емоу
славꙗаше|славꙗаше
бога|бога
глаголꙗ|глаголꙗ
о|о
колико|коліко
бл҃гостынꙗ|бл҃гостъінꙗ
твоѥꙗ|твоеꙗ
ги҃|гі҃
ꙗко|ꙗко
показалъ|показалъ
ѥси|есі
такъ|такъ
свѣтильникъ|свѣтільнікъ
въ|въ
мѣстѣ|мѣстѣ
семь|семь
прп҃дбьнааго|прп҃дбьнааго
сего|сего
мѹжа|моужа
иже|іже
тако|тако
свѣтѧ|свѣтѧ
сѧ|сѧ
просвѣти|просвѣті
манастырь|манастъірь
свои|своі
сице|сіце
же|же
ини|іні
мнози|мнозі
вїдѣвъше|відѣвъше
се|се
многашьды|многашьдъі
сповѣдахѹ|сповѣдахоу
се|се
тѣмь|тѣмь
же|же
ѹбо|оубо
слышаще|слъішаще
кнꙗзи|кнꙗзі
и|і
болꙗре|болꙗре
доброѥ|доброе
ихъ|іхъ
житиѥ|жітіе
прихожаахѹ|пріхожаахоу
къ|къ
великѹѹмѹ|велікоуоумоу
ѳеѡдосию|ѳеодосію
исповѣдающе|ісповѣдающе
томѹ|томоу
грѣхы|грѣхъі
своꙗ|своꙗ
иже|іже
великѹ|велікоу
пользѹ|пользоу
приимъше|пріімъше
бо|бо
ѿ|от
того|того
отъхожаахѹ|отъхожаахоу
ти|ті
тако|тако
пакы|пакъі
приношаахѹ|пріношаахоу
ѥмѹ|емоу
нѣчьто|нѣчьто
мало|мало
отъ|отъ
имѣнии|імѣніі
своихъ|своіхъ
на|на
ѹтѣшениѥ|оутѣшеніе
братии|братіі
на|на
състроѥниѥ|състроеніе
манастырю|манастъірю
своѥмѹ|своемоу
дрѹзии|дроузіі
же|же
и|і
села|села
въдаваюче|въдаваюче
на|на
попечениѥ|попеченіе
имъ|імъ
наипаче|наіпаче
же|же
зѣло|зѣло
люблꙗаше|люблꙗаше
блж҃енааго|блж҃енааго
хо҃любивыи|хо҃любівъіі
кнꙗзь|кнꙗзь
изѧславъ|ізѧславъ
предьржаи|предьржаі
тъгда|тъгда
столъ|столъ
оц҃а|оц҃а
своѥго|своего
и|і
часто|часто
же|же
и|і
призывааше|прізъівааше
къ|къ
собѣ|собѣ
мъножицею|мъножіцею
же|же
и|і
самъ|самъ
прихожааше|пріхожааше
к|к
немѹ|немоу
и|і
тако|тако
дх҃овьныихъ|дх҃овьнъііхъ
тѣхъ|тѣхъ
словесъ|словесъ
насыщаше|насъіщаше
сѧ|сѧ
и|і
отъхожааше|отъхожааше
ꙗкоже|ꙗкоже
отътолѣ|отътолѣ
тако|тако
богъ|богъ
възвеличаше|възвелічаше
мѣсто|мѣсто
то|то
ѹмножаꙗ|оумножаꙗ
вьсѣхъ|вьсѣхъ
бл҃гыихъ|бл҃гъііхъ
въ|въ
немь|немь
молитвами|молітвамі
въгодьника|въгодьніка
своѥго|своего
оц҃ь|оц҃ь
же|же
нашь|нашь
ѳеѡдосии|ѳеодосіі
бѣаше|бѣаше
сице|сіце
запретилъ|запретілъ
вратарю|вратарю
да|да
по|по
отъѣдении|отъѣденіі
обѣда|обѣда
не|не
ѡтврьзаѥть|отврьзаеть
вратъ|вратъ
никомѹже|нікомоуже
и|і
никтоже|ніктоже
пакы|пакъі
да|да
не|не
въходить|въходіть
въ|въ
манастырь|манастъірь
дондеже|дондеже
бѹдꙗше|боудꙗше
годъ|годъ
вечерьнии|вечерьніі
ꙗко|ꙗко
да|да
полѹдьнию|полоудьнію
сѹщю|соущоу
почиють|почіють
братиꙗ|братіꙗ
нощьныихъ|нощьнъііхъ
ради|раді
мл҃твъ|мл҃твъ
и|і
ѹтрьнꙗго|оутрьнꙗго
пѣниꙗ|пѣніꙗ
и|і
въ|въ
ѥдинъ|едінъ
дн҃ь|дн҃ь
полѹдн҃ию|полоудн҃ію
сѹщѹ|соущоу
прииде|прііде
по|по
обычаю|объічаю
хо҃любьць|хо҃любьць
изꙗславъ|ізꙗславъ
съ|съ
малъмь|малъмь
отрокъ|отрокъ
ѥгда|егда
хотꙗше|хотꙗше
поѣхати|поѣхаті
къ|къ
бл҃женѹѹмѹ|бл҃женоуоумоу
тъгда|тъгда
распѹстꙗше|распоустꙗше
всꙗ|всꙗ
болꙗры|болꙗръі
въ|въ
домы|домъі
своꙗ|своꙗ
нъ|нъ
тъкмо|тъкмо
съ|съ
шестию|шестію
или|ілі
съ|съ
пꙗтию|пꙗтію
отрокъ|отрокъ
прихожааше|пріхожааше
къ|къ
немѹ|немоу
се|се
же|же
ꙗко|ꙗко
рѣкъхъ|рѣкъхъ
приѣхавъ|пріѣхавъ
и|і
съсѣде|съсѣде
съ|съ
конꙗ|конꙗ
ни|ні
бо|бо
николи же|ніколіже
ѣха|ѣха
на|на
дворъ|дворъ
манастырьскыи|манастъірьскъіі
и|і
пристѹпивъ|прістоупівъ
къ|къ
вратомъ|вратомъ
повелѣ|повелѣ
отъврьсти|отъврьсті
вънити|въніті
хотꙗ|хотꙗ
онъ|онъ
же|же
отъвѣща|отъвѣща
ѥмѹ|емоу
ꙗко|ꙗко
повелѣниѥ|повелѣніе
ѥсть|есть
великааго|велікааго
оц҃а|оц҃а
не|не
отъврьзати|отъврьзаті
вратъ|вратъ
никомѹже|нікомоуже
дондеже|дондеже
годъ|годъ
вечерьнии|вечерьніі
бѹдеть|боудеть
таче|таче
пакы|пакъі
хо҃любьць|хо҃любьць
възвѣщаꙗ|възвѣщаꙗ
ѥмѹ|емоу
да|да
ѹвѣсть|оувѣсть
къто|къто
ѥсть|есть
и|і
гл҃аше|гл҃аше
се|се
бо|бо
азъ|азъ
ѥсмь|есмь
и|і
мнѣ|мнѣ
отъврьзи|отъврьзі
врата|врата
ѥдиномѹ|едіномоу
онъ|онъ
же|же
не|не
вѣдыи|вѣдъіі
ꙗко|ꙗко
кнꙗзь|кнꙗзь
ѥсть|есть
отъвѣщавааше|отъвѣщавааше
ѥмѹ|емоу
сице|сіце
рѣхъ|рѣхъ
ти|ті
ꙗко|ꙗко
повелѣно|повелѣно
ми|мі
ѥсть|есть
отъ|отъ
игѹмена|ігоумена
ꙗко|ꙗко
аще|аще
и|і
кнꙗзь|кнꙗзь
приидеть|пріідеть
не|не
отъврьзи|отъврьзі
вратъ|вратъ
то|то
ѹже|оуже
аще|аще
хощеши|хощеші
потрьпи|потрьпі
мало|мало
дондеже|дондеже
годъ|годъ
бѹдеть|боудеть
вечерьнии|вечерьніі
онъ|онъ
же|же
отъвѣща|отъвѣща
ꙗко|ꙗко
азъ|азъ
ѥсмь|есмь
кнꙗзь|кнꙗзь
то|то
и|і
ли|лі
мнѣ|мнѣ
не|не
отъврьзеши|отъврьзеші
тъгда|тъгда
изникъ|ізнікъ
видѣтъ|відѣтъ
и|і
познавъ|познавъ
кнꙗзꙗ|кнꙗзꙗ
ѥго|его
сѹща|соуща
и|і
въ|въ
страсѣ|страсѣ
бывъ|бъівъ
не|не
отъврьзе|отъврьзе
вратъ|вратъ
нъ|нъ
бл҃женѹѹмѹ|бл҃женоуоумоу
съповѣдатъ|съповѣдатъ
тече|тече
ономѹ|ономоу
же|же
стоꙗщю|стоꙗщоу
предъ|предъ
враты|вратъі
и|і
тьрпꙗщю|тьрпꙗщоу
о|о
семь|семь
подражающю|подражающоу
ст҃го|ст҃го
и|і
вьрховьнꙗаго|вьрховьнꙗаго
ап҃сла|ап҃сла
петра|петра
изведенѹ|ізведеноу
бо|бо
бывъшю|бъівъшоу
томѹ|томоу
анг҃лъмь|анг҃лъмь
ис|іс
тьмьницѣ|тьмьніцѣ
и|і
пришьдъшю|прішьдъшоу
ѥмѹ|емоу
къ|къ
домѹ|домоу
идеже|ідеже
бѣша|бѣша
ѹченици|оученіці
ѥго|его
и|і
тълкънѹвъшю|тълкъноувъшоу
ѥмѹ|емоу
въ|въ
врата|врата
и|і
се|се
рабыни|рабъіні
изникнѹвъши|ізнікноувъші
видѣ|відѣ
петра|петра
стоꙗща|стоꙗща
и|і
ѿ|от
радости|радості
же|же
не|не
ѿврьзе|отврьзе
воротъ|воротъ
нъ|нъ
текъши|текъші
повѣда|повѣда
ѹченикомъ|оученікомъ
приходъ|пріходъ
ѥго|его
тако|тако
же|же
и|і
сь|сь
ѿ|от
страха|страха
не|не
ѿврьзе|отврьзе
вратъ|вратъ
нъ|нъ
скоро|скоро
текъ|текъ
повѣда|повѣда
блаженѹѹмѹ|блаженоуоумоу
хо҃любьца|хо҃любьца
таче|таче
блаженыи|блаженъіі
ишедъ|ішедъ
и|і
видѣвъ|відѣвъ
кнꙗзѧ|кнꙗзѧ
и|і
поклони|поклоні
сꙗ|сꙗ
ѥмѹ|емоу
и|і
по|по
сихъ|сіхъ
начатъ|начатъ
гл҃ати|гл҃аті
ѥмѹ|емоу
хо҃любьць|хо҃любьць
ѡ|о
како|како
ѡч҃е|оч҃е
запрещениѥ|запрещеніе
твоѥ|твое
ѥже|еже
гл҃ть|гл҃ть
чьрноризьць|чьрнорізьць
сии|сіі
ꙗко|ꙗко
аще|аще
и|і
кнꙗзь|кнꙗзь
приидеть|пріідеть
не|не
пѹстити|поустіті
ѥго|его
блж҃еныи|блж҃енъіі
же|же
ѿвѣща|отвѣща
сего|сего
ради|раді
гл҃ють|гл҃ють
вл҃дко|вл҃дко
бл҃гыи|бл҃гъіі
повелѣниѥ|повелѣніе
то|то
ꙗкоже|ꙗкоже
да|да
въ|въ
годъ|годъ
полѹдьньныи|полоудьньнъіі
не|не
исходꙗть|ісходꙗть
братиꙗ|братіꙗ
из|із
манастырꙗ|манастъірꙗ
нъ|нъ
починѹть|почіноуть
въ|въ
то|то
времꙗ|времꙗ
нощьнааго|нощьнааго
ради|раді
славословиꙗ|славословіꙗ
твоѥ|твое
же|же
богмь|богмь
подвижьноѥ|подвіжьное
тъщаниѥ|тъщаніе
къ|къ
ст҃ѣи|ст҃ѣі
влд҃чци|влд҃чці
нашеи|нашеі
бци҃|бці҃
блг҃о|блг҃о
и|і
дш҃и|дш҃і
твоѥи|твоеі
на|на
ѹспѣхъ|оуспѣхъ
и|і
мы|мъі
же|же
вельми|вельмі
радѹѥмъ|радоуемъ
сꙗ|сꙗ
о|о
прихожении|пріхоженіі
твоѥмь|твоемь
таче|таче
по|по
сихъ|сіхъ
шедъшема|шедъшема
има|іма
въ|въ
цр҃квь|цр҃квь
и|і
сътворивъ|сътворівъ
мл҃твѹ|мл҃твоу
сѣдоста|сѣдоста
ти|ті
тако|тако
холюбивыи|холюбівъіі
кнꙗзь|кнꙗзь
насыщаше|насъіщаше
сꙗ|сꙗ
медоточьныихъ|медоточьнъііхъ
тѣхъ|тѣхъ
словесъ|словесъ
и|і
иже|іже
исхожаахѹ|ісхожаахоу
ѿ|от
ѹстъ|оустъ
прп҃дбьнааго|прп҃дбьнааго
оц҃а|оц҃а
нашего|нашего
ѳеѡдосиꙗ|ѳеодосіꙗ
и|і
великѹ|велікоу
пользѹ|пользоу
приимъ|пріімъ
отъ|отъ
него|него
иде|іде
въ|въ
домъ|домъ
свои|своі
славꙗ|славꙗ
б҃а|б҃а
и|і
ѿ|от
того|того
дн҃е|дн҃е
большиими|большіімі
начатъ|начатъ
любити|любіті
и|і
и|і
тако|тако
имѧше|імѧше
ѥго|его
ꙗко|ꙗко
ѥдиного|едіного
отъ|отъ
прьвыихъ|прьвъііхъ
ст҃ыихъ|ст҃ъііхъ
оц҃ь|оц҃ь
и|і
вельми|вельмі
послѹшааше|послоушааше
ѥго|его
и|і
творꙗаше|творꙗаше
всꙗ|всꙗ
повелѣнаꙗ|повелѣнаꙗ
ѥмѹ|емоу
отъ|отъ
великааго|велікааго
оц҃а|оц҃а
нашего|нашего
ѳеѡдосиꙗ|ѳеодосіꙗ
бж҃ствьныи|бж҃ствьнъіі
же|же
варламии|варламіі
сн҃ъ|сн҃ъ
иоана|іоана
болꙗрина|болꙗріна
игѹменъ|ігоуменъ
же|же
манастырꙗ|манастъірꙗ
ст҃го|ст҃го
мч҃ка|мч҃ка
дьмитриꙗ|дьмітріꙗ
иже|іже
възгради|възграді
хо҃любивыи|хо҃любівъіі
кнꙗзь|кнꙗзь
изꙗславъ|ізꙗславъ
иде|іде
въ|въ
ст҃ыи|ст҃ъіі
градъ|градъ
иерѹсалимъ|іероусалімъ
таче|таче
походивъ|походівъ
ст҃аꙗ|ст҃аꙗ
та|та
мѣста|мѣста
възврати|възвраті
сꙗ|сꙗ
въ|въ
свои|своі
манастырь|манастъірь
и|і
пакы|пакъі
по|по
времени|времені
нѣкоторѣмь|нѣкоторѣмь
иде|іде
въ|въ
костꙗнтинь|костꙗнтінь
градъ|градъ
и|і
тѹ|тоу
тако же|такоже
походи|поході
всꙗ|всꙗ
манастырꙗ|манастъірꙗ
и|і
искѹпивъ|іскоупівъ
ѥже|еже
на|на
пользѹ|пользоу
манастырю|манастъірю
своѥмѹ|своемоу
и|і
тако|тако
поиде|поіде
на|на
конихъ|коніхъ
въ|въ
странѹ|страноу
свою|свою
идыи|ідъіі
же|же
пѹтьмь|поутьмь
и|і
ѹже|оуже
въ|въ
странахъ|странахъ
своихъ|своіхъ
си|сі
въпаде|въпаде
въ|въ
недѹгъ|недоугъ
лютъ|лютъ
таче|таче
ꙗко|ꙗко
доиде|доіде
града|града
володимирꙗ|володімірꙗ
въниде|въніде
въ|въ
манастырь|манастъірь
тѹ|тоу
сѹщии|соущіі
близъ|блізъ
города|города
иже|іже
наричюти|нарічоуті
и|і
ст҃аꙗ|ст҃аꙗ
гора|гора
тѹ|тоу
же|же
ѹсъпе|оусъпе
съ|съ
миръмь|міръмь
и|і
житию|жітію
коньць|коньць
приꙗтъ|пріꙗтъ
и|і
заповѣдавъ|заповѣдавъ
сѹщиимъ|соущіімъ
с|с
нимь|німь
да|да
доправꙗть|доправꙗть
тѣло|тѣло
ѥго|его
въ|въ
манастырь|манастъірь
ст҃ааго|ст҃ааго
и|і
блж҃енааго|блж҃енааго
оц҃а|оц҃а
нашего|нашего
ѳеѡдосиꙗ|ѳеодосіꙗ
и|і
тѹ|тоу
положать|положать
ѥ|е
и|і
всꙗ|всꙗ
сѹщаꙗ|соущаꙗ
ѧже|ѧже
бѣ|бѣ
искѹпилъ|іскоупілъ
въ|въ
костꙗнтини|костꙗнтіні
градѣ|градѣ
иконы|іконъі
и|і
ино|іно
ѥже|еже
на|на
потребѹ|потребоу
повелѣвъ|повелѣвъ
тѹда|тоуда
иде же|ідеже
самъ|самъ
тѹ|тоу
же|же
и|і
то|то
повелѣ|повелѣ
въдати|въдаті
бл҃женѹѹмѹ|бл҃женоуоумоу
ꙗкоже|ꙗкоже
заповѣда|заповѣда
имъ|імъ
ти|ті
тако|тако
донесъше|донесъше
тѣло|тѣло
ѥго|его
положиша|положіша
ѥ|е
въ|въ
манастыри|манастъірі
бл҃женаго|бл҃женаго
и|і
прп҃добьнааго|прп҃добьнааго
оц҃а|оц҃а
нашего|нашего
ѳеодосиꙗ|ѳеодосіꙗ
на|на
деснѣи|деснѣі
странѣ|странѣ
цр҃кве|цр҃кве
идеже|ідеже
и|і
донѣ|донѣ
ѥсть|есть
гробъ|гробъ
ѥго|его
тъгда|тъгда
же|же
хо҃любивыи|хо҃любівъіі
кнꙗзь|кнꙗзь
ѿ|от
манастырꙗ|манастъірꙗ
великааго|велікааго
оц҃а|оц҃а
нашего|нашего
ѳеодосиꙗ|ѳеодосіꙗ
избьравъ|ізбьравъ
ѥдиного|едіного
отъ|отъ
братиꙗ|братіꙗ
иже|іже
въ|въ
чьрньчьскѣмь|чьрньчьскѣмь
житии|жітіі
просиꙗвъша|просіꙗвъша
исаию|ісаію
наричемааго|нарічемааго
того же|тогоже
изведъ|ізведъ
игѹмена|ігоумена
постави|поставі
въ|въ
манастыри|манастъірі
своѥмь|своемь
ѹ|оу
ст҃ааго|ст҃ааго
мч҃нка|мч҃нка
димитриꙗ|дімітріꙗ
иже|іже
и|і
послѣже|послѣже
добрыхъ|добръіхъ
ради|раді
нравъ|нравъ
ѥго|его
поставленъ|поставленъ
бысть|бъість
епискѹпъмь|епіскоупъмь
ростовѹ|ростовоу
городѹ|городоу
тъгда|тъгда
же|же
великии|велікіі
никонъ|ніконъ
ѹмьръшю|оумьръшоу
ростиславѹ|ростіславоу
кнꙗзю|кнꙗзю
острова|острова
того|того
ѹмоленъ|оумоленъ
бысть|бъість
отъ|отъ
людии|людіі
тѣхъ|тѣхъ
преити|преіті
къ|къ
cт҃ославѹ|ст҃ославоу
кнꙗзю|кнꙗзю
и|і
молити|моліті
и|і
да|да
пѹстить|поустіть
къ|къ
нимъ|німъ
сн҃а|сн҃а
своѥго|своего
да|да
сꙗдеть|сꙗдеть
на|на
столѣ|столѣ
томь|томь
таче|таче
ꙗко|ꙗко
и|і
пришьдъ|прішьдъ
прииде|прііде
въ|въ
манастырь|манастъірь
блж҃енааго|блж҃енааго
оц҃а|оц҃а
нашего|нашего
ѳеѡдосиꙗ|ѳеодосіꙗ
и|і
ѧко|ѧко
видѣста|відѣста
дрѹгъ|дроугъ
дрѹга|дроуга
падъша|падъша
оба|оба
въкѹпѣ|въкоупѣ
поклониста|поклоніста
сꙗ|сꙗ
и|і
тако|тако
пакы|пакъі
охописта|охопіста
сꙗ|сꙗ
и|і
надълзѣ|надълзѣ
плакаста|плакаста
сꙗ|сꙗ
ꙗко|ꙗко
же|же
много|много
времꙗ|времꙗ
не|не
видѣвъша|відѣвъша
сꙗ|сꙗ
по|по
сихъ|сіхъ
же|же
молꙗшети|молꙗшеті
и|і
сты҃и|стъі҃і
ѳеодосии|ѳеодосіі
не|не
отьлѹчити|отьлоучіті
сꙗ|сꙗ
ѥмѹ|емоу
ѿ|от
него|него
дондеже|дондеже
ѥста|еста
въ|въ
плъти|плъті
тъгда|тъгда
же|же
велїкии|велікіі
никонъ|ніконъ
обѣща|обѣща
сѧ|сѧ
ѥмѹ|емоу
гл҃ꙗ|гл҃ꙗ
ꙗкоже|ꙗкоже
тъкмо|тъкмо
дошьдъ|дошьдъ
тамо|тамо
и|і
манастырь|манастъірь
свои|своі
обрꙗдивъ|обрꙗдівъ
и|і
тѹ|тоу
абиѥ|абіе
възвращѹ|възвращоу
сꙗ|сꙗ
въспꙗть|въспꙗть
ꙗкоже|ꙗкоже
и|і
сътвори|сътворі
дошьдъ|дошьдъ
бо|бо
съ|съ
кнꙗзьмь|кнꙗзьмь
глѣбъмь|глѣбъмь
острова|острова
того|того
и|і
ономѹ|ономоу
сѣдъшю|сѣдъшоу
на|на
столѣ|столѣ
въ|въ
градѣ|градѣ
томь|томь
никонъ|ніконъ
же|же
възвороти|възвороті
сꙗ|сꙗ
въспꙗть|въспꙗть
таче|таче
пришедъ|прішедъ
въ|въ
манастырь|манастъірь
великааго|велікааго
оц҃а|оц҃а
нашего|нашего
ѳеодосиꙗ|ѳеодосіꙗ
и|і
вьсꙗ|вьсꙗ
своꙗ|своꙗ
бл҃гаꙗ|бл҃гаꙗ
предавъ|предавъ
блж҃енѹѹмѹ|блж҃еноуоумоу
самъ|самъ
же|же
бѣ|бѣ
съ|съ
всꙗкою|всꙗкою
радостию|радостію
покарꙗѧ|покарꙗѧ
сꙗ|сꙗ
ѥмѹ|емоу
зѣло|зѣло
же|же
люблꙗшети|люблꙗшеті
и|і
богодъхновеныи|богодъхновенъіі
ѳеѡдосии|ѳеодосіі
ꙗко|ꙗко
оц҃а|оц҃а
ѥго|его
себе|себе
имѣꙗшеть|імѣꙗшеть
тѣмь|тѣмь
же|же
аще|аще
и|і
коли|колі
къде|къде
отъходꙗ|отъходꙗ
порѹчаше|пороучаше
томѹ|томоу
братию|братію
и|і
ѥже|еже
тѣхъ|тѣхъ
съблюдати|съблюдаті
же|же
и|і
поѹчати|пооучаті
ꙗкоже|ꙗкоже
старѣишю|старѣішоу
томѹ|томоу
сѹщю|соущоу
всѣхъ|всѣхъ
и|і
ѥгда|егда
же|же
пакы|пакъі
самъ|самъ
поѹчаше|пооучаше
братию|братію
въ|въ
цьркъви|цьркъві
дѹховьныими|доуховьнъіімі
ѥго|его
словесы|словесъі
и|і
повелѣвааше|повелѣвааше
пакы|пакъі
великѹѹмѹ|велікоуоумоу
никонѹ|ніконоу
ꙗко|ꙗко
се|се
ис|іс
кънигъ|кънігъ
почитающе|почітающе
поѹчениѥ|пооученіе
творите|творіте
братии|братіі
таче|таче
и|і
пакы|пакъі
преподобьнѹѹмѹ|преподобьноуоумоу
оц҃ю|оц҃ю
нашемѹ|нашемоу
стефанѹ|стефаноу
еѯиархѹ|еѯіархоу
тъ|тъ
тъгда|тъгда
сѹщю|соущоу
послѣже|послѣже
же|же
игѹменѹ|ігоуменоу
сѹщѹ|соущоу
того|того
манастырꙗ|манастъірꙗ
по|по
съмрьти|съмрьті
блаженааго|блаженааго
ѳеѡдосиꙗ|ѳеодосіꙗ
таче|таче
по|по
томь|томь
епискѹпѹ|епіскоупоу
въ|въ
володимирьскѹю|володімірьскоую
оболость|оболость
се|се
же|же
и|і
и|і
о|о
сихъ|сіхъ
съповѣдахъ|съповѣдахъ
таче|таче
на|на
послѣдъцѣ|послѣдъцѣ
ѡ|о
единомь|едіномь
блаженѣмь|блаженѣмь
оц҃и|оц҃і
ѳеодосии|ѳеодосіі
словеси|словесі
поидѹ|поідоу
и|і
ꙗже|ꙗже
о|о
немь|немь
достоина|достоіна
своꙗ|своꙗ
ѥмѹ|емоу
исправлениꙗ|ісправленіꙗ
бж҃иѥю|бж҃іею
благодатию|благодатію
исповѣдаꙗ|ісповѣдаꙗ
свѣтила|свѣтіла
просвѣщенааго|просвѣщенааго
оц҃а|оц҃а
нашего|нашего
ѳеодосиꙗ|ѳеодосіꙗ
бѣаше|бѣаше
бо|бо
по|по
истинѣ|істінѣ
чловѣкъ|чловѣкъ
бж҃ии|бж҃іі
свѣтило|свѣтіло
въ|въ
вьсемь|вьсемь
мирѣ|мірѣ
видимоѥ|відімое
и|і
просиꙗвъшеѥ|просіꙗвъшее
въ|въ
всемь|всемь
чьрноризьцемъ|чьрнорізьцемъ
съмѣренъмь|съмѣренъмь
съмыслъмь|съмъіслъмь
и|і
послѹшаниѥмь|послоушаніемь
и|і
прочиими|прочіімі
трѹды|троудъі
подвизаꙗ|подвізаꙗ
сꙗ|сꙗ
дѣлаꙗ|дѣлаꙗ
по|по
всꙗ|всꙗ
дн҃и|дн҃і
не|не
дада|дада
рѹкама|роукама
своима|своіма
ни|ні
ногама|ногама
покоꙗ|покоꙗ
ѥще|еще
же|же
въ|въ
пещьницю|пещьніцоу
часто|часто
исхожааше|ісхожааше
и|і
съ|съ
пекѹщими|пекоущімі
веселꙗше|веселꙗше
сꙗ|сꙗ
дх҃ъмь|дх҃ъмь
тѣсто|тѣсто
мѣшааше|мѣшааше
и|і
хлѣбы|хлѣбъі
пека|пека
бѣаше|бѣаше
бо|бо
и|і
преже|преже
рѣхъ|рѣхъ
крѣпъкъ|крѣпъкъ
тѣлъмь|тѣлъмь
и|і
сильнъ|сільнъ
вьсꙗ|вьсꙗ
же|же
стражющаꙗ|стражоущаꙗ
бѣ|бѣ
ѹча|оуча
и|і
ѹкрѣплꙗꙗ|оукрѣплꙗꙗ
и|і
ѹтѣшаꙗ|оутѣшаꙗ
никако же|нікакоже
не|не
раслабѣти|раслабѣті
въ|въ
дѣлѣхъ|дѣлѣхъ
своихъ|своіхъ
въ|въ
ѥдинъ|едінъ
же|же
ѿ|от
дн҃ии|дн҃іі
хотꙗщемъ|хотꙗщемъ
имъ|імъ
праздьникъ|праздьнікъ
творити|творіті
ст҃ыꙗ|ст҃ъіꙗ
бц҃а|бц҃а
и|і
водѣ|водѣ
не|не
сѹщи|соущі
преже|преже
же|же
намѣненѹѹмѹ|намѣненоуоумоу
ѳеѡдорѹ|ѳеодороу
сѹщю|соущоу
тъгда|тъгда
келарю|келарю
иже|іже
и|і
многаа|многаа
ми|мі
съповѣда|съповѣда
о|о
преславьнѣмь|преславьнѣмь
мѹжи|моужі
семь|семь
тъ же|тъже
шедъ|шедъ
повѣда|повѣда
блаженѹѹмѹ|блаженоуоумоу
оц҃ю|оц҃ю
нашемѹ|нашемоу
ѳеодосию|ѳеодосію
ꙗко|ꙗко
нѣсть|нѣсть
къто|къто
воды|водъі
носꙗ|носꙗ
то|то
же|же
блаженыи|блаженъіі
съ|съ
спѣхъмь|спѣхъмь
въставъ|въставъ
начатъ|начатъ
водѹ|водоу
носити|носіті
отъ|отъ
кладꙗзꙗ|кладꙗзꙗ
и|і
се|се
ѥдинъ|едінъ
отъ|отъ
братиꙗ|братіꙗ
видѣвы|відѣвъі
и|і
водѹ|водоу
носꙗща|носꙗща
и|і
скоро|скоро
шедъ|шедъ
възвѣсти|възвѣсті
нѣколикѹ|нѣколікоу
братии|братіі
иже|іже
и|і
съ|съ
тъщаниѥмь|тъщаніемь
притекъше|прітекъше
наносиша|наносіша
воды|водъі
до|до
избытъка|ізбъітъка
и|і
се|се
же|же
пакы|пакъі
дръвомъ|дръвомъ
нѣкѡли|нѣколі
приготованомъ|пріготованомъ
не|не
сѹщемъ|соущемъ
на|на
потребѹ|потребоу
варениꙗ|вареніꙗ
шедъ|шедъ
же|же
келарь|келарь
ѳеѡдоръ|ѳеодоръ
къ|къ
бл҃женѹѹмѹ|бл҃женоуоумоу
ѳеодосию|ѳеодосію
гл҃ꙗ|гл҃ꙗ
ꙗко|ꙗко
да|да
повелиши|повеліші
ѥдиномѹ|едіномоу
ѿ|от
братиꙗ|братіꙗ
сѹщюѹмѹ|соущоуоумоу
праздьнѹ|праздьноу
да|да
въшедъ|въшедъ
приготовить|пріготовіть
дръва|дръва
ѥже|еже
на|на
потребѹ|потребоу
тоже|тоже
блаженыи|блаженъіі
отъвѣща|отъвѣща
ѥмѹ|емоу
то|то
се|се
азъ|азъ
праздьнъ|праздьнъ
ѥсмь|есмь
и|і
се|се
поидѹ|поідоу
таче|таче
повелѣ|повелѣ
на|на
трапезѹ|трапезоу
братии|братіі
ити|іті
бѣ|бѣ
бо|бо
годъ|годъ
обѣдѹ|обѣдоу
самъ|самъ
же|же
възьмъ|възьмъ
сѣчиво|сѣчіво
нача|нача
сѣчи|сѣчі
дръва|дръва
и|і
се|се
по|по
отъꙗдении|отъꙗденіі
излѣзъше|ізлѣзъше
братиꙗ|братіꙗ
ти|ті
видѣша|відѣша
преподобьнааго|преподобьнааго
игѹмена|ігоумена
своѥго|своего
сѣкѹща|сѣкоуща
дръва|дръва
и|і
тако|тако
трѹжающа|троужающа
сѧ|сѧ
и|і
възꙗтъ|възꙗтъ
къждо|къждо
сѣчиво|сѣчіво
своѥ|свое
таже|таже
тако|тако
приготоваша|пріготоваша
дръва|дръва
ꙗко же|ꙗкоже
тѣмъ|тѣмъ
довольномъ|довольномъ
имъ|імъ
быти|бъіті
на|на
многы|многъі
дн҃и|дн҃і
сице|сіце
бо|бо
ти|ті
бѣ|бѣ
тъщаниѥ|тъщаніе
къ|къ
богѹ|богоу
блаженааго|блаженааго
и|і
дѹховьнааго|доуховьнааго
оц҃а|оц҃а
нашего|нашего
ѳеодосиꙗ|ѳеодосіꙗ
имꙗаше|імꙗаше
бо|бо
съмѣрениѥ|съмѣреніе
и|і
кротость|кротость
великѹ|велікоу
о|о
семь|семь
подражаꙗ|подражаꙗ
христоса|хрістоса
истиньнааго|істіньнааго
б҃а|б҃а
гл҃авъшааго|гл҃авъшааго
навыкнѣте|навъікнѣте
отъ|отъ
мене|мене
ꙗко|ꙗко
крътъкъ|крътъкъ
ѥсмь|есмь
и|і
съмѣренъ|съмѣренъ
ср҃дцьмь|ср҃дцьмь
тѣмь|тѣмь
же|же
на|на
таковоѥ|таковое
подвизаниѥ|подвізаніе
възираꙗ|възіраꙗ
съмѣрꙗше|съмѣрꙗше
сꙗ|сꙗ
послѣдьнии|послѣдьніі
сꙗ|сꙗ
вьсѣхъ|вьсѣхъ
творꙗ|творꙗ
и|і
слѹжьбьникъ|слоужьбьнікъ
и|і
собою|собою
вьсѣмъ|вьсѣмъ
образъ|образъ
даꙗ|даꙗ
на|на
дѣло|дѣло
же|же
преже|преже
вьсѣхъ|вьсѣхъ
исходꙗ|ісходꙗ
и|і
въ|въ
цр҃кви|цр҃кві
же|же
преже|преже
вьсѣхъ|вьсѣхъ
обрѣтаꙗ|обрѣтаꙗ
сꙗ|сꙗ
и|і
послѣже|послѣже
вьсѣхъ|вьсѣхъ
излазѧ|ізлазѧ
мъногашьды|мъногашьдъі
же|же
пакы|пакъі
великѹѹмѹ|велікоуоумоу
никонѹ|ніконоу
сѣдꙗщю|сѣдꙗщоу
и|і
дѣлающю|дѣлающоу
книгы|кнігъі
и|і
блж҃енѹѹмѹ|блж҃еноуоумоу
въскраи|въскраі
того|того
сѣдꙗщю|сѣдꙗщоу
и|і
прѧдѹщю|прѧдоущоу
нити|ніті
ѥже|еже
на|на
потребѹ|потребоу
таковѹѹмѹ|таковоуоумоу
дѣлѹ|дѣлоу
таково|таково
ти|ті
бѣ|бѣ
того|того
мѹжа|моужа
съмѣрениѥ|съмѣреніе
и|і
простость|простость
и|і
никтоже|ніктоже
ѥго|его
николиже|ніколіже
видѣ|відѣ
на|на
ребрѣхъ|ребрѣхъ
своихъ|своіхъ
лежаща|лежаща
ли|лі
водѹ|водоу
възливающа|възлівающа
на|на
тѣло|тѣло
развѣ|развѣ
тъкмо|тъкмо
рѹцѣ|роуцѣ
ѹмывающа|оумъівающа
а|а
ѡдежа|одежа
ѥго|его
бѣ|бѣ
свита|світа
власꙗна|власꙗна
остра|остра
на|на
тѣлѣ|тѣлѣ
извьнѹ|ізвьноу
же|же
на|на
неи|неі
и|і
ина|іна
свита|світа
и|і
та|та
же|же
вельми|вельмі
хѹда|хоуда
сѹщи|соущі
и|і
тоже|тоже
сего|сего
ради|раді
възволочааше|възволочааше
на|на
сꙗ|сꙗ
ѧко|ѧко
да|да
не|не
ꙗвити|ꙗвіті
сꙗ|сꙗ
власꙗници|власꙗніці
сѹщи|соущі
на|на
неи|неі
о|о
сеи|сеі
одежи|одежі
хѹдѣи|хоудѣі
мнози|мнозі
несъмысльнии|несъмъісльніі
рѹгахѹ|роугахоу
сѧ|сѧ
ѥмѹ|емоу
ѹкарꙗюще|оукарꙗюще
ѥго|его
блж҃енѹѹмѹ|блж҃еноуоумоу
же|же
си|сі
съ|съ
радостию|радостію
вьсꙗ|вьсꙗ
приимающю|пріімающоу
ѹкоризнѹ|оукорізноу
ихъ|іхъ
имѣꙗ|імѣꙗ
ѹбо|оубо
присно|прісно
на|на
памꙗти|памꙗті
слово|слово
гн҃е|гн҃е
и|і
тѣмь|тѣмь
ѹтѣшаꙗ|оутѣшаꙗ
веселꙗше|веселꙗше
сꙗ|сꙗ
блажени|блажені
бо|бо
рече|рече
ѥсте|есте
ѥгда|егда
ѹкорꙗть|оукорꙗть
вы|въі
ѥгда|егда
рекѹть|рекоуть
всꙗкъ|всꙗкъ
зълъ|зълъ
гл҃ъ|гл҃ъ
на|на
вы|въі
лъжюще|лъжоуще
мене|мене
ради|раді
въздрадѹите|въздрадоуіте
сꙗ|сꙗ
въ|въ
тъ|тъ
дн҃ь|дн҃ь
и|і
възыграите|възъіграіте
се|се
бо|бо
мьзда|мьзда
ваша|ваша
мънога|мънога
на|на
нб҃сѣхъ|нб҃сѣхъ
си|сі
въспоминаꙗ|въспомінаꙗ
блж҃еныи|блж҃енъіі
и|і
о|о
сихъ|сіхъ
ѹтѣшаꙗ|оутѣшаꙗ
сꙗ|сꙗ
трьпꙗше|трьпꙗше
ѹкоризнѹ|оукорізноу
и|і
досажениѥ|досаженіе
ѿ|от
всѣхъ|всѣхъ
и|і
се|се
въ|въ
ѥдинъ|едінъ
дн҃ь|дн҃ь
шедъшю|шедъшоу
великѹѹмѹ|велікоуоумоу
оц҃ѹ|оц҃оу
на|на
нашемѹ|нашемоу
ѳеѡдосию|ѳеодосію
нѣкоторааго|нѣкоторааго
ради|раді
орѹдиꙗ|ороудіꙗ
къ|къ
хо҃любьцю|хо҃любьцоу
кнꙗзю|кнꙗзю
изꙗславѹ|ізꙗславоу
далече|далече
ѥмѹ|емоу
сѹщю|соущоу
отъ|отъ
града|града
таче|таче
ꙗко|ꙗко
и|і
пришьдъ|прішьдъ
и|і
до|до
вечера|вечера
ѹмѹдивъшю|оумоудівъшоу
ѥмѹ|емоу
орѹдиꙗ|ороудіꙗ
ради|раді
и|і
повелѣ|повелѣ
хо҃любьць|хо҃любьць
нощьнааго|нощьнааго
ради|раді
посъпаниꙗ|посъпаніꙗ
ѥмѹ|емоу
на|на
возѣ|возѣ
допровадити|допровадіті
и|і
до|до
манастырꙗ|манастъірꙗ
ѥго|его
и|і
ꙗко|ꙗко
бысть|бъість
идыи|ідъіі
пѹтьмь|поутьмь
и|і
возꙗи|возꙗі
ѥго|его
видѣвы|відѣвъі
и|і
въ|въ
такои|такоі
одежи|одежі
сѹщааго|соущааго
и|і
мьнѣвъ|мьнѣвъ
ꙗко|ꙗко
ѥдинъ|едінъ
ѿ|от
ѹбогыхъ|оубогъіхъ
ѥсть|есть
гл҃а|гл҃а
ѥмѹ|емоу
чьрноризьче|чьрнорізьче
се|се
бо|бо
ты|тъі
по|по
вьсꙗ|вьсꙗ
дн҃и|дн҃і
пороздьнъ|пороздьнъ
ѥси|есі
азъ|азъ
же|же
трѹдьнъ|троудьнъ
сыи|съіі
се|се
не|не
могѹ|могоу
на|на
кони|коні
ѣхати|ѣхаті
нъ|нъ
сице|сіце
сътворивѣ|сътворівѣ
да|да
азъ|азъ
ти|ті
лꙗгѹ|лꙗгоу
на|на
возѣ|возѣ
ты|тъі
же|же
могыи|могъіі
на|на
кони|коні
ѣхати|ѣхаті
тоже|тоже
бл҃женыи|бл҃женъіі
съ|съ
вьсꙗкыимь|вьсꙗкъіімь
съмѣрениѥмь|съмѣреніемь
въставъ|въставъ
сѣде|сѣде
на|на
кони|коні
а|а
ѡномѹ|ономоу
же|же
легъшю|легъшоу
на|на
возѣ|возѣ
и|і
идꙗше|ідꙗше
пѹтьмь|поутьмь
радѹꙗ|радоуꙗ
сѧ|сѧ
и|і
славꙗ|славꙗ
б҃а|б҃а
и|і
ѥгда|егда
же|же
въздрѣмааше|въздрѣмааше
сꙗ|сꙗ
тъгда|тъгда
же|же
съсѣдъ|съсѣдъ
текъ|текъ
идꙗаше|ідꙗаше
въскраи|въскраі
конꙗ|конꙗ
дондеже|дондеже
трѹдꙗаше|троудꙗаше
сѧ|сѧ
ти|ті
тако|тако
пакы|пакъі
на|на
конь|конь
въсѧдꙗше|въсѧдꙗше
часто|часто
же|же
ѹже|оуже
зорꙗмъ|зорꙗмъ
въсходꙗщемъ|въсходꙗщемъ
и|і
вельможамъ|вельможамъ
ѣдѹщемъ|ѣдоущемъ
къ|къ
кнꙗзю|кнꙗзю
и|і
издалеча|іздалеча
познавъше|познавъше
бл҃женааго|бл҃женааго
и|і
съсѣдъше|съсѣдъше
съ|съ
конь|конь
покланꙗахѹ|покланꙗахоу
сꙗ|сꙗ
ѹбо|оубо
блж҃енѹѹмѹ|блж҃еноуоумоу
оц҃ю|оц҃ю
нашемѹ|нашемоу
ѳеѡдосию|ѳеодосію
тъгда|тъгда
же|же
глагола|глагола
отрокѹ|отрокоу
се|се
ѹже|оуже
чадо|чадо
свѣтъ|свѣтъ
ѥсть|есть
въсꙗди|въсꙗді
на|на
конь|конь
свои|своі
онъ|онъ
же|же
видѣвъ|відѣвъ
ѥже|еже
тако|тако
вьси|вьсі
покланꙗхѹть|покланꙗхоуть
сѧ|сѧ
ѥмѹ|емоу
и|і
ѹжасе|оужасе
сꙗ|сꙗ
въ|въ
ѹмѣ|оумѣ
и|і
трепеть|трепеть
си|сі
въста|въста
и|і
въсѣде|въсѣде
на|на
конь|конь
ти|ті
тако|тако
поиде|поіде
пѹтьмь|поутьмь
а|а
прп҃добьнѹѹмѹ|прп҃добьноуоумоу
ѳеѡдосию|ѳеодосію
на|на
возѣ|возѣ
сѣдꙗщю|сѣдꙗщоу
вси|всі
же|же
болꙗре|болꙗре
сърѣтъше|сърѣтъше
покланꙗхѹ|покланꙗхоу
сꙗ|сꙗ
ѥмѹ|емоу
таче|таче
дошьдъшю|дошьдъшоу
ѥмѹ|емоу
манастырꙗ|манастъірꙗ
и|і
се|се
ишедъше|ішедъше
вьсꙗ|вьсꙗ
братиꙗ|братіꙗ
поклониша|поклоніша
сѧ|сѧ
ѥмѹ|емоу
до|до
землꙗ|землꙗ
тоже|тоже
отрокъ|отрокъ
больми|больмі
ѹжасе|оужасе
сꙗ|сꙗ
помышлꙗѧ|помъішлꙗѧ
въ|въ
себе|себе
кто|кто
сь|сь
ѥсть|есть
ѥже|еже
тако|тако
вьси|вьсі
покланꙗють|покланꙗють
сѧ|сѧ
ѥмѹ|емоу
и|і
ѥмы|емъі
и|і
за|за
рѹкѹ|роукоу
въведе|въведе
и|і
въ|въ
трапезьницю|трапезьніцоу
таче|таче
повелѣ|повелѣ
ѥмѹ|емоу
дати|даті
ѣсти|ѣсті
и|і
пити|піті
ѥлико|еліко
хощеть|хощеть
ѥще|еще
же|же
и|і
кѹнами|коунамі
томѹ|томоу
давъ|давъ
отъпѹсти|отъпоусті
и|і
си|сі
же|же
съповѣда|съповѣда
самъ|самъ
братии|братіі
повозьникъ|повозьнікъ
тъ|тъ
а|а
блж҃енѹѹмѹ|блж҃еноуоумоу
о|о
сѥмь|семь
никомѹже|нікомоуже
ꙗвивъшю|ꙗвівъшоу
нъ|нъ
сице|сіце
бѣ|бѣ
ѹбо|оубо
по|по
всꙗ|всꙗ
дн҃и|дн҃і
о|о
сихъ|сіхъ
ѹча|оуча
братию|братію
не|не
възносити|възносіті
сꙗ|сꙗ
ни|ні
о|о
чемь|чемь
же|же
нъ|нъ
съмеренѹ|съмереноу
быти|бъіті
мнихѹ|мніхоу
а|а
самомѹ|самомоу
мьньшю|мьньшоу
всѣхъ|всѣхъ
творити|творіті
сꙗ|сꙗ
и|і
не|не
величати|велічаті
сꙗ|сꙗ
нъ|нъ
къ|къ
вьсѣмъ|вьсѣмъ
покоривѹ|покорівоу
быти|бъіті
и|і
ходꙗще|ходꙗще
иже|іже
гл҃ааше|гл҃ааше
имъ|імъ
рѹцѣ|роуцѣ
съгъбенѣ|съгъбенѣ
на|на
прьсьхъ|прьсьхъ
своихъ|своіхъ
къжьдо|къжьдо
да|да
имате|імате
и|і
никто же|ніктоже
васъ|васъ
да|да
не|не
преходить|преходіть
въ|въ
съмѣрении|съмѣреніі
же|же
вашемь|вашемь
да|да
сꙗ|сꙗ
покланꙗѥте|покланꙗете
къждо|къждо
дрѹгъ|дроугъ
къ|къ
дрѹгѹ|дроугоу
ꙗкоже|ꙗкоже
ѥсть|есть
лѣпо|лѣпо
мьнихѹ|мьніхоу
и|і
не|не
преходити|преходіті
же|же
отъ|отъ
келиѣ|келіѣ
въ|въ
келию|келію
нъ|нъ
въ|въ
своѥи|своеі
келии|келіі
къждо|къждо
васъ|васъ
да|да
молить|моліть
бога|бога
сицими|сіцімі
же|же
и|і
инѣми|інѣмі
словесы|словесъі
по|по
всꙗ|всꙗ
дн҃и|дн҃і
не|не
престаꙗ|престаꙗ
ихъ|іхъ
наказааше|наказааше
и|і
аще|аще
пакы|пакъі
слышааше|слъішааше
ѿ|от
братиꙗ|братіꙗ
комѹже|комоуже
сѹщю|соущоу
ѿ|от
мьчьтании|мьчьтаніі
бѣсовьскыихъ|бѣсовьскъііхъ
то|то
сиꙗ|сіꙗ
призъвавъ|прізъвавъ
и|і
ꙗко|ꙗко
въ|въ
вьсѣхъ|вьсѣхъ
искѹшенихъ|іскоушеніхъ
бывъ|бъівъ
ѹчааше|оучааше
и|і
наказааше|наказааше
стати|статі
крѣпъцѣ|крѣпъцѣ
противѹ|протівоу
диꙗволемъ|діꙗволемъ
къзньмъ|къзньмъ
никако же|нікакоже
постѹпати|постоупаті
ни|ні
раслабѣти|раслабѣті
сѧ|сѧ
ѿ|от
мьчьтании|мьчьтаніі
и|і
бѣсовьскыꙗ|бѣсовьскъіꙗ
напасти|напасті
не|не
ѿходити|отходіті
имъ|імъ
ѿ|от
мѣста|мѣста
того|того
нъ|нъ
постъмь|постъмь
и|і
мл҃твою|мл҃твою
оградити|оградіті
сꙗ|сꙗ
и|і
б҃а|б҃а
часто|часто
призывати|прізъіваті
на|на
побѣдѹ|побѣдоу
злааго|злааго
бѣса|бѣса
гл҃ааше|гл҃ааше
же|же
и|і
се|се
къ|къ
нимъ|німъ
ꙗко|ꙗко
тако|тако
и|і
мнѣ|мнѣ
бѣ|бѣ
испьрва|іспьрва
ѥдинои|едіноі
бо|бо
нощи|нощі
поющю|поющоу
ми|мі
въ|въ
кели|келі
обычьныꙗ|объічьнъіꙗ
псалъмы|псалъмъі
и|і
се|се
пьсъ|пьсъ
чьрнъ|чьрнъ
ста|ста
предъ|предъ
мною|мною
ꙗкоже|ꙗкоже
имь|імь
мнѣ|мнѣ
нельзѣ|нельзѣ
ни|ні
поклонити|поклоніті
сꙗ|сꙗ
стоꙗщю|стоꙗщоу
же|же
ѥмѹ|емоу
на|на
многъ|многъ
часъ|часъ
предъ|предъ
мною|мною
се|се
же|же
азъ|азъ
постреченъ|постреченъ
бывъ|бъівъ
хотѣхъ|хотѣхъ
ѹдарити|оударіті
и|і
и|і
се|се
невидимъ|невідімъ
бысть|бъість
ѿ|от
мене|мене
тъгда|тъгда
же|же
страхъ|страхъ
и|і
трепетъ|трепетъ
обиꙗтъ|обіꙗтъ
мꙗ|мꙗ
ѧкоже|ѧкоже
хотѣти|хотѣті
ми|мі
бѣжати|бѣжаті
отъ|отъ
мѣста|мѣста
того|того
ꙗко|ꙗко
аще|аще
не|не
бы|бъі
г҃ь|г҃ь
помоглъ|помоглъ
ми|мі
се|се
бо|бо
малы|малъі
въспрꙗнѹвъ|въспрꙗноувъ
ѿ|от
ѹжасти|оужасті
начахъ|начахъ
прилѣжьно|прілѣжьно
б҃а|б҃а
молити|моліті
и|і
часто|часто
поклониѥ|поклоніе
колѣномъ|колѣномъ
творити|творіті
и|і
тако|тако
ѿбеже|отбеже
отъ|отъ
мене|мене
страхъ|страхъ
тъ|тъ
ꙗко|ꙗко
же|же
отъ|отъ
того|того
часа|часа
не|не
боꙗти|боꙗті
ми|мі
сꙗ|сꙗ
ихъ|іхъ
аще|аще
предъ|предъ
очима|очіма
моима|моіма
ꙗвлꙗхѹть|ꙗвлꙗхоуть
ми|мі
сѧ|сѧ
къ|къ
симъ|сімъ
же|же
и|і
ина|іна
многа|многа
словеса|словеса
гл҃ааше|гл҃ааше
крѣпꙗ|крѣпꙗ
ѧ|ѧ
на|на
зълыꙗ|зълъіꙗ
дѹхы|доухъі
и|і
тако|тако
ѿпѹщааше|отпоущааше
ꙗ|ꙗ
радѹюща|радоующа
сꙗ|сꙗ
и|і
славꙗ|славꙗ
бога|бога
о|о
таковѣмь|таковѣмь
наказании|наказаніі
доблꙗаго|доблꙗаго
наставьника|наставьніка
и|і
ѹчителꙗ|оучітелꙗ
ихъ|іхъ
и|і
се|се
исповѣда|ісповѣда
ми|мі
ѥдинъ|едінъ
отъ|отъ
братиꙗ|братіꙗ
именьмь|іменьмь
илариѡнъ|іларіонъ
гл҃ѧ|гл҃ѧ
ꙗко|ꙗко
многѹ|многоу
ми|мі
пакость|пакость
творꙗхѹ|творꙗхоу
въ|въ
келии|келіі
зълии|зъліі
бѣси|бѣсі
ѥгда|егда
бо|бо
ѥмѹ|емоу
легъшю|легъшоу
на|на
ложи|ложі
своѥмь|своемь
и|і
се|се
множьство|множьство
бѣсовъ|бѣсовъ
пришьдъше|прішьдъше
и|і
за|за
власы|власъі
имъше|імъше
и|і
и|і
тако|тако
пьхающе|пьхающе
влачахѹти|влачахоуті
и|і
и|і
дрѹзии|дроузіі
же|же
стѣнѹ|стѣноу
подъимъше|подъімъше
гл҃аахѹ|гл҃аахоу
сѣмо|сѣмо
да|да
влеченъ|влеченъ
бѹдеть|боудеть
ꙗко|ꙗко
стѣною|стѣною
подавленъ|подавленъ
и|і
тако|тако
по|по
всꙗ|всꙗ
нощи|нощі
творꙗхѹть|творꙗхоуть
ѥмѹ|емоу
и|і
ѹже|оуже
не|не
могыи|могъіі
тьрпѣти|тьрпѣті
шедъ|шедъ
съповѣда|съповѣда
прп҃дбьнѹмѹ|прп҃дбьноумоу
оц҃ю|оц҃ю
ѳеѡдосию|ѳеодосію
пакость|пакость
бѣсовьскѹю|бѣсовьскоую
и|і
хотꙗ|хотꙗ
отъити|отъіті
отъ|отъ
мѣста|мѣста
того|того
въ|въ
инѹ|іноу
келию|келію
тоже|тоже
бл҃женыи|бл҃женъіі
молѧшети|молѧшеті
и|і
глаголꙗ|глаголꙗ
ни|ні
брате|брате
не|не
ѿходи|отході
отъ|отъ
мѣста|мѣста
того|того
да|да
не|не
коко|коко
похвалꙗть|похвалꙗть
сѧ|сѧ
тобою|тобою
злии|зліі
дѹси|доусі
ꙗко|ꙗко
побѣдивъше|побѣдівъше
тꙗ|тꙗ
и|і
бѣдѹ|бѣдоу
на|на
тѧ|тѧ
створьше|створьше
ѿтолѣ|оттолѣ
пакы|пакъі
больше|больше
зъло|зъло
начьнѹт|начьноут
ти|ті
твори|творі
ꙗко|ꙗко
власть|власть
приимъше|пріімъше
на|на
тѧ|тѧ
нъ|нъ
се|се
да|да
молиши|моліші
сꙗ|сꙗ
б҃ѹ|б҃оу
въ|въ
келии|келіі
своѥи|своеі
да|да
и|і
бъ҃|бъ҃
видꙗ|відꙗ
твоѥ|твое
трьпѣниѥ|трьпѣніе
подасть|подасть
ти|ті
побѣдѹ|побѣдоу
на|на
нꙗ|нꙗ
ѧко|ѧко
же|же
не|не
съмѣти|съмѣті
имъ|імъ
ни|ні
приближити|прібліжіті
сѧ|сѧ
къ|къ
тебе|тебе
ѡнъ|онъ
же|же
пакы|пакъі
гл҃аше|гл҃аше
ѥмѹ|емоу
молю|молю
ти|ті
сѧ|сѧ
оч҃е|оч҃е
ꙗко|ꙗко
ѿселѣ|отселѣ
не|не
могѹ|могоу
пребывати|пребъіваті
въ|въ
келии|келіі
множьства|множьства
ради|раді
живѹщихъ|жівоущіхъ
бѣсовъ|бѣсовъ
въ|въ
неи|неі
тъгда|тъгда
же|же
бл҃женыи|бл҃женъіі
прекр҃стивы|прекр҃стівъі
и|і
таче|таче
гл҃а|гл҃а
ѥмѹ|емоу
иди|іді
и|і
бѹди|боуді
въ|въ
келии|келіі
своѥи|своеі
и|і
ѿселѣ|отселѣ
не|не
имѹть|імоуть
ти|ті
никоѥꙗ же|нікоеꙗже
пакости|пакості
створити|створіті
лѹкавии|лоукавіі
бѣси|бѣсі
не|не
бо|бо
видѣти|відѣті
ихъ|іхъ
имаши|імаші
онъ|онъ
же|же
вѣрѹ|вѣроу
имъ|імъ
и|і
поклонивъ|поклонівъ
сѧ|сѧ
ст҃ѹѹмѹ|ст҃оуоумоу
отъиде|отъіде
и|і
тако|тако
въ|въ
тѹ|тоу
нощь|нощь
легъ|легъ
въ|въ
келии|келіі
своѥи|своеі
съпа|съпа
сладъко|сладъко
и|і
отътолѣ|отътолѣ
проныривии|пронъірівіі
бѣси|бѣсі
не|не
съмѣша|съмѣша
ни|ні
приближити|прібліжіті
сꙗ|сꙗ
къ|къ
мѣстѹ|мѣстоу
томѹ|томоу
млт҃вами|млт҃вамі
бо|бо
прп҃дбнаго|прп҃дбнаго
оц҃а|оц҃а
нашего|нашего
ѳеѡдосиꙗ|ѳеодосіꙗ
отъгоними|отъгонімі
сѹще|соуще
и|і
бѣжаще|бѣжаще
ѿидоша|отідоша
и|і
се|се
пакы|пакъі
тъ|тъ
же|же
чьрньць|чьрньць
иларионъ|іларіонъ
съповѣда|съповѣда
ми|мі
бꙗше|бꙗше
бо|бо
и|і
книгамъ|кнігамъ
хытръ|хъітръ
псати|псаті
сии|сіі
по|по
всꙗ|всꙗ
дн҃и|дн҃і
и|і
нощи|нощі
писааше|пісааше
книгы|кнігъі
въ|въ
келии|келіі
ѹ|оу
блж҃енааго|блж҃енааго
оц҃а|оц҃а
нашего|нашего
ѳеѡдосиꙗ|ѳеодосіꙗ
ономѹ|ономоу
же|же
псалтырь|псалтъірь
ѹсты|оустъі
поющю|поющоу
тихо|тіхо
и|і
рѹкама|роукама
прꙗдѹща|прꙗдоуща
вълнѹ|вълноу
или|ілі
коѥ|кое
ино|іно
дѣло|дѣло
дѣлающа|дѣлающа
тако|тако
же|же
въ|въ
ѥдинъ|едінъ
вечеръ|вечеръ
дѣлающема|дѣлающема
има|іма
къжьдо|къжьдо
своѥ|свое
дѣло|дѣло
и|і
се|се
въниде|въніде
икономъ|ікономъ
гл҃ꙗ|гл҃ꙗ
блаженомѹ|блаженомоу
ꙗко|ꙗко
въ|въ
ѹтрии|оутріі
дн҃ь|дн҃ь
не|не
имамъ|імамъ
кѹпити|коупіті
ѥже|еже
на|на
ꙗдь|ꙗдь
братии|братіі
и|і
на|на
инѹ|іноу
потребѹ|потребоу
тоже|тоже
бл҃женыи|бл҃женъіі
гл҃а|гл҃а
ѥмѹ|емоу
се|се
ꙗкоже|ꙗкоже
видиши|відіші
ѹже|оуже
вечеръ|вечеръ
сѹщь|соущь
и|і
ѹтрьнии|оутрьніі
дн҃ь|дн҃ь
далече|далече
ѥсть|есть
тѣмь|тѣмь
же|же
иди|іді
и|і
потрьпи|потрьпі
мало|мало
молꙗ|молꙗ
сꙗ|сꙗ
бѹ҃|боу҃
некъли|некълі
тъ|тъ
помилѹѥть|помілоуеть
ны|нъі
и|і
попечеть|попечеть
сꙗ|сꙗ
о|о
насъ|насъ
ꙗкоже|ꙗкоже
самъ|самъ
хощеть|хощеть
и|і
то|то
слышавъ|слъішавъ
икономъ|ікономъ
отъиде|отъіде
таче|таче
шедъ|шедъ
блж҃еныи|блж҃енъіі
иде|іде
въ|въ
келию|келію
свою|свою
пѣтъ|пѣтъ
по|по
обычаю|объічаю
ѡба|оба
на|на
десѧте|десѧте
псалма|псалма
тако|тако
же|же
и|і
по|по
мл҃твѣ|мл҃твѣ
шьдъ|шьдъ
сѣде|сѣде
дѣлаꙗ|дѣлаꙗ
дѣло|дѣло
своѥ|свое
и|і
се|се
пакы|пакъі
въниде|въніде
икономъ|ікономъ
то же|тоже
гл҃ꙗ|гл҃ꙗ
тъгда|тъгда
ѿвѣща|отвѣща
ѥмȣ|емоу
блж҃еныи|блж҃енъіі
рѣхъ|рѣхъ
ти|ті
иди|іді
и|і
помоли|помолі
сꙗ|сꙗ
богѹ|богоу
въ|въ
ѹтрии|оутріі
дн҃ь|дн҃ь
шедъ|шедъ
въ|въ
градъ|градъ
и|і
ѹ|оу
продающиихъ|продающііхъ
да|да
възьмеши|възьмеші
въ|въ
заимъ|заімъ
иже|іже
ти|ті
на|на
потребѹ|потребоу
братии|братіі
и|і
послѣдь|послѣдь
ѥгда|егда
богодѣꙗвъшюѹмѹ|богодѣꙗвъшоуоумоу
б҃ѹ|б҃оу
ѿдамы|отдамъі
дългъ|дългъ
ѿ|от
бога|бога
таче|таче
вѣрьнъ|вѣрьнъ
ѥсть|есть
гл҃ꙗи|гл҃ꙗі
не|не
пьцѣте|пьцѣте
сѧ|сѧ
ѹтрѣишимь|оутрѣішімь
и|і
тъ|тъ
не|не
имать|імать
насъ|насъ
оставити|оставіті
таче|таче
ѿшедъшю|отшедъшоу
икономѹ|ікономоу
и|і
се|се
вълезе|вълезе
свѣтьлъ|свѣтьлъ
отрокъ|отрокъ
въ|въ
воиньстѣи|воіньстѣі
одении|оденіі
и|і
поклонивъ|поклонівъ
сꙗ|сꙗ
и|і
ничьсоже|нічьсоже
рекыи|рекъіі
и|і
положивъ|положівъ
же|же
на|на
стълпѣ|стълпѣ
гривьнѹ|грівьноу
злата|злата
и|і
тако|тако
пакы|пакъі
мълча|мълча
излезе|ізлезе
вънъ|вънъ
тъгда|тъгда
же|же
въставъ|въставъ
блж҃еныи|блж҃енъіі
и|і
възьмъ|възьмъ
злато|злато
и|і
съ|съ
сльзами|сльзамі
помоли|помолі
сꙗ|сꙗ
въ|въ
ѹмѣ|оумѣ
своѥмь|своемь
таче|таче
вратарѧ|вратарѧ
възъвавъ|възъвавъ
пыташе|пъіташе
и|і
еда|еда
къто|къто
къ|къ
воротомъ|воротомъ
приходи|пріході
въ|въ
сию|сію
нощь|нощь
онъ|онъ
же|же
съ|съ
клꙗтвою|клꙗтвою
извѣща|ізвѣща
сѧ|сѧ
ꙗко|ꙗко
и|і
ѥще|еще
свѣтѣ|свѣтѣ
затвореномъ|затвореномъ
сѹщемъ|соущемъ
воротомъ|воротомъ
и|і
ѿтолѣ|оттолѣ
нѣсмь|нѣсмь
ихъ|іхъ
ѿврьзалъ|отврьзалъ
и|і
никтоже|ніктоже
приходилъ|пріходілъ
къ|къ
нимъ|німъ
тъгда|тъгда
же|же
блж҃еныи|блж҃енъіі
призвавъ|прізвавъ
иконома|іконома
подасть|подасть
ѥмѹ|емоу
гривьнѹ|грівьноу
злата|злата
гл҃ꙗ|гл҃ꙗ
чьто|чьто
гл҃еши|гл҃еші
брате|брате
анастасе|анастасе
ꙗко|ꙗко
не|не
имамъ|імамъ
чимь|чімь
кѹпити|коупіті
братии|братіі
требованиꙗ|требованіꙗ
нъ|нъ
сице|сіце
шьдъ|шьдъ
кѹпи|коупі
ѥже|еже
на|на
потребѹ|потребоу
братии|братіі
въ|въ
ѹтрѣи|оутрѣі
же|же
пакы|пакъі
дн҃ь|дн҃ь
бъ҃|бъ҃
да|да
попечеть|попечеть
сѧ|сѧ
нами|намі
тъгда|тъгда
же|же
икономъ|ікономъ
разѹмѣвъ|разоумѣвъ
падъ|падъ
поклони|поклоні
сꙗ|сꙗ
ѥмѹ|емоу
бл҃женыи|бл҃женъіі
же|же
ѹчааше|оучааше
и|і
гл҃ꙗ|гл҃ꙗ
николи же|ніколіже
не|не
отъчаи|отъчаі
сꙗ|сꙗ
нъ|нъ
въ|въ
времꙗ|времꙗ
крѣпѧ|крѣпѧ
сꙗ|сꙗ
вьсю|вьсю
печаль|печаль
свою|свою
възвьрзи|възвьрзі
къ|къ
богѹ|богоу
ꙗко|ꙗко
тъ|тъ
попечеть|попечеть
сꙗ|сꙗ
нами|намі
ꙗкоже|ꙗкоже
хощеть|хощеть
и|і
сътвориши|сътворіші
братии|братіі
праздьникъ|праздьнікъ
великъ|велікъ
днь҃с|днь҃с
б҃ъ|б҃ъ
же|же
пакы|пакъі
не скѹдьно|нескоудьно
подавааше|подавааше
ѥмѹ|емоу
ѥже|еже
на|на
потребѹ|потребоу
бж҃ествьнѹѹмѹ|бж҃ествьноуоумоу
томѹ|томоу
стадѹ|стадоу
блж҃еныи|блж҃енъіі
же|же
ѡ|о
сихъ|сіхъ
всѣхъ|всѣхъ
по|по
всꙗ|всꙗ
нощи|нощі
бе|бе
съна|съна
пребываше|пребъіваше
молꙗ|молꙗ
cꙗ|сꙗ
б҃а|б҃а
съ|съ
плачьмь|плачьмь
и|і
часто|часто
къ|къ
земли|землі
колѣнѣ|колѣнѣ
прекланꙗꙗ|прекланꙗꙗ
ѧкоже|ѧкоже
и|і
многашьды|многашьдъі
слышаша|слъішаша
цр҃квьнии|цр҃квьніі
строителе|строітеле
вънегда|вънегда
бо|бо
годъ|годъ
бѹдꙗше|боудꙗше
заѹтрьнюмѹ|заоутрьнюмоу
пѣнию|пѣнію
и|і
онѣмъ|онѣмъ
хотꙗщемъ|хотꙗщемъ
бл҃гословлениѥ|бл҃гословленіе
възѧти|възѧті
отъ|отъ
него|него
и|і
ѥдинъ|едінъ
отъ|отъ
нихъ|ніхъ
тихы|тіхъі
шедъ|шедъ
и|і
ставъ|ставъ
послѹшааше|послоушааше
ти|ті
слышашети|слъішашеті
и|і
молꙗща|молꙗща
сꙗ|сꙗ
и|і
вельми|вельмі
плачюща|плачоуща
сꙗ|сꙗ
и|і
главою|главою
часто|часто
о|о
землю|землю
биюща|біюща
таче|таче
мало|мало
отъстѹпивъ|отъстоупівъ
и|і
се|се
начьнꙗше|начьнꙗше
рамꙗно|рамꙗно
шьствовати|шьствоваті
и|і
ꙗкоже|ꙗкоже
слышааше|слъішааше
тѹтънъ|тоутънъ
ѹмълкънꙗше|оумълкънꙗше
творꙗ|творꙗ
сꙗ|сꙗ
ѥже|еже
мнѣти|мнѣті
ономѹ|ономоу
ꙗко|ꙗко
съпить|съпіть
ономѹ|ономоу
же|же
тълъкнѹвъшю|тълъкноувъшоу
и|і
рекъшю|рекъшоу
бл҃гословести|бл҃гословесті
оч҃е|оч҃е
бл҃женыи|бл҃женъіі
же|же
мълчаше|мълчаше
ꙗкоже|ꙗкоже
ономѹ|ономоу
до|до
трии|тріі
кратъ|кратъ
сице|сіце
тълкънѹвъшю|тълкъноувъшоу
и|і
гл҃авъшю|гл҃авъшоу
бл҃сви|бл҃сві
оч҃е|оч҃е
тоже|тоже
сии|сіі
ꙗко|ꙗко
ѿ|от
съна|съна
въспрꙗнѹвъ|въспрꙗноувъ
гл҃ааше|гл҃ааше
г҃ь|г҃ь
нашь|нашь
і҃с|і҃с
хс҃ъ|хс҃ъ
да|да
бл҃гословить|бл҃гословіть
тꙗ|тꙗ
чадо|чадо
и|і
тако|тако
же|же
пакы|пакъі
преже|преже
всѣхъ|всѣхъ
обрѣтааше|обрѣтааше
сꙗ|сꙗ
въ|въ
цр҃кви|цр҃кві
сице|сіце
же|же
пакы|пакъі
по|по
всꙗ|всꙗ
нощи|нощі
съповѣдахѹти|съповѣдахоуті
и|і
творꙗща|творꙗща
и|і
бѣ|бѣ
въ|въ
манастыри|манастъірі
ѥго|его
ѥдинъ|едінъ
нѣкто|нѣкто
чьрноризьць|чьрнорізьць
санъмь|санъмь
прозвутеръ|прозвутеръ
имьньмь|імьньмь
дамианъ|даміанъ
иже|іже
рьвьниѥ|рьвьніе
подражааше|подражааше
житию|жітію
и|і
съмѣрению|съмѣренію
прп҃дбнааго|прп҃дбнааго
своѥго|своего
оц҃а|оц҃а
ѳеѡдосиꙗ|ѳеодосіꙗ
о|о
немьже|немьже
мнози|мнозі
съвѣдѣтельствѹють|съвѣдѣтельствоують
о|о
добрѣмь|добрѣмь
ѥго|его
съмѣрении|съмѣреніі
и|і
и|і
житии|жітіі
и|і
послѹщании|послоущаніі
и|і
ѥже|еже
къ|къ
вьсѣмъ|вьсѣмъ
покорениѥ|покореніе
сътꙗжа|сътꙗжа
наипаче|наіпаче
же|же
бывъшеи|бъівъшеі
съ|съ
тѣмь|тѣмь
въ|въ
келии|келіі
ти|ті
видѣвъше|відѣвъше
кротость|кротость
ѥго|его
и|і
несъпаниѥ|несъпаніе
по|по
всꙗ|всꙗ
нощи|нощі
и|і
почитающа|почітающа
съ|съ
прилежаниѥмь|прілежаніемь
ст҃ыꙗ|ст҃ъіꙗ
книгы|кнігъі
и|і
ѹчастꙗща|оучастꙗща
пакы|пакъі
на|на
мл҃твѹ|мл҃твоу
сии|сіі
же|же
ина|іна
многа|многа
съповѣдахѹ|съповѣдахоу
ѡ|о
мѹжи|моужі
томь|томь
томѹ|томоу
же|же
нѣколи|нѣколі
болꙗщю|болꙗщоу
и|і
при|прі
коньци|коньці
ѹже|оуже
сыи|съіі
молꙗше|молꙗше
сꙗ|сꙗ
богѹ|богоу
съ|съ
сльзами|сльзамі
гл҃ꙗ|гл҃ꙗ
г҃и|г҃і
мои|моі
іс҃|іс҃
хе҃|хе҃
съподоби|съподобі
мꙗ|мꙗ
съобьщникѹ|съобьщнікоу
быти|бъіті
славы|славъі
ст҃ыихъ|ст҃ъііхъ
твоихъ|твоіхъ
и|і
съ|съ
тѣми|тѣмі
причастити|прічастіті
сꙗ|сꙗ
цр҃ствию|цр҃ствію
твоѥмѹ|твоемоу
и|і
не|не
ѿлѹчи|отлоучі
мене|мене
молю|молю
ти|ті
сꙗ|сꙗ
влд҃ко|влд҃ко
оц҃а|оц҃а
и|і
наставьника|наставьніка
моѥго|моего
пр҃пбнааго|пр҃пбнааго
ѳеѡдосиꙗ|ѳеодосіꙗ
нъ|нъ
съ|съ
тѣмь|тѣмь
ѹбо|оубо
причьти|прічьті
мꙗ|мꙗ
въ|въ
свѣтѣ|свѣтѣ
томь|томь
ѥже|еже
ѥси|есі
ѹготовалъ|оуготовалъ
правьдьникомъ|правьдьнікомъ
сице|сіце
же|же
ѥмѹ|емоу
пребывающю|пребъівающоу
и|і
молꙗщю|молꙗщоу
сꙗ|сꙗ
и|і
се|се
вънезаапѹ|вънезаапоу
предъста|предъста
ѹ|оу
ѡдра|одра
ѥго|его
бл҃женыи|бл҃женъіі
ѳеѡдосии|ѳеодосіі
иже|іже
и|і
падъ|падъ
на|на
пьрсьхъ|пьрсьхъ
ѥго|его
и|і
любьзно|любьзно
цѣлѹꙗ|цѣлоуꙗ
и|і
гл҃ааше|гл҃ааше
к|к
немѹ|немоу
се|се
ѡ|о
чадо|чадо
ѡ|о
немьже|немьже
моли|молі
сꙗ|сꙗ
гв҃и|гв҃і
се|се
нынѣ|нъінѣ
посла|посла
мѧ|мѧ
извѣстити|ізвѣстіті
ти|ті
ꙗко|ꙗко
сице|сіце
по|по
прошению|прошенію
твоѥмѹ|твоемоу
бѹдеть|боудеть
ти|ті
и|і
съ|съ
ст҃ыми|ст҃ъімі
причьтенъ|прічьтенъ
бѹдеши|боудеші
и|і
съ|съ
тѣмь|тѣмь
въ|въ
цр҃ствии|цр҃ствіі
ѹ|оу
нб҃снааго|нб҃снааго
влд҃кы|влд҃къі
обьщьникъ|обьщьнікъ
бѹдеши|боудеші
и|і
ѥгда|егда
пакы|пакъі
г҃ь|г҃ь
бъ҃|бъ҃
повелить|повеліть
ми|мі
отъ|отъ
свѣта|свѣта
сего|сего
преставити|преставіті
сꙗ|сꙗ
и|і
приити|прііті
ми|мі
къ|къ
тебе|тебе
и|і
тъгда|тъгда
не|не
имавѣ|імавѣ
разлѹчити|разлоучіті
сꙗ|сꙗ
ѿ|от
себе|себе
нъ|нъ
въкѹпѣ|въкоупѣ
бѹдевѣ|боудевѣ
въ|въ
свѣтѣ|свѣтѣ
ономь|ономь
и|і
се|се
рекъ|рекъ
невидимъ|невідімъ
бысть|бъість
от|от
него|него
тъгда|тъгда
же|же
тъ|тъ
разѹмѣвъ|разоумѣвъ
ꙗко|ꙗко
ꙗвлениѥ|ꙗвленіе
ѿ|от
б҃а|б҃а
бысть|бъість
ѥмѹ|емоу
не|не
бо|бо
ѥго|его
видѣ|відѣ
двьрьми|двьрьмі
излѣзъша|ізлѣзъша
ни|ні
пакы|пакъі
двьрми|двьрмі
вълѣзъша|вълѣзъша
нъ|нъ
на|на
немьже|немьже
мѣстѣ|мѣстѣ
ꙗвивъ|ꙗвівъ
сꙗ|сꙗ
на|на
томь же|томьже
пакы|пакъі
и|і
невидимъ|невідімъ
бысть|бъість
и|і
въскорѣ|въскорѣ
же|же
пригласивъ|прігласівъ
слѹжащааго|слоужащааго
ѥмѹ|емоу
и|і
пославъ|пославъ
по|по
бл҃женааго|бл҃женааго
ѳеѡдосиꙗ|ѳеодосіꙗ
томѹ|томоу
же|же
въскорѣ|въскорѣ
пришедъшю|прішедъшоу
и|і
гл҃а|гл҃а
ѥмѹ|емоу
онъ|онъ
веселъмь|веселъмь
лицьмь|ліцьмь
се|се
ѡч҃е|оч҃е
бѹде|боуде
ли|лі
тако|тако
ꙗкоже|ꙗкоже
нынѣ|нъінѣ
ꙗвивъ|ꙗвівъ
сѧ|сѧ
обѣща|обѣща
ми|мі
сꙗ|сꙗ
блж҃еныи|блж҃енъіі
же|же
ꙗко|ꙗко
не|не
вѣдыи|вѣдъіі
того|того
ѿвѣща|отвѣща
ни|ні
чадо|чадо
ꙗко|ꙗко
не|не
вѣмь|вѣмь
того|того
ѥже|еже
глаголеши|глаголеші
обѣщаниѥ|обѣщаніе
тъгда|тъгда
же|же
съповѣда|съповѣда
ѥмѹ|емоу
како|како
моли|молі
сꙗ|сꙗ
и|і
како|како
ꙗви|ꙗві
сꙗ|сꙗ
ѥмѹ|емоу
тъ|тъ
самъ|самъ
пр҃пбьныи|пр҃пбьнъіі
то|то
же|же
ѹслышавъ|оуслъішавъ
бо҃дъхновеныи|бо҃дъхновенъіі
оц҃ь|оц҃ь
нашь|нашь
ѳеѡдосии|ѳеодосіі
осклабивъ|осклабівъ
сꙗ|сꙗ
лицьмь|ліцьмь
и|і
мало|мало
просльзивъ|просльзівъ
сꙗ|сꙗ
томѹ|томоу
еи|еі
чадо|чадо
бѹдеть|боудеть
ти|ті
ꙗкоже|ꙗкоже
ти|ті
сꙗ|сꙗ
обѣща|обѣща
ан҃глъ|ан҃глъ
ꙗвивъ|ꙗвівъ
сꙗ|сꙗ
въ|въ
образѣ|образѣ
моѥмь|моемь
азъ|азъ
же|же
грѣшьныи|грѣшьнъіі
како|како
могѹ|могоу
обьщьникъ|обьщьнікъ
быти|бъіті
славы|славъі
оноꙗ|оноꙗ
ѥже|еже
ѹготована|оуготована
ѥсть|есть
правьдьникомъ|правьдьнікомъ
обаче|обаче
онъ|онъ
слышавъ|слъішавъ
обѣщаниѥ|обѣщаніе
радъ|радъ
бысть|бъість
и|і
тако|тако
братии|братіі
малѹ|малоу
събьравъшю|събьравъшоу
сꙗ|сꙗ
цѣлова|цѣлова
вьсꙗ|вьсꙗ
и|і
сице|сіце
съ|съ
миръмь|міръмь
предасть|предасть
въ|въ
рѹцѣ|роуцѣ
дш҃ю|дш҃ю
пришедъшимъ|прішедъшімъ
по|по
нь|нь
ан҃глмъ|ан҃глмъ
тъгда|тъгда
бл҃женыи|бл҃женъіі
повелѣ|повелѣ
ѹдарити|оударіті
въ|въ
било|біло
да|да
съберѹть|събероуть
сѧ|сѧ
братиꙗ|братіꙗ
и|і
тако|тако
съ|съ
лѣпотьною|лѣпотьною
чьстию|чьстію
и|і
съ|съ
пѣниѥмь|пѣніемь
погребоша|погребоша
чьстьноѥ|чьстьное
тѣло|тѣло
ѥго|его
идеже|ідеже
и|і
всю|всю
братию|братію
погрѣбахѹ|погрѣбахоу
по|по
сихъ|сіхъ
же|же
множащи|множащі
сѧ|сѧ
братии|братіі
и|і
нѹжа|ноужа
быс҃|бъіс҃
славьномѹ|славьномоу
оц҃ю|оц҃ю
нашемѹ|нашемоу
ѳеѡдосию|ѳеодосію
распространити|распространіті
манастырь|манастъірь
на|на
поставлениѥ|поставленіе
келии|келіі
множьства|множьства
ради|раді
приходꙗщихъ|пріходꙗщіхъ
и|і
бывающимъ|бъівающімъ
мнихомъ|мніхомъ
и|і
бѣ|бѣ
самъ|самъ
съ|съ
братиѥю|братіею
дѣлаꙗ|дѣлаꙗ
и|і
городꙗ|городꙗ
дворъ|дворъ
манастырьскыи|манастъірьскъіі
и|і
се|се
же|же
разграженѹ|разграженоу
бывъшю|бъівъшоу
манастырю|манастъірю
и|і
ѡнѣмъ|онѣмъ
не|не
стрѣгѹщемъ|стрѣгоущемъ
сѧ|сѧ
и|і
се|се
въ|въ
ѥдинѹ|едіноу
нощь|нощь
тьмѣ|тьмѣ
сѹщи|соущі
велицѣ|веліцѣ
приидоша|пріідоша
на|на
нꙗ|нꙗ
разбоиници|разбоініці
гл҃аахѹ|гл҃аахоу
ꙗко|ꙗко
въ|въ
полатахъ|полатахъ
цр҃квьныихъ|цр҃квьнъііхъ
тѹ|тоу
ѥсть|есть
имѣниѥ|імѣніе
ихъ|іхъ
съкръвено|съкръвено
да|да
того|того
ради|раді
не|не
идоша|ідоша
ни|ні
къ|къ
одинои|одіноі
же|же
келии|келіі
нъ|нъ
ц҃ркви|ц҃ркві
ѹстрьмиша|оустрьміша
сꙗ|сꙗ
и|і
се|се
ѹслышаша|оуслъішаша
гласъ|гласъ
поющихъ|поющіхъ
въ|въ
цр҃кви|цр҃кві
си|сі
же|же
мьнѣвъше|мьнѣвъше
ꙗко|ꙗко
братии|братіі
павечернꙗꙗ|павечернꙗꙗ
мл҃твы|мл҃твъі
поющїмъ|поющімъ
отъидоша|отъідоша
и|і
мало|мало
помьдливъше|помьдлівъше
въ|въ
лѣсѣ|лѣсѣ
таче|таче
мьнѣша|мьнѣша
ꙗко|ꙗко
ѹже|оуже
коньчанѹ|коньчаноу
быти|бъіті
пѣнию|пѣнію
пакы|пакъі
придоша|прідоша
къ|къ
цр҃кви|цр҃кві
и|і
се|се
ѹслышаша|оуслъішаша
тъ же|тъже
гл҃ас|гл҃ас
и|і
видѣша|відѣша
свѣтъ|свѣтъ
пречюдьнъ|пречоудьнъ
въ|въ
црк҃ви|црк҃ві
сѹщь|соущь
и|і
блг҃оѹханиѥ|блг҃ооуханіе
исхожаше|ісхожаше
отъ|отъ
цр҃кве|цр҃кве
анг҃ли|анг҃лі
бо|бо
бѣша|бѣша
поюще|поюще
въ|въ
неи|неі
ѡнѣмъ|онѣмъ
мнꙗщемъ|мнꙗщемъ
ꙗко|ꙗко
братии|братіі
полѹнощьноѥ|полоунощьное
пѣниѥ|пѣніе
съвьрьшающемъ|съвьрьшающемъ
и|і
тако|тако
пакы|пакъі
ѿидоша|отідоша
чающе|чающе
донъдеже|донъдеже
сии|сіі
съконьчають|съконьчають
пѣниѥ|пѣніе
и|і
тъгда|тъгда
въшьдъше|въшьдъше
въ|въ
цр҃къвь|цр҃къвь
поѥмлють|поемлють
вьсѧ|вьсѧ
сѹщаꙗ|соущаꙗ
въ|въ
и|і
и|і
тако|тако
многашьды|многашьдъі
приходѧщемъ|пріходѧщемъ
имъ|імъ
и|і
тъ|тъ
гл҃ас|гл҃ас
аньгельскыи|аньгельскъіі
слышащемъ|слъішащемъ
и|і
се|се
годъ|годъ
бысть|бъість
ѹтрьнюѹмѹ|оутрьнюоумоу
пѣнию|пѣнію
и|і
пономонареви|пономонареві
биющю|біющоу
въ|въ
било|біло
тоже|тоже
они|оні
отъшьдъше|отъшьдъше
мало|мало
въ|въ
лѣсъ|лѣсъ
и|і
сѣдъше|сѣдъше
гл҃аахѹ|гл҃аахоу
чьто|чьто
сътворимъ|сътворімъ
се|се
бо|бо
мьнить|мьніть
сѧ|сѧ
намъ|намъ
привидѣниѥ|прівідѣніе
бысть|бъість
въ|въ
цр҃кви|цр҃кві
нъ|нъ
се|се
да|да
ѥгда|егда
съберѹть|събероуть
сѧ|сѧ
вьси|вьсі
въ|въ
цр҃квь|цр҃квь
тъгда|тъгда
шьдъше|шьдъше
и|і
ѿ|от
двьрии|двьріі
застѹпивъше|застоупівъше
вьсѧ|вьсѧ
ꙗ|ꙗ
погѹбимъ|погоубімъ
и|і
тако|тако
имѣниѥ|імѣніе
ихъ|іхъ
възьмемъ|възьмемъ
тоже|тоже
тако|тако
врагѹ|врагоу
на|на
то|то
ѡстрѧщю|острѧщоу
ꙗ|ꙗ
хотѧщю|хотѧщоу
тѣмъ|тѣмъ
оѥ|ое
то|то
стадо|стадо
искоренити|іскореніті
ѿ|от
мѣста|мѣста
того|того
нъ|нъ
обаче|обаче
ни|ні
тако|тако
възможе|възможе
нъ|нъ
обаче|обаче
самъ|самъ
ѿ|от
нихъ|ніхъ
побѣженъ|побѣженъ
бы҃с|бъі҃с
б҃ѹ|б҃оу
помагающю|помагающоу
молитвами|молітвамі
пр҃пдбьнааго|пр҃пдбьнааго
оц҃ѧ|оц҃ѧ
нашего|нашего
ѳеѡдосиꙗ|ѳеодосіꙗ
тъгда|тъгда
бо|бо
зълии|зъліі
ти|ті
человѣци|человѣці
мало|мало
помѹдивъше|помоудівъше
и|і
прп҃дбьнѹѹмѹ|прп҃дбьноуоумоу
томѹ|томоу
стадѹ|стадоу
въшю|въшоу
сѧ|сѧ
въ|въ
цр҃квь|цр҃квь
съ|съ
блаженыимь|блаженъіімь
наставьникъмь|наставьнікъмь
и|і
пастѹхъмь|пастоухъмь
своимь|своімь
ѳеѡдосиѥмь|ѳеодосіемь
и|і
поющемъ|поющемъ
ѹтрьнꙗꙗ|оутрьнꙗꙗ
псл҃мы|псл҃мъі
ѹстрьмиши|оустрьміші
сѧ|сѧ
на|на
нꙗ|нꙗ
акы|акъі
звѣриѥ|звѣріе
дивии|дівіі
таче|таче
ꙗко|ꙗко
придоша|прідоша
и|і
се|се
вънезаапѹ|вънезаапоу
чюдо|чоудо
бысть|бъість
страшьно|страшьно
отъ|отъ
землꙗ|землꙗ
бо|бо
възѧтъ|възѧтъ
сѧ|сѧ
цр҃кы|цр҃къі
и|і
съ|съ
сѹщиими|соущіімі
въ|въ
нѥи|неі
възиде|възіде
на|на
въздѹсѣ|въздоусѣ
ꙗко|ꙗко
не|не
мощи|мощі
имъ|імъ
дострѣлити|дострѣліті
ѥꙗ|еꙗ
сѹщеи|соущеі
же|же
въ|въ
цр҃кви|цр҃кві
съ|съ
блаженыимь|блаженъіімь
не|не
разѹмѣша|разоумѣша
ни|ні
чюша|чоуша
того|того
они|оні
же|же
видѣвъше|відѣвъше
чюдо|чоудо
се|се
ѹжасоша|оужасоша
сѧ|сѧ
и|і
трепетьни|трепетьні
бывъше|бъівъше
възвратиша|възвратіша
сѧ|сѧ
въ|въ
домъ|домъ
свои|своі
и|і
ѿтолѣ|оттолѣ
ѹмилиша|оуміліша
сѧ|сѧ
никомѹже|нікомоуже
зъла|зъла
сътворити|сътворіті
ꙗкоже|ꙗкоже
и|і
старѣишинѣ|старѣішінѣ
ихъ|іхъ
съ|съ
инѣми|інѣмі
трьми|трьмі
пришьдъшемъ|прішьдъшемъ
къ|къ
блаженомѹ|блаженомоу
ѳеѡдосию|ѳеодосію
покаꙗти|покаꙗті
сѧ|сѧ
того|того
и|і
исповѣдати|ісповѣдаті
ѥмѹ|емоу
бывъшеѥ|бъівъшее
блаженыи|блаженъіі
же|же
то|то
слышавъ|слъішавъ
прослави|прославі
б҃а|б҃а
сп҃съшааго|сп҃съшааго
ꙗ|ꙗ
ѿ|от
таковыꙗ|таковъіꙗ
съмьрьти|съмьрьті
онъ|онъ
же|же
поѹчивъ|пооучівъ
ꙗ|ꙗ
ѥже|еже
ѡ|о
сп҃сении|сп҃сеніі
дш҃и|дш҃і
и|і
тако|тако
ѿпѹсти|отпоусті
ꙗ|ꙗ
славѧща|славѧща
и|і
бл҃годарѧща|бл҃годарѧща
б҃а|б҃а
о|о
вьсѣхъ|вьсѣхъ
сихъ|сіхъ
сицево|сіцево
же|же
чюдо|чоудо
ѡ|о
цр҃кви|цр҃кві
тои|тоі
и|і
инъгда|інъгда
пакы|пакъі
видѣ|відѣ
ѥдинъ|едінъ
ѿ|от
болꙗръ|болꙗръ
хо҃любьцѧ|хо҃любьцѧ
изѧслава|ізѧслава
ꙗздѧщю|ꙗздѧщоу
томѹ|томоу
нѣколи|нѣколі
въ|въ
нощи|нощі
на|на
поли|полі
ꙗко|ꙗко
е҃і҃|е҃і҃
попьрищь|попьріщь
ѿ|от
манастырѧ|манастъірѧ
блаженааго|блаженааго
и|і
се|се
видѣ|відѣ
цр҃квь|цр҃квь
ѹ|оу
ѡблака|облака
сѹщȣ|соущоу
и|і
въ|въ
ѹжасти|оужасті
бывъ|бъівъ
погъна|погъна
съ|съ
отрокы|отрокъі
хотѧ|хотѧ
видѣти|відѣті
каꙗ|каꙗ
то|то
ѥсть|есть
цр҃кы|цр҃къі
и|і
се|се
ꙗко|ꙗко
доиде|доіде
манастырѧ|манастъірѧ
блаженааго|блаженааго
ѳеѡдосиꙗ|ѳеодосіꙗ
тъгда|тъгда
же|же
ѡномѹ|ономоу
зьрѧщю|зьрѧщоу
състѹпи|състоупі
цр҃кы|цр҃къі
и|і
ста|ста
на|на
своѥмь|своемь
мѣстѣ|мѣстѣ
ѡномȣ|ономоу
же|же
тълъкновъшю|тълъкновъшоу
въ|въ
врата|врата
и|і
вратарю|вратарю
ѿвьрьзъшю|отвьрьзъшоу
ѥмѹ|емоу
врата|врата
въниде|въніде
и|і
повѣда|повѣда
блаженомѹ|блаженомоу
бывъшеѥ|бъівъшее
и|і
ѿтолѣ|оттолѣ
часто|часто
приходѧше|пріходѧше
къ|къ
нѥмѹ|немоу
и|і
насыщаꙗ|насъіщаꙗ
сѧ|сѧ
ѿ|от
нѥго|него
дх҃овьныихъ|дх҃овьнъііхъ
тѣхъ|тѣхъ
словесъ|словесъ
подаваше|подаваше
же|же
и|і
ѿ|от
имѣниꙗ|імѣніꙗ
своѥго|своего
на|на
състроѥниѥ|състроеніе
манастырю|манастъірю
и|і
се|се
же|же
пакы|пакъі
инъ|інъ
болꙗринъ|болꙗрінъ
того же|тогоже
хо҃любьцѧ|хо҃любьцѧ
идыи|ідъіі
нѣколи|нѣколі
съ|съ
кнѧзьмь|кнѧзьмь
своимь|своімь
хо҃любьцьмь|хо҃любьцьмь
на|на
ратьныꙗ|ратьнъіꙗ
хотѧщемъ|хотѧщемъ
имъ|імъ
брань|брань
сътворити|сътворіті
обѣща|обѣща
сѧ|сѧ
въ|въ
ѹмѣ|оумѣ
своѥмь|своемь
гл҃ꙗ|гл҃ꙗ
ꙗко|ꙗко
аще|аще
възвращю|възвращоу
сѧ|сѧ
съдравъ|съдравъ
въ|въ
домъ|домъ
свои|своі
то|то
дамь|дамь
ст҃ѣи|ст҃ѣі
бц҃и|бц҃і
въ|въ
манастырь|манастъірь
блаженааго|блаженааго
ѳеодосиꙗ|ѳеодосіꙗ
в҃|в҃
гривьнѣ|грівьнѣ
золота|золота
ѥще|еще
же|же
и|і
на|на
иконѹ|іконоу
ст҃ыꙗ|ст҃ъіꙗ
б҃цѧ|б҃цѧ
вѣньць|вѣньць
ѡкѹю|окоую
таче|таче
бывъшю|бъівъшоу
сънѧтию|сънѧтію
и|і
многомъ|многомъ
ѿ|от
бою|бою
орѹжиѥмь|ороужіемь
падъшемъ|падъшемъ
послѣже|послѣже
побѣжени|побѣжені
бывъше|бъівъше
ратьнии|ратьніі
си|сі
же|же
сп҃сени|сп҃сені
възъвратиша|възъвратіша
сѧ|сѧ
въ|въ
домы|домъі
своꙗ|своꙗ
болꙗринъ|болꙗрінъ
же|же
за҃быс|за҃бъіс
ѥже|еже
дасть|дасть
ст҃ѣи|ст҃ѣі
бц҃и|бц҃і
и|і
се|се
по|по
дьньхъ|дьньхъ
цѣхъ|цѣхъ
съпѧщю|съпѧщоу
ѥмѹ|емоу
въ|въ
полѹдн҃е|полоудн҃е
въ|въ
храминѣ|храмінѣ
своѥи|своеі
и|і
се|се
приде|пріде
ѥмѹ|емоу
гл҃ас|гл҃ас
страшьнъ|страшьнъ
именьмь|іменьмь
того|того
зовѹщь|зовоущь
ѥго|его
клименте|кліменте
онъ|онъ
же|же
въспрѧнѹвъ|въспрѧноувъ
и|і
сѣде|сѣде
на|на
ложи|ложі
ти|ті
видѣ|відѣ
иконѹ|іконоу
ст҃ыꙗ|ст҃ъіꙗ
бц҃ѧ|бц҃ѧ
иже|іже
бѣ|бѣ
въ|въ
манастыри|манастъірі
блаженаго|блаженаго
прѣдъ|прѣдъ
одръмь|одръмь
ѥго|его
стоꙗщю|стоꙗщоу
и|і
гл҃ас|гл҃ас
ѿ|от
нѥꙗ|неꙗ
исхожааше|ісхожааше
сице|сіце
въ|въ
чьто|чьто
се|се
клименте|кліменте
ѥже|еже
обѣща|обѣща
ми|мі
сѧ|сѧ
дати|даті
и|і
нѣси|нѣсі
ми|мі
далъ|далъ
нъ|нъ
се|се
нынѣ|нъінѣ
гл҃ю|гл҃ю
ти|ті
потъщи|потъщі
сѧ|сѧ
съвьрьшити|съвьрьшіті
ѡбѣщаниѥ|обѣщаніе
свое|свое
си|сі
же|же
рекъши|рекъші
икона|ікона
ст҃ыꙗ|ст҃ъіꙗ
бц҃ѧ|бц҃ѧ
не|не
видима|відіма
бысть|бъість
ѿ|от
нѥго|него
тъгда|тъгда
же|же
болꙗринъ|болꙗрінъ
тъ|тъ
въ|въ
страсѣ|страсѣ
бывъ|бъівъ
таче|таче
възьмъ|възьмъ
имь же|імьже
бѣ|бѣ
ѡбѣщалъ|обѣщалъ
сѧ|сѧ
несъ|несъ
въ|въ
манастырь|манастъірь
блаженомѹ|блаженомоу
ѳеодосию|ѳеодосію
въдасть|въдасть
тако|тако
же|же
и|і
вѣньць|вѣньць
ст҃ыꙗ|ст҃ъіꙗ
бц҃ѧ|бц҃ѧ
на|на
иконѣ|іконѣ
окова|окова
и|і
се|се
же|же
пакы|пакъі
по|по
дн҃ьхъ|дн҃ьхъ
немнозѣхъ|немнозѣхъ
ѹмысли|оумъіслі
тъ же|тъже
болꙗринъ|болꙗрінъ
дати|даті
еваньгелиѥ|еваньгеліе
въ|въ
манастырь|манастъірь
блаженго|блаженго
таче|таче
ꙗко|ꙗко
приде|пріде
къ|къ
великѹѹмѹ|велікоуоумоу
ѳеодосию|ѳеодосію
въ|въ
манастырь|манастъірь
имыи|імъіі
подъ|подъ
пазѹхою|пазоухою
съкръвено|съкръвено
ст҃ое|ст҃ое
еван҃глиѥ|еван҃гліе
и|і
по|по
мл҃твѣ|мл҃твѣ
хотѧщема|хотѧщема
има|іма
сѣсти|сѣсті
ономѹ|ономоу
не|не
ѹ|оу
ѥще|еще
ꙗвивъшю|ꙗвівъшоу
еуанг҃лиꙗ|еуанг҃ліꙗ
гл҃а|гл҃а
томȣ|томоу
блаженыи|блаженъіі
пьрьвѣѥ|пьрьвѣе
брате|брате
клименте|кліменте
изнеси|ізнесі
си|сі
ст҃оѥ|ст҃ое
еуанг҃лиѥ|еуанг҃ліе
ѥже|еже
имаши|імаші
въ|въ
пазѹсѣ|пазоусѣ
своѥи|своеі
и|і
ѥже|еже
обѣщалъ|обѣщалъ
ѥси|есі
дати|даті
ст҃ѣи|ст҃ѣі
бц҃и|бц҃і
ти|ті
тъгда|тъгда
сѧдемъ|сѧдемъ
се|се
слышавъ|слъішавъ
онъ|онъ
ѹжасе|оужасе
сѧ|сѧ
ѡ|о
проповѣдании|проповѣданіі
прп҃дбьнааго|прп҃дбьнааго
не|не
бѣ|бѣ
бо|бо
никомȣже|нікомоуже
о|о
томь|томь
възвѣстилъ|възвѣстілъ
и|і
тако|тако
изнесъ|ізнесъ
ст҃оѥ|ст҃ое
то|то
еваньгелиѥ|еваньгеліе
въдасть|въдасть
блаженомѹ|блаженомоу
на|на
рѹцѣ|роуцѣ
и|і
тако|тако
сѣдъ|сѣдъ
и|і
дх҃овьныꙗ|дх҃овьнъіꙗ
тоꙗ|тоꙗ
бесѣды|бесѣдъі
насытивъ|насъітівъ
сѧ|сѧ
възврати|възвраті
сѧ|сѧ
въ|въ
домъ|домъ
свои|своі
и|і
ѿтолѣ|оттолѣ
великѹ|велікоу
любъвь|любъвь
имѧаше|імѧаше
къ|къ
блаженомѹ|блаженомоу
ѳеодосию|ѳеодосію
и|і
часто|часто
прихожааше|пріхожааше
къ|къ
нѥмѹ|немоу
и|і
великѹ|велікоу
пользѹ|пользоу
приимаше|пріімаше
ѿ|от
него|него
и|і
ѥгда|егда
же|же
сии|сіі
прихожаахѹ|пріхожаахоу
къ|къ
нѥмѹ|немоу
то|то
же|же
си|сі
и|і
тако|тако
по|по
бж҃ьствьнѣмь|бж҃ьствьнѣмь
томь|томь
ѹчении|оученіі
прѣдъставлꙗаше|прѣдъставлꙗаше
тѣмъ|тѣмъ
трѧпезѹ|трѧпезоу
ѿ|от
брашьнъ|брашьнъ
тѣхъ|тѣхъ
манастырьскыихъ|манастъірьскъііхъ
хлѣбъ|хлѣбъ
сочиво|сочіво
и|і
мало|мало
рыбъ|ръібъ
мъногашьды|мъногашьдъі
же|же
и|і
х҃олюбьцю|х҃олюбьцоу
изѧславѹ|ізѧславоу
и|і
таковыихъ|таковъііхъ
брашьнъ|брашьнъ
въкѹшающю|въкоушающоу
ꙗкоже|ꙗкоже
и|і
веселѧ|веселѧ
сѧ|сѧ
гл҃аше|гл҃аше
блаженомѹ|блаженомоу
ѳеѡдосию|ѳеодосію
се|се
ꙗкоже|ꙗкоже
вѣси|вѣсі
оч҃е|оч҃е
вьсѣхъ|вьсѣхъ
благыихъ|благъііхъ
мира|міра
сего|сего
испълъни|іспълъні
сѧ|сѧ
домъ|домъ
мои|моі
то|то
же|же
нѣсмь|нѣсмь
тако|тако
сладъка|сладъка
брашьна|брашьна
въкѹшалъ|въкоушалъ
ꙗкоже|ꙗкоже
нынѣ|нъінѣ
сьде|сьде
многашьды|многашьдъі
бо|бо
рабомъ|рабомъ
моимъ|моімъ
ѹстроившемъ|оустроівшемъ
различьнаꙗ|разлічьнаꙗ
и|і
многоцѣньнаꙗ|многоцѣньнаꙗ
брашьна|брашьна
ти|ті
не|не
сѹть|соуть
така|така
сладъка|сладъка
нъ|нъ
молю|молю
ти|ті
сѧ|сѧ
оч҃е|оч҃е
повѣжь|повѣжь
ми|мі
ѿкѹдѹ|откоудоу
ѥсть|есть
сладость|сладость
си|сі
въ|въ
брашьнѣ|брашьнѣ
вашемь|вашемь
тъгда|тъгда
же|же
бо҃дъхновеныи|бо҃дъхновенъіі
оц҃ь|оц҃ь
ѳеодосии|ѳеодосіі
хотѧ|хотѧ
ѹвѣрити|оувѣріті
того|того
на|на
любъвь|любъвь
божию|божію
гл҃а|гл҃а
емȣ|емоу
то|то
аще|аще
бл҃гыи|бл҃гъіі
вл҃дко|вл҃дко
сиꙗ|сіꙗ
ѹвѣдѣти|оувѣдѣті
хощеши|хощеші
послѹшаи|послоушаі
насъ|насъ
и|і
повѣдѣ|повѣдѣ
ти|ті
ѥгда|егда
бо|бо
братии|братіі
манастырѧ|манастъірѧ
сего|сего
хотѧщемъ|хотѧщемъ
варити|варіті
или|ілі
хлѣбы|хлѣбъі
пещи|пещі
или|ілі
кѹю|коую
инȣ|іноу
слѹжьбѹ|слоужьбоу
творити|творіті
тъгда|тъгда
же|же
пьрьвоѥ|пьрьвое
шьдъ|шьдъ
ѥдинъ|едінъ
ѿ|от
нихъ|ніхъ
възьметь|възьметь
бл҃гословление|бл҃гословленіе
отъ|отъ
игѹмена|ігоумена
таче|таче
по|по
сихъ|сіхъ
поклонить|поклоніть
сѧ|сѧ
прѣдъ|прѣдъ
ст҃ыимь|ст҃ъіімь
ѡлътарьмь|олътарьмь
три|трі
краты|кратъі
до|до
землꙗ|землꙗ
ти|ті
тако|тако
свѣщю|свѣщоу
въжьжеть|въжьжеть
ѿ|от
ст҃аго|ст҃аго
олътарѧ|олътарѧ
и|і
ѿ|от
того|того
огнь|огнь
възгнѣтить|възгнѣтіть
и|і
ѥгда|егда
пакы|пакъі
водѹ|водоу
въливаꙗ|въліваꙗ
въ|въ
котьлъ|котьлъ
гл҃еть|гл҃еть
старѣишинѣ|старѣішінѣ
блг҃сви|блг҃сві
ѡч҃е|оч҃е
и|і
ономѹ|ономоу
рекѹщю|рекоущоу
бъ҃|бъ҃
да|да
бл҃гословить|бл҃гословіть
тѧ|тѧ
брате|брате
и|і
тако|тако
вьсѧ|вьсѧ
слȣжьба|слоужьба
ихъ|іхъ
съ|съ
бл҃гословлениѥмь|бл҃гословленіемь
съвьрьшаѥть|съвьрьшаеть
сѧ|сѧ
твои|твоі
же|же
раби|рабі
и|і
ꙗоже|ꙗоже
рече|рече
дѣлають|дѣлають
сварѧще|сварѧще
сѧ|сѧ
и|і
шегающе|шегающе
иьнѹще|іьноуще
дрȣгъ|дроугъ
дрѹга|дроуга
многашьды|многашьдъі
же|же
и|і
биѥми|біемі
сѹть|соуть
ѿ|от
приставьникъ|пріставьнікъ
и|і
тако|тако
же|же
вьсѧ|вьсѧ
слѹжьба|слоужьба
ихъ|іхъ
съ|съ
грѣхъмь|грѣхъмь
сътварѧеть|сътварѧеть
сѧ|сѧ
то|то
же|же
слышавъ|слъішавъ
хо҃любьць|хо҃любьць
гл҃а|гл҃а
по|по
истинѣ|істінѣ
оч҃е|оч҃е
тако|тако
ѥсть|есть
ꙗкоже|ꙗкоже
гл҃а|гл҃а
а|а
иже|іже
пр҃пдбьныи|пр҃пдбьнъіі
оц҃ь|оц҃ь
нашь|нашь
ѳеѡдосии|ѳеодосіі
иже|іже
по|по
истинѣ|істінѣ
испълънѥнъ|іспълъненъ
дх҃а|дх҃а
ст҃ааго|ст҃ааго
тѣмь|тѣмь
же|же
и|і
божиꙗ|божіꙗ
таланта|таланта
ѹмъноживъ|оумъножівъ
иже|іже
населивъ|населівъ
мѣсто|мѣсто
множьствъмь|множьствъмь
чьрьноризьць|чьрьнорізьць
иже|іже
пѹсто|поусто
сѹще|соуще
манастырь|манастъірь
славьнъ|славьнъ
сътвори|сътворі
тѣмь|тѣмь
же|же
не|не
хотѧше|хотѧше
никако же|нікакоже
прилога|прілога
творити|творіті
въ|въ
немь|немь
нъ|нъ
бѣ|бѣ
вѣрою|вѣрою
и|і
надежею|надежею
къ|къ
б҃ѹ|б҃оу
въскланѧꙗ|въскланѧꙗ
сѧ|сѧ
ꙗкоже|ꙗкоже
паче|паче
не|не
имѣти|імѣті
ѹпованиꙗ|оупованіꙗ
неимѣниѥм|неімѣніем
тѣмь|тѣмь
же|же
и|і
тако|тако
сего|сего
ради|раді
многашьды|многашьдъі
хожаше|хожаше
по|по
келиꙗмъ|келіꙗмъ
ѹченикъ|оученікъ
своихъ|своіхъ
и|і
аще|аще
чьто|чьто
обрѧщааше|обрѧщааше
ѹ|оу
кого|кого
ли|лі
брашьно|брашьно
сънѣдьно|сънѣдьно
ли|лі
одежею|одежею
лише|ліше
ѹставьныꙗ|оуставьнъіꙗ
одежа|одежа
или|ілі
ѿ|от
имѣниꙗ|імѣніꙗ
чьто|чьто
сиꙗ|сіꙗ
възьмъ|възьмъ
въ|въ
пещь|пещь
въмѣташе|въмѣташе
ꙗкоже|ꙗкоже
вражию|вражію
часть|часть
сѹщю|соущоу
и|і
прѣслѹшаниѥ|прѣслоушаніе
грѣхѹ|грѣхоу
и|і
сице|сіце
же|же
гл҃аше|гл҃аше
имъ|імъ
нѣ҃с|нѣ҃с
лѣпо|лѣпо
намъ|намъ
братиѥ|братіе
мьнихомъ|мьніхомъ
сѹщемъ|соущемъ
и|і
ѿвьрьгъшемъ|отвьрьгъшемъ
сѧ|сѧ
мирьскыихъ|мірьскъііхъ
събьраниѥ|събьраніе
пакы|пакъі
творити|творіті
имѣнию|імѣнію
въ|въ
келию|келію
свою|свою
како|како
же|же
можемъ|можемъ
молитвѹ|молітвоу
чистѹ|чістоу
приносити|пріносіті
къ|къ
б҃ѹ|б҃оу
съкровища|съкровіща
имѣнию|імѣнію
дьрьжаще|дьрьжаще
въ|въ
келии|келіі
своѥи|своеі
о|о
семь|семь
слыша|слъіша
г҃а|г҃а
рекѹща|рекоуща
ꙗко|ꙗко
иде|іде
съкровища|съкровіща
ваша|ваша
тѹ|тоу
и|і
сьрьдьцѧ|сьрьдьцѧ
ваша|ваша
и|і
пакы|пакъі
ѡ|о
събирающиихъ|събірающііхъ
безѹмьне|безоумьне
въ|въ
сию|сію
нощь|нощь
дш҃ю|дш҃ю
твою|твою
изьмѹ|ізьмоу
а|а
ꙗже|ꙗже
събьра|събьра
комѹ|комоу
бѹдѹть|боудоуть
тѣмь|тѣмь
же|же
братиѥ|братіе
довъльни|довъльні
бѹдѣмъ|боудѣмъ
о|о
ѹставьныихъ|оуставьнъііхъ
одежахъ|одежахъ
нашихъ|нашіхъ
и|і
о|о
брашьнѣ|брашьнѣ
прѣдъложенѣмь|прѣдъложенѣмь
на|на
трѧпезьници|трѧпезьніці
ѿ|от
келарѧ|келарѧ
а|а
въ|въ
келии|келіі
ѿ|от
сицевыихъ|сіцевъііхъ
не|не
имѹще|імоуще
ничьтоже|нічьтоже
да|да
тако|тако
съ|съ
вьсѧкыимь|вьсѧкъіімь
ѹсьрьдиѥмь|оусьрьдіемь
и|і
вьсею|вьсею
мыслию|мъіслію
мл҃твѹ|мл҃твоу
свою|свою
чистѹ|чістоу
приносимъ|пріносімъ
къ|къ
бѹ|боу
и|і
се|се
же|же
и|і
ина|іна
многа|многа
ѹвѣщавааше|оувѣщавааше
ꙗ|ꙗ
съ|съ
вьсѧкыимь|вьсѧкъіімь
съмѣрениѥмь|съмѣреніемь
и|і
съ|съ
сльзами|сльзамі
ѹчаше|оучаше
вьсѧ|вьсѧ
не|не
бо|бо
николиже|ніколіже
бѣ|бѣ
напраснъ|напраснъ
ни|ні
гнѣвьливъ|гнѣвьлівъ
ни|ні
ꙗръ|ꙗръ
очима|очіма
нъ|нъ
милосьръдъ|мілосьръдъ
и|і
тихъ|тіхъ
и|і
милость|мілость
имѣꙗ|імѣꙗ
къ|къ
вьсѣмъ|вьсѣмъ
тѣмь|тѣмь
же|же
и|і
аще|аще
къто|къто
ѿ|от
ст҃ааго|ст҃ааго
стада|стада
раслабѣлъ|раслабѣлъ
бѣ|бѣ
срд҃цьмь|срд҃цьмь
ѿидѧше|отідѧше
ѿ|от
манастырѧ|манастъірѧ
то|то
же|же
блаженыи|блаженъіі
ѥго|его
ради|раді
въ|въ
велицѣ|веліцѣ
печали|печалі
и|і
скърби|скърбі
бѹдѧше|боудѧше
и|і
молѧ|молѧ
сѧ|сѧ
къ|къ
б҃ѹ|б҃оу
да|да
бы|бъі
ѿблѹдивъшее|отблоудівъшее
сѧ|сѧ
овьча|овьча
ѿ|от
стада|стада
ѥго|его
възвратилъ|възвратілъ
въспѧть|въспѧть
и|і
тако|тако
же|же
по|по
вьсѧ|вьсѧ
дьни|дьні
прѣбываше|прѣбъіваше
плача|плача
и|і
молѧ|молѧ
б҃а|б҃а
ѥго|его
ради|раді
донъдеже|донъдеже
братъ|братъ
тъ|тъ
възвратѧше|възвратѧше
сѧ|сѧ
въспѧть|въспѧть
тоже|тоже
того|того
блаженыи|блаженъіі
съ|съ
радостию|радостію
приимъ|пріімъ
ѹчаше|оучаше
и|і
никако же|нікакоже
раслабѣти|раслабѣті
вражиꙗми|вражіꙗмі
къзньми|къзньмі
ни|ні
попѹстити|попоустіті
имъ|імъ
на|на
сѧ|сѧ
нъ|нъ
крѣпѣ|крѣпѣ
стати|статі
се|се
бо|бо
гл҃ааше|гл҃ааше
ꙗко|ꙗко
не|не
мѹжьскыꙗ|моужьскъіꙗ
есть|есть
дш҃а|дш҃а
ѥже|еже
раслабѣти|раслабѣті
печальныими|печальнъіімі
сими|сімі
напастьми|напастьмі
си|сі
и|і
ина|іна
многа|многа
гла҃въ|гла҃въ
ѹтѣшивъ|оутѣшівъ
того|того
ѿпѹстѧаше|отпоустѧаше
въ|въ
келию|келію
ѥго|его
съ|съ
миръмь|міръмь
бѣ|бѣ
же|же
тѹ|тоу
ѥдинъ|едінъ
братъ|братъ
слабъ|слабъ
сы|съі
иже|іже
и|і
часто|часто
ѿбѣгаше|отбѣгаше
ѿ|от
блаженаго|блаженаго
манастырѧ|манастъірѧ
и|і
ѥгда|егда
пакы|пакъі
приидѧше|пріідѧше
тоже|тоже
блаженыи|блаженъіі
съ|съ
радостию|радостію
ѥго|его
приимаше|пріімаше
гл҃аше|гл҃аше
бо|бо
ꙗко|ꙗко
не|не
имать|імать
бо|бо
ѥго|его
оставити|оставіті
тако|тако
да|да
кромѣ|кромѣ
манастырѧ|манастъірѧ
сего|сего
съконьчаѥть|съконьчаеть
сѧ|сѧ
се|се
бо|бо
аще|аще
и|і
многашьды|многашьдъі
ѿходѧ|отходѧ
ѥсть|есть
ѿ|от
насъ|насъ
нъ|нъ
сь|сь
имать|імать
въ|въ
манастыри|манастъірі
семь|семь
коньць|коньць
житию|жітію
приꙗти|пріꙗті
и|і
молѧше|молѧше
сѧ|сѧ
плачьмь|плачьмь
б҃а|б҃а
о|о
нѥмь|немь
просѧ|просѧ
тьрьпѣниꙗ|тьрьпѣніꙗ
ѥмѹ|емоу
таче|таче
по|по
мнозѣмь|мнозѣмь
исхожении|ісхоженіі
ѥмѹ|емоу
приде|пріде
ѥдиною|едіною
къ|къ
манастырю|манастъірю
молѧ|молѧ
сѧ|сѧ
великомѹ|велікомоу
ѳеѡдосию|ѳеодосію
да|да
бы|бъі
приꙗтъ|пріꙗтъ
былъ|бъілъ
тоже|тоже
иже|іже
по|по
истинѣ|істінѣ
мл҃стивыи|мл҃стівъіі
и|і
ꙗко|ꙗко
овьча|овьча
ѿ|от
заблѹжениꙗ|заблоуженіꙗ
пришьдъшеѥ|прішьдъшее
тако|тако
того|того
съ|съ
радостию|радостію
приꙗтъ|пріꙗтъ
и|і
причьте|прічьте
къ|къ
стадѹ|стадоу
своемȣ|своемоу
тъгда|тъгда
же|же
чьрьноризьць|чьрьнорізьць
тъ|тъ
иже|іже
бѣ|бѣ
своима|своіма
рѹкама|роукама
дѣлаꙗ|дѣлаꙗ
сътѧжалъ|сътѧжалъ
имѣниꙗ|імѣніꙗ
мало|мало
бѣ|бѣ
бо|бо
платьна|платьна
дѣлаꙗ|дѣлаꙗ
сиꙗ|сіꙗ
принесъ|прінесъ
прѣдъ|прѣдъ
блаженыимь|блаженъіімь
положи|положі
тоже|тоже
ст҃ыи|ст҃ъіі
гл҃а|гл҃а
ѥмѹ|емоу
аще|аще
хощеши|хощеші
чьрноризьць|чьрнорізьць
съвьрьшенъ|съвьрьшенъ
быти|бъіті
възьмъ|възьмъ
сиꙗ|сіꙗ
ꙗко|ꙗко
ѡслѹшаниꙗ|ослоушаніꙗ
дѣло|дѣло
ѥсть|есть
въвьрьзи|въвьрьзі
въ|въ
пещь|пещь
горѹщѹ|гороущоу
онъ|онъ
же|же
иже|іже
теплъ|теплъ
сыи|съіі
на|на
вѣрѹ|вѣроу
несъ|несъ
по|по
повелѣнию|повелѣнію
блаженаго|блаженаго
въвьрьже|въвьрьже
въ|въ
пещь|пещь
и|і
тако|тако
изгорѣ|ізгорѣ
самъ|самъ
же|же
ѿтолѣ|оттолѣ
живѧше|жівѧше
въ|въ
манастыри|манастъірі
томь|томь
прочаꙗ|прочаꙗ
дн҃и|дн҃і
своꙗ|своꙗ
проводѧ|проводѧ
и|і
тако|тако
тѹ|тоу
по|по
проречению|прореченію
блаженаго|блаженаго
ѹсъпе|оусъпе
съ|съ
миръмь|міръмь
сицева|сіцева
ти|ті
бѣ|бѣ
любы|любъі
блаженаго|блаженаго
и|і
сицево|сіцево
мл҃срьдиѥ|мл҃срьдіе
къ|къ
ѹченикомъ|оученікомъ
своимъ|своімъ
имѧше|імѧше
да|да
бы|бъі
ни|ні
ѥдинъ|едінъ
ѿ|от
стада|стада
ѥго|его
ѿлѹчилъ|отлоучілъ
сѧ|сѧ
нъ|нъ
вьсѧ|вьсѧ
въкѹпѣ|въкоупѣ
ꙗко|ꙗко
пастѹхъ|пастоухъ
добрыи|добръіі
пакы|пакъі
пасѧше|пасѧше
ѹча|оуча
и|і
ѹтѣшаꙗ|оутѣшаꙗ
и|і
словесы|словесъі
ѹвѣщаваꙗ|оувѣщаваꙗ
дш҃а|дш҃а
ихъ|іхъ
къръмлꙗше|къръмлꙗше
и|і
напаꙗꙗ|напаꙗꙗ
не|не
престаꙗше|престаꙗше
тѣмь|тѣмь
же|же
и|і
мъногы|мъногъі
на|на
божии|божіі
разѹмъ|разоумъ
наводѧше|наводѧше
и|і
къ|къ
нб҃сьномѹ|нб҃сьномоу
цр҃ствию|цр҃ствію
направлѧше|направлѧше
нъ|нъ
се|се
пакы|пакъі
на|на
прокое|прокое
ѿселѣ|отселѣ
съповѣданиѥ|съповѣданіе
оц҃ѧ|оц҃ѧ
нашего|нашего
ѳеѡдосиꙗ|ѳеодосіꙗ
поидемъ|поідемъ
се|се
бо|бо
въ|въ
ѥдинъ|едінъ
ѿ|от
дн҃ии|дн҃іі
приде|пріде
келарь|келарь
къ|къ
семѹ|семоу
блаженомѹ|блаженомоу
гл҃ꙗ|гл҃ꙗ
ꙗко|ꙗко
въ|въ
сии|сіі
дн҃ь|дн҃ь
не|не
имамъ|імамъ
чьто|чьто
прѣдъложити|прѣдъложіті
на|на
ꙗдь|ꙗдь
се|се
бо|бо
ни|ні
съварити|съваріті
чьто|чьто
имамъ|імамъ
гл҃а|гл҃а
томѹ|томоу
блаженыи|блаженъіі
иди|іді
потьрьпи|потьрьпі
мало|мало
молѧ|молѧ
б҃а|б҃а
некъли|некълі
тъ|тъ
попечеть|попечеть
сѧ|сѧ
нами|намі
аще|аще
ли|лі
же|же
то|то
да|да
съваривъше|съварівъше
пьшеницу|пьшеніцу
ти|ті
тѹ|тоу
съмѧтъ|съмѧтъ
съ|съ
медъмь|медъмь
прѣдъставиши|прѣдъставіші
а|а
трѧпезѣ|трѧпезѣ
братии|братіі
а|а
ѣдѧть|ѣдѧть
ѡбаче|обаче
же|же
надѣю|надѣю
сѧ|сѧ
на|на
б҃а|б҃а
иже|іже
въ|въ
пѹстыни|поустъіні
людьмъ|людьмъ
непокоривыимъ|непокорівъіімъ
хлѣбъ|хлѣбъ
нб҃сьныи|нб҃сьнъіі
ѡдъжди|одъжді
и|і
источи|істочі
крастѣли|крастѣлі
тъ|тъ
и|і
намъ|намъ
дн҃ьс|дн҃ьс
мощьнъ|мощьнъ
ѥсть|есть
пищю|піщоу
подати|податі
то|то
слышавъ|слъішавъ
келарь|келарь
ѿиде|отіде
и|і
блаженыи|блаженъіі
молѧше|молѧше
б҃а|б҃а
о|о
сихъ|сіхъ
и|і
се|се
прѣже реченыи|прѣжереченъіі
ѡнъ|онъ
болꙗринъ|болꙗрінъ
б҃ѹ|б҃оу
ѥмѹ|емоу
възложьшю|възложьшоу
на|на
ѹмъ|оумъ
се|се
бо|бо
напълнивъ|напълнівъ
три|трі
возы|возъі
брашьна|брашьна
хлѣбъ|хлѣбъ
и|і
сыръ|съіръ
и|і
рыбъ|ръібъ
сочиво|сочіво
же|же
и|і
пьшено|пьшено
ѥще|еще
же|же
и|і
медъ|медъ
и|і
то|то
посъла|посъла
къ|къ
блаженомѹ|блаженомоу
въ|въ
манастырь|манастъірь
и|і
ѥже|еже
видѣвъ|відѣвъ
блаженыи|блаженъіі
прослави|прославі
б҃а|б҃а
и|і
гл҃а|гл҃а
келарю|келарю
видиши|відіші
ли|лі
брате|брате
ѳеѡдоре|ѳеодоре
ꙗко|ꙗко
не|не
имать|імать
насъ|насъ
б҃ъ|б҃ъ
оставити|оставіті
аще|аще
надѣемъ|надѣемъ
сѧ|сѧ
на|на
нь|нь
вьсѣмь|вьсѣмь
ср҃дцьмь|ср҃дцьмь
нъ|нъ
иди|іді
и|і
сътвори|сътворі
обѣдъ|обѣдъ
братии|братіі
великъ|велікъ
въ|въ
сии|сіі
дн҃ь|дн҃ь
се|се
бо|бо
посѣщениѥ|посѣщеніе
би҃ѥ|бі҃е
ѥсть|есть
и|і
тако|тако
блаженыи|блаженъіі
възвесели|възвеселі
сѧ|сѧ
съ|съ
братиѥю|братіею
на|на
обѣдѣ|обѣдѣ
веселиемь|веселіемь
дх҃овьныимь|дх҃овьнъіімь
бѣ|бѣ
ж|ж
амъ|амъ
ѣда|ѣда
хлѣбъ|хлѣбъ
сѹхъ|соухъ
зелиѥ|зеліе
варено|варено
без|без
масла|масла
и|і
водѹ|водоу
пиꙗ|піꙗ
се|се
же|же
ѣдь|ѣдь
его|его
бѣ|бѣ
вьсегда|вьсегда
и|і
николиже|ніколіже
ѥго|его
бѣ|бѣ
видѣти|відѣті
дрѧхла|дрѧхла
или|ілі
съньзъша|съньзъша
сѧ|сѧ
на|на
обѣдѣ|обѣдѣ
сѣдѧща|сѣдѧща
съ|съ
братиѥю|братіею
нъ|нъ
вьсегда|вьсегда
весело|весело
лице|ліце
имѹща|імоуща
и|і
бл҃годатию|бл҃годатію
бж҃иѥю|бж҃іею
бѣ|бѣ
ѹтѣшаꙗ|оутѣшаꙗ
сѧ|сѧ
къ|къ
семѹ же|семоуже
блаженомѹ|блаженомоу
нѣколи|нѣколі
приведоша|пріведоша
разбоиникы|разбоінікъі
съвѧзаны|съвѧзанъі
ихъ же|іхъже
бѣша|бѣша
ꙗли|ꙗлі
въ|въ
ѥдиномь|едіномь
селѣ|селѣ
манастырьскѣ|манастъірьскѣ
хотѧща|хотѧща
красти|красті
блаженыи|блаженъіі
же|же
видѣвъ|відѣвъ
ꙗ|ꙗ
съвѧзаны|съвѧзанъі
и|і
въ|въ
такои|такоі
скърби|скърбі
сѹща|соуща
съжали|съжалі
си|сі
зѣло|зѣло
и|і
просльзивъ|просльзівъ
сѧ|сѧ
повелѣ|повелѣ
раздрѣшити|раздрѣшіті
ꙗ|ꙗ
и|і
дати|даті
же|же
тѣмъ|тѣмъ
ѣсти|ѣсті
и|і
пити|піті
и|і
тако|тако
пакы|пакъі
тѣхъ|тѣхъ
ѹчаше|оучаше
мъного|мъного
ѥже|еже
никого же|нікогоже
прѣобидѣти|прѣобідѣті
и|і
никомѹ же|нікомоуже
зъла|зъла
сътворити|сътворіті
подасть|подасть
же|же
тѣмъ|тѣмъ
ѿ|от
имѣниꙗ|імѣніꙗ
довъльноѥ|довъльное
ѥже|еже
на|на
потрѣбѹ|потрѣбоу
и|і
тако|тако
тѣхъ|тѣхъ
съ|съ
миръмъ|міръмъ
ѿпѹсти|отпоусті
славѧща|славѧща
б҃а|б҃а
ꙗкоже|ꙗкоже
ѿтолѣ|оттолѣ
тѣмъ|тѣмъ
ѹмилити|оуміліті
сѧ|сѧ
и|і
никомѹ же|нікомоуже
зъла|зъла
сътворити|сътворіті
нъ|нъ
своими|своімі
дѣлы|дѣлъі
довъльномъ|довъльномъ
быти|бъіті
таково|таково
бо|бо
бѣ|бѣ
мл҃срдиѥ|мл҃срдіе
великааго|велікааго
оц҃ѧ|оц҃ѧ
нашего|нашего
ѳеодосиꙗ|ѳеодосіꙗ
аще|аще
бо|бо
видѧше|відѧше
нища|ніща
или|ілі
ѹбога|оубога
въ|въ
скърьби|скърьбі
сѹща|соуща
и|і
въ|въ
одежи|одежі
хѹдѣ|хоудѣ
жалѧаше|жалѧаше
си|сі
ѥго|его
ради|раді
и|і
вельми|вельмі
тѹжаше|тоужаше
о|о
семь|семь
и|і
съ|съ
плачьмь|плачьмь
того|того
миновааше|міновааше
и|і
сего|сего
ради|раді
сътвори|сътворі
дворъ|дворъ
близь|блізь
манастырѧ|манастъірѧ
своѥго|своего
и|і
цр҃квь|цр҃квь
възгради|възграді
въ|въ
нѥмь|немь
ст҃ааго|ст҃ааго
пьрьвом҃чнка|пьрьвом҃чнка
стефана|стефана
тѹ|тоу
же|же
повелѣ|повелѣ
прѣбывати|прѣбъіваті
нищимъ|ніщімъ
и|і
слѣпыимъ|слѣпъіімъ
и|і
хромыимъ|хромъіімъ
и|і
трѹдоватыимъ|троудоватъіімъ
и|і
ѿ|от
манастырѧ|манастъірѧ
подавааше|подавааше
имъ|імъ
ѥже|еже
на|на
потрѣбѹ|потрѣбоу
и|і
ѿ|от
вьсего|вьсего
сѹщаго|соущаго
манастырьскааго|манастъірьскааго
десѧтѹю|десѧтоую
часть|часть
даꙗше|даꙗше
имъ|імъ
и|і
ѥще|еще
же|же
и|і
по|по
вьсѧ|вьсѧ
сѹботы|соуботъі
посылаше|посъілаше
въ|въ
потребѹ|потребоу
возъ|возъ
хлѣбъ|хлѣбъ
сѹщиимъ|соущіімъ
въ|въ
ѹзахъ|оузахъ
въ|въ
ѥдинъ|едінъ
же|же
ѿ|от
д҃нии|д҃ніі
приде|пріде
къ|къ
прп҃дбьнѹмѹ|прп҃дбьноумоу
ѳеѡдосию|ѳеодосію
прозвутеръ|прозвутеръ
ѿ|от
града|града
просѧ|просѧ
вина|віна
на|на
слѹжьбѹ|слоужьбоу
ст҃ыꙗ|ст҃ъіꙗ
литурьгиꙗ|літурьгіꙗ
и|і
тѹ|тоу
абиѥ|абіе
блаженыи|блаженъіі
призъвавъ|прізъвавъ
строителꙗ|строітелꙗ
цр҃квьнаго|цр҃квьнаго
повелѣ|повелѣ
налиꙗти|наліꙗті
вина|віна
юже|юже
ношаше|ношаше
викию|вікію
и|і
дати|даті
ѥмѹ|емоу
онъ|онъ
же|же
гл҃а|гл҃а
ꙗко|ꙗко
мало|мало
имамъ|імамъ
вина|віна
ѥже|еже
тъкъмо|тъкъмо
довълѣѥть|довълѣеть
на|на
г҃|г҃
или|ілі
д҃|д҃
дн҃и|дн҃і
ст҃ѣи|ст҃ѣі
литурьгии|літурьгіі
блаженыи|блаженъіі
же|же
ѿвѣща|отвѣща
ѥмѹ|емоу
излѣи|ізлѣі
вьсе|вьсе
чл҃вкѹ|чл҃вкоу
семѹ|семоу
и|і
нами|намі
бъ҃|бъ҃
да|да
попечеть|попечеть
сѧ|сѧ
онъ|онъ
же|же
ѿшьдъ|отшьдъ
и|і
прѣобидѣвъ|прѣобідѣвъ
ст҃ааго|ст҃ааго
повелѣниꙗ|повелѣніꙗ
вълиꙗ|въліꙗ
ѥмѹ|емоу
въ|въ
викию|вікію
мало|мало
вина|віна
ѡставивъ|оставівъ
на|на
ѹтриꙗ|оутріꙗ
цр҃къвьнѣи|цр҃къвьнѣі
слѹжьбѣ|слоужьбѣ
прозвутеръ|прозвутеръ
же|же
несъ|несъ
ѥже|еже
мало|мало
ѥмѹ|емоу
въда|въда
показа|показа
блаженомȣ|блаженомоу
ѳеѡдосию|ѳеодосію
и|і
пакы|пакъі
призъвавъ|прізъвавъ
пономонарѧ|пономонарѧ
гл҃а|гл҃а
ѥмѹ|емоу
рѣхъ|рѣхъ
ти|ті
излѣи|ізлѣі
вьсе|вьсе
и|і
о|о
ѹтрѣишьниимь|оутрѣішьніімь
дьне|дьне
не|не
пьци|пьці
сѧ|сѧ
не|не
бо|бо
имать|імать
б҃ъ|б҃ъ
ѡставити|оставіті
цр҃кве|цр҃кве
сеꙗ|сеꙗ
въ|въ
ѹтрии|оутріі
дн҃ь|дн҃ь
бе|бе
слѹжьбы|слоужьбъі
нъ|нъ
се|се
въ|въ
сии|сіі
дн҃ь|дн҃ь
подасть|подасть
намъ|намъ
вина|віна
до|до
избытъка|ізбъітъка
тъгда|тъгда
же|же
шьдъ|шьдъ
пономонарь|пономонарь
излиꙗ|ізліꙗ
вьсе|вьсе
вино|віно
прозвутерови|прозвутерові
и|і
тако|тако
и|і
отъпѹсти|отъпоусті
таче|таче
по|по
ѿѣдении|отѣденіі
къ|къ
вечерѹ|вечероу
сѣдѧщемъ|сѣдѧщемъ
имъ|імъ
и|і
се|се
по|по
проречению|прореченію
блаженаго|блаженаго
привезоша|прівезоша
г҃|г҃
возы|возъі
пълъны|пълънъі
сѹще|соуще
къръчагъ|къръчагъ
съ|съ
винъмь|вінъмь
ихъже|іхъже
посъла|посъла
жена|жена
нѣкаꙗ|нѣкаꙗ
иже|іже
бѣ|бѣ
прѣдьрьжащи|прѣдьрьжащі
вьсѧ|вьсѧ
въ|въ
домȣ|домоу
бл҃говѣрьнааго|бл҃говѣрьнааго
кнѧзѧ|кнѧзѧ
вьсеволода|вьсеволода
си|сі
же|же
видѣвъ|відѣвъ
парамонарь|парамонарь
прослави|прославі
б҃а|б҃а
чюдѧ|чоудѧ
сѧ|сѧ
проповѣданию|проповѣданію
блаженаго|блаженаго
ѳеѡдосиꙗ|ѳеодосіꙗ
ѥже|еже
ꙗкоже|ꙗкоже
рече|рече
въ|въ
сии|сіі
дн҃ь|дн҃ь
вина|віна
до|до
избытъка|ізбъітъка
б҃ь|б҃ь
подасть|подасть
намъ|намъ
тако|тако
же|же
и|і
бысть|бъість
бывъшю|бъівъшоу
же|же
нѣколи|нѣколі
дн҃и|дн҃і
ст҃аго|ст҃аго
и|і
великаго|велікаго
димитриꙗ|дімітріꙗ
въ|въ
нь же|ньже
ха҃|ха҃
ради|раді
мч҃нию|мч҃нію
коньць|коньць
приꙗтъ|пріꙗтъ
пр҃пдбьномѹ|пр҃пдбьномоу
же|же
ѳеодосию|ѳеодосію
съ|съ
братиѥю|братіею
идȣщȣ|ідоущоу
вь|вь
манастырь|манастъірь
ст҃аго|ст҃аго
димитриꙗ|дімітріꙗ
и|і
се|се
принесоша|прінесоша
ѥмѹ|емоу
хлѣбьцѣ|хлѣбьцѣ
нѣ|нѣ
ѿ|от
кыихъ|къііхъ
зѣло|зѣло
чисты|чістъі
ихъ же|іхъже
повелѣ|повелѣ
келарю|келарю
прѣдъложити|прѣдъложіті
на|на
ꙗдь|ꙗдь
оставъшии|оставъшіі
тѹ|тоу
братии|братіі
и|і
тоже|тоже
онъ|онъ
прѣслѹшавъ|прѣслоушавъ
сѧ|сѧ
того|того
помысли|помъіслі
въ|въ
себѣ|себѣ
гл҃ꙗ|гл҃ꙗ
ꙗко|ꙗко
въ|въ
ѹтрѣи|оутрѣі
дн҃ь|дн҃ь
пришьдъши|прішьдъші
вьсеи|вьсеі
братии|братіі
прѣдъложю|прѣдъложоу
сиꙗ|сіꙗ
хлѣбы|хлѣбъі
на|на
ѣдь|ѣдь
имъ|імъ
нынѣ|нъінѣ
же|же
манастырьскыи|манастъірьскъіі
хлѣбъ|хлѣбъ
и|і
да|да
прѣдъложю|прѣдъложоу
сеи|сеі
братии|братіі
ꙗкоже|ꙗкоже
помысли|помъіслі
такоже|такоже
и|і
сътвори|сътворі
и|і
въ|въ
ѹтрѣи|оутрѣі
дн҃ь|дн҃ь
сѣдъшемъ|сѣдъшемъ
имъ|імъ
на|на
обѣдѣ|обѣдѣ
хлѣбомъ|хлѣбомъ
же|же
тѣмъ|тѣмъ
издрѣзаномъ|іздрѣзаномъ
сѹщемъ|соущемъ
таче|таче
блаженыи|блаженъіі
прѣзьрѣвъ|прѣзьрѣвъ
и|і
видѣ|відѣ
хлебы|хлебъі
такы|такъі
сѹща|соуща
и|і
пригласивъ|прігласівъ
келарѧ|келарѧ
въпрашаше|въпрашаше
ѥго|его
ѿкѹдѹ|откоудоу
си|сі
сѹть|соуть
хлѣби|хлѣбі
онъ|онъ
же|же
ѿвѣщева|отвѣщева
ꙗко|ꙗко
вьчера|вьчера
принесени|прінесені
сѹть|соуть
нъ|нъ
сего|сего
ради|раді
вьчера|вьчера
малѹ|малоу
сѹщю|соущоу
братии|братіі
помыслихъ|помъісліхъ
въ|въ
сии|сіі
дн҃ь|дн҃ь
вьсеи|вьсеі
братии|братіі
прѣдъложити|прѣдъложіті
на|на
ꙗдь|ꙗдь
тъгда|тъгда
же|же
блаженыи|блаженъіі
гл҃а|гл҃а
ѥмѹ|емоу
лѣпо|лѣпо
бѣ|бѣ
не|не
пещи|пещі
сѧ|сѧ
ѡ|о
приходѧщимь|пріходѧщімь
дн҃и|дн҃і
нъ|нъ
по|по
повелѣнию|повелѣнію
моѥмѹ|моемоу
сътворити|сътворіті
и|і
нынѣ|нъінѣ
бы|бъі
г҃ь|г҃ь
нашь|нашь
и|і
присно|прісно
печеть|печеть
сѧ|сѧ
нами|намі
большими|большімі
попеклъ|попеклъ
сѧ|сѧ
и|і
подалъ|подалъ
намъ|намъ
ѥже|еже
на|на
потрѣбѹ|потрѣбоу
таче|таче
повелѣ|повелѣ
ѥдиномѹ|едіномоу
ѿ|от
братиѣ|братіѣ
събьрати|събьраті
въ|въ
кошь|кошь
ѹкрѹхы|оукроухъі
ты|тъі
и|і
несъше|несъше
посрѣдѣ|посрѣдѣ
рѣкы|рѣкъі
въсыпати|въсъіпаті
ѣ|ѣ
ѡного|оного
же|же
епитимиѥю|епітіміею
ѹтвьрьди|оутвьрьді
ꙗкоже|ꙗкоже
прѣслѹшание|прѣслоушаніе
сътворьша|сътворьша
сицимь|сіцімь
же|же
образъмь|образъмь
творѧаше|творѧаше
ѥже|еже
аще|аще
слышаше|слъішаше
коѥ|кое
дѣло|дѣло
творимо|творімо
бл҃гословлению|бл҃гословленію
пьрвоѥ|пьрвое
не|не
възѧтѹ|възѧтоу
бывъшю|бъівъшоу
не|не
бо|бо
хотѧаше|хотѧаше
да|да
ст҃оѥ|ст҃ое
стадо|стадо
того|того
таковааго|таковааго
брашьна|брашьна
въкѹсити|въкоусіті
ѥже|еже
не|не
бл҃гословлениѥмь|бл҃гословленіемь
сътворено|сътворено
и|і
ѿ|от
прѣслѹшаниꙗ|прѣслоушаніꙗ
сѹще|соуще
нъ|нъ
се|се
ꙗко|ꙗко
вражию|вражію
часть|часть
сѹщю|соущоу
повелѣваше|повелѣваше
ѡвъгда|овъгда
въ|въ
пещь|пещь
горѹщю|гороущоу
въмѣтати|въмѣтаті
овъгда|овъгда
же|же
въ|въ
рѣчьныꙗ|рѣчьнъіꙗ
стрѹꙗ|строуꙗ
въврѣщи|въврѣщі
се|се
же|же
ꙗкоже|ꙗкоже
по|по
съмьрьти|съмьрьті
блаженаго|блаженаго
оц҃ѧ|оц҃ѧ
нашего|нашего
ѳеодосиꙗ|ѳеодосіꙗ
сицева|сіцева
нѣкака|нѣкака
ѿ|от
прѣслѹшаниꙗ|прѣслоушаніꙗ
вещь|вещь
бы҃с|бъі҃с
ѥже|еже
аще|аще
нѣсть|нѣсть
лѣпо|лѣпо
сьде|сьде
съповѣдати|съповѣдаті
ѥꙗ|еꙗ
имьже|імьже
на|на
въспомѧновениѥ|въспомѧновеніе
того|того
приидохомъ|пріідохомъ
и|і
семѹ|семоу
подобьно|подобьно
слово|слово
къ|къ
словѹ|словоу
приложимъ|пріложімъ
се|се
бо|бо
по|по
изъгнании|ізъгнаніі
ѥже|еже
ѿ|от
манастырѧ|манастъірѧ
пр҃пдбьнааго|пр҃пдбьнааго
нашего|нашего
игѹмена|ігоумена
стефана|стефана
и|і
великомѹ|велікомоу
икономѹ|ікономоу
игѹменьство|ігоуменьство
прѣимъшю|прѣімъшоу
приспѣвъшемъ|пріспѣвъшемъ
же|же
дн҃ьмъ|дн҃ьмъ
ст҃ааго|ст҃ааго
и|і
великаго|велікаго
поста|поста
и|і
въ|въ
а҃.вѹю|а҃воую
недѣлю|недѣлю
таковаго|таковаго
въздьрьжаниꙗ|въздьрьжаніꙗ
и|і
ꙗко|ꙗко
добрыимъ|добръіімъ
подвижьникомъ|подвіжьнікомъ
потрѹдивъшемъ|потроудівъшемъ
сѧ|сѧ
въ|въ
тѹ|тоу
нед҃ѣл|нед҃ѣл
тѣмь|тѣмь
же|же
ѹставлѥно|оуставлено
бы҃с|бъі҃с
пр҃пдбьныимь|пр҃пдбьнъіімь
оц҃ьмь|оц҃ьмь
нашимь|нашімь
ѳеодосиѥмь|ѳеодосіемь
въ|въ
пѧ҃ткъ|пѧ҃ткъ
тоꙗ|тоꙗ
не҃длꙗ|не҃длꙗ
да|да
бывають|бъівають
имъ|імъ
хлѣби|хлѣбі
чисти|чісті
зѣло|зѣло
дрѹзии|дроузіі
же|же
ѿ|от
нихъ|ніхъ
съ|съ
медъмь|медъмь
и|і
съ|съ
макъмь|макъмь
творени|творені
тоже|тоже
тако|тако
повелѣвъшȣ|повелѣвъшоу
никонѹ|ніконоу
по|по
обычаю|объічаю
творити|творіті
келарю|келарю
ѡнъ|онъ
же|же
прѣслѹшанию|прѣслоушанію
творѧ|творѧ
сълъга|сълъга
рекыи|рекъіі
ꙗко|ꙗко
мȣкы|моукъі
не|не
имамъ|імамъ
на|на
сътворениѥ|сътвореніе
такыимъ|такъіімъ
хлѣбомъ|хлѣбомъ
нъ|нъ
обаче|обаче
б҃ъ|б҃ъ
не|не
прѣзьрѣ|прѣзьрѣ
трѹда|троуда
и|і
мл҃твы|мл҃твъі
пр҃пдбьныихъ|пр҃пдбьнъііхъ
своихъ|своіхъ
и|і
да|да
пакы|пакъі
не|не
разорить|разоріть
сѧ|сѧ
ѹставленоѥ|оуставленое
божьствьныимь|божьствьнъіімь
ѳеодосиѥмь|ѳеодосіемь
се|се
бо|бо
по|по
ст҃ѣи|ст҃ѣі
литурьгии|літурьгіі
идѹщемъ|ідоущемъ
тѣмъ|тѣмъ
на|на
постьныꙗ|постьнъіꙗ
ты|тъі
обѣды|обѣдъі
се|се
ѿнюдѹ|отнюдоу
же|же
бѣ|бѣ
не|не
начаꙗти|начаꙗті
сѧ|сѧ
тоже|тоже
тако|тако
ти|ті
привезоша|прівезоша
возъ|возъ
таковыихъ|таковъііхъ
хлѣбъ|хлѣбъ
ѥже|еже
видѣвъше|відѣвъше
братиꙗ|братіꙗ
прославиша|прославіша
б҃а|б҃а
чюдѧще|чоудѧще
сѧ|сѧ
како|како
присно|прісно
бъ҃|бъ҃
печеть|печеть
сѧ|сѧ
нми|нмі
подаваꙗ|подаваꙗ
вьсѧ|вьсѧ
имъ|імъ
ѥже|еже
на|на
потрѣбѹ|потрѣбоу
мл҃твами|мл҃твамі
пр҃пдбьнааго|пр҃пдбьнааго
имъ|імъ
оц҃ѧ|оц҃ѧ
и|і
наставьника|наставьніка
ѳеодосиѧ|ѳеодосіѧ
таже|таже
по|по
дъвоꙗ|дъвоꙗ
дн҃ью|дн҃ью
повелѣвъшю|повелѣвъшоу
келарю|келарю
да|да
по|по
обычаю|объічаю
хлѣбы|хлѣбъі
братии|братіі
испекѹтъ|іспекоутъ
въ|въ
мѹцѣ|моуцѣ
тои|тоі
ѥꙗже|еꙗже
бѣ|бѣ
прѣже|прѣже
реклъ|реклъ
не|не
имамъ|імамъ
тоже|тоже
пекѹщиимъ|пекоущіімъ
готовѧщемъ|готовѧщемъ
и|і
тѣсто|тѣсто
мѣсѧщемъ|мѣсѧщемъ
и|і
пакы|пакъі
имъ|імъ
лѣющемъ|лѣющемъ
ѹкропъ|оукропъ
въ|въ
нѥ|не
и|і
се|се
обрѣте|обрѣте
сѧ|сѧ
тѹ|тоу
жаба|жаба
ꙗкоже|ꙗкоже
тои|тоі
варенѣ|варенѣ
быти|бъіті
въ|въ
таковѣи|таковѣі
водѣ|водѣ
и|і
такоже|такоже
то|то
тѣмъ|тѣмъ
осквьрьни|осквьрьні
иже|іже
ѿ|от
прѣслѹшаниꙗ|прѣслоушаніꙗ
твореное|твореное
дѣло|дѣло
б҃ѹ|б҃оу
сице|сіце
извольшю|ізвольшоу
на|на
съблюдение|съблюденіе
ст҃го|ст҃го
стада|стада
иже|іже
и|і
таковъ|таковъ
подвигъ|подвігъ
сътворьше|сътворьше
въ|въ
ст҃ѹю|ст҃оую
тѹ|тоу
не҃длю|не҃длю
то же|тоже
да|да
не|не
таковыихъ|таковъііхъ
хлѣбъ|хлѣбъ
въкѹсѧть|въкоусѧть
нъ|нъ
се|се
ꙗко|ꙗко
вражию|вражію
часть|часть
сѹщю|соущоу
гадъмь|гадъмь
осквьрьни|осквьрьні
сию|сію
б҃ъ|б҃ъ
ꙗкоже|ꙗкоже
на|на
показаниѥ|показаніе
томѹ|томоу
быти|бъіті
ѥже|еже
о|о
семь|семь
да|да
не|не
зазьрить|зазьріть
ми|мі
никътоже|нікътоже
ѿ|от
васъ|васъ
ꙗко|ꙗко
сии|сіі
сьде|сьде
въписахъ|въпісахъ
и|і
прѣсѣчениѥ|прѣсѣченіе
словѹ|словоу
сътворихъ|сътворіхъ
се|се
бо|бо
сего|сего
ради|раді
си|сі
въписахъ|въпісахъ
да|да
разѹмѣѥте|разоумѣете
ꙗко|ꙗко
нѣсть|нѣсть
лѣпо|лѣпо
намъ|намъ
ни|ні
въ|въ
чемь|чемь
же|же
ослѹшати|ослоушаті
сѧ|сѧ
наставьника|наставьніка
игѹмена|ігоумена
своего|своего
вѣдѹще|вѣдоуще
ꙗко|ꙗко
аще|аще
чьто|чьто
ѹтаимъ|оутаімъ
ѿ|от
нѥго|него
нъ|нъ
ѿ|от
б҃а|б҃а
нѣсть|нѣсть
потаѥно|потаено
ничьтоже|нічьтоже
и|і
тъ|тъ
имать|імать
въскорѣ|въскорѣ
мьсть|мьсть
сътворити|сътворіті
о|о
нѥмь|немь
ѥгоже|егоже
постави|поставі
намъ|намъ
старѣишинѹ|старѣішіноу
и|і
пастѹха|пастоуха
ꙗко|ꙗко
да|да
вьси|вьсі
послѹшають|послоушають
ѥго|его
и|і
по|по
повелѣнию|повелѣнію
его|его
вьсѧ|вьсѧ
сътворимъ|сътворімъ
обаче|обаче
же|же
ѹже|оуже
на|на
пьрьвое|пьрьвое
съповѣданиѥ|съповѣданіе
възвратимъ|възвратімъ
сѧ|сѧ
ꙗже|ꙗже
о|о
блаженѣмь|блаженѣмь
ѳеодосии|ѳеодосіі
исповѣдающе|ісповѣдающе
се|се
бо|бо
приспѣвъшю|пріспѣвъшоу
нѣколи|нѣколі
праздьникѹ|праздьнікоу
ѹсъпениꙗ|оусъпеніꙗ
прѣс҃тыꙗ|прѣс҃тъіꙗ
бц҃ѧ|бц҃ѧ
бѣша|бѣша
же|же
и|і
цр҃кви|цр҃кві
творѧще|творѧще
праздьникъ|праздьнікъ
въ|въ
тъ|тъ
дн҃ь|дн҃ь
маслѹ|маслоу
же|же
не|не
сѹщю|соущоу
дрѣвѧномѹ|дрѣвѧномоу
въ|въ
кандила|канділа
на|на
вълиꙗниѥ|въліꙗніе
въ|въ
тъ|тъ
дн҃ь|дн҃ь
помысли|помъіслі
строитель|строітель
цр҃квьныи|цр҃квьнъіі
въ|въ
сѣмени|сѣмені
льнѧнѣмь|льнѧнѣмь
избии|ізбіі
масла|масла
и|і
то|то
вълиꙗвъше|въліꙗвъше
въ|въ
кандила|канділа
въжещи|въжещі
и|і
въпросивъ|въпросівъ
о|о
томь|томь
блаженаго|блаженаго
ѳеѡдосиꙗ|ѳеодосіꙗ
и|і
ѡномѹ|ономоу
повелѣвъшю|повелѣвъшоу
сътворити|сътворіті
тако|тако
ꙗкоже|ꙗкоже
помысли|помъіслі
и|і
ѥгда|егда
въсхотѣ|въсхотѣ
лиꙗти|ліꙗті
въ|въ
кандило|канділо
масло|масло
то|то
и|і
се|се
видѣ|відѣ
мышь|мъішь
въпадъшю|въпадъшоу
въ|въ
нѥ|не
мьрътвѹ|мьрътвоу
плавающѹ|плавающоу
въ|въ
нѥмь|немь
таче|таче
скоро|скоро
шьдъ|шьдъ
съповѣда|съповѣда
блаженомѹ|блаженомоу
гл҃ꙗ|гл҃ꙗ
ꙗко|ꙗко
съ|съ
вьсѧкыимь|вьсѧкъіімь
ѹтвьрьженеѥмь|оутвьрьженеемь
бѣхъ|бѣхъ
покрылъ|покръілъ
съсѹдъ|съсоудъ
тъ|тъ
съ|съ
маслъмь|маслъмь
и|і
не|не
вѣдѣ|вѣдѣ
ѿкѹдȣ|откоудоу
вълѣзе|вълѣзе
гадъ|гадъ
тъ|тъ
и|і
ѹтопе|оутопе
тоже|тоже
блаженыи|блаженъіі
помысли|помъіслі
ꙗко|ꙗко
бж҃иѥ|бж҃іе
ѥсть|есть
съмотрениѥ|съмотреніе
се|се
похѹливъ|похоулівъ
же|же
своѥ|свое
невѣрьство|невѣрьство
гл҃а|гл҃а
томѹ|томоу
лѣпо|лѣпо
бы|бъі
на|на
ате|ате
надежю|надежоу
имѣ|імѣ
ъ|ъ
бѹ҃|боу҃
ѹповающе|оуповающе
ꙗко|ꙗко
мощьнъ|мощьнъ
ѥсть|есть
подати|податі
намъ|намъ
на|на
потрѣбѹ|потрѣбоу
ѥгоже|егоже
хощемъ|хощемъ
а|а
не|не
тако|тако
невѣрьствовавъше|невѣрьствовавъше
сътворити|сътворіті
ѥгоже|егоже
не|не
бѣ|бѣ
лѣпо|лѣпо
нъ|нъ
иди|іді
и|і
пролѣи|пролѣі
масло|масло
то|то
на|на
землю|землю
и|і
мало|мало
потьрьпимъ|потьрьпімъ
молѧще|молѧще
б҃а|б҃а
и|і
тъ|тъ
имать|імать
намъ|намъ
дати|даті
въ|въ
сии|сіі
дн҃ь|дн҃ь
до|до
избытька|ізбъітька
дрѣвѧнаго|дрѣвѧнаго
масла|масла
таче|таче
ѹже|оуже
бывъшю|бъівъшоу
годѹ|годоу
вечерьнюмѹ|вечерьнюмоу
и|і
се|се
нѣкъто|нѣкъто
ѿ|от
богатыихъ|богатъііхъ
принесе|прінесе
къръчагѹ|къръчагоу
великѹ|велікоу
зѣло|зѣло
пълънѹ|пълъноу
масла|масла
дрѣвѧнааго|дрѣвѧнааго
юже|юже
видѣвъ|відѣвъ
блаженыи|блаженъіі
прослави|прославі
б҃а|б҃а
ꙗко|ꙗко
та|та
въскорѣ|въскорѣ
ѹслыша|оуслъіша
мл҃твѹ|мл҃твоу
ихъ|іхъ
и|і
тако|тако
налиꙗша|наліꙗша
кандила|канділа
вьсѧ|вьсѧ
и|і
избы|ізбъі
сѧ|сѧ
ѥго|его
большаꙗ|большаꙗ
часть|часть
и|і
тако|тако
сътвориша|сътворіша
на|на
ѹтрѣи|оутрѣі
дн҃ь|дн҃ь
праздьникъ|праздьнікъ
свѣтьлъ|свѣтьлъ
ст҃ыꙗ|ст҃ъіꙗ
бц҃ѧ|бц҃ѧ
бол҃юбивыи|бол҃юбівъіі
же|же
кънѧзь|кънѧзь
изѧславъ|ізѧславъ
иже|іже
по|по
истинѣ|істінѣ
бѣ|бѣ
теплъ|теплъ
на|на
вѣрѹ|вѣроу
ꙗже|ꙗже
къ|къ
г҃ѹ|г҃оу
нашемѹ|нашемоу
іс҃у|іс҃у
х҃|х҃
къ|къ
прѣст҃ѣи|прѣст҃ѣі
мт҃ри|мт҃рі
ѥ же|еже
послѣже|послѣже
положи|положі
дш҃ю|дш҃ю
свою|свою
за|за
брата|брата
своѥго|своего
по|по
гн҃ю|гн҃ю
гласѹ|гласоу
сь|сь
любъвь|любъвь
имѣꙗ|імѣꙗ
ꙗкоже|ꙗкоже
рече|рече
сѧ|сѧ
не простѹ|непростоу
къ|къ
оц҃ю|оц҃ю
нашемѹ|нашемоу
ѳеѡдосию|ѳеодосію
и|і
часто|часто
приходѧ|пріходѧ
къ|къ
немȣ|немоу
и|і
дх҃овьныихъ|дх҃овьнъііхъ
тѣхъ|тѣхъ
словесъ|словесъ
насыщаꙗ|насъіщаꙗ
сѧ|сѧ
ѿ|от
нѥго|него
и|і
тако|тако
въ|въ
ѥдинъ|едінъ
ѿ|от
дн҃ии|дн҃іі
пришьдъшю|прішьдъшоу
томѹ|томоу
и|і
въ|въ
ц҃ркви|ц҃ркві
сѣдѧщема|сѣдѧщема
има|іма
на|на
божьствьнѣи|божьствьнѣі
тои|тоі
бесѣдѣ|бесѣдѣ
и|і
годъ|годъ
бы҃с|бъі҃с
вечерьнии|вечерьніі
тако|тако
же|же
сии|сіі
хо҃любьць|хо҃любьць
обрѣте|обрѣте
сѧ|сѧ
тѹ|тоу
сь|сь
блаженыимь|блаженъіімь
и|і
съ|съ
чьстьною|чьстьною
братиѥю|братіею
на|на
вечерьниимь|вечерьніімь
славословии|славословіі
и|і
абиѥ|абіе
б҃жиѥю|б҃жіею
волѥю|волею
дъждю|дъждоу
великѹ|велікоу
лѣющю|лѣющоу
сѧ|сѧ
блаженыи|блаженъіі
же|же
видѣвъ|відѣвъ
тако|тако
належаниѥ|належаніе
дъждю|дъждоу
призъвавъ|прізъвавъ
же|же
келарѧ|келарѧ
гл҃а|гл҃а
ѥмѹ|емоу
да|да
приготовиши|пріготовіші
на|на
вечерю|вечерю
брашьна|брашьна
на|на
ꙗдь|ꙗдь
кънѧзю|кънѧзю
тъгда|тъгда
же|же
пристѹпи|прістоупі
къ|къ
нѥмѹ|немоу
ключарь|ключарь
гл҃ꙗ|гл҃ꙗ
г҃и|г҃і
оч҃е|оч҃е
медѹ|медоу
не|не
имамъ|імамъ
ѥже|еже
на|на
потрѣбѹ|потрѣбоу
пити|піті
кънѧзю|кънѧзю
и|і
сѹщиимъ|соущіімъ
съ|съ
нимь|німь
гл҃а|гл҃а
томѹ|томоу
блаженыи|блаженъіі
ни|ні
ли|лі
мало|мало
имаши|імаші
ѿвѣща|отвѣща
онъ|онъ
еи|еі
оч҃е|оч҃е
ꙗко|ꙗко
ни|ні
мало|мало
не|не
имамъ|імамъ
бѣаша|бѣаша
бо|бо
ꙗкоже|ꙗкоже
рече|рече
ѡпроворотилъ|опроворотілъ
таковыи|таковъіі
съсѹдъ|съсоудъ
тъщь|тъщь
и|і
ниць|ніць
положилъ|положілъ
гл҃а|гл҃а
томѹ|томоу
пакы|пакъі
блаженыи|блаженъіі
иди|іді
и|і
съмотри|съмотрі
истѣѥ|істѣе
еда|еда
остало|остало
сѧ|сѧ
или|ілі
мало|мало
чьто|чьто
ѿ|от
нѥго|него
бѹдеть|боудеть
онъ|онъ
же|же
ѿвѣщаваше|отвѣщаваше
рекыи|рекъіі
ими|імі
ми|мі
вѣрѹ|вѣроу
оч҃е|оч҃е
ꙗко|ꙗко
и|і
съсѹдъ|съсоудъ
тъ|тъ
въ|въ
немьже|немьже
бѣ|бѣ
таковоѥ|таковое
пиво|піво
опровратихъ|опровратіхъ
и|і
тако|тако
ниць|ніць
положихъ|положіхъ
тоже|тоже
блаженыи|блаженъіі
иже|іже
по|по
истинѣ|істінѣ
испълънѥнъ|іспълъненъ
дх҃овьныꙗ|дх҃овьнъіꙗ
бл҃годѣти|бл҃годѣті
гл҃а|гл҃а
томѹ|томоу
сь|сь
иди|іді
по|по
гл҃ѹ|гл҃оу
моѥмѹ|моемоу
и|і
въ|въ
имѧ|імѧ
г҃а|г҃а
нашего|нашего
іс҃у|іс҃у
ха҃|ха҃
обрѧщеши|обрѧщеші
медъ|медъ
въ|въ
съсѹдѣ|съсоудѣ
томь|томь
онъ|онъ
же|же
вѣрѹ|вѣроу
имъ|імъ
блаженомѹ|блаженомоу
ѿиде|отіде
и|і
пришьдъ|прішьдъ
въ|въ
храмъ|храмъ
и|і
по|по
словеси|словесі
ст҃ааго|ст҃ааго
оц҃ѧ|оц҃ѧ
нашего|нашего
ѳеѡдосиꙗ|ѳеодосіꙗ
обрѣте|обрѣте
бъчьвь|бъчьвь
тѹ|тоу
правѣ|правѣ
положенѹ|положеноу
и|і
пълънѹ|пълъноу
сѹщю|соущоу
медѹ|медоу
въ|въ
страсѣ|страсѣ
же|же
бывъ|бъівъ
и|і
въскорѣ|въскорѣ
шьдъ|шьдъ
съповѣда|съповѣда
блаженомѹ|блаженомоу
бывъшеѥ|бъівъшее
гл҃а|гл҃а
томѹ|томоу
блаженыи|блаженъіі
мълъчи|мълъчі
чадо|чадо
и|і
не|не
рьци|рьці
никомѹже|нікомоуже
о|о
томь|томь
слова|слова
нъ|нъ
иди|іді
и|і
носи|носі
ѥлико|еліко
ти|ті
на|на
трѣбѹ|трѣбоу
кънѧзю|кънѧзю
и|і
сѹщиимъ|соущіімъ
съ|съ
нимь|німь
ѥще|еще
же|же
и|і
братии|братіі
подаи|подаі
ѿ|от
нѥго|него
да|да
пиють|піють
се|се
бо|бо
бл҃гословлѥниѥ|бл҃гословленіе
б҃иѥ|б҃іе
ѥсть|есть
таче|таче
пакы|пакъі
дъждю|дъждоу
прѣставъшю|прѣставъшоу
ѿиде|отіде
х҃олюбьць|х҃олюбьць
въ|въ
домъ|домъ
свои|своі
бысть|бъість
же|же
тако|тако
бл҃гословлениѥ|бл҃гословленіе
въ|въ
домѹ|домоу
томь|томь
ꙗкоже|ꙗкоже
на|на
мъногы|мъногъі
дн҃и|дн҃і
довъльномъ|довъльномъ
имъ|імъ
тѣмь|тѣмь
быти|бъіті
въ|въ
ѥдинъ|едінъ
же|же
пакы|пакъі
ѿ|от
дн҃ии|дн҃іі
ѿ|от
ѥдиноꙗ|едіноꙗ
вьси|вьсі
приде|пріде
мьнихъ|мьніхъ
манастырьскыи|манастъірьскъіі
къ|къ
блаженомѹ|блаженомоу
оц҃ю|оц҃ю
нашемѹ|нашемоу
ѳеодосию|ѳеодосію
гл҃ꙗ|гл҃ꙗ
ꙗко|ꙗко
въ|въ
хлѣвинѣ|хлѣвінѣ
идеже|ідеже
скотъ|скотъ
затварѧѥмъ|затварѧемъ
жилище|жіліще
бѣсомъ|бѣсомъ
ѥсть|есть
тѣмь|тѣмь
же|же
и|і
многѹ|многоу
пакость|пакость
тѹ|тоу
творѧть|творѧть
въ|въ
нѥмь|немь
ꙗкоже|ꙗкоже
не|не
дадѹще|дадоуще
томѹ|томоу
ꙗсти|ꙗсті
многашьды|многашьдъі
же|же
и|і
прозвутеръ|прозвутеръ
мл҃твѹ|мл҃твоу
творить|творіть
и|і
водою|водою
ст҃ою|ст҃ою
покраплѧꙗ|покраплѧꙗ
то|то
же|же
ни|ні
тако|тако
осташа|осташа
сѧ|сѧ
зълии|зъліі
ти|ті
бѣси|бѣсі
творѧще|творѧще
мѹкѹ|моукоу
и|і
доселѣ|доселѣ
скотȣ|скотоу
тъгда|тъгда
же|же
оц҃ь|оц҃ь
нашь|нашь
ѳеѡдосии|ѳеодосіі
въорѹживъ|въороужівъ
сѧ|сѧ
на|на
нꙗ|нꙗ
постъмь|постъмь
и|і
молитвою|молітвою
по|по
гн҃ю|гн҃ю
гласѹ|гласоу
ѥже|еже
рече|рече
сь|сь
родъ|родъ
изгонить|ізгоніть
сѧ|сѧ
ничимьже|нічімьже
тъкъмо|тъкъмо
мл҃твою|мл҃твою
и|і
постъмь|постъмь
тѣмь|тѣмь
же|же
ѹповаꙗ|оуповаꙗ
блаженыи|блаженъіі
ꙗко|ꙗко
имать|імать
прогънати|прогънаті
ꙗ|ꙗ
ѿ|от
мѣста|мѣста
того|того
ꙗкоже|ꙗкоже
дрѣвле|дрѣвле
ѿ|от
мѣсильницѧ|мѣсільніцѧ
и|і
прииде|прііде
въ|въ
село|село
то|то
и|і
вечеръ|вечеръ
въниде|въніде
ѥдинъ|едінъ
въ|въ
хлѣвинѹ|хлѣвіноу
тѹ|тоу
идеже|ідеже
бѣси|бѣсі
жилище|жіліще
имѧхѹть|імѧхоуть
и|і
затворивъ|затворівъ
двьри|двьрі
тѹ|тоу
же|же
прѣбы҃c|прѣбъі҃с
до|до
ѹтрьнꙗꙗ|оутрьнꙗꙗ
мл҃твѹ|мл҃твоу
творѧ|творѧ
ꙗкоже|ꙗкоже
ѿ|от
того|того
ча҃с|ча҃с
не|не
ꙗвити|ꙗвіті
сѧ|сѧ
бѣсомъ|бѣсомъ
на|на
то|то
мѣсто|мѣсто
се|се
же|же
ни|ні
въ|въ
дворѣ|дворѣ
пакости|пакості
творити|творіті
никомȣже|нікомоуже
мл҃твами|мл҃твамі
пр҃пдбьнааго|пр҃пдбьнааго
оц҃ѧ|оц҃ѧ
нашего|нашего
ѳеѡдосиꙗ|ѳеодосіꙗ
ꙗко|ꙗко
се|се
орѹжиѥмь|ороужіемь
ѿгънани|отгънані
быша|бъіша
ѿ|от
вьси|вьсі
тоꙗ|тоꙗ
и|і
тако|тако
пакы|пакъі
блаженыи|блаженъіі
приде|пріде
въ|въ
манастырь|манастъірь
свои|своі
ꙗко|ꙗко
храбъръ|храбъръ
сильнъ|сільнъ
побѣдивъ|побѣдівъ
зълыꙗ|зълъіꙗ
дх҃ы|дх҃ъі
пакостьствѹюща|пакостьствоующа
въ|въ
области|області
ѥго|его
пакы|пакъі
же|же
нѣколи|нѣколі
въ|въ
ѥдинъ|едінъ
ѿ|от
дн҃ии|дн҃іі
къ|къ
семѹ|семоу
блаженомѹ|блаженомоу
и|і
пр҃пдбьномѹ|пр҃пдбьномоу
оц҃ю|оц҃ю
нашемѹ|нашемоу
ѳеодосию|ѳеодосію
приде|пріде
старѣи|старѣі
пекѹщиимъ|пекоущіімъ
гл҃ꙗ|гл҃ꙗ
ꙗко|ꙗко
мѹкы|моукъі
не|не
имамъ|імамъ
на|на
испечениѥ|іспеченіе
хлѣбомъ|хлѣбомъ
братии|братіі
гл҃а|гл҃а
томȣ|томоу
блаженыи|блаженъіі
иди|іді
съглѧдаи|съглѧдаі
въ|въ
сѹсѣцѣ|соусѣцѣ
еда|еда
како|како
мало|мало
мѹкы|моукъі
ѡбрѧщеши|обрѧщеші
въ|въ
нѥмь|немь
донъдеже|донъдеже
пакы|пакъі
г҃ь|г҃ь
попечеть|попечеть
сѧ|сѧ
нами|намі
ѡнъ|онъ
же|же
вѣдѧаше|вѣдѧаше
сѧ|сѧ
ꙗко|ꙗко
и|і
помелъ|помелъ
бѣ|бѣ
сѹсѣкъ|соусѣкъ
тъ|тъ
и|і
въ|въ
ѥдинъ|едінъ
ѹгълъ|оугълъ
мало|мало
ѡтрѹбъ|отроубъ
ꙗко|ꙗко
се|се
съ|съ
троѣ|троѣ
или|ілі
съ|съ
четверы|четверъі
пригъръщѣ|прігъръщѣ
тѣмь|тѣмь
же|же
гл҃ааше|гл҃ааше
истинѹ|істіноу
ти|ті
вѣщаю|вѣщаю
оч҃е|оч҃е
ꙗко|ꙗко
азъ|азъ
самъ|самъ
пометохъ|пометохъ
сѹсѣкъ|соусѣкъ
тъ|тъ
и|і
нѣсть|нѣсть
въ|въ
нѥмь|немь
ничьсоже|нічьсоже
развѣ|развѣ
мало|мало
ѡтрѹбъ|отроубъ
въ|въ
ѹгълѣ|оугълѣ
ѥдиномь|едіномь
гл҃а|гл҃а
томѹ|томоу
оц҃ь|оц҃ь
вѣрѹ|вѣроу
ми|мі
ими|імі
чадо|чадо
ꙗко|ꙗко
мощьнъ|мощьнъ
ѥсть|есть
б҃ъ|б҃ъ
и|і
ѿ|от
тѣхъ|тѣхъ
малыихъ|малъііхъ
отрѹбъ|отроубъ
напълънить|напълъніть
намъ|намъ
сѹсѣкъ|соусѣкъ
тъ|тъ
мѹкы|моукъі
иже|іже
ꙗкоже|ꙗкоже
и|і
при|прі
илии|іліі
сътвори|сътворі
въдовици|въдовіці
онои|оноі
ѹмъноживъ|оумъножівъ
ѿ|от
ѥдинѣхъ|едінѣхъ
пригъръщь|прігъръщь
мȣкы|моукъі
множьство|множьство
ꙗкоже|ꙗкоже
прѣпитати|прѣпітаті
сѧ|сѧ
ѥи|еі
съ|съ
чады|чадъі
своими|своімі
въ|въ
гладьное|гладьное
врѣмѧ|врѣмѧ
донъдеже|донъдеже
гобино|гобіно
бы҃с|бъі҃с
въ|въ
людьхъ|людьхъ
се|се
бо|бо
нынѣ|нъінѣ
тъ ж|тъж
ѥсть|есть
и|і
мощьнъ|мощьнъ
ѥсть|есть
и|і
тако|тако
же|же
и|і
намъ|намъ
ѿ|от
мала|мала
мъного|мъного
сътворити|сътворіті
нъ|нъ
иди|іді
и|і
съмотри|съмотрі
еда|еда
бл҃гословлениѥ|бл҃гословленіе
бѹдеть|боудеть
на|на
сѹсѣцѣ|соусѣцѣ
томь|томь
то|то
же|же
слышавъ|слъішавъ
онъ|онъ
ѿиде|отіде
и|і
ꙗко|ꙗко
въниде|въніде
въ|въ
храмъ|храмъ
тъ|тъ
ти|ті
видѣ|відѣ
сѹсѣкъ|соусѣкъ
тъ|тъ
иже|іже
бѣ|бѣ
пьрьвѣѥ|пьрьвѣе
тъщь|тъщь
и|і
мл҃твами|мл҃твамі
пр҃пдбьнааго|пр҃пдбьнааго
оц҃ѧ|оц҃ѧ
нашего|нашего
ѳеодосиꙗ|ѳеодосіꙗ
пълънъ|пълънъ
сѹщь|соущь
мѹкы|моукъі
ꙗкоже|ꙗкоже
прѣсыпати|прѣсъіпаті
сѧ|сѧ
ѥи|еі
чрѣсъ|чрѣсъ
стѣнѹ|стѣноу
на|на
землю|землю
тъгда|тъгда
же|же
въ|въ
ѹжасти|оужасті
бы҃с|бъі҃с
видѧ|відѧ
таковоѥ|таковое
прѣславьноѥ|прѣславьное
чюдо|чоудо
и|і
въспѧтивъ|въспѧтівъ
сѧ|сѧ
блаженомѹ|блаженомоу
съповѣда|съповѣда
тоже|тоже
ст҃ыи|ст҃ъіі
къ|къ
томѹ|томоу
иди|іді
чадо|чадо
и|і
не|не
ꙗви|ꙗві
никомѹже|нікомоуже
сего|сего
нъ|нъ
сътвори|сътворі
по|по
обычаю|объічаю
братии|братіі
хлѣбы|хлѣбъі
се|се
бо|бо
молитвами|молітвамі
пр҃пдбьныꙗ|пр҃пдбьнъіꙗ
братиꙗ|братіꙗ
нашеꙗ|нашеꙗ
посъла|посъла
бъ҃|бъ҃
милость|мілость
свою|свою
къ|къ
намъ|намъ
подаꙗ|подаꙗ
намъ|намъ
вьсѧ|вьсѧ
на|на
потрѣбѹ|потрѣбоу
ѥгоже|егоже
аще|аще
хощемъ|хощемъ
тако|тако
ти|ті
тъщаниѥ|тъщаніе
бѣ|бѣ
къ|къ
бѹ҃|боу҃
надежа|надежа
пр҃пдбьнаго|пр҃пдбьнаго
феодоса|феодоса
и|і
тако|тако
ѹпованиѥ|оупованіе
имѧаше|імѧаше
къ|къ
гѹ҃|гоу҃
нашемѹ|нашемоу
іс҃у|іс҃у
хѹ҃|хоу҃
ꙗкоже|ꙗкоже
не|не
имѣти|імѣті
надежа|надежа
о|о
земьныихъ|земьнъііхъ
никоѥꙗже|нікоеꙗже
ни|ні
ѹповати|оуповаті
же|же
ни|ні
о|о
чемь же|чемьже
въ|въ
мирѣ|мірѣ
семь|семь
нъ|нъ
бѣ|бѣ
вьсею|вьсею
мыслию|мъіслію
и|і
вьсею|вьсею
дш҃ею|дш҃ею
къ|къ
бѹ҃|боу҃
въскланꙗꙗ|въскланꙗꙗ
сѧ|сѧ
и|і
на|на
того|того
вьсе|вьсе
ѹпованиѥ|оупованіе
възложь|възложь
никакоже|нікакоже
пекыи|пекъіі
сѧ|сѧ
о|о
ѹтрьнимь|оутрьнімь
дн҃е|дн҃е
и|і
гн҃ь|гн҃ь
гл҃ас|гл҃ас
по|по
вьсѧ|вьсѧ
дн҃и|дн҃і
имѧаше|імѧаше
на|на
памѧти|памѧті
ср҃дцѧ|ср҃дцѧ
своѥго|своего
ѥже|еже
рече|рече
не|не
пьцѣте|пьцѣте
сѧ|сѧ
ни|ні
о|о
чемь же|чемьже
и|і
съмотри|съмотрі
же|же
пътиць|пътіць
нб҃сьныихъ|нб҃сьнъііхъ
како|како
не|не
сѣють|сѣють
ни|ні
жьнють|жьнють
ниже|ніже
събирають|събірають
въ|въ
житьницѧ|жітьніцѧ
своꙗ|своꙗ
нъ|нъ
оц҃ь|оц҃ь
нб҃сьныи|нб҃сьнъіі
питаѥть|пітаеть
ꙗ|ꙗ
кольми|кольмі
паче|паче
тѣхъ|тѣхъ
ѹньше|оуньше
ѥсте|есте
вы|въі
тѣмь|тѣмь
же|же
по|по
вьсѧ|вьсѧ
нощи|нощі
молѧше|молѧше
сѧ|сѧ
къ|къ
бѹ҃|боу҃
съ|съ
сльзами|сльзамі
о|о
стадѣ|стадѣ
своѥмь|своемь
гл҃ꙗ|гл҃ꙗ
ꙗко|ꙗко
ты|тъі
н|н
ѥси|есі
влд҃ко|влд҃ко
съвъкѹпилъ|съвъкоупілъ
въ|въ
мѣсто|мѣсто
се|се
и|і
аще|аще
годѣ|годѣ
ти|ті
ѥсть|есть
жити|жіті
намъ|намъ
въ|въ
нѥмь|немь
бѹди|боуді
намъ|намъ
помощьникъ|помощьнікъ
и|і
податель|податель
вьсѣмъ|вьсѣмъ
бл҃гыимъ|бл҃гъіімъ
се|се
бо|бо
въ|въ
имѧ|імѧ
прѣст҃ыꙗ|прѣст҃ъіꙗ
мт҃ре|мт҃ре
твоѥꙗ|твоеꙗ
възграженъ|възграженъ
бы҃с|бъі҃с
домъ|домъ
сии|сіі
мы|мъі
же|же
пакы|пакъі
въ|въ
твоѥ|твое
имѧ|імѧ
събьраны|събьранъі
въ|въ
нь|нь
и|і
ты|тъі
съблюди|съблюді
ны|нъі
и|і
съхрани|съхрані
ѿ|от
вьсѧкого|вьсѧкого
съвѣта|съвѣта
вьселѹкавааго|вьселоукавааго
врага|врага
и|і
съподоби|съподобі
ны|нъі
полѹчити|полоучіті
вѣчьнѹю|вѣчьноую
жизнь|жізнь
присно|прісно
же|же
вълагаи|вълагаі
въ|въ
ср҃дцѧ|ср҃дцѧ
наша|наша
страхъ|страхъ
твои|твоі
ꙗко|ꙗко
да|да
тѣмь|тѣмь
причастимъ|прічастімъ
бл҃гаꙗ|бл҃гаꙗ
она|она
ꙗже|ꙗже
ѹготова|оуготова
правьдьникомъ|правьдьнікомъ
и|і
тако|тако
пакы|пакъі
по|по
вьсѧ|вьсѧ
дн҃и|дн҃і
прѣбывааше|прѣбъівааше
братию|братію
ѹча|оуча
и|і
ѹтѣшаѧ|оутѣшаѧ
и|і
запрѣщаꙗ|запрѣщаꙗ
же|же
никакоже|нікакоже
раслабѣти|раслабѣті
нъ|нъ
крѣпѣ|крѣпѣ
быти|бъіті
на|на
вьсѧ|вьсѧ
трѹды|троудъі
чьрьньчьскыꙗ|чьрьньчьскъіꙗ
и|і
тако|тако
прилежаниѥмь|прілежаніемь
стадо|стадо
своѥ|свое
пасѧаше|пасѧаше
блюды|блюдъі
и|і
еда|еда
нѣкако|нѣкако
зълокъзньныи|зълокъзньнъіі
вълъкъ|вълъкъ
въшьдъ|въшьдъ
распѹдить|распоудіть
бж҃ьствьноѥ|бж҃ьствьное
то|то
стадо|стадо
тѣмь|тѣмь
же|же
о|о
семь|семь
ꙗкоже|ꙗкоже
и|і
чл҃вкѹ|чл҃вкоу
нѣкоѥмѹ|нѣкоемоу
хо҃любивѹ|хо҃любівоу
и|і
боꙗщю|боꙗщоу
сѧ|сѧ
б҃а|б҃а
ꙗвлениѥмь|ꙗвленіемь
ѿкры|откръі
сѧ|сѧ
ѥже|еже
о|о
блаженѣмь|блаженѣмь
и|і
пр҃пдбьнѣмь|пр҃пдбьнѣмь
оц҃и|оц҃і
нашемь|нашемь
ѳеодосии|ѳеодосіі
и|і
о|о
прѣчистѣи|прѣчістѣі
того|того
и|і
непорочьнѣи|непорочьнѣі
мл҃твѣ|мл҃твѣ
ѥще|еще
же|же
и|і
о|о
ст҃ѣмь|ст҃ѣмь
того|того
манастыри|манастъірі
и|і
ѿ|от
того|того
пакы|пакъі
показѹꙗ|показоуꙗ
ино|іно
мѣсто|мѣсто
ꙗкоже|ꙗкоже
тѣмъ|тѣмъ
тѹ|тоу
прѣселити|прѣселіті
сѧ|сѧ
ѥсть|есть
бо|бо
мала|мала
гора|гора
надълежащи|надълежащі
надъ|надъ
манастырьмь|манастъірьмь
тѣмь|тѣмь
и|і
чл҃вкѹ|чл҃вкоу
томѹ|томоу
тѹда|тоуда
вь|вь
нощи|нощі
по|по
нѥи|неі
ѣдѹщю|ѣдоущоу
и|і
се|се
видѣти|відѣті
томѹ|томоу
чюдо|чоудо
испълънь|іспълънь
ѹжасти|оужасті
нощи|нощі
бо|бо
сѹщи|соущі
тьмьнѣ|тьмьнѣ
свѣтъ|свѣтъ
же|же
прѣчюдьнъ|прѣчоудьнъ
тъкъмо|тъкъмо
надъ|надъ
манастырьмь|манастъірьмь
блаженааго|блаженааго
и|і
се|се
ꙗко|ꙗко
възьрѣвъ|възьрѣвъ
видѣ|відѣ
прѣподобьнааго|прѣподобьнааго
ѳеодосиꙗ|ѳеодосіꙗ
въ|въ
свѣтѣ|свѣтѣ
томь|томь
посрѣдѣ|посрѣдѣ
манастырѧ|манастъірѧ
прѣдъ|прѣдъ
цр҃квию|цр҃квію
стоꙗща|стоꙗща
рѹцѣ|роуцѣ
же|же
на|на
нб҃о|нб҃о
въздѣвъшю|въздѣвъшоу
и|і
мл҃твѹ|мл҃твоу
къ|къ
б҃ѹ|б҃оу
прилѣжьно|прілѣжьно
творѧща|творѧща
таче|таче
томѹ|томоу
зьрѧщю|зьрѧщоу
и|і
чюдѧщю|чоудѧщоу
сѧ|сѧ
о|о
томь|томь
и|і
се|се
ино|іно
чюдо|чоудо
ꙗвльше|ꙗвльше
сѧ|сѧ
томѹ|томоу
пламень|пламень
великъ|велікъ
зѣло|зѣло
ѿ|от
вьрьха|вьрьха
цр҃къвьнааго|цр҃къвьнааго
ишьдъ|ішьдъ
и|і
акы|акъі
комара|комара
сътворивъ|сътворівъ
сѧ|сѧ
прѣиде|прѣіде
на|на
дрѹгыи|дроугъіі
хълъмъ|хълъмъ
и|і
тѹ|тоу
тѣмь|тѣмь
коньцьмь|коньцьмь
ста|ста
идеже|ідеже
блаженыи|блаженъіі
оц҃ь|оц҃ь
нашь|нашь
ѳеѡдосии|ѳеодосіі
цр҃квь|цр҃квь
назнамена|назнамена
начатъ|начатъ
зьдати|зьдаті
послѣже|послѣже
се|се
же|же
ꙗкоже|ꙗкоже
и|і
донынѣ|донъінѣ
ѥсть|есть
на|на
мѣстѣ|мѣстѣ
томь|томь
манастырь|манастъірь
славьнъ|славьнъ
сии|сіі
же|же
тако|тако
пламень|пламень
тъ|тъ
ꙗвлѧше|ꙗвлѧше
сѧ|сѧ
томѹ|томоу
ꙗко|ꙗко
дѹга|доуга
стоꙗ|стоꙗ
ѥдинѣмь|едінѣмь
коньцьмь|коньцьмь
на|на
вьрьхѹ|вьрьхоу
цр҃къвьнѣмь|цр҃къвьнѣмь
таче|таче
и|і
дрѹгыимь|дроугъіімь
на|на
нареченѣмь|нареченѣмь
мѣстѣ|мѣстѣ
донъдеже|донъдеже
томѹ|томоу
заѣхавъшю|заѣхавъшоу
за|за
горѹ|гороу
не|не
видѣти|відѣті
того|того
се|се
же|же
ꙗкоже|ꙗкоже
то|то
самъ|самъ
видѣвъ|відѣвъ
исповѣда|ісповѣда
ѥдиномѹ|едіномоу
ѿ|от
братиꙗ|братіꙗ
въ|въ
манастыри|манастъірі
блаженааго|блаженааго
иже|іже
истиньна|істіньна
сѹть|соуть
тѣмь|тѣмь
же|же
ѥсть|есть
лѣпо|лѣпо
намъ|намъ
съ|съ
бж҃ьствьныимь|бж҃ьствьнъіімь
иꙗковъмь|іꙗковъмь
рещи|рещі
ꙗко|ꙗко
ѥсть|есть
г҃ь|г҃ь
на|на
мѣстѣ|мѣстѣ
семь|семь
и|і
ѥсть|есть
ст҃о|ст҃о
мѣсто|мѣсто
се|се
и|і
нѣсть|нѣсть
ино|іно
нъ|нъ
се|се
домъ|домъ
би҃и|бі҃і
и|і
си|сі
врата|врата
небесьнаꙗ|небесьнаꙗ
и|і
се|се
же|же
пакы|пакъі
подобьно|подобьно
ѥсть|есть
рещи|рещі
ѥже|еже
ꙗко|ꙗко
пишеть|пішеть
сѧ|сѧ
таково|таково
о|о
ст҃ѣмь|ст҃ѣмь
и|і
велицѣмь|веліцѣмь
савѣ|савѣ
се|се
бо|бо
въ|въ
ѥдинѹ|едіноу
нощь|нощь
тако же|такоже
томѹ|томоу
шьдъшю|шьдъшоу
ис|іс
келиꙗ|келіꙗ
своѥꙗ|своеꙗ
и|і
молѧщю|молѧщоу
сѧ|сѧ
и|і
се|се
показа|показа
сѧ|сѧ
томѹ|томоу
стълъпъ|стълъпъ
огньнъ|огньнъ
до|до
нб҃се|нб҃се
сѹщь|соущь
таче|таче
по томь|потомь
ꙗкоже|ꙗкоже
дошьдъ|дошьдъ
мѣста|мѣста
того|того
и|і
обрѣте|обрѣте
въ|въ
нѥмь|немь
пещерѹ|пещероу
и|і
тѹ|тоу
тако|тако
въ|въ
мало|мало
дьнии|дьніі
сътвори|сътворі
манастырь|манастъірь
славьнъ|славьнъ
тако же|такоже
и|і
сьде|сьде
разѹмѣвати|разоумѣваті
ѥсть|есть
бѹ҃|боу҃
назнаменавъшю|назнаменавъшоу
мѣсто|мѣсто
то|то
еже|еже
ꙗко|ꙗко
видѣти|відѣті
ѥсть|есть
манастырь|манастъірь
славьнъ|славьнъ
сѹщь|соущь
на|на
мѣстѣ|мѣстѣ
томь|томь
иже|іже
и|і
донынѣ|донъінѣ
ѥсть|есть
мл҃твами|мл҃твамі
ѥго|его
цвьтѹщь|цвьтоущь
сицева|сіцева
ти|ті
бѣ|бѣ
блаженаго|блаженаго
оцѧ҃|оцѧ҃
нашего|нашего
ѳеодосиꙗ|ѳеодосіꙗ
молитва|молітва
ѥже|еже
къ|къ
бѹ҃|боу҃
о|о
стадѣ|стадѣ
своѥмь|своемь
и|і
о|о
мѣстѣ|мѣстѣ
томь|томь
и|і
сицево|сіцево
бъдѣниѥ|бъдѣніе
и|і
несъпаниѥ|несъпаніе
по|по
вьсѧ|вьсѧ
нощи|нощі
и|і
тако|тако
сиꙗше|сіꙗше
ꙗко|ꙗко
свѣтило|свѣтіло
прѣсвѣтьло|прѣсвѣтьло
въ|въ
манастыри|манастъірі
томь|томь
тѣмь|тѣмь
же|же
тако|тако
того|того
молитвами|молітвамі
бл҃гыи|бл҃гъіі
б҃ъ|б҃ъ
ино|іно
пакы|пакъі
чюдо|чоудо
показа|показа
о|о
стѣмь|стѣмь
томь|томь
мѣстѣ|мѣстѣ
человѣкомъ|человѣкомъ
близь|блізь
тѹ|тоу
помылꙗющемъ|помъілꙗющемъ
иже|іже
ꙗкоже|ꙗкоже
и|і
послѣже|послѣже
съповѣдаша|съповѣдаша
вьсеи|вьсеі
братии|братіі
бывъшеѥ|бъівъшее
въ|въ
ѥдинѹ|едіноу
бо|бо
нощь|нощь
слышаша|слъішаша
гласъ|гласъ
бещисльно|бещісльно
поющиихъ|поющііхъ
тоже|тоже
ꙗко|ꙗко
ти|ті
слышаша|слъішаша
гла҃с|гла҃с
тъ|тъ
въсташа|въсташа
ѿ|от
ложь|ложь
своихъ|своіхъ
и|і
ишьдъше|ішьдъше
исъ|ісъ
храмъ|храмъ
и|і
на|на
высоцѣ|въісоцѣ
мѣстѣ|мѣстѣ
ставъше|ставъше
съмотрѧхȣ|съмотрѧхоу
гласа|гласа
того|того
сиꙗше|сіꙗше
бо|бо
и|і
свѣтъ|свѣтъ
великъ|велікъ
надъ|надъ
манастырьмь|манастъірьмь
блаженаго|блаженаго
и|і
се|се
видѣша|відѣша
мъножьство|мъножьство
чьрьноризьць|чьрьнорізьць
исходѧщь|ісходѧщь
отъ|отъ
ветъхыꙗ|ветъхъіꙗ
црк҃ве|црк҃ве
и|і
бѧхȣть|бѧхоуть
грѧдѹще|грѧдоуще
на|на
нареченоѥ|нареченое
мѣсто|мѣсто
носѧхѹ|носѧхоу
же|же
прѣди|прѣді
иконѹ|іконоу
ст҃ыꙗ|ст҃ъіꙗ
бц҃ѧ|бц҃ѧ
вьси|вьсі
иже|іже
ти|ті
въ|въ
слѣдъ|слѣдъ
идѹще|ідоуще
поꙗхѹ|поꙗхоу
и|і
вьси|вьсі
въ|въ
рѹкахъ|роукахъ
свѣщѣ|свѣщѣ
горȣщѣ|гороущѣ
имѧхѹть|імѧхоуть
прѣдъ|прѣдъ
ними|німі
же|же
идѧше|ідѧше
прп҃дбьныи|прп҃дбьнъіі
оц҃ь|оц҃ь
ихъ|іхъ
и|і
наставьникъ|наставьнікъ
ѳеодосии|ѳеодосіі
таче|таче
дошьдъше|дошьдъше
мѣста|мѣста
того|того
тѹ|тоу
же|же
пѣниѥ|пѣніе
и|і
мл҃твѹ|мл҃твоу
сътворьше|сътворьше
възвращахѹ|възвращахоу
сѧ|сѧ
въспѧть|въспѧть
и|і
ꙗкоже|ꙗкоже
тѣмъ|тѣмъ
зьрѧщемъ|зьрѧщемъ
вънидоша|вънідоша
пакы|пакъі
поюще|поюще
въ|въ
ветъхѹю|ветъхоую
цр҃квь|цр҃квь
се|се
же|же
не|не
ѥдинъ|едінъ
ни|ні
дъва|дъва
видѣста|відѣста
нъ|нъ
мънози|мънозі
людиѥ|людіе
видѣвъше|відѣвъше
сиꙗ|сіꙗ
съповѣдаахѹ|съповѣдаахоу
си|сі
же|же
ꙗкоже|ꙗкоже
разѹмѣти|разоумѣті
ѥсть|есть
аньгеломъ|аньгеломъ
сице|сіце
ꙗвльшимъ|ꙗвльшімъ
сѧ|сѧ
быти|бъіті
имь|імь
же|же
ѿ|от
братиꙗ|братіꙗ
ни|ні
ѥдиномѹ|едіномоу
же|же
сихъ|сіхъ
чювъшю|чоувъшоу
бѹ҃|боу҃
сице|сіце
извольшю|ізвольшоу
и|і
съкрывъшю|съкръівъшоу
отъ|отъ
нихъ|ніхъ
таинѹ|таіноу
сию|сію
и|і
ꙗкоже|ꙗкоже
послѣже|послѣже
слышавъше|слъішавъше
прославиша|прославіша
б҃а|б҃а
творѧщааго|творѧщааго
чюдеса|чоудеса
велика|веліка
и|і
прославлѧющааго|прославлѧющааго
мѣсто|мѣсто
то|то
и|і
ос҃щающа|ос҃щающа
ѥ|е
молитвами|молітвамі
пр҃пдбьнааго|пр҃пдбьнааго
оц҃ѧ|оц҃ѧ
нашего|нашего
ѳеодосиѧ|ѳеодосіѧ
нъ|нъ
се|се
пакы|пакъі
лѣпо|лѣпо
ѥсть|есть
намъ|намъ
сиꙗ|сіꙗ
съповѣдавъше|съповѣдавъше
на|на
прокоѥ|прокое
похваление|похваленіе
блаженааго|блаженааго
съказаниѥ|съказаніе
поити|поіті
и|і
ꙗже|ꙗже
о|о
немь|немь
достоинаꙗ|достоінаꙗ
съ|съ
истиною|істіною
исповѣдающе|ісповѣдающе
ѥже|еже
по|по
г҃и|г҃і
нашемь|нашемь
іс҃у|іс҃у
х҃ѣ|х҃ѣ
того|того
рьвьниѥ|рьвьніе
се|се
бо|бо
и|і
сиць|сіць
обычаи|объічаі
имѧше|імѧше
блаженыи|блаженъіі
ꙗкоже|ꙗкоже
многашьды|многашьдъі
въ|въ
нощи|нощі
въстаꙗ|въстаꙗ
и|і
отаи|отаі
вьсѣхъ|вьсѣхъ
исхожааше|ісхожааше
къ|къ
жидомъ|жідомъ
и|і
тѣхъ|тѣхъ
еже|еже
о|о
х҃ѣ|х҃ѣ
прѣпираꙗ|прѣпіраꙗ
корѧ|корѧ
же|же
и|і
досажаꙗ|досажаꙗ
тѣмъ|тѣмъ
и|і
ꙗко|ꙗко
ѿметьникы|отметьнікъі
и|і
безаконьникы|безаконьнікъі
тѣхъ|тѣхъ
нарицѧꙗ|наріцѧꙗ
жьдаше|жьдаше
бо|бо
ѥже|еже
о|о
хв҃ѣ|хв҃ѣ
исповѣдании|ісповѣданіі
ѹбиѥнъ|оубіенъ
быти|бъіті
и|і
се|се
же|же
ꙗкоже|ꙗкоже
бѣ|бѣ
отъходѧ|отъходѧ
въ|въ
постьныꙗ|постьнъіꙗ
дн҃и|дн҃і
въ|въ
прѣжѣ реченѹю|прѣжѣреченоую
пещерѹ|пещероу
и|і
ѿтѹдѹ|оттоудоу
пакы|пакъі
многашьды|многашьдъі
ꙗкоже|ꙗкоже
того|того
не|не
вѣдѹщю|вѣдоущоу
никомѹже|нікомоуже
въ|въ
нощи|нощі
въставъ|въставъ
и|і
бѹ҃|боу҃
того|того
съблюдающю|съблюдающоу
ѿходѧаше|отходѧаше
ѥдинъ|едінъ
на|на
село|село
манастырьско|манастъірьско
и|і
тѹ|тоу
ѹготованѣ|оуготованѣ
сѹщи|соущі
пещерѣ|пещерѣ
въ|въ
съкръвенѣ|съкръвенѣ
мѣстѣ|мѣстѣ
и|і
никомѹже|нікомоуже
того|того
вѣдȣщю|вѣдоущоу
прѣбывааше|прѣбъівааше
въ|въ
неи|неі
ѥдинъ|едінъ
до|до
вьрьбьныꙗ|вьрьбьнъіꙗ
недѣлꙗ|недѣлꙗ
и|і
тако|тако
же|же
пакы|пакъі
прѣидѧше|прѣідѧше
пакы|пакъі
въ|въ
нощи|нощі
въ|въ
прѣже реченѹю|прѣжереченоую
пещерѹ|пещероу
и|і
ѿтѹда|оттоуда
въ|въ
пѧтъкъ|пѧтъкъ
вьрьбьныѧ|вьрьбьнъіѧ
нед҃лѧ|нед҃лѧ
къ|къ
братии|братіі
излазѧаше|ізлазѧаше
ꙗкоже|ꙗкоже
тѣмъ|тѣмъ
мьнѣти|мьнѣті
тѹ|тоу
ѥмѹ|емоу
прѣбывъшю|прѣбъівъшоу
въ|въ
постьныꙗ|постьнъіꙗ
дн҃и|дн҃і
и|і
тако|тако
прѣбывааше|прѣбъівааше
не|не
дадыи|дадъіі
себѣ|себѣ
покоꙗ|покоꙗ
бъдѣниѥмь|бъдѣніемь
и|і
мл҃твами|мл҃твамі
вьсѣми|вьсѣмі
нощьныими|нощьнъіімі
о|о
стадѣ|стадѣ
своѥмь|своемь
молѧ|молѧ
б҃а|б҃а
и|і
того|того
призываꙗ|прізъіваꙗ
помощьника|помощьніка
имъ|імъ
быти|бъіті
о|о
вьсѧкомь|вьсѧкомь
подвизѣ|подвізѣ
ихъ|іхъ
и|і
по|по
вьсѧ|вьсѧ
нощи|нощі
обиходѧ|обіходѧ
дворъ|дворъ
манастырьскыи|манастъірьскъіі
и|і
мл҃твѹ|мл҃твоу
творѧ|творѧ
и|і
тою|тою
огражаꙗ|огражаꙗ
и|і
ꙗко|ꙗко
градъмь|градъмь
твьръдъмь|твьръдъмь
стрѣгыи|стрѣгъіі
ꙗко|ꙗко
да|да
не|не
въшьдъ|въшьдъ
змии|зміі
лѹкавыи|лоукавъіі
плѣнить|плѣніть
кого|кого
ѿ|от
ѹченикъ|оученікъ
ѥго|его
и|і
тако|тако
бѣ|бѣ
оградилъ|ограділъ
вьсѧ|вьсѧ
области|області
ѥго|его
манастырьскыѧ|манастъірьскъіѧ
се|се
бо|бо
нѣколи|нѣколі
ꙗтомъ|ꙗтомъ
бывъшемъ|бъівъшемъ
мѹжемъ|моужемъ
разбои|разбоі
творѧщемъ|творѧщемъ
ѿ|от
нѣкыихъ|нѣкъііхъ
стрѣгѹщиихъ|стрѣгоущііхъ
домѹ|домоу
своѥго|своего
и|і
бысть|бъість
съвѧзаномъ|съвѧзаномъ
имъ|імъ
сѹщемъ|соущемъ
и|і
ведомомъ|ведомомъ
въ|въ
градъ|градъ
къ|къ
сѹдии|соудіі
и|і
се|се
по|по
изволѥнию|ізволенію
божию|божію
сълѹчи|сълоучі
сѧ|сѧ
имъ|імъ
миновати|міноваті
мимо|мімо
ѥдино|едіно
село|село
манастырьскоѥ|манастъірьское
и|і
ѥдинъ|едінъ
ѿ|от
зълодѣи|зълодѣі
тѣхъ|тѣхъ
съвѧзаныихъ|съвѧзанъііхъ
покывавъ|покъівавъ
главою|главою
на|на
село|село
то|то
гл҃ааше|гл҃ааше
ꙗкоже|ꙗкоже
нѣколи|нѣколі
въ|въ
ѥдинѹ|едіноу
нощь|нощь
приидохомъ|пріідохомъ
къ|къ
дворѹ|двороу
томѹ|томоу
разбои|разбоі
хотѧще|хотѧще
творити|творіті
и|і
поимати|поіматі
вьсѧ|вьсѧ
сѹщаѧ|соущаѧ
и|і
видѣхомъ|відѣхомъ
градъ|градъ
сѹщь|соущь
высокъ|въісокъ
зѣло|зѣло
ꙗко|ꙗко
не|не
мощи|мощі
намъ|намъ
приближити|прібліжіті
сѧ|сѧ
ѥмь|емь
сице|сіце
бо|бо
бѣ|бѣ
бл҃гыи|бл҃гъіі
б҃ь|б҃ь
оградилъ|ограділъ
невидимо|невідімо
вьсѧ|вьсѧ
та|та
съдьрьжаниꙗ|съдьрьжаніꙗ
мл҃твами|мл҃твамі
правьдьнааго|правьдьнааго
и|і
прп҃дбьнааго|прп҃дбьнааго
сего|сего
мѹжа|моужа
тѣмь|тѣмь
же|же
и|і
бж҃ьствьныи|бж҃ьствьнъіі
дв҃дъ|дв҃дъ
о|о
семь|семь
прѣдъизвѣща|прѣдъізвѣща
рекыи|рекъіі
очи|очі
гн҃и|гн҃і
на|на
правьдьныꙗ|правьдьнъіꙗ
и|і
ѹши|оуші
ѥго|его
въ|въ
мл҃твѹ|мл҃твоу
ихъ|іхъ
присно|прісно
бо|бо
вл҃дка|вл҃дка
съзьдавыи|съзьдавъіі
ны|нъі
прикладаѥть|прікладаеть
слѹха|слоуха
своꙗ|своꙗ
на|на
послѹшаниѥ|послоушаніе
призывающимъ|прізъівающімъ
и|і
въ|въ
истинѹ|істіноу
и|і
тако|тако
же|же
мл҃твȣ|мл҃твоу
ихъ|іхъ
ѹслышавъ|оуслъішавъ
сп҃се|сп҃се
ѧ|ѧ
сьде|сьде
же|же
по|по
воли|волі
ихъ|іхъ
и|і
прошению|прошенію
вьсѧ|вьсѧ
творить|творіть
имъ|імъ
же|же
ѹпъвающиимъ|оупъвающіімъ
на|на
нь|нь
сицево|сіцево
пр҃пдбьномѹ|пр҃пдбьномоу
и|і
прѣблаженомѹ|прѣблаженомоу
оц҃ю|оц҃ю
нашемѹ|нашемоу
ѳеодосию|ѳеодосію
пасѹщю|пасоущоу
стадо|стадо
своѥ|свое
съ|съ
вьсѧкыимь|вьсѧкъіімь
бл҃гочьстиѥмь|бл҃гочьстіемь
и|і
чистотою|чістотою
и|і
ѥще|еще
же|же
и|і
житиѥ|жітіе
свое|свое
съ|съ
въздьрьжаниѥмь|въздьрьжаніемь
и|і
подвигъмь|подвігъмь
исправлꙗющю|ісправлꙗющоу
бысть|бъість
въ|въ
то|то
врѣмѧ|врѣмѧ
съмѧтениѥ|съмѧтеніе
нѣкако|нѣкако
ѿ|от
вьселѹкавааго|вьселоукавааго
врага|врага
въ|въ
трьхъ|трьхъ
кънѧзьхъ|кънѧзьхъ
братии|братіі
сѹщемъ|соущемъ
по|по
плъти|плъті
ꙗкоже|ꙗкоже
дъвѣма|дъвѣма
брань|брань
сътворити|сътворіті
на|на
ѥдиного|едіного
старѣишааго|старѣішааго
си|сі
брата|брата
хо҃любьца|хо҃любьца
иже|іже
по|по
истинѣ|істінѣ
бо҃любьцѧ|бо҃любьцѧ
изѧслава|ізѧслава
тоже|тоже
тако|тако
тъ|тъ
прогънанъ|прогънанъ
бысть|бъість
ѿ|от
града|града
стольнааго|стольнааго
и|і
онѣма|онѣма
пришьдъшема|прішьдъшема
въ|въ
градъ|градъ
тъ|тъ
посылаета|посъілаета
же|же
по|по
бл҃женааго|бл҃женааго
оц҃а|оц҃а
нашего|нашего
ѳеодосиꙗ|ѳеодосіꙗ
бѣдѧща|бѣдѧща
того|того
прити|пріті
къ|къ
тѣма|тѣма
на|на
обѣдъ|обѣдъ
и|і
причетати|прічетаті
сѧ|сѧ
неправьдьнѣмь|неправьдьнѣмь
томь|томь
съвѣтѣ|съвѣтѣ
тоже|тоже
иже|іже
бѣ|бѣ
испълънѥнъ|іспълъненъ
дх҃а|дх҃а
ст҃го|ст҃го
пр҃пдбьныи|пр҃пдбьнъіі
же|же
ѳеодосии|ѳеодосіі
разѹмѣвь|разоумѣвь
ѥже|еже
неправьдьн|неправьдьн
сѹще|соуще
изгънаниѥ|ізгънаніе
еже|еже
о|о
хо҃любьци|хо҃любьці
гл҃ѥть|гл҃еть
посъланомѹ|посъланомоу
ꙗко|ꙗко
не|не
имамъ|імамъ
ити|іті
на|на
трѧпезѹ|трѧпезоу
вельзавелинѹ|вельзавеліноу
и|і
причастити|прічастіті
сѧ|сѧ
брашьна|брашьна
того|того
испълнь|іспълнь
сѹща|соуща
кръви|кръві
и|і
ѹбииства|оубііства
и|і
ина|іна
же|же
многа|многа
ѹкоризьна|оукорізьна
гл҃авъ|гл҃авъ
ѿпѹсти|отпоусті
того|того
рекыи|рекъіі
ꙗко|ꙗко
да|да
възвѣстиши|възвѣстіші
вьсѧ|вьсѧ
си|сі
посълавъшимъ|посълавъшімъ
тѧ|тѧ
нъ|нъ
обаче|обаче
она|она
аще|аще
и|і
слышаста|слъішаста
си|сі
нъ|нъ
не|не
възмогоста|възмогоста
прогнѣвати|прогнѣваті
сѧ|сѧ
на|на
нь|нь
видѧста|відѧста
бо|бо
правьдьна|правьдьна
сѹща|соуща
человѣка|человѣка
бж҃иꙗ|бж҃іꙗ
ни|ні
пакы|пакъі
же|же
послѹшаста|послоушаста
того|того
нъ|нъ
ѹстрьмиста|оустрьміста
сѧ|сѧ
на|на
прогънаниѥ|прогънаніе
брата|брата
своѥго|своего
иже|іже
ѿ|от
вьсеꙗ|вьсеꙗ
тоꙗ|тоꙗ
ѡбласти|області
отъгънаста|отъгънаста
того|того
и|і
тако|тако
възвратиста|възвратіста
сѧ|сѧ
въспѧть|въспѧть
и|і
ѥдиномȣ|едіномоу
сѣдъшю|сѣдъшоу
на|на
столѣ|столѣ
томь|томь
брата|брата
и|і
оц҃ѧ|оц҃ѧ
своѥго|своего
дрѹгомѹ|дроугомоу
же|же
възвративъшю|възвратівъшоу
сѧ|сѧ
въ|въ
область|область
свою|свою
тъгда|тъгда
же|же
оц҃ь|оц҃ь
нашь|нашь
ѳеодосии|ѳеодосіі
напълнивъ|напълнівъ
сѧ|сѧ
ст҃го|ст҃го
дх҃а|дх҃а
начатъ|начатъ
того|того
обличати|облічаті
ꙗко|ꙗко
неправьдьно|неправьдьно
сътворивъша|сътворівъша
и|і
не|не
по|по
законѹ|законоу
сѣдъша|сѣдъша
на|на
столѣ|столѣ
томь|томь
и|і
ꙗко|ꙗко
оц҃ѧ|оц҃ѧ
си|сі
и|і
брат҃|брат҃
старѣишаго|старѣішаго
прогьнавъша|прогьнавъша
тоже|тоже
тако|тако
обличаше|облічаше
того|того
овъгда|овъгда
епистолиꙗ|епістоліꙗ
пиша|піша
посылааше|посъілааше
томѹ|томоу
овъгда|овъгда
же|же
вельможамъ|вельможамъ
ѥго|его
приходѧщемъ|пріходѧщемъ
къ|къ
нѥмѹ|немоу
обличааше|облічааше
того|того
ѡ|о
неправьдьнѣмь|неправьдьнѣмь
прогънании|прогънаніі
брата|брата
велѧ|велѧ
тѣм|тѣм
повѣдати|повѣдаті
томѹ|томоу
се|се
же|же
послѣже|послѣже
въписа|въпіса
къ|къ
нѥмо|немо
епистолию|епістолію
великѹ|велікоу
зѣл|зѣл
обличаꙗ|облічаꙗ
того|того
и|і
гл҃ꙗ|гл҃ꙗ
гла҃с|гла҃с
кръве|кръве
брата|брата
твоѥго|твоего
въпиѥть|въпіеть
на|на
тѧ|тѧ
къ|къ
б҃ѹ|б҃оу
ꙗко|ꙗко
авелѥва|авелева
на|на
каина|каіна
и|і
инѣхъ|інѣхъ
многыихъ|многъііхъ
дрѣвьниихъ|дрѣвьнііхъ
гонитель|гонітель
и|і
ѹбоиникъ|оубоінікъ
и|і
братоненавидьникъ|братоненавідьнікъ
приводѧ|пріводѧ
и|і
притъчами|прітъчамі
томѹ|томоу
вьсѧ|вьсѧ
ѥже|еже
о|о
нѥмь|немь
ѹказавъ|оуказавъ
и|і
тако|тако
въписавъ|въпісавъ
посъла|посъла
и|і
ꙗко|ꙗко
тъ|тъ
прочьте|прочьте
епистолию|епістолію
тѹ|тоу
разгнѣва|разгнѣва
сѧ|сѧ
зѣло|зѣло
и|і
ꙗко|ꙗко
львъ|львъ
рикнѹвъ|рікноувъ
на|на
правьдьнааго|правьдьнааго
и|і
ѹдари|оударі
тою|тою
о|о
землю|землю
и|і
ꙗкоже|ꙗкоже
отътолѣ|отътолѣ
промъче|промъче
сѧ|сѧ
вѣсть|вѣсть
ѥже|еже
на|на
поточениѥ|поточеніе
ѡсѹженѹ|осоуженоу
быти|бъіті
блаженомѹ|блаженомоу
тоже|тоже
братиꙗ|братіꙗ
въ|въ
велицѣ|веліцѣ
печали|печалі
быша|бъіша
и|і
молѧахѹ|молѧахоу
блаженааго|блаженааго
остати|остаті
сѧ|сѧ
и|і
не|не
обличати|облічаті
ѥго|его
тоже|тоже
тако же|такоже
и|і
ѿ|от
болꙗръ|болꙗръ
мънози|мънозі
приходѧще|пріходѧще
повѣдахѹть|повѣдахоуть
ѥмѹ|емоу
гнѣвъ|гнѣвъ
кнѧжь|кнѧжь
на|на
того|того
сѹщь|соущь
и|і
молѧхѹть|молѧхоуть
и|і
не|не
сѹпротивити|соупротівіті
сѧ|сѧ
ѥмѹ|емоу
се|се
бо|бо
гл҃аахѹ|гл҃аахоу
на|на
заточениѥ|заточеніе
хочеть|хочеть
тѧ|тѧ
посълати|посълаті
си|сі
же|же
слышавъ|слъішавъ
блаженыи|блаженъіі
ꙗко|ꙗко
о|о
заточении|заточеніі
ѥго|его
рѣша|рѣша
въздрадова|въздрадова
сѧ|сѧ
дх҃ъмь|дх҃ъмь
и|і
рече|рече
къ|къ
тѣмъ|тѣмъ
се|се
бо|бо
о|о
семь|семь
вельми|вельмі
сѧ|сѧ
радȣю|радоую
братиѥ|братіе
ꙗко|ꙗко
ничьсоже|нічьсоже
ми|мі
блаже|блаже
въ|въ
житии|жітіі
семь|семь
еда|еда
бл҃годатьство|бл҃годатьство
имѣнию|імѣнію
лишениѥ|лішеніе
нѹдить|ноудіть
мѧ|мѧ
или|ілі
дѣтии|дѣтіі
ѿлѹчению|отлоученію
и|і
селъ|селъ
опечалѹеть|опечалоуеть
мѧ|мѧ
ничьсоже|нічьсоже
ѿ|от
таковыихъ|таковъііхъ
принесохомъ|прінесохомъ
въ|въ
миръ|міръ
сь|сь
нъ|нъ
нази|назі
родихомъ|родіхомъ
сѧ|сѧ
тако|тако
же|же
подобаѥть|подобаеть
намъ|намъ
нагомъ|нагомъ
проити|проіті
ѿ|от
свѣта|свѣта
сего|сего
тѣмь|тѣмь
же|же
готовъ|готовъ
ѥсмь|есмь
и|і
ли|лі
на|на
съмьрьть|съмьрьть
и|і
ѿтолѣ|оттолѣ
начатъ|начатъ
того|того
ѹкарѧти|оукарѧті
о|о
братоненавидѣнии|братоненавідѣніі
жадааше|жадааше
бо|бо
зѣло|зѣло
ѥже|еже
поточенѹ|поточеноу
быти|бъіті
нъ|нъ
обаче|обаче
нъ|нъ
аще|аще
и|і
вельми|вельмі
разгнѣвалъ|разгнѣвалъ
сѧ|сѧ
бѣ|бѣ
на|на
блаженааго|блаженааго
нъ|нъ
не|не
дьрьзнѹ|дьрьзноу
ни|ні
единого|едіного
же|же
зъла|зъла
и|і
скьрьбьна|скьрьбьна
сътворити|сътворіті
томȣ|томоу
видѧаше|відѧаше
бо|бо
мѹжа|моужа
прпдбьна|прпдбьна
и|і
правьдьна|правьдьна
сѹща|соуща
ѥго|его
ꙗкоже|ꙗкоже
прѣже|прѣже
многашьды|многашьдъі
ѥго|его
ради|раді
завидѧаше|завідѧаше
братѹ|братоу
своѥмѹ|своемоу
еже|еже
такого|такого
свѣтильника|свѣтільніка
имать|імать
въ|въ
области|області
своѥи|своеі
ꙗкоже|ꙗкоже
съповѣдаше|съповѣдаше
слышавъ|слъішавъ
ѿ|от
того|того
чьрноризьць|чьрнорізьць
павьлъ|павьлъ
игѹменъ|ігоуменъ
сыи|съіі
ѿ|от
ѥдиного|едіного
манастырѧ|манастъірѧ
сѹщиихъ|соущііхъ
въ|въ
области|області
ѥго|его
блаженыи|блаженъіі
же|же
оц҃ь|оц҃ь
нашь|нашь
ѳеодосии|ѳеодосіі
много|много
молимъ|молімъ
бывъ|бъівъ
ѿ|от
братьѣ|братьѣ
и|і
ѿ|от
вельможь|вельможь
наипаче|наіпаче
же|же
разѹмѣвъ|разоумѣвъ
ꙗко|ꙗко
ничьсоже|нічьсоже
ѹспѣшьно|оуспѣшьно
сими|сімі
словесы|словесъі
томȣ|томоу
оста|оста
сѧ|сѧ
ѥго|его
и|і
ѿтолѣ|оттолѣ
не|не
ѹкарѧаше|оукарѧаше
ѥго|его
о|о
томь|томь
помысливъ|помъіслівъ
же|же
въ|въ
себѣ|себѣ
ꙗко|ꙗко
ѹнѥ|оуне
ѥсть|есть
мольбою|мольбою
того|того
молити|моліті
да|да
бы|бъі
възвратилъ|възвратілъ
брата|брата
си|сі
въ|въ
область|область
свою|свою
не|не
по|по
мнозѣхъ|мнозѣхъ
же|же
дн҃ьхъ|дн҃ьхъ
разѹмѣвъ|разоумѣвъ
бл҃гыи|бл҃гъіі
кнѧзь|кнѧзь
тъ|тъ
прѣложениѥ|прѣложеніе
блаженааго|блаженааго
ѳеодосиꙗ|ѳеодосіꙗ
ѿ|от
гнѣва|гнѣва
и|і
ѹтѣшениѥ|оутѣшеніе
ѥже|еже
ѿ|от
обличениꙗ|обліченіꙗ
того|того
въздрадова|въздрадова
сѧ|сѧ
зѣло|зѣло
из|із
давьна|давьна
бо|бо
жадааше|жадааше
бесѣдовати|бесѣдоваті
съ|съ
нимь|німь
и|і
дх҃овьныихъ|дх҃овьнъііхъ
словесъ|словесъ
его|его
насытити|насъітіті
сѧ|сѧ
таче|таче
посылаѥть|посъілаеть
къ|къ
блаженомѹ|блаженомоу
аще|аще
повелить|повеліть
томѹ|томоу
прити|пріті
въ|въ
манастырь|манастъірь
свои|своі
или|ілі
ни|ні
ѡномѹ|ономоу
же|же
повелѣвъшȣ|повелѣвъшоу
томѹ|томоу
приити|прііті
тоже|тоже
сии|сіі
съ|съ
радостию|радостію
въставъ|въставъ
приде|пріде
съ|съ
болꙗры|болꙗръі
въ|въ
манастырь|манастъірь
ѥго|его
и|і
великомѹ|велікомоу
ѳеодосию|ѳеодосію
съ|съ
братиѥю|братіею
ишьдъшȣ|ішьдъшоу
ис|іс
цр҃кве|цр҃кве
и|і
по|по
обычаю|объічаю
сърѣтьшю|сърѣтьшоу
того|того
и|і
поклоньшема|поклоньшема
сѧ|сѧ
ꙗкоже|ꙗкоже
ѥ|е
лѣпо|лѣпо
кънѧзю|кънѧзю
и|і
томȣ|томоу
же|же
цѣловавъшю|цѣловавъшоу
бл҃женаго|бл҃женаго
таче|таче
гл҃аше|гл҃аше
се|се
оч҃е|оч҃е
не|не
дьрьзнѧхъ|дьрьзнѧхъ
приити|прііті
къ|къ
тебѣ|тебѣ
помышлѧꙗ|помъішлѧꙗ
еда|еда
како|како
гнѣваꙗ|гнѣваꙗ
сѧ|сѧ
на|на
мѧ|мѧ
и|і
не|не
въпѹстиши|въпоустіші
насъ|насъ
въ|въ
манастырь|манастъірь
тоже|тоже
блаженыи|блаженъіі
ѿвѣща|отвѣща
чьто|чьто
бо|бо
бл҃гыи|бл҃гъіі
вл҃дко|вл҃дко
ѹспѣѥть|оуспѣеть
гнѣвъ|гнѣвъ
нашь|нашь
ѥже|еже
на|на
дьрьжавѹ|дьрьжавоу
твою|твою
нъ|нъ
се|се
намъ|намъ
подобаѥть|подобаеть
обличити|облічіті
и|і
гл҃ати|гл҃аті
вамъ|вамъ
ѥже|еже
на|на
сп҃сениѥ|сп҃сеніе
дш҃и|дш҃і
и|і
вамъ|вамъ
лѣпо|лѣпо
ѥсть|есть
послѹшати|послоушаті
того|того
и|і
тако|тако
же|же
въшьдъшема|въшьдъшема
въ|въ
цр҃квь|цр҃квь
и|і
бывъши|бъівъші
молитвѣ|молітвѣ
сѣдоста|сѣдоста
и|і
блаженомѹ|блаженомоу
ѳеодосию|ѳеодосію
начьнъшю|начьнъшоу
гл҃ати|гл҃аті
томѹ|томоу
отъ|отъ
ст҃ыихъ|ст҃ъііхъ
кънигъ|кънігъ
и|і
много|много
ѹказавъшю|оуказавъшоу
ѥмѹ|емоу
ѡ|о
любъви|любъві
брата|брата
и|і
ономѹ|ономоу
пакы|пакъі
многȣ|многоу
винѹ|віноу
износѧщю|ізносѧщоу
на|на
брата|брата
своѥго|своего
и|і
того|того
ради|раді
не|не
хотѧщю|хотѧщоу
томȣ|томоу
съ|съ
тѣмь|тѣмь
мира|міра
сътворити|сътворіті
и|і
тако|тако
же|же
пакы|пакъі
по|по
мнозѣи|мнозѣі
тои|тоі
беседѣ|беседѣ
ѿиде|отіде
кнѧзь|кнѧзь
въ|въ
домъ|домъ
свои|своі
славѧ|славѧ
б҃а|б҃а
ꙗко|ꙗко
съподоби|съподобі
сѧ|сѧ
съ|съ
таковыимь|таковъіімь
мѹжьмь|моужьмь
бесѣдовати|бесѣдоваті
и|і
ѿтолѣ|оттолѣ
часто|часто
приходѧше|пріходѧше
къ|къ
немѹ|немоу
и|і
дх҃овьнаго|дх҃овьнаго
того|того
брашьна|брашьна
насыщаꙗ|насъіщаꙗ
сѧ|сѧ
паче|паче
медѹ|медоу
и|і
съта|съта
се|се
же|же
сѹть|соуть
словеса|словеса
блаженааго|блаженааго
ꙗже|ꙗже
исходѧахѹть|ісходѧахоуть
ѿ|от
медоточьныихъ|медоточьнъііхъ
ѹсть|оусть
тѣхъ|тѣхъ
многашьды|многашьдъі
же|же
великыи|велікъіі
ѳеодосии|ѳеодосіі
къ|къ
томѹ|томоу
хожаше|хожаше
и|і
тако|тако
въспоминаше|въспомінаше
томѹ|томоу
страхъ|страхъ
бж҃ии|бж҃іі
и|і
любъвь|любъвь
ѥже|еже
къ|къ
братѹ|братоу
и|і
въ|въ
ѥдинъ|едінъ
ѿ|от
дн҃ии|дн҃іі
шьдъшю|шьдъшоу
къ|къ
томѹ|томоу
бл҃гомѹ|бл҃гомоу
и|і
бо҃носьномѹ|бо҃носьномоу
оц҃ю|оц҃ю
нашемѹ|нашемоу
ѳеодосию|ѳеодосію
и|і
ꙗко|ꙗко
въниде|въніде
въ|въ
храмъ|храмъ
идеже|ідеже
бѣ|бѣ
кнѧзь|кнѧзь
сѣдѧ|сѣдѧ
и|і
се|се
видѣ|відѣ
многыꙗ|многъіꙗ
играюща|іграюща
прѣдъ|прѣдъ
нимь|німь
ѡвы|овъі
гѹсльныꙗ|гоусльнъіꙗ
гласы|гласъі
испѹщающемъ|іспоущающемъ
дрѹгыѧ|дроугъіѧ
же|же
оръганьныꙗ|оръганьнъіꙗ
гласы|гласъі
поющемъ|поющемъ
и|і
инѣмъ|інѣмъ
замарьныꙗ|замарьнъіꙗ
пискы|піскъі
гласѧщемъ|гласѧщемъ
и|і
тако|тако
вьсѣмъ|вьсѣмъ
играющемъ|іграющемъ
и|і
веселѧщемъ|веселѧщемъ
сѧ|сѧ
ꙗкоже|ꙗкоже
обычаи|объічаі
ѥсть|есть
прѣдъ|прѣдъ
кнѧзьмь|кнѧзьмь
блаженыи|блаженъіі
же|же
бѣ|бѣ
въскраи|въскраі
ѥго|его
сѣдѧ|сѣдѧ
и|і
долȣ|долоу
нича|ніча
и|і
ꙗко|ꙗко
малы|малъі
въсклонивъ|въсклонівъ
сѧ|сѧ
рече|рече
къ|къ
томѹ|томоу
то|то
бѹдеть|боудеть
ли|лі
сице|сіце
на|на
ономь|ономь
свѣтѣ|свѣтѣ
тоже|тоже
тѹ|тоу
абиѥ|абіе
онъ|онъ
съ|съ
словъмь|словъмь
блаженаго|блаженаго
ѹмили|оумілі
сѧ|сѧ
и|і
малы|малъі
просльзи|просльзі
си|сі
повелѣ|повелѣ
тѣмъ|тѣмъ
прѣстати|прѣстаті
и|і
ѿтолѣ|оттолѣ
аще|аще
коли|колі
приставѧше|пріставѧше
тыꙗ|тъіꙗ
играти|іграті
ти|ті
слышааше|слъішааше
блаженаго|блаженаго
пришьдъша|прішьдъша
то|то
повелѣвааше|повелѣвааше
тѣмъ|тѣмъ
прѣстати|прѣстаті
ѿ|от
таковыꙗ|таковъіꙗ
игры|ігръі
многашьды|многашьдъі
же|же
пакы|пакъі
ѥгда|егда
възвѣстѧхѹть|възвѣстѧхоуть
приходъ|пріходъ
томѹ|томоу
блаженаго|блаженаго
тоже|тоже
тако|тако
тъ|тъ
ишьдъ|ішьдъ
того|того
сърѣташе|сърѣташе
радѹꙗ|радоуꙗ
сѧ|сѧ
прѣдъ|прѣдъ
двьрьми|двьрьмі
храмѹ|храмоу
и|і
тако|тако
вънидоста|вънідоста
оба|оба
в|в
храмъ|храмъ
се|се
же|же
ꙗкоже|ꙗкоже
веселѧ|веселѧ
сѧ|сѧ
гл҃аше|гл҃аше
пр҃пдбьномѹ|пр҃пдбьномоу
се|се
оч҃е|оч҃е
истинѹ|істіноу
ти|ті
гл҃ю|гл҃ю
ꙗко|ꙗко
аще|аще
быша|бъіша
ми|мі
възвѣстили|възвѣстілі
оц҃ѧ|оц҃ѧ
въставъша|въставъша
ѿ|от
мьртвыихъ|мьртвъііхъ
не|не
быхъ|бъіхъ
сѧ|сѧ
тако|тако
радовалъ|радовалъ
ꙗко|ꙗко
о|о
приходѣ|пріходѣ
твоѥмь|твоемь
и|і
не|не
быхъ|бъіхъ
сѧ|сѧ
того|того
тако|тако
боꙗлъ|боꙗлъ
или|ілі
сѹмьнѣлъ|соумьнѣлъ
ꙗкоже|ꙗкоже
пр҃пдбьныꙗ|пр҃пдбьнъіꙗ
твоѥꙗ|твоеꙗ
дш҃а|дш҃а
блаженыи|блаженъіі
же|же
тоже|тоже
аще|аще
тако|тако
боиши|боіші
сѧ|сѧ
мене|мене
то|то
да|да
сътвори|сътворі
волю|волю
мою|мою
и|і
възврати|възвраті
брата|брата
своѥго|своего
на|на
столъ|столъ
иже|іже
ѥмѹ|емоу
бл҃говѣрьныи|бл҃говѣрьнъіі
оц҃ь|оц҃ь
свои|своі
прѣдасть|прѣдасть
онъ|онъ
же|же
о|о
семь|семь
ѹмълъче|оумълъче
не|не
могыи|могъіі
чьто|чьто
ѿвѣщати|отвѣщаті
къ|къ
симъ|сімъ
тольми|тольмі
бо|бо
бѣ|бѣ
и|і
врагъ|врагъ
раждьглъ|раждьглъ
гнѣвъмь|гнѣвъмь
на|на
брата|брата
своѥго|своего
ꙗко|ꙗко
ни|ні
слѹхъмь|слоухъмь
хотѧше|хотѧше
того|того
слышати|слъішаті
оц҃ь|оц҃ь
же|же
нашь|нашь
ѳеодосии|ѳеодосіі
бѣ|бѣ
по|по
вьсѧ|вьсѧ
дн҃и|дн҃і
и|і
нощи|нощі
молѧ|молѧ
б҃а|б҃а
о|о
хо҃любьци|хо҃любьці
изиславѣ|ізіславѣ
и|і
ѥще|еще
же|же
въ|въ
ектении|ектеніі
велѧ|велѧ
того|того
поминати|помінаті
ꙗко|ꙗко
стольномѹ|стольномоу
томѹ|томоу
кнѧзю|кнѧзю
и|і
старѣишю|старѣішоу
вьсѣхъ|вьсѣхъ
сего|сего
же|же
ꙗкоже|ꙗкоже
реч҃|реч҃
чрѣсъ|чрѣсъ
законъ|законъ
сѣдъшю|сѣдъшоу
на|на
столѣ|столѣ
томь|томь
не|не
велѧше|велѧше
поминати|помінаті
въ|въ
своѥмь|своемь
манастыри|манастъірі
ѡ|о
семь|семь
же|же
едъва|едъва
ѹмолѥнъ|оумоленъ
бывъ|бъівъ
ѿ|от
братиѣ|братіѣ
повелѣ|повелѣ
и|і
того|того
съ|съ
нимь|німь
поминати|помінаті
обаче|обаче
же|же
пьрьвоѥ|пьрьвое
хо҃любьцѧ|хо҃любьцѧ
ти|ті
тъгда|тъгда
сего|сего
благаго|благаго
великыи|велікъіі
же|же
никонъ|ніконъ
видѣвъ|відѣвъ
таковоѥ|таковое
съмѧтениѥ|съмѧтеніе
въ|въ
кнѧзихъ|кнѧзіхъ
сѹще|соуще
ѿиде|отіде
съ|съ
инѣма|інѣма
дъвѣма|дъвѣма
чьрьноризьцема|чьрьнорізьцема
въ|въ
прѣжереченыи|прѣжереченъіі
островъ|островъ
идеже|ідеже
бѣ|бѣ
манастырь|манастъірь
съставилъ|съставілъ
и|і
блаженомѹ|блаженомоу
ѳеодосию|ѳеодосію
мъного|мъного
того|того
моливъшю|молівъшоу
ꙗко|ꙗко
да|да
не|не
разлѹчити|разлоучіті
сѧ|сѧ
има|іма
донъдеже|донъдеже
ѥста|еста
въ|въ
плъти|плъті
и|і
не|не
ѿходити|отходіті
ѥмѹ|емоу
ѿ|от
нѥго|него
обаче|обаче
онъ|онъ
не|не
послѹшавъ|послоушавъ
ѥго|его
о|о
томь|томь
нъ|нъ
ꙗкоже|ꙗкоже
рече|рече
сѧ|сѧ
ѿиде|отіде
въ|въ
своѥ|свое
мѣсто|мѣсто
тъгда|тъгда
же|же
оц҃ь|оц҃ь
нашь|нашь
ѳеодосии|ѳеодосіі
напълнивъ|напълнівъ
сѧ|сѧ
дх҃а|дх҃а
ст҃го|ст҃го
начатъ|начатъ
бл҃годатию|бл҃годатію
бж҃иѥю|бж҃іею
подвизати|подвізаті
сѧ|сѧ
ꙗкоже|ꙗкоже
въселити|въселіті
томѹ|томоу
въ|въ
дрȣгоѥ|дроугое
мѣсто|мѣсто
помагающȣ|помагающоу
томѹ|томоу
ст҃омѹ|ст҃омоу
дх҃ѹ|дх҃оу
и|і
цр҃квь|цр҃квь
же|же
великѹ|велікоу
камениѥмь|каменіемь
възградити|възградіті
въ|въ
имѧ|імѧ
ст҃ыꙗ|ст҃ъіꙗ
бц҃ѧ|бц҃ѧ
и|і
приснодв҃ыꙗ|пріснодв҃ъіꙗ
мариꙗ|маріꙗ
пьрьвѣи|пьрьвѣі
бо|бо
цр҃кви|цр҃кві
древѧнѣ|древѧнѣ
сѹщи|соущі
и|і
малѣ|малѣ
на|на
приꙗтиѥ|пріꙗтіе
братии|братіі
въ|въ
начатъкъ|начатъкъ
же|же
таковааго|таковааго
дѣла|дѣла
събьра|събьра
сѧ|сѧ
множьство|множьство
людии|людіі
и|і
мѣсто|мѣсто
на|на
възгражениѥ|възграженіе
овѣмъ|овѣмъ
ова|ова
кажющемъ|кажоущемъ
инѣмъ|інѣмъ
же|же
ино|іно
и|і
вьсѣхъ|вьсѣхъ
не|не
бѣ|бѣ
подобьно|подобьно
мѣсто|мѣсто
кнѧжю|кнѧжоу
полю|полю
близь|блізь
прилежащю|прілежащоу
и|і
се|се
по|по
строю|строю
божию|божію
бѣ|бѣ
бл҃гыи|бл҃гъіі
кнѧзь|кнѧзь
ст҃ославъ|ст҃ославъ
тѹда|тоуда
минѹꙗ|міноуꙗ
и|і
видѣвъ|відѣвъ
многъ|многъ
народъ|народъ
въпроси|въпросі
чьто|чьто
творѧть|творѧть
тѹ|тоу
и|і
ꙗкоже|ꙗкоже
ѹвѣдѣвъ|оувѣдѣвъ
и|і
съвративъ|съвратівъ
конꙗ|конꙗ
приѣха|пріѣха
къ|къ
нимъ|німъ
и|і
ꙗко|ꙗко
ѿ|от
б҃а|б҃а
подвиженъ|подвіженъ
показа|показа
тѣмъ|тѣмъ
мѣсто|мѣсто
на|на
своѥмь|своемь
поли|полі
велѧ|велѧ
тѹ|тоу
възградити|възградіті
тѹ|тоу
таковѹю|таковоую
цр҃квь|цр҃квь
се|се
же|же
ꙗкоже|ꙗкоже
и|і
по|по
мл҃твѣ|мл҃твѣ
томѹ|томоу
самомѹ|самомоу
начатъкъ|начатъкъ
копанию|копанію
положити|положіті
бѣаше|бѣаше
же|же
и|і
самъ|самъ
блаженыи|блаженъіі
ѳеодосии|ѳеодосіі
по|по
вьсѧ|вьсѧ
дн҃и|дн҃і
съ|съ
братиею|братіею
подвизаꙗ|подвізаꙗ
сѧ|сѧ
и|і
трѹжаꙗ|троужаꙗ
о|о
възгражении|възграженіі
таковаго|таковаго
домѹ|домоу
обаче|обаче
аще|аще
и|і
но|но
съвьрьши|съвьрьші
ѥго|его
живъ|жівъ
сы|съі
нъ|нъ
се|се
и|і
по|по
съмьрьти|съмьрьті
того|того
стефанѹ|стефаноу
приимъшю|пріімъшоу
игѹменьство|ігоуменьство
и|і
б҃ѹ|б҃оу
помагающю|помагающоу
томѹ|томоу
молитвами|молітвамі
прп҃дбьнааго|прп҃дбьнааго
оц҃а|оц҃а
нашего|нашего
ѳеодосиꙗ|ѳеодосіꙗ
съвьрьшено|съвьрьшено
дѣло|дѣло
и|і
домъ|домъ
съграженъ|съграженъ
тѹ|тоу
же|же
братии|братіі
преселивъшемъ|преселівъшемъ
сѧ|сѧ
и|і
онъде|онъде
же|же
малѹ|малоу
ихъ|іхъ
оставъшю|оставъшоу
и|і
съ|съ
тѣми|тѣмі
прозвутерѹ|прозвутероу
и|і
диꙗконѹ|діꙗконоу
ꙗкоже|ꙗкоже
по|по
вьсѧ|вьсѧ
дн҃и|дн҃і
и|і
тѹ|тоу
ст҃аꙗ|ст҃аꙗ
литурьгиꙗ|літурьгіꙗ
съвьрьшаѥть|съвьрьшаеть
сѧ|сѧ
се|се
же|же
житиѥ|жітіе
пр҃пдбьнааго|пр҃пдбьнааго
и|і
блаженааго|блаженааго
оц҃ѧ|оц҃ѧ
нашего|нашего
ѳеодосиꙗ|ѳеодосіꙗ
ѥже|еже
ѿ|от
ѹны|оунъі
вьрьсты|вьрьстъі
до|до
сьде|сьде
ѿ|от
многаго|многаго
мало|мало
въписахъ|въпісахъ
къто|къто
бо|бо
довъльнъ|довъльнъ
вьсѧ|вьсѧ
по|по
рѧдѹ|рѧдоу
съписати|съпісаті
добраꙗ|добраꙗ
ѹправлениꙗ|оуправленіꙗ
сего|сего
блаженааго|блаженааго
мѹжа|моужа
къто|къто
же|же
възможеть|възможеть
по|по
достоꙗнию|достоꙗнію
ѥго|его
похвалити|похваліті
аще|аще
бо|бо
искѹшю|іскоушоу
сѧ|сѧ
того|того
достоино|достоіно
противѹ|протівоу
исправлѥнию|ісправленію
ѥго|его
похвалити|похваліті
нъ|нъ
не|не
възмогѹ|възмогоу
грѹбъ|гроубъ
сы|съі
и|і
неразѹмичьнъ|неразоумічьнъ
многашьды|многашьдъі
же|же
сего|сего
блаженаго|блаженаго
кнѧзи|кнѧзі
и|і
епс҃пи|епс҃пі
хотѣша|хотѣша
того|того
искѹсити|іскоусіті
осилꙗюще|осілꙗюще
словесы|словесъі
нъ|нъ
не|не
възмогоша|възмогоша
и|і
акы|акъі
о|о
камыкъ|камъікъ
бо|бо
приразивъше|пріразівъше
сѧ|сѧ
ѡскакахѹ|оскакахоу
ограженъ|ограженъ
бо|бо
бѣ|бѣ
вѣрою|вѣрою
и|і
надежею|надежею
ѥже|еже
къ|къ
гѹ҃|гоу҃
нашемѹ|нашемоу
іс҃у|іс҃у
х҃ѹ|х҃оу
и|і
въ|въ
себе|себе
жилище|жіліще
ст҃ааго|ст҃ааго
дх҃а|дх҃а
сьтвори|сьтворі
и|і
бы҃с|бъі҃с
въдовицѧмъ|въдовіцѧмъ
застѹпьникъ|застоупьнікъ
и|і
сирыимъ|сіръіімъ
помощьникъ|помощьнікъ
и|і
ѹбогыимъ|оубогъіімъ
застѹпьникъ|застоупьнікъ
и|і
съ|съ
проста|проста
рещи|рещі
вьсѧ|вьсѧ
приходѧщаꙗ|пріходѧщаꙗ
ѹча|оуча
и|і
ѹтѣшаꙗ|оутѣшаꙗ
ѿпѹщааше|отпоущааше
ѹбогыимъ|оубогъіімъ
же|же
подаваꙗ|подаваꙗ
ѥже|еже
на|на
потрѣбѹ|потрѣбоу
и|і
на|на
пищю|піщоу
тѣ҃м|тѣ҃м
мънози|мънозі
же|же
того|того
ѿ|от
несъмысльныихъ|несъмъісльнъііхъ
ѹкарѧхѹть|оукарѧхоуть
тоже|тоже
сии|сіі
съ|съ
радостию|радостію
та|та
приимааше|пріімааше
се|се
же|же
ꙗкоже|ꙗкоже
и|і
ѿ|от
ѹченикъ|оученікъ
своихъ|своіхъ
многашьды|многашьдъі
ѹкоризны|оукорізнъі
и|і
досажениꙗ|досаженіꙗ
томѹ|томоу
приимати|прііматі
нъ|нъ
обаче|обаче
онъ|онъ
б҃а|б҃а
молѧ|молѧ
за|за
вьсѧ|вьсѧ
прѣбываше|прѣбъіваше
и|і
ѥще|еще
же|же
и|і
о|о
хѹдости|хоудості
ризьнѣи|різьнѣі
мнози|мнозі
ѿ|от
невѣгла҃с|невѣгла҃с
ѹсмихающе|оусміхающе
сѧ|сѧ
томѹ|томоу
рѹгахѹть|роугахоуть
сѧ|сѧ
онъ|онъ
же|же
и|і
о|о
томь|томь
не|не
поскърьбѣ|поскърьбѣ
нъ|нъ
бѣ|бѣ
радѹꙗ|радоуꙗ
сѧ|сѧ
о|о
порѹгании|пороуганіі
своѥмь|своемь
и|і
о|о
ѹкоризнѣ|оукорізнѣ
и|і
вельми|вельмі
веселѧ|веселѧ
сѧ|сѧ
б҃а|б҃а
о|о
томь|томь
прославлѧше|прославлѧше
ꙗкоже|ꙗкоже
бо|бо
аще|аще
къто|къто
не|не
знаꙗ|знаꙗ
того|того
ти|ті
видѧше|відѧше
и|і
въ|въ
такои|такоі
одежи|одежі
сȣща|соуща
то|то
не|не
мьнѧаше|мьнѧаше
того|того
самого|самого
сѹща|соуща
блаженааго|блаженааго
игѹмена|ігоумена
нъ|нъ
ꙗко|ꙗко
ѥдиного|едіного
ѿ|от
варѧщиихъ|варѧщііхъ
се|се
бо|бо
и|і
въ|въ
ѥдинъ|едінъ
дн҃ь|дн҃ь
идѹщю|ідоущоу
томѹ|томоу
къ|къ
дѣлателѥмъ|дѣлателемъ
идеже|ідеже
бѣша|бѣша
црк҃вь|црк҃вь
зижющеи|зіжоущеі
сърѣте|сърѣте
и|і
того|того
ѹбога|оубога
въдовицѧ|въдовіцѧ
ꙗже|ꙗже
бѣ|бѣ
ѿ|от
сѹдии|соудіі
обидима|обідіма
и|і
гл҃а|гл҃а
томȣ|томоу
самомѹ|самомоу
блаженомȣ|блаженомоу
чьрьноризьче|чьрьнорізьче
повѣжь|повѣжь
ми|мі
аще|аще
дома|дома
ѥсть|есть
игѹменъ|ігоуменъ
вашь|вашь
гл҃а|гл҃а
тои|тоі
блаженыи|блаженъіі
чьто|чьто
трѣбѹѥши|трѣбоуеші
ѿ|от
нѥго|него
ꙗко|ꙗко
тъ|тъ
чл҃вкъ|чл҃вкъ
ѥсть|есть
грѣшьнъ|грѣшьнъ
гл҃а|гл҃а
томѹ|томоу
жена|жена
аще|аще
грѣшьнъ|грѣшьнъ
ѥсть|есть
не|не
вѣмь|вѣмь
тъкъмо|тъкъмо
се|се
вѣмь|вѣмь
ꙗко|ꙗко
многы|многъі
избави|ізбаві
ѿ|от
печали|печалі
и|і
напасти|напасті
и|і
сего|сего
ради|раді
и|і
азъ|азъ
прїдохъ|прідохъ
ꙗко|ꙗко
да|да
и|і
мнѣ|мнѣ
поможеть|поможеть
обидимѣ|обідімѣ
сѹщи|соущі
бес|бес
правьды|правьдъі
ѿ|от
сѹдии|соудіі
таче|таче
блаженыи|блаженъіі
ѹвѣдѣвъ|оувѣдѣвъ
ꙗже|ꙗже
о|о
нѥи|неі
съжали|съжалі
си|сі
гл҃а|гл҃а
тои|тоі
жено|жено
нынѣ|нъінѣ
иди|іді
въ|въ
домъ|домъ
свои|своі
и|і
се|се
ѥгда|егда
придеть|прідеть
игѹменъ|ігоуменъ
нашь|нашь
тоже|тоже
азъ|азъ
възвѣщю|възвѣщоу
ѥмѹ|емоу
ѥже|еже
о|о
тебѣ|тебѣ
и|і
тъ|тъ
избавить|ізбавіть
тѧ|тѧ
ѿ|от
печали|печалі
тоꙗ|тоꙗ
то|то
же|же
слышавъши|слъішавъші
жена|жена
ѿъиде|отъіде
въ|въ
домъ|домъ
свои|своі
и|і
блаженыи|блаженъіі
иде|іде
къ|къ
сѹдии|соудіі
и|і
ѥже|еже
о|о
нѥи|неі
гл҃авъ|гл҃авъ
томѹ|томоу
избави|ізбаві
тѹ|тоу
ѿ|от
насилиꙗ|насіліꙗ
того|того
ꙗкоже|ꙗкоже
томѹ|томоу
посълавъшю|посълавъшоу
възвратити|възвратіті
тои|тоі
имьже|імьже
бѣ|бѣ
обидѧ|обідѧ
ю|ю
тако|тако
же|же
сии|сіі
блаженыи|блаженъіі
оц҃ь|оц҃ь
нашь|нашь
ѳеодосии|ѳеодосіі
многыимъ|многъіімъ
застѹпьникъ|застоупьнікъ
бысть|бъість
прѣдъ|прѣдъ
сѹдиꙗми|соудіꙗмі
и|і
кнѧзи|кнѧзі
избавлꙗꙗ|ізбавлꙗꙗ
тѣхъ|тѣхъ
не|не
бо|бо
можахѹть|можахоуть
ни|ні
въ|въ
чемь|чемь
прѣслѹшати|прѣслоушаті
его|его
вѣдѹще|вѣдоуще
и|і
правьдьна|правьдьна
и|і
ст҃а|ст҃а
не|не
бо|бо
ѥго|его
чьстѧхѹ|чьстѧхоу
чьстьныихъ|чьстьнъііхъ
ради|раді
пърътъ|пърътъ
или|ілі
свѣтьлыꙗ|свѣтьлъіꙗ
одежа|одежа
или|ілі
имѣниꙗ|імѣніꙗ
ради|раді
мъногаго|мъногаго
нъ|нъ
чистаго|чістаго
ѥго|его
ради|раді
житиꙗ|жітіꙗ
и|і
свѣтьлыꙗ|свѣтьлъіꙗ
дш҃а|дш҃а
и|і
поѹчениѥ|пооученіе
того|того
многыихъ|многъііхъ
ꙗже|ꙗже
кыпѧхѹть|къіпѧхоуть
сты҃мь|стъі҃мь
дх҃ъмь|дх҃ъмь
ѿ|от
ѹстъ|оустъ
ѥго|его
козьлины|козьлінъі
бо|бо
томѹ|томоу
бѣахѹть|бѣахоуть
ꙗко|ꙗко
многоцѣньнаꙗ|многоцѣньнаꙗ
и|і
свѣтьлаꙗ|свѣтьлаꙗ
одежа|одежа
власѧницѧ|власѧніцѧ
же|же
ꙗко|ꙗко
се|се
чьстьнаꙗ|чьстьнаꙗ
и|і
цс҃рьскаꙗ|цс҃рьскаꙗ
багърѧницѧ|багърѧніцѧ
и|і
тако|тако
тѣмь|тѣмь
величаѧ|велічаѧ
сѧ|сѧ
ходѧше|ходѧше
и|і
житиѥмь|жітіемь
бо҃ѹгодьно|бо҃оугодьно
поживъ|пожівъ
и|і
ѹже|оуже
на|на
коньць|коньць
житиꙗ|жітіꙗ
прѣшьдъ|прѣшьдъ
прѣже|прѣже
ѹвѣдѣвъ|оувѣдѣвъ
ѥже|еже
къ|къ
бѹ҃|боу҃
своѥ|свое
ѿшьствиѥ|отшьствіе
и|і
дьнь|дьнь
покоꙗ|покоꙗ
своѥго|своего
правьдьныимъ|правьдьнъіімъ
бо|бо
съмьрьть|съмьрьть
покои|покоі
ѥсть|есть
тъгда|тъгда
же|же
ѹже|оуже
повелѣ|повелѣ
събьрати|събьраті
вьсю|вьсю
братию|братію
и|і
ѥже|еже
въ|въ
селѣхъ|селѣхъ
или|ілі
на|на
инѹ|іноу
кѹю|коую
потрѣбѹ|потрѣбоу
шьли|шьлі
и|і
вьсѧ|вьсѧ
съзъвавъ|съзъвавъ
начатъ|начатъ
казати|казаті
тиѹны|тіоунъі
и|і
приставьникы|пріставьнікъі
и|і
слѹгы|слоугъі
ѥже|еже
прѣбывати|прѣбъіваті
комѹжьдо|комоужьдо
въ|въ
порѹченѣи|пороученѣі
ѥмȣ|емоу
слѹжьбѣ|слоужьбѣ
съ|съ
вьсѧкыимь|вьсѧкъіімь
прилежаниѥмь|прілежаніемь
и|і
съ|съ
страхъмь|страхъмь
бж҃иѥмь|бж҃іемь
въ|въ
покорении|покореніі
и|і
любъви|любъві
и|і
тако|тако
пакы|пакъі
вьсѧ|вьсѧ
съ|съ
сльзами|сльзамі
ѹчааше|оучааше
ѥже|еже
ѡ|о
сп҃сении|сп҃сеніі
дш҃и|дш҃і
и|і
бо҃ѹгодьнѣмь|бо҃оугодьнѣмь
житии|жітіі
и|і
о|о
пощении|пощеніі
и|і
ѥже|еже
къ|къ
цр҃кви|цр҃кві
тъщаниѥ|тъщаніе
и|і
въ|въ
тои|тоі
съ|съ
страхъмь|страхъмь
стоꙗниѥ|стоꙗніе
и|і
о|о
братолюбии|братолюбіі
и|і
ѡ|о
покорении|покореніі
ѥже|еже
не|не
тъкъмо|тъкъмо
къ|къ
старѣишинамъ|старѣішінамъ
нъ|нъ
и|і
къ|къ
съвьрьстьныимъ|съвьрьстьнъіімъ
себѣ|себѣ
любъвь|любъвь
и|і
покорениѥ|покореніе
имѣти|імѣті
гл҃авъ|гл҃авъ
отъпѹсти|отъпоусті
ꙗ|ꙗ
самъ|самъ
же|же
вълѣзъ|вълѣзъ
въ|въ
келию|келію
начатъ|начатъ
плакати|плакаті
сѧ|сѧ
биꙗ|біꙗ
въ|въ
пьрьси|пьрьсі
своꙗ|своꙗ
припадаꙗ|пріпадаꙗ
къ|къ
бѹ҃|боу҃
и|і
молѧ|молѧ
сѧ|сѧ
ѥмѹ|емоу
о|о
сп҃сении|сп҃сеніі
дш҃и|дш҃і
и|і
о|о
стадѣ|стадѣ
своѥмь|своемь
и|і
о|о
мѣстѣ|мѣстѣ
томь|томь
братиꙗ|братіꙗ
же|же
ишьдъше|ішьдъше
вънъ|вънъ
гл҃ахѹ|гл҃ахоу
къ|къ
себѣ|себѣ
чьто|чьто
ѹбо|оубо
сии|сіі
сицево|сіцево
гл҃еть|гл҃еть
еда|еда
къде|къде
ѿшьдъ|отшьдъ
съкрыти|съкръіті
сѧ|сѧ
хощеть|хощеть
въ|въ
таинѣ|таінѣ
мѣстѣ|мѣстѣ
ти|ті
жити|жіті
ѥдинъ|едінъ
и|і
намъ|намъ
не|не
вѣдѹщемъ|вѣдоущемъ
ѥго|его
ꙗкоже|ꙗкоже
многашьды|многашьдъі
въсхотѣ|въсхотѣ
тако|тако
сътворити|сътворіті
нъ|нъ
ѹмолѥнъ|оумоленъ
бывааше|бъівааше
о|о
томь|томь
ѿ|от
кнѧзꙗ|кнѧзꙗ
и|і
ѿ|от
вельможь|вельможь
братии|братіі
о|о
томь|томь
паче|паче
молѧщи|молѧщі
сѧ|сѧ
и|і
тако же|такоже
и|і
тѹ|тоу
тако|тако
тѣмъ|тѣмъ
мьнѧщемъ|мьнѧщемъ
таче|таче
по|по
сихъ|сіхъ
блаженаго|блаженаго
зимѣ|зімѣ
възгрозивъши|възгрозівъші
и|і
огню|огню
ѹже|оуже
лютѣ|лютѣ
распальшѹ|распальшоу
и|і
и|і
не|не
могыи|могъіі
къ|къ
томѹ|томоу
ничьтоже|нічьтоже
възлеже|възлеже
на|на
одрѣ|одрѣ
рекъ|рекъ
волꙗ|волꙗ
бж҃иꙗ|бж҃іꙗ
да|да
бѹдеть|боудеть
и|і
ꙗкоже|ꙗкоже
изволи|ізволі
сѧ|сѧ
ѥмѹ|емоу
о|о
мънѣ|мънѣ
тако|тако
да|да
сътворить|сътворіть
нъ|нъ
обаче|обаче
молю|молю
ти|ті
сѧ|сѧ
владыко|владъіко
мои|моі
милостивъ|мілостівъ
бѹди|боуді
дш҃и|дш҃і
моѥи|моеі
да|да
не|не
сърѧщеть|сърѧщеть
ѥꙗ|еꙗ
противьныихъ|протівьнъііхъ
лѹкавьство|лоукавьство
нъ|нъ
да|да
приимѹть|пріімоуть
ю|ю
ан҃гли|ан҃глі
твои|твоі
проводѧще|проводѧще
ю|ю
сквозѣ|сквозѣ
пронырьство|пронъірьство
тьмьныихъ|тьмьнъііхъ
тѣхъ|тѣхъ
мытарьство|мъітарьство
приводѧще|пріводѧще
ю|ю
къ|къ
твоѥго|твоего
милосьрьдиꙗ|мілосьрьдіꙗ
свѣтѹ|свѣтоу
и|і
си|сі
рекъ|рекъ
ѹмълъче|оумълъче
къ|къ
томѹ|томоу
не|не
могыи|могъіі
ничьтоже|нічьтоже
братии|братіі
же|же
въ|въ
велицѣ|веліцѣ
скърьби|скърьбі
и|і
печали|печалі
сѹщемъ|соущемъ
ѥго|его
ради|раді
по томь|потомь
онъ|онъ
г҃|г҃
дьни|дьні
не|не
може|може
ни|ні
гл҃ати|гл҃аті
къ|къ
комѹ|комоу
ни же|ніже
очию|очію
провести|провесті
ꙗко|ꙗко
многыимъ|многъіімъ
мьнѣти|мьнѣті
ꙗко же|ꙗкоже
ѹже|оуже
ѹмрѣтъ|оумрѣтъ
тъкъмо|тъкъмо
же|же
малы|малъі
видѧхѹть|відѧхоуть
и|і
ѥще|еще
сѹщю|соущоу
дш҃ю|дш҃ю
въ|въ
нѥмь|немь
таче|таче
по|по
трьхъ|трьхъ
дн҃ьхъ|дн҃ьхъ
въставъ|въставъ
и|і
братии|братіі
же|же
вьсеи|вьсеі
събьравъши|събьравъші
сѧ|сѧ
гл҃а|гл҃а
имъ|імъ
братиѥ|братіе
моꙗ|моꙗ
и|і
оц҃и|оц҃і
се|се
ꙗко|ꙗко
ѹже|оуже
вѣмь|вѣмь
врѣмѧ|врѣмѧ
житию|жітію
моѥмѹ|моемоу
коньчаваѥть|коньчаваеть
сѧ|сѧ
ꙗкоже|ꙗкоже
ꙗви|ꙗві
ми|мі
г҃ь|г҃ь
въ|въ
постьноѥ|постьное
врѣмѧ|врѣмѧ
сѹщю|соущоу
ми|мі
въ|въ
пещерѣ|пещерѣ
изити|ізіті
ѿ|от
свѣта|свѣта
сего|сего
вы|въі
же|же
помыслите|помъісліте
въ|въ
себѣ|себѣ
кого|кого
хощете|хощете
да|да
азъ|азъ
поставлю|поставлю
и|і
вамъ|вамъ
въ|въ
себе|себе
мѣсто|мѣсто
игѹмена|ігоумена
то|то
же|же
слышавъше|слъішавъше
братиꙗ|братіꙗ
въ|въ
великѹ|велікоу
печаль|печаль
и|і
плачь|плачь
въпадоша|въпадоша
и|і
по|по
сихъ|сіхъ
излѣзъше|ізлѣзъше
вънъ|вънъ
и|і
сами|самі
въ|въ
себѣ|себѣ
съвѣтъ|съвѣтъ
сътвориша|сътворіша
и|і
ꙗкоже|ꙗкоже
съ|съ
съвѣта|съвѣта
вьсѣхъ|вьсѣхъ
стефана|стефана
игѹмена|ігоумена
въ|въ
себѣ|себѣ
нарекоша|нарекоша
быти|бъіті
деместика|деместіка
сѹща|соуща
цр҃къвьнааго|цр҃къвьнааго
таче|таче
пакы|пакъі
въ|въ
дрѹгыи|дроугъіі
дн҃ь|дн҃ь
блаженыи|блаженъіі
оц҃ь|оц҃ь
нашь|нашь
ѳеодосии|ѳеодосіі
призъвавъ|прізъвавъ
вьсю|вьсю
братию|братію
гл҃а|гл҃а
имъ|імъ
чьто|чьто
чада|чада
помыслисте|помъіслісте
ли|лі
въ|въ
себѣ|себѣ
ѥже|еже
достоинѹ|достоіноу
быти|бъіті
въ|въ
ва҃с|ва҃с
игѹменѹ|ігоуменоу
они|оні
же|же
вьси|вьсі
рекоша|рекоша
ꙗко|ꙗко
стефанѹ|стефаноу
достоинѹ|достоіноу
быти|бъіті
по|по
тебѣ|тебѣ
игѹменьство|ігоуменьство
приꙗти|пріꙗті
блаженыи|блаженъіі
же|же
того|того
призъвавъ|прізъвавъ
и|і
бл҃гословивъ|бл҃гословівъ
игѹмена|ігоумена
имъ|імъ
въ|въ
себе|себе
мѣсто|мѣсто
нарече|нарече
оны|онъі
же|же
много|много
поѹчивъ|пооучівъ
ѥже|еже
покарѧти|покарѧті
сѧ|сѧ
томѹ|томоу
и|і
тако|тако
ѿпѹсти|отпоусті
ꙗ|ꙗ
нарекъ|нарекъ
имъ|імъ
дн҃ь|дн҃ь
прѣставлениꙗ|прѣставленіꙗ
своѥго|своего
ꙗко|ꙗко
въ|въ
сѹботѹ|соуботоу
по|по
възитии|възітіі
сл҃нцѧ|сл҃нцѧ
дш҃а|дш҃а
моѧ|моѧ
ѿлѹчить|отлоучіть
сѧ|сѧ
ѿ|от
тѣлесе|тѣлесе
моѥго|моего
и|і
пакы|пакъі
же|же
призъвавъ|прізъвавъ
стефана|стефана
ѥдиного|едіного
ѹчааше|оучааше
и|і
ѥже|еже
о|о
паствѣ|паствѣ
ст҃ааго|ст҃ааго
того|того
стада|стада
не|не
бо|бо
и|і
не|не
ѿлѹчаше|отлоучаше
сѧ|сѧ
ѿ|от
нѥго|него
слѹжа|слоужа
томѹ|томоу
съ|съ
съмѣрениѥмь|съмѣреніемь
бѣ|бѣ
бо|бо
ѹже|оуже
болѣзнию|болѣзнію
лютою|лютою
одьрьжимъ|одьрьжімъ
и|і
ꙗкоже|ꙗкоже
пришьдъши|прішьдъші
сѹботѣ|соуботѣ
и|і
дн҃и|дн҃і
освитающȣ|освітающоу
посълавъ|посълавъ
блаженыи|блаженъіі
призъва|прізъва
вьсю|вьсю
братию|братію
и|і
тако|тако
по|по
ѥдиномѹ|едіномоу
вьсѧ|вьсѧ
цѣлова|цѣлова
плачюща|плачоуща
сѧ|сѧ
и|і
кричаща|крічаща
ѡ|о
разлѹчении|разлоученіі
таковааго|таковааго
имъ|імъ
пастѹха|пастоуха
блаженыи|блаженъіі
и|і
же|же
гл҃а|гл҃а
имъ|імъ
сице|сіце
чада|чада
моꙗ|моꙗ
любимаꙗ|любімаꙗ
и|і
братиꙗ|братіꙗ
се|се
бо|бо
и|і
ѹтробою|оутробою
вьсѧ|вьсѧ
вы|въі
цѣлѹю|цѣлоую
ꙗко|ꙗко
ѿхожю|отхожоу
къ|къ
вл҃дцѣ|вл҃дцѣ
г҃ѹ|г҃оу
нашемѹ|нашемоу
і҃с|і҃с
х҃ѹ|х҃оу
и|і
се|се
вамъ|вамъ
игѹменъ|ігоуменъ
ѥгоже|егоже
сами|самі
изволисте|ізволісте
того|того
послѹшаите|послоушаіте
и|і
оц҃ѧ|оц҃ѧ
того|того
дх҃овьнааго|дх҃овьнааго
себѣ|себѣ
имѣите|імѣіте
и|і
того|того
боите|боіте
сѧ|сѧ
и|і
по|по
повелѣнию|повелѣнію
ѥго|его
вьсѧ|вьсѧ
творите|творіте
б҃ъ|б҃ъ
же|же
иже|іже
вьсѧ|вьсѧ
словъмь|словъмь
и|і
прѣмѹдростию|прѣмоудростію
сътвори|сътворі
тъ|тъ
васъ|васъ
бл҃гослови|бл҃гослові
и|і
сънабъди|сънабъді
ѿ|от
проныриваго|пронъіріваго
без|без
бѣды|бѣдъі
и|і
неподвижимѹ|неподвіжімоу
и|і
твьрьдѹ|твьрьдоу
ꙗже|ꙗже
къ|къ
томѹ|томоу
вѣрѹ|вѣроу
вашю|вашоу
да|да
съблюдеть|съблюдеть
въ|въ
ѥдиноѹмии|едінооуміі
и|і
въ|въ
ѥдинои|едіноі
любъви|любъві
до|до
послѣдьнꙗаго|послѣдьнꙗаго
издыханиꙗ|іздъіханіꙗ
въкѹпѣ|въкоупѣ
сѹще|соуще
даи|даі
же|же
вамъ|вамъ
бл҃годать|бл҃годать
ѥже|еже
работати|работаті
томѹ|томоу
бес|бес
прирока|прірока
и|і
быти|бъіті
вамъ|вамъ
въ|въ
ѥдиномь|едіномь
тѣлѣ|тѣлѣ
и|і
ѥдинѣмь|едінѣмь
дх҃ъмь|дх҃ъмь
въ|въ
съмѣрении|съмѣреніі
сѹщемъ|соущемъ
и|і
въ|въ
послȣшании|послоушаніі
да|да
бѹдете|боудете
съвьрьшени|съвьрьшені
ꙗкоже|ꙗкоже
и|і
оц҃ь|оц҃ь
вашь|вашь
нб҃сьныи|нб҃сьнъіі
съвьрьшенъ|съвьрьшенъ
ѥсть|есть
г҃ь|г҃ь
же|же
бѹди|боуді
съ|съ
вами|вамі
и|і
о|о
семь|семь
же|же
молю|молю
вы|въі
и|і
заклинаю|заклінаю
да|да
въ|въ
нѥи же|неіже
ѥсмь|есмь
одежи|одежі
нынѣ|нъінѣ
въ|въ
тои|тоі
да|да
положите|положіте
мѧ|мѧ
тако|тако
въ|въ
пещерѣ|пещерѣ
идеже|ідеже
постьныꙗ|постьнъіꙗ
дн҃и|дн҃і
прѣбываахъ|прѣбъіваахъ
ниже|ніже
ѡмываите|омъіваіте
ѹбогаго|оубогаго
моѥго|моего
тѣла|тѣла
и|і
да|да
никъто же|нікътоже
ѿ|от
людии|людіі
мене|мене
нъ|нъ
вы|въі
ѥдини|едіні
сами|самі
да|да
погребете|погребете
въ|въ
прѣже реченѣмь|прѣжереченѣмь
мѣстѣ|мѣстѣ
тѣло|тѣло
се|се
си|сі
же|же
слышавъше|слъішавъше
братиꙗ|братіꙗ
ѿ|от
ѹсть|оусть
ст҃го|ст҃го
оц҃ѧ|оц҃ѧ
плачь|плачь
и|і
сльзы|сльзъі
изъ|ізъ
очию|очію
испѹщаахѹ|іспоущаахоу
блаженыи|блаженъіі
же|же
пакы|пакъі
ѹтѣшаꙗ|оутѣшаꙗ
гл҃ааше|гл҃ааше
се|се
обѣщаю|обѣщаю
сѧ|сѧ
вамъ|вамъ
братиꙗ|братіꙗ
и|і
оц҃и|оц҃і
аще|аще
и|і
тѣлъмь|тѣлъмь
ѿхожю|отхожоу
ѿ|от
васъ|васъ
нъ|нъ
дх҃ъмь|дх҃ъмь
присно|прісно
бѹдѹ|боудоу
съ|съ
вами|вамі
и|і
се|се
ѥлико|еліко
же|же
васъ|васъ
въ|въ
манастыри|манастъірі
семь|семь
ѹмьреть|оумьреть
или|ілі
игѹменъмь|ігоуменъмь
къде|къде
ѿсъланъ|отсъланъ
аще|аще
и|і
грѣхы|грѣхъі
бѹдеть|боудеть
къто|къто
сътворилъ|сътворілъ
азъ|азъ
имамъ|імамъ
о|о
томь|томь
прѣдъ|прѣдъ
бъ҃мь|бъ҃мь
ѿвѣщати|отвѣщаті
а|а
иже|іже
ѿидеть|отідеть
къто|къто
о|о
себѣ|себѣ
ѿ|от
сего|сего
мѣста|мѣста
тоже|тоже
азъ|азъ
о|о
томь|томь
орѹдиꙗ|ороудіꙗ
не|не
имамъ|імамъ
ѡбаче|обаче
о|о
семь|семь
разѹмѣите|разоумѣіте
дьрьзновениѥ|дьрьзновеніе
моѥ|мое
ѥже|еже
къ|къ
бѹ҃|боу҃
ѥгда|егда
видите|відіте
вьсѧ|вьсѧ
благаꙗ|благаꙗ
ѹмножающаѧ|оумножающаѧ
сѧ|сѧ
въ|въ
манастыри|манастъірі
семь|семь
вѣдите|вѣдіте
ꙗко|ꙗко
близь|блізь
владыкы|владъікъі
нб҃сьнааго|нб҃сьнааго
ми|мі
сѹщю|соущоу
ѥгда|егда
ли|лі
видите|відіте
скѹдѣниѥ|скоудѣніе
сѹще|соуще
и|і
вьсѣмь|вьсѣмь
ѹмалѧюще|оумалѧюще
сѧ|сѧ
тъгда|тъгда
разѹмѣите|разоумѣіте
ꙗко|ꙗко
далече|далече
ми|мі
б҃а|б҃а
быти|бъіті
и|і
не|не
имѹща|імоуща
дьрьзновениꙗ|дьрьзновеніꙗ
молити|моліті
сѧ|сѧ
къ|къ
нѥмѹ|немоу
таче|таче
по|по
гл҃ѣхъ|гл҃ѣхъ
сихъ|сіхъ
ѿпȣсти|отпоусті
ꙗ|ꙗ
вънъ|вънъ
вьсѧ|вьсѧ
ни|ні
ѥдиного|едіного
же|же
ѹ|оу
себе|себе
оставивъ|оставівъ
ѥдинъ|едінъ
же|же
ѿ|от
братиѣ|братіѣ
иже|іже
вьсегда|вьсегда
слѹжааше|слоужааше
ѥмѹ|емоу
малѹ|малоу
сътворь|сътворь
скважьню|скважьню
съмотрѧше|съмотрѧше
ѥю|ею
и|і
се|се
блаженыи|блаженъіі
въставъ|въставъ
и|і
ниць|ніць
легъ|легъ
на|на
колѣнѹ|колѣноу
молѧше|молѧше
съ|съ
сльзами|сльзамі
мл҃стивааго|мл҃стівааго
б҃а|б҃а
ѡ|о
сп҃сении|сп҃сеніі
дш҃а|дш҃а
своѥꙗ|своеꙗ
вьсѧ|вьсѧ
ст҃ыꙗ|ст҃ъіꙗ
призываꙗ|прізъіваꙗ
на|на
помощь|помощь
и|і
наипаче|наіпаче
же|же
ст҃ѹю|ст҃оую
влд҃чцю|влд҃чцоу
нашю|нашоу
б҃цю|б҃цоу
и|і
тою|тою
г҃а|г҃а
б҃а|б҃а
сп҃са|сп҃са
нашего|нашего
і҃с|і҃с
х҃а|х҃а
молѧ|молѧ
ѡ|о
стадѣ|стадѣ
своѥмь|своемь
и|і
о|о
мѣстѣ|мѣстѣ
томь|томь
и|і
тако|тако
пакы|пакъі
по|по
молитвѣ|молітвѣ
възлеже|възлеже
на|на
мѣстѣ|мѣстѣ
своѥмь|своемь
и|і
мало|мало
полежавъ|полежавъ
таче|таче
възьрѣвъ|възьрѣвъ
на|на
нб҃о|нб҃о
и|і
великъмь|велікъмь
гл҃асмь|гл҃асмь
лице|ліце
весело|весело
имыи|імъіі
рече|рече
бл҃гословленъ|бл҃гословленъ
б҃ъ|б҃ъ
аще|аще
тако|тако
ѥсть|есть
то|то
ѹже|оуже
не|не
бою|бою
сѧ|сѧ
нъ|нъ
паче|паче
радѹꙗ|радоуꙗ
сѧ|сѧ
ѿхожю|отхожоу
свѣта|свѣта
сего|сего
се|се
же|же
ꙗкоже|ꙗкоже
разѹмѣти|разоумѣті
ѥсть|есть
ꙗко|ꙗко
обавлениѥ|обавленіе
нѣкоѥ|нѣкое
видѣвъ|відѣвъ
сице|сіце
издрече|іздрече
ꙗко|ꙗко
по томь|потомь
опрѧтавъ|опрѧтавъ
сѧ|сѧ
и|і
нозѣ|нозѣ
простьръ|простьръ
и|і
рѹцѣ|роуцѣ
на|на
пьрьсьхъ|пьрьсьхъ
крьстообразьнѣ|крьстообразьнѣ
положь|положь
прѣдасть|прѣдасть
ст҃ѹю|ст҃оую
тѹ|тоу
дш҃ю|дш҃ю
въ|въ
рѹцѣ|роуцѣ
бж҃ии|бж҃іі
и|і
прѣложи|прѣложі
сѧ|сѧ
къ|къ
сты҃имъ|стъі҃імъ
оц҃емъ|оц҃емъ
тъгда|тъгда
же|же
братиꙗ|братіꙗ
сътвориша|сътворіша
надъ|надъ
нимь|німь
плачь|плачь
великъ|велікъ
и|і
тако|тако
възьмъше|възьмъше
того|того
несоша|несоша
въ|въ
цр҃къвь|цр҃къвь
и|і
по|по
обычаю|объічаю
ст҃оѥ|ст҃ое
пѣниѥ|пѣніе
сътвориша|сътворіша
тъгда|тъгда
же|же
акы|акъі
нѣ|нѣ
ѿ|от
коѥго|коего
божьствьнааго|божьствьнааго
ꙗвлениꙗ|ꙗвленіꙗ
подвиже|подвіже
сѧ|сѧ
вѣрьныихъ|вѣрьнъііхъ
множьство|множьство
и|і
съ|съ
ѹсьрьдиѥмь|оусьрьдіемь
сами|самі
придоша|прідоша
и|і
бѣша|бѣша
прѣдъ|прѣдъ
враты|вратъі
сѣдѧще|сѣдѧще
и|і
ожидающе|ожідающе
донъдеже|донъдеже
блаженааго|блаженааго
изнесѹть|ізнесоуть
бл҃говѣрьныи|бл҃говѣрьнъіі
же|же
кнѧзь|кнѧзь
ст҃ославъ|ст҃ославъ
бѣ|бѣ
не|не
далече|далече
ѿ|от
манастырѧ|манастъірѧ
блаженааго|блаженааго
стоꙗ|стоꙗ
и|і
се|се
видѣ|відѣ
стълъпъ|стълъпъ
огньнъ|огньнъ
до|до
нб҃се|нб҃се
сѹщь|соущь
надъ|надъ
манастырьмь|манастъірьмь
тѣмь|тѣмь
сего|сего
же|же
инъ|інъ
никътоже|нікътоже
видѣ|відѣ
нъ|нъ
тъкъмо|тъкъмо
кнѧзь|кнѧзь
ѥдинъ|едінъ
и|і
ꙗкоже|ꙗкоже
ѿ|от
того|того
разȣмѣти|разоумѣті
прѣставлениѥ|прѣставленіе
блаженаго|блаженаго
и|і
гл҃а|гл҃а
сѹщимъ|соущімъ
съ|съ
нимь|німь
се|се
ꙗкоже|ꙗкоже
мьню|мьню
дн҃ьс|дн҃ьс
блаженыи|блаженъіі
ѳеодосии|ѳеодосіі
ѹмьре|оумьре
бѣ|бѣ
бо|бо
прѣже|прѣже
того|того
дн҃е|дн҃е
былъ|бъілъ
ѹ|оу
нѥго|него
и|і
видѣлъ|відѣлъ
болесть|болесть
ѥго|его
тѧжькѹ|тѧжькоу
сѹщю|соущоу
таче|таче
посълавъ|посълавъ
и|і
ѹвѣдѣвъ|оувѣдѣвъ
истѣѥ|істѣе
прѣставлениѥ|прѣставленіе
плака|плака
сѧ|сѧ
по|по
томь|томь
много|много
братии|братіі
же|же
врата|врата
затворивъшемъ|затворівъшемъ
и|і
никогоже|нікогоже
пѹстѧщемъ|поустѧщемъ
по|по
повѣлению|повѣленію
блаженааго|блаженааго
и|і
бѣша|бѣша
присѣдѧще|прісѣдѧще
надъ|надъ
нимь|німь
и|і
ожидающе|ожідающе
донъдеже|донъдеже
разидѹть|разідоуть
сѧ|сѧ
людиѥ|людіе
и|і
тако|тако
того|того
погребѹть|погребоуть
ꙗкоже|ꙗкоже
самъ|самъ
повелѣ|повелѣ
бѣша|бѣша
же|же
и|і
болꙗре|болꙗре
мнози|мнозі
пришьли|прішьлі
и|і
ти|ті
прѣдъ|прѣдъ
враты|вратъі
стоꙗще|стоꙗще
и|і
се|се
по|по
съмотрению|съмотренію
бж҃ию|бж҃ію
поѡблачило|пооблачіло
сѧ|сѧ
нб҃о|нб҃о
и|і
съниде|съніде
дъждь|дъждь
тоже|тоже
ти|ті
тако|тако
разбѣгоша|разбѣгоша
сѧ|сѧ
и|і
абиѥ|абіе
пакы|пакъі
дъждь|дъждь
прѣста|прѣста
и|і
сл҃нце|сл҃нце
въсиꙗ|въсіꙗ
и|і
тако|тако
того|того
несъше|несъше
въ|въ
прѣже реченѹю|прѣжереченоую
пещерѹ|пещероу
положиша|положіша
и|і
и|і
запечатьлѣвъше|запечатьлѣвъше
и|і
ѿидоша|отідоша
и|і
без|без
брашьна|брашьна
вьсь|вьсь
дьнь|дьнь
прѣбыша|прѣбъіша
ѹмрѣтъ|оумрѣтъ
же|же
оц҃ь|оц҃ь
нашь|нашь
ѳеодосии|ѳеодосіі
въ|въ
лѣто|лѣто
҂ᴤ҃|҂з҃
и|і
ф҃|ф҃
п҃|п҃
в҃|в҃
мс҃цѧ|мс҃цѧ
маиꙗ|маіꙗ
въ|въ
г҃|г҃
въ|въ
сѹботȣ|соуботоу
ꙗкоже|ꙗкоже
прорече|прорече
самъ|самъ
въсиꙗвъшю|въсіꙗвъшоу
сл҃нцю|сл҃нцоу
Въ|въ
лѣто|лѣто
же|же
то|то
мл҃твами|мл҃твамі
блаженааго|блаженааго
оц҃ѧ|оц҃ѧ
нашего|нашего
ѳеодосиꙗ|ѳеодосіꙗ
ѹмножи|оумножі
вьсѣхъ|вьсѣхъ
бл҃гыихъ|бл҃гъііхъ
въ|въ
манастыри|манастъірі
томь|томь
и|і
ѥще|еще
же|же
и|і
въ|въ
селѣхъ|селѣхъ
тѣхъ|тѣхъ
бысть|бъість
гобино|гобіно
и|і
въ|въ
скотѣхъ|скотѣхъ
же|же
приплодъкъ|пріплодъкъ
ꙗкоже|ꙗкоже
нѣсть|нѣсть
было|бъіло
николиже|ніколіже
о|о
семь|семь
же|же
ѹченикомъ|оученікомъ
ѥго|его
разѹмѣвъшемъ|разоумѣвъшемъ
и|і
обѣть|обѣть
ст҃го|ст҃го
оц҃ѧ|оц҃ѧ
въспомѧнѹвъше|въспомѧноувъше
прославиша|прославіша
б҃а|б҃а
ꙗко|ꙗко
такоꙗ|такоꙗ
бл҃годати|бл҃годаті
съподоби|съподобі
сѧ|сѧ
ѹчитель|оучітель
и|і
наставьникъ|наставьнікъ
ихъ|іхъ
си|сі
же|же
вѣдѣти|вѣдѣті
ѥсть|есть
ꙗкоже|ꙗкоже
и|і
донынѣ|донъінѣ
мл҃твами|мл҃твамі
ѥго|его
вьсѧ|вьсѧ
ѹмножають|оумножають
сѧ|сѧ
въ|въ
манастыри|манастъірі
ѥго|его
се|се
бо|бо
вьсѣмъ|вьсѣмъ
странамъ|странамъ
пограблѥномъ|пограбленомъ
ѿ|от
ратьныихъ|ратьнъііхъ
въ|въ
манастыри|манастъірі
блаженааго|блаженааго
болѥ|боле
ѹмножаеть|оумножаеть
сѧ|сѧ
м҃лтвами|м҃лтвамі
о҃ца|о҃ца
нашего|нашего
ѳеодосиѧ|ѳеодосіѧ
истиньна|істіньна
бо|бо
сѹть|соуть
вл҃дыкы|вл҃дъікъі
словеса|словеса
ꙗкоже|ꙗкоже
рече|рече
ꙗко|ꙗко
славѧщаꙗ|славѧщаꙗ
мѧ|мѧ
прославлю|прославлю
ꙗкоже|ꙗкоже
бж҃ьствьноѥ|бж҃ьствьное
писаниѥ|пісаніе
гл҃еть|гл҃еть
правьдьникъ|правьдьнікъ
аще|аще
ѹмьреть|оумьреть
живъ|жівъ
бѹдеть|боудеть
въ|въ
вѣкы|вѣкъі
ꙗко|ꙗко
не|не
прикоснеть|прікоснеть
сѧ|сѧ
ѥмѹ|емоу
съмьрьть|съмьрьть
и|і
ѿ|от
г҃а|г҃а
мьзда|мьзда
ѥго|его
и|і
надежа|надежа
ѥго|его
отъ|отъ
вышьнѧ҃аго|въішьнѧ҃аго
се|се
бо|бо
сии|сіі
пр҃пдбьныи|пр҃пдбьнъіі
оц҃ь|оц҃ь
нашь|нашь
ѳеодосии|ѳеодосіі
аще|аще
и|і
тѣлъмь|тѣлъмь
ѿлѹчи|отлоучі
сѧ|сѧ
ѿ|от
нас҃|нас҃
нъ|нъ
ꙗкоже|ꙗкоже
самъ|самъ
рече|рече
дх҃ъмь|дх҃ъмь
присно|прісно
съ|съ
нами|намі
ѥсть|есть
ꙗкоже|ꙗкоже
о|о
семь|семь
нынѣ|нъінѣ
исповѣмь|ісповѣмь
ѥже|еже
и|і
по|по
съмьрьти|съмьрьті
ѥго|его
бысть|бъість
болѧринѹ|болѧріноу
нѣкоѥмȣ|нѣкоемоу
въ|въ
гнѣвѣ|гнѣвѣ
велицѣ|веліцѣ
сѹщȣ|соущоу
ѿ|от
кнѧзѧ|кнѧзѧ
ꙗко|ꙗко
мънози|мънозі
приходѧще|пріходѧще
гл҃ахѹ|гл҃ахоу
ѥмѹ|емоу
ꙗко|ꙗко
на|на
поточениѥ|поточеніе
хощеть|хощеть
тѧ|тѧ
посълати|посълаті
кнѧзъ|кнѧзъ
тоже|тоже
онъ|онъ
молѧше|молѧше
сѧ|сѧ
б҃ѹ|б҃оу
прилѣжьно|прілѣжьно
и|і
ст҃го|ст҃го
оц҃ѧ|оц҃ѧ
нашего|нашего
ѳеодосиꙗ|ѳеодосіꙗ
призываꙗ|прізъіваꙗ
на|на
помощь|помощь
гл҃ꙗ|гл҃ꙗ
вѣдѣ|вѣдѣ
оч҃е|оч҃е
ꙗко|ꙗко
ст҃ъ|ст҃ъ
ѥси|есі
и|і
се|се
врѣмѧ|врѣмѧ
приспѣло|пріспѣло
ѥсть|есть
потъщи|потъщі
сѧ|сѧ
молѧ|молѧ
вл҃дкѹ|вл҃дкоу
нб҃сьнаго|нб҃сьнаго
и|і
да|да
избавить|ізбавіть
мѧ|мѧ
ѿ|от
напасти|напасті
сеꙗ|сеꙗ
и|і
се|се
въ|въ
ѥдинъ|едінъ
дн҃ь|дн҃ь
съпѧщю|съпѧщоу
томѹ|томоу
въ|въ
полѹдн҃ие|полоудн҃іе
и|і
се|се
ꙗви|ꙗві
сѧ|сѧ
ѥмѹ|емоу
оц҃ь|оц҃ь
нашь|нашь
ѳеодосии|ѳеодосіі
гл҃ѧ|гл҃ѧ
чьто|чьто
тако|тако
печалѹѥши|печалоуеші
сѧ|сѧ
или|ілі
мьниши|мьніші
ꙗко|ꙗко
азъ|азъ
ѿидохъ|отідохъ
ѿ|от
васъ|васъ
аще|аще
бо|бо
и|і
тѣлъмь|тѣлъмь
ѿлѹчихъ|отлоучіхъ
сѧ|сѧ
ѿ|от
васъ|васъ
нъ|нъ
дх҃ъмь|дх҃ъмь
вьсегда|вьсегда
съ|съ
вами|вамі
ѥсмь|есмь
и|і
се|се
въ|въ
ѹтрии|оутріі
дн҃ь|дн҃ь
призоветь|прізоветь
тѧ|тѧ
кнѧзь|кнѧзь
не|не
имыи|імъіі
гнѣва|гнѣва
ни|ні
ѥдиного|едіного
же|же
на|на
тѧ|тѧ
нъ|нъ
и|і
паки|пакі
въ|въ
своѥ|свое
мѣсто|мѣсто
ѹстроить|оустроіть
тѧ|тѧ
то|то
ѹже|оуже
не|не
ꙗко|ꙗко
въ|въ
сънѣ|сънѣ
видѣвъ|відѣвъ
нъ|нъ
въспрѧнѹвъшю|въспрѧноувъшоу
томѹ|томоу
и|і
задъ|задъ
видѣ|відѣ
блаженааго|блаженааго
излазѧща|ізлазѧща
вънъ|вънъ
из|із
двьрии|двьріі
и|і
се|се
же|же
словѹ|словоу
дѣло|дѣло
бы|бъі
ꙗкоже|ꙗкоже
рече|рече
томѹ|томоу
бл҃женыи|бл҃женъіі
тако|тако
же|же
и|і
събы҃с|събъі҃с
сѧ|сѧ
тоже|тоже
тъ|тъ
ѿтолѣ|оттолѣ
вѧщьшю|вѧщьшоу
любъвь|любъвь
имѧше|імѧше
къ|къ
манастырю|манастъірю
бл҃жнааго|бл҃жнааго
и|і
се|се
же|же
пакы|пакъі
мѹжь|моужь
нѣкыи|нѣкъіі
хотѧ|хотѧ
ѿити|отіті
на|на
пѹть|поуть
имыи|імъіі
же|же
лѹкъньце|лоукъньце
мало|мало
пълъно|пълъно
сѹще|соуще
сребра|сребра
принесе|прінесе
въ|въ
манастырь|манастъірь
бл҃жнаго|бл҃жнаго
оц҃а|оц҃а
нашего|нашего
ѳеодосиꙗ|ѳеодосіꙗ
и|і
прѣдасть|прѣдасть
ѥ|е
на|на
съблюдениѥ|съблюденіе
чьрьноризьцю|чьрьнорізьцоу
кононѹ|кононоу
ꙗко|ꙗко
дрѹгѹ|дроугоу
сѹщю|соущоу
знаемѹ|знаемоу
таче|таче
то|то
видѣвъ|відѣвъ
единъ|едінъ
ѿ|от
братиѣ|братіѣ
никола|нікола
именьмь|іменьмь
ѹꙗзвенъ|оуꙗзвенъ
бывъ|бъівъ
ѿ|от
бѣса|бѣса
на|на
нѥ|не
и|і
тако|тако
то|то
ѹкрадъ|оукрадъ
съкры|съкръі
кононъ|кононъ
же|же
въшьдъ|въшьдъ
въ|въ
келию|келію
свою|свою
и|і
съглѧдавъ|съглѧдавъ
не|не
обрѣте|обрѣте
того|того
тоже|тоже
въ|въ
печали|печалі
бы҃с|бъі҃с
въ|въ
велицѣ|веліцѣ
о|о
томь|томь
и|і
съ|съ
сльзами|сльзамі
молѧше|молѧше
сѧ|сѧ
бѹ҃|боу҃
и|і
часто|часто
призываꙗ|прізъіваꙗ
ст҃го|ст҃го
оц҃а|оц҃а
нашего|нашего
ѳеодосиꙗ|ѳеодосіꙗ
ꙗкоже|ꙗкоже
да|да
не|не
посрамленѹ|посрамленоу
быти|бъіті
томѹ|томоу
ѿ|от
давъшаго|давъшаго
на|на
съблюдениѥ|съблюденіе
томȣ|томоу
таче|таче
по|по
сихъ|сіхъ
мало|мало
ѹсънѹвъшю|оусъноувъшоу
томѹ|томоу
и|і
се|се
видѣ|відѣ
въ|въ
сънѣ|сънѣ
блаженаго|блаженаго
ѳеодосиꙗ|ѳеодосіꙗ
гл҃юща|гл҃юща
къ|къ
нѥмѹ|немоу
се|се
о|о
нѥмьже|немьже
печалѹеши|печалоуеші
сѧ|сѧ
чьрьноризьць|чьрьнорізьць
никола|нікола
възѧтъ|възѧтъ
ѥ|е
диꙗвольмь|діꙗвольмь
наѹщениемь|наоущеніемь
и|і
съкры|съкръі
ѥ|е
въ|въ
пещерѣ|пещерѣ
ѹказа|оуказа
же|же
ѥмѹ|емоу
и|і
мѣсто|мѣсто
гл҃ꙗ|гл҃ꙗ
иди|іді
никомȣже|нікомоуже
рекъ|рекъ
о|о
семь|семь
и|і
възьми|възьмі
своѥ|свое
ѡномѹ|ономоу
же|же
въспрѧнѹвъшю|въспрѧноувъшоу
и|і
радѹ|радоу
бывъшю|бъівъшоу
скоро|скоро
въставъ|въставъ
и|і
въжьгъ|въжьгъ
свѣщю|свѣщоу
иде|іде
на|на
ѹказаноѥ|оуказаное
ѥмѹ|емоу
мѣсто|мѣсто
и|і
обрѣте|обрѣте
по|по
словеси|словесі
ст҃го|ст҃го
оц҃ѧ|оц҃ѧ
и|і
възьмъ|възьмъ
несе|несе
въ|въ
келию|келію
свою|свою
хвалѧ|хвалѧ
и|і
славѧ|славѧ
б҃а|б҃а
и|і
ѹгодьника|оугодьніка
ѥго|его
блаженаго|блаженаго
ѳеодосиѧ|ѳеодосіѧ
прославлѧꙗ|прославлѧꙗ
и|і
се|се
же|же
пакы|пакъі
съповѣдахѹ|съповѣдахоу
ꙗко|ꙗко
ѥдинъ|едінъ
ѿ|от
клироса|кліроса
ст҃ыꙗ|ст҃ъіꙗ
и|і
великыꙗ|велікъіꙗ
цр҃кве|цр҃кве
софиꙗ|софіꙗ
болѧщю|болѧщоу
вельми|вельмі
огньмь|огньмь
жегомѹ|жегомоу
и|і
малы|малъі
же|же
въ|въ
сѧ|сѧ
пришьдъ|прішьдъ
молѧше|молѧше
б҃а|б҃а
и|і
ст҃го|ст҃го
оц҃а|оц҃а
нашего|нашего
ѳеодосиꙗ|ѳеодосіꙗ
ѡ|о
ѡслаблении|ослабленіі
болѥсти|болесті
и|і
тако|тако
едъва|едъва
пакы|пакъі
ѹсънѹвъ|оусъноувъ
видѣ|відѣ
бл҃женаго|бл҃женаго
ѳеѡдосиꙗ|ѳеодосіꙗ
палъкѹ|палъкоу
свою|свою
дающю|дающоу
ѥмѹ|емоу
и|і
гл҃юща|гл҃юща
възьми|възьмі
сию|сію
палъкѹ|палъкоу
и|і
ходи|ході
съ|съ
нѥю|нею
и|і
ономȣ|ономоу
възьмъшю|възьмъшоу
почю|почоу
ѿстѹплениѥ|отстоупленіе
болести|болесті
и|і
огню|огню
прѣстатиѥ|прѣстатіе
и|і
тако|тако
съповѣда|съповѣда
сѹщимъ|соущімъ
тѹ|тоу
ꙗвлениѥ|ꙗвленіе
блаженаго|блаженаго
и|і
ꙗкоже|ꙗкоже
ѿтолѣ|оттолѣ
възмогъ|възмогъ
и|і
шьдъ|шьдъ
въ|въ
манастырь|манастъірь
бл҃женааго|бл҃женааго
съповѣда|съповѣда
братии|братіі
како|како
ицѣлѣ|іцѣлѣ
ѿ|от
болести|болесті
млт҃вами|млт҃вамі
ст҃го|ст҃го
оц҃а|оц҃а
нашего|нашего
ѳеодосиѧ|ѳеодосіѧ
иже|іже
слышавъше|слъішавъше
прославиша|прославіша
б҃а|б҃а
давъшаго|давъшаго
такѹ|такоу
бл҃годать|бл҃годать
бл҃жномѹ|бл҃жномоу
рабѹ|рабоу
своѥмѹ|своемоу
си|сі
же|же
ꙗко|ꙗко
по|по
ѹмьрьтвии|оумьрьтвіі
бл҃жнаго|бл҃жнаго
оц҃а|оц҃а
нашего|нашего
ѳеодосиꙗ|ѳеодосіꙗ
стефанъ|стефанъ
же|же
игѹменьство|ігоуменьство
приимъ|пріімъ
подвизаше|подвізаше
сѧ|сѧ
о|о
зьдании|зьданіі
цр҃кви|цр҃кві
юже|юже
бѣ|бѣ
бл҃женыи|бл҃женъіі
началъ|началъ
зьдати|зьдаті
тоже|тоже
бл҃годатию|бл҃годатію
бж҃иѥю|бж҃іею
и|і
мл҃твами|мл҃твамі
пр҃пдбнго|пр҃пдбнго
оц҃а|оц҃а
нашего|нашего
ѳеодосиꙗ|ѳеодосіꙗ
въ|въ
мало|мало
лѣтъ|лѣтъ
съзьда на|съзьдана
бысть|бъість
цр҃кы|цр҃къі
и|і
манастырь|манастъірь
съграженъ|съграженъ
и|і
тѹ|тоу
же|же
вьсѣмъ|вьсѣмъ
прѣшьдъшемъ|прѣшьдъшемъ
въ|въ
ономь|ономь
же|же
мѣстѣ|мѣстѣ
ꙗкоже|ꙗкоже
рече|рече
сѧ|сѧ
малѹ|малоу
ихъ|іхъ
оставъшю|оставъшоу
имъже|імъже
обычаи|объічаі
осѹпающѹю|осоупающоую
братию|братію
тѹ|тоу
погрѣбати|погрѣбаті
се|се
же|же
ꙗкоже|ꙗкоже
и|і
близь|блізь
себе|себе
сѹщема|соущема
обѣма|обѣма
манастырема|манастъірема
ѥсть|есть
же|же
и|і
посрѣдѣ|посрѣдѣ
ѥю|ею
дворъ|дворъ
иже|іже
блаженыи|блаженъіі
оц҃ь|оц҃ь
нашь|нашь
ѳеодосии|ѳеодосіі
сътвори|сътворі
на|на
приꙗтиѥ|пріꙗтіе
нищимъ|ніщімъ
ꙗкоже|ꙗкоже
и|і
вьсѣмъ|вьсѣмъ
тѣмъ|тѣмъ
ѥдинѣмь|едінѣмь
съгражениемь|съграженіемь
быти|бъіті
разно|разно
же|же
дворы|дворъі
се|се
же|же
пакы|пакъі
ѹстави|оуставі
си|сі
и|і
оц҃ь|оц҃ь
нашь|нашь
стефанъ|стефанъ
да|да
въ|въ
ветъсѣи|ветъсѣі
цр҃кви|цр҃кві
по|по
вьсѧ|вьсѧ
дн҃и|дн҃і
слѹжьба|слоужьба
ст҃аꙗ|ст҃аꙗ
творить|творіть
сѧ|сѧ
за|за
ѹмирающѹю|оумірающоую
братию|братію
б҃ъ|б҃ъ
же|же
вьсѧ|вьсѧ
на|на
потрѣбѹ|потрѣбоу
и|і
тако|тако
ѹмножаше|оумножаше
сѧ|сѧ
мѣсто|мѣсто
то|то
бл҃годатию|бл҃годатію
божиѥю|божіею
и|і
мл҃твы|мл҃твъі
ради|раді
ст҃го|ст҃го
нашего|нашего
ѳеодосиꙗ|ѳеодосіꙗ
ненавидѧи|ненавідѧі
же|же
добра|добра
врагъ|врагъ
иже|іже
и|і
присно|прісно
бореть|бореть
сѧ|сѧ
съ|съ
рабы|рабъі
бж҃ии|бж҃іі
и|і
не|не
дасть|дасть
имъ|імъ
тако|тако
мирьно|мірьно
жити|жіті
нъ|нъ
пакы|пакъі
зълыими|зълъіімі
своими|своімі
къзньми|къзньмі
сѹпротивь|соупротівь
въстаеть|въстаеть
имъ|імъ
котерѹ|котероу
въ|въ
тѣхъ|тѣхъ
въздвизаꙗ|въздвізаꙗ
идеже|ідеже
бо|бо
брань|брань
вьсегда|вьсегда
многа|многа
и|і
побѣда|побѣда
тѹ|тоу
же|же
сѹпостатьнаꙗ|соупостатьнаꙗ
рать|рать
въставлѧꙗ|въставлѧꙗ
не|не
прѣстаѥть|прѣстаеть
се|се
бо|бо
таково|таково
съмѧте|съмѧте
сотона|сотона
створи|створі
въ|въ
нихъ|ніхъ
ꙗкоже|ꙗкоже
тѣмъ|тѣмъ
крамолѹ|крамолоу
створивъшемъ|створівъшемъ
стефана|стефана
ѿ|от
игѹменьства|ігоуменьства
ѿставиша|отставіша
си|сі
же|же
тако|тако
диꙗволъ|діꙗволъ
раждьже|раждьже
ꙗ|ꙗ
на|на
гнѣвъ|гнѣвъ
ꙗкоже|ꙗкоже
и|і
ѿ|от
манастырѧ|манастъірѧ
того|того
тъща|тъща
ѿгънаша|отгънаша
таче|таче
се|се
ꙗко|ꙗко
ѹвѣдѣша|оувѣдѣша
мнози|мнозі
ѿ|от
болѧръ|болѧръ
сн҃ове|сн҃ове
сѹще|соуще
въ|въ
покаꙗнии|покаꙗніі
томѹ|томоу
ꙗкоже|ꙗкоже
прѣдани|прѣдані
бл҃жныимь|бл҃жнъіімь
томѹ|томоу
съжалиша|съжаліша
сѧ|сѧ
зѣло|зѣло
ѥже|еже
тако|тако
дх҃овьныи|дх҃овьнъіі
оц҃ь|оц҃ь
ихъ|іхъ
посрамленъ|посрамленъ
бысть|бъість
и|і
ѿ|от
манастырѧ|манастъірѧ
ѿгънанъ|отгънанъ
ѥгоже|егоже
приꙗтъ|пріꙗтъ
ѿ|от
блаженаго|блаженаго
ѳеодисиѧ|ѳеодісіѧ
тоже|тоже
тако|тако
подавахѹть|подавахоуть
ѥмѹ|емоу
ѿ|от
имѣнии|імѣніі
своихъ|своіхъ
ѥже|еже
на|на
потрѣбѹ|потрѣбоу
того|того
тѣлеси|тѣлесі
и|і
на|на
инѹ|іноу
потрѣбѹ|потрѣбоу
онъ|онъ
же|же
и|і
тѹ|тоу
ѥмѹ|емоу
б҃ѹ|б҃оу
помагающю|помагающоу
мл҃твами|мл҃твамі
блж҃наго|блж҃наго
наставьника|наставьніка
ѥмѹ|емоу
и|і
оц҃ѧ|оц҃ѧ
ѳеодосиꙗ|ѳеодосіꙗ
състави|съставі
себѣ|себѣ
манастырь|манастъірь
и|і
цр҃квь|цр҃квь
възгради|възграді
въ|въ
имѧ|імѧ
ст҃ыꙗ|ст҃ъіꙗ
бц҃ѧ|бц҃ѧ
и|і
нарекъ|нарекъ
мѣсто|мѣсто
то|то
по|по
образѹ|образоу
сѹщааго|соущааго
въ|въ
костѧнтини градѣ|костѧнтініградѣ
из|із
лахерьна|лахерьна
и|і
бѣ|бѣ
по|по
вьсѧ|вьсѧ
лѣта|лѣта
праздьни къ|праздьнікъ
творѧ|творѧ
свѣтълъ|свѣтълъ
ст҃ѣи|ст҃ѣі
бц҃и|бц҃і
мсц҃ѧ|мсц҃ѧ
иѹлиꙗ|іоуліꙗ
въ|въ
в҃|в҃
дьнь|дьнь
си|сі
же|же
пакы|пакъі
по|по
изгънании|ізгънаніі
того|того
сѹще|соуще
и|і
въ|въ
манастыри|манастъірі
блаженааго|блаженааго
ѳеодосиꙗ|ѳеодосіꙗ
и|і
съ|съ
съвѣта|съвѣта
вьсѣхъ|вьсѣхъ
великааго|велікааго
никона|нікона
игѹмена|ігоумена
себѣ|себѣ
поставиша|поставіша
бѣ|бѣ
бо|бо
тъ|тъ
по|по
ѹсъпении|оусъпеніі
блаженааго|блаженааго
ѿ|от
мѣста|мѣста
своѥго|своего
пришьлъ|прішьлъ
въ|въ
манастырь|манастъірь
тъ|тъ
се|се
же|же
ꙗкоже|ꙗкоже
мьню|мьню
по|по
божию|божію
изволѥнию|ізволенію
быти|бъіті
того|того
мьню|мьню
поставлению|поставленію
ꙗкоже|ꙗкоже
томѹ|томоу
старѣишю|старѣішоу
сѹщю|соущоу
вьсѣхъ|вьсѣхъ
се|се
бо|бо
и|і
блаженыи|блаженъіі
оц҃ь|оц҃ь
нашь|нашь
ѳеодосии|ѳеодосіі
ѿ|от
того|того
рѹкѹ|роукоу
пострижениꙗ|постріженіꙗ
съподоби|съподобі
сѧ|сѧ
и|і
приꙗтъ|пріꙗтъ
ст҃го|ст҃го
и|і
ан҃гльскаго|ан҃гльскаго
образа|образа
мьнишьскааго|мьнішьскааго
тоже|тоже
многашьды|многашьдъі
окȣшааше|окоушааше
сѧ|сѧ
врагъ|врагъ
тако|тако
же|же
пакы|пакъі
тѣмь|тѣмь
съмѧтъше|съмѧтъше
и|і
на|на
того|того
крамолѹ|крамолоу
възложити|възложіті
нъ|нъ
не|не
възможе|възможе
ѡбаче|обаче
ѹже|оуже
мы|мъі
многыими|многъіімі
ѹказании|оуказаніі
о|о
семь|семь
сътворивъше|сътворівъше
повѣсть|повѣсть
сьде|сьде
да|да
ставимъ|ставімъ
слово|слово
се|се
бо|бо
ѥлико|еліко
же|же
выше|въіше
ѡ|о
блаженѣмь|блаженѣмь
и|і
велицѣмь|веліцѣмь
оц҃и|оц҃і
нашемь|нашемь
ѳеодосии|ѳеодосіі
оспытоваꙗ|оспъітоваꙗ
слышахъ|слъішахъ
ѿ|от
дрѣвьниихъ|дрѣвьнііхъ
мене|мене
оц҃ь|оц҃ь
бывъшиихъ|бъівъшііхъ
въ|въ
то|то
врѣмѧ|врѣмѧ
та|та
же|же
въписахъ|въпісахъ
азъ|азъ
грѣшьныи|грѣшьнъіі
несторъ|несторъ
мьнии|мьніі
вьсѣхъ|вьсѣхъ
въ|въ
манастыри|манастъірі
блаженаго|блаженаго
и|і
оц҃а|оц҃а
вьсѣхъ|вьсѣхъ
ѳеодосиꙗ|ѳеодосіꙗ
приꙗть|пріꙗть
же|же
быхъ|бъіхъ
въ|въ
нь|нь
прп҃дбныимь|прп҃дбнъіімь
игѹменъмь|ігоуменъмь
стефанъмь|стефанъмь
и|і
ꙗкоже|ꙗкоже
ѿ|от
того|того
остриженъ|остріженъ
бывъ|бъівъ
и|і
мьнишьскыꙗ|мьнішьскъіꙗ
одежа|одежа
съподобленъ|съподобленъ
пакы|пакъі
же|же
и|і
на|на
диꙗконьскыи|діꙗконьскъіі
санъ|санъ
ѿ|от
нѥго|него
изведенъ|ізведенъ
сыи|съіі
ѥмѹже|емоуже
и|і
не|не
бѣхъ|бѣхъ
достоинъ|достоінъ
грѹбъ|гроубъ
сыи|съіі
и|і
невѣгл҃ас|невѣгл҃ас
наипаче|наіпаче
же|же
и|і
множьствъмь|множьствъмь
грѣховъ|грѣховъ
напълънѥнъ|напълъненъ
сыи|съіі
ѿ|от
ѹности|оуності
ѡбаче|обаче
же|же
бж҃иѥю|бж҃іею
волѥю|волею
и|і
по|по
любъви|любъві
томѹ|томоу
тако|тако
сътворивъшю|сътворівъшоу
иже|іже
ѡ|о
братиѥ|братіе
ꙗкоже|ꙗкоже
многашьды|многашьдъі
ми|мі
слышащю|слъішащоу
доброе|доброе
и|і
чистоѥ|чістое
житиѥ|жітіе
прп҃добьнаго|прп҃добьнаго
и|і
бо҃носьнааго|бо҃носьнааго
и|і
блаженааго|блаженааго
рекѹ|рекоу
оц҃а|оц҃а
нашего|нашего
ѳеодосиꙗ|ѳеодосіꙗ
радовахъ|радовахъ
сѧ|сѧ
бл҃годарѧ|бл҃годарѧ
того|того
ꙗко|ꙗко
тако|тако
потрѹди|потроуді
сѧ|сѧ
и|і
тако|тако
житъ|жітъ
въ|въ
послѣдьнимь|послѣдьнімь
вѣцѣ|вѣцѣ
пакы|пакъі
же|же
имь|імь
же|же
не|не
бѣ|бѣ
ни|ні
ѿ|от
кого|кого
же|же
въписано|въпісано
печаль|печаль
и|і
скьрьбь|скьрьбь
дш҃ю|дш҃ю
мою|мою
обьдьрьжааше|обьдьрьжааше
тѣмь|тѣмь
же|же
ꙗкоже|ꙗкоже
се|се
любъвию|любъвію
съдьрьжимъ|съдьрьжімъ
ѥже|еже
къ|къ
ст҃омѹ|ст҃омоу
томѹ|томоу
и|і
великомȣ|велікомоу
оц҃ю|оц҃ю
нашемѹ|нашемоу
ѳеодосию|ѳеодосію
окѹсихъ|окоусіхъ
сѧ|сѧ
и|і
ѿ|от
грѹбости|гроубості
ср҃дцѧ|ср҃дцѧ
моѥго|моего
ѥже|еже
о|о
нѥмь|немь
слышахъ|слъішахъ
и|і
ѿ|от
многа|многа
мала|мала
въписахъ|въпісахъ
на|на
славѹ|славоу
и|і
чьсть|чьсть
великомѹ|велікомоу
б҃ѹ|б҃оу
и|і
сп҃сѹ|сп҃соу
нашемѹ|нашемоу
іс҃у|іс҃у
х҃ѹ|х҃оу
съ|съ
нимь же|німьже
оц҃ю|оц҃ю
слава|слава
кѹпьно|коупьно
и|і
съ|съ
прѣст҃ыимь|прѣст҃ъіімь
дх҃ъмь|дх҃ъмь
нынѣ|нъінѣ
и|і
присно|прісно
и|і
въ|въ
бесконьчьныꙗ|бесконьчьнъіꙗ
вѣкы|вѣкъі
вѣкомъ|вѣкомъ
аминь|амінь
