torot_word|deep_cleaned
С|с
Л|л
Ꙍ|о
В|в
О|о
С|с
Т҇|т
А|а
Г|г
Ꙍ|о
І|і
Ꙍ|о
(А|а
Н)|н
А|а
Ꙁ|з
Л|л
А|а
Т|т
Ꙍ|о
Ꙋ|оу
С|с
Т|т
А|а
Г|г
О|о
С|с
Т҇|т
Ыѫ̇|Ыѫ
великыѧ̇|велікъіѧ
мⷱ҇нцѧ|мчнцѧ
е̇катерини|екатеріні
г͠и|г҃і
бл͠гослови|бл҃гослові
ѡ̇ч͠е|оч҃е
Въ|въ
лѣто|лѣто
тридесетꙿноѥ̇|трідесетное
и̇|і
пѧто|пѧто
цр͠ъстоуѧ̇щоу|цр҃ъстоуѧщоу
невѣрꙿномоу|невѣрномоу
и̇|і
прѣстѫпꙿномоу|прѣстѫпномоу
макꙿсенꙿдию̇|максендію
тогаⷣ|тогад
сѣде|сѣде
цр͠ь|цр҃ь
макьсенꙿтие̇|макьсентіе
на|на
сѫдищи|сѫдіщі
вь|вь
градѣ|градѣ
а̇лекꙿсанꙿдрии̇|александріі
и̇|і
ꙁаповелѣ|заповелѣ
ꙗ̇ко|ꙗко
вꙿсѣкы|всѣкъі
да|да
сѧ|сѧ
поклонить|поклоніть
богомь|богомь
и̇|і
да|да
сѧ|сѧ
ѿпоустить|отпоустіть
напі̇савꙿше|напісавше
ѥ̇пистолиѫ̇|епістоліѫ
и̇мѫщи|імѫщі
причѫ̇|прічѫ
сице|сіце
цр͠ь|цр҃ь
макꙿсенꙿтиѥ̇|максентіе
въсеи̇|въсеі
вꙿселенѣи̇|вселенѣі
раⷣоуи̇|радоуі
сѧ|сѧ
вꙿсѣкь|всѣкь
члв͠къ|члв҃къ
да|да
прихꙩдить|пріходіть
въ|въ
градъ|градъ
а̇лекꙿсанꙿѫ̇|алексанѫ
да|да
пожреть|пожреть
бг͠омъ|бг҃омъ
кꙿто|кто
ли|лі
сѧ|сѧ
ѡ̇брѧщеть|обрѧщеть
непослоушаѫ̇|непослоушаѫ
цр͠ево|цр҃ево
повелѣниє̇|повелѣніе
мечемь|мечемь
и̇|і
ѡ̇гꙿнемь|огнемь
да|да
погибнеть|погібнеть
писаниꙗ̇|пісаніꙗ
же|же
ѿпоущена|отпоущена
бивъша|бівъша
придошѫ|прідошѫ
кь|кь
немоу|немоу
много|много
мꙿножьство|множьство
члв͠къ|члв҃къ
живѫщии̇хь|жівѫщііхь
въ|въ
мѣстѣ|мѣстѣ
томь|томь
ꙗ̇кⷪже|ꙗкоже
сѧ|сѧ
сьбра|сьбра
множьстꙿво|множьство
и̇|і
не|не
бѣ|бѣ
сьбіраѫ̇|сьбіраѫ
и̇хь|іхь
мѣсто|мѣсто
на|на
дроугыи̇|дроугъіі
же|же
дн͠ь|дн҃ь
сѣде|сѣде
цр͠ь|цр҃ь
макꙿсенꙿтиє̇|максентіе
на|на
прѣстолѣ|прѣстолѣ
повелѣ|повелѣ
слоугамь|слоугамь
свои̇мь|своімь
личити|лічіті
вьсѣкь|вьсѣкь
да|да
сьбираѥ̇ть|сьбіраеть
сѧ|сѧ
въ|въ
храмь|храмь
и̇дольскыи̇|ідольскъіі
ꙁаповєлѣ|заповелѣ
цр͠ь|цр҃ь
въсѣкомоу|въсѣкомоу
чл͠коу|чл҃коу
приносити|пріносіті
сь|сь
собоѫ̇|собоѫ
ю̇ньцѧ|юньцѧ
и̇|і
ѻ̇вцѧ|овцѧ
оу̇богимь|оубогімь
же|же
и̇|і
нищымь|ніщъімь
птицѧ|птіцѧ
и̇|і
голѫби|голѫбі
на|на
жрьтвѫ|жрьтвѫ
бг͠омь|бг҃омь
цр͠ь|цр҃ь
же|же
повелѣ|повелѣ
на|на
своѫ̇|своѫ
жрьтвѫ|жрьтвѫ
прівести|прівесті
ю̇ньцѧ|юньцѧ
.р͠.|р҃
и̇|і
.л͠.|л҃
въ|въ
и̇мѧ|імѧ
цр͠єво|цр҃ево
сиꙗ̇|сіꙗ
же|же
видѣвьше|відѣвьше
цр͠ьѥ̇|цр҃ье
и̇|і
кнѧꙁы|кнѧзъі
и̇гемонии̇|ігемоніі
ѥ̇парьсы|епарьсъі
и|і
трибоуны|трібоунъі
и̇|і
є̇лико|еліко
бѣшѫ|бѣшѫ
над|над
области|області
и̇хь|іхь
оу̇боꙃи|оубозі
и̇|і
нищы|ніщъі
ѻ̇вы|овъі
четвороногаꙗ̇|четвороногаꙗ
приведошѫ|пріведошѫ
ѡ̇вы|овъі
принесошѧ|прінесошѧ
пꙿтицѧ|птіцѧ
толꙿко|толко
множьства|множьства
ꙗ̇ко|ꙗко
немощии̇хь|немощііхь
побрати|побраті
ни|ні
весь|весь
градь|градь
ѿ|от
толика|толіка
реваниꙗ̇|реваніꙗ
бесловєсьнии̇хь|бесловесьнііхь
скⷪтинь|скотінь
и̇|і
ѿ|от
многа|многа
кличаниꙗ̇|клічаніꙗ
потрѧсе|потрѧсе
сѧ|сѧ
ꙁемѣ|земѣ
жена|жена
же|же
нѣкаꙗ̇|нѣкаꙗ
вѣрꙿна|вѣрна
бⷭ҇ы|бсъі
вь|вь
градѣ|градѣ
томь|томь
дъщи|дъщі
бивша|бівша
ѥ̇диночѫⷣа̇|едіночѫда
цр͠а|цр҃а
нѣкое̇го|нѣкоего
и̇мѧнемь|імѧнемь
коста|коста
и̇|і
семоу|семоу
оу̇мⷷрꙿшоу|оумершоу
ѡ̇ста|оста
ѥ̇дина|едіна
на|на
полатѣ|полатѣ
сь|сь
всѣмь|всѣмь
и̇мѣниѥ̇мь|імѣніемь
сꙿвои̇мь|своімь
и̇|і
съ|съ
рабы|рабъі
и̇|і
рабинѧ|рабінѧ
є̇же|еже
нѣсть|нѣсть
числа|чісла
и̇мѧ|імѧ
же|же
ѥ̇и̇|еі
бѣ|бѣ
ѥ̇катєрина|екатеріна
сиꙗ̇|сіꙗ
бѣ|бѣ
и̇ꙁоучила|ізоучіла
вꙿсѫ|всѫ
прѣмѫдрость|прѣмѫдрость
вирꙿгилии̇скѫѩ̇|віргілііскѫѧ
и̇|і
риторикиѫ̇|ріторікіѫ
а̇сꙿклипиа̇|аскліпіа
и̇|і
галина|галіна
а̇ристотела|арістотела
и̇|і
ѡ̇мира|оміра
платона|платона
и̇|і
филистиѻ̇на|філістіона
и̇|і
ѥ̇у̏севиꙗ̇|еусевіꙗ
и̇|і
а̇ныи̇|анъіі
и̇|і
а̇мꙿври|амврі
диѡ̇нисиꙗ̇|діонісіꙗ
и̇|і
силѫ|сілѫ
и̇|і
ѥ̇лико|еліко
вирꙿгилие̇|віргіліе
наоу̇чи|наоучі
и̇|і
ѻ̇|о
ѡ̇риꙗ̇|оріꙗ
и̇|і
вьсѣкѫⷽ|вьсѣкѫѧ
прѣмѫдрость|прѣмѫдрость
седьмьдесетии̇хь|седьмьдесетііхь
и̇|і
два|два
ѫ̇ꙁыка|ѫзъіка
сиꙗ̇|сіꙗ
же|же
чоувьши|чоувьші
глаⷭ҇|глас
бесловесьныи̇хꙿ|бесловесьнъііх
скотии̇нь|скотіінь
и̇|і
людыи̇|людъіі
ѡ̇ви|ові
плачѧще|плачѧще
и̇|і
несмѣѫ̇ще|несмѣѫще
гл͠ати|гл҃аті
ꙗ̇ко|ꙗко
христиꙗ̇не|хрістіꙗне
ѥ̇сꙿмы|есмъі
страха|страха
ради|раді
цр͠ева|цр҃ева
є̇лини|еліні
же|же
тицахѫ|тіцахѫ
и̇граѫ̇щє|іграѫще
и̇|і
плесаѫ̇ще|плесаѫще
рѫкамы|рѫкамъі
вьлаꙃѣхѫ|вьлазѣхѫ
вь|вь
храмь|храмь
видѣвꙿши|відѣвші
же|же
бл͠женаа|бл҃женаа
ѥ̇катерина|екатеріна
сиꙗ̇|сіꙗ
биваѫ̇ща|біваѫща
въꙁемьши|въземьші
сь|сь
собоѫ̇|собоѫ
рабь|рабь
приде|пріде
до|до
храма|храма
и̇|і
та|та
и̇|і
ставши|ставші
на|на
праꙁѣ|празѣ
дверемь|дверемь
бѣше|бѣше
жена|жена
красотѫ|красотѫ
непорочꙿна|непорочна
прѣвыше|прѣвъіше
ѥⷭ҇ства|есства
женьскаа̇го|женьскааго
бѣше|бѣше
же|же
вьꙁрастомь|вьзрастомь
высока|въісока
ꙃѣло|зѣло
и̇маѧ̇щи|імаѧщі
ꙗ̇ко|ꙗко
и̇|і
кипарисъ|кіпарісъ
вѣтвиѥ̇|вѣтвіе
мꙿного|много
оу̇трьньѫ̇|оутрьньѫ
росѫ|росѫ
и̇мѣѧщи|імѣѧщі
тако|тако
и̇|і
блаженаа̇|блаженаа
придѧщи|прідѧщі
ѥ̇и̇|еі
бл͠годать|бл҃годать
бж͠иꙗ̇|бж҃іꙗ
видѣше|відѣше
сѧ|сѧ
ꙁрѧщимь|зрѧщімь
є̇ѫ̇|еѫ
ꙗ̇ко|ꙗко
и̇|і
слн͠це|слн҃це
и̇|і
ꙁнаменавꙿ|знаменав
сѧ|сѧ
ꙁꙿнамение̇мь|знаменіемь
крⷭ҇тьнимь|крстьнімь
рекь|рекь
дверьникомь|дверьнікомь
скажѣтє̇|скажѣте
цр͠еви|цр҃еві
ѻ̇|о
мꙿнѣ|мнѣ
нѣчьто|нѣчьто
и̇мамь|імамь
гл͠аголати|гл҃аголаті
кь|кь
немоу|немоу
повѣстишѧ|повѣстішѧ
же|же
цр͠евиꙗ̇|цр҃евіꙗ
же|же
ѡ̇|о
неи̇|неі
и̇|і
повелѣ|повелѣ
вьлѣсти|вьлѣсті
є̇и̇|еі
вь|вь
храмь|храмь
и̇|і
ставьши|ставьші
прѣдъ|прѣдъ
цр͠емь|цр҃емь
рече|рече
ѡ̇|о
коѥ̇и̇|коеі
причи|прічі
сьбраль|сьбраль
є̇си|есі
мꙿножьство|множьство
толико|толіко
людеи̇|людеі
погоублѣѫ̇|погоублѣѫ
дш͠ѧ|дш҃ѧ
и̇хь|іхь
вꙿсоує̇|всоуе
въ|въ
соуѥ̇тьное̇|соуетьное
и̇дольскⷪѥ̇|ідольское
прѣльщениѥ̇|прѣльщеніе
и̇мьже|імьже
ѥ̇сть|есть
пѫть|пѫть
по|по
чрьномоу|чрьномоу
а̇є̇роу|аероу
и̇|і
вь|вь
тꙿмѣ|тмѣ
кромѣшьнѣи̇|кромѣшьнѣі
а̇|а
покои̇|покоі
и̇мь|імь
ѥ̇сть|есть
ѻ̇гнь|огнь
вѣчꙿны|вѣчнъі
и̇|і
что|что
ми|мі
ѥ̇сть|есть
мꙿного|много
гл͠ати|гл҃аті
нн͠ѣ|нн҃ѣ
ѿврьгꙿши|отврьгші
вꙿсе|все
риторьскоє̇|ріторьское
оу̇чение̇|оученіе
и̇|і
вьсѣкого|вьсѣкого
вы̇сокословиꙗ̇|въісокословіꙗ
и̇|і
вꙿсѣкого|всѣкого
мѫдрословиꙗ̇|мѫдрословіꙗ
седьмьдесѧть|седьмьдесѧть
и̇|і
.в͠.|в҃
ѧ̇ꙁыка|ѧзъіка
и̇|і
ѥ̇дꙿнимь|еднімь
е̇линьскыи̇мь|еліньскъіімь
ѧ̇ꙁыкомь|ѧзъікомь
скажѫ|скажѫ
ти|ті
пѫтꙿ|пѫт
правѣи̇|правѣі
вѣрѣ|вѣрѣ
нь|нь
ѿвръꙃи|отвръзі
ѻ̇чи|очі
срⷣчьнѣи̇|срдчьнѣі
и̇|і
вьꙁвⷣигꙿни|вьзвдігні
си|сі
оу̇мь|оумь
раꙁоумниі̇|разоумніі
и̇|і
послоушаи|послоушаі
и̇|і
раꙁоумѣѫ̇щи|разоумѣѫщі
раꙁоумѣи̇|разоумѣі
творѧщаа̇го|творѧщааго
є̇динѣмꙿ|едінѣм
словомь|словомь
въсѫ|въсѫ
тварь|тварь
вьсеи̇|вьсеі
вьселенѣи̇|вьселенѣі
и̇|і
раꙁоумѣи̇|разоумѣі
ꙗ̇ко|ꙗко
тьи̇|тьі
є̇сть|есть
б͠ь|б҃ь
вь|вь
вѣкы|вѣкъі
посла|посла
ви|ві
ѥ̇диночѧдаа̇го|едіночѧдааго
сн͠а|сн҃а
своѥ̇го|своего
і̇саⷭ҇|ісас
ѥ̇же|еже
видѣвь|відѣвь
погыбаѧ̇щаа̇го|погъібаѧщааго
мира|міра
своѥ̇го|своего
и̇ꙁꙿбави|ізбаві
є̇го|его
честьны|честьнъі
си|сі
крⷭ҇томꙿ|крстом
тьи̇|тьі
бо|бо
ѥ̇сть|есть
ꙁижиⷣтелъ|зіжідтелъ
всѣчьскыⷨ|всѣчьскъім
и̇|і
сп͠сь|сп҃сь
погибꙿшимь|погібшімь
г͠ь|г҃ь
гвⷭ҇оуѧ̋щимꙿ|гвсоуѧщім
и̇|і
б͠ь|б҃ь
б͠гомь|б҃гомь
ѥ̇моуже|емоуже
поⷣбає̇ть|подбаеть
чⷭ҇ть|чсть
и̇|і
слава|слава
въ|въ
вѣкы|вѣкъі
а̇минъ|амінъ
Тогаⷣ|тогад
цр͠ь|цр҃ь
почоудивь|почоудівь
сѧ|сѧ
ста|ста
ꙗ̇ко|ꙗко
и̇нѣмь|інѣмь
и̇|і
не|не
може|може
ѻ̇дати|одаті
ѥ̇и̇|еі
рѣчъ|рѣчъ
и̇|і
є̇гаⷣ|егад
сѧ|сѧ
пробоуди|пробоуді
ꙗ̇ко|ꙗко
ѿ|от
сꙿна|сна
гл͠а|гл҃а
кь|кь
неи̇|неі
ѡ̇стани|остані
сѧ|сѧ
наⷭ҇|нас
ѻ̇|о
жено|жено
да|да
сьврьшимь|сьврьшімь
сы|съі
жрьтвѫ|жрьтвѫ
оу̇трѣ|оутрѣ
же|же
да|да
поꙁнаѥ̇мь|познаемь
ꙗ̇же|ꙗже
ѻ̇|о
тєбѣ|тебѣ
на|на
оу̇триꙗ̇|оутріꙗ
же|же
дн͠ь|дн҃ь
повелѣ|повелѣ
цр͠ь|цр҃ь
прівести|прівесті
бл͠женѫ|бл҃женѫ
ꙗ̇ко|ꙗко
сиꙗ̇є̇ть|сіꙗеть
лоуча|лоуча
слн͠чнаа̇|слн҃чнаа
тако|тако
и̇|і
бл͠женаа̇|бл҃женаа
бл͠годатиѭ̇|бл҃годатіѭ
бж͠иѫ̇|бж҃іѫ
гл͠а|гл҃а
цр͠ь|цр҃ь
кь|кь
бл͠женѣи̇|бл҃женѣі
сл͠нчьноꙁрачꙿне|сл҃нчьнозрачне
скажи|скажі
намь|намь
кто|кто
си|сі
ти|ті
и̇|і
ѿкѫдоу|откѫдоу
и̇|і
що|що
сѫть|сѫть
словє̇са|словеса
твоꙗ̇|твоꙗ
и̇|і
що|що
ти|ті
є̇сть|есть
и̇мѧ|імѧ
и̇|і
ѿвѣщавꙿши|отвѣщавші
бл͠женаа̇|бл҃женаа
реⷱ҇|реч
є̇моу|емоу
не|не
ꙁнаѥ̇ши|знаеші
ли|лі
мѧ|мѧ
цр͠оу|цр҃оу
а̇ꙁь|азь
ѥ̇сьмь|есьмь
коста|коста
цр͠ѣ|цр҃ѣ
дьщи|дьщі
ꙩ̇ть|оть
прьвиѫ̇|прьвіѫ
и̇|і
прѣкрасꙿниѧ̇|прѣкрасніѧ
профирѫ|профірѫ
а̇|а
е̇же|еже
ѡ̇|о
мирьскии̇хь|мірьскііхь
и̇мѧ|імѧ
ми|мі
є̇|е
ѥⷭ҇|ес
ѥ̇катерина|екатеріна
аꙁь|азь
бѣхь|бѣхь
и̇ꙁꙋчила|ізоучіла
вьсѫ|вьсѫ
риторикиѫ̇|ріторікіѫ
е̇же|еже
є̇сть|есть
подь|подь
небомь|небомь
и̇|і
(н͠а)|н҃а
ꙁеми|земі
сиꙗ̇|сіꙗ
же|же
протльковахь|протльковахь
и̇|і
видѣхь|відѣхь
и̇|і
что|что
мꙿного|много
гл͠ѫ|гл҃ѫ
на|на
пръвоѥ̇|пръвое
пакы|пакъі
поврьщаѫ|поврьщаѫ
сѧ|сѧ
ѻ̇ставивьши|оставівьші
соуе̇тьнѫѫ̇|соуетьнѫѫ
прѣмѫдрость|прѣмѫдрость
и̇|і
прибѣгохь|прібѣгохь
г͠оу|г҃оу
бг͠о|бг҃о
нашемоу|нашемоу
і̇с͠|іс҃
хⷭ҇оу|хсоу
рекѫщомоу|рекѫщомоу
погоублѫ|погоублѫ
прѣмѫдрость|прѣмѫдрость
прѣмѫдрии̇хь|прѣмѫдрііхь
и̇|і
раꙁоумь|разоумь
раꙁꙋмьныхь|разоумьнъіхь
ѿврьгѫ|отврьгѫ
гл͠а|гл҃а
е̇и̇|еі
цр͠ь|цр҃ь
мнить|мніть
ми|мі
сѧ|сѧ
ꙗ̇ко|ꙗко
ти|ті
не|не
роди|роді
сѧ|сѧ
ѿ|от
ꙁемнии̇хь|земнііхь
жень|жень
нь|нь
надѣѫ̇|надѣѫ
сѧ|сѧ
ѿ|от
б͠ь|б҃ь
нашии̇хь|нашііхь
є̇динѫ|едінѫ
быти|бъіті
ѿвѣщавꙿши|отвѣщавші
бл͠женаа̇|бл҃женаа
и̇|і
реⷱ҇|реч
власи|власі
ми|мі
соуе̇ши|соуеші
ѡ̇|о
цр͠оу|цр҃оу
бꙃ͠и|бз҃і
твои̇|твоі
ни|ні
въ|въ
чтоже|чтоже
сѫть|сѫть
а̇ꙁь|азь
же|же
ѿ|от
селѣ|селѣ
раба|раба
ѥ̇сьмь|есьмь
г͠а|г҃а
моє̇го|моего
і̇с|іс
х͠а|х҃а
реⷱ҇|реч
цр͠ь|цр҃ь
и̇|і
мы|мъі
и̇мамы|імамъі
бв͠ы|бв҃ъі
великыи̇|велікъіі
мꙿного|много
гл͠а|гл҃а
є̇моу|емоу
бл͠жена|бл҃жена
прѣпрѣвѣ|прѣпрѣвѣ
сѧ|сѧ
ѻ̇ба|оба
а̇ꙁь|азь
и̇|і
ти|ті
и̇скажѫ|іскажѫ
ти|ті
ѡ̇рѫжиѥ̇|орѫжіе
непобѣдимо|непобѣдімо
недооу̇мѣнꙿно|недооумѣнно
и̇|і
невидимо|невідімо
неи̇ꙁьгл͠анꙿно|неізьгл҃анно
побѣжаⷣѧ̇|побѣжадѧ
всѧ|всѧ
брани|брані
неприꙗ̇ꙁꙿнинѫѫ̇|непріꙗзнінѫѫ
цр͠ь|цр҃ь
же|же
оу̇дививь|оудівівь
сѧ|сѧ
рече|рече
а̇ꙁь|азь
не|не
могѫ|могѫ
прѣти|прѣті
сѧ|сѧ
с|с
тобоѫ̇|тобоѫ
нѫ|нѫ
є̇|е
сѫть|сѫть
мѫжиѥ̇|мѫжіе
прѣмѫдры|прѣмѫдръі
ѥ̇же|еже
не|не
смѣѥ̇ши|смѣеші
ни|ні
ѡ̇чима|очіма
на|на
ныи̇хь|нъііхь
поблꙋсти|поблоусті
и̇|і
прѣпрѣти|прѣпрѣті
тѧ|тѧ
и̇маѫ̇ть|імаѫть
и̇|і
потомь|потомь
хотѧ|хотѧ
и̇|і
не|не
хѻтѧ|хотѧ
поклониши|поклоніші
сѧ|сѧ
бм͠ь|бм҃ь
тогаⷣ|тогад
црь|црь
написавь|напісавь
є̇пистоліѫ̇|епістоліѫ
цр͠ь|цр҃ь
макꙿсенꙿтие̇|максентіе
вьсеи̇|вьсеі
вьселєнѣ|вьселенѣ
и̇|і
радовати|радоваті
сѧ|сѧ
ѥ̇лько|елько
прѣмѫдры|прѣмѫдръі
и̇|і
е̇лько|елько
риторы̇|ріторъі
и̇|і
вирꙿгилии|віргіліі
придѣте|прідѣте
до|до
цр͠ства|цр҃ства
ми|мі
ꙗ̇ко|ꙗко
ѻ̇брѣте|обрѣте
сѧ|сѧ
жена|жена
и̇мѫщи|імѫщі
великѫ|велікѫ
прѣмѫдрость|прѣмѫдрость
вь|вь
ѧ̇ꙁыцѣ|ѧзъіцѣ
своє̇мь|своемь
и̇|і
а̇ще|аще
можете|можете
прѣпрѣти|прѣпрѣті
ѫ̇|ѫ
приѧ̇ти|пріѧті
и̇мате|імате
ѿ|от
цр͠ьства|цр҃ьства
ми|мі
великыѫ̇|велікъіѫ
дары|даръі
писаниа̇|пісаніа
же|же
ѿпоущена|отпоущена
бишѧ|бішѧ
се|се
придошѧ|прідошѧ
кь|кь
немоу|немоу
.н͠.|н҃
мѫжь|мѫжь
прѣмѫдрыи̇хь|прѣмѫдръііхь
реⷱ҇|реч
кь|кь
нимь|німь
цр͠ь|цр҃ь
а̇ще|аще
е̇сть|есть
оу̇|оу
вась|вась
слово|слово
ѡт|от
древнии̇хь|древнііхь
мѫжь|мѫжь
ѿвѣщаи̇те|отвѣщаіте
кь|кь
женѣ|женѣ
сєи̇|сеі
и̇|і
а̇ще|аще
вьꙁможете|вьзможете
препрѣтиѫ̇|препрѣтіѫ
дамь|дамь
вы|въі
що|що
просите|просіте
ѿ|от
цр͠ьства|цр҃ьства
ми|мі
гл͠а|гл҃а
прьви|прьві
риторъ|ріторъ
въ|въ
вѣкы|вѣкъі
живꙿ|жів
бѫди|бѫді
цр͠оу|цр҃оу
наскорѣ|наскорѣ
да|да
придеть|прідеть
вльхѻвь|вльховь
та|та
цр͠оу|цр҃оу
и̇|і
а̇ще|аще
ѫ̇|ѫ
не|не
прѣпрѫ|прѣпрѫ
ꙩ̇вировѣмь|овіровѣмь
е̇днѣмь|еднѣмь
начрьтаниє̇мь|начрьтаніемь
ѿсѣци|отсѣці
ми|мі
глаⷡ҇|глав
Тогаⷣ|тогад
вьꙁрадова|вьзрадова
сѧ|сѧ
цр͠ь|цр҃ь
ꙃѣло|зѣло
и̇|і
повелѣ|повелѣ
тⷭ҇ати|тсаті
ст͠ѣи̇|ст҃ѣі
прѣдь|прѣдь
сѫдищемь|сѫдіщемь
сиꙗ̇|сіꙗ
же|же
таковаа̇|таковаа
бивꙿша|бівша
а̇ви|аві
сѧ|сѧ
є̇и̇|еі
а̇нг͠ль|анг҃ль
гн͠ь|гн҃ь
гл͠ѧ|гл҃ѧ
не|не
оу̇страши|оустраші
сѧ|сѧ
рабо|рабо
бж͠иꙗ̇|бж҃іꙗ
се|се
бо|бо
дасть|дасть
сѧ|сѧ
прѣмѫдрость|прѣмѫдрость
кь|кь
твоє̇и̇|твоеі
прѣмѫдрости|прѣмѫдрості
и̇|і
препреши|препреші
.н͠.|н҃
риторь|ріторь
и̇|і
потомь|потомь
сп͠сеши|сп҃сеші
и̇|і
тѣхь|тѣхь
почоудѧть|почоудѧть
бо|бо
сѧ|сѧ
твоє̇и̇|твоеі
прѣмѫдрости|прѣмѫдрості
и̇|і
мноꙁы|мнозъі
вѣровати|вѣроваті
и̇маѫ̇ть|імаѫть
вь|вь
и̇мѧ|імѧ
и̇саⷭ҇|ісас
хаⷭ҇|хас
и̇|і
потоⷨ҇|потом
пріи̇меши|пріімеші
многоцѣнꙿныи̇|многоцѣннъіі
вѣнець|вѣнець
ѿ|от
б͠а|б҃а
и̇|і
цр͠ьствоує̇ши|цр҃ьствоуеші
сь|сь
нимь|німь
вь|вь
вѣкы|вѣкъі
а̇ꙁь|азь
бо|бо
е̇сьмь|есьмь
арха̇н͠гль|архан҃гль
михаи̇ль|міхаіль
ꙁавѣта|завѣта
гн͠ѣ|гн҃ѣ
послань|послань
бо|бо
ѥ̇сьмь|есьмь
благовѣстити|благовѣстіті
тебѣ|тебѣ
ꙗ̇ко|ꙗко
да|да
и̇сп͠льніши|ісп҃льніші
сѧ|сѧ
радости|радості
велицѣ|веліцѣ
и̇|і
се|се
рекь|рекь
а̇гг͠ль|агг҃ль
ѡ̇тиде|отіде
тогаⷣ|тогад
повелѣ|повелѣ
цр͠ь|цр҃ь
да|да
сѧ|сѧ
сьбєреть|сьбереть
весь|весь
народъ|народъ
и̇|і
да|да
видѧть|відѧть
како|како
сѧ|сѧ
хѻщеть|хощеть
прѣти|прѣті
жєна|жена
сь|сь
риторы|ріторъі
блж͠енаа̇|блж҃енаа
же|же
ꙁнаменавь|знаменавь
сѧ|сѧ
ꙁнамениє̇мь|знаменіемь
хв͠омь|хв҃омь
и̇|і
ста|ста
прѣдь|прѣдь
нимы|німъі
ѿвѣщавꙿши|отвѣщавші
риторь|ріторь
и̇|і
реⷱ҇|реч
ѥ̇и̇|еі
несьчетанꙿниѫ̇|несьчетанніѫ
пѫчины|пѫчінъі
подълежѫщиѫ̇|подълежѫщіѫ
беꙁнⷣы|безндъі
се|се
е̇сть|есть
прьва|прьва
главеꙁꙿна|главезна
великаго|велікаго
ꙩ̇рима|оріма
ѻ̇рьловидима|орьловідіма
мьножьства|мьножьства
невидимь|невідімь
пѫть|пѫть
и̇мѫща|імѫща
невидимо|невідімо
лѣтаѫ̇ща|лѣтаѫща
вꙿ|в
неприкосновенаа̇|непрікосновенаа
мѣста|мѣста
.в͠.|в҃
главиꙁна|главізна
велика|веліка
оу̇чителѣ|оучітелѣ
а̇ристотела|арістотела
а̇ла|ала
и̇|і
е̇вьсевиє̇|евьсевіе
сь|сь
си(ві)лоѫ̇|сівілоѫ
реⷱ҇|реч
сирамни|сірамні
покаꙁоуѥ̇ть|показоуеть
ѡ̇рѫжиє̇|орѫжіе
прѣдьставении̇хь|прѣдьставенііхь
сыль|съіль
високыхꙿ|вісокъіх
горь|горь
камениѥ̇|каменіе
небс͠ныи̇хь|небс҃нъііхь
дрѣвъ|дрѣвъ
морьскоє̇|морьское
ловитво|ловітво
вьсѣковоє̇|вьсѣковое
а̇ла|ала
и̇|і
бг͠онаоу̇ченꙿны|бг҃онаоученнъі
и̇|і
а̇нꙿни|анні
и̇|і
а̇мꙿври|амврі
скаꙁа|сказа
ꙩ̇|о
мрьтвочаровани|мрьтвочаровані
кꙿнижꙿнѫѫ̇|кніжнѫѫ
силѫ|сілѫ
видѣвьши|відѣвьші
цр͠ь|цр҃ь
оу̇диви|оудіві
сѧ|сѧ
и̇|і
весь|весь
народь|народь
и̇|і
реⷱ҇|реч
ѥ̇и|еі
цр͠ь|цр҃ь
а̇ще|аще
що|що
ꙋмѣє̇ши|оумѣеші
ѡтвѣщаваи̇|отвѣщаваі
бл͠женаа̇|бл҃женаа
же|же
ꙗ̇|ꙗ
посмии̇хꙿнѫвь|посмііхнѫвь
сѧ|сѧ
мало|мало
реⷱ҇|реч
кь|кь
ритороу|рітороу
право|право
ти|ті
гл͠ѧ|гл҃ѧ
ꙗ̇ко|ꙗко
ни|ні
пѣтѫ|пѣтѫ
риторьскѫ|ріторьскѫ
не|не
ꙁнаѥ̇ши|знаеші
а̇ꙁь|азь
вь|вь
мѧ|мѧ
г͠а|г҃а
моѥ̇го|моего
і̇с|іс
х͠а|х҃а
е̇линьскыⷨ|еліньскъім
ѫ̇ꙁымꙿ|ѫзъім
ѥ̇дꙿнимь|еднімь
ѿвѣщаѫ̇|отвѣщаѫ
ти|ті
по|по
вьсемоу|вьсемоу
гл͠оу|гл҃оу
твоє̇моу|твоемоу
расипоꙋмьче|расіпооумьче
є̇лько|елько
прогл͠ь|прогл҃ь
е̇си|есі
раꙁоумѣи̇|разоумѣі
кто|кто
е̇сть|есть
сьтвориль|сьтворіль
наоу̇чиль|наоучіль
вы|въі
бѣ|бѣ
прокѫти|прокѫті
ꙩ̇римь|орімь
водимь|водімь
сьвѣто|сьвѣто
неприꙗ̇ꙁнинимь|непріꙗзнінімь
подълежѫщѫѫ̇|подълежѫщѫѫ
беꙁнⷣѫ|безндѫ
вь|вь
неи̇|неі
немощꙿнаа̇|немощнаа
множьства|множьства
валѣѫ̇щии̇|валѣѫщіі
сѧ|сѧ
вꙿ|в
невидимѣи̇|невідімѣі
пѫчинѣ|пѫчінѣ
непрѣхѻдимии̇хь|непрѣходімііхь
водъ|водъ
морьскыхь|морьскъіхь
вь|вь
неи̇же|неіже
є̇сть|есть
много|много
раꙁличꙿни|разлічні
мꙿножьство|множьство
рибь|рібь
китове|кітове
и̇|і
а̇спиди|аспіді
и̇|і
жьльбаби|жьльбабі
посмикаѫ̇щии̇хь|посмікаѫщііхь
сѧ|сѧ
вь|вь
неи̇|неі
и̇|і
поꙁнаи̇|познаі
кто|кто
є̇сть|есть
вⷭ҇ѣ|всѣ
си|сі
сьтвориль|сьтворіль
и̇|і
походи|поході
мⷪре|море
невиⷣмо|невідмо
немокрьнимы|немокрьнімъі
стопамы|стопамъі
а̇|а
е̇же|еже
ꙩ̇|о
а̇склипиа̇|аскліпіа
и̇|і
галина|галіна
оу̇поⷣби|оуподбі
ѫ̇|ѫ
ꙁлатѫ|златѫ
и̇конѫ|іконѫ
є̇же|еже
створии̇хѫ|створііхѫ
и̇долослоужителе|ідолослоужітеле
ꙁанеже|занеже
приложисте|пріложісте
сѧ|сѧ
несьмисльнии̇хь|несьмісльнііхь
скотинь|скотінь
беꙁьсловесьниихь|безьсловесьнііхь
ꙗ̇кожⷷ҇|ꙗкоже
г͠ь|г҃ь
реⷱ҇|реч
оу̇сти|оусті
д͠ꙿвдⷪвы|д҃вдовъі
гл͠ѧ|гл҃ѧ
и̇доль|ідоль
ѫ̇ꙁыкь|ѫзъікь
сребро|сребро
и̇|і
ꙁлато|злато
дѣль|дѣль
рѫкь|рѫкь
чл͠вчьскь|чл҃вчьскь
оу̇ста|оуста
и̇мѧть|імѧть
и̇|і
не|не
глѧть|глѧть
ꙩ̇чи|очі
и̇маѫ̇ть|імаѫть
и̇|і
не|не
видѧть|відѧть
оу̇ши|оуші
и̇|і
ноꙁⷣры|ноздръі
и̇|і
прочаа̇|прочаа
сиихь|сііхь
поⷣбꙿнии̇мь|подбніімь
да|да
бѫдѫть|бѫдѫть
творѧщеи̇|творѧщеі
ѧ̇|ѧ
и̇|і
вьси|вьсі
надⷺѧ̇ще|надѣѧще
сѧ|сѧ
на|на
нѫ|нѫ
ꙁато|зато
приложисте|пріложісте
сѧ|сѧ
несьмислъныи̇хь|несьміслънъііхь
скотинъ|скотінъ
а̇|а
ѥ̇же|еже
ѡ̇|о
плантонѣ|плантонѣ
и̇|і
диꙩ̇нисиа̇|діонісіа
и̇|і
филистиꙩ̇на|філістіона
и̇|і
ѥ̇вьсевиꙗ̇|евьсевіꙗ
и̇|і
прочии̇хꙿ|прочііх
философь|філософь
ꙁлѣ|злѣ
погрѫжаѫ̇ще|погрѫжаѫще
люди|люді
вь|вь
геꙩ̇нѣ|геонѣ
а̇|а
е̇же|еже
ꙩ̇|о
дрѣвѣ|дрѣвѣ
сивила|сівіла
реⷱ҇|реч
ѡ̇|о
трьблаженоє̇|трьблаженое
дрѣво|дрѣво
на|на
немьже|немьже
хьⷭ҇|хьс
распѧть|распѧть
сѧ|сѧ
а̇|а
ꙩ̇|о
горахь|горахь
є̇же|еже
реⷱ҇|реч
а̇|а
и̇|і
а̇нꙿни|анні
и̇|і
а̇мꙿврі|амврі
клеплѫть|клеплѫть
а̇сли|аслі
вь|вь
нии̇хьже|нііхьже
хьⷭ҇|хьс
вь|вь
рожьⷣствѣ|рожьдствѣ
си|сі
положень|положень
быⷭ҇|бъіс
а̇|а
е̇же|еже
ѻ̇|о
камени|камені
є̇же|еже
положень|положень
быⷭ҇|бъіс
на|на
гробѣ|гробѣ
г͠нѣⷨ҇|г҃нѣм
ꙗ̇коже|ꙗкоже
пррⷪ҇кь|пррокь
гл͠еть|гл҃еть
камень|камень
є̇гоже|егоже
искоусишѧ|іскоусішѧ
ꙁижѫⷣщєи̇|зіжѫдщеі
сьи̇|сьі
роди|роді
сѧ|сѧ
вь|вь
главѣ|главѣ
ѫ̇глоу|ѫглоу
е̇да|еда
могѫть|могѫть
бꙁ͠и|бз҃і
ваши|ваші
ꙁа|за
чл͠ка|чл҃ка
ꙁакалае̇ма|закалаема
принисті|пріністі
и̇нѫ|інѫ
жрьтвѫ|жрьтвѫ
ѥ̇го|его
ради|раді
ꙗ̇коже|ꙗкоже
г͠ь|г҃ь
ѥ̇гаⷣ|егад
а̇мвраа̇мь|амвраамь
приведе|пріведе
сн͠а|сн҃а
своє̇гѻ|своего
на|на
жрьтвѫ|жрьтвѫ
ѻ̇вьна|овьна
на|на
мѣсто|мѣсто
є̇го|его
покаꙁа|показа
ваши|ваші
бв͠е|бв҃е
ни|ні
е̇дꙿно|едно
ѿ|от
сиі̇хь|сііхь
покаꙁꙋѫ̇ть|показоуѫть
а̇ꙁь|азь
же|же
бж͠естꙿвьни|бж҃ествьні
серафимьскы|серафімьскъі
ѧ̇ꙁы̇кь|ѧзъікь
павловь|павловь
ꙗ̇коже|ꙗкоже
мльни|мльні
ꙗ̇вить|ꙗвіть
сѧ|сѧ
на|на
н͠бо|н҃бо
сиа̇є̇ть|сіаеть
ѿ|от
и̇стока|істока
до|до
ꙁападꙿ|запад
такоже|такоже
и̇|і
сьи̇|сьі
бл͠жении̇|бл҃женіі
пишєть|пішеть
по|по
вѫсѣхь|вѫсѣхь
градовь|градовь
и̇|і
странахь|странахь
распоущаѧ̇|распоущаѧ
є̇пистолиѩ̇|епістоліѧ
въꙁиваѥ̇|възівае
всѣхь|всѣхь
ѡт|от
мѫкь|мѫкь
кь|кь
ст͠оу|ст҃оу
и̇|і
въ|въ
жиꙁнь|жізнь
вѣчꙿнѫѫ̇|вѣчнѫѫ
видѣсте|відѣсте
и̇|і
кыѳарѫ|къіѳарѫ
бг͠оглаⷭ҇наа̇го|бг҃огласнааго
дв͠да|дв҃да
ѿсѣкаѫ̇ща|отсѣкаѫща
вьсѧ|вьсѧ
риторьскѫѫ̇|ріторьскѫѫ
хитрость|хітрость
и̇|і
сп͠саѧ̇|сп҃саѧ
вꙿсѣхь|всѣхь
хꙩтѧщии̇хь|хотѧщііхь
славити|славіті
б͠а|б҃а
вь|вь
неи̇|неі
вѣдѣ|вѣдѣ
чоустє|чоусте
слѣпꙿцы|слѣпцъі
никогаⷣже|нікогадже
видѧще|відѧще
беꙁоумꙿни|безоумні
пꙿси|псі
погани|погані
ꙩ̇слета|ослета
товарь|товарь
носѧще|носѧще
въꙁьдвигꙿнѣтє|възьдвігнѣте
ѡ̇каменена|окаменена
ваша|ваша
ср͠ца|ср҃ца
и̇|і
поꙁнаи̇те|познаіте
б͠а|б҃а
нш͠его|нш҃его
і̇с|іс
хаⷭ҇|хас
ꙗ̇ко|ꙗко
томоу|томоу
подобає̇ть|подобаеть
слава|слава
вь|вь
вѣкы|вѣкъі
а̇минꙿ|амін
Почоудивь|почоудівь
сѧ|сѧ
риторь|ріторь
ѡ̇тиде|отіде
цр͠ъ|цр҃ъ
же|же
и̇|і
весь|весь
народь|народь
оу̇срамишѧ|оусрамішѧ
сѧ|сѧ
ꙃѣло|зѣло
прочи|прочі
же|же
риторыи̇|ріторъіі
ꙋбоꙗ̇шѧ|оубоꙗшѧ
сѧ|сѧ
тогаⷣ|тогад
реⷱ҇|реч
цр͠ь|цр҃ь
кь|кь
прочимь|прочімь
риторомь|ріторомь
придѣте|прідѣте
помолитє|помоліте
сѧ|сѧ
великомоу|велікомоу
б͠оу|б҃оу
а̇полоноу|аполоноу
е̇да|еда
ви|ві
бѫде|бѫде
вьꙁꙿможно|вьзможно
прѣпрѣти|прѣпрѣті
ѫ̇|ѫ
ѿвѣщашѧ|отвѣщашѧ
же|же
ритори|ріторі
є̇диноглаⷭ҇но|едіногласно
рекоше|рекоше
цр͠оу|цр҃оу
прьвыи̇|прьвъіі
нашь|нашь
прѣмѫдри|прѣмѫдрі
паде|паде
како|како
ми|мі
смѣє̇|смѣе
ѡ̇вѣщати|овѣщаті
ѥ̇и̇|еі
тогаⷣ|тогад
раꙁꙿгнѣвавь|разгнѣвавь
сѧ|сѧ
цр͠ь|цр҃ь
повелѣ|повелѣ
посрѣдѣ|посрѣдѣ
граⷣ|град
наложити|наложіті
ѻ̇гꙿнь|огнь
и̇|і
тако|тако
живіхь|жівіхь
пожещии̇̇|пожещіі
.н͠.|н҃
риторь|ріторь
гл͠а|гл҃а
ꙗ̇ко|ꙗко
женⷶ|жена
вы|въі
е̇дꙿна|една
прѣꙩ̇дѣлѣ|прѣодѣлѣ
и̇|і
раꙁьгорѣ|разьгорѣ
сѧ|сѧ
ꙩ̇гнь|огнь
срѣдѣ|срѣдѣ
града|града
и̇|і
ѥ̇мьше|емьше
вои̇ни|воіні
.н͠.|н҃
риторь|ріторь
и̇|і
влѣчахѫ|влѣчахѫ
кь|кь
пламенꙋ|пламеноу
ѿвѣщавꙿши|отвѣщавші
же|же
ѥ̇динь|едінь
ѿ|от
нии̇хь|нііхь
реⷱ҇|реч
кь|кь
нимь|німь
ѻ̇|о
горѣ|горѣ
намь|намь
намь|намь
ꙗ̇ко|ꙗко
врѣмѧ|врѣмѧ
ѡ̇|о
шествиꙗ̇|шествіꙗ
нашего|нашего
оу̇же|оуже
приспѣ|пріспѣ
дн͠есь|дн҃есь
ни|ні
вь|вь
чтоже|чтоже
выⷭ҇|въіс
наша|наша
прѣмѫдрость|прѣмѫдрость
нь|нь
придѣтє|прідѣте
да|да
сѧ|сѧ
помолимь|помолімь
ст͠ѣи̇|ст҃ѣі
ꙗ̇ко|ꙗко
да|да
дасть|дасть
намь|намь
х͠во|х҃во
ꙁнⷶмениѥ̇|знаменіе
понеже|понеже
тѣмь|тѣмь
ꙩ̇брѣщемь|обрѣщемь
мало|мало
покоꙗ̇|покоꙗ
и̇|і
придошѧ|прідошѧ
и̇|і
припадошѧ|пріпадошѧ
на|на
ногоу|ногоу
є̇ѫ̇|еѫ
гл͠ѧще|гл҃ѧще
мⷱ҇нце|мчнце
хв͠а|хв҃а
мⷧ҇имь|млімь
ти|ті
сѧ|сѧ
дажьⷣ|дажьд
намь|намь
хв͠о|хв҃о
ꙁнамєниѥ̇|знаменіе
ꙗ̇ко|ꙗко
да|да
ѿврьꙁеть|отврьзеть
намь|намь
двери|двері
раи̇скыѧ̇|раіскъіѧ
тогаⷣ|тогад
бл͠женаꙗ̇|бл҃женаꙗ
напльни|напльні
вьсѧ|вьсѧ
радости|радості
реⷱ҇|реч
кь|кь
нымь|нъімь
бл͠жени|бл҃жені
є̇стевы|естевъі
ꙁане|зане
и̇ꙁбѣгосте|ізбѣгосте
соує̇тꙿнаа̇го|соуетнааго
прѣльщениꙗ̇|прѣльщеніꙗ
и̇|і
поꙁнаны|познанъі
бысте|бъісте
ѡт|от
б͠а|б҃а
и̇|і
се|се
приѧ̇ти|пріѧті
и̇мате|імате
кр͠щение̇|кр҃щеніе
хв͠о|хв҃о
вь|вь
пламени|пламені
и̇|і
неоу̇страшите|неоустрашіте
сѧ|сѧ
мало|мало
врѣмѧ|врѣмѧ
нь|нь
поменѣте|поменѣте
ꙗ̇ко|ꙗко
є̇сть|есть
жеꙁнь|жезнь
вѣчꙿнаа̇|вѣчнаа
и̇|і
се|се
рекь|рекь
да|да
да|да
комоужоⷣ|комоужод
хв͠о|хв҃о
ꙁнамениѥ̇|знаменіе
и̇|і
тако|тако
вьврьгошѧ|вьврьгошѧ
и̇хь|іхь
вь|вь
ꙩ̇гꙿнь|огнь
и̇|і
коньча|коньча
сѧ|сѧ
течениѥ̇|теченіе
и̇хь|іхь
мцⷭ҇а|мцса
декебра|декебра
.і͠ꙁ.|і҃з
дн͠ь|дн҃ь
ѻ̇брѣтошѧ|обрѣтошѧ
же|же
сѧ|сѧ
мощи|мощі
и̇хь|іхь
цѣли|цѣлі
ꙗ̇ко|ꙗко
не|не
прикоснѫти|прікоснѫті
сѧ|сѧ
и̇мь|імь
ꙩ̇гнь|огнь
ни|ні
до|до
е̇диного|едіного
власа|власа
веⷱроу|вечроу
же|же
бывꙿшоу|бъівшоу
придошѧ|прідошѧ
бг͠обоꙗ̇ꙁꙿны|бг҃обоꙗзнъі
мѫжие̇|мѫжіе
и̇|і
вьꙁѧшѧ|вьзѧшѧ
честьниѫ̇|честьніѫ
и̇хь|іхь
мощи|мощі
и̇|і
пⷪложишѧ|положішѧ
и̇хь|іхь
вь|вь
чтⷭ҇ьнѣмь|чтсьнѣмь
мѣста|мѣста
Видѣвьши|відѣвьші
же|же
народи|народі
чюдо|чоудо
бывꙿшее̇|бъівшее
вѣровашѧ|вѣровашѧ
мꙿножьство|множьство
вь|вь
хаⷭ҇|хас
симь|сімь
же|же
конꙿчавьшимь|кончавьшімь
сѧ|сѧ
реⷱ҇|реч
цр͠ь|цр҃ь
не|не
достѧжаи̇|достѧжаі
мꙵ҇|м
да|да
не|не
ѡ̇срамотѧ|осрамотѧ
краснѫѫ̇|краснѫѫ
и̇|і
славꙿнѫѫ̇|славнѫѫ
порьфирѫ|порьфірѫ
реⷱ҇|реч
бⷧ҇женаа̇|блженаа
кь|кь
немоу|немоу
чины|чінъі
е̇лико|еліко
тѧ|тѧ
наоу̇чить|наоучіть
ѡ̇ц͠ь|оц҃ь
ти|ті
диꙗ̇воль|діꙗволь
а̇ꙁь|азь
бо|бо
виждѫ|віждѫ
ꙗ̇ко|ꙗко
мꙿного|много
народа|народа
дн͠есь|дн҃есь
и̇мать|імать
вѣровати|вѣроваті
вь|вь
хаⷭ҇|хас
паче|паче
же|же
ѡт|от
твоѫ̇|твоѫ
полатѫ|полатѫ
тогаⷣ|тогад
раꙁьгорѣвь|разьгорѣвь
сѧ|сѧ
цр͠ъ|цр҃ъ
ѿ|от
диа̇вола|діавола
повелѣ|повелѣ
сьвлѣщи|сьвлѣщі
ѫ̇|ѫ
сь|сь
цр͠ьскыѫ̇|цр҃ьскъіѫ
ꙩ̇дежⷣѫ|одеждѫ
и̇|і
тако|тако
біти|біті
ѫ̇|ѫ
говѧжаⷣми|говѧжадмі
жилами|жіламі
на|на
дꙿва|два
чаⷭ҇|час
и̇|і
потомꙿ|потом
вꙿврѣщи|вврѣщі
ѫ̇|ѫ
вь|вь
темꙿницѫ|темніцѫ
тогаⷣ|тогад
бл͠женаа̇|бл҃женаа
ц͠рица|ц҃ріца
агоуста|агоуста
жена|жена
же|же
ц͠рева|ц҃рева
желаа̇ше|желааше
видѣти|відѣті
бл͠женѫ|бл҃женѫ
ѩ̇|ѧ
и̇|і
не|не
смѣꙗ̇ше|смѣꙗше
страха|страха
ради|раді
цр͠ва|цр҃ва
чюла|чоула
бо|бо
бѣ|бѣ
ꙩ̇|о
прѣмѫдрости|прѣмѫдрості
є̇ѫ̇|еѫ
и̇|і
ѻ̇|о
красотѣ|красотѣ
є̇и̇|еі
въ|въ
ѥ̇динь|едінь
же|же
дн͠ь|дн҃ь
воѥ̇вода|воевода
нѣкои̇|нѣкоі
цр͠вь|цр҃вь
и̇менемь|іменемь
порьфириꙩ̇нꙿ|порьфіріон
и̇|і
вьлѣꙁь|вьлѣзь
вь|вь
полати|полаті
цр͠ичини|цр҃ічіні
гл͠а|гл҃а
є̇моу|емоу
цр͠ца|цр҃ца
а̇вьгоуста|авьгоуста
ꙁаклинаѫ̇|заклінаѫ
те|те
порьфириѡ̇не|порьфіріоне
е̇же|еже
ти|ті
и̇мамь|імамь
рещи|рещі
и̇мѣи̇|імѣі
вь|вь
срцⷣи|срцді
си|сі
желає̇ть|желаеть
мы|мъі
срцⷣе|срцде
да|да
бии̇хь|бііхь
сѧ|сѧ
набесѣдоувала|набесѣдоувала
и̇|і
насладила|насладіла
бж͠ествьниѫ̇|бж҃ествьніѫ
бесѣды|бесѣдъі
бл͠женѧ|бл҃женѧ
е̇катеринѫ|екатерінѫ
гл͠а|гл҃а
ѥ̇и̇|еі
пⷪрьфириꙩ̇нꙿ|порьфіріон
а̇ꙁь|азь
ти|ті
готовь|готовь
є̇сьмь|есьмь
на|на
тыѫ̇ꙁы̇|тъіѫзъі
работѫ|работѫ
ꙩ̇|о
цр͠це|цр҃це
бѫди|бѫді
готова|готова
и̇|і
сиѭ̇|сіѭ
нощь|нощь
приведѫ|пріведѫ
тѧ|тѧ
кь|кь
бл͠женѣи̇|бл҃женѣі
є̇катеринѣ|екатерінѣ
веⷱ҇роу|вечроу
же|же
бивꙿшоу|бівшоу
приде|пріде
порьфириꙩ̇нꙿ|порьфіріон
кь|кь
неи̇|неі
гл͠ѧ|гл҃ѧ
и̇ꙁиди|ізіді
цр͠це|цр҃це
да|да
и̇девѣ|ідевѣ
ꙗ̇мо|ꙗмо
желає̇ши|желаеші
тогаⷣ|тогад
сь|сь
дрьꙁновениє̇мь|дрьзновеніемь
вьставꙿши|вьставші
и̇де|іде
сь|сь
нимь|німь
цр͠ца|цр҃ца
же|же
даде|даде
ꙁлатиць|златіць
мꙿного|много
прьвомоу|прьвомоу
темьныи̇чаромь|темьнъіічаромь
вьниде|вьніде
вь|вь
внѫтрьнѫѫ̇|внѫтрьнѫѫ
темꙿницѩ|темніцѧ
и̇|і
выдѣ|въідѣ
ѫ̇|ѫ
сиꙗ̇ѫ̇ще|сіꙗѫще
лицє|ліце
е̇и̇|еі
въ|въ
тьмѣ|тьмѣ
ꙗ̇ко|ꙗко
и̇|і
слн͠це|слн҃це
въпадꙿнѫвꙿши|въпаднѫвші
же|же
вь|вь
страсѣ|страсѣ
припаде|пріпаде
кь|кь
ногама|ногама
е̇и̇|еі
гл͠ѫ|гл҃ѫ
бл͠жена|бл҃жена
є̇си|есі
вь|вь
женахь|женахь
твоѥ̇|твое
бо|бо
лице|ліце
нѣсть|нѣсть
ꙗ̇коже|ꙗкоже
нь|нь
ꙁемьныхꙿ|земьнъіх
нь|нь
славѣ|славѣ
нб͠снѣи̇|нб҃снѣі
и̇спльны|іспльнъі
сѧ|сѧ
желаа̇хь|желаахь
бо|бо
много|много
дн͠и|дн҃і
выдѣти|въідѣті
тѧ|тѧ
и̇|і
се|се
споⷣбии̇хъ|сподбііхъ
сѧ|сѧ
дн͠есь|дн҃есь
и̇|і
въꙁрадова|възрадова
сѧ|сѧ
дш͠а|дш҃а
моꙗ̇|моꙗ
реⷱ҇|реч
ѥ̇и̇|еі
бл͠женаа̇|бл҃женаа
бл͠жена|бл҃жена
е̇си|есі
и̇|і
ти|ті
цр͠це|цр҃це
ꙗ̇ко|ꙗко
вижⷣѫ|віждѫ
вѣнець|вѣнець
десѧтимь|десѧтімь
а̇нг͠ломь|анг҃ломь
носимь|носімь
ꙗ̇ко|ꙗко
да|да
положить|положіть
є̇го|его
на|на
главѣ|главѣ
твоѥ̇и̇|твоеі
и̇|і
по|по
трехь|трехь
дн͠ехь|дн҃ехь
ѻ̇блѣчеши|облѣчеші
ѥ̇го|его
и̇|і
вьꙁидеши|вьзідеші
на|на
нб͠о|нб҃о
вь|вь
вѣчꙿныи̇хь|вѣчнъііхь
бл͠гь|бл҃гь
на|на
несконьчаѥ̇мо|несконьчаемо
цр͠ьствиѥ̇|цр҃ьствіе
г͠а|г҃а
н͠шего|н҃шего
і̇с͠а|іс҃а
хаⷭ҇|хас
нꙿ|н
не|не
оу̇страши|оустраші
сѧ|сѧ
цр͠ева|цр҃ева
прѣщениꙗ̇|прѣщеніꙗ
хьⷭ҇|хьс
бо|бо
ти|ті
ѥ̇сть|есть
на|на
помощь|помощь
реⷱ҇|реч
цр͠ца|цр҃ца
кꙿ|к
нⷷ|не
боѫ̇|боѫ
сѧ|сѧ
мѫкь|мѫкь
ꙗ̇ко|ꙗко
ꙁапрѣщениꙗ̇|запрѣщеніꙗ
цр͠ва|цр҃ва
страшꙿна|страшна
сѧть|сѧть
гл͠а|гл҃а
ѥ̇и̇|еі
бл͠женаа̇|бл҃женаа
е̇катерина|екатеріна
не|не
бои̇|боі
сѧ|сѧ
хв͠а|хв҃а
прими|прімі
ꙁнамениꙗ̇|знаменіꙗ
и̇|і
не|не
вьꙁможєть|вьзможеть
ти|ті
сѧ|сѧ
прикⷪснѫти|прікоснѫті
мѫка|мѫка
а̇ще|аще
и̇|і
мало|мало
постражеⷣши|постражедші
и̇|і
пакы|пакъі
вь|вь
вѣкы|вѣкъі
цртⷭ҇воує̇ши|цртсвоуеші
сиꙗ̇|сіꙗ
же|же
гл͠ѧщи|гл҃ѧщі
ѥ̇и̇|еі
реⷱ҇|реч
порьфириꙩ̇нꙿ|порьфіріон
что|что
дароує̇ть|дароуеть
хьⷭ҇|хьс
вѣроуѫ̇щимь|вѣроуѫщімь
въ|въ
и̇мѧ|імѧ
ѥ̇го|его
ст͠аа̇|ст҃аа
реⷱ҇|реч
никогаⷣ|нікогад
ли|лі
е̇си|есі
чоуль|чоуль
вь|вь
писани|пісані
кртⷭ҇иа̇ньскомь|кртсіаньскомь
реⷱ҇|реч
порьфириꙩ̇нꙿ|порьфіріон
ныкогаⷣже|нъікогадже
не|не
чоухь|чоухь
реⷱ҇|реч
є̇моу|емоу
бл͠жеⷶ҇|бл҃жеа
є̇катерина|екатеріна
котори|которі
оу̇мь|оумь
и̇|і
ѫ̇ыкь|ѫъікь
можеть|можеть
гл͠ати|гл҃аті
трьпѣви|трьпѣві
же|же
до|до
конꙿца|конца
тьи̇|тьі
сп͠сть|сп҃сть
сѧ|сѧ
нь|нь
хаⷭ҇|хас
ради|раді
прѣтрьпѣвь|прѣтрьпѣвь
тьи̇|тьі
наслѣдъствоуе̇ть|наслѣдъствоуеть
бл͠гыи̇хь|бл҃гъііхь
вь|вь
ныхьже|нъіхьже
а̇нг͠ли|анг҃лі
не|не
смѣѫ̇ть|смѣѫть
приникнѫти|прінікнѫті
тогаⷣ|тогад
радости|радості
и̇спльнь|іспльнь
сѧ|сѧ
порꙿфириꙩ̇нь|порфіріонь
и̇|і
вѣрова|вѣрова
хв͠и|хв҃і
сь|сь
двѣма|двѣма
тьмама|тьмама
вои̇нома|воінома
и̇|і
цѣловавьши|цѣловавьші
сѧ|сѧ
бжⷭ҇твьныи̇мь|бжствьнъіімь
цѣлованиє̇мꙿ|цѣлованіем
и̇ꙁидошѫ|ізідошѫ
и̇ꙁꙿ|із
стемныцѫ|стемнъіцѫ
порѫчавꙿши|порѫчавші
стрѣгѫщимь|стрѣгѫщімь
не|не
каꙁати|казаті
никомоу|нікомоу
бишеє̇|бішее
бл͠женаа̇|бл҃женаа
же|же
бѣ|бѣ
питаѥ̇ма|пітаема
ѿ|от
а̇нгл͠а|англ҃а
коньчавьшимь|коньчавьшімь
сѧ|сѧ
.в͠і.мь|в҃імь
дн͠емь|дн҃емь
ꙗ̇вы|ꙗвъі
сѧ|сѧ
е̇и̇|еі
г͠ь|г҃ь
і̇сⷭ҇|ісс
хьⷭ҇|хьс
и̇|і
множьство|множьство
а̇нг͠ль|анг҃ль
сь|сь
нимь|німь
и̇|і
гл͠а|гл҃а
ѥ̇и̇|еі
бл͠жена|бл҃жена
е̇си|есі
вь|вь
женахъ|женахъ
ꙗ̇ко|ꙗко
мноꙃы|мнозъі
тобоѫ̇|тобоѫ
вѣровати|вѣроваті
и̇маѫ̇ть|імаѫть
вь|вь
и̇мѧ|імѧ
моѥ̇|мое
блоуди|блоуді
не|не
оу̇страши|оустраші
сѧ|сѧ
а̇ꙁь|азь
бо|бо
є̇сьмь|есьмь
с|с
тобоѫ̇|тобоѫ
и̇|і
се|се
рекь|рекь
и̇|і
вьꙁиде|вьзіде
на|на
н͠бо|н҃бо
оу̇троу|оутроу
же|же
бивꙿшоу|бівшоу
повє̇лѣ|повелѣ
цр͠ь|цр҃ь
привести|прівесті
бл͠женѫѫ̇|бл҃женѫѫ
и̇с|іс
темьницѫ|темьніцѫ
на|на
сѫдищⷷ|сѫдіще
и̇дѫщи|ідѫщі
ѥ̇и̇|еі
сьвьтѣше|сьвьтѣше
сѧ|сѧ
лице|ліце
є̇ѫ̇|еѫ
ꙗ̇ко|ꙗко
и̇|і
сл͠ньце|сл҃ньце
видѣ|відѣ
же|же
ѫ̇|ѫ
цр͠ь|цр҃ь
оу̇диви|оудіві
сѧ|сѧ
срцⷣемь|срцдемь
и̇|і
реⷱ҇|реч
є̇и̇|еі
ѥ̇катерино|екатеріно
пⷪ҇рꙿжи|поржі
б͠гомь|б҃гомь
и̇|і
црⷭ҇твоує̇ши|црствоуеші
сь|сь
намы|намъі
и̇|і
не|не
въсхотѣ|въсхотѣ
и̇|і
погоу[..]ти|погоуті
прѣславьнѫѫ̇|прѣславьнѫѫ
си|сі
лѣпотѫѧ|лѣпотѫѧ
ѿвѣщавꙿши|отвѣщавші
ѥ̇моу|емоу
реⷱ҇|реч
лѣпотѣ|лѣпотѣ
ли|лі
сѧ|сѧ
моє̇и̇|моеі
дивиши|дівіші
дн͠есь|дн҃есь
сꙿвтѧщи|свтѧщі
сѧ|сѧ
а꙼|а
оу̇трѣи̇|оутрѣі
си|сі
шеть|шеть
и̇|і
вь|вь
гробѣ|гробѣ
помⷷтнѫ|пометнѫ
то|то
бѫдеть|бѫдеть
сьгные̇ть|сьгнъіеть
бо|бо
сѧ|сѧ
тѣло|тѣло
а꙼|а
кости|кості
сѧ|сѧ
расипѫть|расіпѫть
а꙼ꙁь|азь
бо|бо
желаѫ̇|желаѫ
въ|въ
чꙿрьтогь|чрьтогь
небс͠ны|небс҃нъі
вьнити|вьніті
а̇ко|ако
да|да
нє|не
погыбꙿнеть|погъібнеть
тѣло|тѣло
моє̇|мое
вь|вь
ꙩ̇гꙿни|огні
геꙩ̇ньстѣмь|геоньстѣмь
се|се
же|же
гл͠ѧщи|гл҃ѧщі
ѥ̇и̇|еі
е̇парьхь|епарьхь
нѣкои̇|нѣкоі
и̇менемь|іменемь
хоурꙿсадъ|хоурсадъ
пришедъ|прішедъ
кь|кь
цр͠оу|цр҃оу
реⷱ҇|реч
чоуи̇|чоуі
цр͠оу|цр҃оу
и̇|і
є̇же|еже
ти|ті
рекѫ|рекѫ
то|то
сьтвори|сьтворі
дроугымь|дроугъімь
ничимь|нічімь
ѩ̇|ѧ
не|не
можеши|можеші
оу̇ловити|оуловіті
прооу̇мѣхь|прооумѣхь
бо|бо
сѧ|сѧ
а꙼ꙁъ|азъ
дѣло|дѣло
таково|таково
страшꙿно|страшно
видѣвꙿшы|відѣвшъі
толико|толіко
и̇|і
пожреть|пожреть
а̇ще|аще
ли|лі
не|не
пожреть|пожреть
то|то
ꙃлѣ|злѣ
да|да
оу̇мреть|оумреть
реⷱ҇|реч
цр͠ь|цр҃ь
чини|чіні
дꙗло|дꙗло
то|то
на|на
скорѣ|скорѣ
реⷱ҇|реч
е̇парьхь|епарьхь
да|да
сѧ|сѧ
оу꙼дѣлаѫ̇|оудѣлаѫ
д͠.|д҃
точила|точіла
и̇|і
на|на
коє̇жеⷣ|коежед
точило|точіло
да|да
сѧ|сѧ
пригвоꙁѫⷣть|прігвозѫдть
ножеве|ножеве
ꙩ̇боѫ̇доу|обоѫдоу
наѡ̇щрени|наощрені
и̇|і
ѡ̇д|од
ис|іс
подъ|подъ
крои̇ла|кроіла
.т͠.|т҃
и̇|і
да|да
ѫ̇|ѫ
посадѧть|посадѧть
протива|протіва
и̇хь|іхь
и̇|і
тако|тако
ꙩ̇бращаѫ̇щимь|обращаѫщімь
сѧ|сѧ
точиломꙿ|точілом
вьꙁьдвигѫти|вьзьдвігѫті
глаⷭ҇|глас
сь|сь
риканиє̇мь|ріканіемь
великимь|велікімь
и̇|і
тако|тако
оу꙼боа꙼вьши|оубоавьші
сѧ|сѧ
пожреть|пожреть
и̇|і
повелѣ|повелѣ
до|до
.д͠.|д҃
да|да
сьврьшить|сьврьшіть
сѧ|сѧ
ѡ̇рꙿгань|органь
и̇|і
семоу|семоу
сьврьшеноу|сьврьшеноу
бивьшоу|бівьшоу
повелѣ|повелѣ
цр͠ь|цр҃ь
сьвлⷺщи|сьвлѣщі
ѫ̇|ѫ
и̇|і
привѧꙁати|прівѧзаті
ѫ̇|ѫ
блиꙁь|блізь
ꙩрꙿгана|органа
того|того
тогаⷣ|тогад
сьниде|сьніде
а̇нг͠ль|анг҃ль
гн͠ь|гн҃ь
и̇схити|ісхіті
ѫ̇|ѫ
ѿ|от
ꙩ̇рꙿгана|органа
того|того
точило|точіло
же|же
врьтѧще|врьтѧще
сѧ|сѧ
побишѫ|побішѫ
є̇линь|елінь
.д͠і.|д҃і
тисѧщъ|тісѧщъ
а̇|а
прочи|прочі
въꙁькликошѧ|възьклікошѧ
гл͠ѧще|гл҃ѧще
є̇динь|едінь
б͠ь|б҃ь
хрⷭ҇тиа̇нскы|хрстіанскъі
гл͠асоу|гл҃асоу
же|же
томоу|томоу
и̇сходѧщоу|ісходѧщоу
хотѣше|хотѣше
цр͠ь|цр҃ь
вꙿдати|вдаті
ѫ̇|ѫ
на|на
по|по
великѫ|велікѫ
мѫкѫ|мѫкѫ
тогаⷣ|тогад
въскочи|въскочі
цр͠ца|цр҃ца
а̇вꙿгоуста|авгоуста
сь|сь
полати|полаті
своє̇ѫ̇|своеѫ
простовласа|простовласа
гл͠ѫщи|гл҃ѫщі
цр͠ви|цр҃ві
ѡ̇стани|остані
сѧ|сѧ
рабѫ|рабѫ
бж͠иѫ̇|бж҃іѫ
ѥ̇ѫ̇же|еѫже
не|не
прикоснѫ|прікоснѫ
сѧ|сѧ
ꙩ̇г͠нь|ог҃нь
що|що
сѧ|сѧ
бориши|боріші
сь|сь
бг͠омь|бг҃омь
и̇спльнь|іспльнь
же|же
сѧ|сѧ
ꙗ̇ростиѫ̇|ꙗростіѫ
цр͠ь|цр҃ь
повелѣ|повелѣ
принести|прінесті
сарꙿпиѫ̇|сарпіѫ
великѫ|велікѫ
и̇|і
на|на
дꙿнѣ|днѣ
вълиꙗ̇ти|въліꙗті
ꙩ̇лово|олово
ражеⷣженьно|ражедженьно
а̇|а
ѡ̇коло|около
пригвоꙁиⷣти|прігвозідті
ножеве|ножеве
ѡ̇стри|острі
и̇|і
вьврѣщи|вьврѣщі
ѫ̇|ѫ
долоу|долоу
главⷪ҇ѫ̇|главоѫ
семоу|семоу
бившоу|бівшоу
раꙁрѣꙁа|разрѣза
сѧ|сѧ
тѣло|тѣло
є̇ѫ̇|еѫ
на|на
дробно|дробно
тогда|тогда
повелѣ|повелѣ
и̇|і
оу̇сѣкьнѫшѧ|оусѣкьнѫшѧ
ѥ̇и̇|еі
гл͠авѫ|гл҃авѫ
и̇|і
тако|тако
сконꙿча|сконча
сѧ|сѧ
бл͠жена|бл҃жена
а̇вꙿгоуста|авгоуста
мцⷭ҇а|мцса
декѧбра|декѧбра
.к͠.|к҃
дн͠ь|дн҃ь
тогаⷣ|тогад
порьфириꙩ̇нꙿ|порьфіріон
вое̇вода|воевода
сь|сь
двѣма|двѣма
сьтьма|сьтьма
вои̇нома|воінома
ставь|ставь
посрѣдѣ|посрѣдѣ
ꙁꙿбора|збора
реⷱ҇|реч
и̇|і
а̇ꙁь|азь
христиꙗ̇нинь|хрістіꙗнінь
е̇сьмь|есьмь
и̇|і
вое̇вати|воеваті
и̇мамь|імамь
хаⷭ҇|хас
ради|раді
чоувꙿши|чоувші
и̇же|іже
сиꙗ̇|сіꙗ
словеса|словеса
цр͠ь|цр҃ь
и̇ꙁꙿ|із
глѫбини|глѫбіні
срцⷣа|срцда
въꙁⷣѫхнѫвь|въздѫхнѫвь
цр͠ь|цр҃ь
рече|рече
и̇ꙁгоубыи̇хь|ізгоубъііхь
дивьнаго|дівьнаго
вои̇на|воіна
тьи̇|тьі
бо|бо
ми|мі
бѣ|бѣ
крѣпꙿкы|крѣпкъі
стльпь|стльпь
на|на
сьпостати|сьпостаті
повративъ|повратівъ
же|же
сѧ|сѧ
кь|кь
прочимь|прочімь
вои̇номь|воіномь
реⷱ҇|реч
ви|ві
же|же
що|що
патисте|патісте
є̇же|еже
сѧ|сѧ
ѿвратисте|отвратісте
ѿ|от
мене|мене
оу̇боꙗ̇вꙿши|оубоꙗвші
же|же
сѧ|сѧ
нє|не
ѿвѣщашѫ|отвѣщашѫ
е̇моу|емоу
видѣвꙿши|відѣвші
же|же
порꙿфириꙩ̇|порфіріо
ꙗ̇ко|ꙗко
оу̇страшишѧ|оустрашішѧ
сѧ|сѧ
рече|рече
ц͠реви|ц҃реві
чесо|чесо
главѫ|главѫ
ѡ̇стави|оставі
ноꙃѣ|нозѣ
вьпрашаѥ̇ши|вьпрашаеші
цр͠ь|цр҃ь
же|же
реⷱ҇|реч
ꙁлаа̇|злаа
главо|главо
ти|ті
ли|лі
и̇мь|імь
глава|глава
є̇си|есі
и̇|і
раꙁьгнѣвавь|разьгнѣвавь
сѧ|сѧ
повелѣ|повелѣ
и̇|і
тѣхь|тѣхь
оу̇сѣкꙿнѫти|оусѣкнѫті
и̇|і
порꙿфириꙩ̇на|порфіріона
сь|сь
нымы|нъімъі
сиа̇|сіа
сьдѣла[..]|сьдѣла
диви|діві
мѫчитель|мѫчітель
повелѣ|повелѣ
блаженѫѫ̇|блаженѫѫ
привести|прівесті
кь|кь
себѣ|себѣ
є̇катеринѫ|екатерінѫ
пришедьши|прішедьші
же|же
є̇и̇|еі
почѧ|почѧ
цр͠ь|цр҃ь
льстиѫ̇|льстіѫ
гл͠ати|гл҃аті
кь|кь
неи̇|неі
и̇|і
не|не
можⷷ҇|може
е̇и̇|еі
раꙁорити|разоріті
тврьди|тврьді
оу̇мь|оумь
тогаⷣ|тогад
повелѣ|повелѣ
и̇|і
тѫ|тѫ
оу̇сѣкьнѫти|оусѣкьнѫті
и̇|і
и̇ꙁведошѧ|ізведошѧ
ѫ̇|ѫ
вои̇ны|воінъі
и̇ꙁꙿ|із
граⷣ|град
вьнь|вьнь
и̇|і
приведошѧ|пріведошѧ
ѫ|ѫ
на|на
мѣсто|мѣсто
и̇деже|ідеже
хотѣше|хотѣше
сѧ|сѧ
сконꙿчати|скончаті
течение̇|теченіе
ѥ̇ѫ̇|еѫ
видѣвꙿши|відѣвші
же|же
народь|народь
плачѧщь|плачѧщь
помоли|помолі
сѧ|сѧ
вои̇номꙿ|воіном
дати|даті
ѥ̇и̇|еі
мало|мало
врѣмѧ|врѣмѧ
помолити|помоліті
сѧ|сѧ
и̇|і
рекошѧ|рекошѧ
є̇и̇|еі
мⷱ҇нице|мчніце
хв͠а|хв҃а
мл͠и|мл҃і
сѧ|сѧ
ꙗ̇коже|ꙗкоже
хощеши|хощеші
тогаⷣ|тогад
вьꙁдвиже|вьздвіже
рѫцѣ|рѫцѣ
на|на
н͠бо|н҃бо
и̇|і
реⷱ҇|реч
бл͠годарѫ|бл҃годарѫ
тѧ|тѧ
г͠и|г҃і
бж͠е|бж҃е
мои̇|моі
ꙗ̇ко|ꙗко
покриль|покріль
мѧ|мѧ
є̇си|есі
десницеѫ̇|десніцеѫ
твоє̇ѫ̇|твоеѫ
ꙗ̇ко|ꙗко
не|не
даль|даль
е̇си|есі
дш͠ѫ|дш҃ѫ
мⷪѫ̇|моѫ
сьнити|сьніті
вь|вь
а̇дь|адь
нь|нь
оу̇тврьдиль|оутврьділь
є̇си|есі
на|на
камени|камені
и̇сповѣданиꙗ̇|ісповѣданіꙗ
ноꙃѣ|нозѣ
мои̇|моі
и̇|і
н͠нѣ|н҃нѣ
простри|прострі
длани|длані
своѫ̇|своѫ
ѫ̇же|ѫже
ꙩ̇крꙿвавиль|окрвавіль
є̇си|есі
нась|нась
ради|раді
и̇|і
прими|прімі
дш͠ѫ|дш҃ѫ
моѫ̇|моѫ
дажьⷣ|дажьд
г͠и|г҃і
припадаѫ̇щимь|пріпадаѫщімь
и̇|і
мⷧѧщимь|млѧщімь
ти|ті
сѧ|сѧ
и̇мѧ|імѧ
не|не
ради|раді
моє̇го|моего
всѣ|всѣ
є̇же|еже
просѧть|просѧть
ꙗ̇ко|ꙗко
да|да
величаѥ̇ть|велічаеть
сѧ|сѧ
и̇мѧ|імѧ
твоѥ̇|твое
вь|вь
вѣкы|вѣкъі
и̇|і
ѥ̇гаⷣ|егад
молитвѫ|молітвѫ
сконьча|сконьча
реⷱ҇|реч
вои̇номь|воіномь
сьврьшите|сьврьшіте
повелѣниє̇|повелѣніе
цр͠во|цр҃во
тогаⷣ|тогад
є̇динь|едінь
пристѫвь|прістѫвь
оу̇сѣкнѫ|оусѣкнѫ
чтⷭ҇ьнѫѫ̇|чтсьнѫѫ
главѫ|главѫ
и̇|і
бысть|бъість
ꙁрѫщимь|зрѫщімь
дивьно|дівьно
чюдо|чоудо
мѣсто|мѣсто
крьви|крьві
млѣко|млѣко
и̇стече|істече
много|много
страⷣльно|страдльно
же|же
тѣло|тѣло
є̇ѫ̇|еѫ
невыдимо|невъідімо
быⷭ҇|бъіс
и̇|і
до|до
дн͠ешꙿнаа̇го|дн҃ешнааго
дн͠е|дн҃е
є̇гаⷣ|егад
бо|бо
оу̇сѣкновена|оусѣкновена
быⷭ҇|бъіс
бж͠иѥ̇мь|бж҃іемь
повелѣние̇мь|повелѣніемь
а̇нг͠ли|анг҃лі
въꙁѧшѫ|възѧшѫ
тѣло|тѣло
ѥ̇ѫ̇|еѫ
и̇|і
прѣнесошѧ|прѣнесошѧ
и̇|і
положишѧ|положішѧ
на|на
синаи̇стѣи̇|сінаістѣі
горѣ|горѣ
мⷭ҇ца|мсца
ноѫ̇бра|ноѫбра
.к͠.|к҃
и̇|і
е͠.|е҃
дн͠ь|дн҃ь
чаⷭ҇|час
.г͠.|г҃
вь|вь
слаѫⷡ҇|слаѫв
ꙩ̇ца|оца
и̇|і
сн͠а|сн҃а
и̇|і
ст͠аго|ст҃аго
дх͠а|дх҃а
ѥ̇моуже|емоуже
поⷣбаѥ̇ть|подбаеть
вьсака|вьсака
слава|слава
и̇|і
честь|честь
и̇|і
покланѣниѥ̇|покланѣніе
вꙿсегаⷣ|всегад
и̇|і
н͠нѣ|н҃нѣ
и̇|і
присно|прісно
и̇|і
вꙿ|в
вѣ|вѣ
П(О)СЛАНИѤ́|посланіе
ТИВ(Е)РИЮ́|тіверію
К(Е)САРЮ|кесарю
Вꙿ|в
РИМЬ|рімь
ѿ|от
пилата|пілата
ѡ̇|о
сьдѣꙗ̇ни|сьдѣꙗні
г͠оу|г҃оу
н͠шемоу|н҃шемоу
і̇сⷭ҇|ісс
хⷭ҇оу|хсоу
благослови|благослові
ꙩ̇ч͠е|оч҃е
Великодръжавьномоу|велікодръжавьномоу
и̇|і
ꙃѣло|зѣло
чⷭ҇тьномоу|чстьномоу
тиверию̇|тіверію
кесароу|кесароу
а̇ꙁь|азь
пилать|пілать
поньтьскы̋|поньтьскъі
въсточныѩ̋|въсточнъіѧ
страны̋|странъі
ѡ̇бласты|областъі
дръжѫ|дръжѫ
въꙁвѣстити|възвѣстіті
ꙃѣло|зѣло
трѣбоѧ̋|трѣбоѧ
вашемоу|вашемоу
бл͠гочьстию꙼|бл҃гочьстію
нашимь|нашімь
въꙁношение̇мь|възношеніемь
трепетомь|трепетомь
многомь|многомь
ѡ̇дрьжимь|одрьжімь
е̇сꙿмь|есмь
и̇|і
страхомь|страхомь
велиѥ̇мь|веліемь
дръжавьни|дръжавьні
ц͠рꙋ|ц҃роу
се|се
бо|бо
н͠нѣ|н҃нѣ
настоѧ̇ще|настоѧще
врѣмѫ|врѣмѫ
и̇стинѫ|істінѫ
покаꙁа|показа
ꙗ̇коже|ꙗкоже
сьдѣꙗ̇шѫ|сьдѣꙗшѫ
сѧ|сѧ
въ|въ
дн͠и|дн҃і
сиѩ̇|сіѧ
а̇ꙁь|азь
же|же
сиѫ̇|сіѫ
дръжѫ|дръжѫ
ѡ̇бласть|область
и̇|і
нѣкотора|нѣкотора
млъва|млъва
вьста|вьста
въ|въ
и̇ю̇дѣи̇стѣмь|іюдѣістѣмь
племени|племені
а̇|а
по|по
повелѣнию̇|повелѣнію
вашего|вашего
тихотьства|тіхотьства
а̇ꙁь|азь
старѣи̇шина|старѣішіна
вь|вь
странѣ|странѣ
тои̇|тоі
на|на
мѣстѣ|мѣстѣ
є̇же|еже
ѥ̇стъ|естъ
на|на
странѣ|странѣ
вьсточꙿнѣи̇|вьсточнѣі
е̇же|еже
ѥ̇сть|есть
ѥ̇динь|едінь
ѿ|от
градъ|градъ
ѥ̇рлⷭ҇мь|ерлсмь
нарицає̇мь|наріцаемь
и̇|і
бⷭ҇ы|бсъі
сицево|сіцево
дѣло|дѣло
вь|вь
є̇диномь|едіномь
свѣтилищи|свѣтіліщі
и̇ю̇деи̇скаго|іюдеіскаго
ѫ̇ꙁыка|ѫзъіка
тоу|тоу
вь|вь
немь|немь
сьбрати|сьбраті
сѧ|сѧ
вьсемоу|вьсемоу
народоу|народоу
и̇ю̇деи̇скаго|іюдеіскаго
ѧ̇ꙁыка|ѧзъіка
и̇|і
прѣдадешѧ|прѣдадешѧ
ми|мі
нѣкакого|нѣкакого
чл͠ка|чл҃ка
гл͠емаго|гл҃емаго
і̇с͠а|іс҃а
многы|многъі
бечисльниѫ̇|бечісльніѫ
съблаꙁꙿны|съблазнъі
носѣше|носѣше
на|на
нь|нь
и̇|і
не|не
могошѧ|могошѧ
ни|ні
вь|вь
кое̇мь|коемь
дѣлѣ|дѣлѣ
ꙩ̇бличити|облічіті
і̇саⷭ҇|ісас
нь|нь
є̇дꙿина|едіна
рѣчь|рѣчь
и̇хꙿ|іх
бѣ|бѣ
на|на
нь|нь
ꙗ̇ко|ꙗко
сѫботи|сѫботі
и̇хꙿ|іх
раꙁарѣше|разарѣше
гл͠ѫ|гл҃ѫ
нѣⷭ҇|нѣс
сѫщаго|сѫщаго
права|права
праꙁнⷣыка|празндъіка
и̇|і
многа|многа
же|же
и̇цѣлениꙗ̇|іцѣленіꙗ
творѣше|творѣше
благыми|благъімі
дѣли|дѣлі
слѣпиѫ|слѣпіѫ
сьтвори|сьтворі
проꙁрѣти|прозрѣті
и̇|і
слѫкыѫ̇|слѫкъіѫ
ходити|ходіті
и̇|і
мр͠твыѫ̇|мр҃твъіѫ
въстави|въставі
и̇|і
раслабениѫ̇|раслабеніѫ
и̇цⷭ҇ѣли|іцсѣлі
и̇|і
не|не
могѫщи|могѫщі
вьсма|вьсма
въ|въ
тѣлосныхь|тѣлоснъіхь
оу̇довѣхь|оудовѣхь
и̇мѣти|імѣті
стоꙗ̇ниꙗ̇|стоꙗніꙗ
нь|нь
тькъмо|тькъмо
и̇мѧщии̇|імѧщіі
глаⷭ҇|глас
и̇|і
костьно|костьно
сьчетание̇|сьчетаніе
ꙩ̇нꙿ|он
подаа̇ше|подааше
и̇мь|імь
силѫ|сілѫ
ходити|ходіті
и̇|і
ристати|рістаті
тькмо|тькмо
словесемь|словесемь
повелѣваше|повелѣваше
и̇|і
и̇на|іна
ѥ̇тера|етера
мощьⷮнѣи̇ши|мощьтнѣіші
и̇|і
дивьнѣи̇шѧ|дівьнѣішѧ
вещь|вещь
е̇же|еже
ѥ̇сть|есть
б͠ь|б҃ь
вашь|вашь
хь|хь
четьвередн͠евьна|четьвередн҃евьна
лаꙁара|лазара
ѿ|от
мрьтвыхь|мрьтвъіхь
въскрѣси|въскрѣсі
словесемъ|словесемъ
тькмо|тькмо
приꙁва|прізва
оу̇мⷷрьшаго|оумерьшаго
чрьвьми|чрьвьмі
и̇|і
сꙿмрадомь|смрадомь
и̇|і
тѣлоу|тѣлоу
ѡ̇бꙿщомꙋ|общомоу
сьщоу|сьщоу
въ|въ
гробѣ|гробѣ
лежѫщꙋ|лежѫщоу
повелѣ|повелѣ
тещи|тещі
никакоже|нікакоже
мрьтва|мрьтва
и̇мѧщи|імѧщі
чесо|чесо
нь|нь
ꙗ̇ко|ꙗко
ѿ|от
чрьтога|чрьтога
жении̇хь|женііхь
тако|тако
иꙃиде|ізіде
ѿ|от
гроба|гроба
бл͠гоѫ̇ханиꙗ̇|бл҃гоѫханіꙗ
мнⷪга|многа
и̇спльнени|іспльнені
и̇|і
нѣкиѫ̇|нѣкіѫ
ꙗ̇вѣ|ꙗвѣ
бѣсоуѧ̇щѫ|бѣсоуѧщѫ
сѧ|сѧ
вь|вь
поустинѣхь|поустінѣхь
жилища|жіліща
и̇мѧщи|імѧщі
и̇|і
ѿ|от
пльтоꙗ̇децъ|пльтоꙗдецъ
сьщи|сьщі
свои̇хь|своіхь
оу̇довъ|оудовъ
и̇|і
сь|сь
гади|гаді
и̇|і
дивими|дівімі
ꙃвѣрꙿми|звѣрмі
живѫщⷷ҇|жівѫще
и̇|і
бѣсѧще|бѣсѧще
сѧ|сѧ
и̇|і
сиѫ̇|сіѫ
сътвори|сътворі
жителѧ|жітелѧ
градьскиѫ̇|градьскіѫ
и̇|і
въ|въ
свои̇хь|своіхь
домовѣхь|домовѣхь
и̇|і
словесемь|словесемь
сьмислъно|сьміслъно
покаꙁа|показа
прѣмѧдрьно|прѣмѧдрьно
и̇|і
раꙁꙋмно|разоумно
и̇|і
славьно|славьно
повелѣ|повелѣ
бити|біті
влкⷣо|влкдо
ѿ|от
нечиста|нечіста
дх͠а|дх҃а
мѫчимиѩ̇|мѫчіміѧ
и̇|і
сьщии̇хь|сьщііхь
вь|вь
нихь|ніхь
бѣсовь|бѣсовь
погибелиѫ̇|погібеліѫ
ньждъноѫ̇|ньждъноѫ
вь|вь
стадо|стадо
свино|свіно
посла|посла
въ|въ
мори|морі
потонѫти|потонѫті
пакы|пакъі
нѣкто|нѣкто
соухѫ|соухѫ
рѫкѫ|рѫкѫ
и̇мѣѩ̇|імѣѧ
и̇|і
весма|весма
полꙿ|пол
тѣла|тѣла
оу̇сьхьша|оусьхьша
и̇|і
поне|поне
ни|ні
твари|тварі
тѣлесни|тѣлесні
и̇мѣѫ̇|імѣѫ
тогаⷣ|тогад
словесемь|словесемь
и̇сꙿцѣли|ісцѣлі
и̇|і
постави|поставі
ꙁрⷣава|зрдава
и̇|і
женѫ|женѫ
крьвоточівѫ|крьвоточівѫ
въ|въ
мноꙃѣхь|мнозѣхь
врѣмєнехь|врѣменехь
ꙗ̇кⷪ|ꙗко
ѿ|от
самого|самого
тѣлеснаго|тѣлеснаго
теⷱ҇ни̇ꙗ̇|течніꙗ
вьсѣмь|вьсѣмь
течениє̇мь|теченіемь
костьньмь|костьньмь
сьчетание̇мь|сьчетаніемь
бити|біті
ни|ні
є̇диного|едіного
чл͠вѣча|чл҃вѣча
є̇стьства|естьства
и̇мѫщи|імѫщі
тѣломь|тѣломь
нь|нь
стидѫщи|стідѫщі
сѧ|сѧ
хожаⷣшє|хожадше
ѥ̇ле|еле
жива|жіва
ѡт|от
крьвоточиꙗ̇|крьвоточіꙗ
въси|въсі
бо|бо
врачеве|врачеве
неначаꙗ̇но|неначаꙗно
нарекше|нарекше
присѣщаа̇хѫ|прісѣщаахѫ
не|не
бѣ|бѣ
бо|бо
вь|вь
неи̇|неі
влкⷣо|влкдо
ни|ні
е̇диноѧ̇|едіноѧ
надежѫⷣ|надежѫд
сп͠снию̇|сп҃снію
сьщи|сьщі
мимогрѧди|мімогрѧді
і̇сьⷭ҇|ісьс
и̇|і
крѣпость|крѣпость
приє̇мьши|пріемьші
же|же
на|на
ꙩ̇сѣнениє̇мь|осѣненіемь
риꙁь|різь
коснѫвь|коснѫвь
сѧ|сѧ
при|прі
крилѣ|крілѣ
томь|томь
часѣ|часѣ
ста|ста
течениѥ̇|теченіе
крьве|крьве
ѥ̇ѫ̇|еѫ
и̇|і
быⷭ҇|бъіс
ꙗ̇ко|ꙗко
николиже|ніколіже
ꙁла|зла
и̇мѣвъши|імѣвъші
и̇|і
начѧть|начѧть
скоро|скоро
тещи|тещі
вꙿ|в
соⷡ҇и̇|сові
градъ|градъ
вельми|вельмі
и̇|і
симь|сімь
оу̇бо|оубо
същи|същі
сице|сіце
въꙁꙿвѣщахѫ|възвѣщахѫ
и̇ю̇деи̇є̇|іюдеіе
сьвръшаѫ̇ща|сьвръшаѫща
въ|въ
сѫботѫ|сѫботѫ
і̇саⷭ҇|ісас
ꙗ̇ко|ꙗко
паче|паче
б͠ь|б҃ь
чьтомыхь|чьтомъіхь
и̇|і
болъша|болъша
раꙁоумѣхь|разоумѣхь
чоудеса|чоудеса
ѿ|от
него|него
бывае̇ма|бъіваема
сего|сего
оу̇бо|оубо
и̇родъ|іродъ
и̇|і
а̇рꙿхела|архела
и̇|і
филипъ|філіпъ
же|же
и̇|і
а̇нꙿна|анна
и̇|і
каи̇афа|каіафа
прѣдашѫми|прѣдашѫмі
сꙿ|с
вⷭ҇ѣми|всѣмі
люⷣьмы|людьмъі
и̇хь|іхь
ѡ̇|о
семь|семь
въпрашаты̇|въпрашатъі
и̇|і
великѫ|велікѫ
млъвѫ|млъвѫ
сьтворишѧ|сьтворішѧ
и̇|і
а̇ꙁь|азь
ѡ̇|о
себѣ|себѣ
повелѣхь|повелѣхь
распѧти|распѧті
прѣждє|прѣжде
бывъ|бъівъ
є̇го|его
ни|ні
е̇диноѫ̇же|едіноѫже
вини|віні
ѡ̇брѣть|обрѣть
въ|въ
немь|немь
ни|ні
ꙁла|зла
дѣла|дѣла
и̇мьже|імьже
ѡ̇кꙿлеветахѫ|оклеветахѫ
тьи̇|тьі
тькмо|тькмо
распѫтꙿ|распѫт
быⷭ҇|бъіс
и̇|і
тьма|тьма
быⷭ҇|бъіс
по|по
вꙿсеи̇|всеі
вьселенѣи̇|вьселенѣі
свн͠цоу|свн҃цоу
помрнⷦ҇вьшоу|помрнквьшоу
вꙿемⷭ҇а|вемса
и̇|і
темꙿноу|темноу
крѫгꙋ|крѫгоу
сьшоу|сьшоу
тоже|тоже
кь|кь
семⷹ|семоу
полю|полю
дн͠е|дн҃е
ꙗ̇ко|ꙗко
ꙁвѣꙁдамь|звѣздамь
вꙿсѣмь|всѣмь
свѣтити|свѣтіті
сѧ|сѧ
нь|нь
ѡ̇баче|обаче
свѣтлость|свѣтлость
ꙩ̇мрⷶченѫ|омраченѫ
и̇мѣхѫ|імѣхѫ
ꙗ̇ко|ꙗко
и̇|і
не|не
свѣсть|свѣсть
ваше|ваше
бл͠гочьстиє̇|бл҃гочьстіе
ѫ̇же|ѫже
въ|въ
всемь|всемь
мирѣ|мірѣ
свѣщѫ|свѣщѫ
вьжегошѧ|вьжегошѧ
ѿ|от
шестиѫ̇|шестіѫ
години|годіні
до|до
веⷱ҇ра|вечра
мⷭ҇ць|мсць
же|же
ꙗ̇ко|ꙗко
вь|вь
крьвы|крьвъі
вьсѧ|вьсѧ
нощь|нощь
не|не
прѣста|прѣста
надь|надь
всѣмꙵ|всѣм
же|же
всѣ|всѣ
множьство|множьство
прилоучивьше|прілоучівьше
сѧ|сѧ
нь|нь
и̇|і
весъ|весъ
мирь|мірь
колѣбаше|колѣбаше
сѧ|сѧ
ѿ|от
нⷷ҇и̇сповѣдимаго|неісповѣдімаго
трѫса|трѫса
и̇|і
хотѣше|хотѣше
вьса|вьса
тваръ|тваръ
въ|въ
прѣи̇сподъныхь|прѣісподънъіхь
погльщєнⷶ҇|погльщена
бити|біті
такожде|такожде
ѫ̇же|ѫже
и̇мѣхѫ|імѣхѫ
свѣщениє̇|свѣщеніе
цр͠квьно|цр҃квьно
и̇ю̇деи̇скоє̇|іюдеіское
и̇|і
катапетаꙁьма|катапетазьма
цр͠ковьна|цр҃ковьна
и̇хь|іхь
раꙁрⷣа|разрда
сѧ|сѧ
сь|сь
выше|въіше
до|до
ниꙁоу|нізоу
и̇|і
громи|громі
же|же
мꙿноꙃи|мнозі
и̇|і
шꙋми|шоумі
бывахѫ|бъівахѫ
ꙗ̇ко|ꙗко
и̇|і
вьсеи̇|вьсеі
ꙁеми|земі
не|не
тькꙿмо|тькмо
колѣбати|колѣбаті
сѧ|сѧ
нꙿ|н
и̇|і
трѧсти|трѧсті
сѧ|сѧ
и̇|і
ꙗ҅вышѧ|ꙗвъішѧ
сѧ|сѧ
въ|въ
страхь|страхь
мртьвьци|мртьвьці
въскр͠сьше|въскр҃сьше
ꙗ̇ко|ꙗко
и̇|і
сами̇|самі
видѣхѫ|відѣхѫ
и̇ю̈̈деи̇є̇|іюдеіе
и̇|і
рекошѧ|рекошѧ
видѣхомь|відѣхомь
а̇враа̇ма̇|авраама
и̇сака|ісака
и̇а̇кова|іакова
и̇|і
.в͠і.|в҃і
патриа̇рхь|патріархь
сь|сь
мои̇сеѡ̇мь|моісеомь
конꙿчавꙿшии̇х|кончавшііх
сѧ|сѧ
прѣжде|прѣжде
двⷪ҇ю|двою
тисѧщоу|тісѧщоу
лѣтъ|лѣтъ
и̇|і
пѫти|пѫті
сѧть|сѧть
и̇|і
и̇ни̇|іні
мꙿногы|многъі
а̇ꙁъ|азъ
видѣхь|відѣхь
ꙗ̇вльшѧ|ꙗвльшѧ
сѧ|сѧ
въ|въ
тѣлесехь|тѣлесехь
плачь|плачь
же|же
великъ|велікъ
творѧщъ|творѧщъ
всѣмь|всѣмь
и̇ю̇деѡ̇мь|іюдеомь
бивꙿшаго|бівшаго
ѿ|от
ныхь|нъіхь
беꙁакониꙗ̇|безаконіꙗ
и̇|і
погыбѣли|погъібѣлі
дѣльма|дѣльма
ꙁакона|закона
и̇хь|іхь
ꙗ̇ко|ꙗко
ꙁаконъ|законъ
и̇хь|іхь
нѣкымы|нѣкъімъі
раꙁорень|разорень
быⷭ҇|бъіс
и̇|і
начѫшѧ|начѫшѧ
бывати|бъіваті
трѫсове|трѫсове
ѿ|от
години|годіні
шестиѫ̇|шестіѫ
вь|вь
ньже|ньже
чаⷭ҇|час
въбиѥ̇ни|въбіені
бишѧ|бішѧ
гвоꙁиⷣ(є)|гвозіде
въ|въ
рѫцѣ|рѫцѣ
и̇|і
ноꙃѣ|нозѣ
і̇с͠оусовѣ|іс҃оусовѣ
и̇|і
пригвожеⷣнь|прігвожеднь
быⷭ҇|бъіс
на|на
дрѣвѣ|дрѣвѣ
крⷭ҇тьнѣмь|крстьнѣмь
до|до
веⷱ҇ра|вечра
въ|въ
е̇динѫже|едінѫже
сѫботѫ|сѫботѫ
до|до
вечера|вечера
нощиѫ̇|нощіѫ
великь|велікь
шоумь|шоумь
быⷭ҇|бъіс
сь|сь
нб͠се|нб҃се
ꙗ̇ко|ꙗко
вꙿсемоу|всемоу
нб͠се|нб҃се
седморицеѫ̇|седморіцеѫ
съгоубо|съгоубо
ꙗ̇снѣи̇шѧ|ꙗснѣішѧ
и̇|і
свѣтлѣи̇шѧ|свѣтлѣішѧ
вꙿсѣхь|всѣхь
дн͠еи̇|дн҃еі
бити|біті
паче|паче
ѿ|от
третиꙗ̇го|третіꙗго
чаⷭ҇|час
нощи|нощі
слн͠це|слн҃це
въсиꙗ̇|въсіꙗ
ꙗ̇ко|ꙗко
никогаⷣ|нікогад
ꙗ̇вило|ꙗвіло
сѧ|сѧ
бѣ|бѣ
и̇|і
ꙩ̇ст͠ы|ост҃ъі
вьсѣхь|вьсѣхь
вьсѫдоу|вьсѫдоу
и̇|і
вꙿсе|все
нб͠о|нб҃о
просꙿтвѣ|проствѣ
сѧ|сѧ
ꙗ̇ко|ꙗко
мльниꙗ̇|мльніꙗ
вьнеꙁаа̇пѫ|вьнезаапѫ
и̇|і
ꙗ̇вишѧ|ꙗвішѧ
сѧ|сѧ
мѫжиє̇|мѫжіе
нѣкои̇|нѣкоі
висоци|вісоці
вь|вь
ѡ̇дежаⷣхь|одежадхь
бѣлихъ|бѣліхъ
и̇|і
вь|вь
славѣ|славѣ
неи̇сповѣдимѣи̇|неісповѣдімѣі
сьще|сьще
ꙗ̇влѣхѧ|ꙗвлѣхѧ
сѧ|сѧ
на|на
є̇рѣ|ерѣ
множьствомь|множьствомь
бечⷭ҇исльнимь|бечсісльнімь
въпиѫ̇ще|въпіѫще
распении̇|распеніі
вьск͠рсе|вьск҃рсе
хьⷭ҇|хьс
и̇хьже|іхьже
глаⷭ҇|глас
слышаше|слъішаше
сѧ|сѧ
ꙗ̇кⷪ|ꙗко
величьство|велічьство
громовъ|громовъ
слава|слава
вь|вь
вишны̇хь|вішнъіхь
б͠оу|б҃оу
и̇|і
на|на
ꙁеми|земі
мирь|мірь
вь|вь
чл͠вѣцѣхь|чл҃вѣцѣхь
и̇ꙁидѣте|ізідѣте
ѿ|от
а̇да|ада
порабощени|порабощені
вь|вь
прѣи̇сподънии̇хь|прѣісподънііхь
ꙁеми|земі
и̇|і
ѿ|от
глаⷭ҇|глас
и̇хь|іхь
всѧ|всѧ
гори|горі
ꙁемныѫ̇|земнъіѫ
и̇|і
хльми|хльмі
колѣбахѫ|колѣбахѫ
сѧ|сѧ
камениѥ̇|каменіе
расѣдаше|расѣдаше
сѧ|сѧ
и̇|і
пропасти|пропасті
ꙁемьниѫ̇|земьніѫ
велици|веліці
бываа̇хѫ|бъіваахѫ
ꙗ̇|ꙗ
и̇|і
глѫ(би)нѣ|глѫбінѣ
а̇вѣ|авѣ
бити|біті
глѫбоцѣ|глѫбоцѣ
и̇|і
мноꙃѣмь|мнозѣмь
тѣлесемь|тѣлесемь
оу̇мⷷ҇рьшимꙿ|оумерьшім
бити|біті
вьскресениє̇|вьскресеніе
и̇|і
ходити|ходіті
въсемоу|въсемоу
множьствоу|множьствоу
и̇|і
вьспѣвати|вьспѣваті
велицѣмь|веліцѣмь
глаⷭ҇мь|гласмь
въск͠рсе|въск҃рсе
и̇ꙁь|ізь
мрꙿтвии̇хь|мртвііхь
хьⷭ҇|хьс
и̇|і
вьсѫ|вьсѫ
мрꙿтвыѫ̇|мртвъіѫ
вьскр͠сивъ|вьскр҃сівъ
ꙩ̇живи|ожіві
и̇|і
а̇да|ада
раꙁрⷣоушивь|разрдоушівь
оу̇мрьтви|оумрьтві
нь|нь
рꙿцѣте|рцѣте
оу̇ченикомь|оученікомь
є̇го|его
ꙗ̇ко|ꙗко
варає̇ть|вараеть
ви|ві
въ|въ
галилеи̇|галілеі
и̇|і
вьсѫ|вьсѫ
же|же
тиѫ̇|тіѫ
нощь|нощь
ѡ̇|о
влкⷣо|влкдо
благочьстиви|благочьстіві
сꙿвѣть|свѣть
не|не
прѣстаꙗ̇ше|прѣстаꙗше
и̇|і
ѿ|от
ю̇деи̇|юдеі
мноꙃы|мнозъі
оу̇мерьше|оумерьше
и̇|і
въ|въ
пропастехь|пропастехь
ꙁемьнии̇хь|земьнііхь
погыбошѧ|погъібошѧ
ꙗ̇ко|ꙗко
ни|ні
тѣлееⷭмь|тѣлеесмь
и̇хь|іхь
ꙗ̇вити|ꙗвіті
сѧ|сѧ
ты|тъі
же|же
гл͠и|гл҃і
влкⷣо|влкдо
на|на
і̇саⷭ҇|ісас
бивꙿшѫѫ̇|бівшѫѫ
ꙗ̇коже|ꙗкоже
мнѣти|мнѣті
ми|мі
влⷣкⷪ|влдко
привидѣниє̇|прівідѣніе
выдѣвь|въідѣвь
мр͠тво|мр҃тво
вєтꙿхоє̇|ветхое
ѥ̇гоже|егоже
не|не
бѣхь|бѣхь
видѣль|відѣль
никⷪгдаже|нікогдаже
влкⷣо|влкдо
е̇диноже|едіноже
съборище|съборіще
ѡ̇ста|оста
вь|вь
томь|томь
самѣ(мꙿ)|самѣм
є̇роусалимѣ|ероусалімѣ
а̇|а
вьса|вьса
съборища|съборіща
падошѧ|падошѧ
сѧ|сѧ
въ|въ
тиѫ̇|тіѫ
нощь|нощь
и̇|і
тѣмꙿже|тѣмже
и̇|і
а̇ꙁь|азь
въ|въ
оу̇жасѣ|оужасѣ
бивь|бівь
сь|сь
страхомь|страхомь
и̇|і
трепетомь|трепетомь
ꙩ̇дрьжимь|одрьжімь
лютомь|лютомь
ѫ̇же|ѫже
видѣхь|відѣхь
влкⷣо|влкдо
бывꙿшаа̇|бъівшаа
вь|вь
тои̇|тоі
чаⷭ҇|час
и̇|і
написавь|напісавь
вьꙁвѣстихь|вьзвѣстіхь
вашеи̇|вашеі
дръжавѣ|дръжавѣ
написавь|напісавь
же|же
вьсѣ|вьсѣ
съдѣа̇нꙿнаа̇|съдѣаннаа
ѿ|от
и̇ю̇деи̇|іюдеі
на|на
і̇с͠а|іс҃а
пⷪ҇слахь|послахь
вашемоу|вашемоу
бл͠гочⷭ҇тиѥ̇|бл҃гочстіе
влкⷣо|влкдо
самⷪ҇дръжьче|самодръжьче
донесє(но)мь|донесеномь
бивꙿши|бівші
книгамь|кнігамь
вь|вь
римь|рімь
и̇|і
прочтеномь|прочтеномь
бивьшимь|бівьшімь
прѣдъ|прѣдъ
тивериє̇мь|тіверіемь
кесаремь|кесаремь
и̇|і
немалоу|немалоу
стоѫ̇щꙋ|стоѫщоу
сьбороу|сьбороу
и̇|і
пристрашꙿны|прістрашнъі
бивше|бівше
пилатова|пілатова
ради|раді
беꙁакониꙗ̇|безаконіꙗ
и̇|і
неправаго|неправаго
сѫда|сѫда
є̇го|его
тьмы|тьмъі
и̇|і
трѫсове|трѫсове
бышѫ|бъішѫ
по|по
вьселѣнѣи̇|вьселѣнѣі
и̇|і
ꙗ̇рости|ꙗрості
и̇спьни|іспьні
сѧ|сѧ
кесарь|кесарь
и̇|і
повелѣ|повелѣ
послати|послаті
вои̇ни|воіні
привести|прівесті
свѫꙁавьꙁавьше|свѫзавьзавьше
пилата|пілата
въ|въ
римь|рімь
слышавꙿ|слъішав
же|же
кесаръ|кесаръ
(ꙗ̇)ко|ꙗко
приде|пріде
пилать|пілать
и̇|і
сѣде|сѣде
на|на
капетолии̇|капетоліі
вь|вь
цр͠квы|цр҃квъі
бг͠ь|бг҃ь
сь|сь
всѣмь|всѣмь
е̇го|его
соунꙿклиѳомь|соункліѳомь
и̇|і
вьсемⷹ|вьсемоу
множьствоу|множьствоу
римьскомоу|рімьскомоу
прѣдъстоѫ̇щоу|прѣдъстоѫщоу
и̇|і
повелѣ|повелѣ
при|прі
понꙿтиє̇мь|понтіемь
привести|прівесті
пилата|пілата
и̇|і
кь|кь
(н͠е)моуже|н҃емоуже
реⷱ҇|реч
кесарь|кесарь
гл͠и|гл҃і
ми|мі
нечⷭ҇тиве|нечстіве
ты|тъі
ли|лі
є̇си|есі
пилать|пілать
гемонь|гемонь
вьсточꙿныѩ̇|вьсточнъіѧ
ѡ̇бласти|області
дръжѧ|дръжѧ
пилать|пілать
же|же
реⷱ҇|реч
ѥ̇и̇|еі
влⷣко|влдко
самодръжьче|самодръжьче
а̇ꙁь|азь
е̇смь|есмь
рабь|рабь
вашего|вашего
тихотьства|тіхотьства
а̇ꙁь|азь
е̇мⷭ҇ь|емсь
пилать|пілать
поньтьскы|поньтьскъі
ѿ|от
а̇маси̇ѫ̇|амасіѫ
граⷣ|град
понꙿтьскаго|понтьскаго
стоѫ̇|стоѫ
кесарь|кесарь
реⷱ҇|реч
почтⷪ҇|почто
сицева|сіцева
дрьꙁнѫль|дрьзнѫль
є̇си|есі
сьтворити|сьтворіті
ꙩ̇|о
нечестиве|нечестіве
видѣвь|відѣвь
сицева|сіцева
ꙁнаменꙗ̇|знаменꙗ
оу̇|оу
чл͠ка|чл҃ка
того|того
ꙃѣ(л͠о)|зѣл҃о
дѣꙗ̇ниꙗ̇|дѣꙗніꙗ
сьмрьти|сьмрьті
горꙿцѣ|горцѣ
прѣдати|прѣдаті
и̇мьже|імьже
хотѣль|хотѣль
є̇сть|есть
мирь|мірь
погыбнѫти|погъібнѫті
ꙗ̇коже|ꙗкоже
тⷪ҇боѫ̇|тобоѫ
посланꙿноє̇|посланное
вьꙁношениѥ̇|вьзношеніе
наоу̇чило|наоучіло
ни|ні
е̇сть|есть
реⷱ҇|реч
пилать|пілать
а̇ꙁь|азь
влⷣко|влдко
самодрьжьче|самодрьжьче
беꙁ|без
вини|віні
сего|сего
створихъ|створіхъ
нь|нь
беꙁьѡ̇чивь|безьочівь
ѥ̇сть|есть
родъ|родъ
и̇ю̇деи̇скы|іюдеіскъі
кесарь|кесарь
реⷱ҇|реч
кто|кто
си|сі
сѫть|сѫть
пилать|пілать
реⷱ҇|реч
весь|весь
народъ|народъ
ию̇деи̇скы|іюдеіскъі
вь|вь
є̇рлⷭ҇имѣ|ерлсімѣ
кесарь|кесарь
реⷱ҇|реч
чесо|чесо
ради|раді
волѫ|волѫ
тѣхь|тѣхь
послѣдоваль|послѣдоваль
є̇си|есі
пилать|пілать
реⷱ҇|реч
жестокь|жестокь
є̇сть|есть
и̇|і
непокоривь|непокорівь
родъ|родъ
и̇ю̇деи̇скыи̇|іюдеіскъіі
мне|мне
же|же
повинꙿны|повіннъі
сѫть|сѫть
вашимь|вашімь
тихотьствомь|тіхотьствомь
кесарь|кесарь
реⷱ҇|реч
тькмо|тькмо
прѣда|прѣда
ли|лі
ти|ті
сѧть|сѧть
є̇гоже|егоже
ти|ті
бѣ|бѣ
лѣпо|лѣпо
вь|вь
оу̇тврьжеⷣни|оутврьжедні
створити|створіті
и̇|і
посла|посла
кь|кь
мнѣ|мнѣ
причѫстити|прічѫстіті
сѧ|сѧ
распѫтию̇|распѫтію
мѫжа|мѫжа
селика|селіка
блага|блага
ꙁнамениꙗ̇|знаменіꙗ
сътворьша|сътворьша
ꙗ̇коже|ꙗкоже
ни|ні
ꙁнаменаль|знаменаль
е̇си|есі
свои̇мо|своімо
въꙁношениє̇мь|възношеніемь
кꙿнижꙿнымь|кніжнъімь
хотѧщомоу|хотѧщомоу
сѧ|сѧ
распѧти|распѧті
на|на
титлѣ|тітлѣ
написаль|напісаль
є̇си|есі
и|і
пригвⷪ҇ꙁдиль|прігвозділь
ѥ̇си|есі
на|на
дрѣвѣ|дрѣвѣ
крⷭ҇та|крста
твоє̇го|твоего
сеи̇|сеі
ѥ̇сть|есть
цр͠ь|цр҃ь
и̇ю̇деискы|іюдеіскъі
и̇|і
се|се
рекꙿшоу|рекшоу
цр͠ю|цр҃ю
нарекьш҄и|нарекьші
и̇мѧ|імѧ
хвⷭ҇о|хвсо
а̇быє̇|абъіе
вьсе|вьсе
множьство|множьство
бг͠ь|бг҃ь
паде|паде
сѧ|сѧ
и̇|і
бишѧ|бішѧ
ꙗ̇ко|ꙗко
прахь|прахь
и̇де|іде
же|же
сѣдѣше|сѣдѣше
цр͠ь|цр҃ь
сь|сь
соунꙿклитомь|соунклітомь
си|сі
народоу|народоу
же|же
прѣдь|прѣдь
цре͠мь|цре҃мь
стоѫ̇щоу|стоѫщоу
пристрашꙿни|прістрашні
бишѧ|бішѧ
бившаго|бівшаго
ради|раді
падениꙗ̇|паденіꙗ
б͠ь|б҃ь
и̇хь|іхь
словесьнаго|словесьнаго
ради|раді
реⷱ҇чениꙗ̇|речченіꙗ
сь|сь
страхомь|страхомь
ѡ̇дрьжимь|одрьжімь
ꙩ̇тиде|отіде
кьждо|кьждо
в|в
с[в]ои̇|своі
домь|домь
дивѧщи|дівѧщі
сѧ|сѧ
повелѣ|повелѣ
кесарь|кесарь
оу̇тврьдити|оутврьдіті
пилата|пілата
да|да
оу̇вѣсть|оувѣсть
и̇ꙁвѣстьно|ізвѣстьно
ѡ̇|о
і̇сⷭ҇ѣ|іссѣ
на|на
оу̇триꙗ̇|оутріꙗ
же|же
дєнь|день
пакы|пакъі
сѣде|сѣде
кесарь|кесарь
на|на
капетоліи̇|капетоліі
сь|сь
свѣмь|свѣмь
свои̇мь|своімь
соунꙿклитомь|соунклітомь
и̇|і
начѫть|начѫть
пакы|пакъі
вьпрашати|вьпрашаті
и̇|і
реⷱ҇|реч
кесарь|кесарь
гл͠и|гл҃і
мы|мъі
трькѫⷧ҇ты|трькѫлтъі
нечьстивє|нечьстіве
и̇стинꙿно|істінно
ꙗ̇ко|ꙗко
твоє̇го|твоего
ради|раді
нечьстиваа̇го|нечьстівааго
ѡ̇сѫжеⷣниꙗ̇|осѫжедніꙗ
и̇|і
тьщимъ|тьщімъ
дѣꙗ̇ниѥ̇мь|дѣꙗніемь
ѫ̇же|ѫже
вь|вь
ѡ̇ного|оного
чл͠ка|чл҃ка
и̇|і
ꙁде|зде
покаꙁа|показа
ꙁлимь|злімь
дѣломь|дѣломь
свое̇го|своего
дѣꙗ̇ниꙗ̇|дѣꙗніꙗ
бг͠омь|бг҃омь
падениє̇|паденіе
сьтвори|сьтворі
гл͠и|гл҃і
ми|мі
оу̇бо|оубо
трьклѧтии̇|трьклѧтіі
кто|кто
бѣ|бѣ
ꙩ̇нь|онь
чл͠кь|чл҃кь
распѧни|распѧні
сѧ|сѧ
ꙗ̇ко|ꙗко
и̇мѧ|імѧ
е̇го|его
нарекь|нарекь
тькмо|тькмо
бг͠ы|бг҃ъі
всѧ|всѧ
погоубы̇хь|погоубъіхь
пилать|пілать
же|же
реⷱ҇|реч
памѧтоуи̇|памѧтоуі
влкⷣо|влкдо
самодръжьче|самодръжьче
ѫ̇же|ѫже
послахь|послахь
вашемоу|вашемоу
богочьстию̇|богочьстію
и̇стина|істіна
наричеть|нарічеть
сѧ|сѧ
а̇ꙁь|азь
бо|бо
вѣрѫ|вѣрѫ
ѧ̇хь|ѧхь
ѿ|от
самѣхь|самѣхь
вещеи̇|вещеі
ꙗ̇ко|ꙗко
боли|болі
і̇с͠ь|іс҃ь
е̇сть|есть
б͠ь|б҃ь
и̇хьже|іхьже
ми|мі
чьтемь|чьтемь
кесарь|кесарь
реⷱ҇|реч
то|то
чесо|чесо
ради|раді
сицевѧ|сіцевѧ
мѫкѫ|мѫкѫ
несе|несе
на|на
нь|нь
не|не
раꙁоумѣвь|разоумѣвь
силѫ|сілѫ
є̇гⷪ҇|его
вьсхотѣль|вьсхотѣль
є̇си|есі
ꙁло|зло
моє̇моу|моемоу
цр͠ьствоу|цр҃ьствоу
пилать|пілать
реⷱ҇|реч
нечьстива|нечьстіва
ради|раді
настоꙗ̇ниꙗ̇|настоꙗніꙗ
и̇|і
беꙁакониꙗ̇|безаконіꙗ
ради|раді
и̇ю̇деи̇ска|іюдеіска
створи|створі
и̇хь|іхь
ꙗ̇рости|ꙗрості
же|же
и̇спльни|іспльні
сѧ|сѧ
кесарь|кесарь
и̇|і
сьвѣть|сьвѣть
сьтвори|сьтворі
сь|сь
всѣмь|всѣмь
соунꙿклитомь|соунклітомь
повелѣ|повелѣ
повелѣниє̇|повелѣніе
написати|напісаті
на|на
и̇ю̇деи̇|іюдеі
сице|сіце
лоукинию̇|лоукінію
старѣи̇шинѣ|старѣішінѣ
вьсточнѣи̇|вьсточнѣі
странѣ|странѣ
ѻ̇бласти|області
на|на
нечьстивыѫ̇|нечьстівъіѫ
и̇ю̇деѫ̇|іюдеѫ
въ|въ
настоѫ̇ще|настоѫще
врѣмѧ|врѣмѧ
бывьшеи̇|бъівьшеі
дръꙁости|дръзості
ѿ|от
є̇рлⷭ҇лимътѣнь|ерлслімътѣнь
живѫщии̇хь|жівѫщііхь
вь|вь
ꙩ̇кртⷭ҇ьныхь|окртсьнъіхь
градѣхь|градѣхь
беꙁаконии̇хь|безаконііхь
и̇ю̇деи̇|іюдеі
б͠а|б҃а
ради|раді
гл͠емаго|гл҃емаго
хаⷭ҇|хас
пилатомь|пілатомь
распѧтаго|распѧтаго
ꙗ̇ко|ꙗко
тогⷪ҇|того
ради|раді
сьблаꙁьна|сьблазьна
весьма|весьма
весь|весь
мирь|мірь
ꙩ̇мрачаше|омрачаше
сѧ|сѧ
И|і
мало|мало
вь|вь
погыбѣлꙿ|погъібѣл
не|не
быⷭ҇|бъіс
повелѣ|повелѣ
оу̇бо|оубо
вькоупѣ|вькоупѣ
множьство|множьство
вои̇нь|воінь
прити|пріті
и̇|і
поплѣнити|поплѣніті
плѣномь|плѣномь
велиє̇мь|веліемь
симь|сімь
повелѣниє̇мь|повелѣніемь
повынꙿныѧ̇|повъіннъіѧ
сьтвори|сьтворі
на|на
расточениє̇|расточеніе
вь|вь
всѣхь|всѣхь
ѫ̇ꙁыцѣхь|ѫзъіцѣхь
и̇|і
прогнавь|прогнавь
ѫ̇|ѫ
поработи|поработі
ꙗ̇ко|ꙗко
да|да
не|не
ꙗ̇вѧть|ꙗвѧть
сѧ|сѧ
вь|вь
градѣхь|градѣхь
свои̇хь|своіхь
ꙗ̇ко|ꙗко
лькавьства|лькавьства
пльни|пльні
наричѫть|нарічѫть
сѧ|сѧ
и̇|і
повелѣнию̇|повелѣнію
дошедъшоу|дошедъшоу
на|на
вьсточьниѧ̇|вьсточьніѧ
страны|странъі
люкин̇и̇|люкіні
повинѫвь|повінѫвь
сѧ|сѧ
хотѧ|хотѧ
сь|сь
страхомь|страхомь
по|по
повелѣнию̇|повелѣнію
и̇ꙁꙿгна|ізгна
вьсѧ|вьсѧ
и̇ю̇деѫ̇|іюдеѫ
и̇|і
плѣнꙿныкы|плѣннъікъі
вь|вь
всѣхь|всѣхь
ѧ̇ꙁыцѣ|ѧзъіцѣ
прѣдасть|прѣдасть
и̇|і
поработати|поработаті
ѫ̇|ѫ
сьтвори|сьтворі
ꙗ̇ко|ꙗко
ꙗ̇ко|ꙗко
оу̇вѣдѣти|оувѣдѣті
кесареви|кесареві
вьсѣ|вьсѣ
бывшаа̇|бъівшаа
лоу̇кыние̇мь|лоукъініемь
и̇|і
годѣ|годѣ
быⷭ҇|бъіс
кесаревы|кесаревъі
И́|і
пакы|пакъі
вьпроси|вьпросі
кесарь|кесарь
пилата|пілата
и̇|і
повелѣ|повелѣ
прѣтѧ|прѣтѧ
ктомоу|ктомоу
и̇менемь|іменемь
сальдию̇|сальдію
гл͠авѫ|гл҃авѫ
пилатовѫ|пілатовѫ
ѿсѣщи|отсѣщі
сико|сіко
рекь|рекь
ꙗ̇коже|ꙗкоже
срцⷣе|срцде
несе|несе
на|на
того|того
и̇|і
самь|самь
такоже|такоже
да|да
полючить|полючіть
дн͠есь|дн҃есь
пилать|пілать
же|же
шедъ|шедъ
на|на
мѣсто|мѣсто
гл͠аше|гл҃аше
г͠и|г҃і
не|не
погоуби|погоубі
мене|мене
сь|сь
пронорьливими|пронорьлівімі
ꙩ̇нѣми|онѣмі
и̇ю̇деи̇|іюдеі
ꙗ̇ко|ꙗко
а̇ꙁь|азь
рѫ(кѫ)|рѫкѫ
моѫ̇|моѫ
не|не
бихь|біхь
нанесьль|нанесьль
на|на
тебе|тебе
нѫ|нѫ
беꙁаконꙿныхь|безаконнъіхь
ради|раді
и̇ю̇деи̇|іюдеі
нѫ|нѫ
дивꙿшии̇хь|дівшііхь
мѧ|мѧ
нꙿ|н
ты|тъі
вѣси|вѣсі
влкⷣо|влкдо
ꙗ̇|ꙗ
не|не
вѣди|вѣді
сьтвории̇хь|сьтворііхь
не|не
пⷪгоубы|погоубъі
мене|мене
сь|сь
грѣхьми|грѣхьмі
мои̇ми|моімі
и̇|і
невѣдѣниє̇мь|невѣдѣніемь
симь|сімь
Нъ|нъ
оу̇милосрьди|оумілосрьді
сѧ|сѧ
на|на
мене|мене
и̇|і
на|на
рабѫ|рабѫ
твоѫ̇|твоѫ
проклѫ|проклѫ
оу̇богѫ|оубогѫ
сь|сь
мноѫ̇|мноѫ
вь|вь
горькы|горькъі
чаⷭ҇|час
см͠рьти|см҃рьті
моѫ̇|моѫ
ѫ̇же|ѫже
наоу̇чиль|наоучіль
є̇си|есі
пррⷪ҇ицати|прроіцаті
ꙗ̇ко|ꙗко
и̇маши|імаші
на|на
кртⷭ҇ѣ|кртсѣ
пригвоꙁиⷣти|прігвозідті
сѧ|сѧ
нь|нь
вь|вь
грѣсѣ|грѣсѣ
семь|семь
не|не
ѡ̇стави|оставі
мене|мене
нь|нь
ѻ̇стави|оставі
намь|намь
прѣгрѣшениꙗ̇|прѣгрѣшеніꙗ
нш͠а|нш҃а
и̇|і
вь|вь
чьсти|чьсті
праведьныхь|праведьнъіхь
причьти|прічьті
И́|і
конꙿчавꙿ|кончав
же|же
мл͠тѫ|мл҃тѫ
пилать|пілать
и̇|і
приде|пріде
глаⷭ҇|глас
сь|сь
нб͠се|нб҃се
гл͠ѫ|гл҃ѫ
блж͠ѧ(тꙿ)|блж҃ѧт
тѫ|тѫ
вьси|вьсі
роди|роді
ѡ̇течьствиꙗ̇|отечьствіꙗ
ѫ̇ꙁыкь|ѫзъікь
ꙩ̇|о
мнѣ|мнѣ
же|же
ти|ті
свѣдѣтель|свѣдѣтель
бѫдеши|бѫдеші
вь|вь
второє̇|второе
моє̇|мое
пришествыє̇|прішествъіе
ѥ̇гаⷣ|егад
хощѫ|хощѫ
сѫдити|сѫдіті
жи[ви]мь|жівімь
и̇|і
мр͠твымъ|мр҃твъімъ
и̇|і
в͠і.|в҃і
колѣнома|колѣнома
и̇ꙁл͠евома|ізл҃евома
не|не
и̇сповѣдавꙿши(ма)|ісповѣдавшіма
мене|мене
ни|ні
вѣроваше|вѣроваше
вь|вь
и̇мѧ|імѧ
моє̇|мое
и̇|і
ѿсѣче|отсѣче
пилатоу|пілатоу
главѫ|главѫ
прѣтектиє̇|прѣтектіе
а̇нг͠ль|анг҃ль
гн͠ь|гн҃ь
приѫ̇ть|пріѫть
дш͠ѧ|дш҃ѧ
е̇го|его
видѣши|відѣші
а̇нг͠ла|анг҃ла
жена|жена
є̇го|его
прокла|прокла
и̇|і
радⷪсти|радості
и̇спльны|іспльнъі
сѧ|сѧ
и̇|і
прѣдасть|прѣдасть
дх͠ь|дх҃ь
и̇|і
погребена|погребена
быⷭ҇|бъіс
сь|сь
мѫжемь|мѫжемь
свои̇мꙿ|своім
славѧщи|славѧщі
г͠а|г҃а
і̇с͠а|іс҃а
хаⷭ҇|хас
є̇моуже|емоуже
слава|слава
поⷣбае̇ть|подбаеть
ꙩ̇ц͠оу|оц҃оу
и̇|і
сн͠оу|сн҃оу
и̇|і
ст͠моу|ст҃моу
дх͠оу|дх҃оу
М|м
(Ѣ|ѣ
С҇|с
Ѧ)|ѧ
Ц|ц
А|а
С|с
Е|е
К|к
Т|т
Е|е
Б|б
А|а
Р|р
Р|р
О|о
Ж|ж
(Д҇|д
Ь)|ь
С|с
Т|т
В|в
(О҇)|о
С|с
(В|в
Ѧ)|ѧ
Т҇|т
Ꙑ|ъі
Ѫ́|ѫ
бц͠ѫ|бц҃ѫ
ѻ̇ч͠е|оч҃е
бл͠гослови|бл҃гослові
Вꙿ|в
лѣто|лѣто
написаниꙗ̇|напісаніꙗ
ѡ̇бою̇|обою
на|на
десѧⷮ|десѧт
колѣноу|колѣноу
и̇ꙁл͠евоу|ізл҃евоу
бѣ|бѣ
и̇ѡ̇а̇кимь|іоакімь
бг͠ать|бг҃ать
ꙃѣло|зѣло
и̇|і
принесе|прінесе
дарь|дарь
свои̇|своі
гв͠и|гв҃і
соугоубо|соугоубо
вь|вь
себѣ|себѣ
гл͠ѫ|гл҃ѫ
да|да
бѫдеть|бѫдеть
и̇же|іже
ꙩ̇|о
и̇мени|імені
вьсѣмь|вьсѣмь
и̇|і
е̇же|еже
ꙁа|за
ѿпоущениє̇|отпоущеніе
мое|мое
кь|кь
г͠оу|г҃оу
б͠оу|б҃оу
мⷪє̇моу|моемоу
вь|вь
ѿсѣшєниѥ̇|отсѣшеніе
мнѣ|мнѣ
приближи|прібліжі
же|же
сѧ|сѧ
дн͠ь|дн҃ь
великы̇|велікъі
гн͠ь|гн҃ь
и̇|і
принесошѫ|прінесошѫ
сн͠ове|сн҃ове
и̇ꙁл͠еви|ізл҃еві
дары|даръі
своѫ̇|своѫ
и̇|і
ста|ста
прѣдь|прѣдь
ними|німі
роувимь|роувімь
гл͠ѧ|гл҃ѧ
не|не
доⷭ҇и̇ть|досіть
тебѣ|тебѣ
прѣжеⷣ|прѣжед
прьвѣи̇|прьвѣі
прінести|прінесті
дарь|дарь
свои̇|своі
ꙁане|зане
сѣмѧ|сѣмѧ
нѣси|нѣсі
сьтвориль|сьтворіль
вь|вь
и̇ꙁл͠и|ізл҃і
и̇|і
ѡ̇скрьби|оскрьбі
сѧ|сѧ
ꙃѣло|зѣло
и̇ѡ꙼кимь|іокімь
и̇де|іде
вь|вь
ꙩ̇бѣ|обѣ
на|на
десѧте|десѧте
колѣнѣ|колѣнѣ
и̇ꙁл͠евѣ|ізл҃евѣ
гл͠ѧ|гл҃ѧ
въ|въ
себѣ|себѣ
да|да
вижѫⷣ|віжѫд
а̇щє|аще
а̇ꙁь|азь
е̇динь|едінь
не|не
сьтвории̇хь|сьтворііхь
сѣмене|сѣмене
вь|вь
и̇ꙁл͠и|ізл҃і
и̇|і
пои̇ска|поіска
и̇|і
ѡ̇брѣте|обрѣте
вьсе|вьсе
праведꙿникы|праведнікъі
ꙗ̇ко|ꙗко
сѣмѧ|сѣмѧ
вь|вь
и̇ꙁл͠и|ізл҃і
вьскрѣсишѧ|вьскрѣсішѧ
и̇|і
поменѫ|поменѫ
патриꙗ̇рха|патріꙗрха
а̇врама|аврама
ꙗ̇ко|ꙗко
вь|вь
послѣдꙿныѫ̇|послѣднъіѫ
дн͠ы̇|дн҃ъі
є̇го|его
дасть|дасть
е̇моу|емоу
г͠ь|г҃ь
б͠ь|б҃ь
сн͠а|сн҃а
и̇сака|ісака
и̇|і
печалень|печалень
быⷭ҇|бъіс
и̇ѡ̇а̇кимь|іоакімь
ꙃѣло|зѣло
и̇|і
не|не
ꙗ̇ви|ꙗві
се|се
женѣ|женѣ
своє̇и̇|своеі
а꙼нꙿнѣ|аннѣ
и̇|і
сꙿтвори|створі
плетенꙋ|плетеноу
хыжꙋ|хъіжоу
свои̇тоу|своітоу
и̇|і
пости|пості
се|се
.м͠.|м҃
дн͠и|дн҃і
и̇|і
.м͠.|м҃
нощи|нощі
гл͠ѧ|гл҃ѧ
вь|вь
себѣ|себѣ
не|не
вьнидѫ|вьнідѫ
на|на
брашꙿно|брашно
ни|ні
на|на
пиво|піво
доньдеже|доньдеже
посѣтить|посѣтіть
мене|мене
г͠ь|г҃ь
б͠ь|б҃ь
и̇|і
бѫдеть|бѫдеть
ми|мі
брашꙿно|брашно
и̇|і
пиво|піво
сльꙁы|сльзъі
и̇|і
вьꙁдиханиѥ̇|вьздіханіе
жена|жена
же|же
є̇го|его
а꙼нꙿна|анна
двою̇|двою
сѣтованию̇|сѣтованію
сѣтоваше|сѣтоваше
и̇|і
двою̇|двою
сѣтованию|сѣтованію
плакашⷷ҇|плакаше
сѧ|сѧ
гл͠ѫщи|гл҃ѫщі
сѣтоуѫ̇|сѣтоуѫ
вꙿдовьства|вдовьства
моє̇го|моего
и̇|і
плачѫ|плачѫ
сѧ|сѧ
бесꙿчѫдиꙗ̇|бесчѫдіꙗ
моє̇го|моего
и̇|і
приближи|прібліжі
же|же
сѧ|сѧ
дн͠ь|дн҃ь
гн͠ь|гн҃ь
великь|велікь
и̇|і
рече|рече
и̇ю̇дита|іюдіта
ꙩ̇троковица|отроковіца
є̇ѫ̇|еѫ
ѡ̇доколѣ|одоколѣ
ѡ̇скрьблаѥ̇ши|оскрьблаеші
дш͠ѫ|дш҃ѫ
свⷪѫ̇|своѫ
се|се
приближи|прібліжі
сѧ|сѧ
дн͠ь|дн҃ь
гн͠ь|гн҃ь
великыі̇|велікъіі
и̇|і
не|не
поⷣбає̇ть|подбаеть
ти|ті
сѣтовати|сѣтоваті
главотѧго|главотѧго
сь|сь
и̇же|іже
дасть|дасть
ми|мі
гн͠ь|гн҃ь
дѣлоу|дѣлоу
ꙗ̇ко|ꙗко
не|не
поⷣбає̇ть|подбаеть
ми|мі
оу̇вѧꙃьти|оувѧзьті
сѧ|сѧ
и̇мь|імь
ꙁане|зане
раба|раба
ѥ̇сьмь|есьмь
и̇|і
ѡ̇браꙁь|образь
и̇мать|імать
цр͠ьскы|цр҃ьскъі
и̇|і
реⷱ҇|реч
ѥ̇и̇|еі
а꙼нꙿна|анна
ѿстѫпи|отстѫпі
ѿ|от
мене|мене
и̇|і
сего|сего
не|не
створихь|створіхь
и̇|і
г͠ь|г҃ь
б͠ь|б҃ь
смѣри|смѣрі
мѧ|мѧ
ꙃѣло|зѣло
е̇да|еда
како|како
льстьникь|льстьнікь
вьдасть|вьдасть
ти|ті
и̇|і
приде|пріде
причѧстити|прічѧстіті
мѧ|мѧ
грѣсѣ|грѣсѣ
твое̇мь|твоемь
и̇|і
реⷱ҇|реч
є̇и̇|еі
оу̇дить|оудіть
раба|раба
є̇ѫ̇|еѫ
доколѣ|доколѣ
смѣрає̇ши̇|смѣраеші
дш͠ѫ|дш҃ѫ
своѫ̇|своѫ
пощо|пощо
не|не
послоуша|послоуша
глаⷭ҇|глас
моѥ̇го|моего
що|що
боле|боле
е̇же|еже
проклѫⷧ҇нѫ|проклѫлнѫ
тѧ|тѧ
ꙁане|зане
ꙁатвори|затворі
г͠ь|г҃ь
ложесна|ложесна
твоꙗ̇|твоꙗ
не|не
дати|даті
тебѣ|тебѣ
плода|плода
въ|въ
и̇ꙁлⷭ҇и|ізлсі
печальна|печальна
быⷭ҇|бъіс
а꙼нꙿна|анна
ꙃѣло|зѣло
и̇|і
сьвлѣче|сьвлѣче
риꙁы̇|різъі
своѫ̇|своѫ
сѣтованьныѫ̇|сѣтованьнъіѫ
и̇|і
ꙩ̇блѣче|облѣче
сѧ|сѧ
вь|вь
риꙁы|різъі
своѫ̇|своѫ
брачꙿныѫ̇|брачнъіѫ
и̇|і
кь|кь
годинѣ|годінѣ
.г͠.|г҃
сьниде|сьніде
вь|вь
садь|садь
свои̇|своі
проходити|проходіті
сѧ|сѧ
и̇|і
видѣ|відѣ
дафинѫ|дафінѫ
и̇|і
сѣде|сѣде
подь|подь
нєѫ̇|неѫ
и̇|і
пом͠ли|пом҃лі
сѧ|сѧ
кь|кь
г͠оу|г҃оу
гл͠ѧщи|гл҃ѧщі
бж͠е|бж҃е
ѡ̇ц͠ь|оц҃ь
нш͠ихь|нш҃іхь
блвⷭ҇и|блвсі
мѧ|мѧ
и̇|і
оу꙼слыши|оуслъіші
мл͠твѫ|мл҃твѫ
моѫ̇|моѫ
ꙗ̇коже|ꙗкоже
блвⷭ҇и|блвсі
ложесна|ложесна
сарина|саріна
и̇|і
дасть|дасть
є̇и̇|еі
сн͠а|сн҃а
и̇сака|ісака
и̇|і
вьꙁрѣвꙿши|вьзрѣвші
на|на
н͠бо|н҃бо
и̇|і
видѣ|відѣ
гн͠ѣꙁоⷣ|гн҃ѣзод
птичие̇|птічіе
и̇|і
сьтвори|сьтворі
рыданиє̇|ръіданіе
вь|вь
себѣ|себѣ
гл͠ѧщи|гл҃ѧщі
оу̇вы|оувъі
мнѣ|мнѣ
комоу|комоу
оу̇подобихь|оуподобіхь
сѧ|сѧ
а̇ꙁь|азь
и̇ли|ілі
кто|кто
ме|ме
роди|роді
и̇ли|ілі
котора|котора
ме|ме
ложесна|ложесна
и̇ꙁнєсоше|ізнесоше
ꙗ̇ко|ꙗко
а̇ꙁь|азь
клѫта|клѫта
родихь|родіхь
се|се
прѣдь|прѣдь
сн͠ы|сн҃ъі
и̇ꙁлⷭ҇евѣми|ізлсевѣмі
и̇|і
поносише|поносіше
ми|мі
и̇|і
подражашѫ|подражашѫ
ми|мі
и̇|і
и̇ꙁьгнаше|ізьгнаше
ме|ме
и̇ꙁь|ізь
цр͠квє|цр҃кве
г͠а|г҃а
б͠а|б҃а
мое̇[..]|мое
оу̇вы|оувъі
мнѣ|мнѣ
комоу|комоу
оупоⷣбихь|оуподбіхь
сѧ|сѧ
а̇ꙁь|азь
не|не
оу̇поⷣбы|оуподбъі
сѧ|сѧ
а̇ꙁь|азь
птицамь|птіцамь
неб͠еснимь|неб҃еснімь
ꙗ̇ко|ꙗко
птицѫ|птіцѫ
нбс͠ныѫ̇|нбс҃нъіѫ
плоⷣвити|плодвіті
сꙋть|соуть
прѣдь|прѣдь
тобоѫ̇|тобоѫ
г͠и|г҃і
оу̇вы|оувъі
мнѣ|мнѣ
комоу|комоу
оу̇поⷣбихь|оуподбіхь
сѧ|сѧ
ни|ні
ꙁвѣремь|звѣремь
ꙁемнымь|земнъімь
ꙗ̇ко|ꙗко
и̇|і
ꙁвѣриє̇|звѣріе
мⷪ҇рьсти|морьсті
плодовити|плодовіті
прѣдь|прѣдь
тобоѫ̇|тобоѫ
г͠и|г҃і
и̇|і
не|не
оу̇поⷣбихь|оуподбіхь
сѧ|сѧ
а̇ꙁь|азь
водамь|водамь
симь|сімь
ꙗ̇ко|ꙗко
и̇|і
воды|водъі
сиѧ̇|сіѧ
плоⷣвити|плодвіті
сѧть|сѧть
прѣдъ|прѣдъ
тобоѫ̇|тобоѫ
г͠и|г҃і
и̇бо|ібо
и̇|і
вльны|вльнъі
оу̇тишаѫ̇щѫѫ̇|оутішаѫщѫѫ
сѧ|сѧ
и̇|і
глоумѧщє|глоумѧще
сѧ|сѧ
и̇|і
рыбы|ръібъі
и̇хь|іхь
блвⷭ҇ѧть|блвсѧть
те|те
г͠и|г҃і
оу̇вы|оувъі
мнѣ|мнѣ
комоу|комоу
оу̇поⷣбихь|оуподбіхь
сѧ|сѧ
а̇ꙁь|азь
не|не
оупоⷣбихь|оуподбіхь
сѧ|сѧ
а̇ꙁь|азь
ни|ні
ꙁем[и|земі
сеи̇]|сеі
и̇|і
ꙁемѣ|земѣ
приносить|пріносіть
плоды|плодъі
своѧ̇|своѧ
на|на
всѣко|всѣко
врѣмѧ|врѣмѧ
и̇|і
тебе|тебе
блвⷭ҇ить|блвсіть
г͠и|г҃і
и̇|і
се|се
а꙼нꙿг͠ль|анг҃ль
гн͠ь|гн҃ь
ста|ста
прѣдꙿ|прѣд
неѫ̇|неѫ
гл͠ѧ|гл҃ѧ
а꙼нꙿно|анно
а꙼нно|анно
оу̇слыша|оуслъіша
г͠ь|г҃ь
молениє̇|моленіе
твоѥ̇|твое
ꙁачети|зачеті
и̇маши|імаші
и̇|і
родити|родіті
и̇|і
въꙁьблвⷭ҇итꙿ|възьблвсіт
сѧ|сѧ
сѣмѧ|сѣмѧ
твⷪє̇|твое
по|по
вьсеи̇|вьсеі
вьселѣнѣи̇|вьселѣнѣі
и̇|і
реⷱ҇|реч
а꙼н͠на|ан҃на
живь|жівь
г͠ь|г҃ь
б͠ь|б҃ь
а̇ще|аще
приживѫ|пріжівѫ
мꙋжьскы|моужьскъі
поль|поль
и̇ли|ілі
женьскы|женьскъі
поль|поль
принесꙋ|прінесоу
є̇го|его
дарь|дарь
гв͠и|гв҃і
и̇|і
бѫдеть|бѫдеть
слоужѫ|слоужѫ
вьсѧ|вьсѧ
дн͠и|дн҃і
живота|жівота
своє̇го|своего
и̇|і
се|се
придоста|прідоста
два|два
вѣстьника|вѣстьніка
гл͠юща|гл҃юща
се|се
и̇ѡ̇а̇кимь|іоакімь
мꙋжь|моужь
твои̇|твоі
придеть|прідеть
сь|сь
стады|стадъі
свои̇ми|своімі
а̇нг͠ль|анг҃ль
бо|бо
гн͠ь|гн҃ь
сьниде|сьніде
кь|кь
немⷹ|немоу
гл͠ѧ|гл҃ѧ
и̇ꙩ̇а̇киме|іоакіме
оу̇слыши|оуслъіші
г͠ь|г҃ь
б͠ь|б҃ь
молениѥ̇|моленіе
твоѥ̇|твое
сниди|сніді
ѿ|от
сѫдꙋ|сѫдоу
се|се
бо|бо
жена|жена
твоꙗ̇|твоꙗ
а꙼нꙿна|анна
вь|вь
чрѣвѣ|чрѣвѣ
прии̇меть|прііметь
и̇|і
съниде|съніде
и̇ѡ̇а̇кимь|іоакімь
И́|і
приꙁва|прізва
пастырѫ|пастъірѫ
свⷪ҇ѫ̇|своѫ
гл͠ѧ|гл҃ѧ
приведѣте|пріведѣте
ми|мі
десеть|десеть
а̇гнець|агнець
неклоснены|неклосненъі
и̇|і
непорочны|непорочнъі
и̇|і
бꙋдеть|боудеть
.і͠.|і҃
а̇гнець|агнець
г͠оу|г҃оу
б͠оу|б҃оу
моє̇мⷹ|моемоу
и̇|і
приведѣте|пріведѣте
ми|мі
и̇|і
само|само
.в͠і|в҃і
телець|телець
неклосны|неклоснъі
и̇|і
бѫⷣть|бѫдть
.в͠і|в҃і
телець|телець
и̇|і
є̇реѡ̇мь|ереомь
и̇|і
старꙿцемь|старцемь
и̇|і
.р͠.|р҃
коꙁель|козель
и̇|і
бꙋдеть|боудеть
.р͠.|р҃
коꙁель|козель
всѣмь|всѣмь
людемꙿ|людем
и̇|і
се|се
и̇ѡ̇а̇кимь|іоакімь
и̇дѣше|ідѣше
сь|сь
стади|стаді
свои̇ми|своімі
и̇|і
ста|ста
а̇нꙿна|анна
при|прі
вратѣхь|вратѣхь
и̇|і
видѣ|відѣ
и̇ѡ̇а̇кима|іоакіма
грѧдѫща|грѧдѫща
и̇|і
тече|тече
а̇нꙿна|анна
и̇|і
ѡ̇хѫпи|охѫпі
сѧ|сѧ
ѡ̇|о
выѫ̇|въіѫ
є̇го|его
гл͠ѧщи|гл҃ѧщі
н͠нѣ|н҃нѣ
вѣмь|вѣмь
ꙗ̇ко|ꙗко
посла|посла
г͠ь|г҃ь
б͠ь|б҃ь
мⷪ҇и̇|моі
и̇|і
блвⷭ҇и|блвсі
мѧ|мѧ
ꙃѣло|зѣло
се|се
бо|бо
сѫщи|сѫщі
вьдовица|вьдовіца
и̇|і
ктомоу|ктомоу
не|не
вьдовица|вьдовіца
и̇|і
бесчѧдна|бесчѧдна
и̇|і
н͠нѣ|н҃нѣ
въ|въ
чрѣвѣ|чрѣвѣ
прие̇млѧ|пріемлѧ
и̇|і
почи|почі
ӥѡ̈а꙼кимь|іоакімь
въ|въ
домоу|домоу
свое̇мь|своемь
въ|въ
прьвы̇|прьвъі
д͠нь|д҃нь
и̇|і
раꙁоумѣ|разоумѣ
а꙼нꙿнѫ|аннѫ
женѫ|женѫ
своѫ̏|своѫ
и̇|і
вь|вь
оу̇трѣи̇|оутрѣі
д͠нь|д҃нь
принесе|прінесе
дарꙿ|дар
свои̇|своі
и̇ѡ̇а꙼кимь|іоакімь
г͠лѧ|г҃лѧ
в|в
себѣ|себѣ
а꙼ще|аще
г͠ъ|г҃ъ
мои̇|моі
ѡ̈цѣстиль|оцѣстіль
мѧ|мѧ
ѥⷭ҇|ес
и̇|і
петало|петало
ие̇реѡ̈во|іереово
ꙗ̇вить|ꙗвіть
мꙿнѣ|мнѣ
и̇|і
принесе|прінесе
дарь|дарь
свои̇|своі
и̇|і
ꙁрѣше|зрѣше
кь|кь
петалю|петалю
и̇е̇реѡ̇воу|іереовоу
доньдеже|доньдеже
вьнидꙋ|вьнідоу
вь|вь
ѡ̇льтарь|ольтарь
г͠нь|г҃нь
и̇|і
не|не
видѣ|відѣ
грѣха|грѣха
на|на
себѣ|себѣ
и̇|і
реⷱ҇|реч
и̇ѡ̇а̇кимь|іоакімь
н͠нꙗ|н҃нꙗ
вѣмь|вѣмь
ꙗ̇ко|ꙗко
г͠ь|г҃ь
ꙩ̇цѣстиль|оцѣстіль
мѧ|мѧ
є̇сть|есть
и̇|і
ѡ̇стави|оставі
ми|мі
всѧ|всѧ
грѣхы|грѣхъі
моѫ̇|моѫ
и̇|і
и̇ꙁыде|ізъіде
и̇ꙁь|ізь
цр͠кве|цр҃кве
б͠иѫ̇|б҃іѫ
ꙩ̇правꙿдань|оправдань
и̇|і
бѣ|бѣ
вь|вь
домоу|домоу
своє̇мь|своемь
и̇|і
и̇сплънишѫ|ісплънішѫ
сѧ|сѧ
д͠ниѥ̇|д҃ніе
родити|родіті
а̇нꙿна|анна
и̇|і
реⷱ҇|реч
бабѣ|бабѣ
що|що
родихь|родіхь
и̇|і
ꙩ̇на|она
реⷱ҇|реч
женьскы|женьскъі
поль|поль
и̇|і
реⷱ҇|реч
а̇нꙿна|анна
вьꙁвеличи|вьзвелічі
се|се
д͠ша|д҃ша
ми|мі
въ|въ
сьи̇|сьі
д͠нь|д҃нь
и̇|і
вьꙁлєже|вьзлеже
и̇|і
и̇спльнꙿшимь|іспльншімь
сѧ|сѧ
д͠немь|д҃немь
и̇|і
и̇ꙁмы|ізмъі
сѧ|сѧ
а꙼нꙿна|анна
и̇|і
дасть|дасть
сьсєць|сьсець
ѡ̇троковыци|отроковъіці
и̇|і
нареⷱ҇|нареч
и̇мѧ|імѧ
є̇и̇|еі
мариꙗ̇|маріꙗ
д͠нь|д҃нь
же|же
д͠не|д҃не
крѣпѣше|крѣпѣше
сѧ|сѧ
ѻ̇троковица|отроковіца
бывꙿши|бъівші
же|же
ѥ̇и̇|еі
прьвы|прьвъі
мцⷭ҇ь|мцсь
постави|поставі
ѫ̇|ѫ
мати|маті
на|на
ꙁеми|земі
и̇скоусити|іскоусіті
ѫ̇|ѫ
а꙼ще|аще
стои̇ть|стоіть
и̇|і
постѫпи|постѫпі
седьмь|седьмь
стопь|стопь
и̇|і
приде|пріде
на|на
лоно|лоно
матере|матере
своѫ̇|своѫ
и̇|і
вьсхыти|вьсхъіті
ѧ̇|ѧ
мати|маті
є̇ѫ̇|еѫ
г͠лѧщи|г҃лѧщі
живъ|жівъ
г͠ь|г҃ь
б͠ь|б҃ь
мои̇|моі
не|не
и̇маши|імаші
ходити|ходіті
на|на
ꙁєми|земі
сеи̇|сеі
донꙿдеже|дондеже
те|те
вьвєдꙋ|вьведоу
вꙿ|в
цр͠ковь|цр҃ковь
г͠нѫ|г҃нѫ
и̇|і
створи|створі
а̇нꙿна|анна
ѻ̇св͠ѧщениє̇|осв҃ѧщеніе
на|на
ложи|ложі
своѥ̇мь|своемь
ѿ|от
скврьны|скврьнъі
и̇|і
нечистотии̇|нечістотіі
и̇|і
не|не
дадѣше|дадѣше
ходити|ходіті
мимо|мімо
нꙋ|ноу
вьсѣкомоу|вьсѣкомоу
нечистоу|нечістоу
и̇|і
приꙁываше|прізъіваше
дьщере|дьщере
є̇вреи̇скыѧ̇|евреіскъіѧ
нє|не
скврьнны|скврьннъі
и̇|і
льщахѫть|льщахѫть
ѫ̇|ѫ
и̇|і
быⷭ҇|бъіс
прьвоє̇|прьвое
лѣто|лѣто
ꙩ̇троковыца|отроковъіца
и̇|і
сьтвори|сьтворі
пирь|пірь
великь|велікь
и̇ѡ̇а̇кимь|іоакімь
и̇|і
приꙁва|прізва
е̇реѥ̇|ерее
и̇|і
книжникы|кніжнікъі
и̇|і
старьцѧ|старьцѧ
и̇|і
вꙿсѧ|всѧ
лю̇ди|люді
и̇ꙁлⷭ҇еви|ізлсеві
и̇|і
приведе|пріведе
ѡ̇троковицѧ|отроковіцѧ
иѡ̇а̇кимь|іоакімь
кь|кь
и̇є̇реѡ̇мь|іереомь
и̇|і
блвⷭ҇ише|блвсіше
ю̇|ю
гл͠ѫще|гл҃ѫще
б͠ь|б҃ь
ѻ̇ц͠ь|оц҃ь
нашихь|нашіхь
да|да
блвⷭ҇ить|блвсіть
ѡ̇троковицоу|отроковіцоу
сиѫ̇|сіѫ
даждъ|даждъ
є̇и̇|еі
г͠и|г҃і
и̇ме|іме
и̇менито|іменіто
и̇|і
вѣчꙿно|вѣчно
и̇|і
рѣшѧ|рѣшѧ
вьси|вьсі
людиє̇|людіе
ѥ̇же|еже
ѥⷭ҇|ес
да|да
бѫдеть|бѫдеть
а̇минь|амінь
И́|і
приведоше|пріведоше
ю|ю
кь|кь
а꙼рьхие̇реѡ̇мь|арьхіереомь
и̇|і
блвⷭ҇ишѫ|блвсішѫ
ѧ̇|ѧ
гл͠ѧще|гл҃ѧще
б͠е|б҃е
съ|съ
высоты|въісотъі
приꙁри|прізрі
на|на
ꙩ̇троковицѫ|отроковіцѫ
сиѫ̇|сіѫ
и̇|і
блвⷭ҇и|блвсі
ѫ̇|ѫ
г͠и|г҃і
послѣдꙿнемь|послѣднемь
благословєние̇мь|благословеніемь
и̇же|іже
и̇ꙁмѣнениꙗ̇|ізмѣненіꙗ
не|не
и̇мать|імать
и̇|і
вьсхыти|вьсхъіті
і̇|і
мати|маті
ѥ̇ѥ|ее
въ|въ
сщ͠ениѥ̇|сщ҃еніе
ложе|ложе
и̇|і
дасть|дасть
ꙩ̇троковици|отроковіці
сьсати|сьсаті
и̇|і
створи|створі
пⷭ҇ѣнь|псѣнь
кь|кь
б͠оу|б҃оу
гл͠ѧщи|гл҃ѧщі
и̇|і
вьспою̇|вьспою
пⷭ҇ѣнь|псѣнь
г͠оу|г҃оу
б͠оу|б҃оу
мое̇моу|моемоу
ꙗ̇ко|ꙗко
посѣти|посѣті
мене|мене
и̇|і
ѿѫ̇тꙿ|отѫт
ѿ|от
мене|мене
поношениє̇|поношеніе
врагь|врагь
мои̇хь|моіхь
и̇|і
дасть|дасть
ми|мі
г͠ь|г҃ь
б͠ь|б҃ь
плодъ|плодъ
правьды|правьдъі
своѫ̇|своѫ
и̇|і
кто|кто
вьꙁвѣстить|вьзвѣстіть
сн͠овомь|сн҃овомь
роувимовомь|роувімовомь
ꙗ̇ко|ꙗко
анꙿна|анна
дои̇ть|доіть
и̇|і
оу̇спию|оуспію
на|на
ложи|ложі
свѧщениꙗ̇|свѧщеніꙗ
и̇ꙁыде|ізъіде
и̇|і
слоужаше|слоужаше
и̇мь|імь
и̇|і
сконꙿчавꙿше|скончавше
же|же
сѧ|сѧ
вⷱ҇ери|вчері
и̇|і
сънидошѧ|сънідошѧ
вⷭ҇ельще|всельще
се|се
и̇|і
прославишѧ|прославішѧ
б͠а|б҃а
и̇ꙁꙿраи̇лева|ізраілева
ѡ̇троковици|отроковіці
же|же
прилагахѫ|прілагахѫ
сѧ|сѧ
мцⷭ҇и|мцсі
и̇|і
быⷭ҇|бъіс
же|же
.в͠.ма|в҃ма
лѣтома|лѣтома
ѡ̇троковица|отроковіца
и̇|і
реⷱ҇|реч
и̇ѡ̇а̇кимь|іоакімь
а̇нꙿнѣ|аннѣ
да|да
ведєвѣ|ведевѣ
ѡ̇троковицѫ|отроковіцѫ
вь|вь
цр͠квь|цр҃квь
гн͠ѫ|гн҃ѫ
да|да
давѣ|давѣ
ѡ̇бѣтованиє̇|обѣтованіе
ѥ̇же|еже
ѡ̇бѣщаховѣ|обѣщаховѣ
сѧ|сѧ
ѥ̇да|еда
како|како
послеть|послеть
нⷶ҇|на
ны|нъі
г͠ь|г҃ь
млтⷭ҇ь|млтсь
и̇|і
приѥ̇ть|пріеть
нь|нь
боудеть|боудеть
дарь|дарь
наю̇|наю
и̇|і
реⷱ҇|реч
а̇нꙿна|анна
пожⷣѣвѣ|пождѣвѣ
.г͠.ꙗ̇го|г҃ꙗго
лѣта|лѣта
да|да
би|бі
не|не
и̇скала|іскала
ѡ̇ц͠а|оц҃а
и̇|і
матере|матере
и̇|і
тогаⷣ|тогад
довеⷣвѣ|доведвѣ
ѫ̇|ѫ
вь|вь
црк͠вь|црк҃вь
бж͠иѫ̇|бж҃іѫ
и̇|і
бывꙿши|бъівші
же|же
є̇ще|еще
.г͠.мь|г҃мь
лѣтомь|лѣтомь
и̇|і
реⷱ҇|реч
и̇ѡ̇а̇кимь|іоакімь
приꙁовѣвѣ|прізовѣвѣ
дъщере|дъщере
и̇ѥ̇вреи̇скыѫ̇|іевреіскъіѫ
несквръны|нескврънъі
да|да
вьꙁмѫть|вьзмѫть
красны|краснъі
свѣщѫ|свѣщѫ
и̇|і
да|да
бѫдꙋть|бѫдоуть
свѣщѧ|свѣщѧ
горѧще|горѧще
да|да
не|не
въꙁвратить|възвратіть
сѧ|сѧ
ѡ̇троковица|отроковіца
въспѧть|въспѧть
и̇|і
плѣнѧⷮ|плѣнѧт
срцⷣе|срцде
ѥ̇ѧ̇|еѧ
ѿ|от
г͠а|г҃а
б͠а|б҃а
и̇|і
створишѧ|створішѧ
тако|тако
доⷩдеже|дондеже
вьныдѫ|вьнъідѫ
вь|вь
цр͠квь|цр҃квь
гн͠ѫ|гн҃ѫ
и̇|і
приѧ̇ть|пріѧть
ѫ̇|ѫ
и̇е̇реи̇|іереі
и̇|і
лобьꙁавь|лобьзавь
ѫ̇|ѫ
и̇|і
бл͠гослови|бл҃гослові
ѧ̇|ѧ
и̇|і
рече|рече
да|да
вьꙁвеселить|вьзвеселіть
г͠ь|г҃ь
б͠ь|б҃ь
и̇мѧ|імѧ
твоѥ̇|твое
въ|въ
въсѣⷯ|въсѣх
родыⷯ|родъіх
и̇|і
вь|вь
послѣдꙿнѫѫ̇|послѣднѫѫ
дн͠и|дн҃і
да|да
ꙗ̇вить|ꙗвіть
г͠ь|г҃ь
б͠ъ|б҃ъ
и̇ꙁбавеⷧниє̇|ізбавелніе
своѥ̇|свое
на|на
тебѣ|тебѣ
сн͠овомь|сн҃овомь
и̇ꙁлⷭ҇евомь|ізлсевомь
и̇|і
посади|посаді
ѫ̇|ѫ
на|на
.г͠.є̇мь|г҃емь
степени|степені
ѡ̇льтꙿрьнѣмь|ольтрьнѣмь
и̇|і
въꙁложи|възложі
г͠ь|г҃ь
б͠ь|б҃ь
бл͠годѣть|бл҃годѣть
на|на
ноу|ноу
и̇|і
трепа|трепа
рꙋкама|роукама
свои̇ма|своіма
и̇|і
вьꙁлюби|вьзлюбі
ю|ю
вьсь|вьсь
домь|домь
и̇ꙁлⷭ҇евъ|ізлсевъ
и̇|і
придоста|прідоста
родитела|родітела
єѫ̇|еѫ
поѫ̇ща|поѫща
и̇|і
бл͠гослоѧ̇ща|бл҃гослоѧща
б͠а|б҃а
ꙗ̇ко|ꙗко
не|не
вьꙁврати|вьзвраті
сѧ|сѧ
ѡ̇троковица|отроковіца
кь|кь
нима|німа
бѣше|бѣше
же|же
мариꙗ̇|маріꙗ
вь|вь
црк͠ви|црк҃ві
гн͠и|гн҃і
ꙗ̇ко|ꙗко
голꙋбь|голоубь
питає̇мь|пітаемь
и̇|і
прие̇машⷡ|пріемашв
пищꙋ|піщоу
ѿ|от
рѫкы|рѫкъі
а̇нг͠ловы|анг҃ловъі
и̇|і
бывъши|бъівъші
ѥ̇и̇|еі
в͠і|в҃і
лѣтомь|лѣтомь
вь|вь
цр͠кви|цр҃кві
гн͠и|гн҃і
и̇|і
рѣше|рѣше
что|что
створимь|створімь
є̇и̇|еі
да|да
не|не
ѡ̇скврьнитꙿ|оскврьніт
сѧ|сѧ
свѣтилище|свѣтіліще
г͠а|г҃а
б͠а|б҃а
нашего|нашего
и̇|і
рѣшѧ|рѣшѧ
ꙁахарии̇|захаріі
ты|тъі
стои̇ши|стоіші
при|прі
ѡ̇льтари|ольтарі
гн͠и|гн҃і
въниди|въніді
оу̇бо|оубо
вь|вь
свѧтилище|свѧтіліще
и̇|і
помл͠и|помл҃і
сѧ|сѧ
ѡ̇|о
неи̇|неі
и̇|і
е̇же|еже
а̇ще|аще
ꙗ̇вить|ꙗвіть
г͠ь|г҃ь
б͠ь|б҃ь
се|се
сьтвори|сьтворі
и̇|і
вьниде|вьніде
и̇е̇реи̇|іереі
и̇|і
ѡ̇блькь|облькь
сѫ|сѫ
вь|вь
риꙁы|різъі
своѫ̇|своѫ
двое̇|двое
на|на
десѧтє|десѧте
ꙁвонинꙋю̇|звоніноую
и̇|і
вьниде|вьніде
вь|вь
ст͠аа̇|ст҃аа
ст͠ыи̇хꙿ|ст҃ъііх
и̇|і
мⷪли|молі
сѧ|сѧ
ѡ̇|о
неи̇|неі
и̇|і
се|се
а̇нг͠ль|анг҃ль
гн͠ь|гн҃ь
ста|ста
гл͠ѧ|гл҃ѧ
е̇моу|емоу
ꙁахариѥ̇|захаріе
и̇ꙁыди|ізъіді
и̇|і
сьбери|сьбері
сꙋщеѥ̇|соущее
вьдовы(ѥ)|вьдовъіе
въ|въ
людехъ|людехъ
и̇|і
да|да
принесѫть|прінесѫть
жеꙃли|жезлі
своѧ̇|своѧ
ѥ̇моуже|емоуже
а̇ще|аще
покажеть|покажеть
б͠ь|б҃ь
ꙁнамение̇|знаменіе
и̇|і
томоу|томоу
бѫдетꙿ|бѫдет
жена|жена
и̇|і
и̇ꙁыдошѧ|ізъідошѧ
проповѣдьници|проповѣдьніці
по|по
вьсеи|вьсеі
странѣ|странѣ
и̇ю̇деи̇стѣи̇|іюдеістѣі
и̇|і
вьстрѫби|вьстрѫбі
трѫба|трѫба
гн͠ѣ|гн҃ѣ
и̇|і
се|се
притекошѧ|прітекошѧ
вьси|вьсі
и̇|і
и̇ѡ̇сифь|іосіфь
повръже|повръже
теслꙋ|теслоу
и̇|і
и̇ꙁиде|ізіде
вь|вь
срѣтениє̇|срѣтеніе
и̇мь|імь
и̇|і
сьбрашѫ|сьбрашѫ
сѧ|сѧ
и̇|і
придошѫ|прідошѫ
кь|кь
є̇реѡ̇мь|ереомь
и̇мѫще|імѫще
красны|краснъі
жеꙁлы|жезлъі
и̇|і
вьꙁемь|вьземь
и̇е̇реи̇|іереі
жеꙁлы|жезлъі
ѿ|от
когожеⷣ|когожед
и̇хь|іхь
и̇|і
вьниде|вьніде
вꙿ|в
сⷺтилище|сѣтіліще
и̇|і
пом͠ли|пом҃лі
сѧ|сѧ
и̇|і
сконꙿчавь|скончавь
мⷧ҇итвѫ|млітвѫ
и̇|і
приѫ̇ть|пріѫть
жеꙁли|жезлі
и̇|і
[шед]|шед
и̇|і
даⷭ҇|дас
и̇мь|імь
и̇|і
ꙁнамениє̇|знаменіе
не|не
ꙗ̇вы|ꙗвъі
сѧ|сѧ
вь|вь
нииⷯ҇|нііх
и̇|і
послѣдꙿни|послѣдні
жеꙁль|жезль
приѫ̇ть|пріѫть
и̇ѡ̇сифъ|іосіфъ
и̇|і
се|се
голꙋбь|голоубь
и̇ꙁыде|ізъіде
и̇ꙁь|ізь
жеꙁꙿла|жезла
и̇|і
сѣде|сѣде
на|на
главѫ|главѫ
и̇ѡ̇сифовѣ|іосіфовѣ
и̇|і
гл͠а|гл҃а
є̇реи̇|ереі
и̇ѡ̇сифе|іосіфе
тебѣ|тебѣ
жрѣбеи̇|жрѣбеі
паде|паде
дв͠ѫ|дв҃ѫ
гл͠еть|гл҃еть
ти|ті
приѧ̇ти|пріѧті
вь|вь
сьблоудениє̇|сьблоуденіе
себѣ|себѣ
и̇|і
противꙋ|протівоу
реⷱ҇|реч
и̇ꙩ̇сифь|іосіфь
гл͠а|гл҃а
сн͠ы|сн҃ъі
и̇мамь|імамь
а̇ꙁь|азь
старь|старь
є̇сьмь|есьмь
а̇|а
ѡ̇на|она
дв͠ица|дв҃іца
є̇да|еда
како|како
бѫдѫ|бѫдѫ
вь|вь
смѣхь|смѣхь
сн͠овомь|сн҃овомь
и̇ꙁлⷭ҇евомь|ізлсевомь
и̇|і
реⷱ҇|реч
и̇е̇реи̇|іереі
и̇ѻ̇сифе|іосіфе
оу̇бои̇|оубоі
сѧ|сѧ
б͠а|б҃а
своє̇го|своего
и̇|і
помени|помені
є̇лико|еліко
сьтвори|сьтворі
датаноу|датаноу
и̇|і
(а)вироноу|авіроноу
како|како
сѧ|сѧ
просѣде|просѣде
ꙁемѣ|земѣ
и̇|і
пожрѣ|пожрѣ
ѫ̇|ѫ
ꙁа|за
прѣкословиє̇|прѣкословіе
и̇|і
н͠нѣ|н҃нѣ
ꙋбои̇|оубоі
сѧ|сѧ
и̇ѡ̇сифе|іосіфе
ѥ̇да|еда
и̇|і
тако|тако
бѫдєть|бѫдеть
вь|вь
домоу|домоу
твоє̇мь|твоемь
оу̇боꙗ̇вь|оубоꙗвь
же|же
сѧ|сѧ
и̇ѡ̇сифь|іосіфь
и̇|і
поѫ̇ть|поѫть
ѫ̇|ѫ
вꙿ|в
сьблоудениѥ̇|сьблоуденіе
себѣ|себѣ
и̇|і
реⷱ҇|реч
мариє̇|маріе
се|се
приѥ̇хь|пріехь
те|те
ѿ|от
цр͠кве|цр҃кве
г͠а|г҃а
б͠а|б҃а
и̇|і
н͠нѣ|н҃нѣ
ѡ̇ставлѣѫ̇|оставлѣѫ
тѧ|тѧ
вь|вь
домоу|домоу
мое̇мь|моемь
и̇|і
и̇дꙋ|ідоу
ꙁдати|здаті
ꙁаⷣниꙗ̇|задніꙗ
и̇|і
придѫ|прідѫ
кь|кь
тебѣ|тебѣ
и̇|і
г͠ь|г҃ь
да|да
сьхранить|сьхраніть
тѧ|тѧ
быⷭ҇|бъіс
же|же
сьвѣть|сьвѣть
и̇е̇реѡ̇вь|іереовь
гл͠ѫ|гл҃ѫ
да|да
сьтворимь|сьтворімь
катапеꙁма|катапезма
цр͠кви|цр҃кві
и̇|і
реⷱ҇|реч
и̇е̇реи̇|іереі
слоугамꙿ|слоугам
приꙁовѣте|прізовѣте
ми|мі
дв͠ы|дв҃ъі
нескврьнꙿны|нескврьннъі
ѿ|от
колѣна|колѣна
дв͠дова|дв҃дова
и̇|і
и̇доше|ідоше
слоу(гы|слоугъі
и̇|і
приведошѫ)|пріведошѫ
дв͠ы|дв҃ъі
вь|вь
црк͠вь|црк҃вь
гн͠ѧ|гн҃ѧ
и̇|і
реⷱ҇|реч
и̇е̇реи̇|іереі
кто|кто
оу̇мѣѥ̇ть|оумѣеть
прѧсти|прѧсті
ꙁлато|злато
чисто|чісто
и̇|і
вьсего|вьсего
пꙿсирика|псіріка
и̇|і
а̇киньфа|акіньфа
и̇|і
кокинь|кокінь
и̇стинꙿноую|істінноую
пⷪрьфироу|порьфіроу
и̇|і
паде|паде
жрѣббии̇|жрѣббіі
на|на
марию|марію
порьфира|порьфіра
кокꙵ҇на|кокна
и̇|і
вьꙁемьши|вьземьші
мариꙗ̇|маріꙗ
и̇де|іде
вь|вь
домь|домь
свои̇|своі
вь|вь
врѣмѧ|врѣмѧ
же|же
ѡ̇но|оно
ꙁахариꙗ̇|захаріꙗ
оу̇мльча|оумльча
и̇|і
быⷭ҇|бъіс
симеѡ̇нь|сімеонь
вь|вь
него|него
мѣсто|мѣсто
и̇|і
б͠оу|б҃оу
нашемоу|нашемоу
слава|слава
вь|вь
вѣкы|вѣкъі
вѣка|вѣка
а꙼минь|амінь
С|с
Л|л
О|о
(В҇|в
О)|о
С|с
Т҇|т
А|а
Г|г
О|о
І|і
Ꙍ|о
(А҇)|а
Н|н
А|а
Ꙁ|з
Л|л
А|а
Т|т
(О)|о
Ꙋ|оу
С|с
Т|т
А|а
Г|г
О|о
на|на
бл͠говѣщениє̇|бл҃говѣщеніе
и̇|і
на|на
рожьⷣство|рожьдство
благослови|благослові
ѡ̇ч͠е|оч҃е
Доньдеже|доньдеже
прогл͠а|прогл҃а
ꙁахариꙗ̇|захаріꙗ
мариꙗ̇|маріꙗ
же|же
вьꙁемьши|вьземьші
кокинъ|кокінъ
и̇|і
тькаше|тькаше
и̇|і
вьꙁемьши|вьземьші
кьбелъ|кьбелъ
и̇|і
и̇ꙁыде|ізъіде
почрьсти|почрьсті
водѫ|водѫ
и̇|і
се|се
глаⷭ҇|глас
гл͠ѧ|гл҃ѧ
кь|кь
неи̇|неі
раⷣоуи̇|радоуі
сѧ|сѧ
ѡ̇брадованꙿнаа̇|обрадованнаа
г͠ь|г҃ь
с|с
тобѫ̇|тобѫ
и̇|і
благослонаꙗ̇|благослонаꙗ
ты|тъі
вь|вь
женахь|женахь
и̇|і
ѡ̇ꙁрѣ|озрѣ
сѧ|сѧ
ѡ̇|о
деснѫѫ̇|деснѫѫ
и̇|і
ѡ̇|о
шоуѫ̇|шоуѫ
и̇|і
ѿкѫдоу|откѫдоу
быⷭ҇|бъіс
гл͠ась|гл҃ась
сьи̇|сьі
и̇|і
сь|сь
трепетомь|трепетомь
бывꙿши|бъівші
и̇|і
вьниде|вьніде
вь|вь
домь|домь
свои̇|своі
и̇|і
постави|поставі
водонось|водонось
и̇|і
вьꙁемьши|вьземьші
порьфирѫ|порьфірѫ
и̇|і
сѣде|сѣде
на|на
прѣстолѣ|прѣстолѣ
свое̇мь|своемь
и̇|і
тькаше|тькаше
и̇|і
се|се
а̇нг͠ль|анг҃ль
ста|ста
прѣдъ|прѣдъ
неѫ̇|неѫ
гл͠ѫ|гл҃ѫ
не|не
бои̇|боі
сѧ|сѧ
мариє̇|маріе
ѡ̇брѣте|обрѣте
бо|бо
бл͠годѣть|бл҃годѣть
прѣдъ|прѣдъ
влкⷣоѫ̇|влкдоѫ
всѣхь|всѣхь
ꙁачꙿнеши|зачнеші
бо|бо
и̇|і
родиши|родіші
сн͠а|сн҃а
ѥ̇моуже|емоуже
и̇мѧ|імѧ
е̇ньманоуи̇ль|еньманоуіль
мариꙗ̇|маріꙗ
же|же
слышавꙿши|слъішавші
и̇|і
помышлаше|помъішлаше
вь|вь
себѣ|себѣ
гл͠ѫщи|гл҃ѫщі
како|како
се|се
бѫдеть|бѫдеть
и̇деже|ідеже
мѫжа|мѫжа
не|не
ꙁнаѫ̇|знаѫ
а̇ще|аще
оу̇бо|оубо
ꙁачꙿнѫ|зачнѫ
ѿ|от
б͠а|б҃а
жива|жіва
и̇|і
рожѫⷣ|рожѫд
ꙗ̇ко|ꙗко
вꙿсѣка|всѣка
жена|жена
ражаⷣє̇ть|ражадеть
и̇|і
скоро|скоро
ѿвѣща|отвѣща
а̇нг͠ль|анг҃ль
гн͠ь|гн҃ь
гл͠ѧ|гл҃ѧ
кь|кь
неи̇|неі
не|не
тако|тако
мариє̇|маріе
сила|сіла
бо|бо
гн͠ѣ|гн҃ѣ
ѡ̇сѣнить|осѣніть
тѧ|тѧ
тѣмь|тѣмь
ражаⷣе̇мо|ражадемо
ст͠о|ст҃о
нареⷱ҇ть|наречть
сѧ|сѧ
и̇|і
сн͠ь|сн҃ь
вишꙿнѣго|вішнѣго
и̇|і
нареⷱ҇ши|наречші
и̇мѧ|імѧ
ѥ̇моу|емоу
і̇с͠ь|іс҃ь
тои̇|тоі
бо|бо
сп͠асеть|сп҃асеть
люди|люді
своѫ̇|своѫ
ѿ|от
грѣхь|грѣхь
и̇хь|іхь
и̇|і
реⷱ҇|реч
мариꙗ̇|маріꙗ
се|се
раба|раба
г͠ьнѣ|г҃ьнѣ
бѫди|бѫді
мнѣ|мнѣ
по|по
гл͠оу|гл҃оу
твоє̇моу|твоемоу
и̇|і
сьтвори|сьтворі
порьфирѫ|порьфірѫ
и̇|і
кокинꙿ|кокін
и̇|і
донесе|донесе
е̇реѡ̇ви|ереові
и̇|і
блⷭ҇ви|блсві
ѫ̇|ѫ
е̇реи̇|ереі
и̇|і
реⷱ҇|реч
мариѥ̇|маріе
вьꙁвеличиль|вьзвелічіль
ѥ̇сть|есть
г͠ь|г҃ь
и̇мѧ|імѧ
твое̇|твое
и̇|і
бѫдеши|бѫдеші
бл͠гословена|бл҃гословена
вь|вь
всѣхь|всѣхь
родѣхь|родѣхь
ꙁемьскыхь|земьскъіхь
до|до
вѣка|вѣка
и̇|і
радость|радость
прие̇мьши|пріемьші
мариꙗ̇|маріꙗ
и̇де|іде
кь|кь
ѥ̇лисавеѳи|елісавеѳі
ѫ̇жицѣ|ѫжіцѣ
своє̇и̇|своеі
и̇|і
тлькнѫ|тлькнѫ
въ|въ
двери|двері
ѥ̇лисанеѳь|елісанеѳь
же|же
слышавꙿши|слъішавші
и̇|і
тече|тече
и̇|і
ѿврьꙁє|отврьзе
ѥ̇и̇|еі
и̇|і
бл͠гослови|бл҃гослові
ѫ̇|ѫ
и̇|і
реⷱ҇|реч
ѿкѫдоу|откѫдоу
ми|мі
се|се
да|да
придеть|прідеть
мати|маті
г͠а|г҃а
моє̇го|моего
кь|кь
мнѣ|мнѣ
сѫщее̇|сѫщее
бо|бо
вь|вь
мнѣ|мнѣ
вьꙁигра|вьзігра
сѧ|сѧ
вь|вь
чрѣвѣ|чрѣвѣ
моє̇мь|моемь
радощами|радощамі
и̇|і
блвⷭ҇и|блвсі
тѧ|тѧ
мариꙗ̇|маріꙗ
же|же
ꙁаби|забі
таи̇нѫ|таінѫ
ꙗ̇коже|ꙗкоже
гл͠а|гл҃а
кь|кь
неи̇|неі
арꙿханг͠ль|арханг҃ль
гаврилꙿ|гавріл
и̇|і
вьꙁрѣвши|вьзрѣвші
на|на
нб͠о|нб҃о
и̇|і
рече|рече
г͠и|г҃і
кто|кто
є̇сьмь|есьмь
а꙼ꙁь|азь
ꙗ̇ко|ꙗко
вьсѧ|вьсѧ
жени|жені
ꙁє̇мныѫ̇|земнъіѫ
блж͠ѧть|блж҃ѧть
мѧ|мѧ
и̇|і
створи|створі
.г͠.|г҃
мцⷭ҇ѫ|мцсѫ
оу̇|оу
ѥ̇лисавꙿѳы|елісавѳъі
дн͠ь|дн҃ь
же|же
а̇че|аче
дн͠ь|дн҃ь
чрѣво|чрѣво
ѥ̇ѫ̇|еѫ
растѣше|растѣше
и̇|і
оу̇боа̇|оубоа
сѫ|сѫ
мариꙗ̇|маріꙗ
и̇|і
приⷣе|пріде
вь|вь
домь|домь
свои̇|своі
и̇|і
ськры|ськръі
сѧ|сѧ
ѿ|от
сн͠овь|сн҃овь
и̇ꙁлⷭ҇евь|ізлсевь
бѣше|бѣше
же|же
шесть|шесть
на|на
десѧтимь|десѧтімь
лѣтомь|лѣтомь
мариꙗ̇|маріꙗ
ѥ̇гаⷣ҇|егад
быⷭ҇|бъіс
є̇и̇|еі
таи̇на|таіна
сии̇|сіі
быⷭ҇|бъіс
же|же
[е̇]и̇|еі
шести|шесті
мцⷭ҇ь|мцсь
є̇гаⷣ|егад
прии̇де|прііде
і̇ѡ̇си̇фь|іосіфь
ѿ|от
ꙁаⷣнеи̇|заднеі
свои̇хь|своіхь
и̇|і
оу̇ꙁрѣ|оузрѣ
мариѫ̇|маріѫ
чрѣватѫ|чрѣватѫ
сѧщѫ|сѧщѫ
и̇|і
начѧ|начѧ
бити|біті
сѧ|сѧ
по|по
лицоу|ліцоу
своє̇мь|своемь
и̇|і
паде|паде
на|на
ꙁеми|земі
на|на
врѣтищи|врѣтіщі
и̇|і
плака|плака
сѧ|сѧ
горько|горько
гл͠ѫ|гл҃ѫ
кымь|къімь
лицемь|ліцемь
вьꙁрѫ|вьзрѫ
кь|кь
г͠оу|г҃оу
б͠оу|б҃оу
моє̇моу|моемоу
и̇|і
какⷪже|какоже
помⷪ҇лѫ|помолѫ
сѫ|сѫ
ꙩ̇|о
дв͠ци|дв҃ці
сеи̇|сеі
ꙗ̇ко|ꙗко
дв͠оѫ̇|дв҃оѫ
поѫ̇хь|поѫхь
ѫ̇|ѫ
ѿ|от
цр͠кве|цр҃кве
г͠а|г҃а
б͠а|б҃а
моѥ̇го|моего
и̇|і
не|не
сьхранихь|сьхраніхь
є̇ѫ̇|еѫ
и̇|і
кто|кто
оу̇лови|оулові
мѧ|мѧ
и̇|і
кто|кто
се|се
ꙁлое̇|злое
сꙿтвори|створі
вь|вь
домоу|домоу
мое̇мь|моемь
и̇|і
ѡсквꙿрьни|оскврьні
дв͠ѫ|дв҃ѫ
ѥ̇да|еда
и̇|і
(н͠а)|н҃а
мънѣ|мънѣ
ѡ̇бновить|обновіть
сѧ|сѧ
скаꙁаниѥ̇|сказаніе
а̇дамово|адамово
ꙗ̇ко|ꙗко
бо|бо
вь|вь
тьи̇|тьі
чаⷭ҇|час
славословлѣше|славословлѣше
б͠а|б҃а
своѥ̇го|своего
и̇|і
ѡ̇брѣтъ|обрѣтъ
ꙁьмиꙗ̇|зьміꙗ
женꙋ|женоу
ѥ̇динꙋ|едіноу
и̇|і
прѣльсти|прѣльсті
ю|ю
и̇|і
такⷪ|тако
и̇|і
мꙿнъ|мнъ
приключи|пріключі
сѧ|сѧ
и̇|і
вьста|вьста
и̇ѡ̇сифь|іосіфь
ѿ|от
врѣтища|врѣтіща
и̇|і
приꙁва|прізва
мариѫ̇|маріѫ
и̇|і
реⷱ҇|реч
ѥ̇и̇|еі
набьдимаа̇|набьдімаа
бг͠омь|бг҃омь
что|что
се|се
сьтворила|сьтворіла
ѥ̇си|есі
и̇|і
д͠шѫ|д҃шѫ
моѫ̇|моѫ
ѡ̇скрьби|оскрьбі
и̇|і
ꙁабы|забъі
г͠а|г҃а
б͠а|б҃а
своѥ̇го|своего
вьспитана|вьспітана
вь|вь
ст͠аа꙼|ст҃аа
ст͠ыихь|ст҃ъііхь
і̇|і
прие̇мьши|пріемьші
пищѫ|піщѫ
ѿ|от
рѫкы̇|рѫкъі
а꙼нг͠ловы|анг҃ловъі
що|що
се|се
сътворила|сътворіла
ѥ̇си|есі
ꙩ̇на|она
же|же
вьсꙿпаⷧ҇кавꙿши̇|вьспалкавші
и̇|і
реⷱ҇|реч
ꙗ̇ко|ꙗко
чиста|чіста
ѥ̇сьмь|есьмь
и̇мь|імь
и̇|і
мѫжа|мѫжа
не|не
ꙁнаѫ̇|знаѫ
и̇|і
реⷱ҇|реч
и̇ѡ̇сифь|іосіфь
да|да
ѿкѫдоу|откѫдоу
ѥ̇сть|есть
се|се
оу̇бо|оубо
є̇же|еже
ѥ̇сть|есть
вь|вь
чрѣвѣ|чрѣвѣ
твое̇мь|твоемь
ѡ̇на|она
жⷷ|же
рече|рече
живь|жівь
г͠ь|г҃ь
б͠ь|б҃ь
мои̇|моі
ꙗ̇ко|ꙗко
не|не
ꙁнаѫ̇|знаѫ
ѿкѫдоу|откѫдоу
є̇сть|есть
вь|вь
мнѣ|мнѣ
и̇|і
оу̇боꙗ̇|оубоꙗ
сѧ|сѧ
и̇ѡ̇си(ф)ь|іосіфь
и̇|і
оу̇мльча|оумльча
ѿнѫде|отнѫде
помишꙿлѣше|помішлѣше
що|що
сьтворити|сьтворіті
е̇и̇|еі
и̇|і
реⷱ҇|реч
вь|вь
себѣ|себѣ
а꙼щє|аще
ськрию|ськрію
грѣхь|грѣхь
є̇ѫ̇|еѫ
и̇|і
ѡ̇брѣщѫ|обрѣщѫ
сѧ|сѧ
сварѧ|сварѧ
сѧ|сѧ
сь|сь
ꙁакономь|закономь
гн͠имь|гн҃імь
а꙼ще|аще
а̇влꙋ|авлоу
сн͠овомь|сн҃овомь
и̇ꙁлⷭ҇евомь|ізлсевомь
боѫ̇|боѫ
сѧ|сѧ
є̇да|еда
како|како
а꙼нꙿг͠льско|анг҃льско
є̇сть|есть
сѫщеѥ̇|сѫщее
вь|вь
неи̇|неі
и̇|і
ѡ̇брѣщѫ|обрѣщѫ
се|се
крьвь|крьвь
неповинꙿнꙋѫ̇|неповінноуѫ
прѣд͠аѫ̇|прѣд҃аѫ
на|на
ѡ̇сѫжⷣениѥ̇|осѫжденіе
см͠рьтꙿноѥ̇|см҃рьтное
и̇|і
що|що
оу̇бо|оубо
сьтворꙋ|сьтвороу
е̇и̇|еі
да|да
ѿпоущ[а]|отпоуща
ѫ̇|ѫ
таи̇|таі
ѿ|от
себе|себе
и̇|і
постиже|постіже
и̇|і
нощь|нощь
се|се
а̇нг͠ль|анг҃ль
гн͠ъ|гн҃ъ
вь|вь
снѣ|снѣ
а̇ви|аві
сѧ|сѧ
и̇ѡ̇сифоу|іосіфоу
и̇|і
гл͠а|гл҃а
ѥ̇моу|емоу
не|не
бои|боі
сѧ|сѧ
ѡ̇троковицѫ|отроковіцѫ
сиѫ̇|сіѫ
сѫщее̇|сѫщее
бо|бо
вь|вь
неи̇|неі
ѿ|от
дх͠а|дх҃а
ст͠а|ст҃а
ѥ̇сть|есть
родить|родіть
же|же
сн͠ь|сн҃ь
и̇|і
нареⷱ҇ши|наречші
и̇мѧ|імѧ
є̇мⷹ|емоу
ѥ̇ньманоуи̇ль|еньманоуіль
тьи̇|тьі
бо|бо
сп͠сеть|сп҃сеть
люди|люді
своѫ̇|своѫ
ѿ|от
грѣхь|грѣхь
и̇хь|іхь
и̇|і
вьста|вьста
и̇ѡ̇сифь|іосіфь
ѿ|от
сꙿна|сна
своє̇го|своего
и̇|і
прослави|прославі
б͠а|б҃а
створьшаго|створьшаго
ѥ̇моу|емоу
бл͠годѣть|бл҃годѣть
си[ю]|сію
и̇|і
сьхрани|сьхрані
ѡ̇троковицѫ|отроковіцѫ
приде|пріде
же|же
ꙗ̇нь|ꙗнь
кьнижꙿникь|кьніжнікь
и̇|і
реⷱ҇|реч
є̇моу|емоу
и̇ѡсифе|іосіфе
по|по
что|что
не|не
ꙗ̇ви|ꙗві
сѧ|сѧ
сꙿньмоу|сньмоу
нашемоу|нашемоу
и̇|і
реⷱ҇|реч
и̇ѡ̇сифь|іосіфь
ꙗ̇ко|ꙗко
троудень|троудень
бѣхь|бѣхь
ѿ|от
пꙋти|поуті
и̇|і
почихь|почіхь
вь|вь
пръвы|пръвъі
дн͠ь|дн҃ь
и̇|і
ѡ̇бращь|обращь
се|се
ꙗ̇нь|ꙗнь
и̇|і
видѣ|відѣ
мариѫ̇|маріѫ
чрѣватѫ|чрѣватѫ
и̇|і
и̇де|іде
сь|сь
тьщаниє̇мь|тьщаніемь
кь|кь
е̇реѡ̇ви|ереові
и̇|і
реⷱ҇|реч
ѥ̇моу|емоу
и̇ѡ̇сифь|іосіфь
е̇мꙋже|емоуже
ты|тъі
свѣдѣтельствоує̇ши|свѣдѣтельствоуеші
беꙁакониѥ̇|безаконіе
створиль|створіль
є̇сть|есть
ꙁꙿло|зло
и̇|і
реⷱ҇|реч
и̇реи̇|іреі
кы|къі
грѣхь|грѣхь
и̇|і
гл͠а|гл҃а
е̇моу|емоу
дв͠ѫ|дв҃ѫ
ѩ̇же|ѧже
приѫ̇ть|пріѫть
ѿ|от
цр͠кве|цр҃кве
гн͠е|гн҃е
ꙩ̇скврьниль|оскврьніль
ѫ̇|ѫ
ѥ̇сть|есть
и̇|і
оу̇краде|оукраде
бракь|бракь
є̇е|ее
и̇|і
не|не
ꙗ̇ви|ꙗві
сн͠ово|сн҃ово
и̇ꙁлⷭ҇евомꙿ|ізлсевом
и̇|і
ѿвѣща|отвѣща
и̇|і
реⷱ҇|реч
ѥ̇моу|емоу
и̇ѥ̇реи̇|іереі
и̇ѡ̇сифь|іосіфь
ли|лі
се|се
сꙿтвориль|створіль
є̇сть|есть
и̇|і
реⷱ҇|реч
ꙗ̇нъ|ꙗнъ
послы|послъі
слоугы|слоугъі
и̇|і
ѡ̇брѣщеши|обрѣщеші
дв͠ѫ|дв҃ѫ
чрѣватѫ|чрѣватѫ
і̇|і
и̇доше|ідоше
слоугы|слоугъі
и̇|і
ѡ̇брѣтⷪ҇шѫ|обрѣтошѫ
ꙗ̇коже|ꙗкоже
реⷱ҇|реч
и̇мь|імь
ꙗ̇нь|ꙗнь
и̇|і
ведошѫ|ведошѫ
ѥ̇|е
сь|сь
ѻ̇сифомь|осіфомь
на|на
сѫдище|сѫдіще
и̇|і
реⷱ҇|реч
и̇|і
є̇реи̇|ереі
кь|кь
марии̇|маріі
ꙁабыли|забъілі
г͠а|г҃а
б͠а|б҃а
своє̇го|своего
вьспитанꙿнаа̇|вьспітаннаа
вь|вь
ст͠аа̇|ст҃аа
ст͠ыхь|ст҃ъіхь
и̇|і
приє̇мьши|пріемьші
пищѫ|піщѫ
и̇ꙁꙿ|із
рѫкы|рѫкъі
а꙼нг͠ловы|анг҃ловъі
и̇|і
слышавьши|слъішавьші
пⷭ҇ѣнь|псѣнь
и̇хь|іхь
що|що
се|се
сьтворила|сьтворіла
є̇си|есі
ꙩ̇на|она
же|же
плачѫ|плачѫ
сѧ|сѧ
горꙿко|горко
гл͠ше|гл҃ше
живь|жівь
г͠ь|г҃ь
б͠ь|б҃ь
мои̇|моі
ꙗ̇ко|ꙗко
чтⷭ҇аа꙼|чтсаа
е̇съмь|есъмь
и̇|і
мѫжа|мѫжа
не|не
ꙁнаѫ̇|знаѫ
и̇|і
реⷱ҇|реч
и̇ѡ̇сифови|іосіфові
и̇|і
ѥ̇реи̇|ереі
что|что
сьтвориль|сьтворіль
е̇си|есі
и̇|і
реⷱ҇|реч
и̇ѡ̇сифь|іосіфь
жи[..]|жі
г͠ь|г҃ь
б͠ь|б҃ь
мои̇|моі
ꙗ̇ко|ꙗко
чисть|чість
ѥ̇сьмь|есьмь
ѿ|от
неѫ̇|неѫ
и̇|і
реⷱ҇|реч
и̇є̇реи̇|іереі
не|не
льжисвѣдѣтельствꙋи̇|льжісвѣдѣтельствоуі
нь|нь
гл͠и|гл҃і
и̇стинѫ|істінѫ
оу̇краль|оукраль
є̇си|есі
бракь|бракь
свⷪи̇|своі
и̇|і
не|не
ꙗ̇ви|ꙗві
сн͠овомь|сн҃овомь
и̇ꙁлⷭ҇евомь|ізлсевомь
и̇|і
не|не
подъклониль|подъклоніль
е̇си|есі
главы|главъі
своѫ̇|своѫ
подъ|подъ
крѣпꙿкꙋю|крѣпкоую
рѫкꙋ|рѫкоу
г͠ьнѫ|г҃ьнѫ
ꙗ̇ко|ꙗко
да|да
благословено|благословено
бѫдеть|бѫдеть
сѣмѧ|сѣмѧ
твоє̇|твое
и̇|і
оу̇мльча|оумльча
и̇ѡ̇сифь|іосіфь
и̇|і
рече|рече
є̇реи̇|ереі
въꙁврати|възвраті
дв͠ѫ|дв҃ѫ
ѫ̇же|ѫже
приѫ̇ть|пріѫть
ѿ|от
цр͠кве|цр҃кве
гн͠ѫ|гн҃ѫ
и̇|і
просльꙁы|просльзъі
сѫ|сѫ
и̇ꙩ̇сифь|іосіфь
и̇|і
реⷱ҇|реч
ѥ̇реи̇|ереі
да|да
напоѥ̇тꙿ|напоет
вы|въі
воды|водъі
ѡ̇бличениꙗ̇|обліченіꙗ
и̇|і
да|да
ꙗ̇вить|ꙗвіть
г͠ь|г҃ь
грѣхь|грѣхь
ваю̇|ваю
прѣдь|прѣдь
ѡ̇чима|очіма
нашима|нашіма
и̇|і
въꙁе|възе
ѥ̇реи̇|ереі
и̇|і
напои̇|напоі
и̇ѡ̇сифа|іосіфа
посла|посла
въ|въ
горьнѫѫ̇|горьнѫѫ
и̇|і
приде|пріде
цѣль|цѣль
напои̇|напоі
же|же
и̇|і
мариѫ̇|маріѫ
и̇|і
посла|посла
вь|вь
горьнѫ|горьнѫ
и̇|і
прии̇де|прііде
цѣла|цѣла
и̇|і
дивишѫ|дівішѫ
сѧ|сѧ
вꙿси|всі
людиє̇|людіе
ꙗ̇ко|ꙗко
грѣхь|грѣхь
не|не
ꙗ̇вить|ꙗвіть
сѧ|сѧ
вь|вь
нию̇|нію
и̇|і
реⷱ҇|реч
и̇е̇реи̇|іереі
аще|аще
не|не
г͠ь|г҃ь
не|не
ꙗ̇ви|ꙗві
грѣхь|грѣхь
ваю̇|ваю
ны|нъі
а꙼ꙁь|азь
ѡ̇сѫжаⷣѫ̇|осѫжадѫ
ваю̇|ваю
и̇|і
ѿпоусти|отпоусті
ѧ̇|ѧ
и̇|і
пⷪѫ̇ть|поѫть
и̇ѡ̇сифь|іосіфь
мариѫ̇|маріѫ
и̇|і
и̇де|іде
вь|вь
домꙿ|дом
свои̇|своі
поѥ̇|пое
и̇|і
славлѫ|славлѫ
б͠а|б҃а
и̇ꙁлⷭ҇ева|ізлсева
и̇|і
повелѣние̇|повелѣніе
быⷭ҇|бъіс
ѿ|от
а̇вꙿгоуста|авгоуста
цр͠ѣ|цр҃ѣ
написати|напісаті
сѧ|сѧ
ѥ̇лико|еліко
сѧть|сѧть
вь|вь
виѳлеѡ̇мѣ|віѳлеомѣ
и̇ю̇деи̇стѣмь|іюдеістѣмь
и̇|і
реⷱ҇|реч
и̇ѡ̇сифь|іосіфь
и̇|і
а̇ꙁь|азь
написаѫ̇|напісаѫ
сн͠ы|сн҃ъі
своѫ̇|своѫ
сеи̇|сеі
же|же
ѡ̇троковици|отроковіці
что|что
сьтворѫ|сьтворѫ
и̇|і
како|како
напишѫ|напішѫ
ѫ̇|ѫ
женѫ|женѫ
ли|лі
себѣ|себѣ
стижѫⷣ|стіжѫд
бо|бо
сѧ|сѧ
нь|нь
дъщере|дъщере
ли|лі
вѣдѫть|вѣдѫть
бо|бо
сн͠ове|сн҃ове
и̇ꙁлⷭ҇еви|ізлсеві
ꙗ̇ко|ꙗко
нⷭ҇ѣ|нсѣ
ми|мі
дъщи|дъщі
сєи̇и̇|сеіі
дн͠ь|дн҃ь
да|да
створить|створіть
г͠ь|г҃ь
ꙗ̇коже|ꙗкоже
хощеть|хощеть
и̇|і
ѡ̇седла|оседла
ѡ̇слѧ|ослѧ
и̇|і
вьсади|вьсаді
ю̇|ю
и̇|і
ведѣше|ведѣше
ю̇|ю
сн͠ь|сн҃ь
е̇го|его
и̇|і
семеѡ̇нь|семеонь
вь|вь
слѣдъ|слѣдъ
и̇дъше|ідъше
и̇|і
прѣи̇дошѧ|прѣідошѧ
.г͠.|г҃
(пꙿпь)рища|ппьріща
и̇|і
ѡ̇бращь|обращь
сѧ|сѧ
и̇ѡ̇сифь|іосіфь
и̇|і
видѣ|відѣ
мариѫ̇|маріѫ
дрѧхлѫ|дрѧхлѫ
и̇|і
реⷱ҇|реч
вь|вь
себѣ|себѣ
ѥ̇да|еда
како|како
сѧщеѥ|сѧщее
вь|вь
неи̇|неі
троужаⷣє̇ть|троужадеть
ѥ̇|е
и̇|і
ѡ̇брьщь|обрьщь
сѧ|сѧ
и̇ѡ̇сифь|іосіфь
и̇|і
пакы|пакъі
видѣ|відѣ
ѫ̇|ѫ
смѣѫ̇щѧ|смѣѫщѧ
сѧ|сѧ
и̇|і
реⷱ҇|реч
ѥ̇и̇|еі
мариѥ̇|маріе
что|что
се|се
ѥ̇сть|есть
ꙗ̇ко|ꙗко
лице|ліце
твоє̇|твое
вижѫⷣ|віжѫд
ѡ̇вогаⷣ|овогад
дрѫхьло|дрѫхьло
ѡ̇вогаⷣ|овогад
смѣѫ̇ще|смѣѫще
сѧ|сѧ
и|і
реⷱ҇|реч
е̇моу|емоу
мариꙗ̇|маріꙗ
двоѫ̇|двоѫ
люди|люді
вижѫⷣ|віжѫд
прѣдъ|прѣдъ
ѡ̇чима|очіма
мои̇ма|моіма
є̇дины|едінъі
плачѫщѫ|плачѫщѫ
сѧ|сѧ
а̇|а
дроугы|дроугъі
раоуⷣѧщѧѫ̇|раоудѧщѧѫ
сѧ|сѧ
и̇|і
веселѧщѧѫ̇|веселѧщѧѫ
сѧ|сѧ
и̇|і
и̇дѧщимь|ідѧщімь
же|же
и̇мь|імь
срⷣѣ|срдѣ
пꙋти|поуті
и̇|і
реⷱ҇|реч
мариꙗ̇|маріꙗ
кь|кь
ꙩ̇сифоу|осіфоу
сьсади|сьсаді
мѧ|мѧ
сь|сь
ѡ̇слѫта|ослѫта
ꙗ̇ко|ꙗко
сьще|сьще
вь|вь
мнѣ|мнѣ
нѫдить|нѫдіть
мѧ|мѧ
и̇ꙁыти|ізъіті
и̇|і
сьсади|сьсаді
ѫ̇|ѫ
и̇|і
реⷱ҇|реч
геⷣ|гед
тѧ|тѧ
и̇мамь|імамь
вьвести|вьвесті
и̇|і
покрыти|покръіті
тѧ|тѧ
ꙗ̇ко|ꙗко
мѣсто|мѣсто
се|се
поусто|поусто
є̇сть|есть
и̇|і
ѡ̇брѣте|обрѣте
тоу|тоу
врьтопь|врьтопь
и̇|і
вьдедⱔ|вьдедѧ
ѫ̇|ѫ
тамо|тамо
и̇ѻ̇сифь|іосіфь
и̇|і
ѡ̇стави|оставі
тоу|тоу
сн͠а|сн҃а
своє̇го|своего
и̇|і
и̇де|іде
въꙁыскати|възъіскаті
бабѫ|бабѫ
и̇е̇врѣикѫ|іеврѣікѫ
вь|вь
виѳлеѡ̇мѣ|віѳлеомѣ
а꙼ꙁь|азь
же|же
и̇ꙩ̇сифь|іосіфь
хожаⷣхь|хожадхь
и̇|і
не|не
хожаⷣхь|хожадхь
и̇|і
вьꙁрѣхь|вьзрѣхь
на|на
нб͠о|нб҃о
и̇|і
видѣхь|відѣхь
крѫгы|крѫгъі
нб͠сныѫ̇|нб҃снъіѫ
стоѫ̇щѫ|стоѫщѫ
и̇|і
вьꙁрѣхь|вьзрѣхь
и̇|і
видѣхь|відѣхь
нб͠о|нб҃о
мꙋтꙿно|моутно
и̇|і
птицѫ|птіцѫ
нбнⷭ҇ыѫ̇|нбнсъіѫ
мльчещѧ|мльчещѧ
и̇|і
вьꙁрѣвь|вьзрѣвь
на|на
ꙁемоу|земоу
и̇|і
видѣхь|відѣхь
ѡ̇кринь|окрінь
стоѫ̇щь|стоѫщь
и̇|і
дѣлателѫ|дѣлателѫ
вьꙁлежѫщѫ|вьзлежѫщѫ
и̇|і
бѣшѧ|бѣшѧ
рѫкы|рѫкъі
и̇хь|іхь
вь|вь
ѡ̇кринѣ|окрінѣ
и̇|і
жꙿ(ь)вꙋще|жьвоуще
не|не
жꙿвѣхѫ|жвѣхѫ
и̇|і
вьꙁимаѫ̇ще|вьзімаѫще
не|не
приношахѫ|пріношахѫ
кь|кь
оу꙼стомь|оустомь
свои̇мꙿ|своім
нь|нь
вьсѣмь|вьсѣмь
бѣхѫ|бѣхѫ
лица|ліца
ѡⷢ҇рѣ|огрѣ
ꙁрѫще|зрѫще
и̇|і
видѣхь|відѣхь
ѡ̇вьцѫ|овьцѫ
женомы̇|женомъі
и̇|і
стоѫ̇щѫ|стоѫщѫ
и̇|і
вьꙁе|вьзе
пастирь|пастірь
жеꙁꙿль|жезль
оу̇дарити|оударіті
ѥ̇|е
и̇|і
рѫка|рѫка
ѥ̇го|его
сто(ꙗ͠)ше|стоꙗ҃ше
горѣ|горѣ
и̇|і
приꙁрѣхь|прізрѣхь
вь|вь
потокь|потокь
и̇|і
видѣхь|відѣхь
оу̇ста|оуста
коꙁлищемь|козліщемь
прилежѫше|прілежѫше
и̇|і
не|не
пиѫ̇ще|піѫще
и̇|і
вьса|вьса
прикасаниѥ̇мь|прікасаніемь
и̇|і
течение̇мь|теченіемь
свои̇мь|своімь
женѣхꙋ|женѣхоу
се|се
и̇|і
видѣхь|відѣхь
женꙋ|женоу
и̇сходѫщѧѫ|ісходѫщѧѫ
и̇ꙁь|ізь
горы|горъі
и̇|і
реⷱ҇|реч
ми|мі
чл͠вѣче|чл҃вѣче
камо|камо
и̇деши|ідеші
и̇|і
рѣхь|рѣхь
є̇и̇|еі
бабѫ|бабѫ
є̇вреи̇нѫ|евреінѫ
и̇щѫ|іщѫ
и̇|і
ѿвѣщавꙿши|отвѣщавші
и̇|і
реⷱ҇|реч
ми|мі
ѿ|от
е̇рлⷭ҇има|ерлсіма
ли|лі
ѥ̇си|есі
и̇|і
рѣхь|рѣхь
ѥи|еі
и̇|і
реⷱ҇|реч
ми|мі
кто|кто
ѥⷭ҇|ес
ражаⷣѫ̇щиꙗ̇|ражадѫщіꙗ
вь|вь
врьⷮпѣ|врьтпѣ
и̇|і
рѣхь|рѣхь
є̇и̇|еі
ѡ̇брѫченьнаа̇|обрѫченьнаа
мꙿнъ|мнъ
жена|жена
и̇|і
нѣⷭ҇|нѣс
ми|мі
жена|жена
ꙁане|зане
ꙁачѫтиѥ̇|зачѫтіе
и̇мать|імать
ѿ|от
дх͠а|дх҃а
ст͠а|ст҃а
и̇|і
реⷱ҇|реч
бабꙗ|бабꙗ
а̇ще|аще
ꙋбо|оубо
се|се
въ|въ
и̇стинѫ|істінѫ
и̇|і
реⷱ҇|реч
и̇ѡ̇си̇фь|іосіфь
грѧди|грѧді
и̇|і
вижьⷣ|віжьд
и̇|і
и̇де|іде
сь|сь
нимь|німь
баба|баба
и̇|і
се|се
(ѡ̇)блакь|облакь
свѣⷣтелꙿства|свѣдтелства
прѣдъ|прѣдъ
врьтопомь|врьтопомь
и̇|і
свѣть|свѣть
великь|велікь
вꙿсиꙗ̇|всіꙗ
вь|вь
врьтꙿпѣ|врьтпѣ
ꙗ̇ко|ꙗко
ѡ̇чима|очіма
не|не
трьпѣти|трьпѣті
и̇|і
реⷱ҇|реч
баба|баба
вьꙁꙿвеличи|вьзвелічі
сѧ|сѧ
дш͠а|дш҃а
ми|мі
дн͠єсь|дн҃есь
ꙗ̇ко|ꙗко
сп͠асениѥ̇|сп҃асеніе
вьсемоу|вьсемоу
мироу|міроу
роди|роді
сѧ|сѧ
и̇|і
а̇бие̇|абіе
ѡ̇блакь|облакь
вьꙁимаше|вьзімаше
сѧ|сѧ
ѿ|от
врътьпа|врътьпа
и̇|і
вьсиꙗ̇|вьсіꙗ
свѣть|свѣть
великꙿ|велік
и̇|і
ꙗ̇ви|ꙗві
сѧ|сѧ
младенець|младенець
и̇|і
приѫ̇ть|пріѫть
сьсець|сьсець
ѿ|от
матере|матере
своѫ̇|своѫ
мариѫ̇|маріѫ
и̇|і
вьꙁьпи|вьзьпі
баба|баба
гл͠ѧщи|гл҃ѧщі
великь|велікь
дн͠ь|дн҃ь
днⷭ҇е|днсе
ꙗ̇ко|ꙗко
ви(дѣ)хь|відѣхь
чюдо|чоудо
се|се
новое̇|новое
и̇|і
и̇ꙁыде|ізъіде
и̇ꙁь|ізь
врьтьпа|врьтьпа
славѧщи|славѧщі
б͠а|б҃а
и̇|і
срѣтⷷ҇|срѣте
ю|ю
саломи|саломі
и̇|і
реⷱ҇|реч
ѥ̇и̇|еі
саломи|саломі
саломи|саломі
новоѥ̇|новое
чюдо|чоудо
ти|ті
и̇мамь|імамь
повѣдати|повѣдаті
дв͠аа꙼|дв҃аа
роди|роді
є̇гоже|егоже
не|не
вьмѣсти|вьмѣсті
тѣло|тѣло
и̇|і
рече|рече
саоⷧми|саолмі
живь|жівь
г͠ь|г҃ь
б͠ь|б҃ь
а꙼ще|аще
не|не
раꙁоумѣѫ̇|разоумѣѫ
ѿ|от
сами̇хь|саміхь
вещи|вещі
не|не
и̇мамь|імамь
вѣрѫ|вѣрѫ
ѫ̇ти|ѫті
ꙗ̇ко|ꙗко
дв͠аа̇|дв҃аа
роди|роді
и̇|і
вьниде|вьніде
саломи|саломі
кь|кь
марии̇|маріі
гл͠ѫщи|гл҃ѫщі
покажи|покажі
(им)|ім
дѣло|дѣло
(твоѥ)|твое
не|не
мала|мала
бо|бо
тега|тега
належить|належіть
на|на
мнѣ|мнѣ
ѡ̇|о
тебѣ|тебѣ
и̇|і
видѣ|відѣ
саломи|саломі
и̇|і
вьскликнѫ|вьсклікнѫ
гл͠͠ѧщи|гл҃҃ѧщі
лютѣ|лютѣ
беꙁаконию̇|безаконію
моє̇моу|моемоу
и̇|і
невѣрьствоу|невѣрьствоу
моє̇моу|моемоу
ꙗко|ꙗко
и̇скоусихь|іскоусіхь
б͠а|б҃а
жива|жіва
и̇|і
се|се
рꙋка|роука
моꙗ̇|моꙗ
ѿпаде|отпаде
ѿ|от
мене|мене
и̇|і
покоⷧ҇ньши|поколньші
колѣнѣ|колѣнѣ
свⷪ҇и̇|своі
и̇|і
пом͠ли|пом҃лі
сѧ|сѧ
кь|кь
г͠оу|г҃оу
б͠оу|б҃оу
гл͠ѧщи|гл҃ѧщі
бж͠е|бж҃е
ѡ̇ц͠ь|оц҃ь
мⷪи̇хь|моіхь
помѣни|помѣні
мѧ|мѧ
ꙗ̇ко|ꙗко
сѣмѧ|сѣмѧ
е̇сьмь|есьмь
а꙼враа꙼мово|авраамово
и̇|і
и̇ꙗ̇ково|іꙗково
и̇|і
ꙗ̇ковꙿле|ꙗковле
и̇|і
не|не
ѡ̇бличи|облічі
мене|мене
прѣдъ|прѣдъ
сн͠и|сн҃і
и̇ꙁлⷭ҇ы|ізлсъі
нѫ|нѫ
вьꙁꙿврати|вьзвраті
мѧ|мѧ
кь|кь
нищимь|ніщімь
ѫ̇же|ѫже
вѣси|вѣсі
влⷣко|влдко
и̇|і
и̇же|іже
имени|імені
твоє̇го|твоего
ради|раді
и̇цⷭѣлениꙗ̇|іцсѣленіꙗ
творѣхѫ̇|творѣхѫ
и̇|і
мѫꙁдѫ|мѫздѫ
моѫ̇|моѫ
чаѫ̇|чаѫ
ѿ|от
тебе|тебе
приѫ̇ти|пріѫті
и̇|і
а꙼биѥ̇|абіе
пристѫпи|прістѫпі
а꙼нг͠ль|анг҃ль
гн͠ъ|гн҃ъ
гл͠ѧ|гл҃ѧ
саломи|саломі
саломи|саломі
оу̇слыша|оуслъіша
г͠ь|г҃ь
молениѥ̇|моленіе
твоє̇|твое
приноси|пріносі
рѫкѫ|рѫкѫ
твоѫ̇|твоѫ
кь|кь
ѡ̇трочищоу|отрочіщоу
и̇|і
исцѣлѣє̇ши|ісцѣлѣеші
и̇|і
бѫдеть|бѫдеть
ти|ті
сп͠сениѥ̇|сп҃сеніе
и̇|і
радость|радость
пріѥ̇мьши|пріемьші
саоⷧ҇ми|саолмі
и̇|і
поклони|поклоні
сѧ|сѧ
младеньцоу|младеньцоу
гл͠ѫщи|гл҃ѫщі
сице|сіце
ты|тъі
цр͠ь|цр҃ь
роди|роді
сѧ|сѧ
и̇ꙁлⷭ҇евь|ізлсевь
и̇|і
и̇ꙁыде|ізъіде
и̇ꙁь|ізь
врьтꙿпа|врьтпа
ѻ̇правдана|оправдана
и̇|і
се|се
глаⷭ҇|глас
гл͠ѧ|гл҃ѧ
е̇и̇|еі
саломи|саломі
саломи|саломі
не|не
вьꙁвѣсти|вьзвѣсті
ꙗ̇же|ꙗже
видѣ|відѣ
прѣславьнаꙗ̇|прѣславьнаꙗ
днеⷭ҇|днес
доньдеже|доньдеже
вьнидеть|вьнідеть
ѻ̇трокь|отрокь
вь|вь
е̇рлⷭ҇имь|ерлсімь
и̇|і
се|се
и̇ѡ̇сифь|іосіфь
оу̇готова|оуготова
сѧ|сѧ
и̇ꙁыти|ізъіті
и̇|і
ѿ|от
и̇ю̇̇деѫ̇|іюдеѫ
и̇|і
придошѫ|прідошѫ
вльсви|вльсві
ѿ|от
вьстока|вьстока
гл͠ѧщⷷ҇|гл҃ѧще
геⷣ|гед
є̇стъ|естъ
цр͠ь|цр҃ь
рожеⷣи̇|рожеді
сѧ|сѧ
и̇ю̇деи̇скы|іюдеіскъі
видѣхомь|відѣхомь
бо|бо
ꙁвѣꙁѫⷣ|звѣзѫд
є̇го|его
на|на
вьстоцѣ|вьстоцѣ
вьсиꙗ̇вьшѧ|вьсіꙗвьшѧ
и̇|і
придохомь|прідохомь
поклонити|поклоніті
сѧ|сѧ
є̇моу|емоу
и̇|і
слышавъ|слъішавъ
и̇родꙿ|ірод
и̇|і
вьꙁмѫти|вьзмѫті
сѧ|сѧ
и̇|і
посла|посла
слоугы|слоугъі
кь|кь
а꙼рꙿхие̇реѡ̇мь|архіереомь
и̇|і
вьстеꙁа(ѥ)|вьстезае
и̇хь|іхь
вь|вь
претѡри|преторі
гл͠ѧ|гл҃ѧ
что|что
писаньно|пісаньно
є̇сть|есть
вамь|вамь
ꙩ̇|о
хⷭ҇ѣ|хсѣ
геⷣ|гед
ражаⷣѥ̇ть|ражадеть
сѧ|сѧ
ѡ̇ни|оні
же|же
рѣшѫ|рѣшѫ
ѥ̇моу|емоу
вь|вь
виѳлеѡ̇мѣ|віѳлеомѣ
и̇ю̇де̇и̇стѣмь|іюдеістѣмь
тако|тако
пишеть|пішеть
сѧ|сѧ
и̇|і
ѿпоусти|отпоусті
ѫ̇|ѫ
и̇|і
приꙁва|прізва
вльхꙿвы|вльхвъі
и̇|і
вьстеꙁа|вьстеза
ѥ̇|е
гл͠ѫ|гл҃ѫ
что|что
видѣсте|відѣсте
ꙁнамениє̇|знаменіе
ѡ̇|о
рожьⷣшимь|рожьдшімь
сѧ|сѧ
цр͠и|цр҃і
и̇|і
рѣшѧ|рѣшѧ
влъсвы|влъсвъі
видѣхомь|відѣхомь
ꙁвѣꙁѫⷣ|звѣзѫд
великѫ|велікѫ
въсиꙗ̇вꙿшѫ|въсіꙗвшѫ
вь|вь
ꙁвѣꙁдахь|звѣздахь
и̇|і
ꙩ̇мраⷱ҇ѫ̇ще|омрачѫще
ѥ|е
ꙗ̇ко|ꙗко
не|не
свѣтити|свѣтіті
и̇мь|імь
и̇|і
мы|мъі
раꙁꙋмѣхомь|разоумѣхомь
ꙗ̇ко|ꙗко
цр͠ь|цр҃ь
роди|роді
сѧ|сѧ
и̇ꙁлⷭ҇евь|ізлсевь
и̇|і
придохо[..]|прідохо
покло(ни)ти|поклоніті
сѧ|сѧ
є̇мꙋ|емоу
и̇|і
реⷱ҇|реч
и̇мь|імь
и̇родъ|іродъ
и̇дѣте|ідѣте
и̇|і
и̇ꙁыщѣте|ізъіщѣте
и̇|і
повѣдитє|повѣдіте
ми|мі
да|да
и̇|і
а̇ꙁь|азь
шедь|шедь
и̇|і
поклонѫ|поклонѫ
сѧ|сѧ
е̇моу|емоу
и̇|і
и̇ꙁыдошѧ|ізъідошѧ
вльсви|вльсві
и̇|і
се|се
ꙃвѣꙁаⷣ|звѣзад
ѫ̇же|ѫже
видѣшѧ|відѣшѧ
на|на
вьстоцѣ|вьстоцѣ
и̇|і
вождаше|вождаше
и̇хь|іхь
доньдеже|доньдеже
придѫть|прідѫть
вь|вь
врьтⷪпь|врьтопь
и̇|і
ста|ста
надъ|надъ
главоѫ̇|главоѫ
ѡ̇трочѧте|отрочѧте
и̇|і
видѣшѧ|відѣшѧ
вльсви|вльсві
ѡ̇трочѧ|отрочѧ
съ|съ
мариѫ̇|маріѫ
материѫ̇|матеріѫ
ѥ̇го|его
и̇ꙁнесошѧ|ізнесошѧ
и̇|і
ѿрѣшишѧ|отрѣшішѧ
скровища|скровіща
своꙗ̇|своꙗ
и̇|і
и̇ꙁнⷷ҇сошѧ|ізнесошѧ
ꙁлато|злато
и̇|і
ливань|лівань
и̇|і
и̇ꙁмирьнѫ|ізмірьнѫ
и̇|і
принесошѧ|прінесошѧ
ѥ̇моу|емоу
и̇|і
вѣсть|вѣсть
приѫ̇шѧ|пріѫшѧ
ѿ|от
а꙼нг͠ла|анг҃ла
не|не
вьныти|вьнъіті
вꙿ|в
и̇ю̇деѫ̇|іюдеѫ
нь|нь
и̇нѣмь|інѣмь
пѫтемь|пѫтемь
вьꙁвратити|вьзвратіті
сѧ|сѧ
тогаⷣ|тогад
оу̇вѣдѣ|оувѣдѣ
и̇родъ|іродъ
ꙗ̇ко|ꙗко
порѫгань|порѫгань
быⷭ҇|бъіс
ѿ|от
вльховь|вльховь
и̇|і
раꙁьгнѣва|разьгнѣва
сѧ|сѧ
и̇|і
посла|посла
оу̇быи̇цѫ|оубъііцѫ
гл͠ѧ|гл҃ѧ
и̇мь|імь
и̇ꙁбити|ізбіті
всѧ|всѧ
младенꙿцѫ|младенцѫ
и̇же|іже
сѧть|сѧть
по|по
двою̇|двою
лѣтоу|лѣтоу
и̇|і
слышавꙿши|слъішавші
же|же
мариꙗ̇|маріꙗ
ꙗ̇ко|ꙗко
младеньци|младеньці
оу꙼биває̇ми|оубіваемі
бываѫ̇ть|бъіваѫть
и̇|і
оу̇боꙗ̇вьши|оубоꙗвьші
сѧ|сѧ
и̇|і
вьꙁѧ|вьзѧ
ѡ̇трочѧ|отрочѧ
и̇|і
повить|повіть
и̇|і
ськры|ськръі
е̇|е
вь|вь
ꙗ̇слѣхь|ꙗслѣхь
волоуꙗ̇хь|волоуꙗхь
и̇|і
ѥ̇лисаветь|елісаветь
же|же
слышавꙿши|слъішавші
ꙗ̇ко|ꙗко
і̇ѡⷶ҇на|іоана
и̇щѫть|іщѫть
и̇|і
вьꙁемьши|вьземьші
і̇ѡ̇аⷩ҇|іоан
и̇|і
бѣжа|бѣжа
вь|вь
горѫ|горѫ
гл͠а|гл҃а
же|же
гⷣе|где
сꙿкрыѫ̇|скръіѫ
и̇|і
не|не
бѣ|бѣ
мѣста|мѣста
и̇ного|іного
и̇|і
тогаⷣ|тогад
вьꙁдѫхнѫвꙿши|вьздѫхнѫвші
ѥ̇лисавеѳь|елісавеѳь
и̇|і
гл͠а|гл҃а
горо|горо
бж͠иꙗ̇|бж҃іꙗ
прими|прімі
матере|матере
съ|съ
чѧдомь|чѧдомь
и̇|і
не|не
можаше|можаше
бо|бо
кꙿ|к
томоу|томоу
въꙁыти|възъіті
є̇лисавеѳъ|елісавеѳъ
и|і
ꙗ̇биѥ̇|ꙗбіе
просѣде|просѣде
сѧ|сѧ
гора|гора
и̇|і
приѫ̇ть|пріѫть
ꙗ̇|ꙗ
и̇|і
бѣ|бѣ
гора|гора
сиꙗ̇ѩ̇щи|сіꙗѧщі
и̇ма|іма
свѣть|свѣть
а꙼нгл͠ь|англ҃ь
бо|бо
гн͠ъ|гн҃ъ
бѣ|бѣ
сь|сь
нима|німа
хранѧ|хранѧ
ѧ̇|ѧ
и̇родъ|іродъ
же|же
и̇скаше|іскаше
и̇ѡⷶна|іоана
и̇|і
посла|посла
слоугы|слоугъі
вь|вь
ꙩ̇льтарь|ольтарь
гн͠ъ|гн҃ъ
кь|кь
ꙁахарии̇|захаріі
гл͠ѧ|гл҃ѧ
где|где
съкрыль|съкръіль
є̇си|есі
сн͠а|сн҃а
своѥ̇го|своего
ѡ̇нь|онь
же|же
ѿвѣща|отвѣща
е̇моу|емоу
гл͠ѧ|гл҃ѧ
а꙼ꙁь|азь
слоуга|слоуга
г͠оу|г҃оу
б͠оу|б҃оу
моѥ̇моу|моемоу
е̇сꙿмь|есмь
и̇|і
присѣдѧ|прісѣдѧ
цр͠кви|цр҃кві
гн͠и|гн҃і
како|како
оу̇бо|оубо
вѣмь|вѣмь
где|где
ѥ̇сть|есть
сн͠ь|сн҃ь
мои̇|моі
и̇|і
и̇дошѧ|ідошѧ
слоугы|слоугъі
и̇|і
въꙁвѣстишѫ|възвѣстішѫ
и̇родови|іродові
сии̇|сіі
посла|посла
же|же
и̇родъ|іродъ
третицею̇|третіцею
кь|кь
ꙁахарии̇|захаріі
гл͠ѧ|гл҃ѧ
геⷣ|гед
є̇сть|есть
сн͠ь|сн҃ь
твои̇|твоі
рꙿци|рці
не|не
вѣси|вѣсі
ли|лі
ꙗ̇ко|ꙗко
крьвь|крьвь
твоꙗ̇|твоꙗ
вь|вь
рѫкоу|рѫкоу
моє̇ю̇|моею
ѥ̇сть|есть
и̇|і
реⷱ҇|реч
ꙁахариꙗ̇|захаріꙗ
мⷱ҇нкь|мчнкь
ѥ̇сьмь|есьмь
бж͠ии̇|бж҃іі
пролѣи̇те|пролѣіте
моѫ̇|моѫ
кръвь|кръвь
а̇|а
дш͠ꙋ|дш҃оу
моѫ̇|моѫ
приє̇мьлеть|пріемьлеть
влⷣка|влдка
ꙗ̇ко|ꙗко
крьвь|крьвь
неповинꙿнѫѫ̇|неповіннѫѫ
пролѣє̇ши|пролѣеші
при|прі
дверехъ|дверехъ
цр͠кве|цр҃кве
гн͠ѫ|гн҃ѫ
и̇|і
кь|кь
свѣтоу|свѣтоу
оу̇биѥ̇нь|оубіень
быⷭ҇|бъіс
ꙁахаріꙗ̇|захаріꙗ
и̇|і
не|не
вⷣѣхѫ|вдѣхѫ
сн͠ове|сн҃ове
и̇ꙁлⷭ҇вы|ізлсвъі
како|како
ꙋбиє̇нь|оубіень
быⷭ҇⸱|бъіс
нь|нь
вь|вь
чаⷭ҇|час
цѣлованиꙗ̇|цѣлованіꙗ
дои̇дошѫ|доідошѫ
и̇|і
не|не
срѣте|срѣте
и̇хꙿ|іх
по|по
ѡ̇бычаю̇|объічаю
бл͠гословениѥ̇|бл҃гословеніе
ꙁахарии̇на|захарііна
и̇|і
сташѧ|сташѧ
ѥ̇реи̇ѥ̇|ереіе
чаѫ̇ще|чаѫще
цѣлованиꙗ̇|цѣлованіꙗ
ѥ̇го|его
вь|вь
мл͠твѣ|мл҃твѣ
прославити|прославіті
выⷲꙿнѣаго|въішнѣаго
и̇|і
кьснѫщꙋ|кьснѫщоу
ѥ̇моу|емоу
и̇|і
оу̇боꙗ̇шѫ|оубоꙗшѫ
сѧ|сѧ
и̇|і
дръꙁнѫвъ|дръзнѫвъ
же|же
ѥ̇динь|едінь
ѿ|от
ныхь|нъіхь
приде|пріде
вꙿ|в
свѧтилище|свѧтіліще
и̇|і
видѣ|відѣ
при|прі
ѡ̇лꙿтари|олтарі
гн͠и|гн҃і
кръвь|кръвь
сьсѣдъшѫѩ̇|сьсѣдъшѫѧ
сѧ|сѧ
и̇|і
глаⷭ҇|глас
гл͠ѧщь|гл҃ѧщь
ꙁахариꙗ̇|захаріꙗ
оу̇биѥ̇нь|оубіень
быⷭ҇|бъіс
и̇|і
не|не
потрѣбить|потрѣбіть
сѧ|сѧ
крꙿвъ|крвъ
ѥ̇го|его
доньдеже|доньдеже
приде|пріде
мѫстьникь|мѫстьнікь
є̇гⷪ|его
и̇|і
оу̇слышавь|оуслъішавь
словеса|словеса
си|сі
и̇|і
оу̇боꙗ̇|оубоꙗ
сѧ|сѧ
и̇|і
шедъ|шедъ
и̇|і
въꙁвѣсти|възвѣсті
и̇|і
ѥ̇реѡ̇мь|ереомь
ꙗ̇же|ꙗже
видѣ|відѣ
и̇|і
слышⷶ|слъіша
и̇|і
дръꙁнѫшѫ|дръзнѫшѫ
вꙿси|всі
и̇|і
вьнидошѧ|вьнідошѧ
и̇|і
видѣшѧ|відѣшѧ
бывꙿшеѥ̇|бъівшее
на|на
степени|степені
цр͠квьнѣмь|цр҃квьнѣмь
и̇|і
вьсꙿкликьнѫшѧ|вьсклікьнѫшѧ
и̇|і
растрьꙁашѧ|растрьзашѧ
риꙁы|різъі
своѫ̇|своѫ
ѿ|от
горѣ|горѣ
и̇|і
до|до
долоу|долоу
и̇|і
телесе|телесе
є̇го|его
нⷷ҇|не
ѻ̇брѣтошѧ|обрѣтошѧ
и̇|і
кръвь|кръвь
ѥ̇го|его
ѡ̇брѣтошѧ|обрѣтошѧ
ꙗ̇ко|ꙗко
и̇|і
камень|камень
бывꙿшѫ|бъівшѫ
и̇|і
оу̇боꙗ̇вьше|оубоꙗвьше
сѧ|сѧ
и̇ꙃыдошѧ|ізъідошѧ
и̇|і
въꙁвѣстишѧ|възвѣстішѧ
вьсѣмь|вьсѣмь
ꙗ̇ко|ꙗко
ꙁахариꙗ̇|захаріꙗ
оу̇биѥ̇нь|оубіень
быⷭ҇|бъіс
и̇|і
слышашѫ|слъішашѫ
колѣна|колѣна
и̇ꙁлⷭ҇ева|ізлсева
и̇|і
плакашѧ|плакашѧ
сѧ|сѧ
ѥ̇го|его
.г͠.|г҃
дн͠и|дн҃і
и̇|і
.г͠.|г҃
нощи|нощі
и̇|і
по|по
трехь|трехь
же|же
дн͠ехь|дн҃ехь
съвѣщашⷽ҇|съвѣщашѧ
и̇е̇реи̇е̇|іереіе
кого|кого
поставимь|поставімь
на|на
мѣстѣ|мѣстѣ
ꙁахарии̇нѣ|захаріінѣ
и̇|і
въꙁыде|възъіде
жрѣби|жрѣбі
на|на
семеѡ̇на|семеона
семоу|семоу
бѣше|бѣше
ѻ̇бѣщанꙿно|обѣщанно
дх͠омь|дх҃омь
ст͠ымь|ст҃ъімь
не|не
видѣти|відѣті
сꙿм͠рꙿти|см҃рті
доньдеже|доньдеже
видить|відіть
хаⷭ҇|хас
вь|вь
плъти|плъті
а꙼ꙁь|азь
жє|же
и̇ꙗ̇ковь|іꙗковь
написахь|напісахь
скаꙁаниѥ̇|сказаніе
се|се
и̇|і
мльвѣ|мльвѣ
быши|бъіші
ѥ̇гаⷣ|егад
оу̇м͠рѣ|оум҃рѣ
и̇родъ|іродъ
и̇|і
скривахѫ|скрівахѫ
сѧ|сѧ
на|на
мѣстѣ|мѣстѣ
поустѣ|поустѣ
донꙿдеже|дондеже
прѣстанеть|прѣстанеть
мльва|мльва
въ|въ
є̇рлⷭ҇имѣ|ерлсімѣ
слава|слава
давꙿшомꙋ|давшомоу
ми|мі
прѣмѫдрость|прѣмѫдрость
написати|напісаті
таи̇ны|таінъі
сиѫ̇|сіѫ
ꙗ̇ко|ꙗко
томоу|томоу
поⷣбає̇ть|подбаеть
слаⷡ|слав
и̇|і
н͠нѣ|н҃нѣ
и̇|і
при|прі
С|с
(Л|л
О|о
В҇)|в
О|о
С|с
Т|т
А|а
Г|г
О|о
І|і
Ꙍ|о
(А҇)|а
Н|н
А|а
Ꙁ|з
Л|л
А|а
Т|т
Ооустаго|ооустаго
мцⷭ҇а|мцса
сеⷦ҇брѣ|секбрѣ
.д͠і.|д҃і
дн͠ь|дн҃ь
вьꙁвиⷣжениє̇|вьзвідженіе
чтⷭ҇ьнаго|чтсьнаго
кртⷭ҇а|кртса
ꙩ̇ч͠е|оч҃е
бл͠гослови|бл҃гослові
Дн͠есь|дн҃есь
братиꙗ̇|братіꙗ
праꙁноуѫ̇ще|празноуѫще
веселимь|веселімь
сѧ|сѧ
ѡ̇|о
вьꙁъдвижени|вьзъдвіжені
кртⷭ҇овѣ|кртсовѣ
днⷭ҇ъ|днсъ
раⷣоуѥ̇мь|радоуемь
сѧ|сѧ
ꙩ̇|о
въꙁнесени|възнесені
чтⷭ҇ьнаа꙼го|чтсьнааго
дрѣва|дрѣва
дн͠есь|дн҃есь
бо|бо
вьꙁвⷣижемо|вьзвдіжемо
славьноє̇|славьное
дрѣво|дрѣво
и̇|і
наⷭ҇|нас
лежѫщѫѫ̇|лежѫщѫѫ
въ|въ
грѣсѣхь|грѣсѣхь
въꙁвышає̇ть|възвъішаеть
и̇ꙁь|ізь
погыбѣли|погъібѣлі
днⷭ҇ь|днсь
ськрьвеноѥ̇|ськрьвеное
дрѣво|дрѣво
вь|вь
ꙁеми|земі
на|на
свѣтъ|свѣтъ
и̇сходить|ісходіть
небо|небо
нь|нь
(и̇)|і
по|по
распѧти|распѧті
хв͠ѣ|хв҃ѣ
и̇|і
сьмрꙿти|сьмрті
сьмрьть|сьмрьть
оу꙼мрт͠ви|оумрт҃ві
г͠ь|г҃ь
и̇|і
вьскрꙿсе|вьскрсе
.г͠.|г҃
дн͠ь|дн҃ь
и̇ꙁь|ізь
мр͠твыхь|мр҃твъіхь
ꙁавистиѫ̇|завістіѫ
же|же
ꙁлоѫ̇|злоѫ
дръжимы|дръжімъі
жидове|жідове
и̇|і
боѥ̇ще|боеще
се|се
єда|еда
що|що
ѡ̇станеть|останеть
ѿ|от
сьсꙋда|сьсоуда
того|того
и̇мьже|імьже
е̇сть|есть
мⷱ҇ныѥ|мчнъіе
крⷭ҇ть|крсть
тои̇|тоі
бо|бо
бѫдеть|бѫдеть
на|на
сьблꙋдениѥ̇|сьблоуденіе
и̇|і
цѣльбѫ|цѣльбѫ
бѣроуѫ̇щимꙿ|бѣроуѫщім
кь|кь
немоу|немоу
и̇|і
є̇мьше|емьше
и̇|і
въкопашѧ|въкопашѧ
и̇|і
и̇|і
погребошѧ|погребошѧ
и̇|і
гльбоче|гльбоче
ꙃѣло|зѣло
и̇|і
рекѫще|рекѫще
негли|неглі
сеи̇|сеі
вь|вь
ꙁабыть|забъіть
бѫдеть|бѫдеть
мѣнꙋ|мѣноу
же|же
кртⷭ҇ь|кртсь
великоє̇|велікое
бг͠атꙿство|бг҃атство
кртⷭ҇ьꙗ̇ньскоѥ̇|кртсьꙗньское
гвоꙁиⷣѧ|гвозідѧ
и̇|і
льщѫ|льщѫ
и̇|і
титлѫ|тітлѫ
и̇жє|іже
бѣ|бѣ
пилатъ|пілатъ
написаль|напісаль
въпрѣкы|въпрѣкъі
и̇|і
на|на
кртⷭ҇ѣ|кртсѣ
положиль|положіль
такоже|такоже
семⷹ|семоу
погребеноу|погребеноу
бывꙿшоу|бъівшоу
вьꙁⷣвиⷤ|вьздвіж
ⷷ|е
б͠ь|б҃ь
вь|вь
чл͠вцѣхь|чл҃вцѣхь
мироу|міроу
цр͠ѣ|цр҃ѣ
вѣрꙿна|вѣрна
и̇|і
кръстиꙗ̇нина|кръстіꙗніна
мѣнꙋ|мѣноу
же|же
костанꙿдина|костандіна
великагⷶо|велікагао
и̇|і
матере|матере
є̇го|его
ѥ̇лениѫ̇|еленіѫ
ꙗ̇же|ꙗже
въꙁыскавьши|възъіскавьші
и̇|і
ѡ̇брѣте|обрѣте
ꙗ̇влениѥ̇мь|ꙗвленіемь
бж͠иє̇мь|бж҃іемь
и̇|і
вѣроѫ̇|вѣроѫ
а̇рхиє̇реѡ̇воѫ̇|архіереовоѫ
и̇|і
ѡ̇вꙋ|овоу
честь|честь
ѥ̇го|его
положи|положі
вь|вь
ѥ̇рлⷭ҇имѣ|ерлсімѣ
а̇|а
дроугѫ|дроугѫ
честъ|честъ
ѥ̇го|его
вь|вь
цр͠и|цр҃і
градѣ|градѣ
а̇|а
гвоꙁиⷣѫ̇|гвозідѫ
посла|посла
кь|кь
сн͠оу|сн҃оу
си|сі
сь|сь
кртⷭ҇ы|кртсъі
и̇же|іже
по|по
вьсемоу|вьсемоу
мирꙋ|міроу
сѧ|сѧ
вьꙁвⷣиꙁає̇ть|вьзвдізаеть
и̇|і
вьꙁꙿвышає̇ть|вьзвъішаеть
и̇|і
сего|сего
ѻ̇брѣ[..]ниѥ̇мь|обрѣніемь
днⷭ҇е|днсе
праꙁноуѫ̇щє|празноуѫще
раⷣоуѥ̇мь|радоуемь
сѧ|сѧ
въ|въ
дн͠ешни|дн҃ешні
бо|бо
дн͠ъ|дн҃ъ
пакы|пакъі
слн͠це|слн҃це
и̇ꙁыде|ізъіде
ѿ|от
ꙁемѧ|земѧ
и̇|і
въсиꙗ̇|въсіꙗ
по|по
вьсеи̇|вьсеі
ꙁеми|земі
и̇|і
всꙋ|всоу
тварь|тварь
оу̇краси|оукрасі
и̇ꙁыде|ізъіде
бо|бо
да|да
грѣшныѩ̇|грѣшнъіѧ
ꙗ̇кы|ꙗкъі
и̇стинꙿны|істіннъі
брениѫ̇|бреніѫ
вьꙁнесеть|вьзнесеть
дн͠есь|дн҃есь
ст͠аа̇|ст҃аа
црк͠ви|црк҃ві
свою̇|свою
тварь|тварь
приѥ̇млеть|пріемлеть
ꙗ̇ко|ꙗко
и̇|і
гривнꙋ|грівноу
и̇|і
ѡ̇брꙋчь|оброучь
и̇|і
ꙗ̇ко|ꙗко
монысты|монъістъі
красѧщи|красѧщі
сѧ|сѧ
да|да
лѣпо|лѣпо
се|се
ѥ̇сть|есть
многымь|многъімь
народомь|народомь
сьвъкоупити|сьвъкоупіті
сѧ|сѧ
дн͠есь|дн҃есь
да|да
кртⷭ҇ь|кртсь
видѧ|відѧ
ꙗ̇вльши|ꙗвльші
сѧ|сѧ
и̇|і
вьꙁносѧщоуⷭ|вьзносѧщоус
ⷽ|ѧ
хⷭ҇оу|хсоу
на|на
немь|немь
поклонѧтъ|поклонѧтъ
сѧ|сѧ
и̇|і
покаꙁа|показа
сѧ|сѧ
да|да
сѧ|сѧ
вьꙁвысыть|вьзвъісъіть
и̇|і
вьꙁдꙿвиже|вьздвіже
сѧ|сѧ
да|да
сѧ|сѧ
покажеть|покажеть
и̇|і
кто|кто
бѣ|бѣ
погребень|погребень
и̇|і
скрьвень|скрьвень
вь|вь
малѣ|малѣ
мѣста|мѣста
и̇же|іже
н͠нѣ|н҃нѣ
ѿ|от
всѣхь|всѣхь
поклонениє̇|поклоненіе
прие̇млеть|пріемлеть
да|да
ѡ̇|о
семь|семь
и̇|і
мы|мъі
н͠нѣ|н҃нѣ
дроуꙁи|дроузі
праꙁнⷣоуѫ̇ще|празндоуѫще
раⷣоуе̇мь|радоуемь
сѧ|сѧ
подобаа̇ше|подобааше
бо|бо
ськрьвеномоу|ськрьвеномоу
дрѣвоу|дрѣвоу
и̇|і
чтⷭ҇ьномоу|чтсьномоу
и̇сь|ісь
тꙿмы|тмъі
и̇ꙁьшедъшоу|ізьшедъшоу
и̇|і
на|на
высотѣ|въісотѣ
ꙗ̇вити|ꙗвіті
сѧ|сѧ
ꙗ̇кы|ꙗкъі
градоу|градоу
на|на
горѣ|горѣ
и̇ли|ілі
свѣщи|свѣщі
на|на
свѣтилѣ|свѣтілѣ
поставлєнѣ|поставленѣ
и̇|і
въсѣмь|въсѣмь
чл͠комь|чл҃комь
покаꙁати|показаті
сѧ|сѧ
да|да
сего|сего
ради|раді
прьвы|прьвъі
пръвоє̇|пръвое
крⷭ҇тиꙗ̇ньскы|крстіꙗньскъі
цр͠ь|цр҃ь
и̇|і
чтⷭ҇ьны|чтсьнъі
а̇рꙿхиє̇̇рєи̇|архіереі
ꙗ̇ко|ꙗко
на|на
высоцѣ|въісоцѣ
мѣстѣ|мѣстѣ
и̇|і
стражищи|стражіщі
въꙁвⷣигьши|възвдігьші
и̇|і
покланѣти|покланѣті
сѧ|сѧ
повелѣ|повелѣ
вꙿсѣмь|всѣмь
сьбравьшимь|сьбравьшімь
сѧ|сѧ
въ|въ
цр͠ковь|цр҃ковь
и̇|і
тожⷣе|тожде
твореть|твореть
на|на
вьдрꙋжꙿнѣмꙿ|вьдроужнѣм
мѣстѣ|мѣстѣ
выдитє|въідіте
братиѥ̇|братіе
въꙁвышаѥ̇мы|възвъішаемъі
сеи̇|сеі
чтⷭ҇ьны|чтсьнъі
кртⷭ҇ь|кртсь
и̇|і
трьбл͠жены|трьбл҃женъі
и̇же|іже
бѣ|бѣ
ꙁавыстию̇|завъістію
вь|вь
ꙁеми|земі
погребень|погребень
и̇|і
днⷭ҇ь|днсь
на|на
высоцѣ|въісоцѣ
мѣстѣ|мѣстѣ
въꙁвⷣиꙁає̇мь|възвдізаемь
се|се
ѥ̇сть|есть
ꙁнамениѥ̇|знаменіе
и̇мьже|імьже
е̇смы|есмъі
ѿ|от
и̇нѣхь|інѣхь
ѧ̇ꙁыкь|ѧзъікь
ѿлоучени|отлоучені
се|се
є̇сть|есть
кртⷭ҇иꙗ̇ньскоѥ̇|кртсіꙗньское
богатьство|богатьство
се|се
ѥⷭ҇|ес
ꙁнамениѥ̇|знаменіе
и̇мьже|імьже
быхомь|бъіхомь
ꙁнае̇ми̇|знаемі
распетомоу|распетомоу
на|на
немъ|немъ
хоуⷭ҇⸱|хоус
сеи̇|сеі
є̇стъ|естъ
ѡ̇стры|остръі
рогъ|рогъ
и̇мьже|імьже
соупостаты|соупостатъі
бѣсы|бѣсъі
своє̇|свое
бодемь|бодемь
се|се
же|же
н͠нѣ|н҃нѣ
виⷣмь|відмь
прѣдъ|прѣдъ
ѡ̇чима|очіма
свои̇ма|своіма
жиꙁꙿнь|жізнь
скрьвенꙋѫ̇|скрьвеноуѫ
мы|мъі
же|же
братиꙗ̇|братіꙗ
семоу|семоу
поклонимъ|поклонімъ
сѧ|сѧ
и̇|і
помышлѣє̇мь|помъішлѣемь
дивѧще|дівѧще
сѧ|сѧ
какоє̇|какое
ѥ̇сть|есть
оу̇строи̇лъ|оустроілъ
нашеⷪ҇|нашео
ради|раді
сп͠сениꙗ̇|сп҃сеніꙗ
дивьнаго|дівьнаго
чюдесе|чоудесе
ꙗ̇коже|ꙗкоже
гл͠еть|гл҃еть
ст͠и|ст҃і
дв͠дъ|дв҃дъ
рекъ|рекъ
б͠ъ|б҃ъ
нⷶшь|нашь
цр͠ъ|цр҃ъ
прѣжеⷣ|прѣжед
вѣкь|вѣкь
сътвори|сътворі
спеⷭ҇ние̇|спесніе
посрѣдѣ|посрѣдѣ
ꙁемѧ|земѧ
ꙗ̇же|ꙗже
посрѣдѣ|посрѣдѣ
ꙁемное̇|земное
сп͠сениѥ|сп҃сеніе
на|на
мѣстѣ|мѣстѣ
оу̇тврьжеⷣно|оутврьжедно
то|то
мы|мъі
приѥ̇тиѥ̇мь|пріетіемь
и̇спрꙿва|іспрва
ѿ|от
свои̇хь|своіхь
оу̇читєль|оучітель
ти|ті
тако|тако
дрьжимь|дрьжімь
поⷣбати|подбаті
бѣше|бѣше
ꙗ̇ко|ꙗко
на|на
и̇стеженѣ|істеженѣ
пⷪ҇ли|полі
и̇х|іх
рѣ[...]|рѣ
ѡ̇крꙋжⷷ҇нѣ|окроуженѣ
посрѣⷣ|посрѣд
вьсее̇|вьсее
ꙁемѫ|земѫ
въдръженоу|въдръженоу
быти|бъіті
спⷭ҇номоу|спсномоу
дрѣвоу|дрѣвоу
да|да
ꙗ̇ко|ꙗко
дроугоѥ̇|дроугое
слн͠це|слн҃це
небс͠ное̇|небс҃ное
такоже|такоже
и̇|і
праведꙿноѥ̇|праведное
сл͠нце|сл҃нце
хьⷭ҇⸱|хьс
ѡ̇кртⷭ҇ь|окртсь
твръди|твръді
вьсиꙗ̇|вьсіꙗ
[ꙗ̇]ко|ꙗко
слн͠це|слн҃це
сь|сь
неб͠сь|неб҃сь
и̇|і
животь|жівоть
вь|вь
ꙁеми|земі
погребень|погребень
быⷭ҇|бъіс
сьи̇|сьі
же|же
кртⷭ҇ь|кртсь
виⷣдимоѥ̇|віддімое
дрѣво|дрѣво
и̇|і
ꙁнамение̇|знаменіе
сѧ|сѧ
кьжеⷣ|кьжед
написае̇ть|напісаеть
вь|вь
нарицани|наріцані
ꙗ̇коже|ꙗкоже
дв͠дъ|дв҃дъ
гл͠еть|гл҃еть
рекы|рекъі
сьтвори|сьтворі
сь|сь
мноѫ̇|мноѫ
ꙁнамениє̇|знаменіе
въ|въ
бл͠годѣꙗ̇ниѥ̇|бл҃годѣꙗніе
и̇|і
пакы|пакъі
ꙁнамена|знамена
се|се
на|на
наⷭ҇|нас
свѣть|свѣть
лица|ліца
твоє̇го|твоего
г͠и|г҃і
и̇|і
пакы|пакъі
дасть|дасть
ꙁнамение̇|знаменіе
боѫ̇щимь|боѫщімь
сѧ|сѧ
те|те
г͠и|г҃і
бѣжати|бѣжаті
ѿ|от
лица|ліца
лꙋчьнаа̇го|лоучьнааго
и̇ли|ілі
ꙗ̇коже|ꙗкоже
г͠ь|г҃ь
самь|самь
вь|вь
є̇уⷢ҇ли|еуглі
вьпиѥ̇ть|вьпіеть
рекы|рекъі
и̇|і
ти|ті
тогаⷣ|тогад
оу̇ꙁрѫтъ|оузрѫтъ
ꙁнамениѥ̇|знаменіе
сн͠а|сн҃а
бж͠иꙗ̇|бж҃іꙗ
и̇|і
прⷣѣ|прдѣ
сими|сімі
ꙁнамениꙗ̇|знаменіꙗ
просить|просіть
родь|родь
сь|сь
нь|нь
ꙁнамение̇|знаменіе
(н)е|не
дасть|дасть
сѧ|сѧ
ѥ̇моу|емоу
тьчиѫ̇|тьчіѫ
ꙁнамениѥ̇|знаменіе
и̇ѡ̇ны|іонъі
пррⷪ҇ка|пррока
се|се
же|же
ꙗ̇влѣє̇ть|ꙗвлѣеть
кртⷭ҇ьноє̇|кртсьное
ꙁнамениѥ̇|знаменіе
ѡ̇|о
дрѣво|дрѣво
ꙁнаменитоє̇|знаменітое
и̇|і
словѧщеє̇|словѧщее
ꙩ̇|о
трьбл͠женоѥ̇|трьбл҃женое
дрѣво|дрѣво
на|на
немьже|немьже
дрѣвѣ|дрѣвѣ
протѧже|протѧже
сѧ|сѧ
хьⷭ҇|хьс
цр͠ь|цр҃ь
и̇|і
г͠ь|г҃ь
и̇мьже|імьже
дрѣ(во)мь|дрѣвомь
погоубєⷧнь|погоубелнь
быⷭ҇|бъіс
прѣльстивы|прѣльстівъі
дрѣвомь|дрѣвомь
а꙼дама|адама
врагь|врагь
ѡ̇|о
кртⷭ҇ьноє̇|кртсьное
дрѣво|дрѣво
и̇мьже|імьже
грѣси|грѣсі
покаꙁишѧ|показішѧ
сѧ|сѧ
ѡ̇|о
великаа̇|велікаа
свободо|свободо
и̇же|іже
горьнѣго|горьнѣго
тє|те
вьспѣшѧ|вьспѣшѧ
ѡ̇|о
кртⷭ҇е|кртсе
многыхь|многъіхь
бл͠годѣтєхь|бл҃годѣтехь
скровище|скровіще
кь|кь
цртⷭ҇воу|цртсвоу
бж͠ию̇|бж҃ію
приводьниче|пріводьніче
на|на
тебѣ|тебѣ
сѧ|сѧ
распѧ|распѧ
хⷭ҇ь|хсь
дрѣво|дрѣво
бесꙿмрꙿтию̇|бесмртію
покаꙁа|показа
тѧ|тѧ
хⷭ҇ь|хсь
и̇|і
на|на
тебѣ|тебѣ
повиснꙋ|повісноу
и̇|і
бл͠гословению̇|бл҃гословенію
покаꙁа|показа
давьца|давьца
на|на
тебѣ|тебѣ
хⷭ҇ь|хсь
хотѧ|хотѧ
сѧ|сѧ
вьꙁвышивы̇|вьзвъішівъі
и̇|і
мирь|мірь
весь|весь
собоѫ̇|собоѫ
вьꙁвышивь|вьзвъішівь
пособиє̇|пособіе
кртⷭ҇ь|кртсь
тобою̇|тобою
сьмр͠ть|сьмр҃ть
ѡ̇бидима|обідіма
быⷭ҇|бъіс
и̇|і
ськроушена|ськроушена
быше|бъіше
капища|капіща
и̇дольскаа̇|ідольскаа
и̇|і
всѣка|всѣка
ꙁьлъ|зьлъ
и̇|і
ѡ̇слоушаниѥ̇|ослоушаніе
потрѣби|потрѣбі
сѧ|сѧ
да|да
сице|сіце
великѫ|велікѫ
бл͠годѣ[ть]|бл҃годѣть
приє̇мьше|пріемьше
братиє̇|братіе
ѿ|от
влкⷣы|влкдъі
хаⷭ҇|хас
и̇|і
блюдѧшє|блюдѧше
се|се
живємь|жівемь
вьсемь|вьсемь
скоро|скоро
минꙋѫ̇щимь|міноуѫщімь
жити|жіті
ꙗ̇диѫ̇|ꙗдіѫ
питаѥ̇мь|пітаемь
сѧ|сѧ
и̇|і
раꙁличними|разлічнімі
сѧ|сѧ
слаⷭ҇тьми|сластьмі
питае̇мь|пітаемь
а̇|а
вь|вь
грѧдѧщи|грѧдѧщі
вѣкь|вѣкь
сѫдь|сѫдь
и̇|і
ѿданиѥ̇|отданіе
мѫчꙿноє̇|мѫчное
ꙁнати|знаті
вьчнемь|вьчнемь
и̇|і
тиѫ̇|тіѫ
сладости|сладості
не|не
поминаѫ̇ще|помінаѫще
какы|какъі
бѣшѫ|бѣшѫ
да|да
не|не
дадимꙿ|дадім
дроуꙃи|дроузі
вꙿсѧ|всѧ
вьмѣстити|вьмѣстіті
неприꙗ̇ꙁни|непріꙗзні
сотонѣ|сотонѣ
и̇|і
вьсѣкыми|вьсѣкъімі
ни|ні
льстми|льстмі
вабить|вабіть
на|на
ѡ̇слабениє̇|ослабеніе
и̇|і
погыбѣли|погъібѣлі
не|не
бо|бо
є̇сть|есть
бранꙿ|бран
сь|сь
крьвиѫ̇|крьвіѫ
и̇|і
пльтиѫ̇|пльтіѫ
нь|нь
сь|сь
начѧтькы|начѧтькъі
и̇|і
властьми|властьмі
и̇|і
тьми|тьмі
вѣка|вѣка
сего|сего
да|да
поспѣшимь|поспѣшімь
сѧ|сѧ
и̇|і
подвигьнѣмѧ|подвігьнѣмѧ
да|да
гонеꙁн(є)мь|гонезнемь
мꙋкы|моукъі
вѣчꙿныѫ̇|вѣчнъіѫ
ꙗ̇же|ꙗже
е̇сть|есть
беꙁь|безь
коньца|коньца
не|не
бо|бо
єⷭ҇|ес
нась|нась
дѣльма|дѣльма
б͠ь|б҃ь
сьтвориль|сьтворіль
мꙋкѫ|моукѫ
да|да
ни|ні
мѫчить|мѫчіть
нь|нь
сотони|сотоні
ради|раді
и̇|і
є̇говѣхь|еговѣхь
бѣсовь|бѣсовь
тако|тако
бо|бо
и̇мамы|імамъі
б͠а|б҃а
мⷧ҇остива|млостіва
и̇|і
чл͠колюбьца|чл҃колюбьца
свѣдѣтельстоує̇ть|свѣдѣтельстоуеть
дв͠дь|дв҃дь
рекы|рекъі
б͠ь|б҃ь
сѫди|сѫді
праведⷷ҇нь|праведень
и̇|і
крѣпокь|крѣпокь
и̇|і
дльготрьпѣливь|дльготрьпѣлівь
и̇|і
не|не
приводѫ|пріводѫ
гнѣва|гнѣва
на|на
вьсѣкь|вьсѣкь
день|день
а̇ще|аще
сѧ|сѧ
не|не
ѡ̇братитє|обратіте
ѡ̇рѫжие̇|орѫжіе
всоє̇|всое
ѡ̇цѣстить|оцѣстіть
и̇|і
лѫкь|лѫкь
свои̇|своі
напрѧжени|напрѧжені
оу꙼готова|оуготова
и̇|і
тѣмꙿ|тѣм
оу꙼готова|оуготова
сьсѫди|сьсѫді
сьмрꙿтьныѫ̇|сьмртьнъіѫ
сеи̇|сеі
ѥ̇сть|есть
сьтвориль|сьтворіль
б͠ь|б҃ь
не|не
да|да
ны|нъі
ѡ̇сѫдить|осѫдіть
вь|вь
мꙋкѫ|моукѫ
нь|нь
да|да
не|не
раꙁꙿлѣнивьше|разлѣнівьше
сѧ|сѧ
и̇|і
ѡ̇слѣбѣвьше|ослѣбѣвьше
самохотиѫ̇|самохотіѫ
и̇|і
повиньни|повіньні
бѫдемь|бѫдемь
мѫцѣ|мѫцѣ
а̇ще|аще
бо|бо
би|бі
хѻтѣль|хотѣль
ны|нъі
погꙋбити|погоубіті
не|не
би|бі
крьвъ|крьвъ
своѫ̇|своѫ
пролиꙗ̇лъ|проліꙗлъ
хьⷭ҇|хьс
ꙁа|за
ны|нъі
нѫ|нѫ
сего|сего
ради|раді
є̇|е
оу̇мръль|оумръль
ꙁа|за
ны|нъі
да|да
ны|нъі
дасть|дасть
бесьмрьтиє̇|бесьмрьтіе
и̇|і
а꙼льчень|альчень
быⷭ҇|бъіс
да|да
ны|нъі
пльⷮ|пльт
своѫ̇|своѫ
напитає̇ть|напітаеть
жедень|жедень
быⷭ҇|бъіс
да|да
ны|нъі
крьве|крьве
своѫ̇|своѫ
напои̇ть|напоіть
и̇|і
кртⷭ҇и|кртсі
сѧ|сѧ
да|да
ны|нъі
ѡ̇ст͠ить|ост҃іть
и̇|і
ꙁаоу̇шениє̇|заоушеніе
приѫ̇тъ|пріѫтъ
да|да
ны|нъі
свободитъ|свободітъ
и̇|і
пакы|пакъі
да|да
ни|ні
беꙁь|безь
скрьби|скрьбі
створить|створіть
и̇|і
ѿ|от
жени|жені
роди|роді
(се)|се
плътиѫ̇|плътіѫ
да|да
прѣстѫпениѥ̇|прѣстѫпеніе
и̇же|іже
вь|вь
раи̇|раі
створи|створі
е̇вьга|евьга
сь|сь
милостиѫ̇|мілостіѫ
бѫдетъ|бѫдетъ
и̇|і
чл͠вѣкь|чл҃вѣкь
се|се
проꙁва|прозва
да|да
ты|тъі
се|се
проꙁовеши|прозовеші
б͠ь|б҃ь
и̇|і
нареⷱ҇|нареч
сѧ|сѧ
сн͠ъ|сн҃ъ
чл͠вчь|чл҃вчь
да|да
ты|тъі
сѧ|сѧ
нареⷱ҇ши|наречші
сн͠ъ|сн҃ъ
б͠и|б҃і
и̇|і
въꙁѧть|възѧть
наше|наше
а꙼|а
намь|намь
дасть|дасть
своє̇|свое
и̇|і
мо͠ли|мо҃лі
се|се
да|да
тѧ|тѧ
вѣрꙿна|вѣрна
створить|створіть
ꙗ̇коже|ꙗкоже
гл͠а|гл҃а
при|прі
лаꙁари|лазарі
ѡ̇ч͠е|оч҃е
прослави|прославі
своє̇го|своего
сн͠а|сн҃а
да|да
и̇|і
сн͠ь|сн҃ь
твои̇|твоі
прⷪславить|прославіть
тѧ|тѧ
и̇|і
а̇биѥ̇|абіе
приде|пріде
е̇мⷹ|емоу
глаⷭ҇|глас
сь|сь
нб͠се|нб҃се
гл͠ѫ|гл҃ѫ
прославихь|прославіхь
и̇|і
пакы|пакъі
славлѫ|славлѫ
и̇|і
вⷣѣ|вдѣ
ꙗ̇ко|ꙗко
вьсегаⷣ|вьсегад
ме|ме
пⷪслоушаѥ̇ши|послоушаеші
нѫ|нѫ
ꙁа|за
прѣстоѫ̇щаго|прѣстоѫщаго
народа|народа
рѣхь|рѣхь
да|да
вьси|вьсі
вѣроуѫ̇ть|вѣроуѫть
ꙗ̇ко|ꙗко
ты|тъі
мѧ|мѧ
посла|посла
и̇|і
е̇же|еже
е̇сть|есть
приѧ̇ль|пріѧль
сп͠сь|сп҃сь
нашь|нашь
не|не
ꙁа|за
себе|себе
е̇сть|есть
приѫ̇ль|пріѫль
ни|ні
ꙁа|за
своє̇го|своего
ꙩ̇ц͠а|оц҃а
нь|нь
да|да
сп͠сеть|сп҃сеть
чл͠вче|чл҃вче
плѣмѧ|плѣмѧ
а꙼ще|аще
ли|лі
хощеши|хощеші
ꙋвѣдѣти|оувѣдѣті
силѫ|сілѫ
кртⷭ҇ьнѫѫ̇|кртсьнѫѫ
како|како
е̇сть|есть
лѣпо|лѣпо
похвалити|похваліті
то|то
послꙋшаи̇|послоушаі
кртⷭ҇ь|кртсь
кртⷭ҇иꙗ̇номъ|кртсіꙗномъ
добраꙗ̇|добраꙗ
надежаⷣ|надежад
кртⷭ҇ь|кртсь
мр͠ттвымь|мр҃ттвъімь
вьск͠рсениѥ̇|вьск҃рсеніе
кртⷭ҇ь|кртсь
слѣпимь|слѣпімь
вожъⷣ|вожъд
и̇|і
ꙁаблѫжьⷣшимь|заблѫжьдшімь
пѫть|пѫть
кртⷭ҇ь|кртсь
ѥ̇сть|есть
хромимь|хромімь
подъпорь|подъпорь
и̇|і
б͠гатимь|б҃гатімь
вьсьхлащениє̇|вьсьхлащеніе
кртⷭ҇ь|кртсь
прѣꙁоривыхь|прѣзорівъіхь
гоубитель|гоубітель
и̇|і
блѫдъныхъ|блѫдънъіхъ
каꙁьнь|казьнь
кртⷭ҇ь|кртсь
оу̇богыхꙿ|оубогъіх
оу꙼вѣть|оувѣть
кртⷭ҇ь|кртсь
вьꙁбои̇|вьзбоі
бѣсомь|бѣсомь
и̇|і
вѣрꙿнимь|вѣрнімь
ꙁабрало|забрало
кртⷭ҇ь|кртсь
побѣжеⷣниє̇|побѣжедніе
сьпостатомь|сьпостатомь
и̇|і
ю̇нымь|юнъімь
накаꙁаниє̇|наказаніе
кртⷭ҇ь|кртсь
ѡ̇чаꙗ̇вьших|очаꙗвьшіх
[с]ѧ|сѧ
надежаⷣ|надежад
и̇|і
пловѧщимь|пловѧщімь
по|по
водѣ|водѣ
правитель|правітель
(в͠ь)|в҃ь
вльнахь|вльнахь
сꙋщимь|соущімь
оу̇тѣшениѥ̇|оутѣшеніе
великоѥ̇|велікое
крътⷭ҇ь|крътсь
ѿ|от
ратьникъ|ратьнікъ
стѣна|стѣна
твръда|твръда
и̇|і
сиротамь|сіротамь
ѡ̇ц͠ь|оц҃ь
кртⷭ҇ъ|кртсъ
въдовицамь|въдовіцамь
ꙁастѫпꙿникь|застѫпнікь
кртⷭ҇ь|кртсь
печальнимь|печальнімь
оу̇тѣха|оутѣха
младенꙿцемь|младенцемь
набъдѣниѥ̇|набъдѣніе
и̇|і
мꙋжемь|моужемь
глава|глава
и̇|і
старꙿцемь|старцемь
съврьшениѥ̇|съврьшеніе
кртⷭ҇ь|кртсь
свѣть|свѣть
иже|іже
въ|въ
тьмѣ|тьмѣ
сѣдеть|сѣдеть
кртⷭ҇ь|кртсь
цр͠емь|цр҃емь
великаа̇|велікаа
лѣпота|лѣпота
и̇|і
кртⷭ҇ь|кртсь
кнѧꙁемь|кнѧземь
велика|веліка
красота|красота
и̇|і
ѡ̇рѫжиє̇|орѫжіе
вѣчꙿноѥ̇|вѣчное
и̇|і
рабомь|рабомь
свобода|свобода
кртⷭ҇ь|кртсь
несьмисьльнимь|несьмісьльнімь
мꙋдростъ|моудростъ
и̇|і
беꙁаконꙿни̇мь|безаконнімь
ꙁаконь|законь
кртⷭ҇ь|кртсь
пррⷪ҇чьскаа̇|пррочьскаа
проповѣдь|проповѣдь
кртⷭ҇ь|кртсь
а̇плⷭ҇ьскоѥ̇|аплсьское
проповѣданиє̇|проповѣданіе
и̇|і
мⷱ҇нкомь|мчнкомь
похвала|похвала
чрънꙿцемь|чрънцемь
въꙁрⷣьжание̇|възрдьжаніе
и̇е̇реи̇скаꙗ̇|іереіскаꙗ
радость|радость
кртⷭ҇ь|кртсь
црк͠вьноѥ̇|црк҃вьное
корениѥ̇|кореніе
и̇|і
ꙩ̇снованиѥ̇|основаніе
и̇|і
въселєнѣи̇|въселенѣі
оу̇тврьжеⷣниѥ̇|оутврьжедніе
кртⷭ҇ь|кртсь
и̇дольскыхь|ідольскъіхь
трѣбъ|трѣбъ
раꙁрⷣоушениє̇|разрдоушеніе
ты|тъі
е̇си|есі
потрѣбитель|потрѣбітель
жрьтвы|жрьтвъі
ѥ̇ретикомꙿь|еретікомь
сѣти|сѣті
странамь|странамь
и̇|і
вьсе|вьсе
рогы|рогъі
сьтеръ|сьтеръ
нечьсти(в͠ы)мь|нечьстів҃ъімь
погыбѣль|погъібѣль
и̇|і
немощꙿнымь|немощнъімь
сила|сіла
и̇|і
болѧщимь|болѧщімь
врачь|врачь
и̇|і
и̇сцѣлитель|ісцѣлітель
пѣготивымь|пѣготівъімь
чиститель|чістітель
а̇льч͠нымь|альч҃нъімь
хлѣбь|хлѣбь
и̇|і
жьⷣнимь|жьднімь
и̇сточныкь|істочнъікь
кртⷭ҇ь|кртсь
нагимꙿ|нагім
ѡ̇дежаⷣ|одежад
наготꙋ|наготоу
же|же
мѣнꙋ|мѣноу
не|не
плътьнꙋю̇|плътьноую
тьчию̇|тьчію
г͠лꙋ|г҃лоу
нѫ|нѫ
и̇|і
беꙁьвѣрꙿнꙋѫ̇|безьвѣрноуѫ
ѥ̇гаⷣ|егад
бо|бо
кто|кто
вѣрꙋ|вѣроу
и̇мать|імать
то|то
не|не
нагь|нагь
ѥ̇сть|есть
нѫ|нѫ
въ|въ
ѡ̇дежиⷣ|одежід
и̇|і
слыⷲ|слъіш
павла|павла
гл͠ѧща|гл҃ѧща
є̇лико|еліко
вь|вь
хаⷭ҇|хас
крⷭ҇тиⷭ҇те|крстісте
сѧ|сѧ
и̇|і
хоⷭ҇мь|хосмь
ѡ̇дѣа̇сте|одѣасте
сѧ|сѧ
хаⷭ҇|хас
ѥ̇гаⷣ|егад
слышиши|слъішіші
брате|брате
то|то
не|не
мꙿни|мні
б͠ъ|б҃ъ
словомь|словомь
тꙿчиѫ̇|тчіѫ
мѣнитъ|мѣнітъ
сѧ|сѧ
ни|ні
пакы|пакъі
пльтꙿное|пльтное
тьчиѫ̇|тьчіѫ
строє̇ниє̇|строеніе
рекьше|рекьше
члв͠кь|члв҃кь
тьчиѩ̇|тьчіѧ
нь|нь
ѡ̇бое̇|обое
коупꙿно|коупно
ѥ̇же|еже
ѥ̇сть|есть
б͠ь|б҃ь
сьврьшень|сьврьшень
съи̇|съі
б͠ь|б҃ь
чл͠вкъ|чл҃вкъ
вьсꙋ|вьсоу
тварь|тварь
видимꙋѫ̇|відімоуѫ
и̇|і
невиⷣмѫѫ̇|невідмѫѫ
сьꙁаⷣль|сьзадль
є̇сть|есть
и̇спрьва|іспрьва
сице|сіце
бо|бо
гл͠еть|гл҃еть
бг͠ословець|бг҃ословець
і̇ѡⷶ҇нь|іоань
рекы|рекъі
въ|въ
начѧло|начѧло
бѣ|бѣ
слово|слово
и̇|і
слово|слово
бѣше|бѣше
ѿ|от
б͠а|б҃а
и̇|і
б͠ь|б҃ь
бѣ|бѣ
слово|слово
и̇|і
тако|тако
бѣше|бѣше
вь|вь
начѧло|начѧло
ѿ|от
б͠а|б҃а
и̇|і
вьсе|вьсе
симь|сімь
быⷭ҇|бъіс
и̇|і
беꙁь|безь
того|того
не|не
быⷭ҇|бъіс
ни|ні
є̇дино|едіно
ѥ̇же|еже
быⷭ҇|бъіс
видиши|відіші
ли|лі
ꙗ̇ко|ꙗко
сь|сь
ѥⷭ҇|ес
е̇же|еже
словесемь|словесемь
н͠бо|н҃бо
пропѧть|пропѧть
и̇|і
прѣпрьщренꙿниⷷѧ|прѣпрьщренніеѧ
крꙋгы|кроугъі
ꙁвѣꙁаⷣми|звѣзадмі
оу̇краси|оукрасі
ты|тъі
покаꙁа|показа
н͠бо|н҃бо
ꙗ̇ко|ꙗко
и̇|і
свѣтильникь|свѣтільнікь
сꙋщь|соущь
сеи̇|сеі
е̇сть|есть
и̇же|іже
свѣта|свѣта
слн͠це|слн҃це
и̇спльни|іспльні
и̇|і
просвѣти|просвѣті
и̇|і
повелѣ|повелѣ
є̇мꙋ|емоу
нꙋ|ноу
почиваѫ̇ще|почіваѫще
тещи|тещі
сеи̇|сеі
е̇сть|есть
и̇же|іже
ꙁемꙋ|земоу
ѡ̇сновавь|основавь
оу̇тврьди|оутврьді
на|на
водахь|водахь
и̇|і
ни|ні
на|на
чесомьже|чесомьже
сеи̇|сеі
е̇сть|есть
и̇же|іже
ꙁеми|земі
повелѣ|повелѣ
травꙋ|травоу
сѣменнꙋ|сѣменноу
проꙁебати|прозебаті
и̇|і
и̇сточꙿникомь|істочнікомь
въꙁꙿврѣти|възврѣті
водами|водамі
сеи̇|сеі
е̇сть|есть
и̇же|іже
повелѣ|повелѣ
рѣкамь|рѣкамь
и̇|і
быстринамь|бъістрінамь
плоути|плоуті
и̇|і
вь|вь
е̇ꙁера|езера
сьбырати|сьбъіраті
сѧ|сѧ
сьи̇|сьі
е̇сть|есть
и̇же|іже
пѣськь|пѣськь
прѣдѣль|прѣдѣль
положи|положі
и̇|і
ѡ̇гради|ограді
море|море
и̇|і
водамь|водамь
повелѣ|повелѣ
и̇ꙁнести|ізнесті
дш͠е|дш҃е
живи(ѥ)|жівіе
а̇|а
вѣтромь|вѣтромь
вѣꙗ̇ти|вѣꙗті
сьи̇|сьі
ѥ̇сть|есть
и̇же|іже
повелѣ|повелѣ
ѡблакомь|облакомь
вьсходити|вьсходіті
и̇ꙁьпроста|ізьпроста
рещи|рещі
вꙿсѫ|всѫ
тварь|тварь
видимѫѫ̇|відімѫѫ
сьтвори|сьтворі
что|что
ли|лі
сиѫ̇|сіѫ
мѣнꙋ|мѣноу
а̇|а
большѫ|большѫ
ѡ̇ставивь|оставівь
сьи̇|сьі
бо|бо
ѥ̇сть|есть
а̇нг͠лы|анг҃лъі
сьтвориль|сьтворіль
и̇|і
а̇рханг͠лы|арханг҃лъі
и̇|і
гвⷭ҇а|гвса
и̇|і
начѫтькы|начѫтькъі
и̇|і
силы|сілъі
и̇|і
власти|власті
и̇|і
прѣстолы|прѣстолъі
и̇|і
хероувимь|хероувімь
и̇|і
серафимы|серафімъі
нарекьль|нарекьль
и̇|і
лѣта|лѣта
и̇|і
годины|годінъі
и̇|і
врѣмена|врѣмена
и̇|і
мцⷭ҇ь|мцсь
и̇|і
недѣлѫ|недѣлѫ
и̇|і
дн͠ы|дн҃ъі
и̇|і
часы|часъі
и̇|і
нощь|нощь
и̇|і
свѣть|свѣть
и̇|і
вьсе|вьсе
сьщее̇|сьщее
и̇|і
послѣдъ|послѣдъ
же|же
сьтвори|сьтворі
чл͠ка|чл҃ка
по|по
ѡ̇браꙁоу|образоу
своѥ̇моу|своемоу
и̇|і
по|по
подобию̇|подобію
и̇|і
вꙿ|в
раи̇|раі
жити|жіті
е̇моу|емоу
дасть|дасть
и̇|і
ѡ̇слоушавꙿшоу|ослоушавшоу
сѧ|сѧ
е̇моу|емоу
при|прі
садѣ|садѣ
дрѣвьнѣмь|дрѣвьнѣмь
и̇|і
и̇ꙁꙿгнаниє̇|ізгнаніе
приѧть|пріѧть
и̇|і
ꙁемѫ|земѫ
дѣлаⷽ|дѣлаѧ
жестоко|жестоко
и̇|і
многы|многъі
поты|потъі
проливаѫ̇|проліваѫ
и̇|і
прѣпроводи|прѣпроводі
жииꙁнь|жіізнь
своѫ̇|своѫ
и̇|і
смр͠тиѫ̇|смр҃тіѫ
сконьча|сконьча
и̇|і
того|того
вꙿсе|все
племе|племе
ѿ|от
тоѫ̇|тоѫ
плъти|плъті
сьгрѣшивꙿшꙋю|сьгрѣшівшоую
родивь|родівь
и̇|і
тьжеⷣ|тьжед
бѣдꙋ|бѣдоу
и̇|і
страсть|страсть
прие̇маше|пріемаше
видѧ|відѧ
же|же
млрⷭ҇ды|млрсдъі
члв͠ка|члв҃ка
и̇|і
б͠ь|б҃ь
слово|слово
члв͠чьское̇|члв҃чьское
пл͠емѧ|пл҃емѧ
дрꙋчимо|дроучімо
врагомь|врагомь
сотоноѫ̇|сотоноѫ
и̇|і
млтⷭ҇иѫ̇|млтсіѫ
и̇|і
самохотиѫ̇|самохотіѫ
вьпльти|вьпльті
сѧ|сѧ
нашею̇|нашею
пльтиѫ̇|пльтіѫ
и̇|і
вьдасть|вьдасть
сⷷ҇|се
распѧтию̇|распѧтію
на|на
крⷭ҇тьнѣмь|крстьнѣмь
дрѣвѣ|дрѣвѣ
нась|нась
дѣльма|дѣльма
оу̇богыхь|оубогъіхь
сего|сего
раⷣ|рад
сице|сіце
створи|створі
да|да
ꙗ̇коже|ꙗкоже
сего|сего
члк͠а|члк҃а
пронорꙿливы|пронорлівъі
диꙗ̇воль|діꙗволь
прꙗльстивь|прꙗльстівь
и̇|і
оу̇мⷪри|оуморі
дрѣвомь|дрѣвомь
такоже|такоже
и̇|і
самь|самь
бѫдеть|бѫдеть
и̇спрьва|іспрьва
ꙁлодѣи̇|злодѣі
прѣлꙿщенъ|прѣлщенъ
крⷭ҇тьнимь|крстьнімь
дрѣвомь|дрѣвомь
мꙿне|мне
бо|бо
и̇|і
чл͠ка|чл҃ка
тьчиѫ̇|тьчіѫ
нага|нага
вьꙁвыш(є)на|вьзвъішена
на|на
крⷭ҇тѣ|крстѣ
и̇|і
сь|сь
радостиѫ̇|радостіѫ
пристѫпи|прістѫпі
диꙗ̇воль|діꙗволь
и̇|і
власть|власть
своѫ̇|своѫ
поѥть|поеть
нѫ|нѫ
и̇|і
самь|самь
ѿ|от
него|него
погибе|погібе
и̇|і
ѡ̇бласть|область
свою̇|свою
оу̇поусти|оупоусті
въсе|въсе
бо|бо
хьⷭ҇|хьс
г͠ь|г҃ь
и̇свеⷣ|ісвед
и̇с|іс
тьмꙿнаго|тьмнаго
мѣста|мѣста
а꙼дова|адова
є̇моуже|емоуже
влцⷣѣ|влцдѣ
хоуⷭ҇|хоус
слава|слава
и̇|і
чтⷭ҇ь|чтсь
и̇|і
дрьжава|дрьжава
и̇|і
н͠нѣ|н҃нѣ
и̇|і
присно|прісно
вꙿ|в
вѣкы|вѣкъі
вѣкомь|вѣкомь
а̇минь|амінь
С|с
Л|л
О|о
(В|в
О)|о
С|с
Т҇|т
А|а
Г|г
О|о
І|і
Ꙍ|о
(А)|а
Н|н
А|а
ꙁлатооу̇стаго|златооустаго
на|на
рожⷣьство|рождьство
хвⷭ҇о|хвсо
бл͠гослови|бл҃гослові
ѡ̇ч͠е|оч҃е
Что|что
се|се
ꙁнамени̇ѥ̇|знаменіе
прѣрѣканию|прѣрѣканію
вижⷣѫ|віждѫ
и̇|і
таи̇нꙑ̇|таінъі
страшнꙑ̈|страшнъі
и́|і
дивнꙑ̈|дівнъі
ꙁрѫ|зрѫ
пастꙑриѥ|пастъіріе
ѡ̇глашаѫі́ть|оглашаѫіть
славѫще|славѫще
поусть|поусть
гласꙑ҅|гласъі
сопѫще|сопѫще
младенꙿца|младенца
видѫще|відѫще
въ|въ
ꙗ̇слехъ|ꙗслехъ
аг͠гл͠и|аг҃гл҃і
въꙃг͠лашаѫ̇тъ|възг҃лашаѫтъ
серафими|серафімі
поѫ̇тъ|поѫтъ
херꙋвими|хероувімі
прославѣꙛ̇тъ|прославѣѫтъ
а̇рꙿх̇а̇гг͠ли|архагг҃лі
праꙁеⷣнъствоуꙛ̇тъ|празеднъствоуѫтъ
шестокрилнꙑѧ̇|шестокрілнъіѧ
силы|сілъі
на|на
набесехъ|набесехъ
вꙿышнѣꙗ̇|въішнѣꙗ
г͠ьствиꙗ̇|г҃ьствіꙗ
властиꙗ̇|властіꙗ
ѥ̇го|его
горѣ|горѣ
ꙁа|за
члвꙿколюбиѥ̇|члвколюбіе
великоѥ̇|велікое
бж͠ества|бж҃ества
вьсѣ|вьсѣ
ꙗ̇вить|ꙗвіть
сѫ|сѫ
вь|вь
ꙃвѣꙁды|звѣздъі
мѣсто|мѣсто
небеснаꙗ̇|небеснаꙗ
въ|въ
славы|славъі
мѣсто|мѣсто
слн͠ца|слн҃ца
свѣтлѣє̇|свѣтлѣе
ꙗ̇сли|ꙗслі
дивꙿно|дівно
въмѣстѧща|въмѣстѧща
свⷮ҇ѣлоѥ̇|свтѣлое
слн͠це|слн҃це
вь|вь
мирѣ|мірѣ
ꙗ̇ви|ꙗві
сѧ|сѧ
вꙿсемоу|всемоу
мироу|міроу
красота|красота
ѡ̇блисте̇ть|облістеть
и̇|і
а̇бые̇|абъіе
ꙁарѣ|зарѣ
вьсиꙗ̇|вьсіꙗ
вь|вь
виѳлеѡ̇мѣ|віѳлеомѣ
и̇|і
е̇ство|ество
ꙁемьныи̇хь|земьнъііхь
просвѣщаѥ̇тъ|просвѣщаетъ
сиꙗ̇|сіꙗ
и̇же|іже
вѣроѫ̇|вѣроѫ
не|не
и̇спадь|іспадь
бж͠ества|бж҃ества
своѥ̇го|своего
бы̇ваѥ̇ть|бъіваеть
чл͠кь|чл҃кь
ни|ні
прѣложь|прѣложь
бж͠ества|бж҃ества
своѥ̇го|своего
вь|вь
члв͠чьство|члв҃чьство
ни|ні
пакы|пакъі
же|же
то|то
вьспитѣнии̇|вьспітѣніі
ѿ|от
чл͠кь|чл҃кь
быⷭ҇|бъіс
б͠ъ|б҃ъ
вь|вь
слово|слово
сы̇и̇|съіі
бж͠ие̇|бж҃іе
пльть|пльть
быⷭ҇|бъіс
непрѣложноу|непрѣложноу
прѣбываѫ̇щꙋ|прѣбъіваѫщоу
б͠ествꙋ|б҃ествоу
нѫ|нѫ
ꙗ̇ко|ꙗко
роди|роді
сѧ|сѧ
оу̇бо|оубо
и̇ю̇деиѥ̇|іюдеіе
ѿметахѫ|отметахѫ
сѧ|сѧ
страшꙿнаго|страшнаго
рожⷣъства|рождъства
фарисеи̇и̇|фарісеіі
же|же
бж͠иѫ̇|бж҃іѫ
книгы̇|кнігъі
прѣвращаа꙼хѫ|прѣвращаахѫ
а̇|а
книгочиѫ̇|кнігочіѫ
противѫ|протівѫ
ꙁаконоу|законоу
гл͠аа̇хѫ|гл҃аахѫ
и̇|і
родь|родь
рожьⷣшаго|рожьдшаго
сѧ|сѧ
и̇скаше|іскаше
не|не
да|да
почести|почесті
и̇|і
нѫ|нѫ
да|да
ꙋбиѥ̇ть|оубіеть
и̇|і
днⷭ҇е|днсе
же|же
всѣ|всѣ
противьнаꙗ̇|протівьнаꙗ
видѣхъ|відѣхъ
не|не
ꙋтаи̇ть|оутаіть
бо|бо
сѧ|сѧ
ѿ|от
чѧдь|чѧдь
и̇хь|іхь
по|по
пррⷪ҇чьскомоу|пррочьскомоу
словоу|словоу
въ|въ
родъ|родъ
и̇нь|інь
цр͠и(ѥ)|цр҃іе
прии̇дошѫ|пріідошѫ
нб͠сномоу|нб҃сномоу
цр͠оу|цр҃оу
дивѧще|дівѧще
сѧ|сѧ
како|како
на|на
ꙁемꙋ|земоу
прии̇де|прііде
не|не
а̇нг͠лꙑ|анг҃лъі
и̇мы|імъі
ни|ні
прѣстоль|прѣстоль
ни|ні
г͠ьствъ|г҃ьствъ
ни|ні
силь|сіль
нь|нь
страшномь|страшномь
и̇|і
нетлачьномь|нетлачьномь
пѫтемь|пѫтемь
прошедъ|прошедъ
ѿ|от
прѣчистыи̇хь|прѣчістъііхь
ложеснь|ложеснь
дв͠ичьскь|дв҃ічьскь
рожⷣь|рождь
сѧ|сѧ
ни|ні
а꙼нг͠ль|анг҃ль
свои̇хь|своіхь
поусты|поустъі
бж͠ьство|бж҃ьство
своѥ̇|свое
ѻ̇ставлъ|оставлъ
и̇|і
пакы|пакъі
пришествиѥмь|прішествіемь
свои̇мь|своімь
ѥ̇же|еже
кь|кь
намъ|намъ
бж͠ества|бж҃ества
своѥ̇го|своего
прѣложъ|прѣложъ
нь|нь
цр͠иѥ̇|цр҃іе
небнⷭ҇омⷹ|небнсомоу
цр͠ю|цр҃ю
славѣ|славѣ
прии̇дошⱑ|пріідошѧ
поклонити|поклоніті
сѧ|сѧ
и̇|і
да|да
въскорѣ|въскорѣ
рекѫ|рекѫ
вꙿси|всі
грѣшꙿныци|грѣшнъіці
прии̇дошѫ|пріідошѫ
видѣти|відѣті
и̇|і
поклонити|поклоніті
сѧ|сѧ
а̇гньцоу|агньцоу
бж͠ию̇|бж҃ію
въꙁемлѧщемоу|въземлѧщемоу
грѣхы|грѣхъі
вꙿсего|всего
мира|міра
вльсви|вльсві
дары|даръі
приносѧще|пріносѧще
пастыриѥ̇|пастъіріе
блвⷭ҇ѧще|блвсѧще
мытариѥ̇|мъітаріе
бл͠говѣствоуѫ̇ще|бл҃говѣствоуѫще
блѫдныѫ̇|блѫднъіѫ
масть|масть
носѧще|носѧще
самарѣныни|самарѣнъіні
жѫжⷣѫщии̇|жѫждѫщіі
воды|водъі
животны|жівотнъі
хананеꙗ̇|хананеꙗ
вѣрꙋ|вѣроу
несоуменꙿнꙋ|несоуменноу
и̇мѫщи|імѫщі
всѣмь|всѣмь
оу̇бо|оубо
ликьствоуѫ̇щии̇мь|лікьствоуѫщіімь
хощꙋ|хощоу
и̇|і
а꙼ꙁь|азь
ликьствовати|лікьствоваті
праꙁнⷣовати|празндоваті
хощѫ|хощѫ
сь|сь
похвалоѫ̇|похвалоѫ
бж͠иѥ̇ѫ̇|бж҃іеѫ
не|не
пищалеи̇|піщалеі
носѧ|носѧ
ни|ні
вь|вь
прѣгѫдъницѫ|прѣгѫдъніцѫ
брѧцаѫ̇|брѧцаѫ
ни|ні
въ|въ
гѫсли|гѫслі
ни|ні
свирѣлⷷ҇и̇|свірѣлеі
и̇мы|імъі
ни|ні
въси|въсі
рогь|рогь
дꙿвижѫ̇|двіжѫ
ни|ні
лꙋчь|лоучь
просвѣщаѫ̇|просвѣщаѫ
нь|нь
ꙁа|за
моусикии̇|моусікіі
ѡ̇рганъ|органъ
хвⷭ҇ныѫ̇|хвснъіѫ
пелены|пеленъі
носѧ|носѧ
ты|тъі
ми|мі
оу꙼пованиѥ̇|оупованіе
ты|тъі
ми|мі
сопли|соплі
ты|тъі
ми|мі
гꙋсли|гоуслі
ты|тъі
ми|мі
лоучѫ|лоучѫ
животꙿны|жівотнъі
ты|тъі
ми|мі
спеⷭ҇ние̇|спесніе
тѣмьже|тѣмьже
и̇|і
ты|тъі
носе|носе
грѧдꙋ|грѧдоу
да|да
силоѫ̇|сілоѫ
и̇хь|іхь
ѿ|от
хаⷭ҇|хас
слово|слово
прие̇мь|пріемь
съ|съ
а꙼нг͠лы|анг҃лъі
рекѫ|рекѫ
Слава|слава
вь|вь
вꙑшꙿнихь|въішніхь
б͠оу|б҃оу
и̇|і
сь|сь
пастыри|пастъірі
и̇|і
на|на
ꙁеми|земі
миръ|міръ
въ|въ
члв͠цѣхь|члв҃цѣхь
бл͠говолениѥ̇|бл҃говоленіе
днⷭ҇е|днсе
рожеⷣи̇|рожеді
сѧ|сѧ
неи̇ꙁгл͠но|неізгл҃но
ѿ|от
ѡ̇ц͠а|оц҃а
ѿ|от
дв͠ы|дв҃ъі
ражаⷣѥ̇ть|ражадеть
сѧ|сѧ
неи̇ꙁꙿрчⷷ҇нно|неізрченно
нась|нась
ради|раді
ѿ|от
ѡ̇ц͠а|оц҃а
бо|бо
прѣжеⷣ|прѣжед
вѣкь|вѣкь
роди|роді
сѧ|сѧ
ꙗ̇кⷪже|ꙗкоже
роди|роді
сѧ|сѧ
вѣсть|вѣсть
дн͠есъ|дн҃есъ
же|же
пакы|пакъі
ѿ|от
дв͠ꙑ|дв҃ъі
дивьно|дівьно
и̇|і
страшꙿно|страшно
рожьⷣство|рожьдство
роди|роді
сѧ|сѧ
ꙗ̇коже|ꙗкоже
ст͠аа̇го|ст҃ааго
дх͠а|дх҃а
сьвѣсть|сьвѣсть
бл͠годѣть|бл҃годѣть
и̇|і
вышꙿнеѥ̇|въішнее
ѥ̇го|его
рожьⷣство|рожьдство
и̇стинꙿно|істінно
и̇|і
нижнеє̇|ніжнее
ѥ̇го|его
рождьство|рождьство
нельжно|нельжно
и̇|і
вь|вь
и̇стинѫ|істінѫ
ѿ|от
б͠а|б҃а
б͠ъ|б҃ъ
роди|роді
сѧ|сѧ
и̇|і
въ|въ
и̇стинѫ|істінѫ
ꙗ̇ко|ꙗко
чл͠кь|чл҃кь
ѿ|от
дв͠ы|дв҃ъі
роди|роді
сѧ|сѧ
и̇|і
ть|ть
самъ|самъ
горѣ|горѣ
є̇динъ|едінъ
ѿ|от
ѥ̇диного|едіного
и̇ночѧдъ|іночѧдъ
ѡ̇ц͠ь|оц҃ь
бо|бо
бе|бе
сѣмене|сѣмене
роди|роді
и̇|і
и̇|і
дв͠аа̇|дв҃аа
не|не
и̇ꙁрⷣеченꙿно|ізрдеченно
прижитъ|пріжітъ
и̇|і
б͠ъ|б҃ъ
бѣ|бѣ
не|не
члв͠къ|члв҃къ
и̇|і
роди|роді
нь|нь
бг͠олѣпꙿстꙿвно|бг҃олѣпствно
роди|роді
ни|ні
дв͠аа̇|дв҃аа
и̇стлѣниꙗ̇|істлѣніꙗ
дѣвъствоу|дѣвъствоу
свое̇моу|своемоу
рожъⷣши|рожъдші
приѫ̇ть|пріѫть
дх͠овно|дх҃овно
бо|бо
роди|роді
тѣмже|тѣмже
не|не
въи̇спръвне|въіспръвне
и̇|і
то|то
раꙁьньство|разьньство
повѣстиѫ̇|повѣстіѫ
скаꙁае̇ть|сказаеть
сѧ|сѧ
ни|ні
бывꙿшеѥ̇|бъівшее
є̇го|его
въ|въ
послѣдънѣꙗ̇|послѣдънѣꙗ
врѣмена|врѣмена
нась|нась
ради|раді
ꙁемноє̇|земное
рожьⷣство|рожьдство
ѥ̇го|его
постиꙁае̇т|постізает
сѧ|сѧ
ꙗ̇ко|ꙗко
бо|бо
дв͠аа꙼|дв҃аа
роди|роді
днⷭ҇е|днсе
вѣдѣ|вѣдѣ
и̇|і
ꙗ̇ко|ꙗко
б͠ь|б҃ь
роди|роді
и̇|і
прѣжде|прѣжде
вѣкъ|вѣкъ
вѣроуѫ̇|вѣроуѫ
нь|нь
каꙁниє̇|казніе
рожⷣъствоу|рождъствоу
мльчаниемь|мльчаніемь
чьсть|чьсть
навыкь|навъікь
и̇|і
не|не
словомь|словомь
и̇спꙑтати|іспъітаті
прѣѫ̇хъ|прѣѫхъ
ѡ̇|о
б͠ꙃѣ|б҃зѣ
бо|бо
не|не
починꙋ|почіноу
вещемъ|вещемъ
доⷭ҇и̇тъ|досітъ
и̇скати|іскаті
нь|нь
силꙋ|сілоу
творѧщомоу|творѧщомоу
вѣровати|вѣроваті
чинь|чінь
бо|бо
рожⷣъствоу|рождъствоу
є̇стъ|естъ
ѥ̇гаⷣ|егад
жена|жена
посагьши|посагьші
ꙁа|за
мѫжь|мѫжь
ѡ̇бычаи̇мь|объічаімь
члв͠чьскы|члв҃чьскъі
и̇|і
родить|родіть
а꙼|а
ѥ̇гаⷣ|егад
дв͠аа꙼|дв҃аа
прѣчистаа꙼|прѣчістаа
бе|бе
сѣме|сѣме
родивъши|родівъші
пакы|пакъі
дв͠оѫ̇|дв҃оѫ
прѣбыває̇ть|прѣбъіваеть
паче|паче
чина|чіна
и̇|і
ѡ̇бычаа꙼|объічаа
чл͠вчѣ|чл҃вчѣ
ѥ̇сть|есть
е̇же|еже
по|по
ѡ̇бычѣю̇|объічѣю
и̇|і
ꙁаконоу|законоу
чл͠вѣчьскоу|чл҃вѣчьскоу
бывае̇ть|бъіваеть
того|того
радость|радость
и̇|і
ть[...]|ть
и̇скати|іскаті
а̇|а
є̇же|еже
выше|въіше
ѡ̇бычаа꙼|объічаа
и̇|і
ꙁакⷪна|закона
члв͠чьска|члв҃чьска
ѥⷭ҇|ес
мльчаниѥ̇мь|мльчаніемь
чисто[.]|чісто
достои̇ть|достоіть
не|не
ꙗ̇ко|ꙗко
недостои̇на|недостоіна
нѫ|нѫ
ꙗ̇ко|ꙗко
неи̇ꙁⷣреⷱ҇нꙿнаа̇|неіздречннаа
да|да
тѣмъ|тѣмъ
лоуче|лоуче
мльчѣти|мльчѣті
ѡ̇|о
нихь|ніхь
а꙼|а
прочее̇|прочее
что|что
рекѫ|рекѫ
или|ілі
что|что
вьꙁгл͠ѧ|вьзгл҃ѧ
се|се
дв͠аꙗ̇|дв҃аꙗ
вь|вь
чрѣвѣ|чрѣвѣ
приѥ̇млет|пріемлет
писание̇|пісаніе
се|се
пррⷪ҇чьскоє̇|пррочьское
сьньмищꙋ|сьньміщоу
жидовьскꙋ|жідовьскоу
а҅|а
богатьство|богатьство
црк͠ви|црк҃ві
то|то
писмена|пісмена
приѧ̇ть|пріѧть
а̇|а
си|сі
бисерь|бісерь
стежа|стежа
ть|ть
вльнѫ|вльнѫ
ѡ̇чрьви|очрьві
а̇|а
сии̇|сіі
въ|въ
риꙁѫ|різѫ
ѡ̇блѣче|облѣче
сѧ|сѧ
и̇|і
ю̇деꙗ̇|юдеꙗ
бо|бо
и̇|і
роди|роді
а̇|а
весь|весь
мирь|мірь
(и̇)|і
приѫ̇ть|пріѫть
сьньмище|сьньміще
и̇|і
въспітѣ|въспітѣ
и̇|і
въꙁдои̇|въздоі
а̇|а
црк͠вии|црк҃віі
ꙋдръжа|оудръжа
и̇ꙁь|ізь
ꙩ̇ного|оного
лоꙁа|лоза
а̇|а
вь|вь
наⷭ҇|нас
гроꙁдъ|гроздъ
и̇стинꙿныи̇|істіннъіі
ѡ̇нь|онь
гроꙁдь|гроздь
и̇ꙁнⷢ҇ете|ізнгете
а꙼|а
ѫ̇ꙁыци|ѫзъіці
прѣчистоє̇|прѣчістое
пиво|піво
пиѫ̇ть|піѫть
то|то
ꙁрьно|зрьно
вь|вь
и̇ю̇деи̇|іюдеі
вьсѣꙗ̇|вьсѣꙗ
а꙼|а
ѫ̇ꙁыци|ѫзъіці
срьпомь|срьпомь
вѣрꙿнꙿыи̇мь|вѣрнъіімь
клась|клась
жꙿнатꙿ|жнат
ѥꙁыци|езъіці
цвⷮ҇ѣ|цвтѣ
бл͠говѣрꙿно|бл҃говѣрно
ѻ̇быи̇мⷶшѫ|объіімашѫ
а̇|а
вь|вь
ию̇деи̇хь|іюдеіхь
трънь|трънь
беꙁьвѣрьствию̇|безьвѣрьствію
ѡ̇ста|оста
пꙿтенець|птенець
ѿлетѣ|отлетѣ
и̇|і
несьмӹсльнии̇|несьмъісльніі
присѣдѧⷮ҇|прісѣдѧт
гнѣꙁⷣѣ|гнѣздѣ
листь|лість
писмень|пісмень
жидове|жідове
скаꙁаѫ̇ть|сказаѫть
а꙼|а
плодъ|плодъ
дх͠овънии̇|дх҃овъніі
єꙁы̇ци|езъіці
жнѫть|жнѫть
се|се
дв͠аꙗ̇|дв҃аꙗ
въ|въ
чрѣвѣ|чрѣвѣ
прие̇меть|пріеметь
рьци|рьці
ми|мі
ѡ̇|о
жидовине|жідовіне
рьци|рьці
ꙋбо|оубо
кого|кого
роди|роді
повѣжⷣъ|повѣждъ
ми|мі
понѣ|понѣ
ꙗ̇ко|ꙗко
и̇родовинⷾ|іродовінѫ
не|не
вѣси|вѣсі
вⷣѣ|вдѣ
почто|почто
ꙁа|за
ковъ|ковъ
ѡ̇номоу|ономоу
бо|бо
рече|рече
да|да
оу̇биє̇ть|оубіеть
а̇|а
мнѣ|мнѣ
не|не
гл͠еши|гл҃еші
да|да
не|не
бихь|біхь
поклониль|поклоніль
сѧ|сѧ
е̇моу|емоу
когожєⷣ|когожед
роди|роді
влк͠ѫ|влк҃ѫ
вꙿсемоу|всемоу
мирꙋ|міроу
а̇ще|аще
бо|бо
и̇|і
ты|тъі
оу̇мльчиши|оумльчіші
въсѣ|въсѣ
тварь|тварь
вьпиє̇ть|вьпіеть
роди|роді
же|же
ꙗ̇ко|ꙗко
рожеⷣи̇|рожеді
сѧ|сѧ
вьсхотѣ|вьсхотѣ
родити|родіті
сѧ|сѧ
оу̇дрьжа|оудрьжа
бо|бо
сѧ|сѧ
ѿ|от
ꙩ̇бычаꙗ̇|объічаꙗ
рожьⷣства|рожьдства
члв͠чьска|члв҃чьска
нь|нь
ꙗ̇ко|ꙗко
творець|творець
чл͠колюбимь|чл҃колюбімь
странꙿнꙋ|странноу
рожьⷣствоу|рожьдствоу
вꙿведе|введе
вещь|вещь
да|да
ꙗ̇вить|ꙗвіть
ꙗ̇ко|ꙗко
чл͠кь|чл҃кь
бывь|бъівь
ни|ні
ꙗ̇ко|ꙗко
чл͠кь|чл҃кь
нѫ|нѫ
ꙗ̇ко|ꙗко
б͠ь|б҃ь
ражаⷣє̇т|ражадет
сѧ|сѧ
и̇|і
тьи̇|тьі
ѥ̇сть|есть
и̇сты|істъі
сьꙁдавы|сьздавъі
а꙼дама|адама
ѿ|от
новы|новъі
ꙁемлѧ|землѧ
древле|древле
и̇|і
ѿ|от
а꙼дама|адама
женѫ|женѫ
ѡ̇браꙁьствовавь|образьствовавь
ꙗ̇ко|ꙗко
бо|бо
а꙼дамь|адамь
беꙁь|безь
жении̇|женіі
женѫ|женѫ
и̇ꙁведе|ізведе
тако|тако
дн͠есь|дн҃есь
дв͠аꙗ̇|дв҃аꙗ
беꙁь|безь
мѫжа|мѫжа
мѫжь|мѫжь
роди|роді
чл͠кь|чл҃кь
бо|бо
ѥсть|есть
рече|рече
пррⷪ҇кь|пррокь
и̇|і
кто|кто
и̇|і
ꙋвѣсть|оувѣсть
и̇|і
понеже|понеже
длъжень|длъжень
бѣ|бѣ
жⷷ҇ньскы̇|женьскъі
родь|родь
члв͠комь|члв҃комь
вьꙁь|вьзь
бл͠годѣть|бл҃годѣть
ꙗ̇ко|ꙗко
а꙼дамоу|адамоу
беꙁь|безь
жены̇|женъі
женꙿнꙋ|женноу
и̇ꙁведьшоу|ізведьшоу
сего|сего
ради|раді
дв͠аꙗ̇|дв҃аꙗ
днⷭ҇е|днсе
роди|роді
беꙁь|безь
мѫжа|мѫжа
ꙁа|за
є̇вьгѫ|евьгѫ
вьꙁаⷣѫ̇щи|вьзадѫщі
мꙋжемь|моужемь
длъгь|длъгь
и̇|і
ꙗ̇ко|ꙗко
ѿ|от
а꙼дама|адама
ребро|ребро
вьꙁѧть|вьзѧть
и̇|і
а꙼дама|адама
не|не
врѣди|врѣді
тако|тако
и̇|і
ѿ|от
дв͠ы|дв҃ъі
вьпльщь|вьпльщь
сѧ|сѧ
дв͠ьства|дв҃ьства
не|не
врѣди|врѣді
цѣль|цѣль
прѣбыⷭ҇|прѣбъіс
а꙼дамь|адамь
и̇|і
по|по
вьꙁѧти|вьзѧті
реброу|реброу
и̇|і
дѣваа̇|дѣваа
дв͠оѫ̇|дв҃оѫ
прѣбыⷭ҇|прѣбъіс
пакы|пакъі
и̇|і
по|по
рожьⷣствѣ|рожьдствѣ
младенꙿцоу|младенцоу
ѡ̇баче|обаче
чл͠кь|чл҃кь
бывъ|бъівъ
не|не
а̇ко|ако
чл͠кь|чл҃кь
ражаⷣє̇ть|ражадеть
сѧ|сѧ
нѫ|нѫ
ꙗ̇ко|ꙗко
б͠ь|б҃ь
чл͠кь|чл҃кь
бываѥ̇ть|бъіваеть
а꙼ще|аще
бо|бо
вь|вь
простѫ|простѫ
женитꙿвꙋ|женітвоу
би|бі
родиль|роділь
се|се
ꙗ̇кожє|ꙗкоже
и̇|і
а꙼ꙁь|азь
льжа|льжа
многымь|многъімь
мнѣла|мнѣла
би|бі
сѧ|сѧ
нинѣ|нінѣ
же|же
сего|сего
ради|раді
ѿ|от
дв͠и|дв҃і
ражаⷣє̇ть|ражадеть
сѧ|сѧ
и̇|і
ражаⷣѥ̇и̇|ражадеі
же|же
сѧ|сѧ
ложесꙿна|ложесна
ꙁатворена|затворена
хранить|храніть
и̇|і
дв͠ьство|дв҃ьство
неврѣжеⷣно|неврѣжедно
сьблюдає̇ть|сьблюдаеть
да|да
странꙿн|странн
рожъⷣства|рожъдства
вѣрѣ|вѣрѣ
велицѣ|веліцѣ
ходатаи̇|ходатаі
ми|мі
бѫдеть|бѫдеть
рьци|рьці
ми|мі
жидовине|жідовіне
родила|роділа
є̇сть|есть
дв͠а|дв҃а
и̇ли|ілі
нии|ніі
и̇|і
а꙼ще|аще
родила|роділа
ѥⷭ҇|ес
и̇сповѣжъⷣ|ісповѣжъд
дивꙿное̇|дівное
рожьⷣство|рожьдство
а꙼ще|аще
ли|лі
не|не
роди|роді
почто|почто
и̇рода|ірода
льщаше|льщаше
тебе|тебе
бо|бо
вьпроси|вьпросі
гдє|где
хьⷭ҇|хьс
ражаⷣє̇ть|ражадеть
сѧ|сѧ
и̇|і
ѿвѣща|отвѣща
є̇мꙋ|емоу
ѥ̇да|еда
а꙼ꙁь|азь
вещь|вещь
тꙋ|тоу
видѣхь|відѣхь
и̇ли|ілі
мѣсто|мѣсто
е̇да|еда
а꙼ꙁь|азь
ражаⷣѫ̇щаа̇го|ражадѫщааго
сѧ|сѧ
рожьⷣство|рожьдство
видѣхь|відѣхь
не|не
и̇саи̇ꙗ̇|ісаіꙗ
ли|лі
б͠а|б҃а
нарече|нарече
родить|родіть
бо|бо
реⷱ҇|реч
сн͠ъ|сн҃ъ
и̇|і
нарекѫть|нарекѫть
и̇мѧ|імѧ
е̇моу|емоу
е̇мьманꙋиль|емьманоуіль
не|не
вы|въі
ли|лі
свѣдꙋщеи̇|свѣдоущеі
враꙃы|вразъі
и̇стинꙋ|істіноу
и̇сповѣдасте|ісповѣдасте
не|не
кꙿнигочиѫ̇|кнігочіѫ
ли|лі
и̇|і
фарисеи̇|фарісеі
и̇стии̇|істіі
ꙁаконохранителѥ⸱|законохранітеле
всѣ|всѣ
ꙗ̇же|ꙗже
ѡ̇|о
немь|немь
ны|нъі
наоу̇чишѧ|наоучішѧ
е̇да|еда
мы̇|мъі
ѫ̇ꙁыкь|ѫзъікь
жидовъскы|жідовъскъі
вⷣѣхомь|вдѣхомь
не|не
вы|въі
ли|лі
книгы|кнігъі
прѣложисте|прѣложісте
вꙿ|в
нашь|нашь
ѫ̇ꙁыкь|ѫзъікь
и̇|і
прѣжеⷣ|прѣжед
даже|даже
не|не
родиⷮ|родіт
дв͠аꙗ̇|дв҃аꙗ
и̇|і
по|по
рⷪжъⷣствѣ|рожъдствѣ
пакы|пакъі
прѣбыⷭ҇|прѣбъіс
дв͠оѫ̇|дв҃оѫ
да|да
никто|нікто
речеть|речеть
ꙁа|за
любꙿвє|любве
и̇ли|ілі
ꙁа|за
мыто|мъіто
скаꙁанꙿно|сказанно
тако|тако
быⷭ҇|бъіс
слово|слово
то|то
не|не
вы|въі
ли|лі
вьпрашає̇ми|вьпрашаемі
и̇родомь|іродомь
свⷣѣтелѣ|свдѣтелѣ
приведосте|пріведосте
михеꙗ̇|міхеꙗ
пррⷪка|пррока
да|да
своє̇|свое
слоⷡ|слов
вѣрꙿно|вѣрно
сътворите|сътворіте
и̇|і
ты|тъі
бо|бо
реⷱ҇|реч
виѳлеѡ̇ме|віѳлеоме
доме|доме
є̇фратовъ|ефратовъ
никакоже|нікакоже
маль|маль
(є)си|есі
влⷣкахь|влдкахь
и̇ю̇дова|іюдова
и̇с|іс
тебє|тебе
бо|бо
и̇ꙁыдеть|ізъідеть
кнѧꙁь|кнѧзь
Иже|іже
оу̇пасⷷ҇ть|оупасеть
люди|люді
моѫ̇|моѫ
и̇|і
и̇ꙁлⷭ҇евы̇|ізлсевъі
добрѣ|добрѣ
же|же
пррⷪ҇кь|пррокь
и̇с|іс
тебе|тебе
и̇ꙁы̇деть|ізъідеть
и̇ꙁ|із
вась|вась
бо|бо
и̇ꙁыде|ізъіде
и̇|і
въ|въ
ѫ̇ꙁыкы|ѫзъікъі
приде|пріде
сыи̇|съіі
бо|бо
приходить|пріходіть
и̇|і
не|не
сыи̇|съіі
ꙃижеⷣть|зіжедть
сѧ|сѧ
и̇ли|ілі
быває̇ть|бъіваеть
а̇|а
тьи̇|тьі
бѣ|бѣ
и̇|і
прѣжде|прѣжде
и̇|і
присно|прісно
бѣ|бѣ
и̇|і
вынѫ|въінѫ
бѣ|бѣ
нь|нь
бѣ|бѣ
оу̇бо|оубо
присно|прісно
ꙗ̇ко|ꙗко
б͠ь|б҃ь
весъ|весъ
мирь|мірь
строѫ̇|строѫ
днⷭ҇е|днсе
же|же
б͠ь|б҃ь
и̇|і
чл͠къ|чл҃къ
тьи̇жꙿде|тьіжде
ꙗ̇кⷪ҇|ꙗко
чл͠кь|чл҃кь
ꙋбо|оубо
люди|люді
пасы̇|пасъі
ꙗ̇ко|ꙗко
б͠ь|б҃ь
весь|весь
мирь|мірь
спаⷭ҇ѫ̇|спасѫ
самь|самь
ѡ̇|о
сьпостатомь|сьпостатомь
бл͠гомь|бл҃гомь
ѡ̇|о
клеветьникомь|клеветьнікомь
млрⷭ҇дъствиє̇|млрсдъствіе
таѥщаго|таещаго
сѧ|сѧ
б͠а|б҃а
въ|въ
ꙗ̇слехь|ꙗслехь
вь|вь
веѳлеѡ̇мѣ|веѳлеомѣ
поꙁнашѫ|познашѫ
сѣдѧщаго|сѣдѧщаго
вь|вь
врьтьпѣ|врьтьпѣ
покаꙁашѫ|показашѫ
неволеѫ̇|неволеѫ
бл͠го|бл҃го
створише|створіше
не|не
хотѧще|хотѧще
ѿкрышѫ|откръішѫ
покрыти|покръіті
хотѧще|хотѧще
видѣ|відѣ
ли|лі
неоу̇мѣниє̇|неоумѣніе
оу̇читель|оучітель
ꙋчѧть|оучѧть
не|не
вѣдѧще|вѣдѧще
а̇льчѧщѫѭ̇|альчѧщѫѭ
питаѫ̇ть|пітаѫть
жеждꙋщеѥ|жеждоущее
напаꙗ̇ѫ̇ть|напаꙗѫть
нищѫѭ̇|ніщѫѭ
ѡ̇бг͠ащаѫ̇ть|обг҃ащаѫть
а̇|а
сами|самі
а̇льчѧть|альчѧть
прии̇дⷺ҇еⷮ҇|пріідѣет
праꙁⷣноуѥ̇мь|праздноуемь
прии̇дѣте|пріідѣте
ликьствоу̇є̇мь|лікьствоуемь
придѣте|прідѣте
въꙁраоуⷣе̇мь|възраоудемь
сѧ|сѧ
гвⷣи|гвді
страньно|страньно
бо|бо
рождъство|рождъство
странꙿно|странно
дѣвѣи̇|дѣвѣі
прижитиѥ̇|пріжітіе
понеже|понеже
и̇|і
дивꙿно|дівно
е̇сть|есть
слⷡо|слво
рожьⷣства|рожьдства
днⷭ҇е|днсе
не|не
приꙗ̇ꙁнь|пріꙗзнь
постыдѣ|постъідѣ
сѧ|сѧ
и̇|і
демони|демоні
раꙁьбѣгошѧ|разьбѣгошѧ
сѧ|сѧ
сьмр͠ть|сьмр҃ть
раꙁраⷣоуши|разрадоуші
сѧ|сѧ
и̇|і
раи̇|раі
ѿврьꙁе|отврьзе
сѧ|сѧ
клѧтва|клѧтва
раꙁрⷣоуши|разрдоуші
сѧ|сѧ
и̇|і
благословениє̇|благословеніе
расплоди|расплоді
сѧ|сѧ
грѣхь|грѣхь
и̇ꙁьгнань|ізьгнань
быⷭ҇|бъіс
лъсть|лъсть
ѿи̇де|отіде
і̇|і
и̇стии̇на|істііна
приде|пріде
и̇стина|істіна
бо|бо
реⷱ҇|реч
пррⷪ҇кь|пррокь
ѿ|от
ꙁемле|земле
вьсиꙗ̇|вьсіꙗ
и̇|і
правьда|правьда
сь|сь
нбⷭ҇е|нбсе
приниче|прініче
и̇|і
бл͠гыѫ̇|бл҃гъіѫ
вѣры|вѣръі
слово|слово
въсѫдоу|въсѫдоу
расѣꙗ̇но|расѣꙗно
є̇сть|есть
и̇|і
пространить|пространіть
сѧ|сѧ
нб͠сныи̇хь|нб҃снъііхь
житиє̇|жітіе
и̇|і
на|на
ꙁеми|земі
насади|насаді
сѧ|сѧ
чл͠ци|чл҃ці
а̇нг͠ломь|анг҃ломь
ꙩ̇бещꙿници|обещніці
сѧть|сѧть
и̇|і
члц͠и|члц҃і
сь|сь
а̇нгл͠и|англ҃і
и̇|і
несоумьнѧще|несоумьнѧще
сѧ|сѧ
бесѣдоуѫ̇ть|бесѣдоуѫть
почто|почто
понеже|понеже
приде|пріде
б͠ь|б҃ь
на|на
ꙁемлѧ|землѧ
и̇|і
чл͠кь|чл҃кь
на|на
нб͠о|нб҃о
вьꙁыде|вьзъіде
и̇|і
приде|пріде
на|на
ꙁемлѧ|землѧ
слово|слово
сыи̇|съіі
же|же
на|на
нб͠сы|нб҃съі
быⷭ҇|бъіс
чл͠кь|чл҃кь
не|не
ѿврьгь|отврьгь
бж͠ьства|бж҃ьства
своє̇го|своего
г͠ь|г҃ь
б͠ь|б҃ь
просвѣтиль|просвѣтіль
ны|нъі
е̇сть|есть
и̇|і
посѣтиль|посѣтіль
ны|нъі
є̇сть|есть
нась|нась
вьстокь|вьстокь
сьвыше|сьвъіше
направити|направіті
ногы|ногъі
нш͠ѫ|нш҃ѫ
на|на
пѫть|пѫть
мирень|мірень
днⷭ҇е|днсе
вльсви|вльсві
приі̇дошѧ|пріідошѧ
начѧтокь|начѧтокь
приє̇мьше|пріемьше
ѿмѣтати|отмѣтаті
се|се
мꙋчитела|моучітела
и̇|і
нб͠о|нб҃о
хвалить|хваліть
сѧ|сѧ
ꙁвѣꙁдоѫ̇|звѣздоѫ
своє̇го|своего
г͠а|г҃а
покаꙁаѫ̇|показаѫ
чтоже|чтоже
рикѫ|рікѫ
и̇ли̇|ілі
что|что
гл͠ѫ|гл҃ѫ
тектена|тектена
ꙗ̇сли|ꙗслі
вижоуⷣ|віжоуд
и̇|і
младѧ|младѧ
и̇|і
матерь|матерь
дѣвоѫ̇|дѣвоѫ
ꙩ̇чаи̇ныи̇мь|очаінъіімь
трѣбованиє̇мь|трѣбованіемь
праꙁнⷣѫ|празндѫ
вса|вса
нищета|ніщета
блиꙁь|блізь
всѣ|всѣ
оу̇божьства|оубожьства
и̇сꙿплънъ|ісплънъ
видѣ|відѣ
ли|лі
пространьство|пространьство
вꙿ|в
нищетѣ|ніщетѣ
мноꙃѣ|мнозѣ
тако|тако
бг͠атьство|бг҃атьство
ѡ̇бьнища|обьніща
нась|нась
ради|раді
ѻ̇|о
нищета|ніщета
бг͠атьствоу|бг҃атьствоу
и̇сточникь|істочнікь
ѻ̇|о
бг͠атьство|бг҃атьство
бещисльно|бещісльно
нищетѣ|ніщетѣ
ѡ̇браꙁь|образь
носѧ|носѧ
въ|въ
ꙗ̇слехь|ꙗслехь
лежить|лежіть
и̇|і
весь|весь
мирь|мірь
движеть|двіжеть
вь|вь
пⷷ҇ленахь|пеленахь
ѡ̇бьвить|обьвіть
лежить|лежіть
и̇|і
грѣховьныѫ̇|грѣховьнъіѫ
прѣтрьꙁає̇ть|прѣтрьзаеть
ѫ̇ꙁы|ѫзъі
ꙗ̇кⷪ҇|ꙗко
вьꙁвеличишѧ|вьзвелічішѧ
сѧ|сѧ
дѣла|дѣла
твоꙗ̇|твоꙗ
г͠и|г҃і
вьсѣ|вьсѣ
чл͠колюбиѥ̇м|чл҃колюбіем
си|сі
сьтвориль|сьтворіль
є̇си|есі
тебѣ|тебѣ
поⷣбаѥ̇ть|подбаеть
слава|слава
и̇|і
дръжава|дръжава
ѡ̇ц͠оу|оц҃оу
и̇|і
сн͠оу|сн҃оу
и̇|і
ст͠омꙋ|ст҃омоу
дх͠оу|дх҃оу
и̇|і
нинѣ|нінѣ
и̇|і
присно|прісно
и̇|і
вь|вь
вѣкы|вѣкъі
вѣкомь|вѣкомь
а꙼минь|амінь
С|с
Л|л
О|о
В|в
(О҇)|о
С|с
Т|т
Г|г
О|о
І|і
Ꙍ|о
(А҇)|а
Н|н
А|а
ꙁлатоꙋстаго|златооустаго
.в͠.|в҃
на|на
рожьⷣство|рожьдство
хвⷭ҇о|хвсо
бл͠гослови|бл҃гослові
ѡ̇ч͠е|оч҃е
Хоуⷭ҇|хоус
праведъномꙋ|праведъномоу
слн͠цоу|слн҃цоу
днⷭ҇е|днсе
ѿ|от
дв͠ы|дв҃ъі
прѣчтⷭ҇ыѫ̇|прѣчтсъіѫ
въсиꙗ̇въшоу|въсіꙗвъшоу
и̇|і
тꙿма|тма
нечьстывии̇хь|нечьстъівііхь
ѿбѣже|отбѣже
а꙼|а
свѣть|свѣть
добровѣрꙿны̇|добровѣрнъі
подасть|подасть
сѧ|сѧ
и̇|і
льсть|льсть
невѣрꙿныхь|невѣрнъіхь
раꙁыде|разъіде
сѧ|сѧ
и̇|і
класъ|класъ
нбнⷭ҇і̇и|нбнсіі
ꙗ̇вѣ|ꙗвѣ
процьвꙿте|процьвте
и̇|і
ꙁвѣꙁаⷣ|звѣзад
и̇стинꙿнаꙗ̇|істіннаꙗ
всѣмь|всѣмь
вьсиꙗ̇|вьсіꙗ
днⷭ҇е|днсе
же|же
пльтꙿномꙋ|пльтномоу
свѣтоу|свѣтоу
прирасть|прірасть
и̇|і
дх͠овномоу|дх҃овномоу
присиꙗ̇ние̇|прісіꙗніе
народь|народь
бо|бо
сѣде|сѣде
въ|въ
тꙿмѣ|тмѣ
и̇|і
видѣ|відѣ
свѣть|свѣть
великь|велікь
днⷭ҇е|днсе
беꙁь|безь
ѡ̇ц͠а|оц҃а
сн͠ь|сн҃ь
роди|роді
сѧ|сѧ
и̇|і
всѣ|всѣ
тварь|тварь
дари|дарі
є̇моу|емоу
приносить|пріносіть
ꙁемлѣ|землѣ
ꙗ̇сли|ꙗслі
камениѥ̇|каменіе
делꙿвы|делвъі
каменꙿниѥ̇|каменніе
горы|горъі
пещерѫ|пещерѫ
гради|граді
виѳлеѡ̇ма|віѳлеома
вѣтри|вѣтрі
послоушаниѥ̇|послоушаніе
море|море
повиновение̇|повіновеніе
вирове|вірове
рыбы|ръібъі
рѣкы|рѣкъі
є̇рꙿдань|ердань
пꙋстына|поустъіна
і̇ѡⷶна|іоана
пꙿтицѧ|птіцѧ
голѫбь|голѫбь
блъсви|блъсві
дары̇|даръі
жены|женъі
марьѳѫ|марьѳѫ
вдовыѫ̇|вдовъіѫ
а̇нꙿнѫ|аннѫ
неплодві̇|неплодві
є̇лисавеѳь|елісавеѳь
дв͠ы|дв҃ъі
бц͠ѫ|бц҃ѫ
мариѫ̇|маріѫ
дѣти|дѣті
ꙁєленичиє̇|зеленічіе
пастыриє̇|пастъіріе
хвалѫ|хвалѫ
ѥ̇реи̇є̇|ереіе
симеѡ̇на|сімеона
люти̇|люті
павла|павла
грѣщници|грѣщніці
мытоє̇мꙿца|мъітоемца
крьвотоиⷱ҇ва|крьвотоічва
вѣрѫ|вѣрѫ
блѫдꙿнаꙗ̇|блѫднаꙗ
миро|міро
дꙋбиє̇|доубіе
ꙁахеꙗ̇|захеꙗ
дрѣво|дрѣво
крьста|крьста
кртⷭ҇ь|кртсь
раꙁбои̇ныка|разбоінъіка
въстокь|въстокь
ꙁвѣꙁдѫ|звѣздѫ
нб͠о|нб҃о
а꙼гг͠лы|агг҃лъі
гавриль|гавріль
цѣлованиє̇|цѣлованіе
рекь|рекь
раоуⷣи̇|раоуді
сѧ|сѧ
ꙩ̇брадованꙿнаꙗ̇|обрадованнаꙗ
г͠ь|г҃ь
с|с
тѡбоѫ̇|тобоѫ
мы|мъі
же|же
оу̇боꙃы|оубозъі
ѿ|от
днⷭ҇е|днсе
ѡ̇бьрадꙋѫ̇̇ще|обьрадоуѫще
сѧ|сѧ
рꙿцѣмь|рцѣмь
кꙿ|к
неи̇|неі
ꙩ̇|о
прѣславꙿнаа꙼|прѣславнаа
б͠це|б҃це
ты|тъі
днⷭ҇е|днсе
ѿвръꙁає̇ши|отвръзаеші
раи̇|раі
а̇дамꙋ|адамоу
прѣѡ̇ц͠оу|прѣоц҃оу
нашемоу|нашемоу
и̇же|іже
ꙁатвори|затворі
є̇ӱга|еуга
ѡ̇слоушаниє̇мь|ослоушаніемь
ѻ̇|о
прѣс͠таа̇|прѣс҃таа
дв͠о|дв҃о
ти|ті
днⷭ҇е|днсе
раждає̇ши|раждаеші
давꙿца|давца
и̇|і
творꙿца|творца
въси|въсі
же|же
того|того
грѧдѣте|грѧдѣте
и̇|і
виⷣте|відте
всѧ|всѧ
страны̇|странъі
ꙋтробꙋ|оутробоу
ширꙿшꙋю|шіршоую
нбⷭ҇е|нбсе
и̇же|іже
бо|бо
сего|сего
небо|небо
не|не
вьмѣсти|вьмѣсті
то|то
вь|вь
сию̇|сію
се|се
вьмѣсти|вьмѣсті
вражди|вражді
сьꙋꙁы|сьоузъі
расыпа|расъіпа
и̇|і
свободѫ|свободѫ
члв͠ьскомꙋ|члв҃ьскомоу
є̇стьствоу|естьствоу
дасть|дасть
дрьжимѫ|дрьжімѫ
ѿ|от
прьваго|прьваго
чл͠ка|чл҃ка
до|до
нинѣ|нінѣ
да|да
н͠нѣ|н҃нѣ
мы̇|мъі
словославимь|словославімь
пришедьшаа̇го|прішедьшааго
вь|вь
своꙗ̇|своꙗ
си|сі
и̇|і
ѡ̇брадоує̇мꙿ|обрадоуем
сѧ|сѧ
ѥ̇моу|емоу
цр͠ь|цр҃ь
бо|бо
пррⷪ҇кь|пррокь
дв͠дь|дв҃дь
и̇же|іже
ꙁаконь|законь
бж͠и|бж҃і
и̇мѣше|імѣше
кивоть|ківоть
и̇|і
ѿ|от
(і̇)ноплеменꙿныхь|іноплеменнъіхь
видѣвъ|відѣвъ
пришедꙿша|прішедша
и̇|і
ликьствова|лікьствова
раоуⷣѧ̇|раоудѧ
сѧ|сѧ
ти|ті
тѣмы̇|тѣмъі
ꙗ̇ви|ꙗві
и̇|і
колькѫ|колькѫ
любовь|любовь
и̇мѣше|імѣше
кь|кь
бг͠оу|бг҃оу
мы|мъі
же|же
днⷭ҇е|днсе
ꙁакона|закона
того|того
положꙿшаго|положшаго
самого|самого
видѧще|відѧще
ꙗ̇ко|ꙗко
скоꙁѣ|скозѣ
кивоть|ківоть
сыꙗ̇ю̇ща|съіꙗюща
ѿ|от
дв͠ы|дв҃ъі
въꙁьхвалимь|възьхвалімь
сѧ|сѧ
и̇|і
вьꙁвеселимь|вьзвеселімь
сѧ|сѧ
и̇|і
ѿ|от
вꙿсе|все
сили|сілі
бл͠годавꙿца|бл҃годавца
похвалимь|похвалімь
кивоть|ківоть
бо|бо
ꙁаконꙿ|закон
и̇мѣше|імѣше
и̇|і
клѧтвѫ|клѧтвѫ
приводѧ|пріводѧ
и̇|і
мѫкѫ|мѫкѫ
и̇же|іже
и̇|і
хꙋдѣ|хоудѣ
прѣстоупаа̇ше|прѣстоупааше
писа(са)ниє̇|пісасаніе
си|сі
же|же
сконꙿчатєль|скончатель
ѥ̇сть|есть
ꙁаконꙋ|законоу
и̇скоупѣюща|іскоупѣюща
наⷭ҇|нас
ѿ|от
клѫтвы|клѫтвъі
ꙁаконоу|законоу
и̇|і
правдѫ|правдѫ
и̇|і
животь|жівоть
даѫ̇ща|даѫща
всѣмь|всѣмь
цѣлоує̇мь|цѣлоуемь
днⷭ҇е|днсе
оу꙼бо|оубо
сыи̇|съіі
чеⷭ҇тьныи̇|честьнъіі
и̇|і
славьны|славьнъі
праꙁнⷣикь|празндікь
ꙗ̇коже|ꙗкоже
многа|многа
добра|добра
приноситель|пріносітель
весь|весь
бо|бо
днⷭ҇е|днсе
невыдимы|невъідімъі
пльтиѫ̇|пльтіѫ
сѧ|сѧ
ꙗ̇ви|ꙗві
въсемоу|въсемоу
мии̇роу|мііроу
и̇|і
въсеи̇|въсеі
твари|тварі
надежаⷣ|надежад
приде|пріде
и̇|і
вꙿсе,|все
мꙋчимы̇|моучімъі
чл͠комъ|чл҃комъ
бѣсы|бѣсъі
и̇|і
цр͠ь|цр҃ь
и̇мь|імь
сѧ|сѧ
покаꙁа|показа
и̇|і
всѣмь|всѣмь
плѣникомь|плѣнікомь
приде|пріде
и̇ꙁбавлениє̇|ізбавленіе
и̇|і
ꙋбогыи̇хь|оубогъііхь
бг͠атьство|бг҃атьство
и̇|і
ѡ̇мраченꙿны|омраченнъі
и̇мь|імь
свѣть|свѣть
ꙁаблѫждъшимь|заблѫждъшімь
вожьⷣ|вожьд
похвалимь|похвалімь
браниꙗ̇|браніꙗ
прѣсвѣтлы|прѣсвѣтлъі
сеи̇|сеі
праꙁнⷣыкь|празндъікь
приде|пріде
бо|бо
рабомь|рабомь
свобода|свобода
и̇|і
грѣшныхь|грѣшнъіхь
простынѣ|простъінѣ
и̇|і
скврьнꙿныхь|скврьннъіхь
ѡ̇чищениє̇|очіщеніе
болѧщимь|болѧщімь
и̇цѣлениє̇|іцѣленіе
прии̇де|прііде
слѣпымь|слѣпъімь
ѡ̇чи|очі
а꙼|а
гⷧ҇ꙋхыи̇мь|глоухъіімь
слоухь|слоухь
даѫ̇|даѫ
приде|пріде
хромимь|хромімь
ꙁрⷣавиє̇|зрдавіе
раслабенимь|раслабенімь
быстрота|бъістрота
пѣгⷪ҇тивымь|пѣготівъімь
ѡ̇чищениѥ̇|очіщеніе
приде|пріде
лежѧщимь|лежѧщімь
вьстание̇|вьстаніе
приде|пріде
а̇лчьнымь|алчьнъімь
насыщениє̇|насъіщеніе
И̇|і
жалѧщимь|жалѧщімь
веселиє̇|веселіе
приде|пріде
гроубымь|гроубъімь
прѣмѫдрость|прѣмѫдрость
и̇|і
мр͠ьтвыи̇мь|мр҃ьтвъіімь
животь|жівоть
славимь|славімь
пришедꙿшаа꙼го|прішедшааго
наⷭ҇|нас
дѣльма|дѣльма
г͠а|г҃а
приде|пріде
бо|бо
и̇же|іже
сотонꙋ|сотоноу
ꙋмори|оуморі
и̇|і
и̇же|іже
а̇да|ада
плѣни|плѣні
приде|пріде
тлѣнию̇|тлѣнію
раꙁрⷣоушныкꙿ|разрдоушнъік
приде|пріде
же|же
вѣчнѣи̇|вѣчнѣі
жиꙁни|жізні
давеєць|давеець
и̇|і
бесꙿмр͠тию̇|бесмр҃тію
датель|датель
пріде|пріде
вь|вь
риꙁꙋ|різоу
беꙁьи̇стлѣниꙗ̇|безьістлѣніꙗ
ны|нъі
ѡ̇блачѧ|облачѧ
и̇|і
вь|вь
ѡ̇дєжѫⷣ|одежѫд
славьнѫ|славьнѫ
ѻ̇дѣваѥ̇|одѣвае
нась|нась
приде|пріде
праведыⷯ҇|праведъіх
хвала|хвала
и̇|і
твари|тварі
вꙿсеи̇|всеі
радость|радость
приде|пріде
прѣтькьшии̇хь|прѣтькьшііхь
сѧ|сѧ
мирь|мірь
приде|пріде
б͠ь|б҃ь
чловѣкомь|чловѣкомь
быⷭ҇|бъіс
ходатаи̇|ходатаі
приде|пріде
жє|же
житиꙗ̇|жітіꙗ
сеⷢ҇|сег
ⷪ҇|о
строи̇тель|строітель
приде|пріде
же|же
ѡ̇бетьшаниꙗ̇|обетьшаніꙗ
нашего|нашего
строи̇тель|строітель
ѡ̇новлению̇|оновленію
приде|пріде
и̇же|іже
нⷷ҇приꙗ̇ꙁꙿнины|непріꙗзнінъі
чл͠кы|чл҃къі
съ|съ
а꙼нгл͠ы|англ҃ъі
равьны|равьнъі
творить|творіть
приде|пріде
и̇же|іже
чеда|чеда
бж͠иꙗ̇|бж҃іꙗ
члв͠кы|члв҃къі
творить|творіть
приде|пріде
и̇же|іже
црⷭ҇твие̇|црствіе
нбⷭ҇ноѥ̇|нбсное
всѣмь|всѣмь
дає̇ть|даеть
сего|сего
дѣльма|дѣльма
днⷭ҇е|днсе
на|на
ꙁеми|земі
а꙼нгл͠ьскыѥ̇|англ҃ьскъіе
силы|сілъі
ликьствовахѫ|лікьствовахѫ
слава|слава
вь|вь
вӹшни|въішні
б͠ꙋ|б҃оу
и̇|і
на|на
ꙁеми|земі
мирь|мірь
вь|вь
чл͠вѣцѣхь|чл҃вѣцѣхь
бл͠говолениѥ̇|бл҃говоленіе
видѣшѧ|відѣшѧ
бо|бо
чюдо|чоудо
дивꙿно|дівно
и̇|і
оу̇жаса|оужаса
пльно|пльно
и̇|і
видѣшѧ|відѣшѧ
вꙿсѣхь|всѣхь
г͠а|г҃а
раби|рабі
ѡ̇браꙁь|образь
приѥ̇мьша|пріемьша
и̇|і
видѣшѧ|відѣшѧ
и̇ꙁꙿ|із
млада|млада
сиꙗ̇ю̇ща|сіꙗюща
и̇же|іже
вꙿсѧ|всѧ
младенꙿце|младенце
ꙩ̇живлаѥ̇|ожівлае
вь|вь
ѫ̇трбѣ|ѫтрбѣ
видѣшѧ|відѣшѧ
творꙿца|творца
а꙼дамова|адамова
приє̇мьша|пріемьша
младеньство|младеньство
да|да
а꙼дама|адама
свободить|свободіть
ѿ|от
грѣхь|грѣхь
видѣше|відѣше
велико|веліко
тає̇моє̇|таемое
И̇|і
невѣрꙋє̇мо|невѣроуемо
днⷭ҇ь|днсь
вꙿ|в
виѳлеѡ̇мѣ|віѳлеомѣ
створьшеѥ̇|створьшее
се|се
тѡгожеⷣ|тогожед
г͠а|г҃а
и̇|і
чл͠ка|чл҃ка
и̇ꙁь|ізь
жены|женъі
и̇ꙁьшедꙿша|ізьшедша
и̇|і
д͠вꙋ|д҃воу
дѣтища|дѣтіща
доѥ̇ща|доеща
и̇|і
видѣшѫ|відѣшѫ
и̇|і
рождешꙋю|рождешоую
самꙋ|самоу
те|те
и̇|і
прѣбывьшѧ|прѣбъівьшѧ
дв͠ою̇|дв҃ою
видѣшѫ|відѣшѫ
тѧ|тѧ
матере|матере
бы̇вшѧѫ̇|бъівшѧѫ
И̇|і
мꙋжа|моужа
не|не
ꙁнаѫ̇щꙋ|знаѫщоу
видѣше|відѣше
ново(ѥ)|новое
и̇|і
прѣславьно|прѣславьно
клась|клась
невьсѣꙗ̇ны|невьсѣꙗнъі
и̇|і
невъсаждени|невъсаждені
гроꙁдь|гроздь
и̇|і
беꙁь|безь
ѡ̇ц͠а|оц҃а
дѣтищь|дѣтіщь
что|что
рекꙋ|рекоу
и̇ли|ілі
како|како
и̇ꙁрекѫ|ізрекѫ
кои̇мь|коімь
ли|лі
ѡ̇браꙁомь|образомь
и̇сповѣмь|ісповѣмь
и̇же|іже
вꙿше|вше
и̇сповѣданыꙗ̇|ісповѣданъіꙗ
є̇сть|есть
дивꙿнѣи̇|дівнѣі
е̇сть|есть
матере|матере
сн͠ь|сн҃ь
по|по
и̇стинѣ|істінѣ
же|же
рещи|рещі
творець|творець
матери|матері
ѥⷭ҇|ес
сн͠ь|сн҃ь
соугоубо|соугоубо
бж͠иѥ̇|бж҃іе
рожьⷣство|рожьдство
ѥ̇сть|есть
ꙩ̇во|ово
всѣчьскымь|всѣчьскъімь
неи̇ꙁьгл͠анꙿно|неізьгл҃анно
а̇|а
дроуго|дроуго
и̇ꙁъгл͠ає̇мо|ізъгл҃аемо
и̇|і
гл͠ащии̇мы|гл҃ащіімъі
ѩ̇ꙁыкы|ѧзъікъі
ѡ̇гнемъ|огнемъ
ѡсипаѫ̇и̇|осіпаѫі
слово|слово
прѣжеⷣ|прѣжед
вѣкъ|вѣкъ
а꙼|а
дроугое̇|дроугое
вь|вь
послѣдьнаа̇|послѣдьнаа
лѣта|лѣта
ѿц͠а|отц҃а
ѡ̇боє̇|обое
ѿ|от
б͠а|б҃а
и̇|і
ѥ̇диного|едіного
а̇|а
дроугоє̇|дроугое
ѿ|от
дв͠ы|дв҃ъі
и̇|і
є̇диноѫ̇|едіноѫ
матере|матере
беꙁь|безь
матере|матере
бо|бо
ѥ̇сть|есть
на|на
небс͠ехь|небс҃ехь
и̇|і
беꙁь|безь
ѡ̇ц͠а|оц҃а
на|на
ꙁеми|земі
ни|ні
та(ѥ)мь|таемь
матере|матере
ни|ні
ꙁдѣ|здѣ
ѡ̇ц͠а|оц҃а
на|на
рожеⷣни(ие)|рожеднііе
трѣбова|трѣбова
горѣ|горѣ
трепещѫть|трепещѫть
а꙼нг͠лы̇|анг҃лъі
и̇|і
долѣ|долѣ
кореть|кореть
чл͠ци|чл҃ці
горѣ|горѣ
хероувими|хероувімі
ѥ̇моу|емоу
прѣстоли|прѣстолі
долѣ|долѣ
пещера|пещера
и̇|і
ꙗ̇сли|ꙗслі
ѥ̇мꙋ|емоу
мѣсто|мѣсто
горѣ|горѣ
вь|вь
славѣ|славѣ
неи̇сповѣдимѣи̇|неісповѣдімѣі
ѡ̇дѣꙗ̇нь|одѣꙗнь
и̇|і
долѣ|долѣ
вь|вь
пеленахь|пеленахь
ѡ̇бьвыть|обьвъіть
горѣ|горѣ
серафиⷨ|серафім
не|не
смѣѫ̇ть|смѣѫть
ꙁрѣти|зрѣті
и̇|і
долѣ|долѣ
блѫдꙿница|блѫдніца
по|по
ноꙁѣ|нозѣ
се|се
дрьжить|дрьжіть
є̇моу|емоу
горѣ|горѣ
нбнⷭ҇ыѫ̇|нбнсъіѫ
силы|сілъі
не|не
смѣѫ̇ть|смѣѫть
пристѫпити|прістѫпіті
и̇|і
долѣ|долѣ
сь|сь
грѣшꙿныкы|грѣшнъікъі
ꙗ̇сть|ꙗсть
горѣ|горѣ
цр͠ь|цр҃ь
надь|надь
цр͠и|цр҃і
и̇|і
долѣ|долѣ
оу̇богь|оубогь
є̇сть|есть
и̇|і
не|не
и̇мѣѥ|імѣе
ни|ні
гдѣ|гдѣ
главы|главъі
подьклонити|подьклоніті
горѣ|горѣ
вꙿсеи̇|всеі
твари|тварі
сꙋди|соуді
е̇сть|есть
и̇|і
долѣ|долѣ
беꙁь|безь
грѣха|грѣха
ѿ|от
пилата|пілата
сѫдь|сѫдь
приѥ̇млеть|пріемлеть
се|се
вьсе|вьсе
наⷭ҇|нас
дѣльма|дѣльма
милость|мілость
сьтвори|сьтворі
се|се
все|все
наⷭ҇|нас
ради|раді
оу̇богыхь|оубогъіхь
чл͠кь|чл҃кь
сьдѣꙗ̇|сьдѣꙗ
вь|вь
тьмѣ|тьмѣ
сѣдѫще|сѣдѫще
невѣдѣниꙗ̇|невѣдѣніꙗ
дѣє̇ть|дѣеть
така|така
бо|бо
и̇мамы|імамъі
млⷭ҇тива|млстіва
влкⷣѫ|влкдѫ
и̇|і
г͠а|г҃а
да|да
є̇гаⷣ|егад
прѣбольше|прѣбольше
вь|вь
нечьтⷭ҇ие̇|нечьтсіе
вьнидохомь|вьнідохомь
и̇|і
ꙁлѣ|злѣ
все|все
створихомь|створіхомь
и̇|і
соупостати|соупостаті
є̇мꙋ|емоу
быхомь|бъіхомь
ѿбѣгьшеи̇|отбѣгьшеі
ѿ|от
него|него
ты|тъі
быхомь|бъіхомь
доⷭ҇и̇ни|досіні
сѫдь|сѫдь
гⷪрькы|горькъі
и̇|і
люты|лютъі
приѧ̇ти|пріѧті
и̇|і
тогаⷣ|тогад
великѫѫ̇|велікѫѫ
мⷧтⷭь|млтсь
и̇|і
чл͠колюбиє̇|чл҃колюбіе
ѿ|от
негѻ|него
приѧ̇хомь|пріѧхомь
коѥ̇и|коеі
бо|бо
чтⷭ҇ь|чтсь
и̇же|іже
вь|вь
твари|тварі
бл͠аго|бл҃аго
не|не
послоужихомь|послоужіхомь
кымь|къімь
не|не
пом͠лихомь|пом҃ліхомь
сѧ|сѧ
и̇|і
слоужихомь|слоужіхомь
бѣсомъ|бѣсомъ
коє̇|кое
ꙁло|зло
и̇|і
ськꙿвꙿрьнениє̇|ськврьненіе
и̇|і
сьбесꙿчьстиѥ̇|сьбесчьстіе
нами|намі
сѧ|сѧ
не|не
сꙿтвори|створі
и̇ли|ілі
почⷭ҇ть|почсть
не|не
приѧ̇ть|пріѧть
ѿ|от
наⷭ҇|нас
раꙁвѣ|развѣ
є̇диного|едіного
и̇стинꙿнаа̇го|істіннааго
вꙿсѧ|всѧ
б͠гы|б҃гъі
приꙁвахомь|прізвахомь
н͠бо|н҃бо
и̇|і
ꙁемлѧ|землѧ
и̇|і
слн͠це|слн҃це
и̇|і
лоунѫ|лоунѫ
и̇|і
ꙁвѣꙁды|звѣздъі
и̇|і
горы|горъі
и̇|і
хльми|хльмі
и̇|і
дѫбиє̇|дѫбіе
и̇|і
и̇сточꙿныкь|істочнъікь
и̇|і
рѣкы|рѣкъі
и̇|і
камениє̇|каменіе
и̇|і
скоты|скотъі
всѣкы|всѣкъі
кь|кь
семоу|семоу
же|же
є̇ще|еще
и̇|і
сладостъ|сладостъ
и̇|і
оу̇биѥ̇ниє̇|оубіеніе
и̇|і
желаниѥ̇|желаніе
и̇|і
татьбѫ|татьбѫ
и̇|і
блѫдъ|блѫдъ
И̇|і
не|не
раꙁꙋмѣхоу|разоумѣхоу
и̇|і
ко|ко
б͠гы|б҃гъі
чьтѣхоу|чьтѣхоу
ты|тъі
ꙗ̇ꙃы|ꙗзъі
вса|вса
тако|тако
бо|бо
ни|ні
прѣльсти|прѣльсті
льстивии|льстівіі
сотона|сотона
ꙗ̇коже|ꙗкоже
сꙿкврьнымь|скврьнъімь
дѣломъ|дѣломъ
пⷪклѣнѣти|поклѣнѣті
и̇|і
и̇мѣти|імѣті
ꙗ̇ко|ꙗко
б͠гы|б҃гъі
нь|нь
и̇|і
тацѣмꙿ|тацѣм
ны|нъі
сꙋщимь|соущімь
и̇|і
бл͠годѣтивь|бл҃годѣтівь
б͠ь|б҃ь
не|не
прѣꙁрѣ|прѣзрѣ
наⷭ҇|нас
ни|ні
ѻ̇ста|оста
наⷭ҇|нас
вь|вь
тои̇|тоі
сꙿкврьнѣ|скврьнѣ
оу̇тоноути|оутоноуті
нь|нь
и̇деже|ідеже
прѣоумножи|прѣоумножі
сѧ|сѧ
грѣхꙿ|грѣх
и̇|і
тꙋ|тоу
и̇ꙁлиха|ізліха
бⷭ҇ы̇|бсъі
бл͠годѣть|бл҃годѣть
и|і
сьдѣлѣ|сьдѣлѣ
жє|же
добродѣтєль|добродѣтель
ѥ̇го|его
нашемоу|нашемоу
неприꙗ̇ꙁꙿньствоу|непріꙗзньствоу
да|да
щедрьствомь|щедрьствомь
и̇|і
млтⷭ҇иѫ̇|млтсіѫ
великоѫ̇|велікоѫ
приде|пріде
кь|кь
намь|намь
спⷭ҇ь|спсь
грѣшникомь|грѣшнікомь
самь|самь
наше|наше
врѣды|врѣдъі
и̇цѣлаѫ̇|іцѣлаѫ
ськры|ськръі
своє̇|свое
бж͠ество|бж҃ество
вь|вь
пльти|пльті
ꙗ̇ко|ꙗко
и̇|і
вь|вь
а꙼дѣ|адѣ
сьмрꙿтьнѣ|сьмртьнѣ
и̇|і
на|на
є̇ство|ество
приє̇мь|пріемь
и̇|і
чл͠комь|чл҃комь
сп͠сениѥ̇|сп҃сеніе
сьтвори|сьтворі
оу꙼гасиви|оугасіві
сꙿмрьть|смрьть
и̇|і
раꙁрⷣоуши|разрдоуші
бєꙁьчⷭ҇тие̇|безьчстіе
и̇|і
невѣрьство|невѣрьство
и̇|і
свеꙁа|свеза
вь|вь
бѣсовьскы̇|бѣсовьскъі
плькы̇|плькъі
и̇|і
ѡ̇стывь|остъівь
ни|ні
ѡ̇мраченꙿыѫ̇|омраченъіѫ
и̇|і
и̇стинꙿноѥ̇|істінное
видѣниє̇|відѣніе
вьсади|вьсаді
вь|вь
наⷭ҇|нас
и̇|і
вꙿсе|все
житиє̇|жітіе
прѣставивь|прѣставівь
и̇|і
оу̇нывьшеѥ|оунъівьшее
на|на
бесꙿмр͠тыє̇|бесмр҃тъіе
прѣстави|прѣставі
и̇|і
н͠ше|н҃ше
смѣшениѥ̇|смѣшеніе
вь|вь
ꙁемлꙋ|землоу
прѣклонено|прѣклонено
на|на
нб͠о|нб҃о
гледати|гледаті
оу꙼строи̇|оустроі
и̇|і
сьнабьдѣвꙿшимь|сьнабьдѣвшімь
ꙁаповѣди|заповѣді
ѥ̇го|его
цр͠ьство|цр҃ьство
ни|ні
далъ|далъ
є̇сть|есть
и̇|і
равьны|равьнъі
ни|ні
сь|сь
а꙼нг͠лы|анг҃лъі
створи|створі
сегⷪ|сего
дѣльма|дѣльма
лыкьствоуѥ̇мь|лъікьствоуемь
ц͠роу|ц҃роу
и̇ꙁьбавꙿникоу|ізьбавнікоу
нашемꙋ|нашемоу
днⷭ҇е|днсе
праꙁноуѫ̇ще|празноуѫще
раоуⷣє̇мь|раоудемь
сѧ|сѧ
похвалимь|похвалімь
оу꙼бо|оубо
братиѥ̇|братіе
ѿ|от
вꙿсеѫ̇|всеѫ
силоѫ̇|сілоѫ
бл͠годавъца|бл҃годавъца
нш͠его|нш҃его
и̇|і
добриⷨ|добрім
дѣлы|дѣлъі
оу̇красимь|оукрасімь
(се)|се
а꙼|а
не|не
рыꙁами|ръізамі
и̇|і
насладимь|насладімь
се|се
хвалами|хваламі
єго|его
а꙼|а
не|не
виномь|віномь
и̇|і
дары|даръі
принесемь|прінесемь
вьси|вьсі
ꙗ̇ко|ꙗко
влъсви|влъсві
цр͠ю|цр҃ю
прѣславномꙋ|прѣславномоу
и̇|і
не|не
бѫдѣмь|бѫдѣмь
хꙋждъши|хоуждъші
тѣхь|тѣхь
перꙿсѣнь|персѣнь
невѣрны̇хъ|невѣрнъіхъ
понеже|понеже
ѡ̇ни|оні
принесошѧ|прінесошѧ
ꙁлато|злато
а꙼ко|ако
ц͠рѣ|ц҃рѣ
чьтѧщє|чьтѧще
ꙁлато|злато
бо|бо
дань|дань
ц͠рѣ|ц҃рѣ
е̇сть|есть
принесѣмꙿ|прінесѣм
имы̇|імъі
вь|вь
ꙁлата|злата
мѣста|мѣста
вѣрѫ|вѣрѫ
несꙿкꙿ[вьр]ннѫ|несквьрннѫ
и̇|і
ꙁаконь|законь
истины̇|істінъі
принес[о]шѧ|прінесошѧ
ѡ̇ны|онъі
ливань|лівань
добровоньств[о]мь|добровоньствомь
б͠жества|б҃жества
ѥⷭ҇ства|есства
ѥ̇мꙋ|емоу
ꙗ̇влаѧ̇ще|ꙗвлаѧще
темиꙗ̇нъ|теміꙗнъ
добровонꙿны|добровоннъі
б͠оу|б҃оу
на|на
чⷭ҇ть|чсть
приносѧть|пріносѧть
принесемь|прінесемь
жⷷ҇|же
мы|мъі
вь|вь
ливана|лівана
мѣсто|мѣсто
житиє̇|жітіе
добро|добро
вонѣѫ̇ще|вонѣѫще
и̇|і
оу꙼гожеⷣниє̇мь|оугожедніемь
кь|кь
б͠оу|б҃оу
принесоше|прінесоше
же|же
и̇ꙁꙿмирьнѫ|ізмірьнѫ
ꙗ̇влꙗюще|ꙗвлꙗюще
оу꙼мр͠щениє̇|оумр҃щеніе
г͠не|г҃не
ꙁа|за
вьсе|вьсе
чл͠кы|чл҃къі
и̇ꙁꙿмирꙿнѫ|ізмірнѫ
и̇же|іже
помаꙁовахѫ|помазовахѫ
мр͠тваа꙼го|мр҃твааго
прьвии̇|прьвіі
принесемь|прінесемь
и̇|і
мы|мъі
оу꙼мр͠щениѥ̇|оумр҃щеніе
оу̇домь|оудомь
нашемь|нашемь
на|на
сꙿкꙿвꙿр̇ьнаꙗ̇|скврьнаꙗ
дѣла|дѣла
и̇|і
приє̇мьше|пріемьше
вѣсть|вѣсть
ѿ|от
а꙼нг͠ла|анг҃ла
И̇|і
и̇нѣмь|інѣмь
пѫте|пѫте
въꙁꙿвратишѧ|възвратішѧ
сѫ|сѫ
въ|въ
своꙗ̇|своꙗ
си|сі
и̇|і
ѡ̇ставишѫ|оставішѫ
и̇рода|ірода
метꙋща|метоуща
сѧ|сѧ
мы|мъі
же|же
влкⷣѫ|влкдѫ
съ|съ
а꙼нг͠лы|анг҃лъі
похвалимь|похвалімь
и̇|і
грѣшꙿнаа꙼го|грѣшнааго
примѣса|прімѣса
ѿбѣгьше|отбѣгьше
и̇|і
пꙋтемь|поутемь
и̇дѣмь|ідѣмь
ведꙋщины̇|ведоущінъі
на|на
млⷭ҇ть|млсть
кь|кь
г͠оу|г҃оу
б͠оу|б҃оу
ꙩ̇|о
хⷭ҇ѣ|хсѣ
і̇сⷭ҇ѣ|іссѣ
г͠и|г҃і
нашемь|нашемь
є̇моу|емоу
слава|слава
и̇|і
дрьжава|дрьжава
сь|сь
беꙁꙿначѧлꙿнымь|безначѧлнъімь
ꙩ̇ц͠емь|оц҃емь
и̇|і
сꙿ|с
прѣст͠ымь|прѣст҃ъімь
и̇|і
бл͠гы̇мь|бл҃гъімь
и̇|і
животворѧщимь|жівотворѧщімь
дх͠омь|дх҃омь
и̇|і
н͠нѣ|н҃нѣ
и̇|і
присно|прісно
и̇|і
вь|вь
вѣкы̇|вѣкъі
вѣко[мь]|вѣкомь
а꙼миⷩ҇|амін
С|с
Л|л
О|о
(В|в
О)|о
С|с
Т҇|т
Г|г
О|о
І|і
Ꙍ|о
(А)|а
Н|н
А|а
Ꙁ|з
Л|л
Атооу꙼стаго|атооустаго
на|на
ꙩ̇брѣꙁаниє̇|обрѣзаніе
гн͠е|гн҃е
Братиꙗ̇|братіꙗ
повѣсть|повѣсть
хощѫ|хощѫ
творити|творіті
ѡ̇|о
васили|васілі
бл͠женꙿнѣмь|бл҃женнѣмь
и̇|і
ѡ̇|о
є̇фрємѣ|ефремѣ
сурьꙗ̇нѣ|сурьꙗнѣ
ꙗ̇же|ꙗже
оу̇бо|оубо
ѡ̇|о
ꙩ̇ц͠и|оц҃і
н͠шемь|н҃шемь
тꙋ|тоу
оу꙼вѣдѣвше|оувѣдѣвше
ꙗ̇же|ꙗже
ѡ̇|о
див͠нѣмь|дів҃нѣмь
є̇фремѣ|ефремѣ
ѿ|от
нелъжиныхь|нелъжінъіхь
оу꙼сть|оусть
ѥ̇го|его
слышавꙿше|слъішавше
є̇фремъ|ефремъ
сеи̇|сеі
бл͠жены̇|бл҃женъі
вь|вь
пꙋсты̇ни|поустъіні
сы̇и̇|съіі
ѻ̇во|ово
просвѣщениѥ̇мь|просвѣщеніемь
ст͠го|ст҃го
дх͠а|дх҃а
видѣ|відѣ
ѡ̇во|ово
же|же
ѿ|от
любꙿве|любве
и̇|і
въпрашаниꙗ̇|въпрашаніꙗ
ꙋвѣдѣвь|оувѣдѣвь
дивьнаа꙼|дівьнаа
дѣла|дѣла
ѡ̇ц͠а|оц҃а
н͠шєго|н҃шего
василиꙗ̇|васіліꙗ
и̇|і
прилежно|прілежно
б͠а|б҃а
молѣше|молѣше
ѿкрыти|откръіті
е̇мⷹ|емоу
каковъ|каковъ
є̇сть|есть
великы|велікъі
василиє̇|васіліе
и̇|і
быⷭ҇|бъіс
въ|въ
ꙋжасти|оужасті
и̇|і
въ|въ
видѣни|відѣні
и̇|і
видѣ|відѣ
стльпъ|стльпъ
ѡ̇гꙿнень|огнень
є̇гоже|егоже
глава|глава
досѧгаше|досѧгаше
до|до
нб͠е|нб҃е
и̇|і
глась|глась
сь|сь
вышє|въіше
гл͠ѧ|гл҃ѧ
ѥ̇фреме|ефреме
и̇мьже|імьже
ѡ̇браꙁмь|образмь
видѣ|відѣ
стльпь|стльпь
ꙩ̇гꙿнень|огнень
то|то
таково|таково
ѥ̇стъ|естъ
великы|велікъі
василиє̇|васіліе
а꙼быѥ̇|абъіе
же|же
поѥ̇мь|поемь
съ|съ
собоѫ̇|собоѫ
тлька|тлька
ꙁане|зане
не|не
оу꙼мѣꙗ̇ше|оумѣꙗше
бесѣдовати|бесѣдоваті
грьцꙿкымь|грьцкъімь
ѧ̇ꙁыкомь|ѧзъікомь
и̇|і
приде|пріде
вь|вь
великои̇мениты|велікоіменітъі
градь|градь
кєсариѫ̇|кесаріѫ
и̇|і
доспѣ|доспѣ
вь|вь
самь|самь
ст͠ыи̇|ст҃ъіі
праꙁникь|празнікь
ст͠ыи̇хь|ст҃ъііхь
бг͠оꙗ̇влени|бг҃оꙗвлені
и̇|і
вьшедъ|вьшедъ
та(и̇)|таі
вь|вь
цр͠ькⷪ҇вь|цр҃ьковь
и̇|і
оу꙼ꙁрѣ|оузрѣ
и̇сходѫща|ісходѫща
вє̇ликаго|велікаго
василиꙗ̇|васіліꙗ
и̇|і
реⷱ҇|реч
е̇фремь|ефремь
ходѧщомоу|ходѧщомоу
сꙿ|с
нимь|німь
тлькꙋ|тлькоу
брате|брате
ꙗ̇ко|ꙗко
вь|вь
тьще|тьще
троудиховѣ|троудіховѣ
сѧ|сѧ
ꙗ̇коже|ꙗкоже
непꙿщоуѫ̇|непщоуѫ
брате|брате
сьи̇|сьі
бо|бо
въ|въ
такоⷨ҇|таком
сычиноу|съічіноу
и̇|і
чести|честі
члв͠чьстѣ|члв҃чьстѣ
нⷭ҇ѣ|нсѣ
ꙗ̇коже|ꙗкоже
видѣхь|відѣхь
видѣ|відѣ
бо|бо
ѡ̇бльчена|обльчена
ꙩ̇дежеⷣѫ̇|одежедѫ
бѣлоѫ̇|бѣлоѫ
[.]сѫщаа꙼го|сѫщааго
ѡ̇|о
нємь|немь
четⷭ҇ьнаа꙼го|четсьнааго
клироса|кліроса
бѣлоѡ̇браꙁꙋѫ̇ще|бѣлообразоуѫще
и̇|і
чтⷭ҇ь|чтсь
ѥ̇моу|емоу
творѫще|творѫще
и̇|і
ставꙿ|став
є̇фремь|ефремь
вь|вь
мѣстѣ|мѣстѣ
таи̇нѣ|таінѣ
цр͠ковьнѣмь|цр҃ковьнѣмь
не|не
чаа꙼ше|чааше
скаꙁанꙿнаа꙼го|сказаннааго
ѥ̇моу|емоу
и̇|і
гл͠ѫ|гл҃ѫ
вь|вь
себѣ|себѣ
мы|мъі
поношꙿеѥ|поношее
теготꙋ|теготоу
днⷭ҇е|днсе
воьнꙋ|воьноу
и̇|і
ꙁнои̇|зноі
и̇|і
ничесоже|нічесоже
оу̇спѣхомь|оуспѣхомь
а꙼|а
сеи̇|сеі
вь|вь
такомь|такомь
нѣговани|нѣговані
и̇|і
чтⷭ҇и|чтсі
ч͠лвⷺчьстѣи̇|ч҃лвѣчьстѣі
стльпь|стльпь
ѡ̇гꙿнень|огнень
є̇сть|есть
и̇|і
дивлахѫ|дівлахѫ
сѧ|сѧ
є̇мꙋ|емоу
и̇|і
раꙁьмышлаѫ̇щоу|разьмъішлаѫщоу
и̇|і
посла|посла
кь|кь
немꙋ|немоу
а꙼рꙿхиѥ̇пкⷭ҇оупь|архіепксоупь
а꙼рꙿхиⷣꙗ̇кона|архідꙗкона
и̇|і
рекь|рекь
и̇ди|іді
кь|кь
дверемь|дверемь
ꙁападꙿнымь|западнъімь
и̇|і
въ|въ
ꙋглѣ|оуглѣ
цр͠квьнѣмь|цр҃квьнѣмь
ѡ̇брѫщⱔши|обрѫщѧші
чрьнорыꙁьца|чрьноръізьца
и̇мѫща|імѫща
коукꙋль|коукоуль
сь|сь
и̇нѣмь|інѣмь
є̇динѣмь|едінѣмь
скѫда|скѫда
брада|брада
мала|мала
и̇|і
прочаа̇|прочаа
лица|ліца
ѥ̇го|его
и̇|і
реⷱ҇ши|речші
ѥ̇мꙋ|емоу
вьниди|вьніді
въ|въ
ст͠ылище|ст҃ъіліще
ꙁоветь|зоветь
тѧ|тѧ
а꙼рхиѥ̇пкⷭ҇оупь|архіепксоупь
а꙼рхидиꙗ̇конь|архідіꙗконь
же|же
троудомь|троудомь
великомь|велікомь
раꙁрѣꙗ̇вь|разрѣꙗвь
(л͠ю)ди|л҃юді
и̇|і
дои̇де|доіде
же|же
и̇деже|ідеже
стоꙗ̇ше|стоꙗше
прѣпоⷣбны|прѣподбнъі
ѥ̇фремь|ефремь
гл͠а|гл҃а
а̇риⷯдиꙗ̇конь|аріхдіꙗконь
кь|кь
є̇фремоу|ефремоу
г͠и|г҃і
бл͠гослови|бл҃гослові
пои̇ди|поіді
и̇|і
вьниди|вьніді
вь|вь
ст͠лище|ст҃ліще
ꙁоветь|зоветь
тѧ|тѧ
ѻ̇ц͠ь|оц҃ь
а̇рхиє̇пкⷭ҇оупь|архіепксоупь
и̇|і
оу̇вⷣѣ|оувдѣ
тлъкомь|тлъкомь
гл͠емоє̇|гл҃емое
ѿ|от
диꙗ̇кона|діꙗкона
и̇|і
ѿвѣща|отвѣща
ѥ̇моу|емоу
гл͠ѧ|гл҃ѧ
ѡ̇блаꙁниль|облазніль
сѧ|сѧ
є̇си|есі
братє|брате
мы|мъі
странꙿны̇|страннъі
ѥ̇смы̇|есмъі
ꙁеⷣ|зед
и̇|і
не|не
ꙁнае̇ми|знаемі
ѥ̇моу|емоу
шедъ|шедъ
же|же
диꙗ̇конь|діꙗконь
и̇|і
вьꙁвѣтⷭи|вьзвѣтсі
василию̇|васілію
а꙼|а
великомꙋ|велікомоу
василиоу̇|васіліоу
прⷪчинаѫ̇щомоу|прочінаѫщомоу
книгы̇|кнігъі
людемь|людемь
и̇|і
видѣ|відѣ
прѣпоⷣбныи|прѣподбнъіі
(ѥпремь|епремь
ѩꙁыкь|ѧзъікь
ꙩ̇гꙿнень|огнень
и̇сходѧщи|ісходѧщі
ѿ|от
оу꙼сть|оусть
є̇го|его
ѥ̇гаⷣ|егад
а꙼рꙿхидиꙗ̇кови|архідіꙗкові
реⷱ҇|реч
а꙼рхиѥ̇пкⷭ҇оупь|архіепксоупь
пакы|пакъі
и̇ди|іді
и̇|і
рꙿци|рці
гн͠е|гн҃е
е̇фреме|ефреме
оу꙼бѣди|оубѣді
се|се
и̇|і
вьниди|вьніді
въ|въ
ст͠ы|ст҃ъі
ѡ̇льтаръ|ольтаръ
ꙁоветь|зоветь
те|те
а꙼рꙿхипкⷭ҇оупь|архіпксоупь
и̇|і
шедь|шедь
а꙼рꙿхидиꙗ̇конь|архідіꙗконь
лобьꙁа|лобьза
и̇|і
вь|вь
плеснѣ|плеснѣ
ѥ̇го|его
и̇|і
реⷱ҇|реч
ѥ̇моу|емоу
г͠и|г҃і
ѥ̇фреме|ефреме
ꙁоветь|зоветь
тѧ|тѧ
а꙼рꙿхиє̇пкⷭ҇оупь|архіепксоупь
да|да
вꙿнидеши|внідеші
вь|вь
ст͠ы|ст҃ъі
ѡ̇льꙿтарь|ольтарь
и̇|і
вьꙁвⷣиже|вьзвдіже
сѧ|сѧ
ѻ̇|о
сихь|сіхь
прѣпоⷣбны̇|прѣподбнъі
и̇|і
прѣславьни|прѣславьні
ѥ̇фремь|ефремь
и̇|і
прослави̇|прославі
б͠а|б҃а
и̇|і
створивь|створівь
жє|же
покаа꙼ниѥ̇|покааніе
и̇|і
рече|рече
вь|вь
и̇стинѫ|істінѫ
великь|велікь
ѥ̇сть|есть
василиє̇|васіліе
вь|вь
и̇стинѫ|істінѫ
дх͠ь|дх҃ь
ст͠ы|ст҃ъі
вѣщає̇ть|вѣщаеть
оу̇сты̇|оустъі
василиѥ̇вы̇|васіліевъі
и̇|і
ѿвѣща|отвѣща
ѥ̇моу|емоу
и̇|і
реⷱ҇|реч
ꙗ̇ко|ꙗко
по|по
сконꙿчани|скончані
ст͠ѣи̇|ст҃ѣі
литрьгии̇|літрьгіі
вьсѧ|вьсѧ
сѫдохранилꙿницѣ|сѫдохранілніцѣ
цѣлꙋѫ̇и̇|цѣлоуѫі
въшедь|въшедь
же|же
по|по
ѿпоущєнии̇|отпоущеніі
вь|вь
сꙋсꙋдохранилꙿникъ|соусоудохранілнікъ
а꙼рхиє̇пискꙋпь|архіепіскоупь
и̇|і
приꙁва|прізва
прѣподобнаго|прѣподобнаго
е̇фрема|ефрема
и̇|і
ѡ|о
г͠и|г҃і
цѣлⷪ҇ваниѥ̇|цѣлованіе
дасть|дасть
е̇мꙋ|емоу
и̇|і
гл͠а|гл҃а
е̇моу|емоу
добрѣ|добрѣ
приде|пріде
братє̇|брате
и̇|і
ѡ̇ч͠е|оч҃е
и̇|і
чѧдо|чѧдо
пꙋстиньныхь|поустіньнъіхь
добрѣ|добрѣ
приде|пріде
оу꙼множивы|оумножівъі
вь|вь
неи̇|неі
оу꙼ченикы|оученікъі
хвыⷭ҇|хвъіс
и̇|і
бѣси|бѣсі
ѿгнавь|отгнавь
ꙩ̇|о
хⷭ҇ѣ|хсѣ
и̇|і
вь|вь
чꙿто|что
троудь|троудь
твои̇|твоі
ѡ̇ч͠е|оч҃е
и̇|і
приⷣ|прід
ⷷⷷ|ее
видѣти|відѣті
грѣшꙿнаа꙼го|грѣшнааго
чл͠ка|чл҃ка
дажьⷣ|дажьд
ти|ті
г͠ь|г҃ь
по|по
троудꙋ|троудоу
твоє̇моу|твоемоу
мѫꙁдѫ|мѫздѫ
ѿвѣща|отвѣща
же|же
е̇мꙋ|емоу
чⷭ҇тьны̇|чстьнъі
ѥ̇фремь|ефремь
и̇|і
и̇ꙁрⷷ҇кь|ізрекь
вь|вь
сьдѣланьнаꙗ̇|сьдѣланьнаꙗ
и̇|і
гл͠анаꙗ꙼|гл҃анаꙗ
вь|вь
срцⷣи|срцді
ѥ̇го|его
и̇|і
сь|сь
сꙋщимь|соущімь
сꙿ|с
нимь|німь
чрьнориꙁьцемь|чрьнорізьцемь
и̇|і
вьꙁеть|вьзеть
комьканиє̇|комьканіе
ѿ|от
ст͠ыѫ̇|ст҃ъіѫ
рѫкоу|рѫкоу
и̇|і
створꙿшимь|створшімь
любовь|любовь
и̇|і
реⷱ҇|реч
прѣпоⷣбꙿны̇|прѣподбнъі
ѥ̇фремь|ефремь
ѻ̇ч͠е|оч҃е
чⷭ҇тьны̇|чстьнъі
ѥ̇диного|едіного
просѧ|просѧ
дара|дара
оу̇|оу
тебє|тебе
и̇|і
сего|сего
вьсхощи|вьсхощі
дати|даті
ми|мі
ѡ̇нь|онь
же|же
реⷱ҇|реч
рьци|рьці
и̇|і
и̇ꙁꙿрьци|ізрьці
мꙿнимаꙗ̇|мнімаꙗ
тебѣ|тебѣ
и̇|і
паче|паче
ꙩ̇|о
троудѣ|троудѣ
твоѥ̇мꙿь|твоемь
е̇же|еже
кь|кь
мнѣ|мнѣ
приде|пріде
и̇|і
гл͠а|гл҃а
ѥ̇мꙋ|емоу
прѣпоⷣбны̇|прѣподбнъі
ѥ̇фремь|ефремь
вѣдѣ|вѣдѣ
ѡ̇ч͠е|оч҃е
ст͠ыи̇|ст҃ъіі
ꙗ̇ко|ꙗко
е̇лико|еліко
проси|просі
просиши|просіші
ѿ|от
б͠а|б҃а
дасти|дасті
и̇|і
хощѧ|хощѧ
да|да
оу꙼мⷪлиши|оумоліші
б͠а|б҃а
да|да
вьꙁьгл͠ѫ|вьзьгл҃ѫ
грьцꙿкы̇|грьцкъі
ѿнь|отнь
же|же
реⷱ҇|реч
выше|въіше
силы̇|сілъі
прошениѥ̇|прошеніе
нь|нь
понеже|понеже
вѣрꙿнѣ|вѣрнѣ
просиши|просіші
грѧди|грѧді
ѡ̇ч͠е|оч҃е
чⷭ҇ттьны̇|чсттьнъі
и̇|і
поустынꙿи|поустъіні
наставьниче|наставьніче
да|да
пом͠оливѣ|пом҃олівѣ
сѧ|сѧ
б͠ꙋ|б҃оу
мощно|мощно
бо|бо
ѥ̇сть|есть
створити|створіті
волѫ|волѫ
твоѫ̇|твоѫ
писанꙿно|пісанно
бо|бо
ѥ̇сть|есть
волѫ|волѫ
боѩ̇щихь|боѧщіхь
сѧ|сѧ
є̇|е
створить|створіть
и̇|і
мл͠твѫ|мл҃твѫ
и̇хь|іхь
оу̇слы[..]ть|оуслъіть
и̇|і
сп͠сеть|сп҃сеть
ѩ̇|ѧ
и̇|і
сꙿтворьшема|створьшема
(ж͠е)|ж҃е
и̇ма|іма
мл͠твѫ|мл҃твѫ
на|на
дльгь|дльгь
чаⷭ҇|час
и̇|і
въставьшема|въставьшема
жє|же
и̇ма|іма
и̇|і
реⷱ҇|реч
великы|велікъі
василиє̇|васіліе
чесо|чесо
ради|раді
г͠и|г҃і
ѥ̇фреме|ефреме
не|не
приѥ̇меши|пріемеші
свѧ͠щениꙗ̇|свѧ҃щеніꙗ
прⷷ҇ꙁвитерьскаа꙼го|презвітерьскааго
достои̇ть|достоіть
бо|бо
и̇|і
г͠ла|г҃ла
ѥ̇мꙋ|емоу
є̇фремь|ефремь
тлькомь|тлькомь
ꙁане|зане
грѣшень|грѣшень
є̇сьмь|есьмь
и̇|і
ѿвѣща|отвѣща
ѥ̇мꙋ|емоу
ст͠ы|ст҃ъі
василиѥ̇|васіліе
да|да
бихь|біхь
а꙼ꙁь|азь
гръхы̇|гръхъі
твоѧ̇|твоѧ
и̇маль|імаль
и̇|і
рече|рече
ѥ̇мꙋ|емоу
створє̇вѣ|створевѣ
поклонениѥ̇|поклоненіе
и̇|і
лежѫщима|лежѫщіма
(ж͠е)|ж҃е
има|іма
на|на
ꙁеми|земі
наложии|наложіі
рѫкѫ|рѫкѫ
на|на
прѣпоⷣбꙿнаа꙼го|прѣподбнааго
є̇фрема|ефрема
великы|велікъі
ст͠итель|ст҃ітель
василиє̇|васіліе
и̇|і
реⷱ҇|реч
мⷪлитвѫ|молітвѫ
диꙗ̇коньскѫ|діꙗконьскѫ
тⷪ҇ꙋже|тооуже
вьꙁьдвигнѫ|вьзьдвігнѫ
и̇|і
оу꙼ꙗ̇снившꙋ|оуꙗснівшоу
сѧ|сѧ
ѧ̇ꙁыкоу|ѧзъікоу
е̇го|его
и̇|і
реⷱ҇|реч
ст͠ы|ст҃ъі
е̇фремь|ефремь
грьцкымь|грьцкъімь
ѫ̇ꙁыкомь|ѫзъікомь
сп͠си|сп҃сі
и̇|і
пом͠лоуи|пом҃лоуі
ꙁастоупи|застоупі
сꙿхрани|схрані
ны̇|нъі
б͠е|б҃е
твоеѫ̇|твоеѫ
бл͠годѣтиѫ̇|бл҃годѣтіѫ
и̇|і
сьбыⷭ҇|сьбъіс
се|се
писаниє̇|пісаніе
ѿгаⷣ|отгад
скочитꙿ|скочіт
ꙗ̇ко|ꙗко
и̇|і
є̇лень|елень
хромы|хромъі
и̇|і
ꙗ̇сень|ꙗсень
боудеть|боудеть
ѧ̇ꙁыкь|ѧзъікь
гьгꙿниваго|гьгніваго
и̇|і
прогл͠авьшꙋ|прогл҃авьшоу
є̇мꙋ|емоу
грьцꙿкы̇|грьцкъі
и̇|і
въси|въсі
ѿмь|отмь
часѣ|часѣ
прославишѧ|прославішѧ
б͠а|б҃а
въсемощꙿнаго|въсемощнаго
и̇|і
послоушаѫ̇|послоушаѫ
мⷪл͠ениѥ̇|мол҃еніе
боє̇щихь|боещіхь
сѧ|сѧ
є̇го|его
и̇|і
дх͠овꙿно|дх҃овно
повеселивь|повеселівь
сѧ|сѧ
сь|сь
нима|німа
и̇|і
на|на
тꙿри|трі
дн͠и|дн҃і
ѡ̇ст͠и|ост҃і
е̇го|его
преꙁвитерѣ|презвітерѣ
а꙼|а
тлька|тлька
диꙗ̇кона|діꙗкона
и̇|і
ѿпоусти|отпоусті
ꙗ̇|ꙗ
сь|сь
миромь|міромь
славѧща|славѧща
б͠а|б҃а
ѻ̇|о
нихьже|ніхьже
слышаста|слъішаста
и̇|і
видѣста|відѣста
ꙗ̇коже|ꙗкоже
гл͠ано|гл҃ано
быⷭ҇|бъіс
и̇ма|іма
и̇|і
бг͠оу|бг҃оу
нашемꙋ|нашемоу
слава|слава
вь|вь
вѣкы̇|вѣкъі
вѣкѻⷨ|вѣком
Повѣда|повѣда
ми|мі
и̇|і
се|се
прѣжеⷣ|прѣжед
реⷱ҇ны̇и|речнъіі
и̇|і
приснопомыⷩ҇мы|пріснопомъінмъі
мѫжь|мѫжь
є̇ладии|еладіі
ꙗ̇ко|ꙗко
вь|вь
ѥ̇динь|едінь
ѿ|от
дн͠и|дн҃і
ѡ̇сиꙗ̇нь|осіꙗнь
быⷭ҇|бъіс
прѣпоⷣбꙿны̇|прѣподбнъі
ѡ̇ц͠ъ|оц҃ъ
нашь|нашь
василиє̇|васіліе
просвѣщень|просвѣщень
силоѫ̇|сілоѫ
прѣст͠аа꙼го|прѣст҃ааго
и̇|і
животворѧщаа꙼гⷪ|жівотворѧщааго
дх͠а|дх҃а
и̇ꙁыде|ізъіде
и̇ꙁ|із
граⷣ|град
своѥ̇го|своего
и̇|і
никомꙋже|нікомоуже
не|не
рекь|рекь
камо|камо
хощеть|хощеть
и̇|і
ть|ть
и̇ти|іті
и̇|і
вьшедъ|вьшедъ
прѣдь|прѣдь
въсѣмы|въсѣмъі
нами|намі
и̇|і
рече|рече
чѧдъца|чѧдъца
моꙗ̇|моꙗ
и̇дѣте|ідѣте
(п͠о)|п҃о
мнѣ|мнѣ
да|да
оу꙼ꙁ(р)ите|оузріте
коупно|коупно
сь|сь
мноѫ̇|мноѫ
славѫ|славѫ
бж͠иѫ̇|бж҃іѫ
і̇|і
и̇де|іде
вь|вь
вьсь|вьсь
нѣкоу|нѣкоу
и|і
видѣ|відѣ
тоу|тоу
женꙋ|женоу
и|і
реⷱ҇|реч
кь|кь
нѣи|нѣі
мариѥ̇|маріе
гⷣѣ|гдѣ
ѥⷭ҇|ес
моужь|моужь
твои̇|твоі
теѡктиристь|теоктірість
ѡна|она
же|же
реⷱ҇|реч
дѣлаѥть|дѣлаеть
ꙁⱔмлоу|зѧмлоу
и̇|і
приіти|прііті
и̇мать|імать
довеⷱра|довечра
и̇|і
реⷱ҇|реч
ст͠ии̇|ст҃іі
василиѥ̇|васіліе
вѣдѣ|вѣдѣ
ꙗ̇ко|ꙗко
жена|жена
є̇си|есі
ѥ̇мꙋ|емоу
и̇ме̇немь|іменемь
сестра|сестра
же|же
вещиѧ̇|вещіѧ
и̇|і
оу꙼жа(жа)сна|оужажасна
быⷭ҇|бъіс
жена|жена
и̇|і
трепетомь|трепетомь
ѡ̇бꙿнѧта|обнѧта
и̇|і
паде|паде
на|на
ꙁеми|земі
вьпиѫ̇щи|вьпіѫщі
и̇|і
гл͠ѧщи|гл҃ѧщі
ст͠ьче|ст҃ьче
бж͠и|бж҃і
мⷪ҇ли|молі
ꙁа|за
мѧ|мѧ
грѣшꙿнѫѫ̇|грѣшнѫѫ
ꙗ̇ко|ꙗко
великы̇|велікъі
и̇|і
дивьнꙋ|дівьноу
вижѫⷣ|віжѫд
на|на
тебѣ|тебѣ
вєщи|вещі
и̇|і
створи|створі
надꙿ|над
неѫ̇|неѫ
мл͠твѫ|мл҃твѫ
и̇|і
прѣдь|прѣдь
вьсѣми|вьсѣмі
и̇дѣше|ідѣше
и̇|і
пришєдьшимь|прішедьшімь
вь|вь
домь|домь
поповь|поповь
и̇|і
срѣте|срѣте
и̇|і
попь|попь
и̇|і
ѡ̇блобыꙁа|облобъіза
чьснѣи̇|чьснѣі
ноꙃѣ|нозѣ
є̇го|его
и̇|і
дасть|дасть
є̇мꙋ|емоу
ѥ̇же|еже
ѡ̇|о
г͠и|г҃і
цѣлованиѥ̇|цѣлованіе
и̇|і
гл͠а|гл҃а
є̇мꙋ|емоу
прєꙁвитерь|презвітерь
ѿ|от
кѫдꙋ|кѫдоу
се|се
мнѣ|мнѣ
да|да
придєть|прідеть
св͠ѧтець|св҃ѧтець
б͠а|б҃а
мⷪ҇ѥ̇го|моего
кь|кь
мнѣ|мнѣ
и̇|і
гл͠а|гл҃а
ѥ̇мꙋ|емоу
ѡ̇ц͠ь|оц҃ь
нш͠ь|нш҃ь
василиѥ̇|васіліе
добрѣ|добрѣ
те|те
ѡ̇брѣтохь|обрѣтохь
оу꙼чениче|оученіче
хв͠ь|хв҃ь
и̇|і
реⷱ҇|реч
и̇дѣмь|ідѣмь
и̇|і
створимь|створімь
бж͠єстꙿвнꙋю̇|бж҃ествноую
литꙋрьгиѫ̇|літоурьгіѫ
бѣше|бѣше
же|же
тьи̇|тьі
преꙁвитерь|презвітерь
по|по
вьсѫ|вьсѫ
дꙿн͠и|дн҃і
раꙃвѣ|развѣ
сѫботы̇|сѫботъі
и̇|і
недѣлѫ|недѣлѫ
не|не
прикасⷶѧ̇|прікасаѧ
се|се
ничесожⷨе|нічесожме
нь|нь
тьчиѫ̇|тьчіѫ
хлѣбѣ|хлѣбѣ
и̇|і
водѣ|водѣ
шедъшⷷ҇|шедъше
нама|нама
въ|въ
ст͠ѫѫ̇|ст҃ѫѫ
црк͠вь|црк҃вь
и̇|і
повелѣ|повелѣ
попови|попові
литоурьгисати|літоурьгісаті
ꙩ̇нь|онь
же|же
реⷱ҇|реч
бж͠и|бж҃і
ст͠ьче|ст҃ьче
ꙗ̇коже|ꙗкоже
оу꙼чи|оучі
мене|мене
большимь|большімь
блг͠ословлѣше|блг҃ословлѣше
сѧ|сѧ
и̇|і
гл͠а|гл҃а
є̇мꙋ|емоу
прѣпоⷣбны̇|прѣподбнъі
ѡ̇ць|оць
нш͠ь|нш҃ь
василиє̇|васіліе
сь|сь
всѣми|всѣмі
си|сі
добринѣми|добрінѣмі
и̇мѣи̇|імѣі
послоушаниѥ̇|послоушаніе
и̇|і
послоуша|послоуша
попь|попь
и̇|і
ста|ста
на|на
ст͠ои̇|ст҃оі
слоужьбѣ|слоужьбѣ
и̇|і
въ|въ
врѣме|врѣме
животворѧщаа̋гⷪ|жівотворѧщааго
тѣла|тѣла
г͠а|г҃а
наше(..)|наше
і̇с͠а|іс҃а
хаⷭ҇|хас
и̇|і
видѣ|відѣ
ст͠єць|ст҃ець
бж͠и|бж҃і
ѥ̇теры|етеръі
доⷭ҇и̇ныхь|досінъіхь
бѣлоѡ̇браꙁныѫ̇|бѣлообразнъіѫ
и̇|і
прѣст͠аа̇го|прѣст҃ааго
дх͠а|дх҃а
сьшедьша|сьшедьша
видѣ|відѣ
видомь|відомь
ѡ̇гꙿномь|огномь
ѡ̇бишедьша|обішедьша
преꙁвитера|презвітера
и̇|і
ст͠аа̇го|ст҃ааго
ѡльтарѣ|ольтарѣ
и̇|і
комькавьшимь|комькавьшімь
сѧ|сѧ
намь|намь
и̇|і
похвалихомь|похваліхомь
б͠а|б҃а
и̇|і
и̇дохомь|ідохомь
вь|вь
домь|домь
поповь|поповь
и̇|і
прие̇мьше|пріемьше
пищѫ|піщѫ
и̇|і
реⷱ҇|реч
попоу|попоу
ст͠ы̇|ст҃ъі
василиѥ̇|васіліе
повѣждъ|повѣждъ
ми|мі
ѿ|от
кѫдꙋ|кѫдоу
ти|ті
є̇сть|есть
дарь|дарь
сьи̇|сьі
и̇|і
что|что
ти|ті
ѥ̈сть|есть
житие̇|жітіе
гл͠а|гл҃а
е̇моу|емоу
преꙁвитерь|презвітерь
а꙼ꙁь|азь
ст͠ьче|ст҃ьче
бж͠и|бж҃і
чл͠кь|чл҃кь
е̇смь|есмь
грѣшень|грѣшень
подлежѫ|подлежѫ
людъскымь|людъскъімь
данⷷ҇мь|данемь
и̇мамь|імамь
же|же
два|два
сьпрѫга|сьпрѫга
воловь|воловь
да|да
є̇динѣмь|едінѣмь
а꙼ꙁь|азь
ѡ̇рѫ|орѫ
а̇|а
дроугымь|дроугъімь
ми|мі
ратаи̇|ратаі
ѡ̇ре|оре
ѻ̇во|ово
бо|бо
є̇сть|есть
на|на
слоужбѫ|слоужбѫ
нищимь|ніщімь
а̇|а
дроугы̇|дроугъі
на|на
слоужꙿбꙋ|слоужбоу
данꙿныю̇|даннъію
и̇|і
е̇сть|есть
клевреты̇нѣ|клевретъінѣ
моꙗ̇|моꙗ
є̇же|еже
ми|мі
ѥⷭ҇|ес
жена|жена
слоужѫщи|слоужѫщі
нищимь|ніщімь
и̇|і
странꙿны̇мь|страннъімь
и̇|і
и̇нѣмь|інѣмь
и̇|і
гл͠а|гл҃а
є̇мꙋ|емоу
василиѥ̇|васіліе
ꙁови|зові
сестрѫ|сестрѫ
си|сі
ꙗ̇коже|ꙗкоже
и̇|і
е̇стъ|естъ
и̇|і
рꙿци|рці
ми|мі
прочѫѫ̇|прочѫѫ
свою̇|свою
добрынꙋ|добръіноу
и̇|і
гл͠а|гл҃а
ѥ̇моу|емоу
попь|попь
не|не
и̇ма(мь)|імамь
никоє̇гоже|нікоегоже
добра|добра
на|на
ꙁеми|земі
странень|странень
е̇сьмь|есьмь
весь|весь
ꙩ̇|о
дѣтели|дѣтелі
добрии̇хь|добрііхь
тогаⷣ|тогад
гл͠а|гл҃а
е̇мꙋ|емоу
ѡ̇бꙿщин͠ша|общін҃ша
василиє̇|васіліе
ꙩ̇ц͠ь|оц҃ь
вьстани|вьстані
и̇|і
и̇ди|іді
сь|сь
мноѫ̇|мноѫ
и̇|і
веди|веді
ме|ме
кь|кь
є̇динои̇|едіноі
клѣти|клѣті
домꙋ|домоу
твⷪ҇его|твоего
и̇|і
реⷱ҇|реч
ѥ̇мꙋ|емоу
ѿврьꙁи|отврьзі
ми|мі
двери|двері
ѻ̇нь|онь
же|же
гл͠а|гл҃а
е̇мꙋ|емоу
ни|ні
ст͠ьче|ст҃ьче
бж͠ии̇|бж҃іі
не|не
моꙃи|мозі
вьнити|вьніті
ꙗ̇ко|ꙗко
трѣбованиѥ̇|трѣбованіе
е̇сть|есть
домⷪ҇нⷡо|домонво
и̇|і
гл͠а|гл҃а
е̇мꙋ|емоу
василиє̇|васіліе
а̇ꙁь|азь
ѡ̇|о
семь|семь
придохь|прідохь
на|на
трѣбованиѥ̇|трѣбованіе
се|се
и̇|і
не|не
хотѧщꙋ|хотѧщоу
преꙁвⷩ҇терꙋ|презвнтероу
ѿклоучити|отклоучіті
и̇|і
ключе|ключе
словомь|словомь
ѿврьꙁе|отврьзе
чюдесꙿны̇|чоудеснъі
нашь|нашь
ꙩ̇ц͠ь|оц҃ь
василиє̇|васіліе
и̇|і
вьшедъ|вьшедъ
ѡ̇брѣте|обрѣте
тоу|тоу
мѫжа|мѫжа
врѣдьна|врѣдьна
ѿпадьшимь|отпадьшімь
оу̇домь|оудомь
є̇го|его
ѿ|от
тѣла|тѣла
многомь|многомь
и̇|і
никоⷮже|нікотже
не|не
вѣдѣше|вѣдѣше
соущаа꙼го|соущааго
тꙋ|тоу
нь|нь
тьчиѫ̇|тьчіѫ
преꙁвитерь|презвітерь
и̇|і
сестра|сестра
є̇го|его
гл͠а|гл҃а
прѣпоⷣбны̇|прѣподбнъі
ѡ̇ц͠ь|оц҃ь
василиє̇|васіліе
попови|попові
почто|почто
хотѣ|хотѣ
ѿ|от
мене|мене
потаи̇ти|потаіті
скровище|скровіще
се|се
и̇|і
гл͠а|гл҃а
ѥ̇моу|емоу
попꙿь|попь
ѡ̇стро|остро
е̇сть|есть
владико|владіко
слово|слово
и̇|і
оу̇боꙗ̇хь|оубоꙗхь
сѧ|сѧ
є̇да|еда
каⷦ|как
ⷪ|о
прѣреⷱ҇ть|прѣречть
вь|вь
слово|слово
и̇|і
гл͠а|гл҃а
ѥ̇мꙋ|емоу
ꙩ̇ц͠ь|оц҃ь
нашь|нашь
василиє̇|васіліе
добрѣ|добрѣ
подвиꙁа|подвіза
сѧ|сѧ
ѡ̇|о
немь|немь
нь|нь
не|не
дѣи̇|дѣі
мене|мене
вь|вь
нощь|нощь
сиѫ̇|сіѫ
послоужити|послоужіті
є̇мⷹ|емоу
да|да
и̇|і
а̇ꙁь|азь
тебє|тебе
ради|раді
примꙋ|прімоу
мьꙁдѫ|мьздѫ
и̇|і
ѡ̇ставльше|оставльше
ст͠ьца|ст҃ьца
бж͠иꙗ|бж҃іꙗ
вь|вь
клѣти|клѣті
сь|сь
клосникомꙿь|клоснікомь
ни|ні
гл͠аса|гл҃аса
же|же
нⷷмаше|немаше
гл͠ати|гл҃аті
лютостиѫ̇|лютостіѫ
врѣда|врѣда
и̇|і
ꙁатворьше|затворьше
двери|двері
ѡ̇тидохомь|отідохомь
врачь|врачь
же|же
врѣдовьны̇|врѣдовьнъі
сътвори|сътворі
надꙿ|над
нымь|нъімь
мл͠твѫ|мл҃твѫ
ѡ̇бꙿ|об
нощъ|нощъ
вьсѧ|вьсѧ
мⷪ҇лѫ|молѫ
б͠а|б҃а
вьсѣкѫ|вьсѣкѫ
ѥ̇ꙁоу|езоу
и̇|і
всѣкѫ|всѣкѫ
болѣꙁьнь|болѣзьнь
и̇цѣлѣѫ̇щаго|іцѣлѣѫщаго
и̇сцѣли|ісцѣлі
и̇|і
гл͠а|гл҃а
намь|намь
преꙁвитерь|презвітерь
слава|слава
тебѣ|тебѣ
бж͠е|бж҃е
створѫ|створѫ
и̇|і
волꙋ|волоу
бⷪ҇ѥ̇щихь|боещіхь
сⱑ|сѧ
тебе|тебе
и̇|і
молениꙗ̇|моленіꙗ
и̇хꙿь|іхь
послоушаѩ̇|послоушаѧ
и̇|і
оу̇же|оуже
врачь|врачь
створи|створі
болещаго|болещаго
ꙁдрава|здрава
и̇|і
а꙼биє̇|абіе
вьꙁгл͠аси|вьзгл҃асі
ст͠ець|ст҃ець
бж͠и|бж҃і
ѿврьꙁѣте|отврьзѣте
намь|намь
двери|двері
и̇|і
и̇ꙁведе|ізведе
врѣжеⷣнаго|врѣжеднаго
ꙁⷣ҇рⷶ҇ва|здрава
не|не
и̇маѫ̇ща|імаѫща
врѣда|врѣда
на|на
телеси|телесі
своє̇мь|своемь
гл͠ѫща|гл҃ѫща
ꙗ̇снѣ|ꙗснѣ
и̇|і
славѧща|славѧща
б͠а|б҃а
и̇|і
семꙋ|семоу
вєликомꙋ|велікомоу
чюдꙋ|чоудоу
бы̇вꙿшоу|бъівшоу
вьꙁꙿвратихомь|вьзвратіхомь
сѧ|сѧ
вь|вь
свои̇|своі
градь|градь
сь|сь
радостиѫ̇|радостіѫ
хвалѧщє|хвалѧще
и̇|і
благословѫще|благословѫще
б͠а|б҃а
а̇минь|амінь
Ѻ|о
женѣ|женѣ
прощенѣ|прощенѣ
и̇|і
грѣхомъ|грѣхомъ
є̇ѫ̇|еѫ
молитвамы̇|молітвамъі
ст͠аа꙼го|ст҃ааго
василиꙗ̇|васіліꙗ
Жена|жена
же|же
е̇тера|етера
бг͠атьствомь|бг҃атьствомь
и̇|і
бл͠горотьствомь|бл҃горотьствомь
живѫщи|жівѫщі
прочимь|прочімь
житиѥ̇мь|жітіемь
сего|сего
сꙋе̇тьнаа꙼го|соуетьнааго
свѣта|свѣта
и̇|і
слоужєниѥ̇мь|слоуженіемь
вьсѫ|вьсѫ
прѣспѣвьши|прѣспѣвьші
и̇|і
вьдовьство|вьдовьство
любѫщи|любѫщі
и̇|і
поꙁдѣ|поздѣ
нѣкогда|нѣкогда
построє̇нию̇|построенію
бж͠ию̇|бж҃ію
вь|вь
помишлениє̇|помішленіе
пришедьши|прішедьші
свои̇хь|своіхь
грѣхь|грѣхь
бечисльны̇хь|бечісльнъіхь
ѻ̇бьꙁарена|обьзарена
ꙋмомь|оумомь
и̇|і
помысливьши|помъіслівьші
ѥ̇диноѫ̇|едіноѫ
и̇|і
помышлѣше|помъішлѣше
грѣхь|грѣхь
свои̇хь|своіхь
множьство|множьство
и̇|і
горьцѣ|горьцѣ
плачѧщи|плачѧщі
сѧ|сѧ
гл͠аше|гл҃аше
ѡ̇хь|охь
мнѣ|мнѣ
грѣшꙿны̇ци|грѣшнъіці
и̇|і
неспнⷭ҇ѣи̇|неспнсѣі
како|како
ѿвѣщаѫ̇|отвѣщаѫ
ѡ̇|о
сьдѣꙗ̇ны̇хь|сьдѣꙗнъіхь
мноѫ̇|мноѫ
бечисльны̇хь|бечісльнъіхь
хрѣхь|хрѣхь
црк͠вь|црк҃вь
дх͠овьнѫѫ̇|дх҃овьнѫѫ
растливь|растлівь
и̇|і
д͠шꙋ|д҃шоу
живꙋщѫ|жівоущѫ
вь|вь
тѣлѣ|тѣлѣ
ѻ̇скврьны̇хь|оскврьнъіхь
оу̇вы̇|оувъі
мнѣ|мнѣ
ѿврьжєна|отврьжена
быхь|бъіхь
оу̇бо|оубо
ли|лі
рекѫ|рекѫ
ꙗ̇ко|ꙗко
митоє̇мєць|мітоемець
и̇ли|ілі
ꙗ̇ко|ꙗко
блѫдьница|блѫдьніца
сьгрѣшии̇хь|сьгрѣшііхь
какⷪже|какоже
и̇ꙁвѣсто|ізвѣсто
ми|мі
бѫдєⷮ|бѫдет
ꙗ̇ко|ꙗко
каѫ̇щѫⷾ҇|каѫщѫѫ
сѧ|сѧ
примєть|пріметь
мѧ|мѧ
б͠ь|б҃ь
и̇|і
си|сі
помышлѣѫ̇ще|помъішлѣѫще
ѥ̇и̇|еі
и̇|і
вьсѣхь|вьсѣхь
хотѧи̇|хотѧі
сп͠асти|сп҃асті
и̇|і
вь|вь
раꙁꙋмь|разоумь
и̇стинꙿны̇|істіннъі
прити|пріті
и̇|і
б͠ь|б҃ь
вь|вь
паметь|паметь
є̇и̇|еі
приведе|пріведе
сьгрѣшеныхь|сьгрѣшенъіхь
ѥ̇ѫ̇|еѫ
ѿ|от
ю̇ности|юності
и̇|і
сѣдьши|сѣдьші
написа|напіса
грѣхы̇|грѣхъі
своѫ̇|своѫ
на|на
харьтии̇|харьтіі
ꙗ̇же|ꙗже
ѿ|от
ю̇но(с)тьсва|юностьсва
и̇|і
до|до
старости|старості
створи|створі
послѣжеⷣ|послѣжед
же|же
написа|напіса
всѣхь|всѣхь
и̇же|іже
сьтвори|сьтворі
боли|болі
грѣхь|грѣхь
и̇|і
ѡ̇ловомь|оловомь
ꙁапечатлѣвьши|запечатлѣвьші
и̇|і
оу̇смотривьши|оусмотрівьші
врѣмѧ|врѣмѧ
подобно|подобно
и̇|і
тогаⷣ|тогад
св͠еты̇|св҃етъі
василиє̇|васіліе
на|на
ѡ̇бичꙿнѫѫ̇|обічнѫѫ
мл͠твѫ|мл҃твѫ
и̇дѣше|ідѣше
вь|вь
цр͠ковь|цр҃ковь
и̇|і
текьши|текьші
сиꙗ̇|сіꙗ
таи̇|таі
и̇|і
поврьже|поврьже
харьтиѫ̇|харьтіѫ
прѣдь|прѣдь
ногама|ногама
ст͠аа꙼го|ст҃ааго
василиꙗ̇|васіліꙗ
и̇|і
ниць|ніць
падьши|падьші
вьпиꙗ̇ше|вьпіꙗше
гл͠ѧщи|гл҃ѧщі
помилꙋи̇|помілоуі
мѧ|мѧ
ст͠ьче|ст҃ьче
бж͠и|бж҃і
и̇|і
ѡ̇ч͠е|оч҃е
паче|паче
вьсѣхь|вьсѣхь
грѣшнѣи̇шѧѧ̇|грѣшнѣішѧѧ
и̇|і
ставь|ставь
же|же
бл͠жены̇|бл҃женъі
слюжитель|слюжітель
хвⷭ҇ь|хвсь
и̇|і
ꙋгодꙿникь|оугоднікь
и̇|і
вьпрашаше|вьпрашаше
ѫ̇|ѫ
винꙋ|віноу
плачевны̇хь|плачевнъіхь
ѡ̇на|она
же|же
реⷱ҇|реч
се|се
влкⷣо|влкдо
вьⷭ|вьс
ⷽ҇|ѧ
грѣхы̇|грѣхъі
моѫ̇|моѫ
написахь|напісахь
на|на
харьтии̇|харьтіі
сеи̇|сеі
ты̇|тъі
же|же
ст͠ьче|ст҃ьче
бж͠ии̇|бж҃іі
не|не
движи|двіжі
печѣти|печѣті
нь|нь
тьчиѫ̇|тьчіѫ
мл͠твоѫ̇|мл҃твоѫ
ѡ̇цѣсти|оцѣсті
давь|давь
бо|бо
мы̇|мъі
таковѫѫ̇|таковѫѫ
мысль|мъісль
и̇|і
послꙋшає̇ть|послоушаеть
тебє|тебе
ꙁа|за
мѧ|мѧ
мⷪл͠ѧщаа꙼|мол҃ѧщаа
сѧ|сѧ
великы|велікъі
же|же
василиє̇|васіліе
вьꙁемь|вьземь
харьтиѫ̇|харьтіѫ
и̇|і
вьꙁрѣвꙿь|вьзрѣвь
жє|же
на|на
нб͠о|нб҃о
и̇|і
реⷱ҇|реч
коє̇|кое
дѣло|дѣло
се|се
твоє̇|твое
ѥ̇дино|едіно
вьсего|вьсего
мира|міра
грѣхы|грѣхъі
вьꙁимⷶѫ̇|вьзімаѫ
и̇|і
є̇динѫ|едінѫ
дш͠ѫ|дш҃ѫ
сиѫ̇|сіѫ
оу꙼добѣє̇|оудобѣе
ѡ̇цѣстити|оцѣстіті
можєши|можеші
всѣ|всѣ
бо|бо
наша|наша
сьгрѣшени(ꙗ)|сьгрѣшеніꙗ
и̇|і
сьчьтена|сьчьтена
соуⷮ|соут
прѣдь|прѣдь
тобоѫ̇|тобоѫ
г͠и|г҃і
а꙼|а
твоꙗ̇|твоꙗ
милость|мілость
беꙁьчисльна|безьчісльна
ѥ̇сть|есть
и̇|і
неи̇ꙁреченьна|неізреченьна
и̇|і
се|се
рекь|рекь
вьниде|вьніде
вь|вь
цр͠квь|цр҃квь
и̇|і
дрьжаше|дрьжаше
хартиѫ̇|хартіѫ
ст͠ы|ст҃ъі
василиѥ̇|васіліе
и̇|і
паде|паде
ниць|ніць
прѣдь|прѣдь
ѡ̇льтаремь|ольтаремь
и̇|і
вꙿсѫ|всѫ
нощь|нощь
прѣбыⷭ҇|прѣбъіс
на|на
мⷪлитвѣ|молітвѣ
и̇|і
вь|вь
ꙋтрѣ|оутрѣ
на|на
вьсѧ|вьсѧ
слоужꙿбѫ|слоужбѫ
мл͠ѫ|мл҃ѫ
б͠а|б҃а
и̇|і
по|по
ѿпоущени|отпоущені
ст͠ыѫ̇|ст҃ъіѫ
слоужꙿбѫ|слоужбѫ
и̇|і
с͠тыⷯ҇|с҃тъіх
таи̇нь|таінь
приꙁва|прізва
женꙋ|женоу
и̇|і
дасть|дасть
є̇и̇|еі
харꙿтию|хартію
и̇|і
реⷱ҇|реч
кꙿ|к
неи̇|неі
слиша|сліша
ли|лі
є̇си|есі
ѡ̇|о
жено|жено
ꙗ̇ко|ꙗко
никтоже|ніктоже
не|не
можеть|можеть
грѣхы̇|грѣхъі
ѡ̇цѣстити|оцѣстіті
тьчиѫ̇|тьчіѫ
ѥ̇динь|едінь
б͠ь|б҃ь
ꙩ̇на|она
же|же
реⷱ҇|реч
слышала|слъішала
є̇сьмь|есьмь
влкⷣо|влкдо
сего|сего
ради|раді
двигохь|двігохь
сѧ|сѧ
на|на
млт͠вѫ|млт҃вѫ
милосрьдаа꙼го|мілосрьдааго
б͠а|б҃а
и̇|і
се|се
рекьшии̇|рекьшіі
раꙁрⷣѣши|разрдѣші
харти(ю)|хартію
и̇|і
ѡ̇брѣте|обрѣте
сѧ|сѧ
вьсе|вьсе
бес|бес
писаниꙗ̇|пісаніꙗ
и̇|і
ѡ̇стало|остало
же|же
бѣше|бѣше
великаго|велікаго
грѣха|грѣха
непоⷣбно|неподбно
сьтворениє̇|сьтвореніе
непотрито|непотріто
и̇|і
видѣвьши|відѣвьші
же|же
ѥ̇же|еже
наи̇прѣ|наіпрѣ
не|не
може|може
и̇|і
быꙗ̇ше|бъіꙗше
сѧ|сѧ
рѫкама|рѫкама
вь|вь
прьсы|прьсъі
и̇|і
паде|паде
на|на
негꙋ|негоу
є̇го|его
гл͠ѧщи|гл҃ѧщі
помилꙋи|помілоуі
мѧ|мѧ
рабе|рабе
б͠а|б҃а
вы̇шꙿнѣго|въішнѣго
ꙗ̇коже|ꙗкоже
ꙁа|за
вьса|вьса
беꙁакониꙗ̇|безаконіꙗ
моꙗ̇|моꙗ
мл͠и|мл҃і
се|се
и|і
оуслышⷶнь|оуслъішань
быⷭ҇|бъіс
тако|тако
и̇|і
ꙁа|за
се|се
помоли|помолі
сѧ|сѧ
и̇|і
се|се
ѡ̇цѣщено|оцѣщено
бꙋдеть|боудеть
ст͠ии̇|ст҃іі
а꙼рхиѥ̇реи̇|архіереі
василиѥ̇|васіліе
просльꙁы̇|просльзъі
сѧ|сѧ
посрѣдѣ|посрѣдѣ
гл͠ѫ|гл҃ѫ
вьстани|вьстані
же|же
ꙗ̇ко|ꙗко
а꙼ꙁь|азь
грѣшⷷ҇нь|грѣшень
ѥ̇сьмь|есьмь
трѣбоуѫ̇|трѣбоуѫ
и̇|і
а꙼ꙁь|азь
ѡ̇цѣщениꙗ̇|оцѣщеніꙗ
и̇|і
ѡ̇цѣстивь|оцѣстівь
ѡ̇цѣститель|оцѣстітель
є̇сть|есть
грѣхомь|грѣхомь
ѥ̇ликоже|елікоже
хощеть|хощеть
мощень|мощень
е̇сть|есть
и̇|і
того|того
ѿнети|отнеті
ѿ|от
тебе|тебе
вьꙁемѫи̇|вьземѫі
грѣхы̇|грѣхъі
вьсего|вьсего
мꙵ҇ра|мра
нь|нь
а꙼ще|аще
сѧ|сѧ
ꙋхраниши|оухраніші
ѿ|от
селѣ|селѣ
не|не
сьгрѣшати|сьгрѣшаті
и̇|і
пꙋтемь|поутемь
гн͠имь|гн҃імь
(п͠о)идеши|п҃оідеші
и̇|і
не|не
тьчиѫ̇|тьчіѫ
прощена|прощена
бѫдеши|бѫдеші
нь|нь
и̇|і
прославеⷧ҇на|прославелна
и̇ди|іді
же|же
вь|вь
поустиноу|поустіноу
и̇|і
о̇брѧщеши|обрѧщеші
ст͠а|ст҃а
мѫжа|мѫжа
нареⷱ҇на|наречна
вь|вь
всѣхь|всѣхь
и̇менемь|іменемь
ѥ̇фрема|ефрема
и̇|і
вьдажьⷣ|вьдажьд
є̇мꙋ|емоу
хартиѫ̇|хартіѫ
и̇|і
помⷪ҇литть|помолітть
сѧ|сѧ
ꙁа|за
тѧ|тѧ
и̇|і
оу̇м͠лить|оум҃літь
б͠а|б҃а
ѡ̇на|она
же|же
ѡ̇брекьши|обрекьші
сѧ|сѧ
ст͠омⷹ|ст҃омоу
и̇|і
вь|вь
пꙋсты̇нѫ|поустъінѫ
пои̇де|поіде
и̇|і
прѣшедьши|прѣшедьші
дльгь|дльгь
пѫть|пѫть
и̇|і
приде|пріде
вь|вь
проꙗ̇вленꙿно|проꙗвленно
мѣсто|мѣсто
великаа꙼го|велікааго
е̇фрема|ефрема
поусты̇нꙿника|поустъінніка
и̇|і
тлькнѫвьши|тлькнѫвьші
вь|вь
двери|двері
и̇|і
вьпиꙗ̇шє|вьпіꙗше
гл͠ѧщи|гл҃ѧщі
помилꙋи̇|помілоуі
мѧ|мѧ
ст͠ьче|ст҃ьче
бж͠ии̇|бж҃іі
ѡ̇нь|онь
же|же
прораꙁꙋмѣ|проразоумѣ
ст͠ымь|ст҃ъімь
дх͠омь|дх҃омь
ѥ̇ѫ̇же|еѫже
ради|раді
(в͠и)ны̇|в҃інъі
приде|пріде
и̇|і
реⷱ҇|реч
ѥ̇(и̇)|еі
ѿ(и)ди|отіді
ѿ|от
мене|мене
жено|жено
ꙗ̇ко|ꙗко
чл͠кь|чл҃кь
ѥ̇сбь|есбь
грѣшень|грѣшень
и̇|і
трѣбꙋѫ̇|трѣбоуѫ
и̇|і
а꙼ꙁь|азь
пⷪмощи|помощі
ꙩ̇на|она
же|же
приѥ̇мьши|пріемьші
харьты̇ѫ̇|харьтъіѫ
гл͠ѧщи|гл҃ѧщі
а꙼рꙿхиѥ̇ппⷭ҇ь|архіеппсь
василиє̇|васіліе
посла|посла
мѧ|мѧ
кь|кь
тебѣ|тебѣ
ꙗ̇ко|ꙗко
да|да
помл͠иши|помл҃іші
сѧ|сѧ
кь|кь
бг͠оу|бг҃оу
ѡ̇цѣстити|оцѣстіті
ми|мі
вьсѣ|вьсѣ
беꙁакониꙗ̇|безаконіꙗ
на|на
харьтии̇|харьтіі
сеи̇|сеі
лежѫщеи̇|лежѫщеі
прочаꙗ̇|прочаꙗ
бо|бо
ст͠ы|ст҃ъі
василиє̇|васіліе
ѡ̇цѣсти|оцѣсті
помⷪ҇л͠ивь|помол҃івь
сѧ|сѧ
ты̇|тъі
же|же
ꙁа|за
є̇дⷩиⷪ҇|едніо
се|се
не|не
лѣни|лѣні
се|се
оу̇молити|оумоліті
б͠а|б҃а
и̇|і
к|к
тебѣ|тебѣ
послана|послана
є̇сьмь|есьмь
ст͠ы̇и̇|ст҃ъіі
же|же
реⷱ҇|реч
ѥ̇и̇|еі
не|не
чꙋдно|чоудно
ѥⷭ҇|ес
и̇же|іже
ꙁа|за
моⷩ҇гы̇|монгъі
грѣхы̇|грѣхъі
оу̇мⷪ҇лити|оумоліті
б͠а|б҃а
и̇|і
тои̇|тоі
и̇|і
ꙁа|за
ѥ̇дино|едіно
тѡ|то
вьꙁможеть|вьзможеть
боле|боле
мене|мене
и̇ди|іді
же|же
а꙼|а
не|не
стои̇|стоі
да|да
и̇дⷷ҇ши|ідеші
прѣжеⷣ҇|прѣжед
ѡ̇шествиꙗ̇|ошествіꙗ
тѣлеснаа꙼го|тѣлеснааго
жена|жена
же|же
ѻ̇бѣщавши|обѣщавші
сѧ|сѧ
вьꙁꙿврати|вьзвраті
се|се
вь|вь
кесариѫ̇|кесаріѫ
и̇|і
вьходѧщи|вьходѧщі
же|же
є̇и̇|еі
вь|вь
градь|градь
и̇|і
срѣте|срѣте
тѣло|тѣло
и̇ꙁносимо|ізносімо
ст͠аа꙼го|ст҃ааго
василиꙗ̇|васіліꙗ
и̇|і
видѣвꙿши|відѣвші
начѧть|начѧть
кричати|крічаті
валаю̇щи|валающі
сѧ|сѧ
по|по
ꙁемиⷧ҇|земіл
сꙿваращи|сваращі
ст͠аго|ст҃аго
и̇|і
гл͠ищи|гл҃іщі
ꙋвы|оувъі
мнѣ|мнѣ
грѣшꙿнѣи̇|грѣшнѣі
оу̇вы̇|оувъі
мнѣ|мнѣ
ст͠ьче|ст҃ьче
бж͠и|бж҃і
сего|сего
ли|лі
ради|раді
посла|посла
ме|ме
вь|вь
поусты̇нѫ|поустъінѫ
да|да
беꙁь|безь
тⷹгы̇|тоугъі
ѡ̇тидеши|отідеші
и̇|і
сє|се
беꙁь|безь
оу̇спѣха|оуспѣха
вьꙁꙿврати|вьзвраті
сѧ|сѧ
беꙁ|без
ꙋма|оума
прѣшедьⷲ|прѣшедьш
пꙋчинꙋ|поучіноу
поусты̇нѫѫ̇|поустъінѫѫ
нь|нь
да|да
видить|відіть
б͠ь|б҃ь
и̇|і
соудить|соудіть
междоу|междоу
тобѫ|тобѫ
и̇|і
мноѫ|мноѫ
ꙗ̇ко|ꙗко
могы̇|могъі
оу̇молити|оумоліті
б͠а|б҃а
ꙁа|за
мѧ|мѧ
и̇|і
кь|кь
и̇номоу|іномоу
ме|ме
посла|посла
и̇|і
сице|сіце
вьпиѫ̇щи|вьпіѫщі
и̇|і
поврьже|поврьже
харьтиѫ̇|харьтіѫ
на|на
ѡ̇дрь|одрь
по|по
тьнькꙋ|тьнькоу
въсѣмь|въсѣмь
и̇сповѣдаѫ̇щи|ісповѣдаѫщі
прѣдь|прѣдь
людьми|людьмі
и̇|і
клиросомь|кліросомь
и̇|і
є̇динь|едінь
же|же
ѿ|от
нихь|ніхь
хотѣше|хотѣше
видѣти|відѣті
каковь|каковь
оу̇бо|оубо
грѣхь|грѣхь
є̇сть|есть
и̇|і
вьꙁемь|вьземь
хартиѫ̇|хартіѫ
раꙁдрѣши|раздрѣші
и̇|і
ѻ̇брѣте|обрѣте
ѫ̇|ѫ
вꙿсѧ|всѧ
беꙁь|безь
писаниꙗ̇|пісаніꙗ
и̇|і
вьꙁꙿпи|вьзпі
гл͠асомь|гл҃асомь
великомь|велікомь
кь|кь
жⷷ҇нѣ|женѣ
беꙁь|безь
писаниꙗ̇|пісаніꙗ
є̇сть|есть
харьтиꙗ̇|харьтіꙗ
твоꙗ̇|твоꙗ
ѡ̇|о
жено|жено
почто|почто
се|се
трꙋжаⷣє̇ши|троужадеші
и̇|і
не|не
раꙁꙋмѣѫ̇щи|разоумѣѫщі
бж͠иꙗ̇|бж҃іꙗ
бы̇вьша|бъівьша
на|на
тєбѣ|тебѣ
чл͠колюбиꙗ̇|чл҃колюбіꙗ
и̇|і
множьство|множьство
люди|люді
видѣвьше|відѣвьше
прѣславнꙋю|прѣславноую
вещь|вещь
и̇|і
прославы̇шѧ|прославъішѧ
б͠а|б҃а
и̇мѧщаго|імѧщаго
власть|власть
на|на
ꙁемыⷧ҇|земъіл
ѡ̇ставлѣти|оставлѣті
грѣхы̇|грѣхъі
давьшаго|давьшаго
бл͠годѣть|бл҃годѣть
свои̇мь|своімь
рабомь|рабомь
и̇|і
по|по
сꙿмрꙿти|смрті
и̇сꙿцѣлѣти|ісцѣлѣті
вьсѣкѫ|вьсѣкѫ
ѫ̇ꙁѫ|ѫзѫ
и̇|і
всѣкѫ|всѣкѫ
болѣꙁꙿнь|болѣзнь
и̇|і
б͠оу|б҃оу
нашемⷹ|нашемоу
слаⷡ҇|слав
вь|вь
вѣкы̇|вѣкъі
вѣкомь|вѣкомь
а꙼минь|амінь
С|с
Л|л
О|о
(В҇|в
О)|о
С|с
Т҇|т
А|а
Г|г
О|о
І|і
Ꙍ|о
(А)|а
Н|н
А|а
ꙁлатоꙋстаа̇го|златооустааго
на|на
кр͠щениє̇|кр҃щеніе
гн͠е|гн҃е
благослови|благослові
ѡ̇ч͠е|оч҃е
Хъⷭ҇|хъс
г͠ь|г҃ь
свѣть|свѣть
великь|велікь
и̇|і
вꙿсесвѣтлы̇|всесвѣтлъі
дн͠ъ|дн҃ъ
пришедь|прішедь
днеⷭ҇|днес
кь|кь
и̇ѡ̇рданꙋ|іорданоу
бл͠говѣствоуѫ̇|бл҃говѣствоуѫ
вы̇|въі
братиѥ̇|братіе
а꙼ꙁь|азь
бо|бо
е̇смь|есмь
свѣть|свѣть
великь|велікь
рече|рече
сп͠сь|сп҃сь
прии̇мѣмы̇|пріімѣмъі
сь|сь
радостиѫ̇|радостіѫ
гл͠ѫ|гл҃ѫ
и̇|і
веселоуѫ̇ще|веселоуѫще
сѧ|сѧ
дх͠омь|дх҃омь
днеⷭ҇|днес
бо|бо
е̇сть|есть
пришель|прішель
на|на
и̇ѡ̇рдань|іордань
хотѧ|хотѧ
погрѫꙁити|погрѫзіті
врагы̇|врагъі
нашѧ|нашѧ
и̇|і
сьпостаты|сьпостатъі
крⷭ҇щениѥ̇мъ|крсщеніемъ
и̇|і
наⷭ҇|нас
ѡ̇плакати|оплакаті
и̇|і
ѡ̇чистити|очістіті
ѿ|от
грѣхь|грѣхь
се|се
бо|бо
грѣхы̇|грѣхъі
нашѧ|нашѧ
на|на
сѧ|сѧ
въꙁѧ|възѧ
ти|ті
тако|тако
мира|міра
сего|сего
врага|врага
потопи|потопі
и̇|і
ѡ̇ст͠и|ост҃і
водꙿныѫ̇|воднъіѫ
и̇сточныⷦ҇|істочнъік
и̇|і
ѡ̇ст͠и|ост҃і
и̇|і
дш͠ѫ|дш҃ѫ
чл͠вчьскы̇ѫ̇|чл҃вчьскъіѫ
и̇|і
кь|кь
чоудомь|чоудомь
приложи|пріложі
большаа꙼|большаа
чюдеса|чоудеса
днеⷭ҇|днес
бо|бо
ꙁемѣ|земѣ
и̇|і
море|море
хаⷭ҇|хас
влкⷣы|влкдъі
бл͠годѣꙗ̇ниѥ̇|бл҃годѣꙗніе
раꙁдѣлѣе̇ть|раздѣлѣеть
и̇|і
вꙿсь|всь
мирь|мірь
бл͠годѣти|бл҃годѣті
и̇|і
радости|радості
и̇спльни|іспльні
сѧ|сѧ
минѫвьшаго|мінѫвьшаго
праꙁнⷣика|празндіка
чьстьнаа꙼го|чьстьнааго
больши|больші
покаꙁає̇ть|показаеть
чꙕдесемь|чоудесемь
прибы(ти)є̇|прібъітіе
въ|въ
миноувши|міноувші
бо|бо
рожьⷣства|рожьдства
сп͠са|сп҃са
нашего|нашего
і̇с͠а|іс҃а
хаⷭ҇|хас
ꙁемлѣ|землѣ
радоваше|радоваше
сѧ|сѧ
въ|въ
ꙗ̇слехь|ꙗслехь
дрьжѧщи|дрьжѧщі
вл͠кѫ|вл҃кѫ
вь|вь
сеи̇|сеі
твари|тварі
а꙼|а
вь|вь
дн͠ешьни|дн҃ешьні
праꙁьникь|празьнікь
ст͠ы̇и̇хь|ст҃ъііхь
бг͠оꙗ̇влени̇и̇|бг҃оꙗвленіі
море|море
ꙃѣло|зѣло
сѧ|сѧ
радꙋѥ̇ть|радоуеть
и̇е̇рьдань|іерьдань
ѡсв͠ещениѥ̇|осв҃ещеніе
и̇|і
бл͠гословлениѥ̇|бл҃гословленіе
приѥ̇млеть|пріемлеть
вь|вь
минꙋвши|міноувші
бо|бо
праꙁьникь|празьнікь
несьврьшень|несьврьшень
младенець|младенець
видѣнь|відѣнь
бѣше|бѣше
и̇|і
на|на
сьврьшение̇|сьврьшеніе
свѣдѣтельствоуѫ̇|свѣдѣтельствоуѫ
а̇|а
вь|вь
дн͠ешьни|дн҃ешьні
праꙁьни(кь)|празьнікь
сьврьшень|сьврьшень
видить|відіть
сѧ|сѧ
и̇же|іже
ѿ|от
сьврьшена|сьврьшена
покаꙁає̇ть|показаеть
ѡньде|оньде
родивъшаа̇го|родівъшааго
ꙗ̈вѣ|ꙗвѣ
на|на
вьстоцѣ|вьстоцѣ
ꙃвѣꙃда|звѣзда
покаꙁа|показа
сѧ|сѧ
а̇|а
ꙁеⷣ|зед
крьстѧщомоу|крьстѧщомоу
сѧ|сѧ
свѣдѣтельствоуе̇ть|свѣдѣтельствоуеть
сь|сь
высоты|въісотъі
ровиды|ровідъі
ѡ̈т͠ець|от҃ець
ѡ̈ньде|оньде
вльсви|вльсві
ѿ|от
вьстока|вьстока
пришедьше|прішедьше
ӥ|і
ꙗ̈ко|ꙗко
цр͠ю|цр҃ю
дары̇|даръі
принесошꙛ|прінесошѫ
а̇|а
ꙁеⷣ|зед
а̇нг͠ли|анг҃лі
с|с
нб͠ес|нб҃ес
пришедьше|прішедьше
и̇|і
ꙗ̇ко|ꙗко
и̇|і
б͠оу|б҃оу
подобноꙛ̇|подобноѫ
слоужбоѫ̇|слоужбоѫ
послоужишꙛ|послоужішѫ
ѡ̈нде|онде
вѧꙁахꙛ|вѧзахѫ
пелены̇ми|пеленъімі
сьѫꙁы|сьѫзъі
а꙼|а
ꙁде|зде
ѿрѣшаѥ̇ть|отрѣшаеть
грѣховьниѫ̇|грѣховьніѫ
сьѫ̇ꙁы̇|сьѫзъі
видите|відіте
оу̇бо|оубо
прѣславьнаꙗ̇|прѣславьнаꙗ
дѣла|дѣла
сльнечꙿнаго|сльнечнаго
слн͠ца|слн҃ца
вь|вь
є̇рьдани|ерьдані
ѻ̇мыває̇ма|омъіваема
и̇|і
ѡ̇гнѣ|огнѣ
вь|вь
водѣ|водѣ
кꙋплⷹща|коуплоуща
се|се
и̇|і
на|на
бо͠ꙃѣ|бо҃зѣ
чл͠ка|чл҃ка
рѫⷦ|рѫк
ⷾ|ѫ
си|сі
полагаѫ̇ща|полагаѫща
днⷭ҇е|днсе
тꙿма|тма
вьсѣхь|вьсѣхь
бѣдь|бѣдь
ѿгонꙿнитꙿ|отгонніт
сѧ|сѧ
днⷭ҇е|днсе
прѣльстьнаꙗ̇|прѣльстьнаꙗ
мьгла|мьгла
расходит|расходіт
сѧ|сѧ
днⷭ҇е|днсе
беꙁьвⷭ҇ѣстьны̇|безьвсѣстьнъі
миры̇|міръі
спнⷭ҇ы̇мь|спнсъімь
свѣтомь|свѣтомь
просвѣщаѫ̇т|просвѣщаѫт
сѧ|сѧ
днⷭ҇е|днсе
бесьпльтьны|бесьпльтьнъі
фараѡ̇нь|фараонь
погрѫжаѥ̇ть|погрѫжаеть
сѧ|сѧ
днⷭ҇е|днсе
бѣсовьскаа꙼|бѣсовьскаа
ѡ̇рѫжиꙗ̇|орѫжіꙗ
потонꙋшѧ|потоноушѧ
днⷭ҇е|днсе
раꙁꙋмень|разоумень
мои̇си|моісі
люды̇|людъі
вьсе|вьсе
проводить|проводіть
скроꙁѣ|скрозѣ
воды̇|водъі
днⷭ҇е|днсе
чл͠чьствоу̇|чл҃чьствоу
сласти|сласті
свобожаⷣѫ̇т|свобожадѫт
сѧ|сѧ
днⷭ҇е|днсе
ѿходить|отходіть
ѥ̇гипꙿта|егіпта
є̇же|еже
ѥ̇сть|есть
тьма|тьма
въ|въ
а꙼дѣ|адѣ
вь|вь
немьже|немьже
ѥ̇сть|есть
много|много
стенаниє̇|стенаніе
нь|нь
н͠нѣ|н҃нѣ
пꙋсть|поусть
ѡ̇стае̇ть|остаеть
и̇|і
дв͠дь|дв҃дь
и̇стиноѫ̇|істіноѫ
и̇|і
доⷭ҇и̇но|досіно
хвалить|хваліть
сѧ|сѧ
рекы̇|рекъі
ѻ̇мы̇ѥ̇ши|омъіеші
мѧ|мѧ
паче|паче
снѣга|снѣга
оу꙼бѣлѫ|оубѣлѫ
сѧ|сѧ
по|по
и̇стинѣ|істінѣ
бо|бо
днⷭ҇е|днсе
хьⷭ҇|хьс
вь|вь
водахь|водахь
кр͠щаѥ̇ть|кр҃щаеть
сѧ|сѧ
и̇|і
ѡ̇мы̇ває̇ть|омъіваеть
ны̇|нъі
паче|паче
снѣга|снѣга
бѣлѣ(ѥ)|бѣлѣе
да|да
сега|сега
ради|раді
вꙿсѣ|всѣ
тварь|тварь
днⷭ҇е|днсе
хвалѧщи|хвалѧщі
крⷭ҇тѫщаго|крстѫщаго
сѧ|сѧ
вьпиє̇ть|вьпіеть
гл͠ѧщи|гл҃ѧщі
бл͠гословень|бл҃гословень
грѧды̇|грѧдъі
вь|вь
и̇мѧ|імѧ
гн͠е|гн҃е
б͠ь|б҃ь
господь|господь
ꙗ̇вы̇|ꙗвъі
сѧ|сѧ
намь|намь
бл͠гословень|бл҃гословень
грѧды̇|грѧдъі
вьсегаⷣ|вьсегад
а꙼|а
николиже|ніколіже
ѡ̇ставлѣѫ̇|оставлѣѫ
наⷭ҇|нас
не|не
бо|бо
се|се
прьвоє̇|прьвое
приде|пріде
бл͠гословень|бл҃гословень
приходѧ|пріходѧ
вь|вь
и̇мѧ|імѧ
г͠ьне|г҃ьне
и̇же|іже
ꙁнаѥ̇мь|знаемь
и̇|і
промысльнѣ|промъісльнѣ
пріходѧ|пріходѧ
и̇|і
нбнⷭ҇ꙋ|нбнсоу
бо|бо
вы̇сость|въісость
неподвижно|неподвіжно
сьблюде|сьблюде
и̇|і
слнⷷ҇чноѥ̇|слнечное
течениѥ̇|теченіе
хытростиѫ̇|хъітростіѫ
праве|праве
и̇|і
ꙁвѣꙁноє̇|звѣзное
множьство|множьство
не|не
вьꙁмѫ|вьзмѫ
тѡ|то
м(ль)чны̇|мльчнъі
наб(.)де|набде
и̇|і
вьꙁдоухь|вьздоухь
на|на
ды̇ханиѥ̇|дъіханіе
добрѣ|добрѣ
раствараѫ̇|раствараѫ
ꙁемны̇ѥ|земнъіе
бокы̇|бокъі
наращениѥ̇|наращеніе
всѣкомоу|всѣкомоу
сѣменоу|сѣменоу
ѡ̇вощьномꙋ|овощьномоу
и̇|і
раꙁьгрѣваѫ̇|разьгрѣваѫ
морє|море
многовльноѥ̇|многовльное
и̇|і
дробьнымь|дробьнъімь
пѣскомь|пѣскомь
ѡ̇бьдрѫже|обьдрѫже
и̇сточны̇кы̇|істочнъікъі
и̇|і
глꙋбины̇|глоубінъі
недиⷣмо|недідмо
и̇ꙁдираѥ|іздірае
се|се
вьсе|вьсе
видѧще|відѧще
гл͠емь|гл҃емь
бл͠гословень|бл҃гословень
грѧды̇|грѧдъі
и̇менемь|іменемь
гн͠емь|гн҃емь
кто|кто
се|се
е̇сть|есть
цр͠ь|цр҃ь
славѣ|славѣ
ꙩ̇|о
бл͠жены|бл҃женъі
дв͠де|дв҃де
гл͠ѧ|гл҃ѧ
б͠ь|б҃ь
г͠ь|г҃ь
ꙗ̇ви|ꙗві
сѧ|сѧ
намь|намь
и̇|і
ꙗ̇коже|ꙗкоже
ꙗ̇ви|ꙗві
сѧ|сѧ
намь|намь
не|не
тьчию|тьчію
пррⷪ҇кь|пррокь
дв͠дь|дв҃дь
гл͠еть|гл҃еть
нь|нь
и̇|і
павель|павель
а̇плⷭ҇ь|аплсь
свѣдѣтельствоуѥ̇ть|свѣдѣтельствоуеть
гл͠ѧ|гл҃ѧ
ѥ̇моу|емоу
и̇|і
ꙗ̇ви|ꙗві
сѧ|сѧ
бл͠годѣть|бл҃годѣть
бж͠иꙗ̇|бж҃іꙗ
вꙿсѣмь|всѣмь
чл͠комь|чл҃комь
накаꙁаѫ̇щи|наказаѫщі
наⷭ҇|нас
не|не
ѡ̇вѣмь|овѣмь
ѥ̇сть|есть
нь|нь
вьсѣмь|вьсѣмь
вьсѣ|вьсѣ
бо|бо
и̇ю̇деѡ̇мь|іюдеомь
и̇|і
ѥ̇линоⷨ҇|еліном
кръщениѥ̇мь|кръщеніемь
сп͠сениє̇|сп҃сеніе
дасть|дасть
ѻ̇бьщѫѫ̇|обьщѫѫ
бл͠годѣⷮ҇|бл҃годѣт
крьщениѥ̇мь|крьщеніемь
сьтвори|сьтворі
и̇дѣте|ідѣте
оу꙼бо|оубо
вь|вь
и̇ю̇деѫ̇|іюдеѫ
ѿ|от
галилеѫ̇|галілеѫ
да|да
и̇демь|ідемь
вь|вь
є̇роусалимь|ероусалімь
бл͠жены̇|бл҃женъі
бо|бо
и̇же|іже
вь|вь
пꙋть|поуть
грѧдеть|грѧдеть
и̇|і
сь|сь
жиꙁны̇мь|жізнъімь
пꙋтемь|поутемь
и̇дѣмь|ідѣмь
оу꙼бо|оубо
мы̇сльныма|мъісльнъіма
ногама|ногама
да|да
видимь|відімь
ѥ̇рьдана|ерьдана
и̇|і
кртⷭ҇ителѣ|кртсітелѣ
и̇ѡⷶ҇на|іоана
и̇|і
крⷭ҇тещаго|крстещаго
сѧ|сѧ
видимь|відімь
ѥ̇моуже|емоуже
кр͠щениꙗ̇|кр҃щеніꙗ
нⷭ҇ѣ|нсѣ
трѣбѣ|трѣбѣ
да|да
наⷨ|нам
кр͠щениѥ|кр҃щеніе
бл͠агодасⷶть|бл҃агодасать
придѣте|прідѣте
виⷣмь|відмь
нашего|нашего
рожеⷣниꙗ̇|рожедніꙗ
ѡ̇браꙁь|образь
наꙁнаменавы̇и̇|назнаменавъіі
кр͠щаѧ̇щи|кр҃щаѧщі
сѧ|сѧ
въ|въ
тѣхꙿ|тѣх
водахь|водахь
и̇дѣте|ідѣте
вы̇дите|въідіте
дивьни|дівьні
потопь|потопь
ꙃѣло|зѣло
вѧщьшы̇|вѧщьшъі
и̇же|іже
при|прі
нои̇|ноі
быⷭ҇|бъіс
ѡ̇ньдѣ|оньдѣ
вода|вода
потопьнаꙗ̇|потопьнаꙗ
чл͠вче|чл҃вче
плѣмѧ|плѣмѧ
погоуби|погоубі
а꙼|а
ꙁде|зде
вода|вода
кр͠щениꙗ̇|кр҃щеніꙗ
крⷭ҇тивьшимь|крстівьшімь
дх͠омь|дх҃омь
оу꙼мерьшѧѫ̇|оумерьшѧѫ
грѣхи|грѣхі
ѡ̇живы|ожівъі
ѡ̇ньде|оньде
дрѣвомь|дрѣвомь
гнию̇щимь|гніющімь
корабь|корабь
и̇ꙁдѣла|іздѣла
а꙼|а
ꙁеⷣ|зед
хьⷭ҇|хьс
раꙁꙋмны̇|разоумнъі
ѿ|от
с͠ты̇ѫ̇|с҃тъіѫ
марию̇|марію
ко(ра)бь|корабь
сьтвори|сьтворі
нь|нь
и̇|і
довлѣє̇(т͠ꙿ)|довлѣет҃
спаⷭ҇|спас
нашего|нашего
смѣрениє̇|смѣреніе
и̇ꙁлиха|ізліха
и̇|і
оу꙼божьство|оубожьство
како|како
ти|ті
недовлѣ|недовлѣ
ѥ̇моу|емоу
ѿ|от
сьврьшенаго|сьврьшенаго
сьврьшеноу|сьврьшеноу
младенищоу|младеніщоу
се|се
родити|родіті
ѿ|от
жены̇|женъі
не|не
довлѣѥ̇ть|довлѣеть
чьсномоу|чьсномоу
прѣстолꙋ|прѣстолоу
сꙋщꙋмоу|соущоумоу
и̇|і
є̇диносьщномоу|едіносьщномоу
ѡ̇ц͠оу|оц҃оу
приѫ̇ти|пріѫті
раби|рабі
ѡ̇браꙁь|образь
не|не
ꙗ̇ко|ꙗко
грѣшны̇кь|грѣшнъікь
приходить|пріходіть
кь|кь
кр͠щению̇|кр҃щенію
нь|нь
бꙋди|боуді
ѡ̇бьща|обьща
бл͠годѣть|бл҃годѣть
слы̇шѧщимь|слъішѧщімь
намь|намь
крⷭ҇ти|крсті
бо|бо
сѧ|сѧ
влкⷣа|влкда
всѣхь|всѣхь
хьⷭ҇|хьс
не|не
трѣбоуѫ̇|трѣбоуѫ
кр͠щениꙗ̇|кр҃щеніꙗ
нь|нь
двои̇нꙋ|двоіноу
ны̇на|нъіна
польꙁꙋ|пользоу
творить|творіть
прьвѣе̇|прьвѣе
бо|бо
намь|намь
дасть|дасть
св͠ещение̇|св҃ещеніе
и̇|і
бл͠годѣть|бл҃годѣть
и̇|і
вьсѫ|вьсѫ
члв͠кы|члв҃къі
на|на
кр͠щениє̇|кр҃щеніе
пріведе|пріведе
приде|пріде
бо|бо
і̇сьⷭ҇|ісьс
ѿ|от
галилеⷾ|галілеѫ
на|на
е̇рьдань|ерьдань
кь|кь
і̇ѡⷶ҇ноу|іоаноу
крⷭ҇тити|крстіті
сѧ|сѧ
ѿ|от
него|него
и̇|і
е̇же|еже
се|се
тоу|тоу
творѣше|творѣше
братиѥ̇|братіе
помы̇слити|помъісліті
не|не
мощно|мощно
є̇сть|есть
и̇|і
мы̇сли|мъіслі
чл͠чьскы̇ѫ̇|чл҃чьскъіѫ
вы̇ше|въіше
е̇сть|есть
е̇же|еже
се|се
тоу|тоу
дѣꙗ̇ше|дѣꙗше
(с͠е)|с҃е
трепещеть|трепещеть
мы|мъі
оу꙼мь|оумь
и̇|і
ѥ̇ꙁы̇кь|езъікь
бѣжить|бѣжіть
и̇ꙁ|із
оусть|оусть
не|не
смѣѫ̇|смѣѫ
гл͠ати|гл҃аті
недовѣдомаго|недовѣдомаго
да|да
тѣмь|тѣмь
видѣ|відѣ
і̇ѡ͠нь|іо҃нь
вл͠кѫ|вл҃кѫ
грѧдѫща|грѧдѫща
кь|кь
себѣ|себѣ
трепетомь|трепетомь
нⷨ҇оꙃѣмь|нмозѣмь
ѡ̇дрьжимо|одрьжімо
и̇мѣѫ̇|імѣѫ
срцⷣе|срцде
кланѣѫ̇|кланѣѫ
сѫ|сѫ
и̇|і
припадаѫ̇|пріпадаѫ
и̇|і
ꙁа|за
ноꙃѣ|нозѣ
е̇млѫ|емлѫ
и̇|і
молѣшⷷ҇|молѣше
сѧ|сѧ
гл͠ѫ|гл҃ѫ
что|что
твориши|творіші
ѡ̇|о
влкⷣо|влкдо
грьдо|грьдо
ми|мі
дѣло|дѣло
врѫчає̇ши|врѫчаеші
и̇|і
страха|страха
пльно|пльно
повѣлѣниє̇|повѣлѣніе
и̇е̇рꙿдань|іердань
видѣвь|відѣвь
тѧ|тѧ
творьца|творьца
и̇|і
оу̇жасноу|оужасноу
се|се
и̇счеꙁе|ісчезе
а꙼|а
а꙼ꙁь|азь
каль|каль
сы̇|съі
и̇|і
пепель|пепель
и̇|і
прьсть|прьсть
по|по
ꙁєми|земі
пльжꙋ|пльжоу
и̇|і
смѣю̇|смѣю
такои̇|такоі
таи̇нѣ|таінѣ
ѡ̇бещꙿникь|обещнікь
бы̇ти|бъіті
ни|ні
влⷣко|влдко
не|не
нꙋди|ноуді
мєне|мене
ѥ̇гоже|егоже
могѫ|могѫ
не|не
могѫ|могѫ
трепещеть|трепещеть
ми|мі
пльⷮ҇|пльт
вьса|вьса
и̇|і
раслабѣшѧ|раслабѣшѧ
ми|мі
кости|кості
вьсѧ|вьсѧ
оу꙼жасно|оужасно
ми|мі
ѥ̇сть|есть
срцⷣе|срцде
и̇|і
весь|весь
вь|вь
страсѣ|страсѣ
е̇смь|есмь
и̇|і
вь|вь
болѣꙁьни|болѣзьні
и̇|і
почто|почто
нꙋдиши|ноудіші
ме|ме
немощьнаго|немощьнаго
вьсемощны̇|вьсемощнъі
творити|творіті
е̇же|еже
ми|мі
чрѣꙁь|чрѣзь
силы̇|сілъі
ѥ̇сть|есть
и̇|і
како|како
дрьꙁнѫ|дрьзнѫ
крⷭ҇тити|крстіті
тѧ|тѧ
како|како
ѡ̇гꙿнь|огнь
сѣно|сѣно
можеть|можеть
ѡ̇чистити|очістіті
и̇|і
како|како
каль|каль
ѡ̇мы̇є̇ть|омъіеть
и̇сточника|істочніка
и̇|і
како|како
кр͠щоу|кр҃щоу
сꙋдиѫ̇|соудіѫ
ѡ̇сѫжеⷣнꙿны̇|осѫжедннъі
и̇|і
како|како
те|те
кр͠щоу|кр҃щоу
влⷣко|влдко
скврьны̇|скврьнъі
не|не
вижоуⷣ|віжоуд
на|на
тебѣ|тебѣ
клѫтвѣ|клѫтвѣ
а꙼дамовѣ|адамовѣ
не|не
быⷭ҇|бъіс
повинень|повінень
ты̇|тъі
грѣха|грѣха
бо|бо
не|не
сьтвори|сьтворі
и̇|і
како|како
прострѧ|прострѧ
десницѫ|десніцѫ
на|на
тѧ|тѧ
пропеньшаго|пропеньшаго
нб͠о|нб҃о
и̇|і
ꙁемлꙋ|землоу
и̇|і
како|како
прострѫ|прострѫ
рабь|рабь
сы̇|съі
и̇|і
на|на
гьⷣскы̇|гьдскъі
врьхь|врьхь
своѫ̇|своѫ
длань|длань
како|како
ли|лі
ѡ̇св͠ѧщѫ|осв҃ѧщѫ
те|те
пристраны̇|прістранъі
сьвѣта|сьвѣта
соущаго|соущаго
како|како
ли|лі
молꙿбꙋ|молбоу
створѫ|створѫ
ѡ̇|о
тебѣ|тебѣ
и̇же|іже
приѥ̇млеши|пріемлеші
неꙁнаѫ̇щихь|незнаѫщіхь
тебє|тебе
мольбы̇|мольбъі
и̇|і
и̇ны(ѥ)|інъіе
кр͠щоу|кр҃щоу
вь|вь
и̇мѧ|імѧ
твоѥ̇|твое
да|да
вѣроуѫ̇ть|вѣроуѫть
грѧдѫщомоу|грѧдѫщомоу
тебѣ|тебѣ
сь|сь
славоѫ̇|славоѫ
тебе|тебе
кр͠щоу|кр҃щоу
и̇|і
кого|кого
нарекѫ|нарекѫ
вь|вь
чиѥ̇|чіе
(и̇)ме|іме
кр͠щѧ|кр҃щѧ
те|те
вь|вь
ѡ̇ч͠е|оч҃е
ли|лі
нь|нь
ѻ̇ц͠а|оц҃а
и̇маши|імаші
вь|вь
себѣ|себѣ
и̇|і
весь|весь
ѥ̇си|есі
вь|вь
ѡ̇ци|оці
нь|нь
вьсн͠овне|вьсн҃овне
ли|лі
нь|нь
нѣ|нѣ
ⷭ҇|с
раꙁвѣ|развѣ
тебе|тебе
и̇нь|інь
сн͠ъ|сн҃ъ
бж͠и|бж҃і
и̇ли|ілі
вь|вь
ст͠аго|ст҃аго
дх͠а|дх҃а
нь|нь
принⷭ҇о|прінсо
е̇сть|есть
с|с
тобоѫ̇|тобоѫ
ꙗ̇коже|ꙗкоже
и̇|і
ѥ̇диносоущень|едіносоущень
ѥ̇сть|есть
с|с
тобою̇|тобою
и̇|і
ѥ̇диномы̇сльно|едіномъісльно
и̇|і
вьсемощно|вьсемощно
и̇|і
ѥ̇диночтⷭ҇ьно|едіночтсьно
и̇|і
стоѫ̇и̇|стоѫі
приѥ̇мле|пріемле
ѿ|от
вьсеѥ̇|вьсее
твари|тварі
поклонениѥ̇|поклоненіе
крⷭ҇ти|крсті
ме|ме
оу꙼ти|оуті
влⷣко|влдко
а꙼ще|аще
хощеши|хощеші
крⷭ҇ти|крсті
мене|мене
крⷭ҇титела|крстітела
простри|прострі
притраньнꙋю̇|прітраньноую
сы̇|съі
десницѫ|десніцѫ
и̇|і
вѣнꙿчан|вѣнчан
и̇|і
присежениє̇мь|прісеженіемь
мою|мою
главоу|главоу
да|да
прѣдъ|прѣдъ
твои̇мь|твоімь
цр͠ьствомь|цр҃ьствомь
текꙋ|текоу
сь|сь
вѣнꙿцемь|вѣнцемь
ꙗко|ꙗко
прѣдитеча|прѣдітеча
бл͠говѣщаѫ̇|бл҃говѣщаѫ
и̇|і
по|по
ѡ̇бы̇чаю̇|объічаю
вьпиѫ̇|вьпіѫ
се|се
а꙼гꙿнець|агнець
бж͠и|бж҃і
въꙁемѫ|въземѫ
грѣхы̇|грѣхъі
вьсего|вьсего
мира|міра
и̇ѥ̇рꙿдане|іердане
рѣко|рѣко
ликьствꙋи̇|лікьствоуі
сꙿ|с
мною|мною
и̇|і
вьчини|вьчіні
нн͠ꙗ|нн҃ꙗ
створи|створі
ны̇|нъі
своѥ̇|свое
и̇|і
вь|вь
стрꙋѥ̇|строуе
потеци|потеці
твои|твоі
бо|бо
творець|творець
пришель|прішель
ѥ̇сть|есть
кь|кь
тебѣ|тебѣ
пльтиѫ̇|пльтіѫ
видѣ|відѣ
бо|бо
ты̇|тъі
и̇ногда|іногда
и̇ꙃⷭ҇ла|ізсла
скоꙃѣ|скозѣ
те|те
миноующа|міноующа
и̇|і
раꙁдѣли|раздѣлі
водꙋ|водоу
свою|свою
и̇|і
дасть|дасть
проходь|проходь
мимо|мімо
себє|себе
а꙼|а
ни͠нѣ|ні҃нѣ
раꙃлиꙗ̇вь|разліꙗвь
се|се
свѣтло|свѣтло
и̇|і
ѡ̇бы̇ми|объімі
прѣчⷭ҇тое̇|прѣчстое
тѣло|тѣло
є̇го|его
и̇же|іже
и̇ꙁлⷭ҇ьты̇|ізлсьтъі
тогда|тогда
прѣвеⷣ|прѣвед
прѣꙁь|прѣзь
горы̇|горъі
и̇|і
брѣгы̇и|брѣгъіі
и̇|і
хльми|хльмі
и̇|і
беꙁны̇|безнъі
и̇|і
равꙿни|равні
и̇|і
пола|пола
и̇|і
доубравы̇|доубравъі
и̇|і
потоци|потоці
и̇|і
ломи|ломі
и̇|і
дреꙁгы̇|дрезгъі
и̇|і
море|море
и̇|і
рѣкы̇|рѣкъі
бл͠гословите|бл҃гословіте
г͠а|г҃а
и̇же|іже
крⷭ҇ти|крсті
се|се
вь|вь
є̇рьданѣ|ерьданѣ
рѣцѣ|рѣцѣ
се|се
бо|бо
влкⷣа|влкда
и̇|і
сиѥ̇ю|сіею
водою|водою
ѡ̇ст͠ы|ост҃ъі
вꙿсе|все
воды̇|водъі
и̇|і
ѿвѣща|отвѣща
і̇с͠ъ|іс҃ъ
и̇|і
реⷱ҇|реч
кь|кь
і̇ѡⷶ҇нꙋ|іоаноу
небрѣꙁи|небрѣзі
нꙿн͠ѣ|нн҃ѣ
сице|сіце
бо|бо
лѣпо|лѣпо
ѥ̇сть|есть
намь|намь
сконꙿчати|скончаті
вьсѫ|вьсѫ
правдѫ|правдѫ
помльчи|помльчі
крьстителю|крьстітелю
нꙿнѣ|ннѣ
мнѣ|мнѣ
сице|сіце
стоѥщоу|стоещоу
раꙁꙋмѣи̇|разоумѣі
ѥ̇же|еже
хощѫ|хощѫ
ѥ̇же|еже
а̇ꙁь|азь
творѫ|творѫ
навꙑ̇кни|навъікні
и̇|і
послоужи|послоужі
ми̇|мі
и̇|і
ѥ̇же|еже
а꙼ꙁь|азь
творѧ|творѧ
ти|ті
не|не
вьстѫꙁаи̇|вьстѫзаі
и̇|і
е̇же|еже
а꙼ꙁь|азь
мы̇шлꙋ|мъішлоу
небрѣꙃи|небрѣзі
нꙿнѣ|ннѣ
и̇|і
ѥ̇динако|едінако
не|не
повѣдаи̇|повѣдаі
моѥ̇го|моего
бжⷭ҇тва|бжства
и̇|і
ѥ̇динако|едінако
не|не
и̇споущаи̇|іспоущаі
и̇ꙁ|із
ꙋсть|оусть
моє̇го|моего
цртⷭ҇ва|цртсва
да|да
не|не
оу̇вѣдѣвь|оувѣдѣвь
мꙋчитель|моучітель
сотона|сотона
и̇|і
ѿбѣгнеть|отбѣгнеть
не|не
хоте|хоте
ѥ̇ти|еті
мⷩ҇еⷷ҇|мнее
ратию|ратію
небрѣꙁи|небрѣзі
да|да
придеть|прідеть
диꙗ̇волъ|діꙗволъ
ꙗ̇ко|ꙗко
(и)|і
на|на
проста|проста
чл͠ка|чл҃ка
и̇|і
и̇меть|іметь
се|се
по|по
ме|ме
и̇|і
приметь|пріметь
ранꙋ|раноу
сетьнꙋю̇|сетьноую
небрѣꙃи|небрѣзі
мене|мене
да|да
сконꙿчаю̇|скончаю
ѥ̇гоже|егоже
дѣлꙿма|дѣлма
ѥ̇сꙿмь|есмь
пришель|прішель
на|на
ꙁемѧ|земѧ
и̇|і
вьпльтиль|вьпльтіль
се|се
таи̇на|таіна
се|се
ѥⷭ҇|ес
ѥ̇же|еже
се|се
строи̇ть|строіть
дн҇ⷭе|днсе
вь|вь
и̇є̇рꙿдани|іердані
ѡ̇|о
мнѣ|мнѣ
и̇|і
ѡ̇|о
мои̇хь|моіхь
таи̇наⷯ҇|таінах
се|се
ѥ̇сть|есть
не|не
моє̇|мое
трѣбованиѥ̇|трѣбованіе
сконꙿчаѫ̇щи|скончаѫщі
нь|нь
и̇цⷭ҇ѣлити|іцсѣліті
мы̇слѫщи|мъіслѫщі
ꙗ̇ꙁꙿвны̇|ꙗзвнъі
и̇|і
грѣшьны̇ѫ̇|грѣшьнъіѫ
таи̇на|таіна
се|се
ѥ̇сть|есть
великыѥ|велікъіе
таи̇ны̇|таінъі
наꙁнаменаѥ̇ть|назнаменаеть
прѣдьварениѥ̇|прѣдьвареніе
вь|вь
сихь|сіхь
водахь|водахь
и̇|і
начрьтае̇мо|начрьтаемо
чл͠комь|чл҃комь
порожеⷣниє̇|порожедніе
небрѣꙁи|небрѣзі
нꙿнѣ|ннѣ
ѥ̇гаⷣ|егад
мѧ|мѧ
виⷣши|відші
бг͠олѣпꙿнѣ|бг҃олѣпнѣ
вь|вь
мои̇хь|моіхь
твⷬ҇аⷷхь|твраехь
є̇же|еже
и̇ꙁвольша|ізвольша
творѧща|творѧща
тогаⷣ|тогад
к|к
томоу|томоу
бываѫ̇щомоу|бъіваѫщомоу
хвалѫ|хвалѫ
приложи|пріложі
и̇|і
є̇гаⷣ|егад
мѧ|мѧ
видишь|відішь
пѣготивы̇|пѣготівъі
ѻ̇чищаѫ̇ща|очіщаѫща
тѡгаⷣ|тогад
мѧ|мѧ
творꙿца|творца
е̇стьства|естьства
нареци|нареці
ѥ̇гаⷣ|егад
мѧ|мѧ
виⷣши|відші
хромиѫ̇|хроміѫ
ріщꙋща|ріщоуща
творⷾ҇ща|творѫща
тогда|тогда
сьтєкѫщима|сьтекѫщіма
ногама|ногама
и̇|і
ты̇|тъі
на|на
хвалꙋ|хвалоу
свои̇|своі
ѥ̇ꙁыкь|езъікь
простри|прострі
и̇|і
ѥ̇гаⷣ|егад
же|же
мѧ|мѧ
виⷣши|відші
мр͠твы̇ѫ̇|мр҃твъіѫ
и̇ꙁꙿ|із
гроба|гроба
и̇споущаѫ̇ща|іспоущаѫща
тогда|тогда
сь|сь
вьставꙿшими|вьставшімі
славослови|славослові
ꙗ̇ко|ꙗко
животворꙿца|жівотворца
и̇|і
ѥ̇гаⷣ|егад
видиши|відіші
мѧ|мѧ
бѣси|бѣсі
и̇ꙁꙿгонѫща|ізгонѫща
тогда|тогда
моє̇мꙋ|моемоу
сѧ|сѧ
ц͠рьствꙋ|ц҃рьствоу
поклони|поклоні
(се̏)|се
є̇гⷣа|егда
виⷣши|відші
мѧ|мѧ
сѣдѫща|сѣдѫща
ѡ̇|о
деснѫѫ̇|деснѫѫ
ѡ̇ц͠а|оц҃а
тѡгⷣа|тогда
бл͠гослови|бл҃гослові
ꙗ̇ко|ꙗко
є̇диного|едіного
прѣстолъника|прѣстолъніка
и̇|і
е̇динолѣтьника|едінолѣтьніка
присносѫща|прісносѫща
сь|сь
ѡ̇ц͠емь|оц҃емь
небрѣꙁи|небрѣзі
н͠инѣ|н҃інѣ
сице|сіце
бо|бо
и̇|і
лѣпо|лѣпо
е̇сть|есть
сконьчати|сконьчаті
вьсѫ|вьсѫ
правдѫ|правдѫ
ꙁаконꙿь|законь
оу̇ставлѣѫ̇|оуставлѣѫ
є̇сьмь|есьмь
и̇|і
ꙁакоⷩ|закон
ꙋставльшаго|оуставльшаго
сн͠ь|сн҃ь
да|да
поⷣбає̇ть|подбаеть
ми|мі
оу̇ставленꙿны̇|оуставленнъі
ꙁаконь|законь
ско(н)чати|скончаті
по|по
томь|томь
дати|даті
и̇нѣмь|інѣмь
поⷣбаѥ̇ть|подбаеть
ми|мі
прѣжеⷣ|прѣжед
ꙁнаменати|знаменаті
и̇|і
по|по
томь|томь
силꙋ|сілоу
ꙗ̇вити̇|ꙗвіті
лѣпо|лѣпо
ми|мі
є̇сть|есть
сконꙿчати|скончаті
прьвы̇|прьвъі
ꙁавѣть|завѣть
ти|ті
ю̇же|юже
нⷪвы̇|новъі
положиты̇и̇|положітъіі
вь|вь
члв͠чии̇хь|члв҃чііхь
ср͠цехь|ср҃цехь
и̇|і
вьписати|вьпісаті
моє̇ю|моею
крьвы̇ю̇|крьвъію
и̇|і
печⷶтлѣти|печатлѣті
ѫ̇|ѫ
д͠хомь|д҃хомь
и̇|і
поⷣбає̇ть|подбаеть
ми|мі
на|на
кртⷭ҇ь|кртсь
вьꙁыти|вьзъіті
се|се
и̇|і
гвоꙁдьми|гвоздьмі
прибы̇ѥ̇нꙋ|прібъіеноу
быти|бъіті
и̇|і
страсть|страсть
приѧ̇ти|пріѧті
такꙋ|такоу
ꙗ̇коже|ꙗкоже
мощи|мощі
и̇|і
страстиѫ̇|страстіѫ
ꙩ̇ноу|оноу
ꙗ̇ꙁꙿвѫ|ꙗзвѫ
и̇цⷭ҇литии̇|іцслітіі
ꙗ̇же|ꙗже
ѡ̇|о
дрѣвѣ|дрѣвѣ
быⷭ҇|бъіс
ѡ̇слоушавꙿшоу|ослоушавшоу
се|се
а̇дамꙋ|адамоу
поⷣбає̇ть|подбаеть
ми|мі
сьны̇ти|сьнъіті
вь|вь
а̇дъ|адъ
въ|въ
само|само
то|то
мѣсто|мѣсто
дрьжимыхь|дрьжімъіхь
тоу̇|тоу
ради|раді
мр͠твець|мр҃твець
поⷣбае̇ть|подбаеть
ми|мі
трид͠невноѫ̇|трід҃невноѫ
м͠рьтвостиѫ̇|м҃рьтвостіѫ
моє̇|мое
пльтиѫ̇|пльтіѫ
дрьжание̇|дрьжаніе
ѡ̇братити|обратіті
поⷣбає̇ть|подбаеть
ми|мі
плⷮ҇ьнꙋю|плтьноую
свѣщѫ|свѣщѫ
въжещи|въжещі
и̇же|іже
въ|въ
тьмѣ|тьмѣ
и̇|і
сѣни|сѣні
сѣдѫщимь|сѣдѫщімь
лѣпо|лѣпо
ми|мі
е̇сть|есть
кь|кь
ѡ̇ц͠оу|оц҃оу
привести|прівесті
а꙼дама|адама
вь|вь
мнѣ|мнѣ
цртⷭ҇воуѫ̇ща|цртсвоуѫща
поⷣбае̇ть|подбаеть
ми|мі
вьсе|вьсе
то|то
сьдѣлати|сьдѣлаті
тѡго|того
бо|бо
ради|раді
придохь|прідохь
вь|вь
своѫ̇|своѫ
тварь|тварь
поⷣбає̇ть|подбаеть
ми|мі
крⷭ҇тиⷮ҇|крстіт
сѧ|сѧ
симь|сімь
кр͠щениѥ̇мь|кр҃щеніемь
а꙼|а
послѣды̇|послѣдъі
є̇диносоущю̇|едіносоущю
трои̇цоу|троіцоу
кр͠щениѥ̇|кр҃щеніе
всѣмь|всѣмь
чл͠комь|чл҃комь
дати|даті
дажⷣь|даждь
кр͠щениѥ̇|кр҃щеніе
ѭ̇коже|ѭкоже
дѣва|дѣва
мариꙗ̇|маріꙗ
млѣно|млѣно
и̇|і
и̇ми|імі
се|се
по|по
мою|мою
главꙋ|главоу
ю̇же|юже
чьтꙋть|чьтоуть
серафими|серафімі
и̇ми|імі
сѧ|сѧ
по|по
ꙋжикꙋ|оужікоу
своє̇ю̇|своею
десницⷷѫ|десніцеѫ
и̇|і
ми|мі
сѧ|сѧ
ꙗ̇кожⷷ|ꙗкоже
ѥ̇сть|есть
сего|сего
радьма|радьма
створена|створена
мнⷪ҇ѫ̇|мноѫ
и̇|і
д͠хомь|д҃хомь
и̇|і
ѡ̇ц͠емь|оц҃емь
мои̇мь|моімь
н̇ми|нмі
сѧ|сѧ
по|по
главѫ|главѫ
ꙁа|за
нѫже|нѫже
дрьже|дрьже
се|се
доброчьстиє̇мь|доброчьстіемь
и̇|і
николиже|ніколіже
не|не
оумре̇ть|оумреть
въ|въ
ꙁꙿлѣ|злѣ
кртⷭ҇и|кртсі
мене|мене
ѥ̇мꙋже|емоуже
кртⷭ҇ити|кртсіті
вѣрꙋѫ̇щѫѫ̇|вѣроуѫщѫѫ
водоѫ̇|водоѫ
и̇|і
дх͠омь|дх҃омь
и|і
(ѡ̇)гн͠емь|огн҃емь
воⷣѫ̇|водѫ
же|же
ꙗ̇же|ꙗже
можеть|можеть
ѡ̇мы̇ти|омъіті
грѣшнны̇ѫ̇|грѣшннъіѫ
скврꙿнꙿы̇|скврнъі
и̇|і
дх͠омь|дх҃омь
могѫщимь|могѫщімь
ꙁє̇мны̇ѫ̇|земнъіѫ
прѣтвⷪрити|прѣтворіті
ѡ̇гꙿнемь|огнемь
и̇же|іже
можеть|можеть
беꙁакониꙗ̇|безаконіꙗ
трьниє̇|трьніе
и̇скоренити|іскореніті
се|се
вьсе|вьсе
слы̇ша|слъіша
кртⷭ҇итель|кртсітель
и̇|і
вь|вь
немь|немь
сы̇|съі
весь|весь
раꙁꙋмь|разоумь
сп͠совь|сп҃совь
и|і
вьмѣщь|вьмѣщь
таино|таіно
все|все
еже|еже
прѣⱑ|прѣѧ
и|і
послоужи|послоужі
бжⷭ҇твоⷩ҇моу|бжствонмоу
повелѣнию|повелѣнію
бѣше|бѣше
бо|бо
сꙋмнь|соумнь
се|се
и|і
послоушлыивь|послоушлъіівь
и|і
сво[ѫ]|своѫ
десниицꙋ|деснііцоу
прострь|прострь
трепещѫще|трепещѫще
ѡрдꙿань|ордань
радоваше|радоваше
сⱑ|сѧ
влкⷣѫ|влкдѫ
крьстити|крьстіті
и|і
тоу|тоу
сѫщиимь|сѫщіімь
июдеѡ̇мь|іюдеомь
и|і
помишлѣѫщиимь|помішлѣѫщіімь
вь|вь
себѣ|себѣ
и|і
кь|кь
себѣ|себѣ
бесѣдꙋющимь|бесѣдоующімь
еда|еда
беꙁ|без
оума|оума
помишлѣхомь|помішлѣхомь
и̇ѡ̇а̇на|іоана
болъша|болъша
сего|сего
ісⷭ҇а|ісса
е̇да|еда
вь|вь
псⷹтошь|псоутошь
раꙁоумѣхомь|разоумѣхомь
ѡ̇ного|оного
ю̇ноша|юноша
сегⷪ|сего
не|не
сеи̇|сеі
ли|лі
се|се
самокр͠щениѥ̇|самокр҃щеніе
кртⷭ҇ителѣ|кртсітелѣ
і̇ѡⷶ҇на|іоана
больша|больша
скаꙁає̇ть|сказаеть
не|не
сеи̇|сеі
ли|лі
крⷭ҇тить|крстіть
ꙗ̇коже|ꙗкоже
вещи|вещі
і̇сⷭ҇ь|іссь
а̇|а
сеи̇|сеі
крⷭ҇тить|крстіть
сѧ|сѧ
ѿ|от
него|него
ꙗ̇коже|ꙗкоже
хꙋжⷣы̇|хоуждъі
сы̇и̇|съіі
тако|тако
и̇|і
сѧ|сѧ
пронешьши|пронешьші
славѣ|славѣ
вьсꙋдоу|вьсоудоу
ѿ|от
невѣдещиихь|невѣдещііхь
строемие̇|строеміе
таѧ|таѧ
таи̇ни|таіні
единь|едінь
б͠ь|б҃ь
и|і
естьствомь|естьствомь
ѡц͠ь|оц҃ь
и̑|і
единочѧдаго|едіночѧдаго
сн͠а|сн҃а
единь|едінь
вѣсть|вѣсть
и̑ꙁредно|ізредно
испытнѣи|іспъітнѣі
єгоже|егоже
единь|едінь
роди|роді
беꙁврѣда|безврѣда
оу̇правлѣѫ̇|оуправлѣѫ
блаꙁнѫщи|блазнѫщі
хⷭ҇оу|хсоу
помы̇сль|помъісль
и̇ю̇деи̇скы̇|іюдеіскъі
и̇|і
ѿврьꙁе|отврьзе
дв͠ери|дв҃ері
небⷭ҇ныѫ̇|небснъіѫ
и̇|і
посла|посла
дх͠ь|дх҃ь
ст͠ы̇|ст҃ъі
видомь|відомь
голѧбиномь|голѧбіномь
на|на
главѫ̇|главѫ
і̇св͠ю|ісв҃ю
ꙗ̇коже|ꙗкоже
прьстомь|прьстомь
кажѫ|кажѫ
новаго|новаго
ноꙗ̇|ноꙗ
и̇|і
творьца|творьца
ноє̇ва|ноева
и̇|і
стонꙋ|стоноу
ти|ті
хотѧща|хотѧща
е̇стьства|естьства
добраго|добраго
правитела|правітела
и̇|і
крьмꙿника|крьмніка
се|се
же|же
и̇|і
самь|самь
сь|сь
нбⷭ҇е|нбсе
вьꙁгл͠ашаꙗ̇ше|вьзгл҃ашаꙗше
велꙿми|велмі
ꙃѣло|зѣло
сеи̇|сеі
сть|сть
сн͠ь|сн҃ь
мои̇|моі
любимы̇|любімъі
и̇|і
е̇же|еже
и̇ꙁволихь|ізволіхь
сеа̇|сеа
неи̇нь|неінь
сеи̇|сеі
ꙗ̇|ꙗ
не|не
і̇ѡⷶ҇нь|іоань
крьститель|крьстітель
сеи̇|сеі
и̇же|іже
ѿ|от
мене|мене
є̇сть|есть
рожⷣень|рождень
прѣжⷣе|прѣжде
вьсѣхь|вьсѣхь
вѣкь|вѣкь
а̇|а
не|не
н̇же|нже
ѿ|от
ꙁахариѥ̇|захаріе
проꙁеб̇е|прозебе
нь|нь
иже|іже
ѿ|от
мариѥ̇|маріе
роди|роді
сѧ|сѧ
пльтиѫ|пльтіѫ
а꙼|а
не|не
и̇же|іже
ѿ|от
е̇лисавеѳи|елісавеѳі
роди|роді
сѧ|сѧ
нь|нь
не|не
чающеє̇|чающее
и̇|і
нь|нь
и̇же|іже
с|с
вами|вамі
вьꙁрасте|вьзрасте
и̇|і
и̇же|іже
сь|сь
мноѫ̇|мноѫ
посла|посла
дх͠ь|дх҃ь
ст͠ы̇|ст҃ъі
кь|кь
себѣ|себѣ
и̇|і
пакы̇|пакъі
же|же
посла|посла
и̇|і
тьи̇жⷣе|тьіжде
прꙵѫ̇|прѫ
дх͠ь|дх҃ь
се|се
е̇сть|есть
сн͠ь|сн҃ь
ми|мі
любимы̇|любімъі
и̇же|іже
и̇ꙁволихь|ізволіхь
сн͠ь|сн҃ь
ми|мі
присны̇|пріснъі
а̇|а
не|не
тꙋѫⷣь|тоуѫдь
сн͠ъ|сн҃ъ
е̇диносѫщень|едіносѫщень
а̇|а
не|не
раꙁносьщъствомь|разносьщъствомь
и̇|і
ѥ̇диносѫщень|едіносѫщень
сь|сь
мноѧ̇|мноѧ
невиⷣмомоу|невідмомоу
а̇|а
е̇диносѫщень|едіносѫщень
с|с
вами|вамі
по|по
виⷣмомоу|відмомоу
раꙁⷡ҇ѣ|развѣ
грѣха|грѣха
сеи̇|сеі
е̇сть|есть
и̇же|іже
сꙿ|с
мноѫ̇|мноѫ
створи|створі
члк͠а|члк҃а
и̇же|іже
нⷷи̇ꙁвѣстънѣ|неізвѣстънѣ
бⷭ҇ы̇|бсъі
чл͠кь|чл҃кь
се|се
е̇сть|есть
сн͠ь|сн҃ь
ми|мі
любимы̇|любімъі
и̇же|іже
и̇ꙁволиихъ|ізволііхъ
а|а
не|не
инь|інь
єⷭ҇|ес
моим|моім
ѡвь|овь
а|а
и̇нь|інь
мариинь|маріінь
с͠нь|с҃нь
не|не
и̇нь|інь
иже|іже
вь|вь
ꙗслехь|ꙗслехь
лежить|лежіть
а|а
инь|інь
емоуже|емоуже
сѧ|сѧ
вльсви|вльсві
поклонишѫ|поклонішѫ
нь|нь
твои|твоі
с͠нь|с҃нь
любимы|любімъі
и̇же|іже
и̇ꙁволии̇хь|ізволііхь
ты|тъі
видиимь|відіімь
и|і
раꙁоумѣемь|разоумѣемь
не|не
ищи|іщі
емоу|емоу
пльтиѫ|пльтіѫ
ѡц͠а|оц҃а
на|на
ꙁемли|землі
беꙁь|безь
ѡ̇ц͠а|оц҃а
бо|бо
єⷭ҇|ес
долѣ|долѣ
не|не
ищи|іщі
бжⷭ҇твоу|бжствоу
ѥго|его
мт͠ре|мт҃ре
на|на
неб͠сехь|неб҃сехь
беꙁь|безь
мт͠ре|мт҃ре
бо|бо
есть|есть
горѣ|горѣ
не|не
ѿлѫчаете|отлѫчаете
бжⷭ҇тва|бжства
емоу̇|емоу
члч͠ства|члч҃ства
его|его
нераꙁлѫчно|неразлѫчно
бо|бо
то|то
есть|есть
и̇|і
неиꙁмѣно|неізмѣно
по|по
единьствоу|едіньствоу
ни|ні
б͠а|б҃а
нага|нага
ни|ні
чл͠ка|чл҃ка
проста|проста
х͠а|х҃а
нь|нь
б͠ь|б҃ь
и̇|і
чл͠кь|чл҃кь
сеи|сеі
єⷭ҇|ес
сн͠ь|сн҃ь
мⷪи|моі
егоже|егоже
иꙁволиихь|ізволііхь
того|того
послоуша(іт͠е)|послоушаіт҃е
ѻ̇|о
великоѥ̇|велікое
чюдо|чоудо
и̇|і
прѣстрашноє̇|прѣстрашное
с͠нь|с҃нь
сѧ|сѧ
крⷭ҇тить|крстіть
а̇|а
ѡ̇ц͠ь|оц҃ь
с|с
нбⷭ҇е|нбсе
свѣдѣтельствꙋє̇ть|свѣдѣтельствоуеть
и̇|і
д͠хь|д҃хь
сь|сь
нбⷭ҇е|нбсе
ꙗ̇ко|ꙗко
голѫбь|голѫбь
прилѣтѣвъ|прілѣтѣвъ
покаꙁаѥ̇ть|показаеть
кь|кь
комоу|комоу
гл͠аль|гл҃аль
є̇сть|есть
по|по
истинѣ|істінѣ
бо|бо
велика|веліка
есть|есть
строема|строема
таи̇на|таіна
велика|веліка
и̇|і
прѣчюдна|прѣчоудна
и̇|і
прѣдивещи|прѣдівещі
всакь|всакь
оумь|оумь
троица|троіца
сѧ|сѧ
вь|вь
е̇рданьстѣи̇,|ерданьстѣі
рѣцѣ|рѣцѣ
ꙗ̇влѣѥ̇ть|ꙗвлѣеть
и̇|і
тоу|тоу
силоѫ̇|сілоѫ
оу̇тврьди|оутврьді
ѥ̇диносьщьство|едіносьщьство
бж͠ьства|бж҃ьства
пачеє|пачее
рещи|рещі
е̇дино|едіно
бжⷭ҇тво|бжство
въ|въ
триє̇хь|тріехь
и̇постасехь|іпостасехь
ꙋвѣдѣно|оувѣдѣно
бⷭ҇ы|бсъі
сѫщее̇|сѫщее
тоу|тоу
и̇ю̇деи̇ѥ̇|іюдеіе
ꙋжасошѧ|оужасошѧ
сѧ|сѧ
страхомь|страхомь
і̇ѡⷶ҇нъ|іоанъ
сѧ|сѧ
дивить|дівіть
и̇є̇рдань|іердань
се|се
ѡ̇с͠ти|ос҃ті
и̇|і
въса|въса
тварь|тварь
се|се
понови|понові
хⷭ҇оу|хсоу
вьсѣхь|вьсѣхь
б͠оу|б҃оу
нш͠емꙋ|нш҃емоу
крⷭ҇тивьшоу|крстівьшоу
се|се
і̇ѡⷶ҇номь|іоаномь
и̇|і
вьсе|вьсе
ѥ̇ство|ество
водъноє̇|водъное
ѡ̇свѧщьша|освѧщьша
и̇|і
се|се
глⷭ҇а|глса
по|по
кр͠щени|кр҃щені
ꙩ̇|о
є̇диночѧдѣмь|едіночѧдѣмь
бⷭ҇(ы)|бсъі
на|на
н̇е̇рьданѣ|нерьданѣ
ѡ̇ц͠емь|оц҃емь
вьꙁг͠лашень|вьзг҃лашень
ѥ̇гⷣа|егда
прѣѡбраꙃи|прѣобразі
сѧ|сѧ
і̇с͠ь|іс҃ь
ꙁрѫщимь|зрѫщімь
оу̇ченикомъ|оученікомъ
и̇|і
просиꙗ̇|просіꙗ
сѧ|сѧ
лице|ліце
єⷢ|ег
ⷪ|о
ꙗ̇ко|ꙗко
и̇|і
слн͠це|слн҃це
сеи̇|сеі
же|же
тьи̇жⷣе|тьіжде
глⷭ҇а|глса
пакы̇|пакъі
сн͠ьми̇|сн҃ьмі
любимы̇|любімъі
сего|сего
послоушаи̇тє|послоушаіте
а̇ще|аще
реⷱ҇ть|речть
ти|ті
ѡ͠ць|о҃ць
ѥ̇дино|едіно
сⷷ҇вѣ|севѣ
тѡго|того
послоушаи̇те|послоушаіте
и̇|і
а̇ще|аще
реⷱ҇ть|речть
а̇ꙁь|азь
въ|въ
ѡ̇ц͠и|оц҃і
и|і
ѡ̇ц͠ь|оц҃ь
въ|въ
мнѣ|мнѣ
того|того
послꙋшаи̇те|послоушаіте
и̇|і
а̇ще|аще
реⷱ҇ть|речть
пославы̇|пославъі
ме|ме
боли̇|болі
мене|мене
ѥ̇сть|есть
тѡ|то
кь|кь
строю̇|строю
пльтꙿномоу|пльтномоу
сеи̇|сеі
глⷭ҇а|глса
приложите|пріложіте
и̇|і
а̇ще|аще
реⷱ҇ть|речть
се|се
ѥ̇сть|есть
моꙗ̇|моꙗ
пльть|пльть
и̇|і
крьвь|крьвь
ꙗ̇же|ꙗже
ꙁа|за
вы̇|въі
проливає̇ма|проліваема
на|на
ѡ̇ставлениє̇|оставленіе
грѣхомь|грѣхомь
тѡ|то
покаꙁаѥ̇мо|показаемо
виⷣте|відте
и̇|і
а̇ще|аще
речеть|речеть
прискрьбьна|пріскрьбьна
ми|мі
ѥ̇сть|есть
д͠ша|д҃ша
до|до
съмрꙿти|съмрті
кь|кь
д͠ши|д҃ші
ѥ̇го|его
а̇|а
не|не
къ|къ
бжⷭ҇твоу|бжствоу
ѥ̇мꙋ|емоу
печальноє̇|печальное
то|то
приѥ̇тиѥ̇|пріетіе
прѣложите|прѣложіте
и̇|і
а̇ще|аще
реⷱ҇ть|речть
кого|кого
мѧ|мѧ
гл͠ѧть|гл҃ѧть
члв͠ци|члв҃ці
бы̇ти|бъіті
сꙋща|соуща
ли|лі
с͠на|с҃на
члв͠чска|члв҃чска
и̇|і
ѿвѣщаи̇мь|отвѣщаімь
сь|сь
петромь|петромь
а̇плⷭ҇о(мь)|аплсомь
велкы̇мь|велкъімь
и̇|і
вьꙁьпиѥ̇мь|вьзьпіемь
кь|кь
немꙋ|немоу
ты̇|тъі
є̇си|есі
с͠нь|с҃нь
б͠а|б҃а
живаго|жіваго
ѥ̇моуже|емоуже
слава|слава
в|в
вѣкы̇|вѣкъі
вѣкомь|вѣкомь
а̇минь|амінь
С|с
Л|л
О|о
(В|в
О)|о
С|с
Т҇|т
А|а
Г|г
О|о
І|і
Ꙍ|о
(А)|а
Н|н
А|а
Ꙁ|з
Л|л
Атооустаго|атооустаго
похва(л)а|похвала
і̇ѡ(а)нꙋ|іоаноу
крьстителю̇|крьстітелю
бл͠агослови|бл҃агослові
ѡ̇ч͠е|оч҃е
Приде|пріде
і̇с͠ь|іс҃ь
ѿ|от
галилеѫ|галілеѫ
(н͠а)|н҃а
и̇ѡ̇рꙿдань|іордань
кь|кь
и̇ѡⷶ҇ноу|іоаноу
крⷭ҇тити|крстіті
сѧ|сѧ
ѿ|от
него|него
кы̇ѩ̇|къіѧ
грѣхы̇|грѣхъі
ѿмы̇ти|отмъіті
хотѧ|хотѧ
погрѫꙁити|погрѫзіті
вь|вь
водахь|водахь
и̇ѥ̇рꙿданъскыⷯ҇|іерданъскъіх
ꙗ̇коже|ꙗкоже
павелъ|павелъ
а̇плⷭ҇ь|аплсь
кь|кь
тимоѳеѡ̇ви|тімоѳеові
свѣдѣⷮ҇лⷷ҇ствоуѥ̇ть|свѣдѣтлествоуеть
бѣхомь|бѣхомь
прѣстѫпениє̇мь|прѣстѫпеніемь
ꙁаблѫдили|заблѫділі
и̇ногⷣа|іногда
ѿ|от
пѫти|пѫті
праваго|праваго
и̇|і
поработили|поработілі
сѧ|сѧ
похотемь|похотемь
да|да
тѡго|того
ради|раді
ѡ̇милⷭ҇рди|омілсрді
сѧ|сѧ
б͠ь|б҃ь
и̇|і
видѣ|відѣ
рода|рода
чл͠чѣ|чл҃чѣ
беꙁбожноѫ̇|безбожноѫ
льстиѫ̇|льстіѫ
горькомꙋ|горькомоу
мѫчителю̇|мѫчітелю
поработивꙿша|поработівша
сѧ|сѧ
и̇|і
того|того
ради|раді
прѣклони|прѣклоні
нб͠са|нб҃са
и̇|і
сьниде|сьніде
и̇|і
пльти|пльті
и̇|і
крьви|крьві
нашеи̇|нашеі
вьсхотѣвъ|вьсхотѣвъ
и̇|і
грѣсѣ|грѣсѣ
нині̇|ніні
є̇диномь|едіномь
не|не
причѫсти|прічѫсті
сѧ|сѧ
нѫ|нѫ
грѣхы̇|грѣхъі
нашѧ|нашѧ
погрѫꙃити|погрѫзіті
хотѧ|хотѧ
въ|въ
є̇рꙿданѣ|ерданѣ
и̇|і
приⷣ|прід
ⷷ|е
кь|кь
болѧщимь|болѧщімь
врачь|врачь
и̇|і
кь|кь
ꙁаблѫжⷣьшимъ|заблѫждьшімъ
ѡ̇вцамь|овцамь
пастырь|пастъірь
и̇стинꙿны̇|істіннъі
кь|кь
падьшимь|падьшімь
вьставитель|вьставітель
кь|кь
ꙁемꙿны̇мꙿ|земнъім
нбⷭ҇ны̇|нбснъі
къ|къ
мрꙿтвы̇мь|мртвъімь
животь|жівоть
кь|кь
свѧꙁанꙿнымꙿ|свѧзаннъім
раꙁьдрѣшитель|разьдрѣшітель
кь|кь
а̇дьскы̇мь|адьскъімь
ѻ̇првьданиє̇|опрвьданіе
и̇|і
ѡ̇бнⷪ҇вление̇|обновленіе
и̇|і
немрачꙿны̇|немрачнъі
свѣть|свѣть
кь|кь
нищимь|ніщімь
свободителъ|свободітелъ
и̇|і
кь|кь
ꙩ̇слабленꙿны̇|ослабленнъі
оу̇крѣпитєлъ|оукрѣпітелъ
бл͠гь|бл҃гь
кь|кь
сѣдѫщимь|сѣдѫщімь
въ|въ
тьмѣ|тьмѣ
и̇|і
сѣни|сѣні
съмрꙿтꙿнѣи̇|съмртнѣі
свѣть|свѣть
неꙁаходѧи̇|незаходѧі
николиже̏|ніколіже
и̇|і
кь|кь
прѣи̇сподънимь|прѣісподънімь
прѣвы̇ши|прѣвъіші
и̇|і
кь|кь
ѡ̇мраченꙿны̇мь|омраченнъімь
грѣхы̇|грѣхъі
просвѣтитель|просвѣтітель
пакы̇|пакъі
банею|банею
житеи̇скоѫ̇|жітеіскоѫ
чтоже|чтоже
ѥ̇сть|есть
тѡꙁи|тозі
братиє̇|братіе
да|да
слы̇шимь|слъішімь
прьвѣє̇|прьвѣе
и̇спаде|іспаде
прѣдѣдь|прѣдѣдь
нашь|нашь
тѣмꙿже|тѣмже
хⷭ҇ь|хсь
видѣ|відѣ
прѣстѫпение̇|прѣстѫпеніе
то|то
и̇|і
ꙁракь|зракь
рабии̇|рабіі
вьсприє̇мь|вьспріемь
и̇|і
кь|кь
и̇ѡ̇рданымь|іорданъімь
водамь|водамь
приде|пріде
потопити|потопіті
хотѧ|хотѧ
сьпротивьнаа̇го|сьпротівьнааго
диꙗ̇вола|діꙗвола
и̇|і
сего|сего
же|же
вь|вь
ꙋтрѣи|оутрѣі
и̇|і
д͠нь|д҃нь
оу̇ꙁрѣвь|оузрѣвь
і̇ѡⷶ҇нь|іоань
и̇|і
рече|рече
се|се
а̇гꙿнець|агнець
б͠жи|б҃жі
вꙿꙁемѧ|вземѧ
грѣхы̇|грѣхъі
вьсего|вьсего
мира|міра
и̇|і
реⷱ҇|реч
ѥ̇мꙋ|емоу
і̇ѡⷶ҇нь|іоань
чесо|чесо
трѣбоуѫ̇|трѣбоуѫ
влⷣко|влдко
в|в
нищетьнѣ|ніщетьнѣ
ѡ̇браꙁѣ|образѣ
при(де)|пріде
на|на
и̇ѡ̇рданѣ|іорданѣ
и̇|і
страхомь|страхомь
ѻ̇дрьжимь|одрьжімь
въꙁьпихь|възьпіхь
гл͠ѫ|гл҃ѫ
что|что
твориши|творіші
владико|владіко
смѣренимь|смѣренімь
ѡ̇браꙁомь|образомь
пришедь|прішедь
ꙗ̇ко|ꙗко
и̇|і
прость|прость
чл͠кь|чл҃кь
и̇|і
что|что
мѧ|мѧ
народомь|народомь
прѣдає̇ши|прѣдаеші
на|на
оу̇бии̇ство|оубііство
а̇ꙁь|азь
велиꙗ̇|веліꙗ
народꙋ|народоу
ѡ̇|о
тебѣ|тебѣ
и̇сповѣдахь|ісповѣдахь
гⷣе|где
ти|ті
сѧ|сѧ
чинове|чінове
бесплъⷮ҇нии̇|бесплътніі
прѣдитекѫще|прѣдітекѫще
вꙑ̇нѫ|въінѫ
и̇|і
трьст͠ое̇|трьст҃ое
пѣниє̇|пѣніе
вьсилаѫ̇ще|вьсілаѫще
въ|въ
нихьже|ніхьже
сѧ|сѧ
древле|древле
ꙗ̇ви|ꙗві
мои̇сеѡ̇ви|моісеові
твое̇моу|твоемоу
оу̇годьникꙋ|оугодьнікоу
где|где
ти|ті
е̇сть|есть
шестокрілы̇хь|шестокрілъіхь
прѣстоꙗ̇ние̇|прѣстоꙗніе
и̇же|іже
древле|древле
проꙗ̇ви|проꙗві
прⷪ҇ркоу|проркоу
твоє̇моу|твоемоу
и̇саи̇и̇|ісаіі
сѣдѧ|сѣдѧ
на|на
прѣстолѣ|прѣстолѣ
вы̇соцѣ|въісоцѣ
и|і
прѣвъꙁⷩ҇есенѣ|прѣвъзнесенѣ
где|где
ти|ті
бечисльноє̇|бечісльное
множьство|множьство
беспльтьны̇хь|беспльтьнъіхь
сꙵлъ|слъ
и̇хьже|іхьже
видѣ|відѣ
древле|древле
данилъ|данілъ
тьмы̇|тьмъі
тьмамы̇|тьмамъі
прѣстоѫ̇щии̇хь|прѣстоѫщііхь
ѡ̇крⷭ҇ть|окрсть
прѣстола|прѣстола
твоѥ̇го|твоего
где|где
ти|ті
четвороꙁрачьнꙿнаꙗ̇|четворозрачьннаꙗ
животьнаꙗ̇|жівотьнаꙗ
на|на
нихьже|ніхьже
тѧ|тѧ
видѣ|відѣ
почѧваⷾ҇ща|почѧваѫща
ѥ̇ꙁекиль|езекіль
гⷣе|где
ти|ті
прѣстоли|прѣстолі
и̇|і
гвⷭ҇иꙗ̇|гвсіꙗ
и̇|і
властꙑ̇|властъі
и̇|і
силы̇|сілъі
на|на
ниⷯ҇|ніх
иже|іже
нераꙁлѫчꙿно|неразлѫчно
славимь|славімь
сь|сь
ѡ̇ц͠емь|оц҃емь
и̇|і
сь|сь
дх͠омь|дх҃омь
почиваѫ̇|почіваѫ
присно|прісно
Чесо|чесо
трѣбоуѫ̇|трѣбоуѫ
владико|владіко
и̇|і
сьниде|сьніде
кы̇ѫ̇|къіѫ
скꙿвꙿрьны̇|скврьнъі
ѡ̇мы̇ти|омъіті
хотѫ|хотѫ
кто|кто
вⷣѣ|вдѣ
коли|колі
слн͠це|слн҃це
ѡ̇чищає̇мо|очіщаемо
и̇же|іже
свѣтомь|свѣтомь
свои̇мь|своімь
всѣ|всѣ
прѣѡ̇блистаѫ̇щи|прѣоблістаѫщі
и̇|і
кто|кто
видѣ|відѣ
коли|колі
ꙁижⷣителѣ|зіждітелѣ
ѿ|от
брениꙗ̇|бреніꙗ
трѣбоуѫ̇ща|трѣбоуѫща
ѡ̇чищениꙗ̇|очіщеніꙗ
вь|вь
и̇стинѫ|істінѫ
страшꙿна|страшна
твориши|творіші
влⷣко|влдко
ты̇|тъі
ѥ̇си|есі
поставлⷷ҇и̇|поставлеі
н͠бо|н҃бо
ни|ні
на|на
чесомьже|чесомьже
и̇|і
ѡ̇блачаѫ̇|облачаѫ
небо|небо
ѻ̇блакы̇|облакъі
ꙗ̇ко|ꙗко
и̇|і
риꙁоѫ̇|різоѫ
ты̇|тъі
ѥ̇си|есі
оу̇тврьжⷣеи̇|оутврьждеі
ꙁемѧ|земѧ
на|на
водахь|водахь
ты̇|тъі
є̇си|есі
ꙩ̇боуꙁⷣаѫ̇|обоуздаѫ
море|море
пѣскомь|пѣскомь
и̇|і
положивь|положівь
ѥ̇моу|емоу
прѣдѣлы̇|прѣдѣлъі
до|до
где|где
вьсходити|вьсходіті
ты̇|тъі
е̇си|есі
оу̇красивы̇|оукрасівъі
тваръ|тваръ
свои̇мь|своімь
повелѣние̇мь|повелѣніемь
и̇|і
сьдрьжѫ|сьдрьжѫ
рѫкоѫ̇|рѫкоѫ
въсѣчьскаа̇|въсѣчьскаа
влⷣка|влдка
же|же
г͠ь|г҃ь
реⷱ҇|реч
кь|кь
немоу|немоу
таи̇ни|таіні
б͠жиѫ̇|б҃жіѫ
ꙁрѫщи|зрѫщі
вѣщає̇ши|вѣщаеші
иѡⷶ҇не|іоане
и̇|і
по|по
семь|семь
на|на
больша|больша
вьꙁирати|вьзіраті
потѡпити|потопіті
бо|бо
придохь|прідохь
вь|вь
є̇рданѣ|ерданѣ
ꙁьмиꙗ|зьміꙗ
прѣльстивꙿшаго|прѣльстівшаго
прѣдѣда|прѣдѣда
твоє̇го|твоего
а̇дама|адама
и̇|і
того|того
ради|раді
ѻ̇блѣкохь|облѣкохь
сѧ|сѧ
вь|вь
нь|нь
ꙗ̇ко|ꙗко
и̇|і
вь|вь
риꙁѫ|різѫ
да|да
ѡ̇бновѫ|обновѫ
тварь|тварь
моє̇ѫ̇|моеѫ
и̇|і
на|на
нб͠сны̇|нб҃снъі
прѣстоль|прѣстоль
вьꙁнесѧ|вьзнесѧ
тѣмьже|тѣмьже
раⷣуи̇те|радуіте
сѧ|сѧ
сь|сь
мꙿноѫ̇|мноѫ
ꙗ̇ко|ꙗко
ѡ̇брѣтохь|обрѣтохь
драгьмѫ|драгьмѫ
погы̇бьшѧѫ̇|погъібьшѧѫ
ми|мі
се|се
бо|бо
е̇уⷢ҇листь|еуглість
лꙋка|лоука
ꙗ̇сно|ꙗсно
скаꙁає̇ть|сказаеть
рекы̇|рекъі
вь|вь
ꙋтрѣи̇|оутрѣі
же|же
д͠нь|д҃нь
оу̇ꙁрѣ|оузрѣ
і̇ѡⷶ҇нь|іоань
і̇с͠а|іс҃а
грѧдѫща|грѧдѫща
кь|кь
себѣ|себѣ
и̇|і
вьꙁьпи|вьзьпі
гл͠ѧ|гл҃ѧ
се|се
а̇гнець|агнець
б͠жи|б҃жі
вьꙁемѧ|вьземѧ
грѣхы̇|грѣхъі
вьсего|вьсего
мира|міра
и̇|і
ѡ̇|о
семь|семь
свѣтельствоуѫ̇|свѣтельствоуѫ
а̇ꙁь|азь
гл͠ѫ|гл҃ѫ
ꙗ̇ко|ꙗко
грѧдеть|грѧдеть
вь|вь
слѣдь|слѣдь
мєне|мене
мꙋжь|моужь
е̇моуже|емоуже
нѣсмъ|нѣсмъ
достоѥ̇нь|достоень
падъ|падъ
поклонити|поклоніті
сѧ|сѧ
и̇ли|ілі
раꙁⷣрѣшити|раздрѣшіті
ремень|ремень
сапогꙋ|сапогоу
ѥ̇го|его
а̇ꙁь|азь
бо|бо
крⷭ҇тии̇хь|крстііхь
водоѫ̇|водоѫ
вь|вь
покаꙗ̇ниѥ̇|покаꙗніе
а̇|а
тьи̇|тьі
д͠хомь|д҃хомь
с͠тыи̇мь|с҃тъіімь
ѡ̇|о
тѡмь|томь
бо|бо
реⷱ҇|реч
и̇саи̇ꙗ̇|ісаіꙗ
въпиѥ̇ть|въпіеть
глⷭ҇а|глса
вьпиѧ̇щаго|вьпіѧщаго
вь|вь
поустыни|поустъіні
оуготоваи̇те|оуготоваіте
пꙋти|поуті
гн͠ѧ|гн҃ѧ
и|і
правыѫ̇|правъіѫ
творыте|творъіте
стѫꙁы̇|стѫзъі
є̇го|его
тѣмьже|тѣмьже
каа̇|каа
оу̇ста|оуста
вьꙁмогѫть|вьзмогѫть
твоє̇|твое
бл͠гословиѥ̇|бл҃гословіе
и̇сповѣдати|ісповѣдаті
и̇|і
твои̇|твоі
глⷭ҇а|глса
страшꙿнѣи̇|страшнѣі
грома|грома
быⷭ҇|бъіс
и̇|і
кр͠щаѫ̇щимь|кр҃щаѫщімь
сѧ|сѧ
народомь|народомь
ѿ|от
него|него
и̇|і
г͠лаше|г҃лаше
кь|кь
ны̇мь|нъімь
нѣсьмь|нѣсьмь
а̇ꙁь|азь
хⷭ҇ь|хсь
нь|нь
прѣдиⷮ҇чⷷ҇а|прѣдітчеа
є̇мꙋ|емоу
е̇сꙿмъ|есмъ
и̇|і
вьпиѫ̇|вьпіѫ
кь|кь
вамь|вамь
покаи̇те|покаіте
сѧ|сѧ
се|се
бо|бо
приде|пріде
ц͠рьства|ц҃рьства
давець|давець
вьꙁимаѫ̇|вьзімаѫ
грꙗхы̇|грꙗхъі
вꙿсего|всего
мира|міра
тѡи̇|тоі
бо|бо
ѥ̇сть|есть
ѿ|от
дв͠ы|дв҃ъі
прѣчⷭ҇тиѫ̇|прѣчстіѫ
а̇|а
не|не
ѿ|от
ѥ̇лисавьѳы̇|елісавьѳъі
тѣмꙿже|тѣмже
томоу|томоу
поⷣбає̇ть|подбаеть
расти|расті
а̇|а
мнѣ|мнѣ
нижити|ніжіті
сѧ|сѧ
а̇ꙁь|азь
бо|бо
є̇смь|есмь
лоуча|лоуча
малимь|малімь
свѣто|свѣто
просвѣщаѫ̇|просвѣщаѫ
а̇|а
ѡ̇нь|онь
всѣчьскаа|всѣчьскаа
б͠жестьвьны̇мь|б҃жестьвьнъімь
свѣтомь|свѣтомь
всѫ|всѫ
ѡ̇ꙁарѣє̇ть|озарѣеть
тои̇|тоі
бо|бо
е̇сть|есть
сь|сь
нбⷭ҇е|нбсе
ѿ|от
б͠а|б҃а
ѡ̇ц͠а|оц҃а
своѫ̇|своѫ
тварь|тварь
ѡ̇бновити|обновіті
приде|пріде
а̇ꙁь|азь
ѿ|от
е̇реꙗ̇|ереꙗ
ꙁаматорѣвьша|заматорѣвьша
вь|вь
старости|старості
маститѣ|мастітѣ
рожⷣень|рождень
на|на
проповѣдъ|проповѣдъ
и̇|і
готование̇|готованіе
пꙋтемь|поутемь
е̇го|его
ѡ̇ного|оного
бо|бо
єⷭ҇|ес
пакы̇|пакъі
странꙿноⷷ҇|странное
рожⷣьство|рождьство
ѿ|от
д͠вы|д҃въі
прѣчисты̇ѫ̇|прѣчістъіѫ
наꙁеми|наземі
бєꙁь|безь
ѡ̇ц͠а|оц҃а
нась|нась
дѣльма|дѣльма
а̇|а
мое̇|мое
рожⷣъство|рождъство
ѿ|от
мѫжъскаго|мѫжъскаго
тѣлесе|тѣлесе
се|се
и̇ѡⷶ҇ноу|іоаноу
г͠лѧщоу|г҃лѧщоу
ѡ̇|о
свое̇мь|своемь
влⷣцѣ|влдцѣ
и̇|і
кр͠щьшаго|кр҃щьшаго
народы̇|народъі
и̇|і
кто|кто
вьꙁможеть|вьзможеть
хвалы̇|хвалъі
е̇моу|емоу
дⷭ҇ои̇нои̇|дсоіноі
ꙁрещи|зрещі
е̇гоже|егоже
самь|самь
г͠ь|г҃ь
похвали|похвалі
рекь|рекь
боли|болі
і̇ѡⷶ҇|іоа
крⷭ҇тител|крстітел
а|а
не|не
вьстанеть|вьстанеть
вь|вь
рожⷣени|рождені
женьсⷮ҇ѣ|женьстѣ
тои̇|тоі
бо|бо
е̇сть|есть
скаꙁає̇ма|сказаема
бл͠годѣть|бл҃годѣть
бж͠иꙗ̇|бж҃іꙗ
тѡговоу|тоговоу
рождьствоу|рождьствоу
кто|кто
тьчень|тьчень
и̇|і
тоговоу|тоговоу
прⷪ҇рчьствꙋ|прорчьствоу
кто|кто
равень|равень
трьгоубо|трьгоубо
бⷭ҇ы|бсъі
прⷪ҇ркъ|проркъ
и̇|і
прѣдитеча|прѣдітеча
и̇|і
крⷭ҇тителъ|крстітелъ
и̇|і
житие̇мь|жітіемь
неприклаьнь|непріклаьнь
ни|ні
кь|кь
комоу|комоу
тькмо|тькмо
а̇нг͠лѣхь|анг҃лѣхь
є̇динѣхь|едінѣхь
не|не
рекꙋ|рекоу
вы̇ше|въіше
а̇нг͠ль|анг҃ль
тѡи̇|тоі
бо|бо
є̇динь|едінь
сьврьши|сьврьші
страⷲ҇ны̇ѫ̇|страшнъіѫ
таи̇ни|таіні
сьврьшениꙗ̇|сьврьшеніꙗ
бж͠иꙗ̇|бж҃іꙗ
и̇|і
кь|кь
непристѫпꙿномꙋ|непрістѫпномоу
трепетомь|трепетомь
пристьпль|прістьпль
и̇|і
прикоснѫ|прікоснѫ
сѧ|сѧ
врьсѣ|врьсѣ
є̇го|его
вьпиѫ|вьпіѫ
а̇ꙁь|азь
трѣбоуѫ̇|трѣбоуѫ
ѿ|от
тебе|тебе
крⷭ҇тити|крстіті
сѧ|сѧ
а̇|а
ты̇|тъі
к|к
мѣ|мѣ
грѧдеши|грѧдеші
и̇|і
кь|кь
немꙋже|немоуже
г͠ъ|г҃ъ
реⷱ҇|реч
а̇ще|аще
не|не
бихь|біхь
сѧ|сѧ
крⷭ҇тиль|крстіль
ѿ|от
тебе|тебе
тѡ|то
никтоже|ніктоже
би|бі
ѿ|от
ц͠рь|ц҃рь
приѫ̇ль|пріѫль
ꙁемнихь|земніхь
кр͠щениѥ̇|кр҃щеніе
ѿ|от
є̇реꙗ̇|ереꙗ
оу̇бога|оубога
ѡ̇браꙁь|образь
бо|бо
дати|даті
сьнидохъ|сьнідохъ
свое̇моу|своемоу
сьꙁⷣанию̇|сьзданію
да|да
пⷪ҇|по
моимь|моімь
стопамь|стопамь
ходѧще|ходѧще
и̇|і
вьꙁыдѧть|вьзъідѧть
вь|вь
горꙿны̇|горнъі
є̇рⷭ҇лимь|ерслімь
и̇деже|ідеже
нⷭ҇ѣ|нсѣ
[ꙁ]ꙿмиꙗ̇|зміꙗ
свищаѫ̇ща|свіщаѫща
ни|ні
кь|кь
оу̇хꙋ|оухоу
вьспинаѫ̇ща|вьспінаѫща
сѧ|сѧ
нѫ|нѫ
дрѣво|дрѣво
животьноє̇|жівотьное
и̇|і
саморасльноє̇|саморасльное
бе(ꙁь)|безь
напоє̇ниꙗ̇|напоеніꙗ
проꙁѧбение̇|прозѧбеніе
и̇мѣѫ̇|імѣѫ
ѿ|от
ѥ̇диного|едіного
и̇сточника|істочніка
б͠жестъвꙿнаа̇го|б҃жестъвнааго
ѿ|от
негоже|негоже
бл͠гости|бл҃гості
и̇мꙋть|імоуть
ꙗ̇сти|ꙗсті
сьхранꙿше|сьхранше
ꙁаповѣди|заповѣді
моѫ̇|моѫ
беꙁь|безь
порока|порока
си|сі
бо|бо
вꙿсѣмь|всѣмь
бⷭ҇ы|бсъі
ѿкры̇тель|откръітель
и̇ѡⷶ҇нꙿ|іоан
ѻ̇|о
прⷪ҇рче|прорче
и̇|і
прѣдитечє|прѣдітече
страшꙿномⷹ|страшномоу
сьмотрению̇|сьмотренію
бж͠ию̇|бж҃ію
и|і
повѣстьнииче|повѣстьнііче
неи̇ꙁꙿг͠лає̇мы̇хь|неізг҃лаемъіхь
чоудесь|чоудесь
б͠жихь|б҃жіхь
ꙗ̇же|ꙗже
бы̇шѧ|бъішѧ
междоу|междоу
тѡбоѫ̇|тобоѫ
и̇|і
г͠емь|г҃емь
нашимь|нашімь
і̇сьⷭ҇|ісьс
х͠томь|х҃томь
стѧꙁаниꙗ̇|стѧзаніꙗ
и̇|і
г͠ланиꙗ̇|г҃ланіꙗ
и̇|і
творениꙗ̇|твореніꙗ
ихьже|іхьже
ꙁрѫще|зрѫще
дивлѣхѫ|дівлѣхѫ
сѧ|сѧ
а̇нꙿг͠ли|анг҃лі
трепетно|трепетно
и̇|і
крили̇|крілі
ꙁакры̇ваѫ̇ще|закръіваѫще
лица|ліца
своꙗ̇|своꙗ
рекѫще|рекѫще
кто|кто
и̇сповѣсть|ісповѣсть
крⷭ҇тителоу|крстітелоу
твоꙗ̇|твоꙗ
величиꙗ̇|велічіꙗ
и̇|і
котори|которі
ѥ̇ꙁы̇кь|езъікь
и̇ꙁреⷱ҇ть|ізречть
твоє̇|твое
ꙁачѧтиє̇|зачѧтіе
страшно|страшно
и̇|і
дивно|дівно
бы̇вьшее̇|бъівьшее
вь|вь
послѣдь|послѣдь
кь|кь
старости|старості
ѡ̇бѣтованиѥ̇мь|обѣтованіемь
и̇|і
вьꙁꙿвѣщено|вьзвѣщено
бⷭ҇ы|бсъі
ѿ|от
а̇рꙿхꙿа̇нг͠ла̇|арханг҃ла
ѻ̇ц͠оу|оц҃оу
твоє̇мꙋ|твоемоу
ꙁахарии̇|захаріі
и̇|і
ꙁа|за
невѣриѥ̇|невѣріе
же|же
мльчаниѥ̇мь|мльчаніемь
оудивлень|оудівлень
бⷭ҇ы|бсъі
до|до
сьврьшениꙗ̇|сьврьшеніꙗ
и̇сходънаго|ісходънаго
ти|ті
ѥ̇гⷣаже|егдаже
и̇ꙁы̇де|ізъіде
ꙗ̇ко|ꙗко
и̇|і
дьньны̇ца|дьньнъіца
и̇|і
раꙁⷣрѣши|раздрѣші
мльчание̇|мльчаніе
ѡ̇ц͠оу|оц҃оу
си|сі
и̇|і
бⷭ҇ы|бсъі
дивно|дівно
рожⷣьство|рождьство
ти|ті
паче|паче
вьспитаниꙗ̇|вьспітаніꙗ
и̇|і
родоу|родоу
бо|бо
метѧщꙋ|метѧщоу
сѧ|сѧ
на|на
оу̇бы̇ство|оубъіство
х͠во|х҃во
и̇|і
неꙁлобы̇вихь|незлобъівіхь
младенець|младенець
ꙁаклати|заклаті
и̇ще|іще
непꙿщеваниѥ̇|непщеваніе
бѣ|бѣ
ѡ̇|о
тебѣ|тебѣ
прⷪ҇рче|прорче
є̇да|еда
ты̇|тъі
е̇си|есі
хⷭ҇ь|хсь
понеже|понеже
по|по
ѡ̇бѣтованию̇|обѣтованію
рождень|рождень
бⷭ҇ы|бсъі
и̇|і
посла|посла
ц͠рь|ц҃рь
слꙋгы̇|слоугъі
кь|кь
ꙁахарии̇|захаріі
рекы̇|рекъі
где|где
ѥ̇сть|есть
с͠нь|с҃нь
твои̇|твоі
іѡⷶ҇нь|іоань
ѻ̇нь[же]|оньже
ѿвѣща|отвѣща
(и̇)|і
рече|рече
а̇ꙁь|азь
є̇смь|есмь
прѣ[д]с[то]ѫ̇|прѣдстоѫ
слоужебꙿномоу|слоужебномоу
ѡ̇лтарꙋ|олтароу
и̇|і
невѣмь|невѣмь
кто|кто
ѥ̇сть|есть
с͠нь|с҃нь
мои̇|моі
и̇|і
є̇лисавеѳь|елісавеѳь
бо|бо
мати|маті
є̇го|его
слы̇шавьши|слъішавьші
ꙗ̇ко|ꙗко
и̇родь|іродь
и̇ꙁьбиваѥ̇т[ь]|ізьбіваеть
младенꙿцѧ|младенцѧ
и̇|і
вьꙁемьши|вьземьші
ѡ̇трочѧ|отрочѧ
і̇ѡⷶ҇на|іоана
и̇скашⷷ҇|іскаше
мѣста|мѣста
на|на
скрьвениє̇|скрьвеніе
ѥ̇моу|емоу
и̇|і
не|не
ѡ̇б[рѣ]таше|обрѣташе
и̇|і
припадꙿши|пріпадші
кь|кь
горѣ|горѣ
т[ѧ]готою̇|тѧготою
ѡ̇дрьжима|одрьжіма
и̇|і
вьꙁведе|вьзведе
ѡ̇чи|очі
на|на
н͠бо|н҃бо
и̇|і
прⷪ҇рчьскоє̇|прорчьское
сл[оⷡ҇]|слов
сьврьши|сьврьші
и̇|і
пєчаль|печаль
своѫ̇|своѫ
на|на
б͠а|б҃а
ѻ̇ставльши|оставльші
и̇|і
вьꙁьпи|вьзьпі
кь|кь
гⷪ҇рѣ|горѣ
гл͠асомь|гл҃асомь
великоⷨ҇|веліком
и̇|і
рече|рече
ѡ̇|о
горо|горо
прими|прімі
матере|матере
сь|сь
чѧдомь|чѧдомь
и̇|і
растѫпи|растѫпі
сѧ|сѧ
гора|гора
и̇|і
приѫть|пріѫть
ѧ̇|ѧ
ѻ̇бою̇|обою
и̇скавь|іскавь
же|же
и̇родь|іродь
и̇|і
не|не
ѡ̇брѣте|обрѣте
ѫ̇|ѫ
и̇|і
посла|посла
вь|вь
св͠ѧтилище|св҃ѧтіліще
и̇|і
оу̇би̇|оубі
ꙁахариѫ̇|захаріѫ
при|прі
степ[є]нѣхь|степенѣхь
ѻ̇льтарьны̇хь|ольтарьнъіхь
и̇|і
не|не
ѡ̇брѣте|обрѣте
сѧ|сѧ
тѣло|тѣло
є̇го|его
и̇|і
крььвь|крььвь
є̇го|его
ѡ̇брѣтошѧ|обрѣтошѧ
сьсѣдьшѧ|сьсѣдьшѧ
сѧ|сѧ
ꙗ̇[ко]|ꙗко
и̇|і
камикь|камікь
и̇|і
глⷭ҇а|глса
бⷭ҇ы|бсъі
и̇ꙁ|із
ольта[ра]|ольтара
гл͠а|гл҃а
ꙁахариꙗ̇|захаріꙗ
ꙋбиѥ̇нь|оубіень
бⷭ҇ы|бсъі
и̇|і
не|не
потрѣбить|потрѣбіть
сѧ|сѧ
крьвь|крьвь
ѥ̇го|его
доньдеже|доньдеже
придеⷮ|прідет
мьстьникь|мьстьнікь
ѥ̇го|его
гора|гора
же|же
бѣ|бѣ
работаѫ̇щи|работаѫщі
и̇|і
плоди|плоді
раꙁⷧ҇ичьными|разлічьнъімі
крьмꙋ|крьмоу
готовѧщи|готовѧщі
е̇моу̇|емоу
прѣдивномоу|прѣдівномоу
прѣдитечи|прѣдітечі
ꙗ̇коже|ꙗкоже
лоука|лоука
ѥ̇уⷢ҇листь|еуглість
ꙗ̇сно|ꙗсно
скаꙁꙋѫ̇|сказоуѫ
реⷱ҇|реч
и̇|і
бѣ|бѣ
вь|вь
поустини|поустіні
до|до
дн͠е|дн҃е
ꙗ̇влениꙗ̇|ꙗвленіꙗ
свое̇го|своего
кь|кь
и̇ꙁⷭ҇лю|ізслю
такова|такова
ти|ті
сꙋть|соуть
дивьнаа̇|дівьнаа
чюдеса|чоудеса
сего|сего
дивьнаго|дівьнаго
прѣдитечѧ|прѣдітечѧ
и̇|і
таковоє̇|таковое
чюдꙿное̇|чоудное
проꙁѫбениє̇|прозѫбеніе
и̇|і
таково|таково
дивꙿноє̇|дівное
рождъство|рождъство
и̇|і
таковоє̇|таковое
неи̇ꙁреⷱ҇нꙿноѥ̇|неізречнное
вьспитаниѥ|вьспітаніе
вьсь|вьсь
свѣтлостиѫ̇|свѣтлостіѫ
и̇|і
бл͠госты̇нєю̇|бл҃гостъінею
и̇спльнень|іспльнень
и̇|і
тихостию|тіхостію
и̇|і
кротѡстиѫ̇|кротостіѫ
и̇|і
оу̇милениє̇мь|оуміленіемь
оу̇крашень|оукрашень
тѣмьже|тѣмьже
и̇|і
ѡ̇ц͠ь|оц҃ь
є̇го|его
ꙁахариꙗ̇|захаріꙗ
пррⷪ҇чьствоуѫ̇|пррочьствоуѫ
ѡ̇|о
немь|немь
и̇|і
рече|рече
и̇|і
ты̇|тъі
ѻ̇трочѧ|отрочѧ
пррⷪ҇кь|пррокь
вы̇шꙿнаа̇го|въішнааго
наречеши|наречеші
сѧ|сѧ
прѣдидеши|прѣдідеші
бо|бо
прѣдь|прѣдь
лицемь|ліцемь
гн͠имиь|гн҃іміь
оу̇готовати|оуготоваті
пѫти|пѫті
є̇го|его
и̇|і
дати|даті
раꙁꙋмь|разоумь
сп͠сниꙗ̇|сп҃сніꙗ
людемь|людемь
ѥ̇го|его
вь|вь
ѡ̇ставление̇|оставленіе
грѣхь|грѣхь
нашии̇хь|нашііхь
млⷭ҇рдиꙗ̇|млсрдіꙗ
ради|раді
б͠а|б҃а
н͠шегѻ|н҃шего
тꙗмьже|тꙗмьже
и̇ми|імі
х͠толюбьци|х҃толюбьці
насладивꙿше|насладівше
сѧ|сѧ
свѣтоꙁарьнаго|свѣтозарьнаго
сего|сего
трьжьства|трьжьства
и̇|і
прѣсвѣтлаго|прѣсвѣтлаго
памѧть|памѧть
почитаѩ̇ще|почітаѧще
праꙁноує̇мъ|празноуемъ
вь|вь
псальмѣхь|псальмѣхь
поѫ̇ще|поѫще
и̇|і
рьцѣмꙿ|рьцѣм
раⷣуи̇|радуі
сѧ|сѧ
і̇ѡⷶ҇не|іоане
слоужителю|слоужітелю
х͠вь|х҃вь
радоуи̇|радоуі
сѧ|сѧ
і̇ѡⷶ҇не|іоане
сн͠чное̇|сн҃чное
ꙁрьцало|зрьцало
самого|самого
слн͠ца|слн҃ца
крⷭ҇тивь|крстівь
мы̇|мъі
же|же
вь|вь
пѣснєхь|пѣснехь
и̇|і
вь|вь
поꙋченихь|пооученіхь
прѣбы̇ваѫ̇ще|прѣбъіваѫще
рьцѣмь|рьцѣмь
раⷣуи̇|радуі
сѧ|сѧ
прⷪ҇рче|прорче
ꙁлатоꙁрачꙿнии̇|златозрачніі
хⷭ҇вь|хсвь
свѣтли|свѣтлі
раⷣуи̇|радуі
сѧ|сѧ
прѣдитєче|прѣдітече
свѣтлоє̇|свѣтлое
свѣтило|свѣтіло
хⷭ҇оу|хсоу
раⷣуи̇|радуі
сѧ|сѧ
крⷭ҇тителю|крстітелю
просвѣщьниче|просвѣщьніче
д͠шамь|д҃шамь
н͠шимь|н҃шімь
тѣмꙿже|тѣмже
и̇|і
мы̇|мъі
братиє̇|братіе
сь|сь
симь|сімь
ꙩ̇ꙁарениѥ̇мь|озареніемь
просвѣщьше|просвѣщьше
сѧ|сѧ
вь|вь
пооу̇чени|пооучені
да|да
прѣбы̇ває̇мь|прѣбъіваемь
добрѣ|добрѣ
не|не
вьꙁвращаѧ̇щⷷ|вьзвращаѧще
сѧ|сѧ
на|на
прьвиѥ̇|прьвіе
своѥ̇|свое
грѣховьны̇ѫ̇|грѣховьнъіѫ
ѡ̇бы̇чаѫ̇|объічаѫ
ꙗ̇ко|ꙗко
и̇|і
песьна|песьна
своѫ̇|своѫ
бльвотины̇|бльвотінъі
нѫ|нѫ
вьсѣ|вьсѣ
скⷡ҇рьнꙿнаа̇|скврьннаа
дѣла|дѣла
диꙗ̇волоу|діꙗволоу
привръгьше|прівръгьше
и̇|і
теготꙋ|теготоу
сꙿньноую|сньноую
ѿврꙿгꙿше|отвргше
да|да
оу̇крѣпимь|оукрѣпімь
се|се
на|на
пꙋть|поуть
покаа̇ниꙗ̇|покааніꙗ
да|да
варимь|варімь
стежати|стежаті
добры̇ѫ̇|добръіѫ
дѣтели|дѣтелі
даже|даже
кⷪ҇[е]|кое
конець|конець
наⷭ҇|нас
не|не
постигнеть|постігнеть
даже|даже
ты̇|тъі
не|не
оу꙼крадеты|оукрадетъі
доу͠шєвьнагⷪ҇|доу҃шевьнаго
добы̇тька|добъітька
и̇|і
да|да
не|не
помислы̇мь|поміслъімь
рекꙋще|рекоуще
ꙗ̇ко|ꙗко
вь|вь
лꙗности|лꙗності
и̇|і
вь|вь
грѣсѣхь|грѣсѣхь
прѣпроводихомь|прѣпроводіхомь
дн͠и|дн҃і
своѫ̇|своѫ
да|да
на|на
конець|конець
що|що
оуспѣѥ̇мь|оуспѣемь
ни|ні
оу̇бо|оубо
тѡ|то
е̇сть|есть
диꙗволѣ|діꙗволѣ
рѣчъ|рѣчъ
самь|самь
г͠ь|г҃ь
гл͠еть|гл҃еть
прⷪ҇ркомь|проркомь
въ|въ
немьже|немьже
тѧ|тѧ
ѡ̇брѣщѫ|обрѣщѫ
вь|вь
томъ|томъ
ти|ті
сꙋжⷣѫ|соуждѫ
либо|лібо
вь|вь
грѣсѣ|грѣсѣ
либо|лібо
въ|въ
покаа̇ни|покаані
нь|нь
да|да
оу̇поⷣ҇бимь|оуподбімь
сѧ|сѧ
наѥ̇ты̇мь|наетъімь
тѣмь|тѣмь
дѣлателемь|дѣлателемь
и̇|і
вь|вь
прьви|прьві
на|на
десѫте|десѫте
чⷭ҇а|чса
пришедꙿше|прішедше
и̇|і
равꙿны(ѥ)|равнъіе
мьꙁⷣи|мьзді
приє̇мьше|пріемьше
видиши|відіші
ли|лі
и̇|і
дроугоє̇|дроугое
и̇|і
поꙁⷣьн(ь)|поздьнь
дьжⷧь|дьжль
падъши|падъші
и̇|і
болꙿши|болші
плодь|плодь
ꙋстрои̇ть|оустроіть
тѣмꙿже|тѣмже
припаднѣмь|пріпаднѣмь
кь|кь
млⷭ҇рдомꙋ|млсрдомоу
б͠оу|б҃оу
крьщьшомоу|крьщьшомоу
сѧ|сѧ
вь|вь
є̇рꙿданѣ|ерданѣ
д͠несь|д҃несь
и̇|і
кр͠щьшомоу|кр҃щьшомоу
и̇ѡⷶ҇номь|іоаномь
вьꙁьпиє̇мь|вьзьпіемь
приклони|пріклоні
оу̇хо|оухо
твоє̇|твое
крьстителю|крьстітелю
и̇|і
оу̇слы̇ши|оуслъіші
ны̇|нъі
и̇|і
пришедь|прішедь
стани|стані
с|с
нами|намі
и̇|і
моли|молі
б͠а|б҃а
ѡ̇|о
нась|нась
є̇мⷹже|емоуже
поⷣбае̇ть|подбаеть
слⷡ҇а|слва
и̇|і
чⷭ҇ть|чсть
и̇|і
покланѣние̇|покланѣніе
ѡ̇цꙋ|оцоу
и̇|і
сн͠оу|сн҃оу
и̇|і
ст͠омⷹ|ст҃омоу
дх͠оу|дх҃оу
и̇|і
нꙿнꙿѣ|ннѣ
при|прі
С|с
Л|л
О|о
(В|в
О)|о
С|с
Т|т
А|а
Г|г
О|о
І|і
Ꙍ|о
(А)|а
Н|н
А|а
Ꙁ|з
Л|л
А|а
Т|т
Ооустаго|ооустаго
на|на
ꙋсѣкꙿновєние̇|оусѣкновеніе
і̇ѡⷶ҇на|іоана
крⷭ҇тителѣ|крстітелѣ
блⷭ҇ви|блсві
ѡ͠че|о҃че
Пакы̇|пакъі
и̇роди(ꙗ̇)|іродіꙗ
бѣсить|бѣсіть
сѧ|сѧ
пакы|пакъі
мѧтет|мѧтет
сѧ|сѧ
и̇|і
пакы̇|пакъі
моутить|моутіть
сѧ|сѧ
и̇|і
пакы̇|пакъі
плешеть|плешеть
и̇|і
пакы̇|пакъі
просить|просіть
главѫ|главѫ
і̇ѡⷶ҇|іоа
крⷭ҇тителѣ|крстітелѣ
ѿ|от
и̇рода|ірода
беꙁаконꙿнаго|безаконнаго
оу̇сѣкнѫти|оусѣкнѫті
пакы̇|пакъі
вельꙁавель|вельзавель
приходить|пріходіть
просѫщи|просѫщі
на|на
оу̇ѳеѡ̇ва|оуѳеова
винограда|вінограда
раꙁьграбити|разьграбіті
и̇|і
ст͠аго|ст҃аго
и̇лиѫ̇|іліѫ
на|на
горѫ|горѫ
прогнати|прогнаті
горѣ|горѣ
мꙿнѣ|мнѣ
да|да
не|не
е̇динⷪ҇моу|едіномоу
мнѣ|мнѣ
вь|вь
оу̇жасти|оужасті
бы̇ти|бъіті
нѫ|нѫ
всѣмь|всѣмь
ваⷨ҇|вам
слышѧщимь|слъішѧщімь
е̇уⷢ҇листа|еугліста
и̇|і
чюдити|чоудіті
сѧ|сѧ
сꙿ|с
мꙿною̇|мною
і̇ѡⷶ҇новоу|іоановоу
приходоу|пріходоу
а̇|а
и̇родовꙋ|іродовоу
беꙁоумию̇|безоумію
и̇|і
беꙁаконию̇|безаконію
и̇|і
беꙁьбⷪ҇жны̇хь|безьбожнъіхь
жень|жень
ꙁвѣровидьномоу|звѣровідьномоу
бѣсоу|бѣсоу
что|что
бо|бо
слишахомь|слішахомь
нн͠ѣ|нн҃ѣ
ꙗ̇ко|ꙗко
и̇родь|іродь
рече|рече
ꙋдрьжа|оудрьжа
и̇ѡⷶ҇на|іоана
и̇|і
посади|посаді
вь|вь
тємьници|темьніці
и̇|і
почьто|почьто
и̇родиꙗ̇ды̇|іродіꙗдъі
ради|раді
жени|жені
брата|брата
мꙋ|моу
филипа|філіпа
и̇|і
похꙋлимь|похоулімь
оу̇бо|оубо
вьсии̇|вьсіі
и̇родово|іродово
бе̇ꙁоумиє̇|безоуміе
и̇|і
ѿ|от
жени|жені
сьдрьꙁаⷩ҇но|сьдрьзанно
что|что
ꙋбо|оубо
кто|кто
рⷱ҇еть|рчеть
и̇ли|ілі
како|како
кто|кто
и̇ꙁгл͠еть|ізгл҃еть
жень|жень
ѡ̇нѣхь|онѣхь
не|не
оу̇мѫчꙿное̇|оумѫчное
пронорьство|пронорьство
мнѣ|мнѣ
оу̇бо|оубо
мꙿнить|мніть
сѧ|сѧ
никоє̇моуже|нікоемоуже
бы̇ти|бъіті
на|на
ꙁеми|земі
ꙁвѣры̇|звѣръі
равꙿно|равно
женѣ|женѣ
пронорьливѣ|пронорьлівѣ
и̇|і
ꙁлѣ|злѣ
н͠нѣ|н҃нѣ
же|же
мьнѣ|мьнѣ
ѡ̇|о
пронⷪ҇рьливꙗ|пронорьлівꙗ
женѣ|женѣ
слово|слово
а̇|а
не|не
ѡ̇|о
добрѣи̇|добрѣі
и̇|і
цѣломѫдрѣи̇|цѣломѫдрѣі
вѣⷣ|вѣд
бо|бо
мꙿногы̇ѧ|многъіѧ
доброѡ̇браꙁны̇ѫ̇|доброобразнъіѫ
и̇|і
мѫдры̇ѫ̇|мѫдръіѫ
и̇хьже|іхьже
ми|мі
подобає̇ть|подобаеть
помѣнѫти|помѣнѫті
жиꙁнь|жізнь
на|на
вьꙁꙿгражⷣение̇|вьзгражденіе
и̇|і
любовь|любовь
бл͠гы̇хь|бл҃гъіхь
никы̇же|нікъіже
ꙁвѣрь|звѣрь
тьчень|тьчень
женѣ|женѣ
лѫкавѣ|лѫкавѣ
что|что
бо|бо
льва|льва
лютѣє̇|лютѣе
вь|вь
четвороногы̇хь|четвороногъіхь
ничтоже|нічтоже
что|что
ли|лі
лютѣє̇|лютѣе
ѿ|от
ꙁмеꙗ̇|змеꙗ
ничтоже|нічтоже
тькꙿмо|тькмо
жена|жена
ꙁла|зла
львь|львь
и̇|і
ꙁьмии̇|зьміі
ꙃѣло|зѣло
хоужⷣьши|хоуждьші
мꙿнить|мніть
ми|мі
сѧ|сѧ
свѣдѣтельствоуе̇ть|свѣдѣтельствоуеть
ми|мі
словесы̇|словесъі
мѫдры|мѫдръі
соломонь|соломонь
гл͠ѧ|гл҃ѧ
оу̇не|оуне
ѥ̇сть|есть
житы̇|жітъі
сь|сь
львомь|львомь
и̇|і
сь|сь
ꙁꙿмиѥ̇мь|зміемь
нежели|нежелі
сь|сь
женⷪ҇ю|женою
люкавою̇|люкавою
и|і
ѥ̇ꙁы̇чною̇|езъічною
и̇|і
да|да
не|не
рⷱ҇еши|рчеші
льжа|льжа
є̇сть|есть
то|то
рⷱ҇ениє̇|рченіе
и̇|і
ѿ|от
тѣхь|тѣхь
дѣль|дѣль
наоу̇чи|наоучі
сѧ|сѧ
и̇|і
скоро|скоро
вѣроуи̇|вѣроуі
данила|даніла
льви|льві
вь|вь
ровѣ|ровѣ
оу̇стидꙗшѧⷭ҇|оустідꙗшѧс
а̇|а
праведꙿнааго|праведнааго
наꙋѳеꙗ̇|наоуѳеꙗ
вельꙁавель|вельзавель
оу̇би|оубі
кить|кіть
прⷪ҇рка|прорка
и̇ѡ̇нѫ|іонѫ
вь|вь
ѫ̇тробѣ|ѫтробѣ
сьхрани|сьхрані
а̇|а
далида|даліда
сапꙿсона|сапсона
ѡ̇стригьши|острігьші
и̇ноплеⷨ҇нⷷ҇ꙿны̇комь|іноплемненъікомь
прѣдасть|прѣдасть
ꙁꙿмиѥ̇ве|зміеве
и̇|і
а̇спиды̇|аспідъі
и̇|і
керасти|керасті
і̇ѡⷶ҇на|іоана
сьхранишѧ|сьхранішѧ
а̇|а
и̇родиꙗ̇да|іродіꙗда
главѫ|главѫ
є̇моу|емоу
на|на
бѣдѣ|бѣдѣ
ѿсѣче|отсѣче
врань|врань
и̇лиѫ|іліѫ
на|на
горѣ|горѣ
крьмѣше|крьмѣше
а̇|а
вельꙁавель|вельзавель
по|по
бл͠годатиꙗ|бл҃годатіꙗ
(дь)жⷣа|дьжда
оу̇биѥ̇ниꙗ̇|оубіеніꙗ
ради|раді
гонѣше|гонѣше
и̇|і
что|что
гл͠аа̇ше|гл҃ааше
а̇ще|аще
ты̇|тъі
є̇си|есі
и̇лиꙗ̇|іліꙗ
а̇ꙁь|азь
вельꙁавель|вельзавель
тако|тако
да|да
сьтворѫть|сьтворѫть
ми|мі
бꙃ͠и|бз҃і
и̇|і
тако|тако
приложѫть|пріложѫть
ми|мі
а̇ще|аще
оу̇трѣ|оутрѣ
вь|вь
сьи̇|сьі
чаⷭ҇|час
не|не
положѫ|положѫ
дш͠ѫ|дш҃ѫ
твоѫ|твоѫ
ꙗ̇ко|ꙗко
е̇диного|едіного
ѿ|от
сихь|сіхь
оу̇мерьшиⷯ҇|оумерьшіх
и̇|і
оу̇боꙗ̇|оубоꙗ
се|се
и̇лиꙗ̇|іліꙗ
и̇|і
и̇де|іде
на|на
дш͠ѫ|дш҃ѫ
своѫ̇|своѫ
и̇|і
приде|пріде
подъ|подъ
дрѣво|дрѣво
и̇|і
паде|паде
поⷣ|под
смрѣчиѫ|смрѣчіѫ
и̇|і
проси|просі
дш͠и|дш҃і
свои̇|своі
оу̇мрѣти|оумрѣті
и̇|і
рⷱ҇е|рче
г͠и|г҃і
б͠же|б҃же
довлѣє̇ть|довлѣеть
ми|мі
нн͠ѣ|нн҃ѣ
ꙋбо|оубо
вьꙁꙿми|вьзмі
ѿ|от
мене|мене
дш͠ѫ|дш҃ѫ
моѫ̇|моѫ
а̇ко|ако
неболи|неболі
и̇|і
(а̇)ꙁь|азь
паче|паче
ѿц͠ь|отц҃ь
мои̇хь|моіхь
ѻ̇|о
гⷪрѣ|горѣ
мꙿнѣ|мнѣ
прⷪ҇ркь|проркь
и̇лиꙗ̇|іліꙗ
жены̇|женъі
се|се
оу̇боꙗ̇|оубоꙗ
и̇же|іже
дьжьⷣ|дьжьд
вь|вь
ѥ̇ꙁы̇цѣ|езъіцѣ
ноша̇ше|ношаше
веⷭ҇и̇|весі
вьселѣнѣи̇|вьселѣнѣі
и̇же|іже
ѻ̇гꙿнъ|огнъ
сь|сь
нв͠се|нв҃се
свⷣе|свде
слоⷡ҇мь|словмь
и̇|і
мл͠твоѫ̇|мл҃твоѫ
мрътваго|мрътваго
вьстави|вьставі
и̇|і
оу̇боꙗ̇|оубоꙗ
сѧ|сѧ
жены̇|женъі
ѥ̇и̇|еі
оу̇боꙗ̇|оубоꙗ
сѧ|сѧ
небо|небо
ни|ні
е̇дина|едіна
жьꙁль|жьзль
притькꙿнетꙿ|прітькнет
сѧ|сѧ
женѣ|женѣ
пронорьливѣ|пронорьлівѣ
послоушьствоує̇ть|послоушьствоуеть
ми|мі
мѫдрость|мѫдрость
гл͠ѫ|гл҃ѫ
нⷭ҇ѣ|нсѣ
бо|бо
глаⷡ҇|глав
паче|паче
главы|главъі
ꙁьмие̇вы̇|зьміевъі
и̇|і
нⷭ҇ѣ|нсѣ
бо|бо
ꙁлобы̇|злобъі
паче|паче
ꙁлобы̇|злобъі
женьскы̇и̇|женьскъіі
ѡ̇|о
ꙁлⷪ҇ѥ̇|злое
диꙗ̇воле|діꙗволе
ѡ̇рѫжиє̇|орѫжіе
ѻ̇строє̇|острое
женоѫ̇|женоѫ
а̇дамь|адамь
ѿ|от
породы̇|породъі
и̇ꙁьгна|ізьгна
сѧ|сѧ
и̇|і
женоѫ̇|женоѫ
кротькаго|кротькаго
дв͠да|дв҃да
на|на
ꙋбие̇ние̇|оубіеніе
оу̇рии̇но|оурііно
вьꙁьбѣси|вьзьбѣсі
жена|жена
прѣмѫдраго|прѣмѫдраго
соломона|соломона
на|на
прѣстѫпениѥ̇|прѣстѫпеніе
сьврати|сьвраті
жена|жена
прꙗмѫдраго|прꙗмѫдраго
и̇|і
храбраго|храбраго
сапꙿсона|сапсона
ѻ̇стриже|остріже
и̇|і
ѡ̇слѣпи|ослѣпі
и̇же|іже
челꙋстиѫ̇|челоустіѫ
соу̇хоѫ̇|соухоѫ
ѡ̇слеѫ̇|ослеѫ
оу̇би|оубі
.д͠і.|д҃і
тысѫщь|тъісѫщь
жена|жена
доброродьнаго|доброродьнаго
и̇ꙩ̇сифа|іосіфа
свѧꙁа|свѧза
и̇|і
вь|вь
темꙿници|темніці
ꙁатвори|затворі
жена|жена
вьсѣхь|вьсѣхь
свѣтильника|свѣтільніка
і̇ѡⷶ҇на|іоана
оу̇сѣкнѫ|оусѣкнѫ
чтоже|чтоже
гл͠ѫ|гл҃ѫ
ѡ̇|о
чловѣцѣхь|чловѣцѣхь
жена|жена
а̇нгл͠и|англ҃і
сь|сь
горы̇|горъі
сьврьжє|сьврьже
долоу|долоу
жены̇|женъі
ради|раді
вꙿсѧ|всѧ
оу̇бы̇ваѫ̇ть|оубъіваѫть
диꙗ̇воль|діꙗволь
вьсе|вьсе
которає̇ть|котораеть
вьсѧ|вьсѧ
ꙁакалаѥ̇ть|закалаеть
и̇|і
вꙿсѧ|всѧ
бесьчⷭ҇титъ|бесьчстітъ
жена|жена
бо|бо
беꙁьстоудна|безьстоудна
нико(го)же|нікогоже
сѧ|сѧ
не|не
ѡ̇бинꙋє̇ть|обіноуеть
ни|ні
цр͠ковьника|цр҃ковьніка
чьтеть|чьтеть
ни|ні
чиститєла|чістітела
срамⷧ҇ѣть|срамлѣть
сѧ|сѧ
ни|ні
пррⷪ҇кь|пррокь
сты̇дить|стъідіть
сѧ|сѧ
ѡ̇|о
ꙁлоє̇|злое
ꙁлѣѥ̇|злѣе
ѻ̇|о
ꙁла|зла
жена|жена
ѫ̇ꙁычꙿнаа̇|ѫзъічнаа
а̇ще|аще
бо|бо
нища|ніща
є̇сть|есть
поне|поне
малы̇|малъі
єⷭ҇|ес
оуне|оуне
а̇ще|аще
ли|лі
бг͠атьство|бг҃атьство
и̇мать|імать
ꙁло|зло
єи̇|еі
помагаѥ̇ть|помагаеть
трьгоубо|трьгоубо
ꙁло|зло
и̇|і
тежькь|тежькь
животь|жівоть
а̇ꙁь|азь
бо|бо
вѣдѣ|вѣдѣ
а̇спиды̇|аспідъі
кротѫщѫ̇ѫ̇|кротѫщѫѫ
сѧ|сѧ
оу̇кротимы̇|оукротімъі
и̇|і
львꙑ̇|львъі
и̇нокы̇|інокъі
и̇|і
ры̇сы̇|ръісъі
кроты̇мы̇|кротъімъі
и̇|і
кротѫть|кротѫть
сѧ|сѧ
а̇|а
жена|жена
лѫкава|лѫкава
биє̇ма|біема
бѣсить|бѣсіть
сѧ|сѧ
а̇|а
кротима|кротіма
вы̇сить|въісіть
сѧ|сѧ
и̇|і
а̇ще|аще
и̇мать|імать
мѫжа|мѫжа
болѣрина|болѣріна
нощь|нощь
и̇|і
дн͠ъ|дн҃ъ
вьскопараѫ̇щи|вьскопараѫщі
срⷣ҇це|срдце
є̇мꙋ|емоу
на|на
прѣльсноѥ̇|прѣльсное
оу̇биѥ̇ниє̇|оубіеніе
ѡ̇стритꙿь|остріть
ꙗ̇коⷤ|ꙗкож
и̇родиꙗ̇да|іродіꙗда
и̇рода|ірода
а̇ще|аще
нища|ніща
мꙋжа|моужа
и̇мать|імать
на|на
дрьꙁновениѥ̇|дрьзновеніе
и̇|і
котѡры̇|которъі
вьставлѣє̇ть|вьставлѣеть
и̇|і
а̇ще|аще
вьдова|вьдова
є̇сть|есть
и̇|і
сама|сама
сьбою̇|сьбою
вꙿсѣхь|всѣхь
беꙁьчⷭ҇тить|безьчстіть
и̇|і
страхамь|страхамь
бж͠иє̇мꙿ|бж҃іем
не|не
вьхластае̇ть|вьхластаеть
ѧ̇ꙁы̇ка|ѧзъіка
ни|ні
на|на
бѫдѫще|бѫдѫще
соудище|соудіще
вьꙁирає̇ть|вьзіраеть
ни|ні
лоубовьнаго|лоубовьнаго
ꙁакона|закона
хранити|храніті
вѣсть|вѣсть
ничтоже|нічтоже
є̇сть|есть
жени|жені
лѫкавы̇|лѫкавъі
приснаго|пріснаго
мѫжа|мѫжа
прѣдаѥ̇ть|прѣдаеть
на|на
смрꙿть|смрть
сего|сего
ради̇|раді
оу̇бо|оубо
праведънаа̇го|праведънааго
и̇ѡва|іова
приснаа̇|пріснаа
жена|жена
сьмрꙿти|сьмрті
прѣдаꙗ̇ше|прѣдаꙗше
г͠лѧщи|г҃лѧщі
рꙿцы|рцъі
слⷡ҇о|слво
кь|кь
г͠оу|г҃оу
и̇|і
оу̇мр͠и|оумр҃і
ѻ̇ле|оле
ꙁлоє̇|злое
е̇стьство|естьство
ѡ̇ле|оле
иꙁ̇воє̇ниє̇|ізвоеніе
бесьстоудꙿное̇|бесьстоудное
не|не
помиловати|поміловаті
своє̇го|своего
мѫжа|мѫжа
ꙋтрⷪбоѫ̇|оутробоѫ
горѫщоуⷨ|горѫщоум
вь|вь
сꙿтрꙋпеⷯ|строупех
ꙗ̇ко|ꙗко
ѿ|от
ѫ̇глиꙗ̇|ѫгліꙗ
ѡ̇гꙿноу|огноу
и̇|і
вьсѧ|вьсѧ
плⷮ҇ъ|плтъ
ѥ̇моу|емоу
чрьвьми|чрьвьмі
ѡ̇бꙿнѫтѧ|обнѫтѧ
и̇|і
не|не
прѣклони|прѣклоні
сѧ|сѧ
на|на
млⷭ҇тъ|млстъ
ꙁрѧщи|зрѧщі
є̇го|его
всѣческы̇|всѣческъі
и̇|і
вꙿсего|всего
нища|ніща
и̇|і
болѫща|болѫща
и̇|і
чѧсто|чѧсто
вьꙁды̇хаѫ̇ща|вьздъіхаѫща
и̇|і
ꙁьꙗ̇ю̇ща|зьꙗюща
ꙋсты̇|оустъі
и̇|і
не|не
прѣклони|прѣклоні
сѧ|сѧ
на|на
млрⷭ҇диє̇|млрсдіе
видѧщи|відѧщі
ѥ̇гоже|егоже
нѣ|нѣ
нѣкогⷣа|нѣкогда
вь|вь
цр͠ьстѣи̇|цр҃ьстѣі
багрѣници|багрѣніці
и̇|і
на|на
гнои̇|гноі
лежѧща|лежѧща
нꙿн͠ѣ|нн҃ѣ
и̇|і
ѡ̇бнажена|обнажена
пльтиѫ̇|пльтіѫ
и̇|і
не|не
помєнѫ|поменѫ
є̇же|еже
сь|сь
нимь|німь
прьваго|прьваго
ѡ̇бы̇чаꙗ̇|объічаꙗ
ни|ні
ѥ̇ликоже|елікоже
тѡго|того
дѣла|дѣла
славьна|славьна
и̇|і
доброта|доброта
є̇и̇|еі
процьвьте|процьвьте
нь|нь
нѣчто|нѣчто
реци|реці
слово|слово
кь|кь
г͠оу|г҃оу
и̇|і
оу̇мꙿри|оумрі
ꙩ̇|о
бл͠одѣти|бл҃одѣті
женьска|женьска
ѡ̇|о
оу̇мѫчениѥ̇|оумѫченіе
болѣꙁꙿньнаго|болѣзньнаго
тѣшениꙗ̇|тѣшеніꙗ
ѻ̇|о
сьпрѫга|сьпрѫга
любовьны̇|любовьнъі
ꙁаконь|законь
е̇да|еда
тебѣ|тебѣ
болѫщи|болѫщі
слоⷡ҇|слов
и̇ꙁвѣщаль|ізвѣщаль
и̇ѡ̇въ|іовъ
а̇|а
не|не
ли|лі
мⷧ҇итвами|млітвамі
и̇|і
бл͠годѣѥ̇ꙗ̇ние̇мь|бл҃годѣеꙗніемь
стрꙋпы̇|строупъі
ти|ті
ѡ̇чистиль|очістіль
не|не
довлѣꙗ̇ше|довлѣꙗше
ли|лі
е̇моу|емоу
малогоднаа̇|малогоднаа
нищета|ніщета
нѫ|нѫ
и̇|і
вѣчнѫѫ̇|вѣчнѫѫ
емоу|емоу
подаѥ̇ши|подаеші
хꙋлы̇|хоулъі
ради|раді
мѫкѫ|мѫкѫ
не|не
вѣси|вѣсі
ли|лі
ꙗ̇ко|ꙗко
всѣкь|всѣкь
грѣхь|грѣхь
ѡ̇ставить|оставіть
сѧ|сѧ
чл͠комь|чл҃комь
а|а
и̇же|іже
на|на
ст͠аго|ст҃аго
дх͠а|дх҃а
хꙋлѫ|хоулѫ
реⷱ҇ть|речть
не|не
ѡ̇ставѫть|оставѫть
сѧ|сѧ
є̇моу|емоу
ни|ні
вь|вь
сеи̇|сеі
вѣкь|вѣкь
ни|ні
вь|вь
бѫдѫщи|бѫдѫщі
хощеши|хощеші
ли|лі
и̇|і
дрⷹ҇гоую̇|дроугоую
ꙁль|зль
сьꙋꙁь|сьоузь
протвнѫѫ̇|протвнѫѫ
видѣти|відѣті
вижⷣъ|віждъ
далидѫ|далідѫ
и̇|і
та|та
бо|бо
добрⷶ҇гⷪ|добраго
и̇|і
праведьꙿнаго|праведьнаго
сапꙿсона|сапсона
ѡ̇стригьши|острігьші
и̇ноплеменьныкоⷨ҇|іноплеменьнъіком
прѣдаст|прѣдаст
своє̇го|своего
си|сі
мѫжа|мѫжа
и̇|і
свое̇го|своего
сложа|сложа
ѥгоже|егоже
грѣꙗ̇ше|грѣꙗше
ѥ̇гоже|егоже
паче|паче
себє|себе
любѫщи|любѫщі
се|се
творѣше|творѣше
ѥ̇гоже|егоже
вьчера|вьчера
люблѣше|люблѣше
днⷭ҇е|днсе
прѣльщаа̇ше|прѣльщааше
е̇гоже|егоже
вьчⷷ҇ра|вьчера
люблѫщи|люблѫщі
хранѣше|хранѣше
днⷭ҇е|днсе
прѣльщаѫ̇щи|прѣльщаѫщі
погрѣбає̇ть|погрѣбаеть
е̇да|еда
не|не
бѣ|бѣ
красенъ|красенъ
и̇|і
лѣпь|лѣпь
тѡ|то
кто|кто
того|того
краснѣє̇|краснѣе
бѣше|бѣше
вь|вь
тьи̇|тьі
годь|годь
е̇же|еже
седьмь|седьмь
пленицъ|пленіцъ
на|на
главѣ|главѣ
ношⷶ҇ше|ношаше
седьмьцвꙗтьнаго|седьмьцвꙗтьнаго
дара|дара
носѫ|носѫ
ѡ̇браꙁь|образь
е̇да|еда
не|не
бѣ|бѣ
добрь|добрь
кто|кто
тѡго|того
храбрѣи̇|храбрѣі
бѣ|бѣ
и̇же|іже
льва|льва
растрьже|растрьже
на|на
пѫти|пѫті
и̇|і
е̇диноѫ̇|едіноѫ
челюстиѫ̇|челюстіѫ
ѡ̇слеѫ̇|ослеѫ
.д͠і̏|д҃і
ты̇сѫщь|тъісѫщь
ратьникь|ратьнікь
поби|побі
нь|нь
и̇|і
ст͠ь|ст҃ь
бѣ|бѣ
тольма|тольма
бѣ|бѣ
ст͠ь|ст҃ь
ꙗ̇ковь|ꙗковь
жⷣѫдавꙿшоу|ждѫдавшоу
сѧ|сѧ
е̇моу|емоу
нѣколи|нѣколі
вь|вь
скѫдьствѣ|скѫдьствѣ
воды̇|водъі
И|і
пом͠ливъ|пом҃лівъ
сѧ|сѧ
и̇|і
ѡ̇|о
ѻ̇дръжи|одръжі
мои|моі
кости|кості
въ|въ
рѫцѣ|рѫцѣ
ѥ̇го|его
мрьтвои̇|мрьтвоі
и̇|і
водѣ|водѣ
искыпѣти|іскъіпѣті
сьтвории̇|сьтворіі
и̇|і
ѿ|от
тѫдѣ|тѫдѣ
цѣ(л͠ь)бѫ|цѣл҃ьбѫ
жедьнѫѫ̇|жедьнѫѫ
почрьпе|почрьпе
ктоже|ктоже
такого|такого
ꙗ̇снѣє̇|ꙗснѣе
и̇|і
такого|такого
добра|добра
тольма|тольма
ст͠а|ст҃а
и̇|і
своꙗ̇|своꙗ
жена|жена
ꙗ̇ко|ꙗко
и̇|і
ратьника|ратьніка
и̇ностранꙿны̇комь|іностраннъікомь
прѣдасть|прѣдасть
тѡ|то
ѡ̇тькꙋдоу|отькоудоу
ꙋбо|оубо
жена|жена
толикꙋ|толікоу
мѫжьствоу|мѫжьствоу
прѣѡ̇дѣлѣ|прѣодѣлѣ
и̇|і
ѿкоудоу|откоудоу
бл͠гдѣти|бл҃гдѣті
ради|раді
свое̇го|своего
мѫжа|мѫжа
таи̇нꙋ|таіноу
бо|бо
крѣпость|крѣпость
нощиѫ̇|нощіѫ
оу̇крадьши|оукрадьші
льстиѫ̇|льстіѫ
и̇|і
нага|нага
ꙩ̇брѣтьши|обрѣтьші
крѣпости|крѣпості
и̇|і
прѣдасть|прѣдасть
и̇|і
сего|сего
ради|раді
ꙁапрѣщае̇ть|запрѣщаеть
прⷪ҇ркь|проркь
ѿ|от
сложа|сложа
свое̇го|своего
хранити|храніті
сѧ|сѧ
не|не
повѣдати|повѣдаті
ни|ні
чесожⷷ҇|чесоже
е̇и̇|еі
кы|къі
(и̇)бо|ібо
повѣжⷣь|повѣждь
ми|мі
ꙁвѣрь|звѣрь
на|на
свое̇го|своего
мѫжа|мѫжа
тако|тако
помисли|поміслі
и̇|і
коликаа̇|колікаа
ли|лі
ꙁмиꙗ̇|зміꙗ
свое̇го|своего
сьлрѫга|сьлрѫга
погꙋты̇|погоутъі
хощеты|хощетъі
к(а)ꙗ̇|каꙗ
ли|лі
львица|львіца
своє̇го|своего
мѫжа|мѫжа
на|на
ꙁаколение̇|заколеніе
прѣдаⷭ҇|прѣдас
видиши|відіші
ли|лі
ꙗ̇кⷪ|ꙗко
ꙗ̇вѣ|ꙗвѣ
реⷱ҇|реч
мѫдрость|мѫдрость
е̇же|еже
нѣⷭ҇|нѣс
глⷡ҇а|глва
паче|паче
главы̇|главъі
ꙁьмие̇вы̇|зьміевъі
и̇|і
нѣⷭ҇|нѣс
ꙁлобы̇|злобъі
паче|паче
ꙁлобы̇|злобъі
женьскы̇ѭ̇|женьскъіѭ
и̇ꙁь|ізь
проста|проста
рещи|рещі
и̇же|іже
и̇мать|імать
женѫ|женѫ
ꙁлѫ|злѫ
и̇|і
пронорьливѫ|пронорьлівѫ
да|да
вѣсть|вѣсть
оу̇же|оуже
се|се
вь|вь
беꙁані|безані
свои̇хь|своіхь
прие̇мати|пріематі
мѫꙁⷣѫ|мѫздѫ
нѫ|нѫ
свѣдꙗтельствоуе̇ть|свѣдꙗтельствоуеть
слово|слово
и̇|і
слы̇шимь|слъішімь
мѫдрость|мѫдрость
гл͠ѫщѧ|гл҃ѫщѧ
жена|жена
бо|бо
ꙁла|зла
беꙁаконикоу|безаконікоу
на|на
чьсть|чьсть
дасть|дасть
сѧ|сѧ
вь|вь
дѣль|дѣль
мѣсто|мѣсто
ꙁлы̇хь|злъіхь
нь|нь
є̇же|еже
ѡ̇|о
ꙁлѣ|злѣ
женѣ|женѣ
слоⷡ҇|слов
до|до
ꙁде|зде
да|да
и̇мать|імать
слово|слово
и̇|і
лѣпо|лѣпо
є̇сть|есть
намь|намь
паче|паче
ꙁде|зде
поменѫти|поменѫті
ѡ̇|о
благы̇хь|благъіхь
благы̇ѫ|благъіѫ
бо|бо
благы̇хь|благъіхь
доброти|доброті
вы̇дѫщє|въідѫще
и̇|і
сами|самі
сѫ|сѫ
ѡ̇нѣми|онѣмі
красѧть|красѧть
и̇|і
ѡ̇нѣхь|онѣхь
болѣꙁꙿни|болѣзні
своѫ̇|своѫ
сѫщѫѥ̇|сѫщѫе
вѣнꙿцѫ|вѣнцѫ
гл͠ѫть|гл҃ѫть
жена|жена
добра|добра
и̇же|іже
оу̇богы̇ѥ̇|оубогъіе
и̇|і
тꙋжⷣѫѥ̇|тоуждѫе
крьмѫщиꙗ̇|крьмѫщіꙗ
ꙗ̇коже|ꙗкоже
бⷧ҇женаꙗ̇|блженаꙗ
сꙋманꙿтѣнины̇|соумантѣнінъі
ꙗ̇же|ꙗже
мѫжа|мѫжа
си|сі
оу̇мⷪ҇ливьши|оумолівьші
и̇|і
хлѣвинѫ|хлѣвінѫ
сьгради|сьграді
ѥ̇лисею̇|елісею
да|да
приходе|пріходе
и̇|і
беꙁь|безь
оу̇дрьжаниꙗ̇|оудрьжаніꙗ
и̇мать|імать
покои|покоі
и̇|і
постави|поставі
ѥ̇моу|емоу
ѡ̇дрь|одрь
и̇|і
свѣтило|свѣтіло
и̇|і
трапеꙁѫ|трапезѫ
не|не
ѡ̇дръ|одръ
праꙁдень|праздень
нь|нь
и̇мѫщи|імѫщі
лѣпотьнꙋѫ̇|лѣпотьноуѫ
прⷪ҇ркоу|проркоу
постелю|постелю
и̇|і
свѣщьникь|свѣщьнікь
не|не
бесь|бесь
свѣще|свѣще
нѫ|нѫ
сь|сь
свѣщеѫ|свѣщеѫ
и̇|і
напаꙗ̇ѫ̇щи|напаꙗѫщі
ѥ̇и̇|еі
свѣтило|свѣтіло
масла|масла
и̇|і
трапеꙁѫ|трапезѫ
не|не
ꙁла|зла
хлѣба|хлѣба
и̇мѫщи|імѫщі
нь|нь
дⷪ҇броплодьноє̇|доброплодьное
брашꙿно|брашно
и̇|і
что|что
реⷱ҇ть|речть
кто|кто
ѡ̇|о
бл͠женѣи̇|бл҃женѣі
ѻ̇нои̇|оноі
вьдовици|вьдовіці
ꙗ̇же|ꙗже
прⷪ҇рка|прорка
и̇лиѫ̇|іліѫ
подьѥ̇ть|подьеть
ѥ̇и̇же|еіже
не|не
бⷭ҇ы̇|бсъі
на|на
спонꙋ|споноу
нищета|ніщета
и̇мѣнию̇|імѣнію
ѡ̇билиа̇|обіліа
ради|раді
бл͠говольнаго|бл҃говольнаго
е̇и̇же|еіже
не|не
бѣше|бѣше
пꙿшеница|пшеніца
ни|ні
вино|віно
ни|ні
сочиво|сочіво
ни|ні
и̇но|іно
ничтоже|нічтоже
ꙁемьноє̇|земьное
нищетѣ|ніщетѣ
на|на
оу̇тѣшениє̇|оутѣшеніе
ни|ні
нива|ніва
сь|сь
пшеницею|пшеніцею
ни|ні
виноградъ|віноградъ
ни|ні
дрѣвиє̇|дрѣвіе
плода|плода
сльⷣка|сльдка
приношаше|пріношаше
е̇и̇|еі
ѥ̇и̇же|еіже
не|не
бѣ|бѣ
ни|ні
с|с
педъ|педъ
ꙁеме|земе
ѡ̇ратꙿ|орат
вьны̇ѫ̇|вьнъіѫ
ни|ні
с|с
лакьть|лакьть
ꙁем[ѧ]|земѧ
насажⷣень|насаждень
виинⷪ҇граⷣ|вііноград
нь|нь
бѣше|бѣше
вь|вь
годъ|годъ
жетьвꙿны̇|жетьвнъі
на|на
нивахь|нівахь
погрьбивьши|погрьбівьші
се|се
хожⷣаше|хождаше
и̇|і
падаѫ̇щѫѥ̇|падаѫщѫе
класы̇|класъі
жетелемь|жетелемь
сьбираа̇ше|сьбірааше
смѣраѫ̇щи|смѣраѫщі
крѫгꙿ|крѫг
лѣтьны̇|лѣтьнъі
и̇|і
крьмѫ|крьмѫ
полагаа̇ше|полагааше
и̇|і
кто|кто
и̇де|іде
вь|вь
годь|годь
гладьны̇|гладьнъі
и̇лиꙗ̇|іліꙗ
є̇гаⷣ|егад
вьса|вьса
ꙁема|зема
сьмрьче|сьмрьче
сѧ|сѧ
и̇|і
ѿ|от
беꙁьдьждиꙗ̇|безьдьждіꙗ
ськроушашⷷ҇|ськроушаше
сѧ|сѧ
е̇гда|егда
нб͠о|нб҃о
раꙁьгорѣло|разьгорѣло
се|се
бѣше|бѣше
и̇|і
ѡ̇блаци|облаці
вьсьхлащени|вьсьхлащені
бѣхѫ|бѣхѫ
ѥ̇гаⷣ|егад
не|не
бѣ|бѣ
би̇лнꙗ̇|білнꙗ
ни|ні
цвѣта|цвѣта
ни|ні
доубьнаго|доубьнаго
врьшиꙗ̇|врьшіꙗ
ни|ні
вѣтрь|вѣтрь
раросена|раросена
класа|класа
несьꙁорꙿна|несьзорна
подвижѫ|подвіжѫ
є̇гаⷣ|егад
рѣкы̇|рѣкъі
ѡ̇тꙿичашѫ|отічашѫ
и̇|і
потоци|потоці
и̇сьхошѧ|ісьхошѧ
и̇сточницꙵ|істочніц
ѿ|от
поути|поуті
свои̇хь|своіхь
ꙁноємь|зноемь
ꙁасоушише|засоушіше
(се)|се
и̇|і
море|море
ѡ̇(не)сладьча|онесладьча
вь|вь
нⷷ҇|не
ходѧщими|ходѧщімі
въ|въ
не|не
сладькы̇ми|сладькъімі
водамь|водамь
и̇|і
дьжⷣемь|дьждемь
всѣмь|всѣмь
оу̇ставъшем|оуставъшем
тѡгаⷣ|тогад
и̇де|іде
и̇лиꙗ̇|іліꙗ
к(ь)то|кьто
и̇|і
оу̇боꙃѣ|оубозѣ
и̇|і
вдовѣи̇|вдовѣі
ꙗ̇коже|ꙗкоже
страждеть|страждеть
въдова|въдова
въ|въ
годь|годь
гобина|гобіна
вѣсте|вѣсте
не|не
тьчиѫ̇|тьчіѫ
вь|вь
сицꙿе|сіце
годъ|годъ
и̇|і
ѡ̇стави|оставі
богаты̇ѥ̇|богатъіе
пр͠рокь|пр҃рокь
и̇|і
и̇мѫщѫѫ̇|імѫщѫѫ
и̇|і
слѣꙁе|слѣзе
сь|сь
гⷪ҇ры̇|горъі
и̇|і
приде|пріде
кь|кь
неи̇|неі
и̇|і
почто|почто
ѡ̇гꙿнь|огнь
сь|сь
нб͠се|нб҃се
снесе|снесе
и̇|і
хлѣба|хлѣба
себѣ|себѣ
не|не
снесе|снесе
є̇да|еда
не|не
можаше|можаше
є̇и̇|еі
и̇|і
можаше|можаше
нь|нь
сего|сего
не|не
створи|створі
почто|почто
да|да
не|не
тоужде|тоужде
крьмиꙗ̇|крьміꙗ
и̇|і
мьꙁды̇|мьздъі
лишить|лішіть
вьдовы̇|вьдовъі
нь|нь
даⷷ҇|дае
(є)и̇|еі
грьсть|грьсть
моукы|моукъі
и̇|і
малое̇|малое
масло|масло
дрѣвѣноє̇|дрѣвѣное
бл͠гословение̇мь|бл҃гословеніемь
оу̇множить|оумножіть
не|не
тольма|тольма
и̇де|іде
прⷪ҇ркь|проркь
крьмити|крьміті
сѧ|сѧ
є̇ликⷪ|еліко
крьмити|крьміті
оу̇богѫѫ|оубогѫѫ
и̇|і
ѡ̇богатити|обогатіті
срцⷣа|срцда
с|с
крьвена|крьвена
бл͠говольнаго|бл҃говольнаго
се|се
же|же
творитъ|творітъ
б͠ь|б҃ь
могы̇|могъі
бо|бо
вьсѫ|вьсѫ
сѫщѫѫ̇|сѫщѫѫ
вь|вь
мирѣ|мірѣ
собоѫ̇|собоѫ
прѣкрьмити|прѣкрьміті
и̇|і
оу̇дрьжитꙿ|оудрьжіт
датиє̇|датіе
да|да
бл͠говолꙿна|бл҃говолна
срцⷣа|срцда
вь|вь
тоужⷣе|тоужде
крьмень|крьмень
годъ|годъ
и̇|і
ѿ|от
плода|плода
раꙁлꙋчить|разлоучіть
а̇ще|аще
ли|лі
не|не
бѫдеть|бѫдеть
тѣхь|тѣхь
хотѧщихь|хотѧщіхь
подьѫ̇ти|подьѫті
и̇ли|ілі
птицею̇|птіцею
крьмиты̇и̇|крьмітъіі
ꙗ̇кы̇|ꙗкъі
и̇лиѫ̇|іліѫ
вь|вь
горѣ|горѣ
и̇ли|ілі
пррⷪ҇комь|пррокомь
тоужⷣимь|тоуждімь
ꙗ̇ко|ꙗко
данила|даніла
въ|въ
ꙗ̇мѣ|ꙗмѣ
и̇ли|ілі
морьскымь|морьскъімь
животѡмь|жівотомь
ꙗ̇ко|ꙗко
и̇|і
ѡ̇ноу|оноу
кы̇томь|къітомь
и̇ли|ілі
самь|самь
собою̇|собою
крьмле|крьмле
ѡ̇бресить|обресіть
ꙗ̇коже|ꙗкоже
ѡ̇ц͠емь|оц҃емь
нашимь|нашімь
вь|вь
поусты̇нии|поустъініі
е̇гаⷣже|егадже
ли|лі
соуть|соуть
ст͠ы̇|ст҃ъі
вь|вь
мирѣ|мірѣ
живѫще|жівѫще
сьи̇нѣми|сьінѣмі
и̇|і
вьстѫгнеть|вьстѫгнеть
ѿ|от
нихь|ніхь
десны̇цѫ|деснъіцѫ
и̇|і
виⷣть|відть
ѥ̈|е
печальні̇|печальні
и̇|і
ѡ̇ставить|оставіть
ѥ̇|е
да|да
дасть|дасть
и̇мь|імь
мьꙁⷣѫ|мьздѫ
и̇же|іже
и̇мь|імь
добро|добро
творѫть|творѫть
и̇|і
хотѫщи|хотѫщі
и̇мь|імь
наⷭ҇|нас
расплодити|расплодіті
и̇|і
и̇де|іде
и̇лиꙗ̇|іліꙗ
кь|кь
вдовѣ|вдовѣ
и̇|і
ѥ̇и̇|еі
же|же
ни|ні
чесоже|чесоже
не|не
бѣше|бѣше
тьчиѫ̇|тьчіѫ
три|трі
грьсти|грьсті
мꙋкы̇|моукъі
е̇же|еже
сь|сь
троудомь|троудомь
є̇и̇|еі
бѣше|бѣше
дѣтемь|дѣтемь
є̇ѫ̇|еѫ
вь|вь
годь|годь
ѡ̇бѣда|обѣда
довлѣше|довлѣше
и̇|і
что|что
реⷱ҇|реч
к|к
неи̇|неі
вьꙁьми|вьзьмі
мало|мало
воді|воді
вь|вь
сьсоудѣ|сьсоудѣ
да|да
пиѫ̇|піѫ
тѡи̇|тоі
же|же
и̇доущи|ідоущі
и̇|і
въꙁьпи|възьпі
ꙁа|за
неѫ̇|неѫ
вьꙁꙿми|вьзмі
ми|мі
хлѣбь|хлѣбь
вь|вь
рѫцѣ|рѫцѣ
твоє̇и̇|твоеі
се|се
же|же
оу̇бо|оубо
е̇же|еже
не|не
и̇мѣше|імѣше
не|не
реⷱ҇|реч
нь|нь
е̇же|еже
и̇мѣше|імѣше
и̇сповꙗда|ісповꙗда
что|что
оу̇бо|оубо
живь|жівь
г͠ь|г҃ь
а̇ще|аще
вь|вь
скровищими|скровіщімі
є̇сть|есть
чьто|чьто
нь|нь
три|трі
грьсти|грьсті
мѫкы̇|мѫкъі
и̇|і
мало|мало
масла|масла
чюдно|чоудно
ꙗ̇коже|ꙗкоже
вь|вь
то|то
лицѣ|ліцѣ
нестатьцѣ|нестатьцѣ
пищѫ|піщѫ
є̇же|еже
оу̇|оу
неѥ̇|нее
нищаго|ніщаго
ѡ̇статька|остатька
не|не
ѿврьже|отврьже
сѧ|сѧ
колико|коліко
нн͠ѣ|нн҃ѣ
ꙁлато|злато
и̇|і
сребро|сребро
ꙗ̇кы̇|ꙗкъі
каль|каль
и̇мѫще|імѫще
и̇|і
м͠лими|м҃лімі
ѥ̇сми|есмі
бл͠годѣꙗ̇ти|бл҃годѣꙗті
дроугомь|дроугомь
и̇|і
ѿмещѫ(н)ть|отмещѫнть
сѧ|сѧ
ꙗ̇ко|ꙗко
не|не
и̇мами|імамі
и̇|і
а̇ще|аще
и̇|і
коли|колі
на|на
бл͠годѣꙗ̇ниє̇|бл҃годѣꙗніе
прѣводѫть|прѣводѫть
сѧ|сѧ
и̇|і
книгы̇|кнігъі
сьчетаѫ̇ть|сьчетаѫть
желѣꙁа|желѣза
тврьдѣишѫ|тврьдѣішѫ
и̇|і
пріе̇млѫще|пріемлѫще
ꙋ|оу
рѫкоу|рѫкоу
прьвоє̇|прьвое
кꙿнигами|кнігамі
оу̇вѫꙁаѫ̇ть|оувѫзаѫть
довольними|довольнімі
порѫчꙿникы̇|порѫчнікъі
и̇|і
ходатаѥ̇|ходатае
ꙁлатоу|златоу
поставлѣѫ̇ще|поставлѣѫще
ꙩ̇на|она
же|же
ѥ̇диною̇|едіною
вьꙁг͠ласивьшоу|вьзг҃ласівьшоу
прⷪ҇ркоу|проркоу
и̇|і
не|не
ѿврьже|отврьже
тры̇|тръі
грьсти|грьсті
мѫчны̇ѫ̇|мѫчнъіѫ
и̇|і
что|что
кь|кь
неи̇|неі
прⷪ҇ркь|проркь
поспѣши|поспѣші
и̇|і
створи|створі
прѣжде|прѣжде
ѡ̇прѣсно|опрѣсно
кь|кь
мьнѣ|мьнѣ
и̇|і
послѣдь|послѣдь
же|же
себѣ|себѣ
и̇|і
дꙗтемь|дꙗтемь
сии̇|сіі
и̇|і
и̇скꙋсь|іскоусь
бѣше|бѣше
слово|слово
прⷪ҇рче|прорче
и̇скоушениє̇|іскоушеніе
срьⷣчно|срьдчно
и̇скоушениє̇|іскоушеніе
бл͠гословлениꙗ̇|бл҃гословленіꙗ
и̇|і
бѣше|бѣше
ꙗ̇ко|ꙗко
на|на
прѣвѣсѣхь|прѣвѣсѣхь
ср͠це|ср҃це
леже|леже
ꙋбоꙃѣ|оубозѣ
и̇|і
и̇скоушае̇мо|іскоушаемо
камо|камо
прѣи̇деть|прѣідеть
на|на
своє̇|свое
ли|лі
приꙗ̇а̇ние̇|пріꙗаніе
добро|добро
и̇ли|ілі
на|на
прⷪ҇рче|прорче
тоужⷣе|тоужде
крьмьст͠во|крьмьст҃во
се|се
же|же
и̇ꙁꙿбра|ізбра
на|на
чеⷭ҇ть|честь
себѣ|себѣ
и̇|і
дѣтемь|дѣтемь
стежати|стежаті
и̇|і
пррⷪ҇ка|пррока
приѥ̇ти|пріеті
вѣдѣше|вѣдѣше
бо|бо
ꙗ̇ко|ꙗко
и̇же|іже
приѥ̇м|пріем
ть|ть
пррⷪ҇ка|пррока
въ|въ
и̇мѧ|імѧ
прⷪ҇рче|прорче
мѫꙁдѫ|мѫздѫ
прⷪ҇рчѧ|прорчѧ
примєть|пріметь
и̇|і
и̇же|іже
чащꙋ|чащоу
е̇динѫ|едінѫ
налиꙗ̇|наліꙗ
воды̇|водъі
и̇|і
не|не
погоубы̇|погоубъі
ть|ть
мѫꙁды̇|мѫздъі
своѩ̇|своѧ
что|что
же|же
е̇сть|есть
є̇же|еже
реⷱ҇|реч
прⷪ҇ркь|проркь
ꙗ̇ко|ꙗко
поспѣши|поспѣші
е̇да|еда
оу̇бо|оубо
тольма|тольма
хощаше|хощаше
ꙗ̇сти|ꙗсті
ꙗ̇ко|ꙗко
же|же
трѣбовати|трѣбоваті
поспѣшениꙗ̇|поспѣшеніꙗ
ни|ні
оу̇бо|оубо
нь|нь
е̇же|еже
добрⷪ҇дѣꙗ̇ниѥ̇|добродѣꙗніе
поспѣшениѥ̇|поспѣшеніе
и̇|і
теплоє̇|теплое
и̇|і
тихоеѥ̇|тіхоее
ни|ні
с|с
печалию̇|печалію
ни|ні
сь|сь
бѣдоѫ̇|бѣдоѫ
тиха|тіха
бо|бо
датела|датела
любить|любіть
б͠г|б҃г
поспѣши|поспѣші
и̇|і
створи|створі
мнѣ|мнѣ
прьвоє̇|прьвое
по|по
слѣдъ|слѣдъ
же|же
себѣ|себѣ
и̇|і
чѫдомь|чѫдомь
си|сі
поспѣши|поспѣші
ꙗ̇ко|ꙗко
а̇враа̇мь|авраамь
вь|вь
приходь|пріходь
а̇нг͠лььскы̇|анг҃лььскъі
поспꙗши|поспꙗші
а̇враа̇мь|авраамь
и̇|і
и̇де|іде
по|по
телецъ|телецъ
да|да
вьꙁметь|вьзметь
небесны̇|небеснъі
хлѣбъ|хлѣбъ
скрьвены̇|скрьвенъі
поспѣши|поспѣші
и̇|і
створи|створі
ꙗ̇ко|ꙗко
же|же
а̇враамь|авраамь
трѣбѫ|трѣбѫ
б͠оу|б҃оу
не|не
прьвоє̇|прьвое
себѣ|себѣ
и̇|і
тогⷣа|тогда
мьнѣ|мьнѣ
ꙗ̇кы|ꙗкъі
каи̇нь|каінь
и̇|і
а̇фнии̇|афніі
и̇|і
финеи̇|фінеі
и̇|і
сн͠ове|сн҃ове
и̇ꙁлⷭ҇еви|ізлсеві
и̇|і
є̇реѡви|ереові
и̇же|іже
б͠а|б҃а
похоулишѧ|похоулішѧ
прьвоє̇|прьвое
начетькы̇|начетькъі
и̇же|іже
б͠оу|б҃оу
приносимьмь|пріносімьмь
въꙁемлѧще|въземлѧще
сиже|сіже
повелѣное̇|повелѣное
поспѣшнѣе̇|поспѣшнѣе
створии̇|створіі
плодъ|плодъ
же|же
тьи̇|тьі
скрьвень|скрьвень
бг͠атѣ|бг҃атѣ
видѣ|відѣ
и̇|і
приѫ̇ть|пріѫть
и̇|і
домь|домь
еѫ̇|еѫ
напльнивъ|напльнівъ
хлѣба|хлѣба
не|не
и̇чеꙁнеть|ічезнеть
бо|бо
прьгрьща|прьгрьща
мѫкыи̇|мѫкъіі
и̇ꙁ|із
водоноса|водоноса
и|і
масло|масло
дрѣвѣноѥ̇|дрѣвѣное
не|не
ѡскоудѣ|оскоудѣ
доньдеже|доньдеже
дасть|дасть
се|се
дъжⷣь|дъждь
на|на
ꙁемлѧ|землѧ
и̇|і
почто|почто
до|до
толѣ|толѣ
не|не
на|на
потрѣбѫ|потрѣбѫ
ли|лі
доньдеже|доньдеже
прити|пріті
на|на
ꙁемлѧ|землѧ
рекьше|рекьше
ветьхомꙋ|ветьхомоу
ꙁаконꙋ|законоу
конець|конець
приѫ̇ти|пріѫті
и̇|і
въслѣдъствова|въслѣдъствова
же|же
дѣло|дѣло
словеси|словесі
вижⷣъ|віждъ
ꙗ̇ко|ꙗко
тꙋжⷣе|тоужде
крьмиꙗ̇|крьміꙗ
мьꙁдѫ|мьздѫ
приємаше|пріемаше
скорое̇|скорое
и̇|і
благы̇хь|благъіхь
оубо|оубо
трꙋдъ|троудъ
и̇|і
добрьи̇|добрьі
славенꙿь|славень
и̇|і
не|не
ѿпадень|отпадень
корень|корень
мꙋдрости|моудрості
слы̇шасте|слъішасте
ли|лі
жены̇|женъі
ꙁлии̇хь|злііхь
дѣла|дѣла
и̇|і
бл͠агы̇хь|бл҃агъіхь
доброты̇|добротъі
да|да
дроугы̇ѫ̇|дроугъіѫ
любѣте|любѣте
а̇|а
дрꙋгы̇ѥ̇|дроугъіе
желаи̇те|желаіте
а̇|а
дроугы̇ѥ̇|дроугъіе
вьꙁненавидѣте|вьзненавідѣте
да|да
того|того
ради|раді
тѣхь|тѣхь
течению̇|теченію
послѣдовавꙿше|послѣдовавше
вь|вь
ст͠ы|ст҃ъі
ликь|лікь
вьчтете|вьчтете
сѧ|сѧ
ѻ̇|о
хⷭ҇ѣ|хсѣ
і̇сⷭ҇ѣ|іссѣ
г͠и|г҃і
нашемь|нашемь
ѥ̇мꙋже|емоуже
слава|слава
и̇|і
чⷭ҇ть|чсть
и̇|і
покланѣниє̇|покланѣніе
ѻ̇ц͠оу|оц҃оу
и̇|і
сн͠оу|сн҃оу
и̇|і
ст͠омоу|ст҃омоу
дх͠оу|дх҃оу
и̇|і
нынѣ|нъінѣ
и̇|і
присно|прісно
и̇|і
вь|вь
вѣкы|вѣкъі
вѣкомъ|вѣкомъ
ам̇инь|амінь
С|с
Л|л
О|о
(В|в
О)|о
С|с
Т҇|т
Г|г
О|о
И|і
Ꙍ|о
(А)|а
Н|н
А|а
ꙀЛАТОꙊстаго|златооустаго
оу̇сѣкⷩ҇овениє̇|оусѣкновеніе
главы̇|главъі
і̇ѡⷶ҇на|іоана
крⷭ҇титєлѣ|крстітелѣ
блⷭ҇ви|блсві
ѡ̇ч͠е|оч҃е
Ꙗко|ꙗко
се|се
мѫжь|мѫжь
е̇динь|едінь
любѫи̇|любѫі
пꙋсты̇нѫ|поустъінѫ
на|на
мѣстѣ|мѣстѣ
лѣснѣ|лѣснѣ
сѣдѫ|сѣдѫ
подъ|подъ
сѣниѫ̇|сѣніѫ
при|прі
водѣ|водѣ
доброглаⷭ҇сны̇ми|доброгласснъімі
писканми|пісканмі
пꙿтичиꙗ̇ми|птічіꙗмі
и̇|і
дрѣвномь|дрѣвномь
шоумомь|шоумомь
движемь|двіжемь
кротькꙿ|кротьк
и̇мѣше|імѣше
сьмы̇сль|сьмъісль
е̇гаⷣ|егад
е̇уⷢ҇лие̇|еугліе
прⷪ҇повѣда|проповѣда
и̇родово|іродово
неи̇стовьство|неістовьство
и̇|і
женьское̇|женьское
беꙁꙋмиє̇|безоуміе
и̇|і
пирь|пірь
мѫжъ|мѫжъ
бестꙋдꙿны̇хь|бестоуднъіхь
трапеꙁа|трапеза
лестывꙿна|лестъівна
и̇|і
пирь|пірь
мѫжь|мѫжь
неправеднии̇хь|неправеднііхь
повелѣ|повелѣ
привести|прівесті
нечьстивѫѫ̇|нечьстівѫѫ
прѣдь|прѣдь
се|се
и̇же|іже
бѣ|бѣ
любима|любіма
привеⷣю̇|пріведю
прѣдь|прѣдь
лице|ліце
свое̇|свое
приведошѫ|пріведошѫ
же|же
ѫ̇|ѫ
прѣдꙿныхь|прѣднъіхь
[б]ы̇вꙿши|бъівші
вещи|вещі
ѿ|от
и̇рода|ірода
а̇ще|аще
є̇сть|есть
ꙩ̇|о
тѡи̇|тоі
вещи|вещі
г͠лати|г҃латі
и̇|і
и̇же|іже
таковѫ|таковѫ
створи|створі
вещь|вещь
вь|вь
то|то
врѣмѧ|врѣмѧ
реⷱ҇|реч
слы̇шавъ|слъішавъ
и̇родъ|іродъ
тетарьхь|тетарьхь
слоухь|слоухь
і̇͠с|і҃с
хⷭ҇вь|хсвь
реⷱ҇|реч
кь|кь
ѡ̇трокомь|отрокомь
свои̇мь|своімь
се|се
ѥ̇сть|есть
і̇ѡⷶ҇нъ|іоанъ
є̇гоже|егоже
а̇ꙁь|азь
оу̇сѣкнѫхь|оусѣкнѫхь
тѡи̇|тоі
е̇сть|есть
вьсталь|вьсталь
ѿ|от
мр͠твыⷯ҇|мр҃твъіх
да|да
того|того
ради|раді
силы̇|сілъі
дѣѫ̇ть|дѣѫть
сѧ|сѧ
ѡ̇|о
немь|немь
повѣдае̇ть|повѣдаеть
пррⷪ҇че|прроче
оу̇биѥ̇ние̇|оубіеніе
е̇гоже|егоже
не|не
можеть|можеть
слъгаты̇|слъгатъі
и̇|і
вѣⷣше|вѣдше
ѥ̇гоже|егоже
оу̇би|оубі
а̇ко|ако
вь|вь
и̇стинѫ|істінѫ
прⷪ҇ркь|проркь
е̇сть|есть
и̇|і
мѫжъ|мѫжъ
ст͠ь|ст҃ь
а̇ще|аще
бо|бо
би|бі
не|не
вѣдѣль|вѣдѣль
е̇го|его
и̇ꙁ|із
мр͠ьтвыⷯ҇|мр҃ьтвъіх
вьставꙿша|вьставша
и̇|і
сего|сего
ради|раді
силаа̇мь|сілаамь
се|се
ꙗ̇виⷮ҇|ꙗвіт
и̇|і
велить|веліть
дѣꙗ̇ти|дѣꙗті
и̇|і
свѣсть|свѣсть
ꙁлаꙗ̇|злаꙗ
ѡ̇|о
ꙩ̇номь|ономь
таковѣⷨ҇|таковѣм
оу̇бии̇ствѣ|оубііствѣ
ѡ̇|о
немꙿ|нем
же|же
слаа̇мь|слаамь
вь|вь
себѣ|себѣ
свѣдѣтєльствое̇ть|свѣдѣтельствоеть
ѡ̇|о
свѣсти|свѣсті
живѫщоу|жівѫщоу
дш͠ꙋ|дш҃оу
скрⷠ҇ьненоу|скрбьненоу
и̇|і
до|до
сꙿмр͠ти|смр҃ті
живѫщи|жівѫщі
и̇|і
по|по
см͠рьти|см҃рьті
не|не
оу̇тѣшениѥ̇|оутѣшеніе
приѥ̇млеть|пріемлеть
ꙁа|за
кѫѩ̇|кѫѧ
бо|бо
винѫ|вінѫ
оу̇би|оубі
прⷪ҇рка|прорка
ꙁа|за
не|не
же|же
быⷭ҇|бъіс
проповѣдьникь|проповѣдьнікь
и̇стинѣ|істінѣ
и̇|і
беꙁаконоуѥ̇|безаконоуе
є̇гⷪ҇|его
дѣтѣль|дѣтѣль
и̇|і
ѡ̇бличивь|облічівь
и̇ме|іме
ѥ̇го|его
и̇|і
х[о]тѣше|хотѣше
раꙁдрѣшити|раздрѣшіті
ѥ̇моу̇же|емоуже
достоꙗ̇ше|достоꙗше
ꙗ̇ко|ꙗко
цр͠воу|цр҃воу
хранителю|хранітелю
бы̇ти|бъіті
и̇|і
ꙁаповѣдемь|заповѣдемь
бы̇ти|бъіті
б͠жиꙗ̇мь|б҃жіꙗмь
тьи̇|тьі
же|же
не|не
оу̇дръжа|оудръжа
похотьнаго|похотьнаго
тьщаниꙗ̇|тьщаніꙗ
ꙁаконъ|законъ
раꙁⷣроушити|раздроушіті
ц͠рь|ц҃рь
бо|бо
є̇сть|есть
праведны̇и̇|праведнъіі
и̇же|іже
ꙁаконы̇|законъі
прьвы̇ѫ̇|прьвъіѫ
посилае̇ть|посілаеть
прьвѣе̇|прьвѣе
же|же
ꙁаконы̇|законъі
самъ|самъ
сьблюдеть|сьблюдеть
ꙗ̇ко|ꙗко
оу̇красиль|оукрасіль
е̇стъ|естъ
а̇ще|аще
не|не
праведень|праведень
ꙁаконь|законь
ꙗ̇ко|ꙗко
брьꙁдамы̇|брьздамъі
ѡ̇ть|оть
живаго|жіваго
рода|рода
ꙗ̇ко|ꙗко
чл͠ка|чл҃ка
ѡ̇бꙋꙁⷣаль|обоуздаль
е̇сть|есть
и̇родъ|іродъ
цр͠ъ|цр҃ъ
сьны̇ꙗ̇|сьнъіꙗ
людемь|людемь
і̇ѡⷶ҇нѣ|іоанѣ
скаꙁаа̇ше|сказааше
и̇|і
вельмии̇|вельміі
люблѣше|люблѣше
нь|нь
похоть|похоть
ми|мі
женьскыми|женьскъімі
побꙗжⷣень|побꙗждень
тоѥ|тое
похоти|похоті
сѧ|сѧ
порадова|порадова
і̇ѡⷶ҇на|іоана
оусѣче|оусѣче
не|не
тькмо|тькмо
бо|бо
ꙁаконь|законь
бж͠ии̇|бж҃іі
раꙁⷣроуши|раздроуші
нь|нь
и̇|і
неправедꙿно|неправедно
сьтвори|сьтворі
ꙗ̇коже|ꙗкоже
оу̇бы|оубъі
мѫжа|мѫжа
праведꙿна|праведна
е̇моуже|емоуже
свѣдѣтельствова|свѣдѣтельствова
г͠ь|г҃ь
мꙋжь|моужь
и̇же|іже
вь|вь
поусты̇ни|поустъіні
жы̇вѣше|жъівѣше
вь|вь
беꙁводꙿнѣ|безводнѣ
и̇|і
беꙁьплодънѣи̇|безьплодънѣі
въ|въ
поустыни|поустъіні
стоꙗ̇ше|стоꙗше
н̇ѡⷶ҇нь|ноань
и̇|і
не|не
бѣгаѥ̇|бѣгае
своє̇гⷪ|своего
племенꙿнаа̇го|племеннааго
рода|рода
нь|нь
того|того
раді|раді
бѣгаа̇ше|бѣгааше
да|да
не|не
видить|відіть
ꙁлаа̇|злаа
дѣꙗ̇ниꙗ̇|дѣꙗніꙗ
члв͠цѣхь|члв҃цѣхь
и̇|і
ѡ̇сꙿкꙿврьнениꙗ̇|оскврьненіꙗ
тѡи̇|тоі
бо|бо
ни|ні
сѣꙗ̇|сѣꙗ
ниже|ніже
николиже|ніколіже
тѣмꙿже|тѣмже
ни|ні
хлѣба|хлѣба
ни|ні
вина|віна
не|не
и̇маꙗ̇ше|імаꙗше
ни|ні
стола|стола
ни|ні
трапеꙁы̇|трапезъі
ни|ні
ꙩ̇дра|одра
ни|ні
пл(ь)тьнаго|пльтьнаго
слоужениꙗ|слоуженіꙗ
ни|ні
мекыхь|мекъіхь
рꙑꙁь|ръізь
ѻ̇слабѣѫ̇щих|ослабѣѫщіх
же|же
и̇нолюбꙿнаа̇|інолюбнаа
тѣлеса|тѣлеса
ни|ні
свѣтильника|свѣтільніка
ничаше|нічаше
ни|ні
панице|паніце
крⷪ҇мѣ|кромѣ
вꙿсего|всего
мира|міра
сего|сего
не|не
и̇мѣше|імѣше
ничесоже|нічесоже
живѣше|жівѣше
не|не
вь|вь
храминѣ|храмінѣ
ꙁлатѡмь|златомь
ꙋкрашенѣ|оукрашенѣ
нь|нь
лежаше|лежаше
подъ|подъ
каменемь|каменемь
самооу̇крашенꙿнѣмь|самооукрашеннѣмь
томоу|томоу
бѣше|бѣше
столь|столь
и̇|і
трапеꙁа|трапеза
и̇|і
ѡ̇дръ|одръ
и̇|і
ꙁемѣ|земѣ
а̇|а
пища|піща
(ѥ)моу̇|емоу
а̇кридꙑ|акрідъі
и̇|і
медъ|медъ
дивиі̇|дівіі
а̇|а
чаша|чаша
є̇моу|емоу
бѣше|бѣше
прьгрьще|прьгрьще
бѣхѫ|бѣхѫ
ѥ̇моу|емоу
винꙿноѥ̇|вінное
веⷭ҇лиє|весліе
текѫщи|текѫщі
вода|вода
и̇с|іс
камени|камені
сладькаꙗ̇|сладькаꙗ
сего|сего
и̇ѡⷶ҇на|іоана
свѫꙁа|свѫза
и̇родъ|іродъ
и̇|і
вь|вь
темꙿницѧ|темніцѧ
и̇|і
вьврьже|вьврьже
и̇|і
реⷱ҇|реч
ѥ̇мⷹ|емоу
и̇родъ|іродъ
ты̇|тъі
ли|лі
е̇си|есі
і̇ѡⷶъⷩ҇|іоаън
є̇же|еже
ме|ме
сварѣѥ̇ши|сварѣеші
жены̇|женъі
ради|раді
филипа|філіпа
брата|брата
мое̇го|моего
ѡ̇|о
ѡ̇чи|очі
и̇спроврьженѣи̇|іспроврьженѣі
і̇ѡⷶ҇на|іоана
бо|бо
свѫꙁаа̇|свѫзаа
ꙩ̇бличаѥ̇ть|облічаеть
моу̇|моу
є̇го|его
пленꙿницами|пленніцамі
грѣховьнами|грѣховьнамі
ѡ̇мрачає̇мь|омрачаемь
хотѣа̇ше|хотѣаше
оу̇бити|оубіті
праведꙿнаа̇го|праведнааго
ѡ̇сльпе|осльпе
бо|бо
похотию|похотію
женьскоѫ̇|женьскоѫ
и̇родъ|іродъ
раꙁⷣрѣшаю̇щаа̇го|раздрѣшающааго
веꙁаⷶ҇ше|везааше
понеже|понеже
і̇ѡⷶ҇нъ|іоанъ
и̇стинѫ|істінѫ
гл͠аа̇ше|гл҃ааше
того|того
ради|раді
вь|вь
темꙿницѫ|темніцѫ
и̇|і
вꙿврьже|вврьже
и̇|і
мꙋчаа̇шеи̇|моучаашеі
їѡⷶ҇нъ|іоанъ
съвръшаа̇ше|съвръшааше
писані̇е̇|пісаніе
ꙗ̇коже|ꙗкоже
гл͠а|гл҃а
въ|въ
свⷣѣни|свдѣні
и̇|і
прѣдь|прѣдь
ц͠ри|ц҃рі
гл͠ѫ|гл҃ѫ
и̇|і
не|не
стижⷣѫ|стіждѫ
сѫ|сѫ
и̇|і
не|не
боꙗ̇ше|боꙗше
бо|бо
сѧ|сѧ
і̇ѡⷶ҇нъ|іоанъ
сꙿмр͠ти|смр҃ті
нь|нь
боꙗ̇ше|боꙗше
сѧ|сѧ
ѥ̇же|еже
не|не
г͠лати|г҃латі
и̇сты̇ны̇|істъінъі
є̇гоже|егоже
и̇родъ|іродъ
оу̇би|оубі
нь|нь
не|не
того|того
е̇диного|едіного
оу̇би|оубі
и̇роⷣ|ірод
нь|нь
многы|многъі
оу̇би|оубі
же|же
и̇|і
оу̇чителѣ|оучітелѣ
и̇|і
польꙁника|пользніка
д͠шамь|д҃шамь
и̇|і
е̇гⷣаже|егдаже
и̇|і
ꙋбы̇і̇|оубъіі
тѡ|то
срамь|срамь
тѡ|то
е̇сть|есть
гл͠ати|гл҃аті
срамь|срамь
же|же
ѥ̇сть|есть
(и̑)|і
гл͠ѧщоу|гл҃ѧщоу
нь|нь
сꙿтворьшомоу|створьшомоу
и̇|і
ꙋбии̇ство|оубііство
рожⷣъствоу|рождъствоу
бо|бо
и̇роⷣвꙋ|іродвоу
дѣе̇моу|дѣемоу
плѧса|плѧса
дъщи|дъщі
и̇родиꙗ̇дина|іродіꙗдіна
посрѣдѣ|посрѣдѣ
и̇|і
оу̇годи|оугоді
е̇моу|емоу
тѣмьже|тѣмьже
клѫ|клѫ
сѧ|сѧ
дати|даті
е̇и̇|еі
дары̇|даръі
е̇же|еже
ѻ̇бѣща|обѣща
е̇и̇|еі
є̇гоже|егоже
а̇ще|аще
просить|просіть
ѡ̇на|она
же|же
наꙋчень|наоучень
бⷭ҇ы|бсъі
материѫ̇|матеріѫ
дажⷣь|даждь
ми|мі
рⷱ҇е|рче
н͠нѣ|н҃нѣ
на|на
блюдѣ|блюдѣ
главѫ|главѫ
і̇ѡⷶ҇новѫ|іоановѫ
ꙩ̇|о
рожⷣъство|рождъство
ꙁлое̇|злое
прорчⷭ҇твомь|прорчствомь
прⷪ҇рчьскы̇мь|прорчьскъімь
оу̇бии̇ствомь|оубііствомь
в|в
негоже|негоже
мѣсто|мѣсто
бѣше|бѣше
ꙁвати|зваті
ст͠ы̇ѫ̇|ст҃ъіѫ
мꙋжѫ|моужѫ
на|на
трапеꙁѫ|трапезѫ
тако|тако
бо|бо
би|бі
раꙁвращена|развращена
а̇|а
е̇го|его
дш͠а|дш҃а
и̇справила|ісправіла
сѧ|сѧ
сь|сь
прѣпоⷣбны̇|прѣподбнъі
и̇мь|імь
бо|бо
прѣпоⷣбень|прѣподбень
бѫдеши|бѫдеші
а̇|а
съ|съ
раꙁвращенꙿны̇мь|развращеннъімь
раꙁвратиши|развратіші
сѧ|сѧ
въ|въ
негоже|негоже
мѣсто|мѣсто
бѣа̇ше|бѣаше
помощь|помощь
створити|створіті
и̇|і
сиротамь|сіротамь
млⷭ҇тинѫ|млстінѫ
податы̇|податъі
да|да
бы|бъі
многами|многамі
млⷭ҇тинѣми|млстінѣмі
раꙁличны̇ми|разлічнъімі
и̇|і
мⷪление̇мь|моленіемь
свои̇|своі
животь|жівоть
невьꙁꙿбранꙿно|невьзбранно
сꙿхранити|схраніті
нь|нь
сь|сь
мѫжы̇|мѫжъі
нечьстиⷡимы|нечьстівімъі
и̇|і
сь|сь
женамы̇|женамъі
бестоудьними|бестоудьнімі
вⷭ҇елѫ̇|вселѫ
сѧ|сѧ
виномь|віномь
многомь|многомь
и̇|і
съ|съ
женамы|женамъі
скврꙿньнами|скврньнамі
ѡ̇бльщенъ|обльщенъ
прѣдитечоу|прѣдітечоу
і̇ѡⷶ҇на|іоана
оу̇сѣкнꙋ|оусѣкноу
дьнꙿныцѫ|дьннъіцѫ
оу̇трьнѣа̇го|оутрьнѣаго
свѣта|свѣта
раꙁⷣрѣшителѣ|раздрѣшітелѣ
ꙋсѣкⷩ҇ѫ|оусѣкнѫ
а̇|а
ѡⷶ҇нь|оань
ꙗ̇ко|ꙗко
скꙋдѣльны̇кь|скоудѣльнъікь
раꙁⷣроуши|раздроуші
сѫ|сѫ
и̇ѡⷶ҇на|іоана
просвѣщьны̇ка|просвѣщьнъіка
вьсемꙋ|вьсемоу
мироу|міроу
оусѣкнѫ|оусѣкнѫ
добрими̇|добрімі
сⷡ҇ѣтомь|свѣтомь
просвѣщаѫ̇ща|просвѣщаѫща
вьсѫ|вьсѫ
і̇ѡⷶ҇нь|іоань
оу̇бии̇ствомь|оубііствомь
свои̇мь|своімь
раꙁⷣрѣшивь|раздрѣшівь
се|се
вѣрою̇|вѣрою
а̇|а
ѡ̇нь|онь
ꙗ̇ко|ꙗко
скѫдѣль|скѫдѣль
распаде|распаде
сѧ|сѧ
і̇ѡⷶ҇нь|іоань
проповѣда|проповѣда
д͠ховьнаа̇|д҃ховьнаа
сѫщимь|сѫщімь
вь|вь
а̇дѣ|адѣ
посла|посла
кь|кь
немоу|немоу
оу̇ченика|оученіка
своє̇го|своего
гл͠ѫ|гл҃ѫ
ты̇|тъі
ли|лі
е̇си|есі
грѧды̇|грѧдъі
и̇ли|ілі
и̇ного|іного
чає̇мь|чаемь
ꙗ̇ко|ꙗко
не|не
ꙁнаѫ̇|знаѫ
вьпрашаа̇ше|вьпрашааше
вѣдѣше|вѣдѣше
бо|бо
прⷪ҇ркъ|проркъ
ꙗ̇ко|ꙗко
варити|варіті
ми|мі
ѥ̇стъ|естъ
въ|въ
а̇дѣ|адѣ
г͠а|г҃а
како|како
бо|бо
би|бі
не|не
ꙁна(а̇)лъ|знаалъ
г͠а|г҃а
свое̇го|своего
є̇гⷣа|егда
сиа̇|сіа
кажаше|кажаше
и̇|і
гл͠ѫ|гл҃ѫ
се|се
а̇гнець|агнець
б͠жи|б҃жі
вьꙁемѧи̇|вьземѧі
грѣхы|грѣхъі
вꙿсе|все
мира|міра
како|како
би|бі
ꙁнаа̇ль|знааль
видⷺвь|відѣвь
с͠ты|с҃тъі
д͠хъ|д҃хъ
сьшедъ|сьшедъ
с|с
нбⷭ҇е|нбсе
и̇|і
слы̇шавь|слъішавь
ѡ̇ч͠ь|оч҃ь
глⷭ҇а|глса
ѡ̇|о
неⷨ҇|нем
гл͠ѧщъ|гл҃ѧщъ
се|се
ѥⷭ҇|ес
сн͠ъ|сн҃ъ
мои̇|моі
ѡ̇|о
немьже|немьже
благо|благо
и̇ꙁволихь|ізволіхь
нь|нь
въпрашае̇ть|въпрашаеть
таа̇ко|таако
ты|тъі
ли|лі
єси|есі
грѫды̇|грѫдъі
и̇ли|ілі
и̇нъ|інъ
естъ|естъ
ꙁа|за
тѡбоѫ̇|тобоѫ
а̇|а
не|не
реⷱ҇|реч
ты̇|тъі
ли|лі
є̇си|есі
пришеды̇|прішедъі
пришель|прішель
бо|бо
бѣ|бѣ
на|на
ꙁемлѫ|землѫ
нѫ|нѫ
ты̇|тъі
ли|лі
е̇си|есі
прішеды̇|прішедъі
и̇ли|ілі
и̇нь|інь
е̇стъ|естъ
є̇же|еже
донесеть|донесеть
рѣчь|рѣчь
въ|въ
а̇дъ|адъ
гл͠аа̇ше|гл҃ааше
бо|бо
і̇ѡⷶ҇нь|іоань
вꙿ|в
себѣ|себѣ
ѥ̇да|еда
хощеть|хощеть
а̇нг͠ла|анг҃ла
оу̇крѣпивь|оукрѣпівь
пꙋстити|поустіті
въ|въ
а̇дъ|адъ
дѣло|дѣло
е̇го|его
сьврьшаѩ̇ща|сьврьшаѧща
и̇ли|ілі
е̇да|еда
како|како
хощеть|хощеть
вꙿсѧ|всѧ
є̇динѣмъ|едінѣмъ
гл͠асомь|гл҃асомь
вꙿсꙿкрѣсити|вскрѣсіті
ꙗ̇ко|ꙗко
же|же
при|прі
лаꙁарѣ|лазарѣ
створи|створі
тѡгоже|тогоже
ради|раді
не|не
могохь|могохь
расмотрити|расмотріті
страха|страха
гн͠ѣ|гн҃ѣ
вьпрашаше|вьпрашаше
гл͠ѫ|гл҃ѫ
ты|тъі
ли|лі
є̇си|есі
грѧдѫи̇|грѧдѫі
и̇ли|ілі
и̇ного|іного
чає̇мь|чаемь
въ|въ
а̇дѣ|адѣ
и̇|і
реⷱ҇|реч
сеⷢ҇|сег
ⷪ|о
ꙋби|оубі
и̇родъ|іродъ
и̇|і
како|како
и̇|і
оу̇би|оубі
рожⷣъствоу|рождъствоу
бы̇вьшоу|бъівьшоу
и̇роⷣвоу|іродвоу
плѧса|плѧса
дъщи|дъщі
и̇родиꙗ̇дина|іродіꙗдіна
посрѣдѣ|посрѣдѣ
недⷭ҇ои̇ны̇ѩ̇|недсоінъіѧ
трапеꙁы̇|трапезъі
и̇|і
нⷭ҇ѣ|нсѣ
ничесоже|нічесоже
тврьда|тврьда
нь|нь
все|все
дⷡ҇ижимоє̇|двіжімое
и̇|і
не|не
сꙿтоѫ̇щее|стоѫщее
слы̇шаше|слъішаше
лю̇дие̇|людіе
плѧси|плѧсі
любѧщеи̇|любѧщеі
є̇же|еже
гл͠асы|гл҃асъі
и̇сходѫще|ісходѫще
мⷩ҇огомѧтежьноє|многомѧтежьное
склⷶбение̇|склабеніе
и̇|і
ѡ̇слабенꙿны̇ми|ослабеннъімі
тѣлесы|тѣлесъі
ꙩ̇слабѣшѧ|ослабѣшѧ
и̇|і
ꙋслы̇шите|оуслъішіте
бⷧ҇оудь|блоудь
лоубѫщеи̇|лоубѫщеі
како|како
ради|раді
блꙋда|блоуда
бⷭ҇ы|бсъі
оу̇биє̇ние̇|оубіеніе
се|се
многоврьтимое̇|многоврьтімое
плѧсаниє̇|плѧсаніе
створи|створі
плачь|плачь
ѡ̇на|она
же|же
наоу̇чениє̇мь|наоученіемь
материѫ̇|матеріѫ
своє̇ѫ̇|своеѫ
дажⷣь|даждь
ми|мі
реⷱ҇|реч
н͠нѣ|н҃нѣ
гл͠авѫ|гл҃авѫ
і̇ѡⷶ҇новѫ|іоановѫ
ѻ̇|о
ѿ|от
ꙁлы̇ѫ̇|злъіѫ
дв͠ыцѫ|дв҃ъіцѫ
а̇спидꙿноє̇|аспідное
ѡ̇трочѧ|отрочѧ
не|не
просить|просіть
бо|бо
врагь|врагь
ни|ні
ꙁлата|злата
ни|ні
сребра|сребра
ни|ні
камениꙗ̇|каменіꙗ
драгаа̇го|драгааго
нь|нь
просить|просіть
главѫ|главѫ
і̇ѡⷶ҇нⷪ҇вѫ|іоановѫ
а̇ще|аще
бо|бо
би|бі
вѣры̇|вѣръі
ради|раді
просила|просіла
главѫ|главѫ
і̇ѡⷶ҇новѫ|іоановѫ
много|много
бо|бо
е̇сть|есть
дражѣи̇шѧ|дражѣішѧ
глава|глава
і̇ѡⷶ҇нова|іоанова
паче|паче
вьсего|вьсего
ꙁлата|злата
и̇|і
сребра|сребра
нь|нь
не|не
проси|просі
вѣры|вѣръі
ради|раді
да|да
би|бі
почꙿла|почла
нь|нь
да|да
ꙩ̇бличитꙿ|облічіт
сѧ|сѧ
крⷭ҇тителѣ|крстітелѣ
оу̇бивꙿши|оубівші
и|і
материѫ̇|матеріѫ
дасть|дасть
винѫ|вінѫ
на|на
ѡ̇ꙁлобениѥ̇|озлобеніе
грѣхомь|грѣхомь
слы̇шавь|слъішавь
же|же
то|то
ꙁловѣрьны̇|зловѣрьнъі
ц͠рь|ц҃рь
и̇|і
ѡ̇скрьбень|оскрьбень
бⷭ҇ы|бсъі
ѡ̇|о
ѡ̇скръбени|оскръбені
прⷪ҇рчьстѣ|прорчьстѣ
боꙗ̇ше|боꙗше
бо|бо
се|се
жидовь|жідовь
ꙁанеже|занеже
вьси|вьсі
прⷪ҇рка|прорка
чьтѣхѫ|чьтѣхѫ
а̇ще|аще
бо|бо
би|бі
говѣниꙗ̇|говѣніꙗ
ради|раді
сьтворилъ|сьтворілъ
тѡ|то
не|не
би|бі
и̇спрьва|іспрьва
свѧꙁаль|свѧзаль
є̇го|его
и̇|і
и̇спрьва|іспрьва
вь|вь
темьницѫ|темьніцѫ
вьврьгнѫль|вьврьгнѫль
нь|нь
ѡ̇скръбѣ|оскръбѣ
народа|народа
ради|раді
тако|тако
сьтвори|сьтворі
бѣше|бѣше
бо|бо
тогⷣа|тогда
д͠ша|д҃ша
и̇роⷣва|іродва
ꙗ̇ко|ꙗко
и̇|і
корабь|корабь
вь|вь
мори|морі
на|на
тѣснѣ|тѣснѣ
мѣстѣ|мѣстѣ
кь|кь
ѡ̇бѣма|обѣма
краѥ̇ма|краема
приражажаѫ̇|пріражажаѫ
сѧ|сѧ
да|да
би|бі
не|не
оу̇бивалъ|оубівалъ
народа|народа
ради|раді
боѫ̇|боѫ
сѧ|сѧ
клѫтвы|клѫтвъі
не|не
хтѧ|хтѧ
прѣстоу|прѣстоу
прѣстѫпити|прѣстѫпіті
и̇|і
створи|створі
оу̇бие̇ниє̇|оубіеніе
вьꙁлежѫщѥ|вьзлежѫще
бо|бо
сь|сь
нимь|німь
вьꙁꙿбранѣа̇хѫ|вьзбранѣахѫ
є̇моу|емоу
стоуживьше|стоужівьше
си|сі
и̇родь|іродь
пиꙗ̇ньствомь|піꙗньствомь
жень|жень
с|с
коѫ̇|коѫ
похотиѫ̇|похотіѫ
прє̇мы̇|премъі
блꙋдꙿны̇|блоуднъі
ѿвѣть|отвѣть
на|на
оу̇биє̇ние̇|оубіеніе
посла|посла
вь|вь
темꙿницѫ|темніцѫ
слоугѫ|слоугѫ
и̇|і
ꙋсѣкнѫ|оусѣкнѫ
и̇ѡⷶ҇на|іоана
мечемь|мечемь
ѻ̇|о
како|како
є̇сть|есть
ꙁлоклѫти|злоклѫті
сѧ|сѧ
н͠нѣ|н҃нѣ
поменѣте|поменѣте
г͠а|г҃а
гл͠ѧща|гл҃ѧща
помлоуи̇|помлоуі
ны|нъі
г͠и|г҃і
аꙁь|азь
же|же
гл͠ѧ|гл҃ѧ
не|не
кльнѣте|кльнѣте
сѧ|сѧ
ѿнѫдь|отнѫдь
а̇ще|аще
бо|бо
се|се
не|не
би|бі
клель|клель
ѡ̇каꙗ̇нꙿнӹ|окаꙗннъі
и̇|і
тѡ|то
не|не
би|бі
оу̇билъ|оубілъ
нь|нь
доб(ьрѣ)|добьрѣ
бѣ|бѣ
ѥ̇моу|емоу
не|не
клѧти|клѧті
сѧ|сѧ
и̇ли|ілі
по|по
(до)брѣ|добрѣ
бѣ|бѣ
є̇мꙋ|емоу
прѣстѫпити|прѣстѫпіті
клѫтвѫ|клѫтвѫ
мрьꙁькѫѩ̇|мрьзькѫѧ
нь|нь
пославъ|пославъ
и̇|і
ꙋсѣче|оусѣче
і̇ѡⷶ҇на|іоана
каꙗ̇|каꙗ
роука|роука
дръꙁнѫ|дръзнѫ
на|на
ст͠ѫѩ̇|ст҃ѫѧ
главѫ|главѫ
е̇го|его
и̇|і
вы̇ѫ̇|въіѫ
его|его
како|како
ли|лі
над(ь)несе|надьнесе
мечь|мечь
є̇гоже|егоже
ꙃвѣрие̇|звѣріе
вь|вь
пꙋсты̇ни|поустъіні
оу̇боа̇шѧⷭ҇⸱|оубоашѧс
и̇|і
е̇гоже|егоже
львове|львове
трепещѫть|трепещѫть
е̇гоже|егоже
дивиѫ̇|дівіѫ
пчелы̇|пчелъі
дѣлаѫще|дѣлаѫще
питаа̇хѫ|пітаахѫ
и̇|і
ст͠ыне|ст҃ъіне
ради|раді
ѿ|от
раꙁличны̇хь|разлічнъіхь
цвѣть|цвѣть
пчелы|пчелъі
въ|въ
поусты̇ни|поустъіні
сьбыраѫ̇ще|сьбъіраѫще
росны̇ѩ̇|роснъіѧ
каплѧ|каплѧ
строе̇ны̇и̇|строенъіі
медь|медь
ношахѫ|ношахѫ
є̇мꙋ|емоу
каа̇|каа
ли|лі
рѫка|рѫка
ꙋсѣче|оусѣче
ври̇на|вріна
тѡго|того
а̇|а
не|не
сьдрьгнѫ|сьдрьгнѫ
сѧ|сѧ
лица|ліца
е̇го|его
а̇нꙿгл͠ьскаа̇го|англ҃ьскааго
сꙿвътещи|свътещі
сѧ|сѧ
бг͠олѣпьно|бг҃олѣпьно
нь|нь
мꙿнѧ|мнѧ
ꙗ̇кⷪ|ꙗко
оупитие̇мь|оупітіемь
и̇родовомь|іродовомь
ѡ̇мрачів|омрачів
сѧ|сѧ
вои̇нь|воінь
и̇|і
ѡ̇чи(ю̇)|очію
не|не
и̇мѣѫ|імѣѫ
мьчемь|мьчемь
оу̇сѣче|оусѣче
гл͠авѫ|гл҃авѫ
и̇ѡⷶ҇нⷪвѫ|іоановѫ
а̇|а
крьвь|крьвь
и̇ꙁ|із
не(ѫ̇)|неѫ
не|не
течаше|течаше
И|і
несошѫ|несошѫ
главѫ|главѫ
вь|вь
блюдѣ|блюдѣ
на|на
веⷱ҇рꙋ|вечроу
да|да
а̇ко|ако
бⷭ҇ы|бсъі
врѣмѧ|врѣмѧ
плѧсати|плѧсаті
дв͠ци|дв҃ці
вьпиꙗ̇ше|вьпіꙗше
глава|глава
і̇ѡⷶ҇нова|іоанова
кь|кь
и̇родоу|іродоу
гл͠щи|гл҃щі
не|не
доⷭ҇и̇ть|досіть
тебѣ|тебѣ
и̇мѣти|імѣті
жении̇|женіі
филипа|філіпа
брата|брата
свое̇го|своего
и̇|і
по|по
смр͠ьти|смр҃ьті
праведꙿни|праведні
живь|жівь
є̇сть|есть
ѻ̇|о
велие̇|веліе
сꙋровьство|соуровьство
чл͠кь|чл҃кь
на|на
немьже|немьже
блюдѣ|блюдѣ
ꙗ̇дѣхѫ|ꙗдѣхѫ
мѫса|мѫса
на|на
тѡмьже|томьже
блюдѣ|блюдѣ
положи|положі
главѫ|главѫ
праведнаа̇го|праведнааго
ѡ̇|о
и̇роде|іроде
не|не
довлѣе̇ть|довлѣеть
ли|лі
ти|ті
младенець|младенець
ꙁакаланиє̇|закаланіе
е̇же|еже
вь|вь
виѳлеѡ̇мѣ|віѳлеомѣ
ꙋбывꙿщеє̇|оубъівщее
не|не
ꙋстрашишѫ|оустрашішѫ
ли|лі
тебе|тебе
лица|ліца
матерьна|матерьна
и̇|і
стенаниѥ̇|стенаніе
и̇|і
плачь|плачь
и̇|і
копиꙗ̇|копіꙗ
ѡ̇страꙗ̇|остраꙗ
не|не
прѣклонишѧ|прѣклонішѧ
ли|лі
тебе|тебе
и̇|і
многотѡчимы̇хь|многоточімъіхь
сльꙁь|сльзь
капл|капл
ѿ|от
чрѣсьль|чрѣсьль
вьꙁдрьжѫщих|вьздрьжѫщіх
сѧ|сѧ
и̇|і
прѣспѣвꙿши|прѣспѣвші
и̇сточьникь|істочьнікь
ѥ̇гⷣаже|егдаже
сѧ|сѧ
ѡ̇ц͠и|оц҃і
по|по
прьсемь|прьсемь
биа̇хꙋ|біахоу
и̇|і
честаꙗ̇|честаꙗ
вьꙁдиханыꙗ̇|вьздіханъіꙗ
ѿ|от
срⷣца|срдца
є̇гⷣаже|егдаже
матеремь|матеремь
ѿрасли|отраслі
ѿсѣцаа̇хꙋ|отсѣцаахоу
младенци|младенці
беꙁь|безь
врѣмене|врѣмене
оу̇вѫдаѫ̇ть|оувѫдаѫть
плачахѫ|плачахѫ
сѧ|сѧ
матеры|матеръі
чѧдъ|чѧдъ
свои̇хꙿ|своіх
и|і
ѥ̇гⷣаже|егдаже
и̇мь|імь
сьсци|сьсці
млѣкомь|млѣкомь
течахѫ|течахѫ
и̇|і
ꙁемꙋ|земоу
ѡ̇блѣа̇хꙋ|облѣахоу
є̇гⷣаже|егдаже
ꙗ̇ко|ꙗко
вльци|вльці
растрьꙁахѫ|растрьзахѫ
дѣти|дѣті
тѡгⷣаже|тогдаже
ѡ̇ц͠емь|оц҃емь
тьщѫ|тьщѫ
рѫкы̇|рѫкъі
ѡ̇сташѧ|осташѧ
кы̇|къі
бо|бо
ꙃвѣрь|звѣрь
не|не
би|бі
тоу|тоу
просльꙃилꙿ|просльзіл
се|се
неꙁлобивыⷯ҇|незлобівъіх
тѣхь|тѣхь
младенць|младенць
чⷭ҇ты̇ѫ̇|чстъіѫ
ты̇ѫ̇|тъіѫ
д͠шѫ|д҃шѫ
виⷤ҇дѧ|віждѧ
ꙁакалае̇мы̇ѫ̇|закалаемъіѫ
и̇хꙿже|іхже
дш͠ѫ|дш҃ѫ
бѣхѫ|бѣхѫ
беꙁꙿ|без
вы̇ни̇|въіні
е̇гⷣаже|егдаже
те|те
бѣшѫ|бѣшѫ
ѡ̇бличили|облічілі
и̇|і
тыи̇|тъіі
и̇роде|іроде
и|і
є̇ще|еще
же|же
не|не
и̇мѣхоу|імѣхоу
ѥ̇ꙁыка|езъіка
оу̇страбле(на)|оустраблена
ни|ні
ꙁоу̇бь|зоубь
оу̇тврьжⷣенихь|оутврьжденіхь
не|не
довлѣє̇ть|довлѣеть
ли|лі
ти|ті
толи(кы)|толікъі
ѡси̇рение|осіреніе
и̇|і
е̇гоже|егоже
і̇ѡⷶ҇на|іоана
оу̇сѣкнѫ|оусѣкнѫ
ѥ̇гоже|егоже
не|не
бѣ|бѣ
дⷭ҇оѥ̇нь|дсоень
ни|ні
є̇диного|едіного
глⷭ҇а|глса
ѻ̇трокь|отрокь
рахильскыⷯ҇|рахільскъіх
слы̇шати|слъішаті
нь|нь
и̇|і
ꙁахариѫ̇|захаріѫ
оу̇би|оубі
(ѥ)реꙗ|ереꙗ
ц͠рькⷪ҇вьнаго|ц҃рьковьнаго
оу̇чителꙗ̇|оучітелꙗ
і̇ѡⷶ҇на|іоана
оу̇сѣче|оусѣче
како|како
є̇сть|есть
тебѣ|тебѣ
м͠лити|м҃літі
сѧ|сѧ
гл͠еть|гл҃еть
г͠ь|г҃ь
ѡ̇|о
граде|граде
крьвавии|крьвавіі
вь|вь
немьже|немьже
и̇родъ|іродъ
црⷭ҇твоує̇ть|црствоуеть
ꙩ̇|о
горе|горе
мнѣ|мнѣ
оу̇жⷷ|оуже
не|не
хотѣхь|хотѣхь
ц͠рь|ц҃рь
бы̇ти|бъіті
чинꙿны̇|чіннъі
нь|нь
беꙁьчиньны̇|безьчіньнъі
по|по
то(моу)|томоу
же|же
ходѫще|ходѫще
наоу̇чишѫ|наоучішѫ
сѧ|сѧ
оу̇бивати|оубіваті
и̇|і
до|до
х͠ва|х҃ва
оу̇чениꙗ̇|оученіꙗ
се|се
бо|бо
мⷧ҇аденцѫ|младенцѫ
и̇ꙁꙿкла|ізкла
і̇ѡⷶ҇на|іоана
оу̇сѣкошѫ|оусѣкошѫ
и̇|і
ѥ̇ремиѫ̇|ереміѫ
побише|побіше
камениѥⷨ|каменіем
исаи̇ѫ̇|ісаіѫ
прѣтрьшѫ|прѣтрьшѫ
пилоѫ̇|пілоѫ
дрѣвѣноѫ̇|дрѣвѣноѫ
и̇|і
ꙁахариѫ̇|захаріѫ
оу̇бишѫ|оубішѫ
наꙁариѫ̇|назаріѫ
распѧшѫ|распѧшѫ
нь|нь
ѡ̇нѣмь|онѣмь
ѡ̇ꙁлобѣ|озлобѣ
плачь|плачь
се|се
и̇|і
ѡ̇нѣмь|онѣмь
сьставлѣше|сьставлѣше
прибѣгⷶѫ̇щимь|прібѣгаѫщімь
вь|вь
ст͠оє̇|ст҃ое
крьщениє̇|крьщеніе
ѡ̇|о
кр͠щени|кр҃щені
г͠а|г҃а
н͠шеⷢ|н҃шег
ⷪ|о
ісⷭ҇|ісс
хⷭ҇а|хса
е̇моуже|емоуже
е̇сть|есть
слава|слава
и̇|і
чⷭ҇ть|чсть
и̇|і
покланѣниє̇|покланѣніе
ѡ̇ц͠оу|оц҃оу
и̇|і
сн͠оу|сн҃оу
и̇|і
ст͠омоу|ст҃омоу
дꙋхꙋ|доухоу
и̇|і
н͠нѣ|н҃нѣ
и̇|і
прис͠но|пріс҃но
и̇|і
вь|вь
вѣкы̇|вѣкъі
вѣкомꙿ|вѣком
а̇(минь|амінь
С|с
Л|л
(Ꙍ)|о
В|в
Ꙍ|о
С|с
Т҇|т
А|а
Г|г
Ꙍ|о
И|і
Ꙍ҇|о
А|а
Н|н
А|а
Ꙁ|з
Л|л
А|а
Т|т
Ꙍ|о
Ꙋ|оу
С|с
Т|т
А|а
Г|г
Ꙍ|о
на|на
ѡбрѣтениѥ̇|обрѣтеніе
главы|главъі
і̇ѡⷶ҇на|іоана
прѣдитечѧ|прѣдітечѧ
блⷭ҇ви|блсві
ѡ̇ч͠е|оч҃е
Быⷭ҇|бъіс
вь|вь
дн͠и|дн҃і
и̇рода|ірода
цр͠ѣ|цр҃ѣ
оу̇сѣкновение|оусѣкновеніе
ст͠аго|ст҃аго
и̇ѡна|іона
крьстителѣ|крьстітелѣ
и̇|і
дана|дана
бⷭ҇ы|бсъі
дьщеры̇|дьщеръі
и̇родиꙗ̇динѣ|іродіꙗдінѣ
ѡ̇на|она
же|же
вьꙁемьши|вьземьші
чⷭ҇тнѫѭ̇|чстнѫѭ
главѫ|главѫ
и̇|і
принесе|прінесе
ѫ|ѫ
кь|кь
мт͠ри|мт҃рі
свеи̇|свеі
и̇|і
вьꙁемьши|вьземьші
ѫ̇|ѫ
мат͠и|мат҃і
ѥ̇ѫ̇|еѫ
и̇|і
погребе|погребе
ѫ̇|ѫ
вь|вь
дворꙿци|дворці
си|сі
раба|раба
же|же
бж͠иꙗ̇|бж҃іꙗ
иѡ̇анисии|іоанісіі
жена|жена
хоуꙁанова|хоузанова
слоугы|слоугъі
и̇родова|іродова
родомь|родомь
соущи|соущі
ѿ|от
єрꙿлⷭ҇има|ерлсіма
прониѥ|проніе
и̇мѣаа̇ше|імѣааше
вь|вь
ст͠ѣи̇|ст҃ѣі
горѣ|горѣ
и̇е̇леѡ̇ньстѣи̇|іелеоньстѣі
нощиѩ̇|нощіѧ
вьꙁемьше|вьземьше
ѫ̇|ѫ
и̇|і
тамо|тамо
неⷭ҇ше|несше
погребе|погребе
ѫ̇|ѫ
и̇родь|іродь
же|же
сь|сь
[и]родиꙗ̇дѫ|іродіꙗдѫ
вьꙁискавши|вьзіскавші
чⷭ҇тнѫѫ|чстнѫѫ
главы|главъі
прѣⷣтечевы|прѣдтечевъі
и|і
не|не
ѡ̇брѣтьшеи̇|обрѣтьшеі
гл͠ахѫ|гл҃ахѫ
ꙗко|ꙗко
вьста|вьста
ѿ|от
мрꙿтвыи̇хь|мртвъііхь
тѣмꙿже|тѣмже
и̇родь|іродь
слышавь|слъішавь
слоухь|слоухь
і̇с͠ь|іс҃ь
х͠овь|х҃овь
гл͠еши|гл҃еші
ѿрокомь|отрокомь
своимь|своімь
то|то
есть|есть
и̇ѡ̇ань|іоань
крⷭ҇титель|крстітель
егоже|егоже
аꙁь|азь
оусѣкнѫхь|оусѣкнѫхь
тьи̇|тьі
вьста|вьста
ѿ|от
мртвииихь|мртвіііхь
и̇|і
сего|сего
ради|раді
силы|сілъі
дѣѭ̇|дѣѭ
сѧ|сѧ
ѡ̇|о
немь|немь
и̇|і
мы|мъі
же|же
вьꙁврати|вьзвраті
сѧ|сѧ
на|на
прѣдьлежещѫѫ̇|прѣдьлежещѫѫ
како|како
ѡ̇брѣте|обрѣте
сѧ|сѧ
глава|глава
ст͠го|ст҃го
и̇ѡ̇ана|іоана
прѣⷣтечѧ|прѣдтечѧ
вь|вь
горѣ|горѣ
елеѡ̇ньстѣи|елеоньстѣі
погребѣнѣ|погребѣнѣ
бывши|бъівші
главѣ|главѣ
ст͠го|ст҃го
и̇ѡ̇ана|іоана
рабоѫ|рабоѫ
бж͠иеѫ|бж҃іеѫ
и̇ѡ̇анисиеѫ̇|іоанісіеѫ
врѣмены|врѣменъі
бывше|бъівше
и̇нокеньтие|інокеньтіе
етерь|етерь
моужь|моужь
ѿ|от
славныхь|славнъіхь
полаты|полатъі
цр͠ѣ|цр҃ѣ
костанꙿдина|костандіна
ѿрекь|отрекь
сѧ|сѧ
и̇|і
шедь|шедь
преꙁвитерь|презвітерь
бⷭ҇ы|бсъі
вь|вь
горѣ|горѣ
елеѡ̇ньстѣи|елеоньстѣі
и̇скоупивь|іскоупівь
село|село
то|то
рабы|рабъі
бж͠иѫ|бж҃іѫ
и̇ѡ̇аниси|іоанісі
прѣждерⷱ҇ениѫ|прѣждерченіѫ
жени|жені
хѫꙁани|хѫзані
слоугы|слоугъі
и̇родова|іродова
и|і
сьꙁыдаѫ|сьзъідаѫ
тоу|тоу
манастирь|манастірь
и̇|і
ѡ̇брѣте|обрѣте
тоу|тоу
крьчагь|крьчагь
ꙁьдѣнь|зьдѣнь
вь|вь
немьже|немьже
бѣ|бѣ
глава|глава
і̇ѡⷶ҇на|іоана
крⷭ҇тителѣ|крстітелѣ
и̇|і
вьꙁемьѫ̇|вьземьѫ
и̇|і
и̇мѣшⷷ҇|імѣше
ѫ̇|ѫ
ꙋ|оу
себє|себе
тьи̇|тьі
же|же
бл͠жени|бл҃жені
и̇нокеньтие̇|інокеньтіе
бѣ|бѣ
странꙿноприе̇мець|страннопріемець
приходѧщимь|пріходѧщімь
калоугеромь|калоугеромь
лоубѣше|лоубѣше
бо|бо
ꙃѣло|зѣло
ѡ̇браꙁь|образь
тьи̇|тьі
и̇|і
чꙿтѣше|чтѣше
и̇|і
придоста|прідоста
же|же
.в͠.|в҃
чрьнца|чрьнца
ѿ|от
въстока|въстока
видѣти|відѣті
честьнаа̇го|честьнааго
крⷭ҇та|крста
ѡ̇браꙁь|образь
и̇|і
милости|мілості
бы̇вьшѫѫ̇|бъівьшѫѫ
нась|нась
ради|раді
вьчлв͠чьша|вьчлв҃чьша
сѧ|сѧ
и̇|і
сьмрꙿтиѩ̇|сьмртіѧ
бесмрьтие̇|бесмрьтіе
намь|намь
и̇сходатаи̇вь|ісходатаівь
гроба|гроба
хⷭ҇ва|хсва
и̇|і
вьскꙿрьсениꙗ̇|вьскрьсеніꙗ
и̇|і
вьꙁⷩ҇есениꙗ̇|вьзнесеніꙗ
и|і
вьжⷣелѣвша|вьжделѣвша
вь|вь
е̇рꙋсалимь|ероусалімь
придоста|прідоста
ѿ|от
тоѫ̇|тоѫ
же|же
е̇диномоу|едіномоу
вⷧ҇адичноу|владічноу
прішествию̇|прішествію
прѣдитеча|прѣдітеча
нашь|нашь
і̇ѡⷶ҇нь|іоань
прѣдьставъ|прѣдьставъ
рⷱ҇е|рче
шедь|шедь
кь|кь
и̇рода|ірода
цр͠ѣ|цр҃ѣ
двороу|двороу
и̇|і
тоу|тоу
ѡ̇брѣщеши|обрѣщеші
главѫ|главѫ
моѫ̇|моѫ
вьꙁьдѣ|вьзьдѣ
подъ|подъ
ꙁемѧ|земѧ
лежѫщѫ|лежѫщѫ
оу̇троу|оутроу
же|же
бывшꙋ|бъівшоу
повѣда|повѣда
дроугови|дроугові
си|сі
видѣние̇|відѣніе
ꙩ̇нь|онь
же|же
приꙁракь|прізракь
бывшеѥ̇|бъівшее
непьщеваше|непьщеваше
и̇|і
рⷱ҇е|рче
невѣрꙿно|невѣрно
ми|мі
ѥ̇сть|есть
а̇ще|аще
не|не
вижⷣѫ|віждѫ
тѡжⷣе|тожде
и̇|і
аꙁь|азь
и̇|і
бы̇ста|бъіста
печальна|печальна
и̇|і
а̇бы̇е̇|абъіе
вꙿнѣ|внѣ
ставꙿша|ставша
прⷣѣи̇мь|прдѣімь
проповѣдателꙿ|проповѣдател
и̇стинѣ|істінѣ
и̇|і
ѥ̇динѣма|едінѣма
а̇вꙿлъ|авлъ
сѧ|сѧ
рⷱ҇е|рче
вьсѣко|вьсѣко
ѡ̇тьврьгьша|отьврьгьша
сьмнⷺние̇|сьмнѣніе
ѡ̇|о
видѣни|відѣні
и̇стинꙿнѣ|істіннѣ
вѣрꙋи̇та|вѣроуіта
и̇|і
а̇бие̇|абіе
сьглⷭ҇ано|сьглсано
дроугь|дроугь
кь|кь
дрꙋгꙋ|дроугоу
и̇сповѣдаѫ̇ще|ісповѣдаѫще
видѣние̇|відѣніе
є̇диноꙁрачꙿно|едінозрачно
ѡ̇бѣма|обѣма
бы̇вше̇|бъівше
и̇|і
вѣрꙿно|вѣрно
приѫ̇ста|пріѫста
е̇|е
сь|сь
дрьꙁновение̇мь|дрьзновеніемь
же|же
повелѣнꙿноє̇|повелѣнное
и̇ма|іма
створиста|створіста
и̇|і
въꙁемьша|въземьша
бг͠атьство|бг҃атьство
скръвенꙿное̇|скръвенное
ꙗ̇вленꙿноѥ̇|ꙗвленное
и̇ма|іма
бл͠годѣты̇ѩ̇|бл҃годѣтъіѧ
въложисⷮа|въложіста
е̇|е
вь|вь
врѣтище|врѣтіще
сѫщеѥ̇|сѫщее
ѿ|от
влась|влась
велъбѫжⷣь|велъбѫждь
бⷭ҇ы|бсъі
же|же
сие̇|сіе
по|по
и̇ꙁволению̇|ізволенію
прⷪ҇рчоу|прорчоу
ꙗ̇коже|ꙗкоже
прѣжⷣе|прѣжде
въ|въ
поустини|поустіні
такѫѫ̇|такѫѫ
и̇мѣа̇ше|імѣаше
ры̇ꙁѫ|ръізѫ
ѿ|от
влась|влась
велъбѫжⷣъ|велъбѫждъ
вьꙁвратистаⷤ|вьзвратістаж
ⷷ҇|е
сѧ|сѧ
вьспѧть|вьспѧть
сь|сь
радостиѫ̇|радостіѫ
носѫща|носѫща
чⷭ҇тьнѫѩ̇|чстьнѫѧ
главѫ|главѫ
и̇|і
ст͠ѫѫ̇|ст҃ѫѫ
ѫ̇же|ѫже
и̇родиꙗ̇да|іродіꙗда
прие̇мьши|пріемьші
на|на
блоудѣ|блоудѣ
и̇|і
погребе|погребе
вь|вь
дворьци|дворьці
свое̇мь|своемь
ꙁа|за
много|много
ꙩ̇бличение̇|обліченіе
беꙁьѡ̇чьства|безьочьства
непꙿщеваа̇ше|непщевааше
бо|бо
вь|вь
себѣ|себѣ
гл͠ѧщи|гл҃ѧщі
а̇ко|ако
а̇ще|аще
сь|сь
тѣломь|тѣломь
положена|положена
бѫдеть|бѫдеть
глава|глава
сы̇ꙗ̇|съіꙗ
оу̇добь|оудобь
бѫдеть|бѫдеть
є̇мꙋ|емоу
вьстати|вьстаті
нѫ|нѫ
да|да
погребемь|погребемь
свѣне|свѣне
тѣла|тѣла
не|не
могѫще|могѫще
ѡ̇бличениꙗ̇|обліченіꙗ
своє̇го|своего
оу̇таи̇ти|оутаіті
и̇|і
на|на
блюдѣ|блюдѣ
бо|бо
лежѫщи|лежѫщі
ꙩ̇бличаа̇ше|облічааше
ѫ̇|ѫ
присно|прісно
бо|бо
правдны̇кь|правднъікь
живь|жівь
є̇сть|есть
и̇|і
по|по
сьмрꙿти|сьмрті
приклоучи|пріклоучі
же|же
сѧ|сѧ
керамидꙿникоу|кераміднікоу
нѣкое̇мꙋ|нѣкоемоу
ѥ̇терꙋ|етероу
живѫщоу|жівѫщоу
въ|въ
градѣ|градѣ
сенамидъстѣ|сенамідъстѣ
ꙩ̇бьнища|обьніща
и̇|і
не|не
могы̇|могъі
нищети|ніщеті
своѫ̇|своѫ
подьѫ̇ти|подьѫті
и̇|і
въставь|въставь
пои̇де|поіде
по|по
тѡмоужⷣе|томоужде
пѫты̇|пѫтъі
бⷭ҇ы|бсъі
е̇мꙋ|емоу
пріближити|прібліжіті
сѧ|сѧ
кь|кь
чрьнцема|чрьнцема
сима|сіма
и̇|і
въси|въсі
коупꙿно|коупно
пои̇дошѧ|поідошѧ
бⷭ҇ы|бсъі
же|же
и̇ма|іма
сьѡ̇бещьникь|сьобещьнікь
пѫти|пѫті
ѡ̇на|она
же|же
е̇мꙋ|емоу
въдаста|въдаста
чⷭ҇тьноѥ̇|чстьное
скровище|скровіще
понести|понесті
сѫщеѥ̇|сѫщее
въ|въ
врѣтищи|врѣтіщі
не|не
вѣдѫщоу|вѣдѫщоу
є̇мꙋ|емоу
сѫщаго|сѫщаго
вь|вь
немь|немь
и̇|і
а̇бие̇|абіе
ꙗ̇ви|ꙗві
сѧ|сѧ
е̇мꙋ|емоу
ст͠ы|ст҃ъі
і̇ѡⷶ҇нь|іоань
и̇|і
рⷱ҇е|рче
ѥ̇же|еже
носиши|носіші
оу̇таи̇въ|оутаівъ
сѧ|сѧ
ѿ|от
чрь(нꙿ)цоу|чрьнцоу
сею̇|сею
вьꙁврти|вьзврті
сѧ|сѧ
и̇|і
бѣжи|бѣжі
скⷪрⷪ|скоро
вꙿ|в
домь|домь
си|сі
ѡ̇нь|онь
же|же
повелѣнꙿное̇|повелѣнное
се|се
створи|створі
и̇|і
въꙁврати|възвраті
сѧ|сѧ
въ|въ
домъ|домъ
свои̇|своі
и̇|і
многѫ|многѫ
чьсть|чьсть
творѣше|творѣше
ст͠ѣи̇|ст҃ѣі
тои̇|тоі
главѣ|главѣ
дн͠ь|дн҃ь
ꙗ̇че|ꙗче
дн͠ъ|дн҃ъ
прибы̇ть|прібъіть
приѡ̇брѣтениꙗ̇|пріобрѣтеніꙗ
приє̇маѫ̇|пріемаѫ
и̇|і
поспѣшаше|поспѣшаше
сѧ|сѧ
є̇мꙋ|емоу
вь|вь
всѣко|всѣко
доброе̇|доброе
житиѥ̇|жітіе
хотѧщоу|хотѧщоу
же|же
ѥ̇моу|емоу
конꙿчинꙋ|кончіноу
житиꙗ̇|жітіꙗ
приети|пріеті
хранимѫѫ̇|хранімѫѫ
ст͠ѫѩ̇|ст҃ѫѧ
главѫ|главѫ
и̇мѣѥ̇|імѣе
въ|въ
ковꙿчежꙿци|ковчежці
ꙁапечатлѣнꙿнѫѫ̇|запечатлѣннѫѫ
и̇|і
прѣдасть|прѣдасть
ю̇|ю
сестрѣ|сестрѣ
свѻє̇и̇|своеі
и̇сповѣдавъ|ісповѣдавъ
є̇и̇|еі
прьвѫѩ̇|прьвѫѧ
своѫ̇|своѫ
нищетѫ|ніщетѫ
и̇|і
ѿ|от
кѫдꙋ|кѫдоу
пакы̇|пакъі
ѥ̇моу|емоу
бⷭ҇ы|бсъі
ꙩ̇бг͠ащениє|обг҃ащеніе
и̇|і
гл͠а|гл҃а
ѥ̇и̇|еі
да|да
не|не
ѿкривае̇ши|откріваеші
ковꙿчежеца|ковчежеца
сего|сего
донꙿьдеже|доньдеже
и̇ꙁволить|ізволіть
самь|самь
(се)бѣ|себѣ
скровище|скровіще
нь|нь
вьсакѫ|вьсакѫ
честь|честь
подобнѫ|подобнѫ
да|да
створиши|створіші
ѥ̇моу|емоу
вѣроуѩ̇|вѣроуѧ
бо|бо
ꙗ̇ко|ꙗко
самь|самь
ѿкрити|откріті
сѧ|сѧ
и̇мать|імать
ꙗ̇ко|ꙗко
и̇|і
прѣжⷣе|прѣжде
створи|створі
вь|вь
ложеснаа̇хь|ложеснаахь
си|сі
матерꙿнихь|матерніхь
и̇|і
въꙁигра|възігра
се|се
оу̇ꙁрѣвь|оузрѣвь
хⷭ҇а|хса
вь|вь
чрѣвѣ|чрѣвѣ
носима|носіма
ст͠ѫю̇|ст҃ѫю
мариѫ̇|маріѫ
бц͠ѫ|бц҃ѫ
и̇|і
матерни|матерні
оу̇сти|оусті
вьꙁьпи|вьзьпі
гл͠ѫ|гл҃ѫ
ѿ|от
кѫдоу|кѫдоу
се|се
мнѣ|мнѣ
да|да
придеть|прідеть
мати|маті
г͠а|г҃а
моє̇го|моего
кь|кь
мꙿнѣ|мнѣ
непꙿщоуѫ̇|непщоуѫ
же|же
тако|тако
и̇мать|імать
ѿ|от
сего|сего
ковьчежьца|ковьчежьца
ѿкрити|откріті
сѧ|сѧ
нь|нь
ты|тъі
въсѣкѫ|въсѣкѫ
чⷭ҇ть|чсть
твориши|творіші
е̇моу|емоу
можеши|можеші
ѿдание̇|отданіе
оу̇лоучити|оулоучіті
ѿ|от
него|него
и̇|і
мꙿногѫ|многѫ
польꙁѫ|пользѫ
и̇|і
ꙗ̇ко|ꙗко
те|те
сьпостигнеть|сьпостігнеть
старость|старость
и̇ли|ілі
болѣꙁꙿнь|болѣзнь
и̇ли|ілі
и̇но|іно
что|что
прѣдаждъ|прѣдаждъ
ѫ̇|ѫ
и̇номоу|іномоу
ѿ|от
бл͠говѣрьнии̇хь|бл҃говѣрьнііхь
чл͠кь|чл҃кь
ꙩ̇на|она
же|же
прѣданиє̇|прѣданіе
тѡ|то
приѥ̇мьши|пріемьші
и̇|і
великѫѫ̇|велікѫѫ
чьсть|чьсть
творѣше|творѣше
ѥ̇моу|емоу
сь|сь
великоѫ̇|велікоѫ
вѣроѫ̇|вѣроѫ
и̇|і
любовы̇ѫ̇|любовъіѫ
постигꙿнеши|постігнеші
же|же
є̇ѫ̇|еѫ
старости|старості
прѣдасть|прѣдасть
ю̇|ю
е̇диномꙋ|едіномоу
ѿ|от
бл͠говѣрны̇хь|бл҃говѣрнъіхь
мноꙁи|мнозі
же|же
по|по
тѡмꙿ|том
ꙩ̇бидошѧ|обідошѧ
сѧ|сѧ
прѣдаѫ̇ще|прѣдаѫще
дроугь|дроугь
дроугꙋ|дроугоу
послѣдь|послѣдь
же|же
дои̇де|доіде
е̇тера|етера
мнии̇ха|мнііха
и̇|і
преꙁвитерѣ|презвітерѣ
и̇менемь|іменемь
ѥ̇вьстиѳиꙗ̇|евьстіѳіꙗ
и̇|і
и̇ноѫ̇|іноѫ
вѣри|вѣрі
сѧща|сѧща
ѻ̇ни|оні
же|же
мнеще|мнеще
вѣрꙿнаа̇|вѣрнаа
и̇|і
прѣдашѫ|прѣдашѫ
ѫ̇|ѫ
є̇мꙋ|емоу
прие̇мь|пріемь
же|же
ѫ̇|ѫ
и̇|і
сꙿкри|скрі
не|не
хотѧ|хотѧ
ꙗ̇вити|ꙗвіті
славѫ|славѫ
б͠жиѩ̇|б҃жіѧ
нь|нь
присно|прісно
неоу̇таѥ̇ма|неоутаема
е̇сть|есть
бл͠годѣть|бл҃годѣть
бж͠иꙗ̇|бж҃іꙗ
и̇|і
то|то
оубо|оубо
соуще|соуще
и̇|і
скрьвенꙗ|скрьвенꙗ
многа|многа
и̇цѣлениꙗ̇|іцѣленіꙗ
творѣше|творѣше
многы̇мь|многъімь
и̇спитавьши|іспітавьші
же|же
ѥ̇реꙗ̇|ереꙗ
ко|ко
не|не
вѣрꙋє̇ть|вѣроуеть
тр͠ци|тр҃ці
е̇диносоущьнѣи̇|едіносоущьнѣі
нь|нь
хоуле|хоуле
и̇|і
бж͠ьство|бж҃ьство
раꙁлѫчає̇ть|разлѫчаеть
и̇|і
сьбравьше|сьбравьше
же|же
сѧ|сѧ
кьнеꙁы|кьнезъі
мѣста|мѣста
того|того
и̇|і
и̇ꙁьгнашѫ|ізьгнашѫ
и̇|і
вьнь|вьнь
ѡ̇нь|онь
же|же
лꙋкавьства|лоукавьства
сии̇|сіі
и̇сплꙸнень|ісплънень
и̇|і
хотѧ|хотѧ
нощиѫ̇|нощіѫ
оу̇красти|оукрасті
ѫ̇|ѫ
и̇|і
мⷪ҇лѣше|молѣше
и̇хь|іхь
да|да
бы̇хь|бъіхь
ꙁⷣе|зде
ѡ̇бьлегь|обьлегь
ѻ̇ни|оні
же|же
раꙁꙋмѣвьше|разоумѣвьше
ꙁлобꙋ|злобоу
є̇го|его
и̇|і
не|не
послоушаа̇шѫ|послоушаашѫ
и̇|і
нь|нь
и̇ꙁьгнавꙿшⷷ҇|ізьгнавше
и̇|і
вьнь|вьнь
и̇|і
прѣѫ̇шѧ|прѣѫшѧ
манасты̇рь|манастъірь
тѡи̇|тоі
є̇тери|етері
бл͠говѣрьни|бл҃говѣрьні
мꙋжие̇|моужіе
гонѫщемь|гонѫщемь
и̇мь|імь
мнишьскѫѫ̇|мнішьскѫѫ
жиꙁꙿнь|жізнь
и̇|і
по|по
томь|томь
и̇ни|іні
мноꙁы̇|мнозъі
и̇ꙁмѣнишѧ|ізмѣнішѧ
сѧ|сѧ
прѣе̇млѧще|прѣемлѧще
мѣсто|мѣсто
то|то
до|до
марькела|марькела
и̇|і
чⷭ҇тьнаа̇го|чстьнааго
преꙁвитерѣ|презвітерѣ
и̇|і
а̇рьхимꙋдрыта|арьхімоудръіта
е̇моуже|емоуже
бл͠гои̇ꙁволи|бл҃гоізволі
г͠ь|г҃ь
б͠ь|б҃ь
н͠шь|н҃шь
ꙗ̇вити|ꙗвіті
четьнѫѩ̇|четьнѫѧ
гл͠авѫ|гл҃авѫ
прⷪ҇рка|прорка
и̇|і
прⷣчѧ|прдчѧ
крⷭ҇тителѣ|крстітелѣ
и̇ѡⷶ҇на|іоана
вь|вь
срѣдокрⷭ҇тьнѫ|срѣдокрстьнѫ
недѣлѫ|недѣлѫ
мⷭ҇ца|мсца
ферьварѣ|ферьварѣ
вь|вь
.к͠д.|к҃д
лѣто|лѣто
тѡ|то
.ꙁ͠.|з҃
сьтноѥ̇|сьтное
.ꙅ͠.|з҃
десѧтно|десѧтно
и̇|і
.г͠.|г҃
вь|вь
домоу|домоу
бл͠говѣрьноу|бл҃говѣрьноу
цр͠оу|цр҃оу
валеньтиноу|валеньтіноу
и̇|і
мⷶркыниꙗ̇на|маркъініꙗна
бл͠говѣрꙿнаа̇го|бл҃говѣрнааго
и̇ньдиктиѡ̇нь|іньдіктіонь
шести|шесті
при|прі
праведнѣмь|праведнѣмь
є̇пкⷭ҇пѣ|епкспѣ
оу̇рании̇|оураніі
мнѣ|мнѣ
же|же
оу̇маленомоу|оумаленомоу
марькелоу|марькелоу
бⷭ҇ы|бсъі
а̇блены̇є̇|абленъіе
се|се
ѿ|от
творьца|творьца
и̇|і
сьдѣтела|сьдѣтела
вьсаческы̇мь|вьсаческъімь
ѥ̇диного|едіного
славимаго|славімаго
ѡ̇|о
трои̇цѫ|троіцѫ
сѫщаго|сѫщаго
бл͠гословенаго|бл҃гословенаго
б͠а|б҃а
а̇минь|амінь
и̇ꙁволи|ізволі
бо|бо
мнѣ|мнѣ
влⷣка|влдка
своє̇моу|своемоу
рабоу|рабоу
крⷭ҇титела|крстітела
видѣти|відѣті
бⷭ҇ы|бсъі
бо|бо
ми|мі
видⷺниє̇|відѣніе
се|се
нощиѫ̇|нощіѫ
ꙗ̇ко|ꙗко
ѿврьꙁошѧ|отврьзошѧ
сѧ|сѧ
вьсе|вьсе
двери|двері
манасты̇рѣ|манастъірѣ
сего|сего
и̇|і
вь|вь
оу̇жасѣ|оужасѣ
бывь|бъівь
вьскочихь|вьскочіхь
ꙁатворити|затворіті
вдери|вдері
и̇|і
видꙗхь|відꙗхь
рѣкѫ|рѣкѫ
и̇сходѧщѧѫ|ісходѧщѧѫ
скроꙃѣ|скрозѣ
двери|двері
и̇|і
пⷶеⷱ|паеч
бывь|бъівь
оу̇жасень|оужасень
и̇|і
помышлахь|помъішлахь
ѿ|от
кꙋдѫ|коудѫ
такова|такова
рѣка|рѣка
и̇сходить|ісходіть
чюдѫщꙋ|чоудѫщоу
же|же
ми|мі
сѧ|сѧ
тѡмꙋ|томоу
видѣхь|відѣхь
пакы̇|пакъі
плькы̇|плькъі
гредѫщѧѫ|гредѫщѧѫ
ѿ|от
вьстока|вьстока
по|по
рѣцѣ|рѣцѣ
тои̇|тоі
и̇|і
поꙗ̇хꙋ|поꙗхоу
кьжⷣо|кьждо
свои̇мь|своімь
ѫ̇ꙁыкомь|ѫзъікомь
и̇|і
се|се
бѣше|бѣше
глⷭ҇а|глса
вьпиѫ̇щихь|вьпіѫщіхь
се|се
ѥⷭ҇|ес
і̇ѡⷶнь|іоань
крⷭ҇итель|крсітель
сп͠са|сп҃са
нашего|нашего
и̇|і
ꙗ̇влѣе̇ть|ꙗвлѣеть
сѧ|сѧ
и̇|і
мнѣх|мнѣх
се|се
стоѥ̇|стое
вь|вь
пладєнꙿныхь|пладеннъіхь
вратѣхь|вратѣхь
и̇|і
а̇бы̇е̇|абъіе
ꙩтворишѧ|отворішѧ
сѧ|сѧ
вьсточныѫ̇|вьсточнъіѫ
двери|двері
и̇|і
вьнидошѫ|вьнідошѫ
пльци|пльці
и̇|і
ѡ̇стави|оставі
и̇хь|іхь
видѣниє̇|відѣніе
рекы̇|рекъі
и̇|і
текь|текь
вьнидохь|вьнідохь
и̇|і
стахь|стахь
на|на
прѣдьнемь|прѣдьнемь
степени|степені
цр͠ковьнѣмь|цр҃ковьнѣмь
видѣхь|відѣхь
ѫ̇|ѫ
ст͠ѫѩ̇|ст҃ѫѧ
слоужꙿбѫ|слоужбѫ
творѫще|творѫще
вь|вь
манастири|манастірі
и̇|і
стахь|стахь
на|на
прьвнѣмь|прьвнѣмь
степени|степені
црк͠вьнѣмь|црк҃вьнѣмь
и̇|і
видѣхь|відѣхь
пакы|пакъі
.в͠.|в҃
двора|двора
стоѥ̇ща|стоеща
е̇динь|едінь
ꙁрѣше|зрѣше
на|на
вьстокь|вьстокь
а̇|а
дроугы|дроугъі
на|на
ꙁападь|западь
и|і
цр͠квь|цр҃квь
великѫ|велікѫ
посрѣдѣ|посрѣдѣ
є̇ю̇|ею
и|і
кьжⷣо|кьждо
плькь|плькь
вьхожⷣахѫ|вьхождахѫ
вь|вь
дворь|дворь
ꙁрещи|зрещі
на|на
ꙁападь|западь
и̇|і
поклѣнѣхоу|поклѣнѣхоу
сѧ|сѧ
прѣдь|прѣдь
цр͠квы̇ѫ̇|цр҃квъіѫ
и̇|і
видѣхѫ|відѣхѫ
вьпладьны̇ѫ̇|вьпладьнъіѫ
двери|двері
и̇|і
тоу|тоу
почиваа̇хѫ|почіваахѫ
по|по
прѣстанию̇|прѣстанію
же|же
плькь|плькь
дроуꙃии̇|дроузіі
вьпиꙗ̇хѫ|вьпіꙗхѫ
се|се
свети|светі
и̇ѡⷶ҇нь|іоань
крⷭ҇титель|крстітель
и̇|і
видѣхь|відѣхь
вь|вь
цр͠квы|цр҃квъі
ꙗ̇влѣѫ̇ща|ꙗвлѣѫща
ми|мі
сѧ|сѧ
и̇|і
стоꙗ̇ста|стоꙗста
дꙿва|два
ѡ̇ба|оба
поль|поль
є̇го|его
ѥдинь|едінь
ѡ̇|о
деснѫѫ̇|деснѫѫ
ѥго|его
и̇|і
е̇динь|едінь
ѡ̇|о
шоуѩ|шоуѧ
е̇го|его
і̇|і
покланѣхѫ|покланѣхѫ
сѧ|сѧ
е̇моу|емоу
вси|всі
пльци|пльці
и̇|і
вьходѧще|вьходѧще
по|по
чиноу|чіноу
бл͠гословение̇|бл҃гословеніе
ѿ|от
него|него
вьꙁимахѫ|вьзімахѫ
вьси|вьсі
и̇|і
лобьꙁахѫ|лобьзахѫ
и̇|і
въ|въ
прьси|прьсі
а̇ꙁь|азь
же|же
ꙗ̇ко|ꙗко
ѥ̇динь|едінь
ѡ̇стахь|остахь
помы̇слихь|помъісліхь
припасти|пріпасті
и̇|і
и̇|і
бл͠гословити|бл҃гословіті
сѧ|сѧ
ѿ|от
него|него
и̇|і
поклонивь|поклонівь
лице|ліце
на|на
ꙁємлѫ|землѫ
текь|текь
припаⷣь|пріпадь
и̇|і
коснѫх|коснѫх
сѧ|сѧ
вь|вь
ноꙃѣ|нозѣ
е̇го|его
ꙩ̇нь|онь
же|же
цѣловавь|цѣловавь
мѫ|мѫ
вь|вь
оу̇ста|оуста
и̇ꙁꙿмь|ізмь
и̇ꙁь|ізь
паꙁꙋхи|пазоухі
и̇|і
дасть|дасть
ми|мі
є̇дынь|едъінь
сьть|сьть
медьвень|медьвень
и̇|і
рⷱ҇е|рче
ми|мі
прими|прімі
бл͠гословениє̇|бл҃гословеніе
се|се
и̇|і
и̇дѣхь|ідѣхь
же|же
прѣдъ|прѣдъ
нимь|німь
и̇|і
тьи̇|тьі
самь|самь
и̇|і
и̇же|іже
сь|сь
нимь|німь
и̇|і
вьнидохомь|вьнідохомь
вь|вь
нашь|нашь
манастирь|манастірь
и̇|і
се|се
видѣхь|відѣхь
стльпь|стльпь
ѡ̇гꙿнень|огнень
и̇дѫщь|ідѫщь
прѣдь|прѣдь
нимꙿ|нім
и̇|і
ѿ|от
страха|страха
вьꙁдьхнꙋхь|вьздьхноухь
по|по
семь|семь
же|же
вⷱ҇ероу|вчероу
бывꙿшоу|бъівшоу
ст͠аа̇го|ст҃ааго
поста|поста
рѣхь|рѣхь
кь|кь
брати|браті
да|да
соугꙋбимь|соугоубімь
псальми|псальмі
и̇|і
бⷭ҇ы|бсъі
поѫ̇щимь|поѫщімь
соугꙋбо|соугоубо
брать|брать
є̇терь|етерь
и̇сакь|ісакь
и̇менемь|іменемь
вьꙁведьи̇|вьзведьі
ѡ̇чи|очі
и̇|і
видѣ|відѣ
ѡ̇гнь|огнь
горѫщь|горѫщь
вь|вь
цр͠квахь|цр҃квахь
ꙋ|оу
двери|двері
пещи|пещі
и̇деже|ідеже
бѣше|бѣше
глаⷡ҇|глав
ст͠аго|ст҃аго
і̇ѡⷶ҇на|іоана
и̇|і
вьꙁьпи|вьзьпі
брать|брать
ꙗ̇ко|ꙗко
вижⷣѫ|віждѫ
г͠и|г҃і
ꙩ̇г͠нь|ог҃нь
горѫщь|горѫщь
вь|вь
пещи|пещі
цр͠ве|цр҃ве
а̇ꙁь|азь
же|же
рѣхь|рѣхь
е̇моу|емоу
не|не
бои̇|боі
сѧ|сѧ
брате|брате
нь|нь
ꙁнамⷷ҇навь|знаменавь
сѧ|сѧ
и̇|і
мльчи|мльчі
а̇ꙁь|азь
вѣди|вѣді
таи̇нѫ|таінѫ
сь|сь
многомь|многомь
оу̇жасомь|оужасомь
бывь|бъівь
и̇|і
по|по
петы|петъі
д͠ꙿнь|д҃нь
сѣдещоу|сѣдещоу
ми|мі
вь|вь
нощи|нощі
и̇|і
по|по
прьвѣи̇|прьвѣі
стражи|стражі
нощьнѣи̇|нощьнѣі
и̇|і
се|се
роука|роука
нѣчиꙗ̇|нѣчіꙗ
тькнѫ|тькнѫ
мѧ|мѧ
.г͠.|г҃
кратии̇|кратіі
съ|съ
десны̇ѫ̇|деснъіѫ
страны̇|странъі
и̇|і
глⷭ҇а|глса
кь|кь
мнѣ|мнѣ
гл͠ѧ|гл҃ѧ
се|се
дахь|дахь
се|се
вамь|вамь
и̇|і
вьставъ|вьставъ
пои̇ди|поіді
и̇|і
се|се
ꙁвѣꙁⷣа|звѣзда
прѣдъи̇деть|прѣдъідеть
ти|ті
и̇деже|ідеже
починеть|почінеть
тоу|тоу
копаи̇|копаі
и̇|і
ѡ̇брѣщеши|обрѣщеші
мѧ|мѧ
а̇ꙁь|азь
же|же
съ|съ
страхомь|страхомь
бы̇вь|бъівь
и̇|і
вьставь|вьставь
сѣдохь|сѣдохь
и̇|і
видѣхь|відѣхь
ꙁвѣꙁⷣѫ|звѣздѫ
(с)тоѥ̇щꙋ|стоещоу
ѡ̇гньнѫ|огньнѫ
въ|въ
дверехь|дверехь
црк͠вны̇хь|црк҃внъіхь
и̇деже|ідеже
бѣхь|бѣхь
и̇|і
оу̇жасень|оужасень
бывь|бъівь
вьꙁнаменахь|вьзнаменахь
сѧ|сѧ
и̇|і
се|се
прⷣѣи̇дѣше|прдѣідѣше
ꙁвѣꙁⷣа|звѣзда
дондеже|дондеже
пришедꙿши|прішедші
и̇|і
ста|ста
надъ|надъ
ѡ̈лꙿтаремъ|олтаремъ
пещны̇и̇мъ|пещнъіімъ
и̇деже|ідеже
бѣше|бѣше
връхъ|връхъ
чⷭ҇тны̇|чстнъі
прⷪ҇рока|пророка
и̇|і
кⷭ҇ртлѣ|ксртлѣ
и̇ѡⷶ҇на|іоана
а̇ꙁъ|азъ
же|же
видѣв|відѣв
си|сі
вꙿса|вса
и̇|і
придоⷯ|прідох
до|до
мѣсто|мѣсто
тоⷢ|тог
и̇|і
въꙁемъ|въземъ
моты̇кꙋ|мотъікоу
начѧхъ|начѧхъ
копати|копаті
и̇|і
ѡ̈брѣтохъ|обрѣтохъ
мѣсто|мѣсто
варомъ|варомъ
съꙁⷣанно|създанно
ѥ̇лико|еліко
а̇ще|аще
копахъ|копахъ
паче|паче
бы̇ваа̇ше|бъівааше
шоумъ|шоумъ
и̇|і
тъпътъ|тъпътъ
и̇|і
ꙗ̇ко|ꙗко
оу̇копах|оукопах
сѧ|сѧ
равꙿно|равно
ꙁмѧ|змѧ
и̇|і
ѡ̈брѣтохъ|обрѣтохъ
пѣсокъ|пѣсокъ
ꙗ̇ко|ꙗко
мѣдъ|мѣдъ
чистѫ|чістѫ
и̇|і
пакы̇|пакъі
съ|съ
многы̇мъ|многъімъ
трꙋдомꙿ|троудом
копавъ|копавъ
и̇|і
ѡ̈брѣтохъ|обрѣтохъ
ꙁъдъ|зъдъ
и̇|і
пⷣо|пдо
нимъ|німъ
бѣше|бѣше
мраморъ|мраморъ
и̇|і
ꙗ̇ко|ꙗко
въꙁⷣвигнѫхъ|въздвігнѫхъ
и̇|і
ѡ̈брѣтохъ|обрѣтохъ
съсоудь|съсоудь
ꙁⷣѣнъ|здѣнъ
въ|въ
немже|немже
бѣше|бѣше
глава|глава
чⷭ҇таа̇|чстаа
и|і
ст͠аꙗ̇|ст҃аꙗ
прⷣчева|прдчева
и̇|і
въꙁемъ|въземъ
свѣщѫ|свѣщѫ
и̇|і
кадило|каділо
и̇|і
поклонівъ|поклонівъ
сѧ|сѧ
покры̇хь|покръіхь
и̇|і
въ|въ
тѡ|то
врѣмѧ|врѣмѧ
приде|пріде
є̇терь|етерь
ѿ|от
а̇рꙿхимѫдрита|архімѫдріта
и̇|і
ѿ|от
сена|сена
диꙗ̇кона|діꙗкона
и̇|і
гл͠а|гл҃а
ми|мі
скроꙃѣ|скрозѣ
двери|двері
пещерьниѫ̇|пещерьніѫ
вьлѣꙁьшоу|вьлѣзьшоу
же|же
є̇мⷹ|емоу
вьнѫтьрь|вьнѫтьрь
помл͠иховѣ|помл҃іховѣ
сѧ|сѧ
и̇|і
поклонꙿшаа̇|поклоншаа
сѧ|сѧ
много|много
и̇|і
гл͠а|гл҃а
ми|мі
ꙗ̇ко|ꙗко
видѣхь|відѣхь
видѣниє̇|відѣніе
въ|въ
снѣ|снѣ
тае̇мое̇|таемое
сы̇е̇|съіе
ꙗ̇ко|ꙗко
ѻ̇ба|оба
стоꙗ̇ховѣ|стоꙗховѣ
вь|вь
пещерѣ|пещерѣ
сиєи̇|сіеі
и̇|і
рⷱ҇е|рче
хлѣбь|хлѣбь
множьство|множьство
бѣше|бѣше
ѥчꙿмꙿнѣнꙿныⷯ҇|ечмнѣннъіх
чисти|чісті
ꙗ̇ко|ꙗко
и̇|і
сл͠нце|сл҃нце
вꙿ|в
сеи̇|сеі
пещерѣ|пещерѣ
и̇|і
чѧсть|чѧсть
врьхꙋ|врьхоу
и̇хь|іхь
тѡлика|толіка
сила|сіла
много|много
чѧди|чѧді
съходѧще|съходѧще
вь|вь
пещь|пещь
сы̇ѫ̇|съіѫ
и̇|і
вьꙁемлѧщє|вьземлѧще
ѿ|от
наю̇|наю
и̇|і
ѿ|от
сихь|сіхь
прѣдьрⷱенꙿны̇хь|прѣдьрченнъіхь
хлѣбъ|хлѣбъ
въꙁимаа̇хоу̇и̇|възімаахоуі
и̇|і
не|не
ꙩ̇скѫдѣваа̇хꙋ|оскѫдѣваахоу
хлѣбы̇|хлѣбъі
ниже|ніже
прѣстаа̇хѫ|прѣстаахѫ
чеди|чеді
вьꙁемлѧще|вьземлѧще
нама|нама
же|же
оу̇дрѫчивьшема|оудрѫчівьшема
сѧ|сѧ
ѿ|от
многа|многа
народа|народа
и|і
начѧшѧ|начѧшѧ
сами|самі
хлѣби|хлѣбі
вьспарити|вьспаріті
на|на
наю̇|наю
рѫкы̇|рѫкъі
и̇|і
тако|тако
вьꙁимахѫ|вьзімахѫ
ꙗ̇ко|ꙗко
ми|мі
скаꙁа|сказа
вы̇дѣниє̇|въідѣніе
се|се
и̇|і
рѣхь|рѣхь
е̇мꙋ|емоу
добро|добро
ти|ті
е̇сть|есть
видѣниє̇|відѣніе
се|се
и̇|і
помислыхь|поміслъіхь
пакы̇|пакъі
и̇|і
рѣхь|рѣхь
ꙗ̇ко|ꙗко
ѿ|от
б͠а|б҃а
видѣниѥ̇|відѣніе
се|се
е̇сть|есть
а̇биє̇|абіе
же|же
рѣхь|рѣхь
є̇мꙋ|емоу
ꙗ̇ко|ꙗко
ꙗ̇влениѥ̇|ꙗвленіе
[е]сть|есть
ст͠аго|ст҃аго
и̇ѡⷶ҇на|іоана
и̇|і
бⷭ҇ы|бсъі
веселиѥ̇|веселіе
и̇|і
рⷱ҇е|рче
ми|мі
гⷣе|где
е̇сть|есть
мѣсто|мѣсто
а̇ꙁь|азь
же|же
покаꙁахь|показахь
ѥ̇мꙋ|емоу
и̇|і
видѣвꙿша|відѣвша
и̇ꙁлѣꙃоховѣ|ізлѣзоховѣ
вьнь|вьнь
и̇|і
г͠лахь|г҃лахь
что|что
сьтворимь|сьтворімь
да|да
повѣмь|повѣмь
се|се
папѣ|папѣ
и̇|і
стефаноу|стефаноу
а̇рхимоудрытоу|архімоудръітоу
и̇|і
да|да
скажеть|скажеть
е̇пⷭ҇поу|епспоу
вьставьша|вьставьша
же|же
и̇дохомь|ідохомь
и̇|і
не|не
ꙩ̇брѣтѡхомь|обрѣтохомь
є̇го|его
бѣше|бѣше
бо|бо
ѡ̇шель|ошель
вь|вь
вишнеѥ̇|вішнее
манастирѧ|манастірѧ
и̇|і
поустихомь|поустіхомь
кь|кь
кы̇рьꙗ̇коу|къірьꙗкоу
а̇рꙿхимоудритоу|архімоудрітоу
браⷮ҇|брат
и̇сака|ісака
ѡ̇нь|онь
же|же
ꙗ̇ко|ꙗко
оу̇слы̇шавь|оуслъішавь
вь|вь
тоу|тоу
нощь|нощь
приде|пріде
и̇|і
пришедьшоу|прішедьшоу
бо|бо
а̇рхимѫдритови|архімѫдрітові
и̇|і
цѣловахомь|цѣловахомь
сѧ|сѧ
ꙩ̇нь|онь
же|же
вьꙁвѣсти|вьзвѣсті
ми|мі
видѣниє|відѣніе
свое̇|свое
сь|сь
гл͠асомь|гл҃асомь
сꙋщемы̇|соущемъі
же|же
ѿ(к)рихом|откріхом
е̇мꙋ|емоу
ст͠аго|ст҃аго
і̇ѡⷶ҇на|іоана
ꙗ̇влениє̇|ꙗвленіе
и̇|і
тако|тако
прѣбы̇хѻмь|прѣбъіхомь
до|до
.е͠.|е҃
дн͠е(и̇)|дн҃еі
жꙋдꙋще|жоудоуще
пакы|пакъі
прѣдьрⷱ҇еньнаа̇го|прѣдьрченьнааго
а̇рꙿхимꙋдрита|архімоудріта
и̇|і
наставъши|наставъші
соуботѣ|соуботѣ
и̇|і
сѣдѫщимь|сѣдѫщімь
намь|намь
и̇|і
бⷭ҇ы|бсъі
ми|мі
рана|рана
болѣꙁꙿна|болѣзна
вь|вь
колѣноу|колѣноу
и̇|і
слекохь|слекохь
се|се
ѿнѫдь|отнѫдь
не|не
могы|могъі
вьстати|вьстаті
рѣхꙿ|рѣх
же|же
ѥ̇же|еже
ѻ̇|о
генадиі̇|генадіі
и̇|і
ѡ̇|о
ку̇рьꙗ̇цѣ|курьꙗцѣ
ꙗ̇ко|ꙗко
не|не
г͠лаголахомꙿ|г҃лаголахом
ли|лі
тии̇|тіі
да|да
повѣми|повѣмі
є̇пⷭ҇коупоу|епскоупоу
понеже|понеже
нѣсть|нѣсть
стефана|стефана
папи|папі
мы̇|мъі
же|же
клехом|клехом
се|се
пакы̇|пакъі
ст͠имь|ст҃імь
і̇ѡⷶ҇номь|іоаномь
ꙗ̇ко|ꙗко
да|да
повѣмы̇|повѣмъі
оу̇трѣ|оутрѣ
прѣжⷣе|прѣжде
сл͠нца|сл҃нца
є̇пⷭ҇поу|епспоу
а̇ꙁь|азь
же|же
рѣхь|рѣхь
є̇моу|емоу
ꙗ̇ко|ꙗко
добрѣ|добрѣ
ꙩ̇бѣщахомь|обѣщахомь
сѧ|сѧ
а̇бие̇|абіе
прость|прость
бивъ|бівъ
ѿ|от
болѣꙁни|болѣзні
тоѥ|тое
и̇|і
вь|вь
наставꙿшꙋю|наставшоую
недѣлѫ|недѣлѫ
и̇дохомь|ідохомь
сь|сь
ку̇риꙗ̇комь|куріꙗкомь
и̇|і
оу̇лиꙗ̇номь|оуліꙗномь
мнихомь|мніхомь
и̇|і
повѣдахⷪмь|повѣдахомь
ѥ̇пⷭ҇поу|епспоу
оу̇ранию̇|оуранію
г͠лѧще|г҃лѧще
ꙗ̇ко|ꙗко
ст͠ы̇|ст҃ъі
и̇ѡⷶ҇нь|іоань
крⷭ҇титєль|крстітель
хⷭ҇вь|хсвь
ꙗ̇ви|ꙗві
сѧ|сѧ
ѡ̇нꙿ|он
же|же
оу̇жасень|оужасень
бы̇|бъі
и̇|і
рⷱ҇е|рче
да|да
не|не
ра(ꙁꙋ)мѣє̇ть|разоумѣеть
никтоже|ніктоже
вь|вь
ниже|ніже
прꙵ҇касае̇ть|пркасаеть
сѧ|сѧ
е̇моу|емоу
рⷱ҇е|рче
же|же
е̇мⷹ|емоу
кирьꙗ̇кь|кірьꙗкь
диꙗ̇конь|діꙗконь
когⷣа|когда
и̇маши|імаші
прити|пріті
ꙩ̇нь|онь
же|же
рⷱ҇е|рче
оу̇трѣ|оутрѣ
и̇|і
пришедъшоу|прішедъшоу
же|же
е̇моу|емоу
сь|сь
клиросомь|кліросомь
на|на
оу̇триꙗ̇|оутріꙗ
преꙁвитериѥ̇|презвітеріе
и̇|і
диꙗ̇кони|діꙗконі
и̇|і
придошѧ|прідошѧ
на|на
мѣсто|мѣсто
и̇|і
падошѧ|падошѧ
и̇|і
поклонишѧ|поклонішѧ
сѧ|сѧ
(ѿ)|от
малы̇хь|малъіхь
же|же
преꙁвитерь|презвітерь
є̇динь|едінь
ѿ|от
причꙿта|прічта
рⷱ҇е|рче
ѿ|от
коудоу|коудоу
се|се
и̇мать|імать
бы̇ти|бъіті
гл͠ава|гл҃ава
і̇ѡⷶ҇на|іоана
крⷭ҇тителѣ|крстітелѣ
и̇|і
ꙗ̇кⷪ|ꙗко
вꙿложи|вложі
роуⷦ҇|роук
вь|вь
водонось|водонось
и̇|і
прикоснѫ|прікоснѫ
се|се
власѣхь|власѣхь
є̇го|его
а̇би̇е̇|абіе
оу̇сьше|оусьше
роука|роука
ѥго|его
и̇|і
прильпе|прільпе
воⷣносѣ|водносѣ
томь|томь
и̇|і
не|не
можаше|можаше
ѥ|е
ѿтрьгнꙋти|оттрьгноуті
и̇|і
а̇биѥ̇|абіе
бы̇вьши|бъівьші
мⷪл͠итвѣ|мол҃ітвѣ
прилежꙿно|прілежно
ѿ|от
вьсѣхь|вьсѣхь
славѣ|славѣ
въꙁⷣае̇мѣ|въздаемѣ
б͠оу|б҃оу
ѥ̇два|едва
може|може
ѿтрьгноути|оттрьгноуті
роукѫ|роукѫ
и̇|і
прѣбⷭ҇ы|прѣбсъі
же|же
тако|тако
болень|болень
ѥ̇пискоупь|епіскоупь
же|же
сь|сь
пришедьшимь|прішедьшімь
сь|сь
ны̇мь|нъімь
вьꙁеть|вьзеть
сьсѫдь|сьсѫдь
сь|сь
сѫщимь|сѫщімь
въ|въ
немь|немь
скрьвенꙿны̇мь|скрьвеннъімь
сирѣчь|сірѣчь
б͠гатьствомь|б҃гатьствомь
нескоудьны̇мь|нескоудьнъімь
и̇|і
положи|положі
ѥ̇|е
вь|вь
соусѫдохранильницѣ|соусѫдохранільніцѣ
ст͠ы̇ѥ|ст҃ъіе
црк͠ве|црк҃ве
тоѥ|тое
доньдеже|доньдеже
сьꙁыжⷣеть|сьзъіждеть
є̇моу|емоу
цр͠квь|цр҃квь
и̇|і
бы̇вꙿшꙋ|бъівшоу
црк͠вѣ|црк҃вѣ
сконьчанѣ|сконьчанѣ
є̇гⷣа|егда
хотѣхѫ|хотѣхѫ
принести|прінесті
ст͠оую̇|ст҃оую
тꙋ|тоу
главꙋ|главоу
и̇|і
вьсечеⷭ҇тьноую̇|вьсечестьноую
и̇|і
ꙗ̇ви|ꙗві
сѧ|сѧ
вь|вь
нощи|нощі
преꙁвитерꙋ|презвітероу
невѣровавꙿшомⷹ|невѣровавшомоу
ꙗ̇ко|ꙗко
в(ь)не|вьне
семоу|семоу
бывꙿшоу|бъівшоу
положи|положі
роукꙋ|роукоу
на|на
сьсѫдѣ|сьсѫдѣ
и̇|і
а̇бы̇є̇|абъіе
и̇цѣлѣѥ̇ши|іцѣлѣеші
и̇|і
семоу|семоу
бывꙿшоу|бъівшоу
а̇биє̇|абіе
оу̇строи̇|оустроі
се|се
роука|роука
є̇мꙋ|емоу
ꙁрⷣава|зрдава
бⷭ҇ы|бсъі
же|же
положениѥ̇|положеніе
ст͠аа̇го|ст҃ааго
і̇ѡⷶ҇на|іоана
вь|вь
ст͠ѣи̇|ст҃ѣі
црк͠вѣ|црк҃вѣ
мⷭ҇ца|мсца
ферꙿварѣ|ферварѣ
.к͠д.|к҃д
вь|вь
лѣто|лѣто
седьмосьтꙿноє̇|седьмосьтное
и̇|і
.ꙅ͠.|з҃
десѫтꙿноє̇|десѫтное
и̇|і
.г͠.|г҃
е̇|е
и̇ньдикто|іньдікто
.ꙅ͠.|з҃
ѡ̇|о
хⷭ҇ѣ|хсѣ
і̇сⷭ҇ѣ|іссѣ
г͠и|г҃і
нш͠емь|нш҃емь
є̇моуже|емоуже
є̇сть|есть
слава|слава
ѡ̇ц͠оу|оц҃оу
и̇|і
сн͠оу|сн҃оу
и̇|і
ст͠омꙋ|ст҃омоу
и̇|і
нн͠ѣ|нн҃ѣ
и̇|і
присно|прісно
и̇|і
вь|вь
вѣкы̇|вѣкъі
вѣкоⷨ҇|вѣком
С|с
Л|л
(Ꙍ)|о
В|в
Ꙍ|о
СТ҇АГꙌ|стаго
И|і
Ꙍ҇|о
А|а
Н|н
А|а
Ꙁ|з
Л|л
А|а
Т|т
Ꙍ|о
Ꙋ|оу
С|с
Т|т
А|а
Г|г
Ꙍ|о
на|на
рожⷣъство|рождъство
ст͠аа̇го|ст҃ааго
і̇ѡⷶ҇на|іоана
крьстителѣ|крьстітелѣ
бл͠гослви|бл҃гослві
ѡ̇ч͠е|оч҃е
Ѻ|о
ѥ̇лисавеѳи|елісавеѳі
же|же
рече|рече
ѥ̇уⷢ҇листь|еуглість
и̇сплъни|ісплъні
сѧ|сѧ
врѣмѧ|врѣмѧ
родити|родіті
достои̇ть|достоіть
смотрити|смотріті
и̇|і
въ|въ
ветьцѣмь|ветьцѣмь
семь|семь
и̇|і
новѣмь|новѣмь
ꙁавѣтѣ|завѣтѣ
аще|аще
ѥⷭ҇|ес
гⷣе|где
ѡ̇брѣсти|обрѣсті
рⷱ҇енꙿно|рченно
ꙩ̇|о
грѣшꙿны̇цѣ|грѣшнъіцѣ
рожⷣенѣ|рожденѣ
ꙗ̇ко|ꙗко
и̇спльни|іспльні
сѧ|сѧ
врѣмѧ|врѣмѧ
непꙿщꙋѫ|непщоуѫ
же|же
ꙗ̇ко|ꙗко
никтоже|ніктоже
ѡ̇брѧщеть|обрѧщеть
нь|нь
а̇ще|аще
тькмо|тькмо
и̇деже|ідеже
се|се
нарицае̇ть|наріцаеть
ꙗ̇ко|ꙗко
праведень|праведень
е̇сть|есть
рожⷣень|рождень
чесо|чесо
ради|раді
по|по
ѡ̇брѣꙁании̇|обрѣзаніі
и̇ме|іме
котѡромоуждо|которомоуждо
ѡ̇трочѧти|отрочѧті
нарицати|наріцаті
ꙁаконь|законь
повелѣ|повелѣ
понеже|понеже
се|се
добро|добро
бѣ|бѣ
прьвѣе̇|прьвѣе
повелⷺнꙿны̇|повелѣннъі
б͠мь|б҃мь
приѩ̇ти|пріѧті
печатъ|печатъ
сирѣчь|сірѣчь
ѡ̇брѣꙁание̇|обрѣзаніе
и̇|і
людехь|людехь
се|се
б͠жихь|б҃жіхь
причестити|прічестіті
и̇|і
тогда|тогда
члв͠чьское|члв҃чьское
приѥ̇ть|пріеть
и̇ме|іме
не|не
просто|просто
же|же
єлисавѳи̇|елісавѳі
и̇ме|іме
и̇ѡⷶ҇номь|іоаномь
нарещи|нарещі
продрома|продрома
нь|нь
ꙗ̇ко|ꙗко
прⷪ҇рчица|прорчіца
сѧщи|сѧщі
д͠хомь|д҃хомь
б͠жии̇мь|б҃жіімь
движима|двіжіма
не|не
вѣдѣше|вѣдѣше
бо|бо
ꙗ̇влены̇хь|ꙗвленъіхь
ꙁахарии̇|захаріі
како|како
бо|бо
ѥ̇и̇|еі
би|бі
въꙁвѣстиль|възвѣстіль
не|не
г͠лѧ|г҃лѧ
и̇спроси|іспросі
же|же
дъскꙋ|дъскоу
ꙁахариꙗ̇|захаріꙗ
и̇|і
написа|напіса
и̇мѧ|імѧ
понеже|понеже
не|не
можаше|можаше
скаꙁати|сказаті
и̇мѧ|імѧ
е̇го|его
тѡго|того
ради|раді
дивише|дівіше
сѧ|сѧ
вьси|вьсі
понеже|понеже
и̇ного|іного
г͠ласовасте|г҃ласовасте
ѡ̇|о
и̇мени|імені
ꙁахариꙗ̇|захаріꙗ
же|же
и̇|і
е̇лисавьѳи|елісавьѳі
и̇ѡ̇а̇номь|іоаномь
нарекьша|нарекьша
а̇|а
и̇|і
то|то
тоужⷣе|тоужде
сѫще|сѫще
вь|вь
родѣ|родѣ
и̇хь|іхь
скаꙁае̇ть|сказаеть
же|же
се|се
і̇ѡⷶ҇нꙿ|іоан
б͠жиꙗ̇|б҃жіꙗ
бл͠годѣть|бл҃годѣть
тѣмьже|тѣмьже
и̇|і
потомь|потомь
є̇гⷣа|егда
написа|напіса
и̇мѧ|імѧ
а̇би(є̇)|абіе
бж͠иѫ̇|бж҃іѫ
бл͠годѣтню|бл҃годѣтню
ѿврьꙁошѧ|отврьзошѧ
сѧ|сѧ
е̇мꙋ|емоу
оу̇ста|оуста
и̇|і
рⷱ҇е|рче
бл͠гословествоу|бл҃гословествоу
б͠а|б҃а
и̇|і
прⷪ҇рцаѥ|прорцае
написаниꙗ̇|напісаніꙗ
прьвѣє̇|прьвѣе
же|же
ѡ̇|о
хⷭ҇ѣ|хсѣ
ꙗ̇ко|ꙗко
оу̇же|оуже
пришедъшоу|прішедъшоу
на|на
житиє̇|жітіе
се|се
послѣдь|послѣдь
же|же
ѡ̇|о
и̇ѡⷶ҇нѣ|іоанѣ
чесо|чесо
ради|раді
же|же
бⷭ҇ы|бсъі
страхь|страхь
на|на
всѣхь|всѣхь
ѡ̇крⷭ҇ть|окрсть
живѫщихь|жівѫщіхь
да|да
ꙗ̇коже|ꙗкоже
ѡ̇|о
млъчѣнии̇|млъчѣніі
ꙁахаринѣ|захарінѣ
дивишѧ|дівішѧ
сѧ|сѧ
людиє̇|людіе
тако|тако
и̇|і
ѡ̇|о
прог͠лани|прог҃лані
ѥ̇го|его
да|да
ѿ|от
двою̇|двою
сею̇|сею
чоудесоу|чоудесоу
вєлие̇|веліе
что|что
непꙿщоуѥ̇ть|непщоуеть
вьси|вьсі
ꙩ̇|о
рожⷣьшимь|рождьшімь
се|се
ѡ̇трочѧти|отрочѧті
си|сі
же|же
всѣ|всѣ
и̇ꙁⷣалече|іздалече
се|се
приготовахѫ|пріготовахѫ
да|да
би|бі
вѣрень|вѣрень
бы̇ль|бъіль
и̇же|іже
хотѣше|хотѣше
хⷭ҇оу|хсоу
свѣдѣтель|свѣдѣтель
бы̇ти|бъіті
бл͠гословествѫ|бл҃гословествѫ
б͠а|б҃а
ꙁахариꙗ̇|захаріꙗ
поѣщень|поѣщень
е̇сть|есть
г͠лєть|г҃леть
бы̇вьше|бъівьше
ѿ|от
него|него
кь|кь
людемъ|людемъ
г͠лѧ|г҃лѧ
тако|тако
бл͠гословень|бл҃гословень
г͠ь|г҃ь
б͠ь|б҃ь
иꙁⷭ҇левь|ізслевь
ꙗ̇ко|ꙗко
посѣти|посѣті
и̇|і
створи|створі
и̇ꙁⷠ҇авленыѥ|ізбавленъіе
лю[диѥ̇]мь|людіемь
свои̇мь|своімь
и̇же|іже
соуть|соуть
вѣровавьшеи̇|вѣровавьшеі
въ|въ
хⷭ҇а|хса
ти|ті
бо|бо
посѣщению̇|посѣщенію
дⷭ҇ои̇ни|дсоіні
бышѧ|бъішѧ
ѥ̇дино|едіно
дѣло|дѣло
вь|вь
себѣ|себѣ
посѣщениѥ̇|посѣщеніе
б͠жиѥ̇|б҃жіе
ꙗ̇вльше|ꙗвльше
како|како
же|же
вьꙁⷣвиже|вьздвіже
рогь|рогь
сп͠сениꙗ̇|сп҃сеніꙗ
нашего|нашего
вь|вь
домоу|домоу
дв͠двѣ|дв҃двѣ
ѻ̇трока|отрока
своє̇го|своего
рогь|рогь
ли|лі
вь|вь
црⷭ҇тва|црства
мѣсто|мѣсто
и̇ли|ілі
вь|вь
силы̇|сілъі
мѣсто|мѣсто
прие̇млеть|пріемлеть
сѧ|сѧ
вь|вь
ст͠ыи̇хь|ст҃ъііхь
книгахь|кнігахь
ѡ̇бое̇|обое
же|же
се|се
ѥ̇сть|есть
хⷭ҇ь|хсь
и̇шеды̇и̇|ішедъіі
ѿ|от
ꙩ̇чьства|очьства
дв͠дова|дв҃дова
тьи̇|тьі
е̇сть|есть
ц͠рь|ц҃рь
црⷭ҇твоуѫ̇щимь|црствоуѫщімь
и̇|і
непобѣдимаꙗ̇|непобѣдімаꙗ
сила|сіла
ѡ̇чⷮꙿа|очта
ꙗ̇ко|ꙗко
же|же
ѥ̇сть|есть
всѧ|всѧ
врагы|врагъі
н͠шѧ|н҃шѧ
побѣдила|побѣділа
по|по
прⷪ҇рⷷчению̇|прореченію
с͠тыхь|с҃тъіхь
е̇го|его
пророкь|пророкь
вьси|вьсі
бо|бо
прⷪ҇рци|прорці
соуть|соуть
прⷪ҇рекꙿли|прореклі
х͠вꙋ|х҃воу
таи̇нѫ|таінѫ
и̇|і
и̇ꙁбавльше|ізбавльше
ны̇|нъі
ѿ|от
врагь|врагь
нашихь|нашіхь
и̇|і
ѿрокь|отрокь
вьсѣхь|вьсѣхь
нєнавидѧщихь|ненавідѧщіхь
наⷭ҇|нас
врагь|врагь
же|же
ненавиⷣмыхь|ненавідмъіхь
а̇|а
ѥ̇же|еже
ѥсть|есть
створити|створіті
м͠лостъ|м҃лостъ
сь|сь
ѡ̇ц͠и|оц҃і
нашими|нашімі
тако|тако
дости̇ть|достіть
раꙁꙋмѣвати|разоумѣваті
ꙗ̇ко|ꙗко
быⷡ҇шаꙗ̇|бъівшаꙗ
на|на
нась|нась
милость|мілость
на|на
ѡ̇ц͠е|оц҃е
н͠шѧ|н҃шѧ
прѣходить|прѣходіть
и̇же|іже
сꙋть|соуть
ѡ|о
а̇враа̇мѣ|авраамѣ
чююще|чоующе
бо|бо
бл͠годѣть|бл҃годѣть
сѫщѫѭ̇|сѫщѫѭ
на|на
наⷭ҇|нас
и|і
причещают|прічещают
сѧ|сѧ
веселии̇|веселіі
съи̇|съі
же|же
гл͠еть|гл҃еть
поменѫ|поменѫ
ꙁавѣть|завѣть
ст͠ыи̇|ст҃ъіі
є̇го|его
ꙩ̇|о
нимьже|німьже
кь|кь
а̇враⷶмоу|авраамоу
гл͠а|гл҃а
ꙗ̇ко|ꙗко
бл͠гословѧт|бл҃гословѧт
сѧ|сѧ
ѡ̇|о
тебѣ|тебѣ
вси|всі
ѫ̇ꙁы̇ци|ѫзъіці
и̇|і
вьсѣ|вьсѣ
колѣна|колѣна
ꙁемнаꙗ̇|земнаꙗ
клѧтвѫ|клѧтвѫ
же|же
є̇ѫ̇же|еѫже
клѧть|клѧть
сѧ|сѧ
кь|кь
а̇враа̇моу|авраамоу
ѻ̇ц͠оу|оц҃оу
нашемоу|нашемоу
се|се
гл͠еть|гл҃еть
ꙗ̇ко|ꙗко
рⷱ҇е|рче
(е̇)моу|емоу
б͠ь|б҃ь
блⷭ҇вѧ|блсвѧ
блⷭ҇вѧ|блсвѧ
тѧ|тѧ
оу̇множѫ|оумножѫ
ꙋмножѫ|оумножѫ
тѧ|тѧ
оумножи|оумножі
бо|бо
сѧ|сѧ
сѣмѧ|сѣмѧ
а̇враа̇мꙿле|авраамле
вьсѣмь|вьсѣмь
ѫ̇ꙁы̇комь|ѫзъікомь
вьмѣньшемь|вьмѣньшемь
сѧ|сѧ
ѥ̇моу|емоу
понеже|понеже
множицеѫ̇|множіцеѫ
и̇ꙁбываѫ̇ть|ізбъіваѫть
ѥ̇тери|етері
и̇ꙁ|із
рѫкы̇|рѫкъі
врагь|врагь
сь|сь
страхомь|страхомь
же|же
сего|сего
ради|раді
рече|рече
дати|даті
намь|намь
беꙁь|безь
страха|страха
и̇ꙁꙿ|із
рѫкы|рѫкъі
врагь|врагь
нашии̇хь|нашііхь
и̇ꙁбавльшим|ізбавльшім
сѧ|сѧ
хⷭ҇во|хсво
бо|бо
пришествие̇|прішествіе
створи|створі
ны̇|нъі
беꙁь|безь
страха|страха
и̇ꙁ|із
рѫкы̇|рѫкъі
врагь|врагь
нашихь|нашіхь
и̇ꙁбабиты|ізбабітъі
сѧ|сѧ
не|не
чюхомь|чоухомь
бо|бо
сьвѣть|сьвѣть
врагь|врагь
нашиⷯ҇|нашіх
нь|нь
вьнеꙁаа̇пѫ|вьнезаапѫ
ни|ні
вьсхы̇ти|вьсхъіті
прѣставль|прѣставль
ѿ|от
ꙩ̇нѣхь|онѣхь
на|на
жрѣбь|жрѣбь
и̇|і
на|на
чѧсть|чѧсть
свою̇|свою
тѣмже|тѣмже
и̇|і
намь|намь
достои̇ть|достоіть
слоужити|слоужіті
е̇моу|емоу
прѣподобые̇мь|прѣподобъіемь
и̇|і
правьдѻѫ̇|правьдоѫ
прѣдь|прѣдь
нимь|німь
вь|вь
всѧ|всѧ
д͠ни|д҃ні
живота|жівота
наш(є)го|нашего
є̇же|еже
бываеть|бъіваеть
и̇спльнены̇ѥмъ|іспльненъіемъ
вꙿсѣми|всѣмі
ст͠ыми|ст҃ъімі
є̇го|его
ꙁаповѣдьми|заповѣдьмі
не|не
тькмⷪ|тькмо
вь|вь
мало|мало
вꙿрѣмѧ|врѣмѧ
нь|нь
вь|вь
всѫ|всѫ
дн͠и|дн҃і
живота|жівота
нашего|нашего
чтоже|чтоже
рече|рече
ꙗ̇ко|ꙗко
кь|кь
слышѫщоу|слъішѫщоу
и̇|і
ты̇|тъі
ѡ̇трокь|отрокь
прⷪ҇ркь|проркь
вышꙿнаго|въішнаго
наречеши|наречеші
сѧ|сѧ
и̇ꙁлиха|ізліха
бо|бо
себѣ|себѣ
гл͠ати|гл҃аті
кь|кь
нераꙁꙋмѣѫ̇щоу|неразоумѣѫщоу
ѡ̇трочѫтоу|отрочѫтоу
дⷭ҇оꙗ̇ше|дсоꙗше
бо|бо
непꙿщевати|непщеваті
ꙗ̇ко|ꙗко
є̇да|еда
оу̇бо|оубо
ꙗ̇кожє|ꙗкоже
и̇|і
дивно|дівно
и̇мѣ|імѣ
раꙁꙿньство|разньство
и̇ѡⷶ҇нь|іоань
а̇рꙿхаа̇гг͠лелꙋ|архаагг҃лелоу
се|се
проповѣдавꙿшꙋ|проповѣдавшоу
а̇|а
и̇|і
самомоу|самомоу
вьꙁы̇гравшоу|вьзъігравшоу
сѧ|сѧ
вь|вь
чрѣвѣ|чрѣвѣ
є̇гⷣа|егда
приде|пріде
прѣчⷭ҇таꙗ̇|прѣчстаꙗ
д͠ва|д҃ва
кь|кь
е̇лисавеѳи|елісавеѳі
такожⷣе|такожде
же|же
рожⷣьшоу|рождьшоу
се|се
дивно|дівно
ꙗ̇влениє̇|ꙗвленіе
и̇мѣ|імѣ
скорѣе̇|скорѣе
же|же
ѥ̇моу|емоу
ѡ̇ц͠ь|оц҃ь
прорече|прорече
г͠лѧ|г҃лѧ
прⷣѣ|прдѣ
и̇деши|ідеші
рⷱ҇е|рче
прⷣѣ|прдѣ
лицемь|ліцемь
гн͠имь|гн҃імь
оу̇готѡвати|оуготоваті
пꙋти|поуті
е̇го|его
понеже|понеже
вѣдѣше|вѣдѣше
ꙗ̇ко|ꙗко
прⷪ҇ркь|проркь
сы̇и̇|съіі
ꙗ̇ко|ꙗко
по|по
малѣ|малѣ
врѣмени|врѣмені
не|не
и̇мать|імать
є̇го|его
и̇мѣти|імѣті
оу̇|оу
себе|себе
питає̇ма|пітаема
Реⷱ҇|реч
бо|бо
ѥ̇уⷢ҇листь|еуглість
ꙗ̇ко|ꙗко
бѣ|бѣ
ѡ̇троче|отроче
вь|вь
поусты̇нѣхь|поустъінѣхь
до|до
д͠не|д҃не
ꙗ̇влениꙗ̇|ꙗвленіꙗ
своє̇го|своего
кь|кь
и̇ꙁⷭ҇лꙕ|ізслю
раꙁꙋмь|разоумь
же|же
реⷱ҇|реч
спⷭ҇ениꙗ̇|спсеніꙗ
є̇го|его
дати|даті
чл͠вкомь|чл҃вкомь
х͠въ|х҃въ
и̇же|іже
раꙁꙋмь|разоумь
сп͠сениє̇|сп҃сеніе
и̇мь|імь
бѫдеть|бѫдеть
хѻтѧщимь|хотѧщімь
раꙁоумⷺти|разоумѣті
сп͠сениѥ̇|сп҃сеніе
є̇го|его
и̇ю̇деѡмь|іюдеомь
же|же
и̇|і
є̇линомь|еліномь
г͠леть|г҃леть
же|же
и̇|і
како|како
бѫдеть|бѫдеть
д͠хь|д҃хь
раꙁꙋмь|разоумь
сп͠сениє̇|сп҃сеніе
ꙗ̇коже|ꙗкоже
рече|рече
вь|вь
ѿпꙋщение̇|отпоущеніе
грѣховъ|грѣховъ
бꙋдеть|боудеть
тако|тако
пом͠ловавꙿшоу|пом҃ловавшоу
б͠оу|б҃оу
соущеѥ̇|соущее
на|на
ꙁеми|земі
и̇бо|ібо
вь|вь
и̇стинѫ|істінѫ
млⷭ҇рдиѥ̇мь|млсрдіемь
м͠лости|м҃лості
б͠а|б҃а
нашего|нашего
пом͠ловани|пом҃ловані
бы̇хомь|бъіхомь
не|не
ꙁа|за
дѣла|дѣла
бо|бо
ꙗ̇же|ꙗже
створихѻмь|створіхомь
мы̇|мъі
нь|нь
ѻ̇ч͠имь|оч҃імь
млⷭ҇рдиє̇мь|млсрдіемь
посѣтиль|посѣтіль
ни|ні
є̇сть|есть
сь|сь
выше|въіше
наⷭ҇|нас
и̇|і
сь|сь
н͠бси|н҃бсі
въсиꙗ̇|въсіꙗ
намь|намь
слн͠це|слн҃це
правеⷣное̇|праведное
и̇ночеды̇|іночедъі
с͠нь|с҃нь
б͠жии̇|б҃жіі
б͠ь|б҃ь
ншь|ншь
и̇|і
тьмꙋ|тьмоу
мѣнить|мѣніть
не|не
раꙁоумъ|разоумъ
а̇|а
сѣнь|сѣнь
сꙿмꙿртьнꙋю̇|смртьноую
грѣхъ|грѣхъ
понеже|понеже
нⷭ҇ѣ|нсѣ
виⷣма|відма
смр͠ть|смр҃ть
нь|нь
вѣчьна|вѣчьна
ꙩ̇браꙁь|образь
же|же
и̇мать|імать
смр͠тьны̇и̇|смр҃тьнъіі
ꙗ̇коже|ꙗкоже
бо|бо
видимаꙗ̇|відімаꙗ
съмрꙿть|съмрть
ѿлꙋчениѥ̇|отлоученіе
и̇мать|імать
дш͠и|дш҃і
тако|тако
и̇|і
грѣхь|грѣхь
ѿлоучениѥ̇|отлоученіе
ст͠го|ст҃го
д͠ха|д҃ха
а̇|а
е̇сть|есть
на|на
пꙋть|поуть
мирень|мірень
скаꙁа(ѥ̇)|сказае
ть|ть
да|да
реⷱ҇(ть)|речть
житиꙗ̇|жітіꙗ
нашего|нашего
стопы̇|стопъі
и̇справить|ісправіть
и̇|і
наставить|наставіть
на|на
ꙋчение̇|оученіе
и̇|і
проповѣдь|проповѣдь
своѫ̇|своѫ
хⷭ҇ь|хсь
се|се
бо|бо
ѥ̇сть|есть
пꙋть|поуть
мирꙿныи̇|мірнъіі
понеже|понеже
пⷪ|по
вьꙁрастоу|вьзрастоу
телесномꙋ|телесномоу
д͠ховꙿныѥ̇|д҃ховнъіе
бл͠годѣти|бл҃годѣті
дⷭ҇ои̇нь|дсоінь
бы̇ваше|бъіваше
продромь|продромь
сего|сего
ради|раді
реⷱ҇|реч
є̇уⷢ҇листь|еуглість
ѡ̇троче|отроче
же|же
растѣше|растѣше
и̇|і
крѣплѣше|крѣплѣше
се|се
д͠хомь|д҃хомь
сⷷго|сего
ради|раді
же|же
вь|вь
пꙋстинꙗхь|поустінꙗхь
бѣ|бѣ
до|до
ꙗ̇влениꙗ̇|ꙗвленіꙗ
свое̇г҇о҇|своего
кь|кь
и̇ꙁⷭ҇лю|ізслю
да|да
скаꙁаеⷮ|сказает
прѣвѣчꙿнаа̇го|прѣвѣчнааго
б͠а|б҃а
кромѣ|кромѣ
ꙁлобы̇|злобъі
чл͠вчьскы̇ѥ̇|чл҃вчьскъіе
да|да
боудⷮеꙸ|боудтеъ
и̇|і
ꙁлобоу|злобоу
ѡ̇бличаѥ̇|облічае
сь|сь
дрьꙁновениє̇мь|дрьзновеніемь
и̇ꙁвѣстⷷнь|ізвѣстень
свⷣѣтель|свдѣтель
ꙗ̇витꙿь|ꙗвіть
се|се
и̇|і
свⷣѣтельствоує̇ть|свдѣтельствоуеть
ꙩ̇|о
хⷭ҇ѣ|хсѣ
б͠ꙃѣ|б҃зѣ
нашемꙿ|нашем
є̇моуже|емоуже
слаⷡ҇|слав
сꙿ|с
ѡ̇ц͠емь|оц҃емь
и̇|і
сь|сь
ст͠ымь|ст҃ъімь
д͠хомь|д҃хомь
и̇|і
н͠нѣ|н҃нѣ
и̇|і
присно|прісно
и̇|і
вь|вь
вѣкы|вѣкъі
вѣкоⷨ҇|вѣком
СЛ(О҇)ВО|слово
СТ҇ГО|стго
ЇꙌ̋АНА|іоана
ꙀЛАТꙌ̋ОӲСТААГ(О҇)|златооустааго
НА|на
СРѢтениѥ̋|срѣтеніе
г͠не|г҃не
блⷭ҇ви|блсві
ѡ̋ч͠е|оч҃е
Еуⷢ҇елистоу|еугелістоу
рекшоу|рекшоу
ѥ̋гда|егда
и̇сплъні̋ше|ісплъніше
се|се
д͠ниѥ̋|д҃ніе
ѡ̋чищениа̇|очіщеніа
ѥ̇ю̇|ею
добрѣ|добрѣ
прирⷱ҇е|прірче
по|по
ꙁаконоӳ|законоу
по|по
и̇стинѣ|істінѣ
бо|бо
не|не
трѣбоваше|трѣбоваше
с͠таа̇|с҃таа
б͠ца|б҃ца
ждати|ждаті
д͠не|д҃не
ѡ̋чищениа̇|очіщеніа
и̇же|іже
бѣхѫ|бѣхѫ
.м͠.|м҃
мѫжьскоу|мѫжьскоу
полоу|полоу
рожⷣъшоу̇|рождъшоу
сѧ|сѧ
речено|речено
бо|бо
ѥ̇сть|есть
вь|вь
ꙁаконѣ|законѣ
свѣть|свѣть
праведꙿникомь|праведнікомь
присно|прісно
и̇|і
мꙋже|моуже
нечьстивыⷯ҇|нечьстівъіх
оу̇гасае̇ть|оугасаеть
да|да
ничтоже|нічтоже
правьдиваго|правьдіваго
нѣсть|нѣсть
живѣе̇|жівѣе
ꙗ̇коже|ꙗкоже
г͠леть|г҃леть
б͠жествьное̇|б҃жествьное
слово|слово
праведꙿници|праведніці
въ|въ
вѣкы̇|вѣкъі
живѫть|жівѫть
и̇|і
ѿ|от
г͠а|г҃а
мьꙁда|мьзда
и̇мь|імь
и̇|і
надежⷣа|надежда
ѿ|от
вы̇шꙿнѣго|въішнѣго
и̇|і
нищоже|ніщоже
нⷭ҇ѣ|нсѣ
праведꙿнаа̇го|праведнааго
чл͠ка|чл҃ка
слажде|слажде
є̇да|еда
тѣмь|тѣмь
с͠ти|с҃ті
дв͠дь|дв҃дь
финицѣ|фініцѣ
прилагаѥ̇ть|прілагаеть
рекы̇|рекъі
праведникь|праведнікь
ꙗ̇ко|ꙗко
и̇|і
финикь|фінікь
процвьтеть|процвьтеть
и̇|і
ꙗ̇ко|ꙗко
кенꙿдръ|кендръ
и̇же|іже
вь|вь
ливанѣ|ліванѣ
оу̇множитить|оумножітіть
сѧ|сѧ
правьднꙵкь|правьднкь
ꙗ̇ко|ꙗко
и̇|і
финикь|фінікь
процьвтеть|процьвтеть
понеже|понеже
сладькѫѫ̇|сладькѫѫ
вѣрѫ|вѣрѫ
и̇мѣѩ̇|імѣѧ
и̇|і
ꙗ̇ко|ꙗко
кенꙿдрь|кендрь
иже|іже
вь|вь
ливанѣ|ліванѣ
оу̇множить|оумножіть
сѧ|сѧ
и̇мьже|імьже
не|не
гниє̇ть|гніеть
и̇|і
оу̇бо|оубо
оу̇вѣдѣниє̇|оувѣдѣніе
и̇мать|імать
сице|сіце
бо|бо
рече|рече
вьси|вьсі
правьдиви|правьдіві
сладъка|сладъка
вѣрѫ|вѣрѫ
и̇мѫще|імѫще
къ|къ
б͠оу|б҃оу
нетлѣѫ̇ще|нетлѣѫще
ѿ|от
авела|авела
почьньше|почьньше
и̇|і
до|до
дн͠ешнаа̇го|дн҃ешнааго
праведьника|праведьніка
ктоже|ктоже
се|се
ѥ̇сть|есть
не|не
е̇гоже|егоже
ли|лі
прьвѣє̇|прьвѣе
лоука|лоука
е̇уⷢ҇листъ|еуглістъ
поминае̇ть|помінаеть
рекꙋ|рекоу
же|же
семеѡ̇на|семеона
и̇же|іже
вѣроѫ̇|вѣроѫ
сы|съі
жидовинь|жідовінь
и̇|і
бл͠годѣꙗ̇ниꙗ̇|бл҃годѣꙗніꙗ
крⷭ҇тьꙗ̇нъска|крстьꙗнъска
творѣше|творѣше
симеѡ̇нь|сімеонь
и̇же|іже
вь|вь
толикѫ|толікѫ
правь[дѫ]|правьдѫ
[вь]нидє|вьніде
ꙗ̇ко|ꙗко
е̇динако|едінако
вь|вь
телесы|телесъі
ѿ|от
б͠а|б҃а
вѣсⷮъ|вѣстъ
приѥ̇мь|пріемь
не|не
ꙋмрѣти|оумрѣті
доньдеже|доньдеже
рꙋкама|роукама
свои̇ма|своіма
приметь|пріметь
жиꙁꙿнь|жізнь
вѣчꙿнѫѭ̇|вѣчнѫѭ
г͠а|г҃а
н͠шего|н҃шего
і̇сⷭ҇а|ісса
хⷭ҇а|хса
сь|сь
брати(ѥ)|братіе
снмеѡ̇нь|снмеонь
въсхотѣ|въсхотѣ
прѣжⷣе|прѣжде
въпльщениꙗ̇|въпльщеніꙗ
видѣти|відѣті
г͠а|г҃а
да|да
и̇|і
видѣвь|відѣвь
г͠а|г҃а
вьпльщьша|вьпльщьша
сѧ|сѧ
и̇|і
пріѥⷨ҇|пріем
ѫ̇|ѫ
рѫкама|рѫкама
своима|своіма
и̇|і
пⷪ҇проси|попросі
[сѧ]|сѧ
рекь|рекь
н͠нѣ|н҃нѣ
ѿпоусти|отпоусті
раба|раба
си|сі
влⷣко|влдко
по|по
словєси|словесі
твоє̇моу|твоемоу
мирꙿнѣ|мірнѣ
понеже|понеже
видѣсⷮѣ|відѣстѣ
ꙩ̇чи|очі
мои̇|моі
сп͠сение̇|сп҃сеніе
твоє̇|твое
ѥ̇же|еже
е̇си|есі
оу̇готоваль|оуготоваль
прѣдъ|прѣдъ
лицⷷмь|ліцемь
всѣхъ|всѣхъ
люди|люді
видѣхь|відѣхь
оу꙼же|оуже
г͠и|г҃і
раꙁⷣрѣши|раздрѣші
мѧ|мѧ
ѿ|от
привеꙁа|прівеза
сего|сего
пльскаа꙼го|пльскааго
вьскорѣє̇|вьскорѣе
видѣхь|відѣхь
оу꙼же|оуже
твоѫ̇|твоѫ
славѫ|славѫ
и̇|і
а꙼нг͠льскы̇ѫ̇|анг҃льскъіѫ
ликы̇|лікъі
и̇|і
арха꙼нг͠льскаꙗ̇|арханг҃льскаꙗ
славословиꙗ̇|славословіꙗ
и̇|і
тварь|тварь
всоу|всоу
вⷭ҇елѧщⷭ҇е|вселѧщсе
посли|послі
мѧ|мѧ
оу҆же|оуже
н͠нѣ|н҃нѣ
да|да
не|не
кьснꙋ|кьсноу
ꙁде|зде
посли|послі
мѧ|мѧ
оу҆же|оуже
да|да
ст͠ы|ст҃ъі
д͠хъ|д҃хъ
въ|въ
мнѣ|мнѣ
доꙁрѧ|дозрѧ
е̇моуже|емоуже
ѥ̇сть|есть
быти|бъіті
ѡ̇|о
тебѣ|тебѣ
и̇|і
н͠нѣ|н҃нѣ
поусти|поусті
мѧ|мѧ
даже|даже
не|не
вижⷣѫ|віждѫ
свое̇го|своего
рода|рода
тебѣ|тебѣ
бесчⷭ҇тие̇|бесчстіе
творѧща|творѧща
да|да
не|не
вижⷣѫ|віждѫ
вѣнꙿца|вѣнца
трьнова|трьнова
плетома|плетома
да|да
не|не
виждѫ|віждѫ
льстьнаа̇го|льстьнааго
течениꙗ̇|теченіꙗ
да|да
не|не
видѧ|відѧ
слн͠ца|слн҃ца
помръкⷩѫвꙿша|помръкнѫвша
нѫ|нѫ
ѿпоусти|отпоусті
раба|раба
своє̇го|своего
влⷣко|влдко
по|по
словеси|словесі
твое̇моу|твоемоу
сь|сь
миромь|міромь
понеже|понеже
видѣстѣ|відѣстѣ
ѡ̇чи|очі
мои̇|моі
спⷭ҇ениѥ̇|спсеніе
твоє̇|твое
е̇же|еже
ѥ̇си|есі
оу̇готѡваль|оуготоваль
прѣдь|прѣдь
лицемь|ліцемь
вьсѣхь|вьсѣхь
люди|люді
сице|сіце
бо|бо
г͠ла|г҃ла
є̇уⷢ҇листь|еуглість
рекы̇|рекъі
и̇|і
и̇|і
бѣ|бѣ
чл͠вкь|чл҃вкь
вь|вь
е̇рⷭ҇лимѣ|ерслімѣ
ѥ̇моуже|емоуже
и̇мѧ|імѧ
семеѡ̇нь|семеонь
чл͠кь|чл҃кь
правьдивъ|правьдівъ
и̇|і
добрѣговѣѫ̇|добрѣговѣѫ
жⷣе|жде
ꙋвѣта|оувѣта
и̇ꙁⷭ҇льска|ізсльска
и̇|і
бѣше|бѣше
е̇мꙋ|емоу
вьꙃвѣщено|вьзвѣщено
д͠хомь|д҃хомь
с͠ты̇мь|с҃тъімь
не|не
видѣти|відѣті
смр͠ти|смр҃ті
прѣжⷣе|прѣжде
доньдеже|доньдеже
вⷣить|вдіть
хⷭ҇а|хса
г͠нъ|г҃нъ
и̇|і
приде|пріде
д͠хомь|д҃хомь
вь|вь
ц͠рковь|ц҃рковь
и̇|і
ꙗ̇ко|ꙗко
в(ь)несоста|вьнесоста
родитела|родітела
дѣтища|дѣтіща
і̇сⷭ҇а|ісса
сꙿтворити|створіті
и̇ма|іма
по|по
ѡ̇бы̇чаю̇|объічаю
ꙁаконьномоу|законьномоу
ꙩ̇|о
немь|немь
и̇|і
приѫ̇ть|пріѫть
въ|въ
рѫцѣ|рѫцѣ
свои̇|своі
и̇|і
блⷭ҇ви|блсві
б͠а|б҃а
и̇|і
рⷱ҇е|рче
н͠нѣ|н҃нѣ
ѿпоущаѥ̇ши|отпоущаеші
раба|раба
твоє̇го|твоего
влⷣко|влдко
по|по
словеси|словесі
твое̇моу|твоемоу
вь|вь
мирь|мірь
понеже|понеже
видѣстѣ|відѣстѣ
ѡ̇чи|очі
мои̇|моі
сп͠сениѥ̇|сп҃сеніе
твоє̇|твое
е̇же|еже
е̇си|есі
оу̇готоваль|оуготоваль
прѣдь|прѣдь
лицемь|ліцемь
твои̇мь|твоімь
вьсѣмь|вьсѣмь
людемъ|людемъ
свѣть|свѣть
на|на
ꙗ̇влениє̇|ꙗвленіе
ѧ̇ꙁы̇комь|ѧзъікомь
и̇|і
вь|вь
славѧ|славѧ
люⷣди|людді
твои̇хь|твоіхь
и̇ꙁⷭ҇лѣ|ізслѣ
и̇|і
бѣста|бѣста
ꙩ̇ц͠ъ|оц҃ъ
є̇го|его
и̇|і
мати|маті
чюдеща|чоудеща
сѧ|сѧ
ѡ̇|о
вьсѣхь|вьсѣхь
г͠лемы̇хь|г҃лемъіхь
ѡ̇|о
немъ|немъ
и̇|і
бл͠гословиⷯ|бл҃гословіх
семеѡ̇нь|семеонь
и̇|і
рⷱ҇е|рче
мариꙵ|марі
матери|матері
є̇го|его
се|се
же|же
лежить|лежіть
на|на
падениѥ̇|паденіе
и̇|і
на|на
вьстание̇|вьстаніе
многы̇мь|многъімь
вь|вь
и̇ꙁⷭ҇ли|ізслі
и̇|і
въ|въ
ꙁнамение̇|знаменіе
ѡ̇трочно|отрочно
и̇|і
тебѣ|тебѣ
жⷷ҇|же
самои̇|самоі
д͠шѫ|д҃шѫ
прои̇де|проіде
ѡ̇рѫжиѥ̇|орѫжіе
ꙗ̇кⷪже|ꙗкоже
оу̇бо|оубо
ѿкрыѫ̇тъ|откръіѫтъ
сѧ|сѧ
ѿ|от
многыхъ|многъіхъ
срⷣць|срдць
помы̇сли|помъіслі
и̇|і
прⷪ҇ркъ|проркъ
и̇саи̇ꙗ̇|ісаіꙗ
нарече|нарече
красны|краснъі
ногы|ногъі
сѧщѧ|сѧщѧ
бл͠говѣстѧщихъ|бл҃говѣстѧщіхъ
бл͠годѣть|бл҃годѣть
чтоже|чтоже
семꙋ|семоу
тьчно|тьчно
или|ілі
слажде|слажде
є̇же|еже
оу꙼вѣⷣти|оувѣдті
ꙗко|ꙗко
спⷭ҇е|спсе
б͠гь|б҃гь
весъ|весъ
миръ|міръ
и̇|і
с͠ноу|с҃ноу
ходатаю̇|ходатаю
сѧ|сѧ
сътворьшоу|сътворьшоу
пишеть|пішеть
бо|бо
а꙼пⷭ҇лъ|апслъ
рекы̇|рекъі
є̇ди̇нь|едінь
б͠ъ|б҃ъ
и̇|і
е̇динь|едінь
ходатаи̇|ходатаі
б͠жии̇|б҃жіі
чл͠кь|чл҃кь
и̇|і
чл͠кь|чл҃кь
і̇сⷭ҇ь|іссь
хⷭ҇ъ|хсъ
и̇же|іже
дасть|дасть
себе|себе
ꙁа|за
и̇ꙁбавлениє̇|ізбавленіе
ꙁа|за
наⷭ҇|нас
пріде|пріде
бо|бо
вь|вь
нашѫ|нашѫ
нищетѫ|ніщетѫ
да|да
ны̇|нъі
сьтворить|сьтворіть
б͠гаты̇|б҃гатъі
виждъ|віждъ
бо|бо
како|како
ти|ті
ꙗ̇ко|ꙗко
ѥ̇динь|едінь
ѿ|от
чл͠къ|чл҃къ
приносить|пріносіть
сѧ|сѧ
къ|къ
ѻ̇ц͠оу|оц҃оу
и̇|і
къ|къ
ꙁаконъномⷹ|законъномоу
стѣнию|стѣнію
и̇|і
трѣбѫ|трѣбѫ
полагаѫ̇щи|полагаѫщі
по|по
ꙩ̇бы̇чаю̇|объічаю
ветьхомоу|ветьхомоу
аще|аще
и̇|і
пльтнѧѩ̇|пльтнѧѧ
материѥ|матеріе
творѣше|творѣше
вьсе|вьсе
то|то
и̇|і
не|не
могоше|могоше
того|того
раꙁоумѣти|разоумѣті
живѧщеи̇|жівѧщеі
вь|вь
ѥ̇рⷭ҇лимѣ|ерслімѣ
бѣ|бѣ
же|же
и̇|і
прѣжⷣе|прѣжде
гл͠аль|гл҃аль
ѻ̈ц͠емь|оц҃емь
б͠ь|б҃ь
прⷪ҇ркы̇|проркъі
ꙗ̈коже|ꙗкоже
бы̇ти|бъіті
ѥⷭ҇|ес
ꙗ̈вленоу|ꙗвленоу
сн͠оу|сн҃оу
вь|вь
годь|годь
свои̇|своі
да|да
спⷭ҇еть|спсеть
погы̇бшѧѩ́|погъібшѧѧ
ӥ|і
ꙩ̈свѣтить|освѣтіть
темꙿні̇ѫ̈|темніѫ
рⷱ҇е|рче
бо|бо
е̇динѣмь|едінѣмь
пр͠ркомь|пр҃ркомь
приближає̇ть|прібліжаеть
се|се
скоро|скоро
тоже|тоже
спⷭ҇ь|спсь
мⷪ҇и̇|моі
ꙗ̇ко|ꙗко
свѣща|свѣща
горить|горіть
и̇|і
помл͠ова|помл҃ова
ни|ні
и̇|і
оу̇правы|оуправъі
и̇|і
ѿ|от
сквръны|скврънъі
ѡ̇чисти|очісті
вѣроѫ̇|вѣроѫ
ю̇же|юже
и̇мамы̇|імамъі
кь|кь
немꙋ|немоу
тоже|тоже
сп͠сь|сп҃сь
мⷪи̇|моі
ꙗ̇ко|ꙗко
свѣща|свѣща
горѣти|горѣті
и̇мать|імать
ѥ̇же|еже
ѥⷭ҇|ес
х͠ь|х҃ь
сего|сего
ради̇|раді
ближни̇|бліжні
стрⷭ҇тци|стрстці
приє̇мници|пріемніці
быти|бъіті
такоѥ̇|такое
бл͠годѣти|бл҃годѣті
и̇|і
мⷪ҇лахꙋ|молахоу
рекѫще|рекѫще
покажи|покажі
намь|намь
г͠и|г҃і
млⷭ҇тъ|млстъ
твоѫ̇|твоѫ
и̇|і
сп͠сениє̇|сп҃сеніе
твоє̇|твое
дажⷣь|даждь
намь|намь
вънесень|вънесень
же|же
бⷭ҇ы|бсъі
вь|вь
црк͠въ|црк҃въ
хⷭ҇ь|хсь
гⷭ҇ь|гсь
младъ|младъ
сы̇|съі
ѥ̇динако|едінако
.м͠.|м҃
бо|бо
д͠ни|д҃ні
и̇мѣше|імѣше
а꙼|а
старець|старець
семеѡ̇нь|семеонь
прⷪ҇рчьскоѫ́|прорчьскоѫ
бл͠годѣтию̇|бл҃годѣтію
сь|сь
почьтень|почьтень
и̇|і
приѩ̇ть|пріѧть
рѫкама|рѫкама
и̇спльни|іспльні
се|се
вы̇шнеѥ̇|въішнее
сладости|сладості
и̇|і
благослови|благослові
б͠а|б҃а
рекы̇|рекъі
н͠нѣ|н҃нѣ
ѿпꙋсти|отпоусті
раба|раба
ти|ті
влⷣко|влдко
по|по
словеси|словесі
твоє̇моу|твоемоу
сь|сь
миромь|міромь
понеже|понеже
видѣстѣ|відѣстѣ
ѡ̇чи|очі
ми|мі
сп͠сение̇|сп҃сеніе
ти|ті
ѥ̇же|еже
ꙋготова|оуготова
прѣдъ|прѣдъ
лицемꙿ|ліцем
вьсѣхь|вьсѣхь
люди|люді
и̇|і
свѣть|свѣть
вь|вь
ѿкрьвение̇|открьвеніе
ѧ̇ꙁы̇комь|ѧзъікомь
и̇|і
славѫ|славѫ
люⷣди|людді
твои̇хь|твоіхь
и̇ꙁⷭ҇лѣ|ізслѣ
прѣжⷣе|прѣжде
бо|бо
бѣ|бѣ
оу꙼готѡвана|оуготована
х͠ва|х҃ва
таи̇на|таіна
прѣжⷣе|прѣжде
вьсⷷ҇ѫ̇|вьсеѫ
твари|тварі
ꙗ̇ви|ꙗві
же|же
сѧ|сѧ
вь|вь
послѣдъноу|послѣдъноу
годы̇ноу|годъіноу
бⷭ҇ы|бсъі
же|же
свѣть|свѣть
и̇же|іже
сѣдѣхꙋ|сѣдѣхоу
вь|вь
тьмѣ|тьмѣ
и̇|і
прѣлъсти|прѣлъсті
и̇|і
повинни|повінні
подь|подь
властию|властію
неприꙗ̇ꙁꙿниною|непріꙗзніною
ѫ̇|ѫ
си|сі
бо|бо
бѣхꙋ|бѣхоу
и̇же|іже
твари|тварі
а꙼|а
не|не
творьцоу|творьцоу
слоужѫще|слоужѫще
и̇|і
клѣнѣю̇ще|клѣнѣюще
се|се
ꙁмию̇|змію
и̇спръва|іспръва
ꙁлодѣю̇|злодѣю
сѫщоу|сѫщоу
нь|нь
приꙁвани|прізвані
бы̇шѧ|бъішѧ
б͠мъ|б҃мъ
и̇|і
ѡ̇ц͠емь|оц҃емь
на|на
оу̇вѣдѣниѥ̇|оувѣдѣніе
с͠на|с҃на
є̇же|еже
є̇сть|есть
свѣть|свѣть
и̇стинꙿны̇|істіннъі
рⷱ҇е|рче
бо|бо
ѡ̇|о
нихь|ніхь
и̇саи̇ꙗ̇|ісаіꙗ
прⷪ҇ркъ|проркъ
наꙁнамена|назнамена
да|да
примꙋ|прімоу
ѥ|е
ꙁане|зане
и̇ꙁбавлꙋ|ізбавлоу
ѥ̇|е
и̇|і
множѧть|множѧть
сѧ|сѧ
ꙗ̇коже|ꙗкоже
бѣхⱑ|бѣхѧ
мноꙃи|мнозі
и̇|і
въсѣю̇|въсѣю
ѥ̇|е
вь|вь
людехь|людехь
да|да
и̇ꙁдалече|іздалече
въспоменꙋть|въспоменоуть
ме|ме
множаи̇ше|множаіше
бо|бо
бѣхꙋ|бѣхоу
вь|вь
прѣльсти|прѣльсті
и̇|і
приꙁвани|прізвані
же|же
д͠хомь|д҃хомь
і̇|і
мноꙁи|мнозі
пакы̇|пакъі
бѣшѧ|бѣшѧ
ꙗ̇коже|ꙗкоже
и̇|і
прьвѣє̇|прьвѣе
и̇|і
приѫ̇ти|пріѫті
бы̇шѧ|бъішѧ
и̇|і
и̇ꙁбавлени|ізбавлені
и̇|і
свѣть|свѣть
приѥ̇мъше|пріемъше
мирьны̇|мірьнъі
ѿ|от
б͠а|б҃а
и̇|і
ѡ̇ц͠а|оц҃а
и̇|і
кь|кь
хⷭ҇оу|хсоу
вѣровавше|вѣровавше
и̇|і
расѣашѫ|расѣашѫ
сѧ|сѧ
вь|вь
люⷣехь|людехь
ти|ті
и̇|і
оу꙼ченици|оученіці
и̇|і
а̇пⷭ҇лы|апслъі
да|да
тѣмь|тѣмь
далече|далече
б͠а|б҃а
сѫща|сѫща
ѿ|от
срⷣцъ|срдцъ
и̇хь|іхь
и̇|і
блиꙁь|блізь
є̇го|его
бы̇шѧ|бъішѧ
кь|кь
тѣмꙿже|тѣмже
и̇|і
великь|велікь
павель|павель
слеть|слеть
рекы̇|рекъі
н͠нѣ|н҃нѣ
же|же
и̇|і
вы̇|въі
соуще|соуще
нѣкогда|нѣкогда
далече|далече
ӥ|і
блиꙁь|блізь
бысте|бъісте
крьвиꙛ̇|крьвіѫ
хⷭ҇воꙛ̇|хсвоѫ
ӥ|і
приближивьше|прібліжівьше
сѧ|сѧ
хвалеть|хвалеть
се|се
сь|сь
хⷭ҇томь̏|хстомь
рⷱ҇е|рче
бо|бо
ѡ̈|о
нихь|ніхь
пакы|пакъі
б͠ь|б҃ь
и̇|і
ѡ̇тец͠ь|отец҃ь
и̇|і
въселихь|въселіхь
ѥ̇|е
ѻ̇|о
г͠и|г҃і
б͠ꙃѣ|б҃зѣ
сп͠сѣ|сп҃сѣ
и̇хь|іхь
и̇|і
въ|въ
и̇мѧ|імѧ
е̇го|его
похвалѧть|похвалѧть
сѧ|сѧ
г͠леть|г҃леть
г͠ь|г҃ь
и̇|і
се|се
бл͠жены̇и̇|бл҃женъіі
двⷣь|двдь
ꙋчить|оучіть
ны̇|нъі
рекы̇|рекъі
кь|кь
сп͠соу|сп҃соу
хⷭ҇оу|хсоу
г͠и|г҃і
вь|вь
свѣтѣ|свѣтѣ
лица|ліца
твоє̇го|твоего
пои̇дѫть|поідѫть
и̇|і
вь|вь
и̇мѧ|імѧ
є̇го|его
вьꙁвеселѧть|вьзвеселѧть
сѧ|сѧ
весꙿ|вес
д͠нъ|д҃нъ
и̇|і
правꙿдоѫ̇|правдоѫ
твоє̇ю|твоею
вьꙁвы̇шѧть|вьзвъішѧть
сѧ|сѧ
понеже|понеже
хвала|хвала
сильны̇|сільнъі
ты̇|тъі
є̇си|есі
и̇|і
ѻ̇брѣтаѥ̇мь|обрѣтаемь
же|же
и̇|і
є̇ремиѫ̇|ереміѫ
вьпиѫ̇ща|вьпіѫща
кь|кь
б͠оу|б҃оу
и̇|і
рекѫща|рекѫща
г͠ъ|г҃ъ
крѣпостъ|крѣпостъ
моꙗ̇|моꙗ
и̇|і
помощь|помощь
моꙗ̇|моꙗ
и̇|і
прибѣжище|прібѣжіще
моє̇|мое
въ|въ
д͠нь|д҃нь
ꙁла|зла
мое̇го|моего
и̇|і
к|к
тебѣ|тебѣ
ѧ̇ꙁыци|ѧзъіці
придѫть|прідѫть
ѿ|от
ꙁемлѫ|землѫ
и̇|і
рекꙋть|рекоуть
ꙗ̇ко|ꙗко
въ|въ
льжꙋ|льжоу
сьꙁдаше|сьздаше
ꙩ̇ц͠и|оц҃і
наши|наші
капища|капіща
и̇|і
нⷭ҇ѣ|нсѣ
вь|вь
нии̇хь|нііхь
польꙁѧ|пользѧ
бⷭ҇ы|бсъі
ꙋбо|оубо
свѣть|свѣть
на|на
ѿкрьвениѥ̇|открьвеніе
ѫ̇ꙁыкомь|ѫзъікомь
хⷭ҇ь̏|хсь
нѫ|нѫ
и̇|і
на|на
славѫ|славѫ
и̇ꙁлⷭ҇еви|ізлсеві
а̇ще|аще
бо|бо
бишѧ|бішѧ
є̇тери|етері
ѿ|от
нихь|ніхь
невѣрꙿны̇|невѣрнъі
и̇|і
нечⷭ҇тиви|нечстіві
и̇|і
въсего|въсего
ꙁла|зла
пльни|пльні
то|то
ѡ̇баче|обаче
ѡ̇статѡкъ|остатокъ
сп͠се|сп҃се
сѧ|сѧ
и̇|і
прослави|прославі
сѧ|сѧ
хⷭ҇а|хса
радъма|радъма
начѧло|начѧло
же|же
бышѧ|бъішѧ
симь|сімь
с͠тыи̇|с҃тъіі
а꙼пⷭ҇лы|апслъі
и̇хьже|іхьже
слаⷡ҇|слав
сиꙗ̇є̇ть|сіꙗеть
по|по
всемоу|всемоу
иⷨроу|імроу
слава|слава
же|же
и̇|і
дрꙋгоє̇|дроугое
ꙗ̇ко|ꙗко
хⷭ҇ь|хсь
ны|нъі
и̇|і
ꙗ̇ви|ꙗві
сѧ|сѧ
понеже|понеже
и̇ꙁыде|ізъіде
плътиѫ̇|плътіѫ
ѿ|от
него|него
с͠нь|с҃нь
є̇диночѧдьны|едіночѧдьнъі
б͠ь|б҃ь
ꙗ̇ви|ꙗві
сѧ|сѧ
надъ|надъ
въсѣми|въсѣмі
и̇|і
бл͠гословень|бл҃гословень
вь|вь
вѣкы|вѣкъі
Бл͠гослови|бл҃гослові
жⷷ҇|же
семеѡ̇нь|семеонь
ст͠оу|ст҃оу
д͠вѫ|д҃вѫ
и̇|і
ѡ|о
хⷭ҇ѣ|хсѣ
г͠ла|г҃ла
рекь|рекь
є̇и|еі
се|се
лежить|лежіть
на|на
падениє̇|паденіе
и̇|і
на|на
въстание̇|въстаніе
мноꙃѣмь|мнозѣмь
въ|въ
и̇ꙁⷭ҇ли|ізслі
и̇|і
вь|вь
ꙁнамениє̇|знаменіе
прѣрочное̇|прѣрочное
полⷪ҇жено|положено
бо|бо
бⷭ҇ы|бсъі
б͠мь|б҃мь
и̇|і
ѡц͠емь|оц҃емь
є̇ньманоуи̇ль|еньманоуіль
вь|вь
ѡ̇снованиє̇|основаніе
сиѡ̇на|сіона
камы̇|камъі
съи̇|съі
и̇ꙁꙿбранє̇нь|ізбранень
краи̇ѫ̇гꙿлень|краіѫглень
чъстень|чъстень
нѫ|нѫ
є̇же|еже
вѣровашѧ|вѣровашѧ
кь|кь
немⷹ|немоу
тѡ|то
не|не
ѡ̇срамишѧ|осрамішѧ
сѧ|сѧ
а|а
не|не
вѣровавше|вѣровавше
прѣтькнѫть|прѣтькнѫть
сѧ|сѧ
и̇|і
скрꙋшѧтꙿ|скроушѧт
сѧ|сѧ
рⷱ҇е|рче
бо|бо
б͠ь|б҃ь
и|і
ѡ̇ц͠ь|оц҃ь
и̇|і
прⷪ҇ркомь|проркомь
се|се
же|же
пѻложѫ|положѫ
вь|вь
сиѡ̇нѣ|сіонѣ
камы̇|камъі
прѣтьчению̇|прѣтьченію
и̇|і
камы|камъі
прꙋжали|проужалі
и̇|і
вѣроуе̇|вѣроуе
кь|кь
немоу|немоу
не|не
ꙋсрамит|оусраміт
сѧ|сѧ
на|на
неже|неже
сѧ|сѧ
падеть|падеть
и̇|і
ськрꙋшить|ськроушіть
є̇|е
нь|нь
накаꙁае|наказае
прочѫѩ̇|прочѫѧ
и̇ꙁⷭ҇льты|ізсльтъі
прⷪ҇ркь|проркь
г͠лаше|г҃лаше
г͠а|г҃а
самого|самого
ст͠ите|ст҃іте
тьи̇|тьі
бѫдеть|бѫдеть
вь|вь
боꙗ̇ꙁнь|боꙗзнь
и̇|і
а꙼ще|аще
кь|кь
немꙋ|немоу
надѣѫ̇|надѣѫ
сѧ|сѧ
є̇си|есі
бѫдеть|бѫдеть
ти|ті
на|на
ѡ̇св͠ѧщениѥ̇|осв҃ѧщеніе
тѡ|то
не|не
ꙗ̇кы|ꙗкъі
камы̇|камъі
прѣтꙿчению|прѣтченію
срѧщеты̇|срѧщетъі
ни|ні
ꙗ̇кы|ꙗкъі
камы̇|камъі
падению̇|паденію
да|да
и̇мъже|імъже
г͠а|г҃а
сѫща|сѫща
и̇|і
б͠а|б҃а
сѫща|сѫща
е̇ньманоуи̇лѣ|еньманоуілѣ
не|не
с͠ты̇|с҃тъі
и̇ꙁⷭ҇ль|ізсль
и̇|і
не|не
хотѣ|хотѣ
надежⷣѫ|надеждѫ
и̇мѣти|імѣті
кь|кь
немоу|немоу
то|то
ни|ні
потыкаѫ̇ть|потъікаѫть
сѧ|сѧ
ꙗ̇кы|ꙗкъі
ѻ̇|о
камень|камень
невѣрьствомь|невѣрьствомь
вьсташѧ|вьсташѧ
же|же
мноꙁи|мнозі
рекьше|рекьше
вѣровавшеи̇|вѣровавшеі
к|к
немоу|немоу
і̇|і
ѿ|от
ꙁакона|закона
бⷪ|бо
ветьхаго|ветьхаго
вь|вь
д͠ховны̇|д҃ховнъі
прѣставишѧ|прѣставішѧ
і̇|і
иꙁ|із
работы̇|работъі
бо|бо
и̇дольскыѫ|ідольскъіѫ
и̇|і
на|на
великѫ|велікѫ
и̇|і
горьнꙋю|горьноую
свободѫ|свободѫ
и̇|і
сн͠ьст͠во|сн҃ьст҃во
приѫ̇шѧ|пріѫшѧ
и|і
нєприѥ̇млемо|непріемлемо
єⷤ҇|еж
ꙁнамєниѥ̇|знаменіе
наричеть|нарічеть
чⷭ҇тны̇|чстнъі
крⷭ҇ть|крсть
ꙗ̇кожє̇|ꙗкоже
и̇|і
прѣмѫдры̇|прѣмѫдръі
павель|павель
пишеть|пішеть
рекыи̇|рекъіі
жидовомь|жідовомь
є̇сть|есть
(сь)блаꙁнь|сьблазнь
странамь|странамь
же|же
ѫ̇родъстⷡ҇о|ѫродъство
и̇|і
пакы̇|пакъі
слово|слово
крⷭ҇тьноє̇|крстьное
и̇ꙁгы̇баѫ̇щиⷨ҇|ізгъібаѫщім
оуродъство|оуродъство
є̇сть|есть
а̇|а
сп͠саѫ̇щимь|сп҃саѫщімь
сила|сіла
бж͠иꙗ̇|бж҃іꙗ
ѥ̇сть|есть
на|на
спⷭ҇ениє̇|спсеніе
неприє̇млемо|непріемлемо
ѥⷭ҇|ес
ꙁнамєниѥ̇|знаменіе
х͠во|х҃во
и̇жє̇|іже
и̇ꙁгыбаѫ̇щимь|ізгъібаѫщімь
ѫ̇родъствⷪ|ѫродъство
є̇сть|есть
и̇|і
сп͠саѫ̇щимь|сп҃саѫщімь
сѧ|сѧ
и̇|і
оу꙼вѣдѣвьшимь|оувѣдѣвьшімь
силѫ|сілѫ
є̇го|его
спⷭ҇ениє|спсеніе
же|же
и̇|і
животь|жівоть
рⷱ҇е|рче
же|же
кь|кь
семоу|семоу
бл͠жени|бл҃жені
симонь|сімонь
кь|кь
ст͠ѣи̇|ст҃ѣі
д͠вици|д҃віці
и̇|і
тебѣ|тебѣ
само|само
и̇|і
д͠шѫ|д҃шѫ
прои̇де|проіде
ѡ̇рѫжиє̇|орѫжіе
ꙩ̇рѫжиѥ|орѫжіе
мѣнить|мѣніть
печаль|печаль
и̇же|іже
и̇мѣ|імѣ
ѡ̇|о
хⷭ҇ѣ|хсѣ
видѧщи|відѧщі
ѥ̇го|его
распинаєма|распінаема
небо|небо
вꙿсѣко|всѣко
видѣше|відѣше
ꙗ̇ко|ꙗко
боли|болі
и̇мать|імать
сьмрꙿти|сьмрті
быти|бъіті
и̇ꙁь|ізь
мртвыⷯ|мртвъіх
вьскрⷭ҇нѫти|вьскрснѫті
нѫ|нѫ
и̇|і
не|не
чоуди|чоуді
сⷽ|сѧ
томꙋ|томоу
рекы̇|рекъі
како|како
нѣсть|нѣсть
вѣдѣла|вѣдѣла
прѣст͠аа̇|прѣст҃аа
д͠ва|д҃ва
и̇|і
ст͠ыѫ̇|ст҃ъіѫ
бо|бо
а꙼пⷭ҇лы|апслъі
ꙩбрѣтає̇мь|обрѣтаемь
ꙃѣло|зѣло
невѣровⷶвшѧѭ̇|невѣровавшѧѭ
прѣжⷣе|прѣжде
пришествиꙗ̇|прішествіꙗ
ст͠ааго|ст҃ааго
дх͠а|дх҃а
се|се
же|же
и̇|і
бⷭ҇ы|бсъі
скаꙁаѫ̇|сказаѫ
є̇моу|емоу
и̇стиньнѣ|істіньнѣ
въсе|въсе
и̇стинꙿны|істіннъі
ѥ̇уⷢ҇листь|еуглість
гл͠еть|гл҃еть
є̇ликоже|елікоже
ѥⷭ҇|ес
приѫ̇ль|пріѫль
нась|нась
дѣльма|дѣльма
оу꙼богыхь|оубогъіхь
г͠ь|г҃ь
хⷭ҇ь|хсь
(вь)плъти|вьплъті
вьсѧ|вьсѧ
и̇|і
въсѣкѫ|въсѣкѫ
страсть|страсть
приє̇мь|пріемь
хотѧ|хотѧ
ны̇|нъі
ꙁꙵбавити|збавіті
и̇ꙁь|ізь
беꙁьконечныѫ̇|безьконечнъіѫ
стрⷭ҇ти|стрсті
и̇|і
мѫкы̇|мѫкъі
є̇гоже|егоже
и̇ми|імі
млⷭ҇ть|млсть
поминаѫ̇ще|помінаѫще
д͠несь|д҃несь
и̇|і
славимь|славімь
рекѫще|рекѫще
ѡ̇|о
млтⷭ҇ивы̇|млтсівъі
г͠и|г҃і
и̇|і
прѣславꙿны|прѣславнъі
влкⷣо|влкдо
и̇|і
недовѣдомы|недовѣдомъі
творьче|творьче
ты|тъі
небы̇вшѧѭ|небъівшѧѭ
ны̇|нъі
сьꙁда|сьзда
и̇|і
створивь|створівь
ны̇|нъі
житиє̇|жітіе
дасть|дасть
и̇|і
ꙁавѣть|завѣть
положи|положі
прѣстѫпивꙿшимь|прѣстѫпівшімь
дасть|дасть
ꙩ̇сѫжⷣениє̇|осѫжденіе
см͠рти|см҃рті
ты̇|тъі
бⷭ҇ы̇|бсъі
намь|намь
каꙁань|казань
твоꙗ̇|твоꙗ
великаꙗ̇|велікаꙗ
млтⷭ҇ь|млтсь
да|да
сѧ|сѧ
не|не
протѫгнеть|протѫгнеть
ѡ̇сѫжⷣениє̇|осѫжденіе
вь|вь
бесконечꙿнѫѫ̇|бесконечнѫѫ
вѣкы̇|вѣкъі
тако|тако
непꙿщоуѫ̇|непщоуѫ
на|на
каꙁнѫща|казнѫща
б͠а|б҃а
ти|ті
многащи|многащі
нии̇|ніі
каꙁавь|казавь
пррⷪ҇кы̇|пррокъі
вьсѣми|вьсѣмі
и̇|і
свои̇ми|своімі
оу꙼годꙿникы|оугоднікъі
и̇|і
послѣди|послѣді
самь|самь
сѧ|сѧ
вьпльти|вьпльті
вь|вь
ст͠ѫѩ̇|ст҃ѫѧ
дв͠ѫ|дв҃ѫ
и̇|і
повиваниє̇|повіваніе
приѫ̇|пріѫ
и̇|і
крьмлениє̇|крьмленіе
и̇|і
днⷭ҇е|днсе
въносить|въносіть
сѧ|сѧ
вь|вь
цр͠квь|цр҃квь
ꙁаⷦ҇|зак
ⷪ҇ньнѫѫ̇|оньнѫѫ
и̇|і
приѫ̇тиє̇|пріѫтіе
рѫкама|рѫкама
и̇|і
бл͠гословивь|бл҃гословівь
старꙿца|старца
праведнааго|праведнааго
семеѡ̇на|семеона
и̇|і
тебѣ|тебѣ
жє|же
слава|слава
г͠и|г҃і
і̇сⷭ҇|ісс
хⷭ҇е|хсе
сь|сь
бєꙁначꙿльнымь|безначльнъімь
ѻ̇ц͠емь|оц҃емь
и̇|і
сь|сь
прѣст͠ымь|прѣст҃ъімь
дх͠омь|дх҃омь
и̇|і
н͠нѣ|н҃нѣ
и̇|і
прісно|прісно
и̇|і
вь|вь
вѣкы|вѣкъі
вѣ|вѣ
ⷨ҇|м
С|с
Л|л
(Ꙍ́)|о
В|в
Ꙍ|о
С|с
Т҇|т
Г|г
Ꙍ|о
И́|і
Ꙍ|о
А|а
Н|н
А|а
Ꙁ|з
Л|л
А|а
Т|т
Ꙍ|о
Ꙋ|оу
С|с
Т|т
А|а
Г|г
Ꙍ|о
О|о
БЛ҇(Ѧ)дꙿнѣмь|блѧднѣмь
с͠нѣ|с҃нѣ
бл͠гослови|бл҃гослові
ѡ̇ч͠е|оч҃е
Присно|прісно
оу꙼бо|оубо
члв͠колюбиє̇|члв҃колюбіе
бж͠иє̇|бж҃іе
проповѣдати|проповѣдаті
длъжни|длъжні
ѥ̇смы|есмъі
тѣмь|тѣмь
бо|бо
живемь|жівемь
и̇|і
движемь|двіжемь
сѧ|сѧ
въ|въ
семь|семь
бо|бо
врѣмени|врѣмені
длъжни|длъжні
єсь̇мы̇|есьмъі
вꙿсе|все
творити|творіті
ꙁа|за
нашего|нашего
ради|раді
оу꙼спѣха|оуспѣха
и̇|і
ꙁа|за
бл͠агодѣть|бл҃агодѣть
хотѧщимь|хотѧщімь
ꙁвѣꙁⷣамь|звѣздамь
вьсиꙗ̇ти|вьсіꙗті
ѿ|от
кѫпѣли|кѫпѣлі
и̇бо|ібо
ти|ті
тѡѫ̇|тоѫ
просвѣщаѫ̇ть|просвѣщаѫть
сѧ|сѧ
и̇|і
мы̇|мъі
тоѫ̇|тоѫ
спⷭ҇емь|спсемь
сѧ|сѧ
и̇|і
мы̇|мъі
тоѫ̇|тоѫ
с͠псохомь|с҃псохомь
сѧ|сѧ
и̇|і
с͠пемь|с҃пемь
сѧ|сѧ
и̇|і
рꙿцѣмь|рцѣмь
н͠нѣ|н҃нѣ
ꙁа|за
добраꙗ̇|добраꙗ
дѣꙗ̇ниꙗ̇|дѣꙗніꙗ
є̇же|еже
реⷱ҇|реч
влⷣка|влдка
чл͠колюбець|чл҃колюбець
и̇|і
сн͠ь|сн҃ь
ѡ̇ц͠оу|оц҃оу
чл͠колюб͠цоу|чл҃колюб҃цоу
е̇динь|едінь
добрѣ|добрѣ
поⷣбень|подбень
ѻ̇ч͠ѣ|оч҃ѣ
млⷭ҇рдиꙗ̇|млсрдіꙗ
вьꙁвѣститель|вьзвѣстітель
расꙿпрострѣмь|распрострѣмь
слоⷡ|слов
ѡ̇|о
блѫдꙿнѣмь|блѫднѣмь
сн͠ѣ|сн҃ѣ
и̇|і
прочи|прочі
да|да
навы̇кнемь|навъікнемь
ѡ̇|о
томь|томь
како|како
би|бі
приближити|прібліжіті
сѧ|сѧ
кь|кь
неприближнⷪ҇мꙋ|непрібліжномоу
и̇|і
сьблаꙁномь|сьблазномь
нашимь|нашімь
просити|просіті
прощениꙗ̇|прощеніꙗ
Чл͠кь|чл҃кь
и̇мѣше|імѣше
.в͠.|в҃
сн͠а|сн҃а
притꙿчꙿно|прітчно
сп͠са|сп҃са
а|а
не|не
оу꙼рочно|оурочно
гл͠еть|гл҃еть
сего|сего
ради|раді
ꙁа|за
своє̇го|своего
ѻ̇ц͠а|оц҃а
ꙗ̇ко|ꙗко
чл͠ка|чл҃ка
ради|раді
мꙿного|много
вѣщаѥ̇ть|вѣщаеть
рабь|рабь
ради|раді
ꙗ̇ко|ꙗко
и̇ночѫдь|іночѫдь
дѣлꙿма|дѣлма
нѫ|нѫ
[д]а|да
ꙗ̇вить|ꙗвіть
бж͠иѫ̇|бж҃іѫ
любовь|любовь
чл͠кь|чл҃кь
ради|раді
чл͠кь|чл҃кь
рече|рече
и̇мѣше|імѣше
.в͠.|в҃
сн͠а|сн҃а
и̇|і
кто|кто
є̇сть|есть
чл͠вкь|чл҃вкь
ꙩ̇ц͠ъ|оц҃ъ
щедротамь|щедротамь
и̇|і
б͠ь|б҃ь
вꙿсеи̇|всеі
мольбѣ|мольбѣ
каꙗ̇|каꙗ
и̇мѣ|імѣ
сн͠а|сн҃а
праведнаа꙼го|праведнааго
и̇ли|ілі
грѣшꙿнаа꙼го|грѣшнааго
прѣбываѫ̇щагѻ|прѣбъіваѫщаго
вь|вь
бж͠ихь|бж҃іхь
словесехь|словесехь
и̇|і
прѣстѧпаѫ̇щаго|прѣстѧпаѫщаго
ꙁаповѣди|заповѣді
бж͠иѭ̇|бж҃іѭ
и̇|і
реⷱ҇|реч
меньши|меньші
сн͠ь|сн҃ь
ѡ̇ц͠оу|оц҃оу
и̇|і
кто|кто
є̇сть|есть
меньши|меньші
сн͠ь|сн҃ь
и̇же|іже
мысль|мъісль
и̇мѣѫ̇|імѣѫ
неоу꙼ставьнѫ|неоуставьнѫ
и̇|і
вѣтромь|вѣтромь
ю̇ностьнымь|юностьнъімь
вьꙁмѫщень|вьзмѫщень
и̇|і
волѫ|волѫ
сꙿтворꙿша|створша
є̇го|его
и̇|і
реⷱ҇|реч
менꙿши|менші
сн͠ь|сн҃ь
ѡ̇ч͠е|оч҃е
дажⷣъ|даждъ
ми|мі
чⷭ҇ть|чсть
дⷭ҇ои̇нѫ|дсоінѫ
и̇мѣниꙗ̇|імѣніꙗ
добрѣ|добрѣ
проси|просі
ѿ|от
б͠а|б҃а
нѫ|нѫ
ꙁлѣ|злѣ
сконьча|сконьча
ꙗ̇же|ꙗже
вꙿꙁѧ|взѧ
и̇|і
раꙁдѣли|раздѣлі
и̇ма|іма
жиꙁнь|жізнь
ѡ̇ц͠ь|оц҃ь
и̇|і
дасть|дасть
и̇ма|іма
ꙗ̇ко|ꙗко
домь|домь
вєсь|весь
мирь|мірь
и̇|і
дасть|дасть
и̇ма|іма
ꙗ̇ко|ꙗко
оу꙼тварь|оутварь
вьсеѫ̇|вьсеѫ
твари|тварі
и̇|і
подасть|подасть
и̇ма|іма
тѣлеса|тѣлеса
и̇|і
д͠шѫ|д҃шѫ
словеснѫѫ̇|словеснѫѫ
да|да
словомь|словомь
наставлѣѫ̇ще|наставлѣѫще
сѧ|сѧ
и̇|і
ничтоже|нічтоже
беꙁь|безь
расѫждениꙗ̇|расѫжденіꙗ
створита|створіта
и̇|і
порѫчи|порѫчі
и̇ма|іма
свои̇|своі
ꙁаконь|законь
ѥⷭ҇ствꙿны̇|есствнъі
писанꙿны̇|пісаннъі
ꙗ̇ко|ꙗко
бг͠омь|бг҃омь
оу꙼чинена|оучінена
да|да
тѣмь|тѣмь
пооу꙼чаѫ̇ща|пооучаѫща
сѧ|сѧ
и̇спльнита|іспльніта
ꙁаⷦ҇|зак
ⷪ҇нодавꙿца|онодавца
велѣниє̇|велѣніе
и̇|і
не|не
по|по
многы̇хь|многъіхь
дн͠ехь|дн҃ехь
сьбра|сьбра
ю̇ны̇|юнъі
сн͠ь|сн҃ь
н̇|н
ꙗ̇ко|ꙗко
ю꙼ны|юнъі
сн͠ь|сн҃ь
створи|створі
и̇|і
ѿи̇де|отіде
вь|вь
ꙁемѧ|земѧ
далечꙿнѫѫ̇|далечнѫѫ
и̇|і
ѿстѫпи|отстѫпі
ѿ|от
б͠а|б҃а
и̇|і
ѿстѫпи|отстѫпі
ѿ|от
него|него
б͠ь|б҃ь
нє|не
нѫдить|нѫдіть
бо|бо
никогоже|нікогоже
б͠ь|б҃ь
не|не
хотѧща|хотѧща
е̇моу|емоу
работати|работаті
волꙿно|волно
бо|бо
є̇сть|есть
а꙼|а
не|не
нѫжꙿдꙿно|нѫждно
добро|добро
дѣло|дѣло
и̇|і
тамо|тамо
расы̇па|расъіпа
и̇мѣние̇|імѣніе
си|сі
живъ|жівъ
блѫдно|блѫдно
и̇|і
тꙋ|тоу
и̇граѥ̇|іграе
и̇грьми|ігрьмі
нищь|ніщь
быⷭ҇|бъіс
и̇|і
тоу|тоу
дш͠егоубны̇ѥ|дш҃егоубнъіе
сласти|сласті
коупоуѥ̇|коупоуе
и̇|і
добраꙗ̇|добраꙗ
же|же
ꙗ̇же|ꙗже
и̇мѣ|імѣ
ѿврьже|отврьже
дѣлеса|дѣлеса
а꙼|а
ꙁлы̇ѫ̇|злъіѫ
дѣтѣли|дѣтѣлі
и̇хьⷤ҇|іхьж
ⷷ҇|е
не|не
и̇мѣ|імѣ
приѫ̇ть|пріѫть
и̇|і
сконꙿчавꙿшоу|скончавшоу
є̇моу|емоу
вьсе|вьсе
не|не
можеть|можеть
бо|бо
срамно|срамно
живѫщимь|жівѫщімь
прѣбивати|прѣбіваті
бг͠атьство|бг҃атьство
даровноѥ|даровное
быⷭ҇|бъіс
же|же
гладъ|гладъ
по|по
ꙁеми|земі
тѡи̇|тоі
ꙃѣло|зѣло
и̇деже|ідеже
бо|бо
цѣломьдрьна|цѣломьдрьна
пꙿшеница|пшеніца
не|не
растеть|растеть
тоу|тоу
гладъ|гладъ
крѣпькь|крѣпькь
и̇деже|ідеже
постьны̇|постьнъі
хлѣбь|хлѣбь
не|не
҇ⷫчⷷ҇етꙿ|пчеет
сѧ|сѧ
тоу|тоу
гладь|гладь
крѣпкь|крѣпкь
и̇дєже|ідеже
дѣвьства|дѣвьства
виноградь|віноградь
не|не
растѣше|растѣше
тоу|тоу
гладъ|гладъ
крѣпⷪ҇кь|крѣпокь
и̇деже|ідеже
гобино|гобіно
ꙁлыⷯ҇|злъіх
тꙋ|тоу
погрѣшениє̇|погрѣшеніе
добрыхь|добръіхь
и̇|і
самь|самь
начѫть|начѫть
лишати|лішаті
сѧ|сѧ
и̇|і
нищо|ніщо
же|же
оу꙼|оу
него|него
ѻ̇ста|оста
тькмо|тькмо
несытостьнаа꙼|несъітостьнаа
ꙁла|зла
и̇|і
ѿшедъ|отшедъ
и̇|і
прѣдастꙿ|прѣдаст
сѧ|сѧ
є̇диномоу|едіномоу
ѿ|от
гражⷣанꙿ|граждан
тѡѫ̇|тоѫ
страны̇и|странъіі
гражⷣане|граждане
же|же
тѡѫ̇|тоѫ
страны̇|странъі
сѫть|сѫть
бѣсове|бѣсове
и̇|і
посла|посла
ѫ̇|ѫ
гражⷣанинь|гражданінь
ть|ть
на|на
село|село
пасти|пасті
свиниѫ̇|свініѫ
тако|тако
бо|бо
чьтѫть|чьтѫть
бѣсове|бѣсове
чѧтѫщѧѭ̇|чѧтѫщѧѭ
и̇хь|іхь
тако|тако
любѧть|любѧть
любѧщѫѫ̇|любѧщѫѫ
и̇хь|іхь
такы|такъі
дары|даръі
даѫ̇ть|даѫть
бо|бо
любѧщимь|любѧщімь
и̇хь|іхь
и̇|і
желаꙗ̇ше|желаꙗше
насытити|насъітіті
чрѣво|чрѣво
свое̇|свое
ѿ|от
рожець|рожець
и̇ж(є)|іже
ꙗ̇дѣхѫ|ꙗдѣхѫ
свы̇ниѫ̇|свъініѫ
что|что
же|же
е̇сть|есть
рожець|рожець
рожеци|рожеці
сѧть|сѧть
сладько|сладько
вькоушениѥ̇|вькоушеніе
и̇|і
жестоко|жестоко
тако|тако
бо|бо
є̇сть|есть
г(рѣ)ховꙿны̇|грѣховнъі
родъ|родъ
вь|вь
малѣ|малѣ
веⷭ҇лить|весліть
а꙼|а
вельми|вельмі
мѫчить|мѫчіть
и̇|і
ѡ̇бріадоує̇ть|обріадоуеть
сѧ|сѧ
вь|вь
врѣмѧ|врѣмѧ
и̇|і
ѡ̇сѫдиⷮ|осѫдіт
сѧ|сѧ
вь|вь
вѣкы̇|вѣкъі
и̇|і
вь|вь
себѣ|себѣ
бывь|бъівь
поменѫвь|поменѫвь
же|же
сѧ|сѧ
рекь|рекь
ѡ̇|о
колика|коліка
добра|добра
лишиихь|лішііхь
сѧ|сѧ
ѻ̇|о
колько|колько
нае̇мьникь|наемьнікь
оу꙼|оу
ѡ̇ц͠а|оц҃а
мⷪ҇є̇го|моего
и̇|і
ѡ̇стає̇ть|остаеть
и̇мь|імь
хлѣбь|хлѣбь
до|до
и̇ꙁьбытꙿка|ізьбъітка
а꙼ꙁь|азь
же|же
ꙁлѣ|злѣ
гладемꙿ|гладем
гыблѫ|гъіблѫ
и̇|і
како|како
ѡ̇гл͠ашени|огл҃ашені
наслажⷣаѫ̇ть|наслаждаѫть
сѧ|сѧ
ст͠ыи̇хь|ст҃ъііхь
писани|пісані
а꙼ꙁь|азь
же|же
гладеⷨ҇|гладем
гыблѫ|гъіблѫ
ѿ|от
бж͠естьвины̇хь|бж҃естьвінъіхь
писани|пісані
ѻ̇|о
колика|коліка
доⷠра|добра
лишиⷯ҇|лішіх
сѧ|сѧ
ѡ̇|о
колько|колько
ꙁло|зло
себѣ|себѣ
приѡ̇брѣтохь|пріобрѣтохь
по|по
чтоже|чтоже
ѡ̇стѫпихь|остѫпіхь
блж͠енаа̇го|блж҃енааго
того|того
житиꙗ̇|жітіꙗ
навыкь|навъікь
ѿнелиже|отнеліже
пострадахь|пострадахь
не|не
ѡ̇ставлѣти|оставлѣті
б͠а|б҃а
и̇|і
раꙁоумѣхь|разоумѣхь
дрьжати|дрьжаті
присно|прісно
хранѫщаа̇го|хранѫщааго
дрьжѧщи|дрьжѧщі
є̇го|его
присно|прісно
и̇|і
наꙋчихꙿ|наоучіх
сѧ|сѧ
не|не
вѣровати|вѣроваті
нечⷭ҇ты̇вимь|нечстъівімь
бѣсомь|бѣсомь
оу꙼чителемь|оучітелемь
вь|вь
коє̇и̇|коеі
нечистотѣ|нечістотѣ
и|і
тлѣнию̇|тлѣнію
и̇|і
вьставь|вьставь
и̇дѫ|ідѫ
кь|кь
ѡ̇ц͠оу|оц҃оу
мое̇моу|моемоу
и̇|і
вьꙁвращѫ|вьзвращѫ
сѧ|сѧ
добрѣ|добрѣ
и̇деже|ідеже
и̇ꙁы̇дохь|ізъідохь
ꙁлѣ|злѣ
да|да
и̇дѫ|ідѫ
кь|кь
творꙿцоу|творцоу
и̇|і
в͠лцⷣѣ|в҃лцдѣ
и̇|і
да|да
постигнѫ|постігнѫ
варивьшаа̇го|варівьшааго
мѧ|мѧ
и̇|і
вьꙁвращѫ|вьзвращѫ
сѧ|сѧ
кь|кь
ѡ̇ц͠оу|оц҃оу
моє̇моу|моемоу
и̇|і
рекѫ|рекѫ
ѻ̇ч͠е|оч҃е
сьгрѣшихь|сьгрѣшіхь
на|на
нб͠о|нб҃о
и̇|і
прѣдъ|прѣдъ
тобо|тобо
и̇|і
нѣсьмь|нѣсьмь
доⷭ҇є̇нь|досень
нарещи|нарещі
сѧ|сѧ
сн͠ь|сн҃ь
твои̇|твоі
довлѣє̇тꙿ|довлѣет
ми|мі
кь|кь
спⷭ҇ению|спсенію
гл͠ь|гл҃ь
є̇го|его
довлѣе̇ть|довлѣеть
ми|мі
на|на
молт͠вѫ|молт҃вѫ
и̇мѧ|імѧ
ѡ̇ца|оца
моє̇го|моего
не|не
можеть|можеть
бо|бо
ѡ̇ц͠ь|оц҃ь
мои̇|моі
ѻ̇ц͠емь|оц҃емь
се|се
ꙁовы̇|зовъі
мноѫ̇|мноѫ
не|не
ꙗ̇витꙿ|ꙗвіт
ли|лі
сѧ|сѧ
млтⷭ҇ивъ|млтсівъ
ми|мі
ѡ̇ц͠ь|оц҃ь
не|не
можеть|можеть
сьгрѣшениꙗ̇|сьгрѣшеніꙗ
моє̇го|моего
слышавь|слъішавь
не|не
дати|даті
прощенниє̇|прощенніе
сьгрѣшениє̇мь|сьгрѣшеніемь
мои̇мь|моімь
не|не
можеть|можеть
глаⷭ҇|глас
мои̇|моі
оу꙼слы̇шаа꙼вь|оуслъішаавь
не|не
дати|даті
сьгрѣшеныє̇мь|сьгрѣшенъіемь
мои̇мь|моімь
ѿрады̇|отрадъі
не|не
можеть|можеть
глⷭ҇[а]|глса
мои̇|моі
сльшавь|сльшавь
не|не
ꙁабыти|забъіті
прав[ь]диваго|правьдіваго
гнѣва|гнѣва
вѣдѣ|вѣдѣ
кольк[о]|колько
можеть|можеть
ꙋ|оу
него|него
покаꙗ̇нѥ̇|покаꙗне
вⷣѣ|вдѣ
колько|колько
могѫть|могѫть
сльꙁы|сльзъі
вⷣѣ|вдѣ
колько|колько
в[ь]сѣкь|вьсѣкь
горѣ|горѣ
вьꙁираѫ̇|вьзіраѫ
и̇|і
сльꙁѧ|сльзѧ
ꙃѣл[о]|зѣло
приметь|пріметь
грѣхомь|грѣхомь
ѡ̇ставлениє̇|оставленіе
вⷣѣ|вдѣ
б͠а|б҃а
свое̇го|своего
бл͠гостынѫ|бл҃гостъінѫ
вⷣѣ|вдѣ
ѡ̇ц͠а|оц҃а
м[о]е̇го|моего
кротость|кротость
помл͠оує̇ть|помл҃оуеть
мѧ|мѧ
б͠ь|б҃ь
каѫ̇ща|каѫща
сѧ|сѧ
вⷣѣ|вдѣ
колꙿко|колко
кь|кь
немоу|немоу
вьсѣхь|вьсѣхь
грѣшныхь|грѣшнъіхь
вьꙁвращаѫ̇ть|вьзвращаѫть
сѧ|сѧ
и̇|і
плачꙋтоу|плачоутоу
сѧ|сѧ
тепло|тепло
и̇|і
приѥ̇млꙋть|пріемлоуть
грѣхомь|грѣхомь
ѿпꙋщениѥ̇|отпоущеніе
и̇|і
вьста(вꙿ)|вьстав
и̇дѫ|ідѫ
кь|кь
ѡ̇ц͠оу|оц҃оу
моє̇моу|моемоу
и̇|і
приложи|пріложі
кь|кь
добромꙋ|добромоу
свѣтоу|свѣтоу
и|і
дѣꙗ̇ниє̇|дѣꙗніе
поⷣбае̇ть|подбаеть
намь|намь
не|не
тьчиѫ̇|тьчіѫ
свѣщати|свѣщаті
є̇же|еже
любовьно|любовьно
е̇сть|есть
б͠оу|б҃оу
нѫ|нѫ
и̇|і
добраꙗ̇|добраꙗ
дѣꙗ̇ниꙗ̇|дѣꙗніꙗ
покаꙁати|показаті
е̇ще|еще
же|же
д[а]лече|далече
ѥ̇моу|емоу
ѿ|от
мѣста|мѣста
и̇|і
блиꙁь|блізь
сѫщоу|сѫщоу
ꙩ̇браꙁомь|образомь
и̇|і
рѫцѣ|рѫцѣ
често|често
полагаю̇щоу|полагающоу
на|на
ꙋтробѫ|оутробѫ
и̇|і
рѫкама|рѫкама
биѫ̇ща|біѫща
сѧ|сѧ
по|по
прьсы̇иⷯ|прьсъііх
ꙗ̇ко|ꙗко
ѿ|от
неприꙗꙁнинꙿныⷯ|непріꙗзніннъіх
мы̇слехь|мъіслехь
мѫчимь|мѫчімь
и̇|і
лице|ліце
своє̇|свое
ꙁеми|земі
прилагаѫ̇|прілагаѫ
и̇|і
молѫ|молѫ
сѧ|сѧ
и̇|і
ѡ̇чима|очіма
дати|даті
течениѥ̇|теченіе
сльꙁь|сльзь
и̇|і
поꙋчаѫ̇щоу|пооучаѫщоу
сѧ|сѧ
ѿвѣтꙋ|отвѣтоу
беꙁакониє̇мꙿ|безаконіем
си|сі
видѣ|відѣ
ꙩ̇ц͠ь|оц҃ь
є̇го|его
оу̇бл͠жае̇ма|оубл҃жаема
и̇|і
прѣꙁрѣ|прѣзрѣ
сьгрѣшаѫ̇ща|сьгрѣшаѫща
и̇|і
пожидаѫ̇|пожідаѫ
каѫ̇щихь|каѫщіхь
сѧ|сѧ
видѣ|відѣ
ѡ̇ц͠ь|оц҃ь
е̇го|его
и̇|і
пожали|пожалі
си|сі
ꙩ̇ц͠ь|оц҃ь
бо|бо
бѣ|бѣ
бл͠годѣтиѫ̇|бл҃годѣтіѫ
а꙼ще|аще
и̇|і
б͠ь|б҃ь
бѣ|бѣ
родомь|родомь
и̇|і
текь|текь
и̇|і
паде|паде
на|на
вы̇ѫ̇|въіѫ
є̇го|его
и̇|і
ѡ̇блобы̇ꙁа|облобъіза
и̇|і
не|не
жⷣаше|ждаше
раꙁьгнѣваѫ̇щаа꙼го|разьгнѣваѫщааго
прити|пріті
блиꙁь|блізь
нѫ|нѫ
самь|самь
срѣте|срѣте
и̇|і
не|не
ѿврати|отвраті
сѧ|сѧ
ѿ|от
вы̇ѥ|въіе
е̇го|его
каломь|каломь
блꙋда|блоуда
ꙩ̇скврьнена|оскврьнена
нѫ|нѫ
прѣчистыма|прѣчістъіма
рꙋкама|роукама
свои̇ма|своіма
ѡ̇бьє̇мь|обьемь
и̇|і
ꙩ̇блобыꙁаа꙼ше|облобъізааше
ѥ̇гоже|егоже
желаꙗ̇ше|желаꙗше
ѡ̇|о
прѣславны̇ѫ̇|прѣславнъіѫ
ѡ̇битѣли|обітѣлі
грѣшꙿникь|грѣшнікь
просльꙁы|просльзъі
сѧ|сѧ
на|на
ꙁеми|земі
и̇|і
е̇динь|едінь
беꙁьгрѣшень|безьгрѣшень
сь|сь
нбⷭ҇е|нбсе
на|на
чл͠вѣколю̇биє̇|чл҃вѣколюбіе
сѧ|сѧ
прѣклони|прѣклоні
и̇|і
кто|кто
видѣ|відѣ
коли|колі
кріетеща|кріетеща
грѣшника|грѣшніка
и̇|і
кто|кто
видѣ|відѣ
коли|колі
сѫдиѫ̇|сѫдіѫ
ꙩ̇сѫжⷣенааго|осѫжденааго
оу꙼врачюѫ̇ща|оуврачоуѫща
нѫ|нѫ
ѡ̇баче|обаче
быⷭ҇|бъіс
тако|тако
и̇|і
бѫдеть|бѫдеть
не|не
ѡ̇|о
семь|семь
тькмо|тькмо
доволень|доволень
бѣ|бѣ
блꙋдны̇|блоуднъі
нѫ|нѫ
и̇|і
вь|вь
покаа꙼ни|покаані
любодѣи̇|любодѣі
е̇сть|есть
нищо|ніщо
же|же
мнѣ|мнѣ
вь|вь
себѣ|себѣ
тѡлико|толіко
млрⷭ҇диє̇|млрсдіе
доклѣе̇ть|доклѣеть
ти|ті
на|на
спⷭ҇ение̇|спсеніе
сьврьшеньноє̇|сьврьшеньное
нь|нь
и̇|і
ѥ̇ще|еще
далече|далече
сы̇|съі
свѣща|свѣща
рещи|рещі
кь|кь
ѡ̇ц͠оу|оц҃оу
и̇|і
пришедъ|прішедъ
и̇|і
гл͠аше|гл҃аше
се|се
добры̇мь|добръімь
ѡ̇браꙁомь|образомь
ѡ̇ч͠е|оч҃е
а꙼ще|аще
и̇|і
ѿнѫдъ|отнѫдъ
недостоє̇нь|недостоень
сьмь|сьмь
ѡ̇ц͠а|оц҃а
тѧ|тѧ
нарещи|нарещі
а꙼ще|аще
и̇|і
сьгрѣшаѫ̇|сьгрѣшаѫ
н͠нѣ|н҃нѣ
сь|сь
и̇нѣми|інѣмі
аще|аще
почьтꙋ|почьтоу
ꙁꙿвание̇мь|званіемь
и̇мѧ|імѧ
твоє̇|твое
аще|аще
не|не
ꙁатварѣе̇ть|затварѣеть
ми|мі
свѣть|свѣть
оу꙼стень|оустень
а꙼ще|аще
не|не
ꙁавѧꙁае̇ть|завѧзаеть
ми|мі
ѧ̇ꙁыка|ѧзъіка
ѡ̇браꙁь|образь
а꙼ще|аще
не|не
вьꙁбранѣѥ̇ть|вьзбранѣеть
ми|мі
словесе|словесе
житие̇|жітіе
приими|пріімі
мⷪ҇лꙿбꙋ|молбоу
и̇ꙁ|із
ꙋсть|оусть
скврьнꙿны̇хь|скврьннъіхь
ꙩ̇ч͠е|оч҃е
подателю|подателю
и̇|і
сьдѣтелю|сьдѣтелю
по|по
є̇сьствоу|есьствоу
сьгрѣшихь|сьгрѣшіхь
и̇сповѣдаѫ̇|ісповѣдаѫ
грѣхы|грѣхъі
моѫ̇|моѫ
не|не
таю̇|таю
є̇же|еже
виⷣши|відші
и̇|і
не|не
ѿметаѫ|отметаѫ
сѧ|сѧ
е̇же|еже
сьвѣси|сьвѣсі
и̇|і
ꙗ̇ко|ꙗко
повинень|повінень
ти|ті
прѣдълежѫ|прѣдълежѫ
и̇|і
ꙗ̇ко|ꙗко
грѣшникь|грѣшнікь
ѻ̇сꙋждень|осоуждень
є̇сьмь|есьмь
сьгрѣшиⷯ҇|сьгрѣшіх
на|на
нб͠о|нб҃о
и̇|і
прⷣѣ|прдѣ
тобоѫ̇|тобоѫ
и̇|і
боѫ̇|боѫ
сѧ|сѧ
на|на
нб͠о|нб҃о
вьꙁвести|вьзвесті
ѻ̇чи|очі
и̇|і
нѣсьмь|нѣсьмь
доⷭ҇е̇нь|досень
нарещи|нарещі
сѧ|сѧ
сн͠ь|сн҃ь
твои̇|твоі
сам|сам
сѧ|сѧ
ѿринѫхь|отрінѫхь
и̇|і
сам|сам
сѧ|сѧ
ѡ̇сѫждѫ|осѫждѫ
и̇|і
самь|самь
сѧ|сѧ
лишихь|лішіхь
не|не
трѣбоуѫ̇|трѣбоуѫ
сѫдиѫ̇|сѫдіѫ
на|на
ѡ̇сѫждениє̇|осѫжденіе
не|не
трѣбꙋѫ̇|трѣбоуѫ
послоухь|послоухь
кь|кь
грѣхомꙿ|грѣхом
вь|вь
себѣ|себѣ
и̇мамь|імамь
свⷣѣщи|свдѣщі
свⷣѣниꙗ̇|свдѣніꙗ
сѫдию|сѫдію
и̇|і
вь|вь
дш͠и|дш҃і
нощꙋ|нощоу
притраньноє̇|прітраньное
сꙋдище|соудіще
вь|вь
ѡ̇бычаи̇|объічаі
свое̇мь|своемь
свⷣѣтелѣ|свдѣтелѣ
поꙁорищами|позоріщамі
послоушьствоуѫ̇ть|послоушьствоуѫть
и̇грищами|ігріщамі
вьпиють|вьпіють
конꙿскаꙗ̇|конскаꙗ
рисканиꙗ̇|рісканіꙗ
на|на
ме|ме
въпиюⷮь|въпіють
блꙋдъ|блоудъ
срамꙿлѣє̇ть|срамлѣеть
мѧ|мѧ
дѣ̀ꙗ̇ниꙗ̇|дѣꙗніꙗ
ѡ̇бличаѫ̇ть|облічаѫть
мѧ|мѧ
ин͠нѣшꙿна|ін҃нѣшна
нагота|нагота
мꙋчить|моучіть
мѧ|мѧ
дѣꙗ̇ниꙗ̇|дѣꙗніꙗ
ꙗ̇влѣѫ̇ть|ꙗвлѣѫть
мѧ|мѧ
прьти|прьті
ꙩ̇стоудꙿни|остоудні
и̇же|іже
ношѫ|ношѫ
срамлѣѫ̇т|срамлѣѫт
мѧ|мѧ
и̇|і
нѣсмь|нѣсмь
доⷭ҇ѥ̇нь|досень
нарещи|нарещі
сѧ|сѧ
сн͠ь|сн҃ь
твои̇|твоі
нѫ|нѫ
(ѿ)|от
твоє̇го|твоего
двⷪра|двора
не|не
ѿлѫчи|отлѫчі
мене|мене
нѫ|нѫ
блиꙁь|блізь
причти|прічті
мене|мене
и̇|і
послѣдъствоуѫ̇ща|послѣдъствоуѫща
ведѫщимъ|ведѫщімъ
не|не
вьꙁбранѣѫща|вьзбранѣѫща
силоѫ̇|сілоѫ
нирогы̇|нірогъі
нѫ|нѫ
готовь|готовь
и̇|і
прѣклонень|прѣклонень
вы̇ѧ̇|въіѧ
ꙁаклатии̇|заклатіі
хотѧщимь|хотѧщімь
створи|створі
мѧ|мѧ
ꙗ̇ко|ꙗко
е̇диного|едіного
ѡ̇|о
наемьникь|наемьнікь
твои̇хь|твоіхь
и̇|і
не|не
ѿлѫчи|отлѫчі
мѧ|мѧ
ѿ|от
двора|двора
твоє̇|твое
влⷣко|влдко
д[а]|да
(не)|не
пакы|пакъі
борець|борець
ѡ̇брещеть|обрещеть
мѧ|мѧ
блѫдѧща|блѫдѧща
и̇|і
ꙗ̇ко|ꙗко
плѣнны̇ка|плѣннъіка
ѿвеⷣть|отведть
мѧ|мѧ
нь|нь
пакы̇|пакъі
привлѣци|прівлѣці
мене|мене
блиꙁь|блізь
страшны̇ѫ̇|страшнъіѫ
и̇|і
таи̇нꙿны̇ѫ̇|таіннъіѫ
твоѫ̇|твоѫ
трапеꙁы|трапезъі
не|не
могѫ|могѫ
бо|бо
вьꙁрѣти|вьзрѣті
и̇|і
видѣти|відѣті
ст͠аа̇|ст҃аа
ст͠ымъ|ст҃ъімъ
ѻ̇стави|оставі
мѧ|мѧ
ѡ̇ч͠е|оч҃е
ѡ̇стоꙗ̇ти|остоꙗті
сь|сь
ѻ̇гл͠ашенꙿны̇ми|огл҃ашеннъімі
вь|вь
двери|двері
ст͠ыѭ̇|ст҃ъіѭ
цр͠кве|цр҃кве
да|да
ꙁрѫ|зрѫ
сврьшає̇мыхь|сврьшаемъіхь
в|в
неи̇|неі
и̇|і
вьжделѣѫ̇|вьжделѣѫ
по|по
малоу|малоу
тажде|тажде
пакы̇|пакъі
вьꙁьприѫ̇ти|вьзьпріѫті
да|да
бж͠иꙗ̇мꙵ҇|бж҃іꙗм
водами|водамі
ѡ̇мы̇ѫ̇|омъіѫ
сѧ|сѧ
и̇|і
ѡ̇тмы̇ѫ̇|отмъіѫ
стоудъ|стоудъ
мои̇|моі
мирьскыⷯ҇|мірьскъіх
пѣснеи̇|пѣснеі
и̇|і
скврьнѫ[ѭ̇]|скврьнѫѭ
ѡ̇блежѫщоую̇|облежѫщоую
ѡ̇|о
слоухꙋ|слоухоу
мое̇ю̇|моею
и̇|і
да|да
видѧ|відѧ
тво(ѥ̇)|твое
бисериє̇|бісеріе
вьсхы̇ща(є̇)мо|вьсхъіщаемо
вѣрны̇ми|вѣрнъімі
и̇|і
вьжⷣелѣю̇|вьжделѣю
и̇|і
а꙼ꙁь|азь
и̇мѣти|імѣті
рѫцѣ|рѫцѣ
доⷭ҇и̇нѣ|досінѣ
на|на
приѫ̇тиє̇|пріѫтіе
сице|сіце
раꙁьгнѣвавꙿшомоу|разьгнѣвавшомоу
сѧ|сѧ
и̇|і
сь|сь
сльꙁами|сльзамі
вьпиѫ̇щоу|вьпіѫщоу
і̇|і
реⷱ҇|реч
ѡ̇ц͠ь|оц҃ь
є̇го|его
кь|кь
свещенꙿны̇комь|свещеннъікомь
кь|кь
слоугамь|слоугамь
повелѣниꙗ̇|повелѣніꙗ
е̇го|его
и̇ꙁнѣсѣте|ізнѣсѣте
скоро|скоро
прьвое̇|прьвое
ꙩ̇дѣꙗ̇ниє̇|одѣꙗніе
и̇|і
ѡ̇блѣцѣте|облѣцѣте
и̇|і
и̇ꙁнесѣте|ізнесѣте
ѡ̇дѣꙗ̇ние̇|одѣꙗніе
стьканꙿноє̇|стьканное
водоѫ̇|водоѫ
кѫпѣлꙿноѫ̇|кѫпѣлноѫ
и̇|і
ѻ̇блѣцѣте|облѣцѣте
и̇|і
ѡ̇блѣцѣте|облѣцѣте
ѻ̇бнаженаа꙼го|обнаженааго
ѡ̇блѣцѣте|облѣцѣте
ѥ̇гоже|егоже
ѡ̇бнажи|обнажі
диꙗ̇воль|діꙗволь
ѻ̇блѣцѣте|облѣцѣте
цр͠а|цр҃а
тваремь|тваремь
и̇|і
оу꙼красите|оукрасіте
и̇и̇|іі
е̇гоже|егоже
ради|раді
весь|весь
мирь|мірь
оу꙼красихь|оукрасіхь
оу꙼красите|оукрасіте
сн͠а|сн҃а
моє̇го|моего
любовныи̇|любовнъіі
мꙵ|м
оу̇дъ|оудъ
не|не
трьплѫ|трьплѫ
бо|бо
неꙋкрашена|неоукрашена
є̇го|его
ꙁрѣти|зрѣті
не|не
трьплѫ|трьплѫ
моє̇го|моего
ѡ̇браꙁа|образа
ѡ̇бнажена|обнажена
видѣти|відѣті
моє̇|мое
поношение̇|поношеніе
е̇сть|есть
поношениє̇|поношеніе
ѻ̇трочѧте|отрочѧте
моє̇го|моего
се|се
бо|бо
творꙋ|твороу
славоу|славоу
ѥ̇го|его
и̇|і
дадите|дадіте
же|же
и̇|і
прьстень|прьстень
да|да
носить|носіть
ѡ̇брѫчениє̇|обрѫченіе
дх͠овꙿноє̇|дх҃овное
да|да
носѧщии̇|носѧщіі
схранить|схраніть
ѡ̇|о
немь|немь
да|да
мⷪю|мою
носѧщи|носѧщі
печать|печать
и̇|і
страшьнь|страшьнь
бѫдеть|бѫдеть
противънимь|протівънімь
да|да
и̇ꙁⷣалечє|іздалече
ꙗ̇вить|ꙗвіть
сѧ|сѧ
кое̇[го]|коего
ѻ̇ц͠а|оц҃а
сн͠ь|сн҃ь
е̇сть|есть
дадите|дадіте
же|же
и̇|і
сапогы̇|сапогъі
на|на
ноꙃѣ|нозѣ
е̇го|его
да|да
не|не
пакы̇|пакъі
ѡ̇брѧщеть|обрѧщеть
ꙁꙿмии̇|зміі
нагы̇|нагъі
пѧты̇|пѧтъі
е̇го|его
нѫ|нѫ
да|да
попереть|попереть
ꙁꙿмие̇вѫ|зміевѫ
главѫ|главѫ
и̇|і
да|да
попереть|попереть
противьнаа̇го|протівьнааго
жѫло|жѫло
и̇|і
да|да
течеть|течеть
по|по
бж͠ию|бж҃ію
пꙋти|поуті
и̇|і
приведѣтⷷ҇|пріведѣте
и̇|і
телець|телець
оу꙼питанны̇|оупітаннъі
и̇|і
ꙁаколѣте|заколѣте
пріведѣ|пріведѣ
телець|телець
и̇же|іже
роди|роді
ю̇ница|юніца
дв͠аꙗ̇|дв҃аꙗ
приведѣте|пріведѣте
(т͠е)лець|т҃елець
нежренны̇|нежреннъі
и̇|і
непріе̇мы̇|непріемъі
и̇га|іга
грѣховьнаа̇го|грѣховьнааго
сѫщи|сѫщі
дв͠оѫ̇|дв҃оѫ
и̇|і
ѿ|от
дв͠цѫ|дв҃цѫ
и̇|і
послѣдьствоущимь|послѣдьствоущімь
є̇го|его
не|не
вьꙁьбранѣѫ̇щаа꙼го|вьзьбранѣѫщааго
силоѫ̇|сілоѫ
ни|ні
рогы̇и̇|рогъіі
нѫ|нѫ
готовь|готовь
прѣклонити|прѣклоніті
вию̇|вію
свⷪю|свою
и̇|і
ꙁаклати|заклаті
хотѧщимъ|хотѧщімъ
ꙁаклати|заклаті
животворѧщааго|жівотворѧщааго
ꙁакалаѫ̇ще|закалаѫще
и̇|і
ꙁаколѣте|заколѣте
ꙗ̇дѫще̇и̇|ꙗдѫщеі
е̇го|его
и̇|і
бл͠гоє̇|бл҃гое
сьдѣлавьшаа꙼го|сьдѣлавьшааго
ꙗ̇дьшеи̇|ꙗдьшеі
вьꙁвеселимь|вьзвеселімь
сѧ|сѧ
ꙗ̇ко|ꙗко
сн͠ь|сн҃ь
мои̇|моі
оу꙼мрьль|оумрьль
бѣ|бѣ
и̇|і
ѡ̇живе|ожіве
и̇|і
и̇ꙁьгыбълѣ|ізьгъібълѣ
и̇|і
ѻ̇брѣте|обрѣте
сѧ|сѧ
и̇|і
начѧть|начѧть
веⷭ҇лити|весліті
сѧ|сѧ
раꙁоумѣи̇те|разоумѣіте
дх͠овнⷪ҇є|дх҃овное
веⷭ҇лиє̇|весліе
и̇|і
тѡго|того
вькоушаа̇ѫ̇ще|вькоушааѫще
слоужѫщимь|слоужѫщімь
бж͠иꙗ̇мь|бж҃іꙗмь
слꙋжꙿбамь|слоужбамь
и̇|і
поⷣбѫще|подбѫще
сѧ|сѧ
а꙼нгл͠ьскы̇мь|англ҃ьскъімь
криломь|кріломь
тьнькыми|тьнькъімі
платьни|платьні
на|на
лѣвѣмь|лѣвѣмь
рамѣ|рамѣ
лежѫще|лежѫще
и̇|і
текѫще|текѫще
и̇|і
вьпиѫ̇ще|вьпіѫще
є̇да|еда
кто|кто
не|не
могѫщихь|могѫщіхь
видѣ|відѣ
тельца|тельца
ꙁакалае̇маго|закалаемаго
є̇да|еда
кто|кто
недоⷭ҇е̇нь|недосень
живы̇ѥ̇|жівъіе
трѣбы̇|трѣбъі
ѥ̇да|еда
кто|кто
ненакаꙁань|ненаказань
и̇|і
не|не
могы̇|могъі
и̇|і
нечⷭ҇тии̇мы|нечстіімъі
оу̇стьнами|оустьнамі
прикоснѫти|прікоснѫті
сѧ|сѧ
кь|кь
ѻ̇льтароу|ольтароу
и̇|і
кь|кь
трѣбѣ|трѣбѣ
тѡже|тоже
а꙼нгл͠омь|англ҃омь
сь|сь
нбⷭ҇е|нбсе
прославлѣѫ̇щимь|прославлѣѫщімь
и̇|і
ст͠ы|ст҃ъі
ѻ̇тец͠ъ|отец҃ъ
вьсхотѣвы̇и̇|вьсхотѣвъіі
ꙁаклати|заклаті
телець|телець
оу̇питанны̇|оупітаннъі
ст͠ыи|ст҃ъіі
сн͠ь|сн҃ь
и̇|і
телець|телець
присножремы̇|прісножремъі
волеѫ̇|волеѫ
и̇|і
присноживы̇|прісножівъі
и̇|і
ст͠ы|ст҃ъі
параклить|паракліть
и̇же|іже
жрьтвѫ|жрьтвѫ
сьврьшаѫ̇|сьврьшаѫ
вьнѫтрь|вьнѫтрь
дѣє̇момь|дѣемомь
и̇|і
се|се
старѣи̇|старѣі
сн͠ь|сн҃ь
и̇ꙁдалече|іздалече
приде|пріде
и̇|і
спы̇ша|спъіша
глаⷭ҇|глас
и̇|і
ликы̇|лікъі
и̇|і
пріꙁва|прізва
є̇диного|едіного
ѿ|от
ꙩ̇трокь|отрокь
и̇|і
(вь)прашаше|вьпрашаше
и̇|і
что|что
є̇сть|есть
глаⷭ҇|глас
оу̇бо|оубо
дивны̇и̇|дівнъіі
е̇же|еже
се|се
вь|вь
ꙋши|оуші
ми|мі
приходить|пріходіть
давыдь|давъідь
бо|бо
пророкь|пророкь
вꙿнѫтрь|внѫтрь
поє̇ть|поеть
тѡгаⷣ|тогад
вьꙁложѫть|вьзложѫть
на|на
ꙩ̇лꙿтарь|олтарь
твои̇|твоі
телець|телець
тьижеⷣ|тьіжед
пакы̇|пакъі
бѣдить|бѣдіть
приходещиⷨ|пріходещім
кь|кь
ꙗ̇ди|ꙗді
и̇|і
гл͠еть|гл҃еть
вькꙋсите|вькоусіте
и̇|і
виⷣте|відте
ꙗ̇ко|ꙗко
бл͠гь|бл҃гь
г͠ь|г҃ь
и̇|і
павель|павель
бж͠ии̇хь|бж҃ііхь
таи̇нь|таінь
вьꙁвѣститель|вьзвѣстітель
вьпиє̇ть|вьпіеть
пасꙿха|пасха
нш͠а|нш҃а
ꙁа|за
ни|ні
пожрѣ|пожрѣ
сѧ|сѧ
уьⷭ҇|уьс
цр͠кви|цр҃кві
трьжѧствоуеть|трьжѧствоуеть
не|не
сѫща|сѫща
мене|мене
и̇|і
не|не
мое̇|мое
таи̇нꙿсꙿтво|таінство
не|не
мои̇мь|моімь
повелѣниѥ̇мь|повелѣніемь
беꙁь|безь
мене|мене
дѣлѫть|дѣлѫть
ѥ̇и̇|еі
рⷱ҇е|рче
брать|брать
(твои|твоі
приде|пріде
и̇|і
ꙁакла|закла
ѻ̇ц͠ъ|оц҃ъ
ти|ті
телець|телець
оу̇питѣнны̇|оупітѣннъі
ꙗ̇ко|ꙗко
ꙁдрава|здрава
є̇го|его
приѫ̇ть|пріѫть
раꙁьгнѣва|разьгнѣва
сѧ|сѧ
и̇|і
не|не
хотѣ|хотѣ
вьнити|вьніті
раꙁьгнѣва|разьгнѣва
сѧ|сѧ
праведны̇|праведнъі
и̇|і
ꙁавити|завіті
рабь|рабь
быⷭ҇|бъіс
и̇|і
попра|попра
жиꙁꙿньнаꙗ̇|жізньнаꙗ
веⷭ҇лиꙗ̇|весліꙗ
и̇|і
како|како
павель|павель
реⷱ҇|реч
хотѣхь|хотѣхь
а꙼ꙁь|азь
проклѧть|проклѧть
быти|бъіті
брата|брата
мое̇го|моего
ради|раді
и̇же|іже
по|по
пльти|пльті
ꙁавистива|завістіва
ꙗ̇вить|ꙗвіть
праведꙿнаа꙼го|праведнааго
такоє̇|такое
слово|слово
ѡ̇браꙁьствова|образьствова
спⷭ҇ь|спсь
нѫ|нѫ
да|да
повѣсть|повѣсть
вы̇шнеє̇|въішнее
бг͠атьство|бг҃атьство
бл͠гостини|бл҃гостіні
ѡ̇ч͠и|оч҃і
и̇|і
тожⷣе|тожде
вьꙁвѣщає̇ть|вьзвѣщаеть
и̇|і
прочимь|прочімь
ѻ̇ц͠ь|оц҃ь
бо|бо
и̇ꙁишедъ|ізішедъ
и̇|і
мⷪлѣше|молѣше
и̇|і
ѡ̇|о
мѫдрости|мѫдрості
неи̇ꙁреⷱ҇нꙿнаа꙼|неізречннаа
ѻ̇|о
свѣнию̇|свѣнію
бл͠гочесномоу|бл҃гочесномоу
и̇|і
грѣшьника|грѣшьніка
помилова|помілова
и̇|і
праведꙿнаа꙼го|праведнааго
оу꙼кроти|оукроті
и̇|і
лежѫщаго|лежѫщаго
въстави|въставі
и̇|і
стѫ̇щаго|стѫщаго
не|не
ѡ̇(ста)ви|оставі
пасти|пасті
сѧ|сѧ
и̇|і
нищаа꙼го|ніщааго
бг͠ата|бг҃ата
ꙗ̇ви|ꙗві
и̇|і
б͠гатаго|б҃гатаго
не|не
прѣꙁрѣ|прѣзрѣ
бы̇ти|бъіті
оу̇|оу
бг͠а|бг҃а
и̇|і
ѿвѣща|отвѣща
и̇|і
реⷱ҇|реч
є̇моу|емоу
чѧдо|чѧдо
ти|ті
вьсегаⷣ|вьсегад
і̇|і
мноѫ̇|мноѫ
е̇си|есі
ты|тъі
мⷪє̇го|моего
ꙗ̇дра|ꙗдра
не|не
ѿлѫчыль|отлѫчъіль
сѧ|сѧ
є̇си|есі
николиже|ніколіже
ты|тъі
пѣсны̇|пѣснъі
и̇|і
пѣныи̇ꙗ̇|пѣнъііꙗ
и̇маши|імаші
присно|прісно
ты|тъі
прѣдь|прѣдь
ѡ̇льтаремь|ольтаремь
дрьꙁновенꙿно|дрьзновенно
вьпие̇ши|вьпіеші
ꙩ̇|о
г͠е|г҃е
ѥ̇же|еже
си|сі
на|на
нб͠сехь|нб҃сехь
да|да
сѧ|сѧ
ст͠ыть|ст҃ъіть
и̇мѧ|імѧ
ти|ті
и̇|і
да|да
приде|пріде
црⷭ҇тво|црство
ти|ті
и̇|і
да|да
бѫде|бѫде
волѣ|волѣ
ти|ті
сьи̇|сьі
же|же
приде|пріде
ѡ̇сꙋжⷣень|осоуждень
и̇|і
ѡ̇срамлень|осрамлень
и̇|і
лицемь|ліцемь
быѥ̇|бъіе
ѡ̇|о
ꙁемлꙋ|землоу
и̇|і
сь|сь
оу꙼миленомꙿь|оуміленомь
глаⷭ҇момь|гласмомь
и̇|і
ѡ̇браꙁомь|образомь
вьпиѥ̇|вьпіе
ѻ̇ч͠е|оч҃е
сьгрѣшихь|сьгрѣшіхь
на|на
нб͠о|нб҃о
и̇|і
прѣдъ|прѣдъ
тобоѫ̇|тобоѫ
и̇|і
нѣсьмь|нѣсьмь
доⷭ҇е̇нь|досень
нарещи|нарещі
сѧ|сѧ
сн͠ь|сн҃ь
ти|ті
и̇|і
що|що
хотѣхь|хотѣхь
створити|створіті
по|по
тѣхь|тѣхь
гл͠ѣхь|гл҃ѣхь
хотѣхь|хотѣхь
ли|лі
немиловати|неміловаті
моє̇го|моего
сн͠а|сн҃а
прибѣгьшаа꙼го|прібѣгьшааго
кь|кь
мнѣ|мнѣ
ти|ті
сѣдиⷲ҇|сѣдіш
ꙗрѧ|ꙗрѧ
се|се
нѫ|нѫ
не|не
хотѣхь|хотѣхь
члв͠колюбець|члв҃колюбець
сы̇|съі
и̇|і
беꙁь|безь
мы̇лости|мъілості
и̇|і
что|что
сь|сь
мы̇слить|мъісліть
не|не
могѫ|могѫ
немиловати|неміловаті
е̇гоже|егоже
створихь|створіхь
не|не
могѫ|могѫ
оу꙼щедрити|оущедріті
е̇гоже|егоже
ѿ|от
моє̇|мое
млⷭ҇рдиꙗ̇|млсрдіꙗ
родихь|родіхь
чѧдо|чѧдо
ти|ті
вьсегⷣа|вьсегда
сь|сь
мноѫ̇|мноѫ
е̇си|есі
и̇|і
моꙗ̇|моꙗ
всѣ|всѣ
тꙿвоꙗ̇|твоꙗ
сѧть|сѧть
нь|нь
а̇ꙁь|азь
реⷱ҇|реч
ходⷣе|ходде
въ|въ
ꙩ̇вꙿчинахь|овчінахь
и̇|і
въ|въ
коꙁьꙗ̇хь|козьꙗхь
кожахь|кожахь
лишень|лішень
и̇|і
ѡ̇ꙁлобень|озлобень
сьи̇|сьі
же|же
расточи|расточі
и̇мѣниє̇|імѣніе
тво(ѥ)|твое
сь|сь
блѫдъницаⷨ|блѫдъніцам
и̇|і
приде|пріде
и̇|і
ꙁакла|закла
є̇моу|емоу
телець|телець
оу꙼питанꙿны̇|оупітаннъі
и̇|і
ни|ні
гл͠омь|гл҃омь
ꙁапрѣти|запрѣті
є̇моу|емоу
и̇|і
ѡ̇браꙁомь|образомь
не|не
ѿврати|отвраті
лица|ліца
ѿ|от
него|него
нѫ|нѫ
скоро|скоро
є̇го|его
приѫ̇ть|пріѫть
и̇|і
ѡ̇дежⷣею|одеждею
оу̇краси|оукрасі
и̇|і
ꙁлатимь|златімь
прьстенемь|прьстенемь
просвѣти|просвѣті
и̇|і
въ|въ
сапогы̇|сапогъі
ꙩ̇боу|обоу
и̇|і
цр͠кв͠ъ|цр҃кв҃ъ
ѿврьꙁе|отврьзе
и̇|і
трапеꙁѫ|трапезѫ
ꙋдобри|оудобрі
и̇|і
стьклѣнꙿны̇цѫ|стьклѣннъіцѫ
напльни|напльні
и̇|і
телець|телець
оу꙼пы̇тѣнꙿны|оупъітѣннъі
ꙁакла|закла
и̇|і
на|на
радость|радость
вѣрꙿны̇ѫ̇|вѣрнъіѫ
сьꙁва|сьзва
и̇|і
дивно|дівно
на|на
нб͠сы|нб҃съі
и̇|і
на|на
ꙁеми|земі
веⷭ҇лие̇|весліе
сьвькоупи|сьвькоупі
и̇|і
толикь|толікь
даде|даде
дарь|дарь
прѣꙁрѣвꙿшомоу|прѣзрѣвшомоу
твоѫ̇|твоѫ
бл͠гостинѫ|бл҃гостінѫ
и̇|і
твоє̇|твое
добро|добро
родьство|родьство
похꙋливъша|похоулівъша
что|что
рекѫ|рекѫ
кь|кь
широтѣ|шіротѣ
твои̇хь|твоіхь
щедроть|щедроть
и̇|і
како|како
оу꙼дивлꙋ|оудівлоу
се|се
твоѥ̇и̇|твоеі
тихостꙿ|тіхост
помилоує̇ши|помілоуеші
(л͠і)|л҃і
г͠и|г҃і
всѣхь|всѣхь
ꙗ̇ко|ꙗко
вьсемогѫи̇|вьсемогѫі
и̇|і
прѣꙁриши|прѣзріші
ч͠лкомь|ч҃лкомь
грѣхы̇|грѣхъі
и̇|і
вь|вь
покаꙗ̇ниє̇|покаꙗніе
мѧ|мѧ
вьводѫ|вьводѫ
чѧдо|чѧдо
ты̇|тъі
вьсегда|вьсегда
сь|сь
мноѫ̇|мноѫ
є̇си|есі
и̇|і
моꙗ̇|моꙗ
всѣ|всѣ
твоꙗ̇|твоꙗ
сѫть|сѫть
нб͠о|нб҃о
твоє̇|твое
и̇|і
оу꙼тврьжⷣениѥ|оутврьжденіе
твоє̇|твое
сл͠нце|сл҃нце
свѣтильникь|свѣтільнікь
твои̇|твоі
мцⷭ҇ь|мцсь
рабь|рабь
твои̇|твоі
ꙃвѣꙁды̇|звѣздъі
свѣтила|свѣтіла
твоꙗ̇|твоꙗ
дъжⷣь|дъждь
пищьникь|піщьнікь
твои̇|твоі
надьвьꙁⷣоушнаꙗ̇|надьвьздоушнаꙗ
ꙁемла|земла
и̇|і
ꙗ̇же|ꙗже
и̇ꙁ|із
неѫ̇|неѫ
всѣ|всѣ
и̇|і
море|море
и̇|і
и̇споⷣ|іспод
ѥ̇го|его
и̇|і
весь|весь
мирь|мірь
твои̇|твоі
и̇|і
жрьтва|жрьтва
а̇нг͠ли|анг҃лі
твои|твоі
и̇|і
пррⷪ҇ци|прроці
твои̇|твоі
и̇|і
мⷱ҇нци|мчнці
твои̇|твоі
и̇|і
прѣшедьшаꙗ̇|прѣшедьшаꙗ
твоꙗ̇|твоꙗ
и̇|і
бѫⷣщаꙗ̇|бѫдщаꙗ
твоꙗ̇|твоꙗ
и̇|і
вьскр͠ьсениѥ̇|вьскр҃ьсеніе
твоє̇|твое
и̇|і
сьмрꙿть|сьмрть
твоꙗ̇|твоꙗ
и̇|і
вьсѣ|вьсѣ
ꙗ̇вленьнаа꙼|ꙗвленьнаа
твоꙗ̇|твоꙗ
и̇|і
раꙁꙋмьнаꙗ̇|разоумьнаꙗ
твоꙗ̇|твоꙗ
є̇да|еда
твоє̇|твое
вьꙁѧхь|вьзѧхь
и̇|і
и̇номꙋ|іномоу
дадохь|дадохь
ѥ̇да|еда
тебе|тебе
сьвлькь|сьвлькь
и̇|і
и̇номꙋ|іномоу
даⷣхⷪь|дадхоь
не|не
ѿ|от
моє̇го|моего
ли|лі
и̇мѣниꙗ̇|імѣніꙗ
дахь|дахь
є̇моу|емоу
молѧщомоу|молѧщомоу
сѧ|сѧ
милость|мілость
не|не
то(и̇)жде|тоіжде
ли|лі
є̇сьмь|есьмь
и̇|і
тебѣ|тебѣ
ѡ̇ц͠ь|оц҃ь
ꙗ̇коже|ꙗкоже
и̇|і
ѡ̇номоу|ономоу
и̇|і
тебе|тебе
чьтоу|чьтоу
ꙁа|за
добро|добро
родъство|родъство
и̇|і
сего|сего
милꙋѭ̇|мілоуѭ
ꙁа|за
покаа꙼нии̇|покааніі
радии̇|радіі
вьꙁꙿвⷭ҇елити|вьзвселіті
сѧ|сѧ
и̇|і
вьꙁраⷣоувати|вьзрадоуваті
сѧ|сѧ
поⷣбаеты̇|подбаетъі
ꙗ̇ко|ꙗко
брать|брать
твⷪи̇|твоі
оу̇мр͠ьлꙿ|оумр҃ьл
бѣ|бѣ
и̇|і
ѡ̇живе|ожіве
и̇|і
погы̇бꙿлъ|погъіблъ
бѣ|бѣ
и̇|і
ѻ̇брѣте|обрѣте
сѧ|сѧ
кто|кто
видѣ|відѣ
мр͠тꙿвьца|мр҃твьца
ѻ̇живльша|ожівльша
и̇|і
не|не
радꙋє̇ть|радоуеть
сѧ|сѧ
кто|кто
ѻ̇брѣте|обрѣте
є̇же|еже
и̇ꙁьгоуби|ізьгоубі
и̇|і
не|не
вьꙁраⷣоува|вьзрадоува
сѧ|сѧ
и̇|і
приди|пріді
оу̇бо|оубо
сꙿ|с
нами|намі
и̇|і
въꙁрадоуи̇|възрадоуі
сѧ|сѧ
и̇|і
вьꙁꙿвєⷭ҇ли|вьзвеслі
сѧ|сѧ
сь|сь
а꙼нгл͠ы|англ҃ъі
и̇|і
ѻ̇бы̇мы̇|объімъі
сь|сь
моⷩ҇ѫ̇|монѫ
своє̇го|своего
брата|брата
и̇|і
вьсьпои̇|вьсьпоі
сь|сь
дв͠домь|дв҃домь
ѻ̇нь|онь
дх͠овны̇|дх҃овнъі
глⷭ҇а|глса
лѣпо|лѣпо
є̇сть|есть
нн͠ѣшꙿнемоу|нн҃ѣшнемоу
тꙿрьжьствоу|трьжьствоу
бл͠жении̇мꙿ|бл҃женіім
же|же
ѿпоущена|отпоущена
сѧтъ|сѧтъ
беꙁакониꙗ̇|безаконіꙗ
и̇|і
и̇мьже|імьже
ѿпоустишѧ|отпоустішѧ
сѧ|сѧ
грѣси|грѣсі
бл͠жень|бл҃жень
мѫжь|мѫжь
є̇мꙋже|емоуже
не|не
вьмѣнить|вьмѣніть
г͠ь|г҃ь
грѣха|грѣха
слы̇шасте|слъішасте
ли|лі
братиє̇|братіе
бж͠иѫ̇|бж҃іѫ
причѫ|прічѫ
и̇|і
раꙁꙋмѣсте|разоумѣсте
ли|лі
сꙿмысль|смъісль
юже|юже
и̇|і
силоу|сілоу
навы̇костє|навъікосте
ли|лі
члк͠олюбꙿца|члк҃олюбца
б͠а|б҃а
придѣте|прідѣте
оу̇бо|оубо
вьси|вьсі
коупꙿно|коупно
глаⷭ҇мь|гласмь
въꙁьпиє̇мь|възьпіемь
кь|кь
немⷹ|немоу
влкⷣо|влкдо
хеⷭ҇|хес
е̇диночѧⷣ|едіночѧд
сн͠е|сн҃е
бж͠ии̇|бж҃іі
сьгрѣшихомь|сьгрѣшіхомь
на|на
нб͠о|нб҃о
и̇|і
прⷣѣ|прдѣ
тобоѫ̇|тобоѫ
и̇|і
нѣсьмь|нѣсьмь
доⷭ҇є̇нь|досень
нарещи|нарещі
сѧ|сѧ
сн͠ь|сн҃ь
твои̇|твоі
нѫ|нѫ
надѣє̇мь|надѣемь
сѧ|сѧ
на|на
щедроты̇|щедротъі
твоѫ̇|твоѫ
и̇|і
и̇мамь|імамь
тврьдоє̇|тврьдое
твое̇|твое
млⷭ҇рдиє̇|млсрдіе
древнꙋю|древноую
блоудьницѫ|блоудьніцѫ
и̇|і
древвнѣа̇го|древвнѣаго
мы̇тарѣ|мъітарѣ
и̇|і
древьнѣго|древьнѣго
раꙁбои̇ника|разбоініка
сего|сего
бо|бо
ради|раді
наⷭ҇|нас
грѣшꙿны̇хь|грѣшнъіхь
бѣдиши|бѣдіші
притещи|прітещі
кь|кь
твоє̇и̇|твоеі
блг͠ости|блг҃ості
и̇|і
ꙗ̇коже|ꙗкоже
ѡ̇ни|оні
бл͠жены̇ѫ̇|бл҃женъіѫ
покаꙁа|показа
и̇|і
наⷭ҇|нас
припаⷣѫ̇щиⷯ҇|пріпадѫщіх
оу꙼щедри|оущедрі
ꙗ̇коже|ꙗкоже
вьставы̇|вьставъі
мртвыѥ̇|мртвъіе
пропены̇|пропенъі
сѧ|сѧ
и̇|і
наⷭ҇|нас
оу̇мр͠щвены̇хь|оумр҃щвенъіхь
вьстави|вьставі
и̇|і
вьꙁвеⷭ҇лимь|вьзвеслімь
сѧ|сѧ
сь|сь
и̇ꙁбранꙿны̇ми|ізбраннъімі
вьскр͠сениꙗ̇|вьскр҃сеніꙗ
твоє̇го|твоего
ради|раді
и̇|і
тако|тако
гл͠ѧще|гл҃ѧще
прѣбѫдѣмь|прѣбѫдѣмь
и̇|і
да|да
би|бі
рекьль|рекьль
по|по
вѣрѣ|вѣрѣ
вашеи̇|вашеі
бѫди|бѫді
вамь|вамь
вы|въі
же|же
хотѧще|хотѧще
насладити|насладіті
сѧ|сѧ
крщ͠еньнымь|крщ҃еньнъімь
даромь|даромь
вьсѫ|вьсѫ
помы̇слы̇|помъіслъі
чл͠чьскы̇ѫ̇|чл҃чьскъіѫ
ѿврьꙁѣте|отврьзѣте
и̇|і
д͠ше|д҃ше
ваше|ваше
нб͠сномꙋ|нб҃сномоу
невѣстьны̇коу|невѣстьнъікоу
оу̇правитє|оуправіте
г͠ь|г҃ь
блиꙁь|блізь
ничимьже|нічімьже
пецѣте|пецѣте
сѧ|сѧ
придвєрехь|прідверехь
же|же
цр͠ъ|цр҃ъ
и̇|і
и̇ꙁбавитєль|ізбавітель
прѣдъстои̇ть|прѣдъстоіть
и̇|і
врачъ|врачъ
вѣроуѫ̇щимь|вѣроуѫщімь
бꙿиⷧꙁь|білзь
є̇сть|есть
и̇|і
врачьство|врачьство
ѿврьꙁе|отврьзе
врачь|врачь
бы̇|бъі
прѣдьлєжѧть|прѣдьлежѧть
и̇|і
кѫпѣль|кѫпѣль
въсѣхь|въсѣхь
жиⷣть|жідть
и̇|і
радость|радость
распростирає̇ть|распростіраеть
сѧ|сѧ
и̇|і
ѡ̇течьскаа꙼|отечьскаа
ꙩ̇дежⷣа|одежда
ѿ|от
ѻ̇ц͠а|оц҃а
и̇|і
сн͠а|сн҃а
и̇|і
ст͠ааⷢ҇|ст҃ааг
ⷪ҇|о
дх͠а|дх҃а
чтеть|чтеть
сь|сь
тькмо|тькмо
вь|вь
вѣрѣ|вѣрѣ
свѣтильникы̇|свѣтільнікъі
вьжеꙃѣте|вьжезѣте
и̇|і
милость|мілость
бл͠говѣрьно|бл҃говѣрьно
приложите|пріложіте
да|да
нощию|нощію
є̇гⷣа|егда
бѫдеть|бѫдеть
гл͠ась|гл҃ась
и̇|і
невѣстьникь|невѣстьнікь
приде|пріде
и̇ꙁидѣте|ізідѣте
вь|вь
срѣтєны̇е̇|срѣтенъіе
є̇моу|емоу
сь|сь
свѣтьлими|свѣтьлімі
свѣщами|свѣщамі
срѣщете|срѣщете
и̇хь|іхь
ли̇кьствоуѫ̇ще|лікьствоуѫще
и̇|і
вьпиѫ̇ще|вьпіѫще
и̇|і
гл͠ѧще|гл҃ѧще
блⷭ҇вень|блсвень
грѫди|грѫді
вь|вь
и̇мѧ|імѧ
гн͠е|гн҃е
томоу|томоу
подобає̇|подобае
всѣка|всѣка
слаⷡ҇|слав
и̇|і
чтⷭ҇ь|чтсь
и̇|і
покланѣние|покланѣніе
ѡ̇ц͠оу|оц҃оу
и̇|і
сн͠оу|сн҃оу
и̇|і
ст͠омоу|ст҃омоу
дх͠оу|дх҃оу
и̇|і
нн͠ѣ|нн҃ѣ
и̇|і
прісно|прісно
и̇|і
вь|вь
вѣкы|вѣкъі
вѣкомь|вѣкомь
а꙼миⷩ҇|амін
С|с
Л|л
(Ꙍ́)|о
В|в
Ꙍ|о
С|с
Т҇|т
А|а
Г|г
Ꙍ|о
И́ꙌАН҇А|іоана
Ꙁ|з
Л|л
А|а
Т|т
Ꙍ|о
Ꙋ|оу
(С|с
Т|т
А)|а
Г|г
Ꙍ|о
Ꙍ́|о
ВТꙌРѢМЬ|вторѣмь
пришестви|прішестві
хвⷭ҇ѣ|хвсѣ
блвⷭ҇и|блвсі
ѻ̇ч͠е|оч҃е
По|по
вьꙁнесени|вьзнесені
гн͠и|гн҃і
е̇же|еже
на|на
нбⷭ҇а|нбса
оу꙼ченикомь|оученікомь
вьꙁираѫ̇щиⷨ҇|вьзіраѫщім
на|на
неб͠о|неб҃о
и̇|і
се|се
ꙗ̇ви|ꙗві
сѧ|сѧ
имь|імь
а꙼нгл͠ь|англ҃ь
гн͠ь|гн҃ь
гл͠ѫ|гл҃ѫ
что|что
стои̇те|стоіте
ꙁрѫще|зрѫще
на|на
неб͠о|неб҃о
се|се
и̇сьⷭ҇|ісьс
вьꙁнесе|вьзнесе
сѧ|сѧ
ѿ|от
вась|вась
на|на
н͠бо|н҃бо
и̇|і
пакы̇|пакъі
придеть|прідеть
вь|вь
и̇же|іже
ѻ̇браꙁь|образь
видѣсте|відѣсте
и̇дѧща|ідѧща
на|на
нб͠о|нб҃о
и̇|і
придѣте|прідѣте
ꙋбо|оубо
и̇|і
повѣмь|повѣмь
вамь|вамь
како|како
бѫдеть|бѫдеть
второє̇|второе
пришествиє̇|прішествіе
[є̇]го|его
страшьное̇|страшьное
ѡ̇бличаѫ̇|облічаѫ
вьсѣко|вьсѣко
дыханиє̇|дъіханіе
ꙗ̇вить|ꙗвіть
бо|бо
сѧ|сѧ
прьвоє̇|прьвое
ꙁнамениѥ̇|знаменіе
с͠на|с҃на
члв͠ча|члв҃ча
на|на
немьже|немьже
распѧ|распѧ
сѧ|сѧ
и̇|і
носимо|носімо
а꙼нг͠лы|анг҃лъі
бльщѫщи|бльщѫщі
сѧ|сѧ
ꙗ̇ко|ꙗко
и̇|і
мльни|мльні
а̇|а
прѣдь|прѣдь
нимь|німь
михаи̇ль|міхаіль
трѫбѧ|трѫбѧ
и̇|і
вьꙁбоужⷣаѫ̇|вьзбоуждаѫ
ꙋсобьшѧѫ̇|оусобьшѧѫ
ѿ|от
а꙼дама|адама
до|до
коньчины̇|коньчінъі
вѣка|вѣка
и̇|і
вьстаѫ̇|вьстаѫ
мрьтꙿвьци|мрьтвьці
ꙗ̇ко|ꙗко
ѿ|от
сна|сна
ѿ|от
гробь|гробь
ꙗ̇коже|ꙗкоже
рече|рече
бл͠жены̇|бл҃женъі
павель|павель
ꙗ̇ко|ꙗко
трѫба|трѫба
вьстрѫбить|вьстрѫбіть
и̇|і
мр͠твы|мр҃твъі
вьстанѫть|вьстанѫть
пр͠ѣжⷣе|пр҃ѣжде
в|в
[н]епрѣсѣченѣ|непрѣсѣченѣ
часѣ|часѣ
врьжениє̇мь|врьженіемь
словеси|словесі
и̇|і
сьберѫть|сьберѫть
сѧ|сѧ
ѿ|от
четыры|четъіръі
криль|кріль
вьселенѫѫ̇|вьселенѫѫ
на|на
ѫ̇долъ|ѫдолъ
паⷧча|палча
и̇|і
весь|весь
родь|родь
чл͠вѣчь|чл҃вѣчь
тоу|тоу
ꙗ̇вы̇|ꙗвъі
сѧ|сѧ
сѫдища|сѫдіща
рѣкѣ|рѣкѣ
ꙩ̇гꙿнꙿа|огна
пльна|пльна
и̇|і
а꙼нг͠ли|анг҃лі
люти|люті
и̇|і
немлтⷭ҇иви|немлтсіві
и̇|і
когожⷣо|когождо
дѣла|дѣла
ѡ̇крⷭ҇ть|окрсть
дрьжѧще|дрьжѧще
грѣшьныкь|грѣшьнъікь
и̇|і
не͠бо|не҃бо
и̇сьчеꙁнеть|ісьчезнеть
и̇|і
богатьствⷪ|богатьство
нигⷣеже|нігдеже
ꙗ̇вить|ꙗвіть
сѧ|сѧ
и̇|і
ꙃвѣꙁы|звѣзъі
с|с
нбⷭ҇е|нбсе
спаднѫть|спаднѫть
и̇|і
вьсе|вьсе
мимои̇деть|мімоідеть
ꙗ̇ко|ꙗко
и̇|і
сѣнь|сѣнь
и̇|і
ны̇ктоже|нъіктоже
никомꙋже|нікомоуже
нє|не
можеть|можеть
помощи|помощі
ни|ні
ѡ̇ц͠ь|оц҃ь
сн͠оу|сн҃оу
ни|ні
мати|маті
дьщери|дьщері
ни|ні
богатьство|богатьство
сьбравьшомоу|сьбравьшомоу
є̇|е
ни|ні
раба|раба
господиноу|господіноу
нѫ|нѫ
вьсе|вьсе
наго|наго
и̇|і
ꙩ̇личено|олічено
и̇|і
ѿврьꙁѧть|отврьзѧть
сѧ|сѧ
нбⷭ҇а|нбса
и̇|і
се|се
сн͠ь|сн҃ь
бж͠и|бж҃і
придеть|прідеть
поⷣ|под
[о]блакомь|облакомь
небс͠ны̇|небс҃нъі
сь|сь
силоѫ̇|сілоѫ
и̇|і
сь|сь
славоѫ̇|славоѫ
многоѫ̇|многоѫ
и̇|і
сиѡ̇нь|сіонь
и̇|і
е̇роусалимь|ероусалімь
нб͠сныи̇|нб҃снъіі
и̇|і
поставена|поставена
бѫдета|бѫдета
.в͠і.|в҃і
прѣстола|прѣстола
а꙼плⷭ҇мь|аплсмь
и̇|і
самь|самь
ꙗ̇ко|ꙗко
и̇|і
мльни|мльні
ꙗ̇вить|ꙗвіть
сѧ|сѧ
ѿ|от
въстока|въстока
и̇|і
до|до
ꙁапада|запада
и̇|і
ѿ|от
страха|страха
е̇го|его
и̇|і
ꙁапрѣщениꙗ̇|запрѣщеніꙗ
нб͠са|нб҃са
свиѭ̇ть|свіѭть
сѧ|сѧ
и̇|і
а꙼нꙿг͠лы̇|анг҃лъі
трепещѧть|трепещѧть
и̇|і
ꙁемѣ|земѣ
трепещеть|трепещеть
и̇|і
вꙿса|вса
тварь|тварь
ꙁы̇блетꙿ|зъіблет
сѧ|сѧ
и̇|і
рѣка|рѣка
ѡ̇гꙿна|огна
готѡва|готова
приѧ̇ти|пріѧті
грѣшны̇кы̇|грѣшнъікъі
и̇|і
чрьвь|чрьвь
же|же
жⷣѫщи|ждѫщі
ч͠л[...]|ч҃л
крьвъ|крьвъ
тьма|тьма
свѣта|свѣта
не|не
и̇мѫщиꙗ̇|імѫщіꙗ
и̇|і
г[...]ꙁьство|гзьство
топлоты̇|топлотъі
не|не
и̇мы̇|імъі
смотрите|смотріте
[вь]ꙁлюбенꙿни|вьзлюбенні
страха|страха
тѡго|того
а̇нг͠ли|анг҃лі
не|не
сьгрѣшивьше|сьгрѣшівьше
ничимь|нічімь
и̇|і
трⷫ҇еⷷ҇щѫть|трпеещѫть
дн͠о|дн҃о
тⷪго|того
и̇|і
какь|какь
страхь|страхь
оу꙼бо|оубо
приметь|пріметь
грѣшникы̇|грѣшнікъі
въ|въ
тьи̇|тьі
д͠нь|д҃нь
страшны̇|страшнъі
тогⷣа|тогда
бѫдеть|бѫдеть
скꙿрежеть|скрежеть
ꙁѫбо̇мь|зѫбомь
и̇л[...]|іл
ты̇|тъі
плачь|плачь
не|не
мни|мні
же|же
оу̇бо|оубо
никтож[е]|ніктоже
приꙁрѣниє̇|прізрѣніе
бѫдеть|бѫдеть
тьи̇|тьі
чаⷭ҇|час
слы̇ш[...]|слъіш
бо|бо
многы̇|многъі
гл͠ѧщѫ|гл҃ѧщѫ
ꙗ̇ко|ꙗко
тако|тако
бѫдеть|бѫдеть
сѫдь|сѫдь
ꙗ̇ко|ꙗко
то|то
сѫ|сѫ
мѫчить|мѫчіть
члв͠кь|члв҃кь
вь|вь
снѣ|снѣ
не|не
льстите|льстіте
сѧ|сѧ
члв͠ци|члв҃ці
мѫчи[...]|мѫчі
бо|бо
сѧ|сѧ
вь|вь
снѣ|снѣ
привидѣниѥ̇мь|прівідѣніемь
тьч[...]|тьч
а̇|а
тѣло|тѣло
лежить|лежіть
на|на
ѡ̇дрѣ|одрѣ
почиваѫ̇|почіваѫ
а̇|а
дш͠а|дш҃а
вь|вь
снѣ|снѣ
мѫчима|мѫчіма
бы̇вае̇ть|бъіваеть
а̇|а
вь|вь
ты̇|тъі
дн͠ь|дн҃ь
нⷭ҇ѣ|нсѣ
сѧ|сѧ
раꙁлѫчиⷮ҇|разлѫчіт
тѣлоу|тѣлоу
ѿ|от
дш͠ѧ|дш҃ѧ
нѫ|нѫ
вькоупѣ|вькоупѣ
прѣдъстанета|прѣдъстанета
на|на
страшнѣмь|страшнѣмь
сѫдищи|сѫдіщі
и̇деже|ідеже
книгы̇|кнігъі
раꙁꙿгыбаѫ̇ть|разгъібаѫть
сѧ|сѧ
и̇|і
сѫди|сѫді
нелицемѣрны|неліцемѣрнъі
многоѫ|многоѫ
славоѫ̇|славоѫ
въсѣхь|въсѣхь
на|на
и̇мена|імена
вьꙁоветь|вьзоветь
и̇|і
нⷭ҇ѣ|нсѣ
тоу|тоу
вѣды|вѣдъі
кыѧ|къіѧ
бесѣды|бесѣдъі
провѣщае̇мь|провѣщаемь
сѫди|сѫді
нѣсть|нѣсть
тоу|тоу
ѧ̇ꙁы̇коу|ѧзъікоу
мнⷪго|много
и̇ꙁьбесѣдовати|ізьбесѣдоваті
и̇|і
ни|ні
и̇ꙁьвѣщати|ізьвѣщаті
нѫ|нѫ
и̇скоушениѥ̇|іскоушеніе
дѣломь|дѣломь
нѣсть|нѣсть
тоу|тоу
трѣбѣ|трѣбѣ
даровꙿ|даров
ни|ні
попрѣниꙗ̇|попрѣніꙗ
нѫ|нѫ
вьси|вьсі
своꙗ̇|своꙗ
брѣмена|брѣмена
понесемь|понесемь
тꙋ|тоу
вѣтиꙗ̇мь|вѣтіꙗмь
вѣры̇|вѣръі
не|не
є̇млѫть|емлѫть
тоу|тоу
власть|власть
не|не
чьтеть|чьтеть
сѧ|сѧ
величаниѥ̇|велічаніе
не|не
ѡ̇брѧщетꙿ|обрѧщет
сѧ|сѧ
тоу|тоу
доброта|доброта
лицоу|ліцоу
не|не
оумⷪ҇лить|оумоліть
сѫдиѫ̇|сѫдіѫ
ни|ні
сань|сань
д͠вьства|д҃вьства
многащи|многащі
на|на
тѡмь|томь
сѫдѣ|сѫдѣ
чѧда|чѧда
ѡ̇сѫдѫть|осѫдѫть
родителѫ|родітелѫ
а꙼ще|аще
бо|бо
чѧдь|чѧдь
свои̇хь|своіхь
равно|равно
не|не
ꙋстрои̇ть|оустроіть
ꙩ̇тец͠ь|отец҃ь
нѫ|нѫ
є̇диного|едіного
ꙩ̇богатить|обогатіть
а꙼|а
дроугого|дроугого
полишить|полішіть
сѫдь|сѫдь
приметь|пріметь
и̇ли|ілі
беꙁ|без
оума|оума
бѫдєть|бѫдеть
клѧль|клѧль
ѡ̇|о
вьсемь|вьсемь
томь|томь
станеть|станеть
чѧдо|чѧдо
и̇|і
ѡ̇сѫдить|осѫдіть
родителѫ|родітелѫ
своѫ̇|своѫ
либо|лібо
сн͠ь|сн҃ь
либо|лібо
дьщи|дьщі
бѫдеть|бѫдеть
не|не
мните|мніте
ꙗ̇ко|ꙗко
тꙋ|тоу
тако|тако
бⱑдемь|бѧдемь
ꙗ̇коже|ꙗкоже
на|на
ꙁеми|земі
сѫдиѫ|сѫдіѫ
бо|бо
сего|сего
мира|міра
гл͠еть|гл҃еть
лѣть|лѣть
е̇сть|есть
родителема|родітелема
чѧдомь|чѧдомь
творити|творіті
вьсе|вьсе
либо|лібо
добро|добро
либо|лібо
ꙁло|зло
нѫ|нѫ
присно|прісно
вьсе|вьсе
лѣть|лѣть
є̇сть|есть
нѫ|нѫ
вьсе|вьсе
на|на
польꙃѫ|пользѫ
реⷱ҇|реч
бо|бо
павель|павель
бл͠женꙿны̇и̇|бл҃женнъіі
многащи|многащі
раба|раба
вьстанеть|вьстанеть
вы̇ше|въіше
господина|господіна
свое̇го|своего
сь|сь
дрьꙁновениѥ̇мь|дрьзновеніемь
свои̇мь|своімь
и̇|і
рабы̇нѫ|рабъінѫ
вы̇ше|въіше
гжⷣѫ|гждѫ
своѫ̇|своѫ
и̇|і
оу꙼ченикь|оученікь
выше|въіше
оу̇чителѣ|оучітелѣ
и̇|і
вьси|вьсі
равно|равно
сьпрѧть|сьпрѧть
сѧ|сѧ
на|на
страшꙿнѣмь|страшнѣмь
сѫдѣ|сѫдѣ
чѧда|чѧда
сь|сь
родители|родітелі
и̇|і
жены̇|женъі
сь|сь
мѫжи|мѫжі
свои̇ми|своімі
и̇|і
когожⷣо|когождо
дѣла|дѣла
а꙼вѣ|авѣ
бѫⷣть|бѫдть
и̇|і
тѡго|того
ради|раді
павель|павель
вꙿсѣ|всѣ
ꙁапрѣщає̇ть|запрѣщаеть
гл͠ѧ|гл҃ѧ
чѧда|чѧда
послоушаи̇те|послоушаіте
родителѧ|родітелѧ
своѫ̇|своѫ
ѡ̇|о
г͠и|г҃і
а̇|а
родителиє̇|родітеліе
не|не
гнѣваи̇те|гнѣваіте
чѧдъ|чѧдъ
свои̇хь|своіхь
раби|рабі
послоушаи̇те|послоушаіте
свои̇хь|своіхь
гьⷣ|гьд
мѫжиє̇|мѫжіе
любите|любіте
жены|женъі
вашѧ|вашѧ
жены|женъі
бои̇те|боіте
сѧ|сѧ
мѫжь|мѫжь
вашихь|вашіхь
да|да
вьси|вьсі
беꙁь|безь
ꙩ̇сѫжⷣениꙗ̇|осѫжденіꙗ
бѫдете|бѫдете
на|на
страшꙿнѣмь|страшнѣмь
сѫдищи|сѫдіщі
оу꙼бои̇те|оубоіте
сѧ|сѧ
братиє̇|братіе
д͠не|д҃не
тѡгѻ|того
въ|въ
ньже|ньже
и̇мать|імать
пастирь|пастірь
раꙁлѫчити|разлѫчіті
ѡ̇вьцѧ|овьцѧ
ѡ̇|о
деснѫѫ̇|деснѫѫ
себе|себе
и̇|і
реⷱ҇|реч
денимь|денімь
грѧдѣте|грѧдѣте
бл͠гословени|бл҃гословені
ѡ̇ц͠а|оц҃а
мⷪѥ̇го|моего
и̇|і
наслѣдоуи̇те|наслѣдоуіте
оу꙼готованьно|оуготованьно
е̇сть|есть
ваⷨ҇|вам
цр͠тво|цр҃тво
нб͠есноє̇|нб҃есное
прѣжⷣе|прѣжде
строє̇ниꙗ̇|строеніꙗ
мира|міра
вꙿсего|всего
помысли|помъіслі
бл͠одѣть|бл҃одѣть
и̇|і
дрьꙁновение̇|дрьзновеніе
ѥ̇же|еже
при|прі
а꙼нꙿг͠лѣхь|анг҃лѣхь
и̇|і
пррⷪ҇цѣхь|прроцѣхь
и̇|і
а꙼плⷭ҇ѣхь|аплсѣхь
слышѧще|слъішѧще
такова|такова
словеса|словеса
и̇|і
почто|почто
мꙋдиши|моудіші
и̇|і
е̇же|еже
дає̇ши|даеші
нищимь|ніщімь
б͠оу|б҃оу
даѥ̇ши|даеші
ꙗ̇коже|ꙗкоже
самь|самь
реⷱ҇|реч
ꙗ̇ко|ꙗко
а꙼ще|аще
кто|кто
створить|створіть
є̇диномоу|едіномоу
симь|сімь
малимь|малімь
мънѣ|мънѣ
сътвористе|сътворісте
такожⷣе|такожде
же|же
и̇|і
гонѧще|гонѧще
оу꙼богыѫ̇|оубогъіѫ
хаⷭ҇|хас
сѫть|сѫть
гониле|гоніле
тѡго|того
ради|раді
поставить|поставіть
ѫ̇|ѫ
ѻ̇|о
шоуѫ̇|шоуѫ
ꙗ̇ко|ꙗко
ѡ̇ни|оні
прогнашѧ|прогнашѧ
нищѫѫ̇|ніщѫѫ
такожⷣе|такожде
и̇|і
г͠ь|г҃ь
проженеть|проженеть
ѫ̇|ѫ
гл͠ѧ|гл҃ѧ
ѡ̇тидѣте|отідѣте
ѿ|от
мене|мене
проклѧтыи̇|проклѧтъіі
и̇деже|ідеже
є̇сть|есть
плачь|плачь
и|і
скрѧжеть|скрѧжеть
ꙁѫбомь|зѫбомь
помьсли|помьслі
стоуда|стоуда
того|того
є̇же|еже
при|прі
народѣ|народѣ
а꙼нгл͠ьстѣ|англ҃ьстѣ
и̇|і
ꙁдѣ|здѣ
бо|бо
а꙼ще|аще
ꙩ̇бличⷷ҇нь|облічень
бѫдеть|бѫдеть
кто|кто
ѡ̇|о
нѣкоє̇мь|нѣкоемь
грѣсѣ|грѣсѣ
при|прі
є̇диномь|едіномь
дроуꙃѣ|дроузѣ
колико|коліко
сѧ|сѧ
срамлѣть|срамлѣть
лицемь|ліцемь
и̇|і
како|како
не|не
хощеть|хощеть
и̇ꙁлѣсти|ізлѣсті
и̇|і
колько|колько
молить|моліть
дроугы|дроугъі
своѫ̇|своѫ
и̇|і
сьсѣди|сьсѣді
и̇|і
ѫ̇жикы̇|ѫжікъі
стоуда|стоуда
дѣльма|дѣльма
ѻ̇|о
ньнемꙿже|ньнемже
ѡ̇бличень|облічень
быⷭ҇|бъіс
помысли|помъіслі
стоудь|стоудь
тьи̇|тьі
и̇деже|ідеже
тми|тмі
а꙼нгл͠ь|англ҃ь
прѣдъстоѫ̇|прѣдъстоѫ
и̇|і
чины|чінъі
пррⷪ҇чьсти|пррочьсті
и̇|і
лици|ліці
а꙼пльⷭ҇сти|апльссті
и̇|і
множьство|множьство
мⷱ҇кь|мчкь
бечислъно|бечіслъно
и̇|і
весь|весь
мирь|мірь
и̇|і
реⷱ҇|реч
сѫдиꙗ̇|сѫдіꙗ
ѿи̇дѣте|отідѣте
ѿ|от
мене|мене
прокѫтии̇|прокѫтіі
а꙼лькахь|алькахь
бо|бо
не|не
дасте|дасте
мі|мі
ꙗ̇сти|ꙗсті
жѧдахь|жѧдахь
и̇|і
не|не
напои̇сти|напоісті
мѧ|мѧ
нагь|нагь
и̇|і
не|не
ѡ̇дꙗа꙼сте|одꙗасте
мене|мене
странень|странень
бѣхь|бѣхь
и̇|і
не̇|не
вьведосте|вьведосте
мѧ|мѧ
почто|почто
мы|мъі
рече|рече
вины̇|вінъі
дѣє̇те|дѣете
ѿсѣкохь|отсѣкохь
ти|ті
выны̇|въінъі
реⷱ҇|реч
не|не
и̇маши|імаші
ѿвѣта|отвѣта
а꙼ще|аще
бо|бо
бихь|біхь
рекьⷧ҇|рекьл
ти|ті
тꙿчиѫ̇|тчіѫ
а꙼лькахь|алькахь
и̇|і
не|не
дасте|дасте
ми|мі
а꙼сти|асті
рекьли|рекьлі
бисте|бісте
не|не
и̇мѣхꙿмы|імѣхмъі
хлѣба|хлѣба
хлѣба|хлѣба
ли|лі
не|не
и̇маши|імаші
воды̇|водъі
ли|лі
не|не
и̇маши|імаші
а꙼|а
ногоу|ногоу
не|не
и̇маль|імаль
ли|лі
есы̇|есъі
посѣтити|посѣтіті
недьжьны̇хь|недьжьнъіхь
и̇|і
темничьникы̇|темнічьнікъі
и̇|і
не|не
можаше|можаше
ли|лі
вьꙁьдъхнѫти|вьзьдъхнѫті
сь|сь
печальны̇мь|печальнъімь
ты̇|тъі
оу꙼бо|оубо
не|не
и̇маши|імаші
хлѣбь|хлѣбь
и̇ли|ілі
и̇но|іно
что|что
є̇же|еже
можеть|можеть
ꙋтѣшити|оутѣшіті
нищѫѫ̇|ніщѫѫ
дажⷣь|даждь
нищемⷹ|ніщемоу
а꙼ще|аще
ли|лі
хлѣба|хлѣба
не|не
и̇маши|імаші
а꙼|а
ты̇|тъі
поскрьби|поскрьбі
сь|сь
нимь|німь
и̇|і
дажⷣъ|даждъ
е̇моу|емоу
мл͠твѫ|мл҃твѫ
и̇|і
а꙼ще|аще
оу꙼|оу
тебе|тебе
не|не
ѡ̇брѧщеть|обрѧщеть
покои|покоі
а꙼|а
оу꙼|оу
и̇ного|іного
ѻ̇брѧщеть|обрѧщеть
а꙼ще|аще
тако|тако
твориши|творіші
больши|больші
есть|есть
ѥ̇же|еже
ꙁлато|злато
даваѫ̇ть|даваѫть
оу꙼тѣшиль|оутѣшіль
є̇си|есі
нищаа꙼го|ніщааго
видиши|відіші
ли|лі
велика|веліка
сѧть|сѧть
дѣла|дѣла
млтⷭ҇ы̇нѫ|млтсъінѫ
ние̇динаже|ніедінаже
дѣтель|дѣтель
можеть|можеть
ꙁагладити|загладіті
грѣхы̇|грѣхъі
ꙗ̇коже|ꙗкоже
млⷭ҇ты̇нѣ|млстъінѣ
тѡго|того
ради|раді
гл͠ѫть|гл҃ѫть
бж͠иѫ̇|бж҃іѫ
книгы̇|кнігъі
мл͠оуѭ̇|мл҃оуѭ
нища|ніща
бг͠оу|бг҃оу
дае̇ть|даеть
вь|вь
ꙁає̇мь|заемь
а꙼ще|аще
вь|вь
ꙁаѥ̇мь|заемь
даси|дасі
ꙁлато|злато
чл͠вкоу|чл҃вкоу
а꙼ще|аще
не|не
ꙁапишеть|запішеть
поречениꙗ̇|пореченіꙗ
не|не
и̇меши|імеші
е̇моу|емоу
вѣры̇|вѣръі
и̇|і
на|на
вьсе|вьсе
лѣто|лѣто
оу꙼|оу
него|него
мѫꙁѫⷣ|мѫзѫд
е̇млеши|емлеші
да|да
не|не
написанию̇|напісанію
ѡ̇бетьшавꙿшоу|обетьшавшоу
и̇|і
ѿврьжеть|отврьжеть
сѧ|сѧ
ꙁає̇мовавы̇|заемовавъі
а꙼|а
оу꙼|оу
б͠а|б҃а
нⷭ҇ѣ|нсѣ
ти|ті
тако|тако
нѫ|нѫ
а꙼ще|аще
даси|дасі
оу꙼бг͠оу|оубг҃оу
б͠оу|б҃оу
порѫчаѥ̇ши|порѫчаеші
ꙁає̇мь|заемь
въꙁдати|въздаті
ти|ті
сь|сь
многоѫ̇|многоѫ
чⷭ҇тиѫ̇|чстіѫ
и̇|і
бл͠гословлениѥ̇мь|бл҃гословленіемь
гл͠ѫ|гл҃ѫ
грѧдѣте|грѧдѣте
бл͠гословлени|бл҃гословлені
ꙩ̇ц͠а|оц҃а
мое̇го|моего
и̇|і
наслѣдоуи̇те|наслѣдоуіте
оу꙼готованꙿноє̇|оуготованное
вамь|вамь
црⷭ҇тво|црство
прѣжⷣе|прѣжде
строе̇ниꙗ̇|строеніꙗ
вьсего|вьсего
мира|міра
тоꙃи|тозі
ти|ті
оу꙼готовахь|оуготовахь
е̇гда|егда
ты̇|тъі
ꙋбогыⷯ|оубогъіх
посѣщаше|посѣщаше
и̇|і
темничꙿныⷯ҇|темнічнъіх
є̇гⷣа|егда
ты|тъі
тѡ|то
творѣше|творѣше
а꙼ꙁь|азь
ти|ті
црⷭ҇тво|црство
готовѣхь|готовѣхь
и̇|і
не|не
мꙿни|мні
ꙗ̇ко|ꙗко
тьчиѫ̇|тьчіѫ
тогда|тогда
ꙁрѣхь|зрѣхь
ѥ̇гⷣа|егда
ты|тъі
ты̇ѫ̇|тъіѫ
млтⷭ҇инѫ|млтсінѫ
творѣше|творѣше
нѫ|нѫ
и̇|і
на|на
нб͠се|нб҃се
прѣдъ|прѣдъ
мноѫ̇|мноѫ
стоꙗ̇ше|стоꙗше
рⷱе|рче
бо|бо
а꙼нгл͠ь|англ҃ь
кь|кь
корꙿнилию̇|корнілію
мл͠твы|мл҃твъі
твоѫ̇|твоѫ
и̇|і
млⷭ҇ты̇нѫ|млстъінѫ
твоѫ̇|твоѫ
въꙁыдошѧ|възъідошѧ
вь|вь
памѧть|памѧть
прⷣѣ|прдѣ
б͠а|б҃а
и|і
црⷭ҇тво|црство
и̇|і
жиꙁнъ|жізнъ
съ|съ
а꙼нꙿг͠лы̇|анг҃лъі
оу꙼готовашѧ|оуготовашѧ
того|того
же|же
и̇|і
сь|сь
ст͠ымы|ст҃ъімъі
вьсе|вьсе
ти|ті
оу꙼готоⷡ҇҇шⷶ҇ѧ|оуготовшаѧ
млⷭ҇тынѫ|млстъінѫ
твоѫ̇|твоѫ
ѥ̇гⷣа|егда
и̇ꙃидеши|ізідеші
ѿ|от
тѣла|тѣла
твое̇го|твоего
и̇|і
не|не
пеци|пеці
сѧ|сѧ
ѡ̇|о
ꙩ̇битѣли|обітѣлі
твое̇и̇|твоеі
самь|самь
бо|бо
влⷣка|влдка
срѧщеть|срѧщеть
тѧ|тѧ
гл͠ѧ|гл҃ѧ
грѧдѣ|грѧдѣ
бл͠гословени|бл҃гословені
ѡ̇ц͠а|оц҃а
моє̇го|моего
наслѣдоуи̇те|наслѣдоуіте
оу꙼готованное̇|оуготованное
вамь|вамь
црⷭ҇тво|црство
ѿ|от
сьтворениꙗ̇|сьтвореніꙗ
вьсего|вьсего
мира|міра
а꙼лькахь|алькахь
бо|бо
и̇|і
дасте|дасте
ми|мі
ꙗ̇сти|ꙗсті
жѫдахь|жѫдахь
и̇|і
напои̇сте|напоісте
мⱑ|мѧ
и̇|і
прочаꙗ̇|прочаꙗ
ꙁри|зрі
же|же
величие̇|велічіе
млⷭ҇тынѫ|млстъінѫ
не|не
рече|рече
бо|бо
ꙗ̇ко|ꙗко
мене|мене
ради|раді
сꙿхранисте|схраністе
дѣвьство|дѣвьство
и̇ли|ілі
мене|мене
ради|раді
посты̇дѣсте|постъідѣсте
сѧ|сѧ
нѫ|нѫ
реⷱ҇|реч
а꙼лькахь|алькахь
и̇|і
не|не
дасте|дасте
ми|мі
ꙗ̇сти|ꙗсті
и̇|і
прочеѥ̇|прочее
велико|веліко
и̇|і
добро|добро
є̇сть|есть
на|на
всѣ|всѣ
дѣла|дѣла
нѫ|нѫ
менꙿша|менша
сѫть|сѫть
милосты̇нѫ|мілостъінѫ
сьблюдошѧ|сьблюдошѧ
дв͠ьство|дв҃ьство
и̇|і
.е͠.|е҃
дв͠ь|дв҃ь
боуи̇хь|боуіхь
и̇|і
.е͠.|е҃
мѫды̇хь|мѫдъіхь
дв͠ьство|дв҃ьство
сь|сь
милосты̇неѫ̇|мілостъінеѫ
и̇мѣхѫ|імѣхѫ
и̇|і
тѡто|тото
ради|раді
ꙩ̇ни|оні
вꙿнидошѧ|внідошѧ
вь|вь
чрътогь|чрътогь
а꙼|а
бѫѫ̇|бѫѫ
дв͠ьство|дв҃ьство
е̇дино|едіно
сьблюдошѧ|сьблюдошѧ
чаѫ̇щимь|чаѫщімь
цр͠ьство|цр҃ьство
нбⷭ҇ноє̇|нбсное
и̇|і
ничесоже|нічесоже
и̇ного|іного
не|не
стѧжашѧ|стѧжашѧ
и|і
тⷪго|того
ради|раді
и̇|і
б͠ь|б҃ь
рⷱ҇е|рче
кь|кь
нимь|німь
ѻ̇тидѣте|отідѣте
ѿ|от
мене|мене
не|не
ꙁнаѫ̇|знаѫ
вась|вась
ѿвѣщашѧ|отвѣщашѧ
же|же
ѡ̇ны̇|онъі
почто|почто
г͠и|г҃і
не|не
тебе|тебе
ли|лі
дѣльма|дѣльма
великое̇|велікое
ражⷣежениє̇|раждеженіе
стрьпѣхомꙸ|стрьпѣхомъ
ѿвѣща|отвѣща
же|же
г͠ь|г҃ь
кь|кь
нимь|німь
дв͠ьство|дв҃ьство
мене|мене
ради|раді
сьблюдосте|сьблюдосте
и̇|і
оу꙼бога|оубога
не|не
пом͠ловасте|пом҃ловасте
и̇|і
е̇гⷣа|егда
вь|вь
дв͠ери|дв҃ері
вашѧ|вашѧ
тьльчаше|тьльчаше
и̇|і
мⷪ҇лѣш[е]|молѣше
еⷭ҇|ес
гл͠ѧ|гл҃ѧ
оу꙼миленомь|оуміленомь
гл͠асомь|гл҃асомь
помилоуи̇те|помілоуіте
мѧ|мѧ
гладемь|гладемь
гыблѫща|гъіблѫща
ср͠це|ср҃це
ми|мі
хощеть|хощеть
оу꙼слѧкнѫти|оуслѧкнѫті
ѿ|от
ꙁелиꙗ̇|зеліꙗ
дш͠а|дш҃а
ми|мі
хощеть|хощеть
и̇ꙁлѣсти|ізлѣсті
хлѣбоу|хлѣбоу
хотѧщи|хотѧщі
тѣло|тѣло
ми|мі
трепещеть|трепещеть
ѿ|от
ꙁимы̇|зімъі
кости|кості
ми|мі
сламаѫ̇ть|сламаѫть
сѧ|сѧ
и̇|і
ꙁѫби|зѫбі
ми|мі
скрьжещѫть|скрьжещѫть
ногы̇|ногъі
ми|мі
горѧть|горѧть
и̇|і
вьсе|вьсе
ми|мі
тѣло|тѣло
сломлено|сломлено
е̇сть|есть
ѿ|от
мраꙁа|мраза
помилоуи̇|помілоуі
мѧ|мѧ
и̇|і
не|не
прѣꙁри|прѣзрі
мене|мене
си|сі
словеса|словеса
слы̇шѫ|слъішѫ
и̇|і
оу꙼богаго|оубогаго
не|не
помилова|помілова
каꙗ̇|каꙗ
тии̇|тіі
польꙁа|польза
ꙗ̇ко|ꙗко
постиши|постіші
сѧ|сѧ
по|по
вьсѫ|вьсѫ
дн͠и|дн҃і
и̇ли|ілі
чрѣꙁь|чрѣзь
дн͠ь|дн҃ь
и̇ли|ілі
чрѣꙁь|чрѣзь
неⷣлѧ|недлѧ
не|не
сьтворѫ|сьтворѫ
млⷭ҇ты̇нѫ|млстъінѫ
да|да
и̇|і
ты̇|тъі
альчеш|альчеш
и|і
беꙁ|без
ꙋма|оума
и̇|і
оу꙼богы|оубогъі
гладемь|гладемь
мр͠еть|мр҃еть
каꙗ̇|каꙗ
ти|ті
польꙁа|польза
е̇сть|есть
а꙼ще|аще
ты̇|тъі
с|с
вечера|вечера
и̇|і
вьсѫ|вьсѫ
нощь|нощь
пое̇ши|поеші
вь|вь
дꙿвои̇хь|двоіхь
и̇ли|ілі
.д͠.|д҃
риꙁахь|різахь
стоѫ̇|стоѫ
а̇|а
оу꙼богы̇и̇|оубогъіі
прѣдъ|прѣдъ
враты|вратъі
твои̇ми|твоімі
ꙁымоѫ̇|зъімоѫ
мꙿреть|мреть
каꙗ̇|каꙗ
ти|ті
польꙁа|польза
ѥⷭ҇|ес
ѿ|от
вьсего|вьсего
того|того
такожⷣе|такожде
чл͠ка|чл҃ка
не|не
помиловавꙿши|поміловавші
ни|ні
дв͠ери|дв҃ері
є̇моу|емоу
ѿврьꙁьши|отврьзьші
ни|ні
хлѣба|хлѣба
насищьшоу|насіщьшоу
ни|ні
воды̇|водъі
напои̇вьшоу|напоівьшоу
ни|ні
плещоу|плещоу
сьгрѣꙗ̇вьшоу|сьгрѣꙗвьшоу
и̇|і
того|того
ради|раді
ти|ті
и̇|і
ꙁатворени|затворені
бы̇шѫ|бъішѫ
двери|двері
чрьтожьны̇ѫ̇|чрьтожьнъіѫ
ѿи̇дѣте|отідѣте
ѿ|от
мене|мене
не|не
ꙁнаѫ̇|знаѫ
вась|вась
и̇|і
того|того
ради|раді
и̇|і
ты̇ѫ̇|тъіѫ
дв͠ы|дв҃ъі
бꙋѫ̇|боуѫ
нареⷱ҇ни|наречні
бы̇шѧ|бъішѧ
не|не
и̇мѫщѧѩ̇|імѫщѧѧ
млⷭ҇ты̇нѫ|млстъінѫ
ꙗ̇коже|ꙗкоже
бо|бо
а꙼ще|аще
кто|кто
вьжежеть|вьжежеть
свѣтильникь|свѣтільнікь
ти|ті
не|не
прикаплає̇ть|прікаплаеть
масла|масла
оу꙼гасає̇ть|оугасаеть
такожⷣе|такожде
и̇мѣѭ̇|імѣѭ
дв͠ьство|дв҃ьство
и̇|і
не|не
прикаплеть|прікаплеть
масла|масла
кь|кь
немꙋ|немоу
млⷭ҇ты̇неѭ̇|млстъінеѭ
оу̇богыхь|оубогъіхь
ничесоже|нічесоже
приꙩ̇брѣте|пріобрѣте
и̇|і
ꙗ̇коже|ꙗкоже
се|се
кто|кто
а꙼ще|аще
насадить|насадіть
дрѣво|дрѣво
добро|добро
и̇|і
не|не
полѣе̇ть|полѣеть
го|го
вь|вь
врѣмѧ|врѣмѧ
ведра|ведра
оу꙼вѧдає̇ть|оувѧдаеть
и̇|і
пⷧ҇ода|плода
не|не
створить|створіть
такождє|такожде
и̇|і
дв͠ьство|дв҃ьство
а꙼ще|аще
не|не
напоє̇но|напоено
бѫдеть|бѫдеть
масломь|масломь
млⷭ҇ты̇нѫ|млстъінѫ
и̇|і
оу꙼вѧдає̇ть|оувѧдаеть
велицѣ|веліцѣ
е̇стѣ|естѣ
крилѣ|крілѣ
млⷭ҇ты̇ны̇и̇|млстъінъіі
и̇|і
до|до
небеⷭ҇|небес
вьꙁносѧтъ|вьзносѧтъ
и̇|і
не|не
до|до
нбⷭ҇ь|нбсь
тьчиѫ̇|тьчіѫ
нѫ|нѫ
и̇|і
до|до
самого|самого
прѣстола|прѣстола
бж͠иꙗ|бж҃іꙗ
многащи|многащі
помы̇шлⷺѥ̇ши|помъішлѣеші
и̇|і
ты̇|тъі
на|на
трьгь|трьгь
далече|далече
и̇|і
коупити|коупіті
нѣчто|нѣчто
и̇|і
несеши|несеші
много|много
и̇мьже|імьже
коуплѧ|коуплѧ
дѣꙗ̇ти|дѣꙗті
и̇|і
клѧтвы̇|клѧтвъі
бы̇ваѫ̇ть|бъіваѫть
и̇|і
прѧ|прѧ
и̇|і
е̇гⷣа|егда
грѣхь|грѣхь
сѧ|сѧ
врьшить|врьшіть
тѡгда|тогда
коуплѣ|коуплѣ
сконꙿчае̇ть|скончаеть
сѧ|сѧ
и̇|і
сьбѫдеть|сьбѫдеть
сѧ|сѧ
реченьноє̇|реченьное
прѣмѫдры̇мь|прѣмѫдръімь
соломономь|соломономь
ꙗ̇коже|ꙗкоже
мⷷ҇ждоу|междоу
прѣмы̇|прѣмъі
и̇|і
коуплѣми|коуплѣмі
сьврьши|сьврьші
сѧ|сѧ
грѣхь|грѣхь
и̇|і
вьꙁвращаѫ̇|вьзвращаѫ
же|же
сѧ|сѧ
вь|вь
домь|домь
свои̇|своі
є̇же|еже
ѥ̇си|есі
стѫжаль|стѫжаль
с|с
троудомь|троудомь
и̇|і
скрьбы̇ѫ̇|скрьбъіѫ
многоѫ̇|многоѫ
и̇|і
на|на
пѫти|пѫті
погоубиль|погоубіль
ѥ̇си|есі
а꙼|а
ѡ̇|о
цр͠кви|цр҃кві
ничесоже|нічесоже
таковаго|таковаго
не|не
подъе̇меши|подъемеші
ни|ні
по|по
пѫти|пѫті
сѧ|сѧ
троудиши|троудіші
ни|ні
ꙁноє̇мь|зноемь
гориши|горіші
нѫ|нѫ
дома|дома
ти|ті
сѣдѫщоу|сѣдѫщоу
и̇|і
придеть|прідеть
прⷪ҇даѫ̇|продаѫ
ти|ті
породѫ|породѫ
дажьⷣ|дажьд
поне|поне
сьдранѫ|сьдранѫ
риꙁѫ|різѫ
а꙼ще|аще
новы̇|новъі
не|не
даси|дасі
дажьⷣ|дажьд
оу꙼кроухь|оукроухь
дажьⷣ|дажьд
чашѫ|чашѫ
стоудени|стоудені
воды|водъі
дажьⷣ|дажьд
є̇же|еже
хощеши|хощеші
тꙿчи̇ѫ̇|тчіѫ
коупи|коупі
породѫ|породѫ
подражаи̇|подражаі
ѡ̇нои̇|оноі
вьдовици|вьдовіці
ꙗ̇же|ꙗже
грьсть|грьсть
мѫкы̇|мѫкъі
дасть|дасть
и̇|і
коупи|коупі
црⷭ҇тво|црство
нбⷭ҇ноѥ̇|нбсное
и̇|і
пакы̇|пакъі
ѻ̇на|она
вьдовица|вьдовіца
вь|вь
е̇уⷢ҇ли|еуглі
поминаема|помінаема
ничесоже|нічесоже
и̇мѧщи|імѧщі
тьчиѫ̇|тьчіѫ
.в͠.|в҃
мѣдьницѣ|мѣдьніцѣ
и̇|і
вьврьгьши|вьврьгьші
въ|въ
сколькиѫ̇|сколькіѫ
и̇|і
породѫ|породѫ
коупи|коупі
не|не
и̇щеть|іщеть
бо|бо
сѧ|сѧ
и̇мѣние̇|імѣніе
нѫ|нѫ
доуша|доуша
млⷭ҇тива|млстіва
и̇|і
срⷣце|срдце
подативо|податіво
дажьⷣ|дажьд
оу̇бо[го]моу|оубогомоу
и̇|і
сьтвори|сьтворі
себѣ|себѣ
б͠а|б҃а
дльжꙿника|дльжніка
милоуѫ̇|мілоуѫ
и̇|і
нища|ніща
б͠оу|б҃оу
дае̇ть|даеть
вь|вь
ꙁає̇мь|заемь
когаⷣ|когад
ти|ті
б͠ь|б҃ь
дльгь|дльгь
вьꙁдасть|вьздасть
є̇гаⷣ|егад
ськры̇ѥ̇ши|ськръіеші
бг͠атьство|бг҃атьство
своѥ̇|свое
и̇|і
є̇гаⷣ|егад
ѻ̇ставлѣє̇ши|оставлѣеші
и̇нѣмь|інѣмь
не|не
троудивьшимь|троудівьшімь
сѧ|сѧ
ѡ̇|о
немь|немь
ни|ні
сьбравꙿшимь|сьбравшімь
є̇го|его
и̇|і
пои̇деши|поідеші
кь|кь
семоу|семоу
и̇|і
тѡгда|тогда
ти|ті
вьꙁдасть|вьздасть
тѣмже|тѣмже
варисли|варіслі
прⷣѣ|прдѣ
собоѫ̇|собоѫ
бг͠атьство|бг҃атьство
свое̇|свое
тогаⷣ|тогад
и̇|і
ты|тъі
по|по
немь|немь
и̇ди|іді
не|не
жиⷣ|жід
же|же
старⷪсти|старості
ни|ні
лѣта|лѣта
дꙿлага|длага
беꙁвѣстꙿно|безвѣстно
бо|бо
єⷭ҇|ес
житие̇|жітіе
ꙗ̇ко|ꙗко
и̇|і
тать|тать
вꙿ|в
нощи|нощі
тако|тако
и̇|і
наи̇де̇ть|наідеть
сꙿмрь[ть]|смрьть
и̇|і
ты̇|тъі
тамо|тамо
и̇д[е]ши|ідеші
а꙼|а
и̇мѣние̇|імѣніе
ти|ті
ꙁде|зде
ѡ̇станеть|останеть
ты̇|тъі
желає̇ши|желаеші
каплѫ|каплѫ
водꙿны̇ѫ̇|воднъіѫ
а̇|а
ꙁеⷣ|зед
бо͠гатьство|бо҃гатьство
твои̇|твоі
ни|ні
дѣлѧть|дѣлѧть
такоже|такоже
и̇|і
вьсхотѣ|вьсхотѣ
каплѫ|каплѫ
водꙿны̇ѫ̇|воднъіѫ
богаты|богатъі
ѡ̇нь|онь
сы̇|съі
въ|въ
ѡ̇гꙿни|огні
и̇|і
мⷪ҇лѣше|молѣше
а꙼враа꙼ма|авраама
помл͠оуи̇|помл҃оуі
мѧ|мѧ
и̇|і
посли|послі
лаꙁарѣ|лазарѣ
да|да
малымь|малъімь
прьстомь|прьстомь
сьвлажить|сьвлажіть
ми|мі
оу꙼стьнѣ|оустьнѣ
ꙗ̇ко|ꙗко
сьгараѫ̇|сьгараѫ
вь|вь
пламицѣ|пламіцѣ
семь|семь
богаты̇|богатъі
на|на
ꙁеми|земі
живѣше|жівѣше
вь|вь
багрѣ|багрѣ
ходѧ|ходѧ
кони|коні
е̇го|его
бѣли|бѣлі
ꙁатомь|затомь
оу꙼крашени|оукрашені
и̇|і
седла|седла
е̇го|его
пⷪꙁлащена|позлащена
и̇|і
раби|рабі
прѣди|прѣді
текѫще|текѫще
мноꙁи|мнозі
вь|вь
брачинехь|брачінехь
и̇|і
вь|вь
гры̇внахь|гръівнахь
ꙁлатыⷯ҇|златъіх
а꙼|а
дроуꙃи|дроузі
послѣдъ|послѣдъ
ꙩ̇брѫчи|обрѫчі
и̇|і
мⷪниста|моніста
носѧще|носѧще
и̇|і
ѿнѫдь|отнѫдь
рещи|рещі
вь|вь
велицѣ|веліцѣ
славѣ|славѣ
и̇ꙁлаꙃѣше|ізлазѣше
и̇|і
на|на
ѡ̇бѣдъ|обѣдъ
е̇моу|емоу
слоужьба|слоужьба
многа|многа
ꙁаⷧ҇таꙗ̇|залтаꙗ
и̇|і
сребрьна|сребрьна
блюда|блюда
и̇|і
вино|віно
много|много
и̇|і
красно|красно
тетрѧби|тетрѧбі
и̇|і
гѫси|гѫсі
и̇|і
жераве|жераве
и̇|і
ѥ̇рѧбицѧ|ерѧбіцѧ
голѧби|голѧбі
и̇|і
коурѫта|коурѫта
ꙁаѫци|заѫці
и̇|і
е̇лѣни|елѣні
множьство|множьство
сокачи|сокачі
работаѫ̇ще|работаѫще
и̇|і
дѣлаѫ̇ще|дѣлаѫще
сь|сь
потомь|потомь
и̇ни|іні
мноꙁи|мнозі
текѫще|текѫще
и̇|і
работаѫ̇ще|работаѫще
и̇|і
на|на
пръстехь|пръстехь
блюда|блюда
носѧще|носѧще
и̇|і
и̇ни|іні
махахѫ|махахѫ
съ|съ
боꙗ̇ꙁꙿниѫ̇|боꙗзніѫ
и̇|і
и̇ни|іні
сребрьны̇ѫ̇|сребрьнъіѫ
ѻ̇мивальницѫ|омівальніцѫ
дръжѧще|дръжѧще
и̇|і
и̇ни|іні
оу꙼кропьныкы̇|оукропьнъікъі
доуѫ̇ще|доуѫще
и̇|і
ти|ті
вꙿси|всі
троужаⷣа꙼хѫ|троужадахѫ
сѧ|сѧ
тьщѫще|тьщѫще
сѧ|сѧ
да|да
є̇диного|едіного
богатаа꙼го|богатааго
чрѣво|чрѣво
насытѧть|насъітѧть
готовѧще|готовѧще
ѥ̇моу|емоу
ѡ̇дрь|одрь
слоновь|слоновь
съ|съ
прѣдьканами|прѣдьканамі
понавами|понавамі
и̇|і
свилами|свіламі
мѧками|мѧкамі
и̇|і
вьꙁлежѫщоу|вьзлежѫщоу
є̇мⷹ|емоу
и̇|і
не|не
могѫщоу|могѫщоу
е̇моу|емоу
оу꙼снѫти|оуснѫті
и̇|і
дроуꙃи|дроузі
е̇мⷹ|емоу
ноꙁѣ|нозѣ
гладѣхѫ|гладѣхѫ
и̇|і
и̇ни|іні
по|по
лѧдвиꙗмь|лѧдвіꙗмь
трѣхѫ|трѣхѫ
тако|тако
бѣше|бѣше
слава|слава
бг͠атаго|бг҃атаго
и̇|і
бѣше|бѣше
ѥ̇динь|едінь
нищь|ніщь
и̇менемь|іменемь
лаꙁарь|лазарь
лежаше|лежаше
прѣдъ|прѣдъ
врати|враті
бг͠атаго|бг҃атаго
и|і
не|не
даꙗ̇ше|даꙗше
е̇моу|емоу
видѫ|відѫ
же|же
богатыи̇|богатъіі
и̇|і
ѿвращаа̇ше|отвращааше
лице|ліце
свое̇|свое
гнѫшаа꙼ше|гнѫшааше
сѧ|сѧ
ѿ|от
него|него
и̇|і
не|не
рече|рече
ꙩ̇каꙗ̇ны̇|окаꙗнъі
тои̇|тоі
ꙗ̇ко|ꙗко
се|се
и̇|і
чл͠кь|чл҃кь
ѥⷭ҇|ес
ꙗ̇коже|ꙗкоже
и̇|і
а꙼ꙁь|азь
тажⷣе|тажде
рѫка|рѫка
и̇|і
ѡ̇ба|оба
сьꙁдала|сьздала
и̇|і
не|не
прѣкони|прѣконі
сѧ|сѧ
мы̇слиѫ̇|мъісліѫ
и̇|і
не|не
доклони|доклоні
сѧ|сѧ
млⷭ҇тынеѫ̇|млстъінеѫ
и̇|і
не|не
помилова|помілова
сѧщаго|сѧщаго
вь|вь
толицѣ|толіцѣ
вѣдѣ|вѣдѣ
и̇|і
лежѫща|лежѫща
оу꙼|оу
врать|врать
є̇го|его
и̇|і
пꙿси|псі
приходѧще|пріходѧще
и̇|і
видѧще|відѧще
тавы̇|тавъі
гнои̇|гноі
и̇|і
гнѫсь|гнѫсь
сь|сь
крьвыѫ̇|крьвъіѫ
текѫщь|текѫщь
и̇|і
млрⷭ҇диꙗ̇|млрсдіꙗ
творѣхѫ|творѣхѫ
пꙿсы̇|псъі
ꙗ̇ко|ꙗко
сь|сь
гѫбоѫ̇|гѫбоѫ
ѧ̇ꙁыкомь|ѧзъікомь
ꙩ̇тираѫ̇ще|отіраѫще
ѿ|от
оу꙼дъ|оудъ
е̇го|его
ѡ̇блобыꙁаѫ̇ще|облобъізаѫще
врѣдь|врѣдь
ꙗ̇ко|ꙗко
се|се
хитри|хітрі
врачеве|врачеве
оу꙼врачоуѫ̇ще|оуврачоуѫще
ꙗ̇ꙁвы̇|ꙗзвъі
сь|сь
мнⷪгомь|многомь
блюдениє̇мь|блюденіемь
и̇|і
хы̇тро|хъітро
ꙁиꙗ̇ѫ̇ще|зіꙗѫще
да|да
не|не
дои̇де|доіде
ꙗ̇дъ|ꙗдъ
ѿ|от
ꙁѫбь|зѫбь
и̇хь|іхь
и̇|і
поболить|поболіть
правдивъ|правдівъ
ѡ̇|о
велиꙗ̇|веліꙗ
лютѡсть|лютость
бг͠атаго|бг҃атаго
пꙿси|псі
приходѧще|пріходѧще
хы̇тростиѩ̇|хъітростіѧ
кь|кь
немоу|немоу
а̇|а
ѡ̇нь|онь
богаты̇|богатъі
ни|ні
хлѣба|хлѣба
е̇моу|емоу
даа̇ше|дааше
пꙿси|псі
не|не
ꙁнаѫ̇ще|знаѫще
б͠а|б҃а
ни|ні
вьск͠рсени̇ꙗ̇|вьск҃рсеніꙗ
чаѫ̇ще|чаѫще
и̇|і
на|на
врачевание̇|врачеваніе
оу꙼б͠гаго|оуб҃гаго
и̇дѣхѫ|ідѣхѫ
а꙼꙼|а
б͠гаты̇|б҃гатъі
чаѫ̇|чаѫ
стоꙗ̇ти|стоꙗті
прѣдъ|прѣдъ
сѫдищемь|сѫдіщемь
срташꙿны̇мь|срташнъімь
и̇|і
оу꙼б͠гаго|оуб҃гаго
не|не
помилова|помілова
оу̇богы̇|оубогъі
вь|вь
раи̇|раі
пищѫ|піщѫ
а꙼|а
б͠гаты̇|б҃гатъі
вь|вь
мѫкѫ|мѫкѫ
ѻ̇нь|онь
славень|славень
а꙼|а
сеи̇|сеі
бесьчⷭ҇тень|бесьчстень
ѡ̇нь|онь
богать|богать
а꙼|а
сеи̇|сеі
оу꙼б͠гь|оуб҃гь
ѡ̇нь|онь
вь|вь
мноꙃѣ|мнозѣ
славѣ|славѣ
живѣше|жівѣше
а꙼|а
сеи̇|сеі
вꙿ|в
недѫꙃѣ|недѫзѣ
живѣше|жівѣше
воледавии̇мь|воледавіімь
на|на
ѡ̇номь|ономь
свѣтѣ|свѣтѣ
житиє̇|жітіе
ѡ̇бою̇|обою
бⷭ҇ы̇|бсъі
же|же
реⷱ҇|реч
оу꙼мрѣти|оумрѣті
б͠гатѡмоу|б҃гатомоу
и̇|і
несен[оу]|несеноу
бы̇ти|бъіті
вь|вь
мѫкѫ|мѫкѫ
вѣчꙿнѫѭ̇|вѣчнѫѭ
оу꙼мрѣ|оумрѣ
же|же
лаꙁарь|лазарь
оу꙼богы̇|оубогъі
и̇|і
донесеноу|донесеноу
бы̇вꙿшоу|бъівшоу
а꙼нꙿг͠лы|анг҃лъі
на|на
лоно|лоно
а꙼враа꙼мле|авраамле
и̇|і
сы|съі
въ|въ
ѡ̇гꙿны|огнъі
богаты|богатъі
и̇|і
видѣ|відѣ
лаꙁарѣ|лазарѣ
почиваѫ̇ща|почіваѫща
на|на
лонѣ|лонѣ
а꙼враа꙼мли|авраамлі
и̇|і
поꙁна|позна
и̇|і
и̇|і
въꙁьпи|възьпі
г͠лѫ|г҃лѫ
ѡ̇че|оче
а꙼враа̇ме|аврааме
посли|послі
лаꙁарѣ|лазарѣ
да|да
ѡ̇мочить|омочіть
ми|мі
воⷣѫ̇|водѫ
оу꙼снѣ|оуснѣ
прьстомь|прьстомь
свои̇мь|своімь
ꙗ̇ко|ꙗко
гⷪрѫ|горѫ
вь|вь
пламени|пламені
семь|семь
где|где
богатьство|богатьство
где|где
грьдѣниє̇|грьдѣніе
геⷣ|гед
множьство|множьство
рабь|рабь
где|где
вино|віно
проливае̇мо|проліваемо
а꙼|а
н͠нѣ|н҃нѣ
каплѧ|каплѧ
вꙿодꙿны̇ѫ̇|воднъіѫ
желае̇ши|желаеші
где|где
ти|ті
трапеꙁа|трапеза
велика|веліка
и̇|і
ѡ̇билꙿна|обілна
где|где
сѧть|сѧть
и̇же|іже
ти|ті
таковаа꙼|таковаа
творѣхѫ|творѣхѫ
где|где
сѧть|сѧть
и̇же|іже
тѧ|тѧ
ласкахѫ|ласкахѫ
не|не
вьсе|вьсе
ли|лі
бѣ|бѣ
стѣнь|стѣнь
и̇|і
мꙵмо|ммо
и̇де|іде
и̇|і
хоужеⷣ|хоужед
паѫ̇чини|паѫчіні
быⷭ҇|бъіс
пом͠лоуи̇|пом҃лоуі
мѧ|мѧ
ѡ̇ч͠е|оч҃е
а꙼враа꙼ме|аврааме
ѡ̇|о
ꙩ̇|о
богаты̇|богатъі
е̇гда|егда
лежаше|лежаше
прѣдъ|прѣдъ
врати|враті
твои̇ми|твоімі
не|не
поꙁнаваше|познаваше
е̇го|его
на|на
сп͠сение̇|сп҃сеніе
то|то
нынѣ|нъінѣ
г͠леши|г҃леші
ѡ̇ч͠е|оч҃е
а꙼враа꙼ме|аврааме
помⷧ҇оуи̇|помлоуі
мѧ|мѧ
и̇|і
посли|послі
лаꙁарѣ|лазарѣ
ѡ̇|о
б͠гаты̇|б҃гатъі
ѥ̇гоже|егоже
николиже|ніколіже
не|не
хотѣ|хотѣ
видѣти|відѣті
ни|ні
поне|поне
словомь|словомь
прог͠глати|прог҃глаті
кь|кь
немоу|немоу
и̇|і
н͠нѣ|н҃нѣ
ли|лі
трѣбоує̇ши|трѣбоуеші
жѧдѧщаа꙼го|жѧдѧщааго
насытыⷮ҇|насъітъіт
сѧ|сѧ
ѿ|от
кроу[пи]ць|кроупіць
трапеꙁы|трапезъі
твоѫ|твоѫ
и̇|і
свиваѫ̇щаго|свіваѫщаго
сѧ|сѧ
ѿ|от
гнои̇ны̇ѫ̇|гноінъіѫ
болѣꙁьни|болѣзьні
кымь|къімь
прьстомь|прьстомь
сьмочить|сьмочіть
ти|ті
оу꙼стънѣ|оустънѣ
и̇же|іже
сь|сь
нимь|німь
не|не
хотѣше|хотѣше
а꙼сти|асті
на|на
трапеꙁѣ|трапезѣ
и̇|і
тогаⷣ|тогад
гнѫшаа꙼ше|гнѫшааше
сѧ|сѧ
ꙁрѣти|зрѣті
на|на
рѫцѣ|рѫцѣ
є̇го|его
то|то
н͠нѣ|н҃нѣ
ли|лі
м͠лиши|м҃ліші
и̇|і
да|да
вь|вь
ѫ̇ꙁы̇кь|ѫзъікь
твои̇|твоі
косноть|косноть
и̇|і
какоже|какоже
ѡ̇ц͠а|оц҃а
наричеши|нарічеші
а꙼враа꙼ма|авраама
не|не
створивь|створівь
є̇жⷷ҇|еже
ѥⷭ҇|ес
лѣпо|лѣпо
сн͠оу|сн҃оу
ѡ̇нъ|онъ
ѡ̇ць|оць
е̇сть|есть
живѫщиⷨ҇|жівѫщім
вь|вь
свѣтѣ|свѣтѣ
нⷭ҇ѣ|нсѣ
бо|бо
ника|ніка
же|же
ꙩ̇бьщины̇|обьщінъі
тꙿмѣ|тмѣ
кь|кь
свѣтꙋ|свѣтоу
не|не
ꙁови|зові
є̇го|его
ѡ̇ц͠емь|оц҃емь
ти|ті
бо|бо
не|не
м͠лостивомоу|м҃лостівомоу
свое̇моу|своемоу
ѡ̇брꙁꙋ|обрзоу
с͠нъ|с҃нъ
тꙿмѣ|тмѣ
и̇|і
геѡ̇нѣ|геонѣ
е̇сть|есть
великы|велікъі
же|же
патриꙗ̇рꙿхь|патріꙗрхь
и̇|і
не|не
мѫчи|мѫчі
е̇го|его
болѣꙁꙿниѫ̇|болѣзніѫ
ни|ні
приложи|пріложі
кь|кь
болѣꙁни|болѣзні
не|не
оу꙼тѣши|оутѣші
є̇го|его
словесы̇|словесъі
не|не
ѿврьже|отврьже
сѧ|сѧ
ѥ̇ства|ества
чл͠вѣча|чл҃вѣча
нѫ|нѫ
кротькомь|кротькомь
г͠ласомь|г҃ласомь
и̇|і
оу꙼миленомь|оуміленомь
ср͠цемꙿ|ср҃цем
и̇|і
ѡ̇браꙁомь|образомь
милосты̇вомь|мілостъівомь
ѿвѣща|отвѣща
кь|кь
немоу|немоу
гл͠ѧ|гл҃ѧ
чѧдо|чѧдо
пиⷬ҇ѩ̇лъ|пірѧлъ
е̇си|есі
бл͠гаа꙼|бл҃гаа
вь|вь
животѣ|жівотѣ
своє̇мь|своемь
а꙼|а
лаꙁарь|лазарь
такоже|такоже
ꙁлаа꙼|злаа
да|да
того|того
ради|раді
ꙁде|зде
почиває̇ть|почіваеть
а̇|а
ты̇|тъі
болиши|боліші
и̇|і
е̇сть|есть
же|же
пакы̇|пакъі
пропасть|пропасть
межⷣоу|междоу
вами|вамі
и̇|і
нами|намі
и|і
никтоже|ніктоже
не|не
можеть|можеть
прѣи̇ти|прѣіті
видѣ|відѣ
ли|лі
конꙿчинѫ|кончінѫ
бг͠атьства|бг҃атьства
видѣ|відѣ
ли|лі
крьмѫ|крьмѫ
врѣменѫѫ̇|врѣменѫѫ
не|не
ꙁабѫди|забѫді
богатьства|богатьства
раꙁьдати|разьдаті
ни|ні
ꙁри|зрі
оу꙼трьнѣго|оутрьнѣго
не|не
вѣси|вѣсі
бо|бо
что|что
родить|родіть
оу̇трьнеє̇|оутрьнее
послꙋшаи̇|послоушаі
что|что
гл͠ѧть|гл҃ѧть
кꙿнигы|кнігъі
ꙗ̇кы̇|ꙗкъі
паѫ̇чина|паѫчіна
чл͠вѣче|чл҃вѣче
житиє̇|жітіе
на|на
ꙁеми|земі
по|по
что|что
и̇мѣниє̇|імѣніе
сьбирѣє̇ши|сьбірѣеші
ѥ̇же|еже
и̇|і
не|не
по|по
мꙿноꙃѣ|мнозѣ
ѡ̇ставиши|оставіші
не|не
хѻтѧ|хотѧ
и̇|і
ѡ̇тидеши|отідеші
жалѧ|жалѧ
си|сі
а̇|а
и̇|і
ни|ні
раꙁⷣѣлѣѫ̇ще|раздѣлѣѫще
ꙁде|зде
бг͠атьство|бг҃атьство
ни|ні
е̇диноѫ̇|едіноѫ
ти|ті
памѧт|памѧт
[т]ворѧть|творѧть
нѫ|нѫ
и̇|і
кльнѫть|кльнѫть
тѧ|тѧ
посли|послі
прѣдъ|прѣдъ
собоѫ̇|собоѫ
богатьство|богатьство
въ|въ
тѡи̇|тоі
мирь|мірь
бесьсконечны̇|бесьсконечнъі
тꙋ|тоу
не|не
ти|ті
дає̇ть|даеть
црⷭ҇тво|црство
влкⷣа|влкда
є̇гⷣа|егда
хощеши|хощеші
прѣнести|прѣнесті
бг͠атьство|бг҃атьство
своє̇|свое
ѿ|от
сего|сего
граⷣ|град
вь|вь
дроугы̇|дроугъі
и̇|і
клюсѧта|клюсѧта
не|не
е̇млеши|емлеші
и̇|і
вельбѫды̇|вельбѫдъі
и̇|і
мьскы|мьскъі
брꙗнена|брꙗнена
носити|носіті
стражѧ|стражѧ
сь|сь
ѡ̇рѫжие̇мь|орѫжіемь
приставиши̇|пріставіші
є̇да|еда
како|како
ратꙿни|ратні
нашедъшⷷ҇и̇|нашедъшеі
раꙁьграбѫть|разьграбѫть
ѥⷭ҇|ес
нѫ|нѫ
вь|вь
ѡ̇нь|онь
вѣкь|вѣкь
прѣнеси|прѣнесі
своє̇|свое
б͠гатьство|б҃гатьство
а̇ще|аще
хощеши|хощеші
ни|ні
ни|ні
троуда|троуда
подъє̇млеши|подъемлеші
ни|ні
набьды|набьдъі
погоубиши|погоубіші
нѫ|нѫ
сѣдѫщоу|сѣдѫщоу
ти|ті
вь|вь
домоу|домоу
своє̇мь|своемь
и̇|і
придеть|прідеть
оу꙼богы|оубогъі
прѣдъ|прѣдъ
твоѫ̇|твоѫ
дꙿвери|двері
и̇|і
просѧ|просѧ
да|да
прѣнесеть|прѣнесеть
б͠гатьства|б҃гатьства
твоє̇го|твоего
вь|вь
ꙩ̇нь|онь
вѣкь|вѣкь
и̇|і
не|не
даси|дасі
є̇моу|емоу
вьсꙿпрьні|вьспрьні
оу꙼бо|оубо
чл͠вче|чл҃вче
и̇|і
посли|послі
бг͠атьство|бг҃атьство
своє̇|свое
вь|вь
тыи̇|тъіі
вѣкь|вѣкь
хѻщеши|хощеші
(л͠и)|л҃і
дати|даті
бг͠атьство|бг҃атьство
не|не
погы̇бнеть|погъібнеть
дажⷣь|даждь
вꙿ|в
рѫкы̇|рѫкъі
оу꙼богыⷯ҇|оубогъіх
и̇|і
ꙩ̇брѣщеши|обрѣщеші
тамⷪ҇|тамо
хлѣвины̇|хлѣвінъі
плъны̇|плънъі
не|не
бои̇|боі
сѧ|сѧ
ꙗ̇ко|ꙗко
ꙋбоꙃи|оубозі
сѧть|сѧть
нищи|ніщі
б͠ь|б҃ь
есть|есть
ѡ̇брѫчꙿныкъ|обрѫчнъікъ
и̇хъ|іхъ
и̇|і
а꙼ще|аще
не|не
порѫчає̇ши|порѫчаеші
оу꙼богы̇мь|оубогъімь
порѫчаи̇|порѫчаі
б͠оу|б҃оу
милоуѫ̇|мілоуѫ
и̇|і
нища|ніща
б͠оу|б҃оу
дае̇ть|даеть
вь|вь
ꙁає̇мь|заемь
самь|самь
повѣдае̇ть|повѣдаеть
ꙗ̇ко|ꙗко
самь|самь
порѫчаѫ̇|порѫчаѫ
оу꙼богы̇|оубогъі
ⷨ҇|м
а꙼ще|аще
бо|бо
сьтвориши|сьтворіші
є̇диномⷹ҇|едіномоу
ѿ|от
сииⷯ҇|сііх
малы̇хь|малъіхь
мꙿнѣ|мнѣ
створиши|створіші
оу꙼бои̇|оубоі
сѧ|сѧ
д͠не|д҃не
того|того
вь|вь
ньже|ньже
и̇маа̇ть|імаать
г͠нь|г҃нь
нивы̇|нівъі
поустити|поустіті
жѫти|жѫті
пꙿшеницѫ|пшеніцѫ
И|і
сьбереть|сьбереть
въ|въ
житьницѫ|жітьніцѫ
своѫ̇|своѫ
г͠нь|г҃нь
е̇сть|есть
хьⷭ҇|хьс
а꙼|а
дѣлателиє̇|дѣлателіе
а꙼нг͠ли|анг҃лі
сѧтъ|сѧтъ
и̇|і
сьбереть|сьбереть
весь|весь
мирь|мірь
въ|въ
тьи̇|тьі
д͠нь|д҃нь
и̇|і
праведꙿны̇кы̇|праведнъікъі
въ|въ
вѣчꙿниѫ|вѣчніѫ
домы̇|домъі
потьщимꙿ|потьщім
сѧ|сѧ
ꙋбо|оубо
пꙿшеницѫ|пшеніцѫ
ѡ̇брѣсти|обрѣсті
млтⷭ҇инеѧ̇|млтсінеѧ
вьнидѣмь|вьнідѣмь
въ|въ
вѣчꙿны̇ѫ̇|вѣчнъіѫ
хлѣвнины̇|хлѣвнінъі
и̇ꙁбавѣмь|ізбавѣмь
сѧ|сѧ
ѡ̇гꙿнѣ|огнѣ
подражає̇мь|подражаемь
а꙼враа꙼ма̇|авраама
подражає̇мь|подражаемь
и̇ѡ̇ва|іова
ꙗ̇же|ꙗже
не|не
пощѫдѣ|пощѫдѣ
стада|стада
своє̇го|своего
б͠гатьства|б҃гатьства
нѫ|нѫ
на|на
прѣдълежѫще|прѣдълежѫще
въꙁꙿвратимь|възвратімь
сѧ|сѧ
се|се
і̇сьⷭ҇|ісьс
вьꙁꙿнесе|вьзнесе
сѧ|сѧ
ѿ|от
вась|вась
на|на
н͠бо|н҃бо
такожⷣе|такожде
придеть|прідеть
вь|вь
ньже|ньже
ꙩ̇браꙁь|образь
видѣсте|відѣсте
и̇|і
и̇дѫща|ідѫща
на|на
н͠бо|н҃бо
и̇|і
поставить|поставіть
ѡ̇вꙿцѫ|овцѫ
ѡ̇|о
десꙿнѫѫ̇|деснѫѫ
а̇|а
коꙁлищѧ|козліщѧ
ѻ̇|о
шꙋѫ̇|шоуѫ
и̇|і
вьꙁⷣасть|вьздасть
комꙋждо|комоуждо
по|по
дѣломь|дѣломь
и̇хь|іхь
и̇|і
грѣшꙿникомь|грѣшнікомь
мѣсто|мѣсто
ѻ̇сѫждению̇|осѫжденію
а꙼|а
правьдивы̇мь|правьдівъімь
лѣнꙿцѫ|лѣнцѫ
тѡмоу|томоу
слава|слава
и̇|і
чьсть|чьсть
и̇|і
покланѣниє̇|покланѣніе
вь|вь
вѣкы|вѣкъі
вѣкомь|вѣкомь
а꙼минь|амінь
СЛ(Ꙍ́)ВꙌ|слово
СТГꙌ|стго
И́Ꙍ҇АНА|іоана
ꙀЛАТꙌꙊ́СТАГꙌ|златооустаго
В|в
НЕ(ДЕ҇)|неде
сыропоустьнѫ|съіропоустьнѫ
ѡ̇ч͠е|оч҃е
блⷭ҇ви|блсві
Ꙁа|за
соуе̇тьнѫѭ̇|соуетьнѫѭ
жиꙁнь|жізнь
мира|міра
сего|сего
и̇|і
ꙁа|за
ѻ̇бращение̇|обращеніе
и̇|і
оу꙼тѣхѫ|оутѣхѫ
д͠шамь|д҃шамь
и̇|і
ѡ̇|о
жиꙁни|жізні
соу̇е̇тьнѣи̇|соуетьнѣі
и̇|і
погы̇баѫ̇щѫ|погъібаѫщѫ
вещъ|вещъ
ѡ̇ставлъше|оставлъше
не|не
пакы̇|пакъі
на|на
тожⷣе|тожде
ср͠ца|ср҃ца
ваша|ваша
ѡ̇бращаи̇те|обращаіте
б͠гатьство|б҃гатьство
миноує̇ть|міноуеть
слава|слава
погы̇бае̇ть|погъібаеть
лѣпота|лѣпота
оу̇вѫдає̇ть|оувѫдаеть
и̇|і
въсе|въсе
и̇ꙁмѣнить|ізмѣніть
сѧ|сѧ
и̇|і
ꙗ̇ко|ꙗко
димь|дімь
погы̇бꙿнеть|погъібнеть
и̇|і
ꙗ̇ко|ꙗко
сѣнь|сѣнь
мимо|мімо
ходить|ходіть
ю̇ное̇|юное
сего|сего
ради|раді
красить|красіть
сѧ|сѧ
ѡ̇браꙁомь|образомь
по|по
величию̇|велічію
чл͠вчю|чл҃вчоу
нѫ|нѫ
въсе|въсе
вꙿ|в
поустошь|поустошь
мѧтет|мѧтет
сѧ|сѧ
такⷪ҇|тако
въсе|въсе
вь|вь
сꙋе̇тьствие̇|соуетьствіе
мѧтеть|мѧтеть
сѧ|сѧ
и̇же|іже
сиѫ̇|сіѫ
жиꙁꙿнь|жізнь
и̇|і
вещь|вещь
любить|любіть
въ|въ
соуе̇тьствие̇|соуетьствіе
мѧт[еть]|мѧтеть
сѧ|сѧ
и̇|і
въ|въ
поустошь|поустошь
троудит|троудіт
сѧ|сѧ
събираѫ̇щеи̇|събіраѫщеі
ꙗ̇коже|ꙗкоже
въ|въ
мѣлѣ|мѣлѣ
погы̇бꙿнѫть|погъібнѫть
и̇хьже|іхьже
вьꙁѧти|вьзѧті
собоѫ̇|собоѫ
не|не
могѫть|могѫть
нѫ|нѫ
въсе|въсе
ѡ̇ставльше|оставльше
на|на
ꙁеми|земі
наꙃи|назі
ꙗ̇ко|ꙗко
рожⷣени|рождені
ѿходимь|отходімь
кь|кь
страшꙿномоу|страшномоу
сѫди|сѫді
грѧдемь|грѧдемь
а꙼ще|аще
и̇|і
вꙿсе|все
поⷣбно|подбно
сьберемь|сьберемь
наꙁи|назі
и̇|і
оу̇милени|оумілені
и̇|і
оу̇ны̇ли|оунъілі
и̇|і
оу̇страшны̇|оустрашнъі
и̇|і
ѡ̇мрачении̇|омраченіі
и̇|і
ськроушени|ськроушені
и̇|і
смѣрени|смѣрені
ѡ̇вы̇ѫ̇|овъіѫ
ѡ̇бѧꙁани|обѧзані
болѣꙁꙿниѫ̇|болѣзніѫ
и̇|і
трепетомь|трепетомь
и̇|і
поклонению̇|поклоненію
оу̇стръмлени|оустръмлені
и̇|і
на|на
ꙁемѧ|земѧ
лицемь|ліцемь
поврьжени|поврьжені
и̇|і
страхомь|страхомь
покры̇ваѫ̇ще|покръіваѫще
сѧ|сѧ
и̇|і
тако|тако
и̇демь|ідемь
и̇|і
тако|тако
вьськр͠ьснемь|вьськр҃ьснемь
на|на
ѡно̇|оно
великоє̇|велікое
и̇|і
на|на
ѡ̇но|оно
гроꙁноє̇|грозное
ни|ні
на|на
лица|ліца
ꙁрѣниє̇|зрѣніе
ни|ні
мѫꙁдое̇мьствие̇|мѫздоемьствіе
не|не
прѣстаѫ̇ще|прѣстаѫще
ѡ̇сѫжⷣениє̇|осѫжденіе
и̇|і
мѫчение̇|мѫченіе
и̇деже|ідеже
а̇нг͠ли|анг҃лі
трепещѫть|трепещѫть
и̇деже|ідеже
прѣстоли|прѣстолі
страшꙿны|страшнъі
готѡвѧт|готовѧт
сѧ|сѧ
и̇деже|ідеже
книгы̇|кнігъі
дѣꙗ̇ни|дѣꙗні
нш͠ихь|нш҃іхь
ѿврьꙁѫтꙿ|отврьзѫт
сѧ|сѧ
и̇деже|ідеже
рѣкѣ|рѣкѣ
ѡ̇гꙿньнаа꙼|огньнаа
и̇|і
негасимаа꙼|негасімаа
и̇деж(є)|ідеже
некротꙿкы̇|некроткъі
чрꙿвь|чрвь
и̇деже|ідеже
несьгрѣє̇ма|несьгрѣема
гроꙁа|гроза
и̇деже|ідеже
немльчѫ|немльчѫ
и̇|і
вепьль|вепьль
и̇деже|ідеже
скрежеть|скрежеть
ꙁѫбомь|зѫбомь
и̇деже|ідеже
непрѣстаѫ̇щиѫ̇|непрѣстаѫщіѫ
сльꙁы̇|сльзъі
и̇деже|ідеже
непрѣстаѫ̇ще|непрѣстаѫще
въꙁдыханиє̇|въздъіханіе
и̇деже|ідеже
неоу̇тѣшимы̇|неоутѣшімъі
плачь|плачь
и̇деже|ідеже
нⷭ҇ѣ|нсѣ
свѣта|свѣта
нѫ|нѫ
трепеть|трепеть
и̇деже|ідеже
нⷭ҇ѣ|нсѣ
радости|радості
нѫ|нѫ
въꙁды̇ханиѥ̇|въздъіханіе
и̇деже|ідеже
нⷭ҇ѣ|нсѣ
ꙗ̇дъ|ꙗдъ
нѫ|нѫ
мѫка|мѫка
страшꙿно|страшно
е̇сть|есть
тако|тако
оу̇слышати|оуслъішаті
страшꙿно|страшно
же|же
и̇|і
видѣти|відѣті
въсѫ|въсѫ
тварь|тварь
напрасно|напрасно
въсꙿкꙿрꙿснѫвꙿшѫ|въскрснѫвшѫ
и̇|і
мꙋчимꙋ|моучімоу
ꙁа|за
дѣꙗ̇ниꙗ̇|дѣꙗніꙗ
и̇|і
ꙁа|за
словеса|словеса
и̇|і
ꙁа|за
помы̇шлениꙗ̇|помъішленіꙗ
д͠невъна|д҃невъна
и̇|і
нощꙿнаа꙼|нощнаа
е̇же|еже
ѥ̇смы̇|есмъі
сьгрѣшили|сьгрѣшілі
великь|велікь
трепеть|трепеть
и̇|і
велика|веліка
бѣда|бѣда
тѡгда|тогда
бѫдеть|бѫдеть
є̇гⷣа|егда
а꙼нꙿг͠ли|анг҃лі
прѣди|прѣді
текѫть|текѫть
и̇|і
е̇гⷣа|егда
трѫба|трѫба
вьстрѫбить|вьстрѫбіть
е̇гⷣа|егда
ꙃвѣꙁⷣы|звѣздъі
спадѫть|спадѫть
тогⷣа|тогда
сл͠нце|сл҃нце
помрачитꙿ|помрачіт
сѧ|сѧ
тогⷣа|тогда
неб͠о|неб҃о
свиє̇т|свіет
сѧ|сѧ
и̇|і
ꙁемѣ|земѣ
вьсѣ|вьсѣ
подꙿвигꙿнеть|подвігнеть
сѧ|сѧ
и|і
силы̇|сілъі
прѣди|прѣді
текѫть|текѫть
и̇|і
серафими|серафімі
вьпиѫ̇ть|вьпіѫть
и̇|і
херꙋвими|хероувімі
подвижѫт|подвіжѫт
сѧ|сѧ
вы̇шꙿнѣꙗ̇|въішнѣꙗ
и̇|і
нижнѣа꙼|ніжнѣа
ꙁемѣ|земѣ
и̇|і
прѣи̇сподънаа̇|прѣісподънаа
въꙁмѧтить|възмѧтіть
сѧ|сѧ
и̇|і
тѣлеса|тѣлеса
готовѧтꙿ|готовѧт
сѧ|сѧ
великь|велікь
страхь|страхь
и̇|і
неи̇сповѣдимы̇|неісповѣдімъі
трѫсь|трѫсь
и̇|і
нескаꙁае̇ма|несказаема
тꙋга|тоуга
ꙗ̇же|ꙗже
тогда|тогда
бѫдеть|бѫдеть
велиꙗ̇|веліꙗ
виꙗ̇лица|віꙗліца
и̇|і
велие̇|веліе
вьꙁмѫщение̇|вьзмѫщеніе
срагаꙗ̇|срагаꙗ
напасть|напасть
и̇|і
непрѣстаѫ̇щи|непрѣстаѫщі
вепль|вепль
слы̇шимь|слъішімь
данила|даніла
рекьша|рекьша
видѣхь|відѣхь
вь|вь
сꙿнѣ|снѣ
нощиѫ̇|нощіѫ
донꙿдеже|дондеже
прѣстоли|прѣстолі
поставѧтꙿ|поставѧт
сѧ|сѧ
и̇|і
ветьхы̇|ветьхъі
д͠ньми|д҃ньмі
сѣдєть|сѣдеть
и̇|і
прѣстоль|прѣстоль
е̇моу|емоу
плⷶмы̇|пламъі
ѡ̇гꙿны̇|огнъі
и̇|і
крѫꙁи|крѫзі
е̇мꙋ|емоу
ѡ̇гꙿнь|огнь
палѧи̇|палѧі
и̇|і
рѣка|рѣка
пламенꙿнаа꙼|пламеннаа
прѣдꙿ|прѣд
нимь|німь
течаше|течаше
и̇|і
ты̇сѫща|тъісѫща
ты̇сѫщами|тъісѫщамі
прѣдъстоꙗ̇хѫ|прѣдъстоꙗхѫ
є̇моу|емоу
и̇|і
сѫды̇ꙗ̇|сѫдъіꙗ
сѣде|сѣде
и̇|і
кьнигы̇|кьнігъі
ѿврьꙁошѧ|отврьзошѧ
сѧ|сѧ
и̇|і
оу̇жасе|оужасе
сѧ|сѧ
д͠ша|д҃ша
моꙗ̇|моꙗ
а̇ꙁь|азь
данилꙿ|даніл
видѣхъ|відѣхъ
и̇|і
ꙁракь|зракь
главы|главъі
мое̇ѭ̈|моеѭ
смѧте|смѧте
сѧ|сѧ
ѡ̇|о
пророч͠ское̇|пророч҃ское
видѣние̇|відѣніе
грѧдѧщомоу|грѧдѧщомоу
сѧдиѭ̇|сѧдіѭ
видѣ|відѣ
и̇|і
оу̇жасе|оужасе
сѧ|сѧ
и̇|і
пррⷪ҇къ|пррокъ
сѧ|сѧ
оу̇жасее|оужасее
а̇|а
мин|мін
како|како
въꙁможеⷨ҇|възможем
прѣтръпѣти|прѣтръпѣті
е̇гⷣа|егда
вь|вь
тиѫ̇|тіѫ
вещь|вещь
вь|вь
вьпадемь|вьпадемь
є̇гⷣа|егда
ѿ|от
вьстока|вьстока
и̇|і
(до)|до
ꙁапада|запада
прⷣѣстанемъ|прдѣстанемъ
наꙁи|назі
и̇|і
брѣмена|брѣмена
грѣхоⷨ҇|грѣхом
вꙿсѣмь|всѣмь
на|на
вы̇ꙗ̇хь|въіꙗхь
всѣхь|всѣхь
покаꙁаѫ̇ще|показаѫще
сѧ|сѧ
тѡгда|тогда
хоулѧщимꙿ|хоулѧщім
ѧ̇ꙁы̇ци|ѧзъіці
полѧть|полѧть
винѫ|вінѫ
и̇|і
нⷭ҇ѣ|нсѣ
кто|кто
оу꙼стоудѧи̇|оустоудѧі
тогаⷣ|тогад
клевети(вы)мь|клеветівъімь
ѫ̇ꙁы̇ци|ѫзъіці
напрасны̇ми|напраснъімі
а꙼нг͠лы|анг҃лъі
сь|сь
тлькѫть|тлькѫть
сѧ|сѧ
тогаⷣ|тогад
татемь|татемь
висѧще|вісѧще
рѫкы̇|рѫкъі
трепещѫть|трепещѫть
строужемыѫ̇|строужемъіѫ
и̇ю̇|ію
ѫты̇|ѫтъі
ѿгаⷣ|отгад
ѡ̇чи|очі
помиꙁаѫ̇щимь|помізаѫщімь
сѧ|сѧ
и̇стрьгꙿнѫть|істрьгнѫть
где|где
тогаⷣ|тогад
родителе|родітеле
где|где
браⷮ҇|брат
геⷣ|гед
ѡ͠ц͠ь|о҃ц҃ь
геⷣ|гед
мати|маті
где|где
дроуꙃи|дроузі
геⷣ|гед
сѫсѣде|сѫсѣде
где|где
ц͠ремь|ц҃ремь
грьдынѣ|грьдъінѣ
геⷣ|гед
кнѧꙁемь|кнѧземь
власть|власть
где|где
ѡ̇бидѣние̇|обідѣніе
геⷣ|гед
сѫдѧщимь|сѫдѧщімь
грьдость|грьдость
где|где
тѡгаⷣ|тогад
рабы̇|рабъі
где|где
рабы̇нѫ|рабъінѫ
где|где
оу꙼крашениѥ̇|оукрашеніе
риꙁамь|різамь
геⷣ|гед
оу꙼строе̇ние̇|оустроеніе
сапогомь|сапогомь
геⷣ|гед
прѣстомь|прѣстомь
оу꙼крашениє̇|оукрашеніе
геⷣ|гед
киминь|кімінь
геⷣ|гед
пиперь|піперь
где|где
мѧса|мѧса
где|где
грьдини|грьдіні
ꙁлатоу|златоу
геⷣ|гед
ꙁвѧцание̇|звѧцаніе
среброу|среброу
геⷣ|гед
вино|віно
многоє̇|многое
где|где
кони|коні
геⷣ|гед
врьтогради|врьтограді
геⷣ|гед
храмомь|храмомь
оу꙼крашⷷ҇ние̇|оукрашеніе
геⷣ|гед
хранимаа꙼|хранімаа
скровища|скровіща
геⷣ|гед
прѣꙁрѫще|прѣзрѫще
нищѫѫ̇|ніщѫѫ
и̇|і
оу̇богы̇ѫ̇|оубогъіѫ
ꙗ̇ко|ꙗко
бесьмрꙿтьни|бесьмртьні
ходѧще|ходѧще
геⷣ|гед
смѣѫ̇ще|смѣѫще
сѧ|сѧ
ꙋбогы|оубогъі
и̇же|іже
въ|въ
напастехь|напастехь
геⷣ|гед
творѫще|творѫще
сѧ|сѧ
мили|мілі
геⷣ|гед
сь|сь
тимь|тімь
бани|бані
ꙗ̇дѧще|ꙗдѧще
и̇|і
пиѫ̇ще|піѫще
где|где
вы̇нѫ|въінѫ
смѣѫ̇ще|смѣѫще
сѧ|сѧ
и̇|і
вѣрꙿны̇мь|вѣрнъімь
рѫгаѫ̇ще|рѫгаѫще
сѧ|сѧ
где|где
и̇же|іже
рабомь|рабомь
бѣдѫ|бѣдѫ
дѣѫ̇ще|дѣѫще
а꙼|а
боꙗ̇ꙁꙿни|боꙗзні
гн͠ѫ|гн҃ѫ
небоѫ̇ще|небоѫще
сѧ|сѧ
где|где
сѫть|сѫть
хоулѧще|хоулѧще
бж͠иѫ̇|бж҃іѫ
книгы̇|кнігъі
и̇|і
вѣрѫ|вѣрѫ
геⷣ|гед
сѧть|сѧть
вь|вь
годъ|годъ
тьи̇|тьі
не|не
вѣрꙋѫ̇щеи̇|вѣроуѫщеі
и̇|і
гл͠ѧще|гл҃ѧще
ꙗ̇дѣмь|ꙗдѣмь
и̇|і
пиꙗ̇мь|піꙗмь
а꙼|а
оу̇трѣ|оутрѣ
оу꙼мремь|оумремь
геⷣ|гед
сѧть|сѧть
гл͠ѧще|гл҃ѧще
и̇|і
даждами|даждамі
дн͠ешꙿне|дн҃ешне
и̇|і
вьꙁмеми|вьзмемі
оу̇трьнеє̇|оутрьнее
где|где
сѧть|сѧть
гл͠ѧще|гл҃ѧще
и̇|і
да|да
насладимь|насладімь
сѧ|сѧ
ꙁде|зде
и̇|і
пакы|пакъі
ѡ̇ньде|оньде
видимь|відімь
и̇|і
геⷣ|гед
сѧть|сѧть
гл͠ѧщеи̇|гл҃ѧщеі
чл͠вколюбць|чл҃вколюбць
є̇сть|есть
б͠ь|б҃ь
да|да
не|не
мѫчить|мѫчіть
сьгрѣшаѫ̇щиⷯ҇|сьгрѣшаѫщіх
колико|коліко
сѧ|сѧ
попекѫть|попекѫть
и̇же|іже
сице|сіце
гл͠ѧть|гл҃ѧть
и̇|і
коликⷪ|коліко
пстѧжѧть|пстѧжѧть
и̇|і
не|не
бѫдеть|бѫдеть
помл͠оуѫ̇|помл҃оуѫ
и̇хь|іхь
колико|коліко
въꙁдѫхнѫть|въздѫхнѫть
и̇|і
нⷭ҇ѣ|нсѣ
и̇ꙁбавлѣѫ̇|ізбавлѣѫ
и̇хь|іхь
колико|коліко
сами|самі
сѧ|сѧ
трьꙁаѫ̇ще|трьзаѫще
рекѫть|рекѫть
ѡ̇|о
лютѣ|лютѣ
намь|намь
сами|самі
сѧ|сѧ
лишихомь|лішіхомь
оу꙼чахѫтꙿ|оучахѫт
ны̇|нъі
и̇|і
небрѣжахомь|небрѣжахомь
ѡ̇|о
лꙕтѣ|лютѣ
намь|намь
сами|самі
сѧ|сѧ
погоубихом(ь)|погоубіхомь
оу̇чахѫтꙿ|оучахѫт
ны̇|нъі
и̇|і
не|не
послоушахомꙿ|послоушахом
гл͠ахѫ|гл҃ахѫ
тиы̇|тіъі
и̇|і
не|не
вѣровахомь|вѣровахомь
и̇|і
кꙿнигы̇|кнігъі
чꙿтѧщи|чтѧщі
и̇[мѣ]ꙗ̇хомь|імѣꙗхомь
сѧ|сѧ
и̇мь|імь
къ|къ
правьдѫ|правьдѫ
сѫдъ|сѫдъ
б͠жи|б҃жі
доⷭ҇и̇но|досіно
и̇|і
праведꙿно|праведно
мѫчимь|мѫчімь
сѧ|сѧ
и|і
ꙁа|за
малѧѫ̇|малѧѫ
жиꙁьнь|жізьнь
погыбаѫ̇щѫѩ̇|погъібаѫщѫѧ
вѣчьнымь|вѣчьнъімь
ѡ̇гꙿнꙿемь|огнемь
потопихомь|потопіхомь
сѧ|сѧ
и̇|і
ꙁа|за
славѫ|славѫ
сꙋе̇тꙿнѫѫ̇|соуетнѫѫ
и̇|і
беꙁьмѣстьнѫѫ̇|безьмѣстьнѫѫ
ѿ|от
и̇стынꙿныѫ̇|істъіннъіѫ
слави|славі
ѿпадохомь|отпадохомь
ꙁа|за
бг͠атьство|бг҃атьство
погыбаѫ̇ще|погъібаѫще
б͠гатьства|б҃гатьства
и̇|і
ц͠рьства|ц҃рьства
и̇|і
слави|славі
лишихомь|лішіхомь
сѧ|сѧ
а̇|а
и̇же|іже
ꙁеⷣ|зед
постивьше|постівьше
сѧ|сѧ
вь|вь
нбⷭ҇нѣмь|нбснѣмь
брачьствѣ|брачьствѣ
ликоуѫ̇ть|лікоуѫть
и̇|і
плакавшеи̇|плакавшеі
сѧ|сѧ
вь|вь
вѣкы|вѣкъі
радаѭ̇тꙿ|радаѭт
сѧ|сѧ
и̇|і
сѣꙗ̇вꙿше|сѣꙗвше
и̇|і
радостиѫ̇|радостіѫ
пожꙿнѫть|пожнѫть
и̇|і
ѡ̇ставивꙿше|оставівше
и̇|і
ꙁемꙿнаа꙼|земнаа
и̇|і
примѫть|прімѫть
н͠беснаа̇|н҃беснаа
а̇|а
мы|мъі
оу꙼боꙃы̇|оубозъі
мѫчению̇|мѫченію
прѣдахомь|прѣдахомь
сѧ|сѧ
и̇|і
н͠нѣ|н҃нѣ
вьпиє̇мь|вьпіемь
и̇|і
нⷭ҇ѣ|нсѣ
пом͠лоуѫ̇|пом҃лоуѫ
и̇ны̇|інъі
вьꙁдихає̇мь|вьздіхаемь
и̇|і
нⷭ҇ѣ|нсѣ
сп͠саѧ̇ны̇|сп҃саѧнъі
дастѣми|дастѣмі
беꙁоумными|безоумнъімі
тацѣхь|тацѣхь
словесь|словесь
наⷭ҇ждѫщемь|насждѫщемь
[...]цѣ|цѣ
реⷱ҇мь|речмь
нь|нь
приспѣє̇мь|пріспѣемь
кь|кь
млⷭ҇тивомоу|млстівомоу
варимь|варімь
тати|таті
д͠шь|д҃шь
нашихꙿ|нашіх
тецѣмь|тецѣмь
даже|даже
врѣмѧ|врѣмѧ
єⷭ҇|ес
вьꙁⷣьхнѣмь|вьздьхнѣмь
и|і
покає̇мь|покаемь
сѧ|сѧ
оубѣдимꙿ|оубѣдім
сѧ|сѧ
мⷪлѫ|молѫ
вы̇|въі
ѿ|от
сьна|сьна
слабаго|слабаго
ѿ|от
тѫготы|тѫготъі
и̇|і
лѣности|лѣності
вьꙁⷣвигнѣмь|вьздвігнѣмь
рѫцѣ|рѫцѣ
кь|кь
могѫщомоу|могѫщомоу
сп͠сти|сп҃сті
и̇|і
рьцѣмь|рьцѣмь
хеⷭ҇|хес
сп͠се|сп҃се
погы̇бае̇мь|погъібаемь
потьщимь|потьщімь
сѧ|сѧ
даже|даже
сл͠нце|сл҃нце
не|не
ꙁаи̇деть|заідеть
и̇|і
даже|даже
дꙿвери|двері
не|не
ꙁатворѫт|затворѫт
сѧ|сѧ
ꙗ̇ко|ꙗко
нощь|нощь
приде|пріде
никтоже|ніктоже
не|не
дѣлає̇ть|дѣлаеть
ꙗ̇ко|ꙗко
трьгь|трьгь
житеи̇скы̇|жітеіскъі
расипа|расіпа
сѧ|сѧ
и̇|і
никтоже|ніктоже
коуплѫ|коуплѫ
не|не
дѣе̇ть|дѣеть
ꙗ̇ко|ꙗко
поꙁорище|позоріще
раꙁы̇де|разъіде
сѧ|сѧ
и̇|і
никтоже|ніктоже
не|не
дивитꙿ|дівіт
сѧ|сѧ
ни|ні
прімы̇шлѣть|прімъішлѣть
нѫ|нѫ
тецѣмь|тецѣмь
течениє̇|теченіе
бо|бо
братие̇|братіе
и̇|і
подꙿвиꙁаниѥ̇|подвізаніе
крѣпꙿко|крѣпко
да|да
подвигнѣмь|подвігнѣмь
сѧ|сѧ
да|да
и̇|і
мы̇|мъі
тлъкѫще|тлъкѫще
и̇|і
не|не
оу̇слышимь|оуслъішімь
не|не
вѣдѣ|вѣдѣ
вась|вась
и̇дѣм(ь)|ідѣмь
постыдѣмь|постъідѣмь
сѧ|сѧ
колико|коліко
влкⷣѫ|влкдѫ
хоулимь|хоулімь
колико|коліко
бл͠годатела|бл҃годатела
прогꙿнѣвахомь|прогнѣвахомь
тѡи̇|тоі
вьсе|вьсе
бл͠годає̇ть|бл҃годаеть
ꙩ̇нь|онь
щедрьствоує̇ть|щедрьствоуеть
а̇|а
мы|мъі
ѿврьщае̇мь|отврьщаемь
сѧ|сѧ
тьи̇|тьі
питає̇ть|пітаеть
и̇|і
подає̇ть|подаеть
а̇|а
мы̇|мъі
прѣстѫпаѫ̇ще|прѣстѫпаѫще
по|по
вьсѫ|вьсѫ
дꙿни|дні
ꙁаповѣди|заповѣді
є̇го|его
и̇|і
не|не
срамлѣѥ̇мь|срамлѣемь
сѧ|сѧ
посты̇димꙿ|постъідім
сѧ|сѧ
н͠нѣ|н҃нѣ
годь|годь
минѫ|мінѫ
и̇|і
д͠нь|д҃нь
приде|пріде
и̇|і
доⷭ҇и̇ть|досіть
наⷨ҇|нам
ѿвѣть|отвѣть
дати|даті
є̇мꙋ|емоу
ꙁа|за
вѫсѧ|вѫсѧ
жиꙁнь|жізнь
нашѧ|нашѧ
ꙩ̇станѣмь|останѣмь
оу꙼же|оуже
бечислꙿнаа̇го|бечіслнааго
смѣха|смѣха
да|да
ѡ̇намо|онамо
не|не
плачем|плачем
сѧ|сѧ
горько|горько
ѡ̇станѣмꙿ|останѣм
сѧ|сѧ
братиє̇|братіе
ѿ|от
ꙩ̇клеветаниꙗ̇|оклеветаніꙗ
и̇|і
ѿ|от
ѡ̇бидѣниꙗ̇|обідѣніꙗ
ѡ̇станѣмꙿ|останѣм
сѧ|сѧ
братиє̇|братіе
сьбраниꙗ̇|сьбраніꙗ
славы̇|славъі
и̇|і
любодѣꙗ̇ниꙗ̇|любодѣꙗніꙗ
прилежѣмь|прілежѣмь
вь|вь
молитвахь|молітвахь
трѣбованию̇|трѣбованію
потьщаниє̇|потьщаніе
и̇|і
и̇ꙁмѣненѫѫ̇|ізмѣненѫѫ
ѡ̇ставимь|оставімь
и̇|і
жиꙁнь|жізнь
новѫ|новѫ
примѣмь|прімѣмь
и̇сповѣдає̇мь|ісповѣдаемь
сѧ|сѧ
и̇|і
ѡ̇братѣмь|обратѣмь
сѧ|сѧ
братиѥ̇|братіе
ѡ̇бращению̇|обращенію
бо|бо
годъ|годъ
и̇|і
сльꙁы̇|сльзъі
мꙿногы|многъі
ꙗ̇вимь|ꙗвімь
б͠оу|б҃оу
покаа̇ние|покааніе
вь|вь
печалехь|печалехь
ненавидимь|ненавідімь
нꙿравꙑ̇|нравъі
неи̇справлены̇|неісправленъі
поскръбимь|поскръбімь
гл͠ѧще|гл҃ѧще
и̇|і
мл͠имь|мл҃імь
сѧ|сѧ
мало|мало
да|да
не|не
мⷱ҇имь|мчімь
сѧ|сѧ
прѣмного|прѣмного
подвигнѣмꙿ|подвігнѣм
сѧ|сѧ
нн͠ѣ|нн҃ѣ
да|да
не|не
мѫчимꙿ|мѫчім
сѧ|сѧ
вь|вь
вѣкы̇|вѣкъі
вѣкь|вѣкь
маль|маль
а|а
мѫка|мѫка
дꙿльга|дльга
и̇|і
коньчина|коньчіна
блиꙁь|блізь
и̇|і
болѣꙁꙿнь|болѣзнь
мнⷪ҇га|многа
и̇|і
ѿрѣшаѫ̇|отрѣшаѫ
такоє̇|такое
и̇|і
просить|просіть
жиꙁꙿнь|жізнь
и̇же|іже
ꙁлѣ|злѣ
сконьчавь|сконьчавь
горе|горе
нерадѧщомоу|нерадѧщомоу
ꙗ̇ко|ꙗко
попросиⷮ҇|попросіт
каплѫ|каплѫ
водꙿныѫ̇|воднъіѫ
и̇|і
не|не
ѻ̇брѧщетъ|обрѧщетъ
горе|горе
невѣроуѫ̇щомоу|невѣроуѫщомоу
ꙗ̇кⷪ|ꙗко
вꙿ|в
вѣкы̇|вѣкъі
мѫчить|мѫчіть
сѧ|сѧ
горе|горе
непокаа̇вшоу|непокаавшоу
сѧ|сѧ
ꙗ̇ко|ꙗко
кь|кь
напрасномꙋ|напрасномоу
сѫди|сѫді
и̇деть|ідеть
горе|горе
нетекѫщомоу|нетекѫщомоу
ꙗ̇ко|ꙗко
напраснимь|напраснімь
а̇нꙿг͠ломь|анг҃ломь
прꙗдасть|прꙗдасть
сѧ|сѧ
ꙁлато|злато
и̇ꙁьгоубльше|ізьгоубльше
братие̇|братіе
ѡ̇брѧщемь|обрѧщемь
дроу(го)є̇|дроугое
а̇|а
врѣмѧ|врѣмѧ
погоубльше|погоубльше
не|не
ѡ̇брѧщемь|обрѧщемь
не|не
помилоує̇мь|помілоуемь
свои̇хь|своіхь
тѣлеснѫ|тѣлеснѫ
отрѣмь|отрѣмь
сѧ|сѧ
ꙗ̇ко|ꙗко
бл͠жени|бл҃жені
плачѧщеи̇|плачѧщеі
и̇|і
жѫдѫщеи̇|жѫдѫщеі
и̇|і
а꙼лꙿчѫщеи̇|алчѫщеі
тѣло|тѣло
бо|бо
каль|каль
єⷭ҇|ес
и̇|і
придеть|прідеть
врѣмѧ|врѣмѧ
и̇|і
дн͠ь|дн҃ь
страшꙿни|страшні
и̇|і
ꙁлы̇|злъі
и̇но|іно
прѣꙁримы|прѣзрімъі
и̇|і
ꙁемлѣ|землѣ
вь|вь
ꙁемлѧ|землѧ
и̇деть|ідеть
и̇|і
прахь|прахь
пакы̇|пакъі
бѫдеть|бѫдеть
ѻ̇братимь|обратімь
сѧ|сѧ
бѣжимь|бѣжімь
и̇|і
пѫть|пѫть
женѣмь|женѣмь
приде|пріде
бо|бо
годъ|годъ
да|да
сѧ|сѧ
сами|самі
не|не
льстимь|льстімь
и̇ли|ілі
насладимь|насладімь
сѧ|сѧ
и̇ли|ілі
б͠гатимꙿ|б҃гатім
сѧ|сѧ
и̇ли|ілі
.н͠.|н҃
лⷮ҇ѣ|лтѣ
и̇ли|ілі
.р͠.|р҃
и̇|і
потѡмь|потомь
чꙿто|что
старость|старость
таче|таче
потомь|потомь
немощь|немощь
и̇|і
сь|сь
сеѫ̇|сеѫ
что|что
сꙿтꙿрашꙿны̇|страшнъі
ѡ̇нь|онь
чась|чась
є̇гоже|егоже
вꙿсѣкь|всѣкь
чѣє̇ть|чѣеть
и̇|і
трєпещеть|трепещеть
и|і
не|не
радѧть|радѧть
ѡ̇|о
немь|немь
великь|велікь
страхь|страхь
тогⷣа|тогда
бѫдеть|бѫдеть
братиє̇|братіе
велие̇|веліе
е̇тⷭ҇ь|етсь
видѣти|відѣті
д͠шѧ|д҃шѧ
ѿ|от
тѣла|тѣла
ѿлѫчаѫ̇щѧ|отлѫчаѫщѧ
сѧ|сѧ
великꙸ|велікъ
годъ|годъ
боури|боурі
тои̇|тоі
ѥ̇гда|егда
глаⷭ҇|глас
оудрꙿжить|оудржіть
сѧ|сѧ
и̇|і
ѧ̇ꙁы̇кь|ѧзъікь
чⷭ҇та|чста
глⷭ҇а|глса
не|не
можеть|можеть
и̇ꙁрещи|ізрещі
въꙁираѫ̇щи|възіраѫщі
само|само
и̇|і
ѡнамо|онамо
ѡ̇чима|очіма
и̇|і
стоѫ̇щи|стоѫщі
прѣдь|прѣдь
нимь|німь
дроугы̇|дроугъі
и̇|і
родителѧи̇|родітелѧі
нєꙁнає̇ми|незнаемі
аще|аще
ли|лі
ꙁꙿнає̇|знае
нѫ|нѫ
кь|кь
нимь|німь
рещи|рещі
не|не
вьꙁможеть|вьзможеть
и̇|і
плачѧщихь|плачѧщіхь
сѧ|сѧ
слышимь|слъішімь
и̇|і
сихь|сіхь
оу̇трѣшити|оутрѣшіті
не|не
вьꙁможемь|вьзможемь
чѧда|чѧда
рыдаѫ̇ща|ръідаѫща
и̇|і
сльꙁы̇|сльзъі
точѧт|точѧт
виⷣть|відть
и̇|і
не|не
можеть|можеть
оу꙼тѣшити|оутѣшіті
тѡ|то
що|що
рекѫть|рекѫть
чѧда|чѧда
вь|вь
тои̇|тоі
годъ|годъ
нⷭ҇ѣ|нсѣ
печали|печалі
ѡ̇|о
чѧдѣхь|чѧдѣхь
ни|ні
дрꙋгы̇|дроугъі
ни|ні
братиѫ̇|братіѫ
ни|ні
и̇ноѫ̇|іноѫ
печалиѫ̇|печаліѫ
не|не
скрьбить|скрьбіть
нѫ|нѫ
тькмо|тькмо
свои̇ми|своімі
грѣхы̇|грѣхъі
и̇|і
како|како
срѧщѫ|срѧщѫ
сѫдиѫ̇|сѫдіѫ
и̇|і
какы|какъі
ѿвѣти|отвѣті
речемь|речемь
и̇|і
коѫ̇|коѫ
мѫꙁдѫ|мѫздѫ
примемь|прімемь
и̇|і
коє̇|кое
прѣи̇меть|прѣіметь
ни|ні
мѣсто|мѣсто
ꙗ̇ко|ꙗко
сꙿмыслѧщⷷ҇|смъіслѧще
е̇сꙿмы̇|есмъі
и̇|і
напрасно|напрасно
пристѧпѫть|прістѧпѫть
а̇нглⷭ҇и|англсі
ѿ|от
б͠а|б҃а
послани|послані
и̇|і
тогаⷣ|тогад
сихь|сіхь
мы|мъі
ꙁрѧще|зрѧще
и̇|і
видѧще|відѧще
неготови|неготові
ѻ̇брѧщемь|обрѧщемь
сѧ|сѧ
и̇|і
како|како
сѧ|сѧ
и̇мамы|імамъі
смѧсти|смѧсті
и̇|і
сложа|сложа
бѣжати|бѣжаті
покоушає̇мь|покоушаемь
сѧ|сѧ
и̇|і
немогѫще|немогѫще
тогаⷣ|тогад
вьꙁирає̇мь|вьзіраемь
кь|кь
нимь|німь
оу̇миленима|оуміленіма
ѡ̇чима|очіма
и̇|і
ѿпадьшимь|отпадьшімь
лицемь|ліцемь
пом͠лоуи̇те|пом҃лоуіте
мѧ|мѧ
чл͠колю̇биви|чл҃колюбіві
а꙼нꙿг͠ли|анг҃лі
пом͠лоуи̇те|пом҃лоуіте
мене|мене
блѫдѧща|блѫдѧща
и̇|і
нечистаа꙼|нечістаа
и̇|і
кь|кь
сѫди|сѫді
не|не
ведѣте|ведѣте
мѧ|мѧ
ни|ні
ѿ|от
тѣлесе|тѣлесе
грѣшꙿна|грѣшна
не|не
ѿлѫчаи̇те|отлѫчаіте
мене|мене
мⷪл͠ѧ|мол҃ѧ
вы̇|въі
не|не
дѣи̇те|дѣіте
мѧ|мѧ
маль|маль
годъ|годъ
покаа̇ти|покааті
сѧ|сѧ
и̇|і
вьꙁдѫхꙿнѫти|вьздѫхнѫті
и̇|і
плакати|плакаті
сѧ|сѧ
и̇|і
млтⷭ҇ы̇нѫ|млтсъінѫ
творити|творіті
мⷪл͠ѫ|мол҃ѫ
вы̇|въі
ꙁлѣ|злѣ
бо|бо
жиꙁꙿнь|жізнь
своѫ̇|своѫ
сконьчаа꙼хь|сконьчаахь
си|сі
ѿ|от
наⷭ҇|нас
слы̇шѫще|слъішѫще
а꙼нг͠ли|анг҃лі
и̇|і
рекьть|рекьть
намь|намь
ѻ̇|о
дш͠е|дш҃е
оу꙼богаа꙼|оубогаа
ѡ̇|о
дш͠е|дш҃е
ꙋны̇лаꙗ̇|оунъілаꙗ
вьсѫ|вьсѫ
дн͠и|дн҃і
своѫ̇|своѫ
нерадѫщи|нерадѫщі
жила|жіла
є̇си|есі
и̇|і
н͠нѣ|н҃нѣ
(л͠и)|л҃і
покаа꙼ти|покааті
сѧ|сѧ
хѻщеши|хощеші
ѡ̇|о
дш͠е|дш҃е
оу꙼же|оуже
слꙿнꙿце|слнце
ꙁаи̇де|заіде
и̇|і
вѣкь|вѣкь
твои̇|твоі
сконьча|сконьча
сѧ|сѧ
и̇|і
порѣꙁаниє̇|порѣзаніе
ти|ті
приде|пріде
и̇|і
б͠ь|б҃ь
є̇сть|есть
рекьⷧ҇|рекьл
ѡ̇|о
оу꙼бога|оубога
дш͠е|дш҃е
и̇ꙁы̇ди|ізъіді
въ|въ
ѡ̇гꙿнь|огнь
вѣчьнии̇|вѣчьніі
подѣа꙼ниє̇мь|подѣаніемь
си|сі
оу꙼жⷷ|оуже
ти|ті
житиꙗ̇|жітіꙗ
нⷭ҇ѣ|нсѣ
оу꙼же|оуже
нⷭ҇ѣ|нсѣ
ти|ті
сп͠сениꙗ̇|сп҃сеніꙗ
нѫ|нѫ
вѣчꙿнаа꙼|вѣчнаа
мѫка|мѫка
си|сі
слышѧще|слъішѧще
и̇|і
вѣроуѫ̇ще|вѣроуѫще
ꙗ̇ко|ꙗко
и̇стина|істіна
є̇сть|есть
тако|тако
а̇|а
не|не
басьнъ|басьнъ
да|да
подꙿвигꙿнѣмь|подвігнѣмь
сѧ|сѧ
братиє̇|братіе
прѣжеⷣ|прѣжед
года|года
того|того
бы̇ти|бъіті
готѡвомь|готовомь
и̇|і
а꙼ще|аще
наоу꙼чихьмы̇|наоучіхьмъі
сѧ|сѧ
гꙿрѣхы̇|грѣхъі
творити|творіті
нѫ|нѫ
ѡ̇ставѣмь|оставѣмь
сѧ|сѧ
покаꙗ̇ние̇мь|покаꙗніемь
и̇|і
не|не
льстимꙿ|льстім
сѧ|сѧ
братиє̇|братіе
сѫдъ|сѫдъ
е̇сть|есть
мѫка|мѫка
вѣчꙿнаа꙼|вѣчнаа
и̇|і
ѡ̇гꙿнь|огнь
неꙋгасаѫ̇щи|неоугасаѫщі
и̇|і
чрьвь|чрьвь
неꙋмираѫ̇и̇|неоуміраѫі
и̇|і
тъма|тъма
кромѣшꙿнаа꙼|кромѣшнаа
и̇|і
гроꙁа|гроза
и̇|і
вєпль|вепль
и̇|і
плачь|плачь
ꙗ̇коже|ꙗкоже
реⷱ҇|реч
г͠ь|г҃ь
вь|вь
є̇уⷢ҇ли|еуглі
не|не
вьсоує̇|вьсоуе
рекль|рекль
ѥ̇сть|есть
н͠бо|н҃бо
и̇|і
ꙁемѣ|земѣ
мимо|мімо
и̇деть|ідеть
а꙼|а
словеса|словеса
моꙗ̇|моꙗ
не|не
мимо|мімо
и̇дѫть|ідѫть
нѫ|нѫ
оу꙼бои̇мь|оубоімь
сѧ|сѧ
и̇|і
съдрьгнѣмь|съдрьгнѣмь
сѫ|сѫ
вьси|вьсі
и̇|і
и̇жⷷ|іже
въ|въ
грѣсѣхь|грѣсѣхь
сѧще|сѧще
потъщимꙿ|потъщім
(с)ѧ|сѧ
сь|сь
ст͠ы̇ми|ст҃ъімі
сьстрои̇ти|сьстроіті
сѧ|сѧ
покаа̇ниє̇мь|покааніемь
и̇|і
не|не
рьци|рьці
кралъ|кралъ
є̇сꙿмь|есмь
и̇ли|ілі
оу̇билъ|оубілъ
и̇ли|ілі
раꙁꙿбои̇|разбоі
створилъ|створілъ
и̇|і
не|не
прии̇мєть|прііметь
мѧ|мѧ
б͠ь|б҃ь
и̇ли|ілі
любодѣꙗ̇|любодѣꙗ
и̇|і
не|не
оу̇слышить|оуслъішіть
менє|мене
б͠ъ|б҃ъ
ни|ні
единогоже|едіногоже
ѿ|от
сихь|сіхь
рꙿци|рці
примєть|пріметь
всѣхь|всѣхь
б͠ь|б҃ь
ꙗ̇ко|ꙗко
и̇|і
раꙁꙿбои̇ника|разбоініка
и̇|і
ꙗ̇ко|ꙗко
и̇|і
любодѣи̇цѫ|любодѣіцѫ
и̇|і
ꙗ̇ко|ꙗко
и̇|і
мы̇тарѣ|мъітарѣ
нѫ|нѫ
неоу̇сыпає̇мь|неоусъіпаемь
мⷪ҇лѫще̇|молѫще
сѧ|сѧ
покаа̇ниє̇мь|покааніемь
и̇|і
гл͠ѧще|гл҃ѧще
ѿврьꙁи|отврьзі
намь|намь
недоⷭ҇и̇ны̇мь|недосінъімь
и̇|і
небогымь|небогъімь
и̇|і
грѣшꙿнꙿы̇мь|грѣшнъімь
и̇ме|іме
мои|моі
и|і
твоє̇го|твоего
ради|раді
и̇|і
не|не
ꙁатвори|затворі
нѫ|нѫ
оу꙼мили|оумілі
сѧ|сѧ
и̇|і
оу꙼вѣщаи̇|оувѣщаі
сѧ|сѧ
и̇|і
не|не
лиши|ліші
нась|нась
мⷪиⷧ҇мь|моілмь
ти|ті
сѧ|сѧ
слави|славі
црⷭ҇твиꙗ̇|црствіꙗ
твоє̇го|твоего
ты|тъі
бо|бо
є̇си|есі
б͠ь|б҃ь
нашь|нашь
оу̇богымь|оубогъімь
чаѫ̇щимь|чаѫщімь
твоѫ̇|твоѫ
славы̇|славъі
и̇|і
цр͠тво|цр҃тво
и̇|і
сп͠сниє̇|сп҃сніе
всѣмъ|всѣмъ
притѣкаѭ̇щимь|прітѣкаѭщімь
тєбѣ|тебѣ
и̇|і
нн͠ѣ|нн҃ѣ
и̇|і
присно|прісно
и̇|і
вꙿ|в
вѣкы̇|вѣкъі
(вѣко)мь|вѣкомь
а꙼миⷩ҇|амін
СЛ(Ꙍ҇)ВꙌ|слово
СТ҇ГꙌ|стго
ИꙌАН҇А|іоана
ꙀЛАТꙌꙊСТАГꙌ|златооустаго
в|в
сѫⷠ҇|сѫб
.а͠.|а҃
неⷣ|нед
поⷭ҇⸱|пос
мⷱ҇ниє̇|мчніе
ст͠го|ст҃го
ѳеѡⷣра|ѳеодра
стратилата|стратілата
ѡ̇ч͠е|оч҃е
блвⷭ҇и|блвсі
Ꙗкоже|ꙗкоже
слн͠це|слн҃це
сиꙗ̇е̇ть|сіꙗеть
видѧщи̇мь|відѧщімь
є̇|е
такоже|такоже
ѡ̇|о
мѫченицѣхь|мѫченіцѣхь
словеса|словеса
слышѧщимь|слъішѧщімь
ꙗ̇коже|ꙗкоже
нб͠о|нб҃о
оу꙼крашає̇ть|оукрашаеть
сѧ|сѧ
ꙁвѣꙁаⷣмы̇|звѣзадмъі
такоже|такоже
и̇|і
цр͠кви|цр҃кві
бж͠иꙗ̇|бж҃іꙗ
и̇мѫщи|імѫщі
мⷱ҇кы̇|мчкъі
ꙗ̇ко|ꙗко
цꙿвѣти|цвѣті
на|на
полихь|поліхь
такоже|такоже
мⷱ҇ци|мчці
вь|вь
црк͠вахь|црк҃вахь
памѫть|памѫть
мѫченикомꙿ|мѫченіком
дльгомь|дльгомь
ѿпоущениє̇|отпоущеніе
памѧть|памѧть
мⷱ҇комь|мчкомь
бѣсны̇мь|бѣснъімь
свобода|свобода
памⷽть|памѧть
мⷱ҇комь|мчкомь
животь|жівоть
и̇|і
ꙁдравиє̇|здравіе
и̇|і
мирꙿ|мір
подаває̇ть|подаваеть
великыⷯ҇|велікъіх
велика|веліка
подꙿвиꙁаниꙗ̇|подвізаніꙗ
свѣтли|свѣтлі
вѣньци|вѣньці
мⷱ҇комь|мчкомь
прⷣѣвⷶъше|прдѣваъше
мѫкамь|мѫкамь
тѣлеса|тѣлеса
своꙗ̇|своꙗ
и̇|і
всѣ|всѣ
красна|красна
мира|міра
сего|сего
положишѧ|положішѧ
въ|въ
смети|сметі
мѣсто|мѣсто
да|да
хаⷭ҇|хас
не|не
ѿвръгѫт|отвръгѫт
сѧ|сѧ
и̇|і
сего|сего
ради|раді
хьⷭ҇|хьс
въꙁда|възда
и̇мь|імь
сь|сь
а꙼нꙿг͠ли|анг҃лі
жити|жіті
мнѣвь|мнѣвь
бо|бо
стары̇|старъі
врагь|врагь
рода|рода
нашего|нашего
прѣборити|прѣборіті
ѫ̇|ѫ
нѫ|нѫ
паче|паче
жителе|жітеле
раю̇|раю
створи|створі
и̇|і
не|не
прѣста|прѣста
въꙁьдвиꙁаѫ̇|възьдвізаѫ
ꙃвѣри|звѣрі
свѣрѣпы̇ѫ̇|свѣрѣпъіѫ
на|на
живѫщѫѭ̇|жівѫщѫѭ
бл͠гвѣрꙿно|бл҃гвѣрно
а̇|а
побѣжаⷣє̇мьи̇ми|побѣжадемьімі
ꙗ̇коже|ꙗкоже
сѧ|сѧ
при|прі
наⷭ҇|нас
въꙁⷣвижⱔ|въздвіжѧ
ꙁвѣрь|звѣрь
свѣрѣпы̇и̇|свѣрѣпъіі
на|на
хⷭ҇во|хсво
стадо|стадо
ликиниꙗ̇|лікініꙗ
г͠лѧ|г҃лѧ
ꙁѧть|зѧть
бл͠говѣрꙿнаа꙼го|бл҃говѣрнааго
ц͠рѣ|ц҃рѣ
великаа꙼го|велікааго
костаньдинаа꙼|костаньдінаа
приє̇мы̇|пріемъі
скивьтрь|сківьтрь
ѿ|от
макьсимьꙗ̇на|макьсімьꙗна
нечьстиваа꙼го|нечьстівааго
и̇|і
оу̇поⷣбы|оуподбъі
сѧ|сѧ
дѣꙗ̇нию̇|дѣꙗнію
є̇го|его
и̇|і
а꙼бие̇|абіе
въꙁⷣи(ж͠е̇)|въздіж҃е
гонениє̇|гоненіе
на|на
крⷭ҇иа̇ны̇|крсіанъі
и̇|і
посла|посла
повелѣниѥ̇|повелѣніе
въ|въ
всѧ|всѧ
граⷣи|граді
и̇|і
страны̇|странъі
не|не
тькмо|тькмо
же|же
се|се
нѫ|нѫ
и̇|і
оу꙼чинены̇ѫ̇|оучіненъіѫ
въ|въ
воѫ̇|воѫ
и̇|і
оу̇бии̇ствомь|оубііствомь
повелѣниє̇мь|повелѣніемь
.м͠.|м҃
вои̇нь|воінь
такожеⷣ|такожед
.о͠.|о҃
сътникьи̇|сътнікьі
.в͠.|в҃
въ|въ
македони|македоні
видѣ|відѣ
же|же
се|се
скврънꙿныи́|сквръннъіі
ꙗ̇ко|ꙗко
бечисла|бечісла
мꙿножьство|множьство
не|не
радѧть|радѧть
ѡ̋|о
повелѣнии̇|повелѣніі
ѥ̇го|его
нѫ|нѫ
въдаваѧ̇т|въдаваѧт
сѧ|сѧ
на|на
съмр͠ть|съмр҃ть
вѣры|вѣръі
ради|раді
б͠иѧ̇|б҃іѧ
и̇|і
оу̇мысли|оумъіслі
же|же
паче|паче
славны̇ѫ̇|славнъіѫ
въ|въ
вои̇хь|воіхь
и̇|і
въ|въ
градѣхь|градѣхь
є̇мати|ематі
нꙋдити|ноудіті
и̇|і
пожрѣти|пожрѣті
и̇доломь|ідоломь
мне|мне
се|се
врагь|врагь
страхомь|страхомь
свои̇мь|своімь
побѣдити|побѣдіті
ѧ̇|ѧ
и̇|і
и̇щемо|іщемо
мъже|мъже
славьныи̇мь|славьнъіімь
вьсѫдоу|вьсѫдоу
повелѣние̇мь|повелѣніемь
цр͠евомь|цр҃евомь
и̇|і
повѣдашѧ|повѣдашѧ
е̇моу|емоу
ѡ̇|о
е̇терѣ|етерѣ
мѫжи|мѫжі
ѳеѡⷣрѣ|ѳеодрѣ
и̇|і
ꙃѣло|зѣло
краснѣ|краснѣ
видѣние̇мь|відѣніемь
и̇|і
прѣмѫдрь|прѣмѫдрь
бесѣдоѫ̇|бесѣдоѫ
и̇же|іже
бѣ|бѣ
ц͠роу|ц҃роу
схоластикь|схоластікь
вриѡ̇торьже|вріоторьже
словѣше|словѣше
ю̇нь|юнь
тѣломь|тѣломь
старь|старь
же|же
б͠оголю̇беꙃнѣ|б҃оголюбезнѣ
дѣꙗ̇ни|дѣꙗні
свои̇ми|своімі
и̇|і
ѡ̇|о
семь|семь
слы̇ша|слъіша
свѣрѣпы̇|свѣрѣпъі
ликини|лікіні
и̇|і
посла|посла
кь|кь
немоу|немоу
слоу̇гы|слоугъі
сь|сь
дарьми|дарьмі
и̇ꙁь|ізь
никомидие|нікомідіе
въ|въ
а꙼раклиѭ̇|аракліѭ
и̇|і
е̇вьксина|евьксіна
пѫти|пѫті
блиꙁь|блізь
сѧща|сѧща
тоу|тоу
бо|бо
живѣше|жівѣше
бл͠ажены̋|бл҃аженъі
ѳеѡⷣрь|ѳеодрь
привести|прівесті
сь|сь
многоѫ̇|многоѫ
чⷭ҇тиѫ̇|чстіѫ
ѡ̇ниже|оніже
пришеⷣше|прішедше
бѣ|бѣ
жаⷣхѫ|жадхѫ
пріи̇ти|прііті
кь|кь
ц͠роу|ц҃роу
г͠лѧще|г҃лѧще
грѧди|грѧді
вь|вь
желаѫ̇щомоу|желаѫщомоу
тѫ|тѫ
ꙃѣло|зѣло
бо|бо
хощеть|хощеть
видѣти|відѣті
свѣтлое̇|свѣтлое
твоє̇|твое
лице|ліце
бл͠жены̇|бл҃женъі
же|же
ѳеѡⷣрь|ѳеодрь
мѫдры̇ми|мѫдръімі
словесы̇|словесъі
рꙋгаше|роугаше
сѧ|сѧ
и̇мь|імь
є̇ще|еще
же|же
и̇|і
приѧ̇ти|пріѧті
ѧ̇|ѧ
сꙿтворь|створь
люблѣше|люблѣше
же|же
ѫ̇|ѫ
вельми|вельмі
и̇|і
оу̇дръжа|оудръжа
же|же
ѫ̇|ѫ
.г͠.|г҃
д͠ни|д҃ні
ꙩ̇нѣмꙿ|онѣм
же|же
нѫдѧщимь|нѫдѧщімь
сѧ|сѧ
пои̇ти|поіті
и̇|і
самь|самь
оу̇дрьжавь|оудрьжавь
мало|мало
ѿ|от
нихь|ніхь
а꙼|а
прочѧѫ̇|прочѧѫ
посла|посла
кь|кь
ликинию̇|лікінію
написавꙿ|напісав
кь|кь
немоу|немоу
посла|посла
писаниє̇|пісаніе
ꙗ̇ко|ꙗко
да|да
самь|самь
двигнеть|двігнеть
сѧ|сѧ
и̇|і
да|да
придеть|прідеть
кь|кь
немоу|немоу
съ|съ
чⷭ҇тными|чстнъімі
бг͠ы|бг҃ъі
реⷱ҇|реч
да|да
при|прі
тебѣ|тебѣ
пожрѫ|пожрѫ
ѻ̇ниже|оніже
въꙁвратишѧ|възвратішѧ
сѧ|сѧ
къ|къ
цр͠ю|цр҃ю
и̇|і
повѣдашѧ|повѣдашѧ
писание̇|пісаніе
ѿ|от
ѳеѡⷣра|ѳеодра
добрѫѭ̇|добрѫѭ
дѣтѣлъ|дѣтѣлъ
е̇го|его
рекьше|рекьше
ꙗ̇ко|ꙗко
поⷣбае̇ть|подбаеть
тебѣ|тебѣ
двигнѫти|двігнѫті
сѧ|сѧ
кь|кь
немоу|немоу
и̇|і
семоу|семоу
бо|бо
бы̇вае̇моу|бъіваемоу
мноꙃи|мнозі
бо|бо
и̇мѧть|імѧть
поклонити|поклоніті
сѧ|сѧ
бг͠омь|бг҃омь
и̇|і
послоушавь|послоушавь
же|же
ликинии̇|лікініі
словеса|словеса
и̇хь|іхь
и̇|і
сьбравь|сьбравь
множьство|множьство
великоє̇|велікое
гражаⷣнь|гражаднь
и̇|і
селѣны̇|селѣнъі
ꙗ̇ко|ꙗко
.ѳ͠.|ѳ҃
ты̇сѧщь|тъісѧщь
и̇|і
пои̇де|поіде
вь|вь
и̇раклиѫ̇|іракліѫ
сь|сь
великоѫ̇|велікоѫ
радостиѫ̇|радостіѫ
вь|вь
тѧже|тѧже
нощь|нощь
ст͠ы|ст҃ъі
ѳеѡⷣрь|ѳеодрь
видѣ|відѣ
вь|вь
сꙿнѣ|снѣ
ꙗ̇ко|ꙗко
вьꙁѧть|вьзѧть
быⷭ҇|бъіс
покровь|покровь
храмаа̇|храмаа
вь|вь
немьже|немьже
лежаше|лежаше
и̇|і
стрѣлы|стрѣлъі
ѡ̇гꙿнꙿны|огннъі
сꙿ|с
нбеⷭ҇|нбес
летѧще|летѧще
на|на
нь|нь
и̇|і
глⷭ҇а|глса
гн͠ь|гн҃ь
гл͠ѧ|гл҃ѧ
кь|кь
немⷹ|немоу
дрьꙁаи̇|дрьзаі
ѳеѡⷣре|ѳеодре
с|с
тобоѫ̇|тобоѫ
е̇сꙿмь|есмь
а꙼ꙁь|азь
и̇|і
вьста|вьста
же|же
бл͠жены̇|бл҃женъі
и|і
расмотри|расмотрі
сьнь|сьнь
и̇|і
помы̇слии̇|помъісліі
ꙗ̇ко|ꙗко
г͠ь|г҃ь
бѣдить|бѣдіть
и̇|і
на|на
мѫчениє̇|мѫченіе
и̇|і
ѻ̇бьвесели|обьвеселі
сѧ|сѧ
ꙃѣло|зѣло
и̇|і
оу̇вⷣѣ|оувдѣ
ꙗ̇ко|ꙗко
ликини|лікіні
цр͠ь|цр҃ь
приближи|прібліжі
сѧ|сѧ
и̇|і
вълѣꙁе|вълѣзе
вьнѫтрьнѫѫ̇|вьнѫтрьнѫѫ
клѣть|клѣть
своѫ̇|своѫ
кланѣѫ̇|кланѣѫ
сѧ|сѧ
ꙃѣло|зѣло
и̇|і
гл͠ѧ|гл҃ѧ
пѫть|пѫть
шествоуи̇|шествоуі
сꙿ|с
мꙿноѫ̇|мноѫ
г͠и|г҃і
вь|вь
течени|течені
и̇|і
сє̇мь|семь
тебе|тебе
ради|раді
въставь|въставь
же|же
и̇|і
оу̇мы|оумъі
си|сі
лице|ліце
и̇|і
ѡ̇блькꙿ|обльк
сѧ|сѧ
вь|вь
риꙁы̇|різъі
своѫ̇|своѫ
брачны̇ѩ̇|брачнъіѧ
вьсѣде|вьсѣде
на|на
конь|конь
и̇|і
срѣте|срѣте
ц͠рѣ|ц҃рѣ
и̇|і
доⷭ҇и̇но|досіно
поклонение̇|поклоненіе
сꙿтвори|створі
є̇мⷹ|емоу
и̇|і
реⷱ҇|реч
раⷣуи̇|радуі
сѧ|сѧ
гнⷣе|гнде
дрьжавьны|дрьжавьнъі
властелине|властеліне
ц͠рь|ц҃рь
же|же
лобьꙁавь|лобьзавь
ѫ̇|ѫ
и̇|і
гл͠аше|гл҃аше
приди|пріді
оу꙼бо|оубо
слн͠цоуꙁрачне|слн҃цоузрачне
и̇|і
вѣнечно|вѣнечно
славне|славне
поⷣбає̇ть|подбаеть
тебѣ|тебѣ
вѣнець|вѣнець
носити|носіті
и̇|і
сꙿ|с
мⷩоѫ̇|мноѫ
ц͠рьствовати|ц҃рьствоваті
и̇|і
вьшедъшоу|вьшедъшоу
же|же
е̇моу|емоу
вь|вь
и̇раи̇клиѫ̇|іраікліѫ
и̇|і
прѣстолоу|прѣстолоу
великомоу|велікомоу
оу꙼готованоу|оуготованоу
бы̇вꙿшоу|бъівшоу
є̇мꙋ|емоу
и̇|і
сѣде|сѣде
ц͠рь|ц҃рь
и̇|і
ѳеѡⷣрь|ѳеодрь
и̇|і
народоу|народоу
мꙿногоу|многоу
прѣстоѫ̇щоу|прѣстоѫщоу
прѣдь|прѣдь
нимь|німь
и̇|і
г͠ла|г҃ла
ц͠рь|ц҃рь
приꙗ̇телоу|пріꙗтелоу
мои̇|моі
ѳеѡⷣре|ѳеодре
нарьци|нарьці
д͠нь|д҃нь
в(ь)|вь
ьⷩ҇же|ьнже
и̇маши|імаші
прінести|прінесті
жрьтвы̇|жрьтвъі
великы̇мь|велікъімь
б͠омь|б҃омь
и̇|і
реⷱ҇|реч
бл͠жени|бл҃жені
ѳеѡⷣрь|ѳеодрь
кь|кь
немоу|немоу
принеси|прінесі
ми|мі
ц͠рю|ц҃рю
честꙿнѣи̇шѧѫ̇|честнѣішѧѫ
твоѫ̇|твоѫ
б͠гы|б҃гъі
да|да
створѧ|створѧ
ѫ̇|ѫ
вьнести|вьнесті
въ|въ
клѣть|клѣть
моѫ̇|моѫ
и̇|і
покажⷣоу|покаждоу
и̇|і
помажꙋ|помажоу
иⷯ|іх
пакы̇|пакъі
принесѫ|прінесѫ
ѫ̇|ѫ
прѣдъ|прѣдъ
тобою̇|тобою
и̇|і
пожрѫ|пожрѫ
и̇мь|імь
и̇|і
въꙁемь|въземь
бл͠жени|бл҃жені
ѳеѡⷣръ|ѳеодръ
б͠гы̇|б҃гъі
ꙁлатиѫ̇|златіѫ
и̇|і
сребрьны̇ѫ̇|сребрьнъіѫ
и̇|і
внеⷭ҇|внес
ѧ̇|ѧ
въ|въ
клѣть|клѣть
своѫ|своѫ
вь|вь
полоунощи|полоунощі
раꙁби|разбі
и̇|і
ськроуши|ськроуші
ѫ̇|ѫ
и̇|і
раꙁⷣа|разда
ѫ̇|ѫ
нищимь|ніщімь
и̇|і
двѣма|двѣма
же|же
д͠ньма|д҃ньма
мимо|мімо
шедьшема|шедьшема
и̇|і
приꙁва|прізва
ликинии̇|лікініі
мⷱ҇ника|мчніка
и̇|і
реⷱ҇|реч
е̇мꙋ|емоу
ꙗ̇коже|ꙗкоже
добра|добра
рода|рода
е̇си|есі
и̇|і
славьнаа̇|славьнаа
и̇|і
чьтомь|чьтомь
дрѣвꙿними|дрѣвнімі
ц͠ри|ц҃рі
и̇|і
покажи|покажі
дрьꙁновение̇|дрьзновеніе
свое̇|свое
кь|кь
б͠гомь|б҃гомь
и̇|і
прѣдь|прѣдь
вьсѣми|вьсѣмі
пожри|пожрі
и̇мь|імь
да|да
прочи|прочі
видѣвꙿшеиꙿ|відѣвшеі
тѧ|тѧ
дрьꙃѣи̇шѧ|дрьзѣішѧ
бѫдѧть|бѫдѧть
макьсеньтие̇|макьсеньтіе
же|же
сьтьникь|сьтьнікь
прѣѫ̇|прѣѫ
рѣчь|рѣчь
и̇|і
реⷱ҇|реч
ц͠рю|ц҃рю
тако|тако
ми|мі
б͠ꙁи|б҃зі
и̇|і
славьнаа̇|славьнаа
твоꙗ̇|твоꙗ
дрьжаваа̇|дрьжаваа
порѫгалꙿ|порѫгал
сѧ|сѧ
е̇стъ|естъ
а̇ꙁь|азь
бо|бо
видѣхь|відѣхь
вь|вь
минꙋвьшꙋѫ̇|міноувьшоуѫ
нощь|нощь
г͠лавѫ|г҃лавѫ
великѫѫ̇|велікѫѫ
арьтемидѫ|арьтемідѫ
носимѫ|носімѫ
женоѫ̇|женоѫ
е̇тероѫ̇|етероѫ
оу꙼богоѫ̇|оубогоѫ
и̇|і
рауⷣѧщи|раудѧщі
сѧ|сѧ
ѡ̇|о
неи̇|неі
и̇|і
диви|діві
сѧ|сѧ
ц͠рь|ц҃рь
и̇|і
быⷭ҇|бъіс
беꙁьглаⷭ҇нь|безьгласнь
и̇|і
ѿвѣща|отвѣща
ѳеѡⷣрь|ѳеодрь
и̇|і
реⷱ҇|реч
є̇моу|емоу
тако|тако
ми|мі
силы|сілъі
хвⷭ҇и|хвсі
ꙗ̇ко|ꙗко
тако|тако
є̇сть|есть
ꙗ̇коже|ꙗкоже
макꙿсеньтиє̇|максеньтіе
реⷱ҇|реч
добрѣ|добрѣ
є̇же|еже
сътворихь|сътворіхь
ц͠рю|ц҃рю
а꙼ще|аще
б͠ꙁи|б҃зі
твои̇|твоі
не|не
могѫть|могѫть
помощи|помощі
себѣ|себѣ
то|то
намь|намь
како|како
могѫть|могѫть
помощи|помощі
тогаⷣ|тогад
ликини|лікіні
и̇ꙁꙿмѣни|ізмѣні
лице|ліце
своє̇|свое
и̇|і
колѣни|колѣні
си|сі
съплеть|съплеть
рѫкама|рѫкама
и̇|і
вьпиꙗ̇ше|вьпіꙗше
г͠лѧ|г҃лѧ
оу̇вӹ|оувъі
мнѣ|мнѣ
оу̇вы̇|оувъі
мнѣ|мнѣ
порѫгань|порѫгань
быⷯ|бъіх
и̇|і
что|что
рекѫ|рекѫ
и̇ли|ілі
что|что
вьꙁꙿг͠лѧ|вьзг҃лѧ
не|не
вѣмь|вѣмь
ц͠рю|ц҃рю
дрьжавьноу|дрьжавьноу
кꙿь|кь
гоубителоу|гоубітелоу
семоу|семоу
си|сі
рекь|рекь
и̇|і
народоу|народоу
сьбравꙿшоу|сьбравшоу
сѧ|сѧ
и̇|і
вь|вь
сьмѣхь|сьмѣхь
бы̇вꙿшоу|бъівшоу
всѣмь|всѣмь
противꙿны̇мь|протівнъімь
воє̇м(ь)|воемь
ѥ̇ще|еще
же|же
и̇|і
красны̇ѫ̇|краснъіѫ
бг͠ы|бг҃ъі
раꙁьбывꙿшоу|разьбъівшоу
и̇|і
раꙁдаль|раздаль
є̇си|есі
нищимь|ніщімь
мⷱ҇кь|мчкь
же|же
х͠вь|х҃вь
ѳеѡⷣрь|ѳеодрь
реⷱ҇|реч
ры̇кає̇ши|ръікаеші
ц͠рю|ц҃рю
нѫ|нѫ
а̇ꙁь|азь
играѫ̇|іграѫ
ты̇|тъі
сь|сь
б͠гомꙿ|б҃гом
бориши|боріші
сѧ|сѧ
нѫ|нѫ
а̇ꙁь|азь
б͠гословѧ|б҃гословѧ
и̇|і
ты|тъі
хꙋлиши|хоуліші
нѫ|нѫ
а̇ꙁь|азь
хвалословоу|хвалословоу
ты̇|тъі
мр͠тьвымь|мр҃тьвъімь
слоужиши|слоужіші
нѫ|нѫ
а꙼ꙁь|азь
б͠оу|б҃оу
живоу|жівоу
ты|тъі
серапию̇|серапію
а̇ꙁь|азь
жⱔ|жѧ
серафиⷨ҇скомоу|серафімскомоу
ты̇|тъі
а̇полоноу|аполоноу
нѫ|нѫ
а꙼ꙁь|азь
спаⷭ҇ѫ̇щомоу|спасѫщомоу
ты|тъі
же|же
тракининь|тракінінь
ꙋглъ|оуглъ
а̇ꙁь|азь
же|же
врьховьны̇|врьховьнъі
римлѣнинь|рімлѣнінь
ты̇|тъі
ликинии̇|лікініі
вѣꙗ̇тель|вѣꙗтель
а꙼ꙁъ|азъ
же|же
ѳеѡⷣрь|ѳеодрь
б͠жи|б҃жі
дарь|дарь
тѣмьжⷷ҇|тѣмьже
ц͠рю|ц҃рю
не|не
гнѣваи̇|гнѣваі
сѧ|сѧ
ни|ні
ры̇каи̇|ръікаі
се|се
бо|бо
твⷪ҇рѧ|творѧ
сам|сам
сѧ|сѧ
мⷱ҇ши|мчші
и̇|і
ѡ̇браꙁь|образь
ѡ̇сли̇|ослі
и̇маши|імаші
тѡгаⷣ|тогад
раꙁьгꙿнѣва|разьгнѣва
сѧ|сѧ
ликини|лікіні
и̇|і
повелѣ|повелѣ
мⷱ҇ка|мчка
съвлѣщи|съвлѣщі
и̇|і
протѧгнѫти|протѧгнѫті
и̇|і
быти|бъіті
.д͠.|д҃
ми|мі
по|по
плещьма|плещьма
батови|батові
.н͠.|н҃
и̇|і
по|по
чрѣвоу|чрѣвоу
.ѯ͠.|ѯ҃
рань|рань
и̇|і
потомь|потомь
повѣлѣ|повѣлѣ
солигами|солігамі
ѻ̇ловѣнами|оловѣнамі
бити|біті
по|по
выи̇|въіі
е̇го|его
немⷧ҇тⷭ҇ивꙿно|немлтсівно
и̇|і
нокьты̇|нокьтъі
желѣꙁꙿы|желѣзъі
трьꙁати|трьзаті
плъⷮ҇|плът
є̇го|его
и̇|і
свѣщами|свѣщамі
горѫщами|горѫщамі
жещи|жещі
по|по
строупомь|строупомь
ѥ̇го|его
и̇|і
чрѣпы|чрѣпъі
ѡ̇стры|остръі
брести|бресті
сьсѣдьшѧѧ̇|сьсѣдьшѧѧ
крьвь|крьвь
ѥ̇го|его
и̇|і
по|по
семь|семь
повелѣ|повелѣ
ꙁатворити|затворіті
въ|въ
темꙿници|темніці
и̇|і
ноꙃѣ|нозѣ
є̇го|его
ꙁабы̇ти|забъіті
вь|вь
кладѣ|кладѣ
и̇|і
не|не
дати|даті
е̇моу|емоу
ꙗ̇сти|ꙗсті
ꙁа|за
.е͠.|е҃
дн͠еи̇|дн҃еі
и̇|і
по|по
семь|семь
повелꙗ|повелꙗ
крⷭ҇ть|крсть
оу̇строи̇ти|оустроіті
и̇|і
поставити|поставіті
прѣдъ|прѣдъ
враты|вратъі
привести|прівесті
же|же
ст͠аго|ст҃аго
и̇|і
пригвоꙁⷣити|прігвоздіті
на|на
нємь|немь
и̇|і
пришедьше|прішедьше
слоугы̇|слоугъі
и̇|і
пригвоꙁдишѧ|прігвоздішѧ
е̇моу|емоу
рѫцѣ|рѫцѣ
и̇|і
ѥ̇динъ|едінъ
гвоꙁдꙑ|гвоздъі
вьбишѧ|вьбішѧ
вь|вь
таи̇ны̇|таінъі
оу̇дь|оудь
е̇го|его
и̇|і
и̇но|іно
горе|горе
сътворишѧ|сътворішѧ
ѥ̇моу|емоу
и̇|і
ѡ̇трокомь|отрокомь
повелѣвше|повелѣвше
стоѫ̇щимь|стоѫщімь
стрѣлѣти|стрѣлѣті
вь|вь
ѡ̇чи|очі
є̇го|его
и̇|і
и̇стрьꙁати|істрьзаті
стрѣли|стрѣлі
сь|сь
ꙃѣницами|зѣніцамі
є̇го|его
дроуꙁии̇|дроузіі
же|же
таи̇нны̇|таіннъі
оу̇дъ|оудъ
ѥ̇го|его
ѡ̇стры̇|остръі
желѣꙁы̇|желѣзъі
прокраа̇хѫ|прокраахѫ
а꙼ꙁь|азь
же|же
тоу|тоу
бѣхь|бѣхь
є̇дрописець|едропісець
авьгарь|авьгарь
ꙁрѫ|зрѫ
мⷱ҇нка|мчнка
слышѫ|слъішѫ
же|же
таи̇нꙿное̇|таінное
въꙁьды̇хани(є̇)|възьдъіханіе
є̇го|его
и̇|і
поврьгохь|поврьгохь
коньдикелы̇|коньдікелъі
и̇|і
поклѣнѣхьх|поклѣнѣхьх
сѧ|сѧ
на|на
ногоу|ногоу
е̇го|его
господинꙿ|господін
же|же
мои̇|моі
стрⷭ҇рць|стрсрць
хвⷭ҇ь|хвсь
ѳеѡⷣрь|ѳеодрь
маломь|маломь
глаⷭ҇мь|гласмь
реⷱ҇|реч
мꙵ҇|м
гл͠ѧ|гл҃ѧ
а꙼вьгаре|авьгаре
дѣла|дѣла
своє̇го|своего
не|не
ѡ̇стави|оставі
и̇|і
не|не
прѣстани|прѣстані
ѿ|от
бесѣды̇|бесѣдъі
бѫⷣщѧѧ̇|бѫдщѧѧ
(ѻ̇)|о
мꙿнѣ|мнѣ
нѫ|нѫ
прѣтрьпи|прѣтрьпі
да|да
ѡ̇шестьвие̇|ошестьвіе
моѥ̇|мое
напишеши|напішеші
и̇|і
подвиꙁаниꙗ̇|подвізаніꙗ
и̇|і
д͠нь|д҃нь
сконьчаниꙗ̇|сконьчаніꙗ
мⷪє̇го|моего
и̇|і
вьпиѫ̇|вьпіѫ
ѳеѡⷣрь|ѳеодрь
г͠оу|г҃оу
г͠лаше|г҃лаше
прьвѣє̇|прьвѣе
ми|мі
г͠и|г҃і
реⷱ҇|реч
ꙗ̇ко|ꙗко
с|с
тобоѫ̇|тобоѫ
є̇сьмь|есьмь
и̇|і
н͠нѣ|н҃нѣ
вьскѫѫ̇|вьскѫѫ
ѿстѧпи|отстѧпі
ѿ|от
мене|мене
вижьⷣ|віжьд
г͠и|г҃і
непорочꙿнаа̇|непорочнаа
мѧ|мѧ
сътвори|сътворі
и̇|і
ꙁвѣриє̇|звѣріе
диви|діві
раꙁоришѧ|разорішѧ
тѣло|тѣло
мие̇|міе
и̇|і
тѣбе|тѣбе
ради|раді
и̇ꙁѧста|ізѧста
се|се
ꙃѣницѣ|зѣніцѣ
ѡ̇чию̇|очію
моє̇ю̇|моею
и̇|і
пльⷮ|пльт
ми|мі
ѡ̇г͠ноу|ог҃ноу
прѣдана|прѣдана
быⷭ҇|бъіс
власи|власі
же|же
мои̇|моі
падаѫ̇ть|падаѫть
по|по
ꙁеми|земі
ꙁѫби|зѫбі
же|же
ѡ̇скⷡ҇рънѣѫ̇тꙿ|оскврънѣѫт
сѧ|сѧ
л[и]це|ліце
же|же
ѡ̇синѣе̇ть|осінѣеть
и̇|і
кости|кості
соухи|соухі
страхомꙿ|страхом
прідрьжѫть|прідрьжѫть
сѧ|сѧ
крⷭ҇тѣ|крстѣ
помени|помені
г͠и|г҃і
ꙗ̇[ко]|ꙗко
тебе|тебе
ради|раді
постраⷣхь|пострадхь
нѫ|нѫ
и̇|і
желѣꙁны|желѣзнъі
гвоꙁди|гвозді
прои̇дѫ|проідѫ
мѧ|мѧ
и̇|і
вьсꙿприми|вьспрімі
ѡ̇каа̇нꙿны̇|окааннъі
д͠хь|д҃хь
мои̇|моі
и̇|і
оу̇строи̇|оустроі
ꙗ̇коже|ꙗкоже
хощеши|хощеші
а꙼ꙁь|азь
бо|бо
и̇схожⷣѫ|ісхождѫ
ѿ|от
житиꙗ̇|жітіꙗ
сего|сего
и̇|і
се|се
рекь|рекь
к|к
томꙋ|томоу
не|не
провѣща|провѣща
бѣ|бѣ
бо|бо
сьдрⷪбено|сьдробено
все|все
тѣло|тѣло
є̇го|его
и̇|і
мнѣвꙿ|мнѣв
же|же
ликини|лікіні
ц͠рь|ц҃рь
ꙗ̇ко|ꙗко
оу̇мр͠шаа̇|оумр҃шаа
и̇|і
повелѣ|повелѣ
ѡ̇ставити|оставіті
висѧща|вісѧща
на|на
дрѣвѣ|дрѣвѣ
и̇|і
вь|вь
прьвѫѫ̇|прьвѫѫ
же|же
стражѫ|стражѫ
нощи|нощі
и̇|і
посланъ|посланъ
быⷭ҇|бъіс
а̇нꙿг͠ль|анг҃ль
ѿ|от
б͠а|б҃а
и̇|і
ѿрѣши|отрѣші
и̇|і
ѿ|от
крⷭ҇та|крста
того|того
и̇|і
сьтвори|сьтворі
тѣло|тѣло
є̇го|его
ꙁдраво|здраво
и̇|і
лобьꙁавь|лобьзавь
и̇|і
и̇|і
реⷱ҇|реч
е̇моу|емоу
раⷣуи̇|радуі
сѧ|сѧ
ѳеѡⷣре|ѳеодре
и̇|і
вьꙁьмагаи̇|вьзьмагаі
ѡ̇|о
бл͠годѣти|бл҃годѣті
г͠а|г҃а
нашего|нашего
ісаⷭ҇|ісас
хаⷭ҇|хас
се|се
бо|бо
с|с
тобоѫ̇|тобоѫ
є̇сть|есть
г͠ь|г҃ь
б͠ь|б҃ь
и̇|і
по|по
что|что
реⷱ҇|реч
ꙗ̇ко|ꙗко
ѿстѫпи|отстѫпі
ѿ|от
мене|мене
скончаи̇|скончаі
оу̇бо|оубо
течениє̇|теченіе
и̇|і
страсти|страсті
твоѫ̇|твоѫ
и̇|і
придеши|прідеші
кь|кь
г͠оу|г҃оу
нашемоу|нашемоу
і̇соуⷭ҇|ісоус
хⷭ҇оу|хсоу
и̇|і
прии̇меши̇|пріімеші
бесꙿм͠ртны̇|бесм҃ртнъі
вѣнець|вѣнець
и̇|і
се|се
рекь|рекь
а̇нꙿг͠ль|анг҃ль
и̇|і
ѿтиде|оттіде
ст͠ы|ст҃ъі
же|же
ѳеѡ̇дорь|ѳеодорь
ꙁдравъ|здравъ
быⷭ҇|бъіс
и̇|і
хвалѣше|хвалѣше
своє̇гⷪ|своего
влⷣкѫ|влдкѫ
и̇|і
начѧть|начѧть
пѣти|пѣті
гл͠ѧ|гл҃ѧ
вьꙁнесѧ|вьзнесѧ
тѧ|тѧ
цр͠ю|цр҃ю
мои̇|моі
бж͠е|бж҃е
мои̇|моі
и̇|і
бл͠гословѧ|бл҃гословѧ
и̇мѧ|імѧ
ти|ті
вь|вь
вѣкы̇|вѣкъі
вѣка|вѣка
и̇|і
прочеє̇|прочее
ликини|лікіні
же|же
свѣта|свѣта
не|не
дочека|дочека
по|по
брѣꙁгоу|брѣзгоу
посла|посла
а̇ньтиѡ̇ха|аньтіоха
и̇|і
патрикиꙗ̇|патрікіꙗ
ѻ̇ба|оба
своꙗ̇|своꙗ
сьтника|сьтніка
бѣста|бѣста
бо|бо
и̇|і
чрѣдьника|чрѣдьніка
и̇|і
гл͠а|гл҃а
кь|кь
нима|німа
цр͠ь|цр҃ь
шеⷣша|шедша
и̇|і
принесѣта|прінесѣта
ми|мі
ꙁлоє̇|злое
то|то
смрⷮ҇ьноѥ̇|смртьное
тѣло|тѣло
льсца|льсца
ѳеѡⷣра|ѳеодра
да|да
вь|вь
ракꙋ|ракоу
ѡ̇ловѣнꙋ|оловѣноу
вьложѧ|вьложѧ
и̇|і
вь|вь
глѧбинѫ|глѧбінѫ
морьскѫѫ̇|морьскѫѫ
въврꙿжемь|въвржемь
є̇|е
несьмысльныⷯ|несьмъісльнъіх
ради|раді
крьстинь|крьстінь
шедьша|шедьша
же|же
сьтьника|сьтьніка
кь|кь
мѣстоу|мѣстоу
и̇|і
дрѣво|дрѣво
видѣста|відѣста
лежѫще|лежѫще
и̇скомаго|іскомаго
нигⷣѣже|нігдѣже
не|не
видѣше|відѣше
ст͠го|ст҃го
ѳеѡⷣра|ѳеодра
и̇|і
реⷱ҇|реч
а̇ньтиѡ̇хь|аньтіохь
кь|кь
патрикию̇|патрікію
вь|вь
и̇стинѫ|істінѫ
ꙗ̇ко|ꙗко
галилеи̇|галілеі
гл͠ѧть|гл҃ѧть
ꙗ̇ко|ꙗко
хьⷭ҇|хьс
вꙿсꙿкр͠сль|вскр҃сль
е̇сть|есть
и̇|і
сего|сего
днⷭ҇е|днсе
вьскꙿр͠си|вьскр҃сі
и̇|і
патрики|патрікі
же|же
блиꙁꙿ|бліз
пристѧпи|прістѧпі
и̇|і
видѣ|відѣ
бл͠женаго|бл҃женаго
ѳеѡⷣра|ѳеодра
сѣдѧща|сѣдѧща
и̇|і
поѫ̇ща|поѫща
словеса|словеса
бж͠иꙗ̇|бж҃іꙗ
и̇|і
вьꙁьпи|вьзьпі
глаⷭ҇мь|гласмь
велиє̇мь|веліемь
и̇|і
реⷱ҇|реч
велеи̇|велеі
б͠ь|б҃ь
крⷭ҇тиꙗ̇ньскы̇|крстіꙗньскъі
и̇|і
пристѧпльша|прістѧпльша
кь|кь
немоу|немоу
и̇|і
рѣста|рѣста
мⷧ҇ивѣ|млівѣ
ти|ті
сѧ|сѧ
и̇|і
вѣ|вѣ
крⷭ҇тиꙗ̇нина|крстіꙗніна
е̇свѣ|есвѣ
и̇|і
вѣроваста|вѣроваста
вь|вь
тьи̇|тьі
дн͠ь|дн҃ь
и̇|і
та|та
и̇|і
.о͠.|о҃
вои̇|воі
и̇ны̇|інъі
и̇|і
.в͠.|в҃
и̇|і
оу̇вѣдѣвꙿ|оувѣдѣв
же|же
ликинии̇|лікініі
и̇|і
посла|посла
а̇ньтипата|аньтіпата
и̇кеѳа|ікеѳа
и̇|і
и̇нѣхь|інѣхь
.т͠.|т҃
вои̇нь|воінь
да|да
ꙋбиѫ̇ть|оубіѫть
ѫ̇|ѫ
шедьше|шедьше
же|же
и̇|і
видѣвьше|відѣвьше
ꙗ̇же|ꙗже
творѣше|творѣше
бл͠жены|бл҃женъі
ѳеѡⷣрь|ѳеодрь
и̇|і
вѣровашѧ|вѣровашѧ
вьси|вьсі
вь|вь
г͠а|г҃а
и̇|і
сьбрашѧ|сьбрашѧ
сѧ|сѧ
множьство|множьство
на|на
мѣсто|мѣсто
тѡ|то
и̇|і
въпиꙗ̇хѫ|въпіꙗхѫ
є̇дꙵнь|еднь
б͠ь|б҃ь
крⷭ҇тиꙗ̇скы̇|крстіꙗскъі
ты|тъі
є̇дꙵнь|еднь
б͠ь|б҃ь
и̇|і
нⷭ҇ѣ|нсѣ
и̇ного|іного
и̇|і
быⷭ҇|бъіс
единь|едінь
глⷭ҇а|глса
и̇|і
вепль|вепль
и̇|і
вьсѣмь|вьсѣмь
гл͠ѧщемь|гл҃ѧщемь
кто|кто
єсть̇|есть
ликинии̇|лікініі
вѣа꙼тель|вѣатель
камениє̇мь|каменіемь
побиꙗ̇тⷷ҇|побіꙗте
и̇|і
нашь|нашь
бо|бо
цр͠ь|цр҃ь
б͠ь|б҃ь
є̇сть|есть
проповѣдає̇ми|проповѣдаемі
ѳеѡⷣромь|ѳеодромь
и̇|і
быⷭ҇|бъіс
мѧтежь|мѧтежь
и̇|і
мльва|мльва
велика|веліка
и̇|і
крьвопрⷪлитие̇|крьвопролітіе
и̇|і
притече|прітече
ѥ̇динь|едінь
копии̇никь|копіінікь
леѡ̇дорь|леодорь
и̇менемь|іменемь
на|на
ст͠аа꙼го|ст҃ааго
ѳеѡⷣра|ѳеодра
и̇|і
срѣте|срѣте
и̇|і
а꙼ньтипать|аньтіпать
и̇|і
и̇схыти|ісхъіті
оу̇|оу
него|него
копиє̇|копіе
и̇|і
пронѫꙁе|пронѫзе
и̇|і
посрѣдѣ|посрѣдѣ
моужь|моужь
же|же
етерь|етерь
ѡб̇ринь|обрінь
родомь|родомь
притекь|прітекь
и̇|і
ско(нꙿ)ча|сконча
а꙼ньтипата|аньтіпата
и̇|і
приближи|прібліжі
сѧ|сѧ
мⷱ҇нкь|мчнкь
словесы̇|словесъі
довольними|довольнімі
и̇|і
побєсѣдова|побесѣдова
народоу|народоу
и̇|і
є̇дꙿва|едва
оу̇стави|оуставі
шоумь|шоумь
и̇|і
жало|жало
гл͠ашениꙗ̇|гл҃ашеніꙗ
гл͠ѧ|гл҃ѧ
кь|кь
нимь|німь
ѡ̇станѣте|останѣте
любими|любімі
мѫжи|мѫжі
влⷣка|влдка
мои̇|моі
хьⷭ҇|хьс
распѧⷮ҇|распѧт
бы̇вь|бъівь
и̇|і
оудрьжа|оудрьжа
сѧ|сѧ
а꙼нг͠лы̇|анг҃лъі
мⷱ҇ти|мчті
родь|родь
члчⷭ҇кыи̇|члчскъіі
и̇|і
грѧдѫщоу|грѧдѫщоу
є̇мⷹ|емоу
мимо|мімо
темꙿницоу|темніцоу
сь|сь
многомь|многомь
народомь|народомь
сѫщии̇|сѫщіі
въ|въ
темници|темніці
вьпиа̇хѫ|вьпіахѫ
помⷧоуи̇|помлоуі
ны̇|нъі
рабе|рабе
б͠а|б҃а
вы̇шꙿнаа꙼го|въішнааго
ѻ̇нь|онь
же|же
словомь|словомь
раꙁрѣши|разрѣші
и̇мъ|імъ
ꙋꙁы̇|оузъі
и̇|і
реⷱ҇|реч
ѳеѡⷣрь|ѳеодрь
кь|кь
нимь|німь
и̇дѣтє|ідѣте
мѧжии|мѧжіі
сь|сь
миромь|міромь
и̇|і
поменѣте|поменѣте
мѧ|мѧ
много|много
же|же
множьство|множьство
ѡ̇брати|обраті
сѧ|сѧ
кь|кь
г͠оу|г҃оу
нашемоу|нашемоу
і̇с͠оу|іс҃оу
хⷭ҇оу|хсоу
и̇|і
мноꙃи|мнозі
ѿ|от
и̇мѫщииⷯ|імѫщііх
дльгы̇|дльгъі
и̇|і
недѫгы̇|недѫгъі
и̇|і
мѫчими|мѫчімі
дх͠ы|дх҃ъі
нечⷭ҇тыми|нечстъімі
и|і
и̇сцѣлѣшѧ|ісцѣлѣшѧ
прикасаниє̇мь|прікасаніемь
рѫкы̇|рѫкъі
є̇го|его
и̇|і
вонами|вонамі
риꙁь|різь
ѥ̇го|его
и̇|і
повѣдашѧ|повѣдашѧ
ликинию̇|лікінію
ꙗ̇ко|ꙗко
множьство|множьство
ѡ̇ставльше|оставльше
люⷣє̇|люде
б͠огы̇|б҃огъі
и̇|і
вѣровашѧ|вѣровашѧ
хⷭ҇оу|хсоу
сь|сь
ѳеѡ̇доромь|ѳеодоромь
и̇|і
раꙁꙿгнѣва|разгнѣва
же|же
сѧ|сѧ
ликинии̇|лікініі
повелѣ|повелѣ
мꙋченика|моученіка
оу̇сѣкнѫти|оусѣкнѫті
и̇|і
видѣшѧ|відѣшѧ
народи|народі
и̇|і
въскꙿлицаше|въскліцаше
на|на
ликиниꙗ̇|лікініꙗ
бл͠жены̇|бл҃женъі
же|же
многы̇|многъі
словесы̇|словесъі
и̇|і
оу̇чени|оучені
молѣше|молѣше
и̇|і
гл͠ѧ|гл҃ѧ
братиꙗ̇|братіꙗ
моꙗ̇|моꙗ
не|не
и̇мѣте|імѣте
печали|печалі
ѡ̇|о
ликинии|лікініі
слоуга|слоуга
бо|бо
е̇сть|есть
ѡ̇ц͠а|оц҃а
своє̇го|своего
диꙗ̇вола|діꙗвола
мнѣ|мнѣ
бо|бо
дⷭ҇ои̇ть|дсоіть
оу̇же|оуже
кь|кь
г͠оу|г҃оу
б͠оу|б҃оу
моє̇моу|моемоу
пои̇ты̇|поітъі
и̇|і
сконьча|сконьча
молитвѫ|молітвѫ
и̇|і
ꙁнамєнавь|знаменавь
все|все
тѣло|тѣло
своє̇|свое
и̇|і
рече|рече
кь|кь
а꙼вьгароу|авьгароу
не|не
оу̇ны|оунъі
написати|напісаті
д͠нь|д҃нь
сконꙿчаниꙗ̇|скончаніꙗ
моѥ̇го|моего
и̇|і
тѣло|тѣло
моє̇|мое
положи|положі
вь|вь
є̇вьхаи̇тѣхь|евьхаітѣхь
вь|вь
селѣ|селѣ
дѣнⷣи|дѣнді
ми|мі
и̇|і
є̇гⷣа|егда
сконьчаѥ̇ши|сконьчаеші
сѧ|сѧ
и|і
лѧжеши|лѧжеші
ѿ|от
шоуѩ̇|шоуѧ
мєне|мене
и̇|і
пакы̇|пакъі
помоли|помолі
сѧ|сѧ
много|много
и̇сконꙿча|ісконча
млт͠вѫ|млт҃вѫ
и̇|і
рекь|рекь
а꙼миⷩ҇|амін
и̇|і
лобьꙁа|лобьза
братиѫ̇|братіѫ
вьсѧ|вьсѧ
и̇|і
прострѣ|прострѣ
чⷭ҇тьнѫѫ̇|чстьнѫѫ
вы̇ѫ̇|въіѫ
и̇|і
оу̇сѣкновень|оусѣкновень
бы̇сть|бъість
мⷭ҇ца|мсца
феврарѣ|феврарѣ
вь|вь
.ꙁ͠.|з҃
мы|мъі
дн͠ь|дн҃ь
сꙋботьныи̇|соуботьнъіі
.а͠.|а҃
неⷣлѫ|недлѫ
поста|поста
и̇|і
вьꙁемьше|вьземьше
ст͠оє̇|ст҃ое
тѣло|тѣло
є̇го|его
сь|сь
свѣщами|свѣщамі
и̇|і
сь|сь
каньдилы|каньділъі
и̇|і
несошѧ|несошѧ
ѿ|от
а̇раклие̇|аракліе
вь|вь
євьхаи̇ти|евьхаіті
и̇|і
тоу|тоу
положишѧ|положішѧ
и̇|і
многа|многа
же|же
чюдеса|чоудеса
и̇|і
иⷭ҇цѣленіꙗ̇|ісцѣленіꙗ
творить|творіть
г͠ь|г҃ь
нш͠ь|нш҃ь
ст͠ымь|ст҃ъімь
мⷱ҇еникомь|мченікомь
ѳеѡⷣромь|ѳеодромь
на|на
мⷭ҇ѣтомь|мсѣтомь
ꙩ̇|о
хⷭ҇ѣ|хсѣ
і̇с͠ѣ|іс҃ѣ
и̇|і
г͠и|г҃і
нашемь|нашемь
ѥ̇мꙋже|емоуже
слава|слава
и̇|і
чⷭ҇ть|чсть
и̇|і
дрьжава|дрьжава
и̇|і
поклаⷩ҇ѣниє̇|покланѣніе
ѡ̇ц͠оу|оц҃оу
и̇|і
сн͠оу|сн҃оу
и̇|і
ст͠омоу|ст҃омоу
дх͠оу|дх҃оу
и|і
нинѣ|нінѣ
и̇|і
прісно|прісно
и̇|і
вь|вь
вѣкы|вѣкъі
вѣкомь|вѣкомь
а꙼миⷩ҇|амін
СЛ(Ꙍ)ВꙌ|слово
СТ҇АГꙌ|стаго
И̇ꙌА҇НА|іоана
ꙀЛАТꙌꙊСТАГꙌ|златооустаго
В|в
НЕ҇(Д)|нед
СРѢдокрьстьнѫѫ̇|срѣдокрьстьнѫѫ
ѡ̇ч͠е|оч҃е
бл͠агослови|бл҃агослові
Се|се
оу̇чити|оучіті
сѧ|сѧ
добро|добро
ѥⷭ҇|ес
дн͠ь|дн҃ь
и̇|і
нощь|нощь
и̇|і
на|на
послѣдьнн|послѣдьнн
дн͠ь|дн҃ь
вьꙁираи|вьзіраі
и̇|і
не|не
ꙁабы̇ваи̇|забъіваі
никогаⷣже|нікогадже
негасимаго|негасімаго
пламене|пламене
и̇|і
пꙿса͠льмь|пса҃льмь
вь|вь
оу꙼стѣхь|оустѣхь
твои̇хь|твоіхь
да|да
не|не
прѣстає̇ть|прѣстаеть
б͠ь|б҃ь
бо|бо
мѣнимь|мѣнімь
прогонитꙿ|прогоніт
бѣсы̇|бѣсъі
а꙼|а
и̇деже|ідеже
тоужⷣѫ|тоуждѫ
и̇|і
непꙿриа꙼ꙁꙿнꙿны̇ѫ̇|непріазннъіѫ
пѣсни|пѣсні
тоу|тоу
гнѣвь|гнѣвь
бж͠и|бж҃і
и̇|і
горе|горе
а꙼|а
и̇деже|ідеже
бж͠естьвны̇хь|бж҃естьвнъіхь
книгь|кнігь
чьтеныꙗ̇|чьтенъіꙗ
тоу|тоу
веселиє̇|веселіе
праведны̇мь|праведнъімь
и̇|і
сп͠сение̇|сп҃сеніе
дш͠амь|дш҃амь
и̇деже|ідеже
гѫсли|гѫслі
и|і
лици|ліці
тоу|тоу
ꙩ̇мрачениѥ̇|омраченіе
мѫжемь|мѫжемь
и̇же|іже
намь|намь
пагоуба|пагоуба
и̇|і
неприꙗ̇ꙁни|непріꙗзні
добродн͠евьны̇|добродн҃евьнъі
кыи̇|къіі
оу̇спѣхь|оуспѣхь
дрьжати|дрьжаті
сѧ|сѧ
вь|вь
чаⷭ҇|час
и̇|і
величати|велічаті
сѧ|сѧ
ꙁде|зде
а̇|а
тамо|тамо
мѫчити|мѫчіті
сѧ|сѧ
вь|вь
вѣкы̇|вѣкъі
раꙁоумѣєⷨ҇|разоумѣем
ꙗ̇ко|ꙗко
не|не
оу̇спѣѫ̇ть|оуспѣѫть
намь|намь
коньци|коньці
ꙁемьни|земьні
въ|въ
тьи̇|тьі
чаⷭ҇|час
помѣнѣм|помѣнѣм
сѧ|сѧ
ꙗ̇ко|ꙗко
ничтоже|нічтоже
не|не
можеть|можеть
комоу|комоу
помощи|помощі
нѫ|нѫ
кьждо|кьждо
своє̇|свое
брѣмѧ|брѣмѧ
носѧ|носѧ
стои̇ть|стоіть
ждѫ|ждѫ
ѡ̇сѫжеⷣнии̇ꙗ̇|осѫжеднііꙗ
бы̇вшаа꙼го|бъівшааго
чае̇маа̇го|чаемааго
и̇ꙁвѣстити|ізвѣстіті
намь|намь
се|се
на|на
оу̇мѣ|оумѣ
и̇мѧще|імѧще
въꙁлюбени|възлюбені
мѫдростиѧ̇|мѫдростіѧ
и̇|і
смѣрениє̇мъ|смѣреніемъ
живѣмь|жівѣмь
въ|въ
нинѣшꙿнемь|нінѣшнемь
вѣцѣ|вѣцѣ
ꙗ̇ко|ꙗко
оу̇чить|оучіть
ны|нъі
а꙼плⷭ҇ь|аплсь
гл͠ѧ|гл҃ѧ
ѡ̇чистимь|очістімь
сѧ|сѧ
ѿ|от
вьсего|вьсего
ꙁла|зла
скврꙿны̇|скврнъі
пльти|пльті
и̇|і
дх͠а|дх҃а
ѿврьꙁѣмь|отврьзѣмь
оу̇бо|оубо
дѣла|дѣла
темьнаа꙼|темьнаа
и̇|і
поганьскы̇ѫ̇|поганьскъіѫ
нꙿравы̇|нравъі
ниже|ніже
оу̇же|оуже
ходимь|ходімь
ꙗ̇ко|ꙗко
(и̇)|і
прочи|прочі
погани|погані
ходѧть|ходѧть
нѫ|нѫ
ст͠ыѫ̇|ст҃ъіѫ
праведꙿны̇кы|праведнъікъі
чьтѣм(ь)|чьтѣмь
и̇|і
праꙁꙿныⷦ҇|празнъік
поминаѫ̇ще|помінаѫще
всѧ|всѧ
немощꙿны̇ѫ̇|немощнъіѫ
и̇|і
нищѫѫ̇|ніщѫѫ
и̇|і
нищѫѫ̇|ніщѫѫ
и̇|і
вь|вь
темьницахꙿ|темьніцах
дꙿрьжимы̇ѫ̇|дрьжімъіѫ
и̇|і
и̇же|іже
вь|вь
поустинѣхь|поустінѣхь
и̇|і
вь|вь
горахь|горахь
и̇|і
вь|вь
врьтьпѣхь|врьтьпѣхь
и̇|і
вь|вь
прⷪпастѣхь|пропастѣхь
ꙁемныⷯ҇|земнъіх
и̇|і
ст͠ыѫ̇|ст҃ъіѫ
дн͠и|дн҃і
чьтѣмь|чьтѣмь
ст͠ѧще|ст҃ѧще
не|не
трьжьскы̇|трьжьскъі
нѫ|нѫ
б͠ожьскы̇|б҃ожьскъі
ни|ні
мирьскы̇|мірьскъі
ни|ні
прѣмирьскы̇|прѣмірьскъі
ниже|ніже
дꙿвери|двері
вѣнꙿчає̇мь|вѣнчаемь
и̇|і
кого|кого
вьставѣмь|вьставѣмь
ни|ні
на|на
пищали|піщалі
ни|ні
на|на
гѫсли|гѫслі
слоуха|слоуха
ѿвръꙃѣмь|отвръзѣмь
ни|ні
вь|вь
риꙁы|різъі
мѧкы̇|мѧкъі
ни|ні
ꙁлатоу|златоу
блистание̇|блістаніе
ни|ні
власы̇|власъі
плетениє̇|плетеніе
ни|ні
пиꙗ̇ньствомь|піꙗньствомь
ни|ні
лѧжѧ|лѧжѧ
сь|сь
ѡ̇браꙁьствомь|образьствомь
нѫ|нѫ
се|се
ѡ̇ставимь|оставімь
є̇линомь|еліномь
и̇|і
жидовомь|жідовомь
ѥ̇же|еже
не|не
и̇мѫть|імѫть
оу̇пованиꙗ̇|оупованіꙗ
спⷭ҇нию̇|спснію
мы̇|мъі
же|же
коупно|коупно
мали|малі
и̇|і
велици|веліці
мѫжи|мѫжі
и̇|і
жены̇|женъі
крⷭ҇тиꙗ̇нꙿскы̇|крстіꙗнскъі
ст͠ы|ст҃ъі
дн͠и|дн҃і
чьтѣмь|чьтѣмь
псал͠мы̇|псал҃мъі
и̇|і
пⷭ҇ѣньми|псѣньмі
и̇|і
пѣниє̇мь|пѣніемь
ст͠аго|ст҃аго
дх͠аа̇|дх҃аа
и̇|і
гл͠ашениѥ̇мь|гл҃ашеніемь
а̇нг͠льскымь|анг҃льскъімь
и̇|і
не|не
вѣнчаєⷨ҇|вѣнчаем
дꙿвꙿери|двері
дафиниє̇мь|дафініемь
и̇|і
цвѣты̇|цвѣтъі
се|се
бо|бо
ѥ̇линꙿско|елінско
ѥⷭ҇|ес
и̇|і
жидовъско|жідовъско
мы̇|мъі
же|же
чⷭ҇тьны̇мь|чстьнъімь
и̇|і
животворѧщимь|жівотворѧщімь
крⷭ҇томь|крстомь
дꙿвери|двері
вѣнꙿчає̇мь|вѣнчаемь
гл͠ѧ|гл҃ѧ
сь|сь
а꙼плⷭ҇мь|аплсмь
мнѣ|мнѣ
не|не
бѫди|бѫді
хвалити|хваліті
сѧ|сѧ
тꙿкмⷪ҇|ткмо
ѡ̇|о
крⷭ҇тѣ|крстѣ
гн͠и|гн҃і
и̇|і
ꙩ̇|о
дꙿверехь|дверехь
животворꙿца|жівотворца
крⷭ҇та|крста
на|на
челѣхь|челѣхь
и̇|і
на|на
прьсехь|прьсехь
и̇|і
оу̇стѣхь|оустѣхь
и̇|і
по|по
въсѣмь|въсѣмь
оу̇домь|оудомь
нашимь|нашімь
симы̇|сімъі
ꙁнаменае̇мь|знаменаемь
сѧ|сѧ
и̇|і
симь|сімь
вьѡ̇р̇ѫжимь|вьорѫжімь
сѧ|сѧ
ѥ̇же|еже
ѥⷭ҇|ес
ѻ̇рѫжиѥ̇|орѫжіе
крⷭ҇тьꙗ̇ньско|крстьꙗньско
и̇|і
побѣда|побѣда
см͠рьти|см҃рьті
и̇|і
оу̇пованіѥ̇|оупованіе
вѣрꙿны̇хь|вѣрнъіхь
и̇|і
свѣть|свѣть
конꙿцемь|концемь
и̇|і
ѿврьꙃитель|отврьзітель
раю̇|раю
и̇|і
є̇ретичьствоу|еретічьствоу
ѡ̇цѣщениє̇|оцѣщеніе
и̇|і
оу̇тврьждениѥ̇|оутврьжденіе
вѣрѣ|вѣрѣ
и̇|і
великоѥ̇|велікое
сьхранениѥ̇|сьхраненіе
и̇|і
хвала|хвала
крⷭ҇тиꙗ̇̇ньскаа꙼|крстіꙗньскаа
сего|сего
крⷭ҇тиꙗ̇не|крстіꙗне
не|не
въсѧ|въсѧ
дн͠и|дн҃і
и̇|і
нощи|нощі
чаⷭ҇|час
и̇|і
годы̇|годъі
не|не
прѣстаи̇|прѣстаі
носѧ|носѧ
на|на
вьсѣ|вьсѣ
мѣста|мѣста
и̇|і
беꙁ|без
него|него
нищо|ніщо
не|не
сконꙿчаи̇|скончаі
нѫ|нѫ
спѧ|спѧ
и̇|і
вьстаѫ̇|вьстаѫ
ꙗ̇ды|ꙗдъі
и̇|і
дѣлаѧ̇|дѣлаѧ
и̇|і
пиѫ̇|піѫ
и̇|і
пѫтьшествꙋѫ̇|пѫтьшествоуѫ
а̇ще|аще
по|по
мороу|мороу
плавае̇ши|плаваеші
а̇ще|аще
ли|лі
прѣꙁ|прѣз
рѣкѫ|рѣкѫ
веꙁеши|везеші
сѧ|сѧ
вꙿсѧ|всѧ
оу̇ды̇|оудъі
своѧ̇|своѧ
животворꙿцемь|жівотворцемь
крⷭ҇томь|крстомь
оу̇твори|оутворі
и̇|і
не|не
пристѧпиⷮ҇|прістѧпіт
кꙿ|к
тебѣ|тебѣ
ꙁло|зло
сего|сего
бо|бо
видѫще|відѫще
противны̇ѫ̇|протівнъіѫ
силы̇|сілъі
потаѫ̇ще|потаѫще
сѧ|сѧ
ѡ̇тидѫть|отідѫть
сьи̇|сьі
бо|бо
вꙿселенѭѫ̇|вселенѭѫ
ѡ̇ст͠иль|ост҃іль
ѥⷭ҇|ес
и̇|і
свѣть|свѣть
навель|навель
и̇|і
льсть|льсть
оу̇праꙁни|оупразні
и̇|і
вьсѧ|вьсѧ
ѫ̇ꙁы̇кы̇|ѫзъікъі
сьвькоупи|сьвькоупі
ѿ|от
въстока|въстока
и̇|і
до|до
ꙁапада|запада
и̇|і
сѣвера|сѣвера
и̇|і
ю̇га|юга
и̇|і
въ|въ
є̇динѫ|едінѫ
цр͠ковь|цр҃ковь
и̇|і
вь|вь
е̇динѫ|едінѫ
вѣрѧ|вѣрѧ
и̇|і
ѥ̇дино|едіно
кр͠щениє̇|кр҃щеніе
и̇|і
вь|вь
любовь|любовь
свѧꙁаль|свѧзаль
е̇сть|есть
непобѣдимы̇|непобѣдімъі
градъ|градъ
крⷭ҇тыꙗ̇ньскы|крстъіꙗньскъі
крⷭ҇ть|крсть
и̇|і
какова|какова
оу̇ста|оуста
и̇ли̇|ілі
каковы̇|каковъі
ѧ̇ꙁы̇кь|ѧзъікь
поⷣбно|подбно
прославить|прославіть
подобноє̇|подобное
ѡрѫжиє̇|орѫжіе
великаго|велікаго
цр͠ѣ|цр҃ѣ
хⷭ҇а|хса
се|се
ѥⷭ҇|ес
въдрьжень|въдрьжень
вь|вь
мѣсто|мѣсто
поⷣбноє̇|подбное
и̇|і
а̇биѥ̇|абіе
проꙃѧбе|прозѧбе
гроꙁдь|гроздь
жиꙁꙿны|жізнъі
нашеи̇|нашеі
симь|сімь
драгы̇мь|драгъімь
ѡ̇рѫⷤ҇ѥꙵ҇мь|орѫжемь
хⷭ҇ь|хсь
б͠ь|б҃ь
раꙁьврьꙁе|разьврьзе
а̇давѫ|адавѫ
ѫ̇тробѫ|ѫтробѫ
и̇|і
вьсѫ|вьсѫ
силѫ|сілѫ
ѥ̇го|его
и̇|і
многа|многа
ключарьства|ключарьства
и̇|і
неприꙗ̇ꙁнина|непріꙗзніна
ꙁатьче|затьче
оу̇ста|оуста
сего|сего
видѣвьши|відѣвьші
сꙿмрꙿть|смрть
и̇|і
въстрепета|въстрепета
вьсѣ|вьсѣ
и̇|і
ѥ̇лицѣхь|еліцѣхь
и̇мⷺ|імѣ
ѿ|от
прьваа̇го|прьвааго
а꙼дама|адама
ѿпоусти|отпоусті
и̇|і
симь|сімь
ѡ̇рѫжиєⷨ҇|орѫжіем
блжⷷ҇ни|блжені
а꙼плⷭ҇и|аплсі
въсѫ|въсѫ
силѫ|сілѫ
вражиѧ̇|вражіѧ
попрашѧ|попрашѧ
и̇|і
ѡ̇блькьше|облькьше
сѧ|сѧ
въ|въ
брьнѫ|брьнѫ
мѣсто|мѣсто
вои̇ни|воіні
хв͠и|хв҃і
мⷱ҇ци|мчці
всѣ|всѣ
помы̇шениꙗ̇|помъішеніꙗ
оу꙼поваѫ̇ще|оуповаѫще
мⷱ҇телѣ|мчтелѣ
попрашѧ|попрашѧ
и̇|і
сего|сего
носѧще|носѧще
и̇же|іже
мирь|мірь
ѿврьгьше|отврьгьше
сѧ|сѧ
сь|сь
многоѫ̇|многоѫ
радостиѫ̇|радостіѫ
живѫть|жівѫть
вь|вь
поустынѣхь|поустъінѣхь
и̇|і
въ|въ
горахь|горахь
и̇|і
вь|вь
врьтьпахь|врьтьпахь
и̇|і
вь|вь
пропастєхь|пропастехь
ꙁемꙿныⷯ҇|земнъіх
бесьчисльна|бесьчісльна
бл͠годѣть|бл҃годѣть
чл͠колюбꙿца|чл҃колюбца
бг͠а|бг҃а
и̇|і
колико|коліко
добра|добра
дарьствова|дарьствова
крⷭ҇томь|крстомь
родоу|родоу
чл͠чьскомꙋ|чл҃чьскомоу
и̇|і
тѡже|тоже
пакы|пакъі
скоⷩ҇чаниє̇|скончаніе
вьсего|вьсего
мꙵра|мра
вь|вь
второє̇|второе
пришествиє̇|прішествіе
гн͠е|гн҃е
прьвоє̇|прьвое
ꙗ̇вить|ꙗвіть
сѧ|сѧ
на|на
ꙁеми|земі
крⷭ҇ть|крсть
сь|сь
славоѫ̇|славоѫ
нꙿб͠сноѫ̇|нб҃сноѫ
и̇|і
множьство|множьство
плька|плька
а꙼нг͠льскаа̇го|анг҃льскааго
врагы̇|врагъі
страшѧ|страшѧ
и̇|і
скроушаѫ̇|скроушаѫ
а̇|а
вѣрꙿны̇ѫ̇|вѣрнъіѫ
веселѫ|веселѫ
и̇|і
просвѣщаѫ̇|просвѣщаѫ
и̇|і
влⷣчⷭ҇тво|влдчство
ꙗ̇влѣѧ̇|ꙗвлѣѧ
великаа꙼го|велікааго
ц͠рѣ|ц҃рѣ
ѡ̇|о
чⷭ҇тнѣмь|чстнѣмь
крⷭ҇тѣ|крстѣ
се|се
ѥ̇сть|есть
и̇|і
вѧще|вѧще
сихь|сіхь
каꙗ̇|каꙗ
по|по
сииⷯ҇|сііх
придеть|прідеть
вѣсть|вѣсть
какова|какова
паче|паче
словеⷭ҇|словес
и̇|і
оу̇ма|оума
и̇|і
сьмы̇сла|сьмъісла
прѣи̇деть|прѣідеть
вьсѣкѧ|вьсѣкѧ
повѣсть|повѣсть
и̇|і
чюдѧть|чоудѧть
въсѣ|въсѣ
слоухь|слоухь
горе|горе
мнѣ|мнѣ
братиꙗ̇|братіꙗ
моꙗ̇|моꙗ
любимаꙗ̇|любімаꙗ
поменѫхь|поменѫхь
годь|годь
тьи̇|тьі
и̇|і
вьстрѧсохꙿ|вьстрѧсох
сѧ|сѧ
и̇|і
ѡ̇|о
семь|семь
слово|слово
оу̇мыслихь|оумъісліхь
приложити|пріложіті
ѿ|от
многа|многа
страха|страха
и̇|і
помы̇шлаѫ̇|помъішлаѫ
що|що
хощеть|хощеть
бы̇ти|бъіті
и̇|і
ꙗ̇вити|ꙗвіті
сѧ|сѧ
по|по
крⷭ҇тѣ|крстѣ
кто|кто
бо|бо
и̇сповѣсть|ісповѣсть
или|ілі
ктⷪ|кто
смѣє̇ть|смѣеть
и̇ꙁрещи|ізрещі
и̇|і
коꙗ̇|коꙗ
оу̇ста|оуста
и̇сповѣдѫть|ісповѣдѫть
и̇|і
кы̇|къі
ѧ̇ꙁыⷦ҇|ѧзъік
и̇ꙁреⷱ҇ть|ізречть
и̇|і
котори|которі
глаⷭ҇|глас
нарѣкоує̇ть|нарѣкоуеть
и̇|і
каковь|каковь
же|же
слоухь|слоухь
въмѣстить|въмѣстіть
слы̇шати|слъішаті
та|та
и̇хьже|іхьже
нб͠са|нб҃са
трьпѣти|трьпѣті
не|не
мⷪгѫть|могѫть
сиково|сіково
бо|бо
и̇|і
велиє̇|веліе
и̇|і
страшꙿнаꙗ̇|страшнаꙗ
чюдеса|чоудеса
не|не
бы̇шѧ|бъішѧ
всѣхь|всѣхь
броⷣхꙿ|бродх
ни|ні
и̇мѫть|імѫть
бы̇ти|бъіті
нн͠ѣ|нн҃ѣ
оубо|оубо
мꙿногы̇|многъі
краты̇|кратъі
а꙼ще|аще
бѫдѧть|бѫдѧть
мльниѫ̇|мльніѫ
и̇ли|ілі
громи|громі
велици|веліці
не|не
вьси|вьсі
ли|лі
ꙋстрашѧтꙿ|оустрашѧт
сѧ|сѧ
и̇|і
паче|паче
дш͠е|дш҃е
гроꙁимꙿ|грозім
сѧ|сѧ
и̇ли|ілі
како|како
прѣтръпимь|прѣтръпімь
тогда|тогда
ѥ̇гда|егда
ꙋслы̇шимь|оуслъішімь
глаⷭ҇|глас
трѫбѣ|трѫбѣ
ѿ|от
нбеⷭ҇|нбес
страшно|страшно
вьпиѫ̇щи|вьпіѫщі
и̇|і
боудѧщи|боудѧщі
и̇же|іже
ѿ|от
вѣка|вѣка
спѧщихъ|спѧщіхъ
правъдивы̇ѫ̇|правъдівъіѫ
и̇|і
неправꙿдивы̇ѫ̇|неправдівъіѫ
тѡгаⷣ|тогад
вь|вь
а̇дѣ|адѣ
чл͠чьскы̇ѧ̇|чл҃чьскъіѧ
вещи|вещі
слы̇шѧще|слъішѧще
глаⷭ҇|глас
трѧбы̇|трѧбъі
и̇|і
текѫть|текѫть
сь|сь
тьщание̇мь|тьщаніемь
и̇щѧще|іщѧще
свои̇хь|своіхь
сьставъ|сьставъ
и̇|і
ѥ̇гаⷣ|егад
видимь|відімь
всѣкѫ|всѣкѫ
вещь|вещь
члв͠чьскѫѫ̇|члв҃чьскѫѫ
вьстаѫ̇щѧ|вьстаѫщѧ
кьжоⷣ|кьжод
ѿ|от
мѣста|мѣста
своє̇го|своего
и̇|і
сьбираѫ̇щиⷯ҇|сьбіраѫщіх
сѧ|сѧ
ѿ|от
конець|конець
ꙁеми|земі
велить|веліть
бо|бо
великы̇|велікъі
цр͠ь|цр҃ь
и̇|і
а꙼биє̇|абіе
сь|сь
трепетомь|трепетомь
дасть|дасть
ꙁемлѣ|землѣ
м͠рьтвы̇ѩ̇|м҃рьтвъіѧ
своѧ̇|своѧ
и̇|і
а̇дъ|адъ
и̇споустить|іспоустіть
мрꙿтвы̇ѫ̇|мртвъіѫ
и̇|і
море|море
а̇ще|аще
ли|лі
ꙃвѣрь|звѣрь
раꙁⷣраль|раздраль
и̇ли|ілі
ры̇бы̇|ръібъі
раꙁдробыли|раздробъілі
и̇ли|ілі
пꙿтицѧ|птіцѧ
вьсхватишѧ|вьсхватішѧ
вьси|вьсі
вь|вь
нелицѣ|неліцѣ
же|же
ѡ̇космѣжить|окосмѣжіть
сѧ|сѧ
въстанѫтꙿ|въстанѫт
и̇|і
влась|влась
є̇динь|едінь
не|не
погы̇бнеть|погъібнеть
и̇|і
ѥ̇гаⷣ|егад
виⷣмь|відмь
ꙩ̇гꙿнѫѫ̇|огнѫѫ
рѣкѫ|рѣкѫ
и̇сходѫщѫ|ісходѫщѫ
ѿ|от
вьстока|вьстока
сь|сь
ꙗ̇ростиѫ̇|ꙗростіѫ
ꙗ̇ко|ꙗко
и̇|і
свѣрѣпоє̇|свѣрѣпое
море|море
и̇ꙃѣдаѫ̇щи|ізѣдаѫщі
горы̇|горъі
и̇|і
равнины̇|равнінъі
(по)жигаѫ̇щоу|пожігаѫщоу
и̇|і
вьсѧ|вьсѧ
ꙁеми̇|земі
ꙗ̇же|ꙗже
дѣла|дѣла
на|на
неи̇|неі
тогда|тогда
братиꙗ̇|братіꙗ
моꙗ̇|моꙗ
ѿ|от
ѡ̇гꙿнѣ|огнѣ
тѡго|того
и̇сточьници|істочьніці
и̇сѧчѧть|ісѧчѧть
и̇|і
рѣкы̇|рѣкъі
прѣсъхнѫть|прѣсъхнѫть
и̇|і
море|море
и̇сѧкнеть|ісѧкнеть
и̇|і
вьꙁдоухь|вьздоухь
трѧсет|трѧсет
сѧ|сѧ
и̇|і
ꙃѣꙁыⷣ|зѣзъід
спадѫ|спадѫ
сь|сь
нб͠се|нб҃се
и̇|і
слн͠це|слн҃це
не|не
бѫдеть|бѫдеть
и̇|і
лоуна|лоуна
прѣложитꙿ|прѣложіт
сѧ|сѧ
вь|вь
крьвь|крьвь
и̇|і
нб͠са|нб҃са
свиѫ̇тꙿ|свіѫт
сѧ|сѧ
ꙗ̇ко|ꙗко
и̇|і
свитокь|світокь
и̇|і
е̇гаⷣ|егад
видимь|відімь
а̇нг͠лы|анг҃лъі
сломы̇|сломъі
и̇|і
текѫще|текѫще
сь|сь
тьщаниє̇мь|тьщаніемь
и̇|і
сьбираѫ̇щѫ|сьбіраѫщѫ
и̇ꙁꙿбраны̇ѫ̇|ізбранъіѫ
рабы̇|рабъі
бж͠иѫ̇|бж҃іѫ
ѿ|от
конець|конець
н͠боу|н҃боу
и̇|і
конець|конець
є̇го|его
ѥ̇гаⷣ|егад
виⷣмь|відмь
ꙁемѧ|земѧ
новѫ|новѫ
и̇|і
е̇гда|егда
виⷣмь|відмь
страшꙿны̇|страшнъі
прѣстоль|прѣстоль
готовимь|готовімь
и̇|і
ѥ̇гаⷣ|егад
видимь|відімь
ꙁнамениѥ̇|знаменіе
сн͠а|сн҃а
чл͠вчⷭ҇аⷦ҇|чл҃вчсак
ꙗ̇вльшеѥ̇|ꙗвльшее
сѧ|сѧ
на|на
нбиⷭ҇|нбіс
чⷭ҇тнаа꙼го|чстнааго
и̇|і
животворѧщаа꙼гѻ|жівотворѧщааго
крⷭ҇та|крста
просвѣщаѫ̇ща|просвѣщаѫща
вьсѧ|вьсѧ
конꙿцѧ|концѧ
ꙁемны̇ѫ̇|земнъіѫ
тѡгда|тогда
вьси|вьсі
видѣвьше|відѣвьше
вы̇соче|въісоче
ꙗ̇вльшеѥ̇|ꙗвльшее
сѧ|сѧ
црⷭ҇коє̇|црское
се|се
и̇|і
страшꙿноє̇|страшное
ꙁнамениє̇|знаменіе
раꙁꙋмѣє̇мь|разоумѣемь
кꙿждо|кждо
ꙗ̇ко|ꙗко
а̇биє̇|абіе
ꙁа|за
симь|сімь
цр͠ь|цр҃ь
ꙗ̇витꙿ|ꙗвіт
сѧ|сѧ
и̇|і
вь|вь
тьи̇|тьі
годь|годь
помы̇слить|помъісліть
кьждо|кьждо
како|како
оу̇бо|оубо
срѣщѫть|срѣщѫть
хⷭ҇а|хса
ѿвѣть|отвѣть
дати|даті
и̇|і
а̇ще|аще
кто|кто
свѣть|свѣть
себѣ|себѣ
грѣхы|грѣхъі
и̇|і
стои̇ть|стоіть
оу̇милень|оумілень
и̇|і
скрьбень|скрьбень
и̇|і
кьжоⷣ|кьжод
бо|бо
виⷣть|відть
дѣла|дѣла
своꙗ̇|своꙗ
стоѧ̇ща|стоѧща
прѣдъ|прѣдъ
нимь|німь
и̇ли|ілі
блага|блага
и̇ли|ілі
ꙁла|зла
тогдаже|тогдаже
и̇|і
тѣсны̇|тѣснъі
и̇|і
скꙿрьбны|скрьбнъі
нѫ|нѫ
хождьше|хождьше
и̇|і
вьси|вьсі
и̇же|іже
вьсѣмь|вьсѣмь
срⷣцемь|срдцемь
покаꙗ̇вьше|покаꙗвьше
сѧ|сѧ
и̇|і
вьси|вьсі
милостиви|мілостіві
и̇|і
странноприє̇мꙿци|страннопріемці
стоѧ̇ть|стоѧть
веⷭ҇ли|веслі
и̇|і
радостьни|радостьні
и̇|і
чаѫ̇ще|чаѫще
бл͠женаа̇го|бл҃женааго
оу̇пованиꙗ̇|оупованіꙗ
и̇|і
а̇влениѥ̇|авленіе
славы̇|славъі
вєликаго|велікаго
б͠а|б҃а
сп͠сителѣ|сп҃сітелѣ
нашего|нашего
і̇саⷭ҇|ісас
хаⷭ҇|хас
грѧде|грѧде
бо|бо
да|да
веселить|веселіть
троужаⷣѫ̇щѧ|троужадѫщѧ
въ|въ
бⷣѣни|бдѣні
и̇|і
вь|вь
мⷧ҇твахь|млтвахь
и̇|і
постѣхь|постѣхь
и̇|і
пѣниⷯ҇|пѣніх
грѧдеть|грѧдеть
да|да
вѣнꙿчаѥ̇ть|вѣнчаеть
млⷭрⷣиѫ̇|млсрдіѫ
грѧдеть|грѧдеть
да|да
бл͠жить|бл҃жіть
плакавьшѧѫ̇|плакавьшѧѫ
сѧ|сѧ
грѣхь|грѣхь
свои̇хь|своіхь
грѧдеть|грѧдеть
вьꙁнести|вьзнесті
оу̇божавшѧѫ̇|оубожавшѧѫ
и̇мени|імені
ѥ̇го|его
ради|раді
и̇|і
не|не
лю̇бившихь|любівшіхь
свѣта|свѣта
сего|сего
ни|ні
и̇же|іже
ѥⷭ҇|ес
вь|вь
немь|немь
и̇|і
вьсе|вьсе
ѡ̇ставльшеи̇|оставльшеі
и̇|і
томꙋ|томоу
послѣдовавьше|послѣдовавьше
грѧдеть|грѧдеть
не|не
ѿ|от
ꙁемѧ|земѧ
нѫ|нѫ
ѿ|от
нб͠сь|нб҃сь
ꙗ̇ко|ꙗко
и̇|і
мльниꙗ̇|мльніꙗ
страшꙿна|страшна
и̇|і
тогаⷣ|тогад
бѫдеть|бѫдеть
кличь|клічь
великь|велікь
ѿ|от
нбеⷭ҇|нбес
гл͠ѧ|гл҃ѧ
се|се
женихь|женіхь
грѧдеть|грѧдеть
се|се
сѫдиꙗ̇|сѫдіꙗ
приближи|прібліжі
сѧ|сѧ
се|се
великь|велікь
цр͠ь|цр҃ь
ꙗ̇влѣє̇ть|ꙗвлѣеть
сѧ|сѧ
се|се
сѫдиꙗ̇мь|сѫдіꙗмь
ѿкры̇ваѧ̇ть|откръіваѧть
сѧ|сѧ
сє|се
вьсѣмь|вьсѣмь
вѣкомь|вѣкомь
б͠ь|б҃ь
грѧдеть|грѧдеть
сѫдити|сѫдіті
вселенѣи̇|вселенѣі
и̇|і
вьꙁаⷣти|вьзадті
комоужоⷣ|комоужод
по|по
дѣломь|дѣломь
є̇го|его
тогда|тогда
братиꙗ̇|братіꙗ
моꙗ̇|моꙗ
ѿ|от
клича|кліча
тѡгѻ|того
потрѧсѧт|потрѧсѧт
сѧ|сѧ
скровища|скровіща
ꙁемьнаа̇|земьнаа
ѿ|от
коньца|коньца
и̇|і
до|до
коньца|коньца
море|море
и̇|і
въсѧ|въсѧ
глѫбины̇|глѫбінъі
тогаⷣ|тогад
братиє̇|братіе
страхь|страхь
и̇|і
тѧга|тѧга
и̇|і
оу̇жась|оужась
на|на
вьсѣкомь|вьсѣкомь
мⷭ҇ѣ|мсѣ
ѿ|от
кліча|кліча
велика|веліка
и̇|і
ꙁвѧка|звѧка
трѧбнаго|трѧбнаго
и̇|і
чаꙗ̇ниѥ̇|чаꙗніе
(є̇)же|еже
грѧдеть|грѧдеть
на|на
вꙿселенѫѫ̇|вселенѫѫ
тогда|тогда
силы̇|сілъі
нб͠ныѫ̇|нб҃нъіѫ
вьсѧ|вьсѧ
вьꙁⷣвигнѫтꙿ|вьздвігнѫт
сѧ|сѧ
тогаⷣ|тогад
прѣди|прѣді
текѧть|текѧть
мльниѧ̇|мльніѧ
прѣди|прѣді
текѫще|текѫще
прѣдь|прѣдь
плъкомь|плъкомь
а꙼нг͠льскы(мꙿ)|анг҃льскъім
а꙼рꙿха̇нꙿг͠лъсти|арханг҃лъсті
лици|ліці
готовѧть|готовѧть
сѧ|сѧ
хероувимь|хероувімь
же|же
и̇|і
серафимь|серафімь
и̇|і
мнⷪ҇го|много
ꙩ̇чита|очіта
крѣпꙿкомь|крѣпкомь
глⷭ҇амь|глсамь
вьпиѫ̇ть|вьпіѫть
ст͠ь|ст҃ь
ст͠ь|ст҃ь
ст͠ь|ст҃ь
г͠ь|г҃ь
ꙗ̇вѣ|ꙗвѣ
се|се
грѧдеть|грѧдеть
вьседрьжитель|вьседрьжітель
тогаⷣ|тогад
вьсѣ|вьсѣ
вещь|вещь
на|на
нбⷭ҇и|нбсі
и̇|і
на|на
ꙁеми|земі
и̇|і
подъ|подъ
ꙁемлⷷ҇ѧ̇|землеѧ
крѣпꙿкоѫ̇|крѣпкоѫ
вьпиѫ̇ть|вьпіѫть
бл͠ословень|бл҃ословень
грѧⷣи̇|грѧді
цр͠ь|цр҃ь
въ|въ
и̇мѧ|імѧ
г͠не|г҃не
и̇|і
тогда|тогда
раꙁдерѫт|раздерѫт
сѧ|сѧ
нб͠са|нб҃са
и̇|і
ꙗ̇витꙿ|ꙗвіт
сѧ|сѧ
цр͠ьствоуѫ̇щимь|цр҃ьствоуѫщімь
цр͠ь|цр҃ь
и̇|і
кнѫꙁемь|кнѫземь
кнѧꙁь|кнѧзь
ꙗ̇ко|ꙗко
и̇|і
мльниꙗ̇|мльніꙗ
страшꙿна|страшна
сь|сь
силоѫ̇|сілоѫ
и̇|і
сь|сь
славоѫ̇|славоѫ
великоѫ̇|велікоѫ
и̇|і
видить|відіть
вьсѣчьскоє̇|вьсѣчьское
ѡ̇ко|око
и̇|і
ти|ті
и̇же|іже
и̇|і
прⷪбодошѧ|прободошѧ
и̇|і
и̇|і
видѧть|відѧть
вьсѣ|вьсѣ
колѣна|колѣна
ꙁемьнаꙗ̇|земьнаꙗ
гѡгда|гогда
нб͠о|нб҃о
и̇|і
ꙁемлѣ|землѣ
бѣжати|бѣжаті
хощеть|хощеть
ꙗ̇коже|ꙗкоже
і̇ѡⷶ҇нь|іоань
прѣди|прѣді
нарекова|нарекова
гл͠ѧ|гл҃ѧ
видѣхь|відѣхь
прѣстоль|прѣстоль
великь|велікь
бѣль|бѣль
и̇|і
сѣдѫщаа̇го|сѣдѫщааго
на|на
немь|немь
е̇моуже|емоуже
ѿ|от
лица|ліца
бѣжа|бѣжа
нб͠о|нб҃о
и̇|і
ꙁемлѣ|землѣ
и̇|і
тѡгда|тогда
сѧдеть|сѧдеть
ꙗ̇ко|ꙗко
то|то
єⷭ҇ть|есть
самь|самь
рекь|рекь
и̇|і
сьбⷷ҇рѫт|сьберѫт
сѧ|сѧ
прѣдъ|прѣдъ
нимь|німь
вьси|вьсі
ѫ̇ꙁыци|ѫзъіці
какова|какова
оу̇бо|оубо
дш͠а|дш҃а
хощеⷮ҇|хощет
сѧ|сѧ
ѡ̇брѣсти|обрѣсті
да|да
прѣтрьпить|прѣтрьпіть
є̇гаⷣ|егад
прѣстоли|прѣстолі
поставѧт|поставѧт
сѧ|сѧ
и̇|і
сѫди|сѫді
сѣдеть|сѣдеть
и̇|і
книгы̇|кнігъі
раꙁьгꙿнѫть|разьгнѫть
сѧ|сѧ
и̇|і
тогаⷣ|тогад
(виⷣ)мь|відмь
бесь|бесь
числа|чісла
а꙼нг͠льскы̇ѫ̇|анг҃льскъіѫ
силы̇|сілъі
прѣстоѫ̇щѧ|прѣстоѫщѧ
ѡ̇крⷭ҇ть|окрсть
сь|сь
страхомь|страхомь
тогда|тогда
когождо|когождо
дѣла|дѣла
прѣдꙿь|прѣдь
а꙼нꙿг͠лы̇|анг҃лъі
и̇|і
чл͠кы|чл҃къі
чьтѧть|чьтѧть
сѧ|сѧ
и̇|і
тогда|тогда
сконьчае̇ть|сконьчаеть
сѧ|сѧ
пррⷪ҇чьство|пррочьство
данилово|данілово
а̇ꙁь|азь
даниль|даніль
видѣхь|відѣхь
доньдеже|доньдеже
прѣстоли|прѣстолі
поставишѧ|поставішѧ
сѧ|сѧ
и̇|і
(ве)тьхи|ветьхі
дн͠ьми|дн҃ьмі
сѣде|сѣде
и̇|і
ѡ̇дѣꙗ̇ниє̇|одѣꙗніе
ѥ̇го|его
бѣло|бѣло
и̇|і
власи|власі
главы̇|главъі
ѥ̇го|его
ꙗ̇ко|ꙗко
и̇|і
вльна|вльна
чистаа̇|чістаа
и̇|і
прѣстоль|прѣстоль
є̇го|его
ѡ̇гнь|огнь
пламенны̇|пламеннъі
крѫꙃи|крѫзі
ѥ̇го|его
ѡ̇гнь|огнь
палѧи̇|палѧі
рѣка|рѣка
ѡ̇гꙿнаа̇|огнаа
прѣдь|прѣдь
нимь|німь
течаше|течаше
и̇|і
ты̇сѧща|тъісѧща
тысѧщами|тъісѧщамі
слоужахѫ|слоужахѫ
є̇моу|емоу
сѫди|сѫді
сѣде|сѣде
и̇|і
книгы|кнігъі
раꙁьгнѫшѧ|разьгнѫшѧ
сѧ|сѧ
великь|велікь
страхь|страхь
тѡгаⷣ|тогад
братє̇|брате
ѥ̇гаⷣ|егад
ѿврьꙁѧтꙿ|отврьзѧт
сѧ|сѧ
страшꙿниѫ̇|страшніѫ
книгы̇|кнігъі
и̇деже|ідеже
сѧть|сѧть
написана|напісана
дѣла|дѣла
наша|наша
и̇|і
словеса|словеса
ꙗ̇же|ꙗже
створихоⷨ҇|створіхом
на|на
семь|семь
свѣтѣ|свѣтѣ
и̇мьже|імьже
нⷭ҇ѣ|нсѣ
сѧ|сѧ
оу̇крити|оукріті
б͠а|б҃а
и̇сꙿпитаѫ̇щаа̇го|іспітаѫщааго
таи̇наа̇|таінаа
тоу|тоу
е̇сть|есть
написана|напісана
всѣка|всѣка
пльⷮ҇|пльт
и̇|і
ни|ні
ѥ̇дино|едіно
сѧ|сѧ
потаи̇ть|потаіть
и̇ли|ілі
добро|добро
и̇ли|ілі
ꙁло|зло
кѻлико|коліко
сльꙁь|сльзь
трѣбоуѥ̇мь|трѣбоуемь
тѡго|того
чаⷭ҇|час
ради|раді
сльꙁами|сльзамі
бо|бо
можеть|можеть
кто|кто
покры̇ти|покръіті
грѣхы|грѣхъі
писаньны̇ѧ̇|пісаньнъіѧ
на|на
тѣхь|тѣхь
книгахь|кнігахь
и̇|і
милостинеѫ̇|мілостінеѫ
колико|коліко
крать|крать
вьꙁдьхнемь|вьздьхнемь
и̇|і
лютѣ|лютѣ
како|како
просльꙁымь|просльзъімь
сѧ|сѧ
є̇гаⷣ|егад
оу̇ꙁримь|оузрімь
ѡ̇чима|очіма
свои̇ма|своіма
чюдꙿноє̇|чоудное
и̇|і
небесьноѥ̇|небесьное
црⷭ҇тво|црство
и̇|і
пакы|пакъі
сь|сь
дроугы̇ѫ̇|дроугъіѫ
страны̇|странъі
страшꙿны̇ѧ̇|страшнъіѧ
мѫкы|мѫкъі
видимь|відімь
и̇|і
посрѣдѣ|посрѣдѣ
и̇хь|іхь
вьсѣкѫ|вьсѣкѫ
вещъ|вещъ
члвчⷭ҇кѫѩ̇|члвчскѫѧ
ѿ|от
прьваа̇го|прьвааго
а꙼дама|адама
и̇|і
такоже|такоже
сѧ|сѧ
родить|родіть
послѣдь|послѣдь
и̇|і
всѣ|всѣ
поклонѧтꙿ|поклонѧт
сѧ|сѧ
є̇моу|емоу
и̇|і
тогаⷣ|тогад
сѫбѫдет|сѫбѫдет
сѧ|сѧ
слово|слово
ѥ̇же|еже
ѥⷭ҇|ес
написанꙿно|напісанно
живѫ|жівѫ
а̇ꙁь|азь
гл͠еть|гл҃еть
г͠ь|г҃ь
ꙗ̇ко|ꙗко
мнѣ|мнѣ
поклонѧт|поклонѧт
сѧ|сѧ
всѣ|всѣ
колѣна|колѣна
ꙁемнихь|земніхь
и̇|і
вси|всі
ѧ̇ꙁыци|ѧзъіці
и̇сповѣдѧтꙿ|ісповѣдѧт
сѧ|сѧ
и̇|і
пакы̇|пакъі
а̇плⷭ҇ь|аплсь
гл͠ет(ь)|гл҃еть
вь|вь
и̇мѧ|імѧ
і̇с͠во|іс҃во
вьсѣ|вьсѣ
колѣна|колѣна
поклонѧ|поклонѧ
нбⷭ҇ныхь|нбснъіхь
и̇|і
ꙁемныⷯ҇|земнъіх
и̇|і
всѣкь|всѣкь
ѭ̇ꙁыкь|ѭзъікь
и̇сповѣсть|ісповѣсть
ꙗ̇ко|ꙗко
г͠ь|г҃ь
і̇сⷭ҇|ісс
хⷭ҇ь|хсь
вь|вь
славѧ|славѧ
б͠оу|б҃оу
и̇|і
ѡ̇ц͠оу|оц҃оу
а꙼минъ|амінъ
вьпросишѧ|вьпросішѧ
и̇|і
е̇ще|еще
добри|добрі
послоуси|послоусі
рьци|рьці
намь|намь
пакы|пакъі
да|да
слы̇шимь|слъішімь
и̇|і
ѿвѣщає̇ть|отвѣщаеть
тѡгаⷣ|тогад
члв͠чьство|члв҃чьство
вьсе|вьсе
стоѫ̇ще|стоѫще
посрѣдѣ|посрѣдѣ
црⷭ҇твиꙗ̇|црствіꙗ
и̇|і
сѫда|сѫда
посрⷣѣ|посрдѣ
сьмрꙿ͠ти|сьмр҃ті
и̇|і
живота|жівота
посрѣдѣ|посрѣдѣ
радости|радості
и̇|і
бѣды̇|бѣдъі
въси|въсі
долоу|долоу
покланѣѫ̇ще|покланѣѫще
сѧ|сѧ
и̇|і
не|не
вьꙁводѧще|вьзводѧще
сѧ|сѧ
видѧ̇ть|відѧть
сѧдъ|сѧдъ
прѣстоѫ̇щи|прѣстоѫщі
вьпросими|вьпросімі
лютѣ|лютѣ
ꙗ̇ко|ꙗко
и̇спитаѥ̇ми|іспітаемі
паче|паче
же|же
и̇|і
ти|ті
и̇же|іже
вь|вь
младости|младості
жили|жілі
сѧть|сѧть
и̇|і
е̇ще|еще
видѧще|відѧще
пакы̇|пакъі
ниꙁꙋ|нізоу
поклонѧт|поклонѧт
сѧ|сѧ
нѫ|нѫ
вижѫⷣть|віжѫдть
кѫжⷣо|кѫждо
дѣла|дѣла
своꙗ̇|своꙗ
стоѫ̇ща|стоѫща
прѣдь|прѣдь
ними|німі
и̇ли|ілі
добра|добра
или|ілі
ꙁла|зла
и̇|і
тогаⷣже|тогадже
ꙁло|зло
дѣꙗ̇вьшє|дѣꙗвьше
и̇|і
не|не
покаа̇вьше|покаавьше
сѧ|сѧ
рыдаѧ̇ще|ръідаѧще
гл͠ѫть|гл҃ѫть
како|како
нѣсмы|нѣсмъі
сѧ|сѧ
покаꙗ̇ли|покаꙗлі
мы|мъі
оу̇боꙁи|оубозі
нѫ|нѫ
годь|годь
свои̇|своі
погоубили|погоубілі
є̇смы̇|есмъі
и̇граѫ̇ще|іграѫще
и̇|і
рѫгаѫ̇ще|рѫгаѫще
сѧ|сѧ
и̇|і
како|како
не|не
бꙿдѣхомь|бдѣхомь
чтого|чтого
ради|раді
не|не
постихомь|постіхомь
сѧ|сѧ
и̇|і
что|что
не|не
помиловахомь|поміловахомь
бѣдꙿны̇хь|бѣднъіхь
чтого|чтого
ради|раді
братиѧ̇|братіѧ
сꙿвоѫ̇|своѫ
вьꙁненавидѣхмы̇|вьзненавідѣхмъі
грѣшꙿни|грѣшні
створихмы̇|створіхмъі
ꙁло|зло
чесо|чесо
ради|раді
не|не
покаа̇хмы|покаахмъі
сѧ|сѧ
да|да
ны̇|нъі
сѧ|сѧ
ѿдадѫть|отдадѫть
грѣсы̇|грѣсъі
доньдеже|доньдеже
бѣ|бѣ
годь|годь
покаꙗ̇нию|покаꙗнію
нѫ|нѫ
смиꙗ̇хмы|сміꙗхмъі
сѧ|сѧ
ꙗ̇дѧще|ꙗдѧще
и̇|і
коньчахѫ|коньчахѫ
ны̇|нъі
сѧ|сѧ
лѣта|лѣта
нѫ|нѫ
нн͠ѣ|нн҃ѣ
чꙿто|что
створимь|створімь
ꙗ̇ко|ꙗко
постиже|постіже
ни|ні
страшꙿны̇|страшнъі
чаⷭ҇|час
и̇же|іже
слы̇шахомь|слъішахомь
множицеѫ̇|множіцеѫ
и̇|і
смѣꙗ̇хмы̇|смѣꙗхмъі
сѧ|сѧ
що|що
створимꙿ|створім
грѣшны̇|грѣшнъі
ꙗ̇ко|ꙗко
книгы̇|кнігъі
раꙁьгнѫщѧ|разьгнѫщѧ
сѧ|сѧ
и̇|і
сѫдиꙗ̇|сѫдіꙗ
сѧдить|сѧдіть
и̇|і
вьсѣмь|вьсѣмь
сице|сіце
ми|мі
слѧщимь|слѧщімь
и̇|і
оу̇слы̇шѧть|оуслъішѧть
глаⷭ҇|глас
сѫдиѫ̇|сѫдіѫ
страшꙿно|страшно
вьпиѫ̇ща|вьпіѫща
и̇|і
гл͠ѧща|гл҃ѧща
ꙗ̇вѣте|ꙗвѣте
дѣла|дѣла
примѣте|прімѣте
мѫꙁды̇|мѫздъі
въ|въ
годь|годь
тьи̇|тьі
смѧтѧт|смѧтѧт
сѧ|сѧ
чⷭ҇тьни|чстьні
кртⷭ҇иꙗ̇не|кртсіꙗне
и̇|і
є̇пискоупи|епіскоупі
и̇|і
попове|попове
и̇|і
диꙗ̇ци|діꙗці
и̇|і
е̇ще|еще
и̇|і
цр͠ковьни|цр҃ковьні
и̇хь|іхь
чⷭ҇ти|чсті
кьждо|кьждо
ꙗ̇коже|ꙗкоже
гл͠еть|гл҃еть
а̇пⷭ҇ль|апсль
вьстанемь|вьстанемь
вьси|вьсі
кьждо|кьждо
вь|вь
своѥ̇мь|своемь
чиноу|чіноу
дати|даті
слово|слово
бг͠оу|бг҃оу
тѡгда|тогда
смѧтѧтꙿ|смѧтѧт
сѧ|сѧ
сь|сь
страхомь|страхомь
цр͠иє̇|цр҃іе
и̇|і
силни|сілні
и̇|і
богати|богаті
и̇|і
мѧдри|мѧдрі
и̇|і
оубоꙁи|оубозі
ꙁане|зане
наста|наста
годъ|годъ
да|да
единого|едіного
кождо|кождо
дѣла|дѣла
прѣдъ|прѣдъ
а̇нг͠лꙑ̇|анг҃лъі
и̇|і
члв͠кы̇|члв҃къі
чътѧть|чътѧть
сѧ|сѧ
да|да
въсѣкь|въсѣкь
пожънетъ|пожънетъ
еже|еже
ѥⷭ҇|ес
въсѣꙗ̇лъ|въсѣꙗлъ
и̇|і
въпросишѧ|въпросішѧ
и̇|і
пакы̇|пакъі
тъщивы̇|тъщівъі
поослоусиі|поослоусіі
ръци|ръці
намъ|намъ
ꙗ̇же|ꙗже
по|по
сихь|сіхь
рабе|рабе
бж͠и|бж҃і
и|і
ѿвѣща|отвѣща
горе|горе
мнѣ|мнѣ
братиꙗ̇|братіꙗ
моꙗ̇|моꙗ
хощѫ|хощѫ
рещи|рещі
ꙗ̇же|ꙗже
и̇|і
по|по
сихь|сіхь
и̇|і
ѿ|от
страха|страха
сьдрьжѧ|сьдрьжѧ
сѧ|сѧ
и|і
глаⷭ҇|глас
мои̇|моі
не|не
стає̇ть|стаеть
и̇|і
сльꙁы|сльзъі
ми|мі
текѫть|текѫть
страшна|страшна
бо|бо
етⷭ҇ь|етсь
повѣсть|повѣсть
бж͠и|бж҃і
бо|бо
раби|рабі
рѣшѧ|рѣшѧ
рꙿци|рці
намь|намь
б͠а|б҃а
радити|радіті
да|да
и̇|і
ми|мі
покаѥ̇мь|покаемь
сѧ|сѧ
оу̇читель|оучітель
же|же
тогаⷣ|тогад
братиꙗ̇|братіꙗ
и̇ꙁыщет|ізъіщет
сѧ|сѧ
тогаⷣ|тогад
ꙁꙿнамениє̇|знаменіе
крⷭ҇ти̇ꙗ̇ньско|крстіꙗньско
и̇миже|іміже
ꙁнамена|знамена
сѧ|сѧ
кьжоⷣ|кьжод
вь|вь
ст͠ѣи̇|ст҃ѣі
каѳоликии|каѳолікіі
цр͠кьи|цр҃кьі
апⷭ҇льстѣи̇|апсльстѣі
кр͠щениꙗ̇|кр҃щеніꙗ
ради|раді
и̇|і
и̇стѫжѫть|істѫжѫть
ѿ|от
когождо|когождо
вѣрѫ|вѣрѫ
нескрꙿнꙿнѫ|нескрннѫ
вь|вь
ѥ̇ресехь|ересехь
и̇|і
ꙁнамениє̇|знаменіе
(не)врѣждено|неврѣждено
и̇|і
доброє̇|доброе
исповѣдание̇|ісповѣданіе
прѣдь|прѣдь
многы̇|многъі
послоухь|послоухь
и̇|і
гл͠ѧ|гл҃ѧ
ѿрицаѫ̇|отріцаѫ
сѧ|сѧ
сотонии̇|сотоніі
и̇|і
вьсѣхь|вьсѣхь
дѣль|дѣль
є̇го|его
а̇|а
не|не
ѥ̇диного|едіного
дѣла|дѣла
ни|ні
двою̇|двою
ни|ні
пѧтии|пѧтіі
нѫ|нѫ
въсѣхь|въсѣхь
дѣль|дѣль
сотонинь|сотонінь
сего|сего
оу̇бо|оубо
добраго|добраго
ѿвѣта|отвѣта
въпрошени|въпрошені
бѫдѧть|бѫдѧть
въ|въ
тьи̇|тьі
чаⷭ҇|час
бл͠жени|бл҃жені
сꙿхранѣѫ̇|схранѣѫ
и̇|і
ꙗ̇же|ꙗже
свѣщаль|свѣщаль
е̇сть|есть
ѥ̇динѣмь|едінѣмь
бо|бо
словомь|словомь
ѿречеть|отречеть
сѧ|сѧ
вьсѣкыѫ̇|вьсѣкъіѫ
ꙁлыѫ̇|злъіѫ
вещи|вещі
и̇|і
любодѣꙗ̇ниꙗ̇|любодѣꙗніꙗ
нечистоты|нечістотъі
и̇|і
ꙁависти|завісті
и̇|і
раꙁꙿбоꙗ̇|разбоꙗ
льжѫ|льжѫ
татьбы̇|татьбъі
чаровь|чаровь
клеветы̇|клеветъі
гнѣва|гнѣва
памѧти|памѧті
ꙁлоу|злоу
ꙁлобы̇|злобъі
є̇реси|ересі
блаꙁнениꙗ̇|блазненіꙗ
и̇|і
пиꙗ̇ньства|піꙗньства
и̇|і
пꙋстнхь|поустнхь
бесѣдь|бесѣдь
и̇|і
грьдости|грьдості
и̇|і
красоты̇|красотъі
смѣха|смѣха
гѫдениꙗ̇|гѫденіꙗ
писканиꙗ̇|пісканіꙗ
и̇|і
плѫсаниꙗ̇|плѫсаніꙗ
и̇|і
пѣсꙿни|пѣсні
и̇|і
пѣниꙗ̇|пѣніꙗ
демоньскаа̇|демоньскаа
и̇|і
братоненавидѣниꙗ̇|братоненавідѣніꙗ
си̇хь|сіхь
и̇|і
ꙗ̇же|ꙗже
симь|сімь
подобнаꙗ̇|подобнаꙗ
и̇|і
ѿричеть|отрічеть
сѧ|сѧ
вьсѣкь|вьсѣкь
крⷭ҇тиꙗ̇нинь|крстіꙗнінь
надь|надь
ст͠оѫ̇|ст҃оѫ
кѫпѣлиѫ̇|кѫпѣліѫ
и̇|і
ꙁа|за
сего|сего
ѿвѣта|отвѣта
и̇стѧжѧть|істѧжѧть
ни|ні
вь|вь
тьи̇|тьі
годь|годь
бж͠и|бж҃і
раби|рабі
рѣшѧ|рѣшѧ
рьци|рьці
ꙗ̇же|ꙗже
хощеть|хощеть
по|по
тѣхь|тѣхь
быти|бъіті
и̇|і
какого|какого
вьпросишѧ|вьпросішѧ
оу̇чителоу|оучітелоу
рꙿци|рці
намь|намь
а̇же|аже
по|по
сихь|сіхь
и̇|і
оу̇читель|оучітель
реⷱ҇|реч
рекѫ|рекѫ
сь|сь
боꙗ̇ꙁниѫ̇|боꙗзніѫ
и̇|і
гл͠ѧ|гл҃ѧ
сь|сь
бьꙁдыханиѥ̇мь|бьздъіханіемь
и̇|і
сь|сь
сльꙁами|сльзамі
не|не
могѫ|могѫ
повѣдати|повѣдаті
бе|бе
сльꙁь|сльзь
ꙗ̇ко|ꙗко
ж(є)|же
послѣдьна|послѣдьна
сѫть|сѫть
тѡгаⷣ|тогад
братиє̇|братіе
по|по
вьпрошени|вьпрошені
всѣхь|всѣхь
дѣла|дѣла
ꙗ̇вѧтꙿ|ꙗвѧт
сѧ|сѧ
прѣдь|прѣдь
а꙼нгл͠ы̇|англ҃ъі
и̇|і
чл͠кы̇|чл҃къі
и̇|і
оу̇праꙁнитꙿ|оупразніт
сѧ|сѧ
вьсѣка|вьсѣка
власть|власть
и̇|і
дрьжава|дрьжава
и̇|і
сила|сіла
и̇|і
вꙿси|всі
враꙃи|вразі
подложени|подложені
бѫдѫть|бѫдѫть
под|под
ногама|ногама
е̇го|его
тогаⷣ|тогад
оу̇бо|оубо
ꙗ̇коже|ꙗкоже
гл͠а|гл҃а
г͠ь|г҃ь
раꙁлѫчѧ|разлѫчѧ
дроугь|дроугь
ѿ|от
дроугь|дроугь
ꙗ̇коже|ꙗкоже
пастирь|пастірь
раꙁлѫчає̇ть|разлѫчаеть
ѻ̇вьцѧ|овьцѧ
ѿ|от
коꙁлищь|козліщь
и̇|і
поставить|поставіть
ѡ̇вꙿцѧ|овцѧ
ѡ̇|о
деснѫѫ̇|деснѫѫ
себе|себе
и̇мѧщѧѫ̇|імѧщѧѫ
добрь|добрь
плодь|плодь
тиѭ̇|тіѭ
ѡ̇вцѫ|овцѫ
и̇же|іже
ꙁнаѫ̇ть|знаѫть
пастира|пастіра
овьцѧ|овьцѧ
и̇же|іже
ꙁнамениє̇|знаменіе
и̇маѫтꙿ|імаѫт
ѡ̇вꙿцѧ|овцѧ
послѣдовашѧ|послѣдовашѧ
пастироу|пастіроу
велкомоу|велкомоу
рекьшомоу|рекьшомоу
приде|пріде
послѣдь|послѣдь
мене|мене
ѡ̇вцѧ|овцѧ
не|не
ѡ̇скврьнившѧ|оскврьнівшѧ
ст͠ыѫ̇|ст҃ъіѫ
вѣры̇|вѣръі
сь|сь
сьблаꙁнители|сьблазнітелі
сь|сь
ѡ̇вꙿцѧ|овцѧ
поставить|поставіть
ѡ̇|о
деснѫѫ̇|деснѫѫ
себе|себе
а̇|а
коꙁлищѫ|козліщѫ
ѡ̇|о
шоуѫ̇|шоуѫ
си|сі
коꙁлищⷷ|козліще
сѫть|сѫть
є̇лико|еліко
поⷧ҇да|полда
не|не
мѧть|мѧть
и̇же|іже
пастира|пастіра
раꙁꙿгнѣвашѧ|разгнѣвашѧ
се|се
сѫть|сѫть
коꙁлище|козліще
бѣсноуѫ̇ще|бѣсноуѫще
сѧ|сѧ
сь|сь
сьблаꙁнители|сьблазнітелі
и̇|і
ст͠ѫѫ̇|ст҃ѫѫ
вѣрѫ|вѣрѫ
скврьнѫще|скврьнѫще
и̇же|іже
плѧсашѧ|плѧсашѧ
ꙗ̇дѫще|ꙗдѫще
и̇|і
и̇стѫпишѧ|істѫпішѧ
ѿ|от
мира|міра
и̇|і
вьсѣкого|вьсѣкого
дѣла|дѣла
бл͠ага|бл҃ага
поусти|поусті
и̇|і
вьсѣкого|вьсѣкого
же|же
дѣла|дѣла
и̇|і
грѣха|грѣха
и̇спльнєни|іспльнені
ѿ|от
нихьже|ніхьже
б͠ь|б҃ь
вь|вь
тьи̇|тьі
чаⷭ҇|час
ѡ̇чи|очі
свои̇|своі
ѿврати|отвраті
и̇|і
поставить|поставіть
ѫ̇|ѫ
ꙩ̇|о
шоуѫ̇|шоуѫ
себе|себе
тогда|тогда
реⷱ҇ть|речть
сѫдѫщимь|сѫдѫщімь
ѡ̇|о
деснѫѫ̇|деснѫѫ
себе|себе
придѣте|прідѣте
бл͠гословени|бл҃гословені
ѡ̇ц͠а|оц҃а
моє̇го|моего
придѣте|прідѣте
сн͠ове|сн҃ове
свѣта|свѣта
придѣте|прідѣте
црⷭ҇твоу|црствоу
моє̇моу|моемоу
наслѣдꙿници|наслѣдніці
придѣте|прідѣте
и̇же|іже
мене|мене
ради|раді
ѻ̇боужавьше|обоужавьше
а̇лькавꙿше|алькавше
и̇|і
жѫдавьше|жѫдавьше
но|но
любивше|любівше
мирь|мірь
ни|ні
и̇жє|іже
є̇сть|есть
вь|вь
мирѣ|мірѣ
придѣте|прідѣте
и̇же|іже
мєне|мене
ради|раді
ꙩ̇ставльше|оставльше
вьсѫ|вьсѫ
радость|радость
мирьскѫѫ̇|мірьскѫѫ
родь|родь
и̇|і
приꙗ̇телѧ|пріꙗтелѧ
и̇|і
родитєлѫ|родітелѫ
и̇|і
чѧда|чѧда
придѣте|прідѣте
и̇же|іже
вь|вь
поустынѣⷯ҇|поустъінѣх
и̇|і
вь|вь
горахь|горахь
и̇|і
вь|вь
врьтопохь|врьтопохь
и̇же|іже
сь|сь
ꙃвѣрьмы|звѣрьмъі
домы̇|домъі
сьтворивꙿше|сьтворівше
придѣте|прідѣте
блⷭ҇вени|блсвені
ѡ̇ц͠а|оц҃а
мое̇го|моего
прⷣѣте|прдѣте
оӱготовано|оуготовано
е̇стъ|естъ
вамъ|вамъ
црⷭ҇во|црсво
ѿ|от
съложениы̇|съложеніъі
вѣкоу|вѣкоу
тогда|тогда
гл͠етъ|гл҃етъ
и̇|і
тѣмъ|тѣмъ
иже|іже
ѿ|от
шоуѫ̇|шоуѫ
и̇дѣте|ідѣте
ѿ|от
мене|мене
проклѧтии̇|проклѧтіі
и̇дѣте|ідѣте
ѿ|от
мене|мене
немлⷭ҇тиви|немлстіві
ненавидѣвꙿшеи̇|ненавідѣвшеі
братиѫ̇|братіѫ
х͠а|х҃а
не|не
помл͠овасте|помл҃овасте
ни|ні
а̇ꙁъ|азъ
помиваѫ̇|поміваѫ
васъ|васъ
не|не
слы̇шасте|слъішасте
ли|лі
мое̇го|моего
праведнаго|праведнаго
еуⷢ҇лиꙗ|еугліꙗ
и̇|і
блажены̇хъ|блаженъіхъ
оу̇ченикъ|оученікъ
и̇|і
а̇ꙁъ|азъ
не|не
не|не
оӱслы̇шѫ|оуслъішѫ
рыданиꙗ̇|ръіданіꙗ
вашего|вашего
напитасте|напітасте
сѧ|сѧ
на|на
ꙁеми|земі
и̇|і
приѫ̇сте|пріѫсте
блага|блага
жиꙁни|жізні
вашеѫ̇|вашеѫ
тамо|тамо
по|по
вьсѫ|вьсѫ
дꙿн͠и|дн҃і
а꙼|а
ст͠ы̇ѫ̇|ст҃ъіѫ
кꙿнигы̇|кнігъі
вьпиꙗ̇хѫ|вьпіꙗхѫ
и̇|і
слышѫще|слъішѫще
и̇|і
рѫгасте|рѫгасте
сѧ|сѧ
и̇мь|імь
и̇|і
чьтѫщимъ|чьтѫщімъ
ѫ̇|ѫ
н͠нѣ|н҃нѣ
гл͠ѧ|гл҃ѧ
вамъ|вамъ
ꙗ̇ко|ꙗко
не|не
[в]идѣ|відѣ
васъ|васъ
и̇дѣте|ідѣте
ѿ|от
мене|мене
проклѧтии̇|проклѧтіі
въ|въ
ѡ̇гнъ|огнъ
вѣчны̇|вѣчнъі
оӱготованы|оуготованъі
диꙗ̇волоу|діꙗволоу
и̇|і
а̇гл͠омъ|агл҃омъ
е̇го|его
тогда|тогда
пои̇дѫтъ|поідѫтъ
въси|въсі
въ|въ
мѫкѫ|мѫкѫ
вѣчнѫѫ̇|вѣчнѫѫ
а̇|а
праведници|праведніці
въ|въ
жиꙁнъ|жізнъ
вѣчнѫѫ̇|вѣчнѫѫ
и̇|і
хⷭ҇олюбци|хсолюбці
въпрашаѫ̇тъ|въпрашаѫтъ
въ|въ
е̇динѫ|едінѫ
ли|лі
мѫкѫ|мѫкѫ
грѧдѫтъ|грѧдѫтъ
въси|въсі
и̇ли|ілі
ѿраднѣи̇ши|отраднѣіші
мѫкы̇|мѫкъі
сѫⷮ|сѫт
раⷣтⷭ҇ь|радтсь
ꙗ̇коже|ꙗкоже
вь|вь
ѥ̇уⷢ҇ли|еуглі
слы̇шахомь|слъішахомь
е̇сть|есть
бо|бо
тьма|тьма
кромѣшꙿна|кромѣшна
ѡ̇собь|особь
рожьⷣство|рожьдство
ѡ̇гꙿно|огно
и̇|і
мѣсто|мѣсто
дроугоє̇|дроугое
скрьжеть|скрьжеть
ꙁѫбомь|зѫбомь
и̇|і
мѣсто|мѣсто
ѡ̇собь|особь
чрьвꙿ|чрьв
не|не
оу̇сы̇паѫ̇щи|оусъіпаѫщі
и̇|і
мѣсто|мѣсто
и̇ноє̇|іное
ѥ̇же|еже
ѥⷭ҇|ес
трепеть|трепеть
и̇|і
мѣсто|мѣсто
и̇ноѥ̇|іное
ѡ̇гꙿнь|огнь
негасими|негасімі
и̇|і
въ|въ
свое̇и̇|своеі
ꙁеми|земі
ѡ̇гꙿнь|огнь
нарѣка|нарѣка
и̇нѫдоу|інѫдоу
сиѫ̇|сіѫ
мѫкь|мѫкь
раꙁдѣлѣѫ̇тꙿ|раздѣлѣѫт
сѧ|сѧ
и̇|і
небоꙁи|небозі
сии̇|сіі
кьждо|кьждо
противѫ|протівѫ
своє̇мꙋ|своемоу
грѣхоу|грѣхоу
примѫть|прімѫть
ꙗ̇коже|ꙗкоже
сѫть|сѫть
ѿраднѣи̇шѧ|отраднѣішѧ
мѫкы̇|мѫкъі
тако|тако
и̇|і
ѿрадꙿнѣи̇шѧ|отраднѣішѧ
грѣси|грѣсі
и̇|і
хоⷭ҇любꙿци|хослюбці
рѣшѧ|рѣшѧ
рꙿци|рці
ѿрасꙿтво|отраство
мѫкамь|мѫкамь
и̇|і
оу̇читель|оучітель
реⷱ҇|реч
и̇нако|інако
сѫ|сѫ
мѫчить|мѫчіть
любодѣи̇|любодѣі
и̇нако|інако
раꙁбои̇никь|разбоінікь
дроуго|дроуго
ꙗ̇ко|ꙗко
тать|тать
и̇|і
пиꙗ̇ница|піꙗніца
ꙗ̇же|ꙗже
сьблаꙁнители|сьблазнітелі
сꙿкꙿвꙿрьнѧтꙿ|скврьнѧт
сѧ|сѧ
и̇|і
оу̇слышѧть|оуслъішѧть
глаⷭ҇|глас
да|да
вьꙁмѫтꙿ|вьзмѫт
сѧ|сѧ
нечьстиви|нечьстіві
и̇|і
да|да
не|не
видѧть|відѧть
славы̇|славъі
гн͠ѫ|гн҃ѫ
и̇же|іже
и̇мать|імать
на|на
сѧ|сѧ
гꙿнѣвъ|гнѣвъ
и̇|і
е̇лико|еліко
сѧ|сѧ
и̇мь|імь
ключить|ключіть
оу̇мрѣти̇|оумрѣті
неи̇ꙁмолимы|неізмолімъі
сѫдь|сѫдь
ѡ̇брѧщѫть|обрѧщѫть
и̇|і
ꙗ̇ко|ꙗко
мрьтвьци|мрьтвьці
вь|вь
вꙿнѣшꙿнѫѫ̇|внѣшнѫѫ
тѫмѫ|тѫмѫ
слѫт|слѫт
сѧ|сѧ
понеже|понеже
хоуⷭ҇|хоус
вѣри|вѣрі
не|не
ѫ̇шѧ|ѫшѧ
и̇|і
и̇же|іже
реⷱ҇|реч
любите|любіте
дроугь|дроугь
дрꙋга|дроуга
и̇|і
ѿдадите|отдадіте
грѣхы̇|грѣхъі
горе|горе
любодѣи̇ци|любодѣіці
горе|горе
пиꙗ̇ны̇ци|піꙗнъіці
горе|горе
прѣлюбодѣю̇|прѣлюбодѣю
и̇|і
чародѣю̇|чародѣю
горѣ|горѣ
тѣмь|тѣмь
и̇же|іже
пиѫ̇ть|піѫть
вино|віно
сь|сь
гѫсльми|гѫсльмі
и̇|і
сь|сь
ликы̇|лікъі
горе|горе
тѣмь|тѣмь
и̇же|іже
сꙿкꙿвꙿрьнѧт|скврьнѧт
сѧ|сѧ
сьблаꙁнители|сьблазнітелі
горе|горе
тѣмь|тѣмь
и̇же|іже
хоулѧть|хоулѧть
ст͠ы̇ѫ̇|ст҃ъіѫ
книгы̇|кнігъі
горе|горе
лѧⷤ҇щимь|лѧжщімь
горе|горе
тѣмꙿ|тѣм
и̇же|іже
гоубѧть|гоубѧть
покаа꙼нию̇|покаанію
врѣмѧ|врѣмѧ
вь|вь
смѣсѣ|смѣсѣ
и̇|і
вь|вь
весели|веселі
вьꙁы̇щѧть|вьзъіщѧть
бо|бо
е̇го|его
и̇|і
не|не
ѡ̇брѣщѫть|обрѣщѫть
горе|горе
тѣмь|тѣмь
и̇же|іже
ѡ̇правдаѫ̇ть|оправдаѫть
крива|кріва
мѫꙁды|мѫздъі
ради|раді
горе|горе
тѣмь|тѣмь
и̇же|іже
расхыщаѫ̇ть|расхъіщаѫть
чюжеⷣ|чоужед
и̇мѣниє̇|імѣніе
и̇|і
рекѫть|рекѫть
прѣпросто|прѣпросто
горе|горе
тѣмь|тѣмь
и̇же|іже
ѿ|от
шоуѭ̇|шоуѭ
ѡ̇брѧщѧтꙿ|обрѧщѧт
сѧ|сѧ
вь|вь
тьи̇|тьі
чаⷭ҇|час
страшꙿны̇|страшнъі
ꙗ̇ко|ꙗко
ѡ̇мрачѧтꙿ|омрачѧт
сѧ|сѧ
и̇|і
вьстрепещѧть|вьстрепещѧть
є̇гаⷣ|егад
оу̇слы̇шѧть|оуслъішѧть
ѡ̇ти̇дѣте|отідѣте
ѿ|от
мене|мене
проклѧтии̇|проклѧтіі
и̇|і
смѧтѧть|смѧтѧть
сѧ|сѧ
ѥ̇гда|егда
оу̇слы̇шѧть|оуслъішѧть
невѣдѣ|невѣдѣ
ваⷭ҇|вас
и̇|і
а꙼бие̇|абіе
и̇жеⷣнѫтꙿ|іжеднѫт
сѧ|сѧ
ѿ|от
сѫдища|сѫдіща
сь|сь
гꙿнѣвомь|гнѣвомь
великомь|велікомь
и̇|і
прѣдадѫть|прѣдадѫть
и̇|і
вь|вь
рѫцѣ|рѫцѣ
сꙿмр͠ти|смр҃ті
да|да
спⷭ҇ть|спсть
ꙗ̇коже|ꙗкоже
ѥⷭ҇|ес
писанꙿно|пісанно
хвⷭ҇и|хвсі
рабы|рабъі
рѣшѧ|рѣшѧ
мⷪ҇лимь|молімь
тѧ|тѧ
рабе|рабе
бж͠и|бж҃і
да|да
добрѣ|добрѣ
оу̇вѣриши|оувѣріші
ны|нъі
ѡ̇|о
семь|семь
како|како
сѧ|сѧ
раꙁлѫчѧть|разлѫчѧть
на|на
мѫкы̇|мѫкъі
оу̇читель|оучітель
же|же
просльꙁивь|просльзівь
сѧ|сѧ
и̇|і
вь|вь
прьси|прьсі
тлькы̇|тлькъі
ѿвѣща|отвѣща
и̇мь|імь
гл͠ѧ|гл҃ѧ
горе|горе
мнѣ|мнѣ
братиꙗ̇|братіꙗ
моꙗ̇|моꙗ
каковѫ|каковѫ
печаль|печаль
и̇|і
повѣсть|повѣсть
молите|моліте
слыⷶти|слъіаті
и̇|і
что|что
рекѫ|рекѫ
ѡ̇|о
грьдѣ|грьдѣ
тои̇|тоі
страшꙿнѣи̇|страшнѣі
годинѣ|годінѣ
горе|горе
мꙿнѣ|мнѣ
братиꙗ̇|братіꙗ
моꙗ̇|моꙗ
вьꙁлю̇бенаꙗ̇|вьзлюбенаꙗ
нѫ|нѫ
и̇|і
кто|кто
дрьꙁнеть|дрьзнеть
и̇сповѣдати|ісповѣдаті
и̇ли|ілі
кто|кто
прѣтрьпить|прѣтрьпіть
сиѫ̇|сіѫ
оу̇миленѫѫ̇|оуміленѫѫ
повѣсть|повѣсть
и̇ли|ілі
кои̇|коі
и̇мать|імать
ѿ|от
ваⷭ҇|вас
сльꙁы|сльзъі
плачите|плачіте
сѧ|сѧ
а̇|а
и̇же|іже
нⷷ҇|не
и̇мать|імать
придѣте|прідѣте
да|да
скажѫ|скажѫ
вамь|вамь
что|что
наⷭ҇|нас
ждеть|ждеть
и̇|і
не|не
радимь|радімь
ѡ̇|о
спс͠ни|спс҃ні
нашемь|нашемь
тогда|тогда
раꙁлѧчить|разлѧчіть
сѧ|сѧ
дроугь|дроугь
ѿ|от
дроуга|дроуга
оу̇миленоѥ̇|оуміленое
то|то
раꙁлѫчениє̇|разлѫченіе
и̇|і
ѡ̇тидошѧ|отідошѧ
ѡ̇шествиє̇|ошествіе
невьꙁꙿвꙿѫ̇щее̇|невьзвѫщее
сѧ|сѧ
не|не
и̇мѣѫ̇ще|імѣѫще
конꙿца|конца
тогда|тогда
раꙁлѧчѫтꙿ|разлѧчѫт
сѧ|сѧ
ѥ̇ппⷭ҇и|еппсі
ѿ|от
ѥ̇пискоупь|епіскоупь
и̇|і
попове|попове
ѿ|от
поповь|поповь
и̇|і
диꙗ̇кони|діꙗконі
ѿ|от
диꙗ̇конь|діꙗконь
тѡгаⷣ|тогад
раꙁлѫчить|разлѫчіть
црⷭ҇тва|црства
вы̇шꙿни|въішні
и̇|і
вьꙁьплачѫтꙿ|вьзьплачѫт
сѧ|сѧ
и̇|і
поженѫть|поженѫть
и̇хь|іхь
а̇нꙿг͠ли|анг҃лі
ꙗ̇ко|ꙗко
и̇|і
четвороногы̇|четвороногъі
и̇|і
тогда|тогда
вьꙁѫⷣхнѫть|вьзѫдхнѫть
цр͠иє̇|цр҃іе
и̇|і
кнѧꙁи|кнѧзі
и̇|і
ѡ̇брѧщѧть|обрѧщѧть
поустошь|поустошь
и̇|і
вьꙁрѫть|вьзрѫть
сѫдоу|сѫдоу
и̇|і
сѫдоу|сѫдоу
и̇|і
не|не
ꙩ̇брѫть|обрѫть
пⷪ҇мощꙿника|помощніка
и̇|і
не|не
бѫдеть|бѫдеть
вь|вь
тои̇|тоі
чаⷭ҇|час
бг͠атьства|бг҃атьства
видѣти|відѣті
ни|ні
слꙋгь|слоугь
слоужѧщихь|слоужѧщіхь
тогаⷣ|тогад
раꙁлѧчѧть|разлѧчѧть
сѧ|сѧ
и̇же|іже
вь|вь
надежаⷣхь|надежадхь
и̇|і
вь|вь
чръны̇ѫ̇|чрънъіѫ
рыꙁы̇|ръізъі
ꙩ̇дѣꙗ̇шѧ|одѣꙗшѧ
сѧ|сѧ
чрьнориꙁьци|чрьнорізьці
и̇же|іже
мирь|мірь
вьꙁлюбивьше|вьзлюбівьше
и̇|і
мирьскаꙗ̇|мірьскаꙗ
сьмисливьше|сьміслівьше
тогда|тогда
раꙁлѫчѧть|разлѫчѧть
сѧ|сѧ
родителиє̇|родітеліе
ѿ|от
чѧдь|чѧдь
ѿц͠ь|отц҃ь
ѿ|от
сн͠а|сн҃а
и̇|і
мати|маті
ѿ|от
дьщере|дьщере
и̇|і
приꙗ̇теле|пріꙗтеле
ѿ|от
приꙗ̇тель|пріꙗтель
и̇|і
рода|рода
тогда|тогда
лютѣ|лютѣ
раꙁлѫчита|разлѫчіта
сѧ|сѧ
мальженьца|мальженьца
ꙗ̇же|ꙗже
не|не
сьхраниста|сьхраніста
ложа|ложа
несꙿкꙿврьна|нескврьна
та|та
вьсѣ|вьсѣ
да|да
ꙩ̇ставимь|оставімь
многаа̇|многаа
гл͠аниꙗ̇|гл҃аніꙗ
и̇бо|ібо
оу̇дрьжѫть|оудрьжѫть
мѧ|мѧ
ѡ̇|о
сеи̇|сеі
повѣсти|повѣсті
тогаⷣ|тогад
брати(а̇)|братіа
поведѧть|поведѧть
сѧ|сѧ
женоми|женомі
и̇|і
биє̇ми|біемі
ѿ|от
а꙼нг͠ль|анг҃ль
и̇|і
сверѣпо|сверѣпо
порѣє̇ми|порѣемі
и̇|і
пои̇дѫть|поідѫть
ꙁѫбы̇|зѫбъі
сꙿкꙿрьжѧщѧще|скрьжѧщѧще
и̇|і
чѫсто|чѫсто
вьꙁираще|вьзіраще
вьспѧть|вьспѧть
видѣти|відѣті
хотѧще|хотѧще
праведны̇ѫ̇|праведнъіѫ
ѿ|от
нихьже|ніхьже
раꙁлѧчишѧ|разлѧчішѧ
сѧ|сѧ
и̇|і
плачѧтꙿ|плачѧт
сѧ|сѧ
горько|горько
и̇|і
ꙁаи̇дѧть|заідѧть
а̇биє̇|абіе
не|не
могѫще|могѫще
видѣти|відѣті
вьспѧть|вьспѧть
и̇|і
приближѧтꙿ|прібліжѧт
сѧ|сѧ
кь|кь
мѣстоу|мѣстоу
горькомоу|горькомоу
и̇̇деже|ідеже
пакы̇|пакъі
раꙁлѧчѧт|разлѧчѧт
сѧ|сѧ
вь|вь
вьсѧ|вьсѧ
мѫкы̇|мѫкъі
тогаⷣ|тогад
видѧщеи̇|відѧщеі
конець|конець
ѿвѣтоу|отвѣтоу
и̇|і
никтоже|ніктоже
молить|моліть
ѿ|от
нихь|ніхь
ни|ні
на|на
рѣчиѥ̇|рѣчіе
постигнеть|постігнеть
и̇хь|іхь
да|да
сѧ|сѧ
не|не
вьꙁратѧть|вьзратѧть
вьспѧть|вьспѧть
тѡгда|тогда
ры̇даѫ̇щеи̇|ръідаѫщеі
гл͠ѫть|гл҃ѫть
кьжꙿдо|кьждо
колико|коліко
врѣмѧ|врѣмѧ
погоубыхомь|погоубъіхомь
вь|вь
лѣности|лѣності
и̇|і
како|како
прѣльстьны̇|прѣльстьнъі
поустошꙿны̇|поустошнъі
мирь|мірь
како|како
ны|нъі
видѧще|відѧще
како|како
троужаⷣхомь|троужадхомь
сѧ|сѧ
вь|вь
тьщании̇|тьщаніі
и̇|і
не|не
потьщахомь|потьщахомь
сѧ|сѧ
нѫ|нѫ
с͠ты̇ѫ̇|с҃тъіѫ
книгы̇|кнігъі
слышѧщеи̇|слъішѧщеі
смы̇ꙗ̇хьмы̇|смъіꙗхьмъі
сѧ|сѧ
и̇|і
ꙁло|зло
дѣѫ̇ще|дѣѫще
чьтѫщимь|чьтѫщімь
ѧ̇|ѧ
тамо|тамо
б͠ь|б҃ь
гл͠аше|гл҃аше
скоꙃѣ|скозѣ
книгы̇|кнігъі
и̇|і
не|не
вьнимахомь|вьнімахомь
и̇|і
ꙁде|зде
мы̇|мъі
вьпиє̇мь|вьпіемь
и̇|і
ѡ̇нь|онь
ѿвращає̇ть|отвращаеть
лице|ліце
своє̇|свое
ѿ|от
наⷭ҇|нас
що|що
польꙁа|польза
вꙿсѣмь|всѣмь
намь|намь
где|где
ѡ̇ц͠ь|оц҃ь
рожеⷣи̇|рожеді
геⷣ|гед
мати|маті
болѣвши|болѣвші
где|где
чѧда|чѧда
геⷣ|гед
приꙗ̇ꙁни|пріꙗзні
где|где
б͠гатьство|б҃гатьство
где|где
и̇мѣниє̇|імѣніе
геⷣ|гед
кличи|клічі
и̇|і
пирове|пірове
геⷣ|гед
многы|многъі
и̇|і
беꙁьгодьны|безьгодьнъі
дроугь|дроугь
геⷣ|гед
родьства|родьства
и̇|і
ꙁнаниꙗ̇|знаніꙗ
геⷣ|гед
ц͠риє̇|ц҃ріе
и̇|і
кнѧꙁы̇|кнѧзъі
и̇|і
силꙿни|сілні
и̇|і
прѣмѫдри|прѣмѫдрі
и̇|і
како|како
ѿ|от
сихꙿ|сіх
вьсѣхь|вьсѣхь
и̇|і
ниє̇диного|ніедіного
вь|вь
оу̇спѣхь|оуспѣхь
и̇мѫще|імѫще
тѡгаⷣ|тогад
видѧще|відѧще
конечноє̇|конечное
ѿметание̇|отметаніе
ѿ|от
б͠а|б҃а
и̇|і
с͠ты̇хь|с҃тъіхь
и̇|і
ры̇даѫ̇ще|ръідаѫще
сь|сь
вьꙁдиханы̇є̇|вьздіханъіе
и̇|і
горькы̇ми|горькъімі
сльꙁами|сльзамі
гл͠ѧть|гл҃ѧть
сп͠сите|сп҃сіте
сѧ|сѧ
ст͠и|ст҃і
праведьници|праведьніці
ѿ|от
нихьже|ніхьже
мирь|мірь
раꙁлѫчихомь|разлѫчіхомь
сѧ|сѧ
сп͠асѣте|сп҃асѣте
сѧ|сѧ
приꙗ̇ꙁни|пріꙗзні
и̇|і
родьства|родьства
ѡц͠и|оц҃і
и̇|і
матери|матері
сн͠ове|сн҃ове
и̇|і
дьщерѧ|дьщерѧ
сп͠асѣте|сп҃асѣте
сѧ|сѧ
а̇плⷭ҇и|аплсі
и̇|і
пррⷪ҇ци|прроці
и̇|і
мⷱ҇нци|мчнці
гн͠и|гн҃і
сп͠сѣте|сп҃сѣте
сѧ|сѧ
чисти|чісті
чрьнориꙁьци|чрьнорізьці
сп͠си|сп҃сі
сѧ|сѧ
гжⷣе|гжде
б͠це|б҃це
ст͠аа̇|ст҃аа
мариє̇|маріе
ты̇|тъі
оу̇бо|оубо
много|много
сѧ|сѧ
троуди|троуді
мⷪ҇лѧщи|молѧщі
ѡ̇|о
наⷭ҇|нас
сн͠а|сн҃а
си|сі
да|да
сп͠сени|сп҃сені
бѫдемь|бѫдемь
сп͠си|сп҃сі
и̇|і
ты̇|тъі
чтⷭ҇ны̇|чтснъі
крⷭ҇те|крсте
животворⱑщи|жівотворѧщі
и̇же|іже
насади|насаді
г͠ь|г҃ь
и̇|і
ти|ті
врьховны̇|врьховнъі
є̇рⷭ҇лме|ерслме
мати|маті
пррⷪ҇комь|пррокомь
и̇|і
прьвенꙿцемь|прьвенцемь
и̇|і
ты̇|тъі
црⷭ҇тво|црство
нбⷭ҇ноє̇|нбсное
не|не
и̇мѣѫ̇|імѣѫ
конꙿца|конца
сп͠сѣте|сп҃сѣте
сѧ|сѧ
вьси|вьсі
сп͠сѣте|сп҃сѣте
сѧ|сѧ
оу̇же|оуже
бо|бо
не|не
и̇мами|імамі
видѣти|відѣті
вась|вась
вь|вь
мѫкѫ|мѫкѫ
бо|бо
грѧдемь|грѧдемь
не|не
и̇мѣѫщѧ|імѣѫщѧ
конꙿца|конца
ни|ні
покоꙗ̇|покоꙗ
и̇|і
а̇биє̇|абіе
пои̇дошѧ|поідошѧ
вь|вь
оу̇готѡваньноє̇|оуготованьное
комоужоⷣ|комоужод
мѣсто|мѣсто
и̇же|іже
оу̇готовашѧ|оуготовашѧ
себѣ|себѣ
не|не
покаа̇вьше|покаавьше
сѧ|сѧ
да|да
бышѧ|бъішѧ
сѧ|сѧ
и̇ꙁбавили|ізбавілі
ѿ|от
ꙩ̇гꙿн͠ѣ|огн҃ѣ
и̇|і
ѿ|от
тьгы|тьгъі
тѡѫ̇|тоѫ
да|да
сего|сего
ради|раді
мⷱ҇ѫть|мчѫть
сѧ|сѧ
вь|вь
вѣкы̇|вѣкъі
слышасте|слъішасте
ли|лі
братиє̇|братіе
ꙩ̇сѫжеⷣниє̇|осѫжедніе
то|то
слы̇шасте|слъішасте
ли|лі
что|что
прии̇мѧть|пріімѧть
нерадиви|нерадіві
и̇|і
лѣниви|лѣніві
слы̇шасте|слъішасте
ли|лі
ѡ̇|о
грьдѣмь|грьдѣмь
дн͠и|дн҃і
и̇|і
страшꙿнѣмь|страшнѣмь
чаⷭ҇|час
ѡ̇|о
семь|семь
чⷭ҇ѣ|чсѣ
братиꙗ̇|братіꙗ
помы̇слимь|помъіслімь
тьи̇|тьі
чаⷭ҇|час
е̇сть|есть
и̇же|іже
и̇скоусить|іскоусіть
вьсе|вьсе
житиѥ̇|жітіе
наше|наше
ѡ̇|о
семь|семь
ст͠ыѫ̇|ст҃ъіѫ
книгы̇|кнігъі
вьпиѫ̇ть|вьпіѫть
и̇|і
послоушьствоуть|послоушьствоуть
да|да
не|не
кто|кто
срамѣть|срамѣть
сѧ|сѧ
ѡ̇|о
тои̇|тоі
годинѣ|годінѣ
гл͠аше|гл҃аше
пррⷪ҇кь|пррокь
давы̇дь|давъідь
ꙗ̇ко|ꙗко
ты̇|тъі
вьꙁаⷣси|вьзадсі
комоужⷣо|комоуждо
по|по
дѣломь|дѣломь
є̇го|его
и̇|і
ѡ̇|о
тои̇|тоі
годинѣ|годінѣ
гл͠аше|гл҃аше
а̇плⷭ҇ь|аплсь
гл͠ѧ|гл҃ѧ
храните|храніте
сѧ|сѧ
како|како
ходите|ходіте
страшꙿно|страшно
бо|бо
є̇сть|есть
вьпасти|вьпасті
вь|вь
рѫцѣ|рѫцѣ
б͠оу|б҃оу
живоу|жівоу
и̇|і
ѡ̇|о
семь|семь
дн͠и|дн҃і
гл͠аше|гл҃аше
влкⷣа|влкда
хьⷭ҇|хьс
потьщите|потьщіте
сѧ|сѧ
влѣсти|влѣсті
тѣсны̇ми|тѣснъімі
враты̇|вратъі
сии̇|сіі
дн͠ь|дн҃ь
на|на
оу̇мѣ|оумѣ
и̇мѧще|імѧще
ст͠и|ст҃і
и̇|і
ѡ̇ставишѧ|оставішѧ
вьсе|вьсе
житиє̇|жітіе
и̇|і
домь|домь
и̇|і
бг͠атьство|бг҃атьство
и̇|і
рабы̇|рабъі
и̇|і
родь|родь
и̇|і
родителѧ|родітелѧ
чѧда|чѧда
и̇|і
веⷭ҇лие̇|весліе
банѫ|банѫ
и̇|і
ликованиꙗ̇|лікованіꙗ
и̇|і
рабы̇|рабъі
и̇|і
ѡ̇вьцѫ|овьцѫ
и̇|і
стада|стада
и̇|і
конѧ|конѧ
плища|пліща
и̇|і
свары̇|сваръі
и̇|і
сѫдове|сѫдове
и̇|і
вꙿсе|все
ꙩ̇ставльше|оставльше
и̇|і
бѣжашѧ|бѣжашѧ
вь|вь
поустинѫ|поустінѫ
и̇|і
горы̇|горъі
вь|вь
врьтьпы̇|врьтьпъі
и̇|і
пропасти|пропасті
ꙁемꙿны̇ѫ̇|земнъіѫ
а̇льчѧще|альчѧще
и̇|і
скрьбѧще|скрьбѧще
да|да
сѧ|сѧ
не|не
постидѧть|постідѧть
вь|вь
тьи̇|тьі
чаⷭ҇|час
не|не
мѫжиѥ̇|мѫжіе
е̇дини|едіні
нѫ|нѫ
и̇|і
жени|жені
тѣсны̇и̇|тѣснъіі
прискрьбны̇|пріскрьбнъі
пѫть|пѫть
вьꙁлюбльшє|вьзлюбльше
и̇|і
вьсхытишѧ|вьсхъітішѧ
цртⷭ҇во|цртсво
бж͠иѥ̇|бж҃іе
ѡ̇|о
хⷭ҇ѣ|хсѣ
і̇сⷭ҇ѣ|іссѣ
нѣсть|нѣсть
мѫжьскы|мѫжьскъі
поль|поль
ни|ні
женьскы̇|женьскъі
нѫ|нѫ
кьждо|кьждо
своѫ̇|своѫ
мѫꙁдѫ|мѫздѫ
приі̇моть|пріімоть
по|по
своє̇моу|своемоу
троудоу|троудоу
ꙗ̇коже|ꙗкоже
ѥⷭ҇|ес
писаньно|пісаньно
бл͠жени|бл҃жені
бьдри|бьдрі
вь|вь
мл͠итвахь|мл҃ітвахь
бл͠жени|бл҃жені
и|і
боудѧще|боудѧще
сѧ|сѧ
вь|вь
молитвахь|молітвахь
бл͠жени|бл҃жені
и̇скѫщеи̇|іскѫщеі
сп͠сениꙗ̇|сп҃сеніꙗ
на|на
вьсѫ|вьсѫ
дн͠и|дн҃і
дш͠амь|дш҃амь
свои̇мь|своімь
бл͠жени|бл҃жені
тлькѫщеи̇|тлькѫщеі
вь|вь
дꙿвери|двері
хвⷭ҇и|хвсі
вь|вь
трьпѣни|трьпѣні
свое̇мь|своемь
бⷧ҇жень|блжень
чл͠кь|чл҃кь
и̇же|іже
раꙁꙿврьжеть|разврьжеть
брѣмѧ|брѣмѧ
грѣхь|грѣхь
свои̇хь|своіхь
даже|даже
врѣмѧ|врѣмѧ
ѥⷭ҇|ес
бл͠жень|бл҃жень
чл͠вѣкь|чл҃вѣкь
и̇же|іже
коупоує̇ть|коупоуеть
милость|мілость
даже|даже
сѧ|сѧ
трьгь|трьгь
не|не
раꙁидеть|разідеть
бл͠жень|бл҃жень
рабь|рабь
тьи̇|тьі
ѥ̇гоже|егоже
пришедь|прішедь
г͠ь|г҃ь
ѡ̇брѧщеть|обрѧщеть
сице|сіце
творѧща|творѧща
бл͠жени|бл҃жені
є̇смы̇|есмъі
и̇|і
мы̇|мъі
братиє̇|братіе
а꙼ще|аще
не|не
стѧжимь|стѧжімь
си|сі
тлькѫще|тлькѫще
и̇|і
ѿврьꙁⱑть|отврьзѧть
намꙿ|нам
нельжень|нельжень
бо|бо
є̇сть|есть
рекы̇и̇|рекъіі
тꙿльцѣте|тльцѣте
и̇|і
ѿврьꙁѧтꙿ|отврьзѧт
сѧ|сѧ
вамь|вамь
ꙩ̇нь|онь
же|же
рече|рече
и̇же|іже
а̇ще|аще
грѧдеть|грѧдеть
кь|кь
мꙿнѣ|мнѣ
не|не
и̇мамꙿ|імам
и̇ꙁꙿгнати|ізгнаті
е̇го|его
вьнь|вьнь
тьи̇|тьі
створи|створі
ны̇|нъі
и|і
тѡго|того
є̇сть|есть
слаⷡ҇вꙿ|славв
вꙿ|в
вѣкы̇|вѣкъі
вѣкоⷨ҇|вѣком
а̇миⷩ҇|амін
СЛ(Ꙍ)ВꙌ|слово
СТ҇АГꙌ|стаго
ИꙌАНА|іоана
ꙀЛАТꙌꙊСТАГО|златооустаго
НА|на
Вꙿскрѣшениѥ̇|вскрѣшеніе
лаꙁарево|лазарево
блвⷭ҇и|блвсі
ѡ̇ч͠е|оч҃е
Придѣте|прідѣте
вьꙁлюнии̇|вьзлюніі
стрⷭ҇пци|стрспці
паче|паче
сѫ(щ͠е)|сѫщ҃е
говѣнꙿны̇|говѣннъі
хоⷭ҇любци|хослюбці
и̇|і
насладитⷷ҇|насладіте
сѧ|сѧ
днеⷭ҇|днес
неи̇ꙁреченꙿны̇ѧ̇|неізреченнъіѧ
радости|радості
се|се
бо|бо
вьсиꙗ̇|вьсіꙗ
вамꙿ|вам
прѣсвѣтлаа̇|прѣсвѣтлаа
деньница|деньніца
текѫщиꙗ̇|текѫщіꙗ
прѣдь|прѣдь
праведꙿнимь|праведнімь
слн͠цемь|слн҃цемь
и̇|і
варѣѫ̇щи|варѣѫщі
вьскрꙿсениѥ̇|вьскрсеніе
хвⷭ҇о|хвсо
и̇|і
наслажаⷣѫ̇щи|наслажадѫщі
вѣрныⷯ|вѣрнъіх
срцⷣа|срцда
и̇|і
сими|сімі
чюдесы̇|чоудесъі
вьꙁводѧщи|вьзводѧщі
на|на
прьвы̇|прьвъі
степень|степень
и̇|і
врьховны̇|врьховнъі
прѣчеⷭ҇тьнаа̇го|прѣчестьнааго
и̇|і
ст͠го|ст҃го
поста|поста
и̇|і
вѣнꙿчаваѫ̇щи|вѣнчаваѫщі
троужаⷣє̇миѫ̇|троужадеміѫ
вь|вь
подꙿвиꙃѣ|подвізѣ
дх͠овнѣмь|дх҃овнѣмь
и̇|і
вь|вь
прочихъ|прочіхъ
добрихь|добріхь
добрихь|добріхь
дѣтелехь|дѣтелехь
си|сі
бо|бо
радость|радость
ѥⷭ҇|ес
и|і
ѡ̇браꙁь|образь
и̇|і
прѣдитеча|прѣдітеча
вꙿсꙿкрьсениꙗ̇|вскрьсеніꙗ
хв͠а|хв҃а
се|се
ѥⷭ҇|ес
сꙿмр͠ти|смр҃ті
оу̇мр͠щениє̇|оумр҃щеніе
и̇|і
а̇дово|адово
попраниѥ̇|попраніе
и̇|і
адамово|адамово
ꙩ̇бновениѥ̇|обновеніе
и̇|і
ѥ̇у̇ꙁѣ|еузѣ
свобождениє̇|свобожденіе
и̇|і
сѣдѫщимь|сѣдѫщімь
вь|вь
а̇дѣ|адѣ
и̇|і
сѣни|сѣні
см͠рьтнѣи̇|см҃рьтнѣі
свѣтлоє̇|свѣтлое
ѡ̇блистаниє̇|облістаніе
сего|сего
бо|бо
лаꙁарѣ|лазарѣ
видѣвьше|відѣвьше
вьси|вьсі
сѫщи|сѫщі
вь|вь
а̇дѣ|адѣ
плѣньници|плѣньніці
вьпрашахѧ|вьпрашахѧ
гл͠ѧще|гл҃ѧще
когаⷣ|когад
посѣ(т͠и)ть|посѣт҃іть
нась|нась
г͠ь|г҃ь
б͠ь|б҃ь
ꙗ̇коже|ꙗкоже
прорече|прорече
дх͠омь|дх҃омь
ст͠ымь|ст҃ъімь
оу̇сты̇|оустъі
рабь|рабь
свои̇хь|своіхь
пррⷪ҇кь|пррокь
ꙗ̇коже|ꙗкоже
въсиꙗ̇|въсіꙗ
намь|намь
свⷮѣ|свтѣ
вь|вь
тьмѣ|тьмѣ
праведнымь|праведнъімь
и̇|і
пакы̇|пакъі
посѣтиль|посѣтіль
є̇сть|есть
наⷭ҇|нас
сьвише|сьвіше
вьстокь|вьстокь
просвѣтити|просвѣтіті
сѣдѧщѧѫ̇|сѣдѧщѧѫ
вь|вь
тꙿмѣ|тмѣ
и̇|і
вь|вь
сѣни|сѣні
сьм͠рꙿтнѣи̇|сьм҃ртнѣі
лаꙁарь|лазарь
же|же
реⷱ҇|реч
кь|кь
нимь|німь
се|се
оу̇же|оуже
приближи|прібліжі
сѧ|сѧ
врѣмѧ|врѣмѧ
вашего|вашего
и̇ꙁбавлениꙗ̇|ізбавленіꙗ
ꙋже|оуже
сьврьшишѧ|сьврьшішѧ
сѧ|сѧ
прореⷱ҇ниꙗ̇|проречніꙗ
ваша|ваша
ꙗ̇же|ꙗже
гл͠а|гл҃а
ꙋсты|оустъі
вашими|вашімі
ѡ̇|о
посѣщении|посѣщеніі
ѡ̇|о
вьскрѣшени|вьскрѣшені
нашемь|нашемь
а̇дь|адь
же|же
слы̇шавь|слъішавь
сицеваꙗ̇|сіцеваꙗ
сьтѧꙁаниꙗ̇|сьтѧзаніꙗ
ѿ|от
дрьжымыхь|дрьжъімъіхь
и̇мь|імь
ѿ|от
праведныхь|праведнъіхь
и|і
ѿ|от
страха|страха
ѡ̇цѣпѣнѣвь|оцѣпѣнѣвь
и̇|і
трепеташе|трепеташе
и|і
плачѣше|плачѣше
сꙿвоего|своего
ꙁапоустѣниꙗ̇|запоустѣніꙗ
и̇|і
реⷱ҇|реч
адь|адь
лаꙁаре|лазаре
грѧди|грѧді
вьнь|вьнь
ѿ|от
сѧдѣ|сѧдѣ
а̇ще|аще
приближыт|прібліжъіт
сѧ|сѧ
хⷭ҇ь|хсь
вьскрѣсить|вьскрѣсіть
тебе|тебе
и̇ꙁыди|ізъіді
ѧ̇дро|ѧдро
даже|даже
не|не
придеть|прідеть
е̇да|еда
и|і
прочѧѧ̇|прочѧѧ
мрьⷮвꙿцѧ|мрьтвцѧ
пои̇меть|поіметь
ѿ|от
мене|мене
и̇|і
с|с
тобоѧ|тобоѧ
вьскрѣсить|вьскрѣсіть
тѣмьже|тѣмьже
и̇|і
мы̇|мъі
вьꙁлюбени|вьзлюбені
потьщимь|потьщімь
сѧ|сѧ
спѣшьно|спѣшьно
ѡ̇чистивьше|очістівьше
си|сі
ꙁракь|зракь
мысльны̇|мъісльнъі
и̇|і
послꙗдовати|послꙗдоваті
по|по
хⷭ҇ѣ|хсѣ
бꙃ͠ѣ|бз҃ѣ
нашемь|нашемь
и̇|і
да|да
оу̇ꙁримь|оузрімь
чюдо|чоудо
творѧща|творѧща
прѣдивно|прѣдівно
и̇|і
въсѣка|въсѣка
оу̇жаса|оужаса
плъно|плъно
кто|кто
бо|бо
не|не
ди(в͠і̇)тꙿ|дів҃іт
сѧ|сѧ
ни|ні
ли|лі
оу̇жасає̇ть|оужасаеть
сѧ|сѧ
мр͠ьтꙿвьца|мр҃ьтвьца
видѧ|відѧ
и̇ꙁ|із
г[р]оба|гроба
вꙿстаѫ̇ща|встаѫща
нѫ|нѫ
се|се
вы̇ше|въіше
чюдесе|чоудесе
ѥ̇же|еже
не|не
вь|вь
просто|просто
мр͠твца|мр҃твца
нѫ|нѫ
и̇|і
вьсꙿмрьдѣвьша|вьсмрьдѣвьша
сѧ|сѧ
четверѣдн͠евень|четверѣдн҃евень
бо|бо
сы̇|съі
вь|вь
гробѣ|гробѣ
ѿ|от
того|того
бо|бо
раꙁоумѣшѫ|разоумѣшѫ
вьси|вьсі
ꙗ̇ко|ꙗко
сн͠ь|сн҃ь
бж͠ии̇|бж҃іі
б͠ь|б҃ь
ѥ̇сть|есть
ѡ̇бладаѫ̇|обладаѫ
живы̇мы|жівъімъі
и̇|і
мр͠твыми|мр҃твъімі
на|на
то|то
бо|бо
реⷱ҇|реч
придохь|прідохь
да|да
сп͠сѧ|сп҃сѧ
погы̇бьшаго|погъібьшаго
льстиѫ̇|льстіѫ
грѣховноѫ̇|грѣховноѫ
а̇дамова|адамова
сьстава|сьстава
ѥ̇гоже|егоже
вь|вь
тли|тлі
видѣвь|відѣвь
и̇|і
не|не
прѣꙁрѣ|прѣзрѣ
нѫ|нѫ
прѣклонь|прѣклонь
нбⷭ҇а|нбса
и̇|і
сьниде|сьніде
и̇|і
вьꙁѧть|вьзѧть
и̇|і
на|на
рамⷪ|рамо
своє̇|свое
бж͠ьствомь|бж҃ьствомь
си|сі
хотѧ|хотѧ
и̇сꙿцѣлити|ісцѣліті
оу̇ꙗ̇ꙁвенаа̇го|оуꙗзвенааго
грѣховьнымь|грѣховьнъімь
вькоусомь|вькоусомь
и̇|і
на|на
веселиє̇|веселіе
сьꙁыває̇ть|сьзъіваеть
нбⷭ҇ны̇ѫ̇|нбснъіѫ
силы̇|сілъі
гл͠ѧ|гл҃ѧ
раоуⷣи̇те|раоудіте
сѧ|сѧ
сь|сь
мꙿноѫ̇|мноѫ
ꙗ̇ко|ꙗко
ѡ̇брѣтохъ|обрѣтохъ
драгꙿмѫ|драгмѫ
погы̇бшѫѫ̇|погъібшѫѫ
ми|мі
прѣльстиѫ̇|прѣльстіѫ
грѣховꙿноѫ̇|грѣховноѫ
сирѣчь|сірѣчь
ѡ̇браꙁь|образь
црⷭ҇кы|црскъі
и̇|і
того|того
ради|раді
црк͠въ|црк҃въ
ѿврьꙁе|отврьзе
и̇|і
трапеꙁѧ|трапезѧ
оу̇строи̇|оустроі
и̇|і
ꙗ̇ко|ꙗко
тельца|тельца
оу̇питанꙿнаа̇го|оупітаннааго
на|на
ꙁаколениє̇|заколеніе
прѣдложи|прѣдложі
и̇|і
страшꙿны|страшнъі
пирь|пірь
небⷭ҇ны̇мь|небснъімь
и̇|і
ꙁемꙿны̇мь|земнъімь
ꙋстрои̇|оустроі
и̇|і
днⷭ҇е|днсе
вꙿ|в
виѳаниѫ̇|віѳаніѫ
пришедъ|прішедъ
и̇|і
четвередн͠евнаа̇го|четвередн҃евнааго
мрт͠вца|мрт҃вца
лаꙁарѣ|лазарѣ
дроуга|дроуга
своє̇го|своего
вьскрѣшає̇ть|вьскрѣшаеть
ꙗ̇коже|ꙗкоже
скⷶꙁає̇ть|сказаеть
ны̇|нъі
і̇ѡⷶ҇нь|іоань
ѥ̇уⷢ҇листь|еуглість
гл͠ѫ|гл҃ѫ
и̇|і
бѣ|бѣ
ѥ̇динь|едінь
болѧ|болѧ
лаꙁарь|лазарь
вь|вь
виѳании̇|віѳаніі
ѥ̇гоже|егоже
люблѣше|люблѣше
і̇сьⷭ҇|ісьс
ꙁане|зане
бѣшє|бѣше
мѫжь|мѫжь
правьдивь|правьдівь
и̇|і
ꙁаконохранитель|законохранітель
и̇сꙿпльнень|іспльнень
сы̇|съі
добрими|добрімі
дѣлы̇|дѣлъі
и̇|і
вѣроѫ̇|вѣроѫ
просвѧщень|просвѧщень
и̇|і
благодѣтиѫ̇|благодѣтіѫ
цьвьты̇|цьвьтъі
и̇|і
присно|прісно
ѡ̇|о
бꙃ͠ѣ|бз҃ѣ
веⷭ҇лѧ|веслѧ
сѧ|сѧ
и̇|і
сьблюдаѧ̇|сьблюдаѧ
ꙁаповѣди|заповѣді
є̇го|его
вь|вь
и̇стинѫ|істінѫ
бо|бо
достоꙗ̇шє|достоꙗше
любити|любіті
ꙗ̇коже|ꙗкоже
пррⷪ҇кь|пррокь
реⷱ҇|реч
неꙁлобиви|незлобіві
и̇|і
прави|праві
прилѣплахѧ|прілѣплахѧ
сѧ|сѧ
мнѣ|мнѣ
и̇|і
посластѣ|посластѣ
же|же
реⷱ҇|реч
сестрѣ|сестрѣ
є̇го|его
кь|кь
и̇свⷭ҇и|ісвсі
гл͠ѧще|гл҃ѧще
г͠и|г҃і
се|се
ѥ̇гоже|егоже
любиши|любіші
болить|боліть
бѣдѧщи|бѣдѧщі
ꙗ̇ко|ꙗко
любить|любіть
є̇го|его
и̇|і
а̇ще|аще
хощеть|хощеть
можетъ|можетъ
исцѣлити|ісцѣліті
ѥ̇го|его
и̇сьⷭ҇|ісьс
же|же
реⷱ҇|реч
си|сі
болѣꙁꙿнъ|болѣзнъ
нⷭ҇ѣ|нсѣ
кь|кь
смр͠ти|смр҃ті
нь|нь
ѡ̇|о
славѣ|славѣ
бж͠ии̇|бж҃іі
да|да
прославитꙿ|прославіт
сѧ|сѧ
сн͠ь|сн҃ь
бж͠ии̇|бж҃іі
є̇ѫ̇|еѫ
блиꙁь|блізь
бо|бо
бѣ|бѣ
врѣмѧ|врѣмѧ
распѧтию̇|распѧтію
є̇гѻ̇|его
тѣмьже|тѣмьже
чѫсто|чѫсто
ѡ̇|о
страсти|страсті
своѥ̇и̇|своеі
гл͠аше|гл҃аше
кь|кь
оу̇ченикомь|оученікомь
свои̇мь|своімь
и̇|і
гл͠аше|гл҃аше
ꙗ̇ко|ꙗко
подобає̇ть|подобаеть
сн͠оу|сн҃оу
чл͠вчьскомоу|чл҃вчьскомоу
распѧтоу|распѧтоу
бити|біті
ѿ|от
фарисеи̇|фарісеі
и̇|і
порѫгати|порѫгаті
сѧ|сѧ
є̇моу|емоу
и̇|і
ѡ̇пльваты|опльватъі
и̇|і
и̇|і
бивше|бівше
и̇|і
оу̇бышѧ|оубъішѧ
и̇|і
и̇|і
вь|вь
трети|треті
дн͠ъ|дн҃ъ
вьскрꙿснеть|вьскрснеть
прьвѣе̇|прьвѣе
и̇мь|імь
и̇ꙁвѣстоваа̇ше|ізвѣстовааше
стрⷭ҇ть|стрсть
своѫ̇|своѫ
хотѧщѫѭ̇|хотѧщѫѭ
бы̇ти|бъіті
и̇|і
смр͠ть|смр҃ть
поноснѫѫ̇|поноснѫѫ
сирѣчь|сірѣчь
крⷭ҇тьнѫѫ̇|крстьнѫѫ
и̇|і
вьск͠рсениє̇|вьск҃рсеніе
своє̇|свое
готовѧ|готовѧ
вьсѧ|вьсѧ
вь|вь
вѣрѫ|вѣрѫ
сими|сімі
словесы̇|словесъі
ѻ̇ни|оні
же|же
в|в
еⷭ҇бѣ|есбѣ
дивѧще|дівѧще
сѧ|сѧ
гл͠ахѫ|гл҃ахѫ
що|що
сѫть|сѫть
словеса|словеса
сии̇|сіі
кьто|кьто
и̇мать|імать
сего|сего
распѧти|распѧті
и̇ли|ілі
оу̇бити|оубіті
цр͠ѣ|цр҃ѣ
и̇|і
творьца|творьца
сѫща|сѫща
вьсеи̇|вьсеі
вьселенѣи̇|вьселенѣі
и̇|і
ꙗ̇ко|ꙗко
и|і
невѣрно|невѣрно
и̇мь|імь
бѣше|бѣше
и̇|і
того|того
ради|раді
се|се
чюдо|чоудо
и̇мь|імь
бⷭ҇ы̇|бсъі
лаꙁарево|лазарево
оу̇спениє̇|оуспеніе
и̇|і
прѣбⷭ҇ы|прѣбсъі
на|на
томь|томь
мѣстѣ|мѣстѣ
два|два
дн͠и|дн҃і
и̇|і
по|по
семь|семь
гл͠а|гл҃а
оу̇ченикомь|оученікомь
лаꙁарь|лазарь
дроугь|дроугь
нашь|нашь
оу̇спе|оуспе
нѫ|нѫ
и̇дѣмь|ідѣмь
кь|кь
немꙋ|немоу
ꙩ̇ни|оні
же|же
рѣшѧ|рѣшѧ
кь|кь
немоу|немоу
г͠и|г҃і
а̇ще|аще
оу̇спе|оуспе
тѡ|то
спⷭ҇еть|спсеть
сѧ|сѧ
реⷱ҇|реч
же|же
и̇мъ|імъ
и̇сⷭ҇ь|іссь
не|не
ѡ̇бинꙋѫ̇|обіноуѫ
сѧ|сѧ
лаꙁарь|лазарь
оу̇мрѣть|оумрѣть
и̇|і
раоуⷣѧ|раоудѧ
сѧ|сѧ
ѡ̇|о
ваⷭ҇|вас
ради|раді
да|да
вѣрѫ|вѣрѫ
и̇мете|імете
ꙗ̇ко|ꙗко
не|не
бѣхь|бѣхь
тоу|тоу
нѫ|нѫ
и̇дѣмь|ідѣмь
кь|кь
немоу|немоу
сирѣчь|сірѣчь
да|да
не|не
начꙿнѫть|начнѫть
непꙿщевати|непщеваті
и̇ю̇деи̇є̇|іюдеіе
ꙗ̇ко|ꙗко
привидѣниє̇мь|прівідѣніемь
е̇теромь|етеромь
оу̇мр͠твиѥ̇|оумр҃твіе
ѥ̇го|его
и̇|і
вьстави|вьставі
и̇|і
пакы̇|пакъі
и̇|і
того|того
ради|раді
потрьпѣ|потрьпѣ
до|до
въсмрьдѣниꙗ̇|въсмрьдѣніꙗ
є̇го|его
да|да
большими|большімі
прославить|прославіть
сѧ|сѧ
си̇мь|сімь
чюдомь|чоудомь
да|да
привлѣчетъ|прівлѣчетъ
оу̇ченикы|оученікъі
и̇|і
народы|народъі
вь|вь
вѣрѫ|вѣрѫ
а̇ще|аще
бо|бо
бѣ|бѣ
и̇лиꙗ̇|іліꙗ
вь|вь
саревьфѣ|саревьфѣ
вьставиль|вьставіль
вдовича|вдовіча
сн͠а|сн҃а
оу̇м͠рьша|оум҃рьша
нѫ|нѫ
не|не
вь|вь
гробѣ|гробѣ
положена|положена
такожⷣе|такожде
и̇|і
ѥ̇лисеи̇|елісеі
въ|въ
соуманътѣ|соуманътѣ
сн͠а|сн҃а
жены̇|женъі
є̇тери|етері
и̇|і
самь|самь
же|же
г͠ь|г҃ь
прѣжⷣе|прѣжде
сего|сего
дьшере|дьшере
архисинагоговѫ|архісінагоговѫ
вьскрѣсиль|вьскрѣсіль
нѫ|нѫ
такожⷣе|такожде
не|не
погребенѫ|погребенѫ
и̇|і
пакы̇|пакъі
грⱑдѫ|грѧдѫ
вь|вь
градь|градь
и̇нь|інь
и̇|і
срѣте|срѣте
носима|носіма
ю̇ношѧ|юношѧ
сн͠а|сн҃а
е̇диночѧда|едіночѧда
матⷷ҇р(е)и|матереі
своє̇и|своеі
и̇|і
реⷱ҇|реч
носⱑщимь|носѧщімь
ѡ̇дрь|одрь
станѣте|станѣте
и̇|і
ѥ̇мь|емь
ю̇ношѧ|юношѧ
ꙁа|за
рѫкѫ|рѫкѫ
и̇|і
реⷱ҇|реч
ю̇ноше|юноше
тебѣ|тебѣ
гл͠ѫ|гл҃ѫ
въстани|въстані
и̇|і
сѣде|сѣде
мр͠твы̇|мр҃твъі
и̇|і
въдасьⷮ҇|въдасьт
и̇|і
матри|матрі
свⷪ҇є̇и̇|своеі
и̇|і
славлѣхѫ|славлѣхѫ
б͠а|б҃а
гл͠ѧще|гл҃ѧще
ꙗ̇ко|ꙗко
николиже|ніколіже
такого|такого
видѣхомь|відѣхомь
и̇|і
се|се
же|же
бⷭ҇ы̇|бсъі
страшꙿнѣє̇|страшнѣе
и̇|і
оу̇жаснѣе̇|оужаснѣе
чюⷣ|чоуд
вьсѣхь|вьсѣхь
чюдеⷭ҇|чоудес
и̇|і
гл͠аше|гл҃аше
оученикомъ|оученікомъ
и̇дѣмꙿ|ідѣм
въ|въ
ю̇деѧ̇|юдеѧ
пакы̇|пакъі
и̇|і
гл͠ашѧ|гл҃ашѧ
оу̇ченици|оученіці
ѥ̇го|его
є̇моу|емоу
г͠и|г҃і
н͠нѣ|н҃нѣ
и̇скаахѫ|іскаахѫ
тебе|тебе
камениѥ̇мь|каменіемь
побити|побіті
и̇|і
пакы̇|пакъі
ли|лі
тамо|тамо
и̇деши|ідеші
и̇|і
гл͠а|гл҃а
и̇мь|імь
і̇с͠ь|іс҃ь
не|не
двѣ|двѣ
ли|лі
на|на
десѫте|десѫте
годинъ|годінъ
є̇сть|есть
вь|вь
д͠ни|д҃ні
и̇|і
а̇ще|аще
кто|кто
дн͠иѫ̇|дн҃іѫ
ходить|ходіть
и̇|і
не|не
потькнеть|потькнеть
сѧ|сѧ
ꙗ̇ко|ꙗко
свѣть|свѣть
мира|міра
сего|сего
виⷣть|відть
а̇ще|аще
ли|лі
кто|кто
ходить|ходіть
вь|вь
нощи|нощі
тѡ|то
потькнеть|потькнеть
сѧ|сѧ
ꙗ̇ко|ꙗко
тьма|тьма
є̇моу̇|емоу
ꙩ̇слѣпи|ослѣпі
ѡ̇чи|очі
сирѣчь|сірѣчь
невѣрьствиє̇|невѣрьствіе
понеже|понеже
реⷱ҇|реч
хьⷭ҇|хьс
а̇ꙁь|азь
є̇сьмь|есьмь
свѣть|свѣть
мирови|мірові
и̇|і
а̇ще|аще
ходить|ходіть
по|по
мнѣ|мнѣ
то|то
не|не
потькнеть|потькнеть
сѧ|сѧ
сирѣчь|сірѣчь
а̇ще|аще
кто|кто
слово|слово
моє̇|мое
сьблюдеть|сьблюдеть
сꙿмрти|смрті
не|не
и̇мать|імать
въкоусити|въкоусіті
вь|вь
вѣкы̇|вѣкъі
и̇|і
а̇ще|аще
ꙋмр͠еть|оумр҃еть
ѡ̇живеть|ожіветь
а̇ꙁь|азь
бо|бо
є̇смь|есмь
вьскрѣшениє̇|вьскрѣшеніе
и|і
животь|жівоть
и̇|і
и̇деже|ідеже
е̇смь|есмь
а̇ꙁь|азь
тоу|тоу
и̇|і
слꙋга|слоуга
мои̇|моі
ѥⷭ҇|ес
и̇|і
приде|пріде
въ|въ
виѳаниѫ̇|віѳаніѫ
и̇деже|ідеже
бѣ|бѣ
лаꙁарь|лазарь
оу̇мрѣль|оумрѣль
и̇|і
слы̇шавьши|слъішавьші
мариꙗ̇|маріꙗ
ꙗ̇ко|ꙗко
и̇сьⷭ҇|ісьс
грѧдеть|грѧдеть
и̇|і
срѣте|срѣте
и̇|і
паде|паде
и̇|і
поклони|поклоні
сѧ|сѧ
гл͠ѧщи|гл҃ѧщі
г͠и|г҃і
а̇ще|аще
бы̇|бъі
ꙁде|зде
бы̇ль|бъіль
не|не
би|бі
брать|брать
мои̇|моі
оу̇мрьлъ|оумрьлъ
ѡ̇баче|обаче
нинѣ|нінѣ
вѣроуѫ̇|вѣроуѫ
ꙗ̇ко|ꙗко
є̇же|еже
вьсьпросиши|вьсьпросіші
оу̇|оу
б͠а|б҃а
то|то
дасть|дасть
ти|ті
б͠ь|б҃ь
и̇|і
ѿвѣща|отвѣща
і̇сьⷭ҇|ісьс
вьскрнⷭ҇еть|вьскрнсеть
брать|брать
твои̇|твоі
ѡ̇на|она
же|же
реⷱ҇|реч
вѣрꙋѫ̇|вѣроуѫ
ꙗ̇ко|ꙗко
вьскр͠снеть|вьскр҃снеть
въ|въ
послѣдъни|послѣдъні
дн͠ь|дн҃ь
и̇|і
реⷱ҇|реч
і̇сьⷭ҇|ісьс
аꙁь|азь
є̇смь|есмь
вьскр͠сениє̇|вьскр҃сеніе
и̇|і
жиꙁнь|жізнь
и̇|і
[а]ще|аще
кто|кто
вѣроує̇ть|вѣроуеть
вь|вь
мѧ|мѧ
живь|жівь
бѫдеть|бѫдеть
вь|вь
вѣкы̇|вѣкъі
ꙩ̇на|она
же|же
текьши̇|текьші
вьꙁгл͠аси|вьзгл҃асі
сестрѫ|сестрѫ
своѫ̇|своѫ
мариѡ̇|маріо
та|та
рекьши|рекьші
ꙗ̇ко|ꙗко
г͠ь|г҃ь
грѧдеть|грѧдеть
и̇|і
вьставьши|вьставьші
и̇|і
стрѣте|стрѣте
и̇|і
скоро|скоро
и̇|і
гл͠а|гл҃а
и̇мь|імь
і̇с͠ь|іс҃ь
где|где
и̇|і
положисте|положісте
и̇|і
тои̇|тоі
же|же
творить|творіть
ꙗ̇ко|ꙗко
не|не
вѣды̇|вѣдъі
и̇|і
нѫ|нѫ
ꙗ̇влеи̇|ꙗвлеі
си|сі
ѡ̇браꙁь|образь
не|не
въꙁносити|възносіті
сѧ|сѧ
г͠и|г҃і
приди|пріді
и̇|і
вижьⷣ|віжьд
и̇|і
видѣ|відѣ
г͠ь|г҃ь
мариѫ̇|маріѫ
плачѫщѫѫ̇|плачѫщѫѫ
сѧ|сѧ
и̇|і
и̇ны̇|інъі
пришедъшѫѫ̇|прішедъшѫѫ
сь|сь
неѫ̇|неѫ
и̇|і
ю̇деѫ̇|юдеѫ
плачѫщѧѫ̇|плачѫщѧѫ
сѧ|сѧ
и̇|і
вьꙁмѫти|вьзмѫті
сѧ|сѧ
д͠хомь|д҃хомь
и̇|і
просльꙁы̇|просльзъі
сѧ|сѧ
и̇|і
тꙋ|тоу
покаꙁа|показа
г͠ь|г҃ь
чл͠вчьство|чл҃вчьство
и̇|і
жалость|жалость
соу[гоу]бь|соугоубь
бѣше|бѣше
є̇стьствомь|естьствомь
б͠ь|б҃ь
вькоупⷺ|вькоупѣ
и̇|і
чл͠кь|чл҃кь
и̇|і
мѣрѫ|мѣрѫ
даде|даде
сльꙁамь|сльзамь
не|не
лише|ліше
тѡго|того
плакати|плакаті
сѧ|сѧ
и̇|і
того|того
раⷣи|раді
просльꙁи|просльзі
сѧ|сѧ
да|да
сльꙁами|сльзамі
тѣми|тѣмі
ꙗ̇вить|ꙗвіть
желаниє̇|желаніе
чл͠ча|чл҃ча
сьстава|сьстава
и̇|і
ѡ̇братить|обратіть
срцⷣе|срцде
и̇хь|іхь
на|на
радость|радость
ꙗ̇коже|ꙗкоже
пррⷪ҇кь|пррокь
реⷱ҇|реч
словесемь|словесемь
гьⷣнимь|гьднімь
нб͠са|нб҃са
оу̇тврьдишѫ|оутврьдішѫ
сѧ|сѧ
и̇|і
д͠хомь|д҃хомь
оу̇сть|оусть
е̇го|его
вьса|вьса
сила|сіла
и̇хь|іхь
и̇|і
повелѣ|повелѣ
раꙁрѣшити|разрѣшіті
да|да
и̇|і
ѡ̇|о
семь|семь
пррⷪ҇чьство|пррочьство
сьбѫдеть|сьбѫдеть
сѧ|сѧ
поⷣбно|подбно
ꙗ̇ко|ꙗко
и̇|і
ѡ̇|о
самомь|самомь
ꙗ̇ко|ꙗко
не|не
ꙩ̇стави|оставі
дш͠ѧ|дш҃ѧ
є̇го|его
въ|въ
а̇дѣ|адѣ
ни|ні
даси|дасі
прѣподобномоу|прѣподобномоу
си|сі
видѣти|відѣті
и̇стлѣниꙗ̇|істлѣніꙗ
народь|народь
же|же
прѣстоѫ̇|прѣстоѫ
ꙩ̇крⷭ҇ть|окрсть
видѣвьше|відѣвьше
чюдо|чоудо
страшꙿно|страшно
и̇|і
оу̇жаса|оужаса
пльно|пльно
и̇|і
вьси|вьсі
є̇динѣми|едінѣмі
оу̇сты̇|оустъі
въꙁьпишѧ|възьпішѧ
вь|вь
и̇стинѫ|істінѫ
сн͠ь|сн҃ь
бж͠ии̇|бж҃іі
сьи̇|сьі
є̇сть|есть
и̇|і
вьси|вьсі
вь|вь
вѣрѫ|вѣрѫ
ꙩ̇братишѧ|обратішѧ
сѧ|сѧ
г͠оу|г҃оу
спⷭ҇оу|спсоу
нашемоу|нашемоу
і̇соуⷭ҇|ісоус
х͠оу|х҃оу
а꙼рꙿхиѥ̇реѥ̇|архіерее
же|же
ꙁависти|завісті
и̇спльнишѧ|іспльнішѧ
сѧ|сѧ
и̇|і
жестосрьдиє̇мь|жестосрьдіемь
и̇|і
гл͠ахѧ|гл҃ахѧ
що|що
сьтворимь|сьтворімь
ꙗ̇ко|ꙗко
мꙵ҇рь|мрь
сьи̇|сьі
оу̇же|оуже
весь|весь
по|по
немь|немь
и̇деть|ідеть
и̇|і
сьвѣщашѧ|сьвѣщашѧ
и̇|і
оу̇бити|оубіті
и̇|і
не|не
и̇с͠оуса|іс҃оуса
є̇[ди]ного|едіного
нѫ|нѫ
и|і
лаꙁарѣ|лазарѣ
ꙗ̇ко|ꙗко
моⷩ҇ꙃи|монзі
ѥ̇го|его
ради|раді
грѧдѣхѫ|грѧдѣхѫ
и̇|і
вѣровахѫ|вѣровахѫ
вь|вь
і̇саⷭ҇|ісас
такы̇|такъі
бо|бо
бѣше|бѣше
родь|родь
каменосрьдечьны̇|каменосрьдечьнъі
є̇гда|егда
бо|бо
доⷭ҇ꙗ̇ше|досꙗше
и̇мь|імь
видѫще|відѫще
чюдеса|чоудеса
дивнааꙿ|дівнаа
бы̇ваѥ̇ма|бъіваема
ѿ|от
него|него
хвалѫ|хвалѫ
и̇|і
чьсть|чьсть
вьꙁаⷣти|вьзадті
є̇моу|емоу
ꙗ̇ко|ꙗко
б͠оу|б҃оу
тѡгда|тогда
ꙩ̇ни|оні
ѡ̇|о
оу̇биствѣ|оубіствѣ
є̇го|его
сьвѣть|сьвѣть
творѣхѫ|творѣхѫ
нѫ|нѫ
посрамишѧ|посрамішѧ
ѫ̇|ѫ
своѫ̇|своѫ
дѣти|дѣті
вьпиѫ̇ще|вьпіѫще
сице|сіце
ѡ̇сана|осана
вь|вь
вы̇шꙿнихь|въішніхь
бл͠гословень|бл҃гословень
грѧди|грѧді
вь|вь
и̇мѧ|імѧ
г͠ьне|г҃ьне
б͠ь|б҃ь
г͠ь|г҃ь
ꙗ̇ви|ꙗві
сѧ|сѧ
намь|намь
и̇|і
вь|вь
оу̇трѣи̇|оутрѣі
бо|бо
д͠нь|д҃нь
грѧщоу|грѧщоу
є̇мⷹ|емоу
вь|вь
ѥ̇рлⷭ҇имь|ерлсімь
народь|народь
же|же
слышавꙿши|слъішавші
ѥ̇го|его
ꙗ̇ко|ꙗко
сътвори|сътворі
ꙁнамениѥ̇|знаменіе
се|се
и̇|і
и̇ꙃыдошѫ|ізъідошѫ
противѫ|протівѫ
є̇моу|емоу
вѣтьви|вѣтьві
дрьжѫще|дрьжѫще
и̇|і
вьпиѫ̇ще|вьпіѫще
бл͠гословень|бл҃гословень
грѧди|грѧді
вь|вь
и̇мѧ|імѧ
г͠не|г҃не
цр͠ь|цр҃ь
и̇ꙁⷭ҇левь|ізслевь
и̇|і
мы|мъі
братие|братіе
всѣкѫ|всѣкѫ
лѣность|лѣность
ѿврьгꙿше|отврьгше
и̇|і
житиꙗ̈|жітіꙗ
сего|сего
прѣльстиыѧ̇|прѣльстіъіѧ
вещи|вещі
еже|еже
ꙗ̇ко|ꙗко
и̇|і
сѣнь|сѣнь
мимоходѧть|мімоходѧть
и̇|і
поревноуемь|поревноуемь
сему|сему
праведныкоу|праведнъікоу
и̇|і
вьꙁлюбленомоу|вьзлюбленомоу
дрꙋгоу|дроугоу
бж͠ию|бж҃ію
лаꙁарю|лазарю
є̇гоже|егоже
нн͠ѣ|нн҃ѣ
памѧть|памѧть
свѣтло|свѣтло
радостиѫ̈|радостіѫ
просвѣшаеть|просвѣшаеть
весъ|весъ
мирь|мірь
вь|вь
истинѫ̈|істінѫ
бо|бо
реⷱ҇|реч
пр͠ркь|пр҃ркь
вь|вь
памѧть|памѧть
вѣчнѫѭ̈|вѣчнѫѭ
бѫдеть|бѫдеть
праведныкь|праведнъікь
присно|прісно
бо|бо
сѧ|сѧ
дш͠ѧ|дш҃ѧ
правы|правъі
и|і
дн͠и|дн҃і
и̇хь|іхь
вь|вь
рѫкоу|рѫкоу
бж͠ию|бж҃ію
и̇|і
не|не
коснетꙿ|коснет
сѧ|сѧ
и̇хь|іхь
мѫка|мѫка
понеже|понеже
добраꙗ̈|добраꙗ
дѣла|дѣла
прѣдьведошѧ̈|прѣдьведошѧ
ѧ̇|ѧ
и̇|і
дроугы|дроугъі
б͠оу|б҃оу
створишѧ|створішѧ
тако|тако
бо|бо
бѣ|бѣ
добрь|добрь
праведꙿникь|праведнікь
а̇враа̇мь|авраамь
и̇|і
дѣлы̇|дѣлъі
добрими|добрімі
прибиⷧ҇жи|прібілжі
сѧ|сѧ
кь|кь
б͠оу|б҃оу
и̇|і
дроугь|дроугь
бж͠ии̇|бж҃іі
нареⷱ҇|нареч
сѧ|сѧ
такожеⷣ|такожед
же|же
и̇ѡ̇вь|іовь
є̇моу̇же|емоуже
самь|самь
г͠ь|г҃ь
послꙋшьствоуѥ̇ть|послоушьствоуеть
гл͠ѧ|гл҃ѧ
не|не
бⷭ҇ы|бсъі
поⷣбень|подбень
є̇моу|емоу
ѿ|от
сѫщихь|сѫщіхь
на|на
ꙁеми|земі
чл͠вкь|чл҃вкь
непорочень|непорочень
и̇|і
и̇стинень|істінень
и̇|і
б͠гочьтець|б҃гочьтець
ѡ̇гребаѫ̇|огребаѫ
сѧ|сѧ
ѿ|от
въсѣкоѫ̇|въсѣкоѫ
вещи|вещі
тѣмь|тѣмь
братиꙗ̇|братіꙗ
моꙗ̇|моꙗ
поревноує̇мь|поревноуемь
ѥ̇мꙋ|емоу
и̇|і
тѣхь|тѣхь
ꙩ̇браꙁь|образь
на|на
сѧ|сѧ
вьсьпримѣмь|вьсьпрімѣмь
да|да
и̇|і
мы̇|мъі
б͠оу|б҃оу
дроуꙁи|дроузі
сьтворимь|сьтворімь
сѧ|сѧ
и̇|і
да|да
ѡ̇ставимь|оставімь
въсѣ|въсѣ
и̇|і
на|на
прѣдлежѫще|прѣдлежѫще
слово|слово
въꙁвратимь|възвратімь
сѧ|сѧ
и̇|і
лаꙁарево|лазарево
бл͠говѣрьство|бл҃говѣрьство
да|да
похвалимь|похвалімь
лаꙁарь|лазарь
бо|бо
сꙿи̇|сі
бⷭ҇ы|бсъі
чтⷭ҇оє̇|чтсое
вьмѣстилище|вьмѣстіліще
и̇|і
жилище|жіліще
прѣс͠томоу|прѣс҃томоу
бж͠ию̇|бж҃ію
д͠хоу|д҃хоу
лаꙁьрꙿ|лазьр
краснаꙗ̇|краснаꙗ
лѣторасъль|лѣторасъль
бж͠иꙗ̇|бж҃іꙗ
сада|сада
лаꙁарь|лазарь
срьдоточнаꙗ̇|срьдоточнаꙗ
капла|капла
бж͠иѫ̇|бж҃іѫ
прѣмѫдростиі̇|прѣмѫдростіі
лаꙁарь|лазарь
и̇сточникь|істочнікь
бл͠годѣти|бл҃годѣті
дх͠овны̇ѫ̇|дх҃овнъіѫ
лаꙁарь|лазарь
не|не
оу̇вѧдаѫ̇ши|оувѧдаѫші
цвѣть|цвѣть
раи̇скаа̇го|раіскааго
сада|сада
лаꙁарь|лазарь
неб͠опарьнии̇|неб҃опарьніі
ѡ̇рель|орель
вы̇шнѫѫ̇|въішнѫѫ
прѣмѫдрости|прѣмѫдрості
лаꙁарь|лазарь
нищолоубноє̇|ніщолоубное
скровище|скровіще
бж͠ии̇ꙗ̇|бж҃ііꙗ
приѫ̇тиꙗ̇|пріѫтіꙗ
лаꙁарь|лазарь
вꙿтори|вторі
прѣдитеча|прѣдітеча
сѣдѫщимь|сѣдѫщімь
вь|вь
тьмѣ|тьмѣ
и̇|і
сѣни|сѣні
сꙿмрьтнѣи̇|смрьтнѣі
лаꙁарь|лазарь
горькы|горькъі
а̇довѣ|адовѣ
силѣ|сілѣ
посрамьникь|посрамьнікь
лаꙁарь|лазарь
прьвопроѡ̇браꙁьникь|прьвопрообразьнікь
трид͠невьнаа̇го|трід҃невьнааго
вьстаниꙗ̇|вьстаніꙗ
х͠ва|х҃ва
лаꙁарь|лазарь
свѣтоꙁарьни|свѣтозарьні
а̇нг͠ломь|анг҃ломь
сьпричьстьникь|сьпрічьстьнікь
лаꙁарь|лазарь
горькы|горькъі
и̇ю̇деѡ̇мь|іюдеомь
и̇|і
ѡ̇бличитель|облічітель
є̇гоже|егоже
видѣвꙿше|відѣвше
народи|народі
четверѣдн͠евьнаа̇го|четверѣдн҃евьнааго
вьскрѣшена|вьскрѣшена
и̇ꙁь|ізь
мрьтвы̇хь|мрьтвъіхь
и̇|і
вѣровашѧ|вѣровашѧ
г͠и|г҃і
и̇|і
почⷭ҇ь|почсь
є̇моу|емоу
творѧще|творѧще
поⷣбнѫѫ̇|подбнѫѫ
ꙗ̇ко|ꙗко
и̇|і
творꙿцоу|творцоу
своє̇мꙋ|своемоу
ꙩ̇ви|ові
по|по
пѫтемь|пѫтемь
риꙁы̇|різъі
постилахѫ|постілахѫ
а̇|а
дроуꙁи|дроузі
ѿ|от
дрѣвь|дрѣвь
вѣтвиє̇|вѣтвіе
ломѫще|ломѫще
и̇|і
сь|сь
младеньци|младеньці
вьпиꙗ̇хѫ|вьпіꙗхѫ
бл͠гословень|бл҃гословень
грѧды|грѧдъі
а̇дама|адама
вьꙁдвигнѫти|вьздвігнѫті
ц͠рь|ц҃рь
и̇сл͠евь|ісл҃евь
мирь|мірь
на|на
ꙁеми|земі
слава|слава
вь|вь
вы̇шнихь|въішніхь
бл͠гословень|бл҃гословень
пришеды|прішедъі
ѡ̇бновити|обновіті
чл͠вѣча|чл҃вѣча
є̇стьства|естьства
и̇|і
спⷭ҇ти|спсті
погыбьшаа̇го|погъібьшааго
ѡ̇сана|осана
вь|вь
вы̇шьнихь|въішьніхь
славимомоу|славімомоу
вь|вь
трехь|трехь
сьставѣхь|сьставѣхь
коупно|коупно
сь|сь
ꙩ̇ц͠емь|оц҃емь
и̇|і
с͠ты̇мь|с҃тъімь
д͠хомь|д҃хомь
и̇|і
н͠нѣ|н҃нѣ
и̇|і
приснⷪ҇|прісно
и̇|і
вь|вь
вѣкы|вѣкъі
вѣкомь|вѣкомь
а̇минь|амінь
СЛ҇(Ꙍ)ВꙌ|слово
СТ҇ГꙌ|стго
ИꙌАН҇А|іоана
ꙀЛАТꙌꙊСТАГꙌ|златооустаго
В|в
НЕ(Д҇ЕЛ)Ѫ|неделѫ
цвѣтꙿнѫѫ̇|цвѣтнѫѫ
бл͠гослови|бл҃гослові
ѡ̇ч͠е|оч҃е
Днⷭ҇ь|днсь
сьꙁывает|сьзъівает
ны|нъі
братие̇|братіе
свѣтоꙁарныи|свѣтозарнъіі
а̇плⷭ҇ь|аплсь
на|на
радость|радость
д͠ховьнѫѫ̇|д҃ховьнѫѫ
велег͠ласьно|велег҃ласьно
въпиѫ̇|въпіѫ
и̇|і
г͠лѧ|г҃лѧ
раⷣоуи̇те|радоуіте
сѧ|сѧ
въпиѫ̇|въпіѫ
(о̇)|о
г͠и|г҃і
вьсегда|вьсегда
и̇|і
пакы|пакъі
рекѫ|рекѫ
раⷣоуи̇те|радоуіте
сѧ|сѧ
сꙿмотрение̇|смотреніе
се|се
бж͠иѥ̇|бж҃іе
вьсѣмь|вьсѣмь
чл͠комь|чл҃комь
раꙁоумно|разоумно
да|да
бѫдеть|бѫдеть
г͠ь|г҃ь
блиꙁь|блізь
да|да
ничимьже|нічімьже
и̇нѣмь|інѣмь
пецѣмꙿ|пецѣм
сѧ|сѧ
нѫ|нѫ
понавлѣѫ̇ще|понавлѣѫще
сѧ|сѧ
добры̇|добръі
дѣлесы̇|дѣлесъі
дн͠ь|дн҃ь
дн͠е|дн҃е
мѫжьскы̇|мѫжьскъі
прѣпоꙗ̇савьше|прѣпоꙗсавьше
чрѣсла|чрѣсла
своꙗ̇|своꙗ
вьꙁдрьжаниє̇мь|вьздрьжаніемь
ꙗ̇ко|ꙗко
и̇|і
неꙁлобивы̇ѫ̇|незлобівъіѫ
дѣти|дѣті
по|по
дх͠овны̇хь|дх҃овнъіхь
вещехь|вещехь
послѣдоуѫ̇ще|послѣдоуѫще
и̇|і
ѿ|от
чюдесь|чоудесь
кь|кь
большімь|большімь
чюдесемь|чоудесемь
тьщно|тьщно
подвигнѣмь|подвігнѣмь
сѧ|сѧ
въчера|въчера
бо|бо
г͠ь|г҃ь
нашь|нашь
і̇с͠ь|іс҃ь
хьⷭ҇|хьс
четвородневꙿнаа꙼го|четвородневнааго
лаꙁара|лазара
вскрѣси|вскрѣсі
и̇|і
благовѣрныхь|благовѣрнъіхь
чюдесь|чоудесь
дш͠ѫ|дш҃ѫ
нашѧ|нашѧ
вьꙁвеⷭ҇ли|вьзвеслі
а̇|а
ꙁловѣрьна|зловѣрьна
и̇|і
ꙁаконопрѣстѧпна|законопрѣстѧпна
сьбора|сьбора
жидовьска|жідовьска
ѡ̇бы̇чаѫ̇|объічаѫ
раꙁори|разорі
своими|своімі
дⷮ҇ѣльми|дтѣльмі
и̇|і
пррⷪ҇чьство|пррочьство
дввⷣо|дввдо
сьврьшаѫ̇|сьврьшаѫ
ꙗ̇коже|ꙗкоже
реⷱ҇|реч
и̇ꙁ|із
оусть|оусть
младенець|младенець
сьсѫщихь|сьсѫщіхь
сьврьшиль|сьврьшіль
є̇си|есі
хвалѫ|хвалѫ
врагь|врагь
твои̇хь|твоіхь
ради|раді
раꙁⷣроушиши|раздроушіші
врагы|врагъі
и̇|і
мьстьника|мьстьніка
сирѣчь|сірѣчь
диꙗ̇вола|діꙗвола
тьи̇|тьі
бо|бо
є̇сть|есть
чьсти|чьсті
нашеи̇|нашеі
врагь|врагь
и̇|і
приѡ̇брѣтьникь|пріобрѣтьнікь
пагꙋбѣ|пагоубѣ
и̇же|іже
пльти|пльті
мнѣ|мнѣ
вьсѧ|вьсѧ
прѣдолѣти|прѣдолѣті
тѡ|то
оу̇же|оуже
попрань|попрань
быⷭ҇|бъіс
и̇|і
смѣхоу|смѣхоу
ꙁримь|зрімь
є̇сть|есть
въꙁꙿвлѣкы|възвлѣкъі
на|на
сѧ|сѧ
г͠ь|г҃ь
б͠ь|б҃ь
нашь|нашь
смѣрениѥ̇мь|смѣреніемь
свои̇мь|своімь
и̇|і
много|много
лѫкавьнѫѫ̇|лѫкавьнѫѫ
главѫ|главѫ
сьтерь|сьтерь
и̇|і
корьсть|корьсть
и̇спрврьже|іспрврьже
и̇|і
горесть|горесть
же|же
гл͠ѧ|гл҃ѧ
дрьжимиѫ̇|дрьжіміѫ
дш͠ѫ|дш҃ѫ
въ|въ
а̇дѣ|адѣ
ꙁаклепы|заклепъі
четврѣдн͠евънаа̇го|четврѣдн҃евънааго
сѫща|сѫща
мрѣтьвьца|мрѣтьвьца
лаꙁарѣ|лазарѣ
вꙿсꙿкрѣси|вскрѣсі
ѥ̇ю̇де|еюде
же|же
раⷣстии̇ѫ̇|радстііѫ
и̇спльньше|іспльньше
сѫ|сѫ
бл͠гочеⷭ҇тьны̇ѧ̇|бл҃гочестьнъіѧ
дѣти|дѣті
сь|сь
ваи̇ѥ̇мь|ваіемь
прѣдитекѫще|прѣдітекѫще
е̇моу|емоу
вьпиꙗ̇хѫ|вьпіꙗхѫ
ѡ̇санꙿна|осанна
вь|вь
вы̇шꙿнихь|въішніхь
бл͠гослове|бл҃гослове
грѧди|грѧді
въ|въ
и̇мѧ|імѧ
гн͠е|гн҃е
цр͠ь|цр҃ь
и̇ꙁⷭ҇левь|ізслевь
и̇|і
потресѧ|потресѧ
весь|весь
градь|градь
гл͠ѧ|гл҃ѧ
кто|кто
сьи̇|сьі
ѥⷭ҇|ес
грѧдѧи̇|грѧдѧі
вь|вь
и̇мѧ|імѧ
гн͠е|гн҃е
и̇|і
ѿкѫдꙋ|откѫдоу
кто|кто
ли|лі
єⷭ҇|ес
цр͠ь|цр҃ь
и̇ꙁлⷭ҇евъ|ізлсевъ
тѡльма|тольма
бо|бо
бѣхѫ|бѣхѫ
ꙁавистиѫ̇|завістіѫ
ꙩ̇мрачении̇|омраченіі
ꙗ̇ко|ꙗко
по|по
въсѧ|въсѧ
д͠ни|д҃ні
чѫтѫще|чѫтѫще
вь|вь
ꙁаконѣ|законѣ
и̇|і
вь|вь
пррⷪ҇цѣхь|прроцѣхь
ѡ̇|о
пріходѣ|пріходѣ
є̇го|его
гл͠ѧще|гл҃ѧще
є̇же|еже
наⷭ҇|нас
дѣльма|дѣльма
сьдѣꙗ̇|сьдѣꙗ
и̇|і
видѧщⷷ҇|відѧще
е̇го|его
посрѣдѣ|посрѣдѣ
и̇хь|іхь
чюдеса|чоудеса
творѧщⷶ҇|творѧща
и̇|і
ти|ті
не|не
вѣровахѫ|вѣровахѫ
є̇моу|емоу
слѣпы̇ѫ̇|слѣпъіѫ
просвѣщаѫ̇ща|просвѣщаѫща
видѧще|відѧще
и̇|і
недъжны̇ѫ̇|недъжнъіѫ
цѣлаѫ̇ща|цѣлаѫща
и̇|і
мр͠твыѫ̇|мр҃твъіѫ
въскрѣшаѫ̇ща|въскрѣшаѫща
паче|паче
же|же
и̇|і
сего|сего
четврѣдн͠евьнаго|четврѣдн҃евьнаго
лаꙁара|лазара
видѧще|відѧще
вьставлена|вьставлена
и̇|і
гл͠ахѫ|гл҃ахѫ
кто|кто
сеи̇|сеі
є̇сьⷮ|есьт
и̇хьже|іхьже
своꙗ̇|своꙗ
и̇хь|іхь
чѧда|чѧда
ꙩ̇бличихѫ|облічіхѫ
бг͠оꙁрачꙿнами|бг҃озрачнамі
ѡ̇чима|очіма
ꙁрѧще|зрѧще
є̇го|его
ꙗ̇ко|ꙗко
на|на
хороу̇вимѣ|хороувімѣ
сѣдѧщⷶ҇|сѣдѧща
на|на
жрѣбѣти|жрѣбѣті
ѡ̇сли|ослі
и̇|і
въпиꙗ̇хѫ|въпіꙗхѫ
сь|сь
вѣи̇ѥ̇мь|вѣіемь
прѣдитекѫще|прѣдітекѫще
е̇моу|емоу
и̇|і
гл͠ѫще|гл҃ѫще
ѡ̇саньна|осаньна
вь|вь
вꙑ̇шнииⷯ҇|въішнііх
бл͠гословень|бл҃гословень
грѧдѧ|грѧдѧ
вь|вь
и̇мѧ|імѧ
г͠не|г҃не
б͠ь|б҃ь
г͠ь|г҃ь
ꙗ̇ви|ꙗві
сѧ|сѧ
намь|намь
мирь|мірь
на|на
ꙁеми|земі
и̇|і
слава|слава
вь|вь
вы̇шнии̇хь|въішнііхь
ꙩ̇ви|ові
же|же
ѿ|от
народа|народа
риꙁы̇|різъі
своѫ̇|своѫ
постилахѫ|постілахѫ
по|по
пѫтю̇|пѫтю
а̇|а
дрꙋꙃи|дроузі
ѿ|от
дрѣвь|дрѣвь
вѣтвиє̇|вѣтвіе
ломѫще|ломѫще
и̇|і
по|по
пѫтю|пѫтю
метахѫ|метахѫ
ѡ̇ви|ові
оу̇бо|оубо
ѿ|от
нихь|ніхь
гл͠ахѫ|гл҃ахѫ
ꙗ̇ко|ꙗко
пррⷪ҇кь|пррокь
приде|пріде
вь|вь
и̇мѧ|імѧ
гн͠е|гн҃е
а̇|а
дроуꙁи|дроузі
рѣшѧ|рѣшѧ
си|сі
ꙁнамениꙗ̇|знаменіꙗ
(не)сѧть|несѧть
пррⷪ҇чьскаа̇|пррочьскаа
нѫ|нѫ
б͠ь|б҃ь
ꙗ̇ви|ꙗві
сѧ|сѧ
въ|въ
чл͠вчи|чл҃вчі
ѡ̇браꙁѣ|образѣ
и̇|і
вьмѣсти|вьмѣсті
вь|вь
свое̇|свое
бж͠ьство|бж҃ьство
ꙗ̇(к͠о)же|ꙗк҃оже
реⷱ҇|реч
и̇саи̇ꙗ̇|ісаіꙗ
ѡ̇|о
немъ|немъ
се|се
дѣваа|дѣваа
въ|въ
чрѣвѣ|чрѣвѣ
приє̇млеть|пріемлеть
и̇|і
родить|родіть
сн͠ь|сн҃ь
и̇|і
наречеть|наречеть
сѧ|сѧ
и̇мѧ|імѧ
ѥ̇го|его
ѥ̇вьманоу̇и̇ль|евьманоуіль
є̇же|еже
ѥⷭ҇|ес
скаꙁаѥ̇мо|сказаемо
ꙗ̇ко|ꙗко
с|с
нами|намі
б͠ъ|б҃ъ
и̇|і
пакы̇|пакъі
тои̇жде|тоіжде
б͠ь|б҃ь
нашь|нашь
на|на
ꙁеми|земі
ꙗ̇ви|ꙗві
сѧ|сѧ
и̇|і
сь|сь
чл͠кы|чл҃къі
ꙗ̇ви|ꙗві
сѧ|сѧ
и̇|і
поживе|пожіве
тⷪи̇|тоі
ѥⷭ҇|ес
грѧⷣ|грѧд
вь|вь
и̇стинѫ|істінѫ
бл͠гослове|бл҃гослове
грѧды̇|грѧдъі
вь|вь
и̇мѫ|імѫ
гн͠е|гн҃е
ѡ̇санꙿна|осанна
сн͠оу|сн҃оу
дввⷣоу|дввдоу
и̇|і
пристѫпишѧ|прістѫпішѧ
кь|кь
немⷹ|немоу
а̇рꙿхи̇ѥ̇реи̇є̇|архіереіе
и̇|і
не|не
слы̇шиши|слъішіші
(ли)|лі
что|что
си|сі
гл͠ѧть|гл҃ѧть
нⷭ҇ѣ|нсѣ
ли|лі
ти|ті
тѧшꙿко|тѧшко
ꙗ̇ко|ꙗко
б͠оу|б҃оу
славимⷹ|славімоу
и̇ми|імі
ѡ̇нь|онь
же|же
реⷱ҇|реч
ѥ̇и̇|еі
слышѧ|слъішѧ
нѫ|нѫ
ѡ̇баче|обаче
а̇ше|аше
и̇|і
си|сі
оу̇мльчѫть|оумльчѫть
тѡ|то
камениє̇|каменіе
вьпити|вьпіті
и̇мать|імать
ѡ̇ви|ові
же|же
ꙁавистиѫ̇|завістіѫ
тѧшꙿко|тѧшко
а̇|а
ѡ̇дръжими|одръжімі
сѫще|сѫще
сьвѣть|сьвѣть
творѣхѫ|творѣхѫ
ѡ̇|о
оу̇бии̇ствѣ|оубііствѣ
е̇го|его
ꙗ̇ко|ꙗко
да|да
не|не
і̇с͠а|іс҃а
ѥ̇диного|едіного
оу̇биѫ̇ть|оубіѫть
нѫ|нѫ
и̇|і
лаꙁарѣ|лазарѣ
ꙁане|зане
е̇го|его
ради|раді
мноꙃи|мнозі
вѣровашѧ|вѣровашѧ
вь|вь
нь|нь
словословѧще|словословѧще
и̇|і
вьслѣдь|вьслѣдь
ѥ̇го|его
и̇дѫще|ідѫще
ѡ̇бьщѫѫ̇|обьщѫѫ
хвалѫ|хвалѫ
вьꙁдаѫ̇ще|вьздаѫще
е̇моу|емоу
сь|сь
младеньцы̇|младеньцъі
ꙗ̇ко|ꙗко
б͠оу|б҃оу
и̇|і
цр͠ю|цр҃ю
бесьмрꙿтноу|бесьмртноу
тѣмꙿже|тѣмже
и̇|і
мы̇|мъі
братие̇|братіе
стары̇ѫ̇|старъіѫ
ньрави|ньраві
сь|сь
ѡ̇бичѣи|обічѣі
ѿврьгꙿше|отврьгше
и̇|і
неꙁлобивихъ|незлобівіхъ
младенець|младенець
хвалѫ|хвалѫ
вьсприи̇мꙗмь|вьспріімꙗмь
и̇|і
сь|сь
пррⷪ҇комь|пррокомь
дв͠домь|дв҃домь
ѡ̇пьщѫѫ̇|опьщѫѫ
пⷭ҇ѣ|псѣ
вьꙁьпиемь|вьзьпіемь
рекѫще|рекѫще
блⷭ҇вень|блсвень
грѧди|грѧді
вь|вь
и̇мѧ|імѧ
гнⷣе|гнде
б͠ь|б҃ь
г͠ь|г҃ь
ꙗ̇ви|ꙗві
сѧ|сѧ
намь|намь
не|не
чл͠к|чл҃к
бо|бо
ни|ні
а̇нг͠ль|анг҃ль
прии̇де|прііде
сп͠сти|сп҃сті
наⷭ҇|нас
нѫ|нѫ
самь|самь
прⷺвѣчꙿныи|прѣвѣчнъіі
сн͠ь|сн҃ь
бж͠еи|бж҃еі
сы|съі
въ|въ
а̇дрѣхь|адрѣхь
ѡ̇чихь|очіхь
нераꙁдѣлно|нераздѣлно
при̇и̇де|прііде
кь|кь
намь|намь
и̇|і
пльⷮ|пльт
прие̇мь|пріемь
ѿ|от
дв͠ы|дв҃ъі
прѣчисты̇ѫ|прѣчістъіѫ
бе|бе
сѣмене|сѣмене
почиваѫ|почіваѫ
на|на
хероувимѣ|хероувімѣ
вы̇нѫ|въінѫ
ꙗ̇ко|ꙗко
на|на
прѣстолѣ|прѣстолѣ
ѡ̇гꙿннѣ|огннѣ
на|на
жрѣбѫти|жрѣбѫті
ѡ̇сли|ослі
ꙗ̇ꙁⷣить|ꙗздіть
и|і
ѿ|от
нечиⷭ҇оты|нечісотъі
скотскыѫ̇|скотскъіѫ
сп͠сти|сп҃сті
хотѧ|хотѧ
рода|рода
ꙁемнаго|земнаго
и̇|і
сьврьша̇ѫ̇|сьврьшаѫ
прореⷱ҇ниꙗ̇|проречніꙗ
пр͠рокь|пр҃рокь
и|і
си|сі
творить|творіть
рече|рече
бо|бо
ꙁахариемь|захаріемь
пррⷪ҇комь|пррокомь
раоуⷣи̇|раоуді
сѧ|сѧ
дьщи|дьщі
сиѡ̇нѣ|сіонѣ
проповѣдаи̇|проповѣдаі
дъщи|дъщі
е̇роусалимьла|ероусалімьла
се|се
бо|бо
цр͠ь|цр҃ь
твои̇|твоі
грѧдеть|грѧдеть
ти|ті
сѣдѧ|сѣдѧ
на|на
ꙗ̇ремꙿницѣ|ꙗремніцѣ
и̇|і
жрѣбѧти|жрѣбѧті
младѣ|младѣ
ѡ̇ле|оле
страшнаꙗ̇|страшнаꙗ
таи̇на|таіна
ѡ̇ле|оле
прѣдивꙿнѫѫ̇|прѣдівнѫѫ
вещи|вещі
цр͠ь|цр҃ь
цр͠емь|цр҃емь
и̇|і
г͠ь|г҃ь
господьствоуѫ̇щимь|господьствоуѫщімь
и̇|і
страшень|страшень
сы̇и̇|съіі
беспльтны̇мь|беспльтнъімь
силамь|сіламь
и̇|і
вьсѣмь|вьсѣмь
неиꙁꙿгл͠анень|неізгл҃анень
бж͠ьствомь|бж҃ьствомь
и̇|і
вь|вь
колико|коліко
смѣрениѥ̇|смѣреніе
и̇|і
кротость|кротость
вьниде|вьніде
и̇мѣѫ̇|імѣѫ
прѣстоль|прѣстоль
нерѫкотворень|нерѫкотворень
страшныи|страшнъіі
животныи|жівотнъіі
и|і
четвороꙁрачныи|четворозрачнъіі
и|і
.ѕ͠.|з҃
крилныи|крілнъіі
хероувимь|хероувімь
и|і
серафимь|серафімь
и̇|і
тѣхь|тѣхь
вынѫ|въінѫ
славимь|славімь
непрѣстанꙿно|непрѣстанно
прѣст͠ыми|прѣст҃ъімі
глаⷭ҇и|гласі
и̇|і
нꙿнѣ|ннѣ
ꙗ̇ко|ꙗко
прость|прость
чл͠кь|чл҃кь
на|на
жрѣбѧти|жрѣбѧті
ѡ̇сли|ослі
ꙗ̇ꙁиⷣть|ꙗзідть
по|по
что|что
понеже|понеже
чл͠кь|чл҃кь
и̇спаде|іспаде
цр͠скаго|цр҃скаго
сана|сана
и̇|і
приложи|пріложі
сѧ|сѧ
скотѣхь|скотѣхь
несмыслныхь|несмъіслнъіхь
и|і
оупоⷣби|оуподбі
сѧ|сѧ
и̇мь|імь
дѣлы|дѣлъі
скотскыми|скотскъімі
да|да
того|того
ради|раді
прии̇де|прііде
и̇|і
сьниде|сьніде
кь|кь
болѧщимь|болѧщімь
врачь|врачь
кь|кь
плѣнꙿникомь|плѣннікомь
свободителъ|свободітелъ
кь|кь
ѡ̇мраченꙿнымь|омраченнъімь
грѣхы|грѣхъі
просвѣтитель|просвѣтітель
и|і
сл͠нце|сл҃нце
праведное|праведное
николиже|ніколіже
не|не
ꙁаходѧи|заходѧі
и|і
кь|кь
мрⷮьвымь|мртьвъімь
животь|жівоть
вѣчныи|вѣчнъіі
и|і
пастырь|пастъірь
истинꙿныи̇|істіннъіі
мѫчитель|мѫчітель
оупасти|оупасті
хотѫи̇|хотѫі
ѡ̇братити|обратіті
не|не
иꙁ͠лꙗ|із҃лꙗ
тькмо|тькмо
нь|нь
и̇|і
всѫ|всѫ
чл͠вкы|чл҃вкъі
ꙁаблѫшѫѫ̇|заблѫшѫѫ
прѣжⷣе|прѣжде
прѣльстиѫ̇|прѣльстіѫ
и|і
тоⷢ҇|тог
ради|раді
пр͠рокь|пр҃рокь
дв͠дь|дв҃дь
проꙁрѧ|прозрѧ
и̇|і
реⷱ҇|реч
блвⷭ҇ень|блвсень
грѧди|грѧді
вь|вь
и̇мѧ|імѧ
гн͠е|гн҃е
и̇ꙁьꙗ̇сни|ізьꙗсні
же|же
оубо|оубо
намь|намь
иꙁрьци|ізрьці
ꙗ̇вѣ|ꙗвѣ
ѡ̇|о
пр͠роче|пр҃роче
кто|кто
сеи|сеі
єсть|есть
грѧди|грѧді
вь|вь
и̇мѧ|імѧ
гн͠е|гн҃е
и̇|і
ѿкѧдоу|откѧдоу
прьвыи|прьвъіі
оубо|оубо
страшень|страшень
и̇сходь|ісходь
его|его
ничимже|нічімже
неѡ̇бѧть|необѧть
и̇|і
неи̇ꙁреченень|неізреченень
и̇же|іже
с|с
небеⷭ҇|небес
слово|слово
сы|съі
беꙁначѧлно|безначѧлно
и̇|і
прѣвѣчно|прѣвѣчно
б͠ъ|б҃ъ
ѿ|от
б͠а|б҃а
и̇|і
свѣть|свѣть
ѿ|от
свѣта|свѣта
рекы|рекъі
ми|мі
древле|древле
ꙗ̇ко|ꙗко
ѿ|от
плода|плода
чрѣва|чрѣва
твоего|твоего
посажⷣѧ|посаждѧ
на|на
прѣстолѣ|прѣстолѣ
твоемь|твоемь
и̇|і
вьц͠рит|вьц҃ріт
сѧ|сѧ
и̇справить|ісправіть
и̇|і
ꙁастѫпить|застѫпіть
ѫ̇|ѫ
сѫдомь|сѫдомь
и̇|і
правдоѫ̇|правдоѫ
ѿселѣ|отселѣ
и̇|і
вь|вь
вѣкы|вѣкъі
ѡ̇|о
томꙿ|том
бо|бо
реⷱ҇|реч
и̇саи̇ꙗ̇|ісаіꙗ
и̇ꙁыдеть|ізъідеть
жеꙁль|жезль
и̇с|іс
корене|корене
есеѡ̇ва|есеова
и|і
цвѣть|цвѣть
ѿ|от
корене|корене
его|его
и̇ꙁыдеть|ізъідеть
тьи̇|тьі
єⷭ҇|ес
грѧди|грѧді
вь|вь
имѧ|імѧ
гн͠е|гн҃е
б͠ь|б҃ь
сьи|сьі
вь|вь
и̇мѧ|імѧ
б͠жие̇|б҃жіе
и|і
сн͠ь|сн҃ь
вь|вь
и̇мѧ̇|імѧ
ѡчⷮе|очте
блвⷭ҇ень|блвсень
грѧди|грѧді
вь|вь
имѧ|імѧ
гн͠е|гн҃е
б͠ь|б҃ь
на|на
ди(ꙗ̑)вола|діꙗвола
и|і
ц͠рь|ц҃рь
на|на
мѧчителѣ|мѧчітелѣ
и|і
раꙁдроушить|раздроушіть
врага|врага
и̇|і
мьстника|мьстніка
врага|врага
чьстиа̇|чьстіа
мьстника|мьстніка
пагоубѣ|пагоубѣ
вьиспрь|вьіспрь
а̇нг͠льскими|анг҃льскімі
силами|сіламі
хвалимь|хвалімь
и|і
ниꙁоу|нізоу
младенци|младенці
сь|сь
вѣи̇емь|вѣіемь
и̇|і
хвалениемь|хваленіемь
тѣмь|тѣмь
младенцемь|младенцемь
оупоⷣбим|оуподбім
сѧ|сѧ
и̇|і
мы|мъі
братие|братіе
и|і
вьсѣкѧ|вьсѣкѧ
ꙁлобѧ|злобѧ
ѿринѫще|отрінѫще
ѿ|от
еⷭ҇бе|есбе
неꙁлобиви|незлобіві
бо|бо
реⷱ҇|реч
и|і
прави|праві
прилѣпѣхѫ|прілѣпѣхѫ
сѧ|сѧ
мнѣ|мнѣ
приближим|прібліжім
сѧ|сѧ
добродѣтелми|добродѣтелмі
оубо|оубо
кь|кь
б͠оу|б҃оу
чистѧще|чістѧще
сѧ|сѧ
дн͠ь|дн҃ь
дн͠е|дн҃е
постомь|постомь
и|і
мл͠итвоѫ̇|мл҃ітвоѫ
пость|пость
бо|бо
дш͠ѫ|дш҃ѫ
и|і
тѣло|тѣло
ѡ̇чищаеть|очіщаеть
и̇|і
мл͠остиѫ|мл҃остіѫ
вьперивши|вьперівші
оумь|оумь
и̇|і
на|на
небо|небо
въꙁносить|възносіть
и|і
вышнимь|въішнімь
силамь|сіламь
ѡ̇бещника|обещніка
сьтварѣеть|сьтварѣеть
милостинѣ|мілостінѣ
и̇|і
пость|пость
добра|добра
помощника|помощніка
е̇ста|еста
на|на
противнаго|протівнаго
врага|врага
тѣмь|тѣмь
вьѡ̇рѫживше|вьорѫжівше
сѧ|сѧ
подвигꙿнѣм|подвігнѣм
сѧ|сѧ
оу̇бо|оубо
тьщно|тьщно
вь|вь
чиⷭ҇отѣ|чісотѣ
прѣпроводити|прѣпроводіті
постныѫ̇|постнъіѫ
дн͠и|дн҃і
а̇ще|аще
бо|бо
кто|кто
болѣꙁни|болѣзні
ради|раді
ѿпаде|отпаде
начѧтка|начѧтка
или|ілі
лѣностиѫ|лѣностіѫ
ѡ̇дрьжимь|одрьжімь
и|і
сластолюбиемь|сластолюбіемь
ѡ̇слабѣвши|ослабѣвші
не|не
вьсхотѣ|вьсхотѣ
вьнити|вьніті
вь|вь
чиⷭ҇оє|чісое
пощениѥ̇|пощеніе
нѫ|нѫ
чрѣвнымь|чрѣвнъімь
ласкрьдиѥ̇мь|ласкрьдіемь
въдавь|въдавь
себе|себе
и̇|і
ѡ̇слабѣ|ослабѣ
то|то
понѣ|понѣ
н͠нѣ|н҃нѣ
крѣпⷪ҇стиѫ̇|крѣпостіѫ
подвигь|подвігь
свои̇|своі
ꙗ̇вии̇|ꙗвіі
тьщно|тьщно
млⷭ҇ѧ|млсѧ
и̇|і
оу̇подобити|оуподобіті
сѧ|сѧ
вь|вь
є̇дины̇|едінъі
на|на
десѧте|десѧте
чаⷭ҇|час
наѫ̇ты̇|наѫтъі
мѧ|мѧ
вь|вь
выноградъ|въіноградъ
дѣлателѣ|дѣлателѣ
и̇|і
да|да
примемь|прімемь
сь|сь
прьвими|прьвімі
мѫꙁдѫ|мѫздѫ
и̇|і
страстемь|страстемь
хоⷭ҇вѣмь|хосвѣмь
поклонимь|поклонімь
сѧ|сѧ
и̇|і
доⷭ҇и̇ни|досіні
да|да
бѫдемь|бѫдемь
тѣмь|тѣмь
не|не
ѡ̇слабѣє̇мь|ослабѣемь
братиѥ̇|братіе
нѫ|нѫ
ськроушивьшє|ськроушівьше
срцⷣа|срцда
сь|сь
оу̇милениѥ̇мь|оуміленіемь
и̇|і
припадѣмь|пріпадѣмь
кь|кь
млрⷭ҇дию̇|млрсдію
бж͠ию̇|бж҃ію
ѥⷭ҇|ес
бо|бо
благь|благь
и̇|і
дльготрьпѣливъ|дльготрьпѣлівъ
и̇|і
крѣпⷪ҇кь|крѣпокь
и̇|і
каѫ̇и̇|каѫі
сѧ|сѧ
ѡ̇|о
ꙁлобахь|злобахь
нашихь|нашіхь
и̇|і
не|не
хощеть|хощеть
сьмрꙿти|сьмрті
грѣшꙿникомь|грѣшнікомь
нѫ|нѫ
на|на
сп͠асениѥ̇|сп҃асеніе
желає̇ть|желаеть
не|не
хощеть|хощеть
бо|бо
да|да
кто|кто
ѿ|от
наⷭ҇|нас
погы̇бнеть|погъібнеть
нѫ|нѫ
да|да
вꙿси|всі
покаа̇ниє̇мь|покааніемь
ѻ̇чⷭ҇тивьше|очстівьше
сѧ|сѧ
и̇|і
кь|кь
немоу|немоу
пакы̇|пакъі
вьꙁꙿвратимꙿ|вьзвратім
сѧ|сѧ
не|не
поносить|поносіть
и̇стиньнымь|істіньнъімь
постьникомь|постьнікомь
и̇|і
ѡ̇|о
прьвии̇хь|прьвііхь
грѣсѣхь|грѣсѣхь
нѫ|нѫ
сласно|сласно
приє̇млеть|пріемлеть
подвигьшихь|подвігьшіхь
сѧ|сѧ
блиꙁь|блізь
бо|бо
ѥⷭ҇|ес
сꙿкроушены̇хь|скроушенъіхь
срⷣцемь|срдцемь
и̇|і
рѫцѣ|рѫцѣ
прострьтѣ|прострьтѣ
дрьжавьнѣ|дрьжавьнѣ
и̇|і
ѡ̇бьхѫпаѫ̇|обьхѫпаѫ
и̇стиньнѫѫ̇|істіньнѫѫ
постьникы̇|постьнікъі
є̇го|его
и̇|і
въсѣхь|въсѣхь
люблѧ|люблѧ
и̇|і
подвижьникы̇|подвіжьнікъі
прьвы̇ѫ̇|прьвъіѫ
вꙿторыхь|вторъіхь
и̇|і
послѣдн͠ихь|послѣдн҃іхь
и̇|і
ꙁамоудѣвꙿшѫѫ̇|замоудѣвшѫѫ
ждеть|ждеть
подвига|подвіга
породъна|породъна
и̇|і
вьсхожⷣениꙗ̇|вьсхожденіꙗ
нашего|нашего
ждетъ|ждетъ
тѣмже|тѣмже
чѧда|чѧда
вьꙁлюбенаа̇|вьзлюбенаа
сице|сіце
ѥ̇гово|егово
чл͠колюбиѥ̇|чл҃колюбіе
видѣвꙿше|відѣвше
доколѣ|доколѣ
вь|вь
лѣности|лѣності
прѣбы̇ває̇те|прѣбъіваете
слышѧще|слъішѧще
ꙗ̇ко|ꙗко
оу̇бо|оубо
о̇бомарини|обомаріні
само|само
хотиѫ̇̇|хотіѫ
и̇|і
лишаѥ̇те|лішаете
сѧ|сѧ
млтⷭ҇и|млтсі
б͠жиѫ̇|б҃жіѫ
нѫ|нѫ
понѣ|понѣ
ѿселѣ|отселѣ
въспрѣнѣте|въспрѣнѣте
понѣ|понѣ
ѿселѣ|отселѣ
оу̇бои̇те|оубоіте
сѧ|сѧ
и̇|і
оу̇боудѣте|оубоудѣте
сѧ|сѧ
кь|кь
ꙁꙗповѣдемь|зꙗповѣдемь
б͠жиꙗ̇мь|б҃жіꙗмь
и̇|і
вѣроѫ̇|вѣроѫ
оу̇крашь|оукрашь
сѧ|сѧ
добропоⷧ҇диє̇мь|доброполдіемь
и|і
вѣтвиє̇|вѣтвіе
пріє̇мьше|пріемьше
на|на
срѣтени|срѣтені
ѥ̇моу|емоу
тецѣмь|тецѣмь
и̇|і
є̇диноглаⷭ҇но|едіногласно
хвалѫ|хвалѫ
є̇моу|емоу
вьꙁдаѫ̇щє|вьздаѫще
бл͠гословень|бл҃гословень
грѧⷣи̇|грѧді
вь|вь
и̇мѧ|імѧ
гн͠е|гн҃е
б͠ь|б҃ь
г͠ь|г҃ь
ꙗ̇ви|ꙗві
сѧ|сѧ
намь|намь
и̇|і
пакы̇|пакъі
хотѧ|хотѧ
прити|пріті
въ|въ
славѣ|славѣ
бж͠ьства|бж҃ьства
своє̇го|своего
сѫдити|сѫдіті
живы̇|жівъі
мрт͠вымь|мрт҃въімь
бл͠гословень|бл҃гословень
грѧди|грѧді
вь|вь
и̇мⱑ|імѧ
гн͠е|гн҃е
славимь|славімь
присно|прісно
сь|сь
ꙩ̇ц͠емь|оц҃емь
и̇|і
съ|съ
с͠ты̇мь|с҃тъімь
д͠хомь|д҃хомь
вь|вь
вѣкы|вѣкъі
вѣкомь|вѣкомь
а̇минь|амінь
СЛ(Ꙍ)ВꙌ|слово
СТАГ҇Ꙍ|стаго
ИꙌАН҇А|іоана
ꙀЛАТꙌꙊСТАГꙌ|златооустаго
В|в
СРѢ(ДѢ)|срѣдѣ
великѫ|велікѫ
недѣлѫ|недѣлѫ
ꙩ̇|о
блѫдьниⷰ҇|блѫдьніц
бл͠ви|бл҃ві
ꙩ̇ч͠е|оч҃е
Многомь|многомь
ст͠ымь|ст҃ъімь
сѫщемь|сѫщемь
бж͠иє̇мь|бж҃іемь
доⷭ҇и̇но|досіно
хвалѧщемь|хвалѧщемь
ѿнѫдь|отнѫдь
прѣчистаа̇го|прѣчістааго
влкⷣѫ|влкдѫ
и̇|і
споⷣбиⷯ|сподбіх
сѧ|сѧ
а̇ꙁь|азь
недостои̇ны̇|недостоінъі
славославити|славославіті
вь|вь
бл͠годѣти|бл҃годѣті
и̇|і
вь|вь
вѣрѣ|вѣрѣ
не|не
створить|створіть
бо|бо
нигеⷣже|нігедже
ѿврьжена|отврьжена
быти|бъіті
бл͠годѣти|бл҃годѣті
ниє̇|ніе
ниє̇диногоже|ніедіногоже
ѿ|от
чл͠кь|чл҃кь
хотѧщихь|хотѧщіхь
сп͠сти|сп҃сті
сѧ|сѧ
ꙗ̇коже|ꙗкоже
бо|бо
и̇сточꙿникь|істочнікь
точѧщии̇|точѧщіі
непрѣстанꙿно|непрѣстанно
воды|водъі
чисты̇|чістъі
и̇|і
многа|многа
пива|піва
николиже|ніколіже
не|не
вьꙁꙿбранѣє̇ть|вьзбранѣеть
хотѧщоу|хотѧщоу
бг͠атно|бг҃атно
вьсѧ|вьсѧ
приє̇мати|пріематі
ѿ|от
чтⷭ҇ы̇хь|чтсъіхь
водъ|водъ
дара|дара
тако|тако
и̇|і
б͠жиꙗ̇|б҃жіꙗ
бл͠годѣть|бл҃годѣть
простръта|простръта
е̇сть|есть
вьсѣмь|вьсѣмь
на|на
вьсприє̇̇маниє̇|вьспріеманіе
комоу̇ждо|комоуждо
а̇ще|аще
хощеть|хощеть
ꙗ̇коже|ꙗкоже
бо|бо
сп͠сьвь|сп҃сьвь
ѥ̇уⷢ҇лист͠ѣмь|еугліст҃ѣмь
глаⷭ҇мь|гласмь
приꙁыває̇ть|прізъіваеть
вьсѧ|вьсѧ
не|не
ѿлѫчаѫ̇|отлѫчаѫ
вы̇|въі
сьньмища|сьньміща
бг͠ата|бг҃ата
нь|нь
г͠лѫⷮ|г҃лѫт
и̇же|іже
жѫждеть|жѫждеть
тѡ|то
да|да
придеть|прідеть
кь|кь
мнѣ|мнѣ
и̇|і
да|да
пиє̇ть|піеть
се|се
бо|бо
и̇|і
а̇ꙁь|азь
недоⷭ҇ѥ̇нь|недосень
сы̇и̇|съіі
быхь|бъіхь
причѧстьникь|прічѧстьнікь
того|того
бл͠годѣтии̇|бл҃годѣтіі
вьсьхвалити|вьсьхваліті
и̇|і
вьꙁлюбихь|вьзлюбіхь
непрѣстаньно|непрѣстаньно
сь|сь
сльꙁами|сльзамі
да|да
негли|неглі
прии̇мѧу|пріімѧу
и̇|і
а̇ꙁь|азь
грѣхомь|грѣхомь
ѡ̇ставлениє̇|оставленіе
ꙗ̇коже|ꙗкоже
и̇же|іже
нⷶ|на
ѻ̇на|она
грѣшница|грѣшніца
хотѫщиꙗ̇|хотѫщіꙗ
ѿнѫдь|отнѫдь
теплоѫ̇|теплоѫ
д͠шеѫ̇|д҃шеѫ
си|сі
добрѧѫ̇|добрѧѫ
ꙩ̇нѫ|онѫ
и̇|і
чтⷭ҇ѫѫ̇|чтсѫѫ
свѣсть|свѣсть
вь|вь
себѣ|себѣ
съдѣꙗ̇вши|съдѣꙗвші
придѣте|прідѣте
оу̇бо|оубо
и̇|і
послоушате|послоушате
хоⷭ҇любци|хослюбці
и̇|і
съврьшени|съврьшені
насы̇тите|насъітіте
сѧ|сѧ
добраа̇го|добрааго
и̇сповѣданиꙗ̇|ісповѣданіꙗ
великыѫ̇|велікъіѫ
ꙩ̇нѫ|онѫ
и̇|і
дивныѫ̇|дівнъіѫ
жены̇|женъі
ꙁовѫщѧѫ̇|зовѫщѧѫ
чисⷮ҇ѣє̇|чістѣе
кь|кь
б͠оу|б҃оу
лѣпо|лѣпо
є̇сть|есть
и̇|і
добро|добро
похвалити|похваліті
тоѫ̇|тоѫ
поꙁорище|позоріще
и̇же|іже
жена|жена
сьстави|сьставі
а꙼нг͠ломь|анг҃ломь
и̇|і
чл͠комꙿ|чл҃ком
и̇|і
како|како
вьниде|вьніде
проꙗ̇въстьвнѣ|проꙗвъстьвнѣ
не|не
оу̇боꙗ̇вьши|оубоꙗвьші
сѧ|сѧ
ѿнѫдь|отнѫдь
и̇|і
какоже|какоже
и̇|і
приближи|прібліжі
сѧ|сѧ
влцⷣѣ|влцдѣ
томоу|томоу
въꙁлⷷ҇жѫщоу|възлежѫщоу
и̇|і
всѣ|всѣ
є̇моу|емоу
беꙁьглаⷭ҇на|безьгласна
и̇ꙁвѣщениꙗ̇|ізвѣщеніꙗ
прѣдложивьши|прѣдложівьші
и̇|і
виⷣши|відші
ли|лі
тьщивѫѫ̇|тьщівѫѫ
д͠ше|д҃ше
приготѡвлениє̇|пріготовленіе
и̇|і
како|како
ѡ̇гради|ограді
своє̇|свое
си|сі
нечаꙗ̇ниє̇|нечаꙗніе
доблестьвнаа|доблестьвнаа
не|не
оу̇страши|оустраші
сѧ|сѧ
ни|ні
прѣстоѫ̇щихь|прѣстоѫщіхь
лютаа꙼гⷪ҇|лютааго
ꙁапрѣщениꙗ̇|запрѣщеніꙗ
и̇|і
се|се
помы̇шлѣѫ̇щи|помъішлѣѫщі
ꙗ̇ко|ꙗко
а̇ще|аще
жесточѣє̇|жесточѣе
вьсе|вьсе
лице|ліце
си|сі
ствⷪрѫ|створѫ
желѣꙁа|желѣза
и̇|і
мѣди|мѣді
то|то
и̇|і
тако|тако
спс͠ти|спс҃ті
сѧ|сѧ
не|не
вьꙁмогѫ|вьзмогѫ
ни|ні
ѡ̇чистити|очістіті
сѧ|сѧ
ѿ|от
гноусны̇ѫ̇|гноуснъіѫ
чѧсти|чѧсті
моє̇го|моего
блѫда|блѫда
нь|нь
прѣꙁрѫ|прѣзрѫ
а̇биѥ̇|абіе
ꙁаплꙋваниѥ̇|заплоуваніе
и̇|і
стоуда|стоуда
и|і
вь|вь
нищо|ніщо
же|же
и̇мѧще|імѧще
биение|біеніе
слоугы|слоугъі
никоеже|нікоеже
врѣмѧ|врѣмѧ
хоужде|хоужде
ѥ̇сть|есть
добраго|добраго
вьꙁдрьжаниꙗ̇|вьздрьжаніꙗ
ꙁа|за
ѡ̇но|оно
моє̇|мое
бестоудиѥ̇|бестоудіе
тогда|тогда
бестоудно|бестоудно
вь|вь
притворѣ|прітворѣ
стоѫ̇ще|стоѫще
и̇|і
вьсѧ|вьсѧ
приꙁывахь|прізъівахь
на|на
дѣло|дѣло
грѣховꙿно(ѥ)|грѣховное
оу̇крашеньмы|оукрашеньмъі
и̇|і
оу̇творены̇ми|оутворенъімі
бесѣдами|бесѣдамі
и̇|і
красны̇ми|краснъімі
кь|кь
всѣмь|всѣмь
ꙗ̇ко|ꙗко
въсѣкого|въсѣкого
ю̇нꙿа|юна
цьвтꙋща|цьвтоуща
и̇|і
красна|красна
привлѣ(к͠ѫ)щи|прівлѣк҃ѫщі
кь|кь
себѣ|себѣ
и̇мѣти|імѣті
и̇|і
нареⷱ҇ниє̇|наречніе
сѣть|сѣть
бо|бо
диꙗ̇волѣ|діꙗволѣ
бы̇хь|бъіхь
ѿнѫдъ|отнѫдъ
оу̇лѣвлѣѫ̇щи|оулѣвлѣѫщі
вь|вь
сѫдь|сѫдь
вѣичны̇|вѣічнъі
чл͠вкы̇|чл҃вкъі
кь|кь
н͠нѣ|н҃нѣ
потъщимь|потъщімь
сѧ|сѧ
и̇ꙁволенѣ|ізволенѣ
є̇сть|есть
и̇|і
скоро|скоро
и̇ꙁьврачевати|ізьврачеваті
сѧ|сѧ
и̇|і
добраа꙼|добраа
сьдѣꙗ̇ти|сьдѣꙗті
вь|вь
ꙁлыхь|злъіхь
мѣсто|мѣсто
ꙩ̇нѣхь|онѣхь
тѡ|то
оу̇же|оуже
пришⷷдши|прішедші
и̇|і
припадѭ|пріпадѭ
кь|кь
великомоу|велікомоу
врачеви|врачеві
прие̇млѫщомꙋ|пріемлѫщомоу
вьсѧ|вьсѧ
а̇|а
не|не
ѿ|от
рѣѫ̇щоу|рѣѫщоу
и̇|і
рекѫ|рекѫ
е̇моу|емоу
всѣ|всѣ
е̇лико|еліко
ѡ̇скврьнихь|оскврьніхь
мои̇мь|моімь
тѣломь|тѣломь
пⷪ҇|по
вьсѫ|вьсѫ
дн͠и|дн҃і
сама|сама
блѫдомь|блѫдомь
и̇|і
дроугы̇ѫ̇|дроугъіѫ
оу̇лавлѣѫ̇щи|оулавлѣѫщі
вь|вь
тои̇|тоі
самои̇|самоі
скврьнѣ|скврьнѣ
многы̇ѫ̇|многъіѫ
и̇|і
добры̇ѫ̇|добръіѫ
пленицѫ|пленіцѫ
и̇сплетеши̇|ісплетеші
на|на
оу̇крашениѥ̇|оукрашеніе
и̇|і
на|на
сьблаꙁьнь|сьблазьнь
многы̇мь|многъімь
створивьши|створівьші
провожеⷣниє̇|провожедніе
и̇|і
своꙗ̇|своꙗ
си|сі
вьсѣ|вьсѣ
скврьнꙿнѣ|скврьннѣ
прѣклонивши|прѣклонівші
сь|сь
ꙃѣницама|зѣніцама
ѡ̇чима|очіма
и̇споущѫ|іспоущѫ
токы|токъі
сльꙁьныѫ̇|сльзьнъіѫ
и̇|і
ꙗ̇биє̇|ꙗбіе
приближишѧ|прібліжішѧ
сѧ|сѧ
кь|кь
стопамь|стопамь
ст͠го|ст҃го
врача|врача
трѣꙁьвномь|трѣзьвномь
оу̇момь|оумомь
и̇|і
да|да
припадѫ|пріпадѫ
к|к
немоу|немоу
се|се
же|же
помишлениѥ̇|помішленіе
и̇мѫщи|імѫщі
жена|жена
и̇|і
врѣмѧ|врѣмѧ
наꙁираа꙼ше|назірааше
и̇мѫщи|імѫщі
вь|вь
дш͠и|дш҃і
си|сі
неи̇цⷭѣлꙿноє̇|неіцсѣлное
пꙿрѣложениѥ̇|прѣложеніе
и̇|і
приближити|прібліжіті
сѧ|сѧ
хотѧщи|хотѧщі
тѡплою̇|топлою
ногоу|ногоу
г͠ню|г҃ню
и̇|і
раꙁоумѣвши|разоумѣвші
жена̇|жена
ꙗ̇ко|ꙗко
симонь|сімонь
фарисеи̇|фарісеі
приꙁва|прізва
сп͠са|сп҃са
и̇|і
текьши|текьші
ꙗ̇же|ꙗже
творѣше|творѣше
многоѫ̇|многоѫ
теплоѫ̇|теплоѫ
дш͠еѫ̇|дш҃еѫ
кь|кь
є̇диномоу|едіномоу
миропродавꙿцоу|міропродавцоу
коупити|коупіті
а̇лавастьрь|алавастьрь
мира|міра
и̇ꙁбранꙿна|ізбранна
и̇|і
мнⷪ҇гоцѣнꙿна|многоцѣнна
и̇|і
и̇дѫ|ідѫ
вь|вь
себѣ|себѣ
гл͠аше|гл҃аше
где|где
оу̇бо|оубо
и̇мамь|імамь
приѫ̇ти|пріѫті
миро|міро
и̇ꙁбранꙿноє̇|ізбранное
и̇|і
доⷭ҇и̇ноє̇|досіное
великомоу|велікомоу
врачю|врачоу
да|да
негли|неглі
би|бі
є̇|е
приѧ̇ль|пріѧль
сь|сь
мⷪи̇ми|моімі
слъꙁами|слъзамі
да|да
мы̇|мъі
желаниє|желаніе
бг͠атьно|бг҃атьно
и̇|і
да|да
полючѫ|полючѫ
си|сі
мысль|мъісль
и̇|і
самого|самого
продавꙿца|продавца
мироу|міроу
ꙩ̇сѫжⷣꙋ|осѫждоу
невидимо|невідімо
паче|паче
же|же
и̇|і
ꙁаклѫнѫ|заклѫнѫ
и̇|і
и̇менемъ|іменемъ
бж͠иѥ̇мь|бж҃іемь
и̇|і
ст͠ыми|ст҃ъімі
ѡ̇ц͠и|оц҃і
вь|вь
неже|неже
ти|ті
вѣроуѫ̇ть|вѣроуѫть
да|да
негли|неглі
ми|мі
дасть|дасть
миро|міро
ц͠рьско|ц҃рьско
и̇|і
чьстьноє̇|чьстьное
на|на
почьⷭ҇|почьс
великаго|велікаго
ц͠рѣ|ц҃рѣ
и̇|і
приє̇мь|пріемь
цѣнѫ|цѣнѫ
и̇|і
пришⷷ҇дꙿши|прішедші
кь|кь
є̇диномоу|едіномоу
миропродавцꙋ|міропродавцоу
и̇|і
реⷱ҇|реч
ѥ̇моу|емоу
миръ|міръ
тебѣ|тебѣ
миропродавьче|міропродавьче
мира|міра
и̇ꙁбранꙿна|ізбранна
и̇щꙋ|іщоу
црⷭ҇ка|црска
и̇|і
чⷭ҇тнаа̇|чстнаа
є̇моуже|емоуже
тьчꙿна|тьчна
не|не
ѡ̇брѣщꙋ|обрѣщоу
и̇ньде|іньде
нигдеже|нігдеже
и̇бо|ібо
е̇моуже|емоуже
хощѧ|хощѧ
нести|несті
бⷪли|болі
єⷭ҇|ес
всѣхь|всѣхь
и̇|і
нⷭ҇ѣ|нсѣ
дроугаго|дроугаго
поⷣбна|подбна
ѥ̇моу|емоу
и̇|і
ѿвѣща|отвѣща
миропродавець|міропродавець
кь|кь
неи̇|неі
реⷱ҇|реч
ꙩ̇|о
жено|жено
нелѣнивы̇|нелѣнівъі
и̇ꙁꙿрекла|ізрекла
е̇си|есі
гл͠ь|гл҃ь
и̇|і
кто|кто
не|не
ꙁнаѥ̇ть|знаеть
тебе|тебе
вь|вь
притворѣ|прітворѣ
грⷣа|грда
и̇мѧщи|імѧщі
хотимь|хотімь
мꙿного|много
ꙃѣло|зѣло
и̇|і
комоу|комоу
хощеши|хощеші
ѿ|от
нихь|ніхь
ѡ̇|о
жене|жене
нести|несті
миро|міро
ц͠рьскоє̇|ц҃рьское
и̇|і
чьсноє̇|чьсное
что|что
ли|лі
ти|ті
ще|ще
ѡ̇нь|онь
вьꙁдати|вьздаті
можетъ|можетъ
противѫ|протівѫ
мѣрѣ|мѣрѣ
є̇моуже|емоуже
толико|толіко
ѭ̇|ѭ
цѣноѫ̇|цѣноѫ
кꙋпити|коупіті
хощеши|хощеші
а̇ꙁь|азь
продати|продаті
хощѫ|хощѫ
а̇|а
ти|ті
коупи|коупі
нь|нь
ѻ̇баче|обаче
оу̇вѣдѣти|оувѣдѣті
хощѫ|хощѫ
комоу|комоу
є̇|е
хощеши|хощеші
дати|даті
тьщаниє̇мь|тьщаніемь
толицѣмь|толіцѣмь
и̇|і
мⷪлитвоѫ̇|молітвоѫ
то|то
є̇да|еда
ѿ|от
цр͠ьскаа|цр҃ьскаа
рода|рода
є̇сть|есть
рачитель|рачітель
твои̇и̇|твоіі
и̇ли|ілі
сн͠ь|сн҃ь
котораа̇го|которааго
ѿ|от
вельмѫжь|вельмѫжь
и̇бо|ібо
вь|вь
цр͠ѥхь|цр҃ехь
дрьжавшиⷯ҇|дрьжавшіх
дⷪ҇|до
дв͠да|дв҃да
и̇|і
не|не
вьста|вьста
цр͠ь|цр҃ь
инь|інь
боли|болі
въ|въ
и̇ꙁⷭ҇ли|ізслі
є̇да|еда
ѿ|от
рода|рода
того|того
єⷭ҇|ес
новы̇|новъі
сьи̇|сьі
твои̇|твоі
рачителъ|рачітелъ
ꙩ̇|о
жено|жено
и̇ꙁꙿрьци|ізрьці
ми|мі
кто|кто
єⷭ҇|ес
хощѫ|хощѫ
бо|бо
и̇|і
а̇ꙁь|азь
оу̇вѣдѣти|оувѣдѣті
и̇|і
и̇бо|ібо
чⷭ҇ть|чсть
си|сі
б͠гатьна|б҃гатьна
є̇сть|есть
и̇|і
твоє̇|твое
се|се
тьщаниє̇|тьщаніе
вь|вь
оу̇жасть|оужасть
мѧ|мѧ
приводить|пріводіть
ѡт|от
кто|кто
сьи̇|сьі
еⷭ҇|ес
ѥ̇моуже|емоуже
хощеши|хощеші
нести|несті
миро|міро
се|се
тѡгⷣа|тогда
дивнаа̇|дівнаа
си|сі
ѿвѣща|отвѣща
жена|жена
м͠лостивноѫ̇|м҃лостівноѫ
д͠шеѫ̇|д҃шеѫ
сии̇|сіі
г͠лѧщи|г҃лѧщі
миродавꙿцꙋ|міродавцоу
б͠а|б҃а
ѡ̇ц͠а|оц҃а
оу̇бои̇|оубоі
сѧ|сѧ
ѡ̇|о
чл͠че|чл҃че
и̇|і
дажⷣь|даждь
ми|мі
а̇лавастьрь|алавастьрь
мира|міра
да|да
негли|неглі
постигꙿнѫ|постігнѫ
брьꙃѣ|брьзѣ
великаа̇го|велікааго
и̇|і
любимаго|любімаго
рачителѣ|рачітелѣ
прѣчⷭ҇таа̇го|прѣчстааго
оу̇бои̇|оубоі
сѧ|сѧ
чл͠вче|чл҃вче
б͠а|б҃а
давьшаго|давьшаго
толикѫ|толікѫ
силѫ|сілѫ
вь|вь
рѫцѣ|рѫцѣ
мѡи̇сию̇|моісію
жеꙁьль|жезьль
на|на
прѣделениє̇|прѣделеніе
морю̇|морю
и̇|і
поставывша|поставъівша
воды|водъі
ꙗ̇ко|ꙗко
и̇|і
камень|камень
тврⷣь|тврдь
и̇|і
пѣшьствовати|пѣшьствоваті
лю̇демь|людемь
по|по
страшнѣи̇|страшнѣі
соуши|соуші
ꙁаклинаѫ̇|заклінаѫ
тѧ|тѧ
ю̇ноше|юноше
костьми|костьмі
и̇же|іже
носѣше|носѣше
мои̇сеи̇|моісеі
вь|вь
боуры|боуръі
мⷪрьстѣи̇|морьстѣі
гл͠ѧ|гл҃ѧ
же|же
мощи|мощі
и̇ѡ̇сифовы̇|іосіфовъі
проданьнаа̇го|проданьнааго
и̇|і
ѡ̇делѣвша|оделѣвша
дв͠ьстьвꙿнѣ|дв҃ьстьвнѣ
а̇спидѣ|аспідѣ
вь|вь
врьтпѣ|врьтпѣ
ꙁаклинаѫ̇|заклінаѫ
те|те
ю̇ноше|юноше
жеꙁломь|жезломь
а̇ронемь|аронемь
процьвьтьшимь|процьвьтьшімь
добро(ѥ)|доброе
ꙋханиє̇|оуханіе
вь|вь
сѣни|сѣні
ст͠ои̇|ст҃оі
ꙁаклѫнаѫ̇|заклѫнаѫ
тѧ|тѧ
ю̇ношеⷨ|юношем
глⷭ҇амь|глсамь
ст͠ымь|ст҃ъімь
г͠лавꙿшиⷨ|г҃лавшім
мѡ̇и̇сеꙩ̇ви|моісеові
вь|вь
пламⷷни|пламені
ѡ̇гнѣ|огнѣ
и̇|і
кѫпинⷪю|кѫпіною
неѡ̇полѣвꙿш[е]ю|неополѣвшею
ꙁаклинаѫ̇|заклінаѫ
тѧ|тѧ
ю̇ноше|юноше
бг͠омь|бг҃омь
давшимь|давшімь
водѫ|водѫ
вь|вь
жѫжⷣѫ|жѫждѫ
вь|вь
лице|ліце
мои̇сеѡ̇во|моісеово
и̇|і
не|не
врѣжⷣаѫ̇щи|врѣждаѫщі
славѣ|славѣ
ꙁаклинаѫ̇|заклінаѫ
тѧ|тѧ
ю̇ноше|юноше
ст͠ымь|ст҃ъімь
ковъчегомь|ковъчегомь
вьставꙿшимь|вьставшімь
течениє̇|теченіе
ѥ̇рьданѣ|ерьданѣ
рѣкы̇|рѣкъі
вь|вь
скѫдосты̇|скѫдостъі
воды̇|водъі
ꙁаклинаѫ̇|заклінаѫ
тѧ|тѧ
ю̇ноше|юноше
силоѫ̇|сілоѫ
ст͠оѫ̇|ст҃оѫ
поврьгшаа̇го|поврьгшааго
.ꙁ͠.|з҃
стѣнь|стѣнь
вь|вь
мѫгновениє̇|мѫгновеніе
ꙩ̇ка|ока
града|града
е̇рихона|еріхона
рѫкама|рѫкама
ст͠има|ст҃іма
і̇саⷭ҇|ісас
навгу̇на|навгуна
и̇|і
съставьшаго|съставьшаго
свои̇мь|своімь
течение̇мь|теченіемь
слн͠цоу|слн҃цоу
и̇|і
мцⷭ҇оу|мцсоу
ꙗ̇ко|ꙗко
быти|бъіті
вь|вь
е̇дино|едіно
двѣма|двѣма
дн͠ьма|дн҃ьма
виⷣши|відші
ли|лі
колико|коліко
видѣхь|відѣхь
и̇мѧ|імѧ
бж͠ии̇є̇|бж҃ііе
и̇|і
въсѣхь|въсѣхь
ст͠ыи̇хь|ст҃ъііхь
дажⷣь|даждь
ми|мі
оу̇бо|оубо
проче|проче
миро|міро
и̇|і
вьꙁми|вьзмі
є̇лико|еліко
хощеши|хощеші
цѣнѫ|цѣнѫ
а̇лавастроу|алавастроу
нь|нь
тькмо|тькмо
и̇ꙁꙿбранꙿноє̇|ізбранное
и̇|і
чтⷭ҇ьноє̇|чтсьное
дажⷣь|даждь
ми|мі
и̇|і
ѿпоусти|отпоусті
мѧ|мѧ
сь|сь
добримь|добрімь
ѿвѣтомь|отвѣтомь
ꙗ̇ко|ꙗко
да|да
вижⷣѫ|віждѫ
вьскорѣ|вьскорѣ
великаго|велікаго
и̇|і
любимаа̇го|любімааго
рачителѣ|рачітелѣ
ми|мі
прѣчтⷭ҇ааго|прѣчтсааго
и̇|і
пакы|пакъі
ѿвѣща|отвѣща
миропродавець|міропродавець
вижⷣѫ|віждѫ
б͠гатꙋ|б҃гатоу
цѣнꙋ|цѣноу
а̇лавастроу|алавастроу
то|то
что|что
ѥ̇|е
и̇|і
сьблаꙁнꙿно|сьблазнно
а̇ще|аще
реⷱ҇ши|речші
ми|мі
жено|жено
ѡ̇|о
семь|семь
рачители|рачітелі
в͠ь|в҃ь
(ѥ)же|еже
ни͠нѣ|ні҃нѣ
любовь|любовь
стѫжа|стѫжа
и̇|і
вь|вь
любовь|любовь
мѫ|мѫ
вьведеши|вьведеші
видѣти|відѣті
ѡ̇|о
жене|жене
и̇|і
не|не
могѫ|могѫ
дати|даті
ти|ті
а̇ще|аще
не|не
реⷱ҇ши|речші
ми|мі
кто|кто
єⷭ҇|ес
то|то
почто|почто
нѫдиши|нѫдіші
мѧ|мѧ
сице|сіце
реⷱ҇|реч
жена|жена
и̇спи̇тнѣє̇|іспітнѣе
вьпрашаѫ̇|вьпрашаѫ
и̇|і
не|не
могѫ|могѫ
оу̇вⷣѣти|оувдѣті
полить|політь
ми|мі
д͠ша|д҃ша
и̇|і
горить|горіть
ми|мі
срцⷣе|срцде
и̇|і
когаⷣ|когад
оу̇ꙁрѫ|оузрѫ
и̇спльнѫ|іспльнѫ
сѧ|сѧ
радости|радості
оу̇бои̇|оубоі
сѧ|сѧ
чл͠че|чл҃че
прѣчистааго|прѣчістааго
б͠а|б҃а
и̇|і
ѿпоусти|отпоусті
мѧ|мѧ
сь|сь
добримь|добрімь
ѿвѣтомꙿ|отвѣтом
ѿрадивь|отрадівь
ми|мі
дш͠и|дш҃і
и̇|і
оубои̇|оубоі
сѧ|сѧ
чл͠че|чл҃че
б͠а|б҃а
ст͠аго|ст҃аго
приꙁвавьшааго|прізвавьшааго
а̇враа̇мⷶ|авраама
и̇|і
сн͠а|сн҃а
е̇го|его
и̇сака|ісака
прославльшаа̇го|прославльшааго
вь|вь
двою̇|двою
на|на
десѧте|десѧте
колѣноу|колѣноу
и̇ꙁлⷭ҇евоу|ізлсевоу
и̇|і
такожⷣе|такожде
ӥꙗ̇кова|іꙗкова
и̇ꙁлⷭ҇ѣ|ізлсѣ
нарекьшагѻ|нарекьшаго
и̇|і
патриа̇рꙿха|патріарха
поставльшаа̇го|поставльшааго
оу̇бои̇|оубоі
сѧ|сѧ
чл͠че|чл҃че
б͠а|б҃а
давьшаго|давьшаго
а̇нꙿнѣ|аннѣ
самоилѣ|самоілѣ
сь|сь
болѣꙁнию̇|болѣзнію
помоливши|помолівші
се|се
въ|въ
печали|печалі
своє̇и̇|своеі
оу̇бои̇|оубоі
сѧ|сѧ
ю̇ноше|юноше
б͠а|б҃а
и̇|і
вѣрѫ|вѣрѫ
и̇ми|імі
ми|мі
и̇|і
дажⷣъ|даждъ
ми|мі
а̇лавастьрь|алавастьрь
мира|міра
црⷭ҇ко|црско
и|і
чьⷭ҇но|чьсно
и̇ꙁбрано|ізбрано
ꙗ̇коже|ꙗкоже
вѣси|вѣсі
прѣжⷣе|прѣжде
рѣхь|рѣхь
ти|ті
а̇ще|аще
бо|бо
би|бі
вⷣѣль|вдѣль
чл͠че|чл҃че
пламеⷩ҇|пламен
мое̇го|моего
срд͠ца|срд҃ца
то|то
самь|самь
би|бі
потꙿщавь|потщавь
сѧ|сѧ
оу̇бо|оубо
и̇|і
ѿслаль|отслаль
би|бі
ме|ме
ѿ|от
сѫдꙋ|сѫдоу
и̇|і
пакы̇|пакъі
миропродавець|міропродавець
вѣщаѫ̇|вѣщаѫ
кь|кь
жⷷнѣ|женѣ
и̇|і
реⷱ҇|реч
оу̇вѣдѣти|оувѣдѣті
хощѫ|хощѫ
ѡ̇|о
а̇лавастрѣ|алавастрѣ
слыши|слъіші
да|да
ти|ті
рикѫ|рікѫ
ѡ̇|о
жено|жено
много|много
мⷽ|мѧ
ꙁаклинаѥ̇ши|заклінаеші
ѡ̇|о
жено|жено
ѡ̇сѫжⷣає̇ши|осѫждаеші
мѧ|мѧ
ꙗ̇ко|ꙗко
да|да
дамь|дамь
ти|ті
миро|міро
многоцѣньно|многоцѣньно
црⷭ҇ко|црско
и̇|і
чⷭ҇тьно|чстьно
а̇ꙁь|азь
же|же
многащи|многащі
молихь|моліхь
тѧ|тѧ
и̇ꙁрещи|ізрещі
є̇да|еда
сьи̇|сьі
е̇сть|есть
вы̇ше|въіше
всѣхь|всѣхь
чл͠вкь|чл҃вкь
и̇|і
нѣсть|нѣсть
на|на
ꙁеми|земі
краснѣи̇ша|краснѣіша
ѥ̇го|его
ꙗ̇ко|ꙗко
тако|тако
оу̇ꙗ̇ꙁви|оуꙗзві
сѧ|сѧ
доброта|доброта
є̇го|его
ꙗ̇ко|ꙗко
миро|міро
и̇ꙁбранно|ізбранно
и̇|і
чтⷭ҇ьно|чтсьно
нести|несті
хощеши|хощеші
красномоу|красномоу
томꙋ|томоу
ѥ̇да|еда
рода|рода
є̇сть|есть
дввⷣа|дввда
великаго|велікаго
ц͠рѣ|ц҃рѣ
и̇ли|ілі
а̇враа̇ма|авраама
дроуга|дроуга
вы̇шнемоу|въішнемоу
кто|кто
сьи̇|сьі
ѥⷭ҇|ес
рьци|рьці
ми|мі
ꙗ̇ко|ꙗко
тако|тако
распалила|распаліла
сѧ|сѧ
є̇си|есі
тьщание̇мь|тьщаніемь
видѣти|відѣті
красотѫ|красотѫ
ѥ̇го|его
и̇|і
ѿвѣща|отвѣща
жена|жена
рече|рече
миропродавьцоу|міропродавьцоу
что|что
тако|тако
нѫдиши|нѫдіші
ме|ме
и̇ꙁрещи|ізрещі
таи̇ни|таіні
срцⷣа|срцда
мое̇го|моего
мира|міра
и̇ꙁб(р)аньна|ізбраньна
придохь|прідохь
коупити|коупіті
а̇|а
не|не
стѫꙁати|стѫзаті
сѧ|сѧ
с|с
тобоѫ̇|тобоѫ
оу̇бои̇|оубоі
сѧ|сѧ
чл͠вче|чл҃вче
прѣст͠аго|прѣст҃аго
б͠а|б҃а
и̇|і
пом͠лоуи̇|пом҃лоуі
мѧ|мѧ
и̇|і
ѿпоусти|отпоусті
мѧ|мѧ
ѿ|от
сѫдоу|сѫдоу
жена|жена
же|же
гл͠а|гл҃а
миродавцоу|міродавцоу
сь|сь
въсацѣмь|въсацѣмь
прилежаниѥ̇мь|прілежаніемь
дати|даті
є̇|е
и̇|і
а̇лавастьрь|алавастьрь
видѧщи|відѧщі
же|же
миропродавца|міропродавца
многа|многа
стѧꙁаниꙗ̇|стѧзаніꙗ
и̇|і
словеса|словеса
бы̇ваѫ̇ща|бъіваѫща
кь|кь
неи̇|неі
и̇|і
въꙁьдиви|възьдіві
сѧ|сѧ
вельми|вельмі
ꙩ̇|о
ѿвѣщани|отвѣщані
мꙋжа|моужа
ꙗ̇ко|ꙗко
сь|сь
такоѫ̇|такоѫ
любовиѫ̇|любовіѫ
и̇спитꙿно|іспітно
оу̇вѣдѣти|оувѣдѣті
хощеть|хощеть
прочеє̇|прочее
же|же
оу̇же|оуже
оу̇вѣщавъ|оувѣщавъ
краснаа̇|краснаа
жена|жена
гл͠ѧщи|гл҃ѧщі
кь|кь
мироупродавьцоу|міроупродавьцоу
мнѣ|мнѣ
ни|ні
ѥ̇динь|едінь
гонеꙁе|гонезе
въ|въ
градѣ|градѣ
є̇лико|еліко
бо|бо
а̇ꙁь|азь
ꙁло|зло
сьдѣꙗ̇хь|сьдѣꙗхь
въ|въ
моє̇мь|моемь
тѣлеси|тѣлесі
ѡ̇скврьнѣѫ̇щи|оскврьнѣѫщі
се|се
по|по
вьсѧ|вьсѧ
д͠ни|д҃ні
сама|сама
себе|себе
блѫдомь|блѫдомь
и̇|і
дроугыѫ̇|дроугъіѫ
ѡ̇скрⷡ҇ънѣѩ̇щи|оскрвънѣѧщі
вь|вь
тоꙵжⷣе|тожде
скврьнѣхь|скврьнѣхь
и̇|і
видѣхь|відѣхь
вънеꙁаа̇пѫ|вънезаапѫ
ст͠аа̇го|ст҃ааго
ѡ̇ного|оного
великаго|велікаго
и̇|і
дивьнаго|дівьнаго
ꙗ̇вльшаго|ꙗвльшаго
сѧ|сѧ
врача|врача
на|на
ꙁемꙵ҇|зем
и̇|і
сп͠са|сп҃са
мироу|міроу
и̇|і
а̇биє̇|абіе
дш͠а|дш҃а
ми|мі
плѣнена|плѣнена
быⷭ҇|бъіс
вьслⷣѣ|вьслдѣ
прѣчⷭ҇тыѫ̇|прѣчстъіѫ
красоты̇|красотъі
є̇го|его
видѣхь|відѣхь
бо|бо
и̇|і
ѡ̇чима|очіма
свои̇ма|своіма
велиꙗ̇|веліꙗ
и̇|і
страшꙿнаа̇|страшнаа
ꙁнамениꙗ̇|знаменіꙗ
и̇|і
непобѣдима|непобѣдіма
и̇|і
сь|сь
многомь|многомь
млрⷭ҇диє̇мь|млрсдіемь
грѣшꙿны̇ѫ̇|грѣшнъіѫ
приє̇меть|пріеметь
и̇|і
мы̇тарехь|мъітарехь
приближае̇ть|прібліжаеть
сѧ|сѧ
и̇|і
прокаженыхь|прокаженъіхь
не|не
ѿмещетꙿ|отмещет
и̇|і
нечⷭ҇тывыⷯ҇|нечстъівъіх
не|не
ѿгонить|отгоніть
нь|нь
вьсѧ|вьсѧ
вь|вь
коупѣ|коупѣ
прие̇млеть|пріемлеть
щедротами|щедротамі
не|не
гнѣваѧ̇|гнѣваѧ
сѧ|сѧ
кь|кь
немоу|немоу
приходѧщѫѫ̇|пріходѧщѫѫ
и̇|і
видѣвши|відѣвші
же|же
и̇|і
а̇ꙁь|азь
и̇|і
оу̇дивихь|оудівіхь
сѧ|сѧ
срцⷣемь|срцдемь
и̇|і
рѣхь|рѣхь
вь|вь
себѣ|себѣ
(а̇)ще|аще
живꙋ|жівоу
а̇ꙁь|азь
ѡ̇каꙗнаа̇|окаꙗнаа
а̇ще|аще
бо|бо
є̇моу|емоу
не|не
приближѧ|прібліжѧ
сѧ|сѧ
а̇|а
грѣси|грѣсі
ми|мі
сꙋть|соуть
мноꙁи|мнозі
и̇|і
сꙿкꙿвꙿрьнꙿны|скврьннъі
такожⷣе|такожде
и̇|і
сьгнитиꙗ̇|сьгнітіꙗ
многа|многа
и̇|і
великаа̇|велікаа
то|то
что|что
ѿ|от
н͠нѣмоужⷣѫ|н҃нѣмоуждѫ
ѡ̇|о
своє̇и̇|своеі
дш͠и|дш҃і
и̇ного|іного
врѣмене|врѣмене
не|не
и̇мамꙿ|імам
ѡ̇брѣсти|обрѣсті
сицева|сіцева
николиже|ніколіже
ни|ні
жⷷ҇|же
и̇ного|іного
врачѣ|врачѣ
сицева|сіцева
чл͠вколюбива|чл҃вколюбіва
и̇|і
бл͠га|бл҃га
и̇|і
а̇ꙁь|азь
тако|тако
надѣѫ|надѣѫ
сѧ|сѧ
ꙗ̇ко|ꙗко
б͠ь|б҃ь
ѥⷭ҇|ес
ꙗ̇влеи̇|ꙗвлеі
сѧ|сѧ
великы̇|велікъі
ваⷧ҇стлинь|валстлінь
и̇|і
всѣ|всѣ
повелѣє̇ть|повелѣеть
словомь|словомь
и̇сьцѣлити|ісьцѣліті
ѿ|от
грѣха|грѣха
сь|сь
вьсеѫ̇|вьсеѫ
властиѫ̇|властіѫ
и̇|і
тако|тако
нинѣ|нінѣ
оу̇бо|оубо
врѣмѧ|врѣмѧ
ѡ̇брѣтьши|обрѣтьші
и̇|і
такого|такого
врача|врача
оу̇же|оуже
непотрѣбно|непотрѣбно
ми|мі
єⷭ҇|ес
кьснѣти|кьснѣті
ѡ̇|о
своє̇мь|своемь
и̇сцѣлении̇|ісцѣленіі
ѻ̇|о
семь|семь
оу̇бо|оубо
подвижѧ|подвіжѧ
сѧ|сѧ
многыхь|многъіхь
ми|мі
дльгь|дльгь
ꙩ̇дати|одаті
ѡ̇брокь|оброкь
ꙗ̇ко|ꙗко
а̇ꙁь|азь
ѡ̇брѣтѡхь|обрѣтохь
се|се
бл͠агомоу|бл҃агомоу
простителю|простітелю
вѣдѣ|вѣдѣ
бо|бо
ꙗ̇ко|ꙗко
сьгрѣшихь|сьгрѣшіхь
выше|въіше
мѣри|мѣрі
и̇|і
слова|слова
и̇|і
нѣсть|нѣсть
ѡ̇чищениꙗ̇|очіщеніꙗ
мои̇мь|моімь
скврьнамь|скврьнамь
нь|нь
кь|кь
множьствоу|множьствоу
милрⷭ҇диѥ̇|мілрсдіе
(є̇)го|его
капла|капла
ѥ̇мꙋ|емоу
ꙗ̇влаѫ̇т|ꙗвлаѫт
сѧ|сѧ
вси|всі
грѣси|грѣсі
мои̇|моі
и̇|і
ꙁнаѫ̇|знаѫ
добрѣ|добрѣ
ꙗ̇ко|ꙗко
а̇ще|аще
приближѧ|прібліжѧ
сѧ|сѧ
є̇моу|емоу
и̇|і
скоро|скоро
ѡ̇чищѧ|очіщѧ
сѧ|сѧ
ѿ|от
беꙁаконыхь|безаконъіхь
грѣхь|грѣхь
мои̇хь|моіхь
ѿгонѫщомоу|отгонѫщомоу
ѿ|от
мⷷне|мене
всѣко|всѣко
дѣло|дѣло
нечиниꙗ̇|нечініꙗ
понеже|понеже
не|не
бо|бо
ѥ̇сть|есть
словомь|словомь
и̇|і
дѣломь|дѣломь
и̇|і
се|се
ю̇ноше|юноше
и̇ꙁрекохь|ізрекохь
ти|ті
въсѣ|въсѣ
срцⷣа|срцда
моє̇гѻ|моего
то|то
даждь|даждь
ми|мі
алавастꙿрь|алавастрь
мира|міра
оу̇же|оуже
се|се
бо|бо
доволень|доволень
чаⷭ҇|час
ѥⷭ҇|ес
понеже|понеже
вьꙁрⷣъжаває̇ши|вьзрдъжаваеші
мѧ|мѧ
помⷧ҇оуи̇|помлоуі
мѧ|мѧ
и̇|і
ѿпоусти|отпоусті
мѧ|мѧ
что|что
мѧ|мѧ
нѫдиши|нѫдіші
чл͠вче|чл҃вче
оу̇вѣдѣти|оувѣдѣті
хоте|хоте
комⷹ|комоу
хощѫ|хощѫ
миро|міро
и̇ꙁꙿбранꙿно|ізбранно
нести|несті
си|сі
вса|вса
слыше|слъіше
миропродавець|міропродавець
и̇|і
реⷱ҇|реч
кь|кь
женѣ|женѣ
радости|радості
повѣда|повѣда
жено|жено
вѣрьнаа̇|вѣрьнаа
каꙁала|казала
ми|мі
ѥ̇си|есі
доброѥ̇|доброе
ти|ті
поспѣшение̇|поспѣшеніе
велика|веліка
вьнеꙁаа̇пѫ|вьнезаапѫ
рачителѣ|рачітелѣ
стѧжавꙿши|стѧжавші
нб͠снаго|нб҃снаго
и̇|і
гл͠омь|гл҃омь
всѧ|всѧ
и̇цⷭѣлѣѫ̇ща|іцсѣлѣѫща
сь|сь
вьсеѫ̇|вьсеѫ
властиѫ̇|властіѫ
вꙿсѧ|всѧ
словомь|словомь
и̇цⷭѣлѣѫ̇ща|іцсѣлѣѫща
и̇|і
ѡ̇с͠щає̇ть|ос҃щаеть
бжⷭ҇кы̇|бжскъі
дѣло|дѣло
и̇сплънъ|ісплънъ
похвалеи̇|похвалеі
и̇|і
ꙃѣло|зѣло
ѿрадно|отрадно
хотѣниє̇|хотѣніе
съдѣи̇|съдѣі
ѡ̇|о
жено|жено
вьсѣмь|вьсѣмь
родомь|родомь
сѫщимь|сѫщімь
бо|бо
е̇сть|есть
велико|веліко
сп͠сениѥ̇|сп҃сеніе
тѣбѣ|тѣбѣ
же|же
самои̇|самоі
прьвоє̇|прьвое
и̇|і
всѣмь|всѣмь
грѣшꙿникомь|грѣшнікомь
дьщи|дьщі
и̇|і
ѡ̇ц͠емь|оц҃емь
сьродьница|сьродьніца
и̇|і
прѣпⷣобнимь|прѣпдобнімь
добрѣ|добрѣ
вѣровавꙿшимь|вѣровавшімь
вь|вь
ст͠аго|ст҃аго
б͠а|б҃а
и̇|і
маль|маль
ти|ті
сьвѣть|сьвѣть
хощꙋ|хощоу
сьвѣщати|сьвѣщаті
а̇ꙁь|азь
приѫ̇ти|пріѫті
ти|ті
хвальнѣ|хвальнѣ
сьвѣси|сьвѣсі
бо|бо
и̇|і
ты|тъі
сама|сама
ꙗ̇вѣ|ꙗвѣ
ꙗ̇ко|ꙗко
фарисеи̇|фарісеі
лꙋкавьни|лоукавьні
сꙋть|соуть
и̇|і
противно|протівно
стражⷣѫть|страждѫть
вьсе|вьсе
нѫ|нѫ
понеже|понеже
б͠ь|б҃ь
великы|велікъі
чл͠колюбець|чл҃колюбець
ѥⷭ҇|ес
вьꙁрⷡ҇ащає̇ть|вьзрващаеть
ꙁаблѫжⷣьшѫѫ̇|заблѫждьшѫѫ
просвѣщаѫ̇|просвѣщаѫ
же|же
и̇же|іже
вь|вь
тꙿмѣ|тмѣ
и̇|і
ѿпоущає̇ть|отпоущаеть
грѣхы|грѣхъі
млрⷭ҇ьдиє̇мь|млрсьдіемь
свои̇мь|своімь
а̇ще|аще
бо|бо
оу̇ꙁрѫть|оузрѫть
тѧ|тѧ
вьходѧщѫѫ̇|вьходѧщѫѫ
то|то
ꙁатворѫть|затворѫть
ти|ті
тѡгда|тогда
храминѫ|храмінѫ
а̇биє̇|абіе
и̇|і
досадеть|досадеть
ти|ті
довольно|довольно
ты̇|тъі
же|же
слы̇шавьши|слъішавьші
не|не
оу̇жасаи̇|оужасаі
сѧ|сѧ
не|не
оу̇бо|оубо
ѡ̇|о
семь|семь
нь|нь
бѫди|бѫді
дш͠ѫ|дш҃ѫ
камень|камень
тврьдѣи̇шии̇|тврьдѣішіі
ꙩ̇|о
блꙋдьны̇хь|блоудьнъіхь
дѣлѣхь|дѣлѣхь
ꙗ̇же|ꙗже
непрѣстанꙿно|непрѣстанно
полꙋчи|полоучі
съдѣꙗ̇ти|съдѣꙗті
то|то
кольми|кольмі
паче|паче
ꙁеⷣ|зед
ѡ̇|о
сп͠сени|сп҃сені
бѫⷣщимь|бѫдщімь
срѣсти|срѣсті
свободьни|свободьні
бо|бо
раби|рабі
вратни|вратні
же|же
слоугы|слоугъі
лютѣ|лютѣ
ти|ті
хотѧть|хотѧть
ꙁапрѣтити|запрѣтіті
и̇|і
досадити|досадіті
и̇|і
въсѣже|въсѣже
прѣꙁдѣвши|прѣздѣвші
и|і
вьниди|вьніді
таи̇но|таіно
ктомоу|ктомоу
ст͠омꙋ|ст҃омоу
врачеви|врачеві
сь|сь
мꙿногомь|многомь
смѣрениє̇мь|смѣреніемь
ꙗ̇коже|ꙗкоже
ты|тъі
прьвѣє̇|прьвѣе
реⷱ҇|реч
сама|сама
ꙩ̇блобы̇ꙁати|облобъізаті
любовиѫ̇|любовіѫ
стопы|стопъі
прѣчиста̇аго|прѣчістааго
б͠а|б҃а
и̇|і
бѫдеши|бѫдеші
блажена|блажена
се|се
бо|бо
слы̇шахь|слъішахь
вь|вь
домоу|домоу
фарисеѡ̇вꙋ|фарісеовоу
н͠нѣ|н҃нѣ
и̇|і
днⷭ҇е|днсе
и̇ди|іді
сь|сь
миромь|міромь
и̇|і
вьниди|вьніді
сь|сь
радостиѫ̇|радостіѫ
и̇|і
приближи|прібліжі
сѧ|сѧ
спѣхомь|спѣхомь
и̇|і
приє̇меть|пріеметь
ти|ті
дарь|дарь
се|се
бо|бо
миро|міро
цр͠ьскоє̇|цр҃ьское
и̇|і
чⷭ҇тꙿно|чстно
и̇|і
дⷭ҇ои̇но|дсоіно
сп͠соу|сп҃соу
и̇|і
дамь|дамь
же|же
ти|ті
и̇|і
дроугꙋ|дроугоу
мѣрꙋ|мѣроу
даромь|даромь
и̇|і
мл͠и|мл҃і
ꙁа|за
мѧ|мѧ
и̇|і
приє̇мьши|пріемьші
жена|жена
а̇лавастьрь|алавастьрь
пльнь|пльнь
мира|міра
и̇ꙁьбранꙿнаго|ізьбраннаго
и̇|і
и̇де|іде
раⷣоуѧ̇щи|радоуѧщі
сѧ|сѧ
и̇|і
молѧщи|молѧщі
сѧ|сѧ
гл͠аше|гл҃аше
вь|вь
себѣ|себѣ
и̇|і
кто|кто
дасть|дасть
ми|мі
дарь|дарь
двери|двері
ѿврьсти|отврьсті
ѡ̇брѣсти|обрѣсті
и̇|і
вьнеꙁаꙗ̇пꙋ|вьнезаꙗпоу
вꙿлѣсти|влѣсті
и̇|і
припасти|пріпасті
кь|кь
ногама|ногама
ст͠го|ст҃го
ми|мі
врача|врача
доньдеже|доньдеже
прии̇мѫ|пріімѫ
сꙿгрѣшениєⷨ҇|сгрѣшеніем
ми|мі
прощениє̇|прощеніе
и̇|і
прнⷭ҇о|прнсо
мл͠ю|мл҃ю
же|же
сѧ|сѧ
г͠оу|г҃оу
б͠оу|б҃оу
свѣдѫщомоу|свѣдѫщомоу
прѣгрѣшениꙗ̇|прѣгрѣшеніꙗ
моꙗ̇|моꙗ
прѣжде|прѣжде
даже|даже
сѧ|сѧ
є̇моу̇|емоу
не|не
приближѫ|прібліжѫ
тьи̇|тьі
бо|бо
свѣсть|свѣсть
а̇ꙁь|азь
бо|бо
да|да
и̇дѫ|ідѫ
кь|кь
добромꙋ|добромоу
ми|мі
врачеви|врачеві
видѣти|відѣті
ми|мі
бл͠агаго|бл҃агаго
и̇|і
чл͠колюбца|чл҃колюбца
б͠а|б҃а
и̇|і
спаⷭ҇|спас
мироу|міроу
и̇|і
реⷱ҇|реч
жена|жена
молите|моліте
сѧ|сѧ
кь|кь
б͠оу|б҃оу
ст͠моу|ст҃моу
се|се
бо|бо
ты|тъі
г͠и|г҃і
вь|вь
домоу|домоу
симоновѣ|сімоновѣ
ꙗ̇ко|ꙗко
чл͠кь|чл҃кь
вьꙁлежиши|вьзлежіші
сьвѣды|сьвѣдъі
ми|мі
таи̇ньна|таіньна
ꙩ̇каа̇нꙿнаго|окааннаго
срⷣца|срдца
и̇|і
ты|тъі
свѣси|свѣсі
хеⷭ҇|хес
что|что
коупихь|коупіхь
а̇лавастьрь|алавастьрь
мира|міра
сего|сего
доⷭ҇и̇наго|досінаго
нь|нь
да|да
шедьиⷲ|шедьіш
припадѫ|пріпадѫ
кь|кь
стопамь|стопамь
прѣчтⷭ҇аа̇го|прѣчтсааго
ти|ті
бжⷭ҇тва|бжства
и̇|і
сп͠асѫ|сп҃асѫ
бо|бо
сѧ|сѧ
ѿ|от
гноусныхь|гноуснъіхь
мои̇хь|моіхь
дѣꙗ̇неи|дѣꙗнеі
ꙗ̇же|ꙗже
сьврьшихь|сьврьшіхь
вⷣѣ|вдѣ
бо|бо
тѧ|тѧ
млрⷭ҇да|млрсда
и̇|і
бл͠ага|бл҃ага
и̇|і
щедра|щедра
и̇|і
нехотѫща|нехотѫща
погоубити|погоубіті
грѣшꙿнои̇|грѣшноі
припадаѫ̇щѫѩ̇|пріпадаѫщѫѧ
и̇|і
своє̇ѫ̇|своеѫ
волеѫ̇|волеѫ
ти|ті
ѥ̇диного|едіного
тѧ|тѧ
видѣхь|відѣхь
на|на
пꙋти|поуті
сѣдеща|сѣдеща
и̇|і
вѣровахь|вѣровахь
ти|ті
бл͠аже|бл҃аже
ꙗ̇ко|ꙗко
всѣ|всѣ
можеши|можеші
и̇|і
нⷭ҇ѣ|нсѣ
же|же
ти|ті
ние̇дино|ніедіно
(н͠е)вьꙁможꙿно|н҃евьзможно
се|се
же|же
ми|мі
подажьⷣ|подажьд
ты̇|тъі
сп͠се|сп҃се
мꙿногомⷧꙿтиве|многомлтіве
и̇|і
да|да
вьнидѫ|вьнідѫ
не|не
вьꙁбранꙿно|вьзбранно
и̇деже|ідеже
ты|тъі
въꙁлежиши|възлежіші
се|се
же|же
помы̇шлаѫ̇щи|помъішлаѫщі
є̇и̇|еі
и̇|і
гл͠ѧщи|гл҃ѧщі
вь|вь
себѣ|себѣ
доспѣхь|доспѣхь
кь|кь
двороу|двороу
и̇|і
храмоу|храмоу
и̇деже|ідеже
хⷭ҇ь|хсь
вьꙁлⷷжаше|вьзлежаше
и̇|і
се|се
а̇биє̇|абіе
ѡ̇брѣте|обрѣте
дꙿвьри|двьрі
храмⷹ|храмоу
ѿврьсти|отврьсті
и̇|і
вьниде|вьніде
сь|сь
ꙗ̇ростиѫ̇|ꙗростіѫ
и̇|і
ставꙿши|ставші
при|прі
ногоу|ногоу
є̇го|его
и̇|і
вьнеꙁаꙗпѫ|вьнезаꙗпѫ
приближи|прібліжі
сѧ|сѧ
прикоснѫ|прікоснѫ
сѧ|сѧ
ст͠ою̇|ст҃ою
ногоу|ногоу
ѥ̇го|его
и̇|і
прѣклоньши|прѣклоньші
главѫ|главѫ
и̇|і
срⷣце|срдце
сь|сь
стенаниѥ̇мь|стенаніемь
и̇|і
точениѥ̇мь|точеніемь
сльꙁѧщи|сльзѧщі
и̇|і
ѡ̇мываа̇ще|омъівааще
ноꙃѣ|нозѣ
є̇го|его
и̇|і
ѡ̇блобыꙁаꙗ̇ше|облобъізаꙗше
и̇|і
сь|сь
радостиѫ̇|радостіѫ
и̇|і
любовию̇|любовію
ꙃѣльною̇|зѣльною
и̇|і
власы̇|власъі
главы̇|главъі
своѫ̇|своѫ
ѡ̇тираше|отіраше
ноꙃѣ|нозѣ
є̇го|его
и̇|і
помаꙁавьши|помазавьші
миромь|міромь
и̇|і
гл͠аше|гл҃аше
се|се
влⷣко|влдко
ты|тъі
самь|самь
є̇динь|едінь
вѣси|вѣсі
како|како
а̇ꙁь|азь
дрьꙁнѫхь|дрьзнѫхь
се|се
сꙿтворити|створіті
нь|нь
не|не
помнѫщихь|помнѫщіхь
ꙁьль|зьль
мои̇хь|моіхь
дрьꙁнѫхь|дрьзнѫхь
приближити|прібліжіті
сѧ|сѧ
тебѣ|тебѣ
прѣчⷭ҇тѣмь|прѣчстѣмь
бꙃ͠ѣ|бз҃ѣ
хотѧщимь|хотѧщімь
припасти|пріпасті
и̇мьже|імьже
ѡ̇браꙁомь|образомь
и̇|і
митари(ѥ)|мітаріе
припадаѫ̇|пріпадаѫ
ти|ті
примии̇|пріміі
бж͠е|бж҃е
тока|тока
сльꙁь|сльзь
мои̇хь|моіхь
и̇|і
дрьꙁаниє̇|дрьзаніе
моѥ̇|мое
хеⷭ҇|хес
и̇|і
да|да
бѫдеть|бѫдеть
на|на
оу̇тѣшениє̇|оутѣшеніе
мⷪє̇|мое
бестоудиє̇|бестоудіе
на|на
мл͠твѫ|мл҃твѫ
и̇|і
миро|міро
же|же
на|на
ѡ̇цѣщениє̇|оцѣщеніе
моє̇|мое
да|да
ми|мі
бѫдеть|бѫдеть
и̇|і
скроушениє̇|скроушеніе
ср͠ца|ср҃ца
моє̇го|моего
на|на
просвѣщениѥ̇|просвѣщеніе
ми|мі
понеже|понеже
ѿ|от
дѣтьска|дѣтьска
тѣла|тѣла
слышахь|слъішахь
вьпиѫ̇щѫѫ̇|вьпіѫщѫѫ
б͠е|б҃е
ст͠ы|ст҃ъі
ѿ|от
д͠вы|д҃въі
роди|роді
сѧ|сѧ
и̇|і
хотѧщи|хотѧщі
и̇|і
а̇ꙁь|азь
видѣти|відѣті
и̇|і
вьпрашахь|вьпрашахь
и̇|і
како|како
вьꙁможеть|вьзможеть
беспльтны|беспльтнъі
вьпльтити|вьпльтіті
сѧ|сѧ
и̇|і
г͠лахоу|г҃лахоу
ми|мі
родителе|родітеле
мои̇|моі
ꙗ̇ко|ꙗко
ѥⷭ҇|ес
таково|таково
прѣданиѥ̇|прѣданіе
ѡ̇|о
немьже|немьже
ꙩ̇ц͠ь|оц҃ь
ꙗ̇ко|ꙗко
и̇|і
б͠ь|б҃ь
ѿ|от
д͠вы|д҃въі
пльтиѫ̇|пльтіѫ
ꙁемьнымь|земьнъімь
родити|родіті
сѧ|сѧ
на|на
ꙁеми|земі
и̇|і
ꙗ̇коже|ꙗкоже
а̇ꙁь|азь
слышахь|слъішахь
ю̇на|юна
сѧщи|сѧщі
то|то
ꙋже̇|оуже
вижⷣѫ|віждѫ
свои̇ма|своіма
ѡ̇чима|очіма
б͠а|б҃а
велика|веліка
и̇|і
с͠та|с҃та
виⷣма|відма
вь|вь
пльти|пльті
нашеи̇|нашеі
спⷭ҇ны|спснъі
не|не
виⷣть|відть
тебе|тебе
чнⷭ҇ыма|чнсъіма
ѡ̇чимⷶ|очіма
фарисеи̇|фарісеі
симонь|сімонь
приꙁва|прізва
вы|въі
тѧ|тѧ
на|на
ѡ̇бѣдъ|обѣдъ
нѫ|нѫ
а̇ꙁь|азь
вы̇жⷣѫ|въіждѫ
тѧ|тѧ
б͠а|б҃а
велика|веліка
и̇|і
сьдѣтелѣ|сьдѣтелѣ
словомь|словомь
вьсѣ|вьсѣ
сьставльшаго|сьставльшаго
а̇гница|агніца
ѥ̇сꙿмь|есмь
стада|стада
твоє̇го|твоего
ꙁаблꙋжⷣьшиꙗ̇|заблоуждьшіꙗ
нь|нь
ѡ̇брати|обраті
мѧ|мѧ
влкⷣо|влкдо
вь|вь
стадо|стадо
своѥ̇|свое
ты|тъі
бо|бо
ѥ̇си|есі
пасты̇рь|пастъірь
добры|добръі
ѥ̇динь|едінь
сьбираѫ̇|сьбіраѫ
ꙁаблѫждъшиѫ̇|заблѫждъшіѫ
въ|въ
домь|домь
свои̇|своі
голѫбица|голѫбіца
ти|ті
смь|смь
чл͠колюбче|чл҃колюбче
вьсыщана|вьсъіщана
ѿ|от
ꙗ̇стреба|ꙗстреба
лютаго|лютаго
раоуⷣѥ̇ть|раоудеть
ми|мі
сѧ|сѧ
дш͠а|дш҃а
оу̇ꙗ̇ꙁꙿвивши|оуꙗзвівші
сѧ|сѧ
на|на
велико|веліко
ѥ̇ст͠ьство|ест҃ьство
ти|ті
прѣчⷭ҇ты|прѣчстъі
пом͠лоу(и̇)|пом҃лоуі
чл͠колюбьче|чл҃колюбьче
ꙁловⷪиⷣмы̇ѥ̇|зловоідмъіе
пꙋти|поуті
беꙁакони|безаконі
мⷪ҇и̇хь|моіхь
ѿ|от
жени|жені
вь|вь
мира|міра
мѣсто|мѣсто
бл͠годѣтꙿь|бл҃годѣть
ꙗ̇ꙁвы|ꙗзвъі
лютыхь|лютъіхь
ми|мі
сьдѣꙗни|сьдѣꙗні
течениемꙿ|теченіем
ми|мі
ѡ̇мы|омъі
и̇|і
ѡ̇чисти|очісті
твоꙗ̇|твоꙗ
радость|радость
ѿврьꙁе|отврьзе
оу̇ста|оуста
моꙗ̇|моꙗ
и̇ꙁрѧщи|ізрѧщі
си|сі
прѣдь|прѣдь
тобоѫ̇|тобоѫ
да|да
бѫⷣ|бѫд
ѡ̇правьдана|оправьдана
и̇|і
ѡ̇браꙁьна|образьна
и̇|і
дроугымь|дроугъімь
грѣшꙿникомь|грѣшнікомь
ꙗ̇коже|ꙗкоже
ты̇|тъі
самь|самь
погыбьшаго|погъібьшаго
приде|пріде
є̇и̇|еі
м͠олю|м҃олю
ти|ті
сѧ|сѧ
не|не
прѣꙁꙿрѣ|прѣзрѣ
молениꙗ̇|моленіꙗ
ѥ̇го|его
и̇|і
не|не
прѣꙁри|прѣзрі
срцⷣа|срцда
моє̇го|моего
сльꙁы|сльзъі
вⷣѣ|вдѣ
бо|бо
ꙗ̇ко|ꙗко
вьꙁможꙿна|вьзможна
всѣ|всѣ
тебѣ|тебѣ
невьꙁможно|невьзможно
ничесоже|нічесоже
тебѣ|тебѣ
и̇|і
срцⷣемь|срцдемь
мⷪл͠ѣше|мол҃ѣше
сѧ|сѧ
жена|жена
сьꙁдавꙿшомоу|сьздавшомоу
є̇диномоу|едіномоу
срцⷣа|срцда
и̇|і
приѫ̇|пріѫ
вь|вь
мира|міра
мѣсто|мѣсто
миро|міро
животьноє̇|жівотьное
вь|вь
нетлѣноє̇|нетлѣное
и̇|і
прѣбы̇ваѫ̇ще|прѣбъіваѫще
не|не
тако|тако
бѣ|бѣ
миро|міро
грѣшьниѫ̇|грѣшьніѫ
оу̇годꙿно|оугодно
противѫ|протівѫ
мироу|міроу
и̇|і
гл͠омь|гл҃омь
х͠вимь|х҃вімь
принесе|прінесе
миро|міро
грѣшꙿнаа̇|грѣшнаа
женⷶ|жена
и̇|і
любовь|любовь
приѫ̇ть|пріѫть
и̇|і
сьгрѣшениє̇мь|сьгрѣшеніемь
прощениє̇|прощеніе
и̇бо|ібо
сп͠сь|сп҃сь
и̇|і
б͠ь|б҃ь
сы|съі
прѣвⷣѣтель|прѣвдѣтель
вьꙁьꙁвѣсти|вьзьзвѣсті
любленіѥ̇|любленіе
д͠шѫ|д҃шѫ
є̇ѫ̇|еѫ
не|не
невъꙁвѣстьнѣ|невъзвѣстьнѣ
покаꙁа|показа
дльгь|дльгь
а̇|а
ꙗ̇же|ꙗже
прѣжⷣе|прѣжде
дивнаꙗ̇|дівнаꙗ
прѣжде|прѣжде
дльговь|дльговь
проповѣда|проповѣда
и̇|і
ꙗ̇же|ꙗже
по|по
любви|любві
оу̇тврьди|оутврьді
вь|вь
оу̇мѣ|оумѣ
же|же
приѥ̇мь|пріемь
се|се
а̇ꙁь|азь
смѣрены̇|смѣренъі
є̇фремь|ефремь
и̇|і
вьꙁлюбены̇|вьзлюбенъі
и̇|і
вь|вь
оу̇жасѣ|оужасѣ
быхь|бъіхь
мꙿноꙃѣ|мнозѣ
како|како
пришедъши|прішедъші
и̇|і
приближи|прібліжі
сѧ|сѧ
є̇мꙋ|емоу
беꙁь|безь
страха|страха
како|како
ли|лі
прⷣѣ|прдѣ
вѣми|вѣмі
прѣдьста|прѣдьста
како|како
ли|лі
плакаше|плакаше
сѧ|сѧ
прѣдь|прѣдь
ѡ̇чима|очіма
тоу|тоу
і̇соуⷭ҇|ісоус
тогаⷣ|тогад
вьꙁлежѫщоу|вьзлежѫщоу
какоже|какоже
ли|лі
раꙁдрѣши|раздрѣші
пленицѫ|пленіцѫ
си|сі
дрьꙁновє̇ниє̇мꙿ|дрьзновеніем
вьсѧ|вьсѧ
и̇|і
како|како
ноꙁѣ|нозѣ
гн͠и|гн҃і
плачѧщи|плачѧщі
сѧ|сѧ
оу̇макаше|оумакаше
неоу̇срамно|неоусрамно
какоже|какоже
вь|вь
вꙿсемь|всемь
томь|томь
никтоже|ніктоже
ѫ̇|ѫ
не|не
ѿтьгна|оттьгна
и̇|і
како|како
никтоже|ніктоже
ѫ̇|ѫ
не|не
раꙁꙿгнѣва|разгнѣва
нь|нь
да|да
и̇мь|імь
є̇сть|есть
свѣдомь|свѣдомь
плачь|плачь
є̇ѫ̇|еѫ
и̇|і
оу̇годно|оугодно
вьꙁдыханиє̇|вьздъіханіе
ѥ̇ѫ̇|еѫ
всѣмь|всѣмь
дивьстьвьни|дівьстьвьні
же|же
бышѧ|бъішѧ
члв͠ци|члв҃ці
и̇же|іже
бѣхꙋ|бѣхоу
ꙗ̇дѫщеи̇|ꙗдѫщеі
сь|сь
нимь|німь
видѣхоу|відѣхоу
бо|бо
дивꙿноє̇|дівное
чюдо|чоудо
вънеꙁаꙗ̇пѫ|вънезаꙗпѫ
бывшеѥ̇|бъівшее
жена|жена
же|же
блѫдъница|блѫдъніца
неꙁвана|незвана
сьꙁади|сьзаді
оу̇|оу
трапеꙁи|трапезі
стоѫ̇щи|стоѫщі
при|прі
ногоу|ногоу
і̇с͠воу|іс҃воу
плетениє̇|плетеніе
власьноѥ̇|власьное
по|по
прьсеⷨ҇|прьсем
распростерьши|распростерьші
и̇|і
вь|вь
рѫкꙋ|рѫкоу
же|же
а̇лабастрь|алабастрь
мира|міра
мнⷪ҇гоцѣнꙿна|многоцѣнна
и̇мѫщи|імѫщі
и̇|і
не|не
бѣ|бѣ
и̇же|іже
вьпросиль|вьпросіль
ѥ̇ѫ̇|еѫ
по|по
что|что
вьниде|вьніде
ꙁде|зде
и̇ли|ілі
по|по
что|что
пришаⷧ|прішал
є̇си|есі
ѡ̇|о
жено|жено
само|само
ни|ні
ѿ|от
ꙗ̇доущихь|ꙗдоущіхь
тоу|тоу
ни|ні
и̇же|іже
ѿ|от
прѣстоѫ̇щихь|прѣстоѫщіхь
нь|нь
бѣше|бѣше
и̇мь|імь
сладько|сладько
чюдо|чоудо
и̇|і
видѣниє̇|відѣніе
прѣславьно|прѣславьно
и̇|і
недовѣдомо|недовѣдомо
вꙿси|всі
бо|бо
а̇нг͠ли|анг҃лі
трепетоⷨ҇|трепетом
ꙩ̇дрьжими|одрьжімі
бѣхѫ|бѣхѫ
херꙋвимы|хероувімъі
и̇|і
серафими|серафімі
трепетно|трепетно
прѣдьстоꙗ̇хѫ|прѣдьстоꙗхѫ
видѧще|відѧще
велико|веліко
дрьꙁновениѥ̇|дрьзновеніе
женѫ|женѫ
грѣшꙿницѫ|грѣшніцѫ
дрьжѫщѫ|дрьжѫщѫ
сѧ|сѧ
теплоѫ̇|теплоѫ
д͠шеѫ̇|д҃шеѫ
ѻ|о
ноꙁѣ|нозѣ
гн͠и|гн҃і
хероувими|хероувімі
не|не
смѣꙗ̇хѫть|смѣꙗхѫть
ѿнѫдъ|отнѫдъ
и̇|і
жена|жена
грѣшꙿница|грѣшніца
сльꙁѫщи|сльзѫщі
ноꙁѣ|нозѣ
гн͠и|гн҃і
ꙩ̇блобы̇ꙁаше|облобъізаше
и̇|і
маꙁаше|мазаше
миромь|міромь
серафими|серафімі
лица|ліца
си|сі
покрываа̇хѫ|покръіваахѫ
кры(л)ы|кръілъі
а̇|а
жена|жена
грѣшница|грѣшніца
прѣстоꙗ̇ше|прѣстоꙗше
сь|сь
радостиѫ̇|радостіѫ
а̇нг͠ли|анг҃лі
(кь)|кь
прѣстолꙋ|прѣстолоу
приближити|прібліжіті
сѧ|сѧ
не|не
смѣꙗ̇хѫ|смѣꙗхѫ
а̇|а
жена|жена
грѣшница|грѣшніца
власы|власъі
ноꙁѣ|нозѣ
гн͠и|гн҃і
ѻ̇тираше|отіраше
ѡ|о
жⷷно|жено
вѣрꙿнаа̇|вѣрнаа
како|како
а̇ꙁь|азь
похвалю|похвалю
паче|паче
мѣри|мѣрі
любовь|любовь
твоѫ̇|твоѫ
теплоє̇|теплое
приношениѥ̇|пріношеніе
кь|кь
б͠оу|б҃оу
ѡ̇|о
жено|жено
како|како
прославлѫ|прославлѫ
ти|ті
великѫѫ̇|велікѫѫ
любовь|любовь
ꙗ̇же|ꙗже
кь|кь
б͠оу|б҃оу
дш͠еѫ̇|дш҃еѫ
бы̇вши|бъівші
кто|кто
тако|тако
любить|любіть
ꙗ̇коже|ꙗкоже
ты̇|тъі
вьꙁлюби|вьзлюбі
и̇ли|ілі
кто|кто
пріѥ̇меть|пріеметь
ꙗ̇коже|ꙗкоже
ти|ті
приѫ̇ть|пріѫть
си|сі
же|же
вьсѣ|вьсѣ
спⷭ҇а|спса
бл͠годѣтиѫ̇|бл҃годѣтіѫ
си|сі
творити|творіті
ꙁа|за
сп͠сениѥ̇|сп҃сеніе
рода|рода
члвѣча|члвѣча
подати|податі
дръꙁновениѥ̇|дръзновеніе
приходити|пріходіті
на|на
покаа̇ниє̇|покааніе
и̇же|іже
прѣгрѣшени|прѣгрѣшені
лютими|лютімі
ѡ̇дрьжими|одрьжімі
сѧть|сѧть
и̇|і
сьпричьстиє̇|сьпрічьстіе
мⷪ҇литвы̇|молітвъі
и̇|і
плачемь|плачемь
жены̇|женъі
видѣвꙿ|відѣв
же|же
фарисеи̇|фарісеі
бывьшеє̇|бъівьшее
ꙃѣло|зѣло
помишлѣѫ̇|помішлѣѫ
смѧте|смѧте
сѧ|сѧ
ꙗ̇ко|ꙗко
приꙁва|прізва
сп͠са|сп҃са
вь|вь
домь|домь
свои̇|своі
по|по
чиноу|чіноу
пррⷪ҇чоу|пррочоу
и̇|і
горькаа̇|горькаа
помы̇шлѣѫ̇|помъішлѣѫ
вь|вь
срцⷣи|срцді
своє̇мь|своемь
и̇|і
гл͠аше|гл҃аше
а̇ꙁь|азь
реⷱ҇|реч
мьнѣхь|мьнѣхь
пррⷪ҇ка|пррока
сего|сего
сьвѣдѫща|сьвѣдѫща
бѫдѫщаа̇|бѫдѫщаа
и̇|і
минѫвша|мінѫвша
ꙗ̇вѣ|ꙗвѣ
настоѫ̇щаа̇|настоѫщаа
ꙗ̇ко|ꙗко
пррⷪ҇ка|пррока
сьврьшена|сьврьшена
и̇|і
н͠нѣ|н҃нѣ
же|же
вѣровахь|вѣровахь
а̇ꙁь|азь
ꙗ̇ко|ꙗко
прѣдь|прѣдь
ѡ̇чима|очіма
свѣсть|свѣсть
ѡпытꙿнѣнѫ|опъітнѣнѫ
е̇сть|есть
ꙗ̇коже|ꙗкоже
и̇|і
вꙿси|всі
пакы̇|пакъі
же|же
фарисеи̇|фарісеі
реⷱ҇|реч
вь|вь
себѣ|себѣ
гл͠аголѧ|гл҃аголѧ
сьи̇|сьі
а̇ще|аще
би|бі
быль|бъіль
пррⷪ҇кь|пррокь
ѿвѣдѣль|отвѣдѣль
би|бі
кто|кто
сьи̇|сьі
єс͠ть|ес҃ть
и̇|і
каа̇|каа
є̇сть|есть
жєна|жена
и̇|і
како|како
касаѥ̇ть|касаеть
сѧ|сѧ
ѥ̇моу|емоу
ꙗ̇ко|ꙗко
грѣшница|грѣшніца
єⷭ҇|ес
г͠ь|г҃ь
же|же
нашь|нашь
и̇спытаѫ̇|іспъітаѫ
срⷣца|срдца
чл͠вѣча|чл҃вѣча
и̇|і
ꙁижиⷣтель|зіжідтель
(с)ерцⷣь|серцдь
нашихь|нашіхь
не|не
а̇биє̇|абіе
ѻ̇бличи|облічі
тогда|тогда
лѫкаваго|лѫкаваго
нѫ|нѫ
беꙁлобьно|безлобьно
носить|носіть
таи̇ннаа̇|таіннаа
на|на
свѣть|свѣть
и̇|і
двократꙿи̇мь|двократімь
и̇|і
многоѫ̇|многоѫ
чⷭ҇тотоѫ̇|чстотоѫ
ꙩ̇бличаѥ̇ть|облічаеть
ѡ̇|о
нихьже|ніхьже
помысли|помъіслі
симонь|сімонь
и̇|і
и̇ꙁреⷱ҇|ізреч
є̇моу|емоу
г͠ь|г҃ь
и̇|і
ѿвѣща|отвѣща
и̇|і
реⷱ҇|реч
симоне|сімоне
нѣщо|нѣщо
и̇мамь|імамь
ти|ті
рещи|рещі
причꙋ|прічоу
и̇|і
сѫдиѫ̇|сѫдіѫ
тѧ|тѧ
хощѫ|хощѫ
и̇мѣти|імѣті
мои̇мь|моімь
гл͠омь|гл҃омь
симонь|сімонь
же|же
ѿвѣща|отвѣща
и̇|і
реⷱ҇|реч
кь|кь
г͠оу|г҃оу
оу̇чителю|оучітелю
рꙿци|рці
и̇|і
рече|рече
г͠ь|г҃ь
ꙁаѥ̇модавꙿцоу|заемодавцоу
нѣкоє̇моу|нѣкоемоу
бѣста|бѣста
два|два
дльжьника|дльжьніка
є̇ю̇же|еюже
бѣ|бѣ
є̇динь|едінь
дльжⷷнь|дльжень
.н͠.|н҃
ꙁлатиць|златіць
а̇|а
дроугы|дроугъі
.р͠.|р҃
и̇|і
бѣста|бѣста
бо|бо
не|не
и̇мѫща|імѫща
нищо|ніщо
видѣ|відѣ
же|же
ѫ̇|ѫ
ꙁає̇модавець|заемодавець
печали|печалі
ѡ̇дрьжима|одрьжіма
и̇|і
не|не
и̇мѫщима|імѫщіма
и̇ма|іма
чесо|чесо
дати|даті
и̇|і
прости|прості
дльгь|дльгь
когождо|когождо
да|да
котори|которі
ѿ|от
нєю̇|нею
и̇мать|імать
паче|паче
вьꙁлюбити|вьзлюбіті
и̇|і
како|како
ти|ті
симоне|сімоне
мыслиши|мъісліші
ѡ̇|о
комꙋжоⷣ|комоужод
є̇моу|емоу
которы|которъі
ѿ|от
ꙩ̇бою̇|обою
паче|паче
и̇|і
вьꙁлюбыти|вьзлюбъіті
прⷪстившаго|простівшаго
є̇ю̇|ею
дльга|дльга
є̇гоже|егоже
ли|лі
мало|мало
прости|прості
и̇ли|ілі
є̇гоже|егоже
множаи̇ши|множаіші
ꙩ̇ба|оба
бо|бо
и̇мата|імата
ѿ|от
него|него
прощениє̇|прощеніе
и̇|і
ѿвѣща|отвѣща
симонь|сімонь
и̇|і
гл͠а|гл҃а
ѥ̇моу|емоу
тако|тако
раꙁоумѣѫ̇|разоумѣѫ
г͠и|г҃і
ꙗ̇ко|ꙗко
є̇моуже|емоуже
множаи̇ши|множаіші
прошено|прошено
быⷭ҇|бъіс
тьи̇|тьі
множаи̇ши|множаіші
вьꙁлюбыть|вьзлюбъіть
и̇|і
се|се
же|же
гл͠а|гл҃а
є̇моу|емоу
добрѣ|добрѣ
реⷱ҇|реч
сѫди|сѫді
и̇|і
ꙩ̇брати|обраті
сѧ|сѧ
кь|кь
жєнѣ|женѣ
и̇|і
симонꙋ|сімоноу
реⷱ҇|реч
виⷣши|відші
ли|лі
сиѫ̇|сіѫ
женѫ|женѫ
ѥ̇и̇|еі
реⷱ҇|реч
послоушⷶи̇|послоушаі
рѣхь|рѣхь
ти|ті
ѻ̇|о
недомыслꙗ|недомъіслꙗ
твоє̇мь|твоемь
и̇|і
вь|вь
домь|домь
свои̇|своі
вьвеⷣ|вьвед
и̇|і
почте|почте
ты|тъі
нѫ|нѫ
воⷣѫ̇|водѫ
не|не
ѡ̇мы|омъі
ногоу|ногоу
моє̇ю̇|моею
ꙗ̇ко|ꙗко
и̇|і
чл͠коу|чл҃коу
женѫ|женѫ
же|же
сиѫ̇|сіѫ
виⷣши|відші
сь|сь
слъꙁами|слъзамі
свои̇ми|своімі
ѡ̇мы|омъі
ми|мі
нⷪꙃѣ|нозѣ
и̇|і
власы|власъі
гливы|глівъі
своѫ̇|своѫ
ѡ̇терь|отерь
и̇|і
такожде|такожде
и̇|і
лобьꙁаниѥ̇|лобьзаніе
ми|мі
дасть|дасть
да|да
ѿнелиже|отнеліже
вьниде|вьніде
не|не
прѣста|прѣста
ѡ̇боⷧ҇быꙁаѫ̇щи|оболбъізаѫщі
ноꙃѣ|нозѣ
мои̇|моі
и̇|і
ты|тъі
масломь|масломь
не|не
помаꙁа|помаза
главы|главъі
моѫ̇|моѫ
сиꙗ̇|сіꙗ
же|же
мыромь|мъіромь
ц͠рьскыⷨ҇|ц҃рьскъім
помаꙃа|помаза
главѫ|главѫ
мⷪ҇ѫ̇|моѫ
и̇|і
ноꙁѣ|нозѣ
и̇|і
сего|сего
ради|раді
гл͠ѧ|гл҃ѧ
ти|ті
мнⷪ҇ꙁи|мнозі
є̇ѫ̇|еѫ
грѣси|грѣсі
ꙗ̇коже|ꙗкоже
ты|тъі
мниши|мніші
мене|мене
не|не
раꙁоумѣѫ̇ща|разоумѣѫща
нѫ|нѫ
ѡ̇ставѫть|оставѫть
сѧ|сѧ
ѥ̇и̇|еі
мноꙁи|мнозі
грѣси|грѣсі
нѫ|нѫ
понеже|понеже
провари|проварі
покаꙁати|показаті
любовь|любовь
своѫ̇|своѫ
ꙗ̇ко|ꙗко
много|много
вьꙁлюби|вьзлюбі
и̇|і
много|много
ѡ̇брѫщеть|обрѫщеть
а̇|а
мало|мало
лю̇бѫщимь|любѫщімь
мало|мало
порадоуѫ̇тꙿ|порадоуѫт
сѧ|сѧ
и̇|і
много|много
любѫщо|любѫщо
много|много
пораоуⷣѫ̇тꙿ|пораоудѫт
сѧ|сѧ
и̇|і
реⷱ҇|реч
кь|кь
неи̇|неі
ѡ̇ставлѣѫ̇ть|оставлѣѫть
ти|ті
сѧ|сѧ
грѣси|грѣсі
и̇|і
начѧшѧ|начѧшѧ
вьꙁлежѫщеи̇|вьзлежѫщеі
гл͠ати|гл҃аті
вь|вь
себѣ|себѣ
кто|кто
сьи̇|сьі
є̇сть|есть
таковы̇|таковъі
ꙗ̇ко|ꙗко
и̇|і
грѣхы|грѣхъі
пращать|пращать
и̇|і
кь|кь
женѣ|женѣ
реⷱ҇|реч
вѣра|вѣра
твоꙗ̇|твоꙗ
сп͠ст|сп҃ст
[т]ѧ|тѧ
и̇|і
реⷱ|реч
и̇|і
кь|кь
симоноу|сімоноу
не|не
сьблажнаи̇|сьблажнаі
сѧ|сѧ
ꙩ|о
спⷭ҇ени|спсені
сеѫ̇|сеѫ
жени|жені
грѣшьныѫ̇|грѣшьнъіѫ
ни|ні
ѡ̇|о
и̇номь|іномь
ничесомьже|нічесомьже
а̇ꙁь|азь
бо|бо
придохо|прідохо
грѣшникы|грѣшнікъі
приꙁвати|прізваті
и̇|і
мытарѧ|мъітарѧ
ѡ̇правдати|оправдаті
и̇|і
ѡ̇мрачены̇ѫ̇|омраченъіѫ
просвѣтити|просвѣтіті
и̇|і
приѥ̇мьшѧѫ̇|пріемьшѧѫ
слы̇|слъі
равѫ|равѫ
блѧдьницѫ|блѧдьніцѫ
и̇|і
вѣровавьшѫѫ̇|вѣровавьшѫѫ
ѡ̇пы̇тнѣ|опъітнѣ
вь|вь
б͠ь|б҃ь
ѻ̇тец͠ь|отец҃ь
ꙗ̇ко|ꙗко
и̇|і
тѧ|тѧ
сп͠се|сп҃се
и̇|і
смѣси|смѣсі
люди|люді
і̇сьⷭ҇|ісьс
навьгунь|навьгунь
ꙗ̇коже|ꙗкоже
и̇мени|імені
є̇ѫ̇|еѫ
написаноу|напісаноу
быти|бъіті
вь|вь
роⷣ|род
и̇|і
родь|родь
и̇ꙁлⷭ҇евь|ізлсевь
тѣмьжеⷣ|тѣмьжед
же|же
ѡ̇браꙁомь|образомь
и̇|і
сиѫ̇|сіѫ
приѫ̇хь|пріѫхь
а̇ꙁь|азь
и̇|і
пристихь|прістіхь
же|же
є̇ѫ̇|еѫ
вьсѫ|вьсѫ
сьблаꙁни|сьблазні
є̇ѫ̇|еѫ
и̇|і
до|до
вѣка|вѣка
вь|вь
роди|роді
и̇|і
родь|родь
се|се
бо|бо
сьтвори|сьтворі
вь|вь
памѧть|памѧть
своѫ̇|своѫ
да|да
вьсхвалѧть|вьсхвалѧть
чл͠вколюбца|чл҃вколюбца
б͠а|б҃а
ты|тъі
самь|самь
реⷱ҇|реч
не|не
хощѧ|хощѧ
смрⷮы|смртъі
грѣ(ш)никомь|грѣшнікомь
доньдеже|доньдеже
ѡ̇братѧт|обратѧт
сѧ|сѧ
и̇|і
ѡ̇живѫть|ожівѫть
и̇|і
томꙋ|томоу
слаⷡ|слав
вь|вь
вѣкы|вѣкъі
вѣкомь|вѣкомь
а̇минь|амінь
СЛ(Ꙍ)ВꙌ|слово
СТ҇АГꙌ|стаго
ИꙌАН҇А|іоана
ꙀЛАТꙌꙊСТАГꙌ|златооустаго
НА|на
ВЕЛИ(К҇И)|велікі
чекь|чекь
бл͠агослови|бл҃агослові
ѡ̇ч͠е|оч҃е
Бою|бою
се|се
гл͠ати|гл҃аті
и̇|і
є̇ꙁы̇комь|езъікомь
коснѫти|коснѫті
сѧ|сѧ
страшно|страшно
єⷭ҇|ес
ꙩ̇|о
семь|семь
гл͠ати|гл҃аті
г͠ь|г҃ь
бо|бо
и̇|і
б͠ь|б҃ь
прѣдань|прѣдань
быⷭ҇|бъіс
вь|вь
рѫкы|рѫкъі
грѣшникомь|грѣшнікомь
днеⷭ҇|днес
и̇|і
нечьстивымь|нечьстівъімь
чл͠вкоⷨ҇|чл҃вком
сего|сего
ради|раді
прѣдань|прѣдань
быⷭ҇|бъіс
ст͠ыи̇|ст҃ъіі
нбⷭ҇ны|нбснъі
владика|владіка
беꙁꙿ|без
грѣха|грѣха
сыи̇|съіі
и̇|і
ничесоже|нічесоже
не|не
сьгрѣшивь|сьгрѣшівь
прѣдань|прѣдань
быⷭ҇|бъіс
и̇мь|імь
придѣте|прідѣте
да|да
видимь|відімь
по|по
что|что
прѣдань|прѣдань
быⷭ҇|бъіс
спьⷭ҇|спьс
наша|наша
наⷭ҇|нас
ради|раді
нечтⷭ҇ивыⷯ҇|нечтсівъіх
прѣдань|прѣдань
быⷭ҇|бъіс
вл͠ка|вл҃ка
и̇|і
коⷮ҇|кот
се|се
не|не
дивить|дівіть
и̇|і
кто|кто
не|не
слави|славі
рабомь|рабомь
сьгрѣшьшимь|сьгрѣшьшімь
влкⷣа|влкда
прѣдань|прѣдань
быⷭ҇|бъіс
да|да
свободить|свободіть
ѿ|от
смрьти|смрьті
своѫ̇|своѫ
рабы|рабъі
сьгрѣшивъшѫѫ̇|сьгрѣшівъшѫѫ
сн͠ове|сн҃ове
погы̇бѣльни|погъібѣльні
хотѣхь|хотѣхь
патриꙗ̇рꙿхѻвѫ|патріꙗрховѫ
бесѣдѫ|бесѣдѫ
кь|кь
вамь|вамь
прострѣти|прострѣті
и̇|і
ѿ|от
тоѫ̇|тоѫ
дх͠овьнѫѫ̇|дх҃овьнѫѫ
пищѫ|піщѫ
вамь|вамь
дати|даті
нѫ|нѫ
беꙁоумиє̇|безоуміе
прѣдателево|прѣдателево
на|на
своѫ̇|своѫ
бесѣдѫ|бесѣдѫ
ѫ̇ꙁыкы|ѫзъікъі
навлачить|навлачіть
и̇|і
врѣмѧ|врѣмѧ
дн͠и|дн҃і
семоу|семоу
бѣдит|бѣдіт
ны̇|нъі
беꙁꙋмиє̇|безоуміе
и̇ꙁьгл͠ати|ізьгл҃аті
днеⷭ҇|днес
бо|бо
г͠ь|г҃ь
нашь|нашь
і̇сьⷭ҇|ісьс
хьⷭ҇|хьс
прѣдань|прѣдань
быⷭ҇|бъіс
вь|вь
рѫки|рѫкі
грѣшꙿникомь|грѣшнікомь
оу̇ченикомь|оученікомь
своиⷨ҇|своім
ю̇доѫ̇|юдоѫ
нѫ|нѫ
се|се
слыши|слъіші
брате|брате
не|не
бѫди|бѫді
печалень|печалень
ꙁане|зане
прѣдань|прѣдань
быⷭ҇|бъіс
нь|нь
паче|паче
просльꙁи|просльзі
сѧ|сѧ
и̇|і
вьꙁдьхни|вьздьхні
не|не
прѣданаго|прѣданаго
рода|рода
нѫ|нѫ
прѣдавьшаго|прѣдавьшаго
и̇|і
радꙿма|радма
ꙁане|зане
хьⷭ҇|хьс
реⷱ҇|реч
видѣвь|відѣвь
и̇ю̇дѫ|іюдѫ
и|і
смѧтє|смѧте
сѧ|сѧ
чесо|чесо
ради|раді
мѧⷭ҇те|мѧсте
сѧ|сѧ
помишлѣѫ̇|помішлѣѫ
ꙗ̇ко|ꙗко
въ|въ
толицѣ|толіцѣ
оу̇чени|оучені
вь|вь
какы|какъі
брѣгь|брѣгь
сѧ|сѧ
вьврьгь|вьврьгь
и̇|і
не|не
чюꙗ̇ше|чоуꙗше
ми͠лоує̇|мі҃лоуе
бо|бо
оу̇ченика|оученіка
хьⷭ҇|хьс
и̇|і
сѧⷨ҇те|сѧмте
сѧ|сѧ
и̇|і
сего|сего
ради|раді
гл͠еть|гл҃еть
вьсе|вьсе
же|же
є̇уⷢлисть|еуглість
и̇стинѫ|істінѫ
смѧте|смѧте
сѧ|сѧ
оу̇бо|оубо
ꙁрѫ|зрѫ
беꙁоумиє̇|безоуміе
оу̇чⷷ҇ника|оученіка
и̇|і
наⷭ҇|нас
оу̇чить|оучіть
тѣхь|тѣхь
плакати|плакаті
сѧ|сѧ
творѧщиⷯ҇|творѧщіх
ꙁло|зло
си|сі
сꙋть|соуть
стражѫⷣщеи̇|стражѫдщеі
ꙁлѣ|злѣ
и̇|і
се|се
ꙗ̇вѣ|ꙗвѣ
гл͠аше|гл҃аше
хьⷭ҇|хьс
бл͠жени|бл҃жені
и̇ꙁꙿгнани|ізгнані
правьды|правьдъі
ради|раді
ꙗ̇ко|ꙗко
тѣхь|тѣхь
є̇сть|есть
цр͠ьство|цр҃ьство
нбс͠ноє̇|нбс҃ное
видѣ|відѣ
ли|лі
коликь|колікь
прибитокь|прібітокь
ꙗ̇ви|ꙗві
стражⷣѫщимь|страждѫщімь
вижьⷣ|віжьд
паки|пакі
и̇ньдє|іньде
творѫщимь|творѫщімь
ꙁлоє̇|злое
немⷧ҇остивие̇|немлостівіе
мꙋкы|моукъі
послоушаи̇|послоушаі
оу̇бо|оубо
павла|павла
гл͠ѧща|гл҃ѧща
вы|въі
же|же
братиє̇|братіе
поⷣбны|подбнъі
бысте|бъісте
цр͠ьквамь|цр҃ьквамь
бж͠иꙗ̇мь|бж҃іꙗмь
сѫщимь|сѫщімь
вь|вь
и̇юдеи̇|іюдеі
ѡ̇|о
хⷭ҇ѣ|хсѣ
і̇сⷭ҇ѣ|іссѣ
ꙗ̇ко|ꙗко
такожеⷣ|такожед
приѫ̇стⷷ|пріѫсте
и̇|і
вы̇|въі
ѿ|от
свои̇хь|своіхь
племеньникь|племеньнікь
ꙗ̇коже|ꙗкоже
и̇|і
ти|ті
ѿ|от
и̇ю̇дⷷ҇и̇|іюдеі
оу̇бивьшиⷯ҇|оубівьшіх
г͠а|г҃а
і̇саⷭ҇|ісас
и̇|і
своѫ̇|своѫ
пррⷪ҇кы|пррокъі
и̇|і
наⷭ҇|нас
и̇ꙁбивꙿшихь|ізбівшіхь
вьꙁꙿбранѣѫ̇щимь|вьзбранѣѫщімь
сѧть|сѧть
є̇ꙁыкомь|езъікомь
гл͠ати|гл҃аті
да|да
сп͠сѧт|сп҃сѧт
сѧ|сѧ
вь|вь
и̇спльнени|іспльнені
тьми|тьмі
и̇|і
грѣхь|грѣхь
постижⷷ҇|постіже
же|же
вь|вь
ныхь|нъіхь
гнѣвь|гнѣвь
до|до
коньца|коньца
видѣ|відѣ
ли|лі
ꙗко|ꙗко
тѣхь|тѣхь
поⷣбає̇ть|подбаеть
рыдати|ръідаті
и̇|і
плакати|плакаті
сѧ|сѧ
творѧщихь|творѧщіхь
ꙁлоє̇|злое
а̇|а
страждѫщихь|страждѫщіхь
ꙁло|зло
блажити|блажіті
сего|сего
ди|ді
чл͠вколюбець|чл҃вколюбець
б͠ь|б҃ь
ꙁрѧ|зрѧ
дрьꙁости|дрьзості
оу̇ченичѧ|оученічѧ
и̇|і
смѧте|смѧте
сѧ|сѧ
любовь|любовь
ꙗ̇влѣѫ̇|ꙗвлѣѫ
юже|юже
и̇мѣше|імѣше
на|на
немь|немь
и̇|і
покаꙁаѫ̇|показаѫ
си|сі
чл͠вколюбиꙗ̇|чл҃вколюбіꙗ
великотѧ|велікотѧ
и̇|і
до|до
самого|самого
прѣданиꙗ̇|прѣданіꙗ
вьсѣкѫ|вьсѣкѫ
польꙁѫ|пользѫ
творѧ|творѧ
є̇моу|емоу
да|да
не|не
бѫди|бѫді
печалень|печалень
брате|брате
слышавь|слъішавь
ꙗ̇ко|ꙗко
і̇с͠ь|іс҃ь
прѣдань|прѣдань
быⷭ҇|бъіс
нѫ|нѫ
а̇ще|аще
хощеши|хощеші
плачи|плачі
се|се
горько|горько
и̇|і
вьꙁдьхꙿны|вьздьхнъі
вельми|вельмі
не|не
прѣданꙿнаго|прѣданнаго
і̇с͠а|іс҃а
ради|раді
нь|нь
прѣдавьшаго|прѣдавьшаго
и̇|і
и̇ю̇ды̇|іюдъі
прѣдань|прѣдань
быⷭ҇|бъіс
і̇сьⷭ҇|ісьс
вьселенꙋ|вьселеноу
спс͠ль|спс҃ль
ѥ̇сть|есть
а̇|а
прѣдавы|прѣдавъі
и̇|і
ю̇да|юда
вь|вь
а̇дѣ|адѣ
ни͠нѣ|ні҃нѣ
є̇сть|есть
и̇|і
неѡ̇слабноую|неослабноую
мꙋкꙋ|моукоу
жⷣить|ждіть
и̇|і
того|того
ради|раді
вьꙁдьхни|вьздьхні
и̇|і
того|того
ради|раді
просльꙁы|просльзъі
сѧ|сѧ
и̇мьже|імьже
и̇|і
самь|самь
г͠ь|г҃ь
того|того
ради|раді
смꙋте|смоуте
сѧ|сѧ
смѧте|смѧте
сѧ|сѧ
понєже|понеже
реⷱ҇|реч
є̇динь|едінь
ѿ|от
вась|вась
прѣдасть|прѣдасть
мѧ|мѧ
ꙩ̇|о
колико|коліко
милрⷭ҇ьде|мілрсьде
ѡ̇|о
коликаа̇|колікаа
бл͠годѣть|бл҃годѣть
прѣданы̇и̇|прѣданъіі
не|не
себе|себе
ради|раді
нь|нь
прѣдавшаго|прѣдавшаго
и̇|і
печалень|печалень
быⷭ҇|бъіс
видѧ|відѧ
и̇|і
прѣбываѫ̇ща|прѣбъіваѫща
вь|вь
ꙁлобѣ|злобѣ
и̇|і
смѧте|смѧте
сѧ|сѧ
и̇|і
реⷱ҇|реч
є̇динь|едінь
ѿ|от
ваⷭ҇|вас
прѣдасть|прѣдасть
мѧ|мѧ
и̇|і
блюди|блюді
колико|коліко
не|не
ꙁлобиє̇|злобіе
и̇|і
колико|коліко
трьпѣниє̇|трьпѣніе
и̇|і
како|како
милоує̇ть|мілоуеть
є̇ще|еще
не|не
раꙁꙋмꙿнаа̇го|разоумнааго
и̇|і
не|не
хощеть|хощеть
да|да
би|бі
бестоудень|бестоудень
бы̇ль|бъіль
ни|ні
ꙗ̇влѣє̇ть|ꙗвлѣеть
є̇го|его
нь|нь
вьсѣмь|вьсѣмь
оу̇ченикомь|оученікомь
тꙋгꙋ|тоугоу
творить|творіть
не|не
наракь|наракь
никомꙋже|нікомоуже
на|на
лице|ліце
ꙩ̇номоу|ономоу
же|же
винꙋ|віноу
дає̇|дае
покаꙗ̇ниѥ̇|покаꙗніе
и̇|і
да|да
би|бі
прѣсталь|прѣсталь
ѿ|от
неи̇стовьства|неістовьства
нь|нь
є̇гаⷣ|егад
д͠ша|д҃ша
ꙩ̇жесточить|ожесточіть
сѧ|сѧ
ниє̇диногⷪ|ніедіного
не|не
послоушає̇ть|послоушаеть
ни|ні
оу̇чениꙗ̇|оученіꙗ
ни|ні
накаꙁаниꙗ̇|наказаніꙗ
нь|нь
ꙩ̇мрачена|омрачена
бы̇вьши|бъівьші
грѣхомь|грѣхомь
и̇|і
вь|вь
брѣгь|брѣгь
вьпадає̇ть|вьпадаеть
нѫ|нѫ
вьсѣко|вьсѣко
ничесоже|нічесоже
приꙩ̇брѣте|пріобрѣте
толицѣмь|толіцѣмь
трьпѣниє̇мь|трьпѣніемь
ѥ̇динь|едінь
реⷱ҇|реч
ѿ|от
ваⷭ҇|вас
прѣдасть|прѣдасть
мѧ|мѧ
и̇|і
чесо|чесо
ради|раді
смѧтє|смѧте
сѧ|сѧ
и̇|і
печалєнь|печалень
быⷭ҇|бъіс
коупно|коупно
чл͠колюбиє̇|чл҃колюбіе
ꙗ̇влѣє̇|ꙗвлѣе
и̇|і
ꙋчить|оучіть
ны̇|нъі
ꙗ̇ко|ꙗко
тѣхь|тѣхь
паче|паче
доⷭ҇и̇ть|досіть
плати|платі
сѧ|сѧ
творѧщимь|творѧщімь
и̇скрьнимь|іскрьнімь
си|сі
ꙁло|зло
и̇|і
ти|ті
бо|бо
приꙁываѫ̇ще|прізъіваѫще
на|на
сѧ|сѧ
гꙿнѣвь|гнѣвь
грѧдѧщии̇|грѧдѧщіі
си|сі
оу̇бо|оубо
не|не
вь|вь
простоѫ̇|простоѫ
н͠нѣ|н҃нѣ
кь|кь
ваше|ваше
любьви|любьві
гл͠емь|гл҃емь
нь|нь
да|да
навикꙿнете|навікнете
не|не
гнѣвати|гнѣваті
сѧ|сѧ
на|на
вражеⷣбникы̇|вражедбнікъі
вашѧ|вашѧ
нѫ|нѫ
паче|паче
да|да
милоує̇мь|мілоуемь
ѫ̇|ѫ
и̇|і
да|да
плачемь|плачемь
сѧ|сѧ
и̇|і
да|да
ры̇дає̇мь|ръідаемь
сь|сь
ними|німі
ти|ті
бо|бо
сꙋть|соуть
приє̇мѧⷧ҇щеи̇|пріемѧлщеі
ꙁло|зло
є̇же|еже
и̇мѫть|імѫть
вражѫⷣ|вражѫд
на|на
ны|нъі
нѫ|нѫ
оу̇чениче|оученіче
беꙁꙋмиє̇|безоуміе
да|да
раꙁꙋмѣє̇мь|разоумѣемь
и̇|і
г͠неє̇|г҃нее
бечиссльно(є̇)|бечіссльное
милрⷭ҇диє̇|мілрсдіе
и̇|і
да|да
послоушаѥ̇мь|послоушаемь
н͠нѣ|н҃нѣ
оу̇бо|оубо
є̇уⷢ҇листа|еугліста
како|како
дрьꙁность|дрьзность
ѥ̇го|его
повѣдоує̇ть|повѣдоуеть
тогда|тогда
реⷱ҇|реч
шедь|шедь
ѥ̇динь|едінь
ѿ|от
ꙩ̇бою̇|обою
на|на
десѧте|десѧте
и̇ю̇да|іюда
нарицає̇мь|наріцаемь
скариꙩ̇ть|скаріоть
кь|кь
а̇рьхиѥ̇реѻ̇мь|арьхіереомь
и̇|і
реⷱ҇|реч
что|что
ми|мі
хощете|хощете
дати|даті
и̇|і
а̇ꙁь|азь
вамь|вамь
прѣдамь|прѣдамь
и̇|і
вьсѣкѫ|вьсѣкѫ
бесѣдѫ|бесѣдѫ
сь|сь
вьꙁдыханиє̇мь|вьздъіханіемь
да|да
и̇ꙁищемь|ізіщемь
и̇|і
сь|сь
и̇спитаниє̇мь|іспітаніемь
да|да
лежⷷжѫщєѥ̇|лежежѫщее
б͠гатьство|б҃гатьство
вь|вь
словесехь|словесехь
сихь|сіхь
можемь|можемь
оу̇вⷣѣти|оувдѣті
тогда|тогда
реⷱ҇|реч
шедь|шедь
и̇|і
не|не
вь|вь
просто|просто
наⷨ҇|нам
ꙗ̇влѣє̇ть|ꙗвлѣеть
врѣмѧ|врѣмѧ
бл͠жень|бл҃жень
и̇|і
д͠хомь|д҃хомь
ꙗ̇влѣѫ̇и̇|ꙗвлѣѫі
гл͠ѧ|гл҃ѧ
ничесо|нічесо
[...]шоуть|шоуть
не|не
гл͠еть|гл҃еть
нѫ|нѫ
хотѧ|хотѧ
а̇вити|авіті
ѥ̇теро|етеро
что|что
и̇|і
тако|тако
начѧть|начѧть
и̇|і
реⷱ҇|реч
да|да
чесо|чесо
ради|раді
намь|намь
гл͠еть|гл҃еть
да|да
оу̇вѣсте|оувѣсте
оу̇чениче|оученіче
беꙁꙋмиє̇|безоуміе
тѡгаⷣ|тогад
сы|съі
на|на
прѣльщение̇|прѣльщеніе
оу̇готови|оуготові
сѧ|сѧ
ѥ̇гаⷣ|егад
любодѣи̇ца|любодѣіца
пришедꙿши|прішедші
и̇|і
а̇лавастрь|алавастрь
мира|міра
и̇ꙁливаше|ізліваше
на|на
ноꙁѣ|нозѣ
и̇с͠вѣ|іс҃вѣ
и̇|і
власы|власъі
свои̇ми|своімі
ѡ̇тираше|отіраше
и̇|і
многымь|многъімь
и̇цⷭѣлениѥ̇|іцсѣленіе
а̇влѣа̇ше|авлѣаше
сьтираѫ̇щи|сьтіраѫщі
и̇сповѣданны̇ѫ̇|ісповѣданнъіѫ
грѣхы|грѣхъі
своѫ̇|своѫ
тогда|тогда
оу̇бо|оубо
є̇гаⷣ|егад
видѣ|відѣ
толико|толіко
прилежаниѥ̇|прілежаніе
на|на
оу̇чители|оучітелі
тогда|тогда
не|не
беꙁьгоднѫю|безьгоднѫю
дѣтель|дѣтель
потьща|потьща
сѧ|сѧ
ꙩ̇на|она
же|же
ѿ|от
глѫбины|глѫбінъі
самоѫ̇|самоѫ
ꙁлобы̇|злобъі
на|на
връхь|връхь
добриѫ̇|добріѫ
дѣтели|дѣтелі
понеже|понеже
вьсхотѣ|вьсхотѣ
вьꙁмогьши|вьзмогьші
вьꙁы̇ти|вьзъіті
а̇|а
сы̇|съі
по|по
мноꙁѣхь|мнозѣхь
чюдесехь|чоудесехь
и̇|і
по|по
толицѣхь|толіцѣхь
оу̇чени|оучені
и̇|і
по|по
толицѣ|толіцѣ
сьмотрени|сьмотрені
въ|въ
самѫѫ̇|самѫѫ
глѫбынѫ|глѫбъінѫ
вьпаде|вьпаде
таковы|таковъі
сѫть|сѫть
ꙁлобы̇|злобъі
слабы̇|слабъі
и̇|і
непослоушаѫ̇щимь|непослоушаѫщімь
сего|сего
ради|раді
павель|павель
гл͠аше|гл҃аше
оу̇чѧ|оучѧ
ꙗ̇ко|ꙗко
мьнѫи̇|мьнѫі
сѧ|сѧ
стоꙗ̇ти|стоꙗті
да|да
блюдесть|блюдесть
сѧ|сѧ
да|да
сѧ|сѧ
не|не
прѣпадеть|прѣпадеть
и̇|і
пррⷪ҇кь|пррокь
пакы|пакъі
въпиꙗ̇ше|въпіꙗше
гл͠ѧ|гл҃ѧ
є̇да|еда
падае|падае
не|не
въстанеть|въстанеть
и̇ли|ілі
ѡ̇бращаѫ̇и̇|обращаѫі
сѧ|сѧ
и̇|і
не|не
вьꙁьвратить|вьзьвратіть
сѧ|сѧ
кьждо|кьждо
и̇хь|іхь
бальство|бальство
и̇мыи̇|імъіі
ѥ̇да|еда
стоѫ̇и̇|стоѫі
не|не
мнить|мніть
сѧ|сѧ
пасти|пасті
нь|нь
дрьꙁаѥ̇ть|дрьзаеть
вънꙋ|въноу
а̇|а
пады|падъі
да|да
не|не
ѿреⷱ҇ть|отречть
сѧ|сѧ
вынѫ|въінѫ
да|да
и̇мать|імать
оу̇пованиє̇|оупованіе
добро|добро
кь|кь
вьꙁꙿвращению|вьзвращенію
прити|пріті
сего|сего
ради|раді
бл͠жены̇|бл҃женъі
ѥ̇уⷢ҇листь|еуглість
повꙗдаше|повꙗдаше
бы̇вꙿшаа̇|бъівшаа
ѡ̇|о
оу̇ченицѣ|оученіцѣ
гл͠аше|гл҃аше
тогда|тогда
шедь|шедь
и̇|і
реⷱ҇|реч
малꙋ|малоу
бесѣдѫ|бесѣдѫ
и̇мать|імать
ꙗ̇влѣє̇ть|ꙗвлѣеть
бо|бо
ꙗ̇ко|ꙗко
самь|самь
своє̇ѫ̇|своеѫ
волеѫ̇|волеѫ
и̇де|іде
на|на
сиѫ̇|сіѫ
беꙁочнꙋ|безочноу
дѣтель|дѣтель
не|не
и̇нѣмь|інѣмь
ꙁвань|звань
ни|ні
ѿ|от
и̇нѣхь|інѣхь
повелѣниє̇|повелѣніе
приѥмь|пріемь
нѫ|нѫ
самь|самь
собою|собою
движемь|двіжемь
и̇|і
на|на
се|се
приде|пріде
не|не
и̇мы̇|імъі
никоє̇же|нікоеже
выни|въіні
нѫ|нѫ
своѥ̇ѫ̇|своеѫ
ꙁлобоѫ̇|злобоѫ
на|на
прѣданиѥ̇|прѣданіе
себе|себе
наоу̇чи|наоучі
тогда|тогда
шⷷдь|шедь
и̇|і
реⷱ҇|реч
ѥ̇динь|едінь
ѿ|от
ѡ̇бооу̇|обооу
на|на
десѧте|десѧте
и̇|і
сь|сь
не|не
мала|мала
вина|віна
нѫ|нѫ
и̇|і
велиє̇|веліе
поношенѥ̇|поношене
ѥ̇мꙋ|емоу
ꙗ̇влѣє̇ть|ꙗвлѣеть
ѥ̇же|еже
реⷱ҇|реч
ѥдинь|едінь
ѿ|от
ꙩ̇бою|обою
на|на
десѧти|десѧті
сирѣчь|сірѣчь
ѿ|от
великыхь|велікъіхь
ѿ|от
и̇скоушенихь|іскоушеніхь
ѡ̇|о
самомь|самомь
ꙩ̇творѫщиихь|отворѫщііхь
чю̇деса|чоудеса
вє̇лиꙗ̇|веліꙗ
и̇|і
ꙁнамениꙗ̇|знаменіꙗ
ѿ|от
живѫщихь|жівѫщіхь
сь|сь
нимь|німь
по|по
вьсѧ|вьсѧ
дн͠и|дн҃і
ѿ|от
и̇мꙋщихꙿь|імоущіхь
дрьꙁновениє̇|дрьзновеніе
кь|кь
немоу|немоу
си|сі
бо|бо
бѣшѧ|бѣшѧ
и̇скоушени|іскоушені
сь|сь
ликы|лікъі
сы|съі
ѻ̇|о
самомь|самомь
цр͠и|цр҃і
и̇стого|істого
лика|ліка
и̇скочи|іскочі
и̇ю̇да|іюда
и̇|і
да|да
ꙋвѣси|оувѣсі
ꙗ̇ко|ꙗко
не|не
прость|прость
бѣ|бѣ
нѫ|нѫ
ѿ|от
оу̇ченикь|оученікь
нѫ|нѫ
ѿ|от
великыхь|велікъіхь
реⷱ҇|реч
е̇ди̇нь|едінь
ѿ|от
ꙩ̇бою̇|обою
на|на
десѧте|десѧте
и̇|і
не|не
стыдит|стъідіт
се|се
пишѫ|пішѫ
ѥ̇уⷢ҇листь|еуглість
чесо|чесо
ради|раді
да|да
ты|тъі
вѣрѫ̇|вѣрѫ
и̇меши|імеші
ꙗ̇ко|ꙗко
всежде|всежде
вь|вь
и̇стинѫ|істінѫ
гл͠еть|гл҃еть
и̇|і
ничесоже|нічесоже
не|не
таи̇ть|таіть
сѫщихь|сѫщіхь
вь|вь
поношени|поношені
сама|сама
бо|бо
словеса|словеса
мнимаꙗ̇|мнімаꙗ
поношению̇|поношенію
сѧще|сѧще
ꙗ̇блѣє̇ть|ꙗблѣеть
г͠не|г҃не
чл͠вколюбиѥ̇|чл҃вколюбіе
ꙗ̇ко|ꙗко
прѣдадителѣ|прѣдадітелѣ
и̇|і
татѣ|татѣ
толицѣмь|толіцѣмь
добромь|добромь
достои̇на|достоіна
сьтвориль|сьтворіль
єⷭ҇|ес
и̇|і
до|до
послѣдьнѣго|послѣдьнѣго
веⷱ҇ра|вечра
трьпѣнше|трьпѣнше
и̇|і
оу̇чаше|оучаше
и̇|і
каꙁаше|казаше
видѣ|відѣ
ли|лі
любодѣи̇ца|любодѣіца
сп͠сена|сп҃сена
быⷭ҇|бъіс
и̇мь|імь
и̇|і
ѡ̇брати|обраті
сѧ|сѧ
и̇|і
покаа̇|покаа
сѧ|сѧ
а̇|а
оу̇ченикь|оученікь
ѡ̇слабѣ|ослабѣ
и̇|і
ѻ̇тьпаде|отьпаде
и̇|і
погыбє|погъібе
и̇|і
не|не
моꙁи|мозі
ѥ̇ю̇|ею
ѿврѣщи|отврѣщі
себе|себе
любодѣи̇цѫ|любодѣіцѫ
видѣвъ|відѣвъ
ни|ні
пакы|пакъі
дрьꙁаи̇|дрьзаі
оу̇ченика|оученіка
ꙁрѫ|зрѫ
ꙩ̇боє̇|обое
пагоуба|пагоуба
єⷭ҇|ес
ѥ̇же|еже
дрьꙁати|дрьзаті
бе|бе
сꙋмⷩ҇ѣниꙗ̇|соумнѣніꙗ
и̇|і
є̇же|еже
ѿврѣщи|отврѣщі
себе|себе
вь|вь
нечаꙗ̇ниѥ̇|нечаꙗніе
видѣ|відѣ
ли|лі
ꙗ̇ко|ꙗко
оу̇чєникь|оученікь
мнⷷ|мне
се|се
стоꙗ̇ти|стоꙗті
и̇|і
паде|паде
и̇|і
како|како
любодѣи̇ца|любодѣіца
лежѧщи|лежѧщі
и̇|і
вьста|вьста
слаба|слаба
є̇сть|есть
наша|наша
волѣ|волѣ
сего|сего
ради|раді
доⷭ҇и̇ть|досіть
намь|намь
вꙿсегаⷣ|всегад
хранити|храніті
сѧ|сѧ
и̇|і
крѣпити|крѣпіті
тогда|тогда
шедь|шедь
ѿ|от
ѡ̇бою̇|обою
на|на
десѧте|десѧте
и̇|і
ю̇да|юда
скариꙩ̇ть|скаріоть
виⷣши|відші
ли|лі
ѿ|от
коє̇го|коего
лика|ліка
испаде|іспаде
виⷣши|відші
ли|лі
колико|коліко
оу̇ныниѥ̇|оунъініе
ꙁоⷧ҇|зол
ѥⷭ҇|ес
и̇ю̇да|іюда
сирѣчь|сірѣчь
нарицає̇мы|наріцаемъі
скариꙩ̇ть|скаріоть
чесо|чесо
ради|раді
намь|намь
мѣсто|мѣсто
кажеть|кажеть
ѿнѫдꙋже|отнѫдоуже
бѣ|бѣ
нь|нь
просто|просто
семоу|семоу
наоу̇чи|наоучі
ны̇|нъі
нь|нь
понеже|понеже
бѣ|бѣ
приличень|прілічень
и̇ю̇да|іюда
нарицаѥ̇мыи̇|наріцаемъіі
ꙗ̇кововъ|ꙗкововъ
сего|сего
ради|раді
раꙁличиѥ̇|разлічіе
намь|намь
творить|творіть
и̇|і
сирѣчь|сірѣчь
нарицає̇ми|наріцаемі
скариꙩ̇ть|скаріоть
что|что
ми|мі
гл͠еши|гл҃еші
мѣсто|мѣсто
ѿнѫдоуже|отнѫдоуже
бѣше|бѣше
да|да
би|бі
ми|мі
(и)|і
самого|самого
не|не
ꙁнаꙗ̇ти|знаꙗті
нѫ|нѫ
вижьⷣ|віжьд
ѥ̇ваньгелистово|еваньгелістово
и̇стѧꙁаниѥ̇|істѧзаніе
и̇|і
прѣмѫдростьнѫѫ̇|прѣмѫдростьнѫѫ
волѫ|волѫ
не|не
ѿ|от
дѣтели|дѣтелі
нѫ|нѫ
ѿ|от
мѣста|мѣста
ѿнꙋдоужⷷ|отноудоуже
бѣше|бѣше
и̇|і
ꙗ̇влѣє̇ть|ꙗвлѣеть
кь|кь
намь|намь
и̇ю̇да|іюда
скариꙩ̇ть|скаріоть
а̇|а
дроуꙁѣмь|дроузѣмь
гл͠еть|гл҃еть
сирѣчь|сірѣчь
и̇ю̇да|іюда
и̇ꙗ̇ковль|іꙗковль
ꙩ̇ного|оного
не|не
ѿ|от
мѣста|мѣста
нѫ|нѫ
ѿ|от
и̇менѣ|іменѣ
ѡ̇ч͠а|оч҃а
ꙗ̇влѣє̇ть|ꙗвлѣеть
поⷣбаше|подбаше
бо|бо
рещи|рещі
и̇ю̇да|іюда
прѣдатель|прѣдатель
нѫ|нѫ
того|того
не|не
дѣє̇ть|дѣеть
и̇бо|ібо
доⷭ҇ꙗ̇ше|досꙗше
рещи|рещі
нѫ|нѫ
хоте|хоте
наⷭ҇|нас
наоу̇читы|наоучітъі
и̇|і
не|не
творити|творіті
ѡ̇клеветаниꙗ̇|оклеветаніꙗ
и̇|і
самого|самого
прѣдателѣ|прѣдателѣ
милює̇ть|мілюеть
оу̇чиⷨ҇|оучім
бо|бо
бываѥ̇мь|бъіваемь
симь|сімь
николиже|ніколіже
врагь|врагь
свои̇хь|своіхь
поминати|помінаті
ꙁло|зло
и̇бо|ібо
блажены|блаженъі
сыи̇|съіі
прѣдатела|прѣдатела
не|не
ѡ̇клєвета|оклевета
ни|ні
нареⷱ҇|нареч
ѥ̇го|его
прѣдателѣ|прѣдателѣ
и̇|і
беꙁочно|безочно
дрьꙁновение̇|дрьзновеніе
е̇го|его
повѣдоує̇ть|повѣдоуеть
ѡ̇ставль|оставль
ꙁлобѫ|злобѫ
дѣтель|дѣтель
є̇го|его
рещи|рещі
и̇|і
тѣмь|тѣмь
ѻ̇клеветати|оклеветаті
сего|сего
не|не
сьтвории̇|сьтворіі
нѫ|нѫ
ѿ|от
мѣста|мѣста
ѿ|от
негоже|негоже
бѣшⷷ҇|бѣше
и̇|і
ꙗ̇вѣ|ꙗвѣ
та|та
мѫжа|мѫжа
кь|кь
намь|намь
и̇ꙁг͠ла|ізг҃ла
коѥ̇моу|коемоу
оу̇бо|оубо
доⷭ҇и̇ни|досіні
бѫдемь|бѫдемь
ѡ̇данию|оданію
и̇скрьнимь|іскрьнімь
свои̇мь|своімь
гл͠ѧще|гл҃ѧще
ꙁло|зло
и̇|і
множицеѫ̇|множіцеѫ
врагы|врагъі
своѫ̇|своѫ
не|не
тькмо|тькмо
сь|сь
досаждениѥ̇мь|досажденіемь
помнѫще|помнѫще
нѫ|нѫ
и̇|і
дроугы|дроугъі
своѫ̇|своѫ
тѣмьже|тѣмьже
мⷪлѫ|молѫ
сѧ|сѧ
и̇|і
вь|вь
словеⷭ҇хь|словесхь
вельми|вельмі
да|да
оу̇тврꙿдимь|оутврдімь
сѧ|сѧ
и̇|і
сего|сего
ради|раді
павель|павель
оу̇чить|оучіть
ны̇|нъі
гл͠ѧ|гл҃ѧ
вьсѣко|вьсѣко
слово|слово
смрьдѧи̇|смрьдѧі
и̇ꙁ|із
оусть|оусть
вашихь|вашіхь
да|да
не|не
и̇сходить|ісходіть
и̇|і
пакы̇|пакъі
вьсѣкь|вьсѣкь
гнѣⷡ҇|гнѣв
и̇|і
ꙗ̇рость|ꙗрость
и̇|і
кличь|клічь
и̇|і
хоула|хоула
да|да
вьꙁметь|вьзметь
сѧ|сѧ
ѿ|от
ваⷭ҇|вас
сь|сь
вьсѣкоѫ̇|вьсѣкоѫ
ꙁлобоѫ̇|злобоѫ
видѣ|відѣ
ли|лі
и̇спы̇таниє̇|іспъітаніе
оу̇чителево|оучітелево
вь|вь
колицѣ|коліцѣ
кротости|кротості
хощеть|хощеть
да|да
прѣбы̇ває̇мь|прѣбъіваемь
и̇|і
нашѧ|нашѧ
дш͠ѧ|дш҃ѧ
како|како
ѡ̇чищає̇ть|очіщаеть
ѿ|от
вьсѣкого|вьсѣкого
гнѣва|гнѣва
и̇|і
ꙗ̇ростии̇|ꙗростіі
сего|сего
ради|раді
ѿ|от
вьсего|вьсего
того|того
ꙁла|зла
чисти|чісті
сь|сь
маѳеи̇|маѳеі
гл͠ашє̇|гл҃аше
тогаⷣ|тогад
шедь|шедь
є̇динь|едінь
ѿ|от
ꙩ̇бою̇|обою
на|на
десѧте|десѧте
нарицає̇ми|наріцаемі
и̇ю̇да|іюда
скариѡ̇ть|скаріоть
кь|кь
а̇рꙿхиѥ̇реѡ̇мь|архіереомь
рече|рече
що|що
ми|мі
хощете|хощете
дати|даті
и̇|і
а̇ꙁь|азь
вамь|вамь
прѣдамꙿ|прѣдам
и̇нꙿ|ін
ѻ̇скврьны̇|оскврьнъі
и̇|і
гл͠аше|гл҃аше
се|се
ѡ|о
дрьꙁости|дрьзості
бестоуднаа̇|бестоуднаа
и̇|і
како|како
и̇ꙁ|із
оусть|оусть
и̇спаде|іспаде
глаⷭ҇|глас
и̇|і
како|како
єꙁы̇кь|езъікь
подвиже|подвіже
и̇|і
како|како
не|не
и̇скочи|іскочі
дш͠а|дш҃а
ис|іс
телесе|телесе
ѥ̇го|его
и̇|і
како|како
не|не
ѡ̇цѣпѣнѣ|оцѣпѣнѣ
и̇|і
како|како
не|не
оу̇жасе|оужасе
сѧ|сѧ
оу̇мь|оумь
є̇го|его
що|що
хощете|хощете
ми|мі
дати|даті
сирѣчь|сірѣчь
семоу|семоу
ли|лі
те|те
наоу̇чи|наоучі
оу̇читель|оучітель
рьци|рьці
мы̇|мъі
вь|вь
толико|толіко
врѣмѧ|врѣмѧ
тако|тако
ли|лі
скоро|скоро
ꙁабы|забъі
чтⷭ҇оѥ̇|чтсое
оу̇чениѥ̇|оученіе
не|не
сего|сего
ли|лі
раⷣ|рад
гл͠аше|гл҃аше
не|не
стѧжите|стѧжіте
ꙁлата|злата
ни|ні
сребра|сребра
бране|бране
дрьвле|дрьвле
тоѥ̇и̇|тоеі
воли|волі
ѥ̇ю̇же|еюже
и̇мѣше|імѣше
вь|вь
и̇мѣни|імѣні
не|не
ꙋчаше|оучаше
ли|лі
гл͠ѧ|гл҃ѧ
а̇ще|аще
кто|кто
те|те
оу̇дарить|оударіть
вь|вь
деснѫѫ̇|деснѫѫ
ланитѧ|ланітѧ
ꙩ̇брати|обраті
ѥ̇моу|емоу
и̇|і
дроугѫѫ̇|дроугѫѫ
и̇|і
вѣщаа̇ше|вѣщааше
що|що
ми|мі
хощете|хощете
дати|даті
а̇ꙁь|азь
вамь|вамь
прѣдамꙿ|прѣдам
и̇|і
ѻ̇|о
невѣщьствиє̇|невѣщьствіе
ѻ̇|о
нечоувьствиѥ̇|нечоувьствіе
много|много
а̇ꙁь|азь
вамь|вамь
прѣдамь|прѣдамь
и̇|і
чесо|чесо
ради|раді
рьци|рьці
ми|мі
кѫѫ̇|кѫѫ
винѫ|вінѫ
и̇мы̇|імъі
и̇ли|ілі
мала|мала
и̇ли|ілі
векⷧа|векла
и̇|і
прѣдає̇ши|прѣдаеші
оу̇чителѣ|оучітелѣ
и̇мьже|імьже
ли|лі
ти|ті
ѡ̇бласть|область
даль|даль
є̇сть|есть
на|на
нечистихь|нечістіхь
бѣсѣхь|бѣсѣхь
толикѫ|толікѫ
силѧ|сілѧ
даль|даль
ти|ті
є̇сть|есть
да|да
и̇|і
недьжныѫ̇|недьжнъіѫ
оу̇врачює̇ши|оуврачоуеші
и̇|і
прокажениѩ̇|прокаженіѧ
ꙩ̇чищаѥ̇ши|очіщаеші
и̇|і
слѣпыѫ̇|слѣпъіѫ
твориши|творіші
проꙁирати|прозіраті
и̇|і
на|на
многаа̇|многаа
такова|такова
чюдеса|чоудеса
творишии̇|творішіі
ꙁа|за
тыѫ̇|тъіѫ
ли|лі
добрыѫ̇|добръіѫ
дѣтели|дѣтелі
сиѫ̇|сіѫ
мѫꙁдѫ|мѫздѫ
вьꙁдає̇ши|вьздаеші
ѥ̇моу|емоу
что|что
хощете|хощете
ми|мі
да|да
и̇|і
а̇ꙁь|азь
вамь|вамь
прѣдамь|прѣдамь
и̇|і
ꙩ̇|о
неи̇стовьство|неістовьство
великоє̇|велікое
паче|паче
же|же
ѡ̇|о
сребролюбиѥ̇|сребролюбіе
вьсе|вьсе
ꙁло|зло
то|то
родило|роділо
ѥ̇сть|есть
кто|кто
вьꙁлюби|вьзлюбі
оу̇читела|оучітела
своѥ̇го|своего
и̇|і
прѣдасть|прѣдасть
такы|такъі
бо|бо
ѥⷭ҇|ес
ꙁлы|злъі
ты|тъі
корень|корень
бѣса|бѣса
горьши|горьші
и̇|і
д͠шꙋ|д҃шоу
нашꙋ|нашоу
боую̇|боую
творить|творіть
и̇|і
творить|творіть
вьсѧ|вьсѧ
не|не
вѣдѣти|вѣдѣті
ни|ні
себе|себе
ни|ні
и̇скрннии̇хь|іскрннііхь
и̇|і
тѣле(с)наа̇го|тѣлеснааго
ѡ̇бы̇чаа̇|объічаа
и̇|і
и̇|і
ѿ|от
самого|самого
сьмы̇сла|сьмъісла
и̇ꙁгонить|ізгоніть
и̇|і
не|не
понⷨ҇ить|понміть
ни|ні
дроужьбы|дроужьбъі
ни|ні
ꙩ̇бычаꙗ̇|объічаꙗ
ни|ні
рода|рода
ни|ні
и̇ного|іного
никогоже|нікогоже
нь|нь
ꙩ̇слѣпи|ослѣпі
ѡ̇чи|очі
оу̇ма|оума
нашего|нашего
ꙗ̇коже|ꙗкоже
вь|вь
тꙿмѣ|тмѣ
тако|тако
творитꙿни|творітні
ходити|ходіті
и̇|і
вь|вь
ровь|ровь
вьметає̇ть|вьметаеть
и̇|і
да|да
оу̇вѣси|оувѣсі
вь|вь
и̇стинѫ|істінѫ
вижьⷣ|віжьд
и̇|і
тогаⷣ|тогад
вꙿшедь|вшедь
и̇|і
колика|коліка
и̇ꙁнє̇се|ізнесе
ѿ|от
дш͠ѫ|дш҃ѫ
и̇ю̇дсвы̇|іюдсвъі
бесѣдѫ|бесѣдѫ
и̇|і
ꙩ̇бычаи̇|объічаі
ѡ̇бꙿщение̇|общеніе
е̇же|еже
на|на
трапеꙁахь|трапезахь
дивно|дівно
оу̇чениѥ̇|оученіе
и̇|і
накаꙁание̇|наказаніе
вьсето|вьсето
сребролюби(ѥ)|сребролюбіе
породило|породіло
є̇сть|есть
що|що
хощете|хощете
ми|мі
дати|даті
а̇ꙁь|азь
вамь|вамь
прѣдамь|прѣдамь
и̇|і
рече|рече
велиꙗ̇|веліꙗ
дрьꙁость|дрьзость
и̇|і
велие|веліе
бестоудиє̇|бестоудіе
рꙿци|рці
ми|мі
ѡ̇|о
ию̇до|іюдо
доколѣ|доколѣ
прѣдае̇ши|прѣдаеші
и̇же|іже
вьсѣ|вьсѣ
ѻ̇бьдрьжить|обьдрьжіть
и̇|і
владѧщаго|владѧщаго
бѣсы̇и̇|бѣсъіі
и̇|і
повелѣваѫ̇щаго|повелѣваѫщаго
мероу|мероу
и̇|і
влкⷣѫ|влкдѫ
всеи̇|всеі
твари|тварі
и̇|і
творѧщаго|творѧщаго
словомь|словомь
и̇|і
повелѣниѥ̇мь|повелѣніемь
вьсѣ|вьсѣ
нѫ|нѫ
хотѧ|хотѧ
беꙁоумиѥ̇|безоуміе
оу̇чениче|оученіче
оу̇толити|оутоліті
и̇|і
волею|волею
своⷷѧ̇|своеѧ
прѣдань|прѣдань
быⷭ҇|бъіс
и̇|і
послоушаи̇|послоушаі
что|что
творить|творіть
вь|вь
то|то
врѣмѧ|врѣмѧ
прѣданию|прѣданію
ѥ̇гда|егда
придошѧ|прідошѧ
на|на
нь|нь
сь|сь
ѡ̇рѫжиѥ̇мь|орѫжіемь
и̇|і
сь|сь
дрькольми|дрькольмі
и̇|і
свѣщѫ|свѣщѫ
и̇|і
свѣтильникы̇|свѣтільнікъі
мѫще|мѫще
и̇|і
гл͠а|гл҃а
и̇мь|імь
і̇с͠ь|іс҃ь
кого|кого
и̇щете|іщете
и̇|і
не|не
ꙁнаꙗ̇хѫ|знаꙗхѫ
кого|кого
хотѣхѫ|хотѣхѫ
ѫ̇ти|ѫті
тольми|тольмі
бо|бо
и̇ю̇да|іюда
не|не
можаше|можаше
є̇го|его
прѣдати|прѣдаті
а̇ще|аще
не|не
би|бі
самь|самь
хотѣль|хотѣль
и̇деже|ідеже
не|не
можаше|можаше
ꙁрѣти|зрѣті
ѥ̇гоже|егоже
хотѣше|хотѣше
и̇|і
прѣдати|прѣдаті
и̇бо|ібо
свѣстильникомꙿ|свѣстільніком
сѫщимь|сѫщімь
и̇|і
свѣщамь|свѣщамь
толикам|толікам
се|се
бо|бо
скаꙁаѫ̇|сказаѫ
є̇ваньгелисть|еваньгелість
и̇|і
реⷱ҇|реч
ꙗ̇ко|ꙗко
свѣщѧ|свѣщѧ
и̇|і
свѣтильникы|свѣтільнікъі
ношахѫ|ношахѫ
и̇|і
тако|тако
ѥ̇го|его
не|не
ꙩ̇брѣтахѫ|обрѣтахѫ
рече|рече
и̇ю̇да|іюда
же|же
стоꙗ̇ше|стоꙗше
сь|сь
ними|німі
и̇|і
тои̇|тоі
реⷱ҇|реч
що|що
ми|мі
хощете|хощете
дати|даті
а̇ꙁь|азь
вамь|вамь
прѣдамꙿ|прѣдам
и̇|і
ѡ҆слѣпи|ослѣпі
бо|бо
и̇мь|імь
оу̇мь|оумь
хотѧ|хотѧ
ꙗ̇вити|ꙗвіті
своѫ̇|своѫ
силѫ|сілѫ
и̇|і
хотѧ|хотѧ
сьтворити|сьтворіті
да|да
бѫ|бѫ
прѣстали|прѣсталі
ѿ|от
ꙁлобѫ|злобѫ
своѫ̇|своѫ
и̇|і
да|да
бѫ|бѫ
оу̇бѣдѣли|оубѣдѣлі
ꙗ̇ко|ꙗко
не|не
вьꙁможнаꙗ̇|вьзможнаꙗ
начинаѫ̇ть|начінаѫть
и|і
потомь|потомь
да|да
оувѣмы|оувѣмъі
бечисльнѫ|бечісльнѫ
его|его
силѫ|сілѫ
и̇|і
слоушаи̇|слоушаі
реⷱ҇|реч
еванꙿгелиста|евангеліста
слышавше|слъішавше
же|же
глаⷭ҇|глас
идѫ|ідѫ
вьспѫть|вьспѫть
и|і
падошѫ|падошѫ
на|на
ꙁемѫ|земѫ
ници|ніці
видѣ|відѣ
ли|лі
како|како
не|не
могѫть|могѫть
трьпѣти|трьпѣті
нѫ|нѫ
падениемь|паденіемь
своѫ̇|своѫ
немощь|немощь
покаꙁашѫ|показашѫ
и̇|і
силѫ|сілѫ
испоущьшаго|іспоущьшаго
глаⷭ҇|глас
ꙁри|зрі
чл͠колю̇биꙗ̇|чл҃колюбіꙗ
г͠нѣ|г҃нѣ
понеже|понеже
не|не
прѣста|прѣста
и̇ю̇да|іюда
ѿ|от
того|того
стоуда|стоуда
ни|ні
ию̇деи̇е̇|іюдеіе
ѿ|от
того|того
беꙁоумиꙗ̇|безоуміꙗ
самь|самь
бо|бо
себе|себе
прѣдасть|прѣдасть
егꙿда|егда
бо|бо
реⷱ҇|реч
свое|свое
створихь|створіхь
и̇|і
силѫ|сілѫ
ꙗ̇вихь|ꙗвіхь
и|і
покаꙁахь|показахь
ꙗ̇ко|ꙗко
не|не
вьꙁмощи|вьзмощі
начнѫть|начнѫть
и̇|і
хотѣхь|хотѣхь
гнѣвь|гнѣвь
и̇хь|іхь
оу̇толити|оутоліті
нѫ|нѫ
не|не
хотѧть|хотѧть
нѫ|нѫ
и̇|і
є̇ще|еще
прѣбываѫ̇ть|прѣбъіваѫть
вь|вь
ꙁлобѣ|злобѣ
своє̇и̇|своеі
самь|самь
сѧ|сѧ
прѣдаѫ̇|прѣдаѫ
се|се
гл͠ѧ|гл҃ѧ
а̇ꙁь|азь
н͠нѣ|н҃нѣ
да|да
не|не
ѡ̇клеветаѫ̇|оклеветаѫ
є̇тери|етері
хаⷭ҇|хас
гл͠ѫще|гл҃ѫще
по|по
что|что
не|не
ѡ̇брати|обраті
и̇ю̇ды|іюдъі
ѿ|от
тоѫ̇|тоѫ
ꙁлобы̇|злобъі
по|по
что|что
не|не
створи|створі
ѥ̇го|его
лоучьша|лоучьша
рци|рці
ми|мі
како|како
поⷣбаше|подбаше
створити|створіті
лоучьша|лоучьша
нѫждеѫ̇|нѫждеѫ
и̇|і
волеѫ̇|волеѫ
а̇ще|аще
ненѫждеѫ̇|ненѫждеѫ
и̇|і
ти|ті
не|не
бы|бъі
лоучши|лоучші
былы̇|бъілъі
никтоже|ніктоже
бо|бо
нѫжеⷣѫ̇|нѫжедѫ
лючи|лючі
бы̇ваѫ̇ть|бъіваѫть
а̇ще|аще
не|не
волеѧ̇|волеѧ
всѣ|всѣ
покаꙁа|показа
ѥ̇моу|емоу
могѫща|могѫща
и̇|і
лоучꙿша|лоучша
створити|створіті
а̇ще|аще
ли|лі
ꙩ̇нь|онь
не|не
вьсхотѣ|вьсхотѣ
бальства|бальства
приѫ̇ти|пріѫті
и̇|і
врачь|врачь
неповинень|неповінень
ѥ̇сть|есть
и̇|і
хощеши|хощеші
ли|лі
оу̇вѣдѣти|оувѣдѣті
колико|коліко
створи|створі
да|да
бы|бъі
лоучии̇|лоучіі
вь|вь
всеи̇|всеі
философии̇|філософіі
вещьми|вещьмі
и̇|і
гл͠ы|гл҃ъі
наоу̇чи|наоучі
и̇|і
ѡ̇бласть|область
дасть|дасть
е̇мꙋ|емоу
на|на
бѣсы|бѣсъі
и̇|і
чюдеса|чоудеса
моⷩ҇га|монга
створити|створіті
и̇|і
нище|ніще
же|же
бѣ|бѣ
ꙩ̇стало|остало
и̇хꙿжⱔ|іхжѧ
не|не
поⷣбаше|подбаше
оу̇ченикоу|оученікоу
повѣдати|повѣдаті
и̇|і
да|да
оу̇вѣси|оувѣсі
ꙗ̇ко|ꙗко
силень|сілень
ѥ̇сыи|есъіі
лоучи|лоучі
быти|бъіті
не|не
вьсхотѣ|вьсхотѣ
нѫ|нѫ
своє̇ѫ̇|своеѫ
мⷧ҇тⷭ҇иѫ̇|млтсіѫ
вьсе|вьсе
сьтвори|сьтворі
и̇|і
неи̇стовꙿство|неістовство
сконꙿча|сконча
ꙁане|зане
и̇|і
прѣдасть|прѣдасть
и̇|і
поврьже|поврьже
три|трі
десѧти|десѧті
сребрьника|сребрьніка
гл͠ѧ|гл҃ѧ
сьгрѣшихь|сьгрѣшіхь
прѣдавы̇|прѣдавъі
крьвь|крьвь
невинѫѫ̇|невінѫѫ
что|что
ты̇|тъі
быⷭ҇|бъіс
и̇ю̇до|іюдо
ѥ̇гаⷣ|егад
видѣ|відѣ
чюдо|чоудо
творѧща|творѧща
тогда|тогда
не|не
реⷱ҇|реч
сьгрѣшихь|сьгрѣшіхь
прѣдавы|прѣдавъі
крьвь|крьвь
неповиньнѫѫ̇|неповіньнѫѫ
нѫ|нѫ
що|що
хощете|хощете
ми|мі
дати|даті
и̇|і
а̇ꙁь|азь
ваⷨ҇|вам
прѣдамь|прѣдамь
и̇|і
понеже|понеже
бестꙋднаꙗ̇|бестоуднаꙗ
мисьль|місьль
сьбыⷭ҇|сьбъіс
сѧ|сѧ
и̇|і
дѣтель|дѣтель
сконьча|сконьча
сѧ|сѧ
понеже|понеже
вь|вь
рѫкахь|рѫкахь
е̇сть|есть
оу̇бии̇цамь|оубііцамь
понеже|понеже
свѫꙁань|свѫзань
єⷭ҇|ес
понеже|понеже
грѣхь|грѣхь
сѧ|сѧ
сконꙿча|сконча
тогда|тогда
ли|лі
оу̇вѣдѣ|оувѣдѣ
грѣхь|грѣхь
тѣмь|тѣмь
раꙁоумѣе̇мь|разоумѣемь
ꙗ̇ко|ꙗко
є̇гда|егда
оу̇ны|оунъі
ѥ̇смы|есмъі
ни|ні
оу̇чение̇|оученіе
намь|намь
на|на
польꙁѫ|пользѫ
творитꙿ|творіт
сѧ|сѧ
ни|ні
накаꙁаниѥ̇|наказаніе
ѥ̇гдаже|егдаже
ли|лі
помнимь|помнімь
сѧ|сѧ
и̇|і
сами|самі
можемь|можемь
ѻ̇|о
себѣ|себѣ
вьспренѫти|вьспренѫті
раꙁоумѣи̇|разоумѣі
оу̇бо|оубо
є̇гда|егда
оу̇чашеи̇|оучашеі
ѡ̇ставити|оставіті
сѧ|сѧ
ꙁлаго|злаго
начѧтка|начѧтка
и̇|і
тогаⷣ|тогад
не|не
послꙋшаше|послоушаше
приѧ̇ти|пріѧті
оу̇чениꙗ̇|оученіꙗ
ѥ̇да|еда
бѣ|бѣ
нихтоже|ніхтоже
оу̇чѧ|оучѧ
ѥ̇го|его
тогда|тогда
лоучьши|лоучьші
бываше|бъіваше
и̇|і
поврьже|поврьже
.л͠.|л҃
сребрьникь|сребрьнікь
цѣнѫ|цѣнѫ
свѣщавьшѫ|свѣщавьшѫ
крьвь|крьвь
не|не
и̇мѫщѫѫ̇|імѫщѫѫ
цѣны̇|цѣнъі
и̇|і
по|по
что|что
вьꙁимⷶѥ̇ши|вьзімаеші
.л͠.|л҃
сребрьникь|сребрьнікь
ѡ|о
и̇ю̇до|іюдо
то|то
не|не
приде|пріде
хьⷭ҇|хьс
пролиꙗ̇ти|проліꙗті
крьвь|крьвь
своѫ̇|своѫ
ꙁа|за
вѫсѧ|вѫсѧ
вьселенѫѫ̇|вьселенѫѫ
ꙩ̇|о
неи̇же|неіже
сьвѣть|сьвѣть
твориши|творіші
и̇|і
бестоудѫѫ̇|бестоудѫѫ
коуплѧ|коуплѧ
и̇|і
что|что
бо|бо
есть|есть
бестоуднѣє̇|бестоуднѣе
сеѫ̇|сеѫ
коупѫⷧ҇|коупѫл
кто|кто
видѣ|відѣ
и̇ли|ілі
кто|кто
слы̇ша|слъіша
ѻ̇|о
крьви|крьві
сьвѣть|сьвѣть
творимѫ|творімѫ
коли|колі
нѫ|нѫ
да|да
навыкнемь|навъікнемь
раꙁьньствиѥ̇|разьньствіе
прѣдателево|прѣдателево
и̇|і
оученикы̇|оученікъі
да|да
послоушаѥ̇мь|послоушаемь
и̇|і
прочѧѫ̇|прочѧѫ
вьсе|вьсе
бо|бо
сь|сь
и̇спытаниє̇мь|іспъітаніемь
повѣдає̇ть|повѣдаеть
бл͠жены|бл҃женъі
ѥ̇уⷢ҇листь|еуглість
ѥ̇гаⷣ|егад
реⷱ҇|реч
си|сі
бышѧ|бъішѧ
ѥ̇гда|егда
прѣданиѥ̇|прѣданіе
сконꙿча|сконча
ны|нъі
сѧ|сѧ
тогда|тогда
погоуби|погоубі
себе|себе
и̇ю̇да|іюда
є̇гаⷣ|егад
сꙿвѣть|свѣть
сь|сь
беꙁаконими|безаконімі
створи|створі
и̇скаше|іскаше
подобна|подобна
врѣмене|врѣмене
реⷱ҇|реч
да|да
и̇|і
прѣдасть|прѣдасть
тѡгда|тогда
пристѧпишѧ|прістѧпішѧ
кь|кь
немоу|немоу
оу̇ченици|оученіці
гл͠ѧще|гл҃ѧще
где|где
хощеши|хощеші
и̇|і
оу̇готоває̇мь|оуготоваемь
ти|ті
ꙗ̇сти|ꙗсті
паскѫ|паскѫ
видѣ|відѣ
ли|лі
оу̇чиникы̇|оучінікъі
а̇|а
и̇ю̇да|іюда
ѡ̇|о
прѣдани|прѣдані
тьщаше|тьщаше
сѧ|сѧ
а̇|а
си|сі
ꙩ̇|о
слоужбѣ|слоужбѣ
ꙩ̇нь|онь
сьвѣть|сьвѣть
творѣше|творѣше
и̇|і
на|на
крьви|крьві
влчⷣни|влчдні
цѣнѫ|цѣнѫ
сьвѣщаваше|сьвѣщаваше
а̇|а
сии̇|сіі
на|на
слоужбѫ|слоужбѫ
готовѣхѫ|готовѣхѫ
сѧ|сѧ
тѣхьжеⷣ|тѣхьжед
вещи|вещі
насладишѧ|насладішѧ
сѧ|сѧ
си|сі
и̇|і
сы̇и̇|съіі
тѣхьжеⷣ|тѣхьжед
чюдесь|чоудесь
и̇|і
тѣхьжде|тѣхьжде
оу̇чении̇|оученіі
и̇|і
тогожде|тогожде
накаꙁаниꙗ̇|наказаніꙗ
ѿ|от
кѫдоуже|кѫдоуже
раꙁличиє̇|разлічіе
бⷭ҇ы|бсъі
ѿ|от
волѧ|волѧ
такожⷣе|такожде
и̇|і
вьсежеⷣ|вьсежед
намь|намь
бы̇ває̇ть|бъіваеть
вина|віна
добримь|добрімь
и̇|і
ꙁлымь|злъімь
и̇|і
где|где
хощеши|хощеші
реⷱ҇|реч
и̇|і
оу̇готоває̇мь|оуготоваемь
ти|ті
ꙗ̇сти|ꙗсті
пасхѫ|пасхѫ
и̇|і
тьи̇|тьі
бѣ|бѣ
вⷱ҇ерь|вчерь
вь|вь
ньже|ньже
гл͠ахѫ|гл҃ахѫ
оу̇ченици|оученіці
се|се
и̇|і
что|что
єсть|есть
где|где
хощеши|хощеші
и̇|і
оу̇готоваѥ̇мь|оуготоваемь
ти|ті
ꙗ̇сти|ꙗсті
пасхѫ|пасхѫ
оу̇чими|оучімі
бываѥми|бъіваемі
ѿ|от
вьсѫдоу|вьсѫдоу
ꙗ̇ко|ꙗко
не|не
и̇маше|імаше
домоу|домоу
ѿлѫчена|отлѫчена
хьⷭ҇|хьс
сн͠ь|сн҃ь
бо|бо
рече|рече
чл͠вѣчь|чл҃вѣчь
не|не
и̇мать|імать
где|где
главы|главъі
подьклониты|подьклонітъі
граⷣ|град
не|не
и̇мать|імать
брашꙿна|брашна
не|не
и̇мать|імать
дома|дома
не|не
и̇мать|імать
влкⷣа|влкда
вьсеи̇|вьсеі
твари|тварі
анг͠ломь|анг҃ломь
и̇|і
а̇рꙿхꙿа̇нꙿг͠ломь|арханг҃ломь
и̇|і
вьсѣмь|вьсѣмь
вы̇шꙿнимь|въішнімь
силамь|сіламь
творець|творець
сего|сего
ради|раді
гл͠ахѫ|гл҃ахѫ
е̇мⷹ|емоу
геⷣ|гед
хощеши|хощеші
и̇|і
оу̇готоває̇мь|оуготоваемь
ти|ті
а̇сти|асті
пасхѫ|пасхѫ
кѫѫ̇|кѫѫ
пасхѫ|пасхѫ
и̇ю̇деи̇скѫ|іюдеіскѫ
и̇мѫщѫѫ|імѫщѫѫ
начѧтокь|начѧтокь
ѿ|от
ѥ̇гыпта|егъіпта
тоу|тоу
бо|бо
начѫтокь|начѫтокь
приѥ̇мь|пріемь
да|да
чесо|чесо
ради|раді
ѫ̇|ѫ
творить|творіть
хьⷭ҇|хьс
ꙗ̇ко|ꙗко
дроугаа̇|дроугаа
всѣ|всѣ
ꙁаконаꙗ̇|законаꙗ
сврьши|сврьші
тако|тако
сиѫ̇|сіѫ
сь|сь
и̇нѣми|інѣмі
сконьча|сконьча
чесо|чесо
ради|раді
кь|кь
і̇ѡⷶ҇ноу|іоаноу
гл͠аше|гл҃аше
лѣпо|лѣпо
є̇сть|есть
намь|намь
сконꙿчати|скончаті
вьсѧ|вьсѧ
правдѫ|правдѫ
не|не
нашѧ|нашѧ
оу̇бо|оубо
пасхѫ|пасхѫ
хотѣхѫ|хотѣхѫ
оу̇ченици|оученіці
оу̇готовати|оуготоваті
нѫ|нѫ
и̇ю̇деи̇скѫ|іюдеіскѫ
тѫ|тѫ
бо|бо
тии̇|тіі
оу̇готовашѧ|оуготовашѧ
и̇|і
а̇ще|аще
самь|самь
хьⷭ҇|хьс
оу̇готова|оуготова
нѫ|нѫ
самь|самь
пасха|пасха
быⷭ҇|бъіс
мѫкоѭ̇|мѫкоѭ
и̇|і
гдє|где
хощеши|хощеші
оу̇готоваѥ̇мь|оуготоваемь
ти|ті
ꙗ̇сти|ꙗсті
пасхѫ|пасхѫ
и̇|і
чесо|чесо
ради|раді
дѣѥ̇ть|дѣеть
приде|пріде
бо|бо
ѿ|от
клѫтвы|клѫтвъі
ꙁаконꙿѫѭ̇|законѫѭ
и̇|і
ѿтѧть|оттѧть
родь|родь
чл͠вчьскы|чл҃вчьскъі
ꙗ̇ко|ꙗко
павель|павель
гл͠еть|гл҃еть
б͠ь|б҃ь
сн͠а|сн҃а
си|сі
посла|посла
ражаⷣѫ̇щаго|ражадѫщаго
сѧ|сѧ
ѿ|от
жены|женъі
да|да
сѧщѫѫ̇|сѧщѫѫ
подъ|подъ
ꙁаконокономь|законокономь
и̇скоупить|іскоупіть
тѣмь|тѣмь
хотѧ|хотѧ
прѣставити|прѣставіті
ꙁаконь|законь
да|да
не|не
кто|кто
речеть|речеть
а̇ко|ако
є̇го|его
ради|раді
и̇спраꙁни|іспразні
ꙁане|зане
є̇го|его
сьврьшити|сьврьшіті
ꙁане|зане
не|не
можеть|можеть
є̇го|его
и̇справити|ісправіті
и̇|і
ꙗ̇ко|ꙗко
тѧшꙿка|тѧшка
сѫщⷶ|сѫща
и̇|і
сего|сего
ради|раді
сконьчавыи̇|сконьчавъіі
и̇|і
сего|сего
тогаⷣ|тогад
раꙁори|разорі
и̇|і
сего|сего
ради|раді
паскѫ|паскѫ
и̇ю̇деи̇скѫ|іюдеіскѫ
сьтвори|сьтворі
ꙁаконь|законь
бо|бо
повелѣниѥ̇|повелѣніе
бѣ|бѣ
ꙗ̇сти|ꙗсті
паскѫ|паскѫ
доⷭ҇и̇ть|досіть
бо|бо
вамь|вамь
днⷭ҇е|днсе
оу̇вѣдѣти|оувѣдѣті
чесо|чесо
ради|раді
ꙁаконь|законь
повѣлѣниѥ̇|повѣлѣніе
и̇мьже|імьже
бѣ|бѣ
вьдана|вьдана
паска|паска
ꙗ̇сти|ꙗсті
и̇|і
не|не
и̇мѣхѫ|імѣхѫ
хвалы|хвалъі
б͠оу|б҃оу
и̇ю̇деи̇е|іюдеіе
ѥ̇гда|егда
приѥ̇мѣхѫ|пріемѣхѫ
добро|добро
ѿ|от
него|него
скоро|скоро
ꙁабивахѫ|забівахѫ
и̇|і
и̇|і
да|да
оу̇вѣси|оувѣсі
и̇стинѫ|істінѫ
є̇гда|егда
и̇ꙁидошѧ|ізідошѧ
и̇ꙁь|ізь
ѥ̇гипта|егіпта
прои̇дошѧ|проідошѧ
морⷷ|море
чрьмное̇|чрьмное
и̇|і
видѣшѧ|відѣшѧ
раꙁⷣѣливꙿшее̇|раздѣлівшее
сѧ|сѧ
и̇|і
пакы|пакъі
сходѧще|сходѧще
сѧ|сѧ
и̇|і
не|не
помноꙃѣ|помнозѣ
гл͠ахѫ|гл҃ахѫ
створи|створі
намь|намь
б͠ь|б҃ь
и̇же|іже
пои̇дѫть|поідѫть
прѣдь|прѣдь
нами|намі
и̇|і
что|что
гл͠еши|гл҃еші
чюдеса|чоудеса
видѣль|відѣль
є̇си|есі
толика|толіка
и̇|і
таковаа̇|таковаа
и̇|і
а̇бы̇ѥ̇|абъіе
ꙁабы|забъі
б͠а|б҃а
створьшаго|створьшаго
и̇|і
понеже|понеже
оу̇бывꙿши|оубъівші
добриѫ̇|добріѫ
дѣтели|дѣтелі
и̇|і
вьмѣси|вьмѣсі
б͠ь|б҃ь
праꙁꙿникы|празнікъі
ихь|іхь
памѧть|памѧть
добрыѫ̇|добръіѫ
дѣтелии̇|дѣтеліі
да|да
ходѧще|ходѧще
и̇|і
не|не
хѻдѫще|ходѫще
и̇мѧть|імѧть
памѧть|памѧть
и̇|і
не|не
ꙁабѫдеть|забѫдеть
добраго|добраго
сьдѣтела|сьдѣтела
пожри|пожрі
паскѫ|паскѫ
по|по
что|что
и̇|і
реⷱ҇ши|речші
є̇моу|емоу
ꙗ̇ко|ꙗко
крьвиѫ̇|крьвіѫ
ꙩ̇вьчѧте|овьчѧте
сего|сего
помаꙁахѫ|помазахѫ
прагы|прагъі
дверемь|дверемь
и̇ꙁбѣгь|ізбѣгь
смр͠ьти|смр҃ьті
и̇же|іже
гоубитель|гоубітель
наведе|наведе
на|на
ѥ̇гиптѣны|егіптѣнъі
вьсѧ|вьсѧ
и̇|і
сеѫ̇|сеѫ
крьвиѫ̇|крьвіѫ
и̇|і
ѡ̇прѣсꙿньци|опрѣсньці
и̇|і
како|како
беꙁаконень|безаконень
ѥⷭ҇|ес
праꙁьникь|празьнікь
и̇ю̇деи̇скыи̇|іюдеіскъіі
бѣше|бѣше
паска|паска
и̇ю̇деи̇ска|іюдеіска
и̇ногда|іногда
нѫ|нѫ
раꙁорена|разорена
быⷭ҇|бъіс
и̇|і
наи̇де|наіде
дх͠овнаꙗ̇|дх҃овнаꙗ
ѫ̇же|ѫже
прѣдаа̇ше|прѣдааше
тогда|тогда
і̇с͠ь|іс҃ь
ꙗ̇дѫщимь|ꙗдѫщімь
бо|бо
тогда|тогда
и̇|і
пиѫ̇щимь|піѫщімь
и̇|і
пріѥ̇мь|пріемь
хлѣбь|хлѣбь
и̇|і
прѣломивь|прѣломівь
и̇|і
реⷱ҇|реч
се|се
е̇сть|есть
тѣло|тѣло
моє̇|мое
ломимоє̇|ломімое
ꙁа|за
многыѫ̇|многъіѫ
и̇|і
пакы|пакъі
чашѫ|чашѫ
даа̇ше|дааше
и̇мь|імь
гл͠ѧ|гл҃ѧ
и̇|і
тожеⷣ|тожед
се|се
єⷭ҇|ес
крьⷡ҇|крьв
моꙗ̇|моꙗ
и̇ꙁливає̇ма|ізліваема
ꙁа|за
вы̇|въі
вь|вь
ѿпоущениє̇|отпоущеніе
грѣхомь|грѣхомь
бѣше|бѣше
тоу|тоу
и̇ю̇да|іюда
и̇|і
се|се
гл͠ѧщоу|гл҃ѧщоу
хоуⷭ҇|хоус
се|се
ѥⷭ҇|ес
крьвь|крьвь
моꙗ̇|моꙗ
ѡ̇|о
и̇ю̇до|іюдо
ѫже|ѫже
прѣдаль|прѣдаль
ѥ̇си|есі
на|на
.л͠.|л҃
сребрьницѣхꙿ|сребрьніцѣх
сиꙗ̇|сіꙗ
е̇сть|есть
крьвь|крьвь
моꙗ̇|моꙗ
ꙩ̇|о
неи̇же|неіже
прѣжде|прѣжде
сего|сего
сьвѣть|сьвѣть
творѣхѫть|творѣхѫть
беꙁꙋмьни|безоумьні
фарисеи̇є̇|фарісеіе
ꙩ̇|о
чл͠колюбиѥ̇|чл҃колюбіе
хв͠о|хв҃о
ѡ̇|о
беꙁꙋмиє̇|безоуміе
и̇ю̇дово|іюдово
и̇|і
неи̇стовьство|неістовьство
ꙩ̇вь|овь
бо|бо
продасть|продасть
ѫ̇|ѫ
вьꙁемь|вьземь
.л͠.|л҃
сребрьникь|сребрьнікь
а̇|а
хьⷭ҇|хьс
по|по
томь|томь
не|не
ѿреⷱ҇|отреч
сѧ|сѧ
тꙋжде|тоужде
крьвь|крьвь
прѣданѫѫ̇|прѣданѫѫ
вь|вь
ѿпоущение|отпоущеніе
грѣховь|грѣховь
вьда|вьда
самомоу|самомоу
и̇ю̇дѣ|іюдѣ
продавшомоу|продавшомоу
ѫ̇|ѫ
а̇ще|аще
бо|бо
би|бі
хотѣль|хотѣль
то|то
бѣ|бѣ
и̇ю̇да|іюда
и̇|і
причѧстьныкь|прічѧстьнъікь
бы̇ваа̇ше|бъівааше
ст͠ои̇|ст҃оі
трапеꙁѣ|трапезѣ
ꙗ̇коже|ꙗкоже
и̇|і
ноꙁѣ|нозѣ
є̇моу|емоу
ѻ̇мы̇|омъі
ѥ̇гда|егда
и̇|і
дроугымь|дроугъімь
оу̇ченикомь|оученікомь
тако|тако
и̇|і
ст͠ои̇|ст҃оі
трапеꙁѣ|трапезѣ
прічѧстьника|прічѧстьніка
сьтвори|сьтворі
да|да
и̇|і
ѥ̇диноѫ̇|едіноѫ
вины|вінъі
ѿвѣтныѫ̇|отвѣтнъіѫ
и̇мѣти|імѣті
начнеть|начнеть
и̇|і
а̇ще|аще
прѣбыває̇ть|прѣбъіваеть
вь|вь
ꙁлобѣ|злобѣ
и̇ю̇да|іюда
нѫ|нѫ
хьⷭ҇|хьс
вьсе|вьсе
бо|бо
своѥ̇|свое
оу̇каꙁа|оуказа
є̇моу|емоу
а̇|а
ѡ̇нь|онь
прѣбываше|прѣбъіваше
ꙁлѫѫ̇|злѫѫ
мисль|місль
и̇мы̇|імъі
нѫ|нѫ
врѣмѫ|врѣмѫ
ѥⷭ҇|ес
оу̇же|оуже
страшнѣи̇|страшнѣі
и̇|і
ст͠ѣи̇|ст҃ѣі
трапеꙁѣ|трапезѣ
пристѫпило|прістѫпіло
и̇|і
вси|всі
оу̇бо|оубо
да|да
прістѫпимь|прістѫпімь
сь|сь
ѡ̇чищениѥ̇мь|очіщеніемь
и̇|і
сь|сь
цѣломь|цѣломь
оу̇момь|оумомь
и̇|і
поⷣбнымь|подбнъімь
и̇|і
сь|сь
многоⷨ҇|многом
оу̇мышлениѥ̇мь|оумъішленіемь
не|не
бѫди|бѫді
никтоже|ніктоже
ꙁеⷣ|зед
и̇ю̇да|іюда
нѣктоже|нѣктоже
лѫкавы|лѫкавъі
нѣктоже|нѣктоже
лицемѣрь|ліцемѣрь
никтоже|ніктоже
ꙗ̇да|ꙗда
да|да
не|не
и̇мать|імать
въ|въ
срцⷣи|срцді
скрьвена|скрьвена
не|не
и̇но|іно
вь|вь
оу̇стѣхь|оустѣхь
носѧ|носѧ
а̇|а
и̇но|іно
на|на
оу̇мѣ|оумѣ
понеже|понеже
нинѣ|нінѣ
прѣстои̇ть|прѣстоіть
хьⷭ҇|хьс
и̇|і
оу̇крашаѫ̇|оукрашаѫ
тѫ|тѫ
трапеꙁоу|трапезоу
тогда|тогда
и̇|і
сиѫ̇|сіѫ
н͠нѣ|н҃нѣ
оу̇крашаѥ̇ть|оукрашаеть
нⷭ҇ѣ|нсѣ
бо|бо
чл͠кь|чл҃кь
творѫ̇|творѫ
и̇|і
прѣдълежѧщаа̇|прѣдълежѧщаа
да|да
бѫдеть|бѫдеть
тѣло|тѣло
и̇|і
крьвь|крьвь
хв͠а|хв҃а
нѫ|нѫ
пропѧти|пропѧті
ꙁа|за
ни|ні
хьⷭ҇|хьс
ѡ̇браꙁы|образъі
и̇мать|імать
своє|свое
тькмо|тькмо
ѥ̇реи̇|ереі
и̇|і
та|та
словеса|словеса
гл͠еть|гл҃еть
бж͠иꙗ̇|бж҃іꙗ
бл͠годѣть|бл҃годѣть
и̇|і
сила|сіла
ѥ̇сть|есть
ꙗ̇же|ꙗже
творить|творіть
вьсе|вьсе
и̇|і
вѣщаѥ̇ть|вѣщаеть
се|се
ѥⷭ҇|ес
тѣло|тѣло
моє̇|мое
се|се
слоⷡ҇|слов
прѣдлежѫщаꙗ̇|прѣдлежѫщаꙗ
ст͠ить|ст҃іть
ꙗ̇коже|ꙗкоже
и̇|і
тои̇|тоі
глаⷭ҇|глас
гл͠ѧщы|гл҃ѧщъі
растите|растіте
сѧ|сѧ
и̇|і
множите|множіте
сѧ|сѧ
и̇|і
и̇спльните|іспльніте
ꙁемѧ|земѧ
и̇|і
реⷱ҇но|речно
быⷭ҇|бъіс
ѥ̇диноѫ̇|едіноѫ
а̇|а
вынꙋ|въіноу
на|на
всѣ|всѣ
лѣⷮ҇|лѣт
силѫ|сілѫ
дає̇ть|даеть
родоу|родоу
члв͠ьскомⷹ|члв҃ьскомоу
плодь|плодь
творити|творіті
тако|тако
и̇|і
сы|съі
глаⷭ҇|глас
ѥ̇диноѫ̇|едіноѫ
реⷱ҇нь|речнь
быⷭ҇|бъіс
и̇|і
вьсѣкѫ|вьсѣкѫ
трапеꙁѫ|трапезѫ
и̇|і
вь|вь
всѣхь|всѣхь
црк͠вахь|црк҃вахь
ѿтолѣ|оттолѣ
и̇|і
до|до
дн͠ешꙿнаа̇го|дн҃ешнааго
дн͠е|дн҃е
до|до
пришествиꙗ̇|прішествіꙗ
є̇го|его
ст͠ѫѫ̇|ст҃ѫѫ
жрьтвѫ|жрьтвѫ
и̇|і
сьврьшенѫѫ̇|сьврьшенѫѫ
творить|творіть
и̇|і
никыже|нікъіже
оу̇бо|оубо
бѫди|бѫді
лицемѣрь|ліцемѣрь
и̇|і
никтоже|ніктоже
бѫди|бѫді
вь|вь
оу̇мѣ|оумѣ
и̇мѣѫ̇|імѣѫ
ꙁлобѫ|злобѫ
да|да
не|не
ꙩ̇сѫждение̇|осѫжденіе
прии̇меть|прііметь
и̇ю̇да|іюда
ѥ̇гда|егда
приѥ̇мь|пріемь
тѣло|тѣло
тогда|тогда
вьскочи|вьскочі
диꙗ̇воль|діꙗволь
в|в
него|него
ѡ̇|о
тѣлеси|тѣлесі
гн͠и|гн҃і
небрѣгы̇|небрѣгъі
нѫ|нѫ
и̇|і
ꙩ|о
июдѣ|іюдѣ
небрѣгы|небрѣгъі
ꙁа|за
беꙁочьство|безочьство
и̇|і
да|да
оу̇вѣси|оувѣсі
ꙗ̇ро|ꙗро
примлѧщихь|прімлѧщіхь
ст͠ыхь|ст҃ъіхь
таи̇нь|таінь
недоⷭ҇и̇но|недосіно
вь|вь
таиньнаа̇|таіньнаа
вьходить|вьходіть
диꙗ̇воль|діꙗволь
ꙗ̇коже|ꙗкоже
тогда|тогда
вь|вь
и̇ю̇дѫ|іюдѫ
приѥ̇млѧще|пріемлѧще
тогда|тогда
доⷭ҇и̇но|досіно
и̇|і
чⷭ҇тьно|чстьно
чтⷭ҇ь|чтсь
и̇|і
польꙁѫ|пользѫ
и̇мать|імать
а̇|а
причѧщаѫ̇ще|прічѧщаѫще
недоⷭ҇и̇но|недосіно
большѧѫ̇|большѧѫ
мѫкѫ|мѫкѫ
себѣ|себѣ
приє̇млѫть|пріемлѫть
си|сі
гл͠ѧ|гл҃ѧ
не|не
хотѧ|хотѧ
оу̇страшити|оустрашіті
нѫ|нѫ
оу̇тврьдити|оутврьдіті
пища|піща
бо|бо
є̇сть|есть
дх͠овнаꙗ̇|дх҃овнаꙗ
жрьтва|жрьтва
ꙗ̇коже|ꙗкоже
и̇|і
тѣлеснаа̇|тѣлеснаа
жрьтва|жрьтва
е̇гаⷣ|егад
вь|вь
чрѣво|чрѣво
вꙿнидеть|внідеть
и̇мѫть|імѫть
ꙁли|злі
болѣꙁни|болѣзні
и̇|і
боли|болі
недѫгь|недѫгь
творить|творіть
не|не
своє̇ѫ̇|своеѫ
си|сі
волеѫ̇|волеѫ
нѫ|нѫ
недѫгомꙿ|недѫгом
и̇же|іже
вь|вь
чрѣвѣ|чрѣвѣ
тако|тако
и̇|і
ст͠ыѫ̇|ст҃ъіѫ
таны̇|танъі
є̇гда|егда
дх͠овнаа̇|дх҃овнаа
пища|піща
вьнидеть|вьнідеть
вь|вь
оу̇мь|оумь
пльнь|пльнь
ꙁлобы̇|злобъі
и̇|і
плача|плача
погоубиты|погоубітъі
и̇|і
и̇|і
и̇стлыть|істлъіть
не|не
своє̇ѫ̇|своеѫ
силоѫ̇|сілоѫ
нѫ|нѫ
ꙁане|зане
немощьна|немощьна
є̇сть|есть
дш͠а|дш҃а
приѥ̇млѫщиꙗ̇|пріемлѫщіꙗ
молѫ|молѫ
сѧ|сѧ
не|не
и̇мѣи̇|імѣі
никто|нікто
вь|вь
тыѫ̇|тъіѫ
ꙁлыѫ̇|злъіѫ
мыслы|мъіслъі
нѫ|нѫ
да|да
ѡ̇чистимь|очістімь
свои̇|своі
сьмы̇сль|сьмъісль
кь|кь
чистѣи̇|чістѣі
бо|бо
жрьтвѣ|жрьтвѣ
пристѧпаѥ̇мь|прістѧпаемь
нѫ|нѫ
ст͠ѫѫ̇|ст҃ѫѫ
сьтворимь|сьтворімь
своѫ̇|своѫ
дш͠ѫ|дш҃ѫ
можемь|можемь
бо|бо
се|се
створити|створіті
а̇ще|аще
хощемь|хощемь
е̇динѣмь|едінѣмь
дн͠емь|дн҃емь
како|како
и̇|і
комь|комь
ꙩ̇браꙁомь|образомь
а̇ще|аще
и̇маши|імаші
що|що
на|на
врага|врага
и̇ждени|іждені
гꙿнѣвь|гнѣвь
и̇сцѣли|ісцѣлі
ꙗ̇ꙁвѫ|ꙗзвѫ
и̇|і
раꙁрⷣѣши|разрдѣші
вражѫⷣ|вражѫд
и̇|і
да|да
примеши|прімеші
и̇сцѣлениѥ̇|ісцѣленіе
ѿ|от
трапеꙁы|трапезъі
кь|кь
ст͠ѣи̇|ст҃ѣі
бо|бо
и̇|і
страшꙿнѣи̇|страшнѣі
жрьтвѣ|жрьтвѣ
пристѫпає̇ши|прістѫпаеші
оу̇страши|оустраші
сѧ|сѧ
ѿ|от
ꙩ̇браꙁа|образа
и̇|і
самого|самого
прошениꙗ̇|прошеніꙗ
оу̇биѥ̇нь|оубіень
лежіть|лежіть
хьⷭ҇|хьс
нѫ|нѫ
раꙁоумѣи̇|разоумѣі
чесо|чесо
ра[ди]|раді
и̇|і
по|по
что|что
да|да
смирить|сміріть
нбнⷭ҇а|нбнса
и̇|і
ꙁемнаа|земнаа
и|і
да|да
те|те
дрꙋга|дроуга
створить|створіть
а̇нгломꙿ|англом
и|і
да|да
те|те
привеⷣть|пріведть
к|к
б͠оӳ|б҃оу
вьсачьскы̋мь|вьсачьскъімь
хьⷭ҇|хьс
же|же
анг͠лмь|анг҃лмь
и̋|і
архан͠гломь|архан҃гломь
г͠ь|г҃ь
и|і
тебе|тебе
врага|врага
сѫща|сѫща
и|і
противьна|протівьна
и|і
хотеща|хотеща
дрꙋга|дроуга
те|те
створити|створіті
и|і
д͠шѫ|д҃шѫ
своѫ|своѫ
вьдасть|вьдасть
тебе|тебе
ради|раді
ты̋|тъі
же|же
имы̋|імъі
враждѫ|враждѫ
на|на
брата|брата
свое̇го|своего
и̇|і
како|како
можеши|можеші
ходити|ходіті
кь|кь
мирнѣи̇|мірнѣі
трапеꙁѣ|трапезѣ
ѡ̇нь|онь
тебе|тебе
ради|раді
не|не
ѡ̇слабиль|ослабіль
е̇сть|есть
оумрѣти|оумрѣті
а̇|а
ты̋|тъі
гꙿнѣвь|гнѣвь
своемоу|своемоу
браⷮоу|братоу
не|не
можеши|можеші
ѿпоустити|отпоустіті
чесо|чесо
ради|раді
и̇|і
по|по
что|что
рьци|рьці
ми|мі
напаст|напаст
ли|лі
ти|ті
сьтвори|сьтворі
великꙋ|велікоу
тьщетѫ|тьщетѫ
ми|мі
сьтвории|сьтворіі
велиѫ̇|веліѫ
и̇|і
много|много
ми|мі
ꙁла|зла
сътвори|сътворі
и|і
до|до
главы|главъі
ми|мі
ꙁло|зло
сьтвори|сьтворі
да|да
что|что
сѣмь|сѣмь
нь|нь
не|не
оубо|оубо
теⷠ|теб
пропѧль|пропѧль
е̇сꙿмь|есмь
ꙗ̇коже|ꙗкоже
и̇|і
хаⷭ҇|хас
жидове|жідове
нѫ|нѫ
всѣко|всѣко
своѫ̇|своѫ
крьвь|крьвь
самь|самь
и̇же|іже
и̇ни|іні
пролиꙗ̇шѫ|проліꙗшѫ
на|на
спнⷭ҇ие̇|спнсіе
дасть|дасть
пролиꙗ̇вьшимь|проліꙗвьшімь
ѫ̇|ѫ
и̇|і
что|что
семоу|семоу
равно|равно
можеши|можеші
ли|лі
и̇ꙁгл͠ати|ізгл҃аті
а̇ще|аще
не|не
ѿпоустиши|отпоустіші
врагоу|врагоу
своѥ̇моу|своемоу
не|не
того|того
є̇си|есі
оу̇билъ|оубілъ
нѫ|нѫ
самь|самь
себе|себе
и̇номꙋ|іномоу
бо|бо
множицеѫ̇|множіцеѫ
на|на
семь|семь
жити|жіті
пакотⷭ҇ь|пакотсь
сьтвориль|сьтворіль
є̇си|есі
самь|самь
же|же
себе|себе
створи|створі
беꙁьѿвѣтна|безьотвѣтна
на|на
сѫдны|сѫднъі
дн͠ь|дн҃ь
ничесоже|нічесоже
и̇но|іно
не|не
навиⷣить|навідіть
б͠ь|б҃ь
ꙗ̇коже|ꙗкоже
того|того
ѥ̇же|еже
дрьжати|дрьжаті
гнѣвь|гнѣвь
то|то
є̇сть|есть
ꙗ̇коже|ꙗкоже
надимаѫ̇|надімаѫ
сѧ|сѧ
срцⷣе|срцде
и̇|і
ѡ̇бѧщрѣѫ̇щи|обѧщрѣѫщі
сѧ|сѧ
дш͠а|дш҃а
да|да
послоушаи̇|послоушаі
що|що
пишеть|пішеть
ѥ̇гда|егда
принесеши|прінесеші
дарь|дарь
твои̇|твоі
и̇|і
тоу|тоу
поменеши|поменеші
ꙗ̇ко|ꙗко
брать|брать
твои̇|твоі
и̇мать|імать
нѣщо|нѣщо
на|на
тѧ|тѧ
ꙩ̇стави|оставі
тоу|тоу
дарь|дарь
твои̇|твоі
и̇ди|іді
прьвоє̇|прьвое
и̇|і
сьмири|сьмірі
сѧ|сѧ
сь|сь
братомь|братомь
свои̇мь|своімь
и̇|і
тогⷣа|тогда
принесеши|прінесеші
дарь|дарь
свои̇|своі
что|что
гл͠еши|гл҃еші
жрьтвѫ|жрьтвѫ
ли|лі
ми|мі
велиши|веліші
ꙩставити|оставіті
ѿвѣща|отвѣща
ѥ̇и̇|еі
мира|міра
бо|бо
ради|раді
братнѣ|братнѣ
и̇|і
си|сі
жрьтва|жрьтва
быⷭ҇|бъіс
а̇ще|аще
смириши|сміріші
а̇ще|аще
ли|лі
ꙩ̇ставлѣє̇ши|оставлѣеші
мирь|мірь
тоу|тоу
не|не
сѧ|сѧ
причѧщає̇ши|прічѧщаеші
жрьтвѣ|жрьтвѣ
и̇|і
и̇справлениє̇|ісправленіе
ти|ті
не|не
полеꙁно|полезно
бѫдеть|бѫдеть
сьтвори|сьтворі
прѣжеⷣ|прѣжед
мирь|мірь
и̇|і
жрьтва|жрьтва
приѫ̇та|пріѫта
ти|ті
бѫдеть|бѫдеть
и̇|і
тогаⷣ|тогад
сѧ|сѧ
насладиши|насладіші
ѥ̇ѫ̇|еѫ
добрѣ|добрѣ
сєго|сего
ради|раді
приде|пріде
сн͠ь|сн҃ь
чл͠чьскы|чл҃чьскъі
да|да
примирить|пріміріть
родь|родь
нашь|нашь
кь|кь
б͠оу|б҃оу
сего|сего
ради|раді
не|не
самь|самь
тькмо|тькмо
приде|пріде
нѫ|нѫ
и̇|і
творѫщѧѫ̇|творѫщѧѫ
таковаа̇|таковаа
своє̇моу|своемоу
и̇мѣнию̇|імѣнію
ѡ̇бещꙿникы|обещнікъі
творить|творіть
бл͠жени|бл҃жені
сꙋть|соуть
смѣраѧ̇щеи̇|смѣраѧщеі
сѧ|сѧ
ꙗ̇ко|ꙗко
ти|ті
сн͠ове|сн҃ове
б͠и|б҃і
нарекѫт|нарекѫт
сѧ|сѧ
е̇же|еже
створиль|створіль
ѥⷭ҇|ес
ѥ̇диночѧди|едіночѧді
сн͠ь|сн҃ь
бж͠и|бж҃і
тогаⷣ|тогад
и̇|і
ти|ті
сьтвори|сьтворі
ѥ̇лико|еліко
ти|ті
сила|сіла
члв͠чьска|члв҃чьска
ѥ̇сть|есть
да|да
бѫдеши|бѫдеші
мироу|міроу
ходатаи̇|ходатаі
и̇|і
себѣ|себѣ
и̇|і
мнѣ|мнѣ
сего|сего
ради|раді
сн͠а|сн҃а
бж͠иꙗ̇|бж҃іꙗ
нарицаѥ̇мь|наріцаемь
миротворꙿца|міротворца
и̇|і
сего|сего
ради|раді
вꙿ|в
врѣмѧ|врѣмѧ
слоужбѣ|слоужбѣ
и̇ноє̇|іное
жрьтвы|жрьтвъі
никоѫ̇же|нікоѫже
помиѫ|поміѫ
нѫ|нѫ
смѣрениѥ̇|смѣреніе
братие|братіе
покаꙁаѫ̇|показаѫ
ꙗ̇ко|ꙗко
боле|боле
се|се
то|то
ѥ̇сть|есть
хотѣхь|хотѣхь
большими|большімі
прострѣти|прострѣті
слово|слово
се|се
нѫ|нѫ
довлѣѥ̇ть|довлѣеть
ны|нъі
реⷱ҇ноє̇|речное
послоушаѫ̇щимь|послоушаѫщімь
а̇ще|аще
хотѧть|хотѧть
молѧ|молѧ
сѧ|сѧ
оу̇бо|оубо
да|да
помнимь|помнімь
присно|прісно
словеса|словеса
ст͠аꙗ̇|ст҃аꙗ
и|і
лобꙿꙁаниꙗ̇|лобзаніꙗ
страшꙿнаа̇|страшнаа
и̇|і
цѣлованиꙗ̇|цѣлованіꙗ
ꙗ̇же|ꙗже
междоу|междоу
собоѫ|собоѫ
и̇мамы|імамъі
сице|сіце
бо|бо
сьплетае̇мь|сьплетаемь
сьмислы|сьміслъі
нашѧ|нашѧ
и̇|і
творить|творіть
всѧ|всѧ
да|да
бꙋдемь|боудемь
тѣломь|тѣломь
ѥ̇дино|едіно
понеже|понеже
вьси|вьсі
ѿ|от
є̇диного|едіного
тѣла|тѣла
приє̇млемь|пріемлемь
и̇|і
да|да
бѫдемь|бѫдемь
вꙿ|в
и̇стинꙋ|істіноу
тѣло|тѣло
є̇дино|едіно
не|не
тѣлеса|тѣлеса
кь|кь
себѣ|себѣ
смѣшаѫ̇ще|смѣшаѫще
нѫ|нѫ
дш͠ѫ|дш҃ѫ
кѫ|кѫ
себѣ|себѣ
свѫꙁомь|свѫзомь
любовьнымь|любовьнъімь
сьвькоуплѣѫ̇ще|сьвькоуплѣѫще
и̇|і
тако|тако
вьꙁможемь|вьзможемь
сь|сь
дрьꙁновениѥ̇мь|дрьзновеніемь
насладити|насладіті
сѧ|сѧ
прѣстоѫ̇щѫѫ̇|прѣстоѫщѫѫ
трапеꙁы|трапезъі
а̇ще|аще
бо|бо
и̇|і
тьмѫ|тьмѫ
и̇мамь|імамь
добриⷯ|добріх
дѣль|дѣль
и̇|і
гнѣвь|гнѣвь
же|же
дрьжимꙿ|дрьжім
вь|вь
соуѥ̇|соуе
и̇|і
праꙁно|празно
и̇|і
никое̇гоже|нікоегоже
спс͠ниꙗ̇|спс҃ніꙗ
симь|сімь
можемь|можемь
ꙩ̇брѣсти|обрѣсті
сии̇|сіі
оу̇бо|оубо
вѣдѫще|вѣдѫще
вь|вь
ꙁлоубенаꙗ̇|злоубенаꙗ
братиє̇|братіе
вьсѣкь|вьсѣкь
гнѣвь|гнѣвь
да|да
ꙩ̇тьврьжемь|отьврьжемь
ѡ̇чистівше|очістівше
нашь|нашь
оу̇мь|оумь
сь|сь
кротостиѫ̇|кротостіѫ
и̇|і
сь|сь
помишеⷧ҇ниѥ̇мь|помішелніемь
и̇|і
многомь|многомь
говѣниѥ̇мь|говѣніемь
да|да
пристѫпимь|прістѫпімь
причѧстити|прічѧстіті
сѧ|сѧ
ст͠ыхь|ст҃ъіхь
и̇|і
страшꙿны̇хь|страшнъіхь
танахь|танахь
да|да
чл͠колюбець|чл҃колюбець
б͠ь|б҃ь
сꙿвыше|свъіше
видѣвь|відѣвь
нелицемѣрꙿное̇|неліцемѣрное
ꙩ̇бращениѥ̇|обращеніе
наше|наше
и̇|і
симь|сімь
бл͠госпоⷣбит|бл҃господбіт
ны|нъі
ѡ̇бьщениє̇мь|обьщеніемь
бл͠годѣтиѫ̇|бл҃годѣтіѫ
и̇|і
ч͠ловѣколюбиѥ̇мь|ч҃ловѣколюбіемь
г͠а|г҃а
нш͠его|нш҃его
і̇саⷭ҇|ісас
хаⷭ҇|хас
сь|сь
ѡ̇ц͠емь|оц҃емь
коупно|коупно
и̇|і
ст͠ымь|ст҃ъімь
дх͠омь|дх҃омь
слава|слава
и̇|і
дрьжава|дрьжава
и̇|і
чьⷭ҇|чьс
и̇|і
покланиѥ̇|покланіе
и̇|і
н͠нѣ|н҃нѣ
и̇|і
присно|прісно
и̇|і
вꙿ|в
вѣкы|вѣкъі
вѣкомь|вѣкомь
а̇минъ|амінъ
СЛꙌВꙌ|слово
СТ҇АГꙌ|стаго
И́ꙌАН҇А|іоана
ꙀЛАТꙌꙊСТАГꙌ|златооустаго
ПО|по
погребение̇|погребеніе
тѣлоу|тѣлоу
г͠оу|г҃оу
бг͠оу|бг҃оу
і̇с͠оу|іс҃оу
хⷭ҇оу|хсоу
и̇ѡ̇сифоу|іосіфоу
ѿ|от
а̇римаѳеѫ̇|арімаѳеѫ
и̇|і
никодимоу|нікодімоу
на|на
сѫⷩ҇тиє̇|сѫнтіе
г͠оу|г҃оу
нашемоу|нашемоу
по|по
спс͠нѣи̇|спс҃нѣі
мѫцѣ|мѫцѣ
дивноу|дівноу
бывшꙋ|бъівшоу
Что|что
се|се
беꙁьмльствиѥ̇|безьмльствіе
многоѥ̇|многое
и̇|і
много|много
на|на
ꙁеми|земі
и̇|і
что|что
се|се
беꙁьмльвьствиѥ̇|безьмльвьствіе
много|много
и̇|і
мльчание̇|мльчаніе
много|много
ꙗ̇ко|ꙗко
ц͠рь|ц҃рь
спить|спіть
и̇|і
ꙃемлѣ|землѣ
оубоꙗ̇|оубоꙗ
сѧ|сѧ
и̇|і
оу̇мльче|оумльче
ꙗ̇ко|ꙗко
б͠ь|б҃ь
плътиѫ̇|плътіѫ
оу̇спе|оуспе
б͠ь|б҃ь
пльтиѫ̇|пльтіѫ
оу̇спе|оуспе
б͠ь|б҃ь
плътиѫ̇|плътіѫ
оу̇мрѣть|оумрѣть
и̇|і
а̇дь|адь
вьстрепета|вьстрепета
б͠ь|б҃ь
вь|вь
малѣ|малѣ
оу̇спе|оуспе
и̇|і
спѫщихь|спѫщіхь
ѿ|от
вѣка|вѣка
ѿ|от
а̇да|ада
вьскрѣси|вьскрѣсі
где|где
н͠нѣ|н҃нѣ
веⷱ҇рашныѫ̇|вечрашнъіѫ
мльвы|мльвъі
и̇|і
глаⷭ҇|глас
си|сі
говори|говорі
бываѭ̇щи|бъіваѭщі
накаꙁа|наказа
ѿ|от
ꙁаконопрѣстѫпныхь|законопрѣстѫпнъіхь
где|где
народи|народі
и|і
ковничини|ковнічіні
и̇|і
ѡ̇рѫжиꙗ̇|орѫжіꙗ
и̇|і
дрьголиꙗ̇|дрьголіꙗ
и̇|і
трѫть|трѫть
неправедны|неправеднъі
вь|вь
и̇стинѫ|істінѫ
бо|бо
ꙁѣло|зѣло
вь|вь
и̇стинѫ|істінѫ
где|где
цр͠ие|цр҃іе
иерие̇|іеріе
и̇|і
сѫди̇ѫ̇|сѫдіѫ
ѡ̇сѫжⷣенны̇ѫ̇|осѫжденнъіѫ
где|где
свѣщие|свѣщіе
и̇|і
мечи|мечі
и|і
говори|говорі
бечисльнии̇|бечісльніі
где|где
людие|людіе
и̇|і
шѫтаниꙗ̇|шѫтаніꙗ
вь|вь
и̇стинѫ|істінѫ
людие|людіе
пооу̇чишѫ|пооучішѫ
сѫ|сѫ
тьщетнымь|тьщетнъімь
и|і
соуетнымь|соуетнъімь
потыкошѫ|потъікошѫ
сѫ|сѫ
въ|въ
краи̇ѫ̇гльныи|краіѫгльнъіі
камень|камень
хьⷭ҇|хьс
и|і
сами|самі
ськроушишѫ|ськроушішѫ
сѫ|сѫ
приврьгошѫ|пріврьгошѫ
сѫ|сѫ
вь|вь
тврⷣь|тврдь
камень|камень
хьⷭ҇|хьс
нѫ|нѫ
вь|вь
пѣни|пѣні
вльныи̇мь|вльнъіімь
раꙁы̇дошѫ|разъідошѫ
потѫкошѫ|потѫкошѫ
сѫ|сѫ
ѡ̇|о
наковальнѣ|наковальнѣ
непобѣдимѣ|непобѣдімѣ
нѫ|нѫ
ѡ̇баче|обаче
сами|самі
сѫ|сѫ
ськроушишѫ|ськроушішѫ
и|і
сьтрени|сьтрені
бышѫ|бъішѫ
вьꙁнесошѫ|вьзнесошѫ
на|на
дрѣво|дрѣво
камень|камень
и̇|і
сьвыше|сьвъіше
оу̇мрьтви|оумрьтві
и̇хь|іхь
свѫꙁашѫ|свѫзашѫ
великаго|велікаго
сампсона|сампсона
слнꙿца|слнца
хаⷭ҇|хас
нѫ|нѫ
раꙁрⷣѣши|разрдѣші
вѣчныѫ̇|вѣчнъіѫ
ѫꙁы̇|ѫзъі
и̇нопленикь|інопленікь
и|і
ꙁаконопрѣстѫпнни̇кы|законопрѣстѫпннікъі
погоуби|погоубі
ꙁаи̇де|заіде
сл͠нце|сл҃нце
подь|подь
ꙁемлѫ|землѫ
тмѫ|тмѫ
прѣмрачнѫѫ̇|прѣмрачнѫѫ
и̇|і
ꙁаконопрѣстѫпникы|законопрѣстѫпнікъі
погоуби|погоубі
ꙁаи̇де|заіде
сл͠нце|сл҃нце
подъ|подъ
ꙁемлѫ|землѫ
и̇|і
тьмѫ|тьмѫ
прѣмрачнѫѫ̇|прѣмрачнѫѫ
и̇ю̇деѻ̇мь|іюдеомь
сьтвори|сьтворі
дн͠есь|дн҃есь
спеⷭ҇ниѥ̇|спесніе
сѫщимь|сѫщімь
на|на
ꙁеми|земі
ѿ|от
вѣка|вѣка
подь|подь
ꙁемлеѫ̇|землеѫ
спѧщимь|спѧщімь
днеⷭ҇|днес
сп͠са|сп҃са
въсемоу|въсемоу
мироу|міроу
ѥ̇лико|еліко
виⷣмь|відмь
ѥ̇лико|еліко
невидимь|невідімь
соугоубо|соугоубо
оу̇бо|оубо
днеⷭ҇|днес
пришествиє̇|прішествіе
г͠не|г҃не
соугоубо|соугоубо
сьмотрениє̇|сьмотреніе
соугоубо|соугоубо
чл͠колюбьствиє̇|чл҃колюбьствіе
соугоубо|соугоубо
смотрениѥ̇|смотреніе
соугоубо|соугоубо
сьнитиѥ̇|сьнітіе
вь|вь
коупѣ|коупѣ
же|же
и̇|і
смѣрение̇|смѣреніе
соугꙋбо|соугоубо
кь|кь
чл͠комь|чл҃комь
посѣщениѥ̇|посѣщеніе
ѿ|от
небеⷭ҇|небес
на|на
ꙁемлѧ|землѧ
ѿ|от
ꙁемлѧ|землѧ
подъ|подъ
ꙁемлѧ|землѧ
б͠ь|б҃ь
приходить|пріходіть
и̇|і
врата|врата
а̇доу|адоу
ѿврьꙁаѫ̇ть|отврьзаѫть
сѫ|сѫ
и̇|і
спѫщеи̇|спѫщеі
ѿ|от
вѣка|вѣка
раоуⷣѫт|раоудѫт
сѧ|сѧ
и̇|і
сѣдѫщеи̇|сѣдѫщеі
въ|въ
тмѣ|тмѣ
и̇|і
сѣни|сѣні
сьмрьтнѣи̇|сьмрьтнѣі
великꙿ|велік
сꙿвѣть|свѣть
прии̇мѣте|пріімѣте
сь|сь
рабы|рабъі
г͠ь|г҃ь
и̇|і
с|с
мр͠твымии̇|мр҃твъіміі
б͠ь|б҃ь
сьи̇|сьі
оу̇мр͠ьши|оумр҃ьші
животь|жівоть
сь|сь
повынꙿными|повъіннъімі
неповиненъ|неповіненъ
сьи̇|сьі
сѫщимь|сѫщімь
немрачны|немрачнъі
свѣть|свѣть
въ|въ
тмѣ|тмѣ
сь|сь
плѣнникы|плѣннікъі
свободитель|свободітель
сь|сь
прѣи̇сподꙿными|прѣісподнъімі
прѣвыше|прѣвъіше
и̇|і
нбⷭ҇ь|нбсь
г͠ь|г҃ь
на|на
ꙁеми|земі
прославимь|прославімь
г͠ь|г҃ь
вь|вь
мр͠твыхь|мр҃твъіхь
сь|сь
ними|німі
сьнидѣмь|сьнідѣмь
да|да
оу̇вѣмь|оувѣмь
таи̇нѫ|таінѫ
ѫ̇же|ѫже
тоу|тоу
раꙁоумѣє̇мь|разоумѣемь
б͠оу|б҃оу
таи̇нѫ|таінѫ
оу̇таѥ̇нѫѫ̇|оутаенѫѫ
подъ|подъ
ꙁемлеѫ̇|землеѫ
чюдеса|чоудеса
и̇|і
да|да
оу̇вѣмы̇|оувѣмъі
како|како
сѫщи|сѫщі
въ|въ
а̇дѣ|адѣ
просвѣтиль|просвѣтіль
є̇си|есі
проповѣды̇|проповѣдъі
что|что
оу̇бо|оубо
вьсѣхь|вьсѣхь
ли|лі
прѣпрость|прѣпрость
спаⷭ҇ѥ̇ть|спасеть
ꙗ̇вльши|ꙗвльші
сѧ|сѧ
вь|вь
а̇дѣ|адѣ
б͠ь|б҃ь
и̇|і
ны|нъі
тоу|тоу
вѣроуѫ̇щихь|вѣроуѫщіхь
въчера|въчера
смотрилива|смотріліва
творѫ|творѫ
а̇|а
днеⷭ҇|днес
вл͠чьскаа̇|вл҃чьскаа
вьчера|вьчера
пльⷮ҇скаа̇|пльтскаа
а̇|а
днеⷭ҇|днес
г͠ьскаа̇|г҃ьскаа
дѣє̇ть|дѣеть
вьчера|вьчера
члв͠чьскаꙗ̇|члв҃чьскаꙗ
а̇|а
днⷭ҇е|днсе
бж͠ьскꙗ̇|бж҃ьскꙗ
влѣѥ̇ть|влѣеть
вчера|вчера
ꙁа|за
оу̇хо|оухо
оу̇дарень|оударень
быⷭ҇|бъіс
днеⷭ҇|днес
ѻ̇блистаниѥ̇мь|облістаніемь
бж͠иѥмь|бж҃іемь
а̇довьскоѥ̇|адовьское
жиⷧ҇ще|жілще
просвѣщаѥ̇т|просвѣщает
сѧ|сѧ
въчера|въчера
свѫꙁань|свѫзань
бываа̇ше|бъівааше
а̇|а
днеⷭ҇|днес
нераꙁрⷣѣшимы̇ми|неразрдѣшімъімі
ѫ̇ꙁами|ѫзамі
свѧꙁа|свѧза
мѫчителѣ|мѫчітелѣ
в̇чера|вчера
ѻсѫждень|осѫждень
бываа̇ше|бъівааше
и̇|і
днеⷭ҇|днес
ѡ̇сѫжденымь|осѫжденъімь
свободѫ|свободѫ
даⷭ҇|дас
вьчера|вьчера
слоугы|слоугъі
пилатѡвы|пілатовъі
рѫгаа̇хѫ|рѫгаахѫ
сѧ|сѧ
є̇моу|емоу
а̇|а
днеⷭ҇|днес
врⷶтници|вратніці
а̇дови|адові
видѣвше|відѣвше
ѥ̇го|его
и̇чеꙁошѧ|ічезошѧ
днеⷭ҇|днес
оу̇слы̇шите|оуслъішіте
хв͠ьнѣи̇|хв҃ьнѣі
мѫцѣ|мѫцѣ
сьвышнеѥ̇|сьвъішнее
слоⷡ҇|слов
слыши|слъіші
и̇|і
вьспои̇|вьспоі
слыⷲ҇и̇|слъіші
прослави|прославі
слыши|слъіші
проповѣжьⷣ|проповѣжьд
б͠оу|б҃оу
велиꙗ̇|веліꙗ
чюдеса|чоудеса
како|како
ꙁаконь|законь
ѿстѫпаѥ̇ть|отстѫпаеть
и̇|і
како|како
бл͠годѣть|бл҃годѣть
процвитає̇та|процвітаета
како|како
ѻ̇браꙁи|образі
мимоходѫть|мімоходѫть
и̇|і
како|како
сл͠нце|сл҃нце
вьселенѫѫ̇|вьселенѫѫ
и̇спльнѣе̇ть|іспльнѣеть
како|како
ветьхы|ветьхъі
ꙁаконь|законь
ꙩ̇бетьша|обетьша
како|како
новы|новъі
и̇ꙁветьщаѥ̇ть|ізветьщаеть
сѧ|сѧ
како|како
древнѣ|древнѣ
мимои̇дошѧ|мімоідошѧ
и̇|і
како|како
нова|нова
проꙗ̇вишѧ|проꙗвішѧ
сѧ|сѧ
д̇вои̇|двоі
люди|люді
е̇си|есі
въ|въ
хвⷭ҇ьнѣи̇|хвсьнѣі
мѫцѣ|мѫцѣ
прии̇дошѧ|пріідошѧ
ѥ̇вреи̇сци|евреісці
же|же
коупно|коупно
и̇|і
поганьстии̇|поганьстіі
и̇|і
два|два
ц͠рѣ|ц҃рѣ
пилать|пілать
и̇|і
и̇родь|іродь
и̇|і
дꙿва|два
арьхиє̇реꙗ̇|арьхіереꙗ
а̇нна|анна
и̇|і
каꙗ̇фа|каꙗфа
да|да
ѻ̇бѣ|обѣ
пасцѣ|пасцѣ
вь|вь
коупѣ|коупѣ
бѫдетѣ|бѫдетѣ
ѻ̇ва|ова
прѣстоѫ̇щи|прѣстоѫщі
а̇|а
дх͠овнаꙗ̇|дх҃овнаꙗ
сина|сіна
и̇дѫщи|ідѫщі
и̇|і
дꙿвѣ|двѣ
жрьтвѣ|жрьтвѣ
вь|вь
ты|тъі
веⷱ҇рь|вечрь
сьбы̇шѧ|сьбъішѧ
сѧ|сѧ
понеже|понеже
сп͠сениѥ̇|сп҃сеніе
гл͠ѧ|гл҃ѧ
живымь|жівъімь
и̇|і
мр͠твымь|мр҃твъімь
бывша|бъівша
тоже|тоже
и̇ю̇деи̇е̇|іюдеіе
свѧꙁавше|свѧзавше
а̇гньца|агньца
ꙁакалаа̇хѫ|закалаахѫ
а̇|а
и̇же|іже
ѿ|от
погань|погань
вьпльти|вьпльті
б͠а|б҃а
ѻ̇ви|ові
в|в
сѣни|сѣні
вьꙁарахѫ|вьзарахѫ
ѡ̇ви|ові
же|же
кь|кь
сльньцоу|сльньцоу
нб͠оу|нб҃оу
притѣкаа̇хѫ|прітѣкаахѫ
ѻ̇вы|овъі
свѧꙁавьше|свѧзавьше
хаⷭ҇|хас
и̇|і
ѿсилахѫ|отсілахѫ
а̇|а
е̇же|еже
ѿ|от
погань|погань
е̇динодш͠ьно|едінодш҃ьно
є̇го|его
пріе̇маха|пріемаха
ѻ̇ви|ові
же|же
скотꙿны|скотнъі
жрьтвы|жрьтвъі
ѡ̇ви|ові
же|же
б͠жию|б҃жію
тѣлоу|тѣлоу
жрьтвӹ|жрьтвъі
приношахѫ|пріношахѫ
нѫ|нѫ
ю̇деи̇ское|юдеіское
и̇сьхожеⷣние̇|ісьхожедніе
еже|еже
ѿ|от
егыпта|егъіпта
помѣнѫхѫ|помѣнѫхѫ
а|а
и̇же|іже
ѿ|от
погань|погань
и̇ꙁьа̇вление|ізьавленіе
ѿ|от
льсти|льсті
проповѣдахѫ|проповѣдахѫ
и̇же|іже
ѡ̇собь|особь
градь|градь
ц͠рю|ц҃рю
великомоу|велікомоу
вь|вь
немже|немже
сьтвори|сьтворі
спеⷭ҇ние̇|спесніе
посрⷣѣ|посрдѣ
ꙁемлѫ|землѫ
и|і
посрѣдѣ|посрѣдѣ
животоу|жівотоу
поꙁнань|познань
бывь|бъівь
іс͠ь|іс҃ь
б͠жи|б҃жі
и̇|і
сн͠ь|сн҃ь
посрѣдѣ|посрѣдѣ
ѡ̇ц͠а|оц҃а
и|і
д͠ха|д҃ха
ѡ̇бѣма|обѣма
животома|жівотома
и̇|і
животь|жівоть
ѿ|от
живота|жівота
истинꙿно|істінно
и̇|і
животь|жівоть
ꙗ̇ви|ꙗві
сѫ|сѫ
посрѣдѣ|посрѣдѣ
а̇нг͠ль|анг҃ль
и̇|і
чл͠комь|чл҃комь
вь|вь
ꙗ̇слехь|ꙗслехь
ꙗ̇влаѫ̇|ꙗвлаѫ
сѧ|сѧ
и̇|і
посрⷣѣ|посрдѣ
ꙩ̇бои̇хь|обоіхь
люди|люді
сии̇|сіі
камень|камень
ѫ̇гльны|ѫгльнъі
лежѫ|лежѫ
посрⷣѣ|посрдѣ
ꙁаконоу|законоу
и̇|і
пррⷪ҇комь|пррокомь
вькоупѣ|вькоупѣ
проповѣдає̇мь|проповѣдаемь
посрⷣѣ|посрдѣ
мои̇сеѡ̇ви|моісеові
и̇|і
и̇ли|ілі
ꙗ̇влѣѫ̇|ꙗвлѣѫ
сѧ|сѧ
и̇|і
посрⷣѣ|посрдѣ
ꙩ̇бѣма|обѣма
раꙁбои̇никома|разбоінікома
б͠ъ|б҃ъ
раꙁоумномꙋ|разоумномоу
раꙁбоиникоу|разбоінікоу
ꙗ̇влѣѫ̇|ꙗвлѣѫ
сѧ|сѧ
и̇|і
посрѣдѣ|посрѣдѣ
настоѫ̇щеи̇|настоѫщеі
жиꙁни|жізні
грѧдѫщи|грѧдѫщі
сѫдии̇|сѫдіі
вѣчныи̇|вѣчнъіі
сѣдить|сѣдіть
и̇|і
посрѣдѣ|посрѣдѣ
днеⷭ҇|днес
живымь|жівъімь
и̇|і
мртвымь|мртвъімь
ꙗ̇влѣѫ̇|ꙗвлѣѫ
сѧ|сѧ
соугоубо|соугоубо
пакы|пакъі
гл͠аѫ̇|гл҃аѫ
жиꙁны|жізнъі
соугоубо|соугоубо
рожⷣьство|рождьство
вькоупѣ|вькоупѣ
и̇|і
пророчⷭ҇тво|пророчство
сирѣчь|сірѣчь
соугоубо|соугоубо
рожьⷣствоу|рожьдствоу
вещи|вещі
и̇|і
въ|въ
пльтии̇|пльтіі
чюдеса|чоудеса
а̇нг͠ль|анг҃ль
марии̇|маріі
матери|матері
хв͠о|хв҃о
рождьство|рождьство
бл͠говѣствова|бл҃говѣствова
а̇нг͠ль|анг҃ль
марии̇|маріі
магдалини|магдаліні
порожеⷣни|порожедні
ѥ̇моу|емоу
ѥ̇же|еже
ѿ|от
гроба|гроба
бл͠говѣствова|бл҃говѣствова
нощиѫ̇|нощіѫ
х͠ь|х҃ь
въ|въ
виѳлеѻ̇мѣ|віѳлеомѣ
роди|роді
сѧ|сѧ
нощиѫ̇|нощіѫ
пакы|пакъі
весь|весь
и̇ꙁь|ізь
м͠ртвыхь|м҃ртвъіхь
паражаⷣє̇т|паражадет
сѧ|сѧ
врьтопь|врьтопь
и̇с|іс
камене|камене
и̇деже|ідеже
хьⷭ҇|хьс
ражаⷣе̇ть|ражадеть
сѧ|сѧ
пелени|пелені
рождъство|рождъство
приѥ̇млѧть|пріемлѧть
врьтопь|врьтопь
вь|вь
камени|камені
и̇де(же)|ідеже
погребе|погребе
сѧ|сѧ
и̇|і
пеленами|пеленамі
ꙁеⷣ|зед
повиває̇ть|повіваеть
сѧ|сѧ
и̇|і
ꙁмирьнѫ|змірьнѫ
рождеи|рождеі
сѧ|сѧ
приѫ̇ть|пріѫть
и̇|і
ꙁмирьнѫ|змірьнѫ
на|на
погребениє̇|погребеніе
приѥ̇мꙿ|пріем
и̇|і
ѿ|от
а̇нг͠ла|анг҃ла
приѥ̇меть|пріеметь
вѣсть|вѣсть
и̇ѻ̇сифь|іосіфь
беꙁмѫжныѫ̇|безмѫжнъіѫ
мѫжь|мѫжь
а̇|а
ꙁꙿде|зде
и̇ѡ̇сифь|іосіфь
ѿ|от
а̇римаѳеѫ̇|арімаѳеѫ
вь|вь
виѳлеѡ̇мѣ|віѳлеомѣ
вь|вь
ꙗ̇слехь|ꙗслехь
рождъство|рождъство
нѫ|нѫ
и̇|і
въ|въ
гробѣ|гробѣ
ꙗ̇ко|ꙗко
и̇|і
вь|вь
ꙗ̇слехь|ꙗслехь
мꙗсто|мꙗсто
прьви|прьві
пастыриѥ̇|пастъіріе
бл͠говѣстьници|бл҃говѣстьніці
хвⷭ҇оу|хвсоу
рожⷣъствоу|рождъствоу
нѫ|нѫ
прьви|прьві
вьсѣмъ|вьсѣмъ
пастироу|пастіроу
хоуⷭ҇|хоус
оу̇ченици|оученіці
благовѣстишѧ|благовѣстішѧ
х͠во|х҃во
и̇ꙁь|ізь
мꙿрьтвыхь|мрьтвъіхь
порождениѥ̇|порожденіе
тамо|тамо
а꙼нлⷢ҇ъ|анлгъ
раⷣоуѫ̇|радоуѫ
сѧ|сѧ
д͠вѣ|д҃вѣ
и̇|і
въꙁпи|възпі
а̇|а
ꙁде|зде
раⷣоуѫ̇ть|радоуѫть
сѧ|сѧ
великомоу|велікомоу
свѣтоу|свѣтоу
а̇нг͠ль|анг҃ль
вьꙁьпи|вьзьпі
хьⷭ҇|хьс
же|же
намь|намь
вь|вь
прьвоѥ̇|прьвое
раждъство|раждъство
хв͠о|хв҃о
по|по
.м͠.|м҃
дн͠и|дн҃і
вьꙁыде|вьзъіде
вь|вь
є̇роусалимь|ероусалімь
въ|въ
цр͠ковь|цр҃ковь
и̇|і
принесошѧ|прінесошѧ
вамь|вамь
а̇ко|ако
и̇|і
прьвѣньцоу|прьвѣньцоу
дꙿва|два
грьличища|грьлічіща
нѫ|нѫ
и̇|і
порождениѥ̇|порожденіе
є̇моу|емоу
ѥ̇же|еже
и̇ꙁь|ізь
мрьтвыхь|мрьтвъіхь
хьⷭ҇|хьс
по|по
четиридесѧти|четірідесѧті
дн͠и|дн҃і
вьꙁыде|вьзъіде
вь|вь
вышни|въішні
е̇роусалимь|ероусалімь
ѿнѫдоуже|отнѫдоуже
не|не
раꙁлѧчи|разлѧчі
сѧ|сѧ
вь|вь
и̇стинѫ|істінѫ
ст͠а|ст҃а
ст͠ымь|ст҃ъімь
ꙗ̇ко|ꙗко
и̇|і
прьвенець|прьвенець
неи̇стꙿлѣна|неістлѣна
и̇ꙁь|ізь
мрꙿтвыⷯ҇|мртвъіх
и̇|і
приведе|пріведе
бв͠и|бв҃і
и̇|і
ѻ̇ц͠оу|оц҃оу
дв͠а|дв҃а
грьличища|грьлічіща
дш͠ѫ|дш҃ѫ
и̇|і
пльⷮ҇|пльт
нашѫ|нашѫ
є̇гоже|егоже
приѫ̇|пріѫ
ѻ̇тец͠ь|отец҃ь
ꙗ̇ко|ꙗко
и̇|і
семеѻ̇нь|семеонь
тако|тако
и̇|і
ветьхы̇|ветьхъі
дн͠ьми|дн҃ьмі
хаⷭ҇|хас
приѫть|пріѫть
вь|вь
рѫцѣ|рѫцѣ
свои̇|своі
вь|вь
своꙗ̇|своꙗ
ꙗ̇дра|ꙗдра
а̇ще|аще
ли|лі
вѣсть|вѣсть
кто|кто
и̇|і
се|се
вѣрьно|вѣрьно
слыши|слъіші
ꙩ̇бличаѫ̇|облічаѫ
тѧ|тѧ
недвижимыѫ̇|недвіжімъіѫ
печати|печаті
хвⷭ҇оу|хвсоу
порожеⷣнию̇|порожеднію
и̇|і
гробоу|гробоу
гн͠ю|гн҃ю
ꙗ̇ко|ꙗко
бо|бо
ꙁнамена|знамена
намь|намь
печатемь|печатемь
и̇|і
дв͠естьвны̇мь|дв҃естьвнъімь
дверемь|дверемь
ꙁатвореномь|затвореномь
хьⷭ҇|хьс
ѿ|от
дв͠ы|дв҃ъі
роди|роді
сѧ|сѧ
и̇|і
тако|тако
неѿврьстомь|неотврьстомь
сѫщимь|сѫщімь
печатемь|печатемь
гробнымь|гробнъімь
хв͠о|хв҃о
порожеⷣниѥ̇|порожедніе
быⷭ҇|бъіс
какоже|какоже
вь|вь
гробь|гробь
и̇|і
когда|когда
и̇|і
ѿ|от
кои̇хь|коіхь
хьⷭ҇|хьс
жиꙁнь|жізнь
полагае̇ть|полагаеть
сѧ|сѧ
вь|вь
гробѣ|гробѣ
и̇|і
ст͠ымь|ст҃ъімь
словомь|словомь
славльшимь|славльшімь
и̇|і
поꙁдѣ|поздѣ
бывшоу|бъівшоу
приде|пріде
чл͠вкь|чл҃вкь
б͠гать|б҃гать
и̇менемь|іменемь
и̇ꙩ̇сифь|іосіфь
си|сі
дрьꙁнѫвь|дрьзнѫвь
и̇|і
вьниде|вьніде
кь|кь
пилатоу|пілатоу
и̇|і
проси|просі
тѣла|тѣла
и̇с͠ва|іс҃ва
вьниде|вьніде
чл͠кь|чл҃кь
кь|кь
чл͠коу|чл҃коу
просѧ|просѧ
б͠а|б҃а
чл͠комь|чл҃комь
прошаше|прошаше
брение̇|бреніе
ѿ|от
брениꙗ̇|бреніꙗ
приѫ̇ти|пріѫті
ꙃиждитела|зіждітела
вьсѣмь|вьсѣмь
сѣно|сѣно
ѿ|от
сѣна|сѣна
приѫ̇ти|пріѫті
нꙿб͠сны|нб҃снъі
ѻ̇гꙿнь|огнь
капла|капла
малаꙗ̇|малаꙗ
ѿ|от
каплѫ|каплѫ
приѫ̇ти|пріѫті
беꙁдѫ|бездѫ
кто|кто
видѣ|відѣ
и̇ли|ілі
кто|кто
слы̇ша|слъіша
где|где
чл͠комь|чл҃комь
творьца|творьца
и̇|і
чл͠кь|чл҃кь
дароваше|дароваше
беꙁаникь|безанікь
праведьника|праведьніка
и̇|і
творꙿца|творца
ꙁакономь|закономь
ꙩ̇бѣща|обѣща
сѧ|сѧ
дарьствовати|дарьствоваті
сѫдиѧ̇|сѫдіѧ
ѡ̇сѫждены|осѫжденъі
ꙗ̇ко|ꙗко
ꙩ̇сѫжеⷣна|осѫжедна
сѫдиꙗ̇мь|сѫдіꙗмь
въ|въ
погребениѥ̇|погребеніе
даѫ̇|даѫ
и̇|і
поꙁдѣ|поздѣ
бы̇вꙿшоу|бъівшоу
приде|пріде
чл͠кь|чл҃кь
бг͠ать|бг҃ать
и̇менемь|іменемь
и̇ѻ̇сифь|іосіфь
вь|вь
и̇стинѫ|істінѫ
бг͠ать|бг҃ать
ꙗ̇ко|ꙗко
вьсе|вьсе
сложеноѥ̇|сложеное
тѣло|тѣло
і̇св͠о|ісв҃о
приѥ̇мь|пріемь
вь|вь
и̇стинѫ|істінѫ
бг͠ать|бг҃ать
ꙗ̇ко|ꙗко
соугоубѫ|соугоубѫ
оу̇сиѫ̇|оусіѫ
хв͠ѫ|хв҃ѫ
ѿ|от
пилата|пілата
приѥ̇мь|пріемь
богать|богать
ꙗ̇ко|ꙗко
бесцѣна|бесцѣна
бисра|бісра
доⷭ҇є̇нь|досень
быⷭ҇|бъіс
приѫ̇ти|пріѫті
вь|вь
и̇стинѫ̇|істінѫ
бг͠ать|бг҃ать
понеже|понеже
влагалище|влагаліще
понесе|понесе
плътьноѥ̇|плътьное
бж͠естьвнаа̇го|бж҃естьвнааго
бг͠атьства|бг҃атьства
и̇|і
како|како
не|не
богать|богать
вьсемоу|вьсемоу
мироу|міроу
жиꙁнь|жізнь
и̇|і
сп͠сениѥ̇|сп҃сеніе
стѫжавъ|стѫжавъ
како|како
не|не
бг͠ать|бг҃ать
иѡ̇сифь|іосіфь
дарь|дарь
приемь|пріемь
питаѫщаго|пітаѫщаго
вьсѣхь|вьсѣхь
и̇|і
вьсѣми|вьсѣмі
ѡ̇бладаѫ̇щаа̇|обладаѫщаа
поꙁдѣ|поздѣ
же|же
бы̋вшоу|бъівшоу
бѣше|бѣше
оу̇бо|оубо
ꙁаи̇шло|заішло
вь|вь
а̇дь|адь
праведное|праведное
слн͠це|слн҃це
тѣмже|тѣмже
прииде|прііде
чл͠кь|чл҃кь
бг͠ать|бг҃ать
и̇менемь|іменемь
иѡ̇сифь|іосіфь
ѿ|от
аримаѳеѫ̇|арімаѳеѫ
и̇же|іже
бѣ|бѣ
крыѫ̇|кръіѫ
сѫ|сѫ
страха|страха
ради|раді
ию̇деиска|іюдеіска
прииде|прііде
же|же
и̇|і
никодимъ|нікодімъ
приишедь|пріішедь
кь|кь
і̇св͠и|ісв҃і
нощиѫ̇|нощіѫ
таины|таінъі
оу̇таити|оутаіті
потае̇ныѫ̇|потаенъіѫ
и|і
два|два
потаенаꙗ̇|потаенаꙗ
оученика|оученіка
скрити|скріті
іс͠а|іс҃а
и|і
вь|вь
и|і
грѧдеть|грѧдеть
и|і
скрьвенѫѫ|скрьвенѫѫ
вь|вь
а̇дѣ|адѣ
таи̇нѫ|таінѫ
потаеномоу|потаеномоу
вь|вь
пльти|пльті
б͠оу|б҃оу
и|і
своимь|своімь
скрьвениемь|скрьвеніемь
оу̇чѫща|оучѫща
дроугь|дроугь
дроуга|дроуга
и̇|і
прѣспѣваѫ̇ща|прѣспѣваѫща
бж͠иѫ|бж҃іѫ
любꙿве|любве
никодимь|нікодімь
бо|бо
вьꙁемь|вьземь
ꙁꙿмирнѫ|змірнѫ
а̇|а
и̇ѡ̇сифь|іосіфь
дрьꙁновени|дрьзновені
еже|еже
кь|кь
пилатоу|пілатоу
похвално|похвално
си|сі
бо|бо
вьсѣкь|вьсѣкь
страхь|страхь
ѿврьгь|отврьгь
и̇|і
дрьꙁновено|дрьзновено
вьниде|вьніде
кь|кь
пилатоу|пілатоу
просѧ|просѧ
тѣла|тѣла
іс͠ва|іс҃ва
и|і
вьшедь|вьшедь
прѣдверы|прѣдверъі
ѿнѫдь|отнѫдь
и|і
начѧть|начѧть
да|да
в|в
любениꙗ̇|любеніꙗ
и̇|і
мысли|мъіслі
не|не
погрѣшить|погрѣшіть
тѣмже|тѣмже
не|не
ꙁачинаеть|зачінаеть
кь|кь
пилатоу|пілатоу
велиꙗ̇ми|веліꙗмі
рѣчми|рѣчмі
етеры|етеръі
да|да
не|не
вь|вь
гнѣвь|гнѣвь
сего|сего
раꙁдражить|раздражіть
и̇|і
ѿпадеть|отпадеть
прошениꙗ̇|прошеніꙗ
ни|ні
г͠леть|г҃леть
кь|кь
немоу|немоу
дажⷣь|даждь
ми|мі
тѣла|тѣла
іс͠ова|іс҃ова
ѡ̇мрачившомоу|омрачівшомоу
сл͠нце|сл҃нце
прѣжеⷣ|прѣжед
вь|вь
мало|мало
врѣмѧ|врѣмѧ
камение|каменіе
раꙁдроушьшоу|раздроушьшоу
и̇|і
ꙁемѧ|земѧ
потрѧсьшоу|потрѧсьшоу
и̇|і
гробы|гробъі
ѿврьꙁьшоу|отврьзьшоу
и̇|і
катапетаꙁмѫ|катапетазмѫ
ц͠рковнѫ|ц҃рковнѫ
раꙁдравшоу|раздравшоу
ничтоже|нічтоже
таково|таково
кь|кь
пилатоу|пілатоу
гл͠аше|гл҃аше
нѫ|нѫ
чꙿто|что
прошение|прошеніе
етеро|етеро
мало|мало
ѡ̇|о
сѫди|сѫді
ѿнѫдъ|отнѫдъ
нѣщо|нѣщо
ти|ті
мало|мало
просѧ|просѧ
и̇|і
к|к
тебѣ|тебѣ
прии̇дохь|пріідохь
дажⷣь|даждь
ми|мі
тѣло|тѣло
мрьтво|мрьтво
въ|въ
погребениѥ̇|погребеніе
ѡ̇номоу|ономоу
ѻ̇сѫжеⷣномоу|осѫжедномоу
ѿ|от
тебе|тебе
і̇соуⷭ҇|ісоус
наꙁареѡ̇ви|назареові
і̇соуⷭ҇|ісоус
нищꙋ|ніщоу
і̇соуⷭ҇|ісоус
бесьхрамникоу|бесьхрамнікоу
і̇соуⷭ҇|ісоус
семоу|семоу
нищоу|ніщоу
нагоу|нагоу
и̇|і
смѣреномоу|смѣреномоу
і̇соуⷭ҇|ісоус
тектеновоу|тектеновоу
и̇|і
вь|вь
страныхь|странъіхь
неꙁнаѥ̇моу|незнаемоу
і̇соуⷭ҇|ісоус
ѫ̇ꙁьникоу|ѫзьнікоу
і̇соуⷭ҇|ісоус
ѿкрьвеномоу|открьвеномоу
и̇|і
небрѣгомоу|небрѣгомоу
вьсѣми|вьсѣмі
и̇|і
висѫщоу|вісѫщоу
дажъⷣ|дажъд
ми|мі
сего|сего
страньнаго|страньнаго
каꙗ̇|каꙗ
ти|ті
ѥ̇|е
польꙁа|польза
ѿ|от
тѣла|тѣла
страннаго|страннаго
и̇|і
ѿ|от
далече|далече
пришедъша|прішедъша
ꙁде|зде
да|да
спеⷭ҇ть|спесть
странꙿиы̇ѫ̇|страніъіѫ
дажьⷣ|дажьд
ми|мі
сего|сего
странꙿнаго|страннаго
сьшедьшаго|сьшедьшаго
вь|вь
темьнаꙗ̇|темьнаꙗ
мѣста|мѣста
вьꙁвⷷсти|вьзвесті
странꙿнаго|страннаго
тьи̇|тьі
бо|бо
ѥⷭ҇|ес
(є)динь|едінь
стрнны̇|стрннъі
дажⷣь|даждь
ми|мі
сего|сего
странꙿнаго|страннаго
ѥ̇гоже|егоже
не|не
свѣмь|свѣмь
странны̇|страннъі
дажьⷣ|дажьд
ми|мі
сего|сего
странꙿнаго|страннаго
ѥ̇моуже|емоуже
ѻ̇ц͠а|оц҃а
не|не
ꙁнаѫ̇|знаѫ
дажьⷣ|дажьд
сего|сего
странꙿнаго|страннаго
ѥ̇моуже|емоуже
мѣста|мѣста
не|не
ꙁнаѫ̇|знаѫ
ни|ні
жилища|жіліща
не|не
свѣмь|свѣмь
странꙿны|страннъі
дажьⷣ|дажьд
ми|мі
сего|сего
странꙿнаго|страннаго
житиє̇|жітіе
и̇мѫща|імѫща
вь|вь
странꙿны̇хь|страннъіхь
дажьⷣ|дажьд
ми|мі
сего|сего
наꙁареꙗ̇|назареꙗ
странꙿнаго|страннаго
є̇мꙋже|емоуже
рожьⷣства|рожьдства
не|не
свѣмь|свѣмь
странꙿны̇|страннъі
дажьⷣ|дажьд
ми|мі
сего|сего
вольнаго|вольнаго
и̇|і
страньна|страньна
не|не
и̇мѫща|імѫща
ꙁеⷣ|зед
где|где
главы|главъі
подьклонити|подьклоніті
дажда|дажда
ми|мі
сего|сего
странꙿнаго|страннаго
вь|вь
странны̇хь|страннъіхь
ꙗ̇ко|ꙗко
странꙿна|странна
и̇|і
бесьхрамника|бесьхрамніка
и̇|і
ѿ|от
ꙗ̇сли|ꙗслі
странꙿнаго|страннаго
и̇|і
ѿ|от
рода|рода
бѣжѫщаго|бѣжѫщаго
даждъ|даждъ
ми|мі
сего|сего
странꙿнаго|страннаго
бѣжавьшаго|бѣжавьшаго
ѿ|от
самѣхь|самѣхь
плѣникь|плѣнікь
є̇гипеть|егіпеть
и̇же|іже
ни|ні
граⷣ|град
ни|ні
веси|весі
ни|ні
храма|храма
ни|ні
ꙩ̇битѣли|обітѣлі
ни|ні
рода|рода
и̇мать|імать
и̇|і
вь|вь
тоужⷣѫѫ̇|тоуждѫѫ
ꙁемѫ|земѫ
сь|сь
материѫ̇|матеріѫ
и̇мѫща|імѫща
житиє̇|жітіе
и̇|і
сьдрьжѫщаго|сьдрьжѫщаго
всѣчьскаа̇|всѣчьскаа
дажьⷣ|дажьд
ми|мі
сего|сего
ѻ̇|о
влкⷣо|влкдо
висѫщаго|вісѫщаго
нага|нага
на|на
дрѣвѣ|дрѣвѣ
покрыѫ̇|покръіѫ
покрывьшаа̇го|покръівьшааго
моє̇моу|моемоу
сьставоу|сьставоу
наготѫ|наготѫ
дажъⷣ|дажъд
ми|мі
сего|сего
мрьтваго|мрьтваго
вькоупѣ|вькоупѣ
б͠а|б҃а
да|да
покрыѫ̇|покръіѫ
покрівьшаа̇го|покрівьшааго
моꙗ̇|моꙗ
беꙁакониꙗ̇|безаконіꙗ
дажьⷣ|дажьд
ми|мі
сего|сего
мрьтваго|мрьтваго
да|да
и̇|і
погребѫ|погребѫ
погребьшаго|погребьшаго
вь|вь
є̇рьданѣ|ерьданѣ
мⷪѫ̇|моѫ
грѣхы̇|грѣхъі
ѻ̇|о
мрьтвѣ|мрьтвѣ
молѧ|молѧ
ѿрѣꙗ̇хь|отрѣꙗхь
ꙩбидѫ|обідѫ
прѥ̇мшоу|премшоу
и̇|і
ѿ|от
дроуга|дроуга
прѣноу|прѣноу
бывшоу|бъівшоу
и̇|і
ѿ|от
оу̇ченика|оученіка
прѣданоу|прѣданоу
и̇|і
ѿ|от
братиѫ̇|братіѫ
и̇ꙁьгнанꙋ|ізьгнаноу
и̇|і
ѿ|от
свои̇хь|своіхь
рабь|рабь
оу̇даренꙋ|оудареноу
и̇|і
ꙁаоу̇шеноу|заоушеноу
ꙁа|за
оу̇хо|оухо
ѻ̇|о
мрьтвѣ|мрьтвѣ
мⷪ҇лѫ|молѫ
и̇|і
ѡ̇сѫжеⷣноу|осѫжедноу
бывшоу|бъівшоу
ѿ|от
свобождены̇хь|свобожденъіхь
ѿ|от
него|него
ѿ|от
работы|работъі
ѿ|от
приє̇мьшихь|пріемьшіхь
ѿ|от
него|него
пищѫ|піщѫ
и̇|і
ѿцьта|отцьта
напоѥ̇ноу|напоеноу
и̇|і
ѿ|от
и̇сꙿцѣлѣвьшихь|ісцѣлѣвьшіхь
ѿ|от
него|него
и̇а̇ꙁвы|іазвъі
приє̇мша|пріемша
и̇|і
ѿ|от
оу̇ченикь|оученікь
ѻ̇ставленоу|оставленоу
и̇|і
ѿ|от
своѫ̇|своѫ
матере|матере
лишеноу|лішеноу
ѡ̇|о
мрьтвѣ|мрьтвѣ
ꙩ̇|о
пилате|пілате
млⷭ҇ѫ|млсѫ
и̇|і
на|на
дрѣвѣ|дрѣвѣ
висѧща|вісѧща
нⷭ҇ѣ|нсѣ
ѥ̇моу|емоу
ѡ͠ца|о҃ца
на|на
ꙁеми|земі
ни|ні
дроугь|дроугь
ни|ні
хѻⷮ҇н͠нѣ|хотн҃нѣ
ни|ні
оу̇ченикь|оученікь
ни|ні
ѫ̇жьника|ѫжьніка
ни|ні
погребитель|погребітель
нѫ|нѫ
самь|самь
е̇динь|едінь
е̇диномоу|едіномоу
еди̇ночѧдыи̇|едіночѧдъіі
въ|въ
всемь|всемь
мирѣ|мірѣ
б͠ь|б҃ь
и̇нь|інь
никтоже|ніктоже
си̇|сі
словеса|словеса
иѡ̇сифь|іосіфь
кь|кь
пилатоу|пілатоу
гл͠аше|гл҃аше
и̇|і
повелѣ|повелѣ
пилать|пілать
вьдати|вьдаті
емоу|емоу
прѣст͠ое|прѣст҃ое
тѣло|тѣло
іс͠во|іс҃во
и̇|і
пришедь|прішедь
на|на
гольгофи̇но|гольгофіно
мѣсто|мѣсто
и̇ѡ̇сифь|іосіфь
и̇|і
снѫть|снѫть
б͠а|б҃а
вь|вь
пльти|пльті
ѡ̇|о
дрѣва|дрѣва
и̇|і
полагаеть|полагаеть
на|на
ꙁеми|земі
вьпльщенꙿнаго|вьпльщеннаго
нѫ|нѫ
ни|ні
пакы|пакъі
нага|нага
видить|відіть
лежѫща|лежѫща
ниꙁоу|нізоу
вьꙁведшаго|вьзведшаго
вьсѣхь|вьсѣхь
горѣ|горѣ
и̇|і
бываеть|бъіваеть
вьмалѣ|вьмалѣ
беꙁ|без
д͠ха|д҃ха
и̇же|іже
есть|есть
жиꙁнь|жізнь
вьсѣмь|вьсѣмь
дх͠ь|дх҃ь
видѧ|відѧ
беꙁь|безь
ѡ̇чию̇|очію
сьꙁдавшаго|сьздавшаго
много|много
оу̇чителѧ|оучітелѧ
и̇|і
лежить|лежіть
вьсѣмь|вьсѣмь
вьскрѣшение|вьскрѣшеніе
ниць|ніць
и̇|і
оумрьщвень|оумрьщвень
бываеть|бъіваеть
б͠ь|б҃ь
вь|вь
пльти|пльті
вьскрѣшеи̇|вьскрѣшеі
мрьⷮвы̋ѫ̇|мрьтвъіѫ
и̇|і
мльчить|мльчіть
вь|вь
пльти|пльті
и̇|і
вь|вь
гробѣ|гробѣ
б͠жию|б҃жію
словоу̇|словоу
и̇|і
вьꙁдвижень|вьздвіжень
бываеть|бъіваеть
дланꙿма|дланма
сьдрьжаѫ̇|сьдрьжаѫ
рѫкоѫ|рѫкоѫ
вьсѫ|вьсѫ
тварь|тварь
волеѫ̇|волеѫ
оу̇бо|оубо
и̇ѡсифь|іосіфь
и̇спрошь|іспрошь
и̇|і
при̇емь|пріемь
бѣси|бѣсі
ли|лі
кого|кого
при̇ѫ̇ть|пріѫть
и̇бо|ібо
пристѧпи|прістѧпі
кь|кь
кртⷭ҇оу|кртсоу
и̇|і
сьнемь|сьнемь
і̇саⷭ҇|ісас
вѣси|вѣсі
ли|лі
кого|кого
приѫ̇ть|пріѫть
а̇ще|аще
оу̇бо|оубо
вѣси|вѣсі
кого|кого
дрьжиши|дрьжіші
и̇|і
н͠нѣ|н҃нѣ
быⷭ҇|бъіс
богать|богать
како|како
богать|богать
и̇|і
б͠жию̇|б҃жію
тѣлоу|тѣлоу
и̇|і
страшьномоу|страшьномоу
твориши|творіші
погребениѥ̇|погребеніе
похвальна|похвальна
ти|ті
є̇сть|есть
любы|любъі
нѫ|нѫ
паче|паче
похвально|похвально
д͠ши|д҃ші
твоѥ̇и̇|твоеі
дрьꙁновениє̇|дрьзновеніе
воле|воле
оу̇бо|оубо
не|не
трепеⷳ҇ши|трепещші
ли|лі
на|на
рѫкꙋ|рѫкоу
носѧ|носѧ
є̇гоже|егоже
трепещѫть|трепещѫть
хероувими|хероувімі
кымь|къімь
страхомь|страхомь
б͠жиѫ̇|б҃жіѫ
пльть|пльть
ти|ті
ѻ̇блачиши|облачіші
риꙁами|різамі
тацѣмь|тацѣмь
жⷷ҇|же
говѣниє̇мь|говѣніемь
ѻ̇чи|очі
трепещетѣ|трепещетѣ
и̇|і
како|како
ѿкры|откръі
тѣло|тѣло
б͠оу|б҃оу
смѣривꙿшоу|смѣрівшоу
сѧ|сѧ
волеѫ̇|волеѫ
оу̇бо|оубо
рꙿци|рці
ми|мі
ѻ̇|о
ѻ̇сифе|осіфе
и̇|і
кь|кь
вьстокоу̇|вьстокоу
ꙗ̇ко|ꙗко
и̇|і
мрꙿтва|мртва
погрибаѥ̇ши|погрібаеші
і̇саⷭ҇|ісас
вьстокомь|вьстокомь
вьстока|вьстока
и̇бо|ібо
и̇|і
свои̇ма|своіма
прьстома|прьстома
ꙗ̇ко|ꙗко
и̇|і
мртвоу|мртвоу
і̇соуⷭ҇|ісоус
ꙁатварѣє̇ши|затварѣеші
ѡ̇чи|очі
ѿврьꙁьшомоу|отврьзьшомоу
свои̇ма|своіма
прьстома|прьстома
слѣпомоу|слѣпомоу
ѻ̇чи|очі
и̇бо|ібо
и̇|і
оу̇ста|оуста
стискаѥ̇ши|стіскаеші
ѿврьꙁьшомⷹ|отврьзьшомоу
оу̇ста|оуста
гѫгнивомоу|гѫгнівомоу
и̇бо|ібо
и̇|і
рѫцѣ|рѫцѣ
слагаѥ̇ши|слагаеші
простерьшомоу|простерьшомоу
и̇сьхьши|ісьхьші
рѫцѣ|рѫцѣ
и̇|і
ноꙁѣ|нозѣ
по|по
ꙁаконꙋ|законоу
вѫжеши|вѫжеші
давшомоу|давшомоу
ходъ|ходъ
и̇|і
недвижимыма|недвіжімъіма
ногама|ногама
и̇бо|ібо
и̇|і
на|на
ѻ̇дрѣ|одрѣ
вьꙁдⷡ҇ыжеши|вьздвъіжеші
повє̇лѣвꙿшаго|повелѣвшаго
ѡ̇слабе(н͠о)моу|ослабен҃омоу
жиламі|жіламі
вьꙁми|вьзмі
ѻ̇дрь|одрь
свои̇|своі
ходи|ході
и̇бо|ібо
и̇|і
хриꙁмⷾ|хрізмѫ
вьꙁливаѥ̇ши|вьзліваеші
и̇|і
неб͠снѣи̇|неб҃снѣі
хриꙁмѣ|хрізмѣ
пролиꙗ̇вꙿши|проліꙗвші
сѧ|сѧ
и̇|і
весь|весь
мирь|мірь
ꙩ̇св͠ѫщьши|осв҃ѫщьші
воле|воле
оу̇бо|оубо
є̇ще|еще
крьви|крьві
текѫщи|текѫщі
ѿ|от
ꙗ̇ꙁвы̇|ꙗзвъі
бж͠ию̇|бж҃ію
тѣлоу|тѣлоу
и̇|і
смѣѥ̇ши|смѣеші
и̇стинѫ|істінѫ
и̇скати|іскаті
и̇сцѣлѣвꙿшомоу|ісцѣлѣвшомоу
крьвотѡчивѫѫ̇|крьвоточівѫѫ
и̇бо|ібо
и̇|і
водоѫ̇|водоѫ
ѻ̇мываѥ̇ши|омъіваеші
тѣло|тѣло
бж͠иє̇|бж҃іе
и̇ꙁьмывꙿшомоу|ізьмъівшомоу
вьсѣхь|вьсѣхь
и̇|і
ꙩ̇цѣщениѥ̇|оцѣщеніе
давꙿшоу|давшоу
кыѫ̇же|къіѫже
свѣщѫ|свѣщѫ
вьжежеши|вьжежеші
и̇стинꙿномⷹ|істінномоу
свѣтоу|свѣтоу
и̇|і
просвѣщьшомꙋ|просвѣщьшомоу
всѣческаа̇|всѣческаа
и̇|і
всѣкого|всѣкого
чл͠ка|чл҃ка
кыѫ̇же|къіѫже
вьспⷪѥ̇ши|вьспоеші
погребению̇|погребенію
пⷭ҇ѣ|псѣ
приѥ̇млѫщомоу|пріемлѫщомоу
присно|прісно
ѿ|от
нб͠сныхь|нб҃снъіхь
силь|сіль
пⷭ҇ѣни|псѣні
и̇бо|ібо
сльꙁы|сльзъі
оу̇пощає̇ши|оупощаеші
ꙗ̇ко|ꙗко
и̇|і
надь|надь
мр͠твымь|мр҃твъімь
просльꙁившомоу|просльзівшомоу
сѧ|сѧ
и̇|і
мрьтва|мрьтва
лаꙁарѣ|лазарѣ
вьскрѣсивьшомоу|вьскрѣсівьшомоу
и̇бо|ібо
и̇|і
плачь|плачь
прѣд|прѣд
нимь|німь
твориши|творіші
давьшомоу|давьшомоу
всѣмь|всѣмь
радость|радость
и̇|і
скрьбь|скрьбь
ѿ|от
ѥ̇вгы|евгъі
ѿврьгоу|отврьгоу
ѻ̇баче|обаче
блажѫ|блажѫ
рѫцѣ|рѫцѣ
твои̇|твоі
и̇ꙩ̇сифе|іосіфе
послоуживьши|послоужівьші
и̇|і
ꙩ̇сѫгьши|осѫгьші
ѥ̇ще|еще
и̇|і
крьвь|крьвь
поущаѫ̇щи|поущаѫщі
б͠жиѥ̇|б҃жіе
тѣлоу|тѣлоу
і̇с͠оусовоу|іс҃оусовоу
ѿ|от
рѫкоу|рѫкоу
и̇|і
ногоу|ногоу
бл͠жѫ|бл҃жѫ
рѫцѣ|рѫцѣ
твои̇|твоі
прикоснѫвꙿши|прікоснѫвші
сѧ|сѧ
бж͠ии̇хь|бж҃ііхь
ребрь|ребрь
прѣжде|прѣжде
томѣ|томѣ
невѣрꙿномоу|невѣрномоу
вѣрꙿноу|вѣрноу
и̇|і
похвальноу|похвальноу
бывꙿшоу|бъівшоу
бл͠жѫ|бл҃жѫ
оу̇ста|оуста
твоꙗ̇|твоꙗ
бесь|бесь
ситости|сітості
насы̇щашѫѫ̇|насъіщашѫѫ
сѧ|сѧ
ѿ|от
ісвⷪ҇ѣхь|ісвоѣхь
оу̇сть|оусть
и̇|і
дх͠а|дх҃а
ст͠а|ст҃а
ѿ|от
тѫдоу|тѫдоу
и̇спльнишѧ|іспльнішѧ
сѧ|сѧ
бл͠жѫ|бл҃жѫ
ꙩ̇чи|очі
твои̇|твоі
приложивы|пріложівъі
и̇хь|іхь
кь|кь
ст͠ыма|ст҃ъіма
ѻ̇чима|очіма
и̇|і
свѣть|свѣть
и̇стинꙿны̇|істіннъі
ѿ|от
тѫдоу|тѫдоу
приє̇мьшоу|пріемьшоу
бл͠жѫ|бл҃жѫ
лице|ліце
твоє̇|твое
приложивьшеѥ̇|пріложівьшее
сѧ|сѧ
кь|кь
бж͠ию̇|бж҃ію
лицоу|ліцоу
бл͠жѫ|бл҃жѫ
рамѣ|рамѣ
твои̇|твоі
и̇же|іже
носистѣ|носістѣ
носѫщаго|носѫщаго
вьсѣчьскаꙗ̇|вьсѣчьскаꙗ
бл͠жѫ|бл҃жѫ
главѫ|главѫ
твоѫ̇|твоѫ
понеже|понеже
прикоснѫ|прікоснѫ
сѧ|сѧ
и̇свⷭ҇ѣ|ісвсѣ
главѣ|главѣ
бл͠жѫ|бл҃жѫ
и̇ꙩ̇сифа|іосіфа
и̇|і
никодима|нікодіма
быⷭ҇|бъіс
бо|бо
прѣжеⷣ|прѣжед
хероувимь|хероувімь
хероувимомь|хероувімомь
б͠а|б҃а
вь|вь
себѣ|себѣ
носѧща|носѧща
и̇|і
приносѫща|пріносѫща
понеже|понеже
бысте|бъісте
прѣжде|прѣжде
шестокрилꙿныхь|шестокрілнъіхь
б͠оу|б҃оу
слоуꙁѣ|слоузѣ
не|не
крилома|крілома
нѫ|нѫ
плашаницеѫ̇|плашаніцеѫ
б͠а|б҃а
покривьша|покрівьша
и̇|і
почьтьша|почьтьша
ѥ̇гоже|егоже
хероувими|хероувімі
трепещѫть|трепещѫть
сего|сего
на|на
рамѣ|рамѣ
и̇ѻ̇сифь|іосіфь
и̇|і
никодимь|нікодімь
носить|носіть
ꙗ̇ко|ꙗко
вьси|вьсі
беспльтꙿны|беспльтнъі
ченове|ченове
носѧть|носѧть
сь|сь
нима|німа
и̇деже|ідеже
бо|бо
и̇ѻ̇сифь|іосіфь
и̇|і
никодимь|нікодімь
не|не
тоу|тоу
ли|лі
сьтекошѧ|сьтекошѧ
сѧ|сѧ
весь|весь
бж͠и|бж҃і
а̇нг͠льскы|анг҃льскъі
сьборь|сьборь
и̇|і
варѣѫ̇ть|варѣѫть
хероувими|хероувімі
и̇|і
прѣдитекѫть|прѣдітекѫть
серафими|серафімі
и̇|і
сьнимаѫ̇т|сьнімаѫт
сѧ|сѧ
прѣстоли|прѣстолі
и̇|і
покрываѫ̇ть|покръіваѫть
шестокрилнии̇|шестокрілніі
и̇|і
трепещѫть|трепещѫть
многоꙩ̇чити|многоочіті
видѫще|відѫще
і̇саⷭ҇|ісас
вь|вь
пльти|пльті
беꙁꙿ|без
ѻ̇чию|очію
и̇|і
прикрываѫ̇ть|прікръіваѫть
сѧ|сѧ
силы̇|сілъі
и̇|і
поѫ̇ть|поѫть
влчⷣьствиꙗ̇|влчдьствіꙗ
и̇|і
трепещѫть|трепещѫть
чини|чіні
и̇|і
дивѧтꙿ|дівѧт
сѧ|сѧ
вьсѣческаꙗ̇|вьсѣческаꙗ
и̇|і
оу̇жасаѫ̇ть|оужасаѫть
сѧ|сѧ
и̇|і
стѫꙁаѫ̇ще|стѫзаѫще
сѧ|сѧ
гл͠ѧть|гл҃ѧть
что|что
се|се
страшꙿноѥ̇|страшное
слово|слово
и̇|і
боꙗ̇ꙁнь|боꙗзнь
и̇|і
трепеть|трепеть
и̇|і
оу̇жась|оужась
что|что
се|се
велиѥ̇|веліе
и̇|і
дивноѥ̇|дівное
чюдо|чоудо
невиⷣмы|невідмъі
намы|намъі
и̇|і
беспльтꙿнымь|беспльтнъімь
вьи̇спрь|вьіспрь
б͠ь|б҃ь
сьи̇|сьі
и̇|і
ныꙁоу|нъізоу
члв͠кы̇|члв҃къі
виⷣмь|відмь
е̇сть|есть
мр͠твь|мр҃твь
ѥ̇моуже|емоуже
прѣстоѫ̇ть|прѣстоѫть
херꙋвими|хероувімі
сь|сь
говѣниѥ̇мь|говѣніемь
и̇|і
сего|сего
и̇ѡ̇сифь|іосіфь
и̇|і
никодимь|нікодімь
погрибоє̇ть|погрібоеть
бе[ꙁ]|без
сьмнѣниꙗ̇|сьмнѣніꙗ
когаⷣ|когад
сьниде|сьніде
ѻ̇ставль|оставль
и̇спрьнѣꙗ̇|іспрьнѣꙗ
како|како
вьꙁыде|вьзъіде
сьи̇|сьі
вьнѫтꙿрь|вьнѫтрь
и̇|і
како|како
на|на
ꙁемѫ|земѫ
приде|пріде
и̇спльнѣѫ̇|іспльнѣѫ
въсѣческаꙗ̇|въсѣческаꙗ
и̇|і
какⷪ|како
слѣꙁе|слѣзе
не|не
чювьшꙋ|чоувьшоу
ни|ні
є̇диномⷹ|едіномоу
сьи̇|сьі
вьспрь|вьспрь
сь|сь
ѡ̇ц͠емь|оц҃емь
вынѫ|въінѫ
ꙗ̇ко|ꙗко
б͠ь|б҃ь
не|не
ꙗ̇вль|ꙗвль
сѧ|сѧ
намь|намь
нигдеже|нігдеже
чл͠комь|чл҃комь
ꙗ̇ко|ꙗко
чл͠кь|чл҃кь
вькоупѣ|вькоупѣ
же|же
и̇|і
чл͠колюбець|чл҃колюбець
ꙗ̇ви|ꙗві
сѧ|сѧ
како|како
невидимь|невідімь
виⷣмь|відмь
бы̇ваѥ̇ть|бъіваеть
и̇|і
како|како
беспльтны̇|беспльтнъі
вьпльти|вьпльті
сѧ|сѧ
и̇|і
како|како
немѫчимь|немѫчімь
мѫкѫ|мѫкѫ
приѥ̇млеть|пріемлеть
и̇|і
како|како
сѫди|сѫді
на|на
сѫдищи|сѫдіщі
ста|ста
и̇|і
како|како
животь|жівоть
сьмрⷮ҇ь|сьмрть
вькоусии̇|вькоусіі
и̇|і
како|како
вь|вь
гробь|гробь
невьмѣстими|невьмѣстімі
вьмѣщає̇ть|вьмѣщаеть
сѧ|сѧ
и̇|і
како|како
ꙩ̇бита|обіта
вь|вь
гробѣ|гробѣ
не|не
ѡ̇ставы̇|оставъі
прѣстоль|прѣстоль
ѡ̇течь|отечь
и̇|і
како|како
вь|вь
врата|врата
врьтьпꙋ|врьтьпоу
вьходить|вьходіть
не|не
ѿврьꙁы̇|отврьзъі
врать|врать
нб͠сныⷯ҇|нб҃снъіх
и̇|і
врата|врата
а̇доу|адоу
ѿврьꙁає̇ть|отврьзаеть
врать|врать
дв͠естьвныхь|дв҃естьвнъіхь
не|не
ѿврьꙁь|отврьзь
нѫ|нѫ
врата|врата
а̇довьскаꙗ̇|адовьскаꙗ
скроушишѧ|скроушішѧ
сѧ|сѧ
и̇|і
двери|двері
при|прі
томѣ|томѣ
не|не
ѿврьꙁь|отврьзь
нѫ|нѫ
врата|врата
црⷭ҇твию̇|црствію
члв͠комь|члв҃комь
ѿврьꙁь|отврьзь
а̇|а
врата|врата
гробоу|гробоу
и̇|і
печати|печаті
неврѣжеⷣны̇|неврѣжеднъі
сꙿхрани|схрані
и̇|і
како|како
вь|вь
мр͠твыⷯ҇|мр҃твъіх
причетає̇т|прічетает
сѧ|сѧ
свободь|свободь
и̇|і
како|како
свѣть|свѣть
беꙁьмрачны̇|безьмрачнъі
вь|вь
темныⷯ҇|темнъіх
и̇|і
въ|въ
сѣни|сѣні
сьм͠рьтнѣи̇|сьм҃рьтнѣі
прихѻдить|пріходіть
камо|камо
грѧдеть|грѧдеть
и̇|і
камо|камо
сходить|сходіть
є̇гоже|егоже
оу̇дрьжати|оудрьжаті
съмрьть|съмрьть
не|не
можеть|можеть
что|что
ѥ̇|е
слово|слово
что|что
є̇|е
коварьство|коварьство
что|что
ѥ̇|е
мысль|мъісль
сьнитию̇|сьнітію
є̇моу|емоу
и̇же|іже
вь|вь
а̇дь|адь
негли|неглі
а̇дама|адама
свѧꙁана|свѧзана
и̇|і
намь|намь
клеврѣта|клеврѣта
и̇|і
вьꙁвести|вьзвесті
сѫдить|сѫдіть
вь|вь
и̇стинѫ|істінѫ
прьвоꙁдано|прьвоздано
ѻ̇вч͠ѧтѧ|овч҃ѧтѧ
погыбꙿшеѥ̇|погъібшее
вьꙁыскати|вьзъіскаті
грѧдеть|грѧдеть
и̇|і
сѣдѫщихь|сѣдѫщіхь
вь|вь
тꙿмѣ|тмѣ
хощеть|хощеть
посѣтити|посѣтіті
и̇бо|ібо
плѣника|плѣніка
а̇дама|адама
и̇|і
плѣнꙿницѫ|плѣнніцѫ
є̇вꙿгѫ|евгѫ
ѿ|от
страсти|страсті
и̇ꙁрѣшити|ізрѣшіті
грѧдеть|грѧдеть
ꙗ̇ко|ꙗко
б͠ь|б҃ь
и̇|і
с͠нь|с҃нь
и̇ма|іма
да|да
сь|сь
нимь|німь
сꙿнидѣмь|снідѣмь
и̇|і
да|да
сь|сь
нимь|німь
ликьствоує̇мь|лікьствоуемь
и̇|і
да|да
вьꙁы̇граѥ̇мь|вьзъіграемь
сѧ|сѧ
и̇|і
да|да
потьщим|потьщім
сѧ|сѧ
и̇|і
да|да
проводимь|проводімь
и|і
да|да
вьспоє̇мь|вьспоемь
и̇|і
да|да
подвигнѣмь|подвігнѣмь
сѧ|сѧ
б͠оу|б҃оу
примѣньшоу|прімѣньшоу
сѧ|сѧ
кь|кь
члв͠комь|члв҃комь
и̇|і
свѧꙁанꙿнымь|свѧзаннъімь
ѿпоущениє̇|отпоущеніе
грѧдеть|грѧдеть
бо|бо
и̇сти|істі
чл͠колюбець|чл҃колюбець
и̇ꙁвⷷсти|ізвесті
вѣчꙿныѫ̇|вѣчнъіѫ
ѫ̇ꙁꙿникы̇|ѫзнікъі
мѫжьствомь|мѫжьствомь
и̇|і
ѻ̇блстиѫ̇|облстіѫ
великоѫ̇|велікоѫ
и̇|і
живѫщихь|жівѫщіхь
вь|вь
гробѣхь|гробѣхь
и̇хьже|іхьже
оу̇мѫчи|оумѫчі
непобѣдыми|непобѣдъімі
мѫчитель|мѫчітель
оу̇мѫчи|оумѫчі
ѿ|от
б͠а|б҃а
и̇|і
ꙗ̇ко|ꙗко
и̇|і
противьника|протівьніка
оу̇крадь|оукрадь
и̇|і
сьбра|сьбра
живѫщихь|жівѫщіхь
вьи̇спрь|вьіспрь
тоу|тоу
свѧꙁанꙿныѫ̇|свѧзаннъіѫ
и̇|і
а̇дамь|адамь
свѫꙁанꙿны|свѫзаннъі
прѣжеⷣ|прѣжед
вьсѣмь|вьсѣмь
свѧꙁаниѥ̇мь|свѧзаніемь
вь|вь
прѣи̇сподꙿнѣꙗ̇|прѣісподнѣꙗ
тоу|тоу
а̇вель|авель
пожрень|пожрень
прьвы|прьвъі
праведникь|праведнікь
пастьрь|пастьрь
хоуⷭ҇|хоус
пастироу|пастіроу
и̇|і
вь|вь
ѻ̇браꙁь|образь
бывь|бъівь
праведномоу|праведномоу
ꙁаколени̇ю̇|заколенію
тоу|тоу
ное̇|ное
вь|вь
ꙩ̇браꙁь|образь
великомоу|велікомоу
(ко)|ко
ковьчегоу|ковьчегоу
б͠жии̇|б҃жіі
цр͠кви|цр҃кві
ꙁижиⷣтель|зіжідтель
сп͠сає̇ши|сп҃саеші
жестосрьдиѫ̇|жестосрьдіѫ
ѫ̇ꙁыкы|ѫзъікъі
всѫ|всѫ
ѿ|от
потѡпа|потопа
и̇|і
чисты|чістъі
голѫбь|голѫбь
ст͠омоу|ст҃омоу
дх͠оу|дх҃оу
и̇|і
темꙿнаго|темнаго
врана|врана
диꙗ̇вола|діꙗвола
вьнь|вьнь
и̇ꙁьгнавьша|ізьгнавьша
тоу|тоу
а̇вра(а̇)мь|авраамь
прⷣѣдь|прдѣдь
и̇|і
хоуⷭ҇|хоус
жрець|жрець
и̇же|іже
беꙁьножнѫѫ̇|безьножнѫѫ
и̇|і
бесꙿм͠рьтнѫѫ̇|бесм҃рьтнѫѫ
жрьтвѫ|жрьтвѫ
б͠оу|б҃оу
пожрьль|пожрьль
ѥⷭ҇|ес
тоу|тоу
свѧꙁаны|свѧзанъі
и̇сакь|ісакь
свѧꙁань|свѧзань
древле|древле
ѿ|от
а̇врама|аврама
вь|вь
хоⷭ҇вь|хосвь
ꙩ̇браꙁь|образь
тоу|тоу
и̇ꙗ̇ковь|іꙗковь
сьи̇|сьі
печалень|печалень
и̇|і
прискрьбень|пріскрьбень
ꙁа|за
(и̇)ѻ̇сифа|іосіфа
вьи̇спрь|вьіспрь
тоу|тоу
и̇ꙩ̇сифь|іосіфь
свѧꙁань|свѧзань
бы̇вь|бъівь
вь|вь
ѥ̇гиптѣ|егіптѣ
вь|вь
темници|темніці
вь|вь
ꙩ̇браꙁь|образь
хоуⷭ҇|хоус
тоу|тоу
мои̇си|моісі
вь|вь
темныхь|темнъіхь
ниꙁь|нізь
ꙗ̇ко|ꙗко
и̇|і
вь|вь
ковьчеꙁѣ|ковьчезѣ
вьи̇спрь|вьіспрь
тоу|тоу
даниль|даніль
вь|вь
прѣи̇сподꙿни|прѣісподні
гробь|гробь
а̇довь|адовь
тоу|тоу
є̇ремиꙗ̇|ереміꙗ
ꙗ̇ко|ꙗко
вь|вь
ꙗ̇мѫ|ꙗмѫ
тимѣньнѫѫ̇|тімѣньнѫѫ
вь|вь
а̇дскы|адскъі
гробь|гробь
и̇|і
сьмр͠ьтноу|сьмр҃ьтноу
и̇стлѣнию̇|істлѣнію
тоу|тоу
вь|вь
чрѣво|чрѣво
а̇дьскоѥ̇|адьское
лежить|лежіть
и̇ѡ̇на|іона
вь|вь
ѡ̇браꙁь|образь
хоуⷭ҇|хоус
вѣчноѥ̇моу|вѣчноемоу
и̇|і
прѣвѣчноує̇моу|прѣвѣчноуемоу
и̇ѡ̇нѣ|іонѣ
живѫщоуѥ̇моу|жівѫщоуемоу
вь|вь
вѣкы|вѣкъі
и̇|і
вꙿ|в
вѣкы|вѣкъі
вѣкомь|вѣкомь
и̇|і
на|на
вѣкы̇|вѣкъі
и̇|і
е̇ще|еще
тоу|тоу
и̇|і
дв͠дь|дв҃дь
ѻ̇ц͠ь|оц҃ь
бж͠иа̇|бж҃іа
и̇ꙁ|із
негоже|негоже
по|по
пльти|пльті
хьⷭ҇|хьс
роди|роді
сѧ|сѧ
и̇|і
что|что
гл͠ѧ|гл҃ѧ
дв͠да|дв҃да
нѫ|нѫ
соломона|соломона
и̇|і
тоу|тоу
самь|самь
і̇ѡⷶ҇нь|іоань
великы̇|велікъі
боли|болі
вь|вь
пррⷪ҇цѣхь|прроцѣхь
вьсѣхь|вьсѣхь
ꙗ̇ко|ꙗко
вь|вь
темнаа̇|темнаа
ложесꙿна|ложесна
хаⷭ҇|хас
проповѣда|проповѣда
гробнимь|гробнімь
всѣмь|всѣмь
соугоубы̇|соугоубъі
прѣдитеча|прѣдітеча
и̇|і
проповѣдьникь|проповѣдьнікь
живы̇мь|жівъімь
и̇|і
мрт͠вымь|мрт҃въімь
и̇|і
послань|послань
кь|кь
темници|темніці
и̇родовѣ|іродовѣ
въ|въ
темницѫ|темніцѫ
дш͠евнѫѩ̇|дш҃евнѫѧ
оу̇мрьшимь|оумрьшімь
ѿ|от
вѣка|вѣка
праведн͠икомь|праведн҃ікомь
и̇|і
неправедникомь|неправеднікомь
тѡже|тоже
и̇|і
прочи|прочі
праведꙿници|праведніці
въси|въсі
молитвами|молітвамі
присно|прісно
не|не
прѣстаѫ̇щими|прѣстаѫщімі
б͠а|б҃а
ѿ|от
тѫдоу|тѫдоу
мⷪлѣхѫ|молѣхѫ
и̇ꙁбавлениє̇|ізбавленіе
прошахѫ|прошахѫ
прѣскрьбномоу|прѣскрьбномоу
томоу|томоу
и̇|і
оу̇миленомꙋ|оуміленомоу
тѡмоу|томоу
прѣтьмномоу|прѣтьмномоу
мракоу|мракоу
ѻ̇вь|овь
кь|кь
б͠оу|б҃оу
гл͠аше|гл҃аше
и̇с|іс
чрѣва|чрѣва
а̇дова|адова
вепль|вепль
мⷪи̇|моі
и̇|і
оу̇слыша|оуслъіша
глаⷭ҇|глас
мои̇|моі
ѡвь|овь
же|же
и̇ꙁ|із
гл͠ѫбины|гл҃ѫбінъі
вьꙁвахь|вьзвахь
тебѣ|тебѣ
г͠и|г҃і
г͠и|г҃і
оу̇слы̇ши|оуслъіші
глаⷭ҇|глас
мои̇|моі
дрꙋгы|дроугъі
просвѣти|просвѣті
лице|ліце
своє̇|свое
и̇|і
спⷭ҇[и]мꙿ|спсім
се|се
и̇нь|інь
сѣдѫ|сѣдѫ
на|на
хорови̇мѣ|хоровімѣ
и̇|і
ꙗ̇ви|ꙗві
сѧ|сѧ
дроугы|дроугъі
вьꙁвⷣигни|вьзвдігні
силѫ̇|сілѫ
ти|ті
и̇|і
приди|пріді
да|да
ни|ні
спеⷭ҇ши|спесші
и̇нь|інь
ѫ̇дро|ѫдро
да|да
варѧт|варѧт
ны̇|нъі
щєдроти|щедроті
твоѫ̇|твоѫ
г͠и|г҃і
дроугы|дроугъі
и̇ꙁбави|ізбаві
дꙋшѫ|доушѫ
ми|мі
ѿ|от
а̇да|ада
прѣи̇сподꙿнаго|прѣісподнаго
и̇нь|інь
г͠и|г҃і
и̇ꙁвель|ізвель
є̇си|есі
ѿ|от
а̇да|ада
дш͠ѫ|дш҃ѫ
моѫ̇|моѫ
дроугы|дроугъі
не|не
ѻ̇стави|оставі
дшѫ|дшѫ
моѫ̇|моѫ
въ|въ
а̇дѣ|адѣ
и̇нь|інь
да|да
и̇ꙁыдеть|ізъідеть
и̇ꙁь|ізь
и̇стлѣнии̇ꙗ̇|істлѣнііꙗ
животь|жівоть
ми|мі
к|к
тебѣ|тебѣ
г͠и|г҃і
бж͠е|бж҃е
мои̇|моі
и̇|і
оу̇слыша|оуслъіша
прѣщедры|прѣщедръі
б͠ь|б҃ь
и̇|і
расꙿмотривь|расмотрівь
не|не
тькмⷪ|тькмо
оу̇мерьшимь|оумерьшімь
при|прі
немь|немь
нѫ|нѫ
и̇|і
по|по
немь|немь
подати|податі
свое̇|свое
чл͠колюбиѥ̇|чл҃колюбіе
нѫ|нѫ
и̇|і
дрьжимимь|дрьжімімь
ѿ|от
а꙼да|ада
прѣжеⷣ|прѣжед
пришествиꙗ̇|прішествіꙗ
є̇моу|емоу
и̇|і
сѣдѫщимь|сѣдѫщімь
вь|вь
тꙿмѣ|тмѣ
и̇|і
сѣни|сѣні
сьмр͠тнѣи̇|сьмр҃тнѣі
тѣмьже|тѣмьже
чл͠кь|чл҃кь
вь|вь
пльти|пльті
сѫщь|сѫщь
пльтиѫ̇|пльтіѫ
дш͠евноѫ̇|дш҃евноѫ
быⷭ҇|бъіс
слово|слово
и̇|і
посѣтиль|посѣтіль
ѥ̇сть|есть
дш͠ѫ|дш҃ѫ
же|же
беспльтнѫ|беспльтнѫ
сѫщѫ|сѫщѫ
бж͠ии̇е̇ѫ̇|бж҃ііеѫ
прѣчистоѫ̇|прѣчістоѫ
своѫ̇|своѫ
дш͠еѫ̇|дш҃еѫ
вь|вь
а̇дѣ|адѣ
просвѣтиль|просвѣтіль
є̇сть|есть
тѣло|тѣло
вь|вь
бж͠ьствѣ|бж҃ьствѣ
нераꙁлѫчнѫ|неразлѫчнѫ
сѫщи|сѫщі
тѣмьже|тѣмьже
потьщимь|потьщімь
сѧ|сѧ
и̇|і
мы|мъі
вь|вь
а̇дь|адь
и̇дѣмь|ідѣмь
ꙗ̇ко|ꙗко
да|да
виⷣмь|відмь
како|како
тоу|тоу
тогаⷣ|тогад
дрьжавоѫ̇|дрьжавоѫ
крѣпꙿкоѫ̇|крѣпкоѫ
ѿнѫдь|отнѫдь
дрьжить|дрьжіть
дрьжѫщаго|дрьжѫщаго
мⷱ҇ителъство|мчітелъство
и̇|і
вои̇ны̇|воінъі
вьсѣческымь|вьсѣческъімь
свои̇мꙿ|своім
блистаниє̇мь|блістаніемь
не|не
оу̇м͠раѫ̇щимь|оум҃раѫщімь
ѻ̇|о
немь|немь
плькы|плькъі
и̇|і
чины|чінъі
беꙁꙿ|без
рѫкоу|рѫкоу
вѧжеть|вѧжеть
и̇|і
двери|двері
беꙁьдверꙿны|безьдвернъі
вьꙁемь|вьземь
и̇|і
ѿврьꙁь|отврьзь
и̇|і
врата|врата
беꙁьдрѣвнаа̇|безьдрѣвнаа
кртⷭ҇омь|кртсомь
сломивь|сломівь
и̇|і
гвоꙁдьми|гвоздьмі
же|же
в(е)рѣѫ̇|верѣѫ
вѣчны̇ѫ̇|вѣчнъіѫ
ськроуши|ськроуші
и̇|і
сломи|сломі
ѫ̇ꙁыми|ѫзъімі
свои̇ма|своіма
рѫкама|рѫкама
и̇|і
нераꙁрⷣѣшна|неразрдѣшна
ѫ̇жа|ѫжа
желѣꙁнаа̇|желѣзнаа
ꙗ̇ко|ꙗко
и̇|і
воськь|воськь
растаꙗ̇вь|растаꙗвь
и̇|і
копиѥ̇мь|копіемь
проньꙁьшомⷹ|проньзьшомоу
бж͠иꙗ̇|бж҃іꙗ
ребра|ребра
беспльтноѥ̇|беспльтное
срцⷣе|срцде
мѫчителоу|мѫчітелоу
прободе|прободе
и̇|і
тоу|тоу
ськроуши|ськроуші
дрьжавѫ|дрьжавѫ
лѫкомь|лѫкомь
ѥ̇моу|емоу
ѥ̇да|еда
крⷭ҇ть|крсть
и̇|і
ꙗ̇ко|ꙗко
лѫкь|лѫкь
бж͠ии̇ꙗ̇ма|бж҃ііꙗма
рѫкама|рѫкама
ѫ̇ꙁами|ѫзамі
ꙗ̇ко|ꙗко
и̇|і
тетивѫ|тетівѫ
на|на
лѫцѣ|лѫцѣ
тѣмьже|тѣмьже
а̇ще|аще
сь|сь
беꙁьмльвьстнє̇мь|безьмльвьстнемь
вьслѣдь|вьслѣдь
хаⷭ҇|хас
и̇деши|ідеші
и̇|і
н͠нѣ|н҃нѣ
видиши|відіші
и̇|і
где|где
нинѣ|нінѣ
мѫчитела|мѫчітела
свѧꙁа|свѧза
гдеже|гдеже
главѫ|главѫ
є̇мꙋ|емоу
вьстѫче|вьстѫче
и̇|і
какоже|какоже
темницѫ|темніцѫ
є̇мꙋ|емоу
раскопа|раскопа
и̇|і
како|како
свѧꙁанꙿныѭ̇|свѧзаннъіѭ
и̇ꙁвеⷣ|ізвед
и̇|і
како|како
ꙁьмиꙗ̇|зьміꙗ
распра|распра
и̇|і
где|где
клѫтвѫ|клѫтвѫ
ѻ̇бѣси|обѣсі
и̇|і
како|како
а̇дама|адама
свободи|свободі
и̇|і
како|како
є̇вгѫ|евгѫ
вскрѣсии̇|вскрѣсіі
и̇|і
како|како
послѣдьнѫѫ̇|послѣдьнѫѫ
стѣнѫ|стѣнѫ
раꙁори|разорі
и̇|і
где|где
лютаго|лютаго
ꙁьмиꙗ̇|зьміꙗ
ѻ̇сѫди|осѫді
и̇|і
како|како
непобѣдимыѫ̇|непобѣдімъіѫ
побѣди|побѣді
поставивь|поставівь
геⷣ|гед
же|же
и̇|і
сьмр͠ть|сьмр҃ть
оу̇мр͠твы|оумр҃твъі
и̇|і
како|како
и̇стлѣниє̇|істлѣніе
и̇стлить|істліть
и̇|і
чл͠ка|чл҃ка
вь|вь
прьвы̇|прьвъі
постави|поставі
и̇|і
члкⷭ҇ы̇|члксъі
сань|сань
ѿметаѫ̇|отметаѫ
оу̇бо|оубо
вьчера|вьчера
влчⷣьскы̇и̇|влчдьскъіі
легеѻнь|легеонь
а̇нг͠ломь|анг҃ломь
и̇|і
гл͠ѫ|гл҃ѫ
петрови|петрові
ꙗ̇ко|ꙗко
могѫ|могѫ
н͠нѣ|н҃нѣ
прѣдь|прѣдь
собоѫ̇|собоѫ
поставыти|поставъіті
боле|боле
.б͠і.|б҃і
легеѡ̇нь|легеонь
а̇нг͠ль|анг҃ль
и̇|і
днⷭ҇е|днсе
боголѣпꙿнѣ|боголѣпнѣ
же|же
вькоупѣ|вькоупѣ
храборьскы|храборьскъі
и̇|і
члв͠чьскы|члв҃чьскъі
находить|находіть
на|на
а̇да|ада
и̇|і
на|на
сьмрьть|сьмрьть
и̇|і
на|на
мѫчитела|мѫчітела
см͠ртиѫ̇|см҃ртіѫ
см͠рти|см҃рті
и̇|і
беспльтны̇мь|беспльтнъімь
вои̇номь|воіномь
и̇|і
чино|чіно
невиⷣмь|невідмь
и̇|і
не|не
.б͠і.|б҃і
тькмо|тькмо
нѫ|нѫ
тьмы|тьмъі
тьмами|тьмамі
и̇|і
ты̇сѫща|тъісѫща
тисѫщами|тісѫщамі
и̇|і
тьмы̇|тьмъі
тьмами|тьмамі
а̇нг͠ломь|анг҃ломь
и̇|і
а̇рха̇нг͠ломь|арханг҃ломь
властемь|властемь
и̇|і
влчⷣьствиѥ̇мь|влчдьствіемь
и̇|і
гвⷭ҇омь|гвсомь
и̇|і
силамь|сіламь
и|і
прѣстоломь|прѣстоломь
и̇|і
шетокрилатьцемь|шетокрілатьцемь
и̇|і
многоѻ̇читымь|многоочітъімь
проповѣдѫщимь|проповѣдѫщімь
своє̇го|своего
г͠а|г҃а
и̇|і
ц͠рѣ|ц҃рѣ
и̇|і
дари|дарі
пріносѫще|пріносѫще
и̇|і
поѫ̇ще|поѫще
хаⷭ҇|хас
непоⷣбно|неподбно
вь|вь
брани|брані
творѧща|творѧща
недоⷭ҇(и̇)но|недосіно
ѥⷭ҇|ес
се|се
б͠оу|б҃оу
каꙗ̇|каꙗ
бо|бо
пособиꙗ̇|пособіꙗ
вьсемогы̇|вьсемогъі
трѣбоує̇ть|трѣбоуеть
хьⷭ҇|хьс
нѫ|нѫ
по|по
дльгꙋ|дльгоу
и̇|і
по|по
чьсти|чьсті
приносѧ|пріносѧ
своє̇мꙋ|своемоу
гв͠и|гв҃і
винѫ|вінѫ
прѣстоꙗ̇ти|прѣстоꙗті
гв͠и|гв҃і
и̇|і
полоучиви|полоучіві
є̇тери|етері
ꙩ̇рѫжьници|орѫжьніці
такожеⷣ|такожед
и̇|і
копии̇ници|копіініці
ѫ̇дри|ѫдрі
г͠ьстѣи̇|г҃ьстѣі
брани|брані
помаꙗ̇ниѥ̇мь|помаꙗніемь
тькмо|тькмо
и̇|і
подвиꙁаниє̇мь|подвізаніемь
бж͠ии̇|бж҃іі
скоротѣ|скоротѣ
дроугь|дроугь
кь|кь
дроугоу|дроугоу
варѣѫ̇ще|варѣѫще
вькопѣ|вькопѣ
и̇|і
дѣло|дѣло
сконьчаваѫ̇ще|сконьчаваѫще
повелѣниє̇мь|повелѣніемь
дѣтѣль|дѣтѣль
и̇|і
побѣдоѫ̇|побѣдоѫ
оу̇строє̇ниѥ̇мь|оустроеніемь
кь|кь
врагомь|врагомь
и̇|і
мѫчителемь|мѫчітелемь
ѻ̇пльчениє̇|опльченіе
тѣмьже|тѣмьже
сьнидѫт|сьнідѫт
сѧ|сѧ
тогаⷣ|тогад
текѫще|текѫще
вькоупѣ|вькоупѣ
и̇|і
послѣдоуѫ̇ще|послѣдоуѫще
гв͠и|гв҃і
и̇|і
бг͠ови|бг҃ові
на|на
гробнаꙗ̇|гробнаꙗ
и̇|і
вьсеи̇|вьсеі
ꙁеми|земі
гльбльшиꙗ̇|гльбльшіꙗ
оу̇морьшимь|оуморьшімь
ѿ|от
вѣка|вѣка
и̇|і
подъ|подъ
ꙁемлеѫ̇|землеѫ
живѫща|жівѫща
и̇|і
и̇ꙁвести|ізвесті
ѿ|от
нихь|ніхь
ѻ̇кованьныⷯ҇|окованьнъіх
ѿ|от
вѣка|вѣка
спѧщіхь|спѧщіхь
ꙗ̇ко|ꙗко
врата|врата
бечисльнаꙗ̇|бечісльнаꙗ
и̇|і
прѣмрачнаꙗ̇|прѣмрачнаꙗ
жилища|жіліща
а̇дова|адова
и̇|і
темницѫ|темніцѫ
и̇|і
скровища|скровіща
и̇|і
врьтьпыи̇|врьтьпъіі
бж͠иє̇|бж҃іе
посѣщениє̇|посѣщеніе
и̇|і
свѣтлоє̇|свѣтлое
пришествѥ̇|прішестве
є̇го|его
по|по
и̇стинѣ|істінѣ
же|же
варає̇ть|вараеть
всѣхь|всѣхь
гаврыль|гавръіль
а̇рꙿхистратигь|архістратігь
ꙗ̇кⷪже|ꙗкоже
по|по
ѻ̇бичаю̇|обічаю
радости|радості
бл͠говѣщениє̇|бл҃говѣщеніе
приносити|пріносіті
чл͠комь|чл҃комь
а̇нг͠лы̇|анг҃лъі
ѥ̇теры|етеръі
и̇|і
крѣпкы|крѣпкъі
а̇рханг͠льскы̇и|арханг҃льскъіі
и̇|і
вое̇водьскы|воеводьскъі
свѣдѣтель|свѣдѣтель
и̇|і
львьскы|львьскъі
кь|кь
прⷪтивнымь|протівнъімь
силамь|сіламь
глаⷭ҇мь|гласмь
великомь|велікомь
гл͠еть|гл҃еть
вьꙁмѣте|вьзмѣте
врата|врата
кнѫꙁи|кнѫзі
ваши|ваші
и̇|і
сь|сь
ними|німі
вьпиє̇ть|вьпіеть
михаи̇лꙿ|міхаіл
вьꙁмѣте|вьзмѣте
врата|врата
кнѧꙁи|кнѧзі
ваши|ваші
вьꙁмѣте|вьзмѣте
врата|врата
вѣчнаꙗ̇|вѣчнаꙗ
по|по
томыже|томъіже
и̇|і
силы̇|сілъі
вьпиѫ̇ть|вьпіѫть
ѿстѫпите|отстѫпіте
вратниц(и)|вратніці
ꙁаконопрѣстѫпны|законопрѣстѫпнъі
такожеⷣ|такожед
и̇|і
влчⷣьствиꙗ̇|влчдьствіꙗ
сь|сь
ѻ̇бластиѫ̇|областіѫ
ськроушѣте|ськроушѣте
желѣꙁнаꙗ̇|желѣзнаꙗ
ѫ̇жа|ѫжа
нераꙁдрѣшимⷶ|нераздрѣшіма
и̇|і
не|не
посты̇дѫть|постъідѫть
сѧ|сѧ
постыдите|постъідіте
сѧ|сѧ
противни|протівні
сьпостати|сьпостаті
оу̇бои̇те|оубоіте
сѧ|сѧ
мѫчителие̇|мѫчітеліе
и̇|і
ꙁаконопрѣстѫпници|законопрѣстѫпніці
ꙗ̇ко|ꙗко
се|се
приде|пріде
храбрѣ|храбрѣ
и̇|і
цр͠скы|цр҃скъі
ꙩ̇пльчаѫ̇щи|опльчаѫщі
сѧ|сѧ
и̇|і
побѣжаⷣѫ̇щи|побѣжадѫщі
и̇|і
гроꙁа|гроза
є̇тера|етера
и̇|і
трепеть|трепеть
же|же
вькꙋпѣ|вькоупѣ
и̇|і
сьмѫщениє̇|сьмѫщеніе
и̇|і
страхь|страхь
притранень|прітранень
нападає̇ть|нападаеть
непобѣдимомоу|непобѣдімомоу
влцⷣѣ|влцдѣ
на|на
врагы̇|врагъі
такⷪже|такоже
и̇|і
вь|вь
а̇дьскоѥ̇|адьское
и̇|і
дивноє̇|дівное
хвⷭ҇о|хвсо
пришествиє̇|прішествіе
ѥ̇же|еже
вь|вь
прѣи̇споднихь|прѣісподніхь
вьнеꙁаа̇пѫ|вьнезаапѫ
быⷭ҇|бъіс
съвыше|съвъіше
ближни|бліжні
мракь|мракь
вь|вь
лица|ліца
противнымь|протівнъімь
а̇доу|адоу
силамь|сіламь
громоглаⷭ҇номь|громогласномь
ѥ̇теромь|етеромь
слышѫщемь|слъішѫщемь
и̇|і
кличѫщемь|клічѫщемь
и̇|і
воє̇мь|воемь
вьпиѫ̇щимь|вьпіѫщімь
и̇|і
гл͠ѧщимь|гл҃ѧщімь
вьꙁмѣте|вьзмѣте
врата|врата
кнѫꙁи|кнѫзі
ваши|ваші
вьꙁмѣте|вьзмѣте
врата|врата
и̇|і
н͠бо|н҃бо
ѿврьꙁѣте|отврьзѣте
и̇|і
и̇скорѣнѣте|іскорѣнѣте
и̇|і
прѣставите|прѣставіте
и̇|і
не|не
ꙁатворити|затворіті
и̇мь|імь
ктомоу|ктомоу
вьꙁмѣте|вьзмѣте
врата|врата
кнѫꙁи|кнѫзі
ваши|ваші
не|не
ꙗ̇ко|ꙗко
не|не
могѫщоу|могѫщоу
пришедьшꙋ|прішедьшоу
ѥ̇моу|емоу
влцⷣѣ|влцдѣ
и̇|і
вратомь|вратомь
ꙁатвореномь|затвореномь
где|где
велить|веліть
вьходити|вьходіті
нѫ|нѫ
влчⷣьскы|влчдьскъі
вамь|вамь
ꙗ̇ко|ꙗко
бж͠иѥ̇мь|бж҃іемь
хлапомь|хлапомь
велѫщимь|велѫщімь
вьꙁѧти|вьзѧті
вѣчꙿнаꙗ̇|вѣчнаꙗ
врата|врата
и̇|і
прѣставленꙿнаꙗ̇|прѣставленнаꙗ
ськроушити|ськроушіті
тѣмьже|тѣмьже
ни|ні
народомь|народомь
вашимь|вашімь
ни|ні
мнѫщимꙿ|мнѫщім
сѧ|сѧ
кнѧꙁемь|кнѧземь
быти|бъіті
и̇|і
повелѣває̇ть|повелѣваеть
гл͠ѫ|гл҃ѫ
вьꙁмѣте|вьзмѣте
врата|врата
кнѧꙁи|кнѧзі
ваши|ваші
нѫ|нѫ
ни|ні
и̇нѣмь|інѣмь
є̇теромь|етеромь
(к͠ь)нѧꙁемь|к҃ьнѧземь
а̇ще|аще
бо|бо
и̇|і
доселѣ|доселѣ
ꙋрꙿшими|оуршімі
ѿ|от
вѣка|вѣка
ꙁде|зде
владали|владалі
є̇сте|есте
нѫ|нѫ
ктомоу|ктомоу
не|не
ѻ̇бладає̇те|обладаете
и̇ми|імі
ни|ні
вамь|вамь
самѣмь|самѣмь
бѫдѫть|бѫдѫть
кнѫꙁи|кнѫзі
вьꙁꙿмѣте|вьзмѣте
врата|врата
приде|пріде
бо|бо
хьⷭ҇|хьс
с|с
нб͠сныѫ̇|нб҃снъіѫ
двери|двері
пѫть|пѫть
сьтворите|сьтворіте
сьшедьшоу|сьшедьшоу
ѥ̇мꙋ|емоу
на|на
а̇дьскаа̇|адьскаа
врата|врата
и̇|і
г͠ъ|г҃ъ
и̇мѧ|імѧ
ѥ̇мꙋ|емоу
и̇|і
г͠оу|г҃оу
и̇сходы̇|ісходъі
см͠ртьны|см҃ртьнъі
вратѡмь|вратомь
вьходи|вьході
бо|бо
смр͠тны̇ѫ̇|смр҃тнъіѫ
вы|въі
сьтворите|сьтворіте
а̇|а
и̇сходы|ісходъі
самь|самь
придеть|прідеть
сьтворити|сьтворіті
тѣмже|тѣмже
вьꙁмѣте|вьзмѣте
врата|врата
кнѫꙁи|кнѫзі
ваши|ваші
вьꙁмѣте|вьзмѣте
и̇|і
не|не
кьснѣте|кьснѣте
вьꙁмѣте|вьзмѣте
скоро|скоро
ѻ̇|о
вьꙁмѣте|вьзмѣте
и̇|і
не|не
ждѣте|ждѣте
а̇ще|аще
ли|лі
моудити|моудіті
мните|мніте
самѣмь|самѣмь
вратомь|вратомь
беꙁь|безь
рѫкы|рѫкъі
ѻ̇|о
себѣ|себѣ
вьꙁѫти|вьзѫті
сѧ|сѧ
велимь|велімь
вьꙁмѣте|вьзмѣте
врата|врата
вѣчнаꙗ̇|вѣчнаꙗ
вькоупѣ|вькоупѣ
же|же
силы|сілъі
вьсꙿкликнѫвьше|вьсклікнѫвьше
вькоупѣ|вькоупѣ
же|же
врата|врата
вьꙁѧшѧ|вьзѧшѧ
сѧ|сѧ
вькꙋпѣ|вькоупѣ
желѣꙁнаа̇|желѣзнаа
врата|врата
и̇|і
ѫ̇жа|ѫжа
ськроушишѫ|ськроушішѫ
сѧ|сѧ
вьскоупѣ|вьскоупѣ
ꙁатвори|затворі
ꙩ̇падошѧ|опадошѧ
вькоупѣ|вькоупѣ
ѻ̇снованиꙗ̇|основаніꙗ
темници|темніці
подвиꙁашѧ|подвізашѧ
сѧ|сѧ
вькоупѣ|вькоупѣ
противныѫ̇|протівнъіѫ
силы|сілъі
бѣгоу|бѣгоу
сѧ|сѧ
ѫ̇шѧ|ѫшѧ
дроугь|дроугь
дрꙋга|дроуга
порѣваѫ̇ще|порѣваѫще
и̇ни|іні
иномоу̇|іномоу
бѣжати|бѣжаті
гл͠ѧще|гл҃ѧще
подвиꙁашѧ|подвізашѧ
сѧ|сѧ
и̇|і
оу̇жаснѫшѫ|оужаснѫшѫ
сѧ|сѧ
и̇|і
смѧтошѧ|смѧтошѧ
сѧ|сѧ
и̇|і
ѡ̇блѫдѣшѧ|облѫдѣшѧ
и̇|і
ставше|ставше
вькꙋпѣ|вькоупѣ
и̇|і
дивишѧ|дівішѧ
сѧ|сѧ
и̇|і
недомислишѧ|недоміслішѧ
сѧ|сѧ
вькоупѣ|вькоупѣ
и̇|і
вьстрепеташѧ|вьстрепеташѧ
ѻ̇ви|ові
ꙁьꙗ̇ѫ̇ще|зьꙗѫще
стоꙗ̇хѫ|стоꙗхѫ
ѻ̇виже|овіже
колѣнома|колѣнома
лица|ліца
покрываа̇хѫ|покръіваахѫ
а̇|а
дроуꙃы|дроузъі
ниць|ніць
ꙁадьхнѫшѧ|задьхнѫшѧ
сѧ|сѧ
и̇|і
и̇ни|іні
ꙗ̇ко|ꙗко
и̇|і
мр͠тви|мр҃тві
ꙩ̇цѣпѣнѣшѧ|оцѣпѣнѣшѧ
а̇|а
дрꙋꙃи|дроузі
оу̇жасомь|оужасомь
дрьжими|дрьжімі
бѣшѫ|бѣшѫ
и̇|і
и̇ни|іні
ꙩ̇блѫдинѣвьше|облѫдінѣвьше
лежашѧ|лежашѧ
а̇|а
дрꙋꙁи|дроузі
вь|вь
и̇нѣхь|інѣхь
прибѣжищехь|прібѣжіщехь
и̇сьчеꙁашѧ|ісьчезашѧ
тоу|тоу
бо|бо
тогда|тогда
сьсѣче|сьсѣче
хьⷭ҇|хьс
главы|главъі
сильны̇мь|сільнъімь
тоу|тоу
сьтрышѧ|сьтръішѧ
сѧ|сѧ
винѫ|вінѫ
тоу|тоу
раꙁьврьшѧ|разьврьшѧ
оу̇ꙁиⷣ|оузід
своѫ̇|своѫ
гл͠ѧще|гл҃ѧще
кто|кто
сьи̇|сьі
єⷭ҇|ес
цр͠ь|цр҃ь
славѣ|славѣ
кто|кто
сьи̇|сьі
таковь|таковь
и̇|і
творѧ|творѧ
таковаꙗ̇|таковаꙗ
чюдеса|чоудеса
и̇|і
кто|кто
сьи̇|сьі
ѥⷭ҇|ес
цр͠ь|цр҃ь
славѣ|славѣ
творѫи̇|творѫі
сиꙗ̇|сіꙗ
нинѣ|нінѣ
и̇же|іже
вь|вь
а̇дѣ|адѣ
не|не
бышѧ|бъішѧ
никогдаже|нікогдаже
и̇|і
кто|кто
сеи̇|сеі
ѥⷭ҇|ес
и̇ꙁвоѫⷣ|ізвоѫд
ѿ|от
сѫдоу|сѫдоу
ѻ̇кованꙿныⷯ҇|окованнъіх
ѿ|от
вѣка|вѣка
и̇|і
кто|кто
сеи̇|сеі
є̇сть|есть
раꙁд(р)оушивь|раздроушівь
намь|намь
непобѣдимѫ|непобѣдімѫ
дрьжавѫ|дрьжавѫ
и̇|і
мѫжьство|мѫжьство
кь|кь
нимьже|німьже
ѿвѣщавахѫ|отвѣщавахѫ
г͠ьскыѫ|г҃ьскъіѫ
силы̇|сілъі
гл͠ѧще|гл҃ѧще
оу̇вѣдѣти|оувѣдѣті
ли|лі
хѻщете|хощете
кто|кто
сеи̇|сеі
ѥ̇сть|есть
цр͠ь|цр҃ь
славѣ|славѣ
б͠ь|б҃ь
крѣпкⷪ҇ь|крѣпкоь
и̇|і
силень|сілень
и̇|і
непобѣдимы̇|непобѣдімъі
въ|въ
бранехь|бранехь
сеи̇|сеі
е̇сть|есть
ѿврьгы̇|отврьгъі
вась|вась
ѿ|от
нб͠сныхь|нб҃снъіхь
мѣсть|мѣсть
и̇|і
вь|вь
ꙁемѧ|земѧ
послаль|послаль
ѡ̇|о
ѻ̇каꙗ̇ни|окаꙗні
ꙁаконопрѣстѫпници|законопрѣстѫпніці
и̇|і
мѫчителе|мѫчітеле
ѻ̇нь|онь
и̇стинень|істінень
ѥⷭ҇|ес
тьи̇|тьі
скроушивы̇|скроушівъі
вь|вь
ѥ̇рьдани|ерьдані
главы̇|главъі
ꙁьмиє̇мꙿ|зьміем
вашимь|вашімь
сеи̇|сеі
ѥⷭ҇|ес
ѡ̇бличивы|облічівъі
ваⷭ҇|вас
крⷭ҇томь|крстомь
и̇|і
поꙁорѫ|позорѫ
сътворивы|сътворівъі
и̇|і
ѡ̇слабиль|ослабіль
жилы̇|жілъі
вашѫ|вашѫ
ть|ть
и̇сты|істъі
ѥⷭ҇|ес
свѧꙁавы̇|свѧзавъі
и̇|і
ѻ̇мрачивы|омрачівъі
и̇|і
вь|вь
беꙁнѫ|безнѫ
посла|посла
вась|вась
сьи̇|сьі
е̇сть|есть
пославы|пославъі
вась|вась
ѻ̇гꙿнь|огнь
вѣчны̇|вѣчнъі
вь|вь
геѻ̇нѫ|геонѫ
тѣмьже|тѣмьже
не|не
моудѣте|моудѣте
не|не
пождѣте|пождѣте
нѫ|нѫ
подвигнѣте|подвігнѣте
сѧ|сѧ
и̇|і
ѫ̇ꙁникы|ѫзнікъі
и̇ꙁведѣте|ізведѣте
и̇хьже|іхьже
доселѣ|доселѣ
ꙁлѣ|злѣ
пожрѣсте|пожрѣсте
ваша|ваша
бо|бо
дрьжава|дрьжава
оу̇же|оуже
ськроуши|ськроуші
сѧ|сѧ
ваше|ваше
бо|бо
мѫчительⷭ҇тво|мѫчітельство
прѣста|прѣста
оу̇же|оуже
ваша|ваша
же|же
стѣна|стѣна
оу̇же|оуже
раꙁрⷣоуши|разрдоуші
сѧ|сѧ
вашь|вашь
же|же
грьтань|грьтань
до|до
коньца|коньца
ѻ̇слабѣ|ослабѣ
ваша|ваша
же|же
крѣпостъ|крѣпостъ
и̇ꙁнеможе|ізнеможе
и̇|і
погыбе|погъібе
и̇ны|інъі
гн͠ѫ|гн҃ѫ
силы|сілъі
проти̇внымь|протівнъімь
силамь|сіламь
гл͠ахꙛ|гл҃ахѫ
вькоупѣ|вькоупѣ
же|же
и̇|і
тьщахꙛ|тьщахѫ
сѧ|сѧ
ѡ̈ви|ові
темницѧ|темніцѧ
ѿ|от
самѣхь|самѣхь
ѡсновани|основані
раскопавахꙛ|раскопавахѫ
ꙩ̈ви|ові
же|же
противьныꙛ̈|протівьнъіѫ
силы|сілъі
тькахꙛ̇|тькахѫ
ѿ|от
вьнѣшнихь|вьнѣшніхь
скровищь|скровіщь
вьнѧтрьнихь|вьнѧтрьніхь
бѣжꙛще|бѣжѫще
ӥни|іні
прѣи̇споднѣ|прѣісподнѣ
хранилища|храніліща
и̇|і
ны̇рища|нъіріща
ӥ|і
пещи|пещі
и̇скахꙛ|іскахѫ
и̇ни|іні
течѣхꙛ|течѣхѫ
дроугь|дроугь
дроуга|дроуга
ӥнѫдоу|інѫдоу
и̇|і
свѧꙁани|свѧзані
гв͠и|гв҃і
привожаⷣхꙛ|прівожадхѫ
и̇ни|іні
мꙛчителѣ|мѫчітелѣ
вѧꙁахꙛ|вѧзахѫ
а|а
дроуꙁи|дроузі
слоужахꙛ|слоужахѫ
вьскорѣ|вьскорѣ
ѡ̇ви|ові
ѡ̈бы̇ходѧще|объіходѧще
вьнꙛтрьꙛ̈доу|вьнѫтрьѫдоу
и̇|і
гл͠ѧ|гл҃ѧ
прѣди|прѣді
течѣхꙛ|течѣхѫ
ѡ̈ви|ові
же|же
ꙗ̇ко|ꙗко
б͠оу|б҃оу
и̇|і
г͠оу|г҃оу
ӥ|і
ц͠роу|ц҃роу
побѣдителю|побѣдітелю
прѣстоꙗ̇хꙛ|прѣстоꙗхѫ
симь|сімь
же|же
оу̇бо|оубо
тако|тако
вь|вь
а̇де|аде
бываꙛ̇щимь|бъіваѫщімь
и̇|і
готѡвѧщимь|готовѧщімь
всѣмъ|всѣмъ
и|і
трѧсѫщимь|трѧсѫщімь
сѧ|сѧ
ꙗ̇ко|ꙗко
гн͠е|гн҃е
ѥⷭ҇|ес
цр͠ьствиѥ̇|цр҃ьствіе
и̇|і
пришествиє̇|прішествіе
и̇|і
самь|самь
прѣи̇споднихь|прѣісподніхь
прѣи̇сподꙿнаꙗ|прѣісподнаꙗ
дои̇ти|доіті
хотѣше|хотѣше
а̇дамь|адамь
ѡ̇нь|онь
свѧꙁаньны|свѧзаньнъі
всѣхь|всѣхь
чл͠кь|чл҃кь
прѣжеⷣ|прѣжед
и̇|і
оу̇меры̇|оумеръі
прѣжде|прѣжде
и̇|і
вьнѫтрьѫ̇доу|вьнѫтрьѫдоу
всѣмь|всѣмь
свѧꙁанꙿнымь|свѧзаннъімь
и̇|і
сь|сь
многоѫ̇|многоѫ
тврьдинѫ|тврьдінѫ
дрьжимы̇|дрьжімъі
и̇|і
слы̇ша|слъіша
а̇дамь|адамь
г͠ьскы̇ма|г҃ьскъіма
ногама|ногама
въходѧща|въходѧща
кь|кь
свѧꙁаньны̇мь|свѧзаньнъімь
и̇|і
поꙁаⷩ҇|позан
глаⷭ҇|глас
сходѧщи|сходѧщі
ѥ̇моу|емоу
вь|вь
темницѫ|темніцѫ
и̇|і
ѡ̇бращь|обращь
сѧ|сѧ
кь|кь
всѣмь|всѣмь
сѫщимь|сѫщімь
ѿ|от
вѣка|вѣка
сь|сь
нимь|німь
свѧꙁанны̇мь|свѧзаннъімь
и̇|і
реⷱ҇|реч
глаⷭ҇|глас
ногама|ногама
є̇тера|етера
оу̇слы̇шахь|оуслъішахь
и̇|і
кь|кь
намь|намь
гредѫщоу|гредѫщоу
и̇|і
а̇ще|аще
вь|вь
и̇стинѫ|істінѫ
ꙁеⷣ|зед
прии̇ти|прііті
и̇ꙁволиль|ізволіль
є̇сть|есть
мы|мъі
ѿ|от
ѫ̇ꙁъ|ѫзъ
свободихомь|свободіхомь
сѧ|сѧ
а̇ще|аще
вь|вь
и̇стинѫ|істінѫ
ꙩ̇ного|оного
с|с
нами|намі
видимь|відімь
и̇|і
мы|мъі
ѿ|от
а̇да|ада
свободихомь|свободіхомь
сѧ|сѧ
си|сі
и̇|і
поⷣбнаа̇|подбнаа
симь|сімь
а̇дамоу|адамоу
гл͠ѧщоу|гл҃ѧщоу
кь|кь
въсѣмь|въсѣмь
сѫщимь|сѫщімь
свѧꙁанны̇мꙿ|свѧзаннъім
и̇|і
вьниде|вьніде
г͠ь|г҃ь
кь|кь
нимь|німь
побѣдноє̇|побѣдное
ꙩ̇рѫжеоє̇|орѫжеое
крьсть|крьсть
дрьжѫ|дрьжѫ
є̇гоже|егоже
видѣвь|відѣвь
а̇дамь|адамь
свѧꙁанꙿны̇|свѧзаннъі
прѣждє|прѣжде
и̇|і
оу̇жасомь|оужасомь
вьꙁꙿби|вьзбі
вꙿ|в
прьсы|прьсъі
и̇|і
вьꙁьпи|вьзьпі
вьсѣмь|вьсѣмь
спѧщимь|спѧщімь
ѿ|от
вѣка|вѣка
и̇|і
рече|рече
г͠ь|г҃ь
мои̇|моі
сь|сь
вьсѣми|вьсѣмі
и̇|і
ѿвѣща|отвѣща
г͠ь|г҃ь
и̇|і
гл͠а|гл҃а
а̇дамови|адамові
и̇|і
сь|сь
дх͠омь|дх҃омь
твои̇мь|твоімь
и̇|і
ѥ̇мь|емь
ꙁа|за
рѫкѫ|рѫкѫ
и̇|і
вьс͠крѣшаѥ̇ты̇|вьс҃крѣшаетъі
гл͠ѫ|гл҃ѫ
въстани|въстані
спѫи̇|спѫі
и̇|і
вьсꙿкꙿрсꙿны̇|вьскрснъі
ѿ|от
мр͠твыхь|мр҃твъіхь
и̇|і
ѡ̇ст͠ыть|ост҃ъіть
тѧ|тѧ
хⷭ҇ь|хсь
а̇ꙁь|азь
б͠ь|б҃ь
твои̇|твоі
и̇|і
бы̇хь|бъіхь
тебе|тебе
ради|раді
сн͠ъ|сн҃ъ
твои̇|твоі
и̇|і
нн͠ѣ|нн҃ѣ
гл͠ѫ|гл҃ѫ
и̇|і
по|по
ѡ̇бласти|області
повелѣѫ̇|повелѣѫ
свѧꙁанны̇мь|свѧзаннъімь
и̇ꙁы̇дѣте|ізъідѣте
и̇|і
сѫщи|сѫщі
въ|въ
тмѣ|тмѣ
просвѣтите|просвѣтіте
сѧ|сѧ
и̇|і
лежѫщеи̇|лежѫщеі
въ|въ
тмѣ|тмѣ
вьстанѣте|вьстанѣте
тєбѣ|тебѣ
повелѣваѫ̇|повелѣваѫ
а̇даме|адаме
вьстанѣте|вьстанѣте
спѫщеи̇|спѫщеі
не|не
тѡго|того
ради|раді
тѧ|тѧ
створихь|створіхь
да|да
въ|въ
а̇дѣ|адѣ
свѫꙁань|свѫзань
є̇си̇|есі
вьскр͠сни|вьскр҃сні
ѿ|от
мрвⷮ҇ыⷯ҇|мрвтъіх
а̇ꙁь|азь
бо|бо
е̇сꙿмь|есмь
животь|жівоть
члвч͠скы|члвч҃скъі
вьск͠рьсни|вьск҃рьсні
сьꙁданиѥ̇|сьзданіе
моє̇|мое
вьск͠рьсни|вьск҃рьсні
ꙁраче|зраче
мои̇|моі
бы̇вь|бъівь
по|по
ѻ̇брꙁоу|обрзоу
моѥ̇моу|моемоу
вьстани|вьстані
пои̇ди|поіді
ѿсѫдоу|отсѫдоу
ты|тъі
бо|бо
ѡ̇|о
мънѣ|мънѣ
и̇|і
а̇ꙁь|азь
ѡ̇|о
тебѣ|тебѣ
ѥ̇дино|едіно
и̇|і
нераꙁдѣлимоє̇|нераздѣлімое
свѣ|свѣ
лице|ліце
тебє̇|тебе
ради|раді
б͠ь|б҃ь
твои̇|твоі
и̇|і
быхь|бъіхь
сн͠ъ|сн҃ъ
твои̇|твоі
тебе|тебе
ради|раді
г͠ь|г҃ь
сы̇и̇|съіі
и̇|і
пріѫ̇хь|пріѫхь
ѻ̇браꙁь|образь
твои̇|твоі
и̇|і
тебе|тебе
ради|раді
сьи̇|сьі
прѣвы̇ше|прѣвъіше
и̇|і
ѿ|от
нб͠сь|нб҃сь
придохь|прідохь
на|на
ꙁемѧ|земѧ
и̇|і
подь|подь
ꙁемѧ|земѧ
и̇|і
тебе|тебе
ради|раді
чл͠кь|чл҃кь
бы̇хь|бъіхь
и̇|і
ꙗ̇ко|ꙗко
чл͠кь|чл҃кь
беꙁь|безь
помощи|помощі
и̇|і
свободывь|свободъівь
мрт͠выхь|мрт҃въіхь
тебе|тебе
ради|раді
и̇ꙁьшедъ|ізьшедъ
и̇ꙁь|ізь
врьтограда|врьтограда
и̇юдеѻ̇мь|іюдеомь
прѣдань|прѣдань
бы̇хь|бъіхь
вь|вь
рѫкы|рѫкъі
и̇|і
вь|вь
вратѣхь|вратѣхь
ѡ̇сѫждень|осѫждень
быхь|бъіхь
виждь|віждь
лицоу|ліцоу
моє̇моу|моемоу
ꙁапльваниє̇|запльваніе
и̇же|іже
тебе|тебе
ради|раді
приѫ̇хь|пріѫхь
да|да
тебе|тебе
оу̇строѫ̇|оустроѫ
вь|вь
прьвоє̇|прьвое
вьхождениє̇|вьхожденіе
и̇|і
вижьⷣ|віжьд
ланитама|ланітама
оударениє̇|оудареніе
ꙗ̇же|ꙗже
приѫ̇хь|пріѫхь
да|да
тебѣ|тебѣ
раꙁьвращены̇|разьвращенъі
ꙁракь|зракь
и̇справлѫ|ісправлѫ
вь|вь
прьвы|прьвъі
ѻ̇браꙁь|образь
вижьⷣ|віжьд
ми|мі
на|на
плещоу|плещоу
раны|ранъі
ѫ̇же|ѫже
приѧ̇хь|пріѧхь
да|да
раꙁметаѫ̇|разметаѫ
брѣмѫ|брѣмѫ
грѣховь|грѣховь
твои̇хь|твоіхь
лежѫщимь|лежѫщімь
на|на
плещоу|плещоу
твоє̇ю̇|твоею
виждь|віждь
ми|мі
прігвожденѣи̇|прігвожденѣі
рѫцѣ|рѫцѣ
ѫ̇же|ѫже
прострѣхь|прострѣхь
на|на
дрѣвѣ|дрѣвѣ
добрѣ|добрѣ
тебѣ|тебѣ
расꙿпротⷭ҇ерьшаго|распротсерьшаго
на|на
дрѣво|дрѣво
рѫцѣ|рѫцѣ
ꙁлѣ|злѣ
виждь|віждь
ми|мі
пригвожденѣи̇|прігвожденѣі
прибиє̇нѣ|прібіенѣ
вь|вь
дрѣвѣ|дрѣвѣ
ноꙃѣ|нозѣ
твоє̇ю̇|твоею
ради|раді
ногоу|ногоу
текьшꙋ|текьшоу
кь|кь
дрѣвоу|дрѣвоу
ꙁлѣ|злѣ
вь|вь
.ꙅ͠.|з҃
дн͠ь|дн҃ь
твоє̇|твое
падениє̇|паденіе
быⷭ҇|бъіс
и̇|і
раю̇|раю
ѿврьстиѥ̇|отврьстіе
створихь|створіхь
и̇|і
вькꙋсихь|вькоусіхь
тебє|тебе
ради|раді
жльчи|жльчі
да|да
и̇сцѣлѫ|ісцѣлѫ
тебе|тебе
снади|снаді
ѡ̇нои̇|оноі
сладьцѣи̇|сладьцѣі
горькѫѫ̇|горькѫѫ
сладости|сладості
и̇|і
вькоусихь|вькоусіхь
ѻ̇цеть|оцеть
да|да
раꙁорѫ|разорѫ
твоѥ̇и̇|твоеі
смр͠ти|смр҃ті
ѻ̇цетꙿнѫѫ̇|оцетнѫѫ
лютѫѫ̇|лютѫѫ
чѣшѧ|чѣшѧ
и̇|і
приѫ̇хь|пріѫхь
гѫбѫ|гѫбѫ
да|да
ѿмыѫ̇|отмъіѫ
рѫкописание̇|рѫкопісаніе
твоѥ̇моу|твоемоу
грѣхоу|грѣхоу
и̇|і
приѫ̇хь|пріѫхь
и̇|і
трьсть|трьсть
да|да
напишѫ|напішѫ
свободѫ|свободѫ
чл͠вчьскомоу|чл҃вчьскомоу
родоу|родоу
оу̇снѫхь|оуснѫхь
на|на
кртⷭ҇ѣ|кртсѣ
и̇|і
копиѥ̇мь|копіемь
прободень|прободень
быхь|бъіхь
вь|вь
ребра|ребра
тебе|тебе
ради|раді
оу̇сꙿнѫвьшомоу|оуснѫвьшомоу
вь|вь
раи̇|раі
и̇|і
ѥӳгѫ|еугѫ
ѿ|от
ребра|ребра
и̇ꙁꙿведьша|ізведьша
и|і
мое̇|мое
ребро|ребро
и̇цѣлило|іцѣліло
ѥ̇стъ|естъ
болѣꙁнь|болѣзнь
твоѥ̇моу|твоемоу
реброу|реброу
и̇|і
мои̇|моі
сънь|сънь
и̇ꙁведе|ізведе
тѧ|тѧ
ѿ|от
сьмр͠тнаго|сьмр҃тнаго
съна|съна
и̇|і
мое̇|мое
копиѥ̇|копіе
оӳставило|оуставіло
ѥⷭ҇|ес
ѡ̋бращаѧ̇щее̇|обращаѧщее
сѧ|сѧ
на|на
тѧ|тѧ
копїѥ̇|копіе
тѣмьже|тѣмьже
вьстани|вьстані
поиди|поіді
ѿсѫдоу|отсѫдоу
и̇ꙁведохь|ізведохь
тѧ|тѧ
ѿ|от
ꙁемѧ|земѧ
раи̇скѫѧ̇|раіскѫѧ
и̇|і
оӳстроѧ̇|оустроѧ
тѧ|тѧ
оӳже|оуже
не|не
въ|въ
раи̇|раі
нѫ|нѫ
на|на
нбнⷭ҇ӹи̇|нбнсъіі
прѣстоль|прѣстоль
вьꙁꙿбранихь|вьзбраніхь
ти|ті
дрѣво|дрѣво
животномоу|жівотномоу
ѡ̇браꙁоу|образоу
нѫ|нѫ
се|се
аꙁ꙼ъ|азъ
весь|весь
животь|жівоть
приложих|пріложіх
ти|ті
сѧ|сѧ
и̇|і
повелѣхь|повелѣхь
хероувимомь|хероувімомь
рабьскы|рабьскъі
стрѣщи|стрѣщі
тѧ|тѧ
и̇|і
створихь|створіхь
хероувимомь|хероувімомь
б͠голѣпно|б҃голѣпно
покланѣти|покланѣті
ти|ті
сѧ|сѧ
съкрӹлꙿ|съкръіл
сѧ|сѧ
е̇си|есі
ѿ|от
б͠а|б҃а
ꙗко|ꙗко
нагь|нагь
нѫ|нѫ
се|се
ськрыль|ськръіль
ѥ̇си|есі
въ|въ
себѣ|себѣ
ꙗ̇ко|ꙗко
б͠а|б҃а
нага|нага
ꙩ̇блѣкьль|облѣкьль
сѧ|сѧ
е̇си|есі
вь|вь
срамнѫѫ|срамнѫѫ
и̇|і
кожнѫѫ̇|кожнѫѫ
риꙁѫ|різѫ
тѣмьже|тѣмьже
вьстанѣте|вьстанѣте
и̇|і
пои̇дѣте|поідѣте
ѿсѫдоу|отсѫдоу
ѿ|от
и̇стлѣниꙗ̇|істлѣніꙗ
вь|вь
неи̇стлѣниѥ̇|неістлѣніе
и̇|і
ѿ|от
сьмрꙿти|сьмрті
вь|вь
жиꙁнь|жізнь
въстанѣте|въстанѣте
и̇|і
пои̇дѣте|поідѣте
ѿсѫдоу|отсѫдоу
ѿ|от
тꙿмы|тмъі
вь|вь
вѣчꙿны̇|вѣчнъі
свѣть|свѣть
вьстанѣте|вьстанѣте
и̇|і
пои̇дѣте|поідѣте
ѿсѫдоу|отсѫдоу
ѿ|от
страсти|страсті
вь|вь
веⷭ҇лиѥ̇|весліе
вастанѣте|вастанѣте
и̇|і
подѣте|подѣте
ѿ|от
сѫдоу|сѫдоу
ѿ|от
работѫ|работѫ
въ|въ
свободѫ|свободѫ
и̇|і
ѿ|от
темны̇цѫ|темнъіцѫ
вь|вь
є̇роусолимь|ероусолімь
и̇|і
ѿ|от
ѫ̇ꙁь|ѫзь
кь|кь
б͠оу|б҃оу
и̇|і
ѿ|от
болѣꙁни|болѣзні
на|на
(р͠а)и̇скѫ|р҃аіскѫ
пищѫ|піщѫ
ѿ|от
ꙁемлѫ|землѫ
на|на
н͠бо|н҃бо
на|на
се|се
оу̇бо|оубо
оу̇мⷷ҇рь|оумерь
и̇|і
вьск͠рьсохь|вьск҃рьсохь
да|да
живыми|жівъімі
и̇|і
мрьт͠вы|мрьт҃въі
ѻ̇бладаѫ̇|обладаѫ
тѣмьже|тѣмьже
вьстанѣте|вьстанѣте
и̇|і
пои̇дѣте|поідѣте
ꙩ̇тец͠ь|отец҃ь
бо|бо
нбⷭ҇ны|нбснъі
погыбшѫ̇ѫ̇|погъібшѫѫ
жеⷣть|жедть
ѻ̇вꙿцѫ|овцѫ
девѧть|девѧть
десѫть|десѫть
и̇|і
девѧть|девѧть
а꙼н͠ꙿгльскыѫ̇|ан҃гльскъіѫ
ѡ̇вꙿцѫ|овцѫ
клеврѣта|клеврѣта
а̇дама|адама
жѫⷣть|жѫдть
когаⷣ|когад
вьск͠рьснеть|вьск҃рьснеть
когда|когда
вьстанеть|вьстанеть
и̇|і
вьꙁыдеть|вьзъідеть
кь|кь
б͠оу|б҃оу
и̇|і
ѡ̇братить|обратіть
сѧ|сѧ
херꙋвимьскы|хероувімьскъі
прѣстоль|прѣстоль
оу̇готоваль|оуготоваль
сѧ|сѧ
є̇сть|есть
ѥ̇диначе|едіначе
готова|готова
трапеꙁа|трапеза
и̇|і
брашꙿна|брашна
готова|готова
и̇|і
вѣчꙿни|вѣчні
крови|крові
готови|готові
и̇|і
жилища|жіліща
готѡва|готова
и̇|і
скровища|скровіща
бл͠гы̇мь|бл҃гъімь
ѿврьꙁошѧ|отврьзошѧ
(сѧ)|сѧ
и̇|і
нбⷭ҇ноѥ̇|нбсное
ц͠рьствиѥ̇|ц҃рьствіе
прѣжде|прѣжде
ꙋготова|оуготова
сѧ|сѧ
и̇|і
ꙗ̇же|ꙗже
ѡ̇ко|око
не|не
видѣ|відѣ
ни|ні
оу̇хо|оухо
нⷷ|не
слыша|слъіша
бл͠гаа̇|бл҃гаа
ни|ні
на|на
срцⷣе|срцде
чл͠коу|чл҃коу
не|не
вьꙁиде|вьзіде
чл͠вѣка|чл҃вѣка
ждѫть|ждѫть
си|сі
и̇|і
подобна|подобна
симь|сімь
г͠оу|г҃оу
г͠лѧщоу|г҃лѧщоу
вьск͠рьсошѧ|вьск҃рьсошѧ
с|с
нимь|німь
сьи̇|сьі
вь|вь
а̇дѣ|адѣ
вькоупѣ|вькоупѣ
и̇|і
а꙼дамꙿ|адам
и̇|і
ѥ̇ӱга|еуга
и̇|і
многа|многа
тѣлеса|тѣлеса
оу̇м͠рьшимь|оум҃рьшімь
вьск͠рьсошѧ|вьск҃рьсошѧ
проповѣдовꙿше|проповѣдовше
.г͠.|г҃
д͠невьноє̇го|д҃невьноего
вск͠рьсение̇|вск҃рьсеніе
ѥ̇гоже|егоже
свѣтло|свѣтло
приі̇мѣмь|пріімѣмь
виⷣмо|відмо
и̇|і
ѡ̇бы̇мѣмь|объімѣмь
сь|сь
а̇н͠ꙿлы|ан҃лъі
праꙁнꙋѫ̇ще|празноуѫще
вькоупѣ|вькоупѣ
и̇|і
славѫ̇ще|славѫще
въск͠рѣсивъшомꙋ|въск҃рѣсівъшомоу
нась|нась
ѿ|от
и̇стлѣниꙗ̇|істлѣніꙗ
хⷭ҇ь|хсь
є̇моужⷷ|емоуже
слава|слава
и̇|і
дрьжава|дрьжава
сь|сь
беꙁначельнимь|безначельнімь
ꙩ̇ц͠емь|оц҃емь
и̇|і
прѣст͠ымь|прѣст҃ъімь
дх͠омь|дх҃омь
твои̇мь|твоімь
и̇|і
животворѧщиⷨ҇|жівотворѧщім
и̇|і
ны̇нѣ|нъінѣ
и̇|і
присно|прісно
и̇|і
вь|вь
вѣкы|вѣкъі
вѣкомь|вѣкомь
а̇минь|амінь
С|с
Л|л
О|о
(В҇|в
О)|о
С|с
Т҇|т
Г|г
О|о
И̇|і
Ꙍ|о
(А҇)|а
Н|н
А|а
ꙁлатооу̇стаго|златооустаго
на|на
вьскреⷭ҇ніє̇|вьскресніе
гн͠е|гн҃е
бл͠гослови|бл҃гослові
ꙩ̇ч͠е|оч҃е
Раоуⷣи̇те|раоудіте
сѧ|сѧ
неб͠са|неб҃са
сꙿ|с
ст͠ыми|ст҃ъімі
а꙼нꙿгл͠ы|англ҃ъі
и̇|і
ты̇|тъі
слн͠це|слн҃це
ст͠и|ст҃і
се|се
свои̇ми|своімі
ꙁарами|зарамі
веⷭ҇лите|весліте
се|се
ꙩ̇блаци|облаці
и|і
ты|тъі
ꙁеме|земе
смѣи|смѣі
се|се
сь|сь
въсѣми|въсѣмі
чл͠кы|чл҃къі
дн͠есь|дн҃есь
бо|бо
сьпостатовы|сьпостатовъі
ꙋꙁы̇|оузъі
рекьше|рекьше
сотонины|сотонінъі
раꙁрⷣоушии̇|разрдоушіі
хⷭ҇ь|хсь
б͠ь|б҃ь
пришьдь|прішьдь
въ|въ
мѣсто|мѣсто
то|то
тьмноє̇|тьмное
а̇дово|адово
и̇|і
сътворивъ|сътворівъ
є̇моу|емоу
и̇ꙁьблꙋвати|ізьблоуваті
въсе|въсе
плѣнꙿни̇кы̇|плѣннікъі
ѻ̇ть|оть
ꙁемлѫ|землѫ
и̇|і
поплѣнивь|поплѣнівь
ѥ̇го|его
и̇ꙁведе|ізведе
вꙿсѫ|всѫ
чл͠кы|чл҃къі
ѿ|от
а̇дама|адама
почьтень|почьтень
кто|кто
и̇ꙁꙿгл͠еть|ізгл҃еть
силы̇|сілъі
гн͠ѫ|гн҃ѫ
и̇|і
слы̇шавъ|слъішавъ
створити|створіті
въсѧ|въсѧ
хвалы̇|хвалъі
ѥ̇го|его
хьⷭ҇|хьс
на|на
крⷭ҇тѣ|крстѣ
постраⷣ|пострад
вьꙁыдѣмъ|вьзъідѣмъ
да|да
и̇|і
ми|мі
ѡ̇бщници|общніці
страсти|страсті
є̇го|его
бѫдемь|бѫдемь
и̇|і
славѣ|славѣ
е̇го|его
причⷭ҇тьници|прічстьніці
хⷭ҇ь|хсь
въ|въ
мр͠твыхь|мр҃твъіхь
оу̇мр͠ьтиимь|оумр҃ьтіімь
грѣхь|грѣхь
да|да
правдоѫ̇|правдоѫ
ѥ̇го|его
ѡ̇живимь|ожівімь
хⷭ҇ь|хсь
ѻ̇бьвить|обьвіть
пеленою|пеленою
чⷭ҇тою̇|чстою
и̇|і
ми|мі
же|же
ꙩ̇мивше|омівше
се|се
ѿ|от
свои̇хь|своіхь
сꙿкꙿврьнꙿны̇хь|скврьннъіхь
дѣлъ|дѣлъ
и̇|і
ѡ̇бьвиє̇мь|обьвіемь
сѧ|сѧ
чист͠ыми|чіст҃ъімі
дѣли|дѣлі
и̇|і
свѣтлы̇ми|свѣтлъімі
въ|въ
ст͠ы|ст҃ъі
дн͠ь|дн҃ь
вьси|вьсі
бо|бо
праꙁници|празніці
велии̇|веліі
чⷭ҇тьни|чстьні
нь|нь
надъ|надъ
въсѣми|въсѣмі
вьста|вьста
сьи̇|сьі
дн͠ь|дн҃ь
ꙗ̇ко|ꙗко
и̇|і
слн͠це|слн҃це
надъ|надъ
ꙁвѣꙁаⷣми|звѣзадмі
нѫ|нѫ
є̇же|еже
несита|несіта
оу̇ста|оуста
бышѧ|бъішѧ
смр͠ти|смр҃ті
а̇довѣ|адовѣ
въсꙿхлащена|въсхлащена
днⷭ҇ь|днсь
бр͠атиє̇|бр҃атіе
члц͠и|члц҃і
сь|сь
а̇нг͠ли|анг҃лі
смѣсишѧ|смѣсішѧ
сѧ|сѧ
и̇|і
пльⷮ҇ни|пльтні
съ|съ
бесьпльⷮны̇ми|бесьпльтнъімі
хвалы̇|хвалъі
б͠оу|б҃оу
вьсилаѫ̇ть|вьсілаѫть
днⷭ҇ь|днсь
твари|тварі
видимѣи̇|відімѣі
и̇|і
невиⷣмѣи̇|невідмѣі
веⷭ҇лѧще|веслѧще
сѧ|сѧ
и̇|і
цьвьтьщи|цьвьтьщі
свѣтове|свѣтове
(ли)комь|лікомь
є̇динь|едінь
тьчиѩ̇|тьчіѧ
диꙗ̇воль|діꙗволь
и̇|і
бѣсове|бѣсове
є̇го|его
сѣтоуѫ̇ть|сѣтоуѫть
и̇|і
печальни|печальні
сꙋть|соуть
наша|наша
бо|бо
радость|радость
бѣсомь|бѣсомь
ѥⷭ҇|ес
скрьбь|скрьбь
чесо|чесо
дѣльма|дѣльма
печалень|печалень
быⷭ҇|бъіс
проврагь|проврагь
не|не
и̇мьже|імьже
ли|лі
а̇да|ада
оу̇поусти|оупоусті
и̇|і
раꙁьбои̇ника|разьбоініка
не|не
оу̇дрьжа|оудрьжа
и̇|і
жиꙁьнь|жізьнь
не|не
оу̇мⷪрии̇|оуморіі
и̇|і
ѿ|от
жиꙁни|жізні
см͠рьть|см҃рьть
приѫть|пріѫть
срѣтьши|срѣтьші
бо|бо
сьмр͠ьть|сьмр҃ьть
жиꙁнь|жізнь
сама|сама
оу̇мр͠ть|оумр҃ть
є̇мьши|емьші
ю̇|ю
и̇|і
сама|сама
оу̇мрѣть|оумрѣть
да|да
и̇|і
въси|въсі
видѣвьшеи̇|відѣвьшеі
ѻ̇жишѧ|ожішѧ
ветьси|ветьсі
оу̇стави|оуставі
минѫше|мінѫше
и̇|і
бы̇шѧ|бъішѧ
вьси|вьсі
нови|нові
подьраꙁи|подьразі
прьваго|прьваго
а̇дама|адама
ѻ̇слоушаниѥ̇мь|ослоушаніемь
нѫ|нѫ
вьторѣѥ̇и̇|вьторѣеі
подъсѣче|подъсѣче
а꙼дама|адама
сьи̇|сьі
бо|бо
бѣ|бѣ
прьвоє̇|прьвое
съ|съ
вы̇соты̇|въісотъі
сьврьгьль|сьврьгьль
и̇|і
ѥ̇у̇гꙋ|еугоу
льстиѫ̇|льстіѫ
прѣлъстиль|прѣлъстіль
нѫ|нѫ
ѿ|от
марие̇|маріе
пагоубꙋ|пагоубоу
приѫть|пріѫть
и̇|і
радоуѥ̇ть|радоуеть
сⱑ|сѧ
диꙗ̇воль|діꙗволь
дрѣвоу|дрѣвоу
сꙿмр͠ьтномоу|смр҃ьтномоу
нѫ|нѫ
кртⷭ҇ьнимь|кртсьнімь
дрѣвомь|дрѣвомь
погыбе|погъібе
и̇|і
въ|въ
а̇дѣ|адѣ
побѣжеⷣнь|побѣжеднь
быⷭ҇|бъіс
и̇|і
вь|вь
породѣ|породѣ
не|не
ваⷧ҇ды̇|валдъі
и̇|і
ѻ̇делѣ|оделѣ
а̇|а
вь|вь
а̇дѣ|адѣ
влады|владъі
погыбе|погъібе
и̇|і
лишень|лішень
быⷭ҇|бъіс
ѥ̇гоже|егоже
не|не
и̇мѣ|імѣ
прѣжде|прѣжде
то|то
же|же
и̇|і
приѫ̇ть|пріѫть
нь|нь
є̇же|еже
послѣжде|послѣжде
и̇мѣ|імѣ
то|то
погоуби|погоубі
радоу(ѥ)|радоуе
се|се
припаде|пріпаде
нь|нь
плачѧ|плачѧ
се|се
[и]|і
вьспѧти|вьспѧті
се|се
ветьха|ветьха
минꙋше|міноуше
и̇|і
бышѧ|бъішѧ
вьсѣ|вьсѣ
новаа̇|новаа
а̇дама|адама
оу̇жⷷ|оуже
не|не
плачетꙿ|плачет
сѧ|сѧ
раꙗ̇|раꙗ
и̇|і
раꙁꙿбои̇никоу|разбоінікоу
ѿврьꙁьшоу|отврьзьшоу
порода|порода
въ|въ
ѥ̇вьгы̇|евьгъі
мѣсто|мѣсто
мариꙗ̇|маріꙗ
ѥ̇гоже|егоже
бо|бо
ꙁаповѣди|заповѣді
не|не
сьхрани|сьхрані
и̇ꙩ̇на|іона
то|то
сиꙗ̇|сіꙗ
вь|вь
ꙋтробѣ|оутробѣ
приѫ̇тъ|пріѫтъ
є̇гоже|егоже
бо|бо
небо|небо
не|не
вьмѣсти|вьмѣсті
то|то
сиѥ̇|сіе
ꙋтроба|оутроба
приѫ̇ть|пріѫть
и̇же|іже
небо|небо
повѣси|повѣсі
то|то
тьи̇|тьі
на|на
малѣ|малѣ
дрѣвѣ|дрѣвѣ
повисѣ|повісѣ
да|да
дрѣвомь|дрѣвомь
прѣльстить|прѣльстіть
прѣльстивьшаго|прѣльстівьшаго
дрѣвомь|дрѣвомь
а̇дамⷶ҇|адама
кь|кь
чл͠колюбꙿцоу|чл҃колюбцоу
прибѣгнемь|прібѣгнемь
владицѣ|владіцѣ
стртⷭ҇и|стртсі
приѥ̇мьшаго|пріемьшаго
ꙁа|за
ны̇|нъі
и̇|і
мы̇|мъі
стртⷭ҇и|стртсі
не|не
ѿбѣгає̇мь|отбѣгаемь
ꙁа|за
нь|нь
страждемь|страждемь
бо|бо
сь|сь
нимь|німь
да|да
сꙿ|с
нимь|німь
слав(а)|слава
примемь|прімемь
вьск͠рьсению̇|вьск҃рьсенію
же|же
быⷭ҇|бъіс
проповѣдꙿникь|проповѣднікь
проповѣдникь|проповѣднікь
бо|бо
вьск͠рꙿсеныꙗ̇|вьск҃рсенъіꙗ
прьвоє̇|прьвое
собоѫ̇|собоѫ
вьстаниє̇|вьстаніе
покаꙁа|показа
а̇ще|аще
бо|бо
би|бі
тьчиѫ̇|тьчіѫ
рѣчи|рѣчі
повѣдаль|повѣдаль
а꙼|а
не|не
сьтвориль|сьтворіль
дѣломь|дѣломь
то|то
не|не
бишⱑ|бішѧ
вѣровали|вѣровалі
рѣчи|рѣчі
слышⱑще|слъішѧще
а̇|а
дѣла|дѣла
не|не
видѫщⷷ|відѫще
како|како
ти|ті
є̇сть|есть
оу̇мислыль|оуміслъіль
вьстанꙿны̇|вьстаннъі
сы̇|съі
повѣдъникь|повѣдънікь
не|не
ꙗ̇ко|ꙗко
врачь|врачь
ли|лі
хы̇трь|хъітрь
прьвоє̇|прьвое
самь|самь
вькоусить|вькоусіть
растворении̇ѫ̇|растворенііѫ
трѣбы̇и̇|трѣбъіі
да|да
трѣбоуѫ̇щеи̇|трѣбоуѫщеі
цѣлꙿбы|цѣлбъі
беꙁь|безь
боꙗ̇ꙁни|боꙗзні
прии̇мѧть|пріімѧть
побѣдноє̇|побѣдное
скаꙁаниє̇|сказаніе
прьви|прьві
оу̇бо|оубо
и̇ꙁь|ізь
мрьтвихь|мрьтвіхь
г͠ь|г҃ь
влкⷣа|влкда
начѧтокь|начѧтокь
бо|бо
спѧщихь|спѧщіхь
хьⷭ҇|хьс
вьскр͠се|вьскр҃се
нѫ|нѫ
да|да
не|не
гл͠еть|гл҃еть
никтоже|ніктоже
рекыи̇|рекъіі
ѻ̇брѣтає̇мь|обрѣтаемь
и̇ни|іні
мнⷪгы̇|многъі
прѣжде|прѣжде
є̇го|его
вьскрьⷭ҇шѧѫ̇|вьскрьсшѧѫ
и̇лиꙗ̇|іліꙗ
теꙁвить|тезвіть
прѣжде|прѣжде
вьпльщениꙗ̇|вьпльщеніꙗ
б͠жиꙗ̇|б҃жіꙗ
вьдовичи|вьдовічі
сн͠а|сн҃а
вьскрѣсии̇|вьскрѣсіі
и̇|і
є̇лисеи̇|елісеі
такожеⷣ|такожед
сн͠а|сн҃а
соуматѣнинѫ|соуматѣнінѫ
да|да
како|како
ѥсть|есть
начѧло|начѧло
спещимь|спещімь
хьⷭ҇|хьс
а̇ꙁь|азь
ти|ті
боле|боле
сего|сего
скажѫ|скажѫ
сьи̇|сьі
самь|самь
влк͠а|влк҃а
хьⷭ҇|хьс
лаꙁарѣ|лазарѣ
четвередн͠евна|четвередн҃евна
вьскрѣси|вьскрѣсі
ѿ|от
мрьтвы̇хь|мрьтвъіхь
тако|тако
ѥ̇сть|есть
начѧло|начѧло
спѧщимь|спѧщімь
хьⷭ҇|хьс
а̇ꙁь|азь
ти|ті
повѣдѣю|повѣдѣю
є̇же|еже
гл͠ѧ|гл҃ѧ
то|то
тожеⷣ|тожед
и̇|і
ѻ̇|о
всѣхь|всѣхь
ѥ̇же|еже
сѧ|сѧ
ть|ть
прѣжде|прѣжде
є̇го|его
вьск͠рьсли|вьск҃рьслі
вьста|вьста
же|же
лаꙁарь|лазарь
и̇ꙁь|ізь
мрт͠выи̇хь|мрт҃въііхь
прѣжде|прѣжде
вл͠кы|вл҃къі
хаⷭ҇|хас
нѫ|нѫ
въскрьсе|въскрьсе
лаꙁарь|лазарь
да|да
пакы|пакъі
оу̇мреть|оумреть
а̇|а
житиє̇|жітіе
приѫ̇ть|пріѫть
да|да
послоужить|послоужіть
чꙋдеси|чоудесі
и̇|і
пакыжє|пакъіже
подь|подь
см͠рьтнимь|см҃рьтнімь
ѿвѣтомь|отвѣтомь
бѫдеть|бѫдеть
начѧло|начѧло
спещихь|спещіхь
хьⷭ҇|хьс
вь|вь
вторѫѫ̇|вторѫѫ
см͠рьть|см҃рьть
к|к
томоу|томоу
не|не
и̇деть|ідеть
нѫ|нѫ
є̇диноѫ̇|едіноѫ
оу̇мрѣть|оумрѣть
кь|кь
семоу|семоу
быⷭ҇|бъіс
бесьмрътень|бесьмрътень
ꙗ̇коже|ꙗкоже
бѣ|бѣ
и̇|і
древле|древле
и̇|і
свѣдѣтельствоує̇ть|свѣдѣтельствоуеть
павель|павель
ѻ̇|о
гл͠ѣ|гл҃ѣ
семь|семь
хьⷭ҇|хьс
вьск͠рсе|вьск҃рсе
и̇ꙁь|ізь
мр͠твыхь|мр҃твъіхь
нѫ|нѫ
и̇|і
є̇ще|еще
не|не
оу̇мрѣть|оумрѣть
сьмрьⷮ҇|сьмрьт
є̇моу|емоу
оу̇же|оуже
не|не
ѻ̇делѣє̇ть|оделѣеть
ѥ̇же|еже
бо|бо
оу̇мрѣть|оумрѣть
грѣхови|грѣхові
оу̇мрѣть|оумрѣть
є̇диноѫ̇|едіноѫ
а̇|а
є̇же|еже
живеть|жіветь
живеть|жіветь
б͠оу|б҃оу
да|да
сьврьшеноє̇|сьврьшеное
вьск͠рениѥ̇|вьск҃реніе
хьⷭ҇|хьс
покажеть|покажеть
прьвоє̇|прьвое
сего|сего
ради|раді
начетьк|начетьк
спещимь|спещімь
хьⷭ҇|хьс
да|да
ѥ̇же|еже
е̇сть|есть
ѡ̇бѣщаль|обѣщаль
рѣчиѫ̇|рѣчіѫ
то|то
те|те
є̇сть|есть
сконьчалъ|сконьчалъ
дѣлы̇|дѣлъі
а̇ще|аще
не|не
не|не
варить|варіть
сꙿмрꙿть|смрть
то|то
не|не
бѫдеть|бѫдеть
вьстаниꙗ|вьстаніꙗ
аще|аще
не|не
бѫдеть|бѫдеть
смр͠ть|смр҃ть
то|то
нⷭ҇ѣ|нсѣ
лъꙁъ|лъзъ
и̇сьцѣлити|ісьцѣліті
и̇|і
хъⷭ҇|хъс
же|же
крⷭ҇томь|крстомь
смр͠ть|смр҃ть
приѫ̇ть|пріѫть
сьи̇|сьі
дш͠евꙿнѫѫ̇|дш҃евнѫѫ
и̇сꙿцѣли|ісцѣлі
ꙗ̇ꙁвѫ|ꙗзвѫ
и̇|і
дш͠егоубꙿце|дш҃егоубце
погоуби|погоубі
бѣсы|бѣсъі
днеⷭ҇|днес
пронорьливамоу|пронорьлівамоу
диꙗ̇волоу|діꙗволоу
ꙁабрала|забрала
раꙁбиѥ̇на|разбіена
сѫть|сѫть
днеⷭ҇|днес
а̇дови|адові
ꙋꙁы|оузъі
раꙁд͠роушишѧ|разд҃роушішѧ
сѧ|сѧ
днеⷭ҇|днес
лѣпо|лѣпо
є̇сть|есть
намь|намь
побѣднноє̇|побѣднное
слово|слово
гл͠ати|гл҃аті
где|где
ти|ті
оу̇бо|оубо
сьмр͠тꙑ|сьмр҃тъі
побѣда|побѣда
геⷣ|гед
ти|ті
а̇де|аде
жѫло|жѫло
днеⷭ҇|днес
смртꙿноє̇|смртное
и̇ме|іме
прѣмѣни|прѣмѣні
г͠ь|г҃ь
не|не
бо|бо
є̇динако|едінако
оу̇мр͠твие̇|оумр҃твіе
сѧ|сѧ
гл͠еть|гл҃еть
нѫ|нѫ
нѫ|нѫ
спаⷭ҇ние̇|спасніе
и̇|і
покои̇|покоі
прѣжде|прѣжде
бо|бо
пришествиꙗ̇|прішествіꙗ
г͠нѣ|г҃нѣ
и̇|і
крⷭ҇тьнаа̇го|крстьнааго
строѥ̇ниꙗ̇|строеніꙗ
и̇|і
само|само
то|то
и̇мѧ|імѧ
смр͠тноє̇|смр҃тное
страшꙿно|страшно
бѣше|бѣше
нь|нь
бо|бо
прьвы|прьвъі
чл͠кь|чл҃кь
быⷭ҇|бъіс
вь|вь
грѣсѣхь|грѣсѣхь
и̇|і
вь|вь
каꙁни|казні
мѣсо҇ⷮ|мѣсот
великⷪѫ̇|велікоѫ
см͠рътию̇|см҃рътію
ѡ̇сѫди|осѫді
слышавь|слъішавь
же|же
дивнаꙗ̇|дівнаꙗ
сы|съі
смртиѫ̇|смртіѫ
оу̇мр͠шии̇|оумр҃шіі
и̇|і
бл͠жены|бл҃женъі
симь|сімь
и̇менемь|іменемь
гл͠а|гл҃а
рекы̇|рекъі
смр͠ть|смр҃ть
мѫжоу|мѫжоу
покои̇|покоі
и̇|і
дв͠дъ|дв҃дъ
гл͠еть|гл҃еть
см͠ть|см҃ть
грѣшникоу̇|грѣшнікоу
люта|люта
не|не
тьчиѫ̇|тьчіѫ
же|же
сьмр͠ть|сьмр҃ть
се|се
ꙁовѣше|зовѣше
ѿрѣшениѥ̇|отрѣшеніе
ѿ|от
пльти|пльті
нѫ|нѫ
и̇|і
а̇дъ|адъ
слыша|слъіша
пррⷪ҇ка|пррока
въпиѫ̇ща|въпіѫща
ꙁинꙋ|зіноу
вь|вь
а̇дъ|адъ
оу̇сты|оустъі
свои̇ми|своімі
а̇|а
патриа̇рхь|патріархь
и̇ꙗ̇ковь|іꙗковь
гл͠еть|гл҃еть
и̇|і
сведе|сведе
старость|старость
моѫ̇|моѫ
сь|сь
печалии̇|печаліі
въ|въ
а꙼дъ|адъ
и̇|і
дв͠дъ|дв҃дъ
гл͠етъ|гл҃етъ
и̇ꙁбави|ізбаві
(мѧ)|мѧ
ѿ|от
а̇да|ада
и̇|і
многащи|многащі
ѻ̇брⱑщеши|обрѧщеші
въ|въ
ветьхь|ветьхь
смр͠ти|смр҃ті
ꙗ̇дъ|ꙗдъ
ѿ|от
сѫдоу|сѫдоу
прѣставлѣє̇мо|прѣставлѣемо
и̇|і
ꙁовомо|зовомо
ꙁане|зане
[и]|і
ꙁа|за
вьсе|вьсе
на|на
трѣбꙋ|трѣбоу
давь|давь
свою̇|свою
пльть|пльть
влкⷣа|влкда
хотѧ|хотѧ
свѣтлѣи̇ше|свѣтлѣіше
въскр͠се(ни)є|въскр҃сеніе
створитии̇|створітіі
ѿврьже|отврьже
же|же
и̇|і
прьваꙗ̇|прьваꙗ
и̇мена|імена
чл͠колюбець|чл҃колюбець
г͠ь|г҃ь
вь|вь
сьмр͠ти|сьмр҃ті
бо|бо
мѣсто|мѣсто
оу̇спениѥ̇|оуспеніе
и̇|і
пооучениѥ̇|пооученіе
гл͠еть|гл҃еть
сѧ|сѧ
ѿсѫдоу|отсѫдоу
прѣминовениє̇|прѣміновеніе
слыши|слъіші
бо|бо
рекѫща|рекѫща
лаꙁарь|лазарь
дроугь|дроугь
нашь|нашь
оу̇спе|оуспе
нѫ|нѫ
и̇дѫ|ідѫ
вьꙁбоудити|вьзбоудіті
є̇го|его
ꙗ̇коже|ꙗкоже
(бо)|бо
намь|намь
вьꙁбоудитии̇|вьзбоудітіі
оу̇сьпьшаго|оусьпьшаго
такожде|такожде
и̇|і
ѡ̇бьщомоу|обьщомоу
влцⷣѣ|влцдѣ
хⷭ҇оу|хсоу
оу̇м͠рьше|оум҃рьше
велиѥ̇мь|веліемь
глаⷭ҇мь|гласмь
и̇|і
повелѣниѥ̇мь|повелѣніемь
вьставити|вьставіті
оу̇добь|оудобь
ꙁане|зане
(ѥ)же|еже
не|не
бѣше|бѣше
и̇|і
ꙁнає̇мо|знаемо
слово|слово
тѡ|то
то|то
тѣмь|тѣмь
оу̇ченици|оученіці
е̇моу|емоу
не|не
раꙁоумѣшѧ|разоумѣшѧ
що|що
и̇ꙁьг͠ла|ізьг҃ла
донъдеже|донъдеже
ѿврьꙁе|отврьзе
и̇мь|імь
ꙩ̇чи|очі
оу̇мнѣи̇|оумнѣі
днеⷭ҇|днес
намъ|намъ
дроуꙁи|дроузі
свѣтлы̇|свѣтлъі
побѣды|побѣдъі
бы̇шѧ|бъішѧ
днеⷭ҇|днес
неприꙗ̇ꙁниное̇|непріꙗзніное
цр͠тво|цр҃тво
раꙁрⷣоуши|разрдоуші
а̇|а
и̇|і
слы̇ши|слъіші
како|како
ти|ті
д͠ваа̇|д҃ваа
и̇|і
дрѣво|дрѣво
и̇|і
смр͠ть|смр҃ть
нашемоу|нашемоу
бышꙋ|бъішоу
падению̇|паденію
приклады|прікладъі
небонь|небонь
дв͠аа̇|дв҃аа
бѣше|бѣше
ѥ̇уга|еуга
є̇динако|едінако
бо|бо
моужа|моужа
не|не
ꙁнаꙗ̇ше|знаꙗше
ѥ̇гда|егда
прѣльстъ|прѣльстъ
приѫ̇ть|пріѫть
а̇|а
дрѣво|дрѣво
бѣше|бѣше
доубъ|доубъ
тьи̇|тьі
а̇|а
смр͠ть|смр҃ть
каꙁнъ|казнъ
а̇дамовии̇|адамовіі
и̇|і
блюди|блюді
пакы̇|пакъі
како|како
ти|ті
на|на
побѣдѫ|побѣдѫ
бышѫ|бъішѫ
тижде|тіжде
прикладии̇|прікладіі
въ|въ
ѥ̇у̇гы|еугъі
мѣсто|мѣсто
мариꙗ̇|маріꙗ
и̇|і
вь|вь
дрѣво|дрѣво
вⷣѣти|вдѣті
добро|добро
и̇|і
ꙁло|зло
дрѣво|дрѣво
кртⷭ҇ьноѥ̇|кртсьное
ꙗ̇коже|ꙗкоже
реⷱ҇|реч
ѥ̇гда|егда
сѧ|сѧ
и̇ꙁнесе|ізнесе
вьсѧ|вьсѧ
привлѣче|прівлѣче
кь|кь
себѣ|себѣ
и̇|і
вь|вь
смр͠ти|смр҃ті
мѣсто|мѣсто
а̇дамовы|адамовъі
смр͠ть|смр҃ть
гн͠ѣ|гн҃ѣ
дрѣвомь|дрѣвомь
потопии|потопіі
чл͠ка|чл҃ка
неприꙗ̇ꙁнь|непріꙗзнь
и̇|і
самь|самь
пакы|пакъі
потоменъ|потоменъ
быⷭ҇|бъіс
и̇|і
дрѣвомь|дрѣвомь
хвⷭ҇омь|хвсомь
поплѣнень|поплѣнень
быⷭ҇|бъіс
по|по
и̇стинѣ|істінѣ
кто|кто
и̇ꙁьгл͠еть|ізьгл҃еть
силы̇|сілъі
гн͠ѫ|гн҃ѫ
слы̇|слъі
вы̇|въі
створить|створіть
въ|въ
вьсѧ|вьсѧ
хвалы̇|хвалъі
е̇го|его
днⷭ҇е|днсе
а̇нг͠ли|анг҃лі
веселѧт|веселѧт
сѧ|сѧ
и̇же|іже
ны̇|нъі
бл͠говѣщениѥ̇|бл҃говѣщеніе
прии̇мѫть|пріімѫть
реⷱ҇|реч
бо|бо
а̇нг͠ль|анг҃ль
кь|кь
нимь|німь
що|що
и̇щете|іщете
живаго|жіваго
сꙿмр͠ътвы̇ми|смр҃ътвъімі
присно|прісно
бо|бо
животь|жівоть
ѥсть|есть
б͠жє|б҃же
слоⷡ҇|слов
да|да
ѥ̇льмаже|ельмаже
ѡ̇|о
є̇диномь|едіномь
грѣшꙿницѣ|грѣшніцѣ
каѫ̇щимь|каѫщімь
сѧ|сѧ
радость|радость
на|на
нбⷭ҇и|нбсі
и̇|і
на|на
ꙁеми|земі
бы̇ваѥ̇ть|бъіваеть
велъми|велъмі
паче|паче
бѫⷣть|бѫдть
ѻ̇|о
сп͠сѣ|сп҃сѣ
въсего|въсего
мира|міра
днⷭ҇е|днсе
чл͠вчьско(є̇)|чл҃вчьское
ѥⷭ҇ство|есство
ѿ|от
проваго|проваго
и̇стрꙿгꙿи̇|істргі
свободи|свободі
начѧтокь|начѧтокь
хьⷭ҇|хьс
б͠ь|б҃ь
нашь|нашь
е̇гда|егда
помы̇слꙋ|помъіслоу
виждꙋ|віждоу
врьхь|врьхь
свои̇|своі
рекьша|рекьша
пльⷮ҇|пльт
тако|тако
сьдѣлавшѫѫ̇|сьдѣлавшѫѫ
сьмрти|сьмрті
и̇спльнишѧ|іспльнішѧ
сѧ|сѧ
радости|радості
и̇|і
сладости|сладості
и̇|і
въꙁьпи|възьпі
рекѫщи|рекѫщі
г͠ь|г҃ь
вьцр͠и|вьцр҃і
сѧ|сѧ
и̇|і
доброѥ̇|доброе
лѣпотоє|лѣпотое
ѻ̇дѣꙗ̇|одѣꙗ
сѧ|сѧ
и̇|і
сего|сего
радии̇|радіі
не|не
стидить|стідіть
се|се
небес͠ниѥ|небес҃ніе
силы̇|сілъі
и̇|і
самь|самь
влкⷣа|влкда
хьⷭ҇|хьс
не|не
сты̇ди|стъіді
сѧ|сѧ
с|с
нами|намі
праꙁникы|празнікъі
творѧ|творѧ
слышахꙋ|слъішахоу
бо|бо
є̇го|его
гл͠ѧща|гл҃ѧща
желаниє̇мь|желаніемь
въсхотѣхѫ|въсхотѣхѫ
сиѫ̇|сіѫ
паскѫ|паскѫ
ꙗ̇сти|ꙗсті
сь|сь
вами|вамі
да|да
е̇гаⷣ|егад
видиши|відіші
дроуже|дроуже
нетьчию|нетьчію
а̇нгл͠ьскыѫ|англ҃ьскъіѫ
силы|сілъі
нѫ|нѫ
самого|самого
г͠а|г҃а
праꙁноуѫ̇ща|празноуѫща
с|с
тобоѫ̇|тобоѫ
то|то
како|како
ти|ті
є̇сть|есть
радость|радость
трѣбѣ|трѣбѣ
и̇на|іна
ѻ̇|о
дн͠ю|дн҃ю
великы|велікъі
въсѣхь|въсѣхь
дн͠и|дн҃і
дн͠ю|дн҃ю
великь|велікь
бо|бо
є̇си|есі
понеже|понеже
те|те
слн͠це|слн҃це
праведноє̇|праведное
ѻ̇с͠ве|ос҃ве
ти|ті
ѻ̇|о
дн͠ю|дн҃ю
и̇же|іже
мракь|мракь
жидовьска|жідовьска
сьньма|сьньма
ѿврьже|отврьже
а̇|а
свѣть|свѣть
вѣрꙿны̇мь|вѣрнъімь
покаꙁа|показа
ѻ̇|о
дн͠ю|дн҃ю
великы|велікъі
и̇же|іже
тьмѫ|тьмѫ
и̇|і
свѣдѣниꙗ̇|свѣдѣніꙗ
раꙁьгна|разьгна
а̇|а
свѣть|свѣть
вѣдѣꙗ̇нию̇|вѣдѣꙗнію
ꙗ̇ви|ꙗві
кто|кто
то|то
оу̇бо|оубо
цѣлюе̇ть|цѣлюеть
кто|кто
ли|лі
не|не
раⷣоуе̇ть|радоуеть
сѧ|сѧ
припади|пріпаді
кь|кь
въстанꙿномоу|въстанномоу
семꙋ|семоу
дн͠и|дн҃і
нѫ|нѫ
ꙗ̇коже|ꙗкоже
ѥ̇҇|е
повелѣно|повелѣно
ны|нъі
братие̇|братіе
такоже|такоже
сѧ|сѧ
и̇|і
раⷣоує̇мь|радоуемь
вꙿ|в
нъ|нъ
и̇|і
веселимь|веселімь
сѧ|сѧ
не|не
пиꙗ̇ньствини|піꙗньствіні
и̇|і
грьми|грьмі
неприꙗ̇ꙁниными|непріꙗзнінъімі
нѫ|нѫ
дх͠овны̇ми|дх҃овнъімі
радостьми|радостьмі
раⷣоуе̇ми|радоуемі
сⱑ|сѧ
не|не
бо|бо
ꙗ̇ко|ꙗко
корабль|корабль
единого|едіного
нога|нога
сьхрани|сьхрані
нѫ|нѫ
и̇же|іже
ꙩ̇|о
д͠вы|д҃въі
мариѩ̇|маріѧ
хьⷭ҇|хьс
б͠ь|б҃ь
сп͠саѥ̇ть|сп҃саеть
весь|весь
мирь|мірь
и̇|і
ѡ̇свѧщаѥ̇ть|освѧщаеть
раⷣоує̇мь|радоуемь
сѧ|сѧ
и̇|і
веⷭ҇лимь|веслімь
сѧ|сѧ
сь|сь
бо|бо
ни|ні
е̇сть|есть
вь|вь
начело|начело
творѧ|творѧ
хьⷭ҇|хьс
г͠ь|г҃ь
твари|тварі
сеѫ̇|сеѫ
прьвы|прьвъі
створыль|створъіль
є̇|е
вь|вь
седьмы|седьмъі
дн͠ь|дн҃ь
и̇|і
вь|вь
тьмѫ|тьмѫ
прѣстьпльшимь|прѣстьпльшімь
члв͠комь|члв҃комь
мⷧ҇остивы|млостівъі
влкⷣа|влкда
своє̇ѫ̇|своеѫ
пакы̇|пакъі
крьвнѫ̇|крьвнѫ
ѻ̇бновивь|обновівь
и̇|і
ѻ̇свⱑти|освѧті
днеⷭ҇|днес
да|да
веⷭ҇лоує̇мь|веслоуемь
сѧ|сѧ
братиє̇|братіе
и̇|і
раⷣоує̇мь|радоуемь
сѧ|сѧ
вь|вь
сеи̇|сеі
дн͠ъ|дн҃ъ
е̇же|еже
створи|створі
г͠ь|г҃ь
мы|мъі
сѧ|сѧ
раⷣоує̇мь|радоуемь
а̇|а
жидове|жідове
скрьбѧть|скрьбѧть
не|не
послоушавꙿше|послоушавше
дв͠да|дв҃да
пррⷪ҇ка|пррока
и̇ꙁдавна|іздавна
вьпиѫ̇ща|вьпіѫща
ꙩ̇|о
беꙁьи̇стлѣнꙿнѣ|безьістлѣннѣ
хв͠ѣ|хв҃ѣ
вꙿсꙿкрьсени|вскрьсені
и̇|і
гл͠ѧща|гл҃ѧща
кь|кь
б͠оу|б҃оу
ꙗ̇ко|ꙗко
ѿ|от
лица|ліца
хвⷭ҇а|хвса
ꙗ̇ко|ꙗко
нє|не
ѻ̇ставиши|оставіші
дш͠ѫ|дш҃ѫ
ми|мі
вь|вь
адѣ|адѣ
ни|ні
даси|дасі
же|же
прѣпоⷣбномоу|прѣподбномоу
видѣти|відѣті
и̇стлѣниꙗ̇|істлѣніꙗ
гл͠и|гл҃і
жидовине|жідовіне
а̇ще|аще
є̇сть|есть
кто|кто
и̇нь|інь
вьсталъ|вьсталъ
и̇ꙁь|ізь
мр͠твы̇хь|мр҃твъіхь
покажи̇|покажі
да|да
вѣроуѫ̇|вѣроуѫ
ти|ті
а̇ще|аще
ли|лі
никтоже|ніктоже
раꙁвѣ|развѣ
влкⷣкы|влкдкъі
хаⷭ҇|хас
сьи̇|сьі
бо|бо
[и̇]ꙁь|ізь
давныⷯ҇|давнъіх
лⷮ҇ѣ|лтѣ
въпиє̇ть|въпіеть
кь|кь
пррⷪ҇комь|пррокомь
страны̇мь|странъімь
людеⷨ҇|людем
рекь|рекь
ѻжидаи̇те|ожідаіте
мене|мене
вь|вь
дн͠ъ|дн҃ъ
вьстаниꙗ̇|вьстаніꙗ
моє̇го|моего
гл͠еть|гл҃еть
г͠ь|г҃ь
и̇мьже|імьже
сꙋдь|соудь
мои̇|моі
на|на
сьборь|сьборь
странꙿны̇хь|страннъіхь
бѫдеть|бѫдеть
чемоу|чемоу
оу̇бо|оубо
не|не
придеши|прідеші
и̇|і
притечеши|прітечеші
нѫ|нѫ
бѣжиши|бѣжіші
оу̇не|оуне
бо|бо
ти|ті
ѥ̇сть|есть
ꙃѣло|зѣло
н͠нѣ|н҃нѣ
самомоу|самомоу
тебѣ|тебѣ
своє̇ю|своею
волею̇|волею
добро|добро
иꙁъбравьшоу|ізъбравьшоу
и̇|і
сп͠сти|сп҃сті
сѧ|сѧ
и̇ли|ілі
тогда|тогда
не|не
хотѧщоу|хотѧщоу
ти|ті
и̇|і
видѣти|відѣті
и̇маще|імаще
ѥ̇гоже|егоже
ѥ̇си|есі
проболь|проболь
и̇бо|ібо
сѫдъ|сѫдъ
приѫ̇ти|пріѫті
съи̇|съі
дн͠ъ|дн҃ъ
сп͠сению̇|сп҃сенію
гредеть|гредеть
и̇|і
ѡ̇сѫжеⷣнию̇|осѫжеднію
сеи̇|сеі
дн͠ь|дн҃ь
ѥ̇сть|есть
створилъ|створілъ
г͠ь|г҃ь
раⷣоує̇мь|радоуемь
сѧ|сѧ
и̇|і
веⷭ҇лимь|веслімь
сѧ|сѧ
въ|въ
нь|нь
и̇|і
вы̇нѫ|въінѫ
сѧ|сѧ
раⷣоуѥ̇мь|радоуемь
а̇|а
фарисеи̇є̇|фарісеіе
печалъни|печалъні
сѧть|сѧть
почто|почто
и̇мьже|імьже
не|не
послоушашѧ|послоушашѧ
патриа̇рꙿха|патріарха
и̇ꙗ̇кова|іꙗкова
и̇ꙁаⷣвна|ізадвна
вьпиѫ̇ща|вьпіѫща
ѻ̇|о
гн͠и|гн҃і
вьск͠рсении̇|вьск҃рсеніі
и̇|і
рекѫща|рекѫща
сице|сіце
вьꙁлегы̇|вьзлегъі
поспа|поспа
ꙗ̇ко|ꙗко
и̇|і
львь|львь
и̇|і
виждь|віждь
кто|кто
и̇|і
въꙁбоудить|възбоудіть
что|что
ми|мі
слышꙵ|слъіш
жидовине|жідовіне
покажиⷨ|покажім
етера|етера
ц͠рьскы|ц҃рьскъі
въск͠рсьша|въск҃рсьша
по|по
поⷣбьствоу|подбьствоу
ль(в͠о)воу|льв҃овоу
да|да
ти|ті
вѣроує̇мь|вѣроуемь
ѥ̇же|еже
ны̇|нъі
г͠лете|г҃лете
а̇ще|аще
ли|лі
нⷭ҇ѣ|нсѣ
того|того
раꙁвѣ|развѣ
влвⷣкы̇|влвдкъі
хаⷭ҇|хас
и̇же|іже
ꙗ̇ко|ꙗко
и̇|і
львь|львь
поспавь|поспавь
тридн͠евно|трідн҃евно
и̇|і
ꙗ̇ко|ꙗко
и̇|і
скимень|скімень
вьста|вьста
и̇|і
чемоу|чемоу
не|не
вѣроує̇ши|вѣроуеші
вьставꙿшомоу|вьставшомоу
скажѫ|скажѫ
же|же
ти|ті
почто|почто
ѥⷭ҇|ес
по|по
поⷣбьствꙋ|подбьствоу
львовоу|львовоу
вьсталъ|вьсталъ
ꙗ̇коже|ꙗкоже
бо|бо
львъ|львъ
вь|вь
свои̇|своі
пещерѣ|пещерѣ
спе|спе
ѿврьстѣ|отврьстѣ
и̇мать|імать
ꙩ̇чи|очі
тѣмьжде|тѣмьжде
ѡ̇браꙁомь|образомь
и̇|і
влкⷣа|влкда
хъⷭ҇|хъс
спѧ|спѧ
вь|вь
гробѣ|гробѣ
и̇|і
бж͠естьвьноу|бж҃естьвьноу
не|не
смѣживь|смѣжівь
ꙩ̇ч͠ию̇|оч҃ію
и̇|і
вьставь|вьставь
и̇ꙁь|ізь
мр͠твыхь|мр҃твъіхь
пльтиѫ̇|пльтіѫ
беꙁь|безь
стле|стле
и̇|і
неи̇стлѣниє̇|неістлѣніе
пльⷮ҇ны̇мь|пльтнъімь
дасть|дасть
сеи̇|сеі
е̇сть|есть
дн͠ь|дн҃ь
ѥ̇же|еже
створи|створі
г͠ь|г҃ь
раⷣоує̇мь|радоуемь
сѧ|сѧ
въ|въ
нь|нь
и̇|і
веселимꙿ|веселім
се|се
сие̇|сіе
бо|бо
радости|радості
доꙁре|дозре
дв͠дь|дв҃дь
пррⷪ҇чьскыма|пррочьскъіма
ѡ̇чима|очіма
гл͠аше|гл҃аше
рекы|рекъі
вьси|вьсі
ѫ̇ꙁыци|ѫзъіці
вьсплещѣте|вьсплещѣте
рѫкама|рѫкама
и̇мьже|імьже
оу̇даливꙿше|оудалівше
сⱑ|сѧ
и̇|і
блиꙁь|блізь
бышѧ|бъішѧ
и̇|і
вьси|вьсі
еꙁыци|езъіці
вьсплещате|вьсплещате
рѫкама|рѫкама
понеже|понеже
гн͠ею̇|гн҃ею
крьвию|крьвію
и̇скоуплени|іскоуплені
бысте|бъісте
и̇|і
попрасте|попрасте
дрьжавѫ|дрьжавѫ
сꙿмр͠ти|смр҃ті
оу̇бѣлим|оубѣлім
сѧ|сѧ
братиѥ̇|братіе
дѣлы|дѣлъі
добрими|добрімі
и̇|і
бѫдѣмь|бѫдѣмь
ꙗ̇ко|ꙗко
и̇|і
свѣть|свѣть
слышахомь|слъішахомь
вь|вь
сиѫ̇|сіѫ
нощь|нощь
ѥ̇уⷢ҇листа|еугліста
глѧща|глѧща
вь|вь
веⷱ҇рь|вечрь
соуботꙿны|соуботнъі
и̇же|іже
тꙿмѣ|тмѣ
поꙁⷣѣ|поздѣ
ꙃѣло|зѣло
нощиѩ̇|нощіѧ
вь|вь
свитаю̇щаго|світающаго
прьваго|прьваго
вь|вь
сѫботахь|сѫботахь
приде|пріде
мариꙗ̇|маріꙗ
магдалини|магдаліні
и̇|і
дроугаꙗ̇|дроугаꙗ
мариꙗ̇|маріꙗ
видѣти|відѣті
гроба|гроба
гн͠ѣ|гн҃ѣ
і̇свⷭ҇а|ісвса
се|се
же|же
трѫсь|трѫсь
с|с
нбеⷭ҇|нбес
великь|велікь
а꙼нгл͠ь|англ҃ь
сьшедъ|сьшедъ
с|с
нбеⷭ҇|нбес
и̇|і
ѿвали|отвалі
камень|камень
и̇|і
сѣдѣше|сѣдѣше
на|на
немь|немь
бѣше|бѣше
же|же
видѣниѥ̇|відѣніе
є̇го|его
ꙗ̇ко|ꙗко
и̇|і
мльнии̇|мльніі
и̇|і
ꙩ̇дежаⷣ|одежад
є̇го|его
бѣла|бѣла
ꙗ̇ко|ꙗко
и̇|і
свѣть|свѣть
да|да
(и̇)|і
мы|мъі
се|се
оу̇бѣлимь|оубѣлімь
добротами|добротамі
по|по
и̇стинѣ|істінѣ
се|се
е̇сть|есть
дн͠ь|дн҃ь
и̇же|іже
тⷭ҇вори|тсворі
г͠ь|г҃ь
раⷣоуѥ̇м|радоуем
сѧ|сѧ
и̇|і
веселим|веселім
сѧ|сѧ
вь|вь
нь|нь
не|не
вѣдѣ|вѣдѣ
како|како
и̇сповѣдати|ісповѣдаті
недовѣдомоѥ̇|недовѣдомое
не|не
вѣдѣ|вѣдѣ
како|како
саⷦ҇ꙁати|сакзаті
гн͠ѣ|гн҃ѣ
вьск͠рсениꙗ̇|вьск҃рсеніꙗ
таи̇нѫ|таінѫ
и̇|і
гробь|гробь
ѥ̇сть|есть
хаⷭ҇|хас
влⷣкы|влдкъі
таи̇на|таіна
и̇|і
вьсаⷮ҇ниѥ̇|вьсатніе
ѥ̇го|его
таи̇на|таіна
и̇|і
вьсе|вьсе
спⷭ҇сово|спссово
таи̇на|таіна
сьмотри|сьмотрі
же|же
ꙗ̇коже|ꙗкоже
роди|роді
се|се
и̇|і
ꙁаклоученꙿны̇мь|заклоученнъімь
дв͠естьвны̇мь|дв҃естьвнъімь
дꙿвереⷨ҇|дверем
вьшель|вьшель
ѥ̇си|есі
такожеⷣ|такожед
и̇|і
и̇ꙁꙿ|із
гроба|гроба
и̇ꙃыде|ізъіде
и̇ꙁь|ізь
ꙁапечатлѣнꙿна|запечатлѣнна
и̇|і
ꙗ̇коже|ꙗкоже
быⷭ҇|бъіс
и̇ꙁь|ізь
матере|матере
прѣвѣчꙿны̇|прѣвѣчнъі
и̇|і
ѥ̇диночѧды|едіночѧдъі
такожде|такожде
быⷭ҇|бъіс
пръвенець|пръвенець
и̇ꙁь|ізь
мр͠твыⷯ҇|мр҃твъіх
г͠ь|г҃ь
и̇|і
сьмр͠ти|сьмр҃ті
ѥ̇моу|емоу
подобе|подобе
се|се
и̇сакь|ісакь
ꙗ̇влѣє̇ть|ꙗвлѣеть
и̇ѡ̇на|іона
тридн͠евноѥ̇|трідн҃евное
емоу|емоу
бытиѥ̇|бъітіе
вь|вь
ꙁемли|землі
а̇враа̇мь|авраамь
бо|бо
великы̇|велікъі
патриꙗ̇рьхь|патріꙗрьхь
и̇сака|ісака
въꙁде|възде
и̇|і
на|на
трѣбѫ|трѣбѫ
положи|положі
и̇же|іже
ѿ|от
ѻ̇бѣтовани̇ꙗ̇|обѣтованіꙗ
и̇|і
вь|вь
ньже|ньже
ѡ̇бѣть|обѣть
гн͠е|гн҃е
ꙗ̇вѣ|ꙗвѣ
ꙁаколениѥ̇|заколеніе
проꙗ̇влѣше|проꙗвлѣше
сеⷢ|сег
ⷪ|о
исака|ісака
жива|жіва
пакы|пакъі
ѡ̇ц͠ь|оц҃ь
ѿ|от
б͠а|б҃а
приѫ̇ть|пріѫть
ѻ̇вень|овень
бо|бо
вь|вь
него|него
мѣсто|мѣсто
привеꙁань|прівезань
ꙁа|за
рога|рога
при|прі
садоу|садоу
савековѣ|савековѣ
и̇же|іже
ѥ̇сть|есть
ѻ̇ставлениѥ̇|оставленіе
быⷭ҇|бъіс
же|же
ꙁаколениє̇|заколеніе
и̇|і
быⷭ҇|бъіс
соугоубо|соугоубо
ѻ̇боє̇|обое
се|се
ѻ̇вꙿна|овна
же|же
рекѫ|рекѫ
и̇сака|ісака
є̇же|еже
ѥⷭ҇|ес
таи̇на|таіна
хвⷭ҇а|хвса
соугоубо|соугоубо
и̇|і
хьⷭ҇|хьс
є̇сть|есть
сложень|сложень
б͠ь|б҃ь
сыи|съіі
самь|самь
и̇|і
чл͠ка|чл҃ка
ꙗ̇коже|ꙗкоже
сьи̇|сьі
естьствомь|естьствомь
сн͠ь|сн҃ь
бж͠і|бж҃і
ѥⷭ҇|ес
и̇|і
б͠ь|б҃ь
беꙁь|безь
ꙁаколениꙗ̇|заколеніꙗ
прѣбыⷭ҇|прѣбъіс
ꙗ̇коже|ꙗкоже
чл͠кь|чл҃кь
сьи̇|сьі
и̇|і
вы̇ше|въіше
чл͠вѣкь|чл҃вѣкь
б͠ь|б҃ь
ꙁа|за
мирь|мірь
весь|весь
самь|самь
сѧ|сѧ
на|на
ꙁаколениє̇|заколеніе
трѣбноє̇|трѣбное
къ|къ
садꙋ|садоу
савековꙋ|савековоу
ѻ̇ц͠оу|оц҃оу
сѧ|сѧ
привеⷣ|прівед
ѥ̇же|еже
ѥⷭ҇|ес
кь|кь
дрѣвоу|дрѣвоу
ѻ̇ставлениꙗ̇|оставленіꙗ
савекь|савекь
бо|бо
жидовъскы̇и̇|жідовъскъіі
ѡ̇ставеⷧ҇ниѥ̇|оставелніе
скаꙁаѥ̇ть|сказаеть
сѧ|сѧ
самь|самь
бо|бо
б͠ь|б҃ь
ѡ̇браꙁь|образь
свои̇|своі
приꙁва|прізва
рекы̇|рекъі
ꙗ̇коже|ꙗкоже
бо|бо
и̇ѻ̇на|іона
створи|створі
вь|вь
чрѣвѣ|чрѣвѣ
китѡвѣ|кітовѣ
.г͠.|г҃
дн͠и|дн҃і
и̇|і
.г͠.|г҃
нощи|нощі
нѫ|нѫ
реⷱ҇ть|речть
є̇терь|етерь
ѥ̇льмаже|ельмаже
ѥⷭ҇|ес
вь|вь
.ꙅ͠.|з҃
и̇|і
дн͠ь|дн҃ь
самохѻтьнѫѩ̇|самохотьнѫѧ
сꙿм͠рьть|см҃рьть
приѫ̇ль|пріѫль
и̇|і
вьсталь|вьсталь
же|же
ѥ̇сть|есть
вь|вь
прьвы̇|прьвъі
дн͠ь|дн҃ь
сѫботамь|сѫботамь
то|то
како|како
сѧ|сѧ
сьбѫдѫть|сьбѫдѫть
триє̇|тріе
дн͠ы|дн҃ъі
и̇|і
три|трі
нощи|нощі
и̇|і
вь|вь
срцⷣи|срцді
ꙁемнѣмь|земнѣмь
быⷭ҇|бъіс
хьⷭ҇|хьс
а꙼ꙁь|азь
ти|ті
скажѫ|скажѫ
гл͠еть|гл҃еть
кь|кь
намь|намь
великы|велікъі
мои̇сии̇|моісіі
ꙗ̇ко|ꙗко
б͠ь|б҃ь
свѣть|свѣть
нареⷱ҇|нареч
дн͠ь|дн҃ь
а꙼|а
тьмѧ|тьмѧ
нарече|нарече
нощь|нощь
и̇|і
распѧтꙋ|распѧтоу
бы̇вшоу|бъівшоу
хⷭ҇оу|хсоу
на|на
прѣчтⷭ҇ѣмь|прѣчтсѣмь
кртⷭ҇ѣ|кртсѣ
и|і
тьма|тьма
по|по
вьсемоу|вьсемоу
мироу|міроу
быⷭ҇|бъіс
и̇|і
гл͠ѧть|гл҃ѧть
пррⷪ҇ци|прроці
ꙩ̇|о
сеи̇|сеі
тьмѣ|тьмѣ
ѡ̇вь|овь
рекы|рекъі
ꙁаи̇де|заіде
сл͠це|сл҃це
вь|вь
пладн͠е|пладн҃е
и̇|і
ѻ̇мрачи|омрачі
сѧ|сѧ
дн͠иѫ̇|дн҃іѫ
свѣть|свѣть
а̇|а
дроугы|дроугъі
пакы|пакъі
вь|вь
тьи̇|тьі
дн͠ь|дн҃ь
не|не
бѫдеть|бѫдеть
свѣть|свѣть
и̇нь|інь
дн͠ь|дн҃ь
и̇на|іна
нощь|нощь
и̇|і
кь|кь
веⷱ҇роу|вечроу
бѫдеть|бѫдеть
свⷮѣ|свтѣ
вь|вь
ѻ̇мрачениє̇|омраченіе
се|се
оу̇бо|оубо
прѣст͠аꙗ̇|прѣст҃аꙗ
гн͠ѣ|гн҃ѣ
дш͠а|дш҃а
чистаа꙼го|чістааго
тѣла|тѣла
и̇|і
животворѧщаго|жівотворѧщаго
ѿлѫчивьши|отлѫчівьші
сѧ|сѧ
и̇|і
въ|въ
срцⷣе|срцде
ꙁемли|землі
вьниде|вьніде
и̇же|іже
въ|въ
нощь|нощь
сѧ|сѧ
вьчитае̇ть|вьчітаеть
таче|таче
по|по
тьмѣ|тьмѣ
тои̇|тоі
дн͠ь|дн҃ь
сѧ|сѧ
пакы̇|пакъі
творцемь|творцемь
сьтвории̇|сьтворіі
и̇|і
слн͠цоу|слн҃цоу
вьсиꙗ̇вьшоу|вьсіꙗвьшоу
ꙁане|зане
кь|кь
веⷱ҇роу|вечроу
свѣтоу|свѣтоу
бытии̇|бъітіі
прореⷱ҇|прореч
пррⷪ҇кь|пррокь
таче|таче
прѣжде|прѣжде
сѫботы̇|сѫботъі
нощь|нощь
таче|таче
сѫботень|сѫботень
дн͠ь|дн҃ь
таче|таче
прѣжде|прѣжде
недѣлѫ|недѣлѫ
нощь|нощь
таче|таче
самь|самь
ть|ть
и̇|і
дн͠ъ|дн҃ъ
г͠ьскы̇и̇|г҃ьскъіі
рекьше|рекьше
недѣлны̇|недѣлнъі
свѣтоносивы̇|свѣтоносівъі
и̇|і
свѣтлы̇|свѣтлъі
вь|вь
ньже|ньже
слн͠чноѥ̇|слн҃чное
сл͠ньце|сл҃ньце
и̇|і
неꙁаи̇дꙿны|незаіднъі
свѣть|свѣть
пльтиѫ̇|пльтіѫ
и̇ꙁь|ізь
гроба|гроба
и̇ꙁы̇де|ізъіде
ꙗ̇ко|ꙗко
и̇ꙁь|ізь
ꙁемлѧ|землѧ
слн͠це|слн҃це
и̇|і
простерь|простерь
лоучⱑ|лоучѧ
вьск͠рсениꙗ̇|вьск҃рсеніꙗ
по|по
вьсемоу|вьсемоу
мироу|міроу
конець|конець
бо|бо
сѫботамь|сѫботамь
начѧло|начѧло
прьвомоу|прьвомоу
въ|въ
сѫботахь|сѫботахь
бѫдеть|бѫдеть
є̇же|еже
е̇сть|есть
недѣлѣ|недѣлѣ
не|не
оу̇же|оуже
ли|лі
и̇маши|імаші
.г͠.|г҃
дн͠ии̇|дн҃іі
скаꙁаниѥ̇|сказаніе
нѫ|нѫ
пакы̇|пакъі
вьꙁꙿвратимь|вьзвратімь
сѧ|сѧ
и̇сповѣдати|ісповѣдаті
гн͠ѫ|гн҃ѫ
мⷧ҇ость|млость
и̇|і
да|да
рекѫть|рекѫть
и̇ꙁбавлени|ізбавлені
гм͠ь|гм҃ь
ѫ̇же|ѫже
и̇ꙁбави|ізбаві
и̇ꙁь|ізь
рѫкоу|рѫкоу
сотониноу|сотоніноу
и̇|і
чтоже|чтоже
рекѫть|рекѫть
сѣть|сѣть
сѣть|сѣть
ськроуши|ськроуші
сѧ|сѧ
а꙼|а
ми|мі
понесохомь|понесохомь
да|да
рекѫть|рекѫть
ниꙁь|нізь
дрьжани|дрьжані
хьⷭ҇|хьс
ны̇|нъі
ѥ̇сть|есть
и̇скоупиль|іскоупіль
ѿ|от
клѫтвы|клѫтвъі
ꙁаконꙿныѫ̇|законнъіѫ
и̇|і
да|да
рекѫть|рекѫть
и̇ꙁьбавлени|ізьбавлені
гм͠ь|гм҃ь
чтоже|чтоже
и̇мь|імь
є̇сть|есть
рещи|рещі
млтⷭ҇ивоѫ̇|млтсівоѫ
г͠и|г҃і
вь|вь
вѣкы|вѣкъі
вьспоѫ̇|вьспоѫ
нѫ|нѫ
ѻ̇вь|овь
великь|велікь
дн͠ь|дн҃ь
великь|велікь
дроуꙁи|дроузі
вь|вь
сь|сь
бо|бо
дн͠ь|дн҃ь
милоⷭ҇твыи̇|мілоствъіі
г͠ь|г҃ь
ꙗ̇ви|ꙗві
сѧ|сѧ
намь|намь
оу̇богымь|оубогъімь
ѻ̇|о
дн͠ю|дн҃ю
великы̇|велікъі
и̇|і
паскⷶ|паска
чистаꙗ̇|чістаꙗ
и̇|і
чтⷭ҇наꙗ̇|чтснаꙗ
и̇|і
въсего|въсего
мира|міра
чистителю|чістітелю
не|не
льꙃѣ|льзѣ
братиꙗ̇|братіꙗ
приѫ̇ти|пріѫті
велиꙗ̇|веліꙗ
глаⷭ҇|глас
ꙗ̇ко|ꙗко
и̇|і
громь|громь
ти|ті
потꙋтнатии̇|потоутнатіі
и̇|і
поꙁьвнѣти|позьвнѣті
по|по
всемоу|всемоу
мироу|міроу
вь|вь
дн͠ь|дн҃ь
сьи̇|сьі
веселѫще|веселѫще
сѧ|сѧ
ѻ̇|о
вьсѣхь|вьсѣхь
праꙁникоу|празнікоу
праꙁниче|празніче
и̇|і
ц͠роу|ц҃роу
ꙗ̇кожⷷ|ꙗкоже
и̇|і
кь|кь
дш͠евномоу|дш҃евномоу
кꙿ|к
тебѣ|тебѣ
бєсѣдоуѫ̇|бесѣдоуѫ
тобоѫ̇|тобоѫ
вь|вь
животь|жівоть
и̇ꙁведени|ізведені
быхомь|бъіхомь
тебе|тебе
радьма|радьма
вск͠рсениѥ̇|вск҃рсеніе
се|се
днеⷭ҇|днес
праꙁⷣньствоує̇мь|праздньствоуемь
не|не
надѣѫ̇ще|надѣѫще
се|се
є̇динако|едінако
нь|нь
оу̇же|оуже
прѣѥ̇мьше|прѣемьше
и̇|і
мирь|мірь
весь|весь
виⷣмь|відмь
к|к
тебѣ|тебѣ
борѧщи|борѧщі
сѧ|сѧ
тебе|тебе
дѣльма|дѣльма
и̇|і
ми|мі
ꙁемнии̇|земніі
на|на
нбаⷭ҇|нбас
вьꙁнесохомь|вьзнесохомь
сѧ|сѧ
тебе|тебе
ради|раді
и̇|і
вь|вь
прьвы̇|прьвъі
сань|сань
вьꙁыдохомь|вьзъідохомь
и̇|і
на|на
прьвоѥ̇|прьвое
доⷭ҇и̇ньство|досіньство
и̇|і
славѫ|славѫ
млрⷭ҇ьⷣноѫ̇|млрсьдноѫ
млⷭ҇тиѫ̇|млстіѫ
б͠а|б҃а
ѻ̇ц͠а|оц҃а
нашего|нашего
и̇|і
не|не
хотѧща|хотѧща
погоубити|погоубіті
толика|толіка
дѣла|дѣла
рѫкоу|рѫкоу
свое̇ю̇|своею
се|се
члв͠ка|члв҃ка
рекѫ|рекѫ
ти|ті
таковь|таковь
ти|ті
праꙁнⷣикь|празндікь
праꙁнⷣоує̇мь|празндоуемь
днеⷭ҇|днес
тако|тако
ти|ті
є̇сть|есть
паскы|паскъі
сиѫ̇|сіѫ
таи̇на|таіна
сеи̇|сеі
е̇сть|есть
и̇|і
номось|номось
писаль|пісаль
ѥ̇же|еже
е̇сть|есть
ꙁаконь|законь
сеи̇|сеі
е̇сть|есть
и̇хь|іхь
ѡ̇правдаль|оправдаль
писанию̇|пісанію
раꙁрⷣоушьникь|разрдоушьнікь
и̇|і
сьврьшеникь|сьврьшенікь
дх͠овны̇|дх҃овнъі
ѻ̇|о
великаа̇|велікаа
паско|паско
слово|слово
ст͠ыѫ̇|ст҃ъіѫ
трои̇цѫ|троіцѫ
нѫ|нѫ
ты|тъі
великы̇|велікъі
цр͠ю|цр҃ю
нбнⷭ҇ы̇|нбнсъі
сѣдѫи̇|сѣдѫі
на|на
хероувимѣ|хероувімѣ
и̇же|іже
беспльтны̇мь|беспльтнъімь
слꙵамь|сламь
є̇си|есі
г͠ь|г҃ь
ѥ̇мꙋже|емоуже
и̇|і
прѣстоѫ̇ть|прѣстоѫть
тьми|тьмі
тьмами|тьмамі
а꙼нгл͠ь|англ҃ь
и̇|і
ты̇сѫща|тъісѫща
тысѫщами|тъісѫщамі
слоужѧть|слоужѧть
а̇рха꙼нꙿгл͠ы|архангл҃ъі
и̇|і
чл͠вчьство|чл҃вчьство
бл͠годѣтию|бл҃годѣтію
своє̇ю|своею
стои̇ши|стоіші
и̇же|іже
днеⷭ҇|днес
вєсь|весь
ликь|лікь
и̇|і
сию|сію
нощь|нощь
чтⷭ҇ьнѫѫ̇|чтсьнѫѫ
и̇|і
чистꙋю|чістоую
єже|еже
є̇си|есі
даль|даль
намь|намь
и̇|і
юже|юже
ны̇|нъі
доⷭ҇и̇ни|досіні
сꙿтвориль|створіль
ѥ̇си|есі
въсего|въсего
бл͠годѣниꙗ̇|бл҃годѣніꙗ
и̇|і
насы̇ти|насъіті
ни|ні
вьсего|вьсего
добра|добра
нн͠ѣ|нн҃ѣ
помл͠оуи̇|помл҃оуі
ны̇|нъі
ꙗ̇коже|ꙗкоже
и̇|і
блѫдницѫ|блѫдніцѫ
помилова|помілова
и̇|і
оу̇щедри|оущедрі
своє̇|свое
м͠лосрⷣьствиѥ̇|м҃лосрдьствіе
на|на
наⷭ҇|нас
ꙗ̇коже|ꙗкоже
кь|кь
хананеи̇|хананеі
не|не
ѿжени|отжені
наⷭ҇|нас
а꙼ще|аще
оупваѫ̇ще|оупваѫще
твои̇мь|твоімь
чл͠колюбиє̇мь|чл҃колюбіемь
и̇|і
дрьꙁаниѥ̇мь|дрьзаніемь
роукама|роукама
грѣшнима|грѣшніма
хотѧще|хотѧще
вьꙁети|вьзеті
ст͠ѫѫ̇|ст҃ѫѫ
пльⷮ҇|пльт
ꙗ̇кⷪже|ꙗкоже
и̇|і
ѻ̇нѫ|онѫ
блѫдꙿницѫ|блѫдніцѫ
не|не
ѿтьгна|оттьгна
нь|нь
дльго|дльго
трьпиши|трьпіші
и̇|і
недоⷭ҇и̇ни̇ми|недосінімі
нами|намі
приѥ̇млемь|пріемлемь
ꙗ̇коже|ꙗкоже
сы̇|съі
чл͠колюбець|чл҃колюбець
приѻ̇брѣтаѥ|пріобрѣтае
всѣⷯ|всѣх
ꙗ̇коже|ꙗкоже
и̇|і
митоє̇мьца|мітоемьца
приѻ̇брѣте|пріобрѣте
и̇|і
ѻ̇гроꙁни|огрозні
и|і
страхомь|страхомь
тꙿвои̇мь|твоімь
ꙗ̇коже|ꙗкоже
и̇|і
павла|павла
бѣдотворꙿца|бѣдотворца
на|на
а꙼плⷭ҇ьство|аплсьство
нбнⷭ҇оє̇|нбнсое
оу̇лови|оулові
и̇|і
наꙋчи|наоучі
ны|нъі
творити|творіті
волѫ|волѫ
твоѫ̇|твоѫ
и̇|і
оу̇строи̇|оустроі
ны̇|нъі
съ|съ
чистоѫ̇|чістоѫ
свѣстиѫ̇|свѣстіѫ
проводити|проводіті
ст͠ы̇|ст҃ъі
сьи̇|сьі
дн͠ь|дн҃ь
вьстаниꙗ|вьстаніꙗ
твоѥⷢ҇|твоег
да|да
поклоньше|поклоньше
се|се
є̇мꙋ|емоу
доⷭ҇и̇нѣ|досінѣ
и̇|і
оу̇гажаⷣѫ̇ще|оугажадѫще
ти|ті
прѣпроводимь|прѣпроводімь
дн͠и|дн҃і
своѫ̇|своѫ
славꙋ|славоу
вьсилающе|вьсілающе
ѡц͠оу|оц҃оу
вьседрьжителю|вьседрьжітелю
и̇|і
сн͠оу|сн҃оу
и̇|і
ст͠омоу|ст҃омоу
дх͠оу|дх҃оу
и̇|і
нн͠ѣ|нн҃ѣ
и̇|і
присно|прісно
и̇|і
вь|вь
вѣкы|вѣкъі
вѣкомь|вѣкомь
а꙼минь|амінь
СЛꙌВꙌ|слово
СТ҇АГꙌ|стаго
И́ꙌАНА|іоана
ꙀЛАТꙌꙊСТАГꙌ|златооустаго
НА|на
вьꙁнесениє̇|вьзнесеніе
гн͠е|гн҃е
блвⷭ҇и|блвсі
ѡ̇ч͠е|оч҃е
Веселите|веселіте
сѧ|сѧ
нб͠са|нб҃са
и̇|і
раⷣоуи̇|радоуі
сѧ|сѧ
ꙁемеⷧ҇|земел
понеже|понеже
посрѣдꙿнѫѫ̇|посрѣднѫѫ
стѣнѫ|стѣнѫ
прѣгрⷶ҇дѣ|прѣградѣ
раꙁьградивь|разьградівь
и̇сьⷭ҇|ісьс
ꙗ̇коже|ꙗкоже
павель|павель
гл͠еть|гл҃еть
и̇|і
вражѫⷣ|вражѫд
ꙗ̇же|ꙗже
межⷣоу|междоу
бг͠омь|бг҃омь
и̇|і
чл͠вѣчьскымь|чл҃вѣчьскъімь
ѥⷭ҇ствомь|есствомь
быⷭ҇|бъіс
и̇|і
мирь|мірь
сьтвори|сьтворі
и̇|і
сьвькоупивь|сьвькоупівь
нбнⷭ҇аꙗ̇|нбнсаꙗ
сь|сь
ꙁемны̇ми|земнъімі
и̇|і
прѣвыспрьнѣꙗ̇|прѣвъіспрьнѣꙗ
сь|сь
нижними|ніжнімі
да|да
сего|сего
дѣльма|дѣльма
и̇|і
ми|мі
оу꙼бо|оубо
ꙁемнии̇|земніі
въꙁьпиѥ̇мь|възьпіемь
д͠несь|д҃несь
бо|бо
врьхь|врьхь
и̇|і
начѧтокь|начѧтокь
нашеѥ|нашее
пльти|пльті
на|на
нб͠о|нб҃о
вьꙁнесе|вьзнесе
сѧ|сѧ
хьⷭ҇|хьс
ꙁане|зане
а꙼пльⷭ҇|апльс
гл͠еть|гл҃еть
вьстави|вьставі
ны|нъі
сь|сь
сⷪбоѫ̇|собоѫ
и̇|і
посади|посаді
ны|нъі
сь|сь
нбнⷭ҇ы̇ми|нбнсъімі
ѻ̇|о
хⷭ҇ѣ|хсѣ
і̇сⷭ҇ѣ|іссѣ
ѿнѫдоуже|отнѫдоуже
и̇спрьва|іспрьва
ꙁꙿло|зло
ѻ̇брѣтательникь|обрѣтательнікь
диꙗ̇воль|діꙗволь
дъмениꙗ̇|дъменіꙗ
дѣльма|дѣльма
ѻ̇бидливаго|обідліваго
и̇|і
прѣꙁориваго|прѣзоріваго
величаниꙗ̇|велічаніꙗ
и̇спаде|іспаде
тѣмь|тѣмь
великымь|велікъімь
свои̇мь|своімь
члк͠олюбиѥ̇мь|члк҃олюбіемь
и̇же|іже
бѣ|бѣ
прѣльстию|прѣльстію
и̇ꙁьгнань|ізьгнань
и̇ꙁ|із
раꙗ̇|раꙗ
чл͠кь|чл҃кь
и̇|і
тогоже|тогоже
хьⷭ҇|хьс
вь|вь
ѻ̇ного|оного
мѣсто|мѣсто
вьвеⷣ|вьвед
да|да
сего|сего
раⷣ|рад
вьсакоѫ̇|вьсакоѫ
чистоти|чістоті
доⷭ҇ѥ̇нь|досень
ѥⷭ҇|ес
праꙁнⷣико|празндіко
сь|сь
великы̇|велікъі
и̇|і
въсѣкоѫ̇|въсѣкоѫ
радости|радості
дх͠овны̇ѫ̇|дх҃овнъіѫ
ѥⷭ҇|ес
дроуꙁи|дроузі
ѡ̇|о
є̇диномь|едіномь
дн͠и|дн҃і
рекꙋ|рекоу
ѻ̇|о
вьшестви|вьшестві
хвⷭ҇ѣ|хвсѣ
на|на
нб͠о|нб҃о
повѣсть|повѣсть
сицева|сіцева
дв͠дь|дв҃дь
бо|бо
ѻ̇|о
немь|немь
гл͠еть|гл҃еть
прьвоє̇|прьвое
ꙩ̇|о
и̇сходѣ|ісходѣ
рекь|рекь
прѣклонь|прѣклонь
нб͠са|нб҃са
и̇|і
сьниде|сьніде
и̇|і
прикры̇|прікръі
мракь|мракь
подꙿ|под
ногама|ногама
є̇моу|емоу
а꙼|а
ѻ̇|о
дн͠ешꙿнѣмь|дн҃ешнѣмь
и̇сходѣ|ісходѣ
рєкь|рекь
вьꙁиде|вьзіде
на|на
хероуввимѣ|хероуввімѣ
и̇|і
вь|вь
прѣкрыли|прѣкръілі
вѣтрьними|вѣтрьнімі
на|на
хероувимь|хероувімь
рече|рече
и̇мьже|імьже
самь|самь
на|на
нбеⷭ҇хь|нбесхь
сь|сь
ꙩ̇ц͠емь|оц҃емь
сыи̇|съіі
херꙋвимы|хероувімъі
вь|вь
прѣсоⷮлы̇|прѣсотлъі
и̇мѣше|імѣше
и̇|і
сь|сь
чл͠кы|чл҃къі
по|по
ꙁеми|земі
ходѫ|ходѫ
хероувимьскаго|хероувімьскаго
нбнⷭ҇аго|нбнсаго
прѣстола|прѣстола
николиже|ніколіже
не|не
ѿлѫчи|отлѫчі
сѧ|сѧ
и̇|і
крила|кріла
вѣтрьнѣ|вѣтрьнѣ
ѻ̇бꙿлакы|облакъі
мѣнить|мѣніть
и̇миже|іміже
вьсхытимь|вьсхъітімь
сѧ|сѧ
ꙗ̇коже|ꙗкоже
вь|вь
дѣꙗ̇них|дѣꙗніх
а꙼плⷭ҇ьскыⷯ҇|аплсьскъіх
пишеть|пішеть
сѧ|сѧ
и̇|і
ѻ̇блакь|облакь
подьѫ̇ть|подьѫть
ѿ|от
ѻ̇чию̇|очію
оу̇ченикь|оученікь
таче|таче
сьдрьжѫ|сьдрьжѫ
и̇|і
гл͠еть|гл҃еть
ꙗ̇коже|ꙗкоже
ꙁрѫще|зрѫще
бѣхѫ|бѣхѫ
на|на
н͠бо|н҃бо
и̇|і
грѧдѫщоу|грѧдѫщоу
ѥ̇моу|емоу
и̇|і
чюдо|чоудо
и̇|і
оу̇жастъ|оужастъ
а꙼плⷭ҇омь|аплсомь
прибыⷭ҇|прібъіс
см͠ртни|см҃ртні
бо|бо
е̇стⷭ҇вомь|естсвомь
сѫще|сѫще
и̇|і
не|не
ѡ̇быкьше|объікьше
тацѣхь|тацѣхь
видѣни|відѣні
и̇|і
оу̇жасошѧ|оужасошѧ
сѧ|сѧ
оу̇момь|оумомь
нѫ|нѫ
а̇ще|аще
реⷱ҇ть|речть
ѥ̇терь|етерь
ꙗ̇коже|ꙗкоже
и̇|і
прѣжде|прѣжде
видѣли|відѣлі
бѣшѫ|бѣшѫ
прѣѻ̇бражениє̇|прѣображеніе
петрь|петрь
и̇|і
ꙗ̇ковь|ꙗковь
и̇ѡⷶнь|іоань
видѣшѧ|відѣшѧ
прьвоє̇|прьвое
прѣѻ̇браꙁивьша|прѣобразівьша
сѧ|сѧ
г͠а|г҃а
и̇|і
ѡ̇блакь|облакь
ѻ̇сѣни|осѣні
и̇хь|іхь
нь|нь
не|не
видѣшѧ|відѣшѧ
ѻ̇блака|облака
на|на
въꙁдоухоу|въздоухоу
вьсхыщьша|вьсхъіщьша
и̇|і
ни|ні
на|на
нбⷭ҇а|нбса
подъє̇мꙿша|подъемша
влкⷣѫ|влкдѫ
ѻ̇|о
чюдо|чоудо
и̇|і
ѻ̇но|оно
чюдоⷩ҇є̇|чоудоне
и̇|і
прѣгрьдоѥ̇|прѣгрьдое
чюдо|чоудо
и̇|і
ѻ̇ного|оного
вы̇ше|въіше
є̇сть|есть
а꙼ще|аще
и̇|і
тѡгожде|тогожде
б͠а|б҃а
сила|сіла
и̇|і
таи̇на|таіна
бѣше|бѣше
тогда|тогда
мои̇си|моісі
и̇лиꙗ̇|іліꙗ
ꙗ̇виста|ꙗвіста
сѧ|сѧ
петровѣ|петровѣ
чѧди|чѧді
сь|сь
г͠емь|г҃емь
бесѣдоуѫ̇ща|бесѣдоуѫща
а꙼|а
и̇|і
нн͠ѣ|нн҃ѣ
прѣстоль|прѣстоль
хероувимьскы̇|хероувімьскъі
невиⷣмаꙗ̇|невідмаꙗ
сила|сіла
и̇|і
ѻ̇блакь|облакь
покриваѫ̇щи|покріваѫщі
и̇|і
вьнеꙁаꙗ̇пѫ|вьнезаꙗпѫ
прстѫпивьши|прстѫпівьші
тогда|тогда
петрь|петрь
дрьꙁь|дрьзь
гл͠аше|гл҃аше
г͠и|г҃і
добро|добро
ѥ̇сть|есть
намь|намь
ꙁеⷣ|зед
быти|бъіті
и̇|і
сьтворимь|сьтворімь
трикрови|трікрові
тебѣ|тебѣ
ѥ̇динь|едінь
и̇|і
мои̇сею|моісею
ѥ̇динь|едінь
и̇|і
дроугы|дроугъі
и̇лии̇|іліі
а꙼|а
нн͠ѣ|нн҃ѣ
словесе|словесе
оу̇ченици|оученіці
рещи|рещі
не|не
въꙁмогошѫ|възмогошѫ
ни|ні
оу꙼сть|оусть
свои̇хь|своіхь
не|не
могошѫ|могошѫ
ѿврѣсти|отврѣсті
нѫ|нѫ
сь|сь
страхомь|страхомь
великомь|велікомь
оу꙼жасошѧ|оужасошѧ
сѧ|сѧ
и̇|і
оу̇боꙗ̇шѧ|оубоꙗшѧ
сѧ|сѧ
и|і
гл͠аголеть|гл҃аголеть
писаниѥ̇|пісаніе
ѻ̇|о
тоⷨ҇|том
рекы̇и̇|рекъіі
се|се
же|же
мѫжа|мѫжа
даⷡ҇|дав
рекоста|рекоста
въ|въ
ѻ̇дежи|одежі
белѣ|белѣ
ꙗ̇же|ꙗже
рекоста|рекоста
мꙋжи|моужі
галилеи̇сти|галілеісті
що|що
стои̇те|стоіте
ꙁрѫще|зрѫще
на|на
нб͠о|нб҃о
велико|веліко
чюдо|чоудо
и̇|і
оу̇жасꙿно|оужасно
ѥⷭ҇|ес
и̇|і
ꙁабы̇ле|забъіле
ли|лі
є̇сте|есте
рекꙿшаго|рекшаго
и̇дѫ|ідѫ
кь|кь
ѻ̇ц͠оу|оц҃оу
вашемоу|вашемоу
и̇|і
кь|кь
ѻ̇ц͠оу|оц҃оу
своє̇моу|своемоу
и̇|і
не|не
того|того
ли|лі
дѣльма|дѣльма
гл͠аше|гл҃аше
кь|кь
вамь|вамь
не|не
ѻ̇ставлѫ|оставлѫ
вась|вась
сироти|сіроті
и̇|і
пакы|пакъі
мырь|мъірь
вамь|вамь
подамь|подамь
мои̇|моі
и̇|і
мирь|мірь
свои̇|своі
ѻ̇ставлѫ|оставлѫ
вамь|вамь
не|не
ѻ̇беща|обеща
ли|лі
вамь|вамь
ст͠аго|ст҃аго
дх͠а|дх҃а
послати|послаті
се|се
и̇сьⷭ҇|ісьс
вьшєдь|вьшедь
ѿ|от
вась|вась
на|на
нб͠о|нб҃о
и̇|і
пакы|пакъі
придеть|прідеть
такожде|такожде
сь|сь
ѡ̇блакы̇|облакъі
нбнⷭ҇ыми|нбнсъімі
и̇|і
сь|сь
славоѫ̇|славоѫ
и̇|і
сь|сь
силоѫ̇|сілоѫ
многоѫ̇|многоѫ
сьи̇|сьі
придеть|прідеть
вь|вь
тьи̇|тьі
годь|годь
є̇гаⷣ|егад
сѫдить|сѫдіть
въсемоу|въсемоу
мироу|міроу
правьдоѩ̇|правьдоѧ
семоу|семоу
бо|бо
дасть|дасть
ѡ̇ц͠ь|оц҃ь
сѫдь|сѫдь
весь|весь
не|не
помните|помніте
ли|лі
ꙗ̇коже|ꙗкоже
сы̇|съі
с|с
вами|вамі
гл͠аше|гл҃аше
дана|дана
ми|мі
є̇сть|есть
вьсака|вьсака
ваⷧ҇сть|валсть
на|на
нб͠си|нб҃сі
и̇|і
на|на
ꙁеми|земі
тогаⷣ|тогад
а꙼плⷭ҇и|аплсі
вь|вь
себѣ|себѣ
бы̇вьше|бъівьше
и̇|і
ѡ̇братишѧ|обратішѧ
сѧ|сѧ
поѫ̇ще|поѫще
и̇|і
бл͠гословѧще|бл҃гословѧще
б͠а|б҃а
и̇|і
жѫⷣще|жѫдще
б͠жествьныхь|б҃жествьнъіхь
даровъ|даровъ
ѥ̇же|еже
есть|есть
прѣст͠аго|прѣст҃аго
д͠ха|д҃ха
приходь|пріходь
сконьча|сконьча
сѧ|сѧ
гл͠анꙿноє̇|гл҃анное
дв͠домь|дв҃домь
въꙁыде|възъіде
б͠ь|б҃ь
вь|вь
вьскликновени|вьсклікновені
г͠ь|г҃ь
вь|вь
гл͠асѣ|гл҃асѣ
трѫбнѣмь|трѫбнѣмь
вь|вь
вьскиⷧ҇кновениє̇|вьскілкновеніе
же|же
мѣнить|мѣніть
и̇|і
мы̇|мъі
же|же
бесьпрѣстанимь|бесьпрѣстанімь
гл͠асомь|гл҃асомь
и̇|і
трьст͠ѫѫ̇|трьст҃ѫѫ
хвалѫ|хвалѫ
вьсилаѫ̇ть|вьсілаѫть
хероувими|хероувімі
б͠оу|б҃оу
а̇|а
глаⷭ҇|глас
трѫбни|трѫбні
а꙼рꙿха꙼нꙿг͠льскы|арханг҃льскъі
мѣнить|мѣніть
и̇|і
прѣжде|прѣжде
наꙁ(н)аменае̇ть|назнаменаеть
вьсходъ|вьсходъ
е̇го|его
на|на
н͠бо|н҃бо
нь|нь
и̇|і
ст͠ы|ст҃ъі
дх͠ь|дх҃ь
горнимꙿ|горнім
силамь|сіламь
повелѣнымь|повелѣнъімь
глаⷭ҇мь|гласмь
гл͠еше|гл҃еше
въꙁьмѣте|възьмѣте
врата|врата
старѣи̇шины̇|старѣішінъі
ваше|ваше
и̇|і
ѿты̇мѣте|оттъімѣте
сѧ|сѧ
врата|врата
вѣчнаꙗ̇|вѣчнаꙗ
и̇|і
вьнидеть|вьнідеть
цр͠ь|цр҃ь
славѣ|славѣ
таче|таче
дх͠ь|дх҃ь
гл͠аше|гл҃аше
г͠ь|г҃ь
крѣпокь|крѣпокь
и̇|і
силень|сілень
г͠ь|г҃ь
силень|сілень
вь|вь
браны|бранъі
побѣди|побѣді
бо|бо
ратьника|ратьніка
и̇|і
вьѻ̇рѫжи|вьорѫжі
сѧ|сѧ
чл͠чьскоѭ̇|чл҃чьскоѭ
пльтиѫ̇|пльтіѫ
а꙼|а
сотонѫ|сотонѫ
мѫчителѣ|мѫчітелѣ
и̇|і
оу̇гаси|оугасі
е̇моу|емоу
ражеⷣженьноє̇|ражедженьное
ѡ̇рꙋжие|ороужіе
и̇|і
на|на
кртⷭ҇ѣ|кртсѣ
распѧⷮ҇|распѧт
сѧ|сѧ
и̇|і
сьмр͠ть|сьмр҃ть
въкоусии|въкоусіі
и̇|і
плѣнии|плѣніі
а꙼да|ада
и̇|і
ѡ̇делѣвь|оделѣвь
въстави|въставі
и̇ꙁь|ізь
мрт͠выхь|мрт҃въіхь
и̇|і
ꙁаблѫжьⷣшѧѥ̇|заблѫжьдшѧе
моукоѫ̇|моукоѫ
ѻ̇бративь|обратівь
се|се
же|же
вьдасть|вьдасть
на|на
плещоу|плещоу
нетⷭ҇и|нетсі
кь|кь
девети|деветі
десѧтимь|десѧтімь
и̇|і
девѧтимь|девѧтімь
и̇же|іже
бѣшѧ|бѣшѧ
ꙁаблѫдиле|заблѫділе
и̇|і
на|на
горѣ|горѣ
живѫть|жівѫть
рекьше|рекьше
на|на
нбеⷭ҇хь|нбесхь
г͠ь|г҃ь
крѣпокь|крѣпокь
и̇|і
силенъ|сіленъ
г͠ь|г҃ь
силень|сілень
вь|вь
рати|раті
и̇|і
пакы|пакъі
гл͠еть|гл҃еть
силамь|сіламь
се|се
е̇сть|есть
цр͠ь|цр҃ь
славѣ|славѣ
да|да
силы|сілъі
є̇гаⷣ|егад
слышашѧ|слъішашѧ
г͠а|г҃а
силамь|сіламь
ѥ̇диноглаⷭ҇ноє̇|едіногласное
и̇|і
ѻ̇бичꙿное̇|обічное
славословиє̇|славословіе
вьпиѫще|вьпіѫще
и̇|і
приѥ̇мѣхѫ|пріемѣхѫ
б͠а|б҃а
и̇|і
проваждахѫ|проваждахѫ
ѥ̇го|его
до|до
високаго|вісокаго
и̇|і
прѣвишнѣго|прѣвішнѣго
прѣстола|прѣстола
и̇|і
сконьча|сконьча
сѧ|сѧ
дв͠домь|дв҃домь
гл͠анное̇|гл҃анное
реⷱ҇|реч
г͠ь|г҃ь
гв͠и|гв҃і
моѥ̇моу|моемоу
сѧди|сѧді
ѡ̇|о
деснѫѫ̇|деснѫѫ
мене|мене
доньдеже|доньдеже
положѫ|положѫ
врагы|врагъі
твоѫ̇|твоѫ
подножиє̇|подножіе
ногоу|ногоу
твоє̇ю̇|твоею
ѡ̇|о
ѻ̇|о
сьпостате|сьпостате
кь|кь
коє̇моу|коемоу
ѥⷭ҇ствоу|есствоу
реⷱ҇|реч
сѣди|сѣді
ѻ̇|о
деснѫѫ̇|деснѫѫ
мене|мене
не|не
є̇же|еже
ли|лі
ѿ|от
наⷭ҇|нас
приѫ̇|пріѫ
пльть|пльть
дх͠овнѫѫ̇|дх҃овнѫѫ
рекѫ|рекѫ
же|же
ѿ|от
прѣст͠ыѫѫ̇|прѣст҃ъіѫѫ
мариѫ̇|маріѫ
да|да
понеже|понеже
наша|наша
пльть|пльть
на|на
прѣстолѣ|прѣстолѣ
высоцѣ|въісоцѣ
днеⷭ҇|днес
сѣде|сѣде
того|того
ради|раді
раⷣоує̇мь|радоуемь
сѧ|сѧ
днеⷭ҇|днес
братие̇|братіе
днеⷭ҇|днес
бо|бо
ѥ̇диночѧды̇|едіночѧдъі
сн͠ь|сн҃ь
бж͠ии̇|бж҃іі
начѧло|начѧло
пльти|пльті
нашѫѥ̇|нашѫе
юже|юже
приѫ̇ть|пріѫть
кь|кь
ѻ̇ц͠оу|оц҃оу
вьꙁнесе|вьзнесе
днеⷭ҇|днес
ꙁꙿмии̇|зміі
расѣчень|расѣчень
бⷭ҇ы̇|бсъі
днеⷭ҇|днес
грѣхы|грѣхъі
чл͠чьскы̇|чл҃чьскъі
потираѫ̇ть|потіраѫть
сѧ|сѧ
днеⷭ҇|днес
прѣслꙋшаниє̇мь|прѣслоушаніемь
а꙼дамьскы̇|адамьскъі
родь|родь
и̇ꙁꙿгнань|ізгнань
сыи̇|съіі
втори|вторі
а̇дамь|адамь
не|не
въ|въ
раи̇|раі
ꙁемны̇|земнъі
нѫ|нѫ
вь|вь
цртⷭ҇во|цртсво
нбнⷭ҇оє̇|нбнсое
вьсходить|вьсходіть
и̇|і
кто|кто
сꙋть|соуть
свⷣѣтеле|свдѣтеле
хвⷭ҇оу|хвсоу
вьскр͠сению̇|вьскр҃сенію
.в͠і.|в҃і
оу̇ченика|оученіка
и̇ли|ілі
не|не
вѣрꙋє̇ши|вѣроуеші
жидовине|жідовіне
не|не
вѣроуе̇ши|вѣроуеші
ли|лі
а꙼плⷭ҇омь|аплсомь
хвⷭ҇омь|хвсомь
и̇же|іже
ꙩ̇чима|очіма
видѣвьше|відѣвьше
въсходѫща|въсходѫща
на|на
нб͠о|нб҃о
г͠а|г҃а
не|не
вѣроує̇ши|вѣроуеші
ли|лі
толицѣмь|толіцѣмь
свѣдѣтелемь|свѣдѣтелемь
то|то
мои̇сеꙩ̇ви|моісеові
ли|лі
не|не
вѣроує̇ши|вѣроуеші
реⷱ҇|реч
бо|бо
мѡ̇и̇си|моісі
прѣдꙿ|прѣд
оусти|оусті
двою̇|двою
и̇ли|ілі
трехь|трехь
свⷣѣтелехь|свдѣтелехь
да|да
станеть|станеть
весь|весь
гл͠ь|гл҃ь
хабленны̇|хабленнъі
жидовинє|жідовіне
мѡи̇си|моісі
.г͠.|г҃
послоухы|послоухъі
творить|творіть
доⷭ҇и̇ны̇|досінъі
ꙩ̇|о
въсѣкои̇|въсѣкоі
рѣчи|рѣчі
а꙼|а
лоука|лоука
.д͠.|д҃
творить|творіть
свѣдѣтелѫ|свѣдѣтелѫ
достои̇но|достоіно
вѣрны̇|вѣрнъі
повѣдає̇ть|повѣдаеть
и̇|і
тѣмь|тѣмь
ли|лі
не|не
вѣроує̇ши|вѣроуеші
пошибѣ|пошібѣ
ли|лі
и̇|і
погыбѣлии̇|погъібѣліі
да|да
гл͠еть|гл҃еть
пррⷪ҇кь|пррокь
и̇саи̇ꙗ̇|ісаіꙗ
ѻ̇|о
тебѣ|тебѣ
паче|паче
же|же
б͠а|б҃а
и̇саи̇е̇ѫ̇|ісаіеѫ
оу̇вѣдѣхомь|оувѣдѣхомь
ꙗ̇коже|ꙗкоже
є̇си|есі
ѻслоушливь|ослоушлівь
и̇|і
срцⷣе|срцде
ти|ті
є̇|е
ѻ̇каменено|окаменено
не|не
вѣроує̇ши|вѣроуеші
ли|лі
вашима|вашіма
.в͠і.ма|в҃іма
оу̇ченикома|оученікома
самовидьцемь|самовідьцемь
сѫщемь|сѫщемь
въсходоу|въсходоу
гн͠ю|гн҃ю
и̇мьже|імьже
оуста|оуста
ти|ті
ꙁаградить|заградіть
є̇динь|едінь
тьчию̇|тьчію
даниль|даніль
пррⷪ҇кь|пррокь
ѥ̇моуже|емоуже
ты|тъі
а꙼ще|аще
многащии|многащіі
хощеши|хощеші
противити|протівіті
сѧ|сѧ
то|то
можеши|можеші
то|то
что|что
даниль|даніль
гл͠еть|гл҃еть
ѡ|о
вьшьстви|вьшьстві
гн͠и|гн҃і
проричѫ|прорічѫ
и̇|і
послоуша|послоуша
и̇|і
видѣхь|відѣхь
рече|рече
и̇|і
се|се
сь|сь
ѡ̇блакы̇|облакъі
нбнⷭ҇ими|нбнсімі
ꙗ̇ко|ꙗко
сн͠ь|сн҃ь
члв͠чьскы̇|члв҃чьскъі
сходѧ|сходѧ
рекьше|рекьше
грѧⷣ|грѧд
поⷣбень|подбень
ѥⷭ҇|ес
вьторы̇|вьторъі
є̇моу|емоу
приходъ|пріходъ
кь|кь
прьвомоу|прьвомоу
вьсходоу|вьсходоу
ꙗ̇коже|ꙗкоже
и̇|і
дѣꙗ̇ниꙗ̇|дѣꙗніꙗ
а꙼пльⷭ҇ска|апльсска
наꙁнаменоуѫ̇ть|назнаменоуѫть
рекѫще|рекѫще
ти|ті
ꙗ̇коже|ꙗкоже
бѣшѫ|бѣшѫ
ꙁрѫще|зрѫще
а꙼плⷭ҇и|аплсі
грⷣѫ|грдѫ
г͠оу|г҃оу
на|на
нбⷭ҇о|нбсо
и̇|і
се|се
.͠в.|҃в
мѫжа|мѫжа
прѣдьстаста|прѣдьстаста
прѣдь|прѣдь
ними|німі
вь|вь
ѻ̇дежди|одежді
бѣлѣ|бѣлѣ
ꙗ̇же|ꙗже
и̇|і
рекоста|рекоста
мѫжи|мѫжі
галилеи̇сти|галілеісті
что|что
стои̇те|стоіте
ꙁрѫще|зрѫще
на|на
нб͠о|нб҃о
такожде|такожде
и̇|і
придеть|прідеть
ꙗ̇коже|ꙗкоже
и̇|і
видѣсте|відѣсте
грѧдѫща|грѧдѫща
на|на
нб͠о|нб҃о
смотри|смотрі
ꙁло|зло
брате|брате
како|како
ти|ті
покаꙁає̇ть|показаеть
пррⷪ҇кь|пррокь
ꙗ̇вѣ|ꙗвѣ
и̇постаси|іпостасі
се|се
же|же
рече|рече
на|на
ѻ̇блацѣхь|облацѣхь
нб͠сныхь|нб҃снъіхь
ꙗ̇ко|ꙗко
сн͠ь|сн҃ь
чл͠чьскы|чл҃чьскъі
грѧдѫщь|грѧдѫщь
и̇|і
до|до
ветьхаго|ветьхаго
дн͠ьми|дн҃ьмі
дои̇те|доіте
ти|ті
како|како
быⷭ҇|бъіс
конецъ|конецъ
пррⷪ҇чьствоу|пррочьствоу
да|да
раꙁоумѣѥ̇мꙿ|разоумѣем
и̇|і
томоу|томоу
рече|рече
дасть|дасть
ти|ті
се|се
власть|власть
и̇|і
чтⷭ҇ь|чтсь
и̇|і
цртⷭ҇во|цртсво
раꙁоумⷺ|разоумѣ
и̇|і
добрѣ|добрѣ
комоу|комоу
мѣнить|мѣніть
даннюю|даннюю
власть|власть
и̇|і
чтⷭ҇ь|чтсь
не|не
бо|бо
присно|прісно
сьщоу|сьщоу
сь|сь
ѻ̇ц͠емь|оц҃емь
б͠ь|б҃ь
слово|слово
чтⷭ҇ь|чтсь
тꙋ|тоу
и̇|і
дрьжавѫ|дрьжавѫ
и̇мать|імать
присно|прісно
сь|сь
ѻ̇цемь|оцемь
нѫ|нѫ
и̇же|іже
ѿ|от
дв͠ы̇|дв҃ъі
мариѫ̇|маріѫ
сьє̇дини|сьедіні
сѧ|сѧ
дш͠евноѫ̇|дш҃евноѫ
пльтиѫ̇|пльтіѫ
рекьше|рекьше
тѣ|тѣ
лютомоу|лютомоу
вьсходѫщомоу|вьсходѫщомоу
пльтиѭ̇|пльтіѭ
днⷭ҇е|днсе
на|на
ѻ̇блацѣ|облацѣ
на|на
нб͠о|нб҃о
чюдⷷнь|чоудень
б͠ъ|б҃ъ
ѥⷭ҇|ес
и̇|і
члв͠кь|члв҃кь
сьврьшень|сьврьшень
и̇|і
томоу|томоу
се|се
дасть|дасть
чтⷭ҇ь|чтсь
и̇|і
цр͠ьство|цр҃ьство
по|по
пльтꙿномоу|пльтномоу
строє̇нию̇|строенію
и̇|і
вьси|вьсі
людиє̇|людіе
и̇|і
племєна|племена
и̇|і
ѫ̇ꙁыции̇|ѫзъіціі
поработаѫ̇ть|поработаѫть
є̇моу|емоу
и̇мже|імже
и̇|і
вола|вола
є̇го|его
и̇|і
власть|власть
вѣчнаа̇|вѣчнаа
ꙗ̇же|ꙗже
не|не
прѣи̇деть|прѣідеть
ни|ні
погыбнеть|погъібнеть
и̇|і
цртⷭ҇ви|цртсві
є̇го|его
людемь|людемь
и̇|і
нѣмꙿі|нѣмі
не|не
ꙩ̇ставить|оставіть
сѧ|сѧ
срамлаи̇те|срамлаіте
се|се
жидове|жідове
пррⷪ҇кы̇|пррокъі
почитаѫ̇щє|почітаѫще
а̇|а
ꙩ̇|о
немьже|немьже
соуⷮ|соут
пррⷪ҇ци|прроці
гл͠ѧть|гл҃ѧть
хⷭ҇ѣ|хсѣ
тѡго|того
вы̇|въі
оу꙼вѣдѣти|оувѣдѣті
не|не
хотѧще|хотѧще
ѥ̇гоже|егоже
мы|мъі
грѣшни|грѣшні
оу̇вⷣѣвше|оувдѣвше
кланѣѥ̇мь|кланѣемь
сѧ|сѧ
и̇|і
припадаѥ̇мь|пріпадаемь
ѻ̇|о
чюдеса|чоудеса
притранꙿна|прітранна
и̇мьже|імьже
раи̇|раі
се|се
ꙁаклоучи|заклоучі
и̇|і
тⷪ|то
тѣмь|тѣмь
нб͠сѧ|нб҃сѧ
днⷭ҇е|днсе
ѿврьꙁе|отврьзе
е̇моуже|емоуже
пилать|пілать
сѫдꙑть|сѫдъіть
то|то
тои̇|тоі
днⷭ҇ь|днсь
сѫдиꙗ̇|сѫдіꙗ
на|на
нбеⷭ҇хь|нбесхь
сѣдае̇ть|сѣдаеть
е̇моуже|емоуже
се|се
жидове|жідове
рꙋгають|роугають
того|того
днⷭ҇е|днсе
а꙼нг͠лъскыѫ̇|анг҃лъскъіѫ
силы|сілъі
славѧть|славѧть
ѻ̇|о
прѣчисты̇|прѣчістъі
оу̇ме|оуме
дв͠вовꙿ|дв҃вов
и̇мьже|імьже
се|се
дн͠е|дн҃е
доꙁрꙋ|дозроу
гл͠аше|гл҃аше
рекы|рекъі
реⷱ҇|реч
г͠ь|г҃ь
гв͠и|гв҃і
моє̇моу|моемоу
сѣди|сѣді
ѻ̇|о
деснѫѩ̇|деснѫѧ
мене|мене
є̇моуже|емоуже
слаⷡ҇|слав
и̇|і
чтⷭ҇ь|чтсь
и̇|і
дръжава|дръжава
сь|сь
прѣст͠ымь|прѣст҃ъімь
и̇|і
животворѫщимь|жівотворѫщімь
дх͠омь|дх҃омь
и̇|і
н͠нѣ|н҃нѣ
и̇|і
присно|прісно
и̇|і
вь|вь
вѣкы|вѣкъі
вѣкомь|вѣкомь
а꙼минь|амінь
С|с
Л|л
Ꙍ́|о
В|в
О|о
С|с
Т҇|т
А|а
Г|г
Ꙍ|о
И́|і
Ꙍ|о
А|а
Н|н
А|а
Ꙁ|з
Л|л
А|а
Т|т
Ꙍ|о
Ꙋ́|оу
С|с
Т|т
А|а
ГꙌ|го
на|на
пеньдикостиѫ̇|пеньдікостіѫ
блвⷭ҇и|блвсі
ѻ̇ч͠е|оч҃е
Пакы̇|пакъі
намь|намь
дроуꙁи|дроузі
радост|радост
пакы̇|пакъі
праꙁникь|празнікь
свѣтель|свѣтель
пакы|пакъі
веселиє̇|веселіе
дх͠овноє̇|дх҃овное
чесо|чесо
ради|раді
толико|толіко
веселиє̇|веселіе
не|не
ст͠ы|ст҃ъі
ли|лі
дх͠ъ|дх҃ъ
днеⷭ҇|днес
кь|кь
намь|намь
оу̇богымь|оубогъімь
сьниде|сьніде
ꙗ̇коже|ꙗкоже
ѥ̇диночѧды̇|едіночѧдъі
сн͠ь|сн҃ь
бж͠ии|бж҃іі
сь|сь
вѣрны̇ми|вѣрнъімі
ѥⷭ҇|ес
тажде|тажде
и̇|і
дх͠ь|дх҃ь
бж͠ии̇|бж҃іі
ѿ|от
кѫдоуже|кѫдоуже
ѥⷭ҇|ес
вѣдѣти|вѣдѣті
любѧ|любѧ
реⷱ҇|реч
хьⷭ҇|хьс
и̇|і
ꙁаповѣдимоѫ̇|заповѣдімоѫ
сьблюдеть|сьблюдеть
и̇|і
а̇ꙁь|азь
ꙋмолѫ|оумолѫ
ѻ̇ц͠а|оц҃а
своє̇го|своего
и̇|і
и̇нь|інь
оу̇тѣшителъ|оутѣшітелъ
дасть|дасть
и̇мь|імь
да|да
прѣбываѥ̇ть|прѣбъіваеть
с|с
вами|вамі
вь|вь
вѣкы̇|вѣкъі
дх͠ь|дх҃ь
и̇стинны̇|істіннъі
ꙗ̇ко|ꙗко
оу꙼бо|оубо
мнⷪгащи|многащі
дх͠ь|дх҃ь
ст͠ы̇|ст҃ъі
с|с
нбеⷭ҇|нбес
сьниде|сьніде
нь|нь
ꙗ̇коже|ꙗкоже
днⷭ҇е|днсе
сьниде|сьніде
бл͠годѣть|бл҃годѣть
дх͠овнаа̇|дх҃овнаа
и̇|і
ѻ̇бьща|обьща
чл͠вчьскомоу|чл҃вчьскомоу
родꙋ|родоу
николиже|ніколіже
нѣстъ|нѣстъ
съшла|съшла
така|така
а꙼|а
и̇|і
сами|самі
раꙁꙋмѣѥ̇те|разоумѣете
како|како
ти|ті
є̇сть|есть
сьшла|сьшла
прѣжеⷣ|прѣжед
и̇|і
како|како
ли|лі
ни͠нѣ|ні҃нѣ
да|да
видите|відіте
ѻ̇бою̇|обою
раꙁличиє̇|разлічіе
и̇|і
споусти|споусті
б͠ь|б҃ь
манꙿиꙋ|маніоу
на|на
ꙁемлѫ|землѫ
и̇|і
хлѣбь|хлѣбь
нбⷭ҇ны|нбснъі
даⷭ҇|дас
и̇мь|імь
и̇|і
чл͠колюбиꙗ̇|чл҃колюбіꙗ
доⷭ҇и̇ны̇|досінъі
бж͠иꙗ̇|бж҃іꙗ
и̇|і
потомь|потомь
сьниде|сьніде
ѻ̇гьнь|огьнь
вь|вь
прѣльсти|прѣльсті
сꙋщѧѫ̇|соущѧѫ
ӥ|і
ꙁ͠льскы̇|з҃льскъі
люди|люді
оӱправи|оуправі
ӥ|і
вьсхӹти|вьсхъіті
трѣбе|трѣбе
ѿ|от
трѣбища|трѣбіща
ӥ|і
пакы̇|пакъі
сьниде|сьніде
дьжⷣь|дьждь
сѧ|сѧ
не|не
в͠се|в҃се
ӥ|і
гл͠а|гл҃а
домь|домь
хотѧщеѥ̇|хотѧщее
ӥꙁьмрѣти|ізьмрѣті
ѡ̈живи|ожіві
не|не
велико|веліко
ли|лі
е̇сть|есть
то|то
ӥ|і
чюдно|чоудно
д͠нешнаꙗ̇|д҃нешнаꙗ
бл͠годѣть|бл҃годѣть
бесь|бесь
приклада|пріклада
бо|бо
слыши|слъіші
славнѣи̇ши|славнѣіші
небо|небо
ни|ні
маньна|маньна
ни|ні
ѡ̇гнь|огнь
ни|ні
дьждъ|дьждъ
сьниде|сьніде
днеⷭ҇|днес
нь|нь
дьждъ|дьждъ
даровь|даровь
дх͠овныхь|дх҃овнъіхь
прилѣтѣ|прілѣтѣ
с|с
нбеⷭ҇|нбес
на|на
ꙁемлѫ|землѫ
плодитꙿ|плодіт
и̇|і
вьставлѣє̇ть|вьставлѣеть
нѫ|нѫ
члв͠чьское̇|члв҃чьское
въставлꙗѫ̇ть|въставлꙗѫть
ѥⷭ҇ство|есство
да|да
и̇деже|ідеже
сеи̇|сеі
дьжⷣъ|дьждъ
приѫ̇ше|пріѫше
сьшедъши|сьшедъші
то|то
а꙼быє̇|абъіе
ꙁабы̇шѧ|забъішѧ
ѥ̇с͠тво|ес҃тво
чл͠вѣчьскоє̇|чл҃вѣчьское
ты̇|тъі
плътни|плътні
сѧще|сѧще
и̇|і
беспльтныхь|беспльтнъіхь
а꙼нг͠ль|анг҃ль
бл͠годѣти|бл҃годѣті
и̇|і
силы|сілъі
вь|вь
себѣ|себѣ
покаꙁашѧ|показашѧ
чюдно|чоудно
бо|бо
бѣше|бѣше
видѣти|відѣті
ѧ̇ꙁыкомь|ѧзъікомь
пльтѣномь|пльтѣномь
и̇ꙁꙿгонѫще|ізгонѫще
бѣсы|бѣсъі
ꙗ̇коже|ꙗкоже
бо|бо
и̇|і
сльнꙿцоу|сльнцоу
ꙗ̇вльшоу|ꙗвльшоу
сѧ|сѧ
и̇|і
тьма|тьма
раꙁьбѣгнеть|разьбѣгнеть
сѧ|сѧ
и̇|і
раꙁбои̇ници|разбоініці
и̇|і
татие̇|татіе
вь|вь
скровища|скровіща
своꙗ̇|своꙗ
вьбѣгнѫть|вьбѣгнѫть
такоже|такоже
и̇|і
петроу|петроу
ꙗ̇влъшоу|ꙗвлъшоу
сѧ|сѧ
и̇|і
побѣже|побѣже
тьма|тьма
прѣльстьнаꙗ̇|прѣльстьнаꙗ
и̇|і
ѿбѣже|отбѣже
диꙗ̇воль|діꙗволь
и̇|і
ѿскочишѧ|отскочішѧ
бѣси|бѣсі
и̇|і
погы̇боше|погъібоше
ѥ̇ꙁы|езъі
плътныѫ̇|плътнъіѫ
и̇сцѣлѣше|ісцѣлѣше
врѣдове|врѣдове
дш͠евни|дш҃евні
въсѣ|въсѣ
ꙁьль|зьль
ѿгонима|отгоніма
быⷭ҇|бъіс
и̇|і
доброта|доброта
всѣ|всѣ
вꙿниде|вніде
бѣ|бѣ
тогаⷣ|тогад
видѣти|відѣті
по|по
и̇стинѣ|істінѣ
словеса|словеса
г͠нѣ|г҃нѣ
вьжделѣна|вьжделѣна
паче|паче
ꙁлата|злата
и̇|і
камениꙗ̇|каменіꙗ
честнаа꙼го|честнааго
многа|многа
и|і
слажⷣьша|слаждьша
паче|паче
меда|меда
и̇|і
сьта|сьта
є̇гоже|егоже
бо|бо
не|не
можаше|можаше
ꙁлато|злато
ни|ні
камень|камень
драгы̇и̇|драгъіі
творити|творіті
тоже|тоже
творѣхѫ|творѣхѫ
словеса|словеса
петрова|петрова
коликоже|колікоже
таланѫть|таланѫть
ꙁлата|злата
хромаго|хромаго
рожⷣєна|рождена
на|на
ноꙃѣ|нозѣ
въставити|въставіті
могли|моглі
бышѧ|бъішѧ
нѫ|нѫ
петрово|петрово
слово|слово
можеть|можеть
вьставити|вьставіті
рождена|рождена
хрома|хрома
реⷱ҇|реч
вь|вь
и̇мѧ|імѧ
і̇с͠ъ|іс҃ъ
хвⷭ҇о|хвсо
вьстани|вьстані
и̇|і
пои̇ди|поіді
и̇|і
словомь|словомь
дѣло|дѣло
быⷭ҇|бъіс
виⷣши|відші
ли|лі
како|како
тии̇|тіі
на|на
паче|паче
ꙁлата|злата
оу̇же|оуже
сѫть|сѫть
по|по
и̇стинѣ|істінѣ
цѣлителе|цѣлітеле
и̇|і
врачеве|врачеве
мира|міра
сего|сего
тии̇|тіі
бѣхѫ|бѣхѫ
а꙼плⷭ҇и|аплсі
и̇|і
ратає̇|ратае
и̇|і
крьмници|крьмніці
и̇|і
врачеве|врачеве
же|же
и̇мьже|імьже
ѫ̇ꙁы̇|ѫзъі
и̇сцѣлѣахѫ|ісцѣлѣахѫ
ратає̇|ратае
понеже|понеже
слово|слово
вѣрꙿноє̇|вѣрное
сѣꙗ̇шѫ|сѣꙗшѫ
крьмници|крьмніці
жⷷ҇|же
и̇мже|імже
вльны|вльнъі
потопьшеѥ̇|потопьшее
прѣльстию̇|прѣльстію
и̇|і
ꙋтише|оутіше
сⷹтавишѫ|соутавішѫ
сего|сего
дѣльма|дѣльма
ѻ̇вогаⷣ|овогад
шедьше|шедьше
болѫщѫѫ̇|болѫщѫѫ
и̇сцѣлаи̇те|ісцѣлаіте
ꙗ̇ко|ꙗко
и̇|і
кь|кь
вр͠ачевемь|вр҃ачевемь
гл͠ѧ|гл҃ѧ
и̇|і
пакы̇|пакъі
и̇ньжеⷣ|іньжед
се|се
же|же
и̇|і
посилаѥ̇ть|посілаеть
и̇|і
вы̇сить|въісіть
ѻ̇|о
немьже|немьже
не|не
вы̇|въі
троудисте|троудісте
сѧ|сѧ
ꙗ̇ко|ꙗко
и̇|і
кь|кь
ратаѥ̇мь|ратаемь
бесѣдꙋѫ̇|бесѣдоуѫ
и̇|і
па|па
пакы̇|пакъі
и̇ньжеⷣ|іньжед
сьтворѫ|сьтворѫ
вы̇|въі
ловце|ловце
члв͠комь|члв҃комь
и̇|і
кь|кь
петроу|петроу
рⷱ҇е|рче
не|не
бои̇|боі
сѧ|сѧ
ѿселѣ|отселѣ
бѫдеше|бѫдеше
чл͠кы|чл҃къі
ловѫ|ловѫ
ꙗ̇ко|ꙗко
и̇|і
кь|кь
крьмникомь|крьмнікомь
и̇|і
кь|кь
ловцемь|ловцемь
вѣщаѫ̇|вѣщаѫ
ти|ті
бѣше|бѣше
видѣти|відѣті
чю̇деса|чоудеса
по|по
чюдесехь|чоудесехь
небо|небо
ѥⷭ҇ство|есство
наше|наше
прѣдь|прѣдь
десетиѫ̇|десетіѫ
дн͠и|дн҃і
въꙁы̇де|възъіде
на|на
прѣстоль|прѣстоль
нбнⷭ҇ы̇|нбнсъі
и̇|і
дх͠ь|дх҃ь
ст͠ы|ст҃ъі
снидⷷ҇|сніде
днеⷭ҇|днес
кь|кь
ѥⷭ҇ствоу|есствоу
нашемоу|нашемоу
вьꙁнесе|вьзнесе
г͠ь|г҃ь
начѫло|начѫло
пльти|пльті
нашеѫ̇|нашеѫ
и̇|і
посилаѥ̇ть|посілаеть
дх͠ь|дх҃ь
ст͠ы|ст҃ъі
дроугы|дроугъі
г͠ь|г҃ь
и̇же|іже
и̇|і
подаває̇ть|подаваеть
дары|даръі
силы̇|сілъі
сеѩ̋|сеѧ
небо|небо
нь|нь
и̇|і
дх͠ь|дх҃ь
г͠ь|г҃ь
ѥⷭ҇|ес
нь|нь
да|да
никтоже|ніктоже
не|не
помышлає̇|помъішлае
ти|ті
речеть|речеть
что|что
си|сі
хьⷭ҇|хьс
створи|створі
бѫдет|бѫдет
ли|лі
си|сі
оу̇вѣщаль|оувѣщаль
ѻ̇ц͠а|оц҃а
бѫдет|бѫдет
лы|лъі
си|сі
м͠лость|м҃лость
створиль|створіль
кь|кь
намь|намь
да|да
хотѧ|хотѧ
ꙗ̇вити|ꙗвіті
ꙗ̇коже|ꙗкоже
прѣмѣниль|прѣмѣніль
є̇сть|есть
мⷧ҇ость|млость
нашемⷹ|нашемоу
єⷭ҇ствоу|есствоу
дары̇|даръі
прѣмѣнению̇|прѣмѣненію
и̇|і
сь|сь
милению̇|міленію
и̇|і
а꙼биє̇|абіе
прислⷶ|прісла
є̇гда|егда
бѫдеть|бѫдеть
вражаⷣ|вражад
межⷣѫ|междѫ
кы̇мь|къімь
тѡ|то
ꙩ̇бы̇чаи̇|объічаі
е̇сть|есть
сьмирѣѫ̇щимь|сьмірѣѫщімь
сѧ|сѧ
дарь|дарь
даа꙼ти|дааті
вьслахомь|вьслахомь
мы|мъі
вѣрѫ|вѣрѫ
ти|ті
приѫ̇хомь|пріѫхомь
ѿ|от
тѧдѣ|тѧдѣ
дарь|дарь
притраны̇|прітранъі
въслахомь|въслахомь
послоушаниѥ̇|послоушаніе
ти|ті
приѥ̇хѻмь|пріехомь
правьдѫ|правьдѫ
да|да
ꙁнати|знаті
е̇сть|есть
по|по
семь|семь
ꙗ̇кⷪ|ꙗко
простиль|простіль
ни|ні
є̇сть|есть
грѣхы|грѣхъі
и̇|і
помиловаль|поміловаль
и̇|і
посла|посла
оу̇тѣшителѣ|оутѣшітелѣ
дх͠а|дх҃а
ст͠аа꙼го|ст҃ааго
да|да
сего|сего
ради|раді
и̇|і
реⷱ҇|реч
хьⷭ҇|хьс
на|на
польꙁѫ|пользѫ
бѫде|бѫде
а꙼ще|аще
а꙼ꙁь|азь
и̇дѫ|ідѫ
а̇ще|аще
бо|бо
а꙼ꙁь|азь
не|не
и̇дꙋ|ідоу
то|то
ꙩ̇нь|онь
не|не
придеть|прідеть
рекьше|рекьше
а̇ще|аще
а꙼ꙁь|азь
не|не
и̇дѫти|ідѫті
оу̇вѣщаѫ̇ть|оувѣщаѫть
ѻ̇ц͠а|оц҃а
то|то
не|не
послеть|послеть
наамь|наамь
оу꙼тѣшителѣ|оутѣшітелѣ
ѥ̇же|еже
е̇сть|есть
оу̇читель|оучітель
да|да
а꙼ще|аще
би|бі
се(и̇)|сеі
не|не
и̇шель|ішель
то|то
не|не
би|бі
сѧ|сѧ
дало|дало
слово|слово
прѣмѫдростьно|прѣмѫдростьно
вь|вь
црк͠ви|црк҃ві
црк͠вь|црк҃вь
же|же
мѣнѫ|мѣнѫ
сна|сна
ми|мі
дх͠овны̇хь|дх҃овнъіхь
мѫжь|мѫжь
ѻ̇вомоу|овомоу
сѧ|сѧ
дасть|дасть
слово|слово
прѣмѫдростии̇|прѣмѫдростіі
а̇|а
дроугомоу|дроугомоу
слово|слово
раꙁоумѣниꙗ̇|разоумѣніꙗ
и̇|і
рекь|рекь
нѣкто|нѣкто
по|по
что|что
н͠нѣ|н҃нѣ
то|то
не|не
быває̇ть|бъіваеть
по|по
что|что
тогаⷣ|тогад
крⷭ҇тѫщеи|крстѫщеі
сѧ|сѧ
ѧ̇ꙁыци|ѧзъіці
гл͠ахѫ|гл҃ахѫ
а꙼|а
н͠нѣ|н҃нѣ
того|того
нѣсть|нѣсть
и̇мьже|імьже
начѧло|начѧло
бѣше|бѣше
кръщению̇|кръщенію
дх͠овномоу|дх҃овномоу
ꙗ̇коже|ꙗкоже
ѧ̇ꙁы̇кы̇|ѧзъікъі
ѡ̇гꙿнии̇|огніі
приде|пріде
и̇|і
сь|сь
нб͠се|нб҃се
ꙗ̇ви|ꙗві
такоже|такоже
и̇|і
бесѣдами|бесѣдамі
да|да
сѧ|сѧ
ꙁнае̇мо|знаемо
стꙿворить|створіть
приходь|пріходь
є̇го|его
и̇мѣхѫ|імѣхѫ
бо|бо
жидове|жідове
прѣжде|прѣжде
сего|сего
крьшениꙗ̇|крьшеніꙗ
нь|нь
пльти|пльті
тьчиѫ̇|тьчіѫ
ѻ̇чищениꙗ̇|очіщеніꙗ
и̇ѡⷶ҇нь|іоань
кр͠щениꙗ̇|кр҃щеніꙗ
нь|нь
не|не
жидовьскы̇|жідовьскъі
не|не
водоѫ̇|водоѫ
тьчиѫ̇|тьчіѫ
нь|нь
и̇|і
покаꙗ̇ниє̇мь|покаꙗніемь
нь|нь
є̇ще|еще
не|не
вьсе|вьсе
дх͠овнѣ|дх҃овнѣ
да|да
тѣмь|тѣмь
дх͠ь|дх҃ь
и̇|і
дарь|дарь
вьсѣкь|вьсѣкь
дасть|дасть
вѣроуѫ̇щимь|вѣроуѫщімь
и̇|і
ѫ̇ꙁыкы|ѫзъікъі
начѧшѧ|начѧшѧ
бесѣдовати|бесѣдоваті
крьстещеи̇|крьстещеі
се|се
и̇|і
пррⷪ҇цꙵати̇|прроцаті
и̇сцѣлати|ісцѣлаті
ꙗ̇коже|ꙗкоже
комоужде|комоужде
дх͠ь|дх҃ь
ст͠ы|ст҃ъі
даꙗ̇ше|даꙗше
а̇|а
к|к
томоу|томоу
да|да
сѧ|сѧ
оу꙼тврьдить|оутврьдіть
вѣра|вѣра
и̇|і
раꙁидеть|разідеть
сѧ|сѧ
вь|вь
многы(ѥ)|многъіе
страны̇|странъі
и̇ми|імі
жⷷ|же
начѧло|начѧло
бѣше|бѣше
тѣмь|тѣмь
ꙁнамениꙗ̇|знаменіꙗ
сии̇|сіі
чюдеса|чоудеса
ѥꙁы̇чна|езъічна
творѣхꙋ|творѣхоу
сѧ|сѧ
а꙼|а
н͠нѣ|н҃нѣ
вѣра|вѣра
се|се
рашедьши|рашедьші
и̇|і
несоуть|несоуть
трѣбѣ|трѣбѣ
всѣ|всѣ
та|та
ꙁнамениꙗ̇|знаменіꙗ
нь|нь
тѣмь|тѣмь
тогда|тогда
вьсе|вьсе
лицѣ|ліцѣ
невѣсти|невѣсті
бѣхоу|бѣхоу
члв͠ци|члв҃ці
ти|ті
ѿ|от
и̇доль|ідоль
в(ь)|вь
новѣ|новѣ
ѿстоупльше|отстоупльше
и̇|і
оу̇мь|оумь
є̇динако|едінако
дебель|дебель
и̇мꙋще|імоуще
не|не
раꙁоумѣѫ̇ще|разоумѣѫще
дара|дара
невиⷣимаго|невідімаго
ни|ні
вѣдѫще|вѣдѫще
що|що
ѥ̇сть|есть
да|да
тѣмь|тѣмь
ꙁнамены̇та|знаменъіта
бышѧ|бъішѧ
ꙗ̇коже|ꙗкоже
и̇|і
више|віше
гл͠ахь|гл҃ахь
дарове|дарове
бо|бо
дх͠овни|дх҃овні
ѻ̇ви|ові
невиⷣми|невідмі
сѧть|сѧть
нь|нь
вѣрою|вѣрою
тьчию̇|тьчію
достиꙁає̇ми|достізаемі
а꙼|а
дроуꙁы̇|дроузъі
видома|відома
ꙁнамениꙗ̇|знаменіꙗ
покаꙁаѫ̇ть|показаѫть
невѣрьны̇мь|невѣрьнъімь
на|на
и̇ꙁвѣщениє̇|ізвѣщеніе
ꙗ̇коже|ꙗкоже
се|се
рекꙋ|рекоу
грѣхомь|грѣхомь
ѻ̇ставлениє̇|оставленіе
раꙁоумно|разоумно
ѥ̇сть|есть
дѣло|дѣло
невидимь|невідімь
є̇сть|есть
дарь|дарь
како|како
бо|бо
ѡ̇чищає̇мь|очіщаемь
ѿ|от
грѣхь|грѣхь
невиⷣмихь|невідміхь
и̇|і
пльтѣнима|пльтѣніма
ѻ̇чима|очіма
по|по
что|что
и̇мьжⷷ|імьже
ѥⷭ҇|ес
дш͠и|дш҃і
ѡ̇чищениѥ̇|очіщеніе
дш͠е|дш҃е
же|же
ѻ̇чима|очіма
пльтьни̇ма|пльтьніма
нⷭ҇ѣ|нсѣ
видѣти|відѣті
да|да
ѻ̇чищени|очіщені
дх͠ѻвно|дх҃овно
раꙁоумⷷнь|разоумень
дарь|дарь
є̇сть|есть
ѡ̇чима|очіма
пльтныма|пльтнъіма
неви[ди]мо|невідімо
и̇|і
ѧ̇ꙁыкы|ѧзъікъі
гл͠ати|гл҃аті
раꙁличны̇мии|разлічнъіміі
то|то
тоє̇сть|тоесть
раꙁоумно|разоумно
дѣи̇ство|дѣіство
и̇|і
ст͠аго|ст҃аго
д͠ха|д҃ха
видимо|відімо
же|же
дає̇ть|даеть
ꙁнамениє̇|знаменіе
и̇|і
невѣрны̇мь|невѣрнъімь
оу̇вѣдомо|оувѣдомо
ѥ̇же|еже
бо|бо
вьнꙋтрь|вьноутрь
вь|вь
дш͠и|дш҃і
быває̇ть|бъіваеть
дѣи̇ство|дѣіство
невиⷣмомоу|невідмомоу
рекꙋ|рекоу
вышнеє̇|въішнее
ꙗ̇влениє̇|ꙗвленіе
и̇|і
сего|сего
ради|раді
и̇|і
павель|павель
гл͠еть|гл҃еть
комⷹждо|комоуждо
ѡ̇бавлениѥ̇|обавленіе
дх͠а|дх҃а
даѥ̇ть|даеть
сѧ|сѧ
на|на
поспѣхь|поспѣхь
да|да
намь|намь
нѣсѫть|нѣсѫть
трѣбѣ|трѣбѣ
ꙁнамениꙗ̇та|знаменіꙗта
вѣрѣ|вѣрѣ
и̇ꙁдавꙿна|іздавна
сѫщи|сѫщі
раꙁьшедьше|разьшедьше
сѧ|сѧ
вь|вь
многы|многъі
страни|страні
и̇ми|імі
вь|вь
вѣрѣ|вѣрѣ
сѫщемь|сѫщемь
павель|павель
бо|бо
а꙼плⷭ҇ь|аплсь
гл͠еть|гл҃еть
ꙁнамениꙗ̇|знаменіꙗ
не|не
вѣрѫ|вѣрѫ
и̇мѧщимь|імѧщімь
нь|нь
невѣрны̇мь|невѣрнъімь
да|да
тѣмь|тѣмь
и̇|і
не|не
бы̇вать|бъівать
н͠нѣ|н҃нѣ
ꙁнамениꙗ̇|знаменіꙗ
така|така
вѣрѣ|вѣрѣ
сѧ|сѧ
оу꙼тврьдивьши|оутврьдівьші
ꙃѣло|зѣло
нѫ|нѫ
мы̇|мъі
ꙁде|зде
ѻ̇ставивьше|оставівьше
и̇|і
скаꙁаниѥ̇|сказаніе
се|се
видимь|відімь
дьн͠есь|дьн҃есь
что|что
пишеть|пішеть
великы|велікъі
лоука|лоука
рекы̇|рекъі
вь|вь
сконꙿчани|скончані
.н͠.тьницѫ|н҃тьніцѫ
ꙗ̇вишѧ|ꙗвішѧ
сѧ|сѧ
и̇мь|імь
раꙁⷣѣлае̇ми|раздѣлаемі
ѫ̇ꙁыци|ѫзъіці
ꙗ̇ко|ꙗко
и̇|і
ѡг͠нь|ог҃нь
нь|нь
не|не
ꙩ̇г͠нь|ог҃нь
ни|ні
ꙗ̇ко|ꙗко
ѻ̇гн͠ь|огн҃ь
и̇|і
да|да
не|не
мниши|мніші
е̇дино|едіно
ѿ|от
виⷣмыⷯ҇|відмъіх
дх͠ь|дх҃ь
сы̇|съі
ꙗ̇коже|ꙗкоже
бо|бо
вь|вь
е̇рьданьсныхь|ерьданьснъіхь
бы̇стринахь|бъістрінахь
не|не
голѫбь|голѫбь
сьниде|сьніде
ни|ні
видь|відь
ꙗ̇ко|ꙗко
и̇|і
голѫбь|голѫбь
такожеⷣ|такожед
и̇|і
ст͠ы̇|ст҃ъі
дх͠ь|дх҃ь
сьниде|сьніде
не|не
ѻ̇гн͠ь|огн҃ь
нѫ|нѫ
видомь|відомь
ѻ̇гн͠ьномь|огн҃ьномь
и̇|і
пакы|пакъі
бывьше|бъівьше
реⷱ҇|реч
ꙗ̇ко|ꙗко
носимоу|носімоу
вѣꙗ̇нию̇|вѣꙗнію
боурꙿномꙋ|боурномоу
нъ|нъ
не|не
вѣтрь|вѣтрь
боурень|боурень
нь|нь
ꙗ̇ко|ꙗко
носимоу|носімоу
вѣꙗ̇нию̇|вѣꙗнію
боурьномоу|боурьномоу
да|да
никакоже|нікакоже
помышлѣє̇ши|помъішлѣеші
ѿ|от
видимыхь|відімъіхь
и̇лы|ілъі
ѡ̇гꙿнь|огнь
и̇ли|ілі
голѫбь|голѫбь
и̇ли|ілі
вѣтрь|вѣтрь
сѫщь|сѫщь
нь|нь
видь|відь
тѣхь|тѣхь
сходѧщь|сходѧщь
вь|вь
сеи̇|сеі
дн͠ь|дн҃ь
братиѥ̇|братіе
сл͠нце|сл҃нце
сьниде|сьніде
дх͠овноѥ̇|дх҃овное
и̇|і
и̇спльни|іспльні
свѣта|свѣта
вьсѧ|вьсѧ
ꙁемѧ|земѧ
да|да
тѣмь|тѣмь
праꙁноуѫ̇ще|празноуѫще
раоуⷣє̇мь|раоудемь
сѧ|сѧ
ѻ̇бѣщание̇|обѣщаніе
сконьчано|сконьчано
видѧще|відѧще
таи̇на|таіна
си|сі
велика|веліка
ѥ̇сть|есть
не|не
ꙃѣло|зѣло
ли|лі
велика|веліка
сьи̇|сьі
бо|бо
дх͠ь|дх҃ь
ст͠ы|ст҃ъі
бѣше|бѣше
присно|прісно
є̇сть|есть
и̇|і
бѫдеть|бѫдеть
ни|ні
начинає̇мь|начінаемь
ни|ні
прѣстає̇мь|прѣстаемь
нь|нь
присно|прісно
сь|сь
ѻ̇ц͠емꙿ|оц҃ем
и̇|і
сь|сь
сн͠омь|сн҃омь
чьтомь|чьтомь
и̇|і
славимь|славімь
приє̇млемь|пріемлемь
а̇|а
не|не
прие̇мле|пріемле
сьврьшаѫ̇|сьврьшаѫ
а̇|а
не|не
сьврьшае̇мь|сьврьшаемь
ст͠е|ст҃е
а̇|а
не|не
ст͠имь|ст҃імь
бж͠ѫ|бж҃ѫ
а̇|а
не|не
бж͠имь|бж҃імь
виⷣмь|відмь
беꙁьлѣтень|безьлѣтень
не|не
вьмѣстымь|вьмѣстъімь
не|не
и̇ꙁмѣнень|ізмѣнень
не|не
ѻ̇сежемь|осежемь
и̇|і
не|не
посежимь|посежімь
самошествень|самошествень
присношествень|прісношествень
самⷪвластень|самовластень
вьсемощень|вьсемощень
а꙼ще|аще
и̇|і
кь|кь
прьвѣи̇|прьвѣі
винѣ|вінѣ
рекꙋ|рекоу
же|же
и̇|і
кь|кь
ѻ̇ц͠оу|оц҃оу
ꙗ̇коже|ꙗкоже
ѥ̇диночѧдаго|едіночѧдаго
вьсе|вьсе
такожде|такожде
и̇|і
ст͠аго|ст҃аго
дх͠а|дх҃а
вьсилае̇ть|вьсілаеть
сѧ|сѧ
жиꙁнь|жізнь
и̇|і
жи̇во|жіво
творивь|творівь
свѣть|свѣть
и̇|і
даѥ̇|дае
свѣть|свѣть
сама|сама
благодѣть|благодѣть
и̇|і
и̇сточникь|істочнікь
бл͠годѣтии̇|бл҃годѣтіі
и̇|і
дх͠ь|дх҃ь
правы̇|правъі
влкⷣа|влкда
и̇|і
г͠ь|г҃ь
посилаѫ̇|посілаѫ
и̇|і
ѿлꙋчаѫ̇|отлоучаѫ
и̇ꙁводь|ізводь
дѣи̇ствоуѫ̇|дѣіствоуѫ
ꙗ̇коже|ꙗкоже
хотѧ|хотѧ
раꙁдѣлаѫ̇|раздѣлаѫ
дары̇|даръі
дх͠осн͠отворениꙗ̇|дх҃осн҃отвореніꙗ
и̇стины̇|істінъі
и̇|і
прѣмѫдрости|прѣмѫдрості
и̇|і
раꙁоумѣниꙗ̇|разоумѣніꙗ
вѣдѣниꙗ̇|вѣдѣніꙗ
доброчьстиꙗ̇|доброчьстіꙗ
свѣта|свѣта
мощи|мощі
боꙗ̇ꙁꙿни|боꙗзні
и̇мьже|імьже
ѻ̇ц͠ь|оц҃ь
ꙁнає̇мь|знаемь
е̇сть|есть
и̇|і
сн͠ь|сн҃ь
славимь|славімь
и̇|і
приходомь|пріходомь
тьчиѫ̇|тьчіѫ
вѣдомь|вѣдомь
є̇сть|есть
и̇|і
е̇диночи(н͠ь)ство|едіночін҃ьство
и̇|і
слоужба|слоужба
е̇дина|едіна
и̇|і
поклонь|поклонь
и̇|і
сильство|сільство
что|что
ли|лі
же|же
продльжаѫ̇|продльжаѫ
вьсе|вьсе
є̇же|еже
ѡ̇ц͠ь|оц҃ь
и̇мать|імать
то|то
сн͠овь|сн҃овь
не|не
ѥⷭ҇|ес
и̇|і
ст͠аго|ст҃аго
дх͠а|дх҃а
раꙁвѣ|развѣ
рожеⷣниꙗ̇|рожедніꙗ
оу̇тѣшитель|оутѣшітель
г͠ь|г҃ь
дѣи̇ствоваши|дѣіствоваші
и̇|і
дѣи̇ствоває̇ть|дѣіствоваеть
вь|вь
а꙼нг͠льскыхь|анг҃льскъіхь
силахь|сілахь
небо|небо
ѿ|от
и̇нꙋдоу|іноудоу
и̇мь|імь
ѥ̇сть|есть
сьврьшениє̇|сьврьшеніе
раꙁвѣ|развѣ
ѿ|от
ст͠аа̇го|ст҃ааго
дх͠а|дх҃а
тои̇же|тоіже
вь|вь
ѻ̇ц͠ехь|оц҃ехь
и̇|і
вь|вь
пррⷪ҇цѣхь|прроцѣхь
и̇мьже|імьже
сѧ|сѧ
ꙗ̇ви|ꙗві
б͠ь|б҃ь
несꙋщиє̇мь|несоущіемь
нь|нь
ꙗ̇коже|ꙗкоже
мощі̇|мощі
бѣше|бѣше
видѣти|відѣті
а̇|а
дроуꙁи|дроузі
и̇|і
ѥ̇же|еже
ѥⷭ҇|ес
послѣди|послѣді
и̇|і
того|того
доꙁрѣшѧ|дозрѣшѧ
дх͠омь|дх҃омь
ведоми|ведомі
тако|тако
бо|бо
є̇|е
сила|сіла
сего|сего
оу̇тѣшителѣ|оутѣшітелѣ
г͠а|г҃а
таче|таче
потомь|потомь
вь|вь
хвⷭ҇ѣхь|хвсѣхь
оу꙼ченицѣхь|оученіцѣхь
нь|нь
бл͠гословены|бл҃гословенъі
ты|тъі
бж͠е|бж҃е
ѡ̇ч͠е|оч҃е
и̇|і
сн͠е|сн҃е
и̇|і
ст͠ы|ст҃ъі
дш͠е|дш҃е
и̇же|іже
нашего|нашего
строꙗ̇|строꙗ
дѣлѣ|дѣлѣ
се|се
ликѫ|лікѫ
млтⷭ҇ь|млтсь
строи̇шии̇|строішіі
є̇гоже|егоже
нашь|нашь
оу꙼мь|оумь
не|не
мⷪжеть|можеть
домислитꙵ|домісліт
се|се
тоже|тоже
ты|тъі
намь|намь
дае̇ши|даеші
днⷭ҇е|днсе
да|да
се|се
дѣлꙿма|дѣлма
раоуⷣѧ̇ще|раоудѧще
сѧ|сѧ
и̇|і
веⷭ҇лѧще|веслѧще
сѧ|сѧ
славославимь|славославімь
тѧ|тѧ
вь|вь
свѣтли|свѣтлі
праꙁьнникь|празьннікь
ꙗ̇коже|ꙗкоже
бо|бо
и̇ꙁь|ізь
врати|враті
сл͠нечни|сл҃нечні
дроугь|дроугь
дроуга|дроуга
прѣминоуѫ̇ть|прѣміноуѫть
такоже|такоже
и̇|і
вь|вь
црк͠ви|црк҃ві
нашеи̇|нашеі
быває̇ть|бъіваеть
и̇|і
праꙁьникь|празьнікь
праꙁꙿника|празніка
прѣминоуѫ̇|прѣміноуѫ
и̇|і
кь|кь
намь|намь
приходить|пріходіть
праꙁновахомь|празновахомь
рожьⷣство|рожьдство
хв͠о|хв҃о
таче|таче
кр͠щениє̇|кр҃щеніе
таче|таче
срѣтениє̇|срѣтеніе
потомь|потомь
вькрⷭ҇ениє̇|вькрсеніе
таче|таче
вьшествиє̇|вьшествіе
на|на
н͠бо|н҃бо
г͠а|г҃а
нашего|нашего
і̇сьⷭ҇|ісьс
хаⷭ҇|хас
а̇|а
днⷭ҇е|днсе
вь|вь
самоє̇|самое
се|се
сьврьшениє̇|сьврьшеніе
придохомь|прідохомь
вь|вь
врьховны̇|врьховнъі
праꙁникь|празнікь
вь|вь
самото|самото
врѣмѧ|врѣмѧ
хвⷭ҇а|хвса
ѻ̇бѣщаниꙗ̇|обѣщаніꙗ
и̇|і
бо|бо
а̇ꙁь|азь
и̇дꙋ|ідоу
рече|рече
дроугы̇|дроугъі
параклить|паракліть
є̇же|еже
ѥ̇сть|есть
ꙋтѣшитель|оутѣшітель
послѫ|послѫ
вамь|вамь
и̇|і
не|не
ѻ̇ставлѧ|оставлѧ
вась|вась
сироты̇|сіротъі
видитель|відітель
млтⷭ҇ы̇|млтсъі
гн͠ѫ|гн҃ѫ
ведител|ведітел
и|і
чл͠колюбиє̇|чл҃колюбіе
неи̇сповѣдимоє̇|неісповѣдімое
вьшедь|вьшедь
на|на
нб͠о|нб҃о
и̇|і
посла|посла
(на)мь|намь
дх͠ь|дх҃ь
ст͠ы̇|ст҃ъі
є̇диносѫщны̇|едіносѫщнъі
и̇|і
є̇динославны̇|едінославнъі
ти|ті
симь|сімь
не|не
оу̇четенⷧꙋю|оучетенлоую
бл͠годѣть|бл҃годѣть
дасть|дасть
сьи̇|сьі
бо|бо
ны̇|нъі
пⷶраклить|паракліть
ни|ні
г͠ь|г҃ь
вьсѧ|вьсѧ
стро(ѥ)|строе
и̇|і
творить|творіть
симь|сімь
работы|работъі
гонеꙁнемь|гонезнемь
и̇|і
на|на
свободѫ|свободѫ
ꙃовоми|зовомі
є̇смы̇|есмъі
и̇|і
сн͠ове|сн҃ове
бы̇ває̇мь|бъіваемь
и̇|і
с|с
просто|просто
рещи|рещі
понавлає̇ть|понавлаеть
ны̇|нъі
и̇ꙁ|із
нова|нова
тешькыѫ̇|тешькъіѫ
и̇|і
смрⷶдны̇|смраднъі
ⷾ|ѫ
грѣхы̇|грѣхъі
ѿє̇млѧще|отемлѧще
ст͠ымь|ст҃ъімь
дх͠омь|дх҃омь
и̇|і
выдимь|въідімь
є̇реи̇скы|ереіскъі
ликь|лікь
створии̇мь|створіімь
и̇|і
оу̇чительскы̇ѫ̇|оучітельскъіѫ
чины̇|чінъі
ѿ|от
того|того
источника|істочніка
ꙗ̇влѣє̇ми|ꙗвлѣемі
дарове|дарове
и̇|і
и̇сцѣлению̇|ісцѣленію
благодѣть|благодѣть
и̇|і
и̇но|іно
вьсе|вьсе
є̇же|еже
є̇сть|есть
кртⷭ҇иꙗ̇ньство|кртсіꙗньство
оу̇творено|оутворено
и|і
ѿ|от
тѫдоу|тѫдоу
и̇мать|імать
поданиѥ̇|поданіе
и̇|і
вьпиє̇ть|вьпіеть
павел|павел
гл͠ѫ|гл҃ѫ
вьсе|вьсе
же|же
се|се
дꙗи̇ствоує̇ть|дꙗіствоуеть
ѥ̇динь|едінь
самь|самь
тьи̇|тьі
дх͠ь|дх҃ь
раꙁлѫчаѫ̇|разлѫчаѫ
своє̇|свое
комоуждо|комоуждо
ꙗ̇коже|ꙗкоже
мыслѫ|мъіслѫ
а꙼|а
не|не
ꙗ̇коже|ꙗкоже
повелѣньномоу|повелѣньномоу
е̇сть|есть
раꙁдѣлаѫ̇|раздѣлаѫ
а꙼|а
не|не
раꙁдѣлѣѥ̇мь|раздѣлѣемь
влкⷣа|влкда
а꙼|а
не|не
ѡбладаемь|обладаемь
такожде|такожде
бо|бо
влⷭ҇а|влса
ꙗкоже|ꙗкоже
ѡ̇|о
ѡ̇ц͠и|оц҃і
свѣдѣтельствоува|свѣдѣтельствоува
павелъ|павелъ
тожеⷣ|тожед
и̇|і
ѻ̇|о
ст͠ѣ|ст҃ѣ
доусѣ|доусѣ
положи|положі
ꙗ̇коже|ꙗкоже
бо|бо
ѡ̇|о
ѻ̇ц͠и|оц҃і
реⷱ҇|реч
а̇|а
б͠ь|б҃ь
е̇сть|есть
дѣи̇ствоуѫ̇|дѣіствоуѫ
и̇|і
все|все
вꙿсѣхь|всѣхь
такожде|такожде
и̇|і
ѡ̇|о
ст͠ѣмь|ст҃ѣмь
доусѣ|доусѣ
се|се
же|же
вьсе|вьсе
дѣиствоує̇ть|дѣіствоуеть
є̇динь|едінь
самь|самь
тꙿи̇|ті
дх͠ь|дх҃ь
раꙁⷣѣлѣѫ̇|раздѣлѣѫ
сво(є̇)|свое
коѥ̇моуждо|коемоуждо
видиши|відіші
ли|лі
сьврьшенѫ|сьврьшенѫ
тꙋ|тоу
власть|власть
и̇же|іже
бо|бо
власть|власть
є̇дина|едіна
то|то
тѣⷯ҇|тѣх
ѥ̇дино|едіно
гвⷭ҇о|гвсо
и̇хь|іхь
же|же
бо|бо
равень|равень
санꙿ|сан
и̇|і
свѣть|свѣть
то|то
тѣхь|тѣхь
и̇|і
сила|сіла
и̇|і
власть|власть
є̇дина|едіна
симь|сімь
оу̇тѣшителемь|оутѣшітелемь
вьсѣкоѥ̇|вьсѣкое
скврыⷩ|сквръін
ѻ̇чистимь|очістімь
сѧ|сѧ
чл͠вѣци|чл҃вѣці
бреньни|бреньні
а꙼нг͠ли|анг҃лі
се|се
створишѧ|створішѧ
и̇же|іже
кь|кь
бл͠годѣти|бл҃годѣті
сеи̇|сеі
пристѫпишѧ|прістѫпішѧ
не|не
є̇стьствомь|естьствомь
сѧ|сѧ
прѣмѣ(ни)шѧ|прѣмѣнішѧ
нь|нь
ѥ̇же|еже
и̇|і
чюдно|чоудно
сꙋщее̇|соущее
вь|вь
ѥ̇стъствѣ|естъствѣ
чл͠чьстѣ|чл҃чьстѣ
а꙼нг͠льско|анг҃льско
житиє̇|жітіе
ꙗ̇влѣꙗ̇хѫ|ꙗвлѣꙗхѫ
и̇же|іже
бо|бо
прѣжде|прѣжде
вьсхода|вьсхода
хвⷭ҇а|хвса
трепетахѫ|трепетахѫ
жидове|жідове
бо|бо
ѥ̇ще|еще
сѧ|сѧ
то|то
то|то
н͠нѣ|н҃нѣ
вижьⷣ|віжьд
понеже|понеже
ѻ̇бѣщаниє̇|обѣщаніе
хаⷭ҇|хас
б͠а|б҃а
сьниде|сьніде
рекꙋ|рекоу
же|же
ст͠ы|ст҃ъі
дх͠ь|дх҃ь
г͠ь|г҃ь
дроугы̇и̇|дроугъіі
г͠ь|г҃ь
како|како
ти|ті
не|не
тьчиѫ̇|тьчіѫ
не|не
бои̇ть|боіть
сѧ|сѧ
ни|ні
трепещѫть|трепещѫть
и̇хꙿ|іх
ꙗ̇ко|ꙗко
и̇|і
на|на
сласти|сласті
на|на
дары|даръі
оу̇ришꙋть|оурішоуть
сѧ|сѧ
тако|тако
бо|бо
є̇сть|есть
сила|сіла
и̇|і
сладость|сладость
дх͠а|дх҃а
влкⷣы|влкдъі
ти|ті
ꙗ̇коже|ꙗкоже
вь|вь
ѻ̇г͠нь|ог҃нь
сь|сь
видимы̇и̇|відімъіі
геⷣ|гед
вьложиши|вьложіші
каль|каль
слабь|слабь
тоуже|тоуже
и̇|і
сꙋчень|соучень
мокро|мокро
и̇|і
камень|камень
се|се
створить|створіть
такоже|такоже
и̇|і
ѡ̇г͠нь|ог҃нь
дх͠овны̇и̇|дх҃овнъіі
где|где
прии̇меть|прііметь
чл͠ка|чл҃ка
вѣрꙿна|вѣрна
а꙼ще|аще
брениꙗ̇|бреніꙗ
бѫдеть|бѫдеть
слабѣ|слабѣ
и̇|і
то|то
створить|створіть
желѣꙁа|желѣза
жесточѣи̇ша|жесточѣіша
и̇|і
и̇же|іже
бѫдеть|бѫдеть
прѣжеⷣ|прѣжед
каломь|каломь
грѣховꙿныⷨ|грѣховнъім
ꙩ̇сꙿкврꙿнень|оскврнень
то|то
створить|створіть
слн͠ца|слн҃ца
паче|паче
свѣтлѣи̇ша|свѣтлѣіша
и̇|і
се|се
ны̇|нъі
оу̇че|оуче
бл͠жены̇|бл҃женъі
павель|павель
и̇|і
вьпиє̇ть|вьпіеть
рекы̇и̇|рекъіі
не|не
прѣльщаи̇те|прѣльщаіте
себе|себе
ни|ні
блѫдн͠ици|блѫдн҃іці
ни|ні
капищьници|капіщьніці
слоужителе|слоужітеле
ни|ні
прѣлюбодѣици|прѣлюбодѣіці
и̇|і
такы(ѥ̇)|такъіе
сꙿкꙿврьни|скврьні
дѣѫ̇ще|дѣѫще
ц͠рьствиꙗ̇|ц҃рьствіꙗ
бж͠иꙗ̇|бж҃іꙗ
не|не
прии̇мѫть|пріімѫть
начитавь|начітавь
скврьнꙿнаа̇|скврьннаа
дѣла|дѣла
и̇хь|іхь
же|же
а꙼ꙁь|азь
ꙁде|зде
не|не
могѫ|могѫ
и̇ꙁоустити|ізоустіті
и̇|і
скаꙁа|сказа
рекы̇|рекъі
и̇|і
жита|жіта
творѧть|творѧть
не|не
и̇мѫть|імѫть
видѣти|відѣті
цр͠ьствиꙗ̇|цр҃ьствіꙗ
бж͠иꙗ̇|бж҃іꙗ
таче|таче
приведы̇|пріведъі
и̇|і
реⷱ҇|реч
се|се
е̇тери|етері
бѣсте|бѣсте
нь|нь
ѻ̇мы̇сте|омъісте
сѧ|сѧ
нь|нь
ѻ̇правьдисте|оправьдісте
сѧ|сѧ
нь|нь
ѻ̇ст͠исте|ост҃істе
сѧ|сѧ
какоже|какоже
и̇|і
лика|ліка
цѣмь|цѣмь
ꙩ̇браꙁомь|образомь
повѣждь|повѣждь
ѡ̇|о
великы̇|велікъі
павле|павле
сего|сего
бо|бо
и̇щемь|іщемь
реⷱ҇|реч
и̇менемь|іменемь
і̇сьⷭ҇|ісьс
хвⷭ҇омь|хвсомь
и̇|і
дх͠омь|дх҃омь
б͠а|б҃а
нашего|нашего
видѣ|відѣ
ли|лі
ст͠аго|ст҃аго
силꙋ|сілоу
дроужє|дроуже
раꙁоумѣ|разоумѣ
ли|лі
ꙗ̇коже|ꙗкоже
дх͠ь|дх҃ь
ст͠ы|ст҃ъі
и̇|і
скврьнꙋ|скврьноу
тꙋ|тоу
и̇|і
вьсе|вьсе
ꙁло|зло
ѻ̇чистии|очістіі
и̇|і
беꙁь|безь
вѣсти|вѣсті
ѥⷭ҇|ес
створиль|створіль
да|да
и̇же|іже
бѣшѫ|бѣшѫ
прѣжеⷣ|прѣжед
ѿ|от
кр͠щениꙗ̇|кр҃щеніꙗ
ѡ̇скврьнили|оскврьнілі
се|се
вьсацѣми|вьсацѣмі
грѣхы|грѣхъі
то|то
ты|тъі
напрасно|напрасно
оцѣсти|оцѣсті
и̇|і
вьꙁведе|вьзведе
на|на
прѣвеликꙋю|прѣвелікоую
чтⷭ҇ь|чтсь
ѻ̇|о
славны̇|славнъі
влкⷣо|влкдо
и̇|і
оу̇тѣшителю|оутѣшітелю
ѻ̇|о
великаꙗ̇|велікаꙗ
м͠олстии̇|м҃олстіі
и̇|і
притранꙿнаꙗ̇|прітраннаꙗ
сило|сіло
и̇|і
вѣдии̇|вѣдіі
твои̇|твоі
бо|бо
неи̇спытани|неіспъітані
сꙋдове|соудове
и̇|і
неи̇слѣдьни|неіслѣдьні
пꙋти|поуті
и̇|і
ꙗ̇коже|ꙗкоже
и̇|і
ѡ̇ц͠ь|оц҃ь
є̇диночѧдаго|едіночѧдаго
сн͠а|сн҃а
и̇|і
є̇дино|едіно
бж͠ьство|бж҃ьство
и̇|і
сꙋще|соуще
вы̇шьше|въішьше
вь|вь
триє̇хь|тріехь
и̇постасехь|іпостасехь
вамь|вамь
же|же
слава|слава
и̇|і
чтⷭ҇ь|чтсь
ѿ|от
вьсеѥ⸱|вьсее
твари|тварі
вьꙁноситꙿ|вьзносіт
се|се
и̇|і
н͠нѣ|н҃нѣ
и̇|і
присно|прісно
и̇|і
вь|вь
вѣкы̇|вѣкъі
вѣкомь|вѣкомь
а̇минь|амінь
С|с
Л|л
Ѻ|о
(В҇|в
Ѻ)|о
С|с
Т҇|т
Г|г
О|о
И́|і
Ꙍ|о
(А҇)|а
Н|н
А|а
ꙁлатооу̇стаго|златооустаго
на|на
прѣѻбражєниє̇|прѣображеніе
гн͠е|гн҃е
блвⷭ҇и|блвсі
ѻ̇ч͠е|оч҃е
Придѣте|прідѣте
дн͠есь⸱|дн҃есь
кь|кь
є̇уⷢ҇льскомоу|еугльскомоу
нелѣнѫще|нелѣнѫще
се|се
приꙁримь|прізрімь
к|к
с(ь)кровищоу|ськровіщоу
да|да
ѿ|от
тоудоу|тоудоу
раꙁоумь|разоумь
почрьпемь|почрьпемь
и̇|і
бг͠атьство|бг҃атьство
нетлѣе̇моє̇|нетлѣемое
и̇|і
въсѣмь|въсѣмь
раꙁаⷣѥ̇мо|разадемо
придѣте|прідѣте
сь|сь
мѫдростиѫ̇|мѫдростіѫ
и̇|і
добротоѫ̇|добротоѫ
наставлѣѫ̇щоу|наставлѣѫщоу
и̇|і
пакы̇|пакъі
послѣдоуѥ̇мь|послѣдоуемь
лоуцѣ|лоуцѣ
да|да
оу̇ꙁримь|оузрімь
пакы|пакъі
хаⷭ҇|хас
на|на
горѫ|горѫ
таворꙿскꙋю|таворскоую
вьсходѫща|вьсходѫща
петра|петра
и̇|і
и̇ꙗ̇кова|іꙗкова
і̇ѡⷶ҇на|іоана
бж͠естьвнаа꙼го|бж҃естьвнааго
прѣѡ̇бражениꙗ̇|прѣображеніꙗ
приѥ̇млѫще|пріемлѫще
послоухь|послоухь
поє̇мьѫ̇ть|поемьѫть
и̇бо|ібо
реⷱ҇|реч
петра|петра
и̇|і
ꙗ̇кова|ꙗкова
и̇ѻ̇вана|іована
и̇|і
вьꙁы̇де|вьзъіде
на|на
горѫ|горѫ
и̇|і
пом͠ли|пом҃лі
сⱑ⸱|сѧ
гора|гора
вы̇сока|въісока
на|на
не|не
и̇же|іже
ꙁаконы|законъі
пррⷪ҇ци|прроці
бесѣдовашѧ|бесѣдовашѧ
бл͠годѣти|бл҃годѣті
гора|гора
вы̇сока|въісока
на|на
неи̇же|неіже
мои̇си|моісі
а꙼гньца|агньца
ꙁакла|закла
и̇|і
крьвиѫ̇|крьвіѫ
ѥ̇го|его
прагы̇|прагъі
є̇вреи̇скымь|евреіскъімь
храми|храмі
намьꙁа|намьза
кропи|кропі
гора|гора
вы̇сока|въісока
на|на
неи̇же|неіже
и̇лиꙗ̇|іліꙗ
ю̇ньца|юньца
растеса|растеса
и̇|і
воднꙿꙋю|водноую
жрьтвѫ|жрьтвѫ
ѻ̇гꙿнемь|огнемь
пожеже|пожеже
гора|гора
вы̇сока|въісока
на|на
неи̇же|неіже
мои̇си|моісі
и̇|і
и̇лиꙗ̇|іліꙗ
гл͠аста|гл҃аста
сь|сь
хоⷭ҇мь|хосмь
гора|гора
вы̇сока|въісока
на|на
неи̇же|неіже
оу̇вѣдѧть|оувѣдѧть
ꙗ̇же|ꙗже
ѥⷭ҇|ес
ѿ|от
петра|петра
и̇ꙗ̇кова|іꙗкова
и̇ѻ̇вана|іована
ꙗ̇ко|ꙗко
тои̇|тоі
є̇сть|есть
є̇моуже|емоуже
сѧ|сѧ
поклѣнѣѫ̇ть|поклѣнѣѫть
вьсѣ|вьсѣ
колѣна|колѣна
небс͠ныхь|небс҃нъіхь
и̇|і
ꙁемны̇хь|земнъіхь
и̇|і
прѣи̇сподниⷯ҇|прѣісподніх
тѣхь|тѣхь
бо|бо
триѥ̇хь|тріехь
поѥ̇мь|поемь
влкⷣа|влкда
и̇|і
вьꙁиде|вьзіде
на|на
горѫ|горѫ
и̇|і
не|не
вьсѣхь|вьсѣхь
поѫ̇ть|поѫть
нь|нь
вьсѣхь|вьсѣхь
ꙩ̇стави|оставі
ни|ні
ськры̇|ськръі
ѿ|от
дроугы̇хь|дроугъіхь
слави|славі
ни̇|ні
оу̇добь|оудобь
ѻ̇сѫди|осѫді
ни|ні
ꙩ̇скрьбы̇|оскрьбъі
.ѳ͠.тихь|ѳ҃тіхь
праведень|праведень
бо|бо
сьи̇|сьі
и̇|і
праведна|праведна
вса|вса
творить|творіть
и̇|і
вь|вь
є̇дино|едіно
слагаѥ̇ть|слагаеть
вьсѧ|вьсѧ
.г͠.|г҃
ѿ|от
вьсѣхь|вьсѣхь
вьꙁлоуби|вьзлоубі
не|не
раꙁдѣлѣѫ̇|раздѣлѣѫ
же|же
сьвькоуплениѥ̇|сьвькоупленіе
понеже|понеже
недосоⷮѥ̇нь|недосотень
бѣше|бѣше
бж͠иꙗ̇|бж҃іꙗ
ѻ̇бавлениꙗ̇|обавленіꙗ
и̇|і
страшнаго|страшнаго
тѡго|того
видѣниꙗ̇|відѣніꙗ
хотѧ|хотѧ
быти|бъіті
прѣдатель|прѣдатель
того|того
ради|раді
и̇же|іже
бѣшѧ|бѣшѧ
сь|сь
нимь|німь
то|то
ты̇ѥ̇|тъіе
ѡ̇стави|оставі
сь|сь
нимь|німь
да|да
не|не
є̇диного|едіного
ѡставѧть|оставѧть
да|да
весь|весь
ѿвѣть|отвѣть
послѣжеⷣ|послѣжед
ѡ̇ставить|оставіть
и̇|і
прѣѡ̇бражению̇|прѣображенію
.г͠.|г҃
довольнии̇|довольніі
и̇|і
и̇ꙁведеть|ізведеть
по|по
дш͠и|дш҃і
послоухь|послоухь
и̇|і
прочѧѫ̇|прочѧѫ
приходѧщѫ|пріходѧщѫ
самь|самь
бо|бо
реⷱ҇|реч
ѡ̇ч͠е|оч҃е
праведꙿныи̇|праведнъіі
сьхраниѩ̇|сьхраніѧ
даи̇|даі
ти|ті
е̇дино|едіно
бодѫть|бодѫть
ꙗ̇ко|ꙗко
и̇мы̇|імъі
ѥ̇дино|едіно
є̇смы̇|есмъі
види|віді
же|же
и̇ю̇да|іюда
а꙼ньдреꙗ̇|аньдреꙗ
ѳомѫ|ѳомѫ
же|же
и̇|і
филипа|філіпа
и̇|і
прочѧѫ̇|прочѧѫ
сь|сь
нимь|німь
ходѫщѫ|ходѫщѫ
и̇|і
никого|нікого
гн͠ѣваѫ̇ща|гн҃ѣваѫща
сѧ|сѧ
ни|ні
ры̇щѫща|ръіщѫща
нь|нь
раоуⷣѫ̇ще|раоудѫще
се|се
вьси|вьсі
и̇|і
ѡ̇бьщаго|обьщаго
часа|часа
чаѫ̇щимь|чаѫщімь
и̇|і
не|не
ѿвѣщаѫ̇|отвѣщаѫ
кь|кь
вьсѣмь|вьсѣмь
и̇|і
хождаше|хождаше
нии̇|ніі
вь|вь
щоже|щоже
на|на
коли|колі
же|же
чюдеса|чоудеса
и̇мѣѫ̇|імѣѫ
нь|нь
и̇|і
ковьчежець|ковьчежець
ношаше|ношаше
и̇|і
творьца|творьца
беꙁь|безь
вины̇|вінъі
ѻ̇клеветаѫ̇|оклеветаѫ
и̇|і
оу̇читєлѣ|оучітелѣ
и̇|і
вл͠кѫ|вл҃кѫ
врагомь|врагомь
сь|сь
дрьꙁновениє̇мь|дрьзновеніемь
прѣдаꙗ̇ше|прѣдаꙗше
и̇|і
что|что
рече|рече
прѣѡ̇браꙁивы|прѣобразівъі
сѧ|сѧ
прѣд|прѣд
ними|німі
и̇|і
ꙗ̇виста|ꙗвіста
сѧ|сѧ
мои̇си|моісі
и̇|і
и̇лиꙗ̇|іліꙗ
гл͠ѧща|гл҃ѧща
сь|сь
нимь|німь
нѫ|нѫ
петрь|петрь
присно|прісно
вьсѣхь|вьсѣхь
теплѣи̇|теплѣі
ѻ̇чима|очіма
раꙁоумны̇ма|разоумнъіма
и̇|і
маже|маже
видѣ|відѣ
николи|ніколі
же|же
и̇|і
оу̇ꙁрѣѫ̇|оузрѣѫ
бесѣдоуѫ̇щѫ|бесѣдоуѫщѫ
кь|кь
себѣ|себѣ
и̇|і
не|не
по|по
многоу|многоу
расмотривыи̇|расмотрівъіі
чюдеса|чоудеса
прѣславнаꙗ̇|прѣславнаꙗ
бж͠иꙗ̇|бж҃іꙗ
свѣдѣниниꙗ̇|свѣдѣнініꙗ
и̇|і
добро|добро
нарицаше|наріцаше
поустоє̇|поустое
мѣсто|мѣсто
на|на
сѣнь|сѣнь
покрьвениє̇|покрьвеніе
и̇|і
ѿ|от
маслинь|маслінь
ломѣше|ломѣше
и̇|і
споуⷭ҇вь|споусвь
пиѫ̇|піѫ
сьтворимь|сьтворімь
.г͠.|г҃
кровы̇|кровъі
тебѣ|тебѣ
є̇динь|едінь
и̇|і
мои̇сеѻ̇ви|моісеові
ѥ̇динь|едінь
и̇|і
и̇лии̇|іліі
дроугы̇|дроугъі
не|не
вѣдѣщо|вѣдѣщо
гл͠еши|гл҃еші
ꙗ̇коже|ꙗкоже
лоука|лоука
прѣмѫдры̇|прѣмѫдръі
ѿвѣщаває̇ть|отвѣщаваеть
не|не
вѣды|вѣдъі
рече|рече
ѥ̇же|еже
гл͠еть|гл҃еть
нь|нь
оу̇ченикь|оученікь
ѥⷭ҇|ес
врьховныи̇|врьховнъіі
и̇|і
прѣдн(и)|прѣдні
а̇пⷭ҇ль|апсль
ѡ̇|о
петре|петре
что|что
смѣрєнаꙗ̇|смѣренаꙗ
мыслиши|мъісліші
поу̇мы̇шлѣѫ̇|поумъішлѣѫ
гл͠еши|гл҃еші
помыслы̇|помъіслъі
чл͠вчьскы̇ѫ̇|чл҃вчьскъіѫ
и̇|і
оу̇карає̇ши|оукараеші
бж͠ьство|бж҃ьство
крови|крові
вь|вь
поустыни|поустъіні
гл͠еши|гл҃еші
творити|творіті
и̇|і
равночьстьна|равночьстьна
рабомь|рабомь
твориши|творіші
и̇|і
влады̇цѣ|владъіцѣ
хⷭ҇оу|хсоу
є̇динѫ|едінѫ
и̇|і
двѣма|двѣма
равно|равно
твориши|творіші
ꙁемиⷧ|земіл
є̇да|еда
бо|бо
мои̇си|моісі
ѿ|от
ст͠аго|ст҃аго
дх͠а|дх҃а
ꙁачѧль|зачѧль
сѧ|сѧ
є̇сть|есть
е̇да|еда
д͠ваꙗ̇|д҃ваꙗ
мати|маті
роди|роді
и̇лиѫ̇|іліѫ
ꙗ̇коже|ꙗкоже
сего|сего
прѣчтⷭ҇ънѣи̇|прѣчтсънѣі
бл͠гословениꙗ̇|бл҃гословеніꙗ
пⷪроди|породі
є̇да|еда
вь|вь
чрѣвѣ|чрѣвѣ
сьи̇|сьі
младенець|младенець
и̇|і
поꙁна|позна
носима|носіма
мои̇сеꙗ̇|моісеꙗ
ꙗ̇коже|ꙗкоже
и̇|і
прѣдитеча|прѣдітеча
г͠а|г҃а
є̇да|еда
небо|небо
покаꙁа|показа
илии̇но|ілііно
рождьство|рождьство
и̇|і
вльсви|вльсві
поклонише|поклоніше
се|се
мои̇сею̇|моісею
вь|вь
пеленахь|пеленахь
ѥ̇да|еда
бо|бо
мѻи̇си|моісі
и̇|і
и̇лиꙗ̇|іліꙗ
толика|толіка
сьдѣꙗ̇(ста)|сьдѣꙗста
чюдеса|чоудеса
и̇ꙁьбраниꙗ̇|ізьбраніꙗ
чл͠ча|чл҃ча
и̇ꙁбрасте|ізбрасте
мои̇си|моісі
бо|бо
раꙁꙿгнѣва|разгнѣва
сѧ|сѧ
и̇ногда|іногда
и̇|і
жеꙁломь|жезломь
раꙁдѣли|раздѣлі
пѫчинѫ|пѫчінѫ
а꙼|а
твои|твоі
оу꙼читель|оучітель
сп͠сь|сп҃сь
тебѣ|тебѣ
петре|петре
пꙋть|поуть
створи|створі
по|по
глѫбинѣ|глѫбінѣ
и̇лиꙗ̇|іліꙗ
же|же
мл͠твоѫ̇|мл҃твоѫ
оу̇множи|оумножі
вьдовици|вьдовіці
и̇|і
мꙋкѫ|моукѫ
и̇|і
тои̇|тоі
сн͠а|сн҃а
вьꙁвⷣиже|вьзвдіже
мрьтва|мрьтва
тебѣже|тебѣже
оу̇чⷷника|оученіка
ѿ|от
рибарь|рібарь
поє̇мь|поемь
и̇|і
малимы̇|малімъі
хлѣбы̇|хлѣбъі
тысѫща|тъісѫща
насытии̇|насъітіі
и̇|і
а꙼да|ада
ꙁагради|заграді
и̇|і
ѿ|от
вѣка|вѣка
сѫщѫѫ̇|сѫщѫѫ
вь|вь
тьмѣ|тьмѣ
и̇ꙁведе|ізведе
и̇|і
ничесоже|нічесоже
не|не
гл͠и|гл҃і
петре|петре
є̇жⱔ|ежѧ
рече|рече
створимь|створімь
.г͠.|г҃
кровы|кровъі
и̇|і
не|не
гл͠и|гл҃і
же|же
пакы̇|пакъі
добро|добро
є̇сть|есть
намь|намь
ꙁде|зде
быти|бъіті
и̇|і
ничесоже|нічесоже
чл͠вѣчьска|чл҃вѣчьска
ни|ні
смѣрена|смѣрена
ни|ні
ꙁемꙿна|земна
и̇|і
нижнѩ̇|ніжнѧ
нь|нь
сь|сь
мы̇сли|мъіслі
горьнꙗꙗ̇|горьнꙗꙗ
сьмишлѣѥ̇|сьмішлѣе
и̇|і
вышнихь|въішніхь
и̇щи|іщі
ꙗ̇коже|ꙗкоже
павель|павель
вьꙁвѣсти|вьзвѣсті
не|не
ꙗ̇же|ꙗже
на|на
ꙁеми|земі
и̇|і
како|како
ѥ̇сть|есть
намь|намь
добро|добро
ꙁде|зде
быти|бъіті
и̇де|іде
жє̇|же
ꙁьми|зьмі
прьвоꙁданаа̇го|прьвозданааго
свистаниє̇мь|свістаніемь
оу̇лови|оулові
и̇|і
раи̇|раі
ꙁатвори|затворі
и̇|і
и̇деже|ідеже
хлѣбь|хлѣбь
беꙁь|безь
пота|пота
слышахомь|слъішахомь
и̇деже|ідеже
стенати|стенаті
и̇|і
трепетати|трепетаті
ѿ|от
каи̇на|каіна
(на)вы̇кохомь|навъікохомь
и̇деже|ідеже
причѧсти(ꙗ̇)⸱|прічѧстіꙗ
не|не
и̇мамы̇|імамъі
нь|нь
и̇дѣже|ідѣже
вьсегаⷣ|вьсегад
сѣнь|сѣнь
и̇дѣже|ідѣже
вьса|вьса
прѣходѧть|прѣходѧть
скоро|скоро
и̇|і
како|како
намь|намь
є̇сть|есть
добро|добро
ꙁде|зде
быти|бъіті
и̇ли|ілі
на|на
се|се
те|те
хьⷭ҇|хьс
ѻ̇стави|оставі
кого|кого
дѣльма|дѣльма
причѧстити|прічѧстіті
се|се
пльти|пльті
и̇|і
крьви|крьві
и̇ли|ілі
на|на
се|се
хьⷭ҇|хьс
приде|пріде
и̇|і
кого|кого
дѣльма|дѣльма
сьниде|сьніде
на|на
а꙼да|ада
и̇|і
падшаго|падшаго
сѧ|сѧ
и̇|і
лежѫщаго|лежѫщаго
въꙁвⷣиже|възвдіже
то|то
какⷪ|како
добро|добро
ѥ̇сть|есть
намь|намь
ꙁде|зде
быти|бъіті
на|на
ꙁеми|земі
вьсоує̇|вьсоуе
нареⷱ҇|нареч
сѧ|сѧ
нбеⷭ҇мь|нбесмь
ключарь|ключарь
и̇|і
где|где
хощеши|хощеші
бити|біті
на|на
потрѣбѫ|потрѣбѫ
вь|вь
ц͠рквь|ц҃рквь
ли|лі
е̇си|есі
поꙁвань|позвань
и̇ли|ілі
сию̇|сію
гороу|гороу
любиши|любіші
и̇|і
паче|паче
вишꙿньиⷯ|вішньіх
нбс͠ь|нбс҃ь
и̇|і
кровы̇|кровъі
хощеши|хощеші
дв͠игнѫти|дв҃ігнѫті
ѿметає̇ши|отметаеші
ли|лі
сѧ|сѧ
нарицати|наріцаті
сѧ|сѧ
црк͠вное̇|црк҃вное
ѻ̇снованиє̇|основаніе
прѣѻ̇браꙃи|прѣобразі
бо|бо
сѧ|сѧ
хьⷭ҇|хьс
не|не
просто|просто
нѫ|нѫ
да|да
намь|намь
покажеть|покажеть
хѻтѫщеє̇|хотѫщее
бы̇ти|бъіті
се|се
ѥⷭ҇ство|есство
прѣѡ̇бражениꙗ̇|прѣображеніꙗ
тьи̇|тьі
бо|бо
є̇сть|есть
соущи|соущі
на|на
ѻ̇блацѣхꙿ|облацѣх
сьи̇|сьі
и̇|і
гл͠ѧ|гл҃ѧ
вь|вь
второе̇|второе
сеи̇|сеі
спнⷭ҇оє̇|спнсое
вьстаниє̇|вьстаніе
и̇же|іже
свѣтомь|свѣтомь
ꙗ̇ко|ꙗко
и̇|і
риꙁоѧ̇|різоѧ
прѣѻ̇дѣꙗ̇|прѣодѣꙗ
сѧ|сѧ
соудыти|соудъіті
живимь|жівімь
и̇|і
мрт͠вымь|мрт҃въімь
того|того
ради|раді
мои̇сиꙗ̇|моісіꙗ
и̇|і
и̇лиѫꙿ|іліѫ
приводить|пріводіть
посрѣдѣ|посрѣдѣ
прѣдꙿнимь|прѣднімь
видѣниє̇мь|відѣніемь
прѣдьставити|прѣдьставіті
выдѣниꙗ̇|въідѣніꙗ
и̇|і
ꙁнамениꙗ̇|знаменіꙗ
и̇|і
что|что
рече|рече
ѥ̇уⷢ҇листь|еуглість
сии̇|сіі
е̇ще|еще
є̇моу|емоу
гл͠ѧщоу|гл҃ѧщоу
и̇|і
се|се
глаⷭ҇|глас
сь|сь
нбеⷭ҇|нбес
гл͠ѧ|гл҃ѧ
се|се
и̇|і
є̇сть|есть
сн͠ь|сн҃ь
мои̇|моі
вьꙁлюбены̇|вьзлюбенъі
ѻ̇|о
немь|немь
же|же
бл͠гои̇ꙁволихь|бл҃гоізволіхь
тѡго|того
послоушаи̇те|послоушаіте
и̇|і
є̇ще|еще
же|же
петрꙋ|петроу
гл͠ѫщоу|гл҃ѫщоу
и̇|і
сь|сь
нбеⷭ҇|нбес
вьꙁьпи|вьзьпі
ѻ̇ц͠ь|оц҃ь
что|что
гнѣває̇ши|гнѣваеші
сѧ|сѧ
петре|петре
что|что
двои̇цине|двоіціне
ѻ̇пасно|опасно
добро|добро
быти|бъіті
гл͠еши|гл҃еші
не|не
вѣди|вѣді
є̇же|еже
гл͠еши|гл҃еші
ꙁабыль|забъіль
ли|лі
сѧ|сѧ
е̇си|есі
и̇|і
нѣси|нѣсі
навикнѫль|навікнѫль
сьблаꙁномь|сьблазномь
гроубостиѫ̇|гроубостіѫ
гл͠ѧты̇|гл҃ѧтъі
е̇си|есі
хьⷭ҇|хьс
сн͠ь|сн҃ь
б͠а|б҃а
живаго|жіваго
толика|толіка
чюдеса|чоудеса
и̇|і
ꙁнамениꙗ̇|знаменіꙗ
видѣвь|відѣвь
вари|варі
і̇ѡⷶна|іоана
и̇|і
е̇ще|еще
симонь|сімонь
е̇си|есі
нбеⷭ҇мь|нбесмь
тѧ|тѧ
ключарѣ|ключарѣ
поставихь|поставіхь
и̇|і
цр͠ьствию̇|цр҃ьствію
клоⷱⷱуⷷ|клоччуе
дрьжиши|дрьжіші
и̇|і
ловитꙿвнаа꙼го|ловітвнааго
ѻ̇бичаꙗ̇|обічаꙗ
ѥ̇ще|еще
ли|лі
не|не
ѡ̇ставиль|оставіль
сѧ|сѧ
є̇си|есі
и̇|і
се|се
третие̇|третіе
ѿстѫпає̇ши|отстѫпаеші
сп͠сова|сп҃сова
сьвѣта|сьвѣта
невѣды̇|невѣдъі
є̇же|еже
гл͠еши|гл҃еші
рече|рече
бо|бо
тьи̇|тьі
мнѣ|мнѣ
пострадати|пострадаті
ѥⷭ҇|ес
а̇|а
ты̇|тъі
гл͠еши|гл҃еші
како|како
бѫдеть|бѫдеть
се|се
тебѣ|тебѣ
реⷱ҇|реч
же|же
пакы̇|пакъі
хⷭ҇ь|хсь
сьблаꙁните|сьблазніте
се|се
ѡ̇|о
мꙿнѣ|мнѣ
и̇|і
гл͠аше|гл҃аше
а꙼ще|аще
вьси|вьсі
сьблаꙁнѧт|сьблазнѧт
сѧ|сѧ
нь|нь
а꙼ꙁь|азь
не|не
сьблаꙁнѫ|сьблазнѫ
сѧ|сѧ
и̇|і
се|се
нн͠ѣ|нн҃ѣ
хѻщеши|хощеші
вьꙁвⷣигнѫти|вьзвдігнѫті
кровь|кровь
мои̇сею̇|моісею
ѥ̇динь|едінь
и̇|і
и̇лии̇|іліі
дроугы̇|дроугъі
и̇|і
дрꙋгы̇|дроугъі
кровь|кровь
хⷭ҇оу|хсоу
и̇же|іже
а꙼биє̇|абіе
ѡ̇снова|основа
сь|сь
мноѫ̇|мноѫ
ꙁемѫ|земѫ
кровь|кровь
хⷭ҇оу|хсоу
и̇же|іже
сь|сь
мноѫ̇|мноѫ
оу̇строи̇|оустроі
море|море
и̇|і
оу̇твръжеⷣниє̇|оутвръжедніе
подрьжить|подрьжіть
кровь|кровь
свѣтила|свѣтіла
пославша|пославша
кровь|кровь
сльньце|сльньце
раждегьша|раждегьша
кровь|кровь
и̇же|іже
ѿ|от
мене|мене
и̇|і
вь|вь
мнѣ|мнѣ
и̇|і
с|с
вами|вамі
кровь|кровь
беꙁьѿтечномоу|безьоттечномоу
а꙼дамоу|адамоу
и̇ꙁь|ізь
матер|матер
немоу|немоу
б͠оу|б҃оу
кровь|кровь
приє̇мьшомоу|пріемьшомоу
кровь|кровь
и̇же|іже
и̇ꙁьбра|ізьбра
оутробѫ|оутробѫ
дв͠ичѧ|дв҃ічѧ
нь|нь
и̇ли|ілі
.в͠.|в҃
и̇ли|ілі
.г͠.|г҃
кровыи̇|кровъіі
мы̇слиши|мъісліші
вьꙁьдвигнѫти|вьзьдвігнѫті
не|не
вѣды̇|вѣдъі
что|что
гл͠еши|гл҃еші
а꙼ꙁь|азь
ѡ̇блакь|облакь
свѣтель|свѣтель
на|на
горахь|горахь
крови|крові
настоѫ̇щаго|настоѫщаго
крови|крові
ѿ|от
вышьнѣго|въішьнѣго
вьпиѫ̇|вьпіѫ
сеи̇|сеі
е̇сть|есть
сн͠ь|сн҃ь
мои̇|моі
вьꙁлюбены̇|вьзлюбенъі
ѻ̇|о
немь|немь
же|же
бл͠го|бл҃го
и̇ꙁьволихь|ізьволіхь
того|того
послоушаи̇те|послоушаіте
не|не
мои̇сеи̇|моісеі
ни|ні
и̇лиа꙼|іліа
ни|ні
сьи̇|сьі
добри|добрі
ꙁа|за
є̇диного|едіного
нь|нь
сьи̇|сьі
о|о
немь|немь
же|же
благо|благо
и̇ꙁволихь|ізволіхь
того|того
послоушаи̇те|послоушаіте
мои̇сеꙗ̇|моісеꙗ
ѡ̇правьдахь|оправьдахь
нь|нь
ѻ̇|о
семь|семь
бл͠го|бл҃го
и̇ꙁволихь|ізволіхь
и̇|і
и̇лиѫ̇|іліѫ
приѥ̇хь|пріехь
нь|нь
сего|сего
послахь|послахь
дв͠оу|дв҃оу
ꙗ̇ко|ꙗко
н͠бо|н҃бо
и|і
и̇же|іже
ѿ|от
дв͠ы̇|дв҃ъі
вь|вь
то|то
само|само
н͠бо|н҃бо
никтоже|ніктоже
бо|бо
реⷱ҇|реч
на|на
н͠бо|н҃бо
вьꙁиде|вьзіде
тькмо|тькмо
и̇же|іже
сь|сь
н͠бсе|н҃бсе
сьниде|сьніде
прии̇де|прііде
н͠нѣ|н҃нѣ
и̇|і
сьниде|сьніде
на|на
ꙁемлѫ|землѫ
Прии̇де|прііде
и̇|і
самь|самь
се|се
и̇ꙁлиꙗ̇|ізліꙗ
и̇|і
вьсхотѣвь|вьсхотѣвь
вь|вь
ѡ̇браꙁь|образь
раби|рабі
ѻ̇блѣщи|облѣщі
сѧ|сѧ
и̇|і
прѣбⷭ҇ы̇|прѣбсъі
ꙗ̇коже|ꙗкоже
бѣ|бѣ
и̇|і
быⷭ҇|бъіс
нась|нась
ради|раді
нь|нь
и̇|і
крⷭ҇ть|крсть
наⷭ҇|нас
ради|раді
по|по
наⷭ҇|нас
прѣтрьпѣ|прѣтрьпѣ
и̇|і
своє̇ѫ̇|своеѫ
крьвию|крьвію
мирь|мірь
и̇скоупи|іскоупі
не|не
мꙋтное̇|моутное
сьмотрениє̇|сьмотреніе
и̇|і
прѣбы̇ваѫ̇|прѣбъіваѫ
пакы̇|пакъі
нь|нь
прѣмлькни|прѣмлькні
петре|петре
гл͠е|гл҃е
ꙗ̇ко|ꙗко
добро|добро
є̇сть|есть
намь|намь
быти|бъіті
ꙁде|зде
и̇|і
не|не
моꙁи|мозі
чл͠вчьскаꙗ̇|чл҃вчьскаꙗ
мислите|місліте
нѫ|нѫ
бж͠естьвнаꙗ̇|бж҃естьвнаꙗ
се|се
бо|бо
ѥ̇сть|есть
сн͠ь|сн҃ь
мои̇|моі
вьꙁлюбены̇|вьзлюбенъі
ѻ̇|о
немꙿ|нем
же|же
бл͠агои̇ꙁволихь|бл҃агоізволіхь
того|того
послоушаи̇те|послоушаіте
понеже|понеже
бо|бо
ѡ̇|о
немь|немь
тако|тако
и̇ꙁрекохь|ізрекохь
глаⷭ҇|глас
при|прі
вась|вась
на|на
горѣ|горѣ
сеи̇|сеі
и̇|і
при|прі
і̇ѡⷶнѣ|іоанѣ
на|на
и̇ѡрьданьстѣи̇|іорьданьстѣі
рѣцѣ|рѣцѣ
да|да
тако|тако
пррⷪ҇чьскы̇|пррочьскъі
глаⷭ҇|глас
и̇стиньнь|істіньнь
є̇сть|есть
рече|рече
бо|бо
ѳаворь|ѳаворь
и̇|і
ѥ̇рьмонь|ерьмонь
ѻ̇|о
и̇мени|імені
твоє̇мь|твоемь
вьꙁрадоваста|вьзрадоваста
сѧ|сѧ
и̇|і
которимь|которімь
и̇менемь|іменемь
мои̇сеѡ̇вѣмь|моісеовѣмь
ли|лі
и̇|і
и̇ли|ілі
и̇лии̇нѣмь|іліінѣмь
не|не
симь|сімь
ли|лі
и̇менемь|іменемь
є̇динороднаа̇го|едінороднааго
сн͠а|сн҃а
моѥ̇го|моего
се|се
ѥ̇сть|есть
сн͠ь|сн҃ь
ми|мі
вьꙁлюбены̇|вьзлюбенъі
нь|нь
дасть|дасть
сѧ|сѧ
е̇моу|емоу
ꙗ̇коже|ꙗкоже
рече|рече
павель|павель
и̇ме|іме
ѥ̇же|еже
ѥⷭ҇|ес
боле|боле
вьсѣкого|вьсѣкого
и̇мени|імені
и̇|і
что|что
ѥⷭ҇|ес
ѳаворь|ѳаворь
и̇|і
е̇рьмⷪнь|ерьмонь
ѻ̇|о
и̇мени|імені
твоє̇мь|твоемь
(в)ьꙁраоуⷣваста|вьзраоудваста
сѧ|сѧ
навикни|навікні
н͠нѣ|н҃нѣ
раꙁоумно|разоумно
ѳаворь|ѳаворь
се|се
гора|гора
є̇сть|есть
на|на
неи̇же|неіже
прѣѡ̇браꙁити|прѣобразіті
се|се
вьсхотѣ|вьсхотѣ
хьⷭ҇|хьс
б͠ь|б҃ь
сн͠ь|сн҃ь
вьꙁлюбены̇|вьзлюбенъі
ѿ|от
ѻ̇ц͠а|оц҃а
и̇|і
быⷭ҇|бъіс
проповѣдань|проповѣдань
ꙗ̇коже|ꙗкоже
и̇|і
доселѣ|доселѣ
е̇си|есі
слы̇шаль|слъішаль
въ|въ
ꙁемли|землі
и̇ѡрданцѣи|іорданцѣі
и̇|і
ѿтѫдоуже|оттѫдоуже
вьꙁѧть|вьзѧть
быⷭ҇|бъіс
и̇лиꙗ̇|іліꙗ
и̇|і
блиꙁь|блізь
иѡ̇рьданьскы̇хь|іорьданьскъіхь
водь|водь
идѣже|ідѣже
въсхотѣ|въсхотѣ
крьстити|крьстіті
сѧ|сѧ
сн͠ь|сн҃ь
(мои̇)|моі
вьꙁлюбенꙿны̇|вьзлюбеннъі
и̇|і
на|на
сию̇|сію
дꙿвою̇|двою
гороу|гороу
прѣчⷭ҇ты|прѣчстъі
и̇ꙁвѣствоуѫ̇|ізвѣствоуѫ
сн͠овьство|сн҃овьство
и̇|і
тогаⷣ|тогад
и̇|і
н͠нѣ|н҃нѣ
второє̇|второе
вьпиє̇ть|вьпіеть
се|се
є̇сть|есть
сн͠ь|сн҃ь
мⷪ҇и|моі
вьꙁлюбени|вьзлюбені
ѻ̇|о
немь|немь
же|же
благои̇ꙁволихь|благоізволіхь
того|того
послоушаи̇те|послоушаіте
послоуша|послоуша
ѥи̇|еі
того|того
послоушаєтꙿ|послоушает
мене|мене
и̇же|іже
а꙼ще|аще
посрамлѣє̇ть|посрамлѣеть
сѧ|сѧ
того|того
и̇|і
словесь|словесь
є̇го|его
и̇|і
а꙼ꙁь|азь
того|того
постиждоу|постіждоу
сѧ|сѧ
вь|вь
славѣ|славѣ
моѥ̇и̇|моеі
прѣдь|прѣдь
ст͠ыми|ст҃ъімі
а꙼нг͠лы̇|анг҃лъі
того|того
послоушаи̇те|послоушаіте
не|не
сьꙁданень|сьзданень
бо|бо
є̇сть|есть
и̇|і
беꙁьꙁлобень|безьзлобень
и̇|і
немꙋтьнь|немоутьнь
вьꙁорище|вьзоріще
мⷪѥ̇|мое
нє|не
ѥ̇ꙁыкомь|езъікомь
прѣпроу|прѣпроу
творе|творе
ӥ|і
вѣрою̇|вѣрою
сего|сего
прии̇мемь|пріімемь
не|не
словесъ|словесъ
словомь|словомь
прѣрѣю̇ще|прѣрѣюще
довлѣе̇ть|довлѣеть
бо|бо
ны̇|нъі
павель|павель
вѣдѣти|вѣдѣті
ꙁагражꙿдж(ѥ̇)|заграждже
лихѻ|ліхо
гл͠ѫщаꙗ̇|гл҃ѫщаꙗ
оу̇ста|оуста
и̇|і
вьсе|вьсе
оу̇чить|оучіть
непрѣстанꙿно|непрѣстанно
въпити|въпіті
ѻ̇|о
поучино|поучіно
бг͠атьства|бг҃атьства
и̇|і
мꙋдрости|моудрості
и̇|і
раꙁоума|разоума
бж͠иꙗ̇|бж҃іꙗ
ѡ|о
не|не
и̇|і
сьписани|сьпісані
сꙋди|соуді
є̇го|его
и̇|і
томꙋ|томоу
поⷣбаѥ̇ть|подбаеть
вьсѣка|вьсѣка
слава|слава
ѻ̇ц͠оу|оц҃оу
и̇|і
сн͠оу|сн҃оу
и̇|і
ст͠о|ст҃о
дх͠оу|дх҃оу
и̇|і
н͠нѣ|н҃нѣ
и̇|і
присно|прісно
и̇|і
вь|вь
вѣкы̇|вѣкъі
вѣкомь|вѣкомь
а꙼минь|амінь
С|с
Л|л
Ꙍ|о
В|в
Ꙍ|о
С|с
Т҇|т
А|а
Г|г
Ꙍ|о
И́|і
Ꙍ|о
А|а
Н҇|н
А|а
Ꙁ|з
Л|л
А|а
Т|т
Ꙍ|о
Ꙋ|оу
С|с
Т|т
А|а
Г|г
Ꙍ|о
ѡ̇|о
дш͠еполеꙁнихь|дш҃еполезніхь
г͠и|г҃і
блвⷭ҇и|блвсі
ѻ̇че|оче
Елико|еліко
житиꙗ̇|жітіꙗ
сего|сего
соує̇тꙿнаⷢ|соуетнаг
ⷪ|о
и̇|і
погы̇бѣлꙿнаа꙼го|погъібѣлнааго
дѣла|дѣла
ѡ̇ставльше|оставльше
блюдѣте|блюдѣте
да|да
не|не
пакы̇|пакъі
кь|кь
тѣмьжеⷣ|тѣмьжед
срцⷣа|срцда
ѡ̇братите|обратіте
сь|сь
вьꙁыⷣханиѥ̇мь|вьзъідханіемь
ср͠чны̇|ср҃чнъі
ⷨ҇|м
сльꙁы̇|сльзъі
пролѣи̇те|пролѣіте
давы̇дъ|давъідъ
бо|бо
пррⷪ҇кь|пррокь
стенѫ|стенѫ
въпиꙗ̇ше|въпіꙗше
провидѣ|провідѣ
сѫда|сѫда
грѧдѫщаго|грѧдѫщаго
ꙗ̇кы̇|ꙗкъі
нагь|нагь
себе|себе
прѣдъ|прѣдъ
сѫдищемь|сѫдіщемь
видѫ|відѫ
трепещѫ|трепещѫ
ѡ̇сѫжеⷣниꙗ̇|осѫжедніꙗ
страшьнаго|страшьнаго
смѣривь|смѣрівь
сѧ|сѧ
и̇|і
оу̇милимь|оумілімь
сѧ|сѧ
горько|горько
сльꙁѧщы̇|сльзѧщъі
вьпиꙗ̇ше|вьпіꙗше
г͠и|г҃і
не|не
ꙗ̇ростиѫ̇|ꙗростіѫ
твоѫ̇|твоѫ
ѡ̇бличи|облічі
мене|мене
ни|ні
гнѣвомꙿ|гнѣвом
твои̇мь|твоімь
покажи|покажі
мене|мене
вѣдѫ|вѣдѫ
оу̇бо|оубо
влкⷣо|влкдо
ꙗ̇ко|ꙗко
ѿнѫдъ|отнѫдъ
на|на
сѫдѣ|сѫдѣ
мѧ|мѧ
хощеши|хощеші
мѫчити|мѫчіті
ѡбличаѫ̇|облічаѫ
дѣла|дѣла
моꙗ̇|моꙗ
сии̇|сіі
пррⷪ҇кь|пррокь
провидѧ|провідѧ
и̇|і
стенѣше|стенѣше
ты̇|тъі
дш͠е|дш҃е
моꙗ̇|моꙗ
почто|почто
оу̇нивае̇шы̇|оуніваешъі
льстѧщы̇|льстѧщъі
сѧ|сѧ
вь|вь
жити|жіті
семъ|семъ
бг͠атьство|бг҃атьство
прѣходыть|прѣходъіть
и̇|і
слава|слава
є̇го|его
погы̇баѥ̇ть|погъібаеть
и̇|і
лѣпота|лѣпота
оу꙼вѫдаѥ̇ть|оувѫдаеть
и̇|і
всѣ|всѣ
и̇ꙁмѣнѫтꙿ|ізмѣнѫт
сѧ|сѧ
ꙗ̇ко|ꙗко
димь|дімь
погы̇бнеть|погъібнеть
и̇ю̇нотьство|іюнотьство
соує̇тꙿноє̇|соуетное
и̇|і
вьса|вьса
слава|слава
ѥ̇го|его
сего|сего
рады|радъі
вь|вь
ѻ̇браꙁѣ|образѣ
красить|красіть
сѧ|сѧ
чл͠кь|чл҃кь
ꙁлатомꙿ|златом
и̇|і
сребромь|сребромь
и̇|і
бисромь|бісромь
многоцѣнны̇мь|многоцѣннъімь
вьсоує̇|вьсоуе
мєтет|метет
сѧ|сѧ
и̇|і
вьсоує̇|вьсоуе
печетꙿ|печет
сѧ|сѧ
и̇|і
вьсоує̇|вьсоуе
троужаⷣе̇ть|троужадеть
сѧ|сѧ
сьбираѫ̇|сьбіраѫ
многа|многа
и̇мѣниꙗ̇|імѣніꙗ
ѿ|от
рождениꙗ̇|рожденіꙗ
своє̇го|своего
и̇|і
всѣ|всѣ
ѡ̇ставивьше|оставівьше
и̇|і
кь|кь
гробоу|гробоу
прѣдасть|прѣдасть
сѧ|сѧ
ꙗ̇ко|ꙗко
не|не
и̇мы̇|імъі
ничесоже|нічесоже
и̇|і
кь|кь
страшꙿномоу|страшномоу
сѫди|сѫді
наꙁи|назі
приведⷷ|пріведе
ни|ні
бывьше|бъівьше
порѫгами|порѫгамі
ськроушени|ськроушені
трепетни|трепетні
ѻ̇каꙗ̇нꙿни|окаꙗнні
на|на
ꙁемѫ|земѫ
поничѫщє|понічѫще
и̇|і
стоудомь|стоудомь
покываѫ̇щеи̇|покъіваѫщеі
сѧ|сѧ
тамо|тамо
прѣдьстанемь|прѣдьстанемь
на|на
ѻ̇номь|ономь
гроꙁнѣмь|грознѣмь
и̇|і
страшꙿнѣмь|страшнѣмь
сѫдищы̇|сѫдіщъі
не|не
на|на
лица|ліца
сѫдѧщь|сѫдѧщь
ни|ні
по|по
мѫꙃⷣѣ|мѫздѣ
и̇деже|ідеже
а꙼нг͠ли|анг҃лі
трепещѫть|трепещѫть
и̇|і
прѣстоли|прѣстолі
страшꙿни|страшні
поставѧть|поставѧть
сѧ|сѧ
и̇деже|ідеже
книгы̇|кнігъі
ѿврьꙁѫтꙿ|отврьзѫт
сѧ|сѧ
и̇|і
дѣла|дѣла
наша|наша
ѻ̇бличѧт|облічѧт
сѧ|сѧ
и̇деже|ідеже
рѣка|рѣка
ѡ̇гнꙿнаа|огннаа
и̇|і
не|не
оу̇гасимаꙗ̇|оугасімаꙗ
потечеть|потечеть
и̇|і
чрьвъ|чрьвъ
не|не
оу꙼сыпае̇мы̇и̇|оусъіпаемъіі
и̇деже|ідеже
тꙿма|тма
не|не
свитає̇ма|світаема
и̇|і
не|не
сьгрѣѥ̇ма|сьгрѣема
гроꙁа|гроза
и̇деже|ідеже
не|не
оу꙼мльчы̇мы̇|оумльчъімъі
вепль|вепль
и̇|і
скрежеть|скрежеть
ꙁѧбомь|зѧбомь
и̇деже|ідеже
неоу̇тѣшыми|неоутѣшъімі
плачь|плачь
и̇|і
непрѣстае̇мо|непрѣстаемо
стенаниѥ̇|стенаніе
и̇|і
вьꙁдыхаѥ̇|вьздъіхае
и̇деже|ідеже
нⷭ҇ѣ|нсѣ
смѣха|смѣха
нѫ|нѫ
плачь|плачь
горькы̇и̇|горькъіі
и̇деже|ідеже
нⷭ҇ѣ|нсѣ
свѣта|свѣта
нѫ|нѫ
тьма|тьма
и̇деже|ідеже
нѣсть|нѣсть
радость|радость
нѫ|нѫ
плачь|плачь
и̇деже|ідеже
нⷭ҇ѣ|нсѣ
пищѫ|піщѫ
нѫ|нѫ
мѫка|мѫка
страшно|страшно
оу̇бо|оубо
слы̇шати|слъішаті
е̇|е
и|і
страшно|страшно
же|же
оу̇бо|оубо
видѣти|відѣті
бѫдеть|бѫдеть
всѣ|всѣ
тварь|тварь
напрасно|напрасно
въскр͠ьснеть|въскр҃ьснеть
и̇|і
ѿвѣть|отвѣть
даѫ̇щи|даѫщі
ꙁа|за
дѣꙗ̇ниꙗ꙼|дѣꙗніꙗ
и꙼|і
ꙁа|за
словеса|словеса
и̇|і
ꙁа|за
помы̇шлениꙗ̇|помъішленіꙗ
нощьнаꙗ̇|нощьнаꙗ
и̇|і
дн͠евнаꙗ̇|дн҃евнаꙗ
же|же
бѫдемь|бѫдемь
сьгрѣшили|сьгрѣшілі
великь|велікь
страхь|страхь
тогаⷣ|тогад
бѫдеть|бѫдеть
братиѥ̇|братіе
и̇|і
велика|веліка
бѣда|бѣда
чаⷭ҇|час
того|того
и̇|і
великь|велікь
треп(є)ть|трепеть
гроꙁы̇ты̇|грозъітъі
ѫ̇|ѫ
ꙗ̇же|ꙗже
нⷭ҇ѣ|нсѣ
бы̇|бъі
лани[..]|лані
ни|ні
бѫдеть|бѫдеть
є̇гаⷣже|егадже
трѫба|трѫба
вьстрѫбить|вьстрѫбіть
и̇|і
ꙁвѣꙁⷣы̇|звѣздъі
спадꙿнѫть|спаднѫть
и̇|і
слн͠це|слн҃це
помрькнеть|помрькнеть
а꙼|а
нб͠са|нб҃са
свиѫт̇|свіѫт
сѧ|сѧ
и̇|і
ꙁемлѣ|землѣ
потресет|потресет
сѫ|сѫ
сили|сілі
прѣдитекѫть|прѣдітекѫть
и̇|і
серафими|серафімі
въꙁѫпиѫ̇|възѫпіѫ
хероувими|хероувімі
двигнѫт|двігнѫт
сѧ|сѧ
вишнѣꙗ̇|вішнѣꙗ
и̇|і
прѣи̇сподьнѣꙗ̇|прѣісподьнѣꙗ
вьстрепещѫть|вьстрепещѫть
и̇|і
гроби|гробі
ѿврьꙁѧть|отврьзѧть
сѧ|сѧ
и̇|і
тѣлеса|тѣлеса
сьвькоупѫть|сьвькоупѫть
сѧ|сѧ
сѫдиꙗ̇|сѫдіꙗ
страшни|страшні
придеть|прідеть
многь|многь
страхьи̇|страхьі
неи̇ꙁреⷱ҇нꙿы̇|неізречнъі
и̇|і
неи̇скаꙁае̇ма|неісказаема
бѣда|бѣда
бы̇вае̇ма|бъіваема
и̇|і
вьꙁмѧщениє̇|вьзмѧщеніе
велиѥ̇|веліе
не|не
сьставление̇|сьставленіе
и̇|і
непрѣстаѫ̇щаꙗ̇|непрѣстаѫщаꙗ
мльва|мльва
слы̇шы̇мь|слъішъімь
братиє̇|братіе
данила|даніла
гл͠ѧща|гл҃ѧща
видѣⷯ҇|відѣх
вꙿ|в
сⷩ҇ѣ|снѣ
и̇деже|ідеже
прѣстоли|прѣстолі
поставлѧт|поставлѧт
сѧ|сѧ
и̇|і
стары̇|старъі
дн͠ьми|дн҃ьмі
сѣде|сѣде
ры̇ꙁы̇|ръізъі
є̇го|его
бѣли|бѣлі
ꙗ̇ко|ꙗко
и̇|і
снѣгь|снѣгь
прѣстоль|прѣстоль
ѥ̇го|его
пламень|пламень
и̇|і
ѡ̇гнꙿна|огнна
рѣка|рѣка
прѣдꙿ|прѣд
нимь|німь
течаше|течаше
тисѧща|тісѧща
тисѧщами|тісѧщамі
прѣстоꙗ̇хѫ|прѣстоꙗхѫ
е̇мꙋ|емоу
сѫдиꙗ̇|сѫдіꙗ
сѣде|сѣде
книгы̇|кнігъі
ѿврьꙁошѧⷭ҇|отврьзошѧс
и̇|і
оу̇жасе|оужасе
сѧ|сѧ
дх͠ь|дх҃ь
мои̇|моі
а꙼ꙁь|азь
даниль|даніль
видѣниє̇|відѣніе
видѣхь|відѣхь
и̇|і
дх͠ь|дх҃ь
мои̇|моі
вь|вь
мꙿнѣ|мнѣ
потресе|потресе
сѧ|сѧ
ѡ̇хь|охь
великоѥ̇|велікое
чюдо|чоудо
братиѥ̇|братіе
пррⷪ҇кь|пррокь
видѣ|відѣ
гредѫщаго|гредѫщаго
сѫдиѫ̇|сѫдіѫ
и̇|і
оу̇жасе|оужасе
сѧ|сѧ
а꙼|а
ми|мі
како|како
можемь|можемь
трьпѣти|трьпѣті
є̇гаⷣ|егад
вь|вь
ты̇|тъі
дн͠ь|дн҃ь
вьнидемь|вьнідемь
є̇гаⷣ|егад
ѿ|от
вьстока|вьстока
и̇|і
ꙁапада|запада
и̇|і
ѿ|от
морѣ|морѣ
вьси|вьсі
члв͠ци|члв҃ці
прѣдьстанемь|прѣдьстанемь
наꙃи|назі
брѣмена|брѣмена
грѣховнаꙗ̇|грѣховнаꙗ
на|на
вы̇ꙗ̇хь|въіꙗхь
покаꙁꙋѫ̇ще|показоуѫще
тогаⷣ|тогад
ѫ̇ꙁици|ѫзіці
хоулѧщимь|хоулѧщімь
слово|слово
бж͠ие̇|бж҃іе
и̇|і
ст͠ыѫ̇|ст҃ъіѫ
кьнигы̇|кьнігъі
тлѣти|тлѣті
и̇|і
начнѫть|начнѫть
и̇|і
не|не
бѫдеть|бѫдеть
оу̇гашаѫ̇ща|оугашаѫща
по|по
и̇хь|іхь
тогаⷣ|тогад
клеветникомь|клеветнікомь
напрасно|напрасно
ѫ̇ꙁици|ѫзіці
напрасны̇ми|напраснъімі
а̇нг͠лы̇|анг҃лъі
и̇стрьгнѫтꙿ|істрьгнѫт
сѧ|сѧ
тогаⷣ|тогад
блѫдьникоⷨ҇|блѫдьніком
оу̇ста|оуста
ꙁаградѫт|заградѫт
сѧ|сѧ
ѻг̇ꙿнемь|огнемь
тогаⷣ|тогад
ꙁлатолоубьцемь|златолоубьцемь
рѫцѣ|рѫцѣ
висѧщи|вісѧщі
вь|вь
ѻ̇г͠ни|ог҃ні
въꙁьтрепещѧⷮ҇|възьтрепещѧт
и̇ꙁнемагаѫ̇ть|ізнемагаѫть
тѡгда|тогда
клеветьникомь|клеветьнікомь
оу̇ста|оуста
и̇|і
ѡ̇бидѫщимь|обідѫщімь
беꙁьпомощꙿны̇ѫ̇|безьпомощнъіѫ
ѡ̇гꙿнемь|огнемь
не|не
гасимы̇мь|гасімъімь
и̇|і
ꙁмиꙗ̇ми|зміꙗмі
страшны̇ми|страшнъімі
и̇ꙁѣаⷣѥ̇ми|ізѣадемі
биваѫ̇ть|біваѫть
тогаⷣ|тогад
помиꙁаѫ̇щы̇ма|помізаѫщъіма
ѡ̇чима|очіма
и̇ꙁьврьтѧт|ізьврьтѧт
сѧ|сѧ
и̇|і
а꙼доу|адоу
прѣдадѧⷮ҇|прѣдадѧт
сѧ|сѧ
ѻ̇хь|охь
братиє̇|братіе
где|где
тогда|тогда
цртⷭ҇во|цртсво
и̇|і
гвⷭ҇о|гвсо
где|где
ваⷧ҇сти|валсті
и̇|і
влады̇чиства|владъічіства
вьсѣ|вьсѣ
а꙼домь|адомь
прѣмѣноуѫ̇т|прѣмѣноуѫт
сѧ|сѧ
геⷣ|гед
тогаⷣ|тогад
родителие̇|родітеліе
геⷣ|гед
братиꙗ̇|братіꙗ
геⷣ|гед
ѡ̇ц͠и|оц҃і
геⷣ|гед
матерѧ|матерѧ
геⷣ|гед
дрꙋꙁи|дроузі
геⷣ|гед
сѫсѣди|сѫсѣді
геⷣ|гед
цр͠емь|цр҃емь
грьдѣниє̇|грьдѣніе
и̇|і
величание̇|велічаніе
геⷣ|гед
великимь|велікімь
властемь|властемь
ѡ̇бидѣниє̇|обідѣніе
геⷣ|гед
бг͠атьщимь|бг҃атьщімь
сѧ|сѧ
вьꙁношение̇|вьзношеніе
геⷣ|гед
раби|рабі
и̇|і
рабинѫ|рабінѫ
где|где
оукрашениѥ̇|оукрашеніе
риꙁамь|різамь
камение̇мь|каменіемь
и̇|і
бисромь|бісромь
много|много
цѣньнымь|цѣньнъімь
геⷣ|гед
[с...]|с
свѣтли|свѣтлі
сапоꙁи|сапозі
гєⷣ|гед
оу̇крашениѥ̇|оукрашеніе
сребромь|сребромь
геⷣ|гед
любодѣꙗ̇ние̇|любодѣꙗніе
дн͠евꙿноє̇|дн҃евное
и̇|і
погы̇бѣлꙿноѥ̇|погъібѣлное
геⷣ|гед
сѧсѫ̇ди|сѧсѫді
раꙁличнии̇|разлічніі
мѧса|мѧса
бл͠гоѫ̇ханниа꙼|бл҃гоѫханніа
где|где
грьдини|грьдіні
ꙁлато|злато
и̇|і
среброу|среброу
ꙁвецаниѥ̇|звецаніе
где|где
брашна|брашна
многа|многа
и̇|і
вино|віно
бл͠го̇ѫханиꙗ̇|бл҃гоѫханіꙗ
где|где
питание̇|пітаніе
и̇|і
покои̇|покоі
геⷣ|гед
радоⷭ҇|радос
мира|міра
сего|сего
и̇|і
гл͠ѧщимь|гл҃ѧщімь
мирь|мірь
сы̇|съі
раи̇|раі
ѥ̇сть|есть
геⷣ|гед
ѡ̇бѣди|обѣді
и̇|і
веⷱ҇рѫ|вечрѫ
многоцѣнны̇ѫ̇|многоцѣннъіѫ
геⷣ|гед
ꙁлатокованныѫ̇|златокованнъіѫ
оу̇ꙁⷣыи̇|оуздъіі
конемь|конемь
оу̇рисканиє̇|оурісканіе
геⷣ|гед
прѣдитекѫще|прѣдітекѫще
сь|сь
ꙁади|заді
гл͠ще|гл҃ще
се|се
г͠жа|г҃жа
греⷣть|гредть
и̇|і
гн͠ь|гн҃ь
грьды̇|грьдъі
ꙗ̇рѫсѧ|ꙗрѫсѧ
на|на
нищѫ|ніщѫ
и̇|і
непослꙋшаѫ̇|непослоушаѫ
оу̇бг͠ихь|оубг҃іхь
ꙗ̇ко|ꙗко
и̇|і
бесмрьтⷷнь|бесмрьтень
сѧ|сѧ
творѧ|творѧ
геⷣ|гед
грьдѣниѥ̇|грьдѣніе
протѧжѧщеи̇|протѧжѧщеі
сѧшиꙗ̇ми|сѧшіꙗмі
оу̇крашаѫ̇щⷷи̇|оукрашаѫщеі
сѧ|сѧ
ꙁлатомь|златомь
и̇|і
мⷪнисты̇|моністъі
где|где
доброгл͠ивы|доброгл҃івъі
ѫ̇ꙁы̇кь|ѫзъікь
и̇|і
ѻ̇чи|очі
краснѣи̇|краснѣі
геⷣ|гед
крѣпость|крѣпость
и̇|і
мⷪщꙿ|мощ
и̇|і
велиⷱ҇є̇|веліче
ѻ̇браꙁоу|образоу
геⷣ|гед
храмины̇|храмінъі
красны̇ѫ̇|краснъіѫ
ꙁлатоⷨ҇|златом
оу̇крашении̇|оукрашеніі
брачннии̇|брачнніі
мнⷪгоцѣнꙿны̇ми|многоцѣннъімі
геⷣ|гед
немилованиꙗ̇|немілованіꙗ
оу̇богыхь|оубогъіхь
и̇|і
пьханиꙗ̇|пьханіꙗ
нищыⷯ|ніщъіх
геⷣ|гед
хищьници|хіщьніці
и̇|і
грабителиє̇|грабітеліе
геⷣ|гед
и̇долотрѣбници|ідолотрѣбніці
ꙗ̇рѫще|ꙗрѫще
сѧ|сѧ
геⷣ|гед
вражыⷣ|вражъід
оу̇биства|оубіства
и̇|і
гоꙁло|гозло
гл͠асованиꙗ̇|гл҃асованіꙗ
где|где
клеветници|клеветніці
и̇|і
шепетници|шепетніці
бо͠умрьꙁѫщⱔ|бо҃умрьзѫщѧ
любѫще|любѫще
власи|власі
мира|міра
сего|сего
мѫцѣ|мѫцѣ
вѣчнѣ|вѣчнѣ
оу꙼готовани|оуготовані
геⷣ|гед
родитеⷧ҇мь|родітелмь
прⷪтивꙿница|протівніца
и̇|і
невѣтохꙿранителие̇|невѣтохранітеліе
и̇|і
некльтвохранителие̇|некльтвохранітеліе
немилостиви|немілостіві
где|где
клетвопрѣстѫпници|клетвопрѣстѫпніці
и̇|і
кртⷭ҇оперьци|кртсоперьці
ꙗ̇ко|ꙗко
сь|сь
и̇родомь|іродомь
и̇|і
сь|сь
а꙼риє̇мь|аріемь
и̇|і
ю̇доѫ̇|юдоѫ
ѡ̇сѫжеⷣны̇|осѫжеднъі
бѫⷣть|бѫдть
кльнѫщеи̇|кльнѫщеі
сѧ|сѧ
и̇менемь|іменемь
бж͠ии̇е̇мь|бж҃ііемь
вь|вь
льжѫ|льжѫ
ѡ̇|о
нихьже|ніхьже
павел|павел
а꙼плⷭ҇ь|аплсь
гл͠еть|гл҃еть
клетвопрѣстѫпꙿникоⷨ҇|клетвопрѣстѫпніком
мѫка|мѫка
вѣчна|вѣчна
конꙿца|конца
неи̇мѫщы̇и̇|неімѫщъіі
ꙗ̇ко|ꙗко
такови|такові
цртⷭ҇виꙗ̇|цртсвіꙗ
бж͠иꙗ̇|бж҃іꙗ
не|не
наслѣдоуѫ̇ть|наслѣдоуѫть
геⷣ|гед
бг͠ати|бг҃аті
немилтⷭ҇инѫ|немілтсінѫ
творѫще|творѫще
геⷣ|гед
неправедꙿни|неправедні
и̇же|іже
вьдовицѫ|вьдовіцѫ
и̇|і
сироты̇|сіротъі
ѡ̇бидѫще|обідѫще
геⷣ|гед
сꙿмѫщениꙗ̇|смѫщеніꙗ
и̇|і
сьнитиꙗ̇|сьнітіꙗ
хоульнаꙗ̇|хоульнаꙗ
и̇|і
мльвы̇|мльвъі
геⷣ|гед
хранимаꙗ̇|хранімаꙗ
скровища|скровіща
не|не
млрⷭ҇диꙗ̇|млрсдіꙗ
прѣꙁираѫ̇ще|прѣзіраѫще
нищѫѫ̇|ніщѫѫ
геⷣ|гед
сѫть|сѫть
хоулѫще|хоулѫще
вѣрѫ̇|вѣрѫ
бж͠иѫ̇|бж҃іѫ
и̇|і
невѣроуѫ̇ще|невѣроуѫще
мѫцѣ|мѫцѣ
б͠е|б҃е
и̇|і
ꙗ̇ко|ꙗко
є̇сть|есть
ꙗ̇ко|ꙗко
бесꙿмр͠ьтⷩ҇и|бесмр҃ьтні
сьгрѣшаѫ̇ще|сьгрѣшаѫще
где|где
сѫть|сѫть
питаѫще̇и̇|пітаѫщеі
сѧ|сѧ
гл͠ѧщє|гл҃ѧще
а꙼димь|адімь
и̇|і
пиемь|піемь
а꙼|а
ю̇трѣ|ютрѣ
оу̇мремь|оумремь
и̇|і
не|не
бѫдемь|бѫдемь
геⷣ|гед
сѫть|сѫть
посмихѫщеи̇|посміхѫщеі
сѧ|сѧ
вѣрьнимь|вѣрьнімь
вь|вь
напастехь|напастехь
рѫгаѫ̇ще|рѫгаѫще
сѧ|сѧ
и̇мь|імь
геⷣ|гед
сѫть|сѫть
тогда|тогда
гл͠ѫще|гл҃ѫще
и̇|і
насладимь|насладімь
сѧ|сѧ
свѣта|свѣта
сего|сего
а̇|а
на|на
ѡ̇номь|ономь
свѣтѣ|свѣтѣ
б͠ь|б҃ь
ни|ні
помл͠оуѥ̇ть|помл҃оуеть
пакы̇|пакъі
геⷣ|гед
сѫть|сѫть
гл͠ѫще|гл҃ѫще
и̇|і
чл͠вѣколюбець|чл҃вѣколюбець
є̇сть|есть
б͠ь|б҃ь
да|да
не|не
и̇мать|імать
мѫчити|мѫчіті
нась|нась
грѣшꙿнихь|грѣшніхь
ѻ̇|о
колико|коліко
сѧ|сѧ
и̇мѫть|імѫть
каꙗ̇ти|каꙗті
и̇же|іже
сице|сіце
гл͠ѧть|гл҃ѧть
ѡ̇|о
колико|коліко
сѧ|сѧ
и̇мѫть|імѫть
плакати|плакаті
и̇|і
ридати|рідаті
и̇|і
не|не
бѫдеть|бѫдеть
помилоуѫ̇щаго|помілоуѫщаго
и̇хь|іхь
ѡ̇|о
коликⷪ|коліко
начꙿнѫть|начнѫть
стенати|стенаті
и̇|і
тѫжити|тѫжіті
и̇|і
скрьбѣти|скрьбѣті
и̇|і
никтоже|ніктоже
и̇ꙁбавлѣѫ̇|ізбавлѣѫ
и̇хь|іхь
ѻ̇|о
колико|коліко
сами|самі
сѧ|сѧ
трьꙁаѫ̇ще|трьзаѫще
рекѫⷮ҇|рекѫт
ѡ|о
лютѣ|лютѣ
намь|намь
како|како
сѧ|сѧ
ѡ̇сѫдихомь|осѫдіхомь
ѻ̇|о
лю̇тѣ|лютѣ
намь|намь
како|како
сами|самі
сѧ|сѧ
погоубихомь|погоубіхомь
ꙋчахѫ|оучахѫ
ны̇|нъі
и̇|і
не|не
послоушахомь|послоушахомь
и̇хь|іхь
оу̇вѣщавахѫ|оувѣщавахѫ
ны̇|нъі
и̇|і
небрѣжахомь|небрѣжахомь
гл͠ахѫ|гл҃ахѫ
ны̇|нъі
и̇|і
ми|мі
не|не
вѣаровахомь|вѣаровахомь
книгы̇|кнігъі
слишѫще|слішѫще
сами|самі
сѧ|сѧ
льстѣхомъ|льстѣхомъ
въ|въ
и̇стинѫ|істінѫ
прⷶвь|правь
сѫдь|сѫдь
бж͠и|бж҃і
и̇|і
доⷭ҇и̇но|досіно
и̇|і
праведно|праведно
сѧдимь|сѧдімь
сѧ|сѧ
ѻ̇|о
горе|горе
намь|намь
ꙗ̇ко|ꙗко
ꙁа|за
дн͠евьнѫѫ̇|дн҃евьнѫѫ
сладость|сладость
вь|вь
вѣкы̇|вѣкъі
мѫчим|мѫчім
сѧ|сѧ
вь|вь
мало|мало
врѣмѫ|врѣмѫ
не|не
радивьше|радівьше
вѣчнимь|вѣчнімь
ѻ̇гꙿн͠емь|огн҃емь
потаплае̇мь|потаплаемь
сѧ|сѧ
ꙁа|за
славѫ|славѫ
соує̇тнѫѫ̇|соуетнѫѫ
и̇|і
неправеднѫѭ̇|неправеднѫѭ
ѿ|от
и̇стинꙿны̇ѫ̇|істіннъіѫ
славы̇|славъі
ѿпадохомь|отпадохомь
ꙁа|за
малѫ|малѫ
пищѫ|піщѫ
дн͠евьнѫ|дн҃евьнѫ
раи̇скѫѫ̇|раіскѫѫ
пищѫ|піщѫ
лишихомь|лішіхомь
сⱑ|сѧ
ꙁа|за
богатьство|богатьство
погы̇бѣльноє̇|погъібѣльное
бг͠атьства|бг҃атьства
небнⷭ҇аго|небнсаго
лишихомь|лішіхомь
сѧ|сѧ
вь|вь
вѣцѣ|вѣцѣ
семь|семь
соує̇тнѣмь|соуетнѣмь
насладихом|насладіхом
ѧⷭ҇|ѧс
въ|въ
малѣ|малѣ
сего|сего
ради|раді
вь|вь
вѣкы̇|вѣкъі
мѫчимꙿ|мѫчім
сѧ|сѧ
а꙼|а
не|не
насладивьшеи̇|насладівьшеі
сѧ|сѧ
вь|вь
немь|немь
вь|вь
вѣкы̇|вѣкъі
раоуⷣѫ̇тꙿ|раоудѫт
сѧ|сѧ
вь|вь
немь|немь
и̇|і
веⷭ҇лѫть|веслѫть
сѧ|сѧ
н͠нѣ|н҃нѣ
а꙼|а
постивьшеи̇|постівьшеі
сѧ|сѧ
ꙁеⷣ|зед
ѡ̇ньде|оньде
насладѧтꙿ|насладѧт
сѧ|сѧ
не|не
ѡ̇скⷡ҇рьнивъше|оскврьнівъше
сѧ|сѧ
ꙁде|зде
вь|вь
нб͠снѣмь|нб҃снѣмь
вѣцѣ|вѣцѣ
раⷣоуѧ̇т|радоуѧт
сѧ|сѧ
расточивьши|расточівьші
ꙁеⷣ|зед
и̇мѣниє̇|імѣніе
своє̇|свое
ѡ̇ньде|оньде
сь|сь
радостиѫ̇|радостіѫ
пожинає̇ть|пожінаеть
паⷧ҇кавꙿшеꙵ|палкавше
сѧ|сѧ
ꙁеⷣ|зед
вь|вь
вѣкы̇|вѣкъі
раⷣоуѫ̇т|радоуѫт
сѧ|сѧ
приє̇мьши|пріемьші
нбнⷭ҇аꙗ̇|нбнсаꙗ
и̇миже|іміже
є̇дини|едіні
ѡ̇каꙗ̇ни|окаꙗні
мⷱ҇нию̇|мчнію
доⷭ҇и̇ни|досіні
прѣдахомь|прѣдахомь
сѧ|сѧ
и̇|і
н͠нѣ|н҃нѣ
вьпие̇мь|вьпіемь
и̇|і
нⷭ҇ѣ|нсѣ
кто|кто
помл͠оуѫ̇|помл҃оуѫ
и̇|і
наⷭ҇|нас
вьꙁды̇хае̇мь|вьздъіхаемь
и̇|і
никтоже|ніктоже
и̇ꙁбавлѣѫ̇|ізбавлѣѫ
нась|нась
блюдѣте|блюдѣте
и̇|і
вы̇|въі
братиє̇|братіе
да|да
и̇мы|імъі
тацѣми|тацѣмі
беꙁꙋми|безоумі
свои̇ми|своімі
такы̇хь|такъіхь
словесь|словесь
не|не
речемь|речемь
потьщы̇мь|потьщъімь
сѧ|сѧ
братиє̇|братіе
кь|кь
млтⷭ҇вомⷹ|млтсвомоу
б͠оу|б҃оу
каꙗ̇|каꙗ
мѫꙁаⷣ|мѫзад
бѫдеть|бѫдеть
ѿ|от
б͠а|б҃а
а꙼ще|аще
варить|варіть
тать|тать
дш͠ѫ|дш҃ѫ
нашѧ|нашѧ
тєцѣмь|тецѣмь
донꙿдеже|дондеже
врѣмѫ|врѣмѫ
є̇сть|есть
покаꙗ̇нию̇|покаꙗнію
вьꙁдьхнѣмь|вьздьхнѣмь
сь|сь
покаа꙼ниє̇мь|покааніемь
и̇|і
оу̇милениє̇мь|оуміленіемь
оу̇боудимꙿ|оубоудім
сѧ|сѧ
млтⷭ҇инѫ|млтсінѫ
творѣмь|творѣмь
молѫ|молѫ
вы̇и̇|въіі
въꙁдежеⷣмь|въздежедмь
рѫцѣ|рѫцѣ
кь|кь
могѫщомꙋ|могѫщомоу
сптⷭ҇и|сптсі
ны̇|нъі
и̇|і
рꙿцѣмь|рцѣмь
г͠и|г҃і
і̇͠с|і҃с
хеⷭ҇|хес
спнⷭ҇и|спнсі
погы̇бає̇мь|погъібаемь
тькмо|тькмо
потьщимꙿ|потьщім
сѧ|сѧ
даже|даже
слн͠це|слн҃це
не|не
ꙁаи̇деть|заідеть
и̇|і
двери|двері
не|не
ꙁатворѫт|затворѫт
сѧ|сѧ
и̇|і
ꙗ̇ко|ꙗко
и̇|і
нощь|нощь
придеть|прідеть
и̇|і
никтоже|ніктоже
можеть|можеть
дѣлати|дѣлаті
ꙗ̇ко|ꙗко
трьгь|трьгь
раꙁыдет|разъідет
сѧ|сѧ
нꙿ|н
никтоже|ніктоже
не|не
можеть|можеть
коупьѫ̇|коупьѫ
дѣꙗ̇ти|дѣꙗті
и̇|і
ꙗ̇ко|ꙗко
поꙁорище|позоріще
раꙁорить|разоріть
сѧ|сѧ
и̇|і
никтоже|ніктоже
не|не
вѣнꙿчає̇тꙿ|вѣнчает
сѧ|сѧ
тѣмже|тѣмже
оу꙼бо|оубо
тецѣмь|тецѣмь
теⷱ҇ниє̇|течніе
оу̇бо|оубо
трѣбѣ|трѣбѣ
ѥⷭ҇|ес
и̇|і
подꙿвиꙁаниѥ̇|подвізаніе
крѣпꙿко|крѣпко
да|да
постигꙿнемь|постігнемь
жениха|женіха
хаⷭ҇|хас
да|да
и̇мы|імъі
тлькнѫвьше|тлькнѫвьше
и̇|і
оу̇слишимꙿ|оуслішім
не|не
вѣдѣ|вѣдѣ
вась|вась
скорⷪ|скоро
и̇дѣмь|ідѣмь
не|не
лѣнѫщⷷ|лѣнѫще
сѧ|сѧ
постидимь|постідімь
сѧ|сѧ
колико|коліко
влцⷣѣ|влцдѣ
досажаⷣє̇мь|досажадемь
колико|коліко
бл͠гѻдѣтела|бл҃годѣтела
гꙿнѣває̇мь|гнѣваемь
тьи̇|тьі
вьсегаⷣ|вьсегад
бл͠го|бл҃го
даѥ̇ть|даеть
намь|намь
а꙼|а
ми|мі
по|по
вьсѧ|вьсѧ
дꙿни|дні
прѣстѫпае̇мь|прѣстѫпаемь
ꙁаповѣди|заповѣді
є̇го|его
тьи̇|тьі
м͠лоуѥⷮ҇|м҃лоует
ни|ні
и̇|і
питаѥ̇ть|пітаеть
а꙼|а
мы̇|мъі
сп͠сны̇ѫ̇|сп҃снъіѫ
є̇го|его
ꙁаповѣди|заповѣді
прѣстѫпає̇мь|прѣстѫпаемь
и̇|і
не|не
стидимь|стідімь
сѧ|сѧ
постидим|постідім
сѧ|сѧ
оу̇бо|оубо
н͠нѣ|н҃нѣ
братие̇|братіе
година|годіна
б(ѡ)|бо
приде|пріде
и̇|і
дн͠ь|дн҃ь
приспѣ|пріспѣ
доⷭ҇и̇ть|досіть
намꙿ|нам
ѿвѣть|отвѣть
даꙗ̇ти|даꙗті
ꙁа|за
въсѧ|въсѧ
жиꙁнь|жізнь
нашѧ|нашѧ
ѡ̇станѣмь|останѣмь
сѧ|сѧ
оу꙼же|оуже
бечтⷭ҇ниѫ̇|бечтсніѫ
пищѫ|піщѫ
и̇|і
блѫдаⷩ҇а̇го|блѫданаго
смѣха|смѣха
да|да
ѡ̇намо|онамо
не|не
мѫчимь|мѫчімь
сѧ|сѧ
горько|горько
останѣм|останѣм
сѧ|сѧ
братиє̇|братіе
клеветаниꙗ̇|клеветаніꙗ
и̇|і
ѡ̇бꙑдѣниꙗ̇|объідѣніꙗ
ѻ̇станѣмꙿ|останѣм
сѧ|сѧ
пишѫ|пішѫ
и̇|і
любодѣꙗ̇ниꙗ̇|любодѣꙗніꙗ
приближимꙿ|прібліжім
сѧ|сѧ
вь|вь
мл͠твахь|мл҃твахь
и̇|і
вьмⷪленихь|вьмоленіхь
прощение̇мꙿ|прощеніем
и̇|і
чтениѥ̇мь|чтеніемь
и̇|і
пѣниѥ̇мь|пѣніемь
навыкнѣмь|навъікнѣмь
житию̇|жітію
смѣреномоу|смѣреномоу
ѡ̇братѣмь|обратѣмь
сѧ|сѧ
братиѥ̇|братіе
и̇|і
покаѥ̇мь|покаемь
сѧ|сѧ
покаꙗ̇нию̇|покаꙗнію
бо|бо
вⷬ҇ѣмѧ|врѣмѧ
приближи|прібліжі
сѧ|сѧ
и̇|і
сльꙁамь|сльзамь
многимь|многімь
пролитиѥ̇|пролітіе
хⷭ҇оу|хсоу
б͠оу|б҃оу
покаꙗ̇ние̇|покаꙗніе
печально|печально
принесѣмь|прінесѣмь
и̇|і
сѫдн͠омоу|сѫдн҃омоу
дн͠и|дн҃і
пооу꙼чениѥ̇|пооученіе
и̇|і
прочѫ|прочѫ
нашѧ|нашѧ
грѣхи|грѣхі
вьꙁне(на)виⷣмь|вьзненавідмь
волеѫ|волеѫ
поскрьбимь|поскрьбімь
сѧ|сѧ
ꙁеⷣ|зед
мало|мало
да|да
ѡ̇намо|онамо
не|не
мⷱ҇им|мчім
сⱑ|сѧ
вь|вь
вѣкы̇и̇|вѣкъіі
вѣкь|вѣкь
бо|бо
се|се
и̇маль|імаль
а̇|а
мѫка|мѫка
дльгаа꙼|дльгаа
коньчина|коньчіна
блиꙁь|блізь
и̇|і
боꙗ̇ꙁнь|боꙗзнь
многа|многа
не|не
бѫдеⷮ҇|бѫдет
тогаⷣ|тогад
пламене|пламене
растоужаⷣѫ̇ща|растоужадѫща
гоны̇и̇|гонъіі
и̇щеть|іщеть
бо|бо
тогаⷣ|тогад
кто|кто
врѣменꙿны̇ѫ̇|врѣменнъіѫ
и̇ꙁьбити|ізьбіті
мѫкы̇|мѫкъі
и̇|і
неи̇|неі
ꙁбѫдеть|збѫдеть
ѻ̇|о
горе|горе
небрѣгѫщомꙋ|небрѣгѫщомоу
ꙗ̇ко|ꙗко
вьꙁыщѫть|вьзъіщѫть
каплѫ|каплѫ
водны̇ѫ̇|воднъіѫ
и̇|і
не|не
ѡ̇брѣщѫть|обрѣщѫть
ꙩ̇|о
горе|горе
не|не
вѣроуѫ̇щы̇мь|вѣроуѫщъімь
ꙗ̇ко|ꙗко
вь|вь
вѣкы̇|вѣкъі
мѫчѫт|мѫчѫт
сѧ|сѧ
ꙩ̇|о
горе|горе
не|не
покаꙗ̇вьшомоу|покаꙗвьшомоу
сѧ|сѧ
ꙗ̇ко|ꙗко
кь|кь
ꙗ̇ромоу|ꙗромоу
сѫди|сѫді
гредеть|гредеть
ѻ̇|о
горе|горе
немилостивимь|немілостівімь
ꙗ̇ко|ꙗко
кь|кь
ꙗ̇римь|ꙗрімь
а꙼нꙿг͠ломь|анг҃ломь
прѣдани|прѣдані
бѫдѫть|бѫдѫть
ꙁлато|злато
бо|бо
а꙼ще|аще
кто|кто
погоубить|погоубіть
и̇|і
пакы̇|пакъі
дрꙋгоє̇|дроугое
ѻ̇брѫщеть|обрѫщеть
а꙼|а
дш͠ѫ|дш҃ѫ
а꙼ще|аще
кто|кто
погоубить|погоубіть
дроугѫѫ̇|дроугѫѫ
не|не
ѻ̇брѧщеть|обрѧщеть
не|не
помл͠оує̇мь|помл҃оуемь
братие̇|братіе
свои̇хь|своіхь
тѣлесь|тѣлесь
нѫ|нѫ
сь|сь
страхомь|страхомь
постѧщи|постѧщі
сѧ|сѧ
мⷧ҇ѫще|млѫще
се|се
вь|вь
мл͠твахь|мл҃твахь
и̇|і
вь|вь
трьпѣнихь|трьпѣніхь
и̇|і
вь|вь
вьꙁꙿдрьжании̇|вьздрьжаніі
бл͠гостини|бл҃гостіні
въ|въ
вѣрѣ|вѣрѣ
и̇|і
вь|вь
кротости|кротості
вь|вь
трѣꙁвени|трѣзвені
и̇|і
вь|вь
чⷭ҇тотѣ|чстотѣ
и̇|і
вь|вь
и̇стинѣ|істінѣ
вь|вь
а꙼льчни|альчні
вь|вь
жѫжыⷣ|жѫжъід
и̇|і
въ|въ
правдѣ|правдѣ
бл͠жени|бл҃жені
а̇льчѧще|альчѧще
и̇же|іже
жѫⷣще|жѫдще
правьды̇|правьдъі
ради|раді
ꙗ꙼ко|ꙗко
ти|ті
наситѫть|насітѫть
сѧ|сѧ
бл͠жени|бл҃жені
плачѧщⷷ|плачѧще
ꙗ̇ко|ꙗко
ти|ті
оу̇тѣшѧт|оутѣшѧт
сѧ|сѧ
придеть|прідеть
бо|бо
чаⷭ҇|час
горькы̇|горькъі
да|да
и̇ми|імі
сѧ|сѧ
братиє̇|братіе
[...]прѣльстимь|прѣльстімь
аще|аще
ми|мі
ꙁде|зде
питає̇мь|пітаемь
сѧ|сѧ
и̇ли|ілі
бг͠атимь|бг҃атімь
сѧ|сѧ
.л͠.|л҃
и̇ли|ілі
.н͠.|н҃
и̇ли|ілі
.р͠.|р҃
лѣⷮ҇|лѣт
потомь|потомь
что|что
не|не
старость|старость
ли|лі
а꙼|а
по|по
старости|старості
недѫгь|недѫгь
а꙼|а
потомь|потомь
немощь|немощь
и̇|і
по|по
семь|семь
что|что
страшꙿни|страшні
ѻ̇нь|онь
чаⷭ҇|час
ѿ|от
всѣхь|всѣхь
чає̇мь|чаемь
сии̇|сіі
и̇|і
небрѣгомь|небрѣгомь
великь|велікь
срⷮахь|сртахь
тогаⷣ|тогад
бѫдеть|бѫдеть
братиє̇|братіе
и̇|і
великь|велікь
трепеть|трепеть
велико|веліко
е̇сть|есть
видѣти|відѣті
сѧ|сѧ
дш͠и|дш҃і
раꙁⷣѣлає̇мѣ|раздѣлаемѣ
ѿ|от
тѣла|тѣла
велика|веліка
бѣда|бѣда
чаⷭ҇|час
того|того
є̇гаⷣ|егад
ѫ̇ꙁикь|ѫзікь
оу̇дрьжы̇т|оудрьжъіт
сѧ|сѧ
чⷭ҇та|чста
словесе|словесе
рещи|рещі
не|не
вьꙁможеть|вьзможеть
потомь|потомь
же|же
вьꙁираѫ̇ще|вьзіраѫще
само|само
и̇|і
ѻ̇вамо|овамо
вь|вь
скорѣ|скорѣ
и̇|і
прѣстоѫ̇щѫ|прѣстоѫщѫ
намь|намь
дроугии̇|дроугіі
родителє|родітеле
и̇ли|ілі
братиѫ̇|братіѫ
не|не
поꙁнае̇мь|познаемь
а꙼ще|аще
ли|лі
и̇|і
поꙁнаѥ̇мь|познаемь
ѭ̋|ѭ
то|то
кь|кь
нимь|німь
рещы̇|рещъі
не|не
вьꙁможⷷмь|вьзможемь
и̇|і
сихь|сіхь
оу̇тѣшити|оутѣшіті
не|не
вьꙁможеⷨ҇|вьзможем
чѧда|чѧда
ры̇даѫ̇щы̇мь|ръідаѫщъімь
сѧ|сѧ
оу꙼ꙁрымь|оузръімь
и̇|і
болѣꙁнь|болѣзнь
и̇хь|іхь
и̇мѫще|імѫще
ѿходимь|отходімь
вь|вь
ты̇|тъі
дн͠ь|дн҃ь
люти|люті
нⷭ҇ѣ|нсѣ
печали|печалі
чеды̇|чедъі
и̇ли|ілі
дрꙋ(г)ы̇|дроугъі
ни|ні
братиѫ̇|братіѫ
никакаꙗ̇|нікакаꙗ
печаль|печаль
ѻ̇дрьжить|одрьжіть
нась|нась
нѫ|нѫ
ѡ̇|о
свои̇хь|своіхь
дш͠ахь|дш҃ахь
ѥ̇динѣхь|едінѣхь
како|како
срещемь|срещемь
сѫдиѫ̇|сѫдіѫ
и̇|і
кы̇|къі
оубо|оубо
ѿвѣть|отвѣть
створимь|створімь
и̇|і
коє̇|кое
оу꙼бо|оубо
приметь|пріметь
ны̇|нъі
мѣсто|мѣсто
ꙗ̇(к͠о)|ꙗк҃о
си|сі
помишлає̇мь|помішлаемь
вьнеꙁаꙗ̇пѫ|вьнезаꙗпѫ
пристѫпѫть|прістѫпѫть
а꙼нꙿгл͠и|англ҃і
ꙗ̇ри|ꙗрі
и̇|і
люти|люті
тогаⷣ|тогад
ми|мі
сихь|сіхь
ꙁрѫще|зрѫще
ѿ|от
страⷯ҇|страх
сьдрьгнемꙿ|сьдрьгнем
сѧ|сѧ
а꙼ще|аще
неготови|неготові
ѻ̇брѧщем|обрѧщем
сѧ|сѧ
како|како
сѧ|сѧ
и̇мамы̇|імамъі
мести|месті
ѿ|от
ложа|ложа
бѣжати|бѣжаті
покоушаѫ̇ще|покоушаѫще
сѧ|сѧ
не|не
можемь|можемь
тькмо|тькмо
ꙁримь|зрімь
оу꙼мы̇ленима|оумъіленіма
ѡ̇чима|очіма
и̇|і
смѣренимь|смѣренімь
лицемь|ліцемь
мл͠ѧще|мл҃ѧще
сѧ|сѧ
и̇|і
припадаѫ̇ще|пріпадаѫще
кь|кь
а꙼нг͠ломь|анг҃ломь
тѣмꙿ|тѣм
беꙁьплодна|безьплодна
и̇|і
нечⷭ҇та|нечста
недѣи̇те|недѣіте
мене|мене
вести|весті
кь|кь
сѫди|сѫді
а̇нг͠ли|анг҃лі
блаꙃи|блазі
и̇|і
грѣшнаа̇го|грѣшнааго
мене|мене
ѿ|от
телесе|телесе
не|не
и̇ꙁводите|ізводіте
нѫ|нѫ
мл͠ѧ|мл҃ѧ
вы̇|въі
недѣи̇те|недѣіте
мєне|мене
мало|мало
дн͠и|дн҃і
покаꙗ̇ти|покаꙗті
сѧ|сѧ
и̇|і
плакати|плакаті
сѧ|сѧ
и̇|і
вьꙁдьхнѫти|вьздьхнѫті
кь|кь
б͠оу|б҃оу
мл͠твѫ|мл҃твѫ
сьтворите|сьтворіте
вы̇нѫ|въінѫ
ѡ꙼|о
мнѣ|мнѣ
и̇|і
помл͠ите|помл҃іте
сѧ|сѧ
мл͠ѫ|мл҃ѫ
вы|въі
пом͠лꙋи̇те|пом҃лоуіте
мѧ|мѧ
а꙼нꙿг͠ли|анг҃лі
свѣтли|свѣтлі
понеже|понеже
ꙁлѣ|злѣ
жиꙁнь|жізнь
своѫ̇|своѫ
и̇жⷣы̇хь|іждъіхь
и̇|і
сконꙿчахь|скончахь
сѧ|сѧ
си|сі
ѿ|от
наⷭ҇|нас
слы̇шѫще|слъішѫще
а꙼нг͠ли|анг҃лі
и̇|і
рекѫть|рекѫть
ны꙼|нъі
ѻ̇|о
дш͠е|дш҃е
оу̇богаꙗ̇|оубогаꙗ
ѻ̇|о
дш͠е|дш҃е
оу꙼нилаꙗ̇|оунілаꙗ
и̇|і
страньнаꙗ̇|страньнаꙗ
вꙿсѫ|всѫ
дн͠и|дн҃і
своѫ̇|своѫ
и̇жⷣыла|іждъіла
є̇си|есі
вь|вь
лѣности|лѣності
и|і
инѣ|інѣ
ли|лі
покаа꙼ти|покааті
сѧ|сѧ
хощеши|хощеші
ѻ̇|о
дш͠е|дш҃е
оу꙼же|оуже
слн͠це|слн҃це
ꙁаи̇шло|заішло
є̇сть|есть
и̇|і
вѣкь|вѣкь
твои̇|твоі
конꙿча|конча
сѧ|сѧ
посѣчение̇|посѣченіе
твоє̇|твое
приде|пріде
б͠ь|б҃ь
ѥⷭ҇|ес
рекьль|рекьль
ѻ̇|о
оу꙼богаꙗ̇|оубогаꙗ
дш͠е|дш҃е
и̇ꙁиди|ізіді
и̇|і
раꙁлѫчи|разлѫчі
сѧ|сѧ
ѿ|от
тѣла|тѣла
и̇|і
ѡ̇сѫди|осѫді
сѧ|сѧ
вь|вь
ѻ̇гꙿни|огні
вѣчꙿнѣмь|вѣчнѣмь
по|по
дѣломь|дѣломь
свои̇мь|своімь
нⷭ҇ѣ|нсѣ
ти|ті
оу꙼же|оуже
чѧсти|чѧсті
спнⷭ҇ию̇|спнсію
нѫ|нѫ
вѣчꙿнаꙗ̇|вѣчнаꙗ
мѫка|мѫка
си|сі
ѿ|от
наⷭ҇|нас
рекѫть|рекѫть
ꙗ̇ко|ꙗко
вь|вь
и̇стинѫ|істінѫ
томоу꙼|томоу
є̇сть|есть
бы̇ти|бъіті
тѣмꙿ|тѣм
же|же
братиє̇|братіе
подвигнѣмь|подвігнѣмь
сѧ|сѧ
прѣжеⷣ|прѣжед
года|года
того|того
да|да
бѫдемь|бѫдемь
готⷪви|готові
а꙼ще|аще
и̇|і
наꙋчили|наоучілі
сѧ|сѧ
є̇сть|есть
грѣхы|грѣхъі
творити|творіті
нѫ|нѫ
ѡ̇станѣмꙿ|останѣм
сѧ|сѧ
и̇хь|іхь
покаꙗ̇ние̇мь|покаꙗніемь
а꙼|а
не|не
льстимь|льстімь
сѧ|сѧ
сѫдь|сѫдь
бо|бо
ѥⷭ҇|ес
и̇|і
мѫка|мѫка
вѣчꙿнаꙗ̇|вѣчнаꙗ
и̇|і
ѻ꙼гꙿнь|огнь
неоу꙼гасимы̇и̇|неоугасімъіі
чрьвь|чрьвь
неоу̇сы̇пає̇мы̇|неоусъіпаемъі
и̇|і
тꙿма|тма
кромѣшьна|кромѣшьна
и̇|і
гроꙁа|гроза
и̇|і
скрежеть|скрежеть
ꙁѫбомь|зѫбомь
и̇|і
паⷧ҇чь|палчь
неоу̇тѣшимы̇|неоутѣшімъі
вь|вь
вѣкы̇|вѣкъі
ꙗ̇ко|ꙗко
і̇сьⷭ҇|ісьс
хьⷭ҇|хьс
вь|вь
є̇уⷢ҇ли|еуглі
ꙁаповѣдаѫ̇|заповѣдаѫ
рече|рече
и̇мь|імь
нб͠о|нб҃о
и̇|і
ꙁемѣ|земѣ
мимо|мімо
и̇деть|ідеть
тѣмьже|тѣмьже
и̇ми|імі
вьси|вьсі
и̇же|іже
вь|вь
грѣсѣхь|грѣсѣхь
прѣбы̇ваѫ̇ще|прѣбъіваѫще
поменѣмь|поменѣмь
сѧ|сѧ
и̇|і
потьщы̇мь|потьщъімь
сѧ|сѧ
ст͠ини|ст҃іні
причѧсти|прічѧсті
сѧ|сѧ
не|не
рьцѣмь|рьцѣмь
оу꙼бо|оубо
крали|кралі
е̇сми|есмі
и̇ли|ілі
сьблѫдили|сьблѫділі
и̇ли|ілі
раꙁбои̇|разбоі
створили|створілі
и̇|і
не|не
приметь|пріметь
наⷭ҇|нас
бг͠ь|бг҃ь
не|не
рьци|рьці
ни|ні
є̇динаго|едінаго
ѿ|от
сихь|сіхь
словесь|словесь
приметь|пріметь
бо|бо
бг͠ь|бг҃ь
всѣхь|всѣхь
ꙗ̇ко|ꙗко
и̇|і
ѻ̇тец͠ь|отец҃ь
милосрьди|мілосрьді
рѫцѣ|рѫцѣ
простерь|простерь
вꙿсѣхь|всѣхь
ꙁоветь|зоветь
кь|кь
себѣ|себѣ
приди|пріді
чѧдо|чѧдо
моє̇|мое
лю̇бимое̇|любімое
не|не
гнѫшаѫ̇|гнѫшаѫ
сѧ|сѧ
тебе|тебе
и̇|і
не|не
ѿмещѫ|отмещѫ
(те)бе|тебе
тебе|тебе
ради|раді
сьнидохь|сьнідохь
сь|сь
нбеⷭ҇|нбес
и̇|і
вьпльтихь|вьпльтіхь
сѧ|сѧ
вь|вь
дв͠ѫ|дв҃ѫ
и̇|і
пльⷮ҇|пльт
приѫ̇хь|пріѫхь
и̇|і
крⷭ҇тихь|крстіхь
сѧ|сѧ
те|те
ради|раді
и̇|і
на|на
крⷭ҇тѣ|крстѣ
пролиꙗ̇хь|проліꙗхь
крьвь|крьвь
своѫ|своѫ
тебе|тебе
ради|раді
да|да
ѻ̇чищѫ|очіщѫ
ѻ̇браꙁа|образа
моє̇го|моего
красотѫ|красотѫ
ѫ̇же|ѫже
ѡ̇чрьни|очрьні
страстьми|страстьмі
твои̇ми|твоімі
и̇|і
грѣховными|грѣховнъімі
тѣмьже|тѣмьже
влкⷣо|влкдо
вѣдѫ|вѣдѫ
твоє̇|твое
млрⷭ҇диє̇|млрсдіе
ꙗ̇ко|ꙗко
всѣхь|всѣхь
каѫ̇щыⷯ҇|каѫщъіх
сѧ|сѧ
милоує̇ши|мілоуеші
и̇ногда|іногда
оу꙼бо|оубо
є̇ꙁекиꙗ̇|езекіꙗ
цр͠ь|цр҃ь
просльꙁи|просльзі
сѧ|сѧ
на|на
ложи|ложі
своє̇мь|своемь
ꙩ̇|о
сьгрѣшенихь|сьгрѣшеніхь
свои̇хь|своіхь
не|не
тькмо|тькмо
приѫ̇|пріѫ
прощениє̇|прощеніе
грѣхь|грѣхь
свои̇хь|своіхь
нѫ|нѫ
прилогь|прілогь
приѫ̇|пріѫ
житиꙗ̇|жітіꙗ
своє̇го|своего
лѣⷮ҇|лѣт
.е͠і|е҃і
и̇ногаⷣ|іногад
цр͠ь|цр҃ь
манасиꙗ̇|манасіꙗ
прѣстѫпи|прѣстѫпі
ꙁаповѣди|заповѣді
твоѫ̇|твоѫ
и̇|і
сьтвори|сьтворі
люди|люді
покланѣти|покланѣті
сѧ|сѧ
и̇доломь|ідоломь
.н͠.|н҃
и̇|і
.в͠.|в҃
лѣⷮ҇|лѣт
ты̇|тъі
же|же
и̇|і
вь|вь
рѫкы̇|рѫкъі
перьсѣномь|перьсѣномь
прѣдасть|прѣдасть
и̇|і
вь|вь
волѣмѣ|волѣмѣ
дꙿнѣ|днѣ
ꙁатворишѧ|затворішѧ
и̇|і
ѡ̇ньже|оньже
а꙼биє̇|абіе
раскаꙗ̇вь|раскаꙗвь
сѧ|сѧ
кь|кь
тебѣ|тебѣ
и̇|і
малиѫ̇|маліѫ
сльꙁы̇|сльзъі
пролиꙗ̇|проліꙗ
не|не
тькмо|тькмо
прости|прості
є̇моу|емоу
сьгрѣшениꙗ̇|сьгрѣшеніꙗ
нѫ|нѫ
и̇|і
црⷭ҇тво|црство
є̇мⷹ|емоу
дарова|дарова
и̇|і
жиꙁнь|жізнь
помени|помені
влкⷣо|влкдо
колико|коліко
сьгрѣши|сьгрѣші
дв͠дь|дв҃дь
ѻ̇бративь|обратівь
сѧ|сѧ
и̇|і
покаꙗ̇|покаꙗ
сѧ|сѧ
сь|сь
сльꙁами|сльзамі
теплими|теплімі
не|не
тькмо|тькмо
прости|прості
є̇мꙋ|емоу
сьгрѣшениꙗ̇|сьгрѣшеніꙗ
нѫ|нѫ
и̇|і
пррⷪ҇чьства|пррочьства
дарь|дарь
даⷭ҇|дас
є̇моу|емоу
и̇|і
црт͠вию̇|црт҃вію
вѣчꙿномꙋ|вѣчномоу
наслѣдьника|наслѣдьніка
и̇|і
створи|створі
помени|помені
влкⷣо|влкдо
колико|коліко
сьгрѣши|сьгрѣші
раꙁбои̇никь|разбоінікь
не|не
тькмо|тькмо
тьи̇|тьі
и̇сповѣдавы̇|ісповѣдавъі
тѧ|тѧ
на|на
крꙿстѣ|крстѣ
нѫ|нѫ
и̇ни|іні
прочи|прочі
крьвиѫ̇|крьвіѫ
си|сі
рѫцѣ|рѫцѣ
ѻ̇сꙿкврьнивьше|оскврьнівьше
и̇сповѣдашѧ|ісповѣдашѧ
тѧ|тѧ
б͠а|б҃а
и̇стинꙿна|істінна
и̇|і
ѻ̇братишѧ|обратішѧ
сѧ|сѧ
кь|кь
тебѣ|тебѣ
сь|сь
сльꙁами|сльзамі
горькы̇ми|горькъімі
и̇|і
прости|прості
вьсѣ|вьсѣ
сꙿгꙿрѣшениꙗ̇|сгрѣшеніꙗ
и̇хь|іхь
и̇|і
раю̇|раю
створи|створі
жителѫ|жітелѫ
помени|помені
влкⷣо|влкдо
ꙗ̇ко|ꙗко
петрь|петрь
врьховны̇|врьховнъі
твои̇|твоі
оу꙼ченикь|оученікь
трищы̇|тріщъі
ѿврьже|отврьже
сѧ|сѧ
(те)бе|тебе
нѫ|нѫ
и̇|і
тои̇|тоі
раскаꙗ̇вь|раскаꙗвь
сѧ|сѧ
сь|сь
сльꙁами|сльзамі
ꙋмл͠енꙿныⷨ҇|оумл҃еннъім
просѧ|просѧ
прощениꙗ̇|прощеніꙗ
ѻ̇|о
створенихь|створеніхь
не|не
тькмо|тькмо
прости|прості
є̇го|его
сьгрѣшениꙗ̇|сьгрѣшеніꙗ
нѫ|нѫ
и̇|і
клоучарѣ|клоучарѣ
нбеⷭ҇|нбес
ⷨ҇|м
сьтвори|сьтворі
помени|помені
влкⷣо|влкдо
ꙗ̇ко|ꙗко
и̇|і
мы̇тарь|мъітарь
ѡ̇ставивь|оставівь
мы̇тницѫ|мъітніцѫ
и̇|і
даⷭ҇|дас
є̇мꙋ|емоу
є̇уⷢ҇лиѥ̇|еугліе
помени|помені
вл͠ко|вл҃ко
ꙗ̇ко|ꙗко
влѫдны|влѫднъі
сн͠ь|сн҃ь
раскаꙗ̇вь|раскаꙗвь
сѫ|сѫ
ськроушеньны̇мь|ськроушеньнъімь
срцⷣе|срцде
и̇|і
сь|сь
сльꙁами|сльзамі
и̇|і
тои̇|тоі
пріѫ̇|пріѫ
прошениє̇|прошеніе
грѣхомь|грѣхомь
помени|помені
влкⷣо|влкдо
ꙗ̇ко|ꙗко
блѫдница|блѫдніца
и̇мѫщы̇|імѫщъі
мꙿнⷪжьство|множьство
сьгрѣшениꙗ̇|сьгрѣшеніꙗ
и̇|і
оу꙼вⷣѣвьши|оувдѣвьші
тѧ|тѧ
млтⷭ҇ива|млтсіва
и̇|і
ѡ̇цѣстителѣ|оцѣстітелѣ
грѣхомь|грѣхомь
текьши|текьші
и̇|і
припаде|пріпаде
кь|кь
ногама|ногама
твои̇ма|твоіма
сльꙁами|сльзамі
свои꙼мы̇|своімъі
ѡ̇мы̇ваше|омъіваше
и̇|і
власи|власі
свои̇ми|своімі
ѻ̇тираше|отіраше
просꙛ|просѫ
прощениꙗ̇|прощеніꙗ
ты̇|тъі
же|же
млрⷭре|млрсре
не|не
тъкмо|тъкмо
прости|прості
єи̇|еі
съгрѣшениꙗ̇|съгрѣшеніꙗ
нꙛ|нѫ
и̇|і
цртⷭ҇вию̇|цртсвію
неб͠сномо|неб҃сномо
ꙗ̇виⷾ|ꙗвіѫ
наслѣдницѧ|наслѣдніцѧ
сего|сего
ради|раді
влкⷣо|влкдо
вѣдѧще|вѣдѧще
(бе)ꙁнⷣꙛ|безндѫ
твое̇го|твоего
чл͠колюбиꙗ̇|чл҃колюбіꙗ
и̇|і
млрⷭ҇диꙗ̇|млрсдіꙗ
бечислънꙛѭ̇|бечіслънѫѭ
пꙛчинꙛ|пѫчінѫ
припадае̇мъ|пріпадаемъ
покаꙗ̇ниемъ|покаꙗніемъ
гл͠ѧще|гл҃ѧще
ꙗ̇ко|ꙗко
и̇ѡ̈ны̇|іонъі
.е͠.|е҃
дв͠ъ|дв҃ъ
ѿвръꙁи|отвръзі
намъ|намъ
г͠и|г҃і
г͠и|г҃і
недⷪстоинимъ|недостоінімъ
рабомъ|рабомъ
твои̇мъ|твоімъ
грѣшъны̇мъ|грѣшънъімъ
и̇мени|імені
твое̇го|твоего
ради|раді
ст͠го|ст҃го
и̇|і
нєꙁатворины̇|незатворінъі
двери|двері
цртⷭ҇иꙗ̇|цртсіꙗ
твое̇го|твоего
нѫ|нѫ
оу꙼мл͠и|оумл҃і
сⱑ|сѧ
и̇|і
млтⷭ҇ивь|млтсівь
бѫди|бѫді
нѫ|нѫ
оу꙼вещаи̇|оувещаі
сⱑ|сѧ
и̇|і
не|не
лиши|ліші
наⷭ҇|нас
млтⷭ҇и|млтсі
твоє̇ѫ̇|твоеѫ
славы̇|славъі
ты̇|тъі
бо|бо
є̇си|есі
б͠ь|б҃ь
нш͠ь|нш҃ь
накаꙁꙋѫ̇|наказоуѫ
и̇|і
милоуѫ̇|мілоуѫ
и̇|і
пакы̇|пакъі
и̇сцѣлѣѫ̇|ісцѣлѣѫ
и̇|і
тебѣ|тебѣ
славѫ|славѫ
въсилає̇мь|въсілаемь
ѻ̇ц͠оу|оц҃оу
и̇|і
сн͠оу|сн҃оу
и̇|і
с͠томⷹ|с҃томоу
д͠хꙋ|д҃хоу
и̇|і
н͠нѣ|н҃нѣ
и̇|і
присно|прісно
и̇|і
вь|вь
вѣкы̇|вѣкъі
вѣкомь|вѣкомь
а꙼миⷩ҇|амін
С|с
Л|л
(Ꙍ)|о
В|в
(Ꙍ)|о
СТАГ҇Ꙍ|стаго
И́ꙌАН҇А|іоана
Ꙁ|з
Л|л
А|а
Т|т
Ꙍ|о
Ꙋ|оу
С|с
Т|т
А|а
ГꙌ|го
похвала|похвала
прѣдивꙿнаа̇го|прѣдівнааго
жиⷮ҇ꙗ̇|жітꙗ
и̇лиѫ̇|іліѫ
пррⷪ҇ка|пррока
блв҇ⷭи|блвсі
ѻ̇ч͠є|оч҃е
Нинѣ|нінѣ
ст͠оꙁарьноє̇|ст҃озарьное
слн͠це|слн҃це
нбⷭ҇наго|нбснаго
крѫга|крѫга
вьшествиѥ̇мь|вьшествіемь
ѡ̇гнꙿиыⷯ҇|огніъіх
конь|конь
свѣтлостиѫ̇|свѣтлостіѫ
просвѣщаѥ̇ть|просвѣщаеть
н͠нѣ|н҃нѣ
же|же
пакы̇|пакъі
въсиꙗ̇|въсіꙗ
вьселенаꙗ̇|вьселенаꙗ
свѣтоꙁарьними|свѣтозарьнімі
лючѣми|лючѣмі
ѻ̇ꙁарѣѫ̇щи|озарѣѫщі
сѧ|сѧ
радостию̇|радостію
прѣст͠лоѫ̇|прѣст҃лоѫ
ѡ̇гꙿненосꙿнаго|огненоснаго
пррⷪ҇ка|пррока
и̇лиѫ̇|іліѫ
ликьствоуѫ̇щи|лікьствоуѫщі
чтⷭ҇ьно|чтсьно
творить|творіть
и̇лиꙗ̇|іліꙗ
бо|бо
сьи̇|сьі
прѣдивꙿны̇|прѣдівнъі
вьсиꙗ̇|вьсіꙗ
на|на
ꙁеми|земі
ꙗ̇(ко)|ꙗко
и̇|і
слн͠це|слн҃це
и̇ꙁрѫдꙿними|ізрѫднімі
чюдеси|чоудесі
и̇|і
ꙁнамени|знамені
просвѣщаѫ̇|просвѣщаѫ
вьсего|вьсего
мира|міра
рьвениѥ̇|рьвеніе
ⷨ҇|м
прⷪттивникь|проттівнікь
и̇|і
непокоривиѫ̇|непокорівіѫ
и̇стинѣ|істінѣ
є̇гаⷣ|егад
же|же
сѧ|сѧ
хотѣшє|хотѣше
родити|родіті
и̇|і
видѣ|відѣ
вь|вь
снѣ|снѣ
ꙩ̇ц͠ь|оц҃ь
є̇го|его
и̇меноує̇мы̇|іменоуемъі
агавь|агавь
ꙗ̇ко|ꙗко
придошѧ|прідошѧ
мꙋжиѥ̇|моужіе
въ|въ
бѣлахь|бѣлахь
риꙁахь|різахь
и̇|і
повивахѫ|повівахѫ
и̇лиѫ̇|іліѫ
ѡ̇гꙿнемь|огнемь
и̇|і
ѡ̇гꙿнь|огнь
пламеньни|пламеньні
даꙗ̇хѫ|даꙗхѫ
е̇моу|емоу
ꙗ̇сти|ꙗсті
и̇|і
вьꙁвѣсти|вьзвѣсті
ѿц͠ь|отц҃ь
є̇го|его
и̇е̇реє̇мь|іереемь
и̇|і
рѣшѫ|рѣшѫ
ѥ̇моу|емоу
не|не
бои̇|боі
сѧ|сѧ
того|того
бѫдеть|бѫдеть
бо|бо
жилищє|жіліще
є̇го|его
свѣть|свѣть
и̇|і
слово|слово
ѥ̇го|его
и̇ꙁреⷱ҇ниѥ̇|ізречніе
сада|сада
и̇|і
житиє̇|жітіе
[є̇]го|его
сь|сь
бм͠ь|бм҃ь
вы̇шьнимь|въішьнімь
и̇|і
сѫдить|сѫдіть
и̇ꙁлⷭ҇ьтомꙿ|ізлсьтом
мечемь|мечемь
и̇|і
ѻ̇гꙿнемь|огнемь
и̇|і
рьвениє̇мь|рьвеніемь
свои̇мь|своімь
и̇|і
попалить|попаліть
противьникы̇|протівьнікъі
и̇|і
цр͠ю|цр҃ю
же|же
вь|вь
дн͠иѥ̇|дн҃іе
вьставьшоу|вьставьшоу
нечⷭ҇тивоу|нечстівоу
и̇менемь|іменемь
а꙼хавоу|ахавоу
и̇|і
не|не
послоушаѫ̇щоу|послоушаѫщоу
пррⷪ҇ка|пррока
и̇|і
молитвѫ|молітвѫ
сьтвори|сьтворі
кь|кь
вы̇шꙿнемоу|въішнемоу
б͠оу|б҃оу
и̇|і
ꙁаключити|заключіті
н͠бо|н҃бо
и̇|і
ни|ні
ѡ̇дьжди|одьжді
дъждъ|дъждъ
ꙁа|за
.г͠.|г҃
лѣта|лѣта
и̇|і
ꙁа|за
.ꙅ͠.|з҃
мц͠ь|мц҃ь
вьста|вьста
и̇|і
и̇де|іде
вь|вь
поусты̇нѫ|поустъінѫ
и̇|і
таꙗ̇ше|таꙗше
сѧ|сѧ
вь|вь
потоцѣ|потоцѣ
кисаретьстѣмь|кісаретьстѣмь
и̇|і
ѿ|от
нб͠есь|нб҃есь
пищѫ|піщѫ
приє̇млѧ|пріемлѧ
враномь|враномь
на|на
вьсѣкь|вьсѣкь
дн͠ь|дн҃ь
и̇|і
прѣсьше|прѣсьше
вода|вода
ѿ|от
ведра|ведра
и̇|і
вь|вь
потоцѣ|потоцѣ
томь|томь
гладемь|гладемь
ѻ̇дрьжимѣ|одрьжімѣ
ꙁеми|земі
тои̇|тоі
и̇|і
повелѣниє̇|повелѣніе
прие̇мь|пріемь
ѿ|от
б͠а|б҃а
пррⷪ҇кь|пррокь
и̇|і
вьставь|вьставь
и꙼де|іде
вь|вь
сарефꙿтѫ|сарефтѫ
сидоньскѫѫ̇|сідоньскѫѫ
и̇|і
оу꙼ꙁрѣ|оузрѣ
є̇терѫ|етерѫ
вꙿдовицѫ|вдовіцѫ
дрьва|дрьва
сьбираѫ̇щѫѫ̇|сьбіраѫщѫѫ
и̇|і
реⷱ҇|реч
е̇и̇|еі
и̇лиꙗ̇|іліꙗ
и̇ди|іді
и̇|і
створи|створі
ми|мі
ѡ̇прѣснокь|опрѣснокь
маль|маль
ѿ|от
мꙋкы|моукъі
є̇же|еже
и̇маши|імаші
и꙼|і
снѣми|снѣмі
ѿ|от
него|него
а꙼ꙁь|азь
же|же
и̇|і
чѧда|чѧда
твоꙗ̇|твоꙗ
и̇|і
реⷱ҇|реч
жена|жена
кь|кь
и̇лии|іліі
живъ|жівъ
б͠ь|б҃ь
жива|жіва
дш͠а|дш҃а
твоꙗ̇|твоꙗ
а꙼ще|аще
ѥⷭ҇|ес
въ|въ
домⷹ|домоу
моє̇мь|моемь
боле|боле
три|трі
грьсти|грьсті
мⷾкии|мѫкіі
и̇|і
се|се
сьбираѫ̇|сьбіраѫ
полѣнꙿца|полѣнца
си|сі
да|да
и̇спекьши|іспекьші
вькоушѫ|вькоушѫ
ѿ|от
него|него
сь|сь
дѣтꙿми|дѣтмі
свои̇ми|своімі
и̇|і
оу꙼мꙿрѫ|оумрѫ
и̇|і
рече|рече
и̇лиꙗ̇|іліꙗ
створи|створі
по|по
г͠лоу|г҃лоу
моє̇моу|моемоу
ꙗ̇коже|ꙗкоже
ти|ті
рѣхь|рѣхь
а̇|а
не|не
и̇маи̇|імаі
ѻ̇|о
тоⷨ҇|том
печали|печалі
и̇|і
ѡ̇бита|обіта
вь|вь
домꙋ|домоу
є̇ѫ̇|еѫ
и̇лиꙗ̇|іліꙗ
и̇|і
створи|створі
жена|жена
по|по
гл͠оу|гл҃оу
и̇лии̇ноу|ілііноу
и̇|і
ѿ|от
тѡго|того
чаⷭ҇|час
не|не
ѻ̇скѫдѣ|оскѫдѣ
сьсꙋдь|сьсоудь
мꙋчьнꙿы̇|моучьнъі
ни|ні
чꙿванець|чванець
маслыⷩ҇|маслъін
и̇|і
чюдесемꙿ|чоудесем
же|же
растѫщимꙿ|растѫщім
ѿ|от
пррⷪ҇ка|пррока
и̇|і
оу̇мр͠ѣть|оумр҃ѣть
сн͠ь|сн҃ь
въдовицѫ|въдовіцѫ
тоѫ̇|тоѫ
оу̇|оу
неѫ̇|неѫ
же|же
бѣше|бѣше
и̇лиꙗ̇|іліꙗ
ѻ̇на|она
же|же
плачѧщи|плачѧщі
сѧ|сѧ
и̇|і
реⷱ҇|реч
кь|кь
пррⷪ҇коу|пррокоу
почто|почто
вьниде|вьніде
вь|вь
домь|домь
мои̇|моі
вьспомѣнѫть|вьспомѣнѫть
грѣхи|грѣхі
моѥ̇|мое
и̇|і
оу̇морити|оуморіті
сн͠а|сн҃а
моє̇го|моего
не|не
расматрѣѫ̇щи|расматрѣѫщі
бж͠иѫ̇|бж҃іѫ
бл͠годѣти|бл҃годѣті
хотѫщѫѫ̇|хотѫщѫѫ
ꙗ̇вити|ꙗвіті
сѧ|сѧ
ѻ̇|о
немь|немь
вьлѣꙁь|вьлѣзь
же|же
въ|въ
клѣть|клѣть
и̇лиꙗ̇|іліꙗ
и̇деже|ідеже
лежаше|лежаше
ѻ̇трокь|отрокь
оу̇меры̇|оумеръі
и̇|і
помоливь|помолівь
сѧ|сѧ
кь|кь
вишнемꙋ|вішнемоу
и̇|і
натьклонивꙿ|натьклонів
сѧ|сѧ
трищи|тріщі
и̇|і
доунѫ|доунѫ
лице|ліце
є̇мꙋ⸱|емоу
и̇|і
ѡ̇брати|обраті
сѧ|сѧ
дш͠а|дш҃а
є̇го|его
вь|вь
нь|нь
а꙼биє̇|абіе
е̇мь|емь
ꙁа|за
рѫкѫ|рѫкѫ
и̇|і
вьстави|вьставі
и̇|і
и̇|і
дасть|дасть
матери|матері
своѥ̇и̇|своеі
и̇|і
вь|вь
третиє̇|третіе
жє|же
лѣто|лѣто
по|по
оу꙼мр͠ьтвы̇|оумр҃ьтвъі
а̇хавовѣ|ахавовѣ
сн͠ь|сн҃ь
є̇го|его
ѻ̇хоꙁиꙗ̇|охозіꙗ
цр͠ь|цр҃ь
бывь|бъівь
вь|вь
ѡ̇ц͠а|оц҃а
мѣсто|мѣсто
и̇|і
пꙋсти|поусті
кь|кь
и̇лии̇|іліі
.н͠.|н҃
мѫжии̇|мѫжіі
и̇|і
сь|сь
петьдесѧтꙿникомь|петьдесѧтнікомь
бѣде|бѣде
е̇го|его
прии̇ти|прііті
кь|кь
себѣ|себѣ
и̇|і
гл͠ѫ|гл҃ѫ
пррⷪ҇че|прроче
бж͠ии̇|бж҃іі
приди|пріді
до|до
мене|мене
и̇|і
реⷱ҇|реч
и̇лиꙗ̇|іліꙗ
а꙼ще|аще
е̇сьмь|есьмь
пррⷪ҇кь|пррокь
бж͠ии̇|бж҃іі
то|то
да|да
сьнидеть|сьнідеть
ѡ̇гꙿнь|огнь
сь|сь
небеⷭ҇|небес
и̇|і
попа[лиⷮ]|попаліт
все|все
и̇|і
быⷭ҇|бъіс
таⷦ|так
ⷪ|о
и|і
пакы̇|пакъі
пꙋсти|поусті
дроугаа̇|дроугаа
госьтника|госьтніка
и̇|і
сь|сь
сьтьмь|сьтьмь
воинь|воінь
и̇|і
томꙋ|томоу
такожеⷣ|такожед
сьтвории̇|сьтворіі
и̇|і
пакы̇|пакъі
трⷷтиꙗ̇го|третіꙗго
поусти|поусті
и̇|і
томоу|томоу
ꙋмꙵльшоу|оумльшоу
сѧ|сѧ
прѣдь|прѣдь
пррⷪ҇комь|пррокомь
и̇|і
не|не
створи|створі
ѥ̇моу|емоу
ꙁла|зла
нь|нь
вьставь|вьставь
и̇де|іде
с|с
нимь|німь
кь|кь
цр͠оу|цр҃оу
и̇|і
вь|вь
третиє̇|третіе
лѣто|лѣто
сьвѣщаваше|сьвѣщаваше
е̇моу|емоу
и̇лиꙗ̇|іліꙗ
люди|люді
сьбрати|сьбраті
на|на
горѫ|горѫ
карьмильскѫѫ̇|карьмільскѫѫ
коупно|коупно
сь|сь
вьсѣми|вьсѣмі
жрьцы|жрьцъі
и̇|і
льжьми|льжьмі
пррⷪ҇кы̇|пррокъі
бѣше|бѣше
бо|бо
и̇хь|іхь
до|до
.т͠.|т҃
и̇|і
ꙗ̇ко|ꙗко
вьꙁы̇де|вьзъіде
на|на
горѫ|горѫ
карьмискѫѩ̇|карьміскѫѧ
и̇|і
повелѣ|повелѣ
и̇лиꙗ̇|іліꙗ
привести|прівесті
дꙿва|два
юньца|юньца
и|і
приꙁва|прізва
ѥ|е
(г͠ле)|г҃ле
да|да
пом͠лимь|пом҃лімь
сѧ|сѧ
кьждо|кьждо
кь|кь
б͠оу|б҃оу
своє̇моу|своемоу
да|да
є̇гоже|егоже
жрьтвѫ|жрьтвѫ
ѡ̇гꙿнь|огнь
снѣсть|снѣсть
пришⷷди|прішеді
с|с
н͠бсь|н҃бсь
того|того
же|же
б͠а|б҃а
да|да
послоушае̇мꙿ|послоушаем
вьсии̇|вьсіі
и̇|і
ꙁаповѣди|заповѣді
є̇го|его
да|да
блюдемь|блюдемь
є̇гоже|егоже
ли|лі
жрьтва|жрьтва
ѻ̇станеть|останеть
нєсьжежена|несьжежена
ѻ̇гꙿнемь|огнемь
нбнⷭ҇ы̇мь|нбнсъімь
тѡ|то
да|да
ꙋмꙿр͠еть|оумр҃еть
днеⷭ҇|днес
и̇|і
реⷱ҇|реч
льжимь|льжімь
пррⷪ҇комь|пррокомь
и̇|і
жꙿрьцемь|жрьцемь
пожрѣте|пожрѣте
прьвоє̇|прьвое
вашимь|вашімь
бм͠ь|бм҃ь
да|да
поꙁнає̇т|познает
се|се
сила|сіла
и̇хь|іхь
и̇|і
ваша|ваша
слоужꙿба|слоужба
ꙗ̇влена|ꙗвлена
бѫдеть|бѫдеть
и̇|і
приведоше|пріведоше
жрьции̇|жрьціі
ю̇нець|юнець
е̇динь|едінь
и̇|і
ꙁаклашѫ|заклашѫ
и̇|і
положишѫ|положішѫ
беꙁь|безь
ѻ̇гꙿнѣ|огнѣ
на|на
скрадѣ|скрадѣ
и̇|і
вьꙁвашѧ|вьзвашѧ
б͠гы|б҃гъі
своѫ̇|своѫ
соує̇тꙿны̇ѫ̇|соуетнъіѫ
ри̇каю̇ще|рікающе
ѻ̇кртⷭ҇ь|окртсь
скради|скраді
и̇|і
ꙗ̇ко|ꙗко
не|не
быⷭ҇|бъіс
до|до
пладꙿнє|пладне
ничесоже|нічесоже
и̇|і
рꙋгѫше|роугѫше
сѫ|сѫ
и̇мь|імь
и̇лиꙗ̇|іліꙗ
и|і
реⷱ҇|реч
вельми|вельмі
оу̇бо|оубо
ꙁовѣте|зовѣте
є̇да|еда
бѫдѫть|бѫдѫть
ꙁаспали|заспалі
б͠ꙃи|б҃зі
ваши|ваші
и̇|і
ꙗ̇ко|ꙗко
не|не
быⷭ҇|бъіс
ѿ|от
нихь|ніхь
ничесоже|нічесоже
и̇|і
повелѣ|повелѣ
и̇мь|імь
и̇лиꙗ̇|іліꙗ
ѿстѫпити|отстѫпіті
и̇|і
реⷱ҇|реч
людемь|людемь
примѣте|прімѣте
є̇диного|едіного
когождо|когождо
и̇хь|іхь
и̇|і
и̇скопа|іскопа
мѣсто|мѣсто
при|прі
мории|моріі
и̇|і
сьꙁда|сьзда
тоу|тоу
ѻ̇льтарь|ольтарь
и̇|і
вьсꙿкладе|вьскладе
полѣна|полѣна
врьхоу|врьхоу
є̇го|его
и̇|і
приве[де]|пріведе
тельца|тельца
и̇|і
ꙁакла|закла
и̇|і
растесавь|растесавь
и̇|і
вьꙁложи|вьзложі
вь[р]хоу|вьрхоу
дрьвь|дрьвь
и̇|і
реⷱ҇|реч
вьꙁиⷧꙗ̇тє|вьзілꙗте
водѫ|водѫ
и̇|і
вьꙁлиꙗ̇шѫ|вьзліꙗшѫ
и̇|і
реⷱ҇|реч
оу̇двои̇те|оудвоіте
оу̇двои̇шѫ|оудвоішѫ
и̇|і
реⷱ҇|реч
оу̇трои̇те|оутроіте
оу̇трои̇шѧ|оутроішѧ
доньдеже|доньдеже
ста|ста
вода|вода
врьхꙋ|врьхоу
мѫсь|мѫсь
и|і
вьꙁрѣвь|вьзрѣвь
на|на
неб͠о|неб҃о
и̇|і
рече|рече
послоушаи̇|послоушаі
мене|мене
г͠и|г҃і
бж͠е|бж҃е
мои̇|моі
вьседрьжителю|вьседрьжітелю
послоушаи̇|послоушаі
мене|мене
дн͠есь|дн҃есь
ѻ̇гꙿнемь|огнемь
да|да
раꙁꙋмѣѫ̇ть|разоумѣѫть
вьси|вьсі
людиє̇|людіе
ꙗ̇кⷪ|ꙗко
ти|ті
є̇си|есі
ѥⷣнꙵь|еднь
г͠ь|г҃ь
б͠ь|б҃ь
вьседрьжитель|вьседрьжітель
и̇|і
а̇ꙁь|азь
рабь|рабь
твои|твоі
послоу̇шаи̇|послоушаі
мене|мене
г͠и|г҃і
б͠е|б҃е
послоушаи̇|послоушаі
мене|мене
днеⷭ҇|днес
ѻ̇гꙿнемь|огнемь
и̇|і
ꙗ̇ко|ꙗко
третицеѫ̇|третіцеѫ
реⷱ҇|реч
и̇|і
сьниде|сьніде
ѻ̇гꙿнь|огнь
сь|сь
нбеⷭ҇|нбес
и̇|і
снѣсть|снѣсть
жрьтвѫ|жрьтвѫ
є̇го|его
и̇|і
полѣна|полѣна
и̇|і
водѫ|водѫ
полиꙁа|поліза
и̇|і
похвали|похвалі
г͠а|г҃а
б͠а|б҃а
вьседрьжителѣ|вьседрьжітелѣ
и̇|і
повелѣ|повелѣ
поврьщи|поврьщі
въꙁнакь|възнакь
жрьцѫ|жрьцѫ
тиѫ̇|тіѫ
и̇|і
вьꙁемь|вьземь
ножь|ножь
и̇|і
комꙋжоⷣ|комоужод
на|на
грьлѣ|грьлѣ
ставь|ставь
и̇|і
ꙁакла|закла
и̇хь|іхь
до|до
.т͠.|т҃
и̇|і
реⷱ҇|реч
ревноуѫ̇|ревноуѫ
поревновахь|поревновахь
г͠и|г҃і
б͠ꙃѣ|б҃зѣ
моє̇мь|моемь
вьседрьжители|вьседрьжітелі
и̇|і
вьшедь|вьшедь
на|на
горѫ|горѫ
и̇|і
помоли|помолі
сѧ|сѧ
ѻ̇|о
лю̇дехь|людехь
кь|кь
г͠оу|г҃оу
б͠оу|б҃оу
дьжда|дьжда
ради|раді
и̇|і
а̇быє̇|абъіе
ѿврьꙁе|отврьзе
б͠ь|б҃ь
хлебы̇|хлебъі
небнⷭ҇ы̇ѫ̇|небнсъіѫ
и̇|і
напои̇|напоі
ꙁемлꙋ|землоу
и̇|і
проꙁѫбе|прозѫбе
ꙁемла|земла
вьсѣкогⷪ|вьсѣкого
плода|плода
и̇|і
блвⷭ҇и|блвсі
и̇лиꙗ̇|іліꙗ
люди|люді
и̇|і
сьниде|сьніде
сь|сь
горы|горъі
и̇|і
пое̇мь|поемь
сь|сь
собою̇|собою
е̇лисеꙗ̇|елісеꙗ
сн͠а|сн҃а
а꙼сафатова|асафатова
є̇гоже|егоже
помаꙁа|помаза
на|на
пррⷪ҇чьство|пррочьство
быⷭ҇|бъіс
же|же
и̇дѫщима|ідѫщіма
прѣи̇ти|прѣіті
є̇рьдань|ерьдань
и̇|і
сьнемь|сьнемь
и̇лиꙗ̇|іліꙗ
милотьѫ̇|мілотьѫ
же|же
ношаше|ношаше
и̇|і
сви|сві
ю̇|ю
и̇|і
оу̇дⷶривь|оударівь
водѫ|водѫ
и̇|і
растѫпи|растѫпі
сѧ|сѧ
вода|вода
сѫдоу|сѫдоу
и̇|і
сѫдоу|сѫдоу
и̇|і
прѣи̇доста|прѣідоста
ѻ̇ба|оба
по|по
соухоу|соухоу
преꙁрѣ|презрѣ
же|же
и̇лиꙗ̇|іліꙗ
въꙁѧтиє̇|възѧтіе
си|сі
ѿ|от
ꙁемѫ|земѫ
и̇|і
речоу|речоу
кь|кь
ѥ̇лисею̇|елісею
проси|просі
ѿ|от
мене|мене
є̇же|еже
хощеши|хощеші
и̇|і
дамь|дамь
ти|ті
прѣжде|прѣжде
дажє|даже
не|не
вьꙁѧть|вьзѧть
бѫдѫ|бѫдѫ
ѿ|от
тебе|тебе
понеже|понеже
люблю|люблю
те|те
и̇|і
реⷱ҇|реч
е̇лисєи̇|елісеі
кь|кь
немоу|немоу
да|да
бѫдеть|бѫдеть
оу̇бо|оубо
дх͠ь|дх҃ь
и̇же|іже
вь|вь
тебѣ|тебѣ
соугоубо|соугоубо
и̇|і
вь|вь
мнѣ|мнѣ
а꙼|а
не|не
прошꙋ|прошоу
и̇ного|іного
ничесоже|нічесоже
ѿ|от
тебе|тебе
и̇|і
реⷱ҇|реч
и̇лиꙗ̇|іліꙗ
е̇лисею̇|елісею
оу꙼жестиль|оужестіль
е̇си|есі
просити|просіті
ѡ̇баче|обаче
бѫдеть|бѫдеть
ти|ті
тако|тако
нѫ|нѫ
а̇ще|аще
оу̇ꙁриши|оузріші
мѧ|мѧ
вьꙁносима|вьзносіма
ѿ|от
ꙁемѧ|земѧ
на|на
н͠бо|н҃бо
и̇|і
быⷭ҇|бъіс
тако|тако
и̇|і
быⷭ҇|бъіс
и̇дѫщема|ідѫщема
и̇ма|іма
и̇|і
се|се
колесница|колесніца
ѡ̇гꙿнꙿна|огнна
и̇|і
кони|коні
ѡ̇гꙿни|огні
и̇|і
вьшедьшимь|вьшедьшімь
и̇мь|імь
междоу|междоу
и̇ма|іма
и̇|і
раꙁлѫчишѧ|разлѫчішѧ
сѧ|сѧ
и̇|і
вьсхы̇щень|вьсхъіщень
бⷭ҇ы̇|бсъі
и̇лиꙗ̇|іліꙗ
вихромь|віхромь
и̇|і
вьꙁнесош[ѧ]|вьзнесошѧ
ѧⷭ҇|ѧс
горѣ|горѣ
ꙗ̇ко|ꙗко
на|на
н͠бо|н҃бо
е̇лисеи̇|елісеі
же|же
ѡ̇ставь|оставь
и̇|і
вьпити|вьпіті
начѧть|начѧть
гл͠ѫ|гл҃ѫ
ѡ̇ч͠е|оч҃е
ѡ̇ч͠е|оч҃е
колесница|колесніца
ѻ̇гꙿн̇ьна|огньна
и̇|і
сьѫ̇ꙁници|сьѫзніці
є̇го|его
и̇|і
врьже|врьже
и̇лиꙗ̇|іліꙗ
милоть|мілоть
своѫ̇|своѫ
на|на
є̇лисеꙗ̇|елісеꙗ
и̇|і
вьниде|вьніде
вь|вь
нь|нь
дх͠ь|дх҃ь
соугоубь|соугоубь
по|по
гл͠оу|гл҃оу
и̇лии̇ноу|ілііноу
пишеть|пішеть
бо|бо
сѧ|сѧ
є̇мⷹ|емоу
пакы̇|пакъі
сьнити|сьніті
вь|вь
послѣдꙿнѫ̇|послѣднѫ
дн͠и|дн҃і
и̇|і
пррⷪ҇чьствовати|пррочьствоваті
вь|вь
ѫ̇ꙁы̇цѣхь|ѫзъіцѣхь
и̇|і
колѣнѣхь|колѣнѣхь
сн͠о(вꙿ)|сн҃ов
и̇ꙁлⷭ҇евѣхь|ізлсевѣхь
вьпиѫ̇щи|вьпіѫщі
кꙿ|к
лю̇демь|людемь
и̇|і
гл͠ѫщоу꙼|гл҃ѫщоу
никтоже|ніктоже
вась|вась
братиє̇|братіе
не|не
и̇ми|імі
вѣры̇|вѣръі
бг͠опротивꙿникꙋ|бг҃опротівнікоу
а꙼ньдихристоу|аньдіхрістоу
вь|вь
скорѣ|скорѣ
бо|бо
раꙁрⷣоушить|разрдоушіть
сѧ|сѧ
льсть|льсть
е̇го|его
сє|се
бо|бо
грѧдеть|грѧдеть
г͠ь|г҃ь
сь|сь
нбеⷭ҇|нбес
вь|вь
славѣ|славѣ
бж͠ьства|бж҃ьства
своє̇го|своего
сѫдити|сѫдіті
хѻтѧ|хотѧ
живы̇мь|жівъімь
и̇|і
мр͠ьтвы̇мь|мр҃ьтвъімь
и̇|і
вьꙁаⷣти|вьзадті
комⷹждо|комоуждо
по|по
дѣломь|дѣломь
є̇го|его
и̇|і
не|не
могы̇|могъі
трьпѣти|трьпѣті
ѡ̇бличениꙗ̇|обліченіꙗ
ѥ̇го|его
бестоудень|бестоудень
ꙁьми|зьмі
диꙗ̇воль|діꙗволь
и̇|і
оу̇бить|оубіть
є̇го|его
и̇|і
не|не
даⷭ҇|дас
погрести|погресті
є̇го|его
и̇|і
прѣбы̇вꙿшоу|прѣбъівшоу
же|же
тѣлесе|тѣлесе
е̇го|его
три|трі
дн͠и|дн҃і
ꙗ̇кⷪже|ꙗкоже
є̇уⷢ҇листь|еуглість
і̇ѡⷶнь|іоань
гл͠еть|гл҃еть
ѻ̇|о
немь|немь
вь|вь
видѣни|відѣні
своє̇мь|своемь
и̇|і
дх͠ь|дх҃ь
ѿ|от
б͠а|б҃а
вьнидеть|вьнідеть
пакы̇|пакъі
вь|вь
нь|нь
и̇|і
вьстанеть|вьстанеть
пакы|пакъі
прѣдь|прѣдь
всѣми|всѣмі
людьми|людьмі
и̇|і
оу̇боѥть|оубоеть
се|се
ѿ|от
страⷯ|страх
е̇го|его
вьси|вьсі
прѣдьстоѫ̇щеи|прѣдьстоѫщеі
и̇|і
ꙁрѫще|зрѫще
чюдꙿнаа̇го|чоуднааго
є̇го|его
вьстаниꙗ̇|вьстаніꙗ
такоѫ̇|такоѫ
бл͠годѣтию|бл҃годѣтію
хьⷭ҇|хьс
оу̇диви|оудіві
ѥ̇го|его
паче|паче
силы̇|сілъі
чл͠вчьскы̇ѫ̇|чл҃вчьскъіѫ
тацѣми|тацѣмі
чюдесы̇|чоудесъі
оу̇|оу
ѻ̇рѫжи|орѫжі
є̇го|его
хьⷭ҇|хьс
вы̇шꙿнѣꙗ̇|въішнѣꙗ
прѣмѫдрость|прѣмѫдрость
тацѣми|тацѣмі
похвалами|похваламі
оу̇вѫꙁє|оувѫзе
є̇го|его
десница|десніца
вьседрьжителѣ|вьседрьжітелѣ
и̇ꙁꙿ|із
млада|млада
бо|бо
быⷭ҇|бъіс
чюдесень|чоудесень
дѣлесы̇|дѣлесъі
и̇|і
пррⷪ҇ицани|прроіцані
страшꙿными|страшнъімі
и̇|і
силоѫ̇|сілоѫ
не|не
и̇ꙁреⷱ҇ноѫ̇|ізречноѫ
и̇|і
прѣвышꙿнеѫ̇|прѣвъішнеѫ
властиѫ̇|властіѫ
оу̇поⷣбень|оуподбень
серафимꙋ|серафімоу
и̇|і
херꙋвимоу|хероувімоу
чюдесы̇|чоудесъі
сиꙗ̇ѫ̇|сіꙗѫ
ꙗ̇ко|ꙗко
и̇|і
слн͠це|слн҃це
и̇|і
хвалами|хваламі
вѣньчаваѫ̇|вѣньчаваѫ
бл͠гочьстивы̇ѫ̇|бл҃гочьстівъіѫ
вѣнець|вѣнець
носѧ|носѧ
на|на
себѣ|себѣ
славы̇|славъі
гн͠ѫ|гн҃ѫ
и̇|і
бж͠естьвнимь|бж҃естьвнімь
ѻ̇гꙿнемь|огнемь
палѫ|палѫ
просиꙗ̇вь|просіꙗвь
сии̇|сіі
вь|вь
пррⷪ҇цѣхь|прроцѣхь
ꙗ̇ко|ꙗко
и̇|і
слн͠це|слн҃це
вь|вь
ꙁвѣꙁаⷣхꙿ|звѣзадх
лоучами|лоучамі
свѣтоꙁарьнами|свѣтозарьнамі
ѡ̇ꙁараѫ̇|озараѫ
вꙿсѧ|всѧ
вьселенѫѩ̇|вьселенѫѧ
и̇|і
помаꙁаѫ̇|помазаѫ
бл͠годѣтиѫ̇|бл҃годѣтіѫ
пррⷪ҇кы̇|пррокъі
и̇|і
цр͠е|цр҃е
и̇|і
бѣсы̇|бѣсъі
проганѣѫ̇|проганѣѫ
и̇|і
трѣбы̇ща|трѣбъіща
и̇хь|іхь
сьслоужители|сьслоужітелі
всѧ|всѧ
и̇с|іс
корене|корене
и̇стрьꙁавь|істрьзавь
и̇|і
потрѣби|потрѣбі
вь|вь
и̇стинѫ|істінѫ
бо|бо
быⷭ҇|бъіс
масль|масль
на|на
доброплоднаꙗ̇|доброплоднаꙗ
и̇стачаѫ̇щи|істачаѫщі
сладость|сладость
дх͠овꙿнѫѫ̇|дх҃овнѫѫ
и̇|і
пакы̇|пакъі
ѡ̇дьждаѫ̇|одьждаѫ
и̇|і
ꙁемлꙋ|землоу
напаꙗ̇ѫ̇|напаꙗѫ
и̇|і
лю̇ди|люді
ꙁакрилѣѫ̇|закрілѣѫ
ѿ|от
гнѣва|гнѣва
бж͠иꙗ̇|бж҃іꙗ
и̇|і
чтⷭ҇оѫ̇|чтсоѫ
мл͠твоѫ̇|мл҃твоѫ
и̇лиꙗ̇|іліꙗ
ѻ̇гꙿненосны̇и̇|огненоснъіі
и̇|і
хвⷭ҇оу|хвсоу
пришествию̇|прішествію
твори|творі
прѣдитеча|прѣдітеча
и̇лиꙗ̇|іліꙗ
сⷡ҇ѣтоꙁарꙿнаꙗ̇|свѣтозарнаꙗ
деньница|деньніца
и̇лиꙗ̇|іліꙗ
прѣчисты̇|прѣчістъі
сьсꙋдъ|сьсоудъ
бж͠ию̇|бж҃ію
селению̇|селенію
и̇лиꙗ̇|іліꙗ
бг͠осаднаꙗ̇|бг҃осаднаꙗ
лоꙁа|лоза
напои̇вши|напоівші
бл͠гоѫ̇ханиꙗ̇|бл҃гоѫханіꙗ
вьсего|вьсего
мира|міра
и̇лиꙗ̇|іліꙗ
свѣтоꙁарꙿноє̇|свѣтозарное
слн͠це|слн҃це
и̇лиꙗ̇|іліꙗ
тꙋченосны̇|тоученоснъі
ѻ̇блакь|облакь
и̇лиꙗ̇|іліꙗ
неб͠о|неб҃о
парьны̇|парьнъі
ѻ̇рель|орель
и̇лиꙗ̇|іліꙗ
ꙁлатоꙁарьнаꙗ̇|златозарьнаꙗ
лоучѣ|лоучѣ
и̇лиꙗ̇|іліꙗ
и̇стинѣ|істінѣ
проповѣдьникь|проповѣдьнікь
хвⷭ҇оу|хвсоу
пришествию̇|прішествію
и̇лиꙗ̇|іліꙗ
быⷭ҇|бъіс
раꙁроушꙿникь|разроушнікь
неприꙗ̇ꙁнинѣ|непріꙗзнінѣ
и|і
льсти|льсті
и̇лиꙗ̇|іліꙗ
тепли|теплі
ꙁастьпникь|застьпнікь
печальны̇мь|печальнъімь
и̇лиꙗ̇|іліꙗ
тврьды|тврьдъі
камень|камень
вѣрѣ|вѣрѣ
и̇лиꙗ̇|іліꙗ
добры̇|добръі
вьводникь|вьводнікь
вьсѣмь|вьсѣмь
вь|вь
вѣчꙿнѫѫ̇|вѣчнѫѫ
жиꙁꙿнь|жізнь
ми|мі
же|же
мл͠имь|мл҃імь
те|те
вьвести|вьвесті
наⷭ҇|нас
творѫщѫѫ̇|творѫщѫѫ
твоє̇|твое
праꙁдеⷩ҇ство|празденство
прѣчьстьноє̇|прѣчьстьное
вь|вь
славꙋ|славоу
и̇|і
чтⷭ҇ь|чтсь
прѣст͠ѫѫ̇|прѣст҃ѫѫ
и̇|і
прѣбж͠естьвнѫѫ̇|прѣбж҃естьвнѫѫ
трои̇цѫ|троіцѫ
ѻ̇ц͠а|оц҃а
и̇|і
сн͠а|сн҃а
и̇|і
ст͠аго|ст҃аго
дх͠а|дх҃а
и̇|і
нн͠ѣ|нн҃ѣ
и̇|і
присно|прісно
и̇|і
вь|вь
вѣкы̇|вѣкъі
вѣкомь|вѣкомь
аминь|амінь
С|с
Л|л
Ꙍ|о
В|в
О|о
С|с
Т҇|т
А|а
Г|г
О|о
И́|і
Ꙍ|о
(А҇)|а
Н|н
А|а
ꙁлатооу̇стаго|златооустаго
на|на
рожьⷣство|рожьдство
крⷭ҇титєлѣ|крстітелѣ
і̇ѡⷶ҇на|іоана
блⷭ҇ви|блсві
ѡ̇ч͠е|оч҃е
Понеже|понеже
оу̇бо|оубо
прѣбл͠гы̇|прѣбл҃гъі
б͠ь|б҃ь
и̇|і
чловѣколбєць|чловѣколбець
не|не
прѣꙁрѣ|прѣзрѣ
рода|рода
члв͠чьскаго|члв҃чьскаго
ѿпадъша|отпадъша
вь|вь
многоє̇|многое
бесьчⷭ҇тиѥ̇|бесьчстіе
нѫ|нѫ
милоуѫ̇и̇|мілоуѫі
и̇|і
ѡ̇бѣща|обѣща
а꙼враа̇мꙋ|авраамоу
ѿ|от
родь|родь
древнихь|древніхь
гл͠ѧ|гл҃ѧ
сѣмѧ|сѣмѧ
твое̇|твое
оумножѫ|оумножѫ
ꙗ̇ко|ꙗко
ꙁвѣꙁды|звѣздъі
небнⷭ҇ы̇ѫ̇|небнсъіѫ
и̇|і
ꙗ̇ко|ꙗко
пѣсокь|пѣсокь
морьскы̇|морьскъі
и̇|і
ѿ|от
сего|сего
сѣмене|сѣмене
твоє̇го|твоего
и̇мать|імать
бл͠гословити|бл҃гословіті
се|се
вьсѣкь|вьсѣкь
ѫ̇ꙁыкь|ѫзъікь
ꙁемьскь|земьскь
такожде|такожде
и̇ꙗ̇ковь|іꙗковь
сь|сь
подобно|подобно
гл͠еть|гл҃еть
блвⷭ҇и|блвсі
сины̇|сінъі
свое̇|свое
реⷱ҇|реч
кь|кь
ю̇дѣ|юдѣ
не|не
ѡ̇скꙋдѣе̇ть|оскоудѣеть
кнѫꙁь|кнѫзь
ѿ|от
ю̇ды̇|юдъі
ни|ні
(и)гꙋмень|ігоумень
ѿ|от
стегноу|стегноу
є̇го|его
доньдеже|доньдеже
придеть|прідеть
хьⷭ҇|хьс
ѥже|еже
ѥⷭ҇|ес
искони|ісконі
чаꙗ̇ниє̇|чаꙗніе
ѥ̇ꙁы̇комь|езъікомь
родь|родь
же|же
июдовьскы̇|іюдовьскъі
расплоди|расплоді
се|се
и̇|і
оу̇множи|оумножі
сѧ|сѧ
и̇|і
раꙁбоуꙗ̇|разбоуꙗ
и̇|і
вьпаде|вьпаде
вь|вь
многа|многа
прѣгрѣшениꙗ̇|прѣгрѣшеніꙗ
и̇|і
прогнѣваше|прогнѣваше
б͠а|б҃а
и̇|і
по|по
ѿстꙋплению|отстоупленію
ихь|іхь
многащи|многащі
плѣнени|плѣнені
бы̇шѧ|бъішѧ
ꙩ̇вогда|овогда
сирьꙗ̇ны̇|сірьꙗнъі
а̇|а
дроугои̇це|дроугоіце
(ѿ)|от
вавилонѣнь|вавілонѣнь
прьвѣє̇|прьвѣе
же|же
великаго|велікаго
и̇|і
послѣдънѣго|послѣдънѣго
плѣнениꙗ̇|плѣненіꙗ
римьскаго|рімьскаго
ꙁа|за
хв͠о|хв҃о
дрьꙁновениє̇|дрьзновеніе
а̇ньдиѡ̇хомь|аньдіохомь
е̇линскомь|елінскомь
цр͠емь|цр҃емь
плѣнени|плѣнені
бы̇шѧ|бъішѧ
и̇|і
ѿ|от
вьсѣхь|вьсѣхь
тѣхь|тѣхь
напастеи̇|напастеі
ѻ̇скѫдѣше|оскѫдѣше
вь|вь
нихь|ніхь
кнѧꙁи|кнѧзі
и̇|і
є̇гоумени|егоумені
и̇|і
цр͠ие̇|цр҃іе
тѣмꙿже|тѣмже
вь|вь
ты̇|тъі
дн͠ии̇|дн҃іі
бѣ|бѣ
вь|вь
нихь|ніхь
поставлень|поставлень
цр͠ь|цр҃ь
е̇терь|етерь
и̇менемь|іменемь
и̇роⷣ|ірод
ꙗ̇коже|ꙗкоже
реⷱ҇|реч
лоука|лоука
е̇вангелисть|евангелість
быⷭ҇|бъіс
въ|въ
дн͠и|дн҃і
и̇рода|ірода
цр͠ѣ|цр҃ѣ
и̇ю̇деска|іюдеска
є̇реи̇|ереі
е̇терь|етерь
и̇мⷷнемь|іменемь
ꙁахариꙗ̇|захаріꙗ
и̇|і
того|того
ради|раді
негодовахꙋ|негодовахоу
люⷣє|люде
тꙋжеще|тоужеще
ꙗ̇ко|ꙗко
ѥ̇ꙁыи̇чꙿноу|езъіічноу
влады̇чьствоу|владъічьствоу
неѡ̇бы̇чноу|необъічноу
сꙋщоу|соущоу
вь|вь
нихь|ніхь
и̇|і
бы̇вшоу|бъівшоу
дн͠и|дн҃і
праꙁноуⷦ|празноук
и̇|і
потомꙿ|потом
ꙩ̇чиꙁтише|очізтіше
се|се
сь|сь
є̇реѥ(мь)|ереемь
свои̇мь|своімь
вьси|вьсі
люⷣиѥ̇|людіе
мⷪлѣхѫ|молѣхѫ
се|се
б͠оу|б҃оу
прилежно|прілежно
просѧще|просѧще
да|да
се|се
би|бі
сьбы̇ло|сьбъіло
ѡ̇бещаниѥ̇|обещаніе
бы̇вꙿшⷷѥ̇|бъівшее
прѣдѣдомь|прѣдѣдомь
кь|кь
ѡ̇ц͠емь|оц҃емь
и̇хь|іхь
сꙋть|соуть
же|же
праведници|праведніці
сии̇|сіі
бм͠ь|бм҃ь
наречени|наречені
ст͠и|ст҃і
ꙁаконꙿ|закон
вѣчꙿны̇|вѣчнъі
вь|вь
родѣ|родѣ
и̇хь|іхь
е̇динь|едінь
прьваго|прьваго
мцⷭ҇а|мцса
въ|въ
.д͠і|д҃і
дн͠ь|дн҃ь
прьваго|прьваго
є̇гаⷣ|егад
и̇ꙁы̇дошѧ|ізъідошѧ
ѿ|от
є̇гипꙿта|егіпта
и̇|і
потомь|потомь
ꙗ̇ко|ꙗко
и̇ꙁы̇деть|ізъідеть
седꙿмь|седмь
седмꙿи|седмі
и̇|і
бѫдеть|бѫдеть
.м͠ѳ.|м҃ѳ
дн͠и|дн҃і
а̇|а
вь|вь
ꙋтрьни|оутрьні
дн͠ь|дн҃ь
праꙁⷣникь|празднікь
є̇же|еже
е̇сть|есть
пеньдикостиꙗ̇|пеньдікостіꙗ
сирѣⷱ҇|сірѣч
.н͠.|н҃
дн͠ь|дн҃ь
а̇|а
дрꙋгы̇|дроугъі
праꙁⷣникь|празднікь
.д.|д
мцⷭ҇а|мцса
є̇гда|егда
начетькь|начетькь
прьвы̇|прьвъі
хлѣбь|хлѣбь
приносити|пріносіті
и̇мꙿжⷷ|імже
мьнꙋ|мьноу
би̇ває̇ть|біваеть
на|на
крѣсь|крѣсь
е̇гаⷣ|егад
се|се
крⷭ҇титель|крстітель
родиль|роділь
ѥⷭ҇|ес
и̇|і
по|по
сихь|сіхь
.ꙁ͠.мы|з҃мъі
праꙁⷣникь|празднікь
бывае̇ть|бъіваеть
имь|імь
.ꙁ͠.го|з҃го
мцⷭ҇а|мцса
не|не
по|по
слн͠чномꙋ|слн҃чномоу
числоу|чіслоу
нь|нь
по|по
лоунꙿномоу|лоунномоу
реⷱ҇|реч
же|же
ꙁахариꙗ̇|захаріꙗ
пррⷪ҇кь|пррокь
ѻ̇|о
праꙁⷣницѣхь|праздніцѣхь
сихь|сіхь
поⷭ҇|пос
четврьти|четврьті
поⷭ҇|пос
.е͠.|е҃
поⷭ҇|пос
.ꙁ͠.|з҃
бѫдеть|бѫдеть
домоу|домоу
ю̇довоу|юдовоу
вь|вь
радость|радость
и̇|і
вь|вь
веⷭ҇лиє̇|весліе
и̇|і
вь|вь
праꙁнⷣикь|празндікь
бл͠агь|бл҃агь
по|по
бж͠ии̇є̇и̇|бж҃ііеі
ꙁаповѣди|заповѣді
мои̇сеѻви|моісеові
гл͠ѧ|гл҃ѧ
гл͠и|гл҃і
кь|кь
сн͠омь|сн҃омь
и̇ꙁлⷭ҇евомь|ізлсевомь
гл͠ѫ|гл҃ѫ
вь|вь
.і͠.|і҃
мцⷭ҇а|мцса
.ꙁ͠.маго|з҃маго
дн͠ь|дн҃ь
ꙩ̇чищениꙗ̇|очіщеніꙗ
є̇сть|есть
нарочить|нарочіть
и̇|і
ст͠ь|ст҃ь
бѫдеть|бѫдеть
вамь|вамь
ѻ̇чистите|очістіте
сѧ|сѧ
ѡ̇|о
самѣхь|самѣхь
вⷭ҇а|вса
прѣдь|прѣдь
г͠емь|г҃емь
б͠мь|б҃мь
вашимь|вашімь
и̇|і
.ꙁ͠.мь|з҃мь
дн͠и|дн҃і
праꙁнⷣикь|празндікь
сьтворите|сьтворіте
нн͠ѣ|нн҃ѣ
же|же
начнѣмь|начнѣмь
є̇гаⷣ|егад
ѥⷭ҇|ес
бл͠говѣщенꙿно|бл҃говѣщенно
анг͠ломь|анг҃ломь
кь|кь
ꙁахарии̇|захаріі
да|да
по|по
рѫдоу|рѫдоу
намь|намь
слово|слово
прои̇деть|проідеть
до|до
рожьⷣства|рожьдства
ꙁахариꙗ̇|захаріꙗ
оубо|оубо
бѣ|бѣ
и̇є̇реи̇|іереі
и̇ю̇деи̇скы̇|іюдеіскъі
и̇|і
жєна|жена
ѥ̇го|его
ѡ̇|о
дьщере|дьщере
а̇ронѫ|аронѫ
бѣста|бѣста
же|же
ѻ̇ба|оба
праведꙿна|праведна
ходѫща|ходѫща
по|по
ꙁаповѣдемь|заповѣдемь
бж͠иꙗ̇мь|бж҃іꙗмь
беꙁь|безь
порока|порока
и̇|і
неи̇|неі
мѣста|мѣста
ѻ̇трочѧте|отрочѧте
ꙁане|зане
же|же
є̇лисавеѳь|елісавеѳь
бѣ|бѣ
неплоди|неплоді
и̇|і
ю̇же|юже
сьстарѣла|сьстарѣла
сѧ|сѧ
быⷭ҇|бъіс
же|же
є̇гаⷣ|егад
начѧ|начѧ
слоужьбꙋ|слоужьбоу
творити|творіті
вьшедь|вьшедь
вь|вь
цр͠ьковь|цр҃ьковь
бж͠иѫ̇|бж҃іѫ
вь|вь
ѻ̇льтарь|ольтарь
а̇|а
вьси|вьсі
людиє̇|людіе
мл͠твѫ|мл҃твѫ
дѣꙗ̇хѫ|дѣꙗхѫ
вьнѣ|вьнѣ
стоѫ̇щє|стоѫще
ꙗ̇ви|ꙗві
сѧ|сѧ
є̇мⷹ|емоу
а̇нг͠ь|анг҃ь
гн͠ь|гн҃ь
стоѫ̇|стоѫ
ѡ|о
деснѫѫ̇|деснѫѫ
ѡ̇льтарѣ|ольтарѣ
и̇|і
оу̇жасе|оужасе
се|се
а̇нг͠ль|анг҃ль
же|же
рече|рече
кь|кь
немоу|немоу
не|не
бои̇|боі
сѧ|сѧ
ꙁахариє̇|захаріе
ꙁане|зане
ꙋслы̇шана|оуслъішана
быⷭ҇|бъіс
молитва|молітва
твоꙗ̇|твоꙗ
и̇|і
жена|жена
твоꙗ̇|твоꙗ
е̇лисавеѳь|елісавеѳь
родиⷮ҇|родіт
сн͠а|сн҃а
тебѣ|тебѣ
и̇|і
наречеши|наречеші
и̇мѧ|імѧ
є̇моу|емоу
и̇ѡⷶ҇нь|іоань
и̇|і
бѫдеть|бѫдеть
тебѣ|тебѣ
радость|радость
и̇|і
веⷭ҇лиє̇|весліе
и̇|і
мноꙁи|мнозі
ѻ̇|о
рождьствѣ|рождьствѣ
є̇го|его
вьꙁрадоуѫ̇ть|вьзрадоуѫть
сѧ|сѧ
и̇|і
бѫдеть|бѫдеть
боли|болі
прѣдь|прѣдь
бм͠ь|бм҃ь
и̇|і
вина|віна
и̇|і
сикера|сікера
не|не
и̇мать|імать
пити|піті
и̇|і
дх͠а|дх҃а
ст͠аа̇го|ст҃ааго
напльнит|напльніт
се|се
и̇|і
є̇ще|еще
сьи̇|сьі
вь|вь
чрѣвѣ|чрѣвѣ
матерьни|матерьні
и̇|і
многы|многъі
сн͠овы̇|сн҃овъі
и̇ꙁлⷭ҇евы̇|ізлсевъі
ѻ̇братить|обратіть
кь|кь
г͠оу|г҃оу
б͠оу|б҃оу
и̇хь|іхь
тои̇|тоі
прѣдьи̇деть|прѣдьідеть
прѣдь|прѣдь
нимь|німь
дх͠омь|дх҃омь
и̇|і
силоѫ̇|сілоѫ
и̇лии̇ноѫ̇|ілііноѫ
и̇|і
ѻ̇братить|обратіть
ѡ̇ц͠ь|оц҃ь
срцⷣа|срцда
на|на
чѧда|чѧда
и̇|і
противны̇ѫ̇|протівнъіѫ
вь|вь
мѫдрость|мѫдрость
праведны̇хь|праведнъіхь
оу̇го[то]вати|оуготоваті
гв͠и|гв҃і
люди|люді
оу̇сы̇щены|оусъіщенъі
ꙁахариꙗ̇|захаріꙗ
жⷷ|же
ѿреⷱ҇|отреч
кь|кь
а̇нг͠лоу|анг҃лоу
гл͠ѫ|гл҃ѫ
не|не
раꙁоумѣѥ̇|разоумѣе
биває̇маго|біваемаго
ꙗ̇ко|ꙗко
а̇ꙁь|азь
сп͠сениꙗ̇|сп҃сеніꙗ
людемꙿ(ь)|людемь
прошꙋ|прошоу
є̇гоже|егоже
ради|раді
е̇сть|есть
мл͠тва|мл҃тва
наша|наша
а̇|а
ты̇|тъі
беꙁь|безь
врѣмене|врѣмене
и̇|і
беꙁь|безь
дѣланиꙗ̇|дѣланіꙗ
ѻ̇бѣщавае̇ши|обѣщаваеші
мꙿнѣ|мнѣ
ѡ̇троче|отроче
на|на
старость|старость
пакы|пакъі
же|же
и̇|і
мнѣ|мнѣ
сꙋщоу|соущоу
не|не
ѿ|от
колѣна|колѣна
цр͠ьскаго|цр҃ьскаго
ни|ні
женѣ|женѣ
моє̇и|моеі
нь|нь
ѿ|от
колꙗна|колꙗна
є̇реи̇ска|ереіска
како|како
пакы̇|пакъі
людиє̇|людіе
начнꙋть|начноуть
негодовати|негодоваті
оу̇вѣдѣвꙿше|оувѣдѣвше
ѡ̇|о
семь|семь
ꙗ̇ко|ꙗко
ты̇|тъі
ꙁа|за
себе|себе
молитвꙋ|молітвоу
сьтварає̇ши|сьтвараеші
а̇|а
не|не
ꙁа|за
вьсѣхь|вьсѣхь
а̇нг͠ль|анг҃ль
же|же
реⷱ҇|реч
кь|кь
немꙋ|немоу
понеже|понеже
таковаꙗ̇|таковаꙗ
помы̇шлены̇ꙗ̇|помъішленъіꙗ
твориши|творіші
и|і
нє|не
є̇млеши|емлеші
мнѣ|мнѣ
вѣри|вѣрі
ꙗ̇коже|ꙗкоже
е̇сьмь|есьмь
послань|послань
тебѣ|тебѣ
бꙋди|боуді
мльчѧ|мльчѧ
не|не
могы̇|могъі
гл͠ати|гл҃аті
до|до
негоже|негоже
дн͠е|дн҃е
бѫдеть|бѫдеть
се|се
сирѣчь|сірѣчь
да|да
каꙁꙿнь|казнь
примеши|прімеші
ѡт|от
мене|мене
не|не
гл͠ати|гл҃аті
ꙁа|за
невѣрованиє̇|невѣрованіе
твоє̇|твое
и̇|і
сꙋмнеѣниꙗ̇|соумнеѣніꙗ
людьскаго|людьскаго
и̇ꙁьбѣгнеши|ізьбѣгнеші
мльчѣниє̇мь|мльчѣніемь
бѫдеть|бѫдеть
же|же
пррⷪ҇чьство|пррочьство
нѣмота|нѣмота
твоꙗ̇|твоꙗ
да|да
раꙁꙋмѣю̇ть|разоумѣють
людиє̇|людіе
ꙗ̇ко|ꙗко
ветьхаа̇го|ветьхааго
ꙁаконⷶ|закона
ꙁа|за
мльчаниє̇|мльчаніе
ꙗ̇влѣє̇ть|ꙗвлѣеть
и̇|і
пакы|пакъі
прогл͠авꙿшоу|прогл҃авшоу
тебѣ|тебѣ
новаго|новаго
ꙁакона|закона
начинаниѥ̇|начінаніе
скаꙁає̇ть|сказаеть
и̇|і
потомь|потомь
ꙗ̇ко|ꙗко
роди|роді
сѧ|сѧ
ѻ̇трочѧ|отрочѧ
ѿврьꙁоше|отврьзоше
се|се
реⷱ҇|реч
оу̇ста|оуста
ѥ̇го|его
а̇бы̇є̇|абъіе
и̇|і
ѫ̇ꙁы̇кь|ѫзъікь
ѥ̇го|его
и̇|і
гл͠аше|гл҃аше
бл͠гословѧ|бл҃гословѧ
б͠а|б҃а
и̇|і
напльни|напльні
сѧ|сѧ
дх͠а|дх҃а
ст͠аагⷪ|ст҃ааго
и̇|і
пррⷪ҇ицаше|прроіцаше
гл͠ѫ|гл҃ѫ
бл͠гословень|бл҃гословень
г͠ь|г҃ь
б͠ь|б҃ь
и̇ꙁлⷭ҇евь|ізлсевь
ꙗ̇ко|ꙗко
посѣти|посѣті
и̇|і
створи|створі
и̇ꙁꙿбавлениѥ̇|ізбавленіе
людемь|людемь
свои̇мь|своімь
раꙁоумѣвъ|разоумѣвъ
се|се
ꙗ̇ко|ꙗко
оу̇же|оуже
г͠ь|г҃ь
родити|родіті
(се)|се
хощеⷮ|хощет
и̇|і
прѣи̇дꙋщоу̇|прѣідоущоу
слоуꙃѣ|слоузѣ
и̇|і
ть|ть
придеть|прідеть
по|по
немь|немь
ꙗ̇коже|ꙗкоже
и̇|і
е̇щє|еще
сы̇|съі
вь|вь
матерьни|матерьні
чрѣвѣ|чрѣвѣ
и̇|і
напльни|напльні
сѧ|сѧ
ст͠аго|ст҃аго
дх͠а|дх҃а
и̇|і
матери(ю)|матерію
вь|вь
ꙁає̇мь|заемь
даⷭ҇|дас
свои̇|своі
глаⷭ҇|глас
и̇|і
рече|рече
ѥ̇е|ее
кь|кь
бц͠и|бц҃і
дв͠ѣ|дв҃ѣ
ѿкѫдоу|откѫдоу
се|се
мнѣ|мнѣ
да|да
придеть|прідеть
мати|маті
г͠а|г҃а
моє̇го|моего
кь|кь
мнѣ|мнѣ
сего|сего
ради|раді
ꙁахариꙗ̇|захаріꙗ
реⷱ҇|реч
ꙗ̇ко|ꙗко
вьꙁдиⷡ҇же|вьздівже
рогь|рогь
сп͠сениꙗ̇|сп҃сеніꙗ
нашего|нашего
вь|вь
домⷹ|домоу
давидовѣ|давідовѣ
ѻ̇трока|отрока
своє̇го|своего
бѣ|бѣ
бо|бо
ст͠аа̇|ст҃аа
бц͠а|бц҃а
ѿ|от
колѣна|колѣна
дв͠дова|дв҃дова
ꙗ̇коже|ꙗкоже
е̇сть|есть
гл͠ь|гл҃ь
оу̇сты|оустъі
сѫщихь|сѫщіхь
ѿ|от
вѣка|вѣка
пррⷪ҇кь|пррокь
є̇го|его
и̇|і
кь|кь
ѡ̇трочѧ|отрочѧ
тоу|тоу
рече|рече
и̇|і
ты̇|тъі
ѡ̇трочѧ|отрочѧ
пррⷪ҇кь|пррокь
вы̇шꙿнаго|въішнаго
наречеши|наречеші
сѧ|сѧ
прѣдидеши|прѣдідеші
бо|бо
прѣдь|прѣдь
лицемь|ліцемь
гн͠имь|гн҃імь
оу̇готовати|оуготоваті
пѫти|пѫті
є̇го|его
ꙗ̇коже|ꙗкоже
є̇сть|есть
писанꙿно|пісанно
вь|вь
и̇нѣⷯⷯ|інѣхх
пр͠роцѣхь|пр҃роцѣхь
се|се
а̇ꙁь|азь
послѫ|послѫ
реⷱ҇|реч
а̇нꙿг͠ла|анг҃ла
своє̇го|своего
прѣдь|прѣдь
лицемь|ліцемь
твои̇мь|твоімь
и̇же|іже
оу̇готоває̇ть|оуготоваеть
пѫть|пѫть
твоѫ̇|твоѫ
прѣдь|прѣдь
тобоѫ̇|тобоѫ
поⷣбаше|подбаше
бо|бо
равꙿно|равно
а̇нꙿгл͠омь|англ҃омь
а̇нгл͠омь|англ҃омь
проповѣданоу|проповѣданоу
бы̇ти|бъіті
і̇ѡⷶномь|іоаномь
же|же
нарещи|нарещі
сѧ|сѧ
сирѣчь|сірѣчь
дань|дань
ꙩ̇ц͠оу|оц҃оу
и̇|і
матери|матері
тако|тако
бо|бо
сѧ|сѧ
є̇вреи̇скы̇|евреіскъі
скаꙁꙋє̇ть|сказоуеть
даровань|даровань
и̇ли|ілі
кртⷭ҇итель|кртсітель
ꙗ̇ко|ꙗко
хотѣше|хотѣше
хаⷭ҇|хас
кртⷭ҇ити|кртсіті
и̇ли|ілі
глаⷭ҇|глас
покаꙁанию̇|показанію
ѥ̇линьскомꙋ|еліньскомоу
понеже|понеже
ѡ̇ц͠оу|оц҃оу
нѣмотꙋ|нѣмотоу
раꙁрⷣоушꙿшоу|разрдоушшоу
и̇|і
глаⷭ҇|глас
ѿдавь|отдавь
нег͠лꙋщомоу|нег҃лоущомоу
не|не
достоꙗше|достоꙗше
ѡ̇ц͠оу|оц҃оу
мльчати|мльчаті
глаⷭ҇|глас
давшоу|давшоу
є̇мꙋже|емоуже
бѣ|бѣ
и̇ꙁꙿвѣстовань|ізвѣстовань
и̇|і
родиль|роділь
сѧ|сѧ
глаⷭ҇|глас
словеси|словесі
и|і
свѣть|свѣть
продромь|продромь
и̇|і
дьньница|дьньніца
слн͠цꙋ|слн҃цоу
да|да
би|бі
мноꙁи|мнозі
вьꙁрадовали|вьзрадовалі
сѧ|сѧ
и̇|і
мы̇|мъі
се|се
вьꙁвеⷭлимь|вьзвеслімь
ѻ̇|о
рождьствѣ|рождьствѣ
є̇го|его
ꙁане|зане
велеи̇|велеі
ѥ̇сть|есть
ꙗ̇ко|ꙗко
ѿ|от
пррⷪ҇ка|пррока
пррⷪ҇кь|пррокь
и̇|і
ѿ|от
чрѣва|чрѣва
матерьнѣ|матерьнѣ
напльнень|напльнень
дх͠а|дх҃а
ст͠аа̇го|ст҃ааго
и̇|і
вь|вь
чрѣвѣ|чрѣвѣ
носимь|носімь
и̇|і
носимаго|носімаго
вь|вь
чрѣвѣ|чрѣвѣ
поꙁꙿна|позна
и̇|і
пришьдъ|прішьдъ
прѣдъ|прѣдъ
нимь|німь
и̇|і
на|на
кр͠щени|кр҃щені
поꙁна|позна
рекь|рекь
се|се
агꙿнець|агнець
бж͠ии̇|бж҃іі
вьꙁемѫ|вьземѫ
грѣхы̇|грѣхъі
вьсего|вьсего
мира|міра
и̇|і
многы̇|многъі
сн͠овы̇|сн҃овъі
и̇ꙁлⷭ҇евы̇|ізлсевъі
ѡ̇бративь|обратівь
кь|кь
г͠оу|г҃оу
б͠оу|б҃оу
и̇хь|іхь
прои̇де|проіде
же|же
прѣдь|прѣдь
нимь|німь
д͠хоⷨ|д҃хом
и̇|і
силоѫ̇|сілоѫ
и̇линоѫ̇|іліноѫ
ѡ̇братити|обратіті
срцⷣа|срцда
ѡ̇ц͠емь|оц҃емь
нашимь|нашімь
чѧда|чѧда
сиречь|сіречь
на|на
ӓплⷭ҇ы|аплсъі
чеда|чеда
бо|бо
ӥю̈деӥска|іюдеіска
сꙋть|соуть
ӓплⷭ҇и|аплсі
ꙗ̈коже|ꙗкоже
реⷱ҇|реч
самь|самь
с̈п͠съ|сп҃съ
оӱкарає̇мь|оукараемь
фарисеи|фарісеі
ꙗ̇ко|ꙗко
ѻ̇|о
вельꙁавели|вельзавелі
кнєꙁи|кнезі
демонь|демонь
тѣмь|тѣмь
и̇ꙁгонити|ізгоніті
бѣсы̇|бѣсъі
сн͠ове|сн҃ове
ваши|ваші
ѻ̇|о
кⷪмь|комь
и̇ꙁгонѫть|ізгонѫть
того|того
ради|раді
вамь|вамь
бѫдѫть|бѫдѫть
сѫдиѫ̇|сѫдіѫ
и̇|і
противние̇|протівніе
вь|вь
мꙋдрость|моудрость
праведны̇хь|праведнъіхь
противници|протівніці
бо|бо
сѫть|сѫть
присно|прісно
и̇ю̇деи̇ѥ̇|іюдеіе
и̇бо|ібо
гл͠ахь|гл҃ахь
приде|пріде
и̇ѡⷶ҇нь|іоань
ни|ні
ꙗ̇ды|ꙗдъі
ни|ні
пиѫ̇|піѫ
рекоше|рекоше
бѣсь|бѣсь
и̇мать|імать
тѣмьже|тѣмьже
самь|самь
г͠ь|г҃ь
гл͠аше|гл҃аше
вьси|вьсі
пррⷪ҇ци|прроці
до|до
і̇ѡⷶ҇на|іоана
пррⷪ҇ицашѧ|прроіцашѧ
и̇|і
а̇[ще]|аще
(хо)щете|хощете
приѫ̇ти|пріѫті
то|то
є̇сть|есть
и̇лиꙗ̇|іліꙗ
хотенщет|хотенщет
прии̇ти|прііті
нь|нь
противници|протівніці
не|не
прие̇махꙋ|пріемахоу
нь|нь
оу̇карꙗ̇хѫ|оукарꙗхѫ
ꙗ̇коже|ꙗкоже
бо|бо
и̇ѡⷶ҇нь|іоань
приде|пріде
проповѣдаѫ̇|проповѣдаѫ
гн͠е|гн҃е
пришествиє̇|прішествіе
вьсѣмь|вьсѣмь
и̇|і
готове|готове
гн͠ѧ|гн҃ѧ
люди|люді
оу̇сꙋждении̇|оусоужденіі
ꙩ̇номⷹ|ономоу
бо|бо
реⷱ҇|реч
доⷭ҇и̇ть|досіть
расти|расті
а̇|а
мꙿнѣ|мнѣ
ниꙁити|нізіті
сѧ|сѧ
такожеⷣ|такожед
и̇лиꙗ̇|іліꙗ
придеть|прідеть
прьвѣѥ̇|прьвѣе
проповѣдае̇|проповѣдае
второє̇|второе
є̇го|его
пришествиє̇|прішествіе
ꙗ̇коже|ꙗкоже
гл͠а|гл҃а
г͠ь|г҃ь
малахиѥ̇мь|малахіемь
пррⷪ҇комь|пррокомь
се|се
а̇ꙁь|азь
послѫ|послѫ
вамь|вамь
и̇лиѫ̇|іліѫ
ѳеꙁвитⷺнина|ѳезвітѣніна
прьвѣе̇|прьвѣе
даже|даже
не|не
придеть|прідеть
дн͠ь|дн҃ь
гн͠ь|гн҃ь
великьи̇|велікьі
просвѣщении̇|просвѣщеніі
и̇же|іже
оу̇строи̇ть|оустроіть
срцⷣа|срцда
ѻ̇ц͠оу|оц҃оу
кь|кь
сн͠оу|сн҃оу
и̇|і
срцⷣе|срцде
чл͠ка|чл҃ка
кь|кь
и̇сⷦрьнемꙋ|іскрьнемоу
своє̇мⷹ|своемоу
да|да
не|не
пришедь|прішедь
и̇|і
поражꙋ|поражоу
ꙁьмиꙗ̋|зьміꙗ
вьнеꙁаꙗ̇пꙋ|вьнезаꙗпоу
и̇|і
пакы̇|пакъі
ꙗ̇коже|ꙗкоже
и̇лиꙗ̇|іліꙗ
сь|сь
ꙗ̇ростиѫ̇|ꙗростіѫ
ѡ̇бличаше|облічаше
цр͠ⱑ|цр҃ѧ
беꙁаконьны̇|безаконьнъі
такожде|такожде
і̇ѡⷶ҇нь|іоань
ѡ̇биⷧ҇чаше|обілчаше
и̇рода|ірода
беꙁакониѥ̇|безаконіе
дѣюща|дѣюща
и̇|і
житиє̇мь|жітіемь
поⷣблаше|подблаше
се|се
и̇лии̇|іліі
поносны̇|поноснъі
ꙗ̇ко|ꙗко
бесьпльтень|бесьпльтень
тѣмьже|тѣмьже
и̇|і
гл͠ашⷷ|гл҃аше
свѣдѣтельствоу̇ѥ̇|свѣдѣтельствоуе
[і̇]ѡⷶ҇нѣ|іоанѣ
г͠ь|г҃ь
не|не
вьста|вьста
вь|вь
рожденихь|рожденіхь
женами|женамі
боли|болі
і̇ѡⷶ҇н͠а|іоан҃а
крⷭ҇тителѣ|крстітелѣ
сирѣчь|сірѣчь
ꙁане|зане
быⷭ҇|бъіс
междꙋ|междоу
ветьхымь|ветьхъімь
и̇|і
новы̇мь|новъімь
ꙁакономь|закономь
ветхомꙋ|ветхомоу
и̇спльнение̇|іспльненіе
и̇|і
новомоу|новомоу
ꙁачѧтокь|зачѧтокь
и̇|і
прѣдьходе|прѣдьходе
и̇|і
проповѣдаѫ̇|проповѣдаѫ
и̇|і
самь|самь
свои̇ма|своіма
ѡ̇чима|очіма
проповѣдає̇маго|проповѣдаемаго
(виде)|віде
и|і
по|по
семь|семь
и̇же|іже
вь|вь
а̇дѣ|адѣ
проповѣдавь|проповѣдавь
мьни|мьні
же|же
вь|вь
цр͠ьстви|цр҃ьстві
небⷭ҇нѣмь|небснѣмь
боли|болі
є̇го|его
ѥⷭ҇|ес
мьни|мьні
же|же
по|по
нижнемоу|ніжнемоу
рожьⷣствоу|рожьдствоу
а̇|а
по|по
вы̇шнемоу|въішнемоу
боли|болі
ѡ̇вь|овь
бо|бо
є̇сть|есть
ѿ|от
неплодꙿве|неплодве
а̇|а
дроугы̇|дроугъі
ѿ|от
дв͠ы|дв҃ъі
тако|тако
бо|бо
доⷭ҇ꙗ̇ше|досꙗше
бы̇ти|бъіті
раꙁличию̇|разлічію
междоу|междоу
рабомь|рабомь
и̇|і
гм͠ь|гм҃ь
да|да
ражаⷣѥ̇и̇|ражадеі
се|се
ѿ|от
неплодве|неплодве
проповѣдає̇ть|проповѣдаеть
и̇|і
раждаѫ̇щи|раждаѫщі
сѧ|сѧ
ѡ̇|о
дв͠ы|дв҃ъі
ꙗ̇коже|ꙗкоже
ѥ̇лисавеѳь|елісавеѳь
неплоды̇|неплодъі
сꙋщи|соущі
рождьши|рождьші
тогда|тогда
кртⷭ҇ителѣ|кртсітелѣ
и̇|і
вьꙁрадова|вьзрадова
сѧ|сѧ
такожде|такожде
же|же
и̇|і
хв͠а|хв҃а
црк͠вь|црк҃вь
бы̇вꙿшиꙗ̇|бъівшіꙗ
прѣжде|прѣжде
неплоды̇|неплодъі
и̇|і
нераждаѫ̇щи|нераждаѫщі
и̇|і
нн͠ѣ|нн҃ѣ
многы̇|многъі
сн͠ы̇|сн҃ъі
раждаѫ̇щи|раждаѫщі
кр͠щениє̇мь|кр҃щеніемь
и̇|і
веселить|веселіть
се|се
на|на
вьсѣкь|вьсѣкь
дн͠ь|дн҃ь
видѧщи|відѧщі
поражаⷣѫ̇ще|поражадѫще
се|се
водою̇|водою
и̇|і
ст͠имь|ст҃імь
дх͠омь|дх҃омь
ꙗ̇коже|ꙗкоже
и̇|і
крⷭ҇титель|крстітель
роди|роді
сѧ|сѧ
и̇|і
раꙁрⷣѣши|разрдѣші
неплодны̇ѥ̇|неплоднъіе
ꙋꙁы|оузъі
такожеⷣ|такожед
каже|каже
рѣшаше|рѣшаше
дх͠овноє̇|дх҃овное
неплодиѥ̇|неплодіе
гл͠ѧ|гл҃ѧ
створите|створіте
плоды̇|плодъі
доⷭ҇нꙿни|доснні
покаа̇ниꙗ̇|покааніꙗ
тьи̇жде|тьіжде
же|же
плодь|плодь
мⷪлитвами|молітвамі
свои̇ми|своімі
сьтвори|сьтворі
доⷭ҇и̇ни|досіні
створитиі̇|створітіі
до|до
послѣдьнѣго|послѣдьнѣго
нашего|нашего
дьхновениꙗ̇|дьхновеніꙗ
раꙁрⷣѣши|разрдѣші
неплодиє̇|неплодіе
дш͠ь|дш҃ь
нашихь|нашіхь
кртⷭ҇ителю|кртсітелю
и̇|і
продромⷷ|продроме
х͠а|х҃а
б͠а|б҃а
нашего|нашего
тебѣ|тебѣ
бо|бо
дана|дана
быⷭ҇|бъіс
бл͠годѣть|бл҃годѣть
мⷧ҇ити|мліті
сѧ|сѧ
ꙁа|за
ны̇|нъі
да|да
бивь|бівь
дн͠ь|дн҃ь
сꙋдьны̇|соудьнъі
ѡ̇брѣли|обрѣлі
сѧ|сѧ
непорочьни|непорочьні
и̇|і
ѡ̇|о
деснѫѫ̇|деснѫѫ
странꙋ|страноу
стали|сталі
сь|сь
нбнⷭ҇ыми|нбнсъімі
слы̇шаще|слъішаще
прѣст͠ы̇|прѣст҃ъі
и̇|і
бл͠жены̇|бл҃женъі
глаⷭ҇|глас
хвⷭ҇ь|хвсь
придѣте|прідѣте
бл͠гословени|бл҃гословені
ѡ̇ц͠а|оц҃а
моє̇го|моего
наслѣдоуи̇те|наслѣдоуіте
оу̇готованоє̇|оуготованое
вамь|вамь
црвⷮ҇иє̇|црвтіе
ѿ|от
сложениꙗ̇|сложеніꙗ
вьсего|вьсего
мира|міра
тѡмꙋ|томоу
поⷣбає̇ть|подбаеть
Слава|слава
и̇|і
чⷭ҇ть|чсть
и̇|і
дрьжа|дрьжа
сь|сь
ѡ̇ц͠емь|оц҃емь
и̇|і
сн͠омь|сн҃омь
и̇|і
прѣст͠ымь|прѣст҃ъімь
дх͠омь|дх҃омь
и̇|і
н͠нѣ|н҃нѣ
и̇|і
присно|прісно
и̇|і
вь|вь
вѣкы̇мь|вѣкъімь
аминь|амінь
С|с
Л|л
А|а
В|в
А|а
С|с
Ь|ь
В|в
Р|р
Ь|ь
Ш|ш
И|і
Т|т
Е|е
Л|л
ОУ|оу
Б҇|б
ОУ|оу
