0,<pad>
1,<unk>
2,ш
3,ѭ
4,ѳ
5,s
6,ъ
7,ю
8,ч
9,х
10,н
11,е
12,о
13,к
14,м
15,ж
16,і
17,а
18,в
19,з
20,ф
21,р
22,҂
23,с
24,ѧ
25,ь
26,ц
27,ѯ
28,г
29,ⱖ
30,ѫ
31,б
32,т
33,ѣ
34,д
35,у
36,л
37,п
38,<wb>
39,<wb>і
40,<wb>с
41,<wb>в
42,оу
43,тъ
44,<wb>п
45,<wb>н
46,ъі
47,<wb>о
48,же
49,<wb>б
50,<wb>е
51,<wb>м
52,ті
53,<wb>д
54,те
55,мъ
56,<wb>въ
57,<wb>пр
58,го
59,ко
60,ні
61,ра
62,<wb>не
63,во
64,<wb>т
65,<wb>г
66,ла
67,<wb>по
68,<wb>на
69,ст
70,<wb>сѧ
71,<wb>же
72,<wb>к
73,<wb>оу
74,лі
75,<wb>съ
76,хъ
77,<wb>а
78,<wb>ѣ
79,де
80,<wb>р
81,<wb>вь
82,ше
83,че
84,<wb>отъ
85,но
86,да
87,вѣ
88,моу
89,ді
90,<wb>прі
91,ште
92,въ
93,ло
94,та
95,рі
96,рѣ
97,стъ
98,нъ
99,<wb>ѣко
100,<wb>з
101,ръ
102,на
103,ва
104,лѣ
105,<wb>да
106,мь
107,<wb>іс
108,<wb>мо
109,<wb>ч
110,шѧ
111,ві
112,<wb>бо
113,дъ
114,дѣ
115,то
116,ші
117,ро
118,нѣ
119,нь
120,<wb>ра
121,<wb>се
122,<wb>ні
123,мі
124,жі
125,рь
126,не
127,<wb>прѣ
128,<wb>ре
129,сі
130,<wb>гла
131,<wb>тво
132,ле
133,ть
134,ка
135,<wb>его
136,<wb>х
137,лъ
138,къ
139,нъі
140,<wb>вѣ
141,<wb>рече
142,бо
143,ма
144,<wb>емоу
145,шта
146,ве
147,сті
148,къі
149,<wb>сво
150,<wb>къ
151,до
152,<wb>ва
153,ль
154,<wb>бъі
155,<wb>вьс
156,<wb>до
157,<wb>тъ
158,ша
159,<wb>сі
160,<wb>въз
161,<wb>естъ
162,<wb>об
163,ста
164,<wb>про
165,<wb>бѣ
166,шті
167,<wb>ві
168,<wb>із
169,по
170,са
171,<wb>за
172,мо
173,съ
174,ре
175,дѫ
176,<wb>то
177,аше
178,<wb>лі
179,нѫ
180,вь
181,мѣ
182,лю
183,шт
184,<wb>ко
185,чі
186,<wb>ц
187,хѫ
188,дь
189,<wb>гл
190,<wb>сь
191,роу
192,зъ
193,іхъ
194,ѧтъ
195,<wb>мі
196,хо
197,бі
198,<wb>па
199,се
200,ніе
201,<wb>аште
202,<wb>сѫ
203,ако
204,імъ
205,бѣ
206,ме
207,тво
208,<wb>нъ
209,лъі
210,<wb>імъ
211,гда
212,га
213,аго
214,сть
215,ці
216,ахѫ
217,сто
218,ца
219,въі
220,<wb>ве
221,<wb>от
222,<wb>оубо
223,<wb>го
224,<wb>бѫ
225,<wb>ѧ
226,<wb>мѧ
227,<wb>іже
228,лоу
229,чь
230,за
231,детъ
232,<wb>сътво
233,сѣ
234,<wb>раз
235,жде
236,<wb>жі
237,<wb>въі
238,<wb>те
239,<wb>бла
240,<wb>во
241,<wb>ма
242,сте
243,пі
244,чені
245,<wb>хо
246,<wb>мно
247,его
248,<wb>відѣ
249,<wb>еді
250,<wb>дѣ
251,<wb>ст
252,гъ
253,гъі
254,па
255,етъ
256,<wb>глаго
257,жь
258,вѣшта
259,цѣ
260,<wb>вамъ
261,<wb>сътворі
262,<wb>вьз
263,со
264,<wb>вьсѣ
265,рѧ
266,ча
267,дъі
268,<wb>іма
269,<wb>сло
270,доу
271,<wb>дь
272,шь
273,коу
274,ноу
275,дѧ
276,ніі
277,<wb>бе
278,жа
279,<wb>лю
280,бь
281,сѧ
282,мѧ
283,<wb>мѫ
284,<wb>глѭ
285,мъі
286,<wb>оучені
287,бе
288,<wb>тъі
289,тъі
290,<wb>азъ
291,<wb>зе
292,це
293,лѫ
294,<wb>де
295,<wb>еже
296,<wb>ме
297,ніѣ
298,<wb>но
299,<wb>іхъ
300,<wb>гі
301,<wb>са
302,лѧ
303,<wb>пі
304,ѭтъ
305,<wb>ста
306,<wb>рѣ
307,<wb>пра
308,<wb>ѣкоже
309,повѣ
310,<wb>ро
311,<wb>тако
312,зь
313,<wb>есі
314,<wb>слъі
315,бъ
316,рѫ
317,<wb>егда
318,<wb>мь
319,тѣ
320,зі
321,<wb>въс
322,връ
323,<wb>ті
324,штоу
325,бъі
326,кѫ
327,<wb>нѣ
328,<wb>отъвѣшта
329,<wb>моі
330,<wb>тѣ
331,<wb>ісъ
332,<wb>ка
333,<wb>сѣ
334,ба
335,гоу
336,<wb>нъі
337,вѫ
338,<wb>сла
339,ръі
340,въше
341,<wb>пос
342,мѫ
343,<wb>дроу
344,скъі
345,<wb>чл
346,<wb>мое
347,<wb>твое
348,<wb>стра
349,сь
350,<wb>рѫ
351,<wb>бъістъ
352,шъ
353,<wb>мѣ
354,<wb>чь
355,<wb>бра
356,<wb>тебѣ
357,<wb>свое
358,шоу
359,<wb>іо
360,<wb>пе
361,штѧ
362,<wb>бѫдетъ
363,ць
364,<wb>мене
365,<wb>доб
366,<wb>онъ
367,<wb>велі
368,<wb>раді
369,<wb>гра
370,<wb>цѣ
371,<wb>благо
372,ство
373,<wb>та
374,<wb>тѧ
375,нѧ
376,<wb>како
377,<wb>оть
378,зъі
379,<wb>слъіша
380,чѧ
381,вѧ
382,дѣте
383,шть
384,ска
385,<wb>наро
386,<wb>грѣ
387,<wb>сего
388,зѣ
389,емъ
390,<wb>тоу
391,комъ
392,<wb>бжі
393,ѭште
394,<wb>что
395,<wb>ф
396,<wb>прѣдъ
397,ловѣ
398,<wb>немоу
399,<wb>істі
400,стъі
401,нъіі
402,<wb>мъ
403,воу
404,<wb>пакъі
405,<wb>оста
406,<wb>разоу
407,пра
408,<wb>посъ
409,нікъ
410,іте
411,<wb>ію
412,шедъ
413,<wb>пове
414,<wb>імѣ
415,<wb>молі
416,<wb>пріде
417,<wb>без
418,ложі
419,<wb>сѫтъ
420,<wb>чловѣ
421,<wb>въста
422,<wb>ба
423,<wb>снъ
424,<wb>своі
425,стѫ
426,<wb>творі
427,<wb>зъ
428,<wb>ді
429,<wb>вьсе
430,<wb>ес
431,жѧ
432,ха
433,пь
434,шѫ
435,оумоу
436,<wb>себѣ
437,<wb>мьнѣ
438,<wb>едінъ
439,стві
440,діте
441,<wb>глѧ
442,<wb>слово
443,<wb>бъ
444,<wb>прѣда
445,<wb>слове
446,цъ
447,нье
448,<wb>со
449,<wb>повелѣ
450,вра
451,<wb>зем
452,<wb>іде
453,<wb>бі
454,хомъ
455,спо
456,<wb>посъла
457,<wb>нъінѣ
458,<wb>вла
459,<wb>гь
460,<wb>вра
461,пъ
462,<wb>твоі
463,поу
464,<wb>ос
465,ное
466,<wb>імѧ
467,пѣ
468,<wb>кь
469,<wb>свѣ
470,жда
471,нъіѧ
472,<wb>обрѣ
473,<wb>глагола
474,штѫ
475,<wb>амі
476,<wb>цр
477,<wb>госпо
478,<wb>мъі
479,<wb>разоумѣ
480,<wb>га
481,<wb>вьсі
482,нааго
483,<wb>ѭ
484,<wb>нь
485,<wb>того
486,<wb>лѣ
487,<wb>ар
488,<wb>слоу
489,<wb>намъ
490,<wb>стъі
491,дѫтъ
492,стѣ
493,хі
494,<wb>ѣже
495,тѫ
496,<wb>ізі
497,<wb>дъ
498,пе
499,<wb>доу
500,лѭ
501,<wb>обра
502,<wb>пѫ
503,<wb>бъіті
504,ного
505,<wb>грѧ
506,<wb>оус
507,<wb>може
508,<wb>крь
509,ѧі
510,<wb>рѣшѧ
511,тръ
512,тоже
513,<wb>него
514,дітъ
515,съі
516,<wb>тъгда
517,<wb>врѣ
518,<wb>ілі
519,дра
520,<wb>дастъ
521,<wb>іоа
522,повѣда
523,<wb>кто
524,<wb>своего
525,<wb>зако
526,<wb>чьто
527,<wb>кръ
528,<wb>німъ
529,<wb>цѣса
530,<wb>бога
531,<wb>очі
532,цѧ
533,ѭшті
534,кръ
535,<wb>зна
536,<wb>прѣжде
537,<wb>іме
538,<wb>егоже
539,<wb>міло
540,гѫ
541,ніці
542,атъ
543,<wb>пока
544,<wb>васъ
545,<wb>ан
546,<wb>хлѣ
547,<wb>хоште
548,біе
549,<wb>бъівъ
550,<wb>ісп
551,<wb>чоу
552,<wb>твоѣ
553,<wb>съвѣ
554,<wb>блаже
555,дѧтъ
556,<wb>моѣ
557,<wb>ог
558,<wb>поу
559,<wb>оученіці
560,ходѧ
561,<wb>еі
562,<wb>ніхъ
563,<wb>моего
564,жъ
565,ньѣ
566,<wb>іса
567,<wb>ча
568,<wb>есмъ
569,кь
570,мрь
571,<wb>оучі
572,<wb>всѣ
573,<wb>імѫ
574,<wb>подо
575,<wb>архі
576,<wb>съі
577,<wb>сто
578,ліко
579,<wb>отъвѣштавъ
580,<wb>паче
581,<wb>іюде
582,<wb>нб
583,ге
584,<wb>іматъ
585,ере
586,<wb>мъно
587,<wb>послоу
588,<wb>мнѣ
589,<wb>досто
590,<wb>немь
591,тѧ
592,<wb>ю
593,<wb>фа
594,<wb>вѣроу
595,<wb>нѣстъ
596,<wb>дѣла
597,влѣ
598,летъ
599,<wb>своѧ
600,<wb>абіе
601,<wb>моліт
602,нѫѭ
603,<wb>жіво
604,штъ
605,ствоу
606,ріі
607,<wb>рі
608,еші
609,<wb>оні
610,бѫ
611,<wb>небе
612,<wb>десѧ
613,<wb>че
614,<wb>тебе
615,<wb>гро
616,<wb>фарі
617,<wb>ть
618,<wb>вьсѧ
619,<wb>оут
620,<wb>коу
621,<wb>наше
622,ждѫ
623,сѫ
624,<wb>дръ
625,дръ
626,<wb>каме
627,<wb>пла
628,<wb>слѣ
629,рът
630,<wb>члв
631,<wb>хва
632,про
633,<wb>оца
634,врь
635,<wb>помо
636,ріѣ
637,<wb>сп
638,<wb>пръ
639,<wb>ле
640,<wb>добро
641,<wb>ѫ
642,штіі
643,<wb>проро
644,<wb>дьнь
645,<wb>самъ
646,<wb>оставі
647,шьдъ
648,въіі
649,<wb>відѣвъ
650,<wb>томоу
651,<wb>своѭ
652,кло
653,ем
654,<wb>глѭште
655,<wb>вьні
656,<wb>пло
657,<wb>отъпоу
658,<wb>ед
659,<wb>прѣбъі
660,сло
661,ете
662,<wb>прістѫ
663,<wb>ж
664,<wb>послоуша
665,<wb>архіере
666,<wb>чі
667,ваті
668,нъііхъ
669,лѣз
670,тоу
671,<wb>оуслъі
672,штѧѧ
673,цоу
674,<wb>ідѫ
675,хь
676,цѫ
677,<wb>прос
678,<wb>ніко
679,боу
680,<wb>ла
681,<wb>амін
682,<wb>достоі
683,чъ
684,<wb>нарі
685,<wb>іюдеі
686,ѧті
687,номъ
688,<wb>міръ
689,боѭ
690,нію
691,<wb>ѧзъі
692,<wb>пѣ
693,<wb>много
694,<wb>заповѣ
695,<wb>азь
696,<wb>нік
697,<wb>твоего
698,<wb>градъ
699,<wb>акъі
700,<wb>оучіте
701,<wb>пріі
702,<wb>рас
703,дѣтель
704,<wb>вьсѣхъ
705,<wb>дес
706,<wb>сък
707,<wb>мѣсто
708,<wb>чѧ
709,<wb>ваше
710,<wb>боу
711,<wb>хрі
712,вѧтъ
713,<wb>дьне
714,<wb>аг
715,<wb>есть
716,ждъ
717,<wb>гнѣ
718,штеі
719,хъі
720,<wb>зь
721,<wb>тре
722,<wb>богъ
723,<wb>бѫде
724,<wb>къто
725,<wb>своімъ
726,емь
727,прѣ
728,дві
729,<wb>домъ
730,<wb>німь
731,<wb>ете
732,<wb>сна
733,нетъ
734,<wb>земі
735,<wb>зѣ
736,<wb>еда
737,ѭшта
738,<wb>вѣкъ
739,<wb>къні
740,<wb>оба
741,<wb>поз
742,вітъ
743,<wb>ізба
744,<wb>знаме
745,<wb>сіхъ
746,<wb>бѣаше
747,<wb>сіі
748,<wb>ніктоже
749,<wb>оць
750,<wb>правь
751,<wb>наріца
752,<wb>дьні
753,<wb>съпа
754,ньча
755,соже
756,<wb>домоу
757,<wb>фі
758,<wb>повѣ
759,<wb>насъ
760,<wb>зѣло
761,<wb>положі
762,<wb>соу
763,сно
764,подо
765,<wb>погоу
766,<wb>оубі
767,стіѭ
768,<wb>дхъ
769,штіімъ
770,бье
771,<wb>оуго
772,<wb>бже
773,<wb>ідеже
774,<wb>црь
775,<wb>господь
776,<wb>бжіі
777,<wb>възвра
778,тіі
779,<wb>діѣ
780,<wb>хра
781,<wb>піла
782,<wb>божі
783,<wb>врѣмѧ
784,чѫ
785,<wb>съб
786,<wb>прідетъ
787,<wb>глаголѫ
788,<wb>хотѣ
789,<wb>вѣро
790,<wb>роді
791,<wb>вѣдѣ
792,шъдъ
793,ства
794,въші
795,скоу
796,<wb>сімо
797,<wb>галі
798,<wb>бъіс
799,<wb>оузь
800,деже
801,дошѧ
802,ѣше
803,<wb>творѧ
804,<wb>безако
805,штііхъ
806,<wb>отро
807,<wb>ср
808,<wb>еліко
809,<wb>своіхъ
810,гла
811,<wb>десѧте
812,<wb>бѣахѫ
813,<wb>моѭ
814,<wb>едіно
815,стра
816,въша
817,<wb>тѣло
818,<wb>петръ
819,<wb>можетъ
820,<wb>ізіде
821,<wb>бъішѧ
822,<wb>ліце
823,<wb>многъі
824,штемъ
825,<wb>рѫцѣ
826,<wb>подъ
827,<wb>вѣрѫ
828,<wb>оумь
829,<wb>помъі
830,ствіе
831,<wb>хлѣбъ
832,<wb>обла
833,<wb>радо
834,жѫ
835,вье
836,<wb>еште
837,<wb>свѧ
838,ско
839,каза
840,творі
841,іі
842,пѧ
843,<wb>істінѫ
844,<wb>люді
845,<wb>цръ
846,нітъ
847,<wb>жена
848,<wb>цс
849,ніцѫ
850,<wb>бого
851,<wb>оум
852,връже
853,<wb>възь
854,скъ
855,веде
856,стіѣ
857,<wb>глаголѧ
858,<wb>ѧже
859,<wb>цѣсарь
860,<wb>въпро
861,<wb>бъіва
862,<wb>стъіі
863,<wb>оті
864,<wb>ск
865,<wb>твоіхъ
866,<wb>обѣ
867,<wb>мрът
868,домъ
869,<wb>день
870,<wb>зъло
871,шіхъ
872,<wb>прішедъ
873,бітъ
874,<wb>ло
875,ніка
876,<wb>кора
877,<wb>вьсѣмъ
878,<wb>таі
879,клоні
880,ставі
881,<wb>стааго
882,<wb>трь
883,<wb>владъі
884,<wb>възда
885,ждь
886,наѣ
887,хоу
888,<wb>кро
889,наві
890,тро
891,<wb>въні
892,<wb>глааше
893,<wb>воі
894,<wb>огнь
895,<wb>пѫті
896,<wb>оук
897,нъіімъ
898,<wb>съвѣдѣтель
899,<wb>мнозі
900,дро
901,<wb>дроугъі
902,<wb>послѣ
903,<wb>оувѣ
904,<wb>начѧ
905,<wb>троу
906,вавъ
907,<wb>дрѣ
908,<wb>еѧ
909,<wb>обі
910,літъ
911,<wb>дшѫ
912,<wb>трѣ
913,<wb>въсѣ
914,<wb>богоу
915,<wb>ідѣ
916,<wb>тогда
917,грѣ
918,<wb>прь
919,<wb>хотѧ
920,<wb>жівотъ
921,зо
922,<wb>ісповѣ
923,ѭштоу
924,<wb>пріне
925,<wb>възъ
926,<wb>града
927,<wb>ісплъ
928,праша
929,чѧтъ
930,<wb>хъ
931,<wb>сіце
932,<wb>добрѣ
933,трь
934,<wb>оугото
935,<wb>свѧтъ
936,<wb>оученікомъ
937,рече
938,<wb>галіле
939,<wb>есте
940,<wb>едіного
941,<wb>вьсь
942,<wb>архіереі
943,діті
944,<wb>вьзі
945,<wb>пь
946,нікъі
947,<wb>пріем
948,<wb>гле
949,<wb>рѣхъ
950,<wb>фарісѣ
951,<wb>въпраша
952,<wb>віді
953,<wb>іска
954,<wb>просі
955,<wb>прідѫ
956,<wb>народъ
957,<wb>свѣтъ
958,<wb>проті
959,<wb>хрісто
960,<wb>въсе
961,<wb>ско
962,ноуоумоу
963,<wb>благосло
964,<wb>такожде
965,метъ
966,<wb>ль
967,<wb>печа
968,нѣі
969,<wb>бѫдѫтъ
970,<wb>подоба
971,<wb>дъва
972,<wb>пль
973,<wb>кра
974,<wb>слава
975,<wb>міра
976,<wb>імене
977,нѫтъ
978,<wb>сьде
979,<wb>піса
980,коньча
981,<wb>срд
982,бъра
983,<wb>праз
984,<wb>чоуде
985,<wb>чкъ
986,лѣаше
987,<wb>мѫчені
988,<wb>все
989,<wb>прѣбъіва
990,<wb>слъішавъ
991,<wb>емоуже
992,<wb>бѣсъ
993,<wb>наоу
994,<wb>вѣръі
995,<wb>себе
996,вѣсті
997,<wb>глаахѫ
998,<wb>мало
999,<wb>іно
1000,<wb>праве
1001,врѣ
1002,<wb>жіті
1003,<wb>поне
1004,<wb>іцѣ
1005,<wb>сръ
1006,<wb>крѣ
1007,<wb>блі
1008,блі
1009,<wb>іосі
1010,<wb>позна
1011,ніімъ
1012,рѣдѣ
1013,рѭ
1014,тра
1015,ѣко
1016,вѧза
1017,<wb>віно
1018,<wb>прітъ
1019,<wb>оуже
1020,<wb>словеса
1021,<wb>бѫді
1022,<wb>многа
1023,<wb>грѣшь
1024,любі
1025,<wb>вьзь
1026,<wb>тръ
1027,наа
1028,<wb>стоу
1029,<wb>пѫть
1030,<wb>іді
1031,<wb>ісповѣда
1032,<wb>хоу
1033,въшоу
1034,ліѣ
1035,нъіхъ
1036,<wb>бл
1037,рѧтъ
1038,<wb>просла
1039,<wb>діѣво
1040,<wb>іѣко
1041,<wb>сѣдѧ
1042,мже
1043,<wb>дѣло
1044,гра
1045,бра
1046,<wb>годі
1047,<wb>німі
1048,<wb>імате
1049,<wb>възвраті
1050,<wb>стоѧ
1051,<wb>нашего
1052,<wb>нозѣ
1053,<wb>іскоу
1054,<wb>сѫбо
1055,гь
1056,мръ
1057,<wb>творітъ
1058,<wb>поустъі
1059,рѧште
1060,<wb>своімі
1061,лма
1062,<wb>фарісѣі
1063,<wb>земь
1064,<wb>сътворіті
1065,<wb>сьмрь
1066,<wb>сѫдъ
1067,<wb>сѫді
1068,дрѣ
1069,трі
1070,<wb>зане
1071,<wb>твоѭ
1072,<wb>іосіф
1073,<wb>ісоу
1074,<wb>рабъ
1075,<wb>гласъ
1076,вашѧ
1077,<wb>ѳ
1078,<wb>відѣті
1079,<wb>неі
1080,ноѭ
1081,<wb>двь
1082,соу
1083,<wb>погъі
1084,<wb>гѣ
1085,<wb>рѫкѫ
1086,<wb>чъ
1087,<wb>пріблі
1088,<wb>конь
1089,<wb>глаголе
1090,<wb>побѣ
1091,<wb>агге
1092,<wb>оученікъ
1093,сомъ
1094,<wb>помі
1095,лмъ
1096,<wb>дроуга
1097,<wb>въздра
1098,гнѣ
1099,<wb>пілатъ
1100,<wb>землі
1101,<wb>ізбаві
1102,<wb>вѣчь
1103,<wb>моу
1104,<wb>відѧ
1105,<wb>наріцае
1106,<wb>оуста
1107,<wb>немъ
1108,кві
1109,<wb>жідо
1110,рѣі
1111,<wb>проповѣда
1112,<wb>іе
1113,<wb>авра
1114,<wb>пріве
1115,<wb>срь
1116,<wb>крьстіѣ
1117,<wb>възмо
1118,<wb>апо
1119,снѫ
1120,<wb>праздь
1121,<wb>дроугъ
1122,<wb>мѣстѣ
1123,<wb>радоу
1124,<wb>цср
1125,зні
1126,<wb>імамъ
1127,<wb>отъпоусті
1128,<wb>обрѣте
1129,<wb>подві
1130,<wb>прізъ
1131,цѣхъ
1132,<wb>помъіш
1133,<wb>непра
1134,<wb>съмѣ
1135,<wb>семоу
1136,<wb>въпросі
1137,<wb>відѣвъше
1138,<wb>въкоу
1139,<wb>пса
1140,зе
1141,<wb>съконьча
1142,<wb>грѧдѫ
1143,<wb>правъ
1144,<wb>съвръ
1145,зоу
1146,<wb>слъіші
1147,<wb>есмь
1148,<wb>оуслъіша
1149,<wb>люб
1150,<wb>отвръ
1151,<wb>мілості
1152,<wb>мате
1153,<wb>невѣ
1154,штааго
1155,крѣ
1156,<wb>моѧ
1157,штіхъ
1158,<wb>прістѫпі
1159,<wb>словесе
1160,<wb>маріѣ
1161,<wb>вѣкъі
1162,соф
1163,<wb>філо
1164,<wb>твоѧ
1165,<wb>бжіе
1166,<wb>само
1167,<wb>съгрѣ
1168,<wb>прѣі
1169,<wb>пріѧ
1170,<wb>філософ
1171,<wb>осѫ
1172,хра
1173,<wb>ѣві
1174,<wb>неб
1175,<wb>поч
1176,<wb>сьвѣ
1177,<wb>імѫтъ
1178,<wb>хоштеші
1179,<wb>могѫ
1180,<wb>овь
1181,ждааше
1182,<wb>пото
1183,<wb>рь
1184,<wb>фарісе
1185,скъіѧ
1186,<wb>мѫжь
1187,<wb>тѣле
1188,<wb>трі
1189,<wb>рекѫ
1190,<wb>мрътвъі
1191,<wb>іро
1192,ніемъ
1193,<wb>съмрь
1194,<wb>начѧтъ
1195,<wb>люде
1196,<wb>кнѧ
1197,<wb>ненаві
1198,<wb>мрь
1199,<wb>прісно
1200,лага
1201,<wb>съхра
1202,<wb>благодѣ
1203,ліі
1204,<wb>кр
1205,<wb>вьніде
1206,<wb>отца
1207,<wb>болѣз
1208,<wb>пода
1209,<wb>небо
1210,<wb>тъчь
1211,<wb>вое
1212,дова
1213,<wb>ръі
1214,<wb>речетъ
1215,<wb>бѫдете
1216,<wb>моіхъ
1217,кмо
1218,<wb>жѧ
1219,<wb>іоанъ
1220,<wb>нарече
1221,<wb>абье
1222,<wb>оученікъі
1223,шеніе
1224,<wb>воево
1225,<wb>понеже
1226,жетъ
1227,тіѭ
1228,ствіѣ
1229,<wb>оужа
1230,<wb>пѧ
1231,жааше
1232,<wb>пас
1233,цемъ
1234,<wb>творіті
1235,<wb>бесѣ
1236,<wb>ха
1237,<wb>донь
1238,<wb>тобоѭ
1239,<wb>моеѧ
1240,<wb>амінь
1241,<wb>бес
1242,<wb>жь
1243,<wb>плодъ
1244,бле
1245,<wb>обаче
1246,<wb>съмръ
1247,<wb>плъ
1248,<wb>ісхо
1249,<wb>връ
1250,<wb>мімо
1251,<wb>надъ
1252,<wb>бъівъшоу
1253,<wb>славѫ
1254,<wb>она
1255,<wb>семь
1256,<wb>вель
1257,<wb>послѣдь
1258,скъіі
1259,ланѣ
1260,<wb>недѫ
1261,<wb>ніч
1262,<wb>гъ
1263,<wb>запрѣ
1264,<wb>анг
1265,лече
1266,<wb>оузьрі
1267,<wb>мѫчі
1268,<wb>весе
1269,<wb>кое
1270,<wb>наоучі
1271,<wb>вѣсте
1272,<wb>ке
1273,<wb>звѣ
1274,цеѭ
1275,<wb>кні
1276,<wb>своеѧ
1277,ретъ
1278,піса
1279,<wb>відѣшѧ
1280,ан
1281,<wb>іі
1282,<wb>іжде
1283,<wb>мла
1284,<wb>любі
1285,<wb>весь
1286,<wb>всі
1287,<wb>імаші
1288,<wb>даті
1289,<wb>зла
1290,<wb>різъі
1291,<wb>шедъ
1292,<wb>обрѧште
1293,мене
1294,трѣ
1295,вле
1296,<wb>слъішѧ
1297,стоу
1298,<wb>пок
1299,дѣі
1300,<wb>члкъ
1301,<wb>лаза
1302,<wb>оучітелю
1303,<wb>юже
1304,слі
1305,<wb>іште
1306,<wb>лѫ
1307,<wb>насъі
1308,жітъ
1309,нѭ
1310,<wb>авраа
1311,<wb>тѫ
1312,<wb>тъчьѭ
1313,<wb>пѧть
1314,вааго
1315,<wb>доньдеже
1316,<wb>чесо
1317,<wb>възгла
1318,шааго
1319,тель
1320,<wb>слъ
1321,омъ
1322,<wb>раба
1323,хомь
1324,<wb>ѣсті
1325,<wb>фарісеі
1326,<wb>заповѣді
1327,<wb>оупъ
1328,<wb>оуготова
1329,чесоже
1330,<wb>нічесоже
1331,<wb>едно
1332,<wb>плѣ
1333,<wb>блю
1334,<wb>отіде
1335,<wb>мілость
1336,<wb>сръдь
1337,ломъ
1338,<wb>ѧз
1339,скѫ
1340,<wb>ше
1341,<wb>гю
1342,<wb>рекъ
1343,<wb>въставъ
1344,<wb>іті
1345,<wb>жівѫ
1346,гъна
1347,<wb>тѣмь
1348,<wb>непо
1349,лѧтъ
1350,<wb>длъ
1351,<wb>бь
1352,віті
1353,<wb>отвѣшта
1354,піскоу
1355,<wb>въсі
1356,вое
1357,<wb>рѫка
1358,ео
1359,еть
1360,<wb>съказа
1361,<wb>коуп
1362,<wb>народі
1363,<wb>смо
1364,<wb>горе
1365,стръ
1366,скааго
1367,рові
1368,лоуі
1369,<wb>відіте
1370,<wb>бжіѣ
1371,нѧтъ
1372,<wb>томь
1373,<wb>чрѣ
1374,<wb>лъ
1375,<wb>глаті
1376,<wb>мѫжа
1377,тіѣ
1378,<wb>пома
1379,<wb>рабо
1380,<wb>възве
1381,вахъ
1382,<wb>пріті
1383,<wb>тѣхъ
1384,<wb>законъ
1385,<wb>ліца
1386,рѣвъ
1387,<wb>бѫдѫ
1388,<wb>чьсть
1389,хва
1390,<wb>колі
1391,<wb>собоѭ
1392,штеніе
1393,даті
1394,<wb>елі
1395,ліже
1396,<wb>часъ
1397,<wb>своемоу
1398,боі
1399,<wb>показа
1400,<wb>дѣві
1401,<wb>чловѣкъ
1402,<wb>водъі
1403,<wb>землѭ
1404,<wb>оуслъіші
1405,<wb>обраті
1406,сла
1407,<wb>вече
1408,<wb>оучѧ
1409,<wb>оустъ
1410,лѣзъ
1411,<wb>нечі
1412,ѣхѫ
1413,<wb>кѫ
1414,<wb>хотѣаше
1415,<wb>объі
1416,<wb>пѣс
1417,<wb>інѣ
1418,сітъ
1419,<wb>прѣдастъ
1420,<wb>молітвѫ
1421,<wb>съвѧза
1422,імі
1423,кі
1424,<wb>оумъі
1425,віі
1426,нікомъ
1427,стіті
1428,<wb>оумъ
1429,<wb>пріімъ
1430,<wb>мрьт
1431,<wb>твоемоу
1432,<wb>етеръ
1433,<wb>женѫ
1434,<wb>слъішавъше
1435,<wb>пог
1436,<wb>оувѣдѣ
1437,<wb>вьсѣкъ
1438,<wb>срьдь
1439,<wb>апосто
1440,<wb>глште
1441,<wb>родъ
1442,млѣ
1443,<wb>іоана
1444,<wb>съкроу
1445,<wb>прѣль
1446,<wb>поставі
1447,<wb>ѭже
1448,немъ
1449,<wb>ісві
1450,чьсті
1451,<wb>творіте
1452,<wb>пріхо
1453,<wb>покаа
1454,<wb>твоімъ
1455,ѭштіімъ
1456,<wb>напіса
1457,<wb>чоудеса
1458,лежѧ
1459,клі
1460,<wb>скръ
1461,<wb>хс
1462,<wb>хоштетъ
1463,<wb>але
1464,<wb>сілъі
1465,<wb>слѣдъ
1466,<wb>оче
1467,<wb>нѣс
1468,<wb>людь
1469,<wb>зъла
1470,<wb>обь
1471,томъ
1472,<wb>ваші
1473,<wb>пріно
1474,<wb>маті
1475,<wb>прішъдъ
1476,літе
1477,<wb>прібліжі
1478,<wb>море
1479,<wb>ісцѣ
1480,<wb>нашъ
1481,сіі
1482,<wb>ада
1483,<wb>кого
1484,знь
1485,<wb>землѧ
1486,<wb>прішьдъ
1487,<wb>неже
1488,<wb>дрѣво
1489,<wb>глашѧ
1490,<wb>дша
1491,рѣті
1492,<wb>імъі
1493,<wb>небесе
1494,<wb>поі
1495,<wb>ізго
1496,<wb>въішь
1497,<wb>камень
1498,<wb>доі
1499,<wb>молѧ
1500,<wb>вѣка
1501,<wb>обрѣтъ
1502,<wb>господі
1503,<wb>облі
1504,<wb>въскръ
1505,<wb>пріѧтъ
1506,<wb>анѳ
1507,ніті
1508,ніте
1509,<wb>наші
1510,<wb>мар
1511,въшааго
1512,<wb>главѫ
1513,<wb>сътворішѧ
1514,<wb>вьса
1515,<wb>разбоі
1516,<wb>ношті
1517,<wb>власть
1518,<wb>сілѫ
1519,<wb>своеі
1520,<wb>трѣбоу
1521,<wb>благъі
1522,шііхъ
1523,<wb>еу
1524,<wb>ношть
1525,<wb>нбс
1526,<wb>дво
1527,літі
1528,<wb>възне
1529,реб
1530,<wb>дръжа
1531,<wb>вѣрова
1532,<wb>твоеѧ
1533,<wb>лежѧ
1534,<wb>поклоні
1535,<wb>дьнесь
1536,<wb>оумо
1537,<wb>старѣі
1538,<wb>съпасе
1539,<wb>чловѣчь
1540,<wb>потрѣ
1541,<wb>прода
1542,нна
1543,комь
1544,мѣте
1545,пль
1546,<wb>напа
1547,упа
1548,<wb>оуші
1549,<wb>срѣдѣ
1550,<wb>полоу
1551,<wb>погоубі
1552,<wb>плода
1553,<wb>ходѧ
1554,<wb>нога
1555,<wb>раздѣ
1556,<wb>кеса
1557,рѣтъ
1558,<wb>мноѭ
1559,<wb>вѣстъ
1560,<wb>поустъіні
1561,<wb>глетъ
1562,<wb>нѧ
1563,<wb>почто
1564,<wb>ісплъні
1565,<wb>градѣ
1566,<wb>ібо
1567,<wb>трепе
1568,<wb>хоштете
1569,<wb>деснѫѭ
1570,<wb>къі
1571,<wb>блаженъіі
1572,<wb>інъ
1573,<wb>свѧта
1574,нѫті
1575,наго
1576,<wb>оубоѣ
1577,стѧ
1578,<wb>грѧдетъ
1579,<wb>погоубітъ
1580,<wb>бъівъше
1581,<wb>обо
1582,<wb>родіте
1583,<wb>чъто
1584,рѣте
1585,тѧтъ
1586,<wb>нбсе
1587,<wb>блізъ
1588,роі
1589,<wb>сътворь
1590,<wb>заві
1591,<wb>боль
1592,шіі
1593,шемъ
1594,<wb>глеші
1595,<wb>іменемь
1596,<wb>своѣ
1597,<wb>пророкъ
1598,<wb>далъ
1599,<wb>свѣті
1600,<wb>запрѣті
1601,<wb>грѧдъі
1602,<wb>ньже
1603,<wb>сль
1604,къве
1605,ченіе
1606,<wb>прістѫпь
1607,<wb>мѣста
1608,<wb>пооу
1609,<wb>оутвръ
1610,<wb>сѫштоу
1611,<wb>гръ
1612,<wb>сно
1613,<wb>мнозѣ
1614,<wb>анѳупа
1615,<wb>ваша
1616,<wb>воевода
1617,<wb>съблю
1618,<wb>творѧтъ
1619,<wb>ідѣаше
1620,нінъ
1621,<wb>къніжь
1622,<wb>събъра
1623,зѫ
1624,<wb>прѣподо
1625,<wb>пріѧті
1626,<wb>любо
1627,<wb>поко
1628,<wb>мль
1629,крь
1630,ждо
1631,рітъ
1632,ѭштііхъ
1633,біра
1634,<wb>мана
1635,<wb>орѫ
1636,вьѣ
1637,емо
1638,<wb>годіна
1639,<wb>члвкъ
1640,неі
1641,<wb>осла
1642,<wb>събла
1643,<wb>хвалѫ
1644,<wb>тъкмо
1645,<wb>подобь
1646,<wb>сед
1647,<wb>спе
1648,<wb>възі
1649,<wb>вьсѣко
1650,лѣахѫ
1651,<wb>влъ
1652,<wb>опра
1653,<wb>прѣсто
1654,льма
1655,<wb>рѫкоу
1656,дішѧ
1657,пъі
1658,<wb>ізгъна
1659,<wb>разо
1660,<wb>лѫка
1661,нова
1662,нііхъ
1663,<wb>сѫшта
1664,<wb>съвѣдѣтельствоу
1665,<wb>вьзне
1666,<wb>стар
1667,<wb>іюда
1668,<wb>мъіта
1669,<wb>прѣдь
1670,<wb>філі
1671,<wb>епіскоу
1672,жді
1673,ахъ
1674,<wb>народа
1675,<wb>сътворітъ
1676,<wb>свѧтъіі
1677,<wb>одръ
1678,ніца
1679,<wb>юно
1680,<wb>самі
1681,ждоу
1682,<wb>врагъ
1683,<wb>боле
1684,<wb>зі
1685,<wb>праведь
1686,<wb>ішедъ
1687,ское
1688,моуже
1689,<wb>гото
1690,чааше
1691,теле
1692,<wb>віногра
1693,<wb>вль
1694,вомъ
1695,<wb>даръ
1696,замі
1697,ложе
1698,ніхъ
1699,цемь
1700,<wb>колѣ
1701,ѯан
1702,<wb>събо
1703,<wb>галілеі
1704,<wb>вьсего
1705,<wb>алеѯан
1706,<wb>отъкѫ
1707,<wb>жрът
1708,<wb>нічь
1709,лоѭ
1710,<wb>достоінъ
1711,<wb>створі
1712,<wb>ал
1713,жьство
1714,<wb>въсхо
1715,зѧ
1716,<wb>іско
1717,<wb>погъіб
1718,урі
1719,<wb>знаменіе
1720,<wb>собо
1721,<wb>повѣда
1722,<wb>възложі
1723,<wb>ноу
1724,<wb>жівъ
1725,<wb>глѫ
1726,<wb>вѣмъ
1727,<wb>вьзѧ
1728,<wb>кънѧ
1729,<wb>пріемъ
1730,<wb>добра
1731,<wb>творѣ
1732,<wb>сіѭ
1733,<wb>піо
1734,<wb>оуда
1735,<wb>горѫ
1736,<wb>полъ
1737,<wb>помѧ
1738,<wb>наза
1739,<wb>вашіхъ
1740,ньмі
1741,<wb>црк
1742,<wb>лѣтъ
1743,<wb>прідъ
1744,<wb>вѣмь
1745,<wb>дроугоу
1746,<wb>вьсѫ
1747,<wb>імені
1748,<wb>землѣ
1749,<wb>толі
1750,<wb>све
1751,<wb>объіча
1752,<wb>сьмрьть
1753,<wb>небесь
1754,<wb>оупъва
1755,ѭштемъ
1756,пса
1757,<wb>аві
1758,<wb>навъі
1759,довъ
1760,ню
1761,<wb>десѧтъ
1762,<wb>вашего
1763,<wb>чловѣка
1764,<wb>дьвѣ
1765,<wb>ѧзъікъ
1766,<wb>тала
1767,<wb>знаменіѣ
1768,чітъ
1769,<wb>нікомоуже
1770,<wb>ніколіже
1771,цѣте
1772,<wb>грѣхъ
1773,<wb>істінъ
1774,<wb>поста
1775,<wb>решті
1776,<wb>въніде
1777,<wb>ово
1778,<wb>нікъ
1779,ема
1780,<wb>комоу
1781,нѣе
1782,<wb>пріше
1783,<wb>прославі
1784,<wb>богомъ
1785,<wb>гробъ
1786,<wb>дшѧ
1787,<wb>моемоу
1788,<wb>добръі
1789,<wb>образъ
1790,<wb>рѫкъі
1791,<wb>лѣта
1792,<wb>горъі
1793,<wb>вара
1794,<wb>прішь
1795,ліе
1796,нъмі
1797,<wb>помілоуі
1798,<wb>облѣ
1799,<wb>хоштѫ
1800,<wb>главъі
1801,<wb>глаголааше
1802,<wb>шьдъ
1803,<wb>плака
1804,ненъ
1805,<wb>вамі
1806,<wb>грѣхъі
1807,зъда
1808,<wb>своемь
1809,<wb>оукра
1810,<wb>сілоѭ
1811,<wb>кодра
1812,<wb>паде
1813,<wb>оцоу
1814,сіті
1815,<wb>старь
1816,<wb>ізво
1817,<wb>ісходѧ
1818,<wb>дроузі
1819,<wb>въса
1820,<wb>отъвръже
1821,ремъ
1822,<wb>въсп
1823,лмі
1824,<wb>грѣшъ
1825,дімъ
1826,овъ
1827,ствова
1828,<wb>твоеѭ
1829,<wb>міроу
1830,<wb>чѧда
1831,<wb>селѣ
1832,жѧтъ
1833,<wb>рабъі
1834,<wb>ізбъра
1835,стѫпі
1836,<wb>четъі
1837,крі
1838,<wb>вьсѣмі
1839,<wb>сімонъ
1840,<wb>гнѣва
1841,<wb>съкръі
1842,лѭтъ
1843,<wb>отцъ
1844,<wb>даждъ
1845,<wb>насъіті
1846,<wb>дрь
1847,<wb>сото
1848,<wb>свобо
1849,<wb>чръ
1850,<wb>сіла
1851,ніцѧ
1852,<wb>отрочѧ
1853,нѣмъ
1854,ѭштеі
1855,<wb>вьзлю
1856,<wb>твоеі
1857,<wb>давъ
1858,<wb>отьца
1859,<wb>моеі
1860,<wb>анѳупатъ
1861,<wb>ідетъ
1862,<wb>достоітъ
1863,<wb>нікътоже
1864,<wb>оуст
1865,<wb>імѣаше
1866,<wb>словесі
1867,<wb>змі
1868,<wb>ізъ
1869,<wb>ѣвѣ
1870,<wb>вашъ
1871,<wb>жрѣ
1872,<wb>божіі
1873,<wb>нашемоу
1874,<wb>оутврь
1875,<wb>любь
1876,<wb>благослове
1877,<wb>імѣті
1878,<wb>чловѣко
1879,<wb>лоу
1880,<wb>поно
1881,<wb>женъі
1882,<wb>іспль
1883,сцѣ
1884,<wb>кьні
1885,<wb>прр
1886,<wb>сама
1887,<wb>въвръже
1888,<wb>блажені
1889,<wb>въкоупѣ
1890,<wb>безъ
1891,<wb>междоу
1892,об
1893,<wb>оузьріте
1894,<wb>тѣмъ
1895,<wb>молѣаше
1896,<wb>овъ
1897,<wb>бѣсъі
1898,<wb>отъвръ
1899,<wb>оучітель
1900,<wb>рьці
1901,<wb>творіші
1902,<wb>хса
1903,<wb>стрѣ
1904,<wb>молітвъі
1905,<wb>водѫ
1906,<wb>пріложі
1907,<wb>дѣті
1908,<wb>пріко
1909,<wb>чка
1910,<wb>постра
1911,<wb>оубіті
1912,мъіі
1913,<wb>оудо
1914,<wb>въпі
1915,шѧѧ
1916,ждѧ
1917,бьра
1918,<wb>мънозі
1919,<wb>веліко
1920,<wb>воіні
1921,монъ
1922,<wb>манастъі
1923,<wb>мѣсѧ
1924,<wb>коліко
1925,<wb>прѣста
1926,нѣте
1927,<wb>сіо
1928,стіі
1929,<wb>възъпі
1930,<wb>бісте
1931,<wb>езъі
1932,<wb>вьскрѣ
1933,<wb>вода
1934,<wb>къде
1935,нікоу
1936,<wb>оно
1937,паде
1938,<wb>корабь
1939,<wb>свѧтъі
1940,<wb>старѣіші
1941,<wb>отъкѫдоу
1942,гге
1943,ромъ
1944,<wb>іні
1945,вѣтъ
1946,ѭштѧѧ
1947,<wb>врата
1948,<wb>імже
1949,<wb>отъпоушта
1950,<wb>пръвѣ
1951,<wb>ізбъі
1952,<wb>въшедъ
1953,<wb>ові
1954,<wb>сра
1955,телѣ
1956,стітъ
1957,<wb>пріемлетъ
1958,<wb>вьсеі
1959,нець
1960,ченъ
1961,<wb>народомъ
1962,<wb>земьѭ
1963,<wb>дѣльма
1964,<wb>істінѣ
1965,<wb>кде
1966,<wb>славъі
1967,<wb>глаголаті
1968,<wb>благода
1969,<wb>богатъ
1970,<wb>гроба
1971,ате
1972,<wb>іного
1973,<wb>моімъ
1974,<wb>въто
1975,<wb>протівѫ
1976,<wb>ідѣте
1977,<wb>погре
1978,<wb>прѣмѫ
1979,може
1980,<wb>відіші
1981,<wb>ногама
1982,<wb>сътѧ
1983,ѣті
1984,ріе
1985,<wb>пъ
1986,<wb>едінѫ
1987,<wb>постъі
1988,<wb>просѧ
1989,дѣаше
1990,тітъ
1991,мѣта
1992,<wb>отъвѣшташѧ
1993,<wb>отьць
1994,<wb>радость
1995,<wb>вънъ
1996,<wb>пові
1997,<wb>слъішаті
1998,<wb>око
1999,къмо
2000,<wb>сві
2001,<wb>съкрові
2002,<wb>двьрі
2003,<wb>неп
2004,<wb>вѣсі
2005,<wb>іна
2006,діі
2007,<wb>вьнѣ
2008,<wb>імь
2009,<wb>рода
2010,лова
2011,дроу
2012,вль
2013,<wb>болѧ
2014,<wb>хрістосо
2015,<wb>стъ
2016,<wb>прѣлю
2017,ніче
2018,шенъ
2019,дові
2020,<wb>осѫжде
2021,<wb>сѫште
2022,<wb>ніка
2023,ові
2024,<wb>възвѣсті
2025,ке
2026,кѫѭ
2027,<wb>малѣ
2028,<wb>крѣпо
2029,<wb>блѫ
2030,<wb>жівота
2031,<wb>сн
2032,<wb>прізъвавъ
2033,<wb>гне
2034,<wb>відѧтъ
2035,<wb>съсѫ
2036,<wb>недо
2037,<wb>далече
2038,<wb>петро
2039,мѫтъ
2040,<wb>молітва
2041,<wb>нѣко
2042,<wb>дха
2043,<wb>оде
2044,<wb>братъ
2045,<wb>прітъчѫ
2046,ждаахѫ
2047,сві
2048,<wb>одѣ
2049,пѫ
2050,<wb>кон
2051,<wb>ізда
2052,<wb>нѫ
2053,<wb>оутѣ
2054,<wb>посрѣдѣ
2055,<wb>хе
2056,<wb>разгнѣ
2057,<wb>слоугъі
2058,<wb>словесъ
2059,<wb>глаголетъ
2060,<wb>мірѣ
2061,<wb>піті
2062,<wb>бѫдеші
2063,<wb>дьніі
2064,<wb>бъілъ
2065,<wb>небесъ
2066,<wb>помѣ
2067,штоумоу
2068,<wb>помошть
2069,<wb>всѣхъ
2070,<wb>овьцѧ
2071,<wb>лѣпо
2072,<wb>іспра
2073,<wb>глоу
2074,<wb>тьм
2075,въіѧ
2076,<wb>істо
2077,<wb>горѣ
2078,зьрѣ
2079,<wb>дадіте
2080,<wb>ею
2081,<wb>събіра
2082,гі
2083,<wb>кланѣ
2084,<wb>поро
2085,<wb>сѣмѧ
2086,гошѧ
2087,<wb>многъ
2088,<wb>оцъ
2089,нецъ
2090,<wb>цсрствіе
2091,<wb>съмръті
2092,<wb>въісо
2093,<wb>сътворімъ
2094,<wb>петра
2095,<wb>нічтоже
2096,<wb>похва
2097,<wb>саві
2098,<wb>глахѫ
2099,<wb>амінъ
2100,<wb>кораб
2101,<wb>млъ
2102,<wb>законь
2103,<wb>памѧ
2104,<wb>безоу
2105,<wb>кнігъі
2106,пле
2107,<wb>надѣ
2108,ѣмъ
2109,<wb>дві
2110,<wb>възлю
2111,<wb>брѣ
2112,<wb>праведъ
2113,любь
2114,ніемь
2115,<wb>въскрѣ
2116,<wb>му
2117,<wb>мъноѭ
2118,<wb>развѣ
2119,<wb>нашіхъ
2120,<wb>обрѧштетъ
2121,<wb>денъ
2122,<wb>марта
2123,<wb>іосіфъ
2124,<wb>праздьнікъ
2125,жоу
2126,сетъ
2127,<wb>жівъі
2128,<wb>слоуга
2129,<wb>талан
2130,<wb>цѣсара
2131,<wb>отътѫ
2132,<wb>странѫ
2133,<wb>прішедъше
2134,<wb>нѣсмъ
2135,<wb>мъного
2136,<wb>ісаі
2137,<wb>можеші
2138,<wb>нашь
2139,<wb>младе
2140,<wb>нбо
2141,<wb>пісано
2142,<wb>хъі
2143,бѧ
2144,<wb>заповѣдь
2145,<wb>съні
2146,<wb>зъва
2147,женъ
2148,нѣаго
2149,ніѭ
2150,слѣ
2151,ноумоу
2152,кръі
2153,тва
2154,нъіімі
2155,<wb>сьмѣ
2156,ствіі
2157,<wb>прѣподобь
2158,<wb>събѫ
2159,<wb>рекѫтъ
2160,<wb>мрътвъіхъ
2161,<wb>глахъ
2162,<wb>сьмрьті
2163,<wb>веліка
2164,<wb>члвч
2165,<wb>пау
2166,<wb>глаше
2167,<wb>разоумѣшѧ
2168,<wb>народоу
2169,<wb>подобаатъ
2170,<wb>когда
2171,<wb>вѣдъі
2172,<wb>тъкъмо
2173,<wb>възвесе
2174,мааго
2175,<wb>діві
2176,<wb>обѣшта
2177,<wb>обрѣта
2178,<wb>печаль
2179,ховь
2180,штааше
2181,<wb>прочі
2182,<wb>дроузіі
2183,нѣмь
2184,<wb>пастъі
2185,<wb>прікоснѫ
2186,<wb>чьсті
2187,подобі
2188,<wb>гласа
2189,<wb>дх
2190,<wb>людіе
2191,<wb>бѣшѧ
2192,плъ
2193,<wb>тва
2194,ленъ
2195,<wb>аггелъ
2196,<wb>чскъі
2197,<wb>л
2198,<wb>въспо
2199,<wb>коупно
2200,<wb>оуспѣ
2201,<wb>діѣволъ
2202,<wb>пасхѫ
2203,<wb>пожь
2204,<wb>коно
2205,<wb>жітіе
2206,<wb>блага
2207,лімъ
2208,<wb>нашѧ
2209,<wb>заповѣда
2210,<wb>тоі
2211,<wb>нечьсті
2212,дрость
2213,домь
2214,<wb>въско
2215,леніѣ
2216,<wb>помаза
2217,шіімъ
2218,ъіта
2219,<wb>відѣхомъ
2220,менъ
2221,мена
2222,сѧтъ
2223,жаахѫ
2224,<wb>вьзве
2225,ова
2226,<wb>кле
2227,<wb>наста
2228,<wb>оте
2229,падъ
2230,селѣ
2231,<wb>мънѣ
2232,<wb>помъішлѣ
2233,ребро
2234,фі
2235,<wb>врагъі
2236,<wb>славѣ
2237,<wb>жізні
2238,<wb>даже
2239,<wb>прівесті
2240,<wb>рѣкъі
2241,<wb>дше
2242,<wb>въстані
2243,<wb>пріоб
2244,<wb>въінѫ
2245,<wb>своемъ
2246,<wb>вьзвѣсті
2247,<wb>съвѣдѣ
2248,<wb>коумі
2249,<wb>ца
2250,<wb>можааше
2251,<wb>можете
2252,<wb>зълъі
2253,<wb>възлюбі
2254,<wb>нічсоже
2255,новъ
2256,<wb>тоѧ
2257,<wb>гмь
2258,<wb>велікъі
2259,<wb>еп
2260,<wb>ожі
2261,<wb>глете
2262,<wb>безакон
2263,мень
2264,<wb>піс
2265,<wb>блг
2266,<wb>заха
2267,<wb>прока
2268,<wb>пѣнѧ
2269,<wb>нікако
2270,чоу
2271,вааше
2272,<wb>прітъча
2273,<wb>пріле
2274,<wb>въздві
2275,<wb>покло
2276,ѭштааго
2277,стѧтъ
2278,<wb>ніхъже
2279,<wb>въздрадоу
2280,<wb>едіна
2281,<wb>віждѫ
2282,<wb>хлѣба
2283,<wb>прідѫтъ
2284,<wb>боѧ
2285,<wb>тамо
2286,<wb>ѣро
2287,<wb>хлѣбъі
2288,<wb>ізд
2289,<wb>коньца
2290,<wb>прііметъ
2291,<wb>съмѧ
2292,пітъ
2293,<wb>едіномоу
2294,<wb>ѣз
2295,<wb>храмі
2296,дръжа
2297,<wb>зѫ
2298,чіті
2299,<wb>плачѫ
2300,<wb>вьніті
2301,<wb>третіі
2302,денъ
2303,<wb>вьне
2304,<wb>рек
2305,<wb>пріста
2306,<wb>посѣ
2307,нъімъ
2308,<wb>віта
2309,<wb>въне
2310,рю
2311,наоу
2312,<wb>воле
2313,<wb>помолі
2314,<wb>члчь
2315,ітъ
2316,<wb>члка
2317,<wb>бъіхъ
2318,<wb>томъ
2319,<wb>съгрѣші
2320,ѣмь
2321,<wb>гласомъ
2322,<wb>вѣроуѧі
2323,<wb>сѣмо
2324,въда
2325,<wb>словомъ
2326,<wb>съкроуші
2327,творе
2328,<wb>обою
2329,<wb>закона
2330,ріѧ
2331,<wb>інъі
2332,<wb>анто
2333,<wb>оученіка
2334,<wb>прѣдѣ
2335,стомъ
2336,<wb>къніжъ
2337,<wb>тъма
2338,<wb>клѧ
2339,<wb>нічьсоже
2340,<wb>полага
2341,<wb>прѣо
2342,штеніѣ
2343,<wb>зьлѣ
2344,чіна
2345,<wb>крі
2346,<wb>застѫ
2347,фа
2348,онъ
2349,<wb>въхо
2350,<wb>зо
2351,<wb>малъі
2352,<wb>іродъ
2353,<wb>въда
2354,<wb>отрѣ
2355,ѳа
2356,<wb>людемъ
2357,<wb>оск
2358,<wb>комі
2359,<wb>едного
2360,<wb>дѣлѣ
2361,штоуоумоу
2362,<wb>ногоу
2363,<wb>свѣтіль
2364,<wb>оумьретъ
2365,<wb>поусті
2366,досте
2367,<wb>бѣжа
2368,<wb>пльть
2369,<wb>съмрьть
2370,<wb>англъ
2371,<wb>мъногъ
2372,<wb>едіні
2373,<wb>дівлѣ
2374,<wb>мъз
2375,<wb>ненавідѧ
2376,<wb>кънігъі
2377,<wb>скоро
2378,воѭ
2379,<wb>своеѭ
2380,<wb>пті
2381,<wb>бжь
2382,<wb>сте
2383,<wb>ізве
2384,<wb>ѳео
2385,нічь
2386,<wb>оума
2387,ковь
2388,<wb>горь
2389,лѣі
2390,<wb>коре
2391,<wb>печалі
2392,ствѣ
2393,<wb>трѫ
2394,<wb>іере
2395,<wb>благъ
2396,<wb>благовѣ
2397,нѫшѧ
2398,<wb>наі
2399,<wb>тъісѫ
2400,<wb>пось
2401,<wb>вѣдѣаше
2402,<wb>чоудо
2403,<wb>скво
2404,<wb>пѣснь
2405,<wb>сноу
2406,<wb>відѣхъ
2407,<wb>глаголю
2408,<wb>гнь
2409,<wb>пѧті
2410,<wb>оумі
2411,<wb>странъі
2412,<wb>ісѣ
2413,<wb>рѣсте
2414,<wb>кръвь
2415,<wb>всѧ
2416,<wb>достоѣ
2417,<wb>два
2418,ндеже
2419,<wb>дондеже
2420,<wb>вонъ
2421,<wb>радості
2422,<wb>съвръші
2423,<wb>стѣ
2424,<wb>гробѣ
2425,<wb>вѣрь
2426,<wb>болѣзні
2427,лішѧ
2428,рьмі
2429,<wb>вашѧ
2430,доѭ
2431,<wb>сътворілъ
2432,троу
2433,<wb>немо
2434,нѣго
2435,<wb>съп
2436,<wb>еуа
2437,<wb>оставлѣ
2438,<wb>разлі
2439,гомъ
2440,<wb>покръі
2441,<wb>рожде
2442,<wb>оумѣ
2443,мъіс
2444,<wb>пльті
2445,<wb>начь
2446,<wb>іскаахѫ
2447,<wb>сьвѣдѣтель
2448,<wb>глѭтъ
2449,<wb>філософь
2450,<wb>сътворівъ
2451,<wb>понѣ
2452,<wb>сквозѣ
2453,<wb>право
2454,<wb>толіко
2455,<wb>народъі
2456,<wb>лѣто
2457,<wb>пріведе
2458,<wb>іюдеіскъ
2459,<wb>каѣ
2460,<wb>сѣдъ
2461,<wb>седмь
2462,<wb>ослабле
2463,рѣшѧ
2464,шеніѣ
2465,<wb>безаконе
2466,<wb>съзъда
2467,<wb>словесъі
2468,<wb>носѧ
2469,<wb>кото
2470,<wb>црѣ
2471,<wb>многомъ
2472,<wb>доушѫ
2473,<wb>іоан
2474,<wb>въходѧ
2475,<wb>нізъ
2476,клю
2477,<wb>правьдь
2478,<wb>вѧ
2479,<wb>тем
2480,<wb>іер
2481,разоу
2482,мле
2483,трѧ
2484,<wb>благодѣть
2485,<wb>ході
2486,<wb>творѭ
2487,<wb>реко
2488,<wb>братра
2489,<wb>водѣ
2490,<wb>мрѣ
2491,<wb>вінъі
2492,<wb>відітъ
2493,<wb>шъдъ
2494,<wb>рабоу
2495,<wb>арте
2496,<wb>боі
2497,<wb>відімъ
2498,<wb>оправъда
2499,вѫѭ
2500,<wb>къніжьніці
2501,раті
2502,<wb>гнъ
2503,<wb>помъіслі
2504,<wb>законѣ
2505,ріо
2506,дѣхъ
2507,къві
2508,<wb>рабі
2509,<wb>чловѣкомъ
2510,<wb>съвѣдѣтельство
2511,<wb>благово
2512,<wb>намі
2513,мені
2514,<wb>раздрѣ
2515,вше
2516,<wb>окръ
2517,момъ
2518,<wb>плъть
2519,<wb>девѧ
2520,<wb>сънъмі
2521,<wb>спа
2522,<wb>магда
2523,<wb>імъже
2524,стѣі
2525,<wb>рѣсно
2526,<wb>ръ
2527,ѭштіі
2528,<wb>чет
2529,<wb>ока
2530,<wb>прость
2531,<wb>всѣкъ
2532,<wb>вам
2533,<wb>елма
2534,<wb>велікъ
2535,вьенъ
2536,<wb>ноштіѭ
2537,<wb>моліте
2538,<wb>слав
2539,<wb>глъі
2540,<wb>любѧ
2541,<wb>ѧті
2542,<wb>подобаетъ
2543,<wb>сътворѭ
2544,лѣзе
2545,<wb>мѫжъ
2546,<wb>порѫ
2547,<wb>събърашѧ
2548,<wb>мѫжі
2549,нове
2550,<wb>разоумъ
2551,<wb>чашѫ
2552,<wb>вразі
2553,врѣшті
2554,<wb>оухо
2555,<wb>жъ
2556,<wb>дъшті
2557,<wb>ветъ
2558,<wb>прістѫпішѧ
2559,ренъ
2560,<wb>мосі
2561,<wb>нікакоже
2562,штѫтъ
2563,кмъ
2564,<wb>капі
2565,<wb>німа
2566,<wb>рѫкама
2567,<wb>віна
2568,<wb>сънѣ
2569,<wb>жідове
2570,<wb>посъланъ
2571,<wb>слоуша
2572,<wb>іцѣлѣ
2573,<wb>прінесе
2574,<wb>похо
2575,<wb>ізмѣ
2576,<wb>наслѣ
2577,<wb>въвръ
2578,<wb>вьсемоу
2579,<wb>сьтворі
2580,ѣахѫ
2581,нѫвъ
2582,<wb>проповѣ
2583,<wb>еле
2584,<wb>вьлѣзъ
2585,ножі
2586,нікь
2587,ваахѫ
2588,<wb>множьство
2589,<wb>вѣчъ
2590,<wb>коль
2591,<wb>сѫботѫ
2592,<wb>слъішітъ
2593,<wb>кодратъ
2594,<wb>прідошѧ
2595,<wb>съмрьті
2596,<wb>кръве
2597,<wb>десѧті
2598,<wb>мѫкъі
2599,<wb>ѫтро
2600,<wb>темь
2601,<wb>пріходѧ
2602,<wb>спі
2603,<wb>пріемь
2604,<wb>іздалече
2605,<wb>црсі
2606,<wb>ѳо
2607,<wb>женѣ
2608,<wb>въсхотѣ
2609,<wb>страха
2610,<wb>село
2611,<wb>дѣлателе
2612,<wb>сътворіте
2613,бенъ
2614,<wb>поль
2615,<wb>грѧдъіі
2616,<wb>рѫга
2617,<wb>покажі
2618,<wb>падъ
2619,<wb>навъік
2620,<wb>відѧште
2621,<wb>маріі
2622,<wb>сілъ
2623,<wb>пріс
2624,<wb>істін
2625,<wb>съдра
2626,<wb>еуагге
2627,<wb>прібѣ
2628,<wb>разорі
2629,<wb>невѣрь
2630,<wb>пагоу
2631,<wb>оубѣ
2632,<wb>събе
2633,<wb>бесѣдоу
2634,<wb>вьзіска
2635,<wb>любіте
2636,<wb>тожде
2637,<wb>іюдѣі
2638,сомь
2639,емоу
2640,ховъ
2641,<wb>каі
2642,<wb>наре
2643,<wb>срдце
2644,<wb>пре
2645,<wb>работа
2646,таі
2647,<wb>сть
2648,<wb>емъ
2649,ет
2650,<wb>доко
2651,<wb>капе
2652,<wb>славѧ
2653,<wb>страхъ
2654,<wb>разоумѣвъ
2655,<wb>ѣште
2656,<wb>свѧтааго
2657,<wb>іхъже
2658,<wb>вьсѣмь
2659,<wb>радостіѭ
2660,<wb>црство
2661,<wb>імамь
2662,<wb>родітелѣ
2663,<wb>оці
2664,<wb>божь
2665,<wb>съінъ
2666,<wb>стоуоумоу
2667,<wb>мъногъі
2668,<wb>вась
2669,<wb>орѫжі
2670,жъдо
2671,<wb>вѣнь
2672,<wb>алеѯандръ
2673,діѣ
2674,<wb>вама
2675,<wb>злато
2676,<wb>ѣможе
2677,<wb>просіте
2678,<wb>імі
2679,<wb>бѫдѣте
2680,<wb>слъішасте
2681,штее
2682,<wb>своімь
2683,дівъ
2684,шѧтъ
2685,<wb>вашь
2686,<wb>семъ
2687,<wb>у
2688,<wb>боліі
2689,жденіе
2690,<wb>мілос
2691,шенье
2692,<wb>вьзлюбі
2693,<wb>іцѣлі
2694,<wb>оцѣ
2695,<wb>славь
2696,дѣа
2697,<wb>ов
2698,<wb>възѧ
2699,<wb>істінь
2700,<wb>істіна
2701,<wb>велмі
2702,<wb>жізнь
2703,<wb>мѫка
2704,<wb>гві
2705,<wb>морі
2706,<wb>страсті
2707,<wb>твоемь
2708,<wb>талантъ
2709,<wb>іліѣ
2710,<wb>сімъ
2711,<wb>іштете
2712,<wb>положішѧ
2713,<wb>отврь
2714,<wb>потъ
2715,<wb>въскѫѭ
2716,<wb>дхомь
2717,<wb>оусъ
2718,гоже
2719,<wb>вьпі
2720,<wb>свѣта
2721,дѣахѫ
2722,<wb>веле
2723,<wb>сѫшті
2724,<wb>вѣдѫ
2725,<wb>дау
2726,<wb>желѣз
2727,<wb>любітъ
2728,<wb>прѣбѫ
2729,ніѧ
2730,<wb>поздѣ
2731,вою
2732,<wb>нѭ
2733,<wb>стъііхъ
2734,нѫтрь
2735,<wb>просвѣ
2736,<wb>забъі
2737,<wb>жела
2738,<wb>сътѧза
2739,въііхъ
2740,ваѧ
2741,<wb>архіе
2742,мѣхъ
2743,дѣшѧ
2744,ствъ
2745,<wb>братръ
2746,діші
2747,<wb>мімоі
2748,<wb>почі
2749,<wb>прізъва
2750,<wb>вьста
2751,емъі
2752,<wb>владъіка
2753,<wb>св
2754,<wb>зьло
2755,<wb>сілѣ
2756,<wb>въніті
2757,<wb>божіѣ
2758,<wb>господа
2759,<wb>мѣсѧца
2760,<wb>сеѧ
2761,<wb>правъдѫ
2762,<wb>пасха
2763,<wb>камъі
2764,<wb>матерь
2765,<wb>въпрашаахѫ
2766,<wb>памѧть
2767,<wb>галілеѭ
2768,<wb>отълѫ
2769,<wb>завісті
2770,<wb>наріцаемъі
2771,<wb>грѧдѫшта
2772,<wb>хотѣахѫ
2773,<wb>распь
2774,пѧть
2775,емі
2776,<wb>матері
2777,<wb>слѣпъ
2778,<wb>немьже
2779,<wb>іоу
2780,<wb>срдца
2781,<wb>сіѧ
2782,<wb>вѣроваті
2783,ють
2784,<wb>врѣмене
2785,<wb>скрь
2786,<wb>правьд
2787,<wb>кнѧзъ
2788,<wb>господьне
2789,нъе
2790,<wb>съборъ
2791,<wb>прідѣте
2792,четъ
2793,снетъ
2794,<wb>мѫченікъ
2795,<wb>самого
2796,<wb>цркві
2797,<wb>съмо
2798,<wb>вѣра
2799,<wb>людіі
2800,враті
2801,<wb>очіма
2802,<wb>възгласі
2803,<wb>пості
2804,<wb>клі
2805,<wb>събра
2806,<wb>коньча
2807,юште
2808,намі
2809,жьдо
2810,<wb>поса
2811,<wb>жіві
2812,<wb>грѣсі
2813,<wb>піоніі
2814,<wb>довь
2815,<wb>крото
2816,<wb>іскоуша
2817,<wb>пара
2818,<wb>отпоу
2819,<wb>самарѣ
2820,<wb>ізідѫ
2821,чемъ
2822,<wb>прівѣ
2823,ствомъ
2824,<wb>су
2825,<wb>обрѣтѫ
2826,<wb>петрові
2827,<wb>кратъі
2828,<wb>разоумѣѭтъ
2829,<wb>іѣкова
2830,<wb>брата
2831,<wb>чѧдо
2832,<wb>блаженъ
2833,<wb>црькві
2834,<wb>цръкъве
2835,<wb>сльнь
2836,<wb>вѣровашѧ
2837,<wb>дано
2838,<wb>патрі
2839,<wb>моліті
2840,<wb>въпрашааше
2841,<wb>молѣахѫ
2842,<wb>ізне
2843,чаахѫ
2844,<wb>веліі
2845,<wb>роу
2846,<wb>прославітъ
2847,<wb>ѧзъіці
2848,<wb>вьселе
2849,мое
2850,<wb>оставь
2851,<wb>въсходѧ
2852,<wb>бѣхъ
2853,<wb>віждъ
2854,<wb>васі
2855,<wb>оузьрѣ
2856,хождааше
2857,<wb>прѣпо
2858,<wb>заповѣде
2859,<wb>сътѫ
2860,<wb>вѣкомъ
2861,<wb>неѧ
2862,<wb>варі
2863,<wb>інѣхъ
2864,<wb>дхмъ
2865,<wb>імѣѧі
2866,<wb>іспъіта
2867,<wb>ѧзкъ
2868,<wb>обѣма
2869,<wb>блюдѣте
2870,<wb>пріді
2871,<wb>съходѧ
2872,<wb>нама
2873,<wb>отъпоустітъ
2874,неші
2875,штетъ
2876,<wb>дръз
2877,жемъ
2878,<wb>въсѫ
2879,шааше
2880,<wb>възьрѣвъ
2881,дѧі
2882,<wb>въложі
2883,<wb>стадо
2884,<wb>пако
2885,лішта
2886,долѣ
2887,<wb>ѧзъікъі
2888,<wb>тѣмже
2889,<wb>трьпѣ
2890,<wb>ѫзъі
2891,<wb>ізвѣ
2892,<wb>цѣлова
2893,нові
2894,<wb>бъівъша
2895,піі
2896,дръі
2897,<wb>ев
2898,гѫтъ
2899,<wb>мьно
2900,сѣте
2901,ріцеѭ
2902,ѭштѧ
2903,<wb>спсе
2904,<wb>камо
2905,ніа
2906,<wb>распѧ
2907,<wb>гласомь
2908,<wb>сѣдѣаше
2909,<wb>стъіімъ
2910,<wb>псалмъ
2911,<wb>начѧшѧ
2912,<wb>обрашть
2913,<wb>вамь
2914,шеніі
2915,<wb>сквръ
2916,<wb>ѣдѫ
2917,<wb>радоуі
2918,<wb>сімона
2919,сѫдоу
2920,<wb>непрѣ
2921,<wb>пропѧ
2922,<wb>дівлѣахѫ
2923,<wb>ішьдъ
2924,роуса
2925,леже
2926,<wb>даждь
2927,<wb>доколѣ
2928,<wb>твоімь
2929,<wb>ісповѣмъ
2930,<wb>слъішіте
2931,<wb>іскаріо
2932,<wb>вѣрѣ
2933,<wb>молѣ
2934,<wb>посълавъшааго
2935,намъ
2936,<wb>непріѣ
2937,<wb>пора
2938,<wb>оупра
2939,<wb>болѣзнь
2940,ломі
2941,<wb>пръвѣе
2942,<wb>дъште
2943,<wb>жідовъ
2944,шіті
2945,<wb>сьні
2946,<wb>хотѧште
2947,<wb>поѣ
2948,вла
2949,<wb>дре
2950,кръве
2951,<wb>стро
2952,<wb>подра
2953,<wb>неправь
2954,<wb>възмѫ
2955,ветъ
2956,<wb>глаголеші
2957,нахъ
2958,<wb>вѣсѧ
2959,въшемъ
2960,<wb>възлежѧ
2961,ріа
2962,<wb>ост
2963,<wb>ег
2964,<wb>сѣа
2965,реі
2966,<wb>стоуде
2967,біхъ
2968,дѣті
2969,<wb>дѣлма
2970,<wb>мѫжоу
2971,<wb>оучітелѣ
2972,<wb>доухомь
2973,<wb>оужаса
2974,<wb>поле
2975,<wb>пеште
2976,<wb>чкоу
2977,<wb>разгнѣвавъ
2978,стъіі
2979,<wb>троудъ
2980,ложѫ
2981,<wb>прѣобі
2982,<wb>бъісте
2983,<wb>ребра
2984,<wb>пілатоу
2985,<wb>прѣдашѧ
2986,<wb>мрътвъііхъ
2987,бішѧ
2988,<wb>гоу
2989,<wb>съто
2990,<wb>села
2991,<wb>послоушаі
2992,<wb>прогнѣ
2993,<wb>глъ
2994,<wb>сеі
2995,<wb>гоне
2996,<wb>неѭ
2997,<wb>затворі
2998,<wb>відѣтъ
2999,<wb>оубоіте
3000,<wb>коснѫ
3001,<wb>камене
3002,<wb>неві
3003,<wb>шоу
3004,<wb>водъ
3005,<wb>возъ
3006,<wb>нѣсте
3007,скаѣ
3008,<wb>тѣлеса
3009,<wb>блаженааго
3010,<wb>снве
3011,телю
3012,<wb>покланѣ
3013,<wb>дроугъіі
3014,<wb>прічѧ
3015,ціхъ
3016,<wb>пога
3017,<wb>благодѣті
3018,нішѧ
3019,нью
3020,ета
3021,<wb>поѧтъ
3022,<wb>іштѧ
3023,немь
3024,кові
3025,<wb>еліса
3026,<wb>рав
3027,<wb>неправе
3028,чьскъі
3029,<wb>рабе
3030,<wb>мьнітъ
3031,<wb>оучааше
3032,<wb>хваліте
3033,<wb>своіма
3034,<wb>вса
3035,<wb>конець
3036,деть
3037,<wb>съвѣтъ
3038,<wb>напра
3039,<wb>въскорѣ
3040,<wb>творѣаше
3041,<wb>богать
3042,<wb>ранъі
3043,<wb>тѣла
3044,лъіні
3045,<wb>аурі
3046,<wb>глѫбі
3047,<wb>въдові
3048,<wb>стран
3049,<wb>моемь
3050,<wb>галілеѧ
3051,тръпѣ
3052,<wb>всѣмъ
3053,<wb>ѳеодо
3054,<wb>звѣз
3055,<wb>съка
3056,<wb>напо
3057,<wb>бъіваатъ
3058,<wb>вьзіде
3059,<wb>оуга
3060,ал
3061,<wb>волѭ
3062,<wb>дауі
3063,<wb>прьвое
3064,<wb>оуклоні
3065,леніе
3066,ваѭтъ
3067,<wb>льсті
3068,<wb>негоже
3069,<wb>даръі
3070,<wb>отъда
3071,<wb>чісто
3072,<wb>сест
3073,<wb>слоужь
3074,<wb>нею
3075,<wb>реченое
3076,<wb>доуховь
3077,зьрі
3078,мьѣ
3079,воз
3080,<wb>сказа
3081,нті
3082,<wb>прок
3083,<wb>всѣко
3084,еѭ
3085,наоумъ
3086,<wb>соло
3087,<wb>голѫ
3088,дете
3089,штаахѫ
3090,тіті
3091,<wb>ас
3092,<wb>людье
3093,ріѭ
3094,скаго
3095,<wb>браті
3096,скоумоу
3097,<wb>словѣ
3098,ваетъ
3099,ѣаше
3100,<wb>слъзамі
3101,<wb>цѣсароу
3102,<wb>отцоу
3103,<wb>глаголѫштоу
3104,стааго
3105,<wb>бѣсі
3106,<wb>нѣсі
3107,<wb>морѣ
3108,<wb>грѧді
3109,<wb>гнѣвъ
3110,<wb>заоу
3111,<wb>отъстѫпі
3112,<wb>чісті
3113,<wb>законоу
3114,<wb>іх
3115,<wb>прііме
3116,<wb>прішъ
3117,<wb>ізіді
3118,<wb>ліцемъ
3119,<wb>ауріліѣ
3120,<wb>затворе
3121,<wb>отърі
3122,<wb>дѣломъ
3123,<wb>гора
3124,<wb>жено
3125,<wb>вѣтръ
3126,ствь
3127,жаті
3128,<wb>пръвъі
3129,<wb>дні
3130,<wb>оутвръді
3131,<wb>съмѫ
3132,воуоумоу
3133,<wb>дъвою
3134,<wb>ѣстъ
3135,<wb>шедъше
3136,<wb>повелі
3137,<wb>ізлі
3138,<wb>хръ
3139,<wb>боіте
3140,<wb>тлъ
3141,<wb>обрѣто
3142,<wb>послѣдьніі
3143,<wb>льсть
3144,<wb>глаголѫште
3145,<wb>кості
3146,ваѣ
3147,<wb>поусто
3148,<wb>ізволі
3149,<wb>жітіѣ
3150,въшіі
3151,ноуѧ
3152,нѣхъ
3153,кіі
3154,сѣхъ
3155,въно
3156,<wb>кла
3157,<wb>напса
3158,шаахѫ
3159,аста
3160,<wb>наша
3161,уп
3162,<wb>кротъ
3163,<wb>хсо
3164,<wb>жрь
3165,<wb>сътворіхъ
3166,<wb>молѭ
3167,таахѫ
3168,<wb>мосе
3169,сішѧ
3170,тетъ
3171,<wb>съпасеніе
3172,<wb>едномоу
3173,<wb>дръжава
3174,<wb>пле
3175,<wb>ізведе
3176,<wb>дѣле
3177,<wb>істінъі
3178,<wb>грѣха
3179,<wb>страхомъ
3180,<wb>доідеже
3181,<wb>імѣѧ
3182,<wb>бъів
3183,<wb>разбоініка
3184,<wb>пож
3185,<wb>оуміра
3186,сломъ
3187,<wb>мошті
3188,<wb>гробоу
3189,ар
3190,жіті
3191,<wb>ѧзъікомъ
3192,<wb>сътворісте
3193,<wb>іероуса
3194,<wb>імѣніе
3195,<wb>отъкръі
3196,<wb>мті
3197,<wb>отрокові
3198,<wb>цркве
3199,<wb>проповѣдаѧ
3200,<wb>дѣлъ
3201,<wb>ісцѣлі
3202,<wb>въсто
3203,<wb>ѫро
3204,шьдь
3205,лѧште
3206,<wb>пострада
3207,гѫѭ
3208,доваті
3209,пла
3210,<wb>ізбавітъ
3211,<wb>троі
3212,<wb>мъіслі
3213,<wb>сѫдіі
3214,<wb>часа
3215,<wb>оуп
3216,<wb>съмѣре
3217,<wb>гео
3218,сошѧ
3219,<wb>крьсті
3220,<wb>съподобі
3221,<wb>ева
3222,<wb>каменіе
3223,лѣетъ
3224,<wb>съзі
3225,<wb>ліцемѣ
3226,<wb>егуп
3227,<wb>морю
3228,<wb>съвѧ
3229,шеі
3230,<wb>кі
3231,<wb>веліча
3232,<wb>помѧнѫ
3233,<wb>оувѣшта
3234,<wb>іако
3235,ствоуѭштоу
3236,<wb>възненаві
3237,<wb>крьвь
3238,<wb>іштетъ
3239,<wb>дьньсь
3240,<wb>сѣде
3241,<wb>братіѣ
3242,<wb>завѣ
3243,<wb>віждь
3244,<wb>прѣбъіваетъ
3245,дохъ
3246,<wb>сіль
3247,<wb>ізлѣзъ
3248,<wb>прѣлюбъі
3249,<wb>радоуіте
3250,паті
3251,<wb>камені
3252,<wb>чловѣколюбь
3253,<wb>оубоѣшѧ
3254,<wb>оного
3255,<wb>проі
3256,<wb>вьздві
3257,<wb>гні
3258,<wb>магдалъіні
3259,<wb>всего
3260,тѫтъ
3261,<wb>мльча
3262,<wb>мосѣ
3263,<wb>страсть
3264,стоі
3265,<wb>молітвѣ
3266,<wb>доушѧ
3267,<wb>снъі
3268,<wb>законо
3269,<wb>благословьенъ
3270,<wb>прѣданъ
3271,<wb>нікогоже
3272,<wb>іге
3273,<wb>сімоне
3274,<wb>велікомъ
3275,кто
3276,<wb>разоумѣете
3277,<wb>земьѧ
3278,твъі
3279,<wb>дроугаѣ
3280,алка
3281,дрі
3282,вьеніе
3283,<wb>ідеші
3284,<wb>кръстіѣ
3285,<wb>волѣ
3286,<wb>таінѣ
3287,<wb>отецъ
3288,<wb>матере
3289,жімъ
3290,<wb>пріімі
3291,<wb>вънѫтрь
3292,<wb>сѫботъ
3293,<wb>віноградъ
3294,деші
3295,<wb>коего
3296,<wb>съврь
3297,<wb>съмръть
3298,ховѣ
3299,<wb>обѧ
3300,<wb>езе
3301,<wb>четвръ
3302,нѧѧ
3303,<wb>брат
3304,<wb>слънь
3305,міі
3306,тѣхъ
3307,<wb>съповѣда
3308,рѫтъ
3309,блѫ
3310,<wb>домо
3311,<wb>жесто
3312,<wb>неправъ
3313,вленіе
3314,<wb>ок
3315,штенье
3316,<wb>пом
3317,<wb>ізь
3318,<wb>іоанна
3319,<wb>посьла
3320,гіі
3321,<wb>объічаі
3322,<wb>епіскоупъ
3323,<wb>владъіко
3324,<wb>оумрѣті
3325,<wb>десніца
3326,<wb>мрѣжѧ
3327,<wb>область
3328,<wb>подобааше
3329,<wb>нѣсмь
3330,<wb>чѧдъ
3331,<wb>ѧсѧ
3332,<wb>любьве
3333,<wb>сімоноу
3334,<wb>бьдіте
3335,<wb>жрътвѫ
3336,<wb>тріі
3337,<wb>въсѧ
3338,<wb>свѧто
3339,<wb>възлюбле
3340,<wb>въіше
3341,жденъ
3342,<wb>отъселѣ
3343,<wb>сръдъ
3344,<wb>дѣвіца
3345,<wb>оубіѭтъ
3346,<wb>отьче
3347,<wb>хождааше
3348,кнѫ
3349,<wb>ште
3350,<wb>отътѫдоу
3351,<wb>безаконь
3352,<wb>дьнехъ
3353,<wb>ако
3354,<wb>трьмі
3355,<wb>вьзлюбье
3356,гна
3357,<wb>зеведе
3358,<wb>рабомъ
3359,<wb>недостоі
3360,<wb>порѫга
3361,<wb>дамъ
3362,<wb>сѫдіте
3363,<wb>дѣвіці
3364,<wb>ска
3365,<wb>съпѧ
3366,<wb>црствіе
3367,<wb>слъішашѧ
3368,<wb>іскааше
3369,проті
3370,<wb>сѫпроті
3371,<wb>днь
3372,<wb>сьмѣре
3373,<wb>въпросішѧ
3374,<wb>оустра
3375,<wb>болеі
3376,<wb>наю
3377,<wb>прозѧ
3378,<wb>свѣть
3379,<wb>плѣве
3380,<wb>наречетъ
3381,<wb>ім
3382,<wb>градъі
3383,<wb>глѭштоу
3384,<wb>ідѣмъ
3385,<wb>дроуго
3386,бъіза
3387,трьпѣ
3388,<wb>огнемъ
3389,<wb>жръ
3390,<wb>оученіі
3391,<wb>оуподо
3392,млѣте
3393,<wb>пророці
3394,<wb>жіть
3395,чете
3396,<wb>ісоуса
3397,<wb>съкровішта
3398,<wb>расп
3399,<wb>темніцѫ
3400,тѧі
3401,<wb>авѣ
3402,<wb>нбсхъ
3403,<wb>кѫѭ
3404,<wb>ѣдъі
3405,<wb>різѫ
3406,<wb>оукрѣ
3407,<wb>цръкві
3408,<wb>съблаз
3409,<wb>съде
3410,<wb>повелѣшѧ
3411,<wb>отъсѣ
3412,<wb>ісповѣмь
3413,<wb>въсхва
3414,<wb>прѣложі
3415,<wb>господоу
3416,вѣі
3417,<wb>доуше
3418,<wb>въсхъі
3419,<wb>разлічь
3420,<wb>основа
3421,<wb>прозьрѣ
3422,мен
3423,скѫѭ
3424,<wb>оставітъ
3425,<wb>ѣдъ
3426,<wb>пропь
3427,<wb>ходіті
3428,<wb>власві
3429,зіра
3430,дѣмъ
3431,кла
3432,<wb>сьпа
3433,рда
3434,<wb>дръжѧ
3435,<wb>съмѣрі
3436,<wb>непріѣзні
3437,<wb>адѣ
3438,<wb>оупь
3439,<wb>сьнѣ
3440,дре
3441,<wb>корабі
3442,<wb>бъість
3443,<wb>дрѣвѣ
3444,<wb>воінъ
3445,<wb>прістѫпьше
3446,<wb>ісплънь
3447,<wb>възно
3448,<wb>мілостъ
3449,<wb>отьці
3450,<wb>авраамъ
3451,<wb>оусѣ
3452,<wb>глас
3453,<wb>доса
3454,<wb>лѣтоу
3455,<wb>объічаю
3456,<wb>імѫшті
3457,<wb>стрѣгѫ
3458,<wb>обло
3459,шоуоумоу
3460,<wb>оустъі
3461,<wb>знаѭ
3462,<wb>імѫште
3463,<wb>събѫдѫтъ
3464,<wb>сълоу
3465,<wb>вьзѧті
3466,<wb>плі
3467,<wb>десѧть
3468,<wb>моемъ
3469,<wb>двѣ
3470,<wb>ісплънішѧ
3471,<wb>вашемоу
3472,дрості
3473,<wb>іменемъ
3474,<wb>оустроі
3475,<wb>црю
3476,ньскъі
3477,<wb>пророчь
3478,<wb>въздръжа
3479,<wb>дьвѣма
3480,тѣі
3481,<wb>ізно
3482,<wb>сотона
3483,<wb>рать
3484,<wb>съвѣшта
3485,<wb>храмъ
3486,<wb>хро
3487,<wb>рьцѣте
3488,<wb>съпаса
3489,<wb>ѧтъ
3490,<wb>оумьрѣтъ
3491,<wb>оумръ
3492,<wb>веліѣ
3493,бомъ
3494,<wb>погоубіті
3495,<wb>попе
3496,<wb>тръпѣ
3497,<wb>обрѧштете
3498,<wb>оузьріші
3499,<wb>правъдъі
3500,<wb>посра
3501,<wb>светъі
3502,<wb>просто
3503,<wb>възъва
3504,рѣхъ
3505,<wb>оубоі
3506,<wb>правьдѫ
3507,<wb>глаголѫшта
3508,<wb>вѣчьнъі
3509,<wb>творѧі
3510,<wb>насла
3511,штенъ
3512,<wb>упо
3513,твѣ
3514,скаа
3515,<wb>іхь
3516,штеніі
3517,<wb>ішті
3518,пада
3519,дьнѣ
3520,<wb>бѣдъі
3521,дъіха
3522,ніцѣ
3523,штімъ
3524,ціі
3525,<wb>назарѣ
3526,<wb>плачь
3527,<wb>спс
3528,<wb>простра
3529,<wb>іскѫ
3530,<wb>овъцѧ
3531,лѣхъ
3532,еі
3533,кома
3534,<wb>позо
3535,<wb>въмѣ
3536,<wb>срѣ
3537,рова
3538,<wb>дшеѭ
3539,<wb>сьѭ
3540,<wb>бжіѧ
3541,<wb>соботѫ
3542,<wb>еппъ
3543,<wb>отвръзе
3544,<wb>мънога
3545,<wb>сѫштіімъ
3546,<wb>відѣсте
3547,<wb>потомь
3548,<wb>грѣшьнікъ
3549,жаі
3550,<wb>къждо
3551,<wb>етері
3552,<wb>доуха
3553,<wb>прѣдаті
3554,мъіш
3555,<wb>постъідѧтъ
3556,<wb>патріар
3557,бѧтъ
3558,<wb>бѣсомъ
3559,<wb>глаголеть
3560,<wb>мала
3561,<wb>безоумь
3562,<wb>родь
3563,<wb>сръдьце
3564,<wb>муро
3565,<wb>людехъ
3566,<wb>жѧждѫ
3567,<wb>веліемь
3568,<wb>крьстіѣнъ
3569,<wb>імѣахѫ
3570,гахъ
3571,<wb>інѣмъ
3572,<wb>іспро
3573,<wb>връхоу
3574,<wb>възложішѧ
3575,<wb>владъіцѣ
3576,<wb>годінѫ
3577,<wb>спѣ
3578,<wb>неоу
3579,<wb>васілі
3580,<wb>начіна
3581,<wb>събьра
3582,<wb>прівлѣ
3583,<wb>дамь
3584,<wb>брашь
3585,аніе
3586,<wb>коліжъдо
3587,<wb>шесть
3588,<wb>стоѣше
3589,<wb>іона
3590,<wb>непові
3591,<wb>хотѧі
3592,<wb>пркъ
3593,<wb>члкоу
3594,<wb>члвка
3595,<wb>плъті
3596,<wb>ѣс
3597,<wb>смоковь
3598,<wb>могѫтъ
3599,<wb>сѣдѧшта
3600,<wb>дръза
3601,<wb>ѫжі
3602,<wb>оубогъі
3603,ложь
3604,ваеші
3605,тьнікъ
3606,<wb>начѧсѧ
3607,<wb>лъжі
3608,<wb>въздастъ
3609,<wb>съблаж
3610,сіте
3611,<wb>оукроу
3612,<wb>сътворіші
3613,прі
3614,<wb>ново
3615,<wb>мъіс
3616,<wb>сътворе
3617,<wb>съмотрі
3618,<wb>снѣ
3619,тоѭ
3620,<wb>подвіза
3621,<wb>пастоу
3622,въна
3623,<wb>раздроу
3624,<wb>прібліжа
3625,нъімі
3626,рое
3627,<wb>паулъ
3628,ѭштіхъ
3629,<wb>іночѧ
3630,<wb>сестра
3631,<wb>сне
3632,<wb>распѫ
3633,<wb>длъжь
3634,<wb>едноѭ
3635,<wb>ге
3636,<wb>срдці
3637,ѣса
3638,<wb>ръібъ
3639,влъ
3640,штаті
3641,<wb>треті
3642,<wb>елісаве
3643,<wb>іюдеіска
3644,заа
3645,<wb>кромѣ
3646,<wb>дѫ
3647,<wb>ер
3648,шаетъ
3649,<wb>твоею
3650,<wb>члвчскъі
3651,<wb>імѣте
3652,<wb>молѫ
3653,шді
3654,<wb>многоу
3655,<wb>сѫботъі
3656,<wb>оучіті
3657,<wb>твоемъ
3658,<wb>отче
3659,<wb>волеѭ
3660,<wb>етеріі
3661,<wb>крьстіѣні
3662,<wb>огню
3663,<wb>хсоу
3664,<wb>аглъ
3665,къіі
3666,<wb>вінограда
3667,<wb>заоутра
3668,<wb>бѣса
3669,<wb>ізвѣшта
3670,<wb>прінесѣте
3671,<wb>варахі
3672,ръва
3673,<wb>снове
3674,<wb>стлъ
3675,<wb>оударі
3676,<wb>ноштъ
3677,<wb>мірь
3678,<wb>въіі
3679,<wb>отъца
3680,<wb>цѣсарьство
3681,<wb>ань
3682,<wb>іѣковлѣ
3683,<wb>отрокъ
3684,<wb>хвала
3685,<wb>клю
3686,<wb>пастъірь
3687,<wb>псано
3688,<wb>грѣхомъ
3689,<wb>отъсѫдоу
3690,<wb>каперъ
3691,влѭ
3692,<wb>чѧсть
3693,<wb>оумрѣтъ
3694,<wb>коеѭ
3695,<wb>ставъ
3696,<wb>архіереомъ
3697,<wb>немъже
3698,<wb>недѫгъ
3699,<wb>невіді
3700,<wb>срьд
3701,<wb>жрѣбѧ
3702,<wb>глѭшті
3703,<wb>кораблѣ
3704,<wb>оукроухъ
3705,<wb>брашъ
3706,<wb>діѣпса
3707,<wb>прѣд
3708,<wb>отъмѣта
3709,<wb>ізбъітъ
3710,<wb>крѣпъ
3711,<wb>троужда
3712,<wb>тьмѣ
3713,біі
3714,лвъ
3715,<wb>бѣга
3716,штаѭ
3717,<wb>младені
3718,<wb>кънѧзі
3719,<wb>аро
3720,<wb>пѫте
3721,<wb>тъмѫ
3722,<wb>къніжъніці
3723,<wb>положе
3724,<wb>небесехъ
3725,<wb>ілмъ
3726,<wb>тѣломъ
3727,ровъ
3728,<wb>нбсі
3729,<wb>мілостъі
3730,<wb>съвръше
3731,слмъ
3732,<wb>ідѫшта
3733,<wb>стъіѧ
3734,<wb>іждеже
3735,лехъ
3736,<wb>мѫченіка
3737,<wb>пріходітъ
3738,<wb>помошті
3739,<wb>прізъі
3740,<wb>оумрь
3741,<wb>оуко
3742,мра
3743,<wb>вьзѧшѧ
3744,<wb>нѣсть
3745,<wb>прочіі
3746,<wb>жівѣ
3747,<wb>гвоз
3748,<wb>застѫпь
3749,<wb>вьзвесе
3750,<wb>рѣчь
3751,лічі
3752,<wb>прокаже
3753,<wb>окръстъ
3754,шее
3755,каса
3756,<wb>прікаса
3757,<wb>облада
3758,леньѣ
3759,нете
3760,<wb>дьва
3761,ѣте
3762,штаеші
3763,<wb>прѣлюбо
3764,<wb>еф
3765,<wb>пада
3766,<wb>съхрані
3767,<wb>прістѫпль
3768,<wb>въскръсе
3769,твѫ
3770,кьмо
3771,<wb>кьніжь
3772,<wb>курі
3773,<wb>пъса
3774,<wb>разлѫ
3775,<wb>въпа
3776,<wb>оубіе
3777,скомъ
3778,наі
3779,<wb>дъі
3780,дѣла
3781,шоумоу
3782,<wb>недѫжь
3783,<wb>слѣпь
3784,нѣа
3785,штѫѭ
3786,штені
3787,<wb>імьже
3788,<wb>посълавъ
3789,<wb>вараа
3790,<wb>бві
3791,<wb>антонінъ
3792,<wb>сѫдішті
3793,<wb>конецъ
3794,<wb>кѫдоу
3795,<wb>црькъве
3796,<wb>сътворѫ
3797,<wb>глаголѫтъ
3798,<wb>мѫкъ
3799,<wb>црсь
3800,<wb>прѣстолъ
3801,<wb>бъіло
3802,<wb>кьнігъі
3803,<wb>ѣдѧтъ
3804,<wb>правовѣ
3805,<wb>съпасъ
3806,вѣе
3807,<wb>лазарь
3808,<wb>вьсеѭ
3809,ріші
3810,<wb>хрістоса
3811,<wb>імать
3812,рьва
3813,<wb>грь
3814,<wb>глаголюште
3815,<wb>старо
3816,<wb>равві
3817,<wb>помоштъ
3818,<wb>оутрь
3819,<wb>гѫ
3820,<wb>небрѣ
3821,<wb>дъвѣ
3822,<wb>съмъіс
3823,<wb>страждѫ
3824,<wb>дроугое
3825,<wb>власъі
3826,<wb>немже
3827,<wb>погребе
3828,<wb>вьсегда
3829,<wb>нагъ
3830,<wb>съребро
3831,<wb>кръстъ
3832,<wb>оубога
3833,<wb>кровѣ
3834,<wb>западъ
3835,жіте
3836,<wb>аггель
3837,ваніе
3838,<wb>кесаре
3839,ждаетъ
3840,вьѭ
3841,<wb>сѣмене
3842,<wb>дрѣва
3843,<wb>очію
3844,ѭштаго
3845,<wb>прізо
3846,<wb>юності
3847,<wb>вьмѣ
3848,<wb>чрѣва
3849,<wb>ідошѧ
3850,<wb>свободь
3851,телъ
3852,<wb>помозі
3853,<wb>тать
3854,<wb>оубіі
3855,оуе
3856,<wb>посълашѧ
3857,<wb>дашѧ
3858,ваатъ
3859,<wb>богъі
3860,лѣѧ
3861,<wb>дші
3862,<wb>подобъ
3863,<wb>творѧште
3864,кве
3865,<wb>моімь
3866,<wb>доброе
3867,<wb>пророка
3868,<wb>слъішѧтъ
3869,нѣсѧ
3870,<wb>отврѣ
3871,<wb>събъі
3872,<wb>новъі
3873,<wb>мъітарі
3874,<wb>отъбѣ
3875,<wb>іспоу
3876,<wb>зѫбомъ
3877,<wb>людеі
3878,<wb>вьнідетъ
3879,<wb>разоумѣті
3880,<wb>еѭ
3881,<wb>отъне
3882,ноую
3883,<wb>вашімъ
3884,жішѧ
3885,<wb>бъівъшее
3886,<wb>свѣтъло
3887,копа
3888,<wb>доухъ
3889,<wb>срьдьца
3890,<wb>очісті
3891,<wb>оужасъ
3892,<wb>покааніе
3893,гъше
3894,пло
3895,<wb>храні
3896,<wb>посѣті
3897,штаѧ
3898,<wb>коста
3899,зѣте
3900,<wb>потомъ
3901,<wb>вьзвѣ
3902,<wb>вѣроуѭ
3903,заахѫ
3904,<wb>ідѣахѫ
3905,<wb>жідовь
3906,доста
3907,<wb>црі
3908,ленье
3909,<wb>прѣхо
3910,<wb>владъічь
3911,<wb>тьмь
3912,<wb>сътъ
3913,лѧі
3914,<wb>брь
3915,<wb>вьзнесе
3916,<wb>въшьдъ
3917,<wb>сапо
3918,венъ
3919,гнѫті
3920,нѣаше
3921,<wb>възбра
3922,<wb>едінъі
3923,<wb>мьз
3924,<wb>піштѫ
3925,<wb>мінѫ
3926,<wb>оумлъ
3927,<wb>побі
3928,скъііхъ
3929,номь
3930,<wb>прінесті
3931,<wb>кьнѧ
3932,<wb>сідо
3933,міѣ
3934,<wb>прѣсла
3935,<wb>ква
3936,<wb>мл
3937,<wb>вьслѣ
3938,<wb>хранѧ
3939,<wb>жітіі
3940,<wb>бръ
3941,<wb>роз
3942,<wb>ізбьра
3943,<wb>отъвѣштавъше
3944,<wb>овцѧ
3945,<wb>чловѣкъі
3946,<wb>погъібнетъ
3947,<wb>бімь
3948,бѣе
3949,<wb>савінъ
3950,<wb>вѣкоу
3951,<wb>вьзьрѣвъ
3952,<wb>свѧтъііхъ
3953,<wb>глаголаахѫ
3954,<wb>съвѣдѣніѣ
3955,<wb>небонъ
3956,<wb>таче
3957,<wb>ісе
3958,<wb>бішѧ
3959,<wb>сьвѣтъ
3960,<wb>родіті
3961,<wb>любѧі
3962,левъ
3963,<wb>кѫпѣ
3964,<wb>чоудесъ
3965,<wb>мѫченіе
3966,<wb>которъі
3967,<wb>лазаръ
3968,<wb>блстві
3969,<wb>положѫ
3970,<wb>бъівъшааго
3971,штенію
3972,<wb>странѣ
3973,<wb>облобъіза
3974,<wb>тече
3975,<wb>тварі
3976,<wb>подобьно
3977,<wb>ізіті
3978,<wb>дра
3979,стѫпа
3980,<wb>імете
3981,<wb>вьспѧть
3982,стѣхъ
3983,<wb>велітъ
3984,<wb>оученіе
3985,<wb>адъ
3986,<wb>немошть
3987,<wb>възможь
3988,дахъ
3989,<wb>вѣдіте
3990,<wb>вѣръ
3991,<wb>ходітъ
3992,<wb>обрѣза
3993,<wb>арі
3994,<wb>соугоу
3995,<wb>образо
3996,<wb>обль
3997,<wb>бракъ
3998,<wb>наде
3999,<wb>правъда
4000,<wb>братрі
4001,<wb>правьді
4002,<wb>ісконі
4003,<wb>ніштіі
4004,<wb>послоушаіте
4005,<wb>старці
4006,<wb>полоучі
4007,<wb>прѣпоѣса
4008,нее
4009,<wb>бжіѭ
4010,<wb>мѧте
4011,дрь
4012,<wb>ліше
4013,<wb>ісповѣстъ
4014,<wb>отъме
4015,<wb>емле
4016,<wb>жѧтва
4017,<wb>съмѧте
4018,<wb>възвѣстішѧ
4019,<wb>сърѣте
4020,<wb>хрь
4021,<wb>събѫдетъ
4022,<wb>завѣтъ
4023,<wb>покорі
4024,въіімъ
4025,<wb>зъда
4026,<wb>небсе
4027,<wb>едіномь
4028,<wb>оунічь
4029,<wb>тьлѣ
4030,<wb>молѧште
4031,<wb>клѣ
4032,<wb>блѧ
4033,<wb>прѣклоні
4034,<wb>оуслъішітъ
4035,<wb>анге
4036,<wb>бозі
4037,<wb>прѣді
4038,<wb>возъвахъ
4039,<wb>тварь
4040,дѣта
4041,<wb>просімъ
4042,<wb>іюдеомъ
4043,<wb>скврь
4044,<wb>сімі
4045,<wb>въсего
4046,<wb>веліцѣ
4047,<wb>бмъ
4048,<wb>прівѣсѧ
4049,<wb>давъі
4050,<wb>можеть
4051,<wb>зашті
4052,<wb>творь
4053,<wb>ражде
4054,<wb>ліхо
4055,<wb>ізідъ
4056,лѣсті
4057,штеньѣ
4058,чена
4059,<wb>кръсті
4060,<wb>свѣт
4061,гліе
4062,<wb>ші
4063,ъіла
4064,<wb>земъ
4065,<wb>коупі
4066,<wb>расто
4067,тьлѣ
4068,<wb>цѣліті
4069,<wb>скѫ
4070,<wb>оутаі
4071,<wb>зьва
4072,<wb>подастъ
4073,<wb>сьребро
4074,аніѣ
4075,<wb>неразоу
4076,чіі
4077,<wb>посла
4078,нома
4079,<wb>орѫжь
4080,<wb>пше
4081,<wb>погъібъ
4082,блѭ
4083,<wb>сьньмі
4084,<wb>поѧ
4085,<wb>съвѣдѣте
4086,<wb>сьвѣдѣтельствоу
4087,<wb>женіхъ
4088,<wb>гнѣвомъ
4089,<wb>воіномъ
4090,<wb>доселѣ
4091,<wb>отъпоуштѫ
4092,<wb>молішѧ
4093,<wb>вльсві
4094,<wb>нѣкто
4095,<wb>ѳома
4096,<wb>всѣмі
4097,<wb>сѫштемъ
4098,<wb>ніе
4099,<wb>достоіно
4100,<wb>чловѣкоу
4101,<wb>дожі
4102,стьлѣ
4103,<wb>намь
4104,ву
4105,<wb>небесі
4106,<wb>четъірі
4107,<wb>бжьѣ
4108,<wb>вѣроѭ
4109,<wb>пожьрі
4110,<wb>бъіхомъ
4111,<wb>сръдьца
4112,<wb>двою
4113,<wb>напоі
4114,<wb>оусть
4115,<wb>грѣшьніці
4116,<wb>обітѣ
4117,<wb>велікъіі
4118,<wb>кьде
4119,<wb>артемонъ
4120,<wb>вѣроуеші
4121,<wb>насъітішѧ
4122,кошѧ
4123,<wb>поімъ
4124,<wb>оскврь
4125,<wb>крѣпость
4126,<wb>вънідѫ
4127,<wb>імѣніѣ
4128,<wb>обідѫ
4129,<wb>члкъі
4130,тааго
4131,<wb>оудобѣе
4132,<wb>бѣсо
4133,<wb>дадовъ
4134,<wb>наса
4135,<wb>блѫд
4136,<wb>ідѫтъ
4137,<wb>црсіе
4138,<wb>моею
4139,<wb>відѣніе
4140,<wb>оувѣдѣвъ
4141,шаѧ
4142,<wb>осѫжденъ
4143,<wb>велеі
4144,<wb>отъвѣтъ
4145,<wb>коліжьдо
4146,<wb>блаженоуоумоу
4147,<wb>оса
4148,<wb>нічьтоже
4149,<wb>арха
4150,<wb>тькмо
4151,<wb>дьнье
4152,<wb>жені
4153,<wb>свѧтаѣ
4154,<wb>проповѣдаті
4155,<wb>ісхождааше
4156,<wb>глаголашѧ
4157,<wb>ізліха
4158,<wb>павь
4159,<wb>наказа
4160,<wb>домъі
4161,крьсе
4162,<wb>чкомъ
4163,<wb>достоѣніе
4164,ноі
4165,<wb>гръдъі
4166,<wb>прѣмо
4167,ломь
4168,<wb>прѣльсті
4169,<wb>божіе
4170,<wb>люблѣаше
4171,<wb>въстанетъ
4172,<wb>познашѧ
4173,къіѧ
4174,<wb>облакъ
4175,<wb>вѣчьнъіі
4176,<wb>пострадаті
4177,<wb>вьлѣзе
4178,<wb>ісаіѣ
4179,<wb>непоро
4180,<wb>огнемь
4181,оутъ
4182,<wb>бъіваетъ
4183,<wb>бъівъші
4184,<wb>оузьрѧтъ
4185,<wb>імѫштоумоу
4186,<wb>архіепіскоу
4187,<wb>тѣлесе
4188,<wb>чрѣвѣ
4189,<wb>оправь
4190,<wb>омо
4191,<wb>стіі
4192,<wb>істочь
4193,<wb>опа
4194,<wb>помъішленіѣ
4195,ламі
4196,шема
4197,<wb>послоушаѭтъ
4198,<wb>сътрьпѣ
4199,<wb>недѫгъі
4200,<wb>пріноу
4201,<wb>образоу
4202,<wb>речено
4203,<wb>златооу
4204,<wb>глѧі
4205,<wb>нѭже
4206,<wb>въіѭ
4207,<wb>прішелъ
4208,<wb>піше
4209,<wb>мъздѫ
4210,<wb>ютро
4211,<wb>дроугѫѭ
4212,<wb>лані
4213,<wb>клъ
4214,мѣі
4215,<wb>прав
4216,<wb>чрь
4217,<wb>старьці
4218,<wb>просвѣті
4219,<wb>молітвамі
4220,<wb>помь
4221,<wb>конъ
4222,<wb>въздавъ
4223,тенъ
4224,жеші
4225,<wb>отъпоуштаѭтъ
4226,<wb>огнѣ
4227,дъше
4228,<wb>бъівааше
4229,цамъ
4230,<wb>покаѣ
4231,ваго
4232,<wb>раздрѣші
4233,<wb>прѣмѣ
4234,<wb>наставі
4235,ріілъ
4236,<wb>словесехъ
4237,<wb>іорда
4238,ніна
4239,<wb>наріцаетъ
4240,<wb>іѣковъ
4241,нскъі
4242,<wb>прігла
4243,<wb>творе
4244,<wb>пріклю
4245,<wb>равь
4246,<wb>обліча
4247,<wb>възглаго
4248,<wb>вьзлежѧ
4249,<wb>ножь
4250,<wb>вельбѫ
4251,нось
4252,<wb>ол
4253,еѧ
4254,<wb>поем
4255,въшііхъ
4256,ске
4257,<wb>параске
4258,<wb>пріпаде
4259,гьна
4260,бла
4261,<wb>растръ
4262,<wb>отъі
4263,<wb>съньмі
4264,<wb>мръ
4265,<wb>въла
4266,<wb>оупьва
4267,<wb>отъвѣ
4268,<wb>ось
4269,штаетъ
4270,<wb>двъ
4271,<wb>несъ
4272,<wb>іметъ
4273,<wb>бѣжашѧ
4274,<wb>адама
4275,<wb>ісповѣдѧтъ
4276,<wb>жівѣаше
4277,<wb>соуть
4278,<wb>комісъ
4279,<wb>свѧтъіімъ
4280,<wb>велікѫ
4281,<wb>дѣлъі
4282,<wb>оуспѣхъ
4283,<wb>вѣроуете
4284,<wb>една
4285,<wb>рѣкѫ
4286,<wb>сьрѣте
4287,<wb>годъ
4288,<wb>отътѫдѣ
4289,<wb>дѣѣ
4290,<wb>въздрадоуѭтъ
4291,<wb>жівотѣ
4292,<wb>поіте
4293,<wb>възьмъ
4294,<wb>оусь
4295,<wb>въспоѭ
4296,ваѭште
4297,<wb>ненавідітъ
4298,<wb>нікодімъ
4299,<wb>боѣ
4300,<wb>птіцѧ
4301,<wb>отьцоу
4302,<wb>обрѣтаѭ
4303,<wb>съже
4304,нѣѣмь
4305,<wb>емлете
4306,<wb>благодать
4307,<wb>сѫждѫ
4308,<wb>сковра
4309,<wb>ѧзъіцѣхъ
4310,<wb>олѣ
4311,<wb>іжденѫтъ
4312,<wb>обіноуѧ
4313,мъіѧ
4314,<wb>многъііхъ
4315,<wb>мне
4316,<wb>пріімѫтъ
4317,<wb>дворъ
4318,<wb>дроугоумоу
4319,<wb>възвратітъ
4320,<wb>нечістъ
4321,<wb>сътѫжа
4322,<wb>къіі
4323,<wb>інѫ
4324,<wb>отъва
4325,<wb>слоужѧ
4326,<wb>сава
4327,<wb>пѣсні
4328,<wb>оумьрѣті
4329,<wb>даѣше
4330,<wb>странъ
4331,<wb>многашді
4332,<wb>ісво
4333,<wb>скръбі
4334,<wb>облічі
4335,<wb>брані
4336,німъ
4337,<wb>емь
4338,<wb>доуша
4339,<wb>законопрѣ
4340,<wb>заповѣдѣ
4341,<wb>ігемо
4342,доуже
4343,<wb>вечеръ
4344,<wb>прѣдѣлъі
4345,<wb>рѫко
4346,<wb>слоухъ
4347,<wb>пешть
4348,<wb>посълетъ
4349,<wb>прѣіспо
4350,пьно
4351,сні
4352,<wb>въздоу
4353,ліште
4354,<wb>оуслъішѧтъ
4355,<wb>братрь
4356,<wb>напрасно
4357,<wb>упокрі
4358,<wb>покоі
4359,<wb>ослоу
4360,<wb>ліцемь
4361,<wb>крста
4362,<wb>оученікоу
4363,<wb>въстанѫтъ
4364,<wb>градоу
4365,<wb>імена
4366,штема
4367,<wb>різѣ
4368,<wb>оустръ
4369,<wb>ісцѣлѣ
4370,<wb>братіѭ
4371,<wb>чкъі
4372,цѣмъ
4373,<wb>златооустааго
4374,<wb>сільнъ
4375,<wb>съблюда
4376,<wb>сіѣ
4377,<wb>глі
4378,<wb>пробо
4379,сіѣ
4380,<wb>властіѭ
4381,<wb>земле
4382,<wb>ісправі
4383,лівъ
4384,<wb>сестръі
4385,<wb>носі
4386,<wb>мѫдрость
4387,<wb>свѣтѣ
4388,<wb>рачі
4389,<wb>агнь
4390,дръжі
4391,<wb>ідете
4392,вешта
4393,<wb>славі
4394,<wb>тъмѣ
4395,<wb>дѣлатель
4396,<wb>костанті
4397,стѧза
4398,лмѣ
4399,<wb>прѣіде
4400,<wb>тѣмі
4401,<wb>наплъ
4402,<wb>родоу
4403,<wb>етера
4404,<wb>сімь
4405,ложеніѣ
4406,<wb>ніхь
4407,зааше
4408,<wb>апостолъ
4409,<wb>відѣвъші
4410,подобь
4411,<wb>власті
4412,скъіхъ
4413,шѫѭ
4414,<wb>развра
4415,<wb>епі
4416,<wb>поміна
4417,<wb>штоу
4418,<wb>боже
4419,<wb>даѭ
4420,<wb>клеврѣ
4421,<wb>олта
4422,зда
4423,<wb>прето
4424,<wb>поспѣ
4425,<wb>гор
4426,<wb>въмѣта
4427,<wb>ізгьна
4428,тві
4429,<wb>дівь
4430,чеші
4431,<wb>сльзамі
4432,<wb>оудобь
4433,<wb>възвѣ
4434,<wb>цѣль
4435,<wb>вѣр
4436,рехъ
4437,<wb>оуме
4438,<wb>цсръ
4439,<wb>коуръ
4440,<wb>кьто
4441,<wb>прішъдъшоу
4442,<wb>вѣроуіте
4443,<wb>слъішахъ
4444,<wb>оупъвахъ
4445,<wb>херові
4446,<wb>мрьтвааго
4447,<wb>повѣждъ
4448,<wb>нашімъ
4449,<wb>отцемъ
4450,<wb>бъіваѭтъ
4451,<wb>бзѣ
4452,<wb>братріѣ
4453,<wb>въставі
4454,<wb>реб
4455,<wb>къгда
4456,<wb>въдастъ
4457,<wb>къніжьнікъ
4458,<wb>поустіті
4459,<wb>кръві
4460,<wb>бъівъшемъ
4461,<wb>оусьпе
4462,<wb>сраці
4463,<wb>прібѣжі
4464,зъло
4465,<wb>голѣ
4466,<wb>рѫгаахѫ
4467,<wb>непобѣ
4468,<wb>звѣрі
4469,<wb>відѣлъ
4470,<wb>вѣкомь
4471,<wb>богові
4472,<wb>больша
4473,<wb>сномъ
4474,<wb>сѣть
4475,<wb>свь
4476,<wb>срьдьце
4477,<wb>црсо
4478,<wb>възвратішѧ
4479,<wb>нішта
4480,нехъ
4481,<wb>оутрѣі
4482,<wb>цроу
4483,<wb>чоудесе
4484,<wb>дасть
4485,помъ
4486,<wb>чрѣво
4487,<wb>сташѧ
4488,<wb>стоѧшта
4489,<wb>отъра
4490,дѧште
4491,драі
4492,<wb>разоумѣѭ
4493,<wb>ере
4494,<wb>образь
4495,<wb>побѣді
4496,<wb>съвѣдѣтельствова
4497,<wb>сльньце
4498,<wb>възьмі
4499,<wb>дроужі
4500,<wb>свѧті
4501,<wb>істъ
4502,<wb>благослові
4503,ньемъ
4504,<wb>нбса
4505,<wb>сътрѧ
4506,<wb>въселе
4507,<wb>іюдѣ
4508,нѣѣмъ
4509,<wb>водо
4510,<wb>погъібнѫтъ
4511,<wb>въторіцеѭ
4512,<wb>пріскръ
4513,<wb>зеведеова
4514,<wb>разі
4515,<wb>болѣ
4516,<wb>възіска
4517,<wb>възалка
4518,снѫті
4519,<wb>дѣвъі
4520,<wb>пріѧшѧ
4521,<wb>ное
4522,женіе
4523,<wb>смокві
4524,<wb>црквъ
4525,<wb>тіхо
4526,<wb>сѫштіі
4527,<wb>наставь
4528,<wb>дхомъ
4529,<wb>асклі
4530,<wb>слоугамъ
4531,<wb>статі
4532,<wb>несъі
4533,<wb>врътъ
4534,<wb>ауріліѣнъ
4535,<wb>ѣрості
4536,<wb>снові
4537,<wb>ідѣта
4538,<wb>волѫ
4539,<wb>концъ
4540,<wb>възіде
4541,<wb>захаріѣ
4542,<wb>почь
4543,<wb>пріз
4544,<wb>погрѣ
4545,твоѭ
4546,<wb>діѣпсал
4547,<wb>іспръва
4548,<wb>посълѭ
4549,<wb>корене
4550,<wb>ръібъі
4551,<wb>пріѧсѧ
4552,<wb>оученікь
4553,<wb>цѣла
4554,<wb>страшь
4555,<wb>прѣмѫдрость
4556,<wb>глтъ
4557,<wb>поустъінѭ
4558,<wb>чловѣколюбі
4559,<wb>покажетъ
4560,<wb>нбское
4561,<wb>каперънаоумъ
4562,лемъ
4563,<wb>възбоу
4564,<wb>плѣвелъ
4565,<wb>храмінѫ
4566,<wb>помѣнѫ
4567,<wb>цсрствіѣ
4568,стомь
4569,чіѭ
4570,<wb>обрѧ
4571,<wb>прінесі
4572,<wb>кольмі
4573,<wb>съкровіште
4574,<wb>оудръжа
4575,<wb>вѣдѫште
4576,<wb>любъі
4577,<wb>славоѭ
4578,лоуіѣ
4579,<wb>прѣломі
4580,<wb>ізгонѧ
4581,<wb>скръбь
4582,<wb>строу
4583,<wb>слъішахомъ
4584,<wb>оц
4585,<wb>дьште
4586,<wb>вѣдѧтъ
4587,<wb>цвѣ
4588,<wb>жьнѧ
4589,<wb>грі
4590,<wb>іскрь
4591,<wb>іоаноу
4592,<wb>кана
4593,<wb>врь
4594,<wb>вълага
4595,зна
4596,маті
4597,<wb>сѫдітъ
4598,<wb>ото
4599,<wb>славъ
4600,<wb>крьсть
4601,<wb>прівѧза
4602,<wb>пісмена
4603,<wb>раздѣлі
4604,<wb>пріімѣте
4605,<wb>разоумь
4606,<wb>філіпъ
4607,<wb>ішедъше
4608,<wb>галілѣ
4609,ѭштоумоу
4610,насъ
4611,<wb>вас
4612,<wb>послѣжде
4613,<wb>въздрадова
4614,ліхъ
4615,<wb>тъкьмо
4616,<wb>нечістъі
4617,<wb>осо
4618,нча
4619,<wb>созъда
4620,глъ
4621,<wb>назаре
4622,<wb>мра
4623,<wb>объ
4624,пітѣ
4625,ньска
4626,лѧшта
4627,въшіімъ
4628,саі
4629,<wb>възле
4630,въіше
4631,<wb>вараавѫ
4632,<wb>іжь
4633,<wb>обратѧтъ
4634,<wb>дроугь
4635,<wb>отвешта
4636,<wb>прахъ
4637,<wb>англі
4638,<wb>отъто
4639,<wb>водоѭ
4640,<wb>онь
4641,<wb>трепезѣ
4642,<wb>нѣмъ
4643,<wb>посрѣ
4644,<wb>прркъ
4645,<wb>ѣшѧ
4646,рсо
4647,<wb>херсо
4648,<wb>пештерѣ
4649,<wb>осанна
4650,ждеѭ
4651,<wb>бѫдет
4652,<wb>вѣроуі
4653,<wb>дѣіте
4654,<wb>сълоучі
4655,<wb>многоѭ
4656,<wb>ономоу
4657,<wb>пожръ
4658,<wb>мора
4659,<wb>сіона
4660,<wb>вьзьмъ
4661,<wb>лежааше
4662,<wb>положілъ
4663,<wb>златі
4664,<wb>крьстѣ
4665,<wb>лазара
4666,<wb>плакаті
4667,штете
4668,<wb>сънъміштіхъ
4669,<wb>рекъі
4670,<wb>црствіѣ
4671,<wb>прѣбъіваатъ
4672,<wb>волѧ
4673,<wb>біті
4674,<wb>отълѫчі
4675,кѫтъ
4676,<wb>авраама
4677,<wb>мьніте
4678,<wb>мьноѭ
4679,<wb>посълавъі
4680,<wb>еуаггелі
4681,<wb>прѣобідѣ
4682,плѣ
4683,<wb>еѧже
4684,<wb>діѣвола
4685,маѣ
4686,<wb>вьсеѧ
4687,<wb>съвѧзавъше
4688,<wb>благодарь
4689,<wb>шьдъше
4690,<wb>насаді
4691,<wb>поставіті
4692,<wb>мнозѣхъ
4693,<wb>іздраі
4694,<wb>чловѣче
4695,<wb>апостоль
4696,вьѣѧ
4697,<wb>възгласітъ
4698,<wb>отьцъ
4699,<wb>врага
4700,<wb>пріносѧ
4701,<wb>манастъірь
4702,<wb>крстъ
4703,<wb>остані
4704,<wb>одрѣ
4705,<wb>вьзвѣстішѧ
4706,ченіі
4707,<wb>братоу
4708,дно
4709,<wb>власвімі
4710,ньство
4711,<wb>бѣашете
4712,<wb>різа
4713,<wb>съшедъ
4714,<wb>трехъ
4715,<wb>текъ
4716,<wb>множаі
4717,<wb>крьстіѣнъі
4718,<wb>повръ
4719,<wb>пръвое
4720,<wb>іж
4721,фѣ
4722,<wb>тѧжь
4723,<wb>врѣмені
4724,<wb>ніштѧѧ
4725,<wb>наріцаемааго
4726,<wb>діѣволоу
4727,<wb>корабль
4728,<wb>вьзѧтъ
4729,<wb>кръвъ
4730,<wb>оже
4731,<wb>садоу
4732,<wb>словомь
4733,<wb>законопрѣстѫ
4734,<wb>вѧште
4735,<wb>въішъ
4736,<wb>ніштіімъ
4737,дьнѣе
4738,<wb>длъженъ
4739,<wb>темьніці
4740,<wb>даетъ
4741,<wb>въскръснетъ
4742,<wb>іероусалімъ
4743,<wb>дрѧ
4744,<wb>ісва
4745,<wb>дѣѣші
4746,<wb>съблазні
4747,стоітъ
4748,<wb>рѫкъ
4749,<wb>ізбѫ
4750,<wb>нѣкото
4751,<wb>леге
4752,<wb>іродіѣ
4753,<wb>англъі
4754,<wb>дѣлателемъ
4755,<wb>пагоубѫ
4756,<wb>моіма
4757,<wb>слъішѧште
4758,<wb>мъітарь
4759,<wb>чьстъ
4760,<wb>оуз
4761,<wb>іко
4762,<wb>поклонь
4763,<wb>въпаде
4764,<wb>прѣдадѧтъ
4765,<wb>вьнідете
4766,<wb>пріѣ
4767,прь
4768,чінѫ
4769,<wb>прѣходѧ
4770,<wb>мѫдръі
4771,<wb>црькъ
4772,<wb>лежітъ
4773,<wb>съніде
4774,<wb>хотѧтъ
4775,<wb>очесе
4776,<wb>вьве
4777,<wb>гноу
4778,<wb>въсѣхъ
4779,<wb>съіноу
4780,реші
4781,<wb>слѣпъі
4782,стьнікъ
4783,<wb>съгрѣшіхъ
4784,<wb>възьпі
4785,<wb>дхоу
4786,<wb>сѣті
4787,<wb>съста
4788,<wb>оупва
4789,<wb>пъсаломъ
4790,ребрь
4791,<wb>вѣшта
4792,нъѣ
4793,<wb>сладъ
4794,<wb>чіноу
4795,<wb>расхъі
4796,<wb>блгс
4797,<wb>въздъіха
4798,штьше
4799,<wb>положіті
4800,<wb>младь
4801,<wb>надь
4802,<wb>крѣп
4803,<wb>сънъ
4804,<wb>одолѣ
4805,нѣетъ
4806,<wb>отвръзъ
4807,<wb>рекоше
4808,вьгі
4809,<wb>старца
4810,<wb>раза
4811,наего
4812,<wb>каіа
4813,двъ
4814,<wb>ръібѣ
4815,<wb>слоуж
4816,<wb>соломо
4817,<wb>зьла
4818,<wb>заблѫ
4819,<wb>посъіла
4820,<wb>рабь
4821,<wb>оумьръ
4822,<wb>проклѧ
4823,ѳо
4824,<wb>іоуліѣ
4825,<wb>съвлѣ
4826,<wb>мімоходѧ
4827,<wb>вл
4828,<wb>праздъ
4829,омь
4830,<wb>апостолі
4831,<wb>осквръ
4832,<wb>ісходітъ
4833,<wb>съконьчаті
4834,<wb>пльтіѭ
4835,<wb>малъ
4836,<wb>спеніе
4837,<wb>прітъчамі
4838,<wb>родітъ
4839,<wb>въкоусіті
4840,<wb>браш
4841,<wb>хвалъі
4842,<wb>ізгонітъ
4843,<wb>доухомъ
4844,<wb>упокріті
4845,<wb>кононъ
4846,<wb>крьстіѣномъ
4847,<wb>сѫштѧѧ
4848,<wb>дроуже
4849,<wb>бжію
4850,<wb>оуслъішіте
4851,<wb>ісповѣданіі
4852,<wb>землѫ
4853,<wb>бесѣдъі
4854,<wb>самомоу
4855,<wb>всеі
4856,<wb>наіпа
4857,<wb>наіпаче
4858,<wb>разгнѣва
4859,<wb>разорітъ
4860,<wb>црсье
4861,<wb>степе
4862,<wb>прьвѣе
4863,<wb>крьві
4864,<wb>раздроуші
4865,оуші
4866,<wb>речеші
4867,<wb>падѫ
4868,вші
4869,<wb>сті
4870,<wb>въсегда
4871,<wb>імѣлі
4872,<wb>правьдъ
4873,<wb>поже
4874,<wb>съсѫдъ
4875,<wb>оуло
4876,<wb>теле
4877,<wb>мьніі
4878,<wb>зълъ
4879,<wb>рѣка
4880,творѧ
4881,<wb>прохождааше
4882,рѫче
4883,<wb>імѫшта
4884,<wb>ізідетъ
4885,<wb>безбо
4886,<wb>пропьні
4887,му
4888,<wb>вьсемь
4889,<wb>прѣіті
4890,<wb>жьрѫ
4891,дъх
4892,<wb>потом
4893,<wb>сѫдоу
4894,<wb>ту
4895,<wb>іюдеѧ
4896,<wb>обрѣтъше
4897,<wb>божіѧ
4898,<wb>елікоже
4899,<wb>посрѣдоу
4900,<wb>пріг
4901,тіе
4902,<wb>аріма
4903,<wb>оукро
4904,<wb>пьті
4905,ташѧ
4906,<wb>грѣсѣ
4907,<wb>творѧшта
4908,она
4909,<wb>ізвлѣ
4910,<wb>застѫпьнікъ
4911,<wb>поставітъ
4912,<wb>въсташѧ
4913,<wb>пісаніе
4914,ліва
4915,<wb>облацѣхъ
4916,<wb>цѣсарѧ
4917,<wb>області
4918,<wb>влѣ
4919,<wb>осьлѧ
4920,вьѣше
4921,<wb>хъізі
4922,<wb>пръвъіі
4923,<wb>аскліпі
4924,<wb>істіненъ
4925,<wb>дадѧтъ
4926,<wb>прібѣжіште
4927,лака
4928,<wb>многь
4929,довашѧ
4930,<wb>сѣні
4931,<wb>шоуѭ
4932,<wb>богатоу
4933,<wb>могъі
4934,<wb>члці
4935,<wb>женоѭ
4936,<wb>чьлі
4937,<wb>молѣше
4938,<wb>девѧті
4939,<wb>цѣло
4940,<wb>вѣчънъі
4941,<wb>імѫштоу
4942,<wb>прѣідетъ
4943,зво
4944,ізво
4945,<wb>іліѭ
4946,<wb>отънѫ
4947,<wb>насъітіті
4948,<wb>народѣ
4949,<wb>заповѣдеі
4950,<wb>оученіѣ
4951,<wb>подража
4952,<wb>члкмъ
4953,<wb>отъвѣштавааше
4954,<wb>отіті
4955,<wb>непорочь
4956,ѭштоуоумоу
4957,<wb>пріть
4958,<wb>прітъчахъ
4959,<wb>мѫцѣ
4960,<wb>оуподобі
4961,<wb>різъ
4962,<wb>архагге
4963,<wb>зміі
4964,кааго
4965,чскъі
4966,<wb>едінѣмъ
4967,<wb>голѫбі
4968,<wb>вьзьмѣте
4969,пье
4970,<wb>евреі
4971,<wb>іштѫ
4972,<wb>слѣпіі
4973,зѣхъ
4974,<wb>сънемъ
4975,<wb>сѫсѣ
4976,<wb>ісходѧште
4977,<wb>несь
4978,сіѭ
4979,льмі
4980,<wb>вьсѣкѫ
4981,<wb>ослабленоумоу
4982,<wb>отъпоуштаті
4983,<wb>прѣдѣлъ
4984,<wb>водахъ
4985,<wb>тѣлоу
4986,<wb>брать
4987,<wb>вьсѣка
4988,нѣѧ
4989,<wb>сновъ
4990,<wb>тра
4991,<wb>плодъі
4992,<wb>ѫзъ
4993,<wb>ѧшѧ
4994,гні
4995,<wb>поклонішѧ
4996,что
4997,<wb>нѣчто
4998,<wb>больші
4999,<wb>сьвѣшта
5000,<wb>тръжі
5001,<wb>глте
5002,<wb>ісповѣдаті
5003,<wb>въспрі
5004,<wb>главѣ
5005,<wb>непло
5006,<wb>слъньце
5007,рѣза
5008,<wb>грѣшьнікъі
5009,лете
5010,шѣ
5011,<wb>дъштері
5012,<wb>помоштьнікъ
5013,<wb>гріго
5014,<wb>тѣлесі
5015,<wb>скръбѧ
5016,<wb>честь
5017,<wb>пакості
5018,дааго
5019,<wb>нарешті
5020,діе
5021,<wb>сім
5022,вно
5023,<wb>хъітро
5024,<wb>раста
5025,<wb>лѫкавь
5026,<wb>весті
5027,<wb>въстръ
5028,неніе
5029,норі
5030,штіімь
5031,деі
5032,<wb>мілосръ
5033,<wb>четвръто
5034,<wb>зьрѧ
5035,ребра
5036,сівъ
5037,<wb>оумль
5038,сѣда
5039,<wb>раздъ
5040,<wb>хріз
5041,<wb>наче
5042,<wb>вьзненаві
5043,<wb>прѣштааше
5044,<wb>мат
5045,вьше
5046,<wb>хрісті
5047,<wb>братіѧ
5048,<wb>ем
5049,<wb>ізбі
5050,<wb>елео
5051,кра
5052,<wb>нбсъ
5053,мъііхъ
5054,<wb>крсті
5055,заапѫ
5056,<wb>къіѧ
5057,творь
5058,<wb>ѫтрь
5059,<wb>вѣч
5060,чера
5061,млѭ
5062,<wb>раі
5063,прѫ
5064,мѣмъ
5065,<wb>аз
5066,<wb>павьлъ
5067,<wb>прітъчѧ
5068,<wb>велікааго
5069,<wb>мьнозі
5070,<wb>стражѫ
5071,<wb>звѣздъі
5072,<wb>таіное
5073,<wb>еіже
5074,<wb>сѫштеі
5075,<wb>нам
5076,<wb>пророкь
5077,<wb>тьмніцѫ
5078,<wb>полемонъ
5079,<wb>ваю
5080,<wb>творѣахѫ
5081,<wb>інѣмі
5082,<wb>соль
5083,<wb>облѣче
5084,<wb>господьнѫ
5085,<wb>съхраніхъ
5086,<wb>божію
5087,<wb>начѧло
5088,<wb>образомъ
5089,<wb>оузьрѣвъ
5090,<wb>іспльні
5091,<wb>оужасаахѫ
5092,<wb>црѧ
5093,<wb>велікое
5094,<wb>мѫкамі
5095,<wb>чѧдомъ
5096,<wb>въшъдъ
5097,<wb>вьнідѫ
5098,<wb>ѧзъіка
5099,<wb>маріа
5100,<wb>сѫботѣ
5101,<wb>архіереові
5102,<wb>кнѧзі
5103,<wb>сѫдъбъі
5104,<wb>конць
5105,<wb>вьсѣкоѧ
5106,вуте
5107,<wb>поемъ
5108,<wb>прѣпро
5109,<wb>ведошѧ
5110,<wb>любіші
5111,печа
5112,<wb>ам
5113,<wb>еста
5114,<wb>помѣні
5115,<wb>разоумѣетъ
5116,<wb>вѣньць
5117,<wb>прѣбъівааше
5118,<wb>вьлѣз
5119,<wb>просвѣшта
5120,чее
5121,<wb>прочее
5122,<wb>чьте
5123,<wb>людьмі
5124,<wb>ѣдѣахѫ
5125,<wb>осѣ
5126,<wb>мѫченіці
5127,<wb>славѧште
5128,<wb>божьствъ
5129,<wb>нѧже
5130,<wb>оуготоваті
5131,<wb>ісплънітъ
5132,<wb>благовѣсті
5133,<wb>въставъше
5134,лева
5135,<wb>опрѣ
5136,<wb>ната
5137,<wb>пооуча
5138,<wb>годінъі
5139,<wb>мьнѧ
5140,<wb>постъідітъ
5141,<wb>сѣді
5142,<wb>мілоу
5143,<wb>селѣхъ
5144,<wb>напасті
5145,<wb>можаахѫ
5146,<wb>похоті
5147,латі
5148,<wb>вельзѣ
5149,обра
5150,ріті
5151,<wb>чѧсто
5152,діѭ
5153,<wb>раздъра
5154,<wb>възъпівъ
5155,вамі
5156,<wb>отрока
5157,<wb>зачѧтъ
5158,скъіімъ
5159,<wb>бмь
5160,<wb>съвѣдѣтельствоуѭтъ
5161,<wb>възможетъ
5162,<wb>пожі
5163,<wb>отъвръжеші
5164,<wb>прѣдаѧі
5165,<wb>поставішѧ
5166,нъіні
5167,<wb>оуто
5168,<wb>архіереовъ
5169,<wb>огнъ
5170,<wb>нага
5171,<wb>імѫштааго
5172,<wb>вьніді
5173,<wb>вѣренъ
5174,<wb>штедро
5175,<wb>колѣна
5176,<wb>даніі
5177,<wb>коко
5178,<wb>вьселенъіѧ
5179,<wb>гау
5180,<wb>блюсті
5181,<wb>вьзлюбьеніі
5182,<wb>садоуке
5183,<wb>съкроушітъ
5184,слоу
5185,<wb>емъше
5186,<wb>бездъ
5187,<wb>вечероу
5188,<wb>дроугъіѧ
5189,<wb>пръвіі
5190,<wb>дръзо
5191,жденье
5192,<wb>трѣбоуетъ
5193,<wb>пророкъі
5194,гнѫтъ
5195,<wb>глѭшта
5196,<wb>владъікѫ
5197,<wb>спсті
5198,<wb>жівааго
5199,<wb>оцьта
5200,<wb>прісѣ
5201,штаа
5202,<wb>шьдь
5203,<wb>аньдрѣ
5204,<wb>ѣвлѣ
5205,<wb>члвкоу
5206,<wb>оставль
5207,<wb>дѣі
5208,<wb>съвъіше
5209,леве
5210,<wb>сѣѧі
5211,<wb>хода
5212,<wb>скозѣ
5213,<wb>хоштемъ
5214,<wb>ізносітъ
5215,<wb>подобъно
5216,<wb>сѫдіѧ
5217,<wb>ісоусо
5218,<wb>възг
5219,гаті
5220,<wb>вьсѣчь
5221,шаѭште
5222,<wb>повіноу
5223,<wb>подобенъ
5224,<wb>копі
5225,<wb>прѣм
5226,<wb>дахъ
5227,<wb>таіно
5228,<wb>істінъно
5229,<wb>ізідете
5230,<wb>пріобрѣ
5231,<wb>злата
5232,<wb>болѧштѧѧ
5233,телѧ
5234,<wb>зовѫ
5235,<wb>іскоуше
5236,<wb>хлѣві
5237,<wb>оуставі
5238,<wb>свініѧ
5239,<wb>ненавіді
5240,<wb>воінъі
5241,стеръ
5242,<wb>простеръ
5243,вомь
5244,<wb>прѣтръпѣ
5245,<wb>рім
5246,ріте
5247,<wb>работаті
5248,<wb>лъже
5249,<wb>клѣть
5250,<wb>відѧі
5251,<wb>гості
5252,<wb>трьсті
5253,<wb>клео
5254,<wb>отъвраті
5255,<wb>зълоу
5256,<wb>правъі
5257,<wb>любодѣі
5258,<wb>напісано
5259,<wb>вълѣзъ
5260,<wb>геонѫ
5261,<wb>бъілі
5262,<wb>дѣвъ
5263,<wb>чістъ
5264,<wb>отвѣштавъ
5265,<wb>тѣлесъ
5266,жѣ
5267,рааше
5268,<wb>отъпа
5269,<wb>речете
5270,<wb>нашімь
5271,<wb>оутврьді
5272,<wb>помолітъ
5273,<wb>своею
5274,<wb>петроу
5275,<wb>едначе
5276,<wb>невѣръ
5277,<wb>іереі
5278,<wb>срце
5279,<wb>пакость
5280,<wb>прѣчі
5281,<wb>протівъ
5282,<wb>благодѣтіѭ
5283,<wb>бесъ
5284,глаго
5285,<wb>прізьрі
5286,<wb>іліі
5287,ждетъ
5288,<wb>ѯ
5289,<wb>ставі
5290,<wb>істѧза
5291,<wb>сьпасе
5292,<wb>рѧ
5293,<wb>вражь
5294,<wb>оука
5295,<wb>вьсьжде
5296,доуѭ
5297,<wb>зръ
5298,<wb>філософа
5299,<wb>помілова
5300,<wb>възмогѫ
5301,<wb>стръ
5302,<wb>ложе
5303,ѭштімъ
5304,<wb>отѧ
5305,<wb>масло
5306,<wb>нсе
5307,<wb>жівѫштііхъ
5308,<wb>гъі
5309,<wb>інопле
5310,<wb>оубь
5311,поустѣ
5312,сціі
5313,ковъ
5314,<wb>жіва
5315,<wb>ръпъ
5316,<wb>третіѣ
5317,<wb>вьзъ
5318,нді
5319,мента
5320,ваіте
5321,<wb>дроузѣ
5322,<wb>шіро
5323,ашѧ
5324,<wb>вьзьпі
5325,ньстѣ
5326,<wb>обѧза
5327,гаѭште
5328,<wb>въпадъ
5329,<wb>ел
5330,<wb>прізь
5331,<wb>невъ
5332,ср
5333,<wb>мъітаре
5334,<wb>почръ
5335,<wb>іспрьва
5336,леші
5337,<wb>рекь
5338,<wb>он
5339,<wb>езъікъі
5340,<wb>людьмъ
5341,<wb>боудеть
5342,<wb>послоушаетъ
5343,<wb>гауріілъ
5344,<wb>отъіметъ
5345,<wb>съпасті
5346,<wb>отърадьнѣе
5347,<wb>манастъірі
5348,<wb>владъікъі
5349,<wb>окъі
5350,<wb>през
5351,<wb>презвуте
5352,<wb>ліцоу
5353,деві
5354,<wb>коліждо
5355,<wb>сѫштііхъ
5356,<wb>насъітѧтъ
5357,<wb>аггелъі
5358,<wb>царь
5359,<wb>молітвоу
5360,<wb>пешті
5361,<wb>положісте
5362,<wb>обіска
5363,чьстіѣ
5364,<wb>оустѣхъ
5365,<wb>конона
5366,<wb>двѣма
5367,<wb>паула
5368,<wb>повелѣно
5369,<wb>трепезъі
5370,<wb>срьдьцемъ
5371,<wb>цръкъві
5372,<wb>въспро
5373,<wb>мѫчіті
5374,<wb>въішьнѣго
5375,<wb>ѣдѫштемъ
5376,<wb>сьвѧза
5377,<wb>словесемь
5378,<wb>пріт
5379,<wb>оубогъ
5380,<wb>вьсхо
5381,<wb>стъіхъ
5382,<wb>отъча
5383,<wb>люта
5384,рѣе
5385,<wb>помѧні
5386,зошѧ
5387,<wb>сръдьцемь
5388,<wb>оумножі
5389,<wb>аріѣ
5390,<wb>дівіті
5391,<wb>съше
5392,<wb>оустомъ
5393,клік
5394,<wb>троудъі
5395,<wb>подвіжітъ
5396,<wb>разбоінікъ
5397,льно
5398,<wb>погреті
5399,<wb>жръті
5400,<wb>ісповѣдѣ
5401,тъіѧ
5402,<wb>псаломъ
5403,<wb>хѣ
5404,<wb>старѣішінъі
5405,<wb>непрѣподобь
5406,<wb>моімі
5407,<wb>мъішь
5408,<wb>прінѣсѧ
5409,<wb>красо
5410,ннѫ
5411,тішѧ
5412,<wb>бесѣдова
5413,<wb>чѧсті
5414,<wb>спнье
5415,<wb>такова
5416,<wb>вькоу
5417,<wb>сласть
5418,саф
5419,<wb>іномоу
5420,<wb>прігласі
5421,<wb>братіі
5422,<wb>маловрѣ
5423,рішѧ
5424,<wb>съхраніті
5425,<wb>добротъі
5426,<wb>въсѣмъ
5427,тьскъі
5428,<wb>прістѫпівъ
5429,<wb>свѣтільнікъ
5430,<wb>ногъі
5431,<wb>начьнъ
5432,<wb>прѣбъістъ
5433,<wb>чці
5434,<wb>захаріі
5435,<wb>оумрълъ
5436,<wb>поношеніе
5437,<wb>словесемъ
5438,<wb>наречеші
5439,<wb>попа
5440,въіімі
5441,<wb>глѣ
5442,<wb>ковь
5443,<wb>малоу
5444,<wb>старѣішіна
5445,<wb>сѫдіті
5446,філа
5447,<wb>любіті
5448,<wb>іоаннъ
5449,<wb>прѣподобьнааго
5450,<wb>пѫтъ
5451,<wb>отъвръгъ
5452,<wb>съіна
5453,<wb>вельемь
5454,<wb>зѫбъі
5455,<wb>стѫ
5456,<wb>ніште
5457,<wb>отъвръжетъ
5458,<wb>дръжаті
5459,<wb>обрѣсті
5460,<wb>прѣісподь
5461,<wb>едіноѧ
5462,<wb>гробѣхъ
5463,<wb>стрѣлъі
5464,ложѧтъ
5465,<wb>вѣдѣті
5466,<wb>творѣше
5467,<wb>ідоу
5468,<wb>мѣстѣхъ
5469,<wb>соуетъ
5470,<wb>чсо
5471,ніцѣхъ
5472,<wb>ѧдро
5473,<wb>възведе
5474,лѣзі
5475,<wb>вінѫ
5476,<wb>блізь
5477,<wb>обна
5478,<wb>благъііхъ
5479,<wb>каменіемь
5480,<wb>бѣсте
5481,<wb>піѭ
5482,<wb>ісь
5483,<wb>подобьна
5484,дъіі
5485,<wb>годінѣ
5486,кріча
5487,<wb>авітъ
5488,кнетъ
5489,<wb>мрътвъіѧ
5490,<wb>кль
5491,<wb>кънігъ
5492,<wb>архіереова
5493,<wb>іскръ
5494,<wb>велікоу
5495,<wb>отідѫ
5496,<wb>оубішѧ
5497,<wb>прості
5498,<wb>слъішіші
5499,<wb>възвеселі
5500,<wb>тро
5501,<wb>вешті
5502,<wb>горахъ
5503,<wb>вьзьмі
5504,<wb>тоужді
5505,жіцеѭ
5506,<wb>прогнѣвашѧ
5507,<wb>кваса
5508,<wb>бѣдъ
5509,<wb>сълъ
5510,<wb>старе
5511,<wb>дауідъ
5512,<wb>вашеѧ
5513,мьнѣ
5514,<wb>філіпа
5515,чьсть
5516,<wb>ісході
5517,<wb>безаконеніе
5518,<wb>члвѣ
5519,<wb>прінесъ
5520,<wb>коупьно
5521,<wb>благоізво
5522,<wb>прѣславь
5523,<wb>станетъ
5524,земъ
5525,<wb>соухѫ
5526,<wb>сънѣстъ
5527,<wb>соботъі
5528,<wb>помага
5529,<wb>малъіхъ
5530,<wb>отъвръгѫ
5531,<wb>лові
5532,скамі
5533,<wb>очішта
5534,<wb>іскаріотъ
5535,<wb>осѫдѧтъ
5536,<wb>проліѣ
5537,<wb>вѣсть
5538,<wb>овъі
5539,<wb>наоучіте
5540,<wb>трѣбоуѭтъ
5541,<wb>жіламі
5542,<wb>оустръмі
5543,<wb>дав
5544,<wb>възможе
5545,<wb>съть
5546,<wb>въстокъ
5547,<wb>дъіха
5548,<wb>хръсто
5549,<wb>дне
5550,<wb>іоано
5551,<wb>сѫштѫ
5552,<wb>оуподоблѭ
5553,<wb>безаконіе
5554,снъ
5555,<wb>пілато
5556,<wb>пѣті
5557,зетъ
5558,<wb>мѣрѫ
5559,<wb>піштѧ
5560,<wb>пьцѣте
5561,<wb>напасть
5562,шенію
5563,<wb>ліцемѣрі
5564,<wb>мілостъінѭ
5565,<wb>жрѣбі
5566,<wb>ѣвітъ
5567,<wb>веліе
5568,слъ
5569,<wb>богатьство
5570,<wb>тврь
5571,нічъ
5572,штаго
5573,<wb>въскрѣсі
5574,<wb>оукрѣпі
5575,<wb>начѧтъкъ
5576,<wb>нашѫ
5577,су
5578,<wb>подроу
5579,<wb>оле
5580,стішѧ
5581,<wb>вѣньча
5582,<wb>варѣ
5583,<wb>небеса
5584,<wb>егоу
5585,<wb>стое
5586,<wb>нера
5587,<wb>пріносіті
5588,цѣмь
5589,<wb>младень
5590,стівъ
5591,<wb>господеві
5592,<wb>тѣм
5593,<wb>аі
5594,<wb>ап
5595,<wb>псал
5596,<wb>едва
5597,вьеніѣ
5598,<wb>назаретъ
5599,<wb>бімъ
5600,ліні
5601,<wb>въішьнѣаго
5602,нѣемь
5603,<wb>рѧдоу
5604,<wb>речемъ
5605,<wb>колѣнѣ
5606,<wb>створілъ
5607,<wb>въво
5608,<wb>пъіта
5609,<wb>наченъ
5610,<wb>ръіда
5611,<wb>вар
5612,<wb>възвраштѫ
5613,фе
5614,<wb>тъшта
5615,<wb>осмь
5616,<wb>чаѭште
5617,ключі
5618,мѫѭ
5619,<wb>бг
5620,<wb>іа
5621,<wb>четврътовла
5622,<wb>іу
5623,ріца
5624,<wb>враче
5625,<wb>непобѣді
5626,<wb>творѧштѧѧ
5627,<wb>трѣбо
5628,въшаего
5629,жденіѣ
5630,<wb>обраштъ
5631,<wb>галілѣі
5632,<wb>вьседръжі
5633,<wb>расті
5634,<wb>іскоусі
5635,<wb>іосіфа
5636,<wb>поме
5637,<wb>простъ
5638,гаѭтъ
5639,довавъ
5640,овѣ
5641,<wb>гд
5642,ніцеѭ
5643,<wb>віѳ
5644,рьці
5645,<wb>вѣтро
5646,рѣѧі
5647,<wb>неправедь
5648,<wb>закь
5649,ваніѣ
5650,<wb>наѳа
5651,ѭт
5652,<wb>въждѧ
5653,<wb>сьбіра
5654,<wb>грѣш
5655,<wb>кесареві
5656,бѣль
5657,<wb>ізідосте
5658,<wb>лазаре
5659,<wb>чскаго
5660,<wb>господінъ
5661,<wb>разоумѣхъ
5662,<wb>імѫштѧ
5663,<wb>ілма
5664,<wb>знаменьѣ
5665,<wb>добрѣе
5666,<wb>антоніі
5667,<wb>дьшті
5668,<wb>робъ
5669,<wb>отъврѣшті
5670,<wb>лав
5671,<wb>оузьрітъ
5672,<wb>чімъ
5673,<wb>авраамоу
5674,<wb>істочьнікъ
5675,<wb>цръкъ
5676,<wb>нежелі
5677,<wb>часоу
5678,<wb>прьвъіі
5679,<wb>въсѣмь
5680,<wb>оувѣстъ
5681,<wb>мънасъ
5682,<wb>чоудішѧ
5683,<wb>творѫ
5684,<wb>свѣштѧ
5685,<wb>прішьдъше
5686,<wb>ізлѣзъше
5687,ждаѧ
5688,<wb>цсрствіі
5689,<wb>пріім
5690,<wb>въкоусі
5691,<wb>вратъ
5692,<wb>аполо
5693,<wb>спніе
5694,<wb>віѳа
5695,<wb>клѧтвъі
5696,<wb>чьсо
5697,<wb>спсі
5698,<wb>въскръснѫті
5699,<wb>оставішѧ
5700,<wb>ідо
5701,<wb>съна
5702,<wb>мѣхъі
5703,<wb>възьметъ
5704,<wb>рѣснотѫ
5705,<wb>съмѣрітъ
5706,<wb>ддъ
5707,<wb>вьнегда
5708,<wb>спетъ
5709,<wb>члча
5710,<wb>подвіжа
5711,<wb>бліжь
5712,<wb>ослѣ
5713,<wb>врагомъ
5714,<wb>прѣмѫдрості
5715,<wb>съко
5716,<wb>отъврь
5717,<wb>ѣрость
5718,<wb>зълодѣі
5719,<wb>възлюбілъ
5720,<wb>възвѣстітъ
5721,<wb>огла
5722,нтіі
5723,<wb>прѣбѫдетъ
5724,<wb>съхранітъ
5725,<wb>оставілъ
5726,<wb>вѣроуемъ
5727,<wb>сѫштѧ
5728,<wb>безбожь
5729,<wb>оставіті
5730,<wb>боѭ
5731,<wb>стоѣаше
5732,съіпа
5733,<wb>оувѧ
5734,<wb>стадіі
5735,<wb>въсѣхь
5736,<wb>знаетъ
5737,<wb>грѣсѣхъ
5738,<wb>вьзіра
5739,<wb>въпрашаті
5740,<wb>окаа
5741,<wb>істінно
5742,<wb>лежѧшть
5743,кое
5744,<wb>вьзлюбіхъ
5745,<wb>брань
5746,<wb>оусѣкнѫ
5747,<wb>съгрѣшітъ
5748,<wb>наоучітъ
5749,<wb>мошть
5750,<wb>повръже
5751,<wb>веселі
5752,<wb>съзъ
5753,<wb>врѣті
5754,<wb>таінъі
5755,<wb>плачѫшті
5756,<wb>асаф
5757,<wb>отці
5758,<wb>сверѣ
5759,<wb>тръжіштіхъ
5760,<wb>съберетъ
5761,<wb>ізгънашѧ
5762,<wb>поштѧ
5763,<wb>молѧштоу
5764,<wb>гражда
5765,<wb>толіка
5766,<wb>възѧшѧ
5767,клоніті
5768,<wb>рогъ
5769,<wb>протѧ
5770,<wb>оуслъ
5771,<wb>рекше
5772,<wb>члкь
5773,<wb>одеждѫ
5774,<wb>съвѧзанъ
5775,<wb>пісаті
5776,<wb>гладъ
5777,<wb>дѣлаті
5778,<wb>людемь
5779,<wb>лазарѣ
5780,<wb>недѫжьнъіѧ
5781,<wb>відѣвъі
5782,рѣка
5783,<wb>прѣве
5784,<wb>ері
5785,<wb>тацѣхъ
5786,<wb>немошті
5787,<wb>родѣ
5788,<wb>відъ
5789,<wb>анті
5790,<wb>дасі
5791,<wb>просіші
5792,<wb>слъішѧі
5793,<wb>напі
5794,<wb>съказаемо
5795,<wb>езъікомь
5796,<wb>прізъіва
5797,<wb>оумѫ
5798,<wb>желѣзнъі
5799,<wb>възъпішѧ
5800,<wb>ана
5801,<wb>прістѫпіті
5802,<wb>съвѣшташѧ
5803,чіхъ
5804,<wb>відѣахѫ
5805,<wb>ісходѧтъ
5806,<wb>нічъ
5807,лѫтъ
5808,<wb>съпѧштѧ
5809,ченіѣ
5810,<wb>прободе
5811,<wb>шестъі
5812,<wb>краніе
5813,<wb>краніево
5814,<wb>облѣшѧ
5815,<wb>тоже
5816,<wb>цсрь
5817,сунаго
5818,<wb>архісунаго
5819,петъ
5820,<wb>грѧдѧі
5821,<wb>такоже
5822,кліна
5823,<wb>възлеже
5824,<wb>алчѫ
5825,вьнікъ
5826,<wb>овомоу
5827,<wb>раздра
5828,<wb>проліва
5829,<wb>готові
5830,<wb>ѣслехъ
5831,<wb>множь
5832,мье
5833,<wb>трепетъ
5834,<wb>натанаі
5835,<wb>седмі
5836,<wb>онѫ
5837,<wb>родіші
5838,<wb>оутроу
5839,<wb>ѧсте
5840,<wb>цѣсаре
5841,добь
5842,<wb>въздамъ
5843,<wb>таланъ
5844,<wb>етероу
5845,<wb>спстъ
5846,<wb>падетъ
5847,<wb>пріемлѭтъ
5848,<wb>въд
5849,<wb>двьріі
5850,<wb>въстанѣте
5851,<wb>кротості
5852,<wb>онѣ
5853,<wb>насі
5854,<wb>славлѣ
5855,<wb>глѭштѧ
5856,<wb>прѣстѫпі
5857,<wb>отьвѣшта
5858,<wb>влас
5859,<wb>слѣпі
5860,жѫтъ
5861,<wb>въсоуе
5862,<wb>зълаа
5863,<wb>богомь
5864,<wb>маловѣ
5865,тѫѭ
5866,<wb>нічі
5867,<wb>тъісѫшть
5868,<wb>лоза
5869,<wb>мілостівъ
5870,<wb>добръіѧ
5871,оуте
5872,<wb>наставьніче
5873,<wb>коньчіна
5874,<wb>оклеве
5875,ждѫтъ
5876,<wb>братрьѣ
5877,<wb>іонъі
5878,веші
5879,<wb>лѫкавъ
5880,<wb>вѣдѣлъ
5881,<wb>крстѣ
5882,<wb>васіліскъ
5883,<wb>побѣдѫ
5884,<wb>безво
5885,<wb>страхомь
5886,<wb>класъі
5887,ръіі
5888,<wb>древле
5889,<wb>маріе
5890,<wb>глті
5891,лішті
5892,<wb>оученікома
5893,<wb>съвѣдѣніе
5894,<wb>влъкъ
5895,<wb>прѣбѫдете
5896,<wb>тома
5897,<wb>двьрьмі
5898,<wb>бѣхѫ
5899,<wb>гласте
5900,<wb>заді
5901,<wb>съблюдетъ
5902,<wb>нова
5903,<wb>вьзьметъ
5904,<wb>постѧтъ
5905,<wb>грѣшънікъі
5906,зітъ
5907,ніші
5908,<wb>цар
5909,<wb>надеждѧ
5910,<wb>жа
5911,<wb>слъішѫ
5912,<wb>мрътвъ
5913,<wb>веселіе
5914,<wb>лютѣ
5915,<wb>трепештѫ
5916,<wb>огра
5917,<wb>тръніѣ
5918,<wb>члвці
5919,<wb>водь
5920,штѣте
5921,<wb>іштѫтъ
5922,мъіімъ
5923,<wb>пріложіті
5924,<wb>жітьніцѫ
5925,<wb>распѧті
5926,<wb>двьрехъ
5927,<wb>доіде
5928,<wb>постѧ
5929,<wb>нбсное
5930,<wb>хрістосова
5931,<wb>въве
5932,<wb>поіметъ
5933,<wb>ланітѫ
5934,<wb>оурѣза
5935,<wb>капішта
5936,дію
5937,нце
5938,<wb>лъжѫ
5939,<wb>попоу
5940,імь
5941,<wb>съпасі
5942,жіть
5943,<wb>сірѣ
5944,чьство
5945,<wb>съгрѣша
5946,<wb>оучіші
5947,<wb>бѫдемъ
5948,<wb>вельмі
5949,<wb>въселі
5950,вленъ
5951,<wb>свѧтаго
5952,<wb>крьштеніе
5953,<wb>правьденъ
5954,къііхъ
5955,<wb>чловѣчьска
5956,<wb>въскочі
5957,<wb>божіѭ
5958,<wb>істінънъі
5959,<wb>прілѣ
5960,<wb>дѣтѣ
5961,<wb>прѣдъложі
5962,<wb>завістіѭ
5963,<wb>съвь
5964,<wb>врѣмена
5965,<wb>бжіемъ
5966,вшоу
5967,<wb>ожіда
5968,реніе
5969,<wb>нра
5970,<wb>адамъ
5971,<wb>напль
5972,глі
5973,<wb>кніга
5974,<wb>прінесошѧ
5975,<wb>мілоср
5976,въшоуоумоу
5977,<wb>завість
5978,<wb>прозь
5979,бль
5980,<wb>рѣчі
5981,<wb>іскаті
5982,<wb>ѣдь
5983,<wb>чрънорі
5984,<wb>смѣ
5985,<wb>тъісѧ
5986,<wb>пасѫ
5987,<wb>ізъмі
5988,стоѧ
5989,<wb>сръдьціхъ
5990,<wb>ііл
5991,шімъ
5992,<wb>пьше
5993,<wb>двьрь
5994,<wb>ісаа
5995,леніі
5996,<wb>трьсть
5997,<wb>съсѫдъі
5998,<wb>отпоусті
5999,<wb>развръ
6000,<wb>многоцѣ
6001,<wb>прѣѣ
6002,кр
6003,<wb>зьлъі
6004,несе
6005,<wb>родо
6006,біті
6007,<wb>ннѣ
6008,<wb>ілѣ
6009,<wb>зълобі
6010,<wb>нападе
6011,тънъіѧ
6012,іѧ
6013,<wb>плачі
6014,<wb>желѣ
6015,<wb>сѫдѣ
6016,<wb>вьведе
6017,<wb>темьніцѫ
6018,<wb>оуа
6019,дръжѧ
6020,дѣлъ
6021,<wb>влд
6022,<wb>подобі
6023,<wb>едінь
6024,<wb>носѧште
6025,<wb>сътворѧтъ
6026,<wb>завѣта
6027,рете
6028,<wb>мнозіі
6029,ровѣ
6030,ньі
6031,<wb>тъісѫштъ
6032,<wb>свѣтоу
6033,<wb>прѣстолѣ
6034,<wb>въсѫдѣ
6035,<wb>імъше
6036,дма
6037,<wb>разоума
6038,<wb>іюдѫ
6039,<wb>стлъпъ
6040,<wb>мрьтвъііхъ
6041,<wb>ровъ
6042,<wb>мьнѫ
6043,<wb>моусіі
6044,<wb>кнѧзоу
6045,<wb>кланѣті
6046,<wb>шестъіі
6047,<wb>ходѧшта
6048,<wb>пастоуха
6049,<wb>хрістосоу
6050,<wb>распѧтъ
6051,<wb>ірі
6052,<wb>апостола
6053,<wb>ідъі
6054,<wb>санъ
6055,<wb>прішьлъ
6056,<wb>цѣлъ
6057,<wb>дѣтіі
6058,<wb>мосіі
6059,<wb>теченіе
6060,<wb>бжье
6061,<wb>ціі
6062,<wb>зьлі
6063,<wb>просль
6064,<wb>лѣт
6065,<wb>образа
6066,<wb>сіхь
6067,<wb>образѣ
6068,<wb>любѧштѧѧ
6069,<wb>грѣшъніці
6070,<wb>веліші
6071,<wb>мѫжѧ
6072,<wb>жрьті
6073,заті
6074,<wb>побѣжденъ
6075,<wb>пріемлѧі
6076,<wb>бѣаста
6077,<wb>глаголѫшті
6078,<wb>вѣчьнъіѧ
6079,<wb>оставівъ
6080,<wb>пріобрѧште
6081,<wb>въстанѫ
6082,<wb>ѭдоуже
6083,<wb>млѣ
6084,<wb>сльньцоу
6085,<wb>повелѣніѣ
6086,<wb>кротость
6087,женіѣ
6088,таго
6089,<wb>нбсехъ
6090,вьеніі
6091,<wb>стопъі
6092,<wb>веліемъ
6093,<wb>тъч
6094,<wb>бъівшоу
6095,<wb>знаменье
6096,<wb>цѣсарьства
6097,<wb>брашьна
6098,<wb>въішьнііхъ
6099,<wb>іскоушаѭште
6100,<wb>възносѧ
6101,<wb>памѧті
6102,<wb>боѧштіімъ
6103,<wb>ізбавілъ
6104,<wb>ѧзкъі
6105,<wb>ігоу
6106,<wb>чловѣкь
6107,<wb>зміѣ
6108,въіхъ
6109,<wb>посрамі
6110,<wb>сръдьці
6111,<wb>забѫ
6112,<wb>сіонѣ
6113,<wb>ізнемо
6114,<wb>въісотѫ
6115,<wb>въішьнеі
6116,<wb>девѧть
6117,<wb>ізлѣз
6118,кѫште
6119,<wb>голѣні
6120,<wb>обітѣль
6121,<wb>познахъ
6122,<wb>заповѣдаѭ
6123,<wb>осъ
6124,<wb>зълаѣ
6125,<wb>іероусалі
6126,<wb>въсклік
6127,<wb>ізбавіті
6128,<wb>істоч
6129,<wb>епіско
6130,<wb>пісана
6131,<wb>съмрьтіѭ
6132,<wb>оунъі
6133,скоуоумоу
6134,<wb>погоубь
6135,<wb>отънеліже
6136,<wb>волі
6137,<wb>нечістъіі
6138,<wb>прілежа
6139,<wb>ѣзвъі
6140,<wb>стъімъ
6141,чашѧ
6142,<wb>ісконьча
6143,<wb>съвъ
6144,<wb>прімъіш
6145,<wb>възведъ
6146,<wb>освѣ
6147,<wb>оустьнѣ
6148,<wb>вѣдѣахѫ
6149,<wb>плѣнь
6150,<wb>доуші
6151,мовъ
6152,<wb>іонінъ
6153,анна
6154,<wb>потрѣбітъ
6155,<wb>шъдъше
6156,<wb>елінъ
6157,<wb>маріѭ
6158,<wb>хвалѧ
6159,<wb>обрѫче
6160,<wb>повелѣніе
6161,штіімі
6162,<wb>еѭже
6163,<wb>ѫтробъі
6164,<wb>мѣсѧцъ
6165,<wb>старъ
6166,<wb>обратіті
6167,<wb>полагаѭ
6168,<wb>сьніде
6169,<wb>съмъіслъ
6170,<wb>пастъірі
6171,матъі
6172,<wb>ароматъі
6173,рѣвъші
6174,<wb>възо
6175,<wb>бъіваѭшта
6176,<wb>газо
6177,<wb>тѧжа
6178,млѣѭтъ
6179,<wb>мъіш
6180,<wb>нач
6181,гнетъ
6182,<wb>похоу
6183,<wb>ѣсѧ
6184,<wb>орѫжіе
6185,<wb>прѣштаахѫ
6186,<wb>прілага
6187,сѫтъ
6188,<wb>свѣшта
6189,<wb>положенъ
6190,лѧда
6191,<wb>съг
6192,<wb>одръжі
6193,<wb>лікоу
6194,<wb>дхмь
6195,пѧтъ
6196,<wb>родітель
6197,гіѭ
6198,цѣта
6199,<wb>тьмніці
6200,<wb>знамена
6201,<wb>въго
6202,<wb>вьзѧсѧ
6203,лѣпо
6204,тані
6205,<wb>жрѣбіѧ
6206,<wb>біѣхѫ
6207,<wb>колѣноу
6208,къше
6209,<wb>суме
6210,<wb>моужь
6211,<wb>ісу
6212,<wb>небес
6213,жемь
6214,<wb>кокотъ
6215,дростіѭ
6216,<wb>прѣбъіваті
6217,<wb>ведо
6218,<wb>погребеніе
6219,<wb>козь
6220,<wb>пріемъі
6221,<wb>свѣтільнікъі
6222,<wb>рано
6223,<wb>слоушаѧі
6224,<wb>възлюбленъі
6225,<wb>сѣдѧштоу
6226,<wb>потъшта
6227,<wb>естъство
6228,<wb>іосіфовъ
6229,<wb>дасте
6230,<wb>вьзнесетъ
6231,<wb>оставьше
6232,<wb>напісаніе
6233,<wb>ѫроді
6234,<wb>възьмѣте
6235,<wb>подобьнъ
6236,<wb>грѣховъ
6237,<wb>невѣсть
6238,<wb>зіждѫ
6239,<wb>кънігахъ
6240,<wb>іскопа
6241,<wb>възлака
6242,<wb>сѣда
6243,жена
6244,<wb>въздъх
6245,ходітъ
6246,поста
6247,<wb>діо
6248,дана
6249,<wb>благаа
6250,<wb>подоб
6251,<wb>старьць
6252,<wb>ізбъранъіѧ
6253,<wb>едінѣмь
6254,<wb>прокоу
6255,<wb>обрѧштеші
6256,<wb>прідеші
6257,<wb>прѣмі
6258,<wb>оупа
6259,<wb>възъметъ
6260,<wb>спасе
6261,<wb>адова
6262,<wb>слъішаахѫ
6263,<wb>прѣлюбодѣі
6264,<wb>омра
6265,<wb>прістра
6266,<wb>разоумѣва
6267,<wb>кръво
6268,валъ
6269,<wb>срдцемъ
6270,ждаше
6271,<wb>вьземъ
6272,<wb>іспльнь
6273,<wb>оумомь
6274,<wb>ненавідімі
6275,ствію
6276,<wb>чіста
6277,<wb>въвръженоу
6278,<wb>оуслъішавъ
6279,<wb>съкажі
6280,<wb>вьзем
6281,<wb>трѣва
6282,<wb>епіскоупоу
6283,<wb>стоѣхѫ
6284,<wb>коле
6285,<wb>ізбъітъка
6286,<wb>коусто
6287,<wb>отроковіцѫ
6288,<wb>въсѣкъ
6289,<wb>істінънъіі
6290,<wb>овьчѧ
6291,<wb>вьнемлѣте
6292,<wb>прѣшедъ
6293,<wb>соботѣ
6294,таѭтъ
6295,<wb>ослоуша
6296,<wb>веде
6297,<wb>ала
6298,<wb>діна
6299,іші
6300,штіѣ
6301,<wb>свѧтоу
6302,<wb>пронъі
6303,<wb>зміѧ
6304,<wb>длъго
6305,<wb>отътрѧ
6306,<wb>обно
6307,<wb>дѣлателѧ
6308,<wb>дівішѧ
6309,<wb>нѣмъі
6310,саетъ
6311,<wb>ветъхъі
6312,<wb>доне
6313,<wb>чоуді
6314,<wb>дръзаі
6315,<wb>свініі
6316,<wb>мѫчітъ
6317,<wb>пѫтемь
6318,<wb>мінѫті
6319,<wb>къніжънікъ
6320,<wb>іілѣ
6321,шьнѣго
6322,<wb>прокаженъ
6323,<wb>храмінѣ
6324,<wb>вѣтрі
6325,<wb>даѣті
6326,<wb>іштѧі
6327,<wb>прого
6328,<wb>оутрѣ
6329,<wb>маръ
6330,<wb>начьнетъ
6331,мль
6332,<wb>безаконъ
6333,<wb>съвръшенъ
6334,<wb>омъі
6335,<wb>оувѣсі
6336,ремь
6337,<wb>завѣшта
6338,<wb>сѫбота
6339,<wb>інь
6340,<wb>намѣ
6341,<wb>пррці
6342,<wb>опла
6343,гнѫ
6344,тае
6345,<wb>дль
6346,<wb>женъ
6347,<wb>браніте
6348,<wb>пріхождаахѫ
6349,<wb>лѫкаво
6350,<wb>доіжде
6351,стрѣ
6352,<wb>разоумѣіте
6353,<wb>съподо
6354,<wb>окръсть
6355,<wb>жілішта
6356,<wb>радоуетъ
6357,<wb>ковьче
6358,<wb>съвѧзь
6359,<wb>асафовъ
6360,<wb>даві
6361,чіѧ
6362,птѣ
6363,<wb>архіепіскоупа
6364,<wb>чръвь
6365,<wb>соньмі
6366,кні
6367,<wb>възнесе
6368,<wb>оутѣші
6369,<wb>правед
6370,<wb>естьство
6371,ніса
6372,хаі
6373,<wb>сътворьше
6374,<wb>нераз
6375,<wb>възлага
6376,ждені
6377,<wb>възможьно
6378,вена
6379,<wb>істръ
6380,<wb>ісповѣдаіте
6381,<wb>запоустѣ
6382,<wb>морь
6383,плѭ
6384,<wb>лобъ
6385,<wb>благ
6386,<wb>посълавъшаего
6387,<wb>любъ
6388,<wb>градь
6389,<wb>чьті
6390,<wb>неправедъ
6391,<wb>дръжі
6392,<wb>чісла
6393,шенъі
6394,<wb>бол
6395,<wb>въспріі
6396,ѣетъ
6397,<wb>солі
6398,<wb>пріведошѧ
6399,<wb>таінъ
6400,фімі
6401,<wb>оштоу
6402,<wb>моужа
6403,<wb>тѣломь
6404,стрь
6405,<wb>віѳле
6406,ѭштъ
6407,<wb>рѣснота
6408,<wb>готово
6409,<wb>капер
6410,<wb>праздьніка
6411,<wb>оскѫ
6412,<wb>ізбра
6413,<wb>закьх
6414,<wb>пріімѫ
6415,плѧ
6416,<wb>селъ
6417,<wb>небс
6418,емааго
6419,ствоуѭ
6420,даѧ
6421,<wb>възвѣшта
6422,<wb>две
6423,<wb>пѣнѧзь
6424,<wb>неіже
6425,<wb>брѣмѧ
6426,<wb>светаго
6427,<wb>оубіетъ
6428,<wb>всѣмь
6429,<wb>іерлмъ
6430,<wb>пръсі
6431,<wb>радма
6432,<wb>роділъ
6433,<wb>блюді
6434,<wb>смокве
6435,<wb>занеже
6436,<wb>дава
6437,<wb>бозѣ
6438,<wb>потрѣбѫ
6439,<wb>онъі
6440,<wb>боѣзнь
6441,<wb>прішедъшоу
6442,<wb>проіті
6443,<wb>дръзнѫ
6444,<wb>ігемоноу
6445,<wb>отътолі
6446,<wb>разбоінікъі
6447,<wb>слоужьбѫ
6448,<wb>ѣмѫ
6449,<wb>съвѣдѣтельствоуѭ
6450,<wb>пріемьетъ
6451,<wb>онѣмъ
6452,<wb>правъдѣ
6453,<wb>покаанію
6454,<wb>дара
6455,<wb>архіеп
6456,<wb>прогна
6457,<wb>мечемъ
6458,<wb>оутра
6459,<wb>възвеселітъ
6460,<wb>просльзі
6461,<wb>лежѧшта
6462,<wb>такого
6463,<wb>оставівъше
6464,<wb>творьца
6465,<wb>раті
6466,<wb>обѣдъ
6467,<wb>многѫ
6468,<wb>правьднааго
6469,<wb>четъірь
6470,<wb>оутріѣ
6471,<wb>аггела
6472,<wb>оустрое
6473,<wb>старѣішінамъ
6474,чіе
6475,<wb>зъі
6476,<wb>съхранѭ
6477,<wb>съвѣдѣтельства
6478,<wb>оужасаіте
6479,<wb>істьлѣ
6480,<wb>глшта
6481,<wb>оуготовашѧ
6482,<wb>отідошѧ
6483,селе
6484,<wb>нарочі
6485,штве
6486,<wb>плѣн
6487,<wb>старості
6488,<wb>прішъдъше
6489,<wb>беспль
6490,<wb>коньць
6491,<wb>жівъіі
6492,<wb>оумомъ
6493,<wb>наріцаемѣі
6494,<wb>клѧтъ
6495,<wb>зму
6496,<wb>іоанові
6497,<wb>златіцъ
6498,реніѣ
6499,тошѧ
6500,<wb>праздьноу
6501,лье
6502,нюмоу
6503,жъно
6504,<wb>отъвра
6505,<wb>неправъдѫ
6506,<wb>правьдѣ
6507,<wb>възвратѧтъ
6508,<wb>дръжімъ
6509,<wb>цре
6510,<wb>вечерѭ
6511,<wb>наставітъ
6512,<wb>дѣлесе
6513,<wb>прѣкръ
6514,<wb>знаѭтъ
6515,<wb>любьві
6516,<wb>вѣроуѭтъ
6517,<wb>кѫпѣль
6518,<wb>правовѣръ
6519,<wb>кѫпѣлі
6520,<wb>глѫбо
6521,<wb>іюдеѭ
6522,<wb>глѫбінъі
6523,<wb>пророкомь
6524,<wb>вънѣ
6525,<wb>сладь
6526,<wb>новъ
6527,<wb>вьзлеже
6528,<wb>тъжде
6529,<wb>цѣсарьствіе
6530,<wb>блаженъі
6531,<wb>прѣбішѧ
6532,<wb>прілежь
6533,<wb>інъгда
6534,<wb>пріклоні
6535,<wb>пілата
6536,<wb>възнесетъ
6537,<wb>ідѫштоу
6538,<wb>съдрава
6539,снѫтъ
6540,<wb>прібліжішѧ
6541,<wb>молітъ
6542,<wb>достоіть
6543,<wb>пріхождѫ
6544,<wb>ісвѣ
6545,<wb>зълобъі
6546,<wb>мьсті
6547,<wb>іскоушаѧ
6548,<wb>ѧзѫ
6549,<wb>вьзідѫ
6550,<wb>ісходъ
6551,<wb>нѣкъі
6552,вленіѣ
6553,<wb>прѣс
6554,<wb>маловрѣмень
6555,<wb>хоулъі
6556,<wb>троуда
6557,<wb>поклоніші
6558,вьгіі
6559,<wb>стьзѧ
6560,<wb>філіпоу
6561,<wb>посълі
6562,<wb>лѣть
6563,слове
6564,<wb>слъішавъшеі
6565,<wb>оувѣдѣті
6566,<wb>жьнѧі
6567,<wb>събіраѭтъ
6568,<wb>старость
6569,<wb>прізьрѣ
6570,<wb>кнѧзь
6571,<wb>заімъ
6572,<wb>ошедъ
6573,<wb>строі
6574,<wb>кръстіѣнъ
6575,<wb>звѣріе
6576,<wb>славіті
6577,рѣахѫ
6578,<wb>іосіфоу
6579,<wb>зіжде
6580,<wb>съіі
6581,<wb>газофіла
6582,вьѣетъ
6583,шаго
6584,<wb>твоіма
6585,<wb>областіѭ
6586,<wb>прѣрѣка
6587,<wb>ліствіе
6588,<wb>вьслѣдъ
6589,<wb>оуготові
6590,<wb>іѣковль
6591,<wb>чъстъ
6592,<wb>дрѧх
6593,<wb>бѣжѧ
6594,<wb>покъі
6595,<wb>відѧштеі
6596,<wb>ісплъне
6597,ньскъ
6598,<wb>дѣте
6599,<wb>слоужааше
6600,вънъіі
6601,злъ
6602,<wb>дъвѣма
6603,крьсть
6604,<wb>оугнѣ
6605,нівъ
6606,<wb>прѣстѫпа
6607,<wb>вѣтроу
6608,<wb>неісто
6609,<wb>болѣзнъ
6610,<wb>отънѫдь
6611,<wb>сѣдѧште
6612,<wb>рекъшоу
6613,<wb>новое
6614,<wb>раздрѣшіті
6615,<wb>воѧ
6616,<wb>знаемъ
6617,<wb>хлъ
6618,<wb>рьцѣта
6619,<wb>братіе
6620,<wb>събрашѧ
6621,<wb>цркъве
6622,<wb>ізбѫдетъ
6623,лѭште
6624,<wb>обрѣтошѧ
6625,<wb>оправъданеі
6626,ѭштема
6627,<wb>растръза
6628,<wb>гноі
6629,<wb>закліна
6630,<wb>каіѣ
6631,<wb>орѫжіі
6632,піте
6633,<wb>хріста
6634,<wb>дѣлѣхъ
6635,<wb>вітаніѭ
6636,чѧѧ
6637,<wb>прочѧѧ
6638,<wb>езъікь
6639,<wb>мімоідетъ
6640,<wb>мьнь
6641,<wb>мрьтвь
6642,<wb>дръзнове
6643,діѧ
6644,нѣахѫ
6645,<wb>прѣльстѧтъ
6646,штена
6647,<wb>крілѣ
6648,<wb>вьскрьсе
6649,<wb>кьніжьніці
6650,<wb>добръіі
6651,<wb>кліро
6652,<wb>мъзда
6653,<wb>любѧтъ
6654,<wb>въпросіті
6655,<wb>вьскрѣшеніе
6656,<wb>попъ
6657,<wb>готовъ
6658,<wb>готова
6659,<wb>нѣка
6660,<wb>въпрошѫ
6661,<wb>съвръшілъ
6662,<wb>словесь
6663,<wb>тѣма
6664,<wb>тѣлесь
6665,<wb>колѣнома
6666,<wb>неоудобь
6667,<wb>іоръ
6668,<wb>таланътъ
6669,<wb>поустъінѧ
6670,<wb>лѣно
6671,<wb>едіномъ
6672,<wb>нево
6673,<wb>часѣ
6674,<wb>отъхо
6675,<wb>оубье
6676,<wb>кесаріѧ
6677,бѣхъ
6678,ноуетъ
6679,<wb>власфімі
6680,<wb>іродоу
6681,стенъ
6682,<wb>діа
6683,<wb>вьзле
6684,<wb>брашъна
6685,<wb>поміло
6686,<wb>зло
6687,<wb>зълъіѧ
6688,шаатъ
6689,<wb>гліте
6690,<wb>слънъ
6691,<wb>отвръзѫ
6692,<wb>ісповѣдаѭ
6693,таѧ
6694,<wb>варахісі
6695,<wb>въздрасте
6696,<wb>родомь
6697,<wb>члвскъі
6698,<wb>левъ
6699,<wb>стоѧштііхъ
6700,<wb>вьзвѣстітъ
6701,<wb>ісправье
6702,мрьть
6703,<wb>драга
6704,<wb>облъ
6705,<wb>ходѧтъ
6706,<wb>проріца
6707,бою
6708,<wb>аглі
6709,нѧті
6710,<wb>дъштерь
6711,<wb>твръ
6712,<wb>дома
6713,<wb>сѫдънъі
6714,<wb>елісаветь
6715,<wb>прісѧ
6716,<wb>оубіва
6717,<wb>трьхъ
6718,<wb>плакаахѫ
6719,<wb>жѧтвѣ
6720,<wb>отроці
6721,<wb>глхѫ
6722,кіѭ
6723,<wb>оувѣсте
6724,ру
6725,<wb>пасо
6726,<wb>дѣа
6727,<wb>стоѣті
6728,<wb>дадъ
6729,<wb>дворѣ
6730,<wb>скрьжетъ
6731,<wb>въшедъшоу
6732,<wb>небское
6733,<wb>добръ
6734,<wb>вьзѧсте
6735,<wb>вънемлѣте
6736,<wb>вьздра
6737,гліѣ
6738,<wb>вькоупѣ
6739,<wb>стаго
6740,<wb>сѫче
6741,<wb>довьлетъ
6742,<wb>хвалѧште
6743,нъімь
6744,<wb>дръжітъ
6745,<wb>стоѧште
6746,вовъ
6747,<wb>прѣклонівъ
6748,<wb>сілахъ
6749,<wb>мъногоу
6750,<wb>зак
6751,<wb>съкръве
6752,<wb>простьрѣ
6753,<wb>ісвъ
6754,сцѣі
6755,нѣѣ
6756,<wb>страда
6757,<wb>еуаггеліі
6758,<wb>свѧтъіхъ
6759,<wb>мілостіѭ
6760,мемъ
6761,ѣніе
6762,<wb>плѧ
6763,<wb>слоужъ
6764,міе
6765,<wb>лъжѧ
6766,<wb>гнѧ
6767,<wb>мьні
6768,зость
6769,<wb>ложі
6770,<wb>сътѧжа
6771,<wb>молімъ
6772,<wb>кага
6773,здъ
6774,шеньѣ
6775,<wb>такъ
6776,<wb>ізвесті
6777,шені
6778,<wb>міхаі
6779,<wb>чіс
6780,<wb>назна
6781,<wb>свободітъ
6782,<wb>пер
6783,шѫтъ
6784,ркъ
6785,<wb>ць
6786,нно
6787,<wb>гвоздіі
6788,<wb>божьство
6789,<wb>сѣве
6790,<wb>еріхѫ
6791,<wb>распьрѣ
6792,<wb>пріпа
6793,<wb>отърінѫ
6794,<wb>пріво
6795,вна
6796,чьнъіѧ
6797,<wb>заі
6798,<wb>прѣльсть
6799,<wb>поустъінѫ
6800,стве
6801,<wb>стьк
6802,<wb>сілоу
6803,<wb>стѫѭ
6804,дьнъ
6805,съвѣ
6806,въшѧ
6807,<wb>содо
6808,нась
6809,<wb>разда
6810,<wb>просвь
6811,ньемь
6812,<wb>девѧтъ
6813,<wb>съвѣдѣтельствоуетъ
6814,<wb>трѣбова
6815,<wb>спсетъ
6816,<wb>прілеж
6817,<wb>шь
6818,томь
6819,<wb>юноша
6820,<wb>братріѧ
6821,<wb>есвѣ
6822,<wb>піоніе
6823,<wb>храмінъі
6824,<wb>гробі
6825,<wb>звѣрь
6826,<wb>ден
6827,<wb>възем
6828,сръ
6829,<wb>глоухъі
6830,<wb>послѣдъ
6831,дьно
6832,<wb>въспла
6833,<wb>покааніѣ
6834,<wb>зра
6835,<wb>мрътвіі
6836,<wb>елісавеѳ
6837,<wb>дошъдъ
6838,<wb>бъівь
6839,<wb>проліваема
6840,<wb>невъз
6841,<wb>ізбъітъкъі
6842,<wb>въже
6843,тааше
6844,<wb>богатѣ
6845,овоу
6846,<wb>носіті
6847,<wb>оуче
6848,скь
6849,нъіе
6850,<wb>топло
6851,лѣзь
6852,чьте
6853,<wb>наімь
6854,<wb>слоужі
6855,дет
6856,<wb>боѣахѫ
6857,раетъ
6858,<wb>евреіскъі
6859,<wb>прѣстоѧ
6860,<wb>гре
6861,<wb>трѫсъ
6862,ждеші
6863,<wb>породѣ
6864,<wb>варахісіі
6865,<wb>сѧді
6866,<wb>прочіімъ
6867,<wb>лежѧштѫ
6868,<wb>сотонѫ
6869,<wb>прѣдаетъ
6870,<wb>пріѧхъ
6871,<wb>еднѫ
6872,<wb>съберѣте
6873,<wb>ребро
6874,<wb>оусоуші
6875,<wb>коеѧ
6876,<wb>вѣрънъі
6877,<wb>въсь
6878,<wb>нѣкъіі
6879,<wb>радоуѧ
6880,<wb>пріведѣте
6881,<wb>тере
6882,<wb>брашно
6883,<wb>старьцъ
6884,<wb>оуі
6885,<wb>пріімете
6886,<wb>вѣрьнъ
6887,<wb>таковаѣ
6888,<wb>рекшоу
6889,<wb>дьньмі
6890,<wb>многъіѧ
6891,<wb>велікѫѭ
6892,<wb>правдѫ
6893,<wb>ѫжа
6894,<wb>іхже
6895,<wb>аскліпіѣ
6896,<wb>прідохъ
6897,<wb>ходатаі
6898,<wb>гонез
6899,<wb>еуаггелістъ
6900,<wb>породѫ
6901,<wb>вельбѫдоу
6902,<wb>елісавеѳь
6903,<wb>достоіні
6904,<wb>жівоу
6905,<wb>божьства
6906,<wb>свѧтъіѧ
6907,ѳеѧ
6908,<wb>поімѣте
6909,<wb>еппа
6910,<wb>сласті
6911,<wb>старць
6912,<wb>съконча
6913,<wb>вері
6914,<wb>подъклоніті
6915,<wb>мѫченікомъ
6916,<wb>тъчіѭ
6917,<wb>въсѫдоу
6918,<wb>съплетъ
6919,<wb>еднѣмъ
6920,<wb>пріведенъ
6921,<wb>помъіслівъ
6922,<wb>погоубѧтъ
6923,<wb>врѣдъ
6924,<wb>коуміромъ
6925,<wb>крѣплѣаше
6926,дѣвъ
6927,<wb>помолівъ
6928,<wb>чіі
6929,<wb>чловѣці
6930,<wb>ослабѣ
6931,<wb>коумірь
6932,<wb>мѫчітелѣ
6933,<wb>слоужьбѣ
6934,<wb>горько
6935,<wb>праведьніці
6936,<wb>обрѣзаніе
6937,<wb>ізідошѧ
6938,<wb>множьства
6939,<wb>мосеа
6940,<wb>блаженіі
6941,<wb>подобьні
6942,бівъ
6943,<wb>едноі
6944,<wb>дрьжа
6945,<wb>оставлѣетъ
6946,<wb>пасі
6947,<wb>брашьно
6948,<wb>радостъ
6949,<wb>плѣнъ
6950,<wb>степенна
6951,<wb>тъмамі
6952,<wb>іміже
6953,<wb>вьсхотѣ
6954,<wb>дръжавѫ
6955,<wb>данъ
6956,<wb>веліцѣі
6957,<wb>члко
6958,<wb>вонъмі
6959,<wb>гласѣ
6960,<wb>іскѫштеі
6961,<wb>веденъ
6962,<wb>възвеселѧтъ
6963,кіа
6964,<wb>вьзіскахъ
6965,<wb>мѫкѫ
6966,<wb>въспоіте
6967,<wb>крѣпості
6968,<wb>послоушаті
6969,<wb>ірода
6970,<wb>вънідете
6971,<wb>съла
6972,<wb>іцѣлітъ
6973,<wb>небскъіѧ
6974,<wb>часъі
6975,<wb>ізвѣсті
6976,<wb>лежѧштѧ
6977,<wb>стѣнь
6978,<wb>вѣроуѭштіімъ
6979,<wb>прогнѣва
6980,<wb>кровѣхъ
6981,<wb>конъца
6982,<wb>оуказа
6983,<wb>поѭ
6984,<wb>лѫкъ
6985,<wb>стѣі
6986,гъда
6987,<wb>прівлѣшті
6988,<wb>мрътвъіі
6989,ъіті
6990,<wb>възненавідѣ
6991,клітъ
6992,<wb>съмрътіѭ
6993,<wb>прославіхъ
6994,<wb>аріѣнъ
6995,<wb>комоуждо
6996,<wb>спѫ
6997,<wb>ходѧі
6998,<wb>осѫжда
6999,<wb>прішедъі
7000,<wb>пріпада
7001,<wb>істе
7002,<wb>оузъ
7003,<wb>благословестві
7004,<wb>оубоѭ
7005,<wb>нечъ
7006,<wb>чісломъ
7007,<wb>інако
7008,<wb>възъмі
7009,<wb>съдѣла
7010,<wb>вѣчънааго
7011,<wb>обратітъ
7012,<wb>прѣбъішѧ
7013,<wb>сапогоу
7014,<wb>стоітъ
7015,<wb>расъіпа
7016,<wb>гласъі
7017,<wb>оумъръ
7018,евѣ
7019,<wb>вьселенѫѭ
7020,<wb>сіх
7021,<wb>цѣсаремъ
7022,ахомъ
7023,<wb>сънь
7024,<wb>подъножі
7025,<wb>дань
7026,<wb>латі
7027,жьнікомъ
7028,<wb>въспѧть
7029,<wb>доуховъ
7030,<wb>слоужіті
7031,<wb>мосѣа
7032,<wb>неправъдъі
7033,<wb>зама
7034,цамі
7035,<wb>ізгъі
7036,<wb>носітъ
7037,німь
7038,<wb>десніцѫ
7039,<wb>протівлѣ
7040,<wb>сърѣ
7041,<wb>окрьсть
7042,<wb>ѣзъі
7043,<wb>зміѭ
7044,<wb>сьвѣдѣтельствоуетъ
7045,<wb>полоуно
7046,<wb>сѣд
7047,<wb>наріцаемое
7048,<wb>оубѣді
7049,<wb>повѣдѣ
7050,<wb>ісвоу
7051,<wb>свѣтільніка
7052,<wb>дъскъі
7053,<wb>прѣподобъ
7054,<wb>сътьнікъ
7055,<wb>легеонъ
7056,<wb>іюдо
7057,ком
7058,<wb>богатьства
7059,<wb>въздаті
7060,<wb>каменіѣ
7061,<wb>съдравіі
7062,<wb>въдова
7063,<wb>поможетъ
7064,<wb>ілмѣ
7065,<wb>пръстъ
7066,<wb>жівѫштеі
7067,<wb>іштеші
7068,<wb>гав
7069,<wb>рождь
7070,любіе
7071,<wb>врѣдітъ
7072,<wb>съберѫтъ
7073,<wb>магдаліні
7074,<wb>татіе
7075,<wb>оуготоваі
7076,<wb>въторъі
7077,<wb>хь
7078,<wb>сковрадѫ
7079,<wb>ногъ
7080,<wb>въдовіца
7081,<wb>крѣпостіѭ
7082,<wb>соугоубь
7083,<wb>вѣровасте
7084,<wb>вѣі
7085,<wb>веселѧтъ
7086,ошѧ
7087,<wb>разоумѣеші
7088,<wb>възбрані
7089,<wb>въздвіже
7090,<wb>цвѣть
7091,<wb>маріѧ
7092,<wb>вънезаапѫ
7093,<wb>стъіімі
7094,<wb>застѫпа
7095,<wb>польза
7096,<wb>влъшъ
7097,<wb>слѣпа
7098,мъіслі
7099,<wb>глаголі
7100,лічілъ
7101,<wb>зап
7102,<wb>послѣдьні
7103,хіі
7104,<wb>мѫченікъі
7105,<wb>въісокѫ
7106,<wb>різахъ
7107,<wb>господ
7108,<wb>съвѧзаті
7109,<wb>жіліште
7110,цѣмі
7111,<wb>пріложітъ
7112,<wb>вельзѣво
7113,<wb>іерлма
7114,<wb>піетъ
7115,<wb>троіці
7116,<wb>горъ
7117,<wb>авіті
7118,<wb>слоугоу
7119,<wb>непь
7120,<wb>жідові
7121,дъно
7122,дьнікъ
7123,<wb>оставіте
7124,<wb>маловѣрі
7125,<wb>рѣцѣ
7126,<wb>бестоу
7127,<wb>въпрошъ
7128,<wb>прѣстѫ
7129,<wb>пріте
7130,<wb>оукръі
7131,<wb>ѣвішѧ
7132,<wb>оутва
7133,<wb>прѣдо
7134,<wb>доме
7135,ребрьнікъ
7136,<wb>сѫштааго
7137,<wb>котора
7138,<wb>повръгъ
7139,<wb>трѣбоуемъ
7140,<wb>разоріті
7141,<wb>творѧштіімъ
7142,<wb>въвѣ
7143,<wb>вѣньцѧ
7144,<wb>странахъ
7145,<wb>пріобрѣте
7146,дрѣма
7147,<wb>прімі
7148,<wb>храма
7149,<wb>прітъчі
7150,<wb>лоуна
7151,<wb>сісі
7152,<wb>прѣдолѣ
7153,<wb>веліеѭ
7154,<wb>бъіла
7155,<wb>непраздъ
7156,<wb>вьзбѣ
7157,кро
7158,<wb>прѣдамъ
7159,<wb>рѫкоѭ
7160,<wb>неразоумь
7161,<wb>тоужде
7162,<wb>наріцаті
7163,<wb>цѣлованіѣ
7164,<wb>вьзлюбіші
7165,<wb>срѣдѫ
7166,<wb>въскрьсе
7167,<wb>садоукеі
7168,мьже
7169,ъіпа
7170,<wb>вънегда
7171,<wb>дівъна
7172,<wb>оудръ
7173,<wb>ового
7174,<wb>слоухъі
7175,<wb>ладіі
7176,<wb>врътъпъ
7177,<wb>потрѧ
7178,<wb>хоудо
7179,<wb>закла
7180,<wb>вьсѣдъ
7181,<wb>елеонь
7182,длъ
7183,<wb>пропѧсѧ
7184,<wb>тъшті
7185,<wb>положіхъ
7186,штімь
7187,<wb>раздѣль
7188,<wb>вьпль
7189,<wb>сътворіі
7190,<wb>длъгъ
7191,тръпі
7192,<wb>ове
7193,заше
7194,<wb>елеонъ
7195,<wb>молітвоѭ
7196,<wb>мосеові
7197,жаше
7198,<wb>тръпѧ
7199,<wb>шесті
7200,<wb>меташѧ
7201,лѣѭтъ
7202,<wb>отвѣшташе
7203,<wb>съзіждѫ
7204,<wb>показаті
7205,<wb>бъівъшаа
7206,<wb>пшеніцѫ
7207,<wb>странь
7208,<wb>безаконіѣ
7209,въшеі
7210,<wb>старецъ
7211,нѧште
7212,<wb>дръзаіте
7213,<wb>діаво
7214,стехъ
7215,<wb>повелѣвъ
7216,<wb>аглъі
7217,<wb>ветъха
7218,<wb>крстітелѣ
7219,<wb>мьного
7220,<wb>кодрата
7221,емое
7222,<wb>мьне
7223,<wb>каменіі
7224,<wb>оклевета
7225,<wb>оушіма
7226,оупа
7227,<wb>тръніі
7228,ѳі
7229,<wb>прѣходітъ
7230,<wb>снѣгъ
7231,<wb>ехі
7232,<wb>кровъ
7233,<wb>чьтѫтъ
7234,<wb>лѣвѫѭ
7235,<wb>неповінъ
7236,<wb>вѣдѣлі
7237,<wb>ражда
7238,<wb>савіна
7239,<wb>бесь
7240,<wb>грѧдѫшть
7241,тое
7242,<wb>оубьѭтъ
7243,<wb>недоста
7244,<wb>сонъ
7245,<wb>сапогъ
7246,<wb>ослабленъ
7247,<wb>бѣсоу
7248,<wb>стъімь
7249,глас
7250,<wb>съпітъ
7251,лена
7252,<wb>соуеть
7253,ноуемоу
7254,<wb>брѣгоу
7255,<wb>грѫ
7256,<wb>съложеніѣ
7257,<wb>влъх
7258,<wb>недѫжъ
7259,<wb>жего
7260,<wb>црствіі
7261,<wb>въпросіте
7262,<wb>толікъі
7263,<wb>вьзлюбле
7264,<wb>дівлѣхѫ
7265,довъі
7266,<wb>хотѧштоу
7267,<wb>еван
7268,<wb>лютъі
7269,<wb>вьспо
7270,<wb>лѣтѣ
7271,<wb>кѫпі
7272,<wb>протівь
7273,<wb>праведьнікъ
7274,<wb>савъі
7275,тъіі
7276,квь
7277,<wb>печатьлѣ
7278,<wb>ѣсте
7279,<wb>плѧса
7280,<wb>каза
7281,вша
7282,<wb>въходітъ
7283,<wb>трѣбоуете
7284,<wb>отъвь
7285,<wb>прішьлі
7286,<wb>възлюбіші
7287,пьрі
7288,<wb>сні
7289,<wb>клѧті
7290,<wb>прорече
7291,телемъ
7292,<wb>въздасі
7293,десѧтъ
7294,<wb>съребра
7295,<wb>слоузѣ
7296,<wb>сѫпь
7297,<wb>скрьжь
7298,<wb>потрѣбъ
7299,скъімъ
7300,<wb>власі
7301,<wb>авраамле
7302,<wb>прьво
7303,<wb>мілостьѭ
7304,<wb>мѫже
7305,<wb>велічь
7306,селі
7307,<wb>пріемлете
7308,<wb>люблѭ
7309,<wb>оупъваніе
7310,<wb>съпасеніѣ
7311,рьно
7312,гъіі
7313,<wb>корабъ
7314,<wb>слъішѧштеі
7315,<wb>вълі
7316,піхъ
7317,<wb>бу
7318,<wb>мъісль
7319,<wb>дрьжі
7320,пъл
7321,<wb>томі
7322,<wb>добрѫ
7323,<wb>въст
7324,<wb>доіждеже
7325,<wb>іноплемень
7326,<wb>прібѣга
7327,<wb>лоучь
7328,<wb>начѧла
7329,<wb>даро
7330,<wb>клімента
7331,<wb>мол
7332,<wb>меѳо
7333,<wb>ѫгъ
7334,чінъі
7335,въшоумоу
7336,<wb>свтъі
7337,<wb>покоу
7338,<wb>соуе
7339,<wb>ісходѧштоу
7340,<wb>врѣда
7341,шено
7342,<wb>вечерѧ
7343,<wb>положітъ
7344,<wb>сѫт
7345,<wb>гръчь
7346,<wb>прѣбъіваіте
7347,<wb>мамо
7348,<wb>црковь
7349,скоѭ
7350,ніть
7351,евъ
7352,<wb>геніса
7353,дьше
7354,тор
7355,<wb>пѧтіѭ
7356,<wb>власвіміѭ
7357,сѣданіѣ
7358,<wb>пѣнъі
7359,<wb>оусто
7360,<wb>прѣлюбодѣа
7361,<wb>отвръза
7362,<wb>штоужде
7363,<wb>ѫтробѫ
7364,дѧшта
7365,зъше
7366,кше
7367,<wb>попі
7368,<wb>кораблі
7369,два
7370,мона
7371,штаатъ
7372,кіѣ
7373,<wb>прѣсе
7374,<wb>въсіѣ
7375,<wb>мтрі
7376,ліші
7377,<wb>отвръзетъ
7378,<wb>трьпѧ
7379,сенъ
7380,<wb>прішед
7381,ѳе
7382,стлѣ
7383,<wb>скотъ
7384,<wb>параклітъ
7385,<wb>сѫть
7386,<wb>въсѣко
7387,нъча
7388,<wb>домові
7389,<wb>дв
7390,<wb>црквь
7391,<wb>прка
7392,<wb>прістѫпа
7393,<wb>скѫде
7394,чѣ
7395,<wb>оусѫ
7396,<wb>падошѧ
7397,<wb>стоудъ
7398,емъіі
7399,жага
7400,<wb>възмѫті
7401,<wb>съкроуше
7402,зьда
7403,<wb>възможьна
7404,фео
7405,лаахѫ
7406,<wb>спірѫ
7407,<wb>прѫ
7408,<wb>закон
7409,рпі
7410,<wb>страждѧ
7411,<wb>оскѫдѣ
7412,нъііх
7413,<wb>ізѣ
7414,<wb>десное
7415,<wb>крьстіті
7416,тріклі
7417,<wb>архітріклі
7418,<wb>алчь
7419,<wb>бѣжаті
7420,шетъ
7421,<wb>тіве
7422,<wb>сіл
7423,<wb>размѣ
7424,<wb>андре
7425,<wb>члчъ
7426,<wb>доухь
7427,<wb>оунѣе
7428,шітъ
7429,<wb>прідосте
7430,<wb>прѣтръпѣвъі
7431,<wb>съмотріте
7432,<wb>боудоу
7433,<wb>водонось
7434,<wb>оцмъ
7435,<wb>прівѣсте
7436,<wb>вашімь
7437,<wb>огні
7438,<wb>пророкомъ
7439,<wb>жівітъ
7440,<wb>ѣдіте
7441,<wb>нівъі
7442,<wb>цѣсарѣ
7443,<wb>мрѣжѫ
7444,<wb>вьврѣшті
7445,<wb>мнась
7446,<wb>пагоубъі
7447,<wb>благъіі
7448,<wb>ілевъ
7449,<wb>ніед
7450,<wb>брате
7451,<wb>моліші
7452,<wb>вьстані
7453,<wb>глаголѧі
7454,<wb>въстаті
7455,<wb>дѣлесъі
7456,<wb>брѣзѣ
7457,<wb>смокъі
7458,<wb>сътворьшааго
7459,<wb>словѣньскъі
7460,<wb>поустітъ
7461,<wb>іюдеіскъі
7462,дѣтелѣ
7463,<wb>съмѣріхъ
7464,<wb>ірінеі
7465,<wb>епіскоупа
7466,<wb>андрѣ
7467,<wb>трепезѫ
7468,<wb>імѣшѧ
7469,<wb>пішетъ
7470,<wb>онѣхъ
7471,<wb>сьѧ
7472,<wb>моштьно
7473,<wb>срьдьцемь
7474,<wb>цѣсарьствоу
7475,<wb>цръкъвъ
7476,<wb>пѫтьмь
7477,<wb>істочнікъ
7478,<wb>оутврьдіті
7479,<wb>отъшъдъ
7480,<wb>анна
7481,<wb>грѣхоу
7482,<wb>самѣхъ
7483,<wb>благодаті
7484,<wb>слоужаахѫ
7485,<wb>куріонъ
7486,<wb>въздрадоуетъ
7487,кълі
7488,<wb>некълі
7489,<wb>цръковь
7490,<wb>сръдъце
7491,<wb>съплетъше
7492,дъша
7493,<wb>страннааго
7494,<wb>равьві
7495,<wb>гробъі
7496,<wb>ноуждеѭ
7497,<wb>връзі
7498,<wb>освѧ
7499,<wb>тьмьніці
7500,<wb>назарета
7501,<wb>ідосте
7502,<wb>глаголѫштемъ
7503,гохъ
7504,<wb>грігоріі
7505,<wb>кръста
7506,<wb>послоушатъ
7507,<wb>адамоу
7508,<wb>ісакіі
7509,<wb>таже
7510,<wb>вьпіѣше
7511,<wb>погрѣба
7512,<wb>хоулѫ
7513,<wb>гнѣвѣ
7514,<wb>іцѣленьѣ
7515,моуоумоу
7516,<wb>полоуношті
7517,<wb>оправъданіемъ
7518,<wb>ѣдѫште
7519,<wb>дѣвѣ
7520,<wb>іонѫ
7521,<wb>конобъ
7522,<wb>забъіхъ
7523,<wb>послоушаатъ
7524,<wb>воеводѫ
7525,<wb>штедръ
7526,<wb>хсе
7527,<wb>прѣзьрѣ
7528,<wb>правъіѧ
7529,<wb>праздьнъ
7530,<wb>дрѣве
7531,чѧште
7532,<wb>ліх
7533,<wb>алеѯандре
7534,<wb>господьнь
7535,<wb>славоу
7536,<wb>раждаетъ
7537,<wb>сънідѫ
7538,<wb>обьшть
7539,<wb>іста
7540,<wb>коі
7541,<wb>пооученіе
7542,<wb>різамі
7543,<wb>озъло
7544,<wb>пісаное
7545,<wb>люто
7546,<wb>олѣа
7547,<wb>ізмѣні
7548,<wb>копіе
7549,<wb>всѫ
7550,<wb>освѣшта
7551,<wb>срцемь
7552,<wb>проц
7553,<wb>кнѧза
7554,<wb>прішьствіе
7555,<wb>погрѫ
7556,<wb>въсхвалѧтъ
7557,<wb>гробь
7558,<wb>весъ
7559,дрьжі
7560,<wb>обрашта
7561,<wb>въскрѣшѫ
7562,<wb>чістотѣ
7563,<wb>вьлѣзъше
7564,<wb>біѭште
7565,<wb>лъсті
7566,<wb>свѧтѣ
7567,<wb>помоштънікъ
7568,<wb>обітѣлі
7569,<wb>благочьсті
7570,<wb>камѣ
7571,діхъ
7572,<wb>наведе
7573,<wb>безаконенье
7574,<wb>двьремъ
7575,<wb>снь
7576,<wb>преторъ
7577,<wb>възлюбіхъ
7578,<wb>зналі
7579,<wb>обое
7580,<wb>носіма
7581,<wb>крьстьѣ
7582,<wb>лютъ
7583,<wb>сѣдѧі
7584,<wb>оумьрете
7585,<wb>ідемъ
7586,<wb>блаз
7587,<wb>вьі
7588,<wb>оутро
7589,бошѧ
7590,<wb>отрокъі
7591,<wb>поклонѧтъ
7592,<wb>жіветъ
7593,<wb>вѣроуоуте
7594,<wb>оубоѣвъше
7595,<wb>волъі
7596,<wb>обрѣтомъ
7597,<wb>стані
7598,<wb>свѧтое
7599,<wb>кънѧзѧ
7600,<wb>нікоеѧ
7601,<wb>натанаіль
7602,<wb>вьсѫдоу
7603,<wb>гласі
7604,<wb>въпіѣхѫ
7605,<wb>львъ
7606,рѣѧ
7607,<wb>ліці
7608,<wb>вашемъ
7609,<wb>възложіті
7610,<wb>ѣръ
7611,<wb>гѫбѫ
7612,<wb>зръно
7613,<wb>жрѣбь
7614,<wb>лонѣ
7615,<wb>прѣмлъ
7616,<wb>вратѣхъ
7617,<wb>ніштъ
7618,<wb>незъло
7619,<wb>замато
7620,<wb>пѣніѣ
7621,<wb>мілосрь
7622,<wb>погоубіхъ
7623,<wb>громъ
7624,<wb>трѣбѣ
7625,<wb>страсто
7626,<wb>отврьзі
7627,<wb>хоте
7628,<wb>прркмъ
7629,<wb>оумножішѧ
7630,<wb>аме
7631,<wb>хранітъ
7632,<wb>кротъкъ
7633,<wb>подь
7634,<wb>сатор
7635,<wb>доброро
7636,<wb>брашъно
7637,<wb>поустішѧ
7638,ставішѧ
7639,<wb>съвъкоу
7640,<wb>нѣкъ
7641,<wb>кънѧзъ
7642,стоуоумоу
7643,<wb>доухо
7644,<wb>връха
7645,<wb>імемъ
7646,<wb>лоно
7647,ньскъіѧ
7648,<wb>така
7649,<wb>належѧ
7650,<wb>бѣста
7651,<wb>глаголете
7652,<wb>прѣті
7653,<wb>пріо
7654,<wb>пріобь
7655,<wb>новѫ
7656,<wb>съконьчашѧ
7657,<wb>рамѣ
7658,<wb>хвалімъ
7659,<wb>въведе
7660,<wb>благоволеніе
7661,<wb>кесарѣ
7662,<wb>самарѣнінъ
7663,<wb>господьнѧ
7664,<wb>съшедъі
7665,<wb>ѫжіка
7666,<wb>жівеші
7667,чішѧ
7668,<wb>зоветъ
7669,<wb>благовѣстіті
7670,<wb>строіте
7671,<wb>закономъ
7672,<wb>ізвѣсто
7673,<wb>канді
7674,<wb>фарісѣомъ
7675,<wb>іордана
7676,<wb>заповѣдемъ
7677,нілъ
7678,<wb>інѣмь
7679,<wb>въставіті
7680,<wb>сънідетъ
7681,<wb>оубііство
7682,хомъі
7683,<wb>въспѣ
7684,<wb>пішѧ
7685,<wb>древь
7686,<wb>прізовѫ
7687,<wb>мнітъ
7688,<wb>опрѣснъ
7689,<wb>оуготованое
7690,<wb>бзі
7691,<wb>прѣк
7692,<wb>дъні
7693,тьѣ
7694,<wb>відѣаше
7695,<wb>текѫ
7696,<wb>богочьсті
7697,шьні
7698,<wb>вѣіе
7699,<wb>іскоушеніе
7700,<wb>глѭштемь
7701,<wb>оутрьѣ
7702,<wb>окоу
7703,<wb>отрочѧте
7704,<wb>жрътвъі
7705,<wb>сътрѧсе
7706,<wb>ісаіѧ
7707,кнѫті
7708,<wb>горѧ
7709,ною
7710,<wb>орѫжье
7711,таті
7712,<wb>прѣдааніе
7713,<wb>іспльненъ
7714,<wb>спо
7715,<wb>філософе
7716,<wb>пріносітъ
7717,<wb>обоу
7718,<wb>тъісѫштѧ
7719,<wb>ісѧ
7720,чаетъ
7721,<wb>добрѣі
7722,<wb>свьтѧ
7723,<wb>надо
7724,<wb>бъіваахѫ
7725,<wb>навъікнѫтъ
7726,жъство
7727,<wb>възърѣвъ
7728,<wb>глшѧ
7729,<wb>въсеі
7730,<wb>пріношаахѫ
7731,<wb>назарѣні
7732,<wb>бъіст
7733,ваі
7734,<wb>отъмета
7735,<wb>пасцѣ
7736,шьлі
7737,<wb>пожъ
7738,<wb>іюдеіхъ
7739,това
7740,<wb>жрътвъ
7741,<wb>соботъ
7742,<wb>плашта
7743,<wb>свою
7744,<wb>імѣѭште
7745,<wb>прітво
7746,<wb>іспоусті
7747,<wb>голѫбь
7748,<wb>главамі
7749,<wb>пропѧшѧ
7750,<wb>прѣімъ
7751,<wb>бѣсовъ
7752,<wb>чловѣчьскъіі
7753,<wb>глѫбінѫ
7754,<wb>господьнѣ
7755,носъ
7756,<wb>отъвѣштаваеші
7757,<wb>црсіѣ
7758,<wb>ізвлѣче
7759,<wb>законопрѣстѫпь
7760,<wb>таіна
7761,<wb>хрістіа
7762,<wb>пріш
7763,<wb>послоужі
7764,клонь
7765,ділъ
7766,<wb>съкръіхъ
7767,<wb>імѣхъ
7768,<wb>раскопа
7769,<wb>затворенъі
7770,<wb>зьрѣ
7771,нъіѣ
7772,<wb>велікоуоумоу
7773,<wb>прѣльстіті
7774,<wb>оумъно
7775,<wb>лъжіі
7776,<wb>гладі
7777,нікома
7778,<wb>протівіті
7779,<wb>остаті
7780,<wb>аве
7781,<wb>досажда
7782,<wb>етеръі
7783,<wb>отъвѣштаті
7784,<wb>хрьсто
7785,<wb>оустрьмі
7786,<wb>отъгна
7787,штамі
7788,<wb>въвръзѣте
7789,<wb>рождъ
7790,<wb>зіждѫштеі
7791,<wb>юнь
7792,<wb>смоковьніцѫ
7793,<wb>въдво
7794,<wb>вьчера
7795,<wb>задѣшѧ
7796,внъ
7797,<wb>ізбавленіе
7798,жівъ
7799,ѫдоу
7800,<wb>безаконенъ
7801,<wb>вьскръ
7802,<wb>пріемъше
7803,<wb>стоѧштѧ
7804,<wb>братріѭ
7805,<wb>двора
7806,<wb>сѫботънъі
7807,<wb>образъі
7808,<wb>съче
7809,<wb>оумолі
7810,<wb>потръпі
7811,<wb>црькъві
7812,<wb>добіі
7813,прѣті
7814,чловѣ
7815,злі
7816,<wb>обратіте
7817,<wb>ръібѫ
7818,<wb>кошъ
7819,<wb>съглѧда
7820,<wb>ізгънаті
7821,<wb>роде
7822,<wb>прѣдалъ
7823,<wb>повѣдіте
7824,<wb>облака
7825,<wb>кьнѧзь
7826,<wb>скі
7827,<wb>прііма
7828,<wb>храніте
7829,<wb>забъішѧ
7830,<wb>прѣподобьноуоумоу
7831,<wb>каіафѣ
7832,<wb>отъпоустіті
7833,<wb>каменъ
7834,<wb>въздвігъ
7835,<wb>вельѣ
7836,<wb>кроу
7837,<wb>псі
7838,<wb>въпіетъ
7839,<wb>мнозѣмъ
7840,<wb>моусе
7841,<wb>відъсаі
7842,точі
7843,<wb>кръвоточі
7844,жашѧ
7845,<wb>чоуждаахѫ
7846,дітель
7847,<wb>посълахъ
7848,<wb>ономь
7849,<wb>варіті
7850,<wb>храмѣ
7851,<wb>коупѧтъ
7852,<wb>лежа
7853,<wb>сіро
7854,<wb>лесть
7855,<wb>сѣдъше
7856,<wb>вьсѣкого
7857,<wb>міро
7858,<wb>въземъ
7859,<wb>гороу
7860,<wb>оустраші
7861,жате
7862,<wb>гоненію
7863,<wb>лютѣі
7864,<wb>сѣаное
7865,<wb>іскѫште
7866,<wb>водоу
7867,<wb>стаѣ
7868,<wb>повѣждь
7869,<wb>ізгонѭ
7870,<wb>ізволіхъ
7871,<wb>простьрі
7872,<wb>въпадетъ
7873,<wb>осѫді
7874,<wb>іереомъ
7875,<wb>піѧі
7876,<wb>слъішавъші
7877,<wb>растѣ
7878,<wb>въдаті
7879,кію
7880,стіе
7881,<wb>прці
7882,<wb>пѣнѧзоу
7883,<wb>чаемъ
7884,<wb>імѣнье
7885,<wb>въврѣшті
7886,<wb>четврь
7887,<wb>маломо
7888,кръвено
7889,<wb>оучітеле
7890,<wb>мѧкъ
7891,<wb>пцѣте
7892,<wb>мѫдрі
7893,<wb>сѣно
7894,зла
7895,<wb>рімь
7896,<wb>тоуне
7897,<wb>ізведетъ
7898,<wb>евн
7899,<wb>стоую
7900,<wb>ісмъ
7901,<wb>отътоу
7902,<wb>окова
7903,<wb>жівѫштіі
7904,<wb>пасомо
7905,<wb>тіші
7906,<wb>блажѫ
7907,<wb>вьвѣ
7908,<wb>вьсѣа
7909,ждахъ
7910,<wb>сътворьша
7911,<wb>оумѣете
7912,<wb>просітъ
7913,<wb>тлъкѫ
7914,<wb>оувѣштаті
7915,<wb>братроу
7916,<wb>іштѣте
7917,<wb>ѧзці
7918,<wb>іспі
7919,<wb>пастѣ
7920,<wb>облѣчете
7921,<wb>въсаді
7922,<wb>тьлітъ
7923,<wb>девѧтъіѧ
7924,<wb>члвкомъ
7925,сль
7926,<wb>мьнѧтъ
7927,<wb>прославѧтъ
7928,<wb>цѣлоу
7929,<wb>клънѫ
7930,<wb>котъі
7931,<wb>коза
7932,<wb>гонѧ
7933,<wb>цсрѣ
7934,<wb>ізбърахъ
7935,<wb>поушта
7936,стънъіѧ
7937,<wb>оудъ
7938,<wb>съблажна
7939,<wb>прічѧсть
7940,<wb>въскр
7941,вемъ
7942,<wb>нѣкого
7943,<wb>алелоуіѣ
7944,нѫѫ
7945,<wb>тѫдѣ
7946,<wb>чловѣчьскъі
7947,<wb>расѫ
7948,<wb>простьръ
7949,<wb>прапрѫ
7950,<wb>есе
7951,<wb>достоінъі
7952,німі
7953,<wb>растрь
7954,<wb>съвѧзашѧ
7955,нѣіші
7956,<wb>добье
7957,<wb>вьсемо
7958,<wb>распѫті
7959,<wb>хоштета
7960,<wb>хмь
7961,тьніці
7962,<wb>прѣобра
7963,<wb>оуморі
7964,<wb>поврѣшті
7965,<wb>слова
7966,<wb>проповѣдаахѫ
7967,<wb>ніць
7968,<wb>тѧго
7969,<wb>ігемонъ
7970,стоумоу
7971,<wb>потрѣбі
7972,<wb>дѣтѣлі
7973,<wb>оуслъішаті
7974,клъ
7975,<wb>ішьдъше
7976,<wb>срамьѣ
7977,<wb>ізнеможе
7978,<wb>цѣсаръ
7979,<wb>кънѧзь
7980,<wb>ножъ
7981,<wb>чьтетъ
7982,<wb>ніх
7983,<wb>мура
7984,<wb>жідомъ
7985,<wb>назіра
7986,<wb>потопа
7987,коѭ
7988,<wb>зълодѣ
7989,<wb>чесомоу
7990,<wb>стоѣахѫ
7991,<wb>адамо
7992,<wb>мороу
7993,<wb>твоімі
7994,нѭѭ
7995,<wb>захаріѧ
7996,<wb>наріцаемѣ
7997,<wb>сѫпротівь
7998,маго
7999,<wb>въскрѣшеніе
8000,<wb>под
8001,<wb>прѣмѣні
8002,тамі
8003,<wb>оръ
8004,<wb>наоучѫ
8005,<wb>ізѧті
8006,шімь
8007,<wb>ошьдъ
8008,геліе
8009,<wb>пѣнѧзъ
8010,<wb>бъівъшіі
8011,<wb>свѣштамі
8012,льні
8013,<wb>ѫтробѣ
8014,<wb>божъ
8015,вьца
8016,<wb>іоанѣ
8017,<wb>црстві
8018,въшѧѧ
8019,<wb>ізо
8020,діві
8021,<wb>отъре
8022,<wb>посълаті
8023,<wb>оудалі
8024,<wb>отьчь
8025,<wb>радъ
8026,<wb>ізгоу
8027,<wb>спъіті
8028,<wb>прѣгрѣ
8029,<wb>въме
8030,<wb>сіленъ
8031,сцѣмь
8032,віло
8033,<wb>оумъіш
8034,<wb>глштемъ
8035,ноуі
8036,<wb>оусъпе
8037,<wb>дека
8038,<wb>хлѣбь
8039,<wb>сьть
8040,штаѭтъ
8041,<wb>езеро
8042,воумоу
8043,<wb>нѣкоторіі
8044,съвѣдѣтель
8045,<wb>събора
8046,<wb>пілатові
8047,<wb>темніці
8048,<wb>поустѣ
8049,лет
8050,<wb>расточі
8051,<wb>прідѣта
8052,<wb>отвръже
8053,<wb>іеремі
8054,<wb>распѧсѧ
8055,<wb>отъште
8056,штеніемъ
8057,съжага
8058,ніноу
8059,ствоуѭтъ
8060,<wb>мьшѣ
8061,<wb>коньчінѫ
8062,ана
8063,тре
8064,чінѣ
8065,<wb>нега
8066,наоумѣ
8067,<wb>славімъ
8068,<wb>затвореномъ
8069,<wb>млср
8070,<wb>отъцъ
8071,<wb>едіночѧ
8072,<wb>мѫченікоу
8073,<wb>рекоста
8074,салъ
8075,<wb>оупітѣ
8076,<wb>сьребролюбь
8077,<wb>іоудеі
8078,ѭштѫ
8079,<wb>піѣ
8080,скъіімі
8081,<wb>дъне
8082,асте
8083,стѧі
8084,<wb>філіпь
8085,<wb>оупі
8086,<wb>авлѣ
8087,<wb>наш
8088,<wb>піѧ
8089,<wb>крѣпь
8090,ствоуетъ
8091,<wb>вълѣзь
8092,<wb>вѣвѣ
8093,скръ
8094,<wb>сѣнь
8095,влѫ
8096,<wb>пріносі
8097,<wb>погъібѣль
8098,<wb>богосло
8099,<wb>обоѭ
8100,<wb>сьсѫ
8101,<wb>оумеръ
8102,<wb>хотѧшті
8103,<wb>дівѧ
8104,<wb>іскаріотьскъі
8105,<wb>рекъше
8106,<wb>звѣріі
8107,<wb>наімьнікъ
8108,нъмь
8109,<wb>сътворівъше
8110,<wb>помѧнѫхъ
8111,<wb>въскрѣшенье
8112,<wb>златомъ
8113,<wb>нім
8114,<wb>сестрѫ
8115,вастръ
8116,<wb>алавастръ
8117,<wb>въспросітъ
8118,<wb>авраамлѣ
8119,<wb>господьні
8120,діемъ
8121,<wb>кнігахь
8122,<wb>продаѭштіімъ
8123,<wb>обрѫченѣ
8124,<wb>прѣдъложеніѣ
8125,<wb>безоуміе
8126,<wb>оубогъіі
8127,<wb>дьштерь
8128,<wb>нъінѣчоу
8129,<wb>мѫдръ
8130,<wb>сам
8131,<wb>спѣшеніе
8132,<wb>благааго
8133,<wb>пріскръбенъ
8134,<wb>цѣліте
8135,<wb>небесное
8136,<wb>вѣчьнааго
8137,<wb>любілі
8138,<wb>хрістосовъі
8139,<wb>херовімъ
8140,<wb>отъпоустѧтъ
8141,<wb>скврънѧтъ
8142,<wb>трьніе
8143,<wb>правовѣрънъііхъ
8144,<wb>донеліже
8145,<wb>блѧді
8146,<wb>обрѣтаетъ
8147,<wb>врачоу
8148,<wb>прігво
8149,<wb>понѣві
8150,<wb>мамонѣ
8151,<wb>аскліпіѣдъ
8152,<wb>речеть
8153,<wb>оуготоваіте
8154,<wb>жівот
8155,<wb>іскоушеноу
8156,рівъ
8157,<wb>іскоупі
8158,<wb>бісъ
8159,<wb>оусра
8160,<wb>въсѣмі
8161,<wb>отвръзошѧ
8162,<wb>хрістосѣ
8163,<wb>казнь
8164,<wb>възіскатъ
8165,<wb>дьніе
8166,<wb>архіеппа
8167,<wb>небесъскъіі
8168,<wb>борѫ
8169,<wb>въдовіцѧ
8170,<wb>покаѭтъ
8171,<wb>повѣдѧтъ
8172,<wb>діѣволо
8173,<wb>вѣтромъ
8174,<wb>сьрѣ
8175,<wb>жівотворѧ
8176,<wb>безъло
8177,<wb>костантіна
8178,<wb>стоіте
8179,<wb>прілежѧ
8180,<wb>въвръгѫтъ
8181,<wb>манастъіра
8182,<wb>кесаріѭ
8183,<wb>чьстьно
8184,<wb>сьгрѣ
8185,<wb>бліжьнѧѧ
8186,<wb>стрѣгѫште
8187,<wb>покажѫ
8188,<wb>отвешташе
8189,<wb>посагаѭтъ
8190,<wb>ноуждѫ
8191,<wb>ѣкова
8192,<wb>пролѣетъ
8193,<wb>крьштеньѣ
8194,<wb>срьдце
8195,<wb>напоісте
8196,<wb>блгві
8197,<wb>цѣсарьствоуѭштоу
8198,<wb>блѫдь
8199,<wb>оуне
8200,<wb>слъньцоу
8201,<wb>потрѣба
8202,цьлъ
8203,<wb>родьство
8204,<wb>каменіемъ
8205,<wb>молѣста
8206,<wb>іоуліѣні
8207,<wb>кореніѣ
8208,<wb>оанна
8209,<wb>повелѣнію
8210,<wb>епіскоупомъ
8211,<wb>въпрошеніі
8212,<wb>любѧштіімъ
8213,<wb>мѫдрості
8214,<wb>лішеніѣ
8215,<wb>блнъ
8216,<wb>прізъвашѧ
8217,<wb>подъножіе
8218,<wb>послоушашѧ
8219,<wb>ѫтроба
8220,заапъ
8221,<wb>сънъмішті
8222,<wb>прѣлішта
8223,<wb>артемі
8224,<wb>непрѣподобьне
8225,<wb>боуді
8226,<wb>грѣшьнікомъ
8227,<wb>мѫдростіѭ
8228,<wb>оуселе
8229,<wb>ноужда
8230,<wb>прѣміло
8231,<wb>въноу
8232,<wb>дроугомъ
8233,<wb>хоштеть
8234,<wb>пріімемъ
8235,<wb>чоудесемъ
8236,<wb>познаетъ
8237,<wb>чьстьнѣі
8238,<wb>діѣпъ
8239,<wb>подвігъ
8240,<wb>всѣка
8241,пьство
8242,<wb>прѣдамъі
8243,<wb>пъслмъ
8244,<wb>зъванъ
8245,<wb>трепеза
8246,<wb>добраѣ
8247,<wb>оумрѣшѧ
8248,<wb>іскопаті
8249,<wb>масла
8250,<wb>родітелѧ
8251,жівѣ
8252,<wb>възгра
8253,<wb>чістѣі
8254,<wb>беспльть
8255,льпе
8256,<wb>конца
8257,<wb>съмѣрілъ
8258,<wb>ожіветъ
8259,<wb>распѧтіе
8260,плеі
8261,<wb>корѣ
8262,<wb>възносѧі
8263,<wb>снві
8264,<wb>безаконніе
8265,доуѭтъ
8266,<wb>прѣдана
8267,<wb>всемь
8268,<wb>послоушаніе
8269,<wb>пѣснъ
8270,<wb>поіде
8271,<wb>змур
8272,<wb>плачъ
8273,<wb>възнесѫ
8274,состо
8275,<wb>хрісосто
8276,<wb>боуі
8277,<wb>прѣмлъчі
8278,<wb>ефра
8279,<wb>заштіті
8280,<wb>отъпоуштеніе
8281,бьно
8282,<wb>носѧтъ
8283,<wb>жітіа
8284,<wb>ага
8285,<wb>завѣть
8286,<wb>поідѫ
8287,<wb>бъівъшѧѧ
8288,<wb>страші
8289,<wb>ѳеодосіі
8290,<wb>сьвѣдѣтельство
8291,<wb>оуклонішѧ
8292,<wb>лаврѫ
8293,<wb>члкомъ
8294,<wb>въсемоу
8295,<wb>страстіі
8296,<wb>възвратіті
8297,<wb>пьтіцѧ
8298,<wb>особь
8299,<wb>отъштетітъ
8300,<wb>хрістіан
8301,тьмі
8302,<wb>прѣбі
8303,<wb>ііль
8304,пова
8305,<wb>възвѣштѫ
8306,<wb>можемъ
8307,<wb>даі
8308,жае
8309,<wb>наріцаатъ
8310,валь
8311,<wb>клеплѧ
8312,<wb>слоужітъ
8313,лѣті
8314,<wb>ненавідѧі
8315,<wb>рімлѣ
8316,спрь
8317,<wb>болітъ
8318,<wb>створішѧ
8319,<wb>скажі
8320,<wb>съложі
8321,<wb>въздрастъ
8322,<wb>прѣполо
8323,<wb>възъмѫтъ
8324,<wb>маннѫ
8325,<wb>нечъсті
8326,<wb>жівотоу
8327,<wb>оуслъішашѧ
8328,<wb>оубогоу
8329,<wb>сьньміштііхъ
8330,<wb>десѧтъі
8331,<wb>четъіръ
8332,лость
8333,<wb>съблюде
8334,<wb>ходѧште
8335,<wb>скорѣе
8336,<wb>дівъно
8337,<wb>помѣнѫшѧ
8338,дъна
8339,<wb>съіто
8340,<wb>грѧдѫтъ
8341,<wb>показавъ
8342,<wb>нікоеѧже
8343,ваѭ
8344,<wb>прославішѧ
8345,<wb>старѣішінъ
8346,<wb>вльх
8347,<wb>оімъ
8348,<wb>женіхоу
8349,<wb>пьшеніцѫ
8350,<wb>кость
8351,<wb>родомъ
8352,<wb>істіноѭ
8353,<wb>архітріклінъ
8354,тънъііхъ
8355,<wb>осѧ
8356,<wb>звѣрьмі
8357,<wb>възглаголѭтъ
8358,<wb>свѧтоуоумоу
8359,<wb>вечерѣ
8360,<wb>ѣвіті
8361,меть
8362,<wb>сірѣчь
8363,<wb>мрътвь
8364,<wb>крѣпокъ
8365,<wb>поідошѧ
8366,<wb>скврънітъ
8367,<wb>бѣсѧ
8368,<wb>стъг
8369,<wb>імѣі
8370,<wb>възврашть
8371,<wb>аф
8372,чьнааго
8373,<wb>къніжьнікъі
8374,<wb>пріходѧтъ
8375,<wb>отъстѫпіте
8376,<wb>възмогѫтъ
8377,<wb>пріходѧште
8378,<wb>ізбъіті
8379,<wb>тріе
8380,<wb>възго
8381,ваѭштоу
8382,<wb>повіноуѭтъ
8383,<wb>жьрь
8384,<wb>достоѣнье
8385,рм
8386,<wb>страш
8387,<wb>шъ
8388,пьемъ
8389,<wb>слъішааше
8390,<wb>подрѣ
8391,<wb>съхождааше
8392,<wb>прогла
8393,<wb>чьтеші
8394,<wb>отъмѣтаѧі
8395,<wb>ідѫштемъ
8396,<wb>самарѣнъ
8397,<wb>поуть
8398,<wb>дошьдь
8399,<wb>плачіте
8400,<wb>божіемъ
8401,<wb>оубоу
8402,<wb>муромь
8403,<wb>безаконеніѣ
8404,<wb>слоухоу
8405,<wb>юноше
8406,<wb>вратомъ
8407,<wb>двіжі
8408,<wb>зълое
8409,<wb>бръвъно
8410,кохъ
8411,<wb>растѣаше
8412,<wb>обрѧштѫтъ
8413,<wb>хрістосово
8414,<wb>дьнеі
8415,<wb>мѣсі
8416,<wb>оумрът
8417,<wb>ловѧ
8418,<wb>отъстѫпіті
8419,<wb>патріархъ
8420,<wb>прѣѧ
8421,<wb>едіноі
8422,<wb>бъівъшііхъ
8423,<wb>рѫкахъ
8424,<wb>діѣволомъ
8425,<wb>свѧтіі
8426,<wb>крьстітъ
8427,<wb>отрѣшіті
8428,<wb>грѧдѫштааго
8429,<wb>несьвѣ
8430,<wb>відѣвъша
8431,<wb>пасхъі
8432,<wb>апостолъі
8433,<wb>гню
8434,<wb>іѣковоу
8435,<wb>імѣньѣ
8436,<wb>спсъ
8437,<wb>полі
8438,<wb>хотѣлъ
8439,цмъ
8440,<wb>страті
8441,<wb>бівъше
8442,<wb>дівно
8443,<wb>отъгъна
8444,<wb>іѣков
8445,<wb>мс
8446,ствье
8447,<wb>наложі
8448,<wb>прібъі
8449,таѣ
8450,<wb>сръдъца
8451,ждьше
8452,<wb>порока
8453,<wb>заповѣдехъ
8454,<wb>повѣсть
8455,<wb>оумрьтві
8456,<wb>съньміштіхъ
8457,<wb>відѣста
8458,<wb>вьскрь
8459,<wb>осѫжденье
8460,<wb>сѣдѧшть
8461,<wb>юношѫ
8462,<wb>опо
8463,<wb>едномь
8464,<wb>дроугааго
8465,<wb>цѣсарьствіѣ
8466,<wb>пожръті
8467,<wb>юношѧ
8468,кольмі
8469,<wb>дада
8470,<wb>въздрадовашѧ
8471,<wb>ізбішѧ
8472,<wb>възовѫ
8473,<wb>съборь
8474,<wb>ізбъранъіхъ
8475,<wb>оукланѣ
8476,<wb>члвчскааго
8477,<wb>бье
8478,<wb>прѣльштені
8479,<wb>зль
8480,<wb>съмѣаше
8481,<wb>іноѧ
8482,<wb>большѧ
8483,<wb>самѣмъ
8484,<wb>проклѧтъ
8485,<wb>овогда
8486,<wb>каіафа
8487,<wb>сквръна
8488,<wb>жрътва
8489,<wb>годѣ
8490,<wb>въсклікнѣте
8491,мр
8492,вное
8493,<wb>помъішлѣахѫ
8494,<wb>ѣдъшііхъ
8495,<wb>народо
8496,<wb>словоу
8497,<wb>застѫпі
8498,<wb>кнѧземъ
8499,<wb>расла
8500,<wb>заповѣдіі
8501,<wb>бъівъшіімъ
8502,<wb>прѣмѫдръі
8503,<wb>езерѣ
8504,<wb>самь
8505,<wb>ръібоу
8506,<wb>антіо
8507,<wb>оувѣдѣвъше
8508,<wb>сътома
8509,<wb>коупімъ
8510,<wb>оходѧ
8511,<wb>блюдѣ
8512,<wb>іакова
8513,<wb>пркъі
8514,<wb>остро
8515,<wb>піръі
8516,<wb>възложь
8517,<wb>міромъ
8518,<wb>прішьдъші
8519,штеші
8520,<wb>прѣтръ
8521,<wb>боурѣ
8522,<wb>прѣідѣмъ
8523,<wb>стада
8524,<wb>алчъ
8525,<wb>възложѧтъ
8526,<wb>одро
8527,влѣѭтъ
8528,<wb>моръ
8529,саатъ
8530,<wb>чъсть
8531,<wb>ізгоніті
8532,<wb>аннѣ
8533,<wb>оскла
8534,феова
8535,<wb>могѫште
8536,<wb>очіштеніе
8537,<wb>оубоѣвъ
8538,<wb>ѣвьѣѧ
8539,<wb>благоволіхъ
8540,<wb>ісповѣдаѭште
8541,<wb>кръстѧ
8542,<wb>въпіѭштааго
8543,<wb>въстаѭтъ
8544,<wb>оубла
8545,<wb>тъште
8546,<wb>васнь
8547,<wb>въпіѣше
8548,<wb>боіта
8549,<wb>пръвѫѭ
8550,<wb>одръжѧ
8551,<wb>іюдѣомъ
8552,<wb>обітъ
8553,<wb>аріа
8554,<wb>зьрѧштѧ
8555,<wb>дъвое
8556,<wb>въішънѣаго
8557,<wb>кръстітъ
8558,тапе
8559,<wb>катапе
8560,<wb>рѫгаѭште
8561,<wb>деньмі
8562,<wb>хоулѣахѫ
8563,<wb>порѫгашѧ
8564,<wb>арімаѳеѧ
8565,<wb>плінѫ
8566,влъкъше
8567,пънѫтъ
8568,<wb>црькъвь
8569,<wb>праведьнікоу
8570,<wb>моеѭ
8571,<wb>прѣдавъ
8572,<wb>бесѣда
8573,<wb>стоѧштеі
8574,<wb>прорьці
8575,<wb>повіненъ
8576,<wb>заклінаѭ
8577,<wb>събьрашѧ
8578,<wb>прізьвавъ
8579,<wb>ісоусъ
8580,<wb>чаша
8581,<wb>нашемъ
8582,<wb>прѣшьдъ
8583,<wb>вѣста
8584,<wb>мінѫвъшоу
8585,<wb>разідѫтъ
8586,<wb>земьѣ
8587,<wb>глаголаста
8588,<wb>сумеонъ
8589,рію
8590,<wb>прідете
8591,<wb>полоучіті
8592,<wb>събіраѧ
8593,<wb>вѣдѣхъ
8594,<wb>троуждаѭтъ
8595,полі
8596,<wb>крамо
8597,<wb>свѣтільніці
8598,<wb>сѣтоу
8599,<wb>въпль
8600,<wb>съпаахѫ
8601,<wb>вьздвіже
8602,<wb>протівоу
8603,<wb>роба
8604,<wb>вьскріча
8605,<wb>оцѣсті
8606,<wb>съблазнѧтъ
8607,<wb>прѣмоу
8608,<wb>ражді
8609,<wb>трѫсі
8610,<wb>цсрство
8611,<wb>мніте
8612,<wb>обаві
8613,<wb>достоіна
8614,<wb>колмі
8615,<wb>прово
8616,<wb>съблазніте
8617,<wb>хі
8618,<wb>пріведѫтъ
8619,<wb>кръмі
8620,<wb>чімь
8621,<wb>ѣвль
8622,<wb>плѣне
8623,<wb>женѧтъ
8624,<wb>нашею
8625,<wb>постъ
8626,<wb>точі
8627,<wb>лікъ
8628,<wb>благоізволі
8629,<wb>власъ
8630,<wb>оусъше
8631,<wb>манастъіръ
8632,<wb>продаѭштѧѧ
8633,<wb>шедъша
8634,тѣшѧ
8635,<wb>въіспрь
8636,<wb>положь
8637,<wb>послоужітъ
8638,<wb>продлъ
8639,<wb>стрі
8640,<wb>кръштеніе
8641,<wb>нъже
8642,<wb>просѧшта
8643,доль
8644,<wb>въздаждь
8645,<wb>мьнѣахѫ
8646,<wb>начѧто
8647,<wb>побѣжде
8648,<wb>оставіхомъ
8649,<wb>оумъіхъ
8650,лінѣ
8651,зішѧ
8652,<wb>жестосръ
8653,<wb>отврѣсѧ
8654,<wb>образі
8655,чьнетъ
8656,<wb>отъдастъ
8657,<wb>оунічъ
8658,<wb>воло
8659,<wb>съблажнѣетъ
8660,<wb>імеші
8661,<wb>посрамлѣѭтъ
8662,<wb>бъіста
8663,<wb>горю
8664,<wb>тръплѭ
8665,<wb>етерѫ
8666,<wb>бль
8667,<wb>відѣніѣ
8668,<wb>бѣлъі
8669,<wb>стоѧштіхъ
8670,<wb>налѧ
8671,сіма
8672,<wb>фарісеіска
8673,<wb>чръмъ
8674,<wb>просішѧ
8675,<wb>імѫштѫ
8676,<wb>възлешті
8677,<wb>трапе
8678,<wb>отѧті
8679,<wb>потрѣбь
8680,<wb>останѣте
8681,<wb>небскъі
8682,<wb>лакъ
8683,<wb>оучѧште
8684,<wb>въздадіте
8685,кріліі
8686,<wb>посълавъіі
8687,дьна
8688,<wb>нане
8689,<wb>водамъ
8690,<wb>вьлѣсті
8691,<wb>коша
8692,<wb>осі
8693,<wb>срѣдъі
8694,<wb>посмѣ
8695,<wb>праведьніі
8696,<wb>мльчі
8697,<wb>ѣвіхъ
8698,<wb>страдаті
8699,<wb>пріемлѧ
8700,<wb>окамене
8701,башѧ
8702,<wb>стоѧтъ
8703,<wb>покоѣ
8704,<wb>простъі
8705,раі
8706,<wb>ііз
8707,<wb>четъірьмі
8708,<wb>сътворіхомъ
8709,<wb>неврѣ
8710,ахоу
8711,<wb>сѫдѧ
8712,<wb>дрьз
8713,разі
8714,<wb>погъібе
8715,ріхъ
8716,<wb>съблазнітъ
8717,<wb>діоклі
8718,<wb>оучітъ
8719,<wb>коньчавъшемъ
8720,врьже
8721,дарь
8722,камі
8723,<wb>боѧштеі
8724,<wb>ізгонѧтъ
8725,<wb>жѧтвѫ
8726,<wb>хрістовъ
8727,шоую
8728,<wb>прістѫпьші
8729,<wb>крѣплеі
8730,<wb>похвалі
8731,бьдѣті
8732,<wb>прітѧ
8733,<wb>врача
8734,<wb>пръвоумоу
8735,<wb>мъітьніці
8736,<wb>давъшааго
8737,<wb>съломі
8738,ченье
8739,<wb>молѣхѫ
8740,<wb>тішіна
8741,<wb>възбоудішѧ
8742,<wb>прішедъші
8743,<wb>ѣзві
8744,<wb>лісі
8745,<wb>лобь
8746,<wb>възвраштъ
8747,<wb>мѣстъ
8748,<wb>ізгънані
8749,<wb>сръд
8750,<wb>прішествіе
8751,<wb>іштісті
8752,<wb>оулеже
8753,<wb>оуподобітъ
8754,<wb>оуготоваемъ
8755,<wb>іаковъ
8756,<wb>познаете
8757,каѭтъ
8758,<wb>коупоу
8759,<wb>олѣі
8760,<wb>ніва
8761,<wb>смокъві
8762,штьніці
8763,<wb>сътвор
8764,<wb>одеждахъ
8765,<wb>чв
8766,<wb>власте
8767,<wb>чінъ
8768,<wb>псомъ
8769,<wb>чоуеші
8770,<wb>сѫчецъ
8771,<wb>сѫдѧтъ
8772,<wb>въдавъ
8773,<wb>ѣмъ
8774,<wb>растѫ
8775,<wb>пріѧсте
8776,<wb>въразоу
8777,<wb>дроугаго
8778,<wb>агрі
8779,<wb>подъкопа
8780,<wb>съгрѣшеніѣ
8781,<wb>вьзведе
8782,<wb>раство
8783,<wb>вьсп
8784,дохомъ
8785,<wb>іго
8786,мно
8787,<wb>бѣсъноу
8788,<wb>прѣбъіваѧ
8789,слехъ
8790,<wb>бѣла
8791,лоучі
8792,<wb>распоу
8793,рена
8794,<wb>долоу
8795,<wb>сѣмені
8796,<wb>прѣдълежѧ
8797,<wb>езера
8798,нъіхь
8799,<wb>добротѣ
8800,<wb>іоаново
8801,<wb>вьзігра
8802,<wb>вѣчьнѫѭ
8803,<wb>възможемъ
8804,<wb>вьнѫтрь
8805,<wb>въложіті
8806,<wb>нашімі
8807,мѧте
8808,<wb>пріемлѭ
8809,<wb>ненавідѧштеі
8810,тъмь
8811,<wb>вьсъ
8812,<wb>носімъ
8813,чаѧ
8814,шена
8815,<wb>блаженаго
8816,<wb>мьздѫ
8817,<wb>коупъ
8818,<wb>строѣ
8819,<wb>съвраті
8820,<wb>оправъданііхъ
8821,мъіслъ
8822,<wb>плоть
8823,<wb>доньжде
8824,зѣмъ
8825,<wb>ніштііхъ
8826,<wb>стоумоу
8827,<wb>даль
8828,<wb>богатъство
8829,<wb>мръзость
8830,ждаті
8831,<wb>пьр
8832,дьѣ
8833,<wb>вашемь
8834,<wb>вьпіѧ
8835,<wb>прѣзьрі
8836,<wb>над
8837,<wb>кръштеніѣ
8838,<wb>відѣв
8839,<wb>въходіте
8840,<wb>толіцѣ
8841,<wb>вѣт
8842,шаѣ
8843,<wb>множіцеѭ
8844,<wb>грѧдѣте
8845,<wb>млъча
8846,чъна
8847,<wb>въврь
8848,<wb>възво
8849,<wb>протів
8850,<wb>саоу
8851,<wb>пріносѧтъ
8852,<wb>всь
8853,кіѧ
8854,<wb>іілвъ
8855,<wb>пасті
8856,<wb>нѣкъгда
8857,<wb>неключі
8858,скомь
8859,саѭтъ
8860,<wb>страна
8861,<wb>оубоѧтъ
8862,<wb>егуптѣ
8863,<wb>наідетъ
8864,<wb>прѣдъі
8865,<wb>аніна
8866,<wb>вѣк
8867,реть
8868,<wb>іспльне
8869,<wb>нечістоумоу
8870,<wb>іерѣ
8871,<wb>лачѫ
8872,<wb>наво
8873,<wb>дарь
8874,<wb>мѣріте
8875,<wb>четврътовласть
8876,<wb>леу
8877,невъ
8878,<wb>потопъ
8879,<wb>галілѣа
8880,<wb>сілоуа
8881,<wb>разоумѣате
8882,<wb>пользѧ
8883,<wb>безводьнѣ
8884,<wb>ву
8885,<wb>камъікъ
8886,<wb>вьжде
8887,<wb>възѧтъ
8888,<wb>болѣаше
8889,<wb>съхранішѧ
8890,<wb>съдраві
8891,<wb>съсъ
8892,<wb>нікеі
8893,<wb>пріключь
8894,<wb>назарѣа
8895,<wb>погъібъшааго
8896,<wb>почръпа
8897,<wb>двіже
8898,ѧже
8899,броу
8900,ннъі
8901,<wb>мльчаті
8902,емаа
8903,раахѫ
8904,<wb>іночѧдъ
8905,<wb>ніедного
8906,<wb>безь
8907,<wb>ара
8908,<wb>одеждѧ
8909,<wb>матта
8910,<wb>ддвъ
8911,<wb>ліва
8912,<wb>мтръ
8913,<wb>сьмі
8914,<wb>оупъваѭ
8915,<wb>вьсѣкь
8916,<wb>ічі
8917,<wb>ісако
8918,<wb>цѣломѫ
8919,<wb>младеніштъ
8920,<wb>мозі
8921,<wb>въвръгѫ
8922,нъскъі
8923,<wb>невъзмо
8924,<wb>хъізінѣ
8925,<wb>вісѧ
8926,<wb>наставъ
8927,въшіѣ
8928,леѭ
8929,<wb>поемлетъ
8930,ребръ
8931,<wb>зач
8932,ньше
8933,<wb>параскев
8934,хом
8935,<wb>трѧ
8936,<wb>прост
8937,ку
8938,<wb>ставь
8939,<wb>младъ
8940,<wb>раздѣлішѧ
8941,<wb>штѧ
8942,<wb>комісь
8943,<wb>женахъ
8944,<wb>іоръдана
8945,<wb>помъішлѣете
8946,<wb>оубіваѭштііхъ
8947,<wb>пророцѣхъ
8948,<wb>плачѧ
8949,<wb>пастоухъ
8950,<wb>сею
8951,маа
8952,тогра
8953,<wb>невѣстѫ
8954,<wb>оставьѣ
8955,діт
8956,<wb>прро
8957,меші
8958,<wb>оудоб
8959,<wb>наѳанаі
8960,<wb>кроупі
8961,<wb>амо
8962,<wb>ізл
8963,леі
8964,<wb>прішъдъшііхъ
8965,<wb>іскаріотъскъі
8966,<wb>сѣсті
8967,нік
8968,<wb>оправъданіѣ
8969,<wb>іюдѣіскъ
8970,шьніць
8971,<wb>прѣдаѭ
8972,<wb>спена
8973,<wb>прошаахѫ
8974,<wb>мъножьство
8975,<wb>дана
8976,<wb>лѣпотъі
8977,<wb>оутвръжденье
8978,<wb>глаголють
8979,<wb>пріведі
8980,<wb>облічітъ
8981,<wb>грѣшьнъ
8982,<wb>рекъші
8983,<wb>съгрѣшеніі
8984,<wb>льва
8985,<wb>поуті
8986,<wb>вѣтві
8987,<wb>въскръсні
8988,<wb>ісходіте
8989,<wb>ів
8990,<wb>мѫкамъ
8991,<wb>хлѣбѣ
8992,чьць
8993,<wb>ѳеодоръ
8994,<wb>хлѣбі
8995,<wb>зімѣ
8996,<wb>толмі
8997,<wb>странніі
8998,<wb>веліѭ
8999,<wb>аньдрѣа
9000,<wb>бѣсѣхъ
9001,<wb>прьсі
9002,<wb>съповѣдаті
9003,<wb>распьні
9004,<wb>радоуѭште
9005,<wb>длъжьнъ
9006,<wb>мрьтвъіімъ
9007,<wb>благодатьѭ
9008,<wb>съньмъ
9009,<wb>рожденіі
9010,<wb>кажетъ
9011,<wb>крьстъ
9012,<wb>вльнъі
9013,<wb>потока
9014,<wb>неврѣдоу
9015,<wb>бъівъіі
9016,<wb>ізлвъ
9017,<wb>мрьтвіі
9018,<wb>сію
9019,<wb>безаконіі
9020,<wb>мрьтвъіѧ
9021,<wb>вѣроваахѫ
9022,<wb>покъіваѭште
9023,<wb>покаашѧ
9024,ргі
9025,<wb>въходѧі
9026,<wb>длъжьні
9027,<wb>нічъсоже
9028,<wb>доідошѧ
9029,<wb>чловѣколюбіе
9030,<wb>вьзвеселітъ
9031,<wb>въздръжаніе
9032,<wb>масломъ
9033,<wb>разоумѣсте
9034,бѧті
9035,<wb>въпрашаетъ
9036,<wb>оумьрѣ
9037,<wb>отътолѣ
9038,<wb>гнѣзда
9039,<wb>женамі
9040,<wb>небесъскъііхъ
9041,<wb>оупъвашѧ
9042,<wb>новъіі
9043,вѧште
9044,<wb>благословешенъ
9045,<wb>връстъі
9046,<wb>нбснъі
9047,<wb>іѣковѣ
9048,<wb>далѧ
9049,<wb>въсхотѣхъ
9050,<wb>терентіі
9051,<wb>вітаніѧ
9052,<wb>зълааго
9053,<wb>отъвѣштавъші
9054,<wb>послоушавъ
9055,<wb>істіноу
9056,<wb>просѧі
9057,<wb>коемоу
9058,<wb>полемо
9059,<wb>съінъі
9060,<wb>хотѧштеі
9061,<wb>мінѫвъ
9062,<wb>третіѣго
9063,<wb>оустънамі
9064,<wb>гмъ
9065,<wb>поставьенъ
9066,<wb>ліствье
9067,<wb>напоітъ
9068,<wb>поражѫ
9069,<wb>брьніе
9070,<wb>нечістъіхъ
9071,<wb>хрістосовъ
9072,<wb>отроковіцѧ
9073,<wb>пръстъі
9074,<wb>оставлѣѭ
9075,<wb>ніштімъ
9076,<wb>вьсемъ
9077,<wb>врачь
9078,<wb>съінове
9079,скоую
9080,дѧштоу
9081,<wb>цароу
9082,<wb>напісана
9083,<wb>нікакогоже
9084,<wb>ерлмъ
9085,<wb>соломонъ
9086,<wb>ѣзвѫ
9087,<wb>отрокь
9088,рѫгъ
9089,<wb>повѣді
9090,<wb>проказь
9091,<wb>похваль
9092,рьніі
9093,<wb>апостоломъ
9094,<wb>оуспѣетъ
9095,<wb>езъіцѣ
9096,<wb>ѣвье
9097,<wb>молітвахъ
9098,<wb>оумьрѣшѧ
9099,<wb>соухъ
9100,<wb>велікъііхъ
9101,<wb>плачѫште
9102,<wb>коньці
9103,<wb>ліхвоѭ
9104,<wb>оумрьштве
9105,<wb>отънемо
9106,<wb>мѣстоу
9107,<wb>кажѧ
9108,<wb>дом
9109,<wb>пештерѫ
9110,<wb>родітеле
9111,<wb>кръвьѭ
9112,<wb>нечьстіѣ
9113,<wb>богобо
9114,<wb>мнѧ
9115,<wb>добрааго
9116,<wb>кнігахъ
9117,<wb>дімо
9118,<wb>вьвесті
9119,<wb>ідѫште
9120,<wb>сера
9121,чьнѫѭ
9122,<wb>погребошѧ
9123,<wb>тѣлесѣ
9124,<wb>погоубьѭ
9125,<wb>лѣтѣхъ
9126,<wb>вста
9127,<wb>бесѣдоуѧ
9128,<wb>дьштері
9129,<wb>окаѣ
9130,<wb>повелѣніемъ
9131,<wb>прішьдь
9132,<wb>поѭшта
9133,<wb>клеопа
9134,<wb>прібліжіті
9135,<wb>съходѧі
9136,<wb>отътръ
9137,<wb>паулоу
9138,ченьѣ
9139,<wb>небсхъ
9140,<wb>толма
9141,<wb>покажіте
9142,<wb>велічіе
9143,ріть
9144,<wb>блствіте
9145,дьце
9146,<wb>постілаахѫ
9147,<wb>всѣкѫ
9148,<wb>въсталъ
9149,<wb>мѫчімъ
9150,<wb>сътворьшеі
9151,<wb>наоучіті
9152,<wb>постомъ
9153,<wb>възѧсѧ
9154,<wb>оубѣжаті
9155,<wb>сем
9156,<wb>манасті
9157,<wb>моусі
9158,<wb>пріобрѧштетъ
9159,<wb>оумно
9160,<wb>съказаті
9161,<wb>цвѣтъ
9162,<wb>еппоу
9163,<wb>повелітъ
9164,<wb>ногѫ
9165,<wb>въсако
9166,<wb>бліз
9167,<wb>отъвѣта
9168,<wb>отврьзе
9169,<wb>іерѣі
9170,ленію
9171,зд
9172,<wb>понесті
9173,<wb>чісмене
9174,<wb>прѣмілостівъ
9175,<wb>відѧшті
9176,<wb>дніі
9177,ввѫ
9178,<wb>оумоу
9179,<wb>въвръгошѧ
9180,<wb>каменье
9181,<wb>гроз
9182,<wb>посълана
9183,<wb>іжденетъ
9184,<wb>болі
9185,<wb>мѫчіші
9186,<wb>жрьтва
9187,<wb>чьст
9188,зіті
9189,<wb>іілевъ
9190,<wb>вѣровавъ
9191,<wb>въішьніхъ
9192,<wb>оутврьжда
9193,<wb>нішть
9194,<wb>авілі
9195,<wb>прѣбъівъ
9196,<wb>дворѣхъ
9197,проста
9198,<wb>съпроста
9199,<wb>доушь
9200,<wb>опеча
9201,<wb>сап
9202,<wb>поустошъ
9203,<wb>дрьжімь
9204,<wb>оувѣдѧтъ
9205,<wb>орѫжіѣ
9206,<wb>васіліска
9207,<wb>маг
9208,<wb>тьмьніцѫ
9209,<wb>ѧхомъ
9210,<wb>тогожде
9211,<wb>радостію
9212,<wb>доіті
9213,<wb>пѫтемъ
9214,<wb>іскоусішѧ
9215,нънъіі
9216,<wb>іілю
9217,<wb>іцѣле
9218,<wb>отъкръве
9219,добъ
9220,<wb>іонѣ
9221,<wb>добротѫ
9222,<wb>страшенъ
9223,<wb>оупразні
9224,<wb>цркъі
9225,<wb>слоуха
9226,<wb>благоволі
9227,бамі
9228,<wb>отъімі
9229,<wb>осѫжденіе
9230,<wb>окомь
9231,<wb>цѣлі
9232,<wb>отьча
9233,<wb>оумъіваті
9234,ліштіхъ
9235,<wb>повѣдаті
9236,<wb>крілоу
9237,<wb>зъломъ
9238,ждаахъ
9239,<wb>прѣпь
9240,<wb>пліштоу
9241,<wb>посъласте
9242,<wb>соломона
9243,<wb>едіною
9244,<wb>евагліе
9245,<wb>распа
9246,<wb>неклі
9247,<wb>іздрече
9248,ньскъіі
9249,стемъ
9250,<wb>міхаілъ
9251,<wb>вѣтра
9252,<wb>ненавідѧштѧѧ
9253,<wb>ѳеодора
9254,<wb>моудрость
9255,<wb>строупъі
9256,<wb>отъмѣтаетъ
9257,<wb>благостъі
9258,<wb>оуслъші
9259,<wb>ослѣпі
9260,воі
9261,хма
9262,<wb>крѣпітъ
9263,<wb>сьвѧ
9264,<wb>сьвѧзь
9265,<wb>повѣмъ
9266,<wb>всегда
9267,<wb>попъі
9268,<wb>неправьдѫ
9269,штімі
9270,<wb>которааго
9271,<wb>іночѧдааго
9272,<wb>сътръпѣ
9273,<wb>ѣростіѭ
9274,разоумѣ
9275,<wb>грътані
9276,<wb>трѣбоуѭ
9277,<wb>оудіві
9278,<wb>съмѫштаетъ
9279,<wb>доушеѭ
9280,<wb>езъіці
9281,<wb>прѣпітѣ
9282,<wb>сѫшть
9283,<wb>бѣгаѭтъ
9284,<wb>въложѫ
9285,рѣахъ
9286,<wb>кома
9287,<wb>прініче
9288,<wb>німіже
9289,гота
9290,стро
9291,<wb>ісповѣдааше
9292,<wb>родіхъ
9293,<wb>землю
9294,<wb>сле
9295,<wb>покровъ
9296,<wb>оумолѭ
9297,<wb>сѫдъба
9298,<wb>оутвръдішѧ
9299,<wb>спѫдомь
9300,<wb>печааше
9301,<wb>боѣзньѭ
9302,<wb>саво
9303,<wb>срьдцемъ
9304,<wb>сѫсѣдомъ
9305,<wb>побѣдъі
9306,доуіте
9307,<wb>ісмь
9308,<wb>отврѣсті
9309,<wb>поганъ
9310,стѣмъ
9311,ствоуѧ
9312,<wb>іспъітаі
9313,<wb>проклѧті
9314,<wb>дароу
9315,нънъіімъ
9316,<wb>ненавідѣті
9317,<wb>клюсѧ
9318,<wb>амн
9319,<wb>навъікъ
9320,<wb>старцоу
9321,<wb>съвѣдѣтельствоуѧі
9322,<wb>ласка
9323,<wb>прііматі
9324,<wb>чкь
9325,<wb>іцѣліті
9326,<wb>начѧтокъ
9327,<wb>іздъше
9328,<wb>дѣвіцѧ
9329,<wb>пръвѣі
9330,<wb>кошьніць
9331,<wb>стола
9332,<wb>піта
9333,<wb>ідѣашете
9334,ннъ
9335,ѣво
9336,<wb>дьѣво
9337,<wb>оумлъча
9338,<wb>дівіте
9339,<wb>параскевьгі
9340,еміі
9341,стаа
9342,<wb>шестаа
9343,<wb>пронъірі
9344,<wb>доушоу
9345,<wb>чътѫтъ
9346,<wb>третііцеѭ
9347,<wb>многъіімъ
9348,дші
9349,<wb>съложе
9350,<wb>лозъ
9351,глагола
9352,<wb>правьдъі
9353,стѣѣмь
9354,<wb>прѣдалі
9355,<wb>тъшть
9356,<wb>разбі
9357,<wb>славлѣахѫ
9358,<wb>сѫдіште
9359,цмь
9360,<wb>въздаѭ
9361,<wb>коупішѧ
9362,<wb>месть
9363,<wb>срамлѣ
9364,<wb>ткмо
9365,<wb>істоу
9366,<wb>заповѣстъ
9367,<wb>повелѣнаа
9368,<wb>прішьдъшоу
9369,<wb>которъіі
9370,<wb>пръста
9371,<wb>аврааме
9372,<wb>тобою
9373,<wb>въвръженъ
9374,<wb>въздрадоваті
9375,<wb>ізліѣ
9376,<wb>ожіве
9377,<wb>телецъ
9378,<wb>архаггелъ
9379,<wb>събъравъ
9380,<wb>нашеі
9381,<wb>ізіска
9382,<wb>стѣнѫ
9383,<wb>лако
9384,<wb>оубогъіхъ
9385,<wb>оусѣкнѫхъ
9386,<wb>тьмнічь
9387,<wb>шьдъша
9388,<wb>прѣідѫ
9389,<wb>югъ
9390,вьена
9391,<wb>съпо
9392,<wb>зьріші
9393,<wb>бъівъшоуоумоу
9394,<wb>съсѫштііхъ
9395,<wb>копьемъ
9396,<wb>потъкнетъ
9397,<wb>наріцаіте
9398,<wb>нізъходѧ
9399,<wb>лежѧштоу
9400,моурм
9401,<wb>амемоурм
9402,<wb>ізѫ
9403,<wb>вьсѣкомоу
9404,<wb>маръта
9405,<wb>гостінь
9406,<wb>мімоіде
9407,<wb>оучітелѧ
9408,<wb>красъ
9409,<wb>настѫ
9410,<wb>настѫпаті
9411,<wb>вълагалішта
9412,<wb>сіца
9413,<wb>алеѯандра
9414,<wb>показаѧ
9415,<wb>воскръ
9416,въшее
9417,<wb>іюдеіскь
9418,<wb>камъіка
9419,<wb>бъіваѭштаа
9420,слъі
9421,<wb>влагъі
9422,<wb>омочі
9423,<wb>творѧштііхъ
9424,лію
9425,<wb>пастъірѣ
9426,<wb>слѣпомъ
9427,<wb>вельлѣпо
9428,тъка
9429,<wb>вьскрѣшенію
9430,<wb>крьстіѣна
9431,<wb>многамі
9432,<wb>содомь
9433,<wb>отрѣші
9434,<wb>сътворілі
9435,<wb>соухо
9436,<wb>сімонові
9437,<wb>ношааше
9438,шелъ
9439,<wb>отъвьсѫдоу
9440,<wb>послоушь
9441,<wb>дрьжіте
9442,<wb>чѣ
9443,<wb>мосѣові
9444,<wb>пола
9445,<wb>глѫбінѣ
9446,<wb>прітчѫ
9447,<wb>ѳомѫ
9448,<wb>боѧштііхъ
9449,<wb>съжежетъ
9450,<wb>лопа
9451,<wb>ігра
9452,<wb>моліхъ
9453,<wb>въсакь
9454,<wb>въстаніе
9455,мъіхъ
9456,<wb>съблюдааше
9457,<wb>англмъ
9458,<wb>крьстіѣнь
9459,<wb>съкажѫ
9460,<wb>правъдоѭ
9461,<wb>ѧзі
9462,<wb>нізъложі
9463,<wb>облакъі
9464,<wb>оуслъша
9465,<wb>неплодъ
9466,<wb>галілеіскъ
9467,<wb>презвутеръ
9468,<wb>гнѭ
9469,<wb>хромъіѧ
9470,<wb>чрѣдъі
9471,доше
9472,<wb>ізбѣ
9473,<wb>зъванъіхъ
9474,<wb>потрѣбѧтъ
9475,<wb>къніга
9476,<wb>лоукъі
9477,<wb>събіраетъ
9478,<wb>отъвѣштаваті
9479,<wb>мѫченіѣ
9480,<wb>неѧже
9481,<wb>мъішьца
9482,<wb>съне
9483,<wb>іосіфові
9484,<wb>чаѧ
9485,<wb>хождаахѫ
9486,<wb>опона
9487,<wb>прікръі
9488,<wb>възьмѫтъ
9489,<wb>дроужінѣ
9490,<wb>грѣѧ
9491,<wb>члвкъі
9492,<wb>мімоне
9493,<wb>словъ
9494,<wb>навъікнѣте
9495,<wb>начъ
9496,<wb>разоумѣатъ
9497,шьно
9498,<wb>хотѧштііхъ
9499,<wb>вражі
9500,<wb>своім
9501,тъірі
9502,<wb>боѣхѫ
9503,<wb>небоу
9504,<wb>обрѣтете
9505,<wb>веліці
9506,<wb>пропа
9507,<wb>въісокъ
9508,<wb>скрьбь
9509,<wb>негашѫ
9510,<wb>маломошті
9511,<wb>тольма
9512,<wb>одъ
9513,<wb>андреа
9514,<wb>дадоу
9515,<wb>оумірааше
9516,<wb>храніті
9517,дна
9518,<wb>троуді
9519,<wb>въздъхнѫвъ
9520,<wb>вьзвелічілъ
9521,<wb>безаконеньѣ
9522,<wb>гръдъіні
9523,въноу
9524,<wb>оуправі
9525,<wb>оусрь
9526,<wb>помль
9527,<wb>поуште
9528,<wb>прѣтѧ
9529,<wb>наоучішѧ
9530,<wb>въздоухъ
9531,<wb>крьстітелѣ
9532,<wb>кънѧземъ
9533,<wb>ѣсі
9534,<wb>нечістъіімъ
9535,<wb>отъвръзі
9536,<wb>печетъ
9537,нъііма
9538,<wb>боуе
9539,<wb>глѫште
9540,важда
9541,<wb>трепештѫшті
9542,<wb>іжді
9543,<wb>точеніі
9544,<wb>оугнѣтаахѫ
9545,<wb>повѣдѣшѧ
9546,<wb>обльчена
9547,<wb>бѣсънова
9548,<wb>помілоу
9549,<wb>влънъі
9550,<wb>дьб
9551,<wb>тацѣмі
9552,<wb>трѣвѫ
9553,<wb>слъішѧштіімъ
9554,<wb>благъіѧ
9555,<wb>прівлѣчетъ
9556,<wb>доброчьсті
9557,<wb>прішълъ
9558,<wb>знаменіі
9559,<wb>раздѣлітъ
9560,<wb>мъножъство
9561,<wb>ідоумѣ
9562,<wb>събъістъ
9563,<wb>възлежѧштііхъ
9564,<wb>нась
9565,<wb>постіті
9566,<wb>сімоновъ
9567,<wb>оужасѫ
9568,ньзі
9569,коньчалъ
9570,<wb>зіма
9571,<wb>ремене
9572,<wb>зачѧ
9573,<wb>евань
9574,<wb>пѣнѧза
9575,женіі
9576,<wb>кесаріі
9577,<wb>іосіфе
9578,<wb>бездь
9579,<wb>жъръ
9580,<wb>діѣволе
9581,<wb>крьстѧ
9582,<wb>крштаѭ
9583,<wb>відіта
9584,<wb>пръвъіѧ
9585,мѧтъ
9586,<wb>солоу
9587,десѧ
9588,тѣѧ
9589,<wb>аріматѣѧ
9590,зма
9591,тазма
9592,<wb>катапетазма
9593,лоі
9594,<wb>елоі
9595,<wb>съзідаѧ
9596,<wb>разарѣѧі
9597,<wb>ізідеші
9598,<wb>сьна
9599,дость
9600,вва
9601,<wb>съвѧзьнѣ
9602,<wb>тѫжіті
9603,<wb>помъішлѣаше
9604,<wb>архісунагога
9605,<wb>вьшедъ
9606,<wb>осѫдішѧ
9607,<wb>водоносъ
9608,<wb>въчера
9609,пленіе
9610,<wb>слоугамі
9611,<wb>ѣзвь
9612,<wb>каіѣфѣ
9613,<wb>оставльше
9614,<wb>погоубіші
9615,<wb>съпіте
9616,<wb>немоштьна
9617,<wb>пріскръбъ
9618,снове
9619,шо
9620,<wb>чскъ
9621,<wb>ено
9622,<wb>пріходіті
9623,<wb>продано
9624,<wb>льстіѭ
9625,пѧті
9626,<wb>пропѧті
9627,<wb>жѧждѫшта
9628,<wb>архіереоу
9629,<wb>посѣтісте
9630,<wb>одѣсте
9631,<wb>отъходѧ
9632,сівъше
9633,дрѣмашѧ
9634,<wb>свѣтілъ
9635,<wb>мѫдръіѧ
9636,<wb>поемлѭтъ
9637,<wb>ноевъі
9638,<wb>смоковъ
9639,<wb>орь
9640,<wb>доѧ
9641,нѭтъ
9642,<wb>нача
9643,<wb>вьселенѣі
9644,толо
9645,<wb>говѣ
9646,<wb>поустъ
9647,<wb>царство
9648,<wb>слъзъі
9649,<wb>праведъна
9650,<wb>доук
9651,тонъ
9652,<wb>ку
9653,<wb>нака
9654,<wb>олтаремь
9655,жденіі
9656,<wb>съмѣрѣѧі
9657,емлетъ
9658,<wb>рѣхомъ
9659,<wb>поклоніте
9660,<wb>брѣмена
9661,стоѣ
9662,<wb>подобъна
9663,<wb>вътора
9664,<wb>жівъіхъ
9665,<wb>народомь
9666,<wb>правѫѭ
9667,<wb>вьскрѣсітъ
9668,<wb>попъра
9669,<wb>імѣніі
9670,<wb>віноградѣ
9671,<wb>въходъ
9672,<wb>любовь
9673,<wb>оучѧштоу
9674,<wb>вѣроуѭште
9675,шьнѣаго
9676,<wb>потрѧсе
9677,<wb>вьсѣде
9678,<wb>пріведѣта
9679,<wb>оумрѣ
9680,<wb>въздръжаніімъ
9681,<wb>слъішавъша
9682,<wb>слънце
9683,<wb>помъішлѣѭште
9684,<wb>оустоѧтъ
9685,<wb>въсходімъ
9686,<wb>ръпътаахѫ
9687,<wb>съторіцеѭ
9688,<wb>сѧдете
9689,<wb>іаковоу
9690,<wb>ісѣче
9691,<wb>продаждъ
9692,<wb>чловѣчьско
9693,<wb>родішѧ
9694,женіці
9695,<wb>каженіці
9696,<wb>достоѣше
9697,<wb>стена
9698,пьѣ
9699,<wb>сътѧзаті
9700,<wb>цсрю
9701,<wb>нечловѣ
9702,тінъ
9703,<wb>сканъ
9704,<wb>опло
9705,далі
9706,<wb>възвѣстѧтъ
9707,<wb>іногда
9708,<wb>тоуждііхъ
9709,<wb>снвъ
9710,<wb>постомь
9711,<wb>запеча
9712,<wb>мъножіцеѭ
9713,<wb>прішедъшемъ
9714,штаѣ
9715,рці
9716,<wb>оунічьжі
9717,<wb>всѣхь
9718,повъі
9719,<wb>філіповъі
9720,<wb>аггелі
9721,<wb>помьніте
9722,<wb>сотоні
9723,<wb>прісѣдѧтъ
9724,<wb>закьхеі
9725,<wb>коеі
9726,леа
9727,<wb>агньць
9728,<wb>глшті
9729,<wb>жівѫтъ
9730,<wb>нечістіі
9731,дінъ
9732,<wb>посълалъ
9733,<wb>ѫзамі
9734,<wb>сѣдѧштемъ
9735,вьз
9736,<wb>молітво
9737,<wb>остроу
9738,<wb>поѣсъ
9739,<wb>возь
9740,<wb>одѣна
9741,<wb>възлежѧштіхъ
9742,<wb>добрѣа
9743,<wb>іродова
9744,<wb>съмъіслѧшта
9745,<wb>оузьрѣшѧ
9746,<wb>недѣ
9747,<wb>мѧтежь
9748,ствоваті
9749,деніе
9750,<wb>обрѣтосте
9751,<wb>жѧтвъі
9752,<wb>ніедно
9753,<wb>всеѭ
9754,<wb>възбо
9755,<wb>въжде
9756,<wb>срдцемь
9757,<wb>пророчъ
9758,<wb>анѳоупа
9759,<wb>полагаахѫ
9760,<wb>таінаа
9761,<wb>подроужі
9762,<wb>позобашѧ
9763,<wb>кне
9764,<wb>глаголѭ
9765,<wb>колес
9766,<wb>съконьчаніе
9767,міті
9768,<wb>расхъітітъ
9769,<wb>крѣпъкааго
9770,<wb>комь
9771,плеска
9772,<wb>възглѭтъ
9773,<wb>шьдъші
9774,<wb>нікдеже
9775,ньні
9776,<wb>солъ
9777,<wb>распѧтааго
9778,<wb>госпожде
9779,<wb>оутаілъ
9780,<wb>копа
9781,<wb>градомъ
9782,<wb>грѣшънікомъ
9783,<wb>сѣдѣ
9784,<wb>облъчена
9785,<wb>коже
9786,<wb>благовѣстоу
9787,<wb>градѣхъ
9788,<wb>праведьніка
9789,дніі
9790,<wb>тъштѧ
9791,снѧті
9792,<wb>къснѧті
9793,<wb>могѫштааго
9794,<wb>козьлі
9795,<wb>покръвено
9796,<wb>свѣтьлъ
9797,штамъ
9798,<wb>оута
9799,<wb>отътрѧсѣте
9800,<wb>іспъітаіте
9801,<wb>слѣпе
9802,цѣса
9803,<wb>дрѣвоу
9804,<wb>дроузѣмь
9805,штемь
9806,<wb>отврѣсте
9807,<wb>съмѣреніе
9808,<wb>непріѣзнь
9809,<wb>токмо
9810,ду
9811,<wb>ѣростъ
9812,<wb>течааше
9813,<wb>жрътвѣ
9814,<wb>пасѫштеі
9815,<wb>похоть
9816,<wb>протръ
9817,<wb>ѣзвінъі
9818,<wb>хвалі
9819,<wb>домовъ
9820,<wb>въза
9821,<wb>тъштѫ
9822,<wb>съдравъ
9823,<wb>кромѣшть
9824,<wb>еугѫ
9825,<wb>прозѧб
9826,<wb>прѣбъіваѭште
9827,<wb>ръці
9828,<wb>пріемъші
9829,<wb>клеве
9830,<wb>кръі
9831,рьнѣ
9832,<wb>хъіштьніці
9833,<wb>прізові
9834,<wb>въводѧі
9835,<wb>похоулі
9836,<wb>тлъкѫштоумоу
9837,<wb>ногамі
9838,<wb>вьсьде
9839,<wb>хсовъ
9840,<wb>глано
9841,глѫ
9842,<wb>цьр
9843,<wb>нбскъіѧ
9844,<wb>піете
9845,<wb>нікъі
9846,кола
9847,<wb>вьзіштетъ
9848,<wb>отъцоу
9849,<wb>постѧште
9850,<wb>велѧ
9851,<wb>бгъі
9852,<wb>осолітъ
9853,<wb>ноуді
9854,емлѭтъ
9855,<wb>блстве
9856,<wb>творѧштоу
9857,трѫ
9858,<wb>мъздъі
9859,<wb>бьдѣлъ
9860,<wb>протіві
9861,<wb>желааше
9862,<wb>ест
9863,<wb>пісмѧ
9864,<wb>сльнце
9865,<wb>раскаа
9866,<wb>ровѣ
9867,<wb>распоустънъіѧ
9868,<wb>погъіблетъ
9869,<wb>съблажнаатъ
9870,<wb>моль
9871,<wb>съмі
9872,<wb>сьніті
9873,<wb>ангелъ
9874,<wb>црькве
9875,<wb>пріспѣ
9876,<wb>тѣмьже
9877,<wb>льстьць
9878,<wb>велікь
9879,<wb>члвчі
9880,<wb>отъвалі
9881,<wb>прізіра
9882,<wb>таінъіхъ
9883,<wb>капіштемъ
9884,<wb>подаві
9885,<wb>жѧда
9886,<wb>оплатъмь
9887,<wb>печальнъ
9888,весті
9889,ціѣ
9890,фаціѣ
9891,<wb>розга
9892,<wb>слоужъбѫ
9893,<wb>бъхма
9894,<wb>въстрѫ
9895,<wb>разбо
9896,тію
9897,<wb>неправедьнѣ
9898,дьніка
9899,<wb>оудъі
9900,<wb>сотоно
9901,нѣѭтъ
9902,спѣ
9903,<wb>скврьна
9904,авъ
9905,<wb>ова
9906,<wb>любодѣа
9907,<wb>сънѣда
9908,<wb>діоклітіѣ
9909,<wb>доброу
9910,тьнѣ
9911,<wb>ашті
9912,льнікъ
9913,хваті
9914,<wb>дѣва
9915,<wb>законьнікомъ
9916,рені
9917,дънъіѧ
9918,<wb>вартоло
9919,<wb>боуѧ
9920,ствоуі
9921,<wb>покланѣніе
9922,<wb>сотонъі
9923,<wb>свѣшть
9924,<wb>новааго
9925,<wb>отвѣ
9926,<wb>каса
9927,<wb>бесѣдоваті
9928,<wb>плътъ
9929,<wb>распѧшѧ
9930,<wb>створіті
9931,<wb>бгві
9932,<wb>таковъіі
9933,<wb>оусо
9934,<wb>пішті
9935,льство
9936,<wb>лѣтомъ
9937,<wb>граматі
9938,<wb>хъітрость
9939,веніе
9940,<wb>сѫпоста
9941,<wb>слѣпьца
9942,<wb>съпрѧ
9943,<wb>вѣдѧ
9944,<wb>прішьль
9945,шенью
9946,<wb>трьпѣніе
9947,<wb>ранъ
9948,ложъ
9949,<wb>вьзвѣшта
9950,неть
9951,<wb>жідовьска
9952,<wb>влька
9953,<wb>прѣдаѭште
9954,<wb>прѣдавъі
9955,гомь
9956,<wb>пісменъ
9957,<wb>съврьші
9958,<wb>постъіждѫ
9959,<wb>разоумоу
9960,<wb>імѣхѫ
9961,<wb>імѣіте
9962,<wb>фара
9963,<wb>пісме
9964,<wb>мьздъі
9965,онѣ
9966,<wb>ізвѣстъ
9967,<wb>оумьножі
9968,вьть
9969,філъ
9970,<wb>елісавьть
9971,вленье
9972,<wb>скръбьні
9973,<wb>крьшть
9974,<wb>непъ
9975,<wb>одежді
9976,<wb>даа
9977,<wb>соломоу
9978,сці
9979,теі
9980,сца
9981,<wb>блісца
9982,<wb>стьклѣ
9983,льѣ
9984,момь
9985,<wb>варѣетъ
9986,<wb>пітѣ
9987,<wb>пьцьлъ
9988,чьное
9989,лѧзі
9990,<wb>неправьдь
9991,<wb>нъінѣшь
9992,<wb>отрѣша
9993,строе
9994,<wb>гоненіѣ
9995,ваньѣ
9996,<wb>обѣда
9997,рѣаше
9998,<wb>проповѣдіте
9999,<wb>лобъза
10000,<wb>ненавідѧштіімъ
10001,<wb>съзіждѫтъ
10002,ашете
10003,<wb>коупіхъ
10004,<wb>нашѣ
10005,<wb>жрѣбѧті
10006,<wb>іскахѫ
10007,<wb>толікоу
10008,ждахѫ
10009,<wb>познано
10010,<wb>оуброу
10011,<wb>въскріча
10012,вьша
10013,<wb>ходѧштеі
10014,торъ
10015,<wb>въставітъ
10016,рьѣ
10017,<wb>божъствъ
10018,<wb>поѣше
10019,<wb>нас
10020,<wb>авіа
10021,тама
10022,<wb>забь
10023,<wb>прѣфаціѣ
10024,штаѭшта
10025,<wb>віт
10026,<wb>ваш
10027,нънъіѧ
10028,<wb>всѣкь
10029,<wb>прідет
10030,<wb>кьніжьнікь
10031,<wb>нбсь
10032,<wb>отпоуштаѭтъ
10033,<wb>срдцііхъ
10034,<wb>молітвь
10035,<wb>пррка
10036,<wb>прозіра
10037,<wb>крстлѣ
10038,<wb>съпасетъ
10039,<wb>сьбе
10040,<wb>наставъніче
10041,<wb>параскевьгіі
10042,<wb>вѣчънъіі
10043,<wb>оудовъ
10044,<wb>црьство
10045,<wb>мімохо
10046,<wb>сьпѧ
10047,<wb>прістѫплъ
10048,нтъ
10049,<wb>обрѣтъі
10050,<wb>нѫже
10051,<wb>отъкѫдѫ
10052,<wb>грѣховь
10053,<wb>вечерѣхъ
10054,нескъ
10055,<wb>отрочі
10056,<wb>капернаоумъ
10057,<wb>преторь
10058,дѫштоу
10059,<wb>пріметъ
10060,<wb>радоуѭ
10061,ньскѫ
10062,<wb>дово
10063,<wb>нем
10064,<wb>съзьда
10065,<wb>ръібі
10066,вьші
10067,<wb>птіцамъ
10068,<wb>прѫжа
10069,<wb>воскъ
10070,<wb>гомо
10071,ѭдоу
10072,<wb>артемона
10073,<wb>напаѣ
10074,<wb>спса
10075,<wb>медъ
10076,чьна
10077,<wb>сьбьра
10078,<wb>жітье
10079,штіім
10080,<wb>іоаннѣ
10081,товъ
10082,<wb>въоуші
10083,<wb>ськаза
10084,<wb>чрънорізь
10085,<wb>члч
10086,<wb>сьдѣла
10087,<wb>рѣснотъі
10088,<wb>жівоть
10089,<wb>клѧтвоѭ
10090,ставіті
10091,<wb>обрѧштета
10092,дьні
10093,<wb>шті
10094,<wb>вс
10095,<wb>ставьѣ
10096,<wb>ізмь
10097,льі
10098,<wb>вѣкь
10099,сѫдѣ
10100,<wb>том
10101,блю
10102,<wb>прьвааго
10103,<wb>съчета
10104,<wb>помѧнѫшѧ
10105,<wb>параскевгіі
10106,<wb>творѧштеі
10107,<wb>трѣвѣ
10108,<wb>сѫчьць
10109,<wb>послѣдьнее
10110,<wb>начатъ
10111,<wb>меѳодіѣ
10112,<wb>небесьное
10113,<wb>оцемь
10114,<wb>дръзнѫвъ
10115,<wb>въпіеть
10116,<wb>врагь
10117,<wb>цара
10118,<wb>наріцаеть
10119,<wb>сатъ
10120,<wb>слъішавше
10121,<wb>ѣвлѣеть
10122,<wb>лепі
10123,<wb>краі
10124,<wb>оубоітъ
10125,<wb>слъішалі
10126,<wb>богъмь
10127,<wb>просіті
10128,<wb>бѣсънъі
10129,<wb>саномъ
10130,<wb>нѣкоего
10131,<wb>въдворітъ
10132,<wb>прьстъі
10133,<wb>глаголъі
10134,<wb>відѣнье
10135,<wb>десѧтінѫ
10136,<wb>вьзмѣте
10137,<wb>етеромъ
10138,<wb>вашімі
10139,<wb>праздьньство
10140,<wb>мрътвьцѧ
10141,<wb>неволеѭ
10142,<wb>імат
10143,<wb>отвръзѫтъ
10144,<wb>глѭштеі
10145,<wb>божіею
10146,<wb>десѧтехъ
10147,<wb>творіть
10148,<wb>орѫжьѣ
10149,<wb>глоусіі
10150,<wb>оученіа
10151,<wb>іскаріотінъ
10152,<wb>дінаріі
10153,<wb>пріѣтъ
10154,<wb>просісте
10155,<wb>естьствоу
10156,<wb>штедротъі
10157,<wb>брашна
10158,<wb>спсенъ
10159,<wb>срдцмъ
10160,<wb>негодова
10161,<wb>сътрьпѣті
10162,<wb>всемоу
10163,<wb>іродіѣнъі
10164,<wb>прізъватъ
10165,<wb>соліѭ
10166,<wb>прілежі
10167,любівъіі
10168,<wb>костантінѣ
10169,<wb>продастъ
10170,стань
10171,<wb>іностань
10172,лівъіі
10173,<wb>жідовъска
10174,<wb>моудѧштоу
10175,<wb>съшъдъ
10176,<wb>граждане
10177,<wb>рѫкамі
10178,<wb>съпасенію
10179,<wb>отъвѣштаѭтъ
10180,<wb>послоушаахѫ
10181,<wb>божіа
10182,<wb>въселенѣі
10183,бьнъ
10184,<wb>савѣ
10185,<wb>лавръі
10186,<wb>кротостіѭ
10187,<wb>лаврѣ
10188,<wb>віноѭ
10189,<wb>таковъіѧ
10190,<wb>вьпь
10191,<wb>вьсемогъі
10192,<wb>кротъко
10193,<wb>въздадѧтъ
10194,<wb>погъна
10195,<wb>скврънъі
10196,<wb>странна
10197,<wb>манастъірѣ
10198,<wb>въпросіше
10199,<wb>вашеі
10200,<wb>глашаетъ
10201,<wb>възвѣстіте
10202,<wb>ефрата
10203,<wb>въспріімѫтъ
10204,<wb>пештеръі
10205,<wb>дѣвъства
10206,<wb>творѧштіі
10207,<wb>женомъ
10208,<wb>пріходѧштѧѧ
10209,жъна
10210,<wb>сънъмішта
10211,<wb>мрі
10212,<wb>прѣждена
10213,<wb>прѣжденарече
10214,<wb>зъібь
10215,<wb>чловѣколюбьць
10216,<wb>дшамъ
10217,рѣвъше
10218,<wb>послоушаете
10219,<wb>пріімъше
10220,<wb>хъізінѫ
10221,<wb>стъіждѫ
10222,<wb>нже
10223,<wb>въжегъ
10224,<wb>възьмъше
10225,поусті
10226,<wb>праведьнаего
10227,<wb>млѣка
10228,<wb>скврьн
10229,рьство
10230,<wb>възможъна
10231,<wb>страшіві
10232,<wb>свѧтость
10233,<wb>бѫдеть
10234,<wb>къіімъ
10235,<wb>іг
10236,<wb>моравь
10237,<wb>вьзіскаті
10238,<wb>подроуга
10239,міѣті
10240,<wb>доуксъ
10241,<wb>вьседръжітелѣ
10242,<wb>ізлѣзі
10243,скою
10244,<wb>възьпівъ
10245,<wb>селънъіхъ
10246,<wb>боіші
10247,<wb>правьдівааго
10248,<wb>давъіда
10249,<wb>вѣмъі
10250,<wb>благодарьстві
10251,<wb>мъітаремъ
10252,<wb>мах
10253,<wb>мечь
10254,<wb>неістьлѣ
10255,<wb>істьлѣніѣ
10256,<wb>вънідѣте
10257,<wb>горьші
10258,<wb>ловітвѫ
10259,<wb>оубѣжа
10260,<wb>дръзновеніе
10261,<wb>ліцемѣре
10262,<wb>болѣзніі
10263,<wb>вѣнець
10264,<wb>рамоу
10265,<wb>помъіслъі
10266,<wb>пекъі
10267,<wb>кнігь
10268,<wb>сверѣпъі
10269,<wb>ожіві
10270,<wb>съвѣтьнікъ
10271,<wb>съконьчаетъ
10272,<wb>сътрь
10273,<wb>оукраді
10274,<wb>сісініі
10275,<wb>оустрашаетъ
10276,<wb>муромъ
10277,<wb>когождо
10278,<wb>ізідохъ
10279,<wb>мѫжьскъі
10280,<wb>волю
10281,<wb>добліі
10282,тьці
10283,<wb>болѣзніѭ
10284,<wb>бъіваѭштемъ
10285,<wb>срацінъі
10286,<wb>нетьлѣ
10287,<wb>мѫкахъ
10288,<wb>селоу
10289,<wb>пррок
10290,<wb>възлежѧштоу
10291,<wb>імѣнію
10292,<wb>сіонъ
10293,<wb>прішьствіѣ
10294,<wb>седмо
10295,<wb>хрістосовѣ
10296,<wb>пріведеноу
10297,<wb>правьдьніка
10298,<wb>егупта
10299,<wb>тъчно
10300,<wb>дѣвь
10301,<wb>пѣсньмі
10302,<wb>бѣѣше
10303,<wb>разбоінікомъ
10304,<wb>дръзості
10305,<wb>вьнезаапъ
10306,<wb>творааше
10307,<wb>поідѣте
10308,<wb>могошѧ
10309,<wb>къііхъ
10310,<wb>скѫдельні
10311,<wb>сьнідошѧ
10312,<wb>вьнѣшь
10313,<wb>съте
10314,<wb>правьдівъ
10315,<wb>отъпаде
10316,ствіімъ
10317,<wb>бгъ
10318,<wb>аріе
10319,плоу
10320,<wb>ліцѣ
10321,<wb>могѫштоу
10322,роді
10323,<wb>богороді
10324,<wb>кѫпінѣ
10325,<wb>неразлѫ
10326,<wb>пріходѧштііхъ
10327,<wb>прѣдані
10328,<wb>істіннааго
10329,<wb>віда
10330,<wb>пріобрѣсті
10331,<wb>влъхвъ
10332,<wb>възнесі
10333,<wb>вьздѣвъ
10334,<wb>поѧшѧ
10335,<wb>піоні
10336,<wb>домомъ
10337,<wb>вънідошѧ
10338,<wb>чловѣчьскъ
10339,<wb>ізгънаноу
10340,<wb>мірьнѣ
10341,<wb>отьцемъ
10342,<wb>зълоба
10343,<wb>вьзпі
10344,<wb>пріложѧтъ
10345,<wb>прѣвраті
10346,<wb>моштъ
10347,<wb>дѫбоу
10348,<wb>оставьѭ
10349,<wb>прібліжаѭштоу
10350,<wb>жешті
10351,<wb>глаголаше
10352,штате
10353,<wb>мѫчітелю
10354,<wb>повѣстъ
10355,<wb>съжешті
10356,<wb>помъішлѣѧ
10357,<wb>томітелю
10358,<wb>жьнѭтъ
10359,<wb>ауріліѣне
10360,<wb>крадѫтъ
10361,<wb>загра
10362,<wb>тъіѧ
10363,<wb>бръвъна
10364,<wb>рѣста
10365,<wb>нрава
10366,<wb>гнемь
10367,<wb>жітіемъ
10368,<wb>вьсѣчьскъі
10369,<wb>твореште
10370,<wb>мънозѣ
10371,<wb>съінь
10372,<wb>поклоніті
10373,ганъ
10374,<wb>зъваніі
10375,<wb>прілежно
10376,<wb>прочііхъ
10377,<wb>срацінъ
10378,<wb>відѣнъ
10379,<wb>младен
10380,<wb>съказаніе
10381,<wb>зьлобі
10382,<wb>велікаѣ
10383,<wb>ересь
10384,лмѣхъ
10385,лѣлоуіѣ
10386,<wb>оставіші
10387,<wb>бездънѫ
10388,<wb>коліцѣмь
10389,<wb>гавріілъ
10390,<wb>прістані
10391,шіімі
10392,<wb>пропасть
10393,<wb>възліѣ
10394,<wb>імамъі
10395,<wb>сѧдѣте
10396,<wb>клѧтвѫ
10397,<wb>наріцаемъ
10398,<wb>пріложь
10399,<wb>селі
10400,<wb>врѣменехъ
10401,<wb>съмрьтъ
10402,шша
10403,<wb>небесъное
10404,<wb>оукрашенъ
10405,<wb>порѫгаѭтъ
10406,<wb>поклонімъ
10407,<wb>въспріѧті
10408,<wb>даѣхѫ
10409,гола
10410,<wb>масті
10411,<wb>двігнѫтъ
10412,<wb>племене
10413,<wb>родовъ
10414,<wb>пріемьѭтъ
10415,<wb>благоволе
10416,<wb>нѣкое
10417,<wb>дръжѧтъ
10418,<wb>праздьнь
10419,маі
10420,<wb>іскоре
10421,літѣ
10422,пімъ
10423,<wb>надеждѫ
10424,<wb>спені
10425,<wb>светъіе
10426,<wb>отъпоуштаетъ
10427,<wb>наріче
10428,рьна
10429,<wb>гъібѣль
10430,<wb>прітьча
10431,<wb>въселенѫѭ
10432,ствьно
10433,<wb>поглоу
10434,<wb>поклонѫ
10435,<wb>ість
10436,<wb>звѣремъ
10437,<wb>раздражішѧ
10438,<wb>лъжь
10439,<wb>прісѧзі
10440,<wb>ісау
10441,<wb>слѣпъца
10442,<wb>кандідъ
10443,<wb>троудѣхъ
10444,<wb>стрѣгѫштеі
10445,<wb>мъіі
10446,<wb>въсходѧшта
10447,дівъіі
10448,нъіімь
10449,<wb>сѣетъ
10450,<wb>сьповѣда
10451,<wb>нізоу
10452,леніімъ
10453,<wb>доушевь
10454,слоуша
10455,<wb>хлъмі
10456,<wb>жідъі
10457,<wb>обратівъ
10458,<wb>тоука
10459,<wb>сева
10460,<wb>велікою
10461,<wb>сапфі
10462,каа
10463,<wb>въздрастетъ
10464,<wb>възвелічі
10465,<wb>горко
10466,<wb>магнъ
10467,<wb>іноплеменьніці
10468,<wb>дадові
10469,<wb>правьдънъіі
10470,<wb>сьмѧте
10471,<wb>ізідѣте
10472,<wb>начеше
10473,<wb>хсові
10474,<wb>нечьстівіі
10475,<wb>ізвръ
10476,<wb>стоуденецъ
10477,<wb>оставімъ
10478,<wb>праведънааго
10479,<wb>нбснъіѧ
10480,<wb>оумльчашѧ
10481,<wb>нічътоже
10482,<wb>вьскрѣшенье
10483,<wb>стръгаті
10484,<wb>златъі
10485,<wb>пожьрѫ
10486,<wb>вънъмі
10487,данъ
10488,<wb>нікто
10489,<wb>прѣкрь
10490,<wb>корѣовъ
10491,<wb>пріобрѧ
10492,<wb>въспѧтъ
10493,<wb>цѣсару
10494,<wb>чълі
10495,<wb>рекошѧ
10496,<wb>едномъ
10497,<wb>печете
10498,<wb>чісло
10499,<wb>кровъі
10500,<wb>слоужбѫ
10501,<wb>славо
10502,<wb>глоухъ
10503,<wb>желаніе
10504,<wb>прінесенъі
10505,<wb>заемъ
10506,<wb>мілоуетъ
10507,новаті
10508,<wb>іоанноу
10509,<wb>възвелі
10510,вьшааго
10511,ѣвъ
10512,<wb>отъпадошѧ
10513,<wb>мѣді
10514,<wb>дошедъ
10515,<wb>дроужіна
10516,<wb>ослабѣѭтъ
10517,<wb>благості
10518,<wb>безаконенъе
10519,<wb>пшеніцѧ
10520,<wb>сѫдѧште
10521,<wb>прѣвъі
10522,чьска
10523,<wb>блгнъ
10524,<wb>кедръі
10525,<wb>зълобѣ
10526,<wb>хсъ
10527,<wb>цѣсарьмь
10528,<wb>плъкъ
10529,<wb>блюдо
10530,<wb>пѫтіе
10531,<wb>недѫгь
10532,<wb>прімѣ
10533,<wb>діѣко
10534,<wb>стьзѫ
10535,<wb>жітію
10536,<wb>нішті
10537,<wb>ріка
10538,<wb>навъікнеші
10539,<wb>конѣ
10540,<wb>сѫдобъ
10541,<wb>пріемлю
10542,<wb>чръто
10543,<wb>твръдо
10544,<wb>крась
10545,<wb>зълѣ
10546,<wb>дънехъ
10547,<wb>расѣ
10548,<wb>покаіте
10549,<wb>зьлъіѧ
10550,<wb>двое
10551,<wb>обладаѭтъ
10552,<wb>ізгна
10553,<wb>вѣтръна
10554,<wb>дометіѣ
10555,<wb>подвіжѫ
10556,<wb>бездоу
10557,техъ
10558,<wb>тъм
10559,<wb>съкръішѧ
10560,<wb>въшедъше
10561,<wb>чловѣчьскъіѧ
10562,<wb>нічімже
10563,<wb>посте
10564,<wb>тѫдоу
10565,<wb>тъчьнъ
10566,<wb>богатіі
10567,<wb>пожьрѣте
10568,<wb>обідетъ
10569,<wb>поразі
10570,<wb>въсхотѣшѧ
10571,<wb>палі
10572,<wb>повелѣнье
10573,<wb>зміе
10574,<wb>мазааше
10575,<wb>сѣдѧштѧѧ
10576,карпі
10577,<wb>еукарпі
10578,<wb>ісомь
10579,<wb>мрътвъііх
10580,<wb>похвала
10581,<wb>грѣшьні
10582,<wb>голѣнію
10583,<wb>съвръшішѧ
10584,<wb>клеопова
10585,канъ
10586,<wb>піші
10587,<wb>лѣності
10588,врѣі
10589,<wb>ланітама
10590,<wb>назареа
10591,мьр
10592,<wb>осънова
10593,<wb>осѫждаіте
10594,<wb>грѧдѫштаа
10595,<wb>съказахъ
10596,<wb>прѣбѫдѫтъ
10597,<wb>вълагаѭтъ
10598,<wb>істінънаѣ
10599,<wb>ісходішта
10600,<wb>оумъіеші
10601,<wb>сътворьшоу
10602,<wb>бѫдѫт
10603,<wb>обетъ
10604,<wb>обетъша
10605,<wb>въга
10606,<wb>вонѧ
10607,<wb>рімлѣне
10608,<wb>послоушаеші
10609,<wb>плачѫштѫ
10610,<wb>речета
10611,пьѭ
10612,<wb>мьнѣшѧ
10613,<wb>члвчскъ
10614,<wb>възбоуждѫ
10615,<wb>побіті
10616,<wb>слоушаѭтъ
10617,<wb>поуста
10618,<wb>нечістааго
10619,<wb>разбоініці
10620,<wb>боѣаше
10621,<wb>повелѣніі
10622,<wb>родьства
10623,<wb>мімоідъі
10624,<wb>чьтете
10625,<wb>самомь
10626,<wb>длъготѫ
10627,<wb>познахомъ
10628,<wb>добь
10629,<wb>нарекошѧ
10630,<wb>безаконьѣ
10631,<wb>сънідъ
10632,<wb>даѧі
10633,<wb>амнь
10634,<wb>свьтѣ
10635,<wb>вьсѣчьстѣі
10636,рьска
10637,тельство
10638,<wb>блствітъ
10639,<wb>нале
10640,<wb>съгрѣшаі
10641,<wb>въторое
10642,<wb>троудішѧ
10643,<wb>съвръшѫ
10644,<wb>скоті
10645,<wb>стоудень
10646,<wb>кръштааше
10647,<wb>възлюбішѧ
10648,<wb>хвалѧтъ
10649,<wb>ілвъ
10650,шеніімъ
10651,гнеші
10652,<wb>жалость
10653,<wb>мльчалі
10654,<wb>вьседръжітелю
10655,<wb>наплънішѧ
10656,<wb>въздоуха
10657,<wb>повѣдашѧ
10658,<wb>мре
10659,<wb>адовъі
10660,<wb>въждѧдаті
10661,<wb>съходѧштъ
10662,<wb>свѣтълъі
10663,<wb>крьста
10664,тованіе
10665,<wb>мѫжемъ
10666,<wb>стъіді
10667,<wb>оубілі
10668,<wb>гъіб
10669,<wb>прібліжь
10670,<wb>плѣвелъі
10671,шамъ
10672,<wb>елені
10673,<wb>оставьша
10674,<wb>заматорѣвъші
10675,<wb>хоулѣаше
10676,<wb>рімъ
10677,<wb>прошеніе
10678,<wb>прѣбіѭтъ
10679,<wb>възбранѣ
10680,<wb>біѣахѫ
10681,<wb>закръі
10682,<wb>жідѫтъ
10683,<wb>ѣвлѭ
10684,<wb>оумоленъ
10685,<wb>прѣдаѭштааго
10686,<wb>мѧтежа
10687,<wb>хотѣше
10688,<wb>шоума
10689,<wb>попіра
10690,<wb>оуміраетъ
10691,<wb>позорі
10692,<wb>едночѧ
10693,<wb>останетъ
10694,міна
10695,<wb>ісповѣд
10696,<wb>проре
10697,<wb>доухов
10698,<wb>чловѣчьскомъ
10699,<wb>вьздвігъ
10700,<wb>послоушаѭште
10701,<wb>облічаѧ
10702,<wb>хваліті
10703,<wb>даете
10704,<wb>маѯ
10705,<wb>вьземлеші
10706,<wb>слъішѧштемъ
10707,<wb>сълѣзе
10708,<wb>оставлѣѭтъ
10709,<wb>прозьрі
10710,<wb>оулові
10711,<wb>съконьчаѭтъ
10712,<wb>гнѣвомь
10713,<wb>тръпітъ
10714,<wb>напсано
10715,<wb>послѣді
10716,<wb>саке
10717,<wb>помъішленьѣ
10718,<wb>такомоу
10719,<wb>наслѣдоуѭ
10720,<wb>жрѣбьць
10721,<wb>богатааго
10722,<wb>веселѧ
10723,<wb>вѣрьні
10724,<wb>ѫгълоу
10725,<wb>еуаггеліе
10726,<wb>веселіті
10727,блъ
10728,<wb>ізвѣштаті
10729,<wb>оупітѣнъі
10730,ріштѫ
10731,<wb>повелѣное
10732,<wb>въставъші
10733,<wb>капіштъ
10734,текѫтъ
10735,<wb>възненавідітъ
10736,<wb>съмѣренъ
10737,<wb>воловъ
10738,<wb>нѫждѫ
10739,<wb>стоудомъ
10740,<wb>афрі
10741,<wb>обѣтъі
10742,<wb>волъ
10743,<wb>распѫтііхъ
10744,<wb>пріставьнікъ
10745,<wb>патріарха
10746,<wb>тажде
10747,<wb>ведетъ
10748,ностъі
10749,<wb>оухоу
10750,<wb>глаголѫштѧ
10751,<wb>брѣмене
10752,<wb>погребеніѣ
10753,<wb>смрь
10754,<wb>телець
10755,<wb>любьз
10756,<wb>възьалка
10757,<wb>вечера
10758,<wb>сѫда
10759,<wb>въздамь
10760,<wb>сътръ
10761,<wb>доусі
10762,<wb>пріобрѣтъ
10763,<wb>агньцѧ
10764,<wb>саторнінъ
10765,<wb>поѣстъ
10766,<wb>пѧтъ
10767,стѫжішѧ
10768,<wb>оумлъчашѧ
10769,<wb>вьсоуе
10770,ваѧі
10771,<wb>прімъ
10772,<wb>прѣходѧтъ
10773,<wb>чоухъ
10774,<wb>облачааше
10775,донъ
10776,<wb>тръпѣніі
10777,<wb>прозѧбъ
10778,<wb>доуховьное
10779,<wb>стѣмъ
10780,<wb>правѣ
10781,<wb>възлюбітъ
10782,<wb>домь
10783,<wb>посъілаѭ
10784,<wb>оукроті
10785,<wb>развраштенъ
10786,<wb>обрадова
10787,<wb>мрътвааго
10788,<wb>пьѭ
10789,<wb>основаніѣ
10790,<wb>лѫкавъіі
10791,<wb>слъішавъі
10792,<wb>благое
10793,<wb>тоѭ
10794,діна
10795,творіте
10796,<wb>благотворіте
10797,<wb>навъікохъ
10798,<wb>вашѫ
10799,<wb>кніж
10800,<wb>цѣлѣаше
10801,<wb>побіѭтъ
10802,<wb>прѣданоу
10803,<wb>помъішленіе
10804,жѫште
10805,<wb>достоѣаше
10806,хое
10807,<wb>ветъхое
10808,<wb>сеѭ
10809,<wb>ветъсѣ
10810,<wb>новѫѭ
10811,<wb>боѣті
10812,<wb>освѣті
10813,<wb>заключі
10814,<wb>вьсхъі
10815,<wb>таланта
10816,<wb>пслмъ
10817,<wb>вѣдо
10818,рінѫ
10819,<wb>съзъданъ
10820,<wb>пріобьшті
10821,<wb>съмр
10822,<wb>непьштоу
10823,<wb>іцѣлѣетъ
10824,<wb>вельзѣволѣ
10825,<wb>облічаемъ
10826,прѧ
10827,<wb>чаѭштемъ
10828,<wb>наставілъ
10829,къіра
10830,<wb>секъіра
10831,ріеѭ
10832,<wb>повіноуѧ
10833,<wb>сѣдѧштъ
10834,<wb>проідетъ
10835,<wb>паденіе
10836,<wb>оуготовалъ
10837,заѧ
10838,нішта
10839,<wb>пріе
10840,<wb>повітъ
10841,<wb>напсаті
10842,ѣз
10843,лу
10844,<wb>проркъ
10845,<wb>свѧтѣѣмь
10846,<wb>беслове
10847,<wb>спсніе
10848,<wb>кораблѧ
10849,<wb>пламені
10850,<wb>жівѫшта
10851,<wb>блажена
10852,<wb>радоштамі
10853,<wb>възносіте
10854,<wb>насладі
10855,<wb>оубогъіімъ
10856,<wb>отъѧті
10857,<wb>скрьжьтъ
10858,<wb>нарічеші
10859,дѫште
10860,<wb>оубіеніе
10861,<wb>чаро
10862,<wb>оустънъі
10863,<wb>оутвръжденіе
10864,<wb>мѫжеві
10865,<wb>добріі
10866,<wb>самодръ
10867,<wb>троіцѫ
10868,<wb>падѫтъ
10869,<wb>стлъпѣ
10870,бьзі
10871,<wb>мартѣ
10872,<wb>пророчьствова
10873,<wb>папа
10874,<wb>съмѫштаеші
10875,<wb>нед
10876,<wb>бесьмрь
10877,ствоуѭшті
10878,<wb>въстахъ
10879,<wb>плачѫштемъ
10880,<wb>мьсть
10881,<wb>оноу
10882,<wb>ніже
10883,<wb>съмѣренъіѧ
10884,<wb>съніді
10885,<wb>поманѫшѧ
10886,<wb>начеть
10887,дѣніѣ
10888,<wb>нечьстівъіі
10889,<wb>разорѭ
10890,<wb>вьсесъжага
10891,<wb>плаштаніцѫ
10892,<wb>лобъжѫ
10893,піші
10894,<wb>оуготоваіта
10895,<wb>оудръжаті
10896,<wb>постъла
10897,<wb>хла
10898,пца
10899,<wb>самові
10900,<wb>пісті
10901,зъіч
10902,<wb>прѣідѫтъ
10903,<wb>реч
10904,<wb>прѣкраті
10905,<wb>зіждете
10906,<wb>полагаетъ
10907,<wb>іслѣ
10908,<wb>каково
10909,<wb>лептѣ
10910,<wb>газофілакіѭ
10911,<wb>прікасаѭтъ
10912,<wb>заповѣдъ
10913,<wb>оуміраѧ
10914,<wb>отъпадъ
10915,<wb>іосіфь
10916,<wb>мѫчѧ
10917,<wb>мъішлѣахѫ
10918,<wb>оплъ
10919,<wb>отъпоустіте
10920,дьство
10921,<wb>оугобьзі
10922,<wb>трѣбоуоутъ
10923,<wb>ізлѣсті
10924,<wb>члчскъі
10925,<wb>вітъ
10926,<wb>прозьрѭ
10927,<wb>назарѣнінъ
10928,<wb>хоштевѣ
10929,<wb>дрѧхлъ
10930,гдаже
10931,<wb>съзъдаті
10932,<wb>напісаті
10933,<wb>ізгонѧшта
10934,<wb>прѣстоу
10935,<wb>рожденъіхъ
10936,<wb>прѣльстітъ
10937,сп
10938,<wb>фарісѣіска
10939,<wb>мілъ
10940,<wb>съвѣть
10941,<wb>въздъхнѫ
10942,<wb>ізвѣсть
10943,<wb>безоумье
10944,<wb>кореніе
10945,рва
10946,<wb>съблюдете
10947,<wb>пьрѣ
10948,<wb>ѫже
10949,<wb>нечьстівааго
10950,<wb>възъвашѧ
10951,<wb>вразѣхъ
10952,<wb>сподъі
10953,<wb>помоштію
10954,<wb>прільпе
10955,<wb>аплі
10956,<wb>отърешті
10957,<wb>послоушаѧ
10958,<wb>хранѣаше
10959,<wb>крѣпъкъі
10960,<wb>ожені
10961,<wb>прѣдъстоѧ
10962,<wb>ікона
10963,<wb>оутврьжде
10964,доімь
10965,<wb>чоудіті
10966,<wb>оумръла
10967,<wb>посълавъшоумоу
10968,<wb>плачѫштѧ
10969,<wb>вѣдѫшті
10970,<wb>небесьское
10971,<wb>цѣльбъі
10972,<wb>обрѣтъші
10973,<wb>просѧштоумоу
10974,дънъіі
10975,<wb>свініѣ
10976,<wb>відѣвъшеі
10977,<wb>остѫпа
10978,<wb>оноѧ
10979,<wb>пѫтъі
10980,дарі
10981,<wb>гадарі
10982,<wb>ѣвѧтъ
10983,сна
10984,<wb>потае
10985,<wb>проповѣдано
10986,<wb>цра
10987,<wb>подавлѣѭтъ
10988,<wb>сѣатъ
10989,<wb>кьнѧзі
10990,<wb>процвь
10991,<wb>въішьніі
10992,<wb>дсі
10993,<wb>жівъіімъ
10994,<wb>кодратоу
10995,<wb>прьвѣ
10996,<wb>бъілъі
10997,<wb>моностъі
10998,<wb>женіха
10999,жахѫ
11000,<wb>лото
11001,<wb>проказа
11002,<wb>разлічъ
11003,<wb>коупносѫ
11004,<wb>кротъкъіѧ
11005,<wb>пріставі
11006,вѫтъ
11007,<wb>пріемлѫтъ
11008,<wb>съходѧшть
11009,<wb>дівіі
11010,<wb>оутврьжденіе
11011,любівааго
11012,<wb>посъланіі
11013,<wb>съподобілъ
11014,<wb>марі
11015,рьті
11016,<wb>апостолікоу
11017,<wb>обѣшташѧ
11018,<wb>воеводъі
11019,<wb>прьвъі
11020,<wb>останѫтъ
11021,<wb>въсіѣвъшоу
11022,<wb>ноштьѭ
11023,<wb>мрътві
11024,<wb>одѣніе
11025,таѭшті
11026,<wb>соботънъі
11027,<wb>послѣдьнѣа
11028,дьца
11029,<wb>кнігъ
11030,<wb>прігвоз
11031,ніеѭ
11032,<wb>прѣпла
11033,<wb>таінааго
11034,<wb>крот
11035,<wb>псломъ
11036,<wb>блѫдіте
11037,<wb>дроужінъі
11038,<wb>сълѣзі
11039,<wb>плакахомъ
11040,<wb>мімоходѧштеі
11041,гль
11042,лѣе
11043,чьѭ
11044,<wb>злъ
11045,<wb>сѫштаа
11046,<wb>вѣнецъ
11047,<wb>съвлъкъше
11048,<wb>съребрьнікъ
11049,<wb>прѣімъше
11050,<wb>чѧдѣхъ
11051,<wb>пострадахъ
11052,<wb>вѣдѣше
11053,<wb>прѣдавъіі
11054,тьскоумоу
11055,<wb>людьсціі
11056,<wb>ротіті
11057,<wb>прѣвелі
11058,<wb>глші
11059,<wb>рабъіні
11060,<wb>прістѫпьша
11061,<wb>мѣне
11062,<wb>ненавість
11063,<wb>постіже
11064,<wb>съвла
11065,<wb>оударь
11066,<wb>твою
11067,дівъше
11068,<wb>съхо
11069,<wb>пожідѣте
11070,<wb>пріскръбъна
11071,бѣті
11072,<wb>скръбѣті
11073,<wb>въразоумі
11074,шомоу
11075,<wb>вьзіраѧ
11076,ходѧштоу
11077,<wb>помъісліхъ
11078,<wb>оцьтъ
11079,фо
11080,<wb>проповѣдѣ
11081,<wb>расте
11082,<wb>ѳомѣ
11083,<wb>алчѫшта
11084,клонітъ
11085,чаатъ
11086,<wb>котъігъі
11087,левѣ
11088,<wb>жестокъ
11089,<wb>поставлѭ
11090,оубіі
11091,<wb>коупіте
11092,<wb>крамолѫ
11093,<wb>пілат
11094,<wb>оукрасішѧ
11095,тешетъ
11096,<wb>прізърі
11097,лѭшті
11098,<wb>мелѭшті
11099,ѭшть
11100,гъча
11101,<wb>пріч
11102,<wb>прозѧбнетъ
11103,<wb>млада
11104,<wb>троупъ
11105,<wb>млъні
11106,<wb>бѣство
11107,<wb>тѣштѧ
11108,<wb>раждіза
11109,<wb>грѣшенъ
11110,<wb>зъданіѣ
11111,<wb>прізва
11112,<wb>сѫдь
11113,кль
11114,<wb>въпадеші
11115,<wb>протівънъіѧ
11116,<wb>кльнетъ
11117,ново
11118,тънаѣ
11119,<wb>праві
11120,<wb>костѧ
11121,<wb>равъ
11122,<wb>хранілішта
11123,<wb>раші
11124,<wb>іздрѧ
11125,оучі
11126,<wb>чоудесі
11127,жъѣ
11128,<wb>хромъі
11129,<wb>дрьже
11130,<wb>коуплѭ
11131,<wb>жезлъ
11132,<wb>благаѣ
11133,<wb>назнамена
11134,<wb>прѣданіі
11135,сл
11136,довоу
11137,<wb>глѭштемъ
11138,<wb>погребенъ
11139,<wb>възврашта
11140,<wb>вьрѧ
11141,<wb>вѧштіі
11142,<wb>небесьнъіѧ
11143,<wb>негодовашѧ
11144,<wb>насілѣ
11145,<wb>можевѣ
11146,еніе
11147,<wb>жде
11148,<wb>варъ
11149,<wb>ліші
11150,<wb>мьр
11151,<wb>законопрѣстѫп
11152,стѫѭ
11153,<wb>ловітвѣ
11154,<wb>зеведеовоу
11155,<wb>въсеѧ
11156,нѧі
11157,<wb>побѣда
11158,<wb>потръпѣ
11159,<wb>въсажде
11160,<wb>съмѧсѧ
11161,<wb>овецъ
11162,<wb>вседрьжі
11163,<wb>пріріштѫ
11164,<wb>древье
11165,<wb>отъсѣці
11166,льскъі
11167,<wb>таково
11168,<wb>кръмь
11169,<wb>свѧтѣі
11170,рънаоумъ
11171,ферънаоумъ
11172,<wb>каферънаоумъ
11173,<wb>врѣтішті
11174,<wb>ісцѣліті
11175,<wb>сѫштее
11176,<wb>просвьтѣ
11177,<wb>даромъ
11178,сехъ
11179,<wb>съвѧзано
11180,<wb>полоучішѧ
11181,<wb>рѣкахъ
11182,<wb>цѣнѫ
11183,сімані
11184,<wb>дрѧсе
11185,<wb>глемъ
11186,таѭште
11187,обрѣ
11188,<wb>бесѣдѫ
11189,пріштъ
11190,<wb>лежѧштъ
11191,<wb>хана
11192,<wb>ѣвленіе
11193,<wb>ізмо
11194,вр
11195,<wb>прошеніѣ
11196,<wb>любодѣаніѣ
11197,<wb>проказьства
11198,<wb>оудаві
11199,<wb>слъша
11200,<wb>сътѫжі
11201,<wb>зълосло
11202,<wb>таковъіхъ
11203,<wb>въскріліі
11204,гашѧ
11205,ракъ
11206,чѫтъ
11207,<wb>въсплачете
11208,<wb>оученіцѣхъ
11209,<wb>въмѣстіті
11210,<wb>несе
11211,<wb>порѫче
11212,<wb>нава
11213,<wb>дѣѭтъ
11214,<wb>домовітоу
11215,бомь
11216,<wb>праведънъіхъ
11217,<wb>ізідѫтъ
11218,<wb>господіна
11219,нѣта
11220,<wb>сътѧжіте
11221,<wb>прітьчѫ
11222,<wb>птіца
11223,<wb>прінесъше
11224,<wb>страненъ
11225,<wb>прѣдложі
11226,<wb>коупъно
11227,<wb>въстръгаѭште
11228,<wb>въходѧштоу
11229,расль
11230,моѭ
11231,лѣшѧ
11232,<wb>довьлѣетъ
11233,<wb>тръніе
11234,<wb>погъібнѫті
11235,баѭште
11236,<wb>ѣвьѣше
11237,<wb>дроугаа
11238,<wb>погъібнете
11239,<wb>вьселі
11240,<wb>коегождо
11241,<wb>пръвъіхъ
11242,<wb>наслѣдѧтъ
11243,<wb>іізраі
11244,<wb>оученікомь
11245,дънова
11246,<wb>ехідънова
11247,<wb>познасте
11248,<wb>хоула
11249,<wb>расхъітіті
11250,<wb>галілѣѭ
11251,<wb>плачеші
11252,<wb>оупъваѭтъ
11253,шаашете
11254,<wb>покаі
11255,<wb>отъкръіетъ
11256,речетъ
11257,<wb>вьспрѣ
11258,тлъ
11259,<wb>лоуче
11260,совъ
11261,<wb>съплеска
11262,<wb>затворіті
11263,<wb>младьнець
11264,<wb>бѧ
11265,<wb>сѫштімъ
11266,<wb>імѣше
11267,тою
11268,<wb>правьдьнікъ
11269,<wb>обідѧ
11270,<wb>прѣложілъ
11271,<wb>неразоумі
11272,съіі
11273,дьнѫѭ
11274,<wb>младъі
11275,<wb>оуготовітъ
11276,<wb>мъісліѭ
11277,<wb>дауідовъ
11278,<wb>очіштаѭтъ
11279,<wb>несъмъіслъ
11280,<wb>пажіть
11281,<wb>хроміі
11282,<wb>вьспѣ
11283,<wb>коупітъ
11284,<wb>ограді
11285,<wb>заповѣдаѧ
11286,<wb>прозѧбе
11287,<wb>мъніте
11288,<wb>отъці
11289,тені
11290,ньцѧ
11291,<wb>отъчаа
11292,ріні
11293,<wb>комісоу
11294,<wb>члче
11295,<wb>мѫдрѣ
11296,<wb>бѣло
11297,<wb>нарѣшѧ
11298,бецъ
11299,<wb>плакааше
11300,<wb>богатъі
11301,<wb>істѣ
11302,<wb>распро
11303,<wb>ѧзкмъ
11304,<wb>ставъші
11305,<wb>топлотъі
11306,<wb>отъдаті
11307,<wb>безаконнъе
11308,<wb>въходѧште
11309,<wb>жъзла
11310,<wb>прокаженъіѧ
11311,<wb>аль
11312,срь
11313,<wb>стражі
11314,<wb>обновітъ
11315,трьпі
11316,<wb>положівъ
11317,<wb>ведъ
11318,<wb>евнгліе
11319,<wb>іродові
11320,<wb>мечі
11321,<wb>іскоусъ
11322,<wb>хотѧштааго
11323,<wb>правьдьнъ
11324,<wb>попо
11325,<wb>різь
11326,<wb>помолѭ
11327,<wb>плѣвъі
11328,<wb>посьлі
11329,<wb>болѧштеі
11330,<wb>възлежаахѫ
11331,штено
11332,<wb>коуміръ
11333,<wb>бъівъшаѣ
11334,<wb>сідонѣ
11335,<wb>безо
11336,<wb>сьвлѣ
11337,ствіемъ
11338,<wb>вьзгнѣ
11339,<wb>вѣтромь
11340,<wb>влънамі
11341,<wb>прѣсѣ
11342,<wb>понесе
11343,<wb>ісаіемь
11344,<wb>недѫжънъіѧ
11345,<wb>праведьні
11346,<wb>петровъ
11347,<wb>кромѣштьнѭѭ
11348,<wb>пріго
11349,<wb>црькъвъ
11350,<wb>жръновъ
11351,<wb>наѧтъ
11352,<wb>посаді
11353,<wb>въстокь
11354,<wb>аггеломъ
11355,<wb>отечь
11356,<wb>оскръ
11357,<wb>основана
11358,<wb>нападѫ
11359,<wb>отідѣте
11360,<wb>трьмь
11361,<wb>прѣдълага
11362,<wb>небесьхъ
11363,<wb>посѣкаѭтъ
11364,<wb>золъ
11365,<wb>познаіте
11366,<wb>вратъі
11367,<wb>отъго
11368,<wb>вънідетъ
11369,<wb>просѧштіімъ
11370,сьръ
11371,<wb>бісьръ
11372,<wb>ізъмѫ
11373,<wb>самоі
11374,дънъі
11375,<wb>осіѣ
11376,<wb>старьче
11377,<wb>наслѣдъ
11378,<wb>реклъ
11379,<wb>сѣѭтъ
11380,<wb>собота
11381,<wb>вьзлюбітъ
11382,<wb>агрікола
11383,<wb>подъкопаваѭтъ
11384,<wb>съкръіваіте
11385,<wb>нбе
11386,<wb>оумъіі
11387,<wb>хвалѣ
11388,<wb>мъножѣ
11389,<wb>длъжъ
11390,<wb>длъгъі
11391,<wb>бешті
11392,<wb>лакътъ
11393,<wb>слъішімъ
11394,<wb>вьспріі
11395,<wb>антіохіі
11396,<wb>прѣдаа
11397,<wb>відімі
11398,<wb>срьдьці
11399,<wb>нбскъі
11400,<wb>съвръшені
11401,<wb>пѣсъ
11402,<wb>іскочі
11403,<wb>клънѫштѧѧ
11404,<wb>въведі
11405,<wb>срачі
11406,<wb>філософъ
11407,тък
11408,<wb>позороу
11409,<wb>тель
11410,<wb>іерслмъ
11411,<wb>въвръжетъ
11412,<wb>божііхъ
11413,<wb>обьште
11414,<wb>третііці
11415,<wb>порабо
11416,<wb>прѣподобьнъіі
11417,<wb>небесьскъіхъ
11418,<wb>вѣчьнаго
11419,<wb>стоѧштааго
11420,сію
11421,дьнаѣ
11422,<wb>могѫшті
11423,<wb>темъ
11424,<wb>сірѣчъ
11425,<wb>раждеже
11426,<wb>вѣчьное
11427,<wb>отьцемь
11428,<wb>зові
11429,<wb>бісъра
11430,<wb>протівлѣѭштеі
11431,<wb>бъітіе
11432,<wb>лобъіза
11433,<wb>възвраштьше
11434,<wb>цѣльбѫ
11435,<wb>дховь
11436,<wb>томьзе
11437,<wb>хоуда
11438,мъже
11439,<wb>въплъ
11440,чьнъііхъ
11441,<wb>възможъно
11442,<wb>слоужьбъі
11443,нѣіша
11444,<wb>оустро
11445,<wb>блаженъіѧ
11446,<wb>члчьскааго
11447,<wb>четъіре
11448,<wb>гнѫ
11449,<wb>рабѣ
11450,<wb>отътоудѣ
11451,вьр
11452,<wb>різоу
11453,<wb>рабомь
11454,<wb>тѧжько
11455,<wb>поѭтъ
11456,біте
11457,<wb>бесра
11458,<wb>прѣдасте
11459,<wb>робъі
11460,<wb>помъішле
11461,<wb>недостоіно
11462,<wb>кодрате
11463,<wb>ліха
11464,<wb>самара
11465,<wb>мою
11466,<wb>почоу
11467,<wb>съблазнъ
11468,нъскъіѧ
11469,<wb>отіді
11470,<wb>съвѧзана
11471,<wb>тъмъі
11472,<wb>оумъножі
11473,<wb>дазь
11474,<wb>сънъміште
11475,<wb>съвлѣшѧ
11476,<wb>гласоу
11477,кнѫшѧ
11478,<wb>піѭште
11479,<wb>пріімеші
11480,<wb>фе
11481,<wb>віноу
11482,<wb>бесъмръ
11483,<wb>стітъ
11484,<wb>іштета
11485,<wb>погъібле
11486,доуѧ
11487,<wb>прѣіді
11488,штаѭште
11489,<wb>тъштъ
11490,льнъі
11491,льна
11492,<wb>пастві
11493,<wb>сіламъ
11494,<wb>вѣроую
11495,<wb>наріцаемъіі
11496,<wb>іюдовъ
11497,<wb>глась
11498,вуло
11499,<wb>назнаме
11500,<wb>сіоно
11501,<wb>назіраахѫ
11502,<wb>сѣчь
11503,<wb>отъвръгошѧ
11504,<wb>пазоу
11505,вьно
11506,<wb>пріставлѣ
11507,<wb>ідѫштема
11508,<wb>фарісеомъ
11509,тное
11510,вьшоу
11511,вамъ
11512,<wb>велъ
11513,скомоу
11514,рілъ
11515,<wb>подобѧ
11516,вова
11517,<wb>сказаеть
11518,емъіѧ
11519,<wb>съблюді
11520,<wb>гръчьскъі
11521,<wb>протівѧ
11522,<wb>істінна
11523,<wb>слад
11524,<wb>мусі
11525,<wb>словѣнскъі
11526,<wb>пісменъі
11527,шіімь
11528,ментарі
11529,<wb>коментарі
11530,<wb>каді
11531,ньць
11532,лічішта
11533,<wb>ненавідѣ
11534,<wb>четврътовластьствоуѭштоу
11535,<wb>ісаіа
11536,<wb>генісареть
11537,<wb>есмъі
11538,<wb>цсре
11539,<wb>іліа
11540,<wb>вьстанѣте
11541,<wb>мъногомъ
11542,<wb>мьштѫ
11543,<wb>кладѧ
11544,гнете
11545,<wb>фо
11546,<wb>бжіа
11547,<wb>еліспо
11548,<wb>жоу
11549,дьніці
11550,<wb>прістрашъ
11551,<wb>оулоу
11552,<wb>нестрое
11553,<wb>толікъ
11554,<wb>оуште
11555,<wb>вѣроуѭштііхъ
11556,<wb>дѣтіштоу
11557,<wb>тль
11558,<wb>цркв
11559,<wb>оужаснѫ
11560,<wb>коц
11561,<wb>спсна
11562,<wb>левьгі
11563,<wb>водьнаа
11564,<wb>коупль
11565,<wb>соуха
11566,льніка
11567,<wb>пѣші
11568,плѫ
11569,нѣхѫ
11570,<wb>поімѫ
11571,<wb>съшь
11572,<wb>іскаше
11573,<wb>чко
11574,<wb>оугоді
11575,<wb>съвѣдѣнеі
11576,<wb>прѣбъіс
11577,<wb>осмі
11578,шаете
11579,<wb>навъікні
11580,<wb>невѣр
11581,<wb>заш
11582,гоуі
11583,<wb>олъ
11584,<wb>растѫтъ
11585,<wb>блго
11586,<wb>род
11587,<wb>плачемъ
11588,<wb>мілостъіні
11589,<wb>іесе
11590,<wb>імѣніемъ
11591,<wb>равъно
11592,<wb>проштеніе
11593,зора
11594,<wb>въспріѧ
11595,<wb>вавіло
11596,<wb>біѣте
11597,<wb>оставіхъ
11598,<wb>зьрѧште
11599,<wb>оставлъ
11600,<wb>декапо
11601,<wb>пріключітъ
11602,<wb>распѫтіі
11603,<wb>параклі
11604,<wb>прѧ
11605,<wb>подаетъ
11606,<wb>въсѣкь
11607,<wb>воеводъ
11608,<wb>съказааше
11609,<wb>прошедъ
11610,<wb>жѧтелѣ
11611,<wb>блві
11612,млъ
11613,<wb>реченѫѭ
11614,влѣаше
11615,<wb>благь
11616,мете
11617,<wb>сѫпротів
11618,<wb>неро
11619,<wb>одѣа
11620,клада
11621,<wb>тепе
11622,<wb>пріемьѧ
11623,<wb>лѧ
11624,<wb>прѣкра
11625,<wb>трѫбь
11626,жецъ
11627,<wb>грѧдет
11628,<wb>нбхъ
11629,<wb>въніді
11630,<wb>праздьнікь
11631,колмі
11632,<wb>цръкъі
11633,нъше
11634,<wb>гол
11635,<wb>подвіжѧтъ
11636,<wb>тькьмо
11637,діа
11638,<wb>нъінѣшьнѣго
11639,<wb>іжденѫ
11640,кре
11641,<wb>възігра
11642,<wb>слъішѧштіі
11643,<wb>въіш
11644,дово
11645,<wb>помъіслішѧ
11646,<wb>егуптъ
11647,жіза
11648,<wb>благовѣсть
11649,<wb>ѣвьеніе
11650,<wb>блгсл
11651,<wb>ізгъіблъ
11652,благо
11653,<wb>стоі
11654,<wb>доуховьно
11655,<wb>похъі
11656,<wb>съшедъшоу
11657,стрѧ
11658,<wb>сьтворь
11659,<wb>цѣср
11660,<wb>вес
11661,<wb>врътогра
11662,ніім
11663,<wb>ѣдъіі
11664,<wb>протешетъ
11665,нъііхь
11666,<wb>пріімше
11667,<wb>трѣбъі
11668,нскѫ
11669,<wb>веселітъ
11670,<wb>даѧ
11671,<wb>поміловаті
11672,стоѭ
11673,<wb>сьвѣдѣте
11674,<wb>оч
11675,<wb>крѣпостъ
11676,<wb>црсьѣ
11677,<wb>дро
11678,<wb>послѣдоу
11679,<wb>грѧдѫштоу
11680,<wb>съвѣдѣтелъ
11681,<wb>съвръша
11682,<wb>тіверіѣ
11683,<wb>бівъ
11684,<wb>отвѣшташѧ
11685,<wb>вънесті
11686,<wb>положіші
11687,мръті
11688,<wb>прішель
11689,<wb>сьвѣдѣтельствова
11690,<wb>въспомѧ
11691,<wb>скръбъ
11692,<wb>обрѣтохъ
11693,<wb>прѣпрѣ
11694,<wb>свѣтіло
11695,дѧт
11696,<wb>пользѫ
11697,тоумоу
11698,<wb>ськ
11699,<wb>отвръзі
11700,<wb>птіць
11701,<wb>въспросіте
11702,<wb>нарочіта
11703,<wb>поідѫтъ
11704,<wb>въздашѧ
11705,<wb>напаѣше
11706,творѭ
11707,<wb>слоухомъ
11708,<wb>велію
11709,<wb>кнезь
11710,<wb>роукоу
11711,<wb>чась
11712,<wb>імемь
11713,<wb>дрьжеште
11714,<wb>правъденъ
11715,<wb>слоужбоу
11716,<wb>етерь
11717,<wb>покланѣемъ
11718,<wb>земьстіі
11719,<wb>съвръшенье
11720,<wb>елінъі
11721,<wb>помазавъ
11722,<wb>бѣжѧште
11723,<wb>крьштеніемь
11724,<wb>въішънііхъ
11725,<wb>оузріть
11726,<wb>оставъше
11727,діеѭ
11728,<wb>носѧштіі
11729,<wb>апола
11730,<wb>оувѣждъ
11731,<wb>прѣвеліко
11732,<wb>срамъ
11733,<wb>вьскрѣшеніі
11734,<wb>съмрътънъіѧ
11735,<wb>прізовемъ
11736,крьсні
11737,<wb>творілі
11738,<wb>прославлѭ
11739,<wb>тьмніцѧ
11740,<wb>съходітъ
11741,<wb>тьчьѭ
11742,<wb>похвалѫ
11743,<wb>соулѣі
11744,<wb>соулѣіші
11745,<wb>прікоснѫтъ
11746,<wb>старьцоу
11747,псанье
11748,<wb>сътѫжаті
11749,<wb>ѣзвѣ
11750,<wb>іцѣлѣаше
11751,ѳеріі
11752,<wb>хсово
11753,стілі
11754,<wb>казааше
11755,<wb>троіцоу
11756,<wb>ненавідѧштіі
11757,<wb>распьнѫ
11758,<wb>пльнъ
11759,<wb>слѣпецъ
11760,<wb>родіть
11761,<wb>пріставленіѣ
11762,<wb>ніедногоже
11763,<wb>млъчаахѫ
11764,<wb>давдъ
11765,<wb>мілостівъі
11766,нѣіска
11767,<wb>істіньнъ
11768,<wb>небесъскааго
11769,<wb>ізвѣсѧ
11770,<wb>коснетъ
11771,<wb>невѣстьнікъ
11772,<wb>страннікъ
11773,<wb>окааніі
11774,вѧзаѭшта
11775,<wb>сътѧзаѭштѧ
11776,<wb>ідет
11777,<wb>пророкоу
11778,<wb>нбсцѣмь
11779,<wb>вѣчьнаѣ
11780,<wb>врачемъ
11781,<wb>неправедьна
11782,<wb>жідовъскъі
11783,<wb>боголѣ
11784,<wb>дѣлеса
11785,<wb>съказаніѣ
11786,<wb>большее
11787,<wb>оусрьдіемъ
11788,<wb>обѧсѧ
11789,<wb>даю
11790,доімьці
11791,<wb>может
11792,<wb>копье
11793,<wb>завѣтоу
11794,<wb>съшьдъ
11795,<wb>адаме
11796,<wb>чловѣцѣ
11797,<wb>хлѣвінъі
11798,<wb>ісплънѧтъ
11799,<wb>братѣ
11800,<wb>невѣрьствѣ
11801,<wb>цѣсар
11802,<wb>клеврѣтъі
11803,<wb>сьмѣреніімъ
11804,<wb>іероусалімѣ
11805,<wb>звѣздѫ
11806,<wb>пріноужденъ
11807,<wb>вѣдѧть
11808,<wb>штоуждеі
11809,<wb>повѣсті
11810,<wb>імѫштемъ
11811,<wb>свѣшті
11812,<wb>скръжетъ
11813,<wb>паденье
11814,<wb>сѣавъ
11815,<wb>дьѣвола
11816,<wb>въпасті
11817,<wb>съберѫ
11818,<wb>вѣньцъ
11819,ніцамъ
11820,<wb>варівъ
11821,<wb>херовімомъ
11822,<wb>отръ
11823,<wb>обрадованаѣ
11824,<wb>невѣстѣ
11825,<wb>съкажетъ
11826,<wb>правьдьное
11827,<wb>страшъ
11828,<wb>порожденіе
11829,<wb>наслѣдьнікъ
11830,<wb>нечіста
11831,<wb>оукръіті
11832,<wb>размъіш
11833,<wb>прьвоуоумоу
11834,<wb>оставьеніе
11835,<wb>савініі
11836,<wb>власвімісаетъ
11837,<wb>вѣроуѭштеі
11838,<wb>нареченое
11839,<wb>вьзнѣсѧ
11840,<wb>отцемь
11841,<wb>распѫтіѣ
11842,<wb>мльва
11843,чаю
11844,<wb>ставітъ
11845,<wb>сладьцѣ
11846,<wb>тъштіші
11847,<wb>грѧдѫштее
11848,<wb>маркіа
11849,<wb>вьпіетъ
11850,<wb>іероусаліма
11851,<wb>чьстіѭ
11852,<wb>кождо
11853,<wb>мѫчіма
11854,<wb>врачъ
11855,<wb>достоінь
11856,<wb>пісаніѣ
11857,<wb>алеѯанд
11858,<wb>болѣзнемъ
11859,<wb>ніжь
11860,<wb>чловѣчъ
11861,<wb>верігъі
11862,<wb>въсадіті
11863,<wb>неправедънъі
11864,<wb>ізбавівъіі
11865,<wb>біѣше
11866,<wb>дльзѣ
11867,<wb>отъпадѫтъ
11868,<wb>вьсѣчьскаѣ
11869,<wb>скврьнь
11870,<wb>кроупіць
11871,мьеніе
11872,<wb>сьребра
11873,<wb>съкроушаѧ
11874,<wb>херовімѣ
11875,<wb>распѧтъіі
11876,<wb>оустрашішѧ
11877,<wb>архан
11878,<wb>арханге
11879,<wb>оуті
11880,<wb>ефе
11881,<wb>пророкьь
11882,шіе
11883,<wb>дръзость
11884,<wb>бьѭште
11885,<wb>стражемъ
11886,<wb>съборънъіѧ
11887,<wb>вьземь
11888,<wb>сѫштѫѭ
11889,<wb>сѧі
11890,<wb>оукрадѫ
11891,<wb>ісъх
11892,<wb>савіні
11893,феть
11894,<wb>лого
11895,<wb>сміѣті
11896,<wb>прѣбъіваѧі
11897,<wb>ніштоуоумоу
11898,теа
11899,<wb>стоужде
11900,<wb>зълъіі
11901,<wb>нареченааго
11902,<wb>боудоуть
11903,<wb>гонезнѫ
11904,<wb>мрьтвъіі
11905,<wb>прѣподоб
11906,<wb>дъраті
11907,<wb>гз
11908,<wb>ісправіті
11909,<wb>помъішлѣше
11910,<wb>крічъ
11911,<wb>прѣбъівает
11912,<wb>багъ
11913,<wb>рекль
11914,<wb>повѣшенъ
11915,<wb>оутварь
11916,<wb>цръкъвіште
11917,<wb>въходіті
11918,<wb>ісповѣждъ
11919,<wb>діѣволь
11920,<wb>прѣданіе
11921,<wb>оусрамлѣѭтъ
11922,<wb>нікомі
11923,<wb>прѣбъіваеші
11924,<wb>бъівше
11925,<wb>веселімъ
11926,<wb>дьнемь
11927,<wb>сестрѣ
11928,<wb>бѫдѣмъ
11929,<wb>соліло
11930,<wb>зім
11931,<wb>борѫште
11932,<wb>ходіте
11933,<wb>оумѣетъ
11934,<wb>съвръшенѣ
11935,<wb>трьпѣніѣ
11936,<wb>подобію
11937,<wb>дѣтѣль
11938,<wb>тѣхъжде
11939,<wb>оуказаніе
11940,<wb>овьде
11941,<wb>оставьенъ
11942,<wb>банѫ
11943,<wb>вьчьте
11944,<wb>капікла
11945,<wb>анѳоупатъ
11946,<wb>просѧтъ
11947,<wb>моусіѭ
11948,<wb>соухоу
11949,<wb>отъстѫ
11950,<wb>бані
11951,краі
11952,<wb>темніцѧ
11953,<wb>вьмѣсті
11954,<wb>кнѧже
11955,<wb>оутврьдішѧ
11956,<wb>ковьчегъ
11957,нскъіі
11958,<wb>възмѫштааше
11959,<wb>очіштеніі
11960,<wb>поносішѧ
11961,<wb>понѣвіцѫ
11962,<wb>сіло
11963,<wb>крѣпъкъ
11964,<wb>паракліта
11965,рьнъ
11966,<wb>оубогоуоумоу
11967,<wb>къіімі
11968,<wb>хрістова
11969,<wb>власфіміѭ
11970,бьнъіі
11971,<wb>хвъ
11972,<wb>любѧштііхъ
11973,<wb>небесьнааго
11974,кма
11975,<wb>послоушаѭ
11976,<wb>обоі
11977,новеніѣ
11978,<wb>довьленъ
11979,<wb>роуцѣ
11980,<wb>дѣвіцѫ
11981,<wb>тіхостіѭ
11982,<wb>ересі
11983,<wb>бочьсті
11984,<wb>любьвьѭ
11985,<wb>почіваіте
11986,<wb>въвръзі
11987,<wb>херсонѣ
11988,<wb>обнішта
11989,<wb>сътворіста
11990,<wb>печаті
11991,<wb>събьравъ
11992,<wb>охоу
11993,<wb>рімско
11994,<wb>поставьѣ
11995,<wb>істіньніі
11996,<wb>віѳаніі
11997,<wb>ѣдоу
11998,<wb>орѫдіе
11999,<wb>нісіі
12000,<wb>проста
12001,<wb>помъішлѣате
12002,<wb>дѣтішта
12003,<wb>тръновъ
12004,<wb>дѣтішть
12005,<wb>оскврьніті
12006,<wb>прѣобідѣвъ
12007,<wb>оустрѣ
12008,<wb>глаголѫшть
12009,<wb>імоу
12010,<wb>отънемогъ
12011,емомъ
12012,вънъіѧ
12013,<wb>проклѧша
12014,<wb>любъві
12015,лхі
12016,<wb>мелхі
12017,<wb>обідѫтъ
12018,<wb>светъіі
12019,<wb>въспрѣті
12020,<wb>ізнесошѧ
12021,<wb>мілосръдовавъ
12022,<wb>чцѣ
12023,<wb>въздраста
12024,<wb>въздвігні
12025,<wb>въскръснѫтъ
12026,<wb>прічѧстіті
12027,<wb>реченоуоумоу
12028,<wb>ізла
12029,<wb>толікѫ
12030,<wb>жъръше
12031,<wb>столъ
12032,<wb>крьстомъ
12033,<wb>веселіте
12034,<wb>славьѣхѫ
12035,<wb>пѣго
12036,<wb>госпожда
12037,<wb>емлѣте
12038,<wb>ведомъ
12039,<wb>гвоздіѧ
12040,дше
12041,<wb>побѣдіті
12042,<wb>блштѫ
12043,<wb>растісла
12044,<wb>отрѣшша
12045,<wb>въсплака
12046,нівъіі
12047,<wb>многааго
12048,стані
12049,прѣстані
12050,<wb>пріемьѭ
12051,<wb>оубіенъ
12052,<wb>сковрадѣ
12053,ствѧ
12054,<wb>благодарьствѧ
12055,<wb>змурнѫ
12056,<wb>прѣслоуша
12057,<wb>гнѣвоу
12058,<wb>чьстьное
12059,<wb>подражаѧ
12060,<wb>літоу
12061,<wb>бѣхоу
12062,<wb>ізмѣне
12063,<wb>врачевъ
12064,<wb>пръсть
12065,<wb>моучені
12066,<wb>безоумьлю
12067,<wb>поставьѭ
12068,<wb>любімъ
12069,<wb>хвалітъ
12070,<wb>чъстънъіі
12071,<wb>обоѭдоу
12072,<wb>зміеве
12073,<wb>прѣвъішь
12074,<wb>ангелі
12075,<wb>благоволітъ
12076,<wb>сѫдъі
12077,<wb>връховь
12078,<wb>раю
12079,<wb>невідімъіі
12080,<wb>цремъ
12081,жденъі
12082,<wb>пріѧтъі
12083,<wb>оуклоніті
12084,<wb>мсцѧ
12085,ченѫѭ
12086,<wb>непро
12087,<wb>законъі
12088,<wb>фарао
12089,<wb>оутѣшеніе
12090,<wb>томьжде
12091,<wb>довьлѣ
12092,чьно
12093,<wb>дівъ
12094,<wb>разно
12095,<wb>прімъі
12096,рѣв
12097,<wb>падаѧ
12098,вшааго
12099,<wb>просвѣштаетъ
12100,<wb>еѳеріі
12101,<wb>страсѣ
12102,<wb>ѣсліі
12103,<wb>пръвѣіші
12104,<wb>вьзненавідѣхъ
12105,<wb>імѣѭтъ
12106,<wb>доселі
12107,<wb>двьрьцамі
12108,<wb>гръдіі
12109,<wb>глаахъ
12110,<wb>възлагаѧ
12111,<wb>вельмѫ
12112,<wb>спеніѣ
12113,<wb>жівъііхъ
12114,дънѫѭ
12115,<wb>ісповѣданіе
12116,мба
12117,<wb>вѣдѣахъ
12118,дьнѫ
12119,<wb>верѣѧ
12120,<wb>осра
12121,<wb>іілме
12122,<wb>трѫтъ
12123,<wb>чловѣцѣхъ
12124,<wb>віѳаніѭ
12125,ніхомъ
12126,ну
12127,<wb>повѣдаѭште
12128,<wb>готовъі
12129,<wb>благочьстіе
12130,<wb>таѣше
12131,<wb>пісмень
12132,<wb>вѣтрь
12133,<wb>црествіе
12134,<wb>помілоуетъ
12135,<wb>вьсто
12136,<wb>родъі
12137,<wb>мракъ
12138,<wb>възъмѣте
12139,<wb>подвізѣ
12140,<wb>варахісіона
12141,<wb>оглагола
12142,<wb>бракь
12143,<wb>оугасіті
12144,<wb>прьвомоу
12145,<wb>поганъііхъ
12146,<wb>ісаіемъ
12147,<wb>лъжеі
12148,<wb>сладъко
12149,<wb>съподобье
12150,рѣеші
12151,<wb>оуміраатъ
12152,<wb>наве
12153,<wb>ѣк
12154,<wb>прѣстра
12155,<wb>дворъі
12156,<wb>въпрошенъ
12157,<wb>съдръ
12158,<wb>епіскоупьство
12159,валі
12160,<wb>пленіцѧ
12161,<wb>тѧжателемъ
12162,<wb>сътворім
12163,<wb>вараввѫ
12164,темъ
12165,<wb>любьвіѭ
12166,<wb>ізъметъ
12167,<wb>женѣахѫ
12168,<wb>данііла
12169,<wb>прѣдъста
12170,<wb>хамо
12171,<wb>самарѣнъіні
12172,<wb>съвѣта
12173,<wb>коумірѧ
12174,<wb>мъіслѧ
12175,<wb>въісотѣ
12176,<wb>пооучіхъ
12177,<wb>бѣхомъ
12178,<wb>ініі
12179,<wb>адовъ
12180,<wb>лобьза
12181,<wb>четврьто
12182,<wb>съго
12183,<wb>праздьнъствоу
12184,<wb>сльзъ
12185,<wb>светъіхь
12186,<wb>грѣшънікъ
12187,<wb>піште
12188,<wb>ізволішѧ
12189,<wb>стоудомь
12190,<wb>съвръгъ
12191,<wb>сьмѣреніе
12192,<wb>съвѣдѣтельствоуоутъ
12193,<wb>съвѧжетъ
12194,<wb>оудръжітъ
12195,<wb>ѣждь
12196,<wb>рці
12197,<wb>хрістосъ
12198,<wb>мъішьцеѭ
12199,<wb>рѣснотѣ
12200,<wb>съходѧштемъ
12201,<wb>многъіі
12202,<wb>сътворіль
12203,<wb>бъіше
12204,юштоу
12205,<wb>едінѣ
12206,<wb>дівьна
12207,<wb>въздрадоуѭ
12208,<wb>непрѣхо
12209,<wb>поті
12210,<wb>сътворьшоуоумоу
12211,<wb>третіѣа
12212,<wb>строупъ
12213,<wb>оужасті
12214,<wb>аспі
12215,<wb>надѣѭ
12216,<wb>зарѧ
12217,<wb>ходѧштіі
12218,емъііхъ
12219,<wb>ісповѣдаѧ
12220,<wb>стькль
12221,<wb>потопі
12222,<wb>съвръшіті
12223,сѧште
12224,<wb>зноі
12225,<wb>плодові
12226,<wb>блаженъііхъ
12227,<wb>вьскрѣшѫ
12228,<wb>почьте
12229,<wb>пожрьті
12230,здрі
12231,<wb>облічѫ
12232,<wb>нба
12233,<wb>полагааше
12234,<wb>каіѣфа
12235,<wb>съпасені
12236,<wb>творѣѣше
12237,<wb>доуѯ
12238,<wb>селіко
12239,<wb>апостолікъ
12240,<wb>трьпѣті
12241,<wb>вьсѣкомъ
12242,<wb>веселье
12243,<wb>цвь
12244,<wb>дівьно
12245,<wb>добротоѭ
12246,<wb>ніштетѫ
12247,<wb>съмѣрена
12248,<wb>възвратілъ
12249,<wb>прѣрѣкаета
12250,<wb>оупо
12251,<wb>въісотъі
12252,<wb>надѣѧ
12253,<wb>любѧштеі
12254,<wb>ноуждаахѫ
12255,штенъіі
12256,<wb>слезъ
12257,<wb>безаконье
12258,<wb>недостоіна
12259,<wb>пооучаахѫ
12260,<wb>трѣбоуеші
12261,<wb>показалъ
12262,<wb>грѣшьніі
12263,жьствоу
12264,<wb>оупъваі
12265,<wb>ельма
12266,бъше
12267,<wb>сѣтоуѧ
12268,<wb>възмогошѧ
12269,<wb>страхоу
12270,<wb>ставьѣше
12271,<wb>ложь
12272,клоу
12273,<wb>цѣлованіе
12274,<wb>большаа
12275,<wb>колъ
12276,<wb>рекшааго
12277,<wb>гонѧштііхъ
12278,<wb>оувѣдѣшѧ
12279,<wb>осѫжденіі
12280,глѭтъ
12281,<wb>ісцѣлѭ
12282,<wb>сѣдітъ
12283,<wb>насѣ
12284,<wb>поліѣ
12285,<wb>хрістось
12286,<wb>пітѣетъ
12287,<wb>лоучьші
12288,<wb>бесъмрьть
12289,<wb>помолѧтъ
12290,<wb>безаконніці
12291,<wb>ізнемогѫ
12292,<wb>правіі
12293,<wb>штедротъ
12294,<wb>полемъ
12295,<wb>съзъдана
12296,<wb>бѣдѫ
12297,<wb>кожьдо
12298,<wb>вътораѣ
12299,<wb>благословьеніе
12300,<wb>вьзможе
12301,<wb>волею
12302,<wb>чловѣколюбіімъ
12303,<wb>ѫроде
12304,<wb>еть
12305,<wb>юнъ
12306,<wb>пріходѧштоуоумоу
12307,<wb>пѫтехъ
12308,<wb>мрьтвъ
12309,<wb>прѣломь
12310,<wb>поношенье
12311,<wb>діѣволѣ
12312,<wb>грѣшьніка
12313,<wb>спъ
12314,<wb>меда
12315,<wb>провѣшта
12316,<wb>веселѧшта
12317,<wb>отъвръгъі
12318,<wb>тешті
12319,<wb>пріобрѧштеші
12320,вѣхъ
12321,<wb>бъіваті
12322,<wb>творѧштѧ
12323,<wb>спеші
12324,<wb>прѣподобенъ
12325,<wb>вълѣсті
12326,веть
12327,<wb>дъімъ
12328,позна
12329,<wb>богопозна
12330,сеніе
12331,<wb>цркъві
12332,<wb>прізъвахъ
12333,ноуті
12334,глѫбі
12335,<wb>кръвіѭ
12336,<wb>покаанье
12337,<wb>чістѣ
12338,<wb>істъіі
12339,<wb>стоудені
12340,лѫка
12341,<wb>неправъда
12342,<wb>елеонъскѫ
12343,<wb>коньчь
12344,<wb>коньчьнѣе
12345,<wb>оуѧ
12346,<wb>нео
12347,<wb>влъшь
12348,<wb>благостъінѧ
12349,<wb>благодѣа
12350,<wb>сътѫжаѭштеі
12351,<wb>отъвраштаеші
12352,<wb>гласъмь
12353,очі
12354,<wb>забѫді
12355,<wb>ставші
12356,<wb>ніштаего
12357,<wb>таінъііхъ
12358,<wb>горесті
12359,<wb>сръдъці
12360,<wb>пѫт
12361,<wb>оскврьне
12362,<wb>поставілъ
12363,<wb>чоудьно
12364,<wb>безаконнье
12365,<wb>тръпѣлівъ
12366,<wb>пооучішѧ
12367,бьенааго
12368,<wb>стъгнахъ
12369,<wb>моленье
12370,<wb>камѣнъ
12371,<wb>свѧтопъл
12372,<wb>хрістіанъі
12373,<wb>вѣді
12374,<wb>вьзвеселѧтъ
12375,<wb>воіна
12376,<wb>поклонѭ
12377,<wb>відімааго
12378,<wb>обладаетъ
12379,<wb>спньѣ
12380,<wb>трѣбі
12381,<wb>когъда
12382,<wb>ізбавлѣ
12383,<wb>раздѣліті
12384,<wb>наріцаемо
12385,<wb>сребро
12386,<wb>прогонѧ
12387,<wb>прѣмѫдръ
12388,<wb>боуре
12389,штеномъ
12390,<wb>оумьрь
12391,<wb>прѣклонь
12392,<wb>пьѣ
12393,<wb>воіноу
12394,<wb>херсоньскъіі
12395,<wb>врагоу
12396,<wb>еврѣі
12397,<wb>ісходѧштаа
12398,<wb>съпіса
12399,<wb>хромъ
12400,<wb>протівітъ
12401,<wb>поустіші
12402,<wb>лѣпотѫ
12403,<wb>съблюдеші
12404,<wb>прітва
12405,<wb>печальні
12406,<wb>сътѧзаете
12407,<wb>ізвръже
12408,<wb>іцѣлѣті
12409,<wb>сътворівѣ
12410,<wb>ізошт
12411,<wb>прѣльштеніе
12412,<wb>сьподо
12413,<wb>вечері
12414,<wb>таковъі
12415,<wb>прівлѣкѫ
12416,<wb>съврьшеніе
12417,<wb>покааті
12418,<wb>тъштаніемь
12419,<wb>рабѣхъ
12420,роуві
12421,<wb>плачетъ
12422,лічь
12423,<wb>въсхвалѭ
12424,<wb>прѣкръсті
12425,образь
12426,<wb>марііна
12427,<wb>німъже
12428,<wb>сльньца
12429,<wb>оукрадетъ
12430,<wb>строѧ
12431,<wb>отълѫченъ
12432,<wb>вѣровавъшіімъ
12433,рослоу
12434,<wb>піонію
12435,<wb>въсклоні
12436,<wb>възлюбье
12437,<wb>пісааше
12438,<wb>вьзіштете
12439,<wb>ѫг
12440,<wb>обрѧштемъ
12441,<wb>вѣровахомъ
12442,<wb>оузърѧтъ
12443,<wb>жівотънъі
12444,<wb>вьзлѣз
12445,<wb>жівотънъіі
12446,<wb>вьлѣзѫ
12447,<wb>къжьдо
12448,<wb>словъмь
12449,<wb>врѣтіште
12450,<wb>прѣбъіваѭшта
12451,<wb>ожівѫтъ
12452,<wb>одра
12453,<wb>вълазітъ
12454,<wb>възмѫтітъ
12455,<wb>въздасть
12456,вьнѫѭ
12457,<wb>імѣла
12458,<wb>глѫбокъ
12459,<wb>мъножаі
12460,<wb>запечатьлѣ
12461,<wb>женіховъ
12462,<wb>свѧтітель
12463,<wb>помъішлѣѭтъ
12464,<wb>доушетъ
12465,<wb>рожденъі
12466,<wb>вьсѣм
12467,<wb>тръжьнікомъ
12468,<wb>сѣдѧштѧ
12469,<wb>вседрьжітель
12470,<wb>прѣдааше
12471,<wb>смоковьніцеѭ
12472,<wb>прошенье
12473,<wb>натанаілѣ
12474,ньнааго
12475,<wb>възвеселілъ
12476,леві
12477,<wb>закх
12478,<wb>недѫзѣ
12479,<wb>обѣтованіе
12480,дѧштемъ
12481,<wb>ііле
12482,влѧ
12483,<wb>бесѣдоуѭштема
12484,<wb>божьствомъ
12485,<wb>прінікъ
12486,<wb>недомъіс
12487,<wb>нікогдаже
12488,<wb>мѫчішѧ
12489,<wb>сіѣетъ
12490,<wb>възвраштаахѫ
12491,<wb>страноу
12492,<wb>тѫга
12493,<wb>оцетъ
12494,<wb>метаахѫ
12495,<wb>нѣчь
12496,<wb>зълодѣа
12497,<wb>запа
12498,<wb>прѣставі
12499,штіхь
12500,<wb>знаеші
12501,<wb>просѧште
12502,<wb>бъівъшѫѭ
12503,<wb>праздьнікъі
12504,<wb>сътворено
12505,<wb>шесто
12506,шьнаѣ
12507,<wb>врѣменъ
12508,<wb>члвцѣ
12509,ствьнааго
12510,<wb>помоліте
12511,<wb>вълагаліште
12512,<wb>напастехъ
12513,<wb>съповѣ
12514,<wb>прітворъ
12515,<wb>іздъіха
12516,<wb>вьзіштѫ
12517,<wb>вѣровахѫ
12518,<wb>бѣда
12519,<wb>въходѧтъ
12520,<wb>боукъві
12521,<wb>прѣмѫдро
12522,<wb>надѣахомъ
12523,<wb>богатъіѧ
12524,<wb>тоіжде
12525,<wb>пркмъ
12526,<wb>равьні
12527,<wb>бештѧ
12528,<wb>коньчавъшоу
12529,зьрѣті
12530,дѫштіімъ
12531,<wb>спснъ
12532,<wb>строю
12533,<wb>даѭшта
12534,<wb>оставѧтъ
12535,<wb>възнесті
12536,<wb>прѣславьно
12537,<wb>какѫ
12538,<wb>коуплѫ
12539,<wb>срца
12540,<wb>пріхождааше
12541,<wb>сънем
12542,<wb>разорілъ
12543,<wb>одъжді
12544,<wb>съхранѧтъ
12545,<wb>піѣхѫ
12546,<wb>поставівъ
12547,<wb>дѣлаіте
12548,<wb>мьнѭ
12549,<wb>прѣстааше
12550,<wb>затво
12551,<wb>начінаіте
12552,<wb>творѧштааго
12553,<wb>блізнь
12554,къііже
12555,<wb>нікъііже
12556,<wb>тоуждемь
12557,<wb>пьшеніцѧ
12558,<wb>възможеші
12559,<wb>лу
12560,<wb>оумѫдрі
12561,<wb>любодѣіцамі
12562,<wb>ѣдъше
12563,<wb>гладомь
12564,<wb>зълъііхъ
12565,<wb>прілѣпі
12566,плѣѧ
12567,<wb>лішіті
12568,<wb>обрѣтаахѫ
12569,<wb>стоуда
12570,<wb>дьнъ
12571,<wb>потекѫтъ
12572,<wb>сѫсѣдъі
12573,<wb>погъібъшѧѧ
12574,<wb>оставлѣатъ
12575,<wb>събіраѧі
12576,<wb>могоу
12577,<wb>опрѣснъкъ
12578,<wb>рѫгаті
12579,діноу
12580,<wb>законьнікъ
12581,<wb>смоковьніцѧ
12582,<wb>посѧ
12583,<wb>раздрѣшіте
12584,<wb>ізбіра
12585,<wb>богатъства
12586,<wb>водѧ
12587,<wb>възьмь
12588,<wb>начьнете
12589,<wb>вьзіштѫтъ
12590,<wb>стъідѣахѫ
12591,<wb>осмое
12592,<wb>подасть
12593,ствоуемъ
12594,<wb>жівѫштіхъ
12595,<wb>посагаѭште
12596,<wb>галілѣане
12597,<wb>грѧдеші
12598,<wb>ѣдѣ
12599,<wb>възгорѣ
12600,<wb>достоінаа
12601,<wb>хъітрь
12602,<wb>сълоуча
12603,телі
12604,<wb>прідеть
12605,<wb>хсовомъ
12606,<wb>въторѫ
12607,сѣмъ
12608,<wb>безаконньѣ
12609,<wb>воль
12610,<wb>малое
12611,<wb>страшьно
12612,мета
12613,<wb>піі
12614,<wb>почіваі
12615,<wb>мьнога
12616,<wb>лежѧште
12617,<wb>събраті
12618,<wb>іосіфѣ
12619,зема
12620,<wb>възбѣ
12621,<wb>плѣненіе
12622,<wb>безаконьнъіѧ
12623,<wb>досаждаеші
12624,<wb>прѣдъсѣданіѣ
12625,<wb>цѣсарьствіі
12626,<wb>одръжашѧ
12627,дѧштѧѧ
12628,<wb>мал
12629,<wb>осѫдітъ
12630,<wb>дроугъііхъ
12631,<wb>омрь
12632,<wb>сьвѣсті
12633,<wb>аіца
12634,<wb>бѣлахъ
12635,<wb>нбсх
12636,<wb>благѫѭ
12637,<wb>печеші
12638,<wb>нѣкоемоу
12639,<wb>оло
12640,<wb>носіте
12641,<wb>дроугоуоумоу
12642,<wb>брашѧ
12643,<wb>глаголет
12644,<wb>соуштоу
12645,<wb>помъісліте
12646,баетъ
12647,<wb>даѣаше
12648,бьі
12649,<wb>таковаа
12650,<wb>прохо
12651,<wb>съставішѧ
12652,<wb>прістѫпаѭште
12653,<wb>коснѫвъі
12654,<wb>вѧзаахѫ
12655,<wb>вълѣзе
12656,<wb>непъште
12657,<wb>въходѧштеі
12658,<wb>добромь
12659,<wb>зьль
12660,<wb>сѫділъ
12661,тіа
12662,<wb>облобъізааше
12663,<wb>отірааше
12664,<wb>славьнѣ
12665,<wb>равно
12666,<wb>възвѣстіта
12667,<wb>обльгъча
12668,далече
12669,<wb>недалече
12670,<wb>младенішть
12671,<wb>помагаѧі
12672,<wb>даіте
12673,<wb>прігвожде
12674,<wb>тлъкнѫ
12675,<wb>мрьтва
12676,<wb>оправьдіті
12677,<wb>падаѭштііхъ
12678,нѣсъ
12679,<wb>мілостівъіі
12680,<wb>прікасаті
12681,<wb>сідоньска
12682,<wb>ісходѧштііхъ
12683,<wb>правѣі
12684,раѭште
12685,<wb>ѣмь
12686,лѧте
12687,стъіѧ
12688,<wb>болѧштоуоумоу
12689,нѣмі
12690,<wb>прѣспѣ
12691,<wb>помогѫтъ
12692,<wb>ѳь
12693,<wb>оправьда
12694,тѣте
12695,<wb>дръжаахѫ
12696,<wb>сътѧзаахѫ
12697,<wb>мѣць
12698,<wb>нікото
12699,<wb>жьрі
12700,ѣвъші
12701,річѧ
12702,<wb>слоужѧі
12703,<wb>съкроушенъіѧ
12704,<wb>молітвьнікомъ
12705,<wb>дховъ
12706,<wb>іскоусіші
12707,<wb>овець
12708,<wb>оученіком
12709,<wb>пролѣ
12710,<wb>поѧті
12711,<wb>наріцаѭтъ
12712,<wb>прімъішлѣі
12713,<wb>добраа
12714,<wb>левьгіі
12715,<wb>съкоу
12716,<wb>бѣсовь
12717,<wb>тремъ
12718,<wb>вѣм
12719,<wb>сѫмьнѣ
12720,<wb>отъімѫтъ
12721,<wb>веселъ
12722,<wb>хотѧштіі
12723,<wb>честі
12724,<wb>ісходѧштіімъ
12725,стъствоуѭштоу
12726,<wb>полемонь
12727,<wb>сѫштъ
12728,<wb>глет
12729,гръ
12730,<wb>възнѣсѧ
12731,баві
12732,<wb>работъі
12733,<wb>маріеѭ
12734,уріеѭ
12735,<wb>съмрътьнѣ
12736,<wb>оуѣз
12737,<wb>дръжааше
12738,<wb>оумъіті
12739,ръші
12740,<wb>ненавідѧштііхъ
12741,цѣі
12742,<wb>оутрьніі
12743,<wb>едін
12744,<wb>блажѧтъ
12745,<wb>пламъі
12746,міа
12747,<wb>захаріінъ
12748,<wb>неплодъві
12749,<wb>іѣковлі
12750,<wb>зеліі
12751,<wb>благость
12752,<wb>жідѫште
12753,<wb>сѫм
12754,<wb>млъчѧ
12755,<wb>въздѣ
12756,<wb>іспрошь
12757,<wb>прѣобідѣті
12758,пелъ
12759,<wb>відѣвь
12760,<wb>кошъні
12761,<wb>кошъніцъ
12762,дьці
12763,<wb>самовідьці
12764,штехъ
12765,<wb>светъімь
12766,<wb>самодръжецъ
12767,<wb>напіші
12768,<wb>таѧ
12769,<wb>сътѣ
12770,лъгота
12771,<wb>ведені
12772,стіраті
12773,вленіі
12774,<wb>наоучіхъ
12775,<wb>сьребрьнікъ
12776,<wb>кънігамъ
12777,<wb>самомъ
12778,<wb>брѣгъ
12779,<wb>ізмъ
12780,<wb>діѣволово
12781,<wb>сакела
12782,<wb>добротворѧ
12783,<wb>подобно
12784,рьта
12785,<wb>начрьта
12786,<wb>отъваленъ
12787,<wb>възгнѣ
12788,<wb>саломі
12789,<wb>іосіова
12790,<wb>зърѧ
12791,півъ
12792,<wb>сълазітъ
12793,<wb>стоѧі
12794,чаі
12795,<wb>прѣгъі
12796,<wb>цѣловаті
12797,<wb>възьпішѧ
12798,<wb>еллі
12799,<wb>ізе
12800,<wb>мѣніші
12801,<wb>глѭшть
12802,<wb>одѣнъ
12803,<wb>дръкольмі
12804,<wb>съкроуша
12805,<wb>съпіші
12806,<wb>оана
12807,<wb>разбѣ
12808,<wb>оуготовасте
12809,<wb>натроу
12810,<wb>генісаретьскѫ
12811,<wb>сърѧште
12812,<wb>заклю
12813,<wb>съребрь
12814,<wb>прѣодолѣ
12815,вьено
12816,<wb>град
12817,<wb>іілева
12818,<wb>хрізмъі
12819,вшііхъ
12820,<wb>почьтъ
12821,<wb>начънѫтъ
12822,<wb>опрѣс
12823,<wb>свтъ
12824,<wb>благословень
12825,<wb>іілмъ
12826,<wb>сѣѣ
12827,<wb>застѫп
12828,<wb>бешть
12829,<wb>отьнѫ
12830,<wb>отъвѣштаіте
12831,<wb>дадѣаше
12832,<wb>вьпіѣхѫ
12833,<wb>прівѧзанъ
12834,<wb>въходѧшта
12835,фагіѭ
12836,десѧтъное
12837,<wb>давъідовъ
12838,<wb>сѣл
12839,<wb>велічаньѣ
12840,<wb>кръмѧ
12841,зосте
12842,<wb>осе
12843,<wb>грѧдѫште
12844,<wb>поѣхѫ
12845,<wb>дъштере
12846,<wb>імѫштеі
12847,<wb>мтрь
12848,<wb>обіді
12849,<wb>корі
12850,<wb>жестосръдію
12851,<wb>прізъваті
12852,мше
12853,<wb>жръновънъі
12854,<wb>обложѧтъ
12855,<wb>възбраніхомъ
12856,<wb>мьнеі
12857,<wb>бга
12858,<wb>сърі
12859,<wb>възмогомъ
12860,<wb>погоубілъ
12861,<wb>съмѫті
12862,<wb>безна
12863,<wb>чловѣколюбьствіѣ
12864,ложеніе
12865,<wb>дѣлаѭ
12866,<wb>въходѧшті
12867,<wb>стоуденіѭ
12868,<wb>оумърѣтъ
12869,<wb>нѣмъіѧ
12870,<wb>філософоу
12871,фата
12872,<wb>гѫгъ
12873,беі
12874,<wb>окованъіѧ
12875,<wb>шедъші
12876,<wb>оувѣдѣлъ
12877,<wb>дъх
12878,<wb>оутаіті
12879,<wb>прідомъ
12880,<wb>пріімъіі
12881,<wb>въігъна
12882,<wb>осквръніті
12883,<wb>раслабѣ
12884,<wb>пісахъ
12885,<wb>повѣдіта
12886,<wb>плача
12887,творѫ
12888,<wb>сьнідетъ
12889,<wb>нечістоуоумоу
12890,<wb>непьште
12891,<wb>ономъ
12892,<wb>лѣхъі
12893,<wb>зеле
12894,<wb>варішѧ
12895,<wb>погоубьѣ
12896,<wb>разоуменъ
12897,<wb>помъішла
12898,сьнааго
12899,<wb>обраштааше
12900,<wb>оужаснѫшѧ
12901,<wb>лѣтома
12902,<wb>дѣвіце
12903,<wb>плачете
12904,<wb>архісунагого
12905,<wb>благодѣтьѭ
12906,<wb>ішть
12907,<wb>тъісѫшті
12908,<wb>прізъіваѭштіімъ
12909,земь
12910,<wb>погрѧ
12911,<wb>ладіѭ
12912,<wb>нена
12913,юже
12914,<wb>авленіе
12915,<wb>въсхъіті
12916,<wb>одромъ
12917,<wb>цѣсарествіе
12918,<wb>сѣаше
12919,<wb>опрѣснь
12920,<wb>роумъ
12921,<wb>людьстіі
12922,<wb>тръсть
12923,<wb>простьрѣтъ
12924,<wb>неістовъ
12925,<wb>прѣдастъі
12926,<wb>томѫ
12927,<wb>повелѣнааго
12928,<wb>турѣ
12929,<wb>ідоумѣѧ
12930,юштіімь
12931,<wb>погоубілі
12932,<wb>алеѯандроу
12933,<wb>штедротамі
12934,<wb>ісцѣлітъ
12935,садітъ
12936,<wb>просадітъ
12937,<wb>альфеова
12938,<wb>ослабленъі
12939,нашѧ
12940,<wb>почръпатъ
12941,<wb>ѧзѧ
12942,<wb>імавѣ
12943,<wb>подаѧ
12944,<wb>нечістъімъ
12945,соуть
12946,<wb>пістікіѧ
12947,<wb>іспо
12948,<wb>сьньміште
12949,<wb>назарѣніне
12950,<wb>блѣ
12951,<wb>вьсѣавъі
12952,<wb>давідь
12953,<wb>піръ
12954,<wb>ведѣахѫ
12955,<wb>чрѣслѣ
12956,<wb>чрѣслѣхъ
12957,<wb>позъ
12958,<wb>кз
12959,<wb>ослоушьлі
12960,<wb>санові
12961,<wb>мрѣжа
12962,<wb>съмрьтьнъ
12963,<wb>разгъна
12964,<wb>оумьреші
12965,<wb>оусънѫ
12966,носі
12967,<wb>съпасенъ
12968,<wb>оделѣ
12969,<wb>покааньѣ
12970,<wb>слѣпѣ
12971,<wb>овцамъ
12972,<wb>запрѣштеніі
12973,<wb>ізбъраніі
12974,<wb>благъіімі
12975,<wb>разліченъ
12976,<wb>іспъл
12977,<wb>съконьчаніѣ
12978,<wb>показаетъ
12979,<wb>наоучені
12980,<wb>радоуіта
12981,<wb>прітча
12982,<wb>зракъ
12983,<wb>нѣціі
12984,<wb>ѣждъ
12985,<wb>обратішѧ
12986,<wb>оутвръдіте
12987,<wb>коустодіѭ
12988,<wb>сьр
12989,<wb>разго
12990,<wb>глше
12991,<wb>кожъдо
12992,лѣзетъ
12993,<wb>сълѣзетъ
12994,<wb>оува
12995,<wb>вьскрьсеніе
12996,<wb>краѣ
12997,<wb>прімікі
12998,рнікъ
12999,<wb>сладъка
13000,<wb>одѣшѧ
13001,<wb>пропънѫтъ
13002,<wb>распаде
13003,<wb>млъва
13004,вьені
13005,<wb>отечьство
13006,<wb>беспрѣстані
13007,нтьскоумоу
13008,<wb>оштоутішѧ
13009,копавъше
13010,<wb>покарѣ
13011,<wb>запль
13012,<wb>льжа
13013,<wb>чоувъ
13014,<wb>възмѧ
13015,<wb>імѫштема
13016,<wb>съвѣдѣтелѣ
13017,<wb>лъжа
13018,<wb>оубозі
13019,<wb>цръквіште
13020,<wb>нечоу
13021,<wb>петрь
13022,<wb>ножемь
13023,<wb>вьнезаапѫ
13024,<wb>бьдръ
13025,<wb>побьдѣті
13026,<wb>ніцъ
13027,<wb>ключітъ
13028,<wb>прѣмѫдростіѭ
13029,<wb>пііте
13030,<wb>омочіі
13031,<wb>дѣѧ
13032,<wb>філософі
13033,<wb>пріноуді
13034,<wb>можаше
13035,<wb>вітаніі
13036,<wb>сѣдѧштааго
13037,<wb>дъноу
13038,<wb>въвѣсте
13039,<wb>мьньшіхъ
13040,<wb>враждѫ
13041,<wb>пьса
13042,<wb>дьньхъ
13043,<wb>болѣхъ
13044,<wb>робі
13045,<wb>въждѧдахъ
13046,<wb>оумъіслі
13047,<wb>осклабівъ
13048,<wb>члскъі
13049,мъше
13050,<wb>сьнъ
13051,<wb>вьзѧлъ
13052,емлевѣ
13053,<wb>въспріемлевѣ
13054,<wb>відімъі
13055,<wb>разоумѣхомъ
13056,<wb>вѣрьне
13057,<wb>гна
13058,<wb>оугасаѭтъ
13059,<wb>съсѫдѣхъ
13060,<wb>рождені
13061,<wb>полъма
13062,<wb>чаетъ
13063,<wb>неоуга
13064,<wb>домомь
13065,ръіті
13066,<wb>състрѣ
13067,<wb>женѧште
13068,<wb>розвѣ
13069,<wb>коумірослоу
13070,<wb>мрьтвьці
13071,<wb>члвчъ
13072,<wb>іскрънѣаго
13073,<wb>пішеть
13074,<wb>съкровіштіхъ
13075,каніѣ
13076,каже
13077,<wb>отъшъдъшоу
13078,<wb>непраздънъімъ
13079,<wb>стоѧштѫ
13080,<wb>глсъ
13081,<wb>проповѣстъ
13082,<wb>ѫдоль
13083,<wb>отврьзетъ
13084,<wb>браніі
13085,<wb>воеводѣ
13086,<wb>коньчаніе
13087,<wb>прішествіѣ
13088,<wb>іоні
13089,<wb>оубісте
13090,<wb>къніжънікъі
13091,<wb>потъштавъ
13092,гше
13093,<wb>свободѫ
13094,<wb>црковъ
13095,<wb>петрова
13096,ѫдѫ
13097,<wb>бльштѧ
13098,<wb>ніштетоѭ
13099,<wb>възложітъ
13100,<wb>іскоусітъ
13101,<wb>въсѣх
13102,<wb>клънъіі
13103,<wb>златомь
13104,ньнѣ
13105,<wb>костѧнті
13106,<wb>прѣждесѣданіѣ
13107,<wb>двігнѫті
13108,<wb>тѧжъ
13109,<wb>іскоушаемъ
13110,<wb>отъкръіті
13111,<wb>сѣдалішті
13112,<wb>давъідъ
13113,<wb>лозънааго
13114,<wb>мъісльѭ
13115,<wb>попоусті
13116,<wb>законооучі
13117,<wb>сьвѣстіѭ
13118,<wb>ску
13119,<wb>облъі
13120,<wb>цѣлѧ
13121,<wb>кінъ
13122,жьже
13123,ньѧ
13124,<wb>севастіі
13125,<wb>зъванъімъ
13126,<wb>овьчіі
13127,<wb>стражь
13128,<wb>разоумѣваѧ
13129,ньна
13130,<wb>недостоіні
13131,<wb>точіло
13132,<wb>нѣкако
13133,<wb>комоужьдо
13134,въшѫ
13135,<wb>младенішті
13136,хіере
13137,жьнікъ
13138,<wb>коупоуѭштѧѧ
13139,<wb>оугажда
13140,<wb>ісплънѣѧ
13141,<wb>зъваахѫ
13142,<wb>імата
13143,<wb>женоу
13144,<wb>елеоньсцѣ
13145,въімъ
13146,цею
13147,<wb>мімоходітъ
13148,хона
13149,<wb>шѫѭ
13150,фімъ
13151,<wb>сѣаніѣ
13152,<wb>слоушаетъ
13153,<wb>крьштаѭ
13154,<wb>тьма
13155,<wb>кръстіті
13156,<wb>можета
13157,<wb>окрѫгъ
13158,<wb>посѣтілъ
13159,<wb>сьѣ
13160,<wb>сновоу
13161,<wb>дъждъ
13162,<wb>побѣже
13163,<wb>ѣді
13164,<wb>ѧзкомъ
13165,<wb>мъішъ
13166,<wb>хоужде
13167,<wb>зъваті
13168,<wb>пръвъііхъ
13169,<wb>невѣренъ
13170,<wb>девѧтѫѭ
13171,плака
13172,<wb>чрътога
13173,<wb>славосло
13174,<wb>очіштенію
13175,<wb>німже
13176,<wb>оутворі
13177,<wb>трепештѫтъ
13178,<wb>сѧдетъ
13179,вльше
13180,<wb>благословьѭ
13181,гълінѣ
13182,<wb>ігълінѣ
13183,<wb>сътѧжаніѣ
13184,<wb>мать
13185,кідо
13186,<wb>ізлѣзе
13187,<wb>въпрашаніе
13188,<wb>раздѣльше
13189,<wb>ісказішѧ
13190,<wb>любві
13191,<wb>женѧі
13192,варъ
13193,<wb>прілѣпітъ
13194,<wb>сѣнъ
13195,<wb>клеврѣта
13196,<wb>съказашѧ
13197,<wb>клеврѣтъ
13198,<wb>положіте
13199,<wb>стъідітъ
13200,<wb>ніштіім
13201,<wb>лѣность
13202,<wb>ѧзъічь
13203,<wb>стражѧ
13204,<wb>поімі
13205,<wb>жърѫ
13206,кріді
13207,<wb>акріді
13208,<wb>съказаше
13209,<wb>ізъі
13210,<wb>огньнѫѭ
13211,<wb>бѫдѫштіімъ
13212,<wb>іскоусь
13213,<wb>кръвьмі
13214,зліемъ
13215,дьнъііхъ
13216,<wb>кін
13217,<wb>місѣ
13218,<wb>нарѫ
13219,<wb>дідра
13220,<wb>обьмъ
13221,<wb>ет
13222,неніѣ
13223,солі
13224,росолі
13225,<wb>іеросолі
13226,<wb>оустроітъ
13227,<wb>слоугъ
13228,<wb>покла
13229,<wb>свѣтелъ
13230,<wb>дас
13231,<wb>грѧдѫштіі
13232,<wb>комоужъдо
13233,<wb>ізмѣнѫ
13234,<wb>нѣкомоу
13235,<wb>мъісліші
13236,страсть
13237,зоѭ
13238,ріона
13239,<wb>дѣлаѭштеі
13240,говѣ
13241,штте
13242,<wb>вънь
13243,<wb>хлѣбѣхъ
13244,<wb>четъіремъ
13245,<wb>съіномъ
13246,<wb>чръмъноуетъ
13247,кеі
13248,дукеі
13249,<wb>садукеі
13250,<wb>пріемъшѧ
13251,гоше
13252,рьмь
13253,<wb>проповѣдь
13254,<wb>коустодіеѭ
13255,<wb>ходѧштѧ
13256,<wb>хоуждъ
13257,<wb>ісвама
13258,<wb>філеа
13259,кномъ
13260,ѳъ
13261,<wb>мечъ
13262,<wb>оубііства
13263,<wb>овъцамъ
13264,<wb>мѣръі
13265,<wb>послоушааше
13266,<wb>вожді
13267,<wb>ісходѧштее
13268,<wb>отъстоітъ
13269,<wb>наѳанъ
13270,<wb>почьтетъ
13271,<wb>пользе
13272,<wb>пользевалъ
13273,<wb>кесара
13274,<wb>сълъгаті
13275,<wb>оуалъ
13276,<wb>оупасетъ
13277,<wb>словесъноуоумоу
13278,<wb>помазавъшіѣ
13279,<wb>црьквь
13280,<wb>вѣтръі
13281,<wb>хождаше
13282,<wb>прізракъ
13283,<wb>съмѧшѧ
13284,<wb>поѣсѧ
13285,<wb>свѣтомъ
13286,<wb>прівождаахѫ
13287,чіне
13288,кедо
13289,<wb>македо
13290,<wb>вьзлешті
13291,ннь
13292,коре
13293,<wb>десе
13294,<wb>молѧшті
13295,<wb>матеріѭ
13296,<wb>творьць
13297,<wb>мімоходѧштоу
13298,<wb>страшьна
13299,<wb>павла
13300,емъіхъ
13301,<wb>веліѧ
13302,<wb>текто
13303,<wb>пострадавъші
13304,<wb>лакоть
13305,<wb>кромѣшь
13306,<wb>благословені
13307,<wb>прішьдъша
13308,<wb>гласмъ
13309,<wb>въіѧ
13310,<wb>огньнѫ
13311,<wb>капь
13312,<wb>чтѫ
13313,<wb>квасоу
13314,<wb>сѣменъ
13315,<wb>радова
13316,<wb>снопъі
13317,лѣѭште
13318,<wb>коро
13319,<wb>полѣ
13320,<wb>смръ
13321,<wb>младьньць
13322,<wb>сѣлъ
13323,госте
13324,<wb>почрь
13325,<wb>съпѧштемъ
13326,<wb>пріімѣмъ
13327,<wb>неповінь
13328,<wb>ніштеі
13329,нѣатъ
13330,<wb>отъбѣжівѣ
13331,женію
13332,къімі
13333,<wb>окаменено
13334,<wb>кръштаѭ
13335,<wb>послоушъ
13336,<wb>хламі
13337,<wb>мльчітъ
13338,<wb>трід
13339,<wb>цркъ
13340,<wb>пометенъ
13341,<wb>пріставъ
13342,<wb>хлѫ
13343,<wb>троуд
13344,<wb>галілѣѧ
13345,<wb>дауіда
13346,<wb>жізніѭ
13347,<wb>събіраатъ
13348,<wb>доусѣ
13349,<wb>цствіе
13350,<wb>сер
13351,<wb>лікъі
13352,<wb>вьзлюбленъі
13353,<wb>ставъше
13354,<wb>меча
13355,<wb>възъі
13356,<wb>пророчі
13357,<wb>въставівъ
13358,зьрѧ
13359,<wb>възаалка
13360,гъко
13361,<wb>омочь
13362,<wb>кротокъ
13363,<wb>съглас
13364,<wb>безоуміѣ
13365,<wb>медь
13366,<wb>отъче
13367,<wb>кръстънъіі
13368,<wb>сідоноу
13369,<wb>подъі
13370,<wb>оустраѣ
13371,<wb>вашоу
13372,разінъ
13373,<wb>соукномъ
13374,<wb>хоразінъ
13375,<wb>оправьді
13376,<wb>отъпада
13377,<wb>бесьмрьть
13378,<wb>нѫдітъ
13379,<wb>блгсі
13380,<wb>въсъ
13381,<wb>красоу
13382,<wb>реченоумоу
13383,<wb>прѣдаеші
13384,<wb>бѣжімъ
13385,<wb>прокаженіі
13386,<wb>прозіраѭтъ
13387,<wb>безд
13388,<wb>правьдніка
13389,<wb>отътѫдѫ
13390,<wb>тіі
13391,<wb>обрѣтаатъ
13392,<wb>стоуденъі
13393,штаніе
13394,<wb>богатѣмь
13395,<wb>разлѫчітъ
13396,<wb>прѣбъіті
13397,<wb>мънозѣхъ
13398,<wb>піоніѣ
13399,<wb>пріведъ
13400,<wb>оувѣдѣно
13401,нѣего
13402,іше
13403,<wb>дьнемъ
13404,<wb>жрѣбецъ
13405,<wb>оучітелемь
13406,<wb>іздр
13407,<wb>відомъ
13408,<wb>съпасаетъ
13409,<wb>цѣлоуіте
13410,<wb>сѫштаѣ
13411,<wb>заповѣдавъ
13412,вьенію
13413,ліа
13414,<wb>възненавідѣшѧ
13415,<wb>сълѧ
13416,<wb>несьтрьпі
13417,<wb>соньміштіхъ
13418,ходѧшті
13419,<wb>опакъі
13420,<wb>блюдѣта
13421,<wb>вѣроуета
13422,<wb>зовѫшта
13423,<wb>възвратісте
13424,<wb>ізгънанъ
13425,<wb>отвръз
13426,<wb>братріі
13427,<wb>наго
13428,<wb>хрістово
13429,<wb>странамъ
13430,<wb>плата
13431,<wb>вѣрьнъііхъ
13432,ственъ
13433,<wb>аронь
13434,<wb>вьзлежѧштоу
13435,твоу
13436,<wb>ослабленоуемоу
13437,<wb>въспрѣ
13438,<wb>оударішѧ
13439,<wb>оучітелемъ
13440,<wb>владъічъ
13441,<wb>сплъ
13442,<wb>благодѣаніѣ
13443,<wb>вьзьмеші
13444,<wb>въскръсеніѣ
13445,<wb>раздрѣшіші
13446,<wb>правьдноуоумоу
13447,діша
13448,<wb>ісцѣлѣетъ
13449,<wb>сотьнікъ
13450,<wb>немѫ
13451,<wb>істѧзалъ
13452,<wb>проказъі
13453,<wb>іштістіті
13454,кала
13455,<wb>закала
13456,<wb>знахъ
13457,<wb>въскръсеніі
13458,<wb>стоѧштіімъ
13459,<wb>третіѭ
13460,<wb>вьспоѭ
13461,<wb>попелѣ
13462,<wb>дьвою
13463,<wb>тлъцѣте
13464,<wb>съзъвавъ
13465,<wb>оужасе
13466,<wb>възданіе
13467,ждемъ
13468,<wb>затва
13469,<wb>піемъ
13470,<wb>одѣетъ
13471,<wb>оукорь
13472,<wb>пръстомь
13473,<wb>хрізма
13474,<wb>мѣнѫ
13475,<wb>ісповѣдаахѫ
13476,<wb>добръіімъ
13477,<wb>нікъіже
13478,<wb>съзъі
13479,мъно
13480,<wb>плѧсасте
13481,<wb>проповѣдааше
13482,<wb>пропѧтъ
13483,чаті
13484,<wb>покаалі
13485,<wb>лъжесъвѣдѣтель
13486,<wb>подобіте
13487,<wb>отвръзъі
13488,<wb>трьстіе
13489,<wb>отъмь
13490,<wb>праведънъі
13491,<wb>оуморіті
13492,<wb>богонось
13493,<wb>покланѣахѫ
13494,сілъ
13495,вью
13496,<wb>горьніцѫ
13497,<wb>зѫбъ
13498,<wb>помъ
13499,<wb>прѣтък
13500,<wb>прѣтъкнеші
13501,<wb>главоѭ
13502,<wb>діѣкъ
13503,<wb>землеѭ
13504,<wb>съвѣстъ
13505,<wb>поуштаѧі
13506,<wb>млъчааше
13507,<wb>прапрѫдъ
13508,<wb>ізьмі
13509,бънъіі
13510,<wb>сунаго
13511,<wb>сѫдіѭ
13512,нѣіше
13513,<wb>прілежьно
13514,<wb>пріснодѣ
13515,<wb>клірі
13516,<wb>каменію
13517,<wb>обнові
13518,<wb>закле
13519,<wb>вьзда
13520,<wb>земль
13521,<wb>женамъ
13522,<wb>ѣкъі
13523,<wb>ловь
13524,<wb>благодѣтелѣ
13525,<wb>небъі
13526,<wb>дарова
13527,<wb>пріімь
13528,<wb>стоѣ
13529,<wb>пріносъ
13530,стемь
13531,<wb>небесьскъіѧ
13532,<wb>зашчіті
13533,<wb>кесарові
13534,<wb>вешть
13535,<wb>іосіфова
13536,<wb>бѣжѧтъ
13537,<wb>оукрашена
13538,<wb>чьстімъ
13539,<wb>собьра
13540,<wb>чьстьѭ
13541,<wb>прѣобразі
13542,<wb>отъложі
13543,<wb>гово
13544,<wb>жестоко
13545,<wb>троіце
13546,<wb>мімоіті
13547,<wb>ша
13548,<wb>скотъі
13549,<wb>дѣломь
13550,<wb>жівѫште
13551,<wb>веселіі
13552,<wb>іштез
13553,<wb>загла
13554,птъ
13555,<wb>зълодѣѣ
13556,<wb>томоужде
13557,<wb>прьсті
13558,<wb>тѧготьнѣ
13559,<wb>възлежѧштіімъ
13560,дьлі
13561,въшаго
13562,<wb>мімоідѫтъ
13563,тънааго
13564,мѣа
13565,<wb>соусѣ
13566,<wb>въземлѧі
13567,<wb>младеньцемъ
13568,<wb>оусъі
13569,<wb>жьре
13570,<wb>ведомі
13571,<wb>развраштаѭшта
13572,<wb>течаахѫ
13573,дою
13574,<wb>кагань
13575,реноу
13576,<wb>едіначе
13577,<wb>седморіцеѭ
13578,<wb>оугождь
13579,нънъі
13580,<wb>оугасітъ
13581,<wb>едіночѧдааго
13582,леть
13583,<wb>грѣшьніца
13584,<wb>прѣже
13585,<wb>вш
13586,<wb>оумъіѭ
13587,<wb>ісправітъ
13588,<wb>прѣнесе
13589,<wb>наріцаѭ
13590,дво
13591,цхъ
13592,<wb>тъкма
13593,<wb>създа
13594,<wb>съвлѣче
13595,<wb>чемь
13596,<wb>ковъ
13597,ѫть
13598,<wb>блаженаѣ
13599,<wb>лѣтъі
13600,<wb>клѧсъ
13601,<wb>праведъніі
13602,<wb>праздъноу
13603,<wb>свѣтло
13604,<wb>кьнігь
13605,<wb>елліні
13606,<wb>хал
13607,ном
13608,<wb>възіштете
13609,<wb>хъітрості
13610,<wb>спаса
13611,<wb>провъ
13612,<wb>цьркъ
13613,<wb>отъваліті
13614,<wb>повелѣлъ
13615,<wb>мъісліте
13616,<wb>тьжде
13617,<wb>сімонова
13618,нскъіе
13619,<wb>велікъіімъ
13620,<wb>сьлѣсті
13621,<wb>прѣмь
13622,<wb>отъпоуштаете
13623,<wb>сьтворітъ
13624,<wb>родѧ
13625,<wb>бесѣдоуетъ
13626,<wb>глѧда
13627,<wb>шъдъша
13628,<wb>запрѣштеніѣ
13629,<wb>съмъі
13630,еніѣ
13631,<wb>прівѧзано
13632,<wb>егоуптѣ
13633,<wb>жідовінъ
13634,<wb>слѣпъіѧ
13635,<wb>пламень
13636,<wb>зръноу
13637,<wb>сѣвера
13638,<wb>пръваго
13639,<wb>словѣн
13640,<wb>лѣторасль
13641,ченію
13642,<wb>наріцаемаго
13643,<wb>въсхъітіті
13644,лості
13645,<wb>тьмъі
13646,<wb>поспѣші
13647,<wb>вітаті
13648,<wb>разлічьнъі
13649,<wb>неправ
13650,<wb>прѣдьі
13651,<wb>срьдцемь
13652,<wb>оумеръі
13653,<wb>отч
13654,венама
13655,<wb>тръпѣніе
13656,<wb>въсъіла
13657,<wb>ръіба
13658,вленьѣ
13659,<wb>всѣкомоу
13660,дью
13661,<wb>обѣше
13662,дъіѧ
13663,<wb>нсі
13664,давь
13665,<wb>англа
13666,<wb>възе
13667,<wb>древль
13668,<wb>нс
13669,<wb>недоконьчалъ
13670,віші
13671,<wb>отроковіці
13672,дікіі
13673,<wb>ніне
13674,доуетъ
13675,<wb>старець
13676,<wb>забъ
13677,отъ
13678,<wb>помінаті
13679,<wb>кладѧзь
13680,<wb>знаменіемъ
13681,<wb>раздрѣшено
13682,<wb>съмѣрішѧ
13683,<wb>чоудесехъ
13684,<wb>сътворівъіі
13685,<wb>іноплемен
13686,гаахѫ
13687,<wb>содомлѣ
13688,<wb>осѣнітъ
13689,<wb>веселѧште
13690,<wb>нізъхо
13691,<wb>таковааго
13692,<wb>покааніі
13693,штенью
13694,<wb>прострѣтъ
13695,<wb>созъ
13696,<wb>разоумѣѭште
13697,<wb>вьмѣта
13698,<wb>страхо
13699,чаа
13700,<wb>жівіші
13701,<wb>благодѣте
13702,лва
13703,женье
13704,<wb>архіерѣі
13705,ахо
13706,маоу
13707,<wb>назарѣані
13708,<wb>мірові
13709,<wb>постъланѫ
13710,<wb>съказаетъ
13711,<wb>глѫбіна
13712,жьнікъі
13713,<wb>свѧтоую
13714,<wb>знамені
13715,въшоуемоу
13716,<wb>вѣчьнаего
13717,<wb>іночѧда
13718,<wb>іанна
13719,чьнѣ
13720,<wb>славьѣше
13721,<wb>праздьні
13722,<wb>пріема
13723,<wb>іскрьнѣаго
13724,<wb>іскрьніі
13725,<wb>прѣла
13726,<wb>слѣпоу
13727,<wb>ефре
13728,<wb>невѣрьствіе
13729,<wb>нѫждеѭ
13730,<wb>даеші
13731,стіте
13732,<wb>раждъ
13733,чаше
13734,<wb>літо
13735,<wb>отътръгнѫті
13736,жденію
13737,<wb>ханаа
13738,<wb>хъітростіѭ
13739,<wb>вьзде
13740,<wb>хітонъ
13741,давъ
13742,<wb>благотворѧ
13743,<wb>каперънаоумѣ
13744,<wb>воо
13745,<wb>дда
13746,<wb>аха
13747,<wb>цѣсарі
13748,<wb>въспѣвъше
13749,<wb>аза
13750,<wb>дані
13751,<wb>галілеіскааго
13752,<wb>шестіѭ
13753,<wb>ісх
13754,стѣмь
13755,<wb>наоучь
13756,кахъ
13757,<wb>назареі
13758,<wb>мъітарѣ
13759,штахѫ
13760,<wb>хранѧште
13761,талі
13762,<wb>црствѣ
13763,сѫшть
13764,<wb>бісе
13765,лѣте
13766,<wb>овьчі
13767,<wb>зьлъіі
13768,<wb>ѳеофілъ
13769,<wb>сьтьнікь
13770,рге
13771,<wb>герге
13772,<wb>праведънъіі
13773,<wb>ангеоу
13774,<wb>спсена
13775,<wb>бѣсъновавъі
13776,<wb>посьлѭ
13777,<wb>отпоустітъ
13778,<wb>зьлаа
13779,<wb>съжа
13780,<wb>глштоу
13781,<wb>малъіі
13782,<wb>заблѫждъ
13783,ровъі
13784,<wb>матер
13785,<wb>сѧде
13786,<wb>послѣдъніі
13787,<wb>аллоуіѣ
13788,ждъше
13789,<wb>съвра
13790,лѣга
13791,<wb>вз
13792,<wb>деніе
13793,<wb>завѧзаѭшта
13794,<wb>скръжь
13795,<wb>покръіѭ
13796,шііх
13797,<wb>мень
13798,<wb>праведънікъ
13799,<wb>обьштеніе
13800,<wb>озълобле
13801,<wb>въпіѣахѫ
13802,вома
13803,<wb>съпса
13804,<wb>послѣдьнііхъ
13805,<wb>ліхъ
13806,<wb>голго
13807,<wb>слънъце
13808,штѣ
13809,<wb>новѣ
13810,<wb>съгрѣшілъ
13811,<wb>стаа
13812,<wb>сконча
13813,<wb>крстѧ
13814,таетъ
13815,влені
13816,<wb>кланѣаше
13817,<wb>отпоуштаті
13818,сцѣемь
13819,<wb>въше
13820,нѣамъ
13821,люѭтъ
13822,<wb>глаголахъ
13823,<wb>бѣше
13824,<wb>неплодъі
13825,рона
13826,<wb>спсеніе
13827,<wb>логофеть
13828,чно
13829,<wb>оцѣпѣ
13830,<wb>прѣро
13831,<wb>асу
13832,<wb>деб
13833,<wb>власвімлѣ
13834,<wb>самѣ
13835,<wb>ізгьнашѧ
13836,<wb>помлъ
13837,ѣді
13838,<wb>остав
13839,<wb>люд
13840,іръ
13841,<wb>капа
13842,гаѧ
13843,<wb>іше
13844,<wb>істрѧ
13845,<wb>скорпі
13846,<wb>лопата
13847,<wb>гонѣаше
13848,<wb>іштістішѧ
13849,<wb>сіроу
13850,<wb>въскъі
13851,<wb>стоуденець
13852,<wb>страждеші
13853,дьнъіѧ
13854,<wb>патрікіі
13855,<wb>оправ
13856,<wb>красота
13857,<wb>ръпь
13858,<wb>црствоу
13859,<wb>каплѧ
13860,<wb>оубьеноу
13861,<wb>хвале
13862,<wb>істінъное
13863,<wb>напада
13864,мънаѣ
13865,<wb>послоужѧтъ
13866,<wb>прѣло
13867,<wb>жърь
13868,<wb>херсоньстѣ
13869,<wb>сѫштіімі
13870,<wb>лев
13871,<wb>від
13872,<wb>наѳанаіль
13873,<wb>въмѣстѧ
13874,<wb>прідѣ
13875,<wb>почръпъ
13876,<wb>срдць
13877,<wb>евгліе
13878,<wb>васо
13879,<wb>самарѣне
13880,<wb>прѣподобьнъііхъ
13881,<wb>коупѣ
13882,<wb>слъішалъ
13883,чьнѣі
13884,<wb>хрістѣ
13885,<wb>злобоу
13886,<wb>овьца
13887,<wb>боѣше
13888,рмі
13889,дьне
13890,<wb>четврѣ
13891,венъі
13892,<wb>познаті
13893,<wb>дал
13894,<wb>сьблю
13895,<wb>бьдѧ
13896,<wb>врът
13897,<wb>дверь
13898,<wb>сьпасеньѣ
13899,<wb>смра
13900,<wb>прѣпрѫ
13901,<wb>съвѣдѣтел
13902,дѫт
13903,<wb>нікоді
13904,<wb>доѧштіімъ
13905,<wb>въдовіць
13906,<wb>магъда
13907,<wb>магъдалъіні
13908,<wb>затворітъ
13909,<wb>разлѫчаетъ
13910,<wb>отъвѣштавь
13911,<wb>въмѣштаетъ
13912,<wb>всѣкого
13913,<wb>овьцамъ
13914,<wb>дождь
13915,<wb>алчѫштіі
13916,<wb>драгаго
13917,<wb>ізѫтрь
13918,<wb>епіскоупі
13919,<wb>сьрдьце
13920,<wb>оуслъішаше
13921,<wb>словѣньскъ
13922,<wb>зміінъ
13923,<wb>земънъіхъ
13924,<wb>бьѣахѫ
13925,<wb>въздааніе
13926,<wb>апостолікь
13927,ргію
13928,<wb>хрістосовѫ
13929,<wb>проліваемаѣ
13930,<wb>лѫкава
13931,<wb>пророчьство
13932,<wb>клѣті
13933,<wb>дьждь
13934,<wb>пліновеніѣ
13935,<wb>дрьжіть
13936,<wb>ведъі
13937,<wb>творімь
13938,<wb>безглас
13939,<wb>дѣѣті
13940,<wb>пріключьшоу
13941,<wb>старѣішінѣ
13942,<wb>мьнѣаше
13943,<wb>отвѣть
13944,<wb>гладъкъі
13945,<wb>оучіть
13946,<wb>царі
13947,<wb>въшьдь
13948,фіі
13949,<wb>напісавь
13950,<wb>едіноу
13951,кті
13952,<wb>лепідонъ
13953,<wb>сътомъ
13954,рѫгомъ
13955,<wb>імѫшть
13956,<wb>одеждѫтъ
13957,<wb>ізнеможетъ
13958,<wb>большѫ
13959,<wb>пріходѧшті
13960,<wb>свѣште
13961,<wb>кръстънъіімъ
13962,<wb>ерлмѣхъ
13963,<wb>зде
13964,<wb>прошѫ
13965,<wb>вьлѣзошѧ
13966,<wb>отъбѣже
13967,<wb>іцѣлѣѧ
13968,<wb>сьмѣренъ
13969,<wb>ключѧ
13970,<wb>рѣше
13971,<wb>лозѣ
13972,<wb>вьнѧтъ
13973,<wb>настав
13974,<wb>прѣвелікое
13975,<wb>скѫдельнічі
13976,<wb>благовѣштеніе
13977,<wb>ізѣде
13978,<wb>алчъбоѭ
13979,<wb>прѣстола
13980,<wb>чловѣколюбівааго
13981,<wb>латіньскъі
13982,<wb>сьтворѭ
13983,днъіі
13984,<wb>послѣдоуѭштоумоу
13985,<wb>проштенье
13986,<wb>въходіші
13987,<wb>бъівъшѧ
13988,<wb>істіннъі
13989,<wb>разоумно
13990,<wb>разорѫ
13991,<wb>оученьѣ
13992,<wb>соньмішта
13993,<wb>ісоуші
13994,<wb>оунъініе
13995,<wb>небрѣшті
13996,<wb>гонімъ
13997,<wb>ізбъранъі
13998,<wb>оусъпь
13999,<wb>мілосръдова
14000,<wb>натроухомъ
14001,стень
14002,<wb>пръстень
14003,<wb>каѭшті
14004,<wb>сладость
14005,<wb>съсѫда
14006,<wb>съповѣдаста
14007,<wb>въскръсеніе
14008,<wb>мъішлѣаше
14009,<wb>мльчааше
14010,<wb>боурѫ
14011,<wb>пораженъ
14012,<wb>съмѧтошѧ
14013,влъкъ
14014,<wb>хлъмъ
14015,<wb>оумьръіі
14016,<wb>вставъ
14017,<wb>мрьтвьць
14018,дітелѣ
14019,<wb>поѣсѣхъ
14020,<wb>ноужді
14021,<wb>проповѣдімъ
14022,<wb>начьнъше
14023,<wb>махметь
14024,<wb>цѣсарьствова
14025,<wb>таінъіѧ
14026,<wb>сѣдѧштіі
14027,<wb>кападо
14028,<wb>блізньць
14029,пѫтъ
14030,тепѫтъ
14031,<wb>оутепѫтъ
14032,<wb>можахѫ
14033,<wb>разоумѣет
14034,<wb>оукрадѫтъі
14035,<wb>слѫка
14036,<wb>сръдъцемъ
14037,собі
14038,<wb>скажіте
14039,<wb>сьвѧзанъіі
14040,<wb>послоуш
14041,<wb>бъівъшамъ
14042,<wb>отъбѣжа
14043,<wb>пльтьѭ
14044,<wb>крьстітель
14045,<wb>прорѣшѧ
14046,<wb>власвіміѣ
14047,<wb>доуховънъіѧ
14048,<wb>навъікнѫ
14049,<wb>коснѫвъ
14050,тінѣ
14051,<wb>отьвѣтъ
14052,<wb>самѫ
14053,<wb>жрьтвѣ
14054,<wb>сътвореніі
14055,шніці
14056,<wb>бъіліѣ
14057,<wb>ѣвьѣетъ
14058,<wb>кръстѧі
14059,<wb>страждѫштіі
14060,<wb>хождаахъ
14061,<wb>істовое
14062,<wb>дрьжаті
14063,<wb>сьтворіті
14064,<wb>събъравъше
14065,<wb>деснаѣ
14066,<wb>оумѧ
14067,<wb>дѣль
14068,<wb>оуставішѧ
14069,<wb>мефо
14070,<wb>блѫдніцѫ
14071,<wb>сътворіше
14072,<wb>даюште
14073,<wb>пріель
14074,<wb>отъѧтъ
14075,<wb>оувѣмъ
14076,<wb>похвалъі
14077,<wb>отъхождаахѫ
14078,<wb>чловѣколюбьцъ
14079,<wb>многѫѭ
14080,<wb>елмаже
14081,<wb>бѫдѫштее
14082,<wb>оужасть
14083,<wb>ѫродівъі
14084,<wb>вьзві
14085,<wb>вьнідошѧ
14086,<wb>сьрѣтеніе
14087,<wb>бранъ
14088,<wb>андрѣа
14089,бьнааго
14090,<wb>бъіша
14091,<wb>поврьже
14092,<wb>прѣмно
14093,<wb>събравше
14094,<wb>члскааго
14095,<wb>езъіцѣхь
14096,<wb>телі
14097,<wb>сьвѣштаті
14098,<wb>дауідоу
14099,<wb>рѣшіті
14100,<wb>срьдьць
14101,<wb>емо
14102,<wb>благовѣр
14103,<wb>цвьтѫ
14104,<wb>пріношааше
14105,<wb>аде
14106,<wb>въшедъшема
14107,<wb>бездоуш
14108,<wb>помѧнеші
14109,<wb>ѣлі
14110,<wb>вьлѣзетъ
14111,<wb>вараава
14112,<wb>протівенъ
14113,<wb>тъісѧшть
14114,хнѫ
14115,знітъ
14116,<wb>аврамоу
14117,<wb>вьзьрѣті
14118,<wb>очесі
14119,сноу
14120,<wb>вѣньцемъ
14121,<wb>кьнігахъ
14122,<wb>прѣісподьнѣго
14123,<wb>цѣлітъ
14124,<wb>прогнаті
14125,<wb>послоушаніімъ
14126,<wb>сьмрьтьнъіѧ
14127,<wb>гніхъ
14128,<wb>младеніштѧ
14129,<wb>въішьнюмоу
14130,<wb>хожденіе
14131,<wb>сьвѧзана
14132,<wb>сіламі
14133,<wb>чоуетъ
14134,<wb>благословеше
14135,<wb>благъінь
14136,<wb>коеждо
14137,<wb>дѣлесъ
14138,<wb>поперѫтъ
14139,<wb>пльна
14140,<wb>чоудесемь
14141,<wb>бъіваѭштіімъ
14142,<wb>чоудесъі
14143,<wb>въсла
14144,<wb>тьгда
14145,<wb>мьздоімьці
14146,<wb>погрі
14147,<wb>домохъ
14148,<wb>таланть
14149,<wb>адамѣ
14150,<wb>ацѣ
14151,<wb>сьсѫдъ
14152,<wb>окомъ
14153,<wb>въсоу
14154,<wb>влькъ
14155,<wb>отвѣштаті
14156,<wb>дрѣвомъ
14157,вѣрь
14158,<wb>доухоу
14159,<wb>оуставъі
14160,<wb>серафі
14161,<wb>серафімомъ
14162,<wb>народ
14163,<wb>жѧло
14164,<wb>оусьпеніі
14165,<wb>десѧтіѭ
14166,<wb>въздрадоуіте
14167,<wb>бѣжі
14168,<wb>възваль
14169,<wb>жівѫі
14170,<wb>курінѣіска
14171,<wb>оужасаті
14172,<wb>даровъ
14173,доуть
14174,<wb>четврьтодь
14175,<wb>възведенъ
14176,<wb>множаішѧ
14177,<wb>імѣніемь
14178,трѣбьнъ
14179,<wb>архіепіскоупъ
14180,<wb>вьложі
14181,<wb>подъѧ
14182,<wb>божъствънъіі
14183,<wb>пріключаю
14184,<wb>облаже
14185,<wb>мімонесті
14186,<wb>ісплънена
14187,<wb>пісанье
14188,днѫ
14189,<wb>троуждааше
14190,<wb>родітелю
14191,<wb>напісанъі
14192,<wb>ръібіць
14193,<wb>моісі
14194,<wb>проповѣдаѭтъ
14195,<wb>естьствъ
14196,<wb>господне
14197,<wb>дозьрѧ
14198,<wb>лѫкавааго
14199,<wb>прѣпрость
14200,<wb>словѣнь
14201,<wb>съконьчавъшііхъ
14202,<wb>скрі
14203,<wb>маломъ
14204,<wb>правьдънъіхъ
14205,<wb>радоуѭтъ
14206,<wb>псаніѣ
14207,<wb>отъкръішѧ
14208,<wb>чьстънъіі
14209,<wb>іштѫштоу
14210,<wb>прѣподобьнъіхъ
14211,лѣже
14212,<wb>ісаака
14213,<wb>жъзлъ
14214,<wb>прѣлюбодѣаніі
14215,<wb>блѫдніці
14216,<wb>рабъінѧ
14217,<wb>правьдіва
14218,<wb>въскрсе
14219,<wb>веліть
14220,<wb>желаѧ
14221,<wb>большііхъ
14222,ренію
14223,<wb>бъіліе
14224,<wb>прішъствіе
14225,<wb>аполі
14226,<wb>объічаемъ
14227,<wb>достоіноу
14228,<wb>въсхождѫ
14229,<wb>жідов
14230,<wb>съгрѣшіховѣ
14231,лота
14232,<wb>вѣдѫштоу
14233,<wb>ісоусові
14234,<wb>огньнѣі
14235,<wb>нарекѫтъ
14236,<wb>стъімі
14237,<wb>пріскръбь
14238,<wb>пріскръбьна
14239,<wb>дѣвіче
14240,<wb>вьвѣсте
14241,<wb>прікоснѫшѧ
14242,<wb>олтарі
14243,<wb>сьтворіхъ
14244,<wb>птіці
14245,<wb>запѧті
14246,<wb>глаголемое
14247,<wb>божіеѭ
14248,<wb>бъілѣ
14249,<wb>въшедъшѧѧ
14250,<wb>віталіі
14251,<wb>вьсѣкоѭ
14252,<wb>невідімо
14253,<wb>мілоуі
14254,<wb>комісомъ
14255,зьрѣахѫ
14256,градоу
14257,<wb>попріштъ
14258,<wb>презвутеромъ
14259,<wb>всемъ
14260,коумъ
14261,<wb>господіномъ
14262,<wb>знаті
14263,<wb>достоінна
14264,<wb>обіскалъ
14265,<wb>благословештенье
14266,<wb>богата
14267,<wb>ізгоніте
14268,<wb>ніхже
14269,<wb>бъіховѣ
14270,<wb>съподобітъ
14271,<wb>вечер
14272,<wb>хваламі
14273,<wb>кліросомъ
14274,<wb>благословьеніѣ
14275,<wb>вьзъмъ
14276,<wb>епіскопі
14277,ѳеі
14278,<wb>велѫ
14279,<wb>едінѣм
14280,<wb>побѣд
14281,<wb>ізъшъдъ
14282,<wb>болѧштааго
14283,<wb>оутврьждаѧ
14284,<wb>множаішіі
14285,<wb>въскрѣша
14286,<wb>плѣвь
14287,<wb>болѣрі
14288,<wb>самаріѧ
14289,<wb>ізведъша
14290,<wb>прішъдъша
14291,<wb>пѫчінѫ
14292,<wb>доколі
14293,<wb>цръкъвь
14294,<wb>прінесѣмъ
14295,<wb>готовьѣше
14296,<wb>коньста
14297,<wb>божьствь
14298,<wb>відімаѣ
14299,вьенье
14300,<wb>тінѫ
14301,<wb>обоуѣетъ
14302,<wb>епіскоупъскъіі
14303,<wb>аріі
14304,<wb>възвраштьшѧ
14305,<wb>населе
14306,<wb>небрѣже
14307,<wb>невъзможъно
14308,<wb>безаконьнікома
14309,<wb>сръдцемь
14310,<wb>доухъі
14311,тохъ
14312,<wb>хръбъ
14313,тіѣнъ
14314,<wb>сказаті
14315,нтіѣ
14316,<wb>каменьемь
14317,<wb>вьчьтенъіі
14318,<wb>вавуло
14319,бетъ
14320,<wb>хрібетъ
14321,<wb>нѣколі
14322,<wb>съмѣшеніе
14323,<wb>одръжіма
14324,<wb>отърѣ
14325,доховѣ
14326,<wb>въздаѭште
14327,<wb>прѣбъіваѭштоу
14328,<wb>безоумъ
14329,<wb>врѣтішта
14330,<wb>нечістъіѧ
14331,дѫѭ
14332,псъ
14333,<wb>вартоломѣа
14334,<wb>дівіѧ
14335,<wb>алеѯандрь
14336,<wb>прічѧшта
14337,<wb>ананіѭ
14338,дръжітъ
14339,<wb>дімосіі
14340,<wb>ізгънавъ
14341,лесті
14342,къігѫ
14343,<wb>насто
14344,<wb>зъіба
14345,шаате
14346,<wb>послоухъ
14347,<wb>горцѣ
14348,<wb>обьштее
14349,<wb>гаурі
14350,<wb>въздрастѣ
14351,<wb>бѣсънъіѧ
14352,<wb>іспльнѣѧ
14353,<wb>жівотворѧштіімъ
14354,<wb>болѧштіімъ
14355,<wb>отішіе
14356,<wb>іілво
14357,<wb>кротьці
14358,<wb>строітель
14359,<wb>оузьрѭ
14360,<wb>объіче
14361,<wb>подъѧті
14362,<wb>своіхь
14363,<wb>чте
14364,<wb>могль
14365,<wb>оувѣштаі
14366,<wb>льстівъі
14367,<wb>сікі
14368,жьча
14369,<wb>отѧжьча
14370,<wb>владъічьскъі
14371,<wb>нареченъіі
14372,<wb>распѧта
14373,<wb>страннъіімъ
14374,ведеші
14375,<wb>аплъ
14376,<wb>съборьнѣі
14377,<wb>дръжѧште
14378,<wb>шестааго
14379,<wb>подражаті
14380,<wb>почіта
14381,толѣ
14382,<wb>прішъдъшіімъ
14383,<wb>дебрѣе
14384,<wb>слоугѫ
14385,<wb>нашеѧ
14386,<wb>сковрадъі
14387,<wb>оусрамьѣ
14388,<wb>вьнесті
14389,<wb>сѣалъ
14390,<wb>народом
14391,<wb>блѧдіі
14392,<wb>цѣломѫдръ
14393,<wb>імѫштіімъ
14394,<wb>оукроі
14395,<wb>коустодіѧ
14396,<wb>сѣдошѧ
14397,<wb>погъібъшіімъ
14398,<wb>работахомъ
14399,<wb>дѫбъ
14400,<wb>вьпіті
14401,<wb>аггельскъ
14402,<wb>объічаѣ
14403,<wb>міренъ
14404,стрі
14405,<wb>еліні
14406,<wb>побѣждені
14407,<wb>правьднікъ
14408,<wb>вьзненавідѣ
14409,<wb>облічѧтъ
14410,<wb>мрътвъіімъ
14411,<wb>прѣде
14412,<wb>повѣсівъше
14413,<wb>пріеть
14414,<wb>іскоупіті
14415,<wb>кесароу
14416,<wb>пожрі
14417,<wb>анѳупатомъ
14418,<wb>оуікто
14419,<wb>цѣлъі
14420,<wb>глаголаль
14421,чъто
14422,<wb>прішъдъшіі
14423,<wb>въспрѧ
14424,<wb>орѫжьемь
14425,<wb>облаці
14426,<wb>протѧгъше
14427,<wb>дръзновеніімъ
14428,<wb>повінѫті
14429,<wb>възношааше
14430,скочі
14431,дніімъ
14432,<wb>радоваахѫ
14433,<wb>рімьстѣі
14434,<wb>таковоуоумоу
14435,<wb>троудіті
14436,цаті
14437,<wb>богатъствомъ
14438,<wb>вьсѣцѣмъ
14439,кіпсъ
14440,<wb>осквръні
14441,<wb>събравъ
14442,<wb>патріархомъ
14443,<wb>смѣсѣ
14444,<wb>чловѣчьскааго
14445,<wb>сьнемъ
14446,<wb>посланъ
14447,<wb>завідѧ
14448,льнѫ
14449,<wb>расъіпалъ
14450,<wb>страстьмі
14451,<wb>прославленъ
14452,<wb>стрѣшті
14453,рно
14454,челъ
14455,<wb>дѫба
14456,<wb>тьлѣнь
14457,<wb>многоочі
14458,зеніе
14459,<wb>образ
14460,<wb>породі
14461,<wb>нѫждь
14462,<wb>прѣтворі
14463,<wb>дарове
14464,<wb>іереміѣ
14465,<wb>тѧже
14466,<wb>голъгота
14467,<wb>лютѫ
14468,обрѣсті
14469,<wb>сверѣпъіі
14470,<wb>біеші
14471,<wb>домашь
14472,<wb>небрѣгѫ
14473,<wb>маріінъ
14474,<wb>прівалі
14475,<wb>съіне
14476,<wb>едноѧ
14477,<wb>доблѣі
14478,<wb>съблюдаѧ
14479,<wb>дѣаніѣ
14480,<wb>дьнешьнѣаго
14481,<wb>мілосрдва
14482,<wb>мѫжьство
14483,<wb>імѫштоуоумоу
14484,<wb>ізволілъ
14485,<wb>облѣцѣте
14486,<wb>моусеові
14487,<wb>вьзбѣсівъ
14488,енъ
14489,<wb>вѣдомо
14490,<wb>стъііх
14491,доуі
14492,<wb>прінесъші
14493,<wb>члчьскоумоу
14494,<wb>вѣньца
14495,<wb>състо
14496,<wb>стрѣгѫштіі
14497,<wb>вѣдѣвъі
14498,<wb>вѣрніі
14499,<wb>молѧшта
14500,<wb>отълѫчівъ
14501,<wb>прібѣже
14502,<wb>въскраі
14503,<wb>вьла
14504,<wb>родітелъі
14505,<wb>прѣісподьніі
14506,<wb>вльшь
14507,<wb>поклоньше
14508,<wb>връстоѭ
14509,<wb>ніедінъ
14510,<wb>оубіхомъ
14511,<wb>мінѫвъшемъ
14512,<wb>потъштімъ
14513,<wb>тврьдѣ
14514,<wb>ізноу
14515,<wb>санъі
14516,<wb>прѣдъле
14517,шьѭ
14518,<wb>разбоініче
14519,<wb>жьрѣте
14520,<wb>ѳе
14521,здрече
14522,<wb>неіздрече
14523,<wb>ратехъ
14524,<wb>оупваніе
14525,<wb>хрьста
14526,<wb>възнѣсъ
14527,<wb>островъ
14528,любьць
14529,<wb>объікъ
14530,пѣі
14531,<wb>ізвѣстъно
14532,<wb>таібьно
14533,<wb>правовѣрьніі
14534,<wb>съконьчаніі
14535,<wb>говѣніімъ
14536,<wb>въліѣ
14537,<wb>покоуша
14538,влькъ
14539,<wb>лютъіѧ
14540,<wb>лѣстві
14541,<wb>рѣснотоѭ
14542,<wb>ліка
14543,<wb>ішъдъ
14544,<wb>позоріште
14545,<wb>тврьда
14546,<wb>іспльнівъ
14547,<wb>цѣл
14548,<wb>десніці
14549,<wb>нарічетъ
14550,<wb>възвратівъ
14551,<wb>звѣзда
14552,<wb>връгѫтъ
14553,<wb>въдовіцѫ
14554,<wb>прілоу
14555,<wb>проліѣті
14556,<wb>корабьѣ
14557,<wb>едінѣхъ
14558,<wb>съкончаті
14559,<wb>терентіѣ
14560,<wb>посъланъіі
14561,штьнее
14562,<wb>вьсѣлъ
14563,<wb>ісправіте
14564,<wb>нѣкъіімъ
14565,<wb>погънашѧ
14566,<wb>шьствіе
14567,<wb>съвръшаѧ
14568,<wb>ізлѣзошѧ
14569,<wb>двашді
14570,ньнаѣ
14571,жеть
14572,<wb>міромь
14573,тьнъ
14574,<wb>пооучѫ
14575,<wb>непрѣкло
14576,пьеніѣ
14577,<wb>съвъкоупьеніѣ
14578,<wb>повѣдаемі
14579,<wb>коміса
14580,<wb>обоуе
14581,<wb>цѣленіѣ
14582,<wb>цсрі
14583,<wb>прѣстѫпішѧ
14584,<wb>грѣшьнъіхъ
14585,<wb>пекѫште
14586,<wb>ѣзъіка
14587,стъіімъ
14588,<wb>прѣдъставіті
14589,<wb>хлѣвінѫ
14590,<wb>сълоучааше
14591,<wb>могѫштемъ
14592,<wb>вьзвелічі
14593,плъі
14594,<wb>слоугоуѭштѧѧ
14595,чеѭ
14596,<wb>обісте
14597,<wb>боуесті
14598,<wb>грѧдѫштаго
14599,<wb>сіе
14600,шего
14601,<wb>вѣдѣѣше
14602,<wb>рѣчіѭ
14603,<wb>дрьзі
14604,<wb>ізбавітелю
14605,<wb>лоб
14606,<wb>лобза
14607,<wb>оутврьдівъ
14608,чьстъ
14609,<wb>жітеі
14610,<wb>звѣрѣ
14611,<wb>погрѫжаті
14612,<wb>матерьѭ
14613,<wb>крадъ
14614,шнѣаго
14615,<wb>съконьчаста
14616,<wb>вьзлѣзе
14617,<wb>плешті
14618,<wb>оканіі
14619,<wb>доусѣхъ
14620,<wb>нечьстівъііхъ
14621,<wb>прѣходіте
14622,<wb>трьнье
14623,<wb>отъріцаті
14624,<wb>тъштаніемъ
14625,<wb>съгрѣшіхомъ
14626,<wb>тъка
14627,<wb>копіі
14628,<wb>тѣлесьнъіѧ
14629,<wb>властьѭ
14630,<wb>ізгоубѧтъ
14631,<wb>вьсадіті
14632,<wb>растрьза
14633,<wb>лѣніті
14634,<wb>четврътъіі
14635,<wb>въжегъше
14636,<wb>сьгрѣші
14637,<wb>ніедноѧже
14638,<wb>сътекошѧ
14639,<wb>відѣнѣ
14640,<wb>въпросіші
14641,<wb>прібліжівъше
14642,<wb>бѣсованіѣ
14643,<wb>кло
14644,<wb>въспрѣтівъ
14645,<wb>въісоцѣ
14646,<wb>вьжделѣхъ
14647,<wb>плодь
14648,таено
14649,<wb>прѣплоу
14650,<wb>съіновъ
14651,<wb>подвіже
14652,<wb>нѣмь
14653,<wb>мѧтежоу
14654,<wb>покорѧште
14655,<wb>досадішѧ
14656,<wb>пріходіші
14657,<wb>родітелема
14658,<wb>вѧштеі
14659,<wb>съпасаѧ
14660,<wb>сътомь
14661,<wb>окоушаате
14662,<wb>съхрань
14663,<wb>поѣса
14664,<wb>прѣбъіста
14665,<wb>сътръпѣті
14666,<wb>свѣтьлѣ
14667,<wb>лъжеіменъ
14668,<wb>сътворівъшоу
14669,<wb>поврь
14670,<wb>горьцѣ
14671,дове
14672,<wb>новь
14673,<wb>тръпѣті
14674,<wb>прізъванъ
14675,пѧі
14676,<wb>савао
14677,<wb>прібліжаѭштііхъ
14678,<wb>мілостівъіімъ
14679,<wb>заколенье
14680,<wb>бѣжавъ
14681,<wb>таіліштіхъ
14682,<wb>двдъ
14683,<wb>кротъка
14684,<wb>славлѭ
14685,<wb>аполъ
14686,<wb>льжь
14687,<wb>прѣстанетъ
14688,<wb>прѣбѫдѣте
14689,<wb>врѣдіті
14690,<wb>оубожь
14691,<wb>ізбавітелъ
14692,<wb>крьстіѣньска
14693,<wb>добръііхъ
14694,<wb>ноштіі
14695,емѣ
14696,<wb>лежѧшті
14697,<wb>новоѣ
14698,<wb>вльнамі
14699,<wb>кръстітель
14700,<wb>радоуѭшта
14701,<wb>ізідоста
14702,<wb>сѣждѫ
14703,<wb>възгнѣті
14704,жізаті
14705,<wb>можа
14706,<wb>прігвоздішѧ
14707,<wb>несто
14708,<wb>хоуліші
14709,<wb>огньнааго
14710,<wb>съкроушівъ
14711,<wb>істръгнетъ
14712,<wb>погрѣбаті
14713,<wb>оужастіѭ
14714,<wb>міловаті
14715,<wb>сілънъіѧ
14716,<wb>сьмѣреніі
14717,<wb>обідіте
14718,<wb>пожъръ
14719,<wb>нічімьже
14720,<wb>породъі
14721,<wb>даѭштааго
14722,<wb>творіт
14723,<wb>гдноу
14724,<wb>аполонъ
14725,<wb>вѧшть
14726,<wb>агнѧ
14727,<wb>ѣвлѣет
14728,<wb>коуміремъ
14729,<wb>мрътво
14730,жѧште
14731,<wb>точілѣхъ
14732,<wb>въшедъшемъ
14733,<wb>обьштааго
14734,<wb>отъбѣгъ
14735,<wb>гоні
14736,<wb>хвалѧшта
14737,<wb>цѣлітель
14738,ліѣніѭ
14739,<wb>анѳупате
14740,<wb>подвіга
14741,<wb>вѣчьноуоумоу
14742,<wb>соуровѣ
14743,<wb>кръсть
14744,<wb>персь
14745,<wb>біемъ
14746,<wb>оучаше
14747,<wb>наемъ
14748,<wb>текѫште
14749,<wb>желѣзнъ
14750,<wb>сьтъ
14751,ствъі
14752,<wb>прѧдѫтъ
14753,<wb>штоуждъ
14754,<wb>погрѣбаніе
14755,<wb>коньчінѣ
14756,<wb>осьлѧті
14757,<wb>іоуліѣніѭ
14758,<wb>въздъіханіе
14759,<wb>прѣзо
14760,<wb>дрькольмі
14761,<wb>бѣсованіе
14762,лено
14763,<wb>прѣподобьнъіімъ
14764,<wb>пръстомъ
14765,<wb>сьвѧзанъ
14766,<wb>стмъ
14767,<wb>еша
14768,<wb>ілева
14769,<wb>квасѣ
14770,<wb>даѭштоумоу
14771,тѣка
14772,<wb>рабъінь
14773,<wb>ѣкъ
14774,<wb>ісоух
14775,чьстіі
14776,<wb>ізбіе
14777,<wb>ѳомъі
14778,<wb>отъпоуштенье
14779,<wb>пѣснехъ
14780,ніімь
14781,<wb>іра
14782,<wb>аллѣлоуіѣ
14783,<wb>іздраілевъ
14784,гно
14785,<wb>іереѧ
14786,<wb>срдьце
14787,<wb>веселіѣ
14788,<wb>сіоні
14789,<wb>едносѫшть
14790,<wb>спенъ
14791,<wb>отьцьмъ
14792,<wb>ішьдъшемъ
14793,<wb>обіліе
14794,<wb>давѣ
14795,<wb>оупваніі
14796,<wb>хоудѣі
14797,нъінѧ
14798,<wb>положенѫ
14799,<wb>съблазна
14800,<wb>рімскъі
14801,<wb>псалмѣхъ
14802,<wb>бжьі
14803,<wb>пожіді
14804,<wb>ложіхъ
14805,<wb>непорочьно
14806,<wb>невідімаѣ
14807,<wb>млѣко
14808,<wb>ісѣченъ
14809,<wb>доуна
14810,<wb>пріпадъ
14811,<wb>забѫдѫ
14812,<wb>істіннъ
14813,<wb>желѣза
14814,<wb>обіло
14815,<wb>протівлѣахъ
14816,<wb>салаті
14817,<wb>оучѧштііхъ
14818,<wb>родьствоу
14819,<wb>владъічьство
14820,<wb>оубогааго
14821,чьшоу
14822,<wb>раб
14823,<wb>отъв
14824,<wb>талі
14825,<wb>свѣтъла
14826,рѣвъшѫ
14827,<wb>прістаніште
14828,<wb>которі
14829,тѣті
14830,тлъко
14831,<wb>оутврьдіте
14832,седе
14833,<wb>радоуемъ
14834,<wb>цвѣтьць
14835,<wb>слъішанъ
14836,<wb>съкроушеніі
14837,<wb>мѫчітельство
14838,<wb>бесѣдовавъ
14839,<wb>закхеі
14840,<wb>вѣровахъ
14841,штетънъіімъ
14842,<wb>оуча
14843,<wb>неродіті
14844,ньнікъ
14845,<wb>възвеселіті
14846,<wb>славънъіі
14847,<wb>малааго
14848,<wb>проіде
14849,<wb>елмі
14850,<wb>ісъіпа
14851,<wb>давъшоу
14852,<wb>тьмѫ
14853,мна
14854,<wb>славлѣаше
14855,<wb>хрість
14856,<wb>вьзмі
14857,<wb>недоставъшоу
14858,<wb>вьзьрѫ
14859,<wb>поустъінѣхъ
14860,піна
14861,<wb>пропіна
14862,<wb>віде
14863,<wb>слѣд
14864,<wb>неса
14865,<wb>непорочьнѣ
14866,<wb>попелъ
14867,<wb>беспльтьнъііхъ
14868,<wb>наоучілъ
14869,<wb>грѣшьнъіѧ
14870,<wb>ізбіва
14871,<wb>отълѫчѧтъ
14872,<wb>въспле
14873,<wb>обѧтрі
14874,<wb>правьдівъіі
14875,<wb>трѫбъі
14876,<wb>іскоушеніѣ
14877,<wb>ріто
14878,<wb>мартѫ
14879,<wb>іштезе
14880,<wb>самоу
14881,<wb>прібліжьшоу
14882,<wb>третіці
14883,<wb>поклонівъ
14884,<wb>юньцоу
14885,<wb>блізнець
14886,<wb>многамъ
14887,<wb>пожіветъ
14888,<wb>радоваті
14889,<wb>безаконьнъііхъ
14890,<wb>рождьства
14891,<wb>хвалоу
14892,<wb>бесловесь
14893,<wb>оукрѣпітъ
14894,<wb>прінесѫтъ
14895,<wb>велікоѭ
14896,<wb>члколюбівааго
14897,<wb>отънь
14898,<wb>оуготоваетъ
14899,ствьнъіѧ
14900,<wb>ізбавітель
14901,<wb>въікні
14902,<wb>възглаголю
14903,пѣте
14904,<wb>почръпѣте
14905,<wb>сълъга
14906,<wb>ослѣпье
14907,<wb>богородіцѧ
14908,<wb>напоіхомъ
14909,<wb>моленіѣ
14910,<wb>сѣлно
14911,номоу
14912,<wb>въпрашаѭтъ
14913,<wb>пѣше
14914,<wb>корео
14915,<wb>досажденіѣ
14916,дънъііхъ
14917,<wb>послоухоу
14918,аші
14919,<wb>пооучаті
14920,лъма
14921,<wb>съвѧзані
14922,<wb>оувъі
14923,<wb>льстіші
14924,<wb>ізмаі
14925,<wb>прівѣсъ
14926,тріі
14927,<wb>въздвігѫ
14928,<wb>блазнь
14929,<wb>сонъмѣ
14930,<wb>помагааше
14931,<wb>прііметь
14932,<wb>пріноудіті
14933,<wb>ѫродівъіѧ
14934,<wb>поть
14935,салма
14936,<wb>діѣпъсалма
14937,<wb>бъра
14938,<wb>оумръштве
14939,<wb>вѣрою
14940,<wb>облобъізаѭшті
14941,<wb>грѧдѫштема
14942,<wb>зьрі
14943,<wb>колѣно
14944,<wb>веріга
14945,<wb>вьнідѣте
14946,<wb>въмѣтаемо
14947,стецъ
14948,<wb>моухъі
14949,<wb>сапогъі
14950,<wb>демо
14951,<wb>соуетѣ
14952,<wb>оумлъчітъ
14953,<wb>обе
14954,<wb>вьсѭ
14955,<wb>чловѣчьстѣ
14956,<wb>маттеа
14957,<wb>възіштѫтъ
14958,<wb>дроуг
14959,неѭ
14960,<wb>цѣлованье
14961,<wb>ізлю
14962,<wb>просвѣштеніе
14963,<wb>конѧ
14964,<wb>въздрѣмашѧ
14965,<wb>разлічьнъіімі
14966,<wb>літоургію
14967,<wb>агломъ
14968,<wb>мітро
14969,<wb>печать
14970,жаетъ
14971,<wb>говорі
14972,чътъ
14973,<wb>іерѣомъ
14974,<wb>чародѣі
14975,<wb>пролішѧ
14976,<wb>ее
14977,правь
14978,<wb>славьно
14979,<wb>каплѣ
14980,<wb>възідѫ
14981,<wb>авілъ
14982,нюоумоу
14983,гаетъ
14984,<wb>маттатовъ
14985,<wb>окованъіхъ
14986,доуѭште
14987,<wb>анѳупата
14988,<wb>вьнідѫтъ
14989,<wb>вьзіскашѧ
14990,<wb>пріложішѧ
14991,<wb>ѫзъікъі
14992,<wb>посъіпа
14993,<wb>велііство
14994,<wb>ненавідѧштіхъ
14995,<wb>съкроушішѧ
14996,<wb>одѣнье
14997,<wb>прѣгрѣшеніѣ
14998,<wb>морьскъіѧ
14999,<wb>строітъ
15000,<wb>възвраштъше
15001,<wb>ізводѧ
15002,<wb>бъівші
15003,<wb>вьзлежѧшта
15004,<wb>сіонова
15005,<wb>благс
15006,<wb>прѣкръстівъ
15007,<wb>поклоніт
15008,кана
15009,<wb>длъгоу
15010,<wb>овьні
15011,<wb>поважда
15012,<wb>назнаменоу
15013,<wb>іспъітаѭштеі
15014,<wb>отъпадетъ
15015,<wb>оуспѣха
15016,<wb>велічаѭтъ
15017,<wb>ога
15018,<wb>сьвѣсть
15019,<wb>водьное
15020,<wb>глава
15021,<wb>безві
15022,<wb>саоулъ
15023,<wb>остръ
15024,<wb>іспълнь
15025,<wb>фінікъ
15026,<wb>істълі
15027,<wb>слъішатъ
15028,<wb>пріобьштіті
15029,<wb>основанье
15030,кон
15031,<wb>наріцааше
15032,<wb>посьлавъшааго
15033,<wb>істълѣ
15034,<wb>брі
15035,<wb>садоукеіхъ
15036,<wb>ізвръгѫ
15037,<wb>зълобѫ
15038,<wb>мѧса
15039,<wb>възла
15040,<wb>двьреі
15041,<wb>пожьреші
15042,<wb>запрьва
15043,<wb>съвалъ
15044,<wb>свѧтъіімі
15045,<wb>пѫчінѣ
15046,<wb>пріноужде
15047,<wb>множьствомъ
15048,<wb>разгъ
15049,<wb>зьванъіімъ
15050,<wb>слѣпьць
15051,<wb>іюдѣіскъі
15052,<wb>подвіжашѧ
15053,<wb>хваленъ
15054,<wb>оумльча
15055,<wb>поразоумѣ
15056,<wb>прѣкратілі
15057,<wb>разоумьно
15058,<wb>трѫбьнѣ
15059,<wb>ілю
15060,<wb>садоукеіска
15061,<wb>довьльно
15062,<wb>въсхоштетъ
15063,<wb>зълокъ
15064,<wb>зълокъзнь
15065,<wb>ідолъі
15066,<wb>такоѭ
15067,<wb>тъісѧшті
15068,тъіръ
15069,<wb>вражіѣ
15070,<wb>ходілъ
15071,<wb>оупьваѭ
15072,<wb>прокажені
15073,<wb>рогъі
15074,<wb>въстѧ
15075,<wb>гѫслехъ
15076,<wb>бжью
15077,<wb>ослабіті
15078,вшемъ
15079,<wb>поносѧтъ
15080,<wb>іскоренітъ
15081,<wb>озіра
15082,<wb>бліж
15083,<wb>побѣждѫ
15084,шъѭ
15085,<wb>бъшъѭ
15086,дое
15087,<wb>презвутера
15088,<wb>посълеші
15089,<wb>възвѣштаі
15090,<wb>патріархоу
15091,<wb>падъші
15092,<wb>въздъіханіѣ
15093,<wb>вьзлюбівъ
15094,<wb>ѣлъ
15095,<wb>вьселѧтъ
15096,хваль
15097,<wb>прѣхваль
15098,<wb>прославіті
15099,<wb>плавъі
15100,<wb>авілініеѭ
15101,<wb>прѣстані
15102,ту
15103,<wb>еуту
15104,<wb>въскрьсні
15105,<wb>ставьѣхѫ
15106,гонѧ
15107,<wb>бъіваемое
15108,<wb>навъікнѫті
15109,<wb>възвелічітъ
15110,<wb>гребъше
15111,<wb>порадоуѭтъ
15112,хіѧ
15113,<wb>подрѣжа
15114,<wb>насладітъ
15115,<wb>псаное
15116,<wb>гобь
15117,<wb>нанѣмь
15118,<wb>помѣнѫхъ
15119,<wb>вьзішті
15120,<wb>богаті
15121,тоупа
15122,<wb>маръка
15123,<wb>вьнѣш
15124,<wb>пажіті
15125,<wb>въсхвалішѧ
15126,нънѫѭ
15127,<wb>мѣхъ
15128,<wb>пріклоу
15129,<wb>поношаашете
15130,<wb>ігоуме
15131,<wb>одръжѧштѧѧ
15132,<wb>въкоусівъше
15133,<wb>ісомъ
15134,<wb>оупъваѭштѧѧ
15135,<wb>покръіетъ
15136,<wb>покро
15137,<wb>пожръшѧ
15138,<wb>заштітітелъ
15139,<wb>оужасѣ
15140,<wb>обратілъ
15141,<wb>прігвожденъ
15142,<wb>ереті
15143,<wb>благословествітъ
15144,бѧі
15145,<wb>сътрѧса
15146,<wb>оуставъ
15147,<wb>блѫда
15148,<wb>распалі
15149,<wb>отъріні
15150,<wb>коньчаетъ
15151,<wb>заштітітель
15152,<wb>мьстіті
15153,<wb>оуслъішѫ
15154,<wb>растетъ
15155,<wb>ѣзвьнъ
15156,<wb>ходіхъ
15157,<wb>жівотворі
15158,<wb>потръпѣхъ
15159,<wb>надежда
15160,<wb>посѫ
15161,<wb>такъжде
15162,<wb>ізлѣзъшоу
15163,<wb>благовѣрь
15164,<wb>падъша
15165,<wb>епіскопа
15166,дшоу
15167,расті
15168,<wb>рікаѧ
15169,<wb>таковъіімъ
15170,<wb>съвѣтъі
15171,<wb>печальмі
15172,<wb>чскааго
15173,<wb>віноград
15174,<wb>коніхъ
15175,<wb>сіцево
15176,<wb>оугнѣта
15177,<wb>істіньнъі
15178,<wb>прѣшедъшоу
15179,<wb>коньцѧ
15180,<wb>еуаггеліѧ
15181,<wb>відіть
15182,<wb>кланѣемь
15183,<wb>пот
15184,<wb>неправедъна
15185,<wb>вьзнесеші
15186,<wb>агаріні
15187,<wb>жівѫштѧѧ
15188,<wb>благословестве
15189,<wb>солъгашѧ
15190,<wb>блѫдніца
15191,<wb>ісконъча
15192,<wb>ігоумена
15193,къіхъ
15194,<wb>възмѫштеніѣ
15195,<wb>бжъ
15196,<wb>просвѣштаеші
15197,<wb>васіле
15198,<wb>ребръ
15199,<wb>ісоусоу
15200,<wb>свѣтіла
15201,<wb>дъхнове
15202,<wb>ѧта
15203,<wb>оуглѫбі
15204,<wb>насъіштѫ
15205,<wb>евангеліе
15206,<wb>кагана
15207,<wb>скоу
15208,<wb>затворішѧ
15209,<wb>нечьстівъіхъ
15210,<wb>іскоусілъ
15211,<wb>мір
15212,<wb>варавѫ
15213,<wb>оуѧдрі
15214,<wb>славѧтъ
15215,<wb>дѣлаѧ
15216,<wb>въселітъ
15217,<wb>ніштааго
15218,<wb>срцмь
15219,жілъ
15220,<wb>мнѣахѫ
15221,<wb>бесъмрь
15222,<wb>въздъіханьѣ
15223,<wb>старѣішінъство
15224,<wb>лъстівъіѧ
15225,<wb>црствіа
15226,<wb>чѧстъ
15227,<wb>члчѧ
15228,<wb>кръстіѣна
15229,<wb>геонѣ
15230,жьніі
15231,<wb>състрѣлѣті
15232,<wb>вънѧтъ
15233,<wb>прѣклонітъ
15234,<wb>богатъіі
15235,<wb>облобъізавъ
15236,<wb>оувѧза
15237,давьца
15238,<wb>вьскрі
15239,<wb>сінеі
15240,вьеніімъ
15241,<wb>пагоубѣ
15242,<wb>спні
15243,<wb>съмѣренье
15244,<wb>сьвѧзьнѣ
15245,птаахѫ
15246,<wb>вражьѣ
15247,<wb>вѣсті
15248,магаѭтъ
15249,<wb>възмагаѭтъ
15250,<wb>прідоста
15251,<wb>длъжьнікъ
15252,<wb>шестокрі
15253,<wb>текѫшті
15254,<wb>оцѣстітъ
15255,ненію
15256,<wb>вьселітъ
15257,<wb>поперетъ
15258,<wb>садукеіска
15259,корѣ
15260,нскоу
15261,тніка
15262,<wb>пѣнііхъ
15263,<wb>повѣдаі
15264,<wb>прѣобідіші
15265,<wb>множъ
15266,<wb>глѭштѧѧ
15267,<wb>законопрѣстѫпьніці
15268,<wb>оупьванье
15269,<wb>окаѣне
15270,<wb>ізнеможете
15271,<wb>вьсѣѣ
15272,<wb>хоштет
15273,салъма
15274,<wb>діѣпъсалъма
15275,<wb>невідімааго
15276,<wb>трѣбішта
15277,<wb>работаіте
15278,<wb>жьрѫтъ
15279,сеші
15280,зомъ
15281,<wb>обѫ
15282,<wb>въложітъ
15283,<wb>възвѣштаѧ
15284,<wb>оупьвахъ
15285,знъ
15286,<wb>собьрашѧ
15287,<wb>шѧ
15288,<wb>плодо
15289,<wb>обѣдоуіте
15290,<wb>протръже
15291,<wb>дѣтьмі
15292,<wb>плънѫ
15293,<wb>чоудъна
15294,<wb>ізлѣзѫ
15295,<wb>влѣкѫште
15296,<wb>лак
15297,<wb>пріемлет
15298,лѣше
15299,<wb>пріложівъ
15300,<wb>ловітъ
15301,<wb>страстьнікъ
15302,<wb>козъ
15303,<wb>зіж
15304,ждіі
15305,шіѣ
15306,вратівъ
15307,чьскаѣ
15308,ноуілева
15309,<wb>фаноуілева
15310,<wb>врътъпѣ
15311,<wb>проба
15312,<wb>пробасѧ
15313,<wb>прідѣшѧ
15314,<wb>плънъ
15315,<wb>зълосъ
15316,шеноу
15317,жені
15318,<wb>еврѣіскъі
15319,віѭ
15320,<wb>істоука
15321,тла
15322,<wb>палаті
15323,<wb>трѣбоуѭштіімъ
15324,нічі
15325,<wb>панічі
15326,<wb>пріносіте
15327,<wb>тьсть
15328,<wb>малхъ
15329,<wb>съмьр
15330,<wb>емлѧ
15331,дръска
15332,<wb>кедръска
15333,рѣетъ
15334,<wb>съвръшіхъ
15335,<wb>істінънааго
15336,<wb>разідетъ
15337,<wb>нікоѧже
15338,<wb>распьнѫтъ
15339,<wb>съблюдѫтъ
15340,<wb>моужі
15341,<wb>възненавідѣхъ
15342,<wb>любілъ
15343,<wb>прѣбъіваѭ
15344,<wb>сѣаніі
15345,<wb>творѧштѫ
15346,<wb>посьлетъ
15347,<wb>ідевѣ
15348,фь
15349,ренъі
15350,<wb>оуготоваѭ
15351,<wb>любьвь
15352,<wb>повѣдаѭ
15353,<wb>подамъ
15354,<wb>нападъ
15355,<wb>реченомъ
15356,<wb>правъіімъ
15357,<wb>сьподобье
15358,<wb>отіраті
15359,вальніцѫ
15360,<wb>оумъівальніцѫ
15361,<wb>газофілакіі
15362,<wb>вьзлюбішѧ
15363,<wb>оупъваетъ
15364,<wb>вьзнесті
15365,ноут
15366,<wb>ожестіте
15367,<wb>дѣлесемь
15368,<wb>сімонь
15369,<wb>храміна
15370,<wb>нарда
15371,<wb>каінъ
15372,<wb>ефремъ
15373,<wb>прішьдъшеі
15374,<wb>обѧзано
15375,<wb>обѧзанъ
15376,<wb>ізлѣзеші
15377,<wb>невѣрънъііхъ
15378,<wb>желаетъ
15379,<wb>елѣ
15380,<wb>леугіѭ
15381,<wb>смръдітъ
15382,<wb>стъідіші
15383,<wb>хероуві
15384,<wb>понесетъ
15385,<wb>оумьремъ
15386,ліемъ
15387,тете
15388,<wb>въсхъітітъ
15389,<wb>прітворѣ
15390,бахъ
15391,<wb>іілі
15392,<wb>распѫдітъ
15393,<wb>ісплъненѫ
15394,<wb>сръдьцоу
15395,<wb>всѭ
15396,<wb>слъішано
15397,<wb>съложілі
15398,<wb>отъвѣштасте
15399,<wb>препо
15400,<wb>оумъівъ
15401,<wb>брьнье
15402,<wb>свѣтіті
15403,<wb>съблюдаѭ
15404,<wb>славѧі
15405,<wb>дьстѣ
15406,<wb>послѣдьнѣѣ
15407,<wb>пріпадошѧ
15408,<wb>отчоу
15409,<wb>съвѣдѣтельствоуеші
15410,<wb>оуставомъ
15411,<wb>жѧждетъ
15412,<wb>соушта
15413,<wb>непороченъ
15414,<wb>оучь
15415,<wb>хрістосомъ
15416,<wb>льстітъ
15417,<wb>болюбі
15418,<wb>вьзідѣте
15419,<wb>продаеші
15420,ждаемъ
15421,<wb>добьѣ
15422,<wb>блазнітъ
15423,<wb>ръпъштѫтъ
15424,чаѣ
15425,<wb>слоушаті
15426,<wb>піво
15427,<wb>сънѣсте
15428,<wb>пьрѣахѫ
15429,<wb>капіто
15430,ліѧ
15431,<wb>льстьца
15432,<wb>дѣлаеші
15433,<wb>дѫб
15434,<wb>пъсалъ
15435,<wb>прѣбра
15436,<wb>дъіхаѭштоу
15437,<wb>прочіімь
15438,<wb>ізбъішѧ
15439,<wb>кръкъігѫ
15440,<wb>імалі
15441,<wb>пріемлѭште
15442,<wb>чаете
15443,<wb>онѣмь
15444,<wb>вѣровав
15445,<wb>отъвѣштаетъ
15446,<wb>содомомъ
15447,<wb>обрѣтаѧ
15448,<wb>чоудіте
15449,<wb>належааше
15450,<wb>мльчанію
15451,<wb>оугасаетъ
15452,<wb>недѫгомъ
15453,кліца
15454,<wb>жѧтъ
15455,<wb>кланѣете
15456,<wb>съвьрь
15457,<wb>пітъ
15458,<wb>мльчаахѫ
15459,<wb>коупь
15460,<wb>лаетъ
15461,<wb>небсъ
15462,<wb>псалъ
15463,<wb>авѧтъ
15464,<wb>жьзла
15465,<wb>дѣашѧ
15466,<wb>неводоу
15467,<wb>козъі
15468,<wb>лао
15469,<wb>лаодікіі
15470,<wb>разоріте
15471,<wb>връвіі
15472,<wb>ае
15473,<wb>оупіѭтъ
15474,<wb>наплъніте
15475,<wb>мінѫвъші
15476,връженъ
15477,рамъ
15478,<wb>мѣрамъ
15479,<wb>велічаніе
15480,<wb>оупъванъе
15481,<wb>длъжьніка
15482,<wb>оуале
15483,<wb>въсходѧштѧ
15484,<wb>пріставлѣатъ
15485,<wb>острі
15486,<wb>неплодь
15487,<wb>въслѣ
15488,ваѭштѧѧ
15489,<wb>кіфа
15490,<wb>мльчѧ
15491,<wb>мѫдро
15492,<wb>съвѣдѣтельствовахъ
15493,<wb>крьстѧі
15494,<wb>лоунѫ
15495,<wb>дѣвіцъ
15496,<wb>небесъское
15497,<wb>спсні
15498,ѳѣ
15499,<wb>вьпіѭште
15500,<wb>разгнѣвашѧ
15501,<wb>оученік
15502,<wb>пече
15503,<wb>наказанье
15504,<wb>оувѧждаетъ
15505,<wb>ахо
15506,<wb>гъібнѫ
15507,<wb>сладько
15508,<wb>сътѧзаѭштема
15509,<wb>оусѣкнѫті
15510,маоусъ
15511,нѣше
15512,<wb>бъівъшоумоу
15513,<wb>поклоньшамъ
15514,<wb>мѣсѧці
15515,<wb>въздръжѧ
15516,<wb>сътворьшѫѭ
15517,<wb>положено
15518,<wb>ведѣте
15519,любье
15520,<wb>ніі
15521,<wb>знаеміі
15522,<wb>лъстіва
15523,<wb>позоръ
15524,<wb>обѣшеноую
15525,<wb>елеоньскѫѭ
15526,<wb>съітость
15527,<wb>плѣвьніцѫ
15528,<wb>нѣчьто
15529,сновеніі
15530,<wb>оубітъ
15531,<wb>жілішті
15532,<wb>горамъ
15533,мъісліті
15534,<wb>пльваахѫ
15535,томоу
15536,<wb>прілежаахѫ
15537,<wb>влѣчаахѫ
15538,<wb>свѣтълѫ
15539,<wb>желѣѧ
15540,<wb>велічаі
15541,<wb>ножемъ
15542,<wb>наоучіші
15543,кръмь
15544,<wb>оукрѣплѣѧ
15545,<wb>ісоуха
15546,<wb>мъздо
15547,<wb>мрьтвъіімі
15548,<wb>оуправьеніе
15549,<wb>спаѭштаго
15550,<wb>вьзлежѧі
15551,<wb>славънъі
15552,<wb>съмрьтънѫѭ
15553,<wb>ѣвьѣ
15554,<wb>члчьскъі
15555,<wb>чінь
15556,<wb>сънѣмь
15557,<wb>сърѧштетъ
15558,<wb>пріімъі
15559,<wb>крьштьшоу
15560,<wb>слъішав
15561,<wb>хотѧштіхъ
15562,гнѣте
15563,<wb>нбсъное
15564,<wb>възмѫштеніі
15565,<wb>чааніѣ
15566,<wb>твора
15567,<wb>звѣздахъ
15568,<wb>невідѣ
15569,<wb>пріемше
15570,<wb>оумрътвѧтъ
15571,<wb>възвраштаѭштемъ
15572,<wb>сьвѣдѣтелѣ
15573,<wb>ведомъі
15574,<wb>нестроеніѣ
15575,<wb>оубогѫ
15576,<wb>възмѣ
15577,<wb>вѣчьнѣмь
15578,<wb>странънъімъ
15579,<wb>вѣньчані
15580,<wb>оумъретъ
15581,дьмі
15582,<wb>жегомі
15583,<wb>ізведъше
15584,<wb>възѧсте
15585,<wb>зълъіімі
15586,<wb>дѣтель
15587,<wb>апа
15588,<wb>глаголемъііхъ
15589,<wb>мрьтвѣ
15590,<wb>плакавъ
15591,<wb>пѣнѧжьнікомъ
15592,<wb>грѧдѣахѫ
15593,<wb>сѣдѧшті
15594,<wb>повелѣваѧ
15595,<wb>оуброусѣ
15596,драаго
15597,<wb>прідѣла
15598,<wb>авраамль
15599,<wb>четворі
15600,<wb>четворіцеѭ
15601,рѧт
15602,<wb>сътворѧт
15603,<wb>рова
15604,<wb>жоупі
15605,<wb>разоумѣлъ
15606,<wb>веселіемь
15607,<wb>ігь
15608,<wb>ігьлінѣ
15609,<wb>застоітъ
15610,<wb>побѣдіхъ
15611,<wb>длъзѣ
15612,<wb>сѫпьрѣ
15613,<wb>непрѣста
15614,<wb>веньѣ
15615,<wb>възіштетъ
15616,<wb>помінаіте
15617,<wb>свьтітъ
15618,<wb>рожденое
15619,<wb>поженѣте
15620,<wb>члвскааго
15621,<wb>земьнъііхъ
15622,<wb>неключімааго
15623,<wb>прѣпоѣсавъ
15624,<wb>вечерѣѭ
15625,<wb>послоушала
15626,<wb>каѭ
15627,дѣмь
15628,<wb>двер
15629,чъное
15630,<wb>прѣдъідеші
15631,<wb>кнігамі
15632,<wb>къснѧтінѣ
15633,<wb>чвкъ
15634,<wb>несеноу
15635,<wb>ніштоумоу
15636,<wb>которъіімъ
15637,<wb>вънѫтрьѭдоу
15638,<wb>въісоко
15639,<wb>вънідѫтъ
15640,<wb>подрѣжаахѫ
15641,<wb>пространьство
15642,<wb>въноуші
15643,<wb>пламенъ
15644,рѣвъша
15645,<wb>заматорѣвъша
15646,<wb>маловрѣменьнааго
15647,<wb>помра
15648,ньнъіі
15649,<wb>ізнесѣте
15650,<wb>пріріштѫште
15651,<wb>отрѣбітъ
15652,<wb>іждівъшоу
15653,<wb>достоінѫѭ
15654,<wb>объіклъ
15655,<wb>відѣвъшѧ
15656,<wb>драг
15657,тьскоу
15658,<wb>ошедъше
15659,<wb>прібліжаѭште
15660,<wb>пророчьскъі
15661,<wb>страстотрь
15662,<wb>мъші
15663,<wb>зъдаті
15664,<wb>въкоусітъ
15665,<wb>наплънітъ
15666,<wb>халѫ
15667,<wb>стъгнъі
15668,<wb>сѫпрѫ
15669,<wb>оудолѣ
15670,<wb>зъвавъ
15671,<wb>посѧді
15672,<wb>зъвавъіі
15673,<wb>насаділъ
15674,<wb>омі
15675,<wb>начьнеші
15676,<wb>сѫсѣді
15677,<wb>госпождѧ
15678,здо
15679,<wb>гнѣздо
15680,жаіте
15681,<wb>дівііхъ
15682,<wb>неповіннѫ
15683,лѣшті
15684,<wb>тлѣшті
15685,снаа
15686,роусалімъ
15687,<wb>събіраахѫ
15688,<wb>бъіваѭштііхъ
15689,<wb>волоу
15690,<wb>негодоуѧ
15691,<wb>недѫга
15692,<wb>разоумѣвъші
15693,<wb>вітатъ
15694,<wb>еліномъ
15695,<wb>съвѣт
15696,<wb>ізмъі
15697,<wb>жрътвамі
15698,ѭштіѣ
15699,ѣнъ
15700,<wb>тѫча
15701,<wb>хромоу
15702,<wb>оуде
15703,<wb>въздрадовалі
15704,<wb>істлѣ
15705,<wb>посадітъ
15706,<wb>бьдѧштѧ
15707,<wb>тлъкнѫвъшоу
15708,надесѧ
15709,<wb>въчьнетъ
15710,<wb>отча
15711,<wb>пьрі
15712,<wb>прѣпоѣсана
15713,<wb>чрѣсла
15714,<wb>татъ
15715,<wb>продадіте
15716,<wb>отъврьже
15717,<wb>безоумьне
15718,<wb>славънъіѧ
15719,<wb>жіта
15720,<wb>мілосръдъ
15721,<wb>ноудіті
15722,<wb>прьвѫѭ
15723,<wb>іштьтені
15724,<wb>пѣнѧзема
15725,<wb>вѣнітъ
15726,<wb>калі
15727,аті
15728,<wb>покаетъ
15729,<wb>гнѣваті
15730,<wb>ключь
15731,<wb>авелѣ
15732,<wb>біѧ
15733,<wb>страноѭ
15734,<wb>оубогаѣ
15735,<wb>безоумьні
15736,<wb>плъна
15737,<wb>пьтіца
15738,<wb>сладъкъіѧ
15739,<wb>обле
15740,<wb>корість
15741,<wb>нѣже
15742,<wb>мьчь
15743,воулѣ
15744,<wb>вельзѣвоулѣ
15745,<wb>відѧштіімъ
15746,<wb>благъінѧ
15747,<wb>братрьѧ
15748,<wb>іспросѧтъ
15749,<wb>дѣлесемъ
15750,<wb>бъівшааго
15751,чімъ
15752,<wb>ізвѣтъ
15753,<wb>славно
15754,піѧ
15755,<wb>млъніѭ
15756,<wb>туроу
15757,<wb>распѫтьѣ
15758,<wb>показааше
15759,<wb>естъства
15760,<wb>оуправленъ
15761,<wb>мрътвъімъ
15762,<wb>ръідаѭштемъ
15763,<wb>емлѭтъ
15764,<wb>остѫпаѭтъ
15765,<wb>въложіте
15766,<wb>вьстѫжішѧ
15767,<wb>съшедъшемъ
15768,<wb>възлюбленъіі
15769,<wb>отѧгъ
15770,<wb>прѣдъложіті
15771,<wb>прѣбьі
15772,<wb>ісакіѣ
15773,<wb>разоумѣвъше
15774,<wb>відъсаіда
15775,<wb>цѣлѧште
15776,<wb>прѣобідѣвъше
15777,<wb>прохождаахѫ
15778,<wb>съходѧштоу
15779,<wb>гнетѫтъ
15780,<wb>проідѫтъ
15781,<wb>нарекль
15782,<wb>зьлобъі
15783,<wb>ізбавленіѣ
15784,<wb>одръжімі
15785,<wb>істопе
15786,<wb>овѣ
15787,<wb>седміцеѭ
15788,<wb>пьрвѣе
15789,<wb>нераздрѣ
15790,<wb>словес
15791,хоуль
15792,<wb>оуклоніхъ
15793,кіоу
15794,<wb>прѣідошѧ
15795,<wb>боуренъ
15796,<wb>соуса
15797,шьмі
15798,<wb>наслѣдъствоуѭ
15799,<wb>старьца
15800,<wb>отьре
15801,<wb>пѧтьѭ
15802,<wb>дінарь
15803,<wb>какова
15804,<wb>оувѣдѣвъші
15805,<wb>грѣшъніца
15806,<wb>пропѧтаѣ
15807,<wb>влъшъствомъ
15808,<wb>ізношаахѫ
15809,<wb>наінъ
15810,<wb>вънідеші
15811,шенъііхъ
15812,<wb>раздроушеніе
15813,вънъіімъ
15814,<wb>драгъ
15815,<wb>знаемь
15816,<wb>ѫжікъі
15817,<wb>сѫдѧі
15818,чъѭ
15819,<wb>тъчъѭ
15820,<wb>отемлѭ
15821,<wb>лов
15822,<wb>оутѣхѫ
15823,<wb>нагь
15824,<wb>раздаі
15825,<wb>поморіѣ
15826,<wb>архіеппъ
15827,<wb>содомьсцѣ
15828,<wb>равьнѣ
15829,торіті
15830,<wb>антоупа
15831,<wb>прѣльшта
15832,<wb>прѣвъ
15833,<wb>істіраѭште
15834,<wb>срамлѣѧ
15835,<wb>піѭтъ
15836,<wb>тѫжааше
15837,<wb>козьлѧте
15838,<wb>помъішлѣті
15839,<wb>члвче
15840,<wb>бесѣдоѭ
15841,<wb>галілеіскъі
15842,<wb>хотѣхѫ
15843,<wb>законооучітеле
15844,<wb>ѣдѧі
15845,<wb>сънемлѭтъ
15846,<wb>ізвезъше
15847,<wb>лѣпа
15848,<wb>одръжааше
15849,<wb>прічѧстьнікомъ
15850,рскъіі
15851,<wb>поплѣ
15852,<wb>належѧштоу
15853,<wb>въпіѭште
15854,<wb>етерѣ
15855,<wb>свтѣ
15856,<wb>пророцѣ
15857,<wb>месе
15858,<wb>въдовіці
15859,нъскѫѭ
15860,<wb>вісі
15861,<wb>нікоторъі
15862,<wb>оушію
15863,<wb>съньмішті
15864,<wb>прозьрѣніе
15865,<wb>неіс
15866,<wb>послоужіші
15867,<wb>ожідаѭ
15868,<wb>сьбла
15869,<wb>немоуже
15870,<wb>добропо
15871,<wb>прімікіріі
15872,<wb>блізнецъ
15873,кса
15874,<wb>алфеова
15875,іна
15876,<wb>множаіші
15877,<wb>родѧі
15878,<wb>назарѣніна
15879,<wb>ізгоні
15880,<wb>прѣлюбодѣаніѣ
15881,<wb>прінесете
15882,<wb>левьгіінъ
15883,<wb>възьрѣвъшѧ
15884,<wb>съкроушілъ
15885,<wb>поштѧді
15886,<wb>съмѣреніі
15887,рокъі
15888,<wb>оброкъі
15889,<wb>творѧштее
15890,<wb>ісповѣдѣхъ
15891,<wb>іштѧдіѣ
15892,<wb>оудалілъ
15893,<wb>остріі
15894,<wb>четврътовластъствоуѭштоу
15895,<wb>обладаѭштоу
15896,<wb>пѧтое
15897,<wb>спѣаше
15898,<wb>просівѣ
15899,пьтьскъі
15900,аховѣ
15901,<wb>скръбѧшта
15902,<wb>юнѣі
15903,<wb>дівісте
15904,<wb>ленті
15905,<wb>отъвѣтѣхъ
15906,кохомъ
15907,<wb>вьстѧза
15908,<wb>обрѣтъша
15909,<wb>іскаашете
15910,<wb>благословьеніі
15911,<wb>хождаашете
15912,<wb>охождааше
15913,<wb>блѫдніцѧ
15914,<wb>онѣма
15915,<wb>нѣчъто
15916,<wb>чоудѧшта
15917,<wb>грѣшьнікоу
15918,<wb>мльчаніе
15919,<wb>оутѣхъі
15920,<wb>родівъшааго
15921,<wb>ложесна
15922,<wb>развръзаѧ
15923,<wb>дѣтіштъ
15924,<wb>обрѣжѫтъ
15925,<wb>патріаршъ
15926,нмь
15927,<wb>болшее
15928,<wb>младенецъ
15929,<wb>стадѣ
15930,<wb>бьдѧште
15931,<wb>непраздъноѭ
15932,<wb>обрѫченѫѭ
15933,<wb>болѣръ
15934,ждівеші
15935,<wb>владѫштоу
15936,<wb>пѣнамі
15937,рѣта
15938,<wb>дсѣ
15939,<wb>бестьлѣ
15940,<wb>змь
15941,саіда
15942,<wb>відь
15943,<wb>благодарѫ
15944,<wb>пъше
15945,сънаѣ
15946,<wb>въсклоніті
15947,<wb>болѧштііхъ
15948,<wb>жідовьстѣ
15949,<wb>обрѣзатъ
15950,<wb>дрьзнове
15951,<wb>рожденіе
15952,<wb>оукрѣпішѧ
15953,<wb>помѣнѫті
15954,<wb>прьстъ
15955,<wb>сілънъі
15956,<wb>протѧже
15957,<wb>прославлѣ
15958,<wb>марііно
15959,<wb>безмѣ
15960,<wb>зачь
15961,<wb>іердана
15962,<wb>помажі
15963,<wb>авраам
15964,<wb>жівоуть
15965,<wb>ісходіть
15966,<wb>скрьжьштетъ
15967,<wb>воз
15968,<wb>оудръжѫ
15969,<wb>почіті
15970,<wb>пьѭште
15971,<wb>съвръшенъі
15972,<wb>зані
15973,<wb>теченье
15974,<wb>подвізаіте
15975,<wb>олтарѣ
15976,<wb>ніштетъі
15977,<wb>покадіті
15978,<wb>свьтѣніѣ
15979,<wb>ключі
15980,<wb>прокъііхъ
15981,<wb>непорочьна
15982,<wb>ноздрі
15983,<wb>ізбавьеніе
15984,<wb>слоужѧштоу
15985,<wb>владъічьствіѣ
15986,<wb>цръкве
15987,<wb>въгодьнікъ
15988,пѣті
15989,філе
15990,офіле
15991,<wb>теофіле
15992,<wb>бъівъшеі
15993,<wb>вештехъ
15994,<wb>помѧнѫвъше
15995,<wb>рожденіѣ
15996,<wb>теліцѫ
15997,гаше
15998,<wb>іспрошеніі
15999,<wb>ожідахъ
16000,<wb>рьвь
16001,<wb>отьчьствіі
16002,<wb>ръцѣте
16003,штаѭштііхъ
16004,<wb>неправьденъ
16005,<wb>едінъіі
16006,<wb>съмъіслъно
16007,<wb>неправедьнѣемь
16008,<wb>бѫдета
16009,<wb>въспоемъ
16010,<wb>рекъшііхъ
16011,<wb>благовѣстітъ
16012,<wb>галілеіхъ
16013,<wb>строіті
16014,<wb>отътрѧса
16015,<wb>облѧзі
16016,<wb>істіньнъіі
16017,<wb>жоупа
16018,<wb>жідовіне
16019,<wb>оукорішѧ
16020,<wb>съгрѣшь
16021,<wb>въставъша
16022,плътъ
16023,<wb>бесплътъ
16024,<wb>іспъітаетъ
16025,<wb>кесарева
16026,<wb>просвѣштенье
16027,<wb>въсчоу
16028,лѫште
16029,<wb>благообра
16030,<wb>коую
16031,<wb>олѣѣ
16032,<wb>дроугъіхъ
16033,<wb>алі
16034,<wb>плачѫштеі
16035,<wb>остань
16036,<wb>пропьнъше
16037,новъі
16038,<wb>вьзъметъ
