38|16,39
38|23,40
38|18,41
12|35,42
32|6,43
38|37,44
38|10,45
6|16,46
38|12,47
15|11,48
38|31,49
38|11,50
38|14,51
32|16,52
38|34,53
32|11,54
14|6,55
41|6,56
44|21,57
28|12,58
13|12,59
10|16,60
21|17,61
45|11,62
18|12,63
38|32,64
38|28,65
36|17,66
44|12,67
45|17,68
23|32,69
40|24,70
38|48,71
38|13,72
38|42,73
36|16,74
40|6,75
9|6,76
38|17,77
38|33,78
34|11,79
38|21,80
41|25,81
2|11,82
8|11,83
47|43,84
10|12,85
34|17,86
18|33,87
14|42,88
34|16,89
57|16,90
2|54,91
18|6,92
36|12,93
32|17,94
21|16,95
21|33,96
23|43,97
10|6,98
78|59,99
38|19,100
21|6,101
10|17,102
18|17,103
36|33,104
53|17,105
14|25,106
39|23,107
51|12,108
38|8,109
2|24,110
18|16,111
49|12,112
34|6,113
34|33,114
32|12,115
2|16,116
21|12,117
10|33,118
10|25,119
38|61,120
40|11,121
45|16,122
14|16,123
15|16,124
21|25,125
10|11,126
57|33,127
80|11,128
23|16,129
65|66,130
64|63,131
36|11,132
32|25,133
13|17,134
50|58,135
38|9,136
36|6,137
13|6,138
10|46,139
41|33,140
128|83,141
31|12,142
14|17,143
50|88,144
2|94,145
18|11,146
23|52,147
13|46,148
40|63,149
72|6,150
34|12,151
41|17,152
36|25,153
49|46,154
81|23,155
53|12,156
38|43,157
2|17,158
40|16,159
56|19,160
50|97,161
47|31,162
69|17,163
57|12,164
49|33,165
2|52,166
41|16,167
39|19,168
37|12,169
23|17,170
100|17,171
14|12,172
23|6,173
21|11,174
34|30,175
64|12,176
17|82,177
38|74,178
10|30,179
18|25,180
14|33,181
36|7,182
2|32,183
38|59,184
8|16,185
38|26,186
9|30,187
34|25,188
65|36,189
40|25,190
21|42,191
19|6,192
16|76,193
24|43,194
51|16,195
9|12,196
31|16,197
44|17,198
23|11,199
60|11,200
77|91,201
40|30,202
17|59,203
16|55,204
31|33,205
14|11,206
32|63,207
45|6,208
36|46,209
39|55,210
28|86,211
28|17,212
17|58,213
69|25,214
26|16,215
17|187,216
69|12,217
26|17,218
18|46,219
41|11,220
47|32,221
73|142,222
38|58,223
49|30,224
38|24,225
51|24,226
39|48,227
36|42,228
8|25,229
19|17,230
79|43,231
75|207,232
23|33,233
120|19,234
15|79,235
38|124,236
41|46,237
38|54,238
49|66,239
41|12,240
51|17,241
23|54,242
37|16,243
83|60,244
136|12,245
51|85,246
11|58,247
167|114,248
50|89,249
53|33,250
40|32,251
28|6,252
28|46,253
37|17,254
11|43,255
130|58,256
15|25,257
87|145,258
26|33,259
152|55,260
232|95,261
81|19,262
23|12,263
155|33,264
21|24,265
8|17,266
34|46,267
39|143,268
40|93,269
34|42,270
53|25,271
2|25,272
13|42,273
10|42,274
34|24,275
60|16,276
49|11,277
15|17,278
38|182,279
31|25,280
23|24,281
14|24,282
51|30,283
189|3,284
14|46,285
73|244,286
31|11,287
157|16,288
43|16,289
77|192,290
100|11,291
26|11,292
36|30,293
53|11,294
50|48,295
51|11,296
60|33,297
45|12,298
39|76,299
65|16,300
40|17,301
36|24,302
44|16,303
3|43,304
40|94,305
80|33,306
57|17,307
99|48,308
169|87,309
80|12,310
64|203,311
19|25,312
50|129,313
40|209,314
31|6,315
21|30,316
50|211,317
51|25,318
32|33,319
19|16,320
56|23,321
18|101,322
38|52,323
183|42,324
31|46,325
13|30,326
45|33,327
84|258,328
108|16,329
64|33,330
107|6,331
72|17,332
40|33,333
31|17,334
28|42,335
45|46,336
18|30,337
40|66,338
21|46,339
92|82,340
67|23,341
14|30,342
53|191,343
23|148,344
109|36,345
108|11,346
131|11,347
251|61,348
23|25,349
80|30,350
154|97,351
2|6,352
51|33,353
109|25,354
49|61,355
238|205,356
149|11,357
2|42,358
39|12,359
44|11,360
183|24,361
224|231,362
26|25,363
296|126,364
156|31,365
47|98,366
220|74,367
120|89,368
65|61,369
186|33,370
239|58,371
69|63,372
64|17,373
64|24,374
10|24,375
72|203,376
47|133,377
19|46,378
314|158,379
8|24,380
18|24,381
114|54,382
2|133,383
23|134,384
68|117,385
65|96,386
121|58,387
19|33,388
11|55,389
64|42,390
59|55,391
49|124,392
3|91,393
109|115,394
38|20,395
127|113,396
93|87,397
62|88,398
107|52,399
97|16,400
139|16,401
51|6,402
18|42,403
198|148,404
47|163,405
234|42,406
37|61,407
67|173,408
60|138,409
16|54,410
39|7,411
82|113,412
67|146,413
39|181,414
108|74,415
90|79,416
277|19,417
93|124,418
202|43,419
109|397,420
56|163,421
49|17,422
40|98,423
149|16,424
69|30,425
131|95,426
100|6,427
53|16,428
155|11,429
50|23,430
15|24,431
9|17,432
37|25,433
2|30,434
42|88,435
121|205,436
318|118,437
249|98,438
69|111,439
89|54,440
189|24,441
269|63,442
49|6,443
127|86,444
269|146,445
26|6,446
119|11,447
40|12,448
413|104,449
18|61,450
291|14,451
39|79,452
49|16,453
196|55,454
23|169,455
408|66,456
336|118,457
41|66,458
65|25,459
41|61,460
37|6,461
131|16,462
37|42,463
47|23,464
85|11,465
39|282,466
37|33,467
72|25,468
40|87,469
15|86,470
139|24,471
162|96,472
256|66,473
183|30,474
77|123,475
186|21,476
223|455,477
51|46,478
406|181,479
65|17,480
81|129,481
102|213,482
38|3,483
45|25,484
176|58,485
38|104,486
77|21,487
40|228,488
68|55,489
40|289,490
175|43,491
69|33,492
9|16,493
78|48,494
32|30,495
168|16,496
53|6,497
37|11,498
53|42,499
36|3,500
162|61,501
44|30,502
154|52,503
85|58,504
65|265,505
73|23,506
108|48,507
72|125,508
24|16,509
306|110,510
32|101,511
115|48,512
62|58,513
89|43,514
23|46,515
157|211,516
41|96,517
39|74,518
34|61,519
105|97,520
359|17,521
309|86,522
72|115,523
149|247,524
171|59,525
354|115,526
72|101,527
122|55,528
370|170,529
112|212,530
47|185,531
26|24,532
3|166,533
13|101,534
100|102,535
127|235,536
39|206,537
135|48,538
195|93,539
28|30,540
60|215,541
17|43,542
67|134,543
152|173,544
77|10,545
136|104,546
245|91,547
197|11,548
154|92,549
107|37,550
109|42,551
131|33,552
75|87,553
239|48,554
34|194,555
108|33,556
47|28,557
44|42,558
286|215,559
196|275,560
50|16,561
122|76,562
108|247,563
15|6,564
119|33,565
107|17,566
109|17,567
430|55,568
13|25,569
14|125,570
73|185,571
41|233,572
39|342,573
67|151,574
487|493,575
40|46,576
40|115,577
74|59,578
328|92,579
198|83,580
411|79,581
45|31,582
28|11,583
268|43,584
11|174,585
402|85,586
341|228,587
51|118,588
156|217,589
62|106,590
32|24,591
38|7,592
395|17,593
140|191,594
327|97,595
250|66,596
18|104,597
132|43,598
149|24,599
77|548,600
415|32,601
179|3,602
236|63,603
2|43,604
69|403,605
95|16,606
80|16,607
11|116,608
47|60,609
31|30,610
62|287,611
294|281,612
38|83,613
238|287,614
65|117,615
593|95,616
64|25,617
155|24,618
73|32,619
72|42,620
68|82,621
15|175,622
23|30,623
53|101,624
34|101,625
332|206,626
44|66,627
40|104,628
101|32,629
345|18,630
136|103,631
37|117,632
47|218,633
18|125,634
67|172,635
95|33,636
40|37,637
57|6,638
38|132,639
365|117,640
38|30,641
166|16,642
164|117,643
271|119,644
301|55,645
405|111,646
272|113,647
219|16,648
248|92,649
176|88,650
149|3,651
13|93,652
11|14,653
284|91,654
81|60,655
44|93,656
84|463,657
50|34,658
127|325,659
23|93,660
11|54,661
90|425,662
38|15,663
587|158,664
575|585,665
109|16,666
103|52,667
139|193,668
104|19,669
32|42,670
506|209,671
361|24,672
26|42,673
39|175,674
9|25,675
26|30,676
164|23,677
122|59,678
31|42,679
38|66,680
475|10,681
589|16,682
8|6,683
68|95,684
581|16,685
24|52,686
85|55,687
195|101,688
142|3,689
60|7,690
225|378,691
44|33,692
246|58,693
171|309,694
77|312,695
122|13,696
131|247,697
369|113,698
77|148,699
571|54,700
90|16,701
120|23,702
382|153,703
264|76,704
294|23,705
75|13,706
353|217,707
109|24,708
152|82,709
49|42,710
136|95,711
18|194,712
271|126,713
77|28,714
50|214,715
15|113,716
65|118,717
91|16,718
9|46,719
100|25,720
64|174,721
112|252,722
224|79,723
150|115,724
149|204,725
11|106,726
37|96,727
34|111,728
156|55,729
122|106,730
50|54,731
40|102,732
126|43,733
291|123,734
100|33,735
50|86,736
3|145,737
140|138,738
150|60,739
162|17,740
67|19,741
111|43,742
168|334,743
535|206,744
159|76,745
165|177,746
159|16,747
696|512,748
47|363,749
307|180,750
684|218,751
271|60,752
75|254,753
119|266,754
263|48,755
156|88,756
395|16,757
67|87,758
68|173,759
735|93,760
67|418,761
40|42,762
23|85,763
169|151,764
67|335,765
73|197,766
147|3,767
53|76,768
166|204,769
280|11,770
73|58,771
49|48,772
452|48,773
186|125,774
477|188,775
392|16,776
160|450,777
52|16,778
428|33,779
136|61,780
303|66,781
112|124,782
517|282,783
8|30,784
75|31,785
90|231,786
256|293,787
245|319,788
140|117,789
310|89,790
140|114,791
352|113,792
69|103,793
92|116,794
23|273,795
159|172,796
480|74,797
154|23,798
73|312,799
79|48,800
151|110,801
33|82,802
131|265,803
417|203,804
166|193,805
221|117,806
40|21,807
50|578,808
149|193,809
28|66,810
612|54,811
165|216,812
108|3,813
249|85,814
69|61,815
92|158,816
330|93,817
360|511,818
507|43,819
496|79,820
154|110,821
178|292,822
246|253,823
91|55,824
350|259,825
67|113,826
140|316,827
73|106,828
67|285,829
439|11,830
546|315,831
162|66,832
120|151,833
15|30,834
180|11,835
50|91,836
40|381,837
23|59,838
134|230,839
207|95,840
16|16,841
37|24,842
399|179,843
279|89,844
186|101,845
60|43,846
71|102,847
186|23,848
60|676,849
112|58,850
73|14,851
322|48,852
160|25,853
23|138,854
146|79,855
147|33,856
256|302,857
225|48,858
529|125,859
56|632,860
154|103,861
490|16,862
47|52,863
40|13,864
131|193,865
162|33,866
51|629,867
151|55,868
294|119,869
427|93,870
116|76,871
90|412,872
197|43,873
38|93,874
60|134,875
184|61,876
264|55,877
373|16,878
652|60,879
163|111,880
305|213,881
64|125,882
458|267,883
160|86,884
15|188,885
102|33,886
9|42,887
72|117,888
102|111,889
32|117,890
56|60,891
130|177,892
240|16,893
557|119,894
502|52,895
73|13,896
139|204,897
553|703,898
246|320,899
34|117,900
343|253,901
341|104,902
73|87,903
68|380,904
64|191,905
103|92,906
53|96,907
50|24,908
162|16,909
74|43,910
53|434,911
64|96,912
56|233,913
112|335,914
39|114,915
176|211,916
28|96,917
57|25,918
245|591,919
603|43,920
19|12,921
107|309,922
3|324,923
90|126,924
160|6,925
369|86,926
550|137,927
407|158,928
8|194,929
38|76,930
159|292,931
365|96,932
32|125,933
771|115,934
40|712,935
286|391,936
174|83,937
797|132,938
50|242,939
249|504,940
155|25,941
665|16,942
89|52,943
262|16,944
44|25,945
60|148,946
90|653,947
65|132,948
306|76,949
616|233,950
56|928,951
167|89,952
107|134,953
164|129,954
90|175,955
385|113,956
469|43,957
164|52,958
711|217,959
56|199,960
40|59,961
274|435,962
371|660,963
311|235,964
206|43,965
38|153,966
360|266,967
118|16,968
224|491,969
574|334,970
497|103,971
44|153,972
72|61,973
338|103,974
195|61,975
537|126,976
179|43,977
190|79,978
303|170,979
59|754,980
807|34,981
315|61,982
307|19,983
551|79,984
109|138,985
104|177,986
283|244,987
41|199,988
659|103,989
379|92,990
144|48,991
165|173,992
68|42,993
140|339,994
121|287,995
87|147,996
130|216,997
241|93,998
39|85,999
307|146,1000
18|96,1001
236|52,1002
67|126,1003
39|259,1004
40|101,1005
72|96,1006
49|74,1007
31|74,1008
359|129,1009
741|102,1010
60|204,1011
96|114,1012
21|3,1013
32|61,1014
33|59,1015
381|230,1016
167|85,1017
90|43,1018
73|48,1019
445|170,1020
224|89,1021
246|212,1022
386|272,1023
182|197,1024
262|25,1025
64|101,1026
102|17,1027
251|42,1028
502|133,1029
39|89,1030
107|522,1031
136|42,1032
92|358,1033
74|33,1034
139|76,1035
49|36,1036
21|194,1037
677|66,1038
779|63,1039
39|1015,1040
333|275,1041
14|48,1042
250|93,1043
28|61,1044
31|61,1045
223|89,1046
122|123,1047
268|54,1048
777|52,1049
577|24,1050
621|58,1051
298|388,1052
107|273,1053
202|142,1054
28|25,1055
14|101,1056
426|43,1057
558|400,1058
265|91,1059
424|123,1060
36|143,1061
950|16,1062
291|106,1063
261|52,1064
190|570,1065
202|113,1066
202|89,1067
34|96,1068
32|95,1069
171|126,1070
131|3,1071
1009|20,1072
107|42,1073
120|315,1074
130|173,1075
103|110,1076
38|4,1077
248|52,1078
62|16,1079
85|3,1080
53|180,1081
23|42,1082
67|253,1083
65|33,1084
350|326,1085
109|6,1086
90|1008,1087
184|119,1088
256|132,1089
67|205,1090
714|583,1091
286|138,1092
263|55,1093
67|123,1094
36|55,1095
343|212,1096
160|519,1097
28|118,1098
781|43,1099
451|74,1100
743|111,1101
140|229,1102
51|42,1103
167|275,1104
751|11,1105
73|163,1106
62|55,1107
13|111,1108
236|151,1109
96|16,1110
164|522,1111
39|11,1112
77|450,1113
90|146,1114
40|125,1115
508|856,1116
160|172,1117
77|169,1118
23|179,1119
983|188,1120
343|252,1121
353|492,1122
120|270,1123
848|21,1124
19|60,1125
268|55,1126
657|147,1127
472|54,1128
67|728,1129
90|192,1130
259|76,1131
829|2,1132
62|407,1133
75|181,1134
121|88,1135
860|129,1136
248|340,1137
56|273,1138
44|170,1139
19|11,1140
75|980,1141
505|175,1142
307|92,1143
75|322,1144
19|42,1145
314|116,1146
430|106,1147
671|158,1148
279|31,1149
221|322,1150
539|147,1151
241|54,1152
62|87,1153
145|213,1154
13|96,1155
108|24,1156
166|76,1157
662|243,1158
445|199,1159
241|636,1160
140|148,1161
263|20,1162
757|93,1163
131|24,1164
392|11,1165
301|172,1166
75|917,1167
127|16,1168
90|24,1169
1163|1162,1170
464|30,1171
9|61,1172
78|111,1173
62|31,1174
67|8,1175
190|87,1176
573|43,1177
547|116,1178
108|540,1179
47|180,1180
470|177,1181
67|115,1182
80|25,1183
616|199,1184
344|24,1185
283|257,1186
330|132,1187
64|95,1188
128|326,1189
867|219,1190
39|117,1191
200|55,1192
75|570,1193
68|929,1194
279|79,1195
72|375,1196
62|889,1197
51|125,1198
90|763,1199
66|212,1200
75|1172,1201
371|114,1202
74|16,1203
72|21,1204
655|79,1205
221|218,1206
112|669,1207
67|86,1208
62|142,1209
157|229,1210
240|11,1211
151|103,1212
80|46,1213
141|43,1214
723|54,1215
108|193,1216
13|172,1217
38|431,1218
521|98,1219
68|937,1220
77|770,1221
286|148,1222
82|200,1223
1211|63,1224
1003|48,1225
48|43,1226
52|3,1227
439|33,1228
73|278,1229
44|24,1230
278|177,1231
198|23,1232
292|55,1233
426|52,1234
277|233,1235
136|17,1236
156|119,1237
176|689,1238
346|24,1239
475|119,1240
277|23,1241
38|257,1242
656|113,1243
31|132,1244
740|83,1245
75|1056,1246
44|137,1247
107|196,1248
41|101,1249
195|172,1250
68|113,1251
549|358,1252
338|337,1253
47|102,1254
121|106,1255
220|153,1256
902|188,1257
344|16,1258
66|118,1259
62|175,1260
122|8,1261
65|6,1262
171|727,1263
545|28,1264
132|83,1265
799|95,1266
283|185,1267
220|199,1268
184|11,1269
993|185,1270
140|242,1271
72|11,1272
100|87,1273
292|3,1274
72|60,1275
357|24,1276
174|43,1277
243|170,1278
248|110,1279
17|10,1280
39|16,1281
39|235,1282
51|66,1283
279|197,1284
220|349,1285
41|129,1286
268|116,1287
105|52,1288
100|66,1289
607|378,1290
38|412,1291
162|1059,1292
206|126,1293
32|96,1294
18|132,1295
314|110,1296
69|42,1297
67|13,1298
114|16,1299
345|138,1300
680|230,1301
700|182,1302
592|48,1303
23|74,1304
39|91,1305
38|293,1306
68|515,1307
124|43,1308
10|3,1309
1113|17,1310
64|30,1311
1210|3,1312
1230|133,1313
103|213,1314
1237|800,1315
613|263,1316
160|810,1317
158|213,1318
54|153,1319
40|137,1320
12|55,1321
120|334,1322
196|106,1323
78|147,1324
1184|16,1325
694|89,1326
73|461,1327
934|103,1328
83|755,1329
122|1329,1330
658|85,1331
44|104,1332
49|182,1333
863|79,1334
539|214,1335
1005|188,1336
93|55,1337
225|19,1338
23|326,1339
38|82,1340
65|7,1341
128|138,1342
421|92,1343
39|52,1344
236|337,1345
252|102,1346
330|106,1347
62|169,1348
36|194,1349
53|137,1350
49|25,1351
111|52,1352
221|258,1353
243|795,1354
56|129,1355
63|11,1356
350|134,1357
11|12,1358
11|133,1359
75|839,1360
620|37,1361
385|89,1362
40|172,1363
223|174,1364
69|101,1365
384|213,1366
117|111,1367
228|16,1368
167|440,1369
392|33,1370
10|194,1371
176|106,1372
109|96,1373
38|137,1374
130|52,1375
283|278,1376
52|33,1377
67|143,1378
120|142,1379
160|146,1380
103|76,1381
90|52,1382
330|76,1383
525|98,1384
178|218,1385
96|92,1386
224|175,1387
354|214,1388
9|103,1389
184|74,1390
448|689,1391
91|200,1392
86|52,1393
50|74,1394
74|48,1395
567|173,1396
357|88,1397
142|16,1398
543|230,1399
250|111,1400
420|138,1401
240|267,1402
451|500,1403
671|116,1404
501|52,1405
23|66,1406
220|83,1407
73|380,1408
73|97,1409
104|192,1410
62|185,1411
33|187,1412
72|30,1413
788|177,1414
162|46,1415
692|23,1416
39|118,1417
129|43,1418
444|97,1419
601|337,1420
75|1016,1421
16|123,1422
13|16,1423
73|285,1424
111|16,1425
60|391,1426
147|52,1427
73|55,1428
90|204,1429
1198|32,1430
347|88,1431
731|101,1432
71|179,1433
379|340,1434
67|28,1435
903|114,1436
264|138,1437
1115|188,1438
1118|217,1439
189|91,1440
310|113,1441
14|104,1442
521|102,1443
706|191,1444
127|153,1445
67|880,1446
483|48,1447
126|55,1448
107|111,1449
229|147,1450
426|54,1451
90|196,1452
543|17,1453
131|204,1454
533|204,1455
68|1278,1456
984|170,1457
132|431,1458
13|74,1459
40|534,1460
136|23,1461
547|43,1462
77|132,1463
159|209,1464
628|113,1465
47|83,1466
327|23,1467
279|188,1468
427|66,1469
162|25,1470
115|55,1471
152|116,1472
90|85,1473
241|52,1474
90|792,1475
74|54,1476
1087|124,1477
108|174,1478
107|259,1479
68|352,1480
129|16,1481
77|86,1482
184|58,1483
19|119,1484
451|302,1485
90|647,1486
62|48,1487
907|63,1488
130|110,1489
53|158,1490
96|52,1491
39|285,1492
611|199,1493
67|16,1494
168|58,1495
237|272,1496
626|119,1497
156|16,1498
108|302,1499
140|134,1500
472|43,1501
477|89,1502
162|74,1503
321|534,1504
90|194,1505
545|4,1506
60|52,1507
60|54,1508
68|116,1509
241|21,1510
816|213,1511
130|337,1512
261|110,1513
155|17,1514
234|1398,1515
298|166,1516
458|214,1517
159|293,1518
357|16,1519
912|679,1520
239|253,1521
116|193,1522
50|35,1523
298|383,1524
582|23,1525
53|63,1526
74|52,1527
160|126,1528
174|31,1529
624|278,1530
789|103,1531
347|24,1532
639|431,1533
67|879,1534
713|349,1535
73|172,1536
305|1110,1537
753|199,1538
420|229,1539
67|1294,1540
164|86,1541
10|102,1542
59|106,1543
181|54,1544
37|153,1545
68|254,1546
35|254,1547
73|116,1548
40|1012,1549
67|228,1550
765|197,1551
656|86,1552
245|275,1553
298|212,1554
234|114,1555
1272|170,1556
96|43,1557
246|3,1558
140|97,1559
1058|60,1560
65|598,1561
45|24,1562
1175|115,1563
927|60,1564
369|114,1565
39|142,1566
721|498,1567
547|54,1568
705|602,1569
72|46,1570
554|401,1571
39|98,1572
837|94,1573
179|52,1574
102|58,1575
222|33,1576
69|24,1577
505|231,1578
765|873,1579
154|340,1580
47|142,1581
310|440,1582
1086|115,1583
96|54,1584
32|194,1585
582|199,1586
1007|192,1587
117|16,1588
232|125,1589
171|111,1590
112|153,1591
116|16,1592
82|55,1593
948|116,1594
976|106,1595
149|33,1596
643|138,1597
105|137,1598
469|52,1599
1263|52,1600
505|267,1601
484|48,1602
40|153,1603
138|146,1604
83|200,1605
662|433,1606
353|163,1607
67|42,1608
619|322,1609
202|324,1610
65|101,1611
40|85,1612
246|388,1613
1506|1547,1614
152|158,1615
1224|86,1616
785|182,1617
131|1037,1618
915|177,1619
60|98,1620
739|257,1621
75|982,1622
19|30,1623
127|764,1624
90|686,1625
279|142,1626
67|59,1627
51|153,1628
13|125,1629
15|151,1630
95|43,1631
533|193,1632
197|61,1633
241|102,1634
47|316,1635
180|33,1636
11|172,1637
1046|102,1638
630|138,1639
126|16,1640
464|66,1641
785|66,1642
631|293,1643
157|1217,1644
574|280,1645
121|34,1646
40|498,1647
160|16,1648
264|59,1649
104|216,1650
41|137,1651
47|407,1652
127|217,1653
153|143,1654
350|273,1655
89|110,1656
37|46,1657
168|1346,1658
234|12,1659
1306|134,1660
85|103,1661
60|193,1662
202|145,1663
898|605,1664
262|126,1665
305|21,1666
411|86,1667
478|94,1668
127|188,1669
757|74,1670
50|1354,1671
15|89,1672
17|76,1673
385|86,1674
261|43,1675
935|841,1676
47|625,1677
60|218,1678
592|85,1679
301|123,1680
15|270,1681
460|252,1682
112|132,1683
100|16,1684
1000|188,1685
39|412,1686
838|11,1687
88|48,1688
223|115,1689
266|177,1690
54|132,1691
1017|1044,1692
41|153,1693
63|55,1694
105|101,1695
230|123,1696
93|48,1697
60|76,1698
292|106,1699
184|104,1700
27|1280,1701
75|142,1702
938|16,1703
155|247,1704
1463|1701,1705
84|326,1706
663|629,1707
122|229,1708
93|3,1709
682|98,1710
40|840,1711
77|36,1712
257|372,1713
321|196,1714
19|24,1715
107|59,1716
1083|31,1717
35|95,1718
744|200,1719
448|142,1720
758|86,1721
160|418,1722
45|42,1723
236|92,1724
189|30,1725
140|55,1726
262|24,1727
150|375,1728
90|389,1729
365|61,1730
131|96,1731
159|3,1732
303|12,1733
73|86,1734
223|316,1735
67|137,1736
67|282,1737
68|230,1738
152|871,1739
119|123,1740
476|13,1741
486|43,1742
90|113,1743
140|106,1744
343|335,1745
155|30,1746
537|60,1747
451|104,1748
176|74,1749
40|146,1750
1415|266,1751
1065|133,1752
611|349,1753
1327|103,1754
393|55,1755
37|170,1756
77|111,1757
68|219,1758
151|92,1759
10|7,1760
705|194,1761
709|58,1762
420|134,1763
271|87,1764
691|138,1765
373|66,1766
744|297,1767
185|43,1768
678|1688,1769
678|1395,1770
259|54,1771
386|76,1772
399|98,1773
67|163,1774
128|166,1775
891|79,1776
47|63,1777
122|138,1778
11|143,1779
184|88,1780
118|11,1781
90|82,1782
1038|111,1783
850|55,1784
615|315,1785
53|110,1786
346|88,1787
365|339,1788
501|192,1789
350|148,1790
486|94,1791
223|339,1792
152|61,1793
90|272,1794
74|11,1795
98|123,1796
1094|1368,1797
162|104,1798
245|474,1799
130|219,1800
473|177,1801
38|647,1802
627|134,1803
126|98,1804
152|123,1805
386|719,1806
192|86,1807
357|106,1808
896|61,1809
159|1709,1810
184|519,1811
198|79,1812
47|673,1813
129|52,1814
305|125,1815
168|63,1816
107|560,1817
343|320,1818
56|170,1819
84|852,1820
174|55,1821
321|37,1822
36|123,1823
386|352,1824
89|55,1825
12|92,1826
372|103,1827
347|3,1828
195|191,1829
708|86,1830
121|104,1831
15|194,1832
120|325,1833
168|982,1834
425|243,1835
613|289,1836
13|95,1837
264|123,1838
796|98,1839
717|103,1840
706|339,1841
36|304,1842
221|446,1843
105|716,1844
1307|52,1845
53|125,1846
448|115,1847
149|142,1848
109|101,1849
159|66,1850
60|532,1851
806|380,1852
118|55,1853
393|16,1854
262|182,1855
347|16,1856
105|92,1857
377|218,1858
346|16,1859
1614|43,1860
39|231,1861
682|43,1862
1778|512,1863
73|69,1864
414|177,1865
445|129,1866
100|123,1867
168|6,1868
78|87,1869
152|352,1870
663|96,1871
782|16,1872
621|88,1873
619|634,1874
279|280,1875
963|146,1876
414|52,1877
420|59,1878
38|228,1879
67|85,1880
71|139,1881
550|153,1882
23|259,1883
468|60,1884
57|21,1885
301|143,1886
56|852,1887
554|60,1888
1138|467,1889
277|192,1890
296|1681,1891
12|31,1892
1266|54,1893
330|55,1894
108|986,1895
47|92,1896
165|515,1897
84|322,1898
700|153,1899
1183|215,1900
426|116,1901
136|170,1902
251|96,1903
601|219,1904
240|175,1905
90|418,1906
250|52,1907
90|59,1908
109|134,1909
67|815,1910
766|52,1911
285|16,1912
73|151,1913
56|243,1914
110|24,1915
15|275,1916
280|61,1917
586|320,1918
367|59,1919
893|60,1920
172|98,1921
1634|400,1922
353|281,1923
184|578,1924
127|163,1925
118|54,1926
159|12,1927
147|16,1928
925|243,1929
453|242,1930
50|378,1931
155|1155,1932
240|86,1933
150|79,1934
60|273,1935
47|85,1936
254|79,1937
876|280,1938
935|16,1939
1537|116,1940
1706|270,1941
28|583,1942
117|55,1943
39|60,1944
87|43,1945
3|672,1946
460|94,1947
39|1042,1948
657|145,1949
638|87,1950
168|325,1951
56|412,1952
47|111,1953
40|61,1954
54|104,1955
147|43,1956
947|598,1957
429|16,1958
126|363,1959
83|98,1960
385|868,1961
1063|3,1962
250|1654,1963
399|118,1964
72|79,1965
338|219,1966
473|52,1967
371|86,1968
530|43,1969
615|334,1970
17|54,1971
39|504,1972
108|204,1973
56|115,1974
958|337,1975
39|382,1976
1435|174,1977
127|342,1978
172|48,1979
952|116,1980
1554|143,1981
75|591,1982
33|52,1983
95|11,1984
44|6,1985
249|179,1986
67|400,1987
164|281,1988
114|177,1989
52|43,1990
181|94,1991
328|110,1992
377|363,1993
833|214,1994
56|98,1995
67|111,1996
379|52,1997
47|59,1998
138|172,1999
40|111,2000
706|1367,2001
1081|95,2002
62|37,2003
140|129,2004
39|102,2005
89|16,2006
81|118,2007
39|106,2008
310|86,2009
93|103,2010
34|191,2011
18|153,2012
112|302,2013
959|263,2014
40|43,2015
127|182,2016
60|83,2017
82|98,2018
151|111,2019
1171|235,2020
202|91,2021
122|134,2022
12|111,2023
160|996,2024
13|11,2025
326|3,2026
241|104,2027
1006|169,2028
49|293,2029
603|94,2030
40|10,2031
1130|906,2032
65|126,2033
167|555,2034
75|623,2035
62|151,2036
105|1265,2037
360|890,2038
342|43,2039
601|103,2040
327|59,2041
53|432,2042
47|79,2043
355|43,2044
1018|784,2045
470|216,2046
23|111,2047
47|114,2048
37|30,2049
184|10,2050
168|86,2051
45|30,2052
73|319,2053
341|1012,2054
136|11,2055
234|1098,2056
488|253,2057
445|173,2058
256|598,2059
195|96,2060
303|52,2061
723|116,2062
271|276,2063
154|137,2064
611|173,2065
67|181,2066
324|88,2067
635|383,2068
572|76,2069
1180|532,2070
486|169,2071
107|407,2072
189|42,2073
617|14,2074
219|24,2075
39|217,2076
223|96,2077
312|96,2078
105|440,2079
50|7,2080
75|1633,2081
28|16,2082
72|1259,2083
67|117,2084
333|282,2085
58|110,2086
246|252,2087
47|446,2088
126|446,2089
1124|830,2090
1246|52,2091
237|263,2092
261|55,2093
360|1014,2094
1261|512,2095
67|1389,2096
301|111,2097
130|187,2098
475|98,2099
876|31,2100
51|137,2101
525|119,2102
198|282,2103
417|42,2104
1275|253,2105
37|132,2106
68|114,2107
33|55,2108
53|111,2109
160|182,2110
49|96,2111
1000|113,2112
182|280,2113
200|106,2114
321|1155,2115
51|35,2116
586|3,2117
234|87,2118
68|871,2119
1292|43,2120
294|98,2121
1510|94,2122
1072|6,2123
1120|409,2124
15|42,2125
199|43,2126
236|219,2127
488|212,2128
1766|10,2129
529|61,2130
84|495,2131
348|179,2132
872|82,2133
1467|55,2134
402|504,2135
566|16,2136
507|116,2137
68|272,2138
1283|79,2139
45|142,2140
979|85,2141
136|46,2142
31|24,2143
694|188,2144
75|60,2145
427|103,2146
48|98,2147
118|213,2148
60|3,2149
23|104,2150
274|88,2151
13|339,2152
32|103,2153
401|123,2154
190|181,2155
439|16,2156
1624|280,2157
75|610,2158
1189|43,2159
1190|76,2160
130|76,2161
1065|52,2162
367|134,2163
630|8,2164
198|35,2165
130|82,2166
479|110,2167
385|270,2168
970|542,2169
184|211,2170
140|267,2171
157|1999,2172
1380|199,2173
143|213,2174
428|111,2175
866|145,2176
472|94,2177
967|153,2178
196|180,2179
145|177,2180
164|185,2181
1818|16,2182
118|106,2183
198|400,2184
1908|1119,2185
354|147,2186
764|197,2187
130|170,2188
53|9,2189
844|11,2190
165|110,2191
37|137,2192
64|103,2193
132|98,2194
1091|137,2195
109|344,2196
38|36,2197
321|169,2198
1361|85,2199
506|467,2200
1039|137,2201
1232|187,2202
67|257,2203
184|85,2204
1002|11,2205
239|212,2206
74|55,2207
68|110,2208
171|522,2209
176|16,2210
62|1450,2211
900|214,2212
151|106,2213
321|59,2214
132|297,2215
1378|230,2216
116|204,2217
46|94,2218
248|454,2219
206|98,2220
206|102,2221
23|194,2222
278|216,2223
262|146,2224
12|103,2225
72|132,2226
68|163,2227
47|54,2228
254|113,2229
199|104,2230
402|118,2231
1132|104,2232
1529|117,2233
20|16,2234
460|253,2235
338|87,2236
236|1125,2237
105|48,2238
1114|147,2239
306|148,2240
53|82,2241
421|60,2242
90|1892,2243
237|179,2244
357|55,2245
262|996,2246
553|114,2247
620|123,2248
186|17,2249
108|1231,2250
507|54,2251
427|209,2252
160|1024,2253
1261|755,2254
85|92,2255
176|24,2256
65|106,2257
367|148,2258
50|37,2259
47|124,2260
948|54,2261
804|10,2262
206|119,2263
303|23,2264
1036|28,2265
171|432,2266
164|134,2267
692|375,2268
2022|59,2269
8|42,2270
103|177,2271
1018|266,2272
90|132,2273
160|728,2274
67|652,2275
737|213,2276
69|194,2277
562|48,2278
1097|270,2279
249|102,2280
167|622,2281
546|334,2282
90|491,2283
112|24,2284
373|172,2285
78|117,2286
546|325,2287
168|34,2288
1088|218,2289
701|965,2290
75|282,2291
243|43,2292
814|88,2293
78|19,2294
780|123,2295
625|278,2296
100|30,2297
185|52,2298
627|784,2299
655|52,2300
721|778,2301
79|98,2302
81|126,2303
128|13,2304
90|163,2305
67|233,2306
139|55,2307
167|94,2308
56|126,2309
21|7,2310
102|42,2311
240|132,2312
635|74,2313
345|229,2314
16|43,2315
345|134,2316
154|76,2317
176|55,2318
1167|116,2319
33|106,2320
130|1093,2321
594|509,2322
333|172,2323
92|86,2324
442|55,2325
1444|116,2326
207|174,2327
1581|7,2328
525|102,2329
95|24,2330
39|139,2331
545|115,2332
286|134,2333
127|114,2334
217|55,2335
739|564,2336
157|143,2337
72|302,2338
1708|755,2339
67|1200,2340
127|12,2341
91|297,2342
720|104,2343
185|102,2344
72|95,2345
171|425,2346
20|17,2347
12|98,2348
56|196,2349
100|12,2350
241|209,2351
1191|113,2352
56|86,2353
221|96,2354
4|17,2355
1195|55,2356
464|13,2357
184|123,2358
658|504,2359
250|104,2360
324|435,2361
298|335,2362
1599|153,2363
828|1277,2364
558|147,2365
151|242,2366
165|278,2367
972|133,2368
1193|133,2369
1264|137,2370
586|252,2371
249|60,2372
428|597,2373
402|19,2374
1197|275,2375
739|253,2376
961|117,2377
63|3,2378
357|3,2379
44|52,2380
49|257,2381
40|54,2382
168|146,2383
1077|1358,2384
60|229,2385
73|143,2386
59|180,2387
223|125,2388
104|16,2389
184|174,2390
967|74,2391
69|87,2392
64|316,2393
39|585,2394
239|252,2395
371|87,2396
179|110,2397
68|16,2398
288|623,2399
341|25,2400
791|177,2401
551|151,2402
864|63,2403
1416|119,2404
40|274,2405
248|76,2406
256|182,2407
65|119,2408
44|686,2409
73|123,2410
348|139,2411
107|33,2412
306|242,2413
527|180,2414
41|281,2415
589|33,2416
53|103,2417
10|800,2418
156|2418,2419
240|98,2420
833|147,2421
1144|116,2422
251|33,2423
615|205,2424
140|125,2425
1207|60,2426
74|110,2427
125|123,2428
152|110,2429
151|3,2430
261|137,2431
32|191,2432
62|172,2433
118|58,2434
75|37,2435
1523|17,2436
405|597,2437
234|74,2438
58|55,2439
1298|339,2440
310|235,2441
73|181,2442
285|23,2443
972|52,2444
68|229,2445
953|216,2446
1176|703,2447
284|43,2448
1170|25,2449
261|92,2450
67|118,2451
2403|388,2452
307|63,2453
176|578,2454
385|267,2455
486|115,2456
90|855,2457
685|854,2458
332|33,2459
333|113,2460
1646|106,2461
1641|1244,2462
96|110,2463
82|297,2464
804|126,2465
75|1807,2466
445|515,2467
298|281,2468
184|115,2469
186|96,2470
693|55,2471
499|434,2472
521|10,2473
56|560,2474
122|192,2475
13|182,2476
750|188,2477
41|24,2478
238|14,2479
1112|21,2480
61|1145,2481
14|132,2482
32|265,2483
1202|133,2484
245|89,2485
131|1013,2486
128|59,2487
355|1014,2488
240|114,2489
51|96,2490
167|139,2491
167|514,2492
38|792,2493
120|679,2494
487|54,2495
112|16,2496
952|55,2497
1652|2324,2498
337|3,2499
1621|541,2500
61|52,2501
65|98,2502
829|1304,2503
525|118,2504
95|12,2505
114|76,2506
138|111,2507
120|197,2508
420|391,2509
898|372,2510
371|63,2511
68|123,2512
206|60,2513
234|1068,2514
18|82,2515
47|534,2516
172|55,2517
1247|133,2518
294|381,2519
75|1796,2520
40|254,2521
241|211,2522
210|48,2523
492|16,2524
306|763,2525
80|6,2526
533|16,2527
613|32,2528
47|134,2529
164|214,2530
572|138,2531
152|14,2532
50|1061,2533
367|138,2534
835|98,2535
1516|3,2536
415|54,2537
338|18,2538
189|46,2539
1149|24,2540
225|52,2541
970|255,2542
232|1013,2543
669|11,2544
283|564,2545
67|316,2546
1622|110,2547
283|124,2548
85|146,2549
406|55,2550
567|434,2551
460|320,2552
1001|166,2553
73|196,2554
38|564,2555
497|166,2556
220|43,2557
1158|110,2558
174|98,2559
108|129,2560
2269|48,2561
474|43,2562
13|55,2563
332|243,2564
122|143,2565
1357|143,2566
167|102,2567
75|118,2568
1109|146,2569
456|98,2570
488|158,2571
1004|104,2572
924|199,2573
67|196,2574
168|181,2575
68|2150,2576
56|322,2577
429|88,2578
190|840,2579
33|216,2580
179|92,2581
164|309,2582
50|132,2583
81|1410,2584
85|124,2585
60|569,2586
103|216,2587
246|1713,2588
140|683,2589
184|153,2590
1054|495,2591
1146|43,2592
1811|43,2593
90|801,2594
1193|52,2595
527|146,2596
612|52,2597
283|148,2598
641|890,2599
238|106,2600
90|560,2601
40|243,2602
90|726,2603
2051|1265,2604
476|129,2605
1077|12,2606
71|118,2607
1714|319,2608
348|432,2609
121|93,2610
596|1691,2611
261|54,2612
287|98,2613
67|153,2614
1601|16,2615
350|212,2616
543|124,2617
198|113,2618
1758|13,2619
1104|91,2620
241|606,2621
159|137,2622
90|23,2623
399|10,2624
75|519,2625
2436|1942,2626
90|205,2627
1659|95,2628
1153|125,2629
198|335,2630
73|205,2631
75|287,2632
1235|270,2633
944|384,2634
1284|54,2635
176|235,2636
411|1299,2637
263|106,2638
11|88,2639
196|92,2640
332|16,2641
68|174,2642
981|292,2643
57|11,2644
1379|94,2645
94|16,2646
40|133,2647
50|55,2648
11|32,2649
156|59,2650
332|498,2651
338|381,2652
348|76,2653
479|92,2654
78|91,2655
1573|213,2656
299|48,2657
264|106,2658
833|767,2659
476|372,2660
268|106,2661
1582|104,2662
47|215,2663
112|257,2664
576|98,2665
1028|435,2666
586|253,2667
152|349,2668
1635|124,2669
564|151,2670
140|119,2671
1705|625,2672
89|33,2673
152|143,2674
1289|115,2675
78|1979,2676
954|54,2677
39|123,2678
224|382,2679
379|242,2680
91|11,2681
424|106,2682
89|92,2683
110|43,2684
152|272,2685
121|55,2686
38|35,2687
112|1203,2688
235|200,2689
539|23,2690
82|447,2691
262|1024,2692
1004|74,2693
47|259,2694
338|180,2695
114|17,2696
47|18,2697
160|24,2698
399|119,2699
399|102,2700
220|1823,2701
236|1484,2702
283|134,2703
65|111,2704
108|95,2705
348|147,2706
347|106,2707
2129|43,2708
518|33,2709
159|55,2710
1305|54,2711
761|110,2712
221|634,2713
67|43,2714
321|2026,2715
53|1323,2716
73|173,2717
58|48,2718
81|243,2719
469|94,2720
114|216,2721
220|132,2722
202|166,2723
140|175,2724
105|35,2725
71|669,2726
279|873,2727
127|610,2728
60|24,2729
741|114,2730
63|7,2731
45|3,2732
490|193,2733
179|933,2734
677|87,2735
171|325,2736
71|66,2737
1982|230,2738
219|193,2739
103|24,2740
575|11,2741
181|76,2742
114|110,2743
69|92,2744
355|511,2745
89|116,2746
1250|16,2747
67|185,2748
1130|103,2749
81|163,2750
11|285,2751
883|134,2752
40|18,2753
720|93,2754
159|104,2755
891|52,2756
782|33,2757
477|86,2758
1923|218,2759
121|24,2760
1143|175,2761
1232|432,2762
332|285,2763
1152|125,2764
951|216,2765
2103|133,2766
938|3,2767
84|293,2768
1590|147,2769
1105|285,2770
1142|145,2771
788|216,2772
702|433,2773
842|133,2774
11|123,2775
1152|95,2776
628|461,2777
590|48,2778
39|42,2779
981|218,2780
159|24,2781
789|667,2782
7|133,2783
517|1293,2784
864|125,2785
750|34,2786
1196|192,2787
775|126,2788
98|11,2789
1702|101,2790
90|382,2791
83|43,2792
23|733,2793
987|138,2794
1166|58,2795
476|1108,2796
75|172,2797
140|61,2798
844|16,2799
450|52,2800
531|143,2801
1317|129,2802
67|147,2803
72|74,2804
785|61,2805
184|754,2806
7|91,2807
102|123,2808
257|151,2809
67|170,2810
236|111,2811
386|129,2812
1733|276,2813
156|180,2814
888|115,2815
1053|158,2816
198|61,2817
221|463,2818
1886|96,2819
496|175,2820
83|55,2821
90|87,2822
372|55,2823
40|35,2824
472|495,2825
2038|111,2826
973|289,2827
479|304,2828
1040|103,2829
355|94,2830
708|151,2831
554|98,2832
774|1108,2833
845|1604,2834
1603|119,2835
789|1076,2836
105|85,2837
198|1069,2838
415|52,2839
951|177,2840
108|1650,2841
168|126,2842
266|216,2843
367|16,2844
80|42,2845
1038|742,2846
691|215,2847
429|132,2848
172|11,2849
405|180,2850
321|560,2851
165|76,2852
167|716,2853
152|129,2854
799|96,2855
196|1181,2856
127|169,2857
694|79,2858
75|495,2859
140|391,2860
62|24,2861
152|95,2862
1417|76,2863
2189|55,2864
414|509,2865
550|2218,2866
1338|138,2867
866|143,2868
1333|382,2869
90|89,2870
75|560,2871
68|143,2872
1127|43,2873
126|116,2874
91|43,2875
624|19,2876
48|55,2877
321|30,2878
158|177,2879
853|1386,2880
275|16,2881
56|418,2882
305|151,2883
198|59,2884
74|145,2885
151|104,2886
691|148,2887
330|1042,2888
882|467,2889
641|378,2890
168|87,2891
370|2010,2892
85|111,2893
549|158,2894
243|16,2895
34|339,2896
50|18,2897
540|43,2898
318|85,2899
233|54,2900
95|1274,2901
3|361,2902
637|199,2903
332|172,2904
60|17,2905
702|842,2906
130|2638,2907
333|1989,2908
490|204,2909
1139|1095,2910
904|110,2911
501|383,2912
152|106,2913
82|276,2914
864|322,2915
78|175,2916
1123|16,2917
796|102,2918
623|270,2919
62|727,2920
164|842,2921
2373|216,2922
39|647,2923
191|170,2924
132|48,2925
105|885,2926
2650|104,2927
462|106,2928
922|55,2929
1146|54,2930
953|2505,2931
140|96,2932
108|104,2933
456|1511,2934
102|55,2935
2003|636,2936
67|61,2937
73|407,2938
1207|119,2939
93|123,2940
1950|11,2941
497|91,2942
1109|92,2943
116|52,2944
190|60,2945
919|91,2946
67|33,2947
18|66,2948
53|174,2949
534|146,2950
251|117,2951
67|519,2952
1133|180,2953
160|342,2954
146|43,2955
1089|116,2956
102|76,2957
140|281,2958
340|55,2959
160|1458,2960
95|17,2961
47|69,2962
50|28,2963
333|17,2964
174|16,2965
1028|79,2966
31|193,2967
114|52,2968
250|1061,2969
283|2125,2970
700|104,2971
499|1323,2972
1229|170,2973
67|132,2974
360|91,2975
109|273,2976
2056|906,2977
400|16,2978
905|113,2979
93|834,2980
2341|197,2981
154|242,2982
128|1045,2983
781|670,2984
444|110,2985
1190|193,2986
197|110,2987
65|42,2988
75|115,2989
121|66,2990
664|16,2991
164|1098,2992
65|137,2993
121|16,2994
223|126,2995
62|3,2996
171|840,2997
248|43,2998
222|410,2999
184|1119,3000
626|126,3001
62|111,3002
38|358,3003
240|113,3004
240|192,3005
327|242,3006
384|33,3007
1187|170,3008
554|482,3009
2031|146,3010
54|182,3011
1298|1259,3012
901|16,3013
90|380,3014
26|193,3015
67|212,3016
1202|52,3017
60|110,3018
119|7,3019
11|94,3020
67|194,3021
39|361,3022
126|106,3023
59|111,3024
1394|170,3025
120|18,3026
1133|146,3027
229|344,3028
120|287,3029
318|846,3030
73|1690,3031
631|1476,3032
424|143,3033
41|170,3034
184|1959,3035
79|133,3036
553|43,3037
68|407,3038
2214|96,3039
1731|177,3040
530|133,3041
120|139,3042
330|66,3043
209|60,3044
77|1718,3045
1725|197,3046
56|2019,3047
348|10,3048
346|106,3049
938|24,3050
511|467,3051
572|55,3052
2384|151,3053
1273|19,3054
75|134,3055
68|169,3056
861|542,3057
944|79,3058
73|212,3059
17|36,3060
240|500,3061
2725|16,3062
918|1356,3063
73|879,3064
132|200,3065
103|304,3066
966|147,3067
513|48,3068
105|339,3069
84|86,3070
666|217,3071
121|69,3072
488|257,3073
62|7,3074
141|465,3075
499|2179,3076
312|95,3077
106|33,3078
63|19,3079
40|839,3080
10|52,3081
164|13,3082
572|59,3083
11|3,3084
2311|55,3085
448|93,3086
223|293,3087
79|54,3088
145|216,3089
52|52,3090
77|23,3091
1468|11,3092
95|3,3093
384|58,3094
355|52,3095
795|88,3096
269|87,3097
103|255,3098
33|177,3099
1320|1696,3100
529|191,3101
221|673,3102
787|324,3103
163|213,3104
165|129,3105
327|129,3106
108|96,3107
505|89,3108
717|92,3109
171|42,3110
84|1835,3111
666|147,3112
525|274,3113
39|9,3114
701|206,3115
90|352,3116
496|89,3117
822|55,3118
3045|1034,3119
171|2327,3120
84|95,3121
1043|55,3122
223|61,3123
71|85,3124
140|511,3125
69|180,3126
278|52,3127
638|219,3128
53|60,3129
1609|89,3130
75|342,3131
403|435,3132
497|2731,3133
78|97,3134
1291|82,3135
413|74,3136
168|74,3137
136|101,3138
112|410,3139
64|137,3140
472|115,3141
1257|276,3142
966|214,3143
787|91,3144
184|147,3145
103|33,3146
558|217,3147
1816|74,3148
1002|33,3149
794|16,3150
274|24,3151
118|76,3152
13|841,3153
233|76,3154
92|85,3155
72|66,3156
68|1756,3157
158|216,3158
17|163,3159
68|158,3160
35|37,3161
888|43,3162
136|263,3163
663|125,3164
261|76,3165
108|500,3166
94|216,3167
108|199,3168
129|110,3169
54|43,3170
1538|200,3171
1331|88,3172
1530|103,3173
44|132,3174
168|855,3175
250|132,3176
399|139,3177
386|432,3178
348|454,3179
1498|800,3180
414|24,3181
154|18,3182
1515|875,3183
67|15,3184
2410|61,3185
660|55,3186
108|166,3187
615|679,3188
17|21,3189
124|52,3190
691|391,3191
261|242,3192
1112|2924,3193
414|200,3194
84|2152,3195
51|52,3196
806|3024,3197
1741|146,3198
1111|24,3199
250|137,3200
1479|74,3201
56|217,3202
641|117,3203
272|188,3204
302|91,3205
1910|86,3206
540|3,3207
151|667,3208
37|66,3209
743|742,3210
64|1588,3211
478|1304,3212
1067|16,3213
567|170,3214
73|37,3215
1134|174,3216
65|1358,3217
263|110,3218
508|147,3219
75|2187,3220
50|103,3221
626|200,3222
104|255,3223
75|320,3224
822|181,3225
2963|3161,3226
108|2310,3227
75|381,3228
82|16,3229
72|16,3230
367|266,3231
1737|179,3232
73|258,3233
39|203,3234
605|923,3235
1528|889,3236
508|180,3237
1305|43,3238
644|349,3239
333|79,3240
355|1377,3241
171|87,3242
167|885,3243
989|255,3244
151|76,3245
159|153,3246
168|1410,3247
2016|325,3248
1123|410,3249
254|52,3250
626|60,3251
1878|2113,3252
1576|110,3253
47|504,3254
164|16,3255
262|728,3256
65|60,3257
2522|3044,3258
988|58,3259
495|43,3260
1628|266,3261
108|233,3262
348|214,3263
217|16,3264
601|87,3265
499|110,3266
40|139,3267
525|85,3268
963|2535,3269
444|98,3270
678|2718,3271
39|583,3272
796|126,3273
367|391,3274
13|115,3275
479|661,3276
1063|24,3277
32|219,3278
1096|33,3279
3060|134,3280
34|95,3281
835|200,3282
452|116,3283
527|856,3284
240|104,3285
878|118,3286
2228|446,3287
1152|174,3288
124|55,3289
701|123,3290
56|2734,3291
1054|43,3292
1692|113,3293
79|116,3294
184|247,3295
75|634,3296
1246|133,3297
196|87,3298
162|24,3299
50|1140,3300
2528|322,3301
375|24,3302
355|32,3303
1320|119,3304
123|16,3305
319|76,3306
75|522,3307
316|43,3308
31|293,3309
156|172,3310
71|217,3311
1133|92,3312
1295|200,3313
47|13,3314
91|447,3315
67|14,3316
168|25,3317
521|1542,3318
2400|66,3319
28|841,3320
1751|16,3321
1671|461,3322
883|59,3323
851|1491,3324
705|1678,3325
2490|431,3326
832|214,3327
970|177,3328
1467|106,3329
708|113,3330
225|281,3331
1875|146,3332
796|274,3333
1351|440,3334
1707|337,3335
64|606,3336
56|281,3337
837|115,3338
2110|1244,3339
237|82,3340
235|98,3341
84|2230,3342
1005|113,3343
1400|218,3344
766|304,3345
377|83,3346
245|1181,3347
13|179,3348
38|91,3349
2131|270,3350
804|119,3351
713|76,3352
77|59,3353
882|123,3354
1855|770,3355
28|102,3356
291|855,3357
1379|55,3358
2036|3264,3359
2546|212,3360
105|55,3361
202|440,3362
1400|215,3363
40|134,3364
75|842,3365
476|830,3366
379|110,3367
953|177,3368
632|52,3369
202|3369,3370
53|119,3371
2155|174,3372
1136|110,3373
73|815,3374
1683|16,3375
68|7,3376
164|1715,3377
469|133,3378
1332|146,3379
1220|43,3380
39|14,3381
369|267,3382
284|324,3383
915|55,3384
343|58,3385
325|230,3386
933|467,3387
557|1448,3388
663|101,3389
286|16,3390
73|764,3391
1442|54,3392
643|215,3393
236|133,3394
83|54,3395
1073|170,3396
2001|145,3397
702|37,3398
2479|849,3399
32|509,3400
77|87,3401
1525|76,3402
1413|3,3403
78|267,3404
607|1623,3405
896|96,3406
845|1108,3407
1642|19,3408
75|79,3409
449|110,3410
84|233,3411
922|106,3412
321|1389,3413
127|418,3414
477|270,3415
87|16,3416
499|82,3417
321|719,3418
2438|229,3419
464|1661,3420
164|2078,3421
206|10,3422
1339|3,3423
646|43,3424
78|113,3425
164|433,3426
245|943,3427
458|2047,3428
320|61,3429
114|55,3430
13|66,3431
190|254,3432
21|86,3433
624|431,3434
1134|95,3435
2936|1125,3436
77|114,3437
73|433,3438
190|118,3439
34|174,3440
876|197,3441
154|214,3442
907|87,3443
893|98,3444
1606|82,3445
927|119,3446
160|85,3447
539|97,3448
377|215,3449
1310|55,3450
73|233,3451
130|23,3452
156|170,3453
486|670,3454
1751|7,3455
573|166,3456
1903|540,3457
162|93,3458
358|435,3459
73|400,3460
535|3,3461
573|91,3462
2158|491,3463
75|228,3464
262|686,3465
44|74,3466
612|133,3467
346|55,3468
53|87,3469
1564|110,3470
709|88,3471
900|147,3472
976|55,3473
1864|1588,3474
476|7,3475
119|344,3476
643|229,3477
160|2296,3478
1764|143,3479
319|16,3480
168|85,3481
1847|102,3482
120|133,3483
75|258,3484
780|55,3485
136|117,3486
1183|1771,3487
753|170,3488
38|194,3489
828|1557,3490
851|101,3491
367|33,3492
142|55,3493
1551|52,3494
67|498,3495
1026|467,3496
1292|54,3497
1266|116,3498
1143|267,3499
341|61,3500
1750|289,3501
164|217,3502
925|103,3503
96|76,3504
222|16,3505
750|175,3506
787|145,3507
1102|139,3508
803|16,3509
68|1406,3510
91|98,3511
2687|169,3512
32|87,3513
384|17,3514
39|675,3515
91|276,3516
39|166,3517
254|86,3518
188|118,3519
165|267,3520
267|432,3521
60|259,3522
166|55,3523
215|16,3524
1738|96,3525
627|229,3526
637|23,3527
164|815,3528
107|326,3529
1896|532,3530
104|76,3531
11|16,3532
59|143,3533
741|12,3534
56|181,3535
40|96,3536
117|103,3537
2241|3,3538
190|3,3539
392|24,3540
1720|495,3541
2259|461,3542
1150|1140,3543
586|212,3544
202|769,3545
248|242,3546
1182|106,3547
1023|409,3548
278|16,3549
150|1630,3550
731|95,3551
499|432,3552
444|52,3553
285|2,3554
1987|555,3555
2838|3189,3556
31|194,3557
165|1093,3558
1089|133,3559
241|66,3560
2104|106,3561
310|188,3562
1336|292,3563
2116|117,3564
1195|76,3565
1218|622,3566
367|726,3567
1116|98,3568
414|216,3569
212|76,3570
1417|55,3571
550|117,3572
1249|887,3573
1722|110,3574
883|259,3575
1046|179,3576
40|467,3577
62|42,3578
2854|74,3579
68|2344,3580
75|1917,3581
90|597,3582
105|106,3583
355|272,3584
17|200,3585
1390|2670,3586
1340|214,3587
577|802,3588
359|102,3589
1348|111,3590
245|3400,3591
57|138,3592
345|273,3593
630|134,3594
1247|52,3595
78|23,3596
1363|2387,3597
1179|43,3598
1041|145,3599
624|230,3600
641|124,3601
222|253,3602
93|257,3603
103|608,3604
133|409,3605
904|281,3606
1374|124,3607
884|97,3608
1642|15,3609
129|54,3610
896|191,3611
261|116,3612
37|95,3613
298|63,3614
478|23,3615
232|174,3616
2797|1069,3617
40|118,3618
115|3,3619
1129|230,3620
198|1297,3621
92|102,3622
234|2011,3623
1087|278,3624
139|123,3625
117|11,3626
2165|137,3627
533|76,3628
999|380,3629
121|815,3630
40|126,3631
702|2049,3632
1350|257,3633
658|1080,3634
65|11,3635
981|215,3636
33|170,3637
1213|315,3638
18|137,3639
145|52,3640
721|52,3641
3025|146,3642
685|384,3643
230|17,3644
888|181,3645
53|30,3646
50|21,3647
158|255,3648
347|7,3649
2164|344,3650
414|54,3651
108|293,3652
2|89,3653
246|335,3654
1054|289,3655
571|52,3656
347|55,3657
221|83,3658
2312|3,3659
731|606,3660
1116|60,3661
557|1760,3662
136|1082,3663
714|137,3664
148|16,3665
1692|86,3666
3110|1014,3667
165|170,3668
168|258,3669
924|2900,3670
1793|493,3671
101|103,3672
1612|146,3673
251|137,3674
1734|95,3675
298|604,3676
195|125,3677
237|16,3678
84|218,3679
859|372,3680
77|119,3681
1040|597,3682
806|138,3683
631|66,3684
72|182,3685
2184|125,3686
1139|85,3687
386|454,3688
84|2919,3689
2651|101,3690
18|500,3691
708|214,3692
851|1557,3693
1269|3,3694
305|92,3695
665|1321,3696
1107|48,3697
1260|252,3698
3002|89,3699
1115|34,3700
1871|2143,3701
284|166,3702
2100|104,3703
3611|76,3704
355|352,3705
779|1756,3706
127|34,3707
84|1991,3708
1951|43,3709
1006|461,3710
905|470,3711
617|181,3712
197|16,3713
36|92,3714
165|212,3715
145|3,3716
2139|60,3717
1728|320,3718
77|117,3719
502|54,3720
157|342,3721
2336|541,3722
67|1697,3723
1493|76,3724
39|1095,3725
817|55,3726
117|92,3727
582|129,3728
539|400,3729
1144|82,3730
23|1095,3731
674|145,3732
490|24,3733
1282|48,3734
132|76,3735
987|134,3736
1452|514,3737
635|166,3738
90|378,3739
73|570,3740
73|59,3741
14|61,3742
1727|110,3743
327|214,3744
2181|16,3745
236|87,3746
65|3079,3747
2346|433,3748
2224|199,3749
306|229,3750
74|185,3751
2267|48,3752
2516|97,3753
82|11,3754
134|170,3755
90|3755,3756
832|86,3757
132|565,3758
126|54,3759
271|103,3760
33|54,3761
145|608,3762
2016|142,3763
50|20,3764
198|86,3765
1201|60,3766
662|1545,3767
1504|199,3768
32|337,3769
569|172,3770
1884|257,3771
72|1718,3772
1985|170,3773
234|293,3774
56|254,3775
73|548,3776
23|391,3777
102|16,3778
53|46,3779
114|66,3780
358|88,3781
1260|257,3782
628|433,3783
118|17,3784
474|3,3785
91|60,3786
2008|48,3787
456|92,3788
1793|17,3789
49|111,3790
2332|1620,3791
1067|166,3792
184|2089,3793
1413|270,3794
774|1604,3795
232|316,3796
787|43,3797
283|138,3798
476|349,3799
1653|137,3800
154|93,3801
1884|253,3802
78|555,3803
2453|87,3804
753|173,3805
87|11,3806
1301|125,3807
429|3,3808
95|116,3809
959|170,3810
268|133,3811
125|103,3812
65|125,3813
2407|91,3814
305|117,3815
3026|111,3816
635|604,3817
619|125,3818
65|30,3819
1174|96,3820
497|87,3821
75|2443,3822
348|622,3823
3385|11,3824
458|515,3825
62|1042,3826
1977|287,3827
429|211,3828
68|252,3829
75|2233,3830
527|97,3831
222|212,3832
888|87,3833
171|2229,3834
124|54,3835
1091|153,3836
103|200,3837
1556|174,3838
470|255,3839
180|3,3840
333|1293,3841
907|103,3842
531|7,3843
737|58,3844
90|921,3845
1679|147,3846
81|181,3847
1373|103,3848
39|801,3849
1848|188,3850
54|137,3851
635|320,3852
373|133,3853
766|16,3854
42|11,3855
456|110,3856
105|110,3857
103|542,3858
112|253,3859
104|24,3860
53|116,3861
574|315,3862
803|91,3863
13|146,3864
329|106,3865
640|11,3866
643|134,3867
1296|43,3868
118|281,3869
221|1001,3870
75|325,3871
298|219,3872
1668|95,3873
84|205,3874
107|463,3875
2297|3493,3876
1195|16,3877
655|231,3878
479|52,3879
50|3,3880
84|126,3881
274|7,3882
1472|55,3883
124|110,3884
1580|11,3885
957|93,3886
59|254,3887
499|76,3888
1438|218,3889
531|147,3890
1229|173,3891
1453|200,3892
252|82,3893
37|93,3894
780|60,3895
2306|52,3896
145|24,3897
184|163,3898
388|54,3899
1182|55,3900
262|87,3901
594|3,3902
230|216,3903
915|216,3904
1109|180,3905
151|163,3906
186|95,3907
132|447,3908
127|196,3909
883|229,3910
617|106,3911
75|43,3912
302|16,3913
49|125,3914
1665|199,3915
56|647,3916
301|169,3917
146|98,3918
28|1574,3919
118|177,3920
160|1045,3921
249|139,3922
318|19,3923
303|474,3924
195|179,3925
851|137,3926
67|197,3927
344|193,3928
85|106,3929
924|147,3930
468|375,3931
159|151,3932
123|33,3933
127|1406,3934
72|103,3935
51|36,3936
155|104,3937
780|375,3938
236|778,3939
49|101,3940
310|19,3941
168|1917,3942
328|340,3943
2697|532,3944
420|148,3945
1717|733,3946
453|106,3947
205|11,3948
2097|98,3949
140|273,3950
1025|1386,3951
1939|193,3952
473|216,3953
2247|297,3954
1209|98,3955
373|83,3956
107|11,3957
453|110,3958
1176|43,3959
790|52,3960
1149|509,3961
132|92,3962
1413|467,3963
984|173,3964
283|1605,3965
2469|339,3966
1301|101,3967
1036|439,3968
67|2980,3969
549|1318,3970
91|690,3971
348|118,3972
3458|3386,3973
238|83,3974
2193|95,3975
1645|85,3976
496|52,3977
53|61,3978
425|254,3979
537|54,3980
155|2774,3981
492|76,3982
367|43,3983
73|1605,3984
77|113,3985
2433|383,3986
1117|257,3987
86|76,3988
140|440,3989
140|101,3990
245|514,3991
472|230,3992
77|95,3993
762|335,3994
501|921,3995
162|153,3996
355|138,3997
68|79,3998
1143|86,3999
355|1069,4000
750|89,4001
1716|60,4002
122|642,4003
664|410,4004
1666|215,4005
1550|185,4006
2857|3637,4007
126|11,4008
392|3,4009
226|54,4010
34|125,4011
178|82,4012
922|97,4013
84|206,4014
50|2482,4015
1218|2153,4016
2291|54,4017
2024|110,4018
75|1584,4019
136|125,4020
2158|231,4021
171|1945,4022
1627|95,4023
219|204,4024
427|86,4025
1174|199,4026
814|106,4027
73|2385,4028
617|104,4029
1499|91,4030
72|104,4031
49|302,4032
127|879,4033
1404|43,4034
545|583,4035
112|320,4036
127|89,4037
3005|1381,4038
2193|125,4039
114|94,4040
954|55,4041
581|1321,4042
864|634,4043
159|123,4044
960|58,4045
367|259,4046
49|55,4047
2822|281,4048
105|219,4049
507|133,4050
171|166,4051
131|125,4052
120|235,4053
178|196,4054
496|113,4055
104|147,4056
91|565,4057
83|102,4058
527|147,4059
469|32,4060
28|1795,4061
38|116,4062
46|66,4063
291|55,4064
620|243,4065
120|217,4066
133|104,4067
370|1527,4068
40|326,4069
73|2646,4070
720|103,4071
1208|97,4072
190|2233,4073
17|297,4074
62|2481,4075
185|16,4076
341|66,4077
85|143,4078
1635|257,4079
44|82,4080
1083|315,4081
31|500,4082
190|1740,4083
67|24,4084
553|382,4085
2447|605,4086
71|1698,4087
717|1694,4088
893|687,4089
156|2230,4090
657|474,4091
415|110,4092
1693|2047,4093
327|3275,4094
2606|143,4095
572|123,4096
202|824,4097
122|11,4098
682|85,4099
420|273,4100
156|124,4101
214|104,4102
68|106,4103
18|35,4104
611|129,4105
1836|95,4106
2381|33,4107
789|3,4108
2203|95,4109
154|454,4110
1336|218,4111
1526|7,4112
3056|16,4113
73|214,4114
1023|541,4115
909|319,4116
2258|16,4117
468|79,4118
2495|1921,4119
594|608,4120
1845|110,4121
59|110,4122
67|204,4123
2357|634,4124
2028|214,4125
891|175,4126
414|297,4127
909|175,4128
345|148,4129
94|213,4130
1913|3948,4131
165|263,4132
105|1759,4133
68|170,4134
2029|34,4135
39|491,4136
2605|11,4137
346|7,4138
248|200,4139
1436|92,4140
158|24,4141
2020|98,4142
2722|16,4143
84|1945,4144
1390|2809,4145
554|962,4146
47|170,4147
1708|512,4148
487|432,4149
617|1217,4150
271|447,4151
71|60,4152
1573|33,4153
1111|52,4154
1248|1181,4155
473|110,4156
3137|432,4157
198|180,4158
68|839,4159
156|285,4160
1629|199,4161
109|391,4162
2416|200,4163
85|16,4164
1611|267,4165
127|172,4166
93|106,4167
1445|147,4168
782|11,4169
1149|986,4170
421|733,4171
1010|110,4172
148|24,4173
832|138,4174
1102|401,4175
1910|1393,4176
81|2544,4177
2136|33,4178
1348|117,4179
557|3023,4180
42|43,4181
861|255,4182
549|116,4183
799|1037,4184
573|2067,4185
2741|1354,4186
1187|199,4187
1373|87,4188
1652|180,4189
47|172,4190
40|778,4191
2076|229,4192
47|254,4193
1132|2215,4194
66|123,4195
82|143,4196
664|304,4197
75|3387,4198
1260|253,4199
90|274,4200
501|1145,4201
141|85,4202
2675|42,4203
441|16,4204
2732|48,4205
237|3,4206
1782|137,4207
303|82,4208
2374|175,4209
592|890,4210
343|3207,4211
680|60,4212
72|137,4213
181|16,4214
307|18,4215
109|125,4216
1815|215,4217
2735|52,4218
2040|123,4219
67|106,4220
184|98,4221
884|92,4222
54|98,4223
48|116,4224
1949|304,4225
557|118,4226
113|82,4227
861|177,4228
218|55,4229
543|33,4230
103|58,4231
2514|116,4232
127|181,4233
68|880,4234
606|137,4235
1159|76,4236
359|3433,4237
60|102,4238
751|255,4239
1040|92,4240
10|344,4241
90|810,4242
131|174,4243
90|2476,4244
120|180,4245
1503|266,4246
1317|58,4247
262|1458,4248
298|257,4249
1256|610,4250
85|349,4251
47|36,4252
11|24,4253
67|653,4254
794|193,4255
23|2025,4256
2817|4256,4257
90|1937,4258
1055|102,4259
31|66,4260
120|1365,4261
84|16,4262
75|1740,4263
51|101,4264
56|66,4265
3438|103,4266
84|87,4267
47|349,4268
145|255,4269
53|92,4270
62|173,4271
537|43,4272
2367|110,4273
1482|143,4274
922|555,4275
3746|177,4276
762|133,4277
2358|173,4278
1939|204,4279
367|326,4280
250|209,4281
2200|76,4282
594|661,4283
658|102,4284
306|326,4285
190|1584,4286
223|113,4287
2131|114,4288
250|33,4289
2279|304,4290
603|319,4291
67|410,4292
853|55,4293
73|349,4294
2198|3,4295
103|393,4296
1197|514,4297
678|1825,4298
112|33,4299
2380|532,4300
377|673,4301
2177|3,4302
75|48,4303
118|2320,4304
4015|54,4305
1968|133,4306
202|622,4307
961|450,4308
691|1131,4309
47|104,4310
1282|977,4311
909|3151,4312
285|24,4313
823|193,4314
51|126,4315
701|2039,4316
1526|101,4317
1745|88,4318
1049|43,4319
1411|97,4320
2859|278,4321
1570|16,4322
39|179,4323
84|103,4324
488|431,4325
301|103,4326
1416|60,4327
828|1491,4328
105|802,4329
348|98,4330
1022|3653,4331
107|63,4332
1460|197,4333
1503|185,4334
355|60,4335
60|55,4336
50|106,4337
499|158,4338
3268|727,4339
694|114,4340
3272|172,4341
270|48,4342
1407|101,4343
2334|209,4344
350|59,4345
488|76,4346
360|383,4347
408|598,4348
1168|455,4349
433|85,4350
23|60,4351
160|270,4352
74|91,4353
671|2684,4354
355|933,4355
3038|763,4356
3512|1837,4357
1627|16,4358
464|228,4359
822|106,4360
1204|163,4361
286|273,4362
421|977,4363
369|270,4364
537|102,4365
91|143,4366
607|388,4367
73|1365,4368
1479|104,4369
355|1227,4370
109|148,4371
259|55,4372
4203|3104,4373
3246|98,4374
1617|86,4375
159|33,4376
65|74,4377
164|142,4378
129|33,4379
458|767,4380
451|132,4381
2072|111,4382
74|92,4383
3072|339,4384
298|129,4385
283|2212,4386
469|319,4387
120|185,4388
714|119,4389
625|124,4390
452|54,4391
146|145,4392
338|111,4393
157|181,4394
596|1319,4395
3898|3081,4396
1577|230,4397
36|181,4398
1168|79,4399
330|123,4400
68|2192,4401
310|270,4402
731|61,4403
159|106,4404
1697|297,4405
122|675,4406
230|177,4407
1439|137,4408
649|116,4409
764|280,4410
458|147,4411
344|76,4412
434|3,4413
234|450,4414
50|243,4415
1094|102,4416
38|324,4417
112|48,4418
105|3,4419
2226|1001,4420
4252|94,4421
19|86,4422
2644|115,4423
341|467,4424
223|21,4425
56|1991,4426
168|4259,4427
32|111,4428
428|180,4429
83|116,4430
1603|1696,4431
1913|280,4432
160|87,4433
370|153,4434
140|21,4435
174|76,4436
73|206,4437
848|101,4438
620|101,4439
468|115,4440
1475|358,4441
594|410,4442
379|76,4443
1327|1381,4444
2055|1367,4445
1430|1314,4446
758|716,4447
1509|55,4448
221|1233,4449
861|304,4450
49|388,4451
3303|636,4452
421|111,4453
128|31,4454
150|211,4455
2353|97,4456
1621|409,4457
558|1427,4458
527|111,4459
1580|55,4460
4294|498,4461
1954|215,4462
2627|124,4463
192|93,4464
223|104,4465
2616|216,4466
1348|205,4467
1273|95,4468
248|137,4469
140|1543,4470
850|111,4471
1591|158,4472
40|687,4473
333|133,4474
40|180,4475
1438|292,4476
476|263,4477
1049|110,4478
122|145,4479
126|76,4480
619|1110,4481
186|191,4482
984|199,4483
105|214,4484
169|55,4485
1373|63,4486
305|110,4487
1050|145,4488
84|61,4489
275|91,4490
519|16,4491
479|3,4492
50|174,4493
501|312,4494
1090|89,4495
898|1827,4496
2835|292,4497
853|123,4498
343|124,4499
837|52,4500
39|97,4501
963|111,4502
119|389,4503
582|170,4504
75|2483,4505
960|132,4506
411|114,4507
118|2108,4508
240|151,4509
1717|977,4510
1974|2901,4511
2623|534,4512
3357|2225,4513
234|16,4514
112|104,4515
1648|384,4516
160|3280,4517
1119|52,4518
250|219,4519
1169|110,4520
298|11,4521
48|200,4522
1363|1108,4523
1741|92,4524
323|196,4525
202|642,4526
2227|180,4527
53|454,4528
3091|1459,4529
2128|55,4530
305|52,4531
62|515,4532
1249|43,4533
3119|98,4534
2286|147,4535
1612|111,4536
915|94,4537
240|293,4538
2050|446,4539
1648|79,4540
2266|636,4541
67|229,4542
90|19,4543
67|917,4544
207|3,4545
3706|36,4546
550|3672,4547
408|500,4548
2390|126,4549
1213|325,4550
1169|281,4551
286|569,4552
370|66,4553
348|272,4554
1978|2212,4555
189|43,4556
1058|1309,4557
1878|1024,4558
543|1226,4559
582|1687,4560
3690|3085,4561
132|55,4562
160|679,4563
3379|137,4564
2295|179,4565
2066|179,4566
1124|1228,4567
217|106,4568
185|3,4569
162|265,4570
924|129,4571
2590|123,4572
2001|91,4573
73|2296,4574
2724|91,4575
279|325,4576
338|2378,4577
1368|33,4578
127|2940,4579
1495|375,4580
1460|280,4581
251|191,4582
379|454,4583
47|26,4584
271|91,4585
140|555,4586
186|87,4587
1242|375,4588
65|95,4589
107|1629,4590
521|274,4591
332|102,4592
41|125,4593
56|1200,4594
19|102,4595
143|52,4596
202|514,4597
47|115,4598
338|92,4599
508|214,4600
90|1016,4601
2264|2221,4602
1555|74,4603
701|1544,4604
406|106,4605
1670|461,4606
1686|82,4607
797|104,4608
923|88,4609
102|173,4610
152|23,4611
902|235,4612
1097|1212,4613
74|76,4614
157|3770,4615
1411|400,4616
47|263,4617
10|266,4618
448|1807,4619
28|137,4620
1738|174,4621
51|61,4622
162|6,4623
243|319,4624
119|384,4625
302|145,4626
794|204,4627
170|16,4628
160|132,4629
219|82,4630
3789|337,4631
39|257,4632
501|1585,4633
343|1055,4634
221|4392,4635
307|76,4636
1264|74,4637
84|115,4638
240|2430,4639
47|119,4640
1567|388,4641
327|55,4642
341|96,4643
1885|138,4644
78|110,4645
21|263,4646
2055|4646,4647
2975|96,4648
4147|1542,4649
235|3,4650
723|32,4651
594|16,4652
250|410,4653
3464|185,4654
693|3,4655
1936|88,4656
3184|101,4657
108|61,4658
1927|102,4659
1025|55,4660
639|1231,4661
761|137,4662
1289|52,4663
508|492,4664
1301|61,4665
1803|52,4666
91|54,4667
2520|1157,4668
128|148,4669
476|1228,4670
989|542,4671
240|302,4672
453|52,4673
2768|185,4674
326|43,4675
1310|143,4676
318|1508,4677
318|1080,4678
456|219,4679
2626|74,4680
2981|114,4681
37|104,4682
908|48,4683
1039|66,4684
143|33,4685
429|24,4686
1421|340,4687
1968|125,4688
1802|82,4689
4134|89,4690
1446|52,4691
1613|76,4692
168|4491,4693
420|83,4694
1439|153,4695
1636|24,4696
1317|1418,4697
377|446,4698
460|212,4699
1473|281,4700
1922|125,4701
1204|97,4702
405|60,4703
47|1068,4704
2246|110,4705
244|16,4706
355|670,4707
34|85,4708
3428|123,4709
119|372,4710
746|54,4711
607|230,4712
75|412,4713
721|76,4714
238|138,4715
246|3549,4716
1116|139,4717
67|322,4718
638|1356,4719
39|15,4720
20|33,4721
374|257,4722
517|2513,4723
122|672,4724
1105|2174,4725
1039|228,4726
2100|153,4727
262|194,4728
527|92,4729
47|48,4730
301|270,4731
442|106,4732
4339|425,4733
2478|91,4734
237|352,4735
122|769,4736
188|1781,4737
1350|2147,4738
2600|541,4739
105|255,4740
1504|2793,4741
3193|2207,4742
53|265,4743
107|103,4744
4289|116,4745
1642|1125,4746
217|2315,4747
350|138,4748
168|610,4749
2041|115,4750
639|583,4751
1191|2673,4752
1264|209,4753
2611|55,4754
2630|610,4755
329|143,4756
1296|91,4757
1668|125,4758
354|97,4759
73|19,4760
39|59,4761
2275|119,4762
56|1937,4763
444|555,4764
1205|54,4765
90|33,4766
37|125,4767
185|179,4768
127|560,4769
283|2896,4770
774|138,4771
639|1308,4772
2145|79,4773
245|1585,4774
1466|199,4775
81|146,4776
65|274,4777
913|76,4778
576|274,4779
174|116,4780
628|1657,4781
214|409,4782
1167|871,4783
853|243,4784
53|887,4785
333|52,4786
75|163,4787
3215|103,4788
3773|1337,4789
1529|125,4790
140|145,4791
98|33,4792
338|113,4793
666|274,4794
702|719,4795
2265|23,4796
160|3521,4797
383|82,4798
761|52,4799
1283|188,4800
68|188,4801
1006|37,4802
75|98,4803
47|2886,4804
118|255,4805
1150|192,4806
2487|82,4807
180|2082,4808
1666|218,4809
120|230,4810
102|247,4811
2641|17,4812
34|92,4813
1213|205,4814
488|15,4815
3086|172,4816
720|66,4817
171|3309,4818
341|4063,4819
120|280,4820
828|101,4821
3082|302,4822
4|12,4823
2779|1034,4824
75|597,4825
1250|560,4826
41|36,4827
983|113,4828
12|106,4829
1439|74,4830
2357|322,4831
1248|514,4832
1141|52,4833
972|1227,4834
241|137,4835
1647|200,4836
2272|123,4837
310|514,4838
1138|1814,4839
355|2,4840
631|209,4841
1495|846,4842
499|454,4843
4357|52,4844
2204|98,4845
1116|687,4846
202|672,4847
343|48,4848
392|7,4849
1404|54,4850
1031|276,4851
451|293,4852
1235|267,4853
1166|88,4854
988|16,4855
2398|254,4856
4856|83,4857
2056|103,4858
1659|1631,4859
3799|11,4860
2382|498,4861
918|3806,4862
508|111,4863
3623|116,4864
42|116,4865
141|116,4866
198|175,4867
18|116,4868
40|52,4869
960|211,4870
414|74,4871
750|113,4872
67|48,4873
2035|113,4874
73|93,4875
238|132,4876
318|276,4877
427|137,4878
306|134,4879
207|265,4880
164|2856,4881
316|83,4882
573|145,4883
496|231,4884
417|142,4885
3426|60,4886
14|35,4887
429|106,4888
1168|52,4889
1242|316,4890
113|9,4891
1182|14,4892
202|270,4893
64|35,4894
581|24,4895
1501|82,4896
782|24,4897
808|48,4898
4643|270,4899
90|28,4900
52|11,4901
3993|143,4902
896|117,4903
945|52,4904
94|110,4905
386|233,4906
803|145,4907
12|102,4908
168|597,4909
3748|409,4910
1774|742,4911
421|110,4912
979|200,4913
74|103,4914
832|1131,4915
529|265,4916
832|147,4917
41|104,4918
4268|302,4919
180|802,4920
2142|320,4921
638|648,4922
4529|243,4923
399|1804,4924
105|555,4925
4463|91,4926
66|134,4927
246|1055,4928
151|1076,4929
333|60,4930
3003|3,4931
530|670,4932
108|253,4933
345|215,4934
71|1080,4935
354|74,4936
2933|82,4937
2519|52,4938
370|93,4939
2589|139,4940
573|324,4941
1168|231,4942
19|63,4943
16|4943,4944
518|3,4945
84|179,4946
1845|52,4947
385|114,4948
2858|16,4949
286|33,4950
2952|278,4951
345|2563,4952
328|2271,4953
863|52,4954
4179|229,4955
923|435,4956
90|133,4957
2272|76,4958
283|259,4959
73|2187,4960
607|192,4961
4149|1942,4962
1867|16,4963
134|213,4964
8|344,4965
249|1853,4966
3087|197,4967
1025|1544,4968
433|11,4969
2897|2965,4970
39|474,4971
628|2895,4972
388|76,4973
75|1448,4974
202|233,4975
1817|91,4976
62|349,4977
129|3,4978
153|123,4979
264|326,4980
2462|2151,4981
1949|52,4982
2334|137,4983
1933|76,4984
330|228,4985
355|133,4986
264|134,4987
118|24,4988
1612|92,4989
64|61,4990
656|267,4991
641|192,4992
225|110,4993
28|60,4994
1534|110,4995
8|115,4996
327|4996,4997
1591|116,4998
190|258,4999
1026|124,5000
189|54,5001
1031|52,5002
1822|95,5003
130|87,5004
2003|93,5005
3304|292,5006
96|230,5007
1023|946,5008
132|54,5009
2|33,5010
2942|95,5011
2068|409,5012
4589|58,5013
1187|129,5014
1460|2143,5015
613|214,5016
2884|147,5017
86|213,5018
2642|166,5019
89|11,5020
159|14,5021
18|85,5022
2142|890,5023
120|163,5024
1660|180,5025
220|147,5026
56|1365,5027
126|200,5028
85|95,5029
642|106,5030
79|16,5031
2690|101,5032
3301|115,5033
720|265,5034
174|1045,5035
129|92,5036
851|153,5037
233|86,5038
234|113,5039
711|19,5040
68|83,5041
1665|889,5042
127|2180,5043
241|32,5044
180|82,5045
711|147,5046
3095|24,5047
50|14,5048
168|197,5049
2583|12,5050
13|61,5051
582|173,5052
285|193,5053
1204|147,5054
3644|2049,5055
1570|24,5056
207|125,5057
641|933,5058
140|8,5059
83|61,5060
14|500,5061
120|16,5062
37|316,5063
181|55,5064
77|19,5065
4158|137,5066
1018|380,5067
2163|213,5068
2899|320,5069
348|834,5070
3054|267,5071
878|465,5072
561|48,5073
202|718,5074
68|14,5075
643|569,5076
2074|849,5077
2974|1921,5078
152|7,5079
1731|216,5080
1417|123,5081
448|153,5082
1798|83,5083
775|179,5084
1201|1698,5085
782|7,5086
904|93,5087
3995|55,5088
799|1386,5089
1882|60,5090
2973|216,5091
186|265,5092
1919|11,5093
2703|123,5094
708|868,5095
56|792,5096
655|175,5097
691|134,5098
241|2961,5099
1054|319,5100
665|2023,5101
1196|320,5102
1066|325,5103
2050|363,5104
1649|24,5105
4104|54,5106
67|389,5107
127|632,5108
220|801,5109
1284|116,5110
498|266,5111
77|14,5112
50|163,5113
2066|60,5114
479|255,5115
2671|363,5116
989|177,5117
81|669,5118
677|258,5119
83|11,5120
164|5120,5121
354|54,5122
1468|123,5123
78|2721,5124
47|233,5125
987|215,5126
2652|91,5127
2664|2744,5128
1562|48,5129
934|667,5130
927|846,5131
371|996,5132
421|340,5133
132|103,5134
47|727,5135
68|94,5136
1608|266,5137
1046|139,5138
318|375,5139
1987|514,5140
333|89,5141
195|228,5142
1831|76,5143
1546|147,5144
108|2223,5145
2574|52,5146
66|52,5147
1256|388,5148
12|1045,5149
95|52,5150
708|217,5151
89|3,5152
5039|61,5153
1929|92,5154
103|123,5155
806|134,5156
171|929,5157
344|204,5158
49|106,5159
1664|304,5160
1117|1226,5161
67|124,5162
1820|116,5163
444|509,5164
1446|110,5165
139|60,5166
73|115,5167
665|1826,5168
557|98,5169
68|212,5170
573|1154,5171
655|89,5172
140|2559,5173
3349|900,5174
1700|102,5175
105|276,5176
184|59,5177
2848|471,5178
480|35,5179
1333|147,5180
3355|276,5181
4731|2025,5182
2326|43,5183
23|228,5184
2648|82,5185
417|113,5186
1407|191,5187
901|24,5188
638|1425,5189
624|921,5190
235|447,5191
1520|255,5192
643|148,5193
28|977,5194
284|145,5195
883|326,5196
637|147,5197
236|1314,5198
749|94,5199
90|233,5200
145|17,5201
38|3204,5202
3681|1068,5203
78|597,5204
630|273,5205
405|2012,5206
250|16,5207
75|4630,5208
132|146,5209
333|509,5210
245|86,5211
961|388,5212
547|55,5213
3481|1418,5214
3862|85,5215
1067|24,5216
1073|263,5217
160|28,5218
212|52,5219
264|229,5220
158|393,5221
1996|274,5222
574|2613,5223
184|243,5224
127|14,5225
105|76,5226
878|85,5227
1773|85,5228
820|54,5229
2243|96,5230
1289|94,5231
2013|672,5232
54|302,5233
2350|337,5234
1053|82,5235
546|111,5236
73|880,5237
2000|2729,5238
1197|89,5239
893|139,5240
242|101,5241
164|5241,5242
63|106,5243
127|3051,5244
607|14,5245
95|54,5246
2645|52,5247
1374|48,5248
4031|133,5249
1104|16,5250
223|147,5251
882|147,5252
2226|12,5253
84|2800,5254
427|228,5255
307|219,5256
1626|1299,5257
1456|85,5258
56|1410,5259
3217|179,5260
154|74,5261
250|92,5262
666|97,5263
1353|92,5264
1187|173,5265
15|33,5266
61|177,5267
84|254,5268
141|54,5269
1509|106,5270
1874|89,5271
635|910,5272
357|7,5273
360|2432,5274
4284|83,5275
1153|101,5276
2394|16,5277
807|292,5278
2884|214,5279
127|185,5280
958|92,5281
1202|1227,5282
277|173,5283
810|58,5284
90|3077,5285
518|16,5286
15|231,5287
38|27,5288
305|111,5289
39|4397,5290
3432|199,5291
80|24,5292
460|257,5293
73|134,5294
941|235,5295
270|3,5296
100|101,5297
1170|17,5298
1094|2010,5299
1117|540,5300
251|101,5301
874|48,5302
533|55,5303
221|24,5304
241|660,5305
45|199,5306
1345|805,5307
65|46,5308
999|2106,5309
73|280,5310
463|492,5311
23|3524,5312
59|92,5313
236|103,5314
2526|461,5315
721|1377,5316
81|192,5317
10|89,5318
3422|94,5319
103|410,5320
343|388,5321
4062|117,5322
17|110,5323
1025|243,5324
119|492,5325
3299|230,5326
212|393,5327
56|2229,5328
50|36,5329
90|312,5330
62|92,5331
23|21,5332
1668|174,5333
1175|101,5334
550|3812,5335
132|116,5336
128|569,5337
47|10,5338
1931|148,5339
1468|55,5340
710|3036,5341
664|255,5342
5179|4235,5343
4262|965,5344
753|147,5345
4489|4737,5346
1922|95,5347
883|148,5348
47|148,5349
2644|19,5350
5350|5106,5351
178|673,5352
79|111,5353
1390|1630,5354
202|805,5355
1307|1585,5356
1091|209,5357
2249|125,5358
601|403,5359
360|166,5360
761|242,5361
909|384,5362
229|856,5363
73|3982,5364
2204|102,5365
3469|143,5366
2165|66,5367
449|85,5368
1567|378,5369
1438|1233,5370
845|2507,5371
321|632,5372
1267|52,5373
1496|2434,5374
2916|824,5375
190|1016,5376
1159|106,5377
90|32,5378
222|252,5379
155|196,5380
2015|193,5381
84|266,5382
279|94,5383
96|11,5384
1737|60,5385
921|110,5386
1336|1699,5387
851|2585,5388
77|636,5389
428|1352,5390
75|82,5391
73|2335,5392
1459|13,5393
905|267,5394
1129|1308,5395
1515|409,5396
153|85,5397
1977|52,5398
3389|52,5399
922|114,5400
289|24,5401
1139|1337,5402
136|33,5403
1940|139,5404
2920|4410,5405
329|123,5406
478|272,5407
90|3869,5408
973|263,5409
10|179,5410
52|110,5411
1235|1212,5412
708|147,5413
637|447,5414
311|103,5415
81|273,5416
338|214,5417
170|20,5418
999|88,5419
4242|129,5420
355|778,5421
998|1001,5422
95|110,5423
1201|1507,5424
640|289,5425
913|55,5426
133|344,5427
1158|92,5428
2363|409,5429
298|253,5430
2445|98,5431
659|97,5432
109|215,5433
2266|606,5434
3491|137,5435
1880|1223,5436
1159|55,5437
1220|116,5438
67|254,5439
648|123,5440
65|104,5441
184|180,5442
241|228,5443
1940|102,5444
202|943,5445
2234|66,5446
1284|52,5447
2473|98,5448
2157|482,5449
502|43,5450
1898|252,5451
576|102,5452
1256|726,5453
2297|325,5454
251|30,5455
122|91,5456
1820|43,5457
1530|52,5458
472|147,5459
4349|188,5460
814|24,5461
2424|76,5462
1903|209,5463
93|1832,5464
791|52,5465
1731|82,5466
39|270,5467
1122|76,5468
762|255,5469
109|263,5470
60|1131,5471
225|900,5472
160|855,5473
104|320,5474
167|179,5475
1007|312,5476
162|102,5477
1521|193,5478
626|2114,5479
165|242,5480
303|3,5481
107|25,5482
1645|102,5483
267|16,5484
1046|118,5485
1837|266,5486
77|742,5487
13|733,5488
1190|24,5489
72|153,5490
739|252,5491
665|2225,5492
107|534,5493
367|273,5494
863|175,5495
766|110,5496
164|147,5497
1146|116,5498
2173|74,5499
64|117,5500
220|166,5501
3123|76,5502
1025|123,5503
390|1672,5504
124|1274,5505
2992|1076,5506
3935|170,5507
165|113,5508
75|137,5509
305|174,5510
3062|113,5511
709|24,5512
106|118,5513
1670|254,5514
229|214,5515
1248|89,5516
2465|200,5517
345|87,5518
924|173,5519
620|4350,5520
371|4944,5521
3934|180,5522
305|733,5523
19|389,5524
762|187,5525
2568|97,5526
1720|289,5527
1378|212,5528
2351|76,5529
1898|540,5530
874|111,5531
384|123,5532
531|145,5533
2931|43,5534
1171|555,5535
164|1034,5536
140|214,5537
47|219,5538
1270|54,5539
1520|304,5540
236|4195,5541
4368|123,5542
105|18,5543
1117|48,5544
75|133,5545
3202|138,5546
3779|432,5547
3138|217,5548
53|126,5549
521|85,5550
202|474,5551
3391|4082,5552
804|200,5553
23|98,5554
781|115,5555
692|52,5556
19|255,5557
353|316,5558
303|361,5559
945|1771,5560
1546|214,5561
82|690,5562
3225|95,5563
3729|1309,5564
1871|197,5565
78|742,5566
367|11,5567
23|137,5568
3041|372,5569
64|634,5570
60|683,5571
145|58,5572
2115|129,5573
3406|243,5574
1194|138,5575
68|434,5576
23|35,5577
67|2011,5578
47|132,5579
147|110,5580
140|754,5581
152|96,5582
611|170,5583
50|335,5584
577|11,5585
62|61,5586
1473|1814,5587
259|106,5588
2139|119,5589
147|92,5590
477|5353,5591
330|14,5592
77|16,5593
77|37,5594
1139|36,5595
658|103,5596
835|297,5597
1738|1277,5598
49|204,5599
74|60,5600
1496|2148,5601
118|726,5602
5292|270,5603
141|55,5604
1700|118,5605
1711|137,5606
56|63,5607
44|2218,5608
68|1960,5609
1213|86,5610
152|21,5611
777|474,5612
20|11,5613
157|145,5614
464|106,5615
567|393,5616
2476|185,5617
342|3,5618
49|28,5619
39|17,5620
5033|2948,5621
39|35,5622
95|218,5623
460|83,5624
4467|89,5625
803|672,5626
912|142,5627
816|247,5628
235|297,5629
501|604,5630
797|2389,5631
429|4390,5632
120|147,5633
1053|129,5634
1072|17,5635
67|206,5636
164|97,5637
212|304,5638
151|906,5639
12|87,5640
65|34,5641
60|1274,5642
167|4,5643
125|215,5644
140|890,5645
96|509,5646
3027|188,5647
171|569,5648
103|297,5649
68|2355,5650
3|32,5651
56|1916,5652
190|1633,5653
386|2,5654
3838|111,5655
205|153,5656
496|2366,5657
1301|174,5658
109|3094,5659
1502|98,5660
479|76,5661
573|361,5662
39|1061,5663
744|565,5664
932|11,5665
2332|276,5666
271|166,5667
310|315,5668
84|2553,5669
680|18,5670
1266|43,5671
109|204,5672
1310|88,5673
4192|409,5674
845|138,5675
1487|74,5676
567|1082,5677
918|648,5678
913|106,5679
903|97,5680
402|4610,5681
551|1656,5682
131|316,5683
469|361,5684
1486|82,5685
3247|82,5686
470|24,5687
1124|2156,5688
701|14,5689
1138|129,5690
460|43,5691
1118|93,5692
637|200,5693
167|2355,5694
2338|3278,5695
354|263,5696
637|129,5697
1504|4518,5698
646|110,5699
39|151,5700
75|102,5701
353|719,5702
853|965,5703
2525|495,5704
1134|1631,5705
53|113,5706
2303|211,5707
637|255,5708
345|266,5709
1129|278,5710
1007|257,5711
464|104,5712
460|2439,5713
1978|3472,5714
75|59,5715
84|634,5716
2286|214,5717
870|1299,5718
2253|137,5719
2024|43,5720
557|66,5721
10|778,5722
2728|231,5723
1201|846,5724
646|137,5725
594|389,5726
202|361,5727
4885|257,5728
646|52,5729
112|3,5730
577|3099,5731
515|254,5732
73|381,5733
305|2006,5734
913|675,5735
535|255,5736
386|3154,5737
944|61,5738
951|52,5739
2529|17,5740
2624|85,5741
1533|383,5742
59|11,5743
1855|2967,5744
355|119,5745
3451|3348,5746
2319|43,5747
1270|43,5748
108|383,5749
67|852,5750
1268|74,5751
75|192,5752
517|52,5753
878|139,5754
2299|166,5755
77|5418,5756
221|215,5757
1750|96,5758
5000|1157,5759
2632|1277,5760
1658|110,5761
67|361,5762
1499|324,5763
369|470,5764
1749|134,5765
2698|110,5766
879|52,5767
310|252,5768
164|591,5769
506|137,5770
2304|82,5771
345|569,5772
2043|622,5773
1421|98,5774
979|52,5775
130|113,5776
596|52,5777
1195|106,5778
1301|96,5779
3782|471,5780
248|219,5781
96|134,5782
127|146,5783
50|95,5784
373|1131,5785
2433|166,5786
310|114,5787
167|113,5788
545|52,5789
105|129,5790
954|116,5791
1296|16,5792
68|243,5793
1360|1637,5794
1931|1543,5795
3739|103,5796
73|342,5797
2726|139,5798
1929|110,5799
77|102,5800
1158|52,5801
3484|110,5802
185|76,5803
248|216,5804
1248|555,5805
122|683,5806
293|43,5807
3365|361,5808
244|33,5809
4378|79,5810
1340|400,5811
973|200,5812
5812|63,5813
1798|110,5814
176|48,5815
848|125,5816
5577|1575,5817
575|5817,5818
37|255,5819
505|2881,5820
311|48,5821
1459|102,5822
160|2925,5823
1712|784,5824
180|409,5825
1777|88,5826
234|519,5827
164|4914,5828
1689|111,5829
3596|3735,5830
246|257,5831
106|11,5832
721|5819,5833
5136|3778,5834
1646|123,5835
47|179,5836
790|116,5837
619|191,5838
225|242,5839
529|174,5840
151|280,5841
884|55,5842
1766|98,5843
731|191,5844
637|97,5845
198|231,5846
947|1842,5847
56|34,5848
1081|606,5849
421|1926,5850
2815|147,5851
47|118,5852
68|129,5853
338|597,5854
284|361,5855
127|1835,5856
377|258,5857
458|23,5858
628|243,5859
834|43,5860
321|3855,5861
1469|17,5862
850|106,5863
241|397,5864
495|3,5865
122|185,5866
2399|383,5867
874|230,5868
1151|92,5869
1788|24,5870
42|54,5871
4527|2017,5872
1088|2344,5873
3314|5209,5874
15|491,5875
4355|33,5876
359|139,5877
146|116,5878
1660|92,5879
791|137,5880
1204|492,5881
3579|854,5882
1090|175,5883
417|63,5884
348|1323,5885
3156|515,5886
339|16,5887
2949|1295,5888
241|1984,5889
189|52,5890
74|166,5891
286|3533,5892
2247|200,5893
1651|138,5894
2728|3088,5895
176|143,5896
1081|2428,5897
165|187,5898
130|242,5899
171|89,5900
1617|231,5901
298|103,5902
1025|965,5903
67|2277,5904
1824|946,5905
320|43,5906
60|116,5907
2249|21,5908
3998|1916,5909
38|278,5910
314|434,5911
867|92,5912
1268|1795,5913
279|319,5914
1567|474,5915
557|61,5916
1026|297,5917
630|215,5918
240|188,5919
183|3761,5920
39|2562,5921
285|204,5922
1906|52,5923
3394|849,5924
3398|686,5925
1081|4436,5926
1498|79,5927
67|1577,5928
1525|465,5929
2014|103,5930
56|146,5931
1494|965,5932
4212|495,5933
73|5007,5934
2564|145,5935
89|7,5936
10|292,5937
1374|834,5938
67|463,5939
16|106,5940
753|129,5941
124|133,5942
159|96,5943
229|372,5944
1167|158,5945
571|116,5946
723|55,5947
1256|123,5948
960|74,5949
1295|98,5950
1573|58,5951
508|1392,5952
750|2302,5953
148|193,5954
1539|384,5955
2214|185,5956
782|3,5957
1773|139,5958
90|104,5959
250|319,5960
396|418,5961
1590|767,5962
75|180,5963
517|2221,5964
392|389,5965
18|358,5966
2260|86,5967
174|200,5968
45|61,5969
1482|55,5970
68|1545,5971
28|74,5972
1275|212,5973
924|3218,5974
2690|21,5975
1033|435,5976
1590|214,5977
164|312,5978
31|153,5979
306|185,5980
953|52,5981
78|188,5982
1849|5029,5983
40|181,5984
288|281,5985
198|623,5986
1868|123,5987
217|24,5988
1336|3015,5989
1281|36,5990
116|55,5991
945|82,5992
1081|125,5993
566|17,5994
132|276,5995
882|214,5996
2035|267,5997
2818|147,5998
234|322,5999
693|259,6000
127|33,6001
13|21,6002
720|209,6003
126|199,6004
310|151,6005
197|52,6006
45|118,6007
39|104,6008
870|197,6009
1546|79,6010
43|471,6011
16|24,6012
627|185,6013
71|104,6014
202|114,6015
81|855,6016
2600|849,6017
73|17,6018
625|431,6019
114|137,6020
4827|34,6021
574|197,6022
249|119,6023
2468|91,6024
232|1037,6025
3242|94,6026
174|54,6027
899|16,6028
117|87,6029
119|16,6030
2399|604,6031
469|670,6032
1653|104,6033
2878|114,6034
210|82,6035
34|143,6036
406|143,6037
411|175,6038
3674|461,6039
1430|2739,6040
310|92,6041
318|179,6042
1103|1481,6043
1196|1145,6044
2083|52,6045
1340|2978,6046
1553|145,6047
3621|432,6048
959|1082,6049
3398|194,6050
39|95,6051
1439|66,6052
39|267,6053
301|98,6054
1794|137,6055
370|137,6056
250|778,6057
108|1481,6058
238|1605,6059
2381|11,6060
186|841,6061
720|74,6062
677|153,6063
486|32,6064
501|230,6065
159|675,6066
501|388,6067
2540|672,6068
1824|541,6069
367|116,6070
283|431,6071
3164|52,6072
230|52,6073
1090|3341,6074
947|3913,6075
165|3159,6076
787|166,6077
1102|471,6078
646|92,6079
2243|1059,6080
421|179,6081
483|4342,6082
51|104,6083
2835|673,6084
449|297,6085
2815|214,6086
48|297,6087
94|58,6088
1586|76,6089
835|276,6090
577|1657,6091
367|389,6092
157|8,6093
3182|358,6094
744|447,6095
859|793,6096
3584|102,6097
1496|1662,6098
2816|393,6099
3447|281,6100
2103|52,6101
2284|769,6102
1101|137,6103
1338|148,6104
39|335,6105
420|569,6106
1867|33,6107
219|76,6108
3500|123,6109
1336|215,6110
171|610,6111
1927|118,6112
2842|172,6113
2092|495,6114
1496|1640,6115
2519|133,6116
168|669,6117
326|91,6118
4465|60,6119
4116|153,6120
1010|76,6121
2209|3,6122
47|173,6123
1469|33,6124
3193|74,6125
321|5393,6126
1101|52,6127
2076|8,6128
4415|838,6129
979|102,6130
1193|1227,6131
73|139,6132
795|435,6133
765|280,6134
3881|1395,6135
240|74,6136
1411|2978,6137
2273|278,6138
2294|219,6139
2015|204,6140
266|110,6141
107|980,6142
75|92,6143
90|3554,6144
1380|113,6145
464|87,6146
4114|118,6147
791|216,6148
1332|119,6149
499|116,6150
172|92,6151
359|1620,6152
1280|102,6153
1540|873,6154
2493|82,6155
1394|98,6156
241|3093,6157
631|302,6158
162|4882,6159
449|200,6160
642|123,6161
3880|48,6162
2599|325,6163
1923|446,6164
305|101,6165
1405|52,6166
2340|3,6167
2945|79,6168
3822|137,6169
2184|95,6170
143|289,6171
3719|6171,6172
96|794,6173
160|12,6174
861|737,6175
480|921,6176
374|278,6177
1442|304,6178
478|2,6179
68|8,6180
28|733,6181
67|887,6182
78|281,6183
2669|11,6184
127|3089,6185
90|1200,6186
623|43,6187
40|258,6188
3723|98,6189
302|86,6190
75|28,6191
1677|124,6192
178|273,6193
2189|106,6194
37|194,6195
1582|153,6196
2082|3,6197
259|94,6198
2074|541,6199
744|102,6200
56|58,6201
1727|281,6202
104|169,6203
94|60,6204
5565|24,6205
453|1412,6206
1700|274,6207
138|82,6208
2824|206,6209
1103|257,6210
107|35,6211
611|23,6212
48|106,6213
5177|43,6214
900|767,6215
659|667,6216
220|151,6217
3827|200,6218
184|312,6219
90|2751,6220
2363|946,6221
120|85,6222
2571|509,6223
3339|139,6224
1041|324,6225
2714|145,6226
161|372,6227
1072|1826,6228
105|242,6229
1665|2126,6230
2850|82,6231
1456|200,6232
3203|89,6233
853|1544,6234
1645|98,6235
386|2640,6236
1153|214,6237
1684|622,6238
739|3570,6239
1716|254,6240
160|4927,6241
333|86,6242
48|102,6243
160|4891,6244
196|514,6245
169|163,6246
428|12,6247
86|102,6248
2206|17,6249
574|31,6250
1815|363,6251
1834|471,6252
249|2183,6253
164|273,6254
1292|116,6255
416|116,6256
127|123,6257
73|254,6258
925|965,6259
2521|199,6260
77|1212,6261
379|216,6262
3763|1299,6263
47|3742,6264
90|815,6265
479|103,6266
527|63,6267
103|137,6268
981|1233,6269
470|82,6270
262|389,6271
1882|119,6272
1536|106,6273
5239|123,6274
439|7,6275
666|163,6276
1887|274,6277
1148|92,6278
3055|124,6279
262|653,6280
912|103,6281
1671|463,6282
577|1412,6283
184|132,6284
3709|134,6285
620|217,6286
3197|676,6287
913|138,6288
1773|401,6289
1180|380,6290
2303|3392,6291
127|412,6292
1720|319,6293
94|304,6294
4359|158,6295
220|79,6296
77|66,6297
428|102,6298
16|116,6299
166|33,6300
837|670,6301
164|139,6302
1867|24,6303
1350|58,6304
84|2483,6305
162|85,6306
596|5233,6307
2175|110,6308
327|285,6309
170|255,6310
2557|719,6311
156|126,6312
551|89,6313
3600|16,6314
2000|276,6315
1267|43,6316
3720|106,6317
195|1574,6318
2336|409,6319
1281|104,6320
272|2434,6321
2267|2147,6322
2295|118,6323
140|1069,6324
105|1983,6325
3022|16,6326
164|58,6327
619|96,6328
241|101,6329
2445|733,6330
14|153,6331
804|98,6332
1144|2018,6333
47|285,6334
903|129,6335
174|106,6336
171|258,6337
1054|94,6338
39|119,6339
68|181,6340
1885|215,6341
47|3209,6342
28|179,6343
94|11,6344
53|153,6345
71|98,6346
355|1508,6347
1452|2046,6348
1660|63,6349
1498|235,6350
69|96,6351
479|410,6352
75|764,6353
2516|214,6354
236|2885,6355
1123|255,6356
5442|83,6357
3228|312,6358
5756|1826,6359
105|111,6360
185|24,6361
37|319,6362
4186|254,6363
1849|180,6364
448|1740,6365
13|60,6366
1528|199,6367
2053|116,6368
1000|34,6369
715|372,6370
60|170,6371
432|16,6372
1589|82,6373
5586|19,6374
160|1200,6375
235|60,6376
3987|85,6377
146|102,6378
39|1365,6379
1031|410,6380
171|5311,6381
108|125,6382
37|500,6383
874|315,6384
239|28,6385
456|5628,6386
279|315,6387
369|188,6388
354|52,6389
3027|113,6390
624|124,6391
666|1406,6392
82|139,6393
112|36,6394
1822|606,6395
33|255,6396
448|74,6397
1114|801,6398
878|98,6399
20|1422,6400
47|324,6401
1103|278,6402
817|106,6403
69|125,6404
5643|132,6405
3|604,6406
2525|94,6407
1689|63,6408
2651|21,6409
1120|875,6410
464|326,6411
168|1045,6412
5648|9,6413
701|342,6414
37|302,6415
121|137,6416
1174|23,6417
1779|213,6418
605|3,6419
86|24,6420
160|258,6421
53|146,6422
2268|312,6423
1079|48,6424
2111|282,6425
1750|6088,6426
766|255,6427
572|106,6428
2480|1095,6429
638|129,6430
120|6036,6431
790|137,6432
1333|89,6433
1363|3864,6434
1070|48,6435
105|103,6436
112|388,6437
1540|610,6438
47|139,6439
4299|1484,6440
872|358,6441
3255|52,6442
2876|179,6443
4341|274,6444
4638|74,6445
1515|946,6446
3073|610,6447
78|342,6448
1664|3,6449
2603|255,6450
47|1853,6451
1143|114,6452
1453|690,6453
105|61,6454
2741|37,6455
164|3356,6456
296|2821,6457
619|61,6458
2173|910,6459
6063|320,6460
1533|145,6461
311|58,6462
646|340,6463
4052|218,6464
120|52,6465
866|113,6466
246|540,6467
2786|482,6468
1836|125,6469
619|636,6470
1091|66,6471
1864|3626,6472
1940|2935,6473
185|11,6474
100|46,6475
1201|1309,6476
898|793,6477
2973|410,6478
39|4102,6479
189|145,6480
934|1076,6481
863|801,6482
199|132,6483
385|185,6484
183|146,6485
1332|10,6486
3815|147,6487
1475|82,6488
1241|1545,6489
1088|363,6490
236|648,6491
1536|55,6492
1105|4214,6493
72|1349,6494
100|4887,6495
521|2893,6496
4663|446,6497
174|297,6498
115|110,6499
1120|274,6500
153|11,6501
1760|88,6502
564|85,6503
84|450,6504
3312|175,6505
750|114,6506
777|1585,6507
624|3289,6508
186|174,6509
1407|1013,6510
2227|742,6511
3176|199,6512
127|534,6513
535|304,6514
1875|111,6515
594|304,6516
3963|153,6517
3804|101,6518
3963|74,6519
1725|142,6520
581|3,6521
3046|139,6522
643|1543,6523
56|118,6524
338|188,6525
298|92,6526
262|2925,6527
157|235,6528
859|830,6529
554|139,6530
127|2987,6531
2273|257,6532
1572|211,6533
90|879,6534
781|94,6535
1528|2126,6536
674|324,6537
2625|103,6538
23|977,6539
1477|110,6540
415|43,6541
682|133,6542
1452|622,6543
107|87,6544
870|325,6545
318|147,6546
2816|24,6547
1338|30,6548
944|175,6549
1248|113,6550
327|148,6551
1295|297,6552
127|23,6553
5422|2263,6554
1032|209,6555
905|86,6556
1534|116,6557
180|3320,6558
2647|1715,6559
1670|463,6560
408|74,6561
486|133,6562
660|146,6563
1434|16,6564
1436|52,6565
4588|16,6566
2081|304,6567
3815|214,6568
90|2078,6569
1196|312,6570
171|204,6571
47|412,6572
251|1588,6573
3284|98,6574
1273|1984,6575
338|1352,6576
96|216,6577
1072|42,6578
1684|235,6579
576|16,6580
6176|5446,6581
1636|255,6582
158|58,6583
462|143,6584
832|767,6585
127|5782,6586
178|830,6587
3937|113,6588
934|111,6589
1040|2012,6590
1086|97,6591
4743|9,6592
165|431,6593
67|148,6594
1104|718,6595
927|126,6596
119|854,6597
250|54,6598
488|1231,6599
92|401,6600
19|137,6601
3821|143,6602
1629|214,6603
73|1098,6604
60|92,6605
127|3979,6606
140|2432,6607
1079|217,6608
1207|98,6609
4946|188,6610
1041|91,6611
1342|358,6612
298|1356,6613
2514|2944,6614
240|24,6615
535|389,6616
136|137,6617
1183|6198,6618
3095|11,6619
2805|110,6620
476|1604,6621
4749|231,6622
36|393,6623
3141|110,6624
2498|1640,6625
393|143,6626
4261|230,6627
65|4164,6628
171|5822,6629
2641|33,6630
2669|16,6631
243|54,6632
711|163,6633
2360|76,6634
2308|2149,6635
380|24,6636
164|6636,6637
1931|569,6638
2747|231,6639
318|119,6640
1430|180,6641
2876|2549,6642
89|24,6643
118|216,6644
1445|2277,6645
91|102,6646
2345|104,6647
155|4161,6648
3771|541,6649
1788|16,6650
2804|117,6651
2374|86,6652
1149|194,6653
1136|52,6654
1932|1223,6655
67|461,6656
1689|92,6657
1689|103,6658
327|134,6659
860|434,6660
2422|137,6661
445|349,6662
330|143,6663
1187|349,6664
1700|4078,6665
3578|5841,6666
359|101,6667
5843|43,6668
1058|375,6669
486|85,6670
249|687,6671
62|63,6672
567|233,6673
84|196,6674
73|770,6675
1556|2330,6676
205|76,6677
274|255,6678
5858|6400,6679
1191|270,6680
242|98,6681
428|17,6682
262|132,6683
3705|102,6684
1094|93,6685
100|93,6686
2252|24,6687
158|542,6688
65|1476,6689
1320|98,6690
1150|1623,6691
1031|3,6692
94|24,6693
3671|129,6694
1097|242,6695
310|2213,6696
630|344,6697
639|92,6698
1050|805,6699
2246|43,6700
2072|835,6701
570|133,6702
3978|212,6703
162|137,6704
245|555,6705
164|5623,6706
142|7,6707
714|74,6708
375|52,6709
2942|125,6710
64|322,6711
156|143,6712
1066|139,6713
3642|133,6714
90|281,6715
766|103,6716
882|76,6717
1803|216,6718
1218|3513,6719
806|215,6720
189|187,6721
1423|3,6722
903|242,6723
21|35,6724
198|263,6725
250|17,6726
577|1983,6727
105|113,6728
1526|96,6729
2785|1226,6730
1952|358,6731
1174|1687,6732
365|101,6733
1727|242,6734
2309|3392,6735
262|519,6736
28|1034,6737
5416|467,6738
305|58,6739
202|83,6740
2814|598,6741
631|3205,6742
139|106,6743
624|1308,6744
1050|91,6745
63|92,6746
4033|92,6747
1850|76,6748
586|335,6749
171|13,6750
75|2950,6751
2530|96,6752
107|92,6753
1883|16,6754
118|33,6755
348|86,6756
2626|1203,6757
935|193,6758
539|767,6759
206|55,6760
33|200,6761
44|302,6762
488|564,6763
123|11,6764
1374|431,6765
65|375,6766
318|60,6767
921|214,6768
38|418,6769
1982|278,6770
415|55,6771
332|212,6772
19|113,6773
82|565,6774
373|138,6775
2383|147,6776
82|60,6777
195|6372,6778
666|23,6779
68|4595,6780
1848|514,6781
360|21,6782
434|43,6783
21|138,6784
186|25,6785
10|85,6786
3747|2006,6787
112|1713,6788
333|146,6789
5784|187,6790
2773|96,6791
90|254,6792
3121|179,6793
90|63,6794
18|102,6795
229|471,6796
171|16,6797
1445|214,6798
1058|179,6799
69|146,6800
2647|13,6801
159|228,6802
5455|3,6803
188|98,6804
173|87,6805
92|110,6806
448|151,6807
102|349,6808
234|86,6809
677|180,6810
447|106,6811
294|712,6812
1664|255,6813
5627|103,6814
637|2126,6815
2273|15,6816
38|272,6817
115|106,6818
1679|158,6819
4000|24,6820
430|87,6821
1733|200,6822
2295|139,6823
615|197,6824
1273|125,6825
294|10,6826
160|653,6827
23|101,6828
2073|719,6829
902|113,6830
188|85,6831
1822|66,6832
1453|297,6833
100|61,6834
867|1425,6835
3642|4,6836
156|792,6837
154|180,6838
5828|1779,6839
5331|19,6840
3709|148,6841
56|48,6842
94|177,6843
530|319,6844
12|403,6845
298|1814,6846
73|83,6847
23|569,6848
139|11,6849
176|3894,6850
104|312,6851
229|54,6852
2398|106,6853
488|124,6854
79|32,6855
112|2580,6856
61|255,6857
4970|344,6858
1653|24,6859
65|174,6860
2393|173,6861
235|116,6862
2084|114,6863
3671|1481,6864
70|89,6865
2181|204,6866
1533|474,6867
1847|179,6868
444|255,6869
1169|76,6870
658|179,6871
2632|1584,6872
4454|117,6873
506|4865,6874
1269|24,6875
3990|139,6876
321|25,6877
327|3665,6878
1123|24,6879
1114|382,6880
238|174,6881
4840|85,6882
1815|446,6883
73|16,6884
3115|54,6885
2425|98,6886
311|3146,6887
2304|358,6888
644|123,6889
823|24,6890
367|2026,6891
4215|175,6892
641|278,6893
3114|48,6894
4923|33,6895
90|3245,6896
5211|2646,6897
2995|19,6898
4680|97,6899
2084|175,6900
4250|270,6901
6836|25,6902
682|60,6903
236|403,6904
2664|793,6905
1939|24,6906
4|4253,6907
1494|1544,6908
2259|254,6909
338|147,6910
1666|363,6911
5715|4618,6912
220|95,6913
826|5767,6914
987|391,6915
157|4569,6916
2878|270,6917
2435|598,6918
658|1853,6919
2457|98,6920
2503|92,6921
765|3557,6922
517|113,6923
2248|1943,6924
4802|986,6925
114|92,6926
2313|92,6927
666|16,6928
420|215,6929
1641|205,6930
2248|125,6931
1267|1955,6932
3073|205,6933
2388|59,6934
1685|541,6935
3992|200,6936
496|801,6937
5831|793,6938
3168|17,6939
554|276,6940
1645|60,6941
197|92,6942
1331|16,6943
1846|278,6944
2437|255,6945
198|129,6946
3584|85,6947
833|97,6948
1332|98,6949
4861|1542,6950
2337|123,6951
2678|48,6952
5380|319,6953
1530|337,6954
105|98,6955
4046|16,6956
345|59,6957
240|1796,6958
130|233,6959
3529|718,6960
220|2302,6961
2173|1349,6962
1423|17,6963
2634|76,6964
283|326,6965
2198|410,6966
2028|147,6967
664|52,6968
1191|86,6969
1776|54,6970
75|66,6971
1004|910,6972
1174|1185,6973
567|515,6974
168|996,6975
1533|361,6976
2423|119,6977
594|1455,6978
2992|103,6979
3833|76,6980
4221|218,6981
73|839,6982
67|3,6983
1306|138,6984
2423|16,6985
252|86,6986
3582|166,6987
867|648,6988
46|52,6989
3236|114,6990
13|910,6991
1246|1227,6992
1783|76,6993
5389|98,6994
1780|1630,6995
637|30,6996
1553|16,6997
1171|470,6998
1782|267,6999
90|3518,7000
107|54,7001
73|192,7002
1876|439,7003
222|3,7004
62|683,7005
666|3186,7006
2005|59,7007
925|123,7008
75|3780,7009
2589|482,7010
1405|43,7011
659|110,7012
3917|335,7013
577|2315,7014
120|5732,7015
130|515,7016
1428|101,7017
11|87,7018
2848|602,7019
159|9,7020
529|1821,7021
17|454,7022
75|119,7023
826|2585,7024
105|119,7025
680|52,7026
257|1426,7027
321|2774,7028
499|2640,7029
488|3190,7030
3262|17,7031
3312|267,7032
171|143,7033
218|123,7034
168|253,7035
298|1418,7036
60|106,7037
705|849,7038
958|597,7039
75|96,7040
47|6603,7041
78|378,7042
1867|3,7043
4086|255,7044
1550|85,7045
333|34,7046
1105|2849,7047
2631|89,7048
758|114,7049
107|403,7050
2363|875,7051
497|344,7052
1624|315,7053
75|3605,7054
4751|2348,7055
411|151,7056
59|14,7057
3041|793,7058
884|52,7059
626|297,7060
2625|1425,7061
56|1212,7062
635|1226,7063
39|4398,7064
638|97,7065
1345|718,7066
1305|116,7067
480|18,7068
310|885,7069
182|548,7070
517|514,7071
2632|3308,7072
2522|5600,7073
373|4901,7074
1328|16,7075
1974|339,7076
136|25,7077
4308|175,7078
298|252,7079
3047|218,7080
2028|767,7081
3994|280,7082
1531|242,7083
140|16,7084
1268|1349,7085
12|110,7086
479|608,7087
3921|60,7088
2274|48,7089
4587|133,7090
241|2330,7091
2309|5055,7092
862|123,7093
2346|254,7094
2614|230,7095
1651|352,7096
628|254,7097
285|1304,7098
256|74,7099
3751|137,7100
171|37,7101
1257|60,7102
493|16,7103
987|148,7104
2092|326,7105
4712|76,7106
477|34,7107
1421|52,7108
236|4353,7109
259|123,7110
1906|43,7111
5148|63,7112
2480|1061,7113
303|255,7114
3211|215,7115
223|101,7116
77|1352,7117
488|335,7118
62|433,7119
1109|111,7120
113|85,7121
188|409,7122
646|54,7123
5864|95,7124
306|259,7125
277|1297,7126
860|352,7127
127|425,7128
90|54,7129
896|339,7130
1173|110,7131
619|103,7132
127|151,7133
156|206,7134
4790|409,7135
202|1154,7136
2469|61,7137
4718|252,7138
1520|389,7139
2628|52,7140
803|769,7141
56|87,7142
2671|532,7143
348|2957,7144
2243|1584,7145
1068|143,7146
90|123,7147
780|143,7148
1018|185,7149
1879|102,7150
159|129,7151
127|2886,7152
367|3084,7153
154|66,7154
1133|6773,7155
262|205,7156
13|117,7157
444|55,7158
4345|3,7159
4075|106,7160
390|235,7161
751|52,7162
2892|297,7163
2692|116,7164
3536|175,7165
321|4161,7166
5182|16,7167
106|48,7168
46|254,7169
2309|211,7170
428|3622,7171
73|625,7172
1777|58,7173
488|719,7174
680|2006,7175
4533|461,7176
67|2483,7177
1032|151,7178
171|3431,7179
264|113,7180
5050|119,7181
34|137,7182
2921|281,7183
157|166,7184
761|76,7185
166|106,7186
1555|153,7187
81|1545,7188
261|16,7189
1350|252,7190
511|243,7191
47|146,7192
19|177,7193
2583|2348,7194
415|4545,7195
3168|2023,7196
15|177,7197
1026|842,7198
1340|147,7199
296|4905,7200
104|304,7201
1353|82,7202
3224|622,7203
1399|52,7204
2894|17,7205
4080|849,7206
348|119,7207
804|297,7208
340|16,7209
5510|446,7210
375|91,7211
3600|410,7212
6682|63,7213
242|76,7214
449|92,7215
714|209,7216
2557|432,7217
5054|1955,7218
318|504,7219
1811|94,7220
1637|11,7221
318|126,7222
626|276,7223
5874|94,7224
1548|143,7225
42|254,7226
1026|276,7227
4|16,7228
3909|514,7229
3618|252,7230
50|493,7231
888|92,7232
354|3260,7233
486|2499,7234
3590|98,7235
791|74,7236
120|470,7237
2097|102,7238
277|349,7239
1142|383,7240
115|11,7241
5310|304,7242
2036|163,7243
448|98,7244
3917|252,7245
2462|98,7246
165|1082,7247
490|106,7248
810|23,7249
75|2292,7250
132|102,7251
762|1359,7252
274|2639,7253
2111|335,7254
65|316,7255
75|4405,7256
1651|9,7257
1260|564,7258
71|58,7259
476|2156,7260
1136|54,7261
1749|148,7262
1855|1244,7263
2373|187,7264
151|219,7265
919|324,7266
3221|10,7267
279|289,7268
155|169,7269
486|319,7270
1413|243,7271
958|180,7272
1685|409,7273
301|219,7274
289|16,7275
13|180,7276
967|4067,7277
78|242,7278
6762|170,7279
332|230,7280
18|158,7281
2349|514,7282
1520|661,7283
84|180,7284
1794|74,7285
2253|116,7286
433|95,7287
40|60,7288
2338|52,7289
164|937,7290
1691|55,7291
884|129,7292
79|2222,7293
75|5035,7294
488|388,7295
202|433,7296
2785|257,7297
1540|315,7298
344|55,7299
458|129,7300
1310|2482,7301
918|63,7302
1335|3,7303
283|48,7304
367|229,7305
199|74,7306
947|5009,7307
1149|500,7308
1754|200,7309
1538|297,7310
125|85,7311
253|16,7312
876|315,7313
1296|718,7314
56|74,7315
37|193,7316
49|35,7317
3615|153,7318
1846|124,7319
461|36,7320
176|123,7321
365|316,7322
56|69,7323
6350|48,7324
5309|2263,7325
2627|212,7326
1879|229,7327
904|66,7328
105|117,7329
2804|5319,7330
108|36,7331
296|4823,7332
641|252,7333
185|139,7334
1033|88,7335
2753|289,7336
67|273,7337
762|11,7338
1817|324,7339
517|86,7340
82|85,7341
1407|265,7342
761|43,7343
202|32,7344
1611|229,7345
989|410,7346
241|172,7347
476|2387,7348
838|3,7349
60|133,7350
11|92,7351
3635|6371,7352
188|82,7353
115|21,7354
2409|3,7355
4709|3,7356
5038|297,7357
692|139,7358
73|217,7359
3763|2696,7360
1150|230,7361
4417|235,7362
2599|610,7363
275|145,7364
192|82,7365
13|82,7366
67|243,7367
876|1008,7368
34|103,7369
172|102,7370
145|542,7371
1423|33,7372
127|199,7373
1355|33,7374
51|1069,7375
74|116,7376
1150|5557,7377
882|842,7378
199|98,7379
1782|34,7380
4|11,7381
69|104,7382
961|43,7383
2817|6991,7384
202|133,7385
913|59,7386
98|266,7387
3310|111,7388
53|18,7389
1741|180,7390
57|134,7391
662|254,7392
4069|79,7393
8|33,7394
506|30,7395
198|801,7396
1028|113,7397
11|1912,7398
278|212,7399
2954|52,7400
1444|82,7401
312|86,7402
3987|102,7403
20|1358,7404
66|216,7405
2602|316,7406
57|30,7407
525|10,7408
21|243,7409
348|1916,7410
6411|114,7411
401|9,7412
168|33,7413
705|465,7414
508|1427,7415
1069|1459,7416
575|7416,7417
1712|229,7418
2367|52,7419
82|43,7420
323|146,7421
159|36,7422
234|181,7423
545|3440,7424
345|683,7425
499|675,7426
73|1781,7427
116|43,7428
90|2366,7429
5244|219,7430
3617|54,7431
710|270,7432
4509|4251,7433
4584|55,7434
2822|242,7435
1472|106,7436
557|60,7437
643|391,7438
236|742,7439
78|440,7440
122|219,7441
529|96,7442
2490|834,7443
81|2553,7444
51|6808,7445
2630|325,7446
1521|16,7447
39|3962,7448
4098|34,7449
355|54,7450
415|116,7451
2750|60,7452
857|16,7453
421|52,7454
3176|515,7455
2111|388,7456
1363|148,7457
1589|1318,7458
3097|3476,7459
558|1956,7460
685|344,7461
382|104,7462
3435|76,7463
6051|1640,7464
1671|254,7465
545|1068,7466
1567|1623,7467
414|110,7468
4208|43,7469
47|3152,7470
190|24,7471
5749|85,7472
1438|1699,7473
859|605,7474
5675|92,7475
1029|106,7476
6128|409,7477
1874|943,7478
84|792,7479
545|102,7480
386|887,7481
301|2742,7482
371|1393,7483
488|2223,7484
3772|2348,7485
2279|255,7486
138|74,7487
62|7487,7488
845|2387,7489
3343|292,7490
6918|82,7491
113|158,7492
3048|482,7493
4245|111,7494
615|325,7495
1723|4650,7496
1249|320,7497
464|381,7498
3911|541,7499
4621|94,7500
39|2366,7501
787|824,7502
58|76,7503
5013|606,7504
527|163,7505
664|43,7506
1482|88,7507
566|3153,7508
373|48,7509
2719|802,7510
4544|334,7511
1032|293,7512
717|87,7513
1004|3758,7514
88|435,7515
7045|166,7516
2498|1192,7517
2916|91,7518
250|87,7519
359|179,7520
2204|315,7521
2736|76,7522
664|542,7523
1224|175,7524
3349|625,7525
136|199,7526
127|2078,7527
307|2075,7528
1120|98,7529
907|146,7530
380|91,7531
178|9,7532
1705|3440,7533
775|119,7534
338|403,7535
120|3839,7536
2145|175,7537
1470|383,7538
39|163,7539
184|16,7540
1608|1605,7541
607|1696,7542
47|4464,7543
979|465,7544
279|115,7545
4310|17,7546
2575|60,7547
5224|11,7548
41|623,7549
464|258,7550
807|1699,7551
164|26,7552
1196|230,7553
1794|830,7554
1435|316,7555
3413|1349,7556
615|280,7557
220|173,7558
4011|124,7559
501|145,7560
2115|434,7561
3071|319,7562
2584|82,7563
453|393,7564
1374|147,7565
837|319,7566
3817|409,7567
4116|74,7568
371|1450,7569
332|181,7570
89|76,7571
68|855,7572
2465|447,7573
1081|1821,7574
40|119,7575
4423|101,7576
2110|2967,7577
535|74,7578
1581|11,7579
4385|143,7580
4600|33,7581
279|43,7582
1041|16,7583
828|6027,7584
452|55,7585
239|19,7586
81|16,7587
619|117,7588
142|110,7589
806|148,7590
2275|1371,7591
236|2955,7592
594|5871,7593
1576|340,7594
240|209,7595
472|1471,7596
305|60,7597
3338|11,7598
1728|1715,7599
678|4253,7600
5834|153,7601
1746|270,7602
130|129,7603
1914|1412,7604
966|92,7605
96|24,7606
178|215,7607
709|55,7608
1722|52,7609
78|101,7610
3819|610,7611
5297|85,7612
1871|280,7613
874|118,7614
5225|137,7615
460|3306,7616
122|604,7617
62|4464,7618
7033|115,7619
692|297,7620
2690|125,7621
765|2967,7622
615|55,7623
912|205,7624
348|217,7625
2713|320,7626
245|54,7627
1885|2563,7628
5388|110,7629
77|206,7630
780|846,7631
3162|138,7632
67|188,7633
301|7354,7634
640|117,7635
3705|85,7636
2365|110,7637
880|110,7638
6143|273,7639
327|138,7640
1728|192,7641
1297|435,7642
499|196,7643
1249|432,7644
537|55,7645
874|85,7646
119|1185,7647
373|134,7648
68|1458,7649
165|163,7650
1089|54,7651
127|52,7652
90|12,7653
7653|280,7654
298|337,7655
1141|110,7656
120|181,7657
631|2207,7658
56|855,7659
2511|3065,7660
1556|96,7661
2819|1620,7662
775|375,7663
5391|267,7664
3601|134,7665
236|5878,7666
185|110,7667
2350|2955,7668
5132|52,7669
2951|410,7670
525|687,7671
2891|217,7672
332|5318,7673
950|1321,7674
4237|102,7675
2858|55,7676
60|137,7677
1417|106,7678
421|1352,7679
2145|231,7680
3854|372,7681
196|285,7682
321|467,7683
303|110,7684
2949|180,7685
3845|337,7686
51|846,7687
5135|5554,7688
1328|465,7689
49|320,7690
127|13,7691
497|60,7692
133|33,7693
248|177,7694
238|326,7695
850|1450,7696
272|60,7697
7084|11,7698
1053|1223,7699
654|106,7700
3818|33,7701
47|273,7702
1852|54,7703
1707|219,7704
4505|199,7705
2136|24,7706
13|1574,7707
223|265,7708
85|7,7709
4079|11,7710
94|52,7711
444|3585,7712
1882|1804,7713
40|169,7714
1170|11,7715
1473|1418,7716
162|42,7717
2399|361,7718
107|24,7719
266|255,7720
932|16,7721
4475|591,7722
68|151,7723
861|216,7724
2619|977,7725
564|372,7726
925|1386,7727
189|110,7728
960|16,7729
1473|3158,7730
3525|60,7731
154|69,7732
103|16,7733
4014|94,7734
1232|259,7735
272|74,7736
67|564,7737
581|193,7738
115|103,7739
1707|92,7740
1720|43,7741
627|145,7742
149|7,7743
414|393,7744
90|207,7745
3875|147,7746
3087|280,7747
130|5155,7748
2921|110,7749
127|204,7750
4132|92,7751
1539|1258,7752
3046|179,7753
775|118,7754
85|173,7755
328|3604,7756
2605|33,7757
4909|83,7758
4733|433,7759
878|102,7760
5046|17,7761
90|2,7762
587|124,7763
652|119,7764
89|137,7765
1841|76,7766
414|76,7767
702|3887,7768
3120|139,7769
720|96,7770
139|33,7771
5494|435,7772
1445|1427,7773
1428|85,7774
3607|16,7775
130|89,7776
60|3533,7777
958|1352,7778
405|52,7779
77|146,7780
3453|470,7781
731|339,7782
328|52,7783
4020|217,7784
1864|2428,7785
84|3356,7786
145|123,7787
2577|3899,7788
310|716,7789
6238|718,7790
592|119,7791
3597|849,7792
5848|63,7793
81|5060,7794
171|2743,7795
18|98,7796
743|3313,7797
124|92,7798
30|270,7799
804|1804,7800
155|534,7801
1729|82,7802
1050|361,7803
4000|3,7804
1526|61,7805
3292|139,7806
501|378,7807
75|83,7808
1536|74,7809
67|7191,7810
774|2507,7811
156|3713,7812
727|52,7813
8|397,7814
19|74,7815
1405|54,7816
1213|610,7817
184|352,7818
6191|6190,7819
1658|52,7820
310|79,7821
444|137,7822
758|440,7823
832|134,7824
3931|312,7825
864|16,7826
701|143,7827
780|1508,7828
2736|110,7829
2157|962,7830
4812|4721,7831
1127|52,7832
626|98,7833
2274|252,7834
1256|33,7835
72|191,7836
44|129,7837
1914|255,7838
1613|55,7839
1103|199,7840
5788|4628,7841
115|185,7842
6267|7842,7843
278|110,7844
551|2046,7845
440|153,7846
456|76,7847
1936|106,7848
2862|52,7849
780|181,7850
1361|194,7851
639|278,7852
159|117,7853
639|214,7854
2460|82,7855
1649|58,7856
195|117,7857
160|389,7858
223|191,7859
3374|116,7860
278|54,7861
2995|690,7862
279|3480,7863
2964|465,7864
3529|91,7865
240|270,7866
305|33,7867
758|885,7868
1495|1309,7869
3148|76,7870
2530|95,7871
3775|231,7872
1171|89,7873
2394|1321,7874
303|509,7875
379|794,7876
120|492,7877
56|1393,7878
1423|7,7879
147|11,7880
57|215,7881
2268|1145,7882
567|389,7883
414|447,7884
56|2553,7885
2528|634,7886
998|172,7887
2950|85,7888
700|132,7889
226|138,7890
44|1771,7891
283|3281,7892
333|85,7893
19|66,7894
607|106,7895
390|126,7896
2383|231,7897
2897|10,7898
1028|7,7899
107|55,7900
84|670,7901
1998|103,7902
1345|642,7903
6725|172,7904
323|116,7905
239|834,7906
81|87,7907
264|17,7908
470|76,7909
1589|158,7910
2442|661,7911
954|43,7912
3140|326,7913
3233|52,7914
355|2432,7915
39|5920,7916
1338|215,7917
107|243,7918
198|492,7919
1798|3395,7920
1819|89,7921
617|910,7922
6812|6012,7923
630|391,7924
23|153,7925
318|1371,7926
1038|712,7927
370|228,7928
4213|179,7929
184|289,7930
184|230,7931
223|375,7932
848|96,7933
1834|76,7934
558|145,7935
97|471,7936
73|113,7937
3609|102,7938
3014|214,7939
321|6002,7940
146|55,7941
2041|58,7942
1463|4578,7943
179|30,7944
1311|114,7945
1539|344,7946
120|623,7947
2530|101,7948
307|5063,7949
50|199,7950
682|139,7951
60|123,7952
120|6404,7953
1421|110,7954
968|116,7955
156|770,7956
429|172,7957
3632|52,7958
547|94,7959
136|106,7960
133|541,7961
2341|1045,7962
1536|95,7963
67|2553,7964
269|103,7965
1111|216,7966
122|363,7967
374|58,7968
3272|1921,7969
69|435,7970
1540|197,7971
5960|74,7972
1148|52,7973
13|137,7974
2923|82,7975
1954|3078,7976
2842|1979,7977
529|101,7978
1728|312,7979
298|564,7980
354|3170,7981
122|9,7982
2116|61,7983
236|868,7984
68|3429,7985
1182|254,7986
59|3,7987
870|114,7988
1316|88,7989
577|2580,7990
1482|172,7991
108|191,7992
462|123,7993
1309|3,7994
2266|2330,7995
1105|181,7996
3370|180,7997
143|58,7998
2115|1223,7999
67|34,8000
4233|60,8001
94|123,8002
47|101,8003
993|784,8004
168|686,8005
116|106,8006
47|647,8007
583|1795,8008
2268|192,8009
549|1592,8010
6188|123,8011
153|60,8012
2599|205,8013
112|564,8014
180|218,8015
521|118,8016
476|439,8017
92|1915,8018
168|12,8019
89|111,8020
84|174,8021
456|52,8022
1734|74,8023
377|229,8024
120|113,8025
168|335,8026
637|6989,8027
127|917,8028
56|206,8029
159|2194,8030
1883|106,8031
111|93,8032
1424|2,8033
189|824,8034
274|16,8035
2717|498,8036
294|134,8037
546|280,8038
190|133,8039
145|304,8040
3300|117,8041
403|88,8042
4750|606,8043
6805|703,8044
1702|61,8045
5555|111,8046
2479|541,8047
558|492,8048
132|32,8049
4066|185,8050
90|4040,8051
221|852,8052
2394|123,8053
2906|281,8054
84|91,8055
91|1192,8056
173|7399,8057
60|274,8058
605|304,8059
318|5010,8060
1088|4768,8061
17|102,8062
32|174,8063
185|118,8064
62|212,8065
2311|181,8066
4393|55,8067
3120|687,8068
3936|5332,8069
84|446,8070
814|380,8071
987|273,8072
2487|163,8073
170|137,8074
73|4624,8075
4073|2113,8076
2779|5031,8077
3|474,8078
303|33,8079
1258|123,8080
497|126,8081
17|242,8082
69|509,8083
1670|433,8084
73|243,8085
77|597,8086
68|2,8087
303|24,8088
1006|433,8089
605|255,8090
56|6851,8091
140|87,8092
23|534,8093
333|119,8094
18|293,8095
1473|129,8096
1083|5656,8097
850|660,8098
47|689,8099
190|623,8100
4437|101,8101
919|166,8102
428|381,8103
2931|5427,8104
1342|82,8105
1273|606,8106
6853|409,8107
98|106,8108
261|340,8109
3232|76,8110
2115|2691,8111
1289|1471,8112
122|14,8113
3072|316,8114
103|1365,8115
6297|8115,8116
5372|1418,8117
1310|1442,8118
775|60,8119
89|389,8120
5973|675,8121
1541|1455,8122
6159|118,8123
396|4405,8124
2104|6764,8125
3602|16,8126
4585|125,8127
457|2270,8128
283|625,8129
301|14,8130
3577|1223,8131
2206|213,8132
4512|2613,8133
370|1476,8134
6212|465,8135
1102|482,8136
1284|74,8137
2014|219,8138
4445|55,8139
657|2277,8140
2915|1371,8141
882|200,8142
6518|668,8143
6312|1395,8144
4032|89,8145
2177|255,8146
460|2270,8147
4900|63,8148
2451|111,8149
7347|118,8150
6895|113,8151
141|133,8152
1328|410,8153
603|32,8154
5235|274,8155
95|92,8156
1053|243,8157
453|173,8158
506|61,8159
913|123,8160
1150|5386,8161
959|233,8162
332|1484,8163
4516|43,8164
271|200,8165
6455|254,8166
2065|1258,8167
112|316,8168
3047|532,8169
543|304,8170
758|555,8171
1039|93,8172
5645|55,8173
190|96,8174
603|4880,8175
1890|93,8176
4396|102,8177
577|410,8178
90|1458,8179
2577|2898,8180
1922|61,8181
1556|3093,8182
1388|85,8183
190|917,8184
5711|3302,8185
3457|91,8186
543|834,8187
4635|82,8188
2810|5638,8189
1723|622,8190
99|103,8191
164|3223,8192
508|4057,8193
3700|292,8194
4113|242,8195
2265|111,8196
859|3235,8197
2029|188,8198
73|126,8199
3304|673,8200
1540|334,8201
363|137,8202
3562|372,8203
626|1192,8204
2933|163,8205
4824|60,8206
2390|297,8207
47|6153,8208
449|690,8209
1671|4485,8210
860|2914,8211
2540|769,8212
283|3472,8213
178|2464,8214
1036|98,8215
1130|1076,8216
7024|11,8217
664|110,8218
2599|334,8219
3644|461,8220
2520|166,8221
127|2885,8222
2495|123,8223
5405|126,8224
710|89,8225
1023|1426,8226
283|6215,8227
73|6483,8228
1723|470,8229
6257|93,8230
56|274,8231
343|2439,8232
547|133,8233
3115|55,8234
4483|55,8235
1010|255,8236
1388|968,8237
779|461,8238
1129|252,8239
572|134,8240
433|372,8241
444|285,8242
1985|3731,8243
2146|98,8244
1567|230,8245
1730|33,8246
851|2463,8247
1716|3250,8248
241|1406,8249
1582|302,8250
124|87,8251
160|1044,8252
666|2524,8253
6489|133,8254
153|498,8255
2050|218,8256
3435|137,8257
2260|2955,8258
5925|11,8259
2106|16,8260
184|96,8261
6100|16,8262
2031|111,8263
2262|200,8264
270|304,8265
444|102,8266
988|106,8267
664|200,8268
1416|98,8269
1494|79,8270
6495|21,8271
627|683,8272
1528|623,8273
263|217,8274
711|8274,8275
710|16,8276
7615|185,8277
3764|61,8278
4051|52,8279
657|1392,8280
280|85,8281
298|2222,8282
1002|17,8283
77|212,8284
3242|133,8285
1494|175,8286
549|1915,8287
348|116,8288
3053|1481,8289
2447|372,8290
3064|110,8291
5670|316,8292
345|391,8293
960|88,8294
348|1928,8295
1049|52,8296
4904|532,8297
4617|280,8298
8055|1990,8299
5046|1280,8300
133|123,8301
127|197,8302
1281|153,8303
169|103,8304
4433|474,8305
507|55,8306
105|16,8307
278|11,8308
751|542,8309
103|153,8310
2226|6415,8311
488|1308,8312
104|52,8313
2375|16,8314
607|1442,8315
23|4767,8316
112|910,8317
1711|110,8318
3364|124,8319
75|418,8320
1097|97,8321
2857|93,8322
925|2039,8323
241|5410,8324
7005|147,8325
603|670,8326
1148|110,8327
222|335,8328
4083|805,8329
1761|16,8330
1836|101,8331
93|214,8332
1617|79,8333
1553|91,8334
961|5384,8335
428|3155,8336
2066|2397,8337
113|102,8338
576|115,8339
505|491,8340
1399|92,8341
7600|48,8342
103|3,8343
1783|110,8344
1940|98,8345
1693|9,8346
47|204,8347
4152|887,8348
5992|849,8349
184|214,8350
310|868,8351
399|1080,8352
7417|98,8353
43|668,8354
47|281,8355
1273|2428,8356
4247|1842,8357
6301|435,8358
1407|96,8359
1173|52,8360
206|133,8361
5943|229,8362
867|180,8363
2028|138,8364
1494|801,8365
2915|846,8366
165|281,8367
2015|28,8368
414|16,8369
777|383,8370
77|20,8371
229|482,8372
1621|946,8373
1452|555,8374
3111|54,8375
1117|2898,8376
2601|91,8377
1951|52,8378
1188|11,8379
160|58,8380
103|923,8381
5222|304,8382
1242|125,8383
2416|447,8384
21|14,8385
348|2,8386
38|352,8387
433|389,8388
379|177,8389
67|1068,8390
75|2856,8391
164|810,8392
5122|116,8393
3708|509,8394
674|824,8395
2819|98,8396
558|133,8397
156|3204,8398
6013|54,8399
782|389,8400
73|679,8401
3564|106,8402
2465|297,8403
488|887,8404
1679|82,8405
460|1471,8406
2109|124,8407
870|11,8408
3940|3155,8409
59|76,8410
7877|177,8411
4570|2562,8412
2014|63,8413
713|16,8414
353|129,8415
851|629,8416
874|381,8417
3111|52,8418
3556|76,8419
127|24,8420
814|16,8421
549|1522,8422
1357|76,8423
1039|1337,8424
837|778,8425
508|1956,8426
2354|2944,8427
1142|1154,8428
4977|87,8429
649|158,8430
1232|719,8431
1439|209,8432
65|1760,8433
1040|403,8434
414|565,8435
637|173,8436
67|74,8437
788|137,8438
26|55,8439
348|52,8440
453|340,8441
428|5022,8442
84|1346,8443
1040|18,8444
51|23,8445
69|835,8446
68|418,8447
90|325,8448
94|33,8449
3343|218,8450
885|82,8451
2084|134,8452
2858|76,8453
758|214,8454
3740|4428,8455
4263|1157,8456
248|163,8457
155|1629,8458
2020|447,8459
1041|383,8460
1679|434,8461
47|169,8462
1331|106,8463
1096|213,8464
859|1228,8465
4657|52,8466
1679|110,8467
59|4979,8468
105|86,8469
1097|4929,8470
168|2987,8471
6174|337,8472
1702|125,8473
1834|1035,8474
896|1259,8475
2164|1366,8476
1351|11,8477
1445|3786,8478
100|153,8479
1134|177,8480
999|24,8481
1591|110,8482
301|5064,8483
3082|1349,8484
1777|211,8485
4812|2347,8486
2915|102,8487
1707|103,8488
223|114,8489
6126|1926,8490
14|21,8491
18|465,8492
1132|1650,8493
3425|1522,8494
385|151,8495
269|403,8496
171|1835,8497
1196|5524,8498
702|66,8499
1326|16,8500
549|2217,8501
1978|2896,8502
3300|96,8503
301|106,8504
1213|679,8505
5789|12,8506
1436|340,8507
2989|143,8508
1361|204,8509
47|560,8510
1333|114,8511
3234|103,8512
57|148,8513
2962|117,8514
303|339,8515
160|3603,8516
195|1943,8517
1486|116,8518
91|116,8519
127|511,8520
710|96,8521
1168|3430,8522
305|86,8523
1712|683,8524
160|5464,8525
47|900,8526
597|304,8527
108|101,8528
170|542,8529
1086|214,8530
1495|1507,8531
545|118,8532
2357|66,8533
7404|103,8534
1179|91,8535
531|1392,8536
1576|92,8537
78|4696,8538
2511|4614,8539
1031|393,8540
527|1577,8541
1914|2276,8542
421|304,8543
73|4260,8544
157|91,8545
4611|119,8546
1914|802,8547
2496|94,8548
638|2499,8549
1677|431,8550
4507|1321,8551
909|43,8552
77|2961,8553
5034|361,8554
497|1356,8555
4735|2148,8556
527|1956,8557
94|498,8558
332|8558,8559
2616|393,8560
869|123,8561
1032|1650,8562
3360|110,8563
4902|6907,8564
3466|179,8565
3639|6208,8566
461|977,8567
4771|180,8568
1685|1935,8569
346|3,8570
444|92,8571
1235|86,8572
1050|718,8573
164|5644,8574
1996|1804,8575
6629|3,8576
3581|110,8577
5330|906,8578
1073|173,8579
567|158,8580
621|55,8581
127|647,8582
140|163,8583
3925|1033,8584
4514|491,8585
1063|33,8586
473|163,8587
6209|2348,8588
95|7,8589
416|54,8590
1550|2298,8591
2081|24,8592
791|76,8593
3711|304,8594
169|74,8595
973|172,8596
2363|541,8597
333|670,8598
56|1545,8599
753|216,8600
3256|48,8601
958|403,8602
310|334,8603
155|5486,8604
2694|147,8605
3408|1371,8606
127|88,8607
120|1672,8608
2393|129,8609
1124|372,8610
51|1508,8611
740|111,8612
682|102,8613
184|1823,8614
164|63,8615
4746|54,8616
136|16,8617
1114|491,8618
527|123,8619
666|106,8620
78|2012,8621
1332|126,8622
71|1371,8623
621|7,8624
67|97,8625
176|185,8626
178|138,8627
5521|74,8628
458|173,8629
2717|82,8630
1922|101,8631
1541|1946,8632
1291|158,8633
319|110,8634
237|8316,8635
67|3603,8636
587|1308,8637
164|7182,8638
251|95,8639
527|1392,8640
208|48,8641
1988|145,8642
151|153,8643
884|885,8644
437|216,8645
904|115,8646
1090|235,8647
646|454,8648
1424|76,8649
74|118,8650
320|110,8651
3311|6828,8652
3870|281,8653
501|320,8654
229|733,8655
3070|97,8656
73|5571,8657
240|93,8658
3609|4805,8659
537|116,8660
3500|6178,8661
154|163,8662
223|2310,8663
1026|6383,8664
731|316,8665
49|153,8666
248|297,8667
165|209,8668
1050|1157,8669
68|302,8670
129|143,8671
1325|384,8672
1849|55,8673
954|110,8674
573|474,8675
4629|166,8676
4990|498,8677
221|686,8678
1540|280,8679
405|1926,8680
1174|344,8681
680|138,8682
1408|91,8683
884|440,8684
1837|1203,8685
456|648,8686
188|102,8687
68|126,8688
1933|55,8689
81|4056,8690
184|158,8691
47|129,8692
3536|267,8693
341|181,8694
1685|276,8695
1628|185,8696
1173|76,8697
348|1393,8698
947|302,8699
2529|1293,8700
334|110,8701
577|194,8702
1627|33,8703
164|400,8704
61|16,8705
1281|19,8706
1836|2428,8707
261|454,8708
62|1001,8709
17|887,8710
202|275,8711
1846|19,8712
61|320,8713
1083|287,8714
95|76,8715
3408|846,8716
6247|1459,8717
571|43,8718
2806|2959,8719
634|48,8720
86|125,8721
134|123,8722
2284|718,8723
1495|1371,8724
1218|3769,8725
959|92,8726
358|7,8727
1606|116,8728
1006|8260,8729
2096|74,8730
280|2968,8731
90|591,8732
460|266,8733
638|8042,8734
478|7961,8735
105|1511,8736
75|2940,8737
83|447,8738
2933|187,8739
7905|102,8740
4563|1656,8741
872|116,8742
2294|111,8743
178|129,8744
874|280,8745
777|604,8746
353|97,8747
1658|60,8748
1005|34,8749
1782|830,8750
3517|147,8751
73|2925,8752
3391|873,8753
1328|389,8754
3234|92,8755
1010|661,8756
134|304,8757
620|463,8758
47|2389,8759
122|103,8760
1363|2507,8761
383|541,8762
232|21,8763
2043|7909,8764
109|18,8765
458|242,8766
666|98,8767
44|1093,8768
551|608,8769
6740|446,8770
202|555,8771
2353|92,8772
78|55,8773
120|425,8774
1169|242,8775
56|2481,8776
1096|58,8777
714|95,8778
826|3887,8779
1167|2464,8780
262|855,8781
120|372,8782
155|37,8783
151|454,8784
39|58,8785
14|85,8786
992|274,8787
989|24,8788
23|3735,8789
165|66,8790
228|185,8791
702|463,8792
174|102,8793
156|228,8794
333|2513,8795
396|1458,8796
3300|61,8797
139|675,8798
640|319,8799
5550|63,8800
944|1044,8801
1102|602,8802
1117|2877,8803
81|2734,8804
2882|52,8805
1509|123,8806
282|54,8807
947|500,8808
2375|718,8809
43|106,8810
155|6,8811
4385|55,8812
266|24,8813
82|102,8814
554|1575,8815
3923|175,8816
620|461,8817
2951|33,8818
75|2800,8819
2498|1662,8820
2443|137,8821
656|133,8822
1237|235,8823
388|55,8824
122|805,8825
251|435,8826
105|153,8827
1969|372,8828
4264|6768,8829
470|52,8830
945|21,8831
188|33,8832
709|106,8833
2719|24,8834
127|3077,8835
68|34,8836
527|2342,8837
248|18,8838
2349|440,8839
1749|259,8840
140|32,8841
158|33,8842
246|5505,8843
505|382,8844
2101|266,8845
683|102,8846
56|634,8847
160|63,8848
958|18,8849
301|42,8850
1473|2222,8851
41|349,8852
1423|24,8853
1281|3714,8854
198|147,8855
7640|211,8856
62|5617,8857
838|106,8858
170|304,8859
348|102,8860
222|194,8861
3226|319,8862
2398|231,8863
127|267,8864
77|4238,8865
140|13,8866
174|133,8867
1882|126,8868
1411|7970,8869
1112|96,8870
680|784,8871
68|63,8872
105|125,8873
353|5246,8874
5621|214,8875
639|35,8876
126|92,8877
1182|461,8878
4608|17,8879
6802|17,8880
479|1971,8881
2614|1715,8882
5884|3519,8883
41|35,8884
2763|138,8885
81|235,8886
160|194,8887
112|986,8888
1201|3018,8889
2625|111,8890
75|173,8891
696|3532,8892
4244|229,8893
3525|17,8894
4081|1318,8895
5334|254,8896
2109|48,8897
24|48,8898
31|191,8899
10|139,8900
3261|52,8901
1779|17,8902
61|216,8903
3629|113,8904
7449|504,8905
277|312,8906
77|61,8907
2043|1916,8908
5044|94,8909
53|4813,8910
178|103,8911
51|511,8912
190|123,8913
1754|3,8914
264|569,8915
39|185,8916
107|203,8917
4939|342,8918
3717|604,8919
108|320,8920
2577|540,8921
98|344,8922
6840|172,8923
4921|118,8924
167|281,8925
2227|92,8926
794|33,8927
132|3,8928
4254|598,8929
1529|101,8930
171|8,8931
119|82,8932
4257|18,8933
196|14,8934
64|265,8935
164|69,8936
13|35,8937
305|180,8938
1283|113,8939
1555|2427,8940
38|361,8941
2358|349,8942
847|76,8943
6667|6248,8944
2232|661,8945
6716|1632,8946
643|1131,8947
627|380,8948
3621|76,8949
121|7,8950
143|17,8951
115|1044,8952
1153|425,8953
405|1636,8954
89|32,8955
57|117,8956
206|116,8957
1913|31,8958
5650|3778,8959
7836|243,8960
77|172,8961
168|36,8962
132|16,8963
1475|1522,8964
5534|344,8965
333|147,8966
60|13,8967
2498|297,8968
2637|854,8969
7697|363,8970
444|3,8971
1647|102,8972
164|3158,8973
586|1713,8974
105|102,8975
2071|289,8976
1609|5191,8977
2407|133,8978
1114|89,8979
1503|1768,8980
1023|98,8981
1342|116,8982
1167|2914,8983
966|103,8984
558|52,8985
140|4428,8986
1504|4351,8987
1248|440,8988
39|18,8989
2703|55,8990
546|205,8991
229|363,8992
3053|101,8993
546|197,8994
1684|181,8995
176|1823,8996
3048|276,8997
367|3,8998
5203|17,8999
165|3154,9000
918|129,9001
3307|52,9002
2773|60,9003
1123|393,9004
3633|98,9005
1430|4024,9006
4306|3,9007
7023|55,9008
2441|276,9009
332|1226,9010
508|97,9011
1693|139,9012
1182|134,9013
8709|270,9014
154|648,9015
168|3714,9016
1430|1425,9017
159|7,9018
804|276,9019
1430|2075,9020
1531|216,9021
6594|4296,9022
1453|110,9023
21|2082,9024
2474|16,9025
3633|60,9026
5806|755,9027
1498|801,9028
1878|7070,9029
3749|910,9030
3478|200,9031
241|3186,9032
479|242,9033
31|686,9034
951|255,9035
828|96,9036
4638|104,9037
717|4422,9038
847|123,9039
2065|3928,9040
1327|1076,9041
298|648,9042
381|91,9043
1876|2018,9044
1249|400,9045
1525|139,9046
1040|87,9047
105|302,9048
2608|76,9049
6881|5722,9050
2308|2729,9051
1469|213,9052
579|116,9053
664|92,9054
399|274,9055
1988|16,9056
1269|88,9057
2974|172,9058
576|139,9059
919|718,9060
195|2581,9061
5316|58,9062
1409|2808,9063
65|55,9064
1774|2535,9065
178|8446,9066
3056|2315,9067
2937|834,9068
3914|200,9069
4320|193,9070
2014|92,9071
3197|532,9072
638|400,9073
2437|3,9074
122|3523,9075
155|389,9076
460|229,9077
576|2549,9078
795|7,9079
275|324,9080
2249|191,9081
1456|102,9082
2269|2718,9083
3647|1095,9084
3086|1921,9085
2294|337,9086
806|569,9087
316|252,9088
758|89,9089
2267|312,9090
2096|153,9091
125|276,9092
1439|1337,9093
2200|255,9094
1931|259,9095
78|835,9096
601|1381,9097
828|2463,9098
762|76,9099
2258|193,9100
2299|91,9101
1088|215,9102
7532|2378,9103
3740|6485,9104
3881|172,9105
353|1297,9106
332|431,9107
156|14,9108
2975|316,9109
1582|132,9110
2414|3,9111
62|5363,9112
850|142,9113
51|375,9114
1730|213,9115
1275|3570,9116
428|172,9117
4776|147,9118
674|91,9119
121|61,9120
229|602,9121
1977|7589,9122
1187|233,9123
6134|3,9124
486|3306,9125
41|163,9126
2633|24,9127
4585|95,9128
2529|33,9129
449|1192,9130
1794|188,9131
67|737,9132
5253|254,9133
1477|52,9134
2871|16,9135
84|511,9136
2165|228,9137
83|565,9138
6417|76,9139
176|1061,9140
2617|54,9141
367|6474,9142
95|133,9143
3968|54,9144
188|292,9145
2803|7405,9146
572|326,9147
421|137,9148
1267|55,9149
1589|3229,9150
1270|52,9151
67|2335,9152
2698|281,9153
2631|3127,9154
121|14,9155
1634|147,9156
1103|129,9157
6080|43,9158
851|85,9159
1360|52,9160
186|1945,9161
2259|463,9162
413|910,9163
298|540,9164
1819|59,9165
1007|19,9166
4267|94,9167
2713|1140,9168
1112|1110,9169
132|690,9170
19|34,9171
1003|147,9172
6779|1293,9173
8230|5590,9174
1104|166,9175
53|276,9176
18|337,9177
73|88,9178
2577|2086,9179
626|447,9180
615|19,9181
456|102,9182
1282|733,9183
112|74,9184
1267|116,9185
3164|2153,9186
354|69,9187
320|52,9188
1281|3962,9189
789|906,9190
1496|1698,9191
1874|470,9192
122|383,9193
1757|74,9194
659|92,9195
1526|3504,9196
632|163,9197
75|9197,9198
499|272,9199
47|5111,9200
301|37,9201
3147|352,9202
7319|106,9203
903|555,9204
2669|33,9205
3579|384,9206
241|28,9207
3911|849,9208
225|454,9209
485|235,9210
2421|7,9211
1498|52,9212
3720|55,9213
1053|3169,9214
98|401,9215
1281|182,9216
1004|132,9217
84|2950,9218
151|315,9219
359|118,9220
640|495,9221
348|2018,9222
2938|1125,9223
476|148,9224
488|432,9225
2511|74,9226
334|123,9227
84|1422,9228
2020|200,9229
47|1543,9230
370|74,9231
377|266,9232
1424|667,9233
74|1157,9234
758|1393,9235
2345|228,9236
870|55,9237
470|1673,9238
127|433,9239
3466|324,9240
456|242,9241
4816|102,9242
814|7,9243
3221|4061,9244
702|254,9245
62|1459,9246
2288|937,9247
119|1258,9248
242|55,9249
6778|137,9250
140|1014,9251
2375|672,9252
3053|61,9253
1103|2212,9254
4582|1657,9255
3708|255,9256
371|400,9257
5770|116,9258
5712|243,9259
63|16,9260
9|143,9261
1006|2292,9262
190|381,9263
9263|312,9264
758|55,9265
988|211,9266
67|1657,9267
2953|175,9268
166|123,9269
7137|213,9270
3629|5018,9271
75|3051,9272
2286|767,9273
2481|181,9274
1611|6204,9275
1520|3,9276
73|8020,9277
3131|4269,9278
3417|3,9279
1931|215,9280
127|4624,9281
202|383,9282
3715|304,9283
56|2980,9284
96|1673,9285
184|143,9286
90|2017,9287
1047|48,9288
58|94,9289
69|117,9290
1031|177,9291
790|76,9292
451|182,9293
40|132,9294
1298|3727,9295
1536|500,9296
1066|334,9297
1609|1656,9298
6996|2213,9299
967|177,9300
6440|3,9301
301|63,9302
3700|1233,9303
4975|868,9304
1090|267,9305
270|410,9306
107|106,9307
3870|147,9308
3016|98,9309
492|55,9310
605|24,9311
2866|16,9312
4822|52,9313
105|191,9314
98|897,9315
1197|2968,9316
3685|281,9317
5112|10,9318
1758|138,9319
1666|673,9320
1664|509,9321
680|384,9322
701|4596,9323
109|569,9324
1004|1527,9325
8646|138,9326
168|4227,9327
1400|532,9328
1950|16,9329
184|8970,9330
577|66,9331
303|94,9332
1619|54,9333
10|98,9334
33|63,9335
271|9335,9336
3926|266,9337
2175|54,9338
4257|4808,9339
2775|16,9340
163|17,9341
1340|9341,9342
6302|95,9343
499|358,9344
1086|3260,9345
2301|1274,9346
823|204,9347
34|116,9348
75|1697,9349
874|192,9350
5284|66,9351
750|267,9352
492|2320,9353
444|74,9354
157|383,9355
234|197,9356
5854|216,9357
1067|91,9358
26|106,9359
884|3,9360
4065|110,9361
296|214,9362
1954|1442,9363
64|1217,9364
39|1297,9365
694|97,9366
449|1027,9367
1486|358,9368
3966|16,9369
638|163,9370
1310|206,9371
176|6707,9372
1887|98,9373
1097|3208,9374
168|1034,9375
2260|146,9376
4876|446,9377
4962|137,9378
1622|92,9379
621|16,9380
496|384,9381
2423|179,9382
680|59,9383
3602|76,9384
5746|76,9385
2074|2385,9386
1802|158,9387
1168|175,9388
592|252,9389
835|102,9390
75|169,9391
720|3809,9392
1252|435,9393
2035|805,9394
184|8388,9395
2714|5488,9396
751|410,9397
2475|560,9398
1533|324,9399
88|8385,9400
7630|9400,9401
168|30,9402
1649|88,9403
6329|94,9404
5251|119,9405
2747|79,9406
700|302,9407
973|173,9408
68|425,9409
9409|3250,9410
4594|2885,9411
159|218,9412
1705|519,9413
1399|24,9414
240|8093,9415
340|11,9416
685|6848,9417
2763|134,9418
6175|17,9419
23|209,9420
458|253,9421
4190|185,9422
803|805,9423
74|7,9424
2184|96,9425
628|4485,9426
1256|6203,9427
43|134,9428
1932|5562,9429
1116|102,9430
1022|123,9431
448|2213,9432
2354|116,9433
261|74,9434
762|196,9435
796|2893,9436
298|2879,9437
82|137,9438
7284|2919,9439
587|272,9440
1846|3835,9441
109|33,9442
3262|2023,9443
67|66,9444
3046|118,9445
5378|784,9446
2606|342,9447
2284|805,9448
4303|1226,9449
874|254,9450
39|1044,9451
415|76,9452
1819|569,9453
421|200,9454
285|76,9455
4375|177,9456
1264|1095,9457
1116|119,9458
3055|834,9459
1143|2430,9460
225|320,9461
2475|418,9462
832|148,9463
5770|158,9464
5005|113,9465
1703|854,9466
5351|101,9467
65|1309,9468
3486|4313,9469
1373|267,9470
151|82,9471
168|205,9472
2146|1035,9473
1540|3557,9474
739|212,9475
1879|148,9476
2081|255,9477
328|667,9478
987|33,9479
2861|48,9480
5407|218,9481
75|126,9482
1072|2023,9483
567|24,9484
245|2046,9485
8462|102,9486
90|2152,9487
853|2039,9488
4499|118,9489
386|24,9490
630|148,9491
1250|126,9492
269|92,9493
2619|1926,9494
68|683,9495
479|542,9496
272|85,9497
919|805,9498
460|124,9499
424|14,9500
289|95,9501
112|1412,9502
62|679,9503
1128|54,9504
367|215,9505
164|254,9506
2092|138,9507
2785|280,9508
8065|434,9509
7887|166,9510
176|1654,9511
47|113,9512
7424|17,9513
105|270,9514
3185|177,9515
780|1507,9516
34|102,9517
905|89,9518
6244|2581,9519
2224|7100,9520
2465|565,9521
4165|60,9522
92|274,9523
2938|111,9524
506|125,9525
3316|153,9526
558|91,9527
127|591,9528
1270|110,9529
4352|76,9530
3219|1955,9531
1728|5524,9532
78|129,9533
4616|204,9534
1898|320,9535
360|2792,9536
401|143,9537
710|11,9538
1725|91,9539
103|470,9540
5915|166,9541
39|1672,9542
176|4706,9543
6604|3167,9544
758|2743,9545
3996|4058,9546
992|1661,9547
1094|228,9548
1651|139,9549
271|31,9550
373|7110,9551
912|337,9552
1296|769,9553
1521|24,9554
3582|2792,9555
640|1450,9556
3116|137,9557
744|276,9558
1555|910,9559
586|7726,9560
5467|181,9561
3871|97,9562
2960|805,9563
68|349,9564
67|1427,9565
796|2255,9566
1229|623,9567
119|320,9568
980|137,9569
1684|143,9570
128|1293,9571
171|380,9572
3221|119,9573
2268|230,9574
48|276,9575
1556|606,9576
1072|11,9577
417|188,9578
2555|101,9579
1039|132,9580
508|1577,9581
1204|3716,9582
952|94,9583
638|2075,9584
14|194,9585
448|228,9586
79|281,9587
319|24,9588
4902|9588,9589
19|143,9590
94|9590,9591
8559|9591,9592
93|16,9593
50|9593,9594
3224|6420,9595
4810|5646,9596
820|116,9597
190|102,9598
151|214,9599
18|103,9600
6358|118,9601
1311|3190,9602
1132|986,9603
5818|212,9604
81|412,9605
1171|1656,9606
4509|7755,9607
56|5060,9608
2106|200,9609
2128|123,9610
2294|180,9611
6630|4721,9612
5206|82,9613
1551|116,9614
75|6632,9615
3986|102,9616
4512|315,9617
763|146,9618
2|12,9619
109|854,9620
50|85,9621
1452|943,9622
1541|85,9623
966|767,9624
37|686,9625
164|9625,9626
3566|145,9627
665|42,9628
3896|242,9629
2048|242,9630
84|560,9631
129|340,9632
7146|110,9633
1599|137,9634
4770|24,9635
4254|1842,9636
4521|219,9637
1363|5313,9638
47|125,9639
156|24,9640
10|304,9641
68|266,9642
2848|968,9643
115|93,9644
223|87,9645
558|97,9646
5908|372,9647
1320|378,9648
2112|102,9649
499|13,9650
115|98,9651
72|35,9652
68|134,9653
4421|6336,9654
235|276,9655
1134|5646,9656
653|598,9657
306|454,9658
1534|54,9659
2111|2221,9660
217|33,9661
3862|102,9662
1974|61,9663
2127|76,9664
385|2213,9665
307|2499,9666
1932|1418,9667
6656|61,9668
414|276,9669
1692|114,9670
2349|113,9671
1626|180,9672
1408|324,9673
594|393,9674
272|2148,9675
7177|199,9676
264|79,9677
1114|4040,9678
851|96,9679
3478|1011,9680
379|816,9681
1320|5937,9682
2232|393,9683
7359|194,9684
1714|1825,9685
5315|3167,9686
2989|2901,9687
70|3088,9688
3234|403,9689
2412|83,9690
1541|716,9691
1539|838,9692
790|110,9693
48|541,9694
332|9694,9695
589|802,9696
2382|102,9697
433|33,9698
2738|52,9699
1124|7,9700
62|7814,9701
52|98,9702
3364|98,9703
47|3894,9704
86|74,9705
4433|2277,9706
999|211,9707
5504|193,9708
2031|92,9709
67|4568,9710
171|5111,9711
586|5505,9712
872|1593,9713
145|33,9714
21|215,9715
4028|124,9716
572|675,9717
169|219,9718
1670|9718,9719
1091|74,9720
4220|1508,9721
1847|60,9722
5200|555,9723
6413|3532,9724
1269|16,9725
132|17,9726
4389|363,9727
189|166,9728
1345|43,9729
1411|1928,9730
89|98,9731
456|137,9732
641|1696,9733
1041|824,9734
180|19,9735
415|207,9736
2962|191,9737
2947|173,9738
240|312,9739
2048|102,9740
2960|1157,9741
932|17,9742
1191|1212,9743
3822|4626,9744
799|2463,9745
62|114,9746
4010|257,9747
372|667,9748
79|200,9749
3141|242,9750
1218|3278,9751
4098|4708,9752
988|3,9753
160|142,9754
56|235,9755
981|1699,9756
643|683,9757
1506|7226,9758
2340|216,9759
878|1027,9760
5578|124,9761
3534|8701,9762
72|126,9763
256|500,9764
6284|23,9765
1141|200,9766
123|52,9767
4795|1990,9768
3710|4964,9769
184|106,9770
2106|384,9771
5218|1842,9772
1802|116,9773
696|800,9774
119|60,9775
448|137,9776
2906|4130,9777
477|235,9778
4070|137,9779
184|254,9780
369|868,9781
1824|1426,9782
333|114,9783
6704|4058,9784
184|48,9785
2396|1297,9786
1565|76,9787
1685|875,9788
34|276,9789
157|361,9790
23|6709,9791
150|9791,9792
1179|1154,9793
6219|74,9794
67|7888,9795
3378|137,9796
145|55,9797
73|94,9798
6305|2900,9799
2866|410,9800
628|498,9801
259|170,9802
907|403,9803
5321|106,9804
91|106,9805
3870|242,9806
3216|200,9807
2936|1484,9808
176|1217,9809
34|35,9810
2286|97,9811
238|1690,9812
1707|87,9813
5986|718,9814
2574|133,9815
164|511,9816
8743|139,9817
631|74,9818
3310|92,9819
160|17,9820
157|474,9821
2625|92,9822
3645|383,9823
1523|540,9824
3377|31,9825
989|393,9826
2526|215,9827
1729|116,9828
2226|146,9829
72|339,9830
125|118,9831
2142|8762,9832
3845|111,9833
5607|2881,9834
6182|74,9835
7913|2067,9836
1554|123,9837
941|79,9838
3163|92,9839
130|85,9840
28|293,9841
6785|21,9842
582|1185,9843
303|661,9844
122|148,9845
59|66,9846
944|2875,9847
84|673,9848
5928|91,9849
220|302,9850
49|253,9851
4617|910,9852
1723|89,9853
653|1842,9854
1036|6800,9855
803|324,9856
32|316,9857
2374|267,9858
1351|6020,9859
958|111,9860
2737|177,9861
50|69,9862
2264|282,9863
1603|5937,9864
120|3514,9865
310|87,9866
8792|7936,9867
1717|598,9868
7938|542,9869
108|153,9870
75|123,9871
190|1507,9872
4035|137,9873
774|3864,9874
2623|467,9875
1347|48,9876
3143|363,9877
367|569,9878
630|185,9879
4324|74,9880
90|3429,9881
878|1035,9882
2564|824,9883
1208|111,9884
1218|86,9885
6342|8810,9886
2178|98,9887
146|147,9888
215|33,9889
2347|9889,9890
3941|212,9891
6763|610,9892
443|9261,9893
7323|316,9894
234|142,9895
52|7,9896
3027|3519,9897
188|875,9898
73|267,9899
1847|85,9900
118|304,9901
23|467,9902
4043|102,9903
17|92,9904
47|103,9905
1626|2696,9906
2568|86,9907
8717|1377,9908
365|191,9909
133|118,9910
77|166,9911
153|409,9912
9|667,9913
250|103,9914
2102|1426,9915
174|60,9916
113|471,9917
5611|9644,9918
710|24,9919
605|16,9920
3012|200,9921
1847|139,9922
469|383,9923
298|1314,9924
221|87,9925
332|170,9926
1235|3208,9927
1247|43,9928
2906|110,9929
1711|52,9930
5619|111,9931
311|648,9932
73|263,9933
303|166,9934
153|372,9935
486|1471,9936
369|4596,9937
5023|214,9938
146|200,9939
202|6246,9940
3783|218,9941
2435|265,9942
140|275,9943
1794|153,9944
82|3019,9945
2889|200,9946
120|98,9947
93|564,9948
262|258,9949
126|133,9950
3905|384,9951
1693|134,9952
444|393,9953
444|219,9954
58|106,9955
2264|2220,9956
3296|116,9957
1987|622,9958
406|88,9959
414|187,9960
414|410,9961
593|61,9962
2264|206,9963
3923|267,9964
12|118,9965
2891|97,9966
828|2585,9967
180|133,9968
2234|137,9969
3025|9968,9970
1295|447,9971
4581|60,9972
508|383,9973
62|461,9974
2043|1672,9975
105|17,9976
3086|88,9977
23|215,9978
54|16,9979
23|218,9980
1007|9980,9981
6801|104,9982
153|33,9983
172|106,9984
5582|255,9985
303|319,9986
945|8202,9987
229|465,9988
302|320,9989
2953|188,9990
457|272,9991
2354|158,9992
69|3626,9993
2995|297,9994
103|565,9995
866|86,9996
96|177,9997
2582|440,9998
6384|230,9999
2375|769,10000
3224|5875,10001
177|54,10002
1361|193,10003
68|5010,10004
1871|9034,10005
953|187,10006
1749|273,10007
470|187,10008
1010|85,10009
73|8899,10010
321|5486,10011
180|158,10012
1553|718,10013
115|101,10014
421|742,10015
125|33,10016
8014|2744,10017
67|802,10018
68|23,10019
1757|17,10020
94|143,10021
171|280,10022
127|9890,10023
145|737,10024
167|32,10025
152|2,10026
98|471,10027
572|569,10028
416|32,10029
3771|2586,10030
582|349,10031
2818|8040,10032
3636|193,10033
601|180,10034
1885|134,10035
164|3429,10036
1204|7382,10037
1538|43,10038
190|287,10039
8926|2017,10040
4257|6558,10041
2589|401,10042
73|1759,10043
774|372,10044
1250|196,10045
190|842,10046
662|2192,10047
10|43,10048
472|289,10049
2052|48,10050
1706|175,10051
386|2179,10052
1407|3504,10053
126|854,10054
806|185,10055
6409|3085,10056
4423|125,10057
175|324,10058
90|965,10059
1123|3,10060
119|1339,10061
156|63,10062
62|14,10063
75|7402,10064
1213|197,10065
180|116,10066
2380|4229,10067
7407|278,10068
240|854,10069
223|172,10070
3|270,10071
2495|7370,10072
1546|33,10073
637|170,10074
296|113,10075
229|102,10076
190|1917,10077
3394|11,10078
642|14,10079
2473|118,10080
115|92,10081
56|4865,10082
190|839,10083
5983|312,10084
345|8,10085
190|3780,10086
2525|289,10087
603|133,10088
2338|4545,10089
880|52,10090
1292|94,10091
188|60,10092
38|166,10093
41|23,10094
305|1636,10095
168|106,10096
153|16,10097
140|569,10098
623|114,10099
176|14,10100
31|182,10101
918|1314,10102
7808|94,10103
1737|2397,10104
8933|3320,10105
803|718,10106
912|87,10107
202|8992,10108
1257|4008,10109
9642|43,10110
7332|2673,10111
1753|465,10112
47|1699,10113
2876|2581,10114
1914|1359,10115
460|1055,10116
2249|61,10117
1105|133,10118
301|43,10119
379|2515,10120
5204|1359,10121
639|243,10122
973|16,10123
222|2315,10124
379|74,10125
722|106,10126
954|52,10127
992|139,10128
301|687,10129
2041|247,10130
7793|1631,10131
918|400,10132
256|209,10133
248|447,10134
2597|179,10135
262|1544,10136
731|1943,10137
1472|123,10138
1120|4710,10139
8363|532,10140
6672|8928,10141
268|32,10142
6691|43,10143
654|16,10144
4169|7,10145
811|76,10146
426|133,10147
4079|33,10148
2073|1481,10149
286|17,10150
2931|9702,10151
6298|606,10152
4766|43,10153
954|242,10154
715|605,10155
5174|289,10156
4840|102,10157
2903|98,10158
981|8439,10159
513|1212,10160
4198|52,10161
988|88,10162
4752|139,10163
2749|43,10164
6397|3,10165
2273|124,10166
1024|648,10167
4396|118,10168
1541|97,10169
163|119,10170
999|10170,10171
74|648,10172
2943|384,10173
1103|9080,10174
75|792,10175
5764|126,10176
1357|123,10177
1538|690,10178
328|304,10179
664|216,10180
782|17,10181
4506|968,10182
280|98,10183
301|87,10184
5670|339,10185
2815|767,10186
680|1001,10187
1017|3,10188
311|2075,10189
81|433,10190
7957|253,10191
3162|59,10192
884|555,10193
67|1346,10194
2915|139,10195
348|1542,10196
1922|96,10197
1136|82,10198
709|16,10199
130|3648,10200
2024|54,10201
8278|94,10202
6395|2039,10203
2975|339,10204
5262|793,10205
803|642,10206
71|687,10207
2601|672,10208
564|102,10209
2520|145,10210
51|95,10211
536|102,10212
10212|937,10213
6475|280,10214
3252|363,10215
1490|55,10216
96|340,10217
664|661,10218
1429|82,10219
4921|179,10220
490|622,10221
45|48,10222
6842|252,10223
4293|82,10224
463|147,10225
1685|4811,10226
6083|134,10227
4043|10,10228
125|372,10229
1117|10209,10230
8288|111,10231
3338|214,10232
723|133,10233
1570|204,10234
39|28,10235
4658|180,10236
2634|52,10237
5578|212,10238
123|1983,10239
9650|173,10240
5632|1955,10241
168|5474,10242
838|7,10243
4784|92,10244
6416|1035,10245
2496|116,10246
4001|1314,10247
4049|86,10248
140|285,10249
4688|439,10250
1668|1821,10251
241|9,10252
296|229,10253
1079|4102,10254
6479|297,10255
891|382,10256
2388|116,10257
5531|3769,10258
2631|278,10259
6642|200,10260
3225|174,10261
1207|276,10262
140|1959,10263
120|88,10264
829|9420,10265
360|148,10266
1275|1055,10267
5758|1657,10268
2260|111,10269
553|3605,10270
1141|255,10271
75|933,10272
1809|89,10273
7151|276,10274
3374|3648,10275
2116|1943,10276
1483|1630,10277
496|3245,10278
1186|344,10279
240|182,10280
365|1203,10281
133|215,10282
1207|2149,10283
861|1755,10284
4462|139,10285
62|4067,10286
2703|76,10287
121|228,10288
8956|13,10289
2960|324,10290
414|690,10291
1927|98,10292
1794|1228,10293
1646|172,10294
2014|87,10295
2457|274,10296
2477|875,10297
3226|94,10298
6093|85,10299
250|180,10300
1416|1740,10301
165|802,10302
1515|1426,10303
5190|147,10304
2303|8220,10305
131|5267,10306
1494|382,10307
108|2086,10308
1570|193,10309
7393|8012,10310
2945|801,10311
2007|272,10312
75|54,10313
750|2683,10314
84|1937,10315
439|204,10316
49|252,10317
77|1984,10318
37|228,10319
178|259,10320
1179|324,10321
117|89,10322
850|10322,10323
7271|118,10324
6374|293,10325
2601|805,10326
444|60,10327
2624|482,10328
167|86,10329
5230|147,10330
7257|92,10331
1528|129,10332
262|6926,10333
4084|110,10334
1733|60,10335
156|2517,10336
891|801,10337
1539|854,10338
1658|274,10339
3677|118,10340
377|1233,10341
870|334,10342
262|243,10343
90|5464,10344
127|2800,10345
108|604,10346
3646|679,10347
2850|3,10348
3624|923,10349
71|166,10350
473|82,10351
145|54,10352
1267|3011,10353
758|97,10354
4303|166,10355
2232|24,10356
7321|3011,10357
1242|9641,10358
3119|126,10359
973|491,10360
171|1044,10361
288|24,10362
3940|3622,10363
306|163,10364
5969|103,10365
2033|106,10366
1002|389,10367
264|3028,10368
4243|91,10369
586|388,10370
576|119,10371
1534|52,10372
212|98,10373
2146|276,10374
6816|85,10375
2181|193,10376
4462|98,10377
248|98,10378
2139|10,10379
1360|200,10380
2754|197,10381
2163|33,10382
4493|349,10383
36|2742,10384
104|4578,10385
646|116,10386
5186|179,10387
1390|5588,10388
7068|4235,10389
2305|60,10390
116|1422,10391
9506|214,10392
160|1034,10393
268|285,10394
70|382,10395
2338|3769,10396
751|389,10397
90|3603,10398
121|74,10399
2784|76,10400
1193|43,10401
2|158,10402
2065|465,10403
1809|2018,10404
3360|304,10405
1534|55,10406
5003|686,10407
105|1412,10408
58|66,10409
241|147,10410
2109|5194,10411
3174|1293,10412
310|1759,10413
2603|304,10414
2511|132,10415
2041|11,10416
624|1832,10417
1120|119,10418
143|16,10419
1716|174,10420
74|319,10421
37|204,10422
3998|622,10423
1647|60,10424
3501|11,10425
1949|255,10426
684|83,10427
125|102,10428
5308|5656,10429
4957|266,10430
4506|602,10431
3126|85,10432
1435|228,10433
2275|179,10434
39|214,10435
1273|1821,10436
5827|3884,10437
1374|257,10438
6715|320,10439
566|35,10440
2777|218,10441
7673|113,10442
905|2506,10443
3457|718,10444
478|16,10445
2851|145,10446
89|648,10447
401|106,10448
333|255,10449
190|522,10450
122|1145,10451
132|1011,10452
3417|180,10453
5184|158,10454
6617|123,10455
236|267,10456
1405|92,10457
390|134,10458
121|103,10459
1919|7,10460
9201|2234,10461
134|17,10462
6695|43,10463
1380|3751,10464
4425|59,10465
9207|98,10466
7325|541,10467
105|2019,10468
4872|401,10469
190|8807,10470
496|382,10471
5041|82,10472
3163|111,10473
2211|1425,10474
168|322,10475
2966|2089,10476
646|55,10477
2112|482,10478
1525|471,10479
5037|6141,10480
5806|512,10481
1932|2691,10482
5301|5219,10483
1289|289,10484
2203|316,10485
56|1796,10486
86|98,10487
696|115,10488
127|1629,10489
8261|1826,10490
2243|265,10491
1822|194,10492
529|6724,10493
1086|74,10494
2487|110,10495
658|687,10496
360|3395,10497
666|660,10498
888|219,10499
4815|610,10500
338|63,10501
2073|76,10502
2737|200,10503
2573|139,10504
171|389,10505
5142|255,10506
85|667,10507
2473|274,10508
1380|74,10509
180|1318,10510
33|92,10511
5268|801,10512
353|89,10513
156|412,10514
4499|102,10515
6930|304,10516
371|147,10517
7800|11,10518
4080|1851,10519
202|4490,10520
127|219,10521
229|384,10522
2265|98,10523
1272|2896,10524
870|205,10525
136|173,10526
859|106,10527
1247|138,10528
1333|151,10529
895|11,10530
1260|1055,10531
90|181,10532
779|59,10533
2647|1623,10534
1002|7,10535
122|166,10536
607|134,10537
2619|2874,10538
184|118,10539
202|9219,10540
947|182,10541
1849|115,10542
6711|151,10543
973|349,10544
427|104,10545
497|4480,10546
120|233,10547
543|410,10548
6003|24,10549
53|1356,10550
3757|304,10551
168|3356,10552
3125|102,10553
7134|1377,10554
1129|834,10555
417|270,10556
54|76,10557
157|14,10558
1841|110,10559
1952|82,10560
1539|1185,10561
5866|1042,10562
67|242,10563
1311|270,10564
1210|98,10565
530|778,10566
2203|1584,10567
909|231,10568
2937|320,10569
2608|110,10570
198|74,10571
449|447,10572
1867|11,10573
241|4407,10574
1041|672,10575
134|7409,10576
1523|10576,10577
107|4829,10578
6988|9,10579
2096|66,10580
1023|60,10581
4465|690,10582
2422|110,10583
5253|8304,10584
134|98,10585
303|116,10586
6670|147,10587
1001|16,10588
4212|10021,10589
4621|17,10590
106|21,10591
6123|1661,10592
6998|410,10593
2771|17,10594
1360|76,10595
2728|491,10596
4594|304,10597
1773|886,10598
5516|145,10599
1424|608,10600
1589|358,10601
1387|32,10602
162|255,10603
10603|158,10604
56|212,10605
240|375,10606
8315|126,10607
664|608,10608
2299|474,10609
141|94,10610
433|3,10611
437|110,10612
2164|854,10613
4563|622,10614
3927|52,10615
2571|304,10616
558|163,10617
1411|3104,10618
1515|541,10619
112|3099,10620
449|276,10621
3562|793,10622
2747|267,10623
5122|54,10624
1166|106,10625
6304|495,10626
1010|454,10627
156|280,10628
2642|4122,10629
804|565,10630
2145|113,10631
105|509,10632
5112|119,10633
4475|319,10634
5220|2524,10635
125|384,10636
1319|372,10637
3968|43,10638
68|132,10639
5945|16,10640
1974|3626,10641
905|1656,10642
1144|434,10643
961|52,10644
2966|119,10645
527|2180,10646
2253|110,10647
631|1349,10648
39|3714,10649
82|1011,10650
28|2874,10651
5910|8332,10652
3261|74,10653
5632|3011,10654
4401|3018,10655
4352|432,10656
1721|110,10657
51|174,10658
77|7265,10659
5652|1393,10660
2871|604,10661
957|209,10662
508|163,10663
115|3837,10664
283|2877,10665
490|89,10666
766|74,10667
5308|31,10668
1087|257,10669
3379|209,10670
158|55,10671
2583|60,10672
2850|158,10673
7619|6173,10674
1032|986,10675
80|204,10676
164|1223,10677
8302|304,10678
3921|118,10679
453|2580,10680
171|2152,10681
236|491,10682
78|3691,10683
1536|2194,10684
444|2276,10685
4010|278,10686
788|82,10687
3003|143,10688
7367|61,10689
3185|255,10690
3534|95,10691
1331|380,10692
405|733,10693
123|102,10694
922|34,10695
164|174,10696
7643|18,10697
1539|3777,10698
3256|252,10699
664|393,10700
4246|24,10701
631|1527,10702
105|661,10703
241|27,10704
6280|5336,10705
1296|824,10706
75|2544,10707
2437|304,10708
164|3077,10709
4875|111,10710
1141|304,10711
717|5243,10712
1026|2292,10713
3157|85,10714
902|89,10715
301|2025,10716
1132|3758,10717
311|88,10718
2576|5296,10719
7613|363,10720
530|4130,10721
1268|302,10722
2425|60,10723
7333|228,10724
2626|1795,10725
1268|1527,10726
31|137,10727
3669|52,10728
8075|139,10729
95|474,10730
449|465,10731
421|794,10732
2564|604,10733
54|4675,10734
3236|514,10735
1134|2559,10736
8658|92,10737
2052|622,10738
1028|868,10739
8371|95,10740
866|289,10741
240|137,10742
7958|193,10743
2305|5825,10744
3556|432,10745
373|235,10746
220|231,10747
85|400,10748
73|887,10749
787|361,10750
2111|1293,10751
3827|297,10752
40|570,10753
4876|363,10754
1875|19,10755
853|3280,10756
1407|61,10757
202|86,10758
884|106,10759
75|511,10760
499|129,10761
2243|1557,10762
4389|532,10763
7634|1620,10764
2947|97,10765
44|194,10766
425|3884,10767
3926|6141,10768
155|3855,10769
103|509,10770
90|55,10771
3909|555,10772
551|76,10773
832|1690,10774
151|98,10775
3496|276,10776
3377|315,10777
3076|465,10778
251|2108,10779
307|87,10780
2110|873,10781
156|106,10782
4819|3,10783
4903|52,10784
4414|3511,10785
501|1212,10786
867|1314,10787
945|3,10788
3420|297,10789
1660|648,10790
379|219,10791
371|11,10792
176|3,10793
89|102,10794
840|54,10795
371|10795,10796
1758|8410,10797
152|434,10798
1275|15,10799
370|986,10800
3927|304,10801
444|274,10802
1132|3065,10803
834|91,10804
2416|177,10805
196|11,10806
2557|10806,10807
121|3,10808
2557|233,10809
298|2499,10810
112|1983,10811
6146|52,10812
171|5617,10813
155|719,10814
2129|94,10815
44|3731,10816
140|151,10817
95|179,10818
2466|98,10819
7654|166,10820
75|8491,10821
7119|324,10822
2572|255,10823
7112|104,10824
4246|389,10825
37|265,10826
567|1755,10827
4234|137,10828
148|61,10829
121|10829,10830
1984|3,10831
1996|3151,10832
1041|604,10833
3255|231,10834
1812|200,10835
1328|137,10836
230|24,10837
60|145,10838
90|11,10839
67|742,10840
3157|52,10841
33|19,10842
36|35,10843
164|6784,10844
7566|2320,10845
277|6563,10846
3527|200,10847
2100|302,10848
627|2513,10849
1345|145,10850
554|102,10851
833|7787,10852
3447|3610,10853
3510|89,10854
3602|204,10855
84|686,10856
7297|43,10857
684|4430,10858
175|91,10859
3776|200,10860
567|117,10861
1409|139,10862
1609|2689,10863
7304|111,10864
365|606,10865
1166|625,10866
3211|676,10867
198|491,10868
3674|467,10869
280|320,10870
1510|319,10871
3477|1827,10872
198|254,10873
3131|3762,10874
62|34,10875
7239|570,10876
605|533,10877
421|76,10878
2299|824,10879
318|214,10880
47|274,10881
122|48,10882
3216|471,10883
2145|89,10884
1378|2397,10885
5041|133,10886
114|297,10887
2211|648,10888
1659|1013,10889
429|8057,10890
7742|849,10891
6384|834,10892
243|116,10893
7075|94,10894
4574|52,10895
8625|66,10896
136|66,10897
37|218,10898
1166|111,10899
303|147,10900
378|8,10901
1168|491,10902
128|8,10903
7691|2501,10904
6579|54,10905
2340|255,10906
107|104,10907
376|63,10908
639|6362,10909
6581|6722,10910
3756|304,10911
694|113,10912
3185|24,10913
84|2229,10914
1072|25,10915
283|380,10916
6179|1650,10917
47|2192,10918
1127|54,10919
188|372,10920
771|10870,10921
1520|4181,10922
168|4056,10923
345|4965,10924
167|43,10925
5978|1013,10926
3525|1620,10927
547|87,10928
6592|137,10929
211|48,10930
5752|1393,10931
1456|52,10932
4580|145,10933
127|1297,10934
2441|1035,10935
1445|1956,10936
23|37,10937
1062|384,10938
195|137,10939
553|133,10940
6244|179,10941
2891|214,10942
3561|11,10943
2390|200,10944
21|103,10945
1617|3088,10946
945|96,10947
641|48,10948
2211|1314,10949
925|1076,10950
460|4973,10951
7714|267,10952
3738|7,10953
90|8255,10954
5594|74,10955
8021|166,10956
664|24,10957
780|3920,10958
3710|148,10959
4730|60,10960
396|5988,10961
4761|102,10962
1874|235,10963
151|5940,10964
551|943,10965
3491|66,10966
456|7335,10967
2299|361,10968
2724|166,10969
1753|1687,10970
4434|325,10971
1501|116,10972
1988|2067,10973
113|401,10974
2000|297,10975
1137|16,10976
47|3979,10977
1936|24,10978
502|289,10979
86|95,10980
480|10980,10981
78|712,10982
23|102,10983
67|6344,10984
1111|85,10985
186|61,10986
1208|8527,10987
333|542,10988
3931|320,10989
7552|180,10990
1496|276,10991
53|129,10992
2127|204,10993
1811|670,10994
918|87,10995
154|209,10996
108|10748,10997
4152|432,10998
15|216,10999
874|115,11000
164|839,11001
2438|683,11002
2199|623,11003
3162|4173,11004
90|880,11005
337|43,11006
947|5807,11007
2871|383,11008
428|1425,11009
1874|2689,11010
1024|1314,11011
456|276,11012
3220|137,11013
241|95,11014
125|52,11015
4830|273,11016
2176|110,11017
1224|267,11018
918|219,11019
405|977,11020
7374|1033,11021
1524|3,11022
867|111,11023
2048|200,11024
94|533,11025
7741|139,11026
1257|3784,11027
188|218,11028
1275|252,11029
4900|3079,11030
200|3,11031
127|3209,11032
878|482,11033
888|32,11034
44|3186,11035
2029|440,11036
4499|139,11037
75|5474,11038
1803|454,11039
4826|718,11040
28|153,11041
104|11,11042
229|3,11043
100|137,11044
1663|17,11045
140|2089,11046
75|8566,11047
75|7135,11048
7750|82,11049
708|2506,11050
3206|76,11051
791|82,11052
444|648,11053
133|3096,11054
1468|5312,11055
310|3090,11056
5783|74,11057
189|116,11058
1833|60,11059
1606|158,11060
353|126,11061
1197|214,11062
2803|48,11063
75|2948,11064
1734|125,11065
131|7,11066
89|340,11067
75|196,11068
5162|382,11069
9617|102,11070
205|52,11071
1460|11071,11072
8776|123,11073
9619|88,11074
5738|24,11075
560|324,11076
2503|76,11077
749|43,11078
20|12,11079
2582|114,11080
120|242,11081
2606|181,11082
5824|145,11083
652|846,11084
266|542,11085
7930|253,11086
132|87,11087
3311|138,11088
1774|3691,11089
42|3713,11090
4065|54,11091
8596|293,11092
781|32,11093
1809|3169,11094
54|7420,11095
1130|95,11096
500|166,11097
296|11097,11098
3|383,11099
252|266,11100
90|8,11101
9825|733,11102
1283|86,11103
905|461,11104
2101|60,11105
165|372,11106
330|361,11107
8608|230,11108
386|2018,11109
4025|297,11110
4543|103,11111
202|188,11112
13|153,11113
4763|116,11114
5281|471,11115
5490|733,11116
85|63,11117
43|886,11118
307|111,11119
184|1577,11120
120|92,11121
3895|2885,11122
120|116,11123
2288|265,11124
42|185,11125
984|129,11126
564|33,11127
3486|285,11128
1846|48,11129
1361|500,11130
71|6601,11131
2206|33,11132
6780|2221,11133
444|276,11134
23|36,11135
151|403,11136
654|55,11137
1977|2613,11138
777|145,11139
81|265,11140
2478|642,11141
1753|471,11142
513|4929,11143
5853|104,11144
507|87,11145
11|200,11146
38|235,11147
152|101,11148
178|116,11149
318|21,11150
4733|37,11151
425|3,11152
5531|3513,11153
3357|6845,11154
960|24,11155
375|16,11156
1090|86,11157
67|3051,11158
1819|235,11159
2291|281,11160
7192|446,11161
988|7559,11162
90|10730,11163
2949|835,11164
3411|215,11165
153|344,11166
311|63,11167
527|106,11168
837|3480,11169
101|3085,11170
5613|11170,11171
332|11171,11172
5753|166,11173
1479|1527,11174
2021|11,11175
6810|319,11176
105|1943,11177
199|76,11178
1421|85,11179
4006|110,11180
4879|76,11181
370|179,11182
8671|60,11183
4743|199,11184
948|55,11185
94|393,11186
1892|96,11187
1235|175,11188
3613|604,11189
1533|604,11190
1236|102,11191
78|3313,11192
168|172,11193
18|21,11194
164|2464,11195
9906|297,11196
9090|793,11197
1734|111,11198
1320|158,11199
2859|124,11200
870|660,11201
311|6108,11202
321|8685,11203
212|110,11204
61|138,11205
784|43,11206
6832|3395,11207
286|1131,11208
3535|1427,11209
62|199,11210
2546|83,11211
68|103,11212
250|304,11213
7388|670,11214
142|106,11215
2112|1035,11216
496|491,11217
1502|102,11218
118|94,11219
1982|3835,11220
4957|784,11221
2380|218,11222
5519|82,11223
348|1804,11224
3707|418,11225
8817|85,11226
5027|5327,11227
2474|324,11228
61|7925,11229
172|3,11230
104|110,11231
2814|3223,11232
1026|200,11233
1717|1574,11234
334|393,11235
78|4920,11236
1096|17,11237
1717|3759,11238
429|74,11239
3295|1630,11240
3128|76,11241
2576|555,11242
8706|8705,11243
286|1543,11244
113|1661,11245
7231|11245,11246
1010|242,11247
1032|66,11248
4795|3090,11249
4608|3,11250
627|4430,11251
1754|304,11252
2879|54,11253
543|16,11254
3195|255,11255
937|43,11256
155|727,11257
32|137,11258
1879|83,11259
263|92,11260
75|9771,11261
2997|52,11262
4800|1959,11263
49|24,11264
2723|55,11265
414|82,11266
115|7,11267
2477|409,11268
909|275,11269
3414|137,11270
4075|123,11271
515|16,11272
188|602,11273
1283|267,11274
934|742,11275
3212|3,11276
3062|1759,11277
5533|304,11278
4271|8821,11279
198|5942,11280
3486|3305,11281
155|467,11282
620|2292,11283
5916|89,11284
2209|24,11285
3377|287,11286
402|1508,11287
84|215,11288
54|60,11289
119|532,11290
5382|17,11291
95|60,11292
2358|1082,11293
345|83,11294
283|1068,11295
165|93,11296
68|2463,11297
287|446,11298
1803|177,11299
530|289,11300
39|492,11301
702|632,11302
1338|2563,11303
305|794,11304
6850|289,11305
84|1393,11306
2262|2789,11307
2474|91,11308
2555|7894,11309
3752|471,11310
77|153,11311
23|125,11312
348|124,11313
6306|742,11314
933|243,11315
761|92,11316
220|113,11317
7898|4061,11318
1191|2019,11319
296|185,11320
1053|173,11321
919|1154,11322
2477|98,11323
67|169,11324
607|312,11325
635|500,11326
1332|219,11327
2400|74,11328
2013|718,11329
4629|2223,11330
91|85,11331
2248|101,11332
2894|33,11333
3932|118,11334
417|12,11335
190|597,11336
439|389,11337
262|1098,11338
5645|106,11339
1651|2808,11340
127|233,11341
1003|199,11342
2136|726,11343
7258|471,11344
1685|60,11345
2038|92,11346
9823|7994,11347
90|58,11348
4771|92,11349
3389|2255,11350
68|194,11351
2810|89,11352
3202|569,11353
1091|1337,11354
2228|229,11355
464|534,11356
3420|102,11357
1546|175,11358
863|382,11359
882|106,11360
396|1200,11361
1753|76,11362
2306|8757,11363
2350|137,11364
1010|410,11365
460|289,11366
84|58,11367
891|231,11368
1988|769,11369
349|101,11370
453|11370,11371
1868|342,11372
1166|16,11373
113|139,11374
47|4379,11375
1815|83,11376
2576|113,11377
2304|137,11378
333|304,11379
1720|94,11380
1855|873,11381
8778|9846,11382
8779|3066,11383
1841|5320,11384
45|287,11385
1424|16,11386
631|104,11387
586|5266,11388
1350|564,11389
1350|253,11390
277|166,11391
8682|43,11392
1146|55,11393
8783|606,11394
8506|7103,11395
444|17,11396
952|123,11397
1438|215,11398
582|344,11399
3730|60,11400
692|173,11401
1716|185,11402
7929|672,11403
5931|89,11404
1954|185,11405
1170|6,11406
43|13,11407
3534|191,11408
238|153,11409
2480|3731,11410
1887|43,11411
782|193,11412
1470|91,11413
2301|215,11414
2937|142,11415
2157|401,11416
1753|4412,11417
1102|1575,11418
1050|1154,11419
129|7,11420
188|886,11421
1179|166,11422
238|55,11423
5943|683,11424
4053|48,11425
1102|465,11426
377|1699,11427
100|2023,11428
8158|61,11429
7039|1854,11430
503|11,11431
874|3386,11432
777|4798,11433
4434|610,11434
53|2179,11435
1372|1140,11436
1032|86,11437
55|48,11438
56|2192,11439
229|668,11440
1117|6503,11441
3073|325,11442
968|158,11443
1864|117,11444
554|471,11445
2314|1366,11446
1836|174,11447
65|179,11448
120|205,11449
7901|114,11450
180|21,11451
607|1145,11452
1379|106,11453
4722|59,11454
67|304,11455
197|54,11456
1241|61,11457
444|242,11458
310|325,11459
1132|132,11460
3359|85,11461
1811|54,11462
178|432,11463
1886|61,11464
108|7,11465
1175|42,11466
3408|98,11467
98|1185,11468
863|89,11469
1421|102,11470
157|285,11471
1428|2585,11472
105|312,11473
2520|91,11474
4825|110,11475
130|1082,11476
13|2397,11477
303|393,11478
3115|116,11479
395|11,11480
167|274,11481
5283|1056,11482
40|1990,11483
1305|94,11484
1083|1244,11485
270|24,11486
1168|89,11487
145|393,11488
157|604,11489
153|139,11490
153|102,11491
198|439,11492
1850|55,11493
594|7,11494
1105|1912,11495
411|1759,11496
130|349,11497
4104|93,11498
6780|206,11499
1927|85,11500
7985|216,11501
333|229,11502
1898|2086,11503
198|1145,11504
180|85,11505
2305|597,11506
674|4366,11507
1184|1321,11508
32|465,11509
180|358,11510
103|55,11511
220|137,11512
838|88,11513
95|137,11514
574|2143,11515
63|103,11516
3080|1359,11517
2751|24,11518
1617|89,11519
1611|3028,11520
958|381,11521
399|1542,11522
338|34,11523
2116|129,11524
3097|4241,11525
9963|139,11526
1592|106,11527
5319|95,11528
184|11528,11529
332|89,11530
119|363,11531
3751|145,11532
1197|114,11533
8875|3235,11534
2136|17,11535
7352|8867,11536
430|285,11537
848|174,11538
518|17,11539
2750|1926,11540
2135|55,11541
318|474,11542
3156|275,11543
28|3759,11544
395|12,11545
392|17,11546
1394|455,11547
663|42,11548
188|541,11549
6265|352,11550
73|228,11551
62|9993,11552
1749|138,11553
73|91,11554
594|1632,11555
1907|324,11556
64|153,11557
1741|18,11558
1229|1119,11559
184|26,11560
3527|102,11561
639|4808,11562
5919|1027,11563
1361|153,11564
762|432,11565
153|875,11566
692|116,11567
37|293,11568
118|187,11569
1494|342,11570
75|272,11571
953|82,11572
109|59,11573
771|89,11574
2247|1640,11575
659|23,11576
464|123,11577
158|661,11578
2619|60,11579
1153|21,11580
171|2,11581
335|16,11582
47|137,11583
8774|43,11584
1036|58,11585
310|34,11586
627|2821,11587
3729|60,11588
1112|199,11589
414|1192,11590
120|3155,11591
164|1392,11592
921|61,11593
1822|2330,11594
152|8032,11595
453|3761,11596
646|76,11597
720|1059,11598
405|3639,11599
8037|169,11600
4244|1768,11601
3632|778,11602
2817|1459,11603
57|24,11604
1208|255,11605
913|569,11606
1224|113,11607
1360|177,11608
164|412,11609
1218|1955,11610
1036|111,11611
14|137,11612
141|602,11613
597|177,11614
239|1055,11615
206|54,11616
3370|18,11617
62|117,11618
2048|17,11619
3431|86,11620
238|498,11621
2603|24,11622
38|302,11623
127|5051,11624
2393|280,11625
48|446,11626
505|6855,11627
582|76,11628
891|89,11629
1120|2586,11630
59|1823,11631
845|148,11632
98|82,11633
223|36,11634
1129|1832,11635
617|3770,11636
89|17,11637
457|6321,11638
1282|179,11639
13|174,11640
1648|1044,11641
1296|642,11642
237|2,11643
151|63,11644
2503|110,11645
3226|43,11646
124|230,11647
2396|214,11648
78|3282,11649
4796|36,11650
7035|10727,11651
4260|58,11652
577|16,11653
3076|85,11654
67|719,11655
4713|358,11656
69|265,11657
190|5057,11658
370|5332,11659
220|23,11660
1249|8952,11661
276|14,11662
3404|16,11663
164|11095,11664
401|675,11665
5689|82,11666
912|325,11667
10|1339,11668
1268|910,11669
105|24,11670
6685|667,11671
217|3,11672
1176|382,11673
47|8,11674
2028|97,11675
3799|33,11676
53|117,11677
902|270,11678
1142|324,11679
4085|137,11680
1144|158,11681
7421|636,11682
453|92,11683
1353|110,11684
2309|147,11685
761|116,11686
1056|52,11687
1782|153,11688
2447|1827,11689
2198|282,11690
1460|315,11691
3141|76,11692
127|727,11693
1599|93,11694
275|32,11695
2614|1623,11696
32|435,11697
190|13,11698
1150|320,11699
2380|363,11700
5372|3610,11701
6484|94,11702
1494|491,11703
884|110,11704
1546|802,11705
207|1013,11706
488|454,11707
367|7,11708
9763|312,11709
2845|273,11710
567|349,11711
537|106,11712
11129|91,11713
1143|2302,11714
4815|679,11715
731|125,11716
3012|389,11717
1063|1928,11718
1144|2691,11719
1394|139,11720
2216|92,11721
6593|91,11722
5952|106,11723
4735|1662,11724
4760|9143,11725
405|340,11726
89|3084,11727
2468|642,11728
1118|66,11729
903|716,11730
5783|578,11731
1954|55,11732
1932|2914,11733
1246|6011,11734
3845|7941,11735
1629|4351,11736
426|74,11737
1038|3691,11738
2074|1851,11739
75|6245,11740
617|11043,11741
2096|293,11742
762|2389,11743
11743|116,11744
1908|6539,11745
1815|673,11746
1756|447,11747
2859|3127,11748
2294|87,11749
1004|986,11750
7381|606,11751
3163|63,11752
147|74,11753
332|4407,11754
3211|673,11755
2375|642,11756
2773|179,11757
972|98,11758
9801|446,11759
790|133,11760
2305|6552,11761
8905|48,11762
2101|2843,11763
5543|113,11764
1151|219,11765
968|384,11766
2699|98,11767
2065|1366,11768
2891|281,11769
184|2793,11770
1153|4782,11771
3048|409,11772
5740|276,11773
1016|737,11774
2738|2902,11775
452|32,11776
643|273,11777
1525|5588,11778
1102|886,11779
460|2821,11780
5647|102,11781
2943|344,11782
850|104,11783
3176|170,11784
1360|297,11785
1591|3754,11786
9525|8120,11787
3299|281,11788
105|7,11789
10964|215,11790
507|32,11791
184|4969,11792
3242|670,11793
75|647,11794
1482|206,11795
420|259,11796
5236|139,11797
927|1371,11798
355|319,11799
2629|2392,11800
529|21,11801
4420|289,11802
3372|1011,11803
6125|181,11804
3054|175,11805
4200|3341,11806
9943|133,11807
7362|16,11808
758|147,11809
573|824,11810
469|166,11811
1460|1226,11812
1812|447,11813
2964|92,11814
9336|66,11815
3775|147,11816
2632|316,11817
2671|446,11818
1678|55,11819
2862|92,11820
4445|2517,11821
221|101,11822
10786|886,11823
1153|492,11824
3055|1226,11825
2477|465,11826
348|352,11827
2084|2689,11828
2576|7122,11829
1411|163,11830
7130|52,11831
234|3554,11832
918|3132,11833
405|3282,11834
2097|276,11835
4709|6310,11836
594|1854,11837
1220|465,11838
262|3869,11839
221|1699,11840
3632|1377,11841
1628|103,11842
266|7,11843
305|742,11844
6525|259,11845
7184|116,11846
1142|2681,11847
1510|6963,11848
2719|255,11849
6125|143,11850
354|767,11851
184|1630,11852
1267|143,11853
460|683,11854
682|119,11855
979|297,11856
1705|34,11857
1207|1448,11858
122|257,11859
420|683,11860
6913|253,11861
1819|943,11862
6390|139,11863
1101|648,11864
453|802,11865
6345|388,11866
5268|491,11867
5220|3007,11868
4043|119,11869
8960|363,11870
5832|200,11871
190|5035,11872
1444|4141,11873
4445|181,11874
6050|841,11875
7860|110,11876
4149|10,11877
11877|583,11878
73|52,11879
3764|11,11880
5076|25,11881
116|11,11882
5190|214,11883
1351|393,11884
348|2877,11885
2790|471,11886
262|726,11887
202|3785,11888
70|16,11889
1809|175,11890
331|9,11891
2097|60,11892
20|1359,11893
874|58,11894
40|10239,11895
989|509,11896
122|2361,11897
54|17,11898
1028|235,11899
2252|16,11900
1220|482,11901
7432|133,11902
6898|179,11903
1430|648,11904
1624|31,11905
497|2501,11906
65|19,11907
2072|1352,11908
2232|82,11909
2345|683,11910
989|2649,11911
422|252,11912
2304|153,11913
758|2018,11914
7132|125,11915
5371|91,11916
2349|943,11917
922|716,11918
1039|153,11919
444|200,11920
8159|6178,11921
678|123,11922
989|608,11923
154|2515,11924
1268|2207,11925
713|106,11926
3072|96,11927
224|3430,11928
6397|93,11929
1684|14,11930
8168|91,11931
245|440,11932
2442|255,11933
3730|118,11934
2889|297,11935
6022|7,11936
5960|153,11937
1383|235,11938
6982|200,11939
1180|79,11940
405|2535,11941
422|179,11942
81|6852,11943
2564|3431,11944
9758|43,11945
677|194,11946
1103|4978,11947
762|887,11948
84|425,11949
422|60,11950
5051|16,11951
2479|1851,11952
3847|147,11953
1196|48,11954
1874|1656,11955
6357|252,11956
10|1258,11957
2954|2180,11958
531|3516,11959
1880|3169,11960
8149|676,11961
159|93,11962
3710|138,11963
11603|94,11964
125|98,11965
8328|435,11966
1570|1422,11967
959|103,11968
6679|3,11969
280|401,11970
136|92,11971
2540|805,11972
1753|482,11973
13|143,11974
664|3,11975
47|1398,11976
2549|297,11977
2814|2194,11978
2845|259,11979
1400|676,11980
4525|767,11981
4493|129,11982
112|1450,11983
1875|3840,11984
2748|5320,11985
2577|320,11986
4647|118,11987
162|10838,11988
261|163,11989
967|52,11990
3581|92,11991
47|887,11992
5245|838,11993
1774|1636,11994
2699|276,11995
5694|276,11996
78|270,11997
1635|5020,11998
122|1481,11999
164|163,12000
2232|1971,12001
1907|145,12002
1026|2255,12003
1907|383,12004
4124|1507,12005
4681|92,12006
1864|96,12007
787|383,12008
39|88,12009
9105|252,12010
1637|55,12011
92|471,12012
4822|158,12013
6387|111,12014
36|493,12015
296|12015,12016
909|491,12017
3501|16,12018
321|7813,12019
2842|3218,12020
5032|5639,12021
109|259,12022
1097|163,12023
2274|4994,12024
1504|6539,12025
3014|1427,12026
141|962,12027
168|66,12028
1749|326,12029
9579|82,12030
577|137,12031
508|2335,12032
1268|1476,12033
2695|1412,12034
692|58,12035
477|470,12036
50|3392,12037
220|868,12038
3747|6643,12039
34|82,12040
1090|943,12041
1036|474,12042
5633|1406,12043
2354|10402,12044
1822|4927,12045
60|648,12046
1022|213,12047
163|60,12048
727|12048,12049
2603|3,12050
3776|98,12051
4308|114,12052
69|381,12053
4688|12053,12054
8271|179,12055
127|10454,12056
717|403,12057
1388|465,12058
4951|24,12059
178|670,12060
165|887,12061
2575|126,12062
5624|92,12063
638|214,12064
1103|244,12065
3561|182,12066
1774|3840,12067
1284|55,12068
631|910,12069
6591|401,12070
8099|270,12071
10573|146,12072
10521|272,12073
4035|74,12074
2511|910,12075
202|267,12076
1249|2179,12077
120|7,12078
3699|1912,12079
186|1821,12080
235|139,12081
1505|16,12082
3064|52,12083
8445|532,12084
83|602,12085
62|632,12086
525|139,12087
9962|12,12088
2053|1223,12089
1372|235,12090
2814|104,12091
229|85,12092
428|92,12093
234|85,12094
90|285,12095
96|18,12096
3765|24,12097
18|1318,12098
5119|255,12099
50|11751,12100
348|233,12101
3596|1203,12102
1950|6299,12103
5042|2506,12104
414|304,12105
156|7306,12106
5993|7034,12107
1611|2006,12108
130|1673,12109
6375|24,12110
1256|342,12111
1647|297,12112
2127|193,12113
113|602,12114
1031|200,12115
14|334,12116
791|1673,12117
188|179,12118
220|7606,12119
464|61,12120
5990|206,12121
2393|43,12122
420|1131,12123
5694|2149,12124
60|454,12125
10|35,12126
1721|393,12127
1689|219,12128
7569|11,12129
373|802,12130
2264|2263,12131
140|933,12132
6509|830,12133
9548|255,12134
81|217,12135
310|267,12136
4622|138,12137
925|1544,12138
1129|388,12139
6694|4908,12140
5721|10409,12141
355|569,12142
3059|1814,12143
7302|88,12144
3016|668,12145
2136|389,12146
5248|16,12147
4793|59,12148
6353|770,12149
96|608,12150
3185|542,12151
68|146,12152
78|13,12153
127|815,12154
1526|339,12155
860|2018,12156
75|625,12157
1671|8241,12158
103|74,12159
3174|1851,12160
6177|7291,12161
261|14,12162
1793|9177,12163
54|55,12164
6515|3,12165
1868|965,12166
2607|216,12167
5176|66,12168
396|163,12169
1236|172,12170
2819|5166,12171
553|94,12172
2248|265,12173
3615|302,12174
2092|319,12175
1608|5803,12176
165|454,12177
39|276,12178
77|1759,12179
8745|230,12180
7886|115,12181
75|58,12182
7529|605,12183
1603|192,12184
3501|675,12185
1824|409,12186
303|91,12187
1816|2427,12188
1028|2213,12189
1144|252,12190
3372|200,12191
1664|4181,12192
3228|1226,12193
7172|1308,12194
78|885,12195
80|215,12196
959|173,12197
5407|1274,12198
2525|319,12199
2871|824,12200
823|16,12201
261|153,12202
154|82,12203
7|324,12204
249|118,12205
4429|102,12206
2279|3,12207
2920|196,12208
67|52,12209
1589|3459,12210
5316|17,12211
4582|461,12212
1229|147,12213
3091|243,12214
2107|3,12215
171|265,12216
1553|642,12217
2751|193,12218
1031|24,12219
6801|153,12220
1182|243,12221
2422|52,12222
281|91,12223
100|4164,12224
656|2019,12225
554|668,12226
1932|434,12227
4542|54,12228
3184|11015,12229
19|3281,12230
1503|784,12231
45|334,12232
2340|177,12233
6630|2347,12234
1538|60,12235
1731|802,12236
499|27,12237
121|578,12238
4830|138,12239
2889|52,12240
264|391,12241
1268|6501,12242
186|180,12243
4429|85,12244
640|3619,12245
5456|495,12246
3216|102,12247
1049|137,12248
6586|3020,12249
73|169,12250
2092|289,12251
2107|24,12252
2540|718,12253
1723|2046,12254
91|401,12255
9294|192,12256
804|447,12257
3359|102,12258
1608|2843,12259
1520|608,12260
1399|137,12261
1023|276,12262
257|605,12263
1754|16,12264
50|1654,12265
315|82,12266
8598|24,12267
1117|2086,12268
348|887,12269
305|4920,12270
874|257,12271
13|228,12272
2892|200,12273
4472|17,12274
184|137,12275
2304|1318,12276
7932|805,12277
1436|110,12278
2020|276,12279
28|1842,12280
1479|500,12281
333|514,12282
68|233,12283
67|1034,12284
959|349,12285
9986|255,12286
7327|116,12287
5283|6702,12288
635|1349,12289
2262|541,12290
6113|540,12291
307|1425,12292
5174|43,12293
2974|55,12294
2466|102,12295
165|175,12296
184|2809,12297
9663|33,12298
963|3282,12299
262|1979,12300
2312|7,12301
4558|204,12302
3203|79,12303
50|133,12304
592|98,12305
2601|2361,12306
3720|76,12307
1430|92,12308
127|4167,12309
1880|2691,12310
1039|104,12311
1023|875,12312
40|461,12313
296|86,12314
164|258,12315
1268|4626,12316
1898|253,12317
238|166,12318
6080|116,12319
87|76,12320
154|667,12321
803|361,12322
1647|116,12323
1624|2613,12324
56|4056,12325
146|133,12326
3779|55,12327
169|4595,12328
850|12328,12329
199|200,12330
476|2507,12331
1130|1381,12332
274|52,12333
9841|197,12334
4459|3,12335
1453|447,12336
666|492,12337
39|2978,12338
2966|60,12339
293|134,12340
1133|2324,12341
7194|1339,12342
1088|229,12343
12343|1781,12344
73|24,12345
62|12,12346
1651|272,12347
9257|375,12348
1202|17,12349
4321|1854,12350
6504|3762,12351
1075|106,12352
12|185,12353
6111|89,12354
305|4868,12355
4479|247,12356
878|668,12357
1364|147,12358
3343|215,12359
502|32,12360
4124|126,12361
1446|137,12362
551|6831,12363
2262|447,12364
3496|4383,12365
1608|7667,12366
770|482,12367
8368|2957,12368
108|3908,12369
7570|98,12370
3338|7320,12371
7761|139,12372
140|89,12373
3749|1349,12374
893|102,12375
2275|1309,12376
952|2174,12377
3757|255,12378
637|565,12379
912|197,12380
184|6986,12381
743|597,12382
1555|1527,12383
1105|172,12384
40|2233,12385
6327|375,12386
1978|625,12387
710|174,12388
91|687,12389
828|125,12390
127|7764,12391
945|33,12392
893|274,12393
4647|9248,12394
460|335,12395
50|10588,12396
1817|5201,12397
75|1278,12398
136|1943,12399
958|742,12400
2365|116,12401
2071|495,12402
1617|3294,12403
90|2153,12404
2178|60,12405
2738|661,12406
168|852,12407
2572|52,12408
261|87,12409
8019|183,12410
1445|1392,12411
190|764,12412
1407|95,12413
311|219,12414
3582|326,12415
3296|1223,12416
1453|52,12417
5614|2114,12418
120|6677,12419
191|111,12420
627|2792,12421
74|229,12422
3413|500,12423
6513|147,12424
5149|312,12425
2621|102,12426
528|48,12427
2835|218,12428
1809|231,12429
2951|24,12430
2768|1960,12431
1531|4627,12432
117|5184,12433
1733|690,12434
321|879,12435
2110|770,12436
979|177,12437
944|4667,12438
641|28,12439
4570|824,12440
1531|454,12441
7002|1037,12442
920|139,12443
262|669,12444
920|401,12445
5118|30,12446
150|2809,12447
9493|106,12448
5753|91,12449
989|737,12450
2260|11006,12451
47|519,12452
4265|5906,12453
2954|1990,12454
884|214,12455
180|602,12456
414|66,12457
6520|138,12458
586|3549,12459
9711|4067,12460
4152|2640,12461
4500|1319,12462
2232|304,12463
3417|43,12464
2441|139,12465
264|14,12466
1026|7027,12467
1041|361,12468
11162|1319,12469
444|177,12470
3597|5642,12471
164|2691,12472
5834|104,12473
119|482,12474
5499|137,12475
132|111,12476
6750|9,12477
1260|388,12478
866|10664,12479
275|824,12480
1281|132,12481
18|302,12482
2633|6626,12483
6788|55,12484
90|409,12485
2036|2443,12486
678|10930,12487
1267|110,12488
4376|255,12489
777|3089,12490
348|274,12491
1311|212,12492
4584|255,12493
296|3167,12494
327|229,12495
870|2696,12496
171|254,12497
127|880,12498
166|675,12499
535|608,12500
1988|91,12501
549|4413,12502
1120|946,12503
3616|85,12504
1340|217,12505
272|886,12506
517|2220,12507
630|259,12508
3126|482,12509
635|1476,12510
4594|4353,12511
1546|7214,12512
75|309,12513
7745|101,12514
168|3521,12515
944|474,12516
1531|187,12517
165|86,12518
2349|555,12519
710|2507,12520
1978|900,12521
2107|7022,12522
530|5401,12523
2210|235,12524
57|2563,12525
4245|60,12526
277|361,12527
2806|1033,12528
312|1491,12529
175|769,12530
3527|98,12531
2951|7,12532
105|737,12533
405|712,12534
1528|147,12535
5522|85,12536
332|326,12537
1361|293,12538
807|218,12539
1452|1181,12540
9482|14,12541
2628|137,12542
9512|1672,12543
1201|1371,12544
303|1412,12545
1446|92,12546
596|410,12547
318|1309,12548
1925|177,12549
171|207,12550
3580|410,12551
803|1154,12552
1007|1484,12553
3665|48,12554
122|12554,12555
7161|106,12556
5992|1851,12557
1117|4224,12558
2197|35,12559
5797|3281,12560
5257|7034,12561
3425|82,12562
130|2213,12563
2252|193,12564
5959|243,12565
37|3860,12566
178|2944,12567
2177|216,12568
1028|86,12569
271|98,12570
67|10734,12571
4975|267,12572
4081|1915,12573
2437|542,12574
2081|509,12575
108|335,12576
7688|138,12577
2616|52,12578
89|274,12579
2102|409,12580
3597|1851,12581
67|281,12582
4232|54,12583
168|1633,12584
1969|793,12585
240|275,12586
853|106,12587
2445|3759,12588
944|2562,12589
490|2721,12590
464|2849,12591
1208|214,12592
605|389,12593
1345|1157,12594
2810|5327,12595
8879|126,12596
505|3294,12597
78|114,12598
8380|96,12599
682|1027,12600
2142|933,12601
3464|266,12602
54|74,12603
416|133,12604
3163|1694,12605
1974|316,12606
233|55,12607
2262|565,12608
240|153,12609
998|11,12610
4554|85,12611
206|94,12612
303|16,12613
2748|7733,12614
2899|212,12615
1533|91,12616
785|2501,12617
1072|33,12618
1140|143,12619
160|205,12620
1332|5028,12621
3351|471,12622
7781|608,12623
396|7357,12624
859|2156,12625
1677|7844,12626
275|672,12627
241|36,12628
1171|514,12629
901|193,12630
47|570,12631
190|996,12632
5593|218,12633
8790|76,12634
1525|9,12635
239|3207,12636
360|4430,12637
2041|2639,12638
47|93,12639
298|3610,12640
1745|435,12641
355|110,12642
1089|32,12643
762|324,12644
2503|54,12645
334|255,12646
105|3099,12647
280|16,12648
5415|17,12649
164|196,12650
75|7638,12651
7392|393,12652
3000|219,12653
2478|3903,12654
56|2544,12655
9974|91,12656
2474|718,12657
640|106,12658
720|153,12659
1067|137,12660
52|17,12661
3973|177,12662
863|5267,12663
2695|118,12664
3026|85,12665
2024|94,12666
3996|11100,12667
86|1265,12668
62|12668,12669
3717|383,12670
5528|509,12671
105|410,12672
8148|235,12673
3140|3348,12674
1430|103,12675
4189|943,12676
3765|1632,12677
118|173,12678
1151|648,12679
3756|52,12680
3932|4625,12681
1817|805,12682
307|3416,12683
61|393,12684
78|106,12685
302|54,12686
400|24,12687
2013|2361,12688
118|123,12689
6553|467,12690
635|2898,12691
1077|25,12692
4189|86,12693
319|54,12694
1530|216,12695
2738|216,12696
353|363,12697
678|115,12698
1242|95,12699
33|794,12700
95|380,12701
4325|16,12702
7401|471,12703
10034|1426,12704
53|2640,12705
5634|116,12706
7192|363,12707
286|7057,12708
164|104,12709
67|686,12710
751|304,12711
6144|2389,12712
1730|17,12713
639|6558,12714
75|273,12715
4132|180,12716
721|55,12717
140|14,12718
202|5513,12719
4262|2039,12720
1268|137,12721
919|642,12722
613|147,12723
1817|769,12724
97|3235,12725
9058|119,12726
202|604,12727
948|32,12728
28|101,12729
160|3869,12730
334|111,12731
1379|289,12732
5889|3,12733
1718|3084,12734
3297|118,12735
73|10842,12736
624|1231,12737
1424|52,12738
101|116,12739
2375|805,12740
259|16,12741
3818|276,12742
249|10,12743
239|1832,12744
627|285,12745
123|17,12746
5434|98,12747
9465|111,12748
8444|74,12749
291|1203,12750
371|214,12751
236|10859,12752
202|14,12753
2101|380,12754
160|114,12755
3572|272,12756
2981|2968,12757
498|137,12758
248|180,12759
7818|60,12760
12760|446,12761
188|215,12762
10899|12762,12763
91|76,12764
3501|106,12765
10866|11626,12766
5793|116,12767
373|24,12768
75|319,12769
137|9289,12770
6296|60,12771
147|2501,12772
1295|276,12773
1270|76,12774
190|7135,12775
9475|55,12776
1166|55,12777
2111|252,12778
168|55,12779
8172|63,12780
10716|66,12781
640|4880,12782
6250|85,12783
125|94,12784
6180|12784,12785
4324|2194,12786
160|1098,12787
301|2940,12788
1009|2225,12789
427|265,12790
243|92,12791
6971|5906,12792
577|509,12793
266|16,12794
127|253,12795
4939|667,12796
4784|110,12797
5329|74,12798
168|11,12799
353|5907,12800
284|383,12801
2048|98,12802
624|8468,12803
1444|158,12804
75|10893,12805
47|8062,12806
234|205,12807
1328|242,12808
68|2432,12809
11536|1339,12810
75|1059,12811
171|2476,12812
75|4790,12813
2341|2886,12814
835|85,12815
369|34,12816
1281|5134,12817
5040|285,12818
18|1522,12819
4542|43,12820
9495|977,12821
5135|23,12822
2753|43,12823
1876|119,12824
1281|1095,12825
333|33,12826
2346|37,12827
277|383,12828
377|179,12829
328|410,12830
105|1989,12831
2719|1412,12832
4601|98,12833
2474|145,12834
2347|6197,12835
7293|465,12836
4049|1759,12837
333|36,12838
3231|565,12839
527|282,12840
921|242,12841
47|199,12842
1142|91,12843
67|1412,12844
2942|174,12845
573|718,12846
51|933,12847
909|89,12848
184|95,12849
8652|5936,12850
1130|667,12851
14|82,12852
11350|139,12853
3458|1832,12854
7088|454,12855
318|1640,12856
49|212,12857
75|95,12858
1117|2439,12859
1551|137,12860
3131|52,12861
417|102,12862
3252|1228,12863
1697|200,12864
596|3,12865
2474|166,12866
2966|2149,12867
1428|1557,12868
327|4313,12869
1170|42,12870
2347|94,12871
3819|252,12872
287|16,12873
7902|471,12874
1291|116,12875
1436|137,12876
497|9,12877
4070|52,12878
90|868,12879
701|1912,12880
237|1346,12881
4831|1507,12882
8499|205,12883
979|76,12884
9089|94,12885
627|266,12886
207|316,12887
2945|231,12888
1411|7642,12889
7119|91,12890
47|687,12891
486|719,12892
291|132,12893
2862|110,12894
6134|33,12895
406|2220,12896
1132|66,12897
349|482,12898
501|2180,12899
11559|110,12900
2456|143,12901
1400|292,12902
627|3395,12903
5818|58,12904
2484|3,12905
39|383,12906
2399|166,12907
5796|1455,12908
19|726,12909
1435|265,12910
680|5152,12911
62|102,12912
7|48,12913
77|3313,12914
3418|52,12915
8526|55,12916
5840|830,12917
333|177,12918
12822|119,12919
2845|55,12920
1468|1928,12921
1026|214,12922
2530|1557,12923
6608|92,12924
444|400,12925
176|342,12926
449|482,12927
4894|96,12928
9561|24,12929
7|5030,12930
1551|74,12931
1705|2011,12932
5174|8002,12933
1479|910,12934
170|514,12935
164|12935,12936
11311|8534,12937
2462|139,12938
102|110,12939
8896|43,12940
1338|24,12941
268|87,12942
1208|24,12943
4320|204,12944
1082|133,12945
10900|8853,12946
107|169,12947
4083|91,12948
7731|126,12949
49|104,12950
7908|219,12951
6360|188,12952
303|101,12953
220|2721,12954
1373|2150,12955
12955|76,12956
67|192,12957
72|19,12958
4359|7736,12959
301|2893,12960
2490|278,12961
2369|98,12962
234|1346,12963
828|4780,12964
2717|179,12965
85|129,12966
1538|98,12967
2043|104,12968
1453|565,12969
628|467,12970
2697|4229,12971
1263|3516,12972
1834|276,12973
1521|1422,12974
2438|1960,12975
107|7320,12976
1141|297,12977
1399|255,12978
993|244,12979
2917|94,12980
5378|266,12981
6834|138,12982
327|3524,12983
78|716,12984
1405|110,12985
1609|440,12986
6286|5152,12987
190|21,12988
234|58,12989
189|82,12990
184|2670,12991
669|255,12992
75|12992,12993
73|103,12994
6648|200,12995
973|33,12996
7147|1423,12997
21|409,12998
4793|134,12999
2048|110,13000
164|8567,13001
702|1937,13002
2101|103,13003
835|60,13004
2228|5944,13005
1241|12049,13006
10|11054,13007
6401|5411,13008
3887|340,13009
543|96,13010
171|1545,13011
966|278,13012
551|92,13013
160|282,13014
3462|143,13015
4085|104,13016
1374|278,13017
222|320,13018
3407|91,13019
62|2270,13020
360|933,13021
298|6213,13022
2303|5055,13023
1351|625,13024
67|8731,13025
122|446,13026
3685|1768,13027
1978|6215,13028
303|410,13029
4190|4076,13030
250|24,13031
1170|16,13032
4200|89,13033
108|7197,13034
2308|276,13035
1041|1154,13036
497|274,13037
7142|242,13038
6640|871,13039
460|622,13040
945|170,13041
644|76,13042
112|3531,13043
310|197,13044
5652|3988,13045
1424|1304,13046
8533|6942,13047
345|344,13048
55|82,13049
190|98,13050
1727|137,13051
653|11087,13052
5003|13052,13053
952|285,13054
479|454,13055
2425|126,13056
65|102,13057
3059|8859,13058
2035|2506,13059
2441|60,13060
1736|143,13061
567|255,13062
3578|212,13063
3310|106,13064
339|52,13065
75|6351,13066
71|7211,13067
3941|87,13068
2248|12433,13069
6641|215,13070
630|683,13071
5493|2148,13072
4208|133,13073
2001|1157,13074
134|297,13075
134|48,13076
7479|358,13077
7155|2307,13078
1050|474,13079
189|173,13080
2582|97,13081
641|8643,13082
2713|5557,13083
355|276,13084
1224|114,13085
2806|200,13086
1782|1228,13087
359|60,13088
766|242,13089
2336|946,13090
6226|92,13091
28|82,13092
1848|175,13093
476|5313,13094
2038|103,13095
30|175,13096
8666|361,13097
5456|3619,13098
1722|43,13099
1053|1418,13100
913|9,13101
4213|401,13102
2675|106,13103
119|118,13104
11120|3081,13105
536|7357,13106
2109|3919,13107
374|564,13108
2816|389,13109
3195|52,13110
6242|5891,13111
4049|113,13112
9350|482,13113
7318|3,13114
5939|147,13115
3268|11125,13116
1176|767,13117
864|35,13118
162|209,13119
370|302,13120
3230|98,13121
257|48,13122
119|24,13123
10459|1928,13124
2146|2307,13125
1180|4076,13126
348|257,13127
479|2740,13128
119|102,13129
3359|60,13130
8626|93,13131
6659|59,13132
1780|2809,13133
92|434,13134
3717|166,13135
493|585,13136
257|409,13137
8758|1946,13138
3059|470,13139
927|4988,13140
2146|216,13141
268|94,13142
71|274,13143
7181|1883,13144
219|55,13145
292|7,13146
1250|6245,13147
196|102,13148
38|4413,13149
20|204,13150
2964|297,13151
2571|255,13152
508|3716,13153
617|143,13154
527|1427,13155
507|94,13156
3314|9088,13157
3896|137,13158
190|33,13159
1612|403,13160
497|716,13161
1090|48,13162
78|89,13163
1338|391,13164
478|352,13165
1032|235,13166
427|667,13167
638|2739,13168
1153|2559,13169
2519|5865,13170
3209|134,13171
10542|212,13172
10501|660,13173
531|3971,13174
122|1042,13175
73|840,13176
1567|2562,13177
70|231,13178
2012|82,13179
963|3840,13180
252|8650,13181
39|13181,13182
6770|297,13183
241|133,13184
1423|151,13185
168|2544,13186
951|200,13187
7187|82,13188
953|8651,13189
1149|111,13190
71|11156,13191
103|101,13192
5959|2292,13193
333|98,13194
4420|94,13195
1360|110,13196
4420|43,13197
761|54,13198
490|514,13199
4003|14,13200
6670|214,13201
691|229,13202
348|431,13203
67|1422,13204
2555|316,13205
1837|89,13206
77|13206,13207
3055|7193,13208
168|46,13209
894|602,13210
1387|769,13211
1053|349,13212
2414|123,13213
7815|389,13214
188|668,13215
3230|10,13216
195|233,13217
68|316,13218
428|519,13219
1470|55,13220
50|32,13221
126|297,13222
263|74,13223
117|13223,13224
1112|13224,13225
3474|43,13226
488|252,13227
1298|66,13228
469|3851,13229
105|23,13230
1142|642,13231
1780|2670,13232
2575|179,13233
2041|88,13234
3212|116,13235
815|214,13236
921|3,13237
2505|102,13238
596|1854,13239
58|87,13240
183|54,13241
56|119,13242
546|6677,13243
1836|1821,13244
576|687,13245
8673|6678,13246
2025|16,13247
9810|13247,13248
301|13248,13249
1729|110,13250
58|82,13251
125|106,13252
2582|188,13253
6286|11727,13254
1553|361,13255
1032|716,13256
4744|143,13257
757|9726,13258
13|687,13259
4|6,13260
296|683,13261
3854|793,13262
1896|4229,13263
353|339,13264
664|177,13265
240|1672,13266
1817|2681,13267
84|4747,13268
5650|98,13269
4542|3170,13270
2614|1140,13271
13271|6268,13272
1556|61,13273
5509|5219,13274
6018|137,13275
6258|2126,13276
2058|962,13277
2216|8927,13278
774|7276,13279
8841|339,13280
245|6270,13281
4543|11205,13282
2291|110,13283
2947|281,13284
469|1471,13285
6794|2046,13286
185|126,13287
2025|151,13288
241|13288,13289
6683|166,13290
10|119,13291
59|174,13292
294|199,13293
1499|166,13294
2776|3,13295
4052|363,13296
4826|324,13297
4554|102,13298
198|2948,13299
2751|76,13300
367|24,13301
238|3275,13302
3206|794,13303
9383|133,13304
3645|272,13305
1876|60,13306
1486|158,13307
3452|55,13308
237|24,13309
894|179,13310
332|433,13311
109|495,13312
3935|1082,13313
333|2220,13314
833|103,13315
1612|1657,13316
104|393,13317
184|117,13318
67|104,13319
40|1056,13320
4800|11531,13321
333|137,13322
58|242,13323
1175|125,13324
3365|824,13325
701|5064,13326
3590|119,13327
122|718,13328
118|542,13329
3874|8251,13330
48|690,13331
148|123,13332
8700|85,13333
527|3716,13334
587|352,13335
136|4195,13336
1628|1768,13337
1188|34,13338
476|138,13339
5636|4223,13340
2305|92,13341
136|293,13342
905|34,13343
797|3860,13344
3062|86,13345
2237|3,13346
2081|542,13347
499|233,13348
186|830,13349
121|21,13350
178|148,13351
7263|139,13352
305|340,13353
296|266,13354
160|46,13355
643|185,13356
4453|92,13357
312|265,13358
9820|3280,13359
252|59,13360
4190|229,13361
2815|138,13362
75|7249,13363
2104|3933,13364
296|188,13365
84|83,13366
3831|401,13367
3932|274,13368
67|267,13369
3374|33,13370
152|358,13371
8713|98,13372
762|13259,13373
245|13372,13374
4189|89,13375
84|3518,13376
7239|6702,13377
2052|514,13378
2265|129,13379
56|173,13380
973|1082,13381
141|2151,13382
444|608,13383
165|3289,13384
3752|276,13385
10036|304,13386
417|34,13387
2786|875,13388
2131|175,13389
323|16,13390
2177|542,13391
2966|139,13392
145|200,13393
6844|106,13394
3774|1768,13395
659|52,13396
586|4973,13397
1733|297,13398
1114|113,13399
1436|85,13400
118|247,13401
16|82,13402
713|55,13403
1871|11298,13404
7889|106,13405
2288|21,13406
167|868,13407
3488|255,13408
7928|410,13409
1663|33,13410
2209|92,13411
835|690,13412
74|17,13413
3236|2743,13414
75|302,13415
4977|11315,13416
6365|1157,13417
560|166,13418
4193|148,13419
1333|4040,13420
594|3020,13421
5234|145,13422
1049|242,13423
1658|98,13424
1150|19,13425
3303|606,13426
68|58,13427
959|63,13428
348|2935,13429
627|94,13430
2425|668,13431
69|3918,13432
3719|119,13433
4248|324,13434
32|403,13435
2462|7253,13436
321|727,13437
3675|110,13438
700|4562,13439
883|683,13440
637|137,13441
1202|4074,13442
1025|8957,13443
3768|297,13444
4232|116,13445
2786|962,13446
89|158,13447
1479|3223,13448
448|3605,13449
62|342,13450
5290|137,13451
2267|378,13452
3517|1427,13453
134|66,13454
171|13454,13455
535|76,13456
3768|276,13457
1050|769,13458
721|1227,13459
7269|3,13460
3495|104,13461
271|2731,13462
3140|1771,13463
5752|906,13464
1229|199,13465
884|200,13466
235|55,13467
171|2153,13468
303|389,13469
2048|255,13470
3741|125,13471
638|4568,13472
5040|143,13473
353|179,13474
1031|216,13475
1788|204,13476
9845|48,13477
75|378,13478
55|85,13479
7279|242,13480
1111|177,13481
164|6195,13482
266|52,13483
1453|74,13484
5248|8044,13485
6022|54,13486
1150|378,13487
5252|11,13488
84|106,13489
2112|139,13490
1536|5150,13491
850|4251,13492
3012|216,13493
129|137,13494
180|7,13495
2388|849,13496
2297|315,13497
67|55,13498
127|11407,13499
13499|2874,13500
130|2378,13501
779|138,13502
4381|3,13503
553|97,13504
7935|509,13505
2101|1690,13506
7949|113,13507
3317|123,13508
315|401,13509
2824|1575,13510
1067|3,13511
968|82,13512
6532|85,13513
1199|114,13514
2804|95,13515
626|690,13516
162|2893,13517
6750|132,13518
262|86,13519
451|153,13520
847|55,13521
78|148,13522
874|180,13523
371|7462,13524
62|325,13525
105|3537,13526
701|106,13527
577|33,13528
1473|173,13529
242|106,13530
1753|1185,13531
11581|2298,13532
1556|1367,13533
220|383,13534
1072|2225,13535
165|1832,13536
1809|8814,13537
2186|55,13538
448|1917,13539
1388|3,13540
7962|320,13541
84|418,13542
223|63,13543
3311|59,13544
3211|292,13545
2747|52,13546
38|158,13547
961|289,13548
1043|106,13549
1345|91,13550
1268|1203,13551
1305|19,13552
171|810,13553
37|43,13554
7988|33,13555
650|235,13556
918|147,13557
7968|9910,13558
2960|769,13559
188|74,13560
816|58,13561
2747|491,13562
43|482,13563
181|17,13564
762|233,13565
6827|3913,13566
5589|1233,13567
506|46,13568
1242|174,13569
6217|123,13570
4414|10024,13571
238|2843,13572
151|7,13573
6772|119,13574
174|274,13575
2280|83,13576
10294|2901,13577
771|885,13578
98|139,13579
3059|1418,13580
8071|5018,13581
132|133,13582
1023|1678,13583
127|48,13584
41|2,13585
1424|3,13586
2072|742,13587
127|6004,13588
751|3,13589
34|63,13590
26|76,13591
157|11974,13592
75|4422,13593
4825|83,13594
613|106,13595
184|92,13596
30|133,13597
554|886,13598
486|289,13599
2338|173,13600
2112|276,13601
4828|274,13602
4060|93,13603
1884|1055,13604
5329|5600,13605
1236|36,13606
85|14,13607
1648|4667,13608
5023|147,13609
2521|170,13610
164|92,13611
6785|6784,13612
4324|1527,13613
449|137,13614
3212|54,13615
617|235,13616
796|1661,13617
4241|11,13618
2258|204,13619
190|4056,13620
127|106,13621
1949|661,13622
2579|43,13623
310|275,13624
2633|255,13625
441|86,13626
2493|158,13627
1263|2342,13628
75|285,13629
11|297,13630
4601|85,13631
5584|6362,13632
7120|98,13633
4781|24,13634
627|2263,13635
5297|274,13636
6789|61,13637
638|4231,13638
3097|10,13639
2456|11229,13640
244|7,13641
1105|7998,13642
3418|3090,13643
93|147,13644
617|285,13645
4424|116,13646
2308|52,13647
3419|139,13648
1133|18,13649
1669|16,13650
3700|1699,13651
4437|339,13652
221|8,13653
6378|143,13654
3496|200,13655
321|4063,13656
1213|334,13657
1295|565,13658
3083|88,13659
188|7,13660
162|802,13661
267|24,13662
45|129,13663
86|180,13664
545|810,13665
160|11,13666
2949|2012,13667
45|23,13668
2036|9569,13669
111|116,13670
3197|215,13671
89|3153,13672
122|126,13673
270|255,13674
5510|363,13675
171|315,13676
12|43,13677
4416|52,13678
11543|312,13679
744|1192,13680
2514|7341,13681
3435|110,13682
4483|76,13683
261|648,13684
5309|3422,13685
212|216,13686
6807|1442,13687
5125|846,13688
1268|3205,13689
2475|196,13690
311|1314,13691
1453|276,13692
91|3019,13693
8936|1557,13694
448|192,13695
479|393,13696
81|1991,13697
348|196,13698
266|17,13699
2811|116,13700
371|382,13701
36|103,13702
48|447,13703
2741|1110,13704
17|196,13705
143|42,13706
8894|60,13707
195|1367,13708
10896|179,13709
1360|255,13710
3046|102,13711
257|946,13712
6301|7,13713
744|60,13714
1033|2639,13715
1102|4811,13716
3629|86,13717
39|6153,13718
229|118,13719
2695|802,13720
1120|60,13721
90|1779,13722
4590|2148,13723
4590|276,13724
127|66,13725
628|463,13726
3764|174,13727
2629|830,13728
2052|4650,13729
105|608,13730
147|54,13731
120|716,13732
8|177,13733
178|115,13734
9136|3919,13735
235|690,13736
1236|1027,13737
5023|767,13738
262|79,13739
8617|9651,13740
86|92,13741
371|4880,13742
3690|8066,13743
240|12,13744
53|86,13745
77|432,13746
529|95,13747
7683|340,13748
77|230,13749
105|60,13750
1703|1366,13751
1340|767,13752
107|9,13753
492|106,13754
993|229,13755
134|76,13756
1738|2965,13757
1668|96,13758
145|187,13759
3938|91,13760
94|74,13761
476|2392,13762
623|383,13763
453|199,13764
104|54,13765
1180|185,13766
6003|16,13767
2384|9969,13768
8039|2586,13769
21|583,13770
3635|13770,13771
2112|401,13772
4035|42,13773
2903|102,13774
9547|219,13775
2400|500,13776
2818|1956,13777
4817|17,13778
75|278,13779
189|324,13780
2351|16,13781
4818|716,13782
117|219,13783
1152|21,13784
70|79,13785
6830|276,13786
1712|4578,13787
716|82,13788
75|450,13789
104|212,13790
41|19,13791
294|200,13792
171|11774,13793
1460|257,13794
2440|3,13795
1592|9,13796
296|119,13797
2112|409,13798
1470|1392,13799
7543|1244,13800
1914|2580,13801
63|143,13802
75|1756,13803
1257|1662,13804
178|76,13805
11634|58,13806
6690|292,13807
183|33,13808
298|87,13809
2319|137,13810
305|17,13811
961|4618,13812
1204|1577,13813
94|255,13814
1295|60,13815
2083|177,13816
2818|3640,13817
1883|726,13818
56|82,13819
3784|55,13820
182|304,13821
473|76,13822
165|82,13823
5005|267,13824
117|102,13825
2903|200,13826
11894|11893,13827
8|85,13828
2694|467,13829
127|117,13830
3091|35,13831
294|31,13832
3428|1442,13833
301|181,13834
4427|110,13835
3316|137,13836
33|89,13837
405|18,13838
279|34,13839
16|101,13840
332|254,13841
212|24,13842
39|82,13843
39|11657,13844
961|7409,13845
9450|94,13846
223|3920,13847
3517|5580,13848
159|191,13849
321|148,13850
2966|1959,13851
348|6862,13852
188|471,13853
2838|3153,13854
1652|18,13855
5409|94,13856
2526|433,13857
476|605,13858
332|6415,13859
6675|274,13860
631|132,13861
1773|465,13862
1546|86,13863
55|886,13864
587|1832,13865
127|93,13866
2555|125,13867
4647|5325,13868
4526|123,13869
639|18,13870
167|34,13871
8959|153,13872
3535|1577,13873
90|114,13874
5334|461,13875
981|363,13876
2897|4061,13877
152|263,13878
2819|126,13879
2157|668,13880
620|467,13881
379|137,13882
229|968,13883
711|492,13884
6686|679,13885
1180|218,13886
112|802,13887
21|123,13888
188|126,13889
2528|1001,13890
146|139,13891
1010|52,13892
105|36,13893
190|10101,13894
1351|275,13895
41|629,13896
6422|125,13897
5291|565,13898
40|3742,13899
127|5063,13900
4085|36,13901
175|32,13902
678|89,13903
9640|769,13904
3047|363,13905
241|6986,13906
13906|3044,13907
2997|43,13908
3774|7720,13909
328|180,13910
3535|4269,13911
3083|58,13912
1180|4229,13913
156|885,13914
5824|642,13915
6703|58,13916
9402|933,13917
1671|243,13918
12988|9145,13919
1148|82,13920
3097|6597,13921
4963|98,13922
4064|1035,13923
1351|2580,13924
884|3585,13925
4830|569,13926
9024|7,13927
2014|337,13928
6839|33,13929
1660|103,13930
3477|372,13931
4031|52,13932
271|885,13933
3466|11977,13934
1846|5942,13935
220|267,13936
426|106,13937
417|7249,13938
250|1983,13939
8893|358,13940
1940|118,13941
437|177,13942
9925|133,13943
5776|148,13944
571|133,13945
2249|95,13946
56|3204,13947
20|841,13948
1456|180,13949
249|274,13950
13|52,13951
10122|10775,13952
75|1471,13953
316|2439,13954
573|383,13955
2043|5875,13956
6113|1226,13957
1591|434,13958
2601|166,13959
469|91,13960
3831|897,13961
3647|10384,13962
100|79,13963
164|434,13964
5118|7086,13965
3874|48,13966
2572|24,13967
2155|2559,13968
3685|380,13969
306|82,13970
874|388,13971
81|1371,13972
2227|18,13973
11731|11,13974
10310|185,13975
2396|1392,13976
7413|79,13977
8524|689,13978
1653|66,13979
4558|1314,13980
7026|3476,13981
190|11706,13982
34|401,13983
11678|4609,13984
164|3315,13985
2349|2746,13986
549|110,13987
2624|139,13988
406|8786,13989
1659|316,13990
6847|565,13991
6365|145,13992
1073|116,13993
6132|200,13994
3820|166,13995
223|4336,13996
1834|139,13997
2717|433,13998
5032|1212,13999
12809|454,14000
242|119,14001
638|14001,14002
332|533,14003
338|9599,14004
2035|86,14005
3307|163,14006
3768|200,14007
6179|986,14008
1628|1690,14009
710|316,14010
2937|2147,14011
2291|6499,14012
3639|138,14013
6617|55,14014
828|5887,14015
9126|92,14016
6641|363,14017
440|104,14018
2947|3154,14019
1723|1672,14020
2582|1825,14021
5431|82,14022
10252|8361,14023
859|1827,14024
878|471,14025
1041|642,14026
13841|151,14027
12553|363,14028
2049|43,14029
54|14029,14030
73|14030,14031
108|10999,14032
479|2649,14033
11890|289,14034
40|12340,14035
3343|1233,14036
263|197,14037
3364|3835,14038
5376|401,14039
587|2,14040
2894|55,14041
3874|278,14042
2368|3,14043
3219|1319,14044
164|2463,14045
3428|3933,14046
7029|471,14047
2619|179,14048
3000|92,14049
52|118,14050
377|1945,14051
301|342,14052
3164|3513,14053
3616|276,14054
2|541,14055
154|1034,14056
78|6582,14057
527|8083,14058
3823|642,14059
245|9238,14060
2076|1356,14061
1846|3127,14062
2579|52,14063
1622|340,14064
705|886,14065
73|282,14066
250|153,14067
5237|110,14068
296|11079,14069
4135|849,14070
261|82,14071
105|2807,14072
10839|153,14073
84|194,14074
903|55,14075
2096|209,14076
6674|2046,14077
3252|446,14078
246|3207,14079
2533|48,14080
1387|2681,14081
1229|214,14082
6233|219,14083
262|111,14084
655|801,14085
4286|200,14086
355|98,14087
7466|17,14088
280|482,14089
154|158,14090
67|8720,14091
5225|85,14092
2805|2515,14093
345|1366,14094
9095|675,14095
238|74,14096
4999|52,14097
3062|270,14098
306|2944,14099
1438|363,14100
50|172,14101
2396|21,14102
12243|495,14103
1473|2879,14104
77|79,14105
1952|4196,14106
10556|2,14107
1737|2874,14108
78|74,14109
5118|255,14110
3789|103,14111
958|3918,14112
5985|383,14113
9|179,14114
19|846,14115
1113|88,14116
1025|1491,14117
1466|129,14118
23|274,14119
2671|1233,14120
1884|3570,14121
5460|2434,14122
370|910,14123
6456|52,14124
664|1011,14125
1752|471,14126
65|1698,14127
3717|361,14128
1496|6502,14129
245|2689,14130
5376|102,14131
1850|123,14132
551|255,14133
1876|82,14134
1521|119,14135
1269|1630,14136
3176|173,14137
3495|3308,14138
972|102,14139
4483|106,14140
861|1455,14141
984|515,14142
321|66,14143
617|211,14144
3923|11790,14145
1435|95,14146
3310|76,14147
2129|133,14148
1482|181,14149
77|259,14150
8100|113,14151
47|391,14152
321|42,14153
1693|138,14154
1353|52,14155
1488|55,14156
87|125,14157
499|887,14158
1106|219,14159
9120|2234,14160
14160|2517,14161
385|34,14162
1218|93,14163
4461|276,14164
612|1227,14165
2279|410,14166
165|124,14167
160|8310,14168
1345|16,14169
3772|11766,14170
2973|52,14171
105|3727,14172
270|133,14173
12181|188,14174
5473|98,14175
4716|110,14176
414|2114,14177
1294|10183,14178
4186|461,14179
81|418,14180
826|24,14181
10017|401,14182
4244|11843,14183
832|48,14184
9492|147,14185
6596|102,14186
979|447,14187
34|179,14188
905|1181,14189
1582|182,14190
1456|139,14191
10065|363,14192
329|129,14193
1111|304,14194
715|2744,14195
7107|126,14196
156|13358,14197
1660|1314,14198
5108|214,14199
3097|119,14200
1141|4255,14201
864|95,14202
998|55,14203
4872|1035,14204
1123|304,14205
1139|297,14206
3195|110,14207
4759|401,14208
4971|324,14209
2157|1035,14210
104|48,14211
5994|134,14212
2555|6601,14213
7360|276,14214
4135|541,14215
1833|375,14216
4001|103,14217
7940|199,14218
367|133,14219
2737|24,14220
1591|1522,14221
174|690,14222
154|1795,14223
3116|830,14224
1118|74,14225
1751|389,14226
682|274,14227
1714|622,14228
1109|18,14229
2319|3298,14230
93|94,14231
2724|324,14232
5217|111,14233
894|968,14234
2642|4675,14235
490|123,14236
4512|280,14237
14237|102,14238
1400|83,14239
7907|242,14240
2185|110,14241
4421|95,14242
2579|76,14243
2380|215,14244
7101|686,14245
1089|2849,14246
782|3084,14247
154|104,14248
1952|1915,14249
2308|1203,14250
1649|3,14251
3699|172,14252
195|1368,14253
2358|1093,14254
2078|216,14255
1044|270,14256
67|11189,14257
5351|1943,14258
988|55,14259
273|55,14260
1502|687,14261
535|52,14262
682|1542,14263
5362|137,14264
1876|3315,14265
530|94,14266
1495|1508,14267
7982|48,14268
154|3298,14269
6353|873,14270
1407|21,14271
3684|123,14272
6651|1093,14273
963|5597,14274
5317|55,14275
6129|243,14276
4|3532,14277
220|293,14278
12205|14,14279
1090|34,14280
1868|792,14281
2013|1154,14282
1874|5687,14283
4716|1592,14284
2115|158,14285
1332|180,14286
4515|95,14287
1886|2330,14288
2383|7492,14289
1475|158,14290
502|4768,14291
2650|74,14292
5675|180,14293
924|12607,14294
1689|4920,14295
1088|163,14296
2664|3126,14297
952|4685,14298
835|447,14299
323|179,14300
7717|6396,14301
3322|1258,14302
77|606,14303
8370|110,14304
68|6483,14305
3820|48,14306
8923|6503,14307
3351|7777,14308
8749|1699,14309
499|719,14310
115|76,14311
3138|315,14312
1377|98,14313
3080|52,14314
10|1377,14315
626|6811,14316
11943|401,14317
152|11498,14318
31|255,14319
711|14319,14320
2041|74,14321
1134|1223,14322
6192|143,14323
84|96,14324
151|3298,14325
884|393,14326
989|923,14327
2104|55,14328
5753|145,14329
4616|24,14330
175|3,14331
37|173,14332
9918|13564,14333
2175|24,14334
1705|4011,14335
3014|145,14336
5800|2149,14337
625|1308,14338
9117|1481,14339
1658|92,14340
132|147,14341
148|540,14342
68|217,14343
6475|334,14344
158|1971,14345
587|76,14346
4425|259,14347
1470|2681,14348
480|1718,14349
1097|492,14350
992|471,14351
1882|4988,14352
8175|769,14353
2013|769,14354
863|11882,14355
5990|63,14356
888|10282,14357
7670|153,14358
799|1013,14359
1415|83,14360
826|686,14361
424|675,14362
109|54,14363
108|11041,14364
3233|16,14365
3067|219,14366
159|1423,14367
257|266,14368
5304|14368,14369
883|3028,14370
1220|401,14371
2906|94,14372
3048|897,14373
855|116,14374
77|2192,14375
8473|968,14376
3434|91,14377
1340|3104,14378
2952|3127,14379
2748|94,14380
115|104,14381
1475|2217,14382
13832|5384,14383
488|540,14384
621|24,14385
4308|267,14386
8159|3078,14387
2303|147,14388
2964|137,14389
8495|14,14390
4032|2006,14391
8918|625,14392
573|769,14393
896|1588,14394
6286|6643,14395
333|801,14396
4081|2217,14397
2645|454,14398
3646|315,14399
2719|52,14400
3836|854,14401
1751|33,14402
195|2559,14403
69|95,14404
1394|60,14405
1090|6376,14406
2786|409,14407
5042|114,14408
1503|929,14409
1190|204,14410
127|79,14411
758|9632,14412
90|1359,14413
8157|52,14414
1556|191,14415
3184|95,14416
1614|1471,14417
6884|3275,14418
370|209,14419
473|153,14420
683|115,14421
1475|1592,14422
1822|265,14423
4079|726,14424
832|215,14425
5769|3893,14426
6642|1011,14427
1996|1574,14428
3447|2879,14429
838|185,14430
34|1011,14431
833|2587,14432
7895|2524,14433
311|3132,14434
905|943,14435
218|52,14436
1969|2823,14437
264|4372,14438
1423|14332,14439
4831|60,14440
2805|92,14441
3556|454,14442
5984|233,14443
1539|1366,14444
190|1448,14445
4077|98,14446
1590|275,14447
153|179,14448
7015|137,14449
3263|123,14450
1038|5950,14451
1903|166,14452
21|85,14453
83|137,14454
3646|334,14455
4029|119,14456
693|12353,14457
1140|200,14458
501|19,14459
2084|89,14460
2052|885,14461
127|840,14462
7329|146,14463
2394|3933,14464
374|48,14465
223|12770,14466
279|495,14467
11187|147,14468
10268|16,14469
453|608,14470
6712|272,14471
3820|540,14472
2621|98,14473
90|12159,14474
576|126,14475
1331|24,14476
365|2389,14477
4375|24,14478
250|4074,14479
713|9675,14480
5975|7369,14481
1186|372,14482
573|2361,14483
3148|137,14484
1798|1771,14485
7840|2023,14486
7156|5036,14487
11|98,14488
10817|172,14489
862|9,14490
270|16,14491
5519|116,14492
2314|3096,14493
2671|218,14494
75|217,14495
3457|642,14496
791|219,14497
4435|276,14498
1499|145,14499
4674|92,14500
2627|48,14501
321|11951,14502
81|66,14503
1582|209,14504
5460|276,14505
1693|272,14506
4762|82,14507
1249|11672,14508
4098|9731,14509
766|454,14510
3925|2959,14511
2714|3523,14512
5570|114,14513
168|274,14514
301|139,14515
396|132,14516
272|3,14517
1515|2017,14518
1242|1584,14519
1077|11,14520
9171|937,14521
1079|14521,14522
120|10557,14523
3215|3837,14524
4020|163,14525
160|12678,14526
2962|3727,14527
2113|363,14528
1415|138,14529
467|16,14530
9966|85,14531
878|8281,14532
3804|9092,14533
1141|276,14534
9645|1011,14535
56|1034,14536
7337|158,14537
2012|138,14538
279|5401,14539
486|439,14540
2525|3619,14541
178|134,14542
39|792,14543
10691|91,14544
5570|86,14545
5090|92,14546
370|36,14547
705|541,14548
684|2792,14549
1049|92,14550
3054|86,14551
1249|2898,14552
3047|676,14553
90|228,14554
5536|52,14555
1938|33,14556
249|3152,14557
6912|52,14558
6881|14315,14559
456|401,14560
383|4008,14561
264|137,14562
4382|54,14563
6551|204,14564
10194|110,14565
6817|830,14566
1144|4141,14567
6117|7086,14568
2417|3653,14569
119|886,14570
48|133,14571
7857|106,14572
133|98,14573
1608|784,14574
2920|652,14575
4969|297,14576
7639|14576,14577
1721|2775,14578
2358|170,14579
162|3855,14580
370|2215,14581
848|95,14582
5856|110,14583
1023|1035,14584
360|6118,14585
7042|134,14586
400|204,14587
396|10090,14588
5236|179,14589
3464|1690,14590
1179|824,14591
2224|3751,14592
37|209,14593
7118|1946,14594
83|3,14595
909|242,14596
9538|147,14597
2771|58,14598
159|11,14599
82|58,14600
791|802,14601
306|4569,14602
1846|320,14603
1101|3011,14604
874|31,14605
14605|230,14606
1874|2683,14607
229|97,14608
236|9979,14609
1273|96,14610
7555|3127,14611
2764|3,14612
973|113,14613
2|2148,14614
1141|163,14615
262|2544,14616
3174|166,14617
2529|276,14618
499|3154,14619
2211|2739,14620
3909|440,14621
882|447,14622
3121|14436,14623
5614|1192,14624
2319|454,14625
157|134,14626
184|2895,14627
6664|471,14628
1517|3,14629
8026|3557,14630
1514|943,14631
7953|230,14632
486|1507,14633
3301|7275,14634
6842|3893,14635
8184|116,14636
9752|8898,14637
10313|4122,14638
248|118,14639
1136|116,14640
1477|340,14641
4132|5649,14642
72|93,14643
12019|92,14644
2092|259,14645
8886|3531,14646
656|188,14647
6344|85,14648
127|10319,14649
576|2255,14650
1129|48,14651
327|106,14652
4010|2125,14653
1627|1059,14654
3453|1656,14655
1452|2746,14656
9110|143,14657
2478|718,14658
3488|24,14659
2989|106,14660
7702|14345,14661
1201|119,14662
2947|170,14663
659|163,14664
9272|52,14665
3378|104,14666
12147|2220,14667
261|1033,14668
67|634,14669
2388|259,14670
151|146,14671
298|180,14672
3496|52,14673
2749|98,14674
37|509,14675
4326|12,14676
3624|1632,14677
1151|4024,14678
525|3908,14679
2367|92,14680
878|9234,14681
7389|113,14682
3162|134,14683
2538|500,14684
1118|137,14685
966|257,14686
1925|733,14687
2728|382,14688
517|943,14689
222|257,14690
1101|3851,14691
1116|4625,14692
1788|193,14693
298|642,14694
11|181,14695
1533|166,14696
3614|33,14697
1693|2808,14698
4059|1319,14699
1123|737,14700
496|3906,14701
333|622,14702
12787|52,14703
124|6073,14704
108|278,14705
11030|1656,14706
62|217,14707
1032|7376,14708
894|482,14709
2326|92,14710
6379|6181,14711
7511|52,14712
1229|767,14713
539|667,14714
2622|471,14715
3372|276,14716
909|440,14717
7737|101,14718
5866|7168,14719
2084|267,14720
105|2276,14721
426|32,14722
5641|274,14723
5692|98,14724
2478|383,14725
714|375,14726
5204|2649,14727
2248|1821,14728
4264|207,14729
431|91,14730
8626|3531,14731
1952|1593,14732
1470|1154,14733
3874|252,14734
223|60,14735
631|4626,14736
9231|1319,14737
1034|2149,14738
1614|54,14739
1129|212,14740
1102|962,14741
762|6029,14742
527|214,14743
6782|349,14744
453|389,14745
73|13733,14746
68|389,14747
238|6118,14748
2726|98,14749
190|43,14750
69|219,14751
11604|491,14752
4417|716,14753
7511|200,14754
1088|8064,14755
4919|52,14756
4824|2149,14757
4797|200,14758
127|921,14759
1846|8468,14760
4132|3837,14761
132|85,14762
2157|897,14763
638|2335,14764
5376|98,14765
251|55,14766
50|158,14767
39|5134,14768
3935|233,14769
105|4609,14770
319|134,14771
1833|119,14772
78|138,14773
1073|9,14774
1450|16,14775
168|548,14776
2606|285,14777
657|3315,14778
1416|4480,14779
276|106,14780
39|61,14781
1712|10385,14782
4693|3962,14783
28|85,14784
2394|24,14785
807|9145,14786
1268|1034,14787
1927|60,14788
1331|13763,14789
1647|98,14790
1993|55,14791
2923|1593,14792
909|1795,14793
105|87,14794
4788|276,14795
1032|1299,14796
139|375,14797
3723|179,14798
3408|102,14799
5245|344,14800
5595|2742,14801
2381|16,14802
5162|89,14803
6769|76,14804
4955|85,14805
3699|4685,14806
6083|59,14807
2412|1960,14808
499|102,14809
90|2229,14810
6111|175,14811
2624|98,14812
6014|230,14813
909|93,14814
7039|1673,14815
301|5147,14816
1408|805,14817
3562|605,14818
3910|372,14819
3832|213,14820
229|358,14821
120|31,14822
84|18,14823
373|74,14824
957|66,14825
1386|434,14826
10390|91,14827
2469|95,14828
319|52,14829
11258|59,14830
1874|440,14831
199|79,14832
1123|389,14833
7090|363,14834
379|98,14835
1444|2914,14836
1267|10637,14837
1235|5639,14838
12477|3532,14839
789|1381,14840
2875|897,14841
73|266,14842
11618|943,14843
119|409,14844
2173|1527,14845
4599|401,14846
3560|213,14847
3255|79,14848
50|1823,14849
107|7169,14850
105|1033,14851
617|342,14852
14|102,14853
5854|177,14854
711|214,14855
262|123,14856
7243|1033,14857
1025|316,14858
1058|3152,14859
243|102,14860
164|14860,14861
167|79,14862
628|34,14863
62|170,14864
4955|118,14865
3495|137,14866
8254|668,14867
1270|137,14868
1023|471,14869
5049|103,14870
2768|929,14871
1822|132,14872
3299|1069,14873
4001|648,14874
2393|325,14875
1053|2464,14876
607|115,14877
1510|495,14878
1305|1140,14879
301|88,14880
10669|358,14881
3641|215,14882
1534|92,14883
7791|673,14884
9166|1959,14885
1022|55,14886
5162|2955,14887
833|667,14888
3351|668,14889
7069|793,14890
631|228,14891
10846|349,14892
3406|2292,14893
924|6187,14894
1919|3,14895
6957|11011,14896
84|119,14897
1328|255,14898
3126|471,14899
1101|1319,14900
237|6366,14901
4247|182,14902
467|54,14903
5334|14903,14904
5509|212,14905
5712|4969,14906
10323|532,14907
4113|454,14908
108|2215,14909
12838|85,14910
85|88,14911
951|304,14912
692|82,14913
2390|12,14914
3453|5629,14915
113|668,14916
587|887,14917
17|116,14918
5137|52,14919
137|143,14920
1421|60,14921
73|219,14922
3067|116,14923
168|10419,14924
2822|173,14925
32|606,14926
2274|540,14927
239|1484,14928
7244|181,14929
5528|177,14930
3115|133,14931
4200|943,14932
6233|2075,14933
67|133,14934
170|1061,14935
8238|14935,14936
443|61,14937
3491|6485,14938
789|7,14939
3973|533,14940
1142|4366,14941
720|95,14942
1700|85,14943
6913|212,14944
655|382,14945
4426|1637,14946
242|446,14947
1103|719,14948
3917|253,14949
294|172,14950
7338|319,14951
3926|1768,14952
162|11,14953
155|3,14954
1539|492,14955
5044|11898,14956
1648|2562,14957
343|28,14958
126|3,14959
2892|447,14960
168|182,14961
2735|1392,14962
184|375,14963
160|9633,14964
3419|2154,14965
12060|13927,14966
714|1337,14967
195|890,14968
967|133,14969
278|255,14970
13543|95,14971
683|43,14972
8870|1321,14973
10861|1299,14974
164|2427,14975
50|11,14976
407|180,14977
2695|85,14978
332|4682,14979
1648|175,14980
1757|137,14981
1760|435,14982
212|255,14983
8909|10081,14984
7902|1035,14985
270|393,14986
1614|94,14987
655|491,14988
2634|110,14989
1906|110,14990
2890|148,14991
341|7169,14992
2844|372,14993
2375|1157,14994
2326|110,14995
2048|447,14996
8028|2464,14997
6382|1185,14998
6573|43,14999
8746|82,15000
1816|275,15001
3182|116,15002
4248|145,15003
1927|1661,15004
6385|23,15005
6513|5590,15006
1534|32,15007
134|102,15008
1350|335,15009
1180|60,15010
67|9540,15011
11499|274,15012
2866|1854,15013
5268|231,15014
2200|432,15015
3231|304,15016
47|212,15017
1176|214,15018
5919|465,15019
130|103,15020
417|111,15021
8850|137,15022
47|1365,15023
12976|119,15024
757|409,15025
4501|74,15026
379|43,15027
10820|52,15028
3420|447,15029
59|10,15030
751|177,15031
3319|1511,15032
4501|104,15033
49|95,15034
5182|193,15035
10475|540,15036
870|610,15037
226|170,15038
160|66,15039
1081|2965,15040
2203|4780,15041
7101|3812,15042
75|6268,15043
1676|123,15044
502|8064,15045
4200|235,15046
2588|55,15047
234|252,15048
4071|897,15049
3783|363,15050
2637|344,15051
5710|110,15052
631|2194,15053
5037|266,15054
67|9274,15055
10904|74,15056
4605|85,15057
11625|118,15058
39|182,15059
7167|384,15060
2814|5397,15061
1714|2875,15062
870|138,15063
15063|1484,15064
5700|209,15065
311|3,15066
5985|166,15067
289|101,15068
9499|33,15069
2485|137,15070
4266|3,15071
3752|60,15072
310|253,15073
56|1577,15074
3819|8789,15075
2381|7,15076
1641|6006,15077
18|1593,15078
1880|2222,15079
10420|846,15080
47|3429,15081
1007|15,15082
1090|622,15083
352|3,15084
443|15084,15085
151|11,15086
5351|61,15087
408|5336,15088
6421|16,15089
3556|887,15090
2618|116,15091
4797|297,15092
2692|92,15093
78|137,15094
429|1349,15095
1389|153,15096
127|15096,15097
1038|1352,15098
627|219,15099
9194|11031,15100
1925|60,15101
32|35,15102
1523|15102,15103
321|11736,15104
8938|1412,15105
58|375,15106
861|7221,15107
2619|1574,15108
10509|1768,15109
6860|12266,15110
2937|8265,15111
493|24,15112
8390|278,15113
3510|514,15114
1139|465,15115
223|280,15116
68|2183,15117
4566|76,15118
944|166,15119
530|52,15120
670|254,15121
6329|134,15122
2007|2,15123
198|3190,15124
3413|2427,15125
98|602,15126
353|76,15127
90|12272,15128
1880|11253,15129
6105|206,15130
8550|672,15131
5690|340,15132
107|1321,15133
1754|1946,15134
2440|255,15135
1298|117,15136
4657|110,15137
8279|3851,15138
1229|233,15139
1405|137,15140
8148|3341,15141
4493|52,15142
7003|43,15143
31|509,15144
4505|170,15145
1106|92,15146
2029|86,15147
9245|74,15148
3121|60,15149
2806|255,15150
8279|1319,15151
318|1427,15152
671|434,15153
11081|43,15154
9611|98,15155
2485|76,15156
603|840,15157
11158|76,15158
3998|470,15159
341|30,15160
6775|235,15161
3247|358,15162
2396|125,15163
2618|158,15164
6129|254,15165
34|358,15166
61|147,15167
10537|24,15168
311|4024,15169
553|289,15170
2178|123,15171
109|1366,15172
1692|34,15173
184|1698,15174
931|63,15175
6604|94,15176
2699|139,15177
6292|358,15178
1088|532,15179
4680|24,15180
952|133,15181
2083|726,15182
67|32,15183
6390|102,15184
3915|116,15185
8284|11292,15186
1345|672,15187
1876|6800,15188
9776|11204,15189
4135|1678,15190
1716|7387,15191
6105|2221,15192
148|76,15193
2954|2342,15194
49|564,15195
5119|608,15196
2854|132,15197
4454|101,15198
1073|1082,15199
1599|66,15200
12877|2549,15201
225|94,15202
73|12334,15203
1307|474,15204
7267|8008,15205
6772|102,15206
40|273,15207
2997|110,15208
2211|6108,15209
5634|137,15210
195|21,15211
1793|337,15212
12345|3281,15213
338|712,15214
596|24,15215
960|910,15216
122|1154,15217
807|9359,15218
124|137,15219
588|216,15220
5283|570,15221
4797|565,15222
8345|372,15223
7565|2075,15224
8017|17,15225
708|97,15226
345|380,15227
3284|102,15228
3217|118,15229
257|276,15230
13066|8313,15231
56|1371,15232
127|11084,15233
530|7275,15234
3973|92,15235
73|1016,15236
86|8015,15237
155|1837,15238
159|1640,15239
835|1011,15240
2630|205,15241
637|60,15242
3216|447,15243
9264|118,15244
37|3167,15245
5293|33,15246
140|147,15247
143|5638,15248
160|15248,15249
90|3906,15250
3633|409,15251
12505|1837,15252
7695|166,15253
2694|1956,15254
126|690,15255
429|910,15256
3495|1277,15257
13249|384,15258
59|96,15259
10|795,15260
32|875,15261
692|1662,15262
1721|16,15263
2981|2746,15264
246|564,15265
284|672,15266
7759|541,15267
4266|447,15268
9129|126,15269
7977|54,15270
264|33,15271
547|32,15272
8074|143,15273
8238|15273,15274
3699|2174,15275
12380|145,15276
2645|410,15277
1242|3308,15278
199|116,15279
921|55,15280
162|30,15281
2882|43,15282
6421|24,15283
3438|1381,15284
19|98,15285
13539|110,15286
38|110,15287
656|151,15288
866|9306,15289
9816|48,15290
250|8301,15291
1247|179,15292
551|8338,15293
6117|30,15294
4918|6118,15295
680|13,15296
947|8049,15297
104|82,15298
1906|92,15299
874|742,15300
3263|409,15301
184|192,15302
1684|15,15303
1672|16,15304
116|33,15305
2800|92,15306
229|3007,15307
8035|5134,15308
593|15308,15309
4533|467,15310
164|334,15311
15311|281,15312
90|2743,15313
1247|98,15314
870|173,15315
82|274,15316
48|60,15317
12396|344,15318
111|3,15319
9365|134,15320
32|66,15321
198|5147,15322
1520|1455,15323
60|185,15324
198|15324,15325
1473|3610,15326
617|214,15327
12628|76,15328
75|10591,15329
5048|302,15330
625|384,15331
1272|15331,15332
96|255,15333
1144|871,15334
1773|482,15335
4514|231,15336
678|8898,15337
2773|977,15338
1617|491,15339
1103|124,15340
3236|2506,15341
1284|137,15342
989|3,15343
2964|276,15344
803|474,15345
2400|598,15346
452|87,15347
20|25,15348
174|139,15349
1328|3,15350
1875|180,15351
1721|3,15352
1208|55,15353
1546|113,15354
141|687,15355
307|4024,15356
12412|770,15357
863|2501,15358
8310|849,15359
1424|15359,15360
6581|3153,15361
2692|110,15362
1754|255,15363
1665|147,15364
274|32,15365
4730|13731,15366
6512|106,15367
796|119,15368
2295|102,15369
68|3433,15370
2641|98,15371
3764|1821,15372
1486|3229,15373
5326|85,15374
5326|98,15375
6117|608,15376
5276|668,15377
2737|255,15378
50|104,15379
8876|6197,15380
13320|514,15381
490|2746,15382
2055|12420,15383
1003|2126,15384
828|1821,15385
74|389,15386
54|54,15387
3418|1990,15388
7745|96,15389
334|76,15390
1281|74,15391
3632|514,15392
6596|179,15393
1336|673,15394
10094|3,15395
379|85,15396
8320|74,15397
328|242,15398
2644|169,15399
1424|92,15400
3914|447,15401
1599|52,15402
4375|3,15403
2652|16,15404
271|492,15405
1257|6755,15406
6792|801,15407
221|2270,15408
1664|608,15409
1106|1694,15410
1218|5287,15411
762|145,15412
4179|1960,15413
73|229,15414
959|1093,15415
966|1956,15416
112|1024,15417
944|382,15418
1541|608,15419
470|389,15420
10628|33,15421
7586|846,15422
5315|2562,15423
266|33,15424
2571|52,15425
303|63,15426
2568|242,15427
945|6577,15428
2564|115,15429
74|24,15430
3143|218,15431
596|608,15432
3646|31,15433
3773|137,15434
127|1045,15435
5547|923,15436
3745|106,15437
1951|110,15438
527|14342,15439
268|74,15440
947|6623,15441
567|661,15442
47|2183,15443
1531|18,15444
328|255,15445
6807|2517,15446
2177|24,15447
551|440,15448
10639|1231,15449
3261|690,15450
3059|6310,15451
1260|2439,15452
1459|218,15453
663|194,15454
2083|661,15455
5963|125,15456
303|43,15457
1628|2843,15458
620|433,15459
680|255,15460
1174|173,15461
1139|137,15462
77|712,15463
1242|7894,15464
250|5323,15465
6672|270,15466
184|378,15467
680|12,15468
15468|13672,15469
2628|54,15470
1249|1425,15471
77|11,15472
8085|304,15473
4401|1508,15474
3925|794,15475
852|98,15476
61|55,15477
353|15477,15478
3231|200,15479
1754|2789,15480
3633|875,15481
6018|132,15482
2851|361,15483
11506|542,15484
2962|95,15485
5005|188,15486
321|104,15487
103|1946,15488
3230|2347,15489
1628|380,15490
283|900,15491
2510|1381,15492
508|8083,15493
1879|179,15494
1400|446,15495
2065|1687,15496
3527|60,15497
4|33,15498
2719|393,15499
2056|1076,15500
286|13,15501
360|83,15502
4159|447,15503
5733|3839,15504
77|196,15505
10668|179,15506
6525|59,15507
2738|6626,15508
3451|7707,15509
13706|173,15510
118|82,15511
1252|88,15512
4762|10671,15513
1923|215,15514
160|6019,15515
1589|4413,15516
3723|85,15517
220|382,15518
182|770,15519
122|16,15520
535|9340,15521
7565|103,15522
3534|101,15523
13661|3882,15524
7181|3423,15525
8339|214,15526
14286|849,15527
12495|115,15528
9618|276,15529
766|43,15530
236|5891,15531
3123|55,15532
7098|52,15533
972|2587,15534
115|88,15535
2273|2223,15536
4918|2843,15537
957|293,15538
71|3860,15539
3231|16,15540
298|2877,15541
1270|116,15542
534|106,15543
3406|12566,15544
1073|432,15545
2374|151,15546
1430|5440,15547
2938|3282,15548
2521|3844,15549
4248|16,15550
4599|139,15551
10401|602,15552
78|1636,15553
2314|344,15554
666|119,15555
75|2183,15556
12811|43,15557
701|285,15558
9973|358,15559
379|18,15560
919|1157,15561
1098|54,15562
5052|465,15563
2954|3516,15564
567|4074,15565
131|61,15566
3054|3988,15567
3002|114,15568
947|82,15569
8416|712,15570
11139|1755,15571
1176|7462,15572
6217|285,15573
11552|297,15574
222|540,15575
160|181,15576
1102|2183,15577
4330|2307,15578
5581|60,15579
1428|1277,15580
188|123,15581
7259|123,15582
2383|4227,15583
2698|242,15584
2252|1422,15585
250|1319,15586
77|254,15587
1089|5053,15588
1430|87,15589
1803|92,15590
2268|7027,15591
505|2721,15592
1041|166,15593
449|2740,15594
10010|233,15595
519|213,15596
90|3780,15597
1310|6331,15598
613|840,15599
15599|1274,15600
265|32,15601
232|15601,15602
310|103,15603
11548|243,15604
479|137,15605
5751|726,15606
39|1055,15607
15607|8650,15608
171|4747,15609
4495|76,15610
1350|388,15611
7296|96,15612
2920|163,15613
220|565,15614
1648|2875,15615
4416|410,15616
4475|1990,15617
2441|465,15618
4873|1926,15619
630|1366,15620
1063|668,15621
8857|2174,15622
4007|92,15623
8359|3,15624
664|66,15625
332|3,15626
114|106,15627
6422|21,15628
683|465,15629
8864|3294,15630
5973|123,15631
9792|118,15632
8765|138,15633
11210|274,15634
122|2067,15635
3966|204,15636
3291|10071,15637
2092|59,15638
891|491,15639
8390|2223,15640
3528|4710,15641
8231|116,15642
627|2220,15643
96|816,15644
7619|15644,15645
6554|482,15646
3316|61,15647
119|401,15648
2842|2900,15649
11163|91,15650
2354|873,15651
9542|1033,15652
682|602,15653
1415|7974,15654
649|110,15655
3978|28,15656
133|795,15657
6572|82,15658
3624|393,15659
643|3028,15660
7625|933,15661
402|116,15662
427|1393,15663
1138|1418,15664
4401|846,15665
1236|293,15666
8368|139,15667
202|5063,15668
1913|104,15669
427|906,15670
12582|89,15671
2146|648,15672
4690|137,15673
47|123,15674
2445|2874,15675
4975|89,15676
477|1916,15677
19|151,15678
717|15678,15679
278|410,15680
2175|193,15681
3590|5410,15682
104|166,15683
64|15683,15684
23|1027,15685
2924|2207,15686
2081|216,15687
861|1632,15688
240|228,15689
513|11486,15690
1260|212,15691
479|794,15692
2308|43,15693
1394|687,15694
553|32,15695
168|285,15696
1707|5155,15697
533|33,15698
33|98,15699
1311|266,15700
3486|88,15701
73|79,15702
4613|74,15703
39|7382,15704
2810|514,15705
13895|361,15706
12674|1033,15707
102|9587,15708
56|8655,15709
221|266,15710
945|95,15711
4007|102,15712
1373|1406,15713
373|43,15714
1541|440,15715
5716|48,15716
3561|126,15717
4599|471,15718
236|94,15719
5032|113,15720
1723|943,15721
918|2499,15722
12906|11289,15723
2268|12619,15724
140|846,15725
332|74,15726
17|52,15727
543|255,15728
717|667,15729
3685|229,15730
7780|104,15731
453|24,15732
348|1080,15733
3832|33,15734
3561|60,15735
1247|102,15736
4904|218,15737
4793|4173,15738
162|132,15739
12849|214,15740
327|48,15741
318|229,15742
403|104,15743
5148|15743,15744
1104|769,15745
1521|375,15746
4355|24,15747
3572|2222,15748
6512|55,15749
3182|1318,15750
185|55,15751
168|1945,15752
2538|85,15753
243|24,15754
2101|2149,15755
4894|191,15756
3632|7693,15757
1399|177,15758
161|793,15759
2938|5950,15760
1190|55,15761
5610|1755,15762
5048|1842,15763
10977|304,15764
2882|54,15765
81|10767,15766
4713|1593,15767
3339|401,15768
5304|252,15769
5961|52,15770
127|12648,15771
566|7372,15772
479|340,15773
7841|86,15774
370|3205,15775
4681|340,15776
12650|2046,15777
2871|324,15778
2033|3260,15779
3255|491,15780
2642|11113,15781
2754|325,15782
743|6552,15783
6192|123,15784
2076|498,15785
47|87,15786
5835|1274,15787
8831|3806,15788
6374|1068,15789
445|23,15790
887|153,15791
3064|76,15792
1423|42,15793
1168|801,15794
710|2559,15795
762|170,15796
272|123,15797
11377|6419,15798
1815|218,15799
377|174,15800
1313|3,15801
6298|125,15802
376|103,15803
1436|794,15804
1824|1678,15805
2921|8449,15806
7096|2823,15807
3481|3158,15808
2398|98,15809
1776|116,15810
82|668,15811
3623|1223,15812
92|897,15813
3978|252,15814
535|726,15815
3601|148,15816
202|2881,15817
683|3,15818
157|15818,15819
2228|5061,15820
874|18,15821
2053|187,15822
68|1055,15823
6809|16,15824
635|636,15825
6455|461,15826
9432|1883,15827
4245|118,15828
115|5150,15829
545|15121,15830
1445|145,15831
127|92,15832
399|12684,15833
9363|24,15834
303|304,15835
1311|1231,15836
6219|12686,15837
2232|52,15838
630|83,15839
1235|2430,15840
1703|344,15841
788|187,15842
13116|1691,15843
78|2881,15844
12541|1842,15845
2383|7365,15846
486|254,15847
1677|1231,15848
7939|1426,15849
21|1258,15850
67|4682,15851
7649|324,15852
1914|393,15853
731|96,15854
2753|319,15855
643|259,15856
296|199,15857
3047|215,15858
98|3423,15859
167|129,15860
12698|339,15861
1548|7,15862
4263|166,15863
3421|200,15864
1079|23,15865
7763|116,15866
5967|3,15867
190|4260,15868
398|48,15869
640|169,15870
12997|606,15871
9166|2089,15872
13|170,15873
1712|8534,15874
16|102,15875
4716|116,15876
310|2881,15877
3525|4238,15878
1495|60,15879
7360|297,15880
2573|54,15881
12714|98,15882
2880|110,15883
2326|137,15884
5762|89,15885
3216|276,15886
117|148,15887
162|15887,15888
803|2681,15889
922|2506,15890
3022|2673,15891
8023|137,15892
2962|606,15893
5621|12725,15894
3757|923,15895
1230|7241,15896
3577|177,15897
954|87,15898
433|5427,15899
17|3298,15900
5015|145,15901
592|968,15902
2175|242,15903
639|3081,15904
4267|3306,15905
59|454,15906
81|4397,15907
1501|158,15908
3368|54,15909
963|6090,15910
3347|54,15911
47|2856,15912
4135|1851,15913
5852|143,15914
327|14421,15915
551|7364,15916
1023|1935,15917
3261|200,15918
2053|719,15919
790|1511,15920
5302|10983,15921
5999|10837,15922
1907|604,15923
472|5860,15924
3556|352,15925
10|106,15926
6394|3754,15927
2139|2089,15928
305|114,15929
1351|4490,15930
7155|1080,15931
6159|602,15932
4515|101,15933
1672|5878,15934
458|10058,15935
692|2808,15936
96|94,15937
53|233,15938
277|4102,15939
100|106,15940
4628|86,15941
167|188,15942
1968|316,15943
1985|82,15944
173|886,15945
321|5767,15946
2013|805,15947
3905|492,15948
3992|43,15949
8712|2549,15950
2441|200,15951
5574|110,15952
2066|1574,15953
918|97,15954
2622|139,15955
5769|48,15956
1038|597,15957
2621|85,15958
417|181,15959
171|229,15960
2480|6248,15961
1378|124,15962
1310|14,15963
6904|133,15964
5516|133,15965
7297|2875,15966
240|19,15967
7172|834,15968
67|2298,15969
945|393,15970
3730|139,15971
171|60,15972
3974|447,15973
3620|410,15974
4421|96,15975
5456|289,15976
543|943,15977
10634|297,15978
3685|185,15979
164|5954,15980
4955|102,15981
298|12230,15982
743|3282,15983
4325|324,15984
3910|1228,15985
845|3864,15986
6201|7122,15987
467|52,15988
2234|132,15989
12|15989,15990
238|15990,15991
1580|16,15992
220|12764,15993
3232|340,15994
2441|297,15995
14096|676,15996
28|177,15997
3572|2914,15998
2260|3988,15999
1183|180,16000
8024|2156,16001
2526|1771,16002
145|1632,16003
2953|2302,16004
249|401,16005
6169|85,16006
9897|726,16007
723|94,16008
2198|389,16009
1342|1522,16010
5132|43,16011
938|193,16012
6573|52,16013
6305|170,16014
162|9989,16015
2699|401,16016
663|7226,16017
7120|126,16018
3741|5423,16019
1167|272,16020
421|816,16021
2192|43,16022
1241|16022,16023
2866|255,16024
3838|103,16025
2735|3315,16026
321|2270,16027
293|91,16028
371|5149,16029
620|7,16030
4310|33,16031
901|76,16032
77|74,16033
2299|718,16034
405|119,16035
3426|11633,16036
85|219,16037
5317|965,16038
