3802,<wb>кьнігъі
310 34 793,<wb>ро|д|ства
5622 1389,<wb>іу|хва
732,<wb>сна
53 7369,<wb>д|два
732,<wb>сна
1310 1442,<wb>авраа|млѣ
3450,<wb>авраамъ
790,<wb>роді
5994 134,<wb>ісаа|ка
5994 569,<wb>ісаа|кь
71,<wb>же
790,<wb>роді
3234 103,<wb>іако|ва
3234 92,<wb>іако|въ
71,<wb>же
790,<wb>роді
6038,<wb>іюдѫ
39,<wb>і
4370,<wb>братіѭ
135,<wb>его
1667,<wb>іюда
71,<wb>же
790,<wb>роді
593 174 170,<wb>фа|ре|са
39,<wb>і
171 61,<wb>за|ра
84,<wb>отъ
373 143 339,<wb>та|ма|ръі
593 174 173,<wb>фа|ре|съ
71,<wb>же
790,<wb>роді
430 117 143,<wb>ес|ро|ма
430 117 106,<wb>ес|ро|мь
71,<wb>же
790,<wb>роді
77 61 17 143,<wb>а|ра|а|ма
77 61 17 55,<wb>а|ра|а|мъ
71,<wb>же
790,<wb>роді
475 102 86 103,<wb>амі|на|да|ва
475 102 86 92,<wb>амі|на|да|въ
71,<wb>же
790,<wb>роді
68 23 263 102,<wb>на|с|со|на
68 23 263 98,<wb>на|с|со|нъ
71,<wb>же
790,<wb>роді
301 153 7370,<wb>са|ль|мона
301 36 1921,<wb>са|л|монъ
71,<wb>же
790,<wb>роді
240 12 230,<wb>во|о|за
221,<wb>от
120 432 219,<wb>ра|ха|въі
240 12 312,<wb>во|о|зь
71,<wb>же
790,<wb>роді
1953 12 86,<wb>ові|о|да
84,<wb>отъ
310 289,<wb>ро|тъі
1953 12 113,<wb>ові|о|дъ
71,<wb>же
790,<wb>роді
1112 199 17,<wb>іе|се|а
1112 199 16,<wb>іе|се|і
71,<wb>же
790,<wb>роді
53 86,<wb>д|да
2470,<wb>црѣ
5706,<wb>ддъ
71,<wb>же
774,<wb>црь
790,<wb>роді
4816 102,<wb>соломо|на
221,<wb>от
73 606 471,<wb>оу|ріі|нъіѧ
3086 1921,<wb>соло|монъ
71,<wb>же
790,<wb>роді
310 63 17 143,<wb>ро|во|а|ма
310 63 17 55,<wb>ро|во|а|мъ
71,<wb>же
790,<wb>роді
1757 17 86,<wb>аві|а|да
1757 17 113,<wb>аві|а|дъ
71,<wb>же
790,<wb>роді
3091 170,<wb>ас|са
3091 349,<wb>ас|сь
71,<wb>же
790,<wb>роді
521 170 2347 94,<wb>іоа|са|фа|та
521 5418 542,<wb>іоа|саф|атъ
71,<wb>же
790,<wb>роді
521 61 143,<wb>іоа|ра|ма
521 61 106,<wb>іоа|ра|мь
71,<wb>же
790,<wb>роді
359 320 3,<wb>іо|зі|ѭ
359 320 33,<wb>іо|зі|ѣ
71,<wb>же
790,<wb>роді
521 94 143,<wb>іоа|та|ма
521 94 106,<wb>іоа|та|мь
71,<wb>же
790,<wb>роді
77 432 230,<wb>а|ха|за
77 432 312,<wb>а|ха|зь
71,<wb>же
790,<wb>роді
1112 1140 6722,<wb>іе|зе|кіѭ
1112 1140 7372,<wb>іе|зе|кіѣ
71,<wb>же
790,<wb>роді
1634 4978,<wb>мана|сіѭ
1634 1481,<wb>мана|сіі
71,<wb>же
790,<wb>роді
77 172 170,<wb>а|мо|са
77 172 349,<wb>а|мо|сь
71,<wb>же
790,<wb>роді
1009 3,<wb>іосі|ѭ
1009 17,<wb>іосі|а
71,<wb>же
790,<wb>роді
359 196 2149,<wb>іо|хо|ніѭ
39,<wb>і
4370,<wb>братіѭ
135,<wb>его
56,<wb>въ
7373 5995,<wb>прѣсе|леніі
152 8032 10 492 17 106,<wb>ва|віло|н|стѣ|а|мь
67,<wb>по
7373 5995,<wb>прѣсе|леніі
71,<wb>же
152 8032 5325,<wb>ва|віло|ньстѣ
359 196 297,<wb>іо|хо|ніѣ
790,<wb>роді
301 5147 104,<wb>са|латі|лѣ
301 5147 153,<wb>са|латі|ль
71,<wb>же
790,<wb>роді
2350 3537 146 104,<wb>зо|рова|ве|лѣ
2350 3537 146 153,<wb>зо|рова|ве|ль
71,<wb>же
790,<wb>роді
1757 42 86,<wb>аві|оу|да
1757 42 113,<wb>аві|оу|дъ
71,<wb>же
790,<wb>роді
1394 17 1423 143,<wb>елі|а|кі|ма
1394 17 1423 106,<wb>елі|а|кі|мь
71,<wb>же
790,<wb>роді
77 230 61,<wb>а|за|ра
77 230 125,<wb>а|за|рь
71,<wb>же
790,<wb>роді
301 151 134,<wb>са|до|ка
301 151 569,<wb>са|до|кь
71,<wb>же
790,<wb>роді
77 493 102,<wb>а|хі|на
77 493 98,<wb>а|хі|нъ
71,<wb>же
790,<wb>роді
1394 42 86,<wb>елі|оу|да
1394 42 113,<wb>елі|оу|дъ
71,<wb>же
790,<wb>роді
1394 11 921 61,<wb>елі|е|зо|ра
1394 11 921 101,<wb>елі|е|зо|ръ
71,<wb>же
790,<wb>роді
5044 94 102,<wb>мат|та|на
5044 94 98,<wb>мат|та|нъ
71,<wb>же
790,<wb>роді
3234 103,<wb>іако|ва
3234 92,<wb>іако|въ
71,<wb>же
790,<wb>роді
5635,<wb>іосіфа
1376,<wb>мѫжа
2621 102,<wb>маріі|на
168,<wb>із
2861 48,<wb>неѧ|же
790,<wb>роді
70,<wb>сѧ
331,<wb>ісъ
2770,<wb>наріцаемъі
930,<wb>хъ
704,<wb>вьсѣхъ
71,<wb>же
310 1759,<wb>ро|довъ
221,<wb>от
4676,<wb>авраама
156,<wb>до
53 86,<wb>д|да
310 1759,<wb>ро|довъ
300,<wb>гі
238,<wb>те
39,<wb>і
221,<wb>от
53 86,<wb>д|да
156,<wb>до
7373 2215,<wb>прѣсе|леніѣ
152 8032 10 1366,<wb>ва|віло|н|скааго
310 1759,<wb>ро|довъ
300,<wb>гі
238,<wb>те
39,<wb>і
221,<wb>от
7373 2215,<wb>прѣсе|леніѣ
152 8032 10 1366,<wb>ва|віло|н|скааго
156,<wb>до
1236,<wb>ха
310 1759,<wb>ро|довъ
300,<wb>гі
238,<wb>те
107 9 63,<wb>іс|х|во
71,<wb>же
310 34 372,<wb>ро|д|ство
931,<wb>сіце
798,<wb>бъіс
6159 118,<wb>обрѫче|нѣ
6838 116,<wb>бъівь|ші
2776,<wb>матері
135,<wb>его
2621,<wb>маріі
1072 2023,<wb>іосіф|ові
536,<wb>прѣжде
2238,<wb>даже
62,<wb>не
190 375 242,<wb>сь|нѧ|сте
70,<wb>сѧ
1128,<wb>обрѣте
70,<wb>сѧ
3456,<wb>імѫшті
56,<wb>въ
4188,<wb>чрѣвѣ
221,<wb>от
2042,<wb>дха
305,<wb>ста
107 9 63,<wb>іс|х|во
71,<wb>же
310 34 372,<wb>ро|д|ство
931,<wb>сіце
1072 25,<wb>іосіф|ь
71,<wb>же
1186,<wb>мѫжь
908,<wb>еѧ
5953,<wb>правьденъ
576,<wb>съі
39,<wb>і
62,<wb>не
919,<wb>хотѧ
1503 2298,<wb>облі|чіті
908,<wb>еѧ
2608,<wb>въсхотѣ
878,<wb>таі
4458,<wb>поустіті
483,<wb>ѭ
121,<wb>се
71,<wb>же
144,<wb>емоу
8033 153 358,<wb>оумъіш|ль|шоу
121,<wb>се
2370,<wb>англъ
2408,<wb>гнь
81,<wb>вь
3439,<wb>сьнѣ
1173,<wb>ѣві
70,<wb>сѧ
144,<wb>емоу
441,<wb>глѧ
1072 11,<wb>іосіф|е
3631,<wb>сне
53 4813,<wb>д|двъ
62,<wb>не
3505,<wb>оубоі
70,<wb>сѧ
1625,<wb>пріѧті
1881,<wb>женъі
1532,<wb>твоеѧ
7091,<wb>маріѧ
2021 11,<wb>сѫште|е
112,<wb>бо
81,<wb>вь
1079,<wb>неі
221,<wb>от
2042,<wb>дха
305,<wb>ста
161,<wb>естъ
790 32,<wb>роді|т
71,<wb>же
732,<wb>сна
39,<wb>і
5438,<wb>наречеші
466,<wb>імѧ
144,<wb>емоу
331,<wb>ісъ
157,<wb>тъ
112,<wb>бо
6815,<wb>спсетъ
844,<wb>люді
599,<wb>своѧ
377,<wb>оть
1772,<wb>грѣхъ
299,<wb>іхъ
121,<wb>се
71,<wb>же
429,<wb>вьсе
798,<wb>бъіс
105,<wb>да
2158 6855,<wb>събѫ|дет
70,<wb>сѧ
3075,<wb>реченое
84,<wb>отъ
480,<wb>га
2136 653,<wb>ісаі|ем
7628,<wb>прркмъ
8034,<wb>глштемъ
121,<wb>се
250 103,<wb>дѣ|ва
56,<wb>въ
4188,<wb>чрѣвѣ
2290,<wb>прііметъ
39,<wb>і
4838,<wb>родітъ
732,<wb>сна
39,<wb>і
2642 4675,<wb>наре|кѫтъ
466,<wb>імѧ
144,<wb>емоу
50 10 143 8035 153,<wb>е|н|ма|ноуі|ль
295,<wb>еже
161,<wb>естъ
190 839 1637,<wb>сь|каза|емо
190,<wb>сь
2512,<wb>намі
443,<wb>бъ
1343,<wb>въставъ
71,<wb>же
1072 25,<wb>іосіф|ь
84,<wb>отъ
190 102,<wb>сь|на
2579,<wb>сьтворі
308,<wb>ѣкоже
449,<wb>повелѣ
144,<wb>емоу
2370,<wb>англъ
39,<wb>і
1505,<wb>пріѧтъ
1433,<wb>женѫ
651,<wb>своѭ
39,<wb>і
62,<wb>не
535 177,<wb>зна|аше
908,<wb>еѧ
2419,<wb>дондеже
790,<wb>роді
423,<wb>снъ
424,<wb>своі
1950 1959,<wb>пръвѣ|нець
39,<wb>і
1220,<wb>нарече
466,<wb>імѧ
144,<wb>емоу
331,<wb>ісъ
39,<wb>і
2642 8,<wb>наре|ч
466,<wb>імѧ
144,<wb>емоу
331,<wb>ісъ
1073,<wb>ісоу
7069 358,<wb>рождь|шоу
70,<wb>сѧ
56,<wb>въ
6405 12 123,<wb>віѳле|о|мі
685 492 106,<wb>іюдеі|стѣ|мь
56,<wb>въ
752,<wb>дьні
6969,<wb>ірода
2470,<wb>црѣ
121,<wb>се
1651 2047,<wb>влъ|сві
84,<wb>отъ
3202 569,<wb>въсто|кь
955,<wb>прідѫ
56,<wb>въ
6429,<wb>іерлмъ
1440,<wb>глште
4118,<wb>кьде
161,<wb>естъ
2441 16,<wb>рожде|і
70,<wb>сѧ
774,<wb>црь
685 6848,<wb>іюдеі|скь
2219,<wb>відѣхомъ
112,<wb>бо
3054 175,<wb>звѣз|дѫ
135,<wb>его
68,<wb>на
81 217 259,<wb>вь|сто|цѣ
39,<wb>і
90 868,<wb>прі|домъ
2275 846,<wb>покло|нітъ
70,<wb>сѧ
144,<wb>емоу
990,<wb>слъішавъ
71,<wb>же
2352,<wb>іродъ
774,<wb>црь
190 282 54,<wb>сь|мѧ|те
70,<wb>сѧ
39,<wb>і
1285,<wb>весь
2480 3731,<wb>іер|слмъ
75,<wb>съ
528,<wb>німъ
39,<wb>і
3581 92,<wb>събьра|въ
618,<wb>вьсѧ
665 24,<wb>архіере|ѧ
39,<wb>і
3771 946,<wb>кьніжь|нікъі
1468 1185,<wb>людь|скъіѧ
2840,<wb>въпрашааше
225,<wb>ѧ
4118,<wb>кьде
930,<wb>хъ
7536,<wb>раждаетъ
70,<wb>сѧ
609,<wb>оні
71,<wb>же
510,<wb>рѣшѧ
144,<wb>емоу
56,<wb>въ
6405 12 123,<wb>віѳле|о|мі
685 2524,<wb>іюдеі|стѣі
311,<wb>тако
112,<wb>бо
2141,<wb>пісано
161,<wb>естъ
39,<wb>і
288,<wb>тъі
6405 11 206,<wb>віѳле|е|ме
4381,<wb>земле
411 1212,<wb>ію|дова
5866 55,<wb>нічі|мъ
71,<wb>же
296 119 116,<wb>ме|нь|ші
313,<wb>есі
81,<wb>вь
6021 134 76,<wb>влд|ка|хъ
411 1212 76,<wb>ію|дова|хъ
107,<wb>іс
614,<wb>тебе
112,<wb>бо
4884,<wb>ізідетъ
240 716,<wb>во|ждъ
227,<wb>іже
6258 2126,<wb>оупа|сетъ
844,<wb>люді
599,<wb>своѧ
6008,<wb>ілѣ
916,<wb>тогда
2352,<wb>іродъ
878,<wb>таі
5330 906,<wb>прізь|вавъ
1693 9 219,<wb>вль|х|въі
2866,<wb>іспъіта
221,<wb>от
562,<wb>ніхъ
783,<wb>врѣмѧ
78 2012 1915,<wb>ѣ|вль|шѧѧ
70,<wb>сѧ
5071,<wb>звѣздъі
39,<wb>і
3319 180,<wb>посьла|вь
225,<wb>ѧ
56,<wb>въ
6405 1321,<wb>віѳле|омъ
141,<wb>рече
1340 7353,<wb>ше|дьше
2866 410,<wb>іспъіта|іте
2891 97 85,<wb>ізвѣ|стъ|но
47,<wb>о
1852 52,<wb>отрочѧ|ті
39,<wb>і
317,<wb>егда
3497,<wb>обрѧштете
2246 54,<wb>вьзвѣсті|те
195,<wb>мі
105,<wb>да
39,<wb>і
695,<wb>азь
1291,<wb>шедъ
2275 1309,<wb>покло|нѭ
70,<wb>сѧ
144,<wb>емоу
609,<wb>оні
71,<wb>же
664 340,<wb>послоуша|въше
2470,<wb>црѣ
674,<wb>ідѫ
39,<wb>і
121,<wb>се
3054 86,<wb>звѣз|да
1447,<wb>ѭже
1279,<wb>відѣшѧ
68,<wb>на
81 217 259,<wb>вь|сто|цѣ
1619,<wb>ідѣаше
1669,<wb>прѣдь
1047,<wb>німі
3180,<wb>доідеже
7380 116,<wb>прішед|ші
305,<wb>ста
3573,<wb>връхоу
773,<wb>ідеже
165,<wb>бѣ
1852,<wb>отрочѧ
1137,<wb>відѣвъше
71,<wb>же
3054 175,<wb>звѣз|дѫ
4613 82,<wb>въздрадова|ше
70,<wb>сѧ
2659,<wb>радостіѭ
2659,<wb>радостіѭ
7153,<wb>веліеѭ
760,<wb>зѣло
39,<wb>і
1952 82,<wb>въшедъ|ше
56,<wb>въ
4565,<wb>храмінѫ
1279,<wb>відѣшѧ
1852,<wb>отрочѧ
75,<wb>съ
5889 3,<wb>маріе|ѭ
7375 3,<wb>мтрі|ѭ
135,<wb>его
39,<wb>і
2618 82,<wb>падъ|ше
4995,<wb>поклонішѧ
70,<wb>сѧ
144,<wb>емоу
39,<wb>і
1150 312 82,<wb>отвръ|зь|ше
3397,<wb>съкровішта
1596,<wb>своѣ
5408,<wb>прінѣсѧ
144,<wb>емоу
3069,<wb>даръі
2675,<wb>злато
39,<wb>і
178 103 98,<wb>лі|ва|нъ
39,<wb>і
6495 21 179,<wb>зму|р|нѫ
39,<wb>і
4144,<wb>отъвѣтъ
7802,<wb>пріемъше
56,<wb>въ
3439,<wb>сьнѣ
62,<wb>не
4478,<wb>възвратішѧ
70,<wb>сѧ
468,<wb>кь
6680,<wb>іродоу
208,<wb>нъ
3571,<wb>інѣмъ
3720 55,<wb>пѫте|мъ
5495,<wb>отідѫ
56,<wb>въ
2132,<wb>странѫ
651,<wb>своѭ
6572 1593,<wb>ошедъ|шемъ
7257 1694,<wb>влъх|вомъ
121,<wb>се
2370,<wb>англъ
2408,<wb>гнь
1173,<wb>ѣві
70,<wb>сѧ
56,<wb>въ
2568,<wb>сънѣ
6578,<wb>іосіфоу
441,<wb>глѧ
1343,<wb>въставъ
67 1422,<wb>по|імі
1852,<wb>отрочѧ
39,<wb>і
51 933,<wb>м|трь
135,<wb>его
39,<wb>і
165 124,<wb>бѣ|жі
56,<wb>въ
3226 255,<wb>егуп|етъ
39,<wb>і
1021,<wb>бѫді
390,<wb>тоу
3180,<wb>доідеже
1189,<wb>рекѫ
323,<wb>ті
1462,<wb>хоштетъ
112,<wb>бо
2352,<wb>іродъ
5981,<wb>іскаті
7703,<wb>отрочѧте
105,<wb>да
1579,<wb>погоубітъ
50,<wb>е
6572 82 14,<wb>ошедъ|ше|м
366,<wb>онъ
71,<wb>же
1343,<wb>въставъ
3021,<wb>поѧтъ
1852,<wb>отрочѧ
39,<wb>і
51 511,<wb>м|тръ
135,<wb>его
2536,<wb>ноштіѭ
39,<wb>і
1334,<wb>отіде
56,<wb>въ
3226 255,<wb>егуп|етъ
39,<wb>і
165,<wb>бѣ
390,<wb>тоу
156,<wb>до
851 629 111 33,<wb>оум|рът|ві|ѣ
1191 1212,<wb>іро|дова
105,<wb>да
4021,<wb>събѫдетъ
70,<wb>сѧ
3075,<wb>реченое
221,<wb>от
480,<wb>га
7628,<wb>прркмъ
8034,<wb>глштемъ
221,<wb>от
3226 94,<wb>егуп|та
925 1381,<wb>възъ|вахъ
423,<wb>снъ
329,<wb>моі
916,<wb>тогда
2352,<wb>іродъ
649,<wb>відѣвъ
99,<wb>ѣко
3360 98,<wb>порѫга|нъ
798,<wb>бъіс
84,<wb>отъ
7257 92,<wb>влъх|въ
5049,<wb>ізбі
2415,<wb>всѧ
7590,<wb>отрокъі
4847,<wb>сѫштѧѧ
56,<wb>въ
6405 2775,<wb>віѳле|емі
39,<wb>і
56,<wb>въ
2069,<wb>всѣхъ
2334 3531,<wb>прѣдѣ|лѣхъ
908,<wb>еѧ
84,<wb>отъ
4112,<wb>двою
3454,<wb>лѣтоу
39,<wb>і
122 48,<wb>ні|же
67,<wb>по
3454,<wb>лѣтоу
295,<wb>еже
2866,<wb>іспъіта
84,<wb>отъ
7257 92,<wb>влъх|въ
916,<wb>тогда
3871 23,<wb>събъі|с
70,<wb>сѧ
3075,<wb>реченое
2394 123 726,<wb>іере|мі|емь
7628,<wb>прркмъ
8034,<wb>глштемъ
3452,<wb>глас
56,<wb>въ
7657,<wb>рамѣ
379 98,<wb>слъіша|нъ
798,<wb>бъіс
3526,<wb>плачь
39,<wb>і
5610 200,<wb>ръіда|ніе
39,<wb>і
56 1545,<wb>въ|пль
4928,<wb>многь
120 493 153,<wb>ра|хі|ль
5755,<wb>плачѫшті
70,<wb>сѧ
3330,<wb>чѧдъ
809,<wb>своіхъ
39,<wb>і
62,<wb>не
1414,<wb>хотѣаше
2053 2944,<wb>оутѣ|шіті
70,<wb>сѧ
99,<wb>ѣко
62,<wb>не
419,<wb>сѫтъ
4437 21 358,<wb>оуме|р|шоу
71,<wb>же
6680,<wb>іродоу
121,<wb>се
2370,<wb>англъ
2502,<wb>гнъ
56,<wb>въ
3439,<wb>сьнѣ
1173,<wb>ѣві
70,<wb>сѧ
6578,<wb>іосіфоу
56,<wb>въ
3226 319,<wb>егуп|тѣ
441,<wb>глѧ
1343,<wb>въставъ
67 1422,<wb>по|імі
1852,<wb>отрочѧ
39,<wb>і
1198,<wb>мрь
135,<wb>его
39,<wb>і
1030,<wb>іді
56,<wb>въ
1403,<wb>землѭ
168 36 337,<wb>із|л|вѫ
168 14 2463,<wb>із|м|рѣшѧ
112,<wb>бо
3529 642,<wb>іскѫ|штіі
1786,<wb>дшѧ
7703,<wb>отрочѧте
366,<wb>онъ
71,<wb>же
1343,<wb>въставъ
3021,<wb>поѧтъ
1852,<wb>отрочѧ
39,<wb>і
51 511,<wb>м|тръ
135,<wb>его
39,<wb>і
1776,<wb>въніде
56,<wb>въ
1403,<wb>землѭ
168 132 337,<wb>із|ле|вѫ
990,<wb>слъішавъ
71,<wb>же
99,<wb>ѣко
575 66 16,<wb>архі|ла|і
476 605 255,<wb>цр|ствоу|етъ
56,<wb>въ
685,<wb>іюдеі
56,<wb>въ
6969,<wb>ірода
707,<wb>мѣсто
633,<wb>оца
524,<wb>своего
1576,<wb>оубоѣ
70,<wb>сѧ
2285,<wb>тамо
1344,<wb>іті
5537,<wb>вѣсть
71,<wb>же
1729,<wb>пріемъ
56,<wb>въ
2568,<wb>сънѣ
1334,<wb>отіде
56,<wb>въ
2132,<wb>странѫ
1703 1339,<wb>галілеі|скѫ
39,<wb>і
872,<wb>прішедъ
5949,<wb>въселі
70,<wb>сѧ
56,<wb>въ
698,<wb>градъ
2770,<wb>наріцаемъі
5598,<wb>назаретъ
105,<wb>да
4021,<wb>събѫдетъ
70,<wb>сѧ
3075,<wb>реченое
7628,<wb>прркмъ
99,<wb>ѣко
1738 2965,<wb>наза|реі
3380,<wb>наречетъ
70,<wb>сѧ
416,<wb>пріде
1219,<wb>іоанъ
1204 69 153,<wb>кр|ст|ль
3199,<wb>проповѣдаѧ
56,<wb>въ
1560,<wb>поустъіні
2480 86 10 2524,<wb>іер|да|н|стѣі
441,<wb>глѧ
543 410,<wb>пока|іте
70,<wb>сѧ
1477,<wb>прібліжі
112,<wb>бо
70,<wb>сѧ
2660,<wb>црство
45 287 349 465,<wb>н|бе|сь|ное
190,<wb>сь
112,<wb>бо
161,<wb>естъ
141 401,<wb>рече|нъіі
2136 389,<wb>ісаі|емъ
7628,<wb>прркмъ
8034,<wb>глштемъ
3452,<wb>глас
1914 2276,<wb>въпі|ѭштааго
56,<wb>въ
1560,<wb>поустъіні
1328 410,<wb>оуготова|іте
1029,<wb>пѫть
2408,<wb>гнь
5256,<wb>правъі
1451,<wb>творіте
6559,<wb>стьзѧ
135,<wb>его
301 1042,<wb>са|мже
1219,<wb>іоанъ
1865,<wb>імѣаше
3405,<wb>різѫ
651,<wb>своѭ
221,<wb>от
458 173,<wb>вла|съ
4250 716,<wb>вельбѫ|ждъ
39,<wb>і
2947 173,<wb>поѣ|съ
506 297 98,<wb>оус|ніѣ|нъ
47,<wb>о
1373 2150 76,<wb>чрѣ|слѣ|хъ
809,<wb>своіхъ
5982,<wb>ѣдь
71,<wb>же
135,<wb>его
165,<wb>бѣ
77 1837 89,<wb>а|крі|ді
39,<wb>і
296 113,<wb>ме|дъ
428 1425,<wb>ді|віі
916,<wb>тогда
4155,<wb>ісхождааше
468,<wb>кь
398,<wb>немоу
1285,<wb>весь
6429,<wb>іерлмъ
39,<wb>і
685,<wb>іюдеі
39,<wb>і
572,<wb>всѣ
348 102,<wb>стра|на
2480 86 10 384,<wb>іер|да|н|ска
39,<wb>і
1204 145 187,<wb>кр|шта|хѫ
70,<wb>сѧ
221,<wb>от
513,<wb>него
56,<wb>въ
2480 86 98 2524,<wb>іер|да|нъ|стѣі
7125,<wb>рѣцѣ
1031 393,<wb>ісповѣда|ѭште
1806,<wb>грѣхъі
599,<wb>своѧ
649,<wb>відѣвъ
71,<wb>же
823,<wb>многъі
1184 24,<wb>фарісе|ѧ
39,<wb>і
5182 24,<wb>садоуке|ѧ
1142 361,<wb>грѧдѫ|штѧ
68,<wb>на
1204 1392,<wb>кр|штеніе
135,<wb>его
141,<wb>рече
210,<wb>імъ
3022 2673,<wb>іштѧ|діѣ
7231 113 1661,<wb>ехі|дъ|нова
523,<wb>кто
1360,<wb>съказа
260,<wb>вамъ
7419,<wb>бѣжаті
221,<wb>от
1142 1154,<wb>грѧдѫ|штааго
1840,<wb>гнѣва
2612,<wb>сътворіте
222,<wb>оубо
4991,<wb>плодъі
7951,<wb>достоінъі
6453,<wb>покаанію
39,<wb>і
62,<wb>не
3580 410,<wb>начіна|іте
1375,<wb>глаті
56,<wb>въ
436,<wb>себѣ
633,<wb>оца
1126,<wb>імамъ
4676,<wb>авраама
284,<wb>глѭ
112,<wb>бо
260,<wb>вамъ
99,<wb>ѣко
819,<wb>можетъ
443,<wb>бъ
221,<wb>от
7060,<wb>каменіѣ
387,<wb>сего
2274 3919,<wb>въздві|гнѫті
1830,<wb>чѧда
5673,<wb>авраамоу
1303,<wb>юже
112,<wb>бо
39,<wb>і
121 148 61,<wb>се|къі|ра
90,<wb>прі
2390 60,<wb>коре|ні
3842,<wb>дрѣва
4772,<wb>лежітъ
3083,<wb>всѣко
222,<wb>оубо
1488,<wb>дрѣво
295,<wb>еже
62,<wb>не
1057,<wb>творітъ
1552,<wb>плода
1730,<wb>добра
2306 134 1637,<wb>посѣ|ка|емо
4182,<wb>бъіваетъ
39,<wb>і
56,<wb>въ
5169,<wb>огнъ
4426 1637,<wb>въмѣта|емо
290,<wb>азъ
222,<wb>оубо
1204 3716,<wb>кр|штаѭ
237,<wb>въі
3199,<wb>проповѣдаѧ
3892,<wb>покааніе
1601,<wb>грѧдъі
71,<wb>же
67,<wb>по
588,<wb>мнѣ
1006 2106 16,<wb>крѣ|пле|і
364,<wb>мене
161,<wb>естъ
991,<wb>емоуже
2134,<wb>нѣсмъ
682,<wb>достоі
7013,<wb>сапогоу
1003 147,<wb>поне|сті
157,<wb>тъ
237,<wb>въі
1204 1956,<wb>кр|стітъ
2864,<wb>дхмъ
251 14,<wb>ст|м
416,<wb>пріде
331,<wb>ісъ
221,<wb>от
3050,<wb>галілеѧ
68,<wb>на
2480 86 98,<wb>іер|да|нъ
4059 32,<wb>кръсті|т
70,<wb>сѧ
221,<wb>от
513,<wb>него
416,<wb>пріде
107,<wb>іс
221,<wb>от
77 174 94,<wb>а|ре|та
1703 1366,<wb>галілеі|скааго
39,<wb>і
5054,<wb>крсті
70,<wb>сѧ
47,<wb>о
1443,<wb>іоана
56,<wb>въ
50 3433 118,<wb>е|рда|нѣ
1219,<wb>іоанъ
71,<wb>же
3921 3920,<wb>възбра|нѣаше
144,<wb>емоу
441,<wb>глѧ
290,<wb>азъ
1520 3,<wb>трѣбоу|ѭ
176 31 3,<wb>то|б|ѭ
1204 1427,<wb>кр|стіті
70,<wb>сѧ
77,<wb>а
288,<wb>тъі
178,<wb>лі
505 3294,<wb>грѧ|деші
468,<wb>кь
2231,<wb>мънѣ
5264,<wb>отвѣштавъ
71,<wb>же
331,<wb>ісъ
141,<wb>рече
468,<wb>кь
398,<wb>немоу
4703,<wb>остані
457,<wb>нъінѣ
311,<wb>тако
112,<wb>бо
6250 85,<wb>подоб|но
161,<wb>естъ
489,<wb>намъ
927 1507,<wb>ісплъ|ніті
41 23 3,<wb>в|с|ѭ
3506,<wb>правьдѫ
916,<wb>тогда
39,<wb>і
646,<wb>оставі
527 604,<wb>кръ|штъ
71,<wb>же
70,<wb>сѧ
331,<wb>ісъ
4540,<wb>възіде
600,<wb>абіе
84,<wb>отъ
1402,<wb>водъі
39,<wb>і
121,<wb>се
3870 281,<wb>отврѣ|сѧ
70,<wb>сѧ
144,<wb>емоу
4504,<wb>нбса
39,<wb>і
248,<wb>відѣ
768,<wb>дхъ
776,<wb>бжіі
2871 604,<wb>съходѧ|штъ
99,<wb>ѣко
3087 315,<wb>голѫ|бъ
39,<wb>і
7240,<wb>грѧдѫшть
68,<wb>на
484,<wb>нь
39,<wb>і
600,<wb>абіе
2851,<wb>въсходѧ
221,<wb>от
1402,<wb>водъі
248,<wb>відѣ
234 63 7364,<wb>раз|во|дѧшта
70,<wb>сѧ
4504,<wb>нбса
39,<wb>і
768,<wb>дхъ
99,<wb>ѣко
7747,<wb>голѫбь
2871 604,<wb>съходѧ|штъ
68,<wb>на
484,<wb>нь
39,<wb>і
121,<wb>се
3452,<wb>глас
75,<wb>съ
1586,<wb>нбсе
441,<wb>глѧ
190,<wb>сь
161,<wb>естъ
423,<wb>снъ
329,<wb>моі
3339 401,<wb>възлюбле|нъіі
47,<wb>о
3697,<wb>немъже
2511 4614,<wb>благово|ліхъ
39,<wb>і
3452,<wb>глас
798,<wb>бъіс
75,<wb>съ
1586,<wb>нбсе
288,<wb>тъі
313,<wb>есі
423,<wb>снъ
329,<wb>моі
2110 287 401,<wb>възлю|бе|нъіі
47,<wb>о
356,<wb>тебѣ
2511 4614,<wb>благово|ліхъ
5473 98,<wb>възведе|нъ
798,<wb>бъіс
107,<wb>іс
2864,<wb>дхмъ
56,<wb>въ
4557,<wb>поустъінѭ
1053 1418,<wb>іскоу|сітъ
70,<wb>сѧ
221,<wb>от
4684,<wb>діѣвола
39,<wb>і
2803,<wb>пості
70,<wb>сѧ
2063,<wb>дьніі
72,<wb>к
39,<wb>і
298 642,<wb>но|штіі
72,<wb>к
238,<wb>те
902 89,<wb>послѣ|ді
71,<wb>же
853 3280,<wb>възь|алка
39,<wb>і
3767,<wb>прістѫпль
5634 1319,<wb>іскоусі|тель
141,<wb>рече
144,<wb>емоу
201,<wb>аште
423,<wb>снъ
313,<wb>есі
776,<wb>бжіі
1900,<wb>рьці
105,<wb>да
3222,<wb>каменіе
121,<wb>се
546 197,<wb>хлѣ|бі
1387 32,<wb>бѫдѫ|т
366,<wb>онъ
71,<wb>же
41 163 92,<wb>в|ста|въ
141,<wb>рече
2141,<wb>пісано
161,<wb>естъ
62,<wb>не
47,<wb>о
546 205,<wb>хлѣ|бѣ
6671,<wb>едіномъ
1724,<wb>жівъ
362,<wb>бѫдетъ
1300,<wb>члкъ
208,<wb>нъ
39,<wb>і
47,<wb>о
264 391,<wb>вьсѣ|комъ
5441,<wb>глѣ
1817 769,<wb>ісходѧ|штіімъ
1868,<wb>ізъ
1409,<wb>оустъ
776,<wb>бжіі
916,<wb>тогда
3021 16,<wb>поѧтъ|і
2201,<wb>діѣволъ
56,<wb>въ
490,<wb>стъі
698,<wb>градъ
39,<wb>і
1446,<wb>поставі
39,<wb>і
68,<wb>на
6647,<wb>крілѣ
7348 3784 14,<wb>црковь|нѣа|м
39,<wb>і
141,<wb>рече
144,<wb>емоу
201,<wb>аште
423,<wb>снъ
313,<wb>есі
776,<wb>бжіі
7497,<wb>връзі
70,<wb>сѧ
122 1145,<wb>ні|зоу
2141,<wb>пісано
112,<wb>бо
161,<wb>естъ
99,<wb>ѣко
1264 1337,<wb>анг|ломъ
725,<wb>своімъ
694 97,<wb>заповѣ|стъ
47,<wb>о
356,<wb>тебѣ
39,<wb>і
68,<wb>на
1357 76,<wb>рѫка|хъ
853 2039,<wb>възь|мѫтъ
374,<wb>тѧ
105,<wb>да
62,<wb>не
127 43 13 2874,<wb>прѣ|тъ|к|неші
47,<wb>о
1497,<wb>камень
5430,<wb>ногъі
1532,<wb>твоеѧ
141,<wb>рече
144,<wb>емоу
331,<wb>ісъ
404,<wb>пакъі
2141,<wb>пісано
161,<wb>естъ
62,<wb>не
5634 116,<wb>іскоусі|ші
480,<wb>га
422,<wb>ба
524,<wb>своего
404,<wb>пакъі
3021 16,<wb>поѧтъ|і
2201,<wb>діѣволъ
68,<wb>на
1735,<wb>горѫ
7105,<wb>въісокѫ
760,<wb>зѣло
39,<wb>і
1399,<wb>показа
144,<wb>емоу
572,<wb>всѣ
4670,<wb>црствіѣ
4045,<wb>въсего
975,<wb>міра
39,<wb>і
1253,<wb>славѫ
299,<wb>іхъ
39,<wb>і
141,<wb>рече
144,<wb>емоу
1819,<wb>въса
747,<wb>сіі
356,<wb>тебѣ
3361,<wb>дамъ
201,<wb>аште
2618,<wb>падъ
6557,<wb>поклоніші
195,<wb>мі
70,<wb>сѧ
916,<wb>тогда
141,<wb>рече
144,<wb>емоу
331,<wb>ісъ
863 89,<wb>оті|ді
1847 85,<wb>сото|но
2141,<wb>пісано
112,<wb>бо
161,<wb>естъ
1341,<wb>гю
710,<wb>боу
1397,<wb>своемоу
6557,<wb>поклоніші
70,<wb>сѧ
39,<wb>і
650,<wb>томоу
2293,<wb>едіномоу
7763 116,<wb>послоужі|ші
916,<wb>тогда
39,<wb>і
646,<wb>оставі
2201,<wb>діѣволъ
39,<wb>і
121,<wb>се
2558,<wb>прістѫпішѧ
4637,<wb>англі
776,<wb>бжіі
39,<wb>і
7484,<wb>слоужаахѫ
144,<wb>емоу
990,<wb>слъішавъ
331,<wb>ісъ
99,<wb>ѣко
1219,<wb>іоанъ
3270,<wb>прѣданъ
798,<wb>бъіс
1334,<wb>отіде
56,<wb>въ
2767,<wb>галілеѭ
5206,<wb>оставль
5598,<wb>назаретъ
39,<wb>і
872,<wb>прішедъ
5949,<wb>въселі
70,<wb>сѧ
56,<wb>въ
6409 3085,<wb>капер|наоумъ
56,<wb>въ
635 1984,<wb>помо|ріе
56,<wb>въ
2334 3531,<wb>прѣдѣ|лѣхъ
171 180 93 1662,<wb>за|вь|ло|нііхъ
39,<wb>і
62 18 94 74 14 4614,<wb>не|в|та|лі|м|ліхъ
105,<wb>да
4021,<wb>събѫдетъ
70,<wb>сѧ
3075,<wb>реченое
2136 389,<wb>ісаі|емъ
7628,<wb>прркмъ
8034,<wb>глштемъ
1748,<wb>землѣ
171 18 93 102,<wb>за|в|ло|на
39,<wb>і
1748,<wb>землѣ
62 18 94 74 181,<wb>не|в|та|лі|мѣ
5450,<wb>пѫтъ
3107,<wb>морѣ
162,<wb>об
366,<wb>онъ
1736,<wb>полъ
7675,<wb>іордана
938 17,<wb>галіле|а
2867,<wb>ѧзкъ
2190,<wb>людіе
1041 642,<wb>сѣдѧ|штіі
56,<wb>въ
3712,<wb>тьмѣ
1279,<wb>відѣшѧ
4060,<wb>свѣт
2844,<wb>веліі
39,<wb>і
1041 275 642,<wb>сѣдѧ|дѧ|штіі
56,<wb>въ
3972,<wb>странѣ
4060,<wb>свѣт
7374,<wb>въсіѣ
210,<wb>імъ
221,<wb>от
176 104,<wb>то|лѣ
1194,<wb>начѧтъ
331,<wb>ісъ
4154,<wb>проповѣдаті
39,<wb>і
1375,<wb>глаті
543 410,<wb>пока|іте
70,<wb>сѧ
1477,<wb>прібліжі
112,<wb>бо
70,<wb>сѧ
2660,<wb>црство
5929,<wb>нбсное
1553,<wb>ходѧ
331,<wb>ісъ
90,<wb>прі
2705,<wb>морі
1703 492 17 106,<wb>галілеі|стѣ|а|мь
248,<wb>відѣ
971,<wb>дъва
2830,<wb>брата
2918,<wb>сімона
4725,<wb>наріцаемааго
2094,<wb>петра
39,<wb>і
7424 17,<wb>андре|а
2830,<wb>брата
135,<wb>его
4426 737,<wb>въмѣта|ѭшта
3326,<wb>мрѣжѧ
56,<wb>въ
1478,<wb>море
5480,<wb>бѣсте
112,<wb>бо
874 18 218,<wb>ло|в|ца
39,<wb>і
141,<wb>рече
268,<wb>іма
505 4040,<wb>грѧ|дѣта
67,<wb>по
437,<wb>мьнѣ
39,<wb>і
2543,<wb>сътворѭ
237,<wb>въі
874 18 218,<wb>ло|в|ца
4162,<wb>чкомъ
1254,<wb>она
71,<wb>же
600,<wb>абіе
405 3639 158,<wb>оста|влъ|ша
3326,<wb>мрѣжѧ
67,<wb>по
1107,<wb>немъ
4391,<wb>ідете
39,<wb>і
6292,<wb>прѣшедъ
84,<wb>отъ
7945,<wb>тѫдѣ
2855,<wb>оузьрѣ
2005,<wb>іна
971,<wb>дъва
2488,<wb>братра
3234 103,<wb>іако|ва
732,<wb>сна
4513,<wb>зеведеова
39,<wb>і
1443,<wb>іоана
2830,<wb>брата
135,<wb>его
56,<wb>въ
3441,<wb>корабі
75,<wb>съ
3357 1321,<wb>зеведе|омъ
7434,<wb>оцмъ
2080,<wb>ею
171 1016 737,<wb>за|вѧза|ѭшта
3326,<wb>мрѣжѧ
599,<wb>своѧ
39,<wb>і
853 103,<wb>възь|ва
78,<wb>ѣ
1254,<wb>она
600,<wb>абіе
405 3639 158,<wb>оста|влъ|ша
1938,<wb>корабь
39,<wb>і
633,<wb>оца
524,<wb>своего
67,<wb>по
590,<wb>немь
4391,<wb>ідете
39,<wb>і
4881,<wb>прохождааше
321 3,<wb>въс|ѭ
2767,<wb>галілеѭ
331,<wb>ісъ
1408,<wb>оучѧ
68,<wb>на
190 1796 1592 9,<wb>сь|нъмі|шіі|х
39,<wb>і
3199,<wb>проповѣдаѧ
2897 4061,<wb>ев|гліе
476 6275,<wb>цр|ствію
39,<wb>і
2572 24,<wb>іцѣлѣ|ѧ
6288,<wb>въсѣкъ
1260 1055,<wb>недѫ|гь
39,<wb>і
572 326,<wb>всѣ|кѫ
6548,<wb>ѧзѫ
56,<wb>въ
3565,<wb>людехъ
56,<wb>въ
1465,<wb>слѣдъ
566,<wb>іса
674,<wb>ідѫ
1362,<wb>народі
899,<wb>мнозі
221,<wb>от
3050,<wb>галілеѧ
39,<wb>і
8037 169 104,<wb>дека|по|лѣ
39,<wb>і
221,<wb>от
7113,<wb>іерлма
39,<wb>і
4895,<wb>іюдеѧ
75,<wb>съ
3254,<wb>оного
1550,<wb>полоу
2480 6248,<wb>іер|дана
41,<wb>в
628 34,<wb>слѣ|д
566,<wb>іса
674,<wb>ідѫ
41,<wb>в
628 34,<wb>слѣ|д
566,<wb>іса
674,<wb>ідѫ
41,<wb>в
1465,<wb>слѣдъ
566,<wb>іса
674,<wb>ідѫ
385 34,<wb>наро|д
39,<wb>і
5089,<wb>оузьрѣвъ
71,<wb>же
2455,<wb>народъі
4540,<wb>възіде
68,<wb>на
1735,<wb>горѫ
39,<wb>і
99,<wb>ѣко
3240,<wb>сѣде
2558,<wb>прістѫпішѧ
468,<wb>кь
398,<wb>немоу
559,<wb>оученіці
135,<wb>его
39,<wb>і
1150 312,<wb>отвръ|зь
1106,<wb>оуста
1596,<wb>своѣ
3031,<wb>оучааше
225,<wb>ѧ
441,<wb>глѧ
1888,<wb>блажені
122 166,<wb>ні|шті
2864,<wb>дхмъ
99,<wb>ѣко
330 9,<wb>тѣ|х
161,<wb>естъ
2660,<wb>црство
5052 465,<wb>нбсъ|ное
1888,<wb>блажені
627 380 642,<wb>пла|чѧ|штіі
70,<wb>сѧ
99,<wb>ѣко
323,<wb>ті
2053 2684,<wb>оутѣ|шѧтъ
70,<wb>сѧ
1888,<wb>блажені
888 32 3524,<wb>кро|т|ціі
99,<wb>ѣко
323,<wb>ті
2576 275 32,<wb>наслѣ|дѧ|т
1403,<wb>землѭ
1888,<wb>блажені
5824 642,<wb>алчѫ|штіі
39,<wb>і
3566 642,<wb>жѧждѫ|штіі
3499,<wb>правъдъі
99,<wb>ѣко
323,<wb>ті
5356,<wb>насъітѧтъ
70,<wb>сѧ
1888,<wb>блажені
1151 1425,<wb>мілості|віі
99,<wb>ѣко
323,<wb>ті
5299 60,<wb>помілова|ні
969,<wb>бѫдѫтъ
1888,<wb>блажені
3112,<wb>чісті
981 26 55,<wb>срд|ц|мъ
99,<wb>ѣко
323,<wb>ті
422,<wb>ба
4184,<wb>оузьрѧтъ
1888,<wb>блажені
190 123 96 1854,<wb>сь|мі|рѣ|ѭштеі
99,<wb>ѣко
323,<wb>ті
3010,<wb>снве
776,<wb>бжіі
2642 326 32,<wb>наре|кѫ|т
70,<wb>сѧ
1888,<wb>блажені
4427 276,<wb>ізгьна|ніі
4215 267,<wb>прав|дъі
368,<wb>раді
99,<wb>ѣко
1383,<wb>тѣхъ
50 69,<wb>е|ст
2660,<wb>црство
5929,<wb>нбсное
1888,<wb>блажені
939,<wb>есте
317,<wb>егда
1880 2222,<wb>поно|сѧтъ
260,<wb>вамъ
4934,<wb>члці
39,<wb>і
4311,<wb>іжденѫтъ
237,<wb>въі
39,<wb>і
2159,<wb>рекѫтъ
6877,<wb>въсь
720 153,<wb>зь|ль
2993,<wb>глъ
68,<wb>на
237,<wb>въі
6765 91,<wb>лъжѧ|ште
364,<wb>мене
368,<wb>раді
3249,<wb>радоуіте
70,<wb>сѧ
39,<wb>і
1268 1476,<wb>весе|літе
99,<wb>ѣко
3923 86,<wb>мьз|да
1615,<wb>ваша
1022,<wb>многа
161,<wb>естъ
68,<wb>на
6089,<wb>нбсехъ
237,<wb>въі
939,<wb>есте
957,<wb>свѣтъ
960 88,<wb>въсе|моу
1829,<wb>міроу
62,<wb>не
819,<wb>можетъ
698,<wb>градъ
7130 52,<wb>оукръі|ті
70,<wb>сѧ
3573,<wb>връхоу
1792,<wb>горъі
1050,<wb>стоѧ
237,<wb>въі
939,<wb>есте
4060,<wb>свѣт
237,<wb>въі
939,<wb>есте
4060,<wb>свѣт
237,<wb>въі
939,<wb>есте
4060,<wb>свѣт
237,<wb>въі
6821 32,<wb>есвѣ|т
122,<wb>ні
56 278 5638,<wb>въ|жа|гаѭтъ
7051,<wb>свѣтільніка
39,<wb>і
1774 597 304,<wb>поста|влѣ|ѭтъ
826,<wb>подъ
6996 868,<wb>спѫ|домъ
208,<wb>нъ
68,<wb>на
469 383 3522,<wb>свѣ|шть|ніцѣ
39,<wb>і
1599 43,<wb>свѣті|тъ
877,<wb>вьсѣмъ
227,<wb>іже
56,<wb>въ
6323,<wb>храмінѣ
419,<wb>сѫтъ
311,<wb>тако
105,<wb>да
2735 1990,<wb>просвѣ|тітъ
70,<wb>сѧ
957,<wb>свѣтъ
1870,<wb>вашъ
396,<wb>прѣдъ
4129,<wb>члкъі
105,<wb>да
4184,<wb>оузьрѧтъ
1615,<wb>ваша
1730 33,<wb>добра|ѣ
596,<wb>дѣла
39,<wb>і
7927,<wb>прославѧтъ
633,<wb>оца
1762,<wb>вашего
227,<wb>іже
161,<wb>естъ
68,<wb>на
6089,<wb>нбсехъ
62,<wb>не
4677,<wb>мьніте
99,<wb>ѣко
1743,<wb>прідъ
4859,<wb>разорітъ
2329,<wb>закона
178,<wb>лі
4644,<wb>прркъ
62,<wb>не
1743,<wb>прідъ
4859,<wb>разорітъ
208,<wb>нъ
5131,<wb>ісплънітъ
2099,<wb>амінъ
284,<wb>глѭ
260,<wb>вамъ
3180,<wb>доідеже
4942,<wb>прѣідетъ
2140,<wb>нбо
39,<wb>і
1748,<wb>землѣ
2264 282,<wb>піс|мѧ
814,<wb>едіно
178,<wb>лі
2280,<wb>едіна
1849 94,<wb>чръ|та
62,<wb>не
4942,<wb>прѣідетъ
84,<wb>отъ
2329,<wb>закона
3180,<wb>доідеже
264,<wb>вьсѣ
969,<wb>бѫдѫтъ
227,<wb>іже
112,<wb>бо
4859,<wb>разорітъ
1986,<wb>едінѫ
1326 16,<wb>заповѣді|і
745,<wb>сіхъ
2351 193,<wb>малъі|іхъ
39,<wb>і
5748,<wb>наоучітъ
311,<wb>тако
4129,<wb>члкъі
318 1640,<wb>мь|неі
3380,<wb>наречетъ
70,<wb>сѧ
56,<wb>въ
476 2392,<wb>цр|ствѣ
582 349 1853,<wb>нб|сь|нѣмъ
77,<wb>а
227,<wb>іже
5131,<wb>ісплънітъ
39,<wb>і
5748,<wb>наоучітъ
190,<wb>сь
4143,<wb>велеі
3380,<wb>наречетъ
70,<wb>сѧ
56,<wb>въ
476 2392,<wb>цр|ствѣ
1525 1853,<wb>нбс|нѣмъ
41,<wb>в
8017,<wb>црстві
582 14,<wb>нб|м
56,<wb>въ
476 2392,<wb>цр|ствѣ
1525 1853,<wb>нбс|нѣмъ
1988 2067,<wb>просѧ|штоумоу
73,<wb>оу
614,<wb>тебе
105 16,<wb>да|і
39,<wb>і
919 1154,<wb>хотѧ|штааго
171 686,<wb>за|ѧті
62,<wb>не
5254,<wb>отъвраті
2680,<wb>слъішасте
99,<wb>ѣко
4202,<wb>речено
161,<wb>естъ
2253,<wb>възлюбі
107 13 2148,<wb>іс|к|нѣаго
524,<wb>своего
39,<wb>і
3236 89,<wb>възненаві|ді
4699,<wb>врага
524,<wb>своего
695,<wb>азь
71,<wb>же
284,<wb>глѭ
2913,<wb>вамь
2635,<wb>любіте
2235,<wb>врагъі
2429,<wb>вашѧ
1036 54,<wb>бл|те
7929 672,<wb>клънѫ|штѧѧ
237,<wb>въі
640,<wb>добро
1451,<wb>творіте
2375 769,<wb>ненавідѧ|штіімъ
2668,<wb>вась
39,<wb>і
2537,<wb>моліте
171,<wb>за
803 361,<wb>творѧ|штѧ
260,<wb>вамъ
5561,<wb>напасть
39,<wb>і
4580 672,<wb>ізгонѧ|штѧѧ
237,<wb>въі
105,<wb>да
1215,<wb>бѫдете
3010,<wb>снве
633,<wb>оца
1762,<wb>вашего
227,<wb>іже
161,<wb>естъ
68,<wb>на
45 23 675,<wb>н|с|хь
308,<wb>ѣкоже
39,<wb>і
1320 5937,<wb>слъ|нце
357,<wb>свое
4376 255,<wb>сіѣ|етъ
68,<wb>на
6003 24,<wb>зьлъі|ѧ
39,<wb>і
68,<wb>на
1521 24,<wb>благъі|ѧ
39,<wb>і
271 15 514,<wb>дь|ж|дітъ
68,<wb>на
2112 471,<wb>праведъ|нъіѧ
39,<wb>і
68,<wb>на
6390 471,<wb>неправедъ|нъіѧ
39,<wb>і
201,<wb>аште
2635,<wb>любіте
6068,<wb>любѧштѧѧ
237,<wb>въі
3403,<wb>кѫѭ
4209,<wb>мъздѫ
1048,<wb>імате
62,<wb>не
39,<wb>і
3873,<wb>мъітарі
178,<wb>лі
2636,<wb>тожде
1618,<wb>творѧтъ
39,<wb>і
201,<wb>аште
7928 661,<wb>цѣлоу|ете
901,<wb>дроугъі
2429,<wb>вашѧ
4150,<wb>тькмо
394,<wb>что
4054,<wb>ліхо
1451,<wb>творіте
62,<wb>не
39,<wb>і
3873,<wb>мъітарі
178,<wb>лі
964,<wb>такожде
1618,<wb>творѧтъ
2679,<wb>бѫдѣте
222,<wb>оубо
237,<wb>въі
3730 60,<wb>съвръше|ні
308,<wb>ѣкоже
39,<wb>і
749,<wb>оць
2685,<wb>вашь
1525 139,<wb>нбс|нъі
6333,<wb>съвръшенъ
161,<wb>естъ
6735,<wb>вънемлѣте
3936 400 375,<wb>мл|стъі|нѧ
2429,<wb>вашѧ
62,<wb>не
1451,<wb>творіте
3707,<wb>прѣд
4129,<wb>члкъі
105,<wb>да
952 123,<wb>віді|мі
1215,<wb>бѫдете
2678,<wb>імі
201,<wb>аште
178,<wb>лі
71,<wb>же
122,<wb>ні
3923 267,<wb>мьз|дъі
62,<wb>не
1048,<wb>імате
84,<wb>отъ
633,<wb>оца
1762,<wb>вашего
227,<wb>іже
161,<wb>естъ
68,<wb>на
1525 9,<wb>нбс|х
317,<wb>егда
222,<wb>оубо
1451,<wb>творіте
5564,<wb>мілостъінѭ
62,<wb>не
7323 316 197 54,<wb>въст|рѫ|бі|те
396,<wb>прѣдъ
1391,<wb>собоѭ
308,<wb>ѣкоже
39,<wb>і
4844,<wb>упокріті
1618,<wb>творѧтъ
56,<wb>въ
4083 805,<wb>сьньмі|штііхъ
105,<wb>да
7927,<wb>прославѧтъ
70,<wb>сѧ
221,<wb>от
109 569,<wb>ч|кь
681,<wb>амін
284,<wb>глѭ
2532,<wb>вам
6395 2039,<wb>въспріі|мѫтъ
4209,<wb>мъздѫ
651,<wb>своѭ
356,<wb>тебѣ
71,<wb>же
803 324,<wb>творѧ|штоу
5564,<wb>мілостъінѭ
105,<wb>да
62,<wb>не
551 255,<wb>чоу|етъ
3003 16 218,<wb>шоу|і|ца
526,<wb>чьто
1057,<wb>творітъ
3325,<wb>десніца
552,<wb>твоѣ
105,<wb>да
362,<wb>бѫдетъ
3729 60,<wb>мілостъі|ні
552,<wb>твоѣ
56,<wb>въ
3286,<wb>таінѣ
39,<wb>і
749,<wb>оць
462,<wb>твоі
5250,<wb>відѧі
374,<wb>тѧ
56,<wb>въ
3286,<wb>таінѣ
3608,<wb>въздастъ
356,<wb>тебѣ
1869,<wb>ѣвѣ
39,<wb>і
317,<wb>егда
51 7376,<wb>м|ліші
70,<wb>сѧ
62,<wb>не
1021,<wb>бѫді
99,<wb>ѣко
39,<wb>і
5563,<wb>ліцемѣрі
99,<wb>ѣко
323,<wb>ті
6653,<wb>любѧтъ
68,<wb>на
4083 805,<wb>сьньмі|штііхъ
39,<wb>і
56,<wb>въ
2647 28 2957,<wb>сть|г|нахъ
39,<wb>і
68,<wb>на
3632 778 9,<wb>распѫ|тіі|х
6745,<wb>стоѧште
2839,<wb>моліті
70,<wb>сѧ
105,<wb>да
78 712,<wb>ѣ|вѧтъ
70,<wb>сѧ
345 391,<wb>чл|комъ
681,<wb>амін
284,<wb>глѭ
2532,<wb>вам
6395 342 32,<wb>въспріі|мѫ|т
4209,<wb>мъздѫ
651,<wb>своѭ
288,<wb>тъі
71,<wb>же
317,<wb>егда
7451,<wb>моліші
70,<wb>сѧ
891 89,<wb>въні|ді
56,<wb>въ
5249,<wb>клѣть
1071,<wb>твоѭ
39,<wb>і
2997,<wb>затворі
2002,<wb>двьрі
1164,<wb>твоѧ
39,<wb>і
2313,<wb>помолі
70,<wb>сѧ
1813,<wb>оцоу
1431,<wb>твоемоу
56,<wb>въ
3286,<wb>таінѣ
39,<wb>і
749,<wb>оць
462,<wb>твоі
5250,<wb>відѧі
374,<wb>тѧ
56,<wb>въ
3286,<wb>таінѣ
3608,<wb>въздастъ
356,<wb>тебѣ
1869,<wb>ѣвѣ
3936 54,<wb>мл|те
71,<wb>же
70,<wb>сѧ
39,<wb>і
62,<wb>не
4054,<wb>ліхо
6689,<wb>гліте
99,<wb>ѣко
39,<wb>і
691 229 541,<wb>ѧзъі|чь|ніці
7926,<wb>мьнѧтъ
112,<wb>бо
70,<wb>сѧ
99,<wb>ѣко
81,<wb>вь
1613,<wb>мнозѣ
130 276,<wb>гла|ніі
2245,<wb>своемъ
1148 60,<wb>оуслъіша|ні
1387 32,<wb>бѫдѫ|т
62,<wb>не
6022 54,<wb>подобі|те
70,<wb>сѧ
222,<wb>оубо
210,<wb>імъ
1559,<wb>вѣстъ
112,<wb>бо
749,<wb>оць
152 2,<wb>ва|ш
2657,<wb>іхъже
7283,<wb>трѣбоуете
536,<wb>прѣжде
164 2464,<wb>про|шеніѣ
1762,<wb>вашего
931,<wb>сіце
71,<wb>же
2537,<wb>моліте
70,<wb>сѧ
1466,<wb>оче
1480,<wb>нашъ
227,<wb>іже
313,<wb>есі
68,<wb>на
3728,<wb>нбсі
105,<wb>да
40 1990,<wb>с|тітъ
70,<wb>сѧ
466,<wb>імѧ
347,<wb>твое
105,<wb>да
786,<wb>прідетъ
2660,<wb>црство
347,<wb>твое
105,<wb>да
4651,<wb>бѫдет
3285,<wb>волѣ
552,<wb>твоѣ
99,<wb>ѣко
68,<wb>на
3728,<wb>нбсі
39,<wb>і
68,<wb>на
734,<wb>земі
8038,<wb>хлѣбь
2138,<wb>нашь
68 623 383 139,<wb>на|сѫ|шть|нъі
1844,<wb>даждъ
489,<wb>намъ
713 23,<wb>дьне|с
39,<wb>і
646,<wb>оставі
5075,<wb>нам
1350 253,<wb>длъ|гъі
2208,<wb>нашѧ
99,<wb>ѣко
39,<wb>і
478,<wb>мъі
2437 389,<wb>оставлѣ|емъ
3633 1426,<wb>длъжь|нікомъ
4448,<wb>нашімъ
39,<wb>і
62,<wb>не
4776 89,<wb>вьве|ді
759,<wb>насъ
56,<wb>въ
7699,<wb>іскоушеніе
208,<wb>нъ
1101,<wb>ізбаві
336,<wb>нъі
221,<wb>от
1660 1314,<wb>лѫка|вааго
99,<wb>ѣко
347,<wb>твое
715,<wb>есть
2660,<wb>црство
39,<wb>і
1850,<wb>сіла
39,<wb>і
2538,<wb>слав
41,<wb>в
1161,<wb>вѣкъі
681,<wb>амін
201,<wb>аште
5998 54,<wb>отпоусті|те
4952,<wb>члкмъ
1167 2464,<wb>съгрѣ|шеніѣ
3114,<wb>іх
2873,<wb>отъпоустітъ
39,<wb>і
260,<wb>вамъ
749,<wb>оць
1870,<wb>вашъ
5052 139,<wb>нбсъ|нъі
201,<wb>аште
178,<wb>лі
62,<wb>не
1127 54,<wb>отъпоусті|те
4952,<wb>члкмъ
1167 2914,<wb>съгрѣ|шеніі
299,<wb>іхъ
122,<wb>ні
749,<wb>оць
1870,<wb>вашъ
1525 139,<wb>нбс|нъі
2873,<wb>отъпоустітъ
260,<wb>вамъ
1167 2914,<wb>съгрѣ|шеніі
1472 9,<wb>ваші|х
317,<wb>егда
71,<wb>же
2803 54,<wb>пості|те
70,<wb>сѧ
62,<wb>не
2679,<wb>бѫдѣте
99,<wb>ѣко
73 169 2152 52,<wb>оу|по|кръі|ті
333 670 393,<wb>сѣ|тоу|ѭште
677 3742 470 304,<wb>прос|мра|жда|ѭтъ
112,<wb>бо
1385,<wb>ліца
1596,<wb>своѣ
105,<wb>да
70 610,<wb>сѧ|бѫ
1757 74,<wb>аві|лі
4162,<wb>чкомъ
5928 91,<wb>постѧ|ште
681,<wb>амін
284,<wb>глѭ
2532,<wb>вам
99,<wb>ѣко
6395 2039,<wb>въспріі|мѫтъ
3923 175,<wb>мьз|дѫ
651,<wb>своѭ
288,<wb>тъі
71,<wb>же
5928,<wb>постѧ
70,<wb>сѧ
1378 124,<wb>пома|жі
1512,<wb>главѫ
651,<wb>своѭ
39,<wb>і
822,<wb>ліце
357,<wb>свое
1424 16,<wb>оумъі|і
105,<wb>да
62,<wb>не
1757 116,<wb>аві|ші
70,<wb>сѧ
4952,<wb>члкмъ
5928,<wb>постѧ
208,<wb>нъ
1813,<wb>оцоу
1431,<wb>твоемоу
227,<wb>іже
161,<wb>естъ
56,<wb>въ
3286,<wb>таінѣ
39,<wb>і
749,<wb>оць
462,<wb>твоі
5250,<wb>відѧі
374,<wb>тѧ
56,<wb>въ
3286,<wb>таінѣ
884 214,<wb>възда|сть
356,<wb>тебѣ
3401,<wb>авѣ
62,<wb>не
190 2152 5320,<wb>сь|кръі|ваіте
436,<wb>себѣ
2001 604,<wb>съкрові|штъ
68,<wb>на
734,<wb>земі
773,<wb>ідеже
6364,<wb>чръвь
39,<wb>і
4029,<wb>тьлѣ
617 74 133,<wb>ть|лі|ть
773,<wb>ідеже
7074,<wb>татіе
826 3887 3066,<wb>подъ|копа|ваѭтъ
39,<wb>і
973 175 32,<wb>кра|дѫ|т
1841 5320,<wb>съкръі|ваіте
71,<wb>же
436,<wb>себѣ
3397,<wb>съкровішта
68,<wb>на
3728,<wb>нбсі
773,<wb>ідеже
122,<wb>ні
1849 92,<wb>чръ|въ
122,<wb>ні
4029,<wb>тьлѣ
7922,<wb>тьлітъ
773,<wb>ідеже
7074,<wb>татіе
62,<wb>не
826 3887 3066,<wb>подъ|копа|ваѭтъ
122,<wb>ні
973 491,<wb>кра|дѫтъ
773,<wb>ідеже
112,<wb>бо
161,<wb>естъ
4573,<wb>съкровіште
709,<wb>ваше
390,<wb>тоу
39,<wb>і
3700 292,<wb>срьд|це
709,<wb>ваше
2363 2586,<wb>свѣтіль|нікь
4985,<wb>тѣлоу
161,<wb>естъ
1998,<wb>око
201,<wb>аште
222,<wb>оубо
362,<wb>бѫдетъ
1998,<wb>око
347,<wb>твое
3502,<wb>просто
988,<wb>все
817,<wb>тѣло
347,<wb>твое
3886,<wb>свѣтъло
362,<wb>бѫдетъ
201,<wb>аште
178,<wb>лі
1998,<wb>око
347,<wb>твое
6349,<wb>лѫкаво
362,<wb>бѫдетъ
429,<wb>вьсе
817,<wb>тѣло
347,<wb>твое
2479 85,<wb>тем|но
362,<wb>бѫдетъ
201,<wb>аште
222,<wb>оубо
957,<wb>свѣтъ
227,<wb>іже
56,<wb>въ
356,<wb>тебѣ
2337,<wb>тъма
161,<wb>естъ
176,<wb>то
617 143,<wb>ть|ма
4572,<wb>кольмі
678 512,<wb>ніко|тоже
112,<wb>бо
1074,<wb>рабъ
62,<wb>не
819,<wb>можетъ
3479,<wb>дьвѣма
65 89 4078,<wb>г|ді|нома
5247,<wb>работаті
1626,<wb>любо
940,<wb>едіного
3236 89 32,<wb>възненаві|ді|т
77,<wb>а
1096 213,<wb>дроуга|аго
2110 873,<wb>възлю|бітъ
178,<wb>лі
940,<wb>едіного
6391 32,<wb>дръжі|т
70,<wb>сѧ
77,<wb>а
47,<wb>о
5321 17 55,<wb>дроузѣ|а|мъ
62,<wb>не
2111 166,<wb>брѣ|шті
81 229 733,<wb>вь|чь|нетъ
62,<wb>не
2251,<wb>можете
710,<wb>боу
5247,<wb>работаті
39,<wb>і
7347 118,<wb>мамо|нѣ
387,<wb>сего
368,<wb>раді
284,<wb>глѭ
260,<wb>вамъ
62,<wb>не
5560,<wb>пьцѣте
70,<wb>сѧ
3538,<wb>дшеѭ
3538,<wb>дшеѭ
709 3,<wb>ваше|ѭ
526,<wb>чьто
7278,<wb>ѣсте
178,<wb>лі
394,<wb>что
303 661,<wb>пі|ете
122,<wb>ні
3726,<wb>тѣломъ
1472 14,<wb>ваші|м
56,<wb>въ
394,<wb>что
7920,<wb>облѣчете
70,<wb>сѧ
62,<wb>не
1490,<wb>дша
178,<wb>лі
4998,<wb>больші
161,<wb>естъ
5559,<wb>піштѧ
39,<wb>і
817,<wb>тѣло
2043 1916,<wb>оде|ждѧ
853 5246,<wb>възь|ріте
68,<wb>на
4300,<wb>птіцѧ
1525 471,<wb>нбс|нъіѧ
99,<wb>ѣко
62,<wb>не
333 304,<wb>сѣ|ѭтъ
122,<wb>ні
1242 10 304,<wb>жь|н|ѭтъ
122,<wb>ні
6567,<wb>събіраѭтъ
56,<wb>въ
5924,<wb>жітьніцѫ
39,<wb>і
749,<wb>оць
1870,<wb>вашъ
1525 139,<wb>нбс|нъі
303 319 255,<wb>пі|тѣ|етъ
225,<wb>ѧ
62,<wb>не
237,<wb>въі
178,<wb>лі
580,<wb>паче
7327 1592,<wb>лоучь|шіі
299,<wb>іхъ
939,<wb>есте
523,<wb>кто
71,<wb>же
221,<wb>от
544,<wb>васъ
360 148,<wb>пе|къі
70,<wb>сѧ
507 32,<wb>може|т
5923,<wb>пріложіті
5014,<wb>тѣлесі
1397,<wb>своемоу
680 59 133,<wb>ла|ко|ть
438,<wb>едінъ
39,<wb>і
47,<wb>о
2043 1672,<wb>оде|жді
394,<wb>что
360 3395,<wb>пе|чете
70,<wb>сѧ
7431,<wb>съмотріте
2345 98,<wb>крі|нъ
6416 668,<wb>селъ|нъііхъ
376,<wb>како
120 425 43,<wb>ра|стѫ|тъ
122,<wb>ні
3711 304,<wb>троужда|ѭтъ
70,<wb>сѧ
122,<wb>ні
57 24 175 32,<wb>пр|ѧ|дѫ|т
284,<wb>глѭ
71,<wb>же
260,<wb>вамъ
99,<wb>ѣко
122,<wb>ні
4816 10,<wb>соломо|н
7729,<wb>въсеі
2236,<wb>славѣ
1519,<wb>своеі
5083,<wb>облѣче
70,<wb>сѧ
99,<wb>ѣко
438,<wb>едінъ
221,<wb>от
745,<wb>сіхъ
201,<wb>аште
71,<wb>же
7893,<wb>сѣно
1535,<wb>дьнесь
2021 11,<wb>сѫште|е
77,<wb>а
6328,<wb>оутрѣ
56,<wb>въ
5169,<wb>огнъ
4426 1637,<wb>въмѣта|емо
443,<wb>бъ
311,<wb>тако
2048 255,<wb>одѣ|етъ
184 1823,<wb>ко|лмі
580,<wb>паче
544,<wb>васъ
7124,<wb>маловѣрі
62,<wb>не
5560,<wb>пьцѣте
70,<wb>сѧ
222,<wb>оубо
1440,<wb>глште
394,<wb>что
78 55,<wb>ѣ|мъ
178,<wb>лі
394,<wb>что
303 389,<wb>пі|емъ
178,<wb>лі
5672,<wb>чімъ
2043 235 55,<wb>оде|жде|мъ
70,<wb>сѧ
2069,<wb>всѣхъ
112,<wb>бо
745,<wb>сіхъ
7917,<wb>ѧзці
5921,<wb>іштѫтъ
1559,<wb>вѣстъ
112,<wb>бо
749,<wb>оць
2685,<wb>вашь
1525 139,<wb>нбс|нъі
99,<wb>ѣко
7283,<wb>трѣбоуете
7020,<wb>сіх
2069,<wb>всѣхъ
7916,<wb>іштѣте
71,<wb>же
536,<wb>прѣжде
476 793,<wb>цр|ства
582 124 33,<wb>нб|жі|ѣ
223,<wb>го
39,<wb>і
3499,<wb>правъдъі
135,<wb>его
39,<wb>і
747,<wb>сіі
572,<wb>всѣ
90 5464,<wb>прі|ложѧтъ
70,<wb>сѧ
2532,<wb>вам
62,<wb>не
6998 410,<wb>осѫжда|іте
105,<wb>да
62,<wb>не
2020 60,<wb>осѫжде|ні
1215,<wb>бѫдете
3787,<wb>імьже
112,<wb>бо
202 868,<wb>сѫ|домъ
3362,<wb>сѫдіте
202 555,<wb>сѫ|дѧтъ
260,<wb>вамъ
39,<wb>і
56,<wb>въ
4205,<wb>нѭже
5558,<wb>мѣрѫ
353 5246,<wb>мѣ|ріте
160 181 1037,<wb>въз|мѣ|рѧтъ
260,<wb>вамъ
526,<wb>чьто
71,<wb>же
1980,<wb>відіші
6740 363,<wb>сѫче|ць
56,<wb>въ
1466 129,<wb>оче|сі
2830,<wb>брата
697,<wb>твоего
77,<wb>а
3940 3622,<wb>бръ|въна
295,<wb>еже
715,<wb>есть
56,<wb>въ
2694,<wb>оцѣ
3657,<wb>твоемъ
62,<wb>не
551 608,<wb>чоу|еші
39,<wb>і
376,<wb>како
4866,<wb>речеші
4707,<wb>братоу
1431,<wb>твоемоу
646,<wb>оставі
105,<wb>да
3317 342,<wb>ізь|мѫ
6740 363,<wb>сѫче|ць
1868,<wb>ізъ
4775,<wb>очесе
697,<wb>твоего
39,<wb>і
121,<wb>се
3940 3155,<wb>бръ|въно
56,<wb>въ
1466 129,<wb>оче|сі
3657,<wb>твоемъ
3225 174,<wb>ліцемѣ|ре
3317 123,<wb>ізь|мі
2941,<wb>пръвѣе
3940 3155,<wb>бръ|въно
1868,<wb>ізъ
2529,<wb>ока
697,<wb>твоего
39,<wb>і
916,<wb>тогда
7002 3809,<wb>оузъ|ріші
8005,<wb>ізѧті
6740 446,<wb>сѫче|цъ
3317,<wb>ізь
4775,<wb>очесе
2830,<wb>брата
697,<wb>твоего
62,<wb>не
2079,<wb>дадіте
881,<wb>стааго
44 1093,<wb>п|сомъ
122,<wb>ні
5636 94 410,<wb>поме|та|іте
453 199 125,<wb>бі|се|рь
1739,<wb>вашіхъ
396,<wb>прѣдъ
2000 297 123,<wb>сві|ніѣ|мі
105,<wb>да
62,<wb>не
3495 3308,<wb>попе|рѫтъ
299,<wb>іхъ
1554 123,<wb>нога|мі
1060,<wb>своімі
39,<wb>і
777 4798,<wb>възвра|штьше
70,<wb>сѧ
4261 5194,<wb>растръ|гнѫтъ
237,<wb>въі
2677,<wb>просіте
39,<wb>і
520,<wb>дастъ
70,<wb>сѧ
260,<wb>вамъ
7916,<wb>іштѣте
39,<wb>і
3497,<wb>обрѧштете
64 153 1771,<wb>т|ль|цѣте
39,<wb>і
7377,<wb>отвръзетъ
70,<wb>сѧ
260,<wb>вамъ
6288,<wb>въсѣкъ
112,<wb>бо
1988 16,<wb>просѧ|і
1957,<wb>пріемлетъ
39,<wb>і
6326,<wb>іштѧі
2177 255,<wb>обрѣта|етъ
39,<wb>і
7913 2067,<wb>тлъкѫ|штоумоу
6691 32,<wb>отвръзѫ|т
70,<wb>сѧ
264,<wb>вьсѣ
808,<wb>еліко
1568,<wb>хоштете
105,<wb>да
1618,<wb>творѧтъ
260,<wb>вамъ
4934,<wb>члці
39,<wb>і
237,<wb>въі
1451,<wb>творіте
210,<wb>імъ
964,<wb>такожде
121,<wb>се
112,<wb>бо
161,<wb>естъ
1384,<wb>законъ
39,<wb>і
6341,<wb>пррці
891 382,<wb>въні|дѣте
641 312 148 1422,<wb>ѫ|зь|къі|імі
460 289,<wb>вра|тъі
99,<wb>ѣко
3528 1027,<wb>простра|наа
1947,<wb>врата
39,<wb>і
5322 569,<wb>шіро|кь
1029,<wb>пѫть
5607 2881,<wb>въво|дѧі
81,<wb>вь
4755,<wb>пагоубѫ
39,<wb>і
899,<wb>мнозі
419,<wb>сѫтъ
2474 166,<wb>въходѧ|шті
210,<wb>імъ
2590,<wb>коль
641 312 134,<wb>ѫ|зь|ка
1947,<wb>врата
39,<wb>і
330 7379,<wb>тѣ|сенъ
1029,<wb>пѫть
5607 2881,<wb>въво|дѧі
56,<wb>въ
920,<wb>жівотъ
39,<wb>і
998,<wb>мало
299,<wb>іхъ
161,<wb>естъ
227,<wb>іже
39,<wb>і
2177 304,<wb>обрѣта|ѭтъ
2309 14 36 104 54,<wb>въне|м|л|лѣ|те
84,<wb>отъ
3607 193,<wb>лъжі|іхъ
4644,<wb>прркъ
227,<wb>іже
1452 555,<wb>пріхо|дѧтъ
468,<wb>кь
260,<wb>вамъ
56,<wb>въ
2043 7909,<wb>оде|ждахъ
1180 185 193,<wb>овь|чі|іхъ
3291 3 270,<wb>вънѫтрь|ѭ|доу
71,<wb>же
419,<wb>сѫтъ
1651 215,<wb>влъ|ці
39,<wb>і
2142 383 541,<wb>хъі|шть|ніці
84,<wb>отъ
1552,<wb>плода
299,<wb>іхъ
1010 410,<wb>позна|іте
225,<wb>ѧ
736,<wb>еда
1470 653 598,<wb>обь|ем|летъ
4440,<wb>кьто
221,<wb>от
5917,<wb>тръніѣ
615 19 267,<wb>гро|з|дъі
178,<wb>лі
221,<wb>от
1188 63 66,<wb>трі|во|ла
1363 569 111,<wb>смо|кь|ві
311,<wb>тако
39,<wb>і
429,<wb>вьсе
1488,<wb>дрѣво
3866,<wb>доброе
1788,<wb>добръі
1243,<wb>плодъ
1057,<wb>творітъ
77,<wb>а
2754 11,<wb>зьло|е
1488,<wb>дрѣво
6003 16,<wb>зьлъі|і
1243,<wb>плодъ
1057,<wb>творітъ
62,<wb>не
819,<wb>можетъ
1488,<wb>дрѣво
640,<wb>добро
1552,<wb>плода
4817,<wb>зьла
426 840 52,<wb>творі|творі|ті
122,<wb>ні
1488,<wb>дрѣво
2754,<wb>зьло
1552,<wb>плода
1730,<wb>добра
1234,<wb>творіті
3083,<wb>всѣко
1488,<wb>дрѣво
295,<wb>еже
62,<wb>не
1057,<wb>творітъ
1552,<wb>плода
1730,<wb>добра
543 304,<wb>пока|ѭтъ
50,<wb>е
1894,<wb>тѣмъ
71,<wb>же
222,<wb>оубо
221 43,<wb>от|тъ
1552,<wb>плода
299,<wb>іхъ
1010 661,<wb>позна|ете
225,<wb>ѧ
62,<wb>не
264 569,<wb>вьсѣ|кь
4204,<wb>глѧі
588,<wb>мнѣ
300,<wb>гі
300,<wb>гі
62,<wb>не
1776 32,<wb>въніде|т
56,<wb>въ
2660,<wb>црство
5929,<wb>нбсное
208,<wb>нъ
3509,<wb>творѧі
3061,<wb>волѭ
633,<wb>оца
563,<wb>моего
227,<wb>іже
715,<wb>есть
68,<wb>на
3402,<wb>нбсхъ
2531,<wb>всѣкъ
227,<wb>іже
1146 32,<wb>слъіші|т
1020,<wb>словеса
556,<wb>моѣ
159,<wb>сі
39,<wb>і
1057,<wb>творітъ
78,<wb>ѣ
5552,<wb>оуподоблѭ
39,<wb>і
2970,<wb>мѫжоу
283 2011,<wb>мѫ|дроу
227,<wb>іже
75 7402,<wb>съ|зьда
4565,<wb>храмінѫ
651,<wb>своѭ
68,<wb>на
3001,<wb>камене
39,<wb>і
4773,<wb>съніде
271 716,<wb>дь|ждъ
39,<wb>і
955,<wb>прідѫ
2240,<wb>рѣкъі
39,<wb>і
4433 5323,<wb>възвѣ|ашѧ
6324,<wb>вѣтрі
39,<wb>і
1546 175,<wb>напа|дѫ
68,<wb>на
4565,<wb>храмінѫ
1311,<wb>тѫ
39,<wb>і
62,<wb>не
1812,<wb>паде
70,<wb>сѧ
3420 102,<wb>основа|на
112,<wb>бо
165,<wb>бѣ
68,<wb>на
3001,<wb>камене
39,<wb>і
572 569,<wb>всѣ|кь
227,<wb>іже
2592,<wb>слъішітъ
1020,<wb>словеса
556,<wb>моѣ
159,<wb>сі
39,<wb>і
62,<wb>не
1057,<wb>творітъ
3114,<wb>іх
5552,<wb>оуподоблѭ
39,<wb>і
2970,<wb>мѫжоу
710 7,<wb>боу|ю
227,<wb>іже
190 7402,<wb>сь|зьда
4565,<wb>храмінѫ
651,<wb>своѭ
68,<wb>на
692 349 259,<wb>пѣ|сь|цѣ
39,<wb>і
6168,<wb>сьніде
271 885,<wb>дь|ждь
39,<wb>і
955,<wb>прідѫ
2240,<wb>рѣкъі
39,<wb>і
4433 5323,<wb>възвѣ|ашѧ
6324,<wb>вѣтрі
39,<wb>і
47 433 2463,<wb>о|пь|рѣшѧ
70,<wb>сѧ
6323,<wb>храмінѣ
2210,<wb>тоі
39,<wb>і
1812,<wb>паде
70,<wb>сѧ
39,<wb>і
165,<wb>бѣ
3623 1223,<wb>раздроу|шеніе
908,<wb>еѧ
5567,<wb>веліе
760,<wb>зѣло
39,<wb>і
798,<wb>бъіс
7170,<wb>вънегда
190 59 4618,<wb>сь|ко|нча
107,<wb>іс
572,<wb>всѣ
1020,<wb>словеса
747,<wb>сіі
2922,<wb>дівлѣахѫ
70,<wb>сѧ
1362,<wb>народі
47,<wb>о
3390,<wb>оученіі
135,<wb>его
165,<wb>бѣ
112,<wb>бо
1408,<wb>оучѧ
225,<wb>ѧ
99,<wb>ѣко
458 97,<wb>вла|стъ
1492,<wb>імъі
39,<wb>і
62,<wb>не
99,<wb>ѣко
6649,<wb>кьніжьніці
3515,<wb>іхь
39,<wb>і
1325,<wb>фарісеі
4713 358,<wb>съшедъ|шоу
71,<wb>же
144,<wb>емоу
75,<wb>съ
1792,<wb>горъі
56,<wb>въ
1465,<wb>слѣдъ
135,<wb>его
674,<wb>ідѫ
1362,<wb>народі
899,<wb>мнозі
39,<wb>і
121,<wb>се
6322,<wb>прокаженъ
3767,<wb>прістѫпль
2083 177,<wb>кланѣ|аше
70,<wb>сѧ
144,<wb>емоу
441,<wb>глѧ
300,<wb>гі
201,<wb>аште
1178,<wb>хоштеші
2137,<wb>можеші
226,<wb>мѧ
39 185 1427,<wb>і|чі|стіті
39,<wb>і
5637 96,<wb>простъ|рѣ
1085,<wb>рѫкѫ
331,<wb>ісъ
39,<wb>і
3000,<wb>коснѫ
39,<wb>і
441,<wb>глѧ
1799,<wb>хоштѫ
39 185 147,<wb>і|чі|сті
70,<wb>сѧ
39,<wb>і
600,<wb>абіе
168 185 147,<wb>із|чі|сті
70,<wb>сѧ
84,<wb>отъ
2267 378,<wb>прока|зъі
39,<wb>і
141,<wb>рече
144,<wb>емоу
331,<wb>ісъ
2853,<wb>віждъ
1769,<wb>нікомоуже
62,<wb>не
4447,<wb>повѣждъ
208,<wb>нъ
1291,<wb>шедъ
2617,<wb>покажі
70,<wb>сѧ
5101,<wb>архіереові
39,<wb>і
4571,<wb>прінесі
1695,<wb>даръ
295,<wb>еже
449,<wb>повелѣ
6058,<wb>мосіі
56,<wb>въ
1176 114 200,<wb>сьвѣ|дѣ|ніе
210,<wb>імъ
6731,<wb>въшедъшоу
1073,<wb>ісоу
56,<wb>въ
6409 3085,<wb>капер|наоумъ
1158,<wb>прістѫпі
468,<wb>кь
398,<wb>немоу
190 133 2586,<wb>сь|ть|нікь
1499,<wb>молѧ
39,<wb>і
39,<wb>і
441,<wb>глѧ
300,<wb>гі
3683,<wb>отрокъ
329,<wb>моі
4772,<wb>лежітъ
56,<wb>въ
756,<wb>домоу
3468,<wb>моемъ
7246,<wb>ослабленъ
5914,<wb>лютѣ
99,<wb>ѣко
7410,<wb>страждѧ
130,<wb>гла
144,<wb>емоу
331,<wb>ісъ
695,<wb>азь
872,<wb>прішедъ
1004 500,<wb>іцѣ|лѭ
39,<wb>і
39,<wb>і
579,<wb>отъвѣштавъ
190 133 2586,<wb>сь|ть|нікь
141,<wb>рече
144,<wb>емоу
300,<wb>гі
2134,<wb>нѣсмъ
1710,<wb>достоінъ
105,<wb>да
56,<wb>въ
729,<wb>домъ
329,<wb>моі
1776 116,<wb>въніде|ші
208,<wb>нъ
4615,<wb>тъкьмо
1900,<wb>рьці
2325,<wb>словомъ
39,<wb>і
2572 255,<wb>іцѣлѣ|етъ
806 13,<wb>отро|к
329,<wb>моі
1566,<wb>ібо
290,<wb>азъ
985,<wb>чкъ
568,<wb>есмъ
826,<wb>подъ
6021 7987,<wb>влд|коѭ
1492,<wb>імъі
826,<wb>подъ
1391,<wb>собоѭ
5240,<wb>воінъі
39,<wb>і
284,<wb>глѭ
1135,<wb>семоу
1030,<wb>іді
39,<wb>і
1861,<wb>ідетъ
39,<wb>і
4318,<wb>дроугоумоу
2870,<wb>пріді
39,<wb>і
416 32,<wb>пріде|т
39,<wb>і
2494,<wb>рабоу
1787,<wb>моемоу
261,<wb>сътворі
121,<wb>се
39,<wb>і
1675,<wb>сътворітъ
990,<wb>слъішавъ
71,<wb>же
331,<wb>ісъ
2175,<wb>діві
70,<wb>сѧ
144,<wb>емоу
39,<wb>і
141,<wb>рече
1142 642 14,<wb>грѧдѫ|штіі|м
67,<wb>по
1107,<wb>немъ
681,<wb>амін
284,<wb>глѭ
260,<wb>вамъ
122,<wb>ні
56,<wb>въ
3137,<wb>ізлі
7262,<wb>толікъі
994,<wb>вѣръі
1501,<wb>обрѣтъ
284,<wb>глѭ
71,<wb>же
260,<wb>вамъ
99,<wb>ѣко
899,<wb>мнозі
221,<wb>от
5546,<wb>въстокъ
39,<wb>і
84,<wb>отъ
3834,<wb>западъ
2283,<wb>прідѫтъ
39,<wb>і
160 302 2898,<wb>въз|лѧ|гѫтъ
75,<wb>съ
1310 2517,<wb>авраа|момъ
39,<wb>і
107 203 55,<wb>іс|ако|мъ
1040 1694,<wb>іѣко|вомъ
56,<wb>въ
7260,<wb>црствіі
582 349 3784 55,<wb>нб|сь|нѣа|мъ
77,<wb>а
3010,<wb>снве
2720,<wb>свѣта
4427 60,<wb>ізгьна|ні
969,<wb>бѫдѫтъ
56,<wb>въ
3721,<wb>тъмѫ
3645 383 7994,<wb>кромѣ|шть|нѭѭ
390,<wb>тоу
362,<wb>бѫдетъ
3526,<wb>плачь
39,<wb>і
1460 1226,<wb>скръ|жетъ
3876,<wb>зѫбомъ
39,<wb>і
141,<wb>рече
331,<wb>ісъ
190 133 1935,<wb>сь|ть|нікоу
1030,<wb>іді
308,<wb>ѣкоже
1531,<wb>вѣрова
1021,<wb>бѫді
356,<wb>тебѣ
39,<wb>і
2572,<wb>іцѣлѣ
806 569,<wb>отро|кь
135,<wb>его
56,<wb>въ
157,<wb>тъ
1396,<wb>часъ
7380,<wb>прішед
331,<wb>ісъ
56,<wb>въ
729,<wb>домъ
2038 92,<wb>петро|въ
39,<wb>і
248,<wb>відѣ
157 474,<wb>тъ|штѫ
135,<wb>его
6867,<wb>лежѧштѫ
3388,<wb>огнемъ
7259 342,<wb>жего|мѫ
39,<wb>і
2185,<wb>прікоснѫ
70,<wb>сѧ
825,<wb>рѫцѣ
908,<wb>еѧ
39,<wb>і
646,<wb>оставі
483,<wb>ѭ
894,<wb>огнь
39,<wb>і
421,<wb>въста
39,<wb>і
6599,<wb>слоужааше
144,<wb>емоу
2730,<wb>поздѣ
71,<wb>же
6094,<wb>бъівшоу
4048,<wb>прівѣсѧ
468,<wb>кь
398,<wb>немоу
992 139,<wb>бѣсъ|нъі
823,<wb>многъі
39,<wb>і
4427,<wb>ізгьна
2325,<wb>словомъ
499 719,<wb>доу|хъі
39,<wb>і
3337,<wb>въсѧ
5780,<wb>недѫжьнъіѧ
2693,<wb>іцѣлі
105,<wb>да
4021,<wb>събѫдетъ
70,<wb>сѧ
3075,<wb>реченое
2136 389,<wb>ісаі|емъ
1885 391,<wb>прр|комъ
8034,<wb>глштемъ
617,<wb>ть
4199,<wb>недѫгъі
2208,<wb>нашѧ
1505,<wb>пріѧтъ
39,<wb>і
2426,<wb>болѣзні
1003 199,<wb>поне|се
5089,<wb>оузьрѣвъ
71,<wb>же
331,<wb>ісъ
4928,<wb>многь
956,<wb>народъ
3753,<wb>окръстъ
995,<wb>себе
449,<wb>повелѣ
1344,<wb>іті
68,<wb>на
366,<wb>онъ
1736,<wb>полъ
39,<wb>і
662 2192,<wb>прістѫ|плъ
438,<wb>едінъ
84,<wb>отъ
3771 2586,<wb>кьніжь|нікь
141,<wb>рече
144,<wb>емоу
1302,<wb>оучітелю
674,<wb>ідѫ
67,<wb>по
356,<wb>тебѣ
2676,<wb>ѣможе
5354,<wb>коліждо
3283,<wb>ідеші
39,<wb>і
130,<wb>гла
144,<wb>емоу
331,<wb>ісъ
178 129,<wb>лі|сі
2294 111 139,<wb>ѣз|ві|нъі
1177,<wb>імѫтъ
39,<wb>і
4904 532,<wb>пьті|цѧ
582 349 471,<wb>нб|сь|нъіѧ
717 4422,<wb>гнѣ|зда
77,<wb>а
423,<wb>снъ
7425,<wb>члчъ
62,<wb>не
584,<wb>іматъ
4118,<wb>кьде
1800,<wb>главъі
6914,<wb>подъклоніті
901,<wb>дроугъі
71,<wb>же
84,<wb>отъ
1092,<wb>оученікъ
141,<wb>рече
144,<wb>емоу
300,<wb>гі
3136,<wb>повелі
195,<wb>мі
536,<wb>прѣжде
1344,<wb>іті
39,<wb>і
5398,<wb>погреті
633,<wb>оца
563,<wb>моего
331,<wb>ісъ
71,<wb>же
130,<wb>гла
144,<wb>емоу
67,<wb>по
437,<wb>мьнѣ
1030,<wb>іді
39,<wb>і
646,<wb>оставі
5489,<wb>мрътвъіѧ
5398,<wb>погреті
599,<wb>своѧ
867 180 532,<wb>мрът|вь|цѧ
39,<wb>і
56 6851 358,<wb>въ|лѣзь|шоу
144,<wb>емоу
56,<wb>въ
7313,<wb>корабъ
67,<wb>по
1107,<wb>немъ
674,<wb>ідѫ
286 26,<wb>оучені|ц
135,<wb>его
6441,<wb>прішедъшоу
1073,<wb>ісоу
56,<wb>въ
2132,<wb>странѫ
3635 21 583 129 119 1339,<wb>ге|р|ге|сі|нь|скѫ
7040 115 242,<wb>сърѣ|то|сте
39,<wb>і
971,<wb>дъва
992 102,<wb>бѣсъ|на
84,<wb>отъ
6824 604,<wb>гробі|штъ
1817 145,<wb>ісходѧ|шта
5383,<wb>люта
760,<wb>зѣло
99,<wb>ѣко
62,<wb>не
2250,<wb>можааше
6318,<wb>мінѫті
748,<wb>ніктоже
3720 55,<wb>пѫте|мъ
1347,<wb>тѣмь
39,<wb>і
121,<wb>се
4784 242,<wb>възьпі|сте
6480,<wb>глшта
526,<wb>чьто
161,<wb>естъ
2872,<wb>нама
39,<wb>і
356,<wb>тебѣ
3957,<wb>ісе
3631,<wb>сне
776,<wb>бжіі
4207,<wb>прішелъ
313,<wb>есі
2323,<wb>сѣмо
536,<wb>прѣжде
2784,<wb>врѣмене
6316,<wb>мѫчітъ
759,<wb>насъ
165,<wb>бѣ
71,<wb>же
2037,<wb>далече
221,<wb>от
3074,<wb>нею
2883,<wb>стадо
6315,<wb>свініі
693,<wb>много
7904,<wb>пасомо
3105,<wb>бѣсі
71,<wb>же
2841,<wb>молѣахѫ
39,<wb>і
1440,<wb>глште
201,<wb>аште
1495 5907,<wb>ізго|ніші
336,<wb>нъі
3136,<wb>повелі
489,<wb>намъ
1344,<wb>іті
56,<wb>въ
2883,<wb>стадо
2000 465,<wb>сві|ное
39,<wb>і
141,<wb>рече
210,<wb>імъ
1976,<wb>ідѣте
609,<wb>оні
71,<wb>же
4607,<wb>ішедъше
5097,<wb>вьнідѫ
56,<wb>въ
5238,<wb>свініѧ
39,<wb>і
600,<wb>абіе
5542,<wb>оустръмі
70,<wb>сѧ
2883,<wb>стадо
960,<wb>въсе
67,<wb>по
7254,<wb>брѣгоу
56,<wb>въ
1478,<wb>море
39,<wb>і
5167 2049,<wb>оуто|пѫ
56,<wb>въ
4984,<wb>водахъ
77,<wb>а
5986 718,<wb>пасѫ|штеі
4273,<wb>бѣжашѧ
39,<wb>і
3135,<wb>шедъше
56,<wb>въ
698,<wb>градъ
4018,<wb>възвѣстішѧ
264,<wb>вьсѣ
47,<wb>о
992 3882,<wb>бѣсъ|ноую
39,<wb>і
121,<wb>се
7558,<wb>весъ
698,<wb>градъ
820,<wb>ізіде
1975,<wb>протівѫ
1449,<wb>ісві
39,<wb>і
1137,<wb>відѣвъше
4092,<wb>молішѧ
39,<wb>і
105,<wb>да
453,<wb>бі
127 82 137,<wb>прѣ|ше|лъ
84,<wb>отъ
4983,<wb>прѣдѣлъ
3114,<wb>іх
56 6851,<wb>въ|лѣзь
331,<wb>ісъ
56,<wb>въ
1938,<wb>корабь
4399,<wb>прѣіде
39,<wb>і
416,<wb>пріде
56,<wb>въ
424,<wb>своі
698,<wb>градъ
39,<wb>і
56 6851,<wb>въ|лѣзь
56,<wb>въ
1938,<wb>корабь
331,<wb>ісъ
4399,<wb>прѣіде
39,<wb>і
416,<wb>пріде
56,<wb>въ
424,<wb>своі
698,<wb>градъ
39,<wb>і
121,<wb>се
468,<wb>кь
398,<wb>немоу
5408,<wb>прінѣсѧ
1641 2613,<wb>осла|бенъ
5541,<wb>жіламі
68,<wb>на
4704,<wb>одрѣ
6461,<wb>лежѧшта
39,<wb>і
248 18,<wb>відѣ|в
331,<wb>ісъ
827,<wb>вѣрѫ
299,<wb>іхъ
141,<wb>рече
4981,<wb>ослабленоумоу
6314,<wb>дръзаі
2831,<wb>чѧдо
2818 145 304,<wb>отпоу|шта|ѭтъ
323,<wb>ті
70,<wb>сѧ
2812,<wb>грѣсі
462,<wb>твоі
39,<wb>і
121,<wb>се
3551,<wb>етері
221,<wb>от
3771 409,<wb>кьніжь|нікъ
510,<wb>рѣшѧ
468,<wb>кь
436,<wb>себѣ
190,<wb>сь
3428 1442 255,<wb>власві|млѣ|етъ
39,<wb>і
649,<wb>відѣвъ
331,<wb>ісъ
4194,<wb>помъішленіѣ
299,<wb>іхъ
141,<wb>рече
2715,<wb>въскѫѭ
237,<wb>въі
2232 661,<wb>помъішлѣ|ете
2754,<wb>зьло
56,<wb>въ
3636 193,<wb>срдці|іхъ
1472 9,<wb>ваші|х
526,<wb>чьто
112,<wb>бо
161,<wb>естъ
4131,<wb>оудобѣе
1775,<wb>решті
4225,<wb>отъпоуштаѭтъ
323,<wb>ті
70,<wb>сѧ
2812,<wb>грѣсі
178,<wb>лі
1775,<wb>решті
2242,<wb>въстані
39,<wb>і
2485,<wb>ході
208,<wb>нъ
105,<wb>да
6723,<wb>оувѣсте
99,<wb>ѣко
1517,<wb>власть
584,<wb>іматъ
423,<wb>снъ
7425,<wb>члчъ
68,<wb>на
734,<wb>земі
4982,<wb>отъпоуштаті
1806,<wb>грѣхъі
916,<wb>тогда
130,<wb>гла
4981,<wb>ослабленоумоу
2242,<wb>въстані
4498,<wb>възьмі
5302,<wb>ложе
357,<wb>свое
39,<wb>і
1030,<wb>іді
56,<wb>въ
156 14,<wb>до|м
424,<wb>своі
248 5045,<wb>відѣ|вьше
71,<wb>же
1362,<wb>народі
5682,<wb>чоудішѧ
70,<wb>сѧ
39,<wb>і
1783 110,<wb>прославі|шѧ
422,<wb>ба
105 1511,<wb>да|въшааго
373 326,<wb>та|кѫ
1517,<wb>власть
4952,<wb>члкмъ
4769,<wb>прѣходѧ
107,<wb>іс
248,<wb>відѣ
2316,<wb>члка
1041 604,<wb>сѣдѧ|штъ
68,<wb>на
478 7961,<wb>мъі|тьніці
3473,<wb>іменемъ
241 7381 17,<wb>ма|ѳе|а
39,<wb>і
130,<wb>гла
144,<wb>емоу
67,<wb>по
437,<wb>мьнѣ
3108,<wb>грѧді
39,<wb>і
421 18,<wb>въста|в
67,<wb>по
1107,<wb>немъ
452,<wb>іде
4769,<wb>прѣходѧ
331,<wb>ісъ
248,<wb>відѣ
1909,<wb>чка
39,<wb>і
798,<wb>бъіс
144,<wb>емоу
2960 324,<wb>възлежѧ|штоу
56,<wb>въ
756,<wb>домоу
39,<wb>і
121,<wb>се
899,<wb>мнозі
6069,<wb>грѣшъніці
39,<wb>і
3873,<wb>мъітарі
2133,<wb>прішедъше
4629 2223,<wb>възле|жаахѫ
75,<wb>съ
7900,<wb>ісмъ
39,<wb>і
75,<wb>съ
1222,<wb>оученікъі
135,<wb>его
39,<wb>і
1137,<wb>відѣвъше
39,<wb>і
1325,<wb>фарісеі
997,<wb>глаахѫ
936,<wb>оученікомъ
135,<wb>его
67,<wb>по
526,<wb>чьто
75,<wb>съ
3873,<wb>мъітарі
39,<wb>і
5008,<wb>грѣшьнікъі
3134,<wb>ѣстъ
1899,<wb>оучітель
2685,<wb>вашь
331,<wb>ісъ
71,<wb>же
990,<wb>слъішавъ
141,<wb>рече
210,<wb>імъ
62,<wb>не
5540,<wb>трѣбоуѭтъ
7061,<wb>съдравіі
460 266,<wb>вра|ча
208,<wb>нъ
2013 642,<wb>болѧ|штіі
3135,<wb>шедъше
222,<wb>оубо
5539,<wb>наоучіте
70,<wb>сѧ
526,<wb>чьто
161,<wb>естъ
3729 60,<wb>мілостъі|ні
1799,<wb>хоштѫ
77,<wb>а
62,<wb>не
1707 87,<wb>жрът|вѣ
62,<wb>не
1743,<wb>прідъ
2112 409,<wb>праведъ|нікъ
5330 103 43,<wb>прізь|ва|тъ
208,<wb>нъ
5008,<wb>грѣшьнікъі
68,<wb>на
3892,<wb>покааніе
68,<wb>на
3892,<wb>покааніе
7825,<wb>кьнѧзь
1432,<wb>етеръ
81 412,<wb>вь|шедъ
468,<wb>кь
1073,<wb>ісоу
2083 177,<wb>кланѣ|аше
70,<wb>сѧ
1449,<wb>ісві
441,<wb>глѧ
99,<wb>ѣко
5667,<wb>дьшті
556,<wb>моѣ
3693,<wb>оумрѣтъ
208,<wb>нъ
872,<wb>прішедъ
1722,<wb>възложі
1085,<wb>рѫкѫ
1071,<wb>твоѭ
39,<wb>і
2260 2955,<wb>ожі|ветъ
39,<wb>і
1343,<wb>въставъ
331,<wb>ісъ
67,<wb>по
1107,<wb>немъ
1619,<wb>ідѣаше
39,<wb>і
559,<wb>оученіці
135,<wb>его
39,<wb>і
121,<wb>се
847,<wb>жена
7843 103,<wb>кръвоточі|ва
49,<wb>б
39,<wb>і
7270,<wb>лѣтѣ
3456,<wb>імѫшті
39,<wb>і
662 2192 116,<wb>прістѫ|плъ|ші
75,<wb>съ
5900,<wb>заді
2185,<wb>прікоснѫ
70,<wb>сѧ
321 1837 1203,<wb>въс|крі|ліі
1290,<wb>різъі
135,<wb>его
892,<wb>глааше
112,<wb>бо
56,<wb>въ
436,<wb>себѣ
201,<wb>аште
1644,<wb>тъкмо
2185,<wb>прікоснѫ
70,<wb>сѧ
4367,<wb>різѣ
135,<wb>его
2903 102,<wb>спсе|на
1387,<wb>бѫдѫ
331,<wb>ісъ
71,<wb>же
2912,<wb>обрашть
70,<wb>сѧ
39,<wb>і
248 18,<wb>відѣ|в
483,<wb>ѭ
141,<wb>рече
6314,<wb>дръзаі
5667,<wb>дьшті
2798,<wb>вѣра
552,<wb>твоѣ
2903,<wb>спсе
374,<wb>тѧ
39,<wb>і
2903 102,<wb>спсе|на
798,<wb>бъіс
847,<wb>жена
221,<wb>от
109 3637,<wb>ч|ѣса
485,<wb>того
39,<wb>і
872,<wb>прішедъ
331,<wb>ісъ
56,<wb>въ
729,<wb>домъ
3931 257,<wb>кьнѧ|жь
39,<wb>і
649,<wb>відѣвъ
448 433 532,<wb>со|пь|цѧ
39,<wb>і
956,<wb>народъ
2101 381 604,<wb>млъ|вѧ|штъ
39,<wb>і
130,<wb>гла
210,<wb>імъ
863 382,<wb>оті|дѣте
62,<wb>не
3693,<wb>оумрѣтъ
112,<wb>бо
3344,<wb>дѣвіца
208,<wb>нъ
190 2292,<wb>сь|пітъ
39,<wb>і
4466,<wb>рѫгаахѫ
70,<wb>сѧ
144,<wb>емоу
317,<wb>егда
71,<wb>же
4427 98,<wb>ізгьна|нъ
798,<wb>бъіс
956,<wb>народъ
1952,<wb>въшедъ
3489,<wb>ѧтъ
483,<wb>ѭ
171,<wb>за
1085,<wb>рѫкѫ
39,<wb>і
421,<wb>въста
3344,<wb>дѣвіца
39,<wb>і
820,<wb>ізіде
5537,<wb>вѣсть
747,<wb>сіі
67,<wb>по
1958,<wb>вьсеі
734,<wb>земі
2210,<wb>тоі
4769 324,<wb>прѣходѧ|штоу
1073,<wb>ісоу
67,<wb>по
1107,<wb>немъ
7501,<wb>ідосте
971,<wb>дъва
3783 218,<wb>слѣпь|ца
5234 145,<wb>зовѫ|шта
39,<wb>і
6480,<wb>глшта
6685 16,<wb>поміло|і
336,<wb>нъі
3957,<wb>ісе
2405,<wb>сноу
53 4813,<wb>д|двъ
6441,<wb>прішедъшоу
71,<wb>же
144,<wb>емоу
56,<wb>въ
729,<wb>домъ
1158 242,<wb>прістѫпі|сте
468,<wb>кь
398,<wb>немоу
3783 218,<wb>слѣпь|ца
39,<wb>і
130,<wb>гла
268,<wb>іма
331,<wb>ісъ
594 3020,<wb>вѣроу|ета
178,<wb>лі
99,<wb>ѣко
1179,<wb>могѫ
121,<wb>се
1064,<wb>сътворіті
130 163,<wb>гла|ста
144,<wb>емоу
561,<wb>еі
300,<wb>гі
916,<wb>тогда
3000,<wb>коснѫ
78,<wb>ѣ
56,<wb>въ
531,<wb>очі
2080,<wb>ею
441,<wb>глѧ
67,<wb>по
2932,<wb>вѣрѣ
5079,<wb>ваю
1021,<wb>бѫді
41 143,<wb>в|ма
39,<wb>і
3870 242,<wb>отврѣ|сте
70,<wb>сѧ
531,<wb>очі
268,<wb>іма
39,<wb>і
1600,<wb>запрѣті
268,<wb>іма
331,<wb>ісъ
441,<wb>глѧ
1333 4040,<wb>блю|дѣта
105,<wb>да
748,<wb>ніктоже
62,<wb>не
5680,<wb>оувѣстъ
1254,<wb>она
71,<wb>же
1686 158,<wb>ішедъ|ша
1783 242,<wb>прославі|сте
39,<wb>і
67,<wb>по
1958,<wb>вьсеі
734,<wb>земі
2210,<wb>тоі
6663,<wb>тѣма
71,<wb>же
1817 4366,<wb>ісходѧ|штема
121,<wb>се
4048,<wb>прівѣсѧ
2316,<wb>члка
327 143,<wb>нѣ|ма
39,<wb>і
165 349 102,<wb>бѣ|сь|на
39,<wb>і
4427 274,<wb>ізгьна|ноу
7247,<wb>бѣсоу
164 810,<wb>про|гла
327 1912,<wb>нѣ|мъіі
39,<wb>і
6308,<wb>дівішѧ
70,<wb>сѧ
1362,<wb>народі
1440,<wb>глште
1770,<wb>ніколіже
311,<wb>тако
1173,<wb>ѣві
70,<wb>сѧ
56,<wb>въ
518,<wb>ілі
39,<wb>і
1325,<wb>фарісеі
997,<wb>глаахѫ
47,<wb>о
3931 320,<wb>кьнѧ|зі
7751 492,<wb>бѣсовъ|стѣ
4842,<wb>ізгонітъ
1897,<wb>бѣсъі
39,<wb>і
4881,<wb>прохождааше
331,<wb>ісъ
3382,<wb>градъі
3337,<wb>въсѧ
39,<wb>і
1355,<wb>въсі
1408,<wb>оучѧ
68,<wb>на
4083 642 193,<wb>сьньмі|штіі|іхъ
299,<wb>іхъ
39,<wb>і
3199,<wb>проповѣдаѧ
2897 4061,<wb>ев|гліе
4670,<wb>црствіѣ
39,<wb>і
370 302,<wb>цѣ|лѧ
913 569,<wb>въсѣ|кь
3698,<wb>недѫгъ
39,<wb>і
572 326,<wb>всѣ|кѫ
6548,<wb>ѧзѫ
56,<wb>въ
3565,<wb>людехъ
2032,<wb>прізъвавъ
331,<wb>ісъ
740,<wb>оба
68,<wb>на
811,<wb>десѧте
2333,<wb>оученіка
1596,<wb>своѣ
520,<wb>дастъ
210,<wb>імъ
1517,<wb>власть
68,<wb>на
53 3154,<wb>д|сѣхъ
4616 193,<wb>нечістъі|іхъ
105,<wb>да
1495 1371,<wb>ізго|нѧтъ
225,<wb>ѧ
39,<wb>і
1004 1349,<wb>іцѣ|лѧтъ
913 569,<wb>въсѣ|кь
1260 1055,<wb>недѫ|гь
39,<wb>і
913 326,<wb>въсѣ|кѫ
6548,<wb>ѧзѫ
56,<wb>въ
3565,<wb>людехъ
4376,<wb>сіѣ
740,<wb>оба
68,<wb>на
811,<wb>десѧте
3319,<wb>посьла
331,<wb>ісъ
2209 92,<wb>заповѣда|въ
210,<wb>імъ
441,<wb>глѧ
68,<wb>на
1029,<wb>пѫть
2867,<wb>ѧзкъ
62,<wb>не
1976,<wb>ідѣте
39,<wb>і
56,<wb>въ
698,<wb>градъ
2819 98,<wb>самарѣ|нъ
62,<wb>не
891 382,<wb>въні|дѣте
1976,<wb>ідѣте
71,<wb>же
580,<wb>паче
468,<wb>кь
2697 4229,<wb>ов|цамъ
4081 2217,<wb>погъібъ|шіімъ
756,<wb>домоу
168 36 103,<wb>із|л|ва
1553 91,<wb>ходѧ|ште
71,<wb>же
1111 410,<wb>проповѣда|іте
1440,<wb>глште
99,<wb>ѣко
1477,<wb>прібліжі
70,<wb>сѧ
2660,<wb>црство
5929,<wb>нбсное
5232,<wb>болѧштѧѧ
370 1476,<wb>цѣ|літе
5489,<wb>мрътвъіѧ
2115 158 410,<wb>въскрѣ|ша|іте
3752 471,<wb>прокаже|нъіѧ
5533 410,<wb>очішта|іте
1897,<wb>бѣсъі
1495 1508,<wb>ізго|ніте
7896,<wb>тоуне
1169 242,<wb>пріѧ|сте
7896,<wb>тоуне
71,<wb>же
2079,<wb>дадіте
121,<wb>се
290,<wb>азъ
190 500,<wb>сь|лѭ
237,<wb>въі
99,<wb>ѣко
3944,<wb>овцѧ
67,<wb>по
1549,<wb>срѣдѣ
5894,<wb>влъкъ
2679,<wb>бѫдѣте
71,<wb>же
7892,<wb>мѫдрі
99,<wb>ѣко
6303,<wb>зміѧ
39,<wb>і
370 74,<wb>цѣ|лі
99,<wb>ѣко
3087 548,<wb>голѫ|біе
6223,<wb>слоушаѧі
6735,<wb>вънемлѣте
71,<wb>же
84,<wb>отъ
985,<wb>чкъ
4764,<wb>прѣдадѧтъ
112,<wb>бо
237,<wb>въі
68,<wb>на
190 10 285,<wb>сь|н|мъі
39,<wb>і
68,<wb>на
4263 805,<wb>съньмі|штііхъ
1739,<wb>вашіхъ
73 54 2049 43,<wb>оу|те|пѫ|тъ
237,<wb>въі
39,<wb>і
396,<wb>прѣдъ
6021 148,<wb>влд|къі
39,<wb>і
5092,<wb>црѧ
6217 123,<wb>ведо|мі
1215,<wb>бѫдете
364,<wb>мене
368,<wb>раді
56,<wb>въ
5893,<wb>съвѣдѣніе
210,<wb>імъ
39,<wb>і
1338 391,<wb>ѧз|комъ
308,<wb>ѣкоже
6217 123,<wb>ведо|мі
1215,<wb>бѫдете
62,<wb>не
5560,<wb>пьцѣте
70,<wb>сѧ
376,<wb>како
178,<wb>лі
526,<wb>чьто
1048,<wb>імате
1375,<wb>глаті
520,<wb>дастъ
112,<wb>бо
70,<wb>сѧ
260,<wb>вамъ
56,<wb>въ
617,<wb>ть
1396,<wb>часъ
394,<wb>что
2261,<wb>глете
62,<wb>не
237,<wb>въі
112,<wb>бо
939,<wb>есте
1440,<wb>глште
208,<wb>нъ
768,<wb>дхъ
633,<wb>оца
563,<wb>моего
4204,<wb>глѧі
56,<wb>въ
544,<wb>васъ
1419,<wb>прѣдастъ
71,<wb>же
2044,<wb>братъ
2830,<wb>брата
68,<wb>на
190 1056 133,<wb>сь|мръ|ть
39,<wb>і
749,<wb>оць
2831,<wb>чѧдо
39,<wb>і
4363,<wb>въстанѫтъ
1830,<wb>чѧда
68,<wb>на
1582 302,<wb>родіте|лѧ
39,<wb>і
3345,<wb>оубіѭтъ
225,<wb>ѧ
39,<wb>і
1215,<wb>бѫдете
6274,<wb>ненавідімі
4096,<wb>всѣмі
976,<wb>імене
563,<wb>моего
368,<wb>раді
7430,<wb>прѣтръпѣвъі
71,<wb>же
156,<wb>до
2050 218,<wb>кон|ца
2903 98,<wb>спсе|нъ
362,<wb>бѫдетъ
595,<wb>нѣстъ
1092,<wb>оученікъ
1251,<wb>надъ
700 4562,<wb>оучіте|лемъ
122,<wb>ні
1074,<wb>рабъ
1251,<wb>надъ
5641 687,<wb>гд|номъ
725,<wb>своімъ
2814 132 32,<wb>довь|ле|т
4362,<wb>оученікоу
105,<wb>да
362,<wb>бѫдетъ
99,<wb>ѣко
1899,<wb>оучітель
135,<wb>его
39,<wb>і
2494,<wb>рабоу
308,<wb>ѣкоже
2502,<wb>гнъ
135,<wb>его
201,<wb>аште
112,<wb>бо
5641 102,<wb>гд|на
756,<wb>домоу
7112,<wb>вельзѣво
2642 4122,<wb>наре|кошѧ
4572,<wb>кольмі
580,<wb>паче
6712 272 3302,<wb>дома|шь|нѧѧ
135,<wb>его
62,<wb>не
2999,<wb>оубоіте
70,<wb>сѧ
222,<wb>оубо
299,<wb>іхъ
2095,<wb>нічтоже
112,<wb>бо
161,<wb>естъ
67 7888,<wb>по|кръвено
295,<wb>еже
62,<wb>не
84 7888,<wb>отъ|кръвено
362,<wb>бѫдетъ
122,<wb>ні
5227,<wb>таіно
295,<wb>еже
62,<wb>не
1436 85,<wb>оувѣдѣ|но
224,<wb>бѫ
295,<wb>еже
284,<wb>глѭ
260,<wb>вамъ
56,<wb>въ
3712,<wb>тьмѣ
2526 1771,<wb>ръ|цѣте
56,<wb>въ
4387,<wb>свѣтѣ
39,<wb>і
295,<wb>еже
56,<wb>въ
2554,<wb>оухо
2680,<wb>слъішасте
2582 440,<wb>проповѣ|діте
68,<wb>на
6980,<wb>кровѣхъ
39,<wb>і
62,<wb>не
2999,<wb>оубоіте
70,<wb>сѧ
84,<wb>отъ
453 103 1632,<wb>бі|ва|ѭштііхъ
817,<wb>тѣло
77,<wb>а
1786,<wb>дшѧ
62,<wb>не
1179 805,<wb>могѫ|штііхъ
1911,<wb>оубіті
2999,<wb>оубоіте
70,<wb>сѧ
580,<wb>паче
1179 1154,<wb>могѫ|штааго
911,<wb>дшѫ
39,<wb>і
817,<wb>тѣло
3494,<wb>погоубіті
56,<wb>въ
3217 118,<wb>гео|нѣ
62,<wb>не
1764,<wb>дьвѣ
178,<wb>лі
2380 215,<wb>пті|ці
68,<wb>на
3091 35 606,<wb>ас|у|ріі
140 60 181,<wb>вѣ|ні|мѣ
939,<wb>есте
39,<wb>і
122,<wb>ні
2280,<wb>едіна
5846,<wb>падетъ
68,<wb>на
734,<wb>земі
277 312,<wb>бе|зь
633,<wb>оца
1762,<wb>вашего
1472,<wb>ваші
71,<wb>же
39,<wb>і
7300,<wb>власі
1800,<wb>главъі
39 6852 60,<wb>і|чьте|ні
419,<wb>сѫтъ
62,<wb>не
2999,<wb>оубоіте
70,<wb>сѧ
222,<wb>оубо
1613 675,<wb>мнозѣ|хь
2380 363,<wb>пті|ць
762 2389 116,<wb>соу|лѣі|ші
939,<wb>есте
237,<wb>въі
264 569,<wb>вьсѣ|кь
222,<wb>оубо
227,<wb>іже
4013,<wb>ісповѣстъ
226,<wb>мѧ
396,<wb>прѣдъ
4129,<wb>члкъі
2929,<wb>ісповѣмъ
39,<wb>і
39,<wb>і
290,<wb>азъ
396,<wb>прѣдъ
7434,<wb>оцмъ
1973,<wb>моімъ
227,<wb>іже
161,<wb>естъ
68,<wb>на
6089,<wb>нбсехъ
1437,<wb>вьсѣкъ
227,<wb>іже
4013,<wb>ісповѣстъ
226,<wb>мѧ
396,<wb>прѣдъ
4129,<wb>члкъі
922 285,<wb>ісповѣ|мъі
39,<wb>і
290,<wb>азъ
396,<wb>прѣдъ
7434,<wb>оцмъ
1973,<wb>моімъ
227,<wb>іже
161,<wb>естъ
68,<wb>на
3402,<wb>нбсхъ
77,<wb>а
227,<wb>іже
5457,<wb>отъвръжетъ
70,<wb>сѧ
364,<wb>мене
396,<wb>прѣдъ
4129,<wb>члкъі
5530,<wb>отъвръгѫ
70,<wb>сѧ
135,<wb>его
39,<wb>і
695,<wb>азь
396,<wb>прѣдъ
7434,<wb>оцмъ
1973,<wb>моімъ
227,<wb>іже
161,<wb>естъ
68,<wb>на
3402,<wb>нбсхъ
227,<wb>іже
2727,<wb>любітъ
633,<wb>оца
178,<wb>лі
51 933,<wb>м|трь
580,<wb>паче
364,<wb>мене
595,<wb>нѣстъ
364,<wb>мене
1710,<wb>достоінъ
3961,<wb>любѧі
633,<wb>оца
178,<wb>лі
51 511,<wb>м|тръ
580,<wb>паче
364,<wb>мене
595,<wb>нѣстъ
2231,<wb>мънѣ
1710,<wb>достоінъ
227,<wb>іже
2727,<wb>любітъ
732,<wb>сна
178,<wb>лі
4585 125,<wb>дьште|рь
580,<wb>паче
4315,<wb>мне
595,<wb>нѣстъ
364,<wb>мене
1710,<wb>достоінъ
3961,<wb>любѧі
633,<wb>оца
178,<wb>лі
39,<wb>і
227,<wb>іже
62,<wb>не
2290,<wb>прііметъ
4361,<wb>крста
524,<wb>своего
39,<wb>і
56,<wb>въ
628 188,<wb>слѣ|дь
364,<wb>мене
1578,<wb>грѧдетъ
595,<wb>нѣстъ
364,<wb>мене
1710,<wb>достоінъ
39,<wb>і
227,<wb>іже
62,<wb>не
2290,<wb>прііметъ
4361,<wb>крста
524,<wb>своего
39,<wb>і
56,<wb>въ
1465,<wb>слѣдъ
296,<wb>ме
1861,<wb>ідетъ
595,<wb>нѣстъ
364,<wb>мене
1710,<wb>достоінъ
39,<wb>і
227,<wb>іже
62,<wb>не
2290,<wb>прііметъ
4361,<wb>крста
524,<wb>своего
39,<wb>і
56,<wb>въ
1465,<wb>слѣдъ
296,<wb>ме
1861,<wb>ідетъ
595,<wb>нѣстъ
364,<wb>мене
1710,<wb>достоінъ
472 289,<wb>обрѣ|тъі
911,<wb>дшѫ
651,<wb>своѭ
1579,<wb>погоубітъ
483,<wb>ѭ
77,<wb>а
227,<wb>іже
1579,<wb>погоубітъ
911,<wb>дшѫ
651,<wb>своѭ
364,<wb>мене
368,<wb>раді
2120,<wb>обрѧштетъ
483,<wb>ѭ
472 289,<wb>обрѣ|тъі
911,<wb>дшѫ
651,<wb>своѭ
1579,<wb>погоубітъ
483,<wb>ѭ
227,<wb>іже
1579,<wb>погоубітъ
911,<wb>дшѫ
651,<wb>своѭ
364,<wb>мене
368,<wb>раді
2120,<wb>обрѧштетъ
483,<wb>ѭ
472 289,<wb>обрѣ|тъі
911,<wb>дшѫ
651,<wb>своѭ
1579,<wb>погоубітъ
483,<wb>ѭ
227,<wb>іже
1579,<wb>погоубітъ
911,<wb>дшѫ
651,<wb>своѭ
364,<wb>мене
368,<wb>раді
2120,<wb>обрѧштетъ
483,<wb>ѭ
227,<wb>іже
237,<wb>въі
1957,<wb>пріемлетъ
226,<wb>мѧ
947 132 32,<wb>пріем|ле|т
77,<wb>а
227,<wb>іже
226,<wb>мѧ
947 132 32,<wb>пріем|ле|т
947 132 32,<wb>пріем|ле|т
4077 18 6583,<wb>посла|в|шаго
226,<wb>мѧ
6075,<wb>пріемлѧі
1885 134,<wb>прр|ка
56,<wb>въ
466,<wb>імѧ
1885 83,<wb>прр|че
4209,<wb>мъздѫ
1885 784,<wb>прр|чѫ
2290,<wb>прііметъ
39,<wb>і
6075,<wb>пріемлѧі
2112 875,<wb>праведъ|ніка
56,<wb>въ
466,<wb>імѧ
2112 2017,<wb>праведъ|ніче
3923 175,<wb>мьз|дѫ
2112 60 784,<wb>праведъ|ні|чѫ
2290,<wb>прііметъ
39,<wb>і
227,<wb>іже
5354,<wb>коліждо
3056 2315,<wb>напо|ітъ
940,<wb>едіного
221,<wb>от
5529,<wb>малъіхъ
7020,<wb>сіх
2551,<wb>чашѫ
2966 139,<wb>стоуде|нъі
1402,<wb>водъі
1644,<wb>тъкмо
56,<wb>въ
466,<wb>імѧ
2333,<wb>оученіка
681,<wb>амін
284,<wb>глѭ
260,<wb>вамъ
62,<wb>не
1579,<wb>погоубітъ
3923 267,<wb>мьз|дъі
1276,<wb>своеѧ
39,<wb>і
798,<wb>бъіс
317,<wb>егда
2422,<wb>съвръші
331,<wb>ісъ
2209 24,<wb>заповѣда|ѧ
2868,<wb>обѣма
68,<wb>на
39 54,<wb>і|те
5892,<wb>оученікома
4399,<wb>прѣіде
221,<wb>от
1311 270,<wb>тѫ|доу
571 43,<wb>оучі|тъ
39,<wb>і
1111 43,<wb>проповѣда|тъ
56,<wb>въ
1565 76,<wb>градѣ|хъ
3114,<wb>іх
990,<wb>слъішавъ
1219,<wb>іоанъ
56,<wb>въ
641 320 5891,<wb>ѫ|зі|лішті
596,<wb>дѣла
631,<wb>хва
3788,<wb>посълавъ
1222,<wb>оученікъі
1060,<wb>своімі
141,<wb>рече
144,<wb>емоу
288,<wb>тъі
178,<wb>лі
313,<wb>есі
1601,<wb>грѧдъі
518,<wb>ілі
1972,<wb>іного
7883,<wb>чаемъ
579,<wb>отъвѣштавъ
331,<wb>ісъ
141,<wb>рече
210,<wb>імъ
3135,<wb>шедъше
2024 54,<wb>възвѣсті|те
4591,<wb>іоаноу
494,<wb>ѣже
2930,<wb>слъішіте
39,<wb>і
1369,<wb>відіте
4972,<wb>слѣпіі
164 3429 3,<wb>про|зіра|ѭ
3486 3305,<wb>хро|міі
6705,<wb>ходѧтъ
2073 129,<wb>глоу|сі
3868,<wb>слъішѧтъ
3752 60,<wb>прокаже|ні
5533 304,<wb>очішта|ѭтъ
70,<wb>сѧ
6835,<wb>мрътвіі
421 304,<wb>въста|ѭтъ
39,<wb>і
4003,<wb>ніштіі
2396 214 605 304,<wb>благовѣ|сть|ствоу|ѭтъ
39,<wb>і
2832,<wb>блаженъ
161,<wb>естъ
227,<wb>іже
62,<wb>не
3408 846,<wb>съблаз|нітъ
70,<wb>сѧ
47,<wb>о
437,<wb>мьнѣ
1347,<wb>тѣмь
71,<wb>же
1817 824,<wb>ісходѧ|штемъ
1194,<wb>начѧтъ
331,<wb>ісъ
1375,<wb>глаті
47,<wb>о
8016,<wb>іоанѣ
385 151 14,<wb>наро|до|м
1316,<wb>чесо
5657,<wb>ізідосте
56,<wb>въ
4557,<wb>поустъінѭ
2998,<wb>відѣтъ
5252,<wb>трьсті
178,<wb>лі
5645 55,<wb>вѣтро|мъ
1700 31 36 285,<wb>колѣ|б|л|мъі
208,<wb>нъ
1316,<wb>чесо
5657,<wb>ізідосте
2998,<wb>відѣтъ
2316,<wb>члка
178,<wb>лі
56,<wb>въ
226 569 148,<wb>мѧ|кь|къі
607 312 16,<wb>рі|зь|і
6704 4058,<wb>облъ|чена
121,<wb>се
227,<wb>іже
226 569 134 33,<wb>мѧ|кь|ка|ѣ
298 2222,<wb>но|сѧтъ
56,<wb>въ
3310 76,<wb>домо|хъ
3907 193,<wb>црі|іхъ
419,<wb>сѫтъ
208,<wb>нъ
1316,<wb>чесо
5657,<wb>ізідосте
2998,<wb>відѣтъ
1885 134,<wb>прр|ка
178,<wb>лі
561,<wb>еі
284,<wb>глѭ
260,<wb>вамъ
39,<wb>і
4012,<wb>ліше
1885 134,<wb>прр|ка
190,<wb>сь
112,<wb>бо
715,<wb>есть
47,<wb>о
2778,<wb>немьже
161,<wb>естъ
2141,<wb>пісано
121,<wb>се
695,<wb>азь
2400 500,<wb>пось|лѭ
2370,<wb>англъ
329,<wb>моі
1669,<wb>прѣдь
4360,<wb>ліцемь
1454,<wb>твоімъ
39,<wb>і
934 742,<wb>оугото|вітъ
1029,<wb>пѫть
462,<wb>твоі
396,<wb>прѣдъ
1238,<wb>тобоѭ
681,<wb>амін
284,<wb>глѭ
260,<wb>вамъ
62,<wb>не
4171,<wb>въстанетъ
56,<wb>въ
2441 1035,<wb>рожде|нъіхъ
847 123,<wb>жена|мі
3375,<wb>болеі
1443,<wb>іоана
1204 7382,<wb>кр|стлѣ
4877,<wb>мьніі
71,<wb>же
56,<wb>въ
476 2392,<wb>цр|ствѣ
1525 1853,<wb>нбс|нѣмъ
2688,<wb>боліі
135,<wb>его
161,<wb>естъ
84,<wb>отъ
713 16,<wb>дьне|і
71,<wb>же
1443,<wb>іоана
1204 7382,<wb>кр|стлѣ
156,<wb>до
1831,<wb>селѣ
2660,<wb>црство
5929,<wb>нбсное
2052 514,<wb>нѫ|дітъ
70,<wb>сѧ
39,<wb>і
2052 716 541,<wb>нѫ|ждъ|ніці
3418 6294,<wb>въсхъі|таѭтъ
50,<wb>е
1355,<wb>въсі
112,<wb>бо
6341,<wb>пррці
39,<wb>і
1384,<wb>законъ
156,<wb>до
1443,<wb>іоана
164 2463,<wb>про|рѣшѧ
39,<wb>і
201,<wb>аште
1568,<wb>хоштете
1625,<wb>пріѧті
157,<wb>тъ
161,<wb>естъ
2709,<wb>іліѣ
3591,<wb>хотѧі
1382,<wb>пріті
2865,<wb>імѣѧі
1548,<wb>оуші
1997,<wb>слъішаті
105,<wb>да
2592,<wb>слъішітъ
264,<wb>вьсѣ
588,<wb>мнѣ
444 102,<wb>прѣда|на
419,<wb>сѫтъ
4584 106,<wb>оц|мь
1973,<wb>моімъ
39,<wb>і
748,<wb>ніктоже
5736,<wb>знаетъ
732,<wb>сна
1644,<wb>тъкмо
2088,<wb>оцъ
122,<wb>ні
633,<wb>оца
523,<wb>кто
5736,<wb>знаетъ
1644,<wb>тъкмо
423,<wb>снъ
39,<wb>і
991,<wb>емоуже
240 910,<wb>во|літъ
423,<wb>снъ
3195 52,<wb>отъкръі|ті
2791,<wb>прідѣте
468,<wb>кь
588,<wb>мнѣ
1286,<wb>всі
3711 1854,<wb>троужда|ѭштеі
70,<wb>сѧ
39,<wb>і
472 1293 276,<wb>обрѣ|мене|ніі
39,<wb>і
695,<wb>азь
237,<wb>въі
1627 3,<wb>поко|ѭ
4968,<wb>вьзьмѣте
39 58,<wb>і|го
346,<wb>мое
68,<wb>на
436,<wb>себѣ
39,<wb>і
5539,<wb>наоучіте
70,<wb>сѧ
221,<wb>от
364,<wb>мене
99,<wb>ѣко
2815 569,<wb>крото|кь
568,<wb>есмъ
39,<wb>і
2155 2559,<wb>сьмѣ|ренъ
981 1699,<wb>срд|цемь
39,<wb>і
3497,<wb>обрѧштете
4358,<wb>покоі
1490 55,<wb>дша|мъ
3883,<wb>вашімъ
39 58,<wb>і|го
112,<wb>бо
346,<wb>мое
371,<wb>благо
39,<wb>і
6425,<wb>брѣмѧ
346,<wb>мое
639 1055 59,<wb>ле|гь|ко
715,<wb>есть
67,<wb>по
2412,<wb>ісѣ
674,<wb>ідѫ
1362,<wb>народі
899,<wb>мнозі
39,<wb>і
2693,<wb>іцѣлі
225,<wb>ѧ
618,<wb>вьсѧ
39,<wb>і
1600,<wb>запрѣті
210,<wb>імъ
105,<wb>да
62,<wb>не
3401,<wb>авѣ
135,<wb>его
1618,<wb>творѧтъ
105,<wb>да
4021,<wb>събѫдетъ
70,<wb>сѧ
3075,<wb>реченое
2136 389,<wb>ісаі|емъ
1885 391,<wb>прр|комъ
654 55,<wb>глѭште|мъ
121,<wb>се
3683,<wb>отрокъ
329,<wb>моі
538,<wb>егоже
7870,<wb>ізволіхъ
6224,<wb>възлюбленъі
329,<wb>моі
68,<wb>на
1602,<wb>ньже
5521 74,<wb>благоізво|лі
1490,<wb>дша
556,<wb>моѣ
3969,<wb>положѫ
768,<wb>дхъ
329,<wb>моі
68,<wb>на
1107,<wb>немъ
39,<wb>і
1066,<wb>сѫдъ
3191,<wb>ѧзъікомъ
5720,<wb>възвѣстітъ
62,<wb>не
127 937 43,<wb>прѣ|рече|тъ
122,<wb>ні
5324 255,<wb>вьзьпі|етъ
122,<wb>ні
4034,<wb>оуслъішітъ
748,<wb>ніктоже
68,<wb>на
3632 778 675,<wb>распѫ|тіі|хь
2188,<wb>гласа
135,<wb>его
5252,<wb>трьсті
190 13 191 6393,<wb>сь|к|роу|шенъі
39,<wb>і
627 94,<wb>пла|та
56 1448 158,<wb>въ|немъ|ша
70,<wb>сѧ
62,<wb>не
3059 1418,<wb>оуга|сітъ
3180,<wb>доідеже
2224 231,<wb>вьзве|детъ
68,<wb>на
5883,<wb>побѣдѫ
1066,<wb>сѫдъ
39,<wb>і
68,<wb>на
466,<wb>імѧ
135,<wb>его
2847,<wb>ѧзъіці
1754 304,<wb>оупъва|ѭтъ
227,<wb>іже
595,<wb>нѣстъ
75,<wb>съ
1558,<wb>мноѭ
68,<wb>на
226,<wb>мѧ
161,<wb>естъ
39,<wb>і
227,<wb>іже
62,<wb>не
2081 255,<wb>събіра|етъ
75,<wb>съ
4678,<wb>мьноѭ
5024 7720,<wb>раста|чаетъ
387,<wb>сего
368,<wb>раді
284,<wb>глѭ
260,<wb>вамъ
2531,<wb>всѣкъ
1772,<wb>грѣхъ
39,<wb>і
1032 66,<wb>хоу|ла
2873,<wb>отъпоустітъ
70,<wb>сѧ
345 391,<wb>чл|комъ
77,<wb>а
494,<wb>ѣже
68,<wb>на
768,<wb>дхъ
1032 66,<wb>хоу|ла
62,<wb>не
5998 32,<wb>отпоусті|т
70,<wb>сѧ
345 391,<wb>чл|комъ
39,<wb>і
227,<wb>іже
5354,<wb>коліждо
1214,<wb>речетъ
442,<wb>слово
68,<wb>на
732,<wb>сна
7425 1366,<wb>члчъ|скааго
2818 1956,<wb>отпоу|стітъ
70,<wb>сѧ
144,<wb>емоу
77,<wb>а
227,<wb>іже
1214,<wb>речетъ
68,<wb>на
768,<wb>дхъ
490,<wb>стъі
62,<wb>не
2818 1956,<wb>отпоу|стітъ
70,<wb>сѧ
144,<wb>емоу
122,<wb>ні
81,<wb>вь
190,<wb>сь
738,<wb>вѣкъ
122,<wb>ні
41,<wb>в
1142 642,<wb>грѧдѫ|штіі
178,<wb>лі
2612,<wb>сътворіте
1488,<wb>дрѣво
640,<wb>добро
39,<wb>і
1243,<wb>плодъ
135,<wb>его
6733,<wb>добръ
178,<wb>лі
2612,<wb>сътворіте
1488,<wb>дрѣво
2754,<wb>зьло
39,<wb>і
1243,<wb>плодъ
135,<wb>его
720 137,<wb>зь|лъ
221,<wb>от
1552,<wb>плода
112,<wb>бо
1488,<wb>дрѣво
1010 85,<wb>позна|но
362,<wb>бѫдетъ
3022 89 17,<wb>іштѧ|ді|а
7231 188 1661,<wb>ехі|дь|нова
376,<wb>како
2251,<wb>можете
640,<wb>добро
1375,<wb>глаті
6062,<wb>зьлі
2021,<wb>сѫште
84,<wb>отъ
6285,<wb>ізбъітъка
112,<wb>бо
981 673,<wb>срд|цоу
1106,<wb>оуста
2448,<wb>глѭтъ
6650,<wb>добръіі
1300,<wb>члкъ
221,<wb>от
1730 213,<wb>добра|аго
3397,<wb>съкровішта
5214,<wb>ізносітъ
1730 33,<wb>добра|ѣ
77,<wb>а
6003 16,<wb>зьлъі|і
5772,<wb>члкь
84,<wb>отъ
680 213,<wb>ла|аго
3397,<wb>съкровішта
5214,<wb>ізносітъ
4817 17,<wb>зьла|а
284,<wb>глѭ
71,<wb>же
260,<wb>вамъ
99,<wb>ѣко
7386,<wb>въсѣко
442,<wb>слово
4828 85,<wb>праздъ|но
295,<wb>еже
201,<wb>аште
2159,<wb>рекѫтъ
4934,<wb>члці
884 555,<wb>възда|дѧтъ
47,<wb>о
62 14,<wb>не|м
442,<wb>слово
56,<wb>въ
6826,<wb>ден
6713,<wb>сѫдънъі
84,<wb>отъ
2058,<wb>словесъ
112,<wb>бо
809,<wb>своіхъ
1652 18 2746,<wb>опра|в|діші
70,<wb>сѧ
39,<wb>і
2467,<wb>словесъі
1060,<wb>своімі
1171 2746,<wb>осѫ|діші
70,<wb>сѧ
5215,<wb>подобъно
161,<wb>естъ
2660,<wb>црство
5929,<wb>нбсное
2976,<wb>чкоу
2964 180 358,<wb>сѣа|вь|шоу
3866,<wb>доброе
2085,<wb>сѣмѧ
68,<wb>на
1831,<wb>селѣ
2245,<wb>своемъ
190 842 824,<wb>сь|пѧ|штемъ
71,<wb>же
4952,<wb>члкмъ
416,<wb>пріде
460 1055,<wb>вра|гь
135,<wb>его
39,<wb>і
913 17,<wb>въсѣ|а
4564,<wb>плѣвелъ
67,<wb>по
1549,<wb>срѣдѣ
4080 1851,<wb>пше|ніцѧ
39,<wb>і
1334,<wb>отіде
317,<wb>егда
71,<wb>же
3377 287,<wb>прозѧ|бе
6281,<wb>трѣва
39,<wb>і
1243,<wb>плодъ
261,<wb>сътворі
916,<wb>тогда
7131,<wb>ѣвішѧ
70,<wb>сѧ
39,<wb>і
3379 74,<wb>плѣве|лі
2133,<wb>прішедъше
71,<wb>же
2508,<wb>рабі
5641 102,<wb>гд|на
510,<wb>рѣшѧ
144,<wb>емоу
300,<wb>гі
62,<wb>не
3866,<wb>доброе
178,<wb>лі
2085,<wb>сѣмѧ
2964 137,<wb>сѣа|лъ
313,<wb>есі
68,<wb>на
1831,<wb>селѣ
2245,<wb>своемъ
39,<wb>і
84,<wb>отъ
3794,<wb>кѫдоу
222,<wb>оубо
584,<wb>іматъ
3379 209,<wb>плѣве|лъі
366,<wb>онъ
71,<wb>же
141,<wb>рече
210,<wb>імъ
460 1055,<wb>вра|гь
5772,<wb>члкь
176,<wb>то
261,<wb>сътворі
609,<wb>оні
71,<wb>же
510,<wb>рѣшѧ
1178,<wb>хоштеші
178,<wb>лі
105,<wb>да
3135,<wb>шедъше
160 287 1821,<wb>въз|бе|ремъ
225,<wb>ѧ
366,<wb>онъ
71,<wb>же
128 8,<wb>ре|ч
122,<wb>ні
736,<wb>еда
376,<wb>како
5027 5327,<wb>въстръ|гаѭште
3379 209,<wb>плѣве|лъі
5027 28 3759,<wb>въстръ|г|нете
190,<wb>сь
1047,<wb>німі
39,<wb>і
7206,<wb>пшеніцѫ
7123,<wb>оставіте
2199,<wb>коупно
5633,<wb>расті
7579,<wb>обое
156,<wb>до
1218 3278,<wb>жѧ|твъі
39,<wb>і
56,<wb>въ
783,<wb>врѣмѧ
6719,<wb>жѧтвѣ
1189,<wb>рекѫ
1218 1955 3023,<wb>жѧ|телѣ|немь
3135,<wb>шедъше
168 287 1584,<wb>із|бе|рѣте
536,<wb>прѣжде
3379 209,<wb>плѣве|лъі
39,<wb>і
3228 7861,<wb>съвѧ|жате
225,<wb>ѧ
56,<wb>въ
1612 1657,<wb>сно|пъі
99,<wb>ѣко
4303 166,<wb>съже|шті
225,<wb>ѧ
77,<wb>а
7206,<wb>пшеніцѫ
6872,<wb>съберѣте
56,<wb>въ
5924,<wb>жітьніцѫ
813,<wb>моѭ
662 2192 82,<wb>прістѫ|плъ|ше
71,<wb>же
559,<wb>оученіці
135,<wb>его
510,<wb>рѣшѧ
144,<wb>емоу
300,<wb>гі
6279,<wb>съкажі
489,<wb>намъ
5378 784,<wb>пріт|чѫ
4564,<wb>плѣвелъ
6416 668,<wb>селъ|нъііхъ
5264,<wb>отвѣштавъ
71,<wb>же
459,<wb>гь
141,<wb>рече
210,<wb>імъ
913 17 219,<wb>въсѣ|а|въі
3866,<wb>доброе
2085,<wb>сѣмѧ
161,<wb>естъ
423,<wb>снъ
2314,<wb>члчь
77,<wb>а
2610,<wb>село
161,<wb>естъ
1285,<wb>весь
688,<wb>міръ
3866,<wb>доброе
71,<wb>же
2085,<wb>сѣмѧ
747,<wb>сіі
419,<wb>сѫтъ
3010,<wb>снве
4670,<wb>црствіѣ
77,<wb>а
3379 74,<wb>плѣве|лі
419,<wb>сѫтъ
3010,<wb>снве
3436 60,<wb>непріѣзні|ні
77,<wb>а
460 1055,<wb>вра|гь
7908 219,<wb>вьсѣа|въі
225,<wb>ѧ
161,<wb>естъ
7213 137,<wb>діаво|лъ
77,<wb>а
4016,<wb>жѧтва
2050 266 200,<wb>кон|ча|ніе
1500,<wb>вѣка
161,<wb>естъ
77,<wb>а
1218 1955 126,<wb>жѧ|телѣ|не
4637,<wb>англі
419,<wb>сѫтъ
308,<wb>ѣкоже
222,<wb>оубо
3379 74,<wb>плѣве|лі
6567,<wb>събіраѭтъ
70,<wb>сѧ
39,<wb>і
3388,<wb>огнемъ
75 278 5638,<wb>съ|жа|гаѭтъ
70,<wb>сѧ
311,<wb>тако
362,<wb>бѫдетъ
39,<wb>і
56,<wb>въ
190 980 200,<wb>сь|коньча|ніе
1500,<wb>вѣка
387,<wb>сего
2400 598,<wb>пось|летъ
459,<wb>гь
4753,<wb>англъі
599,<wb>своѧ
39,<wb>і
190 287 3308,<wb>сь|бе|рѫтъ
221,<wb>от
3035,<wb>конець
1485,<wb>землѧ
3337,<wb>въсѧ
3408 139,<wb>съблаз|нъі
39,<wb>і
5626,<wb>творѧштѧѧ
5553,<wb>безаконіе
39,<wb>і
2577 540 32,<wb>въвръ|гѫ|т
225,<wb>ѧ
56,<wb>въ
4347,<wb>пешть
894 179,<wb>огнь|нѫ
390,<wb>тоу
4651,<wb>бѫдет
3526,<wb>плачь
39,<wb>і
1460 1226,<wb>скръ|жетъ
3876,<wb>зѫбомъ
916,<wb>тогда
1685 276,<wb>праведь|ніі
6810 591 32,<wb>просвь|тѧ|т
70,<wb>сѧ
99,<wb>ѣко
1320 5937,<wb>слъ|нце
56,<wb>въ
8017,<wb>црстві
633,<wb>оца
2865,<wb>імѣѧі
1548,<wb>оуші
1997,<wb>слъішаті
105,<wb>да
2592,<wb>слъішітъ
3976,<wb>подобьно
161,<wb>естъ
2660,<wb>црство
5929,<wb>нбсное
2976,<wb>чкоу
1361 673,<wb>коуп|цоу
4971 324,<wb>іштѫ|штоу
6733,<wb>добръ
453 199 101,<wb>бі|се|ръ
227,<wb>іже
1501,<wb>обрѣтъ
940,<wb>едіного
6000 98 102,<wb>многоцѣ|нъ|на
453 173 61,<wb>бі|съ|ра
1291,<wb>шедъ
1541 97,<wb>прода|стъ
960,<wb>въсе
295,<wb>еже
1865,<wb>імѣаше
39,<wb>і
4065,<wb>коупі
39,<wb>і
39,<wb>і
404,<wb>пакъі
3976,<wb>подобьно
161,<wb>естъ
2660,<wb>црство
5929,<wb>нбсное
6672 270,<wb>нево|доу
6277,<wb>въвръженоу
56,<wb>въ
1478,<wb>море
39,<wb>і
221,<wb>от
4045,<wb>въсего
2009,<wb>рода
3581 1033,<wb>събьра|въшоу
227,<wb>іже
317,<wb>егда
1564,<wb>ісплъні
70,<wb>сѧ
168 3639 569 82,<wb>із|влъ|кь|ше
39,<wb>і
68,<wb>на
762 196,<wb>соу|хо
39,<wb>і
7855,<wb>сѣдъше
3942 110,<wb>ізбьра|шѧ
5870,<wb>добръіѧ
56,<wb>въ
40 623 267,<wb>с|сѫ|дъі
77,<wb>а
6003 24,<wb>зьлъі|ѧ
168 322 540,<wb>із|връ|гѫ
2420,<wb>вонъ
130,<wb>гла
210,<wb>імъ
331,<wb>ісъ
3276,<wb>разоумѣете
178,<wb>лі
913,<wb>въсѣ
159,<wb>сі
1489,<wb>глашѧ
144,<wb>емоу
561,<wb>еі
300,<wb>гі
331,<wb>ісъ
71,<wb>же
141,<wb>рече
210,<wb>імъ
387,<wb>сего
368,<wb>раді
572 569,<wb>всѣ|кь
3771 2586,<wb>кьніжь|нікь
993 229,<wb>наоу|чь
70,<wb>сѧ
476 605,<wb>цр|ствоу
1525 2151,<wb>нбс|ноумоу
5223,<wb>подобенъ
161,<wb>естъ
3593,<wb>члкоу
7388 670,<wb>домові|тоу
227,<wb>іже
5214,<wb>ізносітъ
221,<wb>от
3397,<wb>съкровішта
524,<wb>своего
5902 17,<wb>нова|а
39,<wb>і
7217 17,<wb>ветъха|а
39,<wb>і
798,<wb>бъіс
317,<wb>егда
6912,<wb>съконча
331,<wb>ісъ
5378 784,<wb>пріт|чѫ
1732,<wb>сіѭ
4399,<wb>прѣіде
221,<wb>от
7945,<wb>тѫдѣ
39,<wb>і
872,<wb>прішедъ
56,<wb>въ
221 229 830,<wb>от|чь|ствіе
357,<wb>свое
3031,<wb>оучааше
225,<wb>ѧ
68,<wb>на
4083 805,<wb>сьньмі|штііхъ
299,<wb>іхъ
1686,<wb>ішедъ
331,<wb>ісъ
248,<wb>відѣ
956,<wb>народъ
39,<wb>і
3936 5332 1212,<wb>мл|ср|дова
47,<wb>о
562,<wb>ніхъ
39,<wb>і
2693,<wb>іцѣлі
5780,<wb>недѫжьнъіѧ
3114,<wb>іх
2730,<wb>поздѣ
71,<wb>же
1252,<wb>бъівъшоу
2558,<wb>прістѫпішѧ
150,<wb>къ
398,<wb>немоу
559,<wb>оученіці
135,<wb>его
1440,<wb>глште
3147,<wb>поусто
161,<wb>естъ
707,<wb>мѣсто
39,<wb>і
1638,<wb>годіна
3925,<wb>мінѫ
1303,<wb>юже
1127,<wb>отъпоусті
2455,<wb>народъі
105,<wb>да
3135,<wb>шедъше
56,<wb>въ
5711 3302,<wb>бліжь|нѧѧ
3382,<wb>градъі
7851,<wb>коупѧтъ
6684,<wb>брашъна
436,<wb>себѣ
331,<wb>ісъ
71,<wb>же
141,<wb>рече
210,<wb>імъ
62,<wb>не
5540,<wb>трѣбоуѭтъ
4954,<wb>отіті
2079,<wb>дадіте
3381,<wb>ім
237,<wb>въі
1324,<wb>ѣсті
609,<wb>оні
71,<wb>же
1489,<wb>глашѧ
144,<wb>емоу
62,<wb>не
1126,<wb>імамъ
3409,<wb>съде
4615,<wb>тъкьмо
53,<wb>д
831,<wb>хлѣбъ
39,<wb>і
3469,<wb>двѣ
4814,<wb>ръібѣ
366,<wb>онъ
71,<wb>же
141,<wb>рече
3670,<wb>прінесѣте
225,<wb>ѧ
2323,<wb>сѣмо
39,<wb>і
449,<wb>повелѣ
1961,<wb>народомъ
4629 166,<wb>възле|шті
68,<wb>на
912 87,<wb>трѣ|вѣ
39,<wb>і
1729,<wb>пріемъ
53,<wb>д
831,<wb>хлѣбъ
39,<wb>і
1764,<wb>дьвѣ
4814,<wb>ръібѣ
39,<wb>і
2880,<wb>възьрѣвъ
68,<wb>на
2140,<wb>нбо
1036 111,<wb>бл|ві
39,<wb>і
127 93 14 137,<wb>прѣ|ло|м|лъ
520,<wb>дастъ
286 7057,<wb>оучені|ком
559,<wb>оученіці
71,<wb>же
1961,<wb>народомъ
39,<wb>і
4645,<wb>ѣшѧ
481,<wb>вьсі
39,<wb>і
4121,<wb>насъітішѧ
70,<wb>сѧ
39,<wb>і
5766,<wb>възѧшѧ
6841,<wb>ізбъітъкъі
3704,<wb>оукроухъ
1764,<wb>дьвѣ
68,<wb>на
811,<wb>десѧте
184 272 541,<wb>ко|шь|ніці
927 98,<wb>ісплъ|нъ
3425 1522,<wb>ѣдъ|шііхъ
71,<wb>же
165,<wb>бѣ
1186,<wb>мѫжь
99,<wb>ѣко
1313,<wb>пѧть
6031,<wb>тъісѫштъ
2118,<wb>развѣ
6346,<wb>женъ
39,<wb>і
6057,<wb>дѣтіі
39,<wb>і
600,<wb>абіе
7048,<wb>оубѣді
331,<wb>ісъ
1222,<wb>оученікъі
56 4056,<wb>въ|лѣсті
56,<wb>въ
1938,<wb>корабь
39,<wb>і
7849,<wb>варіті
39,<wb>і
68,<wb>на
47 687,<wb>о|номъ
1550,<wb>полоу
1315,<wb>доньдеже
2818 1956,<wb>отпоу|стітъ
2455,<wb>народъі
7048,<wb>оубѣді
331,<wb>ісъ
1222,<wb>оученікъі
599,<wb>своѧ
56 4056,<wb>въ|лѣсті
56,<wb>въ
1938,<wb>корабь
39,<wb>і
7849,<wb>варіті
39,<wb>і
68,<wb>на
47 687,<wb>о|номъ
1550,<wb>полоу
1315,<wb>доньдеже
2818 1956,<wb>отпоу|стітъ
2455,<wb>народъі
4540,<wb>възіде
68,<wb>на
1735,<wb>горѫ
438,<wb>едінъ
5272,<wb>помолітъ
70,<wb>сѧ
2730,<wb>поздѣ
71,<wb>же
1252,<wb>бъівъшоу
438 98,<wb>едінъ|нъ
165,<wb>бѣ
390,<wb>тоу
7313,<wb>корабъ
71,<wb>же
165,<wb>бѣ
67,<wb>по
1549,<wb>срѣдѣ
3107,<wb>морѣ
4265 24,<wb>въла|ѧ
70,<wb>сѧ
1651 2808,<wb>влъ|намі
165,<wb>бѣ
112,<wb>бо
958 3918,<wb>проті|венъ
3125,<wb>вѣтръ
56,<wb>въ
3301 5865,<wb>четвръ|тѫѭ
71,<wb>же
5070,<wb>стражѫ
1516,<wb>ношті
452,<wb>іде
150,<wb>къ
528,<wb>німъ
331,<wb>ісъ
1553,<wb>ходѧ
67,<wb>по
3227,<wb>морю
39,<wb>і
1137,<wb>відѣвъше
39,<wb>і
559,<wb>оученіці
6047,<wb>ходѧшта
67,<wb>по
3227,<wb>морю
2291 110,<wb>съмѧ|шѧ
70,<wb>сѧ
1440,<wb>глште
99,<wb>ѣко
90 3613 19 61 138,<wb>прі|прі|з|ра|къ
161,<wb>естъ
39,<wb>і
84,<wb>отъ
2609,<wb>страха
4784 110,<wb>възьпі|шѧ
39,<wb>і
600,<wb>абіе
141,<wb>рече
210,<wb>імъ
331,<wb>ісъ
441,<wb>глѧ
7212,<wb>дръзаіте
62,<wb>не
3139,<wb>боіте
70,<wb>сѧ
290,<wb>азъ
568,<wb>есмъ
5264,<wb>отвѣштавъ
71,<wb>же
818,<wb>петръ
141,<wb>рече
144,<wb>емоу
300,<wb>гі
201,<wb>аште
288,<wb>тъі
313,<wb>есі
3136,<wb>повелі
195,<wb>мі
1382,<wb>пріті
468,<wb>кь
356,<wb>тебѣ
67,<wb>по
1933 55,<wb>вода|мъ
366,<wb>онъ
71,<wb>же
141,<wb>рече
2870,<wb>пріді
39,<wb>і
75 6851,<wb>съ|лѣзь
107,<wb>іс
3703,<wb>кораблѣ
818,<wb>петръ
3347,<wb>хождааше
68,<wb>на
4984,<wb>водахъ
39,<wb>і
416,<wb>пріде
468,<wb>кь
1073,<wb>ісоу
649,<wb>відѣвъ
71,<wb>же
3125,<wb>вѣтръ
2028 138,<wb>крѣпо|къ
1576,<wb>оубоѣ
70,<wb>сѧ
39,<wb>і
5609,<wb>наченъ
73 94 3250,<wb>оу|та|паті
5324,<wb>вьзьпі
441,<wb>глѧ
300,<wb>гі
5697,<wb>спсі
226,<wb>мѧ
600,<wb>абіе
71,<wb>же
331,<wb>ісъ
5242,<wb>простеръ
1085,<wb>рѫкѫ
3489 16,<wb>ѧтъ|і
441,<wb>глѧ
5864 174,<wb>маловѣ|ре
67,<wb>по
526,<wb>чьто
70,<wb>сѧ
7395 55 118,<wb>оусѫ|мъ|нѣ
39,<wb>і
56 6851 4196,<wb>въ|лѣзь|шема
268,<wb>іма
56,<wb>въ
1938,<wb>корабь
1925,<wb>прѣста
3125,<wb>вѣтръ
2723,<wb>сѫшті
71,<wb>же
56,<wb>въ
3441,<wb>корабі
2133,<wb>прішедъше
4995,<wb>поклонішѧ
70,<wb>сѧ
1440,<wb>глште
56,<wb>въ
843,<wb>істінѫ
423,<wb>снъ
776,<wb>бжіі
313,<wb>есі
39,<wb>і
6001 432 340,<wb>прѣѣ|ха|въше
955,<wb>прідѫ
56,<wb>въ
1403,<wb>землѭ
7352 174 133 1339,<wb>геніса|ре|ть|скѫ
5330 906,<wb>прізь|вавъ
331,<wb>ісъ
1222,<wb>оученікъі
599,<wb>своѧ
141,<wb>рече
3936 5332 5296,<wb>мл|ср|доуѭ
47,<wb>о
4948,<wb>народѣ
99,<wb>ѣко
1019,<wb>оуже
1188,<wb>трі
752,<wb>дьні
5200 555,<wb>прісѣ|дѧтъ
437,<wb>мьнѣ
39,<wb>і
62,<wb>не
1177,<wb>імѫтъ
1316,<wb>чесо
1324,<wb>ѣсті
39,<wb>і
7832,<wb>отъпоустіті
299,<wb>іхъ
62,<wb>не
1799,<wb>хоштѫ
62,<wb>не
78 151 352,<wb>ѣ|до|шъ
105,<wb>да
62,<wb>не
376,<wb>како
6930 304,<wb>ослабѣ|ѭтъ
68,<wb>на
895,<wb>пѫті
39,<wb>і
1489,<wb>глашѧ
144,<wb>емоу
559,<wb>оученіці
84,<wb>отъ
3794,<wb>кѫдоу
853 6760,<wb>възь|мемъ
68,<wb>на
558 492,<wb>поу|стѣ
1122,<wb>мѣстѣ
2287,<wb>хлѣбъі
4947,<wb>насъітіті
2454,<wb>толіко
1674,<wb>народа
130,<wb>гла
210,<wb>імъ
331,<wb>ісъ
1924,<wb>коліко
8038,<wb>хлѣбь
1048,<wb>імате
609,<wb>оні
71,<wb>же
510,<wb>рѣшѧ
1646 55,<wb>сед|мъ
39,<wb>і
998,<wb>мало
1213 197 363,<wb>ръі|бі|ць
39,<wb>і
449,<wb>повелѣ
1961,<wb>народомъ
4629 166,<wb>възле|шті
68,<wb>на
1100,<wb>землі
39,<wb>і
1729,<wb>пріемъ
831,<wb>хлѣбъ
39,<wb>і
7817,<wb>ръібѫ
1643,<wb>хвалѫ
4222,<wb>въздавъ
4579,<wb>прѣломі
39,<wb>і
520,<wb>дастъ
936,<wb>оученікомъ
725,<wb>своімъ
77,<wb>а
559,<wb>оученіці
1961,<wb>народомъ
39,<wb>і
4645,<wb>ѣшѧ
1355,<wb>въсі
39,<wb>і
4121,<wb>насъітішѧ
70,<wb>сѧ
39,<wb>і
5766,<wb>възѧшѧ
6841,<wb>ізбъітъкъі
3704,<wb>оукроухъ
2461,<wb>седмь
184 7697 363,<wb>ко|шьні|ць
3446,<wb>ісплънь
39,<wb>і
3425 1522,<wb>ѣдъ|шііхъ
71,<wb>же
165,<wb>бѣ
4589,<wb>грі
7718,<wb>тъісѫштѧ
1186,<wb>мѫжь
2118,<wb>развѣ
6346,<wb>женъ
39,<wb>і
6598 16,<wb>дѣте|і
39,<wb>і
657 604,<wb>отъпоу|штъ
2455,<wb>народъі
56 2544,<wb>въ|лѣзе
56,<wb>въ
7313,<wb>корабъ
39,<wb>і
416,<wb>пріде
56,<wb>въ
4344,<wb>прѣдѣлъі
2522 74 98 344,<wb>магда|лі|нъ|скъі
872,<wb>прішедъ
331,<wb>ісъ
56,<wb>въ
2132,<wb>странѫ
6676,<wb>кесаріѧ
1670 169 219,<wb>філі|по|въі
2840,<wb>въпрашааше
1222,<wb>оученікъі
599,<wb>своѧ
441,<wb>глѧ
1483,<wb>кого
284,<wb>глѭ
226,<wb>мѧ
4934,<wb>члці
503,<wb>бъіті
732,<wb>сна
2314 1366,<wb>члчь|скааго
609,<wb>оні
71,<wb>же
510,<wb>рѣшѧ
1953,<wb>ові
1443,<wb>іоана
1204 7382,<wb>кр|стлѣ
1944,<wb>іні
71,<wb>же
4945,<wb>іліѭ
1818,<wb>дроузі
71,<wb>же
2394 123 3,<wb>іере|мі|ѭ
178,<wb>лі
940,<wb>едіного
84,<wb>отъ
4644,<wb>прркъ
130,<wb>гла
210,<wb>імъ
331,<wb>ісъ
237,<wb>въі
71,<wb>же
1483,<wb>кого
2261,<wb>глете
226,<wb>мѧ
503,<wb>бъіті
579,<wb>отъвѣштавъ
71,<wb>же
1839,<wb>сімонъ
818,<wb>петръ
141,<wb>рече
288,<wb>тъі
313,<wb>есі
930,<wb>хъ
423,<wb>снъ
422,<wb>ба
5198,<wb>жівааго
39,<wb>і
5264,<wb>отвѣштавъ
331,<wb>ісъ
141,<wb>рече
144,<wb>емоу
2832,<wb>блаженъ
313,<wb>есі
3273,<wb>сімоне
152 2505 102,<wb>ва|ріо|на
99,<wb>ѣко
1247 43,<wb>плъ|тъ
39,<wb>і
2414,<wb>кръвь
62,<wb>не
1757,<wb>аві
614,<wb>тебе
208,<wb>нъ
749,<wb>оць
329,<wb>моі
227,<wb>іже
161,<wb>естъ
68,<wb>на
6089,<wb>нбсехъ
39,<wb>і
695,<wb>азь
71,<wb>же
356,<wb>тебѣ
284,<wb>глѭ
99,<wb>ѣко
288,<wb>тъі
313,<wb>есі
818,<wb>петръ
39,<wb>і
68,<wb>на
2686,<wb>семъ
360 1294,<wb>пе|трѣ
7203,<wb>съзіждѫ
7348,<wb>црковь
813,<wb>моѭ
39,<wb>і
1947,<wb>врата
6261,<wb>адова
62,<wb>не
1913 31 7201,<wb>оудо|б|лѣѭтъ
561,<wb>еі
39,<wb>і
3361,<wb>дамъ
356,<wb>тебѣ
3685 380,<wb>клю|чѧ
4670,<wb>црствіѣ
5052 482,<wb>нбсъ|нааго
39,<wb>і
295,<wb>еже
3228 4224,<wb>съвѧ|жеші
68,<wb>на
734,<wb>земі
362,<wb>бѫдетъ
1421 85,<wb>съвѧза|но
68,<wb>на
6417 76,<wb>небс|хъ
39,<wb>і
295,<wb>еже
201,<wb>аште
4232 116,<wb>раздрѣші|ші
68,<wb>на
734,<wb>земі
362,<wb>бѫдетъ
2514 7341,<wb>раздрѣ|шено
68,<wb>на
3402,<wb>нбсхъ
3021,<wb>поѧтъ
331,<wb>ісъ
2094,<wb>петра
39,<wb>і
2829,<wb>іѣкова
1443,<wb>іоана
2830,<wb>брата
144,<wb>емоу
39,<wb>і
5473,<wb>възведе
225,<wb>ѧ
68,<wb>на
1735,<wb>горѫ
7105,<wb>въісокѫ
3922,<wb>едінъі
39,<wb>і
7962 320,<wb>прѣобра|зі
70,<wb>сѧ
396,<wb>прѣдъ
1047,<wb>німі
39,<wb>і
677 92 319,<wb>прос|въ|тѣ
70,<wb>сѧ
822,<wb>ліце
135,<wb>его
699,<wb>акъі
1320 5937,<wb>слъ|нце
77,<wb>а
1290,<wb>різъі
135,<wb>его
821,<wb>бъішѧ
165 209,<wb>бѣ|лъі
3353,<wb>ако
3618 1055,<wb>снѣ|гь
39,<wb>і
121,<wb>се
1173 242,<wb>ѣві|сте
70,<wb>сѧ
210,<wb>імъ
329 1481,<wb>моі|сіі
39,<wb>і
2709,<wb>іліѣ
190,<wb>сь
528,<wb>німъ
6480,<wb>глшта
579,<wb>отъвѣштавъ
71,<wb>же
818,<wb>петръ
141,<wb>рече
1449,<wb>ісві
300,<wb>гі
640,<wb>добро
161,<wb>естъ
489,<wb>намъ
978,<wb>сьде
503,<wb>бъіті
201,<wb>аште
1178,<wb>хоштеші
105,<wb>да
2093,<wb>сътворімъ
978,<wb>сьде
1188,<wb>трі
888 219,<wb>кро|въі
356,<wb>тебѣ
438,<wb>едінъ
39,<wb>і
329 1481,<wb>моі|сіі
438,<wb>едінъ
39,<wb>і
5286,<wb>іліі
438,<wb>едінъ
2280 83,<wb>едіна|че
71,<wb>же
144,<wb>емоу
189 324,<wb>гл|штоу
121,<wb>се
832 569,<wb>обла|кь
469 3851,<wb>свѣ|телъ
47 4379,<wb>о|сіѣ
225,<wb>ѧ
39,<wb>і
121,<wb>се
3452,<wb>глас
3317,<wb>ізь
7824,<wb>облака
441,<wb>глѧ
190,<wb>сь
161,<wb>естъ
423,<wb>снъ
329,<wb>моі
3339 401,<wb>възлюбле|нъіі
485,<wb>того
4004,<wb>послоушаіте
39,<wb>і
1434,<wb>слъішавъше
559,<wb>оученіці
4867,<wb>падѫ
122 215,<wb>ні|ці
39,<wb>і
3253,<wb>оубоѣшѧ
70,<wb>сѧ
760,<wb>зѣло
39,<wb>і
662 2192,<wb>прістѫ|плъ
331,<wb>ісъ
2185,<wb>прікоснѫ
70,<wb>сѧ
3114,<wb>іх
39,<wb>і
141,<wb>рече
5850,<wb>въстанѣте
62,<wb>не
3139,<wb>боіте
70,<wb>сѧ
1380 4227,<wb>възве|дъше
71,<wb>же
531,<wb>очі
424,<wb>своі
3271,<wb>нікогоже
62,<wb>не
1279,<wb>відѣшѧ
4615,<wb>тъкьмо
566,<wb>іса
940,<wb>едіного
39,<wb>і
2871 824,<wb>съходѧ|штемъ
210,<wb>імъ
75,<wb>съ
1792,<wb>горъі
2209,<wb>заповѣда
210,<wb>імъ
331,<wb>ісъ
441,<wb>глѧ
1769,<wb>нікомоуже
62,<wb>не
7823,<wb>повѣдіте
248 297,<wb>відѣ|ніѣ
1315,<wb>доньдеже
423,<wb>снъ
3317,<wb>ізь
2986,<wb>мрътвъііхъ
7940 2793,<wb>въскр|снетъ
985,<wb>чкъ
1432,<wb>етеръ
1158,<wb>прістѫпі
468,<wb>кь
1073,<wb>ісоу
2083 24,<wb>кланѣ|ѧ
70,<wb>сѧ
144,<wb>емоу
39,<wb>і
441,<wb>глѧ
300,<wb>гі
1797,<wb>помілоуі
732,<wb>сна
563,<wb>моего
99,<wb>ѣко
68,<wb>на
3872,<wb>новъі
353 532,<wb>мѣ|цѧ
992 274 2649,<wb>бѣсъ|ноу|ет
70,<wb>сѧ
39,<wb>і
2343,<wb>зьлѣ
348 5287,<wb>стра|ждетъ
246 5505,<wb>мно|жіцеѭ
112,<wb>бо
3765 2649,<wb>пада|ет
68,<wb>на
894,<wb>огнь
39,<wb>і
1022 166,<wb>многа|шті
56,<wb>въ
1905,<wb>водѫ
39,<wb>і
2822 23,<wb>прівѣ|с
39,<wb>і
468,<wb>кь
936,<wb>оученікомъ
1454,<wb>твоімъ
39,<wb>і
62,<wb>не
41 19 172 2086,<wb>в|з|мо|гошѧ
1004 1527,<wb>іцѣ|літі
39,<wb>і
5264,<wb>отвѣштавъ
71,<wb>же
331,<wb>ісъ
141,<wb>рече
47,<wb>о
7821,<wb>роде
1153 2559,<wb>невѣ|ренъ
39,<wb>і
4414 3511,<wb>развра|штенъ
156,<wb>до
1700,<wb>колѣ
56,<wb>въ
544,<wb>васъ
1387,<wb>бѫдѫ
156,<wb>до
1700,<wb>колѣ
1026 6383,<wb>тръ|плѭ
237,<wb>въі
6880,<wb>пріведѣте
195,<wb>мі
39,<wb>і
2323,<wb>сѣмо
39,<wb>і
1600,<wb>запрѣті
144,<wb>емоу
331,<wb>ісъ
39,<wb>і
820,<wb>ізіде
168,<wb>із
513,<wb>него
992,<wb>бѣсъ
39,<wb>і
2572,<wb>іцѣлѣ
3683,<wb>отрокъ
2318,<wb>томъ
6673,<wb>часѣ
916,<wb>тогда
3445,<wb>прістѫпьше
559,<wb>оученіці
150,<wb>къ
107 1082,<wb>іс|соу
2293,<wb>едіномоу
510,<wb>рѣшѧ
67,<wb>по
526,<wb>чьто
478,<wb>мъі
62,<wb>не
1117 58 454,<wb>възмо|го|хомъ
4427 52,<wb>ізгьна|ті
135,<wb>его
331,<wb>ісъ
71,<wb>же
141,<wb>рече
210,<wb>імъ
171,<wb>за
5276 372,<wb>невѣръ|ство
709,<wb>ваше
681,<wb>амін
284,<wb>глѭ
260,<wb>вамъ
201,<wb>аште
1048,<wb>імате
827,<wb>вѣрѫ
699,<wb>акъі
7612,<wb>зръно
7859 272 85,<wb>гороу|шь|но
5269,<wb>речете
2077,<wb>горѣ
2994,<wb>сеі
1168 89,<wb>прѣі|ді
84,<wb>отъ
6015,<wb>сѫдѣ
2285,<wb>тамо
39,<wb>і
127 841 231,<wb>прѣ|іі|детъ
39,<wb>і
4148,<wb>нічьтоже
62,<wb>не
6377,<wb>възможьно
362,<wb>бѫдетъ
260,<wb>вамъ
190,<wb>сь
71,<wb>же
1441,<wb>родъ
62,<wb>не
5516 32,<wb>ісході|т
4615,<wb>тъкьмо
3936 4545,<wb>мл|твоѭ
39,<wb>і
67 2335,<wb>по|стомъ
1345 824,<wb>жівѫ|штемъ
71,<wb>же
210,<wb>імъ
56,<wb>въ
1703,<wb>галілеі
141,<wb>рече
210,<wb>імъ
331,<wb>ісъ
3270,<wb>прѣданъ
584,<wb>іматъ
503,<wb>бъіті
423,<wb>снъ
2314,<wb>члчь
56,<wb>въ
825,<wb>рѫцѣ
4952,<wb>члкмъ
39,<wb>і
766 3 289,<wb>оубі|ѭ|тъі
39,<wb>і
39,<wb>і
2301,<wb>третіі
6826,<wb>ден
41 23 6002 23 126 32,<wb>в|с|кр|с|не|т
2558,<wb>прістѫпішѧ
947 36 1854,<wb>пріем|л|ѭштеі
428 519 28 143,<wb>ді|дра|г|ма
150,<wb>къ
2826,<wb>петрові
39,<wb>і
510,<wb>рѣшѧ
1899,<wb>оучітель
2685,<wb>вашь
62,<wb>не
4740,<wb>даетъ
178,<wb>лі
428 519 1055 143,<wb>ді|дра|гь|ма
141,<wb>рече
561,<wb>еі
39,<wb>і
317,<wb>егда
4126,<wb>вънідѫ
56,<wb>въ
729,<wb>домъ
2862,<wb>варі
39,<wb>і
331,<wb>ісъ
441,<wb>глѧ
526,<wb>чьто
323,<wb>ті
70,<wb>сѧ
3030,<wb>мьнітъ
3273,<wb>сімоне
6509,<wb>цре
1063 276,<wb>земь|ніі
84,<wb>отъ
1570 193,<wb>къі|іхъ
947 1349,<wb>пріем|лѧтъ
105 60,<wb>да|ні
178,<wb>лі
3230 85 23,<wb>кі|но|с
84,<wb>отъ
809,<wb>своіхъ
178,<wb>лі
4989,<wb>сновъ
178,<wb>лі
221,<wb>от
5504 193,<wb>тоужді|іхъ
141,<wb>рече
144,<wb>емоу
818,<wb>петръ
84,<wb>отъ
5504 193,<wb>тоужді|іхъ
141,<wb>рече
144,<wb>емоу
331,<wb>ісъ
222,<wb>оубо
1848 113,<wb>свобо|дъ
419,<wb>сѫтъ
3010,<wb>снве
208,<wb>нъ
105,<wb>да
62,<wb>не
4746 55,<wb>съблазні|мъ
3114,<wb>іх
1291,<wb>шедъ
56,<wb>въ
1478,<wb>море
2577 320,<wb>въвръ|зі
641 89 676,<wb>ѫ|ді|цѫ
39,<wb>і
1447,<wb>ѭже
537 116,<wb>іме|ші
536,<wb>прѣжде
7817,<wb>ръібѫ
4498,<wb>възьмі
483,<wb>ѭ
39,<wb>і
1150 312,<wb>отвръ|зь
1106,<wb>оуста
561,<wb>еі
6255,<wb>обрѧштеші
4531 125,<wb>статі|рь
617,<wb>ть
6827,<wb>възем
1844,<wb>даждъ
210,<wb>імъ
171,<wb>за
226,<wb>мѧ
39,<wb>і
171,<wb>за
70,<wb>сѧ
39,<wb>і
81,<wb>вь
157,<wb>тъ
1396,<wb>часъ
2558,<wb>прістѫпішѧ
559,<wb>оученіці
150,<wb>къ
1073,<wb>ісоу
654,<wb>глѭште
523,<wb>кто
222,<wb>оубо
2688,<wb>боліі
161,<wb>естъ
56,<wb>въ
8017,<wb>црстві
1525 3784 55,<wb>нбс|нѣа|мъ
39,<wb>і
5330 906,<wb>прізь|вавъ
331,<wb>ісъ
1852,<wb>отрочѧ
39,<wb>і
1774 3639,<wb>поста|влъ
67,<wb>по
1549,<wb>срѣдѣ
299,<wb>іхъ
141,<wb>рече
681,<wb>амін
681,<wb>амін
284,<wb>глѭ
2532,<wb>вам
201,<wb>аште
62,<wb>не
7816,<wb>обратіте
70,<wb>сѧ
39,<wb>і
1215,<wb>бѫдете
99,<wb>ѣко
39,<wb>і
1907,<wb>дѣті
62,<wb>не
1048,<wb>імате
2756,<wb>въніті
56,<wb>въ
2660,<wb>црство
6417 465,<wb>небс|ное
227,<wb>іже
112,<wb>бо
70,<wb>сѧ
5705,<wb>съмѣрітъ
99,<wb>ѣко
39,<wb>і
1852,<wb>отрочѧ
121,<wb>се
157,<wb>тъ
161,<wb>естъ
2688,<wb>боліі
56,<wb>въ
7260,<wb>црствіі
1525 55,<wb>нбс|мъ
2869,<wb>блюдѣте
39,<wb>і
62,<wb>не
62 117 440,<wb>не|ро|діте
47,<wb>о
6671,<wb>едіномъ
84,<wb>отъ
2351 16 9,<wb>малъі|і|х
745,<wb>сіхъ
284,<wb>глѭ
112,<wb>бо
260,<wb>вамъ
99,<wb>ѣко
122,<wb>ні
4637,<wb>англі
299,<wb>іхъ
68,<wb>на
6089,<wb>нбсехъ
2244,<wb>въінѫ
2034,<wb>відѧтъ
822,<wb>ліце
633,<wb>оца
563,<wb>моего
227,<wb>іже
161,<wb>естъ
68,<wb>на
6089,<wb>нбсехъ
416,<wb>пріде
112,<wb>бо
7575,<wb>снь
2314,<wb>члчь
4516 43,<wb>възіска|тъ
39,<wb>і
5845,<wb>спстъ
1083 280 1592 9,<wb>погъі|бь|шіі|х
526,<wb>чьто
71,<wb>же
70,<wb>сѧ
260,<wb>вамъ
3030,<wb>мьнітъ
201,<wb>аште
362,<wb>бѫдетъ
73,<wb>оу
4403,<wb>етера
2316,<wb>члка
80,<wb>р
7192 363,<wb>ове|ць
39,<wb>і
4818 514,<wb>заблѫ|дітъ
814,<wb>едіно
221,<wb>от
562,<wb>ніхъ
62,<wb>не
3424,<wb>оставітъ
178,<wb>лі
4938,<wb>девѧті
612 32,<wb>десѧ|т
39,<wb>і
6812,<wb>девѧтъ
68,<wb>на
5502,<wb>горахъ
39,<wb>і
1291,<wb>шедъ
3238,<wb>іштетъ
4818 716 1318,<wb>заблѫ|ждъ|шааго
39,<wb>і
201,<wb>аште
2120,<wb>обрѧштетъ
70,<wb>сѧ
2099,<wb>амінъ
681,<wb>амін
284,<wb>глѭ
260,<wb>вамъ
99,<wb>ѣко
6356,<wb>радоуетъ
70,<wb>сѧ
47,<wb>о
1079,<wb>неі
580,<wb>паче
5676,<wb>нежелі
47,<wb>о
4938,<wb>девѧті
1761,<wb>десѧтъ
39,<wb>і
4938,<wb>девѧті
62,<wb>не
4818 716 1522,<wb>заблѫ|ждъ|шііхъ
311,<wb>тако
595,<wb>нѣстъ
3285,<wb>волѣ
396,<wb>прѣдъ
7434,<wb>оцмъ
3883,<wb>вашімъ
1525 897,<wb>нбс|нъіімъ
105,<wb>да
3946,<wb>погъібнетъ
438,<wb>едінъ
84,<wb>отъ
2351 16 9,<wb>малъі|і|х
745,<wb>сіхъ
201,<wb>аште
71,<wb>же
5747,<wb>съгрѣшітъ
2745,<wb>братръ
462,<wb>твоі
1030,<wb>іді
39,<wb>і
4334,<wb>облічі
39,<wb>і
1891,<wb>междоу
1391,<wb>собоѭ
39,<wb>і
1347,<wb>тѣмь
4966,<wb>едінѣмъ
39,<wb>і
201,<wb>аште
614,<wb>тебе
664 2649,<wb>послоуша|ет
6080 116,<wb>пріобрѧште|ші
2830,<wb>брата
524,<wb>своего
201,<wb>аште
178,<wb>лі
614,<wb>тебе
62,<wb>не
5342,<wb>послоушаетъ
404,<wb>пакъі
67 1422,<wb>по|імі
75,<wb>съ
1391,<wb>собоѭ
940,<wb>едіного
178,<wb>лі
3760,<wb>дьва
105,<wb>да
56,<wb>въ
73 492 9,<wb>оу|стѣ|х
271 2731,<wb>дь|вою
178,<wb>лі
721 16,<wb>тре|і
898,<wb>съвѣдѣтель
5523,<wb>станетъ
2531,<wb>всѣкъ
2993,<wb>глъ
201,<wb>аште
71,<wb>же
62,<wb>не
5342,<wb>послоушаетъ
3114,<wb>іх
1900,<wb>рьці
2796,<wb>цркві
201,<wb>аште
71,<wb>же
39,<wb>і
47,<wb>о
2796,<wb>цркві
62 117 943,<wb>не|ро|діті
56 229 733,<wb>въ|чь|нетъ
105,<wb>да
362,<wb>бѫдетъ
323,<wb>ті
99,<wb>ѣко
39,<wb>і
691 229 409,<wb>ѧзъі|чь|нікъ
39,<wb>і
4758,<wb>мъітарь
681,<wb>амін
284,<wb>глѭ
260,<wb>вамъ
808,<wb>еліко
201,<wb>аште
3228 15 54,<wb>съвѧ|ж|те
68,<wb>на
734,<wb>земі
362,<wb>бѫдетъ
1421 85,<wb>съвѧза|но
68,<wb>на
3402,<wb>нбсхъ
39,<wb>і
808,<wb>еліко
201,<wb>аште
4232 54,<wb>раздрѣші|те
68,<wb>на
734,<wb>земі
362,<wb>бѫдетъ
2514 7341,<wb>раздрѣ|шено
68,<wb>на
3402,<wb>нбсхъ
404,<wb>пакъі
2099,<wb>амінъ
284,<wb>глѭ
260,<wb>вамъ
99,<wb>ѣко
201,<wb>аште
971,<wb>дъва
84,<wb>отъ
544,<wb>васъ
3484 661,<wb>съвѣшта|ете
68,<wb>на
734,<wb>земі
47,<wb>о
7386,<wb>въсѣко
39,<wb>і
5501,<wb>вешті
4683,<wb>еѧже
5354,<wb>коліждо
2677,<wb>просіте
362,<wb>бѫдетъ
268,<wb>іма
84,<wb>отъ
633,<wb>оца
563,<wb>моего
227,<wb>іже
161,<wb>естъ
68,<wb>на
1525 9,<wb>нбс|х
773,<wb>ідеже
112,<wb>бо
939,<wb>есте
3760,<wb>дьва
178,<wb>лі
1188 11,<wb>трі|е
1622 60,<wb>събъра|ні
56,<wb>въ
466,<wb>імѧ
346,<wb>мое
390,<wb>тоу
568,<wb>есмъ
67,<wb>по
1549,<wb>срѣдѣ
299,<wb>іхъ
4960,<wb>оуподобі
70,<wb>сѧ
2660,<wb>црство
5929,<wb>нбсное
3593,<wb>члкоу
3475,<wb>црю
227,<wb>іже
2608,<wb>въсхотѣ
2738 52,<wb>сътѧза|ті
70,<wb>сѧ
47,<wb>о
1866,<wb>словесі
75,<wb>съ
1833,<wb>рабъі
1060,<wb>своімі
5609 358,<wb>наченъ|шоу
71,<wb>же
144,<wb>емоу
2738 52,<wb>сътѧза|ті
70,<wb>сѧ
47,<wb>о
1866,<wb>словесі
4048,<wb>прівѣсѧ
144,<wb>емоу
3633 409,<wb>длъжь|нікъ
438,<wb>едінъ
4738,<wb>длъженъ
157 172 3,<wb>тъ|мо|ѭ
2708,<wb>талантъ
62,<wb>не
4941,<wb>імѫштоу
71,<wb>же
144,<wb>емоу
1316,<wb>чесо
7059,<wb>въздаті
449,<wb>повелѣ
459,<wb>гь
135,<wb>его
105,<wb>да
1541 555 16,<wb>прода|дѧтъ|і
39,<wb>і
1433,<wb>женѫ
135,<wb>его
39,<wb>і
1830,<wb>чѧда
39,<wb>і
960,<wb>въсе
808,<wb>еліко
1865,<wb>імѣаше
39,<wb>і
84 1393,<wb>отъ|даті
39,<wb>і
2618,<wb>падъ
71,<wb>же
222,<wb>оубо
1379 43,<wb>рабо|тъ
2083 177,<wb>кланѣ|аше
70,<wb>сѧ
441,<wb>глѧ
300,<wb>гі
7810,<wb>потръпі
68,<wb>на
2231,<wb>мънѣ
39,<wb>і
960,<wb>въсе
323,<wb>ті
5842,<wb>въздамъ
5032 5639,<wb>мілосръ|довавъ
71,<wb>же
459,<wb>гь
1322,<wb>раба
485,<wb>того
2365,<wb>поусті
39,<wb>і
39,<wb>і
7190,<wb>длъгъ
1127,<wb>отъпоусті
144,<wb>емоу
1686,<wb>ішедъ
71,<wb>же
1379 32,<wb>рабо|т
1128,<wb>обрѣте
940,<wb>едіного
221,<wb>от
4420 43,<wb>клеврѣ|тъ
809,<wb>своіхъ
227,<wb>іже
165,<wb>бѣ
4738,<wb>длъженъ
144,<wb>емоу
75 1471,<wb>съ|томъ
6423,<wb>пѣнѧзь
39,<wb>і
2648,<wb>емъ
39,<wb>і
105 597 177,<wb>да|влѣ|аше
441,<wb>глѧ
1844,<wb>даждъ
195,<wb>мі
2523,<wb>імъже
195,<wb>мі
313,<wb>есі
4738,<wb>длъженъ
2618,<wb>падъ
71,<wb>же
4420,<wb>клеврѣ
176 43,<wb>то|тъ
1895,<wb>молѣаше
39,<wb>і
441,<wb>глѧ
7810,<wb>потръпі
68,<wb>на
437,<wb>мьнѣ
39,<wb>і
429,<wb>вьсе
323,<wb>ті
262 86 14,<wb>вьз|да|м
366,<wb>онъ
71,<wb>же
62,<wb>не
1414,<wb>хотѣаше
208,<wb>нъ
220 113,<wb>ве|дъ
39,<wb>і
7921,<wb>въсаді
39,<wb>і
56,<wb>въ
238 55 849,<wb>те|мъ|ніцѫ
1315,<wb>доньдеже
4456,<wb>въдастъ
144,<wb>емоу
7190,<wb>длъгъ
1285,<wb>весь
1137,<wb>відѣвъше
71,<wb>же
4420 52,<wb>клеврѣ|ті
7205,<wb>бъівъшаа
75 278 2427,<wb>съ|жа|лішѧ
159,<wb>сі
760,<wb>зѣло
39,<wb>і
2133,<wb>прішедъше
1360 110,<wb>съказа|шѧ
5641 274,<wb>гд|ноу
1397,<wb>своемоу
913,<wb>въсѣ
7205,<wb>бъівъшаа
916,<wb>тогда
2032,<wb>прізъвавъ
39,<wb>і
2502,<wb>гнъ
135,<wb>его
130,<wb>гла
144,<wb>емоу
3029,<wb>рабе
1660 648,<wb>лѫка|въіі
1285,<wb>весь
1350 1055,<wb>длъ|гь
462,<wb>твоі
1127 76,<wb>отъпоусті|хъ
356,<wb>тебѣ
1003 126 48,<wb>поне|не|же
7809,<wb>оумолі
226,<wb>мѧ
62,<wb>не
3328,<wb>подобааше
178,<wb>лі
39,<wb>і
356,<wb>тебѣ
3316 36 667,<wb>пом|л|ваті
4420 94,<wb>клеврѣ|та
697,<wb>твоего
99,<wb>ѣко
39,<wb>і
290,<wb>азъ
374,<wb>тѧ
3316 36 103 9,<wb>пом|л|ва|х
39,<wb>і
2992 906,<wb>прогнѣ|вавъ
70,<wb>сѧ
459,<wb>гь
135,<wb>его
444 400,<wb>прѣда|стъі
1267 7291,<wb>мѫчі|телемъ
1315,<wb>доньдеже
4456,<wb>въдастъ
1350 1055,<wb>длъ|гь
1285,<wb>весь
311,<wb>тако
39,<wb>і
2088,<wb>оцъ
329,<wb>моі
1525 139,<wb>нбс|нъі
1675,<wb>сътворітъ
260,<wb>вамъ
201,<wb>аште
62,<wb>не
1949 661,<wb>отъпоушта|ете
184 2809,<wb>ко|жьдо
4707,<wb>братоу
1397,<wb>своемоу
84,<wb>отъ
981 363,<wb>срд|ць
1739,<wb>вашіхъ
8028 2464,<wb>прѣгрѣ|шеніѣ
299,<wb>іхъ
2558,<wb>прістѫпішѧ
1325,<wb>фарісеі
468,<wb>кь
1449,<wb>ісві
6099,<wb>іскоушаѭште
39,<wb>і
39,<wb>і
1440,<wb>глште
201,<wb>аште
1862,<wb>достоітъ
2976,<wb>чкоу
4458,<wb>поустіті
1433,<wb>женѫ
651,<wb>своѭ
67,<wb>по
7386 16,<wb>въсѣко|і
167 118,<wb>ві|нѣ
366,<wb>онъ
71,<wb>же
5264,<wb>отвѣштавъ
141,<wb>рече
210,<wb>імъ
3006,<wb>нѣсте
178,<wb>лі
4936,<wb>чьлі
1770,<wb>ніколіже
99,<wb>ѣко
232 2965,<wb>сътво|реі
550 37 3812,<wb>ісп|п|рьва
7304 854,<wb>мѫже|скъ
1736,<wb>полъ
39,<wb>і
71 126 854,<wb>же|не|скъ
2431,<wb>сътворілъ
78,<wb>ѣ
50 69,<wb>е|ст
39,<wb>і
141,<wb>рече
387,<wb>сего
368,<wb>раді
3424,<wb>оставітъ
985,<wb>чкъ
633,<wb>оца
39,<wb>і
51 511,<wb>м|тръ
39,<wb>і
5959 2292,<wb>прілѣ|пітъ
70,<wb>сѧ
2607,<wb>женѣ
424,<wb>своі
39,<wb>і
1215,<wb>бѫдете
740,<wb>оба
56,<wb>въ
1247 43,<wb>плъ|тъ
1986,<wb>едінѫ
1894 48,<wb>тѣмъ|же
1303,<wb>юже
3006,<wb>нѣсте
971,<wb>дъва
208,<wb>нъ
2280,<wb>едіна
2518,<wb>плъть
295,<wb>еже
443,<wb>бъ
7808 94,<wb>съче|та
1300,<wb>члкъ
105,<wb>да
62,<wb>не
3774 7720,<wb>разлѫ|чаетъ
1489,<wb>глашѧ
144,<wb>емоу
526,<wb>чьто
222,<wb>оубо
6058,<wb>мосіі
2209,<wb>заповѣда
1288,<wb>даті
3802,<wb>кьнігъі
702 463 7936,<wb>рас|поу|стънъіѧ
39,<wb>і
7832,<wb>отъпоустіті
483,<wb>ѭ
130,<wb>гла
210,<wb>імъ
331,<wb>ісъ
99,<wb>ѣко
6058,<wb>мосіі
67,<wb>по
3311 6828 5936,<wb>жесто|сръ|дію
3471,<wb>вашемоу
449,<wb>повелѣ
260,<wb>вамъ
4458,<wb>поустіті
1881,<wb>женъі
2429,<wb>вашѧ
4547,<wb>іспръва
71,<wb>же
62,<wb>не
798,<wb>бъіс
311,<wb>тако
284,<wb>глѭ
71,<wb>же
260,<wb>вамъ
99,<wb>ѣко
227,<wb>іже
201,<wb>аште
7460,<wb>поустітъ
1433,<wb>женѫ
651,<wb>своѭ
2118,<wb>развѣ
1159,<wb>словесе
6263 102,<wb>прѣлюбодѣі|на
1057,<wb>творітъ
483,<wb>ѭ
3248,<wb>прѣлюбъі
1234,<wb>творіті
39,<wb>і
71 375 16,<wb>же|нѧ|і
70,<wb>сѧ
826 205 58 3,<wb>подъ|бѣ|го|ѭ
3248,<wb>прѣлюбъі
1057,<wb>творітъ
1489,<wb>глашѧ
144,<wb>емоу
559,<wb>оученіці
135,<wb>его
201,<wb>аште
7648,<wb>така
161,<wb>естъ
2567,<wb>віна
75,<wb>съ
4935,<wb>женоѭ
2976,<wb>чкоу
7427,<wb>оунѣе
161,<wb>естъ
62,<wb>не
71 1507,<wb>же|ніті
70,<wb>сѧ
366,<wb>онъ
71,<wb>же
141,<wb>рече
210,<wb>імъ
62,<wb>не
481,<wb>вьсі
3535 1577 32,<wb>въмѣ|стѧ|т
1159,<wb>словесе
485,<wb>того
208,<wb>нъ
2523,<wb>імъже
2837,<wb>дано
161,<wb>естъ
419,<wb>сѫтъ
112,<wb>бо
332 48 541,<wb>ка|же|ніці
858,<wb>ѧже
953 320 110,<wb>іска|зі|шѧ
4934,<wb>члці
39,<wb>і
419,<wb>сѫтъ
332 48 541,<wb>ка|же|ніці
227,<wb>іже
39,<wb>і
3848,<wb>чрѣва
51 32 21 118,<wb>м|т|р|нѣ
790 110,<wb>роді|шѧ
70,<wb>сѧ
311,<wb>тако
39,<wb>і
419,<wb>сѫтъ
332 48 541,<wb>ка|же|ніці
227,<wb>іже
953 320 110,<wb>іска|зі|шѧ
1680,<wb>самі
4670,<wb>црствіѣ
368,<wb>раді
6417 482,<wb>небс|нааго
4933 16,<wb>могъі|і
3535 3640,<wb>въмѣ|штаті
105,<wb>да
3535 1956,<wb>въмѣ|стітъ
6819,<wb>юноша
1432,<wb>етеръ
1158,<wb>прістѫпі
150,<wb>къ
1449,<wb>ісві
1499,<wb>молѧ
39,<wb>і
39,<wb>і
441,<wb>глѧ
1302,<wb>оучітелю
1521,<wb>благъі
526,<wb>чьто
371,<wb>благо
2543,<wb>сътворѭ
105,<wb>да
1126,<wb>імамъ
920,<wb>жівотъ
4175,<wb>вѣчьнъіі
366,<wb>онъ
71,<wb>же
141,<wb>рече
144,<wb>емоу
526,<wb>чьто
226,<wb>мѧ
1594,<wb>глеші
2206,<wb>блага
748,<wb>ніктоже
239 1055,<wb>бла|гь
4615,<wb>тъкьмо
443,<wb>бъ
438,<wb>едінъ
201,<wb>аште
178,<wb>лі
1178,<wb>хоштеші
56,<wb>въ
920,<wb>жівотъ
4175,<wb>вѣчьнъіі
2756,<wb>въніті
1617 89,<wb>съблю|ді
1326,<wb>заповѣді
130,<wb>гла
144,<wb>емоу
5056,<wb>къіѧ
331,<wb>ісъ
71,<wb>же
141,<wb>рече
144,<wb>емоу
295,<wb>еже
62,<wb>не
3776 116,<wb>оубіе|ші
62,<wb>не
2016 280,<wb>прѣлю|бь
3612,<wb>сътворіші
62,<wb>не
1809 3294,<wb>оукра|деші
6389,<wb>чьті
633,<wb>оца
39,<wb>і
1152 21,<wb>мате|р
39,<wb>і
7286,<wb>възлюбіші
5493 2148,<wb>іскръ|нѣаго
524,<wb>своего
3353,<wb>ако
39,<wb>і
645,<wb>самъ
70,<wb>сѧ
130,<wb>гла
144,<wb>емоу
6819,<wb>юноша
572,<wb>всѣ
159,<wb>сі
3766 9,<wb>съхрані|х
221,<wb>от
3846,<wb>юності
1239,<wb>моеѧ
1316,<wb>чесо
568,<wb>есмъ
836,<wb>еште
62,<wb>не
2650 7387 137,<wb>доко|нъча|лъ
39,<wb>і
141,<wb>рече
144,<wb>емоу
331,<wb>ісъ
201,<wb>аште
1178,<wb>хоштеші
6333,<wb>съвръшенъ
503,<wb>бъіті
1030,<wb>іді
39,<wb>і
1541 716,<wb>прода|ждъ
3194,<wb>імѣніе
347,<wb>твое
39,<wb>і
1844,<wb>даждъ
4736,<wb>ніштіімъ
39,<wb>і
1877,<wb>імѣті
1287,<wb>імаші
4573,<wb>съкровіште
68,<wb>на
3402,<wb>нбсхъ
39,<wb>і
2870,<wb>пріді
56,<wb>въ
1465,<wb>слѣдъ
364,<wb>мене
990,<wb>слъішавъ
71,<wb>же
6819,<wb>юноша
442,<wb>слово
121,<wb>се
1334,<wb>отіде
5015,<wb>скръбѧ
165,<wb>бѣ
112,<wb>бо
3181,<wb>імѣѧ
6770 297,<wb>сътѧжа|ніѣ
3544,<wb>мънога
331,<wb>ісъ
71,<wb>же
141,<wb>рече
936,<wb>оученікомъ
725,<wb>своімъ
681,<wb>амін
284,<wb>глѭ
2532,<wb>вам
99,<wb>ѣко
62,<wb>не
4432,<wb>оудобь
3878,<wb>вьнідетъ
1969,<wb>богатъ
56,<wb>въ
2660,<wb>црство
582 349 465,<wb>нб|сь|ное
404,<wb>пакъі
284,<wb>глѭ
260,<wb>вамъ
99,<wb>ѣко
4131,<wb>оудобѣе
161,<wb>естъ
6901,<wb>вельбѫдоу
5212,<wb>скозѣ
1548,<wb>оуші
39 1055 74 118,<wb>і|гь|лі|нѣ
6442,<wb>проіті
5676,<wb>нежелі
4932,<wb>богатоу
56,<wb>въ
3366,<wb>црствіе
1165,<wb>бжіе
2756,<wb>въніті
1434,<wb>слъішавъше
71,<wb>же
559,<wb>оученіці
2922,<wb>дівлѣахѫ
70,<wb>сѧ
760,<wb>зѣло
1440,<wb>глште
523,<wb>кто
222,<wb>оубо
819,<wb>можетъ
2903 98,<wb>спсе|нъ
503,<wb>бъіті
39,<wb>і
2880,<wb>възьрѣвъ
331,<wb>ісъ
141,<wb>рече
210,<wb>імъ
221,<wb>от
985,<wb>чкъ
6840 172 15 102,<wb>невъз|мо|ж|на
77,<wb>а
221,<wb>от
422,<wb>ба
572,<wb>всѣ
7403,<wb>възможьна
419,<wb>сѫтъ
5264,<wb>отвѣштавъ
71,<wb>же
818,<wb>петръ
141,<wb>рече
144,<wb>емоу
300,<wb>гі
121,<wb>се
478,<wb>мъі
646 454,<wb>оставі|хомъ
572,<wb>всѣ
39,<wb>і
56,<wb>въ
1465,<wb>слѣдъ
614,<wb>тебе
5700 14,<wb>ідо|м
394,<wb>что
222,<wb>оубо
362,<wb>бѫдетъ
489,<wb>намъ
331,<wb>ісъ
71,<wb>же
141,<wb>рече
210,<wb>імъ
681,<wb>амін
681,<wb>амін
284,<wb>глѭ
260,<wb>вамъ
99,<wb>ѣко
237 412 3229,<wb>въі|шедъ|шеі
67,<wb>по
437,<wb>мьнѣ
56,<wb>въ
404,<wb>пакъі
503 16,<wb>бъіті|і
317,<wb>егда
70 79,<wb>сѧ|де
423,<wb>снъ
2314,<wb>члчь
68,<wb>на
6033,<wb>прѣстолѣ
1966,<wb>славъі
1276,<wb>своеѧ
70 3088,<wb>сѧ|дете
39,<wb>і
237,<wb>въі
68,<wb>на
4112,<wb>двою
68,<wb>на
811,<wb>десѧте
1653 228,<wb>прѣсто|лоу
202 4490,<wb>сѫ|дѧште
2868,<wb>обѣма
68,<wb>на
811,<wb>десѧте
6665,<wb>колѣнома
168 36 63 143,<wb>із|л|во|ма
39,<wb>і
264 569,<wb>вьсѣ|кь
227,<wb>іже
3424,<wb>оставітъ
4370,<wb>братіѭ
178,<wb>лі
4384,<wb>сестръі
178,<wb>лі
633,<wb>оца
178,<wb>лі
2764,<wb>матерь
178,<wb>лі
1433,<wb>женѫ
178,<wb>лі
1907,<wb>дѣті
178,<wb>лі
2990,<wb>села
39,<wb>і
6823,<wb>храмінъі
976,<wb>імене
563,<wb>моего
368,<wb>раді
2989 2901,<wb>съто|ріцеѭ
2290,<wb>прііметъ
39,<wb>і
603 32,<wb>жіво|т
4175,<wb>вѣчьнъіі
2576 514,<wb>наслѣ|дітъ
899,<wb>мнозі
71,<wb>же
969,<wb>бѫдѫтъ
5189,<wb>пръвіі
3142,<wb>послѣдьніі
39,<wb>і
902 34 276,<wb>послѣ|д|ніі
5189,<wb>пръвіі
3976,<wb>подобьно
161,<wb>естъ
2660,<wb>црство
5929,<wb>нбсное
3593,<wb>члкоу
7388 670,<wb>домові|тоу
227,<wb>іже
820,<wb>ізіде
620 461 85,<wb>коу|пъ|но
7588,<wb>оутро
68 194,<wb>на|ѧтъ
596 3851,<wb>дѣла|телъ
56,<wb>въ
3293,<wb>віноградъ
424,<wb>своі
4999 92,<wb>сьвѣшта|въ
71,<wb>же
75,<wb>съ
596 54 209,<wb>дѣла|те|лъі
67,<wb>по
7882,<wb>пѣнѧзоу
68,<wb>на
869,<wb>день
3319,<wb>посьла
225,<wb>ѧ
56,<wb>въ
3293,<wb>віноградъ
424,<wb>своі
39,<wb>і
1686,<wb>ішедъ
56,<wb>въ
721 1227,<wb>тре|тіѭ
3576,<wb>годінѫ
248,<wb>відѣ
2331,<wb>інъі
68,<wb>на
5000 166,<wb>тръжі|шті
7803,<wb>стоѧштѧ
4828 139,<wb>праздъ|нъі
39,<wb>і
1347,<wb>тѣмь
141,<wb>рече
1976,<wb>ідѣте
56,<wb>въ
1692 188,<wb>віногра|дь
329,<wb>моі
39,<wb>і
295,<wb>еже
362,<wb>бѫдетъ
3999,<wb>правъда
3361,<wb>дамъ
260,<wb>вамъ
609,<wb>оні
71,<wb>же
674,<wb>ідѫ
404,<wb>пакъі
71,<wb>же
1686,<wb>ішедъ
56,<wb>въ
1340 425 3,<wb>ше|стѫ|ѭ
39,<wb>і
56,<wb>въ
2519 5865,<wb>девѧ|тѫѭ
3576,<wb>годінѫ
2579,<wb>сьтворі
964,<wb>такожде
56,<wb>въ
249 602,<wb>еді|нѫѭ
71,<wb>же
68,<wb>на
811,<wb>десѧте
3576,<wb>годінѫ
1686,<wb>ішедъ
1128,<wb>обрѣте
5188,<wb>дроугъіѧ
7803,<wb>стоѧштѧ
39,<wb>і
130,<wb>гла
210,<wb>імъ
526,<wb>чьто
577 410,<wb>сто|іте
978,<wb>сьде
1285,<wb>весь
6826,<wb>ден
4828 60,<wb>праздъ|ні
39,<wb>і
1489,<wb>глашѧ
144,<wb>емоу
99,<wb>ѣко
748,<wb>ніктоже
62,<wb>не
68 194,<wb>на|ѧтъ
759,<wb>насъ
39,<wb>і
130,<wb>гла
210,<wb>імъ
1976,<wb>ідѣте
39,<wb>і
237,<wb>въі
56,<wb>въ
3293,<wb>віноградъ
329,<wb>моі
39,<wb>і
295,<wb>еже
362,<wb>бѫдетъ
4215 86,<wb>прав|да
6395 206 54,<wb>въспріі|ме|те
5187,<wb>вечероу
71,<wb>же
6094,<wb>бъівшоу
130,<wb>гла
5641 119,<wb>гд|нь
3666,<wb>вінограда
468,<wb>кь
2305 92 1935,<wb>пріста|въ|нікоу
1397,<wb>своемоу
3845 111,<wb>прізо|ві
6307,<wb>дѣлателѧ
39,<wb>і
2926,<wb>даждь
210,<wb>імъ
4209,<wb>мъздѫ
5609,<wb>наченъ
84,<wb>отъ
1257 1698,<wb>послѣдь|ніхъ
156,<wb>до
638 2739,<wb>пръ|въііхъ
872 1592,<wb>прішедъ|шіі
71,<wb>же
56,<wb>въ
1986,<wb>едінѫ
68,<wb>на
811,<wb>десѧте
3576,<wb>годінѫ
4551,<wb>пріѧсѧ
67,<wb>по
7882,<wb>пѣнѧзоу
39,<wb>і
1782 188 3229,<wb>пріше|дь|шеі
2941,<wb>пръвѣе
2231 216,<wb>мънѣ|ахѫ
70,<wb>сѧ
4734,<wb>вѧште
1625,<wb>пріѧті
39,<wb>і
4551,<wb>пріѧсѧ
39,<wb>і
323,<wb>ті
67,<wb>по
7882,<wb>пѣнѧзоу
39,<wb>і
7802,<wb>пріемъше
2526 37 3167,<wb>ръ|п|таахѫ
68,<wb>на
65 23 37 34 102,<wb>г|с|п|д|на
1440,<wb>глште
99,<wb>ѣко
747,<wb>сіі
6830 276,<wb>послѣдъ|ніі
438,<wb>едінъ
1396,<wb>часъ
1513,<wb>сътворішѧ
39,<wb>і
120 92 139,<wb>ра|въ|нъі
225,<wb>ѧ
489,<wb>намъ
2431,<wb>сътворілъ
313,<wb>есі
1003 173 2217,<wb>поне|съ|шіімъ
7968 495,<wb>тѧго|тѫ
713,<wb>дьне
39,<wb>і
152 101,<wb>ва|ръ
366,<wb>онъ
71,<wb>же
5264,<wb>отвѣштавъ
141,<wb>рече
150,<wb>къ
2293,<wb>едіномоу
299,<wb>іхъ
4848,<wb>дроуже
62,<wb>не
909 622,<wb>обі|ждѫ
614,<wb>тебе
62,<wb>не
67,<wb>по
7882,<wb>пѣнѧзоу
178,<wb>лі
3484 76,<wb>съвѣшта|хъ
75,<wb>съ
1238,<wb>тобоѭ
5503,<wb>вьзьмі
357,<wb>свое
39,<wb>і
1030,<wb>іді
1799,<wb>хоштѫ
71,<wb>же
39,<wb>і
1135,<wb>семоу
6830 6502,<wb>послѣдъ|нюмоу
1288,<wb>даті
99,<wb>ѣко
39,<wb>і
356,<wb>тебѣ
518,<wb>ілі
595,<wb>нѣстъ
195,<wb>мі
6562,<wb>лѣть
1064,<wb>сътворіті
295,<wb>еже
1799,<wb>хоштѫ
56,<wb>въ
809,<wb>своіхъ
195,<wb>мі
201,<wb>аште
1998,<wb>око
347,<wb>твое
6349,<wb>лѫкаво
161,<wb>естъ
208,<wb>нъ
695,<wb>азь
239 1055,<wb>бла|гь
1147,<wb>есмь
311,<wb>тако
969,<wb>бѫдѫтъ
6830 276,<wb>послѣдъ|ніі
5189,<wb>пръвіі
39,<wb>і
5189,<wb>пръвіі
3142,<wb>послѣдьніі
899,<wb>мнозі
112,<wb>бо
419,<wb>сѫтъ
4071 60,<wb>зьва|ні
998,<wb>мало
71,<wb>же
6412 7412,<wb>ізбра|нъііх
7339,<wb>ісходѧштоу
1073,<wb>ісоу
221,<wb>от
5784 196 102,<wb>ері|хо|на
67,<wb>по
1107,<wb>немъ
674,<wb>ідѫ
1362,<wb>народі
5069,<wb>мьнозі
39,<wb>і
121,<wb>се
971,<wb>дъва
3783 218,<wb>слѣпь|ца
3599,<wb>сѣдѧшта
68,<wb>на
895,<wb>пѫті
379 816,<wb>слъіша|въша
99,<wb>ѣко
331,<wb>ісъ
1250 196 89 32,<wb>мімо|хо|ді|т
4784 242,<wb>възьпі|сте
6480,<wb>глшта
1797,<wb>помілоуі
336,<wb>нъі
300,<wb>гі
2405,<wb>сноу
53 4813,<wb>д|двъ
956,<wb>народъ
71,<wb>же
5043,<wb>прѣштааше
268,<wb>іма
105,<wb>да
3926 185 94,<wb>оумлъ|чі|та
1254,<wb>она
71,<wb>же
580,<wb>паче
1914 33 17 242,<wb>въпі|ѣ|а|сте
6480,<wb>глшта
1797,<wb>помілоуі
336,<wb>нъі
3631,<wb>сне
53 4813,<wb>д|двъ
39,<wb>і
3695,<wb>ставъ
331,<wb>ісъ
5420,<wb>прігласі
78,<wb>ѣ
39,<wb>і
141,<wb>рече
526,<wb>чьто
7959,<wb>хоштета
105,<wb>да
2543,<wb>сътворѭ
2674,<wb>вама
5899,<wb>гласте
144,<wb>емоу
300,<wb>гі
105,<wb>да
1150 19 661,<wb>отвръ|з|ете
70,<wb>сѧ
531,<wb>очі
3376,<wb>наю
3936 6828 5639,<wb>мл|сръ|довавъ
71,<wb>же
78,<wb>ѣ
107,<wb>іс
2185,<wb>прікоснѫ
70,<wb>сѧ
3843,<wb>очію
268,<wb>іма
39,<wb>і
600,<wb>абіе
3421 242,<wb>прозьрѣ|сте
39,<wb>і
67,<wb>по
1107,<wb>немъ
4391,<wb>ідете
317,<wb>егда
1477,<wb>прібліжі
70,<wb>сѧ
331,<wb>ісъ
56,<wb>въ
3647 1095,<wb>ер|лмъ
416,<wb>пріде
167 32 2355 6197,<wb>ві|т|ѳа|гіѭ
468,<wb>кь
2077,<wb>горѣ
5050 10 492,<wb>елео|н|стѣ
916,<wb>тогда
331,<wb>ісъ
456,<wb>посъла
2417,<wb>два
2333,<wb>оученіка
441,<wb>глѧ
268,<wb>іма
4537,<wb>ідѣта
56,<wb>въ
1285,<wb>весь
494,<wb>ѣже
161,<wb>естъ
4166,<wb>прѣмо
2674,<wb>вама
39,<wb>і
1292 94,<wb>обрѧште|та
4919,<wb>осьлѧ
4601 85,<wb>прівѧза|но
39,<wb>і
3701,<wb>жрѣбѧ
190,<wb>сь
528,<wb>німъ
39,<wb>і
2354 2 158,<wb>отрѣ|ш|ша
1114 4040,<wb>пріве|дѣта
195,<wb>мі
39,<wb>і
201,<wb>аште
1214,<wb>речетъ
4440,<wb>кьто
2674,<wb>вама
526,<wb>чьто
6618,<wb>рьцѣта
99,<wb>ѣко
459,<wb>гь
5192,<wb>трѣбоуетъ
2080,<wb>ею
39,<wb>і
600,<wb>абіе
2400 598,<wb>пось|летъ
78,<wb>ѣ
121,<wb>се
71,<wb>же
988,<wb>все
798,<wb>бъіс
105,<wb>да
190 610 231,<wb>сь|бѫ|детъ
70,<wb>сѧ
3075,<wb>реченое
7628,<wb>прркмъ
8034,<wb>глштемъ
3487,<wb>рьцѣте
4585 95,<wb>дьште|рі
1927 85 87,<wb>сіо|но|вѣ
121,<wb>се
774,<wb>црь
462,<wb>твоі
1578,<wb>грѧдетъ
356,<wb>тебѣ
2815 138,<wb>крото|къ
39,<wb>і
7180,<wb>вьсѣдъ
68,<wb>на
4919,<wb>осьлѧ
39,<wb>і
3701,<wb>жрѣбѧ
732,<wb>сна
78 1821 60 266,<wb>ѣ|ремъ|ні|ча
1291 158,<wb>шедъ|ша
71,<wb>же
2333,<wb>оученіка
39,<wb>і
232 21 158,<wb>сътво|р|ша
308,<wb>ѣкоже
449,<wb>повелѣ
268,<wb>іма
331,<wb>ісъ
7435,<wb>прівѣсте
4919,<wb>осьлѧ
39,<wb>і
3701,<wb>жрѣбѧ
39,<wb>і
3574,<wb>възложішѧ
3573,<wb>връхоу
1290,<wb>різъі
599,<wb>своѧ
39,<wb>і
913 79,<wb>въсѣ|де
3573,<wb>връхоу
299,<wb>іхъ
4716 116,<wb>множаі|ші
71,<wb>же
1362,<wb>народі
67 214 66 110,<wb>по|сть|ла|шѧ
1300,<wb>члкъ
1432,<wb>етеръ
165,<wb>бѣ
3310 742,<wb>домо|вітъ
227,<wb>іже
4690,<wb>насаді
3293,<wb>віноградъ
39,<wb>і
47 3894 1471,<wb>о|пло|томъ
39,<wb>і
5916 89,<wb>огра|ді
39,<wb>і
6240,<wb>іскопа
56,<wb>въ
62 14,<wb>не|м
176 185 93,<wb>то|чі|ло
39,<wb>і
448 7402,<wb>со|зьда
3674 433,<wb>стлъ|пь
39,<wb>і
2353 400,<wb>въда|стъі
4754,<wb>дѣлателемъ
39,<wb>і
1334,<wb>отіде
1300,<wb>члкъ
731 21,<wb>ете|р
165,<wb>бѣ
7388 32,<wb>домові|т
317,<wb>егда
71,<wb>же
416,<wb>пріде
783,<wb>врѣмѧ
656 868,<wb>пло|домъ
456,<wb>посъла
1833,<wb>рабъі
599,<wb>своѧ
468,<wb>кь
4754,<wb>дѣлателемъ
1625,<wb>пріѧті
4991,<wb>плодъі
135,<wb>его
39,<wb>і
5048 82,<wb>ем|ше
2611,<wb>дѣлателе
1833,<wb>рабъі
135,<wb>его
7173,<wb>ового
3958,<wb>бішѧ
7173,<wb>ового
5496,<wb>оубішѧ
7173,<wb>ового
71,<wb>же
626 1192,<wb>каме|ніемъ
67 2987,<wb>по|бішѧ
404,<wb>пакъі
456,<wb>посъла
2331,<wb>інъі
1833,<wb>рабъі
4716 110,<wb>множаі|шѧ
638 2739,<wb>пръ|въііхъ
39,<wb>і
1513,<wb>сътворішѧ
210,<wb>імъ
2636,<wb>тожде
6830,<wb>послѣдъ
71,<wb>же
3319,<wb>посьла
732,<wb>сна
524,<wb>своего
441,<wb>глѧ
506 61 6178,<wb>оус|ра|млѣѭтъ
70,<wb>сѧ
732,<wb>сна
563,<wb>моего
2611,<wb>дѣлателе
71,<wb>же
323,<wb>ті
317,<wb>егда
799 2463,<wb>оузь|рѣшѧ
423,<wb>снъ
510,<wb>рѣшѧ
56,<wb>въ
436,<wb>себѣ
190,<wb>сь
161,<wb>естъ
2576 188 2586,<wb>наслѣ|дь|нікь
2791,<wb>прідѣте
766 33 172,<wb>оубі|ѣ|мо
39,<wb>і
39,<wb>і
7172 3289,<wb>оудръ|жімъ
4163,<wb>достоѣніе
135,<wb>его
39,<wb>і
5185,<wb>емъше
39,<wb>і
2891 281,<wb>ізвѣ|сѧ
2420,<wb>вонъ
168,<wb>із
3666,<wb>вінограда
39,<wb>і
5496,<wb>оубішѧ
39,<wb>і
317,<wb>егда
71,<wb>же
222,<wb>оубо
416 133,<wb>пріде|ть
459,<wb>гь
1692 34,<wb>віногра|д
1583,<wb>чъто
1675,<wb>сътворітъ
4754,<wb>дѣлателемъ
1894,<wb>тѣмъ
130,<wb>гла
144,<wb>емоу
6003,<wb>зьлъі
2343,<wb>зьлѣ
1579,<wb>погоубітъ
225,<wb>ѧ
39,<wb>і
3666,<wb>вінограда
1419,<wb>прѣдастъ
3571,<wb>інѣмъ
4754,<wb>дѣлателемъ
227,<wb>іже
884 555,<wb>възда|дѧтъ
144,<wb>емоу
1243,<wb>плодъ
56,<wb>въ
5964,<wb>врѣмена
1596,<wb>своѣ
130,<wb>гла
210,<wb>імъ
331,<wb>ісъ
3006,<wb>нѣсте
178,<wb>лі
4936,<wb>чьлі
1770,<wb>ніколіже
56,<wb>въ
1884 3570,<wb>кьні|гахъ
7833,<wb>каменъ
538,<wb>егоже
62,<wb>не
56,<wb>въ
5603,<wb>рѧдоу
1513,<wb>сътворішѧ
7790,<wb>зіждѫштеі
190,<wb>сь
798,<wb>бъіс
56,<wb>въ
1512,<wb>главѫ
641 1055 228,<wb>ѫ|гь|лоу
84,<wb>отъ
480,<wb>га
798,<wb>бъіс
159,<wb>сі
39,<wb>і
161,<wb>естъ
7171,<wb>дівъна
56,<wb>въ
3843,<wb>очію
621 7,<wb>наше|ю
39,<wb>і
161,<wb>естъ
428 6795,<wb>ді|вна
56,<wb>въ
3843,<wb>очію
621 7,<wb>наше|ю
4960,<wb>оуподобі
70,<wb>сѧ
774 372,<wb>црь|ство
5929,<wb>нбсное
2976,<wb>чкоу
3475,<wb>црю
227,<wb>іже
261,<wb>сътворі
3997,<wb>бракъ
2405,<wb>сноу
1397,<wb>своемоу
39,<wb>і
456,<wb>посъла
1833,<wb>рабъі
599,<wb>своѧ
5330 667,<wb>прізь|ваті
4071 471,<wb>зьва|нъіѧ
68,<wb>на
355 569,<wb>бра|кь
39,<wb>і
62,<wb>не
2772,<wb>хотѣахѫ
1382,<wb>пріті
404,<wb>пакъі
456,<wb>посъла
2331,<wb>інъі
1833,<wb>рабъі
441,<wb>глѧ
3487,<wb>рьцѣте
4071 897,<wb>зьва|нъіімъ
121,<wb>се
6466,<wb>обѣдъ
329,<wb>моі
1328 10,<wb>оуготова|н
7791 215,<wb>юнь|ці
329,<wb>моі
39,<wb>і
73 4624 1027,<wb>оу|пітѣ|наа
1716 132 1027,<wb>іско|ле|наа
39,<wb>і
264,<wb>вьсѣ
6658,<wb>готова
2791,<wb>прідѣте
68,<wb>на
355 13,<wb>бра|к
609,<wb>оні
71,<wb>же
62 117 716 82,<wb>не|ро|ждъ|ше
5495,<wb>отідѫ
1180,<wb>овь
68,<wb>на
2610,<wb>село
357,<wb>свое
1896,<wb>овъ
68,<wb>на
1361 500,<wb>коуп|лѭ
651,<wb>своѭ
77,<wb>а
3745,<wb>прочіі
5185,<wb>емъше
1833,<wb>рабъі
135,<wb>его
3453 1656,<wb>доса|дішѧ
210,<wb>імъ
39,<wb>і
168 2987,<wb>із|бішѧ
225,<wb>ѧ
990,<wb>слъішавъ
71,<wb>же
845,<wb>цръ
157,<wb>тъ
2977,<wb>разгнѣвавъ
70,<wb>сѧ
39,<wb>і
3319,<wb>посьла
6615,<wb>воѧ
599,<wb>своѧ
39,<wb>і
1551,<wb>погоубі
3854 532,<wb>оубіі|цѧ
288,<wb>тъі
39,<wb>і
698,<wb>градъ
299,<wb>іхъ
171 257 48,<wb>за|жь|же
916,<wb>тогда
130,<wb>гла
3358,<wb>рабомъ
725,<wb>своімъ
355 215,<wb>бра|ці
222,<wb>оубо
1328 60,<wb>оуготова|ні
419,<wb>сѫтъ
77,<wb>а
2146 276,<wb>зъва|ніі
62,<wb>не
2191,<wb>бѣшѧ
6903,<wb>достоіні
1976,<wb>ідѣте
222,<wb>оубо
68,<wb>на
5516 145,<wb>ісході|шта
502 778,<wb>пѫ|тіі
39,<wb>і
808,<wb>еліко
201,<wb>аште
3497,<wb>обрѧштете
3845 87 54,<wb>прізо|вѣ|те
68,<wb>на
355 148,<wb>бра|къі
39,<wb>і
39 82 7353,<wb>і|ше|дьше
2508,<wb>рабі
323,<wb>ті
68,<wb>на
3632 1377,<wb>распѫ|тіѣ
895,<wb>пѫті
2547,<wb>събърашѧ
3337,<wb>въсѧ
858,<wb>ѧже
2825,<wb>обрѣтѫ
6003 24,<wb>зьлъі|ѧ
71,<wb>же
39,<wb>і
5870,<wb>добръіѧ
39,<wb>і
3470,<wb>ісплънішѧ
70,<wb>сѧ
355 215,<wb>бра|ці
2960 383 193,<wb>възлежѧ|шть|іхъ
1952,<wb>въшедъ
71,<wb>же
845,<wb>цръ
157,<wb>тъ
2998,<wb>відѣтъ
2960 805,<wb>възлежѧ|штііхъ
248,<wb>відѣ
390,<wb>тоу
2316,<wb>члка
62,<wb>не
6704 4058,<wb>облъ|чена
56,<wb>въ
2048 3585,<wb>одѣ|аніе
355 229 465,<wb>бра|чь|ное
39,<wb>і
130,<wb>гла
144,<wb>емоу
4848,<wb>дроуже
376,<wb>како
1776,<wb>въніде
2323,<wb>сѣмо
62,<wb>не
1492,<wb>імъі
2048 17 2905,<wb>одѣ|а|ніа
355 229 482,<wb>бра|чь|нааго
366,<wb>онъ
71,<wb>же
3926 266,<wb>оумлъ|ча
916,<wb>тогда
141,<wb>рече
774,<wb>црь
157,<wb>тъ
4530,<wb>слоугамъ
4687,<wb>съвѧзавъше
144,<wb>емоу
825,<wb>рѫцѣ
39,<wb>і
1052,<wb>нозѣ
853 181 115,<wb>възь|мѣ|то
39,<wb>і
39,<wb>і
7788,<wb>въвръзѣте
39,<wb>і
56,<wb>въ
3721,<wb>тъмѫ
3645 272 7994,<wb>кромѣ|шь|нѭѭ
390,<wb>тоу
362,<wb>бѫдетъ
3526,<wb>плачь
39,<wb>і
1460 257 43,<wb>скръ|жь|тъ
3876,<wb>зѫбомъ
5069,<wb>мьнозі
112,<wb>бо
419,<wb>сѫтъ
4071 60,<wb>зьва|ні
998,<wb>мало
71,<wb>же
3942 668,<wb>ізбьра|нъііхъ
899,<wb>мнозі
112,<wb>бо
419,<wb>сѫтъ
4071 60,<wb>зьва|ні
998,<wb>мало
71,<wb>же
3942 668,<wb>ізбьра|нъііхъ
3037,<wb>съвѣтъ
1513,<wb>сътворішѧ
1325,<wb>фарісеі
68,<wb>на
566,<wb>іса
105,<wb>да
3996 2277 16,<wb>обль|стѧтъ|і
2325,<wb>словомъ
39,<wb>і
4819 5651,<wb>посъіла|ѭт
468,<wb>кь
398,<wb>немоу
1222,<wb>оученікъі
599,<wb>своѧ
75,<wb>съ
4752 139,<wb>іродіѣ|нъі
1440,<wb>глште
1302,<wb>оучітелю
1726,<wb>вѣмъ
99,<wb>ѣко
4924,<wb>істіненъ
313,<wb>есі
39,<wb>і
895,<wb>пѫті
4849,<wb>бжію
56,<wb>въ
843,<wb>істінѫ
5946,<wb>оучіші
39,<wb>і
62,<wb>не
5837,<wb>родіші
122,<wb>ні
47,<wb>о
184 55 48,<wb>ко|мъ|же
62,<wb>не
720 3809,<wb>зь|ріші
112,<wb>бо
68,<wb>на
1385,<wb>ліца
4952,<wb>члкмъ
1900,<wb>рьці
222,<wb>оубо
489,<wb>намъ
526,<wb>чьто
323,<wb>ті
70,<wb>сѧ
3030,<wb>мьнітъ
1862,<wb>достоітъ
178,<wb>лі
1288,<wb>даті
3230 4251,<wb>кі|нось
476 111,<wb>цр|ві
518,<wb>ілі
122,<wb>ні
2654,<wb>разоумѣвъ
71,<wb>же
331,<wb>ісъ
1660 146 1228,<wb>лѫка|ве|ствіѣ
299,<wb>іхъ
141,<wb>рече
526,<wb>чьто
226,<wb>мѧ
2816 661,<wb>іскоуша|ете
4844,<wb>упокріті
2617 54,<wb>покажі|те
195,<wb>мі
4494,<wb>образь
3230 4251 139,<wb>кі|нось|нъі
609,<wb>оні
71,<wb>же
5408,<wb>прінѣсѧ
144,<wb>емоу
6423,<wb>пѣнѧзь
107,<wb>іс
71,<wb>же
130,<wb>гла
210,<wb>імъ
6928,<wb>чіі
161,<wb>естъ
3995 349,<wb>образо|сь
39,<wb>і
6232,<wb>напісаніе
1489,<wb>глашѧ
144,<wb>емоу
3838 92,<wb>кесаре|въ
916,<wb>тогда
130,<wb>гла
210,<wb>імъ
331,<wb>ісъ
884 440,<wb>възда|діте
222,<wb>оубо
3838 103,<wb>кесаре|ва
1556 2310,<wb>кеса|рю
39,<wb>і
392 17,<wb>бжі|а
3790,<wb>бві
1434,<wb>слъішавъше
71,<wb>же
6308,<wb>дівішѧ
70,<wb>сѧ
39,<wb>і
405 3639 82,<wb>оста|влъ|ше
39,<wb>і
5495,<wb>отідѫ
2102 2586,<wb>законь|нікь
1432,<wb>етеръ
416,<wb>пріде
150,<wb>къ
1073,<wb>ісоу
6547,<wb>іскоушаѧ
39,<wb>і
39,<wb>і
441,<wb>глѧ
1302,<wb>оучітелю
2459,<wb>каѣ
694 113,<wb>заповѣ|дъ
4998,<wb>больші
56,<wb>въ
2504,<wb>законѣ
161,<wb>естъ
331,<wb>ісъ
71,<wb>же
141,<wb>рече
144,<wb>емоу
7286,<wb>възлюбіші
480,<wb>га
422,<wb>ба
697,<wb>твоего
2658,<wb>вьсѣмь
2643 14,<wb>срдце|м
1454,<wb>твоімъ
39,<wb>і
988 3,<wb>все|ѭ
3538,<wb>дшеѭ
1828,<wb>твоеѭ
39,<wb>і
988 3,<wb>все|ѭ
7081,<wb>крѣпостіѭ
1828,<wb>твоеѭ
39,<wb>і
988 3,<wb>все|ѭ
3212 3,<wb>мъіслі|ѭ
1828,<wb>твоеѭ
159,<wb>сі
161,<wb>естъ
638 3146,<wb>пръ|ваѣ
39,<wb>і
4472 17,<wb>больша|а
2144,<wb>заповѣдь
1974 61 33,<wb>въто|ра|ѣ
71,<wb>же
5483,<wb>подобьна
561,<wb>еі
7286,<wb>възлюбіші
4590 2148,<wb>іскрь|нѣаго
524,<wb>своего
99,<wb>ѣко
39,<wb>і
645,<wb>самъ
70,<wb>сѧ
56,<wb>въ
121 7,<wb>се|ю
2328,<wb>обою
1326 7,<wb>заповѣді|ю
1285,<wb>весь
1384,<wb>законъ
39,<wb>і
6341,<wb>пррці
167 281 32,<wb>ві|сѧ|т
1622 687,<wb>събъра|номъ
71,<wb>же
1184 1321,<wb>фарісе|омъ
1136,<wb>въпросі
225,<wb>ѧ
331,<wb>ісъ
441,<wb>глѧ
394,<wb>что
70,<wb>сѧ
260,<wb>вамъ
3030,<wb>мьнітъ
47,<wb>о
5403,<wb>хѣ
6928,<wb>чіі
161,<wb>естъ
423,<wb>снъ
1489,<wb>глашѧ
144,<wb>емоу
7389 1759,<wb>дв|довъ
130,<wb>гла
210,<wb>імъ
376,<wb>како
222,<wb>оубо
5706,<wb>ддъ
2864,<wb>дхмъ
480,<wb>га
4239,<wb>наріцаетъ
39,<wb>і
441,<wb>глѧ
141,<wb>рече
459,<wb>гь
1341,<wb>гю
1787,<wb>моемоу
5141,<wb>сѣді
47,<wb>о
1569,<wb>деснѫѭ
364,<wb>мене
1315,<wb>доньдеже
3969,<wb>положѫ
2235,<wb>врагъі
1164,<wb>твоѧ
7024 11,<wb>подъножі|е
1981,<wb>ногама
6584,<wb>твоіма
201,<wb>аште
222,<wb>оубо
5706,<wb>ддъ
2864,<wb>дхмъ
480,<wb>га
4239,<wb>наріцаетъ
39,<wb>і
376,<wb>како
423,<wb>снъ
144,<wb>емоу
715,<wb>есть
39,<wb>і
748,<wb>ніктоже
62,<wb>не
2250,<wb>можааше
1353 52,<wb>отвѣшта|ті
1866,<wb>словесі
122,<wb>ні
1134,<wb>съмѣ
523,<wb>кто
84,<wb>отъ
497 126,<wb>дъ|не
485,<wb>того
6654,<wb>въпросіті
135,<wb>его
72,<wb>к
650,<wb>томоу
130,<wb>гла
107,<wb>іс
385 151 14,<wb>наро|до|м
39,<wb>і
936,<wb>оученікомъ
424 14,<wb>своі|м
441,<wb>глѧ
68,<wb>на
3168 5640,<wb>мосе|овѣ
6242 5891,<wb>сѣда|лішті
333 801,<wb>сѣ|дошѧ
6649,<wb>кьніжьніці
39,<wb>і
1325,<wb>фарісеі
572,<wb>всѣ
222,<wb>оубо
808,<wb>еліко
2159,<wb>рекѫтъ
2532,<wb>вам
5180,<wb>блюсті
4375 410,<wb>съблюда|іте
39,<wb>і
1451,<wb>творіте
67,<wb>по
1043 14,<wb>дѣло|м
71,<wb>же
299,<wb>іхъ
62,<wb>не
1451,<wb>творіте
2448,<wb>глѭтъ
112,<wb>бо
39,<wb>і
62,<wb>не
1618,<wb>творѧтъ
5653 304,<wb>сьбіра|ѭтъ
112,<wb>бо
2111 2221,<wb>брѣ|мена
4722 134,<wb>тѧжь|ка
39,<wb>і
62,<wb>не
1913 315,<wb>оудо|бъ
7580,<wb>носіма
39,<wb>і
321 3431 86 304,<wb>въс|кла|да|ѭтъ
68,<wb>на
3174 145,<wb>пле|шта
2314 384,<wb>члчь|ска
77,<wb>а
638 2335,<wb>пръ|стомъ
725,<wb>своімъ
62,<wb>не
4774,<wb>хотѧтъ
2109 3919,<wb>дві|гнѫті
299,<wb>іхъ
264,<wb>вьсѣ
71,<wb>же
596,<wb>дѣла
1596,<wb>своѣ
1618,<wb>творѧтъ
105,<wb>да
952 123,<wb>віді|мі
969,<wb>бѫдѫтъ
4129,<wb>члкъі
120 116 96 5651,<wb>ра|ші|рѣ|ѭт
71,<wb>же
3895 2885,<wb>храні|лішта
1596,<wb>своѣ
39,<wb>і
3231 5651,<wb>веліча|ѭт
826 206 289,<wb>подъ|ме|тъі
321 1837 1034,<wb>въс|крі|ліѣ
607 312,<wb>рі|зь
809,<wb>своіхъ
6653,<wb>любѧтъ
71,<wb>же
160 104 212 297,<wb>въз|лѣ|га|ніѣ
68,<wb>на
1407 3504,<wb>вече|рѣхъ
39,<wb>і
536 7357,<wb>прѣжде|сѣданіѣ
68,<wb>на
4083 805,<wb>сьньмі|штііхъ
39,<wb>і
7162,<wb>наріцаті
71,<wb>же
70,<wb>сѧ
221,<wb>от
985,<wb>чкъ
7889,<wb>оучітеле
237,<wb>въі
71,<wb>же
62,<wb>не
751 410,<wb>наріца|іте
70,<wb>сѧ
221,<wb>от
985,<wb>чкъ
7889,<wb>оучітеле
438,<wb>едінъ
112,<wb>бо
161,<wb>естъ
1870,<wb>вашъ
700 137,<wb>оучіте|лъ
930,<wb>хъ
1355,<wb>въсі
71,<wb>же
237,<wb>въі
3241,<wb>братіѣ
939,<wb>есте
39,<wb>і
633,<wb>оца
62,<wb>не
751 410,<wb>наріца|іте
436,<wb>себѣ
68,<wb>на
734,<wb>земі
438,<wb>едінъ
112,<wb>бо
161,<wb>естъ
2088,<wb>оцъ
152 2,<wb>ва|ш
227,<wb>іже
161,<wb>естъ
68,<wb>на
6089,<wb>нбсехъ
122,<wb>ні
751 410,<wb>наріца|іте
70,<wb>сѧ
4527 541,<wb>наставь|ніці
99,<wb>ѣко
2227 92 2586,<wb>наста|въ|нікь
1870,<wb>вашъ
161,<wb>естъ
930,<wb>хъ
77,<wb>а
2688,<wb>боліі
56,<wb>въ
544,<wb>васъ
105,<wb>да
362,<wb>бѫдетъ
260,<wb>вамъ
2128,<wb>слоуга
227,<wb>іже
112,<wb>бо
6536,<wb>възнесетъ
70,<wb>сѧ
5705,<wb>съмѣрітъ
70,<wb>сѧ
77,<wb>а
1134 5646,<wb>съмѣ|рѣѧі
70,<wb>сѧ
41 19 6004 32,<wb>в|з|несе|т
70,<wb>сѧ
121,<wb>се
5065,<wb>аз
190 500,<wb>сь|лѭ
468,<wb>кь
260,<wb>вамъ
1885 148,<wb>прр|къі
39,<wb>і
1978 2896,<wb>прѣмѫ|дръі
39,<wb>і
1884 1055 6361,<wb>кьні|гь|чіѧ
39,<wb>і
84,<wb>отъ
562,<wb>ніхъ
3776 54,<wb>оубіе|те
39,<wb>і
2773 3759,<wb>распь|нете
39,<wb>і
84,<wb>отъ
562,<wb>ніхъ
238 498 54,<wb>те|пе|те
68,<wb>на
4083 805,<wb>сьньмі|штііхъ
1739,<wb>вашіхъ
39,<wb>і
1282 3759,<wb>іжде|нете
84,<wb>отъ
926,<wb>града
56,<wb>въ
698,<wb>градъ
105,<wb>да
786,<wb>прідетъ
68,<wb>на
237,<wb>въі
4987,<wb>вьсѣка
4729,<wb>кръвъ
2112 102,<wb>праведъ|на
6839,<wb>проліваема
68,<wb>на
1403,<wb>землѭ
84,<wb>отъ
2596,<wb>кръве
7780 104,<wb>аве|лѣ
2112 482,<wb>праведъ|нааго
156,<wb>до
2596,<wb>кръве
7995,<wb>захаріѧ
732,<wb>сна
3671 16 102,<wb>варахі|і|на
135,<wb>его
766 242,<wb>оубі|сте
1891,<wb>междоу
476 3024 3,<wb>цр|кові|ѭ
39,<wb>і
4421 1821,<wb>олта|ремъ
681,<wb>амін
284,<wb>глѭ
260,<wb>вамъ
2283,<wb>прідѫтъ
913,<wb>въсѣ
747,<wb>сіі
68,<wb>на
6005 349,<wb>родо|сь
2480 3731,<wb>іер|слмъ
5049 794 33,<wb>ізбі|въші|ѣ
1885 148,<wb>прр|къі
39,<wb>і
626 1192,<wb>каме|ніемъ
3927 103 533,<wb>побі|ва|ѭшті
4819 471,<wb>посъіла|нъіѧ
468,<wb>кь
356,<wb>тебѣ
2590,<wb>коль
2827,<wb>кратъі
2608 76,<wb>въсхотѣ|хъ
190 982 52,<wb>сь|бъра|ті
1830,<wb>чѧда
552,<wb>твоѣ
308,<wb>ѣкоже
2081 255,<wb>събіра|етъ
38 302 278 33,<wb>|лѧ|жа|ѣ
44 54 10 532,<wb>п|те|н|цѧ
599,<wb>своѧ
826,<wb>подъ
6647,<wb>крілѣ
39,<wb>і
62,<wb>не
2608 242,<wb>въсхотѣ|сте
121,<wb>се
6945,<wb>оставлѣетъ
70,<wb>сѧ
260,<wb>вамъ
729,<wb>домъ
729,<wb>домъ
1870,<wb>вашъ
558 97,<wb>поу|стъ
284,<wb>глѭ
112,<wb>бо
260,<wb>вамъ
62,<wb>не
1048,<wb>імате
364,<wb>мене
1078,<wb>відѣті
3180,<wb>доідеже
5269,<wb>речете
1036 98,<wb>бл|нъ
1601,<wb>грѧдъі
56,<wb>въ
466,<wb>імѧ
2033,<wb>гне
2558,<wb>прістѫпішѧ
559,<wb>оученіці
468,<wb>кь
1073,<wb>ісоу
7204,<wb>показаті
144,<wb>емоу
720 86 297,<wb>зь|да|ніѣ
7390 1027,<wb>црквь|наа
366,<wb>онъ
71,<wb>же
1353 18,<wb>отвѣшта|в
141,<wb>рече
210,<wb>імъ
62,<wb>не
1369,<wb>відіте
178,<wb>лі
913 9,<wb>въсѣ|х
745,<wb>сіхъ
681,<wb>амін
284,<wb>глѭ
260,<wb>вамъ
62,<wb>не
584,<wb>іматъ
7779,<wb>остаті
978,<wb>сьде
1497,<wb>камень
68,<wb>на
3251,<wb>камені
227,<wb>іже
62,<wb>не
4859,<wb>разорітъ
70,<wb>сѧ
6225,<wb>сѣдѧштоу
71,<wb>же
144,<wb>емоу
68,<wb>на
2077,<wb>горѣ
5050 5325,<wb>елео|ньстѣ
2558,<wb>прістѫпішѧ
468,<wb>кь
398,<wb>немоу
559,<wb>оученіці
135,<wb>его
1440,<wb>глште
2293,<wb>едіномоу
4447,<wb>повѣждъ
489,<wb>намъ
468 211,<wb>кь|гда
159,<wb>сі
969,<wb>бѫдѫтъ
39,<wb>і
394,<wb>что
161,<wb>естъ
1719,<wb>знаменіе
697,<wb>твоего
1782 1228,<wb>пріше|ствіѣ
39,<wb>і
2806 200,<wb>коньча|ніе
1500,<wb>вѣка
6225,<wb>сѣдѧштоу
1073,<wb>ісоу
68,<wb>на
2077,<wb>горѣ
5050 5325,<wb>елео|ньстѣ
2558,<wb>прістѫпішѧ
468,<wb>кь
398,<wb>немоу
559,<wb>оученіці
2293,<wb>едіномоу
654,<wb>глѭште
4447,<wb>повѣждъ
5075,<wb>нам
2170,<wb>когда
159,<wb>сі
969,<wb>бѫдѫтъ
39,<wb>і
526,<wb>чьто
161,<wb>естъ
1719,<wb>знаменіе
347,<wb>твое
1782 1228,<wb>пріше|ствіѣ
39,<wb>і
2806 200,<wb>коньча|ніе
1500,<wb>вѣка
39,<wb>і
579,<wb>отъвѣштавъ
331,<wb>ісъ
141,<wb>рече
210,<wb>імъ
2869,<wb>блюдѣте
70,<wb>сѧ
105,<wb>да
696 115,<wb>нік|то
71,<wb>же
544,<wb>васъ
62,<wb>не
1445 1956,<wb>прѣль|стітъ
39,<wb>і
579,<wb>отъвѣштавъ
331,<wb>ісъ
141,<wb>рече
210,<wb>імъ
2869,<wb>блюдѣте
70,<wb>сѧ
105,<wb>да
748,<wb>ніктоже
544,<wb>васъ
62,<wb>не
1445 1956,<wb>прѣль|стітъ
899,<wb>мнозі
112,<wb>бо
2283,<wb>прідѫтъ
56,<wb>въ
466,<wb>імѧ
346,<wb>мое
1440,<wb>глште
695,<wb>азь
568,<wb>есмъ
930,<wb>хъ
39,<wb>і
823,<wb>многъі
6645,<wb>прѣльстѧтъ
899,<wb>мнозі
112,<wb>бо
2283,<wb>прідѫтъ
56,<wb>въ
466,<wb>імѧ
346,<wb>мое
1440,<wb>глште
695,<wb>азь
568,<wb>есмъ
7077,<wb>хь
39,<wb>і
823,<wb>многъі
127 137 2277,<wb>прѣ|лъ|стѧтъ
7973,<wb>оуслъішаті
71,<wb>же
1048,<wb>імате
4335,<wb>брані
39,<wb>і
379 276,<wb>слъіша|ніі
1369,<wb>відіте
208,<wb>нъ
62,<wb>не
6478,<wb>оужасаіте
70,<wb>сѧ
2542,<wb>подобаетъ
112,<wb>бо
2710,<wb>сімъ
3052,<wb>всѣмъ
503,<wb>бъіті
208,<wb>нъ
62,<wb>не
516,<wb>тъгда
161,<wb>естъ
5873,<wb>коньчіна
7973,<wb>оуслъішаті
71,<wb>же
1048,<wb>імате
4335,<wb>брані
39,<wb>і
62 69 3626 297,<wb>не|ст|рое|ніѣ
39,<wb>і
379 297,<wb>слъіша|ніѣ
355 276,<wb>бра|ніі
1369,<wb>відіте
208,<wb>нъ
62,<wb>не
6478,<wb>оужасаіте
70,<wb>сѧ
2542,<wb>подобаетъ
112,<wb>бо
2710,<wb>сімъ
3052,<wb>всѣмъ
503,<wb>бъіті
208,<wb>нъ
62,<wb>не
916,<wb>тогда
161,<wb>естъ
2050 2344,<wb>кон|чіна
4171,<wb>въстанетъ
112,<wb>бо
691 569,<wb>ѧзъі|кь
68,<wb>на
1338 569,<wb>ѧз|кь
39,<wb>і
2660,<wb>црство
68,<wb>на
845 372,<wb>цръ|ство
39,<wb>і
969,<wb>бѫдѫтъ
7776,<wb>гладі
39,<wb>і
7446,<wb>пагоубъі
39,<wb>і
2393 129,<wb>трѫ|сі
67,<wb>по
1607,<wb>мѣста
4171,<wb>въстанетъ
112,<wb>бо
2867,<wb>ѧзкъ
68,<wb>на
1338 569,<wb>ѧз|кь
39,<wb>і
774 372,<wb>црь|ство
68,<wb>на
2660,<wb>црство
39,<wb>і
969,<wb>бѫдѫтъ
7776,<wb>гладі
39,<wb>і
7446,<wb>пагоубъі
39,<wb>і
2393 129,<wb>трѫ|сі
67,<wb>по
1607,<wb>мѣста
913,<wb>въсѣ
71,<wb>же
747,<wb>сіі
5087,<wb>начѧло
1207 1448,<wb>болѣз|немъ
264,<wb>вьсѣ
71,<wb>же
159,<wb>сі
5087,<wb>начѧло
1207 1448,<wb>болѣз|немъ
617 211,<wb>ть|гда
4764,<wb>прѣдадѧтъ
237,<wb>въі
56,<wb>въ
4581,<wb>скръбь
39,<wb>і
3345,<wb>оубіѭтъ
237,<wb>въі
39,<wb>і
1215,<wb>бѫдете
6274,<wb>ненавідімі
4096,<wb>всѣмі
2887,<wb>ѧзъікъі
976,<wb>імене
563,<wb>моего
368,<wb>раді
916,<wb>тогда
444 275 32,<wb>прѣда|дѧ|т
237,<wb>въі
56,<wb>въ
1460 315,<wb>скръ|бъ
39,<wb>і
3345,<wb>оубіѭтъ
237,<wb>въі
39,<wb>і
1215,<wb>бѫдете
6274,<wb>ненавідімі
4096,<wb>всѣмі
2887,<wb>ѧзъікъі
976,<wb>імене
563,<wb>моего
368,<wb>раді
39,<wb>і
617 211,<wb>ть|гда
3408 1371,<wb>съблаз|нѧтъ
70,<wb>сѧ
899,<wb>мнозі
39,<wb>і
4634,<wb>дроугь
1096,<wb>дроуга
1419,<wb>прѣдастъ
39,<wb>і
3236 514,<wb>възненаві|дітъ
4634,<wb>дроугь
1096,<wb>дроуга
39,<wb>і
916,<wb>тогда
3408 1371,<wb>съблаз|нѧтъ
70,<wb>сѧ
899,<wb>мнозі
39,<wb>і
1121,<wb>дроугъ
1096,<wb>дроуга
1419,<wb>прѣдастъ
39,<wb>і
5042 514,<wb>вьзненаві|дітъ
4634,<wb>дроугь
1096,<wb>дроуга
39,<wb>і
899,<wb>мнозі
966 124 16,<wb>ль|жі|і
6341,<wb>пррці
4363,<wb>въстанѫтъ
39,<wb>і
6645,<wb>прѣльстѧтъ
823,<wb>многъі
39,<wb>і
899,<wb>мнозі
7775,<wb>лъжіі
6341,<wb>пррці
4363,<wb>въстанѫтъ
39,<wb>і
6645,<wb>прѣльстѧтъ
823,<wb>многъі
39,<wb>і
171,<wb>за
851 85 4522,<wb>оум|но|женіе
7208,<wb>безаконіѣ
7719 5488,<wb>ісѧ|кнетъ
4576,<wb>любъі
4314,<wb>многъііхъ
39,<wb>і
171,<wb>за
851 85 6087,<wb>оум|но|женіѣ
7208,<wb>безаконіѣ
7719 5488,<wb>ісѧ|кнетъ
4576,<wb>любъі
4314,<wb>многъііхъ
7430,<wb>прѣтръпѣвъі
71,<wb>же
156,<wb>до
2289,<wb>коньца
617,<wb>ть
6815,<wb>спсетъ
70,<wb>сѧ
7430,<wb>прѣтръпѣвъі
71,<wb>же
156,<wb>до
2050 218,<wb>кон|ца
157,<wb>тъ
6815,<wb>спсетъ
70,<wb>сѧ
39,<wb>і
2582 97,<wb>проповѣ|стъ
70,<wb>сѧ
2897 4061,<wb>ев|гліе
121,<wb>се
4670,<wb>црствіѣ
67,<wb>по
4855,<wb>всеі
4506 968,<wb>въселе|нѣі
56,<wb>въ
1176 382 137 372,<wb>сьвѣ|дѣте|лъ|ство
877,<wb>вьсѣмъ
1338 391,<wb>ѧз|комъ
39,<wb>і
916,<wb>тогда
786,<wb>прідетъ
2050 2344,<wb>кон|чіна
317,<wb>егда
1893,<wb>оузьріте
4264 6768,<wb>мръ|зость
171,<wb>за
558 492 297,<wb>поу|стѣ|ніѣ
141 602,<wb>рече|нѫѭ
105 60 1337,<wb>да|ні|ломъ
57 117 391,<wb>пр|ро|комъ
1050 474,<wb>стоѧ|штѫ
68,<wb>на
1122,<wb>мѣстѣ
227,<wb>іже
7981,<wb>чьтетъ
105,<wb>да
6266 2649,<wb>разоумѣва|ет
916,<wb>тогда
4526,<wb>сѫштіі
56,<wb>въ
685,<wb>іюдеі
105,<wb>да
3715 304,<wb>бѣга|ѭтъ
68,<wb>на
1792,<wb>горъі
39,<wb>і
227,<wb>іже
68,<wb>на
6980,<wb>кровѣхъ
105,<wb>да
62,<wb>не
75 6245,<wb>съ|ходітъ
160 194,<wb>въз|ѧтъ
227,<wb>іже
161,<wb>естъ
56,<wb>въ
756,<wb>домоу
135,<wb>его
39,<wb>і
227,<wb>іже
68,<wb>на
1831,<wb>селѣ
964,<wb>такожде
105,<wb>да
62,<wb>не
4319,<wb>възвратітъ
70,<wb>сѧ
7028,<wb>въспѧть
160 194,<wb>въз|ѧтъ
607 312,<wb>рі|зь
809,<wb>своіхъ
1364,<wb>горе
71,<wb>же
7155 897,<wb>непраздъ|нъіімъ
39,<wb>і
156 24 769,<wb>до|ѧ|штіімъ
56,<wb>въ
288,<wb>тъі
752,<wb>дьні
2537,<wb>моліте
71,<wb>же
70,<wb>сѧ
105,<wb>да
62,<wb>не
362,<wb>бѫдетъ
165 372,<wb>бѣ|ство
709,<wb>ваше
1684 181,<wb>зі|мѣ
122,<wb>ні
56,<wb>въ
3292,<wb>сѫботъ
362,<wb>бѫдетъ
112,<wb>бо
516,<wb>тъгда
4581,<wb>скръбь
2163,<wb>веліка
78 134 48,<wb>ѣ|ка|же
595,<wb>нѣстъ
7154,<wb>бъіла
84,<wb>отъ
7328,<wb>начѧла
3259,<wb>всего
975,<wb>міра
156,<wb>до
1831,<wb>селѣ
122,<wb>ні
584,<wb>іматъ
503,<wb>бъіті
39,<wb>і
201,<wb>аште
62,<wb>не
3958,<wb>бішѧ
7691 2501 74,<wb>прѣк|раті|лі
70,<wb>сѧ
294 200,<wb>де|ніе
323,<wb>ті
171,<wb>за
6412 471,<wb>ізбра|нъіѧ
71,<wb>же
127 5051 591 133,<wb>прѣ|кра|тѧ|ть
70,<wb>сѧ
916,<wb>тогда
201,<wb>аште
523,<wb>кто
1214,<wb>речетъ
260,<wb>вамъ
121,<wb>се
978,<wb>сьде
930,<wb>хъ
178,<wb>лі
978,<wb>сьде
62,<wb>не
3651,<wb>імѣте
994,<wb>вѣръі
4363,<wb>въстанѫтъ
112,<wb>бо
7775,<wb>лъжіі
136 147,<wb>х|сті
39,<wb>і
7775,<wb>лъжіі
6341,<wb>пррці
39,<wb>і
4925,<wb>дадѧтъ
1767,<wb>знаменіѣ
3492,<wb>веліѣ
39,<wb>і
1457,<wb>чоудеса
99,<wb>ѣко
7773,<wb>прѣльстіті
201,<wb>аште
161,<wb>естъ
6377,<wb>възможьно
39,<wb>і
6412 471,<wb>ізбра|нъіѧ
121,<wb>се
536,<wb>прѣжде
949,<wb>рѣхъ
260,<wb>вамъ
201,<wb>аште
2159,<wb>рекѫтъ
260,<wb>вамъ
121,<wb>се
56,<wb>въ
1560,<wb>поустъіні
161,<wb>естъ
62,<wb>не
1976,<wb>ідѣте
121,<wb>се
56,<wb>въ
6980,<wb>кровѣхъ
62,<wb>не
3651,<wb>імѣте
994,<wb>вѣръі
308,<wb>ѣкоже
112,<wb>бо
2101 60,<wb>млъ|ні
4832,<wb>ісходітъ
221,<wb>от
3202 569,<wb>въсто|кь
39,<wb>і
77 597 255,<wb>а|влѣ|етъ
70,<wb>сѧ
156,<wb>до
3834,<wb>западъ
311,<wb>тако
362,<wb>бѫдетъ
39,<wb>і
1782 830,<wb>пріше|ствіе
732,<wb>сна
5709,<wb>члча
773,<wb>ідеже
112,<wb>бо
201,<wb>аште
4651,<wb>бѫдет
905 433,<wb>троу|пь
390,<wb>тоу
190 287 3308,<wb>сь|бе|рѫтъ
70,<wb>сѧ
47 125 74,<wb>о|рь|лі
39,<wb>і
600,<wb>абіе
71,<wb>же
67,<wb>по
4333,<wb>скръбі
2063,<wb>дьніі
1383,<wb>тѣхъ
1320 5937,<wb>слъ|нце
4264 5488,<wb>мръ|кнетъ
39,<wb>і
7150,<wb>лоуна
62,<wb>не
520,<wb>дастъ
2720,<wb>свѣта
524,<wb>своего
39,<wb>і
5071,<wb>звѣздъі
753 491,<wb>съпа|дѫтъ
75,<wb>съ
1586,<wb>нбсе
1464,<wb>сілъі
112,<wb>бо
1525 471,<wb>нбс|нъіѧ
2109 5194,<wb>дві|гнѫтъ
70,<wb>сѧ
39,<wb>і
916,<wb>тогда
5566,<wb>ѣвітъ
70,<wb>сѧ
1719,<wb>знаменіе
732,<wb>сна
5709,<wb>члча
68,<wb>на
3728,<wb>нбсі
39,<wb>і
916,<wb>тогда
6832 380 32,<wb>въспла|чѧ|т
70,<wb>сѧ
572,<wb>всѣ
5175,<wb>колѣна
4064 1027,<wb>земъ|наа
39,<wb>і
4184,<wb>оузьрѧтъ
732,<wb>сна
5709,<wb>члча
2771,<wb>грѧдѫшта
68,<wb>на
4915,<wb>облацѣхъ
5052 668,<wb>нбсъ|нъііхъ
75,<wb>съ
1810,<wb>сілоѭ
39,<wb>і
4577,<wb>славоѭ
7153,<wb>веліеѭ
39,<wb>і
4348,<wb>посълетъ
4753,<wb>англъі
599,<wb>своѧ
75,<wb>съ
3452 55,<wb>глас|мъ
6092,<wb>веліемъ
2393 280 687,<wb>трѫ|бь|номъ
39,<wb>і
190 287 3308,<wb>сь|бе|рѫтъ
3942 471,<wb>ізбьра|нъіѧ
135,<wb>его
221,<wb>от
6469,<wb>четъірь
3125,<wb>вѣтръ
221,<wb>от
3035,<wb>конець
5052,<wb>нбсъ
156,<wb>до
3035,<wb>конець
299,<wb>іхъ
84,<wb>отъ
3597 1851,<wb>смоковь|ніцѧ
71,<wb>же
5539,<wb>наоучіте
70,<wb>сѧ
5378 185,<wb>пріт|чі
317,<wb>егда
1019,<wb>оуже
140 33 4253,<wb>вѣ|ѣ|еѧ
362,<wb>бѫдетъ
1283 86,<wb>мла|да
39,<wb>і
6587,<wb>ліствіе
3377 31 733,<wb>прозѧ|б|нетъ
1271,<wb>вѣсте
99,<wb>ѣко
5476,<wb>блізь
161,<wb>естъ
4016,<wb>жѧтва
964,<wb>такожде
39,<wb>і
237,<wb>въі
317,<wb>егда
1893,<wb>оузьріте
264,<wb>вьсѣ
159,<wb>сі
3989,<wb>вѣдіте
99,<wb>ѣко
5476,<wb>блізь
161,<wb>естъ
90,<wb>прі
5926,<wb>двьрехъ
2099,<wb>амінъ
284,<wb>глѭ
260,<wb>вамъ
99,<wb>ѣко
62,<wb>не
1250,<wb>мімо
1861,<wb>ідетъ
3562,<wb>родь
190,<wb>сь
1315,<wb>доньдеже
1514,<wb>вьса
159,<wb>сі
1387 32,<wb>бѫдѫ|т
681,<wb>амін
284,<wb>глѭ
260,<wb>вамъ
62,<wb>не
1250,<wb>мімо
1861,<wb>ідетъ
6005 23,<wb>родо|с
1315,<wb>доньдеже
572,<wb>всѣ
159,<wb>сі
969,<wb>бѫдѫтъ
2140,<wb>нбо
39,<wb>і
1748,<wb>землѣ
1250,<wb>мімо
1861,<wb>ідетъ
77,<wb>а
1020,<wb>словеса
556,<wb>моѣ
62,<wb>не
1250,<wb>мімо
4136,<wb>ідѫтъ
2140,<wb>нбо
39,<wb>і
1748,<wb>землѣ
2747 3088,<wb>мімоі|дете
77,<wb>а
1020,<wb>словеса
556,<wb>моѣ
62,<wb>не
2747 175 32,<wb>мімоі|дѫ|т
77,<wb>а
47,<wb>о
752,<wb>дьні
2318,<wb>томъ
39,<wb>і
47,<wb>о
5485,<wb>годінѣ
2210,<wb>тоі
748,<wb>ніктоже
62,<wb>не
1559,<wb>вѣстъ
122,<wb>ні
4637,<wb>англі
5052 276,<wb>нбсъ|ніі
2172,<wb>тъкъмо
2088,<wb>оцъ
438,<wb>едінъ
47,<wb>о
752,<wb>дьні
2318,<wb>томъ
39,<wb>і
47,<wb>о
5485,<wb>годінѣ
2210,<wb>тоі
748,<wb>ніктоже
62,<wb>не
5537,<wb>вѣсть
122,<wb>ні
6708,<wb>аглі
1525 60,<wb>нбс|ні
1644,<wb>тъкмо
749,<wb>оць
438,<wb>едінъ
308,<wb>ѣкоже
112,<wb>бо
56,<wb>въ
752,<wb>дьні
4521 219,<wb>ное|въі
311,<wb>тако
362,<wb>бѫдетъ
39,<wb>і
56,<wb>въ
752,<wb>дьні
732,<wb>сна
2314 1366,<wb>члчь|скааго
308,<wb>ѣкоже
112,<wb>бо
351,<wb>бъістъ
56,<wb>въ
752,<wb>дьні
4521 219,<wb>ное|въі
311,<wb>тако
362,<wb>бѫдетъ
39,<wb>і
56,<wb>въ
752,<wb>дьні
732,<wb>сна
5709,<wb>члча
308,<wb>ѣкоже
112,<wb>бо
812,<wb>бѣахѫ
56,<wb>въ
752,<wb>дьні
536,<wb>прѣжде
7986,<wb>потопа
7518,<wb>ѣдѫште
39,<wb>і
303 393,<wb>пі|ѭште
71 7211,<wb>же|нѧште
70,<wb>сѧ
39,<wb>і
2810 5327,<wb>поса|гаѭште
156,<wb>до
3068,<wb>негоже
752,<wb>дьні
1776 465,<wb>въніде|ное
56,<wb>въ
184 18 83 28,<wb>ко|в|че|г
308,<wb>ѣкоже
112,<wb>бо
812,<wb>бѣахѫ
56,<wb>въ
752,<wb>дьні
536,<wb>прѣжде
7986,<wb>потопа
7518,<wb>ѣдѫште
39,<wb>і
303 393,<wb>пі|ѭште
71 7211,<wb>же|нѧште
70,<wb>сѧ
39,<wb>і
2810 5327,<wb>поса|гаѭште
156,<wb>до
513,<wb>него
71,<wb>же
713,<wb>дьне
1776,<wb>въніде
4521,<wb>ное
56,<wb>въ
184 92 83 1055,<wb>ко|въ|че|гь
39,<wb>і
62,<wb>не
6401 5411,<wb>оштоу|тішѧ
1315,<wb>доньдеже
416,<wb>пріде
1182 461,<wb>пото|пъ
39,<wb>і
160 194,<wb>въз|ѧтъ
2415,<wb>всѧ
311,<wb>тако
362,<wb>бѫдетъ
39,<wb>і
1782 830,<wb>пріше|ствіе
732,<wb>сна
345 7394,<wb>чл|чѣ
39,<wb>і
62,<wb>не
6401 5411,<wb>оштоу|тішѧ
1315,<wb>доньдеже
416,<wb>пріде
1182 433,<wb>пото|пь
39,<wb>і
160 194,<wb>въз|ѧтъ
3337,<wb>въсѧ
311,<wb>тако
362,<wb>бѫдетъ
39,<wb>і
56,<wb>въ
1782 830,<wb>пріше|ствіе
732,<wb>сна
5709,<wb>члча
916,<wb>тогда
1215,<wb>бѫдете
3760,<wb>дьва
68,<wb>на
1831,<wb>селѣ
438,<wb>едінъ
4254 132,<wb>поем|ле
916,<wb>тогда
971,<wb>дъва
1215,<wb>бѫдете
68,<wb>на
1831,<wb>селѣ
438,<wb>едінъ
4254 132 32,<wb>поем|ле|т
70,<wb>сѧ
77,<wb>а
901,<wb>дроугъі
6945,<wb>оставлѣетъ
70,<wb>сѧ
1764,<wb>дьвѣ
296 500 166,<wb>ме|лѭ|шті
56,<wb>въ
3389 98 103 9,<wb>жръ|нъ|ва|х
2280,<wb>едіна
4254 598,<wb>поем|летъ
70,<wb>сѧ
39,<wb>і
2280,<wb>едіна
6945,<wb>оставлѣетъ
70,<wb>сѧ
1351 89 440,<wb>бь|ді|діте
222,<wb>оубо
99,<wb>ѣко
62,<wb>не
1271,<wb>вѣсте
56,<wb>въ
3403,<wb>кѫѭ
3576,<wb>годінѫ
459,<wb>гь
1870,<wb>вашъ
786,<wb>прідетъ
3334,<wb>бьдіте
99,<wb>ѣко
62,<wb>не
1271,<wb>вѣсте
713,<wb>дьне
121,<wb>се
71,<wb>же
3989,<wb>вѣдіте
99,<wb>ѣко
201,<wb>аште
453,<wb>бі
5880,<wb>вѣдѣлъ
5641 98,<wb>гд|нъ
7148,<wb>храма
56,<wb>въ
3403,<wb>кѫѭ
5070,<wb>стражѫ
3853,<wb>тать
786,<wb>прідетъ
1351 6020,<wb>бь|дѣлъ
222,<wb>оубо
453,<wb>бі
39,<wb>і
62,<wb>не
453,<wb>бі
5725,<wb>оставілъ
826 339 52,<wb>подъ|ръі|ті
6823,<wb>храмінъі
1276,<wb>своеѧ
387,<wb>сего
368,<wb>раді
39,<wb>і
237,<wb>въі
2679,<wb>бѫдѣте
5829,<wb>готові
99,<wb>ѣко
56,<wb>въ
1602,<wb>ньже
62,<wb>не
402 1508,<wb>мъ|ніте
567 349,<wb>ча|сь
423,<wb>снъ
2314,<wb>члчь
786,<wb>прідетъ
523,<wb>кто
222,<wb>оубо
161,<wb>естъ
3990 401,<wb>вѣръ|нъіі
4820,<wb>рабь
39,<wb>і
4770,<wb>мѫдръі
538,<wb>егоже
4911,<wb>поставітъ
2502,<wb>гнъ
1251,<wb>надъ
156 2517,<wb>до|момъ
725,<wb>своімъ
105,<wb>да
520,<wb>дастъ
210,<wb>імъ
56,<wb>въ
783,<wb>врѣмѧ
3924,<wb>піштѫ
2832,<wb>блаженъ
4820 32,<wb>рабь|т
538,<wb>егоже
1782 188,<wb>пріше|дь
459,<wb>гь
424,<wb>своі
2120,<wb>обрѧштетъ
311,<wb>тако
4907,<wb>творѧшта
681,<wb>амін
284,<wb>глѭ
260,<wb>вамъ
99,<wb>ѣко
1251,<wb>надъ
5426,<wb>въсѣмъ
414 1192,<wb>імѣ|ніемъ
4911,<wb>поставітъ
39,<wb>і
4911,<wb>поставітъ
39,<wb>і
201,<wb>аште
178,<wb>лі
141 32,<wb>рече|т
6003,<wb>зьлъі
1379 32,<wb>рабо|т
56,<wb>въ
3636,<wb>срдці
2245,<wb>своемъ
1103 514,<wb>моу|дітъ
2502,<wb>гнъ
329,<wb>моі
1382,<wb>пріті
39,<wb>і
2445 126 32,<wb>начь|не|т
4673,<wb>біті
4420 289,<wb>клеврѣ|тъі
599,<wb>своѧ
1324,<wb>ѣсті
71,<wb>же
39,<wb>і
2061,<wb>піті
75,<wb>съ
303 33 1678 123,<wb>пі|ѣ|ніца|мі
786,<wb>прідетъ
71,<wb>же
2502,<wb>гнъ
1322,<wb>раба
485,<wb>того
56,<wb>въ
6826,<wb>ден
56,<wb>въ
1602,<wb>ньже
62,<wb>не
109 6396,<wb>ч|ѣетъ
39,<wb>і
56,<wb>въ
1396,<wb>часъ
56,<wb>въ
1602,<wb>ньже
62,<wb>не
1559,<wb>вѣстъ
39,<wb>і
164 54 7420,<wb>про|те|шетъ
39,<wb>і
1736 143,<wb>полъ|ма
39,<wb>і
3692,<wb>чѧсть
135,<wb>его
75,<wb>съ
4357 289,<wb>упокрі|тъі
761 32,<wb>положі|т
390,<wb>тоу
362,<wb>бѫдетъ
3526,<wb>плачь
39,<wb>і
1460 257 133,<wb>скръ|жь|ть
3876,<wb>зѫбомъ
916,<wb>тогда
3391 873,<wb>оуподо|бітъ
70,<wb>сѧ
2660,<wb>црство
5929,<wb>нбсное
1344,<wb>іті
5262,<wb>дѣвъ
858,<wb>ѧже
1729 110,<wb>пріемъ|шѧ
1599 137 946,<wb>свѣті|лъ|нікъі
2820,<wb>ізідѫ
1975,<wb>протівѫ
4152 887,<wb>жені|хоу
39,<wb>і
1153 492,<wb>невѣ|стѣ
4960,<wb>оуподобі
70,<wb>сѧ
2660,<wb>црство
582 465,<wb>нб|ное
39,<wb>і
5262,<wb>дѣвъ
53,<wb>д
71,<wb>же
165,<wb>бѣ
84,<wb>отъ
562,<wb>ніхъ
710 16,<wb>боу|і
39,<wb>і
1313,<wb>пѧть
283 625,<wb>мѫ|дръ
710 24,<wb>боу|ѧ
112,<wb>бо
1729 110,<wb>пріемъ|шѧ
1599 137 946,<wb>свѣті|лъ|нікъі
599,<wb>своѧ
62,<wb>не
5766,<wb>възѧшѧ
75,<wb>съ
1391,<wb>собоѭ
7546,<wb>олѣа
77,<wb>а
4770 24,<wb>мѫдръі|ѧ
4551,<wb>пріѧсѧ
190,<wb>сь
1391,<wb>собоѭ
47 2389,<wb>о|лѣі
56,<wb>въ
2035 2506,<wb>съсѫ|дѣхъ
75,<wb>съ
6221,<wb>свѣтільнікъі
1060,<wb>своімі
1103 275 324,<wb>моу|дѧ|штоу
71,<wb>же
4152 887,<wb>жені|хоу
160 7146 2 281,<wb>въз|дрѣма|ш|сѧ
2415,<wb>всѧ
39,<wb>і
753 216,<wb>съпа|ахѫ
1550,<wb>полоу
1516,<wb>ношті
71,<wb>же
7188,<wb>вьпль
351,<wb>бъістъ
121,<wb>се
4087,<wb>женіхъ
505 6855,<wb>грѧ|дет
1248 440,<wb>ісхо|діте
56,<wb>въ
4286 200,<wb>сьрѣте|ніе
144,<wb>емоу
916,<wb>тогда
4912,<wb>въсташѧ
4519,<wb>дѣвъі
288,<wb>тъі
39,<wb>і
1809 3169,<wb>оукра|сішѧ
6221,<wb>свѣтільнікъі
599,<wb>своѧ
77,<wb>а
710 24,<wb>боу|ѧ
510,<wb>рѣшѧ
468,<wb>кь
4770 204,<wb>мѫдръі|імъ
2079,<wb>дадіте
39,<wb>і
489,<wb>намъ
221,<wb>от
7546,<wb>олѣа
1762,<wb>вашего
99,<wb>ѣко
2363 541,<wb>свѣтіль|ніці
1509,<wb>наші
3059 170 304,<wb>оуга|са|ѭтъ
1992,<wb>отъвѣшташѧ
71,<wb>же
4770 24,<wb>мѫдръі|ѧ
189 361,<wb>гл|штѧ
736,<wb>еда
376,<wb>како
62,<wb>не
156 163 733,<wb>до|ста|нетъ
260,<wb>вамъ
39,<wb>і
5075,<wb>нам
1976,<wb>ідѣте
71,<wb>же
580,<wb>паче
150,<wb>къ
1541 1455,<wb>прода|ѭштіімъ
39,<wb>і
4065 54,<wb>коупі|те
436,<wb>себѣ
3732 55,<wb>ідѫшта|мъ
71,<wb>же
210,<wb>імъ
4065 32,<wb>коупі|т
416,<wb>пріде
4087,<wb>женіхъ
39,<wb>і
1689 2075,<wb>гото|въіѧ
4126,<wb>вънідѫ
75,<wb>съ
528,<wb>німъ
68,<wb>на
355 569,<wb>бра|кь
39,<wb>і
7769,<wb>затворенъі
821,<wb>бъішѧ
2002,<wb>двьрі
6830,<wb>послѣдъ
71,<wb>же
955,<wb>прідѫ
39,<wb>і
6637,<wb>прочѧѧ
4519,<wb>дѣвъі
189 361,<wb>гл|штѧ
300,<wb>гі
300,<wb>гі
1150 320,<wb>отвръ|зі
489,<wb>намъ
366,<wb>онъ
71,<wb>же
579,<wb>отъвѣштавъ
141,<wb>рече
681,<wb>амін
284,<wb>глѭ
260,<wb>вамъ
62,<wb>не
1726,<wb>вѣмъ
544,<wb>васъ
3334,<wb>бьдіте
222,<wb>оубо
99,<wb>ѣко
62,<wb>не
1271,<wb>вѣсте
713,<wb>дьне
122,<wb>ні
3214,<wb>часа
713,<wb>дьне
122,<wb>ні
3214,<wb>часа
56,<wb>въ
1602,<wb>ньже
423,<wb>снъ
2314,<wb>члчь
786,<wb>прідетъ
308,<wb>ѣкоже
112,<wb>бо
5772,<wb>члкь
221 560,<wb>от|ходѧ
2749,<wb>прізъва
1833,<wb>рабъі
599,<wb>своѧ
39,<wb>і
520,<wb>дастъ
210,<wb>імъ
3194,<wb>імѣніе
357,<wb>свое
5826,<wb>овомоу
520,<wb>дастъ
53,<wb>д
2708,<wb>талантъ
5826,<wb>овомоу
71,<wb>же
49,<wb>б
5826,<wb>овомоу
71,<wb>же
438,<wb>едінъ
1780 235,<wb>комоу|жде
1975,<wb>протівѫ
2755,<wb>сілѣ
1519,<wb>своеі
39,<wb>і
1334,<wb>отіде
600,<wb>абіе
1291,<wb>шедъ
71,<wb>же
6220,<wb>пріемъі
1313,<wb>пѧть
2129 133,<wb>талан|ть
596,<wb>дѣла
47,<wb>о
562,<wb>ніхъ
39,<wb>і
7145,<wb>пріобрѣте
4211,<wb>дроугѫѭ
1313,<wb>пѧть
2708,<wb>талантъ
964,<wb>такожде
39,<wb>і
227,<wb>іже
3760,<wb>дьва
7145,<wb>пріобрѣте
3279,<wb>дроугаѣ
3760,<wb>дьва
77,<wb>а
90 7398,<wb>прі|емъіі
438,<wb>едінъ
1291,<wb>шедъ
7768,<wb>раскопа
1403,<wb>землѭ
39,<wb>і
1841,<wb>съкръі
4073,<wb>сьребро
480,<wb>га
524,<wb>своего
67,<wb>по
1613,<wb>мнозѣ
71,<wb>же
4723,<wb>врѣмені
416,<wb>пріде
459,<wb>гь
1074,<wb>рабъ
1383,<wb>тѣхъ
39,<wb>і
190 591 230,<wb>сь|тѧ|за
70,<wb>сѧ
47,<wb>о
1866,<wb>словесі
190,<wb>сь
1047,<wb>німі
39,<wb>і
3767,<wb>прістѫпль
6220,<wb>пріемъі
44 194,<wb>п|ѧтъ
2708,<wb>талантъ
2573,<wb>прінесе
4211,<wb>дроугѫѭ
53,<wb>д
2708,<wb>талантъ
441,<wb>глѧ
300,<wb>гі
1313,<wb>пѧть
2708,<wb>талантъ
195,<wb>мі
313,<wb>есі
1598,<wb>далъ
39,<wb>і
121,<wb>се
4211,<wb>дроугѫѭ
1313,<wb>пѧть
2708,<wb>талантъ
5230 115 76,<wb>пріобрѣ|то|хъ
2678,<wb>імі
141,<wb>рече
71,<wb>же
144,<wb>емоу
459,<wb>гь
135,<wb>его
1788,<wb>добръі
3029,<wb>рабе
1521,<wb>благъі
39,<wb>і
4435 126,<wb>вѣр|не
47,<wb>о
2027,<wb>малѣ
165,<wb>бѣ
5173,<wb>вѣренъ
1251,<wb>надъ
823,<wb>многъі
374,<wb>тѧ
1774 3691,<wb>поста|влѭ
891 89,<wb>въні|ді
56,<wb>въ
1994,<wb>радость
480,<wb>га
524,<wb>своего
3767,<wb>прістѫпль
71,<wb>же
39,<wb>і
6220,<wb>пріемъі
971,<wb>дъва
2129 94,<wb>талан|та
141,<wb>рече
300,<wb>гі
971,<wb>дъва
2129 94,<wb>талан|та
195,<wb>мі
313,<wb>есі
7822,<wb>прѣдалъ
121,<wb>се
1096 17,<wb>дроуга|а
971,<wb>дъва
5230 115 76,<wb>пріобрѣ|то|хъ
268,<wb>іма
141,<wb>рече
71,<wb>же
144,<wb>емоу
459,<wb>гь
135,<wb>его
1788,<wb>добръі
3029,<wb>рабе
6876,<wb>вѣрънъі
47,<wb>о
2027,<wb>малѣ
165,<wb>бѣ
5173,<wb>вѣренъ
1251,<wb>надъ
823,<wb>многъі
374,<wb>тѧ
1774 3691,<wb>поста|влѭ
891 89,<wb>въні|ді
56,<wb>въ
1994,<wb>радость
480,<wb>га
524,<wb>своего
3767,<wb>прістѫпль
71,<wb>же
39,<wb>і
6220,<wb>пріемъі
438,<wb>едінъ
2708,<wb>талантъ
141,<wb>рече
300,<wb>гі
791 17 9,<wb>вѣдѣ|а|х
374,<wb>тѧ
99,<wb>ѣко
3311 13,<wb>жесто|к
313,<wb>есі
5772,<wb>члкь
4588,<wb>жьнѧ
773,<wb>ідеже
3106,<wb>нѣсі
2964 36,<wb>сѣа|л
39,<wb>і
2081 24,<wb>събіра|ѧ
6082,<wb>ѭдоуже
3106,<wb>нѣсі
4066 185 137,<wb>расто|чі|лъ
39,<wb>і
1576 92,<wb>оубоѣ|въ
70,<wb>сѧ
1291,<wb>шедъ
7766,<wb>съкръіхъ
2708,<wb>талантъ
462,<wb>твоі
56,<wb>въ
1100,<wb>землі
121,<wb>се
1287,<wb>імаші
357,<wb>свое
579,<wb>отъвѣштавъ
71,<wb>же
459,<wb>гь
135,<wb>его
141,<wb>рече
144,<wb>емоу
6003 16,<wb>зьлъі|і
3029,<wb>рабе
39,<wb>і
486 60 648,<wb>лѣ|ні|въіі
2401,<wb>вѣдѣаше
99,<wb>ѣко
1242 1309,<wb>жь|нѭ
773,<wb>ідеже
62,<wb>не
2964 92,<wb>сѣа|въ
39,<wb>і
2081 3,<wb>събіра|ѭ
6082,<wb>ѭдоуже
62,<wb>не
4066 185 9,<wb>расто|чі|х
3328,<wb>подобааше
323,<wb>ті
222,<wb>оубо
7878,<wb>въдаті
40 2233,<wb>с|ребро
346,<wb>мое
1026 7027,<wb>тръ|жьнікомъ
39,<wb>і
872,<wb>прішедъ
290,<wb>азъ
2698 36,<wb>възѧ|л
5599,<wb>бімъ
357,<wb>свое
75,<wb>съ
7532 2378,<wb>ліх|воѭ
6234,<wb>възьмѣте
222,<wb>оубо
84,<wb>отъ
513,<wb>него
2708,<wb>талантъ
39,<wb>і
2079,<wb>дадіте
4185,<wb>імѫштоумоу
3467,<wb>десѧть
2129 133,<wb>талан|ть
4185,<wb>імѫштоумоу
112,<wb>бо
220 23 79,<wb>ве|с|де
2837,<wb>дано
362,<wb>бѫдетъ
77,<wb>а
221,<wb>от
62,<wb>не
5171,<wb>імѫштааго
39,<wb>і
295,<wb>еже
402 846,<wb>мъ|нітъ
70,<wb>сѧ
1492,<wb>імъі
39,<wb>і
176,<wb>то
2698 115,<wb>възѧ|то
362,<wb>бѫдетъ
221,<wb>от
513,<wb>него
39,<wb>і
62 5617 2174,<wb>не|ключі|мааго
1322,<wb>раба
7788,<wb>въвръзѣте
56,<wb>въ
3721,<wb>тъмѫ
3645 383 7994,<wb>кромѣ|шть|нѭѭ
390,<wb>тоу
362,<wb>бѫдетъ
3526,<wb>плачь
39,<wb>і
7297 43,<wb>скрьжь|тъ
3876,<wb>зѫбомъ
317,<wb>егда
786,<wb>прідетъ
423,<wb>снъ
2314,<wb>члчь
56,<wb>въ
2236,<wb>славѣ
1519,<wb>своеі
317,<wb>егда
786,<wb>прідетъ
423,<wb>снъ
2314,<wb>члчь
56,<wb>въ
2236,<wb>славѣ
1519,<wb>своеі
39,<wb>і
481,<wb>вьсі
4191,<wb>стіі
4637,<wb>англі
75,<wb>съ
528,<wb>німъ
916,<wb>тогда
70 231,<wb>сѧ|детъ
68,<wb>на
6033,<wb>прѣстолѣ
1966,<wb>славъі
599,<wb>своѧ
39,<wb>і
7072,<wb>съберѫтъ
70,<wb>сѧ
1669,<wb>прѣдь
484,<wb>нь
1355,<wb>въсі
7917,<wb>ѧзці
39,<wb>і
3774 1768,<wb>разлѫ|чітъ
225,<wb>ѧ
1121,<wb>дроугъ
221,<wb>от
1096,<wb>дроуга
308,<wb>ѣкоже
3686,<wb>пастъірь
3774 266 2649,<wb>разлѫ|ча|ет
2070,<wb>овьцѧ
84,<wb>отъ
6219 74 383,<wb>козь|лі|шть
39,<wb>і
4911,<wb>поставітъ
2070,<wb>овьцѧ
47,<wb>о
1569,<wb>деснѫѭ
995,<wb>себе
77,<wb>а
6219 74 361,<wb>козь|лі|штѧ
47,<wb>о
4931,<wb>шоуѭ
916,<wb>тогда
1214,<wb>речетъ
774,<wb>црь
3545,<wb>сѫштіімъ
47,<wb>о
705 179,<wb>дес|нѫ
135,<wb>его
2791,<wb>прідѣте
1036 60,<wb>бл|ні
633,<wb>оца
563,<wb>моего
2576 270 410,<wb>наслѣ|доу|іте
7689,<wb>оуготованое
260,<wb>вамъ
6509 830,<wb>цре|ствіе
84,<wb>отъ
7256,<wb>съложеніѣ
3259,<wb>всего
975,<wb>міра
853 3280 76,<wb>възь|алка|хъ
112,<wb>бо
70,<wb>сѧ
39,<wb>і
6229,<wb>дасте
195,<wb>мі
1324,<wb>ѣсті
5652 86 675,<wb>въждѧ|да|хь
70,<wb>сѧ
39,<wb>і
4113 242,<wb>напоі|сте
226,<wb>мѧ
68 1055,<wb>на|гь
39,<wb>і
2048 242,<wb>одѣ|сте
226,<wb>мѧ
112 3531,<wb>бо|лѣхъ
39,<wb>і
3896 242,<wb>посѣті|сте
226,<wb>мѧ
56,<wb>въ
4739,<wb>темьніці
2852,<wb>бѣхъ
39,<wb>і
7429,<wb>прідосте
468,<wb>кь
437,<wb>мьнѣ
916,<wb>тогда
1353 304,<wb>отвѣшта|ѭтъ
144,<wb>емоу
2112 276,<wb>праведъ|ніі
1440,<wb>глште
300,<wb>гі
2170,<wb>когда
374,<wb>тѧ
2219,<wb>відѣхомъ
5824 145,<wb>алчѫ|шта
39,<wb>і
68 2432 454,<wb>на|троу|хомъ
178,<wb>лі
3566 145,<wb>жѧждѫ|шта
39,<wb>і
4113 454,<wb>напоі|хомъ
2170,<wb>когда
71,<wb>же
374,<wb>тѧ
2219,<wb>відѣхомъ
4330 102,<wb>странъ|на
39,<wb>і
7142 1093,<wb>въвѣ|сомъ
178,<wb>лі
5170,<wb>нага
39,<wb>і
2048 454,<wb>одѣ|хомъ
2170,<wb>когда
71,<wb>же
374,<wb>тѧ
2219,<wb>відѣхомъ
1591 102,<wb>боль|на
178,<wb>лі
56,<wb>въ
4739,<wb>темьніці
39,<wb>і
90 868,<wb>прі|домъ
468,<wb>кь
356,<wb>тебѣ
39,<wb>і
328 145 92,<wb>отъвѣшта|шта|въ
774,<wb>црь
1214,<wb>речетъ
3381,<wb>ім
681,<wb>амін
284,<wb>глѭ
2532,<wb>вам
1225,<wb>понеже
3192,<wb>сътворісте
2293,<wb>едіномоу
84,<wb>отъ
5529,<wb>малъіхъ
745,<wb>сіхъ
2044,<wb>братъ
1216,<wb>моіхъ
296 119 1592 9,<wb>ме|нь|шіі|х
437,<wb>мьнѣ
3192,<wb>сътворісте
916,<wb>тогда
1214,<wb>речетъ
39,<wb>і
3545,<wb>сѫштіімъ
47,<wb>о
4931,<wb>шоуѭ
135,<wb>его
1976,<wb>ідѣте
84,<wb>отъ
364,<wb>мене
4822 778,<wb>проклѧ|тіі
56,<wb>въ
894,<wb>огнь
4175,<wb>вѣчьнъіі
1328 139,<wb>оуготова|нъі
4726,<wb>діѣволоу
39,<wb>і
1264 1095,<wb>анг|лмъ
135,<wb>его
4517 76,<wb>възалка|хъ
112,<wb>бо
70,<wb>сѧ
39,<wb>і
62,<wb>не
6229,<wb>дасте
195,<wb>мі
1324,<wb>ѣсті
5652 3988,<wb>въждѧ|дахъ
70,<wb>сѧ
39,<wb>і
62,<wb>не
4113 242,<wb>напоі|сте
364,<wb>мене
348 1804,<wb>стра|ненъ
2852,<wb>бѣхъ
39,<wb>і
62,<wb>не
7142 242,<wb>въвѣ|сте
364,<wb>мене
68 28,<wb>на|г
39,<wb>і
62,<wb>не
2048 242,<wb>одѣ|сте
364,<wb>мене
1683 98,<wb>боле|нъ
39,<wb>і
56,<wb>въ
4739,<wb>темьніці
39,<wb>і
62,<wb>не
3896 242,<wb>посѣті|сте
364,<wb>мене
916,<wb>тогда
1353 304,<wb>отвѣшта|ѭтъ
144,<wb>емоу
39,<wb>і
323,<wb>ті
1440,<wb>глште
300,<wb>гі
2170,<wb>когда
374,<wb>тѧ
2219,<wb>відѣхомъ
5824 145,<wb>алчѫ|шта
178,<wb>лі
3566 145,<wb>жѧждѫ|шта
178,<wb>лі
348 1542,<wb>стра|нна
178,<wb>лі
5170,<wb>нага
178,<wb>лі
6394 102,<wb>бол|на
178,<wb>лі
56,<wb>въ
4739,<wb>темьніці
39,<wb>і
62,<wb>не
7763 454,<wb>послоужі|хомъ
356,<wb>тебѣ
916,<wb>тогда
328 255,<wb>отъвѣшта|етъ
210,<wb>імъ
441,<wb>глѧ
681,<wb>амін
284,<wb>глѭ
260,<wb>вамъ
1225,<wb>понеже
62,<wb>не
3192,<wb>сътворісте
814 172,<wb>едіно|мо
221,<wb>от
745,<wb>сіхъ
296 119 1592 9,<wb>ме|нь|шіі|х
122,<wb>ні
437,<wb>мьнѣ
3192,<wb>сътворісте
39,<wb>і
4136,<wb>ідѫтъ
747,<wb>сіі
56,<wb>въ
6965,<wb>мѫкѫ
1102 602,<wb>вѣчь|нѫѭ
77,<wb>а
6935,<wb>праведьніці
56,<wb>въ
2702,<wb>жізнь
1102 602,<wb>вѣчь|нѫѭ
39,<wb>і
351,<wb>бъістъ
317,<wb>егда
6912,<wb>съконча
331,<wb>ісъ
1819,<wb>въса
1020,<wb>словеса
159,<wb>сі
141,<wb>рече
936,<wb>оученікомъ
725,<wb>своімъ
1271,<wb>вѣсте
99,<wb>ѣко
67,<wb>по
4112,<wb>двою
271 1760,<wb>дь|ню
2762,<wb>пасха
4651,<wb>бѫдет
39,<wb>і
423,<wb>снъ
2314,<wb>члчь
3270,<wb>прѣданъ
362,<wb>бѫдетъ
68,<wb>на
5925 11,<wb>распѧті|е
1271,<wb>вѣсте
99,<wb>ѣко
67,<wb>по
4112,<wb>двою
271 1760,<wb>дь|ню
2762,<wb>пасха
4651,<wb>бѫдет
39,<wb>і
423,<wb>снъ
2314,<wb>члчь
3270,<wb>прѣданъ
362,<wb>бѫдетъ
68,<wb>на
5925 11,<wb>распѧті|е
916,<wb>тогда
190 1917 110,<wb>сь|бьра|шѧ
70,<wb>сѧ
942,<wb>архіереі
39,<wb>і
4005,<wb>старці
1468 1928,<wb>людь|стіі
68,<wb>на
1526 21,<wb>дво|р
5168,<wb>архіереовъ
4725,<wb>наріцаемааго
4812 2347,<wb>каіа|фа
39,<wb>і
4999 110,<wb>сьвѣшта|шѧ
105,<wb>да
566,<wb>іса
639 767,<wb>ле|стіѭ
1177,<wb>імѫтъ
39,<wb>і
766 5651,<wb>оубі|ѭт
997,<wb>глаахѫ
71,<wb>же
484,<wb>нь
62,<wb>не
56,<wb>въ
1120 2586,<wb>праздь|нікь
105,<wb>да
62,<wb>не
2101 103,<wb>млъ|ва
362,<wb>бѫдетъ
56,<wb>въ
3565,<wb>людехъ
1073,<wb>ісоу
71,<wb>же
1252,<wb>бъівъшоу
56,<wb>въ
5694 276,<wb>віѳа|ніі
56,<wb>въ
756,<wb>домоу
2918,<wb>сімона
3752 482,<wb>прокаже|нааго
1073,<wb>ісоу
1252,<wb>бъівъшоу
56,<wb>въ
5694 276,<wb>віѳа|ніі
56,<wb>въ
156 14,<wb>до|м
1158,<wb>прістѫпі
468,<wb>кь
398,<wb>немоу
847,<wb>жена
3456,<wb>імѫшті
6297 103 1365,<wb>ала|ва|стръ
7983,<wb>мура
6703 213,<wb>драга|аго
39,<wb>і
262 1034,<wb>вьз|ліѣ
68,<wb>на
1512,<wb>главѫ
135,<wb>его
2960 324,<wb>възлежѧ|штоу
144,<wb>емоу
1137,<wb>відѣвъше
71,<wb>же
559,<wb>оученіці
135,<wb>его
513 4929,<wb>него|довашѧ
1440,<wb>глште
1316,<wb>чесо
368,<wb>раді
5308 5656,<wb>гъі|бѣль
159,<wb>сі
2250,<wb>можааше
112,<wb>бо
3564,<wb>муро
121,<wb>се
1541 85,<wb>прода|но
503,<wb>бъіті
68,<wb>на
1613,<wb>мнозѣ
39,<wb>і
2837,<wb>дано
4003 14,<wb>ніштіі|м
2654,<wb>разоумѣвъ
71,<wb>же
107,<wb>іс
141,<wb>рече
210,<wb>імъ
526,<wb>чьто
5394,<wb>троудъі
105 661,<wb>да|ете
2607,<wb>женѣ
1043,<wb>дѣло
112,<wb>бо
640,<wb>добро
7009,<wb>съдѣла
56,<wb>въ
437,<wb>мьнѣ
3828,<wb>вьсегда
112,<wb>бо
4724,<wb>ніштѧѧ
1048,<wb>імате
190,<wb>сь
246,<wb>мно
1391,<wb>собоѭ
364,<wb>мене
71,<wb>же
62,<wb>не
4870,<wb>въсегда
1048,<wb>імате
160 1034 794 33,<wb>въз|ліѣ|въші|ѣ
112,<wb>бо
747,<wb>сіі
3564,<wb>муро
121,<wb>се
68,<wb>на
817,<wb>тѣло
346,<wb>мое
68,<wb>на
6218,<wb>погребеніе
226,<wb>мѧ
261,<wb>сътворі
681,<wb>амін
284,<wb>глѭ
260,<wb>вамъ
773,<wb>ідеже
201,<wb>аште
1111 85,<wb>проповѣда|но
362,<wb>бѫдетъ
7898 4061,<wb>евн|гліе
121,<wb>се
81,<wb>вь
960 55,<wb>въсе|мъ
2060,<wb>мірѣ
1214,<wb>речетъ
70,<wb>сѧ
39,<wb>і
295,<wb>еже
261,<wb>сътворі
159,<wb>сі
56,<wb>въ
2766,<wb>памѧть
908,<wb>еѧ
916,<wb>тогда
1291,<wb>шедъ
438,<wb>едінъ
84,<wb>отъ
2328,<wb>обою
68,<wb>на
811,<wb>десѧте
2770,<wb>наріцаемъі
1667,<wb>іюда
5534 344,<wb>іскаріотъ|скъі
468,<wb>кь
3696,<wb>архіереомъ
141,<wb>рече
526,<wb>чьто
195,<wb>мі
1568,<wb>хоштете
1288,<wb>даті
39,<wb>і
695,<wb>азь
260,<wb>вамъ
444 285,<wb>прѣда|мъі
39,<wb>і
609,<wb>оні
71,<wb>же
5165,<wb>поставішѧ
144,<wb>емоу
65,<wb>г
40 1529 101 2586,<wb>с|реб|ръ|нікь
39,<wb>і
84,<wb>отъ
1749,<wb>толі
3368,<wb>іскааше
5483,<wb>подобьна
517 206,<wb>врѣ|ме
62,<wb>не
105,<wb>да
39,<wb>і
444 214,<wb>прѣда|сть
105,<wb>да
39,<wb>і
1419,<wb>прѣдастъ
56,<wb>въ
4922,<wb>пръвъіі
71,<wb>же
2121,<wb>денъ
7688 148,<wb>опрѣснъ|къі
2558,<wb>прістѫпішѧ
559,<wb>оученіці
468,<wb>кь
1449,<wb>ісві
654,<wb>глѭште
4118,<wb>кьде
1178,<wb>хоштеші
39,<wb>і
1328 389,<wb>оуготова|емъ
356,<wb>тебѣ
1324,<wb>ѣсті
2202,<wb>пасхѫ
366,<wb>онъ
71,<wb>же
141,<wb>рече
1976,<wb>ідѣте
56,<wb>въ
698,<wb>градъ
468,<wb>кь
428 118,<wb>ді|нѣ
39,<wb>і
3487,<wb>рьцѣте
144,<wb>емоу
1899,<wb>оучітель
1561,<wb>глетъ
783,<wb>врѣмѧ
346,<wb>мое
5476,<wb>блізь
161,<wb>естъ
73,<wb>оу
614,<wb>тебе
2543,<wb>сътворѭ
2202,<wb>пасхѫ
190,<wb>сь
1222,<wb>оученікъі
5406,<wb>моімі
39,<wb>і
2579 110,<wb>сьтворі|шѧ
559,<wb>оученіці
308,<wb>ѣкоже
449,<wb>повелѣ
210,<wb>імъ
331,<wb>ісъ
39,<wb>і
6481,<wb>оуготовашѧ
2202,<wb>пасхѫ
5187,<wb>вечероу
71,<wb>же
6838 358,<wb>бъівь|шоу
5823,<wb>възлеже
331,<wb>ісъ
75,<wb>съ
2868,<wb>обѣма
68,<wb>на
811,<wb>десѧте
286 59 282,<wb>оучені|ко|мѧ
39,<wb>і
5375,<wb>ѣдѫштемъ
210,<wb>імъ
128 8,<wb>ре|ч
2099,<wb>амінъ
284,<wb>глѭ
260,<wb>вамъ
99,<wb>ѣко
438,<wb>едінъ
84,<wb>отъ
544,<wb>васъ
1419,<wb>прѣдастъ
226,<wb>мѧ
39,<wb>і
5015 91,<wb>скръбѧ|ште
760,<wb>зѣло
3606,<wb>начѧсѧ
1375,<wb>глаті
144,<wb>емоу
438,<wb>едінъ
468 1630,<wb>кь|ждо
299,<wb>іхъ
736,<wb>еда
695,<wb>азь
568,<wb>есмъ
300,<wb>гі
366,<wb>онъ
71,<wb>же
579,<wb>отъвѣштавъ
141,<wb>рече
4190 4076,<wb>омо|чіі
75,<wb>съ
1558,<wb>мноѭ
56,<wb>въ
6397 104,<wb>солі|лѣ
1085,<wb>рѫкѫ
157,<wb>тъ
226,<wb>мѧ
1419,<wb>прѣдастъ
423,<wb>снъ
71,<wb>же
2314 1258,<wb>члчь|скъіі
1861,<wb>ідетъ
308,<wb>ѣкоже
161,<wb>естъ
2141,<wb>пісано
47,<wb>о
590,<wb>немь
1364,<wb>горе
71,<wb>же
3593,<wb>члкоу
650,<wb>томоу
2523,<wb>імъже
423,<wb>снъ
2314,<wb>члчь
3270,<wb>прѣданъ
362,<wb>бѫдетъ
5665,<wb>добрѣе
144,<wb>емоу
453,<wb>бі
3801,<wb>бъіло
201,<wb>аште
453,<wb>бі
62,<wb>не
6432,<wb>роділъ
70,<wb>сѧ
5772,<wb>члкь
157,<wb>тъ
579,<wb>отъвѣштавъ
1667,<wb>іюда
5164,<wb>прѣдаѧі
135,<wb>его
141,<wb>рече
736,<wb>еда
290,<wb>азъ
568,<wb>есмъ
1302,<wb>оучітелю
130,<wb>гла
144,<wb>емоу
288,<wb>тъі
141,<wb>рече
5375,<wb>ѣдѫштемъ
71,<wb>же
210,<wb>імъ
1729,<wb>пріемъ
331,<wb>ісъ
831,<wb>хлѣбъ
1036 23 383,<wb>бл|с|шть
127 4167,<wb>прѣ|ломь
39,<wb>і
4329,<wb>даѣше
936,<wb>оученікомъ
725,<wb>своімъ
39,<wb>і
141,<wb>рече
4604,<wb>пріімѣте
7440,<wb>ѣдіте
121,<wb>се
161,<wb>естъ
817,<wb>тѣло
346,<wb>мое
39,<wb>і
1729,<wb>пріемъ
2551,<wb>чашѫ
1643,<wb>хвалѫ
4222,<wb>въздавъ
520,<wb>дастъ
210,<wb>імъ
441,<wb>глѧ
303 410,<wb>пі|іте
84,<wb>отъ
2861,<wb>неѧ
481,<wb>вьсі
121,<wb>се
161,<wb>естъ
2414,<wb>кръвь
556,<wb>моѣ
298 1314,<wb>но|вааго
6026,<wb>завѣта
6839,<wb>проліваема
171,<wb>за
237,<wb>въі
56,<wb>въ
405 3313,<wb>оста|вленіе
3688,<wb>грѣхомъ
284,<wb>глѭ
71,<wb>же
260,<wb>вамъ
99,<wb>ѣко
62,<wb>не
2661,<wb>імамь
2061,<wb>піті
1303,<wb>юже
84,<wb>отъ
387,<wb>сего
1552,<wb>плода
874 312 482,<wb>ло|зь|нааго
156,<wb>до
485,<wb>того
713,<wb>дьне
317,<wb>егда
5481,<wb>піѭ
75,<wb>съ
1805,<wb>вамі
298 180,<wb>но|вь
56,<wb>въ
7260,<wb>црствіі
633,<wb>оца
563,<wb>моего
39,<wb>і
7683 340,<wb>въспѣ|въше
2820,<wb>ізідѫ
56,<wb>въ
1735,<wb>горѫ
5050 10 1339,<wb>елео|н|скѫ
916,<wb>тогда
130,<wb>гла
210,<wb>імъ
331,<wb>ісъ
1355,<wb>въсі
237,<wb>въі
190 4260 1125 54,<wb>сь|бла|зні|те
70,<wb>сѧ
47,<wb>о
437,<wb>мьнѣ
81,<wb>вь
1732,<wb>сіѭ
1524,<wb>ношть
2141,<wb>пісано
112,<wb>бо
715,<wb>есть
2937 834,<wb>пора|жѫ
2184 96,<wb>пастъі|рѣ
39,<wb>і
4514 491,<wb>разі|дѫтъ
70,<wb>сѧ
7192 363,<wb>ове|ць
305 86,<wb>ста|да
67,<wb>по
3768 276,<wb>въскръсе|ніі
71,<wb>же
3468,<wb>моемъ
152 1013,<wb>ва|рѭ
237,<wb>въі
237,<wb>въі
56,<wb>въ
1703,<wb>галілеі
579,<wb>отъвѣштавъ
71,<wb>же
818,<wb>петръ
141,<wb>рече
144,<wb>емоу
201,<wb>аште
39,<wb>і
481,<wb>вьсі
190 4260 19 375 32,<wb>сь|бла|з|нѧ|т
70,<wb>сѧ
47,<wb>о
356,<wb>тебѣ
77,<wb>а
695,<wb>азь
1770,<wb>ніколіже
62,<wb>не
3609 1309,<wb>съблаж|нѭ
70,<wb>сѧ
141,<wb>рече
144,<wb>емоу
331,<wb>ісъ
681,<wb>амін
284,<wb>глѭ
356,<wb>тебѣ
99,<wb>ѣко
81,<wb>вь
1732,<wb>сіѭ
3676,<wb>ноштъ
536,<wb>прѣжде
2238,<wb>даже
4439,<wb>коуръ
62,<wb>не
2802 32,<wb>възгласі|т
1188,<wb>трі
2827,<wb>кратъі
221 852 116,<wb>от|връже|ші
70,<wb>сѧ
364,<wb>мене
130,<wb>гла
144,<wb>емоу
818,<wb>петръ
201,<wb>аште
3685 1768,<wb>клю|чітъ
195,<wb>мі
70,<wb>сѧ
75,<wb>съ
1238,<wb>тобоѭ
4328,<wb>оумьрѣті
62,<wb>не
1150 540,<wb>отвръ|гѫ
70,<wb>сѧ
614,<wb>тебе
964,<wb>такожде
39,<wb>і
1355,<wb>въсі
559,<wb>оученіці
510,<wb>рѣшѧ
916,<wb>тогда
416,<wb>пріде
190,<wb>сь
1047,<wb>німі
331,<wb>ісъ
81,<wb>вь
1285,<wb>весь
1105 5618,<wb>наріцае|мѫѭ
3635 188 129 143 60,<wb>ге|дь|сі|ма|ні
39,<wb>і
130,<wb>гла
936,<wb>оученікомъ
70 382,<wb>сѧ|дѣте
390,<wb>тоу
1315,<wb>доньдеже
1291,<wb>шедъ
3316 500,<wb>пом|лѭ
70,<wb>сѧ
2285,<wb>тамо
39,<wb>і
5107,<wb>поемъ
2094,<wb>петра
39,<wb>і
740,<wb>оба
3267,<wb>снъі
4513,<wb>зеведеова
1194,<wb>начѧтъ
1460 205 52,<wb>скръ|бѣ|ті
39,<wb>і
1311 3190,<wb>тѫ|жіті
916,<wb>тогда
130,<wb>гла
210,<wb>імъ
4512 280 102,<wb>пріскръ|бь|на
161,<wb>естъ
1490,<wb>дша
556,<wb>моѣ
156,<wb>до
190 1056 52,<wb>сь|мръ|ті
5162 382,<wb>пожі|дѣте
978,<wb>сьде
39,<wb>і
3334,<wb>бьдіте
190,<wb>сь
4678,<wb>мьноѭ
39,<wb>і
127 82 188,<wb>прѣ|ше|дь
998,<wb>мало
1812,<wb>паде
7967,<wb>ніць
51 302,<wb>м|лѧ
70,<wb>сѧ
39,<wb>і
441,<wb>глѧ
1466,<wb>оче
329,<wb>моі
201,<wb>аште
6377,<wb>възможьно
161,<wb>естъ
105,<wb>да
1250,<wb>мімо
1861,<wb>ідетъ
84,<wb>отъ
364,<wb>мене
567 158,<wb>ча|ша
747,<wb>сіі
1245,<wb>обаче
62,<wb>не
308,<wb>ѣкоже
695,<wb>азь
1799,<wb>хоштѫ
208,<wb>нъ
99,<wb>ѣко
288,<wb>тъі
416,<wb>пріде
468,<wb>кь
936,<wb>оученікомъ
39,<wb>і
1128,<wb>обрѣте
225,<wb>ѧ
190 842 361,<wb>сь|пѧ|штѧ
39,<wb>і
130,<wb>гла
2826,<wb>петрові
311,<wb>тако
178,<wb>лі
62,<wb>не
5544,<wb>възможе
39,<wb>і
940,<wb>едіного
3214,<wb>часа
67 280 2968,<wb>по|бь|дѣті
190,<wb>сь
2117,<wb>мъноѭ
443 440,<wb>бъ|діте
39,<wb>і
3936 54,<wb>мл|те
70,<wb>сѧ
105,<wb>да
62,<wb>не
6970,<wb>вънідете
56,<wb>въ
5561,<wb>напасть
768,<wb>дхъ
112,<wb>бо
715,<wb>есть
1351 625,<wb>бь|дръ
77,<wb>а
2518,<wb>плъть
3986 102,<wb>немошть|на
404,<wb>пакъі
4511,<wb>въторіцеѭ
1291,<wb>шедъ
2313,<wb>помолі
70,<wb>сѧ
441,<wb>глѧ
1466,<wb>оче
329,<wb>моі
201,<wb>аште
62,<wb>не
6377,<wb>възможьно
161,<wb>естъ
567 116,<wb>ча|ші
2994,<wb>сеі
105,<wb>да
1250,<wb>мімо
452 32,<wb>іде|т
84,<wb>отъ
364,<wb>мене
201,<wb>аште
62,<wb>не
5481,<wb>піѭ
908,<wb>еѧ
1021,<wb>бѫді
3285,<wb>волѣ
552,<wb>твоѣ
39,<wb>і
872,<wb>прішедъ
404,<wb>пакъі
1128,<wb>обрѣте
225,<wb>ѧ
190 842 361,<wb>сь|пѧ|штѧ
5480,<wb>бѣсте
112,<wb>бо
210,<wb>імъ
531,<wb>очі
7968 133 118,<wb>тѧго|ть|нѣ
39,<wb>і
405 3639,<wb>оста|влъ
225,<wb>ѧ
404,<wb>пакъі
1291,<wb>шедъ
2313,<wb>помолі
70,<wb>сѧ
2301 1274,<wb>третіі|цеѭ
2636,<wb>тожде
442,<wb>слово
5337,<wb>рекь
916,<wb>тогда
416,<wb>пріде
468,<wb>кь
936,<wb>оученікомъ
39,<wb>і
130,<wb>гла
210,<wb>імъ
190 6632,<wb>сь|піте
5121,<wb>прочее
39,<wb>і
2748 5320,<wb>почі|ваіте
121,<wb>се
1477,<wb>прібліжі
70,<wb>сѧ
1638,<wb>годіна
39,<wb>і
423,<wb>снъ
345 4965,<wb>чл|чскъі
6869,<wb>прѣдаетъ
70,<wb>сѧ
56,<wb>въ
825,<wb>рѫцѣ
1023 1426,<wb>грѣшь|нікомъ
5850,<wb>въстанѣте
3384,<wb>ідѣмъ
121,<wb>се
1477,<wb>прібліжі
70,<wb>сѧ
5164,<wb>прѣдаѧі
226,<wb>мѧ
39,<wb>і
836,<wb>еште
3383,<wb>глѭштоу
144,<wb>емоу
121,<wb>се
1667,<wb>іюда
84,<wb>отъ
2328,<wb>обою
68,<wb>на
2597,<wb>десѧті
416,<wb>пріде
39,<wb>і
190,<wb>сь
528,<wb>німъ
956,<wb>народъ
4928,<wb>многь
190,<wb>сь
6631,<wb>орѫжіі
39,<wb>і
624 59 4979,<wb>дръ|ко|льмі
84,<wb>отъ
942,<wb>архіереі
39,<wb>і
5510 363,<wb>старе|ць
1468 3928,<wb>людь|скъііхъ
5164,<wb>прѣдаѧі
71,<wb>же
520,<wb>дастъ
210,<wb>імъ
1719,<wb>знаменіе
441,<wb>глѧ
538,<wb>егоже
695,<wb>азь
874 280 834,<wb>ло|бь|жѫ
157,<wb>тъ
161,<wb>естъ
3651,<wb>імѣте
39,<wb>і
600,<wb>абіе
71,<wb>же
3767,<wb>прістѫпль
468,<wb>кь
1073,<wb>ісоу
141,<wb>рече
144,<wb>емоу
2917,<wb>радоуі
70,<wb>сѧ
3816,<wb>равві
39,<wb>і
3973,<wb>облобъіза
39,<wb>і
331,<wb>ісъ
71,<wb>же
141,<wb>рече
144,<wb>емоу
4848,<wb>дроуже
68,<wb>на
1487,<wb>неже
313,<wb>есі
4207,<wb>прішелъ
426,<wb>творі
916,<wb>тогда
3767 82,<wb>прістѫпль|ше
3574,<wb>възложішѧ
825,<wb>рѫцѣ
68,<wb>на
566,<wb>іса
39,<wb>і
3331,<wb>ѧсѧ
39,<wb>і
39,<wb>і
121,<wb>се
438,<wb>едінъ
221,<wb>от
5355,<wb>сѫштііхъ
75,<wb>съ
107 23 55,<wb>іс|с|мъ
5242,<wb>простеръ
1085,<wb>рѫкѫ
7758,<wb>ізвлѣче
4249,<wb>ножь
424,<wb>своі
39,<wb>і
1734 125,<wb>оуда|рь
1322,<wb>раба
5492,<wb>архіереова
5934,<wb>оурѣза
144,<wb>емоу
2554,<wb>оухо
7414,<wb>десное
916,<wb>тогда
130,<wb>гла
144,<wb>емоу
331,<wb>ісъ
1049,<wb>възвраті
4249,<wb>ножь
462,<wb>твоі
56,<wb>въ
357,<wb>свое
707,<wb>мѣсто
1355,<wb>въсі
112,<wb>бо
1729 1592,<wb>пріемъ|шіі
4249,<wb>ножь
298 2877,<wb>но|жемъ
4510,<wb>погъібнѫтъ
178,<wb>лі
3030,<wb>мьнітъ
323,<wb>ті
70,<wb>сѧ
99,<wb>ѣко
62,<wb>не
1179,<wb>могѫ
6007,<wb>ннѣ
851 1527,<wb>оум|літі
633,<wb>оца
563,<wb>моего
39,<wb>і
2305 742,<wb>пріста|вітъ
588,<wb>мнѣ
4734,<wb>вѧште
5676,<wb>нежелі
971,<wb>дъва
68,<wb>на
811,<wb>десѧте
4751 4908,<wb>леге|она
2370,<wb>англъ
376,<wb>како
71,<wb>же
222,<wb>оубо
3463,<wb>събѫдѫтъ
70,<wb>сѧ
3802,<wb>кьнігъі
99,<wb>ѣко
311,<wb>тако
3328,<wb>подобааше
503,<wb>бъіті
56,<wb>въ
157,<wb>тъ
1396,<wb>часъ
141,<wb>рече
331,<wb>ісъ
1961,<wb>народомъ
99,<wb>ѣко
68,<wb>на
3183,<wb>разбоініка
178,<wb>лі
5657,<wb>ізідосте
75,<wb>съ
2669 389,<wb>орѫжі|емъ
39,<wb>і
624 59 1823,<wb>дръ|ко|лмі
3489,<wb>ѧтъ
364,<wb>мене
67,<wb>по
618,<wb>вьсѧ
752,<wb>дьні
90,<wb>прі
2668,<wb>вась
333 114 1673,<wb>сѣ|дѣ|ахъ
56,<wb>въ
2796,<wb>цркві
1408,<wb>оучѧ
39,<wb>і
62,<wb>не
5839,<wb>ѧсте
364,<wb>мене
121,<wb>се
71,<wb>же
960,<wb>въсе
351,<wb>бъістъ
105,<wb>да
3463,<wb>събѫдѫтъ
70,<wb>сѧ
3802,<wb>кьнігъі
1885 229 1185,<wb>прр|чь|скъіѧ
916,<wb>тогда
559,<wb>оученіці
481,<wb>вьсі
5206 82,<wb>оставль|ше
39,<wb>і
4273,<wb>бѣжашѧ
1920,<wb>воіні
71,<wb>же
5185,<wb>емъше
566,<wb>іса
2958,<wb>вѣсѧ
39,<wb>і
468,<wb>кь
7831,<wb>каіафѣ
5101,<wb>архіереові
773,<wb>ідеже
6649,<wb>кьніжьніці
39,<wb>і
4217,<wb>старьці
3581 110,<wb>събьра|шѧ
70,<wb>сѧ
1920,<wb>воіні
5048 82,<wb>ем|ше
566,<wb>іса
2958,<wb>вѣсѧ
39,<wb>і
468,<wb>кь
7831,<wb>каіафѣ
818,<wb>петръ
71,<wb>же
1619,<wb>ідѣаше
67,<wb>по
590,<wb>немь
168,<wb>із
2037,<wb>далече
156,<wb>до
7805,<wb>двора
5492,<wb>архіереова
39,<wb>і
1952,<wb>въшедъ
3291,<wb>вънѫтрь
2908,<wb>сѣдѣаше
75,<wb>съ
2128 123,<wb>слоуга|мі
1078,<wb>відѣті
919,<wb>хотѧ
1088 4768,<wb>конь|чінѫ
942,<wb>архіереі
71,<wb>же
39,<wb>і
4005,<wb>старці
39,<wb>і
190 1448,<wb>сь|немъ
1285,<wb>весь
2446,<wb>іскаахѫ
1374 278,<wb>лъ|жа
2447 793,<wb>сьвѣдѣтель|ства
68,<wb>на
566,<wb>іса
99,<wb>ѣко
105,<wb>да
3345,<wb>оубіѭтъ
39,<wb>і
39,<wb>і
62,<wb>не
2825,<wb>обрѣтѫ
2471,<wb>многомъ
71,<wb>же
4085 4562,<wb>съвѣдѣте|лемъ
7392 2959,<wb>прістѫпа|въшемъ
1257,<wb>послѣдь
71,<wb>же
662 2192 158,<wb>прістѫ|плъ|ша
3760,<wb>дьва
966 278,<wb>ль|жа
1176 7462,<wb>сьвѣ|дѣтелѣ
2413,<wb>рѣсте
190,<wb>сь
141,<wb>рече
1179,<wb>могѫ
7140,<wb>разоріті
7348,<wb>црковь
4009,<wb>бжіѭ
39,<wb>і
3354,<wb>трьмі
6889,<wb>дьньмі
75 312 1393,<wb>съ|зь|даті
483,<wb>ѭ
39,<wb>і
1343,<wb>въставъ
942,<wb>архіереі
39,<wb>і
141,<wb>рече
144,<wb>емоу
1330,<wb>нічесоже
178,<wb>лі
1353 3604,<wb>отвѣшта|ваеші
394,<wb>что
747,<wb>сіі
68,<wb>на
374,<wb>тѧ
553 34 1319 605 304,<wb>съвѣ|д|тель|ствоу|ѭтъ
331,<wb>ісъ
71,<wb>же
2101 1690,<wb>млъ|чааше
39,<wb>і
579,<wb>отъвѣштавъ
942,<wb>архіереі
141,<wb>рече
144,<wb>емоу
6629 3,<wb>закліна|ѭ
374,<wb>тѧ
4047,<wb>бмъ
2127 204,<wb>жівъі|імъ
105,<wb>да
4866,<wb>речеші
489,<wb>намъ
201,<wb>аште
288,<wb>тъі
313,<wb>есі
930,<wb>хъ
423,<wb>снъ
422,<wb>ба
5198,<wb>жівааго
130,<wb>гла
144,<wb>емоу
331,<wb>ісъ
288,<wb>тъі
141,<wb>рече
1245,<wb>обаче
284,<wb>глѭ
260,<wb>вамъ
84,<wb>отъ
1831,<wb>селѣ
1893,<wb>оузьріте
732,<wb>сна
345 7394,<wb>чл|чѣ
3599,<wb>сѣдѧшта
47,<wb>о
1569,<wb>деснѫѭ
1464,<wb>сілъі
39,<wb>і
7240,<wb>грѧдѫшть
68,<wb>на
4915,<wb>облацѣхъ
1525 668,<wb>нбс|нъііхъ
916,<wb>тогда
942,<wb>архіереі
6627,<wb>растръза
1290,<wb>різъі
599,<wb>своѧ
441,<wb>глѧ
99,<wb>ѣко
7356,<wb>власвіміѭ
141,<wb>рече
526,<wb>чьто
836,<wb>еште
7283,<wb>трѣбоуете
2447,<wb>сьвѣдѣтель
121,<wb>се
6007,<wb>ннѣ
2680,<wb>слъішасте
7356,<wb>власвіміѭ
135,<wb>его
526,<wb>чьто
70,<wb>сѧ
260,<wb>вамъ
3030,<wb>мьнітъ
609,<wb>оні
71,<wb>же
3943,<wb>отъвѣштавъше
510,<wb>рѣшѧ
1996 1804,<wb>пові|ненъ
161,<wb>естъ
190 1056 52,<wb>сь|мръ|ті
916,<wb>тогда
171 1545 1076,<wb>за|пль|вашѧ
144,<wb>емоу
822,<wb>ліце
39,<wb>і
5017,<wb>пакості
144,<wb>емоу
250 216,<wb>дѣ|ахѫ
47 1425,<wb>о|віі
171,<wb>за
5933,<wb>ланітѫ
3675 110,<wb>оударі|шѧ
1440,<wb>глште
164 5644,<wb>про|рьці
489,<wb>намъ
2055,<wb>хе
523,<wb>кто
161,<wb>естъ
1734 2965,<wb>оуда|реі
374,<wb>тѧ
818,<wb>петръ
71,<wb>же
6524,<wb>вънѣ
2908,<wb>сѣдѣаше
68,<wb>на
6729,<wb>дворѣ
39,<wb>і
1158,<wb>прістѫпі
468,<wb>кь
398,<wb>немоу
2280,<wb>едіна
1833 60,<wb>рабъі|ні
3702,<wb>глѭшті
39,<wb>і
288,<wb>тъі
165,<wb>бѣ
75,<wb>съ
107 1321,<wb>іс|омъ
1703 5158,<wb>галілеі|скъіімъ
366,<wb>онъ
71,<wb>же
221 852,<wb>от|връже
70,<wb>сѧ
396,<wb>прѣдъ
1838,<wb>вьсѣмі
441,<wb>глѧ
62,<wb>не
1744,<wb>вѣмь
526,<wb>чьто
1594,<wb>глеші
39,<wb>і
1686 358,<wb>ішедъ|шоу
144,<wb>емоу
56,<wb>въ
1947,<wb>врата
2855,<wb>оузьрѣ
39,<wb>і
3279,<wb>дроугаѣ
39,<wb>і
130,<wb>гла
210,<wb>імъ
390,<wb>тоу
39,<wb>і
190,<wb>сь
165,<wb>бѣ
75,<wb>съ
107 1321,<wb>іс|омъ
4621 1321,<wb>назаре|омъ
39,<wb>і
404,<wb>пакъі
221 852,<wb>от|връже
70,<wb>сѧ
75,<wb>съ
2338 4545,<wb>клѧ|твоѭ
99,<wb>ѣко
62,<wb>не
3461,<wb>знаѭ
2316,<wb>члка
62,<wb>не
67,<wb>по
1613,<wb>мнозѣ
71,<wb>же
3445,<wb>прістѫпьше
1050 642,<wb>стоѧ|штіі
510,<wb>рѣшѧ
2826,<wb>петрові
56,<wb>въ
843,<wb>істінѫ
39,<wb>і
288,<wb>тъі
221,<wb>от
562,<wb>ніхъ
313,<wb>есі
39,<wb>і
112,<wb>бо
39,<wb>і
1235 86,<wb>бесѣ|да
552,<wb>твоѣ
1869,<wb>ѣвѣ
374,<wb>тѧ
1057,<wb>творітъ
916,<wb>тогда
1194,<wb>начѧтъ
310 3090,<wb>ро|тіті
70,<wb>сѧ
39,<wb>і
7289,<wb>клѧті
99,<wb>ѣко
62,<wb>не
3461,<wb>знаѭ
2316,<wb>члка
39,<wb>і
600,<wb>абіе
4439,<wb>коуръ
2802,<wb>възгласі
39,<wb>і
3232,<wb>помѧнѫ
818,<wb>петръ
2993,<wb>глъ
6753,<wb>ісвъ
227,<wb>іже
141,<wb>рече
144,<wb>емоу
99,<wb>ѣко
536,<wb>прѣжде
2238,<wb>даже
4439,<wb>коуръ
62,<wb>не
4697,<wb>възгласітъ
1188,<wb>трі
2827,<wb>кратъі
221 852 116,<wb>от|връже|ші
70,<wb>сѧ
364,<wb>мене
39,<wb>і
1686,<wb>ішедъ
2420,<wb>вонъ
1803,<wb>плака
70,<wb>сѧ
6934,<wb>горько
1803,<wb>плака
70,<wb>сѧ
4425 59,<wb>гор|ко
5838,<wb>оутроу
71,<wb>же
1252,<wb>бъівъшоу
3037,<wb>съвѣтъ
1513,<wb>сътворішѧ
481,<wb>вьсі
942,<wb>архіереі
39,<wb>і
4005,<wb>старці
1468 1928,<wb>людь|стіі
68,<wb>на
566,<wb>іса
99,<wb>ѣко
1911,<wb>оубіті
39,<wb>і
3037,<wb>съвѣтъ
1513,<wb>сътворішѧ
1355,<wb>въсі
942,<wb>архіереі
39,<wb>і
4005,<wb>старці
279 34 1928,<wb>лю|д|стіі
68,<wb>на
566,<wb>іса
99,<wb>ѣко
105,<wb>да
3345,<wb>оубіѭтъ
39,<wb>і
171 8,<wb>за|ч
39,<wb>і
4687,<wb>съвѧзавъше
39,<wb>і
2958,<wb>вѣсѧ
39,<wb>і
2985,<wb>прѣдашѧ
39,<wb>і
67 10 43 3096,<wb>по|н|тъ|скоумоу
2984,<wb>пілатоу
6444,<wb>ігемоноу
39,<wb>і
4687,<wb>съвѧзавъше
39,<wb>і
2958,<wb>вѣсѧ
39,<wb>і
2985,<wb>прѣдашѧ
39,<wb>і
2984,<wb>пілатоу
6444,<wb>ігемоноу
916,<wb>тогда
649,<wb>відѣвъ
1667,<wb>іюда
444 648,<wb>прѣда|въіі
135,<wb>его
99,<wb>ѣко
1171 1656,<wb>осѫ|дішѧ
39,<wb>і
120 3007 92,<wb>ра|скаѣ|въ
70,<wb>сѧ
1049,<wb>възвраті
65 52,<wb>г|ті
190 1529 101 2586,<wb>сь|реб|ръ|нікь
3696,<wb>архіереомъ
39,<wb>і
1666 1233,<wb>стар|цемъ
649,<wb>відѣвъ
1667,<wb>іюда
99,<wb>ѣко
1171 1656,<wb>осѫ|дішѧ
39,<wb>і
702 13,<wb>рас|к
441,<wb>глѧ
190 917 871,<wb>сь|грѣ|шіхъ
444 92,<wb>прѣда|въ
2414,<wb>кръвь
3590 5410,<wb>непові|ннѫ
609,<wb>оні
71,<wb>же
510,<wb>рѣшѧ
526,<wb>чьто
161,<wb>естъ
4103,<wb>намь
288,<wb>тъі
3498,<wb>оузьріші
39,<wb>і
4718 1055,<wb>повръ|гь
4073,<wb>сьребро
56,<wb>въ
2796,<wb>цркві
1334,<wb>отіде
39,<wb>і
6572,<wb>ошедъ
1734 111,<wb>оуда|ві
70,<wb>сѧ
942,<wb>архіереі
71,<wb>же
7802,<wb>пріемъше
4073,<wb>сьребро
510,<wb>рѣшѧ
62,<wb>не
1862,<wb>достоітъ
2882 52,<wb>въложі|ті
135,<wb>его
56,<wb>въ
184 21 63 179,<wb>ко|р|во|нѫ
1225,<wb>понеже
370 102,<wb>цѣ|на
2596,<wb>кръве
161,<wb>естъ
3959,<wb>сьвѣтъ
71,<wb>же
6373,<wb>сътворьше
4065 110,<wb>коупі|шѧ
3381,<wb>ім
2610,<wb>село
7393 153 2017,<wb>скѫде|ль|ніче
56,<wb>въ
7511 200,<wb>погрѣба|ніе
4330 897,<wb>странъ|нъіімъ
1347 48,<wb>тѣмь|же
1220,<wb>нарече
70,<wb>сѧ
2610,<wb>село
176,<wb>то
2610,<wb>село
2596,<wb>кръве
39,<wb>і
156,<wb>до
387,<wb>сего
713,<wb>дьне
916,<wb>тогда
190 325 23,<wb>сь|бъі|с
70,<wb>сѧ
3075,<wb>реченое
2394 123 389,<wb>іере|мі|емъ
7628,<wb>прркмъ
8034,<wb>глштемъ
39,<wb>і
4551,<wb>пріѧсѧ
65,<wb>г
190 1529 101 60 13,<wb>сь|реб|ръ|ні|к
370 179,<wb>цѣ|нѫ
370 126 482,<wb>цѣ|не|нааго
538,<wb>егоже
370 3018,<wb>цѣ|нішѧ
84,<wb>отъ
4989,<wb>сновъ
168 36 180,<wb>із|л|вь
39,<wb>і
3857,<wb>дашѧ
483,<wb>ѭ
68,<wb>на
1831,<wb>селѣ
7393 8012 185,<wb>скѫде|льні|чі
308,<wb>ѣкоже
190 839,<wb>сь|каза
437,<wb>мьнѣ
459,<wb>гь
331,<wb>ісъ
71,<wb>же
305,<wb>ста
1669,<wb>прѣдь
4341 687,<wb>ігемо|номъ
39,<wb>і
1136,<wb>въпросі
39,<wb>і
7969,<wb>ігемонъ
441,<wb>глѧ
288,<wb>тъі
178,<wb>лі
313,<wb>есі
774,<wb>црь
2458,<wb>іюдеіскъ
331,<wb>ісъ
71,<wb>же
141,<wb>рече
144,<wb>емоу
288,<wb>тъі
1594,<wb>глеші
39,<wb>і
317,<wb>егда
68,<wb>на
484,<wb>нь
997,<wb>глаахѫ
942,<wb>архіереі
39,<wb>і
4005,<wb>старці
1330,<wb>нічесоже
62,<wb>не
4953,<wb>отъвѣштавааше
916,<wb>тогда
130,<wb>гла
144,<wb>емоу
1099,<wb>пілатъ
62,<wb>не
5498,<wb>слъішіші
178,<wb>лі
1924,<wb>коліко
747,<wb>сіі
68,<wb>на
374,<wb>тѧ
4086 304,<wb>сьвѣдѣтельствоу|ѭтъ
39,<wb>і
62,<wb>не
328,<wb>отъвѣшта
144,<wb>емоу
122,<wb>ні
468,<wb>кь
2293,<wb>едіномоу
2073,<wb>глоу
99,<wb>ѣко
5390,<wb>дівіті
70,<wb>сѧ
6444,<wb>ігемоноу
760,<wb>зѣло
68,<wb>на
572 569,<wb>всѣ|кь
71,<wb>же
869,<wb>день
367 569,<wb>велі|кь
3321,<wb>объічаі
165,<wb>бѣ
6444,<wb>ігемоноу
4982,<wb>отъпоуштаті
940,<wb>едіного
190 381 312 118,<wb>сь|вѧ|зь|нѣ
2168,<wb>народоу
538,<wb>егоже
2772,<wb>хотѣахѫ
1865,<wb>імѣаше
71,<wb>же
916,<wb>тогда
190 381 312 118,<wb>сь|вѧ|зь|нѣ
6484 94,<wb>нарочі|та
4725,<wb>наріцаемааго
4631,<wb>вараавѫ
39,<wb>і
190 1917 3929,<wb>сь|бьра|номь
71,<wb>же
4097,<wb>сѫштемъ
3381,<wb>ім
141,<wb>рече
210,<wb>імъ
1099,<wb>пілатъ
1483,<wb>кого
1568,<wb>хоштете
221,<wb>от
2328,<wb>обою
105,<wb>да
2818 474,<wb>отпоу|штѫ
2532,<wb>вам
4631,<wb>вараавѫ
178,<wb>лі
518,<wb>ілі
566,<wb>іса
4725,<wb>наріцаемааго
1236,<wb>ха
2401,<wb>вѣдѣаше
112,<wb>бо
99,<wb>ѣко
2769,<wb>завісті
368,<wb>раді
2985,<wb>прѣдашѧ
39,<wb>і
6225,<wb>сѣдѧштоу
71,<wb>же
144,<wb>емоу
68,<wb>на
3792,<wb>сѫдішті
456,<wb>посъла
468,<wb>кь
398,<wb>немоу
847,<wb>жена
1596,<wb>своѣ
3702,<wb>глѭшті
4148,<wb>нічьтоже
356,<wb>тебѣ
39,<wb>і
1685 1935,<wb>праведь|нікоу
650,<wb>томоу
7219,<wb>мьного
112,<wb>бо
3206 76,<wb>пострада|хъ
1535,<wb>дьнесь
56,<wb>въ
3439,<wb>сьнѣ
135,<wb>его
368,<wb>раді
942,<wb>архіереі
71,<wb>же
39,<wb>і
4005,<wb>старці
1270 110,<wb>наоучі|шѧ
2455,<wb>народъі
105,<wb>да
3572 2222,<wb>іспро|сѧтъ
4631,<wb>вараавѫ
566,<wb>іса
71,<wb>же
6922,<wb>погоубѧтъ
328 180,<wb>отъвѣшта|вь
71,<wb>же
7969,<wb>ігемонъ
141,<wb>рече
210,<wb>імъ
1483,<wb>кого
1568,<wb>хоштете
221,<wb>от
2328,<wb>обою
39,<wb>і
4091,<wb>отъпоуштѫ
260,<wb>вамъ
609,<wb>оні
71,<wb>же
510,<wb>рѣшѧ
4631,<wb>вараавѫ
130,<wb>гла
210,<wb>імъ
1099,<wb>пілатъ
526,<wb>чьто
71,<wb>же
2543,<wb>сътворѭ
566,<wb>іса
4725,<wb>наріцаемааго
1236,<wb>ха
1489,<wb>глашѧ
481,<wb>вьсі
105,<wb>да
6050,<wb>распѧтъ
362,<wb>бѫдетъ
7969,<wb>ігемонъ
71,<wb>же
141,<wb>рече
210,<wb>імъ
526,<wb>чьто
222,<wb>оубо
2754,<wb>зьло
261,<wb>сътворі
609,<wb>оні
71,<wb>же
4157,<wb>ізліха
1914 2580,<wb>въпі|ѣахѫ
1440,<wb>глште
105,<wb>да
6050,<wb>распѧтъ
362,<wb>бѫдетъ
649,<wb>відѣвъ
71,<wb>же
1099,<wb>пілатъ
99,<wb>ѣко
4148,<wb>нічьтоже
2200 255,<wb>оуспѣ|етъ
208,<wb>нъ
580,<wb>паче
2101 103,<wb>млъ|ва
4182,<wb>бъіваетъ
1729,<wb>пріемъ
1905,<wb>водѫ
1424,<wb>оумъі
825,<wb>рѫцѣ
396,<wb>прѣдъ
1961,<wb>народомъ
441,<wb>глѧ
62,<wb>не
1996 1804,<wb>пові|ненъ
568,<wb>есмъ
84,<wb>отъ
2596,<wb>кръве
387,<wb>сего
2112 482,<wb>праведъ|нааго
237,<wb>въі
1893,<wb>оузьріте
3943,<wb>отъвѣштавъше
481,<wb>вьсі
685,<wb>іюдеі
510,<wb>рѣшѧ
2414,<wb>кръвь
135,<wb>его
68,<wb>на
759,<wb>насъ
39,<wb>і
68,<wb>на
708 2506,<wb>чѧ|дѣхъ
1509 9,<wb>наші|х
916,<wb>тогда
5998,<wb>отпоусті
210,<wb>імъ
4631,<wb>вараавѫ
566,<wb>іса
71,<wb>же
453 92,<wb>бі|въ
1419,<wb>прѣдастъ
210,<wb>імъ
105,<wb>да
39,<wb>і
2773 977,<wb>распь|нѫтъ
916,<wb>тогда
1920,<wb>воіні
4341 2893,<wb>ігемо|нові
7750 82,<wb>прѣімъ|ше
566,<wb>іса
56,<wb>въ
3792,<wb>сѫдішті
3581 110,<wb>събьра|шѧ
68,<wb>на
484,<wb>нь
321 3,<wb>въс|ѭ
7406,<wb>спірѫ
39,<wb>і
75 3639 569 82,<wb>съ|влъ|кь|ше
39,<wb>і
136 4195 2430,<wb>х|ламі|доѭ
47 8 101 1295 1080,<wb>о|ч|ръ|вле|ноѭ
2048 110,<wb>одѣ|шѧ
39,<wb>і
39,<wb>і
190 37 598 82,<wb>сь|п|летъ|ше
140 1959,<wb>вѣ|нець
84,<wb>отъ
5917,<wb>тръніѣ
3574,<wb>възложішѧ
68,<wb>на
1512,<wb>главѫ
144,<wb>емоу
39,<wb>і
1026 214,<wb>тръ|сть
56,<wb>въ
7038,<wb>десніцѫ
144,<wb>емоу
39,<wb>і
2275 98 82,<wb>покло|нъ|ше
70,<wb>сѧ
68,<wb>на
6207,<wb>колѣноу
3707,<wb>прѣд
528,<wb>німъ
4466,<wb>рѫгаахѫ
70,<wb>сѧ
144,<wb>емоу
1440,<wb>глште
2917,<wb>радоуі
70,<wb>сѧ
3475,<wb>црю
2458,<wb>іюдеіскъ
39,<wb>і
44 182 179 340,<wb>п|лю|нѫ|въше
68,<wb>на
484,<wb>нь
4551,<wb>пріѧсѧ
1026 214,<wb>тръ|сть
39,<wb>і
453 2580,<wb>бі|ѣахѫ
39,<wb>і
67,<wb>по
5004,<wb>главѣ
39,<wb>і
317,<wb>егда
3360 110,<wb>порѫга|шѧ
70,<wb>сѧ
144,<wb>емоу
4825 4122,<wb>съвлѣ|кошѧ
75,<wb>съ
513,<wb>него
136 4195 175,<wb>х|ламі|дѫ
39,<wb>і
5814,<wb>облѣшѧ
39,<wb>і
56,<wb>въ
1290,<wb>різъі
599,<wb>своѧ
39,<wb>і
2958,<wb>вѣсѧ
39,<wb>і
68,<wb>на
5925 11,<wb>распѧті|е
4976,<wb>ісходѧште
71,<wb>же
2825,<wb>обрѣтѫ
2316,<wb>члка
3772 968 384,<wb>курі|нѣі|ска
3473,<wb>іменемъ
2918,<wb>сімона
1135,<wb>семоу
7795,<wb>задѣшѧ
105,<wb>да
1003 2126,<wb>поне|сетъ
4702,<wb>крстъ
135,<wb>его
105,<wb>да
1003 2126,<wb>поне|сетъ
4702,<wb>крстъ
135,<wb>его
39,<wb>і
2133,<wb>прішедъше
68,<wb>на
707,<wb>мѣсто
7047,<wb>наріцаемое
223 36 58 2355,<wb>го|л|го|ѳа
295,<wb>еже
161,<wb>естъ
5794,<wb>съказаемо
5813,<wb>краніево
707,<wb>мѣсто
2133,<wb>прішедъше
1920,<wb>воіні
105,<wb>да
144,<wb>емоу
2061,<wb>піті
4584 255,<wb>оц|етъ
75,<wb>съ
100 137 4569,<wb>з|лъ|чіѭ
7423 2018,<wb>размѣ|шенъ
39,<wb>і
1138 272,<wb>въкоу|шь
62,<wb>не
1414,<wb>хотѣаше
2061,<wb>піті
702 498 119 82,<wb>рас|пе|нь|ше
71,<wb>же
39,<wb>і
1555 2427,<wb>раздѣ|лішѧ
1290,<wb>різъі
135,<wb>его
39,<wb>і
296 3167,<wb>ме|таахѫ
6205,<wb>жрѣбіѧ
39,<wb>і
7855,<wb>сѣдъше
1903 2223,<wb>стрѣ|жаахѫ
39,<wb>і
390,<wb>тоу
39,<wb>і
3574,<wb>възложішѧ
3573,<wb>връхоу
1800,<wb>главъі
135,<wb>его
5475,<wb>вінѫ
135,<wb>его
1456 179,<wb>напіса|нѫ
190,<wb>сь
161,<wb>естъ
331,<wb>ісъ
845,<wb>цръ
685 6848,<wb>іюдеі|скь
916,<wb>тогда
2906 281,<wb>распѧ|сѧ
190,<wb>сь
730,<wb>німь
971,<wb>дъва
3183,<wb>разбоініка
940,<wb>едіного
47,<wb>о
1569,<wb>деснѫѭ
39,<wb>і
940,<wb>едіного
47,<wb>о
4931,<wb>шоуѭ
1250,<wb>мімо
1553 642,<wb>ходѧ|штіі
71,<wb>же
1032 1650,<wb>хоу|лѣахѫ
39,<wb>і
6594 4296,<wb>покъі|ваѭште
7748,<wb>главамі
1060,<wb>своімі
39,<wb>і
1440,<wb>глште
73 103,<wb>оу|ва
4810 5646,<wb>раза|рѣѧі
7348,<wb>црковь
39,<wb>і
3354,<wb>трьмі
869 123,<wb>день|мі
190 320 6420,<wb>сь|зі|даѧ
483,<wb>ѭ
5697,<wb>спсі
70,<wb>сѧ
201,<wb>аште
423,<wb>снъ
313,<wb>есі
776,<wb>бжіі
75 5474,<wb>съ|лѣзі
75,<wb>съ
4361,<wb>крста
964,<wb>такожде
39,<wb>і
942,<wb>архіереі
2616 393,<wb>рѫга|ѭште
70,<wb>сѧ
190,<wb>сь
3771 946,<wb>кьніжь|нікъі
39,<wb>і
4005,<wb>старці
39,<wb>і
1325,<wb>фарісеі
2098,<wb>глахѫ
2331,<wb>інъі
2903,<wb>спсе
77,<wb>а
995,<wb>себе
178,<wb>лі
62,<wb>не
819,<wb>можетъ
5197,<wb>спсті
201,<wb>аште
774,<wb>црь
168 3714,<wb>із|лвъ
161,<wb>естъ
105,<wb>да
75 669 255,<wb>съ|лѣз|етъ
457,<wb>нъінѣ
75,<wb>съ
4361,<wb>крста
39,<wb>і
827,<wb>вѣрѫ
537 106,<wb>іме|мь
144,<wb>емоу
4266,<wb>оупьва
68,<wb>на
422,<wb>ба
105,<wb>да
3210,<wb>ізбавітъ
39,<wb>і
6007,<wb>ннѣ
201,<wb>аште
1462,<wb>хоштетъ
144,<wb>емоу
141,<wb>рече
112,<wb>бо
99,<wb>ѣко
423,<wb>снъ
776,<wb>бжіі
568,<wb>есмъ
84,<wb>отъ
5811 24,<wb>шестъі|ѧ
71,<wb>же
5138,<wb>годінъі
2337,<wb>тъма
351,<wb>бъістъ
67,<wb>по
4855,<wb>всеі
734,<wb>земі
156,<wb>до
7923,<wb>девѧтъіѧ
5138,<wb>годінъі
90,<wb>прі
2519 3480,<wb>девѧ|тѣі
71,<wb>же
5485,<wb>годінѣ
5324,<wb>вьзьпі
331,<wb>ісъ
3452 55,<wb>глас|мъ
3567,<wb>веліемь
441,<wb>глѧ
5329 74,<wb>ел|лі
5329 74,<wb>ел|лі
639 143,<wb>ле|ма
171 103 9 94 276,<wb>за|ва|х|та|ніі
295,<wb>еже
161,<wb>естъ
277,<wb>бе
329,<wb>моі
772,<wb>бже
329,<wb>моі
2715,<wb>въскѫѭ
226,<wb>мѧ
313,<wb>есі
5725,<wb>оставілъ
3660,<wb>етеріі
71,<wb>же
84,<wb>отъ
6699,<wb>стоѧштііхъ
390,<wb>тоу
379 5045,<wb>слъіша|вьше
997,<wb>глаахѫ
99,<wb>ѣко
4945,<wb>іліѭ
130 3648,<wb>гла|шаетъ
39,<wb>і
600,<wb>абіе
238 569,<wb>те|кь
438,<wb>едінъ
84,<wb>отъ
562,<wb>ніхъ
1729,<wb>пріемъ
7611,<wb>гѫбѫ
3446,<wb>ісплънь
71,<wb>же
5199,<wb>оцьта
39,<wb>і
1528 312,<wb>възне|зь
68,<wb>на
5996,<wb>трьсть
1546 802,<wb>напа|ѣше
39,<wb>і
77,<wb>а
3745,<wb>прочіі
997,<wb>глаахѫ
4703,<wb>остані
105,<wb>да
2497,<wb>відімъ
201,<wb>аште
786,<wb>прідетъ
2709,<wb>іліѣ
3432 97,<wb>сьпа|стъ
135,<wb>его
1572,<wb>інъ
71,<wb>же
1729,<wb>пріемъ
7548,<wb>копіе
5810,<wb>прободе
144,<wb>емоу
2983,<wb>ребра
39,<wb>і
820,<wb>ізіде
1933,<wb>вода
39,<wb>і
4729,<wb>кръвъ
331,<wb>ісъ
71,<wb>же
4784 92,<wb>възьпі|въ
2321,<wb>гласомъ
6092,<wb>веліемъ
7746,<wb>іспоусті
768,<wb>дхъ
39,<wb>і
121,<wb>се
332 94 498 94 19 143,<wb>ка|та|пе|та|з|ма
7348 1027,<wb>црковь|наа
5153,<wb>раздъра
70,<wb>сѧ
75,<wb>съ
5601,<wb>въішьнѣаго
973 33,<wb>кра|ѣ
156,<wb>до
122 257 2148,<wb>ні|жь|нѣаго
68,<wb>на
53 1356,<wb>д|вое
39,<wb>і
1748,<wb>землѣ
7177 199,<wb>потрѧ|се
70,<wb>сѧ
39,<wb>і
3222,<wb>каменіе
702 3518 177,<wb>рас|пада|аше
70,<wb>сѧ
39,<wb>і
6824,<wb>гробі
3870 281,<wb>отврѣ|сѧ
70,<wb>сѧ
39,<wb>і
1022 17,<wb>многа|а
3008,<wb>тѣлеса
2748 4255,<wb>почі|въшііхъ
5381,<wb>стъіхъ
4912,<wb>въсташѧ
39,<wb>і
4607,<wb>ішедъше
168,<wb>із
7557,<wb>гробь
67,<wb>по
56,<wb>въ
67,<wb>по
3768 60,<wb>въскръсе|ні
135,<wb>его
4126,<wb>вънідѫ
56,<wb>въ
490,<wb>стъі
698,<wb>градъ
39,<wb>і
7131,<wb>ѣвішѧ
70,<wb>сѧ
2471,<wb>многомъ
190 133 2586,<wb>сь|ть|нікь
71,<wb>же
39,<wb>і
227,<wb>іже
812,<wb>бѣахѫ
190,<wb>сь
730,<wb>німь
3457 91,<wb>стрѣгѫ|ште
566,<wb>іса
1137,<wb>відѣвъше
2393 349,<wb>трѫ|сь
39,<wb>і
7205,<wb>бъівъшаа
3253,<wb>оубоѣшѧ
70,<wb>сѧ
760,<wb>зѣло
654,<wb>глѭште
237 147 179,<wb>въі|сті|нѫ
423,<wb>снъ
776,<wb>бжіі
165,<wb>бѣ
190,<wb>сь
423,<wb>снъ
776,<wb>бжіі
165,<wb>бѣ
812,<wb>бѣахѫ
71,<wb>же
390,<wb>тоу
1881,<wb>женъі
823,<wb>многъі
168,<wb>із
2037,<wb>далече
5034 361,<wb>зьрѧ|штѧ
858,<wb>ѧже
674,<wb>ідѫ
67,<wb>по
2412,<wb>ісѣ
84,<wb>отъ
3050,<wb>галілеѧ
4325 361,<wb>слоужѧ|штѧ
144,<wb>емоу
56,<wb>въ
562,<wb>ніхъ
71,<wb>же
165,<wb>бѣ
5099,<wb>маріа
3258,<wb>магдалъіні
39,<wb>і
1160,<wb>маріѣ
3682,<wb>іѣковлѣ
1009 16,<wb>іосі|і
3196,<wb>мті
2405,<wb>сноу
3357 6845,<wb>зеведе|овоу
2730,<wb>поздѣ
78 11,<wb>ѣ|е
1252,<wb>бъівъшоу
416,<wb>пріде
1300,<wb>члкъ
1969,<wb>богатъ
84,<wb>отъ
4902 6907,<wb>аріма|ѳеѧ
3473,<wb>іменемъ
2123,<wb>іосіфъ
227,<wb>іже
39,<wb>і
157,<wb>тъ
571,<wb>оучі
70,<wb>сѧ
73,<wb>оу
566,<wb>іса
190,<wb>сь
3767,<wb>прістѫпль
468,<wb>кь
2984,<wb>пілатоу
954,<wb>просі
3043,<wb>тѣла
4744,<wb>ісва
916,<wb>тогда
781 32,<wb>піла|т
449,<wb>повелѣ
7878,<wb>въдаті
817,<wb>тѣло
4332,<wb>ісво
39,<wb>і
1729,<wb>пріемъ
817,<wb>тѣло
2123,<wb>іосіфъ
909 43,<wb>обі|тъ
50,<wb>е
627 183 33 5642,<wb>пла|шт|ѣ|ніцеѭ
3071 3,<wb>чісто|ѭ
39,<wb>і
761,<wb>положі
50,<wb>е
56,<wb>въ
298 87 55,<wb>но|вѣ|мъ
2245,<wb>своемъ
2424,<wb>гробѣ
227,<wb>іже
2412 83,<wb>ісѣ|че
56,<wb>въ
3251,<wb>камені
39,<wb>і
160 103 153,<wb>въз|ва|ль
1497,<wb>камень
2844,<wb>веліі
68,<wb>на
2002,<wb>двьрі
1970,<wb>гроба
39,<wb>і
1334,<wb>отіде
165,<wb>бѣ
71,<wb>же
390,<wb>тоу
1160,<wb>маріѣ
3258,<wb>магдалъіні
39,<wb>і
3279,<wb>дроугаѣ
1160,<wb>маріѣ
1041 166,<wb>сѣдѧ|шті
4166,<wb>прѣмо
3188,<wb>гробоу
56,<wb>въ
4481 48,<wb>оутрѣі|же
161,<wb>естъ
67,<wb>по
4257 18 3320,<wb>параске|в|гіі
2547,<wb>събърашѧ
70,<wb>сѧ
942,<wb>архіереі
150,<wb>къ
2984,<wb>пілатоу
56,<wb>въ
4481,<wb>оутрѣі
227,<wb>іже
161,<wb>естъ
67,<wb>по
4257 18 3320,<wb>параске|в|гіі
1440,<wb>глште
300,<wb>гі
3232 196 14,<wb>помѧнѫ|хо|м
99,<wb>ѣко
966 242 363,<wb>ль|сте|ць
366,<wb>онъ
141,<wb>рече
836,<wb>еште
1724,<wb>жівъ
576,<wb>съі
67,<wb>по
4714,<wb>трехъ
497 4480,<wb>дъ|нехъ
6081,<wb>въстанѫ
3136,<wb>повелі
222,<wb>оубо
1609 943,<wb>оутвръ|діті
1785,<wb>гробъ
156,<wb>до
5316 213,<wb>третіѣ|аго
713,<wb>дьне
736,<wb>еда
376,<wb>како
2133,<wb>прішедъше
559,<wb>оученіці
135,<wb>его
1809 491,<wb>оукра|дѫтъ
39,<wb>і
39,<wb>і
2159,<wb>рекѫтъ
2356,<wb>людемъ
421,<wb>въста
84,<wb>отъ
6988 9,<wb>мрътвъіі|х
39,<wb>і
362,<wb>бѫдетъ
1257 3784,<wb>послѣдь|нѣа
7854,<wb>лесть
4425 116,<wb>гор|ші
638 2075,<wb>пръ|въіѧ
141,<wb>рече
71,<wb>же
210,<wb>імъ
1099,<wb>пілатъ
1048,<wb>імате
6286 5152,<wb>коусто|діѭ
1976,<wb>ідѣте
1609 440,<wb>оутвръ|діте
308,<wb>ѣкоже
1271,<wb>вѣсте
609,<wb>оні
71,<wb>же
3135,<wb>шедъше
1609 1656,<wb>оутвръ|дішѧ
1785,<wb>гробъ
171 498 7394 4067 340,<wb>за|пе|чѣ|тьлѣ|въше
1497,<wb>камень
75,<wb>съ
6286 89 3084,<wb>коусто|ді|еѭ
75,<wb>съ
6286 89 3084,<wb>коусто|ді|еѭ
56,<wb>въ
4343,<wb>вечеръ
7806,<wb>сѫботънъі
2000 94 533,<wb>сві|та|ѭшті
56,<wb>въ
638 2499,<wb>пръ|вѫѭ
3292,<wb>сѫботъ
416,<wb>пріде
1160,<wb>маріѣ
3258,<wb>магдалъіні
39,<wb>і
3279,<wb>дроугаѣ
1160,<wb>маріѣ
2998,<wb>відѣтъ
1970,<wb>гроба
39,<wb>і
121,<wb>се
6861,<wb>трѫсъ
351,<wb>бъістъ
4143,<wb>велеі
2370,<wb>англъ
112,<wb>бо
2502,<wb>гнъ
190 412,<wb>сь|шедъ
75,<wb>съ
1586,<wb>нбсе
3767,<wb>прістѫпль
4324 74,<wb>отъва|лі
1497,<wb>камень
84,<wb>отъ
5849,<wb>двьріі
1970,<wb>гроба
39,<wb>і
2908,<wb>сѣдѣаше
68,<wb>на
590,<wb>немь
165,<wb>бѣ
71,<wb>же
6834 569,<wb>зра|кь
135,<wb>его
99,<wb>ѣко
2101 276,<wb>млъ|ніі
39,<wb>і
2048 3585,<wb>одѣ|аніе
135,<wb>его
165 93,<wb>бѣ|ло
99,<wb>ѣко
3618 1055,<wb>снѣ|гь
84,<wb>отъ
2609,<wb>страха
71,<wb>же
135,<wb>его
64 265 349 623,<wb>т|рѧ|сь|сѫ
70,<wb>сѧ
3457 642,<wb>стрѣгѫ|штіі
39,<wb>і
821,<wb>бъішѧ
699,<wb>акъі
867 111,<wb>мрът|ві
5264,<wb>отвѣштавъ
71,<wb>же
2370,<wb>англъ
141,<wb>рече
847 143,<wb>жена|ма
62,<wb>не
2496 94,<wb>боі|та
70,<wb>сѧ
237,<wb>въі
791,<wb>вѣдѣ
112,<wb>бо
99,<wb>ѣко
566,<wb>іса
2906 4130,<wb>распѧ|тааго
1305 94,<wb>іште|та
595,<wb>нѣстъ
978,<wb>сьде
421,<wb>въста
112,<wb>бо
308,<wb>ѣкоже
141,<wb>рече
90 4040,<wb>прі|дѣта
39,<wb>і
952 94,<wb>віді|та
707,<wb>мѣсто
773,<wb>ідеже
7852,<wb>лежа
459,<wb>гь
39,<wb>і
2377,<wb>скоро
1291 116,<wb>шедъ|ші
6618,<wb>рьцѣта
936,<wb>оученікомъ
135,<wb>его
99,<wb>ѣко
421,<wb>въста
84,<wb>отъ
2986,<wb>мрътвъііхъ
39,<wb>і
121,<wb>се
5582 255,<wb>варѣ|етъ
237,<wb>въі
56,<wb>въ
1703,<wb>галілеі
390,<wb>тоу
39,<wb>і
1893,<wb>оузьріте
121,<wb>се
949,<wb>рѣхъ
2674,<wb>вама
39,<wb>і
1686 116,<wb>ішедъ|ші
5472,<wb>ѧдро
84,<wb>отъ
1970,<wb>гроба
75,<wb>съ
3179,<wb>страхомъ
39,<wb>і
2659,<wb>радостіѭ
7153,<wb>веліеѭ
330 242,<wb>тѣ|сте
5720,<wb>възвѣстітъ
936,<wb>оученікомъ
135,<wb>его
39,<wb>і
121,<wb>се
331,<wb>ісъ
4286,<wb>сьрѣте
78,<wb>ѣ
441,<wb>глѧ
2917 94,<wb>радоуі|та
70,<wb>сѧ
5852,<wb>онѣ
71,<wb>же
1606 116,<wb>прістѫпь|ші
5839,<wb>ѧсте
70,<wb>сѧ
171,<wb>за
1052,<wb>нозѣ
135,<wb>его
39,<wb>і
1534 242,<wb>поклоні|сте
70,<wb>сѧ
144,<wb>емоу
916,<wb>тогда
130,<wb>гла
268,<wb>іма
331,<wb>ісъ
62,<wb>не
2496 94,<wb>боі|та
70,<wb>сѧ
4537,<wb>ідѣта
39,<wb>і
2024 94,<wb>възвѣсті|та
5421,<wb>братіі
1859,<wb>моеі
105,<wb>да
674 32,<wb>ідѫ|т
56,<wb>въ
2767,<wb>галілеѭ
39,<wb>і
390,<wb>тоу
226,<wb>мѧ
1104 555,<wb>відѧ|дѧтъ
674 4366,<wb>ідѫ|штема
71,<wb>же
268,<wb>іма
121,<wb>се
3551,<wb>етері
221,<wb>от
6286 6643,<wb>коусто|діѧ
2133,<wb>прішедъше
56,<wb>въ
698,<wb>градъ
4705,<wb>вьзвѣстішѧ
3696,<wb>архіереомъ
913,<wb>въсѣ
7205,<wb>бъівъшаа
39,<wb>і
3581 110,<wb>събьра|шѧ
70,<wb>сѧ
4005,<wb>старці
3959,<wb>сьвѣтъ
71,<wb>же
6373,<wb>сътворьше
3830,<wb>съребро
693,<wb>много
3857,<wb>дашѧ
4089,<wb>воіномъ
1440,<wb>глште
3487,<wb>рьцѣте
99,<wb>ѣко
559,<wb>оученіці
135,<wb>его
2536,<wb>ноштіѭ
2133,<wb>прішедъше
1809 801,<wb>оукра|дошѧ
39,<wb>і
489,<wb>намъ
190 842 824,<wb>сь|пѧ|штемъ
39,<wb>і
201,<wb>аште
121,<wb>се
1148 85,<wb>оуслъіша|но
362,<wb>бѫдетъ
73,<wb>оу
4341 102,<wb>ігемо|на
478,<wb>мъі
5167 2207,<wb>оуто|лімъ
39,<wb>і
39,<wb>і
237,<wb>въі
1241,<wb>бес
967 36 139,<wb>печа|л|нъі
261 14,<wb>сътворі|м
609,<wb>оні
71,<wb>же
7802,<wb>пріемъше
40 2233,<wb>с|ребро
1513,<wb>сътворішѧ
308,<wb>ѣкоже
993 244,<wb>наоу|чені
821,<wb>бъішѧ
39,<wb>і
164 106 83,<wb>про|мь|че
70,<wb>сѧ
442,<wb>слово
121,<wb>се
56,<wb>въ
7738,<wb>іюдеіхъ
39,<wb>і
156,<wb>до
387,<wb>сего
713,<wb>дьне
3922,<wb>едінъі
71,<wb>же
68,<wb>на
811,<wb>десѧте
1092,<wb>оученікъ
674,<wb>ідѫ
56,<wb>въ
2767,<wb>галілеѭ
56,<wb>въ
1735,<wb>горѫ
2676,<wb>ѣможе
449,<wb>повелѣ
210,<wb>імъ
331,<wb>ісъ
3922,<wb>едінъі
68,<wb>на
811,<wb>десѧте
286 13,<wb>оучені|к
39,<wb>і
248 111 114 340,<wb>відѣ|ві|дѣ|въше
39,<wb>і
4995,<wb>поклонішѧ
70,<wb>сѧ
144,<wb>емоу
1953,<wb>ові
71,<wb>же
7395 14 118 110,<wb>оусѫ|м|нѣ|шѧ
70,<wb>сѧ
39,<wb>і
662 2192,<wb>прістѫ|плъ
331,<wb>ісъ
141,<wb>рече
210,<wb>імъ
441,<wb>глѧ
105 102,<wb>да|на
195,<wb>мі
50 69,<wb>е|ст
4987,<wb>вьсѣка
1517,<wb>власть
68,<wb>на
3728,<wb>нбсі
39,<wb>і
68,<wb>на
734,<wb>земі
3135,<wb>шедъше
222,<wb>оубо
5539,<wb>наоучіте
3337,<wb>въсѧ
6104,<wb>ѧзкъі
1204 1577 91,<wb>кр|стѧ|ште
225,<wb>ѧ
56,<wb>въ
466,<wb>імѧ
633,<wb>оца
39,<wb>і
732,<wb>сна
39,<wb>і
305 17 213,<wb>ста|а|аго
2042,<wb>дха
1408 91,<wb>оучѧ|ште
225,<wb>ѧ
5180,<wb>блюсті
264,<wb>вьсѣ
808,<wb>еліко
2209 76,<wb>заповѣда|хъ
2532,<wb>вам
39,<wb>і
121,<wb>се
695,<wb>азь
190,<wb>сь
1805,<wb>вамі
1147,<wb>есмь
56,<wb>въ
70,<wb>сѧ
752,<wb>дьні
156,<wb>до
1141 297,<wb>съконьча|ніѣ
152 134,<wb>ва|ка
681,<wb>амін
156,<wb>до
961 4618 297,<wb>ско|нча|ніѣ
140 13,<wb>вѣ|к
681,<wb>амін
171 380 93,<wb>за|чѧ|ло
2897 6737,<wb>ев|гліѣ
107 1389,<wb>іс|хва
732,<wb>сна
1370,<wb>бжіѣ
308,<wb>ѣкоже
161,<wb>естъ
2141,<wb>пісано
56,<wb>въ
1885 1131,<wb>прр|цѣхъ
121,<wb>се
290,<wb>азъ
4548,<wb>посълѭ
2370,<wb>англъ
329,<wb>моі
396,<wb>прѣдъ
3118,<wb>ліцемъ
1454,<wb>твоімъ
39,<wb>і
934 742,<wb>оугото|вітъ
1029,<wb>пѫть
462,<wb>твоі
3452,<wb>глас
1914 2276,<wb>въпі|ѭштааго
56,<wb>въ
1560,<wb>поустъіні
1328 410,<wb>оуготова|іте
1029,<wb>пѫть
2502,<wb>гнъ
5256,<wb>правъі
1451,<wb>творіте
6559,<wb>стьзѧ
135,<wb>его
798,<wb>бъіс
1219,<wb>іоанъ
1204 1577,<wb>кр|стѧ
56,<wb>въ
1560,<wb>поустъіні
3199,<wb>проповѣдаѧ
1204 183 54 200,<wb>кр|шт|те|ніе
56,<wb>въ
405 1295 60 200,<wb>оста|вле|ні|ніе
6236,<wb>грѣховъ
4155,<wb>ісхождааше
71,<wb>же
468,<wb>кь
398,<wb>немоу
572,<wb>всѣ
3643,<wb>іюдеіска
348 102,<wb>стра|на
2480 23 1442 126,<wb>іер|с|млѣ|не
39,<wb>і
1204 3089,<wb>кр|штаахѫ
70,<wb>сѧ
1286,<wb>всі
221,<wb>от
513,<wb>него
56,<wb>въ
50 3433 10 2524,<wb>е|рда|н|стѣі
7125,<wb>рѣцѣ
1031 393,<wb>ісповѣда|ѭште
1806,<wb>грѣхъі
599,<wb>своѧ
165,<wb>бѣ
71,<wb>же
1219,<wb>іоанъ
3825,<wb>власъі
4250 1672,<wb>вельбѫ|жді
39,<wb>і
2947 173,<wb>поѣ|съ
506 297 98,<wb>оус|ніѣ|нъ
1492,<wb>імъі
47,<wb>о
1373 2150 76,<wb>чрѣ|слѣ|хъ
809,<wb>своіхъ
39,<wb>і
3404,<wb>ѣдъі
77 1837 89,<wb>а|крі|ді
39,<wb>і
296 113,<wb>ме|дъ
428 1425,<wb>ді|віі
39,<wb>і
1111 177,<wb>проповѣда|аше
441,<wb>глѧ
1578,<wb>грѧдетъ
1006 2106 16,<wb>крѣ|пле|і
364,<wb>мене
991,<wb>емоуже
2134,<wb>нѣсмъ
1710,<wb>достоінъ
2275 10,<wb>покло|н
70,<wb>сѧ
6614,<wb>раздрѣшіті
128 1293,<wb>ре|мене
7013,<wb>сапогоу
135,<wb>его
695,<wb>азь
222,<wb>оубо
1204 129 193,<wb>кр|сі|іхъ
56,<wb>въ
4639,<wb>водоѭ
77,<wb>а
157,<wb>тъ
1204 1956,<wb>кр|стітъ
237,<wb>въі
2864,<wb>дхмъ
2909,<wb>стъіімъ
820,<wb>ізіде
331,<wb>ісъ
56,<wb>въ
3147,<wb>поусто
707,<wb>мѣсто
39,<wb>і
390,<wb>тоу
3936 3769,<wb>мл|твѫ
250 177,<wb>дѣ|аше
39,<wb>і
459 102 110,<wb>гь|на|шѧ
39,<wb>і
1839,<wb>сімонъ
39,<wb>і
227,<wb>іже
190,<wb>сь
730,<wb>німь
812,<wb>бѣахѫ
39,<wb>і
4896,<wb>обрѣтъше
39,<wb>і
1489,<wb>глашѧ
144,<wb>емоу
99,<wb>ѣко
1355,<wb>въсі
3529 43,<wb>іскѫ|тъ
614,<wb>тебе
39,<wb>і
130,<wb>гла
3381,<wb>ім
3384,<wb>ідѣмъ
56,<wb>въ
5711 3302,<wb>бліжь|нѧѧ
1355,<wb>въсі
39,<wb>і
3382,<wb>градъі
105,<wb>да
39,<wb>і
390,<wb>тоу
2582 114,<wb>проповѣ|дѣ
68,<wb>на
121,<wb>се
112,<wb>бо
90 34,<wb>прі|д
39,<wb>і
165,<wb>бѣ
3199,<wb>проповѣдаѧ
68,<wb>на
4083 805,<wb>сьньмі|штііхъ
299,<wb>іхъ
81,<wb>вь
7729,<wb>въсеі
1703,<wb>галілеі
39,<wb>і
1897,<wb>бѣсъі
4580,<wb>ізгонѧ
39,<wb>і
416,<wb>пріде
468,<wb>кь
398,<wb>немоу
6322,<wb>прокаженъ
1499,<wb>молѧ
39,<wb>і
39,<wb>і
68,<wb>на
6207,<wb>колѣноу
3765 24,<wb>пада|ѧ
39,<wb>і
441,<wb>глѧ
144,<wb>емоу
99,<wb>ѣко
201,<wb>аште
1178,<wb>хоштеші
300,<wb>гі
2137,<wb>можеші
226,<wb>мѧ
39 185 1427,<wb>і|чі|стіті
331,<wb>ісъ
71,<wb>же
3936 5332 5639,<wb>мл|ср|довавъ
5242,<wb>простеръ
1085,<wb>рѫкѫ
3000,<wb>коснѫ
39,<wb>і
39,<wb>і
130,<wb>гла
144,<wb>емоу
1799,<wb>хоштѫ
39 185 147,<wb>і|чі|сті
70,<wb>сѧ
39,<wb>і
5337 358,<wb>рекь|шоу
144,<wb>емоу
600,<wb>абіе
1334,<wb>отіде
164 839,<wb>про|каза
84,<wb>отъ
513,<wb>него
39,<wb>і
5263,<wb>чістъ
798,<wb>бъіс
39,<wb>і
1263 604,<wb>запрѣ|штъ
144,<wb>емоу
600,<wb>абіе
39,<wb>і
4427,<wb>ізгьна
39,<wb>і
39,<wb>і
130,<wb>гла
144,<wb>емоу
6433,<wb>блюді
70,<wb>сѧ
1769,<wb>нікомоуже
1330,<wb>нічесоже
62,<wb>не
1900,<wb>рьці
208,<wb>нъ
1291,<wb>шедъ
2617,<wb>покажі
70,<wb>сѧ
2394 2023,<wb>іере|ові
39,<wb>і
4571,<wb>прінесі
171,<wb>за
531 1392,<wb>очі|штеніе
347,<wb>твое
308,<wb>ѣкоже
449,<wb>повелѣ
6058,<wb>мосіі
56,<wb>въ
2447 372,<wb>сьвѣдѣтель|ство
210,<wb>імъ
1776,<wb>въніде
331,<wb>ісъ
56,<wb>въ
6409 3085,<wb>капер|наоумъ
39,<wb>і
4346,<wb>слоухъ
798,<wb>бъіс
99,<wb>ѣко
56,<wb>въ
756,<wb>домоу
161,<wb>естъ
600,<wb>абіе
3581 110,<wb>събьра|шѧ
70,<wb>сѧ
899,<wb>мнозі
99,<wb>ѣко
468,<wb>кь
650,<wb>томоу
62,<wb>не
3535 3640,<wb>въмѣ|штаті
70,<wb>сѧ
122,<wb>ні
90,<wb>прі
5926,<wb>двьрехъ
39,<wb>і
892,<wb>глааше
210,<wb>імъ
442,<wb>слово
39,<wb>і
955,<wb>прідѫ
468,<wb>кь
398,<wb>немоу
6024,<wb>носѧште
2462 102,<wb>ослабле|на
5541,<wb>жіламі
4385 55,<wb>носі|мъ
1836 2428,<wb>четъі|рьмі
39,<wb>і
62,<wb>не
1179 91,<wb>могѫ|ште
5801,<wb>прістѫпіті
468,<wb>кь
398,<wb>немоу
1961,<wb>народомъ
221 2152 110,<wb>от|кръі|шѧ
1298 3727,<wb>пок|ровъ
773,<wb>ідеже
165,<wb>бѣ
39,<wb>і
164 3887 340,<wb>про|копа|въше
553 3169,<wb>съвѣ|сішѧ
1677,<wb>одръ
68,<wb>на
3697,<wb>немъже
2462 139,<wb>ослабле|нъі
190 132 1231,<wb>сь|ле|жааше
39,<wb>і
649,<wb>відѣвъ
331,<wb>ісъ
827,<wb>вѣрѫ
299,<wb>іхъ
130,<wb>гла
4981,<wb>ослабленоумоу
2831,<wb>чѧдо
2818 145 304,<wb>отпоу|шта|ѭтъ
70,<wb>сѧ
2812,<wb>грѣсі
462,<wb>твоі
812,<wb>бѣахѫ
71,<wb>же
3551,<wb>етері
221,<wb>от
3771 2586,<wb>кьніжь|нікь
6611,<wb>сѣдѧште
39,<wb>і
2232 393,<wb>помъішлѣ|ѭште
56,<wb>въ
981 3015,<wb>срд|ціхъ
809,<wb>своіхъ
526,<wb>чьто
190,<wb>сь
311,<wb>тако
1561,<wb>глетъ
7356,<wb>власвіміѭ
4440,<wb>кьто
819,<wb>можетъ
2818 3640,<wb>отпоу|штаті
1806,<wb>грѣхъі
4615,<wb>тъкьмо
438,<wb>едінъ
443,<wb>бъ
39,<wb>і
600,<wb>абіе
479,<wb>разоумѣ
331,<wb>ісъ
2864,<wb>дхмъ
725,<wb>своімъ
99,<wb>ѣко
311,<wb>тако
2232 304,<wb>помъішлѣ|ѭтъ
56,<wb>въ
436,<wb>себѣ
39,<wb>і
141,<wb>рече
210,<wb>імъ
526,<wb>чьто
159,<wb>сі
2232 661,<wb>помъішлѣ|ете
56,<wb>въ
3636 193,<wb>срдці|іхъ
1739,<wb>вашіхъ
526,<wb>чьто
161,<wb>естъ
4432 1781,<wb>оудобь|нѣе
1775,<wb>решті
4981,<wb>ослабленоумоу
2818 145 304,<wb>отпоу|шта|ѭтъ
323,<wb>ті
70,<wb>сѧ
2812,<wb>грѣсі
178,<wb>лі
1775,<wb>решті
2242,<wb>въстані
39,<wb>і
4498,<wb>възьмі
1677,<wb>одръ
462,<wb>твоі
39,<wb>і
2485,<wb>ході
208,<wb>нъ
105,<wb>да
6723,<wb>оувѣсте
99,<wb>ѣко
1517,<wb>власть
584,<wb>іматъ
423,<wb>снъ
630 229,<wb>члв|чь
2818 3640,<wb>отпоу|штаті
68,<wb>на
734,<wb>земі
1806,<wb>грѣхъі
39,<wb>і
130,<wb>гла
4981,<wb>ослабленоумоу
356,<wb>тебѣ
284,<wb>глѭ
7452,<wb>вьстані
39,<wb>і
4498,<wb>възьмі
1677,<wb>одръ
462,<wb>твоі
39,<wb>і
820,<wb>ізіде
600,<wb>абіе
396,<wb>прѣдъ
1838,<wb>вьсѣмі
99,<wb>ѣко
5390,<wb>дівіті
70,<wb>сѧ
5426,<wb>въсѣмъ
39,<wb>і
6576,<wb>славіті
422,<wb>ба
654 55,<wb>глѭште|мъ
99,<wb>ѣко
1770,<wb>ніколіже
931,<wb>сіце
2219,<wb>відѣхомъ
1250,<wb>мімо
1601,<wb>грѧдъі
331,<wb>ісъ
248,<wb>відѣ
639 18 6197,<wb>ле|в|гіѭ
1712 7404 103,<wb>ал|фео|ва
1041 383,<wb>сѣдѧ|шть
68,<wb>на
478 7961,<wb>мъі|тьніці
39,<wb>і
130,<wb>гла
144,<wb>емоу
67,<wb>по
588,<wb>мнѣ
3108,<wb>грѧді
39,<wb>і
1343,<wb>въставъ
56,<wb>въ
1465,<wb>слѣдъ
135,<wb>его
452,<wb>іде
39,<wb>і
798,<wb>бъіс
2960 324,<wb>възлежѧ|штоу
144,<wb>емоу
56,<wb>въ
756,<wb>домоу
135,<wb>его
39,<wb>і
899,<wb>мнозі
3873,<wb>мъітарі
39,<wb>і
5654 541,<wb>грѣш|ніці
4629 2223,<wb>възле|жаахѫ
75,<wb>съ
7900,<wb>ісмъ
39,<wb>і
1222,<wb>оученікъі
135,<wb>его
5898,<wb>бѣхѫ
112,<wb>бо
899,<wb>мнозі
39,<wb>і
67,<wb>по
62 14,<wb>не|м
674,<wb>ідѫ
39,<wb>і
6649,<wb>кьніжьніці
39,<wb>і
1325,<wb>фарісеі
1137,<wb>відѣвъше
39,<wb>і
2916 604,<wb>ѣдѫ|штъ
75,<wb>съ
3873,<wb>мъітарі
39,<wb>і
5008,<wb>грѣшьнікъі
997,<wb>глаахѫ
936,<wb>оученікомъ
135,<wb>его
526,<wb>чьто
99,<wb>ѣко
75,<wb>съ
3873,<wb>мъітарі
39,<wb>і
5905,<wb>грѣшънікъі
3134,<wb>ѣстъ
39,<wb>і
7114,<wb>піетъ
990,<wb>слъішавъ
71,<wb>же
331,<wb>ісъ
130,<wb>гла
210,<wb>імъ
99,<wb>ѣко
62,<wb>не
5540,<wb>трѣбоуѭтъ
7061,<wb>съдравіі
460 266,<wb>вра|ча
208,<wb>нъ
2013 642,<wb>болѧ|штіі
62,<wb>не
1743,<wb>прідъ
2749 32,<wb>прізъва|т
2112 409,<wb>праведъ|нікъ
208,<wb>нъ
5008,<wb>грѣшьнікъі
68,<wb>на
3892,<wb>покааніе
3347,<wb>хождааше
331,<wb>ісъ
56,<wb>въ
3292,<wb>сѫботъ
5212,<wb>скозѣ
2964 297,<wb>сѣа|ніѣ
39,<wb>і
904,<wb>начѧ
559,<wb>оученіці
135,<wb>его
1029,<wb>пѫть
1234,<wb>творіті
56 6404 5327,<wb>въ|стрь|гаѭште
5886,<wb>класъі
39,<wb>і
1325,<wb>фарісеі
997,<wb>глаахѫ
144,<wb>емоу
3243,<wb>віждь
394,<wb>что
1618,<wb>творѧтъ
56,<wb>въ
1054 32,<wb>сѫбо|т
538,<wb>егоже
62,<wb>не
1862,<wb>достоітъ
39,<wb>і
617,<wb>ть
130,<wb>гла
210,<wb>імъ
3006,<wb>нѣсте
178,<wb>лі
1770,<wb>ніколіже
1086 74,<wb>чъ|лі
526,<wb>чьто
261,<wb>сътворі
5706,<wb>ддъ
317,<wb>егда
6814,<wb>трѣбова
39,<wb>і
853 3280,<wb>възь|алка
645,<wb>самъ
39,<wb>і
227,<wb>іже
812,<wb>бѣахѫ
190,<wb>сь
528,<wb>німъ
376,<wb>како
1776,<wb>въніде
56,<wb>въ
156 14,<wb>до|м
776,<wb>бжіі
90,<wb>прі
1757 17 94 96,<wb>аві|а|та|рѣ
942,<wb>архіереі
39,<wb>і
2287,<wb>хлѣбъі
396 4405,<wb>прѣдъ|ложеніѣ
5526,<wb>сънѣстъ
2657,<wb>іхъже
62,<wb>не
2416 177,<wb>достоѣ|аше
1324,<wb>ѣсті
617 3770,<wb>ть|кьмо
7874,<wb>іереомъ
249 118 14,<wb>еді|нѣ|м
39,<wb>і
520,<wb>дастъ
39,<wb>і
3545,<wb>сѫштіімъ
190,<wb>сь
528,<wb>німъ
39,<wb>і
892,<wb>глааше
210,<wb>імъ
6338,<wb>сѫбота
2316,<wb>члка
120 188 143,<wb>ра|дь|ма
798,<wb>бъіс
77,<wb>а
62,<wb>не
1300,<wb>члкъ
3655,<wb>сѫботъі
368,<wb>раді
1894 48,<wb>тѣмъ|же
459,<wb>гь
161,<wb>естъ
423,<wb>снъ
2314,<wb>члчь
5100,<wb>сѫботѣ
39,<wb>і
1776,<wb>въніде
404,<wb>пакъі
56,<wb>въ
4083 91,<wb>сьньмі|ште
39,<wb>і
165,<wb>бѣ
390,<wb>тоу
1300,<wb>члкъ
5525,<wb>соухѫ
1085,<wb>рѫкѫ
1492,<wb>імъі
39,<wb>і
7985 216,<wb>назіра|ахѫ
39,<wb>і
201,<wb>аште
56,<wb>въ
2591,<wb>сѫботѫ
2693 289,<wb>іцѣлі|тъі
105,<wb>да
68,<wb>на
484,<wb>нь
5218 500,<wb>възг|лѭ
39,<wb>і
130,<wb>гла
3593,<wb>члкоу
4185,<wb>імѫштоумоу
5525,<wb>соухѫ
1085,<wb>рѫкѫ
7597,<wb>стані
67,<wb>по
1549,<wb>срѣдѣ
39,<wb>і
130,<wb>гла
210,<wb>імъ
1862,<wb>достоітъ
178,<wb>лі
56,<wb>въ
2591,<wb>сѫботѫ
640,<wb>добро
1064,<wb>сътворіті
178,<wb>лі
2754,<wb>зьло
1064,<wb>сътворіті
911,<wb>дшѫ
5197,<wb>спсті
178,<wb>лі
3494,<wb>погоубіті
609,<wb>оні
71,<wb>же
2101 2843,<wb>млъ|чаахѫ
39,<wb>і
2880,<wb>възьрѣвъ
68,<wb>на
1562,<wb>нѧ
4088,<wb>гнѣвомъ
5015,<wb>скръбѧ
47,<wb>о
2529 1293 276,<wb>ока|мене|ніі
981 363,<wb>срд|ць
3114,<wb>іх
130,<wb>гла
3593,<wb>члкоу
164 69 95,<wb>про|ст|рі
1085,<wb>рѫкѫ
1071,<wb>твоѭ
39,<wb>і
164 69 1557,<wb>про|ст|рѣтъ
39,<wb>і
3130,<wb>оутвръді
70,<wb>сѧ
1357,<wb>рѫка
135,<wb>его
6538,<wb>съдрава
99,<wb>ѣко
39,<wb>і
3279,<wb>дроугаѣ
902 1212 177,<wb>послѣ|дова|аше
1449,<wb>ісві
956,<wb>народъ
586 1055,<wb>мъно|гь
39,<wb>і
6604 3167,<wb>оугнѣ|таахѫ
39,<wb>і
39,<wb>і
121,<wb>се
847,<wb>жена
4403,<wb>етера
2723,<wb>сѫшті
56,<wb>въ
176 4706,<wb>то|ченіі
2596,<wb>кръве
1742,<wb>лѣтъ
49,<wb>б
39,<wb>і
39,<wb>і
693,<wb>много
3206 794,<wb>пострада|въші
84,<wb>отъ
4928,<wb>многь
5624 16,<wb>враче|і
39,<wb>і
2051 33 794,<wb>ізда|ѣ|въші
960,<wb>въсе
357,<wb>свое
39,<wb>і
122,<wb>ні
5461,<wb>едіноѧ
2614 1715,<wb>поль|зѧ
1501 116,<wb>обрѣтъ|ші
208,<wb>нъ
580,<wb>паче
56,<wb>въ
1364 11,<wb>горе|е
5328 116,<wb>въпадъ|ші
7876,<wb>слъішавъші
47,<wb>о
2412,<wb>ісѣ
872 116,<wb>прішедъ|ші
56,<wb>въ
4948,<wb>народѣ
190,<wb>сь
5900,<wb>заді
2185,<wb>прікоснѫ
70,<wb>сѧ
4367,<wb>різѣ
135,<wb>его
892,<wb>глааше
112,<wb>бо
99,<wb>ѣко
201,<wb>аште
2185,<wb>прікоснѫ
70,<wb>сѧ
2451,<wb>понѣ
4367,<wb>різѣ
135,<wb>его
2903 102,<wb>спсе|на
1387,<wb>бѫдѫ
39,<wb>і
600,<wb>абіе
7719 3348,<wb>ісѧ|кнѫ
5674,<wb>істочьнікъ
2596,<wb>кръве
908,<wb>еѧ
39,<wb>і
479,<wb>разоумѣ
3726,<wb>тѣломъ
99,<wb>ѣко
4553,<wb>цѣла
161,<wb>естъ
221,<wb>от
3042,<wb>ранъі
39,<wb>і
600,<wb>абіе
331,<wb>ісъ
6401 52,<wb>оштоу|ті
56,<wb>въ
436,<wb>себѣ
1518,<wb>сілѫ
1686 434,<wb>ішедъ|шѫ
221,<wb>от
513,<wb>него
39,<wb>і
2912,<wb>обрашть
70,<wb>сѧ
56,<wb>въ
4948,<wb>народѣ
892,<wb>глааше
523,<wb>кто
2185,<wb>прікоснѫ
70,<wb>сѧ
7106,<wb>різахъ
1216,<wb>моіхъ
39,<wb>і
997,<wb>глаахѫ
144,<wb>емоу
559,<wb>оученіці
135,<wb>его
1980,<wb>відіші
956,<wb>народъ
6604 94 6406,<wb>оугнѣ|та|ѭштъ
374,<wb>тѧ
39,<wb>і
1594,<wb>глеші
523,<wb>кто
2185,<wb>прікоснѫ
70,<wb>сѧ
588,<wb>мнѣ
39,<wb>і
557 6190 177,<wb>ог|лѧда|аше
70,<wb>сѧ
1078,<wb>відѣті
1589 4413,<wb>сътворь|шѫѭ
121,<wb>се
847,<wb>жена
71,<wb>же
1576 794,<wb>оубоѣ|въші
70,<wb>сѧ
39,<wb>і
5915 166,<wb>трепештѫ|шті
2724 166,<wb>вѣдѫ|шті
295,<wb>еже
798,<wb>бъіс
561,<wb>еі
416,<wb>пріде
39,<wb>і
4258,<wb>пріпаде
468,<wb>кь
398,<wb>немоу
39,<wb>і
141,<wb>рече
144,<wb>емоу
155 3,<wb>вьс|ѭ
843,<wb>істінѫ
366,<wb>онъ
71,<wb>же
141,<wb>рече
561,<wb>еі
5667,<wb>дьшті
2798,<wb>вѣра
552,<wb>твоѣ
2903,<wb>спсе
374,<wb>тѧ
1030,<wb>іді
41,<wb>в
195 21,<wb>мі|р
990,<wb>слъішавъ
2352,<wb>іродъ
845,<wb>цръ
4346,<wb>слоухъ
136 92,<wb>х|въ
1869,<wb>ѣвѣ
112,<wb>бо
798,<wb>бъіс
466,<wb>імѧ
135,<wb>его
892,<wb>глааше
99,<wb>ѣко
1219,<wb>іоанъ
421,<wb>въста
84,<wb>отъ
2986,<wb>мрътвъііхъ
39,<wb>і
387,<wb>сего
368,<wb>раді
1464,<wb>сілъі
250 304,<wb>дѣ|ѭтъ
70,<wb>сѧ
47,<wb>о
1107,<wb>немъ
1944,<wb>іні
71,<wb>же
997,<wb>глаахѫ
99,<wb>ѣко
2709,<wb>іліѣ
161,<wb>естъ
1944,<wb>іні
71,<wb>же
997,<wb>глаахѫ
99,<wb>ѣко
4644,<wb>прркъ
161,<wb>естъ
99,<wb>ѣко
438,<wb>едінъ
84,<wb>отъ
4644,<wb>прркъ
161,<wb>естъ
990,<wb>слъішавъ
71,<wb>же
2352,<wb>іродъ
141,<wb>рече
99,<wb>ѣко
538,<wb>егоже
5746 76,<wb>оусѣкнѫ|хъ
1443,<wb>іоана
190,<wb>сь
161,<wb>естъ
157,<wb>тъ
421,<wb>въста
84,<wb>отъ
2986,<wb>мрътвъііхъ
157,<wb>тъ
112,<wb>бо
2352,<wb>іродъ
3788,<wb>посълавъ
3489,<wb>ѧтъ
1443,<wb>іоана
39,<wb>і
1421,<wb>съвѧза
39,<wb>і
56,<wb>въ
4739,<wb>темьніці
1191 89 17 267,<wb>іро|ді|а|дъі
368,<wb>раді
1881,<wb>женъі
5514,<wb>філіпа
2830,<wb>брата
524,<wb>своего
99,<wb>ѣко
4730 60,<wb>оже|ні
70,<wb>сѧ
3880,<wb>еѭ
2166,<wb>глаше
112,<wb>бо
1219,<wb>іоанъ
6680,<wb>іродоу
99,<wb>ѣко
62,<wb>не
1862,<wb>достоітъ
356,<wb>тебѣ
1877,<wb>імѣті
1881,<wb>женъі
2830,<wb>брата
524,<wb>своего
1191 89 17,<wb>іро|ді|а
71,<wb>же
1840 177,<wb>гнѣва|аше
70,<wb>сѧ
68,<wb>на
208,<wb>нъ
39,<wb>і
1414,<wb>хотѣаше
1911,<wb>оубіті
39,<wb>і
39,<wb>і
62,<wb>не
2250,<wb>можааше
2352,<wb>іродъ
112,<wb>бо
112 3099,<wb>бо|ѣаше
70,<wb>сѧ
1443,<wb>іоана
2171,<wb>вѣдъі
1376,<wb>мѫжа
2112 102,<wb>праведъ|на
39,<wb>і
305,<wb>ста
39,<wb>і
780 3920,<wb>хра|нѣаше
39,<wb>і
39,<wb>і
664 92,<wb>послоуша|въ
135,<wb>его
693,<wb>много
3040,<wb>творѣаше
39,<wb>і
56,<wb>въ
338 97,<wb>сла|стъ
664 177,<wb>послоуша|аше
135,<wb>его
39,<wb>і
4244 229 358,<wb>пріклю|чь|шоу
70,<wb>сѧ
752,<wb>дьні
1540 280 274,<wb>потрѣ|бь|ноу
317,<wb>егда
2352,<wb>іродъ
7789 605,<wb>рождъ|ствоу
1397,<wb>своемоу
6510,<wb>вечерѭ
3040,<wb>творѣаше
3931 19 653,<wb>кьнѧ|з|ем
725,<wb>своімъ
39,<wb>і
6031 1426,<wb>тъісѫштъ|нікомъ
39,<wb>і
6473,<wb>старѣішінамъ
1703 5158,<wb>галілеі|скъіімъ
39,<wb>і
56 82 188 116,<wb>въ|ше|дь|ші
4585 95,<wb>дьште|рі
908,<wb>еѧ
1191 89 17 114,<wb>іро|ді|а|дѣ
7279 794,<wb>плѧса|въші
39,<wb>і
771 885 116,<wb>оуго|ждь|ші
6680,<wb>іродоу
39,<wb>і
2960 769,<wb>възлежѧ|штіімъ
190,<wb>сь
528,<wb>німъ
141,<wb>рече
774,<wb>црь
3363,<wb>дѣвіці
954,<wb>просі
73,<wb>оу
364,<wb>мене
991,<wb>емоуже
547 129,<wb>хоште|сі
39,<wb>і
3361,<wb>дамъ
323,<wb>ті
39,<wb>і
6494,<wb>клѧтъ
70,<wb>сѧ
561,<wb>еі
99,<wb>ѣко
538,<wb>егоже
5791,<wb>просіші
3361,<wb>дамъ
323,<wb>ті
156,<wb>до
1736,<wb>полъ
774 793,<wb>црь|ства
563,<wb>моего
1254,<wb>она
71,<wb>же
1291 116,<wb>шедъ|ші
141,<wb>рече
7375,<wb>мтрі
1519,<wb>своеі
1316,<wb>чесо
164 434,<wb>про|шѫ
1254,<wb>она
71,<wb>же
141,<wb>рече
1800,<wb>главъі
1443,<wb>іоана
1204 7382,<wb>кр|стлѣ
39,<wb>і
1952 116,<wb>въшедъ|ші
75,<wb>съ
5614 1192,<wb>тъшта|ніемъ
468,<wb>кь
4482,<wb>цроу
954,<wb>просі
189 166,<wb>гл|шті
1799,<wb>хоштѫ
105,<wb>да
195,<wb>мі
5790,<wb>дасі
2994 215,<wb>сеі|ці
68,<wb>на
1333 114,<wb>блю|дѣ
1512,<wb>главѫ
1443,<wb>іоана
1204 7382,<wb>кр|стлѣ
39,<wb>і
4512 2613,<wb>пріскръ|бенъ
549,<wb>бъівъ
845,<wb>цръ
171,<wb>за
2338 3769,<wb>клѧ|твѫ
39,<wb>і
2960 642,<wb>възлежѧ|штіі
75,<wb>съ
528,<wb>німъ
62,<wb>не
2608,<wb>въсхотѣ
8021 166,<wb>отъре|шті
70,<wb>сѧ
561,<wb>еі
39,<wb>і
600,<wb>абіе
3788,<wb>посълавъ
845,<wb>цръ
1647 13 35 66 115 61,<wb>спе|к|у|ла|то|ра
449,<wb>повелѣ
3930,<wb>прінесті
1512,<wb>главѫ
135,<wb>его
366,<wb>онъ
71,<wb>же
1291,<wb>шедъ
5746,<wb>оусѣкнѫ
39,<wb>і
56,<wb>въ
4739,<wb>темьніці
39,<wb>і
2573,<wb>прінесе
1512,<wb>главѫ
135,<wb>его
68,<wb>на
1333 114,<wb>блю|дѣ
39,<wb>і
520,<wb>дастъ
483,<wb>ѭ
3363,<wb>дѣвіці
39,<wb>і
3344,<wb>дѣвіца
520,<wb>дастъ
7375,<wb>мтрі
1519,<wb>своеі
39,<wb>і
1434,<wb>слъішавъше
559,<wb>оученіці
135,<wb>его
955,<wb>прідѫ
39,<wb>і
5766,<wb>възѧшѧ
817,<wb>тѣло
135,<wb>его
39,<wb>і
2712,<wb>положішѧ
39,<wb>і
56,<wb>въ
2424,<wb>гробѣ
39,<wb>і
2547,<wb>събърашѧ
70,<wb>сѧ
5594 74,<wb>ап|лі
150,<wb>къ
1073,<wb>ісоу
39,<wb>і
4018,<wb>възвѣстішѧ
264,<wb>вьсѣ
808,<wb>еліко
1513,<wb>сътворішѧ
39,<wb>і
808,<wb>еліко
1270 110,<wb>наоучі|шѧ
39 82 34,<wb>і|ше|д
331,<wb>ісъ
221,<wb>от
4983,<wb>прѣдѣлъ
4894 174 854,<wb>ту|ре|скъ
39,<wb>і
3932 126 854,<wb>сідо|не|скъ
416,<wb>пріде
68,<wb>на
1478,<wb>море
1703 838,<wb>галілеі|ско
1891,<wb>междоу
4344,<wb>прѣдѣлъі
8037 169 153 344,<wb>дека|по|ль|скъі
39,<wb>і
4048,<wb>прівѣсѧ
468,<wb>кь
398,<wb>немоу
2073 432,<wb>глоу|ха
39,<wb>і
327 143,<wb>нѣ|ма
39,<wb>і
2841,<wb>молѣахѫ
39,<wb>і
105,<wb>да
1722 43,<wb>възложі|тъ
68,<wb>на
484,<wb>нь
1085,<wb>рѫкѫ
39,<wb>і
5107,<wb>поемъ
39,<wb>і
940,<wb>едіного
221,<wb>от
1674,<wb>народа
56 114,<wb>въ|дѣ
638 400,<wb>пръ|стъі
599,<wb>своѧ
56,<wb>въ
1548,<wb>оуші
135,<wb>его
39,<wb>і
3466 2581,<wb>плі|нѫвъ
3000,<wb>коснѫ
56,<wb>въ
1765,<wb>ѧзъікъ
135,<wb>его
39,<wb>і
2880,<wb>възьрѣвъ
68,<wb>на
2140,<wb>нбо
6244 179,<wb>въздъх|нѫ
39,<wb>і
130,<wb>гла
3764 2347 94,<wb>еф|фа|та
295,<wb>еже
161,<wb>естъ
5999 320,<wb>развръ|зі
70,<wb>сѧ
39,<wb>і
600,<wb>абіе
5999 921 242,<wb>развръ|зо|сте
70,<wb>сѧ
488 432,<wb>слоу|ха
135,<wb>его
39,<wb>і
4232,<wb>раздрѣші
70,<wb>сѧ
641 230,<wb>ѫ|за
1338 134,<wb>ѧз|ка
135,<wb>его
39,<wb>і
892,<wb>глааше
3071,<wb>чісто
39,<wb>і
1600,<wb>запрѣті
210,<wb>імъ
105,<wb>да
1769,<wb>нікомоуже
62,<wb>не
758 555,<wb>повѣ|дѧтъ
4898,<wb>елікоже
3381,<wb>ім
1600,<wb>запрѣті
609,<wb>оні
580,<wb>паче
4157,<wb>ізліха
7966,<wb>проповѣдаахѫ
39,<wb>і
1168 7815 432,<wb>прѣі|злі|ха
2922,<wb>дівлѣахѫ
70,<wb>сѧ
1440,<wb>глште
932,<wb>добрѣ
429,<wb>вьсе
1057,<wb>творітъ
39,<wb>і
6829 24,<wb>глоухъі|ѧ
261,<wb>сътворі
1997,<wb>слъішаті
39,<wb>і
327 4313,<wb>нѣ|мъіѧ
1375,<wb>глаті
820,<wb>ізіде
331,<wb>ісъ
39,<wb>і
559,<wb>оученіці
135,<wb>его
56,<wb>въ
2132,<wb>странѫ
6676,<wb>кесаріѧ
1670 169 219,<wb>філі|по|въі
39,<wb>і
68,<wb>на
895,<wb>пѫті
2840,<wb>въпрашааше
1222,<wb>оученікъі
599,<wb>своѧ
441,<wb>глѧ
1483,<wb>кого
226,<wb>мѧ
2448,<wb>глѭтъ
4934,<wb>члці
503,<wb>бъіті
609,<wb>оні
71,<wb>же
1992,<wb>отъвѣшташѧ
1953,<wb>ові
1443,<wb>іоана
1204 7382,<wb>кр|стлѣ
1944,<wb>іні
71,<wb>же
4945,<wb>іліѭ
77,<wb>а
2182,<wb>дроузіі
940,<wb>едіного
84,<wb>отъ
57 117 13,<wb>пр|ро|к
39,<wb>і
157,<wb>тъ
130,<wb>гла
210,<wb>імъ
237,<wb>въі
71,<wb>же
1483,<wb>кого
226,<wb>мѧ
2261,<wb>глете
503,<wb>бъіті
579,<wb>отъвѣштавъ
71,<wb>же
818,<wb>петръ
130,<wb>гла
144,<wb>емоу
288,<wb>тъі
313,<wb>есі
930,<wb>хъ
39,<wb>і
1600,<wb>запрѣті
210,<wb>імъ
105,<wb>да
1769,<wb>нікомоуже
62,<wb>не
2448,<wb>глѭтъ
47,<wb>о
1107,<wb>немъ
39,<wb>і
1194,<wb>начѧтъ
3656,<wb>оучіті
225,<wb>ѧ
99,<wb>ѣко
2542,<wb>подобаетъ
2405,<wb>сноу
345 2270,<wb>чл|чоу
693,<wb>много
4176,<wb>пострадаті
39,<wb>і
5235 274,<wb>іскоуше|ноу
503,<wb>бъіті
84,<wb>отъ
5510 363,<wb>старе|ць
39,<wb>і
942,<wb>архіереі
39,<wb>і
3771 2586,<wb>кьніжь|нікь
39,<wb>і
3776 274,<wb>оубіе|ноу
503,<wb>бъіті
39,<wb>і
67,<wb>по
4714,<wb>трехъ
497 4480,<wb>дъ|нехъ
5698,<wb>въскръснѫті
227,<wb>іже
547 32,<wb>хоште|т
67,<wb>по
588,<wb>мнѣ
1344,<wb>іті
105,<wb>да
5457,<wb>отъвръжетъ
70,<wb>сѧ
995,<wb>себе
39,<wb>і
5703,<wb>възьметъ
4702,<wb>крстъ
424,<wb>своі
39,<wb>і
67,<wb>по
437,<wb>мьнѣ
505 6855,<wb>грѧ|дет
227,<wb>іже
112,<wb>бо
201,<wb>аште
1462,<wb>хоштетъ
5197,<wb>спсті
911,<wb>дшѫ
651,<wb>своѭ
1579,<wb>погоубітъ
483,<wb>ѭ
77,<wb>а
227,<wb>іже
1579,<wb>погоубітъ
911,<wb>дшѫ
651,<wb>своѭ
364,<wb>мене
368,<wb>раді
39,<wb>і
2897 5972 17,<wb>ев|глі|а
6815,<wb>спсетъ
483,<wb>ѭ
2459,<wb>каѣ
7095,<wb>польза
3593,<wb>члкоу
5230 147,<wb>пріобрѣ|сті
4045,<wb>въсего
975,<wb>міра
39,<wb>і
84 91 3090,<wb>отъ|ште|тіті
911,<wb>дшѫ
651,<wb>своѭ
526,<wb>чьто
112,<wb>бо
520,<wb>дастъ
5772,<wb>члкь
2575 179,<wb>ізмѣ|нѫ
68,<wb>на
3861,<wb>дші
1519,<wb>своеі
227,<wb>іже
112,<wb>бо
5140,<wb>постъідітъ
70,<wb>сѧ
364,<wb>мене
39,<wb>і
1216,<wb>моіхъ
2058,<wb>словесъ
56,<wb>въ
5787,<wb>родѣ
2686,<wb>семъ
3763 114 204,<wb>прѣлюбо|дѣ|імъ
39,<wb>і
1824 3784 55,<wb>грѣшъ|нѣа|мъ
39,<wb>і
423,<wb>снъ
2314,<wb>члчь
5140,<wb>постъідітъ
70,<wb>сѧ
135,<wb>его
317,<wb>егда
786,<wb>прідетъ
56,<wb>въ
2236,<wb>славѣ
633,<wb>оца
524,<wb>своего
75,<wb>съ
4753,<wb>англъі
7093,<wb>стъіімі
39,<wb>і
892,<wb>глааше
3381,<wb>ім
681,<wb>амін
284,<wb>глѭ
260,<wb>вамъ
419,<wb>сѫтъ
3660,<wb>етеріі
221,<wb>от
978,<wb>сьде
1050 642 9,<wb>стоѧ|штіі|х
227,<wb>іже
62,<wb>не
1177,<wb>імѫтъ
4839,<wb>въкоусіті
2091,<wb>съмръті
3180,<wb>доідеже
4184,<wb>оузьрѧтъ
6509 830,<wb>цре|ствіе
1165,<wb>бжіе
2133 11,<wb>прішедъше|е
56,<wb>въ
2755,<wb>сілѣ
1302,<wb>оучітелю
2822 349,<wb>прівѣ|сь
732,<wb>сна
563,<wb>моего
468,<wb>кь
356,<wb>тебѣ
4883,<wb>імѫшта
768,<wb>дхъ
4642,<wb>нѣмъ
227,<wb>іже
773,<wb>ідеже
201,<wb>аште
4145,<wb>коліжьдо
537 289,<wb>іме|тъі
7358,<wb>пѣнъі
330 166 43,<wb>тѣ|шті|тъ
39,<wb>і
7297 2875,<wb>скрьжь|штетъ
5454,<wb>зѫбъі
1060,<wb>своімі
39,<wb>і
2694 467 118 3098,<wb>оцѣ|пѣ|нѣ|ваетъ
39,<wb>і
949,<wb>рѣхъ
286 7057,<wb>оучені|ком
1454,<wb>твоімъ
105,<wb>да
1282 179 289,<wb>іжде|нѫ|тъі
39,<wb>і
62,<wb>не
5300,<wb>възмогѫ
366,<wb>онъ
71,<wb>же
579,<wb>отъвѣштавъ
130,<wb>гла
47,<wb>о
7821,<wb>роде
1153 2559,<wb>невѣ|ренъ
156,<wb>до
1700,<wb>колѣ
56,<wb>въ
2668,<wb>вась
1387,<wb>бѫдѫ
156,<wb>до
1700,<wb>колѣ
237,<wb>въі
1026 6383,<wb>тръ|плѭ
3670,<wb>прінесѣте
39,<wb>і
468,<wb>кь
588,<wb>мнѣ
39,<wb>і
5408,<wb>прінѣсѧ
39,<wb>і
468,<wb>кь
398,<wb>немоу
39,<wb>і
649,<wb>відѣвъ
39,<wb>і
768,<wb>дхъ
600,<wb>абіе
7705,<wb>сътрѧсе
39,<wb>і
39,<wb>і
2618,<wb>падъ
68,<wb>на
734,<wb>земі
152 986,<wb>ва|лѣаше
70,<wb>сѧ
7358,<wb>пѣнъі
330 361,<wb>тѣ|штѧ
39,<wb>і
1136,<wb>въпросі
633,<wb>оца
135,<wb>его
1924,<wb>коліко
1742,<wb>лѣтъ
161,<wb>естъ
221,<wb>от
62 1395,<wb>не|ліже
121,<wb>се
798,<wb>бъіс
144,<wb>емоу
366,<wb>онъ
71,<wb>же
128 8,<wb>ре|ч
3317,<wb>ізь
806 7334,<wb>отро|чінъі
39,<wb>і
246 5505,<wb>мно|жіцеѭ
56,<wb>въ
5169,<wb>огнъ
1887,<wb>въвръже
39,<wb>і
39,<wb>і
56,<wb>въ
1905,<wb>водѫ
105,<wb>да
39,<wb>і
453,<wb>бі
1551 137,<wb>погоубі|лъ
208,<wb>нъ
201,<wb>аште
526,<wb>чьто
2137,<wb>можеші
3852,<wb>помозі
489,<wb>намъ
3936 5332 5639,<wb>мл|ср|довавъ
47,<wb>о
759,<wb>насъ
331,<wb>ісъ
71,<wb>же
141,<wb>рече
144,<wb>емоу
295,<wb>еже
201,<wb>аште
2137,<wb>можеші
2782,<wb>вѣроваті
264,<wb>вьсѣ
7403,<wb>възможьна
594 4956,<wb>вѣроу|ѭштоуоумоу
39,<wb>і
600,<wb>абіе
4784 92,<wb>възьпі|въ
749,<wb>оць
806 185 145,<wb>отро|чі|шта
75,<wb>съ
3100,<wb>слъзамі
892,<wb>глааше
3902,<wb>вѣроуѭ
300,<wb>гі
3852,<wb>помозі
1787,<wb>моемоу
1153 95 7,<wb>невѣ|рі|ю
649,<wb>відѣвъ
71,<wb>же
331,<wb>ісъ
99,<wb>ѣко
75 95 2875,<wb>съ|рі|штетъ
70,<wb>сѧ
956,<wb>народъ
1600,<wb>запрѣті
4785,<wb>дхоу
1411 7970,<wb>нечі|стоумоу
39,<wb>і
130,<wb>гла
144,<wb>емоу
6309,<wb>нѣмъі
39,<wb>і
6829,<wb>глоухъі
2241,<wb>дше
695,<wb>азь
323,<wb>ті
220 500,<wb>ве|лѭ
3977,<wb>ізіті
168,<wb>із
513,<wb>него
39,<wb>і
72,<wb>к
650,<wb>томоу
62,<wb>не
2756,<wb>въніті
56,<wb>въ
484,<wb>нь
39,<wb>і
4784 92,<wb>възьпі|въ
39,<wb>і
693,<wb>много
7407 278 180,<wb>прѫ|жа|вь
70,<wb>сѧ
820,<wb>ізіде
39,<wb>і
798,<wb>бъіс
99,<wb>ѣко
5912,<wb>мрътвъ
99,<wb>ѣко
39,<wb>і
2471,<wb>многомъ
1375,<wb>глаті
99,<wb>ѣко
3490,<wb>оумьрѣтъ
331,<wb>ісъ
71,<wb>же
210,<wb>імъ
39,<wb>і
171,<wb>за
1085,<wb>рѫкѫ
135,<wb>его
3256 48,<wb>вьздві|же
39,<wb>і
39,<wb>і
421,<wb>въста
39,<wb>і
6731,<wb>въшедъшоу
144,<wb>емоу
56,<wb>въ
729,<wb>домъ
559,<wb>оученіці
135,<wb>его
2765,<wb>въпрашаахѫ
39,<wb>і
940,<wb>едіного
376,<wb>како
478,<wb>мъі
62,<wb>не
1117 2439,<wb>възмо|гомъ
4427 52,<wb>ізгьна|ті
135,<wb>его
39,<wb>і
141,<wb>рече
210,<wb>імъ
157,<wb>тъ
1441,<wb>родъ
62,<wb>не
819,<wb>можетъ
5866 55 48,<wb>нічі|мъ|же
3977,<wb>ізіті
4150,<wb>тькмо
3936 4545,<wb>мл|твоѭ
39,<wb>і
67 2335,<wb>по|стомъ
39,<wb>і
221,<wb>от
1311 270,<wb>тѫ|доу
4607,<wb>ішедъше
3904,<wb>ідѣахѫ
5212,<wb>скозѣ
2767,<wb>галілеѭ
39,<wb>і
1414,<wb>хотѣаше
105,<wb>да
748,<wb>ніктоже
62,<wb>не
5680,<wb>оувѣстъ
3031,<wb>оучааше
112,<wb>бо
1222,<wb>оученікъі
599,<wb>своѧ
39,<wb>і
892,<wb>глааше
210,<wb>імъ
99,<wb>ѣко
423,<wb>снъ
2314,<wb>члчь
3270,<wb>прѣданъ
362,<wb>бѫдетъ
56,<wb>въ
825,<wb>рѫцѣ
4952,<wb>члкмъ
39,<wb>і
3345,<wb>оубіѭтъ
39,<wb>і
39,<wb>і
3776 98,<wb>оубіе|нъ
549,<wb>бъівъ
56,<wb>въ
2301,<wb>третіі
869,<wb>день
7940 2793,<wb>въскр|снетъ
416,<wb>пріде
331,<wb>ісъ
39,<wb>і
559,<wb>оученіці
135,<wb>его
56,<wb>въ
6409 2311 106,<wb>капер|наоу|мь
39,<wb>і
56,<wb>въ
756,<wb>домоу
549,<wb>бъівъ
2840,<wb>въпрашааше
1222,<wb>оученікъі
599,<wb>своѧ
394,<wb>что
68,<wb>на
895,<wb>пѫті
56,<wb>въ
436,<wb>себѣ
2232 17 242,<wb>помъішлѣ|а|сте
609,<wb>оні
71,<wb>же
2101 2843,<wb>млъ|чаахѫ
4634,<wb>дроугь
468,<wb>кь
1745,<wb>дроугоу
812,<wb>бѣахѫ
112,<wb>бо
190 591 230 393,<wb>сь|тѧ|за|ѭште
70,<wb>сѧ
68,<wb>на
895,<wb>пѫті
523,<wb>кто
161,<wb>естъ
3375,<wb>болеі
39,<wb>і
2460,<wb>сѣдъ
5420,<wb>прігласі
740,<wb>оба
68,<wb>на
811,<wb>десѧте
39,<wb>і
141,<wb>рече
210,<wb>імъ
201,<wb>аште
4440,<wb>кьто
1462,<wb>хоштетъ
1537,<wb>старѣі
503,<wb>бъіті
105,<wb>да
362,<wb>бѫдетъ
704,<wb>вьсѣхъ
318 1640,<wb>мь|неі
39,<wb>і
3052,<wb>всѣмъ
2128,<wb>слоуга
39,<wb>і
1729,<wb>пріемъ
1852,<wb>отрочѧ
1446,<wb>поставі
50,<wb>е
67,<wb>по
1549,<wb>срѣдѣ
299,<wb>іхъ
39,<wb>і
4623 389,<wb>объ|емъ
50,<wb>е
141,<wb>рече
210,<wb>імъ
227,<wb>іже
201,<wb>аште
814,<wb>едіно
311 2739,<wb>тако|въііхъ
806 929,<wb>отро|чѧтъ
1957,<wb>пріемлетъ
56,<wb>въ
466,<wb>імѧ
346,<wb>мое
226,<wb>мѧ
1957,<wb>пріемлетъ
77,<wb>а
227,<wb>іже
226,<wb>мѧ
1957,<wb>пріемлетъ
62,<wb>не
364,<wb>мене
1957,<wb>пріемлетъ
208,<wb>нъ
3319 1511,<wb>посьла|въшааго
226,<wb>мѧ
328,<wb>отъвѣшта
144,<wb>емоу
1219,<wb>іоанъ
441,<wb>глѧ
1302,<wb>оучітелю
2219,<wb>відѣхомъ
4403,<wb>етера
3473,<wb>іменемъ
1454,<wb>твоімъ
4580 145,<wb>ізгонѧ|шта
1897,<wb>бѣсъі
227,<wb>іже
62,<wb>не
3991,<wb>ходітъ
67,<wb>по
68 349,<wb>на|сь
39,<wb>і
41 19 1045 60 454,<wb>в|з|бра|ні|хомъ
144,<wb>емоу
331,<wb>ісъ
71,<wb>же
141,<wb>рече
62,<wb>не
6347,<wb>браніте
144,<wb>емоу
748,<wb>ніктоже
112,<wb>бо
161,<wb>естъ
227,<wb>іже
1675,<wb>сътворітъ
1518,<wb>сілѫ
47,<wb>о
1747,<wb>імені
3468,<wb>моемъ
39,<wb>і
5161,<wb>възможетъ
81,<wb>вь
961 96,<wb>ско|рѣ
2754 660 1352,<wb>зьло|сло|віті
226,<wb>мѧ
227,<wb>іже
112,<wb>бо
595,<wb>нѣстъ
68,<wb>на
237,<wb>въі
67,<wb>по
544,<wb>васъ
161,<wb>естъ
227,<wb>іже
112,<wb>бо
201,<wb>аште
3056 2315,<wb>напо|ітъ
237,<wb>въі
2551,<wb>чашѫ
1402,<wb>водъі
56,<wb>въ
466,<wb>імѧ
99,<wb>ѣко
136 111,<wb>х|ві
939,<wb>есте
2099,<wb>амінъ
284,<wb>глѭ
260,<wb>вамъ
62,<wb>не
1579,<wb>погоубітъ
3923 267,<wb>мьз|дъі
1276,<wb>своеѧ
4254,<wb>поем
331,<wb>ісъ
740,<wb>оба
68,<wb>на
811,<wb>десѧте
2333,<wb>оученіка
1596,<wb>своѣ
1194,<wb>начѧтъ
210,<wb>імъ
130,<wb>гла
295,<wb>еже
1414,<wb>хотѣаше
503,<wb>бъіті
144,<wb>емоу
99,<wb>ѣко
121,<wb>се
1714 1825,<wb>въсхо|дімъ
56,<wb>въ
6429,<wb>іерлмъ
39,<wb>і
423,<wb>снъ
345 4965,<wb>чл|чскъі
3270,<wb>прѣданъ
362,<wb>бѫдетъ
3696,<wb>архіереомъ
39,<wb>і
3771 1426,<wb>кьніжь|нікомъ
39,<wb>і
5535,<wb>осѫдѧтъ
39,<wb>і
68,<wb>на
1246 43,<wb>съмръ|тъ
39,<wb>і
4764,<wb>прѣдадѧтъ
39,<wb>і
1338 391,<wb>ѧз|комъ
39,<wb>і
3360 304,<wb>порѫга|ѭтъ
70,<wb>сѧ
144,<wb>емоу
39,<wb>і
73 54 2049 43,<wb>оу|те|пѫ|тъ
39,<wb>і
39,<wb>і
47 37 182 304,<wb>о|п|лю|ѭтъ
39,<wb>і
39,<wb>і
3345,<wb>оубіѭтъ
39,<wb>і
39,<wb>і
3641,<wb>треті
2121,<wb>денъ
4741,<wb>въскръснетъ
39,<wb>і
396,<wb>прѣдъ
528,<wb>німъ
4391,<wb>ідете
4240,<wb>іѣковъ
1219,<wb>іоанъ
732,<wb>сна
4513,<wb>зеведеова
654,<wb>глѭште
144,<wb>емоу
1302,<wb>оучітелю
547 87,<wb>хоште|вѣ
105,<wb>да
538,<wb>егоже
954 87,<wb>просі|вѣ
323,<wb>ті
105,<wb>да
2579 116,<wb>сьтворі|ші
2872,<wb>нама
331,<wb>ісъ
71,<wb>же
141,<wb>рече
268,<wb>іма
526,<wb>чьто
7959,<wb>хоштета
105,<wb>да
2543,<wb>сътворѭ
2674,<wb>вама
1254,<wb>она
71,<wb>же
2413,<wb>рѣсте
144,<wb>емоу
1844,<wb>даждъ
2872,<wb>нама
105,<wb>да
438,<wb>едінъ
47,<wb>о
1569,<wb>деснѫѭ
614,<wb>тебе
39,<wb>і
438,<wb>едінъ
47,<wb>о
4931,<wb>шоуѭ
614,<wb>тебе
70 79 87,<wb>сѧ|де|вѣ
56,<wb>въ
2236,<wb>славѣ
1856,<wb>твоеі
331,<wb>ісъ
71,<wb>же
141,<wb>рече
268,<wb>іма
62,<wb>не
140 163,<wb>вѣ|ста
70,<wb>сѧ
1316,<wb>чесо
1988 145,<wb>просѧ|шта
507 94,<wb>може|та
178,<wb>лі
2061,<wb>піті
2551,<wb>чашѫ
1447,<wb>ѭже
5065,<wb>аз
5481,<wb>піѭ
178,<wb>лі
1204 91 1192,<wb>кр|ште|ніемъ
2523,<wb>імъже
695,<wb>азь
1204 3716,<wb>кр|штаѭ
5054,<wb>крсті
70,<wb>сѧ
1254,<wb>она
71,<wb>же
2413,<wb>рѣсте
507 87,<wb>може|вѣ
5482,<wb>ісь
71,<wb>же
141,<wb>рече
268,<wb>іма
2551,<wb>чашѫ
222,<wb>оубо
1447,<wb>ѭже
695,<wb>азь
5481,<wb>піѭ
7918 3020,<wb>іспі|ета
39,<wb>і
1204 91 1192,<wb>кр|ште|ніемъ
2523,<wb>імъже
695,<wb>азь
1204 3716,<wb>кр|штаѭ
5054 94,<wb>крсті|та
70,<wb>сѧ
77,<wb>а
295,<wb>еже
333 147,<wb>сѣ|сті
47,<wb>о
1569,<wb>деснѫѭ
364,<wb>мене
39,<wb>і
47,<wb>о
4931,<wb>шоуѭ
3744,<wb>нѣсть
437,<wb>мьнѣ
1288,<wb>даті
208,<wb>нъ
2523,<wb>імъже
1328 85,<wb>оуготова|но
161,<wb>естъ
1434,<wb>слъішавъше
71,<wb>же
3467,<wb>десѧть
2911,<wb>начѧшѧ
513 3208,<wb>него|доваті
47,<wb>о
1040 87,<wb>іѣко|вѣ
39,<wb>і
8016,<wb>іоанѣ
331,<wb>ісъ
71,<wb>же
5330 103 180,<wb>прізь|ва|вь
225,<wb>ѧ
130,<wb>гла
210,<wb>імъ
1271,<wb>вѣсте
99,<wb>ѣко
5139 718,<wb>мьнѧ|штеі
70,<wb>сѧ
4411,<wb>власті
6104,<wb>ѧзкъі
7359 194,<wb>оусто|ѧтъ
210,<wb>імъ
39,<wb>і
367 215,<wb>велі|ці
299,<wb>іхъ
3757 304,<wb>облада|ѭтъ
2678,<wb>імі
62,<wb>не
964,<wb>такожде
161,<wb>естъ
56,<wb>въ
544,<wb>васъ
208,<wb>нъ
227,<wb>іже
201,<wb>аште
1462,<wb>хоштетъ
2478 718,<wb>вѧ|штеі
503,<wb>бъіті
56,<wb>въ
2668,<wb>вась
105,<wb>да
362,<wb>бѫдетъ
5426,<wb>въсѣмъ
2128,<wb>слоуга
77,<wb>а
227,<wb>іже
201,<wb>аште
1462,<wb>хоштетъ
503,<wb>бъіті
56,<wb>въ
544,<wb>васъ
1537,<wb>старѣі
105,<wb>да
4651,<wb>бѫдет
3052,<wb>всѣмъ
4820,<wb>рабь
1566,<wb>ібо
423,<wb>снъ
345 4965,<wb>чл|чскъі
62,<wb>не
416,<wb>пріде
105,<wb>да
587 1832,<wb>послоу|жѧтъ
144,<wb>емоу
208,<wb>нъ
105,<wb>да
587 1308,<wb>послоу|жітъ
39,<wb>і
1288,<wb>даті
911,<wb>дшѫ
651,<wb>своѭ
7797,<wb>ізбавленіе
171,<wb>за
823,<wb>многъі
3771 2586,<wb>кьніжь|нікь
1432,<wb>етеръ
3767,<wb>прістѫпль
468,<wb>кь
1073,<wb>ісоу
1136,<wb>въпросі
39,<wb>і
2459,<wb>каѣ
161,<wb>естъ
2144,<wb>заповѣдь
1950 6299,<wb>пръвѣ|іші
704,<wb>вьсѣхъ
331,<wb>ісъ
71,<wb>же
328,<wb>отъвѣшта
144,<wb>емоу
99,<wb>ѣко
1950 6299,<wb>пръвѣ|іші
704,<wb>вьсѣхъ
1326 16,<wb>заповѣді|і
1146,<wb>слъіші
168 182,<wb>із|лю
459,<wb>гь
443,<wb>бъ
1480,<wb>нашъ
459,<wb>гь
438,<wb>едінъ
157,<wb>тъ
161,<wb>естъ
39,<wb>і
7286,<wb>възлюбіші
480,<wb>га
422,<wb>ба
524,<wb>своего
877,<wb>вьсѣмъ
6269,<wb>срдцемъ
725,<wb>своімъ
39,<wb>і
3808,<wb>вьсеѭ
3538,<wb>дшеѭ
2379,<wb>своеѭ
747,<wb>сіі
1950 16 1592,<wb>пръвѣ|і|шіі
704,<wb>вьсѣхъ
1326 16,<wb>заповѣді|і
1974 61 33,<wb>въто|ра|ѣ
5483,<wb>подобьна
561,<wb>еі
7164,<wb>вьзлюбіші
5493 2148,<wb>іскръ|нѣаго
524,<wb>своего
99,<wb>ѣко
39,<wb>і
645,<wb>самъ
70,<wb>сѧ
4998,<wb>больші
121 7,<wb>се|ю
2005,<wb>іна
694 113,<wb>заповѣ|дъ
595,<wb>нѣстъ
39,<wb>і
141,<wb>рече
144,<wb>емоу
3771 409,<wb>кьніжь|нікъ
932,<wb>добрѣ
1302,<wb>оучітелю
56,<wb>въ
843,<wb>істінѫ
1594,<wb>глеші
99,<wb>ѣко
438,<wb>едінъ
161,<wb>естъ
39,<wb>і
595,<wb>нѣстъ
1972,<wb>іного
2118,<wb>развѣ
485,<wb>того
39,<wb>і
295,<wb>еже
5447,<wb>любіті
39,<wb>і
3052,<wb>всѣмъ
6269,<wb>срдцемъ
39,<wb>і
877,<wb>вьсѣмъ
406 2517,<wb>разоу|момъ
39,<wb>і
960 3,<wb>въсе|ѭ
3538,<wb>дшеѭ
39,<wb>і
988 3,<wb>все|ѭ
7081,<wb>крѣпостіѭ
39,<wb>і
295,<wb>еже
5447,<wb>любіті
4590 2148,<wb>іскрь|нѣаго
699,<wb>акъі
995,<wb>себе
1683,<wb>боле
161,<wb>естъ
960 173 7399 7398 9,<wb>въсе|съ|жага|емъіі|х
3164 32 92,<wb>жрь|т|въ
331,<wb>ісъ
71,<wb>же
649,<wb>відѣвъ
39,<wb>і
99,<wb>ѣко
6169 85,<wb>съмъіслъ|но
328,<wb>отъвѣшта
141,<wb>рече
144,<wb>емоу
62,<wb>не
2037,<wb>далече
313,<wb>есі
84,<wb>отъ
8017 17,<wb>црстві|а
1370,<wb>бжіѣ
39,<wb>і
748,<wb>ніктоже
62,<wb>не
1134 177,<wb>съмѣ|аше
135,<wb>его
72,<wb>к
650,<wb>томоу
81 632 1814,<wb>вь|про|сіті
39,<wb>і
579,<wb>отъвѣштавъ
331,<wb>ісъ
1408,<wb>оучѧ
892,<wb>глааше
56,<wb>въ
2796,<wb>цркві
376,<wb>како
2448,<wb>глѭтъ
6649,<wb>кьніжьніці
99,<wb>ѣко
930,<wb>хъ
423,<wb>снъ
53 4813,<wb>д|двъ
161,<wb>естъ
157,<wb>тъ
112,<wb>бо
141,<wb>рече
2864,<wb>дхмъ
6140,<wb>стъімъ
141,<wb>рече
459,<wb>гь
1341,<wb>гю
1787,<wb>моемоу
5141,<wb>сѣді
47,<wb>о
1569,<wb>деснѫѭ
364,<wb>мене
2419,<wb>дондеже
3969,<wb>положѫ
2235,<wb>врагъі
1164,<wb>твоѧ
7633 2585 11,<wb>подь|ножі|е
1981,<wb>ногама
6584,<wb>твоіма
645,<wb>самъ
222,<wb>оубо
5706,<wb>ддъ
4239 16,<wb>наріцаетъ|і
480,<wb>га
84,<wb>отъ
3794,<wb>кѫдоу
423,<wb>снъ
144,<wb>емоу
161,<wb>естъ
39,<wb>і
2087,<wb>многъ
956,<wb>народъ
2571 177,<wb>слоуша|аше
135,<wb>его
56,<wb>въ
5417,<wb>сласть
1920,<wb>воіні
6035,<wb>імъше
566,<wb>іса
2958,<wb>вѣсѧ
39,<wb>і
68,<wb>на
4317,<wb>дворъ
468,<wb>кь
7831,<wb>каіафѣ
295,<wb>еже
161,<wb>естъ
4423 125,<wb>прето|рь
39,<wb>і
3739 3066,<wb>прізъі|ваѭтъ
7549,<wb>всѫ
7406,<wb>спірѫ
39,<wb>і
5814,<wb>облѣшѧ
39,<wb>і
56,<wb>въ
127 5063 188,<wb>прѣ|прѫ|дь
39,<wb>і
3574,<wb>възложішѧ
68,<wb>на
484,<wb>нь
7491,<wb>съплетъше
1026 2255,<wb>тръ|новъ
140 1959,<wb>вѣ|нець
39,<wb>і
2911,<wb>начѧшѧ
370 209 667,<wb>цѣ|лъі|ваті
39,<wb>і
2917,<wb>радоуі
70,<wb>сѧ
3475,<wb>црю
2458,<wb>іюдеіскъ
39,<wb>і
453 2580,<wb>бі|ѣахѫ
39,<wb>і
67,<wb>по
5004,<wb>главѣ
1026 767,<wb>тръ|стіѭ
39,<wb>і
44 182 1412,<wb>п|лю|ѣхѫ
68,<wb>на
484,<wb>нь
39,<wb>і
127 253 334 393,<wb>прѣ|гъі|ба|ѭште
5175,<wb>колѣна
3012 216,<wb>покланѣ|ахѫ
70,<wb>сѧ
144,<wb>емоу
39,<wb>і
317,<wb>егда
3360 110,<wb>порѫга|шѧ
70,<wb>сѧ
70,<wb>сѧ
144,<wb>емоу
4825 110,<wb>съвлѣ|шѧ
190,<wb>сь
513,<wb>него
127 5063 188,<wb>прѣ|прѫ|дь
39,<wb>і
5814,<wb>облѣшѧ
39,<wb>і
56,<wb>въ
1290,<wb>різъі
599,<wb>своѧ
39,<wb>і
2891 281,<wb>ізвѣ|сѧ
39,<wb>і
105,<wb>да
2773 977,<wb>распь|нѫтъ
39,<wb>і
39,<wb>і
7795,<wb>задѣшѧ
1250 28 265 175 324,<wb>мімо|г|рѧ|дѫ|штоу
5844,<wb>етероу
3333,<wb>сімоноу
3772 118 60 274,<wb>курі|нѣ|ні|ноу
1142 324,<wb>грѧдѫ|штоу
75,<wb>съ
2990,<wb>села
1813,<wb>оцоу
1463 13 170 10 900 403,<wb>але|к|са|н|дро|воу
39,<wb>і
2845 20 6845,<wb>роу|ф|овоу
105,<wb>да
5703,<wb>възьметъ
4702,<wb>крстъ
135,<wb>его
39,<wb>і
4048,<wb>прівѣсѧ
39,<wb>і
68,<wb>на
707,<wb>мѣсто
223 36 58 2355,<wb>го|л|го|ѳа
295,<wb>еже
161,<wb>естъ
190 839 1637,<wb>сь|каза|емо
5813,<wb>краніево
707,<wb>мѣсто
39,<wb>і
105 2580,<wb>да|ѣахѫ
144,<wb>емоу
2061,<wb>піті
47 19 106 174 85,<wb>о|з|мь|ре|но
1017,<wb>віно
4640,<wb>онь
71,<wb>же
62,<wb>не
1505,<wb>пріѧтъ
39,<wb>і
702 498 119 82,<wb>рас|пе|нь|ше
39,<wb>і
1555 2427,<wb>раздѣ|лішѧ
1290,<wb>різъі
135,<wb>его
296 94 393,<wb>ме|та|ѭште
6205,<wb>жрѣбіѧ
47,<wb>о
1562,<wb>нѧ
523,<wb>кто
526,<wb>чьто
853 206 32,<wb>възь|ме|т
165,<wb>бѣ
71,<wb>же
1638,<wb>годіна
5316 17,<wb>третіѣ|а
39,<wb>і
2906 281,<wb>распѧ|сѧ
39,<wb>і
39,<wb>і
165,<wb>бѣ
6232,<wb>напісаніе
2491,<wb>вінъі
135,<wb>его
5258,<wb>напісано
331,<wb>ісъ
774,<wb>црь
2458,<wb>іюдеіскъ
39,<wb>і
190,<wb>сь
528,<wb>німъ
2906 281,<wb>распѧ|сѧ
3760,<wb>дьва
3183,<wb>разбоініка
940,<wb>едіного
47,<wb>о
1569,<wb>деснѫѭ
77,<wb>а
1096 58,<wb>дроуга|го
47,<wb>о
4931,<wb>шоуѭ
135,<wb>его
39,<wb>і
3871 97,<wb>събъі|стъ
70,<wb>сѧ
7544,<wb>пісаное
295,<wb>еже
1561,<wb>глетъ
39,<wb>і
75,<wb>съ
3351 7777,<wb>безаконь|нікома
90 6852 10,<wb>прі|чьте|н
351,<wb>бъістъ
39,<wb>і
1250,<wb>мімо
1553 642,<wb>ходѧ|штіі
1032 1650,<wb>хоу|лѣахѫ
39,<wb>і
6594 4296,<wb>покъі|ваѭште
7748,<wb>главамі
1060,<wb>своімі
39,<wb>і
1440,<wb>глште
73 103,<wb>оу|ва
4810 5646,<wb>раза|рѣѧі
4524,<wb>црквъ
39,<wb>і
3354,<wb>трьмі
869 123,<wb>день|мі
3224 6420,<wb>съзі|даѧ
483,<wb>ѭ
5697,<wb>спсі
70,<wb>сѧ
645,<wb>самъ
39,<wb>і
2945 89,<wb>сьні|ді
75,<wb>съ
4361,<wb>крста
964,<wb>такожде
39,<wb>і
942,<wb>архіереі
2616 393,<wb>рѫга|ѭште
70,<wb>сѧ
4634,<wb>дроугь
468,<wb>кь
1745,<wb>дроугоу
75,<wb>съ
3771 946,<wb>кьніжь|нікъі
39,<wb>і
997,<wb>глаахѫ
2331,<wb>інъі
2903,<wb>спсе
77,<wb>а
995,<wb>себе
178,<wb>лі
62,<wb>не
819,<wb>можетъ
2521 147,<wb>спа|сті
7077,<wb>хь
774,<wb>црь
7448,<wb>ілевъ
105,<wb>да
2945 231,<wb>сьні|детъ
457,<wb>нъінѣ
75,<wb>съ
4361,<wb>крста
105,<wb>да
2497,<wb>відімъ
39,<wb>і
827,<wb>вѣрѫ
7645,<wb>імемъ
144,<wb>емоу
872,<wb>прішедъ
2123,<wb>іосіфъ
227,<wb>іже
221,<wb>от
4902 6907,<wb>аріма|ѳеѧ
371 5149 1140 98,<wb>благо|обра|зе|нъ
1176 133 60 13,<wb>сьвѣ|ть|ні|к
99,<wb>ѣко
39,<wb>і
157,<wb>тъ
165,<wb>бѣ
225,<wb>ѧ
8017 17,<wb>црстві|а
392 17,<wb>бжі|а
39,<wb>і
2876 2581,<wb>дръз|нѫвъ
1776,<wb>въніде
150,<wb>къ
2984,<wb>пілатоу
39,<wb>і
954,<wb>просі
3043,<wb>тѣла
4744,<wb>ісва
416,<wb>пріде
1072 25,<wb>іосіф|ь
227,<wb>іже
221,<wb>от
4902 6907,<wb>аріма|ѳеѧ
239,<wb>бла
1099,<wb>пілатъ
71,<wb>же
2175,<wb>діві
70,<wb>сѧ
201,<wb>аште
1019,<wb>оуже
3490,<wb>оумьрѣтъ
39,<wb>і
5330 906,<wb>прізь|вавъ
190 133 875,<wb>сь|ть|ніка
1136,<wb>въпросі
39,<wb>і
201,<wb>аште
1019,<wb>оуже
318 1557,<wb>мь|рѣтъ
39,<wb>і
4140,<wb>оувѣдѣвъ
221,<wb>от
190 133 875,<wb>сь|ть|ніка
520,<wb>дастъ
817,<wb>тѣло
1072 2023,<wb>іосіф|ові
39,<wb>і
184 1545,<wb>ко|пль
627 183 33 849,<wb>пла|шт|ѣ|ніцѫ
39,<wb>і
4974,<wb>сънемъ
50,<wb>е
909 43,<wb>обі|тъ
56,<wb>въ
7742 849,<wb>плашта|ніцѫ
39,<wb>і
2882,<wb>въложі
50,<wb>е
56,<wb>въ
1785,<wb>гробъ
227,<wb>іже
165,<wb>бѣ
2412 1960,<wb>ісѣ|ченъ
56,<wb>въ
3001,<wb>камене
39,<wb>і
90 103 74,<wb>прі|ва|лі
1497,<wb>камень
68,<wb>на
2002,<wb>двьрі
1970,<wb>гроба
5099,<wb>маріа
71,<wb>же
3258,<wb>магдалъіні
39,<wb>і
5099,<wb>маріа
1072 2225,<wb>іосіф|ова
7770 3159,<wb>зьрѣ|аста
4118,<wb>кьде
39,<wb>і
2340 216,<wb>полага|ахѫ
171 8,<wb>за|ч
4118,<wb>кьде
39,<wb>і
2340 216,<wb>полага|ахѫ
39,<wb>і
3925 794,<wb>мінѫ|въші
5100,<wb>сѫботѣ
5099,<wb>маріа
3258,<wb>магдалъіні
39,<wb>і
5099,<wb>маріа
3234 597,<wb>іако|влѣ
39,<wb>і
301 2940,<wb>са|ломі
4065 110,<wb>коупі|шѧ
6172,<wb>ароматъі
105,<wb>да
872 110,<wb>прішедъ|шѧ
1378 1832,<wb>пома|жѧтъ
566,<wb>іса
3182 116,<wb>бъів|ші
5100,<wb>сѫботѣ
5099,<wb>маріа
3258,<wb>магдалъіні
39,<wb>і
1510,<wb>мар
760,<wb>зѣло
171,<wb>за
6458,<wb>оутра
56,<wb>въ
1986,<wb>едінѫ
1054 32,<wb>сѫбо|т
955,<wb>прідѫ
68,<wb>на
1785,<wb>гробъ
7374 1033,<wb>въсіѣ|въшоу
6084,<wb>сльньцоу
39,<wb>і
997,<wb>глаахѫ
468,<wb>кь
436,<wb>себѣ
523,<wb>кто
221 103 910,<wb>от|ва|літъ
489,<wb>намъ
1497,<wb>камень
221,<wb>от
5849,<wb>двьріі
1970,<wb>гроба
39,<wb>і
2880 110,<wb>възьрѣвъ|шѧ
1279,<wb>відѣшѧ
99,<wb>ѣко
221 103 132 10,<wb>от|ва|ле|н
165,<wb>бѣ
7833,<wb>каменъ
165,<wb>бѣ
112,<wb>бо
4143,<wb>велеі
760,<wb>зѣло
39,<wb>і
56 6851 110,<wb>въ|лѣзь|шѧ
56,<wb>въ
1785,<wb>гробъ
1279,<wb>відѣшѧ
1679 434,<wb>юно|шѫ
3599,<wb>сѣдѧшта
47,<wb>о
1569,<wb>деснѫѭ
2048 102,<wb>одѣ|на
56,<wb>въ
5773,<wb>одеждѫ
165 293,<wb>бѣ|лѫ
39,<wb>і
7395,<wb>оусѫ
70,<wb>сѧ
39,<wb>і
141,<wb>рече
210,<wb>імъ
62,<wb>не
6478,<wb>оужасаіте
70,<wb>сѧ
566,<wb>іса
2711,<wb>іштете
3525 4238,<wb>назарѣ|ніна
2906 4130,<wb>распѧ|тааго
421,<wb>въста
3744,<wb>нѣсть
978,<wb>сьде
121,<wb>се
707,<wb>мѣсто
773,<wb>ідеже
165,<wb>бѣ
6189,<wb>положенъ
208,<wb>нъ
1976,<wb>ідѣте
39,<wb>і
3487,<wb>рьцѣте
936,<wb>оученікомъ
135,<wb>его
39,<wb>і
2826,<wb>петрові
99,<wb>ѣко
5582 255,<wb>варѣ|етъ
237,<wb>въі
56,<wb>въ
1703,<wb>галілеі
390,<wb>тоу
39,<wb>і
1369,<wb>відіте
308,<wb>ѣкоже
141,<wb>рече
260,<wb>вамъ
39,<wb>і
1686 110,<wb>ішедъ|шѧ
4273,<wb>бѣжашѧ
221,<wb>от
1970,<wb>гроба
1865,<wb>імѣаше
71,<wb>же
225,<wb>ѧ
5833,<wb>трепетъ
39,<wb>і
3891,<wb>оужасъ
39,<wb>і
1769,<wb>нікомоуже
1330,<wb>нічесоже
62,<wb>не
510,<wb>рѣшѧ
6856,<wb>боѣахѫ
112,<wb>бо
70,<wb>сѧ
112 1412,<wb>бо|ѣхѫ
112,<wb>бо
70,<wb>сѧ
321 13 174 349,<wb>въс|к|ре|сь
331,<wb>ісъ
171,<wb>за
6458,<wb>оутра
56,<wb>въ
638 2499,<wb>пръ|вѫѭ
3292,<wb>сѫботъ
1173,<wb>ѣві
70,<wb>сѧ
536,<wb>прѣжде
2621,<wb>маріі
3258,<wb>магдалъіні
168,<wb>із
2861 48,<wb>неѧ|же
4427,<wb>ізгьна
1646 55,<wb>сед|мъ
165 349,<wb>бѣ|сь
1254,<wb>она
71,<wb>же
1291 116,<wb>шедъ|ші
2024,<wb>възвѣсті
549 2217,<wb>бъівъ|шіімъ
190,<wb>сь
528,<wb>німъ
2299 91 14,<wb>плачѫ|ште|м
70,<wb>сѧ
210,<wb>імъ
39,<wb>і
5610 1755,<wb>ръіда|ѭштемъ
609,<wb>оні
71,<wb>же
1434,<wb>слъішавъше
99,<wb>ѣко
1724,<wb>жівъ
161,<wb>естъ
39,<wb>і
248 98,<wb>відѣ|нъ
351,<wb>бъістъ
221,<wb>от
2861,<wb>неѧ
62,<wb>не
3331,<wb>ѧсѧ
994,<wb>вѣръі
67,<wb>по
930,<wb>хъ
71,<wb>же
3479,<wb>дьвѣма
221,<wb>от
562,<wb>ніхъ
1142 4366,<wb>грѧдѫ|штема
1173 129,<wb>ѣві|сі
70,<wb>сѧ
3571,<wb>інѣмъ
5088,<wb>образомъ
674 4366,<wb>ідѫ|штема
68,<wb>на
2610,<wb>село
39,<wb>і
373,<wb>та
1291 158,<wb>шедъ|ша
2024 163,<wb>възвѣсті|ста
6866,<wb>прочіімъ
122,<wb>ні
6663,<wb>тѣма
71,<wb>же
994,<wb>вѣръі
3331,<wb>ѧсѧ
6830,<wb>послѣдъ
71,<wb>же
2960 824,<wb>възлежѧ|штемъ
210,<wb>імъ
2293,<wb>едіномоу
68,<wb>на
811,<wb>десѧте
1173,<wb>ѣві
70,<wb>сѧ
39,<wb>і
1880 129,<wb>поно|сі
1153 95 7,<wb>невѣ|рі|ю
299,<wb>іхъ
39,<wb>і
3311 6828 5936,<wb>жесто|сръ|дію
99,<wb>ѣко
649 2217,<wb>відѣвъ|шіімъ
39,<wb>і
421 7281,<wb>въста|вша
84,<wb>отъ
2986,<wb>мрътвъііхъ
62,<wb>не
3331,<wb>ѧсѧ
994,<wb>вѣръі
39,<wb>і
141,<wb>рече
210,<wb>імъ
3135,<wb>шедъше
56,<wb>въ
1285,<wb>весь
688,<wb>міръ
2582 440,<wb>проповѣ|діте
2897 4061,<wb>ев|гліе
4855,<wb>всеі
3975,<wb>тварі
39,<wb>і
227,<wb>іже
827,<wb>вѣрѫ
4272,<wb>іметъ
39,<wb>і
5054 32,<wb>крсті|т
70,<wb>сѧ
2903 98,<wb>спсе|нъ
362,<wb>бѫдетъ
77,<wb>а
227,<wb>іже
62,<wb>не
4272,<wb>іметъ
994,<wb>вѣръі
176,<wb>то
4142,<wb>осѫжденъ
362,<wb>бѫдетъ
1767,<wb>знаменіѣ
71,<wb>же
1531 4627,<wb>вѣрова|въшіімъ
159,<wb>сі
1257 605 304,<wb>послѣдь|ствоу|ѭтъ
3473,<wb>іменемъ
1973,<wb>моімъ
1897,<wb>бѣсъі
4311,<wb>іжденѫтъ
6104,<wb>ѧзкъі
5218 1842,<wb>възг|лѭтъ
3872,<wb>новъі
39,<wb>і
56,<wb>въ
1357 76,<wb>рѫка|хъ
6303,<wb>зміѧ
853 2039,<wb>възь|мѫтъ
201,<wb>аште
39,<wb>і
75 14 629 85,<wb>съ|м|рът|но
394,<wb>что
7918 304,<wb>іспі|ѭтъ
1330,<wb>нічесоже
299,<wb>іхъ
62,<wb>не
7071,<wb>врѣдітъ
68,<wb>на
5780,<wb>недѫжьнъіѧ
1790,<wb>рѫкъі
160 5464,<wb>въз|ложѧтъ
39,<wb>і
2625 111,<wb>съдра|ві
969,<wb>бѫдѫтъ
459,<wb>гь
71,<wb>же
331,<wb>ісъ
67,<wb>по
130 690,<wb>гла|нію
135,<wb>его
468,<wb>кь
528,<wb>німъ
6367,<wb>възнесе
70,<wb>сѧ
68,<wb>на
2140,<wb>нбо
39,<wb>і
3240,<wb>сѣде
47,<wb>о
1569,<wb>деснѫѭ
422,<wb>ба
609,<wb>оні
71,<wb>же
3135,<wb>шедъше
1111 110,<wb>проповѣда|шѧ
6917,<wb>въсѫдоу
1341,<wb>гю
4424 272 3235,<wb>поспѣ|шь|ствоуѭштоу
39,<wb>і
442,<wb>слово
1609 470 923,<wb>оутвръ|жда|ѭштоу
1257 605 1455,<wb>послѣдь|ствоу|ѭштіімъ
1719 14,<wb>знаменіе|м
2099,<wb>амінъ
1225,<wb>понеже
222,<wb>оубо
899,<wb>мнозі
2208,<wb>нашѧ
666 1507,<wb>чі|ніті
758 214,<wb>повѣ|сть
47,<wb>о
2891 214 668,<wb>ізвѣ|сть|нъііхъ
56,<wb>въ
68 23,<wb>на|с
220 91 76,<wb>ве|ште|хъ
308,<wb>ѣкоже
2985,<wb>прѣдашѧ
489,<wb>намъ
1580 16,<wb>бъівъше|і
4547,<wb>іспръва
1166 111 188 215,<wb>само|ві|дь|ці
39,<wb>і
2057,<wb>слоугъі
1866,<wb>словесі
3148,<wb>ізволі
70,<wb>сѧ
39,<wb>і
2231,<wb>мънѣ
1032 716 358,<wb>хоу|ждъ|шоу
67,<wb>по
4778,<wb>въсѣхъ
56,<wb>въ
843,<wb>істінѫ
67,<wb>по
5603,<wb>рѧдоу
5775,<wb>пісаті
356,<wb>тебѣ
2695 139,<wb>славь|нъі
47,<wb>о
238 12 2234 132,<wb>те|о|фі|ле
105,<wb>да
7087,<wb>разоумѣеші
47,<wb>о
2278,<wb>ніхъже
1270 137,<wb>наоучі|лъ
313,<wb>есі
4236,<wb>словесехъ
1609 2689,<wb>оутвръ|жденіе
798,<wb>бъіс
56,<wb>въ
752,<wb>дьні
6969,<wb>ірода
2470,<wb>црѣ
3643,<wb>іюдеіска
5277,<wb>іереі
1432,<wb>етеръ
3473,<wb>іменемъ
2266 2961,<wb>заха|ріа
221,<wb>от
50 2234 206 2330,<wb>е|фі|ме|ріѧ
1757 17 375,<wb>аві|а|нѧ
39,<wb>і
847,<wb>жена
144,<wb>емоу
221,<wb>от
6710,<wb>дъштерь
3719 119,<wb>аро|нь
466,<wb>імѧ
561,<wb>еі
6714,<wb>елісаветь
165 82 54,<wb>бѣ|ше|те
71,<wb>же
740,<wb>оба
2112 102,<wb>праведъ|на
396,<wb>прѣдъ
4047,<wb>бмъ
6047,<wb>ходѧшта
56,<wb>въ
2858 76,<wb>заповѣде|хъ
704,<wb>вьсѣхъ
39,<wb>і
1652 18 86 1662,<wb>опра|в|да|нііхъ
65 1698,<wb>г|ніхъ
1241,<wb>бес
2084 134,<wb>поро|ка
39,<wb>і
62,<wb>не
165,<wb>бѣ
268,<wb>іма
1830,<wb>чѧда
1225,<wb>понеже
165,<wb>бѣ
6902,<wb>елісавеѳь
5005 267,<wb>непло|дъі
39,<wb>і
740,<wb>оба
7619 96 816,<wb>замато|рѣ|въша
56,<wb>въ
3352,<wb>дьнехъ
809,<wb>своіхъ
7650,<wb>бѣста
798,<wb>бъіс
71,<wb>же
4325 324,<wb>слоужѧ|штоу
50 172,<wb>е|мо
56,<wb>въ
4794,<wb>чіноу
1373 267,<wb>чрѣ|дъі
1276,<wb>своеѧ
396,<wb>прѣдъ
4047,<wb>бмъ
67,<wb>по
3455,<wb>объічаю
5277 3096,<wb>іереі|скоумоу
3685 185,<wb>клю|чі
70,<wb>сѧ
144,<wb>емоу
543 943,<wb>пока|діті
6731,<wb>въшедъшоу
71,<wb>же
56,<wb>въ
4524,<wb>црквъ
65 1309,<wb>г|нѭ
39,<wb>і
988,<wb>все
2588,<wb>множьство
2799,<wb>людіі
165,<wb>бѣ
3936 3769,<wb>мл|твѫ
250 24,<wb>дѣ|ѧ
6524,<wb>вънѣ
56,<wb>въ
4287,<wb>годъ
323 123 17 102,<wb>ті|мі|а|на
1757,<wb>аві
71,<wb>же
70,<wb>сѧ
144,<wb>емоу
2370,<wb>англъ
2408,<wb>гнь
1050,<wb>стоѧ
47,<wb>о
1569,<wb>деснѫѭ
4421 96,<wb>олта|рѣ
332 7765 482,<wb>ка|ділъ|нааго
39,<wb>і
190 282 54,<wb>сь|мѧ|те
70,<wb>сѧ
4541,<wb>захаріѣ
649,<wb>відѣвъ
39,<wb>і
2653,<wb>страхъ
6010,<wb>нападе
68,<wb>на
484,<wb>нь
141,<wb>рече
71,<wb>же
468,<wb>кь
398,<wb>немоу
2370,<wb>англъ
2408,<wb>гнь
62,<wb>не
2496,<wb>боі
70,<wb>сѧ
2266 1984,<wb>заха|ріе
1070,<wb>зане
1148,<wb>оуслъіша
68,<wb>на
798,<wb>бъіс
3936 2153,<wb>мл|тва
552,<wb>твоѣ
39,<wb>і
847,<wb>жена
552,<wb>твоѣ
6902,<wb>елісавеѳь
4838,<wb>родітъ
423,<wb>снъ
356,<wb>тебѣ
39,<wb>і
5438,<wb>наречеші
466,<wb>імѧ
144,<wb>емоу
1219,<wb>іоанъ
39,<wb>і
362,<wb>бѫдетъ
1994,<wb>радость
356,<wb>тебѣ
3492,<wb>веліѣ
39,<wb>і
899,<wb>мнозі
47,<wb>о
3562 2392,<wb>родь|ствѣ
135,<wb>его
4290,<wb>въздрадоуѭтъ
70,<wb>сѧ
362,<wb>бѫдетъ
112,<wb>бо
367,<wb>велі
396,<wb>прѣдъ
4047,<wb>бмъ
39,<wb>і
2567,<wb>віна
39,<wb>і
159 2025 61,<wb>сі|ке|ра
62,<wb>не
584,<wb>іматъ
2061,<wb>піті
39,<wb>і
2864,<wb>дхмъ
251 55,<wb>ст|мъ
5131,<wb>ісплънітъ
70,<wb>сѧ
836,<wb>еште
39,<wb>і
3848,<wb>чрѣва
51 32 174,<wb>м|т|ре
1276,<wb>своеѧ
823,<wb>многъі
4989,<wb>сновъ
168 3714,<wb>із|лвъ
7011,<wb>обратітъ
150,<wb>къ
1341,<wb>гю
710,<wb>боу
299,<wb>іхъ
39,<wb>і
157,<wb>тъ
127 267 231,<wb>прѣ|дъі|детъ
396,<wb>прѣдъ
528,<wb>німъ
2864,<wb>дхмъ
39,<wb>і
1810,<wb>сілоѭ
39,<wb>і
178 16 1080,<wb>лі|і|ноѭ
6166,<wb>обратіті
2780,<wb>срдца
2088,<wb>оцъ
68,<wb>на
1830,<wb>чѧда
39,<wb>і
5281 471,<wb>протівъ|нъіѧ
56,<wb>въ
4386,<wb>мѫдрость
2112 668,<wb>праведъ|нъііхъ
5130,<wb>оуготоваті
844,<wb>люді
3730 139,<wb>съвръше|нъі
39,<wb>і
141,<wb>рече
4541,<wb>захаріѣ
150,<wb>къ
1264 228,<wb>анг|лоу
67,<wb>по
1316,<wb>чесо
1103,<wb>моу
4492,<wb>разоумѣѭ
121,<wb>се
695,<wb>азь
112,<wb>бо
568,<wb>есмъ
6165,<wb>старъ
39,<wb>і
847,<wb>жена
556,<wb>моѣ
7619 6173,<wb>замато|рѣвъші
56,<wb>въ
3352,<wb>дьнехъ
809,<wb>своіхъ
39,<wb>і
579,<wb>отъвѣштавъ
2370,<wb>англъ
141,<wb>рече
144,<wb>емоу
695,<wb>азь
568,<wb>есмъ
7068 4235,<wb>гав|ріілъ
1653 509,<wb>прѣсто|ѧі
396,<wb>прѣдъ
4047,<wb>бмъ
39,<wb>і
3319 98,<wb>посьла|нъ
568,<wb>есмъ
1375,<wb>глаті
468,<wb>кь
356,<wb>тебѣ
39,<wb>і
7669,<wb>благовѣстіті
356,<wb>тебѣ
747,<wb>сіі
39,<wb>і
121,<wb>се
2062,<wb>бѫдеші
2101 380,<wb>млъ|чѧ
39,<wb>і
62,<wb>не
4933,<wb>могъі
164 810 52,<wb>про|гла|ті
156,<wb>до
3068,<wb>негоже
713,<wb>дьне
969,<wb>бѫдѫтъ
747,<wb>сіі
1070,<wb>зане
62,<wb>не
1531,<wb>вѣрова
5437,<wb>словесемъ
1973,<wb>моімъ
494,<wb>ѣже
3463,<wb>събѫдѫтъ
70,<wb>сѧ
56,<wb>въ
783,<wb>врѣмѧ
357,<wb>свое
39,<wb>і
2191,<wb>бѣшѧ
2190,<wb>людіе
236 175 91,<wb>жі|дѫ|ште
7995,<wb>захаріѧ
39,<wb>і
7845,<wb>чоуждаахѫ
70,<wb>сѧ
295,<wb>еже
1103 1181,<wb>моу|ждааше
56,<wb>въ
2796,<wb>цркві
39,<wb>і
1686,<wb>ішедъ
71,<wb>же
62,<wb>не
2250,<wb>можааше
1375,<wb>глаті
468,<wb>кь
528,<wb>німъ
39,<wb>і
2167,<wb>разоумѣшѧ
99,<wb>ѣко
4139,<wb>відѣніе
248,<wb>відѣ
56,<wb>въ
2796,<wb>цркві
39,<wb>і
157,<wb>тъ
165,<wb>бѣ
1378 24,<wb>пома|ѧ
210,<wb>імъ
39,<wb>і
5117,<wb>прѣбъівааше
4642,<wb>нѣмъ
39,<wb>і
798,<wb>бъіс
99,<wb>ѣко
3470,<wb>ісплънішѧ
70,<wb>сѧ
294 200,<wb>де|ніе
4815 325,<wb>слоуж|бъі
135,<wb>его
452,<wb>іде
56,<wb>въ
729,<wb>домъ
424,<wb>своі
67,<wb>по
745,<wb>сіхъ
71,<wb>же
713 9,<wb>дьне|х
5157,<wb>зачѧтъ
6902,<wb>елісавеѳь
847,<wb>жена
135,<wb>его
39,<wb>і
373 3099,<wb>та|ѣаше
70,<wb>сѧ
353 363,<wb>мѣ|ць
53,<wb>д
189 166,<wb>гл|шті
5157,<wb>зачѧтъ
6836,<wb>елісавеѳ
847,<wb>жена
5434 102,<wb>захаріі|на
39,<wb>і
373 802,<wb>та|ѣше
70,<wb>сѧ
353 446,<wb>мѣ|цъ
53,<wb>д
189 166,<wb>гл|шті
99,<wb>ѣко
311,<wb>тако
261,<wb>сътворі
588,<wb>мнѣ
459,<wb>гь
81,<wb>вь
752,<wb>дьні
56,<wb>въ
5129,<wb>нѧже
6569,<wb>прізьрѣ
221,<wb>от
2541,<wb>ѧті
5436,<wb>поношеніе
346,<wb>мое
56,<wb>въ
345 259 9,<wb>чл|цѣ|х
99,<wb>ѣко
311,<wb>тако
261,<wb>сътворі
437,<wb>мьнѣ
459,<wb>гь
56,<wb>въ
752,<wb>дьні
56,<wb>въ
5129,<wb>нѧже
6569,<wb>прізьрѣ
84 686,<wb>отъ|ѧті
5436,<wb>поношеніе
346,<wb>мое
56,<wb>въ
345 1131,<wb>чл|цѣхъ
56,<wb>въ
5811,<wb>шестъі
71,<wb>же
353 363,<wb>мѣ|ць
2570,<wb>посъланъ
351,<wb>бъістъ
487 9 10 4620,<wb>ар|х|н|глъ
7068 4235,<wb>гав|ріілъ
221,<wb>от
422,<wb>ба
56,<wb>въ
698,<wb>градъ
1703 854,<wb>галілеі|скъ
466,<wb>імѧ
144,<wb>емоу
4621 4,<wb>назаре|ѳ
468,<wb>кь
7519,<wb>дѣвѣ
6159 118,<wb>обрѫче|нѣ
2970,<wb>мѫжоу
991,<wb>емоуже
466,<wb>імѧ
2123,<wb>іосіфъ
221,<wb>от
756,<wb>домоу
53 7369,<wb>д|два
466,<wb>імѧ
7519,<wb>дѣвѣ
1160,<wb>маріѣ
39,<wb>і
1952,<wb>въшедъ
468,<wb>кь
1079,<wb>неі
2370,<wb>англъ
128 8,<wb>ре|ч
2917,<wb>радоуі
70,<wb>сѧ
1202 43 886,<wb>благодѣ|тъ|наѣ
459,<wb>гь
75,<wb>съ
1238,<wb>тобоѭ
1036 102,<wb>бл|на
288,<wb>тъі
56,<wb>въ
847 76,<wb>жена|хъ
1254,<wb>она
71,<wb>же
4409,<wb>відѣвъші
39,<wb>і
4017,<wb>съмѧте
70,<wb>сѧ
47,<wb>о
1866,<wb>словесі
135,<wb>его
39,<wb>і
1132 986,<wb>помъіш|лѣаше
376,<wb>како
121,<wb>се
362,<wb>бѫдетъ
2892 200,<wb>цѣлова|ніе
39,<wb>і
141,<wb>рече
2370,<wb>англъ
468,<wb>кь
1079,<wb>неі
62,<wb>не
2496,<wb>боі
70,<wb>сѧ
5889,<wb>маріе
1128,<wb>обрѣте
112,<wb>бо
1202 32,<wb>благодѣ|т
84,<wb>отъ
422,<wb>ба
39,<wb>і
121,<wb>се
171 229 2874,<wb>за|чь|неші
56,<wb>въ
4188,<wb>чрѣвѣ
39,<wb>і
5837,<wb>родіші
423,<wb>снъ
39,<wb>і
5438,<wb>наречеші
466,<wb>імѧ
144,<wb>емоу
331,<wb>ісъ
190,<wb>сь
362,<wb>бѫдетъ
2844,<wb>веліі
39,<wb>і
423,<wb>снъ
5601,<wb>въішьнѣаго
3380,<wb>наречетъ
70,<wb>сѧ
39,<wb>і
520,<wb>дастъ
144,<wb>емоу
459,<wb>гь
443,<wb>бъ
3800,<wb>прѣстолъ
53 86,<wb>д|да
633,<wb>оца
135,<wb>его
39,<wb>і
56 26 1631,<wb>въ|ц|рітъ
70,<wb>сѧ
56,<wb>въ
756,<wb>домоу
1040 18 74,<wb>іѣко|в|лі
56,<wb>въ
1161,<wb>вѣкъі
39,<wb>і
476 605,<wb>цр|ствоу
135,<wb>его
62,<wb>не
362,<wb>бѫдетъ
2050 218,<wb>кон|ца
141,<wb>рече
71,<wb>же
1160,<wb>маріѣ
150,<wb>къ
1264 228,<wb>анг|лоу
376,<wb>како
121,<wb>се
362,<wb>бѫдетъ
452,<wb>іде
1376,<wb>мѫжа
62,<wb>не
3461,<wb>знаѭ
39,<wb>і
5264,<wb>отвѣштавъ
2370,<wb>англъ
141,<wb>рече
561,<wb>еі
768,<wb>дхъ
490,<wb>стъі
2398 231,<wb>наі|детъ
68,<wb>на
374,<wb>тѧ
39,<wb>і
1850,<wb>сіла
4735 2148,<wb>въішъ|нѣаго
5125 846,<wb>осѣ|нітъ
374,<wb>тѧ
1347 48,<wb>тѣмь|же
39,<wb>і
295,<wb>еже
4838,<wb>родітъ
70,<wb>сѧ
577,<wb>сто
3380,<wb>наречетъ
70,<wb>сѧ
423,<wb>снъ
776,<wb>бжіі
39,<wb>і
121,<wb>се
6902,<wb>елісавеѳь
7665,<wb>ѫжіка
552,<wb>твоѣ
39,<wb>і
373,<wb>та
5157,<wb>зачѧтъ
732,<wb>сна
56,<wb>въ
6568,<wb>старость
651,<wb>своѭ
39,<wb>і
121,<wb>се
353 363,<wb>мѣ|ць
5811,<wb>шестъі
561,<wb>еі
161,<wb>естъ
6493,<wb>наріцаемѣі
5005 188 111,<wb>непло|дь|ві
99,<wb>ѣко
62,<wb>не
6113 1226,<wb>ізнемо|жетъ
84,<wb>отъ
422,<wb>ба
572 569,<wb>всѣ|кь
2993,<wb>глъ
141,<wb>рече
71,<wb>же
1160,<wb>маріѣ
121,<wb>се
1322,<wb>раба
717,<wb>гнѣ
1021,<wb>бѫді
2231,<wb>мънѣ
67,<wb>по
2073,<wb>глоу
1431,<wb>твоемоу
39,<wb>і
1334,<wb>отіде
84,<wb>отъ
2861,<wb>неѧ
2370,<wb>англъ
421 794,<wb>въста|въші
1160,<wb>маріѣ
452,<wb>іде
56,<wb>въ
826 58 1984,<wb>подъ|го|ріе
75,<wb>съ
617 145 1192,<wb>ть|шта|ніемъ
56,<wb>въ
698,<wb>градъ
411 1759,<wb>ію|довъ
41 163 4868,<wb>в|ста|вші
1160,<wb>маріѣ
41 163 4868,<wb>в|ста|вші
1160,<wb>маріѣ
39,<wb>і
1776,<wb>въніде
56,<wb>въ
729,<wb>домъ
5434 98,<wb>захаріі|нъ
1004 2010,<wb>іцѣ|лова
6902,<wb>елісавеѳь
39,<wb>і
798,<wb>бъіс
99,<wb>ѣко
1148,<wb>оуслъіша
6902,<wb>елісавеѳь
2892 200,<wb>цѣлова|ніе
2621 85,<wb>маріі|но
1648 1044,<wb>възі|гра
70,<wb>сѧ
1283 113 1959,<wb>мла|дъ|нець
833 7787,<wb>радо|штамі
56,<wb>въ
8013,<wb>ѫтробѣ
908,<wb>еѧ
39,<wb>і
1564,<wb>ісплъні
70,<wb>сѧ
2864,<wb>дхмъ
6140,<wb>стъімъ
6902,<wb>елісавеѳь
39,<wb>і
4784,<wb>възьпі
39,<wb>і
2321,<wb>гласомъ
6092,<wb>веліемъ
39,<wb>і
141,<wb>рече
1036 6795,<wb>бл|вна
288,<wb>тъі
56,<wb>въ
847 76,<wb>жена|хъ
39,<wb>і
1036 7796,<wb>бл|внъ
1243,<wb>плодъ
3848,<wb>чрѣва
697,<wb>твоего
39,<wb>і
84,<wb>отъ
3794,<wb>кѫдоу
121,<wb>се
588,<wb>мнѣ
105,<wb>да
786,<wb>прідетъ
3196,<wb>мті
480,<wb>га
563,<wb>моего
468,<wb>кь
588,<wb>мнѣ
121,<wb>се
112,<wb>бо
99,<wb>ѣко
351,<wb>бъістъ
3452,<wb>глас
7163,<wb>цѣлованіѣ
697,<wb>твоего
56,<wb>въ
1548 7,<wb>оуші|ю
4138,<wb>моею
1648 1044 281,<wb>възі|гра|сѧ
1283 113 2089,<wb>мла|дъ|нецъ
833 7787,<wb>радо|штамі
56,<wb>въ
4188,<wb>чрѣвѣ
3468,<wb>моемъ
39,<wb>і
554 102,<wb>блаже|на
494,<wb>ѣже
827,<wb>вѣрѫ
3489,<wb>ѧтъ
99,<wb>ѣко
362,<wb>бѫдетъ
1144 1223,<wb>съвръ|шеніе
130 2307,<wb>гла|нъімъ
561,<wb>еі
84,<wb>отъ
480,<wb>га
39,<wb>і
141,<wb>рече
1160,<wb>маріѣ
367 1768,<wb>велі|чітъ
1490,<wb>дша
556,<wb>моѣ
480,<wb>га
39,<wb>і
4613,<wb>въздрадова
70,<wb>сѧ
768,<wb>дхъ
329,<wb>моі
47,<wb>о
4451,<wb>бзѣ
637 233,<wb>сп|сѣ
3468,<wb>моемъ
99,<wb>ѣко
6569,<wb>прізьрѣ
68,<wb>на
3216 200,<wb>съмѣре|ніе
1833,<wb>рабъі
1276,<wb>своеѧ
121,<wb>се
112,<wb>бо
84,<wb>отъ
1831,<wb>селѣ
239 1832,<wb>бла|жѧтъ
226,<wb>мѧ
1355,<wb>въсі
790,<wb>роді
99,<wb>ѣко
261,<wb>сътворі
588,<wb>мнѣ
367 6474,<wb>велі|чіе
2622 139,<wb>сілъ|нъі
39,<wb>і
577,<wb>сто
466,<wb>імѧ
135,<wb>его
659 23,<wb>прѣбъі|с
71,<wb>же
1160,<wb>маріѣ
75,<wb>съ
2996,<wb>неѭ
99,<wb>ѣко
1188,<wb>трі
353 532,<wb>мѣ|цѧ
39,<wb>і
1049,<wb>възвраті
70,<wb>сѧ
56,<wb>въ
729,<wb>домъ
424,<wb>своі
1049,<wb>възвраті
70,<wb>сѧ
56,<wb>въ
729,<wb>домъ
424,<wb>своі
56,<wb>въ
729,<wb>домъ
424,<wb>своі
3642 52,<wb>елісаве|ті
71,<wb>же
3470,<wb>ісплънішѧ
70,<wb>сѧ
294 200,<wb>де|ніе
3960,<wb>родіті
561,<wb>еі
39,<wb>і
790,<wb>роді
423,<wb>снъ
39,<wb>і
3367,<wb>слъішашѧ
3314 21 97,<wb>ок|р|стъ
7903,<wb>жівѫштіі
2441 200,<wb>рожде|ніе
908,<wb>еѧ
99,<wb>ѣко
1380 7100,<wb>възве|лічілъ
161,<wb>естъ
459,<wb>гь
3936 97,<wb>мл|стъ
651,<wb>своѭ
75,<wb>съ
2996,<wb>неѭ
39,<wb>і
833 2587,<wb>радо|ваахѫ
70,<wb>сѧ
75,<wb>съ
2996,<wb>неѭ
39,<wb>і
798,<wb>бъіс
56,<wb>въ
464 285,<wb>ос|мъі
6826,<wb>ден
955,<wb>прідѫ
3992 43,<wb>обрѣза|тъ
7703,<wb>отрочѧте
39,<wb>і
751 216,<wb>наріца|ахѫ
50,<wb>е
3473,<wb>іменемъ
633,<wb>оца
524,<wb>своего
4541,<wb>захаріѣ
39,<wb>і
579 116,<wb>отъвѣштавъ|ші
3196,<wb>мті
135,<wb>его
128,<wb>ре
122,<wb>ні
208,<wb>нъ
105,<wb>да
3380,<wb>наречетъ
70,<wb>сѧ
466,<wb>імѧ
144,<wb>емоу
1219,<wb>іоанъ
39,<wb>і
510,<wb>рѣшѧ
468,<wb>кь
1079,<wb>неі
99,<wb>ѣко
748,<wb>ніктоже
161,<wb>естъ
84,<wb>отъ
2441 297,<wb>рожде|ніѣ
697,<wb>твоего
227,<wb>іже
4239,<wb>наріцаетъ
70,<wb>сѧ
3473,<wb>іменемъ
1347,<wb>тѣмь
1378 2587,<wb>пома|ваахѫ
71,<wb>же
1813,<wb>оцоу
135,<wb>его
376,<wb>како
453,<wb>бі
788 137,<wb>хотѣ|лъ
5019,<wb>нарешті
50,<wb>е
39,<wb>і
3572 272,<wb>іспро|шь
2556 676,<wb>дъшті|цѫ
1456,<wb>напіса
441,<wb>глѧ
1219,<wb>іоанъ
161,<wb>естъ
466,<wb>імѧ
144,<wb>емоу
39,<wb>і
7845,<wb>чоуждаахѫ
70,<wb>сѧ
1355,<wb>въсі
3870 281,<wb>отврѣ|сѧ
71,<wb>же
70,<wb>сѧ
1106,<wb>оуста
135,<wb>его
600,<wb>абіе
39,<wb>і
2867,<wb>ѧзкъ
135,<wb>его
39,<wb>і
892,<wb>глааше
1036 18 3,<wb>бл|в|ѭ
422,<wb>ба
39,<wb>і
798,<wb>бъіс
68,<wb>на
913 9,<wb>въсѣ|х
2653,<wb>страхъ
5307,<wb>жівѫштііхъ
3314 21 97,<wb>ок|р|стъ
39,<wb>і
56,<wb>въ
4855,<wb>всеі
4425 276,<wb>гор|ніі
685 2524,<wb>іюдеі|стѣі
1721 2775,<wb>повѣда|емі
812,<wb>бѣахѫ
1355,<wb>въсі
4377 129,<wb>глі|сі
39,<wb>і
2712,<wb>положішѧ
1286,<wb>всі
1296 642,<wb>слъішѧ|штіі
68,<wb>на
3636 193,<wb>срдці|іхъ
809,<wb>своіхъ
526,<wb>чьто
222,<wb>оубо
1852,<wb>отрочѧ
121,<wb>се
362,<wb>бѫдетъ
39,<wb>і
1357,<wb>рѫка
717,<wb>гнѣ
165,<wb>бѣ
75,<wb>съ
528,<wb>німъ
39,<wb>і
4541,<wb>захаріѣ
749,<wb>оць
135,<wb>его
1564,<wb>ісплъні
70,<wb>сѧ
2864,<wb>дхмъ
2909,<wb>стъіімъ
39,<wb>і
1885 229 1827,<wb>прр|чь|ствова
441,<wb>глѧ
1036 98,<wb>бл|нъ
459,<wb>гь
443,<wb>бъ
168 3714,<wb>із|лвъ
99,<wb>ѣко
3896,<wb>посѣті
39,<wb>і
2579,<wb>сьтворі
7797,<wb>ізбавленіе
2356,<wb>людемъ
725,<wb>своімъ
39,<wb>і
288,<wb>тъі
1852,<wb>отрочѧ
4644,<wb>прркъ
237 2 2148,<wb>въі|ш|нѣаго
5438,<wb>наречеші
70,<wb>сѧ
127 267 3294,<wb>прѣ|дъі|деші
112,<wb>бо
396,<wb>прѣдъ
3118,<wb>ліцемъ
65 1448,<wb>г|немъ
5130,<wb>оуготоваті
895,<wb>пѫті
135,<wb>его
1852,<wb>отрочѧ
71,<wb>же
7877 177,<wb>растѣ|аше
39,<wb>і
6925,<wb>крѣплѣаше
70,<wb>сѧ
2864,<wb>дхмъ
39,<wb>і
165,<wb>бѣ
56,<wb>въ
1058 3152,<wb>поустъі|нѣхъ
156,<wb>до
713,<wb>дьне
78 6552,<wb>ѣ|вленіѣ
524,<wb>своего
150,<wb>къ
168 182,<wb>із|лю
820,<wb>ізіде
694,<wb>заповѣ
84,<wb>отъ
7661,<wb>кесарѣ
77 18 58 163,<wb>а|в|го|ста
1456 52,<wb>напіса|ті
7549,<wb>всѫ
7019,<wb>вьселенѫѭ
121,<wb>се
6232,<wb>напісаніе
4719,<wb>пръвое
798,<wb>бъіс
458 175 324,<wb>вла|дѫ|штоу
762 1984 3,<wb>соу|ріе|ѭ
39,<wb>і
3772 200 3,<wb>курі|ніе|ѭ
39,<wb>і
3904,<wb>ідѣахѫ
481,<wb>вьсі
1456 43,<wb>напіса|тъ
70,<wb>сѧ
468 1630,<wb>кь|ждо
56,<wb>въ
424,<wb>своі
698,<wb>градъ
3058,<wb>вьзіде
71,<wb>же
1072 25,<wb>іосіф|ь
221,<wb>от
3050,<wb>галілеѧ
39,<wb>і
926,<wb>града
4621 133 384,<wb>назаре|ть|ска
81,<wb>вь
6521,<wb>іюдеѭ
81,<wb>вь
698,<wb>градъ
53 4813,<wb>д|двъ
227,<wb>іже
4239,<wb>наріцаетъ
70,<wb>сѧ
6405 726,<wb>віѳле|емь
171,<wb>за
62,<wb>не
746,<wb>бѣаше
221,<wb>от
756,<wb>домоу
39,<wb>і
221 8 1228,<wb>от|ч|ствіѣ
53 1212,<wb>д|дова
1456 43,<wb>напіса|тъ
70,<wb>сѧ
75,<wb>съ
5889 3,<wb>маріе|ѭ
6159 602,<wb>обрѫче|нѫѭ
144,<wb>емоу
4935,<wb>женоѭ
2021 3,<wb>сѫште|ѭ
7155 1080,<wb>непраздъ|ноѭ
798,<wb>бъіс
71,<wb>же
317,<wb>егда
2982,<wb>бъісте
390,<wb>тоу
3470,<wb>ісплънішѧ
70,<wb>сѧ
294 200,<wb>де|ніе
105,<wb>да
4838,<wb>родітъ
39,<wb>і
790,<wb>роді
423,<wb>снъ
424,<wb>своі
1950 1959,<wb>пръвѣ|нець
39,<wb>і
909 7275,<wb>обі|тъіі
39,<wb>і
761,<wb>положі
39,<wb>і
56,<wb>въ
5830,<wb>ѣслехъ
1070,<wb>зане
62,<wb>не
165,<wb>бѣ
268,<wb>іма
1607,<wb>мѣста
56,<wb>въ
7568,<wb>обітѣлі
39,<wb>і
6170,<wb>пастъірі
812,<wb>бѣахѫ
56,<wb>въ
2210 235,<wb>тоі|жде
3972,<wb>странѣ
443 4490,<wb>бъ|дѧште
39,<wb>і
3457 91,<wb>стрѣгѫ|ште
5070,<wb>стражѫ
1524 602,<wb>ношть|нѫѭ
47,<wb>о
305 114,<wb>ста|дѣ
2245,<wb>своемъ
39,<wb>і
121,<wb>се
2370,<wb>англъ
2408,<wb>гнь
305,<wb>ста
81,<wb>вь
562,<wb>ніхъ
39,<wb>і
974,<wb>слава
717,<wb>гнѣ
47 4379,<wb>о|сіѣ
225,<wb>ѧ
39,<wb>і
3253,<wb>оубоѣшѧ
70,<wb>сѧ
3179,<wb>страхомъ
6092,<wb>веліемъ
39,<wb>і
141,<wb>рече
210,<wb>імъ
2370,<wb>англъ
62,<wb>не
3139,<wb>боіте
70,<wb>сѧ
121,<wb>се
112,<wb>бо
371 258 3,<wb>благо|вѣшта|ѭ
260,<wb>вамъ
1994,<wb>радость
367 3,<wb>велі|ѭ
494,<wb>ѣже
4651,<wb>бѫдет
2658,<wb>вьсѣмь
2356,<wb>людемъ
99,<wb>ѣко
790,<wb>роді
70,<wb>сѧ
260,<wb>вамъ
637 173,<wb>сп|съ
227,<wb>іже
161,<wb>естъ
7077,<wb>хь
459,<wb>гь
56,<wb>въ
1565,<wb>градѣ
53 34 87,<wb>д|д|вѣ
39,<wb>і
121,<wb>се
260,<wb>вамъ
1719,<wb>знаменіе
3497,<wb>обрѧштете
4800 1959,<wb>младь|нець
67 742,<wb>по|вітъ
39,<wb>і
5742,<wb>лежѧшть
81,<wb>вь
5830,<wb>ѣслехъ
39,<wb>і
56,<wb>въ
62 5055,<wb>не|заапѫ
351,<wb>бъістъ
75,<wb>съ
1264 1095,<wb>анг|лмъ
2588,<wb>множьство
893,<wb>воі
1525 7412,<wb>нбс|нъііх
6158 805,<wb>хвалѧ|штііхъ
422,<wb>ба
39,<wb>і
284 383,<wb>глѭ|шть
338,<wb>сла
56,<wb>въ
237 2 276 9,<wb>въі|ш|ніі|х
710,<wb>боу
39,<wb>і
68,<wb>на
734,<wb>земі
688,<wb>міръ
56,<wb>въ
345 1131,<wb>чл|цѣхъ
7660,<wb>благоволеніе
39,<wb>і
351,<wb>бъістъ
99,<wb>ѣко
5495,<wb>отідѫ
377,<wb>оть
562,<wb>ніхъ
4637,<wb>англі
68,<wb>на
2140,<wb>нбо
39,<wb>і
5433,<wb>чці
6170,<wb>пастъірі
510,<wb>рѣшѧ
4634,<wb>дроугь
468,<wb>кь
1745,<wb>дроугоу
1168 3430,<wb>прѣі|дѣмъ
222,<wb>оубо
156,<wb>до
6405 12 143,<wb>віѳле|о|ма
39,<wb>і
2497,<wb>відімъ
65 153,<wb>г|ль
190,<wb>сь
6838 1592,<wb>бъівь|шіі
538,<wb>егоже
1262,<wb>гъ
1360,<wb>съказа
5075,<wb>нам
39,<wb>і
1168 175,<wb>прѣі|дѫ
1129 1055 82,<wb>подві|гь|ше
70,<wb>сѧ
39,<wb>і
2825,<wb>обрѣтѫ
6157,<wb>маріѭ
39,<wb>і
5635,<wb>іосіфа
39,<wb>і
4800 1959,<wb>младь|нець
5742,<wb>лежѧшть
81,<wb>вь
5830,<wb>ѣслехъ
1137,<wb>відѣвъше
71,<wb>же
190 839 110,<wb>сь|каза|шѧ
47,<wb>о
5441,<wb>глѣ
130 2183,<wb>гла|нѣмь
47,<wb>о
1852 52,<wb>отрочѧ|ті
2686,<wb>семъ
39,<wb>і
1355,<wb>въсі
1434,<wb>слъішавъше
6308,<wb>дівішѧ
70,<wb>сѧ
47,<wb>о
130 668,<wb>гла|нъііхъ
84,<wb>отъ
3686,<wb>пастъірь
468,<wb>кь
528,<wb>німъ
1160,<wb>маріѣ
71,<wb>же
618,<wb>вьсѧ
4375 177,<wb>съблюда|аше
2539,<wb>глъі
747,<wb>сіі
56,<wb>въ
3636,<wb>срдці
2245,<wb>своемъ
39,<wb>і
4478,<wb>възвратішѧ
70,<wb>сѧ
6170,<wb>пастъірі
5127,<wb>славѧште
39,<wb>і
6742,<wb>хвалѧште
422,<wb>ба
47,<wb>о
2069,<wb>всѣхъ
494,<wb>ѣже
3367,<wb>слъішашѧ
39,<wb>і
1279,<wb>відѣшѧ
308,<wb>ѣкоже
130 85,<wb>гла|но
3442,<wb>бъість
468,<wb>кь
528,<wb>німъ
777 110,<wb>възвра|шѧ
70,<wb>сѧ
6170,<wb>пастъірі
5127,<wb>славѧште
39,<wb>і
6742,<wb>хвалѧште
422,<wb>ба
47,<wb>о
2069,<wb>всѣхъ
494,<wb>ѣже
3367,<wb>слъішашѧ
39,<wb>і
1279,<wb>відѣшѧ
308,<wb>ѣкоже
130 85,<wb>гла|но
798,<wb>бъіс
468,<wb>кь
528,<wb>німъ
39,<wb>і
317,<wb>егда
1564,<wb>ісплъні
70,<wb>сѧ
464 55,<wb>ос|мъ
2063,<wb>дьніі
105,<wb>да
39,<wb>і
472 5860,<wb>обрѣ|жѫтъ
1220 85,<wb>нарече|но
798,<wb>бъіс
466,<wb>імѧ
144,<wb>емоу
331,<wb>ісъ
1220 465,<wb>нарече|ное
221,<wb>от
545 810,<wb>ан|гла
536,<wb>прѣжде
105,<wb>да
71,<wb>же
62,<wb>не
5157,<wb>зачѧтъ
70,<wb>сѧ
56,<wb>въ
4188,<wb>чрѣвѣ
160 3869,<wb>въз|нѣсѧ
1852,<wb>отрочѧ
566,<wb>іса
56,<wb>въ
3647 1095,<wb>ер|лмъ
4691,<wb>поставіті
39,<wb>і
396,<wb>прѣдъ
65 55,<wb>г|мъ
308,<wb>ѣкоже
161,<wb>естъ
2141,<wb>пісано
56,<wb>въ
2504,<wb>законѣ
3257,<wb>гні
99,<wb>ѣко
2531,<wb>всѣкъ
4800 1959,<wb>младь|нець
1186 384,<wb>мѫжь|ска
1550,<wb>полоу
5999 230 24,<wb>развръ|за|ѧ
5302 23 102,<wb>ложе|с|на
577,<wb>сто
2704,<wb>гві
3380,<wb>наречетъ
70,<wb>сѧ
39,<wb>і
1288,<wb>даті
3335,<wb>жрътвѫ
67,<wb>по
141 2151,<wb>рече|ноумоу
56,<wb>въ
2504,<wb>законѣ
3168 5640,<wb>мосе|овѣ
3760,<wb>дьва
332 28 101 3751 145,<wb>ка|г|ръ|лічі|шта
178,<wb>лі
2417,<wb>два
44 54 10 218,<wb>п|те|н|ца
4967 102,<wb>голѫбі|на
39,<wb>і
165,<wb>бѣ
1300,<wb>члкъ
56,<wb>въ
2480 1442,<wb>іер|млѣ
991,<wb>емоуже
466,<wb>імѧ
6209 2348,<wb>суме|онъ
39,<wb>і
1300,<wb>члкъ
190,<wb>сь
750 2683,<wb>правь|дівъ
39,<wb>і
112 1450 92,<wb>бо|чьсті|въ
567 24,<wb>ча|ѧ
2053 719,<wb>оутѣ|хъі
168 36 219,<wb>із|л|въі
39,<wb>і
768,<wb>дхъ
490,<wb>стъі
165,<wb>бѣ
56,<wb>въ
1107,<wb>немъ
39,<wb>і
165,<wb>бѣ
985,<wb>чкъ
39,<wb>і
165,<wb>бѣ
144,<wb>емоу
1353 85,<wb>отвѣшта|но
2864,<wb>дхмъ
6140,<wb>стъімъ
62,<wb>не
1078,<wb>відѣті
2091,<wb>съмръті
536,<wb>прѣжде
105,<wb>да
71,<wb>же
2492,<wb>відітъ
1236,<wb>ха
717,<wb>гнѣ
39,<wb>і
416,<wb>пріде
4528,<wb>дхомъ
56,<wb>въ
476 5313,<wb>цр|ковъ
39,<wb>і
317,<wb>егда
262 118 242,<wb>вьз|нѣ|сте
2662,<wb>родітелѣ
1852,<wb>отрочѧ
566,<wb>іса
1064,<wb>сътворіті
268,<wb>іма
67,<wb>по
3455,<wb>объічаю
7408 2151,<wb>закон|ноумоу
47,<wb>о
1107,<wb>немъ
39,<wb>і
157,<wb>тъ
1505,<wb>пріѧтъ
50,<wb>е
68,<wb>на
1655,<wb>рѫкоу
5273,<wb>своею
39,<wb>і
1036 111,<wb>бл|ві
6209 2348,<wb>суме|онъ
422,<wb>ба
39,<wb>і
141,<wb>рече
457,<wb>нъінѣ
1127 116,<wb>отъпоусті|ші
1322,<wb>раба
697,<wb>твоего
4827 59,<wb>вл|ко
67,<wb>по
2073,<wb>глоу
1431,<wb>твоемоу
75,<wb>съ
195 1943,<wb>мі|ромъ
99,<wb>ѣко
3546,<wb>відѣсте
531,<wb>очі
329,<wb>моі
2903 200,<wb>спсе|ніе
347,<wb>твое
295,<wb>еже
313,<wb>есі
1328 137,<wb>оуготова|лъ
1669,<wb>прѣдь
4360,<wb>ліцемь
704,<wb>вьсѣхъ
2799,<wb>людіі
865,<wb>твоіхъ
957,<wb>свѣтъ
56,<wb>въ
221 2950 200,<wb>от|кръве|ніе
2867,<wb>ѧзкъ
39,<wb>і
1253,<wb>славѫ
2799,<wb>людіі
865,<wb>твоіхъ
6008,<wb>ілѣ
39,<wb>і
165,<wb>бѣ
749,<wb>оць
135,<wb>его
39,<wb>і
3196,<wb>мті
551 7364,<wb>чоу|дѧшта
70,<wb>сѧ
47,<wb>о
948 5053,<wb>гле|мъііхъ
47,<wb>о
1107,<wb>немъ
39,<wb>і
1036 111,<wb>бл|ві
78,<wb>ѣ
6209 2348,<wb>суме|онъ
39,<wb>і
141,<wb>рече
2621,<wb>маріі
7375,<wb>мтрі
135,<wb>его
121,<wb>се
639 124 115 349,<wb>ле|жі|то|сь
68,<wb>на
3765 200,<wb>пада|ніе
39,<wb>і
68,<wb>на
421 200,<wb>въста|ніе
2471,<wb>многомъ
56,<wb>въ
3137,<wb>ізлі
39,<wb>і
56,<wb>въ
1719,<wb>знаменіе
127 117 8 85,<wb>прѣ|ро|ч|но
356,<wb>тебѣ
71,<wb>же
1166 16,<wb>само|і
3255 231,<wb>проі|детъ
911,<wb>дшѫ
6184,<wb>орѫжіе
105,<wb>да
221 2152 304,<wb>от|кръі|ѭтъ
70,<wb>сѧ
84,<wb>отъ
4928,<wb>многь
981 363,<wb>срд|ць
4194,<wb>помъішленіѣ
39,<wb>і
165,<wb>бѣ
7480,<wb>анна
1885 8 218,<wb>прр|ч|ца
5667,<wb>дьшті
593 8035 5134,<wb>фа|ноуі|лева
84,<wb>отъ
5175,<wb>колѣна
3091 35 3537,<wb>ас|у|рова
159,<wb>сі
7619 6173,<wb>замато|рѣвъші
56,<wb>въ
713 9,<wb>дьне|х
1613 9,<wb>мнозѣ|х
236 794,<wb>жі|въші
75,<wb>съ
283 2877,<wb>мѫ|жемъ
663,<wb>ж
1742,<wb>лѣтъ
84,<wb>отъ
5262 793,<wb>дѣвъ|ства
524,<wb>своего
39,<wb>і
373,<wb>та
7062,<wb>въдова
156,<wb>до
464 123,<wb>ос|мі
1761,<wb>десѧтъ
47,<wb>о
65,<wb>г
1742,<wb>лѣтъ
494,<wb>ѣже
62,<wb>не
47 2856,<wb>о|хождааше
221,<wb>от
3198,<wb>цркве
67 2335,<wb>по|стомъ
39,<wb>і
3936 2153 123,<wb>мл|тва|мі
869,<wb>день
39,<wb>і
1524,<wb>ношть
2645 533,<wb>работа|ѭшті
2704,<wb>гві
39,<wb>і
373,<wb>та
56,<wb>въ
157,<wb>тъ
1396,<wb>часъ
2305 794,<wb>пріста|въші
1031 82,<wb>ісповѣда|ше
70,<wb>сѧ
2704,<wb>гві
39,<wb>і
892,<wb>глааше
47,<wb>о
1107,<wb>немъ
5426,<wb>въсѣмъ
567 1455,<wb>ча|ѭштіімъ
743 6552,<wb>ізба|вленіѣ
56,<wb>въ
2480 4398,<wb>іер|лмѣ
39,<wb>і
99,<wb>ѣко
6912 110,<wb>съконча|шѧ
70,<wb>сѧ
572,<wb>всѣ
67,<wb>по
3113,<wb>законоу
65 1760,<wb>г|ню
4478,<wb>възвратішѧ
70,<wb>сѧ
56,<wb>въ
2767,<wb>галілеѭ
56,<wb>въ
698,<wb>градъ
424,<wb>своі
5598,<wb>назаретъ
1852,<wb>отрочѧ
71,<wb>же
7877 177,<wb>растѣ|аше
39,<wb>і
6925,<wb>крѣплѣаше
70,<wb>сѧ
4528,<wb>дхомъ
927 4988,<wb>ісплъ|нѣѧ
70,<wb>сѧ
5714,<wb>прѣмѫдрості
39,<wb>і
2484,<wb>благодѣть
776 33,<wb>бжіі|ѣ
165,<wb>бѣ
68,<wb>на
1107,<wb>немъ
1852,<wb>отрочѧ
71,<wb>же
7877 177,<wb>растѣ|аше
39,<wb>і
6925,<wb>крѣплѣаше
70,<wb>сѧ
2864,<wb>дхмъ
927 4988,<wb>ісплъ|нѣѧ
70,<wb>сѧ
5714,<wb>прѣмѫдрості
39,<wb>і
2484,<wb>благодѣть
1370,<wb>бжіѣ
165,<wb>бѣ
68,<wb>на
1107,<wb>немъ
1107,<wb>немъ
39,<wb>і
3347 54,<wb>хождааше|те
2662,<wb>родітелѣ
135,<wb>его
67,<wb>по
913,<wb>въсѣ
1791,<wb>лѣта
56,<wb>въ
3647 1095,<wb>ер|лмъ
56,<wb>въ
4828 409,<wb>праздъ|нікъ
7919,<wb>пастѣ
39,<wb>і
317,<wb>егда
798,<wb>бъіс
3133,<wb>дъвою
68,<wb>на
811,<wb>десѧте
3454,<wb>лѣтоу
2851 824,<wb>въсходѧ|штемъ
210,<wb>імъ
56,<wb>въ
6429,<wb>іерлмъ
67,<wb>по
3455,<wb>объічаю
6410,<wb>праздьніка
39,<wb>і
2050 266 2959,<wb>кон|ча|въшемъ
7692,<wb>дъні
777 145 1755,<wb>възвра|шта|ѭштемъ
70,<wb>сѧ
210,<wb>імъ
405,<wb>оста
3683,<wb>отрокъ
56,<wb>въ
2480 4398,<wb>іер|лмѣ
39,<wb>і
62,<wb>не
551 242,<wb>чоу|сте
2662,<wb>родітелѣ
2231 816,<wb>мънѣ|въша
71,<wb>же
39,<wb>і
56,<wb>въ
4499 118,<wb>дроужі|нѣ
202 383,<wb>сѫ|шть
1168 2366,<wb>прѣі|досте
752,<wb>дьні
1029,<wb>пѫть
39,<wb>і
3368 54,<wb>іскааше|те
71,<wb>же
135,<wb>его
56,<wb>въ
2441 276,<wb>рожде|ніі
39,<wb>і
56,<wb>въ
535 276,<wb>зна|ніі
39,<wb>і
62,<wb>не
1501 158,<wb>обрѣтъ|ша
135,<wb>его
1049 242,<wb>възвраті|сте
70,<wb>сѧ
56,<wb>въ
6429,<wb>іерлмъ
4516 737,<wb>възіска|ѭшта
135,<wb>его
39,<wb>і
798,<wb>бъіс
67,<wb>по
4714,<wb>трехъ
497 4480,<wb>дъ|нехъ
1128 54,<wb>обрѣте|те
39,<wb>і
56,<wb>въ
2796,<wb>цркві
1041 604,<wb>сѣдѧ|штъ
67,<wb>по
1549,<wb>срѣдѣ
1899,<wb>оучітель
39,<wb>і
664 6406,<wb>послоуша|ѭштъ
299,<wb>іхъ
39,<wb>і
951 6406,<wb>въпраша|ѭштъ
225,<wb>ѧ
5091,<wb>оужасаахѫ
71,<wb>же
70,<wb>сѧ
1355,<wb>въсі
664 1854,<wb>послоуша|ѭштеі
135,<wb>его
47,<wb>о
479,<wb>разоумѣ
39,<wb>і
47,<wb>о
4267 3306,<wb>отъвѣ|тѣхъ
135,<wb>его
39,<wb>і
649 158,<wb>відѣвъ|ша
39,<wb>і
2175 242,<wb>діві|сте
70,<wb>сѧ
39,<wb>і
468,<wb>кь
398,<wb>немоу
3196,<wb>мті
135,<wb>его
141,<wb>рече
2831,<wb>чѧдо
526,<wb>чьто
261,<wb>сътворі
2872,<wb>нама
311,<wb>тако
121,<wb>се
2088,<wb>оцъ
462,<wb>твоі
39,<wb>і
427,<wb>зъ
5015 145,<wb>скръбѧ|шта
953 17 3298,<wb>іска|а|ховѣ
614,<wb>тебе
39,<wb>і
141,<wb>рече
150,<wb>къ
2565,<wb>німа
394,<wb>что
99,<wb>ѣко
3368 94,<wb>іскааше|та
364,<wb>мене
62,<wb>не
791 3159,<wb>вѣдѣ|аста
178,<wb>лі
99,<wb>ѣко
56,<wb>въ
1383,<wb>тѣхъ
494,<wb>ѣже
419,<wb>сѫтъ
633,<wb>оца
563,<wb>моего
1862,<wb>достоітъ
195,<wb>мі
154 32,<wb>бъі|т
39,<wb>і
373,<wb>та
62,<wb>не
479 242,<wb>разоумѣ|сте
130,<wb>гла
227,<wb>іже
141,<wb>рече
268,<wb>іма
39,<wb>і
4773,<wb>съніде
75,<wb>съ
2565,<wb>німа
39,<wb>і
416,<wb>пріде
56,<wb>въ
5598,<wb>назаретъ
39,<wb>і
165,<wb>бѣ
1996 3151,<wb>пові|ноуѧ
70,<wb>сѧ
268,<wb>іма
39,<wb>і
3196,<wb>мті
135,<wb>его
4375 177,<wb>съблюда|аше
2415,<wb>всѧ
2539,<wb>глъі
159,<wb>сі
56,<wb>въ
3636,<wb>срдці
2245,<wb>своемъ
331,<wb>ісъ
71,<wb>же
3577 177,<wb>спѣ|аше
1978 6215,<wb>прѣмѫ|дростіѭ
39,<wb>і
3726,<wb>тѣломъ
39,<wb>і
1036 34 1227,<wb>бл|д|тіѭ
221,<wb>от
422,<wb>ба
39,<wb>і
109 569,<wb>ч|кь
56,<wb>въ
1230 7241,<wb>пѧ|тое
68,<wb>на
811,<wb>десѧте
2456,<wb>лѣто
6021 8 1228,<wb>влд|ч|ствіѣ
7421 636,<wb>тіве|ріѣ
7661,<wb>кесарѣ
3757 923,<wb>облада|ѭштоу
67 10 43 3096,<wb>по|н|тъ|скоумоу
2984,<wb>пілатоу
6521,<wb>іюдеѭ
39,<wb>і
5621 214 3235,<wb>четврътовла|сть|ствоуѭштоу
2767,<wb>галілеѭ
6680,<wb>іродоу
6560,<wb>філіпоу
71,<wb>же
4707,<wb>братоу
135,<wb>его
5621 214 3235,<wb>четврътовла|сть|ствоуѭштоу
64 1718 3084,<wb>т|урі|еѭ
39,<wb>і
348 196 846 7349,<wb>стра|хо|нітъ|скоѭ
348 1080,<wb>стра|ноѭ
39,<wb>і
279 170 690,<wb>лю|са|нію
5621 214 3235,<wb>четврътовла|сть|ствоуѭштоу
1757 74 200 3,<wb>аві|лі|ніе|ѭ
90,<wb>прі
665 42,<wb>архіере|оу
545 118,<wb>ан|нѣ
39,<wb>і
7831,<wb>каіафѣ
798,<wb>бъіс
2993,<wb>глъ
776,<wb>бжіі
468,<wb>кь
4591,<wb>іоаноу
2405,<wb>сноу
5434 274,<wb>захаріі|ноу
56,<wb>въ
1560,<wb>поустъіні
39,<wb>і
416,<wb>пріде
56,<wb>въ
41 23 3,<wb>в|с|ѭ
2132,<wb>странѫ
2480 86 119 1339,<wb>іер|да|нь|скѫ
3199,<wb>проповѣдаѧ
1204 1392,<wb>кр|штеніе
56,<wb>въ
405 3313,<wb>оста|вленіе
3688,<wb>грѣхомъ
308,<wb>ѣкоже
161,<wb>естъ
2141,<wb>пісано
56,<wb>въ
1884 3570,<wb>кьні|гахъ
2058 668,<wb>словесъ|нъііхъ
7706,<wb>ісаіѧ
1885 134,<wb>прр|ка
6480,<wb>глшта
3452,<wb>глас
1914 2276,<wb>въпі|ѭштааго
56,<wb>въ
1560,<wb>поустъіні
1328 410,<wb>оуготова|іте
1029,<wb>пѫть
2408,<wb>гнь
5256,<wb>правъі
1451,<wb>творіте
6559,<wb>стьзѧ
135,<wb>его
4987,<wb>вьсѣка
294 31 125,<wb>де|б|рь
5131,<wb>ісплънітъ
70,<wb>сѧ
39,<wb>і
4987,<wb>вьсѣка
3123,<wb>гора
39,<wb>і
6617 55,<wb>хлъ|мъ
2155 1631,<wb>сьмѣ|рітъ
70,<wb>сѧ
39,<wb>і
969,<wb>бѫдѫтъ
5301 461 43 1027,<wb>стръ|пъ|тъ|наа
56,<wb>въ
307 103 17,<wb>пра|ва|а
39,<wb>і
2962 606,<wb>ост|ріі
56,<wb>въ
895,<wb>пѫті
5776 148,<wb>гладъ|къі
39,<wb>і
5671,<wb>оузьрітъ
572 134,<wb>всѣ|ка
2518,<wb>плъть
2903 200,<wb>спсе|ніе
1165,<wb>бжіе
39,<wb>і
892,<wb>глааше
1817 769,<wb>ісходѧ|штіімъ
1961,<wb>народомъ
4059 32,<wb>кръсті|т
70,<wb>сѧ
377,<wb>оть
513,<wb>него
39,<wb>і
38 361 89,<wb>|штѧ|ді
7231 188 1661,<wb>ехі|дь|нова
523,<wb>кто
1360,<wb>съказа
260,<wb>вамъ
7419,<wb>бѣжаті
221,<wb>от
1142 1154,<wb>грѧдѫ|штааго
1840,<wb>гнѣва
2612,<wb>сътворіте
222,<wb>оубо
4991,<wb>плодъі
7951,<wb>достоінъі
6833,<wb>покааніѣ
39,<wb>і
62,<wb>не
3580 410,<wb>начіна|іте
1375,<wb>глаті
56,<wb>въ
436,<wb>себѣ
99,<wb>ѣко
633,<wb>оца
1126,<wb>імамъ
4676,<wb>авраама
284,<wb>глѭ
112,<wb>бо
260,<wb>вамъ
99,<wb>ѣко
819,<wb>можетъ
443,<wb>бъ
84,<wb>отъ
7060,<wb>каменіѣ
387,<wb>сего
2274 3919,<wb>въздві|гнѫті
1830,<wb>чѧда
5673,<wb>авраамоу
1019,<wb>оуже
39,<wb>і
121 148 61,<wb>се|къі|ра
90,<wb>прі
2390 276,<wb>коре|ніі
3842,<wb>дрѣва
4772,<wb>лежітъ
7386,<wb>въсѣко
222,<wb>оубо
1488,<wb>дрѣво
62,<wb>не
3863,<wb>творѧште
1552,<wb>плода
1730,<wb>добра
2306 134 304,<wb>посѣ|ка|ѭтъ
39,<wb>і
56,<wb>въ
894,<wb>огнь
4426 5651,<wb>въмѣта|ѭт
2765,<wb>въпрашаахѫ
71,<wb>же
39,<wb>і
1362,<wb>народі
1440,<wb>глште
1302,<wb>оучітелю
526,<wb>чьто
261 106,<wb>сътворі|мь
579,<wb>отъвѣштавъ
71,<wb>же
892,<wb>глааше
210,<wb>імъ
2865,<wb>імѣѧі
1764,<wb>дьвѣ
4367,<wb>різѣ
105,<wb>да
520,<wb>дастъ
62,<wb>не
4185,<wb>імѫштоумоу
39,<wb>і
2865,<wb>імѣѧі
6882,<wb>брашно
964,<wb>такожде
105,<wb>да
1057,<wb>творітъ
955,<wb>прідѫ
71,<wb>же
39,<wb>і
5333,<wb>мъітаре
527 1956,<wb>кръ|стітъ
70,<wb>сѧ
39,<wb>і
510,<wb>рѣшѧ
468,<wb>кь
398,<wb>немоу
1302,<wb>оучітелю
526,<wb>чьто
2093,<wb>сътворімъ
366,<wb>онъ
71,<wb>же
141,<wb>рече
1330,<wb>нічесоже
1683,<wb>боле
449 482,<wb>повелѣ|нааго
260,<wb>вамъ
1451,<wb>творіте
2765,<wb>въпрашаахѫ
71,<wb>же
39,<wb>і
39,<wb>і
1920,<wb>воіні
1440,<wb>глште
39,<wb>і
478,<wb>мъі
526,<wb>чьто
2093,<wb>сътворімъ
39,<wb>і
141,<wb>рече
468,<wb>кь
528,<wb>німъ
3271,<wb>нікогоже
62,<wb>не
909 440,<wb>обі|діте
122,<wb>ні
7224 410,<wb>оклевета|іте
39,<wb>і
156 63 36 60,<wb>до|во|л|ні
2679,<wb>бѫдѣте
162 117 148,<wb>об|ро|къі
1472 123,<wb>ваші|мі
567 1755,<wb>ча|ѭштемъ
71,<wb>же
2356,<wb>людемъ
39,<wb>і
2232 1755,<wb>помъішлѣ|ѭштемъ
81,<wb>вь
436,<wb>себѣ
56,<wb>въ
3636 193,<wb>срдці|іхъ
809,<wb>своіхъ
47,<wb>о
8016,<wb>іоанѣ
736,<wb>еда
157,<wb>тъ
161,<wb>естъ
930,<wb>хъ
1353 2271,<wb>отвѣшта|вааше
1219,<wb>іоанъ
5426,<wb>въсѣмъ
441,<wb>глѧ
290,<wb>азъ
222,<wb>оубо
1204 3716,<wb>кр|штаѭ
237,<wb>въі
4639,<wb>водоѭ
1578,<wb>грѧдетъ
71,<wb>же
1006 2106 16,<wb>крѣ|пле|і
364,<wb>мене
991,<wb>емоуже
2134,<wb>нѣсмъ
1710,<wb>достоінъ
2354 2944,<wb>отрѣ|шіті
128 1293,<wb>ре|мене
7013,<wb>сапогоу
135,<wb>его
157,<wb>тъ
237,<wb>въі
527 1956,<wb>кръ|стітъ
2864,<wb>дхмъ
2909,<wb>стъіімъ
39,<wb>і
3388,<wb>огнемъ
991,<wb>емоуже
874 254 94,<wb>ло|па|та
56,<wb>въ
1655,<wb>рѫкоу
135,<wb>его
39,<wb>і
6154,<wb>потрѣбітъ
2988 14 85,<wb>гоу|м|но
357,<wb>свое
39,<wb>і
5760,<wb>съберетъ
7206,<wb>пшеніцѫ
56,<wb>въ
5924,<wb>жітьніцѫ
651,<wb>своѭ
77,<wb>а
1332 219,<wb>плѣ|въі
4303 1226,<wb>съже|жетъ
3388,<wb>огнемъ
62 212 281 642 14,<wb>не|га|сѧ|штіі|м
1022,<wb>многа
71,<wb>же
2005,<wb>іна
2053 4141,<wb>оутѣ|шаѧ
2396 214 1827 177,<wb>благовѣ|сть|ствова|аше
2356,<wb>людемъ
416,<wb>пріде
331,<wb>ісъ
56,<wb>въ
5598,<wb>назаретъ
773,<wb>ідеже
165,<wb>бѣ
321 4624 98,<wb>въс|пітѣ|нъ
39,<wb>і
1776,<wb>въніде
67,<wb>по
3455,<wb>объічаю
1397,<wb>своемоу
56,<wb>въ
869,<wb>день
7806,<wb>сѫботънъі
56,<wb>въ
4083 91,<wb>сьньмі|ште
39,<wb>і
2750 185 97,<wb>вьста|чі|стъ
39,<wb>і
2353 110,<wb>въда|шѧ
144,<wb>емоу
3802,<wb>кьнігъі
7706,<wb>ісаіѧ
1885 134,<wb>прр|ка
39,<wb>і
234 1055 2581,<wb>раз|гь|нѫвъ
3802,<wb>кьнігъі
1128,<wb>обрѣте
707,<wb>мѣсто
773,<wb>ідеже
165,<wb>бѣ
5258,<wb>напісано
768,<wb>дхъ
2408,<wb>гнь
68,<wb>на
437,<wb>мьнѣ
538,<wb>егоже
368,<wb>раді
2216,<wb>помаза
226,<wb>мѧ
7669,<wb>благовѣстіті
4736,<wb>ніштіімъ
456,<wb>посъла
226,<wb>мѧ
6972,<wb>іцѣлітъ
7401 1035,<wb>съкроуше|нъіхъ
6269,<wb>срдцемъ
4154,<wb>проповѣдаті
6149 1426,<wb>плѣнь|нікомъ
2818 1392,<wb>отпоу|штеніе
4781 55,<wb>слѣпъі|мъ
3421 200,<wb>прозьрѣ|ніе
2818 1427,<wb>отпоу|стіті
7401 471,<wb>съкроуше|нъіѧ
56,<wb>въ
4489 175,<wb>отъра|дѫ
4154,<wb>проповѣдаті
2456,<wb>лѣто
2033,<wb>гне
1169 133 85,<wb>пріѧ|ть|но
39,<wb>і
75 1055 2581,<wb>съ|гь|нѫвъ
3802,<wb>кьнігъі
4456,<wb>въдастъ
7295,<wb>слоузѣ
39,<wb>і
3240,<wb>сѣде
39,<wb>і
877,<wb>вьсѣмъ
56,<wb>въ
4083 166,<wb>сьньмі|шті
531,<wb>очі
4711,<wb>бѣашете
5034 166,<wb>зьрѧ|шті
68,<wb>на
484,<wb>нь
1194,<wb>начѧтъ
71,<wb>же
1375,<wb>глаті
468,<wb>кь
528,<wb>німъ
99,<wb>ѣко
1535,<wb>дьнесь
3871 23,<wb>събъі|с
70,<wb>сѧ
4913,<wb>пісаніе
121,<wb>се
56,<wb>въ
1548 7,<wb>оуші|ю
709 7,<wb>ваше|ю
39,<wb>і
481,<wb>вьсі
2447 1827 216,<wb>сьвѣдѣтель|ствова|ахѫ
144,<wb>емоу
39,<wb>і
2922,<wb>дівлѣахѫ
70,<wb>сѧ
47,<wb>о
4236,<wb>словесехъ
39,<wb>і
3017,<wb>благодѣті
1817 805,<wb>ісходѧ|штііхъ
168,<wb>із
1409,<wb>оустъ
135,<wb>его
2922,<wb>дівлѣахѫ
70,<wb>сѧ
1362,<wb>народі
47,<wb>о
4236,<wb>словесехъ
1817 805,<wb>ісходѧ|штііхъ
3317,<wb>ізь
1409,<wb>оустъ
6753,<wb>ісвъ
39,<wb>і
2098,<wb>глахѫ
62,<wb>не
190,<wb>сь
178,<wb>лі
161,<wb>естъ
423,<wb>снъ
6228,<wb>іосіфовъ
39,<wb>і
141,<wb>рече
468,<wb>кь
528,<wb>німъ
3083,<wb>всѣко
5269,<wb>речете
195,<wb>мі
5378 784,<wb>пріт|чѫ
1732,<wb>сіѭ
460 2270,<wb>вра|чоу
2693,<wb>іцѣлі
70,<wb>сѧ
645,<wb>самъ
39,<wb>і
510,<wb>рѣшѧ
144,<wb>емоу
808,<wb>еліко
4583,<wb>слъішахомъ
549 1522,<wb>бъівъ|шііхъ
56,<wb>въ
6409 2311 181,<wb>капер|наоу|мѣ
261,<wb>сътворі
39,<wb>і
978,<wb>сьде
56,<wb>въ
2228 8 2156,<wb>оте|ч|ствіі
2245,<wb>своемъ
141,<wb>рече
71,<wb>же
681,<wb>амін
284,<wb>глѭ
260,<wb>вамъ
99,<wb>ѣко
122 115 339,<wb>ні|то|ръі
71,<wb>же
4644,<wb>прркъ
62,<wb>не
1169 4223,<wb>пріѧ|тенъ
715,<wb>есть
56,<wb>въ
221 8 2156,<wb>от|ч|ствіі
2245,<wb>своемъ
56,<wb>въ
843,<wb>істінѫ
71,<wb>же
284,<wb>глѭ
260,<wb>вамъ
99,<wb>ѣко
2667,<wb>мъногъі
3047 532,<wb>въдові|цѧ
2191,<wb>бѣшѧ
56,<wb>въ
752,<wb>дьні
5286 139,<wb>іліі|нъі
56,<wb>въ
3137,<wb>ізлі
317,<wb>егда
171 5617,<wb>за|ключі
70,<wb>сѧ
2140,<wb>нбо
1188,<wb>трі
1791,<wb>лѣта
39,<wb>і
3587,<wb>шесть
353 363,<wb>мѣ|ць
99,<wb>ѣко
798,<wb>бъіс
5776,<wb>гладъ
4143,<wb>велеі
67,<wb>по
7729,<wb>въсеі
734,<wb>земі
39,<wb>і
122,<wb>ні
468,<wb>кь
814 16,<wb>едіно|і
71,<wb>же
299,<wb>іхъ
2570,<wb>посъланъ
351,<wb>бъістъ
2709,<wb>іліѣ
1644,<wb>тъкмо
56,<wb>въ
301 174 18 495,<wb>са|ре|в|тѫ
3932 98 3423,<wb>сідо|нъ|скѫѭ
468,<wb>кь
2607,<wb>женѣ
3047 215,<wb>въдові|ці
39,<wb>і
899,<wb>мнозі
2191,<wb>бѣшѧ
3752 60,<wb>прокаже|ні
56,<wb>въ
3137,<wb>ізлі
90,<wb>прі
1112 74 199 16,<wb>іе|лі|се|і
1885 259,<wb>прр|цѣ
39,<wb>і
122,<wb>ні
438,<wb>едінъ
71,<wb>же
221,<wb>от
562,<wb>ніхъ
3890,<wb>очісті
70,<wb>сѧ
4150,<wb>тькмо
62 14 143 98,<wb>не|м|ма|нъ
3091 35 21 1258,<wb>ас|у|р|скъіі
39,<wb>і
3470,<wb>ісплънішѧ
70,<wb>сѧ
1355,<wb>въсі
4535,<wb>ѣрості
68,<wb>на
4083 805,<wb>сьньмі|штііхъ
4757,<wb>слъішѧште
747,<wb>сіі
39,<wb>і
5133,<wb>въставъше
4427 110,<wb>ізгьна|шѧ
39,<wb>і
168,<wb>із
926,<wb>града
39,<wb>і
2958,<wb>вѣсѧ
39,<wb>і
156,<wb>до
7644,<wb>връха
1792,<wb>горъі
68,<wb>на
6424,<wb>неіже
698,<wb>градъ
299,<wb>іхъ
75 7402 98,<wb>съ|зьда|нъ
746,<wb>бѣаше
105,<wb>да
224,<wb>бѫ
39,<wb>і
122 3077 179 74,<wb>ні|зьрі|нѫ|лі
366,<wb>онъ
71,<wb>же
164 412,<wb>про|шедъ
67,<wb>по
1549,<wb>срѣдѣ
299,<wb>іхъ
1619,<wb>ідѣаше
39,<wb>і
1776,<wb>въніде
56,<wb>въ
6409 3085,<wb>капер|наоумъ
56,<wb>въ
698,<wb>градъ
1703 6848,<wb>галілеі|скь
39,<wb>і
165,<wb>бѣ
1408,<wb>оучѧ
56,<wb>въ
3655,<wb>сѫботъі
39,<wb>і
165,<wb>бѣ
1408,<wb>оучѧ
56,<wb>въ
3655,<wb>сѫботъі
39,<wb>і
5091,<wb>оужасаахѫ
70,<wb>сѧ
47,<wb>о
3390,<wb>оученіі
135,<wb>его
99,<wb>ѣко
75,<wb>съ
4380,<wb>властіѭ
165,<wb>бѣ
442,<wb>слово
135,<wb>его
39,<wb>і
5091,<wb>оужасаахѫ
70,<wb>сѧ
47,<wb>о
3390,<wb>оученіі
135,<wb>его
99,<wb>ѣко
75,<wb>съ
4380,<wb>властіѭ
165,<wb>бѣ
442,<wb>слово
135,<wb>его
39,<wb>і
165,<wb>бѣ
56,<wb>въ
4083 166,<wb>сьньмі|шті
1300,<wb>члкъ
1492,<wb>імъі
992,<wb>бѣсъ
4320,<wb>нечістъ
39,<wb>і
4784,<wb>възьпі
3452 55,<wb>глас|мъ
6092,<wb>веліемъ
441,<wb>глѧ
4703,<wb>остані
394,<wb>что
161,<wb>естъ
5075,<wb>нам
39,<wb>і
356,<wb>тебѣ
3957,<wb>ісе
7731 126,<wb>назарѣні|не
4207,<wb>прішелъ
313,<wb>есі
1579,<wb>погоубітъ
759,<wb>насъ
1726,<wb>вѣмъ
374,<wb>тѧ
523,<wb>кто
313,<wb>есі
862,<wb>стъіі
776,<wb>бжіі
39,<wb>і
1600,<wb>запрѣті
144,<wb>емоу
331,<wb>ісъ
441,<wb>глѧ
3316 137 185,<wb>пом|лъ|чі
39,<wb>і
3117,<wb>ізіді
168,<wb>із
513,<wb>него
39,<wb>і
7138,<wb>повръгъ
39,<wb>і
992,<wb>бѣсъ
820,<wb>ізіде
168,<wb>із
513,<wb>него
2561,<wb>нікакоже
62,<wb>не
517 716,<wb>врѣ|ждъ
135,<wb>его
39,<wb>і
798,<wb>бъіс
3891,<wb>оужасъ
68,<wb>на
704,<wb>вьсѣхъ
39,<wb>і
2738 216,<wb>сътѧза|ахѫ
70,<wb>сѧ
1121,<wb>дроугъ
468,<wb>кь
1745,<wb>дроугоу
1440,<wb>глште
394,<wb>что
161,<wb>естъ
442,<wb>слово
121,<wb>се
99,<wb>ѣко
4380,<wb>властіѭ
39,<wb>і
1810,<wb>сілоѭ
3983,<wb>велітъ
4616 204,<wb>нечістъі|імъ
2864,<wb>дхмъ
39,<wb>і
5805,<wb>ісходѧтъ
1050,<wb>стоѧ
165,<wb>бѣ
331,<wb>ісъ
90,<wb>прі
3300 96,<wb>езе|рѣ
7352 174 32 492,<wb>геніса|ре|т|стѣ
39,<wb>і
248,<wb>відѣ
971,<wb>дъва
3703,<wb>кораблѣ
4488,<wb>стоѧшта
90,<wb>прі
3300 96,<wb>езе|рѣ
1213 197 4428,<wb>ръі|бі|тві
71,<wb>же
6572 82,<wb>ошедъ|ше
221,<wb>от
3074,<wb>нею
6718,<wb>плакаахѫ
3326,<wb>мрѣжѧ
56 6851,<wb>въ|лѣзь
71,<wb>же
56,<wb>въ
438,<wb>едінъ
221,<wb>от
3441 673,<wb>корабі|цоу
227,<wb>іже
165,<wb>бѣ
796 2255,<wb>сімо|новъ
415,<wb>молі
39,<wb>і
221,<wb>от
1485,<wb>землѧ
1648 52,<wb>възі|ті
998,<wb>мало
39,<wb>і
2412 113,<wb>ісѣ|дъ
107,<wb>іс
3703,<wb>кораблѣ
3031,<wb>оучааше
2455,<wb>народъі
308,<wb>ѣкоже
1925,<wb>прѣста
441,<wb>глѧ
141,<wb>рече
150,<wb>къ
3333,<wb>сімоноу
56 33 89,<wb>въ|ѣ|ді
56,<wb>въ
7753,<wb>глѫбінѫ
39,<wb>і
8029 52 54,<wb>въме|ті|те
3326,<wb>мрѣжѧ
2429,<wb>вашѧ
56,<wb>въ
5531 3769,<wb>лові|твѫ
39,<wb>і
579,<wb>отъвѣштавъ
1839,<wb>сімонъ
141,<wb>рече
144,<wb>емоу
5872,<wb>наставьніче
162,<wb>об
1524,<wb>ношть
7549,<wb>всѫ
905 716 82,<wb>троу|ждъ|ше
70,<wb>сѧ
62,<wb>не
225 454,<wb>ѧ|хомъ
1330,<wb>нічесоже
67,<wb>по
2073,<wb>глоу
71,<wb>же
1431,<wb>твоемоу
8029 54 14,<wb>въме|те|м
3326,<wb>мрѣжѧ
39,<wb>і
121,<wb>се
6373,<wb>сътворьше
3299 281,<wb>обѧ|сѧ
246 7726,<wb>мно|жъство
3638,<wb>ръібъ
164 511 3903,<wb>про|тръ|заахѫ
71,<wb>же
70,<wb>сѧ
3326,<wb>мрѣжѧ
299,<wb>іхъ
39,<wb>і
1378 2397,<wb>пома|нѫшѧ
7939 1426,<wb>прічѧсть|нікомъ
227,<wb>іже
812,<wb>бѣахѫ
56,<wb>въ
5321 106,<wb>дроузѣ|мь
3441,<wb>корабі
105,<wb>да
2133,<wb>прішедъше
635 2898,<wb>помо|гѫтъ
210,<wb>імъ
39,<wb>і
955,<wb>прідѫ
39,<wb>і
3470,<wb>ісплънішѧ
47,<wb>о
422,<wb>ба
3703,<wb>кораблѣ
99,<wb>ѣко
7555 3127,<wb>погрѫ|жаті
70,<wb>сѧ
268,<wb>іма
649,<wb>відѣвъ
71,<wb>же
1839,<wb>сімонъ
818,<wb>петръ
4258,<wb>пріпаде
150,<wb>къ
6665,<wb>колѣнома
4332 143,<wb>ісво|ма
441,<wb>глѧ
3117,<wb>ізіді
221,<wb>от
364,<wb>мене
99,<wb>ѣко
2545,<wb>мѫжъ
386 2018,<wb>грѣ|шенъ
568,<wb>есмъ
300,<wb>гі
3891,<wb>оужасъ
112,<wb>бо
1677 1231,<wb>одръ|жааше
39,<wb>і
39,<wb>і
2415,<wb>всѧ
227,<wb>іже
812,<wb>бѣахѫ
75,<wb>съ
528,<wb>німъ
47,<wb>о
5531 3513,<wb>лові|твѣ
3638,<wb>ръібъ
858,<wb>ѧже
3331,<wb>ѧсѧ
964,<wb>такожде
39,<wb>і
3234 103,<wb>іако|ва
39,<wb>і
1443,<wb>іоана
732,<wb>сна
4513,<wb>зеведеова
494,<wb>ѣже
5480,<wb>бѣсте
162 11 383 875,<wb>об|е|шть|ніка
796 2893,<wb>сімо|нові
39,<wb>і
141,<wb>рече
150,<wb>къ
159 274,<wb>сі|ноу
331,<wb>ісъ
62,<wb>не
2496,<wb>боі
70,<wb>сѧ
221,<wb>от
1831,<wb>селѣ
2062,<wb>бѫдеші
4129,<wb>члкъі
874 381,<wb>ло|вѧ
2383 7365,<wb>ізве|зъше
2100 137,<wb>кораб|лъ
68,<wb>на
1403,<wb>землѭ
39,<wb>і
405 340,<wb>оста|въше
960,<wb>въсе
56,<wb>въ
1465,<wb>слѣдъ
135,<wb>его
674,<wb>ідѫ
165,<wb>бѣ
1408,<wb>оучѧ
331,<wb>ісъ
39,<wb>і
812,<wb>бѣахѫ
6611,<wb>сѣдѧште
1325,<wb>фарісеі
39,<wb>і
3268 42 185 1691,<wb>законо|оу|чі|теле
227,<wb>іже
812,<wb>бѣахѫ
7285,<wb>прішьлі
221,<wb>от
4778,<wb>въсѣхъ
1355 16,<wb>въсі|і
1703 854,<wb>галілеі|скъ
39,<wb>і
2458,<wb>іюдеіскъ
39,<wb>і
84,<wb>отъ
1112 191 23 1061,<wb>іе|роу|с|лма
39,<wb>і
1850,<wb>сіла
717,<wb>гнѣ
165,<wb>бѣ
4068 24,<wb>цѣліті|ѧ
39,<wb>і
121,<wb>се
2548,<wb>мѫжі
6024,<wb>носѧште
68,<wb>на
4704,<wb>одрѣ
2316,<wb>члка
227,<wb>іже
165,<wb>бѣ
7246,<wb>ослабленъ
39,<wb>і
2446,<wb>іскаахѫ
2309 147,<wb>въне|сті
39,<wb>і
39,<wb>і
4799,<wb>положіті
39,<wb>і
396,<wb>прѣдъ
528,<wb>німъ
39,<wb>і
62,<wb>не
472 32 82,<wb>обрѣ|т|ше
3794,<wb>кѫдоу
2309 147,<wb>въне|сті
1674,<wb>народа
368,<wb>раді
160 6851 82,<wb>въз|лѣзь|ше
68,<wb>на
3485,<wb>храмъ
5212,<wb>скозѣ
4069 113 209,<wb>скѫ|дъ|лъі
122 312 87 3169,<wb>ні|зь|вѣ|сішѧ
39,<wb>і
75,<wb>съ
874 2877,<wb>ло|жемъ
135,<wb>его
67,<wb>по
1549,<wb>срѣдѣ
396,<wb>прѣдъ
566,<wb>іса
39,<wb>і
649,<wb>відѣвъ
827,<wb>вѣрѫ
299,<wb>іхъ
141,<wb>рече
345 83,<wb>чл|че
2818 145 304,<wb>отпоу|шта|ѭтъ
70,<wb>сѧ
356,<wb>тебѣ
2812,<wb>грѣсі
462,<wb>твоі
39,<wb>і
2911,<wb>начѧшѧ
2232 52,<wb>помъішлѣ|ті
6649,<wb>кьніжьніці
39,<wb>і
1325,<wb>фарісеі
1440,<wb>глште
523,<wb>кто
161,<wb>естъ
190,<wb>сь
227,<wb>іже
1561,<wb>глетъ
7356,<wb>власвіміѭ
523,<wb>кто
819,<wb>можетъ
2818 3640,<wb>отпоу|штаті
1806,<wb>грѣхъі
2172,<wb>тъкъмо
438,<wb>едінъ
443,<wb>бъ
2654,<wb>разоумѣвъ
71,<wb>же
331,<wb>ісъ
4194,<wb>помъішленіѣ
299,<wb>іхъ
5264,<wb>отвѣштавъ
141,<wb>рече
210,<wb>імъ
394,<wb>что
2232 661 54,<wb>помъішлѣ|ете|те
56,<wb>въ
3636 193,<wb>срдці|іхъ
1739,<wb>вашіхъ
526,<wb>чьто
161,<wb>естъ
4131,<wb>оудобѣе
1775,<wb>решті
1641 287 2151,<wb>осла|бе|ноумоу
2818 145 304,<wb>отпоу|шта|ѭтъ
323,<wb>ті
70,<wb>сѧ
2812,<wb>грѣсі
462,<wb>твоі
178,<wb>лі
1775,<wb>решті
2242,<wb>въстані
39,<wb>і
2485,<wb>ході
208,<wb>нъ
105,<wb>да
6723,<wb>оувѣсте
99,<wb>ѣко
458 97,<wb>вла|стъ
584,<wb>іматъ
423,<wb>снъ
7425,<wb>члчъ
68,<wb>на
734,<wb>земі
2818 3640,<wb>отпоу|штаті
1806,<wb>грѣхъі
141,<wb>рече
71,<wb>же
4981,<wb>ослабленоумоу
356,<wb>тебѣ
284,<wb>глѭ
2242,<wb>въстані
39,<wb>і
4498,<wb>възьмі
5302,<wb>ложе
347,<wb>твое
39,<wb>і
1030,<wb>іді
56,<wb>въ
729,<wb>домъ
424,<wb>своі
39,<wb>і
600,<wb>абіе
421 18,<wb>въста|в
396,<wb>прѣдъ
1047,<wb>німі
160 194,<wb>въз|ѧтъ
68,<wb>на
3697,<wb>немъже
4661,<wb>лежааше
39,<wb>і
452,<wb>іде
56,<wb>въ
729,<wb>домъ
424,<wb>своі
2652,<wb>славѧ
422,<wb>ба
39,<wb>і
3891,<wb>оужасъ
1169 32,<wb>пріѧ|т
3337,<wb>въсѧ
39,<wb>і
5854 216,<wb>славлѣ|ахѫ
422,<wb>ба
39,<wb>і
1882 3018,<wb>іспль|нішѧ
70,<wb>сѧ
3179,<wb>страхомъ
39,<wb>і
997,<wb>глаахѫ
99,<wb>ѣко
2219,<wb>відѣхомъ
4429 1027,<wb>дівь|наа
713 23,<wb>дьне|с
820,<wb>ізіде
331,<wb>ісъ
39,<wb>і
2855,<wb>оузьрѣ
1668 96,<wb>мъіта|рѣ
3473,<wb>іменемъ
639 35 6197,<wb>ле|у|гіѭ
1041 604,<wb>сѣдѧ|штъ
68,<wb>на
478 7961,<wb>мъі|тьніці
39,<wb>і
141,<wb>рече
144,<wb>емоу
1030,<wb>іді
67,<wb>по
437,<wb>мьнѣ
39,<wb>і
405 3639,<wb>оста|влъ
913,<wb>въсѣ
1343,<wb>въставъ
56,<wb>въ
1465,<wb>слѣдъ
135,<wb>его
452,<wb>іде
39,<wb>і
261,<wb>сътворі
1373 15 34 200,<wb>чрѣ|ж|д|ніе
5567,<wb>веліе
639 18 3320,<wb>ле|в|гіі
144,<wb>емоу
56,<wb>въ
756,<wb>домоу
2245,<wb>своемъ
39,<wb>і
165,<wb>бѣ
956,<wb>народъ
4928,<wb>многь
4758,<wb>мъітарь
2863,<wb>інѣхъ
227,<wb>іже
812,<wb>бѣахѫ
190,<wb>сь
528,<wb>німъ
2960 91,<wb>възлежѧ|ште
39,<wb>і
1183 461 3167,<wb>рь|пъ|таахѫ
6649,<wb>кьніжьніці
39,<wb>і
1325,<wb>фарісеі
150,<wb>къ
936,<wb>оученікомъ
135,<wb>его
1440,<wb>глште
67,<wb>по
526,<wb>чьто
190,<wb>сь
3873,<wb>мъітарі
39,<wb>і
5905,<wb>грѣшънікъі
3134,<wb>ѣстъ
39,<wb>і
7114,<wb>піетъ
579,<wb>отъвѣштавъ
331,<wb>ісъ
141,<wb>рече
3381,<wb>ім
62,<wb>не
5540,<wb>трѣбоуѭтъ
7061,<wb>съдравіі
460 266,<wb>вра|ча
208,<wb>нъ
2013 642,<wb>болѧ|штіі
62,<wb>не
1743,<wb>прідъ
5330 103 43,<wb>прізь|ва|тъ
2112 409,<wb>праведъ|нікъ
208,<wb>нъ
5008,<wb>грѣшьнікъі
56,<wb>въ
3892,<wb>покааніе
3347,<wb>хождааше
331,<wb>ісъ
56,<wb>въ
3292,<wb>сѫботъ
5212,<wb>скозѣ
2964 2905,<wb>сѣа|ніа
39,<wb>і
5027 3903,<wb>въстръ|заахѫ
559,<wb>оученіці
135,<wb>его
5886,<wb>класъі
39,<wb>і
5124,<wb>ѣдѣахѫ
399 61 393,<wb>істі|ра|ѭште
2566,<wb>рѫкама
3551,<wb>етері
71,<wb>же
221,<wb>от
1325,<wb>фарісеі
510,<wb>рѣшѧ
210,<wb>імъ
526,<wb>чьто
1451,<wb>творіте
538,<wb>егоже
62,<wb>не
1862,<wb>достоітъ
1234,<wb>творіті
81,<wb>вь
2591,<wb>сѫботѫ
39,<wb>і
579,<wb>отъвѣштавъ
331,<wb>ісъ
141,<wb>рече
122,<wb>ні
178,<wb>лі
387,<wb>сего
939,<wb>есте
4936,<wb>чьлі
295,<wb>еже
261,<wb>сътворі
5706,<wb>ддъ
317,<wb>егда
853 3280,<wb>възь|алка
645,<wb>самъ
39,<wb>і
227,<wb>іже
75,<wb>съ
528,<wb>німъ
812,<wb>бѣахѫ
376,<wb>како
56,<wb>въ
729,<wb>домъ
776,<wb>бжіі
39,<wb>і
2287,<wb>хлѣбъі
396 4405,<wb>прѣдъ|ложеніѣ
1729,<wb>пріемъ
3134,<wb>ѣстъ
39,<wb>і
520,<wb>дастъ
39,<wb>і
3545,<wb>сѫштіімъ
190,<wb>сь
730,<wb>німь
2657,<wb>іхъже
62,<wb>не
156 802,<wb>до|ѣше
1324,<wb>ѣсті
2172,<wb>тъкъмо
7874,<wb>іереомъ
249 118 14,<wb>еді|нѣ|м
39,<wb>і
892,<wb>глааше
210,<wb>імъ
99,<wb>ѣко
459,<wb>гь
161,<wb>естъ
423,<wb>снъ
7425,<wb>члчъ
5100,<wb>сѫботѣ
798,<wb>бъіс
71,<wb>же
56,<wb>въ
4211,<wb>дроугѫѭ
2591,<wb>сѫботѫ
2756,<wb>въніті
144,<wb>емоу
56,<wb>въ
4083 91,<wb>сьньмі|ште
39,<wb>і
3656,<wb>оучіті
39,<wb>і
165,<wb>бѣ
109 569,<wb>ч|кь
390,<wb>тоу
39,<wb>і
1357,<wb>рѫка
144,<wb>емоу
165,<wb>бѣ
705 886,<wb>дес|наѣ
762 432,<wb>соу|ха
39,<wb>і
7985 216,<wb>назіра|ахѫ
39,<wb>і
6649,<wb>кьніжьніці
201,<wb>аште
56,<wb>въ
2591,<wb>сѫботѫ
6972,<wb>іцѣлітъ
39,<wb>і
105,<wb>да
4570 2562,<wb>обрѧ|штѫтъ
3750,<wb>рѣчь
68,<wb>на
484,<wb>нь
366,<wb>онъ
71,<wb>же
2401,<wb>вѣдѣаше
67 55,<wb>по|мъ
38 2 2215,<wb>|ш|леніѣ
299,<wb>іхъ
39,<wb>і
141,<wb>рече
7304 111,<wb>мѫже|ві
4185,<wb>імѫштоумоу
5525 3,<wb>соухѫ|ѭ
1085,<wb>рѫкѫ
1343,<wb>въставъ
39,<wb>і
7597,<wb>стані
67,<wb>по
1549,<wb>срѣдѣ
366,<wb>онъ
71,<wb>же
1343,<wb>въставъ
305,<wb>ста
141,<wb>рече
71,<wb>же
331,<wb>ісъ
468,<wb>кь
528,<wb>німъ
6660,<wb>въпрошѫ
237,<wb>въі
201,<wb>аште
589 4747,<wb>досто|стоітъ
56,<wb>въ
3292,<wb>сѫботъ
640,<wb>добро
1064,<wb>сътворіті
178,<wb>лі
2754,<wb>зьло
2579 52,<wb>сьтворі|ті
911,<wb>дшѫ
5197,<wb>спсті
178,<wb>лі
3494,<wb>погоубіті
39,<wb>і
2880,<wb>възьрѣвъ
68,<wb>на
3337,<wb>въсѧ
141,<wb>рече
144,<wb>емоу
7871,<wb>простьрі
1085,<wb>рѫкѫ
1071,<wb>твоѭ
366,<wb>онъ
71,<wb>же
2530 1557,<wb>прость|рѣтъ
39,<wb>і
3130,<wb>оутвръді
70,<wb>сѧ
1357,<wb>рѫка
144,<wb>емоу
6538,<wb>съдрава
99,<wb>ѣко
39,<wb>і
3279,<wb>дроугаѣ
955,<wb>прідѫ
1362,<wb>народі
221,<wb>от
1092,<wb>оученікъ
6753,<wb>ісвъ
39,<wb>і
2588,<wb>множьство
2087,<wb>многъ
3877,<wb>людеі
221,<wb>от
960 24,<wb>въсе|ѧ
4895,<wb>іюдеѧ
7113,<wb>іерлма
39,<wb>і
635 636,<wb>помо|ріѣ
4894 125 384,<wb>ту|рь|ска
39,<wb>і
3932 4625,<wb>сідо|ньска
305,<wb>ста
107,<wb>іс
68,<wb>на
1122,<wb>мѣстѣ
4245 118,<wb>равь|нѣ
39,<wb>і
956,<wb>народъ
4552,<wb>оученікь
135,<wb>его
39,<wb>і
2588,<wb>множьство
693,<wb>много
3877,<wb>людеі
84,<wb>отъ
4686,<wb>вьсеѧ
4895,<wb>іюдеѧ
7113,<wb>іерлма
39,<wb>і
635 636,<wb>помо|ріѣ
4894 125 384,<wb>ту|рь|ска
39,<wb>і
3932 4625,<wb>сідо|ньска
305,<wb>ста
331,<wb>ісъ
68,<wb>на
1122,<wb>мѣстѣ
3026 118,<wb>рав|нѣ
305,<wb>ста
107,<wb>іс
68,<wb>на
353 23,<wb>мѣ|с
227,<wb>іже
955,<wb>прідѫ
7506,<wb>послоушатъ
135,<wb>его
39,<wb>і
6972,<wb>іцѣлітъ
70,<wb>сѧ
84,<wb>отъ
1260 1055,<wb>недѫ|гь
809,<wb>своіхъ
39,<wb>і
3823 642,<wb>страждѫ|штіі
221,<wb>от
1260 1055,<wb>недѫ|гь
809,<wb>своіхъ
370 1650,<wb>цѣ|лѣахѫ
70,<wb>сѧ
227,<wb>іже
2594,<wb>прідошѧ
7506,<wb>послоушатъ
135,<wb>его
39,<wb>і
6972,<wb>іцѣлітъ
70,<wb>сѧ
84,<wb>отъ
1260 1055,<wb>недѫ|гь
424 9,<wb>своі|х
39,<wb>і
3823 642,<wb>страждѫ|штіі
84,<wb>отъ
768,<wb>дхъ
4320,<wb>нечістъ
370 1650,<wb>цѣ|лѣахѫ
70,<wb>сѧ
39,<wb>і
6877,<wb>въсь
956,<wb>народъ
3368,<wb>іскааше
3756 52,<wb>прікаса|ті
70,<wb>сѧ
2648,<wb>емъ
99,<wb>ѣко
1850,<wb>сіла
168,<wb>із
513,<wb>него
4155,<wb>ісхождааше
39,<wb>і
1004 986,<wb>іцѣ|лѣаше
2415,<wb>всѧ
39,<wb>і
1285,<wb>весь
956,<wb>народъ
3368,<wb>іскааше
3756 52,<wb>прікаса|ті
70,<wb>сѧ
2648,<wb>емъ
99,<wb>ѣко
1850,<wb>сіла
168,<wb>із
513,<wb>него
4155,<wb>ісхождааше
39,<wb>і
1004 33 104 2271,<wb>іцѣ|ѣ|лѣ|вааше
618,<wb>вьсѧ
39,<wb>і
157,<wb>тъ
1380 34,<wb>възве|д
531,<wb>очі
424,<wb>своі
68,<wb>на
1222,<wb>оученікъі
599,<wb>своѧ
892,<wb>глааше
1888,<wb>блажені
4003,<wb>ніштіі
4528,<wb>дхомъ
99,<wb>ѣко
709,<wb>ваше
161,<wb>естъ
2660,<wb>црство
5052 465,<wb>нбсъ|ное
1888,<wb>блажені
5824 642,<wb>алчѫ|штіі
457,<wb>нъінѣ
99,<wb>ѣко
323,<wb>ті
5356,<wb>насъітѧтъ
70,<wb>сѧ
1888,<wb>блажені
2299 642,<wb>плачѫ|штіі
70,<wb>сѧ
6007,<wb>ннѣ
99,<wb>ѣко
321 181 661,<wb>въс|мѣ|ете
70,<wb>сѧ
1888,<wb>блажені
1215,<wb>бѫдете
317,<wb>егда
3236 275 32,<wb>възненаві|дѧ|т
237,<wb>въі
4934,<wb>члці
39,<wb>і
317,<wb>егда
3774 380 32,<wb>разлѫ|чѧ|т
237,<wb>въі
39,<wb>і
164 126 6187,<wb>про|не|сѫтъ
466,<wb>імѧ
709,<wb>ваше
99,<wb>ѣко
2754,<wb>зьло
732,<wb>сна
345 7394,<wb>чл|чѣ
368,<wb>раді
2279 410,<wb>въздрадоу|іте
70,<wb>сѧ
56,<wb>въ
157,<wb>тъ
869,<wb>день
39,<wb>і
1648 1044 410,<wb>възі|гра|іте
121,<wb>се
3923 86,<wb>мьз|да
152 2,<wb>ва|ш
1022,<wb>многа
68,<wb>на
1525 9,<wb>нбс|х
68,<wb>на
6417 76,<wb>небс|хъ
308,<wb>ѣкоже
1568,<wb>хоштете
105,<wb>да
1618,<wb>творѧтъ
260,<wb>вамъ
4934,<wb>члці
39,<wb>і
237,<wb>въі
1451,<wb>творіте
210,<wb>імъ
964,<wb>такожде
39,<wb>і
201,<wb>аште
2635,<wb>любіте
6068,<wb>любѧштѧѧ
237,<wb>въі
2459,<wb>каѣ
260,<wb>вамъ
3684,<wb>хвала
161,<wb>естъ
1566,<wb>ібо
39,<wb>і
6069,<wb>грѣшъніці
6068,<wb>любѧштѧѧ
6653,<wb>любѧтъ
39,<wb>і
201,<wb>аште
371 840 54,<wb>благо|творі|те
371 4880 642 14,<wb>благо|творѧ|штіі|м
260,<wb>вамъ
2459,<wb>каѣ
260,<wb>вамъ
3684,<wb>хвала
161,<wb>естъ
1566,<wb>ібо
39,<wb>і
4115,<wb>грѣшьніці
2636,<wb>тожде
1618,<wb>творѧтъ
39,<wb>і
201,<wb>аште
56,<wb>въ
171 389,<wb>за|емъ
105 661,<wb>да|ете
221,<wb>от
7982 48,<wb>ніх|же
567 661,<wb>ча|ете
56,<wb>въ
637 95 686,<wb>сп|рі|ѧті
2459,<wb>каѣ
260,<wb>вамъ
3684,<wb>хвала
161,<wb>естъ
1566,<wb>ібо
39,<wb>і
6069,<wb>грѣшъніці
1824 1426,<wb>грѣшъ|нікомъ
56,<wb>въ
171 389,<wb>за|емъ
105 304,<wb>да|ѭтъ
105,<wb>да
6395 2039,<wb>въспріі|мѫтъ
120 3155,<wb>ра|въно
1245,<wb>обаче
2635,<wb>любіте
2235,<wb>врагъі
2429,<wb>вашѧ
39,<wb>і
640,<wb>добро
1451,<wb>творіте
210,<wb>імъ
39,<wb>і
56,<wb>въ
6571,<wb>заімъ
2079,<wb>дадіте
1330,<wb>нічесоже
62,<wb>не
5616,<wb>чаѭште
39,<wb>і
362,<wb>бѫдетъ
6652,<wb>мъзда
1615,<wb>ваша
1022,<wb>многа
39,<wb>і
1215,<wb>бѫдете
3673,<wb>снове
4735 2148,<wb>въішъ|нѣаго
99,<wb>ѣко
157,<wb>тъ
2395,<wb>благъ
161,<wb>естъ
68,<wb>на
6840 4260 58,<wb>невъз|бла|го
250 6011,<wb>дѣ|тънъіѧ
39,<wb>і
6003 24,<wb>зьлъі|ѧ
2679,<wb>бѫдѣте
3936 5332 89,<wb>мл|ср|ді
99,<wb>ѣко
39,<wb>і
749,<wb>оць
152 2,<wb>ва|ш
3936 5332 113,<wb>мл|ср|дъ
161,<wb>естъ
1776,<wb>въніде
331,<wb>ісъ
56,<wb>въ
6409 2311 14,<wb>капер|наоу|м
190 133 1935,<wb>сь|ть|нікоу
71,<wb>же
50 79 191,<wb>е|де|роу
4820,<wb>рабь
2343,<wb>зьлѣ
2013,<wb>болѧ
3185 177,<wb>оуміра|аше
227,<wb>іже
165,<wb>бѣ
144,<wb>емоу
354 6681,<wb>чь|стенъ
990,<wb>слъішавъ
71,<wb>же
47,<wb>о
2412,<wb>ісѣ
456,<wb>посъла
468,<wb>кь
398,<wb>немоу
1666 532,<wb>стар|цѧ
279 34 1185,<wb>лю|д|скъіѧ
1499,<wb>молѧ
39,<wb>і
105,<wb>да
872,<wb>прішедъ
6815,<wb>спсетъ
1322,<wb>раба
135,<wb>его
609,<wb>оні
71,<wb>же
2133,<wb>прішедъше
468,<wb>кь
1449,<wb>ісві
51 1650,<wb>м|лѣахѫ
39,<wb>і
617 604 85,<wb>ть|штъ|но
1440,<wb>глште
144,<wb>емоу
99,<wb>ѣко
577 16 98,<wb>сто|і|нъ
161,<wb>естъ
295,<wb>еже
201,<wb>аште
5790,<wb>дасі
144,<wb>емоу
2727,<wb>любітъ
112,<wb>бо
1765,<wb>ѧзъікъ
2138,<wb>нашь
39,<wb>і
4083 91,<wb>сьньмі|ште
617,<wb>ть
190 7402,<wb>сь|зьда
489,<wb>намъ
331,<wb>ісъ
71,<wb>же
1619,<wb>ідѣаше
190,<wb>сь
1047,<wb>німі
836,<wb>еште
71,<wb>же
144,<wb>емоу
6537,<wb>ідѫштоу
190,<wb>сь
1047,<wb>німі
62,<wb>не
2037,<wb>далече
1610,<wb>сѫштоу
221,<wb>от
756,<wb>домоу
456,<wb>посъла
468,<wb>кь
398,<wb>немоу
190 3605,<wb>сь|тьнікъ
1096 58,<wb>дроуга|го
441,<wb>глѧ
144,<wb>емоу
300,<wb>гі
62,<wb>не
2109 124,<wb>дві|жі
70,<wb>сѧ
2134,<wb>нѣсмъ
112,<wb>бо
1710,<wb>достоінъ
105,<wb>да
826,<wb>подъ
7232,<wb>кровъ
329,<wb>моі
1776 116,<wb>въніде|ші
1347,<wb>тѣмь
71,<wb>же
122,<wb>ні
995,<wb>себе
682 102,<wb>достоі|на
3165,<wb>сътворіхъ
1382,<wb>пріті
468,<wb>кь
356,<wb>тебѣ
208 5644,<wb>нъ|рьці
4732,<wb>словомь
2572 255,<wb>іцѣлѣ|етъ
806 569,<wb>отро|кь
329,<wb>моі
695,<wb>азь
112,<wb>бо
1300,<wb>члкъ
568,<wb>есмъ
826,<wb>подъ
458 242 74,<wb>вла|сте|лі
571 1804,<wb>оучі|ненъ
39,<wb>і
3181,<wb>імѣѧ
826,<wb>подъ
1391,<wb>собоѭ
5240,<wb>воінъі
39,<wb>і
284,<wb>глѭ
1135,<wb>семоу
1030,<wb>іді
39,<wb>і
1861,<wb>ідетъ
39,<wb>і
4318,<wb>дроугоумоу
2870,<wb>пріді
39,<wb>і
416 32,<wb>пріде|т
39,<wb>і
2494,<wb>рабоу
1787,<wb>моемоу
2579,<wb>сьтворі
121,<wb>се
39,<wb>і
1675,<wb>сътворітъ
990,<wb>слъішавъ
71,<wb>же
121,<wb>се
331,<wb>ісъ
6313,<wb>чоуді
70,<wb>сѧ
144,<wb>емоу
39,<wb>і
5630,<wb>обраштъ
70,<wb>сѧ
902 270 4609,<wb>послѣ|доу|ѭштоумоу
2168,<wb>народоу
141,<wb>рече
681,<wb>амін
284,<wb>глѭ
2532,<wb>вам
122,<wb>ні
56,<wb>въ
3137,<wb>ізлі
7262,<wb>толікъі
994,<wb>вѣръі
1501,<wb>обрѣтъ
39,<wb>і
777 604 82,<wb>възвра|штъ|ше
70,<wb>сѧ
56,<wb>въ
729,<wb>домъ
3319 276,<wb>посьла|ніі
2825,<wb>обрѣтѫ
2013 1154,<wb>болѧ|штааго
1322,<wb>раба
2572 816,<wb>іцѣлѣ|въша
1619,<wb>ідѣаше
331,<wb>ісъ
56,<wb>въ
698,<wb>градъ
2770,<wb>наріцаемъі
2398 98,<wb>наі|нъ
39,<wb>і
190,<wb>сь
528,<wb>німъ
3904,<wb>ідѣахѫ
559,<wb>оученіці
135,<wb>его
39,<wb>і
956,<wb>народъ
2371,<wb>мъногъ
99,<wb>ѣко
71,<wb>же
6540,<wb>прібліжішѧ
70,<wb>сѧ
468,<wb>кь
460 115 14,<wb>вра|то|м
926,<wb>града
39,<wb>і
121,<wb>се
3481 3158,<wb>ізно|шаахѫ
4437 21 158,<wb>оуме|р|ша
732,<wb>сна
814 380 86,<wb>едіно|чѧ|да
7375,<wb>мтрі
1519,<wb>своеі
39,<wb>і
373,<wb>та
165,<wb>бѣ
7062,<wb>въдова
39,<wb>і
956,<wb>народъ
221,<wb>от
926,<wb>града
165,<wb>бѣ
2899 1055,<wb>мьно|гь
190,<wb>сь
2996,<wb>неѭ
39,<wb>і
649,<wb>відѣвъ
483,<wb>ѭ
459,<wb>гь
3936 5332 1212,<wb>мл|ср|дова
483,<wb>ѭ
39,<wb>і
141,<wb>рече
561,<wb>еі
62,<wb>не
6013 281,<wb>плачі|сѧ
39,<wb>і
3767,<wb>прістѫпль
3000,<wb>коснѫ
70,<wb>сѧ
56,<wb>въ
1677,<wb>одръ
2468 718,<wb>носѧ|штеі
71,<wb>же
4487,<wb>сташѧ
39,<wb>і
141,<wb>рече
1679 82,<wb>юно|ше
356,<wb>тебѣ
284,<wb>глѭ
2242,<wb>въстані
39,<wb>і
3240,<wb>сѣде
6988,<wb>мрътвъіі
39,<wb>і
904 32,<wb>начѧ|т
1375,<wb>глаті
1505,<wb>пріѧтъ
71,<wb>же
348 9,<wb>стра|х
618,<wb>вьсѧ
39,<wb>і
5854 216,<wb>славлѣ|ахѫ
422,<wb>ба
1440,<wb>глште
99,<wb>ѣко
4644,<wb>прркъ
2844,<wb>веліі
421,<wb>въста
56,<wb>въ
759,<wb>насъ
39,<wb>і
99,<wb>ѣко
3896,<wb>посѣті
459,<wb>гь
443,<wb>бъ
2799,<wb>людіі
809,<wb>своіхъ
1895,<wb>молѣаше
50 79 101,<wb>е|де|ръ
1325,<wb>фарісеі
566,<wb>іса
105,<wb>да
453,<wb>бі
78 137,<wb>ѣ|лъ
190,<wb>сь
730,<wb>німь
39,<wb>і
1952,<wb>въшедъ
56,<wb>въ
729,<wb>домъ
1184 12 18,<wb>фарісе|о|в
5823,<wb>възлеже
1895,<wb>молѣаше
731 21,<wb>ете|р
39,<wb>і
121,<wb>се
847,<wb>жена
56,<wb>въ
1565,<wb>градѣ
494,<wb>ѣже
165,<wb>бѣ
1824 1678,<wb>грѣшъ|ніца
4409,<wb>відѣвъші
39,<wb>і
99,<wb>ѣко
4629 1308,<wb>възле|жітъ
56,<wb>въ
6323,<wb>храмінѣ
1184 5640,<wb>фарісе|овѣ
924 349 116,<wb>пріне|сь|ші
6297 103 1365,<wb>ала|ва|стръ
975,<wb>міра
39,<wb>і
305 794,<wb>ста|въші
190 230 89,<wb>сь|за|ді
90,<wb>прі
2362,<wb>ногоу
135,<wb>его
627 380 166,<wb>пла|чѧ|шті
70,<wb>сѧ
1194,<wb>начѧтъ
3100,<wb>слъзамі
47 143 134 52,<wb>о|ма|ка|ті
1052,<wb>нозѣ
135,<wb>его
39,<wb>і
3825,<wb>власъі
1800,<wb>главъі
1276,<wb>своеѧ
863 5267,<wb>оті|рааше
39,<wb>і
3973 177,<wb>облобъіза|аше
1052,<wb>нозѣ
135,<wb>его
39,<wb>і
241 4407,<wb>ма|зааше
2116 1943,<wb>му|ромъ
649,<wb>відѣвъ
71,<wb>же
1325,<wb>фарісеі
4071 219,<wb>зьва|въі
135,<wb>его
141,<wb>рече
56,<wb>въ
436,<wb>себѣ
441,<wb>глѧ
190,<wb>сь
201,<wb>аште
453,<wb>бі
2064,<wb>бъілъ
4644,<wb>прркъ
5880,<wb>вѣдѣлъ
453,<wb>бі
222,<wb>оубо
4440,<wb>кьто
39,<wb>і
376 103,<wb>како|ва
847,<wb>жена
494,<wb>ѣже
3756 255,<wb>прікаса|етъ
70,<wb>сѧ
2648,<wb>емъ
99,<wb>ѣко
1023 1678,<wb>грѣшь|ніца
161,<wb>естъ
579,<wb>отъвѣштавъ
71,<wb>же
331,<wb>ісъ
141,<wb>рече
144,<wb>емоу
3273,<wb>сімоне
1126,<wb>імамъ
323,<wb>ті
4997,<wb>нѣчто
1775,<wb>решті
366,<wb>онъ
71,<wb>же
141,<wb>рече
1302,<wb>оучітелю
1900,<wb>рьці
971,<wb>дъва
3633 875,<wb>длъжь|ніка
5480,<wb>бѣсте
6797 172 86 92 673,<wb>заі|мо|да|въ|цоу
5844,<wb>етероу
438,<wb>едінъ
4738,<wb>длъженъ
165,<wb>бѣ
7355,<wb>пѧтіѭ
190 43,<wb>сь|тъ
6298 125,<wb>діна|рь
77,<wb>а
901,<wb>дроугъі
7355,<wb>пѧтіѭ
1761,<wb>десѧтъ
62,<wb>не
3462 143,<wb>імѫште|ма
71,<wb>же
268,<wb>іма
1316,<wb>чесо
7878,<wb>въдаті
2868,<wb>обѣма
3070 97,<wb>отъда|стъ
3966,<wb>которъі
71,<wb>же
2080,<wb>ею
222,<wb>оубо
580,<wb>паче
1855 873,<wb>вьзлю|бітъ
135,<wb>его
579,<wb>отъвѣштавъ
71,<wb>же
1839,<wb>сімонъ
141,<wb>рече
62 461 324 3,<wb>не|пъ|штоу|ѭ
99,<wb>ѣко
991,<wb>емоуже
2899 278 11,<wb>мьно|жа|е
3070 97,<wb>отъда|стъ
366,<wb>онъ
71,<wb>же
141,<wb>рече
144,<wb>емоу
750,<wb>правь
1067 137,<wb>сѫді|лъ
313,<wb>есі
39,<wb>і
5630,<wb>обраштъ
70,<wb>сѧ
468,<wb>кь
2607,<wb>женѣ
3333,<wb>сімоноу
141,<wb>рече
1980,<wb>відіші
178,<wb>лі
1732,<wb>сіѭ
1433,<wb>женѫ
891 3245,<wb>въні|дохъ
56,<wb>въ
729,<wb>домъ
462,<wb>твоі
3004,<wb>водъ
68,<wb>на
1052,<wb>нозѣ
329,<wb>моі
62,<wb>не
520,<wb>дастъ
159,<wb>сі
71,<wb>же
3100,<wb>слъзамі
4190 185,<wb>омо|чі
1052,<wb>нозѣ
329,<wb>моі
39,<wb>і
3825,<wb>власъі
1060,<wb>своімі
221 101,<wb>от|ръ
874 280 230 297,<wb>ло|бь|за|ніѣ
195,<wb>мі
288,<wb>тъі
62,<wb>не
520,<wb>дастъ
159,<wb>сі
71,<wb>же
221,<wb>от
62 74,<wb>не|лі
891 113,<wb>въні|дъ
62,<wb>не
1925,<wb>прѣста
3973 533,<wb>облобъіза|ѭшті
1052,<wb>нозѣ
329,<wb>моі
4310 389,<wb>олѣ|емъ
1800,<wb>главъі
1239,<wb>моеѧ
62,<wb>не
2216,<wb>помаза
159,<wb>сі
71,<wb>же
2116 55,<wb>му|мъ
2216,<wb>помаза
1052,<wb>нозѣ
329,<wb>моі
135,<wb>его
71,<wb>же
368,<wb>раді
284,<wb>глѭ
323,<wb>ті
4225,<wb>отъпоуштаѭтъ
70,<wb>сѧ
561,<wb>еі
6028,<wb>мнозіі
2812,<wb>грѣсі
99,<wb>ѣко
2692,<wb>вьзлюбі
693,<wb>много
77,<wb>а
991,<wb>емоуже
7222,<wb>мьне
2818 4269,<wb>отпоу|штаетъ
70,<wb>сѧ
296 119 116 1422,<wb>ме|нь|ші|імі
2727,<wb>любітъ
141,<wb>рече
71,<wb>же
561,<wb>еі
2818 145 304,<wb>отпоу|шта|ѭтъ
70,<wb>сѧ
356,<wb>тебѣ
2812,<wb>грѣсі
462,<wb>твоі
39,<wb>і
2911,<wb>начѧшѧ
2960 718,<wb>възлежѧ|штеі
190,<wb>сь
730,<wb>німь
1375,<wb>глаті
56,<wb>въ
436,<wb>себѣ
523,<wb>кто
161,<wb>естъ
190,<wb>сь
99,<wb>ѣко
39,<wb>і
1806,<wb>грѣхъі
1949 255,<wb>отъпоушта|етъ
141,<wb>рече
71,<wb>же
468,<wb>кь
2607,<wb>женѣ
2798,<wb>вѣра
552,<wb>твоѣ
2903,<wb>спсе
374,<wb>тѧ
1030,<wb>іді
56,<wb>въ
688,<wb>міръ
820,<wb>ізіде
5210,<wb>сѣѧі
333 542,<wb>сѣ|атъ
3841,<wb>сѣмене
524,<wb>своего
39,<wb>і
317,<wb>егда
71,<wb>же
333 177,<wb>сѣ|аше
50,<wb>е
1777,<wb>ово
1812,<wb>паде
90,<wb>прі
895,<wb>пѫті
39,<wb>і
67 433 61 85,<wb>по|пь|ра|но
3442,<wb>бъість
39,<wb>і
4300,<wb>птіцѧ
1525 471,<wb>нбс|нъіѧ
3534 334 110,<wb>позо|ба|шѧ
50,<wb>е
77,<wb>а
3824,<wb>дроугое
1812,<wb>паде
68,<wb>на
3251,<wb>камені
39,<wb>і
3377 280,<wb>прозѧ|бь
2717 82,<wb>оусъ|ше
1070,<wb>зане
62,<wb>не
1865,<wb>імѣаше
458 253,<wb>вла|гъі
77,<wb>а
3824,<wb>дроугое
1812,<wb>паде
67,<wb>по
1549,<wb>срѣдѣ
5917,<wb>тръніѣ
39,<wb>і
6695,<wb>въздрасте
1026 200,<wb>тръ|ніе
39,<wb>і
1208 111,<wb>пода|ві
50,<wb>е
77,<wb>а
3824,<wb>дроугое
1812,<wb>паде
68,<wb>на
734,<wb>земі
932,<wb>добрѣ
39,<wb>і
3377 280,<wb>прозѧ|бь
2579,<wb>сьтворі
1243,<wb>плодъ
2989 2901,<wb>съто|ріцеѭ
2765,<wb>въпрашаахѫ
71,<wb>же
39,<wb>і
559,<wb>оученіці
135,<wb>его
1440,<wb>глште
394,<wb>что
161,<wb>естъ
4957 266,<wb>пріть|ча
159,<wb>сі
366,<wb>онъ
71,<wb>же
141,<wb>рече
210,<wb>імъ
2532,<wb>вам
2837,<wb>дано
161,<wb>естъ
5465,<wb>вѣдѣті
5754,<wb>таінъі
8017 17,<wb>црстві|а
1370,<wb>бжіѣ
77,<wb>а
6866,<wb>прочіімъ
56,<wb>въ
2272 9,<wb>прітъча|х
105,<wb>да
2620,<wb>відѧште
62,<wb>не
2034,<wb>відѧтъ
39,<wb>і
62,<wb>не
2828,<wb>разоумѣѭтъ
6269,<wb>срдцемъ
161,<wb>естъ
71,<wb>же
2272,<wb>прітъча
159,<wb>сі
2085,<wb>сѣмѧ
161,<wb>естъ
442,<wb>слово
1165,<wb>бжіе
77,<wb>а
295,<wb>еже
90,<wb>прі
895,<wb>пѫті
747,<wb>сіі
419,<wb>сѫтъ
1296 642,<wb>слъішѧ|штіі
442,<wb>слово
39,<wb>і
67,<wb>по
2318,<wb>томъ
786,<wb>прідетъ
7213 137,<wb>діаво|лъ
39,<wb>і
5703,<wb>възьметъ
442,<wb>слово
84,<wb>отъ
981 363,<wb>срд|ць
3114,<wb>іх
105,<wb>да
62,<wb>не
994,<wb>вѣръі
5185,<wb>емъше
2903 60,<wb>спсе|ні
969,<wb>бѫдѫтъ
77,<wb>а
295,<wb>еже
68,<wb>на
3251,<wb>камені
227,<wb>іже
317,<wb>егда
3868,<wb>слъішѧтъ
75,<wb>съ
2659,<wb>радостіѭ
947 5807,<wb>пріем|лѫтъ
442,<wb>слово
39,<wb>і
159,<wb>сі
4549,<wb>корене
62,<wb>не
1177,<wb>імѫтъ
227,<wb>іже
56,<wb>въ
783,<wb>врѣмѧ
827,<wb>вѣрѫ
5048 1842,<wb>ем|лѭтъ
39,<wb>і
56,<wb>въ
783,<wb>врѣмѧ
5144,<wb>напасті
47 3979 304,<wb>о|стѫпа|ѭтъ
77,<wb>а
2618 3754,<wb>падъ|шее
56,<wb>въ
1026 60,<wb>тръ|ні
747,<wb>сіі
419,<wb>сѫтъ
1296 642,<wb>слъішѧ|штіі
39,<wb>і
84,<wb>отъ
967 1203,<wb>печа|ліі
1969 793,<wb>богатъ|ства
39,<wb>і
6910,<wb>сласті
3939 1185,<wb>жітіі|скъіѧ
1553 91,<wb>ходѧ|ште
1208 597 304,<wb>пода|влѣ|ѭтъ
70,<wb>сѧ
39,<wb>і
62,<wb>не
156,<wb>до
7644,<wb>връха
1552,<wb>плода
1618,<wb>творѧтъ
77,<wb>а
227,<wb>іже
68,<wb>на
932,<wb>добрѣ
1100,<wb>землі
747,<wb>сіі
7344,<wb>сѫт
227,<wb>іже
640 55,<wb>добро|мъ
981 26 55,<wb>срд|ц|мъ
39,<wb>і
371 55,<wb>благо|мъ
4757,<wb>слъішѧште
442,<wb>слово
3434 32,<wb>дръжѧ|т
39,<wb>і
1243,<wb>плодъ
1618,<wb>творѧтъ
56,<wb>въ
3496 276,<wb>тръпѣ|ніі
159,<wb>сі
441,<wb>глѧ
2802,<wb>възгласі
2865,<wb>імѣѧі
1548,<wb>оуші
1997,<wb>слъішаті
105,<wb>да
2592,<wb>слъішітъ
696 115,<wb>нік|то
71,<wb>же
7051,<wb>свѣтільніка
6842 252,<wb>въже|гъ
2440 3098,<wb>покръі|ваетъ
39,<wb>і
40 623 868,<wb>с|сѫ|домъ
178,<wb>лі
826,<wb>подъ
47 900 55,<wb>о|дро|мъ
2340 255,<wb>полага|етъ
39,<wb>і
208,<wb>нъ
68,<wb>на
469 383 409,<wb>свѣ|шть|нікъ
6375 304,<wb>възлага|ѭтъ
105,<wb>да
2474 642,<wb>въходѧ|штіі
2034,<wb>відѧтъ
957,<wb>свѣтъ
748,<wb>ніктоже
7051,<wb>свѣтільніка
6842 28,<wb>въже|г
595,<wb>нѣстъ
112,<wb>бо
5227,<wb>таіно
295,<wb>еже
62,<wb>не
5487,<wb>авітъ
70,<wb>сѧ
122 42 6344 85,<wb>ні|оу|тае|но
295,<wb>еже
62,<wb>не
362,<wb>бѫдетъ
1010 85,<wb>позна|но
39,<wb>і
56,<wb>въ
78 3313,<wb>ѣ|вленіе
786,<wb>прідетъ
2869,<wb>блюдѣте
70,<wb>сѧ
222,<wb>оубо
376,<wb>како
2930,<wb>слъішіте
227,<wb>іже
112,<wb>бо
584,<wb>іматъ
520,<wb>дастъ
70,<wb>сѧ
144,<wb>емоу
77,<wb>а
227,<wb>іже
62,<wb>не
584,<wb>іматъ
39,<wb>і
295,<wb>еже
3030,<wb>мьнітъ
70,<wb>сѧ
1492,<wb>імъі
39,<wb>і
176,<wb>то
2698 115,<wb>възѧ|то
362,<wb>бѫдетъ
84,<wb>отъ
513,<wb>него
955,<wb>прідѫ
71,<wb>же
468,<wb>кь
398,<wb>немоу
1474,<wb>маті
39,<wb>і
3241,<wb>братіѣ
135,<wb>его
39,<wb>і
62,<wb>не
5145,<wb>можаахѫ
1235 3208,<wb>бесѣ|доваті
1961,<wb>народомъ
39,<wb>і
4018,<wb>възвѣстішѧ
144,<wb>емоу
1440,<wb>глште
3196,<wb>мті
552,<wb>твоѣ
39,<wb>і
3241,<wb>братіѣ
552,<wb>твоѣ
6524,<wb>вънѣ
577 194,<wb>сто|ѧтъ
1078,<wb>відѣті
374,<wb>тѧ
2946,<wb>хотѧште
366,<wb>онъ
71,<wb>же
579,<wb>отъвѣштавъ
141,<wb>рече
3381,<wb>ім
3196,<wb>мті
556,<wb>моѣ
39,<wb>і
3303,<wb>брат
556,<wb>моѣ
747,<wb>сіі
419,<wb>сѫтъ
1296 642,<wb>слъішѧ|штіі
442,<wb>слово
1165,<wb>бжіе
39,<wb>і
3938 166,<wb>хранѧ|шті
50,<wb>е
39,<wb>і
3938 642,<wb>хранѧ|штіі
50,<wb>е
56 2544,<wb>въ|лѣзе
331,<wb>ісъ
56,<wb>въ
7313,<wb>корабъ
39,<wb>і
559,<wb>оученіці
135,<wb>его
39,<wb>і
141,<wb>рече
468,<wb>кь
528,<wb>німъ
1168 3430,<wb>прѣі|дѣмъ
68,<wb>на
366,<wb>онъ
1736,<wb>полъ
3300 96,<wb>езе|рѣ
39,<wb>і
1168 175,<wb>прѣі|дѫ
674 824,<wb>ідѫ|штемъ
71,<wb>же
210,<wb>імъ
4461,<wb>оусьпе
39,<wb>і
6168,<wb>сьніде
710 96,<wb>боу|рѣ
3125 102,<wb>вѣтръ|на
56,<wb>въ
3300 117,<wb>езе|ро
39,<wb>і
1716 4618 2587,<wb>іско|нча|ваахѫ
70,<wb>сѧ
39,<wb>і
81 7405,<wb>вь|лаахѫ
70,<wb>сѧ
3767 82,<wb>прістѫпль|ше
71,<wb>же
4563 1656,<wb>възбоу|дішѧ
39,<wb>і
1440,<wb>глште
5872,<wb>наставьніче
1083 1244 55,<wb>погъі|бле|мъ
366,<wb>онъ
71,<wb>же
1343,<wb>въставъ
1600,<wb>запрѣті
6607,<wb>вѣтроу
39,<wb>і
1651 126 690,<wb>влъ|не|нію
3004 2151,<wb>водъ|ноумоу
39,<wb>і
73 2925,<wb>оу|леже
39,<wb>і
798,<wb>бъіс
7905 102,<wb>тіші|на
39,<wb>і
141,<wb>рече
210,<wb>імъ
4118,<wb>кьде
161,<wb>естъ
2798,<wb>вѣра
1615,<wb>ваша
7594,<wb>оубоѣвъше
71,<wb>же
70,<wb>сѧ
5682,<wb>чоудішѧ
70,<wb>сѧ
1440,<wb>глште
468,<wb>кь
436,<wb>себѣ
4440,<wb>кьто
222,<wb>оубо
190,<wb>сь
161,<wb>естъ
99,<wb>ѣко
5645 14,<wb>вѣтро|м
3983,<wb>велітъ
39,<wb>і
2489,<wb>водѣ
39,<wb>і
4197,<wb>послоушаѭтъ
135,<wb>его
39 82 188 358,<wb>і|ше|дь|шоу
1073,<wb>ісоу
68,<wb>на
1403,<wb>землѭ
480 86 95 10 1339,<wb>га|да|рі|н|скѫ
4286,<wb>сьрѣте
39,<wb>і
1186,<wb>мѫжь
1432,<wb>етеръ
84,<wb>отъ
926,<wb>града
227,<wb>іже
1865,<wb>імѣаше
992,<wb>бѣсъ
84,<wb>отъ
246 28,<wb>мно|г
1742,<wb>лѣтъ
39,<wb>і
56,<wb>въ
3405,<wb>різѫ
62,<wb>не
832 1690,<wb>обла|чааше
70,<wb>сѧ
39,<wb>і
56,<wb>въ
7850,<wb>храмѣ
62,<wb>не
4276,<wb>жівѣаше
208,<wb>нъ
56,<wb>въ
5462,<wb>гробѣхъ
5089,<wb>оузьрѣвъ
71,<wb>же
566,<wb>іса
39,<wb>і
4784 92,<wb>възьпі|въ
4258,<wb>пріпаде
150,<wb>къ
398,<wb>немоу
39,<wb>і
3452 55,<wb>глас|мъ
6092,<wb>веліемъ
141,<wb>рече
526,<wb>чьто
161,<wb>естъ
437,<wb>мьнѣ
39,<wb>і
356,<wb>тебѣ
3957,<wb>ісе
3631,<wb>сне
422,<wb>ба
5198,<wb>жівааго
3166 52,<wb>молѭ|ті
70,<wb>сѧ
62,<wb>не
1267,<wb>мѫчі
364,<wb>мене
5043,<wb>прѣштааше
112,<wb>бо
2189 111,<wb>дх|ві
1411 7970,<wb>нечі|стоумоу
3977,<wb>ізіті
84,<wb>отъ
2316,<wb>члка
823,<wb>многъі
112,<wb>бо
486 289,<wb>лѣ|тъі
67 719 6843,<wb>по|хъі|тааше
39,<wb>і
39,<wb>і
2478 3903,<wb>вѧ|заахѫ
39,<wb>і
3601,<wb>ѫжі
6014 312 2154,<wb>желѣ|зь|нъіімі
39,<wb>і
502 289,<wb>пѫ|тъі
3457 91,<wb>стрѣгѫ|ште
39,<wb>і
39,<wb>і
4261 212 24,<wb>растръ|га|ѧ
2890,<wb>ѫзъі
223 4336,<wb>го|німъ
4228,<wb>бъівааше
3558,<wb>бѣсомъ
5212,<wb>скозѣ
4557,<wb>поустъінѭ
1136,<wb>въпросі
71,<wb>же
39,<wb>і
331,<wb>ісъ
441,<wb>глѧ
3353,<wb>ако
323,<wb>ті
466,<wb>імѧ
161,<wb>естъ
366,<wb>онъ
71,<wb>же
141,<wb>рече
7055,<wb>легеонъ
99,<wb>ѣко
3105,<wb>бѣсі
899,<wb>мнозі
4126,<wb>вънідѫ
56,<wb>въ
484,<wb>нь
39,<wb>і
4092,<wb>молішѧ
39,<wb>і
105,<wb>да
62,<wb>не
413 910,<wb>пове|літъ
210,<wb>імъ
56,<wb>въ
5186 179,<wb>бездъ|нѫ
1344,<wb>іті
165,<wb>бѣ
71,<wb>же
390,<wb>тоу
2883,<wb>стадо
6315,<wb>свініі
693,<wb>много
7904,<wb>пасомо
56,<wb>въ
2077,<wb>горѣ
39,<wb>і
51 2427,<wb>м|лішѧ
39,<wb>і
105,<wb>да
413 910,<wb>пове|літъ
210,<wb>імъ
38 46,<wb>|ъі
2756,<wb>въніті
39,<wb>і
449,<wb>повелѣ
39,<wb>і
39,<wb>і
4607,<wb>ішедъше
3105,<wb>бѣсі
221,<wb>от
2316,<wb>члка
4126,<wb>вънідѫ
56,<wb>въ
5238,<wb>свініѧ
39,<wb>і
5542,<wb>оустръмі
70,<wb>сѧ
2883,<wb>стадо
67,<wb>по
7254,<wb>брѣгоу
56,<wb>въ
3300 117,<wb>езе|ро
39,<wb>і
2076 498,<wb>істо|пе
1137,<wb>відѣвъше
71,<wb>же
5986 642,<wb>пасѫ|штіі
3885,<wb>бъівъшее
4273,<wb>бѣжашѧ
39,<wb>і
4018,<wb>възвѣстішѧ
56,<wb>въ
1565,<wb>градѣ
39,<wb>і
960 3531,<wb>въсе|лѣхъ
39,<wb>і
2820,<wb>ізідѫ
2998,<wb>відѣтъ
3970,<wb>бъівъшааго
39,<wb>і
955,<wb>прідѫ
468,<wb>кь
1449,<wb>ісві
39,<wb>і
2825,<wb>обрѣтѫ
2316,<wb>члка
3599,<wb>сѣдѧшта
168,<wb>із
513,<wb>него
71,<wb>же
3105,<wb>бѣсі
2820,<wb>ізідѫ
6704 4058,<wb>облъ|чена
39,<wb>і
3822 4626,<wb>съмъіс|лѧшта
90,<wb>прі
2362,<wb>ногоу
7050,<wb>ісвоу
39,<wb>і
3253,<wb>оубоѣшѧ
70,<wb>сѧ
1895,<wb>молѣаше
71,<wb>же
70,<wb>сѧ
144,<wb>емоу
1186,<wb>мѫжь
168,<wb>із
3068,<wb>негоже
3105,<wb>бѣсі
2820,<wb>ізідѫ
105,<wb>да
453,<wb>бі
190,<wb>сь
528,<wb>німъ
2064,<wb>бъілъ
5998,<wb>отпоусті
71,<wb>же
39,<wb>і
331,<wb>ісъ
441,<wb>глѧ
1049,<wb>възвраті
70,<wb>сѧ
56,<wb>въ
156 14,<wb>до|м
462,<wb>твоі
39,<wb>і
1721 16,<wb>повѣда|і
808,<wb>еліко
323,<wb>ті
261,<wb>сътворі
443,<wb>бъ
39,<wb>і
452,<wb>іде
67,<wb>по
960 88,<wb>въсе|моу
4364,<wb>градоу
1721 24,<wb>повѣда|ѧ
808,<wb>еліко
261,<wb>сътворі
144,<wb>емоу
331,<wb>ісъ
985,<wb>чкъ
1432,<wb>етеръ
416,<wb>пріде
468,<wb>кь
1449,<wb>ісві
3473,<wb>іменемъ
5593 101,<wb>аі|ръ
39,<wb>і
157,<wb>тъ
7825,<wb>кьнѧзь
4083 324,<wb>сьньмі|штоу
165,<wb>бѣ
39,<wb>і
2618,<wb>падъ
90,<wb>прі
2362,<wb>ногоу
7050,<wb>ісвоу
1895,<wb>молѣаше
39,<wb>і
56,<wb>въ
729,<wb>домъ
424,<wb>своі
2756,<wb>въніті
99,<wb>ѣко
5667,<wb>дьшті
814 380 86,<wb>едіно|чѧ|да
144,<wb>емоу
165,<wb>бѣ
99,<wb>ѣко
271 2731,<wb>дь|вою
68,<wb>на
811,<wb>десѧте
3454,<wb>лѣтоу
39,<wb>і
373,<wb>та
3185 177,<wb>оуміра|аше
317,<wb>егда
71,<wb>же
1619,<wb>ідѣаше
5482,<wb>ісь
1362,<wb>народі
6604 3167,<wb>оугнѣ|таахѫ
39,<wb>і
39,<wb>і
121,<wb>се
847,<wb>жена
2723,<wb>сѫшті
56,<wb>въ
176 4706,<wb>то|ченіі
2596,<wb>кръве
84,<wb>отъ
4112,<wb>двою
68,<wb>на
811,<wb>десѧте
3454,<wb>лѣтоу
494,<wb>ѣже
460 2821,<wb>вра|чемъ
2051 33 180 116,<wb>ізда|ѣ|вь|ші
960,<wb>въсе
3194,<wb>імѣніе
357,<wb>свое
39,<wb>і
122,<wb>ні
221,<wb>от
940,<wb>едіного
71,<wb>же
507,<wb>може
2572 52,<wb>іцѣлѣ|ті
1606 116,<wb>прістѫпь|ші
71,<wb>же
75,<wb>съ
5900,<wb>заді
3000,<wb>коснѫ
70,<wb>сѧ
321 1837 1203,<wb>въс|крі|ліі
1290,<wb>різъі
135,<wb>его
39,<wb>і
600,<wb>абіе
305,<wb>ста
6059,<wb>теченіе
2596,<wb>кръве
908,<wb>еѧ
39,<wb>і
141,<wb>рече
331,<wb>ісъ
523,<wb>кто
2185,<wb>прікоснѫ
70,<wb>сѧ
588,<wb>мнѣ
3708 1755,<wb>отъмѣта|ѭштемъ
71,<wb>же
70,<wb>сѧ
5426,<wb>въсѣмъ
141,<wb>рече
818,<wb>петръ
39,<wb>і
227,<wb>іже
812,<wb>бѣахѫ
190,<wb>сь
528,<wb>німъ
2227 92 2017,<wb>наста|въ|ніче
1362,<wb>народі
73 52 384 304,<wb>оу|ті|ска|ѭтъ
374,<wb>тѧ
39,<wb>і
2033 3260,<wb>гне|тѫтъ
39,<wb>і
1594,<wb>глеші
523,<wb>кто
161,<wb>естъ
2185 219,<wb>прікоснѫ|въі
70,<wb>сѧ
588,<wb>мнѣ
331,<wb>ісъ
71,<wb>же
141,<wb>рече
2185,<wb>прікоснѫ
70,<wb>сѧ
588,<wb>мнѣ
327,<wb>нѣ
523,<wb>кто
695,<wb>азь
112,<wb>бо
551 76,<wb>чоу|хъ
1518,<wb>сілѫ
39 82 34 434,<wb>і|ше|д|шѫ
168,<wb>із
364,<wb>мене
39,<wb>і
4409,<wb>відѣвъші
71,<wb>же
68,<wb>на
99,<wb>ѣко
62,<wb>не
4070 281,<wb>оутаі|сѧ
5915 166,<wb>трепештѫ|шті
4258,<wb>пріпаде
39,<wb>і
2618 116,<wb>падъ|ші
1669,<wb>прѣдь
528,<wb>німъ
171,<wb>за
4205,<wb>нѭже
5475,<wb>вінѫ
2185,<wb>прікоснѫ
70,<wb>сѧ
2648,<wb>емъ
1721,<wb>повѣда
396,<wb>прѣдъ
56,<wb>въ
333 123,<wb>сѣ|мі
5123,<wb>людьмі
39,<wb>і
99,<wb>ѣко
2572,<wb>іцѣлѣ
600,<wb>абіе
331,<wb>ісъ
71,<wb>же
141,<wb>рече
561,<wb>еі
6314,<wb>дръзаі
5667,<wb>дьшті
2798,<wb>вѣра
552,<wb>твоѣ
2903,<wb>спсе
374,<wb>тѧ
1030,<wb>іді
56,<wb>въ
688,<wb>міръ
836,<wb>еште
71,<wb>же
144,<wb>емоу
189 324,<wb>гл|штоу
416,<wb>пріде
1432,<wb>етеръ
221,<wb>от
2824 1575 212,<wb>су|наго|га
441,<wb>глѧ
144,<wb>емоу
99,<wb>ѣко
1428 1557,<wb>оумъ|рѣтъ
5667,<wb>дьшті
552,<wb>твоѣ
62,<wb>не
2109 124,<wb>дві|жі
2971,<wb>оучітелѣ
331,<wb>ісъ
71,<wb>же
990,<wb>слъішавъ
328,<wb>отъвѣшта
144,<wb>емоу
441,<wb>глѧ
62,<wb>не
2496,<wb>боі
70,<wb>сѧ
4615,<wb>тъкьмо
4652,<wb>вѣроуі
39,<wb>і
2903 102,<wb>спсе|на
362,<wb>бѫдетъ
7380,<wb>прішед
71,<wb>же
56,<wb>въ
729,<wb>домъ
39,<wb>і
62,<wb>не
105,<wb>да
1769,<wb>нікомоуже
2756,<wb>въніті
75,<wb>съ
1391,<wb>собоѭ
4615,<wb>тъкьмо
5274,<wb>петроу
39,<wb>і
2473 274,<wb>іоан|ноу
39,<wb>і
3234 403,<wb>іако|воу
39,<wb>і
1813,<wb>оцоу
3197 532,<wb>отрокові|цѧ
39,<wb>і
7375,<wb>мтрі
5610 216,<wb>ръіда|ахѫ
71,<wb>же
481,<wb>вьсі
39,<wb>і
6718,<wb>плакаахѫ
70,<wb>сѧ
908,<wb>еѧ
366,<wb>онъ
71,<wb>же
141,<wb>рече
62,<wb>не
6013 54,<wb>плачі|те
70,<wb>сѧ
595,<wb>нѣстъ
3491 66,<wb>оумръ|ла
3344,<wb>дѣвіца
208,<wb>нъ
190 2292,<wb>сь|пітъ
39,<wb>і
4466,<wb>рѫгаахѫ
70,<wb>сѧ
144,<wb>емоу
4575,<wb>вѣдѫште
99,<wb>ѣко
3490,<wb>оумьрѣтъ
366,<wb>онъ
71,<wb>же
4427 92,<wb>ізгьна|въ
618,<wb>вьсѧ
39,<wb>і
210,<wb>імъ
171,<wb>за
1085,<wb>рѫкѫ
2802,<wb>възгласі
483,<wb>ѭ
441,<wb>глѧ
3197 292,<wb>отрокові|це
2242,<wb>въстані
39,<wb>і
1049,<wb>възвраті
70,<wb>сѧ
768,<wb>дхъ
908,<wb>еѧ
39,<wb>і
7940 199,<wb>въскр|се
600,<wb>абіе
39,<wb>і
449,<wb>повелѣ
1288,<wb>даті
561,<wb>еі
1324,<wb>ѣсті
39,<wb>і
1229 263 242,<wb>оужа|со|сте
70,<wb>сѧ
2662,<wb>родітелѣ
908,<wb>еѧ
366,<wb>онъ
71,<wb>же
1600,<wb>запрѣті
268,<wb>іма
1769,<wb>нікомоуже
758 1393,<wb>повѣ|даті
3970,<wb>бъівъшааго
39,<wb>і
190 312 906,<wb>сь|зь|вавъ
740,<wb>оба
68,<wb>на
811,<wb>десѧте
2333,<wb>оученіка
1596,<wb>своѣ
520,<wb>дастъ
210,<wb>імъ
1518,<wb>сілѫ
39,<wb>і
1517,<wb>власть
68,<wb>на
2069,<wb>всѣхъ
165 3154,<wb>бѣ|сѣхъ
39,<wb>і
4199,<wb>недѫгъі
4068,<wb>цѣліті
5330 906,<wb>прізь|вавъ
331,<wb>ісъ
740,<wb>оба
68,<wb>на
811,<wb>десѧте
2333,<wb>оученіка
1596,<wb>своѣ
520,<wb>дастъ
210,<wb>імъ
1518,<wb>сілѫ
39,<wb>і
1517,<wb>власть
68,<wb>на
264 9,<wb>вьсѣ|х
165 3154,<wb>бѣ|сѣхъ
39,<wb>і
62,<wb>не
3646 253,<wb>дѫ|гъі
4068,<wb>цѣліті
39,<wb>і
456,<wb>посъла
225,<wb>ѧ
4154,<wb>проповѣдаті
3366,<wb>црствіе
1165,<wb>бжіе
39,<wb>і
4068,<wb>цѣліті
5232,<wb>болѧштѧѧ
39,<wb>і
3319,<wb>посьла
225,<wb>ѧ
4154,<wb>проповѣдаті
2660,<wb>црство
1165,<wb>бжіе
39,<wb>і
370 302 672,<wb>цѣ|лѧ|штѧѧ
39,<wb>і
141,<wb>рече
468,<wb>кь
528,<wb>німъ
4148,<wb>нічьтоже
62,<wb>не
4968,<wb>вьзьмѣте
68,<wb>на
502 32,<wb>пѫ|т
122,<wb>ні
1242 7894,<wb>жь|зла
122,<wb>ні
303 339,<wb>пі|ръі
122,<wb>ні
2282,<wb>хлѣба
122,<wb>ні
190 5035,<wb>сь|ребра
122,<wb>ні
271 2731,<wb>дь|вою
607 1145,<wb>рі|зоу
414 410,<wb>імѣ|іте
39,<wb>і
56,<wb>въ
1602,<wb>ньже
729,<wb>домъ
6970,<wb>вънідете
390,<wb>тоу
7346,<wb>прѣбъіваіте
39,<wb>і
84,<wb>отъ
1311 270,<wb>тѫ|доу
1248 440,<wb>ісхо|діте
39,<wb>і
808,<wb>еліко
62,<wb>не
4316,<wb>пріімѫтъ
544,<wb>васъ
4976,<wb>ісходѧште
84,<wb>отъ
926,<wb>града
485,<wb>того
4636,<wb>прахъ
84,<wb>отъ
298 1055,<wb>но|гь
1739,<wb>вашіхъ
39 69 265 2900,<wb>і|ст|рѧ|сѣте
56,<wb>въ
5893,<wb>съвѣдѣніе
68,<wb>на
1562,<wb>нѧ
4976,<wb>ісходѧште
71,<wb>же
164 196 2046,<wb>про|хо|ждаахѫ
5212,<wb>скозѣ
481,<wb>вьсі
371 258 393,<wb>благо|вѣшта|ѭште
39,<wb>і
370 3205,<wb>цѣ|лѧште
56,<wb>въ
6015,<wb>сѫдѣ
227,<wb>іже
547 32,<wb>хоште|т
67,<wb>по
2231,<wb>мънѣ
1344,<wb>іті
105,<wb>да
5457,<wb>отъвръжетъ
70,<wb>сѧ
995,<wb>себе
39,<wb>і
105,<wb>да
5703,<wb>възьметъ
4702,<wb>крстъ
424,<wb>своі
67,<wb>по
618,<wb>вьсѧ
752,<wb>дьні
39,<wb>і
3991,<wb>ходітъ
67,<wb>по
437,<wb>мьнѣ
227,<wb>іже
112,<wb>бо
201,<wb>аште
1462,<wb>хоштетъ
5197,<wb>спсті
911,<wb>дшѫ
651,<wb>своѭ
1579,<wb>погоубітъ
483,<wb>ѭ
77,<wb>а
227,<wb>іже
1579,<wb>погоубітъ
911,<wb>дшѫ
651,<wb>своѭ
364,<wb>мене
368,<wb>раді
157,<wb>тъ
6815,<wb>спсетъ
483,<wb>ѭ
2459,<wb>каѣ
7095,<wb>польза
3593,<wb>члкоу
201,<wb>аште
6080 43,<wb>пріобрѧште|тъ
1285,<wb>весь
688,<wb>міръ
77,<wb>а
995,<wb>себе
1579,<wb>погоубітъ
178,<wb>лі
84 91 1990,<wb>отъ|ште|тітъ
227,<wb>іже
112,<wb>бо
201,<wb>аште
5140,<wb>постъідітъ
70,<wb>сѧ
364,<wb>мене
39,<wb>і
1216,<wb>моіхъ
2058,<wb>словесъ
387,<wb>сего
39,<wb>і
423,<wb>снъ
2314,<wb>члчь
5140,<wb>постъідітъ
70,<wb>сѧ
317,<wb>егда
786,<wb>прідетъ
56,<wb>въ
2236,<wb>славѣ
1519,<wb>своеі
39,<wb>і
531,<wb>очі
39,<wb>і
5381,<wb>стъіхъ
2370,<wb>англъ
284,<wb>глѭ
71,<wb>же
260,<wb>вамъ
56,<wb>въ
843,<wb>істінѫ
419,<wb>сѫтъ
3551,<wb>етері
221,<wb>от
978,<wb>сьде
6699,<wb>стоѧштііхъ
227,<wb>іже
62,<wb>не
1177,<wb>імѫтъ
4839,<wb>въкоусіті
2091,<wb>съмръті
3180,<wb>доідеже
4184,<wb>оузьрѧтъ
3366,<wb>црствіе
1165,<wb>бжіе
4713 358,<wb>съшедъ|шоу
1073,<wb>ісоу
75,<wb>съ
1792,<wb>горъі
4019,<wb>сърѣте
39,<wb>і
956,<wb>народъ
586 1055,<wb>мъно|гь
39,<wb>і
121,<wb>се
1186,<wb>мѫжь
168,<wb>із
1674,<wb>народа
4784,<wb>възьпі
39,<wb>і
441,<wb>глѧ
1302,<wb>оучітелю
3166,<wb>молѭ
374,<wb>тѧ
5285,<wb>прізьрі
68,<wb>на
732,<wb>сна
563,<wb>моего
99,<wb>ѣко
3629 113,<wb>іночѧ|дъ
195,<wb>мі
161,<wb>естъ
39,<wb>і
121,<wb>се
768,<wb>дхъ
4015 289,<wb>емле|тъі
39,<wb>і
56,<wb>въ
62 5055,<wb>не|заапѫ
7838,<wb>въпіетъ
39,<wb>і
7407 278 255,<wb>прѫ|жа|етъ
70,<wb>сѧ
75,<wb>съ
692 2808,<wb>пѣ|намі
39,<wb>і
50 188 103,<wb>е|дь|ва
47 196 89 32,<wb>о|хо|ді|т
84,<wb>отъ
513,<wb>него
1444 4141,<wb>съкроу|шаѧ
39,<wb>і
39,<wb>і
415 9,<wb>молі|х
70,<wb>сѧ
936,<wb>оученікомъ
1454,<wb>твоімъ
105,<wb>да
1282 179 289,<wb>іжде|нѫ|тъі
39,<wb>і
62,<wb>не
5300,<wb>възмогѫ
579,<wb>отъвѣштавъ
331,<wb>ісъ
128 8,<wb>ре|ч
47,<wb>о
7821,<wb>роде
1153 174 10,<wb>невѣ|ре|н
39,<wb>і
4414 3511,<wb>развра|штенъ
156,<wb>до
1700,<wb>колѣ
1387,<wb>бѫдѫ
81,<wb>вь
544,<wb>васъ
39,<wb>і
1026 6383,<wb>тръ|плѭ
237,<wb>въі
1114 89,<wb>пріве|ді
195,<wb>мі
423,<wb>снъ
462,<wb>твоі
2323,<wb>сѣмо
836,<wb>еште
71,<wb>же
1142 324,<wb>грѧдѫ|штоу
144,<wb>емоу
5750,<wb>повръже
39,<wb>і
992,<wb>бѣсъ
39,<wb>і
7705,<wb>сътрѧсе
39,<wb>і
1600,<wb>запрѣті
71,<wb>же
331,<wb>ісъ
4785,<wb>дхоу
1411 7970,<wb>нечі|стоумоу
39,<wb>і
2693,<wb>іцѣлі
5156,<wb>отрока
39,<wb>і
2353 400,<wb>въда|стъі
2776,<wb>матері
135,<wb>его
2922,<wb>дівлѣахѫ
71,<wb>же
70,<wb>сѧ
481,<wb>вьсі
47,<wb>о
367 4076,<wb>велі|чіі
776,<wb>бжіі
798,<wb>бъіс
6537,<wb>ідѫштоу
1073,<wb>ісоу
67,<wb>по
895,<wb>пѫті
141,<wb>рече
1432,<wb>етеръ
468,<wb>кь
398,<wb>немоу
674,<wb>ідѫ
67,<wb>по
356,<wb>тебѣ
2676,<wb>ѣможе
1390,<wb>колі
663 151,<wb>ж|до
3283,<wb>ідеші
300,<wb>гі
39,<wb>і
141,<wb>рече
144,<wb>емоу
331,<wb>ісъ
178 129,<wb>лі|сі
2294 111 139,<wb>ѣз|ві|нъі
1177,<wb>імѫтъ
39,<wb>і
4300,<wb>птіцѧ
5052 471,<wb>нбсъ|нъіѧ
717 4422,<wb>гнѣ|зда
77,<wb>а
423,<wb>снъ
2314,<wb>члчь
62,<wb>не
584,<wb>іматъ
4118,<wb>кьде
1800,<wb>главъі
6914,<wb>подъклоніті
141,<wb>рече
71,<wb>же
468,<wb>кь
4318,<wb>дроугоумоу
2485,<wb>ході
56,<wb>въ
1465,<wb>слѣдъ
364,<wb>мене
366,<wb>онъ
71,<wb>же
141,<wb>рече
300,<wb>гі
3136,<wb>повелі
195,<wb>мі
536,<wb>прѣжде
1291 358,<wb>шедъ|шоу
5398,<wb>погреті
633,<wb>оца
563,<wb>моего
141,<wb>рече
71,<wb>же
144,<wb>емоу
331,<wb>ісъ
646,<wb>оставі
5489,<wb>мрътвъіѧ
5398,<wb>погреті
599,<wb>своѧ
867 180 532,<wb>мрът|вь|цѧ
288,<wb>тъі
71,<wb>же
1291,<wb>шедъ
6421 16,<wb>възвѣшта|і
3366,<wb>црствіе
1165,<wb>бжіе
141,<wb>рече
71,<wb>же
3013,<wb>дроугъіі
674,<wb>ідѫ
67,<wb>по
356,<wb>тебѣ
300,<wb>гі
5888,<wb>древле
71,<wb>же
3136,<wb>повелі
195,<wb>мі
1353 52,<wb>отвѣшта|ті
195,<wb>мі
70,<wb>сѧ
227,<wb>іже
419,<wb>сѫтъ
56,<wb>въ
756,<wb>домоу
3468,<wb>моемъ
141,<wb>рече
71,<wb>же
107,<wb>іс
468,<wb>кь
398,<wb>немоу
696 115,<wb>нік|то
71,<wb>же
160 3603,<wb>въз|ложь
1790,<wb>рѫкъі
1276,<wb>своеѧ
68,<wb>на
47 61 93,<wb>о|ра|ло
39,<wb>і
5034,<wb>зьрѧ
7028,<wb>въспѧть
2938 5950,<wb>оупра|вленъ
161,<wb>естъ
56,<wb>въ
2660,<wb>црство
1165,<wb>бжіе
3319,<wb>посьла
331,<wb>ісъ
1222,<wb>оученікъі
599,<wb>своѧ
67,<wb>по
6602,<wb>дъвѣма
396,<wb>прѣдъ
3118,<wb>ліцемъ
725,<wb>своімъ
81,<wb>вь
572 569,<wb>всѣ|кь
698,<wb>градъ
39,<wb>і
707,<wb>мѣсто
2676,<wb>ѣможе
1414,<wb>хотѣаше
645,<wb>самъ
1344,<wb>іті
39,<wb>і
892,<wb>глааше
468,<wb>кь
528,<wb>німъ
4016,<wb>жѧтва
222,<wb>оубо
1022,<wb>многа
77,<wb>а
4395,<wb>дѣлатель
998,<wb>мало
2537,<wb>моліте
70,<wb>сѧ
222,<wb>оубо
1341,<wb>гю
1218 3278,<wb>жѧ|твъі
105,<wb>да
7897,<wb>ізведетъ
6307,<wb>дѣлателѧ
68,<wb>на
1218 3769,<wb>жѧ|твѫ
651,<wb>своѭ
1976,<wb>ідѣте
121,<wb>се
695,<wb>азь
4819 3,<wb>посъіла|ѭ
237,<wb>въі
99,<wb>ѣко
3944,<wb>овцѧ
67,<wb>по
1549,<wb>срѣдѣ
1651 13,<wb>влъ|к
56,<wb>въ
1602,<wb>ньже
5354,<wb>коліждо
698,<wb>градъ
2349 440,<wb>въхо|діте
39,<wb>і
62,<wb>не
5847,<wb>пріемлѭтъ
544,<wb>васъ
4607,<wb>ішедъше
68,<wb>на
3632 1377,<wb>распѫ|тіѣ
135,<wb>его
3487,<wb>рьцѣте
39,<wb>і
4636,<wb>прахъ
2273 433 1592,<wb>пріле|пь|шіі
759,<wb>насъ
84,<wb>отъ
926,<wb>града
387,<wb>сего
56,<wb>въ
1554 76,<wb>нога|хъ
1509 9,<wb>наші|х
6305 170 653,<wb>отътрѧ|са|ем
260,<wb>вамъ
1245,<wb>обаче
121,<wb>се
3989,<wb>вѣдіте
99,<wb>ѣко
1477,<wb>прібліжі
70,<wb>сѧ
68,<wb>на
237,<wb>въі
3366,<wb>црствіе
1165,<wb>бжіе
284,<wb>глѭ
71,<wb>же
260,<wb>вамъ
99,<wb>ѣко
6807 2517,<wb>содо|момъ
56,<wb>въ
157,<wb>тъ
869,<wb>день
5346,<wb>отърадьнѣе
4651,<wb>бѫдет
5676,<wb>нежелі
4364,<wb>градоу
650,<wb>томоу
6223,<wb>слоушаѧі
544,<wb>васъ
364,<wb>мене
2571 255,<wb>слоуша|етъ
39,<wb>і
6223,<wb>слоушаѧі
364,<wb>мене
2571 255,<wb>слоуша|етъ
2934,<wb>посълавъшааго
226,<wb>мѧ
39,<wb>і
3708 509,<wb>отъмѣта|ѧі
70,<wb>сѧ
2668,<wb>вась
364,<wb>мене
70,<wb>сѧ
3708 255,<wb>отъмѣта|етъ
77,<wb>а
3708 509,<wb>отъмѣта|ѧі
70,<wb>сѧ
364,<wb>мене
221 1991 255,<wb>от|мѣта|етъ
70,<wb>сѧ
456 18 1318,<wb>посъла|в|шааго
226,<wb>мѧ
6223,<wb>слоушаѧі
4611,<wb>вас
4478,<wb>възвратішѧ
71,<wb>же
70,<wb>сѧ
2461,<wb>седмь
1761,<wb>десѧтъ
190,<wb>сь
2659,<wb>радостіѭ
1440,<wb>глште
300,<wb>гі
39,<wb>і
3105,<wb>бѣсі
5222 304,<wb>повіноу|ѭтъ
70,<wb>сѧ
489,<wb>намъ
47,<wb>о
1747,<wb>імені
3657,<wb>твоемъ
141,<wb>рече
71,<wb>же
210,<wb>імъ
2406,<wb>відѣхъ
6868,<wb>сотонѫ
99,<wb>ѣко
2101 2149,<wb>млъ|ніѭ
75,<wb>съ
1586,<wb>нбсе
753 113 434,<wb>съпа|дъ|шѫ
121,<wb>се
5226,<wb>дахъ
260,<wb>вамъ
1517,<wb>власть
68 425 3250,<wb>на|стѫ|паті
68,<wb>на
6303,<wb>зміѧ
39,<wb>і
961 7409 24,<wb>ско|рпі|ѧ
39,<wb>і
68,<wb>на
7549,<wb>всѫ
1518,<wb>сілѫ
460 124 3,<wb>вра|жі|ѭ
39,<wb>і
2095,<wb>нічтоже
544,<wb>васъ
62,<wb>не
7071,<wb>врѣдітъ
121,<wb>се
5226,<wb>дахъ
2532,<wb>вам
1517,<wb>власть
68 425 3250,<wb>на|стѫ|паті
68,<wb>на
6303,<wb>зміѧ
39,<wb>і
961 7409 24,<wb>ско|рпі|ѧ
39,<wb>і
68,<wb>на
7549,<wb>всѫ
1518,<wb>сілѫ
460 124 3,<wb>вра|жі|ѭ
39,<wb>і
4148,<wb>нічьтоже
544,<wb>васъ
62,<wb>не
7071,<wb>врѣдітъ
121,<wb>се
5226,<wb>дахъ
260,<wb>вамъ
1245,<wb>обаче
47,<wb>о
1255,<wb>семь
62,<wb>не
3249,<wb>радоуіте
70,<wb>сѧ
99,<wb>ѣко
39,<wb>і
53 129,<wb>д|сі
260,<wb>вамъ
5222 304,<wb>повіноу|ѭтъ
70,<wb>сѧ
3249,<wb>радоуіте
71,<wb>же
70,<wb>сѧ
580,<wb>паче
99,<wb>ѣко
4365,<wb>імена
1615,<wb>ваша
1456 102,<wb>напіса|на
419,<wb>сѫтъ
68,<wb>на
6089,<wb>нбсехъ
1245,<wb>обаче
47,<wb>о
2686,<wb>семъ
62,<wb>не
3249,<wb>радоуіте
70,<wb>сѧ
99,<wb>ѣко
39,<wb>і
53 129,<wb>д|сі
260,<wb>вамъ
5222 304,<wb>повіноу|ѭтъ
70,<wb>сѧ
3249,<wb>радоуіте
71,<wb>же
70,<wb>сѧ
580,<wb>паче
99,<wb>ѣко
4365,<wb>імена
1615,<wb>ваша
1456 102,<wb>напіса|на
419,<wb>сѫтъ
68,<wb>на
6089,<wb>нбсехъ
56,<wb>въ
617,<wb>ть
1396,<wb>часъ
4613,<wb>въздрадова
70,<wb>сѧ
4528,<wb>дхомъ
331,<wb>ісъ
39,<wb>і
141,<wb>рече
6692,<wb>ісповѣдаѭ
70,<wb>сѧ
356,<wb>тебѣ
1466,<wb>оче
300,<wb>гі
1586,<wb>нбсе
39,<wb>і
291 282,<wb>зе|мѧ
99,<wb>ѣко
4070 137,<wb>оутаі|лъ
313,<wb>есі
747,<wb>сіі
84,<wb>отъ
1978 625,<wb>прѣмѫ|дръ
39,<wb>і
406 2220,<wb>разоу|менъ
39,<wb>і
3195,<wb>отъкръі
747,<wb>сіі
2139 10 1233,<wb>младе|н|цемъ
561,<wb>еі
1466,<wb>оче
99,<wb>ѣко
311,<wb>тако
798,<wb>бъіс
7660,<wb>благоволеніе
396,<wb>прѣдъ
1238,<wb>тобоѭ
56,<wb>въ
617,<wb>ть
1396,<wb>часъ
4613,<wb>въздрадова
70,<wb>сѧ
2864,<wb>дхмъ
331,<wb>ісъ
39,<wb>і
141,<wb>рече
6692,<wb>ісповѣдаѭ
70,<wb>сѧ
356,<wb>тебѣ
1466,<wb>оче
300,<wb>гі
3728,<wb>нбсі
39,<wb>і
734,<wb>земі
99,<wb>ѣко
4070 137,<wb>оутаі|лъ
313,<wb>есі
159,<wb>сі
84,<wb>отъ
1978 625,<wb>прѣмѫ|дръ
39,<wb>і
406 2220,<wb>разоу|менъ
39,<wb>і
3195,<wb>отъкръі
747,<wb>сіі
5589 1233,<wb>младень|цемъ
561,<wb>еі
1466,<wb>оче
99,<wb>ѣко
311,<wb>тако
798,<wb>бъіс
7660,<wb>благоволеніе
1669,<wb>прѣдь
1238,<wb>тобоѭ
39,<wb>і
396,<wb>прѣдъ
1238,<wb>тобоѭ
3707,<wb>прѣд
176 31 3,<wb>то|б|ѭ
39,<wb>і
2912,<wb>обрашть
70,<wb>сѧ
468,<wb>кь
286 1543,<wb>оучені|комь
141,<wb>рече
264,<wb>вьсѣ
437,<wb>мьнѣ
444 102,<wb>прѣда|на
821,<wb>бъішѧ
84,<wb>отъ
633,<wb>оца
563,<wb>моего
39,<wb>і
748,<wb>ніктоже
62,<wb>не
1559,<wb>вѣстъ
523,<wb>кто
161,<wb>естъ
423,<wb>снъ
4615,<wb>тъкьмо
749,<wb>оць
39,<wb>і
523,<wb>кто
161,<wb>естъ
749,<wb>оць
4150,<wb>тькмо
423,<wb>снъ
39,<wb>і
991,<wb>емоуже
201,<wb>аште
1462,<wb>хоштетъ
423,<wb>снъ
7117,<wb>авіті
39,<wb>і
2912,<wb>обрашть
70,<wb>сѧ
468,<wb>кь
936,<wb>оученікомъ
438,<wb>едінъ
141,<wb>рече
554 968,<wb>блаже|нѣі
531,<wb>очі
1104 642,<wb>відѧ|штіі
494,<wb>ѣже
237,<wb>въі
1369,<wb>відіте
284,<wb>глѭ
112,<wb>бо
260,<wb>вамъ
99,<wb>ѣко
899,<wb>мнозі
6341,<wb>пррці
39,<wb>і
6509,<wb>цре
2608 110,<wb>въсхотѣ|шѧ
1078,<wb>відѣті
494,<wb>ѣже
237,<wb>въі
1369,<wb>відіте
39,<wb>і
62,<wb>не
1279,<wb>відѣшѧ
39,<wb>і
1997,<wb>слъішаті
494,<wb>ѣже
2930,<wb>слъішіте
237,<wb>въі
39,<wb>і
62,<wb>не
3367,<wb>слъішашѧ
7408 2586,<wb>закон|нікь
1432,<wb>етеръ
416,<wb>пріде
468,<wb>кь
1073,<wb>ісоу
6547,<wb>іскоушаѧ
39,<wb>і
39,<wb>і
441,<wb>глѧ
1302,<wb>оучітелю
526,<wb>чьто
190 5057,<wb>сь|творь
2030,<wb>жівота
1102 482,<wb>вѣчь|нааго
2576 5296,<wb>наслѣ|доуѭ
366,<wb>онъ
71,<wb>же
141,<wb>рече
150,<wb>къ
398,<wb>немоу
56,<wb>въ
2504,<wb>законѣ
526,<wb>чьто
2141,<wb>пісано
161,<wb>естъ
376,<wb>како
5122 116,<wb>чьте|ші
366,<wb>онъ
71,<wb>же
579,<wb>отъвѣштавъ
141,<wb>рече
7164,<wb>вьзлюбіші
480,<wb>га
422,<wb>ба
524,<wb>своего
221,<wb>от
3259,<wb>всего
2780,<wb>срдца
697,<wb>твоего
39,<wb>і
960 3,<wb>въсе|ѭ
3538,<wb>дшеѭ
39,<wb>і
221,<wb>от
960 24,<wb>въсе|ѧ
6967,<wb>крѣпості
1532,<wb>твоеѧ
39,<wb>і
221,<wb>от
3259,<wb>всего
4194,<wb>помъішленіѣ
697,<wb>твоего
1284,<wb>любі
39,<wb>і
39,<wb>і
5493 2148,<wb>іскръ|нѣаго
524,<wb>своего
99,<wb>ѣко
39,<wb>і
645,<wb>самъ
70,<wb>сѧ
141,<wb>рече
71,<wb>же
144,<wb>емоу
331,<wb>ісъ
2453,<wb>право
328,<wb>отъвѣшта
121,<wb>се
261,<wb>сътворі
39,<wb>і
1724,<wb>жівъ
2062,<wb>бѫдеші
366,<wb>онъ
71,<wb>же
919,<wb>хотѧ
4189 943,<wb>оправь|діті
70,<wb>сѧ
645,<wb>самъ
141,<wb>рече
150,<wb>къ
1073,<wb>ісоу
39,<wb>і
523,<wb>кто
161,<wb>естъ
4590 276,<wb>іскрь|ніі
329,<wb>моі
328,<wb>отъвѣшта
331,<wb>ісъ
39,<wb>і
141,<wb>рече
109 569,<wb>ч|кь
1432,<wb>етеръ
75 2856,<wb>съ|хождааше
221,<wb>от
3647 23 1061,<wb>ер|с|лма
81,<wb>вь
6790,<wb>еріхѫ
39,<wb>і
56,<wb>въ
6446,<wb>разбоінікъі
81 1937,<wb>вь|паде
227,<wb>іже
39,<wb>і
75 3639 6208,<wb>съ|влъ|къше
39,<wb>і
39,<wb>і
6139,<wb>ѣзвъі
160 3603 82,<wb>въз|ложь|ше
68,<wb>на
484,<wb>нь
5495,<wb>отідѫ
5206 82,<wb>оставль|ше
39,<wb>і
50 104,<wb>е|лѣ
5314,<wb>жіва
67,<wb>по
4244 266 7,<wb>пріклю|ча|ю
71,<wb>же
5277,<wb>іереі
1432,<wb>етеръ
75 2856,<wb>съ|хождааше
6317,<wb>пѫтемь
1894,<wb>тѣмъ
39,<wb>і
649,<wb>відѣвъ
39,<wb>і
1250,<wb>мімо
452,<wb>іде
964,<wb>такожде
39,<wb>і
639 18 2082 43,<wb>ле|в|гі|тъ
549,<wb>бъівъ
68,<wb>на
1372 235,<wb>томь|жде
1122,<wb>мѣстѣ
872,<wb>прішедъ
39,<wb>і
649,<wb>відѣвъ
39,<wb>і
1250,<wb>мімо
452,<wb>іде
2819 60 10,<wb>самарѣ|ні|н
71,<wb>же
1432,<wb>етеръ
1601,<wb>грѧдъі
39,<wb>і
416,<wb>пріде
4801,<wb>надь
484,<wb>нь
39,<wb>і
649,<wb>відѣвъ
39,<wb>і
3936 5332 1212,<wb>мл|ср|дова
39,<wb>і
3767,<wb>прістѫпль
5326,<wb>обѧза
4582 1657,<wb>строу|пъі
135,<wb>его
160 74 2740,<wb>въз|лі|ваѧ
47 2389,<wb>о|лѣі
39,<wb>і
1017,<wb>віно
1819 716,<wb>въса|ждъ
71,<wb>же
39,<wb>і
68,<wb>на
424,<wb>своі
7383,<wb>скотъ
2457,<wb>пріведе
39,<wb>і
56,<wb>въ
5251 119 849,<wb>гості|нь|ніцѫ
39,<wb>і
6138,<wb>прілежа
2648,<wb>емъ
39,<wb>і
68,<wb>на
619 2961,<wb>оут|ріа
1686,<wb>ішедъ
6271,<wb>вьземъ
971,<wb>дъва
2268 230,<wb>пѣнѧ|за
520,<wb>дастъ
5251 10 1935,<wb>гості|н|нікоу
39,<wb>і
141,<wb>рече
144,<wb>емоу
2273 124,<wb>пріле|жі
2648,<wb>емъ
39,<wb>і
295,<wb>еже
201,<wb>аште
701 1672 5878,<wb>пріі|жді|веші
695,<wb>азь
317,<wb>егда
5612,<wb>възвраштѫ
70,<wb>сѧ
5842,<wb>въздамъ
323,<wb>ті
4440,<wb>кьто
222,<wb>оубо
84,<wb>отъ
330 9,<wb>тѣ|х
3336,<wb>тріі
3030,<wb>мьнітъ
323,<wb>ті
70,<wb>сѧ
503,<wb>бъіті
4590 276,<wb>іскрь|ніі
3775 34 3781,<wb>въпа|д|шоумоу
56,<wb>въ
6446,<wb>разбоінікъі
366,<wb>онъ
71,<wb>же
141,<wb>рече
232 2965,<wb>сътво|реі
3936 214,<wb>мл|сть
190,<wb>сь
528,<wb>німъ
141,<wb>рече
71,<wb>же
144,<wb>емоу
331,<wb>ісъ
1030,<wb>іді
39,<wb>і
288,<wb>тъі
426,<wb>творі
964,<wb>такожде
1776,<wb>въніде
107,<wb>іс
56,<wb>въ
220 23,<wb>ве|с
731 316,<wb>ете|рѫ
847,<wb>жена
71,<wb>же
4403,<wb>етера
3473,<wb>іменемъ
2122,<wb>марта
1505,<wb>пріѧтъ
39,<wb>і
56,<wb>въ
729,<wb>домъ
424,<wb>своі
1205,<wb>вьніде
107,<wb>іс
81,<wb>вь
220 23,<wb>ве|с
731 21,<wb>ете|р
39,<wb>і
121,<wb>се
561,<wb>еі
165,<wb>бѣ
3630,<wb>сестра
1105 143 17,<wb>наріцае|ма|а
1160,<wb>маріѣ
494,<wb>ѣже
39,<wb>і
2460 116,<wb>сѣдъ|ші
90,<wb>прі
2362,<wb>ногоу
7050,<wb>ісвоу
379 177,<wb>слъіша|аше
442,<wb>слово
135,<wb>его
39,<wb>і
2122,<wb>марта
2101 87 177,<wb>млъ|вѣ|аше
47,<wb>о
1613,<wb>мнозѣ
6933,<wb>слоужьбѣ
305 4868,<wb>ста|вші
71,<wb>же
141,<wb>рече
300,<wb>гі
62,<wb>не
5837,<wb>родіші
178,<wb>лі
99,<wb>ѣко
3630,<wb>сестра
556,<wb>моѣ
1986,<wb>едінѫ
226,<wb>мѧ
646,<wb>оставі
7030,<wb>слоужіті
323,<wb>ті
1900,<wb>рьці
222,<wb>оубо
561,<wb>еі
105,<wb>да
195,<wb>мі
7063,<wb>поможетъ
328 18,<wb>отъвѣшта|в
331,<wb>ісъ
39,<wb>і
141,<wb>рече
561,<wb>еі
1510 4823,<wb>мар|ѳо
1510 4823,<wb>мар|ѳо
360 4430,<wb>пе|чеші
70,<wb>сѧ
39,<wb>і
1628 111 116,<wb>мль|ві|ші
47,<wb>о
1613,<wb>мнозѣ
814,<wb>едіно
71,<wb>же
161,<wb>естъ
68,<wb>на
6438,<wb>потрѣбѫ
1160,<wb>маріѣ
112,<wb>бо
239 3207,<wb>бла|гѫѭ
3692,<wb>чѧсть
1834,<wb>ізбъра
494,<wb>ѣже
62,<wb>не
4262 206 32,<wb>отъі|ме|т
70,<wb>сѧ
84,<wb>отъ
2861,<wb>неѧ
523,<wb>кто
84,<wb>отъ
544,<wb>васъ
584,<wb>іматъ
1096,<wb>дроуга
39,<wb>і
452 32,<wb>іде|т
468,<wb>кь
398,<wb>немоу
1550,<wb>полоу
1516,<wb>ношті
39,<wb>і
1214,<wb>речетъ
144,<wb>емоу
4848,<wb>дроуже
56,<wb>въ
6571,<wb>заімъ
1844,<wb>даждъ
195,<wb>мі
1188,<wb>трі
2287,<wb>хлѣбъі
452,<wb>іде
4634,<wb>дроугь
195,<wb>мі
416,<wb>пріде
190,<wb>сь
895,<wb>пѫті
468,<wb>кь
588,<wb>мнѣ
39,<wb>і
62,<wb>не
1126,<wb>імамъ
295,<wb>еже
3969,<wb>положѫ
396,<wb>прѣдъ
528,<wb>німъ
39,<wb>і
157,<wb>тъ
3317,<wb>ізь
5058 3 270,<wb>ѫтрь|ѭ|доу
579,<wb>отъвѣштавъ
141 32,<wb>рече|т
62,<wb>не
426,<wb>творі
195,<wb>мі
6556,<wb>троуда
1019,<wb>оуже
4270 95,<wb>двъ|рі
7769,<wb>затворенъі
419,<wb>сѫтъ
39,<wb>і
1907,<wb>дѣті
1156,<wb>моѧ
75,<wb>съ
2117,<wb>мъноѭ
68,<wb>на
6769,<wb>ложі
419,<wb>сѫтъ
62,<wb>не
1179,<wb>могѫ
7454,<wb>въстаті
39,<wb>і
1288,<wb>даті
356,<wb>тебѣ
284,<wb>глѭ
260,<wb>вамъ
201,<wb>аште
39,<wb>і
62,<wb>не
105 69,<wb>да|ст
144,<wb>емоу
421 18,<wb>въста|в
1070,<wb>зане
4634,<wb>дроугь
135,<wb>его
161,<wb>естъ
208,<wb>нъ
171,<wb>за
417 12 5944,<wb>без|о|чьство
135,<wb>его
1343,<wb>въставъ
520,<wb>дастъ
144,<wb>емоу
808,<wb>еліко
5192,<wb>трѣбоуетъ
39,<wb>і
695,<wb>азь
260,<wb>вамъ
284,<wb>глѭ
2677,<wb>просіте
39,<wb>і
520,<wb>дастъ
70,<wb>сѧ
260,<wb>вамъ
7916,<wb>іштѣте
39,<wb>і
3497,<wb>обрѧштете
3140 1771,<wb>тлъ|цѣте
39,<wb>і
7377,<wb>отвръзетъ
70,<wb>сѧ
260,<wb>вамъ
264 13,<wb>вьсѣ|к
112,<wb>бо
1988 16,<wb>просѧ|і
1957,<wb>пріемлетъ
39,<wb>і
6326,<wb>іштѧі
2177 255,<wb>обрѣта|етъ
39,<wb>і
7913 2067,<wb>тлъкѫ|штоумоу
6691 43,<wb>отвръзѫ|тъ
70,<wb>сѧ
7137 58,<wb>котора|го
71,<wb>же
221,<wb>от
2668,<wb>вась
73,<wb>оу
633,<wb>оца
423,<wb>снъ
424,<wb>своі
5372 1418,<wb>въспро|сітъ
2282,<wb>хлѣба
736,<wb>еда
1497,<wb>камень
4072,<wb>подастъ
144,<wb>емоу
178,<wb>лі
4550,<wb>ръібъі
736,<wb>еда
56,<wb>въ
4550,<wb>ръібъі
707,<wb>мѣсто
7043,<wb>зміѭ
4072,<wb>подастъ
144,<wb>емоу
518,<wb>ілі
201,<wb>аште
7912,<wb>просітъ
5593 218,<wb>аі|ца
736,<wb>еда
4072,<wb>подастъ
144,<wb>емоу
961 7409 3,<wb>ско|рпі|ѭ
201,<wb>аште
222,<wb>оубо
237,<wb>въі
6062,<wb>зьлі
2021,<wb>сѫште
7911,<wb>оумѣете
105 33 60,<wb>да|ѣ|ні
78,<wb>ѣ
2206 33,<wb>блага|ѣ
6325,<wb>даѣті
5095,<wb>чѧдомъ
3883,<wb>вашімъ
184 1823,<wb>ко|лмі
580,<wb>паче
2088,<wb>оцъ
1870,<wb>вашъ
1525 139,<wb>нбс|нъі
520,<wb>дастъ
768,<wb>дхъ
239 1055,<wb>бла|гь
1988 769,<wb>просѧ|штіімъ
73,<wb>оу
513,<wb>него
351,<wb>бъістъ
71,<wb>же
317,<wb>егда
892,<wb>глааше
747,<wb>сіі
2274 1055 116,<wb>въздві|гь|ші
4403,<wb>етера
847,<wb>жена
3452,<wb>глас
84,<wb>отъ
1674,<wb>народа
141,<wb>рече
144,<wb>емоу
554 85,<wb>блаже|но
4486,<wb>чрѣво
298 272 3754,<wb>но|шь|шее
374,<wb>тѧ
39,<wb>і
448 349 218,<wb>со|сь|ца
494,<wb>ѣже
313,<wb>есі
190 170 137,<wb>сь|са|лъ
366,<wb>онъ
71,<wb>же
141,<wb>рече
1894,<wb>тѣмъ
71,<wb>же
222,<wb>оубо
1888,<wb>блажені
1296 642,<wb>слъішѧ|штіі
442,<wb>слово
1165,<wb>бжіе
39,<wb>і
3938 642,<wb>хранѧ|штіі
50,<wb>е
2095,<wb>нічтоже
67 7888,<wb>по|кръвено
161,<wb>естъ
295,<wb>еже
62,<wb>не
3195 255,<wb>отъкръі|етъ
70,<wb>сѧ
39,<wb>і
5227,<wb>таіно
295,<wb>еже
62,<wb>не
5115,<wb>разоумѣетъ
70,<wb>сѧ
1070,<wb>зане
808,<wb>еліко
56,<wb>въ
3712,<wb>тьмѣ
2413,<wb>рѣсте
56,<wb>въ
4387,<wb>свѣтѣ
4034,<wb>оуслъішітъ
70,<wb>сѧ
39,<wb>і
295,<wb>еже
56,<wb>въ
2554,<wb>оухо
5899,<wb>гласте
56,<wb>въ
878 74 1157,<wb>таі|лі|штіхъ
2582,<wb>проповѣ
70,<wb>сѧ
68,<wb>на
6980,<wb>кровѣхъ
284,<wb>глѭ
71,<wb>же
260,<wb>вамъ
343 2439,<wb>дроу|гомъ
1973,<wb>моімъ
62,<wb>не
2999,<wb>оубоіте
70,<wb>сѧ
84,<wb>отъ
6716 1632,<wb>оубіва|ѭштііхъ
817,<wb>тѣло
39,<wb>і
67,<wb>по
2318,<wb>томъ
62,<wb>не
1179 824,<wb>могѫ|штемъ
178 432,<wb>лі|ха
1316,<wb>чесо
1064,<wb>сътворіті
3055 834,<wb>съка|жѫ
71,<wb>же
260,<wb>вамъ
1483,<wb>кого
2999,<wb>оубоіте
70,<wb>сѧ
2999,<wb>оубоіте
70,<wb>сѧ
5171,<wb>імѫштааго
1517,<wb>власть
67,<wb>по
3776 276,<wb>оубіе|ніі
7885,<wb>въврѣшті
56,<wb>въ
5260,<wb>геонѫ
561,<wb>еі
284,<wb>глѭ
260,<wb>вамъ
485,<wb>того
2999,<wb>оубоіте
70,<wb>сѧ
62,<wb>не
1313,<wb>пѧть
178,<wb>лі
2380 363,<wb>пті|ць
140 846,<wb>вѣ|нітъ
70,<wb>сѧ
2268 1140 143,<wb>пѣнѧ|зе|ма
3479,<wb>дьвѣма
39,<wb>і
122,<wb>ні
2280,<wb>едіна
84,<wb>отъ
562,<wb>ніхъ
595,<wb>нѣстъ
171 315 6378,<wb>за|бъ|вена
396,<wb>прѣдъ
4047,<wb>бмъ
208,<wb>нъ
39,<wb>і
7300,<wb>власі
1800,<wb>главъі
5512,<wb>вашеѧ
1355,<wb>въсі
39 6852 60,<wb>і|чьте|ні
419,<wb>сѫтъ
62,<wb>не
3139,<wb>боіте
70,<wb>сѧ
222,<wb>оубо
4692,<wb>мнозѣхъ
2380 363,<wb>пті|ць
762 2389 116,<wb>соу|лѣі|ші
939,<wb>есте
237,<wb>въі
284,<wb>глѭ
71,<wb>же
260,<wb>вамъ
572 569,<wb>всѣ|кь
227,<wb>іже
4013,<wb>ісповѣстъ
226,<wb>мѧ
396,<wb>прѣдъ
4129,<wb>члкъі
922 285,<wb>ісповѣ|мъі
39,<wb>і
396,<wb>прѣдъ
4753,<wb>англъі
776,<wb>бжіі
77,<wb>а
1898 253,<wb>отъвръ|гъі
70,<wb>сѧ
364,<wb>мене
396,<wb>прѣдъ
4129,<wb>члкъі
221 852 98,<wb>от|връже|нъ
362,<wb>бѫдетъ
396,<wb>прѣдъ
4753,<wb>англъі
776,<wb>бжіі
39,<wb>і
264 569,<wb>вьсѣ|кь
227,<wb>іже
141,<wb>рече
157,<wb>тъ
442,<wb>слово
68,<wb>на
732,<wb>сна
345 8 1366,<wb>чл|ч|скааго
2873,<wb>отъпоустітъ
70,<wb>сѧ
144,<wb>емоу
77,<wb>а
227,<wb>іже
4709 6310,<wb>власвімі|саетъ
68,<wb>на
768,<wb>дхъ
862,<wb>стъіі
62,<wb>не
377 463 1956,<wb>оть|поу|стітъ
70,<wb>сѧ
144,<wb>емоу
317,<wb>егда
71,<wb>же
1114 491,<wb>пріве|дѫтъ
237,<wb>въі
68,<wb>на
4083 145,<wb>сьньмі|шта
39,<wb>і
4411,<wb>власті
39,<wb>і
6021 229 793,<wb>влд|чь|ства
62,<wb>не
5560,<wb>пьцѣте
70,<wb>сѧ
376,<wb>како
178,<wb>лі
526,<wb>чьто
2503 54,<wb>помъіслі|те
178,<wb>лі
526,<wb>чьто
5269,<wb>речете
490,<wb>стъі
112,<wb>бо
768,<wb>дхъ
5748,<wb>наоучітъ
237,<wb>въі
81,<wb>вь
157,<wb>тъ
567 349,<wb>ча|сь
494,<wb>ѣже
2542,<wb>подобаетъ
1375,<wb>глаті
494,<wb>ѣже
2542,<wb>подобаетъ
1375,<wb>глаті
141,<wb>рече
459,<wb>гь
5378 784,<wb>пріт|чѫ
1732,<wb>сіѭ
3593,<wb>члкоу
5844,<wb>етероу
771 280 320,<wb>оуго|бь|зі
70,<wb>сѧ
122 103,<wb>ні|ва
39,<wb>і
6179 66 177,<wb>мъіш|ла|аше
81,<wb>вь
436,<wb>себѣ
441,<wb>глѧ
526,<wb>чьто
190 207 1013,<wb>сь|тво|рѭ
99,<wb>ѣко
62,<wb>не
1126,<wb>імамъ
4118,<wb>кьде
190 1917 52,<wb>сь|бьра|ті
1243,<wb>плодъ
1216,<wb>моіхъ
141,<wb>рече
71,<wb>же
121,<wb>се
2543,<wb>сътворѭ
1659 1013,<wb>разо|рѭ
5924,<wb>жітьніцѫ
813,<wb>моѭ
39,<wb>і
1591 434,<wb>боль|шѫ
7203,<wb>съзіждѫ
39,<wb>і
2632 316,<wb>събе|рѫ
390,<wb>тоу
913,<wb>въсѣ
236 94,<wb>жі|та
556,<wb>моѣ
39,<wb>і
3866,<wb>доброе
346,<wb>мое
39,<wb>і
1189,<wb>рекѫ
3861,<wb>дші
1859,<wb>моеі
2241,<wb>дше
1287,<wb>імаші
693,<wb>много
640,<wb>добро
1533 166,<wb>лежѧ|шті
68,<wb>на
1791,<wb>лѣта
1022,<wb>многа
2748 7733,<wb>почі|ваі
78 716,<wb>ѣ|ждъ
303 16,<wb>пі|і
39,<wb>і
5751,<wb>веселі
70,<wb>сѧ
141,<wb>рече
71,<wb>же
144,<wb>емоу
443,<wb>бъ
3561 126,<wb>безоумь|не
56,<wb>въ
1732,<wb>сіѭ
1524,<wb>ношть
911,<wb>дшѫ
1071,<wb>твоѭ
5290 304,<wb>істѧза|ѭтъ
221,<wb>от
614,<wb>тебе
77,<wb>а
494,<wb>ѣже
1328,<wb>оуготова
1780,<wb>комоу
969,<wb>бѫдѫтъ
311,<wb>тако
264 569,<wb>вьсѣ|кь
5653 509,<wb>сьбіра|ѧі
56,<wb>въ
436,<wb>себѣ
77,<wb>а
62,<wb>не
81,<wb>вь
443,<wb>бъ
6844 509,<wb>богатѣ|ѧі
121,<wb>се
441,<wb>глѧ
2802,<wb>възгласі
2865,<wb>імѣѧі
1548,<wb>оуші
1997,<wb>слъішаті
105,<wb>да
2592,<wb>слъішітъ
62,<wb>не
2496,<wb>боі
70,<wb>сѧ
998 11,<wb>мало|е
2883,<wb>стадо
99,<wb>ѣко
5521 74,<wb>благоізво|лі
749,<wb>оць
1870,<wb>вашъ
1288,<wb>даті
260,<wb>вамъ
3366,<wb>црствіе
1541 440,<wb>прода|діте
4127,<wb>імѣніѣ
1615,<wb>ваша
39,<wb>і
2079,<wb>дадіте
5564,<wb>мілостъінѭ
2612,<wb>сътворіте
436,<wb>себѣ
4594 2885,<wb>вълага|лішта
62,<wb>не
4029 737,<wb>тьлѣ|ѭшта
190 13 1367 91,<wb>сь|к|рові|ште
62,<wb>не
7411 393 11,<wb>оскѫдѣ|ѭште|е
68,<wb>на
3402,<wb>нбсхъ
773,<wb>ідеже
3853,<wb>тать
62,<wb>не
3624 255,<wb>прібліжа|етъ
70,<wb>сѧ
122,<wb>ні
4029,<wb>тьлѣ
7922,<wb>тьлітъ
773,<wb>ідеже
112,<wb>бо
50,<wb>е
190 13 1367 91,<wb>сь|к|рові|ште
709,<wb>ваше
390,<wb>тоу
39,<wb>і
2780,<wb>срдца
1615,<wb>ваша
969,<wb>бѫдѫтъ
1387,<wb>бѫдѫ
1373 1406,<wb>чрѣ|сла
1615,<wb>ваша
4007 102,<wb>прѣпоѣса|на
39,<wb>і
2363 541,<wb>свѣтіль|ніці
1735 91,<wb>горѫ|ште
39,<wb>і
237,<wb>въі
1645 139,<wb>подобь|нъі
4952,<wb>члкмъ
567 1755,<wb>ча|ѭштемъ
480,<wb>га
524,<wb>своего
2170,<wb>когда
4319,<wb>възвратітъ
70,<wb>сѧ
84,<wb>отъ
355 569,<wb>бра|кь
105,<wb>да
6441,<wb>прішедъшоу
39,<wb>і
3140 3348 1033,<wb>тлъ|кнѫ|въшоу
600,<wb>абіе
6691 43,<wb>отвръзѫ|тъ
144,<wb>емоу
39,<wb>і
1888,<wb>блажені
2508,<wb>рабі
323,<wb>ті
858,<wb>ѧже
459,<wb>гь
2120,<wb>обрѧштетъ
1351 275 361,<wb>бь|дѧ|штѧ
681,<wb>амін
284,<wb>глѭ
260,<wb>вамъ
99,<wb>ѣко
67 802 43,<wb>по|ѣше|тъ
70,<wb>сѧ
39,<wb>і
2810 514,<wb>поса|дітъ
225,<wb>ѧ
39,<wb>і
195 2581,<wb>мі|нѫвъ
587 1308,<wb>послоу|жітъ
210,<wb>імъ
1626,<wb>любо
56,<wb>въ
1974 316 3,<wb>въто|рѫ|ѭ
1626,<wb>любо
56,<wb>въ
721 1227,<wb>тре|тіѭ
5070,<wb>стражѫ
786,<wb>прідетъ
39,<wb>і
2120,<wb>обрѧштетъ
311,<wb>тако
1888,<wb>блажені
2508,<wb>рабі
323,<wb>ті
121,<wb>се
71,<wb>же
3989,<wb>вѣдіте
99,<wb>ѣко
201,<wb>аште
453,<wb>бі
791,<wb>вѣдѣ
2502,<wb>гнъ
6823,<wb>храмінъі
56,<wb>въ
150,<wb>къ
567 23,<wb>ча|с
3853,<wb>тать
416 32,<wb>пріде|т
1351 6020,<wb>бь|дѣлъ
222,<wb>оубо
453,<wb>бі
39,<wb>і
62,<wb>не
453,<wb>бі
1598,<wb>далъ
7633 339 52,<wb>подь|ръі|ті
756,<wb>домоу
524,<wb>своего
39,<wb>і
237,<wb>въі
2679,<wb>бѫдѣте
5829,<wb>готові
99,<wb>ѣко
56,<wb>въ
1602,<wb>ньже
567 23,<wb>ча|с
62,<wb>не
402 1508,<wb>мъ|ніте
423,<wb>снъ
2314,<wb>члчь
786,<wb>прідетъ
165,<wb>бѣ
1408,<wb>оучѧ
331,<wb>ісъ
68,<wb>на
814 14,<wb>едіно|м
84,<wb>отъ
6365 383,<wb>соньмі|шть
56,<wb>въ
3655,<wb>сѫботъі
39,<wb>і
121,<wb>се
847,<wb>жена
768,<wb>дхъ
3456,<wb>імѫшті
1260 2147,<wb>недѫ|женъ
100 410,<wb>з|іте
6064,<wb>лѣт
39,<wb>і
165,<wb>бѣ
40 293 134,<wb>с|лѫ|ка
62,<wb>не
1179 166,<wb>могѫ|шті
321 5767,<wb>въс|клоніті
70,<wb>сѧ
84,<wb>отъ
2052 188,<wb>нѫ|дь
2855 180,<wb>оузьрѣ|вь
71,<wb>же
483,<wb>ѭ
331,<wb>ісъ
5420,<wb>прігласі
39,<wb>і
141,<wb>рече
561,<wb>еі
3124,<wb>жено
47 463 6646,<wb>о|поу|штена
313,<wb>есі
84,<wb>отъ
1260 212,<wb>недѫ|га
697,<wb>твоего
39,<wb>і
262 418,<wb>вьз|ложі
68,<wb>на
2732,<wb>нѭ
825,<wb>рѫцѣ
39,<wb>і
600,<wb>абіе
164 69 1557,<wb>про|ст|рѣтъ
70,<wb>сѧ
39,<wb>і
5854 177,<wb>славлѣ|аше
422,<wb>ба
328 18,<wb>отъвѣшта|в
71,<wb>же
762 1575 1055,<wb>соу|наго|гь
513 270 24,<wb>него|доу|ѧ
1070,<wb>зане
56,<wb>въ
2591,<wb>сѫботѫ
2693,<wb>іцѣлі
483,<wb>ѭ
331,<wb>ісъ
892,<wb>глааше
2168,<wb>народоу
3587,<wb>шесть
2063,<wb>дьніі
715,<wb>есть
56,<wb>въ
5129,<wb>нѧже
1862,<wb>достоітъ
5777,<wb>дѣлаті
56,<wb>въ
288,<wb>тъі
222,<wb>оубо
2601 91,<wb>пріходѧ|ште
370 1476,<wb>цѣ|літе
70,<wb>сѧ
77,<wb>а
62,<wb>не
56,<wb>въ
869,<wb>день
7806,<wb>сѫботънъі
579,<wb>отъвѣштавъ
71,<wb>же
144,<wb>емоу
459,<wb>гь
141,<wb>рече
5563,<wb>ліцемѣрі
184 1630,<wb>ко|ждо
544,<wb>васъ
81,<wb>вь
2591,<wb>сѫботѫ
62,<wb>не
2354 3648,<wb>отрѣ|шаетъ
178,<wb>лі
240 228,<wb>во|лоу
524,<wb>своего
178,<wb>лі
4268 66,<wb>ось|ла
84,<wb>отъ
3596 1203,<wb>ѣс|ліі
39,<wb>і
220 231,<wb>ве|детъ
1546 33 32,<wb>напа|ѣ|т
1732,<wb>сіѭ
71,<wb>же
4585 125,<wb>дьште|рь
1310 5061,<wb>авраа|млѭ
5551,<wb>сѫштѫ
1447,<wb>ѭже
1421,<wb>съвѧза
3482,<wb>сотона
121,<wb>се
464 2849,<wb>ос|мое
68,<wb>на
811,<wb>десѧте
2456,<wb>лѣто
62,<wb>не
2416 177,<wb>достоѣ|аше
178,<wb>лі
6614,<wb>раздрѣшіті
50,<wb>е
225,<wb>ѧ
84,<wb>отъ
2890,<wb>ѫзъі
121,<wb>се
225,<wb>ѧ
56,<wb>въ
869,<wb>день
7806,<wb>сѫботънъі
39,<wb>і
159,<wb>сі
189 324,<wb>гл|штоу
144,<wb>емоу
490 2721,<wb>стъі|дѣахѫ
70,<wb>сѧ
481,<wb>вьсі
7039 642,<wb>протівлѣ|штіі
70,<wb>сѧ
144,<wb>емоу
39,<wb>і
1355,<wb>въсі
2190,<wb>людіе
833 2587,<wb>радо|ваахѫ
70,<wb>сѧ
47,<wb>о
4778,<wb>въсѣхъ
2695 1035,<wb>славь|нъіхъ
861 1632,<wb>бъіва|ѭштііхъ
84,<wb>отъ
513,<wb>него
3976,<wb>подобьно
161,<wb>естъ
774 372,<wb>црь|ство
5052 465,<wb>нбсъ|ное
100 125 274,<wb>з|рь|ноу
7859 352 274,<wb>гороу|шъ|ноу
295,<wb>еже
1729,<wb>пріемъ
5772,<wb>члкь
1887,<wb>въвръже
56,<wb>въ
1249 115 1044 34,<wb>връ|то|гра|д
424,<wb>своі
39,<wb>і
56 815 242,<wb>въ|стра|сте
39,<wb>і
798,<wb>бъіс
56,<wb>въ
1488,<wb>дрѣво
5567,<wb>веліе
39,<wb>і
4300,<wb>птіцѧ
1525 471,<wb>нбс|нъіѧ
960 2427,<wb>въсе|лішѧ
70,<wb>сѧ
56,<wb>въ
140 4428,<wb>вѣ|тві
135,<wb>его
39,<wb>і
404,<wb>пакъі
141,<wb>рече
1780,<wb>комоу
5552,<wb>оуподоблѭ
3366,<wb>црствіе
1165,<wb>бжіе
3976,<wb>подобьно
161,<wb>естъ
72,<wb>к
152 1082,<wb>ва|соу
227,<wb>іже
1729 116,<wb>пріемъ|ші
847,<wb>жена
1841,<wb>съкръі
56,<wb>въ
4959,<wb>мѫцѣ
1188,<wb>трі
301 43,<wb>са|тъ
3180,<wb>доідеже
321 148 623,<wb>въс|къі|сѫ
264,<wb>вьсѣ
39,<wb>і
4881,<wb>прохождааше
5212,<wb>скозѣ
3382,<wb>градъі
39,<wb>і
1355,<wb>въсі
1408,<wb>оучѧ
39,<wb>і
1340 830,<wb>ше|ствіе
803,<wb>творѧ
56,<wb>въ
3647 1095,<wb>ер|лмъ
141,<wb>рече
71,<wb>же
144,<wb>емоу
1432,<wb>етеръ
300,<wb>гі
201,<wb>аште
998,<wb>мало
161,<wb>естъ
637 170 1632,<wb>сп|са|ѭштііхъ
70,<wb>сѧ
366,<wb>онъ
71,<wb>же
141,<wb>рече
468,<wb>кь
398,<wb>немоу
3620 410,<wb>подвіза|іте
70,<wb>сѧ
2756,<wb>въніті
5212,<wb>скозѣ
330 349 886,<wb>тѣ|сь|наѣ
1947,<wb>врата
99,<wb>ѣко
899,<wb>мнозі
284,<wb>глѭ
260,<wb>вамъ
1648 2562,<wb>възі|штѫтъ
2756,<wb>въніті
39,<wb>і
62,<wb>не
1117 2898,<wb>възмо|гѫтъ
84,<wb>отъ
62 74,<wb>не|лі
222,<wb>оубо
4171,<wb>въстанетъ
5641 98,<wb>гд|нъ
756,<wb>домоу
39,<wb>і
2997 43,<wb>затворі|тъ
2002,<wb>двьрі
39,<wb>і
2445 3759,<wb>начь|нете
6524,<wb>вънѣ
6727,<wb>стоѣті
39,<wb>і
64 104 166,<wb>т|лѣ|шті
56,<wb>въ
2002,<wb>двьрі
1440,<wb>глште
300,<wb>гі
300,<wb>гі
1150 320,<wb>отвръ|зі
489,<wb>намъ
39,<wb>і
4267 183 94 18,<wb>отъвѣ|шт|та|в
141 2792,<wb>рече|четъ
2532,<wb>вам
62,<wb>не
1726,<wb>вѣмъ
544,<wb>васъ
84,<wb>отъ
3794,<wb>кѫдоу
939,<wb>есте
916,<wb>тогда
2445 3759,<wb>начь|нете
1375,<wb>глаті
78 454,<wb>ѣ|хомъ
396,<wb>прѣдъ
1238,<wb>тобоѭ
39,<wb>і
303 454,<wb>пі|хомъ
39,<wb>і
68,<wb>на
3632 778 9,<wb>распѫ|тіі|х
2119,<wb>нашіхъ
571 36 139,<wb>оучі|л|нъі
313,<wb>есі
39,<wb>і
141,<wb>рече
157,<wb>тъ
284,<wb>глѭ
260,<wb>вамъ
62,<wb>не
1726,<wb>вѣмъ
4611,<wb>вас
221,<wb>от
1413 114,<wb>кѫ|дѣ
939,<wb>есте
3111 54,<wb>отъстѫпі|те
84,<wb>отъ
364,<wb>мене
1355,<wb>въсі
2611,<wb>дѣлателе
3312 114,<wb>неправъ|дѣ
390,<wb>тоу
362,<wb>бѫдетъ
3526,<wb>плачь
39,<wb>і
7297 43,<wb>скрьжь|тъ
3876,<wb>зѫбомъ
317,<wb>егда
1893,<wb>оузьріте
4676,<wb>авраама
39,<wb>і
5994 134,<wb>ісаа|ка
2829,<wb>іѣкова
39,<wb>і
3337,<wb>въсѧ
1885 148,<wb>прр|къі
56,<wb>въ
7260,<wb>црствіі
776,<wb>бжіі
237,<wb>въі
71,<wb>же
1495 60 285,<wb>ізго|ні|мъі
2420,<wb>вонъ
39,<wb>і
955 32,<wb>прідѫ|т
84,<wb>отъ
3202 569,<wb>въсто|кь
39,<wb>і
3834,<wb>западъ
39,<wb>і
6789 61,<wb>сѣве|ра
39,<wb>і
592 212,<wb>ю|га
39,<wb>і
160 302 540 32,<wb>въз|лѧ|гѫ|т
56,<wb>въ
7260,<wb>црствіі
776,<wb>бжіі
1205,<wb>вьніде
331,<wb>ісъ
81,<wb>вь
729,<wb>домъ
4403,<wb>етера
3931 230,<wb>кьнѧ|за
1325 384,<wb>фарісеі|ска
56,<wb>въ
3292,<wb>сѫботъ
3134,<wb>ѣстъ
2282,<wb>хлѣба
39,<wb>і
323,<wb>ті
812,<wb>бѣахѫ
7985 393,<wb>назіра|ѭште
39,<wb>і
39,<wb>і
121,<wb>се
5772,<wb>члкь
1432,<wb>етеръ
1492,<wb>імъі
3004 401,<wb>водъ|нъіі
2393 188,<wb>трѫ|дь
39,<wb>і
165,<wb>бѣ
1669,<wb>прѣдь
730,<wb>німь
39,<wb>і
5264,<wb>отвѣштавъ
331,<wb>ісъ
141,<wb>рече
468,<wb>кь
2102 1426,<wb>законь|нікомъ
39,<wb>і
1184 1321,<wb>фарісе|омъ
441,<wb>глѧ
201,<wb>аште
1862,<wb>достоітъ
56,<wb>въ
3292,<wb>сѫботъ
1004 1527,<wb>іцѣ|літі
39,<wb>і
609,<wb>оні
71,<wb>же
3926 6141,<wb>оумлъ|чашѧ
39,<wb>і
6220,<wb>пріемъі
39,<wb>і
1004 153,<wb>іцѣ|ль
39,<wb>і
1127,<wb>отъпоусті
39,<wb>і
39,<wb>і
328 18,<wb>отъвѣшта|в
141,<wb>рече
7137 213,<wb>котора|аго
544,<wb>васъ
47 199 137,<wb>о|се|лъ
178,<wb>лі
240 137,<wb>во|лъ
56,<wb>въ
2966 1959,<wb>стоуде|нець
7872,<wb>въпадетъ
39,<wb>і
600,<wb>абіе
62,<wb>не
6379 6181,<wb>істръ|гнетъ
178,<wb>лі
135,<wb>его
56,<wb>въ
869,<wb>день
1054 133 401,<wb>сѫбо|ть|нъіі
39,<wb>і
62,<wb>не
5300,<wb>възмогѫ
7783,<wb>отъвѣштаті
144,<wb>емоу
130,<wb>гла
71,<wb>же
468,<wb>кь
4071 897,<wb>зьва|нъіімъ
4957 784,<wb>пріть|чѫ
1470 6019,<wb>обь|дръжѧ
376,<wb>како
396 7357,<wb>прѣдъ|сѣданіѣ
168 1633 216,<wb>із|біра|ахѫ
441,<wb>глѧ
468,<wb>кь
528,<wb>німъ
317,<wb>егда
4071 98,<wb>зьва|нъ
2062,<wb>бѫдеші
1570 55,<wb>къі|мъ
68,<wb>на
355 569,<wb>бра|кь
62,<wb>не
6865,<wb>сѧді
68,<wb>на
1669 276 14,<wb>прѣдь|ніі|м
1122,<wb>мѣстѣ
736,<wb>еда
523,<wb>кто
5016 968,<wb>честь|нѣі
614,<wb>тебе
362,<wb>бѫдетъ
4071 668,<wb>зьва|нъііхъ
39,<wb>і
872,<wb>прішедъ
4071 219,<wb>зьва|въі
374,<wb>тѧ
39,<wb>і
3254,<wb>оного
1214,<wb>речетъ
323,<wb>ті
1844,<wb>даждъ
1135,<wb>семоу
707,<wb>мѣсто
39,<wb>і
916,<wb>тогда
2445 2874,<wb>начь|неші
75,<wb>съ
1028 868,<wb>стоу|домъ
1257 4008,<wb>послѣдь|нее
707,<wb>мѣсто
5458,<wb>дръжаті
208,<wb>нъ
317,<wb>егда
4071 98,<wb>зьва|нъ
2062,<wb>бѫдеші
1340 34,<wb>ше|д
6865,<wb>сѧді
68,<wb>на
1257 1011,<wb>послѣдь|ніімъ
1122,<wb>мѣстѣ
105,<wb>да
317,<wb>егда
786,<wb>прідетъ
4071 648,<wb>зьва|въіі
374,<wb>тѧ
39,<wb>і
1214,<wb>речетъ
323,<wb>ті
4848,<wb>дроуже
67 281 89,<wb>по|сѧ|ді
3340,<wb>въіше
916,<wb>тогда
723,<wb>бѫде
323,<wb>ті
974,<wb>слава
396,<wb>прѣдъ
264 14,<wb>вьсѣ|м
39,<wb>і
1041 6161,<wb>сѣдѧ|штіімі
75,<wb>съ
1238,<wb>тобоѭ
99,<wb>ѣко
264 569,<wb>вьсѣ|кь
6100 16,<wb>възносѧ|і
70,<wb>сѧ
2155 1631,<wb>сьмѣ|рітъ
70,<wb>сѧ
39,<wb>і
2155 5646,<wb>сьмѣ|рѣѧі
70,<wb>сѧ
645,<wb>самъ
6367 32,<wb>възнесе|т
70,<wb>сѧ
1300,<wb>члкъ
1432,<wb>етеръ
2579,<wb>сьтворі
6510,<wb>вечерѭ
367 3,<wb>велі|ѭ
39,<wb>і
4071,<wb>зьва
2899 253,<wb>мьно|гъі
39,<wb>і
3319,<wb>посьла
1322,<wb>раба
524,<wb>своего
56,<wb>въ
4287,<wb>годъ
7342,<wb>вечерѧ
1775,<wb>решті
4071 897,<wb>зьва|нъіімъ
505 382,<wb>грѧ|дѣте
99,<wb>ѣко
1019,<wb>оуже
1328 102,<wb>оуготова|на
419,<wb>сѫтъ
264,<wb>вьсѣ
39,<wb>і
2911,<wb>начѧшѧ
1138 433,<wb>въкоу|пь
3121 218 52,<wb>отърі|ца|ті
70,<wb>сѧ
1355,<wb>въсі
4922,<wb>пръвъіі
141,<wb>рече
144,<wb>емоу
2610,<wb>село
1361 193,<wb>коуп|іхъ
39,<wb>і
1126,<wb>імамъ
2052 622,<wb>нѫ|ждѫ
3977,<wb>ізіті
39,<wb>і
1078,<wb>відѣті
50,<wb>е
3166,<wb>молѭ
374,<wb>тѧ
414 16,<wb>імѣ|і
226,<wb>мѧ
806 229 102,<wb>отро|чь|на
39,<wb>і
901,<wb>дроугъі
141,<wb>рече
144,<wb>емоу
202 5063 1055,<wb>сѫ|прѫ|гь
240 93 92 668,<wb>во|ло|въ|нъііхъ
1361 193,<wb>коуп|іхъ
1313,<wb>пѧть
39,<wb>і
1142,<wb>грѧдѫ
1053 1418,<wb>іскоу|сітъ
299,<wb>іхъ
3166,<wb>молѭ
374,<wb>тѧ
414 16,<wb>імѣ|і
226,<wb>мѧ
84 117 8 102,<wb>отъ|ро|ч|на
39,<wb>і
901,<wb>дроугъі
141,<wb>рече
1433,<wb>женѫ
4084 76,<wb>поѧ|хъ
39,<wb>і
387,<wb>сего
368,<wb>раді
62,<wb>не
1179,<wb>могѫ
1382,<wb>пріті
39,<wb>і
872,<wb>прішедъ
4820,<wb>рабь
617,<wb>ть
1721,<wb>повѣда
65 23 37 89 274,<wb>г|с|п|ді|ноу
1397,<wb>своемоу
747,<wb>сіі
916,<wb>тогда
4858 18,<wb>разгнѣва|в
70,<wb>сѧ
2502,<wb>гнъ
756,<wb>домоу
141,<wb>рече
2494,<wb>рабоу
1397,<wb>своемоу
3117,<wb>ізіді
2377,<wb>скоро
68,<wb>на
3632 1377,<wb>распѫ|тіѣ
39,<wb>і
2647 28 139,<wb>сть|г|нъі
926,<wb>града
39,<wb>і
4724,<wb>ніштѧѧ
39,<wb>і
165 188 471,<wb>бѣ|дь|нъіѧ
39,<wb>і
3486 4313,<wb>хро|мъіѧ
39,<wb>і
4781 24,<wb>слѣпъі|ѧ
5931 89,<wb>въве|ді
2323,<wb>сѣмо
39,<wb>і
141,<wb>рече
4820,<wb>рабь
5641 274,<wb>гд|ноу
1397,<wb>своемоу
798,<wb>бъіс
295,<wb>еже
449,<wb>повелѣ
39,<wb>і
836,<wb>еште
707,<wb>мѣсто
161,<wb>естъ
141,<wb>рече
71,<wb>же
2502,<wb>гнъ
2494,<wb>рабоу
3117,<wb>ізіді
68,<wb>на
895,<wb>пѫті
39,<wb>і
1236 293 253,<wb>ха|лѫ|гъі
39,<wb>і
7048,<wb>оубѣді
2756,<wb>въніті
105,<wb>да
4401 7350,<wb>наплъ|ніть
70,<wb>сѧ
729,<wb>домъ
329,<wb>моі
284,<wb>глѭ
112,<wb>бо
260,<wb>вамъ
99,<wb>ѣко
122,<wb>ні
438,<wb>едінъ
71,<wb>же
1186,<wb>мѫжь
1383,<wb>тѣхъ
4071 668,<wb>зьва|нъііхъ
62,<wb>не
1138 1418,<wb>въкоу|сітъ
1239,<wb>моеѧ
7342,<wb>вечерѧ
5069,<wb>мьнозі
112,<wb>бо
419,<wb>сѫтъ
4071 276,<wb>зьва|ніі
998,<wb>мало
71,<wb>же
3942 7412,<wb>ізбьра|нъііх
1300,<wb>члкъ
1432,<wb>етеръ
414,<wb>імѣ
971,<wb>дъва
3267,<wb>снъі
39,<wb>і
141,<wb>рече
296 98 116,<wb>ме|нъ|ші
423,<wb>снъ
1813,<wb>оцоу
1466,<wb>оче
1844,<wb>даждъ
195,<wb>мі
682 602,<wb>достоі|нѫѭ
3692,<wb>чѧсть
4127,<wb>імѣніѣ
39,<wb>і
4603,<wb>раздѣлі
268,<wb>іма
3194,<wb>імѣніе
39,<wb>і
62,<wb>не
67,<wb>по
4692,<wb>мнозѣхъ
497 4480,<wb>дъ|нехъ
190 1917,<wb>сь|бьра
56,<wb>въ
429,<wb>вьсе
4877,<wb>мьніі
423,<wb>снъ
1334,<wb>отіде
68,<wb>на
2132,<wb>странѫ
2037,<wb>далече
39,<wb>і
390,<wb>тоу
576,<wb>съі
4066 185,<wb>расто|чі
3194,<wb>імѣніе
357,<wb>свое
2127,<wb>жівъі
2029 7121,<wb>блѫ|дъно
39 1672 1033,<wb>і|жді|въшоу
71,<wb>же
144,<wb>емоу
264,<wb>вьсѣ
798,<wb>бъіс
5776,<wb>гладъ
2028 138,<wb>крѣпо|къ
68,<wb>на
3972,<wb>странѣ
2210,<wb>тоі
39,<wb>і
157,<wb>тъ
1194,<wb>начѧтъ
178 158 52,<wb>лі|ша|ті
70,<wb>сѧ
39,<wb>і
1291,<wb>шедъ
5959 243,<wb>прілѣ|пі
70,<wb>сѧ
6671,<wb>едіномъ
84,<wb>отъ
236 1319,<wb>жі|тель
2411,<wb>странъі
2256,<wb>тоѧ
39,<wb>і
456,<wb>посъла
39,<wb>і
68,<wb>на
2990,<wb>села
1596,<wb>своѣ
198 97,<wb>па|стъ
6315,<wb>свініі
39,<wb>і
2737 177,<wb>жела|аше
4947,<wb>насъітіті
70,<wb>сѧ
84,<wb>отъ
310 48 363,<wb>ро|же|ць
858,<wb>ѧже
5124,<wb>ѣдѣахѫ
5238,<wb>свініѧ
39,<wb>і
748,<wb>ніктоже
105 3099,<wb>да|ѣаше
144,<wb>емоу
56,<wb>въ
436,<wb>себѣ
71,<wb>же
872,<wb>прішедъ
141,<wb>рече
1390 273,<wb>колі|коу
68 389 409,<wb>на|емъ|нікъ
633,<wb>оца
563,<wb>моего
1951 3066,<wb>ізбъі|ваѭтъ
546 197,<wb>хлѣ|бі
5065,<wb>аз
71,<wb>же
978,<wb>сьде
130 868,<wb>гла|домъ
5308 4082,<wb>гъі|блѭ
1343,<wb>въставъ
674,<wb>ідѫ
468,<wb>кь
1813,<wb>оцоу
39,<wb>і
1189,<wb>рекѫ
144,<wb>емоу
1466,<wb>оче
4783,<wb>съгрѣшіхъ
68,<wb>на
2140,<wb>нбо
39,<wb>і
396,<wb>прѣдъ
1238,<wb>тобоѭ
1303,<wb>юже
62,<wb>не
1710,<wb>достоінъ
568,<wb>есмъ
5019,<wb>нарешті
70,<wb>сѧ
423,<wb>снъ
462,<wb>твоі
261,<wb>сътворі
226,<wb>мѧ
99,<wb>ѣко
940,<wb>едіного
221,<wb>от
68 726 2586,<wb>на|емь|нікь
865,<wb>твоіхъ
39,<wb>і
1343,<wb>въставъ
1494 79,<wb>поі|де
468,<wb>кь
1813,<wb>оцоу
1397,<wb>своемоу
836,<wb>еште
71,<wb>же
144,<wb>емоу
62,<wb>не
2037,<wb>далече
1610,<wb>сѫштоу
2855,<wb>оузьрѣ
39,<wb>і
749,<wb>оць
135,<wb>его
39,<wb>і
195 137,<wb>мі|лъ
144,<wb>емоу
798,<wb>бъіс
39,<wb>і
238 569,<wb>те|кь
6010,<wb>нападе
68,<wb>на
4206,<wb>въіѭ
135,<wb>его
39,<wb>і
3973,<wb>облобъіза
39,<wb>і
141,<wb>рече
144,<wb>емоу
423,<wb>снъ
1466,<wb>оче
4783,<wb>съгрѣшіхъ
68,<wb>на
2140,<wb>нбо
39,<wb>і
396,<wb>прѣдъ
1238,<wb>тобоѭ
1303,<wb>юже
2134,<wb>нѣсмъ
1710,<wb>достоінъ
5019,<wb>нарешті
70,<wb>сѧ
423,<wb>снъ
462,<wb>твоі
261,<wb>сътворі
226,<wb>мѧ
99,<wb>ѣко
940,<wb>едіного
221,<wb>от
68 389 2586,<wb>на|емъ|нікь
865,<wb>твоіхъ
141,<wb>рече
71,<wb>же
749,<wb>оць
135,<wb>его
468,<wb>кь
3358,<wb>рабомъ
424 14,<wb>своі|м
2377,<wb>скоро
2842 2900,<wb>ізне|сѣте
5773,<wb>одеждѫ
638 2499,<wb>пръ|вѫѭ
39,<wb>і
1798 1771,<wb>облѣ|цѣте
39,<wb>і
39,<wb>і
2079,<wb>дадіте
638 242 119,<wb>пръ|сте|нь
68,<wb>на
1085,<wb>рѫкѫ
135,<wb>его
39,<wb>і
3917 253,<wb>сапо|гъі
68,<wb>на
1052,<wb>нозѣ
39,<wb>і
1114 7353,<wb>пріве|дьше
4876 363,<wb>теле|ць
73 4624 139,<wb>оу|пітѣ|нъі
525 1476,<wb>зако|літе
39,<wb>і
3425 82,<wb>ѣдъ|ше
105,<wb>да
2173 2207,<wb>възвесе|лімъ
70,<wb>сѧ
99,<wb>ѣко
423,<wb>снъ
329,<wb>моі
190,<wb>сь
867 180,<wb>мрът|вь
165,<wb>бѣ
39,<wb>і
2260 146,<wb>ожі|ве
7035 31 137,<wb>ізгъі|б|лъ
165,<wb>бѣ
39,<wb>і
866,<wb>обѣ
39,<wb>і
1128,<wb>обрѣте
70,<wb>сѧ
39,<wb>і
2911,<wb>начѧшѧ
1268 1527,<wb>весе|літі
70,<wb>сѧ
165,<wb>бѣ
71,<wb>же
423,<wb>снъ
135,<wb>его
1537,<wb>старѣі
68,<wb>на
1831,<wb>селѣ
39,<wb>і
3353,<wb>ако
1601,<wb>грѧдъі
1477,<wb>прібліжі
70,<wb>сѧ
468,<wb>кь
756,<wb>домоу
379,<wb>слъіша
7620,<wb>пѣніѣ
39,<wb>і
178 148,<wb>лі|къі
39,<wb>і
5330 906,<wb>прізь|вавъ
940,<wb>едіного
221,<wb>от
3683,<wb>отрокъ
2840,<wb>въпрашааше
39,<wb>і
526,<wb>чьто
222,<wb>оубо
159,<wb>сі
419,<wb>сѫтъ
366,<wb>онъ
71,<wb>же
141,<wb>рече
144,<wb>емоу
2044,<wb>братъ
462,<wb>твоі
416,<wb>пріде
39,<wb>і
5648 66,<wb>закь|ла
2088,<wb>оцъ
462,<wb>твоі
4876 363,<wb>теле|ць
73 4624 401,<wb>оу|пітѣ|нъіі
99,<wb>ѣко
6538,<wb>съдрава
39,<wb>і
1505,<wb>пріѧтъ
2977,<wb>разгнѣвавъ
71,<wb>же
70,<wb>сѧ
62,<wb>не
1414,<wb>хотѣаше
2756,<wb>въніті
2088,<wb>оцъ
71,<wb>же
135,<wb>его
1686,<wb>ішедъ
1895,<wb>молѣаше
39,<wb>і
366,<wb>онъ
71,<wb>же
579,<wb>отъвѣштавъ
141,<wb>рече
1813,<wb>оцоу
1397,<wb>своемоу
121,<wb>се
1924,<wb>коліко
1742,<wb>лѣтъ
2645 675,<wb>работа|хь
356,<wb>тебѣ
39,<wb>і
1770,<wb>ніколіже
1326,<wb>заповѣді
1532,<wb>твоеѧ
62,<wb>не
5856 9,<wb>прѣстѫпі|х
39,<wb>і
437,<wb>мьнѣ
1770,<wb>ніколіже
62,<wb>не
1598,<wb>далъ
313,<wb>есі
39,<wb>і
6219 302 54,<wb>козь|лѧ|те
105,<wb>да
75,<wb>съ
901,<wb>дроугъі
5406,<wb>моімі
5499 137,<wb>възвеселі|лъ
70,<wb>сѧ
5599,<wb>бімъ
317,<wb>егда
71,<wb>же
423,<wb>снъ
462,<wb>твоі
190,<wb>сь
7413 113,<wb>ізѣ|дъ
347,<wb>твое
3194,<wb>імѣніе
75,<wb>съ
5257 7034,<wb>любодѣі|цамі
416,<wb>пріде
39,<wb>і
5648 66 137,<wb>закь|ла|лъ
144,<wb>емоу
313,<wb>есі
4876 363,<wb>теле|ць
303 1471,<wb>пі|томъ
366,<wb>онъ
71,<wb>же
141,<wb>рече
144,<wb>емоу
2831,<wb>чѧдо
288,<wb>тъі
4870,<wb>въсегда
75,<wb>съ
2117,<wb>мъноѭ
313,<wb>есі
39,<wb>і
913,<wb>въсѣ
556,<wb>моѣ
552,<wb>твоѣ
419,<wb>сѫтъ
2173 1527,<wb>възвесе|літі
71,<wb>же
70,<wb>сѧ
39,<wb>і
1097 3208,<wb>въздра|доваті
3328,<wb>подобааше
99,<wb>ѣко
2044,<wb>братъ
462,<wb>твоі
190,<wb>сь
5912,<wb>мрътвъ
165,<wb>бѣ
39,<wb>і
2260 146,<wb>ожі|ве
7035 31 137,<wb>ізгъі|б|лъ
165,<wb>бѣ
39,<wb>і
1128,<wb>обрѣте
70,<wb>сѧ
4435 139,<wb>вѣр|нъі
56,<wb>въ
2027,<wb>малѣ
39,<wb>і
56,<wb>въ
1613,<wb>мнозѣ
5173,<wb>вѣренъ
161,<wb>естъ
39,<wb>і
6390 139,<wb>неправедъ|нъі
56,<wb>въ
2027,<wb>малѣ
39,<wb>і
56,<wb>въ
1613,<wb>мнозѣ
62,<wb>не
1143 2302,<wb>правъ|денъ
161,<wb>естъ
201,<wb>аште
222,<wb>оубо
56,<wb>въ
5647 1853,<wb>неправедь|нѣмъ
7347 118,<wb>мамо|нѣ
4435 60,<wb>вѣр|ні
62,<wb>не
2982,<wb>бъісте
56,<wb>въ
2624 1853,<wb>істін|нѣмъ
4440,<wb>кьто
260,<wb>вамъ
827,<wb>вѣрѫ
4272,<wb>іметъ
39,<wb>і
201,<wb>аште
56,<wb>въ
7161 55,<wb>тоужде|мъ
2425 60,<wb>вѣрь|ні
62,<wb>не
2982,<wb>бъісте
709,<wb>ваше
4440,<wb>кьто
4484,<wb>дасть
260,<wb>вамъ
122 148 48,<wb>ні|къі|же
112,<wb>бо
4820,<wb>рабь
62,<wb>не
819,<wb>можетъ
3479,<wb>дьвѣма
5641 4078,<wb>гд|нома
5247,<wb>работаті
1626,<wb>любо
940,<wb>едіного
262 11 889 89 32,<wb>вьз|е|наві|ді|т
77,<wb>а
1096 58,<wb>дроуга|го
2110 873,<wb>възлю|бітъ
178,<wb>лі
940,<wb>едіного
6744,<wb>дръжітъ
70,<wb>сѧ
77,<wb>а
47,<wb>о
5321 55,<wb>дроузѣ|мъ
62,<wb>не
3960,<wb>родіті
6330,<wb>начьнетъ
62,<wb>не
2251,<wb>можете
710,<wb>боу
5247,<wb>работаті
39,<wb>і
7347 118,<wb>мамо|нѣ
6262,<wb>слъішаахѫ
71,<wb>же
159,<wb>сі
572,<wb>всѣ
1325,<wb>фарісеі
4073 2113 215,<wb>сьребро|любь|ці
2021,<wb>сѫште
39,<wb>і
2952 2223,<wb>подра|жаахѫ
39,<wb>і
39,<wb>і
141,<wb>рече
210,<wb>імъ
237,<wb>въі
939,<wb>есте
1652 18 86 1854,<wb>опра|в|да|ѭштеі
70,<wb>сѧ
396,<wb>прѣдъ
4129,<wb>члкъі
443,<wb>бъ
71,<wb>же
1559,<wb>вѣстъ
2780,<wb>срдца
1615,<wb>ваша
99,<wb>ѣко
295,<wb>еже
161,<wb>естъ
56,<wb>въ
345 1131,<wb>чл|цѣхъ
2092 59,<wb>въісо|ко
4264 6768,<wb>мръ|зость
3707,<wb>прѣд
4047,<wb>бмъ
161,<wb>естъ
5772,<wb>члкь
1432,<wb>етеръ
165,<wb>бѣ
1969,<wb>богатъ
39,<wb>і
832 1690,<wb>обла|чааше
70,<wb>сѧ
56,<wb>въ
67 21 2234 316,<wb>по|р|фі|рѫ
39,<wb>і
56,<wb>въ
41 35 349,<wb>в|у|сь
1268 302,<wb>весе|лѧ
70,<wb>сѧ
68,<wb>на
913 569,<wb>въсѣ|кь
869,<wb>день
3886,<wb>свѣтъло
222 1055,<wb>оубо|гь
71,<wb>же
165,<wb>бѣ
1432,<wb>етеръ
976 14,<wb>імене|м
3967,<wb>лазаръ
227,<wb>іже
4661,<wb>лежааше
90,<wb>прі
7616,<wb>вратѣхъ
135,<wb>его
65 85 841 98,<wb>г|но|іі|нъ
39,<wb>і
2737 177,<wb>жела|аше
4947,<wb>насъітіті
70,<wb>сѧ
84,<wb>отъ
7836 243 363,<wb>кроу|пі|ць
3765 1632,<wb>пада|ѭштііхъ
75,<wb>съ
4990 498 378,<wb>тра|пе|зъі
530 4130,<wb>бога|тааго
208,<wb>нъ
39,<wb>і
7837,<wb>псі
2601 91,<wb>пріходѧ|ште
1503 3903,<wb>облі|заахѫ
6628,<wb>гноі
135,<wb>его
798,<wb>бъіс
71,<wb>же
3324,<wb>оумрѣті
122 2361,<wb>ні|штоуоумоу
39,<wb>і
62 199 274,<wb>не|се|ноу
503,<wb>бъіті
4753,<wb>англъі
68,<wb>на
7646,<wb>лоно
7301,<wb>авраамле
3693,<wb>оумрѣтъ
71,<wb>же
39,<wb>і
530 289,<wb>бога|тъі
39,<wb>і
4544 281,<wb>погрѣ|сѧ
39,<wb>і
56,<wb>въ
3437,<wb>адѣ
39,<wb>і
6145,<wb>възведъ
531,<wb>очі
424,<wb>своі
576,<wb>съі
56,<wb>въ
2703 76,<wb>мѫка|хъ
2855,<wb>оузьрѣ
4676,<wb>авраама
168,<wb>із
2037,<wb>далече
39,<wb>і
4665,<wb>лазара
68,<wb>на
7614,<wb>лонѣ
135,<wb>его
39,<wb>і
262 810 272,<wb>вьз|гла|шь
141,<wb>рече
1466,<wb>оче
1310 206,<wb>авраа|ме
3316 1368,<wb>пом|лоуі
226,<wb>мѧ
39,<wb>і
2400 74,<wb>пось|лі
4665,<wb>лазара
105,<wb>да
4190 1768,<wb>омо|чітъ
3035,<wb>конець
638 163,<wb>пръ|ста
524,<wb>своего
56,<wb>въ
2489,<wb>водѣ
39,<wb>і
73 1297 89 32,<wb>оу|стоу|ді|т
1338 569,<wb>ѧз|кь
329,<wb>моі
99,<wb>ѣко
3823,<wb>страждѫ
56,<wb>въ
627 2513,<wb>пла|мені
2686,<wb>семъ
141,<wb>рече
71,<wb>же
144,<wb>емоу
1310 14,<wb>авраа|м
2831,<wb>чѧдо
5114,<wb>помѣні
99,<wb>ѣко
1822 2330 137,<wb>въсп|ріѧ|лъ
313,<wb>есі
6249,<wb>благаа
552,<wb>твоѣ
56,<wb>въ
4291,<wb>жівотѣ
3657,<wb>твоемъ
39,<wb>і
3967,<wb>лазаръ
964,<wb>такожде
4817 17,<wb>зьла|а
208 118,<wb>нъ|нѣ
71,<wb>же
978,<wb>сьде
2053 3648,<wb>оутѣ|шаетъ
70,<wb>сѧ
77,<wb>а
288,<wb>тъі
348 6862,<wb>стра|ждеші
39,<wb>і
1251,<wb>надъ
913 123,<wb>въсѣ|мі
4044,<wb>сімі
1891,<wb>междоу
1805,<wb>вамі
39,<wb>і
2512,<wb>намі
164 254 214,<wb>про|па|сть
3492,<wb>веліѣ
3130,<wb>оутвръді
70,<wb>сѧ
99,<wb>ѣко
105,<wb>да
919 642,<wb>хотѧ|штіі
6318,<wb>мінѫті
62,<wb>не
160 143 5638,<wb>въз|ма|гаѭтъ
122,<wb>ні
227,<wb>іже
84,<wb>отъ
7945,<wb>тѫдѣ
468,<wb>кь
489,<wb>намъ
3909 555,<wb>прѣхо|дѧтъ
141,<wb>рече
71,<wb>же
3166,<wb>молѭ
374,<wb>тѧ
222,<wb>оубо
1466,<wb>оче
105,<wb>да
39,<wb>і
2400 5336,<wb>пось|леші
56,<wb>въ
156 14,<wb>до|м
633,<wb>оца
563,<wb>моего
2661,<wb>імамь
112,<wb>бо
1313,<wb>пѧть
5047,<wb>братіѧ
99,<wb>ѣко
105,<wb>да
7044,<wb>сьвѣдѣтельствоуетъ
210,<wb>імъ
105,<wb>да
62,<wb>не
39,<wb>і
323,<wb>ті
2283,<wb>прідѫтъ
68,<wb>на
707,<wb>мѣсто
121,<wb>се
283 229 465,<wb>мѫ|чь|ное
130,<wb>гла
71,<wb>же
3450,<wb>авраамъ
1177,<wb>імѫтъ
6939,<wb>мосеа
39,<wb>і
57 117 148,<wb>пр|ро|къі
105,<wb>да
4197,<wb>послоушаѭтъ
299,<wb>іхъ
366,<wb>онъ
71,<wb>же
141,<wb>рече
122,<wb>ні
1466,<wb>оче
1310 206,<wb>авраа|ме
208,<wb>нъ
201,<wb>аште
523,<wb>кто
221,<wb>от
2986,<wb>мрътвъііхъ
1861,<wb>ідетъ
468,<wb>кь
528,<wb>німъ
543 304,<wb>пока|ѭтъ
70,<wb>сѧ
141,<wb>рече
71,<wb>же
144,<wb>емоу
201,<wb>аште
6939,<wb>мосеа
39,<wb>і
1885 569,<wb>прр|кь
62,<wb>не
4197,<wb>послоушаѭтъ
122,<wb>ні
201,<wb>аште
523,<wb>кто
84,<wb>отъ
2986,<wb>мрътвъііхъ
4741,<wb>въскръснетъ
62,<wb>не
1177,<wb>імѫтъ
994,<wb>вѣръі
6735,<wb>вънемлѣте
436,<wb>себѣ
201,<wb>аште
5747,<wb>съгрѣшітъ
2044,<wb>братъ
462,<wb>твоі
1600,<wb>запрѣті
144,<wb>емоу
39,<wb>і
201,<wb>аште
543 255,<wb>пока|етъ
70,<wb>сѧ
5998,<wb>отпоусті
144,<wb>емоу
39,<wb>і
201,<wb>аште
121,<wb>се
53 106 13 2501 1274,<wb>д|мь|к|раті|цеѭ
713 55,<wb>дьне|мъ
5747,<wb>съгрѣшітъ
468,<wb>кь
356,<wb>тебѣ
39,<wb>і
5835 1274,<wb>седмі|цеѭ
7011,<wb>обратітъ
70,<wb>сѧ
468,<wb>кь
356,<wb>тебѣ
441,<wb>глѧ
332 3,<wb>ка|ѭ
70,<wb>сѧ
1127,<wb>отъпоусті
144,<wb>емоу
39,<wb>і
510,<wb>рѣшѧ
5594 74,<wb>ап|лі
468,<wb>кь
1341,<wb>гю
1906,<wb>пріложі
39,<wb>і
5075,<wb>нам
827,<wb>вѣрѫ
141,<wb>рече
71,<wb>же
459,<wb>гь
201,<wb>аште
1930,<wb>бісте
4871,<wb>імѣлі
827,<wb>вѣрѫ
99,<wb>ѣко
7612,<wb>зръно
7859 352 85,<wb>гороу|шъ|но
130,<wb>гла
178,<wb>лі
1930,<wb>бісте
2824 134 123 118,<wb>су|ка|мі|нѣ
2994,<wb>сеі
160 79 95,<wb>въз|де|рі
70,<wb>сѧ
39,<wb>і
7921,<wb>въсаді
70,<wb>сѧ
56,<wb>въ
1478,<wb>море
664 66,<wb>послоуша|ла
453,<wb>бі
544,<wb>васъ
3966,<wb>которъі
71,<wb>же
84,<wb>отъ
544,<wb>васъ
1322,<wb>раба
3181,<wb>імѣѧ
1635 604,<wb>орѫ|штъ
178,<wb>лі
5986 383,<wb>пасѫ|шть
227,<wb>іже
6441,<wb>прішедъшоу
144,<wb>емоу
75,<wb>съ
2990,<wb>села
1214,<wb>речетъ
144,<wb>емоу
600,<wb>абіе
195 2581,<wb>мі|нѫвъ
160 302 320,<wb>въз|лѧ|зі
39,<wb>і
62,<wb>не
1214,<wb>речетъ
178,<wb>лі
144,<wb>емоу
7075,<wb>оуготоваі
526,<wb>чьто
1407 96 3,<wb>вече|рѣ|ѭ
39,<wb>і
4007 92,<wb>прѣпоѣса|въ
70,<wb>сѧ
6854 123,<wb>слоужі|мі
1315,<wb>доньдеже
78 55,<wb>ѣ|мъ
39,<wb>і
5481,<wb>піѭ
39,<wb>і
67,<wb>по
2318,<wb>томъ
78 129,<wb>ѣ|сі
39,<wb>і
303 608,<wb>пі|еші
288,<wb>тъі
736,<wb>еда
584,<wb>іматъ
1643,<wb>хвалѫ
2494,<wb>рабоу
650,<wb>томоу
99,<wb>ѣко
261,<wb>сътворі
449 1027,<wb>повелѣ|наа
62,<wb>не
318 1309,<wb>мь|нѭ
311,<wb>тако
39,<wb>і
237,<wb>въі
317,<wb>егда
2612,<wb>сътворіте
449 1027,<wb>повелѣ|наа
260,<wb>вамъ
6689,<wb>гліте
99,<wb>ѣко
2508,<wb>рабі
3359 60,<wb>недостоі|ні
568,<wb>есмъ
39,<wb>і
295,<wb>еже
3633 60,<wb>длъжь|ні
165 454,<wb>бѣ|хомъ
232,<wb>сътво
1344,<wb>іті
232,<wb>сътво
80,<wb>р
39 454,<wb>і|хомъ
2851 324,<wb>въсходѧ|штоу
1073,<wb>ісоу
56,<wb>въ
1285,<wb>весь
731 316,<wb>ете|рѫ
4286,<wb>сьрѣте
39,<wb>і
3467,<wb>десѧть
6322,<wb>прокаженъ
1186,<wb>мѫжь
227,<wb>іже
305 340,<wb>ста|въше
2604,<wb>іздалече
39,<wb>і
323,<wb>ті
160 3869,<wb>въз|нѣсѧ
130 349,<wb>гла|сь
1440,<wb>глште
3957,<wb>ісе
2227 92 2017,<wb>наста|въ|ніче
1797,<wb>помілоуі
336,<wb>нъі
39,<wb>і
649,<wb>відѣвъ
225,<wb>ѧ
141,<wb>рече
210,<wb>імъ
1340 7353,<wb>ше|дьше
2617 54,<wb>покажі|те
70,<wb>сѧ
7874,<wb>іереомъ
39,<wb>і
798,<wb>бъіс
674 824,<wb>ідѫ|штемъ
3381,<wb>ім
39 185 5580,<wb>і|чі|стішѧ
70,<wb>сѧ
438,<wb>едінъ
71,<wb>же
84,<wb>отъ
562,<wb>ніхъ
649,<wb>відѣвъ
99,<wb>ѣко
2572,<wb>іцѣлѣ
1049,<wb>възвраті
70,<wb>сѧ
2321,<wb>гласомъ
6092,<wb>веліемъ
2652,<wb>славѧ
422,<wb>ба
39,<wb>і
2618,<wb>падъ
7967,<wb>ніць
68,<wb>на
6207,<wb>колѣноу
135,<wb>его
1643,<wb>хвалѫ
144,<wb>емоу
884 214,<wb>възда|сть
39,<wb>і
157,<wb>тъ
165,<wb>бѣ
7662,<wb>самарѣнінъ
579,<wb>отъвѣштавъ
71,<wb>же
331,<wb>ісъ
141,<wb>рече
62,<wb>не
3467,<wb>десѧть
178,<wb>лі
39 185 5580,<wb>і|чі|стішѧ
70,<wb>сѧ
105,<wb>да
6116,<wb>девѧть
376,<wb>како
62,<wb>не
2825,<wb>обрѣтѫ
70,<wb>сѧ
777 4798,<wb>възвра|штьше
70,<wb>сѧ
1288,<wb>даті
1966,<wb>славъі
710,<wb>боу
4615,<wb>тъкьмо
7325 60 59 349,<wb>іноплемень|ні|ко|сь
39,<wb>і
141,<wb>рече
144,<wb>емоу
7452,<wb>вьстані
1030,<wb>іді
2798,<wb>вѣра
552,<wb>твоѣ
2903,<wb>спсе
374,<wb>тѧ
3213,<wb>сѫдіі
165,<wb>бѣ
1432,<wb>етеръ
56,<wb>въ
731 96,<wb>ете|рѣ
1565,<wb>градѣ
422,<wb>ба
62,<wb>не
2284,<wb>боѧ
70,<wb>сѧ
39,<wb>і
1300,<wb>члкъ
62,<wb>не
1954 1442 24,<wb>сра|млѣ|ѧ
70,<wb>сѧ
7062,<wb>въдова
71,<wb>же
165,<wb>бѣ
56,<wb>въ
1565,<wb>градѣ
1372,<wb>томь
39,<wb>і
1452 1181,<wb>пріхо|ждааше
468,<wb>кь
398,<wb>немоу
189 166,<wb>гл|шті
6546,<wb>мьсті
364,<wb>мене
84,<wb>отъ
7296 96,<wb>сѫпь|рѣ
563,<wb>моего
39,<wb>і
62,<wb>не
1414,<wb>хотѣаше
68,<wb>на
1350 388,<wb>длъ|зѣ
4723,<wb>врѣмені
67,<wb>по
745,<wb>сіхъ
71,<wb>же
141,<wb>рече
56,<wb>въ
436,<wb>себѣ
201,<wb>аште
39,<wb>і
422,<wb>ба
62,<wb>не
5730,<wb>боѭ
70,<wb>сѧ
122,<wb>ні
1300,<wb>члкъ
1954 1442 3,<wb>сра|млѣ|ѭ
70,<wb>сѧ
1070,<wb>зане
426 32,<wb>творі|т
195,<wb>мі
2979,<wb>троудъ
81 2019 218,<wb>вь|дові|ца
159,<wb>сі
105,<wb>да
318 474,<wb>мь|штѫ
908,<wb>еѧ
105,<wb>да
62,<wb>не
156,<wb>до
2289,<wb>коньца
2601 166,<wb>пріходѧ|шті
171 4747,<wb>за|стоітъ
364,<wb>мене
141,<wb>рече
71,<wb>же
459,<wb>гь
2930,<wb>слъішіте
394,<wb>что
3213,<wb>сѫдіі
6390 139,<wb>неправедъ|нъі
1561,<wb>глетъ
77,<wb>а
1351,<wb>бь
62,<wb>не
584,<wb>іматъ
178,<wb>лі
1064,<wb>сътворіті
6546,<wb>мьсті
6412 401 675,<wb>ізбра|нъіі|хь
809,<wb>своіхъ
1914 2527 9,<wb>въпі|ѭштіі|х
468,<wb>кь
398,<wb>немоу
869,<wb>день
39,<wb>і
1524,<wb>ношть
39,<wb>і
1026 2292,<wb>тръ|пітъ
68,<wb>на
562,<wb>ніхъ
284,<wb>глѭ
260,<wb>вамъ
99,<wb>ѣко
1675,<wb>сътворітъ
318 214,<wb>мь|сть
299,<wb>іхъ
41 838 96,<wb>в|ско|рѣ
2316,<wb>члка
3760,<wb>дьва
891 2366,<wb>въні|досте
56,<wb>въ
7390,<wb>црквь
2313 32,<wb>помолі|т
70,<wb>сѧ
438,<wb>едінъ
1325,<wb>фарісеі
77,<wb>а
901,<wb>дроугъі
4758,<wb>мъітарь
1325,<wb>фарісеі
71,<wb>же
3695,<wb>ставъ
931,<wb>сіце
56,<wb>въ
436,<wb>себѣ
1895,<wb>молѣаше
70,<wb>сѧ
772,<wb>бже
1643,<wb>хвалѫ
356,<wb>тебѣ
884 3,<wb>възда|ѭ
99,<wb>ѣко
2134,<wb>нѣсмъ
99,<wb>ѣко
39,<wb>і
3745,<wb>прочіі
4934,<wb>члці
2142 383 541,<wb>хъі|шть|ніці
5647 541,<wb>неправедь|ніці
6263,<wb>прѣлюбодѣі
178,<wb>лі
99,<wb>ѣко
190,<wb>сь
4758,<wb>мъітарь
67 474,<wb>по|штѫ
70,<wb>сѧ
3760,<wb>дьва
2827,<wb>кратъі
56,<wb>въ
3292,<wb>сѫботъ
2597 179,<wb>десѧті|нѫ
4419,<wb>даѭ
221,<wb>от
1704,<wb>вьсего
808,<wb>еліко
90 591 834,<wb>прі|тѧ|жѫ
77,<wb>а
4758,<wb>мъітарь
2604,<wb>іздалече
1050,<wb>стоѧ
62,<wb>не
1414,<wb>хотѣаше
531,<wb>очі
1380 147,<wb>възве|сті
68,<wb>на
2140,<wb>нбо
208,<wb>нъ
453 802,<wb>бі|ѣше
56,<wb>въ
6430,<wb>пръсі
599,<wb>своѧ
441,<wb>глѧ
772,<wb>бже
1151 180,<wb>мілості|вь
1021,<wb>бѫді
437,<wb>мьнѣ
1023 1935,<wb>грѣшь|нікоу
284,<wb>глѭ
260,<wb>вамъ
6168,<wb>сьніде
190,<wb>сь
4189 86 98,<wb>оправь|да|нъ
81,<wb>вь
156 106,<wb>до|мь
424,<wb>своі
580,<wb>паче
3254,<wb>оного
99,<wb>ѣко
913 569,<wb>въсѣ|кь
6100 16,<wb>възносѧ|і
70,<wb>сѧ
3435 32,<wb>съмѣрі|т
70,<wb>сѧ
39,<wb>і
2155 7606,<wb>сьмѣ|рѣѧ
39,<wb>і
70,<wb>сѧ
3915 32,<wb>вьзнесе|т
70,<wb>сѧ
985,<wb>чкъ
1432,<wb>етеръ
416,<wb>пріде
150,<wb>къ
1073,<wb>ісоу
6547,<wb>іскоушаѧ
39,<wb>і
39,<wb>і
441,<wb>глѧ
1302,<wb>оучітелю
1521,<wb>благъі
526,<wb>чьто
1589,<wb>сътворь
920,<wb>жівотъ
3508,<wb>вѣчьнъі
2576 5296,<wb>наслѣ|доуѭ
141,<wb>рече
71,<wb>же
144,<wb>емоу
331,<wb>ісъ
526,<wb>чьто
226,<wb>мѧ
1594,<wb>глеші
2206,<wb>блага
748,<wb>ніктоже
239 1055,<wb>бла|гь
4615,<wb>тъкьмо
438,<wb>едінъ
443,<wb>бъ
1326,<wb>заповѣді
2004,<wb>вѣсі
62,<wb>не
3854,<wb>оубіі
62,<wb>не
3248,<wb>прѣлюбъі
261,<wb>сътворі
62,<wb>не
1809 89,<wb>оукра|ді
62,<wb>не
3607,<wb>лъжі
898,<wb>съвѣдѣтель
1021,<wb>бѫді
6389,<wb>чьті
633,<wb>оца
39,<wb>і
51 511,<wb>м|тръ
1071,<wb>твоѭ
366,<wb>онъ
71,<wb>же
141,<wb>рече
144,<wb>емоу
264,<wb>вьсѣ
159,<wb>сі
5085,<wb>съхраніхъ
84,<wb>отъ
3846,<wb>юності
1239,<wb>моеѧ
990,<wb>слъішавъ
71,<wb>же
331,<wb>ісъ
141,<wb>рече
144,<wb>емоу
836,<wb>еште
940,<wb>едіного
62,<wb>не
156 980 137,<wb>до|коньча|лъ
313,<wb>есі
429,<wb>вьсе
808,<wb>еліко
1287,<wb>імаші
1541 716,<wb>прода|ждъ
39,<wb>і
6809 16,<wb>разда|і
4003 14,<wb>ніштіі|м
39,<wb>і
1877,<wb>імѣті
1287,<wb>імаші
190 13 1367 91,<wb>сь|к|рові|ште
68,<wb>на
3402,<wb>нбсхъ
39,<wb>і
3108,<wb>грѧді
67,<wb>по
437,<wb>мьнѣ
366,<wb>онъ
71,<wb>же
379 180,<wb>слъіша|вь
747,<wb>сіі
4512 2613,<wb>пріскръ|бенъ
351,<wb>бъістъ
165,<wb>бѣ
112,<wb>бо
1969,<wb>богатъ
760,<wb>зѣло
649,<wb>відѣвъ
71,<wb>же
39,<wb>і
331,<wb>ісъ
4512 280 102,<wb>пріскръ|бь|на
1663,<wb>сѫшта
141,<wb>рече
376,<wb>како
62,<wb>не
4432,<wb>оудобь
573 642 14,<wb>імѫ|штіі|м
530 32 372,<wb>бога|т|ство
56,<wb>въ
2660,<wb>црство
1165,<wb>бжіе
2300,<wb>вьніті
4432 118,<wb>оудобь|нѣ
112,<wb>бо
161,<wb>естъ
6901,<wb>вельбѫдоу
5212,<wb>скозѣ
39 1055 74 118,<wb>і|гь|лі|нѣ
1548,<wb>оуші
6442,<wb>проіті
1487,<wb>неже
4932,<wb>богатоу
56,<wb>въ
2660,<wb>црство
1165,<wb>бжіе
2756,<wb>въніті
510,<wb>рѣшѧ
71,<wb>же
6564,<wb>слъішавъшеі
523,<wb>кто
819,<wb>можетъ
2903 98,<wb>спсе|нъ
503,<wb>бъіті
366,<wb>онъ
71,<wb>же
141,<wb>рече
62,<wb>не
7403,<wb>възможьна
84,<wb>отъ
1300,<wb>члкъ
77,<wb>а
84,<wb>отъ
422,<wb>ба
913,<wb>въсѣ
7403,<wb>възможьна
419,<wb>сѫтъ
798,<wb>бъіс
1477 52,<wb>прібліжі|ті
70,<wb>сѧ
1073,<wb>ісоу
56,<wb>въ
6790,<wb>еріхѫ
628 498 363,<wb>слѣ|пе|ць
1432,<wb>етеръ
2908,<wb>сѣдѣаше
90,<wb>прі
895,<wb>пѫті
1988,<wb>просѧ
990,<wb>слъішавъ
71,<wb>же
1674,<wb>народа
4826 145,<wb>мімоходѧ|шта
2840,<wb>въпрашааше
394,<wb>что
222,<wb>оубо
121,<wb>се
161,<wb>естъ
1721 110,<wb>повѣда|шѧ
71,<wb>же
144,<wb>емоу
99,<wb>ѣко
331,<wb>ісъ
1738 2965,<wb>наза|реі
1250,<wb>мімо
3991,<wb>ходітъ
39,<wb>і
4784,<wb>възьпі
441,<wb>глѧ
3957,<wb>ісе
3631,<wb>сне
53 4813,<wb>д|двъ
3316 1368,<wb>пом|лоуі
226,<wb>мѧ
39,<wb>і
396,<wb>прѣдъ
674 642,<wb>ідѫ|штіі
6185,<wb>прѣштаахѫ
144,<wb>емоу
105,<wb>да
3926 1768,<wb>оумлъ|чітъ
366,<wb>онъ
71,<wb>же
580,<wb>паче
56,<wb>въ
303 3099,<wb>пі|ѣаше
441,<wb>глѧ
3631,<wb>сне
53 1759,<wb>д|довъ
1797,<wb>помілоуі
305 180,<wb>ста|вь
71,<wb>же
331,<wb>ісъ
449,<wb>повелѣ
2239,<wb>прівесті
39,<wb>і
468,<wb>кь
436,<wb>себѣ
1087 257 358,<wb>пріблі|жь|шоу
71,<wb>же
70,<wb>сѧ
144,<wb>емоу
468,<wb>кь
398,<wb>немоу
1136,<wb>въпросі
39,<wb>і
526,<wb>чьто
1178,<wb>хоштеші
105,<wb>да
323,<wb>ті
190 207 1013,<wb>сь|тво|рѭ
366,<wb>онъ
71,<wb>же
141,<wb>рече
300,<wb>гі
105,<wb>да
5978 1013,<wb>прозь|рѭ
331,<wb>ісъ
71,<wb>же
141,<wb>рече
144,<wb>емоу
164 3077,<wb>про|зьрі
2798,<wb>вѣра
552,<wb>твоѣ
2903,<wb>спсе
374,<wb>тѧ
39,<wb>і
600,<wb>абіе
3421,<wb>прозьрѣ
39,<wb>і
56,<wb>въ
1465,<wb>слѣдъ
135,<wb>его
1619,<wb>ідѣаше
2652,<wb>славѧ
422,<wb>ба
39,<wb>і
481,<wb>вьсі
2190,<wb>людіе
1137,<wb>відѣвъше
884 110,<wb>възда|шѧ
1643,<wb>хвалѫ
710,<wb>боу
1776,<wb>въніде
331,<wb>ісъ
56,<wb>въ
6790,<wb>еріхѫ
39,<wb>і
121,<wb>се
1186,<wb>мѫжь
3473,<wb>іменемъ
2770,<wb>наріцаемъі
6413 3532,<wb>закьх|еі
190,<wb>сь
165,<wb>бѣ
1537,<wb>старѣі
5333 14,<wb>мъітаре|м
39,<wb>і
157,<wb>тъ
165,<wb>бѣ
1969,<wb>богатъ
39,<wb>і
3368,<wb>іскааше
1078,<wb>відѣті
566,<wb>іса
4440,<wb>кьто
161,<wb>естъ
39,<wb>і
62,<wb>не
2250,<wb>можааше
1961,<wb>народомъ
99,<wb>ѣко
3726,<wb>тѣломъ
4835,<wb>малъ
165,<wb>бѣ
39,<wb>і
3707,<wb>прѣд
4715,<wb>текъ
160 2544,<wb>въз|лѣзе
68,<wb>на
762 3533 3093,<wb>соу|кома|ріѭ
2998,<wb>відѣтъ
566,<wb>іса
99,<wb>ѣко
7945,<wb>тѫдѣ
1414,<wb>хотѣаше
1250,<wb>мімо
1344,<wb>іті
39,<wb>і
99,<wb>ѣко
416,<wb>пріде
68,<wb>на
707,<wb>мѣсто
853 96 18,<wb>възь|рѣ|в
331,<wb>ісъ
248,<wb>відѣ
39,<wb>і
39,<wb>і
141,<wb>рече
468,<wb>кь
398,<wb>немоу
6413 11 42,<wb>закьх|е|оу
6226 18,<wb>потъшта|в
70,<wb>сѧ
190 5474,<wb>сь|лѣзі
713 173,<wb>дьне|съ
112,<wb>бо
2542,<wb>подобаетъ
195,<wb>мі
56,<wb>въ
756,<wb>домоу
3657,<wb>твоемъ
503,<wb>бъіті
39,<wb>і
67 133 145 180,<wb>по|ть|шта|вь
70,<wb>сѧ
75 2544,<wb>съ|лѣзе
39,<wb>і
1505 16,<wb>пріѧтъ|і
6879,<wb>радоуѧ
70,<wb>сѧ
39,<wb>і
1137,<wb>відѣвъше
39,<wb>і
2526 433 3167,<wb>ръ|пь|таахѫ
1440,<wb>глште
99,<wb>ѣко
468,<wb>кь
1023 274,<wb>грѣшь|ноу
2970,<wb>мѫжоу
1776,<wb>въніде
2308 43,<wb>віта|тъ
3695,<wb>ставъ
71,<wb>же
6413 3532,<wb>закьх|еі
141,<wb>рече
468,<wb>кь
1341,<wb>гю
121,<wb>се
1736,<wb>полъ
4127,<wb>імѣніѣ
563,<wb>моего
300,<wb>гі
3361,<wb>дамъ
4736,<wb>ніштіімъ
39,<wb>і
201,<wb>аште
568,<wb>есмъ
1483,<wb>кого
5672,<wb>чімъ
73 12 197 6020,<wb>оу|о|бі|дѣлъ
5612,<wb>възвраштѫ
121,<wb>се
53 172 2901,<wb>д|мо|ріцеѭ
141,<wb>рече
71,<wb>же
468,<wb>кь
398,<wb>немоу
331,<wb>ісъ
99,<wb>ѣко
1535,<wb>дьнесь
2903 200,<wb>спсе|ніе
756,<wb>домоу
1135,<wb>семоу
798,<wb>бъіс
1070,<wb>зане
39,<wb>і
190,<wb>сь
423,<wb>снъ
1310 14 137,<wb>авраа|м|лъ
161,<wb>естъ
416,<wb>пріде
112,<wb>бо
423,<wb>снъ
2314,<wb>члчь
4516 43,<wb>възіска|тъ
39,<wb>і
5845,<wb>спстъ
4081 1318,<wb>погъібъ|шааго
1300,<wb>члкъ
1432,<wb>етеръ
1730,<wb>добра
2009,<wb>рода
452,<wb>іде
68,<wb>на
2132,<wb>странѫ
2037,<wb>далече
1625,<wb>пріѧті
476 69 207,<wb>цр|ст|тво
39,<wb>і
1049 52,<wb>възвраті|ті
70,<wb>сѧ
5330 906,<wb>прізь|вавъ
71,<wb>же
39 133,<wb>і|ть
4820,<wb>рабь
809,<wb>своіхъ
39,<wb>і
4456,<wb>въдастъ
210,<wb>імъ
39,<wb>і
7445,<wb>мнась
39,<wb>і
141,<wb>рече
210,<wb>імъ
1361 500,<wb>коуп|лѭ
4653,<wb>дѣіте
1315,<wb>доньдеже
955,<wb>прідѫ
77,<wb>а
5764 126,<wb>гражда|не
144,<wb>емоу
62,<wb>не
2772,<wb>хотѣахѫ
135,<wb>его
39,<wb>і
3319 110,<wb>посьла|шѧ
1420,<wb>молітвѫ
56,<wb>въ
1465,<wb>слѣдъ
135,<wb>его
1440,<wb>глште
62,<wb>не
5213,<wb>хоштемъ
1135,<wb>семоу
105,<wb>да
476 605 2649,<wb>цр|ствоу|ет
1251,<wb>надъ
2512,<wb>намі
39,<wb>і
798,<wb>бъіс
317,<wb>егда
1049,<wb>възвраті
70,<wb>сѧ
1729,<wb>пріемъ
3366,<wb>црствіе
39,<wb>і
141,<wb>рече
105,<wb>да
4242 2222,<wb>прігла|сѧтъ
144,<wb>емоу
1833,<wb>рабъі
210,<wb>імъ
71,<wb>же
520,<wb>дастъ
4073,<wb>сьребро
105,<wb>да
5680,<wb>оувѣстъ
332 326,<wb>ка|кѫ
1361 500,<wb>коуп|лѭ
419,<wb>сѫтъ
261 74,<wb>сътворі|лі
416,<wb>пріде
71,<wb>же
3128,<wb>пръвъі
441,<wb>глѧ
300,<wb>гі
7445,<wb>мнась
552,<wb>твоѣ
3467,<wb>десѧть
90 3780,<wb>прі|дѣла
51 4610,<wb>м|насъ
39,<wb>і
141,<wb>рече
144,<wb>емоу
1521,<wb>благъі
3029,<wb>рабе
39,<wb>і
4435 139,<wb>вѣр|нъі
99,<wb>ѣко
47,<wb>о
2027,<wb>малѣ
5173,<wb>вѣренъ
798,<wb>бъіс
1021,<wb>бѫді
3327,<wb>область
1492,<wb>імъі
4801,<wb>надь
612 1227,<wb>десѧ|тіѭ
698,<wb>градъ
39,<wb>і
416,<wb>пріде
7076,<wb>въторъі
441,<wb>глѧ
7445,<wb>мнась
552,<wb>твоѣ
300,<wb>гі
261,<wb>сътворі
1313,<wb>пѧть
51 4610,<wb>м|насъ
141,<wb>рече
71,<wb>же
39,<wb>і
650,<wb>томоу
39,<wb>і
288,<wb>тъі
1021,<wb>бѫді
1251,<wb>надъ
7355,<wb>пѧтіѭ
698,<wb>градъ
39,<wb>і
901,<wb>дроугъі
416,<wb>пріде
441,<wb>глѧ
300,<wb>гі
121,<wb>се
7445,<wb>мнась
552,<wb>твоѣ
1447,<wb>ѭже
7767,<wb>імѣхъ
3723 179,<wb>положе|нѫ
56,<wb>въ
73 31 191 233,<wb>оу|б|роу|сѣ
1576 9,<wb>оубоѣ|х
112,<wb>бо
70,<wb>сѧ
614,<wb>тебе
99,<wb>ѣко
1300,<wb>члкъ
7610,<wb>ѣръ
313,<wb>есі
6827 5336,<wb>възем|леші
135,<wb>его
71,<wb>же
62,<wb>не
67 3603,<wb>по|ложь
39,<wb>і
1242 2874,<wb>жь|неші
6082,<wb>ѭдоуже
62,<wb>не
2964 92,<wb>сѣа|въ
39,<wb>і
130,<wb>гла
144,<wb>емоу
84,<wb>отъ
1409,<wb>оустъ
865,<wb>твоіхъ
4307,<wb>сѫждѫ
323,<wb>ті
6003 16,<wb>зьлъі|і
3029,<wb>рабе
2401,<wb>вѣдѣаше
99,<wb>ѣко
1300,<wb>члкъ
7610,<wb>ѣръ
568,<wb>есмъ
6827 500,<wb>възем|лѭ
538,<wb>егоже
62,<wb>не
67 3603,<wb>по|ложь
39,<wb>і
1242 1309,<wb>жь|нѭ
538,<wb>егоже
62,<wb>не
2964 675,<wb>сѣа|хь
39,<wb>і
67,<wb>по
526,<wb>чьто
563,<wb>моего
62,<wb>не
520,<wb>дастъ
190 5035,<wb>сь|ребра
2268 7027,<wb>пѣнѧ|жьнікомъ
39,<wb>і
695,<wb>азь
7380,<wb>прішед
75,<wb>съ
7532 2378,<wb>ліх|воѭ
5290 137,<wb>істѧза|лъ
5599,<wb>бімъ
50,<wb>е
39,<wb>і
6859 769,<wb>прѣстоѧ|штіімъ
141,<wb>рече
6234,<wb>възьмѣте
84,<wb>отъ
513,<wb>него
7445,<wb>мнась
39,<wb>і
2079,<wb>дадіте
4185,<wb>імѫштоумоу
39 133,<wb>і|ть
7445,<wb>мнась
284,<wb>глѭ
71,<wb>же
260,<wb>вамъ
99,<wb>ѣко
1649 88,<wb>вьсѣко|моу
4185,<wb>імѫштоумоу
4925,<wb>дадѧтъ
77,<wb>а
221,<wb>от
62,<wb>не
4883 58,<wb>імѫшта|го
39,<wb>і
295,<wb>еже
584,<wb>іматъ
4262 2039,<wb>отъі|мѫтъ
221,<wb>от
513,<wb>него
121,<wb>се
441,<wb>глѧ
2802,<wb>възгласі
2865,<wb>імѣѧі
1548,<wb>оуші
1997,<wb>слъішаті
105,<wb>да
2592,<wb>слъішітъ
141,<wb>рече
459,<wb>гь
424 14,<wb>своі|м
936,<wb>оученікомъ
6291,<wb>вьнемлѣте
84,<wb>отъ
3771 2586,<wb>кьніжь|нікь
919 805,<wb>хотѧ|штііхъ
56,<wb>въ
2043 7909,<wb>оде|ждахъ
3427,<wb>ходіті
39,<wb>і
2540 805,<wb>любѧ|штііхъ
7163,<wb>цѣлованіѣ
68,<wb>на
5759,<wb>тръжіштіхъ
39,<wb>і
396,<wb>прѣдъ
6242 297,<wb>сѣда|ніѣ
68,<wb>на
4263 1157,<wb>съньмі|штіхъ
39,<wb>і
1669 312 5649,<wb>прѣдь|зь|ваніѣ
68,<wb>на
1407 3504,<wb>вече|рѣхъ
227,<wb>іже
3439 86 5651,<wb>сьнѣ|да|ѭт
4160,<wb>домъі
3047 363,<wb>въдові|ць
39,<wb>і
1017 3,<wb>віно|ѭ
2037,<wb>далече
108 1349,<wb>мо|лѧтъ
70,<wb>сѧ
747,<wb>сіі
6414 133,<wb>пріімѫ|ть
2020 200,<wb>осѫжде|ніе
1683,<wb>боле
3951,<wb>вьзьрѣвъ
71,<wb>же
248,<wb>відѣ
4426 1946,<wb>въмѣта|ѭштѧѧ
56,<wb>въ
6581 6722,<wb>газофіла|кіѭ
3069,<wb>даръі
599,<wb>своѧ
530 5401,<wb>бога|тъіѧ
649,<wb>відѣвъ
71,<wb>же
731 316,<wb>ете|рѫ
3047 676,<wb>въдові|цѫ
222 540,<wb>оубо|гѫ
81,<wb>вь
353 94 3 474,<wb>мѣ|та|ѭ|штѫ
390,<wb>тоу
1764,<wb>дьвѣ
639 6362,<wb>ле|птѣ
39,<wb>і
141,<wb>рече
81,<wb>вь
843,<wb>істінѫ
284,<wb>глѭ
2532,<wb>вам
99,<wb>ѣко
7080,<wb>въдовіца
159,<wb>сі
3832 17,<wb>оубога|а
1683,<wb>боле
4778,<wb>въсѣхъ
1887,<wb>въвръже
481,<wb>вьсі
112,<wb>бо
747,<wb>сіі
221,<wb>от
6285,<wb>ізбъітъка
524,<wb>своего
2577 540,<wb>въвръ|гѫ
56,<wb>въ
3069,<wb>даръі
77,<wb>а
159,<wb>сі
47,<wb>о
178 2464,<wb>лі|шеніѣ
524,<wb>своего
429,<wb>вьсе
3194,<wb>імѣніе
295,<wb>еже
1865,<wb>імѣаше
1887,<wb>въвръже
747,<wb>сіі
441,<wb>глѧ
2802,<wb>възгласі
2865,<wb>імѣѧі
1548,<wb>оуші
1997,<wb>слъішаті
105,<wb>да
1146 32,<wb>слъіші|т
141,<wb>рече
459,<wb>гь
2869,<wb>блюдѣте
62,<wb>не
6478,<wb>оужасаіте
70,<wb>сѧ
899,<wb>мнозі
112,<wb>бо
955 32,<wb>прідѫ|т
56,<wb>въ
466,<wb>імѧ
346,<wb>мое
1440,<wb>глште
695,<wb>азь
568,<wb>есмъ
39,<wb>і
783,<wb>врѣмѧ
346,<wb>мое
1477,<wb>прібліжі
70,<wb>сѧ
62,<wb>не
1976,<wb>ідѣте
56,<wb>въ
628 267 76,<wb>слѣ|дъі|хъ
317,<wb>егда
71,<wb>же
4850,<wb>оуслъішіте
4335,<wb>брані
39,<wb>і
62 69 3626 297,<wb>не|ст|рое|ніѣ
62,<wb>не
2999,<wb>оубоіте
70,<wb>сѧ
2542,<wb>подобаетъ
112,<wb>бо
5021,<wb>сім
536,<wb>прѣжде
503,<wb>бъіті
208,<wb>нъ
62,<wb>не
600,<wb>абіе
5873,<wb>коньчіна
160 5464,<wb>въз|ложѧтъ
112,<wb>бо
68,<wb>на
237,<wb>въі
1790,<wb>рѫкъі
599,<wb>своѧ
39,<wb>і
4311,<wb>іжденѫтъ
444 393,<wb>прѣда|ѭште
68,<wb>на
4083 145,<wb>сьньмі|шта
39,<wb>і
2600 1851,<wb>темь|ніцѧ
6217 285,<wb>ведо|мъі
150,<wb>къ
476 55,<wb>цр|мъ
39,<wb>і
6021 134 55,<wb>влд|ка|мъ
976,<wb>імене
563,<wb>моего
368,<wb>раді
4244 1768,<wb>пріклю|чітъ
71,<wb>же
70,<wb>сѧ
260,<wb>вамъ
56,<wb>въ
2510,<wb>съвѣдѣтельство
761 54,<wb>положі|те
222,<wb>оубо
68,<wb>на
3636 193,<wb>срдці|іхъ
1472 193,<wb>ваші|іхъ
62,<wb>не
536,<wb>прѣжде
5137 52,<wb>пооуча|ті
70,<wb>сѧ
1353 667,<wb>отвѣшта|ваті
695,<wb>азь
112,<wb>бо
3361,<wb>дамъ
260,<wb>вамъ
1106,<wb>оуста
39,<wb>і
4555,<wb>прѣмѫдрость
5073,<wb>еіже
62,<wb>не
1117 2898,<wb>възмо|гѫтъ
7778,<wb>протівіті
70,<wb>сѧ
122,<wb>ні
328 667,<wb>отъвѣшта|ваті
1286,<wb>всі
7039 1854,<wb>протівлѣ|ѭштеі
70,<wb>сѧ
260,<wb>вамъ
444 60,<wb>прѣда|ні
71,<wb>же
1215,<wb>бѫдете
1582 209,<wb>родіте|лъі
39,<wb>і
4370,<wb>братіѭ
310 868,<wb>ро|домъ
39,<wb>і
901,<wb>дроугъі
39,<wb>і
851 629 712,<wb>оум|рът|вѧтъ
84,<wb>отъ
544,<wb>васъ
39,<wb>і
1215,<wb>бѫдете
6274,<wb>ненавідімі
1838,<wb>вьсѣмі
976,<wb>імене
563,<wb>моего
368,<wb>раді
39,<wb>і
458 173,<wb>вла|съ
84,<wb>отъ
1800,<wb>главъі
5512,<wb>вашеѧ
62,<wb>не
3946,<wb>погъібнетъ
56,<wb>въ
3496 276,<wb>тръпѣ|ніі
7608,<wb>вашемъ
1982 3835,<wb>сътѧ|жіте
1786,<wb>дшѧ
2429,<wb>вашѧ
1786,<wb>дшѧ
2429,<wb>вашѧ
1786,<wb>дшѧ
152 2,<wb>ва|ш
1786,<wb>дшѧ
152 2,<wb>ва|ш
39,<wb>і
969,<wb>бѫдѫтъ
1767,<wb>знаменіѣ
56,<wb>въ
3304 215,<wb>слънь|ці
39,<wb>і
1879 118,<wb>лоу|нѣ
39,<wb>і
3054 3988,<wb>звѣз|дахъ
39,<wb>і
68,<wb>на
734,<wb>земі
1311 212,<wb>тѫ|га
3191,<wb>ѧзъікомъ
221 126 266 4074,<wb>от|не|ча|аніѣ
3003 143,<wb>шоу|ма
108 101 1366,<wb>мо|ръ|скааго
39,<wb>і
2954 2342,<wb>възмѫ|штеніѣ
168 3521 393 14,<wb>із|дъіха|ѭште|м
4952,<wb>члкмъ
84,<wb>отъ
2609,<wb>страха
39,<wb>і
567 4074,<wb>ча|аніѣ
1142 805,<wb>грѧдѫ|штііхъ
68,<wb>на
4506 602,<wb>въселе|нѫѭ
1464,<wb>сілъі
112,<wb>бо
5052 471,<wb>нбсъ|нъіѧ
2109 5194,<wb>дві|гнѫтъ
70,<wb>сѧ
39,<wb>і
916,<wb>тогда
1893,<wb>оузьріте
732,<wb>сна
2314 1366,<wb>члчь|скааго
2771,<wb>грѧдѫшта
68,<wb>на
4915,<wb>облацѣхъ
75,<wb>съ
1810,<wb>сілоѭ
39,<wb>і
4577,<wb>славоѭ
4655,<wb>многоѭ
2140,<wb>нбо
39,<wb>і
1748,<wb>землѣ
1250,<wb>мімо
1861,<wb>ідетъ
77,<wb>а
1020,<wb>словеса
556,<wb>моѣ
62,<wb>не
1250,<wb>мімо
674 32,<wb>ідѫ|т
6735,<wb>вънемлѣте
71,<wb>же
436,<wb>себѣ
736,<wb>еда
2170,<wb>когда
5304 58 266 304,<wb>отѧ|го|ча|ѭтъ
2780,<wb>срдца
1615,<wb>ваша
866 86 1192,<wb>обѣ|да|ніемъ
39,<wb>і
303 33 119 2156,<wb>пі|ѣ|нь|ствіі
39,<wb>і
2178 123,<wb>печаль|мі
3939 1258 123,<wb>жітіі|скъіі|мі
39,<wb>і
2398 231,<wb>наі|детъ
68,<wb>на
237,<wb>въі
7092,<wb>вънезаапѫ
294 733,<wb>де|нетъ
99,<wb>ѣко
4474,<wb>сѣть
112,<wb>бо
786,<wb>прідетъ
68,<wb>на
618,<wb>вьсѧ
1041 672,<wb>сѣдѧ|штѧѧ
68,<wb>на
7607,<wb>ліці
960 24,<wb>въсе|ѧ
1485,<wb>землѧ
3334,<wb>бьдіте
222,<wb>оубо
68,<wb>на
1649,<wb>вьсѣко
783,<wb>врѣмѧ
4030,<wb>молѧште
70,<wb>сѧ
105,<wb>да
190 2187 54,<wb>сь|подобі|те
70,<wb>сѧ
2631 3127,<wb>оубѣ|жаті
745,<wb>сіхъ
704,<wb>вьсѣхъ
919 805,<wb>хотѧ|штііхъ
503,<wb>бъіті
39,<wb>і
4531,<wb>статі
396,<wb>прѣдъ
4473,<wb>сномъ
2314 3777,<wb>члчь|скомъ
1173,<wb>ѣві
71,<wb>же
70,<wb>сѧ
144,<wb>емоу
2370,<wb>англъ
75,<wb>съ
1586,<wb>нбсе
3406 37 3860,<wb>оукрѣ|п|лѣѧ
39,<wb>і
39,<wb>і
798,<wb>бъіс
56,<wb>въ
1129 388,<wb>подві|зѣ
6532 1781,<wb>прілежь|нѣе
1895,<wb>молѣаше
70,<wb>сѧ
39,<wb>і
798,<wb>бъіс
2714,<wb>потъ
135,<wb>его
99,<wb>ѣко
332 4682,<wb>ка|плѣ
2596,<wb>кръве
332 6415 361,<wb>ка|плѧ|штѧ
68,<wb>на
1403,<wb>землѭ
39,<wb>і
1343,<wb>въставъ
84,<wb>отъ
1904,<wb>молітвъі
2958,<wb>вѣсѧ
75,<wb>съ
107 106,<wb>іс|мь
39,<wb>і
68,<wb>на
2417,<wb>два
2754 2696,<wb>зьло|дѣа
766 43,<wb>оубі|тъ
39,<wb>і
317,<wb>егда
955,<wb>прідѫ
68,<wb>на
707,<wb>мѣсто
7047,<wb>наріцаемое
5813,<wb>краніево
390,<wb>тоу
2906 281,<wb>распѧ|сѧ
39,<wb>і
39,<wb>і
740,<wb>оба
2754 2696,<wb>зьло|дѣа
7173,<wb>ового
222,<wb>оубо
47,<wb>о
1569,<wb>деснѫѭ
77,<wb>а
1096 58,<wb>дроуга|го
47,<wb>о
4931,<wb>шоуѭ
2906 281,<wb>распѧ|сѧ
5482,<wb>ісь
71,<wb>же
892,<wb>глааше
1466,<wb>оче
1127,<wb>отъпоусті
210,<wb>імъ
62,<wb>не
4586,<wb>вѣдѧтъ
112,<wb>бо
70,<wb>сѧ
526,<wb>чьто
1618,<wb>творѧтъ
1555 104 393,<wb>раздѣ|лѣ|ѭште
71,<wb>же
1290,<wb>різъі
135,<wb>его
296 3167,<wb>ме|таахѫ
6205,<wb>жрѣбіѧ
39,<wb>і
7990,<wb>стоѣахѫ
2190,<wb>людіе
720 1059,<wb>зь|рѧште
67 1068 2223,<wb>по|дрѣ|жаахѫ
71,<wb>же
39,<wb>і
39,<wb>і
3931 320,<wb>кьнѧ|зі
1440,<wb>глште
190,<wb>сь
1047,<wb>німі
2331,<wb>інъі
161,<wb>естъ
3527 137,<wb>спс|лъ
105,<wb>да
6815,<wb>спсетъ
39,<wb>і
70,<wb>сѧ
201,<wb>аште
157,<wb>тъ
161,<wb>естъ
930,<wb>хъ
423,<wb>снъ
776,<wb>бжіі
6412 139,<wb>ізбра|нъі
4466,<wb>рѫгаахѫ
71,<wb>же
70,<wb>сѧ
144,<wb>емоу
39,<wb>і
1920,<wb>воіні
7392 393,<wb>прістѫпа|ѭште
39,<wb>і
4584 255,<wb>оц|етъ
90 86 4296,<wb>прі|да|ваѭште
144,<wb>емоу
39,<wb>і
1440,<wb>глште
201,<wb>аште
288,<wb>тъі
313,<wb>есі
774,<wb>црь
685 6848,<wb>іюдеі|скь
5697,<wb>спсі
70,<wb>сѧ
645,<wb>самъ
165,<wb>бѣ
71,<wb>же
6232,<wb>напісаніе
5258,<wb>напісано
4801,<wb>надь
528,<wb>німъ
1884 212 123,<wb>кьні|га|мі
1394 4625 123,<wb>елі|ньска|мі
39,<wb>і
2845 106 5532,<wb>роу|мь|скамі
39,<wb>і
4970 5532,<wb>евреі|скамі
190,<wb>сь
715,<wb>есть
774,<wb>црь
685 6848,<wb>іюдеі|скь
438,<wb>едінъ
71,<wb>же
221,<wb>от
162 802 3882,<wb>об|ѣше|ноую
2754 114 7,<wb>зьло|дѣ|ю
1032 986,<wb>хоу|лѣаше
39,<wb>і
441,<wb>глѧ
201,<wb>аште
288,<wb>тъі
313,<wb>есі
930,<wb>хъ
5697,<wb>спсі
70,<wb>сѧ
645,<wb>самъ
39,<wb>і
336,<wb>нъі
6023,<wb>едінь
71,<wb>же
221,<wb>от
2328,<wb>обою
2754 114 7,<wb>зьло|дѣ|ю
1032 986,<wb>хоу|лѣаше
39,<wb>і
441,<wb>глѧ
201,<wb>аште
288,<wb>тъі
313,<wb>есі
930,<wb>хъ
5697,<wb>спсі
70,<wb>сѧ
645,<wb>самъ
39,<wb>і
336,<wb>нъі
328 180,<wb>отъвѣшта|вь
71,<wb>же
3013,<wb>дроугъіі
5043,<wb>прѣштааше
144,<wb>емоу
441,<wb>глѧ
122,<wb>ні
178,<wb>лі
288,<wb>тъі
2496 116,<wb>боі|ші
70,<wb>сѧ
422,<wb>ба
99,<wb>ѣко
56,<wb>въ
1372 235,<wb>томь|жде
2020 276,<wb>осѫжде|ніі
313,<wb>есі
579,<wb>отъвѣштавъ
71,<wb>же
3013,<wb>дроугъіі
5043,<wb>прѣштааше
144,<wb>емоу
441,<wb>глѧ
122,<wb>ні
178,<wb>лі
288,<wb>тъі
2496 116,<wb>боі|ші
70,<wb>сѧ
422,<wb>ба
99,<wb>ѣко
56,<wb>въ
2318 235,<wb>томъ|жде
2020 276,<wb>осѫжде|ніі
313,<wb>есі
39,<wb>і
140,<wb>вѣ
222,<wb>оубо
56,<wb>въ
3506,<wb>правьдѫ
682 886,<wb>достоі|наѣ
112,<wb>бо
494,<wb>ѣже
596 3298,<wb>дѣла|ховѣ
5003 653 132 87,<wb>въспрі|ем|ле|вѣ
77,<wb>а
190,<wb>сь
1330,<wb>нічесоже
4817,<wb>зьла
190 5057,<wb>сь|творь
39,<wb>і
140,<wb>вѣ
222,<wb>оубо
56,<wb>въ
6892,<wb>правдѫ
682 886,<wb>достоі|наѣ
112,<wb>бо
494,<wb>ѣже
596 3298,<wb>дѣла|ховѣ
5003 653 132 87,<wb>въспрі|ем|ле|вѣ
77,<wb>а
190,<wb>сь
1330,<wb>нічесоже
4817,<wb>зьла
62,<wb>не
2579,<wb>сьтворі
39,<wb>і
892,<wb>глааше
1449,<wb>ісві
5385,<wb>помѧні
226,<wb>мѧ
300,<wb>гі
317,<wb>егда
6256,<wb>прідеші
56,<wb>въ
3366,<wb>црствіе
159,<wb>сі
39,<wb>і
892,<wb>глааше
1449,<wb>ісві
5385,<wb>помѧні
226,<wb>мѧ
300,<wb>гі
317,<wb>егда
6256,<wb>прідеші
56,<wb>въ
6509 830,<wb>цре|ствіе
159,<wb>сі
39,<wb>і
141,<wb>рече
144,<wb>емоу
331,<wb>ісъ
2099,<wb>амінъ
284,<wb>глѭ
356,<wb>тебѣ
1535,<wb>дьнесь
75,<wb>съ
1558,<wb>мноѭ
2062,<wb>бѫдеші
56,<wb>въ
5062,<wb>раі
39,<wb>і
141,<wb>рече
144,<wb>емоу
331,<wb>ісъ
681,<wb>амін
284,<wb>глѭ
356,<wb>тебѣ
1535,<wb>дьнесь
190,<wb>сь
1558,<wb>мноѭ
2062,<wb>бѫдеші
56,<wb>въ
5062,<wb>раі
165,<wb>бѣ
71,<wb>же
1638,<wb>годіна
99,<wb>ѣко
1340 163 17,<wb>ше|ста|а
39,<wb>і
2337,<wb>тъма
798,<wb>бъіс
67,<wb>по
1958,<wb>вьсеі
1100,<wb>землі
156,<wb>до
5138,<wb>годінъі
7923,<wb>девѧтъіѧ
1320 10 673,<wb>слъ|н|цоу
4264 569 358,<wb>мръ|кь|шоу
39,<wb>і
332 94 498 94 19 143,<wb>ка|та|пе|та|з|ма
476 5313 1027,<wb>цр|ковъ|наа
5827,<wb>раздра
70,<wb>сѧ
68,<wb>на
53 1356,<wb>д|вое
221,<wb>от
1792,<wb>горъі
156,<wb>до
122 1145,<wb>ні|зоу
39,<wb>і
1317 272,<wb>възгла|шь
331,<wb>ісъ
2907,<wb>гласомь
6092,<wb>веліемъ
141,<wb>рече
1466,<wb>оче
81,<wb>вь
825,<wb>рѫцѣ
462,<wb>твоі
444 3,<wb>прѣда|ѭ
768,<wb>дхъ
329,<wb>моі
39,<wb>і
121,<wb>се
5337,<wb>рекь
168 7353,<wb>із|дьше
649,<wb>відѣвъ
71,<wb>же
190 133 2586,<wb>сь|ть|нікь
3885,<wb>бъівъшее
1783,<wb>прославі
422,<wb>ба
441,<wb>глѧ
56,<wb>въ
843,<wb>істінѫ
5772,<wb>члкь
190,<wb>сь
5953,<wb>правьденъ
165,<wb>бѣ
39,<wb>і
1355,<wb>въсі
2133,<wb>прішедъше
39,<wb>і
68,<wb>на
3534 117 349,<wb>позо|ро|сь
2620,<wb>відѧште
6175 17,<wb>бъіваѭшта|а
7564,<wb>біѭште
6430,<wb>пръсі
599,<wb>своѧ
777 3089,<wb>възвра|штаахѫ
70,<wb>сѧ
7990,<wb>стоѣахѫ
71,<wb>же
481,<wb>вьсі
535 2775 16,<wb>зна|емі|і
144,<wb>емоу
2604,<wb>іздалече
39,<wb>і
1881,<wb>женъі
1952 1915,<wb>въшедъ|шѧѧ
190,<wb>сь
528,<wb>німъ
221,<wb>от
3050,<wb>галілеѧ
39,<wb>і
5034 361,<wb>зьрѧ|штѧ
745,<wb>сіхъ
56,<wb>въ
1986,<wb>едінѫ
3292,<wb>сѫботъ
760,<wb>зѣло
6222,<wb>рано
955,<wb>прідѫ
1881,<wb>женъі
68,<wb>на
1785,<wb>гробъ
2468 361,<wb>носѧ|штѧ
858,<wb>ѧже
6481,<wb>оуготовашѧ
6172,<wb>ароматъі
39,<wb>і
7782,<wb>етеръі
75,<wb>съ
1047,<wb>німі
39,<wb>і
2825,<wb>обрѣтѫ
1497,<wb>камень
221 103 2194,<wb>от|ва|ленъ
84,<wb>отъ
1970,<wb>гроба
39,<wb>і
56 82 188 110,<wb>въ|ше|дь|шѧ
62,<wb>не
2825,<wb>обрѣтѫ
390,<wb>тоу
4187,<wb>тѣлесе
480,<wb>га
566,<wb>іса
39,<wb>і
798,<wb>бъіс
62,<wb>не
156 2443 4626 55,<wb>до|мъіс|лѧшта|мъ
70,<wb>сѧ
210,<wb>імъ
47,<wb>о
2686,<wb>семъ
39,<wb>і
121,<wb>се
1376,<wb>мѫжа
3760,<wb>дьва
305 242,<wb>ста|сте
56,<wb>въ
562,<wb>ніхъ
56,<wb>въ
7106,<wb>різахъ
49 153 361 145 9,<wb>б|ль|штѧ|шта|х
70,<wb>сѧ
6265 352 2935,<wb>прістра|шъ|намъ
71,<wb>же
2894 55,<wb>бъівъша|мъ
210,<wb>імъ
39,<wb>і
4762 158 55,<wb>поклонь|ша|мъ
1385,<wb>ліца
68,<wb>на
1403,<wb>землѭ
2413,<wb>рѣсте
468,<wb>кь
528,<wb>німъ
526,<wb>чьто
2711,<wb>іштете
5198,<wb>жівааго
75,<wb>съ
867 5440,<wb>мрът|въіімі
595,<wb>нѣстъ
3409,<wb>съде
421,<wb>въста
112,<wb>бо
1737 1926,<wb>помѧ|нѣте
308,<wb>ѣкоже
130,<wb>гла
260,<wb>вамъ
836,<wb>еште
576,<wb>съі
56,<wb>въ
1703,<wb>галілеі
441,<wb>глѧ
99,<wb>ѣко
2542,<wb>подобаетъ
2405,<wb>сноу
2314 3096,<wb>члчь|скоумоу
444 274,<wb>прѣда|ноу
503,<wb>бъіті
56,<wb>въ
825,<wb>рѫцѣ
1300,<wb>члкъ
3548,<wb>грѣшьнікъ
39,<wb>і
2906 670,<wb>распѧ|тоу
503,<wb>бъіті
39,<wb>і
2301,<wb>третіі
2121,<wb>денъ
7940 4518,<wb>въскр|снѫті
39,<wb>і
1737 2397,<wb>помѧ|нѫшѧ
2539,<wb>глъі
135,<wb>его
39,<wb>і
777 604 110,<wb>възвра|штъ|шѧ
70,<wb>сѧ
221,<wb>от
1970,<wb>гроба
4018,<wb>възвѣстішѧ
264,<wb>вьсѣ
747,<wb>сіі
2293,<wb>едіномоу
68,<wb>на
811,<wb>десѧте
39,<wb>і
3052,<wb>всѣмъ
6866,<wb>прочіімъ
165,<wb>бѣ
71,<wb>же
5099,<wb>маріа
3258,<wb>магдалъіні
3318,<wb>іоанна
39,<wb>і
1160,<wb>маріѣ
3682,<wb>іѣковлѣ
39,<wb>і
6637,<wb>прочѧѧ
190,<wb>сь
1047,<wb>німі
858,<wb>ѧже
39,<wb>і
997,<wb>глаахѫ
468,<wb>кь
5594 1337,<wb>ап|ломъ
747,<wb>сіі
39,<wb>і
1757 110,<wb>аві|шѧ
70,<wb>сѧ
1669,<wb>прѣдь
1047,<wb>німі
99,<wb>ѣко
4032 89,<wb>блѧ|ді
4377,<wb>глі
299,<wb>іхъ
39,<wb>і
62,<wb>не
268 216,<wb>іма|ахѫ
994,<wb>вѣръі
210,<wb>імъ
818,<wb>петръ
71,<wb>же
1343,<wb>въставъ
3974,<wb>тече
468,<wb>кь
3188,<wb>гробоу
39,<wb>і
90 2586,<wb>прі|нікь
248,<wb>відѣ
1290,<wb>різъі
6976,<wb>лежѧштѧ
3922,<wb>едінъі
39,<wb>і
452,<wb>іде
56,<wb>въ
436,<wb>себѣ
428 381,<wb>ді|вѧ
70,<wb>сѧ
1252 88,<wb>бъівъшоу|моу
818,<wb>петръ
1343,<wb>въставъ
3974,<wb>тече
150,<wb>къ
3188,<wb>гробоу
39,<wb>і
90 409,<wb>прі|нікъ
248,<wb>відѣ
1290,<wb>різъі
6976,<wb>лежѧштѧ
3922,<wb>едінъі
39,<wb>і
452,<wb>іде
56,<wb>въ
436,<wb>себѣ
428 381,<wb>ді|вѧ
70,<wb>сѧ
1252 435,<wb>бъівъшоу|оумоу
360 933,<wb>пе|трь
41 163 92,<wb>в|ста|въ
3974,<wb>тече
72,<wb>к
615 31,<wb>гро|б
39,<wb>і
121,<wb>се
971,<wb>дъва
221,<wb>от
562,<wb>ніхъ
2982,<wb>бъісте
3732,<wb>ідѫшта
56,<wb>въ
617 235,<wb>ть|жде
869,<wb>день
56,<wb>въ
1285,<wb>весь
221 217 3 3785,<wb>от|сто|ѭ|штѫѭ
5734,<wb>стадіі
3587,<wb>шесть
1761,<wb>десѧтъ
221,<wb>от
7113,<wb>іерлма
5073,<wb>еіже
466,<wb>імѧ
50 143 42 173,<wb>е|ма|оу|съ
39,<wb>і
373,<wb>та
5412 3159,<wb>бесѣдова|аста
150,<wb>къ
436,<wb>себѣ
47,<wb>о
2069,<wb>всѣхъ
4244 229 1522,<wb>пріклю|чь|шііхъ
70,<wb>сѧ
745,<wb>сіхъ
39,<wb>і
798,<wb>бъіс
2633 6626,<wb>бесѣдоу|ѭштема
268,<wb>іма
39,<wb>і
2738 6626,<wb>сътѧза|ѭштема
70,<wb>сѧ
268,<wb>іма
39,<wb>і
121,<wb>се
301 106,<wb>са|мь
331,<wb>ісъ
1477,<wb>прібліжі
70,<wb>сѧ
1619,<wb>ідѣаше
40,<wb>с
2565,<wb>німа
531,<wb>очі
71,<wb>же
1530 242,<wb>дръжа|сте
70,<wb>сѧ
105,<wb>да
135,<wb>его
62,<wb>не
1010 661,<wb>позна|ете
141,<wb>рече
71,<wb>же
468,<wb>кь
2565,<wb>німа
394,<wb>что
419,<wb>сѫтъ
1020,<wb>словеса
159,<wb>сі
47,<wb>о
2278,<wb>ніхъже
2738 3020,<wb>сътѧза|ета
70,<wb>сѧ
468,<wb>кь
436,<wb>себѣ
3732,<wb>ідѫшта
39,<wb>і
5113,<wb>еста
4743 199 66,<wb>дрѧ|се|ла
579,<wb>отъвѣштавъ
71,<wb>же
438,<wb>едінъ
991,<wb>емоуже
466,<wb>імѧ
5253 254,<wb>клео|па
141,<wb>рече
468,<wb>кь
398,<wb>немоу
288,<wb>тъі
178,<wb>лі
438,<wb>едінъ
1782 132 446,<wb>пріше|ле|цъ
313,<wb>есі
56,<wb>въ
6429,<wb>іерлмъ
39,<wb>і
62,<wb>не
551,<wb>чоу
549 1522,<wb>бъівъ|шііхъ
56,<wb>въ
590,<wb>немь
56,<wb>въ
752,<wb>дьні
2781,<wb>сіѧ
39,<wb>і
141,<wb>рече
468,<wb>кь
2565,<wb>німа
1570 193,<wb>къі|іхъ
1254,<wb>она
71,<wb>же
2413,<wb>рѣсте
144,<wb>емоу
494,<wb>ѣже
47,<wb>о
2412,<wb>ісѣ
1738 2965,<wb>наза|реі
227,<wb>іже
798,<wb>бъіс
1186,<wb>мѫжь
57 117 13,<wb>пр|ро|к
8030,<wb>сіленъ
3122,<wb>дѣломъ
39,<wb>і
2325,<wb>словомъ
396,<wb>прѣдъ
5159,<wb>бмь
39,<wb>і
4096,<wb>всѣмі
5123,<wb>людьмі
39,<wb>і
376,<wb>како
2985,<wb>прѣдашѧ
942,<wb>архіереі
39,<wb>і
5102,<wb>кнѧзі
1509,<wb>наші
68,<wb>на
2020 200,<wb>осѫжде|ніе
2162,<wb>сьмрьті
39,<wb>і
2906 434,<wb>распѧ|шѫ
39,<wb>і
478,<wb>мъі
71,<wb>же
2107 7022,<wb>надѣ|ахомъ
70,<wb>сѧ
99,<wb>ѣко
190,<wb>сь
161,<wb>естъ
3591,<wb>хотѧі
6127,<wb>ізбавіті
168 21 104,<wb>із|р|лѣ
208,<wb>нъ
39,<wb>і
1251,<wb>надъ
1838,<wb>вьсѣмі
2301,<wb>третіі
121,<wb>се
6826,<wb>ден
497 126 23,<wb>дъ|не|с
584,<wb>іматъ
221 126 1395,<wb>от|не|ліже
159,<wb>сі
821,<wb>бъішѧ
39,<wb>і
1881,<wb>женъі
7782,<wb>етеръі
221,<wb>от
759,<wb>насъ
1229 3169,<wb>оужа|сішѧ
336,<wb>нъі
549 110,<wb>бъівъ|шѧ
6222,<wb>рано
73,<wb>оу
1970,<wb>гроба
39,<wb>і
62,<wb>не
472 32 110,<wb>обрѣ|т|шѧ
4187,<wb>тѣлесе
135,<wb>его
955,<wb>прідѫ
5855,<wb>глѭштѧ
39,<wb>і
77 3313,<wb>а|вленіе
545 810,<wb>ан|гла
649 110,<wb>відѣвъ|шѧ
227,<wb>іже
39,<wb>і
284 289,<wb>глѭ|тъі
5314,<wb>жіва
39,<wb>і
674,<wb>ідѫ
3551,<wb>етері
221,<wb>от
759,<wb>насъ
468,<wb>кь
3188,<wb>гробоу
39,<wb>і
2825,<wb>обрѣтѫ
311,<wb>тако
308,<wb>ѣкоже
39,<wb>і
1881,<wb>женъі
510,<wb>рѣшѧ
2795,<wb>самого
71 126,<wb>же|не
1279,<wb>відѣшѧ
39,<wb>і
617,<wb>ть
141,<wb>рече
468,<wb>кь
2565,<wb>німа
47,<wb>о
4075 55 886,<wb>неразоу|мъ|наѣ
39,<wb>і
1103 113 1027,<wb>моу|дъ|наа
6269,<wb>срдцемъ
2782,<wb>вѣроваті
47,<wb>о
4778,<wb>въсѣхъ
494,<wb>ѣже
1489,<wb>глашѧ
6341,<wb>пррці
62,<wb>не
311,<wb>тако
178,<wb>лі
3328,<wb>подобааше
4176,<wb>пострадаті
1032,<wb>хоу
39,<wb>і
5698,<wb>въскръснѫті
84,<wb>отъ
2986,<wb>мрътвъііхъ
39,<wb>і
2756,<wb>въніті
56,<wb>въ
1253,<wb>славѫ
651,<wb>своѭ
39,<wb>і
5609,<wb>наченъ
221,<wb>от
6939,<wb>мосеа
39,<wb>і
84,<wb>отъ
2069,<wb>всѣхъ
57 117 13,<wb>пр|ро|к
1360 177,<wb>съказа|аше
268,<wb>іма
3802,<wb>кьнігъі
494,<wb>ѣже
165 17 196,<wb>бѣ|а|хо
47,<wb>о
1107,<wb>немъ
6130,<wb>пісана
39,<wb>і
6540,<wb>прібліжішѧ
70,<wb>сѧ
56,<wb>въ
220 23,<wb>ве|с
56,<wb>въ
4205,<wb>нѭже
1619 54,<wb>ідѣаше|те
39,<wb>і
157,<wb>тъ
3040,<wb>творѣаше
70,<wb>сѧ
105 132,<wb>да|ле
1344,<wb>іті
39,<wb>і
2052 470 17 242,<wb>нѫ|жда|а|сте
39,<wb>і
5195,<wb>глѭшта
162 302 320,<wb>об|лѧ|зі
190,<wb>сь
2872,<wb>нама
99,<wb>ѣко
90,<wb>прі
1407 96,<wb>вече|рѣ
161,<wb>естъ
39,<wb>і
4033 137,<wb>прѣклоні|лъ
70,<wb>сѧ
161,<wb>естъ
1303,<wb>юже
6826,<wb>ден
39,<wb>і
1776,<wb>въніде
190,<wb>сь
2565,<wb>німа
162 132 383,<wb>об|ле|шть
39,<wb>і
798,<wb>бъіс
99,<wb>ѣко
6527,<wb>вьзлеже
190,<wb>сь
2565,<wb>німа
1729,<wb>пріемъ
831,<wb>хлѣбъ
1036 111,<wb>бл|ві
39,<wb>і
127 1337,<wb>прѣ|ломъ
4329,<wb>даѣше
268,<wb>іма
5852 143,<wb>онѣ|ма
71,<wb>же
1150 921 242,<wb>отвръ|зо|сте
70,<wb>сѧ
531,<wb>очі
39,<wb>і
1010 163,<wb>позна|ста
39,<wb>і
39,<wb>і
157,<wb>тъ
1305 1140,<wb>іште|зе
221,<wb>от
3074,<wb>нею
39,<wb>і
2413,<wb>рѣсте
468,<wb>кь
436,<wb>себѣ
62,<wb>не
2643,<wb>срдце
178,<wb>лі
3376,<wb>наю
1792,<wb>горъі
165,<wb>бѣ
56,<wb>въ
3376,<wb>наю
317,<wb>егда
130,<wb>гла
468,<wb>кь
2872,<wb>нама
68,<wb>на
895,<wb>пѫті
39,<wb>і
99,<wb>ѣко
1360 177,<wb>съказа|аше
2872,<wb>нама
3802,<wb>кьнігъі
39,<wb>і
421 816,<wb>въста|въша
56,<wb>въ
617,<wb>ть
567 23,<wb>ча|с
1049 242,<wb>възвраті|сте
70,<wb>сѧ
56,<wb>въ
6429,<wb>іерлмъ
39,<wb>і
3141 242,<wb>обрѣто|сте
448 92 273 433 110,<wb>со|въ|коу|пь|шѧ
70,<wb>сѧ
940,<wb>едіного
68,<wb>на
811,<wb>десѧте
39,<wb>і
227,<wb>іже
812,<wb>бѣахѫ
190,<wb>сь
1047,<wb>німі
1440,<wb>глште
99,<wb>ѣко
56,<wb>въ
843,<wb>істінѫ
421 76,<wb>въста|хъ
39,<wb>і
1173,<wb>ѣві
70,<wb>сѧ
3333,<wb>сімоноу
39,<wb>і
373,<wb>та
1721 17 242,<wb>повѣда|а|сте
494,<wb>ѣже
821,<wb>бъішѧ
68,<wb>на
895,<wb>пѫті
39,<wb>і
99,<wb>ѣко
70,<wb>сѧ
1010,<wb>позна
268,<wb>іма
56,<wb>въ
127 93 2482 200,<wb>прѣ|ло|мле|ніе
2282,<wb>хлѣба
56,<wb>въ
127 93 2482 276,<wb>прѣ|ло|мле|ніі
546 31,<wb>хлѣ|б
305,<wb>ста
67,<wb>по
1549,<wb>срѣдѣ
1092,<wb>оученікъ
809,<wb>своіхъ
39,<wb>і
130,<wb>гла
210,<wb>імъ
688,<wb>міръ
260,<wb>вамъ
695,<wb>азь
568,<wb>есмъ
62,<wb>не
3139,<wb>боіте
70,<wb>сѧ
7594,<wb>оубоѣвъше
71,<wb>же
70,<wb>сѧ
39,<wb>і
6265 7697,<wb>прістра|шьні
1580,<wb>бъівъше
437 216,<wb>мьнѣ|ахѫ
768,<wb>дхъ
2620,<wb>відѧште
39,<wb>і
141,<wb>рече
210,<wb>імъ
394,<wb>что
3131 3786,<wb>съмѫ|штені
939,<wb>есте
39,<wb>і
67,<wb>по
394,<wb>что
829 2464,<wb>помъі|шеніѣ
1714 555,<wb>въсхо|дѧтъ
56,<wb>въ
2780,<wb>срдца
1615,<wb>ваша
1369,<wb>відіте
825,<wb>рѫцѣ
329,<wb>моі
39,<wb>і
1052,<wb>нозѣ
329,<wb>моі
99,<wb>ѣко
645,<wb>самъ
290,<wb>азъ
568,<wb>есмъ
47 281 7861,<wb>о|сѧ|жате
226,<wb>мѧ
39,<wb>і
1369,<wb>відіте
99,<wb>ѣко
768,<wb>дхъ
3595,<wb>плъті
39,<wb>і
3145,<wb>кості
62,<wb>не
584,<wb>іматъ
99,<wb>ѣко
71,<wb>же
226,<wb>мѧ
1369,<wb>відіте
4883,<wb>імѫшта
39,<wb>і
121,<wb>се
5337,<wb>рекь
1399,<wb>показа
210,<wb>імъ
825,<wb>рѫцѣ
39,<wb>і
1052,<wb>нозѣ
39,<wb>і
2983,<wb>ребра
1596,<wb>своѣ
836,<wb>еште
71,<wb>же
62,<wb>не
594 1755,<wb>вѣроу|ѭштемъ
210,<wb>імъ
84,<wb>отъ
2421,<wb>радості
39,<wb>і
551 275 824,<wb>чоу|дѧ|штемъ
70,<wb>сѧ
141,<wb>рече
210,<wb>імъ
1048 54,<wb>імате|те
178,<wb>лі
394,<wb>что
2568 4708,<wb>сънѣ|дно
978,<wb>сьде
609,<wb>оні
71,<wb>же
3857,<wb>дашѧ
144,<wb>емоу
4550,<wb>ръібъі
360 83 139,<wb>пе|че|нъі
3692,<wb>чѧсть
39,<wb>і
84,<wb>отъ
1351 83 137,<wb>бь|че|лъ
190 43,<wb>сь|тъ
39,<wb>і
3425,<wb>ѣдъ
1669,<wb>прѣдь
1047,<wb>німі
5121,<wb>прочее
520,<wb>дастъ
3381,<wb>ім
39,<wb>і
141,<wb>рече
210,<wb>імъ
121,<wb>се
419,<wb>сѫтъ
1020,<wb>словеса
494,<wb>ѣже
2161,<wb>глахъ
260,<wb>вамъ
836,<wb>еште
1724,<wb>жівъ
576,<wb>съі
99,<wb>ѣко
2542,<wb>подобаетъ
6912 52,<wb>съконча|ті
70,<wb>сѧ
5426,<wb>въсѣмъ
1456 139,<wb>напіса|нъі
210,<wb>імъ
56,<wb>въ
2504,<wb>законѣ
3168 5640,<wb>мосе|овѣ
39,<wb>і
1885 1131,<wb>прр|цѣхъ
39,<wb>і
5595 2742,<wb>псал|мѣхъ
47,<wb>о
437,<wb>мьнѣ
916,<wb>тогда
3543,<wb>отвръзе
210,<wb>імъ
1428,<wb>оумъ
105,<wb>да
2828,<wb>разоумѣѭтъ
3802,<wb>кьнігъі
39,<wb>і
141,<wb>рече
210,<wb>імъ
99,<wb>ѣко
311,<wb>тако
161,<wb>естъ
2141,<wb>пісано
39,<wb>і
311,<wb>тако
3328,<wb>подобааше
4176,<wb>пострадаті
1032,<wb>хоу
39,<wb>і
7940 4518,<wb>въскр|снѫті
84,<wb>отъ
2986,<wb>мрътвъііхъ
2301,<wb>третіі
869,<wb>день
39,<wb>і
4154,<wb>проповѣдаті
70,<wb>сѧ
56,<wb>въ
466,<wb>імѧ
135,<wb>его
6453,<wb>покаанію
39,<wb>і
657 3971,<wb>отъпоу|штенію
386 196 2640,<wb>грѣ|хо|ховъ
56,<wb>въ
572 675,<wb>всѣ|хь
4309,<wb>ѧзъіцѣхъ
5041 119 82,<wb>наче|нь|ше
84,<wb>отъ
7113,<wb>іерлма
237,<wb>въі
71,<wb>же
939,<wb>есте
4085 132,<wb>съвѣдѣте|ле
2710,<wb>сімъ
39,<wb>і
121,<wb>се
695,<wb>азь
2400 500,<wb>пось|лѭ
866 115 3837,<wb>обѣ|то|ваніе
633,<wb>оца
563,<wb>моего
68,<wb>на
237,<wb>въі
237,<wb>въі
71,<wb>же
70 382,<wb>сѧ|дѣте
56,<wb>въ
1565,<wb>градѣ
4742 492,<wb>іероусалімъ|стѣ
1315,<wb>доньдеже
7920,<wb>облѣчете
70,<wb>сѧ
1810,<wb>сілоѭ
75,<wb>съ
3340,<wb>въіше
3175,<wb>ізведе
71,<wb>же
225,<wb>ѧ
2420,<wb>вонъ
156,<wb>до
5694 2729,<wb>віѳа|ніѧ
39,<wb>і
7834,<wb>въздвігъ
825,<wb>рѫцѣ
424,<wb>своі
1036 111,<wb>бл|ві
225,<wb>ѧ
39,<wb>і
798,<wb>бъіс
317,<wb>егда
1036 87 82,<wb>бл|вѣ|ше
225,<wb>ѧ
3111,<wb>отъстѫпі
84,<wb>отъ
562,<wb>ніхъ
39,<wb>і
3447 2879,<wb>възно|шааше
70,<wb>сѧ
68,<wb>на
2140,<wb>нбо
39,<wb>і
323,<wb>ті
4995,<wb>поклонішѧ
70,<wb>сѧ
144,<wb>емоу
39,<wb>і
4478,<wb>възвратішѧ
70,<wb>сѧ
56,<wb>въ
6429,<wb>іерлмъ
75,<wb>съ
2659,<wb>радостіѭ
7153,<wb>веліеѭ
39,<wb>і
812,<wb>бѣахѫ
2244,<wb>въінѫ
56,<wb>въ
2796,<wb>цркві
6742,<wb>хвалѧште
422,<wb>ба
39,<wb>і
1036 18 91,<wb>бл|в|ште
480,<wb>га
2099,<wb>амінъ
1036 91,<wb>бл|ште
422,<wb>ба
681,<wb>амін
4002,<wb>ісконі
165,<wb>бѣ
442,<wb>слово
39,<wb>і
442,<wb>слово
165,<wb>бѣ
73,<wb>оу
422,<wb>ба
39,<wb>і
443,<wb>бъ
165,<wb>бѣ
442,<wb>слово
121,<wb>се
165,<wb>бѣ
4002,<wb>ісконі
73,<wb>оу
422,<wb>ба
264,<wb>вьсѣ
1894,<wb>тѣмъ
821,<wb>бъішѧ
39,<wb>і
277 15 126 58,<wb>бе|ж|не|го
1330,<wb>нічесоже
62,<wb>не
351,<wb>бъістъ
295,<wb>еже
351,<wb>бъістъ
56,<wb>въ
2318,<wb>томъ
920,<wb>жівотъ
165,<wb>бѣ
39,<wb>і
920,<wb>жівотъ
165,<wb>бѣ
957,<wb>свѣтъ
4952,<wb>члкмъ
39,<wb>і
4060,<wb>свѣт
56,<wb>въ
3712,<wb>тьмѣ
40 92 1990,<wb>с|въ|тітъ
70,<wb>сѧ
39,<wb>і
617 143,<wb>ть|ма
135,<wb>его
62,<wb>не
3299 32,<wb>обѧ|т
798,<wb>бъіс
1300,<wb>члкъ
2570,<wb>посъланъ
221,<wb>от
422,<wb>ба
466,<wb>імѧ
144,<wb>емоу
1219,<wb>іоанъ
190,<wb>сь
416,<wb>пріде
56,<wb>въ
1176 382 36 372,<wb>сьвѣ|дѣте|л|ство
105,<wb>да
6813,<wb>съвѣдѣтельствоуетъ
47,<wb>о
4387,<wb>свѣтѣ
105,<wb>да
1286,<wb>всі
827,<wb>вѣрѫ
1177,<wb>імѫтъ
144,<wb>емоу
62,<wb>не
165,<wb>бѣ
157,<wb>тъ
4060,<wb>свѣт
208,<wb>нъ
105,<wb>да
7044,<wb>сьвѣдѣтельствоуетъ
47,<wb>о
4387,<wb>свѣтѣ
165,<wb>бѣ
4060,<wb>свѣт
1773 98,<wb>істінъ|нъ
227,<wb>іже
5119 255,<wb>просвѣшта|етъ
7386 58,<wb>въсѣко|го
1909,<wb>чка
674 1154,<wb>ідѫ|штааго
56,<wb>въ
688,<wb>міръ
56,<wb>въ
2060,<wb>мірѣ
165,<wb>бѣ
39,<wb>і
688,<wb>міръ
1894,<wb>тѣмъ
798,<wb>бъіс
39,<wb>і
1285,<wb>весь
688,<wb>міръ
135,<wb>его
62,<wb>не
1505,<wb>пріѧтъ
4898,<wb>елікоже
299,<wb>іхъ
1505 16,<wb>пріѧтъ|і
520,<wb>дастъ
210,<wb>імъ
3327,<wb>область
5095,<wb>чѧдомъ
392 653,<wb>бжі|ем
503,<wb>бъіті
6978,<wb>вѣроуѭштіімъ
56,<wb>въ
466,<wb>імѧ
135,<wb>его
227,<wb>іже
62,<wb>не
221,<wb>от
2596,<wb>кръве
122,<wb>ні
221,<wb>от
5146,<wb>похоті
2518 1185,<wb>плъть|скъіѧ
122,<wb>ні
221,<wb>от
5146,<wb>похоті
1186 344,<wb>мѫжь|скъі
208,<wb>нъ
221,<wb>от
422,<wb>ба
790 110,<wb>роді|шѧ
70,<wb>сѧ
39,<wb>і
442,<wb>слово
2518,<wb>плъть
351,<wb>бъістъ
39,<wb>і
5949,<wb>въселі
70,<wb>сѧ
41 139,<wb>в|нъі
39,<wb>і
2219,<wb>відѣхомъ
1253,<wb>славѫ
135,<wb>его
1253,<wb>славѫ
99,<wb>ѣко
3629 5018,<wb>іночѧ|дааго
221,<wb>от
633,<wb>оца
3446,<wb>ісплънь
3017,<wb>благодѣті
39,<wb>і
3177,<wb>істінъі
1219,<wb>іоанъ
553 34,<wb>съвѣ|д
238 153 605 1359,<wb>те|ль|ствоу|еть
47,<wb>о
1107,<wb>немъ
39,<wb>і
41 312 103,<wb>в|зь|ва
441,<wb>глѧ
190,<wb>сь
165,<wb>бѣ
538,<wb>егоже
949,<wb>рѣхъ
1601,<wb>грѧдъі
67,<wb>по
588,<wb>мнѣ
396,<wb>прѣдъ
2117,<wb>мъноѭ
798,<wb>бъіс
99,<wb>ѣко
1950 16,<wb>пръвѣ|і
364,<wb>мене
165,<wb>бѣ
39,<wb>і
221,<wb>от
6596 297,<wb>ісплъне|ніѣ
135,<wb>его
478,<wb>мъі
1286,<wb>всі
1169 1093,<wb>пріѧ|сомъ
2484,<wb>благодѣть
160,<wb>въз
2484,<wb>благодѣть
99,<wb>ѣко
3168 1321,<wb>мосе|омъ
1384,<wb>законъ
6955,<wb>данъ
351,<wb>бъістъ
2484,<wb>благодѣть
39,<wb>і
2700,<wb>істіна
107 454,<wb>іс|хомъ
3442,<wb>бъість
422,<wb>ба
748,<wb>ніктоже
62,<wb>не
248,<wb>відѣ
122 569 800,<wb>ні|кь|деже
208,<wb>нъ
617 3770,<wb>ть|кьмо
3629 267,<wb>іночѧ|дъі
423,<wb>снъ
6580,<wb>съіі
56,<wb>въ
7614,<wb>лонѣ
47 8,<wb>о|ч
157,<wb>тъ
1031,<wb>ісповѣда
39,<wb>і
121,<wb>се
161,<wb>естъ
2510,<wb>съвѣдѣтельство
5550 63,<wb>іоано|во
317,<wb>егда
3856,<wb>посълашѧ
685,<wb>іюдеі
84,<wb>отъ
7113,<wb>іерлма
2394 24,<wb>іере|ѧ
39,<wb>і
639 18 2082 289,<wb>ле|в|гі|тъі
105,<wb>да
860 2222 16,<wb>въпро|сѧтъ|і
39,<wb>і
288,<wb>тъі
523,<wb>кто
313,<wb>есі
39,<wb>і
1031,<wb>ісповѣда
39,<wb>і
62,<wb>не
221 852,<wb>от|връже
70,<wb>сѧ
39,<wb>і
1721,<wb>повѣда
99,<wb>ѣко
2134,<wb>нѣсмъ
695,<wb>азь
7077,<wb>хь
39,<wb>і
3373,<wb>въпросішѧ
39,<wb>і
526,<wb>чьто
222,<wb>оубо
288,<wb>тъі
313,<wb>есі
518 17,<wb>ілі|а
178,<wb>лі
313,<wb>есі
39,<wb>і
130,<wb>гла
3329,<wb>нѣсмь
4644,<wb>прркъ
178,<wb>лі
222,<wb>оубо
313,<wb>есі
288,<wb>тъі
39,<wb>і
221 87,<wb>от|вѣ
122,<wb>ні
510,<wb>рѣшѧ
144,<wb>емоу
523,<wb>кто
313,<wb>есі
105,<wb>да
4144,<wb>отъвѣтъ
3361,<wb>дамъ
456 4627,<wb>посъла|въшіімъ
336,<wb>нъі
526,<wb>чьто
1594,<wb>глеші
47,<wb>о
356,<wb>тебѣ
1166 106,<wb>само|мь
141,<wb>рече
290,<wb>азъ
3452,<wb>глас
1914 3 183,<wb>въпі|ѭ|шт
77 213,<wb>а|аго
56,<wb>въ
1560,<wb>поустъіні
4382 54,<wb>ісправі|те
1029,<wb>пѫть
2502,<wb>гнъ
308,<wb>ѣкоже
141,<wb>рече
2136 17,<wb>ісаі|а
4644,<wb>прркъ
39,<wb>і
456 60,<wb>посъла|ні
812,<wb>бѣахѫ
221,<wb>от
1325,<wb>фарісеі
39,<wb>і
3373,<wb>въпросішѧ
39,<wb>і
39,<wb>і
510,<wb>рѣшѧ
144,<wb>емоу
526,<wb>чьто
222,<wb>оубо
1204 3762,<wb>кр|штаеші
201,<wb>аште
288,<wb>тъі
3106,<wb>нѣсі
930,<wb>хъ
122,<wb>ні
518 17,<wb>ілі|а
122,<wb>ні
4644,<wb>прркъ
1353,<wb>отвѣшта
210,<wb>імъ
1219,<wb>іоанъ
441,<wb>глѧ
695,<wb>азь
1204 3716,<wb>кр|штаѭ
237,<wb>въі
56,<wb>въ
2489,<wb>водѣ
67,<wb>по
1549,<wb>срѣдѣ
71,<wb>же
544,<wb>васъ
7014,<wb>стоітъ
538,<wb>егоже
237,<wb>въі
62,<wb>не
1271,<wb>вѣсте
1601,<wb>грѧдъі
67,<wb>по
588,<wb>мнѣ
99,<wb>ѣко
396,<wb>прѣдъ
1558,<wb>мноѭ
161,<wb>естъ
991,<wb>емоуже
695,<wb>азь
2134,<wb>нѣсмъ
1710,<wb>достоінъ
2354 2944,<wb>отрѣ|шіті
128 206,<wb>ре|ме
7013,<wb>сапогоу
135,<wb>его
747,<wb>сіі
56,<wb>въ
5694 276,<wb>віѳа|ніі
821,<wb>бъішѧ
162,<wb>об
366,<wb>онъ
1736,<wb>полъ
2480 6248,<wb>іер|дана
452,<wb>іде
165,<wb>бѣ
2473,<wb>іоан
1204 1577,<wb>кр|стѧ
649,<wb>відѣвъ
1219,<wb>іоанъ
566,<wb>іса
2771,<wb>грѧдѫшта
150,<wb>къ
436,<wb>себѣ
39,<wb>і
130,<wb>гла
121,<wb>се
714 1959,<wb>аг|нець
776,<wb>бжіі
6827 3913,<wb>възем|лѧі
1806,<wb>грѣхъі
4045,<wb>въсего
975,<wb>міра
190,<wb>сь
161,<wb>естъ
47,<wb>о
3826,<wb>немже
290,<wb>азъ
949,<wb>рѣхъ
67,<wb>по
437,<wb>мьнѣ
1578,<wb>грѧдетъ
1186,<wb>мѫжь
227,<wb>іже
3707,<wb>прѣд
1558,<wb>мноѭ
798,<wb>бъіс
99,<wb>ѣко
1950 16,<wb>пръвѣ|і
364,<wb>мене
165,<wb>бѣ
39,<wb>і
695,<wb>азь
62,<wb>не
791 76,<wb>вѣдѣ|хъ
135,<wb>его
208,<wb>нъ
105,<wb>да
5566,<wb>ѣвітъ
70,<wb>сѧ
168 36 111,<wb>із|л|ві
387,<wb>сего
368,<wb>раді
1743,<wb>прідъ
290,<wb>азъ
56,<wb>въ
4984,<wb>водахъ
1204 1577,<wb>кр|стѧ
39,<wb>і
4496,<wb>съвѣдѣтельствова
1219,<wb>іоанъ
441,<wb>глѧ
99,<wb>ѣко
2406,<wb>відѣхъ
768,<wb>дхъ
2871 604,<wb>съходѧ|штъ
99,<wb>ѣко
3087 315,<wb>голѫ|бъ
75,<wb>съ
1586,<wb>нбсе
39,<wb>і
659 23,<wb>прѣбъі|с
68,<wb>на
1107,<wb>немъ
39,<wb>і
290,<wb>азъ
62,<wb>не
791 76,<wb>вѣдѣ|хъ
135,<wb>его
208,<wb>нъ
4679,<wb>посълавъі
226,<wb>мѧ
1204 1956,<wb>кр|стітъ
56,<wb>въ
2489,<wb>водѣ
157,<wb>тъ
588,<wb>мнѣ
141,<wb>рече
4801,<wb>надь
1602,<wb>ньже
3498,<wb>оузьріші
768,<wb>дхъ
2871 604,<wb>съходѧ|штъ
39,<wb>і
989 6406,<wb>прѣбъіва|ѭштъ
68,<wb>на
1107,<wb>немъ
157,<wb>тъ
161,<wb>естъ
1204 69 509,<wb>кр|ст|ѧі
2864,<wb>дхмъ
251 55,<wb>ст|мъ
39,<wb>і
695,<wb>азь
2406,<wb>відѣхъ
39,<wb>і
2510 1381,<wb>съвѣдѣтельство|вахъ
99,<wb>ѣко
190,<wb>сь
161,<wb>естъ
423,<wb>снъ
776,<wb>бжіі
5731,<wb>стоѣаше
2473,<wb>іоан
39,<wb>і
84,<wb>отъ
1092,<wb>оученікъ
135,<wb>его
3760,<wb>дьва
3588,<wb>стоѣше
2473,<wb>іоан
39,<wb>і
221,<wb>от
4552,<wb>оученікь
135,<wb>его
3760,<wb>дьва
3588,<wb>стоѣше
2473,<wb>іоан
39,<wb>і
84,<wb>отъ
6847 10 13,<wb>оуче|н|к
2855,<wb>оузьрѣ
71,<wb>же
566,<wb>іса
6047,<wb>ходѧшта
39,<wb>і
130,<wb>гла
121,<wb>се
714 1959,<wb>аг|нець
776,<wb>бжіі
39,<wb>і
1148 163,<wb>оуслъіша|ста
39,<wb>і
740,<wb>оба
2333,<wb>оученіка
6480,<wb>глшта
39,<wb>і
67,<wb>по
2412,<wb>ісѣ
7501,<wb>ідосте
39,<wb>і
2912,<wb>обрашть
70,<wb>сѧ
331,<wb>ісъ
39,<wb>і
649,<wb>відѣвъ
78,<wb>ѣ
67,<wb>по
436,<wb>себѣ
3732,<wb>ідѫшта
130,<wb>гла
268,<wb>іма
526,<wb>чьто
7959,<wb>хоштета
1254,<wb>она
71,<wb>же
2413,<wb>рѣсте
144,<wb>емоу
3816,<wb>равві
295,<wb>еже
948 32,<wb>гле|т
70,<wb>сѧ
5794,<wb>съказаемо
1302,<wb>оучітелю
4118,<wb>кьде
7666,<wb>жівеші
130,<wb>гла
268,<wb>іма
90 4040,<wb>прі|дѣта
952 94,<wb>віді|та
7429,<wb>прідосте
71,<wb>же
39,<wb>і
248 163,<wb>відѣ|ста
4118,<wb>кьде
4276,<wb>жівѣаше
39,<wb>і
2982,<wb>бъісте
73,<wb>оу
513,<wb>него
294 126 32,<wb>де|не|т
1638,<wb>годіна
71,<wb>же
165,<wb>бѣ
99,<wb>ѣко
2519 94 33,<wb>девѧ|та|ѣ
165,<wb>бѣ
71,<wb>же
7424 17,<wb>андре|а
2745,<wb>братръ
2918,<wb>сімона
2094,<wb>петра
438,<wb>едінъ
84,<wb>отъ
2328,<wb>обою
990 358 7,<wb>слъішавъ|шоу|ю
221,<wb>от
1443,<wb>іоана
39,<wb>і
67,<wb>по
1107,<wb>немъ
1291 358 7,<wb>шедъ|шоу|ю
1128,<wb>обрѣте
75,<wb>съ
536,<wb>прѣжде
2830,<wb>брата
524,<wb>своего
2918,<wb>сімона
39,<wb>і
130,<wb>гла
144,<wb>емоу
7596,<wb>обрѣтомъ
296 4978,<wb>ме|сіѭ
295,<wb>еже
161,<wb>естъ
190 839 2751,<wb>сь|каза|емъі
7077,<wb>хь
39,<wb>і
2457,<wb>пріведе
39,<wb>і
468,<wb>кь
1449,<wb>ісві
2880,<wb>възьрѣвъ
71,<wb>же
68,<wb>на
484,<wb>нь
5482,<wb>ісь
39,<wb>і
141,<wb>рече
288,<wb>тъі
313,<wb>есі
1839,<wb>сімонъ
423,<wb>снъ
6152,<wb>іонінъ
288,<wb>тъі
5438,<wb>наречеші
70,<wb>сѧ
3230 2347,<wb>кі|фа
295,<wb>еже
1360 2649,<wb>съказа|ет
70,<wb>сѧ
818,<wb>петръ
295,<wb>еже
1360 255,<wb>съказа|етъ
70,<wb>сѧ
818,<wb>петръ
56,<wb>въ
4481,<wb>оутрѣі
71,<wb>же
6826,<wb>ден
56,<wb>въ
121,<wb>се
71,<wb>же
77,<wb>а
62 34,<wb>не|д
1774,<wb>поста
40 196 319,<wb>с|хо|тѣ
107,<wb>іс
3977,<wb>ізіті
56,<wb>въ
2767,<wb>галілеѭ
39,<wb>і
1128,<wb>обрѣте
5514,<wb>філіпа
39,<wb>і
130,<wb>гла
144,<wb>емоу
3108,<wb>грѧді
67,<wb>по
2231,<wb>мънѣ
2608,<wb>въсхотѣ
331,<wb>ісъ
3977,<wb>ізіті
6953,<wb>вьсхотѣ
331,<wb>ісъ
496 32,<wb>ізі|т
165,<wb>бѣ
71,<wb>же
1670 433,<wb>філі|пь
221,<wb>от
167 34 4628 267,<wb>ві|д|саі|дъі
6388 218,<wb>градь|ца
7424 2225,<wb>андре|ова
39,<wb>і
2038 103,<wb>петро|ва
1128,<wb>обрѣте
1670 433,<wb>філі|пь
5650 3778 104,<wb>наѳа|наі|лѣ
39,<wb>і
130,<wb>гла
144,<wb>емоу
538,<wb>егоже
979,<wb>піса
2560,<wb>мосі
81,<wb>вь
2504,<wb>законѣ
39,<wb>і
6341,<wb>пррці
7596,<wb>обрѣтомъ
566,<wb>іса
732,<wb>сна
1072 2225,<wb>іосіф|ова
227,<wb>іже
221,<wb>от
7500,<wb>назарета
39,<wb>і
130,<wb>гла
144,<wb>емоу
5650 3778 153,<wb>наѳа|наі|ль
84,<wb>отъ
7500,<wb>назарета
819,<wb>можетъ
178,<wb>лі
394,<wb>что
640,<wb>добро
503,<wb>бъіті
130,<wb>гла
144,<wb>емоу
1670 37,<wb>філі|п
2870,<wb>пріді
39,<wb>і
3243,<wb>віждь
649,<wb>відѣвъ
71,<wb>же
331,<wb>ісъ
5650 3778 104,<wb>наѳа|наі|лѣ
2771,<wb>грѧдѫшта
468,<wb>кь
436,<wb>себѣ
39,<wb>і
130,<wb>гла
144,<wb>емоу
121,<wb>се
56,<wb>въ
843,<wb>істінѫ
518 319 1620,<wb>ілі|тѣ|нінъ
56,<wb>въ
3697,<wb>немъже
3067,<wb>льсті
595,<wb>нѣстъ
130,<wb>гла
144,<wb>емоу
5650 3778 153,<wb>наѳа|наі|ль
376,<wb>како
226,<wb>мѧ
535 608,<wb>зна|еші
579,<wb>отъвѣштавъ
5482,<wb>ісь
141,<wb>рече
144,<wb>емоу
536,<wb>прѣжде
2238,<wb>даже
62,<wb>не
2802,<wb>възгласі
614,<wb>тебе
1670 433,<wb>філі|пь
1663,<wb>сѫшта
826,<wb>подъ
1363 5313 5642,<wb>смо|ковъ|ніцеѭ
2406,<wb>відѣхъ
374,<wb>тѧ
4267,<wb>отъвѣ
144,<wb>емоу
5650 3778 153,<wb>наѳа|наі|ль
39,<wb>і
130,<wb>гла
3816,<wb>равві
288,<wb>тъі
313,<wb>есі
423,<wb>снъ
776,<wb>бжіі
288,<wb>тъі
845,<wb>цръ
313,<wb>есі
39 3714,<wb>і|лвъ
5264,<wb>отвѣштавъ
331,<wb>ісъ
141,<wb>рече
144,<wb>емоу
1070,<wb>зане
949,<wb>рѣхъ
323,<wb>ті
99,<wb>ѣко
248 675,<wb>відѣ|хь
374,<wb>тѧ
1663,<wb>сѫшта
7633,<wb>подь
3597 5642,<wb>смоковь|ніцеѭ
4120,<wb>вѣроуеші
4472,<wb>больша
3498,<wb>оузьріші
39,<wb>і
130,<wb>гла
144,<wb>емоу
681,<wb>амін
681,<wb>амін
284,<wb>глѭ
2532,<wb>вам
221,<wb>от
121 74,<wb>се|лі
1893,<wb>оузьріте
4504,<wb>нбса
1150 163,<wb>отвръ|ста
39,<wb>і
4753,<wb>англъі
3540,<wb>бжіѧ
2851 361,<wb>въсходѧ|штѧ
39,<wb>і
122 312 560 361,<wb>ні|зь|ходѧ|штѧ
1251,<wb>надъ
732,<wb>сна
5518 266,<wb>члвѣ|ча
1251,<wb>надъ
732,<wb>сна
109 266,<wb>ч|ча
1251,<wb>надъ
732,<wb>сна
5709,<wb>члча
68 34,<wb>на|д
732,<wb>сна
109 104,<wb>ч|лѣ
355 148,<wb>бра|къі
821,<wb>бъішѧ
56,<wb>въ
4592,<wb>кана
1703,<wb>галілеі
39,<wb>і
165,<wb>бѣ
1474,<wb>маті
4744,<wb>ісва
390,<wb>тоу
4071 98,<wb>зьва|нъ
71,<wb>же
165,<wb>бѣ
331,<wb>ісъ
39,<wb>і
559,<wb>оученіці
135,<wb>его
68,<wb>на
3997,<wb>бракъ
39,<wb>і
7243 1033,<wb>недоста|въшоу
167 274,<wb>ві|ноу
130,<wb>гла
3196,<wb>мті
4744,<wb>ісва
468,<wb>кь
398,<wb>немоу
2567,<wb>віна
62,<wb>не
1177,<wb>імѫтъ
130,<wb>гла
561,<wb>еі
331,<wb>ісъ
394,<wb>что
161,<wb>естъ
437,<wb>мьнѣ
39,<wb>і
356,<wb>тебѣ
3124,<wb>жено
62,<wb>не
73,<wb>оу
416,<wb>пріде
1638,<wb>годіна
556,<wb>моѣ
130,<wb>гла
3196,<wb>мті
135,<wb>его
468,<wb>кь
4530,<wb>слоугамъ
295,<wb>еже
201,<wb>аште
1561,<wb>глетъ
260,<wb>вамъ
2612,<wb>сътворіте
165,<wb>бѣ
71,<wb>же
390,<wb>тоу
4509 7755,<wb>водо|носъ
7570 98,<wb>камѣ|нъ
3587,<wb>шесть
1533 604,<wb>лежѧ|штъ
67,<wb>по
531 3971,<wb>очі|штенію
685 795,<wb>іюдеі|скоу
3535 1577 604,<wb>въмѣ|стѧ|штъ
67,<wb>по
3479,<wb>дьвѣма
178,<wb>лі
67,<wb>по
721 55,<wb>тре|мъ
353 61 55,<wb>мѣ|ра|мъ
130,<wb>гла
210,<wb>імъ
331,<wb>ісъ
4401 1508,<wb>наплъ|ніте
4509 85 515,<wb>водо|но|съі
1402,<wb>водъі
39,<wb>і
4401 3018,<wb>наплъ|нішѧ
156,<wb>до
7644,<wb>връха
130,<wb>гла
210,<wb>імъ
5334 467 54,<wb>почръ|пѣ|те
6007,<wb>ннѣ
39,<wb>і
3670,<wb>прінесѣте
7417 274,<wb>архітріклі|ноу
609,<wb>оні
71,<wb>же
5408,<wb>прінѣсѧ
39,<wb>і
99,<wb>ѣко
56 59 129,<wb>въ|ко|сі
7417 98,<wb>архітріклі|нъ
2567,<wb>віна
3970,<wb>бъівъшааго
221,<wb>от
1402,<wb>водъі
39,<wb>і
62,<wb>не
2401,<wb>вѣдѣаше
221,<wb>от
3794,<wb>кѫдоу
161,<wb>естъ
77,<wb>а
2057,<wb>слоугъі
6148,<wb>вѣдѣахѫ
5334 461 1915,<wb>почръ|пъ|шѧѧ
1905,<wb>водѫ
5420,<wb>прігласі
4152 432,<wb>жені|ха
7417 98,<wb>архітріклі|нъ
39,<wb>і
130,<wb>гла
144,<wb>емоу
2531,<wb>всѣкъ
1300,<wb>члкъ
3866,<wb>доброе
1017,<wb>віно
4719,<wb>пръвое
1208 255,<wb>пода|етъ
39,<wb>і
317,<wb>егда
73 243 5651,<wb>оу|пі|ѭт
70,<wb>сѧ
390,<wb>тоу
373 266 11,<wb>та|ча|е
288,<wb>тъі
71,<wb>же
1617 79,<wb>съблю|де
3866,<wb>доброе
1017,<wb>віно
156,<wb>до
1831,<wb>селѣ
121,<wb>се
261,<wb>сътворі
904 115 138,<wb>начѧ|то|къ
744 1192,<wb>знаме|ніемъ
331,<wb>ісъ
56,<wb>въ
4592,<wb>кана
1703 2524,<wb>галілеі|стѣі
39,<wb>і
1757,<wb>аві
1253,<wb>славѫ
651,<wb>своѭ
39,<wb>і
2836,<wb>вѣровашѧ
559,<wb>оученіці
135,<wb>его
1776,<wb>въніде
331,<wb>ісъ
81,<wb>вь
6409 3085,<wb>капер|наоумъ
645,<wb>самъ
39,<wb>і
3196,<wb>мті
135,<wb>его
39,<wb>і
3095 17,<wb>браті|а
135,<wb>его
39,<wb>і
559,<wb>оученіці
135,<wb>его
39,<wb>і
390,<wb>тоу
73,<wb>оу
513,<wb>него
823,<wb>многъі
752,<wb>дьні
7012,<wb>прѣбъішѧ
39,<wb>і
5476,<wb>блізь
165,<wb>бѣ
2762,<wb>пасха
3643,<wb>іюдеіска
39,<wb>і
1776,<wb>въніде
331,<wb>ісъ
56,<wb>въ
2480 3731,<wb>іер|слмъ
39,<wb>і
1128,<wb>обрѣте
56,<wb>въ
2796,<wb>цркві
1541 2902,<wb>прода|ѭштѧ
7595,<wb>волъі
39,<wb>і
3944,<wb>овцѧ
39,<wb>і
4967,<wb>голѫбі
39,<wb>і
2268 257 946,<wb>пѣнѧ|жь|нікъі
1041 361,<wb>сѣдѧ|штѧ
39,<wb>і
261,<wb>сътворі
99,<wb>ѣко
453 229,<wb>бі|чь
221,<wb>от
1249 1425,<wb>връ|віі
39,<wb>і
2415,<wb>всѧ
4427,<wb>ізгьна
39 26 21 3864,<wb>і|ц|р|кве
3944,<wb>овцѧ
71,<wb>же
39,<wb>і
7595,<wb>волъі
39,<wb>і
1541 1455,<wb>прода|ѭштіімъ
7015,<wb>расъіпа
4073,<wb>сьребро
39,<wb>і
7052,<wb>дъскъі
3572 634 48,<wb>іспро|врь|же
39,<wb>і
1541 1455,<wb>прода|ѭштіімъ
4967,<wb>голѫбі
141,<wb>рече
4968,<wb>вьзьмѣте
121,<wb>се
221,<wb>от
4893,<wb>сѫдоу
39,<wb>і
62,<wb>не
1451,<wb>творіте
756,<wb>домоу
633,<wb>оца
563,<wb>моего
756,<wb>домоу
1361 153 482,<wb>коуп|ль|нааго
39,<wb>і
1737 2397,<wb>помѧ|нѫшѧ
559,<wb>оученіці
135,<wb>его
99,<wb>ѣко
2141,<wb>пісано
161,<wb>естъ
5910 93 214,<wb>жа|ло|сть
756,<wb>домоу
697,<wb>твоего
3439 97,<wb>сьнѣ|стъ
226,<wb>мѧ
39,<wb>і
1992,<wb>отъвѣшташѧ
685,<wb>іюдеі
39,<wb>і
510,<wb>рѣшѧ
144,<wb>емоу
1269,<wb>кое
1719,<wb>знаменіе
77 597 608,<wb>а|влѣ|еші
489,<wb>намъ
99,<wb>ѣко
159,<wb>сі
1901,<wb>творіші
39,<wb>і
328,<wb>отъвѣшта
331,<wb>ісъ
39,<wb>і
141,<wb>рече
210,<wb>імъ
2628 54,<wb>разорі|те
7390,<wb>црквь
1732,<wb>сіѭ
39,<wb>і
3354,<wb>трьмі
869 123,<wb>день|мі
190 320 622,<wb>сь|зі|ждѫ
483,<wb>ѭ
510,<wb>рѣшѧ
71,<wb>же
685,<wb>іюдеі
1836 21 123,<wb>четъі|р|мі
1761 16,<wb>десѧтъ|і
39,<wb>і
1340 767,<wb>ше|стіѭ
6064,<wb>лѣт
75 7402,<wb>съ|зьда
70,<wb>сѧ
476 148,<wb>цр|къі
159,<wb>сі
176,<wb>то
288,<wb>тъі
178,<wb>лі
3354,<wb>трьмі
869 123,<wb>день|мі
190 320 6862,<wb>сь|зі|ждеші
483,<wb>ѭ
366,<wb>онъ
71,<wb>же
892,<wb>глааше
47,<wb>о
2796,<wb>цркві
3043,<wb>тѣла
524,<wb>своего
317,<wb>егда
71,<wb>же
7940 199,<wb>въскр|се
221,<wb>от
2986,<wb>мрътвъііхъ
1737 2397,<wb>помѧ|нѫшѧ
71,<wb>же
559,<wb>оученіці
135,<wb>его
308,<wb>ѣкоже
121,<wb>се
892,<wb>глааше
39,<wb>і
827,<wb>вѣрѫ
4993,<wb>ѧшѧ
1884 212 14,<wb>кьні|га|м
39,<wb>і
269 403,<wb>сло|воу
295,<wb>еже
130,<wb>гла
107,<wb>іс
109 569,<wb>ч|кь
1432,<wb>етеръ
221,<wb>от
1325,<wb>фарісеі
4298,<wb>нікодімъ
466,<wb>імѧ
144,<wb>емоу
7825,<wb>кьнѧзь
685 6848,<wb>іюдеі|скь
190,<wb>сь
416,<wb>пріде
150,<wb>къ
1073,<wb>ісоу
2536,<wb>ноштіѭ
39,<wb>і
141,<wb>рече
3816,<wb>равві
1726,<wb>вѣмъ
99,<wb>ѣко
221,<wb>от
422,<wb>ба
4207,<wb>прішелъ
313,<wb>есі
1899,<wb>оучітель
748,<wb>ніктоже
112,<wb>бо
744 276,<wb>знаме|ніі
745,<wb>сіхъ
62,<wb>не
819,<wb>можетъ
1234,<wb>творіті
494,<wb>ѣже
288,<wb>тъі
1901,<wb>творіші
201,<wb>аште
62,<wb>не
362,<wb>бѫдетъ
1351,<wb>бь
190,<wb>сь
122 14,<wb>ні|м
39,<wb>і
5857 92,<wb>отьвѣшта|въ
107,<wb>іс
141,<wb>рече
144,<wb>емоу
681,<wb>амін
681,<wb>амін
284,<wb>глѭ
356,<wb>тебѣ
201,<wb>аште
523,<wb>кто
62,<wb>не
790 32,<wb>роді|т
70,<wb>сѧ
75,<wb>съ
3340,<wb>въіше
62,<wb>не
819,<wb>можетъ
1078,<wb>відѣті
4670,<wb>црствіѣ
392 17,<wb>бжі|а
130,<wb>гла
468,<wb>кь
398,<wb>немоу
4298,<wb>нікодімъ
376,<wb>како
819,<wb>можетъ
1300,<wb>члкъ
3960,<wb>родіті
70,<wb>сѧ
6165,<wb>старъ
576,<wb>съі
736,<wb>еда
819,<wb>можетъ
4511,<wb>въторіцеѭ
56 4056,<wb>въ|лѣсті
56,<wb>въ
4486,<wb>чрѣво
3288,<wb>матере
1276,<wb>своеѧ
39,<wb>і
3960,<wb>родіті
70,<wb>сѧ
1353,<wb>отвѣшта
107,<wb>іс
681,<wb>амін
2099,<wb>амінъ
284,<wb>глѭ
356,<wb>тебѣ
201,<wb>аште
523,<wb>кто
62,<wb>не
790 32,<wb>роді|т
70,<wb>сѧ
4639,<wb>водоѭ
39,<wb>і
2864,<wb>дхмъ
62,<wb>не
819,<wb>можетъ
2756,<wb>въніті
56,<wb>въ
2660,<wb>црство
1165,<wb>бжіе
2441 465,<wb>рожде|ное
221,<wb>от
3595,<wb>плъті
1247 32,<wb>плъ|т
161,<wb>естъ
39,<wb>і
2441 465,<wb>рожде|ное
221,<wb>от
2042,<wb>дха
768,<wb>дхъ
715,<wb>есть
62,<wb>не
2175,<wb>діві
70,<wb>сѧ
99,<wb>ѣко
949,<wb>рѣхъ
323,<wb>ті
2542,<wb>подобаетъ
260,<wb>вамъ
3960,<wb>родіті
70,<wb>сѧ
75,<wb>съ
3340,<wb>въіше
768,<wb>дхъ
3734,<wb>іждеже
1462,<wb>хоштетъ
3779 7420,<wb>дъі|шетъ
39,<wb>і
1075,<wb>гласъ
135,<wb>его
5498,<wb>слъішіші
208,<wb>нъ
62,<wb>не
2004,<wb>вѣсі
221,<wb>от
1413 114,<wb>кѫ|дѣ
3737,<wb>пріходітъ
39,<wb>і
2904,<wb>камо
452 32,<wb>іде|т
311,<wb>тако
161,<wb>естъ
3083,<wb>всѣко
2441 465,<wb>рожде|ное
221,<wb>от
2042,<wb>дха
1353,<wb>отвѣшта
62 59 1825,<wb>не|ко|дімъ
39,<wb>і
141,<wb>рече
144,<wb>емоу
376,<wb>како
3598,<wb>могѫтъ
159,<wb>сі
503,<wb>бъіті
39,<wb>і
1353,<wb>отвѣшта
331,<wb>ісъ
39,<wb>і
141,<wb>рече
144,<wb>емоу
288,<wb>тъі
313,<wb>есі
1899,<wb>оучітель
39 3714,<wb>і|лвъ
39,<wb>і
7020,<wb>сіх
178,<wb>лі
62,<wb>не
2004,<wb>вѣсі
681,<wb>амін
681,<wb>амін
284,<wb>глѭ
356,<wb>тебѣ
308,<wb>ѣкоже
1726,<wb>вѣмъ
948 55,<wb>гле|мъ
39,<wb>і
295,<wb>еже
2219,<wb>відѣхомъ
4086 389,<wb>сьвѣдѣтельствоу|емъ
39,<wb>і
2447 793,<wb>сьвѣдѣтель|ства
1051,<wb>нашего
748,<wb>ніктоже
62,<wb>не
1957,<wb>пріемлетъ
201,<wb>аште
4064 1027,<wb>земъ|наа
306 454,<wb>рѣ|хомъ
260,<wb>вамъ
39,<wb>і
62,<wb>не
4283,<wb>вѣроуете
376,<wb>како
201,<wb>аште
1189,<wb>рекѫ
260,<wb>вамъ
6417 1027,<wb>небс|наа
4283,<wb>вѣроуете
39,<wb>і
748,<wb>ніктоже
4540,<wb>възіде
68,<wb>на
2140,<wb>нбо
4150,<wb>тькмо
7664,<wb>съшедъі
75,<wb>съ
1586,<wb>нбсе
423,<wb>снъ
2314,<wb>члчь
6580,<wb>съіі
68,<wb>на
3728,<wb>нбсі
748,<wb>ніктоже
4540,<wb>възіде
68,<wb>на
2140,<wb>нбо
4615,<wb>тъкьмо
7664,<wb>съшедъі
75,<wb>съ
1586,<wb>нбсе
423,<wb>снъ
2314 344,<wb>члчь|скъі
576,<wb>съі
68,<wb>на
3728,<wb>нбсі
39,<wb>і
308,<wb>ѣкоже
2560,<wb>мосі
6367,<wb>възнесе
7043,<wb>зміѭ
56,<wb>въ
1560,<wb>поустъіні
311,<wb>тако
2542,<wb>подобаетъ
1528 147,<wb>възне|сті
70,<wb>сѧ
2405,<wb>сноу
2314 3096,<wb>члчь|скоумоу
39,<wb>і
308,<wb>ѣкоже
6058,<wb>мосіі
6367,<wb>възнесе
7043,<wb>зміѭ
56,<wb>въ
1560,<wb>поустъіні
311,<wb>тако
2542,<wb>подобаетъ
1528 147,<wb>възне|сті
70,<wb>сѧ
2405,<wb>сноу
345 8 3096,<wb>чл|ч|скоумоу
105,<wb>да
572 13,<wb>всѣ|к
2322,<wb>вѣроуѧі
56,<wb>въ
484,<wb>нь
62,<wb>не
3946,<wb>погъібнетъ
208,<wb>нъ
268 32,<wb>іма|т
603 32,<wb>жіво|т
5059 139,<wb>вѣч|нъі
105,<wb>да
1437,<wb>вьсѣкъ
2322,<wb>вѣроуѧі
56,<wb>въ
484,<wb>нь
62,<wb>не
3946,<wb>погъібнетъ
311,<wb>тако
112,<wb>бо
443,<wb>бъ
2253,<wb>възлюбі
4045,<wb>въсего
975,<wb>міра
99,<wb>ѣко
732,<wb>сна
524,<wb>своего
814 380 5018,<wb>едіно|чѧ|дааго
1598,<wb>далъ
161,<wb>естъ
56,<wb>въ
1285,<wb>весь
688,<wb>міръ
105,<wb>да
6288,<wb>въсѣкъ
2322,<wb>вѣроуѧі
56,<wb>въ
484,<wb>нь
62,<wb>не
3946,<wb>погъібнетъ
208,<wb>нъ
584,<wb>іматъ
920,<wb>жівотъ
4175,<wb>вѣчьнъіі
311,<wb>тако
2253,<wb>възлюбі
443,<wb>бъ
975,<wb>міра
99,<wb>ѣко
732,<wb>сна
524,<wb>своего
3339 482,<wb>възлюбле|нааго
520,<wb>дастъ
105,<wb>да
1437,<wb>вьсѣкъ
2322,<wb>вѣроуѧі
56,<wb>въ
484,<wb>нь
62,<wb>не
67 1055 16 31 733,<wb>по|гь|і|б|нетъ
208,<wb>нъ
584,<wb>іматъ
920,<wb>жівотъ
3508,<wb>вѣчьнъі
311,<wb>тако
2253,<wb>възлюбі
443,<wb>бъ
62,<wb>не
456,<wb>посъла
112,<wb>бо
443,<wb>бъ
732,<wb>сна
524,<wb>своего
56,<wb>въ
1285,<wb>весь
688,<wb>міръ
105,<wb>да
4597,<wb>сѫдітъ
960 88,<wb>въсе|моу
1829,<wb>міроу
208,<wb>нъ
105,<wb>да
6815,<wb>спсетъ
70,<wb>сѧ
1285,<wb>весь
688,<wb>міръ
210,<wb>імъ
62,<wb>не
456,<wb>посъла
112,<wb>бо
443,<wb>бъ
732,<wb>сна
524,<wb>своего
56,<wb>въ
688,<wb>міръ
105,<wb>да
4597,<wb>сѫдітъ
1829,<wb>міроу
208,<wb>нъ
105,<wb>да
6815,<wb>спсетъ
70,<wb>сѧ
688,<wb>міръ
210,<wb>імъ
387,<wb>сего
368,<wb>раді
2322,<wb>вѣроуѧі
81,<wb>вь
484,<wb>нь
62,<wb>не
362,<wb>бѫдетъ
4142,<wb>осѫжденъ
39,<wb>і
62,<wb>не
2322,<wb>вѣроуѧі
1303,<wb>юже
4142,<wb>осѫжденъ
161,<wb>естъ
99,<wb>ѣко
62,<wb>не
1531,<wb>вѣрова
56,<wb>въ
466,<wb>імѧ
732,<wb>сна
1370,<wb>бжіѣ
3629 5018,<wb>іночѧ|дааго
190,<wb>сь
161,<wb>естъ
1066,<wb>сѫдъ
99,<wb>ѣко
957,<wb>свѣтъ
416,<wb>пріде
56,<wb>въ
688,<wb>міръ
39,<wb>і
2253 110,<wb>възлюбі|шѧ
4934,<wb>члці
580,<wb>паче
3721,<wb>тъмѫ
1487,<wb>неже
957,<wb>свѣтъ
2191,<wb>бѣшѧ
112,<wb>бо
596,<wb>дѣла
299,<wb>іхъ
4817,<wb>зьла
2531,<wb>всѣкъ
112,<wb>бо
596 509,<wb>дѣла|ѧі
4817 17,<wb>зьла|а
4297,<wb>ненавідітъ
2720,<wb>свѣта
39,<wb>і
62,<wb>не
3737,<wb>пріходітъ
150,<wb>къ
6032,<wb>свѣтоу
105,<wb>да
62,<wb>не
1503 929,<wb>облі|чѧтъ
70,<wb>сѧ
596,<wb>дѣла
135,<wb>его
99,<wb>ѣко
4817,<wb>зьла
7344,<wb>сѫт
77,<wb>а
3509,<wb>творѧі
843,<wb>істінѫ
1578,<wb>грѧдетъ
468,<wb>кь
6032,<wb>свѣтоу
105,<wb>да
77 381 32,<wb>а|вѧ|т
70,<wb>сѧ
596,<wb>дѣла
135,<wb>его
99,<wb>ѣко
47,<wb>о
4451,<wb>бзѣ
419,<wb>сѫтъ
190 3780 10,<wb>сь|дѣла|н
1776,<wb>въніде
331,<wb>ісъ
39,<wb>і
559,<wb>оученіці
135,<wb>его
56,<wb>въ
1403,<wb>землѭ
685 1339,<wb>іюдеі|скѫ
39,<wb>і
390,<wb>тоу
4276,<wb>жівѣаше
190,<wb>сь
1047,<wb>німі
39,<wb>і
527 2180,<wb>кръ|штааше
165,<wb>бѣ
71,<wb>же
2473,<wb>іоан
527 1577,<wb>кръ|стѧ
56,<wb>въ
50 98 85 118,<wb>е|нъ|но|нѣ
5476,<wb>блізь
301 74 143,<wb>са|лі|ма
99,<wb>ѣко
1402,<wb>водъі
823,<wb>многъі
812,<wb>бѣахѫ
390,<wb>тоу
39,<wb>і
6348,<wb>пріхождаахѫ
39,<wb>і
1204 3089,<wb>кр|штаахѫ
70,<wb>сѧ
62,<wb>не
73,<wb>оу
112,<wb>бо
165,<wb>бѣ
1819 3341,<wb>въса|жденъ
56,<wb>въ
6017,<wb>темьніцѫ
1219,<wb>іоанъ
798,<wb>бъіс
71,<wb>же
2738 200,<wb>сътѧза|ніе
221,<wb>от
1092,<wb>оученікъ
521 2255,<wb>іоа|новъ
75,<wb>съ
685,<wb>іюдеі
47,<wb>о
531 3516,<wb>очі|штеніі
39,<wb>і
955,<wb>прідѫ
468,<wb>кь
4591,<wb>іоаноу
39,<wb>і
510,<wb>рѣшѧ
144,<wb>емоу
3816,<wb>равві
227,<wb>іже
165,<wb>бѣ
75,<wb>съ
1238,<wb>тобоѭ
68,<wb>на
47 687,<wb>о|номъ
1550,<wb>полоу
2480 6248,<wb>іер|дана
991,<wb>емоуже
288,<wb>тъі
587 272 1827,<wb>послоу|шь|ствова
190,<wb>сь
222,<wb>оубо
1204 4269,<wb>кр|штаетъ
39,<wb>і
1355,<wb>въсі
1142 32,<wb>грѧдѫ|т
468,<wb>кь
398,<wb>немоу
579,<wb>отъвѣштавъ
1219,<wb>іоанъ
141,<wb>рече
62,<wb>не
819,<wb>можетъ
1300,<wb>члкъ
90 1779 52,<wb>прі|ема|ті
1330,<wb>нічесоже
201,<wb>аште
595,<wb>нѣстъ
2837,<wb>дано
144,<wb>емоу
75,<wb>съ
3340,<wb>въіше
190,<wb>сь
1586,<wb>нбсе
237,<wb>въі
1680,<wb>самі
588,<wb>мнѣ
4085 36 605 661,<wb>съвѣдѣте|л|ствоу|ете
99,<wb>ѣко
949,<wb>рѣхъ
2134,<wb>нѣсмъ
290,<wb>азъ
930,<wb>хъ
208,<wb>нъ
99,<wb>ѣко
3319 98,<wb>посьла|нъ
568,<wb>есмъ
1669,<wb>прѣдь
730,<wb>німь
2865,<wb>імѣѧі
1153 425,<wb>невѣ|стѫ
4087,<wb>женіхъ
161,<wb>естъ
77,<wb>а
53 117 1055,<wb>д|ро|гь
4152 2640,<wb>жені|ховъ
1050,<wb>стоѧ
39,<wb>і
664 24,<wb>послоуша|ѧ
135,<wb>его
2659,<wb>радостіѭ
6356,<wb>радоуетъ
70,<wb>сѧ
171,<wb>за
1075,<wb>гласъ
4152 2640,<wb>жені|ховъ
159,<wb>сі
222,<wb>оубо
1994,<wb>радость
556,<wb>моѣ
1564,<wb>ісплъні
70,<wb>сѧ
4656,<wb>ономоу
2542,<wb>подобаетъ
5633,<wb>расті
77,<wb>а
588,<wb>мнѣ
122 320 52,<wb>ні|зі|ті
70,<wb>сѧ
1601,<wb>грѧдъі
75,<wb>съ
3340,<wb>въіше
1251,<wb>надъ
913 123,<wb>въсѣ|мі
161,<wb>естъ
39,<wb>і
202 16,<wb>сѫ|і
84,<wb>отъ
1485,<wb>землѧ
221,<wb>от
1485,<wb>землѧ
161,<wb>естъ
39,<wb>і
221,<wb>от
1485,<wb>землѧ
1561,<wb>глетъ
1142 16,<wb>грѧдѫ|і
221,<wb>от
1586,<wb>нбсе
1251,<wb>надъ
4096,<wb>всѣмі
161,<wb>естъ
295,<wb>еже
248,<wb>відѣ
39,<wb>і
379,<wb>слъіша
121,<wb>се
587 272 605 255,<wb>послоу|шь|ствоу|етъ
39,<wb>і
6477,<wb>съвѣдѣтельства
135,<wb>его
748,<wb>ніктоже
62,<wb>не
1957,<wb>пріемлетъ
6220,<wb>пріемъі
144,<wb>емоу
2447 372,<wb>сьвѣдѣтель|ство
171 5111 4067,<wb>за|печа|тьлѣ
99,<wb>ѣко
443,<wb>бъ
4924,<wb>істіненъ
715,<wb>есть
1776,<wb>въніде
331,<wb>ісъ
56,<wb>въ
698,<wb>градъ
1886 2965 6848,<wb>сама|реі|скь
2770,<wb>наріцаемъі
762 432 125,<wb>соу|ха|рь
4590,<wb>іскрь
1355,<wb>въсі
1447,<wb>ѭже
520,<wb>дастъ
3234 180,<wb>іако|вь
6578,<wb>іосіфоу
2405,<wb>сноу
1397,<wb>своемоу
165,<wb>бѣ
71,<wb>же
390,<wb>тоу
2966 1959,<wb>стоуде|нець
3234 2012,<wb>іако|вль
331,<wb>ісъ
71,<wb>же
905 716,<wb>троу|ждъ
70,<wb>сѧ
84,<wb>отъ
895,<wb>пѫті
2908,<wb>сѣдѣаше
311,<wb>тако
68,<wb>на
2966 10 215,<wb>стоуде|н|ці
1638,<wb>годіна
71,<wb>же
165,<wb>бѣ
99,<wb>ѣко
1340 163 17,<wb>ше|ста|а
39,<wb>і
416,<wb>пріде
847,<wb>жена
84,<wb>отъ
1886 2330,<wb>сама|ріѧ
5334 254 43,<wb>почръ|па|тъ
1402,<wb>водъі
130,<wb>гла
561,<wb>еі
331,<wb>ісъ
1844,<wb>даждъ
195,<wb>мі
2061,<wb>піті
559,<wb>оученіці
112,<wb>бо
135,<wb>его
47 7736,<wb>о|шьлі
812,<wb>бѣахѫ
56,<wb>въ
698,<wb>градъ
105,<wb>да
6684,<wb>брашъна
7851,<wb>коупѧтъ
130,<wb>гла
144,<wb>емоу
847,<wb>жена
2819 5166,<wb>самарѣ|нъіні
376,<wb>како
288,<wb>тъі
685,<wb>іюдеі
576,<wb>съі
5791,<wb>просіші
73,<wb>оу
364,<wb>мене
2061,<wb>піті
1881,<wb>женъі
2819 139 375,<wb>самарѣ|нъі|нѧ
5727,<wb>сѫштѧ
62,<wb>не
3756 304,<wb>прікаса|ѭтъ
112,<wb>бо
70,<wb>сѧ
685,<wb>іюдеі
2819 126 9,<wb>самарѣ|не|х
1353,<wb>отвѣшта
331,<wb>ісъ
39,<wb>і
141,<wb>рече
561,<wb>еі
201,<wb>аште
453,<wb>бі
791 66,<wb>вѣдѣ|ла
1695,<wb>даръ
776,<wb>бжіі
39,<wb>і
523,<wb>кто
161,<wb>естъ
4204,<wb>глѧі
323,<wb>ті
1844,<wb>даждъ
195,<wb>мі
2061,<wb>піті
288,<wb>тъі
453,<wb>бі
954 66,<wb>просі|ла
73,<wb>оу
513,<wb>него
39,<wb>і
1598,<wb>далъ
323,<wb>ті
453,<wb>бі
1905,<wb>водѫ
1345,<wb>жівѫ
130,<wb>гла
144,<wb>емоу
847,<wb>жена
300,<wb>гі
122,<wb>ні
5334 254 36 875,<wb>почръ|па|л|ніка
1287,<wb>імаші
39,<wb>і
2966 1959,<wb>стоуде|нець
161,<wb>естъ
6520 138,<wb>глѫбо|къ
221,<wb>от
1413 114,<wb>кѫ|дѣ
222,<wb>оубо
1287,<wb>імаші
1905,<wb>водѫ
1345,<wb>жівѫ
736,<wb>еда
288,<wb>тъі
2688,<wb>боліі
313,<wb>есі
633,<wb>оца
68 2 58,<wb>на|ш|го
3234 103,<wb>іако|ва
227,<wb>іже
520,<wb>дастъ
489,<wb>намъ
2966 1959,<wb>стоуде|нець
190,<wb>сь
39,<wb>і
617,<wb>ть
168,<wb>із
513,<wb>него
303 43,<wb>пі|тъ
39,<wb>і
3010,<wb>снве
135,<wb>его
39,<wb>і
961 52,<wb>ско|ті
135,<wb>его
579,<wb>отъвѣштавъ
331,<wb>ісъ
141,<wb>рече
561,<wb>еі
2531,<wb>всѣкъ
303 24 509,<wb>пі|ѧ|ѧі
84,<wb>отъ
1402,<wb>водъі
2760,<wb>сеѧ
5652 235 32,<wb>въждѧ|жде|т
70,<wb>сѧ
404,<wb>пакъі
77,<wb>а
227,<wb>іже
7114,<wb>піетъ
221,<wb>от
1402,<wb>водъі
1447,<wb>ѭже
695,<wb>азь
3361,<wb>дамъ
144,<wb>емоу
62,<wb>не
584,<wb>іматъ
5652 1393,<wb>въждѧ|даті
70,<wb>сѧ
81,<wb>вь
140 13,<wb>вѣ|к
208,<wb>нъ
1933,<wb>вода
1447,<wb>ѭже
695,<wb>азь
3361,<wb>дамъ
144,<wb>емоу
362,<wb>бѫдетъ
56,<wb>въ
1107,<wb>немъ
5674,<wb>істочьнікъ
1402,<wb>водъі
321 104 6383 672,<wb>въс|лѣ|плѭ|штѧѧ
56,<wb>въ
920,<wb>жівотъ
2589 401,<wb>вѣчъ|нъіі
130,<wb>гла
468,<wb>кь
398,<wb>немоу
847,<wb>жена
300,<wb>гі
1844,<wb>даждъ
195,<wb>мі
1732,<wb>сіѭ
1905,<wb>водѫ
105,<wb>да
122,<wb>ні
3566,<wb>жѧждѫ
122,<wb>ні
6543,<wb>пріхождѫ
2323,<wb>сѣмо
5334 254 43,<wb>почръ|па|тъ
130,<wb>гла
561,<wb>еі
331,<wb>ісъ
1030,<wb>іді
39,<wb>і
5420,<wb>прігласі
1376,<wb>мѫжа
524,<wb>своего
39,<wb>і
2870,<wb>пріді
2323,<wb>сѣмо
1353,<wb>отвѣшта
847,<wb>жена
39,<wb>і
141,<wb>рече
144,<wb>емоу
62,<wb>не
268 14,<wb>іма|м
1376,<wb>мѫжа
130,<wb>гла
561,<wb>еі
331,<wb>ісъ
932,<wb>добрѣ
141,<wb>рече
99,<wb>ѣко
1376,<wb>мѫжа
62,<wb>не
1126,<wb>імамъ
1313,<wb>пѧть
112,<wb>бо
1186,<wb>мѫжь
414 66,<wb>імѣ|ла
313,<wb>есі
39,<wb>і
457,<wb>нъінѣ
538,<wb>егоже
1287,<wb>імаші
3744,<wb>нѣсть
323,<wb>ті
1186,<wb>мѫжь
121,<wb>се
56,<wb>въ
843,<wb>істінѫ
141,<wb>рече
130,<wb>гла
144,<wb>емоу
847,<wb>жена
300,<wb>гі
2281,<wb>віждѫ
99,<wb>ѣко
57 117 13,<wb>пр|ро|к
313,<wb>есі
288,<wb>тъі
2663,<wb>оці
1509,<wb>наші
4995,<wb>поклонішѧ
56,<wb>въ
2077,<wb>горѣ
2994,<wb>сеі
39,<wb>і
237,<wb>въі
2261,<wb>глете
99,<wb>ѣко
56,<wb>въ
3647 4398,<wb>ер|лмѣ
161,<wb>естъ
707,<wb>мѣсто
773,<wb>ідеже
6045,<wb>кланѣті
70,<wb>сѧ
2542,<wb>подобаетъ
130,<wb>гла
561,<wb>еі
331,<wb>ісъ
3124,<wb>жено
827,<wb>вѣрѫ
195,<wb>мі
2678,<wb>імі
99,<wb>ѣко
1578,<wb>грѧдетъ
1638,<wb>годіна
317,<wb>егда
122,<wb>ні
56,<wb>въ
2077,<wb>горѣ
2994,<wb>сеі
122,<wb>ні
56,<wb>въ
3647 36 2742,<wb>ер|л|мѣхъ
1534 54,<wb>поклоні|те
70,<wb>сѧ
1813,<wb>оцоу
237,<wb>въі
2083 54,<wb>кланѣ|те
70,<wb>сѧ
538,<wb>егоже
62,<wb>не
1271,<wb>вѣсте
478,<wb>мъі
71,<wb>же
2083 389,<wb>кланѣ|емъ
70,<wb>сѧ
538,<wb>егоже
1726,<wb>вѣмъ
99,<wb>ѣко
2903 200,<wb>спсе|ніе
84,<wb>отъ
685,<wb>іюдеі
161,<wb>естъ
208,<wb>нъ
1578,<wb>грѧдетъ
1638,<wb>годіна
39,<wb>і
6007,<wb>ннѣ
161,<wb>естъ
317,<wb>егда
2624 276,<wb>істін|ніі
2275 10 541,<wb>покло|н|ніці
2275 375 133,<wb>покло|нѧ|ть
70,<wb>сѧ
1813,<wb>оцоу
4528,<wb>дхомъ
39,<wb>і
399 1080,<wb>істі|ноѭ
1566,<wb>ібо
749,<wb>оць
5785,<wb>тацѣхъ
3238,<wb>іштетъ
2083 1632,<wb>кланѣ|ѭштііхъ
70,<wb>сѧ
144,<wb>емоу
768,<wb>дхъ
161,<wb>естъ
443,<wb>бъ
227,<wb>іже
2083 255,<wb>кланѣ|етъ
70,<wb>сѧ
144,<wb>емоу
4528,<wb>дхомъ
39,<wb>і
399 1080,<wb>істі|ноѭ
1862,<wb>достоітъ
6045,<wb>кланѣті
70,<wb>сѧ
130,<wb>гла
144,<wb>емоу
847,<wb>жена
1744,<wb>вѣмь
99,<wb>ѣко
296 129 17,<wb>ме|сі|а
416 32,<wb>пріде|т
948 285,<wb>гле|мъі
930,<wb>хъ
39,<wb>і
317,<wb>егда
157,<wb>тъ
786,<wb>прідетъ
5720,<wb>възвѣстітъ
489,<wb>намъ
913,<wb>въсѣ
130,<wb>гла
561,<wb>еі
331,<wb>ісъ
695,<wb>азь
568,<wb>есмъ
4204,<wb>глѧі
75,<wb>съ
1238,<wb>тобоѭ
39,<wb>і
916,<wb>тогда
71,<wb>же
955,<wb>прідѫ
559,<wb>оученіці
135,<wb>его
39,<wb>і
7845,<wb>чоуждаахѫ
70,<wb>сѧ
99,<wb>ѣко
75,<wb>съ
4935,<wb>женоѭ
892,<wb>глааше
39,<wb>і
748,<wb>ніктоже
62,<wb>не
141,<wb>рече
1316,<wb>чесо
7067,<wb>іштеші
178,<wb>лі
526,<wb>чьто
1594,<wb>глеші
190,<wb>сь
528,<wb>німъ
646,<wb>оставі
71,<wb>же
4509 7755,<wb>водо|носъ
424,<wb>своі
847,<wb>жена
39,<wb>і
452,<wb>іде
56,<wb>въ
698,<wb>градъ
39,<wb>і
130,<wb>гла
345 391,<wb>чл|комъ
2791,<wb>прідѣте
1369,<wb>відіте
2316,<wb>члка
227,<wb>іже
141,<wb>рече
2231,<wb>мънѣ
572,<wb>всѣ
808,<wb>еліко
3165,<wb>сътворіхъ
736,<wb>еда
157,<wb>тъ
161,<wb>естъ
930,<wb>хъ
2820 175,<wb>ізідѫ|дѫ
71,<wb>же
168,<wb>із
926,<wb>града
39,<wb>і
505 2721,<wb>грѧ|дѣахѫ
468,<wb>кь
398,<wb>немоу
1891,<wb>междоу
71,<wb>же
2710,<wb>сімъ
2841,<wb>молѣахѫ
39,<wb>і
559,<wb>оученіці
135,<wb>его
654,<wb>глѭште
1302,<wb>оучітелю
78 716,<wb>ѣ|ждъ
366,<wb>онъ
71,<wb>же
141,<wb>рече
468,<wb>кь
528,<wb>німъ
695,<wb>азь
6882,<wb>брашно
268 143 55,<wb>іма|ма|мъ
1324,<wb>ѣсті
538,<wb>егоже
237,<wb>въі
62,<wb>не
1271,<wb>вѣсте
997,<wb>глаахѫ
71,<wb>же
559,<wb>оученіці
135,<wb>его
468,<wb>кь
436,<wb>себѣ
736,<wb>еда
4440,<wb>кьто
2573,<wb>прінесе
144,<wb>емоу
1324,<wb>ѣсті
130,<wb>гла
210,<wb>імъ
331,<wb>ісъ
346,<wb>мое
6882,<wb>брашно
161,<wb>естъ
105,<wb>да
2486,<wb>творѭ
3061,<wb>волѭ
2400 169 173 66 1511,<wb>пось|по|съ|ла|въшааго
226,<wb>мѧ
39,<wb>і
1144 434,<wb>съвръ|шѫ
1043,<wb>дѣло
135,<wb>его
62,<wb>не
237,<wb>въі
178,<wb>лі
2261,<wb>глете
99,<wb>ѣко
836,<wb>еште
65,<wb>г
353 215,<wb>мѣ|ці
419,<wb>сѫтъ
39,<wb>і
4016,<wb>жѧтва
786,<wb>прідетъ
121,<wb>се
284,<wb>глѭ
260,<wb>вамъ
1380 382,<wb>възве|дѣте
531,<wb>очі
1472,<wb>ваші
39,<wb>і
1369,<wb>відіте
7441,<wb>нівъі
99,<wb>ѣко
627 219,<wb>пла|въі
7344,<wb>сѫт
468,<wb>кь
6719,<wb>жѧтвѣ
1303,<wb>юже
39,<wb>і
6566,<wb>жьнѧі
3923 175,<wb>мьз|дѫ
1957,<wb>пріемлетъ
39,<wb>і
5653 255,<wb>сьбіра|етъ
1243,<wb>плодъ
56,<wb>въ
920,<wb>жівотъ
3508,<wb>вѣчьнъі
105,<wb>да
5210,<wb>сѣѧі
56,<wb>въ
620 467,<wb>коу|пѣ
6356,<wb>радоуетъ
70,<wb>сѧ
39,<wb>і
6566,<wb>жьнѧі
47,<wb>о
2686,<wb>семъ
112,<wb>бо
442,<wb>слово
161,<wb>естъ
1773 465,<wb>істінъ|ное
99,<wb>ѣко
1572,<wb>інъ
161,<wb>естъ
5210,<wb>сѣѧі
39,<wb>і
1572,<wb>інъ
161,<wb>естъ
6566,<wb>жьнѧі
695,<wb>азь
71,<wb>же
237,<wb>въі
3319 76,<wb>посьла|хъ
663 194,<wb>ж|ѧтъ
773,<wb>ідеже
237,<wb>въі
62,<wb>не
905 89 242,<wb>троу|ді|сте
70,<wb>сѧ
1944,<wb>іні
905 1656,<wb>троу|дішѧ
70,<wb>сѧ
39,<wb>і
56,<wb>въ
2979,<wb>троудъ
299,<wb>іхъ
6970,<wb>вънідете
221,<wb>от
926,<wb>града
71,<wb>же
485,<wb>того
899,<wb>мнозі
2836,<wb>вѣровашѧ
81,<wb>вь
484,<wb>нь
221,<wb>от
2819 10,<wb>самарѣ|н
171,<wb>за
442,<wb>слово
2607,<wb>женѣ
1664 533,<wb>съвѣдѣтельствоу|ѭшті
99,<wb>ѣко
141,<wb>рече
195,<wb>мі
264,<wb>вьсѣ
808,<wb>еліко
3165,<wb>сътворіхъ
317,<wb>егда
71,<wb>же
955,<wb>прідѫ
150,<wb>къ
398,<wb>немоу
2819 126,<wb>самарѣ|не
2841,<wb>молѣахѫ
39,<wb>і
105,<wb>да
453,<wb>бі
659 137,<wb>прѣбъі|лъ
73,<wb>оу
562,<wb>ніхъ
39,<wb>і
659 23,<wb>прѣбъі|с
390,<wb>тоу
3760,<wb>дьва
752,<wb>дьні
39,<wb>і
899,<wb>мнозі
580,<wb>паче
2836,<wb>вѣровашѧ
171,<wb>за
442,<wb>слово
135,<wb>его
2607,<wb>женѣ
71,<wb>же
997,<wb>глаахѫ
99,<wb>ѣко
1019,<wb>оуже
62,<wb>не
171,<wb>за
1071,<wb>твоѭ
1235 175,<wb>бесѣ|дѫ
5726,<wb>вѣроуемъ
1680,<wb>самі
112,<wb>бо
4583,<wb>слъішахомъ
39,<wb>і
39,<wb>і
1726,<wb>вѣмъ
99,<wb>ѣко
190,<wb>сь
161,<wb>естъ
56,<wb>въ
843,<wb>істінѫ
637 173,<wb>сп|съ
3259,<wb>всего
975,<wb>міра
930,<wb>хъ
165,<wb>бѣ
1432,<wb>етеръ
774,<wb>црь
1186,<wb>мѫжь
538,<wb>егоже
423,<wb>снъ
112 986,<wb>бо|лѣаше
56,<wb>въ
6409 2311 181,<wb>капер|наоу|мѣ
190,<wb>сь
990,<wb>слъішавъ
99,<wb>ѣко
331,<wb>ісъ
416,<wb>пріде
221,<wb>от
4895,<wb>іюдеѧ
56,<wb>въ
2767,<wb>галілеѭ
452,<wb>іде
468,<wb>кь
398,<wb>немоу
39,<wb>і
51 986,<wb>м|лѣаше
39,<wb>і
105,<wb>да
2945 231,<wb>сьні|детъ
39,<wb>і
6972,<wb>іцѣлітъ
732,<wb>сна
135,<wb>его
165,<wb>бѣ
112,<wb>бо
3185 24,<wb>оуміра|ѧ
39,<wb>і
141,<wb>рече
468,<wb>кь
398,<wb>немоу
331,<wb>ісъ
201,<wb>аште
744 276,<wb>знаме|ніі
3964,<wb>чоудесъ
62,<wb>не
1369,<wb>відіте
62,<wb>не
1048,<wb>імате
994,<wb>вѣръі
2541,<wb>ѧті
130,<wb>гла
468,<wb>кь
398,<wb>немоу
774,<wb>црь
1186,<wb>мѫжь
300,<wb>гі
2945 89,<wb>сьні|ді
536,<wb>прѣжде
105,<wb>да
62,<wb>не
2364,<wb>оумьретъ
1852,<wb>отрочѧ
346,<wb>мое
130,<wb>гла
468,<wb>кь
398,<wb>немоу
331,<wb>ісъ
1030,<wb>іді
423,<wb>снъ
462,<wb>твоі
1724,<wb>жівъ
715,<wb>есть
39,<wb>і
827,<wb>вѣрѫ
2648,<wb>емъ
1866,<wb>словесі
985,<wb>чкъ
295,<wb>еже
141,<wb>рече
144,<wb>емоу
331,<wb>ісъ
1619,<wb>ідѣаше
600,<wb>абіе
71,<wb>же
2871 324,<wb>съходѧ|штоу
144,<wb>емоу
121,<wb>се
2508,<wb>рабі
135,<wb>его
190 96 6499,<wb>сь|рѣ|тошѧ
39,<wb>і
1440,<wb>глште
99,<wb>ѣко
423,<wb>снъ
323,<wb>ті
1724,<wb>жівъ
715,<wb>есть
2840,<wb>въпрашааше
71,<wb>же
2491,<wb>вінъі
221,<wb>от
562,<wb>ніхъ
56,<wb>въ
3403,<wb>кѫѭ
3576,<wb>годінѫ
762 104 11,<wb>соу|лѣ|е
144,<wb>емоу
798,<wb>бъіс
510,<wb>рѣшѧ
71,<wb>же
144,<wb>емоу
99,<wb>ѣко
41 5060,<wb>в|чера
56,<wb>въ
3576,<wb>годінѫ
1646 5618,<wb>сед|мѫѭ
646,<wb>оставі
39,<wb>і
894,<wb>огнь
479,<wb>разоумѣ
71,<wb>же
2088,<wb>оцъ
135,<wb>его
99,<wb>ѣко
373,<wb>та
165,<wb>бѣ
1638,<wb>годіна
56,<wb>въ
4205,<wb>нѭже
141,<wb>рече
144,<wb>емоу
331,<wb>ісъ
1724,<wb>жівъ
161,<wb>естъ
423,<wb>снъ
462,<wb>твоі
39,<wb>і
1531,<wb>вѣрова
645,<wb>самъ
39,<wb>і
729,<wb>домъ
135,<wb>его
1285,<wb>весь
121,<wb>се
404,<wb>пакъі
81 115 2901,<wb>вь|то|ріцеѭ
331,<wb>ісъ
2402,<wb>чоудо
261,<wb>сътворі
872,<wb>прішедъ
221,<wb>от
4895,<wb>іюдеѧ
41 212 74 132 3,<wb>в|га|лі|ле|ѭ
1776,<wb>въніде
331,<wb>ісъ
56,<wb>въ
6429,<wb>іерлмъ
3058,<wb>вьзіде
331,<wb>ісъ
56,<wb>въ
6429,<wb>іерлмъ
161,<wb>естъ
71,<wb>же
56,<wb>въ
3647 36 2742,<wb>ер|л|мѣхъ
68,<wb>на
2697 4076,<wb>ов|чіі
6519,<wb>кѫпѣлі
494,<wb>ѣже
1105 133,<wb>наріцае|ть
167 54 4422,<wb>ві|те|зда
1313,<wb>пѧть
7745 101,<wb>прітво|ръ
3456,<wb>імѫшті
56,<wb>въ
1383,<wb>тѣхъ
71,<wb>же
4661,<wb>лежааше
2588,<wb>множьство
2013 805,<wb>болѧ|штііхъ
2777,<wb>слѣпъ
136 1943,<wb>х|ромъ
762 76,<wb>соу|хъ
567 1632,<wb>ча|ѭштііхъ
2109 6087,<wb>дві|женіѣ
56,<wb>въ
2489,<wb>водѣ
2370,<wb>англъ
112,<wb>бо
2502,<wb>гнъ
68,<wb>на
3083,<wb>всѣко
783,<wb>врѣмѧ
478 802,<wb>мъі|ѣше
70,<wb>сѧ
56,<wb>въ
6519,<wb>кѫпѣлі
39,<wb>і
2954 2180,<wb>възмѫ|штааше
1905,<wb>водѫ
39,<wb>і
47 2856,<wb>о|хождааше
39,<wb>і
227,<wb>іже
536,<wb>прѣжде
4265 1231,<wb>въла|жааше
67,<wb>по
2954 3516,<wb>възмѫ|штеніі
1402,<wb>водъі
2625 92,<wb>съдра|въ
4228,<wb>бъівааше
165,<wb>бѣ
71,<wb>же
390,<wb>тоу
1432,<wb>етеръ
5772,<wb>члкь
65,<wb>г
39,<wb>і
100,<wb>з
6064,<wb>лѣт
1492,<wb>імъі
56,<wb>въ
1260 388,<wb>недѫ|зѣ
2245,<wb>своемъ
387,<wb>сего
649,<wb>відѣвъ
331,<wb>ісъ
6461,<wb>лежѧшта
39,<wb>і
479 180,<wb>разоумѣ|вь
99,<wb>ѣко
1022,<wb>многа
1791,<wb>лѣта
1303,<wb>юже
1865,<wb>імѣаше
130,<wb>гла
144,<wb>емоу
1178,<wb>хоштеші
178,<wb>лі
370 36,<wb>цѣ|л
503,<wb>бъіті
1353,<wb>отвѣшта
144,<wb>емоу
3782 139,<wb>недѫжь|нъі
561,<wb>еі
300,<wb>гі
2316,<wb>члка
71,<wb>же
62,<wb>не
1126,<wb>імамъ
105,<wb>да
317,<wb>егда
2954 1990,<wb>възмѫ|тітъ
70,<wb>сѧ
1933,<wb>вода
1887 32,<wb>въвръже|т
226,<wb>мѧ
56,<wb>въ
6517,<wb>кѫпѣль
317,<wb>егда
71,<wb>же
6543,<wb>пріхождѫ
695,<wb>азь
1572,<wb>інъ
536,<wb>прѣжде
364,<wb>мене
4265 320 32,<wb>въла|зі|т
130,<wb>гла
144,<wb>емоу
331,<wb>ісъ
2242,<wb>въстані
39,<wb>і
4498,<wb>възьмі
1677,<wb>одръ
462,<wb>твоі
39,<wb>і
1030,<wb>іді
56,<wb>въ
729,<wb>домъ
462,<wb>твоі
39,<wb>і
600,<wb>абіе
4434,<wb>цѣль
798,<wb>бъіс
1300,<wb>члкъ
39,<wb>і
2698 32,<wb>възѧ|т
1677,<wb>одръ
424,<wb>своі
39,<wb>і
3347,<wb>хождааше
165,<wb>бѣ
71,<wb>же
6338,<wb>сѫбота
56,<wb>въ
157,<wb>тъ
869,<wb>день
997,<wb>глаахѫ
71,<wb>же
685,<wb>іюдеі
2572 7335,<wb>іцѣлѣ|въшоумоу
6338,<wb>сѫбота
161,<wb>естъ
39,<wb>і
62,<wb>не
1862,<wb>достоітъ
323,<wb>ті
160 686,<wb>въз|ѧті
47 519,<wb>о|дра
524,<wb>своего
366,<wb>онъ
71,<wb>же
1353,<wb>отвѣшта
210,<wb>імъ
227,<wb>іже
226,<wb>мѧ
261,<wb>сътворі
4553,<wb>цѣла
157,<wb>тъ
588,<wb>мнѣ
141,<wb>рече
4498,<wb>възьмі
1677,<wb>одръ
424,<wb>своі
39,<wb>і
2485,<wb>ході
3373,<wb>въпросішѧ
71,<wb>же
39,<wb>і
523,<wb>кто
715,<wb>есть
5772,<wb>члкь
4669,<wb>рекъі
356,<wb>тебѣ
4498,<wb>възьмі
1677,<wb>одръ
462,<wb>твоі
39,<wb>і
2485,<wb>ході
2572 219,<wb>іцѣлѣ|въі
71,<wb>же
62,<wb>не
2401,<wb>вѣдѣаше
523,<wb>кто
161,<wb>естъ
331,<wb>ісъ
112,<wb>бо
3064,<wb>оуклоні
70,<wb>сѧ
2168,<wb>народоу
1610,<wb>сѫштоу
68,<wb>на
1122,<wb>мѣстѣ
67,<wb>по
2318,<wb>томъ
71,<wb>же
1128,<wb>обрѣте
39,<wb>і
331,<wb>ісъ
56,<wb>въ
2796,<wb>цркві
39,<wb>і
141,<wb>рече
50 172,<wb>е|мо
56,<wb>въ
121,<wb>се
6056,<wb>цѣлъ
313,<wb>есі
72,<wb>к
650,<wb>томоу
62,<wb>не
5945 16,<wb>съгрѣша|і
105,<wb>да
62,<wb>не
1364,<wb>горе
323,<wb>ті
526,<wb>чьто
362,<wb>бѫдетъ
452,<wb>іде
71,<wb>же
1300,<wb>члкъ
39,<wb>і
1721,<wb>повѣда
4042,<wb>іюдеомъ
99,<wb>ѣко
331,<wb>ісъ
161,<wb>естъ
227,<wb>іже
226,<wb>мѧ
261,<wb>сътворі
4553,<wb>цѣла
227,<wb>іже
39,<wb>і
261,<wb>сътворі
4553,<wb>цѣла
2088,<wb>оцъ
329,<wb>моі
156,<wb>до
1831,<wb>селѣ
596 255,<wb>дѣла|етъ
39,<wb>і
695,<wb>азь
596 3,<wb>дѣла|ѭ
387,<wb>сего
368,<wb>раді
580,<wb>паче
2446,<wb>іскаахѫ
1911,<wb>оубіті
39,<wb>і
99,<wb>ѣко
62,<wb>не
4150,<wb>тькмо
4810 96 177,<wb>раза|рѣ|аше
3655,<wb>сѫботъі
208,<wb>нъ
39,<wb>і
633,<wb>оца
524,<wb>своего
892,<wb>глааше
422,<wb>ба
120 3918,<wb>ра|венъ
70,<wb>сѧ
803,<wb>творѧ
710,<wb>боу
328,<wb>отъвѣшта
71,<wb>же
331,<wb>ісъ
39,<wb>і
141,<wb>рече
210,<wb>імъ
681,<wb>амін
681,<wb>амін
284,<wb>глѭ
260,<wb>вамъ
62,<wb>не
819,<wb>можетъ
1234,<wb>творіті
423,<wb>снъ
47,<wb>о
436,<wb>себѣ
1330 263,<wb>нічесоже|со
201,<wb>аште
62,<wb>не
295,<wb>еже
2492,<wb>відітъ
633,<wb>оца
4907,<wb>творѧшта
494,<wb>ѣже
112,<wb>бо
366,<wb>онъ
1057,<wb>творітъ
159,<wb>сі
39,<wb>і
423,<wb>снъ
964,<wb>такожде
1057,<wb>творітъ
749,<wb>оць
112,<wb>бо
2727,<wb>любітъ
732,<wb>сна
39,<wb>і
572,<wb>всѣ
1399 255,<wb>показа|етъ
144,<wb>емоу
494,<wb>ѣже
645,<wb>самъ
1057,<wb>творітъ
39,<wb>і
4472,<wb>больша
745,<wb>сіхъ
1399 255,<wb>показа|етъ
144,<wb>емоу
596,<wb>дѣла
105,<wb>да
237,<wb>въі
551 440,<wb>чоу|діте
70,<wb>сѧ
308,<wb>ѣкоже
112,<wb>бо
749,<wb>оць
2115 3648,<wb>въскрѣ|шаетъ
5489,<wb>мрътвъіѧ
39,<wb>і
7439,<wb>жівітъ
311,<wb>тако
39,<wb>і
423,<wb>снъ
858,<wb>ѧже
1462,<wb>хоштетъ
236 1352,<wb>жі|віті
2088,<wb>оцъ
112,<wb>бо
62,<wb>не
4597,<wb>сѫдітъ
1769,<wb>нікомоуже
208,<wb>нъ
1066,<wb>сѫдъ
1285,<wb>весь
520,<wb>дастъ
2031 111,<wb>сн|ві
105,<wb>да
1286,<wb>всі
354 495 32,<wb>чь|тѫ|т
732,<wb>сна
308,<wb>ѣкоже
7233,<wb>чьтѫтъ
633,<wb>оца
227,<wb>іже
62,<wb>не
7981,<wb>чьтетъ
732,<wb>сна
62,<wb>не
7981,<wb>чьтетъ
633,<wb>оца
227,<wb>іже
39,<wb>і
456,<wb>посъла
681,<wb>амін
681,<wb>амін
284,<wb>глѭ
2532,<wb>вам
99,<wb>ѣко
6223,<wb>слоушаѧі
1159,<wb>словесе
563,<wb>моего
39,<wb>і
827,<wb>вѣрѫ
5048 302,<wb>ем|лѧ
456 18 3781,<wb>посъла|в|шоумоу
226,<wb>мѧ
268 32,<wb>іма|т
920,<wb>жівотъ
4940,<wb>вѣчънъі
39,<wb>і
68,<wb>на
1066,<wb>сѫдъ
62,<wb>не
786,<wb>прідетъ
208,<wb>нъ
4399 32,<wb>прѣіде|т
221,<wb>от
190 1056 52,<wb>сь|мръ|ті
81,<wb>вь
603 32,<wb>жіво|т
221,<wb>от
2091,<wb>съмръті
56,<wb>въ
920,<wb>жівотъ
5112 10,<wb>ам|н
681,<wb>амін
284,<wb>глѭ
260,<wb>вамъ
99,<wb>ѣко
6223,<wb>слоушаѧі
1159,<wb>словесе
563,<wb>моего
39,<wb>і
827,<wb>вѣрѫ
5048 302,<wb>ем|лѧ
456 7335,<wb>посъла|въшоумоу
226,<wb>мѧ
584,<wb>іматъ
920,<wb>жівотъ
5059 401,<wb>вѣч|нъіі
39,<wb>і
68,<wb>на
1066,<wb>сѫдъ
62,<wb>не
786,<wb>прідетъ
208,<wb>нъ
4942,<wb>прѣідетъ
5112 10,<wb>ам|н
681,<wb>амін
284,<wb>глѭ
2532,<wb>вам
99,<wb>ѣко
1578,<wb>грѧдетъ
1638,<wb>годіна
39,<wb>і
6007,<wb>ннѣ
161,<wb>естъ
317,<wb>егда
6835,<wb>мрътвіі
4354,<wb>оуслъішѧтъ
3452,<wb>глас
732,<wb>сна
392 17,<wb>бжі|а
39,<wb>і
1148 7209,<wb>оуслъіша|въшеі
2260 337 43,<wb>ожі|вѫ|тъ
308,<wb>ѣкоже
112,<wb>бо
749,<wb>оць
920,<wb>жівотъ
584,<wb>іматъ
56,<wb>въ
436,<wb>себѣ
311,<wb>тако
520,<wb>дастъ
39,<wb>і
4536,<wb>снові
920,<wb>жівотъ
1877,<wb>імѣті
56,<wb>въ
436,<wb>себѣ
39,<wb>і
3327,<wb>область
520,<wb>дастъ
144,<wb>емоу
1066,<wb>сѫдъ
1234,<wb>творіті
99,<wb>ѣко
423,<wb>снъ
7425,<wb>члчъ
161,<wb>естъ
62,<wb>не
2175 54,<wb>діві|те
70,<wb>сѧ
1135,<wb>семоу
99,<wb>ѣко
505 6855,<wb>грѧ|дет
1638,<wb>годіна
56,<wb>въ
4205,<wb>нѭже
1355,<wb>въсі
4526,<wb>сѫштіі
56,<wb>въ
5462,<wb>гробѣхъ
4354,<wb>оуслъішѧтъ
3452,<wb>глас
732,<wb>сна
1370,<wb>бжіѣ
39,<wb>і
496 491,<wb>ізі|дѫтъ
1589 3229,<wb>сътворь|шеі
6249,<wb>благаа
240,<wb>во
7999,<wb>въскрѣшеніе
2030,<wb>жівота
77,<wb>а
1589 3229,<wb>сътворь|шеі
4817 17,<wb>зьла|а
56,<wb>въ
7999,<wb>въскрѣшеніе
202 86,<wb>сѫ|да
62,<wb>не
1179,<wb>могѫ
290,<wb>азъ
47,<wb>о
436,<wb>себѣ
1234,<wb>творіті
1330,<wb>нічесоже
308,<wb>ѣкоже
5911,<wb>слъішѫ
4307,<wb>сѫждѫ
39,<wb>і
1066,<wb>сѫдъ
329,<wb>моі
1143 79 10,<wb>правъ|де|н
161,<wb>естъ
99,<wb>ѣко
62,<wb>не
4971,<wb>іштѫ
4672,<wb>волѧ
1239,<wb>моеѧ
208,<wb>нъ
3061,<wb>волѭ
456 18 1318,<wb>посъла|в|шааго
226,<wb>мѧ
633,<wb>оца
308,<wb>ѣкоже
5911,<wb>слъішѫ
4307,<wb>сѫждѫ
39,<wb>і
1066,<wb>сѫдъ
329,<wb>моі
5953,<wb>правьденъ
161,<wb>естъ
99,<wb>ѣко
62,<wb>не
4971,<wb>іштѫ
4672,<wb>волѧ
1239,<wb>моеѧ
208,<wb>нъ
4672,<wb>волѧ
2934,<wb>посълавъшааго
226,<wb>мѧ
633,<wb>оца
201,<wb>аште
290,<wb>азъ
6449,<wb>съвѣдѣтельствоуѭ
47,<wb>о
437,<wb>мьнѣ
4085 137 372,<wb>съвѣдѣте|лъ|ство
346,<wb>мое
595,<wb>нѣстъ
5741,<wb>істінно
1572,<wb>інъ
161,<wb>естъ
227,<wb>іже
6813,<wb>съвѣдѣтельствоуетъ
47,<wb>о
437,<wb>мьнѣ
39,<wb>і
1744,<wb>вѣмь
99,<wb>ѣко
5741,<wb>істінно
161,<wb>естъ
2510,<wb>съвѣдѣтельство
295,<wb>еже
190 18 703 605 255,<wb>сь|в|дѣтель|ствоу|етъ
47,<wb>о
437,<wb>мьнѣ
39,<wb>і
237,<wb>въі
456 242,<wb>посъла|сте
150,<wb>къ
4591,<wb>іоаноу
39,<wb>і
4496,<wb>съвѣдѣтельствова
47,<wb>о
1964,<wb>істінѣ
695,<wb>азь
71,<wb>же
62,<wb>не
221,<wb>от
1300,<wb>члкъ
4085 137 793,<wb>съвѣдѣте|лъ|ства
947 500,<wb>пріем|лѭ
208,<wb>нъ
159,<wb>сі
284,<wb>глѭ
105,<wb>да
237,<wb>въі
2903 60,<wb>спсе|ні
1215,<wb>бѫдете
366,<wb>онъ
165,<wb>бѣ
5429,<wb>свѣтільнікъ
7708,<wb>горѧ
39,<wb>і
469 591,<wb>свѣ|тѧ
237,<wb>въі
71,<wb>же
788 242,<wb>хотѣ|сте
1097 3208,<wb>въздра|доваті
70,<wb>сѧ
56,<wb>въ
3576,<wb>годінѫ
4475 319 297,<wb>свь|тѣ|ніѣ
135,<wb>его
695,<wb>азь
71,<wb>же
1126,<wb>імамъ
1176 382 36 372,<wb>сьвѣ|дѣте|л|ство
1683,<wb>боле
521 1661,<wb>іоа|нова
596,<wb>дѣла
1144 158 3,<wb>съвръ|ша|ѭ
373,<wb>та
596,<wb>дѣла
290,<wb>азъ
2486,<wb>творѭ
494,<wb>ѣже
5160,<wb>съвѣдѣтельствоуѭтъ
47,<wb>о
2231,<wb>мънѣ
99,<wb>ѣко
749,<wb>оць
226,<wb>мѧ
456,<wb>посъла
39,<wb>і
3319 219,<wb>посьла|въі
226,<wb>мѧ
749,<wb>оць
39,<wb>і
157,<wb>тъ
2447 1827,<wb>сьвѣдѣтель|ствова
47,<wb>о
588,<wb>мнѣ
122,<wb>ні
2188,<wb>гласа
135,<wb>его
696 115,<wb>нік|то
62,<wb>не
2592,<wb>слъішітъ
122,<wb>ні
248 297,<wb>відѣ|ніѣ
135,<wb>его
3546,<wb>відѣсте
39,<wb>і
1159,<wb>словесе
135,<wb>его
62,<wb>не
1048,<wb>імате
989 737,<wb>прѣбъіва|ѭшта
56,<wb>въ
544,<wb>васъ
1070,<wb>зане
538,<wb>егоже
157,<wb>тъ
3319,<wb>посьла
1135,<wb>семоу
237,<wb>въі
994,<wb>вѣръі
62,<wb>не
4305,<wb>емлете
2866 410,<wb>іспъіта|іте
3802,<wb>кьнігъі
39,<wb>і
99,<wb>ѣко
237,<wb>въі
4677,<wb>мьніте
1877,<wb>імѣті
41,<wb>в
7982,<wb>ніх
920,<wb>жівотъ
4175,<wb>вѣчьнъіі
39,<wb>і
288,<wb>тъі
419,<wb>сѫтъ
4086 2902,<wb>сьвѣдѣтельствоу|ѭштѧ
47,<wb>о
437,<wb>мьнѣ
39,<wb>і
62,<wb>не
1568,<wb>хоштете
1382,<wb>пріті
468,<wb>кь
588,<wb>мнѣ
105,<wb>да
2030,<wb>жівота
1048,<wb>імате
1966,<wb>славъі
221,<wb>от
1300,<wb>члкъ
62,<wb>не
947 500,<wb>пріем|лѭ
208,<wb>нъ
5661,<wb>разоумѣхъ
237,<wb>въі
99,<wb>ѣко
3540,<wb>бжіѧ
3332,<wb>любьве
62,<wb>не
1048,<wb>імате
56,<wb>въ
436,<wb>себѣ
695,<wb>азь
1743,<wb>прідъ
56,<wb>въ
466,<wb>імѧ
633,<wb>оца
563,<wb>моего
39,<wb>і
62,<wb>не
7307,<wb>пріемлете
364,<wb>мене
201,<wb>аште
1572,<wb>інъ
786,<wb>прідетъ
56,<wb>въ
466,<wb>імѧ
357,<wb>свое
485,<wb>того
7307,<wb>пріемлете
237,<wb>въі
376,<wb>како
237,<wb>въі
2251,<wb>можете
2782,<wb>вѣроваті
1253,<wb>славѫ
4634,<wb>дроугь
84,<wb>отъ
1096,<wb>дроуга
947 6623,<wb>пріем|лѭште
39,<wb>і
1966,<wb>славъі
494,<wb>ѣже
84,<wb>отъ
3629 5018,<wb>іночѧ|дааго
732,<wb>сна
1370,<wb>бжіѣ
62,<wb>не
2711,<wb>іштете
62,<wb>не
4677,<wb>мьніте
99,<wb>ѣко
695,<wb>азь
68,<wb>на
237,<wb>въі
1189,<wb>рекѫ
468,<wb>кь
1813,<wb>оцоу
161,<wb>естъ
39,<wb>і
68,<wb>на
237,<wb>въі
948,<wb>гле
2560,<wb>мосі
68,<wb>на
3068,<wb>негоже
237,<wb>въі
4266 242,<wb>оупьва|сте
201,<wb>аште
112,<wb>бо
1930,<wb>бісте
827,<wb>вѣрѫ
268 74,<wb>іма|лі
7196,<wb>мосеові
827,<wb>вѣрѫ
1930,<wb>бісте
4871,<wb>імѣлі
39,<wb>і
437,<wb>мьнѣ
47,<wb>о
588,<wb>мнѣ
112,<wb>бо
157,<wb>тъ
190 1278,<wb>сь|піса
201,<wb>аште
178,<wb>лі
39,<wb>і
485,<wb>того
1884 212 55,<wb>кьні|га|мъ
994,<wb>вѣръі
62,<wb>не
4305,<wb>емлете
376,<wb>како
1973,<wb>моімъ
65 1337,<wb>г|ломъ
827,<wb>вѣрѫ
3980,<wb>імете
67,<wb>по
745,<wb>сіхъ
452,<wb>іде
331,<wb>ісъ
68,<wb>на
4640,<wb>онь
1736,<wb>полъ
3107,<wb>морѣ
7421 636 188 384,<wb>тіве|ріѣ|дь|ска
99,<wb>ѣко
5804,<wb>відѣахѫ
1767,<wb>знаменіѣ
494,<wb>ѣже
3040,<wb>творѣаше
68,<wb>на
3782 668,<wb>недѫжь|нъііхъ
6145,<wb>възведъ
331,<wb>ісъ
531,<wb>очі
424,<wb>своі
39,<wb>і
649,<wb>відѣвъ
99,<wb>ѣко
2371,<wb>мъногъ
956,<wb>народъ
1578,<wb>грѧдетъ
398,<wb>немоу
130,<wb>гла
150,<wb>къ
6560,<wb>філіпоу
5672,<wb>чімъ
1361 204,<wb>коуп|імъ
2287,<wb>хлѣбъі
105,<wb>да
3803,<wb>ѣдѧтъ
747,<wb>сіі
121,<wb>се
71,<wb>же
892,<wb>глааше
6547,<wb>іскоушаѧ
39,<wb>і
645,<wb>самъ
112,<wb>бо
2401,<wb>вѣдѣаше
1583,<wb>чъто
1414,<wb>хотѣаше
1064,<wb>сътворіті
328,<wb>отъвѣшта
144,<wb>емоу
1670 433,<wb>філі|пь
3479,<wb>дьвѣма
2989 143,<wb>съто|ма
6423,<wb>пѣнѧзь
831,<wb>хлѣбъ
62,<wb>не
156 92 598,<wb>до|въ|летъ
210,<wb>імъ
105,<wb>да
184 2670,<wb>ко|жъдо
299,<wb>іхъ
998,<wb>мало
526,<wb>чьто
2290,<wb>прііметъ
130,<wb>гла
144,<wb>емоу
438,<wb>едінъ
377,<wb>оть
1092,<wb>оученікъ
135,<wb>его
7424 17,<wb>андре|а
2044,<wb>братъ
2918,<wb>сімона
2094,<wb>петра
161,<wb>естъ
806 185 604,<wb>отро|чі|штъ
438,<wb>едінъ
978,<wb>сьде
227,<wb>іже
584,<wb>іматъ
1313,<wb>пѧть
8038,<wb>хлѣбь
225 229 968,<wb>ѧ|чь|нѣі
39,<wb>і
3469,<wb>двѣ
4814,<wb>ръібѣ
208,<wb>нъ
159,<wb>сі
526,<wb>чьто
419,<wb>сѫтъ
121 74 273,<wb>се|лі|коу
141,<wb>рече
71,<wb>же
331,<wb>ісъ
2612,<wb>сътворіте
4129,<wb>члкъі
4629 166,<wb>възле|шті
165,<wb>бѣ
71,<wb>же
6281,<wb>трѣва
1022,<wb>многа
68,<wb>на
1122,<wb>мѣстѣ
39,<wb>і
5823,<wb>възлеже
222,<wb>оубо
1186,<wb>мѫжь
7006,<wb>чісломъ
99,<wb>ѣко
53,<wb>д
6031,<wb>тъісѫштъ
1505,<wb>пріѧтъ
71,<wb>же
222,<wb>оубо
831,<wb>хлѣбъ
331,<wb>ісъ
39,<wb>і
1643,<wb>хвалѫ
4222,<wb>въздавъ
520,<wb>дастъ
936,<wb>оученікомъ
77,<wb>а
559,<wb>оученіці
1961,<wb>народомъ
964,<wb>такожде
39,<wb>і
221,<wb>от
1213 679,<wb>ръі|боу
808,<wb>еліко
2772,<wb>хотѣахѫ
39,<wb>і
99,<wb>ѣко
4121,<wb>насъітішѧ
70,<wb>сѧ
130,<wb>гла
936,<wb>оученікомъ
725,<wb>своімъ
6872,<wb>съберѣте
6841,<wb>ізбъітъкъі
3704,<wb>оукроухъ
105,<wb>да
62,<wb>не
3946,<wb>погъібнетъ
4148,<wb>нічьтоже
2547,<wb>събърашѧ
71,<wb>же
39,<wb>і
3470,<wb>ісплънішѧ
1764,<wb>дьвѣ
68,<wb>на
811,<wb>десѧте
184 2 541,<wb>ко|ш|ніці
3704,<wb>оукроухъ
84,<wb>отъ
2409,<wb>пѧті
8038,<wb>хлѣбь
225 683 118 668,<wb>ѧ|чъ|нѣ|нъііхъ
227,<wb>іже
1951 110,<wb>ізбъі|шѧ
3425 2217,<wb>ѣдъ|шіімъ
4934,<wb>члці
71,<wb>же
1137,<wb>відѣвъше
1719,<wb>знаменіе
295,<wb>еже
261,<wb>сътворі
331,<wb>ісъ
997,<wb>глаахѫ
99,<wb>ѣко
190,<wb>сь
161,<wb>естъ
56,<wb>въ
843,<wb>істінѫ
4644,<wb>прркъ
2615,<wb>грѧдъіі
56,<wb>въ
688,<wb>міръ
1137,<wb>відѣвъше
4934,<wb>члці
1767,<wb>знаменіѣ
78,<wb>ѣ
3040,<wb>творѣаше
331,<wb>ісъ
997,<wb>глаахѫ
99,<wb>ѣко
190,<wb>сь
161,<wb>естъ
56,<wb>въ
843,<wb>істінѫ
4644,<wb>прркъ
2615,<wb>грѧдъіі
81,<wb>вь
688,<wb>міръ
331,<wb>ісъ
71,<wb>же
2654,<wb>разоумѣвъ
99,<wb>ѣко
2772,<wb>хотѣахѫ
1382,<wb>пріті
105,<wb>да
155 719 1585 16,<wb>вьс|хъі|тѧтъ|і
39,<wb>і
6025 16,<wb>сътворѧтъ|і
2470,<wb>црѣ
1334,<wb>отіде
404,<wb>пакъі
56,<wb>въ
1735,<wb>горѫ
438,<wb>едінъ
39,<wb>і
99,<wb>ѣко
2730,<wb>поздѣ
7732,<wb>бъіст
2945 175,<wb>сьні|дѫ
559,<wb>оученіці
135,<wb>его
68,<wb>на
1478,<wb>море
39,<wb>і
56 6851 82,<wb>въ|лѣзь|ше
56,<wb>въ
1938,<wb>корабь
3904,<wb>ідѣахѫ
68,<wb>на
366,<wb>онъ
1736,<wb>полъ
3107,<wb>морѣ
56,<wb>въ
6409 3085,<wb>капер|наоумъ
39,<wb>і
2337,<wb>тъма
600,<wb>абіе
798,<wb>бъіс
39,<wb>і
62,<wb>не
73,<wb>оу
165,<wb>бѣ
468,<wb>кь
528,<wb>німъ
4207,<wb>прішелъ
331,<wb>ісъ
1478,<wb>море
71,<wb>же
6607,<wb>вѣтроу
367 7,<wb>велі|ю
5547 923,<wb>дъіха|ѭштоу
421 177,<wb>въста|аше
6860 315 82,<wb>гре|бъ|ше
71,<wb>же
99,<wb>ѣко
39,<wb>і
39,<wb>і
1313,<wb>пѧть
5734,<wb>стадіі
178,<wb>лі
65 52,<wb>г|ті
799 2463,<wb>оузь|рѣшѧ
71,<wb>же
566,<wb>іса
6047,<wb>ходѧшта
67,<wb>по
3227,<wb>морю
5476,<wb>блізь
3703,<wb>кораблѣ
2894,<wb>бъівъша
3253,<wb>оубоѣшѧ
70,<wb>сѧ
366,<wb>онъ
71,<wb>же
130,<wb>гла
210,<wb>імъ
695,<wb>азь
568,<wb>есмъ
62,<wb>не
3139,<wb>боіте
70,<wb>сѧ
2772,<wb>хотѣахѫ
112,<wb>бо
1625,<wb>пріѧті
39,<wb>і
56,<wb>въ
1938,<wb>корабь
39,<wb>і
600,<wb>абіе
798,<wb>бъіс
4727,<wb>корабль
68,<wb>на
1100,<wb>землі
56,<wb>въ
4205,<wb>нѭже
3904,<wb>ідѣахѫ
56,<wb>въ
619 21 32 1110,<wb>оут|р|т|рѣі
71,<wb>же
6826,<wb>ден
956,<wb>народъ
227,<wb>іже
5731,<wb>стоѣаше
162,<wb>об
366,<wb>онъ
1736,<wb>полъ
3107,<wb>морѣ
1137,<wb>відѣвъше
99,<wb>ѣко
3703,<wb>кораблѣ
1972,<wb>іного
62,<wb>не
165,<wb>бѣ
390,<wb>тоу
1644,<wb>тъкмо
438,<wb>едінъ
157,<wb>тъ
56,<wb>въ
1602,<wb>ньже
4126,<wb>вънідѫ
559,<wb>оученіці
135,<wb>его
99,<wb>ѣко
62,<wb>не
891,<wb>въні
75,<wb>съ
1222,<wb>оученікъі
1060,<wb>своімі
331,<wb>ісъ
56,<wb>въ
7313,<wb>корабъ
208,<wb>нъ
2372,<wb>едіні
559,<wb>оученіці
135,<wb>его
674,<wb>ідѫ
1944,<wb>іні
71,<wb>же
955,<wb>прідѫ
3441,<wb>корабі
221,<wb>от
7421 2330,<wb>тіве|ріѧ
5476,<wb>блізь
1607,<wb>мѣста
773,<wb>ідеже
4645,<wb>ѣшѧ
2287,<wb>хлѣбъі
1643,<wb>хвалѫ
884 393,<wb>възда|ѭште
3790,<wb>бві
317,<wb>егда
71,<wb>же
1279,<wb>відѣшѧ
1362,<wb>народі
99,<wb>ѣко
331,<wb>ісъ
62,<wb>не
798,<wb>бъіс
390,<wb>тоу
122,<wb>ні
559,<wb>оученіці
135,<wb>его
56 669 30,<wb>въ|лѣз|ѫ
1680,<wb>самі
56,<wb>въ
2100 302,<wb>кораб|лѧ
39,<wb>і
955,<wb>прідѫ
56,<wb>въ
2651 61 42 55,<wb>капе|ра|оу|мъ
7865,<wb>іскѫште
566,<wb>іса
39,<wb>і
4896,<wb>обрѣтъше
39,<wb>і
162,<wb>об
366,<wb>онъ
1736,<wb>полъ
3107,<wb>морѣ
510,<wb>рѣшѧ
144,<wb>емоу
1302,<wb>оучітелю
2170,<wb>когда
2323,<wb>сѣмо
416,<wb>пріде
1353,<wb>отвѣшта
331,<wb>ісъ
39,<wb>і
141,<wb>рече
210,<wb>імъ
681,<wb>амін
681,<wb>амін
284,<wb>глѭ
260,<wb>вамъ
2711,<wb>іштете
364,<wb>мене
99,<wb>ѣко
3546,<wb>відѣсте
1767,<wb>знаменіѣ
208,<wb>нъ
99,<wb>ѣко
78 74,<wb>ѣ|лі
939,<wb>есте
2287,<wb>хлѣбъі
39,<wb>і
1845 242,<wb>насъіті|сте
70,<wb>сѧ
596 410,<wb>дѣла|іте
62,<wb>не
6882,<wb>брашно
5308 31 179 2681,<wb>гъі|б|нѫ|штее
208,<wb>нъ
6882,<wb>брашно
989 393 11,<wb>прѣбъіва|ѭште|е
56,<wb>въ
4291,<wb>жівотѣ
5059 3784 55,<wb>вѣч|нѣа|мъ
538,<wb>егоже
423,<wb>снъ
2314,<wb>члчь
260,<wb>вамъ
520,<wb>дастъ
387,<wb>сего
112,<wb>бо
749,<wb>оць
6200,<wb>знамена
443,<wb>бъ
596 410,<wb>дѣла|іте
62,<wb>не
6882,<wb>брашно
5308 31 179 2681,<wb>гъі|б|нѫ|штее
208,<wb>нъ
6882,<wb>брашно
989 393 11,<wb>прѣбъіва|ѭште|е
56,<wb>въ
4291,<wb>жівотѣ
1102 3784 14,<wb>вѣчь|нѣа|м
538,<wb>егоже
423,<wb>снъ
2314,<wb>члчь
260,<wb>вамъ
520,<wb>дастъ
387,<wb>сего
112,<wb>бо
749,<wb>оць
6200,<wb>знамена
443,<wb>бъ
510,<wb>рѣшѧ
71,<wb>же
468,<wb>кь
398,<wb>немоу
526,<wb>чьто
2579 55,<wb>сьтворі|мъ
105,<wb>да
596 389,<wb>дѣла|емъ
596,<wb>дѣла
392 17,<wb>бжі|а
1353,<wb>отвѣшта
210,<wb>імъ
107,<wb>іс
39,<wb>і
141,<wb>рече
121,<wb>се
161,<wb>естъ
1043,<wb>дѣло
1165,<wb>бжіе
105,<wb>да
4283,<wb>вѣроуете
56,<wb>въ
617,<wb>ть
538,<wb>егоже
366,<wb>онъ
3319,<wb>посьла
510,<wb>рѣшѧ
71,<wb>же
468,<wb>кь
398,<wb>немоу
1269,<wb>кое
222,<wb>оубо
288,<wb>тъі
1901,<wb>творіші
1719,<wb>знаменіе
105,<wb>да
2497,<wb>відімъ
39,<wb>і
827,<wb>вѣрѫ
7645,<wb>імемъ
356,<wb>тебѣ
526,<wb>чьто
596 608,<wb>дѣла|еші
2663,<wb>оці
1509,<wb>наші
6183,<wb>ѣсѧ
241 5410,<wb>ма|ннѫ
56,<wb>въ
1560,<wb>поустъіні
308,<wb>ѣкоже
715,<wb>есть
2141,<wb>пісано
546 31,<wb>хлѣ|б
40,<wb>с
1586,<wb>нбсе
105 23,<wb>да|с
210,<wb>імъ
1324,<wb>ѣсті
141,<wb>рече
71,<wb>же
210,<wb>імъ
331,<wb>ісъ
681,<wb>амін
681,<wb>амін
284,<wb>глѭ
260,<wb>вамъ
62,<wb>не
2560,<wb>мосі
105 23,<wb>да|с
2532,<wb>вам
546 31,<wb>хлѣ|б
40,<wb>с
1586,<wb>нбсе
484,<wb>нь
749,<wb>оць
329,<wb>моі
105 23,<wb>да|с
2532,<wb>вам
831,<wb>хлѣбъ
2624 139,<wb>істін|нъі
75,<wb>съ
1586,<wb>нбсе
8038,<wb>хлѣбь
112,<wb>бо
776,<wb>бжіі
161,<wb>естъ
2871 16,<wb>съходѧ|і
75,<wb>съ
1586,<wb>нбсе
39,<wb>і
105 509,<wb>да|ѧі
603 32,<wb>жіво|т
988 88,<wb>все|моу
1829,<wb>міроу
5065,<wb>аз
568,<wb>есмъ
831,<wb>хлѣбъ
920 401,<wb>жівотъ|нъіі
1601,<wb>грѧдъі
468,<wb>кь
2231,<wb>мънѣ
62,<wb>не
584,<wb>іматъ
853 3280 52,<wb>възь|алка|ті
70,<wb>сѧ
39,<wb>і
2322,<wb>вѣроуѧі
56,<wb>въ
226,<wb>мѧ
62,<wb>не
584,<wb>іматъ
5652 1393,<wb>въждѧ|даті
70,<wb>сѧ
1770,<wb>ніколіже
208,<wb>нъ
949,<wb>рѣхъ
260,<wb>вамъ
99,<wb>ѣко
167,<wb>ві
250 242,<wb>дѣ|сте
226,<wb>мѧ
39,<wb>і
62,<wb>не
4283,<wb>вѣроуете
988,<wb>все
295,<wb>еже
520,<wb>дастъ
195,<wb>мі
2088,<wb>оцъ
468,<wb>кь
588,<wb>мнѣ
786,<wb>прідетъ
39,<wb>і
505 151 1154,<wb>грѧ|до|штааго
150,<wb>къ
588,<wb>мнѣ
62,<wb>не
1282 179,<wb>іжде|нѫ
2420,<wb>вонъ
99,<wb>ѣко
2145 113,<wb>съні|дъ
75,<wb>съ
1586,<wb>нбсе
105,<wb>да
62,<wb>не
2486,<wb>творѭ
4672,<wb>волѧ
1239,<wb>моеѧ
208,<wb>нъ
3061,<wb>волѭ
2934,<wb>посълавъшааго
226,<wb>мѧ
121,<wb>се
71,<wb>же
161,<wb>естъ
3285,<wb>волѣ
2934,<wb>посълавъшааго
226,<wb>мѧ
633,<wb>оца
105,<wb>да
960,<wb>въсе
295,<wb>еже
105 23,<wb>да|с
195,<wb>мі
62,<wb>не
765 4082,<wb>погоу|блѭ
221,<wb>от
513,<wb>него
208,<wb>нъ
1932 434,<wb>вьскрѣ|шѫ
39,<wb>і
56,<wb>въ
3142,<wb>послѣдьніі
869,<wb>день
121,<wb>се
161,<wb>естъ
3285,<wb>волѣ
633,<wb>оца
563,<wb>моего
105,<wb>да
2531,<wb>всѣкъ
5250,<wb>відѧі
732,<wb>сна
39,<wb>і
2322,<wb>вѣроуѧі
41,<wb>в
484,<wb>нь
584,<wb>іматъ
920,<wb>жівотъ
3508,<wb>вѣчьнъі
39,<wb>і
695,<wb>азь
7561,<wb>въскрѣшѫ
39,<wb>і
56,<wb>въ
7102,<wb>послѣдьні
869,<wb>день
5315 3167,<wb>ръпъ|таахѫ
71,<wb>же
685,<wb>іюдеі
47,<wb>о
590,<wb>немь
99,<wb>ѣко
141,<wb>рече
5065,<wb>аз
568,<wb>есмъ
831,<wb>хлѣбъ
7664,<wb>съшедъі
75,<wb>съ
1586,<wb>нбсе
39,<wb>і
997,<wb>глаахѫ
62,<wb>не
190,<wb>сь
178,<wb>лі
161,<wb>естъ
331,<wb>ісъ
7575,<wb>снь
6228,<wb>іосіфовъ
991,<wb>емоуже
478,<wb>мъі
535 653,<wb>зна|ем
633,<wb>оца
39,<wb>і
51 933,<wb>м|трь
376,<wb>како
222,<wb>оубо
190,<wb>сь
4556,<wb>глтъ
99,<wb>ѣко
75,<wb>съ
1586,<wb>нбсе
2945 113,<wb>сьні|дъ
5264,<wb>отвѣштавъ
71,<wb>же
107,<wb>іс
141,<wb>рече
210,<wb>імъ
62,<wb>не
2526 433 166 54,<wb>ръ|пь|шті|те
1891,<wb>междоу
1391,<wb>собоѭ
748,<wb>ніктоже
62,<wb>не
819,<wb>можетъ
1382,<wb>пріті
468,<wb>кь
437,<wb>мьнѣ
201,<wb>аште
62,<wb>не
749,<wb>оць
67 25 66 219,<wb>по|ь|ла|въі
226,<wb>мѧ
3582 2792,<wb>прівлѣ|четъ
135,<wb>его
39,<wb>і
695,<wb>азь
7561,<wb>въскрѣшѫ
39,<wb>і
56,<wb>въ
6830 276,<wb>послѣдъ|ніі
2121,<wb>денъ
695,<wb>азь
568,<wb>есмъ
831,<wb>хлѣбъ
920 401,<wb>жівотъ|нъіі
2663,<wb>оці
1472,<wb>ваші
6183,<wb>ѣсѧ
241 5410,<wb>ма|ннѫ
56,<wb>въ
1560,<wb>поустъіні
39,<wb>і
828 2463,<wb>оумь|рѣшѧ
190,<wb>сь
161,<wb>естъ
831,<wb>хлѣбъ
2871 16,<wb>съходѧ|і
190,<wb>сь
1586,<wb>нбсе
105,<wb>да
201,<wb>аште
523,<wb>кто
221,<wb>от
513,<wb>него
3134,<wb>ѣстъ
62,<wb>не
2364,<wb>оумьретъ
695,<wb>азь
568,<wb>есмъ
831,<wb>хлѣбъ
6491,<wb>жівъіі
7664,<wb>съшедъі
190,<wb>сь
1586,<wb>нбсе
201,<wb>аште
523,<wb>кто
3439 97,<wb>сьнѣ|стъ
221,<wb>от
2282,<wb>хлѣба
387,<wb>сего
1724,<wb>жівъ
362,<wb>бѫдетъ
56,<wb>въ
1161,<wb>вѣкъі
831,<wb>хлѣбъ
112,<wb>бо
538,<wb>егоже
3361,<wb>дамъ
290,<wb>азъ
2368,<wb>пльть
556,<wb>моѣ
161,<wb>естъ
1447,<wb>ѭже
695,<wb>азь
3361,<wb>дамъ
171,<wb>за
920,<wb>жівотъ
3259,<wb>всего
975,<wb>міра
945 6577,<wb>пь|рѣахѫ
71,<wb>же
70,<wb>сѧ
685,<wb>іюдеі
1891,<wb>междоу
1391,<wb>собоѭ
1440,<wb>глште
376,<wb>како
190,<wb>сь
819,<wb>можетъ
2518,<wb>плъть
651,<wb>своѭ
1288,<wb>даті
489,<wb>намъ
1324,<wb>ѣсті
141,<wb>рече
71,<wb>же
210,<wb>імъ
331,<wb>ісъ
681,<wb>амін
681,<wb>амін
284,<wb>глѭ
260,<wb>вамъ
201,<wb>аште
62,<wb>не
3439 242,<wb>сьнѣ|сте
2444,<wb>пльті
732,<wb>сна
5709,<wb>члча
122,<wb>ні
303 661,<wb>пі|ете
2596,<wb>кръве
135,<wb>его
2030,<wb>жівота
62,<wb>не
1048,<wb>імате
56,<wb>въ
436,<wb>себѣ
3404 16,<wb>ѣдъі|і
2518,<wb>плъть
813,<wb>моѭ
39,<wb>і
7875,<wb>піѧі
2414,<wb>кръвь
813,<wb>моѭ
584,<wb>іматъ
920,<wb>жівотъ
4175,<wb>вѣчьнъіі
39,<wb>і
695,<wb>азь
7561,<wb>въскрѣшѫ
39,<wb>і
56,<wb>въ
3142,<wb>послѣдьніі
869,<wb>день
3404,<wb>ѣдъі
2518,<wb>плъть
813,<wb>моѭ
39,<wb>і
7875,<wb>піѧі
527 18,<wb>кръ|в
813,<wb>моѭ
56,<wb>въ
588,<wb>мнѣ
3244,<wb>прѣбъіваетъ
39,<wb>і
695,<wb>азь
56,<wb>въ
1107,<wb>немъ
308,<wb>ѣкоже
3319,<wb>посьла
226,<wb>мѧ
2127,<wb>жівъі
2088,<wb>оцъ
39,<wb>і
695,<wb>азь
1345,<wb>жівѫ
633,<wb>оца
368,<wb>раді
39,<wb>і
3404 16,<wb>ѣдъі|і
226,<wb>мѧ
39,<wb>і
157,<wb>тъ
1724,<wb>жівъ
362,<wb>бѫдетъ
364,<wb>мене
368,<wb>раді
190,<wb>сь
161,<wb>естъ
831,<wb>хлѣбъ
7664,<wb>съшедъі
190,<wb>сь
1586,<wb>нбсе
62,<wb>не
308,<wb>ѣкоже
6183,<wb>ѣсѧ
2663,<wb>оці
1472,<wb>ваші
241 5410,<wb>ма|ннѫ
39,<wb>і
828 2463,<wb>оумь|рѣшѧ
3404 16,<wb>ѣдъі|і
8038,<wb>хлѣбь
190,<wb>сь
1724,<wb>жівъ
362,<wb>бѫдетъ
56,<wb>въ
140 569,<wb>вѣ|кь
159,<wb>сі
141,<wb>рече
56,<wb>въ
190 1796 166,<wb>сь|нъмі|шті
1408,<wb>оучѧ
56,<wb>въ
6409 2311 181,<wb>капер|наоу|мѣ
899,<wb>мнозі
71,<wb>же
379 2515,<wb>слъіша|вше
84,<wb>отъ
4552,<wb>оученікь
135,<wb>его
510,<wb>рѣшѧ
3311 59,<wb>жесто|ко
161,<wb>естъ
442,<wb>слово
121,<wb>се
4440,<wb>кьто
819,<wb>можетъ
135,<wb>его
2571 52,<wb>слоуша|ті
2171,<wb>вѣдъі
71,<wb>же
331,<wb>ісъ
56,<wb>въ
436,<wb>себѣ
99,<wb>ѣко
5315 2562,<wb>ръпъ|штѫтъ
559,<wb>оученіці
135,<wb>его
141,<wb>рече
210,<wb>імъ
121,<wb>се
178,<wb>лі
237,<wb>въі
7586 846,<wb>блаз|нітъ
201,<wb>аште
222,<wb>оубо
1893,<wb>оузьріте
732,<wb>сна
5709,<wb>члча
2851 145,<wb>въсходѧ|шта
773,<wb>ідеже
165,<wb>бѣ
39,<wb>і
536,<wb>прѣжде
768,<wb>дхъ
161,<wb>естъ
227,<wb>іже
236 146 32,<wb>жі|ве|т
77,<wb>а
84,<wb>отъ
3595,<wb>плъті
595,<wb>нѣстъ
2614 1715,<wb>поль|зѧ
7600 48,<wb>нікоеѧ|же
2539,<wb>глъі
858,<wb>ѧже
695,<wb>азь
2161,<wb>глахъ
2532,<wb>вам
768,<wb>дхъ
419,<wb>сѫтъ
39,<wb>і
603 32,<wb>жіво|т
419,<wb>сѫтъ
208,<wb>нъ
419,<wb>сѫтъ
221,<wb>от
2668,<wb>вась
3551,<wb>етері
227,<wb>іже
62,<wb>не
3902,<wb>вѣроуѭ
2401,<wb>вѣдѣаше
112,<wb>бо
4002,<wb>ісконі
331,<wb>ісъ
523,<wb>кто
419,<wb>сѫтъ
62,<wb>не
594 533,<wb>вѣроу|ѭшті
39,<wb>і
523,<wb>кто
161,<wb>естъ
3591,<wb>хотѧі
3553,<wb>прѣдаті
39,<wb>і
892,<wb>глааше
387,<wb>сего
368,<wb>раді
949,<wb>рѣхъ
260,<wb>вамъ
99,<wb>ѣко
748,<wb>ніктоже
819,<wb>можетъ
1382,<wb>пріті
468,<wb>кь
588,<wb>мнѣ
201,<wb>аште
62,<wb>не
362,<wb>бѫдетъ
2837,<wb>дано
144,<wb>емоу
75,<wb>съ
3340,<wb>въіше
221,<wb>от
633,<wb>оца
563,<wb>моего
221,<wb>от
387,<wb>сего
899,<wb>мнозі
221,<wb>от
1092,<wb>оученікъ
135,<wb>его
674,<wb>ідѫ
3981,<wb>вьспѧть
39,<wb>і
468,<wb>кь
650,<wb>томоу
62,<wb>не
245 2046,<wb>хо|ждаахѫ
190,<wb>сь
528,<wb>німъ
141,<wb>рече
71,<wb>же
107,<wb>іс
2868,<wb>обѣма
68,<wb>на
811,<wb>десѧте
736,<wb>еда
39,<wb>і
237,<wb>въі
1568,<wb>хоштете
1344,<wb>іті
328,<wb>отъвѣшта
144,<wb>емоу
1839,<wb>сімонъ
818,<wb>петръ
300,<wb>гі
468,<wb>кь
1780,<wb>комоу
7585,<wb>ідемъ
2539,<wb>глъі
2030,<wb>жівота
1102 482,<wb>вѣчь|нааго
1287,<wb>імаші
39,<wb>і
478,<wb>мъі
1531 454,<wb>вѣрова|хомъ
39,<wb>і
1010 454,<wb>позна|хомъ
99,<wb>ѣко
288,<wb>тъі
313,<wb>есі
930,<wb>хъ
423,<wb>снъ
422,<wb>ба
5601,<wb>въішьнѣаго
1619,<wb>ідѣаше
331,<wb>ісъ
56,<wb>въ
2767,<wb>галілеѭ
62,<wb>не
1414,<wb>хотѣаше
112,<wb>бо
56,<wb>въ
7738,<wb>іюдеіхъ
3427,<wb>ходіті
99,<wb>ѣко
2446,<wb>іскаахѫ
135,<wb>его
1911,<wb>оубіті
39,<wb>і
165,<wb>бѣ
71,<wb>же
5476,<wb>блізь
4828 2586,<wb>праздъ|нікь
2458,<wb>іюдеіскъ
7826 85 243 2082 17,<wb>скі|но|пі|гі|а
510,<wb>рѣшѧ
71,<wb>же
468,<wb>кь
398,<wb>немоу
3241,<wb>братіѣ
135,<wb>его
1168 89,<wb>прѣі|ді
221,<wb>от
4893,<wb>сѫдоу
39,<wb>і
1030,<wb>іді
56,<wb>въ
6521,<wb>іюдеѭ
105,<wb>да
559,<wb>оученіці
462,<wb>твоі
2034,<wb>відѧтъ
596,<wb>дѣла
552,<wb>твоѣ
494,<wb>ѣже
1901,<wb>творіші
748,<wb>ніктоже
71,<wb>же
112,<wb>бо
56,<wb>въ
3286,<wb>таінѣ
1330,<wb>нічесоже
62,<wb>не
1057,<wb>творітъ
39,<wb>і
3238,<wb>іштетъ
645,<wb>самъ
1869,<wb>ѣвѣ
503,<wb>бъіті
201,<wb>аште
159,<wb>сі
1901,<wb>творіші
1757,<wb>аві
70,<wb>сѧ
56,<wb>въ
1135,<wb>семоу
1829,<wb>міроу
122,<wb>ні
3241,<wb>братіѣ
112,<wb>бо
135,<wb>его
1531 216,<wb>вѣрова|ахѫ
81,<wb>вь
484,<wb>нь
130,<wb>гла
210,<wb>імъ
331,<wb>ісъ
783,<wb>врѣмѧ
346,<wb>мое
62,<wb>не
73,<wb>оу
416,<wb>пріде
77,<wb>а
783,<wb>врѣмѧ
709,<wb>ваше
4870,<wb>въсегда
6408,<wb>готово
161,<wb>естъ
62,<wb>не
819,<wb>можетъ
688,<wb>міръ
1197 2968,<wb>ненаві|дѣті
2668,<wb>вась
364,<wb>мене
71,<wb>же
4297,<wb>ненавідітъ
99,<wb>ѣко
695,<wb>азь
140 703 6419,<wb>вѣ|дѣтель|ствоуѭ
47,<wb>о
62 14,<wb>не|м
99,<wb>ѣко
596,<wb>дѣла
135,<wb>его
4817,<wb>зьла
419,<wb>сѫтъ
237,<wb>въі
944 382,<wb>вьзі|дѣте
56,<wb>въ
1120 2586,<wb>праздь|нікь
190,<wb>сь
695,<wb>азь
62,<wb>не
1648 175,<wb>възі|дѫ
56,<wb>въ
1120 2586,<wb>праздь|нікь
190,<wb>сь
99,<wb>ѣко
783,<wb>врѣмѧ
346,<wb>мое
62,<wb>не
73,<wb>оу
1564,<wb>ісплъні
70,<wb>сѧ
159,<wb>сі
5337,<wb>рекь
210,<wb>імъ
405,<wb>оста
56,<wb>въ
1703,<wb>галілеі
317,<wb>егда
71,<wb>же
1648 175,<wb>възі|дѫ
3241,<wb>братіѣ
135,<wb>его
56,<wb>въ
1120 2586,<wb>праздь|нікь
916,<wb>тогда
39,<wb>і
301 14,<wb>са|м
41 320 79,<wb>в|зі|де
62,<wb>не
3401,<wb>авѣ
208,<wb>нъ
99,<wb>ѣко
878,<wb>таі
685,<wb>іюдеі
71,<wb>же
2446,<wb>іскаахѫ
135,<wb>его
56,<wb>въ
2124,<wb>праздьнікъ
39,<wb>і
997,<wb>глаахѫ
4118,<wb>кьде
161,<wb>естъ
366,<wb>онъ
39,<wb>і
1183 433 43,<wb>рь|пь|тъ
165,<wb>бѣ
4928,<wb>многь
47,<wb>о
1107,<wb>немъ
56,<wb>въ
4948,<wb>народѣ
1953,<wb>ові
997,<wb>глаахѫ
99,<wb>ѣко
239 1055,<wb>бла|гь
161,<wb>естъ
1944,<wb>іні
71,<wb>же
997,<wb>глаахѫ
122,<wb>ні
208,<wb>нъ
966 1956,<wb>ль|стітъ
2455,<wb>народъі
39,<wb>і
678 115 339,<wb>ніко|то|ръі
71,<wb>же
3401,<wb>авѣ
892,<wb>глааше
47,<wb>о
590,<wb>немь
2609,<wb>страха
368,<wb>раді
3643,<wb>іюдеіска
56,<wb>въ
2857 93 3313,<wb>прѣпо|ло|вленіе
6410,<wb>праздьніка
4540,<wb>възіде
331,<wb>ісъ
56,<wb>въ
4524,<wb>црквъ
39,<wb>і
3031,<wb>оучааше
39,<wb>і
2922,<wb>дівлѣахѫ
70,<wb>сѧ
685,<wb>іюдеі
1440,<wb>глште
376,<wb>како
190,<wb>сь
3802,<wb>кьнігъі
2442 255,<wb>оумѣ|етъ
62,<wb>не
73 229,<wb>оу|чь
70,<wb>сѧ
579,<wb>отъвѣштавъ
331,<wb>ісъ
141,<wb>рече
210,<wb>імъ
346,<wb>мое
3984,<wb>оученіе
595,<wb>нѣстъ
346,<wb>мое
208,<wb>нъ
2934,<wb>посълавъшааго
226,<wb>мѧ
201,<wb>аште
4440,<wb>кьто
1462,<wb>хоштетъ
3061,<wb>волѭ
135,<wb>его
1234,<wb>творіті
5115,<wb>разоумѣетъ
47,<wb>о
3390,<wb>оученіі
1269,<wb>кое
84,<wb>отъ
422,<wb>ба
715,<wb>есть
178,<wb>лі
695,<wb>азь
47,<wb>о
436,<wb>себѣ
284,<wb>глѭ
4204,<wb>глѧі
47,<wb>о
436,<wb>себѣ
1966,<wb>славъі
1276,<wb>своеѧ
3238,<wb>іштетъ
77,<wb>а
6326,<wb>іштѧі
1966,<wb>славъі
2934,<wb>посълавъшааго
39,<wb>і
190,<wb>сь
4924,<wb>істіненъ
715,<wb>есть
39,<wb>і
595,<wb>нѣстъ
7032,<wb>неправъдъі
81,<wb>вь
1107,<wb>немъ
62,<wb>не
2560,<wb>мосі
178,<wb>лі
520,<wb>дастъ
2532,<wb>вам
2329,<wb>закона
526,<wb>чьто
364,<wb>мене
2711,<wb>іштете
1911,<wb>оубіті
579,<wb>отъвѣштавъ
956,<wb>народъ
141,<wb>рече
3668,<wb>бѣса
178,<wb>лі
1287,<wb>імаші
4440,<wb>кьто
614,<wb>тебе
3238,<wb>іштетъ
1911,<wb>оубіті
328,<wb>отъвѣшта
331,<wb>ісъ
39,<wb>і
141,<wb>рече
210,<wb>імъ
814,<wb>едіно
1043,<wb>дѣло
3165,<wb>сътворіхъ
39,<wb>і
481,<wb>вьсі
2175 54,<wb>діві|те
70,<wb>сѧ
387,<wb>сего
368,<wb>раді
6058,<wb>мосіі
520,<wb>дастъ
260,<wb>вамъ
6936,<wb>обрѣзаніе
62,<wb>не
99,<wb>ѣко
221,<wb>от
6939,<wb>мосеа
161,<wb>естъ
208,<wb>нъ
221,<wb>от
749,<wb>оць
39,<wb>і
56,<wb>въ
2591,<wb>сѫботѫ
3992 661,<wb>обрѣза|ете
2316,<wb>члка
201,<wb>аште
6936,<wb>обрѣзаніе
1300,<wb>члкъ
1957,<wb>пріемлетъ
56,<wb>въ
2591,<wb>сѫботѫ
105,<wb>да
62,<wb>не
4859,<wb>разорітъ
70,<wb>сѧ
1384,<wb>законъ
3168 1826,<wb>мосе|овъ
68,<wb>на
226,<wb>мѧ
178,<wb>лі
1840 661,<wb>гнѣва|ете
70,<wb>сѧ
99,<wb>ѣко
4045,<wb>въсего
2316,<wb>члка
6538,<wb>съдрава
3165,<wb>сътворіхъ
56,<wb>въ
3292,<wb>сѫботъ
62,<wb>не
3362,<wb>сѫдіте
68,<wb>на
1385,<wb>ліца
208,<wb>нъ
2112 139,<wb>праведъ|нъі
1066,<wb>сѫдъ
3362,<wb>сѫдіте
997,<wb>глаахѫ
71,<wb>же
3660,<wb>етеріі
84,<wb>отъ
2480 23 4398 98,<wb>іер|с|лмѣ|нъ
62,<wb>не
190,<wb>сь
178,<wb>лі
161,<wb>естъ
538,<wb>егоже
2446,<wb>іскаахѫ
1911,<wb>оубіті
39,<wb>і
121,<wb>се
62,<wb>не
4312,<wb>обіноуѧ
70,<wb>сѧ
1561,<wb>глетъ
39,<wb>і
1330,<wb>нічесоже
144,<wb>емоу
62,<wb>не
284 32,<wb>глѭ|т
736,<wb>еда
376,<wb>како
2167,<wb>разоумѣшѧ
3931 320,<wb>кьнѧ|зі
99,<wb>ѣко
190,<wb>сь
161,<wb>естъ
930,<wb>хъ
208,<wb>нъ
387,<wb>сего
1726,<wb>вѣмъ
221,<wb>от
3794,<wb>кѫдоу
161,<wb>естъ
77,<wb>а
930,<wb>хъ
317,<wb>егда
786,<wb>прідетъ
748,<wb>ніктоже
62,<wb>не
1559,<wb>вѣстъ
221,<wb>от
3794,<wb>кѫдоу
362,<wb>бѫдетъ
1025 103,<wb>вьзь|ва
71,<wb>же
331,<wb>ісъ
56,<wb>въ
2796,<wb>цркві
1408,<wb>оучѧ
39,<wb>і
441,<wb>глѧ
39,<wb>і
364,<wb>мене
1271,<wb>вѣсте
39,<wb>і
1271,<wb>вѣсте
221,<wb>от
3794,<wb>кѫдоу
568,<wb>есмъ
39,<wb>і
47,<wb>о
436,<wb>себѣ
62,<wb>не
1743,<wb>прідъ
208,<wb>нъ
161,<wb>естъ
4924,<wb>істіненъ
456 648,<wb>посъла|въіі
226,<wb>мѧ
538,<wb>егоже
237,<wb>въі
62,<wb>не
1271,<wb>вѣсте
39,<wb>і
290,<wb>азъ
39,<wb>і
140 14,<wb>вѣ|м
99,<wb>ѣко
221,<wb>от
513,<wb>него
568,<wb>есмъ
39,<wb>і
157,<wb>тъ
226,<wb>мѧ
456,<wb>посъла
2446,<wb>іскаахѫ
71,<wb>же
2541,<wb>ѧті
39,<wb>і
39,<wb>і
748,<wb>ніктоже
62,<wb>не
1722,<wb>възложі
1655,<wb>рѫкоу
68,<wb>на
208,<wb>нъ
99,<wb>ѣко
62,<wb>не
73,<wb>оу
165,<wb>бѣ
1794 66,<wb>прішь|ла
1638,<wb>годіна
135,<wb>его
56,<wb>въ
6830 276,<wb>послѣдъ|ніі
2121,<wb>денъ
2258,<wb>велікъі
2124,<wb>праздьнікъ
3588,<wb>стоѣше
331,<wb>ісъ
39,<wb>і
720 2271,<wb>зь|вааше
441,<wb>глѧ
201,<wb>аште
523,<wb>кто
1218 5287,<wb>жѧ|ждетъ
105,<wb>да
786,<wb>прідетъ
184,<wb>ко
588,<wb>мнѣ
39,<wb>і
7114,<wb>піетъ
2322,<wb>вѣроуѧі
56,<wb>въ
226,<wb>мѧ
308,<wb>ѣкоже
3802,<wb>кьнігъі
510,<wb>рѣшѧ
2240,<wb>рѣкъі
84,<wb>отъ
3848,<wb>чрѣва
135,<wb>его
67 54 4675,<wb>по|те|кѫтъ
1402,<wb>водъі
2127,<wb>жівъі
121,<wb>се
71,<wb>же
141,<wb>рече
47,<wb>о
53 233,<wb>д|сѣ
295,<wb>еже
2772,<wb>хотѣахѫ
1625,<wb>пріѧті
39,<wb>і
594 2527,<wb>вѣроу|ѭштіі
56,<wb>въ
484,<wb>нь
62,<wb>не
73,<wb>оу
112,<wb>бо
165,<wb>бѣ
768,<wb>дхъ
490,<wb>стъі
6955,<wb>данъ
99,<wb>ѣко
78,<wb>ѣ
331,<wb>ісъ
62,<wb>не
73,<wb>оу
165,<wb>бѣ
1038 5950,<wb>просла|вленъ
899,<wb>мнозі
71,<wb>же
221,<wb>от
956,<wb>народъ
1434,<wb>слъішавъше
1020,<wb>словеса
159,<wb>сі
997,<wb>глаахѫ
190,<wb>сь
161,<wb>естъ
56,<wb>въ
843,<wb>істінѫ
4644,<wb>прркъ
2182,<wb>дроузіі
71,<wb>же
997,<wb>глаахѫ
190,<wb>сь
161,<wb>естъ
930,<wb>хъ
1953,<wb>ові
71,<wb>же
997,<wb>глаахѫ
736,<wb>еда
84,<wb>отъ
3050,<wb>галілеѧ
930,<wb>хъ
786,<wb>прідетъ
62,<wb>не
3802,<wb>кьнігъі
178,<wb>лі
510,<wb>рѣшѧ
99,<wb>ѣко
221,<wb>от
3841,<wb>сѣмене
53 7369,<wb>д|два
39,<wb>і
84,<wb>отъ
167 32 132 4829 384,<wb>ві|т|ле|омь|ска
926,<wb>града
786,<wb>прідетъ
930,<wb>хъ
702 461 96,<wb>рас|пъ|рѣ
71,<wb>же
351,<wb>бъістъ
56,<wb>въ
4948,<wb>народѣ
135,<wb>его
368,<wb>раді
3660,<wb>етеріі
71,<wb>же
84,<wb>отъ
7982,<wb>ніх
2772,<wb>хотѣахѫ
2541,<wb>ѧті
39,<wb>і
484,<wb>нь
748,<wb>ніктоже
1722,<wb>възложі
68,<wb>на
484,<wb>нь
1655,<wb>рѫкоу
955,<wb>прідѫ
71,<wb>же
2057,<wb>слоугъі
468,<wb>кь
665 4829,<wb>архіере|омь
39,<wb>і
1184 55,<wb>фарісе|мъ
39,<wb>і
510,<wb>рѣшѧ
210,<wb>імъ
323,<wb>ті
67,<wb>по
526,<wb>чьто
62,<wb>не
127 242,<wb>прѣ|сте
135,<wb>его
1992,<wb>отъвѣшташѧ
2057,<wb>слоугъі
1770,<wb>ніколіже
311,<wb>тако
161,<wb>естъ
2993,<wb>глъ
985,<wb>чкъ
99,<wb>ѣко
190,<wb>сь
1300,<wb>члкъ
1992,<wb>отъвѣшташѧ
210,<wb>імъ
1325,<wb>фарісеі
736,<wb>еда
39,<wb>і
237,<wb>въі
1445 3786,<wb>прѣль|штені
2982,<wb>бъісте
736,<wb>еда
523,<wb>кто
221,<wb>от
7825,<wb>кьнѧзь
1531,<wb>вѣрова
81,<wb>вь
484,<wb>нь
178,<wb>лі
221,<wb>от
1325,<wb>фарісеі
208,<wb>нъ
385 151 349,<wb>наро|до|сь
227,<wb>іже
62,<wb>не
1559,<wb>вѣстъ
2329,<wb>закона
4822 52,<wb>проклѧ|ті
419,<wb>сѫтъ
130,<wb>гла
4298,<wb>нікодімъ
468,<wb>кь
528,<wb>німъ
6999,<wb>прішедъі
468,<wb>кь
398,<wb>немоу
2536,<wb>ноштіѭ
438,<wb>едінъ
576,<wb>съі
221,<wb>от
562,<wb>ніхъ
736,<wb>еда
1384,<wb>законъ
2138,<wb>нашь
4597,<wb>сѫдітъ
2976,<wb>чкоу
201,<wb>аште
62,<wb>не
2592,<wb>слъішітъ
84,<wb>отъ
513,<wb>него
536,<wb>прѣжде
39,<wb>і
5115,<wb>разоумѣетъ
526,<wb>чьто
1057,<wb>творітъ
1992,<wb>отъвѣшташѧ
39,<wb>і
510,<wb>рѣшѧ
144,<wb>емоу
736,<wb>еда
39,<wb>і
288,<wb>тъі
221,<wb>от
3050,<wb>галілеѧ
313,<wb>есі
2866 16,<wb>іспъіта|і
39,<wb>і
2853,<wb>віждъ
99,<wb>ѣко
84,<wb>отъ
3050,<wb>галілеѧ
57 117 13,<wb>пр|ро|к
62,<wb>не
3737,<wb>пріходітъ
695,<wb>азь
1147,<wb>есмь
4060,<wb>свѣт
1829,<wb>міроу
1553,<wb>ходѧ
67,<wb>по
2231,<wb>мънѣ
62,<wb>не
584,<wb>іматъ
56,<wb>въ
3712,<wb>тьмѣ
3427,<wb>ходіті
208,<wb>нъ
584,<wb>іматъ
957,<wb>свѣтъ
4175,<wb>вѣчьнъіі
404,<wb>пакъі
71,<wb>же
3381,<wb>ім
141,<wb>рече
331,<wb>ісъ
441,<wb>глѧ
695,<wb>азь
568,<wb>есмъ
957,<wb>свѣтъ
1829,<wb>міроу
6997,<wb>ходѧі
56,<wb>въ
67,<wb>по
437,<wb>мьнѣ
62,<wb>не
584,<wb>іматъ
3427,<wb>ходіті
56,<wb>въ
4394,<wb>тъмѣ
208,<wb>нъ
584,<wb>іматъ
920,<wb>жівотъ
4175,<wb>вѣчьнъіі
510,<wb>рѣшѧ
71,<wb>же
144,<wb>емоу
1325,<wb>фарісеі
288,<wb>тъі
47,<wb>о
436,<wb>себѣ
645,<wb>самъ
1664 608,<wb>съвѣдѣтельствоу|еші
39,<wb>і
2510,<wb>съвѣдѣтельство
347,<wb>твое
595,<wb>нѣстъ
5741,<wb>істінно
328,<wb>отъвѣшта
331,<wb>ісъ
39,<wb>і
141,<wb>рече
210,<wb>імъ
201,<wb>аште
695,<wb>азь
6449,<wb>съвѣдѣтельствоуѭ
47,<wb>о
588,<wb>мнѣ
1166 55,<wb>само|мъ
2447 372,<wb>сьвѣдѣтель|ство
346,<wb>мое
5741,<wb>істінно
161,<wb>естъ
99,<wb>ѣко
1744,<wb>вѣмь
221,<wb>от
3794,<wb>кѫдоу
1743,<wb>прідъ
39,<wb>і
2904,<wb>камо
1142,<wb>грѧдѫ
237,<wb>въі
71,<wb>же
62,<wb>не
1271,<wb>вѣсте
221,<wb>от
3794,<wb>кѫдоу
90 188,<wb>прі|дь
39,<wb>і
2904,<wb>камо
1142,<wb>грѧдѫ
237,<wb>въі
67,<wb>по
3595,<wb>плъті
3362,<wb>сѫдіте
5065,<wb>аз
71,<wb>же
62,<wb>не
4307,<wb>сѫждѫ
1769,<wb>нікомоуже
201,<wb>аште
178,<wb>лі
4307,<wb>сѫждѫ
290,<wb>азъ
1066,<wb>сѫдъ
329,<wb>моі
4924,<wb>істіненъ
161,<wb>естъ
99,<wb>ѣко
438,<wb>едінъ
2134,<wb>нѣсмъ
208,<wb>нъ
695,<wb>азь
39,<wb>і
456 648,<wb>посъла|въіі
226,<wb>мѧ
749,<wb>оць
39,<wb>і
56,<wb>въ
2504,<wb>законѣ
7608,<wb>вашемъ
2141,<wb>пісано
161,<wb>естъ
99,<wb>ѣко
271 2731,<wb>дь|вою
3593,<wb>члкоу
2510,<wb>съвѣдѣтельство
161,<wb>естъ
5741,<wb>істінно
695,<wb>азь
568,<wb>есмъ
1664 509,<wb>съвѣдѣтельствоу|ѧі
47,<wb>о
437,<wb>мьнѣ
1166 55,<wb>само|мъ
39,<wb>і
7044,<wb>сьвѣдѣтельствоуетъ
47,<wb>о
588,<wb>мнѣ
3319 219,<wb>посьла|въі
226,<wb>мѧ
2088,<wb>оцъ
39,<wb>і
997,<wb>глаахѫ
144,<wb>емоу
4118,<wb>кьде
161,<wb>естъ
749,<wb>оць
462,<wb>твоі
47 258,<wb>о|вѣшта
210,<wb>імъ
331,<wb>ісъ
122,<wb>ні
364,<wb>мене
1271,<wb>вѣсте
122,<wb>ні
633,<wb>оца
563,<wb>моего
201,<wb>аште
226,<wb>мѧ
1930,<wb>бісте
7236,<wb>вѣдѣлі
39,<wb>і
633,<wb>оца
563,<wb>моего
1930,<wb>бісте
7236,<wb>вѣдѣлі
2781,<wb>сіѧ
2539,<wb>глъі
130,<wb>гла
331,<wb>ісъ
56,<wb>въ
6581 3153,<wb>газофіла|кіі
1408,<wb>оучѧ
56,<wb>въ
2796,<wb>цркві
39,<wb>і
748,<wb>ніктоже
62,<wb>не
3489,<wb>ѧтъ
135,<wb>его
99,<wb>ѣко
62,<wb>не
73,<wb>оу
165,<wb>бѣ
3116 66,<wb>прішъ|ла
1638,<wb>годіна
135,<wb>его
695,<wb>азь
674,<wb>ідѫ
39,<wb>і
1648 4667,<wb>възі|штете
364,<wb>мене
39,<wb>і
56,<wb>въ
4906,<wb>грѣсѣ
7608,<wb>вашемъ
7584,<wb>оумьрете
2676,<wb>ѣможе
695,<wb>азь
674,<wb>ідѫ
237,<wb>въі
62,<wb>не
2251,<wb>можете
1382,<wb>пріті
997,<wb>глаахѫ
71,<wb>же
685,<wb>іюдеі
736,<wb>еда
70,<wb>сѧ
645,<wb>самъ
6427,<wb>оубіетъ
308,<wb>ѣкоже
1561,<wb>глетъ
2676,<wb>ѣможе
695,<wb>азь
674,<wb>ідѫ
237,<wb>въі
62,<wb>не
2251,<wb>можете
1382,<wb>пріті
39,<wb>і
892,<wb>глааше
210,<wb>імъ
237,<wb>въі
84,<wb>отъ
122 257 1698,<wb>ні|жь|ніхъ
939,<wb>есте
695,<wb>азь
221,<wb>от
6098,<wb>въішьнііхъ
568,<wb>есмъ
237,<wb>въі
84,<wb>отъ
387,<wb>сего
975,<wb>міра
939,<wb>есте
695,<wb>азь
2134,<wb>нѣсмъ
221,<wb>от
387,<wb>сего
975,<wb>міра
949,<wb>рѣхъ
222,<wb>оубо
260,<wb>вамъ
99,<wb>ѣко
7584,<wb>оумьрете
56,<wb>въ
5737,<wb>грѣсѣхъ
1739,<wb>вашіхъ
201,<wb>аште
112,<wb>бо
994,<wb>вѣръі
62,<wb>не
3980,<wb>імете
99,<wb>ѣко
290,<wb>азъ
568,<wb>есмъ
1428 6027,<wb>оумъ|рете
56,<wb>въ
5737,<wb>грѣсѣхъ
1739,<wb>вашіхъ
997,<wb>глаахѫ
71,<wb>же
144,<wb>емоу
288,<wb>тъі
523,<wb>кто
313,<wb>есі
39,<wb>і
141,<wb>рече
210,<wb>імъ
331,<wb>ісъ
904 115,<wb>начѧ|то
468,<wb>кь
99,<wb>ѣко
39,<wb>і
284,<wb>глѭ
2532,<wb>вам
693,<wb>много
1126,<wb>імамъ
47,<wb>о
544,<wb>васъ
1375,<wb>глаті
39,<wb>і
5445,<wb>сѫдіті
39,<wb>і
5445,<wb>сѫдіті
208,<wb>нъ
4679,<wb>посълавъі
226,<wb>мѧ
4924,<wb>істіненъ
161,<wb>естъ
39,<wb>і
695,<wb>азь
494,<wb>ѣже
4443,<wb>слъішахъ
84,<wb>отъ
513,<wb>него
159,<wb>сі
284,<wb>глѭ
56,<wb>въ
988 14,<wb>все|м
2060,<wb>мірѣ
39,<wb>і
62,<wb>не
2167,<wb>разоумѣшѧ
99,<wb>ѣко
633,<wb>оца
1126,<wb>імамъ
2166,<wb>глаше
422,<wb>ба
141,<wb>рече
210,<wb>імъ
331,<wb>ісъ
317,<wb>егда
6367 54,<wb>възнесе|те
732,<wb>сна
2314 1366,<wb>члчь|скааго
916,<wb>тогда
3276,<wb>разоумѣете
99,<wb>ѣко
290,<wb>азъ
568,<wb>есмъ
39,<wb>і
47,<wb>о
436,<wb>себѣ
1330,<wb>нічесоже
62,<wb>не
2486,<wb>творѭ
208,<wb>нъ
308,<wb>ѣкоже
1270,<wb>наоучі
226,<wb>мѧ
749,<wb>оць
39,<wb>і
747,<wb>сіі
284,<wb>глѭ
39,<wb>і
4077 219,<wb>посла|въі
226,<wb>мѧ
75,<wb>съ
1558,<wb>мноѭ
161,<wb>естъ
39,<wb>і
62,<wb>не
646,<wb>оставі
364,<wb>мене
814 28,<wb>едіно|г
99,<wb>ѣко
695,<wb>азь
771 34 102,<wb>оуго|д|на
2486,<wb>творѭ
144,<wb>емоу
4870,<wb>въсегда
747,<wb>сіі
189 324,<wb>гл|штоу
144,<wb>емоу
899,<wb>мнозі
2836,<wb>вѣровашѧ
240,<wb>во
484,<wb>нь
141,<wb>рече
459,<wb>гь
468,<wb>кь
1531 4627,<wb>вѣрова|въшіімъ
150,<wb>къ
398,<wb>немоу
4042,<wb>іюдеомъ
201,<wb>аште
237,<wb>въі
5895,<wb>прѣбѫдете
56,<wb>въ
1866,<wb>словесі
3468,<wb>моемъ
56,<wb>въ
843,<wb>істінѫ
559,<wb>оученіці
329,<wb>моі
1215,<wb>бѫдете
39,<wb>і
3276,<wb>разоумѣете
843,<wb>істінѫ
39,<wb>і
2700,<wb>істіна
6781,<wb>свободітъ
237,<wb>въі
1992,<wb>отъвѣшташѧ
144,<wb>емоу
685,<wb>іюдеі
2085,<wb>сѣмѧ
7301,<wb>авраамле
568,<wb>есмъ
39,<wb>і
1769,<wb>нікомоуже
2645 454,<wb>работа|хомъ
1770,<wb>ніколіже
39,<wb>і
376,<wb>како
288,<wb>тъі
1594,<wb>глеші
99,<wb>ѣко
3850,<wb>свободь
1215,<wb>бѫдете
1353,<wb>отвѣшта
210,<wb>імъ
331,<wb>ісъ
681,<wb>амін
681,<wb>амін
284,<wb>глѭ
2532,<wb>вам
99,<wb>ѣко
2531,<wb>всѣкъ
3509,<wb>творѧі
1772,<wb>грѣхъ
4820,<wb>рабь
715,<wb>есть
7481,<wb>грѣхоу
77,<wb>а
1074,<wb>рабъ
62,<wb>не
3244,<wb>прѣбъіваетъ
56,<wb>въ
756,<wb>домоу
56,<wb>въ
140 13,<wb>вѣ|к
423,<wb>снъ
71,<wb>же
127 315 3098,<wb>прѣ|бъ|ваетъ
41,<wb>в
756,<wb>домоу
41 87 13,<wb>в|вѣ|к
201,<wb>аште
222,<wb>оубо
423,<wb>снъ
6781,<wb>свободітъ
237,<wb>въі
56,<wb>въ
843,<wb>істінѫ
1848 34,<wb>свобо|д
1215,<wb>бѫдете
1744,<wb>вѣмь
99,<wb>ѣко
2085,<wb>сѣмѧ
7301,<wb>авраамле
939,<wb>есте
208,<wb>нъ
2711,<wb>іштете
364,<wb>мене
1911,<wb>оубіті
99,<wb>ѣко
442,<wb>слово
346,<wb>мое
62,<wb>не
3535 4269,<wb>въмѣ|штаетъ
70,<wb>сѧ
56,<wb>въ
237,<wb>въі
695,<wb>азь
494,<wb>ѣже
2406,<wb>відѣхъ
73,<wb>оу
633,<wb>оца
284,<wb>глѭ
39,<wb>і
237,<wb>въі
222,<wb>оубо
494,<wb>ѣже
3546,<wb>відѣсте
73,<wb>оу
633,<wb>оца
1762,<wb>вашего
1451,<wb>творіте
1992,<wb>отъвѣшташѧ
39,<wb>і
510,<wb>рѣшѧ
144,<wb>емоу
749,<wb>оць
2138,<wb>нашь
3450,<wb>авраамъ
161,<wb>естъ
130,<wb>гла
210,<wb>імъ
331,<wb>ісъ
201,<wb>аште
1830,<wb>чѧда
1310 1442,<wb>авраа|млѣ
1930,<wb>бісте
5261,<wb>бъілі
596,<wb>дѣла
1310 1442,<wb>авраа|млѣ
426 74,<wb>творі|лі
1930,<wb>бісте
457,<wb>нъінѣ
71,<wb>же
2711,<wb>іштете
364,<wb>мене
1911,<wb>оубіті
2316,<wb>члка
227,<wb>іже
843,<wb>істінѫ
130 9,<wb>гла|х
260,<wb>вамъ
1447,<wb>ѭже
4443,<wb>слъішахъ
221,<wb>от
422,<wb>ба
387,<wb>сего
3450,<wb>авраамъ
595,<wb>нѣстъ
426 137,<wb>творі|лъ
237,<wb>въі
1451,<wb>творіте
596,<wb>дѣла
633,<wb>оца
1762,<wb>вашего
510,<wb>рѣшѧ
71,<wb>же
144,<wb>емоу
478,<wb>мъі
84,<wb>отъ
1626 2696 297,<wb>любо|дѣа|ніѣ
2134,<wb>нѣсмъ
2441 60,<wb>рожде|ні
478,<wb>мъі
940,<wb>едіного
633,<wb>оца
210,<wb>імъ
422,<wb>ба
141,<wb>рече
71,<wb>же
210,<wb>імъ
331,<wb>ісъ
201,<wb>аште
443,<wb>бъ
749,<wb>оць
2685,<wb>вашь
453,<wb>бі
2064,<wb>бъілъ
1284 74,<wb>любі|лі
226,<wb>мѧ
1930,<wb>бісте
695,<wb>азь
112,<wb>бо
84,<wb>отъ
422,<wb>ба
4055,<wb>ізідъ
39,<wb>і
1743,<wb>прідъ
201,<wb>аште
443,<wb>бъ
2088,<wb>оцъ
2685,<wb>вашь
453,<wb>бі
2064,<wb>бъілъ
1284 74,<wb>любі|лі
226,<wb>мѧ
1930,<wb>бісте
290,<wb>азъ
112,<wb>бо
84,<wb>отъ
422,<wb>ба
4055,<wb>ізідъ
39,<wb>і
90 188,<wb>прі|дь
62,<wb>не
47,<wb>о
436,<wb>себѣ
1743,<wb>прідъ
208,<wb>нъ
39,<wb>і
157,<wb>тъ
226,<wb>мѧ
456,<wb>посъла
67,<wb>по
526,<wb>чьто
4853,<wb>бесѣдъі
1239,<wb>моеѧ
62,<wb>не
406 1145 181 661,<wb>разоу|зоу|мѣ|ете
99,<wb>ѣко
62,<wb>не
2251,<wb>можете
1997,<wb>слъішаті
1159,<wb>словесе
563,<wb>моего
237,<wb>въі
221,<wb>от
633,<wb>оца
7213 66,<wb>діаво|ла
939,<wb>есте
39,<wb>і
5146,<wb>похоті
633,<wb>оца
152 103 82 58,<wb>ва|ва|ше|го
1568,<wb>хоштете
1234,<wb>творіті
366,<wb>онъ
6957 42 3713 218,<wb>члко|оу|біі|ца
165,<wb>бѣ
4002,<wb>ісконі
39,<wb>і
56,<wb>въ
1964,<wb>істінѣ
62,<wb>не
7014,<wb>стоітъ
99,<wb>ѣко
595,<wb>нѣстъ
3177,<wb>істінъі
56,<wb>въ
1107,<wb>немъ
317,<wb>егда
1561,<wb>глетъ
966 431,<wb>ль|жѧ
84,<wb>отъ
809,<wb>своіхъ
1561,<wb>глетъ
99,<wb>ѣко
966 257,<wb>ль|жь
161,<wb>естъ
2088,<wb>оцъ
135,<wb>его
5065,<wb>аз
71,<wb>же
1070,<wb>зане
843,<wb>істінѫ
284,<wb>глѭ
62,<wb>не
4305,<wb>емлете
994,<wb>вѣръі
588,<wb>мнѣ
523,<wb>кто
221,<wb>от
544,<wb>васъ
4246 2649,<wb>обліча|ет
226,<wb>мѧ
201,<wb>аште
843,<wb>істінѫ
284,<wb>глѭ
67,<wb>по
394,<wb>что
237,<wb>въі
994,<wb>вѣръі
62,<wb>не
4305,<wb>емлете
2231,<wb>мънѣ
227,<wb>іже
161,<wb>естъ
221,<wb>от
422,<wb>ба
2993,<wb>глъ
776,<wb>бжіі
5342,<wb>послоушаетъ
387,<wb>сего
368,<wb>раді
237,<wb>въі
62,<wb>не
664 661,<wb>послоуша|ете
99,<wb>ѣко
3006,<wb>нѣсте
221,<wb>от
422,<wb>ба
4267 110,<wb>отъвѣ|шѧ
685,<wb>іюдеі
39,<wb>і
510,<wb>рѣшѧ
144,<wb>емоу
62,<wb>не
932,<wb>добрѣ
178,<wb>лі
948 55,<wb>гле|мъ
478,<wb>мъі
99,<wb>ѣко
7662,<wb>самарѣнінъ
313,<wb>есі
288,<wb>тъі
39,<wb>і
992,<wb>бѣсъ
1287,<wb>імаші
328,<wb>отъвѣшта
107,<wb>іс
695,<wb>азь
3668,<wb>бѣса
62,<wb>не
1126,<wb>імамъ
208,<wb>нъ
354 495,<wb>чь|тѫ
633,<wb>оца
563,<wb>моего
39,<wb>і
237,<wb>въі
62,<wb>не
5122 54,<wb>чьте|те
364,<wb>мене
695,<wb>азь
71,<wb>же
62,<wb>не
4971,<wb>іштѫ
1966,<wb>славъі
1239,<wb>моеѧ
161,<wb>естъ
3022,<wb>іштѧ
39,<wb>і
39,<wb>і
202 2881,<wb>сѫ|дѧі
681,<wb>амін
681,<wb>амін
284,<wb>глѭ
260,<wb>вамъ
201,<wb>аште
523,<wb>кто
5901,<wb>съблюдетъ
442,<wb>слово
346,<wb>мое
2091,<wb>съмръті
62,<wb>не
584,<wb>іматъ
1078,<wb>відѣті
41 87 13,<wb>в|вѣ|к
681,<wb>амін
681,<wb>амін
284,<wb>глѭ
260,<wb>вамъ
201,<wb>аште
523,<wb>кто
5901,<wb>съблюдетъ
442,<wb>слово
346,<wb>мое
2091,<wb>съмръті
62,<wb>не
584,<wb>іматъ
1078,<wb>відѣті
56,<wb>въ
738,<wb>вѣкъ
510,<wb>рѣшѧ
71,<wb>же
144,<wb>емоу
685,<wb>іюдеі
457,<wb>нъінѣ
479 454,<wb>разоумѣ|хомъ
99,<wb>ѣко
992,<wb>бѣсъ
1287,<wb>імаші
3450,<wb>авраамъ
3490,<wb>оумьрѣтъ
39,<wb>і
6341,<wb>пррці
39,<wb>і
288,<wb>тъі
1594,<wb>глеші
201,<wb>аште
442,<wb>слово
346,<wb>мое
1617 3088,<wb>съблю|дете
62,<wb>не
1048,<wb>імате
4839,<wb>въкоусіті
2091,<wb>съмръті
56,<wb>въ
738,<wb>вѣкъ
736,<wb>еда
288,<wb>тъі
3375,<wb>болеі
313,<wb>есі
633,<wb>оца
1051,<wb>нашего
4676,<wb>авраама
227,<wb>іже
3490,<wb>оумьрѣтъ
39,<wb>і
6341,<wb>пррці
1428 2463,<wb>оумъ|рѣшѧ
1483,<wb>кого
70,<wb>сѧ
645,<wb>самъ
288,<wb>тъі
1901,<wb>творіші
328,<wb>отъвѣшта
331,<wb>ісъ
201,<wb>аште
695,<wb>азь
2538 500,<wb>слав|лѭ
70,<wb>сѧ
645,<wb>самъ
974,<wb>слава
556,<wb>моѣ
2095,<wb>нічтоже
161,<wb>естъ
161,<wb>естъ
2088,<wb>оцъ
329,<wb>моі
2652 16,<wb>славѧ|і
226,<wb>мѧ
538,<wb>егоже
237,<wb>въі
2261,<wb>глете
99,<wb>ѣко
443,<wb>бъ
1480,<wb>нашъ
161,<wb>естъ
39,<wb>і
62,<wb>не
1010 242,<wb>позна|сте
135,<wb>его
695,<wb>азь
71,<wb>же
140 285,<wb>вѣ|мъі
39,<wb>і
39,<wb>і
201,<wb>аште
1189,<wb>рекѫ
62,<wb>не
140 14,<wb>вѣ|м
135,<wb>его
1387,<wb>бѫдѫ
5223,<wb>подобенъ
260,<wb>вамъ
874 257,<wb>ло|жь
208,<wb>нъ
140 285,<wb>вѣ|мъі
39,<wb>і
39,<wb>і
442,<wb>слово
135,<wb>его
4375 3,<wb>съблюда|ѭ
3450,<wb>авраамъ
749,<wb>оць
1870,<wb>вашъ
8025,<wb>радъ
453,<wb>бі
2064,<wb>бъілъ
105,<wb>да
453,<wb>бі
4469,<wb>відѣлъ
2121,<wb>денъ
329,<wb>моі
39,<wb>і
649,<wb>відѣвъ
39,<wb>і
4613,<wb>въздрадова
70,<wb>сѧ
510,<wb>рѣшѧ
71,<wb>же
685,<wb>іюдеі
150,<wb>къ
398,<wb>немоу
2409,<wb>пѧті
1761,<wb>десѧтъ
6064,<wb>лѣт
62,<wb>не
1287,<wb>імаші
39,<wb>і
4676,<wb>авраама
178,<wb>лі
313,<wb>есі
4469,<wb>відѣлъ
39,<wb>і
141,<wb>рече
210,<wb>імъ
331,<wb>ісъ
681,<wb>амін
681,<wb>амін
284,<wb>глѭ
260,<wb>вамъ
536,<wb>прѣжде
105,<wb>да
71,<wb>же
62,<wb>не
798,<wb>бъіс
3450,<wb>авраамъ
290,<wb>азъ
568,<wb>есмъ
2698 281,<wb>възѧ|сѧ
71,<wb>же
3222,<wb>каменіе
105,<wb>да
1249 2898,<wb>връ|гѫтъ
68,<wb>на
484,<wb>нь
331,<wb>ісъ
71,<wb>же
1841,<wb>съкръі
70,<wb>сѧ
39,<wb>і
820,<wb>ізіде
221,<wb>от
3198,<wb>цркве
39,<wb>і
164 412,<wb>про|шедъ
67,<wb>по
1549,<wb>срѣдѣ
299,<wb>іхъ
1619,<wb>ідѣаше
39,<wb>і
3347,<wb>хождааше
311,<wb>тако
4769,<wb>прѣходѧ
331,<wb>ісъ
248,<wb>відѣ
1909,<wb>чка
7097,<wb>слѣпа
221,<wb>от
310 34 793,<wb>ро|д|ства
39,<wb>і
3373,<wb>въпросішѧ
39,<wb>і
559,<wb>оученіці
135,<wb>его
1440,<wb>глште
1302,<wb>оучітелю
523,<wb>кто
2319,<wb>съгрѣші
190,<wb>сь
178,<wb>лі
518,<wb>ілі
2662,<wb>родітелѣ
135,<wb>его
105,<wb>да
3783,<wb>слѣпь
790,<wb>роді
70,<wb>сѧ
1353,<wb>отвѣшта
331,<wb>ісъ
122,<wb>ні
190,<wb>сь
2319,<wb>съгрѣші
122,<wb>ні
2662,<wb>родітелѣ
135,<wb>его
208,<wb>нъ
105,<wb>да
78 712,<wb>ѣ|вѧтъ
70,<wb>сѧ
596,<wb>дѣла
782 17,<wb>божі|а
68,<wb>на
1107,<wb>немъ
437,<wb>мьнѣ
2542,<wb>подобаетъ
5777,<wb>дѣлаті
596,<wb>дѣла
2934,<wb>посълавъшааго
226,<wb>мѧ
1315,<wb>доньдеже
2121,<wb>денъ
161,<wb>естъ
786,<wb>прідетъ
3676,<wb>ноштъ
317,<wb>егда
748,<wb>ніктоже
62,<wb>не
819,<wb>можетъ
5777,<wb>дѣлаті
317,<wb>егда
56,<wb>въ
2060,<wb>мірѣ
568,<wb>есмъ
957,<wb>свѣтъ
568,<wb>есмъ
195 1367,<wb>мі|рові
159,<wb>сі
5337,<wb>рекь
3466 179,<wb>плі|нѫ
68,<wb>на
1403,<wb>землѭ
39,<wb>і
261,<wb>сътворі
3940 200,<wb>бръ|ніе
221,<wb>от
3466 2549 297,<wb>плі|нове|ніѣ
39,<wb>і
2216,<wb>помаза
144,<wb>емоу
531,<wb>очі
3940 1192,<wb>бръ|ніемъ
39,<wb>і
141,<wb>рече
144,<wb>емоу
1030,<wb>іді
1424,<wb>оумъі
70,<wb>сѧ
56,<wb>въ
6519,<wb>кѫпѣлі
7422 35 17 14 74,<wb>сіл|у|а|м|лі
295,<wb>еже
1360 255,<wb>съказа|етъ
70,<wb>сѧ
2570,<wb>посъланъ
452,<wb>іде
71,<wb>же
39,<wb>і
1424,<wb>оумъі
70,<wb>сѧ
39,<wb>і
416,<wb>пріде
1104,<wb>відѧ
4975 89,<wb>сѫсѣ|ді
71,<wb>же
39,<wb>і
39,<wb>і
812,<wb>бѣахѫ
248 74,<wb>відѣ|лі
39,<wb>і
536,<wb>прѣжде
99,<wb>ѣко
954 1319,<wb>просі|тель
165,<wb>бѣ
997,<wb>глаахѫ
62,<wb>не
190,<wb>сь
178,<wb>лі
161,<wb>естъ
7583,<wb>сѣдѧі
39,<wb>і
1988,<wb>просѧ
1953,<wb>ові
997,<wb>глаахѫ
99,<wb>ѣко
190,<wb>сь
161,<wb>естъ
77,<wb>а
1944,<wb>іні
2098,<wb>глахѫ
574 287 10,<wb>подо|бе|н
144,<wb>емоу
161,<wb>естъ
366,<wb>онъ
71,<wb>же
892,<wb>глааше
99,<wb>ѣко
695,<wb>азь
568,<wb>есмъ
997,<wb>глаахѫ
71,<wb>же
144,<wb>емоу
376,<wb>како
323,<wb>ті
70,<wb>сѧ
3870 242,<wb>отврѣ|сте
531,<wb>очі
328,<wb>отъвѣшта
366,<wb>онъ
39,<wb>і
141,<wb>рече
1300,<wb>члкъ
2770,<wb>наріцаемъі
331,<wb>ісъ
3940 200,<wb>бръ|ніе
261,<wb>сътворі
39,<wb>і
2216,<wb>помаза
531,<wb>очі
329,<wb>моі
39,<wb>і
141,<wb>рече
195,<wb>мі
1030,<wb>іді
41,<wb>в
6517,<wb>кѫпѣль
7422 35 17 5061,<wb>сіл|у|а|млѭ
39,<wb>і
1424,<wb>оумъі
70,<wb>сѧ
1291,<wb>шедъ
71,<wb>же
39,<wb>і
1424 76,<wb>оумъі|хъ
70,<wb>сѧ
39,<wb>і
3421 76,<wb>прозьрѣ|хъ
510,<wb>рѣшѧ
71,<wb>же
144,<wb>емоу
523,<wb>кто
157,<wb>тъ
161,<wb>естъ
130,<wb>гла
62,<wb>не
1744,<wb>вѣмь
2958,<wb>вѣсѧ
468,<wb>кь
1184 4829,<wb>фарісе|омь
227,<wb>іже
165,<wb>бѣ
999 211,<wb>іно|гда
3783,<wb>слѣпь
165,<wb>бѣ
71,<wb>же
6338,<wb>сѫбота
317,<wb>егда
1711,<wb>створі
3940 200,<wb>бръ|ніе
107,<wb>іс
39,<wb>і
3543,<wb>отвръзе
144,<wb>емоу
531,<wb>очі
198 13,<wb>па|к
71,<wb>же
2765,<wb>въпрашаахѫ
39,<wb>і
1325,<wb>фарісеі
376,<wb>како
3421,<wb>прозьрѣ
366,<wb>онъ
71,<wb>же
141,<wb>рече
210,<wb>імъ
3914 200,<wb>брь|ніе
761,<wb>положі
588,<wb>мнѣ
68,<wb>на
3843,<wb>очію
39,<wb>і
1424 9,<wb>оумъі|х
70,<wb>сѧ
39,<wb>і
2281,<wb>віждѫ
997,<wb>глаахѫ
71,<wb>же
221,<wb>от
1325,<wb>фарісеі
3660,<wb>етеріі
3744,<wb>нѣсть
190,<wb>сь
221,<wb>от
422,<wb>ба
985,<wb>чкъ
99,<wb>ѣко
3655,<wb>сѫботъі
62,<wb>не
3895 32,<wb>храні|т
1953,<wb>ові
997,<wb>глаахѫ
376,<wb>како
819,<wb>можетъ
1300,<wb>члкъ
386 2018,<wb>грѣ|шенъ
159 218,<wb>сі|ца
1767,<wb>знаменіѣ
1234,<wb>творіті
39,<wb>і
6791,<wb>распьрѣ
165,<wb>бѣ
81,<wb>вь
562,<wb>ніхъ
2098,<wb>глахѫ
71,<wb>же
628 37 673,<wb>слѣ|п|цоу
404,<wb>пакъі
288,<wb>тъі
394,<wb>что
1594,<wb>глеші
47,<wb>о
1107,<wb>немъ
99,<wb>ѣко
3543,<wb>отвръзе
531,<wb>очі
462,<wb>твоі
366,<wb>онъ
71,<wb>же
141,<wb>рече
99,<wb>ѣко
4644,<wb>прркъ
161,<wb>естъ
62,<wb>не
4993,<wb>ѧшѧ
71,<wb>же
994,<wb>вѣръі
685,<wb>іюдеі
47,<wb>о
1107,<wb>немъ
99,<wb>ѣко
3783,<wb>слѣпь
165,<wb>бѣ
39,<wb>і
3421,<wb>прозьрѣ
2419,<wb>дондеже
2802 110,<wb>възгласі|шѧ
2662,<wb>родітелѣ
485,<wb>того
3421 180 1318,<wb>прозьрѣ|вь|шааго
39,<wb>і
860 110,<wb>въпро|шѧ
78,<wb>ѣ
1440,<wb>глште
190,<wb>сь
178,<wb>лі
161,<wb>естъ
423,<wb>снъ
5079,<wb>ваю
135,<wb>его
71,<wb>же
237,<wb>въі
948 94,<wb>гле|та
99,<wb>ѣко
3783,<wb>слѣпь
790,<wb>роді
70,<wb>сѧ
376,<wb>како
222,<wb>оубо
6007,<wb>ннѣ
2492,<wb>відітъ
328 242,<wb>отъвѣшта|сте
2008,<wb>імь
2662,<wb>родітелѣ
135,<wb>его
39,<wb>і
2413,<wb>рѣсте
140,<wb>вѣ
140 87 87,<wb>вѣ|вѣ|вѣ
99,<wb>ѣко
75,<wb>съ
715,<wb>есть
423,<wb>снъ
3376,<wb>наю
39,<wb>і
3353,<wb>ако
3783,<wb>слѣпь
790,<wb>роді
70,<wb>сѧ
376,<wb>како
71,<wb>же
6007,<wb>ннѣ
2492,<wb>відітъ
62,<wb>не
140 87,<wb>вѣ|вѣ
178,<wb>лі
523,<wb>кто
144,<wb>емоу
3543,<wb>отвръзе
531,<wb>очі
140,<wb>вѣ
62,<wb>не
41 87,<wb>в|вѣ
2795,<wb>самого
240 632 3610,<wb>во|про|сіте
1097 214,<wb>въздра|сть
584,<wb>іматъ
645,<wb>самъ
47,<wb>о
436,<wb>себѣ
105,<wb>да
1561,<wb>глетъ
931,<wb>сіце
2413,<wb>рѣсте
2662,<wb>родітелѣ
135,<wb>его
99,<wb>ѣко
112 802 54,<wb>бо|ѣше|те
70,<wb>сѧ
685,<wb>іюдеі
1303,<wb>юже
112,<wb>бо
70,<wb>сѧ
5898,<wb>бѣхѫ
75 418 74,<wb>съ|ложі|лі
685,<wb>іюдеі
105,<wb>да
201,<wb>аште
523,<wb>кто
4013,<wb>ісповѣстъ
1236,<wb>ха
221 293 1960,<wb>от|лѫ|ченъ
4083 145,<wb>сьньмі|шта
362,<wb>бѫдетъ
387,<wb>сего
368,<wb>раді
2662,<wb>родітелѣ
135,<wb>его
2413,<wb>рѣсте
99,<wb>ѣко
6736 97,<wb>вьздра|стъ
584,<wb>іматъ
2795,<wb>самого
7261,<wb>въпросіте
262 810 3169,<wb>вьз|гла|сішѧ
71,<wb>же
81 115 2901,<wb>вь|то|ріцеѭ
1909,<wb>чка
227,<wb>іже
165,<wb>бѣ
3783,<wb>слѣпь
39,<wb>і
510,<wb>рѣшѧ
144,<wb>емоу
1844,<wb>даждъ
2538,<wb>слав
710,<wb>боу
478,<wb>мъі
1726,<wb>вѣмъ
99,<wb>ѣко
345 13,<wb>чл|к
190,<wb>сь
386 82 119,<wb>грѣ|ше|нь
161,<wb>естъ
1353,<wb>отвѣшта
71,<wb>же
366,<wb>онъ
39,<wb>і
141,<wb>рече
201,<wb>аште
3548,<wb>грѣшьнікъ
161,<wb>естъ
62,<wb>не
1726,<wb>вѣмъ
814,<wb>едіно
1726,<wb>вѣмъ
99,<wb>ѣко
3783,<wb>слѣпь
2852,<wb>бѣхъ
6007,<wb>ннѣ
71,<wb>же
2281,<wb>віждѫ
510,<wb>рѣшѧ
71,<wb>же
144,<wb>емоу
404,<wb>пакъі
526,<wb>чьто
261,<wb>сътворі
356,<wb>тебѣ
376,<wb>како
3543,<wb>отвръзе
531,<wb>очі
462,<wb>твоі
1353,<wb>отвѣшта
210,<wb>імъ
306 9,<wb>рѣ|х
260,<wb>вамъ
1303,<wb>юже
39,<wb>і
62,<wb>не
2680,<wb>слъішасте
1583,<wb>чъто
404,<wb>пакъі
1568,<wb>хоштете
1997,<wb>слъішаті
736,<wb>еда
39,<wb>і
237,<wb>въі
1568,<wb>хоштете
559,<wb>оученіці
135,<wb>его
503,<wb>бъіті
609,<wb>оні
71,<wb>же
3741 5423,<wb>оуко|рішѧ
39,<wb>і
39,<wb>і
510,<wb>рѣшѧ
288,<wb>тъі
1092,<wb>оученікъ
313,<wb>есі
485,<wb>того
478,<wb>мъі
71,<wb>же
7196,<wb>мосеові
568,<wb>есмъ
559,<wb>оученіці
478,<wb>мъі
1726,<wb>вѣмъ
99,<wb>ѣко
468,<wb>кь
7196,<wb>мосеові
130,<wb>гла
443,<wb>бъ
387,<wb>сего
71,<wb>же
62,<wb>не
1726,<wb>вѣмъ
84,<wb>отъ
3794,<wb>кѫдоу
161,<wb>естъ
1353,<wb>отвѣшта
1300,<wb>члкъ
39,<wb>і
141,<wb>рече
210,<wb>імъ
47,<wb>о
1255,<wb>семь
112,<wb>бо
428 3155,<wb>ді|въно
161,<wb>естъ
99,<wb>ѣко
237,<wb>въі
62,<wb>не
1271,<wb>вѣсте
221,<wb>от
3794,<wb>кѫдоу
161,<wb>естъ
39,<wb>і
3543,<wb>отвръзе
531,<wb>очі
329,<wb>моі
1726,<wb>вѣмъ
71,<wb>же
99,<wb>ѣко
5654 409,<wb>грѣш|нікъ
443,<wb>бъ
62,<wb>не
5342,<wb>послоушаетъ
208,<wb>нъ
201,<wb>аште
4440,<wb>кьто
112 6852 363,<wb>бо|чьте|ць
161,<wb>естъ
39,<wb>і
3061,<wb>волѭ
135,<wb>его
131 840 43,<wb>тво|творі|тъ
485,<wb>того
5342,<wb>послоушаетъ
221,<wb>от
1500,<wb>вѣка
595,<wb>нѣстъ
379 85,<wb>слъіша|но
99,<wb>ѣко
523,<wb>кто
3543,<wb>отвръзе
531,<wb>очі
628 463,<wb>слѣ|поу
2441 274,<wb>рожде|ноу
201,<wb>аште
62,<wb>не
453,<wb>бі
221,<wb>от
422,<wb>ба
2064,<wb>бъілъ
62,<wb>не
108 28 153,<wb>мо|г|ль
453,<wb>бі
1234,<wb>творіті
1330,<wb>нічесоже
1353 110,<wb>отвѣшта|шѧ
39,<wb>і
510,<wb>рѣшѧ
144,<wb>емоу
56,<wb>въ
5737,<wb>грѣсѣхъ
288,<wb>тъі
6432,<wb>роділъ
70,<wb>сѧ
313,<wb>есі
1285,<wb>весь
39,<wb>і
288,<wb>тъі
178,<wb>лі
336,<wb>нъі
5946,<wb>оучіші
4427 110,<wb>ізгьна|шѧ
71,<wb>же
39,<wb>і
2420,<wb>вонъ
990,<wb>слъішавъ
71,<wb>же
331,<wb>ісъ
99,<wb>ѣко
4427 110,<wb>ізгьна|шѧ
39,<wb>і
2420,<wb>вонъ
39,<wb>і
472 289,<wb>обрѣ|тъі
39,<wb>і
141,<wb>рече
144,<wb>емоу
288,<wb>тъі
4120,<wb>вѣроуеші
178,<wb>лі
56,<wb>въ
732,<wb>сна
1370,<wb>бжіѣ
1353,<wb>отвѣшта
366,<wb>онъ
39,<wb>і
141,<wb>рече
39,<wb>і
523,<wb>кто
161,<wb>естъ
300,<wb>гі
105,<wb>да
827,<wb>вѣрѫ
573,<wb>імѫ
81,<wb>вь
208,<wb>нъ
141,<wb>рече
71,<wb>же
144,<wb>емоу
331,<wb>ісъ
39,<wb>і
4469,<wb>відѣлъ
39,<wb>і
313,<wb>есі
39,<wb>і
4204,<wb>глѧі
75,<wb>съ
1238,<wb>тобоѭ
617,<wb>ть
161,<wb>естъ
366,<wb>онъ
71,<wb>же
141,<wb>рече
3902,<wb>вѣроуѭ
300,<wb>гі
39,<wb>і
1534,<wb>поклоні
70,<wb>сѧ
144,<wb>емоу
68,<wb>на
1066,<wb>сѫдъ
695,<wb>азь
1743,<wb>прідъ
56,<wb>въ
7857 23,<wb>міро|с
105,<wb>да
62,<wb>не
1104 166,<wb>відѧ|шті
2034,<wb>відѧтъ
39,<wb>і
1104 642,<wb>відѧ|штіі
5859,<wb>слѣпі
1387 32,<wb>бѫдѫ|т
3367,<wb>слъішашѧ
71,<wb>же
121,<wb>се
84,<wb>отъ
1325,<wb>фарісеі
2021,<wb>сѫште
39,<wb>і
190,<wb>сь
730,<wb>німь
39,<wb>і
306,<wb>рѣ
144,<wb>емоу
736,<wb>еда
478,<wb>мъі
568,<wb>есмъ
5859,<wb>слѣпі
141,<wb>рече
71,<wb>же
210,<wb>імъ
331,<wb>ісъ
201,<wb>аште
1930,<wb>бісте
5859,<wb>слѣпі
5261,<wb>бъілі
62,<wb>не
1930,<wb>бісте
3178,<wb>грѣха
4871,<wb>імѣлі
457,<wb>нъінѣ
71,<wb>же
2261,<wb>глете
99,<wb>ѣко
2497,<wb>відімъ
39,<wb>і
1772,<wb>грѣхъ
1870,<wb>вашъ
3244,<wb>прѣбъіваетъ
681,<wb>амін
681,<wb>амін
284,<wb>глѭ
260,<wb>вамъ
171 8,<wb>за|ч
62,<wb>не
2474 16,<wb>въходѧ|і
6422 2428,<wb>две|рьмі
56,<wb>въ
4317,<wb>дворъ
2697 4076,<wb>ов|чіі
208,<wb>нъ
127 66 1715,<wb>прѣ|ла|зѧ
4323 114,<wb>інѫ|дѣ
3853,<wb>тать
161,<wb>естъ
39,<wb>і
1515 2586,<wb>разбоі|нікь
77,<wb>а
2474 16,<wb>въходѧ|і
6422 21 123,<wb>две|р|мі
3686,<wb>пастъірь
161,<wb>естъ
2697 218 14,<wb>ов|ца|м
1135,<wb>семоу
6422 125 409,<wb>две|рь|нікъ
7361 255,<wb>отвръза|етъ
39,<wb>і
3944,<wb>овцѧ
1075,<wb>гласъ
135,<wb>его
2571 304,<wb>слоуша|ѭтъ
39,<wb>і
599,<wb>своѧ
3944,<wb>овцѧ
130 3648,<wb>гла|шаетъ
67,<wb>по
1747,<wb>імені
39,<wb>і
4842,<wb>ізгонітъ
225,<wb>ѧ
317,<wb>егда
599,<wb>своѧ
3944,<wb>овцѧ
1282 733,<wb>іжде|нетъ
1669,<wb>прѣдь
1047,<wb>німі
2485 32,<wb>ході|т
39,<wb>і
3944,<wb>овцѧ
67,<wb>по
590,<wb>немь
4136,<wb>ідѫтъ
99,<wb>ѣко
6514,<wb>знаѭтъ
1075,<wb>гласъ
135,<wb>его
67,<wb>по
7161 55,<wb>тоужде|мъ
71,<wb>же
62,<wb>не
4136,<wb>ідѫтъ
208,<wb>нъ
2191 43,<wb>бѣшѧ|тъ
221,<wb>от
513,<wb>него
99,<wb>ѣко
62,<wb>не
6514,<wb>знаѭтъ
390 470 213,<wb>тоу|жда|аго
2188,<wb>гласа
1732,<wb>сіѭ
5378 784,<wb>пріт|чѫ
141,<wb>рече
3381,<wb>ім
331,<wb>ісъ
609,<wb>оні
71,<wb>же
62,<wb>не
2167,<wb>разоумѣшѧ
526,<wb>чьто
7344,<wb>сѫт
494,<wb>ѣже
892,<wb>глааше
210,<wb>імъ
141,<wb>рече
210,<wb>імъ
331,<wb>ісъ
404,<wb>пакъі
681,<wb>амін
681,<wb>амін
284,<wb>глѭ
260,<wb>вамъ
695,<wb>азь
568,<wb>есмъ
6422 125,<wb>две|рь
2697 4229,<wb>ов|цамъ
1355,<wb>въсі
4898,<wb>елікоже
416,<wb>пріде
3114,<wb>іх
536,<wb>прѣжде
364,<wb>мене
7074,<wb>татіе
419,<wb>сѫтъ
39,<wb>і
1515 541,<wb>разбоі|ніці
208,<wb>нъ
62,<wb>не
664 110,<wb>послоуша|шѧ
299,<wb>іхъ
3944,<wb>овцѧ
695,<wb>азь
568,<wb>есмъ
6422 125,<wb>две|рь
1558,<wb>мноѭ
201,<wb>аште
523,<wb>кто
3878,<wb>вьнідетъ
2903 32,<wb>спсе|т
70,<wb>сѧ
39,<wb>і
3878,<wb>вьнідетъ
39,<wb>і
4884,<wb>ізідетъ
39,<wb>і
198 5942,<wb>па|жіть
2120,<wb>обрѧштетъ
290,<wb>азъ
430 14,<wb>ес|м
6422 21,<wb>две|р
1558,<wb>мноѭ
201,<wb>аште
523,<wb>кто
891 231,<wb>въні|детъ
2903 32,<wb>спсе|т
70,<wb>сѧ
39,<wb>і
3878,<wb>вьнідетъ
39,<wb>і
820 32,<wb>ізіде|т
39,<wb>і
198 5942,<wb>па|жіть
2120,<wb>обрѧштетъ
695,<wb>азь
568,<wb>есмъ
6422 101,<wb>две|ръ
3517,<wb>ішті
121 37 31 591,<wb>се|п|б|тѧ
49,<wb>б
290,<wb>азъ
568,<wb>есмъ
6422 21,<wb>две|р
695,<wb>азь
568,<wb>есмъ
6422 21,<wb>две|р
3853,<wb>тать
62,<wb>не
3737,<wb>пріходітъ
208,<wb>нъ
105,<wb>да
1809 6855,<wb>оукра|дет
39,<wb>і
6427,<wb>оубіетъ
39,<wb>і
1579,<wb>погоубітъ
695,<wb>азь
1743,<wb>прідъ
105,<wb>да
920,<wb>жівотъ
1177,<wb>імѫтъ
39,<wb>і
4012,<wb>ліше
1177,<wb>імѫтъ
695,<wb>азь
568,<wb>есмъ
3686,<wb>пастъірь
1788,<wb>добръі
39,<wb>і
911,<wb>дшѫ
651,<wb>своѭ
6167,<wb>полагаѭ
171,<wb>за
3944,<wb>овцѧ
77,<wb>а
6853 2586,<wb>наімь|нікь
227,<wb>іже
595,<wb>нѣстъ
3686,<wb>пастъірь
991,<wb>емоуже
62,<wb>не
419,<wb>сѫтъ
3530,<wb>овъцѧ
599,<wb>своѧ
952 32,<wb>віді|т
5894,<wb>влъкъ
1142 604,<wb>грѧдѫ|штъ
39,<wb>і
6945,<wb>оставлѣетъ
3944,<wb>овцѧ
39,<wb>і
3715 255,<wb>бѣга|етъ
39,<wb>і
5894,<wb>влъкъ
4795 1990,<wb>расхъі|тітъ
225,<wb>ѧ
39,<wb>і
3632 514,<wb>распѫ|дітъ
3944,<wb>овцѧ
77,<wb>а
68 204 409,<wb>на|імъ|нікъ
165 1308,<wb>бѣ|жітъ
99,<wb>ѣко
6853 2586,<wb>наімь|нікь
161,<wb>естъ
39,<wb>і
298 117 514,<wb>но|ро|дітъ
47,<wb>о
1896 218 76,<wb>овъ|ца|хъ
695,<wb>азь
568,<wb>есмъ
3686,<wb>пастъірь
6650,<wb>добръіі
39,<wb>і
3461,<wb>знаѭ
1156,<wb>моѧ
39,<wb>і
6514,<wb>знаѭтъ
226,<wb>мѧ
1156,<wb>моѧ
308,<wb>ѣкоже
5736,<wb>знаетъ
226,<wb>мѧ
2088,<wb>оцъ
39,<wb>і
695,<wb>азь
3461,<wb>знаѭ
633,<wb>оца
39,<wb>і
911,<wb>дшѫ
813,<wb>моѭ
6167,<wb>полагаѭ
171,<wb>за
3944,<wb>овцѧ
39,<wb>і
2331,<wb>інъі
3944,<wb>овцѧ
1126,<wb>імамъ
858,<wb>ѧже
62,<wb>не
419,<wb>сѫтъ
84,<wb>отъ
7805,<wb>двора
387,<wb>сего
39,<wb>і
288 24,<wb>тъі|ѧ
195,<wb>мі
2542,<wb>подобаетъ
2239,<wb>прівесті
39,<wb>і
3452,<wb>глас
329,<wb>моі
4354,<wb>оуслъішѧтъ
39,<wb>і
362,<wb>бѫдетъ
814,<wb>едіно
2883,<wb>стадо
39,<wb>і
438,<wb>едінъ
3686,<wb>пастъірь
39,<wb>і
438,<wb>едінъ
2184 21,<wb>пастъі|р
3517,<wb>ішті
121 37 31 591,<wb>се|п|б|тѧ
49,<wb>б
39,<wb>і
249 10,<wb>еді|н
2184 21,<wb>пастъі|р
39 183,<wb>і|шт
121 37 31 591,<wb>се|п|б|тѧ
49,<wb>б
387,<wb>сего
368,<wb>раді
226,<wb>мѧ
749,<wb>оць
2727,<wb>любітъ
99,<wb>ѣко
5065,<wb>аз
6167,<wb>полагаѭ
911,<wb>дшѫ
813,<wb>моѭ
105,<wb>да
404,<wb>пакъі
6414,<wb>пріімѫ
483,<wb>ѭ
39,<wb>і
748,<wb>ніктоже
5703,<wb>възьметъ
908,<wb>еѧ
221,<wb>от
364,<wb>мене
364,<wb>мене
208,<wb>нъ
695,<wb>азь
6167,<wb>полагаѭ
483,<wb>ѭ
47,<wb>о
436,<wb>себѣ
39,<wb>і
3327,<wb>область
1126,<wb>імамъ
4799,<wb>положіті
483,<wb>ѭ
3327,<wb>область
1126,<wb>імамъ
1625,<wb>пріѧті
483,<wb>ѭ
1732,<wb>сіѭ
2144,<wb>заповѣдь
1169 173,<wb>пріѧ|съ
84,<wb>отъ
633,<wb>оца
563,<wb>моего
6791,<wb>распьрѣ
71,<wb>же
798,<wb>бъіс
56,<wb>въ
7738,<wb>іюдеіхъ
171,<wb>за
1020,<wb>словеса
159,<wb>сі
997,<wb>глаахѫ
71,<wb>же
5069,<wb>мьнозі
84,<wb>отъ
562,<wb>ніхъ
992,<wb>бѣсъ
584,<wb>іматъ
39,<wb>і
62,<wb>не
2076 92,<wb>істо|въ
161,<wb>естъ
526,<wb>чьто
664 54,<wb>послоуша|те
135,<wb>его
1944,<wb>іні
71,<wb>же
997,<wb>глаахѫ
747,<wb>сіі
4377,<wb>глі
327,<wb>нѣ
419,<wb>сѫтъ
992,<wb>бѣсъ
1723 2276,<wb>ноу|ѭштааго
70,<wb>сѧ
736,<wb>еда
992,<wb>бѣсъ
4781 204,<wb>слѣпъі|імъ
531,<wb>очі
3870 147,<wb>отврѣ|сті
819,<wb>можетъ
821,<wb>бъішѧ
71,<wb>же
916,<wb>тогда
2753 2342,<wb>св|штеніѣ
56,<wb>въ
2480 4398,<wb>іер|лмѣ
39,<wb>і
1684 143,<wb>зі|ма
165,<wb>бѣ
821,<wb>бъішѧ
2753 183 297,<wb>св|шт|ніѣ
38 166,<wb>|шті
41,<wb>в
1230 13,<wb>пѧ|к
53,<wb>д
62 34,<wb>не|д
67,<wb>по
1232,<wb>пас
3536 34,<wb>срѣ|д
39,<wb>і
3347,<wb>хождааше
331,<wb>ісъ
56,<wb>въ
2796,<wb>цркві
56,<wb>въ
7745 96,<wb>прітво|рѣ
4816 60,<wb>соломо|ні
4128,<wb>обідѫ
71,<wb>же
39,<wb>і
685,<wb>іюдеі
1440,<wb>глште
171 8,<wb>за|ч
121,<wb>се
71,<wb>же
39,<wb>і
68,<wb>на
38 183 23 18 200,<wb>|шт|с|в|ніе
2796,<wb>цркві
2927,<wb>доколѣ
1786,<wb>дшѧ
2208,<wb>нашѧ
168 653 5336,<wb>із|ем|леші
201,<wb>аште
288,<wb>тъі
313,<wb>есі
930,<wb>хъ
1900,<wb>рьці
489,<wb>намъ
62,<wb>не
4312,<wb>обіноуѧ
70,<wb>сѧ
4267,<wb>отъвѣ
210,<wb>імъ
331,<wb>ісъ
949,<wb>рѣхъ
260,<wb>вамъ
39,<wb>і
62,<wb>не
4283,<wb>вѣроуете
596,<wb>дѣла
695,<wb>азь
494,<wb>ѣже
2486,<wb>творѭ
56,<wb>въ
466,<wb>імѧ
633,<wb>оца
563,<wb>моего
373,<wb>та
5160,<wb>съвѣдѣтельствоуѭтъ
47,<wb>о
437,<wb>мьнѣ
208,<wb>нъ
237,<wb>въі
62,<wb>не
4283,<wb>вѣроуете
3006,<wb>нѣсте
112,<wb>бо
84,<wb>отъ
7192 363,<wb>ове|ць
1216,<wb>моіхъ
308,<wb>ѣкоже
949,<wb>рѣхъ
260,<wb>вамъ
3944,<wb>овцѧ
1156,<wb>моѧ
3452,<wb>глас
563,<wb>моего
2571 304,<wb>слоуша|ѭтъ
39,<wb>і
290,<wb>азъ
3461,<wb>знаѭ
225,<wb>ѧ
39,<wb>і
67,<wb>по
437,<wb>мьнѣ
505 491,<wb>грѧ|дѫтъ
2070,<wb>овьцѧ
1156,<wb>моѧ
2188,<wb>гласа
563,<wb>моего
2571 304,<wb>слоуша|ѭтъ
39,<wb>і
695,<wb>азь
3461,<wb>знаѭ
225,<wb>ѧ
39,<wb>і
67,<wb>по
588,<wb>мнѣ
505 491,<wb>грѧ|дѫтъ
39,<wb>і
695,<wb>азь
920,<wb>жівотъ
4175,<wb>вѣчьнъіі
4419,<wb>даѭ
210,<wb>імъ
39,<wb>і
290,<wb>азъ
920,<wb>жівотъ
4940,<wb>вѣчънъі
4419,<wb>даѭ
210,<wb>імъ
39,<wb>і
62,<wb>не
4510,<wb>погъібнѫтъ
56,<wb>въ
738,<wb>вѣкъ
39,<wb>і
62,<wb>не
3418 1990,<wb>въсхъі|тітъ
299,<wb>іхъ
748,<wb>ніктоже
221,<wb>от
1790,<wb>рѫкъі
1239,<wb>моеѧ
749,<wb>оць
329,<wb>моі
227,<wb>іже
520,<wb>дастъ
225,<wb>ѧ
437,<wb>мьнѣ
3375,<wb>болеі
161,<wb>естъ
913 9,<wb>въсѣ|х
39,<wb>і
748,<wb>ніктоже
62,<wb>не
819,<wb>можетъ
3418 3090,<wb>въсхъі|тіті
299,<wb>іхъ
221,<wb>от
1790,<wb>рѫкъі
633,<wb>оца
563,<wb>моего
695,<wb>азь
39,<wb>і
2088,<wb>оцъ
814,<wb>едіно
6821,<wb>есвѣ
2698 281,<wb>възѧ|сѧ
71,<wb>же
404,<wb>пакъі
3222,<wb>каменіе
685,<wb>іюдеі
105,<wb>да
39,<wb>і
3927 304,<wb>побі|ѭтъ
1353,<wb>отвѣшта
210,<wb>імъ
331,<wb>ісъ
1022,<wb>многа
596,<wb>дѣла
1730,<wb>добра
1173 76,<wb>ѣві|хъ
2532,<wb>вам
84,<wb>отъ
633,<wb>оца
563,<wb>моего
171,<wb>за
1269,<wb>кое
299,<wb>іхъ
1043,<wb>дѣло
3222,<wb>каменіе
68,<wb>на
226,<wb>мѧ
296 54 54,<wb>ме|те|те
1992,<wb>отъвѣшташѧ
144,<wb>емоу
685,<wb>іюдеі
1440,<wb>глште
47,<wb>о
932,<wb>добрѣ
2360,<wb>дѣлѣ
7060,<wb>каменіѣ
62,<wb>не
296 54 55,<wb>ме|те|мъ
68,<wb>на
374,<wb>тѧ
208,<wb>нъ
47,<wb>о
3428 3305,<wb>власві|міі
99,<wb>ѣко
288,<wb>тъі
1300,<wb>члкъ
576,<wb>съі
1901,<wb>творіші
70,<wb>сѧ
301 14,<wb>са|м
443,<wb>бъ
328,<wb>отъвѣшта
210,<wb>імъ
331,<wb>ісъ
595,<wb>нѣстъ
178,<wb>лі
5258,<wb>напісано
56,<wb>въ
2504,<wb>законѣ
709 106,<wb>ваше|мь
99,<wb>ѣко
695,<wb>азь
949,<wb>рѣхъ
7690,<wb>бзі
939,<wb>есте
201,<wb>аште
6439,<wb>онъі
1220,<wb>нарече
49 253,<wb>б|гъі
468,<wb>кь
528 48,<wb>німъ|же
141,<wb>рече
269 18,<wb>сло|в
1165,<wb>бжіе
39,<wb>і
62,<wb>не
3598,<wb>могѫтъ
70,<wb>сѧ
7140,<wb>разоріті
2376,<wb>кънігъі
538,<wb>егоже
4584,<wb>оц
4869,<wb>сті
39,<wb>і
39,<wb>і
456,<wb>посъла
56,<wb>въ
688,<wb>міръ
237,<wb>въі
2261,<wb>глете
3428 1442 608,<wb>власві|млѣ|еші
1070,<wb>зане
949,<wb>рѣхъ
99,<wb>ѣко
423,<wb>снъ
776,<wb>бжіі
568,<wb>есмъ
201,<wb>аште
62,<wb>не
2486,<wb>творѭ
250 36,<wb>дѣ|л
633,<wb>оца
563,<wb>моего
62,<wb>не
3651,<wb>імѣте
195,<wb>мі
994,<wb>вѣръі
201,<wb>аште
178,<wb>лі
2486,<wb>творѭ
201,<wb>аште
178,<wb>лі
39,<wb>і
588,<wb>мнѣ
994,<wb>вѣръі
62,<wb>не
4305,<wb>емлете
1043,<wb>дѣло
402,<wb>мъ
1973,<wb>моімъ
827,<wb>вѣрѫ
3651,<wb>імѣте
105,<wb>да
3276,<wb>разоумѣете
39,<wb>і
4283,<wb>вѣроуете
99,<wb>ѣко
56,<wb>въ
588,<wb>мнѣ
2088,<wb>оцъ
39,<wb>і
695,<wb>азь
56,<wb>въ
2663,<wb>оці
165,<wb>бѣ
1432,<wb>етеръ
2013,<wb>болѧ
3967,<wb>лазаръ
84,<wb>отъ
5694 2729,<wb>віѳа|ніѧ
369 34 218,<wb>гра|д|ца
2621 102,<wb>маріі|на
39,<wb>і
1510 289,<wb>мар|тъі
4384,<wb>сестръі
908,<wb>еѧ
165,<wb>бѣ
71,<wb>же
5099,<wb>маріа
2216 794 33,<wb>помаза|въші|ѣ
480,<wb>га
2116 1943,<wb>му|ромъ
39,<wb>і
2228 101 116,<wb>оте|ръ|ші
1052,<wb>нозѣ
135,<wb>его
3825,<wb>власъі
1060,<wb>своімі
4683,<wb>еѧже
2044,<wb>братъ
112 986,<wb>бо|лѣаше
3807,<wb>лазарь
456 242,<wb>посъла|сте
3072 96,<wb>сест|рѣ
135,<wb>его
468,<wb>кь
398,<wb>немоу
3702,<wb>глѭшті
300,<wb>гі
121,<wb>се
538,<wb>егоже
5110,<wb>любіші
112 910,<wb>бо|літъ
990,<wb>слъішавъ
71,<wb>же
331,<wb>ісъ
141,<wb>рече
159,<wb>сі
6609,<wb>болѣзнъ
595,<wb>нѣстъ
150,<wb>къ
2091,<wb>съмръті
208,<wb>нъ
47,<wb>о
2236,<wb>славѣ
776,<wb>бжіі
105,<wb>да
2846,<wb>прославітъ
70,<wb>сѧ
423,<wb>снъ
776,<wb>бжіі
3880,<wb>еѭ
279 205 177,<wb>лю|бѣ|аше
71,<wb>же
331,<wb>ісъ
1510 495,<wb>мар|тѫ
39,<wb>і
3072 316,<wb>сест|рѫ
908,<wb>еѧ
39,<wb>і
4665,<wb>лазара
916,<wb>тогда
71,<wb>же
659 23,<wb>прѣбъі|с
68,<wb>на
3697,<wb>немъже
165,<wb>бѣ
1122,<wb>мѣстѣ
3760,<wb>дьва
752,<wb>дьні
67,<wb>по
2318,<wb>томъ
71,<wb>же
130,<wb>гла
936,<wb>оученікомъ
3384,<wb>ідѣмъ
56,<wb>въ
6521,<wb>іюдеѭ
404,<wb>пакъі
1489,<wb>глашѧ
144,<wb>емоу
559,<wb>оученіці
3816,<wb>равві
457,<wb>нъінѣ
2446,<wb>іскаахѫ
614,<wb>тебе
685,<wb>іюдеі
626 1192,<wb>каме|ніемъ
3927 52,<wb>побі|ті
39,<wb>і
404,<wb>пакъі
178,<wb>лі
3283,<wb>ідеші
2285,<wb>тамо
1353,<wb>отвѣшта
331,<wb>ісъ
62,<wb>не
1764,<wb>дьвѣ
178,<wb>лі
68,<wb>на
811,<wb>десѧте
5485,<wb>годінѣ
939,<wb>есте
56,<wb>въ
752,<wb>дьні
201,<wb>аште
523,<wb>кто
2485 32,<wb>ході|т
56,<wb>въ
713,<wb>дьне
62,<wb>не
2714 5488,<wb>потъ|кнетъ
70,<wb>сѧ
99,<wb>ѣко
957,<wb>свѣтъ
975,<wb>міра
387,<wb>сего
2492,<wb>відітъ
201,<wb>аште
178,<wb>лі
523,<wb>кто
3991,<wb>ходітъ
2536,<wb>ноштіѭ
2714 5488,<wb>потъ|кнетъ
70,<wb>сѧ
99,<wb>ѣко
2720,<wb>свѣта
595,<wb>нѣстъ
47,<wb>о
1107,<wb>немъ
159,<wb>сі
141,<wb>рече
39,<wb>і
67,<wb>по
121 14,<wb>се|м
130,<wb>гла
3967,<wb>лазаръ
1121,<wb>дроугъ
1480,<wb>нашъ
4461,<wb>оусьпе
208,<wb>нъ
674,<wb>ідѫ
105,<wb>да
4563 622,<wb>възбоу|ждѫ
39,<wb>і
510,<wb>рѣшѧ
71,<wb>же
144,<wb>емоу
559,<wb>оученіці
50,<wb>е
300,<wb>гі
201,<wb>аште
4461,<wb>оусьпе
2903 98,<wb>спсе|нъ
362,<wb>бѫдетъ
4791,<wb>вѣшта
71,<wb>же
331,<wb>ісъ
47,<wb>о
40 1056 52,<wb>с|мръ|ті
135,<wb>его
609,<wb>оні
71,<wb>же
437 110,<wb>мьнѣ|шѧ
99,<wb>ѣко
47,<wb>о
4461 276,<wb>оусьпе|ніі
5701,<wb>съна
1561,<wb>глетъ
916,<wb>тогда
141,<wb>рече
210,<wb>імъ
331,<wb>ісъ
62,<wb>не
4312,<wb>обіноуѧ
70,<wb>сѧ
3967,<wb>лазаръ
3490,<wb>оумьрѣтъ
39,<wb>і
1123 3,<wb>радоу|ѭ
70,<wb>сѧ
544,<wb>васъ
368,<wb>раді
105,<wb>да
827,<wb>вѣрѫ
3980,<wb>імете
99,<wb>ѣко
62,<wb>не
2852,<wb>бѣхъ
390,<wb>тоу
208,<wb>нъ
3384,<wb>ідѣмъ
468,<wb>кь
398,<wb>немоу
141,<wb>рече
71,<wb>же
4095,<wb>ѳома
2770,<wb>наріцаемъі
1007 19 1959,<wb>блі|з|нець
468,<wb>кь
936,<wb>оученікомъ
915 14,<wb>ідѣ|м
39,<wb>і
478,<wb>мъі
105,<wb>да
828 1821,<wb>оумь|ремъ
75,<wb>съ
730,<wb>німь
872,<wb>прішедъ
71,<wb>же
331,<wb>ісъ
56,<wb>въ
5694 2149,<wb>віѳа|ніѭ
1128,<wb>обрѣте
39,<wb>і
4106,<wb>четъірі
752,<wb>дьні
1303,<wb>юже
573 383,<wb>імѫ|шть
56,<wb>въ
2424,<wb>гробѣ
165,<wb>бѣ
112,<wb>бо
5694 297,<wb>віѳа|ніѣ
5476,<wb>блізь
7113,<wb>іерлма
99,<wb>ѣко
1313,<wb>пѧть
68,<wb>на
811,<wb>десѧте
5734,<wb>стадіі
899,<wb>мнозі
71,<wb>же
221,<wb>от
685,<wb>іюдеі
812,<wb>бѣахѫ
7285,<wb>прішьлі
150,<wb>къ
1510 319,<wb>мар|тѣ
39,<wb>і
2621,<wb>маріі
105,<wb>да
2053 110 289,<wb>оутѣ|шѧ|тъі
47,<wb>о
355 319,<wb>бра|тѣ
2080,<wb>ею
2122,<wb>марта
71,<wb>же
317,<wb>егда
1148,<wb>оуслъіша
99,<wb>ѣко
331,<wb>ісъ
505 6855,<wb>грѧ|дет
4286,<wb>сьрѣте
39,<wb>і
77,<wb>а
5099,<wb>маріа
6712,<wb>дома
2908,<wb>сѣдѣаше
141,<wb>рече
71,<wb>же
2122,<wb>марта
150,<wb>къ
1073,<wb>ісоу
300,<wb>гі
201,<wb>аште
453,<wb>бі
978,<wb>сьде
2064,<wb>бъілъ
62,<wb>не
453,<wb>бі
2044,<wb>братъ
329,<wb>моі
5435,<wb>оумрълъ
457,<wb>нъінѣ
1726,<wb>вѣмъ
99,<wb>ѣко
538,<wb>егоже
5354,<wb>коліждо
5791,<wb>просіші
73,<wb>оу
422,<wb>ба
520,<wb>дастъ
323,<wb>ті
443,<wb>бъ
130,<wb>гла
561,<wb>еі
331,<wb>ісъ
4741,<wb>въскръснетъ
2044,<wb>братъ
462,<wb>твоі
130,<wb>гла
144,<wb>емоу
2122,<wb>марта
1726,<wb>вѣмъ
99,<wb>ѣко
4741,<wb>въскръснетъ
56,<wb>въ
3768 200,<wb>въскръсе|ніе
56,<wb>въ
3142,<wb>послѣдьніі
6826,<wb>ден
141,<wb>рече
71,<wb>же
561,<wb>еі
331,<wb>ісъ
695,<wb>азь
568,<wb>есмъ
3768 200,<wb>въскръсе|ніе
39,<wb>і
920,<wb>жівотъ
2322,<wb>вѣроуѧі
81,<wb>вь
226,<wb>мѧ
201,<wb>аште
2364,<wb>оумьретъ
2260 2955,<wb>ожі|ветъ
39,<wb>і
264 13,<wb>вьсѣ|к
6491,<wb>жівъіі
2322,<wb>вѣроуѧі
56,<wb>въ
226,<wb>мѧ
62,<wb>не
2364,<wb>оумьретъ
81,<wb>вь
1161,<wb>вѣкъі
537 116,<wb>іме|ші
178,<wb>лі
827,<wb>вѣрѫ
1135,<wb>семоу
130,<wb>гла
144,<wb>емоу
561,<wb>еі
300,<wb>гі
695,<wb>азь
1531 9,<wb>вѣрова|х
99,<wb>ѣко
288,<wb>тъі
313,<wb>есі
930,<wb>хъ
423,<wb>снъ
776,<wb>бжіі
1601,<wb>грѧдъі
56,<wb>въ
1285,<wb>весь
688,<wb>міръ
39,<wb>і
121,<wb>се
5337 116,<wb>рекь|ші
452,<wb>іде
39,<wb>і
5420,<wb>прігласі
6157,<wb>маріѭ
3072 316,<wb>сест|рѫ
651,<wb>своѭ
878,<wb>таі
5337 116,<wb>рекь|ші
1899,<wb>оучітель
121,<wb>се
161,<wb>естъ
39,<wb>і
130 3648,<wb>гла|шаетъ
374,<wb>тѧ
1254,<wb>она
71,<wb>же
99,<wb>ѣко
1148,<wb>оуслъіша
421,<wb>въста
2377,<wb>скоро
39,<wb>і
452,<wb>іде
468,<wb>кь
398,<wb>немоу
62,<wb>не
73,<wb>оу
71,<wb>же
165,<wb>бѣ
331,<wb>ісъ
1782 153,<wb>пріше|ль
56,<wb>въ
1285,<wb>весь
208,<wb>нъ
165,<wb>бѣ
68,<wb>на
1122,<wb>мѣстѣ
836,<wb>еште
773,<wb>ідеже
4286,<wb>сьрѣте
39,<wb>і
2122,<wb>марта
685,<wb>іюдеі
71,<wb>же
4526,<wb>сѫштіі
56,<wb>въ
756,<wb>домоу
190,<wb>сь
2996,<wb>неѭ
39,<wb>і
2053 158 2527,<wb>оутѣ|ша|ѭштіі
483,<wb>ѭ
1137,<wb>відѣвъше
6157,<wb>маріѭ
99,<wb>ѣко
421,<wb>въста
2377,<wb>скоро
39,<wb>і
820,<wb>ізіде
67,<wb>по
1079,<wb>неі
3849,<wb>ідошѧ
1440,<wb>глште
99,<wb>ѣко
1861,<wb>ідетъ
68,<wb>на
1785,<wb>гробъ
105,<wb>да
627 83 32,<wb>пла|че|т
70,<wb>сѧ
390,<wb>тоу
1160,<wb>маріѣ
71,<wb>же
99,<wb>ѣко
416,<wb>пріде
773,<wb>ідеже
165,<wb>бѣ
331,<wb>ісъ
4409,<wb>відѣвъші
39,<wb>і
1812,<wb>паде
144,<wb>емоу
68,<wb>на
2362,<wb>ногоу
189 166,<wb>гл|шті
300,<wb>гі
201,<wb>аште
453,<wb>бі
288,<wb>тъі
154 36,<wb>бъі|л
978,<wb>сьде
62,<wb>не
453,<wb>бі
3303,<wb>брат
329,<wb>моі
5435,<wb>оумрълъ
331,<wb>ісъ
71,<wb>же
649,<wb>відѣвъ
483,<wb>ѭ
2299 474,<wb>плачѫ|штѫ
70,<wb>сѧ
39,<wb>і
4895,<wb>іюдеѧ
872 1915,<wb>прішедъ|шѧѧ
190,<wb>сь
2996,<wb>неѭ
2299 361,<wb>плачѫ|штѧ
70,<wb>сѧ
1600,<wb>запрѣті
4785,<wb>дхоу
39,<wb>і
7400,<wb>възмѫті
70,<wb>сѧ
2864,<wb>дхмъ
39,<wb>і
141,<wb>рече
4118,<wb>кьде
5361,<wb>положісте
39,<wb>і
1489,<wb>глашѧ
144,<wb>емоу
300,<wb>гі
3108,<wb>грѧді
39,<wb>і
2853,<wb>віждъ
39,<wb>і
677 137 320,<wb>прос|лъ|зі
70,<wb>сѧ
331,<wb>ісъ
997,<wb>глаахѫ
71,<wb>же
685,<wb>іюдеі
2853,<wb>віждъ
376,<wb>како
4170,<wb>люблѣаше
39,<wb>і
3660,<wb>етеріі
71,<wb>же
221,<wb>от
562,<wb>ніхъ
510,<wb>рѣшѧ
62,<wb>не
2250,<wb>можааше
178,<wb>лі
190,<wb>сь
1150 378,<wb>отвръ|зъі
531,<wb>очі
628 37 435,<wb>слѣ|п|оумоу
1064,<wb>сътворіті
105,<wb>да
39,<wb>і
190,<wb>сь
62,<wb>не
2364,<wb>оумьретъ
107,<wb>іс
71,<wb>же
404,<wb>пакъі
127 591,<wb>прѣ|тѧ
81,<wb>вь
436,<wb>себѣ
416,<wb>пріде
468,<wb>кь
3188,<wb>гробоу
165,<wb>бѣ
71,<wb>же
4347,<wb>пешть
39,<wb>і
1497,<wb>камень
68 132 1231,<wb>на|ле|жааше
68,<wb>на
1079,<wb>неі
130,<wb>гла
331,<wb>ісъ
6234,<wb>възьмѣте
1497,<wb>камень
130,<wb>гла
3630,<wb>сестра
4437 101 1318,<wb>оуме|ръ|шааго
2122,<wb>марта
300,<wb>гі
1303,<wb>юже
40 1056 514,<wb>с|мръ|дітъ
2528 1001 188 126 146,<wb>чет|врѣ|дь|не|ве
208,<wb>нъ
112,<wb>бо
161,<wb>естъ
130,<wb>гла
561,<wb>еі
331,<wb>ісъ
62,<wb>не
949,<wb>рѣхъ
178,<wb>лі
323,<wb>ті
99,<wb>ѣко
201,<wb>аште
4120,<wb>вѣроуеші
3498,<wb>оузьріші
1253,<wb>славѫ
5957,<wb>божіѭ
2698 281,<wb>възѧ|сѧ
71,<wb>же
1497,<wb>камень
5482,<wb>ісь
71,<wb>же
5473,<wb>възведе
531,<wb>очі
424,<wb>своі
56,<wb>въ
550 125,<wb>ісп|рь
39,<wb>і
141,<wb>рече
1466,<wb>оче
1643,<wb>хвалѫ
356,<wb>тебѣ
884 3,<wb>възда|ѭ
99,<wb>ѣко
1148,<wb>оуслъіша
226,<wb>мѧ
695,<wb>азь
71,<wb>же
791 1673,<wb>вѣдѣ|ахъ
99,<wb>ѣко
4870,<wb>въсегда
364,<wb>мене
664 608,<wb>послоуша|еші
208,<wb>нъ
1674,<wb>народа
368,<wb>раді
3753,<wb>окръстъ
1050 1154,<wb>стоѧ|штааго
949,<wb>рѣхъ
105,<wb>да
827,<wb>вѣрѫ
1177,<wb>імѫтъ
99,<wb>ѣко
288,<wb>тъі
226,<wb>мѧ
456,<wb>посъла
39,<wb>і
159,<wb>сі
5337,<wb>рекь
2321,<wb>гласомъ
6092,<wb>веліемъ
2802,<wb>възгласі
5658,<wb>лазаре
3108,<wb>грѧді
1995,<wb>вънъ
39,<wb>і
600,<wb>абіе
820,<wb>ізіде
4437 339,<wb>оуме|ръі
5326 98,<wb>обѧза|нъ
2566,<wb>рѫкама
39,<wb>і
1981,<wb>ногама
39,<wb>і
4903 1422,<wb>оукро|імі
39,<wb>і
822,<wb>ліце
135,<wb>его
73 31 191 1093,<wb>оу|б|роу|сомъ
5326 85,<wb>обѧза|но
130,<wb>гла
210,<wb>імъ
331,<wb>ісъ
4232 54,<wb>раздрѣші|те
39,<wb>і
39,<wb>і
62,<wb>не
4653,<wb>дѣіте
387,<wb>сего
1344,<wb>іті
899,<wb>мнозі
71,<wb>же
221,<wb>от
685,<wb>іюдеі
872 1592,<wb>прішедъ|шіі
150,<wb>къ
2621,<wb>маріі
39,<wb>і
1137,<wb>відѣвъше
295,<wb>еже
261,<wb>сътворі
331,<wb>ісъ
2836,<wb>вѣровашѧ
41,<wb>в
208,<wb>нъ
190 1917 110,<wb>сь|бьра|шѧ
70,<wb>сѧ
942,<wb>архіереі
39,<wb>і
1325,<wb>фарісеі
190,<wb>сь
1047,<wb>німі
68,<wb>на
566,<wb>іса
39,<wb>і
997,<wb>глаахѫ
526,<wb>чьто
2093,<wb>сътворімъ
99,<wb>ѣко
1300,<wb>члкъ
190,<wb>сь
1767,<wb>знаменіѣ
1022,<wb>многа
426 32,<wb>творі|т
3581 110,<wb>събьра|шѧ
70,<wb>сѧ
575,<wb>архі
3517,<wb>ішті
41,<wb>в
1298,<wb>пок
50,<wb>е
62 34,<wb>не|д
67,<wb>по
7919,<wb>пастѣ
201,<wb>аште
646 55,<wb>оставі|мъ
39,<wb>і
311,<wb>тако
1286,<wb>всі
827,<wb>вѣрѫ
1177,<wb>імѫтъ
81,<wb>вь
484,<wb>нь
39,<wb>і
2283,<wb>прідѫтъ
607 181 126,<wb>рі|мѣ|не
39,<wb>і
853 2039,<wb>възь|мѫтъ
39,<wb>і
707,<wb>мѣсто
39,<wb>і
2867,<wb>ѧзкъ
249 10,<wb>еді|н
71,<wb>же
1432,<wb>етеръ
221,<wb>от
562,<wb>ніхъ
4812 2347,<wb>каіа|фа
942,<wb>архіереі
576,<wb>съі
3454,<wb>лѣтоу
650,<wb>томоу
141,<wb>рече
210,<wb>імъ
237,<wb>въі
62,<wb>не
140 126,<wb>вѣ|не
1271,<wb>вѣсте
1330,<wb>нічесоже
122,<wb>ні
2232 661,<wb>помъішлѣ|ете
99,<wb>ѣко
73 126,<wb>оу|не
161,<wb>естъ
2532,<wb>вам
105,<wb>да
438,<wb>едінъ
1300,<wb>члкъ
2364,<wb>оумьретъ
171,<wb>за
844,<wb>люді
77,<wb>а
62,<wb>не
1285,<wb>весь
2867,<wb>ѧзкъ
3946,<wb>погъібнетъ
387,<wb>сего
71,<wb>же
47,<wb>о
436,<wb>себѣ
62,<wb>не
141,<wb>рече
208,<wb>нъ
99,<wb>ѣко
942,<wb>архіереі
576,<wb>съі
3454,<wb>лѣтоу
650,<wb>томоу
7290,<wb>прорече
99,<wb>ѣко
788 82,<wb>хотѣ|ше
5482,<wb>ісь
3324,<wb>оумрѣті
171,<wb>за
844,<wb>люді
39,<wb>і
62,<wb>не
617 3770,<wb>ть|кьмо
171,<wb>за
844,<wb>люді
208,<wb>нъ
105,<wb>да
39,<wb>і
1830,<wb>чѧда
1370,<wb>бжіѣ
4066 4058,<wb>расто|чена
5760,<wb>съберетъ
56,<wb>въ
814,<wb>едіно
221,<wb>от
485,<wb>того
71,<wb>же
713,<wb>дьне
5802,<wb>съвѣшташѧ
105,<wb>да
39,<wb>і
224,<wb>бѫ
766 74,<wb>оубі|лі
5482,<wb>ісь
71,<wb>же
72,<wb>к
650,<wb>томоу
62,<wb>не
1869,<wb>ѣвѣ
3347,<wb>хождааше
56,<wb>въ
685 9,<wb>іюдеі|х
484,<wb>нь
452,<wb>іде
84,<wb>отъ
1311 270,<wb>тѫ|доу
81,<wb>вь
2132,<wb>странѫ
5476,<wb>блізь
6669,<wb>поустъінѧ
81,<wb>вь
3764 1821,<wb>еф|ремъ
2770,<wb>наріцаемъі
698,<wb>градъ
39,<wb>і
390,<wb>тоу
4276,<wb>жівѣаше
75,<wb>съ
1222,<wb>оученікъі
1060,<wb>своімі
536,<wb>прѣжде
7199,<wb>шесті
869,<wb>день
1232 719,<wb>пас|хъі
416,<wb>пріде
331,<wb>ісъ
56,<wb>въ
5694 2149,<wb>віѳа|ніѭ
773,<wb>ідеже
165,<wb>бѣ
3967,<wb>лазаръ
4437 339,<wb>оуме|ръі
538,<wb>егоже
5573,<wb>въскрѣсі
168,<wb>із
2986,<wb>мрътвъііхъ
331,<wb>ісъ
1513,<wb>сътворішѧ
71,<wb>же
144,<wb>емоу
6510,<wb>вечерѭ
390,<wb>тоу
2122,<wb>марта
71,<wb>же
488 278 17,<wb>слоу|жа|а
1340,<wb>ше
3967,<wb>лазаръ
71,<wb>же
438,<wb>едінъ
165,<wb>бѣ
221,<wb>от
2960 805,<wb>възлежѧ|штііхъ
75,<wb>съ
528,<wb>німъ
5099,<wb>маріа
71,<wb>же
1729 116,<wb>пріемъ|ші
178 18 316,<wb>лі|в|рѫ
7983,<wb>мура
68 3433,<wb>на|рда
303 147 1423 24,<wb>пі|сті|кі|ѧ
6000 10 139,<wb>многоцѣ|н|нъі
2216,<wb>помаза
1052,<wb>нозѣ
39,<wb>і
469,<wb>свѣ
39,<wb>і
221 101,<wb>от|ръ
3825,<wb>власъі
1060,<wb>своімі
1052,<wb>нозѣ
135,<wb>его
2295 102,<wb>храмі|на
71,<wb>же
1564,<wb>ісплъні
70,<wb>сѧ
221,<wb>от
240 375,<wb>во|нѧ
2116 21 471,<wb>му|р|нъіѧ
130,<wb>гла
71,<wb>же
438,<wb>едінъ
221,<wb>от
1092,<wb>оученікъ
135,<wb>его
1667,<wb>іюда
5534 344,<wb>іскаріотъ|скъі
227,<wb>іже
1414,<wb>хотѣаше
3553,<wb>прѣдаті
39,<wb>і
1316,<wb>чесо
368,<wb>раді
3564,<wb>муро
121,<wb>се
62,<wb>не
1541 85,<wb>прода|но
798,<wb>бъіс
68,<wb>на
4714,<wb>трехъ
190 3306,<wb>сь|тѣхъ
6423,<wb>пѣнѧзь
39,<wb>і
2837,<wb>дано
4003 14,<wb>ніштіі|м
121,<wb>се
71,<wb>же
141,<wb>рече
62,<wb>не
99,<wb>ѣко
47,<wb>о
122 805,<wb>ні|штііхъ
967 177,<wb>печа|аше
70,<wb>сѧ
208,<wb>нъ
99,<wb>ѣко
3853,<wb>тать
165,<wb>бѣ
39,<wb>і
184 18 83 48 363,<wb>ко|в|че|же|ць
1492,<wb>імъі
39,<wb>і
4426 1779 17,<wb>въмѣта|ема|а
298 2879,<wb>но|шааше
141,<wb>рече
71,<wb>же
331,<wb>ісъ
62,<wb>не
4653,<wb>дѣіте
908,<wb>еѧ
105,<wb>да
56,<wb>въ
869,<wb>день
3827 297,<wb>погребе|ніѣ
563,<wb>моего
1617 6855,<wb>съблю|дет
483,<wb>ѭ
4724,<wb>ніштѧѧ
112,<wb>бо
4870,<wb>въсегда
1048,<wb>імате
190,<wb>сь
1391,<wb>собоѭ
77,<wb>а
364,<wb>мене
62,<wb>не
4870,<wb>въсегда
1048,<wb>імате
479,<wb>разоумѣ
71,<wb>же
385 188,<wb>наро|дь
4928,<wb>многь
221,<wb>от
685,<wb>іюдеі
99,<wb>ѣко
390,<wb>тоу
161,<wb>естъ
39,<wb>і
955,<wb>прідѫ
62,<wb>не
566,<wb>іса
368,<wb>раді
4150,<wb>тькмо
208,<wb>нъ
105,<wb>да
39,<wb>і
4665,<wb>лазара
2034,<wb>відѧтъ
538,<wb>егоже
41 23 1155 129,<wb>в|с|крѣ|сі
221,<wb>от
2986,<wb>мрътвъііхъ
5802,<wb>съвѣшташѧ
71,<wb>же
942,<wb>архіереі
105,<wb>да
39,<wb>і
4665,<wb>лазара
3345,<wb>оубіѭтъ
99,<wb>ѣко
899,<wb>мнозі
135,<wb>его
368,<wb>раді
3904,<wb>ідѣахѫ
221,<wb>от
685,<wb>іюдеі
39,<wb>і
1531 216,<wb>вѣрова|ахѫ
56,<wb>въ
566,<wb>іса
56,<wb>въ
4481,<wb>оутрѣі
71,<wb>же
869,<wb>день
956,<wb>народъ
4928,<wb>многь
6999,<wb>прішедъі
56,<wb>въ
1120 2586,<wb>праздь|нікь
1434,<wb>слъішавъше
99,<wb>ѣко
331,<wb>ісъ
505 6855,<wb>грѧ|дет
56,<wb>въ
2480 3731,<wb>іер|слмъ
4551,<wb>пріѧсѧ
152 16 17,<wb>ва|і|а
221,<wb>от
757 409,<wb>фі|нікъ
39,<wb>і
2820,<wb>ізідѫ
1975,<wb>протівѫ
144,<wb>емоу
39,<wb>і
720 2587,<wb>зь|ваахѫ
1440,<wb>глште
4649,<wb>осанна
1036 98,<wb>бл|нъ
1601,<wb>грѧдъі
56,<wb>въ
466,<wb>імѧ
2033,<wb>гне
774,<wb>црь
168 3714,<wb>із|лвъ
1501,<wb>обрѣтъ
71,<wb>же
331,<wb>ісъ
4919,<wb>осьлѧ
913 79,<wb>въсѣ|де
68,<wb>на
62,<wb>не
308,<wb>ѣкоже
715,<wb>есть
2141,<wb>пісано
62,<wb>не
2496,<wb>боі
70,<wb>сѧ
5667,<wb>дьшті
1927 1661,<wb>сіо|нова
121,<wb>се
845,<wb>цръ
462,<wb>твоі
1578,<wb>грѧдетъ
1041,<wb>сѣдѧ
68,<wb>на
1871 31 686,<wb>жрѣ|б|ѧті
4268 74,<wb>ось|лі
745,<wb>сіхъ
71,<wb>же
62,<wb>не
2167,<wb>разоумѣшѧ
559,<wb>оученіці
135,<wb>его
536,<wb>прѣжде
208,<wb>нъ
317,<wb>егда
1783,<wb>прославі
70,<wb>сѧ
331,<wb>ісъ
916,<wb>тогда
1737 2397,<wb>помѧ|нѫшѧ
99,<wb>ѣко
159,<wb>сі
2191,<wb>бѣшѧ
47,<wb>о
1107,<wb>немъ
6130,<wb>пісана
39,<wb>і
159,<wb>сі
1513,<wb>сътворішѧ
144,<wb>емоу
2447 1827 177,<wb>сьвѣдѣтель|ствова|аше
71,<wb>же
956,<wb>народъ
227,<wb>іже
165,<wb>бѣ
190,<wb>сь
528,<wb>німъ
317,<wb>егда
4665,<wb>лазара
853 103,<wb>възь|ва
221,<wb>от
6988 9,<wb>мрътвъіі|х
39,<wb>і
5573,<wb>въскрѣсі
39,<wb>і
221,<wb>от
1970,<wb>гроба
387,<wb>сего
368,<wb>раді
39,<wb>і
1975,<wb>протівѫ
144,<wb>емоу
2820,<wb>ізідѫ
1362,<wb>народі
99,<wb>ѣко
1148 110,<wb>оуслъіша|шѧ
39,<wb>і
7910,<wb>сътворьша
931 63,<wb>сіце|во
1719,<wb>знаменіе
39,<wb>і
510,<wb>рѣшѧ
150,<wb>къ
436,<wb>себѣ
1369,<wb>відіте
99,<wb>ѣко
2022 33,<wb>ніка|ѣ
71,<wb>же
67 36 230,<wb>по|л|за
161,<wb>естъ
121,<wb>се
688,<wb>міръ
67,<wb>по
1107,<wb>немъ
1861,<wb>ідетъ
5898,<wb>бѣхѫ
71,<wb>же
1394 60,<wb>елі|ні
3551,<wb>етері
221,<wb>от
1952 1522,<wb>въшедъ|шііхъ
105,<wb>да
2275 375 32,<wb>покло|нѧ|т
70,<wb>сѧ
56,<wb>въ
4828 2586,<wb>праздъ|нікь
159,<wb>сі
71,<wb>же
2558,<wb>прістѫпішѧ
468,<wb>кь
6560,<wb>філіпоу
227,<wb>іже
165,<wb>бѣ
221,<wb>от
167 34 4628 267,<wb>ві|д|саі|дъі
797 74 132 16 1185,<wb>галі|лі|ле|і|скъіѧ
39,<wb>і
51 1650,<wb>м|лѣахѫ
39,<wb>і
1440,<wb>глште
300,<wb>гі
547 14,<wb>хоште|м
566,<wb>іса
1078,<wb>відѣті
416,<wb>пріде
1670 433,<wb>філі|пь
39,<wb>і
130,<wb>гла
7424 2023,<wb>андре|ові
39,<wb>і
404,<wb>пакъі
7424 17,<wb>андре|а
39,<wb>і
1670 433,<wb>філі|пь
130 163,<wb>гла|ста
1449,<wb>ісві
331,<wb>ісъ
71,<wb>же
4598 43 258,<wb>ото|тъ|вѣшта
268,<wb>іма
441,<wb>глѧ
416,<wb>пріде
1638,<wb>годіна
105,<wb>да
2846,<wb>прославітъ
70,<wb>сѧ
7575,<wb>снь
7425 344,<wb>члчъ|скъі
681,<wb>амін
681,<wb>амін
284,<wb>глѭ
260,<wb>вамъ
201,<wb>аште
100 7311,<wb>з|рьно
4080 60 8 465,<wb>пше|ні|ч|ное
62,<wb>не
2364,<wb>оумьретъ
2618,<wb>падъ
56,<wb>въ
734,<wb>земі
176,<wb>то
814,<wb>едіно
989 2649,<wb>прѣбъіва|ет
201,<wb>аште
178,<wb>лі
2364,<wb>оумьретъ
4928,<wb>многь
1243,<wb>плодъ
2579 43,<wb>сьтворі|тъ
201,<wb>аште
62,<wb>не
100 7311,<wb>з|рьно
4080 60 8 119,<wb>пше|ні|ч|нь
3961,<wb>любѧі
911,<wb>дшѫ
651,<wb>своѭ
1579,<wb>погоубітъ
483,<wb>ѭ
39,<wb>і
2375 16,<wb>ненавідѧ|і
1786,<wb>дшѧ
1276,<wb>своеѧ
56,<wb>въ
2060,<wb>мірѣ
2686,<wb>семъ
56,<wb>въ
4291,<wb>жівотѣ
2589 3784 106,<wb>вѣчъ|нѣа|мь
5724,<wb>съхранітъ
483,<wb>ѭ
201,<wb>аште
523,<wb>кто
588,<wb>мнѣ
488 1308,<wb>слоу|жітъ
67,<wb>по
588,<wb>мнѣ
105,<wb>да
3991,<wb>ходітъ
39,<wb>і
773,<wb>ідеже
568,<wb>есмъ
695,<wb>азь
390,<wb>тоу
39,<wb>і
2128,<wb>слоуга
329,<wb>моі
362,<wb>бѫдетъ
39,<wb>і
201,<wb>аште
523,<wb>кто
588,<wb>мнѣ
6854 32,<wb>слоужі|т
1175 3170,<wb>поч|тетъ
39,<wb>і
749,<wb>оць
457,<wb>нъінѣ
1490,<wb>дша
556,<wb>моѣ
7400,<wb>възмѫті
70,<wb>сѧ
39,<wb>і
394,<wb>что
1189,<wb>рекѫ
1466,<wb>оче
5697,<wb>спсі
226,<wb>мѧ
84,<wb>отъ
5138,<wb>годінъі
2760,<wb>сеѧ
484,<wb>нь
387,<wb>сего
368,<wb>раді
1743,<wb>прідъ
68,<wb>на
3576,<wb>годінѫ
1732,<wb>сіѭ
171 8,<wb>за|ч
1466,<wb>оче
1783,<wb>прославі
466,<wb>імѧ
347,<wb>твое
416,<wb>пріде
71,<wb>же
3452,<wb>глас
190,<wb>сь
1586,<wb>нбсе
39,<wb>і
6993,<wb>прославіхъ
39,<wb>і
404,<wb>пакъі
1038 3691,<wb>просла|влѭ
956,<wb>народъ
71,<wb>же
577 509,<wb>сто|ѧі
39,<wb>і
990,<wb>слъішавъ
2098,<wb>глахѫ
7623,<wb>громъ
798,<wb>бъіс
1944,<wb>іні
71,<wb>же
997,<wb>глаахѫ
1264 36,<wb>анг|л
130,<wb>гла
144,<wb>емоу
1353,<wb>отвѣшта
5482,<wb>ісь
39,<wb>і
141,<wb>рече
62,<wb>не
364,<wb>мене
368,<wb>раді
3452,<wb>глас
190,<wb>сь
798,<wb>бъіс
208,<wb>нъ
1674,<wb>народа
368,<wb>раді
457,<wb>нъінѣ
1066,<wb>сѫдъ
161,<wb>естъ
1829,<wb>міроу
6007,<wb>ннѣ
7825,<wb>кьнѧзь
975,<wb>міра
387,<wb>сего
4427 98,<wb>ізгьна|нъ
362,<wb>бѫдетъ
2420,<wb>вонъ
39,<wb>і
695,<wb>азь
201,<wb>аште
3915 98,<wb>вьзнесе|нъ
1387,<wb>бѫдѫ
221,<wb>от
1485,<wb>землѧ
2415,<wb>всѧ
3582 326,<wb>прівлѣ|кѫ
72,<wb>к
436,<wb>себѣ
121,<wb>се
71,<wb>же
892,<wb>глааше
6780 206 3151,<wb>назна|ме|ноуѧ
3694,<wb>коеѭ
6992,<wb>съмрътіѭ
1414,<wb>хотѣаше
3324,<wb>оумрѣті
1353,<wb>отвѣшта
144,<wb>емоу
956,<wb>народъ
478,<wb>мъі
4583,<wb>слъішахомъ
221,<wb>от
2329,<wb>закона
99,<wb>ѣко
930,<wb>хъ
3244,<wb>прѣбъіваетъ
56,<wb>въ
140 13,<wb>вѣ|к
39,<wb>і
376,<wb>како
288,<wb>тъі
1594,<wb>глеші
1528 147,<wb>възне|сті
70,<wb>сѧ
44 151 334 255,<wb>п|до|ба|етъ
2405,<wb>сноу
2314 3096,<wb>члчь|скоумоу
523,<wb>кто
190,<wb>сь
715,<wb>есть
7575,<wb>снь
2314 344,<wb>члчь|скъі
141,<wb>рече
71,<wb>же
210,<wb>імъ
331,<wb>ісъ
836,<wb>еште
56,<wb>въ
998,<wb>мало
783,<wb>врѣмѧ
957,<wb>свѣтъ
81,<wb>вь
2668,<wb>вась
161,<wb>естъ
245 440,<wb>хо|діте
1315,<wb>доньдеже
4060,<wb>свѣт
1048,<wb>імате
105,<wb>да
64 143,<wb>т|ма
544,<wb>васъ
62,<wb>не
4272,<wb>іметъ
39,<wb>і
6997,<wb>ходѧі
56,<wb>въ
3712,<wb>тьмѣ
62,<wb>не
1559,<wb>вѣстъ
2904,<wb>камо
1861,<wb>ідетъ
2419,<wb>дондеже
957,<wb>свѣтъ
1048,<wb>імате
4442,<wb>вѣроуіте
56,<wb>въ
4060,<wb>свѣт
105,<wb>да
3010,<wb>снве
2720,<wb>свѣта
1215,<wb>бѫдете
1315,<wb>доньдеже
957,<wb>свѣтъ
1048,<wb>імате
4442,<wb>вѣроуіте
56,<wb>въ
957,<wb>свѣтъ
105,<wb>да
3010,<wb>снве
2720,<wb>свѣта
1215,<wb>бѫдете
159,<wb>сі
130,<wb>гла
331,<wb>ісъ
39,<wb>і
1291,<wb>шедъ
1841,<wb>съкръі
70,<wb>сѧ
84,<wb>отъ
7982,<wb>ніх
105,<wb>да
3010,<wb>снве
4060,<wb>свѣт
1215,<wb>бѫдете
5765,<wb>толіка
71,<wb>же
1767,<wb>знаменіѣ
1589 358,<wb>сътворь|шоу
144,<wb>емоу
1669,<wb>прѣдь
1047,<wb>німі
62,<wb>не
1531 187,<wb>вѣрова|хѫ
81,<wb>вь
484,<wb>нь
105,<wb>да
1702 6855,<wb>събо|дет
70,<wb>сѧ
442,<wb>слово
7706,<wb>ісаіѧ
1885 134,<wb>прр|ка
295,<wb>еже
141,<wb>рече
300,<wb>гі
523,<wb>кто
1531,<wb>вѣрова
488 887,<wb>слоу|хоу
1873,<wb>нашемоу
39,<wb>і
6179 218,<wb>мъіш|ца
717,<wb>гнѣ
1780,<wb>комоу
221 2152,<wb>от|кръі
70,<wb>сѧ
387,<wb>сего
368,<wb>раді
62,<wb>не
5145,<wb>можаахѫ
2782,<wb>вѣроваті
99,<wb>ѣко
198 13,<wb>па|к
141,<wb>рече
4178,<wb>ісаіѣ
5712 243,<wb>ослѣ|пі
531,<wb>очі
299,<wb>іхъ
39,<wb>і
2529 181 60 153,<wb>ока|мѣ|ні|ль
161,<wb>естъ
2780,<wb>срдца
299,<wb>іхъ
105,<wb>да
62,<wb>не
1104 32,<wb>відѧ|т
2801,<wb>очіма
122,<wb>ні
2828,<wb>разоумѣѭтъ
981 26 55,<wb>срд|ц|мъ
39,<wb>і
4633,<wb>обратѧтъ
70,<wb>сѧ
39,<wb>і
39,<wb>і
370 500,<wb>цѣ|лѭ
225,<wb>ѧ
121,<wb>се
71,<wb>же
141,<wb>рече
4178,<wb>ісаіѣ
317,<wb>егда
248,<wb>відѣ
1253,<wb>славѫ
135,<wb>его
39,<wb>і
130,<wb>гла
47,<wb>о
1107,<wb>немъ
1245,<wb>обаче
222,<wb>оубо
39,<wb>і
84,<wb>отъ
6570,<wb>кнѧзь
899,<wb>мнозі
2836,<wb>вѣровашѧ
240,<wb>во
484,<wb>нь
208,<wb>нъ
1325,<wb>фарісеі
368,<wb>раді
62,<wb>не
1031 216,<wb>ісповѣда|ахѫ
105,<wb>да
62,<wb>не
221,<wb>от
4083 604,<wb>сьньмі|штъ
4427 60,<wb>ізгьна|ні
969,<wb>бѫдѫтъ
2253 110,<wb>възлюбі|шѧ
112,<wb>бо
580,<wb>паче
1253,<wb>славѫ
345 784,<wb>чл|чѫ
1487,<wb>неже
1253,<wb>славѫ
4009,<wb>бжіѭ
331,<wb>ісъ
71,<wb>же
853 103,<wb>възь|ва
39,<wb>і
141,<wb>рече
2322,<wb>вѣроуѧі
56,<wb>въ
226,<wb>мѧ
62,<wb>не
594 255,<wb>вѣроу|етъ
56,<wb>въ
364,<wb>мене
208,<wb>нъ
56,<wb>въ
2934,<wb>посълавъшааго
226,<wb>мѧ
290,<wb>азъ
957,<wb>свѣтъ
56,<wb>въ
688,<wb>міръ
1743,<wb>прідъ
105,<wb>да
2531,<wb>всѣкъ
2322,<wb>вѣроуѧі
56,<wb>въ
226,<wb>мѧ
56,<wb>въ
3712,<wb>тьмѣ
62,<wb>не
2728 6855,<wb>прѣбѫ|дет
39,<wb>і
201,<wb>аште
523,<wb>кто
4034,<wb>оуслъішітъ
2539,<wb>глъі
1156,<wb>моѧ
39,<wb>і
62,<wb>не
190 1172 846,<wb>сь|хра|нітъ
299,<wb>іхъ
695,<wb>азь
71,<wb>же
62,<wb>не
4307,<wb>сѫждѫ
144,<wb>емоу
62,<wb>не
1743,<wb>прідъ
112,<wb>бо
105,<wb>да
38 434 622,<wb>|шѫ|ждѫ
1829,<wb>міроу
208,<wb>нъ
105,<wb>да
637 623,<wb>сп|сѫ
688,<wb>міръ
2171,<wb>вѣдъі
71,<wb>же
331,<wb>ісъ
99,<wb>ѣко
1514,<wb>вьса
4456,<wb>въдастъ
144,<wb>емоу
749,<wb>оць
56,<wb>въ
825,<wb>рѫцѣ
39,<wb>і
99,<wb>ѣко
221,<wb>от
422,<wb>ба
820,<wb>ізіде
39,<wb>і
468,<wb>кь
710,<wb>боу
1578,<wb>грѧдетъ
421,<wb>въста
75,<wb>съ
7342,<wb>вечерѧ
39,<wb>і
761,<wb>положі
1290,<wb>різъі
599,<wb>своѧ
39,<wb>і
1429,<wb>пріімъ
639 5722,<wb>ле|нтіі
4007,<wb>прѣпоѣса
70,<wb>сѧ
67,<wb>по
1372,<wb>томь
71,<wb>же
56 1034,<wb>въ|ліѣ
1905,<wb>водѫ
81,<wb>вь
1424 103 153 849,<wb>оумъі|ва|ль|ніцѫ
39,<wb>і
1194,<wb>начѧтъ
1424 667,<wb>оумъі|ваті
1052,<wb>нозѣ
936,<wb>оученікомъ
39,<wb>і
863 2501,<wb>оті|раті
639 3081 389,<wb>ле|нті|емъ
2523,<wb>імъже
165,<wb>бѣ
4007 98,<wb>прѣпоѣса|нъ
416,<wb>пріде
71,<wb>же
468,<wb>кь
3333,<wb>сімоноу
5274,<wb>петроу
39,<wb>і
130,<wb>гла
144,<wb>емоу
157,<wb>тъ
300,<wb>гі
288,<wb>тъі
178,<wb>лі
329,<wb>моі
1424 608,<wb>оумъі|еші
1052,<wb>нозѣ
328,<wb>отъвѣшта
331,<wb>ісъ
39,<wb>і
141,<wb>рече
144,<wb>емоу
295,<wb>еже
695,<wb>азь
2486,<wb>творѭ
288,<wb>тъі
62,<wb>не
2004,<wb>вѣсі
457,<wb>нъінѣ
7087,<wb>разоумѣеші
71,<wb>же
67,<wb>по
745,<wb>сіхъ
130,<wb>гла
144,<wb>емоу
360 933,<wb>пе|трь
62,<wb>не
6334 608,<wb>омъі|еші
4138,<wb>моею
2362,<wb>ногоу
56,<wb>въ
140 569,<wb>вѣ|кь
328,<wb>отъвѣшта
144,<wb>емоу
331,<wb>ісъ
201,<wb>аште
62,<wb>не
1424 3,<wb>оумъі|ѭ
356,<wb>тебѣ
62,<wb>не
1287,<wb>імаші
5413,<wb>чѧсті
75,<wb>съ
4678,<wb>мьноѭ
130,<wb>гла
144,<wb>емоу
1839,<wb>сімонъ
818,<wb>петръ
300,<wb>гі
62,<wb>не
1052,<wb>нозѣ
4615,<wb>тъкьмо
208,<wb>нъ
39,<wb>і
825,<wb>рѫцѣ
39,<wb>і
1512,<wb>главѫ
130,<wb>гла
144,<wb>емоу
331,<wb>ісъ
168 106 146 139,<wb>із|мь|ве|нъі
62,<wb>не
5192,<wb>трѣбоуетъ
4615,<wb>тъкьмо
1052,<wb>нозѣ
6334 52,<wb>омъі|ті
161,<wb>естъ
112,<wb>бо
1285,<wb>весь
5263,<wb>чістъ
39,<wb>і
237,<wb>въі
3112,<wb>чісті
939,<wb>есте
208,<wb>нъ
62,<wb>не
481,<wb>вьсі
2401,<wb>вѣдѣаше
112,<wb>бо
444 2276,<wb>прѣда|ѭштааго
39,<wb>і
387,<wb>сего
368,<wb>раді
141,<wb>рече
99,<wb>ѣко
171 8,<wb>за|ч
62,<wb>не
1355,<wb>въсі
3112,<wb>чісті
939,<wb>есте
317,<wb>егда
71,<wb>же
1424,<wb>оумъі
5430,<wb>ногъі
299,<wb>іхъ
1505,<wb>пріѧтъ
1290,<wb>різъі
599,<wb>своѧ
39,<wb>і
4629 1231,<wb>възле|жааше
39,<wb>і
141,<wb>рече
210,<wb>імъ
1271,<wb>вѣсте
178,<wb>лі
526,<wb>чьто
2579 76,<wb>сьтворі|хъ
2532,<wb>вам
237,<wb>въі
130 158 661,<wb>гла|ша|ете
226,<wb>мѧ
2971,<wb>оучітелѣ
39,<wb>і
480,<wb>га
561,<wb>еі
932,<wb>добрѣ
2261,<wb>глете
568,<wb>есмъ
112,<wb>бо
201,<wb>аште
1424 76,<wb>оумъі|хъ
1472,<wb>ваші
1052,<wb>нозѣ
459,<wb>гь
39,<wb>і
1899,<wb>оучітель
39,<wb>і
237,<wb>въі
3633 60,<wb>длъжь|ні
939,<wb>есте
4634,<wb>дроугь
1745,<wb>дроугоу
1424 667,<wb>оумъі|ваті
1052,<wb>нозѣ
4494,<wb>образь
112,<wb>бо
5226,<wb>дахъ
260,<wb>вамъ
105,<wb>да
308,<wb>ѣкоже
695,<wb>азь
2579 76,<wb>сьтворі|хъ
260,<wb>вамъ
39,<wb>і
237,<wb>въі
2612,<wb>сътворіте
681,<wb>амін
284,<wb>глѭ
2913,<wb>вамь
595,<wb>нѣстъ
4820,<wb>рабь
3375,<wb>болеі
480,<wb>га
524,<wb>своего
122,<wb>ні
190 137,<wb>сь|лъ
3375,<wb>болеі
2934,<wb>посълавъшааго
39,<wb>і
201,<wb>аште
159,<wb>сі
1271,<wb>вѣсте
1888,<wb>блажені
939,<wb>есте
201,<wb>аште
1451,<wb>творіте
78,<wb>ѣ
457,<wb>нъінѣ
1783,<wb>прославі
70,<wb>сѧ
423,<wb>снъ
2314,<wb>члчь
39,<wb>і
443,<wb>бъ
1783,<wb>прославі
70,<wb>сѧ
47,<wb>о
1107,<wb>немъ
201,<wb>аште
443,<wb>бъ
2846,<wb>прославітъ
70,<wb>сѧ
47,<wb>о
1107,<wb>немъ
39,<wb>і
443,<wb>бъ
164 111 289,<wb>про|ві|тъі
56,<wb>въ
436,<wb>себѣ
39,<wb>і
600,<wb>абіе
1783,<wb>прославі
288,<wb>тъі
708 34 218,<wb>чѧ|д|ца
836,<wb>еште
998,<wb>мало
75,<wb>съ
1805,<wb>вамі
568,<wb>есмъ
1648 4667,<wb>възі|штете
364,<wb>мене
39,<wb>і
308,<wb>ѣкоже
949,<wb>рѣхъ
4042,<wb>іюдеомъ
99,<wb>ѣко
2676,<wb>ѣможе
695,<wb>азь
674,<wb>ідѫ
237,<wb>въі
62,<wb>не
2251,<wb>можете
1382,<wb>пріті
39,<wb>і
260,<wb>вамъ
284,<wb>глѭ
457,<wb>нъінѣ
694 113,<wb>заповѣ|дъ
7655,<wb>новѫ
4419,<wb>даѭ
260,<wb>вамъ
105,<wb>да
2635,<wb>любіте
4634,<wb>дроугь
1096,<wb>дроуга
308,<wb>ѣкоже
7577,<wb>възлюбіхъ
237,<wb>въі
105,<wb>да
39,<wb>і
237,<wb>въі
2635,<wb>любіте
4634,<wb>дроугь
1096,<wb>дроуга
47,<wb>о
1255,<wb>семь
2828,<wb>разоумѣѭтъ
481,<wb>вьсі
99,<wb>ѣко
329,<wb>моі
559,<wb>оученіці
939,<wb>есте
201,<wb>аште
1626 180,<wb>любо|вь
1048,<wb>імате
1891,<wb>междоу
1391,<wb>собоѭ
130,<wb>гла
144,<wb>емоу
1839,<wb>сімонъ
818,<wb>петръ
300,<wb>гі
2904,<wb>камо
3283,<wb>ідеші
328,<wb>отъвѣшта
144,<wb>емоу
331,<wb>ісъ
2676,<wb>ѣможе
695,<wb>азь
674,<wb>ідѫ
62,<wb>не
2137,<wb>можеші
457,<wb>нъінѣ
1344,<wb>іті
1257,<wb>послѣдь
71,<wb>же
67,<wb>по
437,<wb>мьнѣ
3283,<wb>ідеші
130,<wb>гла
144,<wb>емоу
818,<wb>петръ
300,<wb>гі
67,<wb>по
526,<wb>чьто
62,<wb>не
1179,<wb>могѫ
457,<wb>нъінѣ
67,<wb>по
356,<wb>тебѣ
1344,<wb>іті
457,<wb>нъінѣ
911,<wb>дшѫ
813,<wb>моѭ
171,<wb>за
374,<wb>тѧ
3969,<wb>положѫ
328,<wb>отъвѣшта
331,<wb>ісъ
911,<wb>дшѫ
178,<wb>лі
1071,<wb>твоѭ
171,<wb>за
226,<wb>мѧ
761 116,<wb>положі|ші
681,<wb>амін
681,<wb>амін
284,<wb>глѭ
356,<wb>тебѣ
62,<wb>не
4697,<wb>възгласітъ
4439,<wb>коуръ
1315,<wb>доньдеже
221 852 116,<wb>от|връже|ші
171 8,<wb>за|ч
70,<wb>сѧ
364,<wb>мене
1188,<wb>трі
2827,<wb>кратъі
141,<wb>рече
1262,<wb>гъ
725,<wb>своімъ
936,<wb>оученікомъ
105,<wb>да
62,<wb>не
3131 4269,<wb>съмѫ|штаетъ
70,<wb>сѧ
807 188 292,<wb>ср|дь|це
709,<wb>ваше
122,<wb>ні
3374 3648,<wb>оустра|шаетъ
4442,<wb>вѣроуіте
56,<wb>въ
422,<wb>ба
39,<wb>і
56,<wb>въ
226,<wb>мѧ
4442,<wb>вѣроуіте
105,<wb>да
62,<wb>не
3131 4269,<wb>съмѫ|штаетъ
70,<wb>сѧ
2643,<wb>срдце
709,<wb>ваше
4442,<wb>вѣроуіте
56,<wb>въ
422,<wb>ба
39,<wb>і
56,<wb>въ
226,<wb>мѧ
4442,<wb>вѣроуіте
56,<wb>въ
756,<wb>домоу
633,<wb>оца
563,<wb>моего
823,<wb>многъі
7568,<wb>обітѣлі
419,<wb>сѫтъ
201,<wb>аште
178,<wb>лі
71,<wb>же
122,<wb>ні
2304 137,<wb>рек|лъ
5599,<wb>бімъ
260,<wb>вамъ
99,<wb>ѣко
674,<wb>ідѫ
5130,<wb>оуготоваті
707,<wb>мѣсто
260,<wb>вамъ
56,<wb>въ
756,<wb>домоу
633,<wb>оца
563,<wb>моего
823,<wb>многъі
7568,<wb>обітѣлі
419,<wb>сѫтъ
201,<wb>аште
71,<wb>же
122,<wb>ні
2304 137,<wb>рек|лъ
3947,<wb>бімь
260,<wb>вамъ
99,<wb>ѣко
674,<wb>ідѫ
5130,<wb>оуготоваті
707,<wb>мѣсто
2913,<wb>вамь
404,<wb>пакъі
955,<wb>прідѫ
39,<wb>і
1494 342,<wb>поі|мѫ
237,<wb>въі
468,<wb>кь
436,<wb>себѣ
105,<wb>да
773,<wb>ідеже
568,<wb>есмъ
290,<wb>азъ
39,<wb>і
237,<wb>въі
1215,<wb>бѫдете
404,<wb>пакъі
955,<wb>прідѫ
39,<wb>і
1494 342,<wb>поі|мѫ
237,<wb>въі
468,<wb>кь
436,<wb>себѣ
105,<wb>да
773,<wb>ідеже
568,<wb>есмъ
695,<wb>азь
39,<wb>і
237,<wb>въі
1215,<wb>бѫдете
39,<wb>і
2676,<wb>ѣможе
695,<wb>азь
674,<wb>ідѫ
1271,<wb>вѣсте
502 32,<wb>пѫ|т
39,<wb>і
2676,<wb>ѣможе
695,<wb>азь
674,<wb>ідѫ
1271,<wb>вѣсте
1029,<wb>пѫть
130,<wb>гла
144,<wb>емоу
4095,<wb>ѳома
300,<wb>гі
62,<wb>не
1726,<wb>вѣмъ
2904,<wb>камо
3283,<wb>ідеші
39,<wb>і
376,<wb>како
1029,<wb>пѫть
507 55,<wb>може|мъ
5465,<wb>вѣдѣті
130,<wb>гла
144,<wb>емоу
4095,<wb>ѳома
300,<wb>гі
62,<wb>не
1726,<wb>вѣмъ
2904,<wb>камо
3283,<wb>ідеші
39,<wb>і
376,<wb>како
1029,<wb>пѫть
507 55,<wb>може|мъ
5465,<wb>вѣдѣті
130,<wb>гла
144,<wb>емоу
331,<wb>ісъ
695,<wb>азь
568,<wb>есмъ
1029,<wb>пѫть
39,<wb>і
2700,<wb>істіна
39,<wb>і
920,<wb>жівотъ
748,<wb>ніктоже
786,<wb>прідетъ
468,<wb>кь
1813,<wb>оцоу
617 3770,<wb>ть|кьмо
4678,<wb>мьноѭ
130,<wb>гла
144,<wb>емоу
331,<wb>ісъ
695,<wb>азь
568,<wb>есмъ
1029,<wb>пѫть
39,<wb>і
2700,<wb>істіна
39,<wb>і
920,<wb>жівотъ
748,<wb>ніктоже
416 32,<wb>пріде|т
150,<wb>къ
1813,<wb>оцоу
4615,<wb>тъкьмо
4678,<wb>мьноѭ
201,<wb>аште
226,<wb>мѧ
1930,<wb>бісте
7578,<wb>зналі
39,<wb>і
633,<wb>оца
563,<wb>моего
7578,<wb>зналі
1930,<wb>бісте
222,<wb>оубо
221,<wb>от
1831,<wb>селѣ
1010 661,<wb>позна|ете
39,<wb>і
39,<wb>і
6723,<wb>оувѣсте
39,<wb>і
201,<wb>аште
226,<wb>мѧ
1930,<wb>бісте
7578,<wb>зналі
39,<wb>і
633,<wb>оца
563,<wb>моего
7578,<wb>зналі
222,<wb>оубо
1930,<wb>бісте
221,<wb>от
1831,<wb>селѣ
1010 661,<wb>позна|ете
39,<wb>і
39,<wb>і
1271,<wb>вѣсте
39,<wb>і
130,<wb>гла
144,<wb>емоу
1670 433,<wb>філі|пь
300,<wb>гі
2617,<wb>покажі
489,<wb>намъ
633,<wb>оца
39,<wb>і
6741,<wb>довьлетъ
489,<wb>намъ
130,<wb>гла
144,<wb>емоу
1670 433,<wb>філі|пь
300,<wb>гі
2617,<wb>покажі
5075,<wb>нам
633,<wb>оца
39,<wb>і
156 92 598,<wb>до|въ|летъ
489,<wb>намъ
130,<wb>гла
144,<wb>емоу
331,<wb>ісъ
2454,<wb>толіко
783,<wb>врѣмѧ
75,<wb>съ
1805,<wb>вамі
568,<wb>есмъ
39,<wb>і
62,<wb>не
1010,<wb>позна
178,<wb>лі
364,<wb>мене
1670 498,<wb>філі|пе
5781,<wb>відѣвъі
226,<wb>мѧ
248,<wb>відѣ
633,<wb>оца
376,<wb>како
288,<wb>тъі
1594,<wb>глеші
2617,<wb>покажі
489,<wb>намъ
633,<wb>оца
130,<wb>гла
144,<wb>емоу
331,<wb>ісъ
2454,<wb>толіко
783,<wb>врѣмѧ
75,<wb>съ
1805,<wb>вамі
568,<wb>есмъ
39,<wb>і
62,<wb>не
1010,<wb>позна
178,<wb>лі
364,<wb>мене
1670 498,<wb>філі|пе
5781,<wb>відѣвъі
226,<wb>мѧ
248,<wb>відѣ
633,<wb>оца
376,<wb>како
288,<wb>тъі
1594,<wb>глеші
2617,<wb>покажі
489,<wb>намъ
633,<wb>оца
62,<wb>не
4120,<wb>вѣроуеші
178,<wb>лі
99,<wb>ѣко
695,<wb>азь
56,<wb>въ
2663,<wb>оці
39,<wb>і
749,<wb>оць
41,<wb>в
588,<wb>мнѣ
715,<wb>есть
65 153 16,<wb>г|ль|і
858,<wb>ѧже
695,<wb>азь
284,<wb>глѭ
2913,<wb>вамь
47,<wb>о
436,<wb>себѣ
62,<wb>не
1725,<wb>глѫ
749,<wb>оць
71,<wb>же
127 280 16 103 509,<wb>прѣ|бь|і|ва|ѧі
81,<wb>вь
588,<wb>мнѣ
617,<wb>ть
1057,<wb>творітъ
596,<wb>дѣла
62,<wb>не
4120,<wb>вѣроуеші
178,<wb>лі
99,<wb>ѣко
695,<wb>азь
81,<wb>вь
2663,<wb>оці
39,<wb>і
749,<wb>оць
56,<wb>въ
437,<wb>мьнѣ
2539,<wb>глъі
858,<wb>ѧже
290,<wb>азъ
284,<wb>глѭ
260,<wb>вамъ
47,<wb>о
436,<wb>себѣ
62,<wb>не
284,<wb>глѭ
749,<wb>оць
71,<wb>же
989 509,<wb>прѣбъіва|ѧі
56,<wb>въ
437,<wb>мьнѣ
157,<wb>тъ
1057,<wb>творітъ
1043,<wb>дѣло
65 153 16,<wb>г|ль|і
858,<wb>ѧже
695,<wb>азь
1725,<wb>глѫ
2913,<wb>вамь
47,<wb>о
436,<wb>себѣ
62,<wb>не
1725,<wb>глѫ
749,<wb>оць
71,<wb>же
127 280 16 103 509,<wb>прѣ|бь|і|ва|ѧі
81,<wb>вь
588,<wb>мнѣ
617,<wb>ть
426 133,<wb>творі|ть
1043,<wb>дѣло
2539,<wb>глъі
858,<wb>ѧже
695,<wb>азь
284,<wb>глѭ
2532,<wb>вам
827,<wb>вѣрѫ
3651,<wb>імѣте
588,<wb>мнѣ
99,<wb>ѣко
695,<wb>азь
81,<wb>вь
2663,<wb>оці
39,<wb>і
749,<wb>оць
81,<wb>вь
588,<wb>мнѣ
4442,<wb>вѣроуіте
437,<wb>мьнѣ
99,<wb>ѣко
695,<wb>азь
56,<wb>въ
2663,<wb>оці
39,<wb>і
749,<wb>оць
56,<wb>въ
437,<wb>мьнѣ
201,<wb>аште
178,<wb>лі
71,<wb>же
122,<wb>ні
171,<wb>за
373,<wb>та
596,<wb>дѣла
827,<wb>вѣрѫ
50 3392,<wb>е|млѣте
195,<wb>мі
827,<wb>вѣрѫ
414 410,<wb>імѣ|іте
588,<wb>мнѣ
99,<wb>ѣко
695,<wb>азь
81,<wb>вь
2663,<wb>оці
39,<wb>і
749,<wb>оць
240,<wb>во
588,<wb>мнѣ
201,<wb>аште
178,<wb>лі
71,<wb>же
122,<wb>ні
171,<wb>за
373,<wb>та
596,<wb>дѣла
827,<wb>вѣрѫ
50 123 54,<wb>е|мі|те
195,<wb>мі
681,<wb>амін
2099,<wb>амінъ
284,<wb>глѭ
260,<wb>вамъ
2322,<wb>вѣроуѧі
56,<wb>въ
226,<wb>мѧ
596,<wb>дѣла
494,<wb>ѣже
695,<wb>азь
2486,<wb>творѭ
39,<wb>і
157,<wb>тъ
2579 43,<wb>сьтворі|тъ
39,<wb>і
4472 17,<wb>больша|а
2579 43,<wb>сьтворі|тъ
745,<wb>сіхъ
99,<wb>ѣко
695,<wb>азь
468,<wb>кь
1813,<wb>оцоу
1142,<wb>грѧдѫ
1240,<wb>амінь
1240,<wb>амінь
1725,<wb>глѫ
2913,<wb>вамь
2322,<wb>вѣроуѧі
81,<wb>вь
226,<wb>мѧ
596,<wb>дѣла
494,<wb>ѣже
695,<wb>азь
2486,<wb>творѭ
39,<wb>і
157,<wb>тъ
1057,<wb>творітъ
39,<wb>і
4472 17,<wb>больша|а
2579 43,<wb>сьтворі|тъ
745,<wb>сіхъ
99,<wb>ѣко
695,<wb>азь
468,<wb>кь
1813,<wb>оцоу
1142,<wb>грѧдѫ
39,<wb>і
538,<wb>егоже
4145,<wb>коліжьдо
2677,<wb>просіте
56,<wb>въ
466,<wb>імѧ
346,<wb>мое
176,<wb>то
2543,<wb>сътворѭ
105,<wb>да
2846,<wb>прославітъ
70,<wb>сѧ
749,<wb>оць
47,<wb>о
3618,<wb>снѣ
39,<wb>і
538,<wb>егоже
5354,<wb>коліждо
2677,<wb>просіте
81,<wb>вь
466,<wb>імѧ
346,<wb>мое
176,<wb>то
40 207 316,<wb>с|тво|рѫ
105,<wb>да
1783 32,<wb>прославі|т
70,<wb>сѧ
749,<wb>оць
47,<wb>о
2405,<wb>сноу
201,<wb>аште
1316,<wb>чесо
2677,<wb>просіте
56,<wb>въ
466,<wb>імѧ
346 115,<wb>мое|то
190 207 1013,<wb>сь|тво|рѭ
39,<wb>і
201,<wb>аште
1316,<wb>чесо
2677,<wb>просіте
81,<wb>вь
466,<wb>імѧ
346,<wb>мое
176,<wb>то
40 207 316,<wb>с|тво|рѫ
201,<wb>аште
2635,<wb>любіте
226,<wb>мѧ
1326,<wb>заповѣді
1156,<wb>моѧ
1617 382,<wb>съблю|дѣте
201,<wb>аште
2635,<wb>любіте
226,<wb>мѧ
1326,<wb>заповѣді
1156,<wb>моѧ
190 31 182 382,<wb>сь|б|лю|дѣте
39,<wb>і
695,<wb>азь
1536 500,<wb>оумо|лѭ
633,<wb>оца
563,<wb>моего
39,<wb>і
1972,<wb>іного
2817 1459 94,<wb>пара|клі|та
520,<wb>дастъ
260,<wb>вамъ
105,<wb>да
4651,<wb>бѫдет
75,<wb>съ
1805,<wb>вамі
56,<wb>въ
140 569,<wb>вѣ|кь
39,<wb>і
695,<wb>азь
1536 500,<wb>оумо|лѭ
633,<wb>оца
39,<wb>і
1972,<wb>іного
2817 1459 94,<wb>пара|клі|та
4484,<wb>дасть
2913,<wb>вамь
105,<wb>да
723 133,<wb>бѫде|ть
40,<wb>с
1805,<wb>вамі
81,<wb>вь
140 569 16,<wb>вѣ|кь|і
768,<wb>дхъ
5958,<wb>істінънъі
538,<wb>егоже
1285,<wb>весь
688,<wb>міръ
62,<wb>не
819,<wb>можетъ
1625,<wb>пріѧті
99,<wb>ѣко
62,<wb>не
2492,<wb>відітъ
135,<wb>его
122,<wb>ні
5736,<wb>знаетъ
135,<wb>его
237,<wb>въі
71,<wb>же
535 661,<wb>зна|ете
39,<wb>і
99,<wb>ѣко
56,<wb>въ
544,<wb>васъ
989 2649,<wb>прѣбъіва|ет
39,<wb>і
56,<wb>въ
544,<wb>васъ
362,<wb>бѫдетъ
53 675,<wb>д|хь
2699 6030,<wb>істінь|ньі
538,<wb>егоже
3677,<wb>мірь
62,<wb>не
4050,<wb>можеть
1625,<wb>пріѧті
99,<wb>ѣко
62,<wb>не
952 133,<wb>віді|ть
135,<wb>его
122,<wb>ні
535 1359,<wb>зна|еть
135,<wb>его
7587,<wb>вьі
71,<wb>же
535 661,<wb>зна|ете
39,<wb>і
99,<wb>ѣко
81,<wb>вь
2668,<wb>вась
127 280 16 103 1359,<wb>прѣ|бь|і|ва|еть
39,<wb>і
81,<wb>вь
2668,<wb>вась
723 133,<wb>бѫде|ть
62,<wb>не
405 3691,<wb>оста|влѭ
2668,<wb>вась
159 125,<wb>сі|рь
955,<wb>прідѫ
468,<wb>кь
260,<wb>вамъ
62,<wb>не
405 18 3,<wb>оста|в|ѭ
2668,<wb>вась
159 101,<wb>сі|ръ
955,<wb>прідѫ
72,<wb>к
2913,<wb>вамь
836,<wb>еште
998,<wb>мало
39,<wb>і
1285,<wb>весь
688,<wb>міръ
468,<wb>кь
650,<wb>томоу
62,<wb>не
2492,<wb>відітъ
364,<wb>мене
237,<wb>въі
71,<wb>же
1369,<wb>відіте
226,<wb>мѧ
78,<wb>ѣ
695,<wb>азь
1345,<wb>жівѫ
39,<wb>і
237,<wb>въі
2811,<wb>жіві
1215,<wb>бѫдете
836,<wb>еште
998,<wb>мало
39,<wb>і
3677,<wb>мірь
72,<wb>к
650,<wb>томоу
62,<wb>не
952 133,<wb>віді|ть
364,<wb>мене
7587,<wb>вьі
39,<wb>і
71,<wb>же
1369,<wb>відіте
226,<wb>мѧ
99,<wb>ѣко
695,<wb>азь
1345,<wb>жівѫ
39,<wb>і
7587,<wb>вьі
2811,<wb>жіві
1215,<wb>бѫдете
56,<wb>въ
157,<wb>тъ
2121,<wb>денъ
3276,<wb>разоумѣете
237,<wb>въі
99,<wb>ѣко
695,<wb>азь
56,<wb>въ
2663,<wb>оці
3049,<wb>моемь
39,<wb>і
237,<wb>въі
81,<wb>вь
437,<wb>мьнѣ
39,<wb>і
695,<wb>азь
56,<wb>въ
2668,<wb>вась
81,<wb>вь
617,<wb>ть
869,<wb>день
3276,<wb>разоумѣете
7587,<wb>вьі
99,<wb>ѣко
695,<wb>азь
81,<wb>вь
2663,<wb>оці
3049,<wb>моемь
39,<wb>і
7587,<wb>вьі
240,<wb>во
588,<wb>мнѣ
39,<wb>і
695,<wb>азь
81,<wb>вь
2668,<wb>вась
2865,<wb>імѣѧі
1326,<wb>заповѣді
1156,<wb>моѧ
39,<wb>і
4375 24,<wb>съблюда|ѧ
225,<wb>ѧ
157,<wb>тъ
161,<wb>естъ
3961,<wb>любѧі
226,<wb>мѧ
77,<wb>а
3961,<wb>любѧі
226,<wb>мѧ
2110 2613,<wb>възлю|бенъ
362,<wb>бѫдетъ
7434,<wb>оцмъ
1973,<wb>моімъ
39,<wb>і
695,<wb>азь
1855 4082,<wb>вьзлю|блѭ
39,<wb>і
39,<wb>і
78 3691,<wb>ѣ|влѭ
70,<wb>сѧ
144,<wb>емоу
645,<wb>самъ
2865,<wb>імѣѧі
1326,<wb>заповѣді
1156,<wb>моѧ
39,<wb>і
190 31 182 6420 24,<wb>сь|б|лю|даѧ|ѧ
617,<wb>ть
715,<wb>есть
3961,<wb>любѧі
226,<wb>мѧ
77,<wb>а
3961,<wb>любѧі
226,<wb>мѧ
1855 287 119,<wb>вьзлю|бе|нь
723 133,<wb>бѫде|ть
47 1699,<wb>о|цемь
3865,<wb>моімь
39,<wb>і
695,<wb>азь
1855 610,<wb>вьзлю|бѫ
39,<wb>і
39,<wb>і
78 18 293,<wb>ѣ|в|лѫ
70,<wb>сѧ
144,<wb>емоу
301 106,<wb>са|мь
39,<wb>і
77 3691,<wb>а|влѭ
70,<wb>сѧ
144,<wb>емоу
301 14,<wb>са|м
130,<wb>гла
144,<wb>емоу
1667,<wb>іюда
62,<wb>не
2931 5427,<wb>іскаріо|тьскъі
300,<wb>гі
526,<wb>чьто
798,<wb>бъіс
99,<wb>ѣко
489,<wb>намъ
1178,<wb>хоштеші
7117,<wb>авіті
70,<wb>сѧ
77,<wb>а
62,<wb>не
960 88,<wb>въсе|моу
1829,<wb>міроу
130,<wb>гла
144,<wb>емоу
75,<wb>съ
201,<wb>аште
523,<wb>кто
2727,<wb>любітъ
226,<wb>мѧ
39,<wb>і
442,<wb>слово
346,<wb>мое
190 31 182 231,<wb>сь|б|лю|детъ
39,<wb>і
749,<wb>оць
329,<wb>моі
2253 289,<wb>възлюбі|тъі
39,<wb>і
468,<wb>кь
398,<wb>немоу
452 87,<wb>іде|вѣ
39,<wb>і
6120,<wb>обітѣль
73,<wb>оу
513,<wb>него
261 87,<wb>сътворі|вѣ
62,<wb>не
3961,<wb>любѧі
364,<wb>мене
2058,<wb>словесъ
1216,<wb>моіхъ
62,<wb>не
4375 255,<wb>съблюда|етъ
39,<wb>і
442,<wb>слово
295,<wb>еже
2680,<wb>слъішасте
595,<wb>нѣстъ
346,<wb>мое
208,<wb>нъ
3319 1511,<wb>посьла|въшааго
226,<wb>мѧ
633,<wb>оца
159,<wb>сі
2161,<wb>глахъ
56,<wb>въ
2668,<wb>вась
576,<wb>съі
7384,<wb>параклітъ
71,<wb>же
768,<wb>дхъ
490,<wb>стъі
538,<wb>егоже
4348,<wb>посълетъ
749,<wb>оць
56,<wb>въ
466,<wb>імѧ
346,<wb>мое
157,<wb>тъ
237,<wb>въі
5748,<wb>наоучітъ
960 88,<wb>въсе|моу
39,<wb>і
2198 282 733,<wb>въспо|мѧ|нетъ
260,<wb>вамъ
264,<wb>вьсѣ
494,<wb>ѣже
949,<wb>рѣхъ
260,<wb>вамъ
688,<wb>міръ
2437 3,<wb>оставлѣ|ѭ
260,<wb>вамъ
688,<wb>міръ
329,<wb>моі
4419,<wb>даѭ
260,<wb>вамъ
105,<wb>да
62,<wb>не
3131 4269,<wb>съмѫ|штаетъ
70,<wb>сѧ
709,<wb>ваше
5278,<wb>срце
122,<wb>ні
3374 3648,<wb>оустра|шаетъ
105,<wb>да
62,<wb>не
190 342 4269,<wb>сь|мѫ|штаетъ
70,<wb>сѧ
709,<wb>ваше
2643,<wb>срдце
122,<wb>ні
3374 3648,<wb>оустра|шаетъ
2680,<wb>слъішасте
99,<wb>ѣко
695,<wb>азь
949,<wb>рѣхъ
2532,<wb>вам
674,<wb>ідѫ
39,<wb>і
404,<wb>пакъі
955,<wb>прідѫ
468,<wb>кь
260,<wb>вамъ
201,<wb>аште
1930,<wb>бісте
1284 74,<wb>любі|лі
226,<wb>мѧ
4613 74,<wb>въздрадова|лі
70,<wb>сѧ
1930,<wb>бісте
222,<wb>оубо
99,<wb>ѣко
674,<wb>ідѫ
468,<wb>кь
1813,<wb>оцоу
99,<wb>ѣко
2088,<wb>оцъ
2688,<wb>боліі
364,<wb>мене
161,<wb>естъ
39,<wb>і
457,<wb>нъінѣ
949,<wb>рѣхъ
260,<wb>вамъ
536,<wb>прѣжде
2238,<wb>даже
62,<wb>не
4651,<wb>бѫдет
105,<wb>да
317,<wb>егда
4651,<wb>бѫдет
827,<wb>вѣрѫ
3980,<wb>імете
99,<wb>ѣко
290,<wb>азъ
949,<wb>рѣхъ
260,<wb>вамъ
1303,<wb>юже
62,<wb>не
2135,<wb>мъного
284,<wb>глѭ
260,<wb>вамъ
1578,<wb>грѧдетъ
112,<wb>бо
387,<wb>сего
975,<wb>міра
7825,<wb>кьнѧзь
39,<wb>і
56,<wb>въ
437,<wb>мьнѣ
62,<wb>не
584,<wb>іматъ
1330,<wb>нічесоже
208,<wb>нъ
105,<wb>да
5115,<wb>разоумѣетъ
1285,<wb>весь
3677,<wb>мірь
99,<wb>ѣко
7308,<wb>люблѭ
633,<wb>оца
39,<wb>і
99,<wb>ѣко
2209,<wb>заповѣда
437,<wb>мьнѣ
749,<wb>оць
311,<wb>тако
2486,<wb>творѭ
2750 1926,<wb>вьста|нѣте
915 106,<wb>ідѣ|мь
221 623 114,<wb>от|сѫ|дѣ
695,<wb>азь
568,<wb>есмъ
5868,<wb>лоза
1773 886,<wb>істінъ|наѣ
39,<wb>і
749,<wb>оць
329,<wb>моі
4395,<wb>дѣлатель
161,<wb>естъ
695,<wb>азь
568,<wb>есмъ
5868,<wb>лоза
4980,<wb>вьсѣкѫ
3941 540,<wb>роз|гѫ
47,<wb>о
437,<wb>мьнѣ
62,<wb>не
2486 3785,<wb>творѭ|штѫѭ
1552,<wb>плода
3317 965,<wb>ізь|метъ
483,<wb>ѭ
39,<wb>і
4980,<wb>вьсѣкѫ
803 3785,<wb>творѧ|штѫѭ
1243,<wb>плодъ
2354 873,<wb>отрѣ|бітъ
483,<wb>ѭ
105,<wb>да
1243,<wb>плодъ
4998,<wb>больші
2579 32,<wb>сьтворі|т
1303,<wb>юже
237,<wb>въі
3112,<wb>чісті
939,<wb>есте
171,<wb>за
442,<wb>слово
295,<wb>еже
2161,<wb>глахъ
260,<wb>вамъ
2679,<wb>бѫдѣте
56,<wb>въ
437,<wb>мьнѣ
39,<wb>і
695,<wb>азь
56,<wb>въ
2668,<wb>вась
308,<wb>ѣкоже
112,<wb>бо
3941 212,<wb>роз|га
62,<wb>не
819,<wb>можетъ
1552,<wb>плода
1234,<wb>творіті
47,<wb>о
436,<wb>себѣ
201,<wb>аште
62,<wb>не
4651,<wb>бѫдет
68,<wb>на
874 388,<wb>ло|зѣ
311,<wb>тако
39,<wb>і
237,<wb>въі
201,<wb>аште
81,<wb>вь
2231,<wb>мънѣ
62,<wb>не
5895,<wb>прѣбѫдете
695,<wb>азь
568,<wb>есмъ
5868,<wb>лоза
77,<wb>а
237,<wb>въі
310 1672 11,<wb>ро|жді|е
227,<wb>іже
362,<wb>бѫдетъ
56,<wb>въ
437,<wb>мьнѣ
39,<wb>і
695,<wb>азь
56,<wb>въ
590,<wb>немь
1675,<wb>сътворітъ
1243,<wb>плодъ
586 28,<wb>мъно|г
99,<wb>ѣко
417,<wb>без
364,<wb>мене
62,<wb>не
2251,<wb>можете
1064,<wb>сътворіті
1330,<wb>нічесоже
201,<wb>аште
4440,<wb>кьто
56,<wb>въ
437,<wb>мьнѣ
62,<wb>не
5723,<wb>прѣбѫдетъ
39,<wb>і
100 852 43,<wb>з|връже|тъ
70,<wb>сѧ
2420,<wb>вонъ
308,<wb>ѣкоже
3941 212,<wb>роз|га
39,<wb>і
331 9 733,<wb>ісъ|х|нетъ
39,<wb>і
6567,<wb>събіраѭтъ
483,<wb>ѭ
39,<wb>і
56,<wb>въ
894,<wb>огнь
4594 304,<wb>вълага|ѭтъ
39,<wb>і
75 212 6857,<wb>съ|га|раетъ
201,<wb>аште
5895,<wb>прѣбѫдете
56,<wb>въ
437,<wb>мьнѣ
39,<wb>і
4377,<wb>глі
329,<wb>моі
56,<wb>въ
544,<wb>васъ
2728 491,<wb>прѣбѫ|дѫтъ
39,<wb>і
991,<wb>емоуже
5354,<wb>коліждо
1568,<wb>хоштете
2677,<wb>просіте
39,<wb>і
362,<wb>бѫдетъ
260,<wb>вамъ
2677,<wb>просіте
39,<wb>і
4651,<wb>бѫдет
260,<wb>вамъ
39,<wb>і
4651,<wb>бѫдет
2532,<wb>вам
47,<wb>о
2686,<wb>семъ
2846,<wb>прославітъ
70,<wb>сѧ
749,<wb>оць
329,<wb>моі
105,<wb>да
656 34,<wb>пло|д
4928,<wb>многь
2612,<wb>сътворіте
39,<wb>і
1215,<wb>бѫдете
195,<wb>мі
559,<wb>оученіці
99,<wb>ѣко
2253,<wb>възлюбі
226,<wb>мѧ
749,<wb>оць
39,<wb>і
695,<wb>азь
853 92 19 182 2967,<wb>възь|въ|з|лю|біхъ
237,<wb>въі
2679,<wb>бѫдѣте
56,<wb>въ
6515,<wb>любьві
1859,<wb>моеі
308,<wb>ѣкоже
2253,<wb>възлюбі
226,<wb>мѧ
2088,<wb>оцъ
99,<wb>ѣко
71,<wb>же
695,<wb>азь
1326,<wb>заповѣді
633,<wb>оца
563,<wb>моего
1617 173,<wb>съблю|съ
39,<wb>і
989 3,<wb>прѣбъіва|ѭ
81,<wb>вь
513,<wb>него
6515,<wb>любьві
159,<wb>сі
2161,<wb>глахъ
260,<wb>вамъ
105,<wb>да
1994,<wb>радость
556,<wb>моѣ
56,<wb>въ
544,<wb>васъ
362,<wb>бѫдетъ
39,<wb>і
1994,<wb>радость
1615,<wb>ваша
5131,<wb>ісплънітъ
70,<wb>сѧ
159,<wb>сі
71,<wb>же
161,<wb>естъ
694 113,<wb>заповѣ|дъ
556,<wb>моѣ
105,<wb>да
2635,<wb>любіте
1121,<wb>дроугъ
1096,<wb>дроуга
308,<wb>ѣкоже
7577,<wb>възлюбіхъ
237,<wb>въі
1591 82,<wb>боль|ше
2760,<wb>сеѧ
3332,<wb>любьве
748,<wb>ніктоже
62,<wb>не
584,<wb>іматъ
105,<wb>да
523,<wb>кто
911,<wb>дшѫ
651,<wb>своѭ
7343,<wb>положітъ
171,<wb>за
901,<wb>дроугъі
599,<wb>своѧ
237,<wb>въі
1818,<wb>дроузі
329,<wb>моі
939,<wb>есте
201,<wb>аште
1451,<wb>творіте
808,<wb>еліко
695,<wb>азь
2209 76,<wb>заповѣда|хъ
260,<wb>вамъ
1303,<wb>юже
62,<wb>не
284,<wb>глѭ
544,<wb>васъ
1074,<wb>рабъ
4820,<wb>рабь
112,<wb>бо
62,<wb>не
1559,<wb>вѣстъ
526,<wb>чьто
1057,<wb>творітъ
5641 98,<wb>гд|нъ
135,<wb>его
237,<wb>въі
71,<wb>же
949,<wb>рѣхъ
901,<wb>дроугъі
99,<wb>ѣко
264,<wb>вьсѣ
494,<wb>ѣже
4443,<wb>слъішахъ
221,<wb>от
633,<wb>оца
563,<wb>моего
1360 76,<wb>съказа|хъ
260,<wb>вамъ
62,<wb>не
237,<wb>въі
364,<wb>мене
1834 242,<wb>ізбъра|сте
208,<wb>нъ
290,<wb>азъ
3942 76,<wb>ізбьра|хъ
237,<wb>въі
39,<wb>і
7185,<wb>положіхъ
237,<wb>въі
105,<wb>да
237,<wb>въі
4391,<wb>ідете
39,<wb>і
656 34,<wb>пло|д
2573 54,<wb>прінесе|те
39,<wb>і
1243,<wb>плодъ
1870,<wb>вашъ
5723,<wb>прѣбѫдетъ
105,<wb>да
538,<wb>егоже
5354,<wb>коліждо
2677,<wb>просіте
73,<wb>оу
633,<wb>оца
56,<wb>въ
466,<wb>імѧ
346,<wb>мое
520,<wb>дастъ
260,<wb>вамъ
56,<wb>въ
466,<wb>імѧ
346,<wb>мое
520,<wb>дастъ
260,<wb>вамъ
159,<wb>сі
6122,<wb>заповѣдаѭ
260,<wb>вамъ
105,<wb>да
2635,<wb>любіте
4634,<wb>дроугь
1096,<wb>дроуга
159,<wb>сі
6122,<wb>заповѣдаѭ
260,<wb>вамъ
105,<wb>да
2635,<wb>любіте
4634,<wb>дроугь
1096,<wb>дроуга
159,<wb>сі
6122,<wb>заповѣдаѭ
159,<wb>сі
6122,<wb>заповѣдаѭ
159,<wb>сі
6122,<wb>заповѣдаѭ
159,<wb>сі
6122,<wb>заповѣдаѭ
159,<wb>сі
6122,<wb>заповѣдаѭ
2532,<wb>вам
159,<wb>сі
171 169 18,<wb>за|по|в
201,<wb>аште
39,<wb>і
1285,<wb>весь
688,<wb>міръ
4611,<wb>вас
4297,<wb>ненавідітъ
3989,<wb>вѣдіте
99,<wb>ѣко
364,<wb>мене
536,<wb>прѣжде
4611,<wb>вас
6990,<wb>възненавідѣ
201,<wb>аште
1285,<wb>весь
688,<wb>міръ
2668,<wb>вась
5239 32,<wb>ненавіді|т
201,<wb>аште
221,<wb>от
4045,<wb>въсего
975,<wb>міра
1930,<wb>бісте
5261,<wb>бъілі
1285,<wb>весь
688,<wb>міръ
222,<wb>оубо
357,<wb>свое
1284 137,<wb>любі|лъ
453,<wb>бі
308,<wb>ѣкоже
84,<wb>отъ
4045,<wb>въсего
975,<wb>міра
3006,<wb>нѣсте
208,<wb>нъ
290,<wb>азъ
3942 76,<wb>ізбьра|хъ
237,<wb>въі
84,<wb>отъ
4045,<wb>въсего
975,<wb>міра
387,<wb>сего
368,<wb>раді
4297,<wb>ненавідітъ
544,<wb>васъ
1285,<wb>весь
688,<wb>міръ
67 55 1508,<wb>по|мъ|ніте
442,<wb>слово
295,<wb>еже
5065,<wb>аз
949,<wb>рѣхъ
260,<wb>вамъ
595,<wb>нѣстъ
1074,<wb>рабъ
2688,<wb>боліі
480,<wb>га
524,<wb>своего
201,<wb>аште
226,<wb>мѧ
4427 110,<wb>ізгьна|шѧ
39,<wb>і
237,<wb>въі
4311,<wb>іжденѫтъ
201,<wb>аште
442,<wb>слово
346,<wb>мое
1617 281,<wb>съблю|сѧ
39,<wb>і
709,<wb>ваше
1617 491,<wb>съблю|дѫтъ
208,<wb>нъ
747,<wb>сіі
913,<wb>въсѣ
232 265 32,<wb>сътво|рѧ|т
260,<wb>вамъ
171,<wb>за
466,<wb>імѧ
346,<wb>мое
99,<wb>ѣко
62,<wb>не
4586,<wb>вѣдѧтъ
3319 1511,<wb>посьла|въшааго
226,<wb>мѧ
201,<wb>аште
62,<wb>не
453 14,<wb>бі|м
4207,<wb>прішелъ
39,<wb>і
130 137,<wb>гла|лъ
210,<wb>імъ
3178,<wb>грѣха
62,<wb>не
224,<wb>бѫ
4871,<wb>імѣлі
457,<wb>нъінѣ
71,<wb>же
39,<wb>і
2491,<wb>вінъі
62,<wb>не
573 32,<wb>імѫ|т
47,<wb>о
4906,<wb>грѣсѣ
357 14,<wb>свое|м
2375 16,<wb>ненавідѧ|і
364,<wb>мене
39,<wb>і
633,<wb>оца
563,<wb>моего
4297,<wb>ненавідітъ
208,<wb>нъ
105,<wb>да
4021,<wb>събѫдетъ
70,<wb>сѧ
442,<wb>слово
7544,<wb>пісаное
56,<wb>въ
2504,<wb>законѣ
299,<wb>іхъ
99,<wb>ѣко
3236 2743,<wb>възненаві|дѣшѧ
226,<wb>мѧ
8027,<wb>спъіті
317,<wb>егда
71,<wb>же
786,<wb>прідетъ
7384,<wb>параклітъ
538,<wb>егоже
695,<wb>азь
2400 500,<wb>пось|лѭ
260,<wb>вамъ
84,<wb>отъ
633,<wb>оца
768,<wb>дхъ
5958,<wb>істінънъі
227,<wb>іже
221,<wb>от
633,<wb>оца
4832,<wb>ісходітъ
157,<wb>тъ
7044,<wb>сьвѣдѣтельствоуетъ
47,<wb>о
437,<wb>мьнѣ
39,<wb>і
237,<wb>въі
71,<wb>же
1664 661,<wb>съвѣдѣтельствоу|ете
99,<wb>ѣко
4002,<wb>ісконі
75,<wb>съ
4678,<wb>мьноѭ
939,<wb>есте
159,<wb>сі
2161,<wb>глахъ
260,<wb>вамъ
105,<wb>да
62,<wb>не
4746 54,<wb>съблазні|те
70,<wb>сѧ
208,<wb>нъ
786,<wb>прідетъ
1638,<wb>годіна
105,<wb>да
6288,<wb>въсѣкъ
227,<wb>іже
6427,<wb>оубіетъ
237,<wb>въі
3030,<wb>мьнітъ
70,<wb>сѧ
4815 610,<wb>слоуж|бѫ
5587,<wb>пріносіті
710,<wb>боу
416 32,<wb>пріде|т
783,<wb>врѣмѧ
105,<wb>да
2531,<wb>всѣкъ
227,<wb>іже
3776 32,<wb>оубіе|т
237,<wb>въі
51 7350,<wb>м|ніть
70,<wb>сѧ
4815 610,<wb>слоуж|бѫ
5587,<wb>пріносіті
710,<wb>боу
6767 32,<wb>мьні|т
70,<wb>сѧ
6447,<wb>слоужьбѫ
5587,<wb>пріносіті
710,<wb>боу
4815 610,<wb>слоуж|бѫ
5587,<wb>пріносіті
710,<wb>боу
1473 129 32,<wb>пріно|сі|т
710,<wb>боу
6767 32,<wb>мьні|т
70,<wb>сѧ
4815 610,<wb>слоуж|бѫ
5587,<wb>пріносіті
710,<wb>боу
5587,<wb>пріносіті
710,<wb>боу
5587,<wb>пріносіті
710,<wb>боу
1473 129 32,<wb>пріно|сі|т
710,<wb>боу
39,<wb>і
159,<wb>сі
232 265 32,<wb>сътво|рѧ|т
260,<wb>вамъ
99,<wb>ѣко
62,<wb>не
4172,<wb>познашѧ
122,<wb>ні
633,<wb>оца
122,<wb>ні
364,<wb>мене
208,<wb>нъ
159,<wb>сі
2161,<wb>глахъ
260,<wb>вамъ
105,<wb>да
317,<wb>егда
786,<wb>прідетъ
1638,<wb>годіна
4416 410,<wb>поміна|іте
747,<wb>сіі
99,<wb>ѣко
695,<wb>азь
949,<wb>рѣхъ
260,<wb>вамъ
745,<wb>сіхъ
71,<wb>же
290,<wb>азъ
62,<wb>не
949,<wb>рѣхъ
260,<wb>вамъ
4547,<wb>іспръва
99,<wb>ѣко
75,<wb>съ
1805,<wb>вамі
2852,<wb>бѣхъ
457,<wb>нъінѣ
71,<wb>же
674,<wb>ідѫ
468,<wb>кь
456 7335,<wb>посъла|въшоумоу
226,<wb>мѧ
39,<wb>і
748,<wb>ніктоже
84,<wb>отъ
544,<wb>васъ
62,<wb>не
951 255,<wb>въпраша|етъ
364,<wb>мене
2904,<wb>камо
3283,<wb>ідеші
208,<wb>нъ
99,<wb>ѣко
159,<wb>сі
2161,<wb>глахъ
260,<wb>вамъ
4581,<wb>скръбь
1564,<wb>ісплъні
2780,<wb>срдца
1615,<wb>ваша
208,<wb>нъ
695,<wb>азь
843,<wb>істінѫ
284,<wb>глѭ
260,<wb>вамъ
7427,<wb>оунѣе
161,<wb>естъ
260,<wb>вамъ
105,<wb>да
695,<wb>азь
674,<wb>ідѫ
201,<wb>аште
112,<wb>бо
62,<wb>не
674,<wb>ідѫ
290,<wb>азъ
7384,<wb>параклітъ
62,<wb>не
786,<wb>прідетъ
468,<wb>кь
260,<wb>вамъ
201,<wb>аште
178,<wb>лі
71,<wb>же
674,<wb>ідѫ
2400 500,<wb>пось|лѭ
39,<wb>і
468,<wb>кь
260,<wb>вамъ
39,<wb>і
872,<wb>прішедъ
366,<wb>онъ
1503 1768,<wb>облі|чітъ
4045,<wb>въсего
975,<wb>міра
47,<wb>о
4906,<wb>грѣсѣ
39,<wb>і
47,<wb>о
6506,<wb>правьдѣ
39,<wb>і
47,<wb>о
6015,<wb>сѫдѣ
47,<wb>о
4906,<wb>грѣсѣ
222,<wb>оубо
99,<wb>ѣко
62,<wb>не
6516,<wb>вѣроуѭтъ
56,<wb>въ
226,<wb>мѧ
47,<wb>о
6452,<wb>правъдѣ
71,<wb>же
99,<wb>ѣко
468,<wb>кь
1813,<wb>оцоу
1142,<wb>грѧдѫ
39,<wb>і
72,<wb>к
650,<wb>томоу
62,<wb>не
1369,<wb>відіте
364,<wb>мене
1171 114,<wb>осѫ|дѣ
71,<wb>же
99,<wb>ѣко
7825,<wb>кьнѧзь
975,<wb>міра
387,<wb>сего
2020 10,<wb>осѫжде|н
798,<wb>бъіс
836,<wb>еште
693,<wb>много
1126,<wb>імамъ
1375,<wb>глаті
260,<wb>вамъ
208,<wb>нъ
62,<wb>не
2251,<wb>можете
6846,<wb>носіті
457,<wb>нъінѣ
317,<wb>егда
71,<wb>же
786,<wb>прідетъ
366,<wb>онъ
768,<wb>дхъ
5958,<wb>істінънъі
6511,<wb>наставітъ
237,<wb>въі
68,<wb>на
7549,<wb>всѫ
843,<wb>істінѫ
62,<wb>не
47,<wb>о
436,<wb>себѣ
1375,<wb>глаті
584,<wb>іматъ
208,<wb>нъ
808,<wb>еліко
494,<wb>ѣже
2592,<wb>слъішітъ
1375,<wb>глаті
584,<wb>іматъ
39,<wb>і
2771 17,<wb>грѧдѫшта|а
5720,<wb>възвѣстітъ
260,<wb>вамъ
6511,<wb>наставітъ
237,<wb>въі
68,<wb>на
572 326,<wb>всѣ|кѫ
843,<wb>істінѫ
366,<wb>онъ
226,<wb>мѧ
2846,<wb>прославітъ
99,<wb>ѣко
221,<wb>от
563,<wb>моего
1957,<wb>пріемлетъ
39,<wb>і
5720,<wb>възвѣстітъ
260,<wb>вамъ
264,<wb>вьсѣ
808,<wb>еліко
584,<wb>іматъ
749,<wb>оць
556,<wb>моѣ
419,<wb>сѫтъ
387,<wb>сего
368,<wb>раді
949,<wb>рѣхъ
2532,<wb>вам
99,<wb>ѣко
84,<wb>отъ
563,<wb>моего
1957,<wb>пріемлетъ
39,<wb>і
2024 32,<wb>възвѣсті|т
260,<wb>вамъ
572,<wb>всѣ
808,<wb>еліко
584,<wb>іматъ
2088,<wb>оцъ
556,<wb>моѣ
7344,<wb>сѫт
387,<wb>сего
368,<wb>раді
949,<wb>рѣхъ
99,<wb>ѣко
221,<wb>от
56,<wb>въ
2027,<wb>малѣ
39,<wb>і
468,<wb>кь
650,<wb>томоу
62,<wb>не
1369,<wb>відіте
364,<wb>мене
39,<wb>і
404,<wb>пакъі
56,<wb>въ
2027,<wb>малѣ
39,<wb>і
1893,<wb>оузьріте
226,<wb>мѧ
99,<wb>ѣко
674,<wb>ідѫ
468,<wb>кь
1813,<wb>оцоу
510,<wb>рѣшѧ
71,<wb>же
559,<wb>оученіці
135,<wb>его
468,<wb>кь
436,<wb>себѣ
526,<wb>чьто
121,<wb>се
161,<wb>естъ
295,<wb>еже
948 32,<wb>гле|т
489,<wb>намъ
56,<wb>въ
2027,<wb>малѣ
39,<wb>і
62,<wb>не
1369,<wb>відіте
364,<wb>мене
39,<wb>і
404,<wb>пакъі
56,<wb>въ
2027,<wb>малѣ
39,<wb>і
1893,<wb>оузьріте
226,<wb>мѧ
99,<wb>ѣко
674,<wb>ідѫ
468,<wb>кь
1813,<wb>оцоу
997,<wb>глаахѫ
71,<wb>же
526,<wb>чьто
161,<wb>естъ
121,<wb>се
295,<wb>еже
1561,<wb>глетъ
2654,<wb>разоумѣвъ
71,<wb>же
331,<wb>ісъ
99,<wb>ѣко
2772,<wb>хотѣахѫ
39,<wb>і
5739,<wb>въпрашаті
141,<wb>рече
210,<wb>імъ
47,<wb>о
2686,<wb>семъ
178,<wb>лі
2738 661,<wb>сътѧза|ете
70,<wb>сѧ
1891,<wb>междоу
1391,<wb>собоѭ
99,<wb>ѣко
306 9,<wb>рѣ|х
56,<wb>въ
2027,<wb>малѣ
39,<wb>і
62,<wb>не
1369,<wb>відіте
364,<wb>мене
39,<wb>і
404,<wb>пакъі
56,<wb>въ
2027,<wb>малѣ
39,<wb>і
1893,<wb>оузьріте
226,<wb>мѧ
681,<wb>амін
681,<wb>амін
284,<wb>глѭ
260,<wb>вамъ
201,<wb>аште
1316,<wb>чесо
2677,<wb>просіте
73,<wb>оу
633,<wb>оца
56,<wb>въ
466,<wb>імѧ
346,<wb>мое
520,<wb>дастъ
260,<wb>вамъ
681,<wb>амін
681,<wb>амін
201,<wb>аште
1316,<wb>чесо
2677,<wb>просіте
221,<wb>от
633,<wb>оца
56,<wb>въ
466,<wb>імѧ
346,<wb>мое
105 69,<wb>да|ст
260,<wb>вамъ
156,<wb>до
1831,<wb>селѣ
62,<wb>не
954 242,<wb>просі|сте
1330,<wb>нічесоже
56,<wb>въ
466,<wb>імѧ
346,<wb>мое
2677,<wb>просіте
39,<wb>і
6885,<wb>пріімете
105,<wb>да
1994,<wb>радость
1615,<wb>ваша
6596 102,<wb>ісплъне|на
362,<wb>бѫдетъ
156,<wb>до
1831,<wb>селѣ
62,<wb>не
954 242,<wb>просі|сте
1330,<wb>нічесоже
56,<wb>въ
466,<wb>імѧ
346,<wb>мое
2677,<wb>просіте
159,<wb>сі
56,<wb>въ
2272 9,<wb>прітъча|х
2161,<wb>глахъ
260,<wb>вамъ
786,<wb>прідетъ
1638,<wb>годіна
317,<wb>егда
468,<wb>кь
650,<wb>томоу
56,<wb>въ
4958,<wb>прітъчахъ
62,<wb>не
284,<wb>глѭ
260,<wb>вамъ
208,<wb>нъ
62,<wb>не
4312,<wb>обіноуѧ
70,<wb>сѧ
47,<wb>о
2663,<wb>оці
6421 3,<wb>възвѣшта|ѭ
2532,<wb>вам
56,<wb>въ
157,<wb>тъ
869,<wb>день
56,<wb>въ
466,<wb>імѧ
346,<wb>мое
5372 3610,<wb>въспро|сіте
39,<wb>і
62,<wb>не
284,<wb>глѭ
260,<wb>вамъ
99,<wb>ѣко
695,<wb>азь
1536 500,<wb>оумо|лѭ
633,<wb>оца
47,<wb>о
544,<wb>васъ
645,<wb>самъ
112,<wb>бо
749,<wb>оць
2727,<wb>любітъ
237,<wb>въі
308,<wb>ѣкоже
237,<wb>въі
226,<wb>мѧ
2253 242,<wb>възлюбі|сте
39,<wb>і
7083,<wb>вѣровасте
99,<wb>ѣко
84,<wb>отъ
422,<wb>ба
4055,<wb>ізідъ
39,<wb>і
4055,<wb>ізідъ
221,<wb>от
422,<wb>ба
39,<wb>і
1743,<wb>прідъ
56,<wb>въ
7558,<wb>весъ
688,<wb>міръ
404,<wb>пакъі
2437 3,<wb>оставлѣ|ѭ
1285,<wb>весь
688,<wb>міръ
39,<wb>і
674,<wb>ідѫ
150,<wb>къ
1813,<wb>оцоу
1489,<wb>глашѧ
144,<wb>емоу
559,<wb>оученіці
135,<wb>его
121,<wb>се
457,<wb>нъінѣ
62,<wb>не
4312,<wb>обіноуѧ
70,<wb>сѧ
1594,<wb>глеші
77,<wb>а
5067,<wb>прітъчѧ
7600 48,<wb>нікоеѧ|же
62,<wb>не
1594,<wb>глеші
457,<wb>нъінѣ
1726,<wb>вѣмъ
99,<wb>ѣко
2004,<wb>вѣсі
913,<wb>въсѣ
39,<wb>і
62,<wb>не
1520 608,<wb>трѣбоу|еші
105,<wb>да
523,<wb>кто
374,<wb>тѧ
951 255,<wb>въпраша|етъ
47,<wb>о
2686,<wb>семъ
594 653,<wb>вѣроу|ем
99,<wb>ѣко
84,<wb>отъ
422,<wb>ба
313,<wb>есі
39 82 137,<wb>і|ше|лъ
328,<wb>отъвѣшта
210,<wb>імъ
331,<wb>ісъ
457,<wb>нъінѣ
178,<wb>лі
4283,<wb>вѣроуете
121,<wb>се
1578,<wb>грѧдетъ
1638,<wb>годіна
39,<wb>і
457,<wb>нъінѣ
416,<wb>пріде
105,<wb>да
4514 231,<wb>разі|детъ
70,<wb>сѧ
3550,<wb>къждо
56,<wb>въ
1596,<wb>своѣ
159,<wb>сі
39,<wb>і
226,<wb>мѧ
940,<wb>едіного
7123,<wb>оставіте
39,<wb>і
2134,<wb>нѣсмъ
438,<wb>едінъ
99,<wb>ѣко
2088,<wb>оцъ
75,<wb>съ
1558,<wb>мноѭ
161,<wb>естъ
159,<wb>сі
2161,<wb>глахъ
260,<wb>вамъ
105,<wb>да
56,<wb>въ
437,<wb>мьнѣ
688,<wb>міръ
1048,<wb>імате
56,<wb>въ
960 55,<wb>въсе|мъ
2060,<wb>мірѣ
1460 315 60,<wb>скръ|бъ|ні
1215,<wb>бѫдете
208,<wb>нъ
7212,<wb>дръзаіте
695,<wb>азь
112,<wb>бо
4495 76,<wb>побѣді|хъ
4045,<wb>въсего
975,<wb>міра
159,<wb>сі
2161,<wb>глахъ
2532,<wb>вам
105,<wb>да
56,<wb>въ
588,<wb>мнѣ
195 21,<wb>мі|р
268 32,<wb>іма|т
3517,<wb>ішті
56,<wb>въ
176 14 235,<wb>то|м|жде
68,<wb>на
51 13,<wb>м|к
159,<wb>сі
130,<wb>гла
331,<wb>ісъ
39,<wb>і
6145,<wb>възведъ
531,<wb>очі
424,<wb>своі
68,<wb>на
2140,<wb>нбо
39,<wb>і
141,<wb>рече
1466,<wb>оче
416,<wb>пріде
1638,<wb>годіна
1783,<wb>прославі
732,<wb>сна
524,<wb>своего
105,<wb>да
39,<wb>і
423,<wb>снъ
462,<wb>твоі
2846,<wb>прославітъ
374,<wb>тѧ
6145,<wb>възведъ
331,<wb>ісъ
531,<wb>очі
424,<wb>своі
68,<wb>на
2140,<wb>нбо
141,<wb>рече
1466,<wb>оче
416,<wb>пріде
1638,<wb>годіна
1783,<wb>прославі
732,<wb>сна
524,<wb>своего
308,<wb>ѣкоже
1598,<wb>далъ
144,<wb>емоу
313,<wb>есі
1517,<wb>власть
5105,<wb>вьсѣкоѧ
3595,<wb>плъті
105,<wb>да
429,<wb>вьсе
295,<wb>еже
144,<wb>емоу
313,<wb>есі
1598,<wb>далъ
520,<wb>дастъ
210,<wb>імъ
920,<wb>жівотъ
4175,<wb>вѣчьнъіі
121,<wb>се
71,<wb>же
161,<wb>естъ
920,<wb>жівотъ
4175,<wb>вѣчьнъіі
105,<wb>да
6514,<wb>знаѭтъ
374,<wb>тѧ
940,<wb>едіного
2624 482,<wb>істін|нааго
422,<wb>ба
39,<wb>і
538,<wb>егоже
456,<wb>посъла
107 432,<wb>іс|ха
290,<wb>азъ
6993,<wb>прославіхъ
374,<wb>тѧ
68,<wb>на
1100,<wb>землі
1043,<wb>дѣло
1144 871,<wb>съвръ|шіхъ
295,<wb>еже
1598,<wb>далъ
313,<wb>есі
437,<wb>мьнѣ
105,<wb>да
2543,<wb>сътворѭ
39,<wb>і
457,<wb>нъінѣ
1783,<wb>прославі
226,<wb>мѧ
1466,<wb>оче
73,<wb>оу
614,<wb>тебе
2795,<wb>самого
4577,<wb>славоѭ
1447,<wb>ѭже
7767,<wb>імѣхъ
536,<wb>прѣжде
2238,<wb>даже
62,<wb>не
798,<wb>бъіс
1285,<wb>весь
688,<wb>міръ
73,<wb>оу
614,<wb>тебе
1173 76,<wb>ѣві|хъ
466,<wb>імѧ
347,<wb>твое
345 391,<wb>чл|комъ
858,<wb>ѧже
1598,<wb>далъ
313,<wb>есі
437,<wb>мьнѣ
84,<wb>отъ
4045,<wb>въсего
975,<wb>міра
462,<wb>твоі
2191,<wb>бѣшѧ
39,<wb>і
437,<wb>мьнѣ
225,<wb>ѧ
105 36,<wb>да|л
313,<wb>есі
39,<wb>і
442,<wb>слово
347,<wb>твое
1201 3018,<wb>съхра|нішѧ
457,<wb>нъінѣ
2167,<wb>разоумѣшѧ
99,<wb>ѣко
264,<wb>вьсѣ
808,<wb>еліко
105 153,<wb>да|ль
313,<wb>есі
588,<wb>мнѣ
84,<wb>отъ
614,<wb>тебе
419,<wb>сѫтъ
2539,<wb>глъі
858,<wb>ѧже
105 36,<wb>да|л
313,<wb>есі
437,<wb>мьнѣ
5226,<wb>дахъ
210,<wb>імъ
39,<wb>і
323,<wb>ті
4551,<wb>пріѧсѧ
225,<wb>ѧ
39,<wb>і
2167,<wb>разоумѣшѧ
56,<wb>въ
843,<wb>істінѫ
99,<wb>ѣко
221,<wb>от
614,<wb>тебе
4055,<wb>ізідъ
39,<wb>і
2836,<wb>вѣровашѧ
99,<wb>ѣко
288,<wb>тъі
226,<wb>мѧ
456,<wb>посъла
695,<wb>азь
47,<wb>о
745,<wb>сіхъ
3166,<wb>молѭ
62,<wb>не
47,<wb>о
4888,<wb>вьсемь
2060,<wb>мірѣ
3166,<wb>молѭ
208,<wb>нъ
858,<wb>ѧже
1598,<wb>далъ
313,<wb>есі
2231,<wb>мънѣ
99,<wb>ѣко
462,<wb>твоі
419,<wb>сѫтъ
39,<wb>і
556,<wb>моѣ
913,<wb>въсѣ
552,<wb>твоѣ
7344,<wb>сѫт
39,<wb>і
552,<wb>твоѣ
556,<wb>моѣ
39,<wb>і
6993,<wb>прославіхъ
70,<wb>сѧ
56,<wb>въ
562,<wb>ніхъ
39,<wb>і
468,<wb>кь
650,<wb>томоу
2134,<wb>нѣсмъ
56,<wb>въ
155 389,<wb>вьс|емъ
2060,<wb>мірѣ
39,<wb>і
747,<wb>сіі
56,<wb>въ
960 55,<wb>въсе|мъ
2060,<wb>мірѣ
419,<wb>сѫтъ
39,<wb>і
695,<wb>азь
468,<wb>кь
356,<wb>тебѣ
1142,<wb>грѧдѫ
1466,<wb>оче
490,<wb>стъі
1617 89,<wb>съблю|ді
225,<wb>ѧ
56,<wb>въ
466,<wb>імѧ
347,<wb>твое
858,<wb>ѧже
105 36,<wb>да|л
313,<wb>есі
588,<wb>мнѣ
105,<wb>да
969,<wb>бѫдѫтъ
814,<wb>едіно
308,<wb>ѣкоже
39,<wb>і
478,<wb>мъі
317,<wb>егда
2852,<wb>бѣхъ
190,<wb>сь
1047,<wb>німі
56,<wb>въ
429 14,<wb>вьсе|м
2060,<wb>мірѣ
695,<wb>азь
190 31 182 86 1673,<wb>сь|б|лю|да|ахъ
225,<wb>ѧ
56,<wb>въ
466,<wb>імѧ
347,<wb>твое
858,<wb>ѧже
1598,<wb>далъ
313,<wb>есі
159,<wb>сі
437,<wb>мьнѣ
5085,<wb>съхраніхъ
225,<wb>ѧ
39,<wb>і
748,<wb>ніктоже
221,<wb>от
562,<wb>ніхъ
62,<wb>не
1083 287,<wb>погъі|бе
4615,<wb>тъкьмо
423,<wb>снъ
1083 5656 139,<wb>погъі|бѣль|нъі
105,<wb>да
3463,<wb>събѫдѫтъ
70,<wb>сѧ
3802,<wb>кьнігъі
457,<wb>нъінѣ
71,<wb>же
468,<wb>кь
356,<wb>тебѣ
1142,<wb>грѧдѫ
39,<wb>і
159,<wb>сі
284,<wb>глѭ
56,<wb>въ
4888,<wb>вьсемь
2060,<wb>мірѣ
105,<wb>да
1177,<wb>імѫтъ
1994,<wb>радость
813,<wb>моѭ
6596 179,<wb>ісплъне|нѫ
56,<wb>въ
436,<wb>себѣ
105,<wb>да
1177,<wb>імѫтъ
1994,<wb>радость
813,<wb>моѭ
6596 179,<wb>ісплъне|нѫ
56,<wb>въ
436,<wb>себѣ
695,<wb>азь
5226,<wb>дахъ
210,<wb>імъ
442,<wb>слово
347,<wb>твое
39,<wb>і
1285,<wb>весь
688,<wb>міръ
6990,<wb>възненавідѣ
225,<wb>ѧ
99,<wb>ѣко
62,<wb>не
419,<wb>сѫтъ
221,<wb>от
1704,<wb>вьсего
975,<wb>міра
99,<wb>ѣко
39,<wb>і
695,<wb>азь
221,<wb>от
1704,<wb>вьсего
975,<wb>міра
3329,<wb>нѣсмь
62,<wb>не
3166,<wb>молѭ
105,<wb>да
1025 206 116,<wb>вьзь|ме|ші
225,<wb>ѧ
221,<wb>от
1704,<wb>вьсего
975,<wb>міра
208,<wb>нъ
105,<wb>да
1617 3294,<wb>съблю|деші
225,<wb>ѧ
221,<wb>от
3436,<wb>непріѣзні
84,<wb>отъ
4045,<wb>въсего
975,<wb>міра
62,<wb>не
419,<wb>сѫтъ
99,<wb>ѣко
695,<wb>азь
221,<wb>от
1704,<wb>вьсего
975,<wb>міра
2134,<wb>нѣсмъ
4869,<wb>сті
225,<wb>ѧ
81,<wb>вь
843,<wb>істінѫ
442,<wb>слово
347,<wb>твое
2700,<wb>істіна
161,<wb>естъ
308,<wb>ѣкоже
288,<wb>тъі
226,<wb>мѧ
3319,<wb>посьла
56,<wb>въ
1285,<wb>весь
688,<wb>міръ
39,<wb>і
695,<wb>азь
7847,<wb>посълахъ
225,<wb>ѧ
56,<wb>въ
1285,<wb>весь
688,<wb>міръ
308,<wb>ѣкоже
288,<wb>тъі
226,<wb>мѧ
1466,<wb>оче
456,<wb>посъла
56,<wb>въ
688,<wb>міръ
39,<wb>і
1070,<wb>зане
695,<wb>азь
2753 3716,<wb>св|штаѭ
70,<wb>сѧ
645,<wb>самъ
105,<wb>да
969,<wb>бѫдѫтъ
39,<wb>і
323,<wb>ті
2753 3786,<wb>св|штені
81,<wb>вь
107 147 179,<wb>іс|сті|нѫ
62,<wb>не
47,<wb>о
745,<wb>сіхъ
3166,<wb>молѭ
617 3770,<wb>ть|кьмо
208,<wb>нъ
39,<wb>і
47,<wb>о
594 1632,<wb>вѣроу|ѭштііхъ
5437,<wb>словесемъ
299,<wb>іхъ
56,<wb>въ
226,<wb>мѧ
105,<wb>да
1355,<wb>въсі
814,<wb>едіно
419,<wb>сѫтъ
308,<wb>ѣкоже
39,<wb>і
288,<wb>тъі
1466,<wb>оче
81,<wb>вь
437,<wb>мьнѣ
39,<wb>і
695,<wb>азь
81,<wb>вь
356,<wb>тебѣ
105,<wb>да
39,<wb>і
323,<wb>ті
56,<wb>въ
759,<wb>насъ
814,<wb>едіно
969,<wb>бѫдѫтъ
105,<wb>да
39,<wb>і
1285,<wb>весь
688,<wb>міръ
827,<wb>вѣрѫ
4272,<wb>іметъ
99,<wb>ѣко
288,<wb>тъі
226,<wb>мѧ
456,<wb>посъла
39,<wb>і
695,<wb>азь
1253,<wb>славѫ
1447,<wb>ѭже
1598,<wb>далъ
313,<wb>есі
437,<wb>мьнѣ
5226,<wb>дахъ
210,<wb>імъ
105,<wb>да
969,<wb>бѫдѫтъ
814,<wb>едіно
308,<wb>ѣкоже
39,<wb>і
478,<wb>мъі
814,<wb>едіно
39,<wb>і
695,<wb>азь
81,<wb>вь
562,<wb>ніхъ
39,<wb>і
323,<wb>ті
56,<wb>въ
437,<wb>мьнѣ
105,<wb>да
969,<wb>бѫдѫтъ
3730 60,<wb>съвръше|ні
56,<wb>въ
814,<wb>едіно
39,<wb>і
105,<wb>да
479 2649,<wb>разоумѣ|ет
1285,<wb>весь
688,<wb>міръ
99,<wb>ѣко
288,<wb>тъі
226,<wb>мѧ
3319,<wb>посьла
39,<wb>і
5719,<wb>възлюбілъ
225,<wb>ѧ
313,<wb>есі
308,<wb>ѣкоже
39,<wb>і
226,<wb>мѧ
2253,<wb>възлюбі
1466,<wb>оче
858,<wb>ѧже
1598,<wb>далъ
313,<wb>есі
437,<wb>мьнѣ
1799,<wb>хоштѫ
105,<wb>да
773,<wb>ідеже
568,<wb>есмъ
290,<wb>азъ
39,<wb>і
323,<wb>ті
969,<wb>бѫдѫтъ
75,<wb>съ
1558,<wb>мноѭ
105,<wb>да
2034,<wb>відѧтъ
1253,<wb>славѫ
813,<wb>моѭ
1447,<wb>ѭже
1598,<wb>далъ
313,<wb>есі
437,<wb>мьнѣ
99,<wb>ѣко
5719,<wb>възлюбілъ
226,<wb>мѧ
313,<wb>есі
127 727 235,<wb>прѣ|прѣ|жде
7256,<wb>съложеніѣ
4045,<wb>въсего
975,<wb>міра
1466,<wb>оче
2112 139,<wb>праведъ|нъі
39,<wb>і
1285,<wb>весь
688,<wb>міръ
614,<wb>тебе
62,<wb>не
1010,<wb>позна
290,<wb>азъ
71,<wb>же
374,<wb>тѧ
6121,<wb>познахъ
39,<wb>і
747,<wb>сіі
4172,<wb>познашѧ
99,<wb>ѣко
288,<wb>тъі
226,<wb>мѧ
3319,<wb>посьла
39,<wb>і
1360 9,<wb>съказа|х
210,<wb>імъ
466,<wb>імѧ
347,<wb>твое
39,<wb>і
3055 834,<wb>съка|жѫ
105,<wb>да
4576,<wb>любъі
6162,<wb>еѭже
226,<wb>мѧ
313,<wb>есі
5719,<wb>възлюбілъ
56,<wb>въ
7982,<wb>ніх
362,<wb>бѫдетъ
39,<wb>і
5065,<wb>аз
81,<wb>вь
562,<wb>ніхъ
105,<wb>да
4576,<wb>любъі
6162,<wb>еѭже
226,<wb>мѧ
313,<wb>есі
5719,<wb>възлюбілъ
56,<wb>въ
562,<wb>ніхъ
4651,<wb>бѫдет
39,<wb>і
695,<wb>азь
56,<wb>въ
562,<wb>ніхъ
159,<wb>сі
1342,<wb>рекъ
331,<wb>ісъ
820,<wb>ізіде
75,<wb>съ
1222,<wb>оученікъі
1060,<wb>своімі
68,<wb>на
366,<wb>онъ
1736,<wb>полъ
1182 134,<wb>пото|ка
1272 625 384,<wb>ке|дръ|ска
773,<wb>ідеже
165,<wb>бѣ
4533,<wb>врътъ
56,<wb>въ
1602,<wb>ньже
1776,<wb>въніде
645,<wb>самъ
39,<wb>і
559,<wb>оученіці
135,<wb>его
820,<wb>ізіде
331,<wb>ісъ
75,<wb>съ
1222,<wb>оученікъі
1060,<wb>своімі
68,<wb>на
366,<wb>онъ
1736,<wb>полъ
1182 134,<wb>пото|ка
1272 625 384,<wb>ке|дръ|ска
773,<wb>ідеже
165,<wb>бѣ
41 629,<wb>в|рът
81,<wb>вь
1602,<wb>ньже
1776,<wb>въніде
645,<wb>самъ
39,<wb>і
559,<wb>оученіці
135,<wb>его
2401,<wb>вѣдѣаше
71,<wb>же
1667,<wb>іюда
707,<wb>мѣсто
99,<wb>ѣко
246 5505,<wb>мно|жіцеѭ
2081 177,<wb>събіра|аше
70,<wb>сѧ
331,<wb>ісъ
75,<wb>съ
1222,<wb>оученікъі
1060,<wb>своімі
1667,<wb>іюда
71,<wb>же
1729,<wb>пріемъ
7406,<wb>спірѫ
84,<wb>отъ
942,<wb>архіереі
39,<wb>і
1325,<wb>фарісеі
2057,<wb>слоугъі
39,<wb>і
416,<wb>пріде
2285,<wb>тамо
75,<wb>съ
6221,<wb>свѣтільнікъі
39,<wb>і
8011,<wb>свѣштамі
39,<wb>і
6631,<wb>орѫжіі
331,<wb>ісъ
71,<wb>же
2171,<wb>вѣдъі
913,<wb>въсѣ
2771 17,<wb>грѧдѫшта|а
68,<wb>на
484,<wb>нь
1686,<wb>ішедъ
141,<wb>рече
210,<wb>імъ
1483,<wb>кого
2711,<wb>іштете
1353 110,<wb>отвѣшта|шѧ
144,<wb>емоу
566,<wb>іса
4621 17,<wb>назаре|а
130,<wb>гла
210,<wb>імъ
331,<wb>ісъ
695,<wb>азь
568,<wb>есмъ
3588,<wb>стоѣше
71,<wb>же
1667,<wb>іюда
190,<wb>сь
1047,<wb>німі
227,<wb>іже
39,<wb>і
444 3099,<wb>прѣда|ѣаше
99,<wb>ѣко
141,<wb>рече
210,<wb>імъ
695,<wb>азь
568,<wb>есмъ
674,<wb>ідѫ
7028,<wb>въспѧть
39,<wb>і
4867,<wb>падѫ
68,<wb>на
734,<wb>земі
404,<wb>пакъі
71,<wb>же
225,<wb>ѧ
1136,<wb>въпросі
331,<wb>ісъ
1483,<wb>кого
2711,<wb>іштете
609,<wb>оні
71,<wb>же
510,<wb>рѣшѧ
566,<wb>іса
4621 17,<wb>назаре|а
1353,<wb>отвѣшта
210,<wb>імъ
331,<wb>ісъ
949,<wb>рѣхъ
260,<wb>вамъ
99,<wb>ѣко
695,<wb>азь
568,<wb>есмъ
201,<wb>аште
222,<wb>оубо
364,<wb>мене
2711,<wb>іштете
62,<wb>не
4653,<wb>дѣіте
745,<wb>сіхъ
1344,<wb>іті
105,<wb>да
4021,<wb>събѫдетъ
70,<wb>сѧ
442,<wb>слово
295,<wb>еже
141,<wb>рече
99,<wb>ѣко
858,<wb>ѧже
1598,<wb>далъ
313,<wb>есі
437,<wb>мьнѣ
62,<wb>не
7622,<wb>погоубіхъ
122,<wb>ні
940,<wb>едіного
71,<wb>же
84,<wb>отъ
562,<wb>ніхъ
1839,<wb>сімонъ
71,<wb>же
818,<wb>петръ
1492,<wb>імъі
4249,<wb>ножь
7758,<wb>ізвлѣче
39,<wb>і
1734 125,<wb>оуда|рь
1322,<wb>раба
5492,<wb>архіереова
5934,<wb>оурѣза
144,<wb>емоу
2554,<wb>оухо
7414,<wb>десное
165,<wb>бѣ
71,<wb>же
466,<wb>імѧ
2494,<wb>рабоу
241 36 76,<wb>ма|л|хъ
141,<wb>рече
71,<wb>же
331,<wb>ісъ
2826,<wb>петрові
81 119 320,<wb>вь|нь|зі
4249,<wb>ножь
56,<wb>въ
4249 849,<wb>ножь|ніцѫ
2551,<wb>чашѫ
1447,<wb>ѭже
520,<wb>дастъ
437,<wb>мьнѣ
2088,<wb>оцъ
62,<wb>не
1126,<wb>імамъ
178,<wb>лі
2061,<wb>піті
908,<wb>еѧ
2602 61,<wb>спі|ра
71,<wb>же
39,<wb>і
6031 60 13,<wb>тъісѫштъ|ні|к
39,<wb>і
2057,<wb>слоугъі
7461,<wb>іюдеіскъі
3331,<wb>ѧсѧ
566,<wb>іса
39,<wb>і
7954,<wb>съвѧзашѧ
39,<wb>і
39,<wb>і
2958,<wb>вѣсѧ
39,<wb>і
468,<wb>кь
545 118,<wb>ан|нѣ
2941,<wb>пръвѣе
165,<wb>бѣ
112,<wb>бо
238 214,<wb>те|сть
7831,<wb>каіафѣ
227,<wb>іже
165,<wb>бѣ
942,<wb>архіереі
3454,<wb>лѣтоу
650,<wb>томоу
165,<wb>бѣ
71,<wb>же
4812 2347,<wb>каіа|фа
105 648,<wb>да|въіі
3037,<wb>съвѣтъ
4042,<wb>іюдеомъ
99,<wb>ѣко
7427,<wb>оунѣе
161,<wb>естъ
2293,<wb>едіномоу
3593,<wb>члкоу
4328,<wb>оумьрѣті
171,<wb>за
844,<wb>люді
67,<wb>по
2412,<wb>ісѣ
71,<wb>же
1619,<wb>ідѣаше
1839,<wb>сімонъ
818,<wb>петръ
39,<wb>і
901,<wb>дроугъі
4552,<wb>оученікь
286 13,<wb>оучені|к
71,<wb>же
157,<wb>тъ
165,<wb>бѣ
535 726,<wb>зна|емь
665 42,<wb>архіере|оу
1776,<wb>въніде
71,<wb>же
75,<wb>съ
7900,<wb>ісмъ
56,<wb>въ
4317,<wb>дворъ
5168,<wb>архіереовъ
818,<wb>петръ
71,<wb>же
5731,<wb>стоѣаше
90,<wb>прі
4270 4436,<wb>двъ|рехъ
6524,<wb>вънѣ
820,<wb>ізіде
71,<wb>же
4552,<wb>оученікь
617,<wb>ть
227,<wb>іже
165,<wb>бѣ
6616,<wb>знаемъ
665 42,<wb>архіере|оу
39,<wb>і
141,<wb>рече
6422 125 541,<wb>две|рь|ніці
39,<wb>і
7659,<wb>въведе
2094,<wb>петра
130,<wb>гла
71,<wb>же
1322,<wb>раба
2826,<wb>петрові
736,<wb>еда
39,<wb>і
288,<wb>тъі
84,<wb>отъ
4552,<wb>оученікь
313,<wb>есі
2316,<wb>члка
387,<wb>сего
130,<wb>гла
366,<wb>онъ
2134,<wb>нѣсмъ
6283,<wb>стоѣхѫ
71,<wb>же
2508,<wb>рабі
39,<wb>і
2057,<wb>слоугъі
894,<wb>огнь
6373,<wb>сътворьше
99,<wb>ѣко
1684 143,<wb>зі|ма
165,<wb>бѣ
39,<wb>і
386 216,<wb>грѣ|ахѫ
70,<wb>сѧ
165,<wb>бѣ
71,<wb>же
75,<wb>съ
1047,<wb>німі
818,<wb>петръ
1050,<wb>стоѧ
39,<wb>і
386 24,<wb>грѣ|ѧ
70,<wb>сѧ
942,<wb>архіереі
71,<wb>же
1136,<wb>въпросі
566,<wb>іса
47,<wb>о
286 1131,<wb>оучені|цѣхъ
39,<wb>і
47,<wb>о
3390,<wb>оученіі
135,<wb>его
328,<wb>отъвѣшта
144,<wb>емоу
331,<wb>ісъ
695,<wb>азь
62,<wb>не
4312,<wb>обіноуѧ
70,<wb>сѧ
2161,<wb>глахъ
56,<wb>въ
1135,<wb>семоу
1829,<wb>міроу
695,<wb>азь
4870,<wb>въсегда
571 76,<wb>оучі|хъ
68,<wb>на
4083 1157,<wb>сьньмі|штіхъ
39,<wb>і
56,<wb>въ
1741 1381,<wb>црк|вахъ
773,<wb>ідеже
1355,<wb>въсі
685,<wb>іюдеі
75 126 14 1842,<wb>съ|не|м|лѭтъ
70,<wb>сѧ
39,<wb>і
878 126,<wb>таі|не
2161,<wb>глахъ
1330,<wb>нічесоже
526,<wb>чьто
226,<wb>мѧ
951 608,<wb>въпраша|еші
1136,<wb>въпросі
990 1915,<wb>слъішавъ|шѧѧ
526,<wb>чьто
130 9,<wb>гла|х
210,<wb>імъ
121,<wb>се
747,<wb>сіі
4586,<wb>вѣдѧтъ
494,<wb>ѣже
949,<wb>рѣхъ
695,<wb>азь
159,<wb>сі
5337 358,<wb>рекь|шоу
144,<wb>емоу
438,<wb>едінъ
84,<wb>отъ
6859 642 675,<wb>прѣстоѧ|штіі|хь
488 252,<wb>слоу|гъ
3675,<wb>оударі
171,<wb>за
5933,<wb>ланітѫ
107 170,<wb>іс|са
5337,<wb>рекь
311,<wb>тако
178,<wb>лі
7756,<wb>отъвѣштаваеші
5101,<wb>архіереові
1353,<wb>отвѣшта
144,<wb>емоу
331,<wb>ісъ
201,<wb>аште
2343,<wb>зьлѣ
2161,<wb>глахъ
4086 16,<wb>сьвѣдѣтельствоу|і
47,<wb>о
2343,<wb>зьлѣ
201,<wb>аште
178,<wb>лі
932,<wb>добрѣ
526,<wb>чьто
226,<wb>мѧ
453 608,<wb>бі|еші
3319 48,<wb>посьла|же
39,<wb>і
7480,<wb>анна
5376 102,<wb>сьвѧза|на
468,<wb>кь
7831,<wb>каіафѣ
665 42,<wb>архіере|оу
165,<wb>бѣ
71,<wb>же
1839,<wb>сімонъ
818,<wb>петръ
1050,<wb>стоѧ
39,<wb>і
386 24,<wb>грѣ|ѧ
70,<wb>сѧ
510,<wb>рѣшѧ
71,<wb>же
144,<wb>емоу
736,<wb>еда
39,<wb>і
288,<wb>тъі
221,<wb>от
4552,<wb>оученікь
135,<wb>его
313,<wb>есі
1820,<wb>отъвръже
70,<wb>сѧ
366,<wb>онъ
39,<wb>і
141,<wb>рече
2134,<wb>нѣсмъ
130,<wb>гла
438,<wb>едінъ
221,<wb>от
4820,<wb>рабь
5168,<wb>архіереовъ
7665,<wb>ѫжіка
576,<wb>съі
991,<wb>емоуже
5934,<wb>оурѣза
818,<wb>петръ
2554,<wb>оухо
62,<wb>не
695,<wb>азь
178,<wb>лі
374,<wb>тѧ
2406,<wb>відѣхъ
56,<wb>въ
1249 319,<wb>връ|тѣ
75,<wb>съ
528,<wb>німъ
404,<wb>пакъі
71,<wb>же
818,<wb>петръ
221 852,<wb>от|връже
70,<wb>сѧ
39,<wb>і
600,<wb>абіе
4439,<wb>коуръ
2802,<wb>възгласі
2958,<wb>вѣсѧ
71,<wb>же
566,<wb>іса
221,<wb>от
4812 2347,<wb>каіа|фа
56,<wb>въ
4423 125,<wb>прето|рь
165,<wb>бѣ
71,<wb>же
171,<wb>за
6458,<wb>оутра
39,<wb>і
323,<wb>ті
62,<wb>не
4126,<wb>вънідѫ
56,<wb>въ
7576,<wb>преторъ
105,<wb>да
62,<wb>не
4831 1371,<wb>осквръ|нѧтъ
70,<wb>сѧ
208,<wb>нъ
105,<wb>да
3803,<wb>ѣдѧтъ
2202,<wb>пасхѫ
2958,<wb>вѣсѧ
566,<wb>іса
84,<wb>отъ
4812 2347,<wb>каіа|фа
56,<wb>въ
4423 125,<wb>прето|рь
165,<wb>бѣ
71,<wb>же
171,<wb>за
6458,<wb>оутра
39,<wb>і
323,<wb>ті
62,<wb>не
4126,<wb>вънідѫ
56,<wb>въ
4423 125,<wb>прето|рь
105,<wb>да
62,<wb>не
4831 375 32,<wb>осквръ|нѧ|т
70,<wb>сѧ
208,<wb>нъ
105,<wb>да
78 275 32,<wb>ѣ|дѧ|т
2202,<wb>пасхѫ
820,<wb>ізіде
71,<wb>же
1099,<wb>пілатъ
468,<wb>кь
528,<wb>німъ
2420,<wb>вонъ
39,<wb>і
141,<wb>рече
3403,<wb>кѫѭ
3750,<wb>рѣчь
1473 3610,<wb>пріно|сіте
68,<wb>на
2316,<wb>члка
387,<wb>сего
1353 110,<wb>отвѣшта|шѧ
71,<wb>же
39,<wb>і
510,<wb>рѣшѧ
144,<wb>емоу
201,<wb>аште
62,<wb>не
453,<wb>бі
190,<wb>сь
2064,<wb>бъілъ
2754 1299,<wb>зьло|дѣі
62,<wb>не
5599,<wb>бімъ
444 74,<wb>прѣда|лі
135,<wb>его
356,<wb>тебѣ
141,<wb>рече
71,<wb>же
210,<wb>імъ
1099,<wb>пілатъ
6908,<wb>поімѣте
39,<wb>і
237,<wb>въі
39,<wb>і
67,<wb>по
3113,<wb>законоу
3471,<wb>вашемоу
3362,<wb>сѫдіте
144,<wb>емоу
510,<wb>рѣшѧ
71,<wb>же
144,<wb>емоу
685,<wb>іюдеі
489,<wb>намъ
62,<wb>не
1862,<wb>достоітъ
1911,<wb>оубіті
3271,<wb>нікогоже
105,<wb>да
442,<wb>слово
39,<wb>і
149,<wb>сво
190 610 231,<wb>сь|бѫ|детъ
70,<wb>сѧ
295,<wb>еже
141,<wb>рече
2226 6415,<wb>кле|плѧ
3694,<wb>коеѭ
6992,<wb>съмрътіѭ
1414,<wb>хотѣаше
4328,<wb>оумьрѣті
1776,<wb>въніде
71,<wb>же
404,<wb>пакъі
1099,<wb>пілатъ
81,<wb>вь
4423 125,<wb>прето|рь
39,<wb>і
7603,<wb>гласі
566,<wb>іса
39,<wb>і
141,<wb>рече
144,<wb>емоу
288,<wb>тъі
178,<wb>лі
313,<wb>есі
845,<wb>цръ
2458,<wb>іюдеіскъ
328,<wb>отъвѣшта
144,<wb>емоу
331,<wb>ісъ
47,<wb>о
436,<wb>себѣ
178,<wb>лі
121,<wb>се
288,<wb>тъі
1594,<wb>глеші
518,<wb>ілі
1944,<wb>іні
356,<wb>тебѣ
510,<wb>рѣшѧ
47,<wb>о
588,<wb>мнѣ
1353,<wb>отвѣшта
1099,<wb>пілатъ
736,<wb>еда
695,<wb>азь
7120 98,<wb>жідові|нъ
568,<wb>есмъ
1441,<wb>родъ
462,<wb>твоі
942,<wb>архіереі
2985,<wb>прѣдашѧ
374,<wb>тѧ
2231,<wb>мънѣ
526,<wb>чьто
313,<wb>есі
2431,<wb>сътворілъ
1353,<wb>отвѣшта
331,<wb>ісъ
2660,<wb>црство
346,<wb>мое
595,<wb>нѣстъ
84,<wb>отъ
387,<wb>сего
975,<wb>міра
201,<wb>аште
221,<wb>от
387,<wb>сего
975,<wb>міра
453,<wb>бі
3801,<wb>бъіло
2660,<wb>црство
346,<wb>мое
2057,<wb>слоугъі
222,<wb>оубо
1156,<wb>моѧ
3620 209,<wb>подвіза|лъі
70,<wb>сѧ
3958,<wb>бішѧ
105,<wb>да
62,<wb>не
3270,<wb>прѣданъ
5599,<wb>бімъ
2064,<wb>бъілъ
4042,<wb>іюдеомъ
457,<wb>нъінѣ
71,<wb>же
2660,<wb>црство
346,<wb>мое
595,<wb>нѣстъ
221,<wb>от
4893,<wb>сѫдоу
141,<wb>рече
71,<wb>же
144,<wb>емоу
781 32,<wb>піла|т
222,<wb>оубо
845,<wb>цръ
178,<wb>лі
313,<wb>есі
288,<wb>тъі
328,<wb>отъвѣшта
331,<wb>ісъ
288,<wb>тъі
1594,<wb>глеші
99,<wb>ѣко
845,<wb>цръ
568,<wb>есмъ
695,<wb>азь
290,<wb>азъ
68,<wb>на
121,<wb>се
790 9,<wb>роді|х
70,<wb>сѧ
39,<wb>і
62,<wb>не
121,<wb>се
90 34,<wb>прі|д
56,<wb>въ
1285,<wb>весь
688,<wb>міръ
105,<wb>да
4085 36 6419,<wb>съвѣдѣте|л|ствоуѭ
47,<wb>о
1964,<wb>істінѣ
913 569,<wb>въсѣ|кь
227,<wb>іже
161,<wb>естъ
221,<wb>от
3177,<wb>істінъі
5342,<wb>послоушаетъ
2188,<wb>гласа
563,<wb>моего
130,<wb>гла
144,<wb>емоу
1099,<wb>пілатъ
526,<wb>чьто
161,<wb>естъ
2700,<wb>істіна
39,<wb>і
121,<wb>се
1342,<wb>рекъ
404,<wb>пакъі
820,<wb>ізіде
468,<wb>кь
4042,<wb>іюдеомъ
39,<wb>і
130,<wb>гла
210,<wb>імъ
695,<wb>азь
122,<wb>ні
5461,<wb>едіноѧ
2491,<wb>вінъі
62,<wb>не
4302,<wb>обрѣтаѭ
56,<wb>въ
1107,<wb>немъ
161,<wb>естъ
71,<wb>же
3321,<wb>объічаі
260,<wb>вамъ
105,<wb>да
940,<wb>едіного
260,<wb>вамъ
4091,<wb>отъпоуштѫ
68,<wb>на
2202,<wb>пасхѫ
1568,<wb>хоштете
178,<wb>лі
222,<wb>оубо
105,<wb>да
2818 474,<wb>отпоу|штѫ
260,<wb>вамъ
2470,<wb>црѣ
3643,<wb>іюдеіска
5324 110,<wb>вьзьпі|шѧ
71,<wb>же
1440,<wb>глште
62,<wb>не
387,<wb>сего
208,<wb>нъ
4631,<wb>вараавѫ
165,<wb>бѣ
71,<wb>же
3789 103,<wb>вараа|ва
5396,<wb>разбоінікъ
916,<wb>тогда
1099,<wb>пілатъ
4084 32,<wb>поѧ|т
566,<wb>іса
39,<wb>і
238 498,<wb>те|пе
39,<wb>і
39,<wb>і
1920,<wb>воіні
7491,<wb>съплетъше
140 1959,<wb>вѣ|нець
84,<wb>отъ
5917,<wb>тръніѣ
3574,<wb>възложішѧ
68,<wb>на
1512,<wb>главѫ
144,<wb>емоу
39,<wb>і
56,<wb>въ
3405,<wb>різѫ
127 5063 113 179,<wb>прѣ|прѫ|дъ|нѫ
1798 434,<wb>облѣ|шѫ
39,<wb>і
39,<wb>і
6348,<wb>пріхождаахѫ
468,<wb>кь
398,<wb>немоу
39,<wb>і
997,<wb>глаахѫ
2917,<wb>радоуі
70,<wb>сѧ
3475,<wb>црю
2458,<wb>іюдеіскъ
39,<wb>і
6206,<wb>біѣхѫ
39,<wb>і
67,<wb>по
4212 94 143,<wb>лані|та|ма
820,<wb>ізіде
71,<wb>же
404,<wb>пакъі
781 32,<wb>піла|т
2420,<wb>вонъ
39,<wb>і
130,<wb>гла
210,<wb>імъ
121,<wb>се
1816 622,<wb>ізво|ждѫ
39,<wb>і
260,<wb>вамъ
2420,<wb>вонъ
105,<wb>да
3276,<wb>разоумѣете
99,<wb>ѣко
56,<wb>въ
1107,<wb>немъ
2491,<wb>вінъі
62,<wb>не
4302,<wb>обрѣтаѭ
820,<wb>ізіде
71,<wb>же
331,<wb>ісъ
2420,<wb>вонъ
2468,<wb>носѧ
1026 85 219,<wb>тръ|но|въі
140 1959,<wb>вѣ|нець
39,<wb>і
127 5063 188 602,<wb>прѣ|прѫ|дь|нѫѭ
3405,<wb>різѫ
39,<wb>і
130,<wb>гла
210,<wb>імъ
121,<wb>се
985,<wb>чкъ
317,<wb>егда
71,<wb>же
1279,<wb>відѣшѧ
39,<wb>і
942,<wb>архіереі
39,<wb>і
2057,<wb>слоугъі
4784 110,<wb>възьпі|шѧ
1440,<wb>глште
2773 60,<wb>распь|ні
39,<wb>і
2773 60,<wb>распь|ні
39,<wb>і
130,<wb>гла
210,<wb>імъ
1099,<wb>пілатъ
6908,<wb>поімѣте
39,<wb>і
237,<wb>въі
39,<wb>і
2773 1926,<wb>распь|нѣте
290,<wb>азъ
112,<wb>бо
62,<wb>не
4302,<wb>обрѣтаѭ
56,<wb>въ
1107,<wb>немъ
2491,<wb>вінъі
39,<wb>і
4784 110,<wb>възьпі|шѧ
468,<wb>кь
2984,<wb>пілатоу
1440,<wb>глште
702 461 60,<wb>рас|пъ|ні
39,<wb>і
2773 60,<wb>распь|ні
39,<wb>і
130,<wb>гла
210,<wb>імъ
1099,<wb>пілатъ
6908,<wb>поімѣте
39,<wb>і
237,<wb>въі
39,<wb>і
2773 1926,<wb>распь|нѣте
695,<wb>азь
112,<wb>бо
62,<wb>не
4302,<wb>обрѣтаѭ
56,<wb>въ
1107,<wb>немъ
2491,<wb>вінъі
1353 110,<wb>отвѣшта|шѧ
144,<wb>емоу
685,<wb>іюдеі
478,<wb>мъі
1384,<wb>законъ
1126,<wb>імамъ
39,<wb>і
67,<wb>по
3113,<wb>законоу
1873,<wb>нашемоу
4738,<wb>длъженъ
161,<wb>естъ
4328,<wb>оумьрѣті
99,<wb>ѣко
423,<wb>снъ
776,<wb>бжіі
1057,<wb>творітъ
70,<wb>сѧ
317,<wb>егда
71,<wb>же
379,<wb>слъіша
1099,<wb>пілатъ
121,<wb>се
442,<wb>слово
580,<wb>паче
1576,<wb>оубоѣ
70,<wb>сѧ
39,<wb>і
1776,<wb>въніде
56,<wb>въ
4423 125,<wb>прето|рь
404,<wb>пакъі
39,<wb>і
130,<wb>гла
1449,<wb>ісві
221,<wb>от
3794,<wb>кѫдоу
313,<wb>есі
288,<wb>тъі
331,<wb>ісъ
71,<wb>же
4267 94,<wb>отъвѣ|та
62,<wb>не
520,<wb>дастъ
144,<wb>емоу
1099,<wb>пілатъ
71,<wb>же
130,<wb>гла
404,<wb>пакъі
1449,<wb>ісві
84,<wb>отъ
3794,<wb>кѫдоу
313,<wb>есі
288,<wb>тъі
331,<wb>ісъ
71,<wb>же
4267 94,<wb>отъвѣ|та
62,<wb>не
520,<wb>дастъ
144,<wb>емоу
130,<wb>гла
144,<wb>емоу
1099,<wb>пілатъ
437,<wb>мьнѣ
178,<wb>лі
62,<wb>не
1594,<wb>глеші
62,<wb>не
2004,<wb>вѣсі
178,<wb>лі
99,<wb>ѣко
1517,<wb>власть
1126,<wb>імамъ
5925,<wb>распѧті
374,<wb>тѧ
39,<wb>і
1517,<wb>власть
2661,<wb>імамь
4458,<wb>поустіті
374,<wb>тѧ
130,<wb>гла
144,<wb>емоу
1099,<wb>пілатъ
437,<wb>мьнѣ
178,<wb>лі
62,<wb>не
1594,<wb>глеші
62,<wb>не
2004,<wb>вѣсі
178,<wb>лі
99,<wb>ѣко
1517,<wb>власть
1126,<wb>імамъ
5925,<wb>распѧті
374,<wb>тѧ
39,<wb>і
1517,<wb>власть
1126,<wb>імамъ
4458,<wb>поустіті
374,<wb>тѧ
328,<wb>отъвѣшта
331,<wb>ісъ
62,<wb>не
1287,<wb>імаші
4917,<wb>області
68,<wb>на
437,<wb>мьнѣ
7600,<wb>нікоеѧ
71,<wb>же
201,<wb>аште
62,<wb>не
453,<wb>бі
323,<wb>ті
2837,<wb>дано
190 4630,<wb>сь|въіше
387,<wb>сего
368,<wb>раді
444 219,<wb>прѣда|въі
226,<wb>мѧ
356,<wb>тебѣ
3375,<wb>болеі
1772,<wb>грѣхъ
584,<wb>іматъ
328,<wb>отъвѣшта
331,<wb>ісъ
62,<wb>не
1287,<wb>імаші
288,<wb>тъі
4411,<wb>власті
68,<wb>на
437,<wb>мьнѣ
7600 48,<wb>нікоеѧ|же
201,<wb>аште
62,<wb>не
453,<wb>бі
323,<wb>ті
2837,<wb>дано
75,<wb>съ
3340,<wb>въіше
84,<wb>отъ
1749,<wb>толі
1099,<wb>пілатъ
3368,<wb>іскааше
4458,<wb>поустіті
39,<wb>і
685,<wb>іюдеі
71,<wb>же
1914 2580,<wb>въпі|ѣахѫ
1440,<wb>глште
201,<wb>аште
387,<wb>сего
2365 116,<wb>поусті|ші
3106,<wb>нѣсі
1121,<wb>дроугъ
1556 191,<wb>кеса|роу
264 569,<wb>вьсѣ|кь
227,<wb>іже
70,<wb>сѧ
1057,<wb>творітъ
774,<wb>црь
958 742,<wb>проті|вітъ
70,<wb>сѧ
1556 191,<wb>кеса|роу
1099,<wb>пілатъ
71,<wb>же
990,<wb>слъішавъ
373,<wb>та
1020,<wb>словеса
3175,<wb>ізведе
2420,<wb>вонъ
566,<wb>іса
39,<wb>і
3240,<wb>сѣде
68,<wb>на
3792,<wb>сѫдішті
68,<wb>на
1122,<wb>мѣстѣ
1105 5064,<wb>наріцае|мѣмъ
178 115 815 94,<wb>лі|то|стра|та
6858,<wb>евреіскъі
71,<wb>же
7068 103 2355,<wb>гав|ва|ѳа
781 32,<wb>піла|т
71,<wb>же
990,<wb>слъішавъ
373,<wb>та
1020,<wb>словеса
3175,<wb>ізведе
2420,<wb>вонъ
566,<wb>іса
39,<wb>і
3240,<wb>сѣде
68,<wb>на
3792,<wb>сѫдішті
68,<wb>на
1122,<wb>мѣстѣ
2487 181 106,<wb>реко|мѣ|мь
178 115 815 94,<wb>лі|то|стра|та
6858,<wb>евреіскъі
71,<wb>же
7068 103 94,<wb>гав|ва|та
165,<wb>бѣ
71,<wb>же
4257 18 3320,<wb>параске|в|гіі
7919,<wb>пастѣ
1638,<wb>годіна
71,<wb>же
165,<wb>бѣ
99,<wb>ѣко
5316 17,<wb>третіѣ|а
39,<wb>і
130,<wb>гла
4042,<wb>іюдеомъ
121,<wb>се
774,<wb>црь
1870,<wb>вашъ
165,<wb>бѣ
71,<wb>же
4257 18 3320,<wb>параске|в|гіі
7919,<wb>пастѣ
1638,<wb>годіна
71,<wb>же
165,<wb>бѣ
99,<wb>ѣко
5316 17,<wb>третіѣ|а
39,<wb>і
130,<wb>гла
4042,<wb>іюдеомъ
121,<wb>се
845,<wb>цръ
1870,<wb>вашъ
609,<wb>оні
71,<wb>же
1914 2580,<wb>въпі|ѣахѫ
4498,<wb>възьмі
39,<wb>і
4498,<wb>възьмі
2773 60,<wb>распь|ні
39,<wb>і
130,<wb>гла
210,<wb>імъ
1099,<wb>пілатъ
2470,<wb>црѣ
178,<wb>лі
1762,<wb>вашего
2773 179,<wb>распь|нѫ
1992,<wb>отъвѣшташѧ
942,<wb>архіереі
62,<wb>не
1126,<wb>імамъ
2470,<wb>црѣ
1644,<wb>тъкмо
7661,<wb>кесарѣ
609,<wb>оні
71,<wb>же
1914 2580,<wb>въпі|ѣахѫ
4498,<wb>възьмі
39,<wb>і
4498,<wb>възьмі
39,<wb>і
2773 60,<wb>распь|ні
39,<wb>і
130,<wb>гла
210,<wb>імъ
1099,<wb>пілатъ
2470,<wb>црѣ
178,<wb>лі
1762,<wb>вашего
2773 179,<wb>распь|нѫ
1353 110,<wb>отвѣшта|шѧ
942,<wb>архіереі
62,<wb>не
1126,<wb>імамъ
2470,<wb>црѣ
4615,<wb>тъкьмо
7661,<wb>кесарѣ
916,<wb>тогда
71,<wb>же
1419,<wb>прѣдастъ
210,<wb>імъ
105,<wb>да
39,<wb>і
2773 179 32,<wb>распь|нѫ|т
916,<wb>тогда
71,<wb>же
1419,<wb>прѣдастъ
210,<wb>імъ
105,<wb>да
39,<wb>і
702 461 977,<wb>рас|пъ|нѫтъ
609,<wb>оні
71,<wb>же
5107 82,<wb>поемъ|ше
39,<wb>і
2958,<wb>вѣсѧ
39,<wb>і
39,<wb>і
2468,<wb>носѧ
436,<wb>себѣ
4702,<wb>крстъ
820,<wb>ізіде
56,<wb>въ
7047,<wb>наріцаемое
5813,<wb>краніево
707,<wb>мѣсто
295,<wb>еже
1561,<wb>глетъ
70,<wb>сѧ
6858,<wb>евреіскъі
223 36 58 2355,<wb>го|л|го|ѳа
773,<wb>ідеже
39,<wb>і
2906 281,<wb>распѧ|сѧ
39,<wb>і
190,<wb>сь
528,<wb>німъ
2005,<wb>іна
971,<wb>дъва
4893,<wb>сѫдоу
39,<wb>і
47 337 270,<wb>о|вѫ|доу
67,<wb>по
1549,<wb>срѣдѣ
71,<wb>же
566,<wb>іса
1456,<wb>напіса
71,<wb>же
323 3851,<wb>ті|телъ
1099,<wb>пілатъ
39,<wb>і
761,<wb>положі
5881,<wb>крстѣ
165,<wb>бѣ
71,<wb>же
5258,<wb>напісано
331,<wb>ісъ
1738 2965,<wb>наза|реі
845,<wb>цръ
581 854,<wb>іюде|скъ
387,<wb>сего
323 43 66,<wb>ті|тъ|ла
899,<wb>мнозі
666 281,<wb>чі|сѧ
84,<wb>отъ
685,<wb>іюдеі
99,<wb>ѣко
5476,<wb>блізь
165,<wb>бѣ
707,<wb>мѣсто
926,<wb>града
773,<wb>ідеже
39,<wb>і
2906 281,<wb>распѧ|сѧ
165,<wb>бѣ
71,<wb>же
5258,<wb>напісано
6858,<wb>евреіскъі
39,<wb>і
6860 3028,<wb>гре|чьскъі
39,<wb>і
7026 3476,<wb>латі|ньскъі
7990,<wb>стоѣахѫ
90,<wb>прі
5881,<wb>крстѣ
6544,<wb>ісвѣ
3196,<wb>мті
135,<wb>его
39,<wb>і
3630,<wb>сестра
51 32 174,<wb>м|т|ре
135,<wb>его
1160,<wb>маріѣ
5253 169 103,<wb>клео|по|ва
39,<wb>і
5099,<wb>маріа
3258,<wb>магдалъіні
6283,<wb>стоѣхѫ
71,<wb>же
90,<wb>прі
5881,<wb>крстѣ
6544,<wb>ісвѣ
3196,<wb>мті
135,<wb>его
39,<wb>і
3630,<wb>сестра
3288,<wb>матере
135,<wb>его
1160,<wb>маріѣ
5253 169 103,<wb>клео|по|ва
39,<wb>і
1160,<wb>маріѣ
3258,<wb>магдалъіні
6283,<wb>стоѣхѫ
90,<wb>прі
5881,<wb>крстѣ
6544,<wb>ісвѣ
1474,<wb>маті
135,<wb>его
39,<wb>і
3630,<wb>сестра
3288,<wb>матере
135,<wb>его
1160,<wb>маріѣ
5253 169 103,<wb>клео|по|ва
39,<wb>і
5099,<wb>маріа
3258,<wb>магдалъіні
331,<wb>ісъ
71,<wb>же
649,<wb>відѣвъ
51 511,<wb>м|тръ
39,<wb>і
2333,<wb>оученіка
4488,<wb>стоѧшта
538,<wb>егоже
4170,<wb>люблѣаше
130,<wb>гла
7375,<wb>мтрі
3124,<wb>жено
121,<wb>се
423,<wb>снъ
462,<wb>твоі
331,<wb>ісъ
71,<wb>же
649,<wb>відѣвъ
51 511,<wb>м|тръ
39,<wb>і
2333,<wb>оученіка
4488,<wb>стоѧшта
538,<wb>егоже
4170,<wb>люблѣаше
130,<wb>гла
7375,<wb>мтрі
3124,<wb>жено
121,<wb>се
7575,<wb>снь
462,<wb>твоі
331,<wb>ісъ
71,<wb>же
649,<wb>відѣвъ
2764,<wb>матерь
39,<wb>і
2333,<wb>оученіка
4488,<wb>стоѧшта
538,<wb>егоже
4170,<wb>люблѣаше
130,<wb>гла
7375,<wb>мтрі
3124,<wb>жено
121,<wb>се
7575,<wb>снь
462,<wb>твоі
67,<wb>по
2318,<wb>томъ
130,<wb>гла
4362,<wb>оученікоу
121,<wb>се
1474 52,<wb>маті|ті
552,<wb>твоѣ
39,<wb>і
221,<wb>от
485,<wb>того
3214,<wb>часа
3021,<wb>поѧтъ
483,<wb>ѭ
1092,<wb>оученікъ
56,<wb>въ
1596,<wb>своѣ
159,<wb>сі
67,<wb>по
2318,<wb>томъ
71,<wb>же
130,<wb>гла
4362,<wb>оученікоу
121,<wb>се
3196,<wb>мті
552,<wb>твоѣ
39,<wb>і
84,<wb>отъ
485,<wb>того
3214,<wb>часа
3021,<wb>поѧтъ
483,<wb>ѭ
4552,<wb>оученікь
157,<wb>тъ
56,<wb>въ
1596,<wb>своѣ
159,<wb>сі
67,<wb>по
176 14,<wb>то|м
71,<wb>же
130,<wb>гла
4362,<wb>оученікоу
121,<wb>се
3196,<wb>мті
552,<wb>твоѣ
39,<wb>і
84,<wb>отъ
485,<wb>того
3214,<wb>часа
3021,<wb>поѧтъ
483,<wb>ѭ
4552,<wb>оученікь
617,<wb>ть
81,<wb>вь
1596,<wb>своѣ
159,<wb>сі
67,<wb>по
2318,<wb>томъ
2171,<wb>вѣдъі
331,<wb>ісъ
99,<wb>ѣко
572,<wb>всѣ
1303,<wb>юже
2422 110,<wb>съвръші|шѧ
70,<wb>сѧ
494,<wb>ѣже
47,<wb>о
1107,<wb>немъ
67,<wb>по
2686,<wb>семъ
2171,<wb>вѣдъі
331,<wb>ісъ
99,<wb>ѣко
913,<wb>въсѣ
1303,<wb>юже
2422 110,<wb>съвръші|шѧ
70,<wb>сѧ
105,<wb>да
3463,<wb>събѫдѫтъ
70,<wb>сѧ
3802,<wb>кьнігъі
130,<wb>гла
3566,<wb>жѧждѫ
190 623 34,<wb>сь|сѫ|д
71,<wb>же
3588,<wb>стоѣше
1247 98,<wb>плъ|нъ
5199,<wb>оцьта
68,<wb>на
1247 119 82,<wb>плъ|нь|ше
71,<wb>же
65 610,<wb>г|бѫ
5199,<wb>оцьта
90 2743,<wb>прі|дѣшѧ
468,<wb>кь
73 4568,<wb>оу|стомь
135,<wb>его
317,<wb>егда
71,<wb>же
1505,<wb>пріѧтъ
4584 255,<wb>оц|етъ
331,<wb>ісъ
141,<wb>рече
2422 110,<wb>съвръші|шѧ
70,<wb>сѧ
39,<wb>і
127 7764,<wb>прѣ|клонь
1512,<wb>главѫ
1419,<wb>прѣдастъ
768,<wb>дхъ
127 7764,<wb>прѣ|клонь
1512,<wb>главѫ
1419,<wb>прѣдастъ
768,<wb>дхъ
685,<wb>іюдеі
71,<wb>же
1225,<wb>понеже
4257 18 3320,<wb>параске|в|гіі
165,<wb>бѣ
105,<wb>да
62,<wb>не
405 977,<wb>оста|нѫтъ
68,<wb>на
5881,<wb>крстѣ
3008,<wb>тѣлеса
56,<wb>въ
3292,<wb>сѫботъ
165,<wb>бѣ
112,<wb>бо
2844,<wb>веліі
869,<wb>день
2256,<wb>тоѧ
3655,<wb>сѫботъі
4092,<wb>молішѧ
6535,<wb>пілата
105,<wb>да
127 197 304,<wb>прѣ|бі|ѭтъ
6119,<wb>голѣні
299,<wb>іхъ
39,<wb>і
853 2039,<wb>възь|мѫтъ
225,<wb>ѧ
685,<wb>іюдеі
71,<wb>же
1225,<wb>понеже
1232 2025 42 3320,<wb>пас|ке|оу|гіі
165,<wb>бѣ
105,<wb>да
62,<wb>не
405 977,<wb>оста|нѫтъ
68,<wb>на
5881,<wb>крстѣ
3008,<wb>тѣлеса
56,<wb>въ
2591,<wb>сѫботѫ
165,<wb>бѣ
112,<wb>бо
2844,<wb>веліі
2121,<wb>денъ
2256,<wb>тоѧ
3655,<wb>сѫботъі
4092,<wb>молішѧ
6535,<wb>пілата
105,<wb>да
127 197 304,<wb>прѣ|бі|ѭтъ
6119,<wb>голѣні
299,<wb>іхъ
39,<wb>і
853 2039,<wb>възь|мѫтъ
225,<wb>ѧ
685,<wb>іюдеі
71,<wb>же
1225,<wb>понеже
4257 18 3320,<wb>параске|в|гіі
165,<wb>бѣ
105,<wb>да
62,<wb>не
405 977,<wb>оста|нѫтъ
68,<wb>на
5881,<wb>крстѣ
3008,<wb>тѣлеса
56,<wb>въ
1054 32,<wb>сѫбо|т
165,<wb>бѣ
112,<wb>бо
2844,<wb>веліі
869,<wb>день
2256,<wb>тоѧ
3655,<wb>сѫботъі
4092,<wb>молішѧ
6535,<wb>пілата
105,<wb>да
127 197 304,<wb>прѣ|бі|ѭтъ
6119,<wb>голѣні
299,<wb>іхъ
39,<wb>і
853 2039,<wb>възь|мѫтъ
225,<wb>ѧ
955,<wb>прідѫ
71,<wb>же
1920,<wb>воіні
39,<wb>і
638 403 88,<wb>пръ|воу|моу
6531,<wb>прѣбішѧ
6119,<wb>голѣні
39,<wb>і
4318,<wb>дроугоумоу
2906 32 435,<wb>распѧ|т|оумоу
190,<wb>сь
730,<wb>німь
955,<wb>прідѫ
71,<wb>же
1920,<wb>воіні
39,<wb>і
638 403 88,<wb>пръ|воу|моу
6531,<wb>прѣбішѧ
6119,<wb>голѣні
39,<wb>і
3385 88,<wb>дроуго|моу
2906 32 435,<wb>распѧ|т|оумоу
75,<wb>съ
528,<wb>німъ
955,<wb>прідѫ
71,<wb>же
1920,<wb>воіні
39,<wb>і
638 403 88,<wb>пръ|воу|моу
6531,<wb>прѣбішѧ
6119,<wb>голѣні
39,<wb>і
4318,<wb>дроугоумоу
2906 32 435,<wb>распѧ|т|оумоу
190,<wb>сь
528,<wb>німъ
68,<wb>на
566,<wb>іса
71,<wb>же
2133,<wb>прішедъше
99,<wb>ѣко
1279,<wb>відѣшѧ
39,<wb>і
1019,<wb>оуже
4437 101 352,<wb>оуме|ръ|шъ
62,<wb>не
6531,<wb>прѣбішѧ
144,<wb>емоу
4465 690,<wb>голѣ|нію
68,<wb>на
566,<wb>іса
71,<wb>же
2133,<wb>прішедъше
99,<wb>ѣко
1279,<wb>відѣшѧ
39,<wb>і
1019,<wb>оуже
4437 101 272,<wb>оуме|ръ|шь
62,<wb>не
6531,<wb>прѣбішѧ
144,<wb>емоу
4465 690,<wb>голѣ|нію
68,<wb>на
566,<wb>іса
71,<wb>же
1743 82,<wb>прідъ|ше
99,<wb>ѣко
1279,<wb>відѣшѧ
39,<wb>і
1019,<wb>оуже
4437 101 158,<wb>оуме|ръ|ша
62,<wb>не
6531,<wb>прѣбішѧ
144,<wb>емоу
4465 690,<wb>голѣ|нію
208,<wb>нъ
438,<wb>едінъ
221,<wb>от
3444,<wb>воінъ
5224 389,<wb>копі|емъ
144,<wb>емоу
2983,<wb>ребра
5810,<wb>прободе
39,<wb>і
820,<wb>ізіде
600,<wb>абіе
4729,<wb>кръвъ
39,<wb>і
1933,<wb>вода
208,<wb>нъ
438,<wb>едінъ
84,<wb>отъ
3444,<wb>воінъ
5224 389,<wb>копі|емъ
144,<wb>емоу
2983,<wb>ребра
5810,<wb>прободе
39,<wb>і
820,<wb>ізіде
600,<wb>абіе
4729,<wb>кръвъ
39,<wb>і
1933,<wb>вода
208,<wb>нъ
438,<wb>едінъ
84,<wb>отъ
3444,<wb>воінъ
5224 389,<wb>копі|емъ
2983,<wb>ребра
144,<wb>емоу
5810,<wb>прободе
39,<wb>і
820,<wb>ізіде
600,<wb>абіе
4729,<wb>кръвъ
39,<wb>і
1933,<wb>вода
39,<wb>і
5781,<wb>відѣвъі
1176 33 703 1827,<wb>сьвѣ|ѣ|дѣтель|ствова
39,<wb>і
5741,<wb>істінно
161,<wb>естъ
4085 36 372,<wb>съвѣдѣте|л|ство
135,<wb>его
39,<wb>і
157,<wb>тъ
1559,<wb>вѣстъ
99,<wb>ѣко
843,<wb>істінѫ
1561,<wb>глетъ
105,<wb>да
39,<wb>і
237,<wb>въі
827,<wb>вѣрѫ
3980,<wb>імете
39,<wb>і
5781,<wb>відѣвъі
2447 1827,<wb>сьвѣдѣтель|ствова
39,<wb>і
5741,<wb>істінно
161,<wb>естъ
2447 372,<wb>сьвѣдѣтель|ство
135,<wb>его
39,<wb>і
157,<wb>тъ
1559,<wb>вѣстъ
99,<wb>ѣко
843,<wb>істінѫ
1561,<wb>глетъ
105,<wb>да
39,<wb>і
237,<wb>въі
827,<wb>вѣрѫ
3980,<wb>імете
39,<wb>і
649,<wb>відѣвъ
39,<wb>і
4085 36 1827,<wb>съвѣдѣте|л|ствова
39,<wb>і
5741,<wb>істінно
161,<wb>естъ
2447 372,<wb>сьвѣдѣтель|ство
135,<wb>его
821,<wb>бъішѧ
112,<wb>бо
159,<wb>сі
105,<wb>да
3463,<wb>събѫдѫтъ
70,<wb>сѧ
3802,<wb>кьнігъі
184 214,<wb>ко|сть
62,<wb>не
190 13 191 7428,<wb>сь|к|роу|шітъ
70,<wb>сѧ
84,<wb>отъ
513,<wb>него
821,<wb>бъішѧ
112,<wb>бо
747,<wb>сіі
105,<wb>да
2158 175 32,<wb>събѫ|дѫ|т
70,<wb>сѧ
3802,<wb>кьнігъі
184 214,<wb>ко|сть
62,<wb>не
5183,<wb>съкроушітъ
70,<wb>сѧ
84,<wb>отъ
513,<wb>него
39,<wb>і
404,<wb>пакъі
5188,<wb>дроугъіѧ
3802,<wb>кьнігъі
2448,<wb>глѭтъ
853 1037,<wb>възь|рѧтъ
68,<wb>на
484,<wb>нь
538,<wb>егоже
164 334 281,<wb>про|ба|сѧ
39,<wb>і
404,<wb>пакъі
3824,<wb>дроугое
4913,<wb>пісаніе
4556,<wb>глтъ
853 1037,<wb>възь|рѧтъ
68,<wb>на
484,<wb>нь
538,<wb>егоже
164,<wb>про
422 281,<wb>ба|сѧ
954,<wb>просі
566,<wb>іса
73,<wb>оу
6535,<wb>пілата
2123,<wb>іосіфъ
227,<wb>іже
84,<wb>отъ
4902 6907,<wb>аріма|ѳеѧ
576,<wb>съі
4552,<wb>оученікь
6753,<wb>ісвъ
373 204,<wb>та|імъ
71,<wb>же
171,<wb>за
2653,<wb>страхъ
685 6848,<wb>іюдеі|скь
105,<wb>да
5703,<wb>възьметъ
817,<wb>тѣло
4332,<wb>ісво
416,<wb>пріде
71,<wb>же
39,<wb>і
678 89 14,<wb>ніко|ді|м
6999,<wb>прішедъі
468,<wb>кь
1449,<wb>ісві
2536,<wb>ноштіѭ
536,<wb>прѣжде
4532,<wb>несъі
1134 1223,<wb>съмѣ|шеніе
6495 21 85,<wb>зму|р|но
39,<wb>і
1712 58 16 85,<wb>ал|го|і|но
99,<wb>ѣко
39,<wb>і
178 322,<wb>лі|връ
2989,<wb>съто
1169 242,<wb>пріѧ|сте
71,<wb>же
817,<wb>тѣло
4332,<wb>ісво
39,<wb>і
909 242,<wb>обі|сте
50,<wb>е
7542,<wb>різамі
75,<wb>съ
6172,<wb>ароматъі
308,<wb>ѣкоже
3321,<wb>объічаі
161,<wb>естъ
4042,<wb>іюдеомъ
7511 52,<wb>погрѣба|ті
165,<wb>бѣ
71,<wb>же
68,<wb>на
1122,<wb>мѣстѣ
773,<wb>ідеже
39,<wb>і
2906 281,<wb>распѧ|сѧ
4533,<wb>врътъ
39,<wb>і
56,<wb>въ
1249 319,<wb>връ|тѣ
1785,<wb>гробъ
6526,<wb>новъ
56,<wb>въ
3697,<wb>немъже
1770,<wb>ніколіже
748,<wb>ніктоже
62,<wb>не
165,<wb>бѣ
6189,<wb>положенъ
390,<wb>тоу
71,<wb>же
171,<wb>за
4257 18 6197,<wb>параске|в|гіѭ
685 1339,<wb>іюдеі|скѫ
99,<wb>ѣко
5476,<wb>блізь
165,<wb>бѣ
1785,<wb>гробъ
5361,<wb>положісте
566,<wb>іса
56,<wb>въ
438,<wb>едінъ
3292,<wb>сѫботъ
1160,<wb>маріѣ
3258,<wb>магдалъіні
416,<wb>пріде
171,<wb>за
6458,<wb>оутра
836,<wb>еште
2723,<wb>сѫшті
3712,<wb>тьмѣ
68,<wb>на
1785,<wb>гробъ
39,<wb>і
248,<wb>відѣ
7833,<wb>каменъ
2698 32,<wb>възѧ|т
84,<wb>отъ
1970,<wb>гроба
3974,<wb>тече
71,<wb>же
39,<wb>і
416,<wb>пріде
150,<wb>къ
3333,<wb>сімоноу
5274,<wb>петроу
39,<wb>і
150,<wb>къ
4318,<wb>дроугоумоу
4362,<wb>оученікоу
538,<wb>егоже
4170,<wb>люблѣаше
331,<wb>ісъ
39,<wb>і
130,<wb>гла
268,<wb>іма
2698 281,<wb>възѧ|сѧ
480,<wb>га
84,<wb>отъ
1970,<wb>гроба
39,<wb>і
62,<wb>не
1726,<wb>вѣмъ
1934,<wb>къде
2712,<wb>положішѧ
39,<wb>і
820,<wb>ізіде
71,<wb>же
818,<wb>петръ
39,<wb>і
3013,<wb>дроугъіі
1092,<wb>оученікъ
39,<wb>і
1619 54,<wb>ідѣаше|те
150,<wb>къ
3188,<wb>гробоу
238 1690 54,<wb>те|чааше|те
71,<wb>же
740,<wb>оба
56,<wb>въ
620 467,<wb>коу|пѣ
901,<wb>дроугъі
71,<wb>же
157,<wb>тъ
1092,<wb>оученікъ
3974,<wb>тече
961 5384,<wb>ско|рѣе
2094,<wb>петра
39,<wb>і
416,<wb>пріде
536,<wb>прѣжде
468,<wb>кь
3188,<wb>гробоу
39,<wb>і
90 60 13,<wb>прі|ні|к
248,<wb>відѣ
1290,<wb>різъі
6976,<wb>лежѧштѧ
3922,<wb>едінъі
1245,<wb>обаче
208,<wb>нъ
62,<wb>не
1776,<wb>въніде
416,<wb>пріде
71,<wb>же
39,<wb>і
1839,<wb>сімонъ
818,<wb>петръ
56,<wb>въ
1465,<wb>слѣдъ
135,<wb>его
39,<wb>і
1776,<wb>въніде
536,<wb>прѣжде
56,<wb>въ
1785,<wb>гробъ
39,<wb>і
248,<wb>відѣ
4961,<wb>різъ
6976,<wb>лежѧштѧ
39,<wb>і
2824 86 21,<wb>су|да|р
227,<wb>іже
165,<wb>бѣ
68,<wb>на
5004,<wb>главѣ
135,<wb>его
4271,<wb>несъ
7542,<wb>різамі
5742,<wb>лежѧшть
208,<wb>нъ
4617 315,<wb>осо|бъ
190 742,<wb>сь|вітъ
68,<wb>на
6671,<wb>едіномъ
1122,<wb>мѣстѣ
916,<wb>тогда
71,<wb>же
1776,<wb>въніде
39,<wb>і
901,<wb>дроугъі
1092,<wb>оученікъ
6999,<wb>прішедъі
536,<wb>прѣжде
150,<wb>къ
3188,<wb>гробоу
39,<wb>і
649,<wb>відѣвъ
39,<wb>і
1531,<wb>вѣрова
62,<wb>не
73,<wb>оу
112,<wb>бо
6148,<wb>вѣдѣахѫ
1884 1055,<wb>кьні|гь
99,<wb>ѣко
2542,<wb>подобаетъ
144,<wb>емоу
221,<wb>от
2986,<wb>мрътвъііхъ
7940 4518,<wb>въскр|снѫті
4391,<wb>ідете
71,<wb>же
404,<wb>пакъі
150,<wb>къ
71 205,<wb>же|бѣ
2333,<wb>оученіка
428 381 145,<wb>ді|вѧ|шта
70,<wb>сѧ
1160,<wb>маріѣ
5731,<wb>стоѣаше
73,<wb>оу
1970,<wb>гроба
6524,<wb>вънѣ
5755,<wb>плачѫшті
70,<wb>сѧ
90 2017,<wb>прі|ніче
56,<wb>въ
1785,<wb>гробъ
39,<wb>і
248,<wb>відѣ
971,<wb>дъва
545 810,<wb>ан|гла
56,<wb>въ
165 66 76,<wb>бѣ|ла|хъ
7106,<wb>різахъ
3599,<wb>сѣдѧшта
940,<wb>едіного
73,<wb>оу
1800,<wb>главъі
39,<wb>і
940,<wb>едіного
73,<wb>оу
2362,<wb>ногоу
773,<wb>ідеже
165,<wb>бѣ
7852 93,<wb>лежа|ло
817,<wb>тѣло
4332,<wb>ісво
39,<wb>і
5899,<wb>гласте
561,<wb>еі
3124,<wb>жено
526,<wb>чьто
70,<wb>сѧ
627 4430,<wb>пла|чеші
130,<wb>гла
268,<wb>іма
99,<wb>ѣко
2698 281,<wb>възѧ|сѧ
480,<wb>га
563,<wb>моего
39,<wb>і
62,<wb>не
1726,<wb>вѣмъ
4118,<wb>кьде
2712,<wb>положішѧ
39,<wb>і
159,<wb>сі
1342 116,<wb>рекъ|ші
1405,<wb>обраті
70,<wb>сѧ
1822 194,<wb>въсп|ѧтъ
39,<wb>і
248,<wb>відѣ
566,<wb>іса
4488,<wb>стоѧшта
39,<wb>і
62,<wb>не
2401,<wb>вѣдѣаше
99,<wb>ѣко
331,<wb>ісъ
50 69,<wb>е|ст
130,<wb>гла
561,<wb>еі
331,<wb>ісъ
3124,<wb>жено
526,<wb>чьто
70,<wb>сѧ
627 4430,<wb>пла|чеші
1483,<wb>кого
7067,<wb>іштеші
1254,<wb>она
71,<wb>же
5139 166,<wb>мьнѧ|шті
99,<wb>ѣко
1249 115 1044 86 125,<wb>връ|то|гра|да|рь
161,<wb>естъ
130,<wb>гла
144,<wb>емоу
300,<wb>гі
201,<wb>аште
288,<wb>тъі
313,<wb>есі
2698 209 16,<wb>възѧ|лъі|і
758 87 716,<wb>повѣ|вѣ|ждъ
195,<wb>мі
1934,<wb>къде
39,<wb>і
313,<wb>есі
4662,<wb>положілъ
39,<wb>і
695,<wb>азь
925 342,<wb>възъ|мѫ
39,<wb>і
130,<wb>гла
561,<wb>еі
331,<wb>ісъ
5889,<wb>маріе
2912 116,<wb>обрашть|ші
71,<wb>же
70,<wb>сѧ
1254,<wb>она
130,<wb>гла
144,<wb>емоу
6858,<wb>евреіскъі
3816,<wb>равві
295,<wb>еже
4239,<wb>наріцаетъ
70,<wb>сѧ
1302,<wb>оучітелю
130,<wb>гла
561,<wb>еі
331,<wb>ісъ
62,<wb>не
3756 16,<wb>прікаса|і
70,<wb>сѧ
588,<wb>мнѣ
62,<wb>не
73,<wb>оу
112,<wb>бо
1648 113,<wb>възі|дъ
150,<wb>къ
1813,<wb>оцоу
1787,<wb>моемоу
1030,<wb>іді
71,<wb>же
468,<wb>кь
5421,<wb>братіі
1859,<wb>моеі
39,<wb>і
2526 215,<wb>ръ|ці
210,<wb>імъ
1714 622,<wb>въсхо|ждѫ
150,<wb>къ
1813,<wb>оцоу
1787,<wb>моемоу
39,<wb>і
1813,<wb>оцоу
3471,<wb>вашемоу
39,<wb>і
710,<wb>боу
1787,<wb>моемоу
39,<wb>і
710,<wb>боу
3471,<wb>вашемоу
416,<wb>пріде
5099,<wb>маріа
3258,<wb>магдалъіні
56,<wb>въ
100 258 533,<wb>з|вѣшта|ѭшті
936,<wb>оученікомъ
99,<wb>ѣко
248,<wb>відѣ
480,<wb>га
39,<wb>і
159,<wb>сі
141,<wb>рече
561,<wb>еі
2723,<wb>сѫшті
2730,<wb>поздѣ
56,<wb>въ
617,<wb>ть
644,<wb>дьнь
56,<wb>въ
438,<wb>едінъ
3292,<wb>сѫботъ
39,<wb>і
4270 1821,<wb>двъ|ремъ
3120 687,<wb>затворе|номъ
773,<wb>ідеже
812,<wb>бѣахѫ
559,<wb>оученіці
135,<wb>его
190 1917 60,<wb>сь|бьра|ні
171,<wb>за
2653,<wb>страхъ
2458,<wb>іюдеіскъ
416,<wb>пріде
331,<wb>ісъ
39,<wb>і
305,<wb>ста
67,<wb>по
1549,<wb>срѣдѣ
4552,<wb>оученікь
809,<wb>своіхъ
39,<wb>і
130,<wb>гла
210,<wb>імъ
688,<wb>міръ
260,<wb>вамъ
2723,<wb>сѫшті
2730,<wb>поздѣ
81,<wb>вь
2723,<wb>сѫшті
2730,<wb>поздѣ
39,<wb>і
121,<wb>се
5337,<wb>рекь
1399,<wb>показа
210,<wb>імъ
825,<wb>рѫцѣ
39,<wb>і
1052,<wb>нозѣ
39,<wb>і
2983,<wb>ребра
1596,<wb>своѣ
1097 4929,<wb>въздра|довашѧ
71,<wb>же
70,<wb>сѧ
559,<wb>оученіці
1137,<wb>відѣвъше
480,<wb>га
141,<wb>рече
71,<wb>же
210,<wb>імъ
404,<wb>пакъі
688,<wb>міръ
260,<wb>вамъ
99,<wb>ѣко
71,<wb>же
456,<wb>посъла
226,<wb>мѧ
749,<wb>оць
39,<wb>і
695,<wb>азь
190 500,<wb>сь|лѭ
237,<wb>въі
39,<wb>і
121,<wb>се
1342,<wb>рекъ
499 179,<wb>доу|нѫ
39,<wb>і
130,<wb>гла
210,<wb>імъ
4604,<wb>пріімѣте
768,<wb>дхъ
2647,<wb>сть
39,<wb>і
3787,<wb>імьже
5998 54,<wb>отпоусті|те
1806,<wb>грѣхъі
2818 2277,<wb>отпоу|стѧтъ
70,<wb>сѧ
210,<wb>імъ
39,<wb>і
210 55 48,<wb>імъ|мъ|же
624 3835,<wb>дръ|жіте
624 1832,<wb>дръ|жѧтъ
70,<wb>сѧ
210,<wb>імъ
4095,<wb>ѳома
241,<wb>ма
71,<wb>же
438,<wb>едінъ
221,<wb>от
2328,<wb>обою
68,<wb>на
811,<wb>десѧте
2770,<wb>наріцаемъі
1007 19 1959,<wb>блі|з|нець
62,<wb>не
165,<wb>бѣ
390,<wb>тоу
190,<wb>сь
1047,<wb>німі
317,<wb>егда
416,<wb>пріде
107,<wb>іс
1489,<wb>глашѧ
144,<wb>емоу
2182,<wb>дроузіі
559,<wb>оученіці
2219,<wb>відѣхомъ
480,<wb>га
366,<wb>онъ
71,<wb>же
141,<wb>рече
201,<wb>аште
62,<wb>не
2281,<wb>віждѫ
68,<wb>на
1655,<wb>рѫкоу
135,<wb>его
6139,<wb>ѣзвъі
6787 471,<wb>гвоздіі|нъіѧ
39,<wb>і
56 2980,<wb>въ|ложѫ
638 163,<wb>пръ|ста
563,<wb>моего
56,<wb>въ
2294 337,<wb>ѣз|вѫ
6787 602,<wb>гвоздіі|нѫѭ
39,<wb>і
56 2980,<wb>въ|ложѫ
1085,<wb>рѫкѫ
813,<wb>моѭ
56,<wb>въ
2983,<wb>ребра
135,<wb>его
62,<wb>не
573,<wb>імѫ
994,<wb>вѣръі
39,<wb>і
67,<wb>по
464 123,<wb>ос|мі
869,<wb>день
404,<wb>пакъі
812,<wb>бѣахѫ
559,<wb>оученіці
135,<wb>его
39,<wb>і
4095,<wb>ѳома
190,<wb>сь
1047,<wb>німі
416,<wb>пріде
71,<wb>же
331,<wb>ісъ
7574,<wb>двьремъ
3120 687,<wb>затворе|номъ
39,<wb>і
305,<wb>ста
67,<wb>по
1549,<wb>срѣдѣ
299,<wb>іхъ
39,<wb>і
130,<wb>гла
3381,<wb>ім
404,<wb>пакъі
688,<wb>міръ
260,<wb>вамъ
67,<wb>по
176 14,<wb>то|м
71,<wb>же
130,<wb>гла
2606 181,<wb>ѳо|мѣ
4571,<wb>прінесі
7065,<wb>пръстъ
462,<wb>твоі
2323,<wb>сѣмо
39,<wb>і
2853,<wb>віждъ
825,<wb>рѫцѣ
329,<wb>моі
39,<wb>і
4571,<wb>прінесі
1085,<wb>рѫкѫ
1071,<wb>твоѭ
39,<wb>і
2882,<wb>въложі
56,<wb>въ
2983,<wb>ребра
556,<wb>моѣ
39,<wb>і
62,<wb>не
1021,<wb>бѫді
62 126 87 2559,<wb>не|не|вѣ|ренъ
208,<wb>нъ
5173,<wb>вѣренъ
579,<wb>отъвѣштавъ
71,<wb>же
4095,<wb>ѳома
141,<wb>рече
144,<wb>емоу
459,<wb>гь
329,<wb>моі
443,<wb>бъ
329,<wb>моі
130,<wb>гла
144,<wb>емоу
331,<wb>ісъ
99,<wb>ѣко
649,<wb>відѣвъ
226,<wb>мѧ
1531,<wb>вѣрова
1888,<wb>блажені
62,<wb>не
649 1592,<wb>відѣвъ|шіі
39,<wb>і
1531 18 1592,<wb>вѣрова|в|шіі
1022,<wb>многа
71,<wb>же
1767,<wb>знаменіѣ
261,<wb>сътворі
331,<wb>ісъ
1669,<wb>прѣдь
1222,<wb>оученікъі
1060,<wb>своімі
494,<wb>ѣже
62,<wb>не
419,<wb>сѫтъ
6130,<wb>пісана
56,<wb>въ
1884 3570,<wb>кьні|гахъ
745,<wb>сіхъ
159,<wb>сі
71,<wb>же
6130,<wb>пісана
821,<wb>бъішѧ
105,<wb>да
827,<wb>вѣрѫ
537 32,<wb>іме|т
99,<wb>ѣко
331,<wb>ісъ
161,<wb>естъ
930,<wb>хъ
423,<wb>снъ
776,<wb>бжіі
39,<wb>і
105,<wb>да
594 393,<wb>вѣроу|ѭште
603 32,<wb>жіво|т
4940,<wb>вѣчънъі
1048,<wb>імате
56,<wb>въ
466,<wb>імѧ
135,<wb>его
1048,<wb>імате
56,<wb>въ
466,<wb>імѧ
135,<wb>его
1048,<wb>імате
56,<wb>въ
466,<wb>імѧ
2963,<wb>ег
1173,<wb>ѣві
70,<wb>сѧ
331,<wb>ісъ
936,<wb>оученікомъ
725,<wb>своімъ
1343,<wb>въставъ
84,<wb>отъ
2986,<wb>мрътвъііхъ
68,<wb>на
2705,<wb>морі
323,<wb>ті
220 2961 188 492 106,<wb>ве|ріа|дь|стѣ|мь
1173,<wb>ѣві
71,<wb>же
70,<wb>сѧ
210,<wb>імъ
931,<wb>сіце
5898,<wb>бѣхѫ
41,<wb>в
620 467,<wb>коу|пѣ
796 10,<wb>сімо|н
818,<wb>петръ
39,<wb>і
4095,<wb>ѳома
2770,<wb>наріцаемъі
1007 19 1959,<wb>блі|з|нець
39,<wb>і
5650 3778 153,<wb>наѳа|наі|ль
227,<wb>іже
165,<wb>бѣ
221,<wb>от
4592,<wb>кана
1703 1185,<wb>галілеі|скъіѧ
39,<wb>і
740,<wb>оба
732,<wb>сна
4513,<wb>зеведеова
39,<wb>і
2005,<wb>іна
221,<wb>от
1092,<wb>оученікъ
135,<wb>его
3760,<wb>дьва
130,<wb>гла
210,<wb>імъ
818,<wb>петръ
674,<wb>ідѫ
3638,<wb>ръібъ
874 742,<wb>ло|вітъ
1489,<wb>глашѧ
144,<wb>емоу
7585,<wb>ідемъ
39,<wb>і
478,<wb>мъі
75,<wb>съ
1238,<wb>тобоѭ
39,<wb>і
2820,<wb>ізідѫ
39,<wb>і
913 175,<wb>въсѣ|дѫ
56,<wb>въ
4727,<wb>корабль
39,<wb>і
56,<wb>въ
1311,<wb>тѫ
3676,<wb>ноштъ
62,<wb>не
4993,<wb>ѧшѧ
1330,<wb>нічесоже
5838,<wb>оутроу
71,<wb>же
600,<wb>абіе
1252,<wb>бъівъшоу
305,<wb>ста
331,<wb>ісъ
90,<wb>прі
7456,<wb>брѣзѣ
62,<wb>не
4172,<wb>познашѧ
71,<wb>же
559,<wb>оученіці
99,<wb>ѣко
331,<wb>ісъ
161,<wb>естъ
130,<wb>гла
71,<wb>же
3381,<wb>ім
331,<wb>ісъ
1907,<wb>дѣті
1048,<wb>імате
178,<wb>лі
526,<wb>чьто
3618 6831,<wb>снѣ|дьно
1992,<wb>отъвѣшташѧ
144,<wb>емоу
122,<wb>ні
366,<wb>онъ
71,<wb>же
141,<wb>рече
210,<wb>імъ
7788,<wb>въвръзѣте
47,<wb>о
1569,<wb>деснѫѭ
2132,<wb>странѫ
3326,<wb>мрѣжѧ
39,<wb>і
3497,<wb>обрѧштете
2577 540,<wb>въвръ|гѫ
71,<wb>же
39,<wb>і
468,<wb>кь
650,<wb>томоу
62,<wb>не
108 15 216,<wb>мо|ж|ахѫ
6987,<wb>прівлѣшті
908,<wb>еѧ
84,<wb>отъ
6938,<wb>множьства
3638,<wb>ръібъ
130,<wb>гла
71,<wb>же
4552,<wb>оученікь
538,<wb>егоже
4170,<wb>люблѣаше
331,<wb>ісъ
2826,<wb>петрові
459,<wb>гь
161,<wb>естъ
1839,<wb>сімонъ
71,<wb>же
818,<wb>петръ
990,<wb>слъішавъ
99,<wb>ѣко
459,<wb>гь
161,<wb>естъ
50 498 5318,<wb>е|пе|нді
2318,<wb>томъ
4007,<wb>прѣпоѣса
70,<wb>сѧ
165,<wb>бѣ
112,<wb>бо
68 1055,<wb>на|гь
39,<wb>і
1887,<wb>въвръже
70,<wb>сѧ
56,<wb>въ
1478,<wb>море
77,<wb>а
1818,<wb>дроузі
559,<wb>оученіці
3441 1233,<wb>корабі|цемъ
955,<wb>прідѫ
62,<wb>не
2191,<wb>бѣшѧ
112,<wb>бо
2037,<wb>далече
84,<wb>отъ
291 282,<wb>зе|мѧ
208,<wb>нъ
99,<wb>ѣко
1764,<wb>дьвѣ
190 319,<wb>сь|тѣ
680 59 133,<wb>ла|ко|ть
4918 6118,<wb>влѣ|кѫште
7443,<wb>мрѣжѫ
3638,<wb>ръібъ
39,<wb>і
99,<wb>ѣко
4909 110,<wb>ізвлѣ|шѧ
68,<wb>на
1403,<wb>землѭ
1279,<wb>відѣшѧ
894,<wb>огнь
5742,<wb>лежѧшть
39,<wb>і
7817,<wb>ръібѫ
68,<wb>на
1107,<wb>немъ
6867,<wb>лежѧштѫ
39,<wb>і
831,<wb>хлѣбъ
130,<wb>гла
210,<wb>імъ
331,<wb>ісъ
3670,<wb>прінесѣте
84,<wb>отъ
3638,<wb>ръібъ
858,<wb>ѧже
5839,<wb>ѧсте
6007,<wb>ннѣ
56 6851,<wb>въ|лѣзь
71,<wb>же
796 10,<wb>сімо|н
818,<wb>петръ
7758,<wb>ізвлѣче
7443,<wb>мрѣжѫ
68,<wb>на
1403,<wb>землѭ
1247 179,<wb>плъ|нѫ
367 76,<wb>велі|хъ
3638,<wb>ръібъ
190 115,<wb>сь|то
39,<wb>і
1313,<wb>пѧть
1761,<wb>десѧтъ
39,<wb>і
1188,<wb>трі
39,<wb>і
1749 273,<wb>толі|коу
1610,<wb>сѫштоу
62,<wb>не
164 511 48,<wb>про|тръ|же
70,<wb>сѧ
2490 278,<wb>мрѣ|жа
130,<wb>гла
331,<wb>ісъ
2791,<wb>прідѣте
866 270 410,<wb>обѣ|доу|іте
39,<wb>і
748,<wb>ніктоже
62,<wb>не
1134 177,<wb>съмѣ|аше
84,<wb>отъ
4552,<wb>оученікь
135,<wb>его
5290 52,<wb>істѧза|ті
135,<wb>его
288,<wb>тъі
523,<wb>кто
313,<wb>есі
4575,<wb>вѣдѫште
99,<wb>ѣко
459,<wb>гь
161,<wb>естъ
416,<wb>пріде
71,<wb>же
331,<wb>ісъ
39,<wb>і
1505,<wb>пріѧтъ
831,<wb>хлѣбъ
39,<wb>і
520,<wb>дастъ
210,<wb>імъ
39,<wb>і
4550,<wb>ръібъі
964,<wb>такожде
121,<wb>се
1019,<wb>оуже
2301 215,<wb>третіі|ці
331,<wb>ісъ
1173,<wb>ѣві
70,<wb>сѧ
936,<wb>оученікомъ
725,<wb>своімъ
1343,<wb>въставъ
84,<wb>отъ
2986,<wb>мрътвъііхъ
1173,<wb>ѣві
70,<wb>сѧ
331,<wb>ісъ
936,<wb>оученікомъ
725,<wb>своімъ
1343,<wb>въставъ
84,<wb>отъ
6988 9,<wb>мрътвъіі|х
1757,<wb>аві
70,<wb>сѧ
331,<wb>ісъ
936,<wb>оученікомъ
725,<wb>своімъ
41 163 92,<wb>в|ста|въ
221,<wb>от
6988 9,<wb>мрътвъіі|х
1173,<wb>ѣві
70,<wb>сѧ
331,<wb>ісъ
936,<wb>оученікомъ
725,<wb>своімъ
1343,<wb>въставъ
221,<wb>от
2986,<wb>мрътвъііхъ
1173,<wb>ѣві
70,<wb>сѧ
331,<wb>ісъ
39,<wb>і
130,<wb>гла
3333,<wb>сімоноу
5274,<wb>петроу
3273,<wb>сімоне
6152,<wb>іонінъ
5110,<wb>любіші
178,<wb>лі
226,<wb>мѧ
580,<wb>паче
745,<wb>сіхъ
130,<wb>гла
144,<wb>емоу
561,<wb>еі
300,<wb>гі
288,<wb>тъі
2004,<wb>вѣсі
99,<wb>ѣко
7308,<wb>люблѭ
374,<wb>тѧ
130,<wb>гла
144,<wb>емоу
6946,<wb>пасі
4389 532,<wb>агнь|цѧ
1156,<wb>моѧ
130,<wb>гла
144,<wb>емоу
404,<wb>пакъі
4511,<wb>въторіцеѭ
3273,<wb>сімоне
6152,<wb>іонінъ
5110,<wb>любіші
178,<wb>лі
226,<wb>мѧ
130,<wb>гла
144,<wb>емоу
561,<wb>еі
300,<wb>гі
288,<wb>тъі
2004,<wb>вѣсі
99,<wb>ѣко
7308,<wb>люблѭ
374,<wb>тѧ
130,<wb>гла
6946,<wb>пасі
3530,<wb>овъцѧ
1156,<wb>моѧ
130,<wb>гла
144,<wb>емоу
2301 1274,<wb>третіі|цеѭ
3273,<wb>сімоне
6152,<wb>іонінъ
5110,<wb>любіші
178,<wb>лі
226,<wb>мѧ
464 534 205,<wb>ос|кръ|бѣ
818,<wb>петръ
99,<wb>ѣко
141,<wb>рече
144,<wb>емоу
2301 215,<wb>третіі|ці
5110,<wb>любіші
178,<wb>лі
226,<wb>мѧ
39,<wb>і
130,<wb>гла
144,<wb>емоу
300,<wb>гі
264,<wb>вьсѣ
288,<wb>тъі
2004,<wb>вѣсі
288,<wb>тъі
2004,<wb>вѣсі
99,<wb>ѣко
7308,<wb>люблѭ
374,<wb>тѧ
130,<wb>гла
144,<wb>емоу
331,<wb>ісъ
6946,<wb>пасі
3944,<wb>овцѧ
1156,<wb>моѧ
681,<wb>амін
2099,<wb>амінъ
284,<wb>глѭ
356,<wb>тебѣ
317,<wb>егда
165,<wb>бѣ
592 98,<wb>ю|нъ
2947 170 82,<wb>поѣ|са|ше
70,<wb>сѧ
645,<wb>самъ
39,<wb>і
3347,<wb>хождааше
2676,<wb>ѣможе
1414,<wb>хотѣаше
317,<wb>егда
71,<wb>же
4787 96 608,<wb>съста|рѣ|еші
70,<wb>сѧ
160 79 6862,<wb>въз|де|ждеші
825,<wb>рѫцѣ
462,<wb>твоі
39,<wb>і
1572,<wb>інъ
374,<wb>тѧ
67 802 32,<wb>по|ѣше|т
39,<wb>і
220 231,<wb>ве|детъ
2676,<wb>ѣможе
62,<wb>не
1178,<wb>хоштеші
121,<wb>се
71,<wb>же
141,<wb>рече
2226 6415,<wb>кле|плѧ
3694,<wb>коеѭ
6992,<wb>съмрътіѭ
2846,<wb>прославітъ
422,<wb>ба
39,<wb>і
121,<wb>се
2304,<wb>рек
130,<wb>гла
144,<wb>емоу
1030,<wb>іді
67,<wb>по
437,<wb>мьнѣ
2912,<wb>обрашть
71,<wb>же
70,<wb>сѧ
818,<wb>петръ
248,<wb>відѣ
2333,<wb>оученіка
538,<wb>егоже
4170,<wb>люблѣаше
5482,<wb>ісь
3732,<wb>ідѫшта
56,<wb>въ
1465,<wb>слѣдъ
39,<wb>і
5823,<wb>възлеже
68,<wb>на
1407 95,<wb>вече|рі
68,<wb>на
6430,<wb>пръсі
135,<wb>его
39,<wb>і
141,<wb>рече
300,<wb>гі
523,<wb>кто
161,<wb>естъ
5164,<wb>прѣдаѧі
374,<wb>тѧ
387,<wb>сего
649,<wb>відѣвъ
818,<wb>петръ
130,<wb>гла
1449,<wb>ісві
300,<wb>гі
77,<wb>а
190,<wb>сь
526,<wb>чьто
130,<wb>гла
144,<wb>емоу
331,<wb>ісъ
201,<wb>аште
1799,<wb>хоштѫ
105,<wb>да
157,<wb>тъ
3244,<wb>прѣбъіваетъ
156 98 800,<wb>до|нъ|деже
955,<wb>прідѫ
526,<wb>чьто
50,<wb>е
356,<wb>тебѣ
288,<wb>тъі
67,<wb>по
588,<wb>мнѣ
3108,<wb>грѧді
820,<wb>ізіде
71,<wb>же
442,<wb>слово
121,<wb>се
56,<wb>въ
4370,<wb>братіѭ
99,<wb>ѣко
286 59 43,<wb>оучені|ко|тъ
62,<wb>не
2364,<wb>оумьретъ
62,<wb>не
141,<wb>рече
71,<wb>же
71,<wb>же
331,<wb>ісъ
99,<wb>ѣко
62,<wb>не
1428 1277,<wb>оумъ|ретъ
208,<wb>нъ
201,<wb>аште
1799,<wb>хоштѫ
105,<wb>да
157,<wb>тъ
3244,<wb>прѣбъіваетъ
156 98 800,<wb>до|нъ|деже
955,<wb>прідѫ
526,<wb>чьто
50,<wb>е
356,<wb>тебѣ
190,<wb>сь
715,<wb>есть
1092,<wb>оученікъ
1664 509,<wb>съвѣдѣтельствоу|ѧі
47,<wb>о
745,<wb>сіхъ
227,<wb>іже
39,<wb>і
1456,<wb>напіса
747,<wb>сіі
39,<wb>і
1726,<wb>вѣмъ
99,<wb>ѣко
5741,<wb>істінно
161,<wb>естъ
2510,<wb>съвѣдѣтельство
135,<wb>его
190,<wb>сь
161,<wb>естъ
4552,<wb>оученікь
4086 509,<wb>сьвѣдѣтельствоу|ѧі
47,<wb>о
7020,<wb>сіх
227,<wb>іже
39,<wb>і
1456,<wb>напіса
747,<wb>сіі
39,<wb>і
1744,<wb>вѣмь
99,<wb>ѣко
5741,<wb>істінно
161,<wb>естъ
2447 372,<wb>сьвѣдѣтель|ство
135,<wb>его
419,<wb>сѫтъ
71,<wb>же
39,<wb>і
2005,<wb>іна
1022,<wb>многа
494,<wb>ѣже
261,<wb>сътворі
107,<wb>іс
494,<wb>ѣже
201,<wb>аште
67,<wb>по
2293,<wb>едіномоу
6130,<wb>пісана
4450,<wb>бъіваѭтъ
122,<wb>ні
4854,<wb>самомоу
318 1309,<wb>мь|нѭ
960 88,<wb>въсе|моу
1829,<wb>міроу
3535 1427,<wb>въмѣ|стіті
4208 285 675,<wb>піше|мъі|хь
1884 1055,<wb>кьні|гь
681,<wb>амін
419,<wb>сѫтъ
71,<wb>же
39,<wb>і
2005,<wb>іна
1022,<wb>многа
494,<wb>ѣже
261,<wb>сътворі
107 173,<wb>іс|съ
494,<wb>ѣже
201,<wb>аште
67,<wb>по
2293,<wb>едіномоу
6130,<wb>пісана
861 3,<wb>бъіва|ѭ
122,<wb>ні
4854,<wb>самомоу
318 23 3,<wb>мь|с|ѭ
960 88,<wb>въсе|моу
1829,<wb>міроу
3535 1427,<wb>въмѣ|стіті
4208 285 76,<wb>піше|мъі|хъ
1884 252,<wb>кьні|гъ
2099,<wb>амінъ
4208 285 9,<wb>піше|мъі|х
7020,<wb>сіх
1275 28,<wb>кні|г
5112 10,<wb>ам|н
4208 285 9,<wb>піше|мъі|х
1884 1055,<wb>кьні|гь
681,<wb>амін
